l_linestatus,o_orderstatus,l_returnflag,l_shipinstruct,p_mfgr,o_orderpriority,cn_regionkey,c_mktsegment,l_shipmode,l_linenumber,l_tax,s_nationkey,p_brand,p_container,p_size,l_quantity,groupcol,aggcol
O,O,N,TAKE BACK RETURN,Manufacturer#4,2-HIGH,0,HOUSEHOLD,FOB,3,0.06,18,Brand#45,MED BAG,27,39,2,48591.7614
F,F,R,NONE,Manufacturer#5,1-URGENT,4,FURNITURE,REG AIR,4,0.04,12,Brand#53,SM PACK,33,9,0,8413.3908
F,F,A,NONE,Manufacturer#3,1-URGENT,4,FURNITURE,TRUCK,5,0.08,9,Brand#31,MED BOX,46,22,4,37469.839
F,F,A,NONE,Manufacturer#4,1-URGENT,4,FURNITURE,MAIL,7,0.04,9,Brand#42,MED PACK,24,16,4,27733.3056
F,F,R,COLLECT COD,Manufacturer#1,1-URGENT,1,HOUSEHOLD,FOB,2,0.07,8,Brand#14,LG PACK,44,47,3,72806.1208
F,F,A,TAKE BACK RETURN,Manufacturer#1,1-URGENT,1,HOUSEHOLD,SHIP,3,0,8,Brand#15,JUMBO PKG,26,40,3,49107.024
F,F,R,DELIVER IN PERSON,Manufacturer#3,4-NOT SPECIFIED,0,AUTOMOBILE,TRUCK,4,0.05,9,Brand#35,SM JAR,39,14,4,13514.4702
F,F,A,DELIVER IN PERSON,Manufacturer#4,4-NOT SPECIFIED,0,AUTOMOBILE,TRUCK,1,0.08,18,Brand#44,LG CAN,25,14,2,21404.754
F,F,R,TAKE BACK RETURN,Manufacturer#4,4-NOT SPECIFIED,0,AUTOMOBILE,REG AIR,2,0.02,18,Brand#44,SM BAG,15,18,2,28131.8994
F,F,A,COLLECT COD,Manufacturer#5,4-NOT SPECIFIED,2,MACHINERY,RAIL,3,0.08,18,Brand#54,LG BOX,37,36,2,30862.4184
F,F,A,NONE,Manufacturer#3,1-URGENT,2,BUILDING,MAIL,1,0.06,8,Brand#33,WRAP DRUM,8,47,3,69917.4021
F,F,A,NONE,Manufacturer#2,1-URGENT,2,BUILDING,REG AIR,4,0,12,Brand#25,LG DRUM,25,4,0,3333.672
F,F,A,DELIVER IN PERSON,Manufacturer#2,3-MEDIUM,3,FURNITURE,MAIL,2,0,8,Brand#24,WRAP BAG,28,18,3,27919.4688
O,O,N,NONE,Manufacturer#2,5-LOW,4,FURNITURE,FOB,4,0,21,Brand#24,WRAP PACK,40,3,1,3186.729
O,O,N,NONE,Manufacturer#5,5-LOW,4,FURNITURE,MAIL,5,0.01,18,Brand#52,WRAP CASE,10,30,2,46251.225
F,F,R,TAKE BACK RETURN,Manufacturer#5,1-URGENT,3,FURNITURE,MAIL,1,0.06,18,Brand#51,WRAP JAR,35,47,2,50340.478
F,F,A,COLLECT COD,Manufacturer#4,4-NOT SPECIFIED,3,AUTOMOBILE,RAIL,3,0.02,18,Brand#45,JUMBO PACK,34,30,2,27390.24
O,O,N,NONE,Manufacturer#3,3-MEDIUM,1,FURNITURE,FOB,1,0.04,8,Brand#32,LG PKG,14,45,3,61761.609
F,F,R,TAKE BACK RETURN,Manufacturer#2,4-NOT SPECIFIED,1,AUTOMOBILE,REG AIR,2,0.05,8,Brand#24,MED CASE,36,34,3,42137.22
F,F,A,DELIVER IN PERSON,Manufacturer#4,4-NOT SPECIFIED,1,AUTOMOBILE,SHIP,3,0.01,9,Brand#43,MED DRUM,43,27,4,26037.5715
O,O,N,COLLECT COD,Manufacturer#1,2-HIGH,4,BUILDING,FOB,2,0.01,18,Brand#15,LG CASE,25,49,2,47897.2403
O,O,N,COLLECT COD,Manufacturer#1,1-URGENT,4,BUILDING,REG AIR,2,0.04,9,Brand#14,SM JAR,20,6,4,10565.1
O,O,N,NONE,Manufacturer#3,3-MEDIUM,3,FURNITURE,MAIL,2,0,9,Brand#35,LG CAN,42,6,4,6339.0276
O,O,N,COLLECT COD,Manufacturer#2,3-MEDIUM,3,FURNITURE,MAIL,5,0.05,18,Brand#21,SM PKG,32,29,2,36124.4271
F,F,R,TAKE BACK RETURN,Manufacturer#1,1-URGENT,2,FURNITURE,MAIL,5,0.02,9,Brand#13,LG CAN,35,23,4,39091.7637
F,F,A,NONE,Manufacturer#5,1-URGENT,2,FURNITURE,FOB,2,0.04,12,Brand#55,LG BAG,45,7,0,11063.1906
O,O,N,TAKE BACK RETURN,Manufacturer#2,4-NOT SPECIFIED,2,HOUSEHOLD,SHIP,1,0.06,8,Brand#24,JUMBO BAG,25,27,3,37177.1127
O,O,N,COLLECT COD,Manufacturer#3,4-NOT SPECIFIED,2,HOUSEHOLD,MAIL,4,0.03,21,Brand#31,JUMBO BAG,9,5,1,4500.897
O,O,N,COLLECT COD,Manufacturer#1,2-HIGH,1,MACHINERY,MAIL,2,0.04,12,Brand#12,MED BAG,48,6,0,5133.7116
F,F,R,COLLECT COD,Manufacturer#1,4-NOT SPECIFIED,0,MACHINERY,AIR,5,0.03,18,Brand#11,LG JAR,40,9,2,9062.0982
F,F,R,DELIVER IN PERSON,Manufacturer#1,5-LOW,4,HOUSEHOLD,TRUCK,1,0.06,12,Brand#12,JUMBO PACK,30,3,0,3997.566
F,F,R,NONE,Manufacturer#5,5-LOW,4,HOUSEHOLD,REG AIR,2,0,9,Brand#52,MED CASE,20,7,4,5821.326
F,F,R,NONE,Manufacturer#1,3-MEDIUM,1,AUTOMOBILE,TRUCK,5,0,18,Brand#14,LG JAR,9,50,2,81621.995
F,P,R,DELIVER IN PERSON,Manufacturer#2,1-URGENT,0,AUTOMOBILE,SHIP,2,0,8,Brand#22,WRAP DRUM,26,20,3,32251.584
F,F,R,TAKE BACK RETURN,Manufacturer#4,1-URGENT,3,MACHINERY,MAIL,2,0.04,21,Brand#43,WRAP CASE,44,18,1,24601.482
F,F,A,TAKE BACK RETURN,Manufacturer#3,1-URGENT,3,MACHINERY,REG AIR,4,0,21,Brand#32,JUMBO BOX,23,28,1,34513.9368
O,O,N,COLLECT COD,Manufacturer#2,3-MEDIUM,2,MACHINERY,TRUCK,4,0,8,Brand#21,WRAP DRUM,29,15,3,17959.9875
O,O,N,NONE,Manufacturer#4,1-URGENT,4,BUILDING,TRUCK,2,0.02,21,Brand#45,WRAP CASE,18,2,1,2417.952
O,O,N,NONE,Manufacturer#5,1-URGENT,4,BUILDING,MAIL,5,0,21,Brand#54,WRAP BAG,15,1,1,1459.7456
F,F,R,NONE,Manufacturer#1,4-NOT SPECIFIED,1,BUILDING,SHIP,1,0,8,Brand#13,LG PACK,1,27,3,33894.423
F,F,R,TAKE BACK RETURN,Manufacturer#1,3-MEDIUM,4,HOUSEHOLD,RAIL,3,0.04,8,Brand#14,MED BOX,1,44,3,62978.916
F,F,A,DELIVER IN PERSON,Manufacturer#4,3-MEDIUM,4,HOUSEHOLD,AIR,2,0.04,9,Brand#44,LG BOX,26,30,4,44179.044
O,O,N,DELIVER IN PERSON,Manufacturer#5,5-LOW,0,BUILDING,RAIL,4,0.08,9,Brand#51,JUMBO DRUM,19,39,4,62824.788
O,O,N,NONE,Manufacturer#1,5-LOW,0,BUILDING,MAIL,7,0.08,9,Brand#12,SM BAG,46,48,4,40265.28
O,O,N,COLLECT COD,Manufacturer#1,3-MEDIUM,4,MACHINERY,SHIP,1,0.04,8,Brand#13,JUMBO PACK,15,7,3,11369.0556
F,F,A,TAKE BACK RETURN,Manufacturer#3,2-HIGH,0,FURNITURE,FOB,4,0.03,12,Brand#35,MED JAR,7,41,0,68994.4761
F,F,R,NONE,Manufacturer#1,2-HIGH,0,AUTOMOBILE,AIR,7,0.02,21,Brand#11,MED BAG,20,12,1,12637.8
F,F,R,NONE,Manufacturer#5,2-HIGH,0,AUTOMOBILE,MAIL,1,0.02,21,Brand#51,JUMBO JAR,20,3,1,3074.3076
F,F,R,TAKE BACK RETURN,Manufacturer#1,4-NOT SPECIFIED,1,AUTOMOBILE,RAIL,3,0.03,18,Brand#13,LG DRUM,22,20,2,32290.176
F,F,A,NONE,Manufacturer#1,4-NOT SPECIFIED,1,AUTOMOBILE,SHIP,2,0.07,8,Brand#14,LG PKG,30,19,3,19743.47
F,F,R,COLLECT COD,Manufacturer#4,4-NOT SPECIFIED,1,AUTOMOBILE,FOB,1,0.04,8,Brand#42,JUMBO BAG,1,36,3,58439.9088
F,F,R,DELIVER IN PERSON,Manufacturer#2,1-URGENT,3,AUTOMOBILE,FOB,2,0.08,21,Brand#24,JUMBO PACK,48,48,1,65638.08
F,F,R,NONE,Manufacturer#3,4-NOT SPECIFIED,1,MACHINERY,SHIP,1,0,9,Brand#34,MED BAG,17,10,4,10048.148
O,O,N,DELIVER IN PERSON,Manufacturer#2,4-NOT SPECIFIED,4,FURNITURE,TRUCK,4,0.07,8,Brand#24,JUMBO BAG,25,1,3,1450.9586
O,O,N,DELIVER IN PERSON,Manufacturer#5,4-NOT SPECIFIED,4,FURNITURE,REG AIR,6,0.03,8,Brand#55,JUMBO PACK,1,34,3,30421.4932
O,O,N,NONE,Manufacturer#4,4-NOT SPECIFIED,4,FURNITURE,FOB,3,0.04,8,Brand#44,WRAP BAG,4,24,3,25783.8768
F,F,A,COLLECT COD,Manufacturer#1,1-URGENT,2,AUTOMOBILE,FOB,1,0.06,21,Brand#11,JUMBO PKG,29,34,1,33822.622
F,F,A,TAKE BACK RETURN,Manufacturer#2,5-LOW,0,AUTOMOBILE,REG AIR,7,0.04,21,Brand#25,MED BAG,45,2,1,2129.8914
F,F,A,COLLECT COD,Manufacturer#2,5-LOW,0,AUTOMOBILE,AIR,6,0.04,8,Brand#25,MED DRUM,10,16,3,17118.9792
F,F,R,COLLECT COD,Manufacturer#3,3-MEDIUM,4,FURNITURE,AIR,3,0.08,12,Brand#34,MED CASE,43,50,0,53145.6
F,F,R,TAKE BACK RETURN,Manufacturer#5,3-MEDIUM,4,FURNITURE,SHIP,6,0.05,8,Brand#54,MED JAR,10,20,3,26418.21
F,F,A,TAKE BACK RETURN,Manufacturer#4,5-LOW,3,BUILDING,FOB,3,0.05,21,Brand#44,LG CASE,44,22,1,37726.5504
O,O,N,DELIVER IN PERSON,Manufacturer#1,1-URGENT,3,FURNITURE,AIR,7,0.04,21,Brand#12,JUMBO PACK,21,37,1,44156.1848
O,O,N,TAKE BACK RETURN,Manufacturer#3,1-URGENT,3,FURNITURE,RAIL,5,0.07,18,Brand#32,WRAP DRUM,27,3,2,3703.2615
F,F,A,TAKE BACK RETURN,Manufacturer#5,2-HIGH,0,MACHINERY,FOB,1,0.07,9,Brand#52,SM BOX,9,46,4,59016.528
O,O,N,DELIVER IN PERSON,Manufacturer#4,5-LOW,1,AUTOMOBILE,TRUCK,1,0.04,18,Brand#43,JUMBO PACK,25,21,2,27843.4674
F,F,A,DELIVER IN PERSON,Manufacturer#1,3-MEDIUM,3,BUILDING,TRUCK,1,0.02,18,Brand#12,JUMBO BAG,43,44,2,54432.7916
F,F,R,DELIVER IN PERSON,Manufacturer#2,3-MEDIUM,1,HOUSEHOLD,SHIP,4,0.01,8,Brand#21,JUMBO CAN,1,30,3,28632.582
O,O,N,COLLECT COD,Manufacturer#2,4-NOT SPECIFIED,1,FURNITURE,SHIP,4,0.05,21,Brand#24,WRAP PKG,14,39,1,67108.587
F,F,A,COLLECT COD,Manufacturer#3,4-NOT SPECIFIED,4,BUILDING,REG AIR,6,0,9,Brand#34,JUMBO CASE,49,2,4,1891.8246
O,P,N,DELIVER IN PERSON,Manufacturer#4,5-LOW,0,AUTOMOBILE,RAIL,1,0.05,9,Brand#44,SM JAR,27,29,4,38280.0145
O,P,N,COLLECT COD,Manufacturer#5,5-LOW,0,AUTOMOBILE,TRUCK,6,0,8,Brand#52,WRAP PACK,27,8,3,10077.3792
F,F,R,TAKE BACK RETURN,Manufacturer#4,3-MEDIUM,3,HOUSEHOLD,MAIL,4,0.03,18,Brand#42,MED CASE,29,37,2,44335.9937
F,F,A,NONE,Manufacturer#4,3-MEDIUM,3,HOUSEHOLD,AIR,2,0.02,8,Brand#44,WRAP BAG,38,49,3,85279.2864
O,O,N,TAKE BACK RETURN,Manufacturer#4,3-MEDIUM,2,HOUSEHOLD,REG AIR,5,0.02,8,Brand#43,JUMBO PACK,14,28,3,26180.84
O,O,N,DELIVER IN PERSON,Manufacturer#3,3-MEDIUM,1,FURNITURE,REG AIR,1,0,21,Brand#32,JUMBO BOX,23,41,1,50538.2646
O,O,N,NONE,Manufacturer#3,3-MEDIUM,1,FURNITURE,FOB,3,0.01,8,Brand#31,JUMBO BOX,34,44,3,73606.8168
O,O,N,COLLECT COD,Manufacturer#2,5-LOW,2,HOUSEHOLD,FOB,1,0.06,9,Brand#23,LG BAG,35,16,4,26653.536
F,F,R,DELIVER IN PERSON,Manufacturer#1,5-LOW,4,FURNITURE,TRUCK,5,0.06,12,Brand#15,MED PACK,22,13,0,14336.244
F,F,R,TAKE BACK RETURN,Manufacturer#5,5-LOW,4,FURNITURE,REG AIR,6,0.02,12,Brand#52,MED CAN,41,20,0,28955.528
F,F,A,DELIVER IN PERSON,Manufacturer#2,5-LOW,4,FURNITURE,FOB,4,0.06,18,Brand#23,SM PACK,36,27,2,36230.1849
F,F,R,DELIVER IN PERSON,Manufacturer#4,5-LOW,4,FURNITURE,FOB,3,0.02,21,Brand#45,MED CASE,23,29,1,32305.0662
F,F,A,NONE,Manufacturer#4,5-LOW,4,FURNITURE,REG AIR,1,0.03,12,Brand#41,JUMBO CASE,29,45,0,78968.25
O,O,N,NONE,Manufacturer#3,3-MEDIUM,3,FURNITURE,REG AIR,2,0.01,9,Brand#31,JUMBO BOX,34,38,4,59074.7088
O,O,N,DELIVER IN PERSON,Manufacturer#3,3-MEDIUM,3,FURNITURE,MAIL,1,0.01,21,Brand#34,SM PACK,48,27,1,31468.3488
O,O,N,TAKE BACK RETURN,Manufacturer#5,2-HIGH,2,BUILDING,AIR,2,0.03,18,Brand#51,MED PKG,36,6,2,10252.8
O,O,N,NONE,Manufacturer#4,2-HIGH,2,BUILDING,SHIP,3,0.01,9,Brand#45,MED PKG,15,13,4,17843.9976
F,F,A,TAKE BACK RETURN,Manufacturer#1,1-URGENT,1,AUTOMOBILE,FOB,2,0.02,12,Brand#14,SM PACK,10,26,0,25836.8448
F,F,A,NONE,Manufacturer#4,1-URGENT,1,AUTOMOBILE,TRUCK,6,0.01,21,Brand#43,LG BOX,16,37,1,33590.0763
F,F,R,NONE,Manufacturer#2,1-URGENT,3,HOUSEHOLD,RAIL,5,0.06,18,Brand#23,LG PACK,27,48,2,45850.6368
F,F,R,DELIVER IN PERSON,Manufacturer#5,1-URGENT,0,BUILDING,TRUCK,2,0.04,12,Brand#53,WRAP BAG,23,29,0,31615.51
F,F,R,TAKE BACK RETURN,Manufacturer#1,1-URGENT,0,BUILDING,FOB,3,0.04,21,Brand#14,MED BAG,18,42,1,37343.313
O,O,N,COLLECT COD,Manufacturer#1,5-LOW,4,BUILDING,TRUCK,1,0.05,18,Brand#14,JUMBO PACK,17,29,2,36056.628
O,O,N,NONE,Manufacturer#1,1-URGENT,1,FURNITURE,SHIP,1,0.05,9,Brand#15,MED CASE,8,21,4,21569.541
O,O,N,TAKE BACK RETURN,Manufacturer#1,4-NOT SPECIFIED,2,BUILDING,TRUCK,3,0.07,18,Brand#15,WRAP CASE,47,19,2,24994.8914
O,O,N,TAKE BACK RETURN,Manufacturer#3,4-NOT SPECIFIED,2,BUILDING,MAIL,4,0.06,9,Brand#33,LG DRUM,28,18,4,18685.1682
O,O,N,COLLECT COD,Manufacturer#1,4-NOT SPECIFIED,2,BUILDING,REG AIR,1,0.04,18,Brand#12,MED CAN,7,21,2,23566.536
F,F,A,DELIVER IN PERSON,Manufacturer#4,5-LOW,1,FURNITURE,FOB,5,0.01,21,Brand#41,SM JAR,26,10,1,16900.166
O,O,N,TAKE BACK RETURN,Manufacturer#5,4-NOT SPECIFIED,1,MACHINERY,MAIL,1,0.02,18,Brand#51,WRAP BAG,2,14,2,20503.812
O,O,N,NONE,Manufacturer#2,5-LOW,0,AUTOMOBILE,FOB,5,0.02,21,Brand#22,LG CAN,20,1,1,1012.8158
O,O,N,NONE,Manufacturer#1,4-NOT SPECIFIED,2,AUTOMOBILE,TRUCK,1,0.05,12,Brand#15,MED PACK,22,13,0,15769.8684
O,O,N,DELIVER IN PERSON,Manufacturer#2,3-MEDIUM,3,MACHINERY,TRUCK,1,0.01,9,Brand#25,LG DRUM,13,46,4,73790.325
F,F,A,TAKE BACK RETURN,Manufacturer#1,2-HIGH,1,BUILDING,AIR,2,0.05,21,Brand#13,SM BAG,9,15,1,14312.025
F,F,A,COLLECT COD,Manufacturer#4,5-LOW,4,MACHINERY,SHIP,2,0,21,Brand#42,JUMBO BAG,1,44,1,76920.9056
F,F,R,COLLECT COD,Manufacturer#4,5-LOW,4,MACHINERY,AIR,3,0.01,18,Brand#43,JUMBO PACK,25,13,2,18336.63
F,F,A,TAKE BACK RETURN,Manufacturer#3,5-LOW,4,AUTOMOBILE,AIR,4,0.06,8,Brand#32,LG PKG,43,43,3,46826.3894
O,O,N,DELIVER IN PERSON,Manufacturer#5,2-HIGH,4,MACHINERY,TRUCK,2,0.05,9,Brand#51,SM PKG,28,31,4,43019.2704
O,O,N,NONE,Manufacturer#5,2-HIGH,4,MACHINERY,MAIL,6,0.07,21,Brand#51,MED BAG,15,50,1,66426.18
F,F,A,COLLECT COD,Manufacturer#1,5-LOW,3,MACHINERY,SHIP,2,0,21,Brand#13,MED JAR,19,25,1,34609.485
O,O,N,DELIVER IN PERSON,Manufacturer#4,4-NOT SPECIFIED,1,BUILDING,MAIL,3,0.04,12,Brand#43,WRAP BAG,24,28,0,47731.992
O,O,N,COLLECT COD,Manufacturer#1,4-NOT SPECIFIED,1,BUILDING,FOB,4,0,18,Brand#14,JUMBO PACK,17,23,2,29549.8572
F,F,A,TAKE BACK RETURN,Manufacturer#3,3-MEDIUM,1,BUILDING,FOB,3,0.04,18,Brand#34,JUMBO CASE,19,45,2,78521.5485
F,F,R,TAKE BACK RETURN,Manufacturer#2,2-HIGH,1,FURNITURE,RAIL,5,0.06,8,Brand#21,WRAP DRUM,29,32,3,38717.952
O,O,N,TAKE BACK RETURN,Manufacturer#4,2-HIGH,1,BUILDING,REG AIR,2,0,9,Brand#45,MED PKG,15,33,4,43466.148
O,O,N,DELIVER IN PERSON,Manufacturer#4,2-HIGH,1,BUILDING,MAIL,3,0.02,21,Brand#44,MED DRUM,43,1,1,1419.7566
O,O,N,COLLECT COD,Manufacturer#2,2-HIGH,1,BUILDING,AIR,1,0.08,18,Brand#23,LG JAR,3,11,2,12250.2215
O,O,N,TAKE BACK RETURN,Manufacturer#2,2-HIGH,0,AUTOMOBILE,AIR,2,0.06,9,Brand#23,LG JAR,15,6,4,7605.6192
F,F,R,NONE,Manufacturer#5,4-NOT SPECIFIED,3,MACHINERY,REG AIR,4,0.05,21,Brand#54,MED BAG,31,46,1,76818.045
F,F,R,NONE,Manufacturer#5,5-LOW,4,AUTOMOBILE,REG AIR,1,0.03,18,Brand#54,SM DRUM,19,11,2,20385.7533
F,F,N,DELIVER IN PERSON,Manufacturer#5,4-NOT SPECIFIED,1,FURNITURE,RAIL,1,0.03,21,Brand#52,MED CASE,20,39,1,33514.2054
F,F,R,COLLECT COD,Manufacturer#4,4-NOT SPECIFIED,1,BUILDING,RAIL,4,0.04,18,Brand#45,SM PKG,31,30,2,31483.872
F,F,R,TAKE BACK RETURN,Manufacturer#1,4-NOT SPECIFIED,1,BUILDING,AIR,2,0.08,18,Brand#12,JUMBO DRUM,17,43,2,56390.63
F,F,A,NONE,Manufacturer#5,5-LOW,4,MACHINERY,AIR,4,0.02,21,Brand#51,LG PACK,42,48,1,80739.072
F,F,R,TAKE BACK RETURN,Manufacturer#1,4-NOT SPECIFIED,1,MACHINERY,RAIL,4,0.07,9,Brand#11,MED CASE,13,21,4,22249.1619
O,O,N,TAKE BACK RETURN,Manufacturer#5,3-MEDIUM,3,FURNITURE,RAIL,1,0,18,Brand#54,LG BOX,37,21,2,17620.0332
O,O,N,COLLECT COD,Manufacturer#5,2-HIGH,2,FURNITURE,SHIP,6,0.03,18,Brand#53,MED JAR,12,11,2,15915.2653
F,F,R,DELIVER IN PERSON,Manufacturer#1,3-MEDIUM,3,FURNITURE,FOB,2,0.03,21,Brand#15,MED PACK,22,6,1,6984.324
O,O,N,COLLECT COD,Manufacturer#3,4-NOT SPECIFIED,2,MACHINERY,FOB,1,0,21,Brand#34,WRAP PACK,30,23,1,34874.946
F,F,A,NONE,Manufacturer#4,1-URGENT,1,HOUSEHOLD,REG AIR,6,0.05,18,Brand#43,JUMBO PKG,13,35,2,32156.88
F,F,R,COLLECT COD,Manufacturer#1,1-URGENT,1,HOUSEHOLD,RAIL,3,0,9,Brand#13,JUMBO JAR,26,20,4,23024.84
O,O,N,TAKE BACK RETURN,Manufacturer#1,4-NOT SPECIFIED,3,FURNITURE,TRUCK,3,0,8,Brand#12,WRAP JAR,8,33,3,55404.5712
F,F,A,TAKE BACK RETURN,Manufacturer#2,5-LOW,3,HOUSEHOLD,RAIL,4,0.04,21,Brand#24,WRAP BAG,28,22,1,33768.339
F,F,R,NONE,Manufacturer#5,5-LOW,3,HOUSEHOLD,FOB,2,0.07,8,Brand#53,LG BAG,2,10,3,8631.45
O,O,N,TAKE BACK RETURN,Manufacturer#3,5-LOW,4,HOUSEHOLD,SHIP,1,0.01,18,Brand#35,SM BAG,16,41,2,47695.7633
F,F,R,NONE,Manufacturer#5,4-NOT SPECIFIED,3,BUILDING,MAIL,1,0.06,8,Brand#55,JUMBO DRUM,2,6,3,7087.014
F,F,A,COLLECT COD,Manufacturer#3,1-URGENT,3,BUILDING,REG AIR,2,0,8,Brand#35,WRAP BOX,44,5,3,7593.7775
F,F,A,NONE,Manufacturer#2,1-URGENT,3,BUILDING,RAIL,3,0.07,21,Brand#21,SM BOX,26,19,1,31821.7263
O,O,N,NONE,Manufacturer#3,2-HIGH,4,FURNITURE,REG AIR,1,0.06,9,Brand#33,LG DRUM,28,21,4,20675.6844
F,F,R,TAKE BACK RETURN,Manufacturer#5,5-LOW,4,FURNITURE,MAIL,1,0.03,8,Brand#52,WRAP CAN,4,9,3,14019.6915
F,F,R,COLLECT COD,Manufacturer#1,4-NOT SPECIFIED,1,BUILDING,MAIL,4,0.08,21,Brand#12,JUMBO BOX,20,13,1,18581.654
O,O,N,NONE,Manufacturer#4,5-LOW,4,HOUSEHOLD,AIR,1,0,21,Brand#45,MED CASE,23,11,1,11139.678
F,F,A,COLLECT COD,Manufacturer#3,5-LOW,1,AUTOMOBILE,TRUCK,2,0.05,21,Brand#35,SM PKG,23,24,1,22988.3712
F,F,R,COLLECT COD,Manufacturer#4,5-LOW,1,HOUSEHOLD,TRUCK,2,0.05,12,Brand#42,JUMBO CASE,6,25,0,40322.5125
O,O,N,COLLECT COD,Manufacturer#4,1-URGENT,4,MACHINERY,REG AIR,1,0.08,12,Brand#41,WRAP PKG,26,48,0,57565.92
O,P,N,DELIVER IN PERSON,Manufacturer#1,4-NOT SPECIFIED,1,MACHINERY,FOB,4,0.03,18,Brand#14,LG PKG,30,44,2,44350.0684
O,P,N,COLLECT COD,Manufacturer#2,4-NOT SPECIFIED,1,MACHINERY,FOB,1,0.08,18,Brand#23,MED DRUM,19,24,2,34849.8696
F,P,N,NONE,Manufacturer#1,4-NOT SPECIFIED,1,MACHINERY,REG AIR,2,0.08,18,Brand#13,WRAP JAR,27,14,2,14215.7036
F,F,A,COLLECT COD,Manufacturer#1,2-HIGH,0,HOUSEHOLD,REG AIR,2,0.03,18,Brand#15,MED CAN,19,13,2,13505.4712
F,F,R,NONE,Manufacturer#2,2-HIGH,0,HOUSEHOLD,FOB,5,0.02,18,Brand#24,WRAP PKG,14,1,2,1685.616
F,F,R,DELIVER IN PERSON,Manufacturer#5,2-HIGH,0,HOUSEHOLD,RAIL,3,0.02,8,Brand#54,MED PKG,43,5,3,8145.3475
F,F,A,NONE,Manufacturer#3,1-URGENT,1,BUILDING,FOB,6,0.04,12,Brand#33,WRAP CAN,6,46,0,74171.9088
F,F,R,TAKE BACK RETURN,Manufacturer#1,2-HIGH,1,AUTOMOBILE,RAIL,3,0.01,8,Brand#14,WRAP PKG,40,31,3,39733.785
O,O,N,TAKE BACK RETURN,Manufacturer#3,1-URGENT,4,AUTOMOBILE,TRUCK,4,0.07,8,Brand#34,SM CAN,5,10,3,11944.734
O,O,N,DELIVER IN PERSON,Manufacturer#1,1-URGENT,4,AUTOMOBILE,AIR,1,0.07,21,Brand#14,MED BAG,18,22,1,18929.79
O,O,N,TAKE BACK RETURN,Manufacturer#3,1-URGENT,4,AUTOMOBILE,REG AIR,6,0.02,12,Brand#33,WRAP DRUM,36,31,0,29922.3563
O,O,N,COLLECT COD,Manufacturer#2,5-LOW,2,MACHINERY,FOB,4,0.01,9,Brand#22,LG BOX,3,50,4,77271.84
F,F,R,NONE,Manufacturer#4,3-MEDIUM,4,HOUSEHOLD,MAIL,2,0.08,12,Brand#45,WRAP PKG,15,27,0,26367.7869
F,F,R,TAKE BACK RETURN,Manufacturer#3,3-MEDIUM,4,HOUSEHOLD,RAIL,3,0.02,8,Brand#33,SM PACK,13,28,3,32827.7712
F,F,R,DELIVER IN PERSON,Manufacturer#2,3-MEDIUM,4,HOUSEHOLD,TRUCK,4,0.05,12,Brand#24,LG PACK,50,14,0,13153.6944
O,O,N,COLLECT COD,Manufacturer#1,5-LOW,0,AUTOMOBILE,RAIL,2,0.05,9,Brand#15,SM JAR,25,25,4,34690.11
O,O,N,DELIVER IN PERSON,Manufacturer#4,1-URGENT,3,FURNITURE,FOB,1,0.04,8,Brand#45,MED JAR,35,46,3,75230.2492
O,O,N,NONE,Manufacturer#4,2-HIGH,0,FURNITURE,MAIL,1,0.01,18,Brand#44,LG BOX,26,40,2,60185.944
O,O,N,NONE,Manufacturer#1,2-HIGH,0,FURNITURE,AIR,3,0.02,18,Brand#13,JUMBO JAR,26,13,2,15942.199
F,F,R,COLLECT COD,Manufacturer#2,4-NOT SPECIFIED,1,MACHINERY,RAIL,4,0.06,8,Brand#21,JUMBO DRUM,13,46,3,78696.8
F,F,A,TAKE BACK RETURN,Manufacturer#4,3-MEDIUM,4,MACHINERY,TRUCK,3,0.08,8,Brand#42,WRAP DRUM,28,12,3,15082.182
F,F,A,COLLECT COD,Manufacturer#5,3-MEDIUM,4,MACHINERY,TRUCK,1,0.02,12,Brand#55,JUMBO DRUM,24,26,0,34234.889
O,O,N,COLLECT COD,Manufacturer#3,1-URGENT,3,BUILDING,REG AIR,1,0.05,8,Brand#35,SM PKG,35,25,3,39879.14
O,O,N,NONE,Manufacturer#4,1-URGENT,3,BUILDING,SHIP,5,0.03,21,Brand#41,WRAP BAG,10,36,1,59286.8268
O,O,N,TAKE BACK RETURN,Manufacturer#5,2-HIGH,2,AUTOMOBILE,RAIL,4,0,21,Brand#54,LG CASE,42,50,1,80150.77
O,O,N,NONE,Manufacturer#4,2-HIGH,2,AUTOMOBILE,AIR,1,0.02,18,Brand#43,JUMBO PACK,14,23,2,19570.1779
O,O,N,COLLECT COD,Manufacturer#2,2-HIGH,2,AUTOMOBILE,REG AIR,3,0.01,8,Brand#21,JUMBO CASE,31,4,3,4742.7136
F,F,A,NONE,Manufacturer#1,1-URGENT,0,MACHINERY,RAIL,1,0.02,8,Brand#15,SM JAR,15,23,3,27866.8782
F,F,R,COLLECT COD,Manufacturer#1,5-LOW,3,FURNITURE,MAIL,3,0.06,8,Brand#13,JUMBO PACK,17,48,3,86352.5376
O,O,N,NONE,Manufacturer#5,2-HIGH,4,HOUSEHOLD,TRUCK,4,0.03,8,Brand#55,SM BOX,12,8,3,12741.52
O,O,N,NONE,Manufacturer#4,2-HIGH,4,HOUSEHOLD,REG AIR,5,0.08,21,Brand#43,SM CASE,20,46,1,59565.4
O,O,N,DELIVER IN PERSON,Manufacturer#2,2-HIGH,4,HOUSEHOLD,REG AIR,1,0.08,9,Brand#24,MED PKG,13,37,4,42098.9478
O,O,N,COLLECT COD,Manufacturer#3,2-HIGH,4,HOUSEHOLD,REG AIR,2,0.04,9,Brand#35,SM BAG,32,28,4,32698.7136
F,F,A,COLLECT COD,Manufacturer#4,3-MEDIUM,3,MACHINERY,SHIP,3,0,9,Brand#43,JUMBO BAG,43,15,4,22636.944
F,F,R,COLLECT COD,Manufacturer#4,3-MEDIUM,3,MACHINERY,FOB,1,0.08,12,Brand#41,JUMBO DRUM,6,18,0,22816.3716
F,F,R,COLLECT COD,Manufacturer#5,3-MEDIUM,3,MACHINERY,MAIL,1,0.03,12,Brand#54,MED JAR,46,25,0,41122.9075
F,F,R,TAKE BACK RETURN,Manufacturer#5,3-MEDIUM,3,MACHINERY,REG AIR,2,0.07,21,Brand#55,JUMBO BAG,19,29,1,38303.316
F,F,R,COLLECT COD,Manufacturer#1,4-NOT SPECIFIED,0,MACHINERY,RAIL,4,0.07,18,Brand#12,SM DRUM,47,38,2,47547.8496
F,F,R,NONE,Manufacturer#5,4-NOT SPECIFIED,0,MACHINERY,TRUCK,2,0.06,18,Brand#53,LG PACK,11,2,2,2256.7566
F,F,R,NONE,Manufacturer#3,1-URGENT,3,BUILDING,TRUCK,7,0.01,9,Brand#35,JUMBO CASE,32,2,4,2420.1936
F,F,A,TAKE BACK RETURN,Manufacturer#4,1-URGENT,3,BUILDING,SHIP,4,0.08,8,Brand#44,WRAP BAG,4,14,3,13825.1932
F,F,R,COLLECT COD,Manufacturer#1,1-URGENT,3,BUILDING,SHIP,2,0.08,8,Brand#15,WRAP JAR,47,42,3,53921.7336
F,F,R,TAKE BACK RETURN,Manufacturer#1,5-LOW,0,MACHINERY,FOB,1,0.08,8,Brand#15,WRAP JAR,47,38,3,47725.758
F,F,A,TAKE BACK RETURN,Manufacturer#4,5-LOW,0,MACHINERY,AIR,3,0.01,18,Brand#41,MED DRUM,17,46,2,82794.94
F,F,A,COLLECT COD,Manufacturer#5,5-LOW,0,MACHINERY,AIR,2,0.01,8,Brand#52,JUMBO JAR,16,42,3,52724.7
F,F,A,NONE,Manufacturer#3,5-LOW,4,HOUSEHOLD,SHIP,1,0.02,18,Brand#33,SM PACK,41,43,2,72488.54
O,P,N,TAKE BACK RETURN,Manufacturer#2,4-NOT SPECIFIED,1,BUILDING,REG AIR,7,0.07,18,Brand#22,SM BAG,8,20,2,32334.2
O,P,N,TAKE BACK RETURN,Manufacturer#2,4-NOT SPECIFIED,1,BUILDING,FOB,1,0.05,8,Brand#25,MED DRUM,10,29,3,31358.2365
O,O,N,TAKE BACK RETURN,Manufacturer#2,3-MEDIUM,4,MACHINERY,AIR,5,0.08,21,Brand#24,WRAP BAG,28,44,1,65403.9408
O,O,N,DELIVER IN PERSON,Manufacturer#2,4-NOT SPECIFIED,4,FURNITURE,RAIL,5,0.07,8,Brand#22,LG BOX,9,35,3,48899.242
O,O,N,DELIVER IN PERSON,Manufacturer#3,4-NOT SPECIFIED,4,FURNITURE,FOB,6,0.07,9,Brand#35,SM DRUM,21,35,4,40247.228
O,O,N,TAKE BACK RETURN,Manufacturer#2,4-NOT SPECIFIED,1,AUTOMOBILE,RAIL,3,0.02,21,Brand#22,JUMBO PKG,35,40,1,36112.076
O,O,N,DELIVER IN PERSON,Manufacturer#1,3-MEDIUM,1,BUILDING,SHIP,3,0,18,Brand#13,MED BAG,38,18,2,27511.1982
O,O,N,DELIVER IN PERSON,Manufacturer#2,3-MEDIUM,1,BUILDING,SHIP,2,0.08,8,Brand#25,JUMBO PACK,8,31,3,43787.81
O,O,N,TAKE BACK RETURN,Manufacturer#5,5-LOW,4,AUTOMOBILE,FOB,4,0.07,18,Brand#53,LG JAR,26,14,2,22769.8968
O,P,N,COLLECT COD,Manufacturer#3,1-URGENT,0,MACHINERY,TRUCK,1,0.03,8,Brand#32,LG BOX,44,25,3,39466.75
O,P,N,DELIVER IN PERSON,Manufacturer#5,1-URGENT,0,MACHINERY,FOB,3,0.08,18,Brand#55,LG JAR,38,33,2,43932.7647
F,F,A,TAKE BACK RETURN,Manufacturer#1,5-LOW,2,FURNITURE,TRUCK,2,0.06,9,Brand#13,JUMBO JAR,26,39,4,46850.544
F,F,A,TAKE BACK RETURN,Manufacturer#1,1-URGENT,3,BUILDING,RAIL,2,0,8,Brand#14,JUMBO BOX,44,9,3,11478.348
F,F,A,TAKE BACK RETURN,Manufacturer#2,1-URGENT,3,BUILDING,SHIP,4,0.07,8,Brand#22,WRAP JAR,23,15,3,15223.032
O,O,N,COLLECT COD,Manufacturer#2,1-URGENT,1,BUILDING,AIR,5,0.05,8,Brand#23,MED JAR,9,8,3,13219.8248
O,O,N,NONE,Manufacturer#4,1-URGENT,1,BUILDING,FOB,2,0.02,21,Brand#44,JUMBO PKG,46,9,1,7700.5656
O,O,N,TAKE BACK RETURN,Manufacturer#1,1-URGENT,1,BUILDING,RAIL,3,0.06,18,Brand#14,MED PACK,2,41,2,68706.57
O,O,N,TAKE BACK RETURN,Manufacturer#2,5-LOW,3,FURNITURE,MAIL,2,0.02,18,Brand#23,WRAP JAR,50,15,2,17774.352
O,O,N,DELIVER IN PERSON,Manufacturer#4,5-LOW,3,FURNITURE,REG AIR,3,0.03,18,Brand#43,JUMBO DRUM,38,45,2,40995.45
O,O,N,TAKE BACK RETURN,Manufacturer#4,3-MEDIUM,3,BUILDING,AIR,2,0.03,18,Brand#45,WRAP DRUM,31,29,2,27879.4197
F,F,R,DELIVER IN PERSON,Manufacturer#5,1-URGENT,2,HOUSEHOLD,RAIL,1,0.05,21,Brand#54,LG BOX,4,43,1,76017.98
O,O,N,TAKE BACK RETURN,Manufacturer#2,2-HIGH,1,MACHINERY,AIR,4,0.01,21,Brand#23,LG JAR,26,43,1,63411.3432
O,O,N,DELIVER IN PERSON,Manufacturer#5,2-HIGH,1,MACHINERY,REG AIR,2,0.08,21,Brand#52,LG DRUM,46,16,1,14362.0608
O,O,N,COLLECT COD,Manufacturer#3,5-LOW,1,BUILDING,TRUCK,3,0.01,9,Brand#35,MED CAN,48,11,4,11083.072
O,O,N,TAKE BACK RETURN,Manufacturer#2,5-LOW,1,BUILDING,MAIL,4,0.06,21,Brand#23,LG JAR,20,16,1,18861.6112
F,F,R,DELIVER IN PERSON,Manufacturer#4,1-URGENT,1,BUILDING,MAIL,2,0.03,9,Brand#44,WRAP CAN,19,45,4,79483.158
F,F,R,NONE,Manufacturer#1,1-URGENT,1,BUILDING,REG AIR,4,0.03,21,Brand#14,WRAP CASE,16,19,1,23958.1184
F,F,R,DELIVER IN PERSON,Manufacturer#4,1-URGENT,1,BUILDING,FOB,1,0.05,18,Brand#43,WRAP BAG,26,2,2,2782.2396
O,O,N,NONE,Manufacturer#1,5-LOW,0,BUILDING,SHIP,1,0.06,18,Brand#14,JUMBO JAR,21,50,2,84211.325
O,O,N,TAKE BACK RETURN,Manufacturer#2,5-LOW,0,BUILDING,FOB,2,0.03,8,Brand#22,LG BOX,3,47,3,75759.6384
O,O,N,COLLECT COD,Manufacturer#2,5-LOW,0,BUILDING,REG AIR,3,0.06,12,Brand#22,LG JAR,2,46,0,64403.91
O,O,N,TAKE BACK RETURN,Manufacturer#5,4-NOT SPECIFIED,3,HOUSEHOLD,AIR,4,0.08,9,Brand#51,WRAP BAG,46,5,4,7963.065
O,O,N,TAKE BACK RETURN,Manufacturer#3,4-NOT SPECIFIED,3,HOUSEHOLD,REG AIR,2,0.04,8,Brand#33,MED DRUM,29,4,3,4686.2384
O,O,N,DELIVER IN PERSON,Manufacturer#4,4-NOT SPECIFIED,3,HOUSEHOLD,AIR,5,0.04,21,Brand#43,LG DRUM,19,12,1,10068.4584
F,F,R,NONE,Manufacturer#3,2-HIGH,4,FURNITURE,AIR,6,0.08,9,Brand#35,JUMBO CASE,32,43,4,49406.1744
F,F,R,NONE,Manufacturer#2,2-HIGH,4,FURNITURE,TRUCK,4,0.01,21,Brand#23,WRAP DRUM,12,31,1,28946.8452
F,F,A,TAKE BACK RETURN,Manufacturer#3,2-HIGH,4,FURNITURE,TRUCK,1,0,18,Brand#34,JUMBO JAR,20,27,2,37354.9077
O,O,N,DELIVER IN PERSON,Manufacturer#3,4-NOT SPECIFIED,4,HOUSEHOLD,FOB,1,0.03,9,Brand#31,LG PACK,36,34,4,50312.095
O,O,N,DELIVER IN PERSON,Manufacturer#3,4-NOT SPECIFIED,4,HOUSEHOLD,MAIL,2,0.03,9,Brand#35,WRAP CAN,26,11,4,17803.6188
O,O,N,NONE,Manufacturer#5,1-URGENT,1,HOUSEHOLD,MAIL,1,0.06,21,Brand#53,WRAP DRUM,16,45,1,49472.4375
O,O,N,TAKE BACK RETURN,Manufacturer#4,2-HIGH,4,MACHINERY,RAIL,5,0.02,21,Brand#42,SM PKG,2,3,1,2806.1538
O,O,N,COLLECT COD,Manufacturer#2,2-HIGH,4,MACHINERY,AIR,3,0.06,12,Brand#25,JUMBO JAR,49,1,0,1159.4313
O,O,N,TAKE BACK RETURN,Manufacturer#1,5-LOW,0,FURNITURE,AIR,1,0.07,18,Brand#15,SM JAR,20,49,2,49922.6112
O,O,N,COLLECT COD,Manufacturer#2,5-LOW,0,FURNITURE,AIR,3,0,8,Brand#23,SM PACK,14,29,3,35592.28
O,O,N,NONE,Manufacturer#3,3-MEDIUM,4,HOUSEHOLD,TRUCK,5,0.07,21,Brand#33,LG PACK,13,13,1,12727.3536
O,O,N,DELIVER IN PERSON,Manufacturer#2,3-MEDIUM,4,HOUSEHOLD,SHIP,4,0.05,9,Brand#25,SM CAN,18,6,4,7758.36
F,F,R,TAKE BACK RETURN,Manufacturer#3,3-MEDIUM,1,HOUSEHOLD,TRUCK,3,0.02,9,Brand#34,SM DRUM,7,6,4,9084.1296
F,F,R,NONE,Manufacturer#4,5-LOW,3,AUTOMOBILE,AIR,5,0.07,21,Brand#44,JUMBO PKG,46,30,1,26505.57
F,F,A,TAKE BACK RETURN,Manufacturer#5,2-HIGH,4,BUILDING,SHIP,2,0.03,18,Brand#54,WRAP BOX,13,16,2,25730.5824
O,O,N,COLLECT COD,Manufacturer#3,3-MEDIUM,0,MACHINERY,MAIL,1,0.07,21,Brand#32,JUMBO JAR,29,16,1,24265.76
F,F,R,DELIVER IN PERSON,Manufacturer#4,1-URGENT,3,MACHINERY,AIR,4,0.03,9,Brand#44,WRAP BOX,40,49,4,79265.34
F,F,R,COLLECT COD,Manufacturer#3,1-URGENT,3,MACHINERY,FOB,7,0.06,21,Brand#35,LG PKG,5,10,1,14801.898
F,F,A,DELIVER IN PERSON,Manufacturer#1,1-URGENT,3,MACHINERY,RAIL,1,0.02,8,Brand#12,WRAP PKG,40,28,3,49156.884
O,O,N,DELIVER IN PERSON,Manufacturer#1,1-URGENT,4,HOUSEHOLD,REG AIR,1,0.01,18,Brand#11,SM JAR,35,50,2,77506.08
F,F,R,DELIVER IN PERSON,Manufacturer#1,5-LOW,4,FURNITURE,SHIP,6,0.07,8,Brand#12,WRAP PKG,39,50,3,72974.55
F,F,R,NONE,Manufacturer#1,5-LOW,4,FURNITURE,MAIL,5,0,21,Brand#12,WRAP PKG,41,13,1,19155.864
O,O,N,NONE,Manufacturer#1,1-URGENT,2,AUTOMOBILE,MAIL,3,0.08,21,Brand#11,WRAP JAR,24,30,1,49597.11
O,O,N,DELIVER IN PERSON,Manufacturer#5,1-URGENT,2,AUTOMOBILE,SHIP,2,0.03,18,Brand#52,WRAP DRUM,36,23,2,30254.292
O,O,N,TAKE BACK RETURN,Manufacturer#4,1-URGENT,2,AUTOMOBILE,FOB,1,0.08,18,Brand#43,LG BAG,26,30,2,43184.616
F,F,R,DELIVER IN PERSON,Manufacturer#4,2-HIGH,2,MACHINERY,AIR,2,0.08,18,Brand#42,LG BOX,19,7,2,10376.5046
F,F,A,TAKE BACK RETURN,Manufacturer#3,3-MEDIUM,4,FURNITURE,REG AIR,2,0.07,18,Brand#32,JUMBO DRUM,33,23,2,33568.293
F,F,A,NONE,Manufacturer#5,3-MEDIUM,4,FURNITURE,FOB,3,0.06,18,Brand#52,WRAP DRUM,36,34,2,46214.5272
F,F,R,TAKE BACK RETURN,Manufacturer#2,3-MEDIUM,4,FURNITURE,AIR,7,0.07,8,Brand#25,SM BAG,44,39,3,53736.9066
F,F,R,DELIVER IN PERSON,Manufacturer#3,3-MEDIUM,4,FURNITURE,AIR,4,0.05,9,Brand#33,JUMBO CASE,7,7,4,8019.9896
F,F,R,DELIVER IN PERSON,Manufacturer#3,2-HIGH,4,HOUSEHOLD,MAIL,1,0.04,8,Brand#35,SM CAN,24,31,3,48172.8096
F,F,A,TAKE BACK RETURN,Manufacturer#1,2-HIGH,4,HOUSEHOLD,RAIL,5,0.03,8,Brand#14,SM JAR,20,1,3,1619.982
O,O,N,NONE,Manufacturer#5,4-NOT SPECIFIED,1,BUILDING,SHIP,4,0.03,9,Brand#55,JUMBO CAN,42,44,4,52264.8192
O,O,N,NONE,Manufacturer#2,4-NOT SPECIFIED,1,BUILDING,SHIP,2,0.08,18,Brand#24,WRAP JAR,25,31,2,48706.456
O,O,N,NONE,Manufacturer#2,4-NOT SPECIFIED,1,BUILDING,FOB,1,0.01,8,Brand#21,JUMBO CAN,1,49,3,44404.6036
O,O,N,NONE,Manufacturer#4,4-NOT SPECIFIED,1,BUILDING,SHIP,5,0.04,21,Brand#45,MED BAG,27,19,1,22223.5476
O,O,N,COLLECT COD,Manufacturer#3,3-MEDIUM,0,AUTOMOBILE,RAIL,2,0.04,9,Brand#31,JUMBO JAR,38,24,4,36730.0752
O,O,N,DELIVER IN PERSON,Manufacturer#3,2-HIGH,4,BUILDING,RAIL,1,0.01,12,Brand#33,MED PKG,49,31,0,39901.3958
F,F,A,TAKE BACK RETURN,Manufacturer#4,2-HIGH,4,BUILDING,MAIL,1,0.05,18,Brand#44,SM JAR,27,8,2,10560.004
F,F,A,NONE,Manufacturer#5,2-HIGH,4,BUILDING,FOB,2,0.06,18,Brand#55,LG DRUM,1,37,2,35174.3756
O,O,N,TAKE BACK RETURN,Manufacturer#5,5-LOW,0,BUILDING,MAIL,4,0.04,9,Brand#53,LG PACK,11,2,4,2256.7566
F,F,R,COLLECT COD,Manufacturer#5,2-HIGH,1,MACHINERY,REG AIR,3,0.03,18,Brand#53,MED BOX,2,41,2,70072.731
O,O,N,DELIVER IN PERSON,Manufacturer#5,4-NOT SPECIFIED,2,FURNITURE,SHIP,2,0.04,12,Brand#51,JUMBO BOX,48,38,0,63207.8966
F,F,A,TAKE BACK RETURN,Manufacturer#3,1-URGENT,1,MACHINERY,MAIL,1,0.06,12,Brand#32,LG DRUM,26,38,0,52359.0372
F,F,R,DELIVER IN PERSON,Manufacturer#3,1-URGENT,1,MACHINERY,RAIL,3,0,21,Brand#32,WRAP PKG,38,18,1,18650.2032
F,F,A,TAKE BACK RETURN,Manufacturer#1,1-URGENT,1,MACHINERY,SHIP,5,0.08,12,Brand#11,JUMBO CASE,20,32,0,31175.6544
F,F,A,COLLECT COD,Manufacturer#1,4-NOT SPECIFIED,3,BUILDING,MAIL,4,0.03,12,Brand#14,MED BAG,30,16,0,19476.976
F,F,R,COLLECT COD,Manufacturer#4,4-NOT SPECIFIED,3,BUILDING,RAIL,3,0,9,Brand#42,WRAP PKG,38,50,4,67076.55
F,F,N,TAKE BACK RETURN,Manufacturer#3,5-LOW,4,BUILDING,RAIL,1,0,18,Brand#32,JUMBO DRUM,33,38,2,53100.63
F,F,A,COLLECT COD,Manufacturer#4,2-HIGH,1,BUILDING,FOB,1,0.07,8,Brand#43,MED CAN,43,11,3,14976.06
F,F,R,NONE,Manufacturer#1,4-NOT SPECIFIED,2,FURNITURE,TRUCK,1,0.04,8,Brand#13,LG PKG,19,17,3,15806.889
O,O,N,TAKE BACK RETURN,Manufacturer#4,5-LOW,0,MACHINERY,RAIL,5,0.07,18,Brand#45,SM DRUM,22,50,2,82112.73
O,O,N,NONE,Manufacturer#3,5-LOW,0,MACHINERY,SHIP,7,0.01,12,Brand#31,MED DRUM,39,17,0,22890.0784
O,O,N,DELIVER IN PERSON,Manufacturer#1,5-LOW,0,MACHINERY,TRUCK,3,0.05,18,Brand#11,JUMBO CASE,27,44,2,41820.2136
O,O,N,DELIVER IN PERSON,Manufacturer#4,4-NOT SPECIFIED,1,MACHINERY,REG AIR,3,0.07,18,Brand#45,MED CAN,4,13,2,22728.8373
F,F,R,NONE,Manufacturer#3,5-LOW,2,MACHINERY,AIR,4,0.05,21,Brand#35,MED CASE,27,28,1,30708.1908
F,F,R,DELIVER IN PERSON,Manufacturer#1,5-LOW,2,MACHINERY,TRUCK,6,0.05,18,Brand#12,WRAP DRUM,20,31,2,27562.9215
F,F,R,TAKE BACK RETURN,Manufacturer#3,5-LOW,2,MACHINERY,REG AIR,1,0.02,18,Brand#33,JUMBO BAG,46,28,2,25558.3944
F,F,R,COLLECT COD,Manufacturer#1,1-URGENT,3,BUILDING,SHIP,3,0.05,21,Brand#13,JUMBO BOX,8,8,1,7472.24
O,O,N,TAKE BACK RETURN,Manufacturer#4,5-LOW,1,FURNITURE,TRUCK,1,0.04,18,Brand#43,LG BAG,26,14,2,19714.716
O,O,N,COLLECT COD,Manufacturer#3,5-LOW,1,FURNITURE,AIR,2,0.03,8,Brand#35,LG CAN,42,25,3,25595.73
F,F,A,DELIVER IN PERSON,Manufacturer#3,2-HIGH,1,FURNITURE,TRUCK,1,0.08,21,Brand#32,WRAP CASE,20,16,1,24632.832
F,F,R,DELIVER IN PERSON,Manufacturer#3,2-HIGH,1,FURNITURE,FOB,2,0.04,18,Brand#31,SM JAR,2,35,2,45393.306
F,F,A,COLLECT COD,Manufacturer#2,2-HIGH,1,FURNITURE,AIR,4,0.08,18,Brand#21,JUMBO PKG,11,4,2,3836.5056
F,F,R,NONE,Manufacturer#4,1-URGENT,4,MACHINERY,SHIP,2,0.08,21,Brand#44,MED PACK,44,25,1,41539.68
F,F,A,NONE,Manufacturer#5,1-URGENT,4,MACHINERY,REG AIR,3,0.01,9,Brand#52,WRAP BAG,4,21,4,30629.571
F,F,R,NONE,Manufacturer#3,1-URGENT,4,MACHINERY,MAIL,1,0.04,18,Brand#35,SM CASE,22,36,2,61557.9552
F,F,A,NONE,Manufacturer#5,1-URGENT,4,MACHINERY,MAIL,7,0.06,12,Brand#53,JUMBO PKG,10,49,0,91488.8898
O,O,N,NONE,Manufacturer#5,5-LOW,2,AUTOMOBILE,REG AIR,2,0.01,21,Brand#51,JUMBO JAR,20,20,1,21803.6
O,O,N,COLLECT COD,Manufacturer#1,1-URGENT,4,AUTOMOBILE,RAIL,1,0.03,18,Brand#15,MED CAN,19,46,2,47269.1492
O,O,N,COLLECT COD,Manufacturer#2,4-NOT SPECIFIED,0,HOUSEHOLD,AIR,1,0.06,12,Brand#21,MED PACK,12,46,0,79507.4856
O,O,N,TAKE BACK RETURN,Manufacturer#3,4-NOT SPECIFIED,0,HOUSEHOLD,MAIL,2,0.03,21,Brand#32,WRAP CAN,48,15,1,18207.1425
O,O,N,DELIVER IN PERSON,Manufacturer#1,4-NOT SPECIFIED,0,HOUSEHOLD,SHIP,5,0.05,8,Brand#15,JUMBO PKG,26,10,3,12943.971
F,F,R,TAKE BACK RETURN,Manufacturer#3,2-HIGH,1,BUILDING,MAIL,2,0.06,8,Brand#35,SM CAN,24,3,3,4467.6396
F,F,R,COLLECT COD,Manufacturer#1,3-MEDIUM,2,HOUSEHOLD,MAIL,4,0.02,12,Brand#11,LG CASE,39,33,0,52454.16
F,F,A,NONE,Manufacturer#5,1-URGENT,4,BUILDING,TRUCK,3,0.01,9,Brand#53,SM CAN,36,24,4,32701.6224
F,F,A,TAKE BACK RETURN,Manufacturer#1,4-NOT SPECIFIED,2,HOUSEHOLD,AIR,1,0.04,8,Brand#14,SM CAN,2,42,3,45015.978
F,F,A,TAKE BACK RETURN,Manufacturer#4,5-LOW,0,FURNITURE,SHIP,1,0.07,12,Brand#43,JUMBO DRUM,38,28,0,24487.9488
O,O,N,NONE,Manufacturer#5,3-MEDIUM,4,MACHINERY,REG AIR,5,0.06,21,Brand#51,LG BOX,48,7,1,7288.8088
O,O,N,COLLECT COD,Manufacturer#1,3-MEDIUM,4,MACHINERY,TRUCK,7,0.08,18,Brand#14,JUMBO BAG,10,42,2,71199.3912
O,O,N,COLLECT COD,Manufacturer#4,3-MEDIUM,4,MACHINERY,FOB,4,0.06,8,Brand#44,WRAP CAN,40,10,3,8451.27
O,O,N,TAKE BACK RETURN,Manufacturer#2,3-MEDIUM,1,BUILDING,TRUCK,1,0.05,21,Brand#22,LG PACK,23,41,1,48107.1122
O,O,N,DELIVER IN PERSON,Manufacturer#5,5-LOW,1,AUTOMOBILE,FOB,3,0.07,8,Brand#51,MED CASE,48,33,3,58058.6325
O,O,N,COLLECT COD,Manufacturer#4,5-LOW,1,AUTOMOBILE,REG AIR,1,0.03,8,Brand#43,MED CAN,43,7,3,9339.6156
O,O,N,NONE,Manufacturer#2,4-NOT SPECIFIED,0,FURNITURE,AIR,6,0.05,21,Brand#24,MED PKG,13,49,1,59428.6602
O,O,N,NONE,Manufacturer#5,4-NOT SPECIFIED,0,FURNITURE,REG AIR,2,0.07,18,Brand#53,MED CASE,28,42,2,42329.2716
O,O,N,DELIVER IN PERSON,Manufacturer#5,4-NOT SPECIFIED,0,FURNITURE,TRUCK,4,0.07,21,Brand#52,LG PKG,39,2,1,2250.7584
F,F,A,DELIVER IN PERSON,Manufacturer#3,1-URGENT,4,HOUSEHOLD,FOB,3,0.06,18,Brand#31,LG CAN,13,24,2,42340.8168
F,F,R,DELIVER IN PERSON,Manufacturer#3,1-URGENT,4,HOUSEHOLD,RAIL,4,0.08,9,Brand#31,MED BOX,46,48,4,83437.992
F,F,A,COLLECT COD,Manufacturer#3,1-URGENT,4,HOUSEHOLD,RAIL,2,0.03,18,Brand#32,LG PACK,8,25,2,31853.075
F,F,R,COLLECT COD,Manufacturer#2,5-LOW,0,HOUSEHOLD,SHIP,5,0.08,9,Brand#24,MED PKG,6,11,4,10732.7022
O,O,N,DELIVER IN PERSON,Manufacturer#2,4-NOT SPECIFIED,4,MACHINERY,FOB,1,0.02,18,Brand#23,JUMBO PKG,39,42,2,46657.0776
F,F,R,DELIVER IN PERSON,Manufacturer#5,1-URGENT,2,MACHINERY,MAIL,1,0.04,8,Brand#51,JUMBO PACK,30,36,3,49666.4208
F,F,R,DELIVER IN PERSON,Manufacturer#4,2-HIGH,4,HOUSEHOLD,RAIL,5,0.02,18,Brand#44,MED DRUM,45,38,2,63169.224
O,O,N,DELIVER IN PERSON,Manufacturer#4,4-NOT SPECIFIED,4,AUTOMOBILE,RAIL,1,0.05,12,Brand#45,WRAP PKG,15,35,0,37560.95
O,P,N,COLLECT COD,Manufacturer#1,4-NOT SPECIFIED,4,FURNITURE,SHIP,7,0.05,8,Brand#12,JUMBO BAG,40,37,3,51544.3152
F,F,A,TAKE BACK RETURN,Manufacturer#5,3-MEDIUM,2,FURNITURE,FOB,1,0.01,12,Brand#54,SM CAN,32,23,0,35266.5486
F,F,A,NONE,Manufacturer#5,3-MEDIUM,2,FURNITURE,AIR,5,0.04,12,Brand#52,WRAP PACK,36,23,0,32558.5056
F,F,A,DELIVER IN PERSON,Manufacturer#3,4-NOT SPECIFIED,0,MACHINERY,AIR,3,0.02,21,Brand#32,WRAP PKG,38,24,1,25948.1088
F,F,R,DELIVER IN PERSON,Manufacturer#2,3-MEDIUM,2,AUTOMOBILE,TRUCK,2,0.03,9,Brand#21,SM PKG,10,45,4,54463.59
F,F,A,COLLECT COD,Manufacturer#2,3-MEDIUM,2,AUTOMOBILE,TRUCK,3,0.01,21,Brand#21,LG CAN,33,30,1,32929.812
O,O,N,TAKE BACK RETURN,Manufacturer#2,4-NOT SPECIFIED,1,AUTOMOBILE,TRUCK,1,0.02,12,Brand#21,LG CASE,29,3,0,4313.7885
O,O,N,NONE,Manufacturer#4,4-NOT SPECIFIED,1,AUTOMOBILE,TRUCK,3,0.05,18,Brand#42,SM CASE,16,39,2,38157.7833
O,O,N,NONE,Manufacturer#1,2-HIGH,0,AUTOMOBILE,FOB,3,0.03,9,Brand#15,SM JAR,25,2,4,2632.1568
O,O,N,TAKE BACK RETURN,Manufacturer#1,2-HIGH,0,AUTOMOBILE,SHIP,1,0.08,21,Brand#15,JUMBO JAR,3,23,1,27452.7724
O,O,N,COLLECT COD,Manufacturer#3,5-LOW,4,HOUSEHOLD,REG AIR,1,0.05,12,Brand#35,SM JAR,3,5,0,7242.1895
O,O,N,DELIVER IN PERSON,Manufacturer#2,3-MEDIUM,3,AUTOMOBILE,AIR,4,0.02,9,Brand#21,SM PKG,41,26,4,42774.914
O,O,N,TAKE BACK RETURN,Manufacturer#2,3-MEDIUM,3,AUTOMOBILE,AIR,2,0.07,9,Brand#25,JUMBO PKG,39,5,4,8097.254
O,O,N,TAKE BACK RETURN,Manufacturer#2,3-MEDIUM,3,AUTOMOBILE,REG AIR,1,0.03,21,Brand#25,LG DRUM,25,23,1,20446.5216
O,O,N,COLLECT COD,Manufacturer#1,3-MEDIUM,3,AUTOMOBILE,REG AIR,7,0.08,21,Brand#12,JUMBO DRUM,12,4,1,3659.628
O,O,N,DELIVER IN PERSON,Manufacturer#4,5-LOW,4,HOUSEHOLD,REG AIR,5,0.02,21,Brand#43,MED JAR,42,2,1,3072.6136
O,O,N,DELIVER IN PERSON,Manufacturer#1,4-NOT SPECIFIED,4,MACHINERY,SHIP,7,0.05,8,Brand#13,SM BOX,4,39,3,49667.1318
O,O,N,DELIVER IN PERSON,Manufacturer#4,4-NOT SPECIFIED,4,MACHINERY,FOB,2,0,9,Brand#44,WRAP BOX,40,24,4,37189.152
O,O,N,NONE,Manufacturer#4,3-MEDIUM,3,BUILDING,TRUCK,2,0.08,21,Brand#41,WRAP PKG,26,47,1,54675.6311
F,F,A,COLLECT COD,Manufacturer#2,5-LOW,0,AUTOMOBILE,SHIP,1,0.08,21,Brand#24,MED DRUM,31,14,1,13153.6944
F,F,R,COLLECT COD,Manufacturer#3,5-LOW,0,AUTOMOBILE,TRUCK,6,0.04,8,Brand#31,SM PKG,33,46,3,63785.1824
F,F,R,NONE,Manufacturer#5,5-LOW,0,AUTOMOBILE,SHIP,5,0.06,9,Brand#53,MED PKG,47,22,4,35098.7516
F,F,A,DELIVER IN PERSON,Manufacturer#4,2-HIGH,4,AUTOMOBILE,RAIL,4,0.06,8,Brand#43,WRAP BAG,26,9,3,11753.5428
F,F,R,DELIVER IN PERSON,Manufacturer#1,2-HIGH,4,AUTOMOBILE,AIR,3,0.07,9,Brand#14,MED PACK,43,32,4,38537.9904
F,F,A,NONE,Manufacturer#1,3-MEDIUM,1,FURNITURE,FOB,6,0.04,8,Brand#13,JUMBO PACK,17,3,3,5621.91
F,F,R,COLLECT COD,Manufacturer#4,3-MEDIUM,1,FURNITURE,MAIL,1,0.06,21,Brand#45,SM JAR,33,44,1,66640.7808
F,P,N,DELIVER IN PERSON,Manufacturer#1,3-MEDIUM,3,MACHINERY,TRUCK,2,0.06,21,Brand#12,WRAP BAG,17,43,1,42757.7552
O,O,N,TAKE BACK RETURN,Manufacturer#5,3-MEDIUM,0,BUILDING,TRUCK,6,0.02,21,Brand#54,LG BOX,4,24,1,42428.64
F,F,R,TAKE BACK RETURN,Manufacturer#1,5-LOW,0,AUTOMOBILE,SHIP,1,0.08,12,Brand#11,LG PKG,12,39,0,59303.79
F,F,R,DELIVER IN PERSON,Manufacturer#3,5-LOW,0,AUTOMOBILE,MAIL,4,0.08,9,Brand#31,MED BOX,46,1,4,1615.382
F,F,R,NONE,Manufacturer#4,2-HIGH,4,FURNITURE,MAIL,3,0.04,12,Brand#44,SM JAR,27,29,0,40803.9715
O,O,N,NONE,Manufacturer#1,1-URGENT,3,BUILDING,TRUCK,3,0.05,9,Brand#11,MED BOX,25,49,4,78840.3875
F,F,A,DELIVER IN PERSON,Manufacturer#5,3-MEDIUM,4,MACHINERY,TRUCK,2,0.01,18,Brand#54,SM BOX,42,1,2,1183.3041
O,O,N,DELIVER IN PERSON,Manufacturer#3,2-HIGH,1,BUILDING,MAIL,4,0.01,18,Brand#35,LG BOX,42,28,2,35792.736
O,O,N,DELIVER IN PERSON,Manufacturer#3,2-HIGH,1,BUILDING,AIR,6,0.08,8,Brand#33,MED DRUM,29,32,3,36293.4208
O,O,N,NONE,Manufacturer#3,2-HIGH,1,BUILDING,TRUCK,3,0.05,21,Brand#35,SM JAR,39,18,1,16849.2096
O,O,N,COLLECT COD,Manufacturer#1,2-HIGH,1,BUILDING,RAIL,1,0.01,18,Brand#11,WRAP CASE,26,12,2,19971.8064
F,F,R,NONE,Manufacturer#4,1-URGENT,1,FURNITURE,RAIL,2,0.04,8,Brand#44,MED PACK,23,32,3,30301.92
F,F,R,DELIVER IN PERSON,Manufacturer#3,1-URGENT,1,FURNITURE,TRUCK,3,0.02,9,Brand#32,MED CASE,29,24,4,39221.5824
F,F,R,DELIVER IN PERSON,Manufacturer#5,3-MEDIUM,3,FURNITURE,SHIP,1,0.01,12,Brand#54,LG JAR,19,22,0,19309.972
F,P,A,NONE,Manufacturer#3,5-LOW,3,AUTOMOBILE,RAIL,5,0.03,8,Brand#34,LG JAR,20,21,3,30787.491
O,P,N,NONE,Manufacturer#1,5-LOW,3,AUTOMOBILE,SHIP,3,0.07,12,Brand#15,JUMBO JAR,36,25,0,23216.2425
O,O,N,COLLECT COD,Manufacturer#5,5-LOW,4,AUTOMOBILE,FOB,1,0.06,18,Brand#52,WRAP CASE,32,32,2,34741.44
F,F,R,COLLECT COD,Manufacturer#5,2-HIGH,4,FURNITURE,FOB,1,0,9,Brand#51,WRAP CASE,3,29,4,30117.3236
O,O,N,NONE,Manufacturer#5,5-LOW,0,AUTOMOBILE,AIR,2,0.06,12,Brand#54,LG PKG,12,33,0,53520.4296
F,F,A,COLLECT COD,Manufacturer#2,1-URGENT,4,AUTOMOBILE,MAIL,2,0,21,Brand#21,WRAP CASE,19,32,1,30224.304
F,F,A,TAKE BACK RETURN,Manufacturer#5,1-URGENT,2,MACHINERY,AIR,3,0.01,8,Brand#52,LG BAG,32,23,3,23253.552
F,F,R,COLLECT COD,Manufacturer#3,1-URGENT,2,MACHINERY,SHIP,2,0.08,8,Brand#32,LG DRUM,26,22,3,29335.284
F,F,A,COLLECT COD,Manufacturer#3,5-LOW,4,AUTOMOBILE,REG AIR,3,0.06,9,Brand#31,JUMBO BOX,34,32,4,54072.96
F,F,R,NONE,Manufacturer#1,5-LOW,4,AUTOMOBILE,RAIL,1,0.05,21,Brand#15,LG DRUM,17,42,1,68107.9098
F,F,A,NONE,Manufacturer#3,5-LOW,4,AUTOMOBILE,REG AIR,6,0.05,12,Brand#34,WRAP JAR,43,29,0,34529.7925
F,F,A,COLLECT COD,Manufacturer#4,4-NOT SPECIFIED,2,HOUSEHOLD,MAIL,4,0.03,12,Brand#43,MED JAR,13,31,0,48392.4508
F,F,R,DELIVER IN PERSON,Manufacturer#4,4-NOT SPECIFIED,2,HOUSEHOLD,FOB,5,0,21,Brand#41,WRAP PACK,24,23,1,23661.3236
F,F,A,COLLECT COD,Manufacturer#2,3-MEDIUM,4,BUILDING,REG AIR,1,0.05,18,Brand#22,LG PACK,5,50,2,81500.975
F,F,R,TAKE BACK RETURN,Manufacturer#2,3-MEDIUM,4,BUILDING,AIR,6,0,9,Brand#25,JUMBO JAR,49,21,4,24097.0464
F,F,A,TAKE BACK RETURN,Manufacturer#1,3-MEDIUM,4,BUILDING,REG AIR,7,0,18,Brand#15,JUMBO JAR,49,7,2,12628.8484
F,F,R,TAKE BACK RETURN,Manufacturer#3,3-MEDIUM,4,BUILDING,RAIL,3,0.04,18,Brand#34,JUMBO CASE,19,48,2,83756.3184
F,F,R,DELIVER IN PERSON,Manufacturer#3,3-MEDIUM,4,BUILDING,SHIP,5,0.01,18,Brand#35,LG DRUM,14,20,2,22343.304
F,F,A,TAKE BACK RETURN,Manufacturer#5,1-URGENT,1,AUTOMOBILE,REG AIR,3,0.01,9,Brand#53,LG PACK,11,48,4,54162.1584
F,F,A,TAKE BACK RETURN,Manufacturer#4,3-MEDIUM,0,BUILDING,FOB,4,0.08,18,Brand#45,WRAP DRUM,27,22,2,22408.353
F,F,R,COLLECT COD,Manufacturer#2,3-MEDIUM,0,BUILDING,AIR,5,0.06,18,Brand#21,SM PKG,32,49,2,62350.4665
O,O,N,NONE,Manufacturer#1,3-MEDIUM,2,HOUSEHOLD,MAIL,2,0.02,18,Brand#14,MED JAR,32,24,2,26142.696
O,O,N,DELIVER IN PERSON,Manufacturer#5,3-MEDIUM,2,HOUSEHOLD,RAIL,3,0.07,18,Brand#52,SM PACK,10,40,2,53457.2
O,O,N,DELIVER IN PERSON,Manufacturer#2,3-MEDIUM,4,BUILDING,AIR,5,0.03,21,Brand#23,LG CAN,19,40,1,52726.856
O,O,N,NONE,Manufacturer#2,3-MEDIUM,4,BUILDING,MAIL,2,0.04,21,Brand#23,SM PACK,36,48,1,67240.392
O,O,N,COLLECT COD,Manufacturer#5,4-NOT SPECIFIED,4,BUILDING,RAIL,3,0.04,9,Brand#55,SM JAR,11,17,4,22957.48
O,O,N,DELIVER IN PERSON,Manufacturer#1,4-NOT SPECIFIED,4,BUILDING,REG AIR,1,0.07,18,Brand#15,SM PACK,24,20,2,28195.188
O,O,N,TAKE BACK RETURN,Manufacturer#5,4-NOT SPECIFIED,4,BUILDING,RAIL,4,0.08,18,Brand#52,JUMBO PKG,17,46,2,59311.296
F,F,A,COLLECT COD,Manufacturer#3,2-HIGH,4,BUILDING,RAIL,3,0.01,18,Brand#32,JUMBO DRUM,33,18,2,27388.746
F,F,R,NONE,Manufacturer#1,4-NOT SPECIFIED,3,BUILDING,RAIL,1,0.05,18,Brand#15,JUMBO JAR,49,26,2,47864.44
F,F,R,TAKE BACK RETURN,Manufacturer#1,4-NOT SPECIFIED,3,BUILDING,MAIL,3,0.06,9,Brand#15,SM JAR,25,16,4,22201.6704
O,O,N,COLLECT COD,Manufacturer#3,3-MEDIUM,3,FURNITURE,AIR,3,0.02,18,Brand#33,WRAP BAG,17,41,2,60173.568
O,O,N,TAKE BACK RETURN,Manufacturer#3,3-MEDIUM,3,FURNITURE,FOB,4,0.02,18,Brand#32,MED PACK,45,16,2,23208.5824
O,O,N,COLLECT COD,Manufacturer#2,3-MEDIUM,3,FURNITURE,REG AIR,2,0.02,21,Brand#25,LG CASE,10,50,1,89044
F,F,R,TAKE BACK RETURN,Manufacturer#3,2-HIGH,3,BUILDING,SHIP,2,0,9,Brand#31,MED BOX,25,48,4,63009.36
F,F,R,TAKE BACK RETURN,Manufacturer#3,2-HIGH,3,BUILDING,TRUCK,3,0.03,9,Brand#32,LG JAR,42,46,4,55659.816
O,O,N,TAKE BACK RETURN,Manufacturer#5,2-HIGH,4,BUILDING,RAIL,2,0.07,8,Brand#52,JUMBO PKG,8,44,3,74304.648
O,O,N,DELIVER IN PERSON,Manufacturer#2,2-HIGH,3,HOUSEHOLD,MAIL,3,0.08,18,Brand#23,JUMBO BOX,3,6,2,6921.0972
O,O,N,TAKE BACK RETURN,Manufacturer#3,5-LOW,3,BUILDING,SHIP,1,0.02,8,Brand#34,SM BAG,47,17,3,31319.7885
F,F,R,COLLECT COD,Manufacturer#4,5-LOW,0,MACHINERY,TRUCK,1,0,8,Brand#42,JUMBO CASE,6,8,3,13039.0272
F,F,A,TAKE BACK RETURN,Manufacturer#1,5-LOW,0,MACHINERY,TRUCK,2,0.04,18,Brand#12,MED CASE,49,6,2,8011.7328
O,O,N,COLLECT COD,Manufacturer#5,2-HIGH,0,FURNITURE,TRUCK,1,0.07,12,Brand#54,MED CASE,3,39,0,51941.7444
O,O,N,TAKE BACK RETURN,Manufacturer#1,2-HIGH,0,FURNITURE,TRUCK,3,0.06,18,Brand#15,SM PKG,44,29,2,28195.5168
F,F,R,DELIVER IN PERSON,Manufacturer#1,2-HIGH,1,MACHINERY,MAIL,2,0.06,12,Brand#14,JUMBO JAR,9,40,0,57449.952
F,F,A,DELIVER IN PERSON,Manufacturer#5,2-HIGH,1,MACHINERY,TRUCK,3,0.08,8,Brand#55,LG BAG,16,14,3,12825.7416
F,F,R,TAKE BACK RETURN,Manufacturer#5,2-HIGH,1,MACHINERY,FOB,2,0.04,21,Brand#54,MED CASE,41,30,1,43396.2
O,O,N,NONE,Manufacturer#4,2-HIGH,0,HOUSEHOLD,MAIL,3,0.02,18,Brand#45,JUMBO CAN,34,29,2,47842.46
O,O,N,NONE,Manufacturer#5,2-HIGH,0,HOUSEHOLD,FOB,1,0.05,21,Brand#53,LG DRUM,9,3,1,4991.8869
F,F,A,NONE,Manufacturer#3,5-LOW,2,AUTOMOBILE,REG AIR,2,0.07,18,Brand#35,SM DRUM,21,35,2,40675.39
F,F,A,NONE,Manufacturer#5,5-LOW,2,AUTOMOBILE,REG AIR,1,0.06,18,Brand#52,WRAP PACK,27,24,2,27764.208
O,O,N,COLLECT COD,Manufacturer#1,2-HIGH,3,MACHINERY,SHIP,6,0,18,Brand#12,JUMBO JAR,19,18,2,19496.9502
O,O,N,DELIVER IN PERSON,Manufacturer#4,3-MEDIUM,0,HOUSEHOLD,AIR,1,0.05,8,Brand#42,LG DRUM,48,1,3,1523.2437
O,O,N,DELIVER IN PERSON,Manufacturer#4,3-MEDIUM,0,HOUSEHOLD,TRUCK,4,0.05,21,Brand#44,JUMBO PKG,46,14,1,11978.6576
O,O,N,NONE,Manufacturer#4,3-MEDIUM,0,HOUSEHOLD,MAIL,7,0.04,8,Brand#42,JUMBO CASE,45,25,3,34690.3525
O,O,N,COLLECT COD,Manufacturer#2,3-MEDIUM,0,HOUSEHOLD,MAIL,6,0.04,18,Brand#21,JUMBO BOX,23,5,2,5535.6
F,P,A,NONE,Manufacturer#3,5-LOW,0,AUTOMOBILE,AIR,3,0.04,8,Brand#33,JUMBO CASE,42,37,3,57417.9912
F,P,R,TAKE BACK RETURN,Manufacturer#3,5-LOW,0,AUTOMOBILE,TRUCK,5,0.04,12,Brand#31,MED DRUM,25,11,0,11695.3452
F,P,A,NONE,Manufacturer#3,5-LOW,0,AUTOMOBILE,RAIL,2,0,18,Brand#33,SM CAN,48,14,2,21246.54
F,F,A,TAKE BACK RETURN,Manufacturer#3,3-MEDIUM,2,FURNITURE,SHIP,1,0.04,21,Brand#32,MED PKG,5,47,1,51814.0596
F,F,A,COLLECT COD,Manufacturer#4,3-MEDIUM,2,FURNITURE,AIR,3,0.06,8,Brand#43,WRAP CASE,12,9,3,7608.33
O,O,N,TAKE BACK RETURN,Manufacturer#5,1-URGENT,4,MACHINERY,AIR,5,0.06,9,Brand#55,LG BAG,36,28,4,29894.256
O,O,N,DELIVER IN PERSON,Manufacturer#4,1-URGENT,4,MACHINERY,REG AIR,2,0.02,18,Brand#41,MED DRUM,17,7,2,11339.307
F,F,A,TAKE BACK RETURN,Manufacturer#5,5-LOW,2,HOUSEHOLD,TRUCK,5,0,8,Brand#54,WRAP BOX,31,32,3,39757.824
F,F,A,COLLECT COD,Manufacturer#5,5-LOW,2,HOUSEHOLD,TRUCK,1,0.02,21,Brand#51,WRAP JAR,49,47,1,67844.1334
O,O,N,DELIVER IN PERSON,Manufacturer#4,5-LOW,3,HOUSEHOLD,SHIP,3,0.08,8,Brand#44,LG DRUM,18,38,3,42347.3976
O,O,N,NONE,Manufacturer#4,5-LOW,3,HOUSEHOLD,MAIL,2,0,8,Brand#44,MED PACK,44,9,3,16433.28
O,O,N,DELIVER IN PERSON,Manufacturer#4,3-MEDIUM,0,BUILDING,RAIL,1,0.05,8,Brand#41,LG CASE,45,48,3,84869.8176
O,O,N,NONE,Manufacturer#4,4-NOT SPECIFIED,3,BUILDING,AIR,1,0.05,9,Brand#43,SM JAR,11,3,4,2814.09
O,O,N,DELIVER IN PERSON,Manufacturer#4,5-LOW,1,AUTOMOBILE,MAIL,1,0.08,18,Brand#43,MED BOX,10,9,2,15508.1916
F,F,R,NONE,Manufacturer#3,1-URGENT,4,BUILDING,MAIL,5,0.07,21,Brand#33,WRAP CAN,49,36,1,33023.6208
F,F,R,DELIVER IN PERSON,Manufacturer#5,1-URGENT,4,BUILDING,FOB,2,0.08,12,Brand#54,MED CASE,3,2,0,2751.4928
O,O,N,DELIVER IN PERSON,Manufacturer#4,1-URGENT,3,AUTOMOBILE,MAIL,3,0.03,12,Brand#42,WRAP PKG,38,2,0,2802.3092
O,O,N,DELIVER IN PERSON,Manufacturer#5,1-URGENT,3,HOUSEHOLD,REG AIR,2,0,18,Brand#52,MED CASE,20,34,2,29845.846
O,O,N,TAKE BACK RETURN,Manufacturer#3,2-HIGH,4,MACHINERY,TRUCK,3,0.02,8,Brand#31,JUMBO CAN,11,31,3,31870.201
O,O,N,DELIVER IN PERSON,Manufacturer#5,5-LOW,3,BUILDING,RAIL,1,0.04,9,Brand#54,MED JAR,22,4,4,5977.1968
F,F,A,COLLECT COD,Manufacturer#4,3-MEDIUM,0,AUTOMOBILE,TRUCK,1,0.06,12,Brand#42,JUMBO CAN,4,28,0,30117.318
F,F,A,DELIVER IN PERSON,Manufacturer#4,3-MEDIUM,0,AUTOMOBILE,TRUCK,3,0.05,12,Brand#42,MED CAN,11,36,0,47273.6088
F,F,A,COLLECT COD,Manufacturer#1,1-URGENT,1,BUILDING,RAIL,2,0,18,Brand#12,SM PACK,36,17,2,31264.8751
F,F,R,TAKE BACK RETURN,Manufacturer#1,1-URGENT,1,BUILDING,REG AIR,1,0.01,18,Brand#13,MED CASE,47,40,2,54448.176
F,F,R,COLLECT COD,Manufacturer#3,1-URGENT,1,BUILDING,FOB,3,0.08,8,Brand#34,WRAP BAG,5,19,3,24027.3297
O,O,N,NONE,Manufacturer#5,1-URGENT,1,BUILDING,RAIL,6,0.06,12,Brand#55,WRAP DRUM,9,6,0,9322.8408
O,O,N,DELIVER IN PERSON,Manufacturer#3,1-URGENT,1,BUILDING,AIR,1,0.03,21,Brand#31,SM PKG,4,19,1,17052.6102
O,O,N,NONE,Manufacturer#3,1-URGENT,1,BUILDING,FOB,3,0.03,18,Brand#34,MED BAG,32,41,2,36614.1685
O,O,N,COLLECT COD,Manufacturer#4,2-HIGH,2,FURNITURE,REG AIR,2,0,12,Brand#44,LG PKG,35,1,0,1226.1213
F,F,A,DELIVER IN PERSON,Manufacturer#5,4-NOT SPECIFIED,4,HOUSEHOLD,TRUCK,2,0.03,12,Brand#52,JUMBO BOX,47,47,0,68923.526
F,F,R,TAKE BACK RETURN,Manufacturer#5,2-HIGH,2,MACHINERY,AIR,7,0.04,21,Brand#53,JUMBO JAR,28,46,1,55208.5974
F,F,A,TAKE BACK RETURN,Manufacturer#1,2-HIGH,1,HOUSEHOLD,RAIL,2,0.07,8,Brand#13,LG PKG,19,28,3,28927.64
F,F,R,DELIVER IN PERSON,Manufacturer#3,1-URGENT,2,AUTOMOBILE,REG AIR,4,0.05,9,Brand#33,JUMBO DRUM,50,47,4,85140.5376
F,F,R,DELIVER IN PERSON,Manufacturer#1,1-URGENT,2,AUTOMOBILE,RAIL,1,0.02,12,Brand#14,LG PACK,44,7,0,10622.1696
F,F,R,COLLECT COD,Manufacturer#4,1-URGENT,2,AUTOMOBILE,AIR,6,0.08,18,Brand#45,SM JAR,47,35,2,41285.118
O,O,N,COLLECT COD,Manufacturer#5,3-MEDIUM,4,BUILDING,RAIL,1,0,21,Brand#54,LG CASE,42,17,1,27807.41
O,O,N,TAKE BACK RETURN,Manufacturer#2,3-MEDIUM,0,MACHINERY,FOB,1,0.05,21,Brand#25,LG DRUM,25,5,1,4583.799
O,O,N,DELIVER IN PERSON,Manufacturer#3,3-MEDIUM,2,BUILDING,RAIL,3,0.01,8,Brand#35,LG BOX,13,13,3,23683.023
O,O,N,NONE,Manufacturer#5,3-MEDIUM,2,BUILDING,MAIL,2,0.05,21,Brand#55,JUMBO BAG,19,17,1,24449.5496
O,O,N,COLLECT COD,Manufacturer#2,3-MEDIUM,2,BUILDING,MAIL,1,0.04,9,Brand#21,LG DRUM,8,47,4,48039.64
O,P,N,NONE,Manufacturer#4,2-HIGH,2,FURNITURE,MAIL,5,0.02,9,Brand#43,LG DRUM,12,6,4,7009.026
F,P,A,TAKE BACK RETURN,Manufacturer#2,2-HIGH,2,FURNITURE,TRUCK,4,0.07,12,Brand#24,WRAP PACK,40,15,0,16464.7665
O,P,N,COLLECT COD,Manufacturer#1,2-HIGH,2,FURNITURE,SHIP,2,0.06,18,Brand#14,WRAP JAR,41,47,2,55060.5188
F,F,A,NONE,Manufacturer#5,1-URGENT,1,HOUSEHOLD,TRUCK,4,0,12,Brand#52,LG BOX,45,20,0,17710.352
F,F,A,DELIVER IN PERSON,Manufacturer#5,1-URGENT,1,HOUSEHOLD,RAIL,3,0.05,8,Brand#54,LG CAN,44,26,3,23660.26
F,F,R,DELIVER IN PERSON,Manufacturer#5,1-URGENT,1,HOUSEHOLD,REG AIR,5,0.02,12,Brand#53,JUMBO PKG,10,32,0,58540.8192
O,O,N,COLLECT COD,Manufacturer#1,2-HIGH,4,BUILDING,TRUCK,5,0.01,9,Brand#12,SM JAR,23,31,4,47325.22
O,O,N,DELIVER IN PERSON,Manufacturer#3,2-HIGH,4,BUILDING,RAIL,2,0.06,12,Brand#35,SM CAN,28,40,0,58758.192
O,O,N,NONE,Manufacturer#1,2-HIGH,4,BUILDING,RAIL,6,0.01,21,Brand#12,LG CASE,17,12,1,12878.04
F,F,A,COLLECT COD,Manufacturer#4,5-LOW,1,AUTOMOBILE,RAIL,5,0.03,21,Brand#42,JUMBO BOX,30,28,1,37392.04
F,F,A,DELIVER IN PERSON,Manufacturer#2,5-LOW,1,AUTOMOBILE,FOB,4,0,12,Brand#24,JUMBO PACK,39,6,0,7550.1
F,F,R,TAKE BACK RETURN,Manufacturer#5,5-LOW,1,AUTOMOBILE,REG AIR,2,0.07,9,Brand#54,WRAP CAN,13,49,4,41248.6508
F,F,R,DELIVER IN PERSON,Manufacturer#5,5-LOW,1,AUTOMOBILE,FOB,3,0.03,9,Brand#51,MED CAN,10,26,4,45376.5676
O,O,N,DELIVER IN PERSON,Manufacturer#3,3-MEDIUM,3,HOUSEHOLD,FOB,2,0.06,12,Brand#35,SM CAN,28,12,0,17819.0604
O,O,N,DELIVER IN PERSON,Manufacturer#3,5-LOW,1,HOUSEHOLD,REG AIR,2,0.06,18,Brand#32,WRAP BOX,20,14,2,22562.6688
O,O,N,NONE,Manufacturer#4,3-MEDIUM,0,MACHINERY,AIR,2,0.01,21,Brand#42,SM PKG,35,28,1,26928.7452
O,O,N,COLLECT COD,Manufacturer#4,3-MEDIUM,0,MACHINERY,RAIL,1,0,21,Brand#45,WRAP CASE,18,11,1,13298.736
O,O,N,COLLECT COD,Manufacturer#3,3-MEDIUM,0,MACHINERY,AIR,4,0.07,12,Brand#33,WRAP CASE,17,48,0,71074.44
F,F,R,TAKE BACK RETURN,Manufacturer#2,4-NOT SPECIFIED,2,HOUSEHOLD,AIR,1,0,18,Brand#21,WRAP CASE,28,3,2,3102.141
O,O,N,COLLECT COD,Manufacturer#3,3-MEDIUM,1,BUILDING,MAIL,3,0.03,8,Brand#33,WRAP BAG,11,5,3,7964.5665
O,O,N,TAKE BACK RETURN,Manufacturer#5,3-MEDIUM,1,BUILDING,FOB,4,0.01,8,Brand#55,MED PACK,2,8,3,7178.1552
O,O,N,TAKE BACK RETURN,Manufacturer#5,3-MEDIUM,1,BUILDING,MAIL,1,0.04,8,Brand#51,WRAP CAN,50,5,3,7974.913
O,O,N,DELIVER IN PERSON,Manufacturer#2,2-HIGH,2,MACHINERY,FOB,2,0.02,12,Brand#25,LG DRUM,25,48,0,44004.4704
O,O,N,NONE,Manufacturer#2,2-HIGH,2,MACHINERY,REG AIR,4,0.08,12,Brand#23,WRAP BAG,29,8,0,7865.2416
O,P,N,NONE,Manufacturer#3,5-LOW,0,AUTOMOBILE,RAIL,1,0.08,21,Brand#33,WRAP BOX,49,33,1,30994.8639
F,P,A,DELIVER IN PERSON,Manufacturer#3,5-LOW,0,AUTOMOBILE,MAIL,4,0,9,Brand#31,JUMBO JAR,38,4,4,6592.5776
F,P,A,DELIVER IN PERSON,Manufacturer#3,5-LOW,0,AUTOMOBILE,SHIP,5,0.02,21,Brand#33,JUMBO PKG,48,10,1,15919.74
O,P,N,DELIVER IN PERSON,Manufacturer#1,5-LOW,0,AUTOMOBILE,RAIL,2,0.02,18,Brand#13,JUMBO PKG,7,25,2,22525
O,O,N,NONE,Manufacturer#3,2-HIGH,0,BUILDING,FOB,3,0.08,18,Brand#34,LG CASE,20,9,2,11328.3765
F,F,A,DELIVER IN PERSON,Manufacturer#1,4-NOT SPECIFIED,4,FURNITURE,FOB,5,0.03,21,Brand#11,WRAP BOX,13,44,1,71522.4928
F,F,R,COLLECT COD,Manufacturer#2,4-NOT SPECIFIED,4,FURNITURE,FOB,3,0.08,8,Brand#21,MED PACK,12,44,3,74482.584
F,F,R,DELIVER IN PERSON,Manufacturer#4,4-NOT SPECIFIED,4,FURNITURE,REG AIR,2,0.05,18,Brand#45,WRAP CAN,11,48,2,72696.096
O,O,N,COLLECT COD,Manufacturer#3,1-URGENT,2,BUILDING,AIR,3,0.05,12,Brand#34,LG CASE,9,1,0,1218.4664
F,F,R,TAKE BACK RETURN,Manufacturer#1,5-LOW,3,BUILDING,MAIL,5,0.05,18,Brand#11,JUMBO BAG,21,32,2,41692.688
F,F,R,TAKE BACK RETURN,Manufacturer#4,5-LOW,3,BUILDING,AIR,4,0,21,Brand#43,WRAP CASE,30,29,1,28076.4805
O,O,N,NONE,Manufacturer#2,1-URGENT,4,MACHINERY,TRUCK,1,0.06,8,Brand#23,MED JAR,9,43,3,71056.5583
O,O,N,COLLECT COD,Manufacturer#5,4-NOT SPECIFIED,3,HOUSEHOLD,TRUCK,1,0.02,21,Brand#54,MED BAG,31,7,1,12304.95
O,O,N,COLLECT COD,Manufacturer#4,4-NOT SPECIFIED,3,HOUSEHOLD,SHIP,5,0.03,8,Brand#42,LG CAN,38,39,3,45495.2745
F,F,R,NONE,Manufacturer#4,3-MEDIUM,3,BUILDING,FOB,1,0.03,12,Brand#41,MED PACK,22,19,0,22955.724
F,F,A,DELIVER IN PERSON,Manufacturer#5,3-MEDIUM,3,BUILDING,REG AIR,2,0.07,21,Brand#52,MED JAR,48,28,1,45231.228
O,O,N,COLLECT COD,Manufacturer#5,4-NOT SPECIFIED,4,AUTOMOBILE,RAIL,3,0.06,12,Brand#52,LG DRUM,30,42,0,43819.65
O,O,N,NONE,Manufacturer#2,4-NOT SPECIFIED,4,AUTOMOBILE,RAIL,1,0.02,21,Brand#24,LG CAN,2,47,1,65035.0468
F,F,R,COLLECT COD,Manufacturer#1,1-URGENT,2,FURNITURE,AIR,2,0.05,18,Brand#12,MED PACK,24,4,2,4443.5312
O,O,N,NONE,Manufacturer#2,3-MEDIUM,0,BUILDING,RAIL,2,0.02,18,Brand#22,JUMBO JAR,28,3,2,4659.0048
O,O,N,NONE,Manufacturer#2,3-MEDIUM,0,BUILDING,FOB,3,0.03,8,Brand#25,SM BAG,44,46,3,62018.9388
O,O,N,TAKE BACK RETURN,Manufacturer#5,2-HIGH,2,FURNITURE,MAIL,2,0.05,9,Brand#55,SM PACK,6,43,4,57646.746
O,O,N,NONE,Manufacturer#2,2-HIGH,2,FURNITURE,AIR,1,0.02,9,Brand#22,WRAP BAG,2,33,4,34192.29
O,O,N,DELIVER IN PERSON,Manufacturer#1,5-LOW,0,BUILDING,MAIL,5,0.07,9,Brand#11,MED PKG,34,38,4,57636.5076
O,O,N,COLLECT COD,Manufacturer#2,4-NOT SPECIFIED,0,BUILDING,REG AIR,2,0.07,9,Brand#22,WRAP JAR,3,44,4,60432.68
O,O,N,DELIVER IN PERSON,Manufacturer#4,1-URGENT,4,FURNITURE,REG AIR,1,0.06,12,Brand#42,WRAP JAR,32,1,0,1363.335
O,O,N,COLLECT COD,Manufacturer#1,1-URGENT,4,MACHINERY,SHIP,3,0.08,9,Brand#11,WRAP BAG,38,36,4,63613.1232
O,O,N,COLLECT COD,Manufacturer#3,5-LOW,1,FURNITURE,MAIL,1,0.02,18,Brand#31,MED CAN,44,5,2,7674.6225
O,O,N,NONE,Manufacturer#5,4-NOT SPECIFIED,2,HOUSEHOLD,RAIL,3,0.03,18,Brand#52,WRAP CAN,39,34,2,29879.88
O,O,N,NONE,Manufacturer#1,4-NOT SPECIFIED,2,HOUSEHOLD,AIR,2,0.03,21,Brand#12,SM DRUM,16,9,1,10117.98
F,F,R,COLLECT COD,Manufacturer#5,5-LOW,0,FURNITURE,FOB,2,0.05,9,Brand#52,LG CASE,21,21,4,34732.0512
F,F,R,COLLECT COD,Manufacturer#1,5-LOW,0,FURNITURE,TRUCK,1,0.06,12,Brand#12,JUMBO DRUM,33,46,0,70570.6056
O,O,N,NONE,Manufacturer#1,4-NOT SPECIFIED,3,MACHINERY,AIR,2,0.06,21,Brand#13,MED DRUM,4,8,1,12257.9184
F,F,A,TAKE BACK RETURN,Manufacturer#4,5-LOW,2,AUTOMOBILE,MAIL,3,0.01,21,Brand#44,LG PKG,35,25,1,31312.2375
F,F,A,NONE,Manufacturer#4,5-LOW,2,AUTOMOBILE,AIR,1,0,8,Brand#41,SM JAR,11,44,3,46845.48
O,O,N,COLLECT COD,Manufacturer#4,3-MEDIUM,1,HOUSEHOLD,MAIL,4,0.04,18,Brand#42,JUMBO JAR,15,45,2,79861.131
O,O,N,TAKE BACK RETURN,Manufacturer#3,2-HIGH,4,MACHINERY,AIR,2,0.01,9,Brand#35,SM BAG,21,44,4,43896.27
F,F,R,COLLECT COD,Manufacturer#4,3-MEDIUM,3,AUTOMOBILE,TRUCK,4,0.02,21,Brand#45,SM JAR,33,7,1,10270.6317
F,F,A,TAKE BACK RETURN,Manufacturer#2,3-MEDIUM,3,AUTOMOBILE,SHIP,1,0.06,8,Brand#22,SM PACK,50,44,3,64272.934
F,F,R,NONE,Manufacturer#2,3-MEDIUM,3,AUTOMOBILE,REG AIR,6,0.07,9,Brand#21,MED PACK,48,32,4,41885.4912
F,F,R,DELIVER IN PERSON,Manufacturer#2,1-URGENT,3,MACHINERY,TRUCK,1,0.07,21,Brand#21,WRAP BAG,37,36,1,43503.5772
F,F,R,NONE,Manufacturer#4,2-HIGH,4,MACHINERY,MAIL,1,0.06,21,Brand#45,WRAP PKG,29,11,1,12611.7024
O,O,N,COLLECT COD,Manufacturer#4,5-LOW,2,HOUSEHOLD,MAIL,3,0.03,18,Brand#45,MED DRUM,33,8,2,11231.0352
O,O,N,NONE,Manufacturer#5,5-LOW,2,HOUSEHOLD,REG AIR,5,0.01,21,Brand#51,LG CAN,10,6,1,7322.9196
F,F,R,COLLECT COD,Manufacturer#3,1-URGENT,1,HOUSEHOLD,REG AIR,2,0.06,12,Brand#32,JUMBO JAR,26,5,0,4504.95
F,P,R,TAKE BACK RETURN,Manufacturer#2,1-URGENT,0,HOUSEHOLD,MAIL,1,0.01,21,Brand#21,LG CAN,40,48,1,81256.608
F,F,R,NONE,Manufacturer#5,5-LOW,2,BUILDING,MAIL,1,0.03,21,Brand#52,JUMBO PKG,17,43,1,50962.912
F,F,R,COLLECT COD,Manufacturer#1,5-LOW,2,BUILDING,MAIL,3,0.08,12,Brand#13,WRAP DRUM,19,2,0,2192.38
O,O,N,DELIVER IN PERSON,Manufacturer#4,3-MEDIUM,4,BUILDING,REG AIR,4,0.04,9,Brand#42,WRAP PKG,38,30,4,42481.815
O,O,N,COLLECT COD,Manufacturer#1,3-MEDIUM,0,HOUSEHOLD,AIR,2,0.01,18,Brand#15,JUMBO PACK,27,9,2,13916.5344
O,O,N,NONE,Manufacturer#2,3-MEDIUM,1,BUILDING,RAIL,1,0.01,8,Brand#22,LG PACK,5,23,3,38674.3574
O,O,N,TAKE BACK RETURN,Manufacturer#1,3-MEDIUM,1,BUILDING,TRUCK,5,0,8,Brand#14,LG PKG,30,50,3,51956.5
O,O,N,NONE,Manufacturer#5,3-MEDIUM,1,BUILDING,MAIL,2,0.05,21,Brand#53,JUMBO JAR,28,46,1,55766.26
O,O,N,DELIVER IN PERSON,Manufacturer#4,5-LOW,0,AUTOMOBILE,REG AIR,2,0.04,18,Brand#43,JUMBO PACK,29,18,2,20782.2888
O,O,N,DELIVER IN PERSON,Manufacturer#4,2-HIGH,3,MACHINERY,SHIP,4,0.04,8,Brand#43,JUMBO BOX,40,7,3,6115.5185
F,F,R,NONE,Manufacturer#4,5-LOW,1,BUILDING,AIR,1,0.03,9,Brand#43,MED PACK,47,8,4,13073.94
F,F,A,NONE,Manufacturer#5,5-LOW,1,BUILDING,RAIL,6,0.07,9,Brand#55,JUMBO CASE,35,1,4,1780.752
F,F,R,NONE,Manufacturer#2,1-URGENT,1,MACHINERY,FOB,1,0,18,Brand#22,SM BAG,11,31,2,37372.608
F,F,A,TAKE BACK RETURN,Manufacturer#5,1-URGENT,1,MACHINERY,AIR,2,0.07,18,Brand#51,SM PACK,30,8,2,12221.9856
O,O,N,DELIVER IN PERSON,Manufacturer#5,1-URGENT,1,FURNITURE,AIR,2,0.07,18,Brand#52,WRAP PACK,43,26,2,36074.48
O,O,N,COLLECT COD,Manufacturer#5,1-URGENT,1,FURNITURE,REG AIR,3,0.04,21,Brand#52,LG JAR,14,25,1,25164.44
O,O,N,COLLECT COD,Manufacturer#1,1-URGENT,1,FURNITURE,AIR,1,0.07,12,Brand#14,JUMBO PACK,42,45,0,55577.016
F,F,A,DELIVER IN PERSON,Manufacturer#5,2-HIGH,2,FURNITURE,REG AIR,5,0.01,18,Brand#52,JUMBO BOX,46,3,2,3468.1101
F,F,R,NONE,Manufacturer#2,2-HIGH,2,FURNITURE,AIR,1,0.04,12,Brand#23,WRAP BAG,29,42,0,38711.736
F,F,A,DELIVER IN PERSON,Manufacturer#4,2-HIGH,2,FURNITURE,AIR,2,0.05,21,Brand#45,JUMBO CAN,13,37,1,39903.057
O,O,N,DELIVER IN PERSON,Manufacturer#3,1-URGENT,0,BUILDING,REG AIR,1,0.07,21,Brand#33,LG DRUM,7,43,1,38349.9456
F,F,A,TAKE BACK RETURN,Manufacturer#4,5-LOW,0,HOUSEHOLD,SHIP,5,0.05,18,Brand#42,LG PACK,44,41,2,60302.5868
F,F,R,COLLECT COD,Manufacturer#3,5-LOW,0,HOUSEHOLD,AIR,6,0.07,21,Brand#35,MED DRUM,34,6,1,9023.6244
O,O,N,TAKE BACK RETURN,Manufacturer#2,5-LOW,3,FURNITURE,MAIL,1,0.07,12,Brand#21,MED PACK,12,50,0,84639.3
O,O,N,DELIVER IN PERSON,Manufacturer#2,5-LOW,2,AUTOMOBILE,MAIL,3,0.01,8,Brand#25,JUMBO CAN,23,37,3,38064.342
O,O,N,COLLECT COD,Manufacturer#3,4-NOT SPECIFIED,2,HOUSEHOLD,FOB,2,0.07,21,Brand#33,LG BAG,4,43,1,42574.257
F,F,A,TAKE BACK RETURN,Manufacturer#2,1-URGENT,0,HOUSEHOLD,SHIP,4,0.07,8,Brand#22,LG BOX,9,27,3,38132.2971
F,F,N,NONE,Manufacturer#3,1-URGENT,0,HOUSEHOLD,FOB,2,0.07,9,Brand#35,WRAP CAN,26,8,4,12948.0864
F,F,A,TAKE BACK RETURN,Manufacturer#3,1-URGENT,0,HOUSEHOLD,SHIP,6,0.06,12,Brand#34,MED PKG,14,49,0,89093.2896
F,F,A,TAKE BACK RETURN,Manufacturer#1,1-URGENT,0,HOUSEHOLD,FOB,1,0.02,8,Brand#11,WRAP PKG,20,5,3,8073.926
F,F,R,COLLECT COD,Manufacturer#2,2-HIGH,2,FURNITURE,TRUCK,1,0.03,8,Brand#21,SM PKG,41,46,3,83163.4
F,F,R,TAKE BACK RETURN,Manufacturer#5,3-MEDIUM,4,AUTOMOBILE,FOB,3,0.06,12,Brand#54,MED PKG,43,3,0,4732.8756
F,F,R,DELIVER IN PERSON,Manufacturer#2,3-MEDIUM,4,AUTOMOBILE,SHIP,1,0.01,8,Brand#23,WRAP PACK,41,44,3,46926.44
O,O,N,TAKE BACK RETURN,Manufacturer#5,2-HIGH,0,FURNITURE,REG AIR,1,0.01,9,Brand#55,MED CASE,31,48,4,78257.1168
O,O,N,COLLECT COD,Manufacturer#3,5-LOW,4,HOUSEHOLD,REG AIR,6,0.01,8,Brand#33,SM CASE,46,29,3,27313.3252
O,O,N,TAKE BACK RETURN,Manufacturer#3,5-LOW,4,HOUSEHOLD,FOB,4,0,18,Brand#34,JUMBO DRUM,30,46,2,56040.006
F,F,R,DELIVER IN PERSON,Manufacturer#3,4-NOT SPECIFIED,2,MACHINERY,SHIP,1,0.04,12,Brand#31,MED DRUM,39,7,0,9630.2248
O,O,N,DELIVER IN PERSON,Manufacturer#2,4-NOT SPECIFIED,4,FURNITURE,REG AIR,1,0.08,21,Brand#25,WRAP CASE,50,27,1,48111.0597
O,O,N,NONE,Manufacturer#4,4-NOT SPECIFIED,4,FURNITURE,FOB,3,0.05,12,Brand#42,MED PKG,28,40,0,52470.424
O,O,N,DELIVER IN PERSON,Manufacturer#5,1-URGENT,2,HOUSEHOLD,AIR,7,0.03,18,Brand#55,LG DRUM,1,30,2,28519.764
O,O,N,DELIVER IN PERSON,Manufacturer#3,5-LOW,1,FURNITURE,REG AIR,2,0.02,21,Brand#31,LG JAR,32,34,1,41967.22
O,O,N,COLLECT COD,Manufacturer#3,5-LOW,1,FURNITURE,TRUCK,3,0,21,Brand#32,WRAP BOX,46,43,1,42216.8496
O,O,N,TAKE BACK RETURN,Manufacturer#5,5-LOW,1,FURNITURE,SHIP,1,0.05,18,Brand#51,LG BOX,48,18,2,20596.32
F,F,R,TAKE BACK RETURN,Manufacturer#4,4-NOT SPECIFIED,2,FURNITURE,RAIL,4,0,18,Brand#42,LG JAR,28,3,2,3235.4055
F,F,A,COLLECT COD,Manufacturer#5,4-NOT SPECIFIED,2,FURNITURE,FOB,1,0.03,8,Brand#54,MED PKG,43,15,3,23664.378
O,O,N,DELIVER IN PERSON,Manufacturer#3,1-URGENT,1,BUILDING,FOB,1,0.07,21,Brand#35,MED DRUM,34,31,1,43767.6476
F,F,R,NONE,Manufacturer#1,1-URGENT,4,MACHINERY,SHIP,3,0.08,12,Brand#15,WRAP JAR,44,43,0,42580.4834
F,F,R,DELIVER IN PERSON,Manufacturer#3,1-URGENT,4,MACHINERY,REG AIR,6,0.07,18,Brand#35,SM JAR,7,22,2,24618.132
O,O,N,COLLECT COD,Manufacturer#5,5-LOW,2,AUTOMOBILE,TRUCK,3,0.05,21,Brand#52,MED JAR,12,7,1,11254.4544
O,O,N,COLLECT COD,Manufacturer#5,5-LOW,2,AUTOMOBILE,REG AIR,5,0.04,21,Brand#53,SM CASE,17,42,1,56071.8018
O,O,N,DELIVER IN PERSON,Manufacturer#5,5-LOW,2,AUTOMOBILE,RAIL,7,0.05,9,Brand#51,MED JAR,11,49,4,61284.2314
F,F,R,DELIVER IN PERSON,Manufacturer#1,5-LOW,4,BUILDING,MAIL,2,0.01,21,Brand#13,WRAP PKG,17,13,1,15576.5142
O,O,N,TAKE BACK RETURN,Manufacturer#5,2-HIGH,1,BUILDING,MAIL,1,0.04,8,Brand#54,LG BOX,37,28,3,25025.5544
O,O,N,DELIVER IN PERSON,Manufacturer#4,2-HIGH,1,BUILDING,RAIL,2,0.02,18,Brand#44,WRAP PACK,1,19,2,20981.244
F,F,R,DELIVER IN PERSON,Manufacturer#2,3-MEDIUM,3,BUILDING,FOB,2,0.01,9,Brand#24,SM CAN,14,3,4,3401.2308
O,O,N,DELIVER IN PERSON,Manufacturer#4,2-HIGH,1,BUILDING,REG AIR,1,0,9,Brand#41,JUMBO DRUM,31,46,4,80539.1
O,O,N,COLLECT COD,Manufacturer#1,1-URGENT,2,AUTOMOBILE,SHIP,6,0.03,21,Brand#11,WRAP JAR,24,18,1,31742.1504
O,O,N,TAKE BACK RETURN,Manufacturer#2,1-URGENT,2,AUTOMOBILE,AIR,4,0.05,9,Brand#24,WRAP PKG,27,12,4,20400.984
F,F,A,DELIVER IN PERSON,Manufacturer#1,3-MEDIUM,4,BUILDING,MAIL,2,0.06,9,Brand#11,LG PKG,20,26,4,32492.9436
O,O,N,COLLECT COD,Manufacturer#3,2-HIGH,4,HOUSEHOLD,FOB,1,0.08,18,Brand#35,WRAP CAN,14,37,2,38305.5561
O,O,N,DELIVER IN PERSON,Manufacturer#5,2-HIGH,3,MACHINERY,MAIL,6,0.05,18,Brand#52,WRAP CASE,36,26,2,45225.2736
O,O,N,TAKE BACK RETURN,Manufacturer#3,2-HIGH,3,MACHINERY,AIR,3,0.05,18,Brand#33,SM BOX,32,28,2,43616.9188
O,O,N,DELIVER IN PERSON,Manufacturer#2,3-MEDIUM,0,MACHINERY,TRUCK,2,0.08,18,Brand#22,LG PACK,5,29,2,44782.641
F,P,R,NONE,Manufacturer#4,1-URGENT,0,BUILDING,TRUCK,1,0.07,21,Brand#42,JUMBO DRUM,13,38,1,52914.62
F,P,R,DELIVER IN PERSON,Manufacturer#1,1-URGENT,0,BUILDING,MAIL,2,0,12,Brand#13,WRAP CASE,24,42,0,40686.912
F,F,A,COLLECT COD,Manufacturer#5,5-LOW,4,BUILDING,SHIP,1,0.07,18,Brand#51,WRAP JAR,35,6,2,6426.444
F,F,A,DELIVER IN PERSON,Manufacturer#3,5-LOW,4,BUILDING,REG AIR,3,0.08,18,Brand#35,WRAP BAG,46,22,2,19377.7804
F,F,R,COLLECT COD,Manufacturer#3,5-LOW,4,BUILDING,SHIP,2,0.01,18,Brand#34,MED CASE,22,8,2,10401.8144
F,F,A,TAKE BACK RETURN,Manufacturer#3,2-HIGH,3,MACHINERY,SHIP,1,0.05,8,Brand#31,SM PKG,27,3,3,4072.1445
O,O,N,DELIVER IN PERSON,Manufacturer#5,3-MEDIUM,3,FURNITURE,RAIL,6,0.02,18,Brand#53,SM CASE,32,40,2,38648.292
O,O,N,NONE,Manufacturer#1,3-MEDIUM,3,FURNITURE,MAIL,3,0.03,21,Brand#12,WRAP BAG,17,42,1,41763.3888
F,F,R,NONE,Manufacturer#2,2-HIGH,4,BUILDING,AIR,1,0.05,18,Brand#21,MED PACK,12,35,2,59247.51
F,F,A,DELIVER IN PERSON,Manufacturer#5,1-URGENT,0,AUTOMOBILE,REG AIR,7,0.07,21,Brand#51,WRAP CASE,1,23,1,33050.5285
O,O,N,DELIVER IN PERSON,Manufacturer#5,1-URGENT,0,AUTOMOBILE,RAIL,4,0.04,21,Brand#51,SM PACK,33,50,1,83472.75
O,O,N,COLLECT COD,Manufacturer#3,1-URGENT,0,AUTOMOBILE,TRUCK,5,0.07,21,Brand#33,SM CAN,23,20,1,35672.64
O,O,N,COLLECT COD,Manufacturer#3,1-URGENT,0,AUTOMOBILE,SHIP,2,0,21,Brand#32,MED JAR,15,8,1,14432.324
O,O,N,DELIVER IN PERSON,Manufacturer#4,4-NOT SPECIFIED,2,MACHINERY,MAIL,1,0.03,9,Brand#44,LG PACK,34,2,4,2418.6
F,F,R,NONE,Manufacturer#3,1-URGENT,4,FURNITURE,FOB,3,0.02,21,Brand#34,MED DRUM,14,38,1,33664.96
O,O,N,DELIVER IN PERSON,Manufacturer#5,4-NOT SPECIFIED,0,AUTOMOBILE,SHIP,2,0.07,8,Brand#55,SM BAG,17,33,3,55039.9476
O,O,N,DELIVER IN PERSON,Manufacturer#5,4-NOT SPECIFIED,0,AUTOMOBILE,RAIL,1,0.07,12,Brand#52,SM CASE,48,23,0,33044.7072
O,O,N,DELIVER IN PERSON,Manufacturer#2,4-NOT SPECIFIED,0,AUTOMOBILE,SHIP,6,0.07,21,Brand#21,SM CAN,48,1,1,1219.5466
F,F,R,COLLECT COD,Manufacturer#4,4-NOT SPECIFIED,1,FURNITURE,MAIL,2,0.05,18,Brand#42,LG CAN,26,12,2,13646.76
F,F,A,DELIVER IN PERSON,Manufacturer#3,4-NOT SPECIFIED,1,FURNITURE,MAIL,1,0.03,12,Brand#35,LG PKG,6,24,0,34957.2
F,F,A,NONE,Manufacturer#3,4-NOT SPECIFIED,1,FURNITURE,FOB,5,0,21,Brand#32,MED BAG,43,7,1,9333.7958
F,F,A,TAKE BACK RETURN,Manufacturer#1,4-NOT SPECIFIED,1,FURNITURE,AIR,7,0.07,9,Brand#14,SM BOX,26,46,4,47550.1356
O,O,N,DELIVER IN PERSON,Manufacturer#3,2-HIGH,0,MACHINERY,SHIP,2,0.01,18,Brand#31,MED CAN,44,20,2,31667.916
O,O,N,DELIVER IN PERSON,Manufacturer#1,2-HIGH,0,MACHINERY,TRUCK,3,0.01,18,Brand#11,LG JAR,40,39,2,38851.3359
O,O,N,DELIVER IN PERSON,Manufacturer#5,2-HIGH,0,MACHINERY,MAIL,1,0.06,8,Brand#51,MED DRUM,9,6,3,6537.2256
O,O,N,DELIVER IN PERSON,Manufacturer#5,4-NOT SPECIFIED,0,HOUSEHOLD,REG AIR,1,0.07,18,Brand#54,LG BOX,37,8,2,6931.276
O,O,N,NONE,Manufacturer#3,4-NOT SPECIFIED,0,HOUSEHOLD,FOB,2,0.02,18,Brand#33,WRAP CASE,17,23,2,34414.992
F,F,A,TAKE BACK RETURN,Manufacturer#3,2-HIGH,4,FURNITURE,MAIL,3,0.06,9,Brand#35,SM JAR,39,32,4,28082.016
O,O,N,TAKE BACK RETURN,Manufacturer#4,1-URGENT,2,MACHINERY,AIR,2,0.03,12,Brand#43,WRAP BAG,24,42,0,73932.705
O,O,N,TAKE BACK RETURN,Manufacturer#5,1-URGENT,2,MACHINERY,TRUCK,1,0,12,Brand#54,SM BAG,1,35,0,56779.478
F,F,A,NONE,Manufacturer#5,2-HIGH,4,AUTOMOBILE,MAIL,6,0,12,Brand#51,SM CAN,8,13,0,18868.3794
F,F,R,TAKE BACK RETURN,Manufacturer#1,2-HIGH,4,AUTOMOBILE,AIR,1,0.06,12,Brand#13,SM BAG,9,48,0,45798.48
F,F,R,DELIVER IN PERSON,Manufacturer#5,2-HIGH,4,AUTOMOBILE,SHIP,5,0.06,18,Brand#54,LG CAN,49,13,2,12715.3936
O,O,N,COLLECT COD,Manufacturer#1,1-URGENT,1,MACHINERY,RAIL,4,0.01,12,Brand#14,LG PACK,44,31,0,44590.9828
O,O,N,DELIVER IN PERSON,Manufacturer#4,1-URGENT,1,MACHINERY,REG AIR,3,0,9,Brand#43,LG PACK,44,36,4,46738.6524
O,O,N,DELIVER IN PERSON,Manufacturer#5,2-HIGH,0,AUTOMOBILE,REG AIR,3,0.03,9,Brand#52,WRAP PACK,27,31,4,38252.9088
F,F,A,COLLECT COD,Manufacturer#4,5-LOW,4,FURNITURE,REG AIR,7,0.02,18,Brand#43,MED BOX,10,37,2,65834.8955
F,F,R,COLLECT COD,Manufacturer#3,5-LOW,4,FURNITURE,AIR,5,0.05,8,Brand#31,JUMBO DRUM,48,28,3,32661.6444
O,O,N,TAKE BACK RETURN,Manufacturer#1,2-HIGH,3,HOUSEHOLD,MAIL,5,0.05,12,Brand#15,JUMBO JAR,49,49,0,88401.9388
O,O,N,DELIVER IN PERSON,Manufacturer#3,2-HIGH,3,HOUSEHOLD,FOB,4,0.06,21,Brand#32,MED BAG,43,7,1,9830.2743
O,O,N,NONE,Manufacturer#2,5-LOW,0,MACHINERY,RAIL,2,0.06,12,Brand#22,SM BAG,8,20,0,33695.64
O,O,N,COLLECT COD,Manufacturer#3,2-HIGH,4,HOUSEHOLD,TRUCK,6,0.01,21,Brand#34,MED JAR,48,23,1,36128.7036
O,O,N,DELIVER IN PERSON,Manufacturer#4,5-LOW,0,BUILDING,FOB,3,0.05,18,Brand#43,JUMBO CASE,19,13,2,16936.218
O,O,N,NONE,Manufacturer#2,5-LOW,0,BUILDING,MAIL,7,0.01,18,Brand#21,LG DRUM,21,25,2,34161.4
O,O,N,COLLECT COD,Manufacturer#1,5-LOW,0,BUILDING,REG AIR,6,0.04,8,Brand#13,LG PACK,1,3,3,3686.7618
O,O,N,DELIVER IN PERSON,Manufacturer#4,2-HIGH,3,AUTOMOBILE,FOB,5,0.07,8,Brand#43,WRAP CAN,44,13,3,23201.5173
O,O,N,COLLECT COD,Manufacturer#1,2-HIGH,3,AUTOMOBILE,RAIL,1,0.03,9,Brand#14,SM JAR,20,38,4,66912.3
F,F,A,COLLECT COD,Manufacturer#3,5-LOW,3,AUTOMOBILE,FOB,7,0.05,8,Brand#33,LG BOX,40,5,3,7413.807
F,F,A,NONE,Manufacturer#2,5-LOW,3,AUTOMOBILE,TRUCK,4,0.07,18,Brand#25,WRAP CASE,21,32,2,44304.1632
O,O,N,COLLECT COD,Manufacturer#5,2-HIGH,3,FURNITURE,RAIL,4,0.01,9,Brand#53,WRAP DRUM,46,14,4,17374.4592
F,F,R,TAKE BACK RETURN,Manufacturer#2,4-NOT SPECIFIED,1,BUILDING,AIR,3,0.02,21,Brand#24,JUMBO BAG,25,3,1,4441.71
F,F,R,NONE,Manufacturer#2,4-NOT SPECIFIED,1,BUILDING,MAIL,4,0.01,21,Brand#25,JUMBO BOX,36,23,1,29838.0357
F,F,R,DELIVER IN PERSON,Manufacturer#3,1-URGENT,2,FURNITURE,AIR,4,0.08,12,Brand#34,MED CASE,43,29,0,29861.184
O,O,N,COLLECT COD,Manufacturer#3,1-URGENT,1,AUTOMOBILE,MAIL,1,0.05,21,Brand#31,LG PKG,47,26,1,30096.7524
O,O,N,TAKE BACK RETURN,Manufacturer#2,2-HIGH,0,MACHINERY,MAIL,3,0.01,21,Brand#21,WRAP DRUM,31,26,1,23886.382
F,F,R,DELIVER IN PERSON,Manufacturer#2,5-LOW,4,HOUSEHOLD,TRUCK,3,0.03,8,Brand#23,JUMBO PKG,15,49,3,48432.7662
F,F,R,TAKE BACK RETURN,Manufacturer#1,5-LOW,4,HOUSEHOLD,MAIL,5,0.06,8,Brand#14,SM CAN,2,28,3,29378.8488
F,F,A,NONE,Manufacturer#2,4-NOT SPECIFIED,0,BUILDING,TRUCK,4,0.08,9,Brand#21,MED JAR,29,23,4,41991.1184
F,F,R,COLLECT COD,Manufacturer#3,4-NOT SPECIFIED,0,BUILDING,MAIL,6,0.03,8,Brand#32,JUMBO CASE,40,11,3,18197.8401
O,O,N,TAKE BACK RETURN,Manufacturer#5,4-NOT SPECIFIED,1,BUILDING,SHIP,1,0.05,12,Brand#52,WRAP CASE,36,40,0,68852.58
O,O,N,TAKE BACK RETURN,Manufacturer#3,4-NOT SPECIFIED,1,BUILDING,SHIP,4,0.08,18,Brand#35,WRAP BOX,33,3,2,4143.501
F,P,N,TAKE BACK RETURN,Manufacturer#3,5-LOW,4,HOUSEHOLD,RAIL,3,0.01,9,Brand#35,SM JAR,39,1,4,906.8151
O,P,N,COLLECT COD,Manufacturer#4,5-LOW,4,HOUSEHOLD,FOB,6,0.05,12,Brand#45,MED PKG,8,35,0,45845.821
O,P,N,DELIVER IN PERSON,Manufacturer#1,5-LOW,4,HOUSEHOLD,REG AIR,7,0.03,9,Brand#13,WRAP BOX,5,9,4,9576.2394
F,F,A,DELIVER IN PERSON,Manufacturer#2,1-URGENT,0,BUILDING,FOB,2,0.08,12,Brand#21,LG DRUM,21,11,0,16187.248
O,O,N,COLLECT COD,Manufacturer#2,3-MEDIUM,4,MACHINERY,FOB,3,0.08,18,Brand#25,SM BAG,44,46,2,63381.9924
O,O,N,TAKE BACK RETURN,Manufacturer#4,3-MEDIUM,4,MACHINERY,SHIP,1,0.02,12,Brand#42,JUMBO JAR,46,20,0,23777.682
F,F,A,TAKE BACK RETURN,Manufacturer#5,4-NOT SPECIFIED,3,AUTOMOBILE,TRUCK,3,0.08,9,Brand#55,MED CASE,31,34,4,57146.52
O,O,N,DELIVER IN PERSON,Manufacturer#4,2-HIGH,4,AUTOMOBILE,MAIL,4,0.05,9,Brand#42,MED PACK,24,32,4,52104.9984
O,O,N,DELIVER IN PERSON,Manufacturer#5,2-HIGH,4,AUTOMOBILE,TRUCK,5,0.01,12,Brand#54,SM BAG,1,44,0,75176.7192
O,O,N,TAKE BACK RETURN,Manufacturer#4,1-URGENT,2,FURNITURE,SHIP,1,0.05,18,Brand#43,WRAP CASE,44,16,2,22596.9168
O,O,N,COLLECT COD,Manufacturer#3,2-HIGH,0,FURNITURE,SHIP,7,0.07,21,Brand#32,WRAP PKG,29,9,1,13863.6558
O,O,N,TAKE BACK RETURN,Manufacturer#5,2-HIGH,0,FURNITURE,REG AIR,2,0,8,Brand#52,JUMBO PKG,8,13,3,20179.614
O,O,N,COLLECT COD,Manufacturer#5,2-HIGH,0,FURNITURE,TRUCK,3,0.08,12,Brand#52,WRAP CAN,4,48,0,75558.7584
O,O,N,COLLECT COD,Manufacturer#4,2-HIGH,0,FURNITURE,MAIL,6,0.06,18,Brand#45,LG JAR,47,39,2,41267.85
O,O,N,DELIVER IN PERSON,Manufacturer#2,2-HIGH,0,FURNITURE,MAIL,4,0.06,18,Brand#23,JUMBO BOX,40,4,2,7098.248
O,O,N,NONE,Manufacturer#2,4-NOT SPECIFIED,1,MACHINERY,AIR,4,0.02,8,Brand#25,JUMBO CAN,19,23,3,40016.09
O,O,N,TAKE BACK RETURN,Manufacturer#5,4-NOT SPECIFIED,1,MACHINERY,RAIL,1,0.02,21,Brand#54,WRAP BAG,15,12,1,18088.152
F,F,R,NONE,Manufacturer#2,3-MEDIUM,4,FURNITURE,SHIP,2,0.07,9,Brand#21,MED JAR,8,41,4,45591.4998
F,F,R,NONE,Manufacturer#4,3-MEDIUM,1,HOUSEHOLD,AIR,1,0.07,9,Brand#43,LG CASE,13,44,4,45444.124
O,O,N,TAKE BACK RETURN,Manufacturer#5,3-MEDIUM,3,FURNITURE,MAIL,1,0.06,8,Brand#52,LG BAG,32,30,3,29066.94
O,O,N,COLLECT COD,Manufacturer#1,2-HIGH,1,FURNITURE,SHIP,2,0.06,9,Brand#11,LG PKG,20,7,4,8928.4734
F,F,A,TAKE BACK RETURN,Manufacturer#5,3-MEDIUM,3,BUILDING,RAIL,1,0.02,9,Brand#54,WRAP CAN,11,26,4,34007.0016
F,F,R,DELIVER IN PERSON,Manufacturer#5,2-HIGH,1,HOUSEHOLD,SHIP,1,0.04,9,Brand#51,WRAP BOX,25,48,4,69750.672
F,F,R,NONE,Manufacturer#3,5-LOW,1,BUILDING,AIR,4,0,9,Brand#32,LG CAN,33,24,4,27581.76
O,O,N,NONE,Manufacturer#2,3-MEDIUM,1,HOUSEHOLD,AIR,2,0.03,18,Brand#22,LG PACK,5,37,2,60945.5712
O,O,N,DELIVER IN PERSON,Manufacturer#3,3-MEDIUM,1,HOUSEHOLD,MAIL,3,0.03,21,Brand#35,SM PACK,4,15,1,21221.9025
O,O,N,DELIVER IN PERSON,Manufacturer#5,2-HIGH,2,FURNITURE,RAIL,1,0.04,18,Brand#53,WRAP CASE,1,39,2,46264.92
O,O,N,DELIVER IN PERSON,Manufacturer#3,5-LOW,2,AUTOMOBILE,FOB,2,0.07,21,Brand#31,JUMBO DRUM,23,6,1,6595.14
F,F,A,NONE,Manufacturer#1,5-LOW,1,FURNITURE,FOB,2,0.03,9,Brand#12,SM BAG,46,2,4,1767.92
F,P,R,TAKE BACK RETURN,Manufacturer#4,3-MEDIUM,0,AUTOMOBILE,RAIL,4,0.05,18,Brand#43,WRAP CAN,44,38,2,64323.9528
O,O,N,DELIVER IN PERSON,Manufacturer#4,4-NOT SPECIFIED,4,FURNITURE,AIR,4,0,18,Brand#43,MED PACK,37,31,2,53717.73
O,O,N,DELIVER IN PERSON,Manufacturer#2,4-NOT SPECIFIED,4,FURNITURE,REG AIR,5,0.02,9,Brand#25,JUMBO PKG,39,36,4,58920.444
O,O,N,NONE,Manufacturer#1,4-NOT SPECIFIED,4,FURNITURE,REG AIR,1,0.08,21,Brand#15,LG CAN,6,7,1,8411.0117
O,O,N,TAKE BACK RETURN,Manufacturer#4,4-NOT SPECIFIED,4,FURNITURE,MAIL,2,0.05,12,Brand#45,LG PKG,16,25,0,26813.0625
O,O,N,NONE,Manufacturer#3,4-NOT SPECIFIED,4,FURNITURE,TRUCK,6,0.05,12,Brand#35,JUMBO CASE,12,32,0,47743.2
O,O,N,NONE,Manufacturer#5,1-URGENT,3,MACHINERY,RAIL,6,0.04,21,Brand#52,MED PKG,32,36,1,39635.7768
O,O,N,TAKE BACK RETURN,Manufacturer#3,3-MEDIUM,2,AUTOMOBILE,AIR,6,0.05,12,Brand#33,LG PKG,12,5,0,6217.393
F,F,A,COLLECT COD,Manufacturer#3,5-LOW,3,HOUSEHOLD,MAIL,4,0.06,12,Brand#32,LG PKG,21,18,0,24528.6954
F,F,R,DELIVER IN PERSON,Manufacturer#3,5-LOW,3,HOUSEHOLD,REG AIR,3,0.08,18,Brand#33,LG PACK,13,11,2,10886.3568
O,O,N,DELIVER IN PERSON,Manufacturer#2,3-MEDIUM,2,BUILDING,REG AIR,1,0.08,21,Brand#25,LG CASE,10,31,1,52446.916
O,O,N,COLLECT COD,Manufacturer#3,4-NOT SPECIFIED,4,HOUSEHOLD,MAIL,5,0.04,8,Brand#33,LG BOX,40,43,3,61786.8204
O,O,N,COLLECT COD,Manufacturer#1,4-NOT SPECIFIED,4,HOUSEHOLD,SHIP,7,0.06,9,Brand#13,WRAP BOX,5,31,4,33709.7658
F,F,R,TAKE BACK RETURN,Manufacturer#1,5-LOW,4,HOUSEHOLD,REG AIR,1,0.02,21,Brand#13,WRAP DRUM,19,43,1,42893.9147
F,F,A,TAKE BACK RETURN,Manufacturer#3,2-HIGH,4,BUILDING,TRUCK,5,0.05,9,Brand#33,LG CAN,1,16,4,27157.5168
F,F,R,DELIVER IN PERSON,Manufacturer#4,2-HIGH,1,MACHINERY,FOB,4,0,18,Brand#43,JUMBO BOX,3,22,2,35457.62
F,F,R,TAKE BACK RETURN,Manufacturer#4,2-HIGH,1,MACHINERY,AIR,3,0.06,21,Brand#42,MED CASE,29,21,1,25423.0914
F,F,R,DELIVER IN PERSON,Manufacturer#5,2-HIGH,0,FURNITURE,REG AIR,2,0.01,9,Brand#51,WRAP JAR,42,28,4,42163.03
F,F,R,NONE,Manufacturer#4,2-HIGH,0,FURNITURE,AIR,1,0.02,12,Brand#44,JUMBO PKG,19,18,0,15368.0112
O,O,N,TAKE BACK RETURN,Manufacturer#1,3-MEDIUM,2,AUTOMOBILE,REG AIR,4,0.08,8,Brand#12,JUMBO BAG,40,23,3,30406.3128
F,F,A,DELIVER IN PERSON,Manufacturer#4,2-HIGH,3,FURNITURE,MAIL,3,0.07,18,Brand#44,WRAP BAG,3,26,2,42800.901
F,F,R,DELIVER IN PERSON,Manufacturer#5,2-HIGH,3,FURNITURE,MAIL,1,0.07,9,Brand#53,SM CAN,32,30,4,41609.76
O,O,N,COLLECT COD,Manufacturer#4,4-NOT SPECIFIED,2,HOUSEHOLD,MAIL,6,0.04,8,Brand#45,SM CASE,38,1,3,1514.8102
O,O,N,NONE,Manufacturer#5,4-NOT SPECIFIED,2,HOUSEHOLD,RAIL,2,0.07,21,Brand#51,MED BAG,15,35,1,44998.38
O,O,N,NONE,Manufacturer#1,4-NOT SPECIFIED,2,HOUSEHOLD,SHIP,1,0.03,9,Brand#13,SM PKG,3,26,4,38729.08
O,O,N,COLLECT COD,Manufacturer#3,2-HIGH,4,BUILDING,SHIP,2,0.04,18,Brand#31,SM CASE,30,24,2,22977.3456
O,O,N,COLLECT COD,Manufacturer#5,2-HIGH,4,BUILDING,TRUCK,4,0.07,18,Brand#51,JUMBO PACK,19,30,2,54619.827
O,O,N,COLLECT COD,Manufacturer#2,2-HIGH,4,BUILDING,REG AIR,5,0.05,8,Brand#22,JUMBO CASE,1,17,3,28135.629
O,O,N,TAKE BACK RETURN,Manufacturer#5,2-HIGH,4,BUILDING,TRUCK,3,0,12,Brand#52,SM PACK,19,30,0,33456.3
F,F,R,COLLECT COD,Manufacturer#1,5-LOW,2,FURNITURE,FOB,2,0.08,9,Brand#15,JUMBO PKG,26,46,4,59542.2666
O,O,N,DELIVER IN PERSON,Manufacturer#3,5-LOW,1,MACHINERY,FOB,5,0.04,8,Brand#32,LG CAN,33,22,3,22754.952
F,F,A,COLLECT COD,Manufacturer#4,4-NOT SPECIFIED,3,AUTOMOBILE,RAIL,3,0.01,8,Brand#43,JUMBO CAN,42,6,3,5829.7536
F,F,R,NONE,Manufacturer#5,4-NOT SPECIFIED,3,AUTOMOBILE,TRUCK,5,0.06,8,Brand#55,WRAP PKG,27,12,3,20721.84
F,P,A,COLLECT COD,Manufacturer#3,5-LOW,3,BUILDING,AIR,3,0,12,Brand#34,JUMBO CAN,28,1,0,1386.2198
O,P,N,NONE,Manufacturer#4,5-LOW,3,BUILDING,FOB,2,0.01,8,Brand#45,LG CASE,45,20,3,29058.032
F,F,R,COLLECT COD,Manufacturer#3,1-URGENT,2,AUTOMOBILE,RAIL,1,0.06,21,Brand#34,SM PKG,32,16,1,29271.3696
O,O,N,TAKE BACK RETURN,Manufacturer#5,5-LOW,1,MACHINERY,SHIP,7,0.05,12,Brand#52,SM PKG,2,11,0,14746.9542
O,O,N,TAKE BACK RETURN,Manufacturer#4,5-LOW,1,MACHINERY,SHIP,5,0.06,21,Brand#44,SM BAG,23,40,1,70046.856
O,O,N,NONE,Manufacturer#5,5-LOW,1,MACHINERY,SHIP,6,0.04,8,Brand#52,LG CAN,23,45,3,71820.1575
O,O,N,TAKE BACK RETURN,Manufacturer#1,5-LOW,1,MACHINERY,REG AIR,3,0,18,Brand#15,JUMBO JAR,49,26,2,44513.9292
F,F,A,NONE,Manufacturer#4,3-MEDIUM,2,MACHINERY,SHIP,1,0.04,21,Brand#43,JUMBO PKG,17,43,1,53349.8592
F,F,R,NONE,Manufacturer#4,3-MEDIUM,2,AUTOMOBILE,RAIL,1,0.04,21,Brand#42,JUMBO BAG,1,24,1,38531.808
O,O,N,NONE,Manufacturer#5,4-NOT SPECIFIED,2,MACHINERY,MAIL,1,0.05,21,Brand#51,LG BOX,48,7,1,7929.5832
O,O,N,NONE,Manufacturer#2,4-NOT SPECIFIED,2,MACHINERY,FOB,5,0.06,18,Brand#21,LG PACK,33,50,2,47339.395
F,F,R,NONE,Manufacturer#5,3-MEDIUM,0,BUILDING,REG AIR,2,0.03,9,Brand#55,LG JAR,38,48,4,65219.7744
F,F,R,TAKE BACK RETURN,Manufacturer#5,3-MEDIUM,0,BUILDING,TRUCK,3,0.06,9,Brand#53,MED CASE,28,49,4,49909.5135
O,O,N,TAKE BACK RETURN,Manufacturer#3,4-NOT SPECIFIED,0,BUILDING,FOB,1,0.05,18,Brand#31,MED PKG,21,35,2,43403.1465
F,F,R,TAKE BACK RETURN,Manufacturer#3,4-NOT SPECIFIED,3,AUTOMOBILE,MAIL,1,0.03,21,Brand#33,WRAP BOX,49,23,1,22552.0405
F,F,A,NONE,Manufacturer#1,5-LOW,0,BUILDING,FOB,4,0.01,21,Brand#12,LG PKG,1,35,1,35426.118
O,O,N,TAKE BACK RETURN,Manufacturer#4,4-NOT SPECIFIED,0,MACHINERY,RAIL,2,0.05,21,Brand#45,MED JAR,35,20,1,20538.264
O,O,N,COLLECT COD,Manufacturer#4,4-NOT SPECIFIED,0,MACHINERY,FOB,1,0.01,18,Brand#45,WRAP DRUM,31,34,2,32025.8886
F,F,A,NONE,Manufacturer#4,5-LOW,2,FURNITURE,TRUCK,1,0.03,8,Brand#45,SM DRUM,27,35,3,35728.6545
F,F,A,NONE,Manufacturer#3,3-MEDIUM,1,BUILDING,MAIL,5,0.02,18,Brand#34,MED BAG,32,22,2,19646.627
F,F,A,NONE,Manufacturer#5,2-HIGH,4,BUILDING,MAIL,1,0.08,21,Brand#54,MED CASE,41,27,1,36713.1852
O,O,N,COLLECT COD,Manufacturer#3,1-URGENT,2,FURNITURE,REG AIR,2,0,12,Brand#33,MED PKG,49,40,0,48333.488
O,O,N,COLLECT COD,Manufacturer#4,2-HIGH,1,AUTOMOBILE,RAIL,4,0.01,18,Brand#45,WRAP DRUM,2,26,2,25761.9648
O,O,N,NONE,Manufacturer#3,2-HIGH,1,AUTOMOBILE,REG AIR,1,0.01,21,Brand#35,JUMBO PKG,38,33,1,42488.5164
O,O,N,NONE,Manufacturer#1,2-HIGH,1,AUTOMOBILE,RAIL,2,0.03,8,Brand#13,LG PACK,1,32,3,38479.7504
F,F,R,NONE,Manufacturer#5,5-LOW,2,MACHINERY,REG AIR,1,0.05,9,Brand#53,MED CASE,28,6,4,6433.02
F,F,A,DELIVER IN PERSON,Manufacturer#2,5-LOW,2,MACHINERY,SHIP,6,0.08,21,Brand#22,JUMBO PKG,35,49,1,47154.0377
F,F,A,DELIVER IN PERSON,Manufacturer#2,5-LOW,2,MACHINERY,RAIL,2,0.05,21,Brand#23,SM PACK,36,41,1,54411.633
F,F,A,TAKE BACK RETURN,Manufacturer#1,2-HIGH,2,AUTOMOBILE,RAIL,4,0,8,Brand#12,MED JAR,23,3,3,2633.9646
F,F,A,COLLECT COD,Manufacturer#2,2-HIGH,2,AUTOMOBILE,AIR,5,0.05,18,Brand#25,SM BAG,3,28,2,45249.1676
F,F,A,TAKE BACK RETURN,Manufacturer#5,2-HIGH,2,AUTOMOBILE,FOB,3,0.03,8,Brand#51,WRAP CASE,1,38,3,56904.3882
F,F,A,TAKE BACK RETURN,Manufacturer#3,2-HIGH,2,AUTOMOBILE,SHIP,1,0,12,Brand#33,SM CASE,46,11,0,9831.6438
F,F,A,COLLECT COD,Manufacturer#5,2-HIGH,2,AUTOMOBILE,TRUCK,2,0.05,8,Brand#54,WRAP CAN,12,41,3,37078.6944
F,F,R,COLLECT COD,Manufacturer#5,2-HIGH,1,HOUSEHOLD,RAIL,1,0,12,Brand#53,SM CASE,17,23,0,33017.19
O,O,N,TAKE BACK RETURN,Manufacturer#1,2-HIGH,0,FURNITURE,AIR,1,0.06,8,Brand#11,LG DRUM,24,34,3,53702.1772
O,O,N,COLLECT COD,Manufacturer#1,1-URGENT,1,HOUSEHOLD,SHIP,7,0.02,9,Brand#13,LG CAN,35,48,4,80758.7424
O,O,N,DELIVER IN PERSON,Manufacturer#4,1-URGENT,1,HOUSEHOLD,MAIL,4,0.04,21,Brand#42,JUMBO BAG,1,24,1,41956.8576
O,O,N,COLLECT COD,Manufacturer#3,1-URGENT,1,HOUSEHOLD,MAIL,2,0.02,8,Brand#32,SM JAR,18,22,3,29584.159
O,P,N,COLLECT COD,Manufacturer#4,4-NOT SPECIFIED,4,HOUSEHOLD,SHIP,3,0.08,18,Brand#45,JUMBO CAN,34,27,2,44097.5502
F,P,N,COLLECT COD,Manufacturer#2,4-NOT SPECIFIED,4,HOUSEHOLD,AIR,2,0.05,9,Brand#25,JUMBO CASE,22,13,4,17333.225
O,P,N,COLLECT COD,Manufacturer#3,4-NOT SPECIFIED,4,HOUSEHOLD,SHIP,5,0.03,21,Brand#33,MED BOX,39,27,1,25092.1152
F,F,R,COLLECT COD,Manufacturer#4,2-HIGH,0,BUILDING,TRUCK,5,0.05,9,Brand#44,SM JAR,27,6,4,8703.3
F,F,A,NONE,Manufacturer#5,5-LOW,0,BUILDING,RAIL,1,0.08,9,Brand#55,JUMBO CAN,42,8,4,9403.708
O,O,N,NONE,Manufacturer#3,4-NOT SPECIFIED,0,MACHINERY,TRUCK,1,0.06,21,Brand#32,LG PKG,36,26,1,29555.6976
F,F,A,TAKE BACK RETURN,Manufacturer#3,2-HIGH,3,BUILDING,REG AIR,1,0.04,8,Brand#35,SM DRUM,21,40,3,44039.52
F,F,A,DELIVER IN PERSON,Manufacturer#4,1-URGENT,1,BUILDING,REG AIR,1,0.01,8,Brand#44,SM CASE,16,50,3,44463.6
F,F,R,TAKE BACK RETURN,Manufacturer#1,5-LOW,4,FURNITURE,TRUCK,5,0.02,9,Brand#12,SM BAG,46,24,4,20349.12
F,F,A,COLLECT COD,Manufacturer#3,2-HIGH,1,AUTOMOBILE,REG AIR,6,0.07,18,Brand#34,JUMBO CAN,48,34,2,39193.1872
F,F,R,DELIVER IN PERSON,Manufacturer#1,2-HIGH,1,AUTOMOBILE,MAIL,5,0.05,12,Brand#15,SM PACK,1,33,0,57143.5524
O,O,N,DELIVER IN PERSON,Manufacturer#1,1-URGENT,3,BUILDING,RAIL,3,0.07,21,Brand#13,MED DRUM,4,44,1,73345.4568
O,O,N,NONE,Manufacturer#3,1-URGENT,3,BUILDING,REG AIR,2,0,8,Brand#32,LG CAN,33,19,3,21398.8488
O,O,N,COLLECT COD,Manufacturer#4,4-NOT SPECIFIED,4,FURNITURE,RAIL,3,0.02,18,Brand#45,WRAP BAG,8,36,2,61522.038
O,O,N,DELIVER IN PERSON,Manufacturer#5,4-NOT SPECIFIED,4,FURNITURE,TRUCK,2,0.03,18,Brand#55,JUMBO CASE,25,22,2,19715.1768
F,F,A,NONE,Manufacturer#1,2-HIGH,0,MACHINERY,MAIL,3,0.06,8,Brand#12,LG BAG,45,4,3,5878.3928
F,F,A,TAKE BACK RETURN,Manufacturer#2,2-HIGH,0,MACHINERY,FOB,4,0.02,18,Brand#21,SM CAN,48,34,2,39700.134
F,F,A,DELIVER IN PERSON,Manufacturer#5,2-HIGH,0,MACHINERY,MAIL,6,0.08,18,Brand#52,SM PACK,10,43,2,57466.49
F,F,R,TAKE BACK RETURN,Manufacturer#5,2-HIGH,0,MACHINERY,MAIL,2,0.01,9,Brand#52,LG CASE,21,17,4,27823.543
F,F,A,TAKE BACK RETURN,Manufacturer#4,4-NOT SPECIFIED,4,FURNITURE,FOB,3,0.06,12,Brand#42,WRAP JAR,32,8,0,11019.12
F,F,R,COLLECT COD,Manufacturer#1,4-NOT SPECIFIED,4,FURNITURE,FOB,1,0.04,9,Brand#14,SM BOX,26,22,4,22052.2368
F,F,R,DELIVER IN PERSON,Manufacturer#5,4-NOT SPECIFIED,4,FURNITURE,FOB,5,0.03,18,Brand#54,MED CAN,9,18,2,19195.4952
O,O,N,TAKE BACK RETURN,Manufacturer#2,1-URGENT,3,HOUSEHOLD,REG AIR,1,0.03,12,Brand#25,WRAP PACK,37,1,0,1823.9904
O,O,N,DELIVER IN PERSON,Manufacturer#4,1-URGENT,3,HOUSEHOLD,AIR,4,0.07,18,Brand#43,WRAP CASE,24,3,2,5011.065
O,O,N,COLLECT COD,Manufacturer#5,3-MEDIUM,1,AUTOMOBILE,AIR,3,0.05,18,Brand#52,SM DRUM,32,8,2,13278.1376
F,F,A,DELIVER IN PERSON,Manufacturer#2,1-URGENT,4,HOUSEHOLD,REG AIR,6,0.04,12,Brand#21,WRAP BOX,19,34,0,59042.496
F,F,R,COLLECT COD,Manufacturer#1,1-URGENT,4,HOUSEHOLD,RAIL,4,0.02,12,Brand#15,WRAP BAG,6,4,0,6905.6064
F,F,A,COLLECT COD,Manufacturer#5,1-URGENT,4,HOUSEHOLD,MAIL,2,0.05,12,Brand#54,MED PKG,43,38,0,59949.7576
F,F,A,COLLECT COD,Manufacturer#4,1-URGENT,4,HOUSEHOLD,RAIL,5,0.06,9,Brand#43,LG DRUM,19,37,4,31726.7082
O,O,N,COLLECT COD,Manufacturer#5,3-MEDIUM,2,BUILDING,AIR,1,0.01,18,Brand#54,LG PKG,22,38,2,37626.84
F,F,A,TAKE BACK RETURN,Manufacturer#1,4-NOT SPECIFIED,3,AUTOMOBILE,TRUCK,1,0.02,8,Brand#13,JUMBO BOX,28,8,3,6873.3552
O,O,N,TAKE BACK RETURN,Manufacturer#1,1-URGENT,4,BUILDING,SHIP,1,0.07,9,Brand#15,MED CASE,17,17,4,25404.528
F,F,A,TAKE BACK RETURN,Manufacturer#2,5-LOW,4,HOUSEHOLD,RAIL,5,0.03,21,Brand#23,LG PACK,13,5,1,7627.4495
F,F,A,COLLECT COD,Manufacturer#2,5-LOW,4,HOUSEHOLD,REG AIR,3,0.02,9,Brand#22,MED JAR,8,25,4,27454.11
F,F,A,DELIVER IN PERSON,Manufacturer#2,5-LOW,4,HOUSEHOLD,AIR,6,0.08,18,Brand#25,SM CASE,27,1,2,940.04
O,O,N,DELIVER IN PERSON,Manufacturer#5,4-NOT SPECIFIED,4,AUTOMOBILE,RAIL,1,0.01,9,Brand#54,MED CASE,49,4,4,5644.3296
F,F,A,TAKE BACK RETURN,Manufacturer#5,3-MEDIUM,2,FURNITURE,FOB,1,0.07,9,Brand#51,SM JAR,9,16,4,19345.7088
F,F,R,TAKE BACK RETURN,Manufacturer#2,4-NOT SPECIFIED,1,BUILDING,MAIL,2,0.03,8,Brand#22,JUMBO CAN,42,3,3,5035.6614
F,F,R,COLLECT COD,Manufacturer#2,4-NOT SPECIFIED,1,BUILDING,MAIL,6,0.03,21,Brand#21,JUMBO CAN,29,36,1,56044.566
F,F,A,TAKE BACK RETURN,Manufacturer#5,4-NOT SPECIFIED,1,BUILDING,SHIP,3,0.03,8,Brand#55,JUMBO PACK,1,18,3,16269.8382
F,F,A,COLLECT COD,Manufacturer#1,4-NOT SPECIFIED,1,BUILDING,SHIP,7,0.07,18,Brand#15,JUMBO PACK,27,40,2,63784.116
F,F,A,COLLECT COD,Manufacturer#2,5-LOW,3,AUTOMOBILE,AIR,4,0.05,9,Brand#23,LG JAR,15,33,4,39216.474
O,O,N,TAKE BACK RETURN,Manufacturer#1,3-MEDIUM,0,AUTOMOBILE,FOB,3,0,18,Brand#15,WRAP BOX,48,7,2,11339.3784
O,O,N,NONE,Manufacturer#5,3-MEDIUM,0,AUTOMOBILE,RAIL,2,0.03,21,Brand#52,MED PKG,32,16,1,17803.304
F,F,R,TAKE BACK RETURN,Manufacturer#4,4-NOT SPECIFIED,4,MACHINERY,REG AIR,1,0,8,Brand#42,WRAP CAN,16,25,3,35520.2625
O,O,N,COLLECT COD,Manufacturer#1,1-URGENT,0,AUTOMOBILE,AIR,1,0.01,18,Brand#12,JUMBO CAN,14,23,2,19230.714
F,F,R,TAKE BACK RETURN,Manufacturer#4,2-HIGH,2,MACHINERY,SHIP,3,0.03,21,Brand#44,WRAP BAG,38,2,1,3517.0454
F,F,R,TAKE BACK RETURN,Manufacturer#3,2-HIGH,2,MACHINERY,FOB,1,0.02,18,Brand#34,JUMBO JAR,20,14,2,18390.9684
O,O,N,DELIVER IN PERSON,Manufacturer#1,1-URGENT,4,AUTOMOBILE,AIR,2,0.02,21,Brand#14,MED BOX,1,45,1,60466.77
O,O,N,NONE,Manufacturer#5,1-URGENT,4,AUTOMOBILE,MAIL,5,0.06,18,Brand#53,MED JAR,12,5,2,7234.2115
O,O,N,TAKE BACK RETURN,Manufacturer#5,2-HIGH,1,BUILDING,REG AIR,2,0.07,21,Brand#54,LG CAN,49,13,1,13821.08
O,O,N,TAKE BACK RETURN,Manufacturer#3,4-NOT SPECIFIED,4,BUILDING,REG AIR,1,0.06,9,Brand#31,MED JAR,42,9,4,12022.4736
O,O,N,NONE,Manufacturer#4,4-NOT SPECIFIED,3,FURNITURE,TRUCK,5,0.02,8,Brand#41,MED CAN,8,48,3,75922.2288
O,O,N,NONE,Manufacturer#5,4-NOT SPECIFIED,3,FURNITURE,RAIL,1,0.05,18,Brand#53,WRAP CAN,18,29,2,34425.4302
F,F,R,DELIVER IN PERSON,Manufacturer#2,3-MEDIUM,4,BUILDING,MAIL,4,0.02,21,Brand#24,MED PKG,13,9,1,10465.3458
F,F,R,COLLECT COD,Manufacturer#3,3-MEDIUM,4,BUILDING,MAIL,3,0.02,21,Brand#34,SM CAN,5,47,1,55536.5912
O,O,N,DELIVER IN PERSON,Manufacturer#1,4-NOT SPECIFIED,0,BUILDING,RAIL,1,0,18,Brand#15,JUMBO PACK,27,8,2,12370.2528
O,O,N,NONE,Manufacturer#1,4-NOT SPECIFIED,0,BUILDING,RAIL,2,0,18,Brand#12,JUMBO CAN,14,33,2,30657.66
F,F,R,COLLECT COD,Manufacturer#4,4-NOT SPECIFIED,3,AUTOMOBILE,FOB,1,0.07,12,Brand#44,WRAP PACK,34,11,0,19110.3165
F,F,A,NONE,Manufacturer#5,4-NOT SPECIFIED,3,AUTOMOBILE,RAIL,2,0.01,9,Brand#51,MED CASE,27,30,4,39678.12
F,F,A,COLLECT COD,Manufacturer#2,5-LOW,2,FURNITURE,SHIP,1,0.07,18,Brand#24,JUMBO CAN,29,10,2,15116.1
F,F,R,NONE,Manufacturer#3,5-LOW,2,FURNITURE,RAIL,2,0.02,8,Brand#35,LG CAN,42,8,3,7929.2304
F,F,R,COLLECT COD,Manufacturer#1,4-NOT SPECIFIED,1,FURNITURE,MAIL,1,0.05,18,Brand#12,SM DRUM,47,26,2,34281.8112
F,F,A,COLLECT COD,Manufacturer#1,4-NOT SPECIFIED,1,FURNITURE,TRUCK,2,0,21,Brand#11,WRAP JAR,24,26,1,42984.162
F,F,A,TAKE BACK RETURN,Manufacturer#5,4-NOT SPECIFIED,4,BUILDING,TRUCK,1,0.08,8,Brand#52,WRAP DRUM,36,48,3,64542.4896
F,F,A,TAKE BACK RETURN,Manufacturer#3,2-HIGH,3,HOUSEHOLD,SHIP,1,0.05,9,Brand#33,WRAP CASE,34,49,4,78863.6772
O,O,N,NONE,Manufacturer#5,1-URGENT,4,AUTOMOBILE,AIR,5,0.07,21,Brand#54,LG CAN,35,47,1,47563.248
F,F,A,TAKE BACK RETURN,Manufacturer#4,1-URGENT,0,BUILDING,FOB,1,0.01,12,Brand#44,SM PKG,50,34,0,53173.7696
F,F,R,DELIVER IN PERSON,Manufacturer#4,3-MEDIUM,1,MACHINERY,REG AIR,7,0.01,8,Brand#43,LG DRUM,12,45,3,51483.825
F,F,A,TAKE BACK RETURN,Manufacturer#1,3-MEDIUM,1,MACHINERY,RAIL,6,0.06,18,Brand#13,WRAP JAR,27,40,2,38129.584
F,F,R,NONE,Manufacturer#5,5-LOW,4,FURNITURE,RAIL,3,0.01,9,Brand#54,LG JAR,19,17,4,15570.096
F,F,A,COLLECT COD,Manufacturer#2,5-LOW,4,FURNITURE,RAIL,1,0.02,9,Brand#24,JUMBO DRUM,50,36,4,56403.1584
F,P,N,DELIVER IN PERSON,Manufacturer#2,4-NOT SPECIFIED,3,AUTOMOBILE,RAIL,2,0.01,18,Brand#22,WRAP DRUM,23,10,2,8748.63
O,O,N,COLLECT COD,Manufacturer#4,4-NOT SPECIFIED,3,AUTOMOBILE,SHIP,4,0.02,21,Brand#42,SM PKG,2,12,1,10746.972
O,O,N,DELIVER IN PERSON,Manufacturer#3,4-NOT SPECIFIED,4,FURNITURE,MAIL,1,0.04,21,Brand#31,JUMBO BAG,9,21,1,19488.42
F,F,A,NONE,Manufacturer#4,1-URGENT,3,AUTOMOBILE,MAIL,3,0.03,12,Brand#45,SM CASE,26,31,0,51646.868
F,F,A,DELIVER IN PERSON,Manufacturer#4,1-URGENT,0,AUTOMOBILE,MAIL,7,0.03,21,Brand#41,WRAP PKG,26,35,1,41135.647
O,O,N,COLLECT COD,Manufacturer#2,5-LOW,2,MACHINERY,SHIP,1,0.05,21,Brand#25,JUMBO BOX,36,13,1,15331.797
O,O,N,DELIVER IN PERSON,Manufacturer#3,4-NOT SPECIFIED,3,BUILDING,AIR,1,0.05,8,Brand#32,SM CASE,9,18,3,31671.9126
F,F,R,DELIVER IN PERSON,Manufacturer#4,2-HIGH,4,HOUSEHOLD,SHIP,2,0.02,18,Brand#41,WRAP PKG,26,16,2,17845.4352
O,O,N,TAKE BACK RETURN,Manufacturer#3,1-URGENT,0,MACHINERY,MAIL,2,0,12,Brand#32,JUMBO BAG,42,1,0,933.6096
O,O,N,COLLECT COD,Manufacturer#2,1-URGENT,0,MACHINERY,SHIP,3,0.06,9,Brand#24,WRAP CAN,34,23,4,34743.8
O,O,N,NONE,Manufacturer#3,1-URGENT,4,HOUSEHOLD,FOB,5,0.08,8,Brand#34,SM PACK,25,9,3,9179.163
F,F,A,TAKE BACK RETURN,Manufacturer#1,3-MEDIUM,3,HOUSEHOLD,REG AIR,1,0.08,21,Brand#13,SM CASE,49,10,1,10594.243
O,O,N,TAKE BACK RETURN,Manufacturer#2,3-MEDIUM,2,AUTOMOBILE,RAIL,2,0.04,21,Brand#22,LG BOX,22,49,1,54203.8
O,O,N,TAKE BACK RETURN,Manufacturer#4,1-URGENT,2,MACHINERY,REG AIR,3,0.01,8,Brand#43,MED JAR,42,5,3,7211.236
O,O,N,TAKE BACK RETURN,Manufacturer#4,1-URGENT,2,MACHINERY,AIR,1,0.03,18,Brand#44,MED JAR,10,29,2,30460.6575
F,F,A,NONE,Manufacturer#4,5-LOW,1,MACHINERY,TRUCK,3,0.07,8,Brand#42,WRAP DRUM,28,32,3,40651.616
F,F,R,DELIVER IN PERSON,Manufacturer#4,2-HIGH,0,FURNITURE,RAIL,3,0.06,9,Brand#42,WRAP PKG,38,28,4,41736.52
F,F,A,NONE,Manufacturer#4,2-HIGH,0,FURNITURE,FOB,4,0.02,8,Brand#43,WRAP CAN,44,49,3,84747.1758
F,F,R,COLLECT COD,Manufacturer#5,5-LOW,0,HOUSEHOLD,REG AIR,5,0.07,8,Brand#51,MED CASE,48,48,3,84448.92
F,F,A,COLLECT COD,Manufacturer#2,5-LOW,0,HOUSEHOLD,FOB,3,0,21,Brand#22,SM PACK,4,29,1,37487.2589
F,F,R,COLLECT COD,Manufacturer#1,5-LOW,0,HOUSEHOLD,REG AIR,6,0.06,8,Brand#13,MED PACK,20,11,3,16543.9296
O,O,N,COLLECT COD,Manufacturer#5,5-LOW,2,FURNITURE,RAIL,5,0.01,21,Brand#55,SM JAR,18,9,1,12764.7792
O,O,N,COLLECT COD,Manufacturer#4,5-LOW,2,FURNITURE,MAIL,2,0.06,9,Brand#45,MED PKG,8,23,4,30447.7565
O,O,N,NONE,Manufacturer#4,5-LOW,2,FURNITURE,MAIL,6,0.08,21,Brand#45,WRAP CASE,18,8,1,9268.816
O,O,N,TAKE BACK RETURN,Manufacturer#1,5-LOW,2,FURNITURE,SHIP,7,0.06,12,Brand#11,JUMBO JAR,45,50,0,49995.405
F,F,A,DELIVER IN PERSON,Manufacturer#2,4-NOT SPECIFIED,0,HOUSEHOLD,REG AIR,1,0.08,8,Brand#21,JUMBO CASE,31,6,3,7265.4336
F,F,A,DELIVER IN PERSON,Manufacturer#4,4-NOT SPECIFIED,0,HOUSEHOLD,RAIL,4,0.06,12,Brand#42,MED PKG,28,21,0,26374.761
F,F,R,DELIVER IN PERSON,Manufacturer#5,4-NOT SPECIFIED,0,HOUSEHOLD,RAIL,3,0.07,18,Brand#54,MED JAR,22,3,2,2754.7284
F,F,A,DELIVER IN PERSON,Manufacturer#5,2-HIGH,2,MACHINERY,AIR,4,0.05,12,Brand#54,MED BAG,31,35,0,59679.0075
F,F,A,NONE,Manufacturer#4,2-HIGH,2,MACHINERY,REG AIR,3,0.02,8,Brand#42,JUMBO BOX,10,9,3,12094.0605
O,O,N,NONE,Manufacturer#5,1-URGENT,0,FURNITURE,MAIL,1,0.05,21,Brand#52,LG DRUM,46,14,1,12304.9948
F,F,R,NONE,Manufacturer#2,3-MEDIUM,0,BUILDING,RAIL,2,0.01,18,Brand#23,LG DRUM,26,45,2,76624.4205
O,O,N,DELIVER IN PERSON,Manufacturer#3,4-NOT SPECIFIED,4,BUILDING,REG AIR,3,0.06,9,Brand#31,SM DRUM,44,22,4,37387.592
O,O,N,DELIVER IN PERSON,Manufacturer#1,1-URGENT,0,FURNITURE,MAIL,5,0.06,9,Brand#14,MED PACK,43,18,4,23106.9132
O,O,N,COLLECT COD,Manufacturer#1,1-URGENT,0,FURNITURE,SHIP,6,0.02,18,Brand#15,LG CASE,41,6,2,8829.42
F,F,A,DELIVER IN PERSON,Manufacturer#4,1-URGENT,1,AUTOMOBILE,REG AIR,4,0.02,21,Brand#45,SM JAR,47,28,1,34093.5168
F,F,A,NONE,Manufacturer#3,1-URGENT,3,HOUSEHOLD,SHIP,2,0.01,21,Brand#33,JUMBO PKG,48,36,1,58584.6432
F,F,R,COLLECT COD,Manufacturer#5,1-URGENT,3,HOUSEHOLD,FOB,6,0.07,8,Brand#54,LG CAN,44,47,3,40204.2418
F,F,R,DELIVER IN PERSON,Manufacturer#3,1-URGENT,3,HOUSEHOLD,REG AIR,7,0.08,9,Brand#35,SM CAN,39,13,4,14458.73
F,F,A,NONE,Manufacturer#1,1-URGENT,4,HOUSEHOLD,TRUCK,1,0.04,18,Brand#15,JUMBO PACK,27,23,2,37046.33
O,O,N,NONE,Manufacturer#2,2-HIGH,2,MACHINERY,MAIL,2,0,21,Brand#24,MED DRUM,31,2,1,1746.2336
O,O,N,COLLECT COD,Manufacturer#2,2-HIGH,2,MACHINERY,AIR,5,0.06,18,Brand#21,MED CASE,9,49,2,80920.511
F,F,R,COLLECT COD,Manufacturer#4,1-URGENT,2,FURNITURE,FOB,2,0.06,18,Brand#43,LG DRUM,45,48,2,70776.384
O,O,N,COLLECT COD,Manufacturer#1,4-NOT SPECIFIED,4,MACHINERY,AIR,3,0.05,12,Brand#14,LG PACK,44,49,0,75129.7204
O,O,N,COLLECT COD,Manufacturer#2,4-NOT SPECIFIED,4,MACHINERY,MAIL,4,0.08,21,Brand#22,LG BOX,22,18,1,18517.788
O,P,N,NONE,Manufacturer#4,5-LOW,4,MACHINERY,AIR,2,0.01,18,Brand#45,SM PACK,3,41,2,65509.9066
O,P,N,NONE,Manufacturer#4,5-LOW,4,MACHINERY,SHIP,1,0.08,9,Brand#44,WRAP CAN,19,10,4,16388.28
O,P,N,NONE,Manufacturer#3,5-LOW,4,MACHINERY,FOB,6,0.04,9,Brand#35,SM JAR,39,36,4,32294.3184
F,F,A,COLLECT COD,Manufacturer#2,4-NOT SPECIFIED,4,HOUSEHOLD,REG AIR,2,0.08,12,Brand#24,WRAP PACK,40,1,0,1097.6511
O,O,N,COLLECT COD,Manufacturer#1,4-NOT SPECIFIED,3,MACHINERY,SHIP,2,0.01,18,Brand#11,SM JAR,35,34,2,53253.1358
F,F,R,DELIVER IN PERSON,Manufacturer#4,4-NOT SPECIFIED,3,MACHINERY,REG AIR,1,0.03,8,Brand#42,JUMBO BOX,10,42,3,55844.8548
F,F,A,DELIVER IN PERSON,Manufacturer#1,4-NOT SPECIFIED,3,AUTOMOBILE,AIR,3,0.05,18,Brand#11,SM BAG,17,11,2,17331.006
F,F,A,TAKE BACK RETURN,Manufacturer#5,4-NOT SPECIFIED,3,FURNITURE,SHIP,5,0.05,12,Brand#53,WRAP DRUM,10,45,0,43382.385
O,O,N,NONE,Manufacturer#4,5-LOW,3,BUILDING,FOB,1,0,18,Brand#45,SM CAN,21,14,2,12919.928
O,O,N,NONE,Manufacturer#5,5-LOW,3,BUILDING,FOB,2,0.03,12,Brand#51,SM CAN,8,27,0,41716.4418
F,F,R,DELIVER IN PERSON,Manufacturer#4,3-MEDIUM,1,BUILDING,REG AIR,1,0.06,18,Brand#45,MED DRUM,33,10,2,12892.77
F,F,A,TAKE BACK RETURN,Manufacturer#1,2-HIGH,0,FURNITURE,REG AIR,1,0.04,8,Brand#13,LG PKG,19,50,3,49590.24
F,F,R,DELIVER IN PERSON,Manufacturer#1,5-LOW,0,AUTOMOBILE,SHIP,3,0.06,18,Brand#13,JUMBO PACK,15,28,2,45476.2224
F,F,R,COLLECT COD,Manufacturer#4,5-LOW,0,AUTOMOBILE,MAIL,1,0.02,21,Brand#41,WRAP PACK,24,50,1,50319.45
O,O,N,NONE,Manufacturer#1,2-HIGH,3,HOUSEHOLD,AIR,4,0.05,18,Brand#12,LG JAR,18,5,2,8069.2525
O,O,N,TAKE BACK RETURN,Manufacturer#4,2-HIGH,3,HOUSEHOLD,TRUCK,1,0,8,Brand#41,WRAP JAR,5,15,3,26225.295
F,F,R,TAKE BACK RETURN,Manufacturer#3,5-LOW,1,BUILDING,AIR,3,0.08,9,Brand#34,JUMBO CAN,36,50,4,60142.635
F,F,N,DELIVER IN PERSON,Manufacturer#4,5-LOW,1,BUILDING,AIR,5,0.08,21,Brand#44,LG DRUM,18,26,1,28659.5946
F,F,N,COLLECT COD,Manufacturer#2,5-LOW,1,BUILDING,FOB,1,0.03,9,Brand#24,MED CAN,16,1,4,1656.566
F,F,R,COLLECT COD,Manufacturer#3,4-NOT SPECIFIED,3,BUILDING,TRUCK,2,0.01,18,Brand#34,WRAP JAR,43,1,2,1228.283
F,F,R,NONE,Manufacturer#1,4-NOT SPECIFIED,4,FURNITURE,SHIP,3,0.02,8,Brand#15,JUMBO PKG,26,16,3,20923.8624
F,F,A,DELIVER IN PERSON,Manufacturer#2,4-NOT SPECIFIED,4,FURNITURE,MAIL,4,0.01,21,Brand#24,MED DRUM,31,31,1,27949.228
F,F,R,NONE,Manufacturer#1,3-MEDIUM,1,HOUSEHOLD,REG AIR,6,0.07,9,Brand#14,LG CAN,41,43,4,55090.224
F,F,A,TAKE BACK RETURN,Manufacturer#1,3-MEDIUM,1,HOUSEHOLD,MAIL,2,0.01,18,Brand#12,LG BAG,45,49,2,70540.7136
O,O,N,TAKE BACK RETURN,Manufacturer#1,5-LOW,0,BUILDING,TRUCK,4,0.05,18,Brand#14,WRAP BAG,46,28,2,34474.244
O,O,N,NONE,Manufacturer#3,2-HIGH,4,FURNITURE,MAIL,3,0.06,9,Brand#31,JUMBO JAR,38,16,4,26639.3952
F,F,A,TAKE BACK RETURN,Manufacturer#1,4-NOT SPECIFIED,1,BUILDING,RAIL,2,0.03,8,Brand#11,MED BOX,33,26,3,24691.6488
F,F,A,DELIVER IN PERSON,Manufacturer#4,3-MEDIUM,1,MACHINERY,REG AIR,3,0.04,9,Brand#42,MED CASE,32,50,4,46439.76
O,O,N,DELIVER IN PERSON,Manufacturer#4,3-MEDIUM,0,AUTOMOBILE,MAIL,2,0.08,21,Brand#43,LG JAR,20,14,1,13748.6258
O,O,N,DELIVER IN PERSON,Manufacturer#4,3-MEDIUM,0,AUTOMOBILE,RAIL,3,0.07,21,Brand#44,LG CAN,25,25,1,42045.0525
O,O,N,COLLECT COD,Manufacturer#2,2-HIGH,4,BUILDING,RAIL,4,0.06,18,Brand#25,SM BOX,41,1,2,1280.825
O,O,N,DELIVER IN PERSON,Manufacturer#3,5-LOW,4,BUILDING,SHIP,3,0.04,9,Brand#33,MED CASE,10,21,4,31356.0996
F,F,R,NONE,Manufacturer#3,1-URGENT,3,AUTOMOBILE,REG AIR,2,0.03,18,Brand#31,MED CAN,44,5,2,7351.4805
O,O,N,COLLECT COD,Manufacturer#5,1-URGENT,1,FURNITURE,MAIL,4,0.01,12,Brand#53,JUMBO BAG,21,24,0,34211.016
O,O,N,TAKE BACK RETURN,Manufacturer#1,3-MEDIUM,2,HOUSEHOLD,RAIL,5,0.07,18,Brand#12,MED CASE,49,19,2,25640.386
O,O,N,NONE,Manufacturer#2,3-MEDIUM,2,HOUSEHOLD,RAIL,2,0,9,Brand#24,MED PKG,6,36,4,37013.6592
O,O,N,TAKE BACK RETURN,Manufacturer#3,4-NOT SPECIFIED,4,BUILDING,REG AIR,4,0.01,9,Brand#33,LG CAN,16,25,4,31407.475
O,O,N,DELIVER IN PERSON,Manufacturer#1,4-NOT SPECIFIED,4,BUILDING,AIR,3,0,8,Brand#13,MED PACK,47,27,3,41413.3074
O,O,N,DELIVER IN PERSON,Manufacturer#1,4-NOT SPECIFIED,4,BUILDING,RAIL,6,0,18,Brand#13,LG PACK,1,22,2,26164.116
O,O,N,TAKE BACK RETURN,Manufacturer#1,4-NOT SPECIFIED,4,BUILDING,SHIP,1,0.05,18,Brand#14,WRAP PACK,42,38,2,46371.6432
F,F,A,DELIVER IN PERSON,Manufacturer#2,2-HIGH,1,AUTOMOBILE,MAIL,4,0.04,9,Brand#24,MED JAR,9,36,4,53409.7476
F,F,A,DELIVER IN PERSON,Manufacturer#3,2-HIGH,1,AUTOMOBILE,RAIL,3,0.05,18,Brand#35,JUMBO DRUM,21,2,2,2843.04
F,F,A,DELIVER IN PERSON,Manufacturer#4,3-MEDIUM,2,HOUSEHOLD,SHIP,4,0.08,21,Brand#41,MED CAN,8,24,1,36427.332
F,F,A,DELIVER IN PERSON,Manufacturer#4,5-LOW,4,FURNITURE,FOB,4,0.04,12,Brand#45,WRAP PKG,15,48,0,46876.0656
O,O,N,TAKE BACK RETURN,Manufacturer#1,2-HIGH,4,HOUSEHOLD,RAIL,6,0.07,8,Brand#14,WRAP BAG,25,49,3,44413.11
O,O,N,TAKE BACK RETURN,Manufacturer#3,2-HIGH,4,HOUSEHOLD,SHIP,2,0.06,9,Brand#33,LG CAN,16,5,4,6215.374
O,O,N,NONE,Manufacturer#5,2-HIGH,4,HOUSEHOLD,AIR,5,0.07,9,Brand#53,MED CASE,28,9,4,8684.577
O,O,N,COLLECT COD,Manufacturer#1,1-URGENT,3,AUTOMOBILE,TRUCK,5,0.03,21,Brand#13,MED JAR,38,50,1,69225.255
O,O,N,TAKE BACK RETURN,Manufacturer#3,3-MEDIUM,4,BUILDING,REG AIR,1,0.07,9,Brand#32,MED CASE,15,4,4,5121.072
O,O,N,DELIVER IN PERSON,Manufacturer#2,3-MEDIUM,4,FURNITURE,AIR,5,0.07,18,Brand#22,SM BAG,11,34,2,43662.528
O,O,N,TAKE BACK RETURN,Manufacturer#4,3-MEDIUM,4,FURNITURE,MAIL,3,0.04,8,Brand#43,LG DRUM,12,38,3,44390.498
O,O,N,TAKE BACK RETURN,Manufacturer#5,3-MEDIUM,4,FURNITURE,FOB,4,0.06,18,Brand#53,SM BAG,24,3,2,2884.5864
F,F,R,NONE,Manufacturer#3,3-MEDIUM,1,AUTOMOBILE,FOB,1,0.07,18,Brand#34,JUMBO CASE,19,28,2,50368.92
F,F,A,NONE,Manufacturer#3,4-NOT SPECIFIED,2,BUILDING,MAIL,3,0,9,Brand#31,LG PACK,36,23,4,34034.6525
O,O,N,TAKE BACK RETURN,Manufacturer#5,2-HIGH,1,HOUSEHOLD,SHIP,1,0.03,21,Brand#51,WRAP JAR,49,25,1,35703.3975
O,O,N,NONE,Manufacturer#4,2-HIGH,4,FURNITURE,AIR,4,0.02,9,Brand#44,LG PACK,34,11,4,13036.254
O,O,N,DELIVER IN PERSON,Manufacturer#3,2-HIGH,4,FURNITURE,SHIP,5,0,8,Brand#35,WRAP BAG,10,11,3,18777.5995
O,O,N,TAKE BACK RETURN,Manufacturer#4,2-HIGH,4,FURNITURE,REG AIR,3,0.07,9,Brand#42,JUMBO BAG,40,49,4,65658.775
F,F,A,NONE,Manufacturer#2,4-NOT SPECIFIED,3,FURNITURE,AIR,2,0.08,12,Brand#24,SM PACK,30,50,0,50737.79
F,F,R,TAKE BACK RETURN,Manufacturer#4,5-LOW,3,MACHINERY,MAIL,4,0.08,21,Brand#44,JUMBO PKG,46,44,1,38874.836
F,F,R,NONE,Manufacturer#4,2-HIGH,2,FURNITURE,REG AIR,1,0.06,21,Brand#45,JUMBO CAN,13,36,1,41412.9024
F,F,R,NONE,Manufacturer#3,2-HIGH,2,FURNITURE,FOB,6,0.02,8,Brand#32,LG PKG,36,35,3,57315.993
F,F,A,NONE,Manufacturer#4,2-HIGH,2,FURNITURE,RAIL,5,0.08,8,Brand#41,LG PKG,12,16,3,25218.6208
F,F,R,DELIVER IN PERSON,Manufacturer#3,2-HIGH,2,FURNITURE,TRUCK,3,0.07,8,Brand#35,JUMBO DRUM,21,15,3,20469.888
O,O,N,COLLECT COD,Manufacturer#3,5-LOW,2,HOUSEHOLD,FOB,1,0,18,Brand#31,MED PKG,21,4,2,4907.0224
F,F,A,NONE,Manufacturer#4,5-LOW,4,FURNITURE,SHIP,4,0,21,Brand#41,SM JAR,26,32,1,55231.1808
F,F,A,NONE,Manufacturer#2,3-MEDIUM,0,BUILDING,REG AIR,1,0.06,18,Brand#25,SM BAG,3,10,2,17758.7
O,O,N,COLLECT COD,Manufacturer#2,4-NOT SPECIFIED,2,AUTOMOBILE,REG AIR,2,0.04,9,Brand#24,WRAP JAR,14,43,4,69647.53
O,O,N,NONE,Manufacturer#3,4-NOT SPECIFIED,2,AUTOMOBILE,FOB,1,0,9,Brand#33,WRAP CASE,34,29,4,46674.4212
O,O,N,DELIVER IN PERSON,Manufacturer#5,1-URGENT,3,AUTOMOBILE,TRUCK,1,0.05,9,Brand#52,SM PACK,34,1,4,1405.6224
O,O,N,DELIVER IN PERSON,Manufacturer#4,3-MEDIUM,4,BUILDING,REG AIR,3,0.03,12,Brand#44,LG CAN,36,15,0,14395.332
O,O,N,NONE,Manufacturer#4,3-MEDIUM,4,BUILDING,FOB,2,0.03,18,Brand#43,JUMBO PACK,25,2,2,2679.969
O,O,N,TAKE BACK RETURN,Manufacturer#5,3-MEDIUM,4,BUILDING,REG AIR,6,0.01,12,Brand#55,JUMBO CASE,10,43,0,42755.7084
F,F,A,NONE,Manufacturer#3,3-MEDIUM,4,MACHINERY,FOB,3,0.03,12,Brand#33,LG CAN,16,8,0,9627.2176
O,O,N,NONE,Manufacturer#2,2-HIGH,4,FURNITURE,RAIL,1,0.08,9,Brand#21,MED PACK,48,11,4,14248.157
O,O,N,COLLECT COD,Manufacturer#5,2-HIGH,4,FURNITURE,MAIL,2,0.08,8,Brand#52,WRAP PACK,27,15,3,18316.665
O,O,N,DELIVER IN PERSON,Manufacturer#2,3-MEDIUM,2,BUILDING,AIR,2,0.04,12,Brand#22,SM PACK,31,37,0,36003.59
O,O,N,DELIVER IN PERSON,Manufacturer#2,3-MEDIUM,2,BUILDING,RAIL,1,0.05,18,Brand#21,SM JAR,7,14,2,25257.5596
O,O,N,DELIVER IN PERSON,Manufacturer#3,3-MEDIUM,2,MACHINERY,REG AIR,2,0.08,8,Brand#33,WRAP DRUM,8,43,3,70293.39
F,F,R,NONE,Manufacturer#2,2-HIGH,0,AUTOMOBILE,MAIL,5,0.06,12,Brand#21,MED PACK,12,36,0,60298.8192
O,O,N,NONE,Manufacturer#1,5-LOW,2,BUILDING,FOB,3,0.03,9,Brand#13,JUMBO JAR,26,2,4,2427.619
F,F,R,COLLECT COD,Manufacturer#2,3-MEDIUM,2,FURNITURE,TRUCK,2,0.05,9,Brand#21,MED BOX,32,44,4,47909.8752
F,F,R,COLLECT COD,Manufacturer#2,3-MEDIUM,2,FURNITURE,FOB,4,0.07,9,Brand#21,LG DRUM,8,42,4,39924.0072
F,F,A,COLLECT COD,Manufacturer#1,1-URGENT,4,FURNITURE,REG AIR,5,0.01,18,Brand#13,MED BAG,38,50,2,74056.49
F,F,R,TAKE BACK RETURN,Manufacturer#2,2-HIGH,2,BUILDING,RAIL,7,0.06,18,Brand#23,MED PKG,34,36,2,60081.1992
F,F,R,DELIVER IN PERSON,Manufacturer#5,2-HIGH,2,BUILDING,RAIL,4,0.06,18,Brand#55,LG DRUM,1,9,2,8206.7076
F,F,A,TAKE BACK RETURN,Manufacturer#1,4-NOT SPECIFIED,4,HOUSEHOLD,RAIL,1,0.05,18,Brand#11,SM BAG,17,28,2,43665.132
O,O,N,TAKE BACK RETURN,Manufacturer#3,3-MEDIUM,2,AUTOMOBILE,SHIP,3,0.05,9,Brand#32,WRAP CAN,25,37,4,45337.691
O,O,N,DELIVER IN PERSON,Manufacturer#3,3-MEDIUM,2,AUTOMOBILE,AIR,4,0.07,9,Brand#31,MED BOX,25,6,4,7876.17
F,F,A,NONE,Manufacturer#2,3-MEDIUM,3,HOUSEHOLD,FOB,4,0,9,Brand#24,MED PKG,13,23,4,28182.6636
F,F,R,DELIVER IN PERSON,Manufacturer#1,1-URGENT,2,FURNITURE,TRUCK,6,0.08,9,Brand#13,WRAP DRUM,37,27,4,41374.7514
F,F,R,DELIVER IN PERSON,Manufacturer#5,1-URGENT,2,FURNITURE,MAIL,1,0.04,21,Brand#55,JUMBO CAN,35,32,1,46841.0976
F,F,A,TAKE BACK RETURN,Manufacturer#3,1-URGENT,2,FURNITURE,REG AIR,3,0.06,9,Brand#34,MED CAN,34,44,4,57953.5308
F,F,A,COLLECT COD,Manufacturer#3,3-MEDIUM,1,BUILDING,AIR,2,0.06,18,Brand#32,MED DRUM,8,50,2,70235.62
F,F,R,NONE,Manufacturer#5,4-NOT SPECIFIED,3,BUILDING,SHIP,2,0.03,21,Brand#51,JUMBO PACK,49,49,1,72939.636
F,F,A,TAKE BACK RETURN,Manufacturer#3,5-LOW,0,BUILDING,REG AIR,3,0.05,9,Brand#34,SM PACK,48,21,4,22976.8896
O,O,N,TAKE BACK RETURN,Manufacturer#1,2-HIGH,1,FURNITURE,RAIL,2,0.02,18,Brand#12,MED CASE,49,13,2,16620.084
O,O,N,NONE,Manufacturer#2,2-HIGH,1,MACHINERY,RAIL,2,0,18,Brand#25,WRAP CAN,22,45,2,83975.859
O,O,N,COLLECT COD,Manufacturer#1,2-HIGH,1,MACHINERY,FOB,1,0.07,18,Brand#13,MED CASE,47,47,2,62585.811
O,O,N,DELIVER IN PERSON,Manufacturer#5,2-HIGH,1,MACHINERY,FOB,4,0.03,18,Brand#54,LG PKG,22,49,2,50136.114
F,F,R,DELIVER IN PERSON,Manufacturer#1,4-NOT SPECIFIED,2,BUILDING,SHIP,5,0.05,21,Brand#11,LG JAR,40,27,1,28632.3741
F,F,A,TAKE BACK RETURN,Manufacturer#5,4-NOT SPECIFIED,2,BUILDING,FOB,1,0.08,18,Brand#52,SM PACK,10,16,2,20741.3936
F,F,R,DELIVER IN PERSON,Manufacturer#3,4-NOT SPECIFIED,2,BUILDING,AIR,3,0.01,21,Brand#35,MED DRUM,34,3,1,4235.5788
F,F,R,NONE,Manufacturer#2,1-URGENT,0,HOUSEHOLD,FOB,2,0.01,18,Brand#24,JUMBO BOX,47,25,2,40608.0675
F,P,A,DELIVER IN PERSON,Manufacturer#5,4-NOT SPECIFIED,0,AUTOMOBILE,SHIP,5,0.05,12,Brand#55,WRAP DRUM,9,43,0,67532.1192
O,P,N,COLLECT COD,Manufacturer#2,4-NOT SPECIFIED,0,AUTOMOBILE,SHIP,1,0,18,Brand#23,MED PKG,34,27,2,41874.7752
F,F,A,TAKE BACK RETURN,Manufacturer#3,3-MEDIUM,1,BUILDING,TRUCK,1,0.07,18,Brand#35,LG DRUM,14,22,2,24043.338
F,F,R,COLLECT COD,Manufacturer#5,4-NOT SPECIFIED,0,BUILDING,AIR,2,0.03,21,Brand#52,MED JAR,12,11,1,17869.7959
F,F,R,NONE,Manufacturer#1,4-NOT SPECIFIED,0,BUILDING,AIR,1,0.04,18,Brand#15,JUMBO PACK,27,49,2,73400.0547
F,F,A,NONE,Manufacturer#3,4-NOT SPECIFIED,0,BUILDING,TRUCK,3,0,8,Brand#33,JUMBO PACK,35,5,3,5045.26
F,F,R,DELIVER IN PERSON,Manufacturer#5,2-HIGH,0,AUTOMOBILE,RAIL,1,0.08,8,Brand#55,SM PKG,46,42,3,76671.0252
F,F,R,NONE,Manufacturer#3,2-HIGH,0,AUTOMOBILE,RAIL,2,0.02,8,Brand#35,WRAP BAG,10,5,3,8271.295
O,O,N,NONE,Manufacturer#2,4-NOT SPECIFIED,4,HOUSEHOLD,RAIL,4,0.06,18,Brand#25,SM BAG,44,19,2,25898.0184
O,O,N,DELIVER IN PERSON,Manufacturer#2,4-NOT SPECIFIED,4,HOUSEHOLD,SHIP,6,0.01,12,Brand#22,MED JAR,18,39,0,50219.4225
O,O,N,TAKE BACK RETURN,Manufacturer#1,5-LOW,4,HOUSEHOLD,AIR,3,0.05,18,Brand#13,JUMBO JAR,26,7,2,8584.261
O,O,N,TAKE BACK RETURN,Manufacturer#1,2-HIGH,4,MACHINERY,AIR,4,0.04,9,Brand#14,SM JAR,20,8,4,13945.932
O,O,N,COLLECT COD,Manufacturer#1,4-NOT SPECIFIED,4,FURNITURE,AIR,5,0.06,18,Brand#15,SM CASE,2,42,2,53829.4008
O,O,N,COLLECT COD,Manufacturer#3,4-NOT SPECIFIED,4,FURNITURE,TRUCK,4,0,18,Brand#33,SM PACK,41,39,2,60485.7864
F,F,A,NONE,Manufacturer#5,1-URGENT,0,MACHINERY,TRUCK,1,0.08,18,Brand#54,LG CASE,38,20,2,33775.6
F,F,R,NONE,Manufacturer#2,1-URGENT,4,HOUSEHOLD,RAIL,2,0.02,18,Brand#21,MED CASE,9,3,2,4901.6115
F,F,R,NONE,Manufacturer#2,4-NOT SPECIFIED,0,HOUSEHOLD,SHIP,3,0.07,18,Brand#23,SM DRUM,49,36,2,61382.7144
F,F,A,COLLECT COD,Manufacturer#2,4-NOT SPECIFIED,4,HOUSEHOLD,REG AIR,4,0.06,21,Brand#22,WRAP DRUM,13,40,1,43567.2
F,F,R,DELIVER IN PERSON,Manufacturer#1,4-NOT SPECIFIED,4,HOUSEHOLD,REG AIR,3,0.08,9,Brand#12,JUMBO BAG,16,34,4,38001.205
F,F,R,DELIVER IN PERSON,Manufacturer#5,4-NOT SPECIFIED,4,HOUSEHOLD,AIR,2,0.03,9,Brand#53,JUMBO JAR,28,32,4,36078.3456
F,F,A,COLLECT COD,Manufacturer#4,4-NOT SPECIFIED,4,FURNITURE,RAIL,5,0.02,8,Brand#44,SM PKG,44,48,3,60653.1024
F,F,R,TAKE BACK RETURN,Manufacturer#2,4-NOT SPECIFIED,4,FURNITURE,REG AIR,3,0.01,21,Brand#22,JUMBO JAR,7,1,1,1542.0735
O,O,N,DELIVER IN PERSON,Manufacturer#4,1-URGENT,4,BUILDING,RAIL,1,0.06,21,Brand#44,LG BOX,26,45,1,66268.566
O,O,N,DELIVER IN PERSON,Manufacturer#2,1-URGENT,4,BUILDING,MAIL,3,0.05,18,Brand#25,LG CASE,39,9,2,10379.232
F,F,R,COLLECT COD,Manufacturer#5,4-NOT SPECIFIED,1,MACHINERY,SHIP,5,0.01,21,Brand#54,MED CASE,41,13,1,17300.6184
O,O,N,NONE,Manufacturer#3,3-MEDIUM,4,FURNITURE,REG AIR,3,0.07,9,Brand#31,MED JAR,42,36,4,50093.64
O,O,N,NONE,Manufacturer#2,1-URGENT,4,HOUSEHOLD,FOB,1,0.03,21,Brand#22,SM PACK,4,18,1,25569.18
F,F,R,TAKE BACK RETURN,Manufacturer#2,4-NOT SPECIFIED,2,MACHINERY,REG AIR,4,0.02,18,Brand#25,LG CASE,39,29,2,32747.438
F,F,R,DELIVER IN PERSON,Manufacturer#1,4-NOT SPECIFIED,2,MACHINERY,SHIP,1,0.08,18,Brand#12,SM DRUM,40,37,2,47007.1014
O,O,N,DELIVER IN PERSON,Manufacturer#4,4-NOT SPECIFIED,2,MACHINERY,MAIL,2,0.06,9,Brand#42,JUMBO BOX,35,14,4,22724.2176
O,O,N,DELIVER IN PERSON,Manufacturer#2,4-NOT SPECIFIED,2,MACHINERY,REG AIR,5,0.08,12,Brand#22,SM BAG,8,16,0,25595.072
O,O,N,COLLECT COD,Manufacturer#2,3-MEDIUM,0,MACHINERY,REG AIR,3,0.04,12,Brand#23,JUMBO BAG,35,41,0,42321.6432
O,O,N,DELIVER IN PERSON,Manufacturer#2,4-NOT SPECIFIED,4,HOUSEHOLD,REG AIR,2,0.04,8,Brand#25,WRAP BOX,43,42,3,37114.5474
F,F,A,COLLECT COD,Manufacturer#3,4-NOT SPECIFIED,4,BUILDING,SHIP,1,0.07,18,Brand#32,LG JAR,5,28,2,29842.4448
F,F,R,DELIVER IN PERSON,Manufacturer#3,4-NOT SPECIFIED,4,BUILDING,REG AIR,2,0.01,18,Brand#35,JUMBO CAN,6,20,2,24488.1
F,F,R,COLLECT COD,Manufacturer#4,4-NOT SPECIFIED,0,FURNITURE,FOB,2,0.01,8,Brand#41,MED CAN,8,31,3,48042.5383
O,O,N,NONE,Manufacturer#2,1-URGENT,1,BUILDING,AIR,1,0.07,9,Brand#21,MED JAR,8,50,4,52791.34
O,O,N,DELIVER IN PERSON,Manufacturer#1,1-URGENT,1,BUILDING,FOB,3,0.08,12,Brand#11,WRAP CASE,40,19,0,25489.6818
O,O,N,COLLECT COD,Manufacturer#2,1-URGENT,1,BUILDING,RAIL,2,0.02,18,Brand#21,MED CASE,9,50,2,79936.675
F,F,A,TAKE BACK RETURN,Manufacturer#3,1-URGENT,0,AUTOMOBILE,FOB,2,0.07,18,Brand#32,LG PKG,6,6,2,7335.63
O,O,N,NONE,Manufacturer#5,3-MEDIUM,4,BUILDING,AIR,3,0.02,18,Brand#52,WRAP CASE,32,21,2,23559.039
O,O,N,NONE,Manufacturer#5,1-URGENT,4,AUTOMOBILE,FOB,2,0,8,Brand#52,SM PKG,50,32,3,59589.1296
F,F,A,COLLECT COD,Manufacturer#2,1-URGENT,0,HOUSEHOLD,FOB,3,0,18,Brand#24,MED DRUM,31,39,2,35161.932
O,O,N,NONE,Manufacturer#2,4-NOT SPECIFIED,3,BUILDING,REG AIR,4,0.02,18,Brand#25,WRAP CAN,22,2,2,3581.462
O,O,N,TAKE BACK RETURN,Manufacturer#5,5-LOW,4,MACHINERY,TRUCK,2,0.04,18,Brand#53,LG PACK,11,36,2,39311.244
O,O,N,NONE,Manufacturer#2,5-LOW,4,MACHINERY,RAIL,1,0,18,Brand#21,MED PACK,12,30,2,50249.016
F,F,A,TAKE BACK RETURN,Manufacturer#3,3-MEDIUM,0,AUTOMOBILE,FOB,3,0.05,18,Brand#34,SM BAG,20,45,2,68078.7225
O,O,N,NONE,Manufacturer#4,2-HIGH,3,FURNITURE,SHIP,3,0.08,21,Brand#41,JUMBO CASE,4,2,1,3789.98
O,O,N,TAKE BACK RETURN,Manufacturer#2,2-HIGH,3,FURNITURE,AIR,4,0.03,12,Brand#23,LG BAG,17,5,0,5356.791
O,O,N,DELIVER IN PERSON,Manufacturer#1,1-URGENT,4,MACHINERY,AIR,3,0.03,18,Brand#15,LG DRUM,6,28,2,41169.996
O,O,N,COLLECT COD,Manufacturer#5,1-URGENT,4,MACHINERY,AIR,5,0.05,9,Brand#54,SM CAN,32,36,4,56980.4544
O,O,N,TAKE BACK RETURN,Manufacturer#1,3-MEDIUM,4,BUILDING,REG AIR,1,0.08,18,Brand#15,MED PKG,35,36,2,53873.424
O,P,N,COLLECT COD,Manufacturer#2,5-LOW,2,MACHINERY,FOB,2,0.05,18,Brand#23,SM DRUM,49,47,2,85253.77
F,F,A,NONE,Manufacturer#4,5-LOW,1,MACHINERY,AIR,1,0.07,18,Brand#44,SM BAG,15,38,2,57589.8816
O,O,N,NONE,Manufacturer#5,1-URGENT,0,AUTOMOBILE,REG AIR,3,0.05,12,Brand#51,SM CAN,8,28,0,40202.6016
O,O,N,NONE,Manufacturer#4,1-URGENT,0,AUTOMOBILE,TRUCK,2,0.02,9,Brand#43,JUMBO CASE,44,10,4,16404.48
O,O,N,TAKE BACK RETURN,Manufacturer#3,1-URGENT,0,AUTOMOBILE,FOB,5,0.04,21,Brand#32,LG DRUM,43,33,1,30032.7027
O,O,N,COLLECT COD,Manufacturer#3,1-URGENT,0,AUTOMOBILE,FOB,6,0.05,12,Brand#35,JUMBO CASE,12,41,0,65928.7175
F,F,A,DELIVER IN PERSON,Manufacturer#2,2-HIGH,2,FURNITURE,TRUCK,1,0.07,9,Brand#24,MED DRUM,31,26,4,24181.5392
F,F,R,TAKE BACK RETURN,Manufacturer#2,2-HIGH,2,FURNITURE,FOB,4,0.04,18,Brand#25,WRAP PACK,37,32,2,60191.6832
F,F,R,DELIVER IN PERSON,Manufacturer#4,4-NOT SPECIFIED,0,AUTOMOBILE,REG AIR,7,0.06,12,Brand#41,MED PACK,22,30,0,36648.612
F,F,R,DELIVER IN PERSON,Manufacturer#4,4-NOT SPECIFIED,0,AUTOMOBILE,SHIP,6,0.04,21,Brand#45,MED CASE,23,46,1,48136.9116
F,F,R,NONE,Manufacturer#5,4-NOT SPECIFIED,0,AUTOMOBILE,RAIL,1,0,9,Brand#54,WRAP CAN,13,9,4,7576.2828
F,F,R,COLLECT COD,Manufacturer#1,4-NOT SPECIFIED,1,HOUSEHOLD,TRUCK,7,0.05,18,Brand#13,SM BOX,18,9,2,15429.7962
F,F,R,COLLECT COD,Manufacturer#3,4-NOT SPECIFIED,1,HOUSEHOLD,SHIP,6,0.04,9,Brand#35,JUMBO CASE,32,31,4,36376.2432
F,F,R,COLLECT COD,Manufacturer#3,1-URGENT,4,MACHINERY,TRUCK,2,0.03,8,Brand#32,JUMBO CASE,40,9,3,15689.6334
O,O,N,DELIVER IN PERSON,Manufacturer#4,2-HIGH,3,AUTOMOBILE,REG AIR,2,0.03,18,Brand#43,LG PACK,44,23,2,29860.8057
O,O,N,DELIVER IN PERSON,Manufacturer#1,2-HIGH,3,AUTOMOBILE,TRUCK,3,0.08,12,Brand#12,MED CASE,28,44,0,53008.2784
O,O,N,NONE,Manufacturer#5,2-HIGH,3,AUTOMOBILE,FOB,1,0.01,9,Brand#53,LG PACK,11,4,4,4756.1752
F,F,R,DELIVER IN PERSON,Manufacturer#3,5-LOW,3,MACHINERY,MAIL,1,0.05,18,Brand#33,WRAP DRUM,26,47,2,44271.0813
F,F,A,DELIVER IN PERSON,Manufacturer#1,2-HIGH,2,MACHINERY,MAIL,7,0.06,12,Brand#14,WRAP BAG,25,46,0,43547.004
F,F,R,NONE,Manufacturer#3,2-HIGH,2,MACHINERY,RAIL,2,0.02,9,Brand#32,WRAP CAN,25,36,4,43662.222
O,O,N,DELIVER IN PERSON,Manufacturer#4,1-URGENT,1,HOUSEHOLD,TRUCK,2,0.01,21,Brand#43,MED BAG,4,50,1,85153.67
O,O,N,NONE,Manufacturer#5,1-URGENT,1,HOUSEHOLD,TRUCK,3,0.06,18,Brand#52,WRAP CASE,36,34,2,59756.7918
F,F,R,NONE,Manufacturer#1,2-HIGH,1,BUILDING,SHIP,3,0.05,9,Brand#15,WRAP PACK,34,40,4,62066
F,F,A,COLLECT COD,Manufacturer#5,2-HIGH,1,BUILDING,FOB,2,0.06,12,Brand#51,JUMBO JAR,23,9,0,12248.8821
F,F,A,DELIVER IN PERSON,Manufacturer#3,4-NOT SPECIFIED,1,HOUSEHOLD,SHIP,2,0.02,21,Brand#33,JUMBO CAN,47,13,1,17605.172
F,F,A,COLLECT COD,Manufacturer#5,4-NOT SPECIFIED,1,HOUSEHOLD,AIR,5,0.08,12,Brand#51,WRAP BAG,19,27,0,37410.7734
O,O,N,COLLECT COD,Manufacturer#4,4-NOT SPECIFIED,1,HOUSEHOLD,AIR,1,0.01,18,Brand#45,JUMBO CAN,13,25,2,29358.105
O,O,N,TAKE BACK RETURN,Manufacturer#1,4-NOT SPECIFIED,1,HOUSEHOLD,RAIL,5,0.06,21,Brand#14,MED BAG,18,33,1,30603.1605
F,F,R,NONE,Manufacturer#2,1-URGENT,4,FURNITURE,MAIL,1,0.01,8,Brand#25,JUMBO CAN,3,29,3,25516.1778
F,F,A,COLLECT COD,Manufacturer#4,1-URGENT,4,FURNITURE,RAIL,3,0.04,18,Brand#45,WRAP CAN,11,33,2,51644.5182
O,O,N,DELIVER IN PERSON,Manufacturer#2,1-URGENT,2,HOUSEHOLD,RAIL,6,0.08,18,Brand#24,MED PACK,20,35,2,53669.672
O,O,N,COLLECT COD,Manufacturer#3,1-URGENT,2,HOUSEHOLD,FOB,4,0.08,18,Brand#35,MED BAG,44,30,2,53076.672
F,F,A,DELIVER IN PERSON,Manufacturer#3,2-HIGH,0,BUILDING,AIR,1,0.08,21,Brand#34,SM PKG,32,43,1,78666.8058
F,F,R,TAKE BACK RETURN,Manufacturer#3,4-NOT SPECIFIED,2,HOUSEHOLD,TRUCK,2,0.01,21,Brand#31,WRAP CASE,8,43,1,37227.6284
F,F,R,NONE,Manufacturer#5,4-NOT SPECIFIED,2,HOUSEHOLD,SHIP,1,0.07,9,Brand#52,LG CASE,21,24,4,38039.8656
F,F,A,NONE,Manufacturer#1,4-NOT SPECIFIED,3,MACHINERY,MAIL,2,0.05,18,Brand#11,JUMBO PACK,12,20,2,34257.684
F,F,R,NONE,Manufacturer#3,4-NOT SPECIFIED,3,MACHINERY,REG AIR,6,0.05,9,Brand#35,SM CASE,22,19,4,30168.2836
O,O,N,DELIVER IN PERSON,Manufacturer#5,4-NOT SPECIFIED,0,AUTOMOBILE,TRUCK,3,0.08,21,Brand#51,MED CAN,10,4,1,7052.2452
O,O,N,TAKE BACK RETURN,Manufacturer#3,3-MEDIUM,4,BUILDING,REG AIR,4,0.07,21,Brand#35,WRAP BAG,3,22,1,33348.5152
O,O,N,NONE,Manufacturer#2,3-MEDIUM,4,BUILDING,TRUCK,7,0.06,9,Brand#23,MED DRUM,19,4,4,6191.2772
F,F,R,DELIVER IN PERSON,Manufacturer#2,1-URGENT,4,FURNITURE,SHIP,5,0.06,18,Brand#23,WRAP JAR,50,9,2,10109.1627
F,F,R,COLLECT COD,Manufacturer#1,1-URGENT,4,FURNITURE,RAIL,2,0.08,18,Brand#15,LG CASE,41,27,2,45474.1155
F,F,R,DELIVER IN PERSON,Manufacturer#4,1-URGENT,4,FURNITURE,RAIL,1,0.04,8,Brand#42,JUMBO BOX,10,18,3,23169.6738
F,F,A,COLLECT COD,Manufacturer#5,3-MEDIUM,1,BUILDING,TRUCK,1,0.02,21,Brand#52,MED JAR,22,28,1,50652.5936
O,O,N,COLLECT COD,Manufacturer#5,1-URGENT,4,MACHINERY,SHIP,4,0.02,18,Brand#51,JUMBO PACK,19,40,2,72826.436
F,F,R,TAKE BACK RETURN,Manufacturer#5,1-URGENT,4,HOUSEHOLD,MAIL,2,0.02,8,Brand#53,LG CASE,2,9,3,15549.5916
O,O,N,DELIVER IN PERSON,Manufacturer#1,4-NOT SPECIFIED,3,BUILDING,REG AIR,4,0,12,Brand#13,MED DRUM,39,20,0,30539.4
O,O,N,NONE,Manufacturer#5,4-NOT SPECIFIED,4,MACHINERY,REG AIR,5,0.02,18,Brand#54,SM DRUM,23,41,2,43281.6295
F,F,A,COLLECT COD,Manufacturer#4,4-NOT SPECIFIED,3,BUILDING,SHIP,2,0.04,21,Brand#42,JUMBO DRUM,13,42,1,55560.351
F,F,A,TAKE BACK RETURN,Manufacturer#2,4-NOT SPECIFIED,3,BUILDING,FOB,1,0.05,18,Brand#23,LG PACK,27,21,2,21569.52
F,F,R,DELIVER IN PERSON,Manufacturer#5,4-NOT SPECIFIED,3,BUILDING,REG AIR,3,0,9,Brand#52,WRAP BAG,4,13,4,20171.45
F,F,R,NONE,Manufacturer#2,3-MEDIUM,3,HOUSEHOLD,RAIL,1,0.07,8,Brand#22,JUMBO JAR,7,6,3,8411.31
O,O,N,DELIVER IN PERSON,Manufacturer#4,5-LOW,2,BUILDING,FOB,5,0.07,12,Brand#45,WRAP PKG,15,42,0,43270.2144
F,F,R,NONE,Manufacturer#3,2-HIGH,1,AUTOMOBILE,AIR,3,0.06,18,Brand#32,SM DRUM,29,10,2,15282.65
O,O,N,COLLECT COD,Manufacturer#3,2-HIGH,1,BUILDING,SHIP,5,0.08,18,Brand#33,WRAP DRUM,26,45,2,42387.2055
F,F,A,COLLECT COD,Manufacturer#1,5-LOW,0,MACHINERY,REG AIR,3,0.03,21,Brand#12,WRAP BAG,17,40,1,40594.752
F,F,R,TAKE BACK RETURN,Manufacturer#1,5-LOW,0,MACHINERY,AIR,2,0.02,9,Brand#14,SM BOX,26,20,4,19003.348
O,O,N,TAKE BACK RETURN,Manufacturer#2,2-HIGH,3,MACHINERY,AIR,6,0.03,9,Brand#23,JUMBO PACK,17,35,4,50094.198
O,O,N,DELIVER IN PERSON,Manufacturer#1,2-HIGH,3,MACHINERY,RAIL,4,0.05,21,Brand#13,MED PACK,20,22,1,31019.868
O,O,N,NONE,Manufacturer#3,2-HIGH,3,MACHINERY,REG AIR,7,0.08,9,Brand#31,SM BAG,28,13,4,22275.6534
F,F,A,NONE,Manufacturer#5,1-URGENT,2,FURNITURE,AIR,2,0.01,21,Brand#54,JUMBO JAR,48,6,1,7568.2698
F,F,R,NONE,Manufacturer#1,1-URGENT,2,FURNITURE,TRUCK,1,0,12,Brand#13,SM BOX,4,44,0,52638.6696
F,P,A,DELIVER IN PERSON,Manufacturer#4,4-NOT SPECIFIED,4,MACHINERY,RAIL,1,0.01,18,Brand#41,LG PACK,43,23,2,36581.04
F,F,A,TAKE BACK RETURN,Manufacturer#1,5-LOW,3,BUILDING,FOB,3,0.02,12,Brand#14,LG PKG,7,26,0,29668.6936
F,F,A,DELIVER IN PERSON,Manufacturer#5,2-HIGH,0,BUILDING,AIR,2,0.04,18,Brand#51,WRAP BAG,2,7,2,10791.48
F,F,A,NONE,Manufacturer#3,2-HIGH,1,HOUSEHOLD,MAIL,7,0.05,18,Brand#35,WRAP PACK,7,35,2,52257.569
F,F,A,NONE,Manufacturer#3,2-HIGH,1,HOUSEHOLD,FOB,4,0.08,12,Brand#32,SM PKG,15,29,0,25195.2
O,O,N,COLLECT COD,Manufacturer#3,5-LOW,3,AUTOMOBILE,SHIP,1,0.02,18,Brand#33,JUMBO CAN,2,48,2,83809.608
F,F,R,TAKE BACK RETURN,Manufacturer#2,1-URGENT,1,MACHINERY,FOB,1,0.07,12,Brand#23,LG BAG,17,30,0,31491.438
O,O,N,NONE,Manufacturer#2,5-LOW,1,BUILDING,TRUCK,1,0.01,21,Brand#21,JUMBO CAN,29,33,1,52455.7473
O,O,N,TAKE BACK RETURN,Manufacturer#2,5-LOW,1,BUILDING,FOB,6,0,21,Brand#24,SM BAG,6,7,1,11494.2072
F,F,R,TAKE BACK RETURN,Manufacturer#2,1-URGENT,4,BUILDING,TRUCK,1,0.08,18,Brand#23,WRAP PACK,41,11,2,11604.0925
O,O,N,TAKE BACK RETURN,Manufacturer#4,2-HIGH,4,BUILDING,FOB,3,0.06,21,Brand#42,SM PKG,35,16,1,15884.2368
O,O,N,COLLECT COD,Manufacturer#3,4-NOT SPECIFIED,0,HOUSEHOLD,TRUCK,1,0.03,18,Brand#35,WRAP PACK,7,23,2,35472.7988
F,F,A,DELIVER IN PERSON,Manufacturer#1,3-MEDIUM,1,AUTOMOBILE,TRUCK,2,0.04,12,Brand#12,MED CASE,28,6,0,7007.124
O,O,N,COLLECT COD,Manufacturer#4,4-NOT SPECIFIED,1,BUILDING,REG AIR,5,0.04,18,Brand#43,WRAP BAG,26,8,2,10674.7152
F,F,A,DELIVER IN PERSON,Manufacturer#4,5-LOW,2,AUTOMOBILE,FOB,2,0.04,8,Brand#43,WRAP BAG,26,35,3,48689.193
F,F,A,COLLECT COD,Manufacturer#3,2-HIGH,2,MACHINERY,MAIL,1,0.06,18,Brand#31,WRAP DRUM,29,34,2,45594.1904
F,F,R,TAKE BACK RETURN,Manufacturer#2,2-HIGH,2,MACHINERY,TRUCK,3,0.05,8,Brand#22,JUMBO CASE,1,23,3,38911.7588
F,F,R,COLLECT COD,Manufacturer#5,2-HIGH,2,MACHINERY,SHIP,4,0.05,18,Brand#53,WRAP CASE,1,24,2,25623.648
F,F,R,DELIVER IN PERSON,Manufacturer#4,5-LOW,0,FURNITURE,FOB,4,0.04,9,Brand#42,MED PKG,19,12,4,16507.0224
F,F,R,NONE,Manufacturer#5,5-LOW,0,FURNITURE,MAIL,1,0.04,21,Brand#52,JUMBO CAN,43,19,1,32961.77
O,O,N,NONE,Manufacturer#4,4-NOT SPECIFIED,4,AUTOMOBILE,AIR,1,0.07,12,Brand#42,WRAP CASE,21,42,0,34512.66
F,F,A,NONE,Manufacturer#1,5-LOW,2,MACHINERY,TRUCK,2,0.01,21,Brand#15,LG CAN,6,37,1,47389.5149
F,F,A,DELIVER IN PERSON,Manufacturer#4,5-LOW,2,MACHINERY,REG AIR,3,0.08,9,Brand#44,SM JAR,27,21,4,28633.857
F,F,R,NONE,Manufacturer#5,5-LOW,2,MACHINERY,REG AIR,4,0.05,12,Brand#52,WRAP PACK,36,50,0,73728.5
F,F,A,COLLECT COD,Manufacturer#3,5-LOW,2,MACHINERY,FOB,5,0.08,21,Brand#35,JUMBO CASE,35,12,1,17414.0148
F,F,A,NONE,Manufacturer#1,5-LOW,1,AUTOMOBILE,AIR,2,0.03,18,Brand#12,JUMBO BAG,40,30,2,41792.688
F,F,A,COLLECT COD,Manufacturer#5,4-NOT SPECIFIED,3,AUTOMOBILE,SHIP,2,0.05,18,Brand#55,MED BAG,42,30,2,26318.838
O,O,N,COLLECT COD,Manufacturer#4,3-MEDIUM,0,BUILDING,FOB,2,0.03,21,Brand#42,SM PACK,30,14,1,22053.1458
O,O,N,NONE,Manufacturer#2,3-MEDIUM,0,BUILDING,TRUCK,3,0.07,8,Brand#25,MED DRUM,10,20,3,21854.016
O,O,N,NONE,Manufacturer#1,3-MEDIUM,0,BUILDING,REG AIR,1,0.08,18,Brand#12,MED JAR,42,24,2,32066.928
O,O,N,TAKE BACK RETURN,Manufacturer#2,1-URGENT,4,FURNITURE,SHIP,6,0.07,21,Brand#25,WRAP CASE,50,21,1,36285.7824
O,O,N,COLLECT COD,Manufacturer#2,1-URGENT,4,FURNITURE,FOB,2,0,18,Brand#25,WRAP PKG,4,44,2,77481.8968
O,O,N,DELIVER IN PERSON,Manufacturer#2,1-URGENT,4,FURNITURE,MAIL,3,0.02,18,Brand#22,WRAP DRUM,23,28,2,26401.4212
O,O,N,TAKE BACK RETURN,Manufacturer#4,1-URGENT,4,FURNITURE,MAIL,7,0.03,8,Brand#42,LG CAN,38,18,3,20772.036
O,O,N,NONE,Manufacturer#1,1-URGENT,4,FURNITURE,RAIL,4,0.08,21,Brand#12,WRAP BAG,17,46,1,46683.9648
O,O,N,NONE,Manufacturer#2,1-URGENT,1,BUILDING,FOB,1,0.04,21,Brand#21,WRAP BAG,37,16,1,19127.0208
O,O,N,TAKE BACK RETURN,Manufacturer#3,1-URGENT,1,BUILDING,SHIP,2,0.07,9,Brand#31,SM CASE,3,24,4,35505.792
O,O,N,TAKE BACK RETURN,Manufacturer#5,5-LOW,4,AUTOMOBILE,SHIP,3,0.06,21,Brand#55,JUMBO CAN,35,4,1,5381.9948
O,O,N,COLLECT COD,Manufacturer#3,5-LOW,4,AUTOMOBILE,AIR,5,0.08,21,Brand#32,WRAP PKG,38,8,1,8739.4672
O,O,N,DELIVER IN PERSON,Manufacturer#4,1-URGENT,0,MACHINERY,AIR,1,0.03,12,Brand#45,SM CASE,26,14,0,23324.392
O,O,N,TAKE BACK RETURN,Manufacturer#2,1-URGENT,0,MACHINERY,SHIP,3,0,21,Brand#21,MED PKG,27,25,1,38671.2325
O,O,N,DELIVER IN PERSON,Manufacturer#1,1-URGENT,0,MACHINERY,REG AIR,5,0.07,8,Brand#14,WRAP CASE,49,33,3,48234.5523
O,O,N,COLLECT COD,Manufacturer#5,1-URGENT,0,MACHINERY,TRUCK,2,0.04,8,Brand#51,LG CAN,10,30,3,37393.632
O,O,N,COLLECT COD,Manufacturer#2,3-MEDIUM,1,AUTOMOBILE,AIR,1,0.03,18,Brand#21,SM CAN,48,44,2,53660.0504
O,O,N,DELIVER IN PERSON,Manufacturer#4,5-LOW,1,MACHINERY,AIR,3,0.07,8,Brand#42,WRAP CAN,16,14,3,20100.7296
O,O,N,TAKE BACK RETURN,Manufacturer#4,5-LOW,1,MACHINERY,REG AIR,4,0.04,21,Brand#42,WRAP CAN,16,30,1,41278.284
O,O,N,NONE,Manufacturer#2,5-LOW,1,MACHINERY,AIR,2,0.08,18,Brand#21,JUMBO DRUM,49,34,2,51326.4
F,F,R,TAKE BACK RETURN,Manufacturer#3,4-NOT SPECIFIED,3,BUILDING,MAIL,3,0.07,18,Brand#34,MED CASE,22,19,2,24194.942
O,O,N,COLLECT COD,Manufacturer#3,5-LOW,3,BUILDING,AIR,3,0.06,9,Brand#31,JUMBO BOX,34,37,4,61896.6414
O,O,N,COLLECT COD,Manufacturer#5,5-LOW,3,BUILDING,FOB,2,0.01,21,Brand#53,SM CAN,36,22,1,29019.7908
O,O,N,DELIVER IN PERSON,Manufacturer#1,3-MEDIUM,4,FURNITURE,FOB,2,0.04,8,Brand#13,SM BAG,29,20,3,32309.376
O,O,N,DELIVER IN PERSON,Manufacturer#3,4-NOT SPECIFIED,0,HOUSEHOLD,SHIP,6,0.08,18,Brand#31,WRAP PKG,40,20,2,18632.592
O,O,N,TAKE BACK RETURN,Manufacturer#5,4-NOT SPECIFIED,0,HOUSEHOLD,TRUCK,1,0.02,18,Brand#54,MED BOX,48,30,2,50913.408
F,F,R,COLLECT COD,Manufacturer#2,2-HIGH,2,FURNITURE,MAIL,1,0.05,21,Brand#21,MED PKG,20,34,1,44912.504
F,F,A,NONE,Manufacturer#2,3-MEDIUM,1,FURNITURE,FOB,3,0.08,21,Brand#21,JUMBO CAN,29,16,1,23859.9088
F,F,A,TAKE BACK RETURN,Manufacturer#2,3-MEDIUM,1,FURNITURE,RAIL,4,0.08,8,Brand#25,LG CASE,39,38,3,41997.448
F,F,R,COLLECT COD,Manufacturer#1,5-LOW,3,BUILDING,TRUCK,2,0.04,9,Brand#11,JUMBO BAG,24,42,4,69776.532
F,F,A,DELIVER IN PERSON,Manufacturer#2,5-LOW,3,BUILDING,SHIP,3,0.06,18,Brand#25,SM BOX,35,30,2,55167.9
F,F,R,COLLECT COD,Manufacturer#2,3-MEDIUM,4,HOUSEHOLD,TRUCK,1,0.05,18,Brand#21,WRAP CASE,28,5,2,5011.9625
F,F,A,TAKE BACK RETURN,Manufacturer#2,3-MEDIUM,4,HOUSEHOLD,FOB,6,0.08,21,Brand#24,MED PACK,50,4,1,6354.24
F,F,R,NONE,Manufacturer#5,1-URGENT,4,FURNITURE,TRUCK,1,0.03,21,Brand#51,SM PACK,14,22,1,37176.139
F,F,A,COLLECT COD,Manufacturer#1,1-URGENT,4,FURNITURE,AIR,5,0.06,18,Brand#15,LG CASE,25,18,2,17788.2552
F,F,R,DELIVER IN PERSON,Manufacturer#3,1-URGENT,4,FURNITURE,SHIP,6,0.04,8,Brand#35,SM CAN,39,10,3,11122.1
F,P,R,COLLECT COD,Manufacturer#3,3-MEDIUM,2,MACHINERY,TRUCK,3,0.07,18,Brand#35,LG DRUM,39,22,2,36125.9712
O,P,N,DELIVER IN PERSON,Manufacturer#2,3-MEDIUM,2,MACHINERY,FOB,1,0.03,18,Brand#23,SM DRUM,49,38,2,68928.58
F,P,N,COLLECT COD,Manufacturer#5,3-MEDIUM,2,MACHINERY,AIR,4,0.05,12,Brand#54,MED PKG,43,18,0,30866.58
O,O,N,TAKE BACK RETURN,Manufacturer#3,5-LOW,1,BUILDING,AIR,2,0.01,8,Brand#34,MED CAN,34,38,3,48028.523
O,O,N,COLLECT COD,Manufacturer#1,5-LOW,1,BUILDING,TRUCK,3,0.06,21,Brand#11,MED BAG,20,6,1,5876.577
O,O,N,TAKE BACK RETURN,Manufacturer#5,4-NOT SPECIFIED,2,HOUSEHOLD,SHIP,2,0.05,18,Brand#55,MED BAG,42,24,2,22211.9424
F,F,R,DELIVER IN PERSON,Manufacturer#1,4-NOT SPECIFIED,2,HOUSEHOLD,RAIL,1,0.06,18,Brand#15,SM DRUM,22,38,2,36002.6212
O,O,N,COLLECT COD,Manufacturer#2,2-HIGH,2,FURNITURE,RAIL,1,0.04,8,Brand#22,WRAP BAG,2,11,3,10599.6099
F,F,A,TAKE BACK RETURN,Manufacturer#2,4-NOT SPECIFIED,2,BUILDING,MAIL,1,0.05,18,Brand#21,JUMBO CASE,31,14,2,17482.4496
F,F,A,NONE,Manufacturer#4,1-URGENT,4,BUILDING,FOB,2,0.08,18,Brand#42,MED CASE,29,12,2,13341.564
F,F,A,COLLECT COD,Manufacturer#2,1-URGENT,4,BUILDING,MAIL,3,0,18,Brand#25,LG JAR,11,20,2,21136.86
F,F,A,NONE,Manufacturer#1,1-URGENT,2,BUILDING,MAIL,1,0.04,12,Brand#13,MED BOX,49,45,0,80258.031
O,O,N,COLLECT COD,Manufacturer#1,5-LOW,3,MACHINERY,FOB,1,0.04,18,Brand#11,JUMBO BOX,48,15,2,18460.9425
O,O,N,DELIVER IN PERSON,Manufacturer#3,3-MEDIUM,3,BUILDING,TRUCK,3,0.07,8,Brand#33,WRAP BAG,11,32,3,53713.7216
F,F,R,NONE,Manufacturer#4,5-LOW,3,HOUSEHOLD,REG AIR,3,0.05,8,Brand#45,MED JAR,39,2,3,3288.456
F,F,R,TAKE BACK RETURN,Manufacturer#3,5-LOW,3,HOUSEHOLD,TRUCK,5,0.02,9,Brand#31,JUMBO DRUM,48,32,4,37704.64
O,O,N,DELIVER IN PERSON,Manufacturer#1,5-LOW,2,FURNITURE,REG AIR,2,0.01,21,Brand#15,LG BAG,32,43,1,40120.29
O,O,N,COLLECT COD,Manufacturer#4,5-LOW,2,FURNITURE,SHIP,1,0.06,21,Brand#44,WRAP CAN,16,5,1,9404.9505
F,F,R,DELIVER IN PERSON,Manufacturer#5,3-MEDIUM,1,HOUSEHOLD,REG AIR,4,0.06,21,Brand#52,LG BAG,41,3,1,5188.1808
F,F,R,NONE,Manufacturer#5,3-MEDIUM,1,HOUSEHOLD,RAIL,1,0.06,21,Brand#53,SM CAN,36,14,1,19887.6888
F,F,A,TAKE BACK RETURN,Manufacturer#1,1-URGENT,0,BUILDING,RAIL,4,0.06,9,Brand#15,WRAP PACK,34,31,4,45696.0925
F,F,R,TAKE BACK RETURN,Manufacturer#2,1-URGENT,0,BUILDING,MAIL,5,0.02,18,Brand#25,JUMBO BOX,36,5,2,6093.4065
O,O,N,COLLECT COD,Manufacturer#3,2-HIGH,3,MACHINERY,RAIL,1,0.02,21,Brand#35,JUMBO JAR,29,29,1,45305.163
O,O,N,NONE,Manufacturer#4,5-LOW,2,AUTOMOBILE,MAIL,1,0.05,18,Brand#44,MED BAG,6,48,2,72306.864
O,O,N,COLLECT COD,Manufacturer#3,5-LOW,2,AUTOMOBILE,FOB,3,0.07,12,Brand#35,SM CAN,28,31,0,46527.5466
O,O,N,TAKE BACK RETURN,Manufacturer#5,5-LOW,2,FURNITURE,TRUCK,2,0.02,21,Brand#52,MED JAR,22,29,1,52461.6148
F,F,R,TAKE BACK RETURN,Manufacturer#4,5-LOW,3,FURNITURE,AIR,4,0.04,8,Brand#45,MED JAR,39,24,3,39461.472
F,F,A,TAKE BACK RETURN,Manufacturer#5,1-URGENT,0,MACHINERY,TRUCK,2,0.07,21,Brand#51,JUMBO CASE,48,32,1,47728.0352
O,O,N,NONE,Manufacturer#3,1-URGENT,3,BUILDING,TRUCK,2,0.08,12,Brand#35,LG PACK,14,4,0,6556.3464
F,F,R,TAKE BACK RETURN,Manufacturer#4,4-NOT SPECIFIED,2,MACHINERY,MAIL,4,0.07,8,Brand#41,WRAP JAR,5,25,3,45568.775
F,F,A,NONE,Manufacturer#3,4-NOT SPECIFIED,2,BUILDING,RAIL,4,0.08,9,Brand#33,SM BOX,32,19,4,29597.1949
F,F,R,NONE,Manufacturer#4,4-NOT SPECIFIED,2,BUILDING,FOB,3,0.07,12,Brand#41,SM BOX,17,18,0,30709.719
F,F,A,NONE,Manufacturer#4,4-NOT SPECIFIED,2,BUILDING,FOB,6,0.01,9,Brand#44,LG CAN,36,16,4,16690.24
F,F,R,TAKE BACK RETURN,Manufacturer#5,4-NOT SPECIFIED,2,BUILDING,TRUCK,2,0.08,18,Brand#54,LG PKG,22,8,2,8537.552
F,F,A,COLLECT COD,Manufacturer#3,3-MEDIUM,2,MACHINERY,TRUCK,6,0.01,12,Brand#32,LG DRUM,26,10,0,14815.8
F,F,R,NONE,Manufacturer#2,3-MEDIUM,2,MACHINERY,SHIP,4,0.07,12,Brand#24,LG PACK,50,46,0,40599.9312
F,F,A,NONE,Manufacturer#2,3-MEDIUM,2,MACHINERY,FOB,7,0.04,18,Brand#22,JUMBO CASE,1,33,2,60684.69
F,F,R,COLLECT COD,Manufacturer#1,3-MEDIUM,0,FURNITURE,SHIP,5,0.01,8,Brand#14,JUMBO JAR,21,2,3,3439.3678
F,F,A,COLLECT COD,Manufacturer#3,3-MEDIUM,0,FURNITURE,TRUCK,2,0.02,21,Brand#33,LG DRUM,7,1,1,910.4396
F,F,R,COLLECT COD,Manufacturer#4,3-MEDIUM,0,FURNITURE,REG AIR,3,0.05,8,Brand#42,SM JAR,47,14,3,11848.2
F,F,R,COLLECT COD,Manufacturer#1,5-LOW,2,MACHINERY,TRUCK,1,0.04,18,Brand#12,JUMBO BAG,43,35,2,42852.432
F,F,A,DELIVER IN PERSON,Manufacturer#4,5-LOW,2,MACHINERY,REG AIR,4,0.06,8,Brand#42,MED JAR,7,17,3,19611.3258
F,F,R,TAKE BACK RETURN,Manufacturer#5,5-LOW,2,MACHINERY,FOB,6,0,18,Brand#53,SM BOX,45,1,2,946.5274
F,F,R,DELIVER IN PERSON,Manufacturer#2,5-LOW,2,MACHINERY,MAIL,2,0.05,18,Brand#25,WRAP PACK,37,43,2,75980.6001
O,O,N,NONE,Manufacturer#4,3-MEDIUM,2,BUILDING,SHIP,6,0.06,8,Brand#44,LG DRUM,18,17,3,19356.7338
O,O,N,NONE,Manufacturer#4,3-MEDIUM,2,BUILDING,SHIP,4,0.05,9,Brand#41,JUMBO PKG,36,19,4,31332.8544
O,O,N,COLLECT COD,Manufacturer#4,3-MEDIUM,2,BUILDING,FOB,3,0.06,8,Brand#42,JUMBO BAG,1,6,3,10489.2144
F,F,R,COLLECT COD,Manufacturer#4,2-HIGH,0,BUILDING,TRUCK,1,0,9,Brand#42,WRAP PKG,38,39,4,54645.0294
F,F,R,NONE,Manufacturer#4,2-HIGH,0,BUILDING,AIR,5,0.04,18,Brand#42,JUMBO BOX,42,4,2,4568.1312
F,F,R,COLLECT COD,Manufacturer#3,1-URGENT,2,FURNITURE,MAIL,7,0.06,12,Brand#34,WRAP PKG,27,18,0,21970.791
F,F,A,DELIVER IN PERSON,Manufacturer#1,1-URGENT,2,FURNITURE,REG AIR,6,0.05,21,Brand#13,WRAP DRUM,19,6,1,6050.9688
F,F,R,NONE,Manufacturer#4,4-NOT SPECIFIED,3,BUILDING,SHIP,3,0.04,8,Brand#45,JUMBO PACK,26,25,3,23125.88
O,O,N,NONE,Manufacturer#3,4-NOT SPECIFIED,0,HOUSEHOLD,SHIP,4,0,18,Brand#35,JUMBO JAR,42,36,2,30238.1352
O,O,N,COLLECT COD,Manufacturer#3,4-NOT SPECIFIED,0,HOUSEHOLD,RAIL,1,0.05,9,Brand#33,WRAP CASE,34,25,4,38610.85
F,F,A,DELIVER IN PERSON,Manufacturer#5,3-MEDIUM,2,AUTOMOBILE,RAIL,1,0.06,12,Brand#54,SM CAN,32,35,0,53666.487
F,F,A,NONE,Manufacturer#3,3-MEDIUM,2,AUTOMOBILE,FOB,2,0.08,18,Brand#32,LG CAN,1,31,2,32519.6448
O,O,N,TAKE BACK RETURN,Manufacturer#1,4-NOT SPECIFIED,1,HOUSEHOLD,MAIL,1,0.05,21,Brand#13,WRAP PACK,28,15,1,14355.351
O,O,N,NONE,Manufacturer#5,3-MEDIUM,4,MACHINERY,TRUCK,4,0.01,9,Brand#54,LG CASE,42,4,4,4312.68
O,O,N,NONE,Manufacturer#2,2-HIGH,2,AUTOMOBILE,TRUCK,2,0.03,18,Brand#23,JUMBO BAG,36,39,2,52102.9431
O,O,N,COLLECT COD,Manufacturer#2,1-URGENT,4,FURNITURE,SHIP,3,0.02,8,Brand#25,SM BAG,3,31,3,53950.9306
O,O,N,NONE,Manufacturer#3,1-URGENT,4,FURNITURE,RAIL,2,0.02,9,Brand#31,MED JAR,21,39,4,51231.2346
O,O,N,NONE,Manufacturer#1,1-URGENT,4,FURNITURE,REG AIR,6,0.06,8,Brand#12,MED PACK,48,9,3,14695.9236
O,O,N,COLLECT COD,Manufacturer#1,1-URGENT,4,FURNITURE,REG AIR,5,0.02,8,Brand#15,LG DRUM,31,12,3,15097.4904
O,O,N,NONE,Manufacturer#4,1-URGENT,1,MACHINERY,SHIP,3,0.04,21,Brand#43,LG JAR,20,4,1,4316.68
F,F,A,NONE,Manufacturer#4,4-NOT SPECIFIED,2,BUILDING,SHIP,5,0,9,Brand#45,SM PACK,48,20,4,17370.336
F,F,A,COLLECT COD,Manufacturer#1,4-NOT SPECIFIED,2,BUILDING,RAIL,6,0.08,8,Brand#13,MED PKG,6,2,3,1962.3582
O,O,N,COLLECT COD,Manufacturer#1,1-URGENT,4,BUILDING,TRUCK,4,0.05,9,Brand#15,JUMBO CASE,3,39,4,42847.077
O,O,N,DELIVER IN PERSON,Manufacturer#1,1-URGENT,1,HOUSEHOLD,RAIL,2,0.04,12,Brand#11,JUMBO CASE,20,27,0,24975.9504
F,F,A,COLLECT COD,Manufacturer#3,5-LOW,1,BUILDING,RAIL,1,0.03,18,Brand#31,WRAP BAG,5,3,2,5001.1689
F,F,A,COLLECT COD,Manufacturer#2,5-LOW,1,BUILDING,TRUCK,5,0.02,18,Brand#24,WRAP JAR,25,37,2,61924.828
O,O,N,NONE,Manufacturer#1,5-LOW,2,HOUSEHOLD,FOB,7,0.01,9,Brand#13,LG DRUM,44,18,4,31132.3032
O,O,N,TAKE BACK RETURN,Manufacturer#3,4-NOT SPECIFIED,1,MACHINERY,FOB,2,0.05,18,Brand#31,WRAP BAG,5,27,2,45010.5201
O,O,N,COLLECT COD,Manufacturer#3,4-NOT SPECIFIED,1,MACHINERY,SHIP,5,0.05,18,Brand#32,LG JAR,5,23,2,25024.1334
O,O,N,COLLECT COD,Manufacturer#4,4-NOT SPECIFIED,1,MACHINERY,SHIP,7,0.01,18,Brand#42,SM CASE,16,2,2,2064.3264
O,O,N,TAKE BACK RETURN,Manufacturer#1,4-NOT SPECIFIED,1,MACHINERY,SHIP,3,0.07,21,Brand#12,JUMBO BAG,16,42,1,44522.94
O,O,N,NONE,Manufacturer#3,4-NOT SPECIFIED,1,MACHINERY,RAIL,6,0.05,8,Brand#35,MED BAG,43,28,3,49251.7816
O,O,N,COLLECT COD,Manufacturer#4,2-HIGH,3,FURNITURE,REG AIR,2,0.02,21,Brand#44,MED CASE,40,17,1,20256.418
F,F,A,NONE,Manufacturer#3,3-MEDIUM,2,FURNITURE,AIR,5,0.06,18,Brand#33,WRAP JAR,7,11,2,15927.2784
F,F,A,NONE,Manufacturer#1,3-MEDIUM,2,FURNITURE,SHIP,4,0.07,8,Brand#14,WRAP CASE,49,26,3,40046.1516
O,O,N,COLLECT COD,Manufacturer#5,1-URGENT,1,BUILDING,AIR,5,0.08,9,Brand#52,SM DRUM,32,28,4,49026.9696
O,O,N,NONE,Manufacturer#3,1-URGENT,1,BUILDING,MAIL,1,0.03,9,Brand#32,WRAP CAN,25,24,4,27307.644
F,F,R,DELIVER IN PERSON,Manufacturer#1,1-URGENT,2,MACHINERY,AIR,1,0.06,9,Brand#11,SM PACK,32,11,4,17055.038
F,F,R,TAKE BACK RETURN,Manufacturer#2,1-URGENT,2,MACHINERY,SHIP,6,0.03,12,Brand#23,LG BAG,17,38,0,38244.2412
F,F,A,DELIVER IN PERSON,Manufacturer#2,1-URGENT,2,MACHINERY,FOB,7,0.03,21,Brand#25,SM BOX,35,7,1,11842.7092
F,F,A,NONE,Manufacturer#4,4-NOT SPECIFIED,1,FURNITURE,TRUCK,2,0.07,9,Brand#44,MED DRUM,41,26,4,41401.2144
O,O,N,TAKE BACK RETURN,Manufacturer#4,4-NOT SPECIFIED,4,BUILDING,MAIL,2,0.01,8,Brand#44,SM PKG,44,50,3,58074.835
O,O,N,TAKE BACK RETURN,Manufacturer#3,4-NOT SPECIFIED,4,BUILDING,RAIL,4,0,9,Brand#33,SM PACK,41,38,4,59575.4652
F,F,A,DELIVER IN PERSON,Manufacturer#3,5-LOW,4,HOUSEHOLD,AIR,3,0.01,18,Brand#33,WRAP JAR,7,38,2,52242.6432
F,F,A,NONE,Manufacturer#1,5-LOW,4,HOUSEHOLD,FOB,5,0.06,9,Brand#11,LG DRUM,1,8,4,10275.7928
F,F,R,TAKE BACK RETURN,Manufacturer#4,5-LOW,4,HOUSEHOLD,FOB,2,0.01,18,Brand#44,MED DRUM,45,44,2,74733.384
O,O,N,DELIVER IN PERSON,Manufacturer#5,3-MEDIUM,0,MACHINERY,AIR,1,0.02,18,Brand#51,SM PACK,30,37,2,57742.311
F,F,A,COLLECT COD,Manufacturer#3,5-LOW,4,AUTOMOBILE,RAIL,5,0.03,9,Brand#33,JUMBO PACK,35,4,4,4121.1808
F,F,A,DELIVER IN PERSON,Manufacturer#1,5-LOW,4,AUTOMOBILE,TRUCK,2,0.06,8,Brand#13,JUMBO BOX,8,45,3,41190.723
F,F,A,TAKE BACK RETURN,Manufacturer#5,1-URGENT,4,FURNITURE,SHIP,5,0.02,21,Brand#51,LG PACK,42,12,1,20633.3184
F,F,A,TAKE BACK RETURN,Manufacturer#4,1-URGENT,4,FURNITURE,FOB,3,0.01,18,Brand#44,WRAP CAN,41,42,2,41192.6214
F,F,A,TAKE BACK RETURN,Manufacturer#5,1-URGENT,4,FURNITURE,REG AIR,6,0,9,Brand#55,MED CASE,31,21,4,32119.7058
F,F,R,TAKE BACK RETURN,Manufacturer#3,1-URGENT,4,FURNITURE,SHIP,2,0.02,21,Brand#31,LG JAR,32,46,1,55075.8046
O,O,N,NONE,Manufacturer#1,4-NOT SPECIFIED,0,BUILDING,RAIL,5,0.07,18,Brand#12,SM DRUM,40,38,2,44829.1662
F,F,A,TAKE BACK RETURN,Manufacturer#4,1-URGENT,0,HOUSEHOLD,REG AIR,2,0.06,21,Brand#43,WRAP DRUM,2,21,1,35630.1099
F,F,R,COLLECT COD,Manufacturer#4,1-URGENT,1,FURNITURE,AIR,5,0.03,21,Brand#41,WRAP PACK,6,48,1,71302.896
O,O,N,COLLECT COD,Manufacturer#4,5-LOW,1,FURNITURE,FOB,1,0.05,21,Brand#43,MED CAN,43,22,1,26956.908
O,O,N,TAKE BACK RETURN,Manufacturer#1,5-LOW,1,FURNITURE,SHIP,4,0.08,18,Brand#12,WRAP CASE,20,34,2,47667.4016
F,F,A,COLLECT COD,Manufacturer#5,5-LOW,1,BUILDING,TRUCK,1,0,9,Brand#55,WRAP CAN,44,20,4,30201.192
F,F,A,NONE,Manufacturer#5,2-HIGH,4,AUTOMOBILE,FOB,6,0,9,Brand#51,SM PKG,1,37,4,62873.8965
F,F,R,DELIVER IN PERSON,Manufacturer#4,2-HIGH,4,AUTOMOBILE,TRUCK,5,0.07,18,Brand#43,LG PKG,15,25,2,27579.925
F,F,A,COLLECT COD,Manufacturer#2,3-MEDIUM,2,FURNITURE,AIR,2,0.05,9,Brand#23,LG BAG,35,13,4,24062.22
F,F,A,DELIVER IN PERSON,Manufacturer#4,5-LOW,4,MACHINERY,AIR,7,0.02,18,Brand#43,LG PACK,44,23,2,29257.5571
F,F,R,TAKE BACK RETURN,Manufacturer#5,5-LOW,4,MACHINERY,TRUCK,4,0.06,9,Brand#54,MED CAN,9,43,4,42112.566
F,F,R,NONE,Manufacturer#5,5-LOW,4,MACHINERY,MAIL,6,0.01,18,Brand#53,MED CAN,3,27,2,23450.958
F,F,R,NONE,Manufacturer#1,5-LOW,2,MACHINERY,RAIL,4,0.07,9,Brand#11,WRAP BAG,38,50,4,81212.04
F,F,A,TAKE BACK RETURN,Manufacturer#5,4-NOT SPECIFIED,4,AUTOMOBILE,MAIL,4,0.05,9,Brand#54,MED CAN,9,47,4,46030.014
F,F,R,COLLECT COD,Manufacturer#2,4-NOT SPECIFIED,4,AUTOMOBILE,SHIP,2,0.06,21,Brand#22,JUMBO JAR,7,15,1,22430.16
F,F,R,COLLECT COD,Manufacturer#5,4-NOT SPECIFIED,4,AUTOMOBILE,SHIP,1,0.06,18,Brand#52,MED DRUM,31,30,2,44463.951
O,O,N,COLLECT COD,Manufacturer#5,2-HIGH,1,AUTOMOBILE,RAIL,1,0.03,18,Brand#52,MED DRUM,31,32,2,46918.2336
O,O,N,DELIVER IN PERSON,Manufacturer#4,1-URGENT,3,BUILDING,AIR,2,0.08,18,Brand#44,MED DRUM,45,37,2,63512.535
O,O,N,DELIVER IN PERSON,Manufacturer#3,1-URGENT,3,BUILDING,AIR,3,0.06,8,Brand#32,LG CAN,33,30,3,31029.48
F,F,A,DELIVER IN PERSON,Manufacturer#2,5-LOW,4,BUILDING,FOB,3,0.07,8,Brand#25,JUMBO PACK,8,48,3,67122.4752
F,F,R,TAKE BACK RETURN,Manufacturer#4,5-LOW,4,BUILDING,REG AIR,2,0.05,9,Brand#41,JUMBO PKG,36,46,4,76648.6822
F,F,R,TAKE BACK RETURN,Manufacturer#5,4-NOT SPECIFIED,2,BUILDING,REG AIR,1,0.06,21,Brand#51,LG PACK,42,45,1,75692.88
O,O,N,TAKE BACK RETURN,Manufacturer#3,1-URGENT,3,FURNITURE,SHIP,4,0.05,18,Brand#31,WRAP DRUM,29,4,2,5087.5264
O,O,N,TAKE BACK RETURN,Manufacturer#3,1-URGENT,3,FURNITURE,SHIP,2,0.08,18,Brand#32,WRAP BOX,20,16,2,26591.7168
F,P,R,NONE,Manufacturer#2,5-LOW,1,BUILDING,TRUCK,3,0.08,18,Brand#24,MED BAG,4,3,2,2582.1
O,O,N,TAKE BACK RETURN,Manufacturer#3,3-MEDIUM,0,BUILDING,MAIL,2,0.08,9,Brand#31,JUMBO BOX,34,13,4,20429.4402
O,O,N,DELIVER IN PERSON,Manufacturer#5,3-MEDIUM,0,BUILDING,MAIL,7,0.01,18,Brand#52,SM JAR,28,19,2,24043.2156
O,O,N,COLLECT COD,Manufacturer#3,3-MEDIUM,0,BUILDING,SHIP,3,0.07,18,Brand#34,MED CASE,22,28,2,37156.9968
O,O,N,TAKE BACK RETURN,Manufacturer#3,3-MEDIUM,0,BUILDING,FOB,4,0.07,8,Brand#34,SM PACK,25,22,3,24432.4388
F,F,A,DELIVER IN PERSON,Manufacturer#2,2-HIGH,1,MACHINERY,RAIL,4,0.05,8,Brand#22,SM PACK,50,17,3,25355.5187
O,O,N,COLLECT COD,Manufacturer#4,5-LOW,4,AUTOMOBILE,SHIP,5,0.04,12,Brand#43,JUMBO DRUM,38,44,0,40084.44
O,O,N,DELIVER IN PERSON,Manufacturer#3,4-NOT SPECIFIED,2,BUILDING,SHIP,1,0.01,9,Brand#35,SM JAR,3,22,4,31865.6338
O,O,N,TAKE BACK RETURN,Manufacturer#2,2-HIGH,3,HOUSEHOLD,SHIP,1,0.05,9,Brand#23,MED PKG,17,49,4,58583.322
O,O,N,COLLECT COD,Manufacturer#1,2-HIGH,3,HOUSEHOLD,MAIL,3,0.03,18,Brand#14,WRAP PKG,40,50,2,69016.5
O,O,N,DELIVER IN PERSON,Manufacturer#1,2-HIGH,3,HOUSEHOLD,AIR,2,0.05,12,Brand#11,JUMBO JAR,45,22,0,21288.366
F,F,R,NONE,Manufacturer#3,5-LOW,1,BUILDING,RAIL,6,0,18,Brand#32,SM DRUM,29,9,2,13899.168
O,O,N,TAKE BACK RETURN,Manufacturer#4,3-MEDIUM,1,BUILDING,RAIL,4,0.02,18,Brand#41,SM BOX,33,37,2,43087.0328
F,F,R,TAKE BACK RETURN,Manufacturer#3,4-NOT SPECIFIED,0,FURNITURE,AIR,1,0,12,Brand#35,SM CASE,37,40,0,49781.376
F,F,R,TAKE BACK RETURN,Manufacturer#3,5-LOW,0,BUILDING,TRUCK,3,0.03,9,Brand#32,LG CAN,33,47,4,53474.1372
F,F,A,DELIVER IN PERSON,Manufacturer#3,5-LOW,0,BUILDING,REG AIR,1,0.04,18,Brand#32,SM DRUM,32,1,2,1168.551
O,O,N,COLLECT COD,Manufacturer#1,2-HIGH,4,MACHINERY,RAIL,1,0.03,8,Brand#13,MED CASE,27,1,3,1401.7915
F,F,R,DELIVER IN PERSON,Manufacturer#5,2-HIGH,1,BUILDING,REG AIR,2,0.06,18,Brand#53,SM DRUM,11,42,2,54580.3104
O,O,N,TAKE BACK RETURN,Manufacturer#1,4-NOT SPECIFIED,1,HOUSEHOLD,FOB,2,0.01,12,Brand#13,LG PKG,34,10,0,17176.032
O,O,N,DELIVER IN PERSON,Manufacturer#3,1-URGENT,1,BUILDING,REG AIR,1,0.04,8,Brand#35,MED BAG,43,18,3,29077.218
F,F,R,DELIVER IN PERSON,Manufacturer#5,3-MEDIUM,3,AUTOMOBILE,AIR,3,0.04,9,Brand#55,WRAP DRUM,42,14,4,24970.848
O,O,N,DELIVER IN PERSON,Manufacturer#5,4-NOT SPECIFIED,4,BUILDING,FOB,3,0.05,9,Brand#52,MED BAG,4,29,4,30300.2672
O,O,N,COLLECT COD,Manufacturer#3,4-NOT SPECIFIED,4,BUILDING,TRUCK,4,0.07,21,Brand#32,LG DRUM,43,18,1,17461.5714
O,O,N,COLLECT COD,Manufacturer#1,4-NOT SPECIFIED,4,BUILDING,SHIP,5,0.08,21,Brand#13,SM PKG,3,10,1,13704.136
F,F,A,DELIVER IN PERSON,Manufacturer#5,5-LOW,0,AUTOMOBILE,MAIL,6,0.07,21,Brand#54,JUMBO DRUM,18,39,1,59733.18
F,F,R,TAKE BACK RETURN,Manufacturer#1,5-LOW,0,AUTOMOBILE,RAIL,4,0.05,12,Brand#13,MED BOX,49,46,0,76181.4326
F,F,A,COLLECT COD,Manufacturer#1,4-NOT SPECIFIED,4,BUILDING,RAIL,2,0.04,9,Brand#11,LG DRUM,1,17,4,22076.0164
O,O,N,NONE,Manufacturer#1,1-URGENT,4,AUTOMOBILE,AIR,2,0.04,8,Brand#15,JUMBO PKG,26,19,3,25354.17
F,F,R,DELIVER IN PERSON,Manufacturer#1,4-NOT SPECIFIED,4,BUILDING,AIR,2,0.02,21,Brand#14,SM PACK,10,48,1,46705.0656
O,O,N,TAKE BACK RETURN,Manufacturer#1,4-NOT SPECIFIED,0,HOUSEHOLD,FOB,4,0.05,21,Brand#12,SM PKG,47,1,1,1703.691
O,O,N,COLLECT COD,Manufacturer#3,5-LOW,2,BUILDING,RAIL,3,0.05,18,Brand#34,JUMBO JAR,20,28,2,39129.72
O,O,N,COLLECT COD,Manufacturer#2,5-LOW,2,BUILDING,SHIP,2,0.07,18,Brand#21,MED CASE,9,14,2,22874.187
O,O,N,COLLECT COD,Manufacturer#1,5-LOW,2,BUILDING,RAIL,4,0.04,21,Brand#12,SM BAG,11,8,1,10613.324
O,O,N,DELIVER IN PERSON,Manufacturer#1,3-MEDIUM,1,HOUSEHOLD,TRUCK,3,0.02,21,Brand#15,LG CAN,6,1,1,1267.5936
O,O,N,TAKE BACK RETURN,Manufacturer#5,3-MEDIUM,1,HOUSEHOLD,SHIP,1,0,21,Brand#51,WRAP PKG,1,10,1,12703.63
O,O,N,TAKE BACK RETURN,Manufacturer#2,3-MEDIUM,1,MACHINERY,MAIL,1,0.01,18,Brand#23,LG PACK,27,3,2,2896.4784
F,F,R,NONE,Manufacturer#3,2-HIGH,1,BUILDING,REG AIR,3,0.04,18,Brand#34,JUMBO CAN,48,37,2,44012.6248
F,F,A,NONE,Manufacturer#3,5-LOW,3,BUILDING,RAIL,4,0.08,8,Brand#35,WRAP BAG,10,46,3,80953.1
O,O,N,NONE,Manufacturer#2,4-NOT SPECIFIED,1,HOUSEHOLD,MAIL,5,0.05,18,Brand#21,LG DRUM,8,43,2,42193.1136
F,F,R,DELIVER IN PERSON,Manufacturer#4,1-URGENT,2,HOUSEHOLD,TRUCK,1,0.03,12,Brand#43,WRAP BAG,9,12,0,11227.0752
O,O,N,COLLECT COD,Manufacturer#1,3-MEDIUM,1,AUTOMOBILE,AIR,2,0,18,Brand#13,JUMBO PACK,15,32,2,51419.9232
O,O,N,COLLECT COD,Manufacturer#5,3-MEDIUM,1,AUTOMOBILE,REG AIR,4,0.03,18,Brand#52,MED CASE,20,43,2,39335.5314
O,O,N,TAKE BACK RETURN,Manufacturer#2,3-MEDIUM,1,AUTOMOBILE,AIR,1,0.01,21,Brand#24,WRAP CASE,26,5,1,8207.64
O,O,N,DELIVER IN PERSON,Manufacturer#3,5-LOW,1,BUILDING,TRUCK,1,0.07,8,Brand#32,LG PKG,14,11,3,14789.1744
O,O,N,DELIVER IN PERSON,Manufacturer#1,4-NOT SPECIFIED,3,HOUSEHOLD,TRUCK,2,0.08,12,Brand#12,MED BAG,48,3,0,2484.054
O,O,N,COLLECT COD,Manufacturer#2,4-NOT SPECIFIED,4,BUILDING,SHIP,1,0.06,18,Brand#24,MED DRUM,31,47,2,40590.4408
O,O,N,COLLECT COD,Manufacturer#3,4-NOT SPECIFIED,4,BUILDING,FOB,2,0.07,18,Brand#32,JUMBO JAR,21,50,2,92712.015
F,F,A,DELIVER IN PERSON,Manufacturer#4,2-HIGH,0,FURNITURE,SHIP,3,0.03,21,Brand#43,JUMBO BOX,11,9,1,13314.6468
O,O,N,DELIVER IN PERSON,Manufacturer#3,2-HIGH,2,FURNITURE,TRUCK,1,0,21,Brand#33,JUMBO CAN,47,36,1,49265.9712
O,O,N,DELIVER IN PERSON,Manufacturer#3,3-MEDIUM,1,MACHINERY,TRUCK,1,0.03,12,Brand#34,MED CASE,43,10,0,10850.56
O,O,N,DELIVER IN PERSON,Manufacturer#1,3-MEDIUM,4,BUILDING,SHIP,6,0.06,21,Brand#15,MED BAG,30,4,1,5473.84
O,O,N,TAKE BACK RETURN,Manufacturer#5,3-MEDIUM,4,BUILDING,TRUCK,2,0,12,Brand#52,LG DRUM,30,39,0,42045.9975
O,O,N,DELIVER IN PERSON,Manufacturer#4,1-URGENT,3,FURNITURE,REG AIR,1,0.02,8,Brand#41,MED CAN,8,25,3,39542.8275
F,F,R,TAKE BACK RETURN,Manufacturer#4,2-HIGH,4,FURNITURE,SHIP,6,0.04,9,Brand#41,LG BAG,11,19,4,24638.06
F,F,A,COLLECT COD,Manufacturer#3,2-HIGH,4,FURNITURE,SHIP,7,0.04,8,Brand#31,JUMBO CAN,11,7,3,6969.2392
F,F,R,NONE,Manufacturer#5,3-MEDIUM,0,FURNITURE,REG AIR,3,0.08,8,Brand#55,SM BAG,26,27,3,46143.1134
F,F,A,DELIVER IN PERSON,Manufacturer#1,3-MEDIUM,0,FURNITURE,SHIP,1,0.05,18,Brand#12,LG JAR,39,9,2,13853.2212
F,F,R,COLLECT COD,Manufacturer#2,3-MEDIUM,0,FURNITURE,AIR,2,0.07,8,Brand#25,LG BOX,30,48,3,85106.9952
O,O,N,DELIVER IN PERSON,Manufacturer#2,4-NOT SPECIFIED,2,HOUSEHOLD,REG AIR,4,0.07,9,Brand#25,SM CASE,22,41,4,38575.5552
O,O,N,COLLECT COD,Manufacturer#3,5-LOW,2,FURNITURE,TRUCK,4,0.08,9,Brand#33,LG CAN,14,26,4,31249.088
O,O,N,DELIVER IN PERSON,Manufacturer#3,5-LOW,2,FURNITURE,MAIL,6,0.02,21,Brand#32,MED JAR,15,22,1,39688.891
O,O,N,DELIVER IN PERSON,Manufacturer#1,5-LOW,2,FURNITURE,AIR,2,0.05,9,Brand#13,WRAP BOX,26,14,4,14608.8824
O,O,N,COLLECT COD,Manufacturer#4,5-LOW,2,FURNITURE,MAIL,1,0.01,8,Brand#43,SM JAR,11,50,3,45963.47
O,O,N,DELIVER IN PERSON,Manufacturer#2,5-LOW,0,FURNITURE,FOB,3,0.02,21,Brand#24,JUMBO PACK,48,46,1,56612.844
O,O,N,TAKE BACK RETURN,Manufacturer#3,5-LOW,0,FURNITURE,AIR,4,0.08,9,Brand#32,WRAP PACK,24,45,4,60684.0525
O,O,N,TAKE BACK RETURN,Manufacturer#3,5-LOW,0,BUILDING,SHIP,3,0.05,21,Brand#34,SM PKG,32,21,1,37254.4704
O,O,N,COLLECT COD,Manufacturer#5,5-LOW,0,BUILDING,MAIL,1,0.01,9,Brand#54,SM CASE,6,20,4,24887.772
O,O,N,NONE,Manufacturer#3,5-LOW,0,BUILDING,FOB,7,0,18,Brand#32,SM DRUM,29,15,2,22200.06
O,O,N,DELIVER IN PERSON,Manufacturer#2,5-LOW,0,BUILDING,FOB,2,0.03,9,Brand#25,LG CAN,33,38,4,54278.8428
O,O,N,TAKE BACK RETURN,Manufacturer#4,5-LOW,0,BUILDING,AIR,5,0.08,12,Brand#43,LG BAG,26,8,0,11265.552
F,F,A,NONE,Manufacturer#2,3-MEDIUM,3,AUTOMOBILE,RAIL,3,0,8,Brand#24,WRAP CAN,19,22,3,22358.8024
O,O,N,DELIVER IN PERSON,Manufacturer#3,5-LOW,0,MACHINERY,TRUCK,1,0.08,12,Brand#32,WRAP DRUM,12,22,0,32742.4504
F,F,R,TAKE BACK RETURN,Manufacturer#2,5-LOW,3,BUILDING,SHIP,7,0.08,12,Brand#22,LG JAR,2,9,0,13300.8075
O,O,N,DELIVER IN PERSON,Manufacturer#1,5-LOW,0,MACHINERY,SHIP,2,0,8,Brand#15,LG CASE,41,37,3,61004.4567
F,F,R,TAKE BACK RETURN,Manufacturer#3,4-NOT SPECIFIED,4,AUTOMOBILE,TRUCK,4,0.08,12,Brand#31,MED DRUM,25,14,0,16005.36
F,F,A,TAKE BACK RETURN,Manufacturer#5,4-NOT SPECIFIED,4,AUTOMOBILE,TRUCK,2,0.03,9,Brand#55,JUMBO BAG,3,13,4,11303.7444
O,O,N,TAKE BACK RETURN,Manufacturer#5,5-LOW,0,AUTOMOBILE,AIR,3,0.01,9,Brand#53,SM CAN,36,10,4,13045.86
O,O,N,COLLECT COD,Manufacturer#2,5-LOW,0,AUTOMOBILE,FOB,5,0.06,21,Brand#23,LG JAR,26,23,1,36105.9336
O,O,N,DELIVER IN PERSON,Manufacturer#3,5-LOW,0,AUTOMOBILE,MAIL,4,0.01,12,Brand#33,SM PKG,7,48,0,49193.2896
O,O,N,DELIVER IN PERSON,Manufacturer#4,5-LOW,0,AUTOMOBILE,FOB,1,0.02,18,Brand#42,SM CASE,16,6,2,6451.02
F,F,R,COLLECT COD,Manufacturer#2,3-MEDIUM,4,MACHINERY,REG AIR,1,0.02,21,Brand#21,MED PACK,30,3,1,4587.645
F,F,R,DELIVER IN PERSON,Manufacturer#1,3-MEDIUM,4,MACHINERY,RAIL,3,0.02,12,Brand#14,LG BAG,25,29,0,27136.4948
F,F,R,COLLECT COD,Manufacturer#1,3-MEDIUM,3,BUILDING,TRUCK,5,0.08,8,Brand#11,WRAP PKG,20,16,3,25572.9248
F,F,R,NONE,Manufacturer#4,3-MEDIUM,3,BUILDING,RAIL,2,0.05,21,Brand#42,LG JAR,28,12,1,13214.0772
F,F,R,DELIVER IN PERSON,Manufacturer#1,5-LOW,4,MACHINERY,AIR,5,0.07,18,Brand#13,WRAP PKG,43,46,2,62365.2084
F,F,R,TAKE BACK RETURN,Manufacturer#5,5-LOW,4,MACHINERY,SHIP,6,0.08,9,Brand#55,LG JAR,38,9,4,11117.007
F,F,R,TAKE BACK RETURN,Manufacturer#3,5-LOW,4,MACHINERY,SHIP,1,0.04,21,Brand#34,MED DRUM,47,44,1,80086.6176
O,O,N,NONE,Manufacturer#2,5-LOW,4,HOUSEHOLD,AIR,5,0.02,21,Brand#21,MED PACK,30,38,1,59945.228
O,O,N,DELIVER IN PERSON,Manufacturer#2,5-LOW,4,HOUSEHOLD,REG AIR,4,0.02,18,Brand#21,SM PKG,32,49,2,64975.7493
F,P,R,COLLECT COD,Manufacturer#2,3-MEDIUM,2,AUTOMOBILE,MAIL,5,0.07,12,Brand#23,MED DRUM,19,11,0,17377.0641
F,F,R,TAKE BACK RETURN,Manufacturer#4,2-HIGH,2,HOUSEHOLD,AIR,2,0.08,9,Brand#42,WRAP BOX,11,30,4,55918.8
O,O,N,COLLECT COD,Manufacturer#3,3-MEDIUM,2,HOUSEHOLD,MAIL,2,0.03,21,Brand#32,SM PKG,12,44,1,72228.156
O,O,N,NONE,Manufacturer#5,3-MEDIUM,2,HOUSEHOLD,AIR,4,0.03,9,Brand#51,JUMBO PACK,19,37,4,69447.89
O,O,N,TAKE BACK RETURN,Manufacturer#2,3-MEDIUM,0,FURNITURE,REG AIR,7,0.08,21,Brand#22,JUMBO BAG,34,40,1,59102.8
O,O,N,TAKE BACK RETURN,Manufacturer#5,3-MEDIUM,0,FURNITURE,AIR,1,0.02,18,Brand#51,WRAP BAG,2,29,2,44707.56
O,O,N,NONE,Manufacturer#4,5-LOW,4,FURNITURE,REG AIR,3,0.07,8,Brand#41,WRAP CASE,50,41,3,52812.9938
O,O,N,DELIVER IN PERSON,Manufacturer#2,5-LOW,1,BUILDING,FOB,3,0.06,12,Brand#22,MED JAR,8,20,0,22664.244
O,O,N,NONE,Manufacturer#4,1-URGENT,0,AUTOMOBILE,REG AIR,1,0.05,12,Brand#41,SM PACK,5,27,0,38685.2193
F,F,R,COLLECT COD,Manufacturer#4,3-MEDIUM,2,BUILDING,SHIP,3,0.04,9,Brand#42,JUMBO DRUM,13,11,4,15011.0422
O,O,N,TAKE BACK RETURN,Manufacturer#3,4-NOT SPECIFIED,1,BUILDING,MAIL,7,0.07,18,Brand#31,SM BOX,20,18,2,17545.8636
O,O,N,NONE,Manufacturer#5,4-NOT SPECIFIED,1,BUILDING,RAIL,4,0.04,12,Brand#51,JUMBO CASE,42,16,0,28061.6
O,O,N,DELIVER IN PERSON,Manufacturer#4,4-NOT SPECIFIED,1,BUILDING,REG AIR,6,0.04,21,Brand#41,SM CAN,26,33,1,48129.081
O,O,N,COLLECT COD,Manufacturer#3,4-NOT SPECIFIED,1,BUILDING,FOB,3,0.04,12,Brand#31,MED DRUM,39,15,0,21075.264
F,F,R,COLLECT COD,Manufacturer#1,2-HIGH,4,BUILDING,RAIL,1,0.01,8,Brand#13,SM BOX,4,35,3,44573.067
O,O,N,TAKE BACK RETURN,Manufacturer#4,1-URGENT,4,BUILDING,FOB,1,0.02,18,Brand#44,LG PACK,21,47,2,48211.1994
O,O,N,COLLECT COD,Manufacturer#5,1-URGENT,4,BUILDING,MAIL,4,0,21,Brand#54,WRAP CASE,46,23,1,33132.19
O,O,N,COLLECT COD,Manufacturer#2,1-URGENT,2,AUTOMOBILE,TRUCK,1,0.08,8,Brand#21,SM PKG,41,20,3,35434.84
F,F,R,COLLECT COD,Manufacturer#4,1-URGENT,3,BUILDING,FOB,6,0.01,9,Brand#44,WRAP CAN,19,19,4,31829.6816
F,F,R,DELIVER IN PERSON,Manufacturer#5,1-URGENT,3,BUILDING,MAIL,4,0.06,21,Brand#53,LG DRUM,9,15,1,24707.319
F,F,A,DELIVER IN PERSON,Manufacturer#3,1-URGENT,3,BUILDING,RAIL,2,0.08,21,Brand#33,MED DRUM,40,50,1,86921.2
O,O,N,TAKE BACK RETURN,Manufacturer#1,5-LOW,1,HOUSEHOLD,AIR,2,0,8,Brand#15,WRAP JAR,44,5,3,4951.219
O,O,N,DELIVER IN PERSON,Manufacturer#4,5-LOW,1,HOUSEHOLD,RAIL,1,0.05,18,Brand#45,WRAP DRUM,27,32,2,33966.3456
O,O,N,TAKE BACK RETURN,Manufacturer#2,5-LOW,1,HOUSEHOLD,SHIP,4,0.07,12,Brand#24,SM PACK,30,5,0,5021.472
O,O,N,COLLECT COD,Manufacturer#2,5-LOW,1,HOUSEHOLD,FOB,5,0.08,21,Brand#21,LG BOX,42,10,1,10991.88
F,F,R,TAKE BACK RETURN,Manufacturer#5,3-MEDIUM,2,BUILDING,FOB,5,0.05,18,Brand#52,SM DRUM,14,25,2,26509.9875
O,O,N,NONE,Manufacturer#4,5-LOW,4,FURNITURE,REG AIR,4,0,21,Brand#43,WRAP CASE,12,5,1,4135.95
O,O,N,NONE,Manufacturer#3,2-HIGH,4,MACHINERY,REG AIR,2,0.04,18,Brand#33,SM PKG,7,22,2,22299.156
F,F,R,NONE,Manufacturer#3,4-NOT SPECIFIED,2,HOUSEHOLD,REG AIR,2,0.04,12,Brand#32,SM PKG,15,41,0,34507.65
O,O,N,DELIVER IN PERSON,Manufacturer#4,2-HIGH,3,BUILDING,AIR,4,0.01,8,Brand#41,WRAP CASE,13,48,3,47429.928
O,O,N,DELIVER IN PERSON,Manufacturer#2,2-HIGH,3,BUILDING,TRUCK,1,0.01,18,Brand#22,WRAP DRUM,37,46,2,68413.8588
O,O,N,COLLECT COD,Manufacturer#5,2-HIGH,3,BUILDING,MAIL,3,0.05,18,Brand#54,JUMBO PKG,6,27,2,41178.5856
O,O,N,DELIVER IN PERSON,Manufacturer#3,2-HIGH,3,AUTOMOBILE,TRUCK,1,0.05,8,Brand#35,WRAP BOX,44,18,3,27625.3632
O,O,N,NONE,Manufacturer#1,5-LOW,3,MACHINERY,AIR,1,0,12,Brand#11,LG PKG,12,7,0,10005.6138
O,O,N,TAKE BACK RETURN,Manufacturer#3,2-HIGH,0,FURNITURE,TRUCK,6,0.03,18,Brand#34,MED JAR,46,48,2,67105.9776
F,F,A,DELIVER IN PERSON,Manufacturer#5,1-URGENT,0,HOUSEHOLD,TRUCK,6,0.03,8,Brand#51,MED CASE,48,17,3,29594.161
F,F,A,NONE,Manufacturer#3,1-URGENT,0,HOUSEHOLD,TRUCK,2,0.07,9,Brand#35,SM BAG,21,1,4,997.6425
O,O,N,DELIVER IN PERSON,Manufacturer#3,3-MEDIUM,0,FURNITURE,AIR,4,0.03,18,Brand#34,WRAP JAR,43,40,2,49131.32
F,F,A,TAKE BACK RETURN,Manufacturer#2,5-LOW,1,MACHINERY,TRUCK,1,0.08,18,Brand#22,JUMBO CASE,22,20,2,37959.8
F,F,R,COLLECT COD,Manufacturer#1,4-NOT SPECIFIED,2,FURNITURE,SHIP,3,0.04,8,Brand#14,MED CAN,23,47,3,84308.1723
F,F,A,NONE,Manufacturer#5,4-NOT SPECIFIED,4,FURNITURE,RAIL,2,0.05,8,Brand#54,LG CASE,42,21,3,34350.33
O,O,N,TAKE BACK RETURN,Manufacturer#5,1-URGENT,0,AUTOMOBILE,RAIL,5,0.02,21,Brand#51,JUMBO BAG,22,39,1,70320.5295
O,O,N,TAKE BACK RETURN,Manufacturer#5,1-URGENT,0,AUTOMOBILE,RAIL,2,0.06,18,Brand#53,LG CASE,37,34,2,40517.2356
F,F,R,NONE,Manufacturer#4,5-LOW,1,BUILDING,REG AIR,2,0.01,18,Brand#41,JUMBO JAR,37,30,2,48867.3
O,O,N,NONE,Manufacturer#1,3-MEDIUM,1,FURNITURE,FOB,5,0.06,9,Brand#12,SM BAG,46,37,4,33040.26
O,O,N,DELIVER IN PERSON,Manufacturer#2,3-MEDIUM,1,HOUSEHOLD,MAIL,2,0.08,8,Brand#22,WRAP BAG,9,16,3,25873.7904
O,O,N,TAKE BACK RETURN,Manufacturer#2,3-MEDIUM,1,HOUSEHOLD,TRUCK,4,0,8,Brand#21,MED PACK,12,43,3,75088.4232
F,F,R,TAKE BACK RETURN,Manufacturer#4,2-HIGH,2,BUILDING,RAIL,5,0.06,12,Brand#42,MED BAG,14,4,0,7183.56
F,F,A,DELIVER IN PERSON,Manufacturer#2,2-HIGH,2,BUILDING,REG AIR,2,0.05,9,Brand#21,MED BOX,32,14,4,15879.22
F,F,A,NONE,Manufacturer#2,2-HIGH,2,BUILDING,AIR,1,0.02,18,Brand#25,SM BOX,41,39,2,54892.5
F,F,R,NONE,Manufacturer#3,2-HIGH,2,BUILDING,RAIL,3,0.08,18,Brand#32,WRAP BOX,20,47,2,75746.1024
F,F,A,COLLECT COD,Manufacturer#3,4-NOT SPECIFIED,4,BUILDING,MAIL,4,0.05,21,Brand#34,MED PKG,42,23,1,30270.8934
F,F,A,TAKE BACK RETURN,Manufacturer#2,4-NOT SPECIFIED,4,BUILDING,SHIP,3,0.04,21,Brand#24,JUMBO PACK,48,47,1,64270.62
O,O,N,NONE,Manufacturer#5,1-URGENT,4,MACHINERY,MAIL,2,0.02,12,Brand#55,MED JAR,36,8,0,7670.1504
O,O,N,NONE,Manufacturer#3,1-URGENT,4,MACHINERY,AIR,4,0.07,21,Brand#34,WRAP JAR,17,13,1,16970.2
F,F,R,TAKE BACK RETURN,Manufacturer#4,2-HIGH,0,HOUSEHOLD,SHIP,4,0.01,8,Brand#44,LG DRUM,18,14,3,16280.0064
F,F,A,DELIVER IN PERSON,Manufacturer#2,2-HIGH,0,HOUSEHOLD,SHIP,3,0.04,12,Brand#25,JUMBO JAR,49,34,0,39827.0628
F,F,R,TAKE BACK RETURN,Manufacturer#3,2-HIGH,2,FURNITURE,AIR,2,0.05,21,Brand#34,LG PKG,39,16,1,29556.8064
O,O,N,DELIVER IN PERSON,Manufacturer#3,1-URGENT,2,FURNITURE,SHIP,5,0.04,18,Brand#35,MED BAG,44,26,2,47437.2756
O,O,N,DELIVER IN PERSON,Manufacturer#1,1-URGENT,2,FURNITURE,FOB,1,0.08,9,Brand#13,JUMBO JAR,50,39,4,39977.8548
F,F,A,COLLECT COD,Manufacturer#2,1-URGENT,4,BUILDING,SHIP,3,0.08,21,Brand#24,SM JAR,10,16,1,20898.96
F,F,A,TAKE BACK RETURN,Manufacturer#2,1-URGENT,4,BUILDING,FOB,6,0.05,21,Brand#24,MED DRUM,50,8,1,12408.1344
F,F,R,TAKE BACK RETURN,Manufacturer#1,3-MEDIUM,0,MACHINERY,AIR,4,0.01,18,Brand#15,MED PKG,35,9,2,13618.0044
O,O,N,TAKE BACK RETURN,Manufacturer#2,4-NOT SPECIFIED,2,AUTOMOBILE,TRUCK,2,0,18,Brand#24,MED BAG,4,32,2,26672.64
O,O,N,TAKE BACK RETURN,Manufacturer#2,2-HIGH,2,BUILDING,AIR,2,0.05,9,Brand#24,WRAP CAN,46,49,4,48648.9836
O,O,N,DELIVER IN PERSON,Manufacturer#2,2-HIGH,2,BUILDING,RAIL,3,0.08,21,Brand#23,WRAP DRUM,12,25,1,25396.47
F,F,A,TAKE BACK RETURN,Manufacturer#1,3-MEDIUM,3,HOUSEHOLD,TRUCK,6,0.04,8,Brand#12,MED JAR,23,39,3,33148.7247
F,F,A,COLLECT COD,Manufacturer#5,3-MEDIUM,3,HOUSEHOLD,RAIL,7,0.08,18,Brand#52,WRAP PACK,27,29,2,35412.219
F,F,R,TAKE BACK RETURN,Manufacturer#4,2-HIGH,3,FURNITURE,FOB,1,0.04,12,Brand#44,MED CAN,28,41,0,39379.6144
O,O,N,NONE,Manufacturer#2,5-LOW,1,MACHINERY,FOB,1,0.05,12,Brand#22,MED JAR,18,36,0,47332.314
F,F,R,TAKE BACK RETURN,Manufacturer#2,5-LOW,3,FURNITURE,MAIL,4,0.05,9,Brand#21,JUMBO PKG,11,4,4,3676.6512
F,F,R,NONE,Manufacturer#5,5-LOW,3,FURNITURE,SHIP,2,0.05,9,Brand#52,LG CASE,2,19,4,16787.2068
O,O,N,NONE,Manufacturer#4,1-URGENT,2,BUILDING,AIR,2,0.01,9,Brand#44,LG BOX,26,22,4,33454.421
O,O,N,COLLECT COD,Manufacturer#2,1-URGENT,2,BUILDING,SHIP,3,0,18,Brand#23,JUMBO JAR,42,37,2,50255.5053
O,O,N,TAKE BACK RETURN,Manufacturer#2,4-NOT SPECIFIED,3,BUILDING,RAIL,3,0.03,9,Brand#23,MED DRUM,19,32,4,48508.976
O,O,N,DELIVER IN PERSON,Manufacturer#4,4-NOT SPECIFIED,3,BUILDING,AIR,7,0.08,12,Brand#43,SM JAR,10,9,0,15336.4806
O,O,N,NONE,Manufacturer#3,5-LOW,2,FURNITURE,RAIL,3,0.08,21,Brand#34,MED JAR,48,49,1,69972.588
O,O,N,TAKE BACK RETURN,Manufacturer#2,5-LOW,2,FURNITURE,FOB,1,0.06,18,Brand#24,MED DRUM,1,5,2,8701.763
O,O,N,COLLECT COD,Manufacturer#4,5-LOW,2,FURNITURE,TRUCK,5,0.02,8,Brand#43,WRAP CASE,12,48,3,40577.76
F,F,R,NONE,Manufacturer#4,1-URGENT,2,MACHINERY,SHIP,2,0.04,8,Brand#43,WRAP CAN,44,31,3,55326.6951
O,O,N,COLLECT COD,Manufacturer#3,1-URGENT,0,FURNITURE,AIR,2,0.05,8,Brand#33,JUMBO PACK,35,20,3,19331.312
O,O,N,NONE,Manufacturer#1,3-MEDIUM,2,AUTOMOBILE,FOB,3,0.04,18,Brand#14,MED PACK,2,45,2,68622.7815
O,O,N,NONE,Manufacturer#3,3-MEDIUM,2,AUTOMOBILE,SHIP,4,0.05,18,Brand#33,MED PACK,30,49,2,70546.329
O,O,N,TAKE BACK RETURN,Manufacturer#3,3-MEDIUM,2,AUTOMOBILE,FOB,1,0,18,Brand#32,LG CAN,1,9,2,10159.5384
F,F,R,COLLECT COD,Manufacturer#2,4-NOT SPECIFIED,4,AUTOMOBILE,REG AIR,3,0,18,Brand#22,SM BAG,11,50,2,61588.8
F,F,R,COLLECT COD,Manufacturer#5,4-NOT SPECIFIED,4,AUTOMOBILE,REG AIR,4,0.01,12,Brand#51,SM PACK,30,8,0,13141.92
F,F,A,COLLECT COD,Manufacturer#3,4-NOT SPECIFIED,3,MACHINERY,AIR,1,0.02,18,Brand#31,WRAP BAG,5,26,2,45724.9728
F,F,R,TAKE BACK RETURN,Manufacturer#5,4-NOT SPECIFIED,3,MACHINERY,RAIL,2,0.07,8,Brand#51,JUMBO CASE,33,17,3,17252.2987
F,F,R,NONE,Manufacturer#4,1-URGENT,0,BUILDING,SHIP,5,0.05,21,Brand#44,WRAP BAG,38,7,1,11548.2367
F,F,R,DELIVER IN PERSON,Manufacturer#1,1-URGENT,1,AUTOMOBILE,SHIP,3,0.07,18,Brand#14,WRAP BAG,46,5,2,5904.845
F,F,A,TAKE BACK RETURN,Manufacturer#4,1-URGENT,1,AUTOMOBILE,FOB,1,0.01,21,Brand#43,MED JAR,42,1,1,1473.6004
F,F,A,NONE,Manufacturer#3,2-HIGH,3,AUTOMOBILE,FOB,1,0.04,18,Brand#31,SM CASE,30,2,2,1740.708
O,O,N,DELIVER IN PERSON,Manufacturer#2,2-HIGH,2,BUILDING,FOB,6,0.06,18,Brand#21,MED PACK,24,1,2,1058.4543
O,O,N,NONE,Manufacturer#3,2-HIGH,2,BUILDING,MAIL,4,0.02,9,Brand#31,LG PACK,36,11,4,15934.7595
O,O,N,DELIVER IN PERSON,Manufacturer#3,2-HIGH,2,BUILDING,SHIP,2,0.04,9,Brand#33,LG CAN,16,23,4,30415.66
O,O,N,NONE,Manufacturer#1,2-HIGH,2,BUILDING,SHIP,7,0.07,12,Brand#11,JUMBO BAG,1,35,0,33574.6775
O,O,N,COLLECT COD,Manufacturer#4,5-LOW,2,MACHINERY,REG AIR,3,0.02,9,Brand#44,SM CASE,16,1,4,928.7952
O,O,N,TAKE BACK RETURN,Manufacturer#3,5-LOW,2,MACHINERY,TRUCK,5,0.05,9,Brand#35,WRAP BOX,14,2,4,2495.5128
O,O,N,DELIVER IN PERSON,Manufacturer#3,5-LOW,2,MACHINERY,AIR,4,0.04,18,Brand#31,SM BOX,6,8,2,11748.48
O,O,N,DELIVER IN PERSON,Manufacturer#4,1-URGENT,4,BUILDING,AIR,1,0.02,8,Brand#41,SM JAR,11,22,3,23931.93
F,F,R,TAKE BACK RETURN,Manufacturer#3,5-LOW,4,FURNITURE,REG AIR,2,0.02,9,Brand#35,SM BAG,21,34,4,33919.845
F,F,A,COLLECT COD,Manufacturer#1,2-HIGH,0,BUILDING,SHIP,1,0.04,12,Brand#13,WRAP PACK,28,31,0,30614.5677
F,F,A,DELIVER IN PERSON,Manufacturer#2,5-LOW,0,MACHINERY,TRUCK,1,0.05,18,Brand#25,SM CASE,27,23,2,20107.4556
F,F,A,COLLECT COD,Manufacturer#4,2-HIGH,2,FURNITURE,AIR,1,0.05,21,Brand#45,WRAP DRUM,27,33,1,31843.449
O,O,N,TAKE BACK RETURN,Manufacturer#4,3-MEDIUM,3,BUILDING,RAIL,1,0.06,18,Brand#44,WRAP DRUM,11,33,2,46651.7436
O,O,N,DELIVER IN PERSON,Manufacturer#2,2-HIGH,2,MACHINERY,TRUCK,1,0.08,12,Brand#24,MED PACK,50,24,0,36934.02
F,F,R,COLLECT COD,Manufacturer#3,2-HIGH,0,HOUSEHOLD,REG AIR,2,0.03,18,Brand#34,WRAP PKG,27,43,2,51403.5975
O,O,N,DELIVER IN PERSON,Manufacturer#1,2-HIGH,4,HOUSEHOLD,SHIP,1,0.06,18,Brand#15,SM JAR,20,27,2,27508.3776
F,F,R,TAKE BACK RETURN,Manufacturer#5,5-LOW,2,FURNITURE,RAIL,1,0.05,8,Brand#51,WRAP BAG,35,11,3,15242.337
O,O,N,NONE,Manufacturer#3,4-NOT SPECIFIED,4,HOUSEHOLD,AIR,2,0.05,18,Brand#35,WRAP PACK,7,32,2,48828.4224
O,O,N,TAKE BACK RETURN,Manufacturer#5,4-NOT SPECIFIED,4,HOUSEHOLD,FOB,1,0.01,12,Brand#52,LG PKG,39,38,0,44546.26
F,F,R,NONE,Manufacturer#3,5-LOW,1,MACHINERY,RAIL,6,0.02,18,Brand#31,SM JAR,2,42,2,55583.64
F,F,A,TAKE BACK RETURN,Manufacturer#4,5-LOW,1,MACHINERY,REG AIR,2,0.06,8,Brand#41,LG PKG,12,24,3,40242.48
F,P,N,NONE,Manufacturer#4,4-NOT SPECIFIED,3,BUILDING,FOB,5,0.05,9,Brand#41,JUMBO PKG,36,20,4,33669.076
F,F,R,NONE,Manufacturer#5,4-NOT SPECIFIED,4,HOUSEHOLD,REG AIR,3,0.06,12,Brand#51,WRAP CASE,3,40,0,42454.128
F,F,A,COLLECT COD,Manufacturer#4,4-NOT SPECIFIED,4,HOUSEHOLD,AIR,4,0,12,Brand#41,MED PACK,22,37,0,44703.252
F,F,A,TAKE BACK RETURN,Manufacturer#1,4-NOT SPECIFIED,4,HOUSEHOLD,AIR,2,0.08,21,Brand#12,MED PKG,41,50,1,46876.65
O,O,N,TAKE BACK RETURN,Manufacturer#2,1-URGENT,3,FURNITURE,MAIL,3,0.03,12,Brand#23,WRAP BAG,29,10,0,10241.2
F,F,R,TAKE BACK RETURN,Manufacturer#5,4-NOT SPECIFIED,4,BUILDING,REG AIR,2,0.06,8,Brand#55,MED PACK,2,7,3,6216.1344
O,O,N,COLLECT COD,Manufacturer#2,2-HIGH,0,AUTOMOBILE,RAIL,5,0.04,18,Brand#22,SM CASE,42,17,2,23329.321
O,O,N,COLLECT COD,Manufacturer#5,2-HIGH,0,AUTOMOBILE,AIR,6,0.05,18,Brand#51,LG BOX,48,27,2,28113.9768
O,O,N,COLLECT COD,Manufacturer#3,2-HIGH,0,AUTOMOBILE,SHIP,1,0,21,Brand#31,WRAP JAR,8,48,1,68888.7792
O,O,N,COLLECT COD,Manufacturer#3,4-NOT SPECIFIED,0,BUILDING,AIR,3,0.08,12,Brand#33,SM PKG,7,29,0,32333.7762
O,O,N,TAKE BACK RETURN,Manufacturer#5,4-NOT SPECIFIED,0,BUILDING,RAIL,4,0.03,9,Brand#51,JUMBO BAG,20,48,4,77980.3776
F,F,R,NONE,Manufacturer#5,3-MEDIUM,4,FURNITURE,MAIL,1,0.02,9,Brand#54,MED CASE,49,9,4,12560.184
F,F,A,DELIVER IN PERSON,Manufacturer#5,3-MEDIUM,0,MACHINERY,TRUCK,3,0.03,8,Brand#54,LG CAN,44,16,3,13104.144
F,F,R,TAKE BACK RETURN,Manufacturer#3,3-MEDIUM,0,MACHINERY,SHIP,5,0.07,8,Brand#32,JUMBO JAR,16,20,3,33981.312
F,F,A,COLLECT COD,Manufacturer#4,3-MEDIUM,0,MACHINERY,AIR,4,0.06,18,Brand#42,LG CAN,38,9,2,10273.1265
O,O,N,COLLECT COD,Manufacturer#4,4-NOT SPECIFIED,0,HOUSEHOLD,REG AIR,3,0.05,8,Brand#41,LG PKG,12,8,3,12877.5936
O,O,N,TAKE BACK RETURN,Manufacturer#4,4-NOT SPECIFIED,0,HOUSEHOLD,SHIP,3,0.05,9,Brand#43,LG PACK,44,24,4,31473.84
F,F,R,COLLECT COD,Manufacturer#4,3-MEDIUM,0,BUILDING,AIR,2,0.05,8,Brand#42,SM JAR,49,32,3,37327.5936
O,O,N,COLLECT COD,Manufacturer#4,1-URGENT,2,HOUSEHOLD,MAIL,1,0.04,18,Brand#45,SM PACK,3,39,2,62977.2195
O,O,N,NONE,Manufacturer#1,5-LOW,2,HOUSEHOLD,AIR,3,0.03,21,Brand#11,WRAP PKG,20,43,1,68018.7072
O,O,N,NONE,Manufacturer#5,5-LOW,2,HOUSEHOLD,FOB,4,0.07,8,Brand#55,JUMBO CAN,47,35,3,35992.432
O,O,N,NONE,Manufacturer#5,5-LOW,2,HOUSEHOLD,RAIL,2,0.02,18,Brand#52,MED PKG,32,4,2,4638.2292
F,F,A,COLLECT COD,Manufacturer#3,5-LOW,2,AUTOMOBILE,RAIL,1,0,9,Brand#33,SM CASE,25,22,4,34415.2314
O,O,N,TAKE BACK RETURN,Manufacturer#2,5-LOW,4,FURNITURE,AIR,3,0.05,18,Brand#23,LG BAG,35,28,2,50789.7936
O,O,N,TAKE BACK RETURN,Manufacturer#4,5-LOW,4,FURNITURE,FOB,1,0.07,8,Brand#45,SM PACK,16,4,3,4740.736
O,O,N,NONE,Manufacturer#1,5-LOW,4,FURNITURE,AIR,4,0.04,21,Brand#14,MED BOX,1,27,1,38646.153
F,F,R,COLLECT COD,Manufacturer#5,2-HIGH,2,BUILDING,RAIL,2,0,18,Brand#51,SM PACK,30,47,2,74892.5166
O,O,N,COLLECT COD,Manufacturer#1,2-HIGH,2,AUTOMOBILE,TRUCK,3,0.06,21,Brand#12,LG CASE,17,40,1,39063.388
O,O,N,TAKE BACK RETURN,Manufacturer#1,2-HIGH,2,AUTOMOBILE,SHIP,1,0.03,12,Brand#13,MED BOX,49,4,0,6697.2688
F,F,A,DELIVER IN PERSON,Manufacturer#3,5-LOW,3,FURNITURE,FOB,3,0.01,18,Brand#31,WRAP DRUM,29,10,2,12995.312
F,F,A,NONE,Manufacturer#5,5-LOW,3,FURNITURE,AIR,1,0.01,18,Brand#55,SM BOX,37,4,2,3994.9112
O,O,N,NONE,Manufacturer#2,5-LOW,1,BUILDING,AIR,4,0.04,21,Brand#23,JUMBO BAG,44,46,1,72941.28
O,O,N,TAKE BACK RETURN,Manufacturer#1,5-LOW,1,BUILDING,MAIL,2,0.02,8,Brand#14,JUMBO JAR,21,8,3,13899.3008
O,O,N,NONE,Manufacturer#4,5-LOW,1,BUILDING,FOB,3,0.05,21,Brand#41,JUMBO CAN,34,11,1,18499.9661
F,F,R,NONE,Manufacturer#5,3-MEDIUM,1,AUTOMOBILE,TRUCK,1,0.08,8,Brand#54,MED JAR,10,1,3,1306.395
F,F,A,NONE,Manufacturer#3,2-HIGH,2,HOUSEHOLD,RAIL,5,0.02,9,Brand#35,MED CAN,48,1,4,1040.768
F,F,R,COLLECT COD,Manufacturer#2,2-HIGH,2,HOUSEHOLD,RAIL,1,0.04,12,Brand#25,SM PACK,21,30,0,50862.144
F,F,A,TAKE BACK RETURN,Manufacturer#1,1-URGENT,1,MACHINERY,SHIP,2,0.05,21,Brand#15,WRAP BOX,26,16,1,22540.4704
F,F,A,NONE,Manufacturer#2,1-URGENT,1,MACHINERY,FOB,3,0.05,8,Brand#25,LG CASE,39,10,3,11051.96
F,F,A,DELIVER IN PERSON,Manufacturer#5,5-LOW,4,HOUSEHOLD,FOB,1,0.07,18,Brand#52,MED DRUM,31,18,2,28112.6916
F,F,A,NONE,Manufacturer#1,2-HIGH,0,MACHINERY,AIR,6,0.04,8,Brand#14,JUMBO BOX,19,4,3,3616
F,F,A,TAKE BACK RETURN,Manufacturer#3,2-HIGH,0,MACHINERY,AIR,5,0.03,8,Brand#35,JUMBO CAN,6,5,3,6462.1375
O,O,N,NONE,Manufacturer#1,1-URGENT,1,AUTOMOBILE,MAIL,2,0.04,12,Brand#12,SM BAG,8,27,0,38947.392
O,O,N,COLLECT COD,Manufacturer#4,3-MEDIUM,1,BUILDING,FOB,2,0.01,12,Brand#45,LG PKG,16,42,0,46014.675
O,O,N,TAKE BACK RETURN,Manufacturer#4,3-MEDIUM,1,BUILDING,FOB,1,0.04,8,Brand#41,LG PKG,12,14,3,21596.7976
O,P,N,TAKE BACK RETURN,Manufacturer#4,2-HIGH,4,FURNITURE,AIR,4,0,18,Brand#43,JUMBO PACK,14,44,2,37027.188
O,O,N,NONE,Manufacturer#3,2-HIGH,1,AUTOMOBILE,TRUCK,6,0.04,9,Brand#35,MED CAN,48,6,4,6244.608
O,O,N,COLLECT COD,Manufacturer#4,2-HIGH,1,AUTOMOBILE,FOB,1,0.01,9,Brand#41,JUMBO DRUM,31,21,4,33091.065
O,O,N,DELIVER IN PERSON,Manufacturer#5,3-MEDIUM,2,MACHINERY,TRUCK,1,0.04,18,Brand#51,MED CASE,40,15,2,25940.574
F,F,R,DELIVER IN PERSON,Manufacturer#1,2-HIGH,0,BUILDING,MAIL,1,0,21,Brand#11,JUMBO PKG,29,34,1,33110.5668
F,F,R,TAKE BACK RETURN,Manufacturer#5,3-MEDIUM,4,HOUSEHOLD,AIR,3,0.03,8,Brand#52,SM PKG,50,4,3,7373.4024
O,O,N,NONE,Manufacturer#3,1-URGENT,2,MACHINERY,MAIL,3,0.08,9,Brand#35,MED CAN,48,4,4,4340.224
O,O,N,COLLECT COD,Manufacturer#3,4-NOT SPECIFIED,3,AUTOMOBILE,MAIL,6,0.04,9,Brand#33,WRAP CAN,49,2,4,1794.762
F,F,A,COLLECT COD,Manufacturer#3,2-HIGH,0,HOUSEHOLD,AIR,2,0.08,9,Brand#31,JUMBO JAR,38,45,4,74923.299
O,O,N,DELIVER IN PERSON,Manufacturer#1,2-HIGH,0,FURNITURE,TRUCK,5,0.01,21,Brand#13,SM PKG,3,14,1,18768.708
O,O,N,COLLECT COD,Manufacturer#1,2-HIGH,1,HOUSEHOLD,RAIL,6,0.07,18,Brand#11,LG CASE,39,30,2,41159.31
O,O,N,NONE,Manufacturer#1,2-HIGH,1,HOUSEHOLD,MAIL,2,0.03,21,Brand#11,WRAP DRUM,22,9,1,9955.44
O,O,N,NONE,Manufacturer#2,2-HIGH,1,HOUSEHOLD,TRUCK,5,0.04,18,Brand#23,SM PACK,36,19,2,26335.8202
F,F,A,DELIVER IN PERSON,Manufacturer#4,3-MEDIUM,3,MACHINERY,MAIL,6,0.01,21,Brand#41,WRAP PKG,26,33,1,37201.9758
O,O,N,DELIVER IN PERSON,Manufacturer#4,4-NOT SPECIFIED,3,FURNITURE,SHIP,2,0.08,21,Brand#42,SM CAN,44,17,1,25582.8172
F,F,R,COLLECT COD,Manufacturer#2,5-LOW,3,FURNITURE,MAIL,3,0.03,21,Brand#21,WRAP DRUM,29,29,1,36184.6485
F,F,A,COLLECT COD,Manufacturer#2,5-LOW,3,FURNITURE,MAIL,2,0.02,8,Brand#25,LG BOX,30,24,3,43440.0288
F,F,R,COLLECT COD,Manufacturer#3,2-HIGH,3,AUTOMOBILE,RAIL,1,0.05,21,Brand#33,WRAP BOX,49,22,1,20890.3112
F,F,R,COLLECT COD,Manufacturer#4,1-URGENT,4,BUILDING,FOB,3,0.02,12,Brand#42,SM DRUM,45,23,0,34419.3597
O,O,N,TAKE BACK RETURN,Manufacturer#5,4-NOT SPECIFIED,3,FURNITURE,TRUCK,4,0.06,18,Brand#53,JUMBO PACK,4,15,2,15831.912
O,O,N,DELIVER IN PERSON,Manufacturer#5,3-MEDIUM,0,HOUSEHOLD,AIR,2,0.08,12,Brand#54,WRAP PACK,17,32,0,41513.8272
O,O,N,TAKE BACK RETURN,Manufacturer#2,4-NOT SPECIFIED,3,FURNITURE,RAIL,2,0.03,18,Brand#23,LG JAR,20,4,2,4520.9532
F,F,R,DELIVER IN PERSON,Manufacturer#3,1-URGENT,0,HOUSEHOLD,REG AIR,2,0.02,21,Brand#34,JUMBO CASE,19,40,1,69796.932
O,O,N,TAKE BACK RETURN,Manufacturer#1,2-HIGH,1,BUILDING,RAIL,5,0.06,8,Brand#12,JUMBO BAG,40,34,3,44465.1456
O,O,N,NONE,Manufacturer#4,3-MEDIUM,1,AUTOMOBILE,RAIL,3,0.01,9,Brand#44,LG BOX,26,33,4,49653.4038
F,F,R,NONE,Manufacturer#5,2-HIGH,0,FURNITURE,FOB,2,0.07,18,Brand#52,LG BAG,41,36,2,62258.1696
O,O,N,TAKE BACK RETURN,Manufacturer#4,2-HIGH,2,FURNITURE,AIR,3,0.07,9,Brand#41,MED CAN,15,14,4,12824.14
F,F,A,NONE,Manufacturer#1,3-MEDIUM,1,FURNITURE,REG AIR,2,0.03,8,Brand#11,WRAP CASE,26,16,3,27214.3296
F,F,A,COLLECT COD,Manufacturer#3,3-MEDIUM,1,MACHINERY,TRUCK,3,0.06,21,Brand#32,WRAP CASE,20,50,1,80185
F,F,A,COLLECT COD,Manufacturer#1,3-MEDIUM,1,MACHINERY,MAIL,4,0.06,8,Brand#12,MED PKG,41,38,3,35626.254
F,F,A,COLLECT COD,Manufacturer#5,3-MEDIUM,1,MACHINERY,AIR,1,0.02,21,Brand#54,LG CAN,35,48,1,45539.28
O,O,N,TAKE BACK RETURN,Manufacturer#1,1-URGENT,2,FURNITURE,RAIL,1,0.08,18,Brand#15,LG CASE,41,10,2,13832.758
O,O,N,DELIVER IN PERSON,Manufacturer#2,1-URGENT,2,FURNITURE,SHIP,4,0.03,18,Brand#24,MED BAG,4,25,2,21517.5
O,O,N,NONE,Manufacturer#5,2-HIGH,2,AUTOMOBILE,REG AIR,4,0,8,Brand#53,LG JAR,26,9,3,14952.582
O,O,N,DELIVER IN PERSON,Manufacturer#5,2-HIGH,2,AUTOMOBILE,MAIL,1,0.06,12,Brand#54,LG JAR,19,48,0,45794.4
F,F,A,DELIVER IN PERSON,Manufacturer#2,5-LOW,4,HOUSEHOLD,SHIP,5,0.07,18,Brand#22,MED CASE,42,49,2,50817.1748
F,F,R,TAKE BACK RETURN,Manufacturer#2,5-LOW,4,HOUSEHOLD,TRUCK,4,0,18,Brand#24,SM PACK,30,43,2,41835.1386
F,F,A,NONE,Manufacturer#3,5-LOW,4,HOUSEHOLD,REG AIR,2,0,12,Brand#35,MED BAG,44,24,0,41134.4208
F,F,A,COLLECT COD,Manufacturer#4,5-LOW,4,HOUSEHOLD,REG AIR,7,0.08,18,Brand#45,WRAP CAN,11,40,2,62599.416
F,F,R,NONE,Manufacturer#5,3-MEDIUM,2,FURNITURE,TRUCK,4,0,9,Brand#53,MED JAR,40,9,4,12560.265
F,F,R,DELIVER IN PERSON,Manufacturer#5,5-LOW,3,HOUSEHOLD,FOB,3,0.01,9,Brand#51,MED CAN,10,8,4,13107.2032
F,F,A,NONE,Manufacturer#3,5-LOW,4,FURNITURE,FOB,6,0.01,18,Brand#31,LG CAN,13,24,2,42340.8168
F,F,A,COLLECT COD,Manufacturer#1,5-LOW,4,FURNITURE,RAIL,2,0.04,12,Brand#13,WRAP DRUM,19,13,0,13252.9371
F,F,A,TAKE BACK RETURN,Manufacturer#2,1-URGENT,0,BUILDING,REG AIR,1,0.02,12,Brand#23,LG BAG,17,27,0,26881.3512
F,F,A,NONE,Manufacturer#5,2-HIGH,3,AUTOMOBILE,TRUCK,4,0.01,9,Brand#54,LG CAN,30,37,4,58336.605
O,O,N,NONE,Manufacturer#5,5-LOW,4,BUILDING,AIR,4,0.08,12,Brand#54,WRAP DRUM,43,40,0,59174.64
O,O,N,COLLECT COD,Manufacturer#4,5-LOW,4,BUILDING,AIR,2,0.07,8,Brand#45,JUMBO PACK,26,25,3,23863.94
O,O,N,TAKE BACK RETURN,Manufacturer#4,2-HIGH,4,BUILDING,MAIL,3,0.04,18,Brand#43,WRAP BAG,26,2,2,2640.2886
O,O,N,DELIVER IN PERSON,Manufacturer#3,2-HIGH,4,BUILDING,MAIL,5,0.06,18,Brand#32,MED PACK,45,17,2,25195.1866
F,F,A,COLLECT COD,Manufacturer#3,2-HIGH,3,FURNITURE,AIR,3,0.04,9,Brand#31,JUMBO PKG,1,23,4,27187.7664
F,F,A,COLLECT COD,Manufacturer#4,2-HIGH,3,FURNITURE,AIR,1,0.04,12,Brand#45,LG BOX,6,25,0,42838.62
O,O,N,TAKE BACK RETURN,Manufacturer#5,2-HIGH,4,FURNITURE,MAIL,2,0.05,21,Brand#52,JUMBO PKG,17,11,1,14326.4
O,O,N,TAKE BACK RETURN,Manufacturer#1,2-HIGH,4,FURNITURE,REG AIR,4,0.04,18,Brand#11,JUMBO BOX,48,36,2,43819.38
F,F,A,DELIVER IN PERSON,Manufacturer#1,2-HIGH,0,MACHINERY,SHIP,3,0.07,18,Brand#12,WRAP JAR,32,40,2,53103.744
F,F,R,COLLECT COD,Manufacturer#5,4-NOT SPECIFIED,0,BUILDING,RAIL,2,0.04,8,Brand#55,JUMBO PACK,1,3,3,2519.9076
F,F,A,TAKE BACK RETURN,Manufacturer#2,4-NOT SPECIFIED,4,MACHINERY,RAIL,3,0.01,9,Brand#22,WRAP JAR,3,36,4,49444.92
O,O,N,TAKE BACK RETURN,Manufacturer#5,1-URGENT,0,AUTOMOBILE,FOB,1,0,12,Brand#55,JUMBO CASE,10,13,0,12648.1628
O,O,N,TAKE BACK RETURN,Manufacturer#2,2-HIGH,3,AUTOMOBILE,FOB,2,0,9,Brand#22,MED JAR,8,19,4,21309.0624
F,F,A,COLLECT COD,Manufacturer#3,3-MEDIUM,1,MACHINERY,AIR,1,0.08,21,Brand#33,JUMBO PKG,48,10,1,16273.512
F,F,A,COLLECT COD,Manufacturer#2,4-NOT SPECIFIED,4,MACHINERY,SHIP,2,0.03,8,Brand#21,MED PACK,12,40,3,66285.936
F,F,R,NONE,Manufacturer#5,4-NOT SPECIFIED,4,MACHINERY,REG AIR,4,0,18,Brand#54,JUMBO PACK,13,22,2,21111.09
F,F,R,TAKE BACK RETURN,Manufacturer#2,4-NOT SPECIFIED,4,MACHINERY,AIR,1,0.02,9,Brand#25,SM PKG,31,33,4,59938.2432
O,O,N,TAKE BACK RETURN,Manufacturer#1,1-URGENT,1,FURNITURE,SHIP,3,0.06,21,Brand#12,JUMBO BOX,20,3,1,4614.3405
O,O,N,NONE,Manufacturer#5,1-URGENT,1,FURNITURE,AIR,4,0.01,9,Brand#53,LG JAR,31,22,4,31680.099
O,O,N,NONE,Manufacturer#5,1-URGENT,3,AUTOMOBILE,FOB,1,0.07,12,Brand#52,SM CASE,48,36,0,49028.2884
O,O,N,COLLECT COD,Manufacturer#2,2-HIGH,2,BUILDING,MAIL,3,0.02,12,Brand#23,JUMBO PACK,2,38,0,46233.2928
F,F,R,NONE,Manufacturer#2,5-LOW,3,HOUSEHOLD,TRUCK,5,0.03,9,Brand#21,WRAP BAG,25,10,4,16343.19
F,F,A,DELIVER IN PERSON,Manufacturer#2,5-LOW,3,HOUSEHOLD,REG AIR,3,0.05,9,Brand#24,MED JAR,16,43,4,68810.6554
O,O,N,NONE,Manufacturer#3,5-LOW,4,FURNITURE,REG AIR,2,0.04,8,Brand#34,SM PACK,25,17,3,17338.419
O,O,N,COLLECT COD,Manufacturer#2,5-LOW,4,FURNITURE,AIR,6,0.07,8,Brand#23,MED JAR,9,11,3,18776.5094
O,O,N,NONE,Manufacturer#3,5-LOW,4,FURNITURE,REG AIR,4,0.02,12,Brand#34,WRAP PKG,27,26,0,30099.732
O,O,N,TAKE BACK RETURN,Manufacturer#4,1-URGENT,3,MACHINERY,TRUCK,2,0.05,12,Brand#43,WRAP CASE,24,11,0,18782.214
O,O,N,TAKE BACK RETURN,Manufacturer#3,1-URGENT,3,MACHINERY,TRUCK,1,0.06,21,Brand#33,WRAP PACK,33,5,1,6882.35
F,F,A,NONE,Manufacturer#2,1-URGENT,3,MACHINERY,FOB,6,0,9,Brand#25,LG DRUM,13,34,4,52853.85
F,F,N,COLLECT COD,Manufacturer#1,1-URGENT,3,MACHINERY,MAIL,7,0.06,21,Brand#12,JUMBO DRUM,12,22,1,19280.4612
O,O,N,NONE,Manufacturer#2,4-NOT SPECIFIED,1,BUILDING,REG AIR,2,0.04,21,Brand#24,WRAP PACK,12,3,1,4795.6887
O,O,N,COLLECT COD,Manufacturer#3,1-URGENT,1,FURNITURE,AIR,1,0.02,12,Brand#32,LG BOX,9,40,0,49224.82
O,O,N,NONE,Manufacturer#5,2-HIGH,4,AUTOMOBILE,TRUCK,1,0.08,12,Brand#55,WRAP DRUM,9,21,0,34735.1004
F,F,A,COLLECT COD,Manufacturer#5,2-HIGH,4,BUILDING,MAIL,4,0,21,Brand#52,JUMBO BAG,9,41,1,62637.6762
F,F,R,DELIVER IN PERSON,Manufacturer#5,2-HIGH,4,BUILDING,REG AIR,1,0.04,18,Brand#52,JUMBO PKG,8,24,2,39711.024
F,F,R,DELIVER IN PERSON,Manufacturer#1,2-HIGH,4,BUILDING,AIR,3,0.01,12,Brand#15,MED PACK,22,6,0,7057.8432
O,O,N,COLLECT COD,Manufacturer#2,3-MEDIUM,0,BUILDING,SHIP,4,0.06,18,Brand#22,SM PKG,45,34,2,32044.507
O,O,N,NONE,Manufacturer#2,1-URGENT,2,MACHINERY,AIR,2,0.07,8,Brand#24,WRAP DRUM,6,28,3,49891.0188
O,O,N,DELIVER IN PERSON,Manufacturer#4,3-MEDIUM,2,FURNITURE,REG AIR,3,0.03,18,Brand#44,LG BOX,26,2,2,3137.3524
F,P,A,NONE,Manufacturer#2,5-LOW,0,AUTOMOBILE,FOB,4,0.01,21,Brand#24,WRAP PACK,40,12,1,12746.916
O,O,N,COLLECT COD,Manufacturer#5,5-LOW,1,HOUSEHOLD,TRUCK,2,0.07,12,Brand#54,WRAP DRUM,43,32,0,47865.7088
O,O,N,DELIVER IN PERSON,Manufacturer#1,5-LOW,1,HOUSEHOLD,REG AIR,1,0,21,Brand#13,JUMBO CASE,19,48,1,70435.584
O,O,N,DELIVER IN PERSON,Manufacturer#1,4-NOT SPECIFIED,4,FURNITURE,AIR,6,0.07,21,Brand#12,SM PKG,3,35,1,32672.661
O,O,N,TAKE BACK RETURN,Manufacturer#4,4-NOT SPECIFIED,4,FURNITURE,RAIL,1,0.02,9,Brand#43,LG DRUM,12,21,4,23014.173
F,F,R,TAKE BACK RETURN,Manufacturer#3,1-URGENT,0,AUTOMOBILE,MAIL,4,0.07,8,Brand#35,LG DRUM,14,11,3,12956.6877
O,O,N,NONE,Manufacturer#5,2-HIGH,1,FURNITURE,AIR,4,0.08,18,Brand#55,LG JAR,38,24,2,29645.352
F,F,R,TAKE BACK RETURN,Manufacturer#4,5-LOW,4,FURNITURE,FOB,2,0.05,9,Brand#41,JUMBO PACK,44,26,4,30192.76
F,F,R,DELIVER IN PERSON,Manufacturer#5,5-LOW,1,AUTOMOBILE,RAIL,3,0.04,9,Brand#54,SM CAN,32,18,4,28787.0004
F,F,R,TAKE BACK RETURN,Manufacturer#3,4-NOT SPECIFIED,3,MACHINERY,MAIL,2,0.02,9,Brand#34,MED BAG,17,26,4,27545.0318
O,O,N,COLLECT COD,Manufacturer#5,4-NOT SPECIFIED,2,BUILDING,RAIL,4,0.02,8,Brand#51,LG CAN,10,7,3,8906.9554
O,O,N,TAKE BACK RETURN,Manufacturer#5,4-NOT SPECIFIED,2,BUILDING,MAIL,3,0.06,9,Brand#51,MED JAR,11,10,4,11862.296
O,O,N,NONE,Manufacturer#4,4-NOT SPECIFIED,2,BUILDING,TRUCK,5,0.04,21,Brand#44,SM DRUM,36,21,1,31134.8961
O,O,N,DELIVER IN PERSON,Manufacturer#4,4-NOT SPECIFIED,2,BUILDING,REG AIR,2,0.01,18,Brand#43,JUMBO PACK,25,48,2,67027.4352
O,O,N,DELIVER IN PERSON,Manufacturer#1,5-LOW,2,HOUSEHOLD,AIR,1,0.07,12,Brand#13,SM CASE,16,22,0,27116.089
F,F,A,NONE,Manufacturer#2,2-HIGH,2,BUILDING,TRUCK,3,0.02,18,Brand#23,MED PKG,34,23,2,37997.4812
F,F,R,COLLECT COD,Manufacturer#2,3-MEDIUM,2,FURNITURE,AIR,2,0.08,18,Brand#23,JUMBO BOX,3,49,2,59561.1268
F,F,A,NONE,Manufacturer#2,3-MEDIUM,2,FURNITURE,SHIP,4,0.03,18,Brand#21,SM JAR,7,6,2,10603.7568
F,F,A,DELIVER IN PERSON,Manufacturer#1,5-LOW,2,BUILDING,MAIL,1,0.08,9,Brand#14,SM BOX,26,5,4,4959.665
F,F,R,TAKE BACK RETURN,Manufacturer#5,5-LOW,2,BUILDING,RAIL,4,0.08,18,Brand#53,WRAP PACK,29,9,2,8036.82
F,F,A,COLLECT COD,Manufacturer#5,3-MEDIUM,3,BUILDING,FOB,3,0.03,18,Brand#54,MED JAR,10,41,2,53562.195
F,F,A,TAKE BACK RETURN,Manufacturer#3,4-NOT SPECIFIED,3,FURNITURE,MAIL,1,0.05,21,Brand#33,LG PACK,13,40,1,40012.416
F,F,R,DELIVER IN PERSON,Manufacturer#4,4-NOT SPECIFIED,3,FURNITURE,SHIP,2,0,21,Brand#42,MED CAN,11,15,1,17906.67
F,F,R,COLLECT COD,Manufacturer#3,4-NOT SPECIFIED,3,FURNITURE,RAIL,6,0,18,Brand#34,WRAP JAR,2,38,2,57671.3536
F,F,A,COLLECT COD,Manufacturer#4,5-LOW,4,HOUSEHOLD,MAIL,1,0.08,8,Brand#42,MED JAR,7,6,3,6432.2352
F,F,R,NONE,Manufacturer#4,5-LOW,4,HOUSEHOLD,TRUCK,2,0.06,21,Brand#41,SM JAR,26,10,1,16540.588
F,F,A,COLLECT COD,Manufacturer#3,2-HIGH,1,MACHINERY,TRUCK,4,0.05,21,Brand#32,WRAP CASE,20,25,1,36885.1
F,F,A,DELIVER IN PERSON,Manufacturer#3,3-MEDIUM,2,FURNITURE,AIR,1,0.05,8,Brand#35,WRAP BOX,14,8,3,9780.3936
F,F,R,DELIVER IN PERSON,Manufacturer#4,4-NOT SPECIFIED,2,FURNITURE,REG AIR,2,0.08,8,Brand#44,MED BAG,6,20,3,32136.384
O,O,N,TAKE BACK RETURN,Manufacturer#3,5-LOW,0,HOUSEHOLD,REG AIR,1,0.08,18,Brand#35,SM DRUM,21,42,2,47782.8792
F,F,R,NONE,Manufacturer#5,5-LOW,4,FURNITURE,SHIP,5,0.06,18,Brand#51,WRAP DRUM,21,48,2,78875.2608
O,O,N,COLLECT COD,Manufacturer#1,4-NOT SPECIFIED,3,MACHINERY,RAIL,4,0.03,18,Brand#14,MED PACK,2,18,2,27750.7512
F,F,A,NONE,Manufacturer#2,2-HIGH,0,HOUSEHOLD,MAIL,1,0,8,Brand#21,SM PKG,10,7,3,8563.212
O,O,N,NONE,Manufacturer#3,5-LOW,0,BUILDING,AIR,5,0.06,18,Brand#31,WRAP DRUM,29,12,2,16257.9648
O,O,N,NONE,Manufacturer#4,3-MEDIUM,0,MACHINERY,RAIL,5,0.02,8,Brand#44,LG CAN,36,3,3,3035.5374
O,O,N,DELIVER IN PERSON,Manufacturer#5,3-MEDIUM,0,MACHINERY,TRUCK,1,0.06,21,Brand#54,LG CASE,42,14,1,22213.2134
O,O,N,NONE,Manufacturer#2,3-MEDIUM,0,MACHINERY,AIR,4,0.01,8,Brand#24,JUMBO PACK,39,14,3,16383.717
O,O,N,TAKE BACK RETURN,Manufacturer#3,3-MEDIUM,0,MACHINERY,MAIL,3,0.02,9,Brand#34,MED BAG,32,46,4,43241.38
F,F,A,COLLECT COD,Manufacturer#2,2-HIGH,1,AUTOMOBILE,AIR,1,0.03,21,Brand#22,LG CAN,20,32,1,33412.48
F,F,R,COLLECT COD,Manufacturer#5,5-LOW,4,MACHINERY,RAIL,1,0,21,Brand#52,JUMBO CAN,43,31,1,52166.3381
O,O,N,NONE,Manufacturer#5,4-NOT SPECIFIED,0,HOUSEHOLD,MAIL,2,0.05,8,Brand#52,SM PKG,2,30,3,43246.2
F,F,R,TAKE BACK RETURN,Manufacturer#4,1-URGENT,2,BUILDING,REG AIR,3,0.01,18,Brand#42,LG PACK,44,7,2,10967.0134
F,F,R,NONE,Manufacturer#1,1-URGENT,2,BUILDING,AIR,5,0.07,9,Brand#13,JUMBO JAR,26,5,4,6194.1825
F,F,R,NONE,Manufacturer#1,1-URGENT,2,BUILDING,FOB,1,0.05,21,Brand#13,WRAP BOX,26,5,1,5274.1695
O,O,N,TAKE BACK RETURN,Manufacturer#2,2-HIGH,4,AUTOMOBILE,RAIL,2,0.05,9,Brand#21,MED JAR,8,17,4,18140.003
O,O,N,NONE,Manufacturer#3,2-HIGH,4,AUTOMOBILE,MAIL,4,0.07,8,Brand#34,SM PACK,25,10,3,10879.008
F,F,R,NONE,Manufacturer#3,5-LOW,2,FURNITURE,MAIL,3,0.05,18,Brand#34,JUMBO CASE,19,32,2,56988.8352
F,F,A,COLLECT COD,Manufacturer#1,4-NOT SPECIFIED,4,BUILDING,FOB,5,0.06,18,Brand#11,MED BOX,18,35,2,42372.8025
F,F,R,TAKE BACK RETURN,Manufacturer#3,4-NOT SPECIFIED,4,BUILDING,FOB,4,0.03,21,Brand#35,SM JAR,39,7,1,6415.9606
F,F,R,TAKE BACK RETURN,Manufacturer#2,2-HIGH,4,MACHINERY,FOB,6,0.06,8,Brand#22,WRAP JAR,23,37,3,37550.1456
O,O,N,COLLECT COD,Manufacturer#4,1-URGENT,2,HOUSEHOLD,TRUCK,6,0.04,18,Brand#45,MED CAN,4,9,2,15566.1516
F,F,A,COLLECT COD,Manufacturer#5,1-URGENT,2,HOUSEHOLD,MAIL,3,0.05,12,Brand#53,WRAP DRUM,10,50,0,51951.745
F,F,A,COLLECT COD,Manufacturer#4,2-HIGH,2,HOUSEHOLD,AIR,1,0.01,12,Brand#41,JUMBO PACK,44,50,0,55159.85
O,O,N,DELIVER IN PERSON,Manufacturer#2,5-LOW,0,BUILDING,MAIL,1,0.01,18,Brand#25,SM BAG,44,19,2,25898.0184
F,F,R,TAKE BACK RETURN,Manufacturer#3,4-NOT SPECIFIED,1,AUTOMOBILE,SHIP,2,0.01,8,Brand#33,SM BOX,32,36,3,61008.9084
F,F,A,COLLECT COD,Manufacturer#2,4-NOT SPECIFIED,1,AUTOMOBILE,SHIP,5,0.03,18,Brand#24,JUMBO DRUM,47,4,2,4249.6272
F,F,A,NONE,Manufacturer#1,5-LOW,4,BUILDING,MAIL,3,0.03,8,Brand#13,MED PKG,6,50,3,49058.955
F,F,A,COLLECT COD,Manufacturer#2,3-MEDIUM,0,FURNITURE,RAIL,1,0.07,8,Brand#25,LG CASE,39,25,3,28831.2
F,F,A,DELIVER IN PERSON,Manufacturer#1,2-HIGH,0,HOUSEHOLD,AIR,4,0.07,18,Brand#15,JUMBO PACK,27,6,2,8697.834
F,F,A,DELIVER IN PERSON,Manufacturer#2,5-LOW,2,AUTOMOBILE,FOB,1,0.07,9,Brand#22,WRAP PKG,31,13,4,21872.9602
O,O,N,COLLECT COD,Manufacturer#4,2-HIGH,4,BUILDING,AIR,1,0.06,18,Brand#43,WRAP CASE,44,42,2,63143.8038
O,O,N,TAKE BACK RETURN,Manufacturer#5,1-URGENT,2,HOUSEHOLD,MAIL,1,0,8,Brand#55,SM BAG,17,21,3,35786.8434
O,O,N,TAKE BACK RETURN,Manufacturer#4,1-URGENT,2,HOUSEHOLD,REG AIR,2,0,18,Brand#41,MED DRUM,17,9,2,15713.0397
O,O,N,NONE,Manufacturer#1,3-MEDIUM,3,AUTOMOBILE,FOB,3,0.03,18,Brand#11,JUMBO PKG,41,43,2,70624.404
F,F,R,NONE,Manufacturer#3,1-URGENT,0,MACHINERY,SHIP,1,0.03,12,Brand#35,JUMBO DRUM,24,7,0,6833.1774
F,F,R,COLLECT COD,Manufacturer#5,1-URGENT,0,MACHINERY,TRUCK,5,0.03,18,Brand#52,MED CASE,20,22,2,19108.7336
F,F,R,DELIVER IN PERSON,Manufacturer#3,1-URGENT,0,MACHINERY,TRUCK,7,0.01,18,Brand#35,LG JAR,14,33,2,34511.9544
F,F,A,NONE,Manufacturer#4,1-URGENT,2,FURNITURE,MAIL,4,0.05,21,Brand#41,WRAP CAN,20,47,1,80895.1968
F,F,A,TAKE BACK RETURN,Manufacturer#3,1-URGENT,2,FURNITURE,FOB,7,0,18,Brand#34,WRAP CASE,23,21,2,24872.1816
O,O,N,DELIVER IN PERSON,Manufacturer#2,5-LOW,4,FURNITURE,TRUCK,3,0.03,9,Brand#21,WRAP BAG,25,12,4,21355.1016
F,F,A,DELIVER IN PERSON,Manufacturer#3,1-URGENT,4,HOUSEHOLD,FOB,7,0.04,9,Brand#33,SM PACK,13,47,4,54504.8049
F,F,R,DELIVER IN PERSON,Manufacturer#4,1-URGENT,4,HOUSEHOLD,REG AIR,2,0.04,8,Brand#43,MED PACK,47,49,3,78460.1475
F,F,R,TAKE BACK RETURN,Manufacturer#5,5-LOW,0,FURNITURE,REG AIR,3,0,12,Brand#52,JUMBO BOX,47,46,0,67457.068
F,F,R,COLLECT COD,Manufacturer#3,5-LOW,0,FURNITURE,TRUCK,1,0.03,18,Brand#34,SM BAG,20,13,2,19869.941
F,F,A,TAKE BACK RETURN,Manufacturer#4,2-HIGH,1,AUTOMOBILE,MAIL,3,0,21,Brand#45,SM CASE,26,7,1,12676.3
F,F,A,COLLECT COD,Manufacturer#3,2-HIGH,1,AUTOMOBILE,FOB,6,0.03,21,Brand#32,SM PKG,12,34,1,57652.644
F,F,A,DELIVER IN PERSON,Manufacturer#5,2-HIGH,1,AUTOMOBILE,MAIL,7,0.03,21,Brand#55,LG PKG,1,16,1,23977.44
O,O,N,COLLECT COD,Manufacturer#5,5-LOW,0,BUILDING,AIR,4,0.01,8,Brand#54,WRAP BOX,31,49,3,62232.0384
F,F,A,COLLECT COD,Manufacturer#5,3-MEDIUM,1,MACHINERY,TRUCK,4,0,12,Brand#54,LG JAR,19,32,0,28697.824
F,F,R,NONE,Manufacturer#2,3-MEDIUM,1,MACHINERY,RAIL,3,0,18,Brand#21,SM PKG,32,37,2,47576.5536
O,O,N,COLLECT COD,Manufacturer#4,1-URGENT,3,AUTOMOBILE,MAIL,1,0.07,8,Brand#43,JUMBO BOX,48,25,3,43606.035
O,O,N,COLLECT COD,Manufacturer#4,1-URGENT,3,AUTOMOBILE,REG AIR,3,0.06,9,Brand#44,WRAP CAN,19,32,4,58269.44
O,O,N,TAKE BACK RETURN,Manufacturer#5,4-NOT SPECIFIED,3,HOUSEHOLD,FOB,1,0.01,12,Brand#51,JUMBO JAR,23,1,0,1375.9428
O,O,N,DELIVER IN PERSON,Manufacturer#1,1-URGENT,1,BUILDING,AIR,1,0.08,12,Brand#15,SM CASE,34,1,0,1259.8768
O,O,N,COLLECT COD,Manufacturer#3,3-MEDIUM,0,HOUSEHOLD,AIR,1,0.08,21,Brand#32,WRAP CAN,25,35,1,41136.515
F,F,R,COLLECT COD,Manufacturer#1,3-MEDIUM,0,FURNITURE,AIR,1,0.02,18,Brand#15,MED BOX,9,7,2,11181.681
F,F,A,COLLECT COD,Manufacturer#3,3-MEDIUM,0,FURNITURE,MAIL,5,0.04,18,Brand#31,MED PACK,20,26,2,42064.4042
F,F,R,DELIVER IN PERSON,Manufacturer#4,3-MEDIUM,0,FURNITURE,AIR,2,0.08,8,Brand#43,MED BOX,10,11,3,20190.6166
F,F,A,TAKE BACK RETURN,Manufacturer#2,1-URGENT,4,AUTOMOBILE,AIR,3,0,18,Brand#22,SM PACK,19,47,2,60967.789
F,F,R,NONE,Manufacturer#3,1-URGENT,4,AUTOMOBILE,TRUCK,1,0.01,9,Brand#32,MED PACK,16,29,4,41141.8128
F,F,R,COLLECT COD,Manufacturer#2,1-URGENT,4,AUTOMOBILE,RAIL,3,0.08,9,Brand#21,LG DRUM,8,34,4,31971.9136
F,F,A,DELIVER IN PERSON,Manufacturer#5,3-MEDIUM,0,BUILDING,MAIL,1,0.02,18,Brand#52,WRAP CASE,36,9,2,16144.1181
O,O,N,NONE,Manufacturer#5,5-LOW,3,AUTOMOBILE,TRUCK,3,0.06,18,Brand#54,MED JAR,22,23,2,22496.9486
O,O,N,NONE,Manufacturer#4,5-LOW,3,AUTOMOBILE,AIR,6,0.06,12,Brand#44,JUMBO CAN,3,22,0,25956.0554
O,O,N,COLLECT COD,Manufacturer#4,5-LOW,3,AUTOMOBILE,TRUCK,1,0,8,Brand#42,SM DRUM,45,17,3,23384.6067
O,O,N,COLLECT COD,Manufacturer#4,4-NOT SPECIFIED,0,AUTOMOBILE,FOB,3,0.02,8,Brand#41,WRAP DRUM,9,6,3,8871.42
O,O,N,DELIVER IN PERSON,Manufacturer#1,4-NOT SPECIFIED,0,AUTOMOBILE,AIR,4,0.01,12,Brand#13,SM CASE,16,37,0,50114.65
O,O,N,COLLECT COD,Manufacturer#3,4-NOT SPECIFIED,0,AUTOMOBILE,MAIL,2,0.04,21,Brand#35,WRAP PKG,35,5,1,7122.516
F,F,R,NONE,Manufacturer#2,2-HIGH,1,BUILDING,REG AIR,1,0.05,8,Brand#25,MED JAR,50,44,3,55988.174
O,O,N,COLLECT COD,Manufacturer#1,3-MEDIUM,1,BUILDING,FOB,2,0.02,12,Brand#11,LG PKG,12,41,0,61721.5599
F,F,R,COLLECT COD,Manufacturer#4,2-HIGH,0,HOUSEHOLD,FOB,1,0.07,12,Brand#42,JUMBO JAR,7,44,0,58250.4384
O,O,N,COLLECT COD,Manufacturer#4,1-URGENT,0,AUTOMOBILE,MAIL,5,0.05,18,Brand#44,LG PACK,21,44,2,45629.8656
F,F,A,COLLECT COD,Manufacturer#4,4-NOT SPECIFIED,2,HOUSEHOLD,SHIP,4,0.08,18,Brand#44,SM BAG,4,47,2,84783.3
F,F,R,TAKE BACK RETURN,Manufacturer#1,1-URGENT,1,FURNITURE,SHIP,2,0.01,21,Brand#15,SM CASE,2,47,1,62160.1414
F,F,A,TAKE BACK RETURN,Manufacturer#3,3-MEDIUM,3,BUILDING,MAIL,5,0.03,21,Brand#34,MED PKG,42,23,1,29047.827
F,F,R,TAKE BACK RETURN,Manufacturer#1,3-MEDIUM,3,BUILDING,REG AIR,3,0.07,8,Brand#13,LG PKG,19,17,3,15982.5211
O,O,N,NONE,Manufacturer#2,1-URGENT,3,BUILDING,TRUCK,3,0.06,12,Brand#21,LG CAN,33,29,0,31489.8704
F,F,A,TAKE BACK RETURN,Manufacturer#3,1-URGENT,0,HOUSEHOLD,AIR,2,0.02,18,Brand#34,WRAP JAR,43,42,2,48429.444
F,F,R,NONE,Manufacturer#3,5-LOW,1,MACHINERY,FOB,5,0.03,18,Brand#31,MED PKG,21,12,2,15361.1136
F,F,R,DELIVER IN PERSON,Manufacturer#2,3-MEDIUM,3,FURNITURE,FOB,1,0.08,18,Brand#23,SM DRUM,49,20,2,32650.38
F,F,R,TAKE BACK RETURN,Manufacturer#5,2-HIGH,4,HOUSEHOLD,TRUCK,3,0.05,21,Brand#55,MED CAN,18,13,1,21632.598
F,F,A,NONE,Manufacturer#5,4-NOT SPECIFIED,0,FURNITURE,RAIL,4,0.05,12,Brand#51,JUMBO CASE,42,16,0,25816.672
F,F,R,COLLECT COD,Manufacturer#4,5-LOW,1,MACHINERY,AIR,3,0.06,8,Brand#43,JUMBO CAN,42,33,3,31729.6485
F,F,A,TAKE BACK RETURN,Manufacturer#4,5-LOW,1,FURNITURE,FOB,3,0.08,8,Brand#44,LG DRUM,18,31,3,33795.549
F,F,A,COLLECT COD,Manufacturer#4,5-LOW,1,FURNITURE,MAIL,4,0.04,21,Brand#44,SM BAG,23,17,1,30730.2336
F,F,R,DELIVER IN PERSON,Manufacturer#1,5-LOW,1,FURNITURE,REG AIR,1,0.05,18,Brand#12,JUMBO BAG,40,17,2,22715.8896
O,O,N,TAKE BACK RETURN,Manufacturer#4,4-NOT SPECIFIED,1,BUILDING,SHIP,5,0.05,12,Brand#42,MED PKG,28,49,0,62224.8991
O,O,N,NONE,Manufacturer#1,1-URGENT,2,AUTOMOBILE,REG AIR,1,0.07,18,Brand#13,MED CASE,27,26,2,34528.338
O,O,N,TAKE BACK RETURN,Manufacturer#4,5-LOW,4,AUTOMOBILE,TRUCK,4,0.01,18,Brand#41,SM BOX,33,7,2,8317.96
O,O,N,COLLECT COD,Manufacturer#2,3-MEDIUM,4,BUILDING,AIR,1,0,8,Brand#24,WRAP CAN,19,38,3,39852.2948
O,O,N,NONE,Manufacturer#2,5-LOW,1,AUTOMOBILE,REG AIR,6,0,18,Brand#23,LG JAR,3,5,2,5568.2825
O,O,N,NONE,Manufacturer#3,5-LOW,1,AUTOMOBILE,FOB,1,0.04,12,Brand#33,MED PKG,49,48,0,58630.6224
O,O,N,DELIVER IN PERSON,Manufacturer#1,5-LOW,1,AUTOMOBILE,REG AIR,2,0.04,9,Brand#12,JUMBO PKG,31,11,4,10579.0608
F,F,A,DELIVER IN PERSON,Manufacturer#4,2-HIGH,0,BUILDING,REG AIR,5,0.06,21,Brand#44,SM BAG,23,35,1,64586.214
F,F,R,DELIVER IN PERSON,Manufacturer#3,2-HIGH,0,BUILDING,MAIL,2,0,21,Brand#34,WRAP PACK,30,17,1,26349.9592
F,F,R,DELIVER IN PERSON,Manufacturer#2,1-URGENT,3,HOUSEHOLD,SHIP,3,0.05,18,Brand#25,MED DRUM,10,15,2,15366.105
F,F,R,NONE,Manufacturer#1,1-URGENT,3,HOUSEHOLD,TRUCK,5,0.04,8,Brand#13,LG PKG,19,26,3,24175.242
O,O,N,COLLECT COD,Manufacturer#5,5-LOW,0,MACHINERY,SHIP,1,0,12,Brand#54,LG JAR,19,33,0,30539.1405
O,O,N,DELIVER IN PERSON,Manufacturer#1,3-MEDIUM,3,FURNITURE,SHIP,3,0.01,9,Brand#14,SM BOX,26,23,4,22814.459
O,O,N,NONE,Manufacturer#2,4-NOT SPECIFIED,2,HOUSEHOLD,TRUCK,6,0.04,9,Brand#25,SM CASE,22,14,4,13446.5604
O,O,N,NONE,Manufacturer#1,4-NOT SPECIFIED,2,HOUSEHOLD,FOB,7,0.05,18,Brand#14,WRAP BAG,46,31,2,36999.5075
F,F,R,DELIVER IN PERSON,Manufacturer#2,5-LOW,0,HOUSEHOLD,AIR,3,0.06,21,Brand#23,WRAP BAG,35,10,1,11397.888
F,F,R,TAKE BACK RETURN,Manufacturer#5,5-LOW,0,HOUSEHOLD,SHIP,5,0.04,9,Brand#53,SM CAN,36,42,4,57836.646
F,F,A,COLLECT COD,Manufacturer#4,5-LOW,2,MACHINERY,AIR,1,0.04,9,Brand#42,JUMBO DRUM,13,32,4,43222.8896
F,F,R,NONE,Manufacturer#2,5-LOW,2,MACHINERY,MAIL,6,0,12,Brand#24,MED PACK,50,44,0,71352.82
O,O,N,TAKE BACK RETURN,Manufacturer#4,5-LOW,3,MACHINERY,SHIP,1,0.03,8,Brand#43,SM JAR,11,32,3,29416.6208
O,O,N,DELIVER IN PERSON,Manufacturer#5,5-LOW,3,MACHINERY,REG AIR,2,0.03,21,Brand#51,SM CAN,15,27,1,41788.4103
O,O,N,COLLECT COD,Manufacturer#2,2-HIGH,4,BUILDING,REG AIR,1,0,18,Brand#24,WRAP CASE,26,3,2,4572.1221
O,O,N,COLLECT COD,Manufacturer#5,5-LOW,1,BUILDING,AIR,6,0.05,21,Brand#51,JUMBO PACK,30,16,1,22073.9648
O,O,N,NONE,Manufacturer#4,5-LOW,1,BUILDING,RAIL,1,0.01,9,Brand#41,SM PACK,43,12,4,12255.8004
F,F,R,NONE,Manufacturer#2,1-URGENT,3,BUILDING,MAIL,1,0,12,Brand#24,MED PKG,4,43,0,56261.2
F,F,A,COLLECT COD,Manufacturer#1,3-MEDIUM,2,MACHINERY,RAIL,1,0.04,8,Brand#13,SM BAG,29,37,3,59149.717
F,F,A,TAKE BACK RETURN,Manufacturer#5,5-LOW,2,MACHINERY,AIR,3,0,8,Brand#55,SM BAG,17,47,3,82650.5669
F,F,A,TAKE BACK RETURN,Manufacturer#1,1-URGENT,0,FURNITURE,AIR,6,0,18,Brand#15,MED PKG,35,21,2,33172.062
O,P,N,COLLECT COD,Manufacturer#1,5-LOW,4,HOUSEHOLD,AIR,4,0,12,Brand#11,LG CASE,39,30,0,46195.425
F,P,N,COLLECT COD,Manufacturer#1,5-LOW,4,HOUSEHOLD,RAIL,6,0,18,Brand#13,WRAP PKG,43,7,2,9586.22
O,O,N,COLLECT COD,Manufacturer#5,3-MEDIUM,3,FURNITURE,MAIL,2,0.01,21,Brand#52,SM PKG,50,26,1,46949.0112
O,O,N,TAKE BACK RETURN,Manufacturer#3,3-MEDIUM,3,FURNITURE,TRUCK,3,0.07,18,Brand#32,MED PACK,45,6,2,8892.4188
O,O,N,TAKE BACK RETURN,Manufacturer#4,4-NOT SPECIFIED,2,BUILDING,SHIP,1,0.06,21,Brand#45,WRAP PKG,29,19,1,20876.1892
O,O,N,COLLECT COD,Manufacturer#5,4-NOT SPECIFIED,2,BUILDING,TRUCK,4,0.04,18,Brand#54,LG CASE,38,39,2,63227.9232
O,O,N,DELIVER IN PERSON,Manufacturer#1,5-LOW,3,FURNITURE,SHIP,2,0.01,12,Brand#14,WRAP BAG,13,13,0,22812.4416
O,O,N,DELIVER IN PERSON,Manufacturer#3,5-LOW,3,FURNITURE,RAIL,3,0.04,21,Brand#34,SM PACK,48,8,1,8753.1008
F,F,R,NONE,Manufacturer#4,4-NOT SPECIFIED,0,AUTOMOBILE,MAIL,1,0,18,Brand#43,JUMBO CAN,37,8,2,9342.3968
F,F,R,NONE,Manufacturer#5,4-NOT SPECIFIED,0,AUTOMOBILE,AIR,2,0.03,21,Brand#51,LG BOX,48,29,1,32187.4712
F,F,A,TAKE BACK RETURN,Manufacturer#3,4-NOT SPECIFIED,0,AUTOMOBILE,MAIL,3,0.02,9,Brand#32,JUMBO CASE,40,8,4,12950.1736
O,O,N,NONE,Manufacturer#2,2-HIGH,4,FURNITURE,SHIP,4,0.02,12,Brand#25,SM PACK,21,30,0,49813.44
F,F,R,TAKE BACK RETURN,Manufacturer#2,3-MEDIUM,0,FURNITURE,RAIL,2,0.08,18,Brand#21,WRAP CAN,16,47,2,69445.602
F,F,A,NONE,Manufacturer#3,4-NOT SPECIFIED,0,BUILDING,FOB,3,0.03,9,Brand#33,LG DRUM,46,33,4,32000.2848
O,O,N,TAKE BACK RETURN,Manufacturer#2,4-NOT SPECIFIED,3,HOUSEHOLD,RAIL,1,0.04,12,Brand#25,LG BOX,30,6,0,10084.2924
O,O,N,DELIVER IN PERSON,Manufacturer#4,4-NOT SPECIFIED,0,BUILDING,MAIL,1,0.01,21,Brand#43,MED JAR,42,45,1,70544.7
O,O,N,DELIVER IN PERSON,Manufacturer#4,4-NOT SPECIFIED,0,BUILDING,MAIL,2,0.04,9,Brand#44,LG BOX,26,36,4,53014.8528
O,O,N,TAKE BACK RETURN,Manufacturer#4,4-NOT SPECIFIED,0,BUILDING,MAIL,3,0.02,18,Brand#44,LG PACK,21,47,2,49270.7862
O,O,N,COLLECT COD,Manufacturer#4,2-HIGH,4,BUILDING,RAIL,2,0,8,Brand#41,LG CASE,45,41,3,74806.5746
O,O,N,COLLECT COD,Manufacturer#4,2-HIGH,4,BUILDING,REG AIR,4,0.07,12,Brand#42,WRAP CASE,21,48,0,41176.8
O,O,N,COLLECT COD,Manufacturer#2,2-HIGH,4,BUILDING,MAIL,5,0.07,8,Brand#24,JUMBO PACK,39,32,3,36643.152
O,O,N,TAKE BACK RETURN,Manufacturer#1,2-HIGH,4,BUILDING,FOB,3,0.05,21,Brand#13,MED JAR,38,23,1,29270.3957
F,F,R,DELIVER IN PERSON,Manufacturer#4,3-MEDIUM,1,FURNITURE,AIR,4,0.05,8,Brand#43,SM PACK,4,22,3,30365.874
F,F,A,TAKE BACK RETURN,Manufacturer#5,3-MEDIUM,1,FURNITURE,FOB,2,0.03,21,Brand#53,LG CASE,27,43,1,60451.0942
F,F,A,TAKE BACK RETURN,Manufacturer#2,1-URGENT,3,FURNITURE,SHIP,2,0.04,18,Brand#22,SM JAR,7,40,2,61718.384
F,F,R,DELIVER IN PERSON,Manufacturer#3,1-URGENT,3,FURNITURE,REG AIR,1,0.08,9,Brand#35,SM CAN,39,32,4,34522.9984
O,O,N,COLLECT COD,Manufacturer#4,1-URGENT,0,AUTOMOBILE,AIR,3,0.05,8,Brand#41,MED CAN,8,27,3,40549.3722
O,O,N,NONE,Manufacturer#4,1-URGENT,4,AUTOMOBILE,SHIP,3,0.08,21,Brand#45,MED PKG,34,30,1,36867.798
O,O,N,COLLECT COD,Manufacturer#1,1-URGENT,4,AUTOMOBILE,AIR,7,0.05,18,Brand#13,MED BAG,38,21,2,33089.07
O,O,N,DELIVER IN PERSON,Manufacturer#3,1-URGENT,4,AUTOMOBILE,AIR,4,0.06,8,Brand#35,WRAP BOX,44,26,3,38240.6648
O,O,N,TAKE BACK RETURN,Manufacturer#3,1-URGENT,1,AUTOMOBILE,MAIL,4,0.06,8,Brand#33,JUMBO PACK,35,39,3,39353.028
O,O,N,COLLECT COD,Manufacturer#3,1-URGENT,1,AUTOMOBILE,FOB,2,0.08,12,Brand#32,LG PKG,11,8,0,9150.9824
O,O,N,DELIVER IN PERSON,Manufacturer#4,3-MEDIUM,2,HOUSEHOLD,RAIL,4,0.05,9,Brand#43,JUMBO CASE,44,11,4,17856.96
O,O,N,COLLECT COD,Manufacturer#1,3-MEDIUM,2,HOUSEHOLD,AIR,2,0.01,9,Brand#14,SM JAR,20,50,4,81879.525
O,O,N,NONE,Manufacturer#1,4-NOT SPECIFIED,4,HOUSEHOLD,RAIL,3,0.04,8,Brand#11,WRAP PKG,20,8,3,12259.1856
O,O,N,COLLECT COD,Manufacturer#3,4-NOT SPECIFIED,4,HOUSEHOLD,RAIL,6,0.03,18,Brand#34,WRAP PKG,27,36,2,44847.594
F,P,R,DELIVER IN PERSON,Manufacturer#5,5-LOW,0,HOUSEHOLD,TRUCK,1,0.01,21,Brand#51,LG CAN,22,28,1,44181.7152
O,P,N,COLLECT COD,Manufacturer#5,5-LOW,0,HOUSEHOLD,FOB,5,0.01,8,Brand#53,LG JAR,26,23,3,39418.8536
O,O,N,DELIVER IN PERSON,Manufacturer#2,5-LOW,4,AUTOMOBILE,SHIP,4,0.05,8,Brand#21,MED PACK,12,17,3,28474.4424
F,P,N,NONE,Manufacturer#1,1-URGENT,1,BUILDING,REG AIR,1,0.08,12,Brand#12,MED CASE,28,33,0,36510.804
O,O,N,TAKE BACK RETURN,Manufacturer#2,3-MEDIUM,1,AUTOMOBILE,REG AIR,2,0.04,18,Brand#21,LG DRUM,21,46,2,64929.184
F,F,A,NONE,Manufacturer#4,4-NOT SPECIFIED,1,AUTOMOBILE,AIR,6,0.02,18,Brand#42,JUMBO BOX,10,35,2,47032.4575
F,F,A,COLLECT COD,Manufacturer#1,4-NOT SPECIFIED,1,AUTOMOBILE,MAIL,4,0,8,Brand#11,JUMBO CASE,27,29,3,25057.566
O,O,N,COLLECT COD,Manufacturer#5,4-NOT SPECIFIED,1,AUTOMOBILE,SHIP,5,0.06,21,Brand#52,MED JAR,22,25,1,45225.53
O,O,N,TAKE BACK RETURN,Manufacturer#2,4-NOT SPECIFIED,1,AUTOMOBILE,MAIL,4,0.05,12,Brand#24,WRAP PACK,13,45,0,80454.645
O,O,N,TAKE BACK RETURN,Manufacturer#1,3-MEDIUM,0,FURNITURE,REG AIR,4,0.02,18,Brand#12,JUMBO PACK,30,48,2,70357.1616
O,O,N,TAKE BACK RETURN,Manufacturer#3,5-LOW,4,BUILDING,AIR,3,0.05,12,Brand#34,LG CASE,16,4,0,5457.84
O,O,N,NONE,Manufacturer#5,5-LOW,4,BUILDING,RAIL,4,0.07,18,Brand#52,LG BAG,41,46,2,73811.232
O,O,N,COLLECT COD,Manufacturer#3,4-NOT SPECIFIED,0,BUILDING,FOB,4,0.02,8,Brand#31,JUMBO DRUM,48,1,3,1095.7911
O,O,N,TAKE BACK RETURN,Manufacturer#4,2-HIGH,3,AUTOMOBILE,REG AIR,1,0.08,18,Brand#44,LG BOX,26,11,2,17079.3623
O,O,N,DELIVER IN PERSON,Manufacturer#4,2-HIGH,3,AUTOMOBILE,SHIP,2,0.07,8,Brand#41,WRAP DRUM,9,49,3,67378.4349
O,O,N,DELIVER IN PERSON,Manufacturer#5,1-URGENT,3,HOUSEHOLD,REG AIR,2,0.03,18,Brand#55,LG DRUM,1,37,2,35892.22
F,F,R,NONE,Manufacturer#3,2-HIGH,0,FURNITURE,REG AIR,5,0.04,8,Brand#35,JUMBO DRUM,21,43,3,55624.0776
F,F,R,NONE,Manufacturer#4,2-HIGH,0,FURNITURE,MAIL,3,0.02,21,Brand#42,WRAP CAN,16,50,1,71788.32
F,F,A,DELIVER IN PERSON,Manufacturer#4,3-MEDIUM,0,MACHINERY,AIR,2,0.05,18,Brand#45,SM PKG,31,15,2,16397.85
O,O,N,COLLECT COD,Manufacturer#1,3-MEDIUM,2,AUTOMOBILE,MAIL,1,0,18,Brand#11,JUMBO CASE,27,13,2,11731.9332
F,F,A,NONE,Manufacturer#5,5-LOW,0,BUILDING,MAIL,2,0.03,18,Brand#55,LG JAR,38,49,2,64560.9888
F,F,A,NONE,Manufacturer#5,5-LOW,3,AUTOMOBILE,AIR,6,0,8,Brand#55,SM BAG,26,18,3,31396.3452
F,F,A,NONE,Manufacturer#2,4-NOT SPECIFIED,3,BUILDING,SHIP,4,0.03,21,Brand#23,WRAP DRUM,12,49,1,49274.2824
F,F,R,NONE,Manufacturer#1,4-NOT SPECIFIED,3,BUILDING,AIR,5,0.05,18,Brand#12,JUMBO CAN,14,46,2,40170.8248
F,F,R,COLLECT COD,Manufacturer#4,4-NOT SPECIFIED,3,BUILDING,TRUCK,3,0.06,12,Brand#41,WRAP PKG,26,3,0,3381.9978
O,O,N,TAKE BACK RETURN,Manufacturer#3,2-HIGH,3,FURNITURE,REG AIR,6,0.08,21,Brand#32,JUMBO JAR,29,49,1,72084.4733
F,F,A,TAKE BACK RETURN,Manufacturer#5,5-LOW,0,AUTOMOBILE,TRUCK,1,0.08,18,Brand#51,WRAP BAG,2,45,2,63823.896
F,F,R,COLLECT COD,Manufacturer#5,3-MEDIUM,2,MACHINERY,REG AIR,1,0.07,12,Brand#51,SM PACK,30,45,0,69487.902
F,F,A,TAKE BACK RETURN,Manufacturer#3,1-URGENT,4,AUTOMOBILE,RAIL,2,0.01,9,Brand#35,SM CAN,24,17,4,26417.3472
O,O,N,NONE,Manufacturer#2,1-URGENT,4,HOUSEHOLD,TRUCK,2,0.01,21,Brand#22,JUMBO PKG,35,44,1,39723.2836
F,P,A,COLLECT COD,Manufacturer#3,5-LOW,1,HOUSEHOLD,AIR,4,0.02,18,Brand#31,WRAP DRUM,29,39,2,50681.7168
F,P,A,NONE,Manufacturer#1,5-LOW,1,HOUSEHOLD,REG AIR,1,0.04,12,Brand#14,SM PACK,9,42,0,47993.715
F,F,R,NONE,Manufacturer#4,2-HIGH,3,MACHINERY,MAIL,1,0,21,Brand#43,JUMBO BAG,47,17,1,30125.9108
O,O,N,COLLECT COD,Manufacturer#4,3-MEDIUM,0,FURNITURE,TRUCK,1,0.03,12,Brand#43,LG CASE,7,25,0,42676.1375
O,O,N,NONE,Manufacturer#5,4-NOT SPECIFIED,1,BUILDING,SHIP,1,0.08,21,Brand#53,JUMBO BAG,5,34,1,41550.074
O,O,N,COLLECT COD,Manufacturer#1,2-HIGH,4,FURNITURE,AIR,5,0.08,21,Brand#12,WRAP PKG,41,11,1,15216.432
F,F,R,COLLECT COD,Manufacturer#3,3-MEDIUM,3,HOUSEHOLD,REG AIR,3,0.07,18,Brand#34,JUMBO CAN,48,5,2,5886.336
F,F,A,DELIVER IN PERSON,Manufacturer#4,4-NOT SPECIFIED,2,AUTOMOBILE,RAIL,1,0.05,9,Brand#44,WRAP CAN,19,46,4,79574.204
F,F,A,NONE,Manufacturer#3,5-LOW,4,BUILDING,FOB,1,0.04,21,Brand#35,WRAP BOX,44,10,1,14548.079
F,F,A,NONE,Manufacturer#3,2-HIGH,1,FURNITURE,REG AIR,1,0.01,21,Brand#34,SM BAG,20,23,1,35513.2305
F,F,R,NONE,Manufacturer#3,1-URGENT,3,AUTOMOBILE,RAIL,2,0.04,9,Brand#35,LG CAN,42,16,4,16904.0736
F,F,A,DELIVER IN PERSON,Manufacturer#2,2-HIGH,3,BUILDING,REG AIR,3,0.03,18,Brand#25,SM CAN,1,25,2,32142.27
F,F,A,NONE,Manufacturer#3,2-HIGH,3,BUILDING,SHIP,2,0.02,9,Brand#35,WRAP BOX,14,13,4,15401.5992
F,F,A,DELIVER IN PERSON,Manufacturer#1,2-HIGH,3,BUILDING,TRUCK,4,0.02,8,Brand#11,JUMBO CASE,27,21,3,18145.134
O,O,N,NONE,Manufacturer#1,2-HIGH,3,MACHINERY,MAIL,2,0.06,21,Brand#13,MED PKG,6,14,1,13736.5074
O,O,N,DELIVER IN PERSON,Manufacturer#3,4-NOT SPECIFIED,0,FURNITURE,MAIL,5,0.01,8,Brand#35,WRAP CASE,1,48,3,55211.52
F,F,R,COLLECT COD,Manufacturer#1,2-HIGH,2,BUILDING,FOB,4,0,18,Brand#12,JUMBO BAG,43,5,2,6121.776
F,F,R,DELIVER IN PERSON,Manufacturer#2,3-MEDIUM,0,HOUSEHOLD,MAIL,2,0.07,9,Brand#25,JUMBO JAR,49,29,4,32236.9713
O,O,N,DELIVER IN PERSON,Manufacturer#1,1-URGENT,1,AUTOMOBILE,RAIL,2,0.02,9,Brand#12,JUMBO BAG,43,17,4,21464.4771
O,O,N,COLLECT COD,Manufacturer#3,1-URGENT,1,AUTOMOBILE,FOB,6,0,21,Brand#33,JUMBO PKG,48,46,1,78112.8576
O,O,N,TAKE BACK RETURN,Manufacturer#1,2-HIGH,3,BUILDING,SHIP,4,0.03,8,Brand#14,JUMBO JAR,26,27,3,32766.2118
O,O,N,NONE,Manufacturer#4,2-HIGH,3,BUILDING,FOB,1,0.03,12,Brand#45,LG PKG,16,23,0,24933.265
O,O,N,DELIVER IN PERSON,Manufacturer#5,2-HIGH,3,BUILDING,FOB,2,0,12,Brand#55,MED JAR,36,4,0,3751.704
F,F,R,TAKE BACK RETURN,Manufacturer#2,5-LOW,0,BUILDING,RAIL,3,0.01,18,Brand#21,WRAP DRUM,35,47,2,42075.5468
F,F,R,NONE,Manufacturer#5,1-URGENT,1,MACHINERY,REG AIR,7,0.06,9,Brand#53,WRAP DRUM,46,3,4,3571.1352
F,F,A,DELIVER IN PERSON,Manufacturer#3,1-URGENT,1,MACHINERY,RAIL,5,0.01,9,Brand#33,WRAP CASE,34,23,4,35895.8976
O,O,N,TAKE BACK RETURN,Manufacturer#5,3-MEDIUM,1,FURNITURE,RAIL,1,0.02,8,Brand#51,MED DRUM,9,7,3,8289.96
O,O,N,NONE,Manufacturer#2,3-MEDIUM,1,FURNITURE,RAIL,3,0.03,12,Brand#23,WRAP DRUM,1,40,0,52909.22
O,O,N,COLLECT COD,Manufacturer#4,3-MEDIUM,1,FURNITURE,SHIP,2,0.04,9,Brand#42,WRAP BOX,11,27,4,47307.3048
O,O,N,NONE,Manufacturer#1,1-URGENT,2,BUILDING,REG AIR,2,0,18,Brand#11,JUMBO PACK,12,26,2,44534.9892
O,O,N,TAKE BACK RETURN,Manufacturer#4,1-URGENT,2,BUILDING,AIR,5,0.01,8,Brand#43,WRAP CAN,44,4,3,7286.1228
F,F,A,NONE,Manufacturer#1,3-MEDIUM,4,FURNITURE,FOB,2,0.02,18,Brand#11,WRAP CASE,45,30,2,28097.388
F,F,A,COLLECT COD,Manufacturer#2,4-NOT SPECIFIED,3,AUTOMOBILE,SHIP,2,0.03,9,Brand#21,MED PACK,48,24,4,30105.1968
F,F,R,TAKE BACK RETURN,Manufacturer#3,4-NOT SPECIFIED,3,AUTOMOBILE,AIR,1,0.08,21,Brand#32,LG CAN,1,17,1,19384.08
O,O,N,COLLECT COD,Manufacturer#5,4-NOT SPECIFIED,1,AUTOMOBILE,REG AIR,1,0.04,8,Brand#54,MED CASE,43,50,3,52791.375
F,F,A,COLLECT COD,Manufacturer#3,5-LOW,2,AUTOMOBILE,AIR,1,0.02,21,Brand#32,WRAP PKG,29,16,1,25170.8928
F,F,A,NONE,Manufacturer#5,5-LOW,2,AUTOMOBILE,RAIL,5,0.04,21,Brand#54,LG CASE,42,25,1,39666.4525
F,F,A,DELIVER IN PERSON,Manufacturer#3,5-LOW,2,AUTOMOBILE,RAIL,4,0.03,9,Brand#35,WRAP CAN,26,41,4,69182.7276
F,F,R,NONE,Manufacturer#4,5-LOW,2,AUTOMOBILE,MAIL,2,0.06,21,Brand#44,LG BOX,26,33,1,52822.77
F,F,R,DELIVER IN PERSON,Manufacturer#4,1-URGENT,4,FURNITURE,SHIP,3,0,8,Brand#44,WRAP BAG,4,24,3,23439.888
F,F,R,COLLECT COD,Manufacturer#3,1-URGENT,4,FURNITURE,REG AIR,1,0.05,21,Brand#31,MED PACK,38,14,1,21206.1808
F,F,A,DELIVER IN PERSON,Manufacturer#3,2-HIGH,3,BUILDING,RAIL,2,0.02,8,Brand#33,SM PKG,6,38,3,57391.324
F,F,A,DELIVER IN PERSON,Manufacturer#5,2-HIGH,3,BUILDING,MAIL,1,0.01,21,Brand#55,JUMBO CAN,16,39,1,70664.9268
F,F,R,DELIVER IN PERSON,Manufacturer#3,1-URGENT,3,FURNITURE,AIR,4,0,12,Brand#35,LG BOX,42,14,0,17348.52
F,F,A,TAKE BACK RETURN,Manufacturer#5,1-URGENT,3,FURNITURE,MAIL,3,0.01,12,Brand#51,SM JAR,13,45,0,53960.76
F,F,R,COLLECT COD,Manufacturer#3,1-URGENT,3,FURNITURE,FOB,5,0,18,Brand#35,MED PACK,26,32,2,53047.872
O,O,N,NONE,Manufacturer#3,5-LOW,3,BUILDING,TRUCK,2,0.08,9,Brand#33,WRAP PKG,25,37,4,32339.702
O,O,N,NONE,Manufacturer#1,5-LOW,3,BUILDING,RAIL,7,0.02,21,Brand#11,LG JAR,30,39,1,55195.296
O,O,N,DELIVER IN PERSON,Manufacturer#5,5-LOW,3,BUILDING,FOB,5,0.07,9,Brand#52,SM CAN,46,44,4,57338.688
F,F,R,COLLECT COD,Manufacturer#3,5-LOW,1,FURNITURE,REG AIR,2,0.08,21,Brand#32,WRAP CASE,20,10,1,15395.52
O,O,N,DELIVER IN PERSON,Manufacturer#2,1-URGENT,4,HOUSEHOLD,RAIL,1,0.05,18,Brand#23,MED PKG,34,28,2,46257.8032
F,F,R,NONE,Manufacturer#3,2-HIGH,2,AUTOMOBILE,AIR,2,0.04,18,Brand#33,SM BOX,32,6,2,9757.317
F,F,A,COLLECT COD,Manufacturer#3,2-HIGH,2,AUTOMOBILE,MAIL,1,0.05,18,Brand#35,MED PKG,38,37,2,51536.412
O,O,N,TAKE BACK RETURN,Manufacturer#1,1-URGENT,2,MACHINERY,TRUCK,2,0.07,8,Brand#13,JUMBO BOX,28,23,3,20391.5631
O,O,N,COLLECT COD,Manufacturer#1,5-LOW,4,HOUSEHOLD,SHIP,2,0.05,21,Brand#13,LG CAN,47,3,1,5125.6854
F,F,R,DELIVER IN PERSON,Manufacturer#5,3-MEDIUM,0,AUTOMOBILE,MAIL,1,0.05,21,Brand#51,LG PACK,42,31,1,57937.76
F,F,A,TAKE BACK RETURN,Manufacturer#3,4-NOT SPECIFIED,4,HOUSEHOLD,TRUCK,2,0,9,Brand#34,LG JAR,10,21,4,35109.7362
F,F,A,NONE,Manufacturer#4,4-NOT SPECIFIED,4,HOUSEHOLD,TRUCK,3,0,21,Brand#42,SM CAN,44,42,1,62517.6006
F,F,R,NONE,Manufacturer#5,1-URGENT,4,HOUSEHOLD,AIR,1,0.07,8,Brand#51,WRAP CAN,50,6,3,9875.3178
F,F,R,DELIVER IN PERSON,Manufacturer#2,5-LOW,4,BUILDING,MAIL,2,0.08,21,Brand#23,WRAP DRUM,12,33,1,31830.2424
O,O,N,COLLECT COD,Manufacturer#3,5-LOW,3,HOUSEHOLD,RAIL,6,0,9,Brand#34,SM DRUM,7,45,4,70377.048
O,O,N,COLLECT COD,Manufacturer#4,5-LOW,3,HOUSEHOLD,SHIP,3,0.07,8,Brand#42,WRAP CAN,16,42,3,62186.6322
O,O,N,DELIVER IN PERSON,Manufacturer#1,5-LOW,3,HOUSEHOLD,MAIL,5,0.04,9,Brand#13,WRAP CAN,33,35,4,29721.244
O,O,N,COLLECT COD,Manufacturer#3,5-LOW,1,FURNITURE,MAIL,3,0.03,8,Brand#33,SM BOX,32,17,3,28518.7546
O,O,N,COLLECT COD,Manufacturer#1,5-LOW,1,FURNITURE,REG AIR,6,0.06,8,Brand#14,JUMBO JAR,21,41,3,71233.9166
O,O,N,NONE,Manufacturer#1,5-LOW,1,FURNITURE,TRUCK,5,0.04,18,Brand#13,MED JAR,17,22,2,37321.3456
F,F,R,DELIVER IN PERSON,Manufacturer#2,2-HIGH,0,HOUSEHOLD,MAIL,2,0.06,21,Brand#22,JUMBO JAR,7,13,1,20046.9555
F,F,R,COLLECT COD,Manufacturer#3,2-HIGH,0,HOUSEHOLD,TRUCK,1,0.01,18,Brand#32,WRAP CAN,9,19,2,29450.8816
F,F,A,TAKE BACK RETURN,Manufacturer#3,2-HIGH,1,MACHINERY,SHIP,1,0.05,12,Brand#34,MED CASE,43,19,0,19353.856
O,O,N,COLLECT COD,Manufacturer#1,3-MEDIUM,1,MACHINERY,SHIP,1,0,12,Brand#14,LG JAR,24,27,0,24031.1799
F,F,A,NONE,Manufacturer#1,4-NOT SPECIFIED,0,MACHINERY,SHIP,2,0.02,12,Brand#12,JUMBO DRUM,33,14,0,21478.0104
F,F,R,NONE,Manufacturer#4,4-NOT SPECIFIED,0,MACHINERY,AIR,4,0.04,21,Brand#43,WRAP DRUM,36,44,1,66246.312
O,O,N,NONE,Manufacturer#2,1-URGENT,4,FURNITURE,MAIL,1,0.06,18,Brand#24,MED BAG,4,23,2,20629.62
O,O,N,TAKE BACK RETURN,Manufacturer#2,5-LOW,3,MACHINERY,TRUCK,1,0,9,Brand#22,WRAP BAG,2,17,4,16381.2153
F,F,A,NONE,Manufacturer#2,5-LOW,1,AUTOMOBILE,REG AIR,5,0.08,18,Brand#25,JUMBO DRUM,6,26,2,45581.9364
O,O,N,COLLECT COD,Manufacturer#2,2-HIGH,1,HOUSEHOLD,MAIL,3,0,12,Brand#21,LG DRUM,21,7,0,10195.864
O,O,N,DELIVER IN PERSON,Manufacturer#2,2-HIGH,1,HOUSEHOLD,RAIL,5,0.07,8,Brand#24,LG CAN,35,1,3,869.0955
O,O,N,TAKE BACK RETURN,Manufacturer#2,1-URGENT,1,HOUSEHOLD,MAIL,2,0.02,18,Brand#22,SM CASE,42,29,2,41891.66
F,F,A,COLLECT COD,Manufacturer#5,5-LOW,1,BUILDING,REG AIR,2,0.06,21,Brand#53,SM BAG,24,17,1,16523.6634
F,F,R,COLLECT COD,Manufacturer#3,5-LOW,1,BUILDING,RAIL,4,0.07,18,Brand#34,JUMBO CAN,48,23,2,27077.1456
O,O,N,COLLECT COD,Manufacturer#3,3-MEDIUM,0,FURNITURE,SHIP,1,0.04,18,Brand#32,SM DRUM,29,50,2,77217.6
O,O,N,DELIVER IN PERSON,Manufacturer#1,3-MEDIUM,0,FURNITURE,MAIL,7,0.01,9,Brand#13,JUMBO JAR,16,18,4,32265.0324
O,O,N,DELIVER IN PERSON,Manufacturer#4,4-NOT SPECIFIED,3,BUILDING,TRUCK,6,0.01,8,Brand#45,MED JAR,35,37,3,60511.2874
O,O,N,TAKE BACK RETURN,Manufacturer#2,4-NOT SPECIFIED,3,BUILDING,AIR,5,0.01,8,Brand#22,SM PACK,4,5,3,7102.55
O,O,N,DELIVER IN PERSON,Manufacturer#2,4-NOT SPECIFIED,3,BUILDING,RAIL,2,0.05,8,Brand#24,WRAP CAN,46,34,3,34123.3554
O,O,N,DELIVER IN PERSON,Manufacturer#3,4-NOT SPECIFIED,3,BUILDING,MAIL,3,0.08,21,Brand#31,WRAP JAR,8,40,1,58590.972
O,O,N,TAKE BACK RETURN,Manufacturer#1,1-URGENT,0,FURNITURE,FOB,3,0,21,Brand#12,SM PKG,3,30,1,27409.284
O,O,N,DELIVER IN PERSON,Manufacturer#5,1-URGENT,1,BUILDING,RAIL,2,0.07,9,Brand#51,LG PKG,47,16,4,27823.0976
F,F,R,TAKE BACK RETURN,Manufacturer#5,4-NOT SPECIFIED,4,FURNITURE,TRUCK,1,0,8,Brand#55,LG BAG,10,43,3,49891.18
F,F,R,COLLECT COD,Manufacturer#5,1-URGENT,2,BUILDING,AIR,4,0.08,18,Brand#52,MED PKG,32,50,2,57977.865
F,F,R,DELIVER IN PERSON,Manufacturer#5,1-URGENT,2,BUILDING,TRUCK,1,0.08,9,Brand#54,LG CAN,29,9,4,15774.237
F,F,R,NONE,Manufacturer#2,2-HIGH,4,BUILDING,SHIP,2,0,8,Brand#22,WRAP JAR,23,34,3,31717.2128
F,F,R,COLLECT COD,Manufacturer#1,3-MEDIUM,4,BUILDING,REG AIR,1,0,21,Brand#12,LG PKG,1,33,1,36306.27
F,F,A,COLLECT COD,Manufacturer#5,3-MEDIUM,4,BUILDING,SHIP,3,0.03,8,Brand#53,SM PKG,40,37,3,45169.785
F,F,R,COLLECT COD,Manufacturer#2,3-MEDIUM,3,HOUSEHOLD,TRUCK,4,0.03,12,Brand#21,LG CASE,29,3,0,4313.7885
F,F,A,TAKE BACK RETURN,Manufacturer#3,3-MEDIUM,3,HOUSEHOLD,MAIL,5,0.01,9,Brand#32,WRAP CAN,25,19,4,21856.118
F,F,R,TAKE BACK RETURN,Manufacturer#4,4-NOT SPECIFIED,2,BUILDING,SHIP,1,0.05,18,Brand#44,SM BAG,15,16,2,23743.1968
F,F,A,TAKE BACK RETURN,Manufacturer#4,3-MEDIUM,3,MACHINERY,AIR,3,0,12,Brand#45,LG PKG,16,49,0,54813.9725
F,F,A,COLLECT COD,Manufacturer#4,3-MEDIUM,3,MACHINERY,RAIL,2,0.07,12,Brand#41,JUMBO DRUM,6,23,0,27092.8408
O,O,N,TAKE BACK RETURN,Manufacturer#1,2-HIGH,0,FURNITURE,TRUCK,1,0.08,8,Brand#13,JUMBO BOX,8,12,3,10647.942
O,O,N,TAKE BACK RETURN,Manufacturer#2,2-HIGH,3,FURNITURE,REG AIR,7,0.07,21,Brand#24,MED DRUM,36,20,1,23479.896
O,O,N,COLLECT COD,Manufacturer#2,2-HIGH,3,FURNITURE,REG AIR,2,0.05,8,Brand#23,LG PKG,2,5,3,6896.0255
F,F,R,NONE,Manufacturer#3,1-URGENT,1,MACHINERY,RAIL,2,0.01,9,Brand#33,LG CAN,14,31,4,40498.4
F,F,A,TAKE BACK RETURN,Manufacturer#4,1-URGENT,1,MACHINERY,FOB,1,0.06,9,Brand#44,WRAP BOX,40,21,4,35758.8
O,P,N,DELIVER IN PERSON,Manufacturer#1,1-URGENT,1,AUTOMOBILE,TRUCK,5,0.01,12,Brand#15,WRAP BAG,6,2,0,3348.1728
F,P,R,TAKE BACK RETURN,Manufacturer#1,1-URGENT,1,AUTOMOBILE,MAIL,2,0.05,21,Brand#13,JUMBO BOX,8,6,1,5043.762
O,O,N,TAKE BACK RETURN,Manufacturer#1,1-URGENT,2,FURNITURE,AIR,6,0.02,21,Brand#13,WRAP PACK,28,16,1,15638.1696
O,O,N,TAKE BACK RETURN,Manufacturer#1,1-URGENT,2,FURNITURE,MAIL,1,0.01,18,Brand#11,WRAP CAN,49,32,2,43533.6
O,O,N,TAKE BACK RETURN,Manufacturer#1,1-URGENT,2,FURNITURE,AIR,3,0.07,9,Brand#12,JUMBO DRUM,33,15,4,22547.262
F,F,A,COLLECT COD,Manufacturer#4,3-MEDIUM,1,BUILDING,MAIL,3,0.06,21,Brand#43,MED CAN,43,45,1,57589.758
O,O,N,COLLECT COD,Manufacturer#4,4-NOT SPECIFIED,4,BUILDING,RAIL,2,0.03,8,Brand#43,WRAP CASE,12,50,3,43177.5
F,F,A,NONE,Manufacturer#2,1-URGENT,0,HOUSEHOLD,FOB,1,0.02,8,Brand#21,SM PKG,10,7,3,9109.8
F,F,R,NONE,Manufacturer#4,1-URGENT,0,HOUSEHOLD,TRUCK,4,0.01,12,Brand#42,JUMBO CAN,44,44,0,53450.298
F,F,A,NONE,Manufacturer#1,1-URGENT,2,FURNITURE,AIR,3,0.08,18,Brand#12,SM DRUM,47,42,2,55943.3952
F,F,A,NONE,Manufacturer#2,4-NOT SPECIFIED,4,MACHINERY,REG AIR,1,0.05,21,Brand#25,MED BAG,45,16,1,18349.8336
F,F,A,TAKE BACK RETURN,Manufacturer#2,4-NOT SPECIFIED,0,AUTOMOBILE,TRUCK,2,0.02,8,Brand#24,LG CAN,35,49,3,42117.705
F,F,R,TAKE BACK RETURN,Manufacturer#1,4-NOT SPECIFIED,0,AUTOMOBILE,MAIL,3,0.01,18,Brand#15,MED PACK,22,7,2,7891.0608
F,F,A,NONE,Manufacturer#5,2-HIGH,4,HOUSEHOLD,SHIP,4,0.07,18,Brand#52,MED BAG,26,28,2,29854.0004
F,F,R,COLLECT COD,Manufacturer#4,3-MEDIUM,2,AUTOMOBILE,FOB,1,0.03,21,Brand#44,MED PACK,44,39,1,67650.336
O,O,N,COLLECT COD,Manufacturer#3,5-LOW,3,HOUSEHOLD,TRUCK,3,0.03,21,Brand#31,JUMBO CASE,1,37,1,35082.8635
O,O,N,DELIVER IN PERSON,Manufacturer#1,5-LOW,3,HOUSEHOLD,MAIL,2,0.02,9,Brand#12,SM BAG,46,36,4,31173.12
O,O,N,DELIVER IN PERSON,Manufacturer#4,5-LOW,1,AUTOMOBILE,TRUCK,1,0.02,18,Brand#43,JUMBO CAN,37,29,2,35667.5814
F,F,A,DELIVER IN PERSON,Manufacturer#2,3-MEDIUM,3,FURNITURE,TRUCK,2,0.02,18,Brand#22,WRAP DRUM,23,17,2,16525.19
F,F,A,TAKE BACK RETURN,Manufacturer#5,3-MEDIUM,3,FURNITURE,AIR,3,0.01,12,Brand#52,LG DRUM,30,42,0,44793.42
F,F,R,COLLECT COD,Manufacturer#5,5-LOW,3,MACHINERY,TRUCK,1,0.03,18,Brand#53,LG PACK,46,46,2,41713.4946
O,O,N,COLLECT COD,Manufacturer#4,1-URGENT,1,BUILDING,MAIL,7,0.07,18,Brand#42,LG PACK,44,15,2,22061.922
O,O,N,DELIVER IN PERSON,Manufacturer#3,1-URGENT,1,BUILDING,TRUCK,2,0.07,8,Brand#33,WRAP BAG,11,45,3,75534.921
O,O,N,DELIVER IN PERSON,Manufacturer#5,5-LOW,4,AUTOMOBILE,REG AIR,7,0,12,Brand#55,SM CAN,43,3,0,4021.8912
O,O,N,NONE,Manufacturer#1,5-LOW,4,AUTOMOBILE,AIR,4,0.06,21,Brand#13,MED JAR,38,10,1,13425.504
O,P,N,DELIVER IN PERSON,Manufacturer#4,4-NOT SPECIFIED,3,HOUSEHOLD,SHIP,3,0.02,12,Brand#41,SM PACK,5,45,0,65861.9325
O,O,N,NONE,Manufacturer#4,1-URGENT,0,HOUSEHOLD,RAIL,3,0.07,21,Brand#44,LG PKG,35,17,1,20619.9324
O,O,N,COLLECT COD,Manufacturer#4,1-URGENT,0,HOUSEHOLD,REG AIR,5,0.06,21,Brand#45,MED BAG,27,29,1,36501.0327
O,O,N,COLLECT COD,Manufacturer#3,5-LOW,1,MACHINERY,REG AIR,1,0.08,18,Brand#31,MED PACK,20,6,2,9600.498
O,O,N,TAKE BACK RETURN,Manufacturer#1,1-URGENT,4,HOUSEHOLD,TRUCK,1,0.04,21,Brand#15,WRAP BOX,26,34,1,46432.219
O,O,N,DELIVER IN PERSON,Manufacturer#3,1-URGENT,4,HOUSEHOLD,FOB,4,0.04,9,Brand#33,SM CASE,25,33,4,50026.2642
O,P,N,DELIVER IN PERSON,Manufacturer#3,3-MEDIUM,4,BUILDING,RAIL,1,0.04,18,Brand#33,SM PKG,7,49,2,55184.78
F,F,A,COLLECT COD,Manufacturer#3,5-LOW,1,FURNITURE,TRUCK,2,0.02,12,Brand#35,JUMBO DRUM,24,7,0,6554.2722
F,F,R,TAKE BACK RETURN,Manufacturer#2,5-LOW,1,FURNITURE,TRUCK,7,0.05,8,Brand#25,LG BOX,30,34,3,60284.1216
F,F,R,DELIVER IN PERSON,Manufacturer#2,5-LOW,1,FURNITURE,REG AIR,1,0.06,21,Brand#24,MED DRUM,36,11,1,13052.8024
F,F,R,NONE,Manufacturer#2,5-LOW,1,FURNITURE,SHIP,6,0.04,8,Brand#22,WRAP JAR,23,14,3,14064.6464
F,F,R,COLLECT COD,Manufacturer#3,4-NOT SPECIFIED,1,AUTOMOBILE,REG AIR,1,0.07,12,Brand#34,MED JAR,50,22,0,29437.8898
O,O,N,NONE,Manufacturer#5,3-MEDIUM,2,AUTOMOBILE,RAIL,5,0.01,8,Brand#54,JUMBO PACK,37,47,3,65084.049
O,O,N,TAKE BACK RETURN,Manufacturer#2,3-MEDIUM,2,AUTOMOBILE,RAIL,1,0.07,12,Brand#21,SM BOX,26,28,0,49920.6708
O,O,N,NONE,Manufacturer#5,4-NOT SPECIFIED,4,FURNITURE,FOB,2,0.08,9,Brand#55,JUMBO PACK,1,7,4,6199.3379
O,O,N,COLLECT COD,Manufacturer#5,4-NOT SPECIFIED,4,FURNITURE,RAIL,6,0.08,18,Brand#51,JUMBO CAN,49,4,2,3643.5312
O,O,N,TAKE BACK RETURN,Manufacturer#4,4-NOT SPECIFIED,4,FURNITURE,AIR,5,0,21,Brand#45,LG JAR,47,41,1,49193.1776
O,O,N,COLLECT COD,Manufacturer#1,3-MEDIUM,3,BUILDING,REG AIR,1,0,8,Brand#11,MED BOX,33,50,3,45061.29
O,O,N,DELIVER IN PERSON,Manufacturer#2,3-MEDIUM,3,BUILDING,AIR,6,0.03,9,Brand#23,LG BAG,35,47,4,83514.4128
F,F,A,TAKE BACK RETURN,Manufacturer#1,3-MEDIUM,0,BUILDING,RAIL,1,0.03,8,Brand#11,MED BOX,33,45,3,43171.623
F,F,A,TAKE BACK RETURN,Manufacturer#2,5-LOW,3,MACHINERY,AIR,2,0.03,12,Brand#22,SM BAG,8,8,0,13069.824
O,O,N,COLLECT COD,Manufacturer#3,5-LOW,0,MACHINERY,TRUCK,3,0.04,21,Brand#31,JUMBO CAN,11,10,1,9739.62
O,O,N,TAKE BACK RETURN,Manufacturer#2,1-URGENT,2,BUILDING,REG AIR,1,0.02,18,Brand#25,SM CAN,1,36,2,50309.64
O,O,N,NONE,Manufacturer#5,2-HIGH,2,FURNITURE,REG AIR,5,0.03,8,Brand#52,WRAP CAN,4,10,3,15905.381
O,O,N,COLLECT COD,Manufacturer#5,2-HIGH,0,HOUSEHOLD,MAIL,2,0.01,12,Brand#54,WRAP DRUM,43,11,0,16634.6488
O,O,N,COLLECT COD,Manufacturer#5,2-HIGH,0,HOUSEHOLD,REG AIR,1,0.05,9,Brand#51,WRAP BOX,25,26,4,39770.12
O,O,N,COLLECT COD,Manufacturer#3,4-NOT SPECIFIED,2,HOUSEHOLD,AIR,1,0.06,9,Brand#35,SM JAR,3,18,4,26931.3948
O,O,N,NONE,Manufacturer#5,2-HIGH,4,MACHINERY,MAIL,7,0.08,8,Brand#55,LG BAG,36,39,3,45339.6216
O,O,N,COLLECT COD,Manufacturer#4,2-HIGH,4,FURNITURE,FOB,4,0.03,18,Brand#42,JUMBO BOX,10,37,2,47103.183
O,O,N,TAKE BACK RETURN,Manufacturer#5,4-NOT SPECIFIED,2,MACHINERY,REG AIR,4,0.08,21,Brand#53,SM BOX,21,34,1,58428.0378
O,O,N,COLLECT COD,Manufacturer#2,4-NOT SPECIFIED,2,MACHINERY,TRUCK,2,0.04,9,Brand#22,SM CASE,42,21,4,29425.2798
O,O,N,TAKE BACK RETURN,Manufacturer#4,5-LOW,2,AUTOMOBILE,REG AIR,4,0.02,12,Brand#41,JUMBO CASE,29,45,0,78968.25
O,O,N,TAKE BACK RETURN,Manufacturer#4,5-LOW,2,AUTOMOBILE,MAIL,5,0.05,18,Brand#44,WRAP PACK,1,6,2,7057.764
O,O,N,COLLECT COD,Manufacturer#1,5-LOW,2,AUTOMOBILE,FOB,3,0.02,8,Brand#11,MED BAG,49,19,3,32104.7997
O,O,N,TAKE BACK RETURN,Manufacturer#1,5-LOW,2,AUTOMOBILE,AIR,1,0.02,8,Brand#15,SM DRUM,20,27,3,41371.5573
F,P,R,NONE,Manufacturer#1,1-URGENT,0,FURNITURE,RAIL,6,0,8,Brand#12,MED PACK,48,18,3,30350.277
F,F,R,DELIVER IN PERSON,Manufacturer#2,1-URGENT,0,BUILDING,RAIL,6,0.01,21,Brand#24,LG BOX,12,17,1,28667.0252
O,O,N,TAKE BACK RETURN,Manufacturer#3,5-LOW,4,MACHINERY,SHIP,2,0.07,8,Brand#33,SM CAN,28,9,3,13036.86
O,O,N,TAKE BACK RETURN,Manufacturer#4,5-LOW,4,MACHINERY,MAIL,4,0.08,9,Brand#44,LG JAR,15,35,4,37809.996
F,F,A,COLLECT COD,Manufacturer#3,5-LOW,0,MACHINERY,TRUCK,4,0.06,21,Brand#32,JUMBO PACK,45,3,1,3758.4078
F,F,R,COLLECT COD,Manufacturer#1,1-URGENT,3,HOUSEHOLD,FOB,1,0.06,21,Brand#13,MED JAR,38,9,1,11579.4972
F,P,N,COLLECT COD,Manufacturer#4,3-MEDIUM,1,FURNITURE,AIR,2,0.07,8,Brand#45,SM CASE,38,12,3,17240.7264
F,P,R,TAKE BACK RETURN,Manufacturer#3,3-MEDIUM,1,FURNITURE,TRUCK,4,0.06,12,Brand#32,JUMBO BAG,42,48,0,43455.2832
F,P,R,COLLECT COD,Manufacturer#2,3-MEDIUM,1,FURNITURE,AIR,5,0.01,18,Brand#23,LG JAR,46,23,2,26197.9637
F,F,A,COLLECT COD,Manufacturer#2,1-URGENT,2,HOUSEHOLD,TRUCK,1,0.06,18,Brand#25,WRAP PKG,4,38,2,67599.0018
F,F,A,NONE,Manufacturer#4,1-URGENT,2,HOUSEHOLD,AIR,4,0.01,12,Brand#41,WRAP PKG,26,31,0,37177.99
F,F,A,NONE,Manufacturer#5,1-URGENT,2,HOUSEHOLD,TRUCK,3,0,9,Brand#53,WRAP DRUM,46,45,4,55276.614
F,F,A,NONE,Manufacturer#5,3-MEDIUM,1,HOUSEHOLD,RAIL,1,0.04,18,Brand#55,LG DRUM,1,23,2,20526.4696
O,O,N,TAKE BACK RETURN,Manufacturer#1,4-NOT SPECIFIED,3,HOUSEHOLD,AIR,1,0.06,12,Brand#15,JUMBO JAR,49,29,0,50717.897
O,O,N,TAKE BACK RETURN,Manufacturer#3,4-NOT SPECIFIED,3,HOUSEHOLD,MAIL,3,0.02,21,Brand#34,LG DRUM,47,29,1,28357.853
O,O,N,COLLECT COD,Manufacturer#1,1-URGENT,0,BUILDING,MAIL,3,0.08,21,Brand#14,MED CAN,23,12,1,21525.4908
O,O,N,TAKE BACK RETURN,Manufacturer#2,5-LOW,0,BUILDING,FOB,5,0.05,18,Brand#21,LG PACK,33,1,2,976.07
O,O,N,DELIVER IN PERSON,Manufacturer#2,5-LOW,0,BUILDING,MAIL,1,0.01,9,Brand#24,MED PKG,6,30,4,29585.748
O,O,N,COLLECT COD,Manufacturer#2,5-LOW,0,BUILDING,MAIL,6,0.08,12,Brand#23,LG PACK,14,22,0,24811.3866
O,O,N,COLLECT COD,Manufacturer#5,3-MEDIUM,3,FURNITURE,MAIL,3,0.05,8,Brand#55,JUMBO PACK,1,37,3,30403.233
O,O,N,NONE,Manufacturer#2,3-MEDIUM,1,BUILDING,SHIP,5,0.06,21,Brand#23,JUMBO PACK,25,43,1,40963.0298
O,O,N,NONE,Manufacturer#3,5-LOW,4,AUTOMOBILE,MAIL,1,0.07,18,Brand#32,LG PACK,8,13,2,17092.2245
F,F,A,DELIVER IN PERSON,Manufacturer#1,2-HIGH,1,MACHINERY,SHIP,2,0.02,12,Brand#14,LG PACK,44,37,0,58485.16
F,F,R,DELIVER IN PERSON,Manufacturer#2,2-HIGH,1,MACHINERY,REG AIR,5,0.03,9,Brand#22,MED CASE,38,23,4,30359.8022
F,F,A,TAKE BACK RETURN,Manufacturer#2,1-URGENT,0,FURNITURE,REG AIR,4,0.05,21,Brand#24,SM BAG,6,16,1,26831.4624
F,F,A,DELIVER IN PERSON,Manufacturer#2,1-URGENT,0,FURNITURE,RAIL,3,0,12,Brand#21,SM BOX,26,18,0,30471.0588
O,O,N,DELIVER IN PERSON,Manufacturer#2,2-HIGH,2,AUTOMOBILE,AIR,3,0,21,Brand#24,MED DRUM,31,43,1,39584.4584
O,O,N,COLLECT COD,Manufacturer#5,1-URGENT,4,HOUSEHOLD,REG AIR,2,0.01,9,Brand#52,SM PACK,34,36,4,51158.4768
F,F,A,TAKE BACK RETURN,Manufacturer#1,1-URGENT,2,FURNITURE,AIR,1,0.02,18,Brand#14,LG PKG,30,13,2,12563.0817
O,O,N,NONE,Manufacturer#5,3-MEDIUM,2,HOUSEHOLD,FOB,4,0.05,8,Brand#55,SM BAG,17,25,3,43056.6125
F,F,R,COLLECT COD,Manufacturer#2,2-HIGH,1,MACHINERY,REG AIR,2,0.07,9,Brand#25,WRAP PKG,37,6,4,8325.192
F,F,R,DELIVER IN PERSON,Manufacturer#5,2-HIGH,1,MACHINERY,MAIL,3,0.04,21,Brand#51,LG CAN,10,20,1,24409.732
F,F,R,TAKE BACK RETURN,Manufacturer#4,1-URGENT,4,HOUSEHOLD,SHIP,4,0.02,21,Brand#42,JUMBO BOX,30,29,1,36791.0965
F,F,R,COLLECT COD,Manufacturer#5,1-URGENT,4,HOUSEHOLD,AIR,2,0.07,18,Brand#52,WRAP PKG,36,46,2,50815.0776
F,F,R,TAKE BACK RETURN,Manufacturer#5,1-URGENT,4,HOUSEHOLD,RAIL,5,0.06,21,Brand#55,WRAP PKG,27,1,1,1588.6744
O,O,N,NONE,Manufacturer#1,5-LOW,2,MACHINERY,MAIL,1,0.05,21,Brand#14,JUMBO JAR,9,45,1,61333.686
O,O,N,COLLECT COD,Manufacturer#3,5-LOW,2,MACHINERY,RAIL,2,0.03,21,Brand#32,JUMBO JAR,29,29,1,40902.9717
O,O,N,NONE,Manufacturer#2,2-HIGH,4,FURNITURE,FOB,1,0,12,Brand#22,LG JAR,2,1,0,1508.9805
O,O,N,TAKE BACK RETURN,Manufacturer#1,2-HIGH,4,FURNITURE,SHIP,5,0.02,12,Brand#12,MED CASE,28,28,0,34420.96
O,O,N,DELIVER IN PERSON,Manufacturer#3,3-MEDIUM,3,BUILDING,SHIP,1,0.07,9,Brand#31,JUMBO BOX,34,16,4,26225.3856
O,O,N,TAKE BACK RETURN,Manufacturer#4,5-LOW,3,AUTOMOBILE,FOB,6,0.02,21,Brand#43,MED BAG,4,34,1,54950.1846
F,F,A,DELIVER IN PERSON,Manufacturer#4,4-NOT SPECIFIED,2,FURNITURE,FOB,1,0.06,18,Brand#45,SM PKG,31,29,2,29800.3594
F,F,A,DELIVER IN PERSON,Manufacturer#5,5-LOW,2,HOUSEHOLD,FOB,1,0.04,21,Brand#51,LG BOX,48,41,1,46913.84
F,F,A,COLLECT COD,Manufacturer#1,5-LOW,2,HOUSEHOLD,SHIP,4,0.07,12,Brand#13,SM BOX,4,37,0,46168.1782
F,F,R,NONE,Manufacturer#1,5-LOW,2,HOUSEHOLD,RAIL,2,0.05,18,Brand#11,WRAP CASE,45,31,2,27274.3332
O,O,N,NONE,Manufacturer#5,2-HIGH,1,BUILDING,SHIP,1,0,9,Brand#53,SM CAN,37,33,4,53255.4462
O,O,N,TAKE BACK RETURN,Manufacturer#4,2-HIGH,1,BUILDING,AIR,2,0.08,18,Brand#43,JUMBO PKG,13,50,2,43067.25
F,F,A,TAKE BACK RETURN,Manufacturer#3,4-NOT SPECIFIED,1,AUTOMOBILE,FOB,2,0,8,Brand#34,LG CASE,20,34,3,45557.127
F,F,A,COLLECT COD,Manufacturer#5,5-LOW,3,AUTOMOBILE,REG AIR,5,0.03,18,Brand#54,LG CAN,49,50,2,49968.52
F,F,A,DELIVER IN PERSON,Manufacturer#3,5-LOW,3,AUTOMOBILE,SHIP,4,0.01,9,Brand#35,JUMBO CASE,24,22,4,19355.9784
O,O,N,NONE,Manufacturer#1,1-URGENT,4,BUILDING,SHIP,4,0.08,8,Brand#14,LG PACK,44,24,3,35280.7776
O,O,N,NONE,Manufacturer#1,4-NOT SPECIFIED,4,MACHINERY,TRUCK,2,0.08,9,Brand#13,JUMBO JAR,26,30,4,34161.855
O,O,N,NONE,Manufacturer#4,4-NOT SPECIFIED,4,MACHINERY,FOB,4,0.05,21,Brand#45,MED CASE,23,48,1,54010.56
O,O,N,COLLECT COD,Manufacturer#5,5-LOW,0,BUILDING,TRUCK,3,0,18,Brand#52,SM DRUM,14,29,2,29133.081
O,O,N,COLLECT COD,Manufacturer#3,5-LOW,0,BUILDING,RAIL,2,0.04,9,Brand#31,SM DRUM,44,38,4,65938.1168
F,F,A,DELIVER IN PERSON,Manufacturer#3,5-LOW,3,MACHINERY,AIR,5,0.02,21,Brand#31,JUMBO CAN,11,38,1,37010.556
F,F,R,NONE,Manufacturer#1,5-LOW,3,MACHINERY,RAIL,4,0.08,12,Brand#15,WRAP JAR,44,23,0,24527.5772
F,F,A,TAKE BACK RETURN,Manufacturer#3,5-LOW,3,MACHINERY,TRUCK,3,0.04,18,Brand#34,WRAP JAR,43,50,2,56400.75
F,F,R,COLLECT COD,Manufacturer#3,5-LOW,3,MACHINERY,RAIL,2,0.05,21,Brand#32,JUMBO JAR,26,38,1,35378.874
F,F,R,NONE,Manufacturer#4,5-LOW,4,FURNITURE,RAIL,5,0.05,12,Brand#45,MED JAR,23,10,0,14529.284
F,F,R,DELIVER IN PERSON,Manufacturer#5,5-LOW,4,FURNITURE,MAIL,2,0.03,8,Brand#53,LG BAG,2,47,3,42370.829
F,F,A,DELIVER IN PERSON,Manufacturer#1,5-LOW,4,FURNITURE,TRUCK,4,0.06,18,Brand#13,MED CASE,47,12,2,17044.6464
O,O,N,DELIVER IN PERSON,Manufacturer#3,5-LOW,1,BUILDING,REG AIR,1,0.06,9,Brand#35,SM JAR,3,12,4,18336.2688
O,O,N,DELIVER IN PERSON,Manufacturer#3,5-LOW,1,BUILDING,AIR,2,0,9,Brand#32,WRAP CAN,25,19,4,22568.8175
O,O,N,TAKE BACK RETURN,Manufacturer#4,5-LOW,1,BUILDING,TRUCK,6,0.05,21,Brand#43,WRAP BAG,20,13,1,18745.7738
F,F,R,COLLECT COD,Manufacturer#4,3-MEDIUM,2,AUTOMOBILE,RAIL,1,0.07,8,Brand#43,JUMBO CAN,42,25,3,24290.64
O,O,N,COLLECT COD,Manufacturer#1,2-HIGH,4,FURNITURE,AIR,1,0.08,18,Brand#15,LG CASE,25,28,2,28873.6896
O,O,N,COLLECT COD,Manufacturer#1,2-HIGH,4,FURNITURE,RAIL,4,0.07,9,Brand#11,LG JAR,40,16,4,16967.3328
F,F,A,TAKE BACK RETURN,Manufacturer#2,1-URGENT,3,MACHINERY,TRUCK,6,0.07,18,Brand#24,MED BAG,4,47,2,42582
F,F,A,TAKE BACK RETURN,Manufacturer#5,1-URGENT,3,MACHINERY,MAIL,5,0.07,18,Brand#53,MED PKG,47,29,2,44358.6378
F,F,A,TAKE BACK RETURN,Manufacturer#1,2-HIGH,2,MACHINERY,RAIL,2,0.06,21,Brand#13,LG PKG,34,1,1,1866.96
F,F,A,COLLECT COD,Manufacturer#2,2-HIGH,2,MACHINERY,RAIL,7,0.03,21,Brand#23,WRAP DRUM,12,12,1,11082.096
F,F,A,COLLECT COD,Manufacturer#5,2-HIGH,4,BUILDING,SHIP,4,0.06,18,Brand#51,LG BOX,48,23,2,25527.9944
F,F,A,TAKE BACK RETURN,Manufacturer#3,4-NOT SPECIFIED,1,BUILDING,RAIL,1,0.04,8,Brand#35,WRAP DRUM,43,40,3,57005.388
F,F,R,COLLECT COD,Manufacturer#5,3-MEDIUM,4,FURNITURE,SHIP,7,0.08,21,Brand#54,WRAP CASE,46,47,1,64319.6645
F,F,A,DELIVER IN PERSON,Manufacturer#2,3-MEDIUM,4,FURNITURE,MAIL,3,0,8,Brand#21,LG BOX,19,48,3,74815.056
O,O,N,NONE,Manufacturer#2,5-LOW,3,MACHINERY,AIR,6,0.03,8,Brand#24,WRAP BAG,28,9,3,13523.4927
O,O,N,NONE,Manufacturer#2,5-LOW,1,HOUSEHOLD,MAIL,4,0.01,18,Brand#25,JUMBO DRUM,6,14,2,23800.3584
O,O,N,NONE,Manufacturer#3,3-MEDIUM,2,AUTOMOBILE,SHIP,2,0,8,Brand#34,SM PACK,25,38,3,43062.74
O,O,N,COLLECT COD,Manufacturer#4,3-MEDIUM,2,AUTOMOBILE,TRUCK,1,0,8,Brand#41,LG BAG,30,36,3,37303.7508
F,P,N,NONE,Manufacturer#1,3-MEDIUM,0,MACHINERY,SHIP,6,0.07,18,Brand#11,JUMBO BAG,21,27,2,36659.3931
F,P,R,NONE,Manufacturer#3,3-MEDIUM,0,MACHINERY,TRUCK,4,0.03,12,Brand#33,LG PKG,12,2,0,2459.628
F,F,A,DELIVER IN PERSON,Manufacturer#3,1-URGENT,1,BUILDING,MAIL,4,0.07,8,Brand#35,MED BAG,43,3,3,5384.67
F,F,A,NONE,Manufacturer#1,1-URGENT,1,BUILDING,TRUCK,1,0.01,8,Brand#11,WRAP CAN,41,45,3,45544.95
O,O,N,TAKE BACK RETURN,Manufacturer#2,2-HIGH,4,BUILDING,AIR,2,0.01,18,Brand#23,LG BAG,35,18,2,30318.3972
F,F,R,COLLECT COD,Manufacturer#5,5-LOW,4,MACHINERY,SHIP,2,0.04,8,Brand#55,SM CAN,14,5,3,7413.0875
O,O,N,NONE,Manufacturer#3,1-URGENT,3,HOUSEHOLD,RAIL,1,0.07,12,Brand#31,LG PKG,47,2,0,2198.2088
O,O,N,COLLECT COD,Manufacturer#2,4-NOT SPECIFIED,2,AUTOMOBILE,REG AIR,1,0.08,18,Brand#23,JUMBO BOX,40,1,2,1849.2804
O,O,N,DELIVER IN PERSON,Manufacturer#2,1-URGENT,1,MACHINERY,REG AIR,1,0.04,21,Brand#21,WRAP BAG,37,15,1,17541.765
F,F,R,NONE,Manufacturer#5,1-URGENT,4,AUTOMOBILE,TRUCK,2,0.01,12,Brand#51,SM JAR,13,18,0,23226.588
O,O,N,TAKE BACK RETURN,Manufacturer#4,2-HIGH,3,AUTOMOBILE,RAIL,1,0.02,12,Brand#41,SM PACK,44,21,0,27623.61
O,O,N,COLLECT COD,Manufacturer#5,2-HIGH,3,AUTOMOBILE,MAIL,2,0.02,18,Brand#52,LG PKG,39,35,2,38157.3885
O,O,N,COLLECT COD,Manufacturer#1,1-URGENT,4,HOUSEHOLD,RAIL,4,0.04,18,Brand#12,JUMBO CASE,20,36,2,43420.5684
O,O,N,TAKE BACK RETURN,Manufacturer#5,1-URGENT,4,HOUSEHOLD,SHIP,2,0.01,21,Brand#51,SM CAN,15,26,1,42009.513
O,O,N,COLLECT COD,Manufacturer#1,5-LOW,1,MACHINERY,REG AIR,5,0.06,18,Brand#14,WRAP PKG,40,23,2,30775.725
O,O,N,DELIVER IN PERSON,Manufacturer#2,5-LOW,1,MACHINERY,FOB,7,0.06,18,Brand#24,WRAP CAN,19,9,2,9438.7014
O,O,N,NONE,Manufacturer#5,3-MEDIUM,0,BUILDING,MAIL,1,0.08,21,Brand#52,MED JAR,12,7,1,7443.4934
F,F,R,TAKE BACK RETURN,Manufacturer#4,5-LOW,3,BUILDING,SHIP,1,0,9,Brand#43,MED PACK,47,31,4,47591.1225
F,F,A,COLLECT COD,Manufacturer#3,3-MEDIUM,0,HOUSEHOLD,FOB,2,0.06,21,Brand#34,LG PKG,39,39,1,70589.2668
O,O,N,TAKE BACK RETURN,Manufacturer#4,2-HIGH,1,FURNITURE,TRUCK,2,0.01,21,Brand#44,LG PKG,35,38,1,46592.6094
O,O,N,DELIVER IN PERSON,Manufacturer#2,2-HIGH,1,FURNITURE,AIR,3,0.03,18,Brand#24,SM PACK,30,36,2,34648.1568
O,O,N,TAKE BACK RETURN,Manufacturer#1,2-HIGH,1,FURNITURE,MAIL,4,0.01,8,Brand#14,JUMBO BAG,10,12,3,20757.84
O,O,N,TAKE BACK RETURN,Manufacturer#1,5-LOW,4,MACHINERY,TRUCK,4,0.05,12,Brand#15,WRAP BAG,6,3,0,4917.6288
O,O,N,COLLECT COD,Manufacturer#2,5-LOW,4,AUTOMOBILE,AIR,3,0.06,18,Brand#22,SM BAG,8,36,2,56976.264
O,O,N,DELIVER IN PERSON,Manufacturer#1,5-LOW,4,AUTOMOBILE,MAIL,5,0.03,12,Brand#15,WRAP BAG,6,10,0,17089.632
O,O,N,COLLECT COD,Manufacturer#5,4-NOT SPECIFIED,2,HOUSEHOLD,MAIL,5,0.02,9,Brand#51,WRAP BAG,46,28,4,44142.728
O,O,N,NONE,Manufacturer#3,5-LOW,1,HOUSEHOLD,TRUCK,4,0.07,12,Brand#35,LG PACK,27,35,0,54412.75
O,O,N,COLLECT COD,Manufacturer#3,4-NOT SPECIFIED,2,BUILDING,MAIL,2,0.04,12,Brand#33,WRAP BAG,7,19,0,18881.5464
O,O,N,TAKE BACK RETURN,Manufacturer#3,5-LOW,4,BUILDING,RAIL,4,0.07,8,Brand#32,LG PKG,36,18,3,31061.5704
O,O,N,NONE,Manufacturer#5,5-LOW,4,BUILDING,FOB,2,0.05,12,Brand#51,JUMBO JAR,23,23,0,31646.6844
F,F,A,COLLECT COD,Manufacturer#2,3-MEDIUM,3,HOUSEHOLD,REG AIR,1,0.04,21,Brand#22,JUMBO JAR,7,6,1,9158.982
F,F,A,COLLECT COD,Manufacturer#3,3-MEDIUM,3,HOUSEHOLD,RAIL,5,0,18,Brand#32,SM DRUM,32,17,2,20306.8196
O,O,N,DELIVER IN PERSON,Manufacturer#2,3-MEDIUM,0,AUTOMOBILE,FOB,1,0.01,21,Brand#24,MED PKG,13,44,1,52264.212
F,F,A,TAKE BACK RETURN,Manufacturer#4,3-MEDIUM,1,HOUSEHOLD,AIR,1,0.06,8,Brand#43,JUMBO BOX,40,19,3,17511.312
O,O,N,DELIVER IN PERSON,Manufacturer#5,4-NOT SPECIFIED,3,AUTOMOBILE,TRUCK,6,0.02,9,Brand#53,WRAP DRUM,46,11,4,13372.7616
O,O,N,TAKE BACK RETURN,Manufacturer#4,4-NOT SPECIFIED,3,AUTOMOBILE,MAIL,1,0.06,12,Brand#42,WRAP PKG,38,32,0,42928.992
O,O,N,DELIVER IN PERSON,Manufacturer#1,4-NOT SPECIFIED,3,AUTOMOBILE,SHIP,2,0.08,8,Brand#14,LG JAR,9,30,3,53816.7
F,F,A,COLLECT COD,Manufacturer#3,3-MEDIUM,1,BUILDING,MAIL,3,0.01,21,Brand#34,SM CAN,5,19,1,22450.9624
F,F,R,NONE,Manufacturer#5,3-MEDIUM,1,BUILDING,FOB,4,0.03,18,Brand#51,JUMBO BOX,39,47,2,80963.1823
O,O,N,NONE,Manufacturer#5,4-NOT SPECIFIED,0,MACHINERY,TRUCK,5,0.08,9,Brand#55,LG JAR,38,38,4,46938.474
O,O,N,NONE,Manufacturer#5,4-NOT SPECIFIED,0,MACHINERY,AIR,3,0.01,9,Brand#53,JUMBO JAR,28,6,4,7055.6442
O,O,N,TAKE BACK RETURN,Manufacturer#1,5-LOW,3,FURNITURE,AIR,2,0.06,12,Brand#14,JUMBO PACK,42,25,0,32889.78
F,F,A,DELIVER IN PERSON,Manufacturer#2,3-MEDIUM,2,HOUSEHOLD,MAIL,3,0.01,21,Brand#23,WRAP DRUM,12,15,1,15237.882
F,F,R,NONE,Manufacturer#1,3-MEDIUM,2,HOUSEHOLD,SHIP,5,0.07,9,Brand#14,SM CAN,38,33,4,51105.12
O,O,N,DELIVER IN PERSON,Manufacturer#1,3-MEDIUM,3,BUILDING,TRUCK,2,0,18,Brand#13,LG PACK,1,25,2,30062.305
O,O,N,NONE,Manufacturer#5,1-URGENT,2,AUTOMOBILE,SHIP,7,0.02,12,Brand#53,WRAP CAN,49,12,0,19952.7408
O,O,N,DELIVER IN PERSON,Manufacturer#4,1-URGENT,2,AUTOMOBILE,AIR,5,0.04,21,Brand#43,LG PKG,2,37,1,36732.897
F,F,R,COLLECT COD,Manufacturer#3,5-LOW,3,MACHINERY,REG AIR,1,0,21,Brand#33,LG CASE,25,31,1,51166.647
F,F,A,COLLECT COD,Manufacturer#3,5-LOW,3,MACHINERY,MAIL,3,0.01,21,Brand#33,WRAP BOX,49,49,1,46528.4204
O,O,N,DELIVER IN PERSON,Manufacturer#3,2-HIGH,1,BUILDING,REG AIR,1,0.04,21,Brand#33,JUMBO CAN,47,50,1,71276
F,F,R,NONE,Manufacturer#3,5-LOW,4,AUTOMOBILE,AIR,2,0,18,Brand#34,JUMBO CASE,19,6,2,10361.6064
O,O,N,COLLECT COD,Manufacturer#2,1-URGENT,2,HOUSEHOLD,AIR,1,0.01,8,Brand#25,JUMBO PACK,8,2,3,2796.7698
O,O,N,DELIVER IN PERSON,Manufacturer#1,1-URGENT,2,HOUSEHOLD,RAIL,3,0.07,9,Brand#12,MED JAR,42,36,4,52375.9824
O,O,N,COLLECT COD,Manufacturer#4,1-URGENT,0,MACHINERY,TRUCK,3,0.06,12,Brand#44,MED CASE,28,1,0,1484.3178
O,O,N,COLLECT COD,Manufacturer#2,1-URGENT,0,MACHINERY,FOB,2,0.01,18,Brand#24,WRAP JAR,25,25,2,40560.25
O,O,N,NONE,Manufacturer#3,1-URGENT,0,MACHINERY,SHIP,5,0.05,18,Brand#35,LG JAR,14,46,2,44671.3176
O,O,N,NONE,Manufacturer#4,5-LOW,1,BUILDING,REG AIR,4,0.06,18,Brand#45,SM DRUM,22,11,2,16774.4577
O,O,N,DELIVER IN PERSON,Manufacturer#2,5-LOW,1,BUILDING,RAIL,1,0.05,21,Brand#25,JUMBO BOX,36,30,1,37346.685
O,O,N,COLLECT COD,Manufacturer#5,5-LOW,1,BUILDING,FOB,6,0.02,18,Brand#51,LG PKG,8,31,2,34772.886
O,O,N,DELIVER IN PERSON,Manufacturer#1,2-HIGH,1,BUILDING,TRUCK,3,0.07,18,Brand#11,JUMBO BAG,21,23,2,31228.3719
O,O,N,NONE,Manufacturer#2,2-HIGH,1,BUILDING,TRUCK,1,0.05,9,Brand#24,WRAP CASE,15,42,4,70218.015
O,O,N,TAKE BACK RETURN,Manufacturer#2,4-NOT SPECIFIED,0,HOUSEHOLD,AIR,1,0.03,18,Brand#23,MED JAR,33,35,2,29831.76
O,O,N,COLLECT COD,Manufacturer#4,5-LOW,4,MACHINERY,REG AIR,3,0.01,12,Brand#44,LG DRUM,18,13,0,14487.2676
O,O,N,DELIVER IN PERSON,Manufacturer#4,5-LOW,4,MACHINERY,REG AIR,1,0.08,18,Brand#45,JUMBO CAN,38,36,2,51473.232
F,F,A,TAKE BACK RETURN,Manufacturer#5,2-HIGH,2,HOUSEHOLD,FOB,2,0.08,9,Brand#51,JUMBO CASE,33,10,4,10259.932
O,O,N,TAKE BACK RETURN,Manufacturer#3,3-MEDIUM,2,MACHINERY,SHIP,2,0.02,21,Brand#32,WRAP PKG,29,46,1,68597.2378
O,O,N,NONE,Manufacturer#4,3-MEDIUM,2,MACHINERY,SHIP,5,0.04,8,Brand#43,MED PACK,37,18,3,30879.0306
O,O,N,NONE,Manufacturer#3,3-MEDIUM,2,MACHINERY,FOB,1,0.05,9,Brand#33,LG DRUM,46,2,4,1939.4112
O,O,N,NONE,Manufacturer#2,1-URGENT,3,FURNITURE,TRUCK,2,0.03,12,Brand#25,LG CASE,10,13,0,21993.868
O,O,N,NONE,Manufacturer#1,3-MEDIUM,0,MACHINERY,AIR,6,0.07,8,Brand#14,JUMBO PACK,7,13,3,16242.1896
O,O,N,DELIVER IN PERSON,Manufacturer#3,3-MEDIUM,0,MACHINERY,SHIP,2,0.02,8,Brand#33,JUMBO DRUM,3,22,3,22411.6992
F,F,R,COLLECT COD,Manufacturer#3,1-URGENT,4,AUTOMOBILE,FOB,3,0.05,9,Brand#33,SM BOX,32,31,4,48290.1601
F,F,R,TAKE BACK RETURN,Manufacturer#5,1-URGENT,4,AUTOMOBILE,FOB,2,0.06,21,Brand#51,SM PKG,1,39,1,65589.264
F,P,A,TAKE BACK RETURN,Manufacturer#3,3-MEDIUM,0,AUTOMOBILE,REG AIR,2,0.08,18,Brand#31,MED CAN,44,22,2,34123.7952
F,P,R,TAKE BACK RETURN,Manufacturer#5,3-MEDIUM,0,AUTOMOBILE,MAIL,7,0.03,12,Brand#51,SM PACK,33,24,0,40957.296
F,F,R,NONE,Manufacturer#3,1-URGENT,4,BUILDING,MAIL,7,0.08,9,Brand#31,SM CAN,34,48,4,58123.008
F,F,A,NONE,Manufacturer#5,1-URGENT,4,BUILDING,SHIP,2,0.05,21,Brand#53,LG DRUM,9,22,1,35867.6318
F,F,R,TAKE BACK RETURN,Manufacturer#1,5-LOW,3,FURNITURE,FOB,3,0.01,9,Brand#14,WRAP BAG,45,44,4,58619.1276
O,O,N,NONE,Manufacturer#3,2-HIGH,4,FURNITURE,RAIL,5,0.01,21,Brand#32,LG BOX,9,41,1,51517.6603
O,O,N,COLLECT COD,Manufacturer#5,3-MEDIUM,4,HOUSEHOLD,AIR,4,0.01,21,Brand#52,LG PKG,39,50,1,54510.555
O,O,N,NONE,Manufacturer#1,3-MEDIUM,4,HOUSEHOLD,FOB,1,0.03,12,Brand#14,LG PKG,7,33,0,38065.7277
O,O,N,NONE,Manufacturer#3,3-MEDIUM,4,HOUSEHOLD,SHIP,6,0.02,18,Brand#33,JUMBO BAG,46,10,2,9127.998
O,O,N,COLLECT COD,Manufacturer#1,3-MEDIUM,4,AUTOMOBILE,FOB,1,0.03,8,Brand#14,JUMBO BOX,44,39,3,48216.87
O,O,N,COLLECT COD,Manufacturer#1,3-MEDIUM,4,AUTOMOBILE,REG AIR,2,0.03,9,Brand#15,JUMBO PKG,26,35,4,44836.848
O,O,N,DELIVER IN PERSON,Manufacturer#2,5-LOW,4,MACHINERY,TRUCK,4,0.08,9,Brand#25,MED CAN,25,20,4,17955.76
O,O,N,COLLECT COD,Manufacturer#2,5-LOW,4,MACHINERY,FOB,3,0,21,Brand#23,LG PACK,13,11,1,15742.4267
O,O,N,DELIVER IN PERSON,Manufacturer#2,5-LOW,1,MACHINERY,MAIL,3,0.04,18,Brand#21,JUMBO BOX,23,19,2,21911.75
O,O,N,TAKE BACK RETURN,Manufacturer#5,5-LOW,1,MACHINERY,TRUCK,2,0.07,18,Brand#53,MED BAG,21,11,2,10468.1236
F,F,A,NONE,Manufacturer#4,2-HIGH,4,FURNITURE,MAIL,2,0,9,Brand#43,MED DRUM,43,3,4,2801.7036
O,O,N,TAKE BACK RETURN,Manufacturer#1,2-HIGH,3,FURNITURE,TRUCK,1,0.06,12,Brand#14,JUMBO PACK,42,5,0,6242.346
F,F,R,COLLECT COD,Manufacturer#1,5-LOW,3,BUILDING,REG AIR,4,0.05,12,Brand#15,WRAP BAG,6,35,0,58593.024
F,F,A,NONE,Manufacturer#1,5-LOW,3,BUILDING,SHIP,6,0.04,21,Brand#15,LG DRUM,17,28,1,46809.56
O,P,N,TAKE BACK RETURN,Manufacturer#2,5-LOW,2,FURNITURE,AIR,2,0.02,12,Brand#25,SM PACK,21,45,0,71574.048
O,O,N,TAKE BACK RETURN,Manufacturer#4,5-LOW,4,FURNITURE,TRUCK,2,0,18,Brand#43,MED PACK,37,18,2,31190.94
O,O,N,NONE,Manufacturer#3,5-LOW,4,FURNITURE,AIR,4,0.02,18,Brand#34,MED JAR,46,35,2,52654.4865
O,O,N,DELIVER IN PERSON,Manufacturer#2,5-LOW,4,FURNITURE,SHIP,3,0.08,21,Brand#23,LG CAN,7,24,1,28903.2
O,O,N,COLLECT COD,Manufacturer#2,4-NOT SPECIFIED,4,MACHINERY,AIR,4,0.08,9,Brand#23,JUMBO BAG,44,25,4,37164.375
F,F,A,TAKE BACK RETURN,Manufacturer#5,2-HIGH,1,MACHINERY,RAIL,2,0.07,12,Brand#54,SM BAG,1,34,0,53983.6496
O,O,N,NONE,Manufacturer#4,3-MEDIUM,1,MACHINERY,MAIL,2,0,21,Brand#42,SM JAR,47,14,1,11975.6
O,O,N,COLLECT COD,Manufacturer#3,3-MEDIUM,1,MACHINERY,FOB,6,0.07,21,Brand#31,WRAP JAR,8,38,1,51163.5306
F,F,R,COLLECT COD,Manufacturer#1,5-LOW,0,AUTOMOBILE,MAIL,3,0.06,21,Brand#12,JUMBO PACK,21,32,1,38189.1328
F,F,R,TAKE BACK RETURN,Manufacturer#5,5-LOW,0,AUTOMOBILE,TRUCK,2,0.08,18,Brand#54,MED JAR,22,39,2,36589.9794
F,F,A,DELIVER IN PERSON,Manufacturer#4,5-LOW,0,AUTOMOBILE,AIR,4,0.06,9,Brand#42,WRAP BOX,11,46,4,78025.3656
O,O,N,DELIVER IN PERSON,Manufacturer#2,3-MEDIUM,2,FURNITURE,AIR,1,0.02,12,Brand#24,JUMBO PACK,39,27,0,31597.1685
O,O,N,NONE,Manufacturer#1,3-MEDIUM,2,FURNITURE,RAIL,3,0.06,18,Brand#11,SM JAR,35,43,2,63877.9276
F,F,R,DELIVER IN PERSON,Manufacturer#2,5-LOW,4,HOUSEHOLD,AIR,1,0.04,18,Brand#22,WRAP DRUM,37,29,2,44010.69
F,F,R,DELIVER IN PERSON,Manufacturer#2,5-LOW,4,HOUSEHOLD,SHIP,5,0.06,18,Brand#24,WRAP CASE,26,18,2,29844.4014
F,F,R,TAKE BACK RETURN,Manufacturer#5,5-LOW,4,HOUSEHOLD,FOB,6,0.04,8,Brand#52,JUMBO JAR,16,38,3,43887.036
O,O,N,DELIVER IN PERSON,Manufacturer#1,2-HIGH,3,AUTOMOBILE,REG AIR,2,0.01,18,Brand#15,JUMBO JAR,3,42,2,53400.5724
F,F,R,TAKE BACK RETURN,Manufacturer#1,4-NOT SPECIFIED,0,MACHINERY,RAIL,1,0.01,8,Brand#15,LG JAR,2,33,3,46114.0317
F,F,R,COLLECT COD,Manufacturer#1,3-MEDIUM,1,AUTOMOBILE,MAIL,2,0,8,Brand#12,MED PACK,48,11,3,18156.9201
F,F,A,TAKE BACK RETURN,Manufacturer#5,5-LOW,3,BUILDING,REG AIR,1,0.04,9,Brand#51,JUMBO PACK,19,46,4,84613.8076
O,O,N,TAKE BACK RETURN,Manufacturer#5,5-LOW,4,HOUSEHOLD,REG AIR,1,0.07,21,Brand#55,MED CAN,18,14,1,25626.3084
O,O,N,COLLECT COD,Manufacturer#5,1-URGENT,0,BUILDING,FOB,1,0.06,12,Brand#52,LG DRUM,30,23,0,25596.24
F,F,R,COLLECT COD,Manufacturer#5,3-MEDIUM,0,BUILDING,AIR,2,0,21,Brand#53,WRAP DRUM,16,28,1,30458.82
F,F,A,COLLECT COD,Manufacturer#3,3-MEDIUM,0,BUILDING,TRUCK,6,0.03,9,Brand#32,MED CASE,15,13,4,18307.8324
F,F,A,DELIVER IN PERSON,Manufacturer#5,1-URGENT,1,AUTOMOBILE,AIR,3,0.06,21,Brand#54,LG CAN,49,26,1,26260.052
F,F,A,DELIVER IN PERSON,Manufacturer#2,2-HIGH,4,FURNITURE,FOB,3,0,9,Brand#24,JUMBO BOX,27,20,4,32585.652
F,F,A,DELIVER IN PERSON,Manufacturer#3,2-HIGH,4,FURNITURE,REG AIR,1,0.06,8,Brand#35,SM DRUM,21,50,3,61166
F,F,R,DELIVER IN PERSON,Manufacturer#5,2-HIGH,4,FURNITURE,SHIP,4,0.08,9,Brand#54,JUMBO BOX,49,13,4,21107.7256
F,F,A,COLLECT COD,Manufacturer#4,5-LOW,1,BUILDING,MAIL,3,0,18,Brand#43,JUMBO PACK,25,6,2,8378.4294
O,O,N,NONE,Manufacturer#5,5-LOW,2,FURNITURE,FOB,1,0.03,8,Brand#52,WRAP CAN,4,32,3,49323.0784
O,O,N,TAKE BACK RETURN,Manufacturer#1,5-LOW,2,FURNITURE,MAIL,4,0.03,9,Brand#12,JUMBO JAR,19,34,4,38851.0656
F,F,A,DELIVER IN PERSON,Manufacturer#4,3-MEDIUM,4,MACHINERY,MAIL,4,0.04,18,Brand#44,LG PKG,41,24,2,28374.72
F,F,A,TAKE BACK RETURN,Manufacturer#5,3-MEDIUM,4,MACHINERY,SHIP,2,0,18,Brand#55,SM BOX,37,39,2,36565.6668
F,F,R,NONE,Manufacturer#3,3-MEDIUM,4,MACHINERY,MAIL,6,0,12,Brand#35,SM DRUM,37,35,0,39277.56
O,O,N,TAKE BACK RETURN,Manufacturer#4,4-NOT SPECIFIED,2,AUTOMOBILE,TRUCK,1,0.04,8,Brand#41,WRAP CASE,13,3,3,2964.3705
O,O,N,TAKE BACK RETURN,Manufacturer#4,3-MEDIUM,4,FURNITURE,SHIP,3,0.06,21,Brand#45,MED PKG,34,46,1,54817.5744
O,O,N,TAKE BACK RETURN,Manufacturer#1,1-URGENT,1,BUILDING,AIR,1,0.06,8,Brand#14,JUMBO JAR,21,2,3,3510.2826
O,O,N,COLLECT COD,Manufacturer#3,1-URGENT,1,BUILDING,REG AIR,3,0.06,21,Brand#31,SM PKG,4,40,1,35900.232
O,O,N,TAKE BACK RETURN,Manufacturer#3,4-NOT SPECIFIED,4,BUILDING,SHIP,2,0.07,18,Brand#34,MED BAG,32,16,2,13987.6464
O,O,N,COLLECT COD,Manufacturer#4,4-NOT SPECIFIED,4,BUILDING,TRUCK,6,0.04,21,Brand#42,JUMBO DRUM,13,5,1,6475.0785
O,O,N,NONE,Manufacturer#1,5-LOW,1,MACHINERY,TRUCK,6,0.04,12,Brand#15,JUMBO JAR,3,14,0,17436.9216
O,O,N,NONE,Manufacturer#1,5-LOW,1,MACHINERY,SHIP,2,0.07,18,Brand#15,LG CASE,45,43,2,38558.5214
O,O,N,TAKE BACK RETURN,Manufacturer#4,3-MEDIUM,4,AUTOMOBILE,MAIL,3,0.01,8,Brand#45,SM DRUM,27,3,3,3062.4561
O,O,N,NONE,Manufacturer#4,3-MEDIUM,4,AUTOMOBILE,AIR,4,0.05,21,Brand#43,SM CASE,20,49,1,68967.5
F,F,A,TAKE BACK RETURN,Manufacturer#2,5-LOW,0,AUTOMOBILE,FOB,2,0.02,18,Brand#22,SM PKG,45,5,2,4563.614
F,F,A,DELIVER IN PERSON,Manufacturer#1,5-LOW,0,AUTOMOBILE,SHIP,1,0.07,18,Brand#12,JUMBO DRUM,17,14,2,18176.1426
F,F,R,COLLECT COD,Manufacturer#3,1-URGENT,4,FURNITURE,REG AIR,2,0.02,18,Brand#33,JUMBO CAN,2,42,2,69473.754
F,F,A,DELIVER IN PERSON,Manufacturer#5,1-URGENT,4,FURNITURE,AIR,1,0.02,18,Brand#54,MED CAN,9,15,2,15669.792
F,F,R,TAKE BACK RETURN,Manufacturer#1,1-URGENT,4,FURNITURE,FOB,3,0,12,Brand#11,MED BAG,20,33,0,32668.713
O,O,N,DELIVER IN PERSON,Manufacturer#2,1-URGENT,4,MACHINERY,MAIL,6,0.05,12,Brand#25,SM PACK,28,18,0,28024.9794
O,O,N,TAKE BACK RETURN,Manufacturer#3,1-URGENT,4,MACHINERY,RAIL,1,0.04,18,Brand#34,MED JAR,46,26,2,39114.7614
O,O,N,COLLECT COD,Manufacturer#2,1-URGENT,4,MACHINERY,SHIP,2,0.04,9,Brand#23,MED DRUM,7,48,4,69494.9904
O,O,N,TAKE BACK RETURN,Manufacturer#5,1-URGENT,4,MACHINERY,AIR,3,0,18,Brand#52,LG BAG,41,45,2,73811.232
O,O,N,DELIVER IN PERSON,Manufacturer#3,2-HIGH,1,HOUSEHOLD,AIR,3,0.08,9,Brand#35,MED CAN,7,6,4,5519.0664
F,F,R,TAKE BACK RETURN,Manufacturer#5,1-URGENT,4,HOUSEHOLD,REG AIR,3,0.06,18,Brand#51,MED JAR,11,15,2,18567.072
O,O,N,NONE,Manufacturer#4,4-NOT SPECIFIED,1,BUILDING,AIR,1,0.06,9,Brand#42,WRAP PKG,38,6,4,8496.363
O,O,N,COLLECT COD,Manufacturer#3,4-NOT SPECIFIED,1,BUILDING,RAIL,5,0.02,18,Brand#32,JUMBO JAR,21,45,2,78383.7945
O,O,N,NONE,Manufacturer#5,1-URGENT,2,AUTOMOBILE,MAIL,3,0.04,21,Brand#52,MED CASE,20,32,1,26611.776
O,O,N,TAKE BACK RETURN,Manufacturer#2,1-URGENT,2,AUTOMOBILE,TRUCK,2,0.06,12,Brand#24,JUMBO PACK,39,12,0,14043.186
F,F,A,TAKE BACK RETURN,Manufacturer#2,3-MEDIUM,4,FURNITURE,TRUCK,3,0.01,8,Brand#25,SM DRUM,50,22,3,24330.5062
F,F,A,NONE,Manufacturer#1,3-MEDIUM,4,FURNITURE,TRUCK,5,0.06,18,Brand#13,JUMBO CASE,18,40,2,38691.972
O,O,N,COLLECT COD,Manufacturer#3,5-LOW,0,AUTOMOBILE,RAIL,5,0.01,9,Brand#35,WRAP BOX,14,20,4,22938.552
F,F,R,DELIVER IN PERSON,Manufacturer#5,4-NOT SPECIFIED,0,HOUSEHOLD,FOB,1,0.05,18,Brand#52,SM PACK,24,23,2,26347.8432
O,O,N,TAKE BACK RETURN,Manufacturer#2,5-LOW,4,HOUSEHOLD,SHIP,1,0.07,12,Brand#22,LG BOX,22,29,0,31117.406
O,O,N,COLLECT COD,Manufacturer#3,5-LOW,4,HOUSEHOLD,MAIL,2,0.01,12,Brand#34,LG CASE,20,41,0,54936.5355
O,O,N,DELIVER IN PERSON,Manufacturer#2,2-HIGH,3,AUTOMOBILE,SHIP,1,0,9,Brand#23,MED DRUM,19,50,4,76593.12
F,F,R,NONE,Manufacturer#3,2-HIGH,0,MACHINERY,AIR,5,0,18,Brand#31,WRAP PKG,11,29,2,35725.0014
F,F,A,DELIVER IN PERSON,Manufacturer#5,2-HIGH,0,MACHINERY,MAIL,1,0.01,9,Brand#52,SM BAG,9,39,4,64918.9476
F,F,R,DELIVER IN PERSON,Manufacturer#3,2-HIGH,0,MACHINERY,TRUCK,3,0.03,8,Brand#32,LG CAN,33,38,3,41050.8528
F,F,A,TAKE BACK RETURN,Manufacturer#1,2-HIGH,0,MACHINERY,REG AIR,4,0.05,18,Brand#14,JUMBO JAR,37,16,2,15468.048
F,F,R,DELIVER IN PERSON,Manufacturer#4,2-HIGH,0,MACHINERY,TRUCK,2,0,18,Brand#44,WRAP PACK,1,48,2,55309.824
F,F,R,COLLECT COD,Manufacturer#2,1-URGENT,4,MACHINERY,SHIP,2,0.02,18,Brand#21,MED PACK,24,21,2,20623.491
F,F,R,DELIVER IN PERSON,Manufacturer#1,1-URGENT,4,MACHINERY,TRUCK,1,0.01,18,Brand#12,SM DRUM,47,40,2,50050.368
F,F,R,COLLECT COD,Manufacturer#3,2-HIGH,4,HOUSEHOLD,TRUCK,4,0.01,18,Brand#34,JUMBO CAN,5,10,2,12527.064
F,F,A,TAKE BACK RETURN,Manufacturer#2,2-HIGH,4,HOUSEHOLD,AIR,7,0.05,21,Brand#24,WRAP CASE,26,33,1,54772.3176
F,F,A,DELIVER IN PERSON,Manufacturer#5,2-HIGH,4,HOUSEHOLD,FOB,6,0,12,Brand#54,WRAP PACK,17,2,0,2407.374
O,O,N,NONE,Manufacturer#4,2-HIGH,3,HOUSEHOLD,MAIL,1,0.07,12,Brand#42,LG BOX,17,31,0,27966.0021
O,O,N,DELIVER IN PERSON,Manufacturer#3,5-LOW,0,MACHINERY,SHIP,6,0.07,12,Brand#33,MED CASE,34,24,0,37203.444
F,F,A,TAKE BACK RETURN,Manufacturer#1,3-MEDIUM,1,BUILDING,SHIP,3,0.01,21,Brand#11,WRAP PKG,20,3,1,4844.3556
F,F,A,COLLECT COD,Manufacturer#4,3-MEDIUM,1,BUILDING,TRUCK,2,0.06,9,Brand#45,WRAP DRUM,27,31,4,48080.7954
F,F,R,NONE,Manufacturer#1,3-MEDIUM,2,FURNITURE,RAIL,1,0.07,12,Brand#12,JUMBO PKG,35,37,0,49581.3172
F,F,R,DELIVER IN PERSON,Manufacturer#3,3-MEDIUM,2,FURNITURE,TRUCK,4,0.07,18,Brand#32,MED DRUM,8,34,2,51434.0848
F,F,A,DELIVER IN PERSON,Manufacturer#4,1-URGENT,1,AUTOMOBILE,FOB,7,0,9,Brand#42,MED PKG,19,45,4,59400.27
F,F,A,COLLECT COD,Manufacturer#5,1-URGENT,1,AUTOMOBILE,REG AIR,6,0.07,12,Brand#54,LG CAN,35,5,0,4901.7975
O,O,N,COLLECT COD,Manufacturer#5,4-NOT SPECIFIED,2,AUTOMOBILE,REG AIR,6,0.08,8,Brand#55,LG CASE,26,2,3,3349.728
O,O,N,COLLECT COD,Manufacturer#5,1-URGENT,3,MACHINERY,MAIL,6,0.08,18,Brand#55,JUMBO CAN,42,34,2,40386.4512
F,F,R,TAKE BACK RETURN,Manufacturer#1,2-HIGH,4,FURNITURE,MAIL,3,0.01,12,Brand#12,SM DRUM,40,12,0,15556.68
F,P,A,COLLECT COD,Manufacturer#2,5-LOW,1,MACHINERY,FOB,1,0.05,18,Brand#25,WRAP JAR,39,30,2,41833.44
F,P,R,DELIVER IN PERSON,Manufacturer#3,5-LOW,1,MACHINERY,AIR,4,0.08,18,Brand#31,WRAP PKG,11,3,2,3509.0388
F,P,A,TAKE BACK RETURN,Manufacturer#2,5-LOW,1,MACHINERY,RAIL,5,0.01,12,Brand#22,JUMBO BOX,3,11,0,12993.134
O,P,N,TAKE BACK RETURN,Manufacturer#5,5-LOW,1,MACHINERY,TRUCK,7,0.01,18,Brand#53,JUMBO PKG,47,37,2,52781.24
F,F,R,DELIVER IN PERSON,Manufacturer#3,1-URGENT,4,HOUSEHOLD,MAIL,4,0.07,18,Brand#31,WRAP BAG,5,25,2,43050.355
F,F,A,TAKE BACK RETURN,Manufacturer#2,1-URGENT,4,HOUSEHOLD,FOB,3,0.08,18,Brand#21,JUMBO DRUM,49,28,2,41846.112
F,F,R,DELIVER IN PERSON,Manufacturer#2,1-URGENT,4,HOUSEHOLD,REG AIR,7,0.03,21,Brand#21,JUMBO PKG,11,8,1,7752.9384
F,F,A,COLLECT COD,Manufacturer#4,2-HIGH,4,BUILDING,MAIL,3,0.08,8,Brand#41,SM PACK,44,30,3,37094.562
F,F,R,NONE,Manufacturer#1,2-HIGH,4,BUILDING,REG AIR,5,0.03,9,Brand#14,SM CAN,38,38,4,55317.4208
O,O,N,DELIVER IN PERSON,Manufacturer#2,3-MEDIUM,3,HOUSEHOLD,SHIP,4,0.01,21,Brand#25,SM PKG,31,32,1,57516.496
O,O,N,DELIVER IN PERSON,Manufacturer#1,2-HIGH,1,MACHINERY,AIR,2,0.05,12,Brand#11,JUMBO CASE,20,17,0,15056.424
O,O,N,COLLECT COD,Manufacturer#3,2-HIGH,1,MACHINERY,FOB,3,0.06,21,Brand#35,LG JAR,6,14,1,22131.5976
O,O,N,DELIVER IN PERSON,Manufacturer#4,3-MEDIUM,4,HOUSEHOLD,SHIP,7,0.02,18,Brand#42,SM CASE,16,4,2,4214.6664
O,O,N,DELIVER IN PERSON,Manufacturer#5,1-URGENT,1,BUILDING,RAIL,6,0.06,21,Brand#55,SM JAR,18,13,1,18037.188
F,F,R,COLLECT COD,Manufacturer#5,1-URGENT,0,HOUSEHOLD,REG AIR,4,0.07,21,Brand#54,JUMBO DRUM,18,45,1,71986.14
F,F,R,TAKE BACK RETURN,Manufacturer#5,1-URGENT,0,HOUSEHOLD,SHIP,1,0.06,21,Brand#55,JUMBO DRUM,24,46,1,58071.711
F,F,R,DELIVER IN PERSON,Manufacturer#5,1-URGENT,0,HOUSEHOLD,SHIP,2,0.06,18,Brand#55,SM PACK,36,3,2,4563.7911
O,O,N,TAKE BACK RETURN,Manufacturer#5,5-LOW,2,AUTOMOBILE,TRUCK,1,0.02,18,Brand#51,MED PKG,47,18,2,28980.909
O,O,N,TAKE BACK RETURN,Manufacturer#4,3-MEDIUM,2,FURNITURE,FOB,1,0.08,12,Brand#44,WRAP BAG,35,2,0,3674.9412
O,O,N,DELIVER IN PERSON,Manufacturer#4,3-MEDIUM,2,FURNITURE,RAIL,6,0.06,9,Brand#45,MED PKG,15,38,4,48998.2032
O,O,N,NONE,Manufacturer#3,2-HIGH,2,MACHINERY,RAIL,3,0,8,Brand#34,SM CAN,5,37,3,45621.1776
O,O,N,NONE,Manufacturer#1,2-HIGH,2,MACHINERY,MAIL,1,0.05,18,Brand#15,MED BOX,9,33,2,56813.5887
O,O,N,DELIVER IN PERSON,Manufacturer#3,2-HIGH,2,MACHINERY,FOB,2,0.03,18,Brand#31,MED PKG,21,5,2,6467.1355
F,F,A,COLLECT COD,Manufacturer#4,4-NOT SPECIFIED,2,AUTOMOBILE,SHIP,1,0.02,18,Brand#44,SM JAR,27,12,2,16014.072
O,O,N,TAKE BACK RETURN,Manufacturer#4,3-MEDIUM,4,HOUSEHOLD,RAIL,2,0.07,18,Brand#45,JUMBO CAN,34,3,2,4652.2668
O,O,N,COLLECT COD,Manufacturer#3,3-MEDIUM,4,HOUSEHOLD,REG AIR,1,0.03,12,Brand#35,SM JAR,33,35,0,55094.767
O,O,N,COLLECT COD,Manufacturer#2,3-MEDIUM,4,HOUSEHOLD,SHIP,3,0.03,21,Brand#23,LG JAR,20,18,1,21656.8242
O,O,N,DELIVER IN PERSON,Manufacturer#1,5-LOW,4,FURNITURE,REG AIR,2,0.04,18,Brand#15,JUMBO JAR,49,18,2,31811.4432
O,O,N,NONE,Manufacturer#1,5-LOW,3,MACHINERY,AIR,3,0.01,8,Brand#13,JUMBO PACK,17,42,3,76345.5378
O,O,N,TAKE BACK RETURN,Manufacturer#1,5-LOW,3,MACHINERY,SHIP,2,0.07,8,Brand#12,MED DRUM,2,4,3,4999.4308
O,P,N,TAKE BACK RETURN,Manufacturer#4,3-MEDIUM,1,BUILDING,SHIP,2,0.04,8,Brand#43,SM PACK,4,19,3,27390.6318
F,F,R,DELIVER IN PERSON,Manufacturer#3,2-HIGH,4,BUILDING,TRUCK,7,0.04,12,Brand#33,LG PKG,12,42,0,56817.4068
F,F,A,DELIVER IN PERSON,Manufacturer#1,2-HIGH,4,BUILDING,RAIL,1,0.07,21,Brand#12,SM PKG,47,32,1,57546.896
F,F,A,NONE,Manufacturer#5,2-HIGH,4,BUILDING,SHIP,6,0.04,21,Brand#51,JUMBO BOX,48,18,1,29323.251
F,F,A,DELIVER IN PERSON,Manufacturer#3,3-MEDIUM,0,BUILDING,TRUCK,6,0.08,18,Brand#35,JUMBO JAR,28,47,2,76502.84
F,F,R,DELIVER IN PERSON,Manufacturer#5,1-URGENT,0,FURNITURE,RAIL,5,0.05,18,Brand#51,LG BOX,48,29,2,32187.4712
O,O,N,TAKE BACK RETURN,Manufacturer#2,4-NOT SPECIFIED,3,BUILDING,RAIL,6,0.03,8,Brand#25,JUMBO CAN,3,23,3,20236.9686
O,O,N,NONE,Manufacturer#3,4-NOT SPECIFIED,3,BUILDING,AIR,5,0.01,18,Brand#33,WRAP BAG,17,37,2,56113.0752
F,F,A,DELIVER IN PERSON,Manufacturer#1,4-NOT SPECIFIED,1,HOUSEHOLD,AIR,3,0.03,18,Brand#15,SM PACK,24,2,2,2618.1246
F,F,R,TAKE BACK RETURN,Manufacturer#5,2-HIGH,2,BUILDING,MAIL,2,0.06,9,Brand#52,SM BOX,2,6,4,5407.3548
O,O,N,TAKE BACK RETURN,Manufacturer#3,1-URGENT,1,FURNITURE,TRUCK,3,0.02,18,Brand#32,WRAP BOX,20,26,2,43211.5398
O,O,N,COLLECT COD,Manufacturer#5,1-URGENT,1,FURNITURE,RAIL,5,0.06,9,Brand#52,WRAP BAG,4,40,4,61445.34
O,O,N,DELIVER IN PERSON,Manufacturer#4,3-MEDIUM,2,FURNITURE,TRUCK,1,0,8,Brand#41,WRAP CASE,13,42,3,41064.3324
O,O,N,TAKE BACK RETURN,Manufacturer#2,3-MEDIUM,2,FURNITURE,FOB,4,0,8,Brand#24,SM CAN,14,19,3,23180.1273
F,F,A,DELIVER IN PERSON,Manufacturer#5,1-URGENT,1,MACHINERY,AIR,1,0.01,8,Brand#52,WRAP CAN,4,21,3,31679.5836
F,F,A,COLLECT COD,Manufacturer#4,1-URGENT,1,MACHINERY,TRUCK,4,0.06,21,Brand#45,LG PKG,16,26,1,29984.5
F,F,R,TAKE BACK RETURN,Manufacturer#4,1-URGENT,1,MACHINERY,AIR,2,0.05,12,Brand#43,MED PACK,12,8,0,11600.6528
F,F,A,COLLECT COD,Manufacturer#5,2-HIGH,1,AUTOMOBILE,TRUCK,2,0.08,21,Brand#54,WRAP BAG,15,23,1,34668.958
F,F,R,TAKE BACK RETURN,Manufacturer#2,2-HIGH,1,AUTOMOBILE,FOB,5,0,9,Brand#25,WRAP JAR,23,21,4,20850.543
F,F,A,TAKE BACK RETURN,Manufacturer#4,2-HIGH,1,AUTOMOBILE,SHIP,7,0.01,21,Brand#41,SM PACK,24,29,1,38494.7798
F,F,R,COLLECT COD,Manufacturer#5,1-URGENT,0,BUILDING,AIR,2,0.04,18,Brand#53,SM CASE,32,9,2,8516.5695
F,F,A,NONE,Manufacturer#3,1-URGENT,0,BUILDING,TRUCK,3,0,18,Brand#32,SM CASE,32,6,2,5556.12
O,O,N,NONE,Manufacturer#3,5-LOW,2,AUTOMOBILE,REG AIR,3,0.03,12,Brand#34,MED DRUM,47,16,0,30335.84
F,F,R,DELIVER IN PERSON,Manufacturer#4,2-HIGH,3,MACHINERY,MAIL,4,0.06,18,Brand#41,MED DRUM,17,26,2,43053.3688
O,O,N,NONE,Manufacturer#5,3-MEDIUM,4,FURNITURE,TRUCK,2,0.04,9,Brand#51,LG BAG,10,40,4,44668.5
O,O,N,DELIVER IN PERSON,Manufacturer#3,3-MEDIUM,4,FURNITURE,TRUCK,3,0.01,21,Brand#32,WRAP PKG,38,21,1,23650.62
O,O,N,NONE,Manufacturer#5,2-HIGH,0,BUILDING,AIR,1,0.02,18,Brand#54,JUMBO PACK,13,47,2,42727.23
O,O,N,COLLECT COD,Manufacturer#3,2-HIGH,0,BUILDING,REG AIR,4,0,8,Brand#33,SM CAN,28,23,3,32316.9274
O,O,N,COLLECT COD,Manufacturer#2,2-HIGH,0,BUILDING,TRUCK,2,0.04,8,Brand#23,JUMBO PKG,15,42,3,45163.3644
O,O,N,TAKE BACK RETURN,Manufacturer#2,3-MEDIUM,3,BUILDING,AIR,5,0.02,18,Brand#22,SM PKG,19,41,2,41087.5801
O,O,N,TAKE BACK RETURN,Manufacturer#3,3-MEDIUM,3,BUILDING,AIR,1,0.01,18,Brand#34,MED JAR,46,50,2,74460.89
O,O,N,COLLECT COD,Manufacturer#5,2-HIGH,2,BUILDING,RAIL,3,0.01,9,Brand#55,WRAP CAN,44,4,4,6364.9824
O,O,N,NONE,Manufacturer#5,2-HIGH,2,BUILDING,AIR,2,0.06,18,Brand#51,JUMBO BOX,39,44,2,83291.56
O,O,N,TAKE BACK RETURN,Manufacturer#2,2-HIGH,2,BUILDING,AIR,5,0.05,18,Brand#21,JUMBO CASE,31,27,2,33375.5856
O,O,N,TAKE BACK RETURN,Manufacturer#1,3-MEDIUM,1,HOUSEHOLD,FOB,5,0.03,18,Brand#15,MED CAN,19,3,2,3252.1536
O,O,N,TAKE BACK RETURN,Manufacturer#5,3-MEDIUM,1,HOUSEHOLD,FOB,2,0,12,Brand#52,MED PKG,33,48,0,73950.432
O,O,N,NONE,Manufacturer#4,2-HIGH,2,FURNITURE,REG AIR,4,0.03,18,Brand#43,JUMBO BAG,41,35,2,56935.2
O,O,N,COLLECT COD,Manufacturer#3,2-HIGH,2,FURNITURE,SHIP,1,0.02,9,Brand#31,JUMBO PKG,1,14,4,16721.4614
O,O,N,COLLECT COD,Manufacturer#4,2-HIGH,2,FURNITURE,MAIL,7,0.04,8,Brand#42,MED JAR,7,35,3,36705.69
F,F,R,NONE,Manufacturer#4,1-URGENT,1,MACHINERY,MAIL,1,0.08,12,Brand#41,MED CASE,40,33,0,33249.9684
F,F,A,COLLECT COD,Manufacturer#1,1-URGENT,1,MACHINERY,RAIL,4,0.02,12,Brand#11,JUMBO BAG,1,1,0,1001.4425
O,P,N,COLLECT COD,Manufacturer#5,4-NOT SPECIFIED,1,MACHINERY,SHIP,7,0.07,9,Brand#51,SM DRUM,18,23,4,30620.4267
F,P,A,NONE,Manufacturer#1,3-MEDIUM,4,FURNITURE,MAIL,4,0.06,18,Brand#11,SM JAR,35,20,2,29710.664
F,F,R,TAKE BACK RETURN,Manufacturer#5,5-LOW,1,MACHINERY,SHIP,3,0.03,8,Brand#53,SM PKG,50,1,3,1030.3293
F,F,A,DELIVER IN PERSON,Manufacturer#5,5-LOW,1,MACHINERY,FOB,5,0.07,9,Brand#51,MED CASE,48,37,4,62355.1565
O,O,N,NONE,Manufacturer#1,1-URGENT,4,BUILDING,RAIL,2,0.01,9,Brand#11,LG DRUM,1,11,4,14129.2151
O,O,N,DELIVER IN PERSON,Manufacturer#3,1-URGENT,4,BUILDING,FOB,1,0.03,9,Brand#34,LG DRUM,33,19,4,32789.7098
F,F,R,TAKE BACK RETURN,Manufacturer#2,5-LOW,2,AUTOMOBILE,AIR,1,0.06,18,Brand#24,MED PACK,20,41,2,61503.444
F,F,A,NONE,Manufacturer#4,3-MEDIUM,1,MACHINERY,MAIL,2,0,8,Brand#41,WRAP CASE,50,34,3,41561.6442
O,O,N,DELIVER IN PERSON,Manufacturer#4,2-HIGH,3,HOUSEHOLD,RAIL,1,0.05,9,Brand#41,MED CAN,15,17,4,15572.17
O,O,N,COLLECT COD,Manufacturer#3,2-HIGH,3,HOUSEHOLD,TRUCK,5,0.07,18,Brand#33,WRAP DRUM,26,42,2,39153.5424
O,O,N,DELIVER IN PERSON,Manufacturer#5,5-LOW,2,BUILDING,AIR,4,0,21,Brand#51,WRAP JAR,49,26,1,39926.38
O,O,N,DELIVER IN PERSON,Manufacturer#5,3-MEDIUM,3,BUILDING,MAIL,6,0.05,9,Brand#53,LG JAR,31,38,4,54720.171
O,O,N,DELIVER IN PERSON,Manufacturer#2,3-MEDIUM,3,BUILDING,RAIL,5,0.03,9,Brand#23,MED PKG,17,30,4,37461.444
O,O,N,NONE,Manufacturer#1,3-MEDIUM,3,BUILDING,REG AIR,1,0.03,18,Brand#13,WRAP JAR,11,16,2,20641.3088
O,O,N,TAKE BACK RETURN,Manufacturer#1,5-LOW,2,FURNITURE,TRUCK,2,0.03,21,Brand#14,JUMBO JAR,9,15,1,20664.396
F,F,A,DELIVER IN PERSON,Manufacturer#4,5-LOW,1,BUILDING,REG AIR,1,0,12,Brand#43,WRAP CASE,24,8,0,14402.172
F,F,A,DELIVER IN PERSON,Manufacturer#4,5-LOW,1,BUILDING,FOB,2,0.07,8,Brand#43,MED JAR,42,13,3,19156.8052
O,O,N,COLLECT COD,Manufacturer#3,2-HIGH,0,BUILDING,SHIP,2,0.02,8,Brand#34,LG CAN,35,6,3,6761.0862
O,O,N,COLLECT COD,Manufacturer#1,2-HIGH,0,BUILDING,REG AIR,5,0.01,9,Brand#13,LG DRUM,44,12,4,21431.658
O,O,N,COLLECT COD,Manufacturer#5,2-HIGH,0,BUILDING,REG AIR,4,0.08,18,Brand#55,LG BOX,21,17,2,18968.0832
O,O,N,TAKE BACK RETURN,Manufacturer#5,1-URGENT,1,MACHINERY,AIR,4,0.01,21,Brand#54,LG CAN,49,8,1,7909.9104
O,O,N,TAKE BACK RETURN,Manufacturer#5,3-MEDIUM,3,BUILDING,TRUCK,2,0.06,12,Brand#54,WRAP PACK,17,28,0,35575.638
O,O,N,TAKE BACK RETURN,Manufacturer#1,3-MEDIUM,3,BUILDING,SHIP,1,0.08,21,Brand#11,MED BAG,20,11,1,11352.957
F,F,A,TAKE BACK RETURN,Manufacturer#4,2-HIGH,4,BUILDING,SHIP,3,0.01,21,Brand#42,SM JAR,47,21,1,18536.7
O,O,N,TAKE BACK RETURN,Manufacturer#2,2-HIGH,4,MACHINERY,TRUCK,2,0.08,21,Brand#25,LG DRUM,25,11,1,9676.909
F,F,A,COLLECT COD,Manufacturer#4,3-MEDIUM,1,AUTOMOBILE,TRUCK,2,0.07,18,Brand#42,LG CAN,38,13,2,16143.4845
F,F,R,COLLECT COD,Manufacturer#1,3-MEDIUM,1,AUTOMOBILE,MAIL,3,0.05,18,Brand#12,WRAP CASE,20,4,2,5546.304
F,F,A,DELIVER IN PERSON,Manufacturer#1,5-LOW,2,HOUSEHOLD,AIR,3,0.03,18,Brand#15,JUMBO DRUM,8,44,2,42712.472
F,F,A,COLLECT COD,Manufacturer#3,5-LOW,2,HOUSEHOLD,TRUCK,5,0,18,Brand#33,JUMBO CAN,2,18,2,29774.466
F,F,R,TAKE BACK RETURN,Manufacturer#3,5-LOW,2,HOUSEHOLD,RAIL,2,0.03,18,Brand#31,MED PKG,21,18,2,21601.566
O,O,N,NONE,Manufacturer#5,1-URGENT,1,AUTOMOBILE,FOB,6,0.06,9,Brand#55,LG JAR,38,45,4,59908.3155
O,O,N,DELIVER IN PERSON,Manufacturer#5,1-URGENT,1,AUTOMOBILE,TRUCK,1,0.02,9,Brand#51,WRAP BAG,19,24,4,33984.8784
O,O,N,NONE,Manufacturer#5,4-NOT SPECIFIED,3,AUTOMOBILE,REG AIR,1,0,18,Brand#54,LG BOX,37,41,2,34027.0931
O,O,N,NONE,Manufacturer#3,5-LOW,2,FURNITURE,REG AIR,3,0,21,Brand#31,MED PACK,38,2,1,2782.152
O,O,N,DELIVER IN PERSON,Manufacturer#3,5-LOW,2,FURNITURE,SHIP,7,0.08,21,Brand#35,MED CASE,27,11,1,12323.3715
F,F,A,DELIVER IN PERSON,Manufacturer#5,1-URGENT,3,MACHINERY,TRUCK,4,0,21,Brand#51,JUMBO CASE,48,8,1,11193.9464
F,F,R,DELIVER IN PERSON,Manufacturer#5,4-NOT SPECIFIED,2,FURNITURE,FOB,6,0.06,21,Brand#54,WRAP BOX,31,15,1,18843.552
O,O,N,TAKE BACK RETURN,Manufacturer#4,3-MEDIUM,1,BUILDING,MAIL,4,0.05,21,Brand#41,JUMBO CASE,4,10,1,17812.906
F,F,R,NONE,Manufacturer#3,3-MEDIUM,4,AUTOMOBILE,TRUCK,2,0.02,18,Brand#31,WRAP PKG,11,2,2,2264.6988
F,F,A,COLLECT COD,Manufacturer#5,3-MEDIUM,4,AUTOMOBILE,SHIP,4,0.03,9,Brand#55,JUMBO PACK,1,38,4,33306.6048
F,F,A,TAKE BACK RETURN,Manufacturer#1,1-URGENT,3,BUILDING,RAIL,6,0.01,18,Brand#15,MED CAN,19,46,2,48308.0316
F,F,R,NONE,Manufacturer#2,1-URGENT,3,BUILDING,TRUCK,4,0.02,21,Brand#25,MED BAG,45,10,1,10766.484
O,O,N,TAKE BACK RETURN,Manufacturer#3,3-MEDIUM,4,HOUSEHOLD,FOB,5,0.06,12,Brand#34,WRAP PKG,27,18,0,22650.3
O,O,N,NONE,Manufacturer#2,4-NOT SPECIFIED,4,BUILDING,RAIL,1,0.03,21,Brand#22,SM PKG,37,49,1,48362.7648
O,O,N,NONE,Manufacturer#3,4-NOT SPECIFIED,4,BUILDING,TRUCK,3,0.01,18,Brand#33,MED BAG,31,41,2,33985.638
O,O,N,COLLECT COD,Manufacturer#1,2-HIGH,4,MACHINERY,MAIL,1,0.03,21,Brand#15,JUMBO JAR,3,2,1,2490.9888
F,F,A,TAKE BACK RETURN,Manufacturer#4,2-HIGH,3,MACHINERY,MAIL,3,0.08,21,Brand#42,JUMBO DRUM,13,18,1,25064.82
F,F,A,TAKE BACK RETURN,Manufacturer#2,2-HIGH,3,MACHINERY,RAIL,1,0.04,21,Brand#23,WRAP DRUM,12,23,1,22892.7372
O,O,N,TAKE BACK RETURN,Manufacturer#3,3-MEDIUM,0,MACHINERY,RAIL,2,0.08,18,Brand#31,MED PKG,24,30,2,46932.09
O,O,N,TAKE BACK RETURN,Manufacturer#3,3-MEDIUM,0,MACHINERY,RAIL,4,0.08,9,Brand#31,MED BOX,25,45,4,64978.4025
O,O,N,DELIVER IN PERSON,Manufacturer#4,3-MEDIUM,0,MACHINERY,SHIP,5,0.07,18,Brand#43,JUMBO PACK,25,50,2,70525.5
O,P,N,DELIVER IN PERSON,Manufacturer#2,4-NOT SPECIFIED,3,FURNITURE,RAIL,2,0.05,8,Brand#24,MED CASE,36,15,3,17660.4525
O,P,N,COLLECT COD,Manufacturer#3,4-NOT SPECIFIED,3,FURNITURE,REG AIR,5,0,21,Brand#35,MED BOX,24,49,1,59814.8096
F,P,N,COLLECT COD,Manufacturer#1,4-NOT SPECIFIED,3,FURNITURE,AIR,7,0.03,21,Brand#12,JUMBO DRUM,12,4,1,3775.1952
O,P,N,NONE,Manufacturer#3,4-NOT SPECIFIED,3,FURNITURE,RAIL,6,0.03,18,Brand#32,MED CASE,29,24,2,28222.5768
F,F,A,DELIVER IN PERSON,Manufacturer#3,1-URGENT,2,FURNITURE,FOB,6,0.04,18,Brand#35,SM JAR,7,2,2,2287.7456
F,F,R,DELIVER IN PERSON,Manufacturer#2,1-URGENT,2,FURNITURE,TRUCK,5,0.03,9,Brand#25,JUMBO CASE,22,21,4,29178.765
F,F,R,NONE,Manufacturer#1,1-URGENT,2,FURNITURE,MAIL,7,0.06,8,Brand#13,LG JAR,11,23,3,37523.6904
F,F,R,TAKE BACK RETURN,Manufacturer#3,1-URGENT,2,FURNITURE,SHIP,4,0,12,Brand#35,LG BAG,42,45,0,48316.752
F,F,R,COLLECT COD,Manufacturer#4,1-URGENT,2,FURNITURE,MAIL,2,0.07,12,Brand#42,MED PKG,28,45,0,56517.345
F,F,A,DELIVER IN PERSON,Manufacturer#3,3-MEDIUM,4,BUILDING,AIR,5,0.01,21,Brand#35,MED BOX,24,24,1,30584.832
F,F,R,TAKE BACK RETURN,Manufacturer#1,3-MEDIUM,2,AUTOMOBILE,TRUCK,3,0.06,9,Brand#12,WRAP PACK,36,29,4,36021.9092
F,F,R,NONE,Manufacturer#3,5-LOW,2,FURNITURE,MAIL,1,0,8,Brand#32,JUMBO CASE,40,16,3,28461.92
F,F,R,DELIVER IN PERSON,Manufacturer#2,5-LOW,2,FURNITURE,REG AIR,2,0.08,21,Brand#24,JUMBO BAG,25,20,1,28723.058
F,F,A,DELIVER IN PERSON,Manufacturer#3,5-LOW,3,BUILDING,RAIL,1,0.02,21,Brand#32,LG PKG,14,15,1,20167.056
O,O,N,DELIVER IN PERSON,Manufacturer#4,1-URGENT,3,HOUSEHOLD,TRUCK,5,0.05,18,Brand#43,MED JAR,42,24,2,36118.8864
O,O,N,NONE,Manufacturer#4,1-URGENT,3,HOUSEHOLD,REG AIR,3,0,21,Brand#41,MED BOX,46,33,1,47040.6156
F,P,A,NONE,Manufacturer#4,1-URGENT,1,AUTOMOBILE,FOB,3,0.01,18,Brand#42,WRAP BAG,13,15,2,21152.586
O,P,N,COLLECT COD,Manufacturer#4,1-URGENT,1,AUTOMOBILE,SHIP,4,0.08,21,Brand#43,SM CASE,20,2,1,2617.95
F,F,A,COLLECT COD,Manufacturer#5,2-HIGH,1,BUILDING,SHIP,1,0.06,21,Brand#53,LG BAG,2,13,1,11220.885
F,F,R,COLLECT COD,Manufacturer#5,2-HIGH,1,BUILDING,REG AIR,4,0,9,Brand#55,JUMBO CASE,25,28,4,27273.96
F,F,A,TAKE BACK RETURN,Manufacturer#1,4-NOT SPECIFIED,0,AUTOMOBILE,AIR,5,0.01,18,Brand#14,JUMBO PACK,7,44,2,57929.1328
O,O,N,NONE,Manufacturer#3,2-HIGH,3,BUILDING,RAIL,4,0.03,9,Brand#34,LG JAR,10,49,4,80267.7134
O,O,N,COLLECT COD,Manufacturer#4,4-NOT SPECIFIED,3,MACHINERY,RAIL,3,0.07,21,Brand#42,LG JAR,28,13,1,13429.7709
O,O,N,COLLECT COD,Manufacturer#3,4-NOT SPECIFIED,3,MACHINERY,FOB,2,0.08,21,Brand#35,MED CASE,27,27,1,28656.261
F,F,A,COLLECT COD,Manufacturer#1,2-HIGH,3,BUILDING,RAIL,4,0.03,8,Brand#15,LG JAR,2,17,3,21596.103
F,F,R,TAKE BACK RETURN,Manufacturer#4,2-HIGH,3,BUILDING,AIR,7,0.05,18,Brand#45,WRAP DRUM,2,46,2,44154.5214
O,O,N,DELIVER IN PERSON,Manufacturer#5,1-URGENT,2,FURNITURE,FOB,3,0.05,21,Brand#53,SM CAN,36,19,1,25888.7844
F,F,R,DELIVER IN PERSON,Manufacturer#3,3-MEDIUM,2,FURNITURE,MAIL,1,0.08,9,Brand#32,JUMBO CAN,10,34,4,32089.1592
F,F,R,DELIVER IN PERSON,Manufacturer#2,4-NOT SPECIFIED,0,HOUSEHOLD,REG AIR,1,0.07,9,Brand#24,LG CAN,40,39,4,52369.5432
F,F,A,COLLECT COD,Manufacturer#5,4-NOT SPECIFIED,0,HOUSEHOLD,SHIP,4,0.01,21,Brand#51,WRAP BAG,35,9,1,12748.1364
F,F,A,NONE,Manufacturer#5,4-NOT SPECIFIED,0,HOUSEHOLD,TRUCK,3,0,18,Brand#52,WRAP PACK,27,6,2,6941.052
F,F,R,COLLECT COD,Manufacturer#1,4-NOT SPECIFIED,0,HOUSEHOLD,MAIL,2,0.01,12,Brand#13,SM CAN,40,43,0,47909.0176
F,F,A,TAKE BACK RETURN,Manufacturer#3,2-HIGH,2,MACHINERY,RAIL,3,0.04,12,Brand#32,LG DRUM,26,27,0,36002.394
F,F,R,COLLECT COD,Manufacturer#5,1-URGENT,2,MACHINERY,SHIP,3,0.08,8,Brand#54,WRAP JAR,50,45,3,80869.104
F,F,A,TAKE BACK RETURN,Manufacturer#2,5-LOW,0,FURNITURE,AIR,2,0.03,18,Brand#21,MED PACK,24,46,2,45677.2134
F,F,R,TAKE BACK RETURN,Manufacturer#4,5-LOW,0,FURNITURE,AIR,1,0.03,9,Brand#41,JUMBO DRUM,31,40,4,66532.3
F,F,R,COLLECT COD,Manufacturer#4,3-MEDIUM,4,HOUSEHOLD,RAIL,2,0.08,18,Brand#41,SM BOX,33,38,2,41993.8152
F,F,R,TAKE BACK RETURN,Manufacturer#4,3-MEDIUM,4,HOUSEHOLD,TRUCK,4,0.02,21,Brand#41,WRAP BAG,10,47,1,75806.3235
F,F,R,NONE,Manufacturer#4,2-HIGH,2,HOUSEHOLD,FOB,2,0.08,8,Brand#43,LG PKG,15,18,3,18812.412
F,F,R,COLLECT COD,Manufacturer#5,3-MEDIUM,0,AUTOMOBILE,SHIP,4,0.03,9,Brand#51,SM PKG,28,39,4,52429.7358
F,F,R,TAKE BACK RETURN,Manufacturer#3,3-MEDIUM,0,AUTOMOBILE,RAIL,2,0.02,18,Brand#31,MED PKG,24,14,2,20979.4676
F,F,R,NONE,Manufacturer#5,5-LOW,3,HOUSEHOLD,REG AIR,1,0.03,21,Brand#53,LG CASE,27,40,1,54512.14
O,O,N,TAKE BACK RETURN,Manufacturer#5,5-LOW,3,FURNITURE,FOB,3,0.01,8,Brand#55,LG CASE,26,11,3,19447.032
O,O,N,TAKE BACK RETURN,Manufacturer#3,2-HIGH,2,HOUSEHOLD,MAIL,1,0.01,9,Brand#33,JUMBO DRUM,50,25,4,46231.01
O,O,N,TAKE BACK RETURN,Manufacturer#3,2-HIGH,2,HOUSEHOLD,RAIL,2,0,9,Brand#31,LG CAN,8,17,4,20650.6752
O,O,N,TAKE BACK RETURN,Manufacturer#5,2-HIGH,2,HOUSEHOLD,SHIP,5,0.01,18,Brand#52,SM PACK,24,9,2,9880.4412
F,F,R,TAKE BACK RETURN,Manufacturer#1,5-LOW,1,HOUSEHOLD,REG AIR,4,0.07,12,Brand#12,JUMBO DRUM,33,12,0,16922.0688
F,F,R,NONE,Manufacturer#3,5-LOW,1,HOUSEHOLD,SHIP,2,0.01,18,Brand#32,MED CASE,29,49,2,53462.871
F,F,A,NONE,Manufacturer#1,5-LOW,1,HOUSEHOLD,FOB,3,0.04,18,Brand#12,JUMBO PACK,30,4,2,5448.5344
F,F,A,NONE,Manufacturer#2,2-HIGH,1,FURNITURE,SHIP,6,0.04,18,Brand#23,JUMBO BOX,40,15,2,26618.43
F,F,R,TAKE BACK RETURN,Manufacturer#2,2-HIGH,1,FURNITURE,SHIP,2,0.02,18,Brand#24,JUMBO DRUM,47,47,2,48339.5094
F,F,A,DELIVER IN PERSON,Manufacturer#2,2-HIGH,1,FURNITURE,FOB,1,0.01,8,Brand#22,WRAP JAR,40,8,3,10217.744
F,F,R,COLLECT COD,Manufacturer#3,1-URGENT,4,AUTOMOBILE,TRUCK,5,0.07,21,Brand#35,SM JAR,39,29,1,26014.8676
F,F,A,DELIVER IN PERSON,Manufacturer#5,1-URGENT,4,AUTOMOBILE,MAIL,2,0.03,18,Brand#51,LG BOX,48,2,2,2219.8256
O,O,N,TAKE BACK RETURN,Manufacturer#4,3-MEDIUM,1,FURNITURE,SHIP,1,0.01,8,Brand#42,JUMBO CASE,6,10,3,16977.9
F,P,A,TAKE BACK RETURN,Manufacturer#2,1-URGENT,2,AUTOMOBILE,FOB,2,0,21,Brand#24,LG CAN,2,36,1,50327.6256
F,P,N,TAKE BACK RETURN,Manufacturer#3,1-URGENT,2,AUTOMOBILE,REG AIR,3,0.08,21,Brand#33,SM CASE,5,14,1,17194.7328
F,F,A,NONE,Manufacturer#2,2-HIGH,1,AUTOMOBILE,FOB,3,0.01,18,Brand#22,SM JAR,7,46,2,70976.1416
O,O,N,DELIVER IN PERSON,Manufacturer#2,2-HIGH,3,FURNITURE,REG AIR,4,0.03,12,Brand#22,MED JAR,8,26,0,27944.7792
F,F,R,TAKE BACK RETURN,Manufacturer#5,3-MEDIUM,2,BUILDING,RAIL,2,0.05,12,Brand#54,WRAP BOX,31,41,0,56599.68
O,O,N,COLLECT COD,Manufacturer#4,2-HIGH,0,AUTOMOBILE,RAIL,5,0.07,9,Brand#43,MED PACK,47,11,4,16887.1725
F,F,A,TAKE BACK RETURN,Manufacturer#5,2-HIGH,0,BUILDING,AIR,1,0.02,18,Brand#55,LG DRUM,1,49,2,44205.6342
F,F,A,TAKE BACK RETURN,Manufacturer#5,4-NOT SPECIFIED,0,HOUSEHOLD,AIR,6,0.08,9,Brand#51,WRAP PKG,1,44,4,57679.886
F,F,A,NONE,Manufacturer#2,4-NOT SPECIFIED,0,HOUSEHOLD,REG AIR,2,0.03,21,Brand#22,LG PACK,23,2,1,2274.851
F,F,A,NONE,Manufacturer#2,4-NOT SPECIFIED,0,HOUSEHOLD,AIR,7,0.03,18,Brand#23,JUMBO JAR,42,12,2,17194.6368
F,F,R,DELIVER IN PERSON,Manufacturer#4,4-NOT SPECIFIED,0,HOUSEHOLD,MAIL,4,0.04,18,Brand#43,JUMBO CASE,19,41,2,56381.683
O,O,N,NONE,Manufacturer#2,1-URGENT,0,BUILDING,REG AIR,1,0.01,21,Brand#25,SM BOX,35,15,1,27583.95
O,O,N,TAKE BACK RETURN,Manufacturer#1,2-HIGH,4,AUTOMOBILE,MAIL,2,0.05,18,Brand#13,MED BAG,38,42,2,62207.4516
O,O,N,NONE,Manufacturer#2,2-HIGH,4,AUTOMOBILE,MAIL,4,0.01,18,Brand#23,LG PACK,27,14,2,13373.1024
F,F,R,COLLECT COD,Manufacturer#5,5-LOW,3,AUTOMOBILE,MAIL,7,0.03,12,Brand#51,LG PACK,18,9,0,11949.8346
F,P,R,DELIVER IN PERSON,Manufacturer#3,3-MEDIUM,2,BUILDING,RAIL,1,0.04,21,Brand#34,SM PACK,48,48,1,56514.5856
O,P,N,COLLECT COD,Manufacturer#3,3-MEDIUM,2,BUILDING,SHIP,3,0.08,8,Brand#33,JUMBO DRUM,3,7,3,7056.714
F,P,R,DELIVER IN PERSON,Manufacturer#2,3-MEDIUM,2,BUILDING,AIR,2,0.01,18,Brand#24,WRAP PKG,14,32,2,52254.096
O,O,N,COLLECT COD,Manufacturer#4,4-NOT SPECIFIED,4,FURNITURE,TRUCK,1,0.01,21,Brand#42,MED CASE,29,27,1,33020.3709
F,F,A,NONE,Manufacturer#5,2-HIGH,3,HOUSEHOLD,RAIL,3,0,8,Brand#52,WRAP DRUM,36,44,3,57877.776
F,P,N,COLLECT COD,Manufacturer#4,2-HIGH,2,MACHINERY,FOB,2,0.01,9,Brand#41,SM PACK,35,50,4,45031.49
O,O,N,TAKE BACK RETURN,Manufacturer#4,5-LOW,2,MACHINERY,RAIL,2,0.05,12,Brand#45,MED JAR,16,3,0,3552.9813
F,F,R,DELIVER IN PERSON,Manufacturer#3,3-MEDIUM,2,AUTOMOBILE,FOB,3,0.07,8,Brand#33,MED JAR,21,28,3,41697.9696
F,F,A,TAKE BACK RETURN,Manufacturer#5,3-MEDIUM,2,AUTOMOBILE,AIR,1,0.06,18,Brand#52,MED DRUM,44,35,2,38320.303
F,F,A,DELIVER IN PERSON,Manufacturer#5,3-MEDIUM,2,AUTOMOBILE,MAIL,5,0.01,18,Brand#52,MED DRUM,44,38,2,41180.3606
F,F,R,COLLECT COD,Manufacturer#5,3-MEDIUM,2,AUTOMOBILE,RAIL,6,0.04,18,Brand#52,LG BAG,41,15,2,24336.312
F,F,R,NONE,Manufacturer#5,3-MEDIUM,2,AUTOMOBILE,REG AIR,4,0.07,18,Brand#51,LG PKG,8,32,2,39085.2224
O,O,N,NONE,Manufacturer#2,4-NOT SPECIFIED,3,HOUSEHOLD,SHIP,2,0,18,Brand#22,SM PACK,19,19,2,25943.74
O,O,N,NONE,Manufacturer#5,4-NOT SPECIFIED,3,HOUSEHOLD,FOB,4,0.03,21,Brand#52,SM PKG,50,36,1,67714.92
O,O,N,NONE,Manufacturer#2,4-NOT SPECIFIED,3,HOUSEHOLD,REG AIR,5,0.01,8,Brand#23,JUMBO JAR,42,23,3,33299.6829
O,O,N,COLLECT COD,Manufacturer#5,2-HIGH,4,BUILDING,TRUCK,3,0.08,18,Brand#55,SM BOX,37,14,2,14267.54
O,O,N,NONE,Manufacturer#1,5-LOW,2,AUTOMOBILE,RAIL,4,0.06,18,Brand#15,LG JAR,2,40,2,55895.796
F,F,A,DELIVER IN PERSON,Manufacturer#1,1-URGENT,1,FURNITURE,AIR,1,0.05,18,Brand#13,MED CASE,27,41,2,58078.4352
F,F,R,COLLECT COD,Manufacturer#5,1-URGENT,1,FURNITURE,MAIL,2,0.02,18,Brand#53,WRAP CASE,1,4,2,4460.4128
F,F,R,DELIVER IN PERSON,Manufacturer#4,3-MEDIUM,0,BUILDING,RAIL,5,0.08,18,Brand#42,LG JAR,28,43,2,45397.8477
F,F,A,COLLECT COD,Manufacturer#3,4-NOT SPECIFIED,4,AUTOMOBILE,TRUCK,5,0,21,Brand#34,WRAP JAR,17,18,1,21617.424
O,O,N,TAKE BACK RETURN,Manufacturer#4,2-HIGH,3,MACHINERY,SHIP,2,0.03,9,Brand#44,SM JAR,27,3,4,4090.551
F,F,R,NONE,Manufacturer#5,3-MEDIUM,1,FURNITURE,AIR,3,0.02,8,Brand#55,MED PACK,2,16,3,13468.2912
F,F,A,NONE,Manufacturer#4,3-MEDIUM,4,HOUSEHOLD,MAIL,3,0,8,Brand#45,SM CASE,38,50,3,70274.7
F,F,A,COLLECT COD,Manufacturer#2,3-MEDIUM,4,HOUSEHOLD,FOB,4,0.05,8,Brand#23,SM PACK,45,25,3,28876.05
F,F,R,COLLECT COD,Manufacturer#4,2-HIGH,2,HOUSEHOLD,RAIL,2,0.08,21,Brand#44,MED DRUM,43,14,1,21372.68
F,F,R,DELIVER IN PERSON,Manufacturer#3,2-HIGH,2,HOUSEHOLD,MAIL,5,0.02,21,Brand#34,MED PKG,23,18,1,31396.9068
O,O,N,NONE,Manufacturer#3,3-MEDIUM,1,BUILDING,SHIP,1,0.03,9,Brand#35,SM BAG,30,35,4,40994.45
O,O,N,DELIVER IN PERSON,Manufacturer#5,1-URGENT,2,AUTOMOBILE,TRUCK,1,0.05,18,Brand#52,SM PACK,24,31,2,36252.1502
O,O,N,COLLECT COD,Manufacturer#3,5-LOW,4,BUILDING,RAIL,6,0.08,8,Brand#35,SM CAN,24,27,3,39334.653
O,O,N,COLLECT COD,Manufacturer#1,5-LOW,4,BUILDING,TRUCK,1,0.01,18,Brand#12,JUMBO PACK,30,39,2,56587.7676
F,F,A,TAKE BACK RETURN,Manufacturer#5,2-HIGH,1,HOUSEHOLD,REG AIR,5,0,9,Brand#54,SM CASE,6,10,4,12580.632
F,F,R,NONE,Manufacturer#3,2-HIGH,1,HOUSEHOLD,FOB,4,0.02,21,Brand#32,LG DRUM,43,11,1,10780.9702
O,O,N,NONE,Manufacturer#3,2-HIGH,0,MACHINERY,REG AIR,1,0.05,18,Brand#34,MED BOX,28,20,2,36192.816
O,O,N,TAKE BACK RETURN,Manufacturer#5,1-URGENT,2,MACHINERY,RAIL,1,0,21,Brand#54,LG DRUM,5,45,1,70503.615
O,O,N,NONE,Manufacturer#5,1-URGENT,4,FURNITURE,FOB,3,0.06,9,Brand#51,SM JAR,9,28,4,31803.1728
F,F,R,TAKE BACK RETURN,Manufacturer#2,4-NOT SPECIFIED,1,BUILDING,AIR,1,0.06,21,Brand#22,WRAP DRUM,13,46,1,49601.2572
F,F,R,TAKE BACK RETURN,Manufacturer#5,4-NOT SPECIFIED,1,BUILDING,AIR,3,0.05,9,Brand#55,LG BAG,36,23,4,26193.0624
O,O,N,TAKE BACK RETURN,Manufacturer#5,1-URGENT,1,AUTOMOBILE,REG AIR,2,0.08,9,Brand#55,SM PACK,6,17,4,25069.6314
O,O,N,TAKE BACK RETURN,Manufacturer#1,5-LOW,4,HOUSEHOLD,REG AIR,3,0,9,Brand#14,LG CAN,41,49,4,63474.7568
O,O,N,DELIVER IN PERSON,Manufacturer#5,5-LOW,4,HOUSEHOLD,SHIP,1,0.07,18,Brand#53,LG PACK,11,34,2,37952.3368
F,F,R,COLLECT COD,Manufacturer#5,3-MEDIUM,1,BUILDING,AIR,1,0.04,9,Brand#51,JUMBO DRUM,19,13,4,22105.018
F,F,R,NONE,Manufacturer#2,3-MEDIUM,1,BUILDING,FOB,2,0.05,9,Brand#25,LG CAN,33,48,4,74590.2432
F,F,R,TAKE BACK RETURN,Manufacturer#5,3-MEDIUM,1,BUILDING,RAIL,5,0.08,12,Brand#55,LG BAG,45,33,0,48961.8756
O,O,N,TAKE BACK RETURN,Manufacturer#4,1-URGENT,2,HOUSEHOLD,AIR,1,0.03,12,Brand#41,SM PACK,35,23,0,20291.7408
F,F,A,TAKE BACK RETURN,Manufacturer#4,4-NOT SPECIFIED,2,AUTOMOBILE,AIR,3,0.06,12,Brand#41,JUMBO DRUM,6,42,0,53238.2004
F,F,A,COLLECT COD,Manufacturer#3,4-NOT SPECIFIED,2,AUTOMOBILE,FOB,1,0.04,18,Brand#35,LG JAR,34,28,2,40363.12
F,F,A,DELIVER IN PERSON,Manufacturer#5,2-HIGH,0,MACHINERY,MAIL,3,0.08,21,Brand#51,MED CAN,10,35,1,56720.7095
O,O,N,NONE,Manufacturer#1,5-LOW,2,AUTOMOBILE,REG AIR,2,0.04,21,Brand#14,SM PKG,13,44,1,40885.6448
O,O,N,COLLECT COD,Manufacturer#3,4-NOT SPECIFIED,1,BUILDING,MAIL,1,0.04,8,Brand#31,SM JAR,24,46,3,57451.5942
O,O,N,COLLECT COD,Manufacturer#3,4-NOT SPECIFIED,0,AUTOMOBILE,RAIL,6,0.07,9,Brand#34,SM CASE,30,28,4,46448.0016
O,O,N,COLLECT COD,Manufacturer#5,4-NOT SPECIFIED,0,AUTOMOBILE,TRUCK,3,0.08,18,Brand#53,WRAP CASE,1,4,2,4365.5104
O,O,N,NONE,Manufacturer#1,4-NOT SPECIFIED,0,AUTOMOBILE,RAIL,1,0,18,Brand#15,WRAP BOX,48,25,2,42239.62
O,O,N,COLLECT COD,Manufacturer#4,5-LOW,1,BUILDING,FOB,2,0.07,12,Brand#43,MED JAR,13,12,0,20361.48
F,F,A,TAKE BACK RETURN,Manufacturer#4,4-NOT SPECIFIED,3,MACHINERY,AIR,2,0.01,18,Brand#43,WRAP CAN,2,50,2,58439.29
F,F,R,COLLECT COD,Manufacturer#5,5-LOW,0,HOUSEHOLD,SHIP,6,0.05,8,Brand#55,LG BAG,16,1,3,886.572
F,F,R,TAKE BACK RETURN,Manufacturer#1,5-LOW,0,HOUSEHOLD,AIR,3,0.01,21,Brand#11,WRAP JAR,24,40,1,66129.48
F,F,A,TAKE BACK RETURN,Manufacturer#5,4-NOT SPECIFIED,2,HOUSEHOLD,MAIL,4,0.08,18,Brand#53,MED CAN,3,28,2,24589.7288
F,F,R,TAKE BACK RETURN,Manufacturer#5,3-MEDIUM,1,FURNITURE,TRUCK,3,0.02,9,Brand#52,JUMBO CASE,45,4,4,3876.7608
O,O,N,DELIVER IN PERSON,Manufacturer#2,4-NOT SPECIFIED,3,BUILDING,REG AIR,4,0.08,18,Brand#21,LG PACK,33,49,2,47349.1557
O,O,N,DELIVER IN PERSON,Manufacturer#4,1-URGENT,2,HOUSEHOLD,RAIL,1,0.06,9,Brand#44,LG JAR,15,19,4,20743.782
F,F,R,TAKE BACK RETURN,Manufacturer#3,4-NOT SPECIFIED,4,AUTOMOBILE,RAIL,3,0.04,18,Brand#35,JUMBO JAR,42,41,2,37843.82
O,O,N,TAKE BACK RETURN,Manufacturer#5,1-URGENT,1,BUILDING,SHIP,1,0.05,8,Brand#54,MED JAR,10,22,3,29698.713
F,F,R,NONE,Manufacturer#5,1-URGENT,3,HOUSEHOLD,AIR,1,0,12,Brand#53,JUMBO BAG,21,44,0,60160.188
O,O,N,NONE,Manufacturer#4,1-URGENT,2,BUILDING,TRUCK,3,0.07,21,Brand#42,WRAP CAN,16,12,1,17947.08
O,O,N,DELIVER IN PERSON,Manufacturer#2,1-URGENT,2,BUILDING,FOB,4,0.07,18,Brand#24,MED DRUM,31,36,2,33140.4768
O,O,N,NONE,Manufacturer#4,3-MEDIUM,3,AUTOMOBILE,AIR,4,0.04,8,Brand#45,SM CASE,38,12,3,18552.5208
F,F,R,DELIVER IN PERSON,Manufacturer#5,3-MEDIUM,3,BUILDING,TRUCK,1,0.08,9,Brand#53,SM CAN,36,35,4,50226.561
F,F,A,DELIVER IN PERSON,Manufacturer#2,3-MEDIUM,3,BUILDING,FOB,3,0.05,21,Brand#22,LG PACK,10,31,1,48142.1754
O,O,N,DELIVER IN PERSON,Manufacturer#2,2-HIGH,2,FURNITURE,SHIP,2,0.03,8,Brand#24,MED CASE,36,33,3,40079.9322
O,O,N,NONE,Manufacturer#4,2-HIGH,1,BUILDING,RAIL,1,0,8,Brand#42,LG CAN,38,8,3,9934.452
O,O,N,DELIVER IN PERSON,Manufacturer#3,2-HIGH,1,BUILDING,REG AIR,4,0,18,Brand#32,SM DRUM,32,12,2,15269.0664
O,O,N,NONE,Manufacturer#5,5-LOW,4,BUILDING,AIR,1,0.07,21,Brand#51,LG CAN,22,27,1,42164.5824
O,O,N,COLLECT COD,Manufacturer#5,5-LOW,4,BUILDING,SHIP,2,0.02,12,Brand#53,WRAP BAG,23,3,0,3139.7472
F,F,R,TAKE BACK RETURN,Manufacturer#4,5-LOW,4,MACHINERY,REG AIR,1,0.01,12,Brand#43,LG CASE,7,20,0,32344.02
F,F,A,DELIVER IN PERSON,Manufacturer#4,3-MEDIUM,1,AUTOMOBILE,SHIP,5,0.04,21,Brand#45,JUMBO BAG,22,21,1,18504.423
O,P,N,COLLECT COD,Manufacturer#4,1-URGENT,2,AUTOMOBILE,FOB,6,0.03,18,Brand#44,SM BAG,15,24,2,37888.08
F,F,A,TAKE BACK RETURN,Manufacturer#4,3-MEDIUM,4,HOUSEHOLD,RAIL,2,0.06,12,Brand#44,WRAP BAG,35,22,0,38774.3796
F,F,R,COLLECT COD,Manufacturer#4,3-MEDIUM,4,HOUSEHOLD,RAIL,5,0,9,Brand#43,JUMBO BAG,41,30,4,46361.52
F,F,A,NONE,Manufacturer#5,3-MEDIUM,4,HOUSEHOLD,TRUCK,6,0.08,18,Brand#54,MED CAN,9,31,2,31034.8936
O,O,N,NONE,Manufacturer#2,4-NOT SPECIFIED,1,AUTOMOBILE,FOB,3,0.01,18,Brand#21,JUMBO CASE,31,34,2,39884.2032
O,O,N,COLLECT COD,Manufacturer#3,4-NOT SPECIFIED,1,AUTOMOBILE,FOB,6,0.05,18,Brand#35,LG PKG,5,34,2,52468.0044
F,F,A,NONE,Manufacturer#4,4-NOT SPECIFIED,0,HOUSEHOLD,REG AIR,7,0.05,18,Brand#43,JUMBO PACK,29,28,2,29995.056
F,F,A,COLLECT COD,Manufacturer#3,5-LOW,0,FURNITURE,MAIL,2,0.05,21,Brand#33,JUMBO PKG,10,35,1,41590.0485
F,F,R,DELIVER IN PERSON,Manufacturer#3,5-LOW,0,FURNITURE,SHIP,1,0.05,18,Brand#35,MED BAG,44,40,2,67820.192
F,F,R,DELIVER IN PERSON,Manufacturer#3,1-URGENT,0,FURNITURE,AIR,3,0.08,18,Brand#31,MED PKG,21,45,2,58804.263
F,F,R,COLLECT COD,Manufacturer#3,1-URGENT,0,FURNITURE,RAIL,1,0.06,9,Brand#35,JUMBO BOX,28,36,4,57320.1216
O,O,N,DELIVER IN PERSON,Manufacturer#3,1-URGENT,4,FURNITURE,MAIL,2,0.01,21,Brand#31,MED DRUM,25,47,1,50508.3432
O,O,N,NONE,Manufacturer#1,2-HIGH,3,AUTOMOBILE,MAIL,4,0.04,18,Brand#13,JUMBO JAR,26,17,2,19571.114
O,O,N,COLLECT COD,Manufacturer#4,2-HIGH,0,AUTOMOBILE,FOB,1,0.02,18,Brand#43,JUMBO PACK,25,5,2,6840.9735
O,O,N,COLLECT COD,Manufacturer#4,4-NOT SPECIFIED,3,BUILDING,TRUCK,2,0.04,21,Brand#44,WRAP CAN,16,35,1,60514.6815
O,O,N,DELIVER IN PERSON,Manufacturer#3,4-NOT SPECIFIED,3,BUILDING,RAIL,7,0.03,18,Brand#35,JUMBO JAR,28,12,2,18946.6608
O,O,N,COLLECT COD,Manufacturer#3,4-NOT SPECIFIED,3,BUILDING,FOB,4,0.05,12,Brand#32,JUMBO JAR,26,35,0,35038.5
O,O,N,TAKE BACK RETURN,Manufacturer#4,4-NOT SPECIFIED,3,BUILDING,SHIP,5,0.05,12,Brand#43,MED PACK,12,3,0,4535.3616
F,P,R,NONE,Manufacturer#5,3-MEDIUM,4,BUILDING,TRUCK,2,0.07,18,Brand#54,LG CASE,38,32,2,52419.7312
F,F,A,NONE,Manufacturer#2,3-MEDIUM,1,HOUSEHOLD,MAIL,1,0.04,18,Brand#22,SM BAG,8,13,2,21680.932
F,F,A,DELIVER IN PERSON,Manufacturer#1,4-NOT SPECIFIED,3,BUILDING,MAIL,2,0.08,21,Brand#11,WRAP PKG,20,5,1,7414.83
O,O,N,COLLECT COD,Manufacturer#3,3-MEDIUM,1,BUILDING,RAIL,5,0.02,18,Brand#35,LG BOX,42,12,2,14870.16
O,O,N,TAKE BACK RETURN,Manufacturer#2,3-MEDIUM,1,BUILDING,MAIL,6,0.06,8,Brand#21,MED JAR,8,5,3,5503.778
O,O,N,COLLECT COD,Manufacturer#5,3-MEDIUM,1,BUILDING,AIR,3,0.06,8,Brand#52,JUMBO JAR,16,16,3,18277.896
O,O,N,NONE,Manufacturer#5,3-MEDIUM,1,BUILDING,SHIP,7,0.05,18,Brand#51,JUMBO BOX,39,21,2,38957.7342
O,O,N,DELIVER IN PERSON,Manufacturer#5,3-MEDIUM,1,BUILDING,RAIL,1,0.04,21,Brand#51,JUMBO JAR,23,28,1,38107.6332
F,F,R,TAKE BACK RETURN,Manufacturer#1,3-MEDIUM,0,FURNITURE,REG AIR,4,0.03,18,Brand#14,JUMBO JAR,37,26,2,25973.4306
F,F,A,DELIVER IN PERSON,Manufacturer#3,3-MEDIUM,0,FURNITURE,MAIL,2,0.05,9,Brand#31,LG PACK,18,9,4,15252.174
F,F,A,COLLECT COD,Manufacturer#1,5-LOW,3,MACHINERY,FOB,1,0.03,18,Brand#11,MED BOX,18,43,2,49866.0981
O,O,N,COLLECT COD,Manufacturer#3,4-NOT SPECIFIED,4,FURNITURE,FOB,2,0.07,12,Brand#33,MED PKG,49,14,0,16732.8434
O,O,N,NONE,Manufacturer#3,4-NOT SPECIFIED,1,BUILDING,MAIL,1,0.01,21,Brand#31,JUMBO BAG,9,43,1,39505.8114
O,O,N,COLLECT COD,Manufacturer#3,4-NOT SPECIFIED,4,AUTOMOBILE,SHIP,1,0.02,9,Brand#33,LG CASE,35,28,4,31422.16
F,F,R,NONE,Manufacturer#4,4-NOT SPECIFIED,4,AUTOMOBILE,AIR,1,0.08,18,Brand#42,WRAP BAG,13,50,2,75932.36
F,F,R,DELIVER IN PERSON,Manufacturer#3,1-URGENT,1,BUILDING,MAIL,3,0.03,8,Brand#33,MED JAR,21,38,3,59665.6506
F,F,A,NONE,Manufacturer#1,1-URGENT,1,BUILDING,RAIL,6,0.01,18,Brand#11,JUMBO CASE,27,26,2,23214.2508
O,O,N,TAKE BACK RETURN,Manufacturer#2,3-MEDIUM,0,BUILDING,MAIL,1,0.07,21,Brand#25,MED BAG,45,47,1,53902.6362
O,O,N,TAKE BACK RETURN,Manufacturer#2,3-MEDIUM,0,BUILDING,MAIL,4,0.03,12,Brand#25,SM PACK,21,42,0,69004.7232
O,O,N,NONE,Manufacturer#2,1-URGENT,0,FURNITURE,AIR,4,0.05,21,Brand#23,LG CAN,7,29,1,31781.477
O,O,N,DELIVER IN PERSON,Manufacturer#2,1-URGENT,0,FURNITURE,FOB,1,0.06,9,Brand#21,LG DRUM,8,42,4,39065.4264
O,O,N,NONE,Manufacturer#1,2-HIGH,0,BUILDING,RAIL,1,0.04,8,Brand#14,MED BOX,1,32,3,42531.216
F,F,A,TAKE BACK RETURN,Manufacturer#4,1-URGENT,3,AUTOMOBILE,REG AIR,6,0.01,8,Brand#41,WRAP CASE,50,23,3,29022.1728
F,F,R,COLLECT COD,Manufacturer#4,1-URGENT,3,AUTOMOBILE,TRUCK,4,0.08,9,Brand#45,JUMBO PACK,14,14,4,12595.632
O,O,N,COLLECT COD,Manufacturer#1,2-HIGH,4,HOUSEHOLD,FOB,1,0.08,18,Brand#13,MED CASE,27,7,2,10328.99
O,O,N,TAKE BACK RETURN,Manufacturer#3,2-HIGH,4,HOUSEHOLD,RAIL,6,0.06,21,Brand#32,JUMBO PACK,45,26,1,31908.1152
F,F,R,NONE,Manufacturer#5,2-HIGH,1,FURNITURE,AIR,6,0.04,9,Brand#52,SM CAN,46,20,4,25248.57
O,O,N,TAKE BACK RETURN,Manufacturer#5,3-MEDIUM,0,BUILDING,REG AIR,4,0.05,18,Brand#55,SM BOX,37,27,2,27515.97
O,O,N,TAKE BACK RETURN,Manufacturer#1,3-MEDIUM,0,BUILDING,AIR,5,0.07,8,Brand#11,WRAP PKG,20,33,3,49481.6322
O,O,N,NONE,Manufacturer#3,3-MEDIUM,0,BUILDING,REG AIR,3,0.04,12,Brand#31,JUMBO JAR,38,46,0,73493.786
O,O,N,TAKE BACK RETURN,Manufacturer#5,3-MEDIUM,0,BUILDING,FOB,2,0.06,9,Brand#54,WRAP CAN,13,25,4,22188.9925
O,O,N,DELIVER IN PERSON,Manufacturer#3,4-NOT SPECIFIED,1,FURNITURE,FOB,1,0.02,8,Brand#35,SM CAN,39,25,3,27527.1975
F,F,A,COLLECT COD,Manufacturer#4,3-MEDIUM,2,MACHINERY,AIR,1,0.01,9,Brand#44,SM CASE,16,41,4,36460.152
F,F,A,NONE,Manufacturer#5,3-MEDIUM,2,MACHINERY,RAIL,5,0.08,9,Brand#53,JUMBO JAR,28,3,4,3491.4528
O,O,N,TAKE BACK RETURN,Manufacturer#4,1-URGENT,0,MACHINERY,FOB,2,0.04,21,Brand#45,MED PKG,34,31,1,35018.2014
F,F,A,TAKE BACK RETURN,Manufacturer#2,1-URGENT,4,BUILDING,MAIL,4,0.06,12,Brand#23,SM CASE,31,2,0,2257.732
F,F,R,DELIVER IN PERSON,Manufacturer#3,1-URGENT,4,BUILDING,SHIP,6,0.03,18,Brand#32,MED PKG,5,6,2,7117.8426
F,F,R,COLLECT COD,Manufacturer#1,1-URGENT,4,BUILDING,FOB,5,0.02,12,Brand#13,MED PKG,6,19,0,18830.71
F,F,R,NONE,Manufacturer#2,3-MEDIUM,3,FURNITURE,TRUCK,5,0.04,8,Brand#25,JUMBO CAN,23,32,3,35044.416
F,F,A,TAKE BACK RETURN,Manufacturer#2,3-MEDIUM,3,FURNITURE,RAIL,1,0.02,12,Brand#23,WRAP CASE,5,3,0,3063.6606
F,F,R,DELIVER IN PERSON,Manufacturer#3,3-MEDIUM,3,FURNITURE,RAIL,3,0.02,9,Brand#35,SM JAR,3,36,4,54435.798
O,O,N,COLLECT COD,Manufacturer#2,1-URGENT,4,HOUSEHOLD,AIR,3,0.06,21,Brand#24,JUMBO PACK,48,14,1,18952.9956
O,O,N,DELIVER IN PERSON,Manufacturer#1,1-URGENT,4,HOUSEHOLD,SHIP,1,0.08,18,Brand#13,MED JAR,17,13,2,22532.9468
O,O,N,DELIVER IN PERSON,Manufacturer#4,1-URGENT,1,BUILDING,FOB,4,0.08,18,Brand#41,JUMBO CASE,45,38,2,54266.9184
F,F,A,TAKE BACK RETURN,Manufacturer#5,5-LOW,4,HOUSEHOLD,TRUCK,3,0,8,Brand#54,MED CASE,43,28,3,29238.3
O,O,N,NONE,Manufacturer#5,1-URGENT,4,FURNITURE,TRUCK,3,0.03,9,Brand#55,SM PACK,6,21,4,29404.3092
O,O,N,TAKE BACK RETURN,Manufacturer#3,1-URGENT,4,FURNITURE,AIR,2,0,18,Brand#33,SM PACK,41,44,2,72690.8336
O,O,N,NONE,Manufacturer#3,5-LOW,4,AUTOMOBILE,REG AIR,4,0.03,9,Brand#35,JUMBO BOX,28,43,4,69164.3304
F,F,R,NONE,Manufacturer#5,1-URGENT,4,BUILDING,SHIP,1,0.07,9,Brand#51,SM CAN,8,47,4,73351.02
F,F,R,NONE,Manufacturer#3,1-URGENT,4,BUILDING,SHIP,5,0.05,21,Brand#35,LG JAR,38,5,1,7322.976
F,F,R,COLLECT COD,Manufacturer#4,2-HIGH,3,FURNITURE,REG AIR,2,0.05,8,Brand#41,MED CAN,8,45,3,71896.05
F,F,R,COLLECT COD,Manufacturer#2,2-HIGH,3,FURNITURE,REG AIR,3,0.08,18,Brand#22,MED CASE,49,36,2,58943.8656
F,F,R,DELIVER IN PERSON,Manufacturer#5,3-MEDIUM,1,BUILDING,TRUCK,5,0.06,21,Brand#51,JUMBO CASE,48,24,1,36165.0576
F,F,R,NONE,Manufacturer#2,3-MEDIUM,0,BUILDING,FOB,3,0,8,Brand#25,SM BAG,44,22,3,31942.8648
O,O,N,COLLECT COD,Manufacturer#4,5-LOW,3,MACHINERY,MAIL,2,0.03,21,Brand#43,JUMBO PKG,17,42,1,49937.9496
O,O,N,DELIVER IN PERSON,Manufacturer#4,5-LOW,3,MACHINERY,AIR,1,0.03,12,Brand#42,JUMBO JAR,7,41,0,56613.3904
F,F,R,TAKE BACK RETURN,Manufacturer#3,1-URGENT,3,BUILDING,MAIL,1,0.01,9,Brand#35,JUMBO CASE,32,39,4,45286.956
F,F,N,NONE,Manufacturer#5,4-NOT SPECIFIED,1,AUTOMOBILE,MAIL,5,0.08,8,Brand#52,WRAP CAN,4,19,3,30220.2239
F,F,A,DELIVER IN PERSON,Manufacturer#3,4-NOT SPECIFIED,1,AUTOMOBILE,FOB,3,0.06,12,Brand#33,MED PKG,49,38,0,48911.3884
F,F,A,TAKE BACK RETURN,Manufacturer#4,4-NOT SPECIFIED,1,AUTOMOBILE,TRUCK,4,0,12,Brand#45,WRAP PKG,15,9,0,9175.6035
F,F,A,COLLECT COD,Manufacturer#3,2-HIGH,2,FURNITURE,SHIP,7,0.07,9,Brand#35,SM JAR,39,25,4,23401.68
F,F,A,TAKE BACK RETURN,Manufacturer#2,2-HIGH,2,FURNITURE,TRUCK,1,0.03,8,Brand#22,JUMBO CASE,1,16,3,26480.592
F,F,R,COLLECT COD,Manufacturer#5,2-HIGH,2,FURNITURE,SHIP,2,0.07,21,Brand#55,JUMBO BAG,19,26,1,37393.4288
F,F,A,TAKE BACK RETURN,Manufacturer#5,2-HIGH,2,FURNITURE,RAIL,3,0.08,9,Brand#51,WRAP BOX,25,24,4,35242.4448
O,O,N,TAKE BACK RETURN,Manufacturer#3,4-NOT SPECIFIED,0,AUTOMOBILE,TRUCK,1,0.05,9,Brand#35,WRAP BAG,17,2,4,2644.1514
O,O,N,DELIVER IN PERSON,Manufacturer#3,3-MEDIUM,4,HOUSEHOLD,REG AIR,4,0,9,Brand#34,MED CASE,4,33,4,30756.957
O,O,N,COLLECT COD,Manufacturer#5,3-MEDIUM,4,HOUSEHOLD,MAIL,1,0.02,12,Brand#52,WRAP PACK,36,13,0,18402.6336
O,O,N,DELIVER IN PERSON,Manufacturer#1,3-MEDIUM,4,HOUSEHOLD,RAIL,2,0.08,18,Brand#12,SM DRUM,8,16,2,18553.8304
O,O,N,DELIVER IN PERSON,Manufacturer#4,3-MEDIUM,3,AUTOMOBILE,SHIP,6,0.06,12,Brand#44,SM PKG,50,47,0,76632.7856
O,O,N,TAKE BACK RETURN,Manufacturer#1,3-MEDIUM,3,AUTOMOBILE,SHIP,3,0.05,21,Brand#12,MED CASE,30,4,1,4660.2048
O,O,N,TAKE BACK RETURN,Manufacturer#5,3-MEDIUM,3,AUTOMOBILE,TRUCK,2,0,9,Brand#54,WRAP CAN,13,40,4,36600.4
O,O,N,DELIVER IN PERSON,Manufacturer#4,1-URGENT,3,HOUSEHOLD,MAIL,2,0.08,8,Brand#41,LG PKG,12,33,3,49800.069
F,F,R,DELIVER IN PERSON,Manufacturer#3,3-MEDIUM,3,AUTOMOBILE,REG AIR,2,0.06,21,Brand#33,LG DRUM,7,30,1,27034.482
F,F,A,COLLECT COD,Manufacturer#5,2-HIGH,3,HOUSEHOLD,FOB,1,0.02,21,Brand#52,JUMBO BAG,9,11,1,16805.2302
F,F,A,DELIVER IN PERSON,Manufacturer#2,2-HIGH,3,HOUSEHOLD,REG AIR,4,0.07,18,Brand#25,MED DRUM,10,11,2,12144.9141
F,F,A,NONE,Manufacturer#3,4-NOT SPECIFIED,4,FURNITURE,TRUCK,4,0.05,8,Brand#35,WRAP DRUM,43,35,3,47864.3725
F,F,R,DELIVER IN PERSON,Manufacturer#4,2-HIGH,4,HOUSEHOLD,TRUCK,1,0.08,18,Brand#44,WRAP DRUM,11,3,2,4197.7914
O,P,N,COLLECT COD,Manufacturer#3,2-HIGH,3,AUTOMOBILE,SHIP,4,0,18,Brand#31,SM CASE,30,44,2,39997.6016
O,P,N,NONE,Manufacturer#2,2-HIGH,3,AUTOMOBILE,TRUCK,2,0.06,18,Brand#25,WRAP PACK,37,25,2,46074.7575
O,O,N,COLLECT COD,Manufacturer#3,2-HIGH,1,FURNITURE,TRUCK,7,0.01,9,Brand#35,JUMBO BOX,28,29,4,42405.192
O,O,N,NONE,Manufacturer#2,2-HIGH,1,FURNITURE,FOB,6,0.05,21,Brand#21,LG CAN,40,11,1,19809.9
O,O,N,NONE,Manufacturer#5,5-LOW,4,AUTOMOBILE,FOB,2,0.05,18,Brand#54,LG BOX,37,22,2,19662.9356
O,O,N,COLLECT COD,Manufacturer#4,5-LOW,4,AUTOMOBILE,SHIP,3,0.06,18,Brand#45,MED JAR,39,43,2,76986.4088
O,O,N,TAKE BACK RETURN,Manufacturer#4,2-HIGH,1,FURNITURE,MAIL,3,0.01,9,Brand#41,MED CAN,15,43,4,38600.6614
O,O,N,DELIVER IN PERSON,Manufacturer#4,5-LOW,0,AUTOMOBILE,RAIL,6,0.05,8,Brand#43,SM JAR,11,1,3,844.227
F,F,A,TAKE BACK RETURN,Manufacturer#3,1-URGENT,2,MACHINERY,FOB,5,0.05,18,Brand#31,WRAP BAG,5,10,2,16670.563
F,F,R,COLLECT COD,Manufacturer#5,1-URGENT,2,MACHINERY,REG AIR,1,0.07,21,Brand#54,MED BAG,31,28,1,48727.602
F,F,R,NONE,Manufacturer#1,1-URGENT,2,MACHINERY,TRUCK,3,0.06,18,Brand#15,MED PACK,22,1,2,1115.0412
F,F,R,DELIVER IN PERSON,Manufacturer#1,1-URGENT,2,MACHINERY,FOB,4,0.08,8,Brand#11,JUMBO CASE,27,10,3,8928.558
F,F,R,COLLECT COD,Manufacturer#5,3-MEDIUM,4,HOUSEHOLD,AIR,4,0.07,9,Brand#52,JUMBO PKG,21,38,4,35044.1776
F,F,R,TAKE BACK RETURN,Manufacturer#3,3-MEDIUM,4,HOUSEHOLD,TRUCK,3,0,18,Brand#31,LG CAN,13,39,2,68803.8273
F,F,A,COLLECT COD,Manufacturer#3,3-MEDIUM,4,HOUSEHOLD,SHIP,1,0.03,8,Brand#34,WRAP BAG,5,45,3,55757.2005
F,F,A,TAKE BACK RETURN,Manufacturer#2,3-MEDIUM,4,HOUSEHOLD,FOB,6,0.04,18,Brand#21,SM PKG,32,23,2,27726.201
F,F,R,COLLECT COD,Manufacturer#5,3-MEDIUM,4,HOUSEHOLD,RAIL,3,0.02,21,Brand#55,MED CAN,18,4,1,6878.0568
F,F,A,DELIVER IN PERSON,Manufacturer#3,2-HIGH,4,HOUSEHOLD,REG AIR,1,0.03,18,Brand#34,JUMBO DRUM,30,27,2,33239.2896
F,F,A,NONE,Manufacturer#3,2-HIGH,4,HOUSEHOLD,SHIP,2,0.02,21,Brand#35,MED CAN,48,13,1,14249.664
F,F,A,NONE,Manufacturer#4,5-LOW,2,BUILDING,RAIL,4,0.04,21,Brand#44,WRAP CAN,16,9,1,15560.9181
O,O,N,COLLECT COD,Manufacturer#4,3-MEDIUM,2,AUTOMOBILE,TRUCK,3,0.05,21,Brand#42,WRAP CAN,16,23,1,33710.5986
O,O,N,NONE,Manufacturer#1,3-MEDIUM,2,AUTOMOBILE,SHIP,2,0.03,8,Brand#11,WRAP CAN,41,10,3,9615.045
O,O,N,NONE,Manufacturer#3,4-NOT SPECIFIED,2,MACHINERY,AIR,5,0.05,21,Brand#34,LG PKG,39,6,1,10300.0992
O,O,N,DELIVER IN PERSON,Manufacturer#3,3-MEDIUM,1,BUILDING,AIR,5,0.05,12,Brand#33,SM PKG,7,40,0,42796.36
O,O,N,NONE,Manufacturer#3,3-MEDIUM,1,BUILDING,FOB,3,0.01,9,Brand#32,MED PACK,16,6,4,8336.592
O,O,N,DELIVER IN PERSON,Manufacturer#1,3-MEDIUM,1,BUILDING,MAIL,1,0,12,Brand#11,WRAP CASE,40,44,0,60932.8896
O,O,N,DELIVER IN PERSON,Manufacturer#1,2-HIGH,4,FURNITURE,RAIL,5,0.08,18,Brand#15,JUMBO DRUM,8,37,2,36307.7115
O,O,N,TAKE BACK RETURN,Manufacturer#3,2-HIGH,2,AUTOMOBILE,REG AIR,5,0.05,12,Brand#35,LG PACK,14,32,0,52991.5008
O,O,N,NONE,Manufacturer#2,2-HIGH,2,AUTOMOBILE,MAIL,6,0.07,9,Brand#23,WRAP BOX,33,41,4,37679.41
O,O,N,TAKE BACK RETURN,Manufacturer#5,2-HIGH,2,AUTOMOBILE,SHIP,3,0.01,21,Brand#54,LG CAN,35,37,1,36663.337
O,O,N,COLLECT COD,Manufacturer#4,1-URGENT,1,BUILDING,TRUCK,1,0.01,12,Brand#41,LG BAG,30,31,0,32468.0794
O,O,N,COLLECT COD,Manufacturer#3,1-URGENT,1,BUILDING,SHIP,4,0.08,9,Brand#33,JUMBO PACK,35,30,4,29315.616
O,O,N,DELIVER IN PERSON,Manufacturer#1,1-URGENT,1,BUILDING,SHIP,3,0,8,Brand#15,WRAP JAR,47,15,3,19676.409
O,O,N,TAKE BACK RETURN,Manufacturer#1,1-URGENT,1,BUILDING,TRUCK,2,0.06,21,Brand#15,JUMBO JAR,3,20,1,25428.844
F,F,R,NONE,Manufacturer#3,4-NOT SPECIFIED,0,AUTOMOBILE,AIR,2,0.06,8,Brand#34,LG CASE,20,40,3,49265.58
F,F,R,TAKE BACK RETURN,Manufacturer#4,1-URGENT,3,HOUSEHOLD,FOB,6,0.05,12,Brand#42,JUMBO CAN,44,1,0,1152.162
F,F,R,DELIVER IN PERSON,Manufacturer#2,5-LOW,0,FURNITURE,FOB,5,0,18,Brand#23,LG BAG,17,23,2,24641.2386
F,F,R,NONE,Manufacturer#5,2-HIGH,1,HOUSEHOLD,AIR,5,0.05,8,Brand#53,JUMBO DRUM,47,25,3,36899.285
F,F,A,DELIVER IN PERSON,Manufacturer#1,2-HIGH,1,HOUSEHOLD,MAIL,3,0.07,18,Brand#14,LG PACK,45,1,2,1319.4912
F,F,A,COLLECT COD,Manufacturer#3,2-HIGH,1,HOUSEHOLD,REG AIR,1,0,8,Brand#35,JUMBO DRUM,21,14,3,18906.216
O,O,N,TAKE BACK RETURN,Manufacturer#4,2-HIGH,4,HOUSEHOLD,SHIP,2,0.05,12,Brand#43,SM JAR,10,34,0,54981.8046
O,O,N,DELIVER IN PERSON,Manufacturer#3,2-HIGH,4,HOUSEHOLD,MAIL,1,0.02,8,Brand#33,SM CASE,46,25,3,23545.97
O,O,N,DELIVER IN PERSON,Manufacturer#3,3-MEDIUM,2,BUILDING,SHIP,1,0.04,21,Brand#31,JUMBO CAN,11,7,1,6817.734
F,F,A,NONE,Manufacturer#1,1-URGENT,2,FURNITURE,MAIL,3,0.06,18,Brand#12,SM DRUM,47,33,2,41291.5536
O,O,N,NONE,Manufacturer#2,2-HIGH,3,AUTOMOBILE,FOB,1,0.08,8,Brand#23,LG PKG,2,13,3,17732.637
F,F,A,NONE,Manufacturer#1,4-NOT SPECIFIED,3,HOUSEHOLD,REG AIR,5,0.08,9,Brand#12,JUMBO JAR,19,23,4,26281.6032
F,F,R,DELIVER IN PERSON,Manufacturer#5,4-NOT SPECIFIED,3,HOUSEHOLD,MAIL,2,0.08,12,Brand#51,JUMBO JAR,23,21,0,28580.7249
O,O,N,DELIVER IN PERSON,Manufacturer#4,2-HIGH,0,BUILDING,RAIL,1,0.03,8,Brand#42,MED JAR,7,14,3,15661.0944
O,O,N,DELIVER IN PERSON,Manufacturer#1,2-HIGH,0,BUILDING,FOB,3,0.06,8,Brand#11,MED BAG,49,8,3,13081.752
F,P,N,TAKE BACK RETURN,Manufacturer#4,1-URGENT,4,BUILDING,MAIL,4,0.08,12,Brand#41,WRAP PKG,26,43,0,51053.7753
F,F,R,TAKE BACK RETURN,Manufacturer#5,3-MEDIUM,0,HOUSEHOLD,AIR,2,0.04,12,Brand#55,SM BAG,17,8,0,13488.0504
F,F,A,DELIVER IN PERSON,Manufacturer#3,4-NOT SPECIFIED,3,HOUSEHOLD,AIR,4,0.04,18,Brand#33,MED PKG,24,19,2,26516.4627
F,F,R,TAKE BACK RETURN,Manufacturer#5,4-NOT SPECIFIED,3,HOUSEHOLD,SHIP,5,0,21,Brand#55,MED JAR,12,32,1,45137.7472
F,F,A,DELIVER IN PERSON,Manufacturer#2,3-MEDIUM,0,FURNITURE,SHIP,2,0.04,9,Brand#24,MED PKG,13,27,4,31058.4456
O,O,N,TAKE BACK RETURN,Manufacturer#1,2-HIGH,0,HOUSEHOLD,TRUCK,2,0.07,12,Brand#11,WRAP JAR,20,22,0,37858.04
F,F,A,TAKE BACK RETURN,Manufacturer#4,5-LOW,2,BUILDING,AIR,1,0.02,9,Brand#41,MED CAN,15,7,4,5834.9837
F,F,A,NONE,Manufacturer#5,5-LOW,2,BUILDING,REG AIR,3,0.08,21,Brand#52,JUMBO CAN,43,46,1,79004.1582
O,O,N,TAKE BACK RETURN,Manufacturer#3,4-NOT SPECIFIED,0,MACHINERY,SHIP,4,0.02,9,Brand#31,SM DRUM,44,34,4,58389.0432
F,F,A,DELIVER IN PERSON,Manufacturer#3,4-NOT SPECIFIED,0,HOUSEHOLD,TRUCK,5,0.06,21,Brand#32,MED JAR,15,32,1,57121.6192
F,F,A,COLLECT COD,Manufacturer#2,4-NOT SPECIFIED,0,HOUSEHOLD,TRUCK,1,0.03,21,Brand#22,JUMBO JAR,7,32,1,48847.904
F,F,A,TAKE BACK RETURN,Manufacturer#3,3-MEDIUM,3,MACHINERY,SHIP,5,0.03,18,Brand#35,SM BAG,16,20,2,22306.794
F,F,A,TAKE BACK RETURN,Manufacturer#1,3-MEDIUM,3,MACHINERY,AIR,6,0.01,8,Brand#14,SM JAR,20,14,3,23419.305
F,F,R,COLLECT COD,Manufacturer#3,5-LOW,3,FURNITURE,RAIL,5,0,18,Brand#32,SM DRUM,32,27,2,32953.1382
F,F,R,NONE,Manufacturer#1,5-LOW,3,FURNITURE,AIR,1,0.07,12,Brand#11,MED PACK,4,16,0,25933.4592
F,F,A,TAKE BACK RETURN,Manufacturer#4,5-LOW,3,FURNITURE,RAIL,2,0.05,18,Brand#42,WRAP BAG,13,41,2,59087.7732
O,O,N,COLLECT COD,Manufacturer#5,2-HIGH,1,HOUSEHOLD,RAIL,1,0.02,9,Brand#51,WRAP BOX,25,32,4,48947.84
O,P,N,DELIVER IN PERSON,Manufacturer#3,5-LOW,2,HOUSEHOLD,AIR,4,0.05,21,Brand#33,WRAP PACK,33,47,1,60165.5037
O,P,N,TAKE BACK RETURN,Manufacturer#3,5-LOW,2,HOUSEHOLD,TRUCK,5,0.01,18,Brand#32,MED DRUM,8,49,2,75638.36
O,P,N,NONE,Manufacturer#2,5-LOW,2,HOUSEHOLD,RAIL,3,0.02,21,Brand#23,LG CAN,7,15,1,18064.5
F,F,A,NONE,Manufacturer#3,4-NOT SPECIFIED,1,FURNITURE,MAIL,6,0.01,21,Brand#35,WRAP BOX,44,5,1,7353.974
F,F,R,COLLECT COD,Manufacturer#3,4-NOT SPECIFIED,1,FURNITURE,MAIL,2,0.05,9,Brand#31,JUMBO BOX,34,27,4,41517.8946
F,F,A,DELIVER IN PERSON,Manufacturer#3,4-NOT SPECIFIED,1,FURNITURE,RAIL,3,0.01,9,Brand#34,SM DRUM,7,42,4,63588.9072
F,F,R,DELIVER IN PERSON,Manufacturer#2,4-NOT SPECIFIED,1,FURNITURE,FOB,4,0.01,8,Brand#25,SM CASE,22,6,3,5409.9864
F,F,A,TAKE BACK RETURN,Manufacturer#2,2-HIGH,1,BUILDING,RAIL,3,0.06,21,Brand#24,JUMBO PACK,48,36,1,46767.132
O,P,N,NONE,Manufacturer#3,3-MEDIUM,2,MACHINERY,MAIL,2,0.05,9,Brand#35,MED BAG,44,24,4,42019.032
F,P,N,NONE,Manufacturer#1,3-MEDIUM,2,MACHINERY,REG AIR,4,0.07,21,Brand#14,MED BOX,1,35,1,51119.25
F,F,R,DELIVER IN PERSON,Manufacturer#4,1-URGENT,2,HOUSEHOLD,RAIL,2,0,8,Brand#43,MED PACK,47,44,3,72633
O,O,N,TAKE BACK RETURN,Manufacturer#1,4-NOT SPECIFIED,2,BUILDING,FOB,2,0.03,9,Brand#13,LG CAN,35,6,4,9579.7998
O,O,N,NONE,Manufacturer#3,2-HIGH,4,AUTOMOBILE,AIR,1,0,21,Brand#34,SM DRUM,49,5,1,8239.1955
O,O,N,TAKE BACK RETURN,Manufacturer#2,2-HIGH,4,AUTOMOBILE,TRUCK,2,0.01,18,Brand#25,WRAP CASE,50,9,2,15875.0298
O,O,N,TAKE BACK RETURN,Manufacturer#1,4-NOT SPECIFIED,1,AUTOMOBILE,FOB,5,0.08,8,Brand#14,MED JAR,32,6,3,6826.1484
O,O,N,TAKE BACK RETURN,Manufacturer#5,4-NOT SPECIFIED,1,AUTOMOBILE,SHIP,3,0.04,21,Brand#53,WRAP CASE,1,2,1,2135.304
O,O,N,COLLECT COD,Manufacturer#3,4-NOT SPECIFIED,1,AUTOMOBILE,RAIL,2,0,9,Brand#35,SM BAG,32,5,4,6283.332
O,O,N,COLLECT COD,Manufacturer#3,5-LOW,2,AUTOMOBILE,REG AIR,3,0,21,Brand#34,LG PKG,39,28,1,49112.0672
O,O,N,DELIVER IN PERSON,Manufacturer#4,5-LOW,2,AUTOMOBILE,FOB,1,0.05,18,Brand#43,MED PACK,37,2,2,3292.377
F,F,A,TAKE BACK RETURN,Manufacturer#4,1-URGENT,3,BUILDING,MAIL,2,0.07,18,Brand#45,WRAP CAN,11,33,2,50533.8834
O,O,N,DELIVER IN PERSON,Manufacturer#1,2-HIGH,2,HOUSEHOLD,RAIL,1,0.04,8,Brand#13,LG PKG,19,11,3,10341.6313
O,O,N,TAKE BACK RETURN,Manufacturer#4,3-MEDIUM,1,AUTOMOBILE,FOB,2,0.05,12,Brand#43,LG BOX,16,45,0,41265.45
O,O,N,TAKE BACK RETURN,Manufacturer#1,3-MEDIUM,1,AUTOMOBILE,REG AIR,3,0.03,12,Brand#14,LG PACK,44,26,0,40275.7264
F,F,A,NONE,Manufacturer#1,1-URGENT,0,AUTOMOBILE,RAIL,3,0.05,18,Brand#11,LG DRUM,1,29,2,37659.0868
F,F,R,NONE,Manufacturer#5,1-URGENT,0,AUTOMOBILE,REG AIR,4,0.04,18,Brand#52,WRAP PACK,27,14,2,17995.32
F,F,R,TAKE BACK RETURN,Manufacturer#4,2-HIGH,4,AUTOMOBILE,MAIL,1,0.02,18,Brand#44,LG PKG,41,25,2,29557
F,F,R,DELIVER IN PERSON,Manufacturer#2,2-HIGH,4,AUTOMOBILE,TRUCK,7,0.06,12,Brand#21,SM CASE,25,37,0,52410.87
F,F,R,TAKE BACK RETURN,Manufacturer#3,1-URGENT,1,BUILDING,FOB,6,0,18,Brand#32,SM DRUM,32,2,2,2596.78
F,F,R,DELIVER IN PERSON,Manufacturer#5,1-URGENT,1,BUILDING,REG AIR,4,0.07,8,Brand#53,SM PKG,50,7,3,7133.049
F,F,A,TAKE BACK RETURN,Manufacturer#3,1-URGENT,1,BUILDING,RAIL,5,0.03,18,Brand#31,WRAP PKG,40,35,2,31948.308
F,F,R,TAKE BACK RETURN,Manufacturer#4,1-URGENT,1,BUILDING,RAIL,3,0.06,21,Brand#43,SM CASE,23,49,1,60878.286
O,O,N,TAKE BACK RETURN,Manufacturer#2,1-URGENT,0,FURNITURE,SHIP,5,0.03,9,Brand#21,MED BOX,32,34,4,38178.1818
F,F,R,NONE,Manufacturer#2,5-LOW,4,AUTOMOBILE,MAIL,2,0.04,18,Brand#24,WRAP CAN,19,48,2,46706.976
O,O,N,COLLECT COD,Manufacturer#3,4-NOT SPECIFIED,1,BUILDING,SHIP,2,0.06,18,Brand#32,MED DRUM,8,21,2,30147.2892
F,F,A,NONE,Manufacturer#3,5-LOW,0,BUILDING,SHIP,3,0.07,8,Brand#33,JUMBO PACK,35,1,3,987.8088
O,O,N,COLLECT COD,Manufacturer#1,2-HIGH,0,AUTOMOBILE,FOB,5,0.05,12,Brand#12,JUMBO PACK,30,5,0,7032.755
O,O,N,COLLECT COD,Manufacturer#5,2-HIGH,0,AUTOMOBILE,TRUCK,2,0.03,8,Brand#54,JUMBO DRUM,21,35,3,35105.07
O,O,N,TAKE BACK RETURN,Manufacturer#5,4-NOT SPECIFIED,2,BUILDING,FOB,3,0.04,8,Brand#53,LG JAR,26,14,3,23994.0848
O,O,N,DELIVER IN PERSON,Manufacturer#4,2-HIGH,4,HOUSEHOLD,SHIP,1,0.06,21,Brand#42,SM PKG,35,12,1,11913.1776
O,O,N,DELIVER IN PERSON,Manufacturer#2,2-HIGH,4,HOUSEHOLD,FOB,4,0.03,8,Brand#24,MED PKG,48,17,3,23183.8095
O,O,N,NONE,Manufacturer#4,3-MEDIUM,2,BUILDING,AIR,2,0.03,18,Brand#44,WRAP PACK,1,30,2,34928.73
O,O,N,COLLECT COD,Manufacturer#3,3-MEDIUM,2,BUILDING,REG AIR,3,0.01,21,Brand#33,SM CAN,23,50,1,85465.7
O,O,N,COLLECT COD,Manufacturer#2,3-MEDIUM,2,BUILDING,REG AIR,1,0.08,8,Brand#22,LG BOX,9,35,3,51556.8095
O,O,N,NONE,Manufacturer#1,2-HIGH,3,AUTOMOBILE,RAIL,2,0.05,12,Brand#12,SM DRUM,40,5,0,6028.2135
O,O,N,DELIVER IN PERSON,Manufacturer#1,5-LOW,1,MACHINERY,FOB,7,0.06,8,Brand#13,SM BAG,29,6,3,9490.8792
O,O,N,TAKE BACK RETURN,Manufacturer#5,5-LOW,1,MACHINERY,FOB,1,0.08,8,Brand#51,MED DRUM,9,36,3,42207.7392
F,F,A,DELIVER IN PERSON,Manufacturer#3,5-LOW,4,BUILDING,SHIP,6,0.03,21,Brand#32,WRAP CAN,48,47,1,57637.181
F,F,R,TAKE BACK RETURN,Manufacturer#3,5-LOW,4,BUILDING,SHIP,4,0.03,8,Brand#31,MED CAN,44,45,3,71252.811
F,F,A,COLLECT COD,Manufacturer#1,5-LOW,4,BUILDING,TRUCK,3,0.02,9,Brand#11,MED CASE,13,1,4,1048.0916
F,F,A,TAKE BACK RETURN,Manufacturer#1,3-MEDIUM,4,BUILDING,AIR,1,0.05,18,Brand#13,LG DRUM,22,45,2,70382.493
F,F,A,COLLECT COD,Manufacturer#5,1-URGENT,3,AUTOMOBILE,AIR,2,0.07,12,Brand#52,LG DRUM,30,35,0,39762.275
O,O,N,COLLECT COD,Manufacturer#5,5-LOW,3,BUILDING,RAIL,1,0.01,18,Brand#55,JUMBO CASE,34,33,2,59240.3328
O,O,N,NONE,Manufacturer#5,5-LOW,3,BUILDING,FOB,4,0.08,21,Brand#53,LG JAR,22,39,1,49922.652
O,O,N,TAKE BACK RETURN,Manufacturer#5,5-LOW,3,BUILDING,REG AIR,2,0.07,21,Brand#51,MED CAN,10,33,1,55242.5874
O,P,N,NONE,Manufacturer#5,4-NOT SPECIFIED,3,HOUSEHOLD,AIR,4,0.05,8,Brand#51,MED DRUM,9,7,3,7792.5624
O,P,N,NONE,Manufacturer#5,4-NOT SPECIFIED,3,HOUSEHOLD,REG AIR,2,0.02,8,Brand#54,MED CASE,43,11,3,11486.475
O,P,N,COLLECT COD,Manufacturer#5,4-NOT SPECIFIED,3,HOUSEHOLD,SHIP,3,0.03,18,Brand#51,WRAP DRUM,21,11,2,18444.47
O,O,N,DELIVER IN PERSON,Manufacturer#4,4-NOT SPECIFIED,1,FURNITURE,MAIL,1,0,8,Brand#43,WRAP BAG,26,5,3,6884.6235
O,O,N,TAKE BACK RETURN,Manufacturer#4,4-NOT SPECIFIED,1,FURNITURE,RAIL,5,0,18,Brand#43,JUMBO CAN,37,40,2,47208.92
O,O,N,NONE,Manufacturer#4,4-NOT SPECIFIED,1,FURNITURE,TRUCK,3,0.05,8,Brand#42,MED JAR,7,41,3,47297.9034
F,F,A,TAKE BACK RETURN,Manufacturer#2,4-NOT SPECIFIED,4,AUTOMOBILE,AIR,4,0.01,9,Brand#24,SM CAN,14,6,4,7098.2208
F,F,A,DELIVER IN PERSON,Manufacturer#2,4-NOT SPECIFIED,4,AUTOMOBILE,RAIL,3,0.05,8,Brand#25,SM DRUM,50,13,3,14693.0979
F,F,R,COLLECT COD,Manufacturer#5,4-NOT SPECIFIED,4,AUTOMOBILE,MAIL,1,0,9,Brand#51,MED CASE,40,48,4,81332.8704
F,F,R,DELIVER IN PERSON,Manufacturer#5,5-LOW,1,BUILDING,SHIP,2,0.01,9,Brand#52,MED BAG,4,31,4,31067.9024
F,F,R,NONE,Manufacturer#1,2-HIGH,4,BUILDING,RAIL,4,0.06,18,Brand#13,JUMBO PKG,7,3,2,2486.76
F,P,R,TAKE BACK RETURN,Manufacturer#1,5-LOW,0,MACHINERY,SHIP,3,0.07,18,Brand#11,JUMBO BOX,48,24,2,29862.096
O,P,N,TAKE BACK RETURN,Manufacturer#5,5-LOW,0,MACHINERY,AIR,2,0,18,Brand#54,JUMBO PACK,13,36,2,32727.24
F,P,A,COLLECT COD,Manufacturer#2,5-LOW,0,MACHINERY,TRUCK,6,0.01,18,Brand#25,WRAP CASE,21,10,2,13005.957
O,P,N,DELIVER IN PERSON,Manufacturer#1,5-LOW,0,MACHINERY,AIR,1,0.02,8,Brand#13,JUMBO PACK,39,5,3,6083.132
F,P,A,NONE,Manufacturer#5,5-LOW,0,MACHINERY,REG AIR,5,0.01,21,Brand#51,JUMBO JAR,20,13,1,13888.8932
O,O,N,NONE,Manufacturer#4,3-MEDIUM,1,BUILDING,FOB,2,0.01,18,Brand#44,SM JAR,27,46,2,64056.288
F,F,A,TAKE BACK RETURN,Manufacturer#2,4-NOT SPECIFIED,3,HOUSEHOLD,FOB,1,0.08,8,Brand#21,JUMBO DRUM,13,31,3,51443.756
F,F,R,COLLECT COD,Manufacturer#5,4-NOT SPECIFIED,2,HOUSEHOLD,AIR,1,0.08,8,Brand#55,SM BAG,17,36,3,58738.284
O,O,N,DELIVER IN PERSON,Manufacturer#3,3-MEDIUM,2,AUTOMOBILE,MAIL,1,0.07,21,Brand#35,MED BOX,24,34,1,41048.064
F,F,A,COLLECT COD,Manufacturer#4,4-NOT SPECIFIED,0,MACHINERY,AIR,4,0.05,21,Brand#41,MED CAN,8,12,1,17255.052
F,P,N,NONE,Manufacturer#2,1-URGENT,2,AUTOMOBILE,RAIL,4,0.04,12,Brand#25,JUMBO JAR,13,34,0,55967.366
O,P,N,NONE,Manufacturer#4,1-URGENT,2,AUTOMOBILE,FOB,2,0.04,21,Brand#41,MED PACK,19,22,1,30784.116
O,P,N,TAKE BACK RETURN,Manufacturer#2,1-URGENT,2,AUTOMOBILE,RAIL,5,0.05,8,Brand#25,WRAP PKG,4,34,3,56206.7192
F,F,R,DELIVER IN PERSON,Manufacturer#1,5-LOW,2,AUTOMOBILE,SHIP,1,0.02,9,Brand#13,WRAP CASE,24,44,4,40404.364
F,F,A,DELIVER IN PERSON,Manufacturer#5,5-LOW,2,AUTOMOBILE,TRUCK,3,0,8,Brand#54,MED CASE,43,15,3,15663.375
F,F,A,TAKE BACK RETURN,Manufacturer#3,5-LOW,2,AUTOMOBILE,RAIL,5,0,18,Brand#33,SM CAN,48,45,2,68292.45
O,O,N,TAKE BACK RETURN,Manufacturer#5,1-URGENT,4,FURNITURE,REG AIR,1,0.03,21,Brand#52,LG BOX,45,43,1,38077.2568
F,F,R,NONE,Manufacturer#5,2-HIGH,3,AUTOMOBILE,RAIL,1,0.06,8,Brand#53,MED BOX,12,43,3,38974.77
F,F,A,TAKE BACK RETURN,Manufacturer#4,2-HIGH,3,AUTOMOBILE,SHIP,2,0.04,21,Brand#43,SM DRUM,33,6,1,9554.4
F,F,A,DELIVER IN PERSON,Manufacturer#4,2-HIGH,3,AUTOMOBILE,REG AIR,4,0.05,9,Brand#45,JUMBO PACK,14,39,4,36195.8688
F,F,R,COLLECT COD,Manufacturer#5,2-HIGH,3,AUTOMOBILE,FOB,5,0.04,18,Brand#55,LG JAR,38,46,2,56820.258
O,O,N,NONE,Manufacturer#1,4-NOT SPECIFIED,3,BUILDING,REG AIR,4,0.04,8,Brand#15,SM PACK,24,29,3,39631.5015
O,O,N,NONE,Manufacturer#1,4-NOT SPECIFIED,3,BUILDING,REG AIR,3,0.08,8,Brand#13,LG PKG,19,4,3,3719.268
F,F,A,NONE,Manufacturer#1,2-HIGH,0,BUILDING,RAIL,2,0.04,18,Brand#15,LG CASE,25,25,2,25511.5375
F,F,R,DELIVER IN PERSON,Manufacturer#5,2-HIGH,0,BUILDING,FOB,3,0.03,18,Brand#52,SM BAG,9,9,2,16108.92
F,F,A,COLLECT COD,Manufacturer#1,4-NOT SPECIFIED,2,HOUSEHOLD,AIR,3,0.08,18,Brand#12,LG JAR,18,36,2,58710.1824
F,F,A,NONE,Manufacturer#2,4-NOT SPECIFIED,2,HOUSEHOLD,RAIL,6,0.01,18,Brand#23,MED PKG,34,21,2,33985.3248
O,O,N,TAKE BACK RETURN,Manufacturer#3,1-URGENT,0,AUTOMOBILE,MAIL,2,0.06,9,Brand#35,LG CAN,42,27,4,28525.6242
F,F,A,TAKE BACK RETURN,Manufacturer#2,4-NOT SPECIFIED,0,FURNITURE,TRUCK,2,0.04,12,Brand#22,JUMBO PKG,35,1,0,892.881
F,F,A,NONE,Manufacturer#5,4-NOT SPECIFIED,0,FURNITURE,AIR,4,0.01,9,Brand#55,WRAP PACK,50,13,4,20910.1464
O,O,N,COLLECT COD,Manufacturer#1,2-HIGH,2,HOUSEHOLD,SHIP,5,0.07,12,Brand#11,LG PACK,42,3,0,2910.21
O,O,N,COLLECT COD,Manufacturer#1,2-HIGH,2,HOUSEHOLD,AIR,1,0.08,18,Brand#15,WRAP CASE,47,15,2,20572.503
F,F,A,COLLECT COD,Manufacturer#1,2-HIGH,1,MACHINERY,SHIP,5,0.06,12,Brand#14,LG PACK,44,18,0,25891.5384
O,O,N,DELIVER IN PERSON,Manufacturer#3,2-HIGH,3,BUILDING,MAIL,3,0.02,8,Brand#33,LG BOX,40,45,3,62596.989
O,O,N,NONE,Manufacturer#3,2-HIGH,3,BUILDING,SHIP,4,0,8,Brand#34,LG CAN,35,19,3,20977.5789
O,O,N,DELIVER IN PERSON,Manufacturer#2,2-HIGH,3,BUILDING,FOB,1,0.01,8,Brand#21,SM BAG,13,26,3,44216.4294
O,O,N,DELIVER IN PERSON,Manufacturer#5,2-HIGH,3,BUILDING,TRUCK,2,0.06,9,Brand#51,MED CASE,40,34,4,56422.932
O,O,N,DELIVER IN PERSON,Manufacturer#3,5-LOW,3,HOUSEHOLD,TRUCK,3,0.03,21,Brand#34,JUMBO PKG,38,38,1,59464.8054
O,O,N,COLLECT COD,Manufacturer#5,5-LOW,3,HOUSEHOLD,TRUCK,4,0.02,12,Brand#52,WRAP CASE,36,31,0,54484.1337
O,O,N,TAKE BACK RETURN,Manufacturer#1,5-LOW,3,HOUSEHOLD,AIR,1,0.07,12,Brand#14,SM PACK,9,8,0,8956.98
F,F,R,DELIVER IN PERSON,Manufacturer#2,1-URGENT,2,HOUSEHOLD,RAIL,5,0.03,8,Brand#24,WRAP JAR,14,18,3,27988.5888
O,O,N,NONE,Manufacturer#3,4-NOT SPECIFIED,1,AUTOMOBILE,TRUCK,6,0.04,9,Brand#34,LG JAR,10,35,4,56151.935
O,O,N,DELIVER IN PERSON,Manufacturer#2,4-NOT SPECIFIED,1,AUTOMOBILE,MAIL,4,0.06,21,Brand#23,LG CAN,19,24,1,32331.4128
O,O,N,COLLECT COD,Manufacturer#2,4-NOT SPECIFIED,1,AUTOMOBILE,AIR,1,0.07,18,Brand#24,WRAP CASE,26,19,2,29274.9796
O,O,N,NONE,Manufacturer#4,4-NOT SPECIFIED,0,AUTOMOBILE,FOB,1,0.03,21,Brand#45,WRAP BAG,8,17,1,29357.8848
O,O,N,NONE,Manufacturer#2,4-NOT SPECIFIED,0,AUTOMOBILE,AIR,3,0,12,Brand#21,LG CAN,33,40,0,43434.304
F,F,A,COLLECT COD,Manufacturer#3,2-HIGH,0,AUTOMOBILE,FOB,6,0,9,Brand#35,JUMBO CASE,32,31,4,36376.2432
F,F,R,COLLECT COD,Manufacturer#5,2-HIGH,0,AUTOMOBILE,TRUCK,1,0.06,18,Brand#52,JUMBO BOX,46,33,2,39406.8774
O,O,N,COLLECT COD,Manufacturer#5,3-MEDIUM,1,FURNITURE,RAIL,1,0.05,12,Brand#52,LG PKG,39,5,0,5451.0555
O,O,N,NONE,Manufacturer#5,3-MEDIUM,1,FURNITURE,MAIL,2,0.05,12,Brand#52,LG JAR,14,48,0,48808.7424
O,O,N,TAKE BACK RETURN,Manufacturer#4,5-LOW,3,FURNITURE,MAIL,7,0,12,Brand#43,MED PACK,12,7,0,10150.5712
O,O,N,COLLECT COD,Manufacturer#2,5-LOW,3,FURNITURE,REG AIR,2,0.08,21,Brand#21,WRAP BAG,37,21,1,25104.2148
O,O,N,TAKE BACK RETURN,Manufacturer#1,5-LOW,3,FURNITURE,RAIL,1,0.05,9,Brand#14,SM CAN,38,6,4,8455.5744
F,F,A,DELIVER IN PERSON,Manufacturer#5,1-URGENT,2,AUTOMOBILE,AIR,5,0.05,8,Brand#54,WRAP DRUM,18,24,3,21450.8592
O,O,N,COLLECT COD,Manufacturer#5,2-HIGH,1,FURNITURE,FOB,3,0.03,9,Brand#55,WRAP CAN,44,19,4,30850.68
O,O,N,COLLECT COD,Manufacturer#5,2-HIGH,1,FURNITURE,FOB,2,0.08,21,Brand#53,JUMBO JAR,28,20,1,22064.042
O,O,N,NONE,Manufacturer#4,2-HIGH,1,FURNITURE,AIR,1,0.03,18,Brand#44,MED PACK,34,38,2,42914.6236
O,O,N,NONE,Manufacturer#3,3-MEDIUM,2,MACHINERY,MAIL,1,0,21,Brand#33,LG DRUM,7,16,1,14121.104
O,O,N,COLLECT COD,Manufacturer#5,5-LOW,3,BUILDING,AIR,4,0.02,18,Brand#52,SM PACK,24,32,2,35130.4576
O,O,N,TAKE BACK RETURN,Manufacturer#4,5-LOW,3,BUILDING,TRUCK,5,0.03,8,Brand#44,MED CASE,40,12,3,15712.8
F,F,R,TAKE BACK RETURN,Manufacturer#3,5-LOW,4,HOUSEHOLD,SHIP,4,0.03,21,Brand#34,SM BAG,20,30,1,43514.235
F,F,A,NONE,Manufacturer#4,5-LOW,4,HOUSEHOLD,SHIP,3,0.06,21,Brand#45,LG JAR,47,7,1,8398.8352
O,O,N,NONE,Manufacturer#3,3-MEDIUM,4,HOUSEHOLD,SHIP,4,0,18,Brand#31,WRAP PKG,40,34,2,31355.4528
O,O,N,TAKE BACK RETURN,Manufacturer#4,3-MEDIUM,4,HOUSEHOLD,MAIL,7,0,18,Brand#42,LG CAN,26,34,2,38279.1618
F,F,A,TAKE BACK RETURN,Manufacturer#1,1-URGENT,2,BUILDING,RAIL,1,0.02,21,Brand#13,MED PACK,20,40,1,62039.736
O,O,N,DELIVER IN PERSON,Manufacturer#3,1-URGENT,2,FURNITURE,TRUCK,3,0.03,18,Brand#35,JUMBO DRUM,21,26,2,34741.9488
O,O,N,COLLECT COD,Manufacturer#3,1-URGENT,2,FURNITURE,SHIP,4,0.05,9,Brand#31,SM PKG,27,23,4,32898.257
O,O,N,COLLECT COD,Manufacturer#4,1-URGENT,2,FURNITURE,REG AIR,5,0.06,18,Brand#45,MED DRUM,34,48,2,69659.472
O,O,N,TAKE BACK RETURN,Manufacturer#3,1-URGENT,2,FURNITURE,SHIP,2,0,18,Brand#33,LG PACK,13,47,2,49015.2096
O,O,N,DELIVER IN PERSON,Manufacturer#5,1-URGENT,0,HOUSEHOLD,RAIL,1,0.05,8,Brand#51,JUMBO PACK,30,46,3,65532.083
F,F,R,TAKE BACK RETURN,Manufacturer#1,2-HIGH,3,MACHINERY,REG AIR,1,0.01,21,Brand#12,WRAP BAG,17,40,1,40184.704
F,F,A,TAKE BACK RETURN,Manufacturer#3,2-HIGH,3,MACHINERY,MAIL,4,0.02,8,Brand#32,LG PKG,36,5,3,8628.214
O,P,N,TAKE BACK RETURN,Manufacturer#2,3-MEDIUM,0,AUTOMOBILE,FOB,1,0.01,21,Brand#23,LG CAN,19,11,1,14977.9036
O,P,N,COLLECT COD,Manufacturer#4,3-MEDIUM,0,AUTOMOBILE,REG AIR,5,0.06,8,Brand#45,MED JAR,39,7,3,11893.2492
F,P,R,NONE,Manufacturer#2,2-HIGH,1,BUILDING,FOB,1,0,8,Brand#25,JUMBO CAN,19,17,3,27802.4834
F,P,N,NONE,Manufacturer#4,2-HIGH,1,BUILDING,MAIL,2,0.01,9,Brand#45,MED BOX,34,33,4,38692.4868
F,F,A,COLLECT COD,Manufacturer#4,3-MEDIUM,0,AUTOMOBILE,TRUCK,4,0.07,21,Brand#44,JUMBO PKG,46,2,1,1711.2368
F,F,A,NONE,Manufacturer#4,1-URGENT,3,FURNITURE,REG AIR,6,0,12,Brand#42,WRAP PKG,38,6,0,8317.4922
F,F,R,DELIVER IN PERSON,Manufacturer#1,1-URGENT,3,FURNITURE,MAIL,2,0.06,9,Brand#11,MED BOX,25,48,4,77231.4
F,F,R,DELIVER IN PERSON,Manufacturer#3,1-URGENT,3,FURNITURE,SHIP,4,0.02,18,Brand#34,WRAP PKG,27,18,2,22423.797
O,O,N,TAKE BACK RETURN,Manufacturer#1,3-MEDIUM,3,HOUSEHOLD,MAIL,5,0.04,9,Brand#13,LG PACK,1,34,4,49999.04
O,O,N,TAKE BACK RETURN,Manufacturer#1,3-MEDIUM,3,HOUSEHOLD,RAIL,6,0.05,21,Brand#12,SM PKG,3,9,1,8044.029
F,F,A,TAKE BACK RETURN,Manufacturer#1,5-LOW,3,AUTOMOBILE,FOB,5,0.02,18,Brand#15,JUMBO DRUM,8,12,2,11648.856
O,O,N,DELIVER IN PERSON,Manufacturer#5,1-URGENT,4,AUTOMOBILE,RAIL,3,0.03,18,Brand#53,JUMBO CASE,27,13,2,11215.3132
F,F,R,NONE,Manufacturer#5,1-URGENT,2,BUILDING,TRUCK,1,0.08,21,Brand#54,WRAP CASE,46,38,1,54740.14
F,F,R,DELIVER IN PERSON,Manufacturer#3,1-URGENT,4,MACHINERY,AIR,6,0.05,18,Brand#34,SM BAG,20,33,2,47350.974
F,F,A,DELIVER IN PERSON,Manufacturer#5,1-URGENT,4,MACHINERY,RAIL,5,0.01,18,Brand#51,JUMBO PACK,19,35,2,65693.95
F,F,R,TAKE BACK RETURN,Manufacturer#4,4-NOT SPECIFIED,1,HOUSEHOLD,TRUCK,1,0.02,8,Brand#43,MED BOX,10,17,3,31203.6802
F,F,A,NONE,Manufacturer#3,4-NOT SPECIFIED,1,HOUSEHOLD,SHIP,2,0.08,21,Brand#33,SM CAN,23,21,1,38626.7805
F,F,A,COLLECT COD,Manufacturer#5,4-NOT SPECIFIED,1,HOUSEHOLD,SHIP,3,0.07,9,Brand#52,MED BAG,4,32,4,33434.7776
F,F,R,DELIVER IN PERSON,Manufacturer#5,3-MEDIUM,4,AUTOMOBILE,TRUCK,1,0.03,9,Brand#54,JUMBO BOX,49,42,4,67452.9492
F,F,R,COLLECT COD,Manufacturer#4,4-NOT SPECIFIED,1,MACHINERY,SHIP,1,0.06,18,Brand#41,MED PACK,22,27,2,35520.9624
F,F,R,TAKE BACK RETURN,Manufacturer#5,5-LOW,1,BUILDING,REG AIR,1,0.05,21,Brand#52,LG JAR,14,19,1,17563.752
O,O,N,TAKE BACK RETURN,Manufacturer#5,5-LOW,0,AUTOMOBILE,AIR,1,0,8,Brand#55,JUMBO PACK,1,29,3,26477.29
O,O,N,TAKE BACK RETURN,Manufacturer#4,2-HIGH,1,BUILDING,AIR,5,0,8,Brand#41,MED DRUM,40,17,3,26882.1884
O,O,N,TAKE BACK RETURN,Manufacturer#3,2-HIGH,1,BUILDING,FOB,2,0.06,9,Brand#35,WRAP CAN,26,49,4,78463.3374
F,P,A,DELIVER IN PERSON,Manufacturer#1,4-NOT SPECIFIED,0,FURNITURE,MAIL,5,0.07,18,Brand#15,LG CASE,41,15,2,21852.8145
F,P,R,DELIVER IN PERSON,Manufacturer#5,4-NOT SPECIFIED,0,FURNITURE,RAIL,6,0.06,8,Brand#54,LG BAG,10,32,3,40657.872
O,P,N,NONE,Manufacturer#3,4-NOT SPECIFIED,0,FURNITURE,AIR,2,0.05,12,Brand#32,LG BOX,9,5,0,6217.872
F,P,A,NONE,Manufacturer#4,4-NOT SPECIFIED,0,FURNITURE,MAIL,1,0.06,18,Brand#43,WRAP BAG,26,13,2,17900.0211
F,F,R,TAKE BACK RETURN,Manufacturer#4,5-LOW,4,BUILDING,RAIL,3,0.08,21,Brand#45,LG PKG,38,17,1,20908.5822
O,O,N,DELIVER IN PERSON,Manufacturer#3,4-NOT SPECIFIED,2,MACHINERY,MAIL,3,0.07,21,Brand#33,LG BAG,4,14,1,12741.274
O,O,N,DELIVER IN PERSON,Manufacturer#1,4-NOT SPECIFIED,2,MACHINERY,SHIP,6,0.04,18,Brand#14,WRAP BAG,46,13,2,15189.2715
O,O,N,DELIVER IN PERSON,Manufacturer#2,4-NOT SPECIFIED,2,MACHINERY,TRUCK,4,0.02,8,Brand#22,JUMBO CASE,1,25,3,41835.6575
O,O,N,NONE,Manufacturer#1,2-HIGH,4,HOUSEHOLD,FOB,4,0.02,8,Brand#15,SM PACK,24,32,3,42350.3232
O,O,N,NONE,Manufacturer#3,2-HIGH,4,HOUSEHOLD,AIR,3,0.01,18,Brand#33,WRAP JAR,7,21,2,30406.6224
O,O,N,DELIVER IN PERSON,Manufacturer#1,2-HIGH,4,HOUSEHOLD,MAIL,2,0.03,12,Brand#12,SM DRUM,40,30,0,36947.115
O,O,N,NONE,Manufacturer#2,2-HIGH,4,HOUSEHOLD,TRUCK,6,0.05,12,Brand#21,SM BOX,11,34,0,41431.9104
F,F,R,NONE,Manufacturer#1,5-LOW,1,BUILDING,SHIP,2,0.05,21,Brand#14,MED BAG,18,26,1,24111.581
O,O,N,COLLECT COD,Manufacturer#2,3-MEDIUM,0,BUILDING,MAIL,4,0.03,8,Brand#22,WRAP JAR,3,16,3,21316.2544
O,O,N,DELIVER IN PERSON,Manufacturer#1,3-MEDIUM,0,BUILDING,MAIL,6,0.06,18,Brand#15,JUMBO DRUM,8,20,2,19203.73
F,F,R,NONE,Manufacturer#4,5-LOW,2,FURNITURE,TRUCK,6,0.04,9,Brand#44,SM BAG,7,29,4,29077.0704
F,F,A,NONE,Manufacturer#3,5-LOW,2,FURNITURE,MAIL,4,0.02,18,Brand#34,MED BOX,28,34,2,57177.3376
O,O,N,DELIVER IN PERSON,Manufacturer#3,2-HIGH,1,BUILDING,FOB,6,0.05,21,Brand#32,SM BOX,49,8,1,8597.1648
O,O,N,DELIVER IN PERSON,Manufacturer#2,2-HIGH,1,BUILDING,TRUCK,2,0,12,Brand#22,LG JAR,45,8,0,9936.1024
O,O,N,TAKE BACK RETURN,Manufacturer#5,2-HIGH,1,BUILDING,SHIP,1,0.01,8,Brand#53,MED BOX,12,48,3,44956.944
F,F,R,COLLECT COD,Manufacturer#1,3-MEDIUM,0,BUILDING,RAIL,2,0.01,18,Brand#14,WRAP PKG,40,23,2,30127.815
F,F,R,TAKE BACK RETURN,Manufacturer#2,5-LOW,1,FURNITURE,MAIL,2,0.03,18,Brand#21,JUMBO CASE,31,26,2,30827.6384
F,F,R,TAKE BACK RETURN,Manufacturer#3,5-LOW,1,FURNITURE,SHIP,1,0.04,18,Brand#32,MED CASE,29,31,2,37205.7939
F,F,R,TAKE BACK RETURN,Manufacturer#1,5-LOW,4,AUTOMOBILE,REG AIR,1,0.01,21,Brand#12,MED PKG,41,35,1,32460.82
O,O,N,TAKE BACK RETURN,Manufacturer#5,5-LOW,1,FURNITURE,MAIL,4,0.01,21,Brand#55,JUMBO CASE,25,15,1,14464.9395
F,P,R,COLLECT COD,Manufacturer#3,4-NOT SPECIFIED,4,MACHINERY,SHIP,4,0.08,8,Brand#32,LG BOX,44,35,3,51385.7085
F,P,A,NONE,Manufacturer#3,4-NOT SPECIFIED,4,MACHINERY,TRUCK,2,0.04,21,Brand#34,JUMBO CASE,19,3,1,5126.8365
O,O,N,NONE,Manufacturer#1,3-MEDIUM,2,MACHINERY,SHIP,3,0.04,21,Brand#13,WRAP PACK,28,41,1,40907.6598
O,O,N,TAKE BACK RETURN,Manufacturer#3,2-HIGH,3,FURNITURE,TRUCK,1,0.07,9,Brand#35,SM CAN,24,4,4,5827.356
O,O,N,COLLECT COD,Manufacturer#4,4-NOT SPECIFIED,4,FURNITURE,REG AIR,4,0.02,12,Brand#41,WRAP PKG,26,43,0,48475.3018
F,F,A,DELIVER IN PERSON,Manufacturer#2,5-LOW,4,FURNITURE,FOB,1,0.02,21,Brand#23,JUMBO BAG,44,2,1,3204.395
F,F,R,TAKE BACK RETURN,Manufacturer#4,5-LOW,4,FURNITURE,FOB,2,0.05,21,Brand#42,MED CAN,11,17,1,20970.7002
F,F,A,TAKE BACK RETURN,Manufacturer#1,2-HIGH,1,FURNITURE,SHIP,3,0,9,Brand#13,JUMBO JAR,26,18,4,20497.113
O,O,N,TAKE BACK RETURN,Manufacturer#3,3-MEDIUM,3,HOUSEHOLD,FOB,5,0.06,21,Brand#32,LG DRUM,36,22,1,32482.296
O,O,N,DELIVER IN PERSON,Manufacturer#5,4-NOT SPECIFIED,3,BUILDING,REG AIR,1,0.04,8,Brand#54,JUMBO DRUM,21,1,3,1014.024
O,O,N,NONE,Manufacturer#4,5-LOW,3,AUTOMOBILE,SHIP,1,0.06,21,Brand#42,SM PKG,35,16,1,15884.2368
F,F,R,NONE,Manufacturer#3,2-HIGH,4,BUILDING,AIR,6,0,12,Brand#33,MED PACK,30,19,0,30090.1689
F,F,A,NONE,Manufacturer#5,2-HIGH,4,BUILDING,FOB,1,0,21,Brand#55,SM CAN,43,25,1,34912.25
O,O,N,NONE,Manufacturer#3,1-URGENT,1,MACHINERY,SHIP,2,0.01,12,Brand#33,WRAP CASE,17,8,0,11845.74
F,F,A,COLLECT COD,Manufacturer#3,3-MEDIUM,1,FURNITURE,SHIP,1,0.04,18,Brand#35,JUMBO JAR,28,9,2,13917.006
F,F,A,NONE,Manufacturer#1,3-MEDIUM,4,FURNITURE,MAIL,2,0.05,18,Brand#12,SM PACK,36,43,2,81527.57
O,O,N,COLLECT COD,Manufacturer#4,5-LOW,1,BUILDING,RAIL,1,0.04,12,Brand#42,MED PKG,28,7,0,8791.587
O,O,N,NONE,Manufacturer#3,4-NOT SPECIFIED,0,BUILDING,AIR,5,0.01,12,Brand#32,LG BOX,9,43,0,50131.593
F,F,R,TAKE BACK RETURN,Manufacturer#3,5-LOW,1,MACHINERY,AIR,3,0.06,18,Brand#35,LG BOX,13,44,2,76886.172
F,F,R,NONE,Manufacturer#1,3-MEDIUM,1,BUILDING,TRUCK,1,0.08,12,Brand#15,MED CASE,8,48,0,48263.8752
O,O,N,DELIVER IN PERSON,Manufacturer#2,2-HIGH,4,AUTOMOBILE,AIR,1,0.08,21,Brand#25,SM CAN,1,49,1,65737.9296
O,O,N,TAKE BACK RETURN,Manufacturer#3,2-HIGH,4,HOUSEHOLD,FOB,6,0.04,9,Brand#32,MED PACK,16,13,4,18442.8816
O,O,N,NONE,Manufacturer#4,2-HIGH,4,HOUSEHOLD,REG AIR,1,0.01,18,Brand#43,JUMBO CASE,19,36,2,48463.6392
O,O,N,COLLECT COD,Manufacturer#4,4-NOT SPECIFIED,1,FURNITURE,SHIP,1,0,18,Brand#45,JUMBO CAN,38,39,2,61958.52
O,O,N,NONE,Manufacturer#2,1-URGENT,4,HOUSEHOLD,AIR,4,0.05,8,Brand#21,SM PKG,41,7,3,11516.323
O,O,N,COLLECT COD,Manufacturer#3,1-URGENT,4,HOUSEHOLD,TRUCK,6,0.06,12,Brand#34,SM PKG,27,31,0,53028.7488
O,O,N,DELIVER IN PERSON,Manufacturer#1,1-URGENT,4,HOUSEHOLD,RAIL,1,0.07,18,Brand#15,MED BOX,9,5,2,8341.889
F,F,R,TAKE BACK RETURN,Manufacturer#1,3-MEDIUM,4,AUTOMOBILE,FOB,2,0.04,21,Brand#11,LG JAR,30,5,1,7001.04
F,F,R,DELIVER IN PERSON,Manufacturer#5,3-MEDIUM,2,FURNITURE,FOB,3,0.03,9,Brand#52,SM PACK,34,31,4,44531.9712
F,F,A,COLLECT COD,Manufacturer#4,2-HIGH,4,BUILDING,FOB,3,0.03,21,Brand#41,WRAP CAN,20,8,1,14199.6888
F,F,A,COLLECT COD,Manufacturer#3,2-HIGH,4,BUILDING,AIR,2,0.01,9,Brand#34,JUMBO CASE,49,37,4,37633.07
F,F,A,DELIVER IN PERSON,Manufacturer#2,2-HIGH,1,MACHINERY,SHIP,3,0.06,21,Brand#24,WRAP PACK,12,15,1,21798.585
O,O,N,TAKE BACK RETURN,Manufacturer#3,5-LOW,4,FURNITURE,RAIL,2,0.04,9,Brand#33,JUMBO BOX,18,24,4,38024.928
O,O,N,TAKE BACK RETURN,Manufacturer#2,5-LOW,4,FURNITURE,TRUCK,4,0.05,12,Brand#22,MED JAR,8,47,0,50515.5624
F,F,A,NONE,Manufacturer#4,5-LOW,4,AUTOMOBILE,TRUCK,7,0.03,18,Brand#44,MED DRUM,45,19,2,31927.923
F,F,R,NONE,Manufacturer#4,5-LOW,4,AUTOMOBILE,FOB,6,0,21,Brand#43,LG DRUM,19,13,1,12637.989
F,F,A,TAKE BACK RETURN,Manufacturer#5,5-LOW,4,AUTOMOBILE,FOB,2,0.08,18,Brand#55,LG JAR,38,12,2,15316.7652
O,O,N,COLLECT COD,Manufacturer#3,4-NOT SPECIFIED,2,FURNITURE,SHIP,1,0,8,Brand#34,LG CASE,9,41,3,50500.1346
O,O,N,DELIVER IN PERSON,Manufacturer#1,4-NOT SPECIFIED,2,FURNITURE,FOB,2,0.01,21,Brand#13,SM CASE,49,26,1,27545.0318
F,F,R,COLLECT COD,Manufacturer#4,3-MEDIUM,4,BUILDING,SHIP,6,0.03,9,Brand#41,MED CAN,15,49,4,43537.9553
F,F,R,NONE,Manufacturer#3,3-MEDIUM,4,BUILDING,TRUCK,3,0.06,12,Brand#33,MED PKG,24,5,0,7361.424
F,F,R,TAKE BACK RETURN,Manufacturer#2,3-MEDIUM,4,BUILDING,RAIL,4,0.08,21,Brand#24,SM BAG,6,43,1,74362.9788
O,O,N,TAKE BACK RETURN,Manufacturer#2,5-LOW,3,MACHINERY,FOB,1,0.07,18,Brand#25,MED DRUM,10,9,2,9731.8665
F,F,R,DELIVER IN PERSON,Manufacturer#5,4-NOT SPECIFIED,1,FURNITURE,FOB,1,0.01,18,Brand#52,WRAP CASE,10,17,2,27054.48
O,O,N,NONE,Manufacturer#4,3-MEDIUM,4,AUTOMOBILE,SHIP,3,0,18,Brand#43,JUMBO CAN,37,10,2,12050.698
O,O,N,COLLECT COD,Manufacturer#5,3-MEDIUM,4,AUTOMOBILE,SHIP,2,0.01,21,Brand#55,LG PKG,1,41,1,57755.6586
O,O,N,TAKE BACK RETURN,Manufacturer#3,3-MEDIUM,4,AUTOMOBILE,AIR,4,0.03,18,Brand#33,JUMBO CAN,14,40,2,70536.472
O,O,N,TAKE BACK RETURN,Manufacturer#2,3-MEDIUM,4,AUTOMOBILE,REG AIR,5,0.08,18,Brand#25,LG CASE,39,21,2,22704.57
O,O,N,TAKE BACK RETURN,Manufacturer#1,3-MEDIUM,4,AUTOMOBILE,FOB,1,0.02,18,Brand#12,JUMBO CAN,14,1,2,836.118
O,O,N,NONE,Manufacturer#5,3-MEDIUM,4,AUTOMOBILE,MAIL,6,0.04,8,Brand#55,MED PACK,2,24,3,21978.4752
F,F,R,COLLECT COD,Manufacturer#1,3-MEDIUM,4,HOUSEHOLD,FOB,1,0.08,9,Brand#13,JUMBO JAR,16,6,4,10422.3816
F,F,R,COLLECT COD,Manufacturer#2,3-MEDIUM,4,HOUSEHOLD,REG AIR,5,0.02,12,Brand#22,JUMBO BOX,3,16,0,18127.712
O,O,N,NONE,Manufacturer#4,4-NOT SPECIFIED,4,MACHINERY,MAIL,2,0.01,12,Brand#42,MED BAG,14,48,0,82754.6112
O,O,N,DELIVER IN PERSON,Manufacturer#2,4-NOT SPECIFIED,4,MACHINERY,AIR,4,0.07,12,Brand#21,SM BOX,11,3,0,3808.08
O,P,N,NONE,Manufacturer#5,2-HIGH,2,BUILDING,REG AIR,5,0.08,18,Brand#54,MED BOX,48,7,2,12924.1728
F,P,R,NONE,Manufacturer#1,2-HIGH,2,BUILDING,AIR,4,0.04,18,Brand#13,WRAP JAR,27,19,2,19686.47
F,F,A,TAKE BACK RETURN,Manufacturer#3,2-HIGH,3,BUILDING,TRUCK,1,0.04,12,Brand#35,LG PKG,6,16,0,22838.704
F,F,R,DELIVER IN PERSON,Manufacturer#5,3-MEDIUM,4,FURNITURE,SHIP,5,0.03,21,Brand#53,SM BAG,24,7,1,7242.8202
F,F,A,DELIVER IN PERSON,Manufacturer#3,3-MEDIUM,4,FURNITURE,SHIP,3,0.01,12,Brand#34,MED PKG,14,31,0,55778.0055
O,O,N,TAKE BACK RETURN,Manufacturer#3,3-MEDIUM,2,HOUSEHOLD,SHIP,1,0,18,Brand#33,JUMBO PKG,10,18,2,20741.0112
O,O,N,TAKE BACK RETURN,Manufacturer#3,4-NOT SPECIFIED,1,AUTOMOBILE,AIR,3,0.08,8,Brand#34,LG CASE,9,50,3,62247.74
O,O,N,DELIVER IN PERSON,Manufacturer#3,4-NOT SPECIFIED,1,AUTOMOBILE,SHIP,6,0.05,9,Brand#35,WRAP CASE,1,24,4,26777.5872
O,O,N,TAKE BACK RETURN,Manufacturer#4,5-LOW,1,FURNITURE,RAIL,1,0.05,8,Brand#44,MED CASE,40,17,3,21146.81
F,F,A,COLLECT COD,Manufacturer#3,3-MEDIUM,3,AUTOMOBILE,TRUCK,6,0.05,9,Brand#31,LG CAN,8,42,4,48362.0592
F,F,R,COLLECT COD,Manufacturer#5,3-MEDIUM,3,AUTOMOBILE,FOB,2,0.02,18,Brand#55,SM BOX,7,34,2,45871.0252
F,F,A,NONE,Manufacturer#5,1-URGENT,4,AUTOMOBILE,SHIP,1,0.02,9,Brand#51,WRAP BAG,19,12,4,17175.1536
O,O,N,COLLECT COD,Manufacturer#4,5-LOW,1,BUILDING,RAIL,6,0.01,12,Brand#41,MED PACK,22,19,0,23975.9784
O,O,N,DELIVER IN PERSON,Manufacturer#3,5-LOW,1,BUILDING,SHIP,5,0.05,9,Brand#31,JUMBO BOX,34,2,4,3278.1732
F,F,A,TAKE BACK RETURN,Manufacturer#5,4-NOT SPECIFIED,4,MACHINERY,MAIL,4,0.06,18,Brand#52,WRAP CASE,32,31,2,34029.723
F,F,A,NONE,Manufacturer#3,4-NOT SPECIFIED,4,MACHINERY,SHIP,5,0.06,8,Brand#35,LG DRUM,14,13,3,14838.8682
F,F,A,DELIVER IN PERSON,Manufacturer#2,2-HIGH,2,AUTOMOBILE,FOB,4,0.04,18,Brand#23,LG BAG,17,23,2,24641.2386
F,F,A,NONE,Manufacturer#3,2-HIGH,2,AUTOMOBILE,TRUCK,6,0.04,12,Brand#35,SM JAR,3,7,0,10250.4836
F,F,R,DELIVER IN PERSON,Manufacturer#1,2-HIGH,2,AUTOMOBILE,RAIL,2,0.01,8,Brand#11,SM JAR,35,8,3,12659.3264
F,F,R,TAKE BACK RETURN,Manufacturer#2,2-HIGH,2,AUTOMOBILE,SHIP,5,0.03,18,Brand#24,JUMBO DRUM,47,29,2,29826.5058
F,F,A,TAKE BACK RETURN,Manufacturer#2,4-NOT SPECIFIED,0,AUTOMOBILE,TRUCK,6,0.08,9,Brand#24,WRAP CAN,34,32,4,46889.024
O,O,N,TAKE BACK RETURN,Manufacturer#5,4-NOT SPECIFIED,2,BUILDING,REG AIR,1,0.08,9,Brand#51,WRAP BAG,19,40,4,54814.32
O,O,N,COLLECT COD,Manufacturer#2,4-NOT SPECIFIED,2,MACHINERY,RAIL,2,0.01,9,Brand#21,JUMBO BAG,41,11,4,14992.6788
O,O,N,TAKE BACK RETURN,Manufacturer#3,4-NOT SPECIFIED,2,MACHINERY,SHIP,1,0.06,9,Brand#34,MED BAG,17,30,4,29489.13
O,P,N,COLLECT COD,Manufacturer#5,1-URGENT,4,AUTOMOBILE,FOB,6,0.06,18,Brand#51,MED PKG,36,26,2,42651.648
F,P,N,TAKE BACK RETURN,Manufacturer#1,1-URGENT,4,AUTOMOBILE,FOB,5,0.07,18,Brand#15,MED BOX,9,46,2,78378.2592
F,P,R,DELIVER IN PERSON,Manufacturer#1,1-URGENT,4,AUTOMOBILE,MAIL,2,0.02,18,Brand#11,JUMBO BAG,21,43,2,57204.0137
F,P,A,COLLECT COD,Manufacturer#5,1-URGENT,4,AUTOMOBILE,AIR,4,0.05,18,Brand#52,SM JAR,28,28,2,34661.844
F,P,A,TAKE BACK RETURN,Manufacturer#4,1-URGENT,4,AUTOMOBILE,FOB,3,0.02,12,Brand#44,LG PKG,35,18,0,21595.5558
O,O,N,TAKE BACK RETURN,Manufacturer#3,5-LOW,4,BUILDING,REG AIR,5,0.01,18,Brand#33,SM PKG,7,6,2,6216.7344
O,O,N,COLLECT COD,Manufacturer#3,5-LOW,4,BUILDING,FOB,2,0.05,8,Brand#31,SM PKG,27,2,3,2743.954
O,O,N,TAKE BACK RETURN,Manufacturer#1,5-LOW,4,BUILDING,TRUCK,6,0.08,21,Brand#13,MED JAR,19,30,1,44657.4
F,F,A,TAKE BACK RETURN,Manufacturer#2,2-HIGH,0,AUTOMOBILE,FOB,7,0.03,9,Brand#23,LG JAR,15,6,4,7447.1688
F,F,R,COLLECT COD,Manufacturer#1,2-HIGH,0,AUTOMOBILE,AIR,1,0.03,12,Brand#11,JUMBO JAR,45,36,0,36770.814
F,F,R,DELIVER IN PERSON,Manufacturer#5,1-URGENT,1,FURNITURE,REG AIR,2,0.06,18,Brand#53,WRAP CAN,49,5,2,8490.528
O,O,N,COLLECT COD,Manufacturer#5,4-NOT SPECIFIED,3,AUTOMOBILE,FOB,2,0.05,8,Brand#54,JUMBO DRUM,21,47,3,51803.4
F,F,A,DELIVER IN PERSON,Manufacturer#4,1-URGENT,0,FURNITURE,AIR,1,0.07,9,Brand#42,LG BOX,34,45,4,55874.637
F,F,R,DELIVER IN PERSON,Manufacturer#3,1-URGENT,0,FURNITURE,AIR,2,0.08,8,Brand#32,LG PKG,43,44,3,47426.4428
F,F,A,DELIVER IN PERSON,Manufacturer#5,3-MEDIUM,0,AUTOMOBILE,SHIP,4,0,8,Brand#52,SM PKG,2,6,3,8389.7628
F,F,A,TAKE BACK RETURN,Manufacturer#1,4-NOT SPECIFIED,4,HOUSEHOLD,MAIL,7,0.06,12,Brand#14,MED BAG,30,38,0,48205.5156
O,O,N,COLLECT COD,Manufacturer#3,5-LOW,1,BUILDING,REG AIR,4,0.02,18,Brand#31,MED CAN,44,28,2,42977.886
O,O,N,TAKE BACK RETURN,Manufacturer#4,1-URGENT,2,AUTOMOBILE,REG AIR,3,0.07,18,Brand#41,WRAP PKG,26,7,2,7807.3779
O,O,N,TAKE BACK RETURN,Manufacturer#1,5-LOW,2,MACHINERY,MAIL,3,0.07,21,Brand#13,MED DRUM,4,42,1,64354.0716
O,O,N,COLLECT COD,Manufacturer#5,5-LOW,2,MACHINERY,SHIP,1,0.04,18,Brand#54,MED JAR,10,37,2,53170.2765
O,O,N,NONE,Manufacturer#1,3-MEDIUM,1,AUTOMOBILE,TRUCK,5,0.03,9,Brand#12,SM BAG,46,24,4,19916.16
O,O,N,DELIVER IN PERSON,Manufacturer#5,3-MEDIUM,1,AUTOMOBILE,TRUCK,3,0.05,12,Brand#52,MED CAN,41,32,0,47335.9936
F,F,R,NONE,Manufacturer#2,5-LOW,3,FURNITURE,RAIL,2,0.08,21,Brand#25,SM BAG,35,35,1,44901.7485
F,F,A,NONE,Manufacturer#2,4-NOT SPECIFIED,4,FURNITURE,RAIL,1,0.07,9,Brand#25,SM CASE,22,2,4,1842.5316
O,O,N,TAKE BACK RETURN,Manufacturer#3,2-HIGH,3,AUTOMOBILE,AIR,2,0.03,8,Brand#35,JUMBO DRUM,47,34,3,46255.64
O,O,N,TAKE BACK RETURN,Manufacturer#1,2-HIGH,2,BUILDING,FOB,1,0.03,8,Brand#11,MED BAG,49,43,3,74220.7735
O,O,N,COLLECT COD,Manufacturer#4,2-HIGH,2,BUILDING,REG AIR,2,0,21,Brand#43,WRAP BAG,20,2,1,2675.844
O,O,N,COLLECT COD,Manufacturer#3,1-URGENT,0,BUILDING,FOB,3,0.06,18,Brand#35,MED PACK,26,47,2,81376.9092
O,O,N,DELIVER IN PERSON,Manufacturer#3,1-URGENT,0,BUILDING,MAIL,2,0.05,18,Brand#33,WRAP BAG,17,38,2,61967.36
O,O,N,NONE,Manufacturer#3,1-URGENT,0,BUILDING,FOB,5,0.04,21,Brand#32,SM BOX,49,7,1,8002.68
F,F,A,COLLECT COD,Manufacturer#1,2-HIGH,3,BUILDING,AIR,7,0.06,21,Brand#11,MED BAG,20,7,1,7298.3295
F,F,R,NONE,Manufacturer#2,2-HIGH,3,BUILDING,TRUCK,1,0.03,9,Brand#25,JUMBO BAG,47,49,4,64800.1088
F,F,R,TAKE BACK RETURN,Manufacturer#3,2-HIGH,3,BUILDING,MAIL,6,0.03,9,Brand#31,MED JAR,42,23,4,29443.9284
F,F,R,NONE,Manufacturer#3,2-HIGH,3,BUILDING,RAIL,3,0.04,12,Brand#33,SM PKG,7,3,0,3243.5136
F,F,A,TAKE BACK RETURN,Manufacturer#2,3-MEDIUM,4,AUTOMOBILE,RAIL,5,0.06,18,Brand#25,WRAP CAN,31,32,2,54803.2576
O,O,N,NONE,Manufacturer#4,5-LOW,1,AUTOMOBILE,RAIL,2,0.08,12,Brand#42,LG BOX,17,32,0,28868.1312
O,O,N,DELIVER IN PERSON,Manufacturer#3,5-LOW,1,AUTOMOBILE,TRUCK,1,0.02,12,Brand#34,JUMBO CAN,28,41,0,57994.91
O,O,N,TAKE BACK RETURN,Manufacturer#3,2-HIGH,4,FURNITURE,FOB,3,0.03,21,Brand#32,WRAP PACK,24,41,1,54125.9163
O,O,N,TAKE BACK RETURN,Manufacturer#1,2-HIGH,4,FURNITURE,FOB,1,0.01,18,Brand#14,WRAP PKG,40,6,2,7774.92
F,F,R,NONE,Manufacturer#4,1-URGENT,1,AUTOMOBILE,RAIL,3,0,18,Brand#44,WRAP BAG,3,7,2,11523.3195
F,F,A,COLLECT COD,Manufacturer#3,1-URGENT,0,FURNITURE,FOB,1,0.05,8,Brand#34,SM BAG,47,8,3,14440.972
F,F,A,TAKE BACK RETURN,Manufacturer#3,4-NOT SPECIFIED,2,MACHINERY,REG AIR,2,0.08,21,Brand#34,WRAP PACK,13,48,1,52997.3808
F,F,A,NONE,Manufacturer#3,4-NOT SPECIFIED,2,MACHINERY,FOB,3,0.06,21,Brand#34,JUMBO PKG,38,30,1,44100.693
O,O,N,COLLECT COD,Manufacturer#2,5-LOW,4,FURNITURE,REG AIR,5,0.02,12,Brand#21,WRAP BOX,19,1,0,1700.366
O,O,N,NONE,Manufacturer#1,5-LOW,4,FURNITURE,MAIL,1,0.07,18,Brand#15,SM JAR,20,40,2,37048.32
F,F,A,TAKE BACK RETURN,Manufacturer#2,3-MEDIUM,4,HOUSEHOLD,RAIL,2,0.02,18,Brand#22,JUMBO JAR,28,16,2,25883.36
O,O,N,COLLECT COD,Manufacturer#1,5-LOW,1,BUILDING,MAIL,3,0.08,21,Brand#15,LG DRUM,17,36,1,58980.0456
O,O,N,DELIVER IN PERSON,Manufacturer#1,2-HIGH,0,MACHINERY,MAIL,2,0.08,18,Brand#15,JUMBO CAN,18,34,2,48968.1192
O,O,N,NONE,Manufacturer#4,2-HIGH,0,MACHINERY,MAIL,3,0.07,9,Brand#43,MED DRUM,43,12,4,11815.8804
O,O,N,DELIVER IN PERSON,Manufacturer#5,2-HIGH,0,MACHINERY,TRUCK,4,0.07,12,Brand#52,LG DRUM,30,3,0,3269.085
O,O,N,TAKE BACK RETURN,Manufacturer#5,3-MEDIUM,2,FURNITURE,MAIL,1,0.05,8,Brand#54,MED JAR,10,7,3,9347.982
O,O,N,NONE,Manufacturer#5,1-URGENT,1,FURNITURE,AIR,2,0.01,8,Brand#55,JUMBO CAN,47,41,3,40423.9008
O,O,N,NONE,Manufacturer#2,1-URGENT,1,FURNITURE,AIR,3,0.03,18,Brand#23,MED PKG,34,40,2,62036.704
O,O,N,NONE,Manufacturer#3,5-LOW,3,MACHINERY,AIR,1,0.06,18,Brand#34,MED CASE,22,32,2,39462.5536
F,F,R,DELIVER IN PERSON,Manufacturer#1,1-URGENT,1,FURNITURE,AIR,5,0.05,18,Brand#14,WRAP JAR,45,49,2,46486.8684
F,F,A,COLLECT COD,Manufacturer#3,5-LOW,1,AUTOMOBILE,TRUCK,4,0.03,18,Brand#34,JUMBO CAN,48,9,2,9933.192
F,F,A,TAKE BACK RETURN,Manufacturer#4,5-LOW,1,AUTOMOBILE,FOB,1,0,21,Brand#43,LG PKG,15,1,1,1091.5844
O,O,N,DELIVER IN PERSON,Manufacturer#5,5-LOW,0,FURNITURE,REG AIR,5,0.04,9,Brand#55,MED CASE,31,35,4,56474.208
O,O,N,NONE,Manufacturer#2,5-LOW,0,FURNITURE,MAIL,4,0,18,Brand#23,JUMBO BOX,3,48,2,54178.0512
O,O,N,COLLECT COD,Manufacturer#2,5-LOW,0,FURNITURE,REG AIR,6,0.06,21,Brand#21,WRAP CASE,19,32,1,29613.712
F,F,R,DELIVER IN PERSON,Manufacturer#3,2-HIGH,2,BUILDING,AIR,4,0.06,21,Brand#33,JUMBO PKG,48,4,1,6367.896
F,F,A,NONE,Manufacturer#3,3-MEDIUM,2,FURNITURE,TRUCK,5,0.07,12,Brand#32,LG PKG,11,48,0,54309.0912
F,F,A,COLLECT COD,Manufacturer#2,3-MEDIUM,2,FURNITURE,SHIP,1,0.02,18,Brand#21,WRAP CASE,28,32,2,31401.264
O,O,N,DELIVER IN PERSON,Manufacturer#4,2-HIGH,0,AUTOMOBILE,REG AIR,4,0.03,9,Brand#44,WRAP CASE,35,18,4,20083.365
F,F,R,TAKE BACK RETURN,Manufacturer#1,4-NOT SPECIFIED,4,FURNITURE,FOB,2,0.08,12,Brand#11,JUMBO BAG,1,17,0,17024.5225
F,F,R,NONE,Manufacturer#4,4-NOT SPECIFIED,4,FURNITURE,TRUCK,5,0.04,18,Brand#45,LG BAG,4,24,2,22902.9984
F,F,R,COLLECT COD,Manufacturer#5,4-NOT SPECIFIED,4,FURNITURE,FOB,4,0.07,8,Brand#54,MED JAR,10,21,3,30177.7245
F,F,A,TAKE BACK RETURN,Manufacturer#1,2-HIGH,4,FURNITURE,RAIL,3,0.07,18,Brand#15,MED PKG,35,49,2,78216.2304
F,F,R,TAKE BACK RETURN,Manufacturer#4,2-HIGH,4,FURNITURE,SHIP,4,0,12,Brand#42,JUMBO JAR,46,20,0,24289.03
F,F,R,TAKE BACK RETURN,Manufacturer#5,1-URGENT,0,HOUSEHOLD,SHIP,2,0.06,21,Brand#52,LG PKG,39,48,1,52330.1328
O,O,N,DELIVER IN PERSON,Manufacturer#3,4-NOT SPECIFIED,4,MACHINERY,SHIP,5,0.08,21,Brand#32,LG DRUM,43,42,1,38643.4776
O,O,N,COLLECT COD,Manufacturer#5,4-NOT SPECIFIED,4,MACHINERY,FOB,3,0.01,18,Brand#55,LG DRUM,1,35,2,33952.1
O,O,N,TAKE BACK RETURN,Manufacturer#4,5-LOW,4,AUTOMOBILE,RAIL,1,0.01,21,Brand#43,MED CAN,43,35,1,46221.567
O,O,N,COLLECT COD,Manufacturer#1,1-URGENT,1,FURNITURE,RAIL,1,0.03,8,Brand#13,LG PKG,19,26,3,24443.8558
O,O,N,COLLECT COD,Manufacturer#4,3-MEDIUM,0,HOUSEHOLD,RAIL,1,0.01,21,Brand#45,MED CAN,24,43,1,40157.7516
F,F,R,TAKE BACK RETURN,Manufacturer#1,3-MEDIUM,0,BUILDING,SHIP,1,0.07,18,Brand#15,SM DRUM,22,49,2,49995.5428
O,O,N,TAKE BACK RETURN,Manufacturer#2,4-NOT SPECIFIED,4,FURNITURE,SHIP,3,0.07,9,Brand#24,JUMBO CASE,48,34,4,49680.358
F,F,A,TAKE BACK RETURN,Manufacturer#5,4-NOT SPECIFIED,0,MACHINERY,TRUCK,2,0.02,9,Brand#51,WRAP BAG,46,18,4,26350.506
F,P,A,COLLECT COD,Manufacturer#4,4-NOT SPECIFIED,3,AUTOMOBILE,TRUCK,1,0.08,8,Brand#42,LG DRUM,48,45,3,65776.4325
F,F,R,COLLECT COD,Manufacturer#4,2-HIGH,0,FURNITURE,TRUCK,3,0.03,21,Brand#42,SM CAN,44,20,1,30751.724
F,F,A,DELIVER IN PERSON,Manufacturer#4,2-HIGH,0,FURNITURE,REG AIR,4,0.08,18,Brand#45,SM PACK,3,26,2,40658.9768
O,O,N,COLLECT COD,Manufacturer#3,1-URGENT,0,BUILDING,MAIL,5,0.04,21,Brand#33,WRAP PACK,33,19,1,24845.2835
O,O,N,DELIVER IN PERSON,Manufacturer#1,1-URGENT,0,BUILDING,REG AIR,2,0.06,18,Brand#11,JUMBO BOX,48,23,2,29551.0325
O,O,N,TAKE BACK RETURN,Manufacturer#2,4-NOT SPECIFIED,0,FURNITURE,AIR,6,0.02,21,Brand#22,LG CAN,20,23,1,23534.9156
O,O,N,TAKE BACK RETURN,Manufacturer#5,4-NOT SPECIFIED,0,FURNITURE,SHIP,2,0.04,9,Brand#51,JUMBO BOX,47,3,4,4477.2576
F,F,A,COLLECT COD,Manufacturer#2,3-MEDIUM,3,FURNITURE,SHIP,5,0.04,9,Brand#21,MED BOX,32,23,4,23739.4339
O,O,N,DELIVER IN PERSON,Manufacturer#1,5-LOW,4,FURNITURE,AIR,4,0.02,8,Brand#14,LG PACK,44,48,3,72837.7344
O,O,N,DELIVER IN PERSON,Manufacturer#2,5-LOW,1,AUTOMOBILE,AIR,1,0.08,18,Brand#24,JUMBO BOX,47,50,2,77934.675
O,O,N,NONE,Manufacturer#2,5-LOW,1,AUTOMOBILE,TRUCK,5,0.02,9,Brand#25,WRAP CASE,21,45,4,76020.462
O,O,N,TAKE BACK RETURN,Manufacturer#1,5-LOW,1,AUTOMOBILE,MAIL,3,0.02,9,Brand#14,LG CAN,41,16,4,20498.688
F,F,R,DELIVER IN PERSON,Manufacturer#3,5-LOW,3,HOUSEHOLD,SHIP,5,0.06,12,Brand#31,MED DRUM,39,12,0,15982.0752
F,F,A,NONE,Manufacturer#4,5-LOW,3,HOUSEHOLD,AIR,3,0.02,18,Brand#45,JUMBO CAN,38,32,2,48295.872
F,F,A,COLLECT COD,Manufacturer#3,5-LOW,3,HOUSEHOLD,RAIL,2,0,18,Brand#31,WRAP DRUM,29,24,2,31188.7488
F,F,R,COLLECT COD,Manufacturer#4,5-LOW,3,HOUSEHOLD,AIR,4,0.01,21,Brand#42,JUMBO BAG,1,11,1,18837.7728
O,O,N,TAKE BACK RETURN,Manufacturer#3,4-NOT SPECIFIED,4,HOUSEHOLD,MAIL,2,0.01,8,Brand#33,WRAP DRUM,8,25,3,38007.4725
O,O,N,TAKE BACK RETURN,Manufacturer#3,4-NOT SPECIFIED,0,AUTOMOBILE,SHIP,5,0.05,18,Brand#31,SM JAR,2,22,2,27368.3256
F,F,A,DELIVER IN PERSON,Manufacturer#5,4-NOT SPECIFIED,0,MACHINERY,AIR,4,0.07,18,Brand#55,SM PKG,27,35,2,57674.3685
F,F,A,COLLECT COD,Manufacturer#4,4-NOT SPECIFIED,0,MACHINERY,AIR,1,0,21,Brand#41,MED BOX,50,36,1,54024.714
F,F,A,COLLECT COD,Manufacturer#3,4-NOT SPECIFIED,0,MACHINERY,AIR,3,0.01,12,Brand#33,MED PACK,30,22,0,35193.18
O,O,N,COLLECT COD,Manufacturer#4,5-LOW,1,FURNITURE,FOB,3,0.01,12,Brand#42,WRAP DRUM,28,8,0,10379.136
O,O,N,NONE,Manufacturer#2,5-LOW,1,FURNITURE,SHIP,1,0.05,8,Brand#23,WRAP PACK,41,8,3,8439.34
F,F,A,COLLECT COD,Manufacturer#5,5-LOW,4,HOUSEHOLD,SHIP,3,0.02,12,Brand#52,LG PKG,39,17,0,18533.5887
F,F,R,COLLECT COD,Manufacturer#3,5-LOW,4,HOUSEHOLD,SHIP,1,0.05,8,Brand#34,LG CAN,35,31,3,35285.13
F,F,R,TAKE BACK RETURN,Manufacturer#3,5-LOW,4,HOUSEHOLD,SHIP,2,0,21,Brand#34,SM BAG,20,11,1,15440.535
F,F,A,COLLECT COD,Manufacturer#4,5-LOW,0,AUTOMOBILE,FOB,4,0.05,18,Brand#45,WRAP DRUM,27,2,2,1972.7928
F,F,A,COLLECT COD,Manufacturer#5,5-LOW,0,AUTOMOBILE,FOB,1,0.05,9,Brand#52,LG BAG,32,6,4,6066.144
F,F,R,DELIVER IN PERSON,Manufacturer#1,4-NOT SPECIFIED,2,FURNITURE,MAIL,2,0.01,8,Brand#15,JUMBO PKG,26,41,3,51428.9322
F,F,A,TAKE BACK RETURN,Manufacturer#1,2-HIGH,2,MACHINERY,SHIP,3,0,18,Brand#13,MED BAG,38,34,2,49822.6854
O,O,N,NONE,Manufacturer#4,5-LOW,1,MACHINERY,RAIL,2,0.05,18,Brand#44,LG BOX,26,27,2,40193.3259
O,O,N,TAKE BACK RETURN,Manufacturer#3,5-LOW,3,BUILDING,MAIL,3,0.06,18,Brand#31,MED CAN,44,47,2,72900.8352
F,F,A,TAKE BACK RETURN,Manufacturer#2,2-HIGH,1,FURNITURE,RAIL,3,0.08,8,Brand#25,MED JAR,50,9,3,11693.2239
F,F,A,NONE,Manufacturer#3,2-HIGH,1,FURNITURE,MAIL,1,0.01,9,Brand#32,MED CASE,15,12,4,16899.5376
F,F,N,TAKE BACK RETURN,Manufacturer#1,5-LOW,2,MACHINERY,REG AIR,4,0.05,21,Brand#12,SM BAG,11,31,1,42858.2781
F,F,R,NONE,Manufacturer#3,5-LOW,2,MACHINERY,TRUCK,3,0.04,21,Brand#33,MED BOX,39,45,1,39206.43
F,F,A,TAKE BACK RETURN,Manufacturer#3,5-LOW,2,MACHINERY,TRUCK,6,0,18,Brand#33,MED PKG,49,13,2,15708.3836
F,F,A,COLLECT COD,Manufacturer#2,4-NOT SPECIFIED,1,BUILDING,MAIL,4,0.08,9,Brand#24,WRAP CASE,15,40,4,65466.42
F,F,R,NONE,Manufacturer#3,5-LOW,4,BUILDING,REG AIR,1,0.03,12,Brand#34,WRAP PKG,27,44,0,53706.378
F,F,A,TAKE BACK RETURN,Manufacturer#2,5-LOW,3,MACHINERY,REG AIR,4,0.02,9,Brand#24,MED PKG,13,37,4,43024.1994
O,O,N,TAKE BACK RETURN,Manufacturer#1,5-LOW,0,BUILDING,MAIL,6,0.08,18,Brand#13,MED BAG,38,17,2,24643.4788
F,F,A,NONE,Manufacturer#2,3-MEDIUM,2,BUILDING,SHIP,3,0.04,18,Brand#22,JUMBO JAR,28,23,2,36463.1834
O,O,N,COLLECT COD,Manufacturer#2,1-URGENT,4,MACHINERY,FOB,5,0.01,9,Brand#24,LG PKG,42,30,4,39627.315
O,O,N,COLLECT COD,Manufacturer#2,2-HIGH,4,HOUSEHOLD,FOB,2,0.07,9,Brand#22,JUMBO JAR,28,42,4,65226.0672
F,F,A,NONE,Manufacturer#1,3-MEDIUM,0,FURNITURE,RAIL,1,0.07,21,Brand#12,LG PKG,1,35,1,35426.118
F,F,R,COLLECT COD,Manufacturer#5,4-NOT SPECIFIED,0,BUILDING,SHIP,6,0.04,18,Brand#51,MED PACK,41,18,2,18071.4402
F,F,A,COLLECT COD,Manufacturer#4,4-NOT SPECIFIED,0,BUILDING,AIR,1,0.02,18,Brand#43,JUMBO BOX,3,49,2,76604.5763
O,O,N,COLLECT COD,Manufacturer#1,1-URGENT,1,BUILDING,MAIL,5,0.07,18,Brand#12,SM JAR,23,5,2,7404.107
O,O,N,DELIVER IN PERSON,Manufacturer#1,1-URGENT,1,BUILDING,SHIP,4,0.08,12,Brand#13,SM CASE,16,27,0,36204.4485
F,F,R,TAKE BACK RETURN,Manufacturer#2,2-HIGH,4,FURNITURE,FOB,1,0.07,9,Brand#25,JUMBO JAR,49,16,4,19124.64
F,F,R,NONE,Manufacturer#3,2-HIGH,4,FURNITURE,SHIP,3,0.03,18,Brand#31,SM BOX,6,41,2,57200.412
O,O,N,COLLECT COD,Manufacturer#3,1-URGENT,4,FURNITURE,REG AIR,1,0.06,21,Brand#33,MED PACK,33,42,1,50011.2522
O,O,N,COLLECT COD,Manufacturer#2,1-URGENT,4,HOUSEHOLD,TRUCK,5,0.05,21,Brand#24,WRAP PACK,12,31,1,47553.2095
F,F,R,DELIVER IN PERSON,Manufacturer#2,2-HIGH,4,AUTOMOBILE,TRUCK,1,0,8,Brand#23,WRAP PKG,6,8,3,11632.2048
F,F,A,DELIVER IN PERSON,Manufacturer#2,2-HIGH,4,AUTOMOBILE,AIR,4,0.06,8,Brand#21,MED JAR,8,44,3,47939.0296
O,O,N,COLLECT COD,Manufacturer#2,2-HIGH,3,FURNITURE,AIR,6,0.05,18,Brand#21,JUMBO BOX,23,6,2,6227.55
O,O,N,DELIVER IN PERSON,Manufacturer#4,2-HIGH,3,FURNITURE,SHIP,3,0.02,21,Brand#42,JUMBO BAG,1,20,1,32466.616
O,O,N,DELIVER IN PERSON,Manufacturer#5,1-URGENT,2,AUTOMOBILE,REG AIR,6,0.06,12,Brand#55,WRAP DRUM,9,14,0,23156.7336
O,O,N,COLLECT COD,Manufacturer#2,1-URGENT,2,AUTOMOBILE,SHIP,3,0.05,21,Brand#23,SM DRUM,40,33,1,53990.6367
O,O,N,COLLECT COD,Manufacturer#3,4-NOT SPECIFIED,0,HOUSEHOLD,AIR,2,0.05,8,Brand#34,SM PACK,25,3,3,3297.6993
O,O,N,COLLECT COD,Manufacturer#4,1-URGENT,1,FURNITURE,AIR,1,0,9,Brand#42,JUMBO CASE,6,16,4,24448.176
O,O,N,COLLECT COD,Manufacturer#2,5-LOW,0,HOUSEHOLD,TRUCK,6,0.05,8,Brand#25,SM BAG,3,43,3,70253.4172
O,O,N,DELIVER IN PERSON,Manufacturer#1,5-LOW,0,HOUSEHOLD,MAIL,1,0.08,8,Brand#13,JUMBO CASE,18,24,3,22042.6992
F,F,A,DELIVER IN PERSON,Manufacturer#3,5-LOW,0,MACHINERY,RAIL,4,0.05,12,Brand#34,JUMBO JAR,3,12,0,21034.2
F,F,R,DELIVER IN PERSON,Manufacturer#5,4-NOT SPECIFIED,0,MACHINERY,REG AIR,1,0,9,Brand#55,SM PACK,6,16,4,22403.2832
F,F,A,DELIVER IN PERSON,Manufacturer#4,4-NOT SPECIFIED,0,MACHINERY,AIR,3,0,21,Brand#44,MED DRUM,14,46,1,64277.088
O,O,N,COLLECT COD,Manufacturer#2,2-HIGH,1,AUTOMOBILE,TRUCK,3,0.05,21,Brand#25,SM PKG,31,10,1,18163.104
O,O,N,COLLECT COD,Manufacturer#3,2-HIGH,1,AUTOMOBILE,RAIL,2,0.07,18,Brand#32,MED DRUM,8,27,2,37927.2348
O,O,N,TAKE BACK RETURN,Manufacturer#1,2-HIGH,1,AUTOMOBILE,AIR,6,0.01,12,Brand#14,SM PACK,10,5,0,4761.598
O,O,N,NONE,Manufacturer#5,2-HIGH,1,AUTOMOBILE,RAIL,4,0.04,18,Brand#52,JUMBO PKG,8,4,2,6823.2
O,O,N,TAKE BACK RETURN,Manufacturer#3,2-HIGH,1,AUTOMOBILE,TRUCK,7,0,12,Brand#33,LG PKG,12,50,0,67639.77
F,F,A,COLLECT COD,Manufacturer#1,2-HIGH,0,AUTOMOBILE,RAIL,1,0,21,Brand#12,JUMBO PACK,21,7,1,8009.3832
F,F,R,NONE,Manufacturer#5,2-HIGH,0,AUTOMOBILE,RAIL,5,0.02,12,Brand#54,WRAP PACK,17,33,0,41487.0786
F,F,A,DELIVER IN PERSON,Manufacturer#1,2-HIGH,0,AUTOMOBILE,REG AIR,6,0.04,18,Brand#11,WRAP CAN,49,20,2,28050
O,O,N,TAKE BACK RETURN,Manufacturer#5,5-LOW,0,FURNITURE,FOB,2,0.01,9,Brand#53,LG JAR,31,49,4,69847.491
O,O,N,DELIVER IN PERSON,Manufacturer#1,5-LOW,0,FURNITURE,REG AIR,5,0.03,21,Brand#13,MED JAR,19,25,1,33493.05
F,F,R,COLLECT COD,Manufacturer#4,5-LOW,4,BUILDING,REG AIR,5,0.03,18,Brand#45,MED JAR,39,16,2,26599.9552
O,O,N,COLLECT COD,Manufacturer#3,5-LOW,2,AUTOMOBILE,TRUCK,1,0.02,18,Brand#35,WRAP CAN,14,47,2,49704.8265
O,O,N,TAKE BACK RETURN,Manufacturer#1,3-MEDIUM,0,BUILDING,REG AIR,2,0.06,18,Brand#12,SM JAR,23,1,2,1373.958
O,O,N,NONE,Manufacturer#4,3-MEDIUM,0,BUILDING,RAIL,4,0.01,18,Brand#45,SM PACK,3,27,2,44517.5001
O,O,N,TAKE BACK RETURN,Manufacturer#4,3-MEDIUM,0,BUILDING,MAIL,5,0,9,Brand#45,MED DRUM,34,8,4,11854.3312
F,F,A,NONE,Manufacturer#4,2-HIGH,2,FURNITURE,AIR,2,0.03,21,Brand#42,SM JAR,47,44,1,36836.8
F,F,A,COLLECT COD,Manufacturer#5,2-HIGH,2,FURNITURE,REG AIR,1,0.05,12,Brand#51,WRAP CASE,3,7,0,7908.7932
O,O,N,TAKE BACK RETURN,Manufacturer#5,4-NOT SPECIFIED,4,HOUSEHOLD,RAIL,3,0.08,18,Brand#53,LG JAR,26,23,2,36200.988
O,O,N,DELIVER IN PERSON,Manufacturer#4,4-NOT SPECIFIED,4,HOUSEHOLD,AIR,4,0,9,Brand#43,SM JAR,11,31,4,26461.8263
O,O,N,COLLECT COD,Manufacturer#4,3-MEDIUM,0,BUILDING,AIR,1,0.08,18,Brand#42,WRAP BAG,13,10,2,15341.436
F,F,R,NONE,Manufacturer#4,3-MEDIUM,1,BUILDING,RAIL,1,0.06,12,Brand#41,WRAP JAR,2,21,0,37764.9615
F,P,R,NONE,Manufacturer#5,4-NOT SPECIFIED,4,BUILDING,MAIL,3,0.08,18,Brand#54,MED CAN,9,8,2,7921.9504
F,F,R,COLLECT COD,Manufacturer#3,1-URGENT,2,AUTOMOBILE,TRUCK,1,0,12,Brand#33,WRAP BAG,7,17,0,17995.7988
F,F,A,TAKE BACK RETURN,Manufacturer#1,1-URGENT,2,AUTOMOBILE,REG AIR,3,0.06,12,Brand#11,MED BAG,20,17,0,17187.408
O,O,N,DELIVER IN PERSON,Manufacturer#5,4-NOT SPECIFIED,4,HOUSEHOLD,RAIL,1,0.05,21,Brand#51,LG PACK,42,42,1,76141.4304
F,F,A,DELIVER IN PERSON,Manufacturer#4,5-LOW,3,MACHINERY,AIR,2,0.08,12,Brand#43,LG BOX,16,35,0,29206.7685
F,F,A,TAKE BACK RETURN,Manufacturer#3,5-LOW,3,MACHINERY,RAIL,3,0.03,18,Brand#35,LG JAR,14,25,2,24544.68
F,F,R,TAKE BACK RETURN,Manufacturer#3,1-URGENT,1,AUTOMOBILE,FOB,1,0.05,21,Brand#35,MED DRUM,34,34,1,46959.678
F,F,R,NONE,Manufacturer#3,1-URGENT,1,AUTOMOBILE,MAIL,4,0.08,12,Brand#31,JUMBO JAR,38,31,0,48485.7174
F,F,A,DELIVER IN PERSON,Manufacturer#3,4-NOT SPECIFIED,4,MACHINERY,SHIP,2,0.01,18,Brand#31,SM CASE,30,31,2,26980.974
F,F,R,TAKE BACK RETURN,Manufacturer#2,5-LOW,1,BUILDING,MAIL,2,0.05,18,Brand#22,LG PACK,5,19,2,29666.3549
F,F,R,DELIVER IN PERSON,Manufacturer#5,5-LOW,1,BUILDING,AIR,1,0.03,9,Brand#51,MED JAR,11,19,4,23763.2734
F,F,R,TAKE BACK RETURN,Manufacturer#3,5-LOW,1,BUILDING,SHIP,3,0.03,12,Brand#31,MED DRUM,39,6,0,8693.5464
F,F,R,TAKE BACK RETURN,Manufacturer#2,5-LOW,1,BUILDING,SHIP,4,0.06,21,Brand#24,SM BAG,6,6,1,9537.7464
F,F,A,DELIVER IN PERSON,Manufacturer#5,5-LOW,1,BUILDING,AIR,5,0.08,21,Brand#55,MED JAR,12,39,1,55011.6294
O,O,N,NONE,Manufacturer#3,5-LOW,4,AUTOMOBILE,SHIP,6,0.05,12,Brand#35,LG DRUM,14,36,0,42840.8568
O,O,N,TAKE BACK RETURN,Manufacturer#2,5-LOW,4,AUTOMOBILE,REG AIR,1,0.03,9,Brand#24,MED JAR,16,28,4,42497.3024
F,F,R,NONE,Manufacturer#2,2-HIGH,1,BUILDING,FOB,2,0.07,9,Brand#22,WRAP PKG,31,47,4,86900.18
F,F,A,NONE,Manufacturer#1,2-HIGH,1,BUILDING,AIR,1,0.06,21,Brand#11,LG PACK,16,46,1,62028.24
F,F,A,NONE,Manufacturer#5,3-MEDIUM,3,FURNITURE,FOB,2,0.06,9,Brand#53,SM CAN,36,23,4,30338.8722
F,F,A,TAKE BACK RETURN,Manufacturer#3,1-URGENT,1,MACHINERY,RAIL,4,0.06,12,Brand#34,MED BAG,44,28,0,29207.92
F,F,A,TAKE BACK RETURN,Manufacturer#5,1-URGENT,1,MACHINERY,AIR,2,0.06,8,Brand#51,MED PACK,41,12,3,11074.0812
F,F,A,NONE,Manufacturer#1,3-MEDIUM,2,HOUSEHOLD,FOB,1,0.04,18,Brand#11,SM JAR,35,48,2,75955.9584
O,O,N,COLLECT COD,Manufacturer#5,3-MEDIUM,2,FURNITURE,AIR,2,0,18,Brand#52,WRAP DRUM,36,10,2,13446.352
F,F,R,NONE,Manufacturer#4,3-MEDIUM,2,AUTOMOBILE,SHIP,3,0.06,9,Brand#44,SM CASE,16,22,4,21303.0048
F,F,R,NONE,Manufacturer#1,3-MEDIUM,2,BUILDING,SHIP,3,0.03,9,Brand#15,LG CASE,41,50,4,68428.005
F,F,A,DELIVER IN PERSON,Manufacturer#5,3-MEDIUM,4,MACHINERY,AIR,2,0.02,18,Brand#52,SM BAG,9,1,2,1700.386
F,F,R,DELIVER IN PERSON,Manufacturer#5,3-MEDIUM,3,HOUSEHOLD,SHIP,3,0.02,18,Brand#53,SM BAG,24,18,2,18060.0192
F,F,A,COLLECT COD,Manufacturer#3,3-MEDIUM,0,MACHINERY,AIR,6,0.08,9,Brand#31,LG PACK,18,23,4,39798.3628
F,F,A,TAKE BACK RETURN,Manufacturer#4,3-MEDIUM,0,MACHINERY,AIR,4,0,12,Brand#44,SM PKG,50,11,0,17020.2648
O,O,N,DELIVER IN PERSON,Manufacturer#5,4-NOT SPECIFIED,4,MACHINERY,SHIP,5,0.05,8,Brand#51,MED CASE,48,10,3,17593.525
F,F,R,NONE,Manufacturer#2,3-MEDIUM,1,MACHINERY,TRUCK,2,0.02,12,Brand#22,LG JAR,2,45,0,65103.9525
O,O,N,NONE,Manufacturer#1,4-NOT SPECIFIED,3,HOUSEHOLD,REG AIR,1,0.02,18,Brand#12,WRAP DRUM,20,35,2,31119.4275
O,O,N,TAKE BACK RETURN,Manufacturer#5,4-NOT SPECIFIED,3,HOUSEHOLD,FOB,5,0.03,21,Brand#53,JUMBO BOX,11,40,1,67193.856
O,O,N,DELIVER IN PERSON,Manufacturer#4,2-HIGH,0,HOUSEHOLD,TRUCK,3,0.01,8,Brand#44,MED PACK,44,31,3,50943.168
O,O,N,COLLECT COD,Manufacturer#5,2-HIGH,0,HOUSEHOLD,FOB,4,0.02,9,Brand#51,SM JAR,9,50,4,58012.7
O,O,N,COLLECT COD,Manufacturer#5,2-HIGH,0,HOUSEHOLD,MAIL,2,0.07,8,Brand#51,WRAP BOX,25,36,3,53414.3304
O,O,N,NONE,Manufacturer#2,2-HIGH,0,HOUSEHOLD,MAIL,1,0.02,12,Brand#22,SM PACK,31,42,0,40460.2506
O,O,N,TAKE BACK RETURN,Manufacturer#4,2-HIGH,0,AUTOMOBILE,FOB,1,0.08,18,Brand#42,LG CAN,26,21,2,22926.5568
O,O,N,TAKE BACK RETURN,Manufacturer#2,2-HIGH,0,AUTOMOBILE,AIR,3,0.08,21,Brand#21,LG BOX,42,9,1,10112.5296
O,O,N,TAKE BACK RETURN,Manufacturer#3,1-URGENT,4,HOUSEHOLD,TRUCK,6,0.07,9,Brand#33,LG BAG,4,35,4,31853.185
O,O,N,NONE,Manufacturer#2,1-URGENT,4,HOUSEHOLD,TRUCK,4,0.03,9,Brand#22,JUMBO JAR,28,17,4,26401.0272
O,O,N,NONE,Manufacturer#1,4-NOT SPECIFIED,1,MACHINERY,TRUCK,3,0.04,9,Brand#13,LG CAN,35,41,4,64758.0732
O,O,N,NONE,Manufacturer#3,4-NOT SPECIFIED,3,AUTOMOBILE,RAIL,2,0.04,12,Brand#35,JUMBO CASE,24,6,0,5619.4776
O,O,N,NONE,Manufacturer#2,5-LOW,2,BUILDING,AIR,4,0.05,8,Brand#25,WRAP PKG,37,33,3,46270.5408
O,O,N,DELIVER IN PERSON,Manufacturer#5,5-LOW,2,BUILDING,REG AIR,6,0.08,9,Brand#52,MED BAG,44,43,4,66253.4325
F,F,R,TAKE BACK RETURN,Manufacturer#5,1-URGENT,0,HOUSEHOLD,REG AIR,3,0.03,21,Brand#51,SM CAN,15,14,1,22858.6176
O,O,N,TAKE BACK RETURN,Manufacturer#2,4-NOT SPECIFIED,1,FURNITURE,SHIP,4,0.07,12,Brand#21,SM CASE,25,39,0,54691.4511
O,O,N,COLLECT COD,Manufacturer#3,4-NOT SPECIFIED,1,FURNITURE,FOB,2,0.02,18,Brand#34,SM PKG,16,38,2,47691.558
F,F,R,DELIVER IN PERSON,Manufacturer#2,3-MEDIUM,1,BUILDING,TRUCK,3,0.08,21,Brand#22,WRAP DRUM,13,22,1,23961.96
F,F,A,COLLECT COD,Manufacturer#4,3-MEDIUM,1,BUILDING,TRUCK,2,0.07,9,Brand#44,LG CAN,36,42,4,43373.7612
F,F,R,COLLECT COD,Manufacturer#5,3-MEDIUM,2,BUILDING,RAIL,2,0.06,18,Brand#52,MED PKG,32,26,2,28016.7784
F,F,A,NONE,Manufacturer#2,3-MEDIUM,2,BUILDING,TRUCK,1,0,21,Brand#21,SM CAN,48,27,1,31526.577
F,F,A,COLLECT COD,Manufacturer#1,3-MEDIUM,2,BUILDING,TRUCK,3,0.01,18,Brand#12,LG BAG,45,19,2,26782.6774
F,F,R,TAKE BACK RETURN,Manufacturer#5,3-MEDIUM,1,FURNITURE,RAIL,4,0.08,12,Brand#52,LG PKG,39,12,0,13645.2228
F,F,R,COLLECT COD,Manufacturer#2,2-HIGH,2,AUTOMOBILE,RAIL,3,0.08,8,Brand#22,WRAP DRUM,26,21,3,31747.653
F,F,R,COLLECT COD,Manufacturer#5,1-URGENT,2,FURNITURE,REG AIR,2,0.02,8,Brand#53,LG JAR,31,2,3,2676.372
F,F,A,COLLECT COD,Manufacturer#1,1-URGENT,2,FURNITURE,SHIP,1,0.03,21,Brand#11,MED CASE,36,32,1,34393.5744
F,F,R,TAKE BACK RETURN,Manufacturer#1,1-URGENT,1,HOUSEHOLD,RAIL,4,0.02,12,Brand#12,MED CASE,49,50,0,70315.74
O,O,N,COLLECT COD,Manufacturer#3,5-LOW,1,BUILDING,REG AIR,2,0.05,18,Brand#35,JUMBO JAR,28,5,2,7731.67
F,F,A,NONE,Manufacturer#5,4-NOT SPECIFIED,0,FURNITURE,FOB,1,0,18,Brand#51,SM PACK,30,36,2,53816.1624
O,O,N,TAKE BACK RETURN,Manufacturer#3,5-LOW,4,BUILDING,TRUCK,4,0.06,12,Brand#34,MED BAG,44,7,0,7228.9602
O,O,N,NONE,Manufacturer#3,5-LOW,4,BUILDING,AIR,2,0.07,21,Brand#34,JUMBO CASE,19,17,1,29969.5074
F,F,A,NONE,Manufacturer#5,1-URGENT,2,BUILDING,TRUCK,1,0.04,9,Brand#51,JUMBO CASE,33,44,4,44653.0084
F,F,A,TAKE BACK RETURN,Manufacturer#5,1-URGENT,2,BUILDING,MAIL,2,0.06,21,Brand#51,JUMBO BAG,20,15,1,18014.805
F,F,R,NONE,Manufacturer#5,2-HIGH,4,FURNITURE,MAIL,2,0.07,8,Brand#54,MED JAR,22,13,3,19632.548
O,O,N,DELIVER IN PERSON,Manufacturer#4,1-URGENT,1,BUILDING,RAIL,3,0.07,8,Brand#41,SM JAR,11,31,3,32287.275
O,O,N,TAKE BACK RETURN,Manufacturer#5,5-LOW,4,BUILDING,AIR,4,0.03,18,Brand#52,MED CASE,13,42,2,37347.597
O,O,N,COLLECT COD,Manufacturer#2,5-LOW,4,BUILDING,SHIP,1,0,9,Brand#21,WRAP BAG,25,37,4,63829.2365
O,O,N,TAKE BACK RETURN,Manufacturer#2,4-NOT SPECIFIED,4,BUILDING,MAIL,5,0.04,21,Brand#25,SM BOX,35,27,1,45182.5101
O,O,N,COLLECT COD,Manufacturer#1,4-NOT SPECIFIED,4,BUILDING,REG AIR,7,0.03,12,Brand#12,SM BAG,8,2,0,2824.888
F,F,A,NONE,Manufacturer#4,2-HIGH,3,BUILDING,REG AIR,1,0,21,Brand#44,LG PKG,35,21,1,26302.2795
F,F,R,DELIVER IN PERSON,Manufacturer#1,2-HIGH,3,BUILDING,TRUCK,2,0.06,18,Brand#12,JUMBO BAG,43,2,2,2321.1734
O,O,N,DELIVER IN PERSON,Manufacturer#5,4-NOT SPECIFIED,1,FURNITURE,REG AIR,2,0.02,9,Brand#52,SM CAN,46,19,4,23212.395
F,F,R,NONE,Manufacturer#3,1-URGENT,0,HOUSEHOLD,SHIP,6,0.04,9,Brand#34,MED CAN,34,28,4,34271.8768
F,F,A,TAKE BACK RETURN,Manufacturer#4,1-URGENT,0,HOUSEHOLD,REG AIR,1,0.05,18,Brand#43,JUMBO PKG,13,31,2,28185.1225
F,F,A,DELIVER IN PERSON,Manufacturer#5,5-LOW,1,MACHINERY,RAIL,4,0,21,Brand#51,JUMBO JAR,23,21,1,28580.7249
F,F,A,COLLECT COD,Manufacturer#2,5-LOW,1,MACHINERY,AIR,5,0.08,21,Brand#24,LG CAN,2,26,1,33380.568
O,O,N,DELIVER IN PERSON,Manufacturer#2,5-LOW,1,MACHINERY,AIR,4,0.07,12,Brand#22,LG JAR,2,28,0,40073.544
F,F,R,TAKE BACK RETURN,Manufacturer#5,1-URGENT,4,BUILDING,AIR,2,0,8,Brand#54,JUMBO JAR,28,23,3,22790.4194
F,F,R,COLLECT COD,Manufacturer#5,1-URGENT,4,BUILDING,RAIL,1,0.03,18,Brand#52,WRAP PACK,27,22,2,26581.6584
O,O,N,NONE,Manufacturer#1,3-MEDIUM,4,HOUSEHOLD,MAIL,1,0.02,18,Brand#12,MED PACK,24,3,2,3263.934
O,O,N,DELIVER IN PERSON,Manufacturer#5,3-MEDIUM,4,HOUSEHOLD,TRUCK,4,0,21,Brand#55,SM JAR,18,46,1,68078.8224
O,O,N,COLLECT COD,Manufacturer#1,3-MEDIUM,4,HOUSEHOLD,SHIP,2,0.04,18,Brand#11,MED BOX,18,50,2,60532.575
O,O,N,DELIVER IN PERSON,Manufacturer#3,5-LOW,3,MACHINERY,SHIP,2,0,9,Brand#32,MED CASE,29,7,4,10515.2138
F,F,R,TAKE BACK RETURN,Manufacturer#4,3-MEDIUM,0,BUILDING,MAIL,7,0.04,18,Brand#45,SM PKG,8,45,2,73382.85
F,F,R,NONE,Manufacturer#5,3-MEDIUM,0,BUILDING,TRUCK,3,0,21,Brand#51,LG BOX,48,17,1,19452.08
O,O,N,NONE,Manufacturer#2,2-HIGH,0,HOUSEHOLD,SHIP,3,0.02,8,Brand#21,LG BOX,19,6,3,10183.1604
O,P,N,DELIVER IN PERSON,Manufacturer#1,2-HIGH,3,MACHINERY,RAIL,1,0.05,18,Brand#12,JUMBO BAG,40,31,2,39660.408
F,F,A,NONE,Manufacturer#3,3-MEDIUM,3,BUILDING,RAIL,6,0.03,8,Brand#35,LG DRUM,14,47,3,55931.1186
F,F,A,NONE,Manufacturer#1,3-MEDIUM,3,BUILDING,REG AIR,5,0.08,18,Brand#14,WRAP JAR,41,19,2,22742.3882
F,F,A,TAKE BACK RETURN,Manufacturer#4,3-MEDIUM,2,MACHINERY,REG AIR,1,0,21,Brand#45,JUMBO BAG,22,8,1,7127.6296
F,F,A,COLLECT COD,Manufacturer#3,3-MEDIUM,2,MACHINERY,AIR,5,0.03,12,Brand#31,SM CAN,25,37,0,61799.5386
F,F,R,TAKE BACK RETURN,Manufacturer#1,3-MEDIUM,2,MACHINERY,SHIP,3,0.07,8,Brand#12,MED JAR,23,31,3,26348.9863
F,F,R,TAKE BACK RETURN,Manufacturer#1,3-MEDIUM,2,MACHINERY,AIR,2,0.07,18,Brand#12,SM DRUM,8,33,2,35924.3808
F,F,A,NONE,Manufacturer#3,3-MEDIUM,1,AUTOMOBILE,AIR,3,0.02,12,Brand#32,WRAP BOX,20,45,0,74789.2035
F,F,R,COLLECT COD,Manufacturer#3,3-MEDIUM,1,AUTOMOBILE,RAIL,7,0.04,9,Brand#34,MED CASE,4,9,4,8131.4775
F,F,R,COLLECT COD,Manufacturer#3,3-MEDIUM,1,AUTOMOBILE,FOB,2,0.06,9,Brand#34,MED BAG,32,34,4,30682.5792
F,F,A,DELIVER IN PERSON,Manufacturer#1,4-NOT SPECIFIED,4,AUTOMOBILE,TRUCK,1,0,9,Brand#12,SM BAG,46,23,4,20123.62
F,F,A,COLLECT COD,Manufacturer#3,4-NOT SPECIFIED,4,FURNITURE,AIR,2,0.08,18,Brand#35,LG BOX,13,15,2,25095.825
F,F,A,COLLECT COD,Manufacturer#1,4-NOT SPECIFIED,4,FURNITURE,FOB,1,0.08,12,Brand#14,WRAP BAG,25,1,0,926.532
O,O,N,DELIVER IN PERSON,Manufacturer#3,3-MEDIUM,3,BUILDING,MAIL,1,0.01,9,Brand#33,SM CASE,25,9,4,14369.2461
F,F,A,TAKE BACK RETURN,Manufacturer#3,2-HIGH,0,FURNITURE,AIR,2,0.07,18,Brand#35,WRAP BOX,33,37,2,53374.4314
F,F,R,TAKE BACK RETURN,Manufacturer#5,2-HIGH,0,FURNITURE,REG AIR,3,0.07,12,Brand#52,JUMBO BOX,47,13,0,19264.6272
O,O,N,NONE,Manufacturer#1,5-LOW,1,AUTOMOBILE,MAIL,3,0.03,18,Brand#15,LG DRUM,6,35,2,56608.7445
O,O,N,NONE,Manufacturer#5,5-LOW,1,AUTOMOBILE,SHIP,5,0.01,18,Brand#53,SM BAG,24,33,2,32075.3466
O,O,N,COLLECT COD,Manufacturer#4,3-MEDIUM,1,HOUSEHOLD,TRUCK,1,0.08,9,Brand#45,WRAP DRUM,27,3,4,4370.9814
F,F,A,COLLECT COD,Manufacturer#2,5-LOW,3,AUTOMOBILE,SHIP,5,0.08,8,Brand#23,SM PACK,27,27,3,34502.841
F,F,A,NONE,Manufacturer#4,5-LOW,3,AUTOMOBILE,RAIL,3,0.03,21,Brand#41,WRAP BAG,10,11,1,17555.1486
F,F,A,TAKE BACK RETURN,Manufacturer#1,5-LOW,3,AUTOMOBILE,FOB,1,0.02,12,Brand#11,JUMBO CASE,20,3,0,2804.628
O,O,N,NONE,Manufacturer#5,3-MEDIUM,4,AUTOMOBILE,REG AIR,2,0.05,18,Brand#53,MED CAN,3,50,2,47287.94
O,O,N,TAKE BACK RETURN,Manufacturer#3,1-URGENT,2,AUTOMOBILE,REG AIR,6,0.04,21,Brand#35,JUMBO CASE,35,22,1,34030.6846
O,O,N,NONE,Manufacturer#1,1-URGENT,2,AUTOMOBILE,TRUCK,3,0.03,18,Brand#13,LG DRUM,44,11,2,18611.703
O,O,N,COLLECT COD,Manufacturer#4,1-URGENT,2,AUTOMOBILE,SHIP,1,0,18,Brand#44,SM BAG,4,48,2,85721.328
O,O,N,COLLECT COD,Manufacturer#2,5-LOW,0,AUTOMOBILE,TRUCK,1,0.06,8,Brand#25,MED CAN,25,13,3,11916.9544
F,F,R,COLLECT COD,Manufacturer#4,2-HIGH,3,HOUSEHOLD,REG AIR,1,0.08,12,Brand#41,MED PACK,22,39,0,51831.6084
O,O,N,TAKE BACK RETURN,Manufacturer#4,1-URGENT,3,BUILDING,AIR,1,0,18,Brand#45,SM PACK,3,29,2,44364.519
O,O,N,NONE,Manufacturer#2,2-HIGH,3,HOUSEHOLD,RAIL,1,0.08,12,Brand#22,LG JAR,45,21,0,23953.104
O,O,N,DELIVER IN PERSON,Manufacturer#4,4-NOT SPECIFIED,1,MACHINERY,AIR,3,0.01,8,Brand#43,JUMBO PACK,14,42,3,36129.5592
O,O,N,NONE,Manufacturer#4,4-NOT SPECIFIED,1,MACHINERY,SHIP,1,0.02,18,Brand#42,WRAP BAG,13,37,2,53896.4792
O,O,N,COLLECT COD,Manufacturer#3,4-NOT SPECIFIED,1,MACHINERY,REG AIR,6,0.07,12,Brand#34,MED JAR,50,46,0,58379.1704
F,F,A,COLLECT COD,Manufacturer#3,2-HIGH,1,FURNITURE,RAIL,2,0.03,8,Brand#35,LG DRUM,14,33,3,36866.4516
O,O,N,DELIVER IN PERSON,Manufacturer#2,2-HIGH,4,AUTOMOBILE,SHIP,3,0.07,18,Brand#21,JUMBO CASE,31,30,2,37083.984
O,O,N,NONE,Manufacturer#4,2-HIGH,4,AUTOMOBILE,REG AIR,2,0,9,Brand#42,JUMBO BAG,40,9,4,11932.83
O,O,N,NONE,Manufacturer#3,2-HIGH,4,AUTOMOBILE,SHIP,5,0.08,18,Brand#33,JUMBO BAG,46,19,2,16116.9096
O,O,N,COLLECT COD,Manufacturer#1,4-NOT SPECIFIED,1,HOUSEHOLD,REG AIR,1,0,9,Brand#13,JUMBO JAR,16,3,4,5543.82
O,O,N,COLLECT COD,Manufacturer#2,1-URGENT,1,MACHINERY,FOB,5,0.04,21,Brand#24,JUMBO PACK,41,18,1,20590.4664
O,O,N,DELIVER IN PERSON,Manufacturer#5,4-NOT SPECIFIED,1,HOUSEHOLD,AIR,4,0.01,12,Brand#53,WRAP DRUM,10,44,0,46660.1652
O,O,N,NONE,Manufacturer#4,4-NOT SPECIFIED,1,HOUSEHOLD,SHIP,1,0.06,21,Brand#45,MED JAR,35,11,1,12155.5269
O,O,N,TAKE BACK RETURN,Manufacturer#1,2-HIGH,2,AUTOMOBILE,MAIL,2,0.06,8,Brand#14,LG JAR,9,41,3,73549.49
F,F,A,TAKE BACK RETURN,Manufacturer#2,5-LOW,4,BUILDING,SHIP,3,0,8,Brand#22,SM PACK,50,41,3,60521.1168
O,O,N,DELIVER IN PERSON,Manufacturer#5,4-NOT SPECIFIED,1,HOUSEHOLD,RAIL,3,0.06,18,Brand#55,SM BOX,37,32,2,31959.2896
O,O,N,NONE,Manufacturer#4,4-NOT SPECIFIED,1,BUILDING,FOB,5,0.05,21,Brand#45,JUMBO PACK,14,41,1,36498.9216
O,O,N,NONE,Manufacturer#4,4-NOT SPECIFIED,1,BUILDING,MAIL,3,0.07,8,Brand#42,MED JAR,7,46,3,48777.7836
F,F,R,NONE,Manufacturer#4,4-NOT SPECIFIED,0,HOUSEHOLD,MAIL,1,0.06,12,Brand#42,JUMBO JAR,46,42,0,48322.386
F,F,R,TAKE BACK RETURN,Manufacturer#4,1-URGENT,4,BUILDING,SHIP,2,0.01,8,Brand#43,SM JAR,11,22,3,20223.9268
F,F,R,TAKE BACK RETURN,Manufacturer#2,1-URGENT,4,BUILDING,MAIL,6,0.07,12,Brand#22,MED JAR,18,44,0,57850.606
F,F,R,DELIVER IN PERSON,Manufacturer#2,1-URGENT,4,BUILDING,AIR,1,0.04,21,Brand#23,JUMBO PACK,2,47,1,59565.92
F,F,R,COLLECT COD,Manufacturer#3,4-NOT SPECIFIED,0,AUTOMOBILE,REG AIR,4,0.04,21,Brand#32,LG CAN,1,7,1,7901.8632
F,F,R,COLLECT COD,Manufacturer#2,4-NOT SPECIFIED,0,AUTOMOBILE,REG AIR,3,0.04,8,Brand#25,JUMBO CAN,3,4,3,3631.7964
O,O,N,DELIVER IN PERSON,Manufacturer#2,2-HIGH,1,FURNITURE,FOB,3,0.07,21,Brand#25,SM BOX,35,31,1,52446.2836
O,O,N,COLLECT COD,Manufacturer#5,2-HIGH,1,FURNITURE,MAIL,5,0.03,8,Brand#52,WRAP CAN,4,46,3,70901.9252
O,O,N,COLLECT COD,Manufacturer#5,2-HIGH,1,FURNITURE,REG AIR,2,0.05,18,Brand#53,WRAP PACK,29,9,2,7468.56
O,O,N,DELIVER IN PERSON,Manufacturer#5,3-MEDIUM,0,HOUSEHOLD,MAIL,3,0.02,18,Brand#53,LG CASE,37,47,2,54804.6226
F,F,R,TAKE BACK RETURN,Manufacturer#5,5-LOW,2,AUTOMOBILE,AIR,2,0.08,21,Brand#52,LG PKG,39,32,1,35637.008
F,F,R,NONE,Manufacturer#5,2-HIGH,1,MACHINERY,AIR,6,0.08,21,Brand#54,LG CASE,42,43,1,70336.39
O,O,N,TAKE BACK RETURN,Manufacturer#2,4-NOT SPECIFIED,0,MACHINERY,TRUCK,1,0.07,18,Brand#21,LG DRUM,21,30,2,42795.6
F,F,R,DELIVER IN PERSON,Manufacturer#5,1-URGENT,0,AUTOMOBILE,REG AIR,3,0.08,8,Brand#52,LG CAN,23,19,3,32989.9185
O,O,N,DELIVER IN PERSON,Manufacturer#4,3-MEDIUM,0,FURNITURE,FOB,6,0.05,21,Brand#42,JUMBO BAG,1,2,1,3353.6944
F,F,R,DELIVER IN PERSON,Manufacturer#1,2-HIGH,0,MACHINERY,AIR,4,0.08,8,Brand#14,MED JAR,32,15,3,16339.185
F,F,A,TAKE BACK RETURN,Manufacturer#4,2-HIGH,0,MACHINERY,RAIL,3,0.04,9,Brand#43,MED BAG,4,37,4,64299.71
F,F,R,COLLECT COD,Manufacturer#2,4-NOT SPECIFIED,0,HOUSEHOLD,FOB,4,0.07,21,Brand#24,MED PACK,50,44,1,72809
F,F,A,COLLECT COD,Manufacturer#1,4-NOT SPECIFIED,0,HOUSEHOLD,AIR,3,0.06,12,Brand#14,LG PACK,44,17,0,25527.982
F,F,R,COLLECT COD,Manufacturer#2,5-LOW,2,BUILDING,TRUCK,1,0,21,Brand#23,SM DRUM,40,4,1,6616.2352
F,F,R,NONE,Manufacturer#1,4-NOT SPECIFIED,3,BUILDING,REG AIR,2,0.04,8,Brand#14,JUMBO BOX,19,40,3,32544
F,F,A,TAKE BACK RETURN,Manufacturer#3,4-NOT SPECIFIED,3,BUILDING,RAIL,4,0.03,18,Brand#34,JUMBO CAN,48,38,2,42872.1472
F,F,A,COLLECT COD,Manufacturer#2,4-NOT SPECIFIED,3,BUILDING,MAIL,3,0.03,21,Brand#24,MED PKG,48,2,1,2813.6388
F,F,A,DELIVER IN PERSON,Manufacturer#4,3-MEDIUM,0,BUILDING,REG AIR,6,0,8,Brand#44,LG CASE,37,11,3,10413.0048
F,F,R,TAKE BACK RETURN,Manufacturer#1,4-NOT SPECIFIED,2,BUILDING,REG AIR,4,0.03,18,Brand#12,JUMBO PACK,30,28,2,41456.24
F,F,A,TAKE BACK RETURN,Manufacturer#1,4-NOT SPECIFIED,2,BUILDING,TRUCK,1,0.03,18,Brand#13,WRAP PKG,43,25,2,33209.405
O,O,N,DELIVER IN PERSON,Manufacturer#5,1-URGENT,1,BUILDING,AIR,4,0.05,18,Brand#53,SM CASE,32,7,2,6693.7248
O,O,N,NONE,Manufacturer#1,1-URGENT,1,BUILDING,TRUCK,2,0.04,12,Brand#13,WRAP PACK,28,2,0,1934.409
F,F,A,COLLECT COD,Manufacturer#2,3-MEDIUM,3,HOUSEHOLD,TRUCK,7,0.04,18,Brand#21,JUMBO CASE,31,2,2,2472.2656
F,F,A,TAKE BACK RETURN,Manufacturer#4,3-MEDIUM,3,HOUSEHOLD,MAIL,1,0.08,8,Brand#41,WRAP CASE,13,17,3,16090.8111
F,F,A,COLLECT COD,Manufacturer#5,2-HIGH,3,AUTOMOBILE,FOB,1,0.07,12,Brand#53,JUMBO PKG,10,32,0,54919.7376
F,F,R,TAKE BACK RETURN,Manufacturer#1,2-HIGH,3,AUTOMOBILE,FOB,2,0.06,9,Brand#13,LG CAN,35,36,4,59332.9536
O,O,N,COLLECT COD,Manufacturer#5,1-URGENT,1,AUTOMOBILE,RAIL,3,0.01,18,Brand#52,MED DRUM,44,13,2,14233.2554
F,F,A,DELIVER IN PERSON,Manufacturer#5,5-LOW,1,FURNITURE,FOB,2,0.01,9,Brand#55,JUMBO BAG,3,17,4,14624.5662
O,O,N,DELIVER IN PERSON,Manufacturer#3,3-MEDIUM,1,MACHINERY,RAIL,1,0.07,9,Brand#35,SM JAR,39,2,4,1755.126
O,O,N,DELIVER IN PERSON,Manufacturer#3,4-NOT SPECIFIED,0,FURNITURE,REG AIR,2,0.02,18,Brand#31,WRAP PKG,11,39,2,46102.797
O,O,N,COLLECT COD,Manufacturer#2,3-MEDIUM,2,HOUSEHOLD,RAIL,5,0.04,8,Brand#24,MED CASE,36,27,3,32792.6718
O,O,N,DELIVER IN PERSON,Manufacturer#3,3-MEDIUM,2,HOUSEHOLD,TRUCK,1,0.07,8,Brand#34,LG CASE,20,36,3,47262.474
F,F,R,COLLECT COD,Manufacturer#5,5-LOW,2,BUILDING,REG AIR,5,0.06,21,Brand#53,WRAP CASE,1,43,1,48459.538
F,F,A,COLLECT COD,Manufacturer#4,5-LOW,2,BUILDING,MAIL,6,0.01,18,Brand#44,SM BAG,15,12,2,18186.2784
O,O,N,COLLECT COD,Manufacturer#5,4-NOT SPECIFIED,4,BUILDING,AIR,1,0.05,12,Brand#52,WRAP CAN,4,28,0,45453.3156
O,O,N,NONE,Manufacturer#1,5-LOW,2,BUILDING,AIR,1,0.03,21,Brand#13,MED PKG,6,42,1,41209.5222
F,F,A,COLLECT COD,Manufacturer#1,4-NOT SPECIFIED,4,BUILDING,FOB,2,0.01,21,Brand#15,LG DRUM,31,20,1,24627.112
O,O,N,COLLECT COD,Manufacturer#2,3-MEDIUM,1,MACHINERY,REG AIR,3,0.02,12,Brand#21,WRAP DRUM,31,35,0,32154.745
F,F,A,DELIVER IN PERSON,Manufacturer#3,3-MEDIUM,0,AUTOMOBILE,RAIL,5,0.02,8,Brand#32,SM JAR,18,38,3,50562.0172
F,F,R,NONE,Manufacturer#2,3-MEDIUM,0,AUTOMOBILE,FOB,3,0.02,18,Brand#22,JUMBO JAR,28,47,2,69189.4567
O,O,N,NONE,Manufacturer#3,2-HIGH,1,MACHINERY,TRUCK,2,0.08,18,Brand#31,SM CASE,30,49,2,43595.0648
O,O,N,NONE,Manufacturer#1,2-HIGH,1,MACHINERY,FOB,5,0.07,12,Brand#12,MED CASE,49,34,0,46365.7728
F,F,R,TAKE BACK RETURN,Manufacturer#3,4-NOT SPECIFIED,3,MACHINERY,MAIL,4,0.07,21,Brand#32,MED PKG,5,8,1,9298.7304
F,F,A,DELIVER IN PERSON,Manufacturer#4,4-NOT SPECIFIED,3,MACHINERY,TRUCK,6,0.06,9,Brand#42,JUMBO DRUM,13,3,4,4052.1459
O,O,N,NONE,Manufacturer#1,5-LOW,3,AUTOMOBILE,AIR,2,0.06,18,Brand#14,WRAP BAG,46,30,2,36936.69
F,F,A,NONE,Manufacturer#3,4-NOT SPECIFIED,0,FURNITURE,AIR,2,0.04,9,Brand#35,JUMBO CASE,42,12,4,16022.664
F,F,R,TAKE BACK RETURN,Manufacturer#2,4-NOT SPECIFIED,0,FURNITURE,AIR,1,0.02,8,Brand#24,MED PKG,48,31,3,44501.43
F,F,R,COLLECT COD,Manufacturer#1,4-NOT SPECIFIED,0,MACHINERY,SHIP,5,0.01,8,Brand#15,LG CASE,41,25,3,44321.75
F,F,A,NONE,Manufacturer#3,4-NOT SPECIFIED,0,MACHINERY,MAIL,4,0.04,8,Brand#35,LG DRUM,14,18,3,21857.58
F,F,R,NONE,Manufacturer#3,4-NOT SPECIFIED,0,MACHINERY,FOB,2,0.04,18,Brand#33,MED PACK,30,24,2,35321.1552
F,F,A,TAKE BACK RETURN,Manufacturer#1,5-LOW,0,BUILDING,RAIL,6,0.01,18,Brand#11,JUMBO BOX,48,33,2,41060.382
F,F,A,NONE,Manufacturer#1,5-LOW,0,BUILDING,MAIL,2,0.07,9,Brand#15,SM JAR,25,11,4,14162.148
F,F,A,DELIVER IN PERSON,Manufacturer#5,5-LOW,0,BUILDING,AIR,1,0.06,18,Brand#53,MED BAG,21,5,2,4463.914
F,F,A,COLLECT COD,Manufacturer#1,5-LOW,0,BUILDING,SHIP,3,0.02,21,Brand#13,MED JAR,38,5,1,6712.752
F,F,A,DELIVER IN PERSON,Manufacturer#5,5-LOW,4,BUILDING,MAIL,1,0.05,9,Brand#51,WRAP BAG,19,38,4,55545.1776
F,F,R,NONE,Manufacturer#2,5-LOW,4,BUILDING,MAIL,2,0.01,18,Brand#24,JUMBO CAN,29,1,2,1420.9134
F,F,R,DELIVER IN PERSON,Manufacturer#5,4-NOT SPECIFIED,4,AUTOMOBILE,TRUCK,2,0.01,18,Brand#55,LG BOX,21,27,2,31067.2098
O,O,N,COLLECT COD,Manufacturer#3,2-HIGH,1,FURNITURE,TRUCK,5,0.03,21,Brand#35,WRAP BAG,3,24,1,37979.328
O,O,N,COLLECT COD,Manufacturer#3,1-URGENT,1,AUTOMOBILE,REG AIR,1,0.01,21,Brand#32,LG DRUM,43,42,1,39483.5532
O,O,N,NONE,Manufacturer#1,5-LOW,3,FURNITURE,TRUCK,1,0.01,8,Brand#13,LG PACK,1,34,3,42232.5832
O,O,N,COLLECT COD,Manufacturer#1,2-HIGH,4,AUTOMOBILE,TRUCK,6,0,21,Brand#13,SM PKG,3,2,1,2949.3684
O,O,N,COLLECT COD,Manufacturer#1,2-HIGH,4,AUTOMOBILE,RAIL,4,0.04,21,Brand#11,JUMBO PKG,29,15,1,15392.958
O,O,N,NONE,Manufacturer#5,2-HIGH,4,AUTOMOBILE,TRUCK,1,0.05,18,Brand#53,WRAP CAN,49,35,2,56957.292
F,P,A,COLLECT COD,Manufacturer#4,1-URGENT,4,BUILDING,TRUCK,3,0.08,8,Brand#41,SM JAR,11,26,3,28283.19
F,P,A,COLLECT COD,Manufacturer#2,1-URGENT,4,BUILDING,MAIL,7,0.01,18,Brand#22,JUMBO CASE,22,39,2,68099.8812
O,O,N,COLLECT COD,Manufacturer#1,4-NOT SPECIFIED,0,MACHINERY,REG AIR,1,0,18,Brand#13,JUMBO JAR,16,41,2,75007.8846
O,O,N,TAKE BACK RETURN,Manufacturer#1,4-NOT SPECIFIED,0,MACHINERY,AIR,2,0.04,21,Brand#15,SM CASE,2,42,1,55547.3604
F,F,A,COLLECT COD,Manufacturer#2,5-LOW,0,BUILDING,FOB,1,0.01,21,Brand#21,SM BOX,11,37,1,46496.6568
O,O,N,COLLECT COD,Manufacturer#4,3-MEDIUM,0,BUILDING,TRUCK,1,0,21,Brand#43,WRAP BAG,20,25,1,33819.695
O,O,N,NONE,Manufacturer#2,4-NOT SPECIFIED,4,AUTOMOBILE,RAIL,3,0.06,18,Brand#25,SM CASE,27,21,2,19740.84
O,O,N,NONE,Manufacturer#1,1-URGENT,3,MACHINERY,RAIL,1,0.07,18,Brand#15,WRAP PACK,36,43,2,51824.5546
O,O,N,DELIVER IN PERSON,Manufacturer#1,4-NOT SPECIFIED,1,BUILDING,TRUCK,1,0.06,12,Brand#11,JUMBO BAG,1,22,0,21799.822
F,F,A,COLLECT COD,Manufacturer#1,4-NOT SPECIFIED,1,FURNITURE,RAIL,1,0.07,12,Brand#14,JUMBO PACK,42,35,0,43696.422
O,O,N,NONE,Manufacturer#1,1-URGENT,3,MACHINERY,SHIP,1,0.01,8,Brand#14,JUMBO BAG,10,20,3,34250.436
F,F,A,TAKE BACK RETURN,Manufacturer#4,4-NOT SPECIFIED,0,HOUSEHOLD,SHIP,1,0.03,21,Brand#45,MED BAG,27,7,1,8098.6269
F,F,R,NONE,Manufacturer#4,3-MEDIUM,4,HOUSEHOLD,RAIL,1,0,9,Brand#43,JUMBO BAG,41,34,4,50330.7168
F,F,A,COLLECT COD,Manufacturer#2,1-URGENT,1,BUILDING,MAIL,1,0.04,8,Brand#23,JUMBO JAR,42,20,3,29254.764
O,O,N,DELIVER IN PERSON,Manufacturer#2,2-HIGH,0,MACHINERY,SHIP,6,0.03,18,Brand#25,SM BOX,35,14,2,24715.2192
O,O,N,COLLECT COD,Manufacturer#1,2-HIGH,0,MACHINERY,FOB,3,0.07,12,Brand#12,SM DRUM,40,4,0,4770.7152
F,F,R,TAKE BACK RETURN,Manufacturer#1,1-URGENT,2,FURNITURE,RAIL,2,0.05,18,Brand#12,MED JAR,42,26,2,34739.172
F,F,A,DELIVER IN PERSON,Manufacturer#3,1-URGENT,2,FURNITURE,SHIP,4,0.06,8,Brand#34,LG CAN,35,49,3,55215.5373
F,F,A,NONE,Manufacturer#1,4-NOT SPECIFIED,1,FURNITURE,AIR,5,0.04,18,Brand#15,JUMBO DRUM,8,21,2,20607.0795
F,F,R,NONE,Manufacturer#3,4-NOT SPECIFIED,1,FURNITURE,TRUCK,2,0.02,18,Brand#33,SM BOX,32,41,2,69482.3679
F,F,R,TAKE BACK RETURN,Manufacturer#2,4-NOT SPECIFIED,1,FURNITURE,FOB,4,0.05,12,Brand#21,SM CASE,25,33,0,45809.9334
O,O,N,COLLECT COD,Manufacturer#2,2-HIGH,0,BUILDING,RAIL,4,0.02,12,Brand#22,MED JAR,8,24,0,26916.7104
F,F,A,COLLECT COD,Manufacturer#4,2-HIGH,3,HOUSEHOLD,REG AIR,4,0.06,21,Brand#43,WRAP CASE,44,12,1,17676.6204
F,F,A,NONE,Manufacturer#3,2-HIGH,3,HOUSEHOLD,REG AIR,3,0.05,12,Brand#35,LG BAG,42,26,0,26728.416
F,F,A,NONE,Manufacturer#3,4-NOT SPECIFIED,3,FURNITURE,RAIL,3,0.06,8,Brand#35,MED BAG,43,46,3,81739.2906
F,F,A,COLLECT COD,Manufacturer#3,4-NOT SPECIFIED,3,FURNITURE,FOB,4,0.06,8,Brand#33,SM CAN,23,44,3,75209.816
O,O,N,DELIVER IN PERSON,Manufacturer#3,5-LOW,1,BUILDING,MAIL,5,0.04,18,Brand#33,LG BAG,49,42,2,72951.5472
O,O,N,TAKE BACK RETURN,Manufacturer#1,5-LOW,1,BUILDING,SHIP,2,0.06,18,Brand#15,SM CASE,34,25,2,32881.4
O,O,N,COLLECT COD,Manufacturer#5,4-NOT SPECIFIED,1,FURNITURE,REG AIR,1,0.07,21,Brand#54,WRAP CASE,46,34,1,45059.7784
O,O,N,COLLECT COD,Manufacturer#2,1-URGENT,1,FURNITURE,FOB,2,0.04,8,Brand#25,MED JAR,50,10,3,13126.414
F,F,A,COLLECT COD,Manufacturer#4,1-URGENT,0,FURNITURE,FOB,1,0.04,12,Brand#44,JUMBO CAN,1,28,0,37010.974
O,O,N,TAKE BACK RETURN,Manufacturer#5,1-URGENT,2,MACHINERY,REG AIR,2,0.05,9,Brand#54,SM CAN,32,34,4,53254.302
F,F,R,DELIVER IN PERSON,Manufacturer#4,4-NOT SPECIFIED,4,FURNITURE,SHIP,5,0.03,12,Brand#42,JUMBO CASE,6,32,0,52699.4016
F,F,A,NONE,Manufacturer#1,2-HIGH,2,MACHINERY,SHIP,1,0.06,18,Brand#11,JUMBO BOX,48,50,2,65593.825
F,F,R,NONE,Manufacturer#4,3-MEDIUM,3,BUILDING,RAIL,3,0.06,21,Brand#45,MED JAR,35,5,1,5469.429
O,O,N,DELIVER IN PERSON,Manufacturer#2,2-HIGH,3,MACHINERY,FOB,3,0,21,Brand#23,LG JAR,26,43,1,68184.24
F,F,R,COLLECT COD,Manufacturer#5,3-MEDIUM,2,FURNITURE,AIR,2,0.01,9,Brand#51,SM PKG,28,27,4,39029.58
O,O,N,NONE,Manufacturer#4,3-MEDIUM,0,FURNITURE,SHIP,2,0.04,21,Brand#42,SM CAN,44,41,1,66394.2807
O,O,N,COLLECT COD,Manufacturer#4,5-LOW,4,FURNITURE,RAIL,2,0.08,8,Brand#45,SM CASE,38,27,3,39213.2826
O,O,N,TAKE BACK RETURN,Manufacturer#3,5-LOW,4,FURNITURE,FOB,6,0.07,9,Brand#35,MED CAN,48,31,4,31234.112
F,F,A,COLLECT COD,Manufacturer#3,1-URGENT,0,HOUSEHOLD,TRUCK,7,0.03,21,Brand#32,LG PKG,36,29,1,33674.916
F,F,A,NONE,Manufacturer#4,1-URGENT,0,HOUSEHOLD,AIR,5,0,18,Brand#45,MED JAR,39,46,2,84038.32
F,F,A,DELIVER IN PERSON,Manufacturer#1,1-URGENT,0,HOUSEHOLD,AIR,2,0.06,9,Brand#11,MED CASE,13,3,4,3144.2748
O,O,N,COLLECT COD,Manufacturer#2,5-LOW,1,HOUSEHOLD,FOB,3,0.05,8,Brand#23,SM PACK,27,5,3,6797.25
O,O,N,NONE,Manufacturer#5,5-LOW,1,HOUSEHOLD,AIR,2,0.04,18,Brand#52,MED CASE,13,29,2,25787.6265
F,F,R,TAKE BACK RETURN,Manufacturer#5,4-NOT SPECIFIED,1,BUILDING,MAIL,5,0.05,18,Brand#52,WRAP CASE,10,14,2,20887.65
F,F,R,TAKE BACK RETURN,Manufacturer#1,4-NOT SPECIFIED,1,BUILDING,TRUCK,1,0.05,21,Brand#12,MED PKG,41,48,1,43549.92
F,F,A,NONE,Manufacturer#2,4-NOT SPECIFIED,2,FURNITURE,RAIL,3,0.05,8,Brand#21,LG BOX,19,27,3,44889.0336
F,F,R,DELIVER IN PERSON,Manufacturer#1,1-URGENT,2,BUILDING,REG AIR,1,0,9,Brand#14,SM BOX,26,46,4,45628.918
F,F,A,DELIVER IN PERSON,Manufacturer#5,1-URGENT,2,BUILDING,TRUCK,3,0.01,8,Brand#54,WRAP CAN,12,6,3,5200.0608
O,O,N,TAKE BACK RETURN,Manufacturer#4,2-HIGH,0,AUTOMOBILE,TRUCK,1,0,12,Brand#44,SM CAN,11,19,0,31548.6583
O,O,N,DELIVER IN PERSON,Manufacturer#1,2-HIGH,0,AUTOMOBILE,REG AIR,2,0.03,18,Brand#15,LG DRUM,6,23,2,34569.7268
O,O,N,TAKE BACK RETURN,Manufacturer#4,2-HIGH,0,AUTOMOBILE,RAIL,6,0.04,18,Brand#45,SM PACK,3,44,2,68807.4992
O,O,N,COLLECT COD,Manufacturer#5,2-HIGH,3,AUTOMOBILE,REG AIR,4,0.08,12,Brand#52,JUMBO PKG,21,28,0,26096.728
O,O,N,TAKE BACK RETURN,Manufacturer#2,1-URGENT,3,HOUSEHOLD,SHIP,2,0,18,Brand#25,LG CASE,39,34,2,38801.99
O,O,N,TAKE BACK RETURN,Manufacturer#1,5-LOW,4,BUILDING,MAIL,3,0.03,18,Brand#11,SM BAG,17,48,2,71767.728
F,F,A,NONE,Manufacturer#2,5-LOW,2,FURNITURE,AIR,4,0.05,8,Brand#21,JUMBO CAN,29,29,3,44671.7798
O,P,N,DELIVER IN PERSON,Manufacturer#4,4-NOT SPECIFIED,3,FURNITURE,REG AIR,3,0.04,21,Brand#42,WRAP CAN,16,17,1,24153.7785
F,P,N,DELIVER IN PERSON,Manufacturer#5,4-NOT SPECIFIED,3,FURNITURE,REG AIR,1,0.01,9,Brand#51,SM CAN,8,12,4,17042.4072
O,P,N,NONE,Manufacturer#4,4-NOT SPECIFIED,3,FURNITURE,SHIP,2,0.02,21,Brand#43,LG BOX,16,41,1,34589.6172
O,O,N,NONE,Manufacturer#4,1-URGENT,0,MACHINERY,FOB,1,0.01,8,Brand#41,LG BAG,30,4,3,4278.5664
O,O,N,TAKE BACK RETURN,Manufacturer#1,1-URGENT,2,MACHINERY,MAIL,2,0.07,18,Brand#15,LG CASE,41,35,2,47384.554
O,O,N,TAKE BACK RETURN,Manufacturer#4,1-URGENT,2,MACHINERY,FOB,5,0.01,18,Brand#43,MED PACK,37,27,2,46786.41
O,O,N,TAKE BACK RETURN,Manufacturer#3,1-URGENT,2,MACHINERY,AIR,6,0.07,9,Brand#33,LG CAN,1,13,4,23984.22
F,F,R,COLLECT COD,Manufacturer#4,3-MEDIUM,1,HOUSEHOLD,MAIL,1,0.01,18,Brand#44,MED DRUM,14,18,2,26199.9
F,F,A,TAKE BACK RETURN,Manufacturer#5,3-MEDIUM,1,HOUSEHOLD,MAIL,2,0.05,12,Brand#52,LG DRUM,30,48,0,50079.6
F,F,A,DELIVER IN PERSON,Manufacturer#4,4-NOT SPECIFIED,0,HOUSEHOLD,MAIL,4,0.05,12,Brand#41,MED CASE,40,46,0,45340.866
F,F,R,NONE,Manufacturer#1,4-NOT SPECIFIED,0,HOUSEHOLD,TRUCK,1,0.08,12,Brand#14,MED BAG,30,24,0,27677.808
F,F,A,COLLECT COD,Manufacturer#1,3-MEDIUM,3,BUILDING,FOB,1,0.02,21,Brand#13,JUMBO BOX,8,5,1,4483.344
F,F,R,TAKE BACK RETURN,Manufacturer#2,1-URGENT,4,HOUSEHOLD,RAIL,4,0.07,18,Brand#23,JUMBO PKG,39,17,2,19274.3892
O,O,N,DELIVER IN PERSON,Manufacturer#5,5-LOW,1,FURNITURE,AIR,1,0.05,12,Brand#52,LG JAR,14,2,0,2013.1552
O,O,N,NONE,Manufacturer#1,2-HIGH,3,AUTOMOBILE,RAIL,2,0.06,21,Brand#11,LG JAR,40,41,1,43478.7903
O,O,N,NONE,Manufacturer#1,2-HIGH,4,HOUSEHOLD,RAIL,1,0.06,21,Brand#11,JUMBO PKG,29,8,1,7874.4928
F,F,R,DELIVER IN PERSON,Manufacturer#1,1-URGENT,0,AUTOMOBILE,AIR,2,0.02,9,Brand#13,SM PKG,3,21,4,31281.18
F,F,A,NONE,Manufacturer#3,5-LOW,4,FURNITURE,TRUCK,1,0.03,9,Brand#35,WRAP BOX,14,36,4,41289.3936
F,F,A,DELIVER IN PERSON,Manufacturer#1,4-NOT SPECIFIED,4,FURNITURE,MAIL,2,0.06,18,Brand#14,JUMBO JAR,37,5,2,5209.7245
F,F,A,DELIVER IN PERSON,Manufacturer#2,1-URGENT,4,FURNITURE,TRUCK,2,0.07,12,Brand#24,LG PACK,50,42,0,37866.696
O,O,N,DELIVER IN PERSON,Manufacturer#1,3-MEDIUM,1,HOUSEHOLD,MAIL,4,0.02,18,Brand#15,WRAP BOX,48,22,2,37170.8656
F,F,A,NONE,Manufacturer#1,4-NOT SPECIFIED,1,AUTOMOBILE,MAIL,1,0,21,Brand#12,SM PKG,3,4,1,3614.8476
F,F,A,COLLECT COD,Manufacturer#1,3-MEDIUM,0,BUILDING,FOB,2,0.06,9,Brand#12,SM BAG,46,20,4,17679.2
O,O,N,DELIVER IN PERSON,Manufacturer#5,3-MEDIUM,1,AUTOMOBILE,AIR,2,0.07,21,Brand#53,LG JAR,22,37,1,48359.6216
F,F,A,TAKE BACK RETURN,Manufacturer#3,4-NOT SPECIFIED,3,FURNITURE,FOB,2,0,12,Brand#35,SM DRUM,37,18,0,19349.3664
F,F,R,COLLECT COD,Manufacturer#3,3-MEDIUM,4,AUTOMOBILE,TRUCK,1,0,9,Brand#31,SM CASE,3,1,4,1358.64
O,O,N,NONE,Manufacturer#3,1-URGENT,3,FURNITURE,FOB,3,0,18,Brand#31,MED PACK,20,41,2,67061.2564
O,O,N,COLLECT COD,Manufacturer#3,1-URGENT,3,FURNITURE,AIR,5,0.02,9,Brand#31,SM CAN,34,44,4,53279.424
O,O,N,NONE,Manufacturer#3,1-URGENT,0,FURNITURE,AIR,7,0.07,8,Brand#34,MED CAN,34,41,3,54002.1537
F,F,A,DELIVER IN PERSON,Manufacturer#3,4-NOT SPECIFIED,1,MACHINERY,MAIL,1,0,18,Brand#33,JUMBO PKG,10,32,2,37257.0016
F,F,R,TAKE BACK RETURN,Manufacturer#1,4-NOT SPECIFIED,1,MACHINERY,AIR,2,0.07,12,Brand#12,JUMBO PKG,35,6,0,7957.3248
O,O,N,NONE,Manufacturer#4,4-NOT SPECIFIED,0,HOUSEHOLD,MAIL,5,0,9,Brand#41,MED CAN,15,42,4,37318.2474
O,O,N,TAKE BACK RETURN,Manufacturer#2,4-NOT SPECIFIED,0,HOUSEHOLD,SHIP,3,0.04,9,Brand#22,LG BOX,9,44,4,65482.4632
O,O,N,COLLECT COD,Manufacturer#5,4-NOT SPECIFIED,0,HOUSEHOLD,FOB,1,0.01,18,Brand#52,LG CAN,23,46,2,76643.245
O,O,N,NONE,Manufacturer#2,2-HIGH,2,FURNITURE,SHIP,1,0.08,18,Brand#25,SM BAG,44,11,2,15156.5634
O,O,N,NONE,Manufacturer#4,2-HIGH,2,FURNITURE,AIR,3,0.06,18,Brand#42,MED CASE,29,25,2,29956.7525
O,O,N,DELIVER IN PERSON,Manufacturer#5,4-NOT SPECIFIED,1,AUTOMOBILE,TRUCK,2,0.04,18,Brand#52,SM BAG,9,44,2,75604.5312
F,F,R,TAKE BACK RETURN,Manufacturer#4,3-MEDIUM,0,AUTOMOBILE,AIR,4,0.04,21,Brand#44,LG PKG,35,7,1,8398.2717
F,F,R,DELIVER IN PERSON,Manufacturer#5,3-MEDIUM,0,AUTOMOBILE,FOB,5,0.03,9,Brand#55,LG JAR,38,40,4,51055.884
F,F,R,DELIVER IN PERSON,Manufacturer#4,2-HIGH,2,MACHINERY,RAIL,3,0.01,18,Brand#43,LG PKG,15,31,2,34919.0882
F,F,R,TAKE BACK RETURN,Manufacturer#1,2-HIGH,2,MACHINERY,SHIP,2,0.02,18,Brand#15,SM CASE,2,20,2,26178.432
O,O,N,DELIVER IN PERSON,Manufacturer#3,3-MEDIUM,0,FURNITURE,MAIL,4,0.05,21,Brand#32,MED BAG,43,49,1,63946.4308
O,O,N,COLLECT COD,Manufacturer#1,3-MEDIUM,0,FURNITURE,REG AIR,5,0,8,Brand#13,MED PKG,6,7,3,6521.3722
O,O,N,TAKE BACK RETURN,Manufacturer#3,3-MEDIUM,0,FURNITURE,RAIL,2,0,21,Brand#32,MED JAR,15,23,1,40182.6284
O,O,N,NONE,Manufacturer#3,3-MEDIUM,0,FURNITURE,SHIP,3,0.01,18,Brand#33,WRAP CASE,17,11,2,16116.441
O,O,N,TAKE BACK RETURN,Manufacturer#3,2-HIGH,4,HOUSEHOLD,MAIL,1,0.03,18,Brand#32,WRAP BOX,20,20,2,30217.86
F,F,R,DELIVER IN PERSON,Manufacturer#5,2-HIGH,0,BUILDING,SHIP,6,0.03,8,Brand#54,LG BAG,10,40,3,51357.312
F,F,A,NONE,Manufacturer#4,5-LOW,0,BUILDING,RAIL,2,0,9,Brand#42,MED CASE,32,38,4,35294.2176
O,O,N,NONE,Manufacturer#2,1-URGENT,0,BUILDING,SHIP,2,0.05,21,Brand#21,JUMBO PKG,11,24,1,22539.4704
O,O,N,DELIVER IN PERSON,Manufacturer#2,1-URGENT,0,BUILDING,REG AIR,3,0.08,18,Brand#22,SM BAG,11,21,2,27243.216
O,O,N,NONE,Manufacturer#3,1-URGENT,0,BUILDING,MAIL,1,0.07,21,Brand#35,WRAP CASE,37,46,1,50299.3624
O,O,N,COLLECT COD,Manufacturer#3,4-NOT SPECIFIED,3,BUILDING,RAIL,5,0.01,18,Brand#32,SM DRUM,32,38,2,47858.6554
O,O,N,TAKE BACK RETURN,Manufacturer#1,4-NOT SPECIFIED,3,BUILDING,REG AIR,3,0.01,8,Brand#12,SM DRUM,16,5,3,5115.201
O,O,N,DELIVER IN PERSON,Manufacturer#2,4-NOT SPECIFIED,1,MACHINERY,SHIP,3,0.07,12,Brand#22,LG JAR,45,2,0,2433.3312
O,O,N,TAKE BACK RETURN,Manufacturer#4,4-NOT SPECIFIED,1,MACHINERY,REG AIR,1,0.07,21,Brand#42,SM PKG,2,25,1,23384.615
O,O,N,COLLECT COD,Manufacturer#5,4-NOT SPECIFIED,1,MACHINERY,AIR,4,0.01,9,Brand#51,WRAP JAR,42,49,4,73785.3025
F,F,R,COLLECT COD,Manufacturer#2,1-URGENT,0,FURNITURE,FOB,6,0.04,8,Brand#22,LG BOX,9,34,3,51116.4126
F,F,R,TAKE BACK RETURN,Manufacturer#4,1-URGENT,0,FURNITURE,AIR,1,0.08,21,Brand#41,MED BOX,46,34,1,45967.8368
F,F,R,TAKE BACK RETURN,Manufacturer#1,1-URGENT,4,HOUSEHOLD,FOB,4,0.02,18,Brand#11,WRAP CAN,49,35,2,44178.75
F,F,A,DELIVER IN PERSON,Manufacturer#5,4-NOT SPECIFIED,4,AUTOMOBILE,REG AIR,2,0.02,8,Brand#55,JUMBO CAN,47,25,3,24118.64
F,F,R,TAKE BACK RETURN,Manufacturer#2,4-NOT SPECIFIED,4,AUTOMOBILE,TRUCK,4,0.06,9,Brand#21,WRAP CAN,20,40,4,39943.7
F,F,A,COLLECT COD,Manufacturer#2,5-LOW,3,FURNITURE,SHIP,5,0.08,18,Brand#24,WRAP PKG,14,46,2,78346.027
O,O,N,COLLECT COD,Manufacturer#5,1-URGENT,4,MACHINERY,REG AIR,1,0.03,9,Brand#51,WRAP BAG,2,22,4,31202.7936
O,O,N,DELIVER IN PERSON,Manufacturer#2,2-HIGH,1,BUILDING,FOB,6,0.02,21,Brand#25,SM CASE,22,44,1,39242.0028
F,F,R,DELIVER IN PERSON,Manufacturer#2,3-MEDIUM,0,BUILDING,REG AIR,6,0.01,9,Brand#21,WRAP CAN,20,7,4,6695.8255
O,O,N,COLLECT COD,Manufacturer#5,1-URGENT,4,BUILDING,FOB,2,0.02,8,Brand#51,MED DRUM,9,38,3,45002.64
O,O,N,COLLECT COD,Manufacturer#5,1-URGENT,4,BUILDING,REG AIR,1,0.02,18,Brand#52,JUMBO BOX,46,35,2,40905.914
F,F,A,COLLECT COD,Manufacturer#2,4-NOT SPECIFIED,1,FURNITURE,AIR,5,0.08,9,Brand#25,SM PKG,31,37,4,66503.4485
F,F,A,DELIVER IN PERSON,Manufacturer#5,4-NOT SPECIFIED,1,FURNITURE,TRUCK,7,0.01,12,Brand#52,WRAP PACK,36,20,0,28901.572
F,F,R,COLLECT COD,Manufacturer#1,4-NOT SPECIFIED,1,FURNITURE,TRUCK,3,0.03,12,Brand#12,JUMBO PACK,30,19,0,28131.02
O,O,N,NONE,Manufacturer#2,2-HIGH,2,HOUSEHOLD,RAIL,6,0.02,12,Brand#25,JUMBO CASE,20,15,0,21059.619
O,O,N,DELIVER IN PERSON,Manufacturer#4,2-HIGH,2,HOUSEHOLD,MAIL,7,0.04,12,Brand#45,MED JAR,16,34,0,36606.474
F,F,A,NONE,Manufacturer#5,4-NOT SPECIFIED,1,FURNITURE,AIR,2,0.07,18,Brand#52,MED CASE,13,10,2,9079.491
O,O,N,TAKE BACK RETURN,Manufacturer#1,4-NOT SPECIFIED,1,FURNITURE,FOB,1,0.02,12,Brand#13,SM BOX,4,50,0,59816.67
O,O,N,COLLECT COD,Manufacturer#5,2-HIGH,2,FURNITURE,FOB,3,0.08,12,Brand#51,WRAP CASE,3,20,0,20542.32
F,F,R,COLLECT COD,Manufacturer#1,4-NOT SPECIFIED,3,HOUSEHOLD,MAIL,6,0.01,8,Brand#15,LG DRUM,31,20,3,24359.426
F,F,A,DELIVER IN PERSON,Manufacturer#3,4-NOT SPECIFIED,3,HOUSEHOLD,SHIP,4,0.02,12,Brand#33,LG CAN,16,14,0,16847.6308
F,F,R,COLLECT COD,Manufacturer#3,4-NOT SPECIFIED,3,HOUSEHOLD,AIR,5,0.07,8,Brand#34,SM BAG,47,23,3,41945.813
O,O,N,NONE,Manufacturer#2,5-LOW,1,FURNITURE,SHIP,3,0.07,18,Brand#25,WRAP CASE,21,14,2,19383.0714
O,O,N,NONE,Manufacturer#1,3-MEDIUM,0,HOUSEHOLD,AIR,2,0.08,8,Brand#11,LG DRUM,24,8,3,11604.312
O,O,N,COLLECT COD,Manufacturer#5,4-NOT SPECIFIED,3,FURNITURE,AIR,1,0.04,21,Brand#55,WRAP BOX,17,28,1,33993.5904
O,P,N,NONE,Manufacturer#2,2-HIGH,1,MACHINERY,SHIP,4,0.02,18,Brand#23,LG JAR,46,46,2,50775.4348
O,P,N,COLLECT COD,Manufacturer#5,2-HIGH,1,MACHINERY,FOB,3,0.04,18,Brand#54,LG DRUM,10,17,2,25831.1872
F,F,A,COLLECT COD,Manufacturer#4,4-NOT SPECIFIED,1,BUILDING,FOB,1,0,8,Brand#41,WRAP JAR,5,20,3,34595.07
F,F,R,TAKE BACK RETURN,Manufacturer#4,4-NOT SPECIFIED,1,BUILDING,TRUCK,4,0.07,21,Brand#44,WRAP CAN,16,26,1,48905.7426
O,O,N,DELIVER IN PERSON,Manufacturer#2,3-MEDIUM,0,BUILDING,RAIL,6,0.02,21,Brand#22,JUMBO PKG,35,9,1,8035.929
O,O,N,NONE,Manufacturer#5,3-MEDIUM,0,BUILDING,REG AIR,3,0.01,9,Brand#51,JUMBO CASE,33,34,4,37537.9686
O,O,N,TAKE BACK RETURN,Manufacturer#2,3-MEDIUM,0,BUILDING,REG AIR,2,0.02,9,Brand#25,WRAP PKG,37,37,4,49177.0552
F,F,R,DELIVER IN PERSON,Manufacturer#4,4-NOT SPECIFIED,4,HOUSEHOLD,AIR,5,0.01,8,Brand#43,SM BAG,46,23,3,23386.032
F,F,A,TAKE BACK RETURN,Manufacturer#3,2-HIGH,4,AUTOMOBILE,SHIP,1,0.07,18,Brand#34,JUMBO CAN,48,25,2,30044.84
O,O,N,NONE,Manufacturer#5,1-URGENT,1,FURNITURE,TRUCK,5,0.06,9,Brand#52,MED DRUM,44,48,4,49335.9936
F,F,A,COLLECT COD,Manufacturer#5,3-MEDIUM,3,HOUSEHOLD,AIR,1,0.05,8,Brand#54,MED JAR,46,13,3,22045.27
F,F,A,COLLECT COD,Manufacturer#1,3-MEDIUM,3,HOUSEHOLD,FOB,2,0.07,18,Brand#12,SM DRUM,8,13,2,15074.9872
O,O,N,TAKE BACK RETURN,Manufacturer#5,5-LOW,4,AUTOMOBILE,MAIL,4,0,8,Brand#51,MED PACK,41,29,3,27938.7305
O,O,N,NONE,Manufacturer#1,5-LOW,4,AUTOMOBILE,RAIL,3,0.04,12,Brand#11,LG PACK,42,22,0,19634.2168
F,F,A,COLLECT COD,Manufacturer#2,3-MEDIUM,2,AUTOMOBILE,TRUCK,2,0.04,21,Brand#24,WRAP BAG,28,23,1,34931.6502
F,F,R,TAKE BACK RETURN,Manufacturer#3,3-MEDIUM,2,AUTOMOBILE,TRUCK,1,0.08,9,Brand#33,LG DRUM,46,4,4,4040.44
F,F,A,TAKE BACK RETURN,Manufacturer#4,2-HIGH,1,FURNITURE,REG AIR,1,0,18,Brand#41,SM CAN,47,44,2,40380.9912
F,F,A,COLLECT COD,Manufacturer#1,4-NOT SPECIFIED,0,AUTOMOBILE,FOB,3,0.03,12,Brand#14,JUMBO PACK,7,37,0,48713.1344
O,O,N,COLLECT COD,Manufacturer#3,2-HIGH,2,AUTOMOBILE,TRUCK,5,0.06,8,Brand#35,JUMBO CAN,6,25,3,32650.8
O,O,N,COLLECT COD,Manufacturer#2,2-HIGH,2,AUTOMOBILE,TRUCK,3,0.01,9,Brand#23,LG BAG,35,36,4,59970.456
O,O,N,COLLECT COD,Manufacturer#2,2-HIGH,3,MACHINERY,TRUCK,2,0.05,21,Brand#22,WRAP DRUM,37,2,1,2974.5156
O,O,N,COLLECT COD,Manufacturer#1,2-HIGH,3,MACHINERY,SHIP,5,0.05,8,Brand#13,JUMBO PACK,17,14,3,24136.7336
O,O,N,DELIVER IN PERSON,Manufacturer#4,2-HIGH,3,MACHINERY,TRUCK,3,0.03,18,Brand#41,SM BOX,33,27,2,31121.0532
O,O,N,NONE,Manufacturer#5,2-HIGH,3,MACHINERY,REG AIR,1,0.02,12,Brand#52,LG JAR,14,3,0,2804.0376
F,F,R,NONE,Manufacturer#3,3-MEDIUM,0,AUTOMOBILE,SHIP,1,0.04,21,Brand#32,WRAP CAN,25,34,1,39536.067
F,F,A,NONE,Manufacturer#4,3-MEDIUM,0,AUTOMOBILE,RAIL,4,0.02,12,Brand#43,JUMBO DRUM,38,2,0,1694.4786
F,F,R,COLLECT COD,Manufacturer#2,4-NOT SPECIFIED,4,AUTOMOBILE,FOB,3,0.04,9,Brand#23,MED DRUM,7,36,4,53733.24
F,F,A,DELIVER IN PERSON,Manufacturer#5,4-NOT SPECIFIED,4,AUTOMOBILE,SHIP,4,0.05,21,Brand#54,MED BAG,31,5,1,8525.5725
F,F,A,TAKE BACK RETURN,Manufacturer#5,4-NOT SPECIFIED,4,AUTOMOBILE,RAIL,1,0.04,18,Brand#52,JUMBO BOX,46,30,2,38111.1
O,O,N,NONE,Manufacturer#4,3-MEDIUM,1,BUILDING,FOB,1,0.03,9,Brand#45,MED PKG,8,27,4,34990.5339
F,F,A,COLLECT COD,Manufacturer#5,2-HIGH,1,HOUSEHOLD,AIR,4,0.05,9,Brand#51,SM CAN,8,10,4,14202.006
F,F,A,NONE,Manufacturer#4,2-HIGH,1,HOUSEHOLD,SHIP,2,0.05,18,Brand#45,SM PACK,3,34,2,53169.4312
F,F,A,DELIVER IN PERSON,Manufacturer#4,4-NOT SPECIFIED,4,BUILDING,SHIP,3,0.05,21,Brand#44,SM DRUM,36,32,1,45526.736
F,F,A,DELIVER IN PERSON,Manufacturer#4,3-MEDIUM,1,HOUSEHOLD,TRUCK,1,0.06,9,Brand#43,JUMBO BAG,43,2,4,3245.44
F,F,A,DELIVER IN PERSON,Manufacturer#3,3-MEDIUM,1,HOUSEHOLD,SHIP,4,0.07,8,Brand#35,SM CAN,24,45,3,71385.111
F,F,R,NONE,Manufacturer#4,1-URGENT,0,AUTOMOBILE,FOB,2,0.05,12,Brand#45,SM CASE,38,44,0,68025.9096
F,F,R,NONE,Manufacturer#2,1-URGENT,0,AUTOMOBILE,SHIP,4,0,9,Brand#25,MED CAN,25,45,4,40400.46
O,O,N,TAKE BACK RETURN,Manufacturer#3,4-NOT SPECIFIED,4,AUTOMOBILE,MAIL,1,0,21,Brand#32,LG PKG,36,7,1,7786.1784
O,O,N,DELIVER IN PERSON,Manufacturer#2,1-URGENT,0,AUTOMOBILE,REG AIR,3,0.06,18,Brand#25,WRAP PACK,37,41,2,70109.631
O,O,N,NONE,Manufacturer#3,2-HIGH,2,HOUSEHOLD,SHIP,3,0.01,18,Brand#35,JUMBO DRUM,21,41,2,55951.0272
O,O,N,NONE,Manufacturer#5,2-HIGH,2,HOUSEHOLD,RAIL,4,0.08,21,Brand#51,JUMBO PACK,49,23,1,31470.348
O,O,N,COLLECT COD,Manufacturer#1,1-URGENT,0,BUILDING,SHIP,5,0,8,Brand#12,MED PKG,41,13,3,12581.088
O,O,N,TAKE BACK RETURN,Manufacturer#1,1-URGENT,0,BUILDING,AIR,4,0,8,Brand#14,WRAP CASE,49,42,3,64689.9372
F,F,A,TAKE BACK RETURN,Manufacturer#3,2-HIGH,4,HOUSEHOLD,REG AIR,2,0.03,21,Brand#33,JUMBO CAN,47,30,1,39344.352
F,F,R,DELIVER IN PERSON,Manufacturer#3,2-HIGH,4,HOUSEHOLD,RAIL,4,0.02,8,Brand#35,LG CAN,42,11,3,11022.5016
F,F,A,DELIVER IN PERSON,Manufacturer#2,5-LOW,2,AUTOMOBILE,TRUCK,1,0.03,21,Brand#25,SM PKG,35,7,1,13306.93
O,O,N,COLLECT COD,Manufacturer#4,1-URGENT,4,MACHINERY,RAIL,4,0.03,21,Brand#45,SM CASE,26,14,1,24592.022
O,O,N,DELIVER IN PERSON,Manufacturer#4,1-URGENT,4,MACHINERY,AIR,6,0,12,Brand#41,JUMBO CASE,29,44,0,71808.462
O,O,N,NONE,Manufacturer#3,2-HIGH,1,FURNITURE,SHIP,3,0,21,Brand#31,LG JAR,32,41,1,46558.9276
O,O,N,TAKE BACK RETURN,Manufacturer#5,2-HIGH,1,FURNITURE,SHIP,6,0.03,21,Brand#54,JUMBO DRUM,18,26,1,41591.992
F,F,A,TAKE BACK RETURN,Manufacturer#4,3-MEDIUM,4,AUTOMOBILE,REG AIR,1,0.06,8,Brand#44,WRAP BAG,4,22,3,22680.262
O,O,N,COLLECT COD,Manufacturer#5,2-HIGH,0,AUTOMOBILE,RAIL,2,0.06,9,Brand#51,WRAP BOX,25,13,4,18691.9564
O,O,N,COLLECT COD,Manufacturer#3,4-NOT SPECIFIED,1,BUILDING,FOB,2,0.03,9,Brand#35,MED BAG,44,3,4,4975.938
O,O,N,NONE,Manufacturer#3,4-NOT SPECIFIED,2,MACHINERY,RAIL,1,0,18,Brand#32,MED CASE,29,40,2,44128.084
O,O,N,DELIVER IN PERSON,Manufacturer#3,4-NOT SPECIFIED,2,MACHINERY,RAIL,7,0.03,12,Brand#32,JUMBO BAG,42,42,0,39607.68
O,O,N,DELIVER IN PERSON,Manufacturer#1,4-NOT SPECIFIED,2,MACHINERY,REG AIR,5,0.05,9,Brand#11,SM PACK,32,47,4,76875.456
F,F,R,DELIVER IN PERSON,Manufacturer#2,2-HIGH,1,FURNITURE,SHIP,1,0.07,21,Brand#22,JUMBO JAR,7,44,1,62368.306
O,O,N,NONE,Manufacturer#2,5-LOW,2,MACHINERY,TRUCK,1,0,8,Brand#25,JUMBO PACK,8,41,3,56175.5227
F,F,A,TAKE BACK RETURN,Manufacturer#3,4-NOT SPECIFIED,1,FURNITURE,MAIL,3,0.08,8,Brand#33,WRAP BAG,11,41,3,68118.4537
O,O,N,NONE,Manufacturer#3,3-MEDIUM,1,AUTOMOBILE,AIR,1,0.03,18,Brand#31,SM BOX,20,1,2,995.733
O,O,N,TAKE BACK RETURN,Manufacturer#1,3-MEDIUM,1,AUTOMOBILE,SHIP,3,0.08,18,Brand#12,JUMBO BAG,43,13,2,15419.2233
O,O,N,TAKE BACK RETURN,Manufacturer#1,3-MEDIUM,1,AUTOMOBILE,TRUCK,2,0.06,21,Brand#12,SM DRUM,16,49,1,51230.7054
O,O,N,NONE,Manufacturer#2,2-HIGH,1,AUTOMOBILE,RAIL,1,0.01,8,Brand#23,WRAP BAG,35,31,3,33493.1688
O,O,N,TAKE BACK RETURN,Manufacturer#2,4-NOT SPECIFIED,2,BUILDING,FOB,3,0.08,21,Brand#21,SM BOX,11,47,1,56080.3248
O,O,N,TAKE BACK RETURN,Manufacturer#1,5-LOW,1,AUTOMOBILE,AIR,3,0.04,21,Brand#11,JUMBO PKG,29,8,1,8377.12
O,O,N,COLLECT COD,Manufacturer#3,5-LOW,1,AUTOMOBILE,RAIL,1,0.02,9,Brand#33,JUMBO BOX,18,28,4,42961.4976
O,O,N,NONE,Manufacturer#3,3-MEDIUM,1,AUTOMOBILE,MAIL,2,0.02,21,Brand#35,MED BOX,47,8,1,10114.308
F,F,R,DELIVER IN PERSON,Manufacturer#3,2-HIGH,0,MACHINERY,REG AIR,1,0.06,9,Brand#34,LG DRUM,33,7,4,11566.359
O,O,N,DELIVER IN PERSON,Manufacturer#4,1-URGENT,4,HOUSEHOLD,AIR,4,0.06,18,Brand#45,MED DRUM,34,11,2,15459.5144
O,O,N,TAKE BACK RETURN,Manufacturer#1,1-URGENT,4,HOUSEHOLD,REG AIR,3,0.05,8,Brand#14,JUMBO PACK,7,24,3,29340.7296
O,O,N,NONE,Manufacturer#2,1-URGENT,4,HOUSEHOLD,REG AIR,1,0.01,12,Brand#24,LG PACK,50,7,0,6111.8176
F,F,A,NONE,Manufacturer#3,1-URGENT,2,AUTOMOBILE,AIR,2,0.05,9,Brand#33,SM CASE,25,24,4,37543.8888
F,F,A,NONE,Manufacturer#2,1-URGENT,2,AUTOMOBILE,AIR,7,0.04,12,Brand#23,MED DRUM,19,33,0,50024.8815
F,F,A,DELIVER IN PERSON,Manufacturer#5,1-URGENT,2,AUTOMOBILE,RAIL,4,0.02,18,Brand#54,SM DRUM,19,18,2,30325.914
F,F,A,DELIVER IN PERSON,Manufacturer#3,1-URGENT,2,AUTOMOBILE,TRUCK,5,0.02,18,Brand#34,WRAP JAR,43,17,2,20880.811
F,F,A,DELIVER IN PERSON,Manufacturer#2,2-HIGH,3,BUILDING,AIR,3,0.07,9,Brand#22,WRAP JAR,3,17,4,21247.5809
F,F,R,TAKE BACK RETURN,Manufacturer#3,4-NOT SPECIFIED,4,HOUSEHOLD,AIR,2,0.01,18,Brand#35,SM JAR,7,12,2,14174.076
O,O,N,NONE,Manufacturer#4,1-URGENT,0,FURNITURE,RAIL,2,0.07,9,Brand#43,MED DRUM,43,2,4,1888.1046
O,O,N,NONE,Manufacturer#2,1-URGENT,0,FURNITURE,MAIL,3,0.07,9,Brand#24,LG PKG,42,43,4,57423.318
F,F,R,COLLECT COD,Manufacturer#5,3-MEDIUM,1,AUTOMOBILE,RAIL,2,0.02,21,Brand#51,JUMBO CASE,48,42,1,60705.6324
F,P,N,COLLECT COD,Manufacturer#4,2-HIGH,1,BUILDING,SHIP,4,0,12,Brand#41,MED JAR,18,27,0,44390.9646
O,P,N,COLLECT COD,Manufacturer#4,3-MEDIUM,1,AUTOMOBILE,TRUCK,6,0.05,18,Brand#44,WRAP PACK,1,20,2,21845.46
O,P,N,COLLECT COD,Manufacturer#5,3-MEDIUM,1,AUTOMOBILE,MAIL,1,0.02,8,Brand#54,WRAP CASE,46,7,3,9579.5245
O,O,N,DELIVER IN PERSON,Manufacturer#4,3-MEDIUM,1,BUILDING,SHIP,1,0.03,18,Brand#43,JUMBO PACK,25,26,2,35939.7948
O,O,N,COLLECT COD,Manufacturer#3,3-MEDIUM,1,BUILDING,AIR,3,0.02,18,Brand#35,JUMBO JAR,28,20,2,31577.768
F,F,R,DELIVER IN PERSON,Manufacturer#1,2-HIGH,4,HOUSEHOLD,REG AIR,6,0,18,Brand#15,JUMBO JAR,3,7,2,8809.2781
O,O,N,NONE,Manufacturer#3,3-MEDIUM,3,FURNITURE,SHIP,7,0.01,21,Brand#34,MED PKG,23,21,1,34387.0884
O,O,N,NONE,Manufacturer#2,3-MEDIUM,3,FURNITURE,AIR,1,0,9,Brand#25,MED CAN,25,35,4,32084.108
O,O,N,TAKE BACK RETURN,Manufacturer#5,3-MEDIUM,3,FURNITURE,REG AIR,6,0.07,8,Brand#55,SM BAG,17,26,3,45721.5902
F,F,R,DELIVER IN PERSON,Manufacturer#1,1-URGENT,4,AUTOMOBILE,SHIP,4,0,9,Brand#15,LG CASE,41,46,4,61599.9202
O,O,N,NONE,Manufacturer#3,4-NOT SPECIFIED,4,BUILDING,AIR,1,0.01,21,Brand#31,JUMBO BAG,9,5,1,4222.491
F,F,A,TAKE BACK RETURN,Manufacturer#2,1-URGENT,1,BUILDING,MAIL,2,0.07,8,Brand#25,JUMBO PACK,8,28,3,35990.7548
O,O,N,COLLECT COD,Manufacturer#4,4-NOT SPECIFIED,2,MACHINERY,TRUCK,1,0.01,12,Brand#43,MED JAR,13,1,0,1611.9505
O,O,N,NONE,Manufacturer#2,4-NOT SPECIFIED,2,MACHINERY,TRUCK,3,0.02,8,Brand#25,LG BOX,30,37,3,68336.78
O,O,N,TAKE BACK RETURN,Manufacturer#5,4-NOT SPECIFIED,2,MACHINERY,SHIP,2,0.07,9,Brand#55,JUMBO DRUM,2,19,4,24935.79
F,F,R,COLLECT COD,Manufacturer#4,4-NOT SPECIFIED,4,HOUSEHOLD,REG AIR,2,0.06,18,Brand#43,WRAP CASE,44,12,2,17676.6204
O,O,N,TAKE BACK RETURN,Manufacturer#5,2-HIGH,3,HOUSEHOLD,TRUCK,1,0.03,18,Brand#54,LG CAN,49,49,2,49490.098
O,O,N,NONE,Manufacturer#2,1-URGENT,4,MACHINERY,MAIL,4,0.03,18,Brand#25,LG PKG,19,10,2,14078.976
O,O,N,NONE,Manufacturer#4,1-URGENT,4,MACHINERY,TRUCK,1,0.06,18,Brand#43,LG PKG,15,20,2,21599.436
F,F,R,TAKE BACK RETURN,Manufacturer#1,3-MEDIUM,4,BUILDING,AIR,2,0.04,18,Brand#12,JUMBO DRUM,17,47,2,61019.9073
F,F,A,DELIVER IN PERSON,Manufacturer#3,3-MEDIUM,4,BUILDING,SHIP,5,0.02,21,Brand#35,SM JAR,7,49,1,54831.294
O,O,N,NONE,Manufacturer#5,2-HIGH,0,BUILDING,RAIL,2,0.06,18,Brand#51,LG BOX,48,38,2,42176.6864
O,O,N,TAKE BACK RETURN,Manufacturer#4,1-URGENT,1,AUTOMOBILE,RAIL,2,0.07,18,Brand#43,JUMBO CAN,37,14,2,15827.4116
F,F,R,COLLECT COD,Manufacturer#3,5-LOW,4,MACHINERY,TRUCK,5,0.02,12,Brand#35,JUMBO CASE,24,43,0,37832.1396
F,F,A,DELIVER IN PERSON,Manufacturer#1,5-LOW,4,MACHINERY,FOB,1,0.07,18,Brand#14,MED PACK,2,18,2,28354.0284
F,F,A,COLLECT COD,Manufacturer#4,2-HIGH,2,BUILDING,FOB,1,0.01,18,Brand#43,JUMBO CASE,19,7,2,9727.4688
F,F,A,TAKE BACK RETURN,Manufacturer#4,2-HIGH,2,BUILDING,MAIL,3,0,8,Brand#42,MED JAR,7,33,3,35761.8294
F,F,R,TAKE BACK RETURN,Manufacturer#3,5-LOW,2,BUILDING,FOB,1,0.02,18,Brand#34,WRAP PKG,27,21,2,23782.815
F,F,R,DELIVER IN PERSON,Manufacturer#4,1-URGENT,3,FURNITURE,REG AIR,2,0.03,9,Brand#41,JUMBO PACK,44,25,4,27579.925
F,F,A,COLLECT COD,Manufacturer#3,2-HIGH,2,AUTOMOBILE,TRUCK,3,0.01,18,Brand#32,SM DRUM,2,29,2,33195.9375
F,F,R,TAKE BACK RETURN,Manufacturer#4,2-HIGH,2,AUTOMOBILE,MAIL,1,0.04,9,Brand#43,JUMBO CASE,44,22,4,34586.112
F,F,A,TAKE BACK RETURN,Manufacturer#2,2-HIGH,2,AUTOMOBILE,AIR,2,0.03,21,Brand#21,LG CAN,15,3,1,4284.4077
O,O,N,NONE,Manufacturer#4,4-NOT SPECIFIED,1,AUTOMOBILE,FOB,2,0.07,18,Brand#41,WRAP PKG,26,39,2,46304.5869
F,F,A,DELIVER IN PERSON,Manufacturer#5,4-NOT SPECIFIED,0,BUILDING,FOB,4,0.02,12,Brand#52,MED PKG,33,23,0,34315.5952
O,P,N,COLLECT COD,Manufacturer#3,4-NOT SPECIFIED,0,HOUSEHOLD,FOB,1,0.07,9,Brand#31,SM BAG,28,49,4,88575.3792
O,O,N,TAKE BACK RETURN,Manufacturer#4,2-HIGH,4,FURNITURE,TRUCK,1,0.06,12,Brand#42,JUMBO CAN,4,11,0,11831.8035
F,F,R,DELIVER IN PERSON,Manufacturer#5,3-MEDIUM,2,AUTOMOBILE,TRUCK,3,0.08,18,Brand#52,JUMBO PKG,17,41,2,48592.544
F,F,A,COLLECT COD,Manufacturer#3,3-MEDIUM,0,FURNITURE,FOB,3,0.04,9,Brand#35,SM BAG,21,37,4,38466.9945
F,F,R,NONE,Manufacturer#3,3-MEDIUM,4,HOUSEHOLD,FOB,3,0.01,8,Brand#33,JUMBO CASE,42,18,3,29754.7992
F,F,R,TAKE BACK RETURN,Manufacturer#1,3-MEDIUM,3,HOUSEHOLD,REG AIR,1,0.07,21,Brand#12,SM PKG,47,42,1,76325.3568
O,O,N,DELIVER IN PERSON,Manufacturer#4,1-URGENT,4,FURNITURE,MAIL,2,0,18,Brand#41,SM BOX,33,1,2,1069.452
O,O,N,TAKE BACK RETURN,Manufacturer#4,1-URGENT,4,FURNITURE,MAIL,5,0.01,21,Brand#44,MED DRUM,14,36,1,48731.814
O,O,N,TAKE BACK RETURN,Manufacturer#4,1-URGENT,0,MACHINERY,TRUCK,3,0.06,8,Brand#42,SM JAR,4,48,3,66266.496
O,O,N,TAKE BACK RETURN,Manufacturer#4,1-URGENT,0,HOUSEHOLD,TRUCK,2,0.03,8,Brand#45,SM CASE,38,32,3,45975.2704
F,F,R,NONE,Manufacturer#2,2-HIGH,0,FURNITURE,AIR,1,0.06,9,Brand#21,JUMBO JAR,47,11,4,13898.6848
F,F,R,TAKE BACK RETURN,Manufacturer#2,5-LOW,0,BUILDING,RAIL,1,0.03,12,Brand#23,MED BAG,32,47,0,43449.5495
O,O,N,TAKE BACK RETURN,Manufacturer#5,3-MEDIUM,2,MACHINERY,REG AIR,3,0,8,Brand#51,MED PACK,41,11,3,10262.7932
O,O,N,NONE,Manufacturer#5,4-NOT SPECIFIED,0,HOUSEHOLD,TRUCK,5,0.02,12,Brand#55,SM BAG,17,3,0,5112.4062
O,O,N,TAKE BACK RETURN,Manufacturer#4,4-NOT SPECIFIED,0,HOUSEHOLD,MAIL,6,0.04,21,Brand#44,SM DRUM,36,25,1,34818.9675
O,O,N,TAKE BACK RETURN,Manufacturer#5,4-NOT SPECIFIED,0,HOUSEHOLD,SHIP,2,0,18,Brand#52,WRAP CASE,36,37,2,65029.4499
F,F,A,TAKE BACK RETURN,Manufacturer#2,4-NOT SPECIFIED,3,HOUSEHOLD,RAIL,1,0.06,18,Brand#25,SM BAG,3,39,2,68566.3407
F,F,A,TAKE BACK RETURN,Manufacturer#3,3-MEDIUM,0,BUILDING,RAIL,4,0.08,8,Brand#34,JUMBO CAN,20,36,3,59751
F,F,R,DELIVER IN PERSON,Manufacturer#5,2-HIGH,2,BUILDING,RAIL,1,0.01,8,Brand#51,LG PACK,42,43,3,74739.7104
F,F,R,TAKE BACK RETURN,Manufacturer#5,2-HIGH,2,BUILDING,FOB,4,0.01,21,Brand#52,JUMBO BAG,9,1,1,1527.7482
O,O,N,DELIVER IN PERSON,Manufacturer#3,3-MEDIUM,2,HOUSEHOLD,MAIL,1,0,21,Brand#32,SM BOX,49,46,1,47330.136
O,O,N,NONE,Manufacturer#2,3-MEDIUM,2,HOUSEHOLD,RAIL,3,0.03,8,Brand#21,SM BAG,13,23,3,39114.5337
O,O,N,DELIVER IN PERSON,Manufacturer#1,3-MEDIUM,2,HOUSEHOLD,FOB,2,0.01,21,Brand#12,LG CASE,17,11,1,10978.5291
O,O,N,COLLECT COD,Manufacturer#5,3-MEDIUM,0,FURNITURE,TRUCK,2,0.05,12,Brand#52,WRAP PACK,36,50,0,67092.935
O,O,N,NONE,Manufacturer#5,3-MEDIUM,1,BUILDING,RAIL,4,0.08,9,Brand#51,SM JAR,9,3,4,3444.1224
O,O,N,DELIVER IN PERSON,Manufacturer#1,3-MEDIUM,1,BUILDING,FOB,1,0.03,18,Brand#12,WRAP DRUM,20,28,2,24360.154
O,O,N,NONE,Manufacturer#1,3-MEDIUM,1,BUILDING,MAIL,3,0.07,21,Brand#14,WRAP CASE,16,2,1,2414.592
O,O,N,NONE,Manufacturer#3,3-MEDIUM,1,BUILDING,REG AIR,2,0.06,8,Brand#31,WRAP DRUM,29,31,3,39856.8984
O,O,N,DELIVER IN PERSON,Manufacturer#1,1-URGENT,0,HOUSEHOLD,AIR,4,0.04,18,Brand#12,WRAP CASE,20,13,2,19828.0368
O,O,N,NONE,Manufacturer#5,1-URGENT,1,FURNITURE,SHIP,4,0.08,9,Brand#51,SM PKG,28,23,4,32249.9974
O,O,N,COLLECT COD,Manufacturer#2,4-NOT SPECIFIED,3,HOUSEHOLD,AIR,2,0.03,9,Brand#23,MED PKG,17,1,4,1222.1464
F,F,R,NONE,Manufacturer#1,1-URGENT,0,MACHINERY,FOB,1,0.02,12,Brand#15,SM PACK,1,31,0,56566.3448
F,F,R,TAKE BACK RETURN,Manufacturer#1,4-NOT SPECIFIED,3,FURNITURE,REG AIR,2,0.05,12,Brand#15,JUMBO JAR,49,34,0,61340.1208
F,F,A,DELIVER IN PERSON,Manufacturer#1,4-NOT SPECIFIED,3,FURNITURE,AIR,5,0.06,8,Brand#12,WRAP PKG,40,8,3,13031.28
F,F,A,COLLECT COD,Manufacturer#3,4-NOT SPECIFIED,3,FURNITURE,SHIP,1,0.03,18,Brand#34,JUMBO CAN,48,25,2,28818.52
F,F,R,COLLECT COD,Manufacturer#1,4-NOT SPECIFIED,3,FURNITURE,FOB,3,0.01,9,Brand#15,JUMBO PKG,26,43,4,54511.4655
F,F,A,NONE,Manufacturer#2,3-MEDIUM,3,FURNITURE,FOB,2,0.01,9,Brand#21,MED CAN,28,21,4,36628.9056
F,F,A,DELIVER IN PERSON,Manufacturer#4,3-MEDIUM,3,FURNITURE,SHIP,4,0,12,Brand#42,MED CAN,11,47,0,56730.9834
F,F,A,COLLECT COD,Manufacturer#4,3-MEDIUM,0,FURNITURE,TRUCK,1,0.02,21,Brand#41,MED PACK,19,26,1,37946.012
F,F,R,NONE,Manufacturer#5,3-MEDIUM,1,HOUSEHOLD,MAIL,3,0,18,Brand#54,JUMBO PACK,13,3,2,2848.482
O,O,N,COLLECT COD,Manufacturer#4,5-LOW,3,BUILDING,FOB,4,0.01,12,Brand#43,WRAP CASE,24,29,0,48978.5205
O,O,N,TAKE BACK RETURN,Manufacturer#3,4-NOT SPECIFIED,0,BUILDING,SHIP,4,0.08,12,Brand#34,MED DRUM,47,2,0,3791.98
O,O,N,COLLECT COD,Manufacturer#3,4-NOT SPECIFIED,0,BUILDING,SHIP,3,0.04,18,Brand#34,SM PKG,16,44,2,58903.2576
F,F,R,NONE,Manufacturer#3,1-URGENT,0,HOUSEHOLD,FOB,3,0.02,9,Brand#34,LG DRUM,33,10,4,17441.335
F,F,R,TAKE BACK RETURN,Manufacturer#5,1-URGENT,0,HOUSEHOLD,AIR,1,0.04,21,Brand#54,LG DRUM,5,23,1,39238.3082
F,F,A,COLLECT COD,Manufacturer#4,1-URGENT,0,HOUSEHOLD,SHIP,4,0,21,Brand#42,SM PACK,30,27,1,42531.0669
O,O,N,DELIVER IN PERSON,Manufacturer#5,2-HIGH,0,HOUSEHOLD,RAIL,2,0,18,Brand#52,SM PKG,2,31,2,42900.2304
O,O,N,DELIVER IN PERSON,Manufacturer#2,4-NOT SPECIFIED,4,AUTOMOBILE,TRUCK,2,0.06,18,Brand#23,LG JAR,20,11,2,12967.3577
F,F,R,COLLECT COD,Manufacturer#3,4-NOT SPECIFIED,2,HOUSEHOLD,AIR,2,0.05,9,Brand#33,LG CAN,1,41,4,68834.7114
F,F,A,NONE,Manufacturer#3,1-URGENT,4,BUILDING,TRUCK,2,0.05,9,Brand#33,JUMBO CASE,7,32,4,36264.3008
O,O,N,NONE,Manufacturer#1,2-HIGH,4,MACHINERY,AIR,1,0.01,21,Brand#12,JUMBO DRUM,12,40,1,36596.28
O,O,N,TAKE BACK RETURN,Manufacturer#4,1-URGENT,2,HOUSEHOLD,TRUCK,3,0.08,9,Brand#42,JUMBO BOX,35,27,4,45651.33
F,F,A,COLLECT COD,Manufacturer#1,5-LOW,2,BUILDING,RAIL,2,0.04,18,Brand#14,LG JAR,9,41,2,68401.0257
F,F,R,NONE,Manufacturer#3,5-LOW,3,AUTOMOBILE,AIR,4,0.04,21,Brand#31,LG JAR,32,34,1,39449.1868
O,O,N,COLLECT COD,Manufacturer#4,4-NOT SPECIFIED,3,BUILDING,SHIP,1,0.02,12,Brand#41,LG CASE,45,24,0,42434.9088
O,O,N,COLLECT COD,Manufacturer#1,4-NOT SPECIFIED,3,BUILDING,TRUCK,3,0.05,18,Brand#15,JUMBO JAR,3,48,2,58538.2368
O,O,N,DELIVER IN PERSON,Manufacturer#1,1-URGENT,4,AUTOMOBILE,MAIL,2,0.04,21,Brand#12,MED PKG,41,40,1,39517.52
O,O,N,TAKE BACK RETURN,Manufacturer#2,1-URGENT,4,AUTOMOBILE,REG AIR,1,0,9,Brand#24,WRAP CAN,34,20,4,27795.04
F,F,R,COLLECT COD,Manufacturer#1,3-MEDIUM,2,AUTOMOBILE,REG AIR,2,0.04,21,Brand#11,MED BOX,25,13,1,14838.9605
F,F,R,COLLECT COD,Manufacturer#5,2-HIGH,3,AUTOMOBILE,REG AIR,6,0.06,8,Brand#51,JUMBO PACK,30,13,3,18909.8299
F,F,A,COLLECT COD,Manufacturer#5,2-HIGH,3,AUTOMOBILE,MAIL,5,0.04,18,Brand#55,JUMBO CASE,25,26,2,23553.0126
F,F,R,TAKE BACK RETURN,Manufacturer#3,2-HIGH,3,AUTOMOBILE,SHIP,4,0.05,21,Brand#31,JUMBO DRUM,23,1,1,1011.2548
F,F,R,COLLECT COD,Manufacturer#4,2-HIGH,3,AUTOMOBILE,FOB,7,0.04,18,Brand#43,WRAP BAG,26,19,2,26700.9831
F,F,R,TAKE BACK RETURN,Manufacturer#1,2-HIGH,3,AUTOMOBILE,SHIP,1,0.01,21,Brand#12,JUMBO BAG,16,34,1,35650.615
F,F,R,COLLECT COD,Manufacturer#2,2-HIGH,0,HOUSEHOLD,TRUCK,1,0.05,18,Brand#22,MED CASE,42,24,2,25403.2416
F,F,R,TAKE BACK RETURN,Manufacturer#4,2-HIGH,0,HOUSEHOLD,TRUCK,2,0.02,9,Brand#43,JUMBO BAG,43,32,4,47253.6064
F,F,A,DELIVER IN PERSON,Manufacturer#2,2-HIGH,0,HOUSEHOLD,REG AIR,3,0.07,12,Brand#22,JUMBO BOX,3,50,0,55443.8
F,F,R,TAKE BACK RETURN,Manufacturer#5,2-HIGH,0,HOUSEHOLD,MAIL,5,0,8,Brand#53,MED JAR,7,5,3,4797.038
F,P,A,TAKE BACK RETURN,Manufacturer#5,4-NOT SPECIFIED,1,BUILDING,MAIL,5,0.02,18,Brand#53,LG BAG,10,19,2,17158.8829
O,P,N,NONE,Manufacturer#1,4-NOT SPECIFIED,1,BUILDING,RAIL,1,0.03,21,Brand#15,LG DRUM,31,22,1,27089.8232
F,P,N,TAKE BACK RETURN,Manufacturer#3,4-NOT SPECIFIED,1,BUILDING,MAIL,3,0.07,8,Brand#34,MED BOX,28,18,3,32244.5088
O,O,N,COLLECT COD,Manufacturer#1,5-LOW,3,AUTOMOBILE,AIR,4,0.08,21,Brand#11,JUMBO PKG,29,27,1,25445.502
O,O,N,COLLECT COD,Manufacturer#4,5-LOW,3,AUTOMOBILE,REG AIR,3,0.02,12,Brand#45,MED DRUM,3,49,0,70546.8778
O,O,N,NONE,Manufacturer#4,2-HIGH,3,AUTOMOBILE,TRUCK,1,0.05,9,Brand#42,MED PACK,24,38,4,64535.9624
O,O,N,NONE,Manufacturer#2,2-HIGH,3,AUTOMOBILE,FOB,2,0.04,18,Brand#22,SM JAR,7,19,2,29920.6908
F,F,R,DELIVER IN PERSON,Manufacturer#1,1-URGENT,0,FURNITURE,TRUCK,4,0.01,21,Brand#11,MED BAG,20,49,1,51088.3065
F,F,A,NONE,Manufacturer#1,4-NOT SPECIFIED,2,FURNITURE,SHIP,1,0,8,Brand#14,SM JAR,20,29,3,47490.1245
O,O,N,COLLECT COD,Manufacturer#5,5-LOW,4,HOUSEHOLD,AIR,1,0.08,8,Brand#55,JUMBO PACK,1,19,3,16132.8867
O,O,N,NONE,Manufacturer#1,2-HIGH,3,MACHINERY,FOB,4,0.02,8,Brand#12,MED DRUM,2,8,3,9998.8616
O,O,N,DELIVER IN PERSON,Manufacturer#1,2-HIGH,3,MACHINERY,FOB,3,0,18,Brand#14,WRAP JAR,45,15,2,13924.638
O,O,N,TAKE BACK RETURN,Manufacturer#4,2-HIGH,3,FURNITURE,REG AIR,2,0.03,18,Brand#43,JUMBO PACK,25,28,2,37124.6232
O,O,N,NONE,Manufacturer#5,2-HIGH,3,FURNITURE,TRUCK,1,0.06,8,Brand#52,LG BAG,32,47,3,49498.05
F,F,R,NONE,Manufacturer#3,5-LOW,0,HOUSEHOLD,FOB,1,0.06,9,Brand#32,LG JAR,42,31,4,40844.0872
F,F,A,TAKE BACK RETURN,Manufacturer#3,5-LOW,2,BUILDING,RAIL,6,0.03,8,Brand#33,SM CAN,28,44,3,61186.3296
F,F,R,COLLECT COD,Manufacturer#2,1-URGENT,4,HOUSEHOLD,AIR,4,0.06,8,Brand#24,JUMBO BAG,25,16,3,22978.4464
O,O,N,COLLECT COD,Manufacturer#3,4-NOT SPECIFIED,2,FURNITURE,RAIL,4,0.07,12,Brand#33,WRAP BAG,7,35,0,36294.048
O,O,N,NONE,Manufacturer#2,4-NOT SPECIFIED,2,FURNITURE,RAIL,1,0,9,Brand#25,JUMBO BAG,47,32,4,39727.5136
O,O,N,COLLECT COD,Manufacturer#4,5-LOW,1,MACHINERY,RAIL,3,0.05,21,Brand#41,WRAP PKG,2,35,1,34201.552
O,O,N,NONE,Manufacturer#1,5-LOW,1,MACHINERY,RAIL,1,0.04,8,Brand#13,JUMBO CASE,18,22,3,19345.986
O,O,N,DELIVER IN PERSON,Manufacturer#4,5-LOW,1,MACHINERY,MAIL,4,0.04,21,Brand#43,JUMBO PKG,17,39,1,46370.9532
O,O,N,TAKE BACK RETURN,Manufacturer#5,5-LOW,3,MACHINERY,FOB,1,0.03,21,Brand#53,WRAP CAN,49,33,1,57204.9324
O,O,N,COLLECT COD,Manufacturer#4,5-LOW,3,MACHINERY,FOB,5,0.01,12,Brand#42,WRAP PKG,38,49,0,69386.9645
O,O,N,TAKE BACK RETURN,Manufacturer#2,5-LOW,3,MACHINERY,SHIP,2,0.02,12,Brand#22,LG JAR,45,3,0,3497.9136
O,O,N,TAKE BACK RETURN,Manufacturer#5,1-URGENT,4,AUTOMOBILE,AIR,3,0.02,8,Brand#51,JUMBO CASE,33,19,3,19917.6506
O,O,N,COLLECT COD,Manufacturer#4,1-URGENT,4,AUTOMOBILE,TRUCK,2,0.03,21,Brand#45,MED BAG,27,21,1,24829.8561
O,O,N,NONE,Manufacturer#4,4-NOT SPECIFIED,1,FURNITURE,AIR,2,0.06,12,Brand#44,LG DRUM,18,17,0,19356.7338
F,F,R,TAKE BACK RETURN,Manufacturer#3,1-URGENT,0,BUILDING,RAIL,3,0.07,12,Brand#35,SM JAR,33,37,0,60163.1396
F,F,R,DELIVER IN PERSON,Manufacturer#3,1-URGENT,0,BUILDING,REG AIR,4,0.02,8,Brand#32,LG PKG,21,24,3,30392.4576
F,F,R,DELIVER IN PERSON,Manufacturer#3,4-NOT SPECIFIED,0,BUILDING,TRUCK,2,0.07,9,Brand#35,SM CASE,22,6,4,9422.136
F,F,A,TAKE BACK RETURN,Manufacturer#2,4-NOT SPECIFIED,0,BUILDING,AIR,1,0.06,9,Brand#25,JUMBO CASE,22,29,4,40701.5
O,O,N,COLLECT COD,Manufacturer#4,1-URGENT,3,BUILDING,RAIL,5,0.03,12,Brand#42,MED PKG,28,11,0,15350.39
O,O,N,COLLECT COD,Manufacturer#4,1-URGENT,3,BUILDING,AIR,1,0.01,21,Brand#41,WRAP PKG,26,48,1,55838.9424
O,O,N,DELIVER IN PERSON,Manufacturer#3,4-NOT SPECIFIED,1,FURNITURE,SHIP,2,0.05,8,Brand#31,JUMBO DRUM,48,19,3,20148.417
O,O,N,COLLECT COD,Manufacturer#3,3-MEDIUM,3,BUILDING,RAIL,5,0.02,18,Brand#35,MED PACK,26,26,2,45974.8224
O,O,N,TAKE BACK RETURN,Manufacturer#3,3-MEDIUM,3,BUILDING,TRUCK,2,0.05,12,Brand#34,MED PKG,14,7,0,12064.7163
O,O,N,NONE,Manufacturer#5,4-NOT SPECIFIED,0,HOUSEHOLD,FOB,1,0.02,18,Brand#54,SM DRUM,23,34,2,34380.8374
O,O,N,COLLECT COD,Manufacturer#5,4-NOT SPECIFIED,0,HOUSEHOLD,MAIL,6,0.03,12,Brand#53,JUMBO PKG,10,18,0,31571.3052
O,O,N,TAKE BACK RETURN,Manufacturer#2,4-NOT SPECIFIED,0,HOUSEHOLD,REG AIR,3,0.02,8,Brand#23,SM PACK,14,46,3,54763.0184
F,F,R,DELIVER IN PERSON,Manufacturer#1,1-URGENT,4,AUTOMOBILE,FOB,3,0.05,21,Brand#15,LG BAG,32,16,1,13883.4864
O,O,N,COLLECT COD,Manufacturer#3,1-URGENT,3,FURNITURE,AIR,1,0.06,18,Brand#32,WRAP DRUM,27,24,2,29002.3848
O,O,N,COLLECT COD,Manufacturer#3,1-URGENT,1,BUILDING,TRUCK,1,0.06,18,Brand#33,LG PACK,10,45,2,47799.297
F,F,A,NONE,Manufacturer#2,5-LOW,1,AUTOMOBILE,AIR,4,0.02,18,Brand#25,JUMBO BOX,36,32,2,38159.1392
F,F,R,NONE,Manufacturer#2,5-LOW,1,AUTOMOBILE,MAIL,3,0.04,8,Brand#25,SM BAG,3,32,3,53986.448
F,F,R,COLLECT COD,Manufacturer#4,2-HIGH,2,AUTOMOBILE,RAIL,2,0.06,18,Brand#43,JUMBO PACK,25,21,2,27843.4674
F,F,R,DELIVER IN PERSON,Manufacturer#3,2-HIGH,2,AUTOMOBILE,REG AIR,1,0.02,8,Brand#35,LG JAR,18,19,3,23376.27
O,P,N,DELIVER IN PERSON,Manufacturer#2,2-HIGH,0,MACHINERY,MAIL,1,0.02,9,Brand#21,LG DRUM,8,29,4,27270.1616
F,F,R,COLLECT COD,Manufacturer#4,3-MEDIUM,0,MACHINERY,MAIL,2,0,8,Brand#45,MED BOX,34,24,3,27541.2672
F,F,A,NONE,Manufacturer#5,1-URGENT,0,BUILDING,AIR,5,0.02,9,Brand#54,JUMBO BOX,49,28,4,45462.7936
F,F,A,NONE,Manufacturer#2,1-URGENT,0,BUILDING,REG AIR,2,0.07,9,Brand#25,LG CAN,33,12,4,17705.7648
F,F,R,TAKE BACK RETURN,Manufacturer#5,1-URGENT,0,BUILDING,RAIL,4,0.07,18,Brand#51,SM PACK,30,29,2,47639.46
O,O,N,COLLECT COD,Manufacturer#3,5-LOW,0,AUTOMOBILE,AIR,4,0,21,Brand#32,JUMBO PACK,45,19,1,22345.9076
O,O,N,DELIVER IN PERSON,Manufacturer#1,5-LOW,4,HOUSEHOLD,TRUCK,2,0.01,12,Brand#15,JUMBO JAR,3,43,0,54114.1369
O,O,N,COLLECT COD,Manufacturer#5,5-LOW,4,HOUSEHOLD,SHIP,1,0.06,9,Brand#54,LG CASE,42,7,4,6943.4148
F,F,R,COLLECT COD,Manufacturer#3,4-NOT SPECIFIED,2,MACHINERY,FOB,4,0.06,21,Brand#35,MED CAN,48,17,1,18445.952
F,F,R,DELIVER IN PERSON,Manufacturer#4,4-NOT SPECIFIED,2,MACHINERY,FOB,6,0.04,18,Brand#44,MED DRUM,14,6,2,8296.635
O,O,N,TAKE BACK RETURN,Manufacturer#5,5-LOW,1,HOUSEHOLD,REG AIR,2,0.05,9,Brand#53,SM BOX,48,12,4,17282.8656
F,F,R,COLLECT COD,Manufacturer#3,4-NOT SPECIFIED,2,BUILDING,AIR,2,0.06,12,Brand#34,LG CASE,20,42,0,52865.757
O,O,N,TAKE BACK RETURN,Manufacturer#5,1-URGENT,1,BUILDING,RAIL,1,0,12,Brand#54,MED JAR,46,30,0,46803.804
O,O,N,COLLECT COD,Manufacturer#2,2-HIGH,1,BUILDING,MAIL,2,0.01,12,Brand#21,JUMBO JAR,40,3,0,5000.265
O,O,N,COLLECT COD,Manufacturer#3,2-HIGH,1,BUILDING,SHIP,3,0,18,Brand#33,SM CAN,48,45,2,67609.5255
O,O,N,TAKE BACK RETURN,Manufacturer#5,2-HIGH,1,BUILDING,SHIP,1,0,18,Brand#52,WRAP PACK,27,9,2,11337.0516
F,F,A,DELIVER IN PERSON,Manufacturer#3,2-HIGH,1,BUILDING,REG AIR,6,0.07,21,Brand#35,WRAP BOX,44,10,1,15827.031
F,F,A,TAKE BACK RETURN,Manufacturer#2,2-HIGH,1,BUILDING,RAIL,4,0.08,18,Brand#25,WRAP CAN,22,5,2,9424.9
O,O,N,NONE,Manufacturer#5,3-MEDIUM,3,BUILDING,RAIL,6,0,21,Brand#51,LG CAN,8,23,1,39832.09
O,O,N,DELIVER IN PERSON,Manufacturer#4,2-HIGH,2,BUILDING,FOB,5,0.03,8,Brand#45,MED JAR,35,25,3,42625.835
O,O,N,COLLECT COD,Manufacturer#3,2-HIGH,2,BUILDING,AIR,6,0.08,9,Brand#31,WRAP CASE,26,16,4,26653.68
F,F,R,DELIVER IN PERSON,Manufacturer#3,1-URGENT,2,HOUSEHOLD,MAIL,4,0.07,9,Brand#33,WRAP PKG,25,5,4,4512.7375
O,O,N,COLLECT COD,Manufacturer#2,1-URGENT,2,BUILDING,SHIP,5,0.05,21,Brand#23,SM PACK,36,46,1,65795.3134
O,O,N,TAKE BACK RETURN,Manufacturer#4,1-URGENT,2,BUILDING,SHIP,2,0.04,12,Brand#42,WRAP PKG,38,29,0,41065.7545
F,F,R,DELIVER IN PERSON,Manufacturer#2,2-HIGH,3,HOUSEHOLD,FOB,1,0.03,8,Brand#25,SM BAG,44,27,3,36802.4472
O,O,N,TAKE BACK RETURN,Manufacturer#3,3-MEDIUM,3,MACHINERY,RAIL,1,0.04,21,Brand#32,WRAP PACK,24,21,1,29809.71
O,O,N,NONE,Manufacturer#5,3-MEDIUM,3,MACHINERY,REG AIR,2,0.05,12,Brand#54,MED JAR,46,45,0,70205.706
O,O,N,DELIVER IN PERSON,Manufacturer#5,5-LOW,1,AUTOMOBILE,REG AIR,1,0.04,21,Brand#54,MED CASE,41,16,1,21987.408
O,O,N,TAKE BACK RETURN,Manufacturer#3,5-LOW,0,BUILDING,MAIL,1,0.07,9,Brand#33,SM BOX,32,16,4,27115.0704
O,O,N,TAKE BACK RETURN,Manufacturer#2,2-HIGH,4,BUILDING,REG AIR,3,0.04,9,Brand#25,JUMBO BAG,47,17,4,22481.6704
O,O,N,TAKE BACK RETURN,Manufacturer#4,4-NOT SPECIFIED,4,FURNITURE,FOB,3,0.07,8,Brand#44,LG DRUM,13,26,3,44247.4656
O,O,N,DELIVER IN PERSON,Manufacturer#2,4-NOT SPECIFIED,4,FURNITURE,TRUCK,4,0.02,21,Brand#22,WRAP DRUM,13,29,1,30006.909
F,F,R,TAKE BACK RETURN,Manufacturer#4,3-MEDIUM,2,AUTOMOBILE,SHIP,5,0.06,21,Brand#44,LG CAN,25,25,1,38647.4725
O,O,N,COLLECT COD,Manufacturer#3,3-MEDIUM,0,AUTOMOBILE,AIR,2,0.08,21,Brand#35,SM BAG,2,5,1,6350.162
O,O,N,COLLECT COD,Manufacturer#5,3-MEDIUM,0,AUTOMOBILE,MAIL,3,0.08,9,Brand#52,SM PACK,34,20,4,28730.304
F,F,R,DELIVER IN PERSON,Manufacturer#1,4-NOT SPECIFIED,3,AUTOMOBILE,REG AIR,2,0.05,18,Brand#12,LG JAR,18,12,2,19366.206
F,F,R,NONE,Manufacturer#5,4-NOT SPECIFIED,3,AUTOMOBILE,FOB,3,0.01,21,Brand#54,MED CASE,41,12,1,16664.1408
O,O,N,COLLECT COD,Manufacturer#5,4-NOT SPECIFIED,3,MACHINERY,MAIL,1,0,8,Brand#51,JUMBO BOX,39,4,3,7496.2404
O,O,N,DELIVER IN PERSON,Manufacturer#4,5-LOW,4,FURNITURE,MAIL,3,0.05,9,Brand#43,JUMBO CAN,2,31,4,50608.089
O,O,N,NONE,Manufacturer#1,5-LOW,4,FURNITURE,REG AIR,6,0.08,12,Brand#15,JUMBO JAR,3,23,0,27154.3727
O,O,N,COLLECT COD,Manufacturer#2,5-LOW,4,FURNITURE,AIR,4,0.05,18,Brand#24,MED JAR,16,1,2,1567.253
O,O,N,DELIVER IN PERSON,Manufacturer#2,5-LOW,4,FURNITURE,SHIP,1,0.02,21,Brand#21,SM BOX,26,2,1,3457.7088
O,O,N,COLLECT COD,Manufacturer#4,4-NOT SPECIFIED,1,FURNITURE,FOB,4,0.05,9,Brand#44,WRAP BOX,40,49,4,80934.084
O,O,N,TAKE BACK RETURN,Manufacturer#1,1-URGENT,3,AUTOMOBILE,REG AIR,2,0,9,Brand#13,LG PACK,1,14,4,20381.9616
O,O,N,NONE,Manufacturer#4,1-URGENT,3,AUTOMOBILE,TRUCK,3,0.03,21,Brand#45,MED BAG,27,46,1,55558.869
F,F,A,TAKE BACK RETURN,Manufacturer#4,2-HIGH,4,BUILDING,MAIL,5,0.02,9,Brand#43,MED BAG,4,22,4,38232.26
F,F,R,TAKE BACK RETURN,Manufacturer#3,2-HIGH,4,BUILDING,FOB,1,0.04,21,Brand#34,MED DRUM,47,19,1,34943.0957
O,O,N,COLLECT COD,Manufacturer#2,2-HIGH,1,FURNITURE,SHIP,5,0.05,12,Brand#25,WRAP PKG,4,38,0,62819.2744
O,O,N,COLLECT COD,Manufacturer#3,2-HIGH,1,FURNITURE,AIR,3,0.03,18,Brand#31,WRAP DRUM,29,36,2,45787.7376
O,O,N,TAKE BACK RETURN,Manufacturer#5,2-HIGH,1,FURNITURE,RAIL,1,0.08,9,Brand#51,WRAP PKG,1,50,4,66221.05
O,O,N,NONE,Manufacturer#4,2-HIGH,1,FURNITURE,REG AIR,4,0.08,18,Brand#44,WRAP BAG,35,17,2,30280.7655
F,F,R,DELIVER IN PERSON,Manufacturer#5,4-NOT SPECIFIED,1,MACHINERY,FOB,2,0.08,21,Brand#51,WRAP CASE,1,22,1,30948.0006
F,F,R,NONE,Manufacturer#5,4-NOT SPECIFIED,1,MACHINERY,SHIP,1,0.03,18,Brand#53,MED CASE,28,39,2,41396.4837
F,F,R,TAKE BACK RETURN,Manufacturer#3,4-NOT SPECIFIED,1,MACHINERY,AIR,3,0.02,9,Brand#34,MED BAG,32,45,4,41455.323
F,F,R,COLLECT COD,Manufacturer#3,5-LOW,4,BUILDING,AIR,3,0,21,Brand#35,WRAP CASE,37,15,1,17448.9
F,F,R,DELIVER IN PERSON,Manufacturer#5,1-URGENT,1,FURNITURE,RAIL,3,0.01,9,Brand#51,JUMBO DRUM,19,43,4,73886.2464
F,F,R,NONE,Manufacturer#4,1-URGENT,1,FURNITURE,TRUCK,2,0.07,18,Brand#44,WRAP CASE,35,40,2,44674.448
O,O,N,TAKE BACK RETURN,Manufacturer#1,4-NOT SPECIFIED,3,FURNITURE,FOB,2,0.02,18,Brand#14,LG PKG,30,7,2,6982.9536
O,O,N,TAKE BACK RETURN,Manufacturer#2,4-NOT SPECIFIED,3,FURNITURE,REG AIR,3,0.07,12,Brand#21,JUMBO DRUM,13,40,0,68432
F,F,A,COLLECT COD,Manufacturer#3,1-URGENT,2,HOUSEHOLD,REG AIR,1,0.06,8,Brand#35,LG JAR,14,8,3,8195.7888
F,F,R,TAKE BACK RETURN,Manufacturer#4,1-URGENT,2,HOUSEHOLD,REG AIR,2,0.02,18,Brand#41,SM BOX,33,14,2,16469.5608
F,F,R,COLLECT COD,Manufacturer#3,4-NOT SPECIFIED,4,HOUSEHOLD,TRUCK,4,0.05,18,Brand#32,SM DRUM,32,30,2,37783.149
F,F,R,TAKE BACK RETURN,Manufacturer#1,4-NOT SPECIFIED,4,HOUSEHOLD,RAIL,2,0.07,21,Brand#13,MED DRUM,4,22,1,36302.2968
F,F,R,NONE,Manufacturer#1,1-URGENT,4,BUILDING,FOB,2,0.06,18,Brand#13,LG DRUM,22,44,2,73258.3368
F,F,A,COLLECT COD,Manufacturer#1,1-URGENT,4,BUILDING,REG AIR,1,0.08,18,Brand#11,JUMBO BOX,48,48,2,61671.72
O,O,N,TAKE BACK RETURN,Manufacturer#2,2-HIGH,1,FURNITURE,TRUCK,2,0.03,9,Brand#24,MED JAR,12,44,4,54970.96
F,F,A,COLLECT COD,Manufacturer#4,3-MEDIUM,0,AUTOMOBILE,REG AIR,4,0.02,12,Brand#43,SM JAR,10,45,0,72770.0355
F,F,R,COLLECT COD,Manufacturer#3,3-MEDIUM,0,FURNITURE,REG AIR,1,0.05,21,Brand#34,SM PACK,48,44,1,48665.3376
F,F,R,TAKE BACK RETURN,Manufacturer#2,1-URGENT,0,HOUSEHOLD,RAIL,3,0,12,Brand#24,MED PKG,4,14,0,17218.544
F,F,A,NONE,Manufacturer#5,1-URGENT,0,HOUSEHOLD,RAIL,5,0.07,21,Brand#52,LG DRUM,46,13,1,12155.39
F,F,A,COLLECT COD,Manufacturer#4,1-URGENT,0,HOUSEHOLD,MAIL,1,0.05,18,Brand#44,WRAP BAG,35,34,2,59286.5514
O,O,N,DELIVER IN PERSON,Manufacturer#4,1-URGENT,4,MACHINERY,RAIL,3,0.08,21,Brand#41,WRAP BAG,10,36,1,57453.2136
O,O,N,TAKE BACK RETURN,Manufacturer#4,1-URGENT,4,MACHINERY,RAIL,5,0.03,18,Brand#43,WRAP BAG,26,17,2,22442.4531
O,O,N,TAKE BACK RETURN,Manufacturer#1,5-LOW,2,MACHINERY,REG AIR,1,0,18,Brand#15,MED CAN,19,22,2,23103.8412
O,O,N,DELIVER IN PERSON,Manufacturer#3,5-LOW,2,MACHINERY,MAIL,3,0.08,12,Brand#35,LG BOX,42,27,0,35218.8
O,O,N,DELIVER IN PERSON,Manufacturer#5,1-URGENT,3,FURNITURE,AIR,6,0.01,12,Brand#51,SM PACK,30,22,0,34333.266
O,O,N,TAKE BACK RETURN,Manufacturer#5,5-LOW,3,AUTOMOBILE,AIR,1,0,9,Brand#51,MED CAN,10,39,4,66675.7728
O,O,N,NONE,Manufacturer#5,1-URGENT,1,AUTOMOBILE,SHIP,4,0.02,9,Brand#51,SM JAR,9,27,4,30997.1016
O,O,N,TAKE BACK RETURN,Manufacturer#4,1-URGENT,1,AUTOMOBILE,SHIP,2,0,9,Brand#44,WRAP CASE,35,8,4,8833.92
F,F,R,DELIVER IN PERSON,Manufacturer#2,2-HIGH,2,AUTOMOBILE,TRUCK,4,0.05,18,Brand#22,MED JAR,19,21,2,22767.738
F,F,A,NONE,Manufacturer#1,2-HIGH,2,AUTOMOBILE,MAIL,3,0.02,18,Brand#13,WRAP JAR,11,15,2,18561.381
F,F,A,COLLECT COD,Manufacturer#4,2-HIGH,2,AUTOMOBILE,FOB,6,0.01,21,Brand#43,MED CAN,43,47,1,60789.189
F,F,A,COLLECT COD,Manufacturer#2,2-HIGH,2,AUTOMOBILE,REG AIR,2,0.07,12,Brand#22,SM BAG,8,32,0,54457.6
O,O,N,TAKE BACK RETURN,Manufacturer#3,4-NOT SPECIFIED,0,MACHINERY,AIR,1,0.07,9,Brand#35,SM BAG,21,13,4,12969.3525
F,F,R,TAKE BACK RETURN,Manufacturer#3,3-MEDIUM,3,AUTOMOBILE,MAIL,5,0.08,9,Brand#34,JUMBO CASE,49,37,4,35375.0858
F,F,A,COLLECT COD,Manufacturer#4,3-MEDIUM,3,AUTOMOBILE,MAIL,2,0.07,9,Brand#44,MED DRUM,41,28,4,48505.5648
O,O,N,NONE,Manufacturer#4,5-LOW,3,MACHINERY,TRUCK,4,0.01,21,Brand#45,MED PKG,34,27,1,30499.7238
O,O,N,DELIVER IN PERSON,Manufacturer#4,3-MEDIUM,0,AUTOMOBILE,RAIL,1,0.05,21,Brand#43,LG BOX,16,12,1,10453.914
O,O,N,DELIVER IN PERSON,Manufacturer#2,3-MEDIUM,3,BUILDING,REG AIR,1,0.08,8,Brand#24,JUMBO JAR,29,17,3,17380.1455
F,F,A,NONE,Manufacturer#3,5-LOW,0,BUILDING,RAIL,2,0.04,18,Brand#33,JUMBO JAR,3,20,2,21485.324
F,F,A,TAKE BACK RETURN,Manufacturer#1,3-MEDIUM,0,MACHINERY,TRUCK,4,0.03,9,Brand#15,JUMBO CAN,18,46,4,71347.2144
O,O,N,COLLECT COD,Manufacturer#4,4-NOT SPECIFIED,4,MACHINERY,RAIL,1,0.08,8,Brand#42,WRAP CAN,16,35,3,50251.824
O,O,N,NONE,Manufacturer#2,4-NOT SPECIFIED,4,MACHINERY,RAIL,2,0.02,18,Brand#24,MED PKG,48,44,2,59373.5208
F,F,A,NONE,Manufacturer#1,5-LOW,0,BUILDING,AIR,3,0.07,18,Brand#13,MED CASE,47,47,2,63281.2089
F,F,A,NONE,Manufacturer#5,5-LOW,0,BUILDING,REG AIR,5,0.03,21,Brand#51,LG PACK,42,32,1,56218.3168
F,F,R,TAKE BACK RETURN,Manufacturer#5,5-LOW,0,BUILDING,FOB,2,0.07,18,Brand#54,SM BAG,1,42,2,71034.7512
O,O,N,COLLECT COD,Manufacturer#3,3-MEDIUM,0,FURNITURE,SHIP,3,0.08,18,Brand#35,SM CASE,22,41,2,68676.9024
O,O,N,TAKE BACK RETURN,Manufacturer#1,3-MEDIUM,0,FURNITURE,AIR,2,0.06,21,Brand#15,MED BAG,30,40,1,50359.328
O,O,N,DELIVER IN PERSON,Manufacturer#4,3-MEDIUM,0,MACHINERY,TRUCK,5,0.03,18,Brand#45,MED DRUM,33,6,2,7993.5174
O,O,N,COLLECT COD,Manufacturer#1,3-MEDIUM,0,MACHINERY,TRUCK,6,0,8,Brand#14,JUMBO BOX,44,37,3,44781.174
O,O,N,NONE,Manufacturer#1,3-MEDIUM,2,BUILDING,RAIL,1,0.04,8,Brand#14,WRAP PKG,40,26,3,35888.58
O,O,N,COLLECT COD,Manufacturer#3,3-MEDIUM,2,BUILDING,REG AIR,3,0.02,21,Brand#32,JUMBO JAR,29,21,1,28982.4171
O,O,N,TAKE BACK RETURN,Manufacturer#3,2-HIGH,3,BUILDING,TRUCK,1,0.04,21,Brand#32,JUMBO JAR,16,7,1,11769.569
O,O,N,NONE,Manufacturer#2,4-NOT SPECIFIED,3,AUTOMOBILE,SHIP,1,0.07,8,Brand#25,WRAP PKG,37,6,3,8500.4592
O,O,N,TAKE BACK RETURN,Manufacturer#5,4-NOT SPECIFIED,3,AUTOMOBILE,FOB,3,0.08,8,Brand#52,LG CAN,23,16,3,26097.288
F,F,A,COLLECT COD,Manufacturer#1,4-NOT SPECIFIED,1,FURNITURE,FOB,1,0.02,8,Brand#14,MED CAN,23,38,3,64721.4252
F,F,R,NONE,Manufacturer#3,1-URGENT,4,BUILDING,REG AIR,6,0.07,18,Brand#31,WRAP DRUM,29,19,2,25741.7776
F,F,A,DELIVER IN PERSON,Manufacturer#5,1-URGENT,4,BUILDING,RAIL,5,0.08,18,Brand#54,LG DRUM,10,50,2,75974.08
O,O,N,COLLECT COD,Manufacturer#5,3-MEDIUM,3,BUILDING,TRUCK,4,0,12,Brand#52,MED PKG,33,43,0,62760.564
O,O,N,TAKE BACK RETURN,Manufacturer#5,3-MEDIUM,3,BUILDING,AIR,1,0.03,12,Brand#55,JUMBO CASE,10,40,0,42766.4
O,O,N,DELIVER IN PERSON,Manufacturer#4,3-MEDIUM,3,BUILDING,TRUCK,2,0.06,12,Brand#44,JUMBO PKG,19,35,0,29557.437
O,O,N,TAKE BACK RETURN,Manufacturer#5,3-MEDIUM,3,BUILDING,FOB,5,0.04,21,Brand#51,LG CAN,22,35,1,55796.496
O,O,N,NONE,Manufacturer#1,1-URGENT,3,BUILDING,MAIL,2,0.01,8,Brand#12,WRAP JAR,8,45,3,77194.116
O,O,N,COLLECT COD,Manufacturer#4,5-LOW,0,AUTOMOBILE,REG AIR,6,0.08,18,Brand#43,JUMBO DRUM,38,19,2,16443.7305
F,F,A,COLLECT COD,Manufacturer#5,3-MEDIUM,1,FURNITURE,MAIL,3,0,9,Brand#53,MED JAR,40,32,4,46643.552
F,F,R,DELIVER IN PERSON,Manufacturer#3,3-MEDIUM,1,FURNITURE,AIR,1,0.05,8,Brand#35,LG PKG,8,39,3,63703.341
O,O,N,NONE,Manufacturer#4,4-NOT SPECIFIED,3,AUTOMOBILE,MAIL,1,0.07,9,Brand#45,SM PACK,48,22,4,19107.3696
F,F,A,COLLECT COD,Manufacturer#3,3-MEDIUM,2,AUTOMOBILE,SHIP,4,0.04,18,Brand#33,SM PACK,41,45,2,73584.297
F,F,R,TAKE BACK RETURN,Manufacturer#5,3-MEDIUM,2,AUTOMOBILE,TRUCK,1,0.08,21,Brand#54,WRAP BAG,15,30,1,42840.36
O,O,N,TAKE BACK RETURN,Manufacturer#5,4-NOT SPECIFIED,2,AUTOMOBILE,FOB,1,0.01,9,Brand#53,LG JAR,31,15,4,21381.885
O,O,N,DELIVER IN PERSON,Manufacturer#3,4-NOT SPECIFIED,0,MACHINERY,REG AIR,2,0.07,8,Brand#32,LG PKG,36,19,3,31448.9596
F,F,R,NONE,Manufacturer#5,1-URGENT,4,HOUSEHOLD,RAIL,5,0.02,8,Brand#54,MED DRUM,42,33,3,52658.2089
F,F,R,DELIVER IN PERSON,Manufacturer#5,1-URGENT,0,BUILDING,FOB,3,0.06,18,Brand#52,SM DRUM,14,27,2,29534.9166
F,F,A,TAKE BACK RETURN,Manufacturer#3,1-URGENT,0,BUILDING,TRUCK,2,0.02,18,Brand#34,MED CASE,22,47,2,58590.6324
F,F,A,DELIVER IN PERSON,Manufacturer#1,1-URGENT,0,BUILDING,AIR,5,0.05,21,Brand#13,MED JAR,38,50,1,68526.01
F,F,R,COLLECT COD,Manufacturer#3,3-MEDIUM,4,MACHINERY,FOB,5,0.04,21,Brand#32,SM CASE,9,30,1,53354.118
O,O,N,TAKE BACK RETURN,Manufacturer#1,1-URGENT,3,MACHINERY,MAIL,1,0.03,9,Brand#11,JUMBO CASE,20,42,4,37198.224
F,F,A,NONE,Manufacturer#3,2-HIGH,0,HOUSEHOLD,AIR,3,0.07,8,Brand#34,SM CASE,21,44,3,75220.2792
O,O,N,DELIVER IN PERSON,Manufacturer#2,1-URGENT,0,FURNITURE,RAIL,4,0.08,9,Brand#25,SM PKG,31,46,4,83550.2784
O,O,N,TAKE BACK RETURN,Manufacturer#5,1-URGENT,0,FURNITURE,RAIL,3,0.06,12,Brand#55,WRAP DRUM,9,36,0,59545.8864
O,O,N,COLLECT COD,Manufacturer#3,4-NOT SPECIFIED,3,BUILDING,TRUCK,2,0.05,12,Brand#32,JUMBO BAG,42,14,0,11882.304
F,F,R,NONE,Manufacturer#5,2-HIGH,0,BUILDING,REG AIR,6,0.04,18,Brand#54,JUMBO PACK,13,24,2,21818.16
O,O,N,COLLECT COD,Manufacturer#2,4-NOT SPECIFIED,1,AUTOMOBILE,SHIP,1,0.02,18,Brand#22,MED CASE,42,26,2,27798.16
F,F,R,COLLECT COD,Manufacturer#2,5-LOW,2,AUTOMOBILE,RAIL,5,0,18,Brand#22,JUMBO CAN,42,4,2,6782.7276
O,O,N,NONE,Manufacturer#1,4-NOT SPECIFIED,3,BUILDING,AIR,4,0.04,21,Brand#12,MED PKG,41,22,1,21956.418
O,O,N,DELIVER IN PERSON,Manufacturer#1,4-NOT SPECIFIED,3,BUILDING,FOB,1,0.07,18,Brand#12,MED JAR,42,2,2,2939.4684
O,O,N,COLLECT COD,Manufacturer#5,4-NOT SPECIFIED,0,BUILDING,REG AIR,5,0.06,12,Brand#53,WRAP BAG,23,14,0,15262.66
O,O,N,TAKE BACK RETURN,Manufacturer#4,4-NOT SPECIFIED,0,BUILDING,REG AIR,7,0,21,Brand#41,JUMBO CASE,4,14,1,24672.7698
O,O,N,COLLECT COD,Manufacturer#4,4-NOT SPECIFIED,0,BUILDING,REG AIR,4,0.04,12,Brand#43,JUMBO CAN,37,5,0,5714.764
F,F,A,TAKE BACK RETURN,Manufacturer#3,4-NOT SPECIFIED,3,FURNITURE,TRUCK,5,0,18,Brand#34,MED JAR,48,31,2,44760.2428
F,F,A,COLLECT COD,Manufacturer#1,4-NOT SPECIFIED,3,FURNITURE,TRUCK,3,0.02,18,Brand#12,JUMBO PACK,30,37,2,49851.1286
F,F,A,DELIVER IN PERSON,Manufacturer#3,4-NOT SPECIFIED,3,FURNITURE,FOB,6,0.06,8,Brand#35,LG DRUM,14,43,3,47515.9503
O,O,N,COLLECT COD,Manufacturer#4,2-HIGH,2,HOUSEHOLD,REG AIR,3,0.07,9,Brand#45,WRAP PKG,15,47,4,45899.4809
F,F,A,DELIVER IN PERSON,Manufacturer#1,2-HIGH,0,BUILDING,MAIL,1,0.02,18,Brand#14,JUMBO PACK,17,40,2,53048.832
F,F,A,COLLECT COD,Manufacturer#1,2-HIGH,0,BUILDING,FOB,2,0.06,18,Brand#13,MED JAR,17,17,2,30720.0404
F,F,R,NONE,Manufacturer#3,5-LOW,2,MACHINERY,REG AIR,2,0.07,21,Brand#34,SM DRUM,4,40,1,54126.328
F,F,A,NONE,Manufacturer#1,5-LOW,2,MACHINERY,RAIL,1,0.02,12,Brand#11,MED PACK,4,17,0,28739.4316
O,O,N,TAKE BACK RETURN,Manufacturer#4,5-LOW,2,BUILDING,FOB,1,0.05,18,Brand#45,MED DRUM,33,2,2,2635.8552
O,O,N,DELIVER IN PERSON,Manufacturer#3,5-LOW,2,BUILDING,MAIL,5,0.02,9,Brand#35,SM BAG,21,32,4,31252.464
O,O,N,COLLECT COD,Manufacturer#3,2-HIGH,0,BUILDING,RAIL,3,0.01,21,Brand#31,SM PKG,4,7,1,6282.5406
F,P,N,TAKE BACK RETURN,Manufacturer#2,3-MEDIUM,2,BUILDING,REG AIR,1,0.01,21,Brand#24,MED DRUM,50,39,1,59188.8024
O,P,N,COLLECT COD,Manufacturer#5,3-MEDIUM,2,BUILDING,REG AIR,4,0.02,9,Brand#55,LG JAR,38,2,4,2690.0412
F,F,A,TAKE BACK RETURN,Manufacturer#3,5-LOW,3,BUILDING,AIR,2,0.04,12,Brand#33,WRAP DRUM,36,27,0,24449.3613
F,F,A,COLLECT COD,Manufacturer#3,5-LOW,3,BUILDING,AIR,1,0.03,18,Brand#34,WRAP PKG,27,21,2,26161.0965
F,F,A,COLLECT COD,Manufacturer#3,3-MEDIUM,0,BUILDING,FOB,2,0,9,Brand#31,LG PACK,36,15,4,21261.9225
O,O,N,TAKE BACK RETURN,Manufacturer#1,2-HIGH,4,BUILDING,FOB,5,0.05,21,Brand#12,JUMBO PKG,35,43,1,54651.3488
O,O,N,DELIVER IN PERSON,Manufacturer#2,2-HIGH,4,BUILDING,TRUCK,3,0.05,18,Brand#23,MED BAG,22,40,2,38193.8
O,O,N,DELIVER IN PERSON,Manufacturer#1,4-NOT SPECIFIED,3,AUTOMOBILE,RAIL,7,0.02,21,Brand#11,WRAP JAR,24,46,1,76893.8898
O,O,N,NONE,Manufacturer#4,4-NOT SPECIFIED,3,AUTOMOBILE,FOB,3,0.07,21,Brand#44,WRAP CAN,16,18,1,32147.8308
O,O,N,DELIVER IN PERSON,Manufacturer#2,4-NOT SPECIFIED,3,AUTOMOBILE,RAIL,5,0.07,8,Brand#25,JUMBO CASE,1,2,3,2904.678
F,F,A,COLLECT COD,Manufacturer#2,4-NOT SPECIFIED,3,FURNITURE,AIR,1,0.06,9,Brand#25,WRAP CAN,31,19,4,32897.0104
O,O,N,DELIVER IN PERSON,Manufacturer#5,1-URGENT,0,BUILDING,FOB,2,0.07,21,Brand#55,JUMBO DRUM,24,11,1,13737.394
O,O,N,NONE,Manufacturer#3,1-URGENT,0,HOUSEHOLD,FOB,5,0.02,18,Brand#34,WRAP JAR,2,7,2,10732.0752
O,O,N,TAKE BACK RETURN,Manufacturer#3,1-URGENT,0,HOUSEHOLD,RAIL,6,0.01,8,Brand#31,JUMBO DRUM,48,32,3,36573.5008
O,O,N,NONE,Manufacturer#5,1-URGENT,0,HOUSEHOLD,MAIL,4,0.05,18,Brand#54,MED DRUM,24,37,2,44879.7642
O,O,N,TAKE BACK RETURN,Manufacturer#5,1-URGENT,0,HOUSEHOLD,AIR,3,0.03,12,Brand#55,SM CAN,43,36,0,47759.958
O,O,N,DELIVER IN PERSON,Manufacturer#2,1-URGENT,0,HOUSEHOLD,MAIL,1,0.01,8,Brand#24,WRAP CAN,19,1,3,973.062
O,O,N,DELIVER IN PERSON,Manufacturer#5,3-MEDIUM,3,BUILDING,REG AIR,1,0,12,Brand#54,MED PKG,43,44,0,68660.9924
O,O,N,DELIVER IN PERSON,Manufacturer#2,3-MEDIUM,3,BUILDING,MAIL,2,0.03,8,Brand#22,WRAP JAR,40,3,3,3992.9868
F,F,R,DELIVER IN PERSON,Manufacturer#3,1-URGENT,4,AUTOMOBILE,FOB,4,0.07,21,Brand#35,JUMBO JAR,29,8,1,12497.976
F,F,R,DELIVER IN PERSON,Manufacturer#2,4-NOT SPECIFIED,0,FURNITURE,AIR,6,0,12,Brand#21,SM CASE,25,12,0,15978.2328
F,F,A,DELIVER IN PERSON,Manufacturer#1,4-NOT SPECIFIED,0,FURNITURE,SHIP,3,0.08,18,Brand#15,SM DRUM,22,42,2,43727.88
O,O,N,TAKE BACK RETURN,Manufacturer#4,5-LOW,2,FURNITURE,RAIL,1,0.02,12,Brand#42,MED BAG,14,17,0,27477.117
F,F,R,TAKE BACK RETURN,Manufacturer#3,1-URGENT,1,FURNITURE,AIR,3,0.08,21,Brand#32,SM PKG,12,36,1,61693.38
F,F,A,NONE,Manufacturer#3,1-URGENT,2,AUTOMOBILE,MAIL,2,0.06,9,Brand#35,SM BOX,32,19,4,17376.6932
O,O,N,NONE,Manufacturer#3,2-HIGH,1,FURNITURE,AIR,4,0.06,18,Brand#33,MED PACK,30,34,2,51126.0924
O,O,N,TAKE BACK RETURN,Manufacturer#3,4-NOT SPECIFIED,0,HOUSEHOLD,SHIP,2,0.02,18,Brand#33,LG PACK,13,40,2,42566.4
F,F,A,NONE,Manufacturer#5,5-LOW,2,BUILDING,MAIL,3,0.08,8,Brand#55,SM PKG,46,10,3,16595.46
F,F,A,COLLECT COD,Manufacturer#5,5-LOW,2,BUILDING,AIR,4,0.05,18,Brand#53,LG PACK,11,7,2,7983.5798
O,O,N,COLLECT COD,Manufacturer#1,3-MEDIUM,2,AUTOMOBILE,TRUCK,3,0.03,18,Brand#11,SM BAG,17,22,2,35015.706
O,O,N,COLLECT COD,Manufacturer#1,5-LOW,1,BUILDING,RAIL,6,0.06,21,Brand#11,LG JAR,40,44,1,42418.332
O,O,N,TAKE BACK RETURN,Manufacturer#4,5-LOW,1,BUILDING,REG AIR,2,0.08,9,Brand#43,JUMBO CAN,2,29,4,49447.1866
O,O,N,COLLECT COD,Manufacturer#1,5-LOW,1,BUILDING,SHIP,3,0.07,8,Brand#14,WRAP BAG,25,27,3,26919.783
O,O,N,DELIVER IN PERSON,Manufacturer#3,1-URGENT,2,HOUSEHOLD,TRUCK,3,0,21,Brand#33,LG CASE,25,48,1,79225.776
O,O,N,NONE,Manufacturer#2,1-URGENT,2,HOUSEHOLD,REG AIR,6,0.06,21,Brand#22,SM CASE,42,8,1,10400.688
O,O,N,DELIVER IN PERSON,Manufacturer#3,4-NOT SPECIFIED,0,BUILDING,REG AIR,5,0.08,21,Brand#34,MED PKG,42,14,1,17309.0484
F,F,R,COLLECT COD,Manufacturer#5,2-HIGH,4,FURNITURE,REG AIR,1,0.08,9,Brand#51,SM PKG,28,46,4,63170.098
F,F,R,DELIVER IN PERSON,Manufacturer#5,2-HIGH,4,FURNITURE,TRUCK,3,0.02,18,Brand#52,JUMBO PKG,17,40,2,52096
F,F,R,TAKE BACK RETURN,Manufacturer#1,2-HIGH,0,BUILDING,FOB,3,0.03,8,Brand#15,SM DRUM,20,21,3,30187.4937
F,F,R,COLLECT COD,Manufacturer#1,2-HIGH,0,BUILDING,MAIL,5,0,9,Brand#13,SM PKG,28,8,4,9283.2104
O,O,N,TAKE BACK RETURN,Manufacturer#3,2-HIGH,2,MACHINERY,RAIL,7,0.01,9,Brand#32,JUMBO CASE,40,36,4,63398.9268
O,O,N,TAKE BACK RETURN,Manufacturer#3,2-HIGH,2,MACHINERY,FOB,5,0.06,9,Brand#31,MED JAR,42,44,4,60001.0488
O,O,N,TAKE BACK RETURN,Manufacturer#4,2-HIGH,2,MACHINERY,TRUCK,6,0.06,18,Brand#44,SM BAG,4,3,2,4924.647
F,F,R,TAKE BACK RETURN,Manufacturer#5,4-NOT SPECIFIED,2,FURNITURE,RAIL,2,0.02,9,Brand#52,MED JAR,48,26,4,42467.0974
O,O,N,NONE,Manufacturer#4,5-LOW,3,FURNITURE,RAIL,5,0,12,Brand#41,LG CASE,45,16,0,29192.8096
O,O,N,NONE,Manufacturer#4,4-NOT SPECIFIED,2,FURNITURE,MAIL,4,0.05,9,Brand#43,JUMBO BAG,43,21,4,31010.1792
O,O,N,COLLECT COD,Manufacturer#4,2-HIGH,2,BUILDING,SHIP,4,0.02,21,Brand#43,WRAP BAG,20,47,1,67074.4896
O,O,N,TAKE BACK RETURN,Manufacturer#5,5-LOW,1,FURNITURE,AIR,7,0.07,18,Brand#52,MED CASE,20,2,2,1792.5988
O,O,N,COLLECT COD,Manufacturer#3,5-LOW,1,FURNITURE,TRUCK,6,0.05,18,Brand#33,MED PKG,49,50,2,64357.09
F,F,R,TAKE BACK RETURN,Manufacturer#2,4-NOT SPECIFIED,1,AUTOMOBILE,MAIL,3,0.07,18,Brand#22,LG PACK,5,27,2,44473.7952
F,F,R,TAKE BACK RETURN,Manufacturer#3,3-MEDIUM,1,MACHINERY,RAIL,1,0.07,12,Brand#32,JUMBO JAR,26,10,0,9110.01
O,O,N,COLLECT COD,Manufacturer#2,1-URGENT,4,BUILDING,MAIL,1,0.07,9,Brand#21,WRAP BAG,44,3,4,3779.6304
O,O,N,NONE,Manufacturer#2,1-URGENT,4,BUILDING,REG AIR,4,0.07,8,Brand#22,WRAP JAR,40,8,3,10540.4096
O,O,N,DELIVER IN PERSON,Manufacturer#3,1-URGENT,4,BUILDING,AIR,2,0.03,18,Brand#32,WRAP CAN,9,39,2,59834.9544
F,F,A,TAKE BACK RETURN,Manufacturer#3,3-MEDIUM,1,BUILDING,AIR,1,0.08,18,Brand#33,MED PACK,30,44,2,68274.7692
O,O,N,DELIVER IN PERSON,Manufacturer#1,3-MEDIUM,3,FURNITURE,SHIP,2,0.08,18,Brand#12,LG PKG,1,1,2,990.171
F,F,A,DELIVER IN PERSON,Manufacturer#2,5-LOW,2,AUTOMOBILE,TRUCK,7,0.04,12,Brand#21,JUMBO JAR,40,38,0,64744.172
F,F,R,NONE,Manufacturer#1,5-LOW,2,AUTOMOBILE,FOB,1,0.01,12,Brand#13,SM CAN,40,14,0,15764.224
F,F,R,DELIVER IN PERSON,Manufacturer#2,4-NOT SPECIFIED,4,BUILDING,SHIP,1,0.03,8,Brand#23,SM PACK,45,24,3,30801.12
F,F,R,COLLECT COD,Manufacturer#4,4-NOT SPECIFIED,4,BUILDING,SHIP,4,0.07,12,Brand#43,JUMBO CAN,37,16,0,17889.696
F,F,R,DELIVER IN PERSON,Manufacturer#4,5-LOW,4,HOUSEHOLD,FOB,4,0.04,9,Brand#43,MED DRUM,43,1,4,974.5056
F,F,R,TAKE BACK RETURN,Manufacturer#3,5-LOW,2,HOUSEHOLD,MAIL,4,0.01,18,Brand#31,LG CAN,13,30,2,54633.312
F,F,A,COLLECT COD,Manufacturer#3,5-LOW,2,HOUSEHOLD,TRUCK,5,0.04,21,Brand#33,SM CAN,23,9,1,16554.3345
O,O,N,COLLECT COD,Manufacturer#3,4-NOT SPECIFIED,2,BUILDING,SHIP,1,0.04,9,Brand#33,SM PACK,13,45,4,53332.3845
O,O,N,TAKE BACK RETURN,Manufacturer#5,4-NOT SPECIFIED,2,BUILDING,MAIL,6,0.03,18,Brand#55,SM PACK,36,1,2,1505.8974
O,O,N,DELIVER IN PERSON,Manufacturer#2,4-NOT SPECIFIED,2,BUILDING,SHIP,3,0.06,18,Brand#21,MED PACK,24,31,2,31120.7388
O,O,N,TAKE BACK RETURN,Manufacturer#2,5-LOW,0,BUILDING,SHIP,2,0.06,8,Brand#22,LG PACK,5,45,3,72578.763
O,O,N,DELIVER IN PERSON,Manufacturer#3,5-LOW,2,BUILDING,SHIP,3,0.03,8,Brand#32,LG PKG,43,19,3,20057.3405
F,F,R,NONE,Manufacturer#4,2-HIGH,2,BUILDING,REG AIR,1,0.01,21,Brand#41,MED BOX,50,38,1,54024.714
F,F,R,DELIVER IN PERSON,Manufacturer#5,1-URGENT,1,MACHINERY,RAIL,2,0.02,9,Brand#54,LG CAN,30,48,4,84088.8
F,F,A,NONE,Manufacturer#3,1-URGENT,1,MACHINERY,AIR,3,0.06,21,Brand#33,JUMBO PKG,48,46,1,74858.1552
F,F,A,NONE,Manufacturer#5,3-MEDIUM,0,AUTOMOBILE,REG AIR,5,0.03,12,Brand#55,SM BAG,17,8,0,14068.1816
O,O,N,NONE,Manufacturer#1,2-HIGH,4,FURNITURE,MAIL,2,0.08,8,Brand#13,JUMBO PACK,17,15,3,27266.2635
O,O,N,COLLECT COD,Manufacturer#2,2-HIGH,4,FURNITURE,AIR,1,0.05,18,Brand#22,JUMBO JAR,28,41,2,64999.5878
O,O,N,TAKE BACK RETURN,Manufacturer#3,5-LOW,2,FURNITURE,AIR,1,0.08,18,Brand#33,SM PKG,7,22,2,24776.84
O,O,N,COLLECT COD,Manufacturer#1,5-LOW,2,FURNITURE,MAIL,3,0.02,18,Brand#12,WRAP CASE,20,13,2,19627.7536
O,O,N,TAKE BACK RETURN,Manufacturer#4,5-LOW,1,MACHINERY,AIR,5,0,8,Brand#45,LG CASE,45,18,3,25039.368
F,F,R,DELIVER IN PERSON,Manufacturer#1,1-URGENT,4,FURNITURE,AIR,5,0,21,Brand#12,JUMBO PACK,21,18,1,20152.6416
F,F,R,NONE,Manufacturer#3,1-URGENT,4,FURNITURE,TRUCK,2,0.02,18,Brand#31,WRAP PKG,40,48,2,44266.5216
F,F,A,DELIVER IN PERSON,Manufacturer#1,4-NOT SPECIFIED,4,MACHINERY,REG AIR,5,0.06,21,Brand#11,JUMBO PACK,39,43,1,73612.3106
O,O,N,NONE,Manufacturer#3,4-NOT SPECIFIED,4,AUTOMOBILE,RAIL,2,0.07,18,Brand#34,MED BAG,32,13,2,11242.7588
O,O,N,COLLECT COD,Manufacturer#2,4-NOT SPECIFIED,4,AUTOMOBILE,RAIL,5,0.03,8,Brand#23,LG PKG,2,8,3,12124.88
O,O,N,DELIVER IN PERSON,Manufacturer#3,2-HIGH,3,MACHINERY,SHIP,2,0.03,18,Brand#35,MED BAG,44,17,2,30076.7808
O,O,N,NONE,Manufacturer#2,2-HIGH,3,MACHINERY,FOB,7,0.03,18,Brand#21,JUMBO PKG,11,47,2,45548.5131
O,O,N,COLLECT COD,Manufacturer#3,5-LOW,2,AUTOMOBILE,FOB,1,0.04,8,Brand#32,LG PKG,21,10,3,13076.465
F,F,R,NONE,Manufacturer#5,5-LOW,2,MACHINERY,MAIL,4,0.04,9,Brand#54,LG CAN,30,22,4,35842.851
F,F,A,DELIVER IN PERSON,Manufacturer#1,5-LOW,2,MACHINERY,MAIL,3,0.07,21,Brand#15,LG DRUM,17,23,1,37681.6958
O,O,N,DELIVER IN PERSON,Manufacturer#3,2-HIGH,0,BUILDING,AIR,2,0.08,12,Brand#32,JUMBO JAR,26,13,0,12103.299
O,O,N,DELIVER IN PERSON,Manufacturer#3,2-HIGH,0,BUILDING,SHIP,3,0.03,18,Brand#34,MED BAG,32,2,2,1767.2564
O,O,N,TAKE BACK RETURN,Manufacturer#5,4-NOT SPECIFIED,0,BUILDING,SHIP,1,0.02,21,Brand#51,JUMBO BAG,22,47,1,84745.2535
F,F,A,COLLECT COD,Manufacturer#4,3-MEDIUM,2,MACHINERY,REG AIR,3,0,8,Brand#42,JUMBO CASE,45,7,3,9212.6132
O,O,N,TAKE BACK RETURN,Manufacturer#2,1-URGENT,0,FURNITURE,REG AIR,3,0.02,18,Brand#23,MED CAN,31,4,2,5928.264
O,O,N,COLLECT COD,Manufacturer#3,1-URGENT,0,FURNITURE,FOB,2,0.03,8,Brand#34,MED BOX,28,36,3,65147.0688
O,O,N,NONE,Manufacturer#1,5-LOW,3,MACHINERY,AIR,1,0.06,8,Brand#11,MED CASE,13,31,3,34962.9687
O,O,N,NONE,Manufacturer#4,1-URGENT,1,FURNITURE,RAIL,1,0.01,21,Brand#44,LG CAN,25,42,1,65641.2456
O,O,N,NONE,Manufacturer#4,1-URGENT,1,FURNITURE,AIR,2,0.06,18,Brand#43,WRAP CAN,2,14,2,17801.5068
F,F,R,DELIVER IN PERSON,Manufacturer#5,4-NOT SPECIFIED,1,MACHINERY,SHIP,2,0.08,21,Brand#53,SM CAN,36,34,1,47312.9856
F,F,R,TAKE BACK RETURN,Manufacturer#3,4-NOT SPECIFIED,1,MACHINERY,RAIL,4,0.01,18,Brand#35,MED BAG,44,23,2,41115.9914
F,F,R,COLLECT COD,Manufacturer#5,5-LOW,2,AUTOMOBILE,RAIL,2,0.06,9,Brand#52,LG BAG,32,26,4,26560.443
F,F,A,COLLECT COD,Manufacturer#1,2-HIGH,1,HOUSEHOLD,RAIL,1,0.03,8,Brand#13,SM BAG,29,44,3,68118.9344
F,F,R,COLLECT COD,Manufacturer#4,2-HIGH,1,HOUSEHOLD,FOB,6,0.01,8,Brand#43,MED PACK,47,6,3,9904.5
F,F,R,COLLECT COD,Manufacturer#5,2-HIGH,1,AUTOMOBILE,RAIL,3,0.08,21,Brand#53,WRAP CASE,1,11,1,11874.6628
F,F,R,NONE,Manufacturer#4,3-MEDIUM,2,AUTOMOBILE,RAIL,3,0.07,21,Brand#45,LG PKG,16,49,1,54813.9725
F,F,R,NONE,Manufacturer#1,3-MEDIUM,1,MACHINERY,SHIP,6,0.02,12,Brand#14,WRAP BAG,13,12,0,21935.04
O,O,N,COLLECT COD,Manufacturer#3,2-HIGH,4,BUILDING,FOB,5,0,18,Brand#32,MED PACK,45,13,2,18856.9732
O,O,N,COLLECT COD,Manufacturer#5,2-HIGH,4,BUILDING,TRUCK,2,0.01,21,Brand#52,LG BOX,45,18,1,15430.6152
O,O,N,NONE,Manufacturer#4,5-LOW,4,AUTOMOBILE,FOB,5,0.07,9,Brand#41,SM PACK,43,14,4,15220.9134
O,O,N,TAKE BACK RETURN,Manufacturer#5,5-LOW,4,AUTOMOBILE,AIR,1,0.03,9,Brand#54,SM CASE,6,39,4,52264.3212
O,O,N,DELIVER IN PERSON,Manufacturer#1,3-MEDIUM,4,HOUSEHOLD,FOB,3,0.05,12,Brand#15,JUMBO JAR,3,16,0,18682.416
F,F,R,DELIVER IN PERSON,Manufacturer#3,4-NOT SPECIFIED,0,BUILDING,MAIL,2,0,8,Brand#34,SM CAN,5,4,3,4932.0192
O,O,N,DELIVER IN PERSON,Manufacturer#5,3-MEDIUM,2,AUTOMOBILE,FOB,7,0.08,8,Brand#51,JUMBO BOX,39,12,3,21125.7684
O,O,N,TAKE BACK RETURN,Manufacturer#5,3-MEDIUM,2,AUTOMOBILE,MAIL,6,0.02,8,Brand#54,MED JAR,10,31,3,40498.245
O,O,N,NONE,Manufacturer#4,3-MEDIUM,2,AUTOMOBILE,RAIL,2,0.06,9,Brand#43,SM CASE,23,36,4,47643.876
O,O,N,COLLECT COD,Manufacturer#2,3-MEDIUM,2,AUTOMOBILE,FOB,5,0.05,12,Brand#23,LG PACK,14,36,0,42831.2448
F,F,A,DELIVER IN PERSON,Manufacturer#5,2-HIGH,2,BUILDING,FOB,3,0.07,12,Brand#51,JUMBO JAR,23,43,0,61094.8515
F,F,R,DELIVER IN PERSON,Manufacturer#2,2-HIGH,2,BUILDING,FOB,1,0.03,21,Brand#24,MED DRUM,50,10,1,15510.168
F,F,A,TAKE BACK RETURN,Manufacturer#3,2-HIGH,2,BUILDING,FOB,2,0.08,8,Brand#33,SM CAN,23,22,3,40874.9
F,F,A,COLLECT COD,Manufacturer#1,2-HIGH,2,BUILDING,REG AIR,5,0.08,8,Brand#13,JUMBO PACK,39,10,3,12298.506
F,F,R,NONE,Manufacturer#2,2-HIGH,1,HOUSEHOLD,MAIL,1,0.03,21,Brand#25,LG DRUM,25,18,1,16001.6256
F,F,R,COLLECT COD,Manufacturer#5,4-NOT SPECIFIED,4,HOUSEHOLD,MAIL,1,0.04,12,Brand#51,SM CAN,8,50,0,76472.34
O,O,N,TAKE BACK RETURN,Manufacturer#3,3-MEDIUM,1,HOUSEHOLD,MAIL,5,0.01,21,Brand#33,WRAP PKG,25,16,1,15048.792
O,O,N,COLLECT COD,Manufacturer#2,3-MEDIUM,1,HOUSEHOLD,FOB,3,0.04,12,Brand#21,LG DRUM,21,11,0,15856.896
O,O,N,TAKE BACK RETURN,Manufacturer#4,2-HIGH,2,HOUSEHOLD,FOB,3,0.03,8,Brand#43,SM BAG,46,21,3,20907.621
O,O,N,TAKE BACK RETURN,Manufacturer#5,2-HIGH,2,HOUSEHOLD,FOB,1,0.04,9,Brand#52,MED CASE,20,42,4,34927.956
O,O,N,COLLECT COD,Manufacturer#2,5-LOW,4,FURNITURE,SHIP,6,0.08,9,Brand#24,WRAP CAN,46,43,4,42691.9652
O,O,N,COLLECT COD,Manufacturer#5,5-LOW,4,FURNITURE,RAIL,4,0.04,21,Brand#51,LG BOX,48,10,1,10641.432
O,O,N,DELIVER IN PERSON,Manufacturer#2,5-LOW,4,FURNITURE,FOB,1,0.05,18,Brand#23,MED JAR,33,46,2,40078.7328
O,O,N,TAKE BACK RETURN,Manufacturer#3,3-MEDIUM,3,BUILDING,AIR,2,0.06,12,Brand#33,MED PACK,30,1,0,1487.7117
O,O,N,DELIVER IN PERSON,Manufacturer#5,3-MEDIUM,3,BUILDING,FOB,3,0.04,18,Brand#51,WRAP BAG,2,35,2,52878.252
F,F,A,COLLECT COD,Manufacturer#4,5-LOW,2,BUILDING,RAIL,1,0.07,12,Brand#41,LG CASE,45,46,0,85659.8292
O,O,N,COLLECT COD,Manufacturer#5,5-LOW,1,FURNITURE,REG AIR,2,0.07,18,Brand#51,MED CASE,40,14,2,23966.6448
O,O,N,COLLECT COD,Manufacturer#4,2-HIGH,2,AUTOMOBILE,TRUCK,6,0.01,18,Brand#43,LG BAG,26,30,2,46470.402
F,F,A,COLLECT COD,Manufacturer#3,1-URGENT,2,MACHINERY,SHIP,1,0.03,18,Brand#34,MED BOX,28,25,2,42042.16
F,F,R,DELIVER IN PERSON,Manufacturer#5,3-MEDIUM,4,HOUSEHOLD,REG AIR,2,0.04,9,Brand#53,JUMBO JAR,28,48,4,56445.1536
O,O,N,DELIVER IN PERSON,Manufacturer#2,2-HIGH,0,MACHINERY,MAIL,5,0.06,12,Brand#23,MED BAG,32,38,0,32956.469
O,O,N,DELIVER IN PERSON,Manufacturer#3,2-HIGH,0,MACHINERY,REG AIR,3,0.03,9,Brand#33,WRAP PKG,25,49,4,42362.7295
O,O,N,TAKE BACK RETURN,Manufacturer#5,2-HIGH,0,MACHINERY,FOB,1,0.02,21,Brand#51,SM CAN,15,8,1,12517.8144
O,O,N,NONE,Manufacturer#1,2-HIGH,0,MACHINERY,SHIP,4,0.08,18,Brand#13,JUMBO CASE,18,41,2,39659.2713
O,O,N,DELIVER IN PERSON,Manufacturer#2,4-NOT SPECIFIED,1,FURNITURE,RAIL,2,0,8,Brand#24,WRAP DRUM,6,49,3,85509.0915
O,O,N,TAKE BACK RETURN,Manufacturer#4,4-NOT SPECIFIED,1,FURNITURE,RAIL,3,0.08,18,Brand#45,WRAP DRUM,31,36,2,33909.7644
O,O,N,NONE,Manufacturer#5,5-LOW,0,HOUSEHOLD,AIR,1,0.08,8,Brand#54,WRAP CAN,13,31,3,28081.6569
F,F,A,NONE,Manufacturer#1,4-NOT SPECIFIED,3,AUTOMOBILE,RAIL,5,0.01,18,Brand#15,JUMBO CAN,18,12,2,17282.8656
O,O,N,TAKE BACK RETURN,Manufacturer#3,3-MEDIUM,0,FURNITURE,AIR,2,0.07,18,Brand#31,WRAP JAR,4,3,2,5090.0157
F,F,R,COLLECT COD,Manufacturer#2,1-URGENT,3,BUILDING,SHIP,5,0.07,12,Brand#21,LG CASE,29,2,0,2996.9478
F,F,A,COLLECT COD,Manufacturer#3,1-URGENT,4,BUILDING,AIR,6,0.03,18,Brand#34,JUMBO CAN,48,50,2,55797.56
O,O,N,TAKE BACK RETURN,Manufacturer#3,1-URGENT,3,BUILDING,REG AIR,2,0.02,8,Brand#34,MED BOX,28,21,3,38002.4568
O,O,N,COLLECT COD,Manufacturer#2,1-URGENT,3,BUILDING,AIR,1,0.08,12,Brand#21,SM CASE,25,1,0,1317.3543
F,F,A,TAKE BACK RETURN,Manufacturer#1,3-MEDIUM,4,BUILDING,FOB,5,0.08,9,Brand#13,JUMBO JAR,26,50,4,56936.425
F,F,R,DELIVER IN PERSON,Manufacturer#3,2-HIGH,4,FURNITURE,REG AIR,2,0.01,12,Brand#35,LG DRUM,14,14,0,16320.3264
F,F,R,TAKE BACK RETURN,Manufacturer#1,2-HIGH,4,FURNITURE,REG AIR,1,0.04,9,Brand#15,JUMBO PKG,26,7,4,8500.3191
F,F,A,TAKE BACK RETURN,Manufacturer#3,3-MEDIUM,0,BUILDING,TRUCK,7,0.04,18,Brand#32,JUMBO DRUM,33,8,2,11675.928
O,O,N,DELIVER IN PERSON,Manufacturer#1,2-HIGH,1,BUILDING,AIR,5,0.02,9,Brand#12,SM BAG,46,9,4,7955.64
F,F,A,NONE,Manufacturer#5,3-MEDIUM,4,HOUSEHOLD,TRUCK,1,0.06,18,Brand#51,SM DRUM,18,2,2,2777.1682
F,F,A,NONE,Manufacturer#1,5-LOW,1,AUTOMOBILE,AIR,1,0.05,8,Brand#14,JUMBO JAR,21,45,3,74194.6095
O,O,N,TAKE BACK RETURN,Manufacturer#2,4-NOT SPECIFIED,2,FURNITURE,REG AIR,1,0.05,12,Brand#21,JUMBO JAR,40,19,0,34483.309
O,O,N,NONE,Manufacturer#2,4-NOT SPECIFIED,2,FURNITURE,TRUCK,3,0,9,Brand#23,JUMBO PACK,17,15,4,21012.156
O,O,N,DELIVER IN PERSON,Manufacturer#5,4-NOT SPECIFIED,0,BUILDING,SHIP,1,0.05,9,Brand#51,WRAP BOX,25,2,4,2936.8704
O,O,N,TAKE BACK RETURN,Manufacturer#2,2-HIGH,0,FURNITURE,RAIL,4,0.04,8,Brand#22,WRAP DRUM,26,19,3,29681.5359
F,F,A,DELIVER IN PERSON,Manufacturer#5,1-URGENT,3,BUILDING,FOB,2,0.04,21,Brand#51,JUMBO CAN,28,42,1,64736.6538
O,O,N,COLLECT COD,Manufacturer#5,4-NOT SPECIFIED,1,HOUSEHOLD,MAIL,1,0.04,21,Brand#55,WRAP BOX,17,30,1,36789.6
O,O,N,COLLECT COD,Manufacturer#1,3-MEDIUM,0,BUILDING,RAIL,1,0.04,18,Brand#12,SM DRUM,40,45,2,57170.799
F,F,R,TAKE BACK RETURN,Manufacturer#3,5-LOW,2,HOUSEHOLD,RAIL,2,0.01,21,Brand#32,LG PKG,36,36,1,40043.2032
O,O,N,COLLECT COD,Manufacturer#1,4-NOT SPECIFIED,3,AUTOMOBILE,AIR,3,0.07,9,Brand#13,MED CASE,26,47,4,69343.988
F,F,R,TAKE BACK RETURN,Manufacturer#2,5-LOW,0,BUILDING,FOB,3,0,21,Brand#22,LG BOX,22,33,1,34314.324
F,F,R,COLLECT COD,Manufacturer#4,5-LOW,0,BUILDING,TRUCK,4,0.06,9,Brand#44,SM JAR,27,6,4,8703.3
O,P,N,TAKE BACK RETURN,Manufacturer#2,2-HIGH,3,FURNITURE,REG AIR,4,0.02,21,Brand#21,SM PKG,32,38,1,46317.4894
O,O,N,COLLECT COD,Manufacturer#1,5-LOW,2,MACHINERY,AIR,6,0.02,21,Brand#13,MED CAN,30,49,1,67684.19
F,F,R,COLLECT COD,Manufacturer#3,2-HIGH,0,MACHINERY,AIR,1,0.03,18,Brand#35,JUMBO JAR,42,42,2,37991.5032
F,F,R,TAKE BACK RETURN,Manufacturer#3,4-NOT SPECIFIED,3,MACHINERY,TRUCK,3,0.03,21,Brand#33,WRAP PKG,25,7,1,6051.8185
F,F,R,NONE,Manufacturer#4,4-NOT SPECIFIED,3,MACHINERY,MAIL,2,0.04,8,Brand#42,SM JAR,49,20,3,22622.784
O,O,N,DELIVER IN PERSON,Manufacturer#4,2-HIGH,4,BUILDING,SHIP,4,0.02,21,Brand#45,WRAP BAG,8,13,1,22450.1472
O,O,N,DELIVER IN PERSON,Manufacturer#3,2-HIGH,4,BUILDING,RAIL,1,0.01,18,Brand#35,LG PKG,5,12,2,17384.3568
O,O,N,DELIVER IN PERSON,Manufacturer#4,2-HIGH,4,BUILDING,MAIL,2,0.02,18,Brand#44,LG BOX,26,24,2,37648.2288
F,F,A,COLLECT COD,Manufacturer#5,4-NOT SPECIFIED,3,AUTOMOBILE,AIR,3,0.01,18,Brand#52,MED CASE,20,10,2,8778.19
O,O,N,NONE,Manufacturer#3,4-NOT SPECIFIED,2,FURNITURE,TRUCK,1,0.06,9,Brand#31,SM CAN,34,47,4,61970.9664
O,O,N,NONE,Manufacturer#2,3-MEDIUM,1,BUILDING,REG AIR,3,0.05,18,Brand#22,SM PKG,19,25,2,25053.4025
O,O,N,COLLECT COD,Manufacturer#1,3-MEDIUM,1,BUILDING,FOB,5,0,18,Brand#12,SM DRUM,8,16,2,17607.2064
O,O,N,COLLECT COD,Manufacturer#2,2-HIGH,3,BUILDING,TRUCK,1,0.04,12,Brand#24,MED PKG,4,23,0,28889.472
O,O,N,DELIVER IN PERSON,Manufacturer#3,5-LOW,0,AUTOMOBILE,AIR,1,0.04,18,Brand#34,MED BOX,28,7,2,12283.6224
O,O,N,DELIVER IN PERSON,Manufacturer#5,1-URGENT,2,BUILDING,MAIL,3,0.03,8,Brand#54,MED CAN,9,12,3,12274.6704
F,F,R,TAKE BACK RETURN,Manufacturer#3,5-LOW,1,MACHINERY,REG AIR,4,0.02,21,Brand#32,WRAP PACK,24,28,1,37361.5032
F,F,R,TAKE BACK RETURN,Manufacturer#2,5-LOW,1,MACHINERY,FOB,6,0.08,8,Brand#23,MED JAR,9,26,3,43908.7038
F,F,R,DELIVER IN PERSON,Manufacturer#3,5-LOW,1,MACHINERY,MAIL,5,0.04,9,Brand#31,JUMBO DRUM,48,18,4,21208.86
F,F,A,DELIVER IN PERSON,Manufacturer#2,1-URGENT,1,AUTOMOBILE,SHIP,2,0.07,12,Brand#25,LG DRUM,25,21,0,18279.6348
F,F,R,NONE,Manufacturer#2,1-URGENT,3,BUILDING,MAIL,5,0.05,12,Brand#21,SM CASE,25,25,0,33642.1125
O,O,N,TAKE BACK RETURN,Manufacturer#1,2-HIGH,4,BUILDING,FOB,2,0,18,Brand#12,MED JAR,42,8,2,10926.5088
F,F,R,COLLECT COD,Manufacturer#1,1-URGENT,1,HOUSEHOLD,FOB,3,0.05,12,Brand#12,JUMBO PKG,35,50,0,63548.08
F,F,A,TAKE BACK RETURN,Manufacturer#2,4-NOT SPECIFIED,0,AUTOMOBILE,REG AIR,4,0.03,21,Brand#25,JUMBO BOX,36,4,1,4979.558
F,F,A,COLLECT COD,Manufacturer#3,2-HIGH,1,BUILDING,SHIP,7,0.03,12,Brand#35,SM CAN,28,10,0,15008.886
F,F,A,TAKE BACK RETURN,Manufacturer#4,2-HIGH,1,BUILDING,REG AIR,4,0.01,18,Brand#44,WRAP PKG,42,30,2,48047.184
F,F,A,DELIVER IN PERSON,Manufacturer#3,2-HIGH,1,BUILDING,MAIL,1,0.06,18,Brand#35,SM BAG,30,16,2,17053.6912
F,F,A,NONE,Manufacturer#2,4-NOT SPECIFIED,2,AUTOMOBILE,AIR,3,0.08,18,Brand#21,WRAP DRUM,34,33,2,50169.8637
F,F,R,NONE,Manufacturer#1,5-LOW,0,BUILDING,FOB,3,0.06,8,Brand#12,SM PACK,36,8,3,14712.8824
F,F,A,DELIVER IN PERSON,Manufacturer#4,5-LOW,4,HOUSEHOLD,TRUCK,2,0,21,Brand#43,JUMBO BAG,47,41,1,71158.534
O,O,N,DELIVER IN PERSON,Manufacturer#5,1-URGENT,3,BUILDING,AIR,1,0.02,12,Brand#52,WRAP PACK,36,34,0,46124.5496
O,O,N,COLLECT COD,Manufacturer#4,1-URGENT,3,BUILDING,TRUCK,3,0,9,Brand#41,LG BAG,11,36,4,49219.74
F,F,R,NONE,Manufacturer#3,3-MEDIUM,4,AUTOMOBILE,SHIP,5,0.06,9,Brand#34,LG DRUM,33,24,4,40537.3344
F,F,A,TAKE BACK RETURN,Manufacturer#5,3-MEDIUM,4,AUTOMOBILE,FOB,4,0.02,8,Brand#53,LG JAR,31,17,3,24727.35
F,F,R,TAKE BACK RETURN,Manufacturer#5,3-MEDIUM,4,AUTOMOBILE,AIR,3,0.08,18,Brand#52,JUMBO PKG,17,16,2,18754.56
F,F,R,TAKE BACK RETURN,Manufacturer#4,2-HIGH,0,MACHINERY,MAIL,1,0,21,Brand#41,WRAP PKG,2,45,1,45885.312
O,O,N,COLLECT COD,Manufacturer#4,4-NOT SPECIFIED,3,BUILDING,REG AIR,1,0.02,9,Brand#42,JUMBO BOX,35,18,4,29216.8512
F,F,A,DELIVER IN PERSON,Manufacturer#2,2-HIGH,1,HOUSEHOLD,SHIP,1,0.08,9,Brand#25,SM CAN,18,28,4,37386.3
F,F,A,COLLECT COD,Manufacturer#1,5-LOW,4,HOUSEHOLD,FOB,5,0.05,18,Brand#14,JUMBO JAR,37,9,2,8797.4523
F,F,R,COLLECT COD,Manufacturer#2,5-LOW,0,AUTOMOBILE,SHIP,2,0.05,21,Brand#23,LG JAR,20,11,1,12699.9895
F,F,A,TAKE BACK RETURN,Manufacturer#3,4-NOT SPECIFIED,4,BUILDING,REG AIR,1,0.06,8,Brand#34,LG CASE,20,6,3,7633.458
F,F,R,TAKE BACK RETURN,Manufacturer#1,4-NOT SPECIFIED,4,BUILDING,TRUCK,2,0.07,9,Brand#11,SM PACK,32,26,4,41640.872
F,F,A,TAKE BACK RETURN,Manufacturer#4,4-NOT SPECIFIED,4,BUILDING,FOB,6,0.07,12,Brand#41,JUMBO PACK,44,11,0,11751.9512
F,F,A,NONE,Manufacturer#5,5-LOW,2,BUILDING,RAIL,1,0.04,9,Brand#55,SM JAR,11,7,4,8980.426
F,F,A,DELIVER IN PERSON,Manufacturer#3,5-LOW,2,BUILDING,TRUCK,3,0.04,9,Brand#35,LG CAN,42,2,4,2134.7928
O,O,N,NONE,Manufacturer#3,4-NOT SPECIFIED,0,HOUSEHOLD,SHIP,7,0.03,18,Brand#34,SM BAG,20,15,2,23394.75
O,O,N,DELIVER IN PERSON,Manufacturer#4,4-NOT SPECIFIED,0,HOUSEHOLD,FOB,6,0.01,18,Brand#44,MED BAG,6,39,2,58749.327
O,O,N,NONE,Manufacturer#5,4-NOT SPECIFIED,0,HOUSEHOLD,TRUCK,5,0.02,18,Brand#55,SM BOX,7,49,2,70467.0274
F,P,R,NONE,Manufacturer#3,1-URGENT,0,BUILDING,RAIL,3,0.01,8,Brand#35,WRAP DRUM,43,27,3,38089.9638
F,P,R,TAKE BACK RETURN,Manufacturer#2,1-URGENT,0,BUILDING,SHIP,2,0.03,8,Brand#25,JUMBO PACK,8,28,3,36781.7604
O,O,N,NONE,Manufacturer#5,4-NOT SPECIFIED,0,HOUSEHOLD,SHIP,4,0.01,18,Brand#52,WRAP CASE,32,47,2,54428.256
O,O,N,COLLECT COD,Manufacturer#4,4-NOT SPECIFIED,0,HOUSEHOLD,SHIP,3,0.01,18,Brand#41,SM BOX,33,39,2,46342.92
O,O,N,NONE,Manufacturer#1,4-NOT SPECIFIED,0,HOUSEHOLD,FOB,6,0.02,8,Brand#12,SM PACK,36,28,3,48840.7024
O,O,N,COLLECT COD,Manufacturer#4,4-NOT SPECIFIED,0,HOUSEHOLD,MAIL,2,0.07,18,Brand#45,JUMBO CAN,34,19,2,31031.6094
O,O,N,COLLECT COD,Manufacturer#1,4-NOT SPECIFIED,0,HOUSEHOLD,TRUCK,5,0,12,Brand#12,JUMBO PKG,35,19,0,24673.2328
F,F,R,DELIVER IN PERSON,Manufacturer#4,4-NOT SPECIFIED,0,HOUSEHOLD,SHIP,7,0.01,18,Brand#45,SM CAN,21,13,2,12388.285
F,F,A,COLLECT COD,Manufacturer#4,1-URGENT,2,HOUSEHOLD,FOB,2,0.01,8,Brand#42,SM PKG,35,2,3,2006.2122
F,F,R,TAKE BACK RETURN,Manufacturer#5,1-URGENT,2,HOUSEHOLD,RAIL,3,0.05,8,Brand#53,LG JAR,31,16,3,20945.52
F,F,R,TAKE BACK RETURN,Manufacturer#2,4-NOT SPECIFIED,4,HOUSEHOLD,MAIL,1,0.08,12,Brand#25,LG CASE,10,1,0,1691.836
F,F,A,NONE,Manufacturer#1,3-MEDIUM,3,BUILDING,RAIL,3,0.01,9,Brand#12,JUMBO BAG,43,39,4,49242.0357
F,F,A,DELIVER IN PERSON,Manufacturer#1,3-MEDIUM,3,BUILDING,FOB,6,0.02,18,Brand#14,WRAP BAG,46,24,2,28946.304
O,O,N,COLLECT COD,Manufacturer#4,4-NOT SPECIFIED,1,HOUSEHOLD,MAIL,3,0.03,8,Brand#45,WRAP PACK,9,47,3,70707.4533
O,O,N,NONE,Manufacturer#3,5-LOW,0,BUILDING,AIR,1,0.01,18,Brand#33,WRAP BAG,17,36,2,58705.92
F,F,A,TAKE BACK RETURN,Manufacturer#3,2-HIGH,4,AUTOMOBILE,FOB,6,0.02,9,Brand#31,JUMBO JAR,38,11,4,17389.6052
O,O,N,TAKE BACK RETURN,Manufacturer#3,5-LOW,1,FURNITURE,TRUCK,1,0.08,18,Brand#32,WRAP BOX,20,7,2,11516.3622
F,F,R,TAKE BACK RETURN,Manufacturer#1,1-URGENT,0,BUILDING,RAIL,2,0.01,18,Brand#11,LG DRUM,1,41,2,54978.3145
F,F,A,TAKE BACK RETURN,Manufacturer#3,1-URGENT,0,BUILDING,REG AIR,1,0.02,21,Brand#32,LG DRUM,43,38,1,37243.3516
F,F,R,DELIVER IN PERSON,Manufacturer#1,4-NOT SPECIFIED,0,BUILDING,MAIL,4,0.05,18,Brand#14,MED JAR,32,45,2,54463.95
O,O,N,DELIVER IN PERSON,Manufacturer#1,4-NOT SPECIFIED,2,AUTOMOBILE,MAIL,6,0.02,21,Brand#12,SM PKG,47,47,1,80963.1823
F,F,R,NONE,Manufacturer#5,5-LOW,0,HOUSEHOLD,TRUCK,4,0.04,12,Brand#55,LG BAG,45,39,0,59750.9055
F,F,R,NONE,Manufacturer#3,5-LOW,0,HOUSEHOLD,MAIL,7,0,8,Brand#31,SM PKG,27,4,3,5663.054
F,F,A,TAKE BACK RETURN,Manufacturer#1,5-LOW,0,HOUSEHOLD,SHIP,5,0.03,18,Brand#11,LG JAR,30,2,2,2710.08
O,O,N,COLLECT COD,Manufacturer#4,3-MEDIUM,1,MACHINERY,RAIL,1,0.01,12,Brand#44,SM PKG,50,23,0,38266.48
O,O,N,COLLECT COD,Manufacturer#4,1-URGENT,3,AUTOMOBILE,FOB,3,0.07,18,Brand#44,SM BAG,15,4,2,6125.2396
O,O,N,COLLECT COD,Manufacturer#3,1-URGENT,3,AUTOMOBILE,TRUCK,4,0.01,21,Brand#31,MED DRUM,25,21,1,22807.638
O,O,N,TAKE BACK RETURN,Manufacturer#1,1-URGENT,1,BUILDING,FOB,2,0.04,18,Brand#12,JUMBO PACK,30,2,2,2753.8788
O,O,N,COLLECT COD,Manufacturer#3,1-URGENT,1,BUILDING,REG AIR,1,0.02,21,Brand#35,SM JAR,39,13,1,12675.91
F,F,R,COLLECT COD,Manufacturer#1,3-MEDIUM,0,FURNITURE,MAIL,4,0.06,9,Brand#14,MED PACK,43,22,4,28532.9352
F,F,A,TAKE BACK RETURN,Manufacturer#2,1-URGENT,3,BUILDING,RAIL,2,0.03,12,Brand#23,MED DRUM,19,18,0,27573.5232
F,F,R,DELIVER IN PERSON,Manufacturer#4,1-URGENT,3,BUILDING,RAIL,1,0.01,12,Brand#43,JUMBO DRUM,38,22,0,19240.5312
O,O,N,TAKE BACK RETURN,Manufacturer#5,4-NOT SPECIFIED,1,FURNITURE,TRUCK,4,0.08,21,Brand#52,MED JAR,48,34,1,57364.6844
O,O,N,NONE,Manufacturer#3,2-HIGH,2,HOUSEHOLD,SHIP,3,0.05,18,Brand#32,SM DRUM,32,43,2,50247.693
O,O,N,NONE,Manufacturer#5,2-HIGH,2,HOUSEHOLD,TRUCK,1,0.04,12,Brand#53,JUMBO PKG,10,34,0,64123.32
F,F,R,COLLECT COD,Manufacturer#1,5-LOW,0,BUILDING,REG AIR,4,0.04,9,Brand#12,MED PACK,24,41,4,43668.0012
O,O,N,TAKE BACK RETURN,Manufacturer#2,4-NOT SPECIFIED,4,AUTOMOBILE,MAIL,3,0.02,21,Brand#23,JUMBO PACK,2,31,1,38502.3968
F,F,A,COLLECT COD,Manufacturer#1,3-MEDIUM,4,HOUSEHOLD,MAIL,1,0,21,Brand#13,MED PKG,6,34,1,32349.1776
F,F,R,TAKE BACK RETURN,Manufacturer#1,3-MEDIUM,4,HOUSEHOLD,AIR,2,0.06,12,Brand#13,LG PKG,34,6,0,10081.584
F,F,R,TAKE BACK RETURN,Manufacturer#3,4-NOT SPECIFIED,0,MACHINERY,FOB,2,0.02,9,Brand#35,JUMBO CASE,32,14,4,15572.3568
F,F,A,TAKE BACK RETURN,Manufacturer#1,4-NOT SPECIFIED,0,MACHINERY,SHIP,6,0.01,21,Brand#12,SM PKG,3,11,1,10377.7905
F,F,A,NONE,Manufacturer#1,1-URGENT,0,AUTOMOBILE,REG AIR,7,0.03,18,Brand#12,LG JAR,39,48,2,72376.0128
F,F,A,NONE,Manufacturer#1,1-URGENT,0,AUTOMOBILE,AIR,2,0.08,8,Brand#13,JUMBO BOX,8,9,3,8406.27
F,F,A,NONE,Manufacturer#4,1-URGENT,0,AUTOMOBILE,REG AIR,5,0.01,12,Brand#42,WRAP JAR,32,29,0,40759.5
O,O,N,TAKE BACK RETURN,Manufacturer#3,1-URGENT,4,BUILDING,MAIL,2,0.04,21,Brand#34,SM DRUM,49,42,1,72185.9838
F,F,R,DELIVER IN PERSON,Manufacturer#3,1-URGENT,4,AUTOMOBILE,TRUCK,1,0.05,8,Brand#35,JUMBO CAN,6,32,3,43099.056
F,F,R,NONE,Manufacturer#5,2-HIGH,4,HOUSEHOLD,RAIL,3,0.04,18,Brand#52,SM PACK,10,30,2,36885.468
F,F,A,COLLECT COD,Manufacturer#2,2-HIGH,4,HOUSEHOLD,REG AIR,7,0.02,8,Brand#24,WRAP CASE,26,23,3,35438.1332
F,F,A,COLLECT COD,Manufacturer#2,2-HIGH,4,HOUSEHOLD,REG AIR,1,0.03,18,Brand#22,JUMBO JAR,28,48,2,76873.5792
F,F,A,COLLECT COD,Manufacturer#2,2-HIGH,4,HOUSEHOLD,MAIL,5,0.03,9,Brand#22,WRAP JAR,3,47,4,62616.4973
F,F,R,NONE,Manufacturer#1,2-HIGH,4,HOUSEHOLD,REG AIR,4,0.02,12,Brand#15,MED CASE,8,45,0,47193.507
F,F,R,TAKE BACK RETURN,Manufacturer#3,5-LOW,0,BUILDING,RAIL,1,0.03,9,Brand#33,JUMBO JAR,3,23,4,24708.1226
F,F,R,DELIVER IN PERSON,Manufacturer#5,5-LOW,0,BUILDING,MAIL,6,0.07,21,Brand#52,JUMBO BAG,9,43,1,64280.4162
F,F,R,COLLECT COD,Manufacturer#2,1-URGENT,3,BUILDING,AIR,5,0.05,8,Brand#24,WRAP CASE,26,44,3,69268.4872
F,F,A,DELIVER IN PERSON,Manufacturer#5,3-MEDIUM,1,BUILDING,MAIL,1,0.08,21,Brand#55,WRAP PKG,27,24,1,41029.2432
F,F,R,COLLECT COD,Manufacturer#2,3-MEDIUM,1,BUILDING,TRUCK,6,0.07,12,Brand#21,WRAP BOX,19,43,0,75449.219
F,F,R,COLLECT COD,Manufacturer#3,3-MEDIUM,1,BUILDING,FOB,2,0.01,9,Brand#33,SM PACK,39,27,4,27107.1603
O,O,N,NONE,Manufacturer#4,4-NOT SPECIFIED,0,MACHINERY,REG AIR,3,0.07,8,Brand#42,JUMBO CASE,6,38,3,62580.5394
O,O,N,DELIVER IN PERSON,Manufacturer#2,4-NOT SPECIFIED,0,MACHINERY,SHIP,5,0.07,12,Brand#21,SM CASE,25,28,0,36885.9204
O,O,N,TAKE BACK RETURN,Manufacturer#2,4-NOT SPECIFIED,0,MACHINERY,FOB,1,0.07,8,Brand#24,JUMBO JAR,29,39,3,41970.63
F,F,R,COLLECT COD,Manufacturer#3,2-HIGH,3,MACHINERY,FOB,2,0.07,18,Brand#35,JUMBO JAR,42,38,2,35074.76
O,O,N,DELIVER IN PERSON,Manufacturer#4,2-HIGH,1,MACHINERY,RAIL,2,0.03,18,Brand#43,WRAP CASE,44,30,2,42824.802
F,F,A,NONE,Manufacturer#4,4-NOT SPECIFIED,1,BUILDING,RAIL,1,0.04,21,Brand#45,JUMBO CAN,13,2,1,2156.922
O,O,N,DELIVER IN PERSON,Manufacturer#4,2-HIGH,4,AUTOMOBILE,REG AIR,3,0.03,21,Brand#43,MED CASE,1,46,1,75151.58
F,F,R,TAKE BACK RETURN,Manufacturer#2,5-LOW,4,AUTOMOBILE,AIR,2,0.06,21,Brand#23,LG PACK,27,32,1,31553.1264
F,F,A,DELIVER IN PERSON,Manufacturer#2,1-URGENT,4,FURNITURE,RAIL,1,0,18,Brand#21,JUMBO BAG,44,47,2,42731.0793
O,O,N,NONE,Manufacturer#3,5-LOW,4,FURNITURE,MAIL,4,0,8,Brand#35,LG JAR,18,10,3,11196.003
O,O,N,COLLECT COD,Manufacturer#2,5-LOW,4,FURNITURE,REG AIR,5,0.02,18,Brand#22,SM JAR,7,44,2,64390.7264
F,F,A,NONE,Manufacturer#5,5-LOW,3,HOUSEHOLD,MAIL,5,0.04,21,Brand#51,WRAP PKG,1,25,1,32772.6625
O,O,N,COLLECT COD,Manufacturer#3,3-MEDIUM,2,MACHINERY,MAIL,3,0.02,21,Brand#32,JUMBO PACK,45,12,1,14573.418
O,O,N,COLLECT COD,Manufacturer#5,3-MEDIUM,2,MACHINERY,TRUCK,1,0.08,8,Brand#52,SM PKG,2,46,3,64321.5148
O,O,N,NONE,Manufacturer#2,4-NOT SPECIFIED,4,FURNITURE,TRUCK,1,0.01,12,Brand#23,JUMBO BAG,35,33,0,33010.2432
O,O,N,NONE,Manufacturer#1,4-NOT SPECIFIED,4,FURNITURE,SHIP,3,0.02,18,Brand#14,JUMBO PACK,17,18,2,22877.3088
O,O,N,DELIVER IN PERSON,Manufacturer#3,3-MEDIUM,0,BUILDING,REG AIR,6,0.07,8,Brand#32,LG JAR,31,16,3,27446.4768
O,O,N,TAKE BACK RETURN,Manufacturer#3,3-MEDIUM,0,BUILDING,TRUCK,3,0.01,12,Brand#35,SM JAR,3,15,0,22920.336
O,O,N,COLLECT COD,Manufacturer#2,2-HIGH,1,FURNITURE,FOB,2,0.01,8,Brand#25,SM DRUM,50,49,3,53595.171
O,O,N,COLLECT COD,Manufacturer#5,2-HIGH,1,FURNITURE,SHIP,5,0.04,21,Brand#53,JUMBO BAG,5,40,1,47338.784
O,O,N,COLLECT COD,Manufacturer#5,1-URGENT,2,FURNITURE,FOB,6,0.04,8,Brand#55,LG CASE,26,26,3,47901.1104
O,O,N,COLLECT COD,Manufacturer#5,1-URGENT,2,FURNITURE,TRUCK,5,0.06,12,Brand#55,SM BAG,17,34,0,60406.1612
O,O,N,TAKE BACK RETURN,Manufacturer#1,1-URGENT,2,FURNITURE,FOB,3,0.04,21,Brand#11,WRAP CAN,5,31,1,48598.5822
O,O,N,NONE,Manufacturer#3,5-LOW,4,FURNITURE,AIR,1,0,12,Brand#33,WRAP DRUM,36,15,0,13881.5055
F,F,R,NONE,Manufacturer#5,3-MEDIUM,4,AUTOMOBILE,MAIL,5,0.04,21,Brand#52,MED CASE,20,18,1,16133.3892
F,F,A,TAKE BACK RETURN,Manufacturer#1,3-MEDIUM,4,AUTOMOBILE,FOB,2,0.01,18,Brand#14,WRAP JAR,45,3,2,2876.7384
O,O,N,DELIVER IN PERSON,Manufacturer#2,3-MEDIUM,4,AUTOMOBILE,REG AIR,3,0.05,8,Brand#25,SM BAG,3,24,3,40063.6272
F,F,R,NONE,Manufacturer#1,1-URGENT,1,AUTOMOBILE,AIR,4,0.06,18,Brand#14,WRAP JAR,45,10,2,10099.188
F,F,R,COLLECT COD,Manufacturer#1,1-URGENT,1,AUTOMOBILE,AIR,1,0.05,18,Brand#15,MED BOX,9,27,2,45525.4155
F,F,A,NONE,Manufacturer#3,5-LOW,2,HOUSEHOLD,RAIL,5,0.06,18,Brand#31,SM JAR,2,9,2,10957.9176
F,F,R,TAKE BACK RETURN,Manufacturer#4,5-LOW,2,HOUSEHOLD,REG AIR,4,0.07,18,Brand#43,WRAP BAG,26,41,2,54707.9154
F,F,A,COLLECT COD,Manufacturer#3,5-LOW,2,HOUSEHOLD,AIR,1,0.07,21,Brand#31,JUMBO CASE,1,12,1,10899.1428
F,F,A,NONE,Manufacturer#3,5-LOW,2,HOUSEHOLD,SHIP,6,0.07,9,Brand#35,SM BAG,21,48,4,46374.624
F,F,R,NONE,Manufacturer#4,1-URGENT,3,MACHINERY,FOB,4,0,8,Brand#45,MED JAR,39,44,3,72346.032
F,F,R,DELIVER IN PERSON,Manufacturer#3,1-URGENT,3,MACHINERY,FOB,2,0.05,8,Brand#35,JUMBO DRUM,21,14,3,19503.2544
F,F,A,TAKE BACK RETURN,Manufacturer#1,4-NOT SPECIFIED,1,FURNITURE,MAIL,2,0.05,12,Brand#12,MED PKG,48,13,0,18089.4233
O,O,N,DELIVER IN PERSON,Manufacturer#3,3-MEDIUM,4,BUILDING,REG AIR,1,0.08,12,Brand#33,MED PKG,49,38,0,49909.58
O,O,N,COLLECT COD,Manufacturer#2,4-NOT SPECIFIED,4,FURNITURE,TRUCK,1,0.03,8,Brand#23,WRAP PACK,41,35,3,38950.8
O,O,N,COLLECT COD,Manufacturer#3,1-URGENT,0,BUILDING,REG AIR,5,0.02,12,Brand#35,LG DRUM,14,24,0,27394.8336
O,O,N,DELIVER IN PERSON,Manufacturer#1,1-URGENT,0,BUILDING,MAIL,3,0.06,12,Brand#13,MED DRUM,39,16,0,25228.2
O,O,N,NONE,Manufacturer#5,1-URGENT,0,BUILDING,REG AIR,4,0.02,18,Brand#51,WRAP BAG,2,30,2,45786.708
F,F,R,DELIVER IN PERSON,Manufacturer#4,5-LOW,4,FURNITURE,REG AIR,4,0.07,21,Brand#45,SM JAR,47,36,1,44291.1312
O,O,N,NONE,Manufacturer#3,1-URGENT,3,AUTOMOBILE,MAIL,2,0.01,21,Brand#34,SM JAR,7,12,1,17947.008
O,O,N,NONE,Manufacturer#5,1-URGENT,3,AUTOMOBILE,FOB,1,0.01,12,Brand#54,SM CAN,32,3,0,4797.8334
O,O,N,DELIVER IN PERSON,Manufacturer#5,1-URGENT,3,AUTOMOBILE,FOB,7,0.07,21,Brand#55,MED JAR,12,5,1,7352.891
F,F,A,COLLECT COD,Manufacturer#1,5-LOW,4,BUILDING,TRUCK,2,0,12,Brand#13,WRAP PACK,28,10,0,10181.1
O,O,N,NONE,Manufacturer#4,2-HIGH,4,BUILDING,FOB,5,0.01,9,Brand#43,MED BAG,4,33,4,56774.9061
O,O,N,TAKE BACK RETURN,Manufacturer#1,2-HIGH,4,BUILDING,SHIP,4,0.01,12,Brand#15,SM PACK,1,38,0,70754.48
O,O,N,NONE,Manufacturer#4,2-HIGH,4,BUILDING,SHIP,1,0.05,9,Brand#42,MED CASE,32,7,4,6570.732
F,F,R,NONE,Manufacturer#4,3-MEDIUM,3,MACHINERY,FOB,1,0.05,8,Brand#43,SM JAR,11,45,3,40522.896
F,F,R,COLLECT COD,Manufacturer#3,3-MEDIUM,0,AUTOMOBILE,FOB,7,0.03,21,Brand#35,WRAP BAG,3,48,1,76758.2208
F,F,A,NONE,Manufacturer#5,3-MEDIUM,0,AUTOMOBILE,FOB,2,0.07,8,Brand#54,MED JAR,10,50,3,65319.75
F,F,A,NONE,Manufacturer#5,3-MEDIUM,0,AUTOMOBILE,REG AIR,4,0.06,21,Brand#52,MED BAG,26,20,1,21104.448
F,F,R,TAKE BACK RETURN,Manufacturer#2,3-MEDIUM,0,FURNITURE,REG AIR,5,0,12,Brand#22,LG JAR,45,30,0,37260.384
O,O,N,DELIVER IN PERSON,Manufacturer#3,3-MEDIUM,2,HOUSEHOLD,RAIL,1,0.06,18,Brand#31,WRAP PKG,40,23,2,20561.724
F,F,A,TAKE BACK RETURN,Manufacturer#5,5-LOW,2,BUILDING,FOB,5,0.07,9,Brand#52,LG CASE,21,15,4,25067.031
F,F,A,COLLECT COD,Manufacturer#2,5-LOW,2,BUILDING,SHIP,6,0.06,8,Brand#25,SM CASE,22,48,3,46102.4928
F,F,R,DELIVER IN PERSON,Manufacturer#1,4-NOT SPECIFIED,3,HOUSEHOLD,REG AIR,2,0.06,8,Brand#11,SM CAN,45,41,3,62057.7312
O,O,N,COLLECT COD,Manufacturer#4,4-NOT SPECIFIED,4,AUTOMOBILE,RAIL,1,0,18,Brand#43,MED JAR,42,38,2,57188.2368
O,O,N,NONE,Manufacturer#3,4-NOT SPECIFIED,4,AUTOMOBILE,RAIL,3,0.08,8,Brand#31,JUMBO BOX,34,44,3,71376.3072
O,O,N,DELIVER IN PERSON,Manufacturer#3,5-LOW,1,MACHINERY,MAIL,3,0.05,18,Brand#31,JUMBO PKG,40,13,2,18890.807
O,O,N,DELIVER IN PERSON,Manufacturer#3,5-LOW,1,MACHINERY,SHIP,5,0.04,9,Brand#35,WRAP BOX,14,13,4,15073.9056
O,O,N,DELIVER IN PERSON,Manufacturer#2,1-URGENT,4,MACHINERY,RAIL,2,0.08,18,Brand#23,WRAP JAR,50,30,2,35178.405
O,O,N,NONE,Manufacturer#5,1-URGENT,4,MACHINERY,REG AIR,1,0.07,9,Brand#54,LG CASE,42,31,4,33423.27
O,O,N,DELIVER IN PERSON,Manufacturer#3,4-NOT SPECIFIED,0,BUILDING,AIR,3,0.03,21,Brand#35,JUMBO CASE,35,16,1,24749.5888
F,F,R,COLLECT COD,Manufacturer#5,2-HIGH,0,HOUSEHOLD,TRUCK,1,0.04,21,Brand#52,LG PKG,39,3,1,3446.4738
F,F,A,DELIVER IN PERSON,Manufacturer#2,5-LOW,4,HOUSEHOLD,MAIL,2,0.06,9,Brand#21,WRAP CAN,20,25,4,24176.45
O,O,N,NONE,Manufacturer#4,4-NOT SPECIFIED,1,MACHINERY,MAIL,1,0.03,18,Brand#42,MED CASE,29,13,2,14453.361
F,F,R,NONE,Manufacturer#3,5-LOW,1,FURNITURE,AIR,2,0.06,9,Brand#33,JUMBO BOX,18,39,4,63741.7872
F,F,R,NONE,Manufacturer#5,5-LOW,1,FURNITURE,REG AIR,6,0.03,21,Brand#52,LG JAR,14,39,1,39256.5264
O,O,N,COLLECT COD,Manufacturer#2,4-NOT SPECIFIED,3,AUTOMOBILE,REG AIR,5,0.03,9,Brand#25,JUMBO JAR,49,15,4,17391.4695
O,O,N,NONE,Manufacturer#2,4-NOT SPECIFIED,3,AUTOMOBILE,REG AIR,1,0.02,18,Brand#25,WRAP CASE,50,48,2,84666.8256
O,O,N,DELIVER IN PERSON,Manufacturer#1,4-NOT SPECIFIED,3,AUTOMOBILE,TRUCK,6,0.07,21,Brand#12,JUMBO DRUM,12,37,1,33495.2268
F,F,A,TAKE BACK RETURN,Manufacturer#4,1-URGENT,3,FURNITURE,REG AIR,5,0.02,21,Brand#42,SM PKG,2,2,1,1970.2782
O,O,N,COLLECT COD,Manufacturer#4,2-HIGH,3,BUILDING,TRUCK,1,0.07,21,Brand#43,MED JAR,42,17,1,24784.7046
O,P,N,DELIVER IN PERSON,Manufacturer#1,2-HIGH,4,BUILDING,FOB,7,0.07,18,Brand#15,SM CASE,34,43,2,58341.9872
F,P,R,COLLECT COD,Manufacturer#5,2-HIGH,4,BUILDING,RAIL,5,0.01,12,Brand#55,LG BAG,45,20,0,29351.322
O,O,N,COLLECT COD,Manufacturer#3,4-NOT SPECIFIED,1,BUILDING,FOB,2,0.01,21,Brand#31,WRAP JAR,8,26,1,37314.7554
O,O,N,DELIVER IN PERSON,Manufacturer#1,4-NOT SPECIFIED,1,BUILDING,TRUCK,4,0.06,8,Brand#13,SM BAG,9,23,3,21945.105
O,O,N,TAKE BACK RETURN,Manufacturer#3,4-NOT SPECIFIED,3,AUTOMOBILE,RAIL,1,0.04,9,Brand#31,JUMBO DRUM,48,41,4,47825.9793
F,F,R,TAKE BACK RETURN,Manufacturer#4,1-URGENT,2,BUILDING,TRUCK,2,0.03,9,Brand#45,MED DRUM,34,42,4,57744.036
F,F,A,TAKE BACK RETURN,Manufacturer#1,4-NOT SPECIFIED,2,HOUSEHOLD,AIR,2,0.04,18,Brand#15,WRAP CASE,47,48,2,62473.2336
F,F,A,COLLECT COD,Manufacturer#3,2-HIGH,2,AUTOMOBILE,RAIL,3,0.03,9,Brand#31,JUMBO DRUM,48,49,4,51961.707
F,F,A,COLLECT COD,Manufacturer#5,5-LOW,4,MACHINERY,REG AIR,1,0.02,8,Brand#52,LG CAN,23,19,3,31656.9925
O,O,N,DELIVER IN PERSON,Manufacturer#1,3-MEDIUM,2,HOUSEHOLD,SHIP,2,0,21,Brand#15,MED PACK,22,9,1,10035.3708
O,O,N,DELIVER IN PERSON,Manufacturer#1,2-HIGH,3,MACHINERY,REG AIR,2,0.05,21,Brand#12,WRAP JAR,8,2,1,3576.8432
F,F,A,DELIVER IN PERSON,Manufacturer#5,5-LOW,0,HOUSEHOLD,TRUCK,5,0.07,8,Brand#51,SM PACK,30,11,3,16624.5288
F,F,A,DELIVER IN PERSON,Manufacturer#3,5-LOW,0,HOUSEHOLD,FOB,1,0.02,21,Brand#34,MED PACK,2,24,1,33104.808
F,F,R,TAKE BACK RETURN,Manufacturer#4,1-URGENT,3,BUILDING,SHIP,2,0,18,Brand#45,SM PKG,31,13,2,12932.4377
O,O,N,NONE,Manufacturer#3,5-LOW,3,BUILDING,SHIP,1,0.06,9,Brand#31,SM CAN,34,16,4,20235.4176
O,O,N,COLLECT COD,Manufacturer#5,1-URGENT,3,MACHINERY,RAIL,1,0.06,9,Brand#53,SM BOX,48,31,4,45628.6644
O,O,N,COLLECT COD,Manufacturer#3,2-HIGH,2,MACHINERY,SHIP,5,0.03,9,Brand#33,JUMBO JAR,3,15,4,15785.136
O,O,N,DELIVER IN PERSON,Manufacturer#4,2-HIGH,2,MACHINERY,MAIL,1,0.08,18,Brand#45,SM PACK,3,41,2,66206.8205
O,O,N,COLLECT COD,Manufacturer#3,2-HIGH,2,MACHINERY,TRUCK,3,0.05,18,Brand#35,SM BAG,30,41,2,47541.8493
O,O,N,NONE,Manufacturer#3,3-MEDIUM,1,HOUSEHOLD,SHIP,2,0,21,Brand#34,WRAP PACK,30,1,1,1549.9976
F,F,R,COLLECT COD,Manufacturer#5,1-URGENT,2,FURNITURE,AIR,1,0.05,21,Brand#54,WRAP BOX,31,31,1,39371.2896
O,O,N,DELIVER IN PERSON,Manufacturer#3,2-HIGH,4,MACHINERY,FOB,6,0.01,18,Brand#34,MED JAR,46,47,2,66422.1531
O,O,N,COLLECT COD,Manufacturer#2,2-HIGH,4,MACHINERY,RAIL,7,0.06,21,Brand#25,SM PKG,31,35,1,65557.4535
F,F,A,NONE,Manufacturer#5,3-MEDIUM,2,FURNITURE,RAIL,1,0.05,8,Brand#54,JUMBO JAR,28,47,3,44195.6181
F,F,R,DELIVER IN PERSON,Manufacturer#3,3-MEDIUM,2,FURNITURE,TRUCK,7,0.08,21,Brand#34,SM PACK,48,22,1,24594.3104
F,F,A,NONE,Manufacturer#5,5-LOW,3,AUTOMOBILE,TRUCK,2,0,18,Brand#52,WRAP PKG,36,10,2,11272.2
F,F,R,DELIVER IN PERSON,Manufacturer#4,5-LOW,0,HOUSEHOLD,TRUCK,3,0.08,21,Brand#43,SM CASE,23,38,1,50290.758
F,F,R,COLLECT COD,Manufacturer#3,2-HIGH,3,HOUSEHOLD,MAIL,2,0.02,21,Brand#35,WRAP PKG,35,23,1,31412.4984
F,F,R,DELIVER IN PERSON,Manufacturer#1,2-HIGH,3,HOUSEHOLD,SHIP,1,0.02,12,Brand#14,LG PKG,7,50,0,58295.51
F,F,R,DELIVER IN PERSON,Manufacturer#4,1-URGENT,3,BUILDING,SHIP,2,0.04,12,Brand#45,LG DRUM,46,45,0,84553.65
F,F,R,COLLECT COD,Manufacturer#3,1-URGENT,3,BUILDING,SHIP,3,0.02,8,Brand#35,WRAP DRUM,43,34,3,47475.6994
O,O,N,NONE,Manufacturer#2,5-LOW,1,AUTOMOBILE,REG AIR,1,0.05,8,Brand#22,WRAP JAR,23,22,3,20297.376
O,O,N,COLLECT COD,Manufacturer#4,2-HIGH,2,BUILDING,REG AIR,3,0.03,9,Brand#45,SM PACK,48,7,4,6542.1972
O,O,N,NONE,Manufacturer#3,2-HIGH,2,BUILDING,MAIL,2,0.05,21,Brand#33,WRAP PKG,25,6,1,5358.282
F,F,A,COLLECT COD,Manufacturer#1,1-URGENT,1,AUTOMOBILE,RAIL,4,0.05,12,Brand#14,JUMBO JAR,9,24,0,32359.5648
F,F,A,NONE,Manufacturer#4,3-MEDIUM,3,HOUSEHOLD,AIR,5,0.05,21,Brand#42,SM PKG,2,6,1,5851.1292
F,F,A,TAKE BACK RETURN,Manufacturer#4,3-MEDIUM,3,HOUSEHOLD,MAIL,2,0.01,21,Brand#41,WRAP PACK,6,1,1,1422.9306
F,F,A,COLLECT COD,Manufacturer#4,4-NOT SPECIFIED,2,FURNITURE,RAIL,1,0.06,18,Brand#43,LG PACK,44,41,2,50004.0633
F,F,A,COLLECT COD,Manufacturer#1,4-NOT SPECIFIED,2,FURNITURE,TRUCK,6,0.07,12,Brand#15,JUMBO DRUM,28,6,0,8949.024
O,O,N,COLLECT COD,Manufacturer#1,4-NOT SPECIFIED,0,MACHINERY,AIR,1,0.05,12,Brand#13,MED JAR,17,8,0,14013.944
F,F,A,NONE,Manufacturer#2,1-URGENT,0,HOUSEHOLD,REG AIR,5,0.03,9,Brand#24,WRAP JAR,14,38,4,60933.4902
F,F,A,DELIVER IN PERSON,Manufacturer#5,1-URGENT,0,HOUSEHOLD,TRUCK,1,0.06,9,Brand#53,SM CAN,36,34,4,47805.8292
F,F,A,TAKE BACK RETURN,Manufacturer#3,5-LOW,4,AUTOMOBILE,REG AIR,5,0.02,8,Brand#33,SM CASE,46,26,3,23238.4308
F,F,R,DELIVER IN PERSON,Manufacturer#4,5-LOW,4,AUTOMOBILE,FOB,4,0.04,18,Brand#43,WRAP CASE,24,20,2,35263.05
O,O,N,NONE,Manufacturer#2,4-NOT SPECIFIED,3,HOUSEHOLD,FOB,1,0.08,18,Brand#23,JUMBO BAG,36,9,2,12282.3315
F,F,A,COLLECT COD,Manufacturer#5,1-URGENT,0,AUTOMOBILE,REG AIR,4,0.03,8,Brand#55,JUMBO CAN,47,7,3,7050.064
F,F,R,TAKE BACK RETURN,Manufacturer#5,1-URGENT,0,AUTOMOBILE,AIR,6,0.03,21,Brand#55,JUMBO BAG,3,6,1,5328.1152
F,F,R,DELIVER IN PERSON,Manufacturer#3,4-NOT SPECIFIED,4,HOUSEHOLD,SHIP,5,0,21,Brand#35,SM JAR,39,38,1,34088.4472
F,F,R,DELIVER IN PERSON,Manufacturer#3,4-NOT SPECIFIED,4,HOUSEHOLD,MAIL,2,0.04,8,Brand#35,SM PKG,35,3,3,4590.1704
F,F,R,COLLECT COD,Manufacturer#3,4-NOT SPECIFIED,4,HOUSEHOLD,SHIP,6,0.08,12,Brand#31,MED JAR,21,35,0,50523.9
O,O,N,COLLECT COD,Manufacturer#3,5-LOW,1,MACHINERY,AIR,1,0.08,18,Brand#35,JUMBO JAR,28,22,2,33303.1512
O,O,N,DELIVER IN PERSON,Manufacturer#5,5-LOW,1,MACHINERY,SHIP,2,0.03,18,Brand#54,SM BOX,42,42,2,51836.3538
O,O,N,COLLECT COD,Manufacturer#4,1-URGENT,1,FURNITURE,MAIL,7,0.02,21,Brand#45,SM JAR,33,43,1,62412.6252
O,O,N,DELIVER IN PERSON,Manufacturer#5,1-URGENT,1,FURNITURE,REG AIR,2,0,12,Brand#52,JUMBO PKG,21,22,0,20072.8968
O,O,N,COLLECT COD,Manufacturer#4,1-URGENT,1,FURNITURE,REG AIR,3,0.04,9,Brand#44,SM BAG,7,27,4,25414.3008
F,F,R,DELIVER IN PERSON,Manufacturer#3,4-NOT SPECIFIED,1,HOUSEHOLD,TRUCK,1,0.05,8,Brand#34,LG CAN,35,11,3,11644.0929
F,F,A,DELIVER IN PERSON,Manufacturer#5,4-NOT SPECIFIED,1,HOUSEHOLD,AIR,2,0.04,12,Brand#51,SM PACK,33,14,0,25190.221
F,F,A,NONE,Manufacturer#2,4-NOT SPECIFIED,1,HOUSEHOLD,MAIL,6,0.05,12,Brand#24,WRAP PACK,40,32,0,33991.776
F,F,A,DELIVER IN PERSON,Manufacturer#3,4-NOT SPECIFIED,1,AUTOMOBILE,MAIL,4,0.02,18,Brand#32,LG PKG,6,47,2,57462.435
O,O,N,DELIVER IN PERSON,Manufacturer#5,2-HIGH,4,AUTOMOBILE,FOB,5,0,8,Brand#52,LG CAN,23,4,3,6524.322
O,O,N,COLLECT COD,Manufacturer#4,2-HIGH,4,AUTOMOBILE,TRUCK,2,0.06,18,Brand#45,SM PACK,3,49,2,81623.9158
O,O,N,DELIVER IN PERSON,Manufacturer#1,2-HIGH,4,AUTOMOBILE,SHIP,6,0.05,9,Brand#12,MED JAR,42,50,4,73486.71
O,O,N,DELIVER IN PERSON,Manufacturer#5,2-HIGH,0,MACHINERY,AIR,4,0.05,18,Brand#52,SM PACK,24,10,2,11574.913
O,O,N,DELIVER IN PERSON,Manufacturer#2,2-HIGH,0,MACHINERY,TRUCK,3,0.06,21,Brand#24,JUMBO PACK,48,4,1,5086.9512
F,F,A,TAKE BACK RETURN,Manufacturer#1,2-HIGH,4,FURNITURE,TRUCK,1,0.03,8,Brand#14,WRAP BAG,25,48,3,47857.392
F,F,A,NONE,Manufacturer#1,2-HIGH,4,FURNITURE,AIR,3,0.06,21,Brand#12,JUMBO BAG,16,29,1,30073.725
F,F,A,COLLECT COD,Manufacturer#1,1-URGENT,1,BUILDING,AIR,1,0.02,12,Brand#14,SM PACK,9,19,0,21492.135
O,O,N,TAKE BACK RETURN,Manufacturer#4,1-URGENT,4,FURNITURE,MAIL,2,0.08,8,Brand#42,JUMBO PKG,20,30,3,39014.136
O,O,N,TAKE BACK RETURN,Manufacturer#5,1-URGENT,4,FURNITURE,REG AIR,1,0.06,18,Brand#51,JUMBO CAN,49,23,2,22088.9079
O,O,N,TAKE BACK RETURN,Manufacturer#3,2-HIGH,3,FURNITURE,AIR,6,0.04,21,Brand#35,WRAP BOX,44,32,1,49623.3376
O,O,N,TAKE BACK RETURN,Manufacturer#5,2-HIGH,3,FURNITURE,SHIP,7,0.04,21,Brand#52,JUMBO CAN,43,39,1,61569.1167
F,F,R,DELIVER IN PERSON,Manufacturer#4,1-URGENT,4,MACHINERY,REG AIR,3,0.06,9,Brand#45,JUMBO CAN,38,29,4,43307.4168
F,F,A,TAKE BACK RETURN,Manufacturer#3,5-LOW,4,FURNITURE,FOB,2,0.02,18,Brand#34,WRAP PKG,27,47,2,55593.903
F,F,R,COLLECT COD,Manufacturer#3,1-URGENT,2,FURNITURE,AIR,4,0.03,21,Brand#34,SM DRUM,49,27,1,45926.8704
F,F,A,NONE,Manufacturer#3,1-URGENT,2,FURNITURE,MAIL,5,0.03,8,Brand#32,LG JAR,31,31,3,53177.5488
F,F,R,TAKE BACK RETURN,Manufacturer#3,1-URGENT,2,FURNITURE,AIR,2,0,21,Brand#34,MED DRUM,14,7,1,5821.76
F,F,A,NONE,Manufacturer#5,1-URGENT,2,MACHINERY,MAIL,3,0.07,9,Brand#52,LG CASE,2,13,4,11980.0044
O,O,N,NONE,Manufacturer#5,1-URGENT,1,HOUSEHOLD,MAIL,5,0.06,8,Brand#54,MED DRUM,42,14,3,22339.8462
O,O,N,COLLECT COD,Manufacturer#2,1-URGENT,1,HOUSEHOLD,RAIL,1,0.07,21,Brand#21,WRAP DRUM,34,15,1,22314.0645
O,O,N,DELIVER IN PERSON,Manufacturer#5,1-URGENT,1,HOUSEHOLD,REG AIR,6,0.01,21,Brand#52,JUMBO CAN,43,40,1,67311.404
O,O,N,DELIVER IN PERSON,Manufacturer#4,1-URGENT,1,HOUSEHOLD,SHIP,7,0.02,21,Brand#45,MED CAN,4,5,1,8647.862
O,O,N,DELIVER IN PERSON,Manufacturer#5,1-URGENT,4,HOUSEHOLD,SHIP,1,0.06,21,Brand#55,JUMBO BAG,19,10,1,13208.04
O,O,N,TAKE BACK RETURN,Manufacturer#1,1-URGENT,4,HOUSEHOLD,SHIP,2,0.01,12,Brand#11,JUMBO CASE,20,19,0,17762.644
F,F,A,TAKE BACK RETURN,Manufacturer#4,2-HIGH,4,HOUSEHOLD,AIR,2,0.04,8,Brand#43,WRAP CAN,44,37,3,64673.5395
F,F,R,COLLECT COD,Manufacturer#1,2-HIGH,1,BUILDING,FOB,3,0.02,12,Brand#11,LG CASE,39,38,0,57885.02
F,F,A,TAKE BACK RETURN,Manufacturer#1,2-HIGH,1,BUILDING,AIR,4,0,12,Brand#15,JUMBO JAR,3,42,0,52855.6686
O,O,N,NONE,Manufacturer#3,5-LOW,4,BUILDING,SHIP,5,0.06,8,Brand#33,LG BOX,40,32,3,47448.3648
O,O,N,NONE,Manufacturer#4,5-LOW,4,BUILDING,FOB,3,0.08,18,Brand#45,SM CAN,21,23,2,23071.3
F,F,A,COLLECT COD,Manufacturer#3,4-NOT SPECIFIED,2,HOUSEHOLD,AIR,2,0.04,12,Brand#33,SM CASE,46,5,0,4613.088
F,F,A,DELIVER IN PERSON,Manufacturer#4,4-NOT SPECIFIED,2,HOUSEHOLD,SHIP,3,0.07,21,Brand#42,MED CAN,11,33,1,43334.1414
O,O,N,NONE,Manufacturer#1,4-NOT SPECIFIED,1,HOUSEHOLD,RAIL,6,0.01,21,Brand#11,MED BAG,20,20,1,20009.85
O,O,N,NONE,Manufacturer#3,4-NOT SPECIFIED,1,HOUSEHOLD,FOB,4,0.04,8,Brand#33,LG JAR,27,5,3,7573.548
O,O,N,TAKE BACK RETURN,Manufacturer#2,4-NOT SPECIFIED,1,HOUSEHOLD,TRUCK,3,0,21,Brand#25,LG CASE,10,10,1,17808.8
F,F,R,TAKE BACK RETURN,Manufacturer#2,3-MEDIUM,1,AUTOMOBILE,MAIL,4,0.01,18,Brand#21,WRAP CASE,28,35,2,36560.9475
F,F,A,COLLECT COD,Manufacturer#4,3-MEDIUM,1,AUTOMOBILE,FOB,1,0.01,21,Brand#43,SM CASE,20,2,1,2589.8
F,F,A,NONE,Manufacturer#3,3-MEDIUM,1,AUTOMOBILE,SHIP,5,0.02,21,Brand#33,LG DRUM,7,9,1,7943.121
O,O,N,NONE,Manufacturer#3,4-NOT SPECIFIED,1,BUILDING,MAIL,1,0.01,9,Brand#34,MED JAR,46,41,4,61057.9298
O,O,N,DELIVER IN PERSON,Manufacturer#5,4-NOT SPECIFIED,1,BUILDING,AIR,5,0.04,8,Brand#51,WRAP BOX,25,29,3,40366.6718
O,O,N,TAKE BACK RETURN,Manufacturer#5,5-LOW,1,HOUSEHOLD,MAIL,4,0.05,18,Brand#51,SM DRUM,18,26,2,33497.802
F,F,A,COLLECT COD,Manufacturer#4,1-URGENT,3,BUILDING,TRUCK,1,0.05,18,Brand#44,MED BAG,6,10,2,15733.438
F,F,A,DELIVER IN PERSON,Manufacturer#5,2-HIGH,1,AUTOMOBILE,RAIL,7,0.08,21,Brand#53,WRAP CASE,1,22,1,24793.252
F,F,R,NONE,Manufacturer#5,2-HIGH,1,AUTOMOBILE,RAIL,5,0.08,8,Brand#54,JUMBO DRUM,21,15,3,16037.01
F,F,R,DELIVER IN PERSON,Manufacturer#1,4-NOT SPECIFIED,0,AUTOMOBILE,REG AIR,2,0.07,21,Brand#12,SM BAG,11,37,1,49603.3248
F,F,R,COLLECT COD,Manufacturer#2,5-LOW,4,FURNITURE,MAIL,1,0.03,18,Brand#24,JUMBO CAN,29,5,2,6877.8255
F,F,R,NONE,Manufacturer#4,5-LOW,4,FURNITURE,AIR,4,0.05,8,Brand#44,LG CAN,36,2,3,1919.3776
F,F,A,COLLECT COD,Manufacturer#1,5-LOW,4,FURNITURE,MAIL,5,0.03,21,Brand#13,MED PACK,20,1,1,1519.6602
F,F,A,TAKE BACK RETURN,Manufacturer#1,5-LOW,2,MACHINERY,MAIL,2,0.06,9,Brand#13,MED BAG,12,38,4,62087.079
F,F,R,NONE,Manufacturer#2,2-HIGH,4,MACHINERY,AIR,2,0.06,18,Brand#24,JUMBO BOX,47,47,2,75572.0238
F,F,A,TAKE BACK RETURN,Manufacturer#5,5-LOW,3,FURNITURE,MAIL,3,0.08,18,Brand#54,LG PKG,22,1,2,1056.192
O,O,N,COLLECT COD,Manufacturer#5,4-NOT SPECIFIED,1,BUILDING,MAIL,5,0.01,8,Brand#54,LG CAN,44,44,3,39239.6312
O,O,N,DELIVER IN PERSON,Manufacturer#5,4-NOT SPECIFIED,1,BUILDING,AIR,6,0.04,18,Brand#52,SM PACK,24,2,2,2243.3852
F,F,R,TAKE BACK RETURN,Manufacturer#3,1-URGENT,4,AUTOMOBILE,MAIL,1,0,8,Brand#31,JUMBO CAN,11,7,3,7575.26
F,F,A,DELIVER IN PERSON,Manufacturer#3,1-URGENT,4,AUTOMOBILE,SHIP,2,0.01,9,Brand#33,SM PACK,41,5,4,7923.166
O,O,N,NONE,Manufacturer#3,5-LOW,1,AUTOMOBILE,FOB,2,0.06,21,Brand#31,LG JAR,32,17,1,20983.61
F,F,A,TAKE BACK RETURN,Manufacturer#4,5-LOW,0,MACHINERY,TRUCK,6,0.07,18,Brand#45,SM CAN,21,13,2,12257.882
F,F,A,TAKE BACK RETURN,Manufacturer#1,5-LOW,0,MACHINERY,AIR,3,0,21,Brand#12,JUMBO DRUM,12,50,1,47189.94
F,F,A,DELIVER IN PERSON,Manufacturer#3,5-LOW,0,MACHINERY,REG AIR,4,0.08,8,Brand#35,LG DRUM,19,27,3,32642.352
O,O,N,COLLECT COD,Manufacturer#1,4-NOT SPECIFIED,0,MACHINERY,REG AIR,7,0.07,12,Brand#11,LG CASE,39,21,0,31293.675
O,O,N,COLLECT COD,Manufacturer#4,4-NOT SPECIFIED,0,MACHINERY,SHIP,2,0,18,Brand#44,LG PKG,41,31,2,36650.68
O,O,N,DELIVER IN PERSON,Manufacturer#5,4-NOT SPECIFIED,0,MACHINERY,MAIL,6,0.07,21,Brand#53,LG CASE,27,47,1,61354.8481
O,O,N,COLLECT COD,Manufacturer#2,4-NOT SPECIFIED,0,MACHINERY,REG AIR,5,0.08,12,Brand#25,WRAP JAR,23,4,0,4096.9488
F,F,R,NONE,Manufacturer#3,1-URGENT,0,HOUSEHOLD,TRUCK,1,0,18,Brand#35,LG BOX,13,33,2,55210.815
F,F,A,TAKE BACK RETURN,Manufacturer#1,2-HIGH,0,AUTOMOBILE,AIR,2,0.03,21,Brand#14,MED CAN,23,25,1,45297.75
F,F,A,COLLECT COD,Manufacturer#4,2-HIGH,0,AUTOMOBILE,RAIL,3,0.04,9,Brand#44,SM CASE,16,14,4,13003.1328
F,F,R,NONE,Manufacturer#1,5-LOW,0,MACHINERY,FOB,1,0.06,9,Brand#14,MED CASE,46,31,4,36061.06
F,F,A,COLLECT COD,Manufacturer#3,5-LOW,0,MACHINERY,REG AIR,5,0.04,8,Brand#31,MED CAN,44,44,3,65403.9408
F,F,A,DELIVER IN PERSON,Manufacturer#4,1-URGENT,0,AUTOMOBILE,MAIL,5,0.01,9,Brand#43,MED PACK,47,43,4,66013.4925
F,F,R,NONE,Manufacturer#3,1-URGENT,0,AUTOMOBILE,MAIL,7,0.08,9,Brand#35,MED CAN,48,43,4,45229.12
O,O,N,TAKE BACK RETURN,Manufacturer#1,5-LOW,4,HOUSEHOLD,AIR,3,0.06,21,Brand#13,MED CAN,30,19,1,24370.255
F,F,A,COLLECT COD,Manufacturer#5,3-MEDIUM,4,FURNITURE,RAIL,5,0.04,12,Brand#52,WRAP CAN,4,3,0,4624.0386
F,F,A,NONE,Manufacturer#3,3-MEDIUM,4,FURNITURE,AIR,2,0.04,12,Brand#35,JUMBO CASE,12,20,0,30171.05
O,O,N,NONE,Manufacturer#1,5-LOW,3,BUILDING,MAIL,4,0.05,18,Brand#11,LG JAR,40,30,2,30206.994
O,O,N,TAKE BACK RETURN,Manufacturer#2,5-LOW,3,BUILDING,SHIP,2,0.03,12,Brand#22,LG PACK,19,22,0,25504.479
O,O,N,NONE,Manufacturer#2,2-HIGH,0,AUTOMOBILE,REG AIR,1,0.06,18,Brand#25,WRAP PKG,4,23,2,37608.9077
O,O,N,TAKE BACK RETURN,Manufacturer#4,2-HIGH,0,AUTOMOBILE,TRUCK,2,0,9,Brand#44,LG BOX,26,39,4,61802.6409
O,O,N,COLLECT COD,Manufacturer#1,2-HIGH,0,AUTOMOBILE,TRUCK,3,0.05,8,Brand#15,LG DRUM,31,40,3,48718.852
F,F,A,TAKE BACK RETURN,Manufacturer#1,4-NOT SPECIFIED,3,HOUSEHOLD,TRUCK,4,0.06,8,Brand#13,SM BAG,9,13,3,13506.311
F,F,A,COLLECT COD,Manufacturer#3,4-NOT SPECIFIED,3,HOUSEHOLD,MAIL,2,0,18,Brand#34,WRAP PKG,27,21,2,24047.0685
F,F,A,COLLECT COD,Manufacturer#2,4-NOT SPECIFIED,3,HOUSEHOLD,SHIP,5,0.01,9,Brand#24,JUMBO DRUM,50,26,4,39868.8992
O,O,N,TAKE BACK RETURN,Manufacturer#2,2-HIGH,4,FURNITURE,MAIL,1,0.08,21,Brand#24,LG CAN,2,19,1,26561.8024
F,F,A,COLLECT COD,Manufacturer#1,4-NOT SPECIFIED,2,AUTOMOBILE,REG AIR,1,0.06,18,Brand#14,LG JAR,9,32,2,56830.4352
F,F,A,COLLECT COD,Manufacturer#5,3-MEDIUM,0,MACHINERY,TRUCK,5,0.08,8,Brand#55,MED PKG,39,41,3,43849.3237
F,F,A,COLLECT COD,Manufacturer#3,3-MEDIUM,0,MACHINERY,RAIL,4,0.02,9,Brand#32,WRAP PACK,24,44,4,59960.1024
F,F,A,TAKE BACK RETURN,Manufacturer#3,3-MEDIUM,0,MACHINERY,RAIL,1,0.03,18,Brand#33,LG DRUM,46,11,2,10111.2011
F,F,A,DELIVER IN PERSON,Manufacturer#3,3-MEDIUM,0,MACHINERY,REG AIR,3,0.02,21,Brand#35,MED BOX,47,21,1,25693.605
O,O,N,TAKE BACK RETURN,Manufacturer#2,2-HIGH,3,FURNITURE,MAIL,2,0,12,Brand#22,SM PACK,31,9,0,8582.4774
O,O,N,COLLECT COD,Manufacturer#2,1-URGENT,4,HOUSEHOLD,MAIL,1,0.03,21,Brand#21,LG CAN,40,11,1,18819.405
O,O,N,COLLECT COD,Manufacturer#2,1-URGENT,4,HOUSEHOLD,SHIP,3,0.04,18,Brand#21,JUMBO CASE,31,23,2,26400.2648
O,O,N,TAKE BACK RETURN,Manufacturer#5,1-URGENT,4,HOUSEHOLD,AIR,2,0,18,Brand#51,MED JAR,11,28,2,35741.6136
F,F,R,COLLECT COD,Manufacturer#2,1-URGENT,4,FURNITURE,AIR,2,0.01,18,Brand#25,WRAP PACK,37,15,2,27074.8575
F,F,R,TAKE BACK RETURN,Manufacturer#5,1-URGENT,4,FURNITURE,SHIP,3,0.03,9,Brand#55,SM JAR,11,16,4,20958.8288
F,F,R,TAKE BACK RETURN,Manufacturer#4,5-LOW,3,AUTOMOBILE,FOB,3,0.02,18,Brand#44,SM JAR,27,38,2,54569.691
F,F,A,NONE,Manufacturer#5,4-NOT SPECIFIED,0,HOUSEHOLD,TRUCK,3,0.08,8,Brand#54,LG CASE,42,8,3,12038.9728
F,F,A,NONE,Manufacturer#4,4-NOT SPECIFIED,0,HOUSEHOLD,AIR,2,0.04,21,Brand#43,LG PKG,15,41,1,45231.077
F,F,A,TAKE BACK RETURN,Manufacturer#3,4-NOT SPECIFIED,0,HOUSEHOLD,TRUCK,4,0.08,12,Brand#35,LG PACK,27,42,0,62030.535
F,F,A,NONE,Manufacturer#3,5-LOW,2,HOUSEHOLD,TRUCK,5,0.04,21,Brand#33,WRAP PACK,33,13,1,16283.6401
F,F,A,COLLECT COD,Manufacturer#2,5-LOW,2,HOUSEHOLD,MAIL,6,0.02,12,Brand#23,JUMBO BAG,35,1,0,1032.2352
F,F,R,NONE,Manufacturer#3,5-LOW,2,HOUSEHOLD,MAIL,3,0.02,21,Brand#32,MED BAG,43,30,1,39150.876
F,F,R,COLLECT COD,Manufacturer#1,5-LOW,2,HOUSEHOLD,RAIL,2,0.07,9,Brand#11,JUMBO CASE,20,36,4,33655.536
O,O,N,TAKE BACK RETURN,Manufacturer#3,5-LOW,0,FURNITURE,FOB,3,0.01,9,Brand#34,SM DRUM,7,42,4,69877.92
O,O,N,DELIVER IN PERSON,Manufacturer#5,5-LOW,0,FURNITURE,SHIP,4,0.01,9,Brand#51,JUMBO DRUM,19,36,4,57992.112
O,O,N,NONE,Manufacturer#3,5-LOW,0,FURNITURE,AIR,1,0.02,8,Brand#31,JUMBO CAN,11,26,3,27855.3132
F,F,A,DELIVER IN PERSON,Manufacturer#4,4-NOT SPECIFIED,3,HOUSEHOLD,TRUCK,4,0,12,Brand#41,WRAP PKG,26,38,0,42382.9086
O,O,N,COLLECT COD,Manufacturer#1,3-MEDIUM,4,FURNITURE,FOB,1,0.01,21,Brand#13,MED JAR,19,34,1,46056.6652
O,O,N,DELIVER IN PERSON,Manufacturer#4,2-HIGH,2,BUILDING,TRUCK,4,0.01,8,Brand#42,JUMBO PKG,20,7,3,8812.7676
O,O,N,NONE,Manufacturer#2,2-HIGH,2,BUILDING,AIR,2,0.03,18,Brand#21,SM PKG,32,8,2,10608.2856
O,O,N,DELIVER IN PERSON,Manufacturer#3,2-HIGH,0,MACHINERY,MAIL,1,0.07,18,Brand#35,JUMBO DRUM,21,4,2,5458.6368
O,O,N,NONE,Manufacturer#1,2-HIGH,0,MACHINERY,MAIL,2,0.05,8,Brand#14,MED CAN,23,46,3,75846.5526
F,F,R,COLLECT COD,Manufacturer#4,4-NOT SPECIFIED,4,HOUSEHOLD,FOB,4,0.03,21,Brand#43,MED BAG,4,5,1,7907.1265
F,F,A,DELIVER IN PERSON,Manufacturer#3,4-NOT SPECIFIED,4,HOUSEHOLD,REG AIR,7,0.05,18,Brand#31,SM JAR,2,37,2,46028.5476
F,F,A,TAKE BACK RETURN,Manufacturer#2,4-NOT SPECIFIED,4,HOUSEHOLD,FOB,1,0,8,Brand#25,WRAP JAR,15,14,3,17066.2338
F,F,R,NONE,Manufacturer#1,5-LOW,0,HOUSEHOLD,AIR,2,0.08,9,Brand#13,LG DRUM,44,24,4,43314.5088
F,F,R,NONE,Manufacturer#4,5-LOW,0,HOUSEHOLD,SHIP,3,0.06,12,Brand#41,WRAP PKG,26,28,0,33580.12
F,F,R,NONE,Manufacturer#5,5-LOW,1,HOUSEHOLD,MAIL,6,0.02,18,Brand#52,MED DRUM,44,26,2,26433.1886
F,F,A,NONE,Manufacturer#1,5-LOW,1,HOUSEHOLD,FOB,5,0.03,21,Brand#12,SM PKG,47,15,1,26691.159
F,F,R,NONE,Manufacturer#5,5-LOW,1,HOUSEHOLD,SHIP,2,0.05,18,Brand#53,SM CASE,32,21,2,18826.101
F,F,R,NONE,Manufacturer#4,5-LOW,1,HOUSEHOLD,MAIL,4,0.05,18,Brand#41,WRAP PKG,26,44,2,48019.5716
F,F,A,TAKE BACK RETURN,Manufacturer#3,5-LOW,1,BUILDING,RAIL,5,0.02,18,Brand#34,JUMBO CAN,48,22,2,25360.2976
O,O,N,COLLECT COD,Manufacturer#4,5-LOW,1,MACHINERY,RAIL,2,0,8,Brand#41,LG PKG,12,31,3,48341.2791
O,O,N,DELIVER IN PERSON,Manufacturer#4,2-HIGH,2,BUILDING,REG AIR,1,0.05,9,Brand#42,MED CASE,32,25,4,22725.84
O,O,N,DELIVER IN PERSON,Manufacturer#3,2-HIGH,2,BUILDING,REG AIR,4,0.05,8,Brand#33,SM PACK,13,6,3,7110.9846
O,O,N,TAKE BACK RETURN,Manufacturer#3,5-LOW,0,FURNITURE,RAIL,1,0.01,21,Brand#34,LG PKG,39,20,1,33587.28
O,O,N,TAKE BACK RETURN,Manufacturer#5,5-LOW,1,HOUSEHOLD,REG AIR,6,0.05,8,Brand#55,LG BAG,36,20,3,22302.064
O,O,N,COLLECT COD,Manufacturer#2,5-LOW,1,HOUSEHOLD,MAIL,3,0.07,12,Brand#22,LG JAR,45,46,0,53051.6896
O,O,N,TAKE BACK RETURN,Manufacturer#2,3-MEDIUM,3,MACHINERY,TRUCK,1,0.03,18,Brand#23,LG JAR,3,32,2,34511.6288
F,F,A,DELIVER IN PERSON,Manufacturer#3,5-LOW,2,HOUSEHOLD,TRUCK,1,0.08,21,Brand#31,MED DRUM,25,13,1,13970.3928
F,F,A,NONE,Manufacturer#2,2-HIGH,2,MACHINERY,TRUCK,2,0.02,18,Brand#25,WRAP JAR,39,27,2,35296.965
F,F,R,COLLECT COD,Manufacturer#1,2-HIGH,2,MACHINERY,RAIL,5,0.05,12,Brand#14,LG CAN,41,2,0,2676.2176
F,F,A,COLLECT COD,Manufacturer#4,2-HIGH,2,MACHINERY,MAIL,4,0.04,8,Brand#45,SM PACK,30,21,3,27960.03
F,F,A,COLLECT COD,Manufacturer#3,2-HIGH,2,MACHINERY,SHIP,1,0.04,21,Brand#32,WRAP PKG,38,41,1,42481.0184
O,O,N,DELIVER IN PERSON,Manufacturer#5,4-NOT SPECIFIED,2,HOUSEHOLD,TRUCK,1,0.05,8,Brand#51,JUMBO BOX,39,35,3,64267.0105
F,F,R,NONE,Manufacturer#4,4-NOT SPECIFIED,0,FURNITURE,TRUCK,4,0.06,18,Brand#42,LG CAN,26,15,2,15864.3585
O,O,N,COLLECT COD,Manufacturer#2,4-NOT SPECIFIED,3,MACHINERY,RAIL,1,0.08,12,Brand#25,SM BAG,36,48,0,53478.2976
F,F,R,COLLECT COD,Manufacturer#4,3-MEDIUM,4,AUTOMOBILE,TRUCK,1,0.06,18,Brand#41,SM CAN,47,28,2,23620.4696
O,O,N,TAKE BACK RETURN,Manufacturer#3,1-URGENT,2,HOUSEHOLD,RAIL,1,0.01,18,Brand#35,SM DRUM,21,6,2,6679.3272
O,P,N,DELIVER IN PERSON,Manufacturer#4,5-LOW,0,BUILDING,REG AIR,4,0.03,18,Brand#43,JUMBO PACK,25,2,2,2736.3894
F,F,A,COLLECT COD,Manufacturer#2,3-MEDIUM,0,FURNITURE,TRUCK,4,0.02,9,Brand#21,WRAP BAG,44,20,4,26582.016
F,F,R,TAKE BACK RETURN,Manufacturer#1,4-NOT SPECIFIED,0,FURNITURE,REG AIR,2,0.06,18,Brand#12,LG BAG,45,50,2,67481.55
O,O,N,NONE,Manufacturer#5,1-URGENT,3,MACHINERY,MAIL,5,0.02,8,Brand#51,MED CASE,48,45,3,81670.995
O,O,N,DELIVER IN PERSON,Manufacturer#5,1-URGENT,3,MACHINERY,REG AIR,1,0.01,8,Brand#52,JUMBO PKG,8,16,3,25382.304
O,O,N,TAKE BACK RETURN,Manufacturer#2,3-MEDIUM,4,FURNITURE,MAIL,5,0.06,9,Brand#23,SM PACK,20,21,4,31880.142
O,O,N,DELIVER IN PERSON,Manufacturer#3,3-MEDIUM,4,FURNITURE,FOB,1,0,8,Brand#35,MED BAG,43,6,3,9692.406
F,F,A,DELIVER IN PERSON,Manufacturer#2,3-MEDIUM,1,MACHINERY,AIR,3,0,8,Brand#23,SM PACK,45,7,3,8893.8234
F,F,A,NONE,Manufacturer#3,3-MEDIUM,1,MACHINERY,RAIL,2,0,18,Brand#32,MED PKG,5,14,2,16776.06
F,F,A,NONE,Manufacturer#4,3-MEDIUM,1,MACHINERY,SHIP,1,0,9,Brand#42,JUMBO BAG,40,33,4,45615.57
F,F,R,TAKE BACK RETURN,Manufacturer#4,1-URGENT,1,MACHINERY,TRUCK,3,0.04,18,Brand#44,WRAP BAG,35,35,2,60374.034
F,F,A,COLLECT COD,Manufacturer#2,4-NOT SPECIFIED,3,HOUSEHOLD,SHIP,1,0.06,18,Brand#22,WRAP BAG,9,43,2,69535.8117
O,O,N,DELIVER IN PERSON,Manufacturer#1,3-MEDIUM,0,BUILDING,AIR,1,0.06,8,Brand#13,JUMBO DRUM,42,41,3,41286.4301
O,O,N,TAKE BACK RETURN,Manufacturer#2,4-NOT SPECIFIED,1,AUTOMOBILE,TRUCK,5,0.07,21,Brand#25,SM BAG,35,46,1,59013.7266
O,O,N,NONE,Manufacturer#1,4-NOT SPECIFIED,1,AUTOMOBILE,REG AIR,6,0.04,21,Brand#13,SM CASE,5,14,1,17918.81
F,F,R,COLLECT COD,Manufacturer#2,4-NOT SPECIFIED,1,AUTOMOBILE,REG AIR,1,0.04,8,Brand#22,WRAP BAG,9,38,3,64754.0292
O,O,N,TAKE BACK RETURN,Manufacturer#1,1-URGENT,3,HOUSEHOLD,REG AIR,2,0.05,9,Brand#15,SM JAR,15,16,4,19781.28
O,O,N,TAKE BACK RETURN,Manufacturer#3,1-URGENT,3,HOUSEHOLD,FOB,1,0.06,21,Brand#32,SM CASE,9,40,1,71895.62
F,F,A,NONE,Manufacturer#4,5-LOW,3,AUTOMOBILE,MAIL,4,0.08,18,Brand#41,MED DRUM,17,41,2,67891.8508
O,O,N,DELIVER IN PERSON,Manufacturer#3,4-NOT SPECIFIED,0,FURNITURE,SHIP,1,0,21,Brand#34,WRAP PACK,30,48,1,78443.3568
O,O,N,DELIVER IN PERSON,Manufacturer#4,3-MEDIUM,0,AUTOMOBILE,MAIL,1,0.07,12,Brand#42,WRAP DRUM,28,22,0,27056.029
F,F,A,NONE,Manufacturer#1,3-MEDIUM,4,FURNITURE,TRUCK,5,0.01,8,Brand#14,WRAP BAG,25,33,3,30243.213
F,F,R,DELIVER IN PERSON,Manufacturer#1,3-MEDIUM,4,FURNITURE,MAIL,2,0.01,18,Brand#13,LG DRUM,22,17,2,27160.747
F,F,A,NONE,Manufacturer#3,3-MEDIUM,4,FURNITURE,AIR,1,0.05,21,Brand#35,SM JAR,39,34,1,32157.8086
F,F,A,TAKE BACK RETURN,Manufacturer#5,3-MEDIUM,4,FURNITURE,MAIL,4,0.06,8,Brand#51,SM PACK,30,32,3,52567.68
F,F,A,NONE,Manufacturer#3,3-MEDIUM,4,FURNITURE,FOB,3,0.06,18,Brand#34,JUMBO CAN,48,15,2,18026.904
O,O,N,DELIVER IN PERSON,Manufacturer#3,1-URGENT,0,MACHINERY,TRUCK,2,0.02,21,Brand#35,WRAP BAG,10,4,1,6405.854
O,O,N,NONE,Manufacturer#5,1-URGENT,0,MACHINERY,AIR,1,0.07,9,Brand#55,LG JAR,38,42,4,51879.366
O,O,N,COLLECT COD,Manufacturer#4,4-NOT SPECIFIED,2,HOUSEHOLD,FOB,3,0.06,21,Brand#45,SM JAR,47,23,1,27713.666
O,O,N,COLLECT COD,Manufacturer#3,1-URGENT,2,FURNITURE,FOB,2,0.04,21,Brand#33,SM CAN,23,23,1,39741.5505
O,O,N,TAKE BACK RETURN,Manufacturer#5,2-HIGH,1,AUTOMOBILE,RAIL,1,0.07,21,Brand#53,JUMBO JAR,28,42,1,46334.4882
F,F,A,COLLECT COD,Manufacturer#2,1-URGENT,2,FURNITURE,REG AIR,3,0.03,21,Brand#21,LG CAN,15,45,1,67721.283
F,F,R,NONE,Manufacturer#2,4-NOT SPECIFIED,2,AUTOMOBILE,SHIP,1,0.03,8,Brand#21,SM PKG,10,28,3,34617.24
F,F,R,DELIVER IN PERSON,Manufacturer#2,5-LOW,1,BUILDING,AIR,2,0,18,Brand#25,LG JAR,11,26,2,28088.5384
O,O,N,COLLECT COD,Manufacturer#2,3-MEDIUM,1,AUTOMOBILE,RAIL,2,0,18,Brand#25,SM CASE,27,17,2,14862.0324
O,O,N,NONE,Manufacturer#1,3-MEDIUM,1,AUTOMOBILE,REG AIR,1,0.07,8,Brand#14,SM CAN,2,50,3,53590.45
F,F,R,TAKE BACK RETURN,Manufacturer#2,5-LOW,2,FURNITURE,RAIL,1,0.04,8,Brand#25,LG CASE,39,8,3,8841.568
O,O,N,COLLECT COD,Manufacturer#4,4-NOT SPECIFIED,0,FURNITURE,SHIP,2,0.08,12,Brand#45,SM CASE,26,25,0,44819.775
O,O,N,TAKE BACK RETURN,Manufacturer#4,4-NOT SPECIFIED,0,MACHINERY,RAIL,7,0.01,9,Brand#45,JUMBO CAN,38,37,4,54666.4788
O,O,N,DELIVER IN PERSON,Manufacturer#1,4-NOT SPECIFIED,0,MACHINERY,TRUCK,2,0.07,9,Brand#12,SM BAG,46,6,4,5249.64
O,O,N,NONE,Manufacturer#4,4-NOT SPECIFIED,0,MACHINERY,MAIL,4,0.02,8,Brand#45,SM PACK,16,18,3,22739.904
O,O,N,DELIVER IN PERSON,Manufacturer#3,4-NOT SPECIFIED,0,MACHINERY,TRUCK,5,0.08,9,Brand#35,MED BAG,44,29,4,52376.3548
O,O,N,DELIVER IN PERSON,Manufacturer#3,5-LOW,0,HOUSEHOLD,MAIL,4,0.01,8,Brand#32,JUMBO CAN,10,47,3,45263.82
O,O,N,NONE,Manufacturer#2,5-LOW,0,HOUSEHOLD,MAIL,1,0.07,21,Brand#24,JUMBO PACK,41,39,1,40970.826
O,O,N,COLLECT COD,Manufacturer#2,5-LOW,0,HOUSEHOLD,SHIP,3,0.08,8,Brand#25,SM DRUM,50,40,3,44723.408
O,O,N,DELIVER IN PERSON,Manufacturer#2,3-MEDIUM,0,AUTOMOBILE,RAIL,5,0.03,9,Brand#21,JUMBO JAR,47,12,4,15995.2896
O,O,N,TAKE BACK RETURN,Manufacturer#5,5-LOW,2,FURNITURE,TRUCK,2,0.06,9,Brand#55,WRAP CASE,11,8,4,7243.18
F,F,A,NONE,Manufacturer#5,1-URGENT,4,HOUSEHOLD,MAIL,2,0.02,18,Brand#53,LG BAG,10,4,2,3426.1904
O,O,N,TAKE BACK RETURN,Manufacturer#4,2-HIGH,1,AUTOMOBILE,REG AIR,2,0.08,12,Brand#42,MED PKG,28,23,0,28886.643
O,O,N,TAKE BACK RETURN,Manufacturer#4,2-HIGH,1,AUTOMOBILE,MAIL,6,0.08,8,Brand#42,LG CAN,38,50,3,59581.625
O,O,N,COLLECT COD,Manufacturer#2,2-HIGH,1,AUTOMOBILE,REG AIR,5,0.04,9,Brand#24,MED JAR,9,38,4,51821.2422
F,F,R,NONE,Manufacturer#3,5-LOW,0,MACHINERY,SHIP,6,0.08,12,Brand#32,LG DRUM,26,48,0,67560.048
F,F,A,TAKE BACK RETURN,Manufacturer#1,5-LOW,0,MACHINERY,MAIL,4,0.03,21,Brand#11,WRAP JAR,24,44,1,80824.92
O,O,N,TAKE BACK RETURN,Manufacturer#4,1-URGENT,1,HOUSEHOLD,RAIL,2,0.07,9,Brand#44,LG JAR,15,50,4,53439.66
O,O,N,COLLECT COD,Manufacturer#3,1-URGENT,1,HOUSEHOLD,SHIP,1,0.03,18,Brand#35,JUMBO JAR,28,19,2,30308.1464
O,O,N,NONE,Manufacturer#3,2-HIGH,0,MACHINERY,MAIL,1,0.01,21,Brand#35,MED JAR,7,49,1,80791.0187
O,O,N,COLLECT COD,Manufacturer#5,3-MEDIUM,1,BUILDING,FOB,2,0.05,18,Brand#53,WRAP CAN,49,3,2,5041.251
O,O,N,DELIVER IN PERSON,Manufacturer#2,4-NOT SPECIFIED,4,BUILDING,MAIL,2,0,18,Brand#22,SM PKG,19,45,2,46025.9415
F,F,A,COLLECT COD,Manufacturer#3,2-HIGH,4,FURNITURE,REG AIR,6,0.01,8,Brand#34,LG CAN,35,1,3,1024.407
F,F,R,TAKE BACK RETURN,Manufacturer#3,2-HIGH,4,FURNITURE,MAIL,4,0,21,Brand#31,WRAP JAR,8,34,1,46280.9496
F,F,A,COLLECT COD,Manufacturer#3,2-HIGH,4,FURNITURE,SHIP,2,0.07,21,Brand#34,WRAP PACK,30,36,1,58832.5176
F,F,R,COLLECT COD,Manufacturer#1,5-LOW,2,HOUSEHOLD,MAIL,4,0.04,12,Brand#14,WRAP BAG,25,36,0,32992.596
O,O,N,DELIVER IN PERSON,Manufacturer#2,4-NOT SPECIFIED,4,FURNITURE,REG AIR,1,0.06,18,Brand#23,MED PKG,34,44,2,68982.1176
F,F,R,DELIVER IN PERSON,Manufacturer#5,1-URGENT,3,BUILDING,TRUCK,3,0.05,12,Brand#53,SM CASE,37,27,0,48339.7632
F,F,A,NONE,Manufacturer#5,1-URGENT,3,BUILDING,TRUCK,1,0.06,21,Brand#55,MED JAR,12,15,1,21833.5845
F,F,R,TAKE BACK RETURN,Manufacturer#2,1-URGENT,3,BUILDING,FOB,4,0.07,8,Brand#24,LG CAN,35,9,3,8509.4955
F,F,R,TAKE BACK RETURN,Manufacturer#5,5-LOW,2,FURNITURE,AIR,3,0.04,9,Brand#51,WRAP CASE,3,35,4,38745.098
F,F,A,DELIVER IN PERSON,Manufacturer#3,5-LOW,2,FURNITURE,MAIL,2,0.04,21,Brand#35,SM JAR,7,8,1,8952.048
F,F,R,DELIVER IN PERSON,Manufacturer#4,5-LOW,4,MACHINERY,MAIL,3,0,8,Brand#43,MED DRUM,43,30,3,28321.569
F,F,A,NONE,Manufacturer#1,5-LOW,4,MACHINERY,REG AIR,2,0.07,21,Brand#11,WRAP DRUM,22,2,1,2120.14
F,F,A,NONE,Manufacturer#5,5-LOW,4,MACHINERY,REG AIR,1,0.01,9,Brand#54,MED CASE,49,35,4,48845.16
O,O,N,NONE,Manufacturer#2,3-MEDIUM,3,HOUSEHOLD,FOB,4,0.07,18,Brand#23,WRAP JAR,50,13,2,14762.5868
O,O,N,DELIVER IN PERSON,Manufacturer#1,5-LOW,4,FURNITURE,AIR,3,0.01,9,Brand#13,WRAP BOX,26,19,4,21334.8663
O,O,N,TAKE BACK RETURN,Manufacturer#2,2-HIGH,4,BUILDING,MAIL,1,0,21,Brand#22,SM CASE,42,7,1,9505.0732
O,O,N,COLLECT COD,Manufacturer#4,2-HIGH,4,BUILDING,FOB,3,0.01,9,Brand#44,WRAP BOX,40,28,4,44817.696
O,O,N,DELIVER IN PERSON,Manufacturer#2,5-LOW,3,FURNITURE,MAIL,5,0.02,18,Brand#24,JUMBO BOX,47,14,2,21362.3046
O,O,N,TAKE BACK RETURN,Manufacturer#2,2-HIGH,4,FURNITURE,AIR,2,0.03,18,Brand#22,SM BAG,8,26,2,42034.46
O,O,N,COLLECT COD,Manufacturer#4,2-HIGH,4,FURNITURE,RAIL,3,0.07,12,Brand#41,SM BOX,17,1,0,1706.0955
F,F,R,DELIVER IN PERSON,Manufacturer#2,2-HIGH,4,FURNITURE,MAIL,1,0.08,12,Brand#25,WRAP PKG,4,13,0,23125.9743
O,O,N,NONE,Manufacturer#3,1-URGENT,2,BUILDING,FOB,5,0.07,9,Brand#31,MED JAR,21,45,4,58463.37
F,F,R,TAKE BACK RETURN,Manufacturer#3,5-LOW,3,AUTOMOBILE,FOB,4,0.01,8,Brand#31,SM PKG,27,50,3,67869.075
F,F,R,NONE,Manufacturer#4,5-LOW,3,AUTOMOBILE,RAIL,5,0.01,21,Brand#44,JUMBO PKG,46,35,1,31899.686
O,O,N,COLLECT COD,Manufacturer#3,4-NOT SPECIFIED,4,MACHINERY,TRUCK,2,0,12,Brand#35,JUMBO CASE,12,14,0,21583.905
O,O,N,NONE,Manufacturer#1,4-NOT SPECIFIED,4,MACHINERY,SHIP,1,0.05,8,Brand#13,JUMBO PACK,15,31,3,48741.8022
F,F,R,COLLECT COD,Manufacturer#4,3-MEDIUM,1,BUILDING,SHIP,6,0.08,12,Brand#45,MED JAR,23,13,0,19273.54
F,F,A,NONE,Manufacturer#3,3-MEDIUM,1,BUILDING,MAIL,2,0.08,9,Brand#33,SM PACK,41,16,4,26163.3056
F,F,A,TAKE BACK RETURN,Manufacturer#5,3-MEDIUM,1,BUILDING,RAIL,1,0,8,Brand#54,WRAP CAN,13,50,3,43920.48
F,F,R,DELIVER IN PERSON,Manufacturer#1,3-MEDIUM,1,BUILDING,SHIP,3,0.01,21,Brand#14,SM PACK,10,35,1,35504.959
F,F,A,NONE,Manufacturer#5,3-MEDIUM,1,BUILDING,REG AIR,5,0.05,21,Brand#51,WRAP BAG,35,13,1,18614.1267
F,F,R,DELIVER IN PERSON,Manufacturer#1,2-HIGH,3,BUILDING,RAIL,4,0.06,8,Brand#13,SM BAG,29,2,3,3365.56
F,F,R,NONE,Manufacturer#2,4-NOT SPECIFIED,4,FURNITURE,TRUCK,1,0.02,8,Brand#23,WRAP PKG,6,33,3,46983.2022
F,F,A,DELIVER IN PERSON,Manufacturer#1,5-LOW,3,AUTOMOBILE,FOB,2,0.08,12,Brand#13,MED DRUM,39,32,0,49394.16
O,O,N,NONE,Manufacturer#1,2-HIGH,3,BUILDING,RAIL,1,0.02,8,Brand#14,MED JAR,32,41,3,44660.439
O,O,N,COLLECT COD,Manufacturer#2,2-HIGH,3,AUTOMOBILE,MAIL,3,0.05,12,Brand#21,JUMBO DRUM,13,41,0,68739.944
F,F,A,COLLECT COD,Manufacturer#1,1-URGENT,0,AUTOMOBILE,REG AIR,1,0.04,8,Brand#11,SM CAN,45,38,3,56917.787
F,F,R,DELIVER IN PERSON,Manufacturer#1,5-LOW,2,FURNITURE,SHIP,4,0,21,Brand#13,WRAP PKG,17,4,1,5153.52
F,F,R,COLLECT COD,Manufacturer#2,5-LOW,2,FURNITURE,FOB,3,0.03,12,Brand#21,JUMBO DRUM,13,6,0,9443.616
F,F,R,COLLECT COD,Manufacturer#2,1-URGENT,0,HOUSEHOLD,MAIL,5,0.07,18,Brand#22,JUMBO JAR,28,7,2,10757.7715
F,F,R,NONE,Manufacturer#5,1-URGENT,0,HOUSEHOLD,AIR,1,0.08,12,Brand#54,LG BAG,10,46,0,57830.4732
O,O,N,NONE,Manufacturer#1,5-LOW,1,BUILDING,MAIL,1,0.05,18,Brand#11,SM JAR,35,48,2,71305.5936
O,O,N,DELIVER IN PERSON,Manufacturer#1,5-LOW,1,BUILDING,REG AIR,2,0.03,9,Brand#11,WRAP BAG,38,18,4,29236.3344
O,O,N,NONE,Manufacturer#5,2-HIGH,2,FURNITURE,AIR,5,0.04,21,Brand#54,SM BAG,1,17,1,28458.7718
O,O,N,NONE,Manufacturer#3,2-HIGH,2,FURNITURE,RAIL,2,0.01,8,Brand#33,WRAP CAN,6,47,3,71191.3512
O,O,N,DELIVER IN PERSON,Manufacturer#3,2-HIGH,2,FURNITURE,MAIL,1,0.03,9,Brand#31,JUMBO DRUM,48,17,4,19830.2841
O,O,N,NONE,Manufacturer#1,5-LOW,1,HOUSEHOLD,REG AIR,3,0.05,21,Brand#12,WRAP BAG,17,12,1,11686.368
O,O,N,DELIVER IN PERSON,Manufacturer#1,2-HIGH,4,FURNITURE,RAIL,3,0.03,18,Brand#11,LG JAR,40,22,2,21916.1382
O,O,N,NONE,Manufacturer#2,2-HIGH,4,FURNITURE,FOB,1,0.01,12,Brand#25,JUMBO CASE,22,36,0,49515.48
O,O,N,DELIVER IN PERSON,Manufacturer#1,1-URGENT,3,MACHINERY,AIR,2,0.06,9,Brand#12,MED PACK,24,23,4,24760.0888
F,F,R,TAKE BACK RETURN,Manufacturer#1,4-NOT SPECIFIED,2,MACHINERY,SHIP,3,0.05,12,Brand#11,JUMBO BAG,1,28,0,29516.2
O,O,N,DELIVER IN PERSON,Manufacturer#1,5-LOW,2,MACHINERY,MAIL,1,0.07,8,Brand#14,MED BAG,18,19,3,17983.3005
O,O,N,NONE,Manufacturer#1,1-URGENT,1,MACHINERY,AIR,2,0,18,Brand#12,JUMBO DRUM,17,35,2,42686.3955
O,O,N,TAKE BACK RETURN,Manufacturer#2,1-URGENT,1,MACHINERY,FOB,6,0.03,18,Brand#25,JUMBO BOX,36,37,2,46545.7632
O,O,N,NONE,Manufacturer#3,1-URGENT,1,MACHINERY,REG AIR,1,0.04,21,Brand#32,WRAP CAN,25,4,1,4551.274
O,O,N,COLLECT COD,Manufacturer#3,3-MEDIUM,1,MACHINERY,MAIL,3,0,21,Brand#31,WRAP JAR,8,44,1,61195.0152
O,O,N,TAKE BACK RETURN,Manufacturer#5,3-MEDIUM,1,MACHINERY,RAIL,1,0.01,9,Brand#52,SM PACK,34,16,4,22489.9584
F,F,A,TAKE BACK RETURN,Manufacturer#1,1-URGENT,4,AUTOMOBILE,AIR,1,0.03,18,Brand#11,LG JAR,40,10,2,10604.583
F,F,R,NONE,Manufacturer#3,1-URGENT,4,AUTOMOBILE,AIR,4,0.05,21,Brand#35,MED JAR,7,45,1,68841.495
O,O,N,NONE,Manufacturer#2,1-URGENT,1,BUILDING,TRUCK,1,0.08,8,Brand#24,MED CASE,36,38,3,43797.9222
F,F,A,COLLECT COD,Manufacturer#1,3-MEDIUM,2,AUTOMOBILE,RAIL,1,0.02,8,Brand#14,MED BOX,1,4,3,5842.2
F,F,A,TAKE BACK RETURN,Manufacturer#2,3-MEDIUM,2,AUTOMOBILE,SHIP,3,0.06,12,Brand#21,SM DRUM,41,21,0,36906.303
F,F,A,COLLECT COD,Manufacturer#1,2-HIGH,1,FURNITURE,RAIL,3,0.07,8,Brand#14,MED JAR,32,22,3,24762.9426
F,F,A,TAKE BACK RETURN,Manufacturer#3,4-NOT SPECIFIED,2,FURNITURE,TRUCK,1,0.04,12,Brand#35,JUMBO CASE,24,6,0,5335.6656
O,O,N,TAKE BACK RETURN,Manufacturer#3,1-URGENT,0,HOUSEHOLD,TRUCK,1,0.07,21,Brand#34,SM DRUM,49,41,1,70467.2699
F,F,A,NONE,Manufacturer#5,5-LOW,1,AUTOMOBILE,RAIL,4,0.01,8,Brand#51,MED DRUM,9,38,3,44552.6136
F,F,A,COLLECT COD,Manufacturer#1,5-LOW,1,AUTOMOBILE,FOB,3,0.02,12,Brand#11,LG PACK,42,26,0,25221.82
F,F,A,NONE,Manufacturer#2,1-URGENT,4,AUTOMOBILE,AIR,1,0.07,8,Brand#25,JUMBO CAN,23,21,3,20907.18
F,F,A,NONE,Manufacturer#5,5-LOW,2,AUTOMOBILE,FOB,1,0.02,8,Brand#53,MED JAR,7,26,3,25458.9192
O,O,N,COLLECT COD,Manufacturer#5,3-MEDIUM,3,BUILDING,FOB,5,0.08,9,Brand#51,MED CASE,40,5,4,8035.464
O,O,N,COLLECT COD,Manufacturer#3,5-LOW,2,MACHINERY,MAIL,1,0,9,Brand#35,WRAP BAG,17,4,4,5288.3028
F,F,A,DELIVER IN PERSON,Manufacturer#5,2-HIGH,0,BUILDING,MAIL,1,0.03,18,Brand#53,MED BAG,21,26,2,24487.7568
F,F,A,DELIVER IN PERSON,Manufacturer#2,5-LOW,3,AUTOMOBILE,REG AIR,5,0.03,9,Brand#21,MED PACK,30,29,4,46214.487
O,O,N,TAKE BACK RETURN,Manufacturer#4,5-LOW,2,BUILDING,SHIP,2,0.05,8,Brand#43,SM BAG,46,17,3,16745.1615
F,F,A,NONE,Manufacturer#2,2-HIGH,1,BUILDING,TRUCK,2,0.04,8,Brand#23,JUMBO JAR,42,47,3,63136.557
O,O,N,COLLECT COD,Manufacturer#1,4-NOT SPECIFIED,2,FURNITURE,SHIP,3,0.01,12,Brand#13,MED JAR,17,33,0,55982.0184
O,O,N,NONE,Manufacturer#3,4-NOT SPECIFIED,2,FURNITURE,REG AIR,2,0.03,12,Brand#33,WRAP BAG,7,17,0,17077.6458
O,O,N,COLLECT COD,Manufacturer#5,4-NOT SPECIFIED,2,FURNITURE,FOB,4,0,12,Brand#54,LG CAN,35,35,0,33574.6775
O,O,N,COLLECT COD,Manufacturer#4,2-HIGH,0,MACHINERY,TRUCK,5,0.08,18,Brand#45,MED BAG,27,31,2,37835.9712
O,O,N,COLLECT COD,Manufacturer#4,2-HIGH,0,MACHINERY,FOB,4,0.02,12,Brand#42,MED PKG,28,30,0,41864.7
O,O,N,NONE,Manufacturer#1,4-NOT SPECIFIED,3,MACHINERY,SHIP,2,0.02,12,Brand#11,JUMBO JAR,45,31,0,29997.243
F,F,R,TAKE BACK RETURN,Manufacturer#1,3-MEDIUM,1,AUTOMOBILE,TRUCK,6,0.08,18,Brand#15,MED CAN,19,29,2,32092.4324
O,O,N,COLLECT COD,Manufacturer#1,2-HIGH,4,BUILDING,REG AIR,2,0.04,8,Brand#14,SM BOX,8,45,3,51734.592
F,F,R,COLLECT COD,Manufacturer#2,3-MEDIUM,0,MACHINERY,RAIL,4,0.04,12,Brand#24,MED PKG,4,26,0,31296.928
F,F,R,NONE,Manufacturer#4,3-MEDIUM,0,MACHINERY,AIR,1,0.08,9,Brand#45,JUMBO PACK,14,32,4,29699.1744
F,F,R,DELIVER IN PERSON,Manufacturer#4,5-LOW,0,BUILDING,AIR,3,0.08,9,Brand#45,MED JAR,41,37,4,37723.128
O,O,N,COLLECT COD,Manufacturer#1,1-URGENT,3,HOUSEHOLD,REG AIR,5,0.07,21,Brand#14,MED BOX,1,12,1,15949.206
O,O,N,TAKE BACK RETURN,Manufacturer#2,2-HIGH,2,FURNITURE,REG AIR,1,0.04,8,Brand#22,JUMBO CAN,47,35,3,44601.312
F,F,R,DELIVER IN PERSON,Manufacturer#4,3-MEDIUM,3,FURNITURE,FOB,6,0.05,18,Brand#42,LG BOX,19,34,2,50400.1652
F,F,A,NONE,Manufacturer#4,3-MEDIUM,3,FURNITURE,REG AIR,1,0.04,21,Brand#44,MED DRUM,43,2,1,2961.6428
F,F,A,DELIVER IN PERSON,Manufacturer#5,3-MEDIUM,3,FURNITURE,RAIL,3,0.02,9,Brand#55,JUMBO DRUM,2,47,4,59215.9392
F,F,A,TAKE BACK RETURN,Manufacturer#5,1-URGENT,0,BUILDING,REG AIR,1,0,8,Brand#55,MED PKG,39,45,3,51300.5355
F,F,R,COLLECT COD,Manufacturer#4,1-URGENT,0,BUILDING,TRUCK,4,0.08,18,Brand#44,SM BAG,23,37,2,66186.747
F,F,A,COLLECT COD,Manufacturer#1,1-URGENT,0,BUILDING,FOB,2,0.04,8,Brand#14,WRAP CASE,49,25,3,36148.41
F,F,A,COLLECT COD,Manufacturer#2,4-NOT SPECIFIED,3,AUTOMOBILE,RAIL,2,0.06,12,Brand#21,MED PACK,12,30,0,52387.272
F,F,A,COLLECT COD,Manufacturer#3,4-NOT SPECIFIED,3,AUTOMOBILE,MAIL,4,0.07,12,Brand#33,MED CASE,34,11,0,17051.5785
F,F,R,DELIVER IN PERSON,Manufacturer#1,4-NOT SPECIFIED,3,AUTOMOBILE,AIR,1,0.05,21,Brand#13,WRAP PACK,28,45,1,43982.352
O,O,N,NONE,Manufacturer#4,1-URGENT,4,MACHINERY,AIR,3,0.07,8,Brand#42,WRAP DRUM,28,21,3,27529.0365
F,F,R,NONE,Manufacturer#4,3-MEDIUM,3,BUILDING,REG AIR,6,0.06,18,Brand#45,SM PACK,3,31,2,51639.6202
F,F,A,TAKE BACK RETURN,Manufacturer#2,3-MEDIUM,3,BUILDING,REG AIR,3,0.04,12,Brand#25,SM PACK,28,26,0,40889.42
F,F,R,COLLECT COD,Manufacturer#1,3-MEDIUM,3,BUILDING,TRUCK,7,0.08,18,Brand#13,LG DRUM,44,45,2,79522.731
F,F,R,TAKE BACK RETURN,Manufacturer#2,3-MEDIUM,3,BUILDING,AIR,2,0.04,18,Brand#23,LG BAG,17,19,2,20561.42
O,O,N,COLLECT COD,Manufacturer#5,1-URGENT,4,AUTOMOBILE,RAIL,4,0.05,18,Brand#53,MED BOX,2,27,2,50760.0027
O,O,N,TAKE BACK RETURN,Manufacturer#2,3-MEDIUM,2,FURNITURE,SHIP,4,0.04,12,Brand#21,LG DRUM,21,26,0,35918.272
O,O,N,COLLECT COD,Manufacturer#3,5-LOW,1,AUTOMOBILE,REG AIR,3,0.05,21,Brand#32,WRAP CAN,25,18,1,22506.3
O,O,N,NONE,Manufacturer#4,1-URGENT,0,MACHINERY,TRUCK,2,0.05,9,Brand#44,MED DRUM,41,20,4,31497.12
O,O,N,DELIVER IN PERSON,Manufacturer#5,3-MEDIUM,1,HOUSEHOLD,RAIL,6,0.03,12,Brand#52,MED PKG,33,13,0,19817.4184
O,O,N,COLLECT COD,Manufacturer#3,3-MEDIUM,1,HOUSEHOLD,FOB,2,0.05,21,Brand#31,JUMBO CAN,11,24,1,23894.5344
O,O,N,DELIVER IN PERSON,Manufacturer#1,1-URGENT,3,HOUSEHOLD,REG AIR,3,0.08,18,Brand#15,LG DRUM,17,17,2,26999.0855
O,O,N,COLLECT COD,Manufacturer#4,1-URGENT,3,HOUSEHOLD,RAIL,5,0.01,21,Brand#45,MED CASE,23,13,1,13165.074
O,O,N,DELIVER IN PERSON,Manufacturer#4,1-URGENT,3,HOUSEHOLD,MAIL,2,0.08,8,Brand#44,JUMBO CASE,40,24,3,27937.296
F,F,A,DELIVER IN PERSON,Manufacturer#2,5-LOW,1,BUILDING,TRUCK,6,0.01,18,Brand#25,JUMBO JAR,13,41,2,68231.708
F,F,R,DELIVER IN PERSON,Manufacturer#5,5-LOW,1,BUILDING,FOB,4,0.02,18,Brand#53,LG PACK,11,5,2,5520.5605
O,O,N,DELIVER IN PERSON,Manufacturer#3,5-LOW,4,FURNITURE,RAIL,6,0.05,18,Brand#31,WRAP DRUM,29,39,2,51220.884
O,O,N,TAKE BACK RETURN,Manufacturer#3,2-HIGH,0,HOUSEHOLD,RAIL,1,0.04,12,Brand#35,JUMBO CASE,12,2,0,3050.26
O,O,N,TAKE BACK RETURN,Manufacturer#5,2-HIGH,0,HOUSEHOLD,TRUCK,2,0.05,18,Brand#52,LG PKG,39,13,2,14020.3492
O,O,N,COLLECT COD,Manufacturer#1,5-LOW,1,MACHINERY,TRUCK,4,0.03,12,Brand#14,SM PACK,9,13,0,14555.0925
F,F,R,DELIVER IN PERSON,Manufacturer#3,5-LOW,0,BUILDING,SHIP,5,0.05,12,Brand#34,JUMBO CAN,28,34,0,43764.9394
F,F,A,TAKE BACK RETURN,Manufacturer#2,5-LOW,0,BUILDING,RAIL,2,0.02,21,Brand#24,WRAP PKG,14,17,1,28953.9665
F,F,A,NONE,Manufacturer#1,5-LOW,0,BUILDING,FOB,3,0.06,8,Brand#15,SM DRUM,27,42,3,45377.8416
F,F,A,DELIVER IN PERSON,Manufacturer#1,4-NOT SPECIFIED,3,AUTOMOBILE,AIR,1,0.02,21,Brand#13,SM CASE,5,3,1,3839.745
F,F,A,COLLECT COD,Manufacturer#3,1-URGENT,0,MACHINERY,REG AIR,2,0.04,18,Brand#31,SM BOX,20,42,2,40500.1296
O,O,N,TAKE BACK RETURN,Manufacturer#4,1-URGENT,0,FURNITURE,FOB,3,0.07,18,Brand#42,WRAP CAN,16,9,2,12383.4852
O,O,N,TAKE BACK RETURN,Manufacturer#3,1-URGENT,0,FURNITURE,MAIL,4,0.08,21,Brand#35,WRAP CAN,14,26,1,28364.5908
O,O,N,TAKE BACK RETURN,Manufacturer#1,1-URGENT,0,FURNITURE,SHIP,5,0.06,21,Brand#13,MED PACK,20,31,1,47595.1308
O,O,N,TAKE BACK RETURN,Manufacturer#4,3-MEDIUM,4,BUILDING,MAIL,1,0.03,21,Brand#43,WRAP BAG,20,38,1,54230.4384
O,O,N,NONE,Manufacturer#5,3-MEDIUM,4,BUILDING,REG AIR,3,0.06,8,Brand#53,LG JAR,31,32,3,46080.144
O,O,N,TAKE BACK RETURN,Manufacturer#3,3-MEDIUM,4,BUILDING,MAIL,7,0.01,9,Brand#31,MED BOX,46,32,4,52254.096
O,O,N,NONE,Manufacturer#3,4-NOT SPECIFIED,4,BUILDING,SHIP,1,0.07,21,Brand#32,JUMBO JAR,26,47,1,43758.081
F,F,A,TAKE BACK RETURN,Manufacturer#4,3-MEDIUM,0,FURNITURE,MAIL,7,0.07,12,Brand#44,MED CAN,28,1,0,921.2752
F,F,R,NONE,Manufacturer#2,3-MEDIUM,0,FURNITURE,SHIP,6,0.07,12,Brand#21,JUMBO DRUM,13,49,0,77122.864
F,F,A,DELIVER IN PERSON,Manufacturer#2,4-NOT SPECIFIED,1,BUILDING,AIR,5,0.05,9,Brand#24,WRAP CASE,15,46,4,75286.383
F,F,R,NONE,Manufacturer#3,4-NOT SPECIFIED,1,BUILDING,SHIP,6,0.06,18,Brand#33,WRAP CASE,17,37,2,57093.3495
O,O,N,COLLECT COD,Manufacturer#3,2-HIGH,2,BUILDING,FOB,1,0.06,21,Brand#33,LG CASE,25,42,1,77025.06
F,F,R,NONE,Manufacturer#5,4-NOT SPECIFIED,0,BUILDING,REG AIR,5,0.05,18,Brand#54,LG CAN,44,36,2,29484.324
F,F,R,TAKE BACK RETURN,Manufacturer#3,4-NOT SPECIFIED,0,BUILDING,FOB,1,0.03,21,Brand#33,JUMBO PKG,48,34,1,54127.116
O,O,N,TAKE BACK RETURN,Manufacturer#4,3-MEDIUM,2,FURNITURE,REG AIR,2,0.07,9,Brand#43,JUMBO BAG,43,33,4,49265.7792
O,O,N,COLLECT COD,Manufacturer#5,3-MEDIUM,2,FURNITURE,RAIL,6,0.04,9,Brand#51,SM CAN,8,18,4,25844.5296
O,O,N,COLLECT COD,Manufacturer#4,3-MEDIUM,2,FURNITURE,MAIL,5,0.05,21,Brand#44,LG CAN,25,7,1,10821.2923
O,O,N,COLLECT COD,Manufacturer#2,2-HIGH,0,BUILDING,TRUCK,1,0.05,8,Brand#24,WRAP CAN,19,49,3,51918.2636
F,F,R,COLLECT COD,Manufacturer#2,2-HIGH,0,BUILDING,TRUCK,1,0.05,12,Brand#22,SM PACK,31,10,0,9536.086
F,F,A,COLLECT COD,Manufacturer#4,5-LOW,4,HOUSEHOLD,REG AIR,6,0.02,21,Brand#42,JUMBO DRUM,13,23,1,30425.9065
O,O,N,NONE,Manufacturer#3,4-NOT SPECIFIED,2,AUTOMOBILE,TRUCK,1,0.03,8,Brand#34,LG CAN,35,36,3,38517.7032
F,F,A,COLLECT COD,Manufacturer#5,3-MEDIUM,0,AUTOMOBILE,MAIL,1,0.07,8,Brand#55,LG BAG,10,32,3,34900.6208
O,O,N,TAKE BACK RETURN,Manufacturer#3,5-LOW,4,HOUSEHOLD,TRUCK,4,0.04,12,Brand#35,JUMBO CASE,12,21,0,32723.985
O,O,N,NONE,Manufacturer#2,5-LOW,4,HOUSEHOLD,RAIL,2,0.01,18,Brand#21,SM JAR,7,33,2,58320.6624
O,O,N,TAKE BACK RETURN,Manufacturer#1,2-HIGH,4,BUILDING,REG AIR,2,0.03,12,Brand#12,JUMBO DRUM,33,39,0,55601.0832
F,F,A,COLLECT COD,Manufacturer#5,3-MEDIUM,3,HOUSEHOLD,TRUCK,3,0.07,18,Brand#55,SM BOX,7,30,2,43587.852
F,F,R,NONE,Manufacturer#3,2-HIGH,4,BUILDING,FOB,2,0.06,18,Brand#34,JUMBO CAN,48,25,2,29431.68
O,O,N,TAKE BACK RETURN,Manufacturer#3,3-MEDIUM,4,FURNITURE,TRUCK,2,0.06,8,Brand#33,SM CASE,46,36,3,32522.2704
O,O,N,NONE,Manufacturer#2,1-URGENT,0,BUILDING,REG AIR,4,0,21,Brand#21,MED PACK,30,48,1,71857.008
O,O,N,DELIVER IN PERSON,Manufacturer#3,1-URGENT,0,BUILDING,REG AIR,7,0.04,21,Brand#32,WRAP PACK,24,41,1,55871.9136
O,O,N,DELIVER IN PERSON,Manufacturer#1,1-URGENT,0,BUILDING,MAIL,5,0.02,9,Brand#15,SM JAR,15,7,4,8221.5945
O,O,N,COLLECT COD,Manufacturer#4,1-URGENT,0,BUILDING,REG AIR,3,0.08,18,Brand#44,SM BAG,15,24,2,35235.9144
O,O,N,COLLECT COD,Manufacturer#4,1-URGENT,0,BUILDING,RAIL,2,0.07,9,Brand#43,MED DRUM,43,35,4,32686.542
O,O,N,DELIVER IN PERSON,Manufacturer#4,2-HIGH,0,HOUSEHOLD,TRUCK,2,0.05,12,Brand#43,MED JAR,13,19,0,30949.4496
O,O,N,NONE,Manufacturer#1,2-HIGH,0,HOUSEHOLD,AIR,3,0.08,8,Brand#14,JUMBO BOX,44,25,3,29932.2
F,F,R,DELIVER IN PERSON,Manufacturer#4,4-NOT SPECIFIED,3,MACHINERY,MAIL,6,0.05,12,Brand#41,SM PACK,44,12,0,14995.674
F,F,R,DELIVER IN PERSON,Manufacturer#4,4-NOT SPECIFIED,3,MACHINERY,MAIL,3,0.03,8,Brand#43,MED DRUM,43,3,3,3014.8767
O,O,N,COLLECT COD,Manufacturer#1,3-MEDIUM,1,FURNITURE,FOB,1,0.06,18,Brand#12,JUMBO DRUM,17,49,2,62973.9082
O,O,N,NONE,Manufacturer#2,4-NOT SPECIFIED,0,HOUSEHOLD,MAIL,1,0.02,18,Brand#25,SM BAG,3,15,2,26105.289
O,O,N,TAKE BACK RETURN,Manufacturer#2,4-NOT SPECIFIED,0,HOUSEHOLD,MAIL,7,0.04,12,Brand#21,LG PACK,33,16,0,15617.12
O,O,N,COLLECT COD,Manufacturer#3,4-NOT SPECIFIED,0,HOUSEHOLD,SHIP,5,0.03,18,Brand#33,WRAP CASE,17,13,2,18641.454
O,O,N,TAKE BACK RETURN,Manufacturer#5,5-LOW,3,HOUSEHOLD,RAIL,1,0,9,Brand#53,SM CAN,32,49,4,67223.884
O,O,N,TAKE BACK RETURN,Manufacturer#3,5-LOW,4,HOUSEHOLD,MAIL,3,0.03,8,Brand#33,MED DRUM,29,12,3,14208.276
O,O,N,COLLECT COD,Manufacturer#2,5-LOW,4,HOUSEHOLD,REG AIR,2,0.04,9,Brand#25,MED CAN,25,50,4,46779.48
O,O,N,COLLECT COD,Manufacturer#4,2-HIGH,0,BUILDING,RAIL,1,0.06,21,Brand#43,MED JAR,13,42,1,69839.8764
F,F,A,COLLECT COD,Manufacturer#1,1-URGENT,0,HOUSEHOLD,FOB,7,0,18,Brand#15,JUMBO DRUM,8,23,2,21841.605
F,F,R,DELIVER IN PERSON,Manufacturer#2,4-NOT SPECIFIED,2,AUTOMOBILE,AIR,7,0,18,Brand#23,MED PKG,34,33,2,51180.2808
F,F,A,NONE,Manufacturer#2,4-NOT SPECIFIED,2,AUTOMOBILE,MAIL,5,0.08,9,Brand#21,WRAP CAN,20,42,4,42823.851
F,F,A,NONE,Manufacturer#3,2-HIGH,2,HOUSEHOLD,RAIL,2,0.03,12,Brand#34,MED DRUM,47,49,0,86400.2643
O,O,N,DELIVER IN PERSON,Manufacturer#5,3-MEDIUM,1,AUTOMOBILE,MAIL,2,0.07,18,Brand#54,MED DRUM,24,44,2,54506.0736
F,F,R,COLLECT COD,Manufacturer#5,1-URGENT,3,FURNITURE,MAIL,3,0.04,18,Brand#52,MED PKG,32,4,2,4357.1244
F,F,R,COLLECT COD,Manufacturer#1,2-HIGH,4,HOUSEHOLD,FOB,4,0.08,9,Brand#12,WRAP PACK,36,33,4,41426.517
F,F,R,DELIVER IN PERSON,Manufacturer#3,2-HIGH,4,HOUSEHOLD,TRUCK,3,0.02,21,Brand#33,LG DRUM,7,47,1,39297.546
F,F,R,DELIVER IN PERSON,Manufacturer#4,1-URGENT,0,AUTOMOBILE,TRUCK,3,0.07,9,Brand#44,LG PACK,34,17,4,18913.452
F,F,A,COLLECT COD,Manufacturer#1,1-URGENT,0,AUTOMOBILE,FOB,4,0.07,9,Brand#13,WRAP BOX,5,23,4,25817.2608
O,O,N,DELIVER IN PERSON,Manufacturer#3,4-NOT SPECIFIED,0,FURNITURE,REG AIR,1,0.07,9,Brand#34,SM DRUM,7,2,4,3227.6944
F,F,R,TAKE BACK RETURN,Manufacturer#3,3-MEDIUM,3,AUTOMOBILE,RAIL,2,0.07,21,Brand#34,MED PKG,23,46,1,81874.02
F,F,A,DELIVER IN PERSON,Manufacturer#5,3-MEDIUM,3,AUTOMOBILE,TRUCK,1,0.02,18,Brand#51,SM PACK,30,44,2,66498.1152
O,O,N,DELIVER IN PERSON,Manufacturer#2,3-MEDIUM,4,FURNITURE,MAIL,3,0.03,18,Brand#23,MED PKG,34,34,2,55023.8592
O,O,N,DELIVER IN PERSON,Manufacturer#3,4-NOT SPECIFIED,4,FURNITURE,SHIP,5,0.02,18,Brand#33,MED PKG,24,28,2,40365.1416
O,O,N,TAKE BACK RETURN,Manufacturer#2,4-NOT SPECIFIED,4,FURNITURE,REG AIR,1,0.02,21,Brand#24,MED DRUM,31,45,1,42706.8
O,O,N,NONE,Manufacturer#3,5-LOW,1,HOUSEHOLD,REG AIR,2,0,18,Brand#35,LG JAR,34,17,2,22300.6238
F,F,R,COLLECT COD,Manufacturer#3,5-LOW,0,AUTOMOBILE,MAIL,7,0.06,8,Brand#35,LG BOX,13,49,3,87445.008
F,F,A,COLLECT COD,Manufacturer#5,5-LOW,0,AUTOMOBILE,REG AIR,3,0.08,8,Brand#51,WRAP BOX,25,34,3,51487.0092
F,F,R,COLLECT COD,Manufacturer#1,5-LOW,0,AUTOMOBILE,RAIL,5,0.06,12,Brand#14,WRAP BAG,25,35,0,33486.075
F,F,R,TAKE BACK RETURN,Manufacturer#4,1-URGENT,0,AUTOMOBILE,FOB,6,0.01,21,Brand#45,LG JAR,47,50,1,55094.4
F,F,R,NONE,Manufacturer#5,1-URGENT,0,AUTOMOBILE,MAIL,5,0.03,21,Brand#52,JUMBO BAG,9,18,1,27795.1608
F,F,R,COLLECT COD,Manufacturer#4,3-MEDIUM,2,FURNITURE,SHIP,1,0.01,18,Brand#44,WRAP PKG,42,18,2,31021.7688
F,F,A,TAKE BACK RETURN,Manufacturer#1,3-MEDIUM,2,FURNITURE,AIR,3,0.02,9,Brand#15,MED CASE,8,41,4,43885.0962
F,F,R,COLLECT COD,Manufacturer#1,2-HIGH,1,BUILDING,REG AIR,2,0,21,Brand#13,MED JAR,19,49,1,69293.399
F,F,A,COLLECT COD,Manufacturer#2,2-HIGH,1,BUILDING,AIR,4,0.05,8,Brand#25,WRAP PKG,4,17,3,30547.13
O,O,N,TAKE BACK RETURN,Manufacturer#2,4-NOT SPECIFIED,2,FURNITURE,REG AIR,1,0.04,9,Brand#23,MED DRUM,19,48,4,70465.6704
O,O,N,TAKE BACK RETURN,Manufacturer#1,4-NOT SPECIFIED,2,FURNITURE,TRUCK,5,0.07,18,Brand#15,LG DRUM,6,2,2,3267.46
O,O,N,TAKE BACK RETURN,Manufacturer#3,4-NOT SPECIFIED,2,FURNITURE,TRUCK,3,0.01,21,Brand#32,LG PKG,14,38,1,48428.9442
O,O,N,NONE,Manufacturer#2,4-NOT SPECIFIED,2,FURNITURE,TRUCK,4,0,21,Brand#24,JUMBO BAG,25,38,1,55136.4268
O,O,N,COLLECT COD,Manufacturer#4,4-NOT SPECIFIED,2,FURNITURE,SHIP,2,0.01,18,Brand#44,MED DRUM,14,35,2,50944.25
O,O,N,TAKE BACK RETURN,Manufacturer#1,4-NOT SPECIFIED,3,BUILDING,MAIL,1,0.06,18,Brand#14,WRAP JAR,45,42,2,39845.8872
O,O,N,COLLECT COD,Manufacturer#3,4-NOT SPECIFIED,3,BUILDING,FOB,4,0.06,18,Brand#35,MED BAG,44,12,2,21009.516
O,O,N,TAKE BACK RETURN,Manufacturer#5,2-HIGH,1,MACHINERY,REG AIR,4,0.05,21,Brand#51,LG PACK,42,13,1,23324.6208
O,O,N,TAKE BACK RETURN,Manufacturer#3,2-HIGH,1,MACHINERY,AIR,2,0,12,Brand#31,SM CAN,25,13,0,21944.3445
O,O,N,TAKE BACK RETURN,Manufacturer#3,2-HIGH,1,MACHINERY,MAIL,3,0.06,18,Brand#31,MED CAN,44,36,2,55257.282
O,O,N,TAKE BACK RETURN,Manufacturer#4,1-URGENT,0,FURNITURE,AIR,5,0.01,21,Brand#43,SM DRUM,33,45,1,70911.5625
O,O,N,DELIVER IN PERSON,Manufacturer#1,3-MEDIUM,1,HOUSEHOLD,SHIP,1,0.04,8,Brand#14,WRAP BAG,25,50,3,46830.15
O,O,N,DELIVER IN PERSON,Manufacturer#1,3-MEDIUM,1,HOUSEHOLD,SHIP,7,0.06,12,Brand#13,MED DRUM,39,43,0,67800.7875
O,O,N,TAKE BACK RETURN,Manufacturer#1,5-LOW,1,AUTOMOBILE,REG AIR,7,0.03,18,Brand#12,WRAP DRUM,20,26,2,23614.435
O,O,N,COLLECT COD,Manufacturer#1,5-LOW,1,AUTOMOBILE,RAIL,5,0.02,18,Brand#14,LG JAR,9,37,2,65046.4514
O,O,N,COLLECT COD,Manufacturer#2,5-LOW,1,AUTOMOBILE,AIR,3,0.07,18,Brand#22,WRAP CAN,1,50,2,67692.22
O,O,N,COLLECT COD,Manufacturer#3,5-LOW,1,AUTOMOBILE,MAIL,4,0.08,9,Brand#34,SM CASE,30,15,4,27343.8
F,P,R,COLLECT COD,Manufacturer#1,1-URGENT,0,HOUSEHOLD,MAIL,2,0.05,12,Brand#11,MED BOX,25,25,0,28536.4625
F,P,A,NONE,Manufacturer#5,1-URGENT,0,HOUSEHOLD,MAIL,4,0.05,9,Brand#51,WRAP BAG,19,32,4,45313.1712
F,F,R,DELIVER IN PERSON,Manufacturer#3,4-NOT SPECIFIED,2,MACHINERY,TRUCK,1,0.04,18,Brand#32,SM DRUM,32,38,2,44404.938
F,F,R,NONE,Manufacturer#5,4-NOT SPECIFIED,2,MACHINERY,FOB,2,0.02,21,Brand#55,WRAP PKG,27,40,1,66309.888
F,F,A,NONE,Manufacturer#1,1-URGENT,1,AUTOMOBILE,TRUCK,3,0.08,18,Brand#12,JUMBO BAG,40,10,2,13362.288
O,O,N,COLLECT COD,Manufacturer#1,5-LOW,0,HOUSEHOLD,MAIL,1,0.07,8,Brand#13,LG JAR,11,22,3,34427.2368
F,F,R,NONE,Manufacturer#4,3-MEDIUM,3,MACHINERY,REG AIR,5,0.03,21,Brand#43,LG PKG,15,16,1,17093.7472
O,O,N,NONE,Manufacturer#5,1-URGENT,0,HOUSEHOLD,SHIP,2,0.02,8,Brand#54,MED JAR,46,21,3,33474.8946
O,O,N,TAKE BACK RETURN,Manufacturer#5,2-HIGH,1,BUILDING,AIR,1,0.02,9,Brand#51,SM PKG,28,39,4,54684.7782
F,F,R,TAKE BACK RETURN,Manufacturer#1,5-LOW,0,AUTOMOBILE,SHIP,2,0.07,21,Brand#13,MED BAG,38,20,1,30252.864
F,F,A,TAKE BACK RETURN,Manufacturer#5,2-HIGH,1,BUILDING,RAIL,1,0.05,21,Brand#51,WRAP CASE,1,27,1,37573.2324
O,O,N,COLLECT COD,Manufacturer#3,2-HIGH,2,FURNITURE,REG AIR,1,0.07,18,Brand#33,WRAP JAR,7,24,2,31591.296
O,O,N,TAKE BACK RETURN,Manufacturer#1,2-HIGH,2,FURNITURE,MAIL,3,0.01,21,Brand#11,WRAP CAN,5,9,1,14397.21
O,O,N,DELIVER IN PERSON,Manufacturer#4,2-HIGH,2,FURNITURE,RAIL,5,0.04,9,Brand#41,JUMBO PACK,44,25,4,27870.24
F,F,A,DELIVER IN PERSON,Manufacturer#5,5-LOW,1,AUTOMOBILE,AIR,4,0.01,9,Brand#52,LG CASE,21,45,4,69774.21
F,F,R,NONE,Manufacturer#1,4-NOT SPECIFIED,4,FURNITURE,RAIL,6,0.06,21,Brand#13,JUMBO CASE,19,20,1,29657.088
O,O,N,NONE,Manufacturer#5,4-NOT SPECIFIED,3,MACHINERY,FOB,3,0.07,8,Brand#54,JUMBO DRUM,2,34,3,35322.192
F,F,R,COLLECT COD,Manufacturer#3,3-MEDIUM,0,FURNITURE,TRUCK,2,0.01,12,Brand#32,WRAP DRUM,12,40,0,64061.316
F,F,A,DELIVER IN PERSON,Manufacturer#2,2-HIGH,2,HOUSEHOLD,AIR,1,0.02,18,Brand#22,JUMBO JAR,28,29,2,46444.4541
O,O,N,TAKE BACK RETURN,Manufacturer#2,2-HIGH,4,MACHINERY,FOB,4,0.01,9,Brand#23,JUMBO PACK,17,10,4,14008.104
O,O,N,TAKE BACK RETURN,Manufacturer#4,2-HIGH,4,MACHINERY,SHIP,1,0,8,Brand#42,JUMBO BAG,1,42,3,69678.3528
F,F,A,DELIVER IN PERSON,Manufacturer#4,2-HIGH,0,HOUSEHOLD,REG AIR,3,0.01,8,Brand#44,WRAP BAG,4,25,3,24959.14
O,O,N,DELIVER IN PERSON,Manufacturer#2,5-LOW,4,BUILDING,AIR,3,0.01,18,Brand#22,JUMBO CAN,42,13,2,22266.53
O,O,N,NONE,Manufacturer#4,5-LOW,4,BUILDING,MAIL,2,0.05,8,Brand#42,JUMBO CASE,6,24,3,39932.0208
O,O,N,NONE,Manufacturer#4,5-LOW,4,BUILDING,RAIL,5,0.02,21,Brand#45,MED DRUM,34,50,1,74853.38
O,O,N,TAKE BACK RETURN,Manufacturer#5,5-LOW,4,BUILDING,MAIL,4,0,12,Brand#51,SM PACK,30,48,0,78063.0048
O,O,N,DELIVER IN PERSON,Manufacturer#4,4-NOT SPECIFIED,3,MACHINERY,RAIL,1,0.03,18,Brand#45,JUMBO PACK,34,33,2,29187.7245
O,O,N,COLLECT COD,Manufacturer#5,4-NOT SPECIFIED,3,MACHINERY,TRUCK,3,0.08,21,Brand#54,MED CASE,41,34,1,46231.4184
O,O,N,DELIVER IN PERSON,Manufacturer#4,4-NOT SPECIFIED,3,MACHINERY,TRUCK,4,0.03,9,Brand#41,MED PACK,2,22,4,37640.3104
O,O,N,DELIVER IN PERSON,Manufacturer#1,2-HIGH,2,BUILDING,REG AIR,1,0,12,Brand#15,LG PACK,50,46,0,77810.1408
O,O,N,NONE,Manufacturer#4,2-HIGH,2,BUILDING,TRUCK,2,0.05,9,Brand#44,LG BOX,26,47,4,69213.8356
O,O,N,TAKE BACK RETURN,Manufacturer#5,2-HIGH,2,BUILDING,REG AIR,5,0.05,12,Brand#54,MED PKG,43,41,0,63979.5611
O,O,N,DELIVER IN PERSON,Manufacturer#1,5-LOW,0,AUTOMOBILE,RAIL,4,0.05,18,Brand#11,JUMBO PACK,12,45,2,74695.878
O,O,N,TAKE BACK RETURN,Manufacturer#5,5-LOW,0,AUTOMOBILE,TRUCK,2,0.08,12,Brand#52,LG CAN,23,50,0,85938.65
O,O,N,DELIVER IN PERSON,Manufacturer#1,1-URGENT,2,BUILDING,FOB,3,0.04,18,Brand#14,WRAP JAR,41,24,2,27810.4008
O,O,N,DELIVER IN PERSON,Manufacturer#1,3-MEDIUM,2,BUILDING,RAIL,5,0.05,18,Brand#14,JUMBO PACK,7,6,2,7738.2144
O,O,N,TAKE BACK RETURN,Manufacturer#4,3-MEDIUM,2,BUILDING,FOB,4,0.03,8,Brand#42,SM JAR,47,2,3,1638
O,O,N,NONE,Manufacturer#5,3-MEDIUM,2,BUILDING,MAIL,2,0.06,18,Brand#55,LG DRUM,1,50,2,46562.88
O,O,N,NONE,Manufacturer#4,3-MEDIUM,0,BUILDING,MAIL,2,0.01,12,Brand#43,JUMBO CAN,37,47,0,52550.982
F,F,R,COLLECT COD,Manufacturer#1,4-NOT SPECIFIED,4,AUTOMOBILE,RAIL,3,0.02,21,Brand#14,SM PKG,13,36,1,34922.304
F,F,R,NONE,Manufacturer#4,4-NOT SPECIFIED,3,BUILDING,FOB,3,0.08,8,Brand#43,SM PACK,4,40,3,57051.036
F,F,A,COLLECT COD,Manufacturer#2,5-LOW,2,HOUSEHOLD,REG AIR,2,0.01,8,Brand#23,LG PKG,2,23,3,33116.0785
F,F,A,DELIVER IN PERSON,Manufacturer#2,5-LOW,2,BUILDING,TRUCK,4,0,8,Brand#21,SM PKG,10,4,3,4789.152
F,F,R,DELIVER IN PERSON,Manufacturer#1,5-LOW,2,BUILDING,MAIL,2,0.04,9,Brand#13,JUMBO JAR,50,37,4,37515.4507
F,F,A,DELIVER IN PERSON,Manufacturer#3,5-LOW,4,AUTOMOBILE,TRUCK,1,0.02,8,Brand#34,SM PACK,25,12,3,12782.8344
F,F,A,COLLECT COD,Manufacturer#5,3-MEDIUM,3,BUILDING,MAIL,2,0.07,8,Brand#53,SM DRUM,11,15,3,19078.224
F,F,R,NONE,Manufacturer#1,3-MEDIUM,3,BUILDING,TRUCK,1,0.05,12,Brand#12,MED CASE,49,38,0,50740.9744
O,O,N,DELIVER IN PERSON,Manufacturer#1,4-NOT SPECIFIED,3,MACHINERY,RAIL,1,0,21,Brand#12,SM DRUM,16,14,1,14165.172
F,F,A,TAKE BACK RETURN,Manufacturer#2,4-NOT SPECIFIED,1,AUTOMOBILE,MAIL,1,0.07,12,Brand#25,JUMBO JAR,49,47,0,55616.8437
F,F,A,TAKE BACK RETURN,Manufacturer#2,4-NOT SPECIFIED,1,AUTOMOBILE,RAIL,3,0.02,21,Brand#21,WRAP DRUM,29,26,1,32113.718
O,O,N,DELIVER IN PERSON,Manufacturer#2,3-MEDIUM,0,AUTOMOBILE,AIR,5,0.08,12,Brand#25,SM PACK,21,16,0,25728.2048
F,F,R,DELIVER IN PERSON,Manufacturer#3,5-LOW,4,MACHINERY,RAIL,7,0,21,Brand#33,LG DRUM,7,15,1,12959.829
F,F,R,NONE,Manufacturer#3,5-LOW,4,MACHINERY,RAIL,2,0.08,18,Brand#31,MED PKG,21,11,2,13787.6662
F,F,R,TAKE BACK RETURN,Manufacturer#3,5-LOW,4,MACHINERY,RAIL,3,0.04,9,Brand#33,LG CAN,16,36,4,46178.9064
O,O,N,TAKE BACK RETURN,Manufacturer#1,2-HIGH,4,FURNITURE,SHIP,1,0.04,8,Brand#13,MED PACK,47,14,3,21016.6824
O,O,N,COLLECT COD,Manufacturer#5,3-MEDIUM,1,HOUSEHOLD,TRUCK,5,0.08,18,Brand#52,MED PKG,32,13,2,13703.859
O,O,N,TAKE BACK RETURN,Manufacturer#3,3-MEDIUM,1,HOUSEHOLD,REG AIR,4,0.08,12,Brand#33,WRAP BAG,7,16,0,15900.2496
O,O,N,COLLECT COD,Manufacturer#1,3-MEDIUM,2,MACHINERY,AIR,1,0.02,18,Brand#13,JUMBO JAR,26,36,2,43697.142
O,O,N,TAKE BACK RETURN,Manufacturer#4,2-HIGH,4,BUILDING,REG AIR,1,0.01,18,Brand#44,MED DRUM,45,50,2,90345
F,F,A,NONE,Manufacturer#3,3-MEDIUM,4,BUILDING,REG AIR,1,0.07,21,Brand#32,LG PKG,36,6,1,7187.2416
F,F,R,COLLECT COD,Manufacturer#1,3-MEDIUM,4,BUILDING,FOB,6,0.03,9,Brand#12,WRAP PACK,36,1,4,1255.349
O,O,N,TAKE BACK RETURN,Manufacturer#4,2-HIGH,1,AUTOMOBILE,SHIP,6,0.06,12,Brand#41,JUMBO PACK,44,50,0,52837.33
O,O,N,NONE,Manufacturer#4,2-HIGH,1,AUTOMOBILE,SHIP,3,0,18,Brand#45,SM CAN,21,32,2,31778.208
O,O,N,DELIVER IN PERSON,Manufacturer#2,2-HIGH,1,AUTOMOBILE,FOB,2,0.06,18,Brand#25,JUMBO BOX,9,27,2,25230.0042
O,O,N,NONE,Manufacturer#2,2-HIGH,1,AUTOMOBILE,REG AIR,5,0.01,9,Brand#25,MED CAN,25,10,4,9261.392
O,O,N,COLLECT COD,Manufacturer#4,1-URGENT,1,AUTOMOBILE,FOB,3,0.01,18,Brand#43,MED JAR,42,4,2,5768.9888
O,O,N,DELIVER IN PERSON,Manufacturer#4,1-URGENT,3,FURNITURE,AIR,3,0.08,18,Brand#44,LG PACK,21,2,2,2254.44
F,F,R,DELIVER IN PERSON,Manufacturer#4,2-HIGH,2,MACHINERY,REG AIR,6,0,8,Brand#43,LG DRUM,12,47,3,51507.911
F,F,R,DELIVER IN PERSON,Manufacturer#1,2-HIGH,2,MACHINERY,MAIL,7,0.07,21,Brand#12,JUMBO PACK,21,11,1,13533.52
F,F,R,TAKE BACK RETURN,Manufacturer#3,2-HIGH,2,MACHINERY,FOB,3,0.04,9,Brand#35,SM CASE,22,18,4,28580.4792
F,F,R,TAKE BACK RETURN,Manufacturer#1,1-URGENT,3,MACHINERY,MAIL,5,0.07,8,Brand#13,LG PACK,1,47,3,62106.74
F,F,A,DELIVER IN PERSON,Manufacturer#1,1-URGENT,3,MACHINERY,AIR,6,0.04,12,Brand#12,MED BAG,48,2,0,1656.036
F,F,A,COLLECT COD,Manufacturer#5,2-HIGH,4,BUILDING,MAIL,2,0,9,Brand#52,MED BAG,4,8,4,8443.9872
O,O,N,NONE,Manufacturer#1,2-HIGH,0,BUILDING,AIR,5,0.05,18,Brand#15,JUMBO JAR,49,48,2,83063.2128
O,O,N,COLLECT COD,Manufacturer#3,2-HIGH,0,BUILDING,AIR,4,0.03,12,Brand#32,LG BOX,9,39,0,45468.189
F,F,A,DELIVER IN PERSON,Manufacturer#1,4-NOT SPECIFIED,4,BUILDING,FOB,7,0.08,8,Brand#12,WRAP PKG,39,42,3,63907.074
F,F,R,COLLECT COD,Manufacturer#1,4-NOT SPECIFIED,4,BUILDING,REG AIR,2,0.07,21,Brand#13,JUMBO BOX,8,13,1,11535.2705
F,F,A,NONE,Manufacturer#4,4-NOT SPECIFIED,4,BUILDING,AIR,3,0.01,18,Brand#44,SM JAR,27,12,2,15840.006
O,O,N,DELIVER IN PERSON,Manufacturer#3,4-NOT SPECIFIED,2,MACHINERY,SHIP,4,0,8,Brand#33,WRAP CAN,6,20,3,29968.448
O,O,N,COLLECT COD,Manufacturer#5,4-NOT SPECIFIED,4,HOUSEHOLD,SHIP,1,0,9,Brand#51,WRAP JAR,42,49,4,79461.095
O,O,N,NONE,Manufacturer#2,4-NOT SPECIFIED,4,HOUSEHOLD,REG AIR,5,0.05,18,Brand#21,WRAP DRUM,34,26,2,39102.7416
F,F,A,DELIVER IN PERSON,Manufacturer#2,3-MEDIUM,1,BUILDING,RAIL,6,0,18,Brand#21,WRAP CASE,16,31,2,26652.25
F,F,A,COLLECT COD,Manufacturer#2,3-MEDIUM,1,BUILDING,REG AIR,1,0.06,12,Brand#25,JUMBO CASE,22,32,0,41768.16
F,F,A,COLLECT COD,Manufacturer#1,3-MEDIUM,1,FURNITURE,TRUCK,3,0,9,Brand#12,JUMBO PKG,31,20,4,19643.904
F,F,A,COLLECT COD,Manufacturer#3,3-MEDIUM,1,FURNITURE,SHIP,1,0.06,18,Brand#34,JUMBO CAN,5,47,2,54119.4472
O,O,N,NONE,Manufacturer#5,5-LOW,2,AUTOMOBILE,FOB,2,0.06,18,Brand#51,JUMBO CAN,49,33,2,32019.5106
O,O,N,NONE,Manufacturer#2,5-LOW,2,AUTOMOBILE,TRUCK,1,0.04,9,Brand#25,WRAP JAR,23,34,4,33047.3268
O,P,N,TAKE BACK RETURN,Manufacturer#1,4-NOT SPECIFIED,0,HOUSEHOLD,FOB,1,0.08,21,Brand#13,SM BAG,9,20,1,20142.85
O,O,N,DELIVER IN PERSON,Manufacturer#3,1-URGENT,0,HOUSEHOLD,TRUCK,6,0.06,18,Brand#32,LG PKG,6,19,2,25810.55
O,O,N,TAKE BACK RETURN,Manufacturer#3,2-HIGH,3,FURNITURE,MAIL,3,0.06,18,Brand#34,JUMBO CAN,5,45,2,52385.904
O,O,N,TAKE BACK RETURN,Manufacturer#1,2-HIGH,3,FURNITURE,AIR,5,0.07,12,Brand#15,JUMBO DRUM,28,36,0,54253.458
O,O,N,TAKE BACK RETURN,Manufacturer#5,3-MEDIUM,4,BUILDING,SHIP,2,0,9,Brand#55,WRAP DRUM,42,37,4,63932.0595
F,F,A,TAKE BACK RETURN,Manufacturer#4,2-HIGH,1,AUTOMOBILE,RAIL,1,0.02,9,Brand#45,SM PACK,48,13,4,12272.52
F,F,A,NONE,Manufacturer#3,4-NOT SPECIFIED,4,AUTOMOBILE,AIR,1,0.05,21,Brand#32,WRAP BOX,46,33,1,34864.1172
F,F,A,TAKE BACK RETURN,Manufacturer#1,4-NOT SPECIFIED,4,AUTOMOBILE,FOB,3,0.08,18,Brand#15,SM CASE,2,3,2,4008.5724
O,O,N,DELIVER IN PERSON,Manufacturer#2,5-LOW,0,AUTOMOBILE,REG AIR,2,0,21,Brand#23,WRAP DRUM,12,15,1,14468.292
O,O,N,NONE,Manufacturer#1,3-MEDIUM,0,BUILDING,AIR,3,0,18,Brand#15,WRAP PACK,36,17,2,20263.626
O,O,N,TAKE BACK RETURN,Manufacturer#2,3-MEDIUM,0,BUILDING,RAIL,2,0.03,12,Brand#24,LG PACK,50,18,0,15545.2752
O,O,N,TAKE BACK RETURN,Manufacturer#5,3-MEDIUM,0,BUILDING,FOB,4,0.03,21,Brand#53,SM BOX,21,18,1,30307.5918
F,P,N,TAKE BACK RETURN,Manufacturer#5,3-MEDIUM,2,BUILDING,RAIL,4,0.06,8,Brand#51,WRAP CAN,50,35,3,57012.144
O,P,N,TAKE BACK RETURN,Manufacturer#1,3-MEDIUM,2,BUILDING,RAIL,1,0.03,21,Brand#11,JUMBO PACK,39,36,1,62264.2608
O,O,N,TAKE BACK RETURN,Manufacturer#2,3-MEDIUM,0,FURNITURE,MAIL,3,0.07,21,Brand#24,JUMBO BAG,25,29,1,42936.53
O,O,N,DELIVER IN PERSON,Manufacturer#4,3-MEDIUM,0,FURNITURE,TRUCK,4,0.07,18,Brand#41,SM PACK,24,48,2,62401.776
F,F,R,TAKE BACK RETURN,Manufacturer#4,2-HIGH,1,MACHINERY,FOB,2,0.05,21,Brand#41,WRAP CAN,20,10,1,17749.611
O,O,N,TAKE BACK RETURN,Manufacturer#1,4-NOT SPECIFIED,2,BUILDING,TRUCK,2,0.06,8,Brand#12,MED PACK,48,10,3,17571.213
F,F,A,NONE,Manufacturer#4,2-HIGH,0,FURNITURE,SHIP,1,0.01,12,Brand#43,MED PACK,12,47,0,70328.9576
O,O,N,TAKE BACK RETURN,Manufacturer#5,2-HIGH,2,AUTOMOBILE,REG AIR,6,0,8,Brand#54,MED JAR,46,4,3,6308.3388
O,O,N,NONE,Manufacturer#1,4-NOT SPECIFIED,0,BUILDING,AIR,3,0.05,21,Brand#15,LG CAN,6,14,1,16822.0234
O,O,N,COLLECT COD,Manufacturer#2,2-HIGH,1,AUTOMOBILE,AIR,1,0,18,Brand#21,JUMBO BAG,44,16,2,15346.0224
F,F,R,NONE,Manufacturer#3,2-HIGH,3,BUILDING,FOB,2,0.07,18,Brand#31,MED PACK,38,34,2,48873.1368
F,F,R,TAKE BACK RETURN,Manufacturer#2,2-HIGH,3,BUILDING,REG AIR,1,0.02,21,Brand#23,JUMBO BAG,44,32,1,51270.32
O,O,N,COLLECT COD,Manufacturer#2,1-URGENT,0,MACHINERY,FOB,4,0.06,12,Brand#21,SM CASE,25,37,0,49790.3265
O,O,N,DELIVER IN PERSON,Manufacturer#2,4-NOT SPECIFIED,4,FURNITURE,MAIL,2,0.03,21,Brand#24,SM DRUM,10,4,1,3495.88
O,O,N,NONE,Manufacturer#3,4-NOT SPECIFIED,4,FURNITURE,TRUCK,4,0,8,Brand#33,LG BOX,40,26,3,38551.7964
O,O,N,TAKE BACK RETURN,Manufacturer#5,4-NOT SPECIFIED,2,HOUSEHOLD,REG AIR,2,0.01,18,Brand#51,JUMBO CAN,49,24,2,21385.944
O,O,N,NONE,Manufacturer#5,2-HIGH,2,AUTOMOBILE,TRUCK,3,0.05,21,Brand#52,MED JAR,22,29,1,49785.0018
O,O,N,COLLECT COD,Manufacturer#1,2-HIGH,2,AUTOMOBILE,AIR,4,0.02,18,Brand#15,SM DRUM,22,46,2,43103.196
O,O,N,TAKE BACK RETURN,Manufacturer#4,2-HIGH,2,AUTOMOBILE,AIR,1,0.04,21,Brand#41,MED CAN,8,49,1,72023.8652
F,F,A,DELIVER IN PERSON,Manufacturer#2,3-MEDIUM,1,AUTOMOBILE,AIR,1,0.07,18,Brand#21,WRAP DRUM,35,33,2,29863.5183
F,F,A,DELIVER IN PERSON,Manufacturer#1,3-MEDIUM,3,AUTOMOBILE,REG AIR,6,0.01,21,Brand#12,JUMBO BAG,16,22,1,22814.55
F,F,R,TAKE BACK RETURN,Manufacturer#4,3-MEDIUM,3,AUTOMOBILE,SHIP,2,0.03,9,Brand#42,JUMBO JAR,15,43,4,77869.13
F,F,R,TAKE BACK RETURN,Manufacturer#2,4-NOT SPECIFIED,4,HOUSEHOLD,TRUCK,3,0.05,8,Brand#22,MED PACK,7,27,3,42516.09
O,O,N,COLLECT COD,Manufacturer#3,5-LOW,1,AUTOMOBILE,SHIP,1,0.06,18,Brand#33,MED PKG,49,50,2,60416.86
O,O,N,NONE,Manufacturer#5,1-URGENT,1,AUTOMOBILE,RAIL,4,0.04,21,Brand#51,WRAP BAG,35,32,1,45819.3888
F,F,R,NONE,Manufacturer#5,5-LOW,3,AUTOMOBILE,FOB,4,0,12,Brand#51,JUMBO BOX,48,29,0,45751.1308
F,F,R,NONE,Manufacturer#3,5-LOW,3,AUTOMOBILE,RAIL,1,0.04,12,Brand#33,LG PKG,12,19,0,24145.3482
F,F,R,COLLECT COD,Manufacturer#1,3-MEDIUM,0,MACHINERY,AIR,2,0.03,9,Brand#13,WRAP BOX,5,17,4,18287.2264
F,F,R,TAKE BACK RETURN,Manufacturer#5,5-LOW,1,AUTOMOBILE,SHIP,3,0,9,Brand#55,WRAP PACK,50,30,4,44354.856
O,O,N,NONE,Manufacturer#3,4-NOT SPECIFIED,0,HOUSEHOLD,TRUCK,2,0.01,9,Brand#31,JUMBO BOX,34,5,4,7688.499
O,O,N,TAKE BACK RETURN,Manufacturer#3,5-LOW,0,HOUSEHOLD,FOB,1,0.07,12,Brand#33,LG CAN,16,35,0,45359.006
F,F,A,DELIVER IN PERSON,Manufacturer#5,1-URGENT,4,BUILDING,MAIL,1,0,18,Brand#55,SM BOX,7,12,2,16901.412
O,O,N,COLLECT COD,Manufacturer#1,3-MEDIUM,0,FURNITURE,FOB,2,0.01,21,Brand#11,MED CASE,36,12,1,12617.208
O,O,N,DELIVER IN PERSON,Manufacturer#3,5-LOW,1,BUILDING,REG AIR,1,0,18,Brand#31,WRAP PKG,11,8,2,9954.72
F,F,R,NONE,Manufacturer#2,2-HIGH,4,MACHINERY,RAIL,5,0.02,9,Brand#24,SM CAN,14,41,4,45978.2323
O,O,N,TAKE BACK RETURN,Manufacturer#2,3-MEDIUM,1,MACHINERY,FOB,3,0.01,21,Brand#22,LG PACK,23,22,1,24759.9572
F,F,R,TAKE BACK RETURN,Manufacturer#3,4-NOT SPECIFIED,2,HOUSEHOLD,FOB,1,0.01,18,Brand#35,SM BAG,16,9,2,9930.1212
O,O,N,COLLECT COD,Manufacturer#4,5-LOW,2,AUTOMOBILE,MAIL,2,0.05,21,Brand#45,MED CASE,23,32,1,34206.688
O,O,N,DELIVER IN PERSON,Manufacturer#1,5-LOW,3,BUILDING,SHIP,1,0.07,9,Brand#15,WRAP PACK,34,4,4,6082.468
O,O,N,NONE,Manufacturer#3,5-LOW,3,BUILDING,AIR,6,0,18,Brand#33,WRAP BAG,17,31,2,48024.704
O,O,N,TAKE BACK RETURN,Manufacturer#2,5-LOW,3,BUILDING,SHIP,2,0,12,Brand#23,MED BAG,9,20,0,18909.99
F,F,A,COLLECT COD,Manufacturer#3,5-LOW,2,AUTOMOBILE,RAIL,2,0.06,12,Brand#35,LG DRUM,14,48,0,57704.0112
F,F,R,COLLECT COD,Manufacturer#1,2-HIGH,2,MACHINERY,RAIL,3,0.04,21,Brand#14,MED BOX,1,27,1,39434.85
F,F,R,DELIVER IN PERSON,Manufacturer#2,2-HIGH,2,MACHINERY,SHIP,2,0.05,8,Brand#22,WRAP JAR,23,4,3,4059.4752
F,F,A,DELIVER IN PERSON,Manufacturer#3,2-HIGH,2,MACHINERY,RAIL,7,0.07,21,Brand#35,JUMBO PKG,38,38,1,50521.589
O,O,N,DELIVER IN PERSON,Manufacturer#2,3-MEDIUM,3,BUILDING,TRUCK,4,0.01,9,Brand#21,MED JAR,8,26,4,28035.5712
O,O,N,NONE,Manufacturer#5,3-MEDIUM,3,BUILDING,AIR,6,0.02,21,Brand#54,LG CAN,49,1,1,967.4756
O,O,N,NONE,Manufacturer#5,3-MEDIUM,3,BUILDING,RAIL,1,0,9,Brand#51,JUMBO BOX,38,42,4,78585.3684
O,O,N,DELIVER IN PERSON,Manufacturer#4,1-URGENT,1,FURNITURE,TRUCK,5,0.01,21,Brand#44,LG DRUM,18,34,1,37477.9314
F,F,A,NONE,Manufacturer#4,4-NOT SPECIFIED,1,BUILDING,MAIL,2,0,8,Brand#41,MED DRUM,40,9,3,13922.361
O,O,N,DELIVER IN PERSON,Manufacturer#2,3-MEDIUM,0,BUILDING,REG AIR,5,0.04,18,Brand#22,MED CASE,49,31,2,49137.3064
O,O,N,NONE,Manufacturer#5,5-LOW,4,FURNITURE,TRUCK,2,0,8,Brand#55,WRAP PKG,27,31,3,52460.7916
O,O,N,DELIVER IN PERSON,Manufacturer#3,5-LOW,4,FURNITURE,REG AIR,7,0.03,12,Brand#35,LG DRUM,14,46,0,54741.0948
O,O,N,COLLECT COD,Manufacturer#1,5-LOW,4,FURNITURE,SHIP,3,0.03,9,Brand#12,SM JAR,23,46,4,63904.3132
O,O,N,COLLECT COD,Manufacturer#5,2-HIGH,4,BUILDING,AIR,5,0.02,8,Brand#54,SM BOX,2,46,3,79442.667
O,O,N,DELIVER IN PERSON,Manufacturer#3,2-HIGH,4,BUILDING,SHIP,3,0.06,9,Brand#33,LG CAN,14,10,4,11888.24
O,O,N,DELIVER IN PERSON,Manufacturer#3,4-NOT SPECIFIED,2,BUILDING,REG AIR,2,0.01,21,Brand#34,LG BAG,23,21,1,30306.5112
O,O,N,NONE,Manufacturer#2,4-NOT SPECIFIED,2,BUILDING,FOB,6,0,8,Brand#22,WRAP DRUM,26,11,3,17738.3712
O,O,N,NONE,Manufacturer#3,4-NOT SPECIFIED,2,BUILDING,RAIL,4,0.02,21,Brand#34,SM PACK,48,1,1,1189.28
F,F,R,COLLECT COD,Manufacturer#2,3-MEDIUM,4,FURNITURE,FOB,4,0.04,9,Brand#24,JUMBO BOX,27,18,4,29030.8536
O,P,N,NONE,Manufacturer#5,3-MEDIUM,4,HOUSEHOLD,RAIL,4,0.03,18,Brand#55,MED PKG,39,46,2,51899.9232
O,P,N,COLLECT COD,Manufacturer#3,3-MEDIUM,4,HOUSEHOLD,AIR,6,0.06,18,Brand#32,MED CASE,29,15,2,18002.8035
O,O,N,NONE,Manufacturer#5,5-LOW,0,HOUSEHOLD,FOB,2,0.07,8,Brand#51,WRAP BAG,35,5,3,7544.187
F,F,R,TAKE BACK RETURN,Manufacturer#4,5-LOW,2,FURNITURE,RAIL,5,0.04,18,Brand#43,LG BAG,26,18,2,27882.2412
F,F,R,DELIVER IN PERSON,Manufacturer#2,5-LOW,3,MACHINERY,MAIL,2,0.01,21,Brand#24,JUMBO PACK,48,44,1,58363.1928
O,O,N,DELIVER IN PERSON,Manufacturer#1,3-MEDIUM,3,FURNITURE,RAIL,5,0.02,9,Brand#13,LG PACK,1,37,4,54410.72
F,F,A,COLLECT COD,Manufacturer#1,5-LOW,2,AUTOMOBILE,MAIL,1,0.05,12,Brand#13,SM BAG,9,37,0,35302.995
F,F,R,COLLECT COD,Manufacturer#4,4-NOT SPECIFIED,1,FURNITURE,MAIL,1,0.05,12,Brand#44,JUMBO CAN,1,50,0,68996.125
F,F,A,COLLECT COD,Manufacturer#3,2-HIGH,3,BUILDING,TRUCK,1,0,21,Brand#34,SM PACK,48,20,1,22596.32
F,F,A,TAKE BACK RETURN,Manufacturer#3,2-HIGH,3,BUILDING,TRUCK,6,0.01,8,Brand#35,MED BAG,43,45,3,76731.5475
F,F,R,NONE,Manufacturer#1,2-HIGH,3,BUILDING,RAIL,5,0.02,18,Brand#15,JUMBO CAN,7,22,2,29687.68
F,F,A,NONE,Manufacturer#3,2-HIGH,3,BUILDING,REG AIR,4,0,18,Brand#31,SM JAR,2,27,2,35375.0166
F,F,A,TAKE BACK RETURN,Manufacturer#1,2-HIGH,3,BUILDING,MAIL,2,0.02,18,Brand#13,SM BOX,18,23,2,41164.963
F,F,A,NONE,Manufacturer#1,5-LOW,4,BUILDING,RAIL,6,0,18,Brand#12,JUMBO BAG,43,15,2,17600.106
O,O,N,NONE,Manufacturer#1,5-LOW,0,HOUSEHOLD,TRUCK,5,0.04,18,Brand#14,LG PKG,30,44,2,41606.7652
O,O,N,NONE,Manufacturer#5,5-LOW,0,HOUSEHOLD,TRUCK,4,0.02,8,Brand#51,MED PACK,41,15,3,14298.951
F,F,R,NONE,Manufacturer#5,5-LOW,0,MACHINERY,FOB,1,0.02,9,Brand#52,LG CASE,21,20,4,31010.76
F,P,N,DELIVER IN PERSON,Manufacturer#5,5-LOW,2,HOUSEHOLD,MAIL,4,0.06,18,Brand#51,MED JAR,11,27,2,34813.26
O,P,N,NONE,Manufacturer#4,5-LOW,2,HOUSEHOLD,REG AIR,6,0.01,12,Brand#43,WRAP CASE,24,5,0,8722.965
O,P,N,COLLECT COD,Manufacturer#1,5-LOW,2,HOUSEHOLD,AIR,3,0.04,9,Brand#13,WRAP DRUM,37,24,4,37963.9296
O,P,N,COLLECT COD,Manufacturer#2,5-LOW,2,HOUSEHOLD,REG AIR,1,0.06,8,Brand#22,WRAP BAG,9,47,3,76821.5094
O,P,N,NONE,Manufacturer#1,5-LOW,2,HOUSEHOLD,FOB,2,0.08,18,Brand#15,LG CASE,45,38,2,32684.1572
F,F,N,NONE,Manufacturer#1,4-NOT SPECIFIED,1,MACHINERY,FOB,1,0.02,21,Brand#13,MED DRUM,4,17,1,26048.0766
F,F,A,TAKE BACK RETURN,Manufacturer#3,4-NOT SPECIFIED,1,MACHINERY,FOB,2,0,21,Brand#31,WRAP JAR,8,49,1,68873.9835
F,F,A,TAKE BACK RETURN,Manufacturer#3,2-HIGH,0,AUTOMOBILE,RAIL,2,0.08,9,Brand#33,LG DRUM,46,40,4,36768.004
F,F,A,COLLECT COD,Manufacturer#1,1-URGENT,0,FURNITURE,SHIP,1,0.02,8,Brand#13,JUMBO PACK,39,48,3,59667.5904
F,F,R,COLLECT COD,Manufacturer#5,5-LOW,1,FURNITURE,REG AIR,1,0.04,8,Brand#55,SM PKG,46,10,3,17701.824
F,F,A,COLLECT COD,Manufacturer#5,1-URGENT,0,BUILDING,TRUCK,2,0.03,21,Brand#51,WRAP BAG,35,25,1,38105.8425
F,P,R,COLLECT COD,Manufacturer#2,3-MEDIUM,1,AUTOMOBILE,REG AIR,6,0.04,12,Brand#23,JUMBO BOX,47,25,0,26889.64
F,P,N,TAKE BACK RETURN,Manufacturer#4,3-MEDIUM,1,AUTOMOBILE,MAIL,5,0.04,8,Brand#42,WRAP DRUM,28,18,3,23839.578
O,O,N,COLLECT COD,Manufacturer#3,4-NOT SPECIFIED,0,MACHINERY,MAIL,2,0.05,12,Brand#31,SM DRUM,17,13,0,12375.935
O,O,N,TAKE BACK RETURN,Manufacturer#3,4-NOT SPECIFIED,0,MACHINERY,RAIL,5,0.02,18,Brand#32,LG PKG,6,9,2,11981.529
O,O,N,TAKE BACK RETURN,Manufacturer#5,5-LOW,1,BUILDING,REG AIR,2,0.02,18,Brand#51,LG BOX,48,16,2,16477.056
O,O,N,COLLECT COD,Manufacturer#5,5-LOW,1,BUILDING,AIR,6,0,21,Brand#51,LG PACK,42,14,1,24857.168
O,O,N,COLLECT COD,Manufacturer#4,5-LOW,3,AUTOMOBILE,SHIP,1,0.08,21,Brand#42,JUMBO DRUM,13,15,1,19425.2355
F,F,R,NONE,Manufacturer#5,5-LOW,3,FURNITURE,TRUCK,2,0.04,9,Brand#55,WRAP CAN,44,35,4,52283.784
F,F,A,DELIVER IN PERSON,Manufacturer#4,5-LOW,3,FURNITURE,AIR,1,0.04,12,Brand#42,MED CAN,11,19,0,22933.8018
F,F,A,DELIVER IN PERSON,Manufacturer#4,5-LOW,3,FURNITURE,RAIL,3,0.04,8,Brand#45,MED DRUM,33,6,3,8079.4692
F,F,R,NONE,Manufacturer#2,2-HIGH,3,HOUSEHOLD,FOB,2,0.08,9,Brand#25,JUMBO JAR,49,16,4,18550.9008
F,F,A,NONE,Manufacturer#3,4-NOT SPECIFIED,3,FURNITURE,AIR,1,0.02,18,Brand#31,MED PKG,24,44,2,71007.4288
F,F,A,NONE,Manufacturer#1,4-NOT SPECIFIED,3,FURNITURE,REG AIR,4,0.04,18,Brand#13,LG DRUM,22,34,2,56608.7148
O,O,N,COLLECT COD,Manufacturer#5,1-URGENT,3,MACHINERY,FOB,1,0.06,21,Brand#55,WRAP BOX,17,11,1,13219.7296
O,O,N,DELIVER IN PERSON,Manufacturer#3,5-LOW,2,FURNITURE,AIR,5,0.07,18,Brand#35,LG DRUM,39,46,2,81283.4352
O,O,N,NONE,Manufacturer#2,2-HIGH,4,FURNITURE,REG AIR,1,0.08,9,Brand#24,MED CAN,16,24,4,39347.712
F,F,R,TAKE BACK RETURN,Manufacturer#3,5-LOW,1,AUTOMOBILE,FOB,5,0.08,8,Brand#31,SM PKG,33,47,3,67187.44
F,F,R,COLLECT COD,Manufacturer#3,5-LOW,1,AUTOMOBILE,MAIL,2,0.01,8,Brand#35,JUMBO CAN,6,15,3,19386.4125
O,O,N,NONE,Manufacturer#1,5-LOW,3,MACHINERY,AIR,3,0.08,8,Brand#13,JUMBO PACK,17,28,3,48273.4672
F,F,A,TAKE BACK RETURN,Manufacturer#4,4-NOT SPECIFIED,4,AUTOMOBILE,REG AIR,1,0,18,Brand#43,JUMBO PACK,25,18,2,24881.3964
F,F,A,TAKE BACK RETURN,Manufacturer#4,4-NOT SPECIFIED,4,AUTOMOBILE,SHIP,5,0.02,18,Brand#45,WRAP DRUM,31,35,2,32288.0775
F,F,A,COLLECT COD,Manufacturer#3,2-HIGH,1,MACHINERY,SHIP,4,0,21,Brand#32,SM CASE,9,16,1,29060.9664
F,F,R,DELIVER IN PERSON,Manufacturer#5,2-HIGH,1,MACHINERY,REG AIR,1,0.06,21,Brand#51,SM PACK,14,17,1,31568.15
O,O,N,NONE,Manufacturer#4,5-LOW,2,BUILDING,AIR,5,0,12,Brand#45,SM CASE,38,34,0,48848.7248
O,O,N,NONE,Manufacturer#1,3-MEDIUM,4,BUILDING,MAIL,2,0.06,18,Brand#14,MED PACK,2,26,2,41391.519
O,O,N,COLLECT COD,Manufacturer#3,3-MEDIUM,4,BUILDING,REG AIR,5,0.02,8,Brand#33,MED DRUM,29,22,3,24677.532
O,O,N,COLLECT COD,Manufacturer#5,3-MEDIUM,4,MACHINERY,AIR,2,0.06,9,Brand#51,LG BOX,48,37,4,42336.88
F,F,A,COLLECT COD,Manufacturer#3,4-NOT SPECIFIED,0,MACHINERY,TRUCK,7,0.04,21,Brand#32,LG DRUM,43,25,1,23002.07
F,F,A,DELIVER IN PERSON,Manufacturer#1,4-NOT SPECIFIED,0,MACHINERY,FOB,2,0.05,12,Brand#11,LG PKG,12,6,0,8849.9502
F,F,R,DELIVER IN PERSON,Manufacturer#5,4-NOT SPECIFIED,0,MACHINERY,AIR,3,0.07,9,Brand#51,JUMBO BOX,38,34,4,60403.7608
O,O,N,NONE,Manufacturer#5,2-HIGH,3,BUILDING,AIR,1,0.02,9,Brand#51,JUMBO PACK,19,26,4,43921.098
O,O,N,NONE,Manufacturer#1,2-HIGH,3,BUILDING,REG AIR,2,0.07,8,Brand#15,SM PACK,24,10,3,14385.3
O,O,N,TAKE BACK RETURN,Manufacturer#4,3-MEDIUM,2,MACHINERY,AIR,3,0.07,12,Brand#42,JUMBO JAR,46,32,0,40498.7616
O,O,N,NONE,Manufacturer#1,3-MEDIUM,2,MACHINERY,REG AIR,2,0.04,8,Brand#14,JUMBO BOX,19,24,3,20611.2
O,O,N,DELIVER IN PERSON,Manufacturer#1,3-MEDIUM,2,MACHINERY,SHIP,4,0.08,8,Brand#15,LG JAR,2,31,3,43319.2419
O,O,N,TAKE BACK RETURN,Manufacturer#3,1-URGENT,0,FURNITURE,MAIL,2,0.03,9,Brand#33,JUMBO DRUM,50,39,4,70648.5312
O,O,N,TAKE BACK RETURN,Manufacturer#4,1-URGENT,0,FURNITURE,FOB,3,0.02,18,Brand#45,MED CAN,4,19,2,33219.0699
O,O,N,DELIVER IN PERSON,Manufacturer#3,1-URGENT,0,FURNITURE,SHIP,1,0,12,Brand#33,MED CASE,34,35,0,53683.917
F,F,A,NONE,Manufacturer#5,4-NOT SPECIFIED,2,MACHINERY,RAIL,2,0.03,21,Brand#54,LG DRUM,5,6,1,9818.2812
O,O,N,DELIVER IN PERSON,Manufacturer#4,4-NOT SPECIFIED,4,HOUSEHOLD,REG AIR,3,0.03,21,Brand#41,WRAP PACK,24,27,1,29587.8366
O,O,N,TAKE BACK RETURN,Manufacturer#1,2-HIGH,4,BUILDING,RAIL,3,0.05,9,Brand#12,MED JAR,42,37,4,52732.2816
O,O,N,DELIVER IN PERSON,Manufacturer#2,2-HIGH,4,BUILDING,AIR,4,0.05,12,Brand#22,LG JAR,45,17,0,20683.3152
F,F,R,TAKE BACK RETURN,Manufacturer#5,4-NOT SPECIFIED,1,BUILDING,FOB,4,0.06,12,Brand#51,LG PACK,18,32,0,40680.288
F,F,A,NONE,Manufacturer#3,1-URGENT,0,FURNITURE,AIR,1,0.07,12,Brand#33,MED PKG,24,4,0,5705.1036
F,P,A,NONE,Manufacturer#5,1-URGENT,2,HOUSEHOLD,RAIL,4,0.07,12,Brand#51,JUMBO JAR,23,17,0,22882.527
F,P,R,DELIVER IN PERSON,Manufacturer#5,1-URGENT,2,HOUSEHOLD,SHIP,5,0.08,12,Brand#51,WRAP CASE,3,26,0,27891.9056
F,F,R,DELIVER IN PERSON,Manufacturer#2,1-URGENT,4,BUILDING,SHIP,4,0.08,9,Brand#24,JUMBO BOX,27,32,4,52137.0432
O,O,N,NONE,Manufacturer#1,2-HIGH,4,BUILDING,SHIP,1,0.07,12,Brand#14,LG PACK,44,30,0,45049.38
O,O,N,TAKE BACK RETURN,Manufacturer#2,2-HIGH,4,BUILDING,RAIL,2,0.06,18,Brand#24,WRAP CAN,19,7,2,7341.2122
O,O,N,NONE,Manufacturer#3,5-LOW,0,FURNITURE,FOB,1,0.03,9,Brand#34,LG DRUM,33,29,4,52177.1306
F,F,R,TAKE BACK RETURN,Manufacturer#5,5-LOW,2,MACHINERY,MAIL,2,0.03,12,Brand#51,SM PACK,33,45,0,75125.475
O,O,N,DELIVER IN PERSON,Manufacturer#4,4-NOT SPECIFIED,3,AUTOMOBILE,TRUCK,3,0.07,18,Brand#45,MED JAR,35,7,2,11082.7171
O,O,N,COLLECT COD,Manufacturer#3,4-NOT SPECIFIED,3,AUTOMOBILE,SHIP,1,0.05,8,Brand#32,JUMBO JAR,29,2,3,2881.559
O,O,N,COLLECT COD,Manufacturer#3,4-NOT SPECIFIED,3,AUTOMOBILE,AIR,2,0.05,21,Brand#32,SM JAR,18,3,1,4119.1341
F,F,A,COLLECT COD,Manufacturer#4,3-MEDIUM,2,AUTOMOBILE,AIR,5,0,8,Brand#44,WRAP CAN,40,27,3,24339.6576
F,F,A,COLLECT COD,Manufacturer#3,3-MEDIUM,2,AUTOMOBILE,RAIL,2,0.05,18,Brand#35,WRAP PACK,7,45,2,72356.634
O,O,N,TAKE BACK RETURN,Manufacturer#5,1-URGENT,2,FURNITURE,REG AIR,4,0.08,21,Brand#52,LG JAR,14,23,1,23387.5224
O,O,N,COLLECT COD,Manufacturer#4,1-URGENT,2,FURNITURE,REG AIR,6,0.04,8,Brand#42,SM JAR,47,22,3,19619.6
O,O,N,DELIVER IN PERSON,Manufacturer#4,1-URGENT,2,FURNITURE,RAIL,1,0.06,9,Brand#43,LG PACK,44,41,4,50541.7414
F,F,A,TAKE BACK RETURN,Manufacturer#4,2-HIGH,4,BUILDING,FOB,3,0.07,21,Brand#45,SM JAR,47,33,1,38925.9684
F,F,A,NONE,Manufacturer#4,2-HIGH,4,BUILDING,REG AIR,2,0.07,21,Brand#44,SM DRUM,36,26,1,36211.7262
O,O,N,NONE,Manufacturer#5,3-MEDIUM,1,HOUSEHOLD,TRUCK,2,0.04,8,Brand#52,JUMBO JAR,16,23,3,26274.4755
O,O,N,TAKE BACK RETURN,Manufacturer#4,3-MEDIUM,1,HOUSEHOLD,AIR,1,0,21,Brand#44,JUMBO PKG,46,49,1,41013.882
F,F,R,COLLECT COD,Manufacturer#3,5-LOW,1,HOUSEHOLD,MAIL,1,0.02,12,Brand#35,LG PKG,6,32,0,42414.736
F,F,R,COLLECT COD,Manufacturer#3,5-LOW,1,HOUSEHOLD,SHIP,3,0.01,21,Brand#32,SM BOX,49,42,1,48016.08
F,F,R,COLLECT COD,Manufacturer#3,2-HIGH,2,BUILDING,TRUCK,1,0.03,12,Brand#31,SM DRUM,17,14,0,12907.048
F,F,R,COLLECT COD,Manufacturer#5,1-URGENT,1,FURNITURE,FOB,6,0.07,18,Brand#54,LG CAN,44,45,2,39721.9365
F,F,A,NONE,Manufacturer#3,1-URGENT,1,FURNITURE,SHIP,5,0.07,12,Brand#32,SM BAG,17,4,0,6702.416
F,F,R,TAKE BACK RETURN,Manufacturer#1,4-NOT SPECIFIED,4,BUILDING,TRUCK,5,0.03,18,Brand#14,LG PKG,30,14,2,13965.9072
F,F,A,NONE,Manufacturer#2,4-NOT SPECIFIED,4,BUILDING,REG AIR,3,0,18,Brand#23,LG JAR,46,22,2,25575.6006
O,O,N,NONE,Manufacturer#1,3-MEDIUM,1,AUTOMOBILE,RAIL,4,0,9,Brand#11,LG PKG,20,50,4,58621.29
O,O,N,TAKE BACK RETURN,Manufacturer#5,4-NOT SPECIFIED,0,AUTOMOBILE,RAIL,1,0.03,8,Brand#54,LG BOX,37,14,3,12257.4144
F,F,R,COLLECT COD,Manufacturer#2,1-URGENT,4,BUILDING,MAIL,4,0.05,21,Brand#21,JUMBO CAN,29,18,1,29202.1686
F,F,R,NONE,Manufacturer#1,2-HIGH,0,MACHINERY,FOB,1,0.03,18,Brand#14,JUMBO PACK,17,8,2,10830.8032
F,F,A,NONE,Manufacturer#3,5-LOW,3,AUTOMOBILE,AIR,1,0.07,9,Brand#31,LG PACK,18,14,4,22976.3744
O,O,N,TAKE BACK RETURN,Manufacturer#2,3-MEDIUM,2,AUTOMOBILE,AIR,2,0.03,9,Brand#25,WRAP CASE,21,6,4,9308.628
F,F,R,TAKE BACK RETURN,Manufacturer#1,4-NOT SPECIFIED,0,HOUSEHOLD,FOB,6,0.03,8,Brand#15,LG CASE,41,11,3,18916.5229
F,F,R,TAKE BACK RETURN,Manufacturer#2,5-LOW,0,FURNITURE,AIR,2,0.08,12,Brand#25,LG BOX,30,21,0,36070.7382
F,F,R,COLLECT COD,Manufacturer#3,5-LOW,0,FURNITURE,MAIL,3,0.04,9,Brand#33,LG CAN,1,39,4,64757.394
O,O,N,DELIVER IN PERSON,Manufacturer#3,1-URGENT,3,FURNITURE,AIR,7,0.07,21,Brand#34,SM JAR,7,17,1,27402.4224
F,F,A,DELIVER IN PERSON,Manufacturer#2,4-NOT SPECIFIED,0,AUTOMOBILE,MAIL,5,0.06,12,Brand#22,SM PACK,19,13,0,17040.9408
O,O,N,NONE,Manufacturer#1,2-HIGH,2,AUTOMOBILE,TRUCK,1,0,12,Brand#13,SM BAG,9,3,0,2926.014
O,O,N,NONE,Manufacturer#1,2-HIGH,2,AUTOMOBILE,REG AIR,5,0.04,21,Brand#11,MED BAG,20,22,1,22242.528
O,O,N,DELIVER IN PERSON,Manufacturer#5,2-HIGH,2,AUTOMOBILE,AIR,7,0.08,21,Brand#52,JUMBO CAN,43,39,1,61569.1167
O,O,N,COLLECT COD,Manufacturer#4,2-HIGH,2,AUTOMOBILE,RAIL,3,0.01,9,Brand#44,LG BOX,26,42,4,63867.531
O,O,N,TAKE BACK RETURN,Manufacturer#2,5-LOW,3,MACHINERY,AIR,1,0.05,21,Brand#24,MED PACK,50,39,1,61308.4875
O,O,N,TAKE BACK RETURN,Manufacturer#2,5-LOW,3,MACHINERY,AIR,2,0.03,21,Brand#24,LG BOX,12,47,1,84424.7558
F,F,R,DELIVER IN PERSON,Manufacturer#4,3-MEDIUM,3,BUILDING,SHIP,1,0.03,21,Brand#45,MED CASE,23,16,1,16383.2032
O,O,N,TAKE BACK RETURN,Manufacturer#1,1-URGENT,4,FURNITURE,SHIP,3,0.07,18,Brand#15,LG CASE,25,3,2,2996.9343
O,O,N,NONE,Manufacturer#5,4-NOT SPECIFIED,2,HOUSEHOLD,REG AIR,1,0.08,9,Brand#53,WRAP DRUM,46,9,4,10827.378
O,O,N,COLLECT COD,Manufacturer#4,1-URGENT,4,HOUSEHOLD,TRUCK,2,0.06,21,Brand#43,MED CAN,43,11,1,13478.454
O,O,N,COLLECT COD,Manufacturer#1,5-LOW,4,FURNITURE,REG AIR,2,0.02,8,Brand#12,WRAP PKG,40,49,3,79816.59
O,O,N,COLLECT COD,Manufacturer#5,5-LOW,4,FURNITURE,RAIL,4,0.02,8,Brand#51,LG CAN,10,29,3,33887.979
O,O,N,NONE,Manufacturer#4,5-LOW,4,FURNITURE,AIR,1,0.03,8,Brand#45,MED JAR,35,37,3,62442.4987
O,O,N,DELIVER IN PERSON,Manufacturer#2,5-LOW,2,HOUSEHOLD,REG AIR,2,0.08,21,Brand#25,WRAP CASE,50,18,1,31102.0992
O,O,N,NONE,Manufacturer#5,5-LOW,2,HOUSEHOLD,REG AIR,3,0.01,8,Brand#51,MED DRUM,9,9,3,9699.2532
F,F,R,COLLECT COD,Manufacturer#1,3-MEDIUM,1,MACHINERY,TRUCK,2,0.07,21,Brand#12,WRAP BAG,17,12,1,11686.368
F,P,N,COLLECT COD,Manufacturer#4,2-HIGH,4,MACHINERY,AIR,2,0.02,12,Brand#42,SM DRUM,45,50,0,72557.28
F,F,R,COLLECT COD,Manufacturer#2,4-NOT SPECIFIED,3,MACHINERY,REG AIR,6,0.07,21,Brand#24,WRAP PKG,14,25,1,39506.625
F,F,A,TAKE BACK RETURN,Manufacturer#5,3-MEDIUM,3,MACHINERY,AIR,7,0.03,8,Brand#55,JUMBO DRUM,2,35,3,43178.289
O,O,N,COLLECT COD,Manufacturer#2,5-LOW,0,HOUSEHOLD,TRUCK,1,0.07,21,Brand#21,SM BOX,11,47,1,57870.1224
O,O,N,TAKE BACK RETURN,Manufacturer#2,1-URGENT,4,HOUSEHOLD,AIR,2,0.03,12,Brand#22,LG JAR,45,4,0,4866.6624
O,O,N,DELIVER IN PERSON,Manufacturer#1,5-LOW,1,FURNITURE,MAIL,1,0.03,8,Brand#12,WRAP PKG,40,5,3,8506.53
O,O,N,COLLECT COD,Manufacturer#2,5-LOW,1,FURNITURE,MAIL,3,0.08,21,Brand#24,WRAP PACK,12,23,1,35281.4135
O,O,N,TAKE BACK RETURN,Manufacturer#1,5-LOW,1,FURNITURE,MAIL,4,0.01,8,Brand#12,WRAP DRUM,20,31,3,51475.748
F,F,A,DELIVER IN PERSON,Manufacturer#5,3-MEDIUM,3,MACHINERY,RAIL,1,0.07,18,Brand#55,LG DRUM,1,7,2,6382.9948
F,F,A,DELIVER IN PERSON,Manufacturer#3,2-HIGH,0,BUILDING,TRUCK,2,0.01,12,Brand#33,MED PKG,49,19,0,24206.1463
F,F,R,COLLECT COD,Manufacturer#3,2-HIGH,0,BUILDING,TRUCK,4,0.02,21,Brand#34,MED PKG,23,47,1,81980.8122
F,F,R,TAKE BACK RETURN,Manufacturer#1,2-HIGH,0,BUILDING,MAIL,3,0.07,18,Brand#13,MED CASE,47,40,2,53856.348
F,F,A,NONE,Manufacturer#4,2-HIGH,0,BUILDING,FOB,1,0.07,12,Brand#42,SM DRUM,45,23,0,33724.0191
O,O,N,COLLECT COD,Manufacturer#4,4-NOT SPECIFIED,4,MACHINERY,TRUCK,3,0.07,18,Brand#41,JUMBO JAR,37,34,2,57229.038
F,F,R,DELIVER IN PERSON,Manufacturer#4,2-HIGH,4,BUILDING,FOB,5,0,8,Brand#42,LG DRUM,48,44,3,62960.7396
F,F,A,TAKE BACK RETURN,Manufacturer#2,2-HIGH,4,BUILDING,RAIL,1,0.04,8,Brand#21,WRAP DRUM,29,37,3,45700.291
F,F,A,DELIVER IN PERSON,Manufacturer#1,2-HIGH,4,BUILDING,REG AIR,2,0.06,8,Brand#15,WRAP JAR,44,20,3,21545.964
O,O,N,TAKE BACK RETURN,Manufacturer#1,4-NOT SPECIFIED,0,BUILDING,RAIL,4,0.08,9,Brand#11,WRAP BAG,38,23,4,36947.016
O,O,N,COLLECT COD,Manufacturer#1,4-NOT SPECIFIED,0,BUILDING,RAIL,7,0.06,18,Brand#12,JUMBO DRUM,17,21,2,26438.0256
O,O,N,NONE,Manufacturer#3,2-HIGH,3,MACHINERY,MAIL,5,0.07,18,Brand#33,JUMBO JAR,3,39,2,42751.41
O,O,N,NONE,Manufacturer#1,2-HIGH,3,MACHINERY,MAIL,4,0.01,18,Brand#15,LG CASE,45,13,2,11895.13
O,O,N,COLLECT COD,Manufacturer#2,4-NOT SPECIFIED,4,BUILDING,AIR,4,0.03,12,Brand#23,MED CAN,31,2,0,2997.0668
O,O,N,NONE,Manufacturer#1,4-NOT SPECIFIED,4,BUILDING,AIR,7,0.08,12,Brand#12,SM BAG,8,31,0,46580.6
F,F,R,DELIVER IN PERSON,Manufacturer#2,4-NOT SPECIFIED,4,FURNITURE,MAIL,1,0.01,8,Brand#25,LG CASE,39,7,3,8072.736
O,O,N,DELIVER IN PERSON,Manufacturer#2,2-HIGH,0,HOUSEHOLD,AIR,1,0.05,9,Brand#22,MED CASE,38,19,4,25906.6444
F,F,A,TAKE BACK RETURN,Manufacturer#4,4-NOT SPECIFIED,1,AUTOMOBILE,REG AIR,5,0.08,12,Brand#41,MED CASE,40,25,0,26010.7625
F,F,R,COLLECT COD,Manufacturer#3,5-LOW,4,HOUSEHOLD,AIR,1,0,21,Brand#32,MED PKG,5,50,1,58117.065
F,F,A,COLLECT COD,Manufacturer#5,5-LOW,4,HOUSEHOLD,MAIL,3,0.06,18,Brand#52,LG PKG,39,20,2,22742.038
F,F,A,COLLECT COD,Manufacturer#1,5-LOW,4,HOUSEHOLD,TRUCK,4,0.02,12,Brand#11,MED BOX,25,36,0,41092.506
F,F,A,NONE,Manufacturer#4,1-URGENT,2,MACHINERY,FOB,5,0.01,21,Brand#45,WRAP CASE,18,43,1,52527.4885
F,F,A,NONE,Manufacturer#3,1-URGENT,2,MACHINERY,MAIL,2,0.05,18,Brand#32,LG JAR,31,32,2,53177.5488
F,F,A,COLLECT COD,Manufacturer#2,2-HIGH,1,MACHINERY,TRUCK,2,0.06,18,Brand#22,WRAP BAG,9,44,2,74213.2644
O,O,N,DELIVER IN PERSON,Manufacturer#4,3-MEDIUM,1,AUTOMOBILE,MAIL,3,0.01,8,Brand#43,SM JAR,11,6,3,5571.8982
F,F,R,DELIVER IN PERSON,Manufacturer#2,5-LOW,4,AUTOMOBILE,SHIP,1,0.02,18,Brand#23,MED BAG,22,49,2,48757.401
F,F,R,NONE,Manufacturer#3,5-LOW,4,AUTOMOBILE,AIR,4,0.08,18,Brand#34,WRAP JAR,2,33,2,47527.7616
F,F,A,COLLECT COD,Manufacturer#4,2-HIGH,3,BUILDING,TRUCK,1,0.08,12,Brand#43,LG BOX,16,41,0,33837.669
O,O,N,NONE,Manufacturer#2,4-NOT SPECIFIED,0,MACHINERY,REG AIR,5,0,18,Brand#25,WRAP CAN,22,23,2,39019.086
O,O,N,DELIVER IN PERSON,Manufacturer#5,4-NOT SPECIFIED,4,FURNITURE,RAIL,2,0.04,9,Brand#51,MED CAN,10,1,4,1638.4004
O,O,N,NONE,Manufacturer#2,4-NOT SPECIFIED,4,FURNITURE,REG AIR,1,0.07,9,Brand#24,JUMBO DRUM,50,28,4,43869.1232
F,F,A,NONE,Manufacturer#4,3-MEDIUM,2,HOUSEHOLD,SHIP,2,0.03,18,Brand#45,LG JAR,47,50,2,49733.05
F,F,R,DELIVER IN PERSON,Manufacturer#5,3-MEDIUM,2,HOUSEHOLD,AIR,3,0,12,Brand#54,LG CAN,35,38,0,36452.507
F,F,A,COLLECT COD,Manufacturer#4,3-MEDIUM,2,HOUSEHOLD,FOB,4,0.06,21,Brand#41,WRAP BAG,10,30,1,49915.026
O,O,N,TAKE BACK RETURN,Manufacturer#2,3-MEDIUM,2,BUILDING,TRUCK,2,0.06,18,Brand#21,MED PACK,24,19,2,19695.9795
O,O,N,TAKE BACK RETURN,Manufacturer#1,4-NOT SPECIFIED,0,BUILDING,SHIP,3,0.06,18,Brand#14,MED CASE,25,15,2,16299.201
F,F,R,NONE,Manufacturer#3,4-NOT SPECIFIED,2,AUTOMOBILE,TRUCK,3,0.06,9,Brand#35,JUMBO CASE,42,6,4,8545.4208
F,F,R,NONE,Manufacturer#2,4-NOT SPECIFIED,2,AUTOMOBILE,FOB,4,0.06,12,Brand#24,MED PACK,50,45,0,73719.1125
O,O,N,NONE,Manufacturer#5,5-LOW,1,FURNITURE,AIR,3,0.06,8,Brand#54,WRAP CAN,13,34,3,29554.823
O,O,N,DELIVER IN PERSON,Manufacturer#1,5-LOW,1,FURNITURE,RAIL,2,0.03,18,Brand#11,LG DRUM,1,12,2,15583.0704
F,F,A,NONE,Manufacturer#4,5-LOW,2,AUTOMOBILE,REG AIR,3,0.01,12,Brand#43,WRAP CASE,24,50,0,91869.525
F,F,R,DELIVER IN PERSON,Manufacturer#2,5-LOW,2,AUTOMOBILE,SHIP,2,0.07,21,Brand#23,WRAP DRUM,12,17,1,17444.04
F,F,R,COLLECT COD,Manufacturer#3,1-URGENT,3,BUILDING,SHIP,2,0.06,8,Brand#35,SM PKG,35,49,3,79758.28
F,F,R,TAKE BACK RETURN,Manufacturer#3,1-URGENT,3,BUILDING,REG AIR,3,0.06,8,Brand#35,SM PKG,35,50,3,74875.12
O,O,N,TAKE BACK RETURN,Manufacturer#4,4-NOT SPECIFIED,3,HOUSEHOLD,SHIP,3,0.06,21,Brand#41,SM JAR,26,33,1,53990.6367
O,O,N,NONE,Manufacturer#5,4-NOT SPECIFIED,3,HOUSEHOLD,SHIP,2,0.02,8,Brand#54,MED DRUM,42,30,3,47356.356
O,O,N,DELIVER IN PERSON,Manufacturer#2,4-NOT SPECIFIED,3,HOUSEHOLD,AIR,1,0.06,9,Brand#22,LG BOX,3,17,4,27967.4208
O,O,N,NONE,Manufacturer#4,5-LOW,3,BUILDING,REG AIR,2,0.08,9,Brand#42,JUMBO JAR,15,25,4,43461.84
O,O,N,TAKE BACK RETURN,Manufacturer#5,5-LOW,3,BUILDING,RAIL,6,0.05,8,Brand#54,MED CAN,9,1,3,1033.771
O,O,N,NONE,Manufacturer#3,5-LOW,3,BUILDING,TRUCK,5,0.03,18,Brand#33,SM BOX,32,33,2,50840.757
O,O,N,DELIVER IN PERSON,Manufacturer#2,3-MEDIUM,4,BUILDING,MAIL,1,0.01,18,Brand#22,MED CASE,42,25,2,24857.97
F,F,R,NONE,Manufacturer#5,2-HIGH,3,HOUSEHOLD,RAIL,1,0.02,9,Brand#55,MED CASE,31,16,4,26085.7056
O,O,N,COLLECT COD,Manufacturer#4,2-HIGH,2,HOUSEHOLD,TRUCK,5,0.05,21,Brand#43,MED JAR,13,36,1,57419.3736
O,O,N,TAKE BACK RETURN,Manufacturer#4,2-HIGH,2,HOUSEHOLD,REG AIR,2,0.07,8,Brand#44,LG JAR,6,7,3,11509.0668
O,O,N,TAKE BACK RETURN,Manufacturer#5,2-HIGH,2,HOUSEHOLD,FOB,3,0.04,18,Brand#53,MED JAR,40,33,2,47077.734
F,F,R,NONE,Manufacturer#1,2-HIGH,1,MACHINERY,AIR,2,0.05,21,Brand#11,WRAP JAR,24,35,1,58506.2205
O,O,N,NONE,Manufacturer#3,1-URGENT,2,BUILDING,RAIL,5,0.06,9,Brand#34,JUMBO CAN,36,32,4,40974.5952
O,O,N,DELIVER IN PERSON,Manufacturer#3,1-URGENT,2,BUILDING,AIR,4,0.07,9,Brand#33,LG DRUM,46,33,4,31333.6122
O,O,N,TAKE BACK RETURN,Manufacturer#2,1-URGENT,2,BUILDING,MAIL,6,0.05,9,Brand#21,MED PACK,30,45,4,65192.85
O,O,N,NONE,Manufacturer#3,3-MEDIUM,4,MACHINERY,MAIL,4,0,8,Brand#32,JUMBO CASE,40,8,3,13234.7928
F,F,A,NONE,Manufacturer#1,3-MEDIUM,4,HOUSEHOLD,FOB,4,0.03,18,Brand#12,SM DRUM,47,5,2,6256.296
F,F,R,NONE,Manufacturer#5,3-MEDIUM,4,HOUSEHOLD,FOB,3,0.01,9,Brand#52,WRAP BAG,4,38,4,58962.7
O,O,N,TAKE BACK RETURN,Manufacturer#5,3-MEDIUM,0,AUTOMOBILE,TRUCK,2,0.04,9,Brand#53,LG PACK,11,24,4,26498.6904
O,O,N,COLLECT COD,Manufacturer#5,3-MEDIUM,0,AUTOMOBILE,SHIP,4,0.01,8,Brand#53,LG DRUM,35,48,3,43859.088
O,O,N,TAKE BACK RETURN,Manufacturer#5,3-MEDIUM,0,AUTOMOBILE,FOB,3,0.01,12,Brand#55,WRAP DRUM,9,42,0,70171.92
O,O,N,TAKE BACK RETURN,Manufacturer#2,3-MEDIUM,0,AUTOMOBILE,MAIL,1,0.01,8,Brand#25,JUMBO CASE,1,37,3,57318.9792
O,O,N,NONE,Manufacturer#1,3-MEDIUM,3,MACHINERY,MAIL,1,0.05,18,Brand#11,JUMBO BOX,48,23,2,30795.2865
O,O,N,COLLECT COD,Manufacturer#5,3-MEDIUM,3,MACHINERY,RAIL,3,0.06,8,Brand#53,MED BOX,12,39,3,36134.748
F,F,A,NONE,Manufacturer#1,2-HIGH,1,FURNITURE,REG AIR,2,0.02,21,Brand#14,WRAP PKG,33,28,1,33807.6816
F,F,A,DELIVER IN PERSON,Manufacturer#3,1-URGENT,1,HOUSEHOLD,AIR,1,0.06,18,Brand#31,JUMBO BOX,24,3,2,4771.6143
F,F,R,DELIVER IN PERSON,Manufacturer#1,1-URGENT,1,HOUSEHOLD,RAIL,3,0.08,18,Brand#12,JUMBO DRUM,17,22,2,27696.9792
F,F,A,DELIVER IN PERSON,Manufacturer#2,4-NOT SPECIFIED,1,MACHINERY,RAIL,2,0.04,8,Brand#23,WRAP PACK,41,38,3,39646.35
F,F,A,COLLECT COD,Manufacturer#5,4-NOT SPECIFIED,0,HOUSEHOLD,TRUCK,5,0,21,Brand#54,LG BOX,4,28,1,46530.0752
F,F,A,TAKE BACK RETURN,Manufacturer#5,4-NOT SPECIFIED,0,HOUSEHOLD,TRUCK,6,0.08,21,Brand#52,MED PKG,32,20,1,22254.13
F,F,R,COLLECT COD,Manufacturer#1,4-NOT SPECIFIED,0,HOUSEHOLD,REG AIR,3,0.04,21,Brand#15,JUMBO JAR,3,50,1,58382.55
F,F,A,NONE,Manufacturer#1,5-LOW,1,BUILDING,TRUCK,3,0.07,18,Brand#12,SM DRUM,8,49,2,55081.684
F,F,R,TAKE BACK RETURN,Manufacturer#3,2-HIGH,0,HOUSEHOLD,FOB,1,0.07,8,Brand#35,MED CASE,27,13,3,14717.2896
F,F,A,NONE,Manufacturer#2,5-LOW,4,HOUSEHOLD,MAIL,1,0.05,21,Brand#23,JUMBO PACK,2,17,1,21114.2176
F,F,R,NONE,Manufacturer#2,5-LOW,4,HOUSEHOLD,AIR,2,0.02,12,Brand#24,MED PKG,4,16,0,20934.4
O,O,N,COLLECT COD,Manufacturer#3,1-URGENT,2,MACHINERY,TRUCK,1,0.06,21,Brand#32,LG CAN,1,8,1,8574.6048
O,O,N,NONE,Manufacturer#1,2-HIGH,3,HOUSEHOLD,MAIL,4,0.08,18,Brand#13,WRAP PKG,43,22,2,29224.2764
F,F,A,TAKE BACK RETURN,Manufacturer#4,3-MEDIUM,1,MACHINERY,AIR,4,0.05,21,Brand#44,MED CASE,40,28,1,33363.512
F,F,R,DELIVER IN PERSON,Manufacturer#3,3-MEDIUM,1,MACHINERY,AIR,1,0.05,8,Brand#33,SM BAG,30,10,3,18061.012
F,F,A,DELIVER IN PERSON,Manufacturer#1,3-MEDIUM,1,MACHINERY,RAIL,5,0.08,21,Brand#12,LG CASE,17,2,1,2124.8766
O,O,N,NONE,Manufacturer#3,3-MEDIUM,1,AUTOMOBILE,SHIP,1,0.04,18,Brand#31,WRAP DRUM,29,31,2,38999.7608
O,O,N,TAKE BACK RETURN,Manufacturer#5,3-MEDIUM,1,AUTOMOBILE,RAIL,2,0,8,Brand#55,SM CAN,14,45,3,68824.665
O,O,N,COLLECT COD,Manufacturer#3,2-HIGH,0,FURNITURE,AIR,2,0,9,Brand#33,LG CASE,35,38,4,41365.0292
F,F,A,DELIVER IN PERSON,Manufacturer#1,5-LOW,4,HOUSEHOLD,TRUCK,1,0.02,9,Brand#14,LG CAN,41,45,4,58933.728
F,F,R,DELIVER IN PERSON,Manufacturer#3,5-LOW,4,HOUSEHOLD,SHIP,5,0.02,8,Brand#35,LG DRUM,19,9,3,11334.15
F,F,A,DELIVER IN PERSON,Manufacturer#4,5-LOW,4,HOUSEHOLD,REG AIR,7,0.03,21,Brand#43,LG DRUM,19,8,1,7228.6368
F,F,R,COLLECT COD,Manufacturer#3,5-LOW,4,HOUSEHOLD,AIR,2,0.06,8,Brand#33,SM CAN,23,47,3,79464.5215
F,F,A,COLLECT COD,Manufacturer#5,1-URGENT,1,AUTOMOBILE,FOB,6,0.02,9,Brand#54,MED CAN,9,48,4,48576.3552
O,O,N,DELIVER IN PERSON,Manufacturer#1,3-MEDIUM,0,BUILDING,FOB,6,0.03,21,Brand#12,JUMBO DRUM,12,41,1,39485.46
O,O,N,TAKE BACK RETURN,Manufacturer#1,3-MEDIUM,0,BUILDING,AIR,4,0,18,Brand#15,JUMBO CAN,18,6,2,8926.3152
O,O,N,TAKE BACK RETURN,Manufacturer#1,3-MEDIUM,0,BUILDING,REG AIR,3,0.01,12,Brand#15,WRAP JAR,44,49,0,51721.1954
F,F,A,TAKE BACK RETURN,Manufacturer#4,3-MEDIUM,4,HOUSEHOLD,TRUCK,4,0.07,8,Brand#45,SM CAN,21,14,3,12919.928
F,F,A,TAKE BACK RETURN,Manufacturer#5,2-HIGH,2,MACHINERY,FOB,5,0.02,18,Brand#52,LG PKG,39,19,2,21827.6674
F,F,R,NONE,Manufacturer#4,1-URGENT,3,MACHINERY,FOB,6,0.02,12,Brand#45,MED PKG,8,4,0,5183.7828
O,O,N,COLLECT COD,Manufacturer#3,3-MEDIUM,2,HOUSEHOLD,REG AIR,4,0.06,9,Brand#33,LG DRUM,46,39,4,39394.29
F,F,A,DELIVER IN PERSON,Manufacturer#1,5-LOW,0,AUTOMOBILE,REG AIR,5,0.01,8,Brand#15,SM DRUM,20,27,3,40945.0464
F,F,A,NONE,Manufacturer#4,5-LOW,0,AUTOMOBILE,SHIP,6,0.02,18,Brand#42,WRAP JAR,2,44,2,70657.8048
O,O,N,NONE,Manufacturer#5,1-URGENT,4,BUILDING,AIR,6,0.04,21,Brand#51,SM PACK,14,47,1,78548.985
O,O,N,NONE,Manufacturer#3,1-URGENT,4,BUILDING,AIR,1,0.03,8,Brand#32,LG BOX,44,40,3,61252.396
O,O,N,TAKE BACK RETURN,Manufacturer#4,1-URGENT,4,BUILDING,REG AIR,2,0.02,21,Brand#44,SM BAG,23,18,1,33215.7672
O,O,N,NONE,Manufacturer#1,1-URGENT,3,BUILDING,REG AIR,4,0.02,21,Brand#12,SM PKG,3,9,1,8669.6757
O,O,N,NONE,Manufacturer#1,1-URGENT,3,BUILDING,FOB,7,0.07,9,Brand#12,MED PACK,24,24,4,26936.0448
F,F,R,NONE,Manufacturer#4,2-HIGH,4,BUILDING,TRUCK,2,0.04,9,Brand#45,WRAP PKG,15,27,4,26947.2987
O,O,N,NONE,Manufacturer#5,4-NOT SPECIFIED,1,BUILDING,RAIL,1,0,21,Brand#53,JUMBO JAR,28,1,1,1127.4483
O,O,N,TAKE BACK RETURN,Manufacturer#5,4-NOT SPECIFIED,1,BUILDING,MAIL,3,0.07,8,Brand#52,LG BAG,32,34,3,34732.887
O,O,N,TAKE BACK RETURN,Manufacturer#1,4-NOT SPECIFIED,1,BUILDING,TRUCK,2,0.08,9,Brand#12,JUMBO JAR,19,11,4,12438.5305
O,O,N,TAKE BACK RETURN,Manufacturer#5,4-NOT SPECIFIED,1,BUILDING,AIR,4,0.08,9,Brand#52,SM DRUM,32,41,4,72537.2984
F,F,R,NONE,Manufacturer#5,2-HIGH,2,FURNITURE,TRUCK,5,0.02,8,Brand#51,WRAP CAN,50,7,3,11402.4288
F,F,R,COLLECT COD,Manufacturer#4,2-HIGH,2,FURNITURE,TRUCK,6,0.04,9,Brand#43,JUMBO CAN,2,19,4,34464.29
F,F,A,TAKE BACK RETURN,Manufacturer#3,2-HIGH,2,FURNITURE,RAIL,2,0,18,Brand#35,SM PACK,29,24,2,25925.0688
O,O,N,NONE,Manufacturer#1,5-LOW,2,MACHINERY,MAIL,4,0.03,8,Brand#12,WRAP DRUM,20,44,3,75444.82
F,F,R,COLLECT COD,Manufacturer#5,3-MEDIUM,2,MACHINERY,REG AIR,5,0.01,18,Brand#51,MED PKG,47,28,2,45555.9552
F,F,R,DELIVER IN PERSON,Manufacturer#5,3-MEDIUM,2,MACHINERY,MAIL,4,0.02,21,Brand#51,SM CAN,15,11,1,17586.1686
F,F,R,TAKE BACK RETURN,Manufacturer#3,3-MEDIUM,2,MACHINERY,TRUCK,2,0.01,21,Brand#33,LG BAG,4,36,1,33483.348
O,O,N,NONE,Manufacturer#1,1-URGENT,0,BUILDING,FOB,1,0.06,21,Brand#11,MED CASE,36,22,1,23645.5824
O,O,N,TAKE BACK RETURN,Manufacturer#3,1-URGENT,0,BUILDING,RAIL,4,0.05,18,Brand#33,SM PKG,7,21,2,22704.5952
F,F,R,TAKE BACK RETURN,Manufacturer#3,3-MEDIUM,1,FURNITURE,MAIL,1,0.07,12,Brand#32,LG PKG,11,44,0,52518.6816
O,O,N,DELIVER IN PERSON,Manufacturer#4,1-URGENT,4,AUTOMOBILE,REG AIR,2,0.08,18,Brand#44,SM CAN,11,42,2,71177.0598
O,O,N,TAKE BACK RETURN,Manufacturer#3,2-HIGH,0,FURNITURE,MAIL,1,0,18,Brand#34,WRAP JAR,43,32,2,38101.84
O,O,N,COLLECT COD,Manufacturer#4,4-NOT SPECIFIED,0,MACHINERY,SHIP,7,0.04,12,Brand#42,LG BOX,17,10,0,8649.279
O,O,N,TAKE BACK RETURN,Manufacturer#5,4-NOT SPECIFIED,0,MACHINERY,TRUCK,6,0.02,12,Brand#51,WRAP BAG,19,43,0,62853.7536
O,O,N,NONE,Manufacturer#1,3-MEDIUM,2,BUILDING,RAIL,1,0.03,18,Brand#14,JUMBO JAR,37,46,2,44964.7562
F,F,R,NONE,Manufacturer#5,4-NOT SPECIFIED,0,AUTOMOBILE,REG AIR,5,0.07,18,Brand#51,MED CASE,40,45,2,75463.488
F,F,R,NONE,Manufacturer#5,5-LOW,2,MACHINERY,TRUCK,1,0.02,12,Brand#51,SM CAN,8,19,0,27576.8622
F,F,A,NONE,Manufacturer#1,4-NOT SPECIFIED,4,FURNITURE,TRUCK,4,0.04,9,Brand#13,WRAP CASE,24,17,4,17154.7
O,O,N,TAKE BACK RETURN,Manufacturer#3,3-MEDIUM,1,MACHINERY,FOB,1,0.01,18,Brand#31,WRAP PKG,40,49,2,45188.7408
O,O,N,COLLECT COD,Manufacturer#1,2-HIGH,0,MACHINERY,REG AIR,4,0.07,12,Brand#13,WRAP CASE,24,27,0,25610.958
F,F,A,DELIVER IN PERSON,Manufacturer#3,4-NOT SPECIFIED,0,MACHINERY,AIR,1,0.02,18,Brand#35,JUMBO JAR,28,47,2,71912.6696
O,O,N,NONE,Manufacturer#2,4-NOT SPECIFIED,1,HOUSEHOLD,FOB,1,0.06,9,Brand#24,LG PKG,42,44,4,63229.518
F,F,R,DELIVER IN PERSON,Manufacturer#4,5-LOW,0,FURNITURE,FOB,6,0.03,9,Brand#41,SM JAR,38,8,4,8214.0696
F,F,A,COLLECT COD,Manufacturer#1,1-URGENT,0,HOUSEHOLD,RAIL,3,0.07,21,Brand#12,SM BAG,11,21,1,26686.9239
F,F,A,COLLECT COD,Manufacturer#3,4-NOT SPECIFIED,1,AUTOMOBILE,TRUCK,1,0.06,9,Brand#35,MED BAG,44,47,4,77956.362
O,O,N,NONE,Manufacturer#3,1-URGENT,2,BUILDING,MAIL,2,0.08,8,Brand#35,WRAP CASE,1,32,3,35703.4496
O,O,N,NONE,Manufacturer#3,3-MEDIUM,4,BUILDING,FOB,1,0.05,8,Brand#32,LG JAR,31,39,3,64810.1376
F,F,A,NONE,Manufacturer#1,1-URGENT,0,BUILDING,SHIP,2,0.01,21,Brand#11,JUMBO PKG,29,13,1,12932.179
O,O,N,DELIVER IN PERSON,Manufacturer#4,1-URGENT,4,MACHINERY,AIR,5,0.01,21,Brand#43,WRAP CASE,44,12,1,16765.4544
O,O,N,DELIVER IN PERSON,Manufacturer#5,1-URGENT,4,AUTOMOBILE,TRUCK,1,0,8,Brand#55,WRAP DRUM,9,42,3,70171.92
O,O,N,NONE,Manufacturer#3,1-URGENT,4,AUTOMOBILE,MAIL,2,0.06,18,Brand#31,WRAP JAR,4,35,2,56984.1825
F,F,A,TAKE BACK RETURN,Manufacturer#3,4-NOT SPECIFIED,4,AUTOMOBILE,REG AIR,2,0.07,18,Brand#32,LG PKG,6,12,2,14997.288
F,F,R,NONE,Manufacturer#5,4-NOT SPECIFIED,4,AUTOMOBILE,TRUCK,6,0.01,21,Brand#54,MED BAG,31,17,1,28688.112
F,F,R,DELIVER IN PERSON,Manufacturer#1,4-NOT SPECIFIED,4,AUTOMOBILE,REG AIR,3,0.08,12,Brand#12,JUMBO DRUM,33,8,0,12025.2064
F,F,R,DELIVER IN PERSON,Manufacturer#4,4-NOT SPECIFIED,4,AUTOMOBILE,FOB,1,0.03,21,Brand#41,MED BOX,46,24,1,34916.7456
O,O,N,NONE,Manufacturer#1,5-LOW,0,MACHINERY,MAIL,5,0.01,8,Brand#11,SM JAR,35,4,3,5812.956
O,O,N,COLLECT COD,Manufacturer#3,5-LOW,0,MACHINERY,RAIL,3,0.07,9,Brand#35,SM CAN,39,1,4,1112.21
O,O,N,TAKE BACK RETURN,Manufacturer#3,5-LOW,0,MACHINERY,MAIL,2,0,8,Brand#31,LG JAR,44,45,3,57358.872
F,F,R,NONE,Manufacturer#5,4-NOT SPECIFIED,1,HOUSEHOLD,AIR,4,0,18,Brand#52,WRAP PACK,43,39,2,53029.4856
F,F,R,NONE,Manufacturer#4,4-NOT SPECIFIED,4,HOUSEHOLD,REG AIR,3,0.06,12,Brand#42,WRAP PKG,38,42,0,61978.7322
F,F,A,TAKE BACK RETURN,Manufacturer#2,3-MEDIUM,4,AUTOMOBILE,SHIP,3,0.05,8,Brand#24,JUMBO PACK,39,47,3,53819.6295
F,F,A,DELIVER IN PERSON,Manufacturer#2,3-MEDIUM,4,AUTOMOBILE,RAIL,5,0.08,12,Brand#22,LG BOX,9,2,0,2854.9868
F,F,A,DELIVER IN PERSON,Manufacturer#5,1-URGENT,0,BUILDING,SHIP,2,0.05,9,Brand#52,SM PACK,34,29,4,42106.8864
F,F,A,TAKE BACK RETURN,Manufacturer#2,1-URGENT,0,BUILDING,AIR,5,0.05,21,Brand#21,LG CAN,15,10,1,14434.922
F,F,R,DELIVER IN PERSON,Manufacturer#5,1-URGENT,0,BUILDING,AIR,3,0.03,9,Brand#55,LG JAR,38,22,4,29288.5098
F,F,R,NONE,Manufacturer#1,1-URGENT,0,BUILDING,RAIL,1,0.05,18,Brand#11,LG CASE,39,43,2,60250.224
O,O,N,COLLECT COD,Manufacturer#3,2-HIGH,2,FURNITURE,SHIP,2,0.05,8,Brand#35,WRAP DRUM,43,12,3,16756.1292
O,O,N,TAKE BACK RETURN,Manufacturer#4,4-NOT SPECIFIED,3,MACHINERY,FOB,4,0.04,18,Brand#43,JUMBO CAN,37,44,2,50289.9232
O,O,N,TAKE BACK RETURN,Manufacturer#4,5-LOW,3,HOUSEHOLD,MAIL,1,0,12,Brand#41,LG BAG,30,19,0,19264.6909
O,O,N,NONE,Manufacturer#5,5-LOW,3,HOUSEHOLD,SHIP,3,0.07,8,Brand#55,LG CASE,26,18,3,33162.3072
O,O,N,TAKE BACK RETURN,Manufacturer#5,3-MEDIUM,3,BUILDING,FOB,1,0.06,8,Brand#54,WRAP CASE,46,22,3,29156.3272
O,O,N,COLLECT COD,Manufacturer#5,3-MEDIUM,3,BUILDING,RAIL,2,0.04,18,Brand#52,WRAP CASE,36,43,2,74016.5235
O,O,N,COLLECT COD,Manufacturer#3,3-MEDIUM,3,BUILDING,FOB,4,0.04,9,Brand#31,JUMBO BOX,34,8,4,12166.416
O,O,N,COLLECT COD,Manufacturer#2,3-MEDIUM,1,BUILDING,FOB,3,0.06,12,Brand#22,MED JAR,8,46,0,52665.1608
O,O,N,TAKE BACK RETURN,Manufacturer#3,3-MEDIUM,1,BUILDING,REG AIR,1,0,18,Brand#31,MED PACK,20,50,2,85337.76
O,O,N,COLLECT COD,Manufacturer#5,3-MEDIUM,1,BUILDING,RAIL,5,0.02,9,Brand#53,WRAP DRUM,46,50,4,60152.1
F,F,A,NONE,Manufacturer#2,3-MEDIUM,2,BUILDING,SHIP,1,0.04,21,Brand#21,MED PKG,20,19,1,25626.5464
O,O,N,DELIVER IN PERSON,Manufacturer#4,2-HIGH,3,AUTOMOBILE,MAIL,1,0,9,Brand#45,MED DRUM,34,33,4,46378.5432
O,O,N,COLLECT COD,Manufacturer#3,2-HIGH,3,AUTOMOBILE,RAIL,3,0.06,18,Brand#32,SM DRUM,32,27,2,35056.53
O,O,N,DELIVER IN PERSON,Manufacturer#4,5-LOW,4,AUTOMOBILE,AIR,1,0.07,9,Brand#45,SM PACK,48,45,4,38658.438
O,O,N,DELIVER IN PERSON,Manufacturer#3,3-MEDIUM,3,AUTOMOBILE,AIR,6,0.07,9,Brand#34,MED BAG,32,24,4,20981.4696
O,O,N,COLLECT COD,Manufacturer#5,3-MEDIUM,3,AUTOMOBILE,SHIP,3,0.04,9,Brand#54,MED CAN,9,8,4,8183.1136
O,O,N,NONE,Manufacturer#3,2-HIGH,2,FURNITURE,SHIP,5,0.06,12,Brand#34,LG CASE,20,6,0,7471.044
O,O,N,TAKE BACK RETURN,Manufacturer#2,2-HIGH,2,FURNITURE,AIR,2,0.04,18,Brand#24,JUMBO CAN,29,45,2,62580.654
O,O,N,TAKE BACK RETURN,Manufacturer#3,2-HIGH,2,FURNITURE,TRUCK,3,0.08,21,Brand#34,WRAP PACK,30,45,1,75815.1
O,O,N,COLLECT COD,Manufacturer#3,5-LOW,1,BUILDING,RAIL,1,0.05,18,Brand#31,MED PKG,21,50,2,64671.355
O,O,N,NONE,Manufacturer#1,5-LOW,3,HOUSEHOLD,TRUCK,2,0.07,21,Brand#12,WRAP PACK,36,3,1,3607.4766
O,O,N,TAKE BACK RETURN,Manufacturer#4,5-LOW,3,HOUSEHOLD,FOB,1,0.03,21,Brand#42,WRAP BOX,1,42,1,66583.524
F,F,A,DELIVER IN PERSON,Manufacturer#5,4-NOT SPECIFIED,2,FURNITURE,TRUCK,1,0.05,18,Brand#52,WRAP CASE,32,35,2,40531.68
O,O,N,DELIVER IN PERSON,Manufacturer#4,1-URGENT,4,HOUSEHOLD,AIR,1,0.03,18,Brand#42,MED PKG,40,28,2,39045.72
O,O,N,NONE,Manufacturer#5,1-URGENT,0,BUILDING,TRUCK,2,0.03,12,Brand#55,JUMBO DRUM,24,5,0,6787.25
O,O,N,NONE,Manufacturer#3,3-MEDIUM,0,AUTOMOBILE,TRUCK,5,0.01,21,Brand#34,LG DRUM,47,20,1,18952.28
O,O,N,DELIVER IN PERSON,Manufacturer#3,3-MEDIUM,0,AUTOMOBILE,FOB,1,0.07,18,Brand#34,SM PKG,9,1,2,907.7451
F,F,R,NONE,Manufacturer#1,5-LOW,0,HOUSEHOLD,MAIL,2,0.02,18,Brand#13,MED JAR,17,4,2,7302.0024
F,F,R,DELIVER IN PERSON,Manufacturer#4,5-LOW,0,HOUSEHOLD,RAIL,4,0.03,21,Brand#44,LG CASE,37,45,1,65476.755
O,O,N,NONE,Manufacturer#1,3-MEDIUM,0,AUTOMOBILE,RAIL,5,0.01,18,Brand#12,JUMBO DRUM,17,21,2,26988.8178
O,O,N,COLLECT COD,Manufacturer#4,3-MEDIUM,0,AUTOMOBILE,TRUCK,2,0.07,21,Brand#44,LG BOX,26,18,1,26795.5506
O,O,N,TAKE BACK RETURN,Manufacturer#1,3-MEDIUM,0,AUTOMOBILE,REG AIR,1,0.01,12,Brand#14,LG PACK,44,25,0,38331.49
O,O,N,NONE,Manufacturer#5,2-HIGH,2,HOUSEHOLD,FOB,6,0.03,21,Brand#55,JUMBO CAN,16,6,1,11095.6824
O,O,N,TAKE BACK RETURN,Manufacturer#1,3-MEDIUM,3,HOUSEHOLD,MAIL,5,0.08,21,Brand#12,JUMBO DRUM,12,34,1,32089.1592
O,O,N,TAKE BACK RETURN,Manufacturer#1,4-NOT SPECIFIED,4,BUILDING,MAIL,5,0.06,12,Brand#14,JUMBO PACK,42,46,0,61752.24
O,O,N,COLLECT COD,Manufacturer#3,4-NOT SPECIFIED,4,BUILDING,MAIL,4,0.08,8,Brand#31,JUMBO CAN,11,33,3,35354.8206
O,O,N,NONE,Manufacturer#1,4-NOT SPECIFIED,4,BUILDING,FOB,2,0.01,9,Brand#15,JUMBO CAN,18,18,4,27918.4752
O,O,N,DELIVER IN PERSON,Manufacturer#3,5-LOW,2,AUTOMOBILE,SHIP,6,0,9,Brand#31,JUMBO BOX,34,45,4,76040.1
O,O,N,COLLECT COD,Manufacturer#1,5-LOW,2,AUTOMOBILE,SHIP,2,0.08,21,Brand#11,LG JAR,30,32,1,46252.032
O,O,N,TAKE BACK RETURN,Manufacturer#5,5-LOW,2,AUTOMOBILE,FOB,1,0.06,12,Brand#55,WRAP DRUM,9,18,0,29171.4696
O,O,N,TAKE BACK RETURN,Manufacturer#2,5-LOW,0,HOUSEHOLD,REG AIR,1,0.05,8,Brand#21,MED JAR,8,33,3,35583.6096
O,O,N,DELIVER IN PERSON,Manufacturer#3,1-URGENT,1,BUILDING,AIR,3,0.04,12,Brand#32,JUMBO JAR,26,44,0,41405.496
O,O,N,NONE,Manufacturer#1,1-URGENT,1,BUILDING,REG AIR,5,0.02,8,Brand#11,MED BAG,49,28,3,49856.0104
O,O,N,COLLECT COD,Manufacturer#4,1-URGENT,1,BUILDING,RAIL,1,0,21,Brand#41,MED PACK,19,30,1,41978.34
O,O,N,NONE,Manufacturer#5,1-URGENT,1,BUILDING,RAIL,6,0.03,8,Brand#52,WRAP CAN,4,46,3,73919.0284
O,O,N,TAKE BACK RETURN,Manufacturer#1,1-URGENT,1,BUILDING,SHIP,2,0.06,8,Brand#12,SM PACK,36,47,3,87329.2994
F,F,R,NONE,Manufacturer#1,4-NOT SPECIFIED,2,AUTOMOBILE,FOB,1,0.08,18,Brand#15,LG CASE,41,28,2,37083.564
F,F,A,TAKE BACK RETURN,Manufacturer#1,3-MEDIUM,0,MACHINERY,TRUCK,5,0.05,8,Brand#12,JUMBO DRUM,33,8,3,12397.12
F,F,A,TAKE BACK RETURN,Manufacturer#1,3-MEDIUM,0,MACHINERY,AIR,3,0.08,12,Brand#15,MED CASE,8,25,0,24867.14
F,F,A,TAKE BACK RETURN,Manufacturer#2,3-MEDIUM,0,MACHINERY,TRUCK,7,0.02,8,Brand#21,SM BAG,13,6,3,9688.4484
F,F,R,TAKE BACK RETURN,Manufacturer#4,4-NOT SPECIFIED,4,AUTOMOBILE,SHIP,1,0.03,9,Brand#44,MED DRUM,41,5,4,8311.74
F,F,A,TAKE BACK RETURN,Manufacturer#2,4-NOT SPECIFIED,4,AUTOMOBILE,RAIL,4,0.02,18,Brand#25,SM CAN,1,9,2,11319.669
F,F,A,TAKE BACK RETURN,Manufacturer#5,4-NOT SPECIFIED,4,AUTOMOBILE,RAIL,3,0.03,21,Brand#54,JUMBO DRUM,18,35,1,56584.85
O,O,N,NONE,Manufacturer#1,1-URGENT,1,MACHINERY,FOB,2,0.05,9,Brand#12,JUMBO BAG,16,16,4,18436
O,O,N,NONE,Manufacturer#2,3-MEDIUM,4,AUTOMOBILE,FOB,1,0.02,8,Brand#21,LG BOX,19,18,3,28990.8342
O,O,N,NONE,Manufacturer#3,1-URGENT,3,AUTOMOBILE,RAIL,2,0.03,21,Brand#32,JUMBO JAR,26,20,1,19821.78
F,F,R,DELIVER IN PERSON,Manufacturer#4,4-NOT SPECIFIED,2,BUILDING,AIR,2,0.02,21,Brand#43,JUMBO BAG,47,36,1,61165.2816
F,F,R,COLLECT COD,Manufacturer#3,2-HIGH,2,FURNITURE,AIR,2,0,18,Brand#31,MED CAN,44,23,2,33445.197
F,F,A,TAKE BACK RETURN,Manufacturer#3,2-HIGH,2,FURNITURE,MAIL,4,0.02,9,Brand#31,MED PACK,38,3,4,4590.5508
O,O,N,NONE,Manufacturer#1,5-LOW,4,BUILDING,RAIL,1,0.08,9,Brand#15,MED CASE,17,43,4,64927.8715
F,F,A,COLLECT COD,Manufacturer#3,3-MEDIUM,0,AUTOMOBILE,AIR,2,0.07,8,Brand#34,LG CAN,35,41,3,46200.7557
O,O,N,DELIVER IN PERSON,Manufacturer#4,4-NOT SPECIFIED,4,BUILDING,AIR,2,0.07,8,Brand#44,LG CAN,36,3,3,2879.0664
O,O,N,NONE,Manufacturer#1,5-LOW,1,FURNITURE,TRUCK,4,0.02,12,Brand#14,WRAP BAG,13,15,0,26870.424
O,O,N,TAKE BACK RETURN,Manufacturer#4,4-NOT SPECIFIED,1,BUILDING,TRUCK,3,0.08,12,Brand#43,WRAP BAG,9,14,0,11907.504
F,F,R,COLLECT COD,Manufacturer#1,2-HIGH,3,HOUSEHOLD,MAIL,3,0.02,9,Brand#15,JUMBO CASE,3,4,4,4587.74
F,F,A,NONE,Manufacturer#4,1-URGENT,3,AUTOMOBILE,RAIL,1,0.08,8,Brand#41,MED CAN,8,38,3,55855.2424
F,F,R,DELIVER IN PERSON,Manufacturer#4,1-URGENT,2,AUTOMOBILE,TRUCK,1,0.06,21,Brand#43,LG BOX,16,6,1,5502.06
F,F,A,NONE,Manufacturer#4,1-URGENT,2,AUTOMOBILE,TRUCK,5,0.02,18,Brand#44,WRAP PKG,42,5,2,7833.78
F,F,A,NONE,Manufacturer#2,5-LOW,0,HOUSEHOLD,MAIL,5,0.07,18,Brand#22,LG PACK,5,46,2,74191.6244
F,F,R,NONE,Manufacturer#2,1-URGENT,1,HOUSEHOLD,RAIL,2,0.01,18,Brand#25,JUMBO BOX,9,17,2,16223.5488
O,O,N,TAKE BACK RETURN,Manufacturer#3,2-HIGH,4,HOUSEHOLD,RAIL,2,0.07,8,Brand#34,LG CASE,20,35,3,44528.505
F,F,A,DELIVER IN PERSON,Manufacturer#4,2-HIGH,2,FURNITURE,AIR,2,0,9,Brand#44,MED DRUM,41,28,4,46055.7888
F,F,R,TAKE BACK RETURN,Manufacturer#1,2-HIGH,2,FURNITURE,FOB,4,0.03,18,Brand#11,JUMBO BOX,48,9,2,12050.3295
F,F,A,TAKE BACK RETURN,Manufacturer#5,2-HIGH,2,FURNITURE,RAIL,1,0.06,8,Brand#54,LG BAG,10,31,3,38558.1069
F,F,R,TAKE BACK RETURN,Manufacturer#1,2-HIGH,2,FURNITURE,FOB,7,0.01,21,Brand#11,JUMBO PKG,29,15,1,15078.816
O,O,N,TAKE BACK RETURN,Manufacturer#3,2-HIGH,4,MACHINERY,RAIL,1,0.08,21,Brand#35,WRAP CASE,37,29,1,32047.813
F,F,A,NONE,Manufacturer#4,2-HIGH,0,HOUSEHOLD,TRUCK,5,0.08,21,Brand#45,MED CAN,24,21,1,20677.7907
F,F,A,NONE,Manufacturer#1,2-HIGH,0,HOUSEHOLD,TRUCK,4,0.05,21,Brand#13,SM PKG,3,36,1,53624.88
O,O,N,COLLECT COD,Manufacturer#4,5-LOW,4,AUTOMOBILE,REG AIR,2,0.05,8,Brand#44,MED BAG,6,32,3,48204.576
O,O,N,NONE,Manufacturer#2,5-LOW,4,AUTOMOBILE,RAIL,6,0.03,9,Brand#24,JUMBO DRUM,50,23,4,37568.7704
O,O,N,TAKE BACK RETURN,Manufacturer#5,5-LOW,4,AUTOMOBILE,RAIL,5,0.03,8,Brand#55,WRAP DRUM,9,30,3,46614.204
F,F,A,TAKE BACK RETURN,Manufacturer#3,2-HIGH,0,FURNITURE,RAIL,1,0.03,21,Brand#31,MED DRUM,25,47,1,48896.3748
F,F,A,DELIVER IN PERSON,Manufacturer#4,2-HIGH,0,FURNITURE,SHIP,3,0,9,Brand#44,LG JAR,15,28,4,32178.72
O,O,N,COLLECT COD,Manufacturer#4,1-URGENT,0,HOUSEHOLD,REG AIR,2,0.02,12,Brand#43,MED PACK,12,28,0,41466.1632
O,O,N,DELIVER IN PERSON,Manufacturer#2,1-URGENT,0,HOUSEHOLD,SHIP,3,0.01,9,Brand#22,LG BOX,3,50,4,82257.12
F,F,R,COLLECT COD,Manufacturer#3,4-NOT SPECIFIED,4,HOUSEHOLD,SHIP,6,0.06,18,Brand#34,MED JAR,48,49,2,72305.0076
F,F,A,NONE,Manufacturer#2,4-NOT SPECIFIED,4,HOUSEHOLD,AIR,5,0.03,9,Brand#24,WRAP CAN,46,30,4,29137.59
F,F,A,DELIVER IN PERSON,Manufacturer#5,5-LOW,1,FURNITURE,MAIL,2,0.04,9,Brand#55,JUMBO CASE,35,11,4,18772.094
F,F,R,DELIVER IN PERSON,Manufacturer#4,5-LOW,1,FURNITURE,REG AIR,5,0.08,8,Brand#43,MED JAR,42,17,3,24251.7002
O,O,N,DELIVER IN PERSON,Manufacturer#3,3-MEDIUM,4,BUILDING,AIR,3,0.07,18,Brand#33,JUMBO JAR,3,41,2,44943.79
F,F,R,COLLECT COD,Manufacturer#2,3-MEDIUM,2,BUILDING,REG AIR,2,0.04,18,Brand#23,JUMBO BOX,3,15,2,17488.794
F,F,R,TAKE BACK RETURN,Manufacturer#1,3-MEDIUM,3,BUILDING,MAIL,2,0.03,9,Brand#12,SM JAR,23,3,4,4350.867
F,F,R,COLLECT COD,Manufacturer#2,3-MEDIUM,3,BUILDING,FOB,3,0.05,9,Brand#22,LG BOX,9,6,4,8747.1936
O,O,N,COLLECT COD,Manufacturer#3,4-NOT SPECIFIED,0,HOUSEHOLD,MAIL,2,0.06,12,Brand#33,SM PKG,7,21,0,21522.0642
O,O,N,DELIVER IN PERSON,Manufacturer#5,4-NOT SPECIFIED,0,HOUSEHOLD,FOB,7,0,18,Brand#52,WRAP DRUM,36,18,2,26044.9992
O,O,N,TAKE BACK RETURN,Manufacturer#5,4-NOT SPECIFIED,0,HOUSEHOLD,FOB,4,0.06,18,Brand#53,LG BAG,10,5,2,4562.047
O,O,N,TAKE BACK RETURN,Manufacturer#5,4-NOT SPECIFIED,0,HOUSEHOLD,REG AIR,5,0.02,8,Brand#52,LG CAN,23,36,3,62507.214
O,O,N,NONE,Manufacturer#5,3-MEDIUM,1,HOUSEHOLD,REG AIR,2,0.06,18,Brand#51,MED PKG,36,36,2,55980.288
O,O,N,COLLECT COD,Manufacturer#1,5-LOW,2,BUILDING,MAIL,2,0.01,21,Brand#13,WRAP DRUM,19,12,1,11838.852
F,F,R,COLLECT COD,Manufacturer#5,2-HIGH,3,MACHINERY,FOB,2,0.02,12,Brand#53,WRAP DRUM,10,24,0,24422.676
F,F,R,TAKE BACK RETURN,Manufacturer#3,4-NOT SPECIFIED,1,BUILDING,REG AIR,5,0,12,Brand#34,LG CASE,20,4,0,5034.834
F,F,R,DELIVER IN PERSON,Manufacturer#2,4-NOT SPECIFIED,1,BUILDING,SHIP,2,0.05,9,Brand#24,WRAP CAN,34,26,4,38097.332
F,F,A,DELIVER IN PERSON,Manufacturer#4,1-URGENT,3,HOUSEHOLD,MAIL,5,0.08,12,Brand#43,WRAP BAG,9,46,0,40863.5296
F,F,R,COLLECT COD,Manufacturer#2,1-URGENT,3,HOUSEHOLD,SHIP,2,0.04,8,Brand#25,JUMBO CAN,19,50,3,81772.01
O,O,N,DELIVER IN PERSON,Manufacturer#2,3-MEDIUM,2,BUILDING,REG AIR,2,0.04,21,Brand#22,LG BOX,22,2,1,1991.16
O,O,N,DELIVER IN PERSON,Manufacturer#1,3-MEDIUM,2,MACHINERY,REG AIR,5,0.02,18,Brand#14,MED PACK,2,31,2,47273.4717
O,O,N,TAKE BACK RETURN,Manufacturer#3,3-MEDIUM,2,MACHINERY,REG AIR,1,0.02,21,Brand#31,MED PACK,38,21,1,29861.7648
O,O,N,NONE,Manufacturer#1,3-MEDIUM,2,MACHINERY,AIR,6,0.04,18,Brand#14,MED JAR,32,16,2,18590.3616
O,O,N,TAKE BACK RETURN,Manufacturer#3,3-MEDIUM,2,MACHINERY,AIR,2,0,18,Brand#32,LG PKG,6,2,2,2445.21
O,O,N,COLLECT COD,Manufacturer#4,3-MEDIUM,2,MACHINERY,TRUCK,7,0.01,18,Brand#44,LG BOX,26,39,2,60554.1027
O,O,N,COLLECT COD,Manufacturer#1,3-MEDIUM,2,MACHINERY,SHIP,4,0.01,21,Brand#11,WRAP DRUM,22,41,1,44880.1375
O,O,N,COLLECT COD,Manufacturer#2,3-MEDIUM,0,BUILDING,RAIL,3,0.04,18,Brand#22,JUMBO CASE,22,8,2,14121.0456
O,O,N,DELIVER IN PERSON,Manufacturer#3,3-MEDIUM,0,BUILDING,SHIP,2,0.08,8,Brand#32,LG PKG,43,18,3,19601.7444
O,O,N,TAKE BACK RETURN,Manufacturer#2,3-MEDIUM,0,BUILDING,REG AIR,1,0.06,8,Brand#25,JUMBO CASE,1,26,3,39019.5078
O,O,N,DELIVER IN PERSON,Manufacturer#4,3-MEDIUM,2,BUILDING,REG AIR,1,0.08,9,Brand#41,LG BAG,11,34,4,43130.7
O,O,N,COLLECT COD,Manufacturer#2,4-NOT SPECIFIED,0,MACHINERY,SHIP,3,0.02,21,Brand#23,LG CAN,19,6,1,8169.7656
O,O,N,NONE,Manufacturer#2,4-NOT SPECIFIED,2,HOUSEHOLD,RAIL,1,0.04,21,Brand#25,LG CASE,10,30,1,52892.136
O,O,N,COLLECT COD,Manufacturer#5,4-NOT SPECIFIED,2,HOUSEHOLD,AIR,4,0.02,18,Brand#52,JUMBO PKG,8,7,2,10746.54
F,F,A,NONE,Manufacturer#4,4-NOT SPECIFIED,4,AUTOMOBILE,REG AIR,4,0.06,9,Brand#41,MED CASE,9,21,4,24265.3845
F,F,R,NONE,Manufacturer#4,4-NOT SPECIFIED,4,AUTOMOBILE,MAIL,1,0.06,12,Brand#41,WRAP PKG,26,15,0,17089.8825
F,F,R,DELIVER IN PERSON,Manufacturer#2,4-NOT SPECIFIED,4,AUTOMOBILE,SHIP,7,0.01,8,Brand#25,WRAP PKG,37,14,3,18607.5344
F,F,R,COLLECT COD,Manufacturer#3,5-LOW,3,HOUSEHOLD,REG AIR,3,0.03,9,Brand#33,SM DRUM,13,2,4,2873.8056
F,F,R,NONE,Manufacturer#5,4-NOT SPECIFIED,1,AUTOMOBILE,SHIP,4,0.05,12,Brand#53,SM CASE,17,1,0,1421.1747
F,F,A,NONE,Manufacturer#2,4-NOT SPECIFIED,1,AUTOMOBILE,SHIP,1,0.05,12,Brand#23,SM CASE,31,26,0,30895.28
F,F,A,COLLECT COD,Manufacturer#2,4-NOT SPECIFIED,1,AUTOMOBILE,RAIL,2,0.02,18,Brand#23,MED CAN,31,43,2,64436.9362
F,F,A,TAKE BACK RETURN,Manufacturer#2,4-NOT SPECIFIED,1,AUTOMOBILE,AIR,3,0.05,9,Brand#24,SM CAN,14,40,4,47321.472
O,O,N,COLLECT COD,Manufacturer#5,4-NOT SPECIFIED,3,HOUSEHOLD,FOB,3,0.08,21,Brand#55,SM JAR,18,12,1,17574.696
F,F,R,COLLECT COD,Manufacturer#2,4-NOT SPECIFIED,0,AUTOMOBILE,RAIL,1,0.04,8,Brand#25,WRAP BOX,43,22,3,20042.22
F,F,R,DELIVER IN PERSON,Manufacturer#4,5-LOW,3,BUILDING,FOB,6,0.04,8,Brand#43,MED PACK,47,22,3,35227.005
O,O,N,NONE,Manufacturer#5,1-URGENT,0,BUILDING,MAIL,3,0.06,12,Brand#51,SM JAR,13,25,0,29326.5
O,O,N,COLLECT COD,Manufacturer#2,1-URGENT,0,BUILDING,MAIL,5,0.02,21,Brand#21,LG CAN,40,35,1,61770.87
O,O,N,TAKE BACK RETURN,Manufacturer#2,1-URGENT,0,BUILDING,REG AIR,4,0.01,21,Brand#24,MED DRUM,50,31,1,46530.504
O,O,N,COLLECT COD,Manufacturer#2,1-URGENT,0,BUILDING,RAIL,2,0,8,Brand#24,WRAP CAN,19,48,3,46706.976
O,O,N,NONE,Manufacturer#1,3-MEDIUM,4,BUILDING,RAIL,4,0.05,12,Brand#11,MED BAG,20,48,0,48023.64
F,F,A,DELIVER IN PERSON,Manufacturer#1,2-HIGH,3,FURNITURE,SHIP,5,0.07,21,Brand#11,JUMBO PACK,39,2,1,3494.4228
F,F,A,COLLECT COD,Manufacturer#1,1-URGENT,4,AUTOMOBILE,MAIL,1,0.08,8,Brand#14,JUMBO PACK,7,16,3,19345.536
F,P,R,DELIVER IN PERSON,Manufacturer#5,2-HIGH,3,BUILDING,TRUCK,3,0,8,Brand#53,JUMBO JAR,28,16,3,19009.0208
F,P,A,NONE,Manufacturer#4,2-HIGH,3,BUILDING,MAIL,4,0.06,21,Brand#41,SM JAR,26,40,1,64724.04
O,O,N,NONE,Manufacturer#1,3-MEDIUM,0,MACHINERY,REG AIR,6,0.01,18,Brand#14,MED PACK,2,5,2,8043.696
O,O,N,DELIVER IN PERSON,Manufacturer#5,3-MEDIUM,0,MACHINERY,REG AIR,1,0.08,21,Brand#53,SM CASE,17,4,1,5512.4352
O,O,N,COLLECT COD,Manufacturer#5,3-MEDIUM,0,MACHINERY,SHIP,5,0.02,18,Brand#53,SM DRUM,11,5,2,6912.4
O,O,N,DELIVER IN PERSON,Manufacturer#5,3-MEDIUM,0,MACHINERY,FOB,3,0.02,12,Brand#52,LG JAR,14,10,0,9552.216
O,O,N,DELIVER IN PERSON,Manufacturer#3,4-NOT SPECIFIED,2,HOUSEHOLD,TRUCK,1,0.03,18,Brand#32,WRAP BOX,20,16,2,26323.1136
O,O,N,DELIVER IN PERSON,Manufacturer#5,4-NOT SPECIFIED,2,HOUSEHOLD,TRUCK,2,0.04,18,Brand#53,JUMBO PACK,4,17,2,18137.8644
O,O,N,NONE,Manufacturer#5,2-HIGH,2,HOUSEHOLD,REG AIR,2,0.04,18,Brand#51,JUMBO PACK,19,41,2,70029.7507
O,O,N,COLLECT COD,Manufacturer#4,2-HIGH,4,HOUSEHOLD,RAIL,3,0.01,12,Brand#43,WRAP CASE,24,40,0,69783.72
O,O,N,TAKE BACK RETURN,Manufacturer#5,4-NOT SPECIFIED,2,MACHINERY,MAIL,6,0.04,21,Brand#51,LG CAN,22,21,1,33477.8976
O,O,N,COLLECT COD,Manufacturer#4,4-NOT SPECIFIED,2,MACHINERY,TRUCK,1,0.04,8,Brand#43,WRAP BAG,26,26,3,33585.6066
O,O,N,COLLECT COD,Manufacturer#1,4-NOT SPECIFIED,2,MACHINERY,SHIP,5,0.02,21,Brand#11,JUMBO PKG,29,31,1,30189.0462
O,O,N,NONE,Manufacturer#4,1-URGENT,3,HOUSEHOLD,SHIP,1,0.08,12,Brand#43,WRAP BAG,9,1,0,850.536
F,F,R,NONE,Manufacturer#2,5-LOW,2,BUILDING,MAIL,5,0.06,21,Brand#23,SM PACK,36,46,1,63760.4068
F,F,A,COLLECT COD,Manufacturer#3,1-URGENT,0,HOUSEHOLD,SHIP,4,0.02,21,Brand#32,LG PKG,14,20,1,25769.016
F,F,R,COLLECT COD,Manufacturer#4,3-MEDIUM,3,AUTOMOBILE,MAIL,3,0.07,8,Brand#45,JUMBO PACK,26,28,3,26727.6128
O,O,N,DELIVER IN PERSON,Manufacturer#3,1-URGENT,2,HOUSEHOLD,RAIL,1,0,8,Brand#33,JUMBO DRUM,3,11,3,11089.122
O,O,N,NONE,Manufacturer#2,1-URGENT,2,HOUSEHOLD,MAIL,5,0.02,9,Brand#22,WRAP JAR,3,25,4,32963.28
F,F,A,DELIVER IN PERSON,Manufacturer#5,3-MEDIUM,4,AUTOMOBILE,MAIL,3,0.03,21,Brand#51,JUMBO PACK,49,3,1,4104.828
O,O,N,COLLECT COD,Manufacturer#5,4-NOT SPECIFIED,1,HOUSEHOLD,MAIL,2,0.04,21,Brand#55,JUMBO CASE,25,41,1,36741.9204
F,F,R,NONE,Manufacturer#3,4-NOT SPECIFIED,0,FURNITURE,FOB,1,0.08,8,Brand#34,SM PACK,25,27,3,29679.2937
F,F,A,TAKE BACK RETURN,Manufacturer#1,4-NOT SPECIFIED,1,BUILDING,AIR,3,0.02,18,Brand#14,LG JAR,9,38,2,66804.4636
F,F,R,TAKE BACK RETURN,Manufacturer#1,1-URGENT,2,MACHINERY,TRUCK,2,0.04,8,Brand#11,MED BOX,33,29,3,26978.6304
O,O,N,COLLECT COD,Manufacturer#3,1-URGENT,1,MACHINERY,SHIP,5,0.03,18,Brand#35,LG JAR,14,47,2,46143.9984
F,F,A,DELIVER IN PERSON,Manufacturer#5,3-MEDIUM,3,BUILDING,AIR,5,0.01,12,Brand#51,SM PACK,30,34,0,53060.502
F,F,A,NONE,Manufacturer#1,3-MEDIUM,3,BUILDING,AIR,3,0.08,8,Brand#11,MED BOX,33,32,3,29149.3248
F,F,R,NONE,Manufacturer#5,5-LOW,2,AUTOMOBILE,MAIL,2,0.02,8,Brand#51,JUMBO BOX,39,7,3,12323.3649
F,F,A,COLLECT COD,Manufacturer#2,5-LOW,2,AUTOMOBILE,TRUCK,3,0.04,18,Brand#22,MED JAR,19,31,2,34317.0868
O,O,N,COLLECT COD,Manufacturer#1,1-URGENT,3,MACHINERY,MAIL,6,0.06,21,Brand#13,WRAP BOX,26,40,1,42647.048
O,O,N,NONE,Manufacturer#1,1-URGENT,3,MACHINERY,RAIL,1,0.08,18,Brand#11,JUMBO BOX,48,45,2,57817.2375
O,O,N,TAKE BACK RETURN,Manufacturer#1,1-URGENT,3,MACHINERY,SHIP,2,0.06,9,Brand#13,MED PKG,8,48,4,75566.1456
F,F,R,COLLECT COD,Manufacturer#4,3-MEDIUM,0,FURNITURE,TRUCK,2,0.06,9,Brand#41,MED CAN,15,15,4,13053.1425
F,F,A,NONE,Manufacturer#1,3-MEDIUM,0,AUTOMOBILE,FOB,1,0.01,12,Brand#14,LG CAN,41,10,0,13808.144
F,F,A,NONE,Manufacturer#3,3-MEDIUM,0,AUTOMOBILE,AIR,2,0.04,21,Brand#35,WRAP BAG,3,33,1,51671.8752
F,F,R,DELIVER IN PERSON,Manufacturer#2,4-NOT SPECIFIED,1,BUILDING,MAIL,2,0.03,8,Brand#24,LG CAN,35,13,3,11670.711
O,O,N,NONE,Manufacturer#4,2-HIGH,3,HOUSEHOLD,MAIL,2,0.04,8,Brand#44,MED CASE,40,30,3,37317.9
O,O,N,NONE,Manufacturer#3,5-LOW,1,HOUSEHOLD,MAIL,5,0.04,21,Brand#31,LG JAR,32,1,1,1234.33
O,O,N,TAKE BACK RETURN,Manufacturer#5,5-LOW,1,HOUSEHOLD,AIR,1,0.01,18,Brand#51,LG BOX,48,36,2,40780.7136
O,O,N,TAKE BACK RETURN,Manufacturer#2,5-LOW,1,HOUSEHOLD,SHIP,6,0.02,12,Brand#25,SM PACK,28,26,0,40480.5258
O,O,N,DELIVER IN PERSON,Manufacturer#2,5-LOW,1,HOUSEHOLD,TRUCK,7,0.02,8,Brand#25,JUMBO CAN,23,44,3,43805.52
F,F,R,COLLECT COD,Manufacturer#2,5-LOW,2,FURNITURE,FOB,3,0.03,21,Brand#24,MED DRUM,31,49,1,44642.8416
O,O,N,DELIVER IN PERSON,Manufacturer#1,5-LOW,0,HOUSEHOLD,MAIL,1,0.01,18,Brand#11,WRAP CASE,45,14,2,13244.56
O,O,N,COLLECT COD,Manufacturer#5,1-URGENT,3,BUILDING,MAIL,1,0.06,21,Brand#51,LG CAN,22,47,1,71868.4896
O,O,N,COLLECT COD,Manufacturer#4,5-LOW,0,AUTOMOBILE,TRUCK,2,0.03,12,Brand#43,WRAP BAG,9,50,0,45361.92
O,O,N,DELIVER IN PERSON,Manufacturer#3,5-LOW,0,AUTOMOBILE,RAIL,1,0.08,12,Brand#35,LG BOX,42,37,0,46332.288
O,O,N,NONE,Manufacturer#5,5-LOW,0,AUTOMOBILE,FOB,3,0.07,12,Brand#53,WRAP CAN,49,24,0,39480.9552
F,F,R,COLLECT COD,Manufacturer#1,3-MEDIUM,1,AUTOMOBILE,REG AIR,5,0.07,8,Brand#13,JUMBO PACK,39,25,3,30746.265
F,F,A,TAKE BACK RETURN,Manufacturer#4,3-MEDIUM,1,AUTOMOBILE,REG AIR,1,0.01,21,Brand#43,JUMBO BAG,47,42,1,75196.0272
F,F,A,TAKE BACK RETURN,Manufacturer#2,3-MEDIUM,1,AUTOMOBILE,MAIL,3,0.06,9,Brand#21,JUMBO JAR,47,13,4,16967.2256
F,F,A,TAKE BACK RETURN,Manufacturer#4,5-LOW,4,HOUSEHOLD,SHIP,3,0.08,18,Brand#45,SM JAR,47,29,2,33839.8448
F,F,A,DELIVER IN PERSON,Manufacturer#2,5-LOW,4,HOUSEHOLD,TRUCK,6,0.06,21,Brand#21,WRAP CASE,19,3,1,2633.178
O,O,N,DELIVER IN PERSON,Manufacturer#1,3-MEDIUM,4,AUTOMOBILE,REG AIR,2,0.02,18,Brand#12,JUMBO DRUM,17,1,2,1219.6113
O,O,N,COLLECT COD,Manufacturer#1,3-MEDIUM,4,AUTOMOBILE,RAIL,3,0,18,Brand#12,MED CAN,7,22,2,23649.2256
O,O,N,COLLECT COD,Manufacturer#5,5-LOW,3,HOUSEHOLD,RAIL,2,0.01,12,Brand#54,WRAP DRUM,43,33,0,53158.5516
O,O,N,NONE,Manufacturer#3,5-LOW,3,HOUSEHOLD,MAIL,4,0.05,12,Brand#31,MED DRUM,25,8,0,8963.0016
O,O,N,DELIVER IN PERSON,Manufacturer#5,1-URGENT,3,BUILDING,RAIL,2,0.08,8,Brand#54,JUMBO JAR,28,12,3,10919.988
O,O,N,TAKE BACK RETURN,Manufacturer#3,1-URGENT,3,BUILDING,TRUCK,3,0.02,18,Brand#31,WRAP JAR,4,16,2,27146.7504
F,F,R,DELIVER IN PERSON,Manufacturer#1,4-NOT SPECIFIED,3,MACHINERY,FOB,2,0.05,21,Brand#14,MED CAN,23,37,1,63018.2298
O,O,N,NONE,Manufacturer#1,3-MEDIUM,0,HOUSEHOLD,AIR,5,0.05,21,Brand#11,WRAP JAR,24,20,1,36003.828
O,O,N,DELIVER IN PERSON,Manufacturer#5,3-MEDIUM,0,HOUSEHOLD,MAIL,1,0.03,18,Brand#53,LG CASE,37,7,2,8431.4804
O,O,N,COLLECT COD,Manufacturer#2,3-MEDIUM,0,HOUSEHOLD,REG AIR,4,0.01,9,Brand#24,WRAP PKG,27,13,4,23820.0378
O,O,N,COLLECT COD,Manufacturer#2,1-URGENT,1,AUTOMOBILE,TRUCK,2,0.01,8,Brand#25,MED CAN,25,10,3,8883.376
O,O,N,TAKE BACK RETURN,Manufacturer#5,2-HIGH,3,MACHINERY,SHIP,2,0.05,8,Brand#54,MED CASE,43,2,3,2204.475
O,O,N,COLLECT COD,Manufacturer#4,2-HIGH,3,MACHINERY,RAIL,1,0.07,18,Brand#44,MED DRUM,45,10,2,17526.93
O,O,N,DELIVER IN PERSON,Manufacturer#4,5-LOW,3,AUTOMOBILE,FOB,3,0.04,12,Brand#42,MED PKG,28,19,0,25188.5945
O,O,N,NONE,Manufacturer#4,5-LOW,3,AUTOMOBILE,SHIP,2,0.01,21,Brand#44,WRAP BAG,38,22,1,36294.4582
O,O,N,TAKE BACK RETURN,Manufacturer#4,4-NOT SPECIFIED,4,BUILDING,TRUCK,2,0.05,8,Brand#42,LG CAN,38,1,3,1166.5455
O,O,N,TAKE BACK RETURN,Manufacturer#1,4-NOT SPECIFIED,4,BUILDING,TRUCK,4,0,9,Brand#14,SM BOX,26,5,4,5011.872
F,F,R,DELIVER IN PERSON,Manufacturer#3,3-MEDIUM,0,MACHINERY,FOB,1,0.05,18,Brand#32,LG PKG,6,3,2,3790.0755
O,O,N,TAKE BACK RETURN,Manufacturer#1,3-MEDIUM,4,FURNITURE,REG AIR,1,0.01,12,Brand#13,MED DRUM,39,48,0,74887.92
F,F,R,NONE,Manufacturer#3,4-NOT SPECIFIED,4,BUILDING,TRUCK,2,0.03,9,Brand#31,SM CAN,34,11,4,14799.84
O,O,N,DELIVER IN PERSON,Manufacturer#3,5-LOW,2,AUTOMOBILE,TRUCK,3,0.02,21,Brand#34,SM DRUM,49,35,1,62015.45
F,F,R,COLLECT COD,Manufacturer#5,1-URGENT,0,FURNITURE,RAIL,1,0,18,Brand#55,LG BOX,21,47,2,50256.1224
F,F,R,DELIVER IN PERSON,Manufacturer#5,1-URGENT,0,FURNITURE,RAIL,2,0.05,12,Brand#54,MED JAR,46,11,0,17907.5424
O,O,N,NONE,Manufacturer#3,3-MEDIUM,3,BUILDING,MAIL,5,0.03,18,Brand#32,WRAP DRUM,27,47,2,58628.4768
O,O,N,DELIVER IN PERSON,Manufacturer#2,3-MEDIUM,3,BUILDING,RAIL,1,0.06,9,Brand#24,WRAP CAN,46,28,4,29612.4248
O,O,N,DELIVER IN PERSON,Manufacturer#5,3-MEDIUM,4,AUTOMOBILE,REG AIR,1,0.05,21,Brand#51,JUMBO JAR,20,17,1,17050.4152
F,F,R,NONE,Manufacturer#3,2-HIGH,2,FURNITURE,TRUCK,5,0.05,18,Brand#32,WRAP BOX,20,7,2,11751.39
O,P,N,DELIVER IN PERSON,Manufacturer#4,1-URGENT,4,MACHINERY,SHIP,2,0.08,8,Brand#45,JUMBO PACK,26,4,3,3660.7776
O,O,N,COLLECT COD,Manufacturer#3,4-NOT SPECIFIED,1,BUILDING,AIR,1,0.06,9,Brand#35,WRAP CAN,26,43,4,72557.4948
O,O,N,NONE,Manufacturer#4,5-LOW,4,FURNITURE,TRUCK,3,0.04,18,Brand#45,MED DRUM,3,42,2,62398.6062
F,F,R,COLLECT COD,Manufacturer#2,2-HIGH,2,BUILDING,AIR,3,0.03,8,Brand#25,LG CASE,39,20,3,22344.18
F,F,R,TAKE BACK RETURN,Manufacturer#1,2-HIGH,2,BUILDING,SHIP,2,0.07,9,Brand#12,WRAP PACK,36,9,4,11060.2854
O,O,N,COLLECT COD,Manufacturer#4,3-MEDIUM,1,BUILDING,REG AIR,3,0.04,18,Brand#43,LG PACK,44,10,2,12458.395
F,F,A,NONE,Manufacturer#1,3-MEDIUM,0,BUILDING,AIR,2,0.05,18,Brand#14,WRAP PKG,40,45,2,57678.075
F,F,A,TAKE BACK RETURN,Manufacturer#4,4-NOT SPECIFIED,0,AUTOMOBILE,RAIL,4,0.08,21,Brand#44,LG CASE,37,1,1,1471.2061
O,O,N,TAKE BACK RETURN,Manufacturer#1,3-MEDIUM,4,AUTOMOBILE,MAIL,3,0.02,21,Brand#13,JUMBO CASE,19,34,1,50942.2272
O,O,N,TAKE BACK RETURN,Manufacturer#5,3-MEDIUM,4,FURNITURE,SHIP,6,0.01,21,Brand#55,MED CAN,18,50,1,92447
O,O,N,COLLECT COD,Manufacturer#1,3-MEDIUM,4,FURNITURE,RAIL,1,0.05,18,Brand#12,JUMBO DRUM,17,38,2,48836.9084
O,O,N,NONE,Manufacturer#5,3-MEDIUM,4,FURNITURE,MAIL,3,0.05,8,Brand#51,MED PACK,41,22,3,22087.3158
O,O,N,DELIVER IN PERSON,Manufacturer#5,3-MEDIUM,2,BUILDING,MAIL,4,0.05,8,Brand#55,LG BAG,36,24,3,27047.184
O,O,N,COLLECT COD,Manufacturer#4,3-MEDIUM,2,BUILDING,AIR,3,0.08,8,Brand#44,MED PACK,44,42,3,72854.208
F,F,A,COLLECT COD,Manufacturer#5,2-HIGH,4,FURNITURE,MAIL,1,0.01,18,Brand#51,WRAP BAG,2,39,2,57117.762
F,F,A,DELIVER IN PERSON,Manufacturer#1,2-HIGH,4,FURNITURE,RAIL,6,0.01,8,Brand#13,JUMBO PACK,15,30,3,50279.562
F,F,R,DELIVER IN PERSON,Manufacturer#5,2-HIGH,4,FURNITURE,MAIL,7,0.01,18,Brand#52,SM DRUM,14,20,2,21654.474
F,F,R,COLLECT COD,Manufacturer#4,4-NOT SPECIFIED,1,HOUSEHOLD,REG AIR,1,0.02,8,Brand#42,JUMBO CASE,45,15,3,19741.314
F,F,R,NONE,Manufacturer#1,2-HIGH,3,HOUSEHOLD,REG AIR,4,0.08,9,Brand#14,MED PACK,43,17,4,22273.1586
F,F,R,COLLECT COD,Manufacturer#5,2-HIGH,3,HOUSEHOLD,SHIP,5,0.02,18,Brand#53,JUMBO CASE,27,41,2,34982.676
F,F,A,DELIVER IN PERSON,Manufacturer#5,2-HIGH,0,HOUSEHOLD,REG AIR,7,0.03,21,Brand#53,LG PACK,46,48,1,45399.2592
F,F,A,TAKE BACK RETURN,Manufacturer#3,2-HIGH,0,HOUSEHOLD,RAIL,2,0,21,Brand#35,WRAP BOX,44,45,1,66185.766
O,O,N,TAKE BACK RETURN,Manufacturer#5,1-URGENT,2,BUILDING,RAIL,3,0.06,12,Brand#52,WRAP DRUM,36,1,0,1417.7132
F,F,R,COLLECT COD,Manufacturer#2,1-URGENT,2,BUILDING,MAIL,5,0.04,21,Brand#23,LG PACK,27,20,1,19515.28
F,F,N,COLLECT COD,Manufacturer#1,1-URGENT,2,BUILDING,SHIP,2,0.08,9,Brand#14,SM BOX,26,14,4,14617.96
F,F,A,DELIVER IN PERSON,Manufacturer#3,1-URGENT,2,BUILDING,REG AIR,3,0.05,21,Brand#32,WRAP CASE,20,48,1,70819.392
F,F,A,COLLECT COD,Manufacturer#3,1-URGENT,2,BUILDING,AIR,4,0.06,9,Brand#34,MED JAR,46,47,4,70707.4533
F,F,A,NONE,Manufacturer#4,1-URGENT,2,BUILDING,REG AIR,7,0.07,21,Brand#41,MED BOX,46,32,1,46555.6608
F,F,A,NONE,Manufacturer#4,1-URGENT,2,AUTOMOBILE,RAIL,4,0.07,18,Brand#45,JUMBO BOX,44,13,2,16606.2208
F,F,R,COLLECT COD,Manufacturer#3,1-URGENT,2,AUTOMOBILE,RAIL,2,0.03,8,Brand#34,MED CAN,34,4,3,5055.634
F,F,A,DELIVER IN PERSON,Manufacturer#4,1-URGENT,2,AUTOMOBILE,SHIP,5,0.07,21,Brand#45,JUMBO CAN,13,1,1,1162.3413
F,F,R,COLLECT COD,Manufacturer#5,1-URGENT,2,AUTOMOBILE,REG AIR,1,0.08,8,Brand#51,LG CAN,10,39,3,46586.2332
F,F,A,DELIVER IN PERSON,Manufacturer#4,4-NOT SPECIFIED,2,AUTOMOBILE,SHIP,1,0.02,8,Brand#41,SM CAN,4,33,3,42318.54
F,F,A,TAKE BACK RETURN,Manufacturer#1,4-NOT SPECIFIED,2,AUTOMOBILE,AIR,4,0.06,21,Brand#15,LG CAN,6,49,1,60818.0846
O,O,N,NONE,Manufacturer#5,2-HIGH,2,MACHINERY,MAIL,3,0.04,8,Brand#52,LG BAG,32,11,3,11121.264
O,O,N,COLLECT COD,Manufacturer#3,2-HIGH,2,MACHINERY,SHIP,5,0.02,21,Brand#32,WRAP CASE,20,21,1,31657.038
F,F,R,DELIVER IN PERSON,Manufacturer#1,1-URGENT,3,HOUSEHOLD,TRUCK,1,0.05,18,Brand#12,SM JAR,23,15,2,21754.335
F,F,A,DELIVER IN PERSON,Manufacturer#3,2-HIGH,3,HOUSEHOLD,TRUCK,4,0.04,9,Brand#31,MED BOX,25,34,4,45623.444
F,F,A,NONE,Manufacturer#4,5-LOW,1,HOUSEHOLD,AIR,2,0.08,9,Brand#43,LG DRUM,12,3,4,3287.739
F,F,R,COLLECT COD,Manufacturer#4,1-URGENT,2,MACHINERY,AIR,3,0.01,12,Brand#44,SM CAN,11,40,0,67787.676
F,F,A,TAKE BACK RETURN,Manufacturer#3,1-URGENT,2,MACHINERY,REG AIR,2,0.03,9,Brand#35,JUMBO BOX,28,27,4,42990.0912
F,F,A,COLLECT COD,Manufacturer#5,1-URGENT,3,HOUSEHOLD,MAIL,1,0.01,21,Brand#51,JUMBO CASE,48,20,1,28907.444
F,F,A,TAKE BACK RETURN,Manufacturer#1,1-URGENT,3,HOUSEHOLD,SHIP,2,0.07,21,Brand#11,LG PACK,16,13,1,16302.6396
F,F,R,NONE,Manufacturer#4,1-URGENT,3,HOUSEHOLD,SHIP,4,0.06,9,Brand#44,LG BOX,26,14,4,21513.2736
F,F,R,NONE,Manufacturer#5,4-NOT SPECIFIED,3,MACHINERY,RAIL,2,0.03,21,Brand#54,JUMBO JAR,48,36,1,43537.0572
F,F,R,COLLECT COD,Manufacturer#3,4-NOT SPECIFIED,3,MACHINERY,AIR,4,0.06,21,Brand#32,LG DRUM,43,36,1,34563.1104
F,F,R,NONE,Manufacturer#4,4-NOT SPECIFIED,3,MACHINERY,AIR,1,0.07,9,Brand#44,WRAP BOX,40,29,4,48393.576
F,F,A,NONE,Manufacturer#3,4-NOT SPECIFIED,3,MACHINERY,RAIL,3,0.08,21,Brand#31,JUMBO DRUM,23,5,1,5440.9905
O,O,N,DELIVER IN PERSON,Manufacturer#4,3-MEDIUM,0,AUTOMOBILE,TRUCK,7,0.03,8,Brand#42,LG CAN,38,10,3,12543.5
O,O,N,TAKE BACK RETURN,Manufacturer#4,3-MEDIUM,0,AUTOMOBILE,RAIL,5,0.02,9,Brand#43,SM JAR,11,48,4,42323.9136
O,O,N,TAKE BACK RETURN,Manufacturer#4,3-MEDIUM,0,AUTOMOBILE,FOB,1,0,18,Brand#44,MED DRUM,45,1,2,1734.624
O,O,N,DELIVER IN PERSON,Manufacturer#4,1-URGENT,4,MACHINERY,TRUCK,1,0.08,12,Brand#42,WRAP CASE,21,43,0,38052.42
O,O,N,TAKE BACK RETURN,Manufacturer#2,1-URGENT,3,FURNITURE,REG AIR,1,0.01,9,Brand#23,SM PACK,27,45,4,59951.745
F,F,A,NONE,Manufacturer#5,1-URGENT,2,AUTOMOBILE,REG AIR,5,0.02,12,Brand#54,LG BAG,10,25,0,30760.89
F,F,R,COLLECT COD,Manufacturer#2,1-URGENT,2,AUTOMOBILE,REG AIR,1,0.06,18,Brand#25,WRAP JAR,39,6,2,8192.382
F,F,A,TAKE BACK RETURN,Manufacturer#5,5-LOW,0,AUTOMOBILE,MAIL,1,0.03,18,Brand#53,MED JAR,12,2,2,2983.18
F,F,A,TAKE BACK RETURN,Manufacturer#4,5-LOW,3,AUTOMOBILE,SHIP,1,0.05,18,Brand#45,JUMBO PACK,34,31,2,26829.1205
F,F,R,NONE,Manufacturer#5,4-NOT SPECIFIED,1,AUTOMOBILE,RAIL,2,0.03,9,Brand#52,LG CASE,21,33,4,56284.5294
O,O,N,DELIVER IN PERSON,Manufacturer#3,4-NOT SPECIFIED,3,BUILDING,TRUCK,1,0.07,9,Brand#31,JUMBO JAR,38,5,4,7904.366
O,O,N,DELIVER IN PERSON,Manufacturer#5,5-LOW,2,BUILDING,REG AIR,3,0.03,21,Brand#52,JUMBO BAG,9,35,1,51746.31
O,O,N,DELIVER IN PERSON,Manufacturer#3,5-LOW,2,BUILDING,REG AIR,1,0.04,21,Brand#31,SM PKG,4,18,1,17371.08
O,O,N,COLLECT COD,Manufacturer#1,5-LOW,2,BUILDING,SHIP,4,0.03,8,Brand#14,JUMBO PACK,7,31,3,39980.7744
O,O,N,COLLECT COD,Manufacturer#2,3-MEDIUM,1,AUTOMOBILE,TRUCK,2,0,8,Brand#24,JUMBO BAG,25,13,3,17707.6172
F,F,R,TAKE BACK RETURN,Manufacturer#3,3-MEDIUM,4,BUILDING,SHIP,2,0.06,8,Brand#31,SM PKG,33,10,3,13866.344
O,O,N,TAKE BACK RETURN,Manufacturer#2,2-HIGH,4,BUILDING,RAIL,2,0.05,9,Brand#24,LG CAN,40,16,4,21713.504
F,F,R,DELIVER IN PERSON,Manufacturer#4,1-URGENT,2,MACHINERY,AIR,4,0.03,21,Brand#44,LG CASE,44,21,1,35620.2756
F,F,R,COLLECT COD,Manufacturer#1,1-URGENT,2,MACHINERY,RAIL,5,0.02,8,Brand#12,WRAP PKG,40,2,3,3257.82
F,F,A,DELIVER IN PERSON,Manufacturer#3,1-URGENT,2,MACHINERY,SHIP,1,0.02,12,Brand#35,LG BAG,42,11,0,12564.64
F,F,R,COLLECT COD,Manufacturer#5,1-URGENT,2,AUTOMOBILE,SHIP,1,0.04,18,Brand#52,JUMBO BOX,46,48,2,57928.872
O,O,N,DELIVER IN PERSON,Manufacturer#5,3-MEDIUM,0,AUTOMOBILE,TRUCK,4,0,18,Brand#55,LG BOX,21,46,2,50256.1224
O,O,N,COLLECT COD,Manufacturer#5,3-MEDIUM,0,AUTOMOBILE,REG AIR,2,0.06,21,Brand#51,LG PACK,42,39,1,68516.0736
O,O,N,NONE,Manufacturer#5,3-MEDIUM,1,MACHINERY,AIR,2,0.03,18,Brand#52,MED BOX,22,15,2,21205.008
O,O,N,DELIVER IN PERSON,Manufacturer#5,3-MEDIUM,1,MACHINERY,RAIL,3,0.06,8,Brand#51,SM PKG,44,39,3,55631.6631
O,O,N,TAKE BACK RETURN,Manufacturer#3,2-HIGH,0,BUILDING,MAIL,6,0.04,18,Brand#32,MED PACK,45,21,2,31454.5665
O,O,N,TAKE BACK RETURN,Manufacturer#1,2-HIGH,0,BUILDING,MAIL,3,0.07,18,Brand#12,JUMBO DRUM,17,31,2,40653.71
O,O,N,TAKE BACK RETURN,Manufacturer#5,2-HIGH,0,BUILDING,TRUCK,2,0.05,9,Brand#52,SM BOX,2,8,4,7597.4304
O,O,N,COLLECT COD,Manufacturer#1,4-NOT SPECIFIED,4,FURNITURE,RAIL,2,0.03,8,Brand#13,MED JAR,38,25,3,34962.25
O,O,N,TAKE BACK RETURN,Manufacturer#2,1-URGENT,0,HOUSEHOLD,MAIL,2,0.04,8,Brand#22,WRAP BAG,9,45,3,76682.403
O,O,N,NONE,Manufacturer#3,4-NOT SPECIFIED,2,BUILDING,AIR,2,0.08,18,Brand#32,JUMBO DRUM,33,36,2,54777.492
F,F,A,COLLECT COD,Manufacturer#1,1-URGENT,4,HOUSEHOLD,RAIL,2,0,21,Brand#11,WRAP BOX,13,12,1,19294.1112
F,F,N,DELIVER IN PERSON,Manufacturer#1,1-URGENT,4,HOUSEHOLD,RAIL,4,0.07,9,Brand#13,WRAP CASE,24,21,4,21191.1
O,O,N,DELIVER IN PERSON,Manufacturer#4,1-URGENT,4,HOUSEHOLD,RAIL,3,0.01,12,Brand#41,JUMBO CAN,48,31,0,54870.0372
O,O,N,COLLECT COD,Manufacturer#3,1-URGENT,4,HOUSEHOLD,SHIP,5,0.06,21,Brand#35,SM JAR,7,26,1,31033.7664
F,F,R,NONE,Manufacturer#1,4-NOT SPECIFIED,3,BUILDING,REG AIR,4,0,18,Brand#15,MED PACK,22,49,2,57038.646
O,O,N,TAKE BACK RETURN,Manufacturer#1,1-URGENT,1,AUTOMOBILE,FOB,3,0.07,9,Brand#13,WRAP BOX,5,31,4,34434.707
O,O,N,NONE,Manufacturer#2,1-URGENT,3,HOUSEHOLD,TRUCK,4,0.06,9,Brand#21,LG DRUM,8,30,4,30663.6
O,O,N,COLLECT COD,Manufacturer#3,3-MEDIUM,1,FURNITURE,REG AIR,2,0.05,21,Brand#34,MED PACK,2,39,1,59174.8443
O,O,N,TAKE BACK RETURN,Manufacturer#5,2-HIGH,2,BUILDING,MAIL,6,0.04,9,Brand#53,MED CASE,28,6,4,5789.718
O,O,N,DELIVER IN PERSON,Manufacturer#3,2-HIGH,2,BUILDING,RAIL,1,0.01,21,Brand#35,LG JAR,38,50,1,68652.9
O,O,N,NONE,Manufacturer#3,2-HIGH,3,BUILDING,RAIL,1,0.02,18,Brand#35,LG JAR,34,27,2,35807.8536
O,O,N,DELIVER IN PERSON,Manufacturer#5,2-HIGH,3,BUILDING,TRUCK,3,0.07,21,Brand#55,WRAP BOX,17,21,1,24980.1384
O,O,N,TAKE BACK RETURN,Manufacturer#5,2-HIGH,3,BUILDING,SHIP,2,0.02,8,Brand#55,JUMBO PACK,1,30,3,24925.173
O,O,N,NONE,Manufacturer#2,3-MEDIUM,0,BUILDING,TRUCK,5,0.01,9,Brand#23,WRAP BOX,33,17,4,15310.7066
O,O,N,COLLECT COD,Manufacturer#5,1-URGENT,2,MACHINERY,MAIL,1,0.02,18,Brand#54,SM BAG,1,38,2,65581.16
F,F,A,TAKE BACK RETURN,Manufacturer#3,5-LOW,1,FURNITURE,TRUCK,5,0.06,8,Brand#32,LG PKG,36,45,3,72107.217
F,F,A,COLLECT COD,Manufacturer#1,5-LOW,1,FURNITURE,RAIL,4,0,18,Brand#14,WRAP PACK,42,20,2,24936.696
F,F,R,NONE,Manufacturer#2,5-LOW,1,FURNITURE,AIR,7,0.03,12,Brand#22,JUMBO PKG,35,36,0,35358.0876
O,O,N,TAKE BACK RETURN,Manufacturer#2,1-URGENT,4,FURNITURE,SHIP,5,0.08,21,Brand#21,LG BOX,42,20,1,23693.608
O,O,N,TAKE BACK RETURN,Manufacturer#5,5-LOW,4,BUILDING,FOB,2,0.03,18,Brand#52,SM DRUM,32,29,2,50777.9328
O,O,N,DELIVER IN PERSON,Manufacturer#5,4-NOT SPECIFIED,1,MACHINERY,MAIL,4,0.04,21,Brand#53,JUMBO BAG,5,25,1,30551.525
O,O,N,DELIVER IN PERSON,Manufacturer#1,4-NOT SPECIFIED,1,MACHINERY,TRUCK,5,0.07,9,Brand#12,MED CASE,49,24,4,32387.856
F,F,R,DELIVER IN PERSON,Manufacturer#2,2-HIGH,4,BUILDING,SHIP,4,0.05,12,Brand#23,WRAP BAG,29,44,0,44610.6672
O,O,N,DELIVER IN PERSON,Manufacturer#5,3-MEDIUM,1,BUILDING,AIR,5,0.05,18,Brand#53,SM DRUM,11,49,2,60967.368
O,O,N,COLLECT COD,Manufacturer#1,3-MEDIUM,1,BUILDING,REG AIR,6,0.05,12,Brand#13,MED DRUM,39,29,0,46207.44
O,O,N,NONE,Manufacturer#2,3-MEDIUM,1,BUILDING,FOB,3,0.04,8,Brand#24,JUMBO BAG,25,17,3,23659.5086
O,O,N,DELIVER IN PERSON,Manufacturer#3,3-MEDIUM,1,FURNITURE,REG AIR,2,0.05,8,Brand#31,SM PKG,33,10,3,13866.344
O,O,N,TAKE BACK RETURN,Manufacturer#4,3-MEDIUM,1,FURNITURE,RAIL,3,0.06,8,Brand#43,SM JAR,11,46,3,41423.4048
F,F,R,TAKE BACK RETURN,Manufacturer#4,1-URGENT,3,FURNITURE,SHIP,4,0.08,18,Brand#44,WRAP BAG,35,41,2,69186.393
O,O,N,NONE,Manufacturer#3,2-HIGH,1,BUILDING,REG AIR,1,0.08,8,Brand#32,JUMBO CASE,40,24,3,40558.236
O,O,N,NONE,Manufacturer#5,4-NOT SPECIFIED,3,BUILDING,FOB,2,0.03,21,Brand#51,JUMBO BAG,22,26,1,46880.353
F,F,A,COLLECT COD,Manufacturer#3,2-HIGH,0,BUILDING,SHIP,1,0,21,Brand#33,SM CAN,23,20,1,34557.87
F,F,A,DELIVER IN PERSON,Manufacturer#1,5-LOW,3,FURNITURE,TRUCK,2,0.02,18,Brand#14,JUMBO PACK,17,14,2,19147.3128
F,F,A,DELIVER IN PERSON,Manufacturer#3,5-LOW,3,FURNITURE,FOB,1,0.06,18,Brand#31,MED CAN,44,44,2,70380.3276
F,F,A,DELIVER IN PERSON,Manufacturer#4,5-LOW,3,FURNITURE,TRUCK,4,0.06,9,Brand#43,MED PACK,47,34,4,50512.95
F,F,A,DELIVER IN PERSON,Manufacturer#5,1-URGENT,0,HOUSEHOLD,MAIL,1,0.05,18,Brand#53,WRAP CAN,18,15,2,18169.65
O,O,N,DELIVER IN PERSON,Manufacturer#3,3-MEDIUM,4,HOUSEHOLD,TRUCK,1,0.07,18,Brand#32,LG PACK,8,25,2,31853.075
O,O,N,COLLECT COD,Manufacturer#3,3-MEDIUM,4,HOUSEHOLD,SHIP,2,0,18,Brand#32,WRAP CAN,9,35,2,52037.272
O,O,N,NONE,Manufacturer#2,4-NOT SPECIFIED,1,BUILDING,MAIL,2,0.06,18,Brand#25,WRAP DRUM,45,11,2,11034.1
O,O,N,COLLECT COD,Manufacturer#1,2-HIGH,0,BUILDING,REG AIR,1,0.03,21,Brand#14,SM PKG,13,7,1,6647.4912
O,O,N,COLLECT COD,Manufacturer#4,3-MEDIUM,4,AUTOMOBILE,AIR,1,0.08,21,Brand#42,JUMBO BOX,30,41,1,50372.4196
F,F,A,NONE,Manufacturer#4,4-NOT SPECIFIED,4,MACHINERY,REG AIR,1,0.02,21,Brand#41,MED BOX,50,34,1,51560.4288
F,F,R,DELIVER IN PERSON,Manufacturer#2,3-MEDIUM,3,BUILDING,MAIL,2,0.01,21,Brand#22,WRAP DRUM,26,24,1,36283.032
F,F,A,NONE,Manufacturer#3,3-MEDIUM,3,BUILDING,MAIL,4,0.01,12,Brand#35,SM CASE,37,31,0,39786.2091
F,F,A,COLLECT COD,Manufacturer#1,2-HIGH,3,HOUSEHOLD,RAIL,5,0.04,8,Brand#11,LG DRUM,24,34,3,53154.1958
F,F,A,DELIVER IN PERSON,Manufacturer#4,2-HIGH,3,HOUSEHOLD,AIR,4,0.05,9,Brand#42,LG BOX,34,44,4,60036.24
F,F,R,TAKE BACK RETURN,Manufacturer#5,2-HIGH,3,HOUSEHOLD,REG AIR,3,0.08,9,Brand#54,MED JAR,22,10,4,14942.992
O,O,N,NONE,Manufacturer#1,2-HIGH,4,AUTOMOBILE,RAIL,2,0.06,12,Brand#11,MED BOX,25,42,0,50575.392
O,O,N,NONE,Manufacturer#3,2-HIGH,4,AUTOMOBILE,MAIL,1,0.04,12,Brand#32,SM BAG,17,46,0,77864.292
F,F,A,COLLECT COD,Manufacturer#1,3-MEDIUM,3,MACHINERY,AIR,6,0.02,8,Brand#14,SM JAR,20,6,3,10565.1
F,F,A,TAKE BACK RETURN,Manufacturer#1,2-HIGH,2,BUILDING,TRUCK,1,0.06,9,Brand#15,JUMBO PKG,26,38,4,48680.0064
O,O,N,TAKE BACK RETURN,Manufacturer#4,2-HIGH,3,HOUSEHOLD,SHIP,2,0.01,18,Brand#45,SM JAR,47,4,2,4718.2992
O,O,N,NONE,Manufacturer#1,2-HIGH,3,HOUSEHOLD,AIR,5,0.02,12,Brand#14,JUMBO PACK,7,35,0,46079.992
O,O,N,TAKE BACK RETURN,Manufacturer#3,5-LOW,2,FURNITURE,AIR,3,0.05,21,Brand#31,JUMBO BAG,9,32,1,29696.64
O,O,N,DELIVER IN PERSON,Manufacturer#2,3-MEDIUM,0,FURNITURE,RAIL,1,0.04,18,Brand#25,JUMBO BOX,9,12,2,11451.9168
F,F,R,NONE,Manufacturer#4,5-LOW,1,BUILDING,RAIL,1,0,21,Brand#42,MED CAN,11,26,1,33107.4432
F,F,R,TAKE BACK RETURN,Manufacturer#3,3-MEDIUM,4,HOUSEHOLD,SHIP,2,0.04,18,Brand#34,WRAP JAR,2,36,2,55751.04
F,F,R,TAKE BACK RETURN,Manufacturer#3,3-MEDIUM,4,HOUSEHOLD,TRUCK,3,0.07,21,Brand#35,MED CASE,27,28,1,30047.7996
F,F,A,TAKE BACK RETURN,Manufacturer#4,3-MEDIUM,4,HOUSEHOLD,RAIL,4,0.04,9,Brand#45,JUMBO CAN,38,11,4,17300.7252
O,O,N,DELIVER IN PERSON,Manufacturer#2,4-NOT SPECIFIED,4,BUILDING,MAIL,2,0,21,Brand#23,JUMBO BAG,44,4,1,6540.93
O,O,N,TAKE BACK RETURN,Manufacturer#3,1-URGENT,0,BUILDING,RAIL,4,0.04,9,Brand#31,LG CAN,8,16,4,18828.5568
O,O,N,DELIVER IN PERSON,Manufacturer#5,1-URGENT,0,BUILDING,REG AIR,1,0,9,Brand#53,MED JAR,40,1,4,1442.1045
O,O,N,COLLECT COD,Manufacturer#4,3-MEDIUM,4,MACHINERY,AIR,2,0,9,Brand#42,JUMBO JAR,15,1,4,1756.5827
F,F,R,NONE,Manufacturer#3,5-LOW,1,AUTOMOBILE,TRUCK,2,0.06,21,Brand#32,WRAP PKG,38,19,1,21398.18
O,O,N,NONE,Manufacturer#2,4-NOT SPECIFIED,1,AUTOMOBILE,FOB,2,0.06,18,Brand#23,LG JAR,3,20,2,23445.4
O,O,N,DELIVER IN PERSON,Manufacturer#3,4-NOT SPECIFIED,1,AUTOMOBILE,FOB,4,0.05,21,Brand#35,WRAP CASE,37,16,1,17681.552
F,F,R,DELIVER IN PERSON,Manufacturer#4,5-LOW,4,BUILDING,FOB,2,0.07,21,Brand#43,JUMBO BOX,11,6,1,8973.9744
F,F,A,TAKE BACK RETURN,Manufacturer#2,5-LOW,4,BUILDING,MAIL,4,0.04,8,Brand#21,MED PACK,12,23,3,38934.078
O,O,N,COLLECT COD,Manufacturer#3,4-NOT SPECIFIED,2,HOUSEHOLD,SHIP,1,0.02,18,Brand#31,MED PKG,21,7,2,8773.9694
O,O,N,COLLECT COD,Manufacturer#5,2-HIGH,2,BUILDING,FOB,3,0.01,9,Brand#54,JUMBO BOX,49,2,4,3317.9368
O,O,N,NONE,Manufacturer#3,2-HIGH,2,BUILDING,FOB,1,0.02,18,Brand#34,LG CASE,20,7,2,8905.701
F,F,R,TAKE BACK RETURN,Manufacturer#2,2-HIGH,4,AUTOMOBILE,TRUCK,3,0.05,21,Brand#25,LG DRUM,25,9,1,8250.8382
F,F,A,DELIVER IN PERSON,Manufacturer#2,2-HIGH,4,AUTOMOBILE,AIR,1,0.02,18,Brand#25,JUMBO BOX,9,36,2,33282.1332
F,F,R,TAKE BACK RETURN,Manufacturer#2,5-LOW,1,BUILDING,MAIL,6,0.04,21,Brand#21,WRAP CASE,19,48,1,44420.568
F,F,A,NONE,Manufacturer#3,5-LOW,1,BUILDING,SHIP,5,0.04,18,Brand#35,WRAP BOX,33,50,2,69825.665
F,F,R,TAKE BACK RETURN,Manufacturer#5,4-NOT SPECIFIED,2,BUILDING,MAIL,7,0.08,12,Brand#55,JUMBO CASE,10,24,0,24376.848
F,F,A,NONE,Manufacturer#1,3-MEDIUM,4,HOUSEHOLD,MAIL,5,0.05,9,Brand#15,WRAP CASE,19,45,4,50858.064
F,F,A,DELIVER IN PERSON,Manufacturer#3,2-HIGH,0,HOUSEHOLD,RAIL,1,0,9,Brand#33,MED CASE,10,19,4,28659.2922
O,O,N,COLLECT COD,Manufacturer#3,1-URGENT,3,AUTOMOBILE,TRUCK,5,0.04,21,Brand#31,JUMBO CAN,11,44,1,44282.8056
F,P,R,NONE,Manufacturer#3,5-LOW,0,BUILDING,RAIL,2,0.08,8,Brand#31,WRAP DRUM,29,49,3,63677.0288
F,P,N,NONE,Manufacturer#2,5-LOW,0,BUILDING,FOB,5,0.04,8,Brand#23,WRAP BAG,35,43,3,49521.4488
F,F,A,NONE,Manufacturer#2,3-MEDIUM,1,AUTOMOBILE,SHIP,4,0.02,12,Brand#23,WRAP DRUM,1,50,0,71950.725
F,F,A,COLLECT COD,Manufacturer#3,3-MEDIUM,1,AUTOMOBILE,AIR,5,0.05,18,Brand#33,WRAP BAG,17,5,2,7582.848
O,O,N,DELIVER IN PERSON,Manufacturer#4,2-HIGH,3,BUILDING,REG AIR,1,0.01,9,Brand#43,JUMBO BAG,43,1,4,1574.0384
F,F,R,NONE,Manufacturer#3,2-HIGH,0,HOUSEHOLD,REG AIR,3,0.05,18,Brand#34,SM PKG,9,19,2,17988.9701
F,F,A,DELIVER IN PERSON,Manufacturer#1,2-HIGH,0,HOUSEHOLD,AIR,2,0.04,12,Brand#12,JUMBO CAN,37,33,0,53351.43
F,F,A,TAKE BACK RETURN,Manufacturer#3,2-HIGH,0,HOUSEHOLD,RAIL,1,0.05,12,Brand#35,MED JAR,7,6,0,9892.7778
O,P,N,NONE,Manufacturer#4,4-NOT SPECIFIED,4,BUILDING,SHIP,3,0.07,9,Brand#43,LG DRUM,12,1,4,1168.171
O,O,N,TAKE BACK RETURN,Manufacturer#2,5-LOW,2,HOUSEHOLD,RAIL,3,0.02,18,Brand#25,JUMBO BOX,36,9,2,10614.321
F,F,A,DELIVER IN PERSON,Manufacturer#4,2-HIGH,4,BUILDING,SHIP,5,0.07,18,Brand#45,JUMBO CAN,13,48,2,55217.2032
F,F,A,NONE,Manufacturer#2,2-HIGH,4,BUILDING,FOB,3,0.08,12,Brand#25,WRAP JAR,23,50,0,52257
F,F,R,TAKE BACK RETURN,Manufacturer#5,2-HIGH,4,BUILDING,FOB,2,0.07,21,Brand#51,LG BOX,48,41,1,45506.4248
O,O,N,NONE,Manufacturer#4,1-URGENT,3,MACHINERY,REG AIR,1,0.08,21,Brand#44,LG CASE,44,30,1,53122.86
O,O,N,TAKE BACK RETURN,Manufacturer#5,1-URGENT,3,MACHINERY,REG AIR,3,0.06,12,Brand#51,JUMBO JAR,23,39,0,56578.1697
O,O,N,COLLECT COD,Manufacturer#3,1-URGENT,3,MACHINERY,MAIL,4,0.08,8,Brand#33,WRAP CAN,6,25,3,39089.28
O,O,N,TAKE BACK RETURN,Manufacturer#3,3-MEDIUM,2,AUTOMOBILE,FOB,4,0,9,Brand#31,LG PACK,36,27,4,39953.7225
O,O,N,COLLECT COD,Manufacturer#2,2-HIGH,0,FURNITURE,AIR,6,0.01,12,Brand#23,MED DRUM,19,3,0,4499.8458
O,O,N,TAKE BACK RETURN,Manufacturer#1,2-HIGH,0,FURNITURE,RAIL,5,0.01,8,Brand#13,JUMBO BOX,28,32,3,26908.4544
O,O,N,DELIVER IN PERSON,Manufacturer#3,1-URGENT,1,AUTOMOBILE,MAIL,1,0.02,8,Brand#35,MED CASE,27,47,3,54317.1762
O,O,N,DELIVER IN PERSON,Manufacturer#2,1-URGENT,1,AUTOMOBILE,TRUCK,5,0.06,18,Brand#24,JUMBO BOX,47,15,2,22888.1835
F,F,R,COLLECT COD,Manufacturer#1,5-LOW,1,HOUSEHOLD,FOB,5,0.02,18,Brand#14,WRAP JAR,41,39,2,47178.3585
F,F,R,COLLECT COD,Manufacturer#2,5-LOW,1,HOUSEHOLD,AIR,2,0.03,18,Brand#22,WRAP DRUM,37,10,2,13658.49
F,F,R,COLLECT COD,Manufacturer#2,5-LOW,1,HOUSEHOLD,MAIL,4,0.02,9,Brand#23,LG BAG,35,32,4,54491.6736
O,O,N,COLLECT COD,Manufacturer#4,5-LOW,3,BUILDING,TRUCK,1,0,8,Brand#45,MED DRUM,33,2,3,2779.1082
O,O,N,DELIVER IN PERSON,Manufacturer#5,1-URGENT,1,FURNITURE,RAIL,3,0.04,21,Brand#53,JUMBO BOX,11,2,1,3324.696
F,F,R,NONE,Manufacturer#5,2-HIGH,3,HOUSEHOLD,AIR,3,0.01,12,Brand#53,WRAP DRUM,10,8,0,7798.1176
F,F,R,TAKE BACK RETURN,Manufacturer#1,5-LOW,1,BUILDING,RAIL,4,0.04,9,Brand#11,MED JAR,33,3,4,3689.0115
F,F,A,NONE,Manufacturer#3,1-URGENT,0,FURNITURE,REG AIR,1,0.05,21,Brand#35,MED DRUM,34,11,1,15530.4556
F,F,R,COLLECT COD,Manufacturer#2,1-URGENT,0,FURNITURE,TRUCK,3,0.03,18,Brand#23,JUMBO BOX,40,38,2,64594.0568
F,F,R,TAKE BACK RETURN,Manufacturer#5,4-NOT SPECIFIED,2,BUILDING,AIR,6,0.04,12,Brand#53,SM CASE,37,28,0,50130.1248
O,O,N,DELIVER IN PERSON,Manufacturer#2,5-LOW,0,MACHINERY,TRUCK,6,0.02,21,Brand#21,SM BOX,26,46,1,79527.3024
O,O,N,TAKE BACK RETURN,Manufacturer#1,2-HIGH,4,BUILDING,REG AIR,4,0,18,Brand#14,LG PACK,45,37,2,49838.2822
O,O,N,TAKE BACK RETURN,Manufacturer#1,2-HIGH,4,BUILDING,AIR,2,0.05,9,Brand#13,WRAP BOX,26,28,4,30805.6868
F,F,R,COLLECT COD,Manufacturer#5,1-URGENT,1,MACHINERY,REG AIR,4,0.07,8,Brand#51,JUMBO PACK,30,35,3,49336.511
F,F,A,NONE,Manufacturer#1,1-URGENT,1,MACHINERY,REG AIR,2,0.05,21,Brand#14,SM PKG,13,18,1,17093.5488
F,P,R,TAKE BACK RETURN,Manufacturer#4,2-HIGH,0,AUTOMOBILE,MAIL,5,0.08,21,Brand#41,MED CAN,8,16,1,23517.9968
F,F,A,TAKE BACK RETURN,Manufacturer#5,3-MEDIUM,1,AUTOMOBILE,AIR,2,0.03,18,Brand#52,JUMBO JAR,35,26,2,36576.6596
F,F,R,COLLECT COD,Manufacturer#4,4-NOT SPECIFIED,4,HOUSEHOLD,AIR,4,0.04,8,Brand#42,WRAP CAN,16,29,3,39034.899
O,O,N,COLLECT COD,Manufacturer#3,3-MEDIUM,1,BUILDING,SHIP,4,0.02,8,Brand#31,JUMBO BOX,34,48,3,79487.2512
O,O,N,COLLECT COD,Manufacturer#1,3-MEDIUM,1,BUILDING,SHIP,2,0,8,Brand#15,SM JAR,15,21,3,25703.3007
O,O,N,DELIVER IN PERSON,Manufacturer#4,3-MEDIUM,1,BUILDING,TRUCK,1,0.05,18,Brand#45,MED DRUM,34,35,2,50258.698
O,O,N,NONE,Manufacturer#3,3-MEDIUM,1,BUILDING,REG AIR,3,0.07,9,Brand#31,MED JAR,21,10,4,13569.276
F,F,R,COLLECT COD,Manufacturer#4,1-URGENT,4,HOUSEHOLD,REG AIR,6,0.03,8,Brand#41,SM CAN,4,25,3,31738.905
F,F,R,COLLECT COD,Manufacturer#3,2-HIGH,1,AUTOMOBILE,REG AIR,2,0.02,9,Brand#31,LG PACK,18,48,4,84769.9776
O,O,N,COLLECT COD,Manufacturer#3,1-URGENT,1,MACHINERY,TRUCK,1,0.03,21,Brand#35,WRAP BOX,44,11,1,17233.8782
F,F,A,DELIVER IN PERSON,Manufacturer#2,1-URGENT,0,HOUSEHOLD,TRUCK,6,0.02,21,Brand#25,SM CASE,22,26,1,24972.1836
F,F,A,DELIVER IN PERSON,Manufacturer#3,1-URGENT,0,HOUSEHOLD,AIR,5,0.05,8,Brand#35,WRAP BOX,14,1,3,1172.1348
F,F,A,NONE,Manufacturer#1,2-HIGH,1,AUTOMOBILE,FOB,1,0.03,8,Brand#11,MED BAG,49,29,3,51636.5822
O,O,N,NONE,Manufacturer#3,1-URGENT,1,BUILDING,REG AIR,3,0.01,12,Brand#31,MED JAR,21,4,0,5369.9688
O,O,N,NONE,Manufacturer#5,1-URGENT,1,BUILDING,RAIL,2,0.06,12,Brand#52,JUMBO PKG,21,44,0,40145.7936
O,O,N,TAKE BACK RETURN,Manufacturer#1,1-URGENT,1,BUILDING,REG AIR,1,0.08,8,Brand#11,SM CAN,45,40,3,62436.132
O,O,N,DELIVER IN PERSON,Manufacturer#3,2-HIGH,0,MACHINERY,SHIP,1,0,21,Brand#34,WRAP PACK,13,22,1,25091.2508
O,O,N,COLLECT COD,Manufacturer#2,2-HIGH,2,FURNITURE,REG AIR,4,0.04,21,Brand#25,SM CAN,1,24,1,30185.784
O,O,N,TAKE BACK RETURN,Manufacturer#5,4-NOT SPECIFIED,1,MACHINERY,REG AIR,5,0.04,18,Brand#53,LG CASE,37,32,2,40184.0768
O,O,N,TAKE BACK RETURN,Manufacturer#2,4-NOT SPECIFIED,1,MACHINERY,REG AIR,1,0.02,9,Brand#24,MED PKG,6,17,4,17835.38
O,O,N,TAKE BACK RETURN,Manufacturer#3,4-NOT SPECIFIED,1,MACHINERY,RAIL,3,0.06,8,Brand#34,LG CAN,35,43,3,46496.6955
F,F,R,DELIVER IN PERSON,Manufacturer#3,5-LOW,0,BUILDING,SHIP,3,0.03,12,Brand#33,WRAP CASE,17,9,0,13747.293
F,F,R,TAKE BACK RETURN,Manufacturer#2,5-LOW,0,BUILDING,MAIL,2,0.02,12,Brand#23,MED DRUM,19,11,0,16148.3828
F,F,A,TAKE BACK RETURN,Manufacturer#5,1-URGENT,2,FURNITURE,SHIP,1,0.06,21,Brand#55,MED JAR,12,34,1,51020.06
O,O,N,DELIVER IN PERSON,Manufacturer#1,3-MEDIUM,1,AUTOMOBILE,FOB,1,0.08,12,Brand#15,WRAP BAG,6,4,0,6626.592
O,O,N,TAKE BACK RETURN,Manufacturer#5,3-MEDIUM,1,AUTOMOBILE,TRUCK,6,0.08,18,Brand#53,LG JAR,26,43,2,69936.1116
F,F,R,TAKE BACK RETURN,Manufacturer#2,2-HIGH,4,BUILDING,TRUCK,7,0.05,9,Brand#21,JUMBO JAR,47,4,4,5442.8416
O,O,N,TAKE BACK RETURN,Manufacturer#3,4-NOT SPECIFIED,0,MACHINERY,SHIP,2,0.01,8,Brand#32,LG DRUM,26,2,3,2666.844
O,O,N,TAKE BACK RETURN,Manufacturer#3,4-NOT SPECIFIED,0,MACHINERY,FOB,3,0.01,18,Brand#33,SM BOX,32,21,2,34510.0896
O,O,N,COLLECT COD,Manufacturer#3,1-URGENT,0,FURNITURE,RAIL,1,0.02,9,Brand#34,LG BAG,23,24,4,35388.9696
F,F,R,TAKE BACK RETURN,Manufacturer#3,1-URGENT,3,MACHINERY,MAIL,1,0.01,18,Brand#32,WRAP BOX,20,41,2,62634.9087
F,F,R,TAKE BACK RETURN,Manufacturer#4,2-HIGH,0,BUILDING,FOB,4,0.03,21,Brand#41,MED CASE,15,42,1,49838.0568
F,F,R,DELIVER IN PERSON,Manufacturer#4,2-HIGH,0,BUILDING,RAIL,6,0.04,18,Brand#41,JUMBO CASE,45,26,2,35582.9136
F,F,A,TAKE BACK RETURN,Manufacturer#5,4-NOT SPECIFIED,0,BUILDING,TRUCK,5,0.08,8,Brand#54,MED JAR,13,28,3,38835.776
F,F,A,TAKE BACK RETURN,Manufacturer#5,1-URGENT,2,FURNITURE,AIR,2,0.07,9,Brand#55,LG JAR,38,17,4,20998.791
F,F,A,COLLECT COD,Manufacturer#5,1-URGENT,2,FURNITURE,TRUCK,1,0,12,Brand#54,MED CASE,3,18,0,23973.1128
O,O,N,TAKE BACK RETURN,Manufacturer#1,3-MEDIUM,0,BUILDING,REG AIR,3,0.03,8,Brand#11,MED CASE,13,25,3,25917.4825
F,F,R,DELIVER IN PERSON,Manufacturer#2,4-NOT SPECIFIED,1,BUILDING,AIR,2,0.02,18,Brand#25,SM BAG,44,50,2,69634.26
O,O,N,TAKE BACK RETURN,Manufacturer#4,5-LOW,3,AUTOMOBILE,MAIL,1,0.01,21,Brand#44,JUMBO PKG,46,14,1,12629.6716
O,O,N,TAKE BACK RETURN,Manufacturer#1,2-HIGH,3,FURNITURE,REG AIR,1,0.01,9,Brand#11,JUMBO BAG,24,18,4,30568.7664
F,F,A,COLLECT COD,Manufacturer#5,3-MEDIUM,2,AUTOMOBILE,REG AIR,1,0.03,9,Brand#53,LG JAR,31,41,4,53672.895
F,F,A,DELIVER IN PERSON,Manufacturer#3,3-MEDIUM,2,AUTOMOBILE,FOB,4,0.07,8,Brand#34,SM BAG,47,31,3,52497.3995
F,F,A,COLLECT COD,Manufacturer#3,3-MEDIUM,2,AUTOMOBILE,FOB,5,0.08,12,Brand#32,LG DRUM,26,46,0,62700.4656
F,F,A,DELIVER IN PERSON,Manufacturer#1,2-HIGH,2,MACHINERY,AIR,3,0,21,Brand#15,JUMBO JAR,3,45,1,54295.7715
F,F,A,COLLECT COD,Manufacturer#5,2-HIGH,0,BUILDING,REG AIR,1,0.07,18,Brand#53,JUMBO CASE,27,50,2,47402
F,F,R,DELIVER IN PERSON,Manufacturer#5,2-HIGH,0,BUILDING,AIR,4,0.01,12,Brand#52,JUMBO PKG,21,4,0,3885.0768
F,F,R,TAKE BACK RETURN,Manufacturer#3,2-HIGH,4,HOUSEHOLD,AIR,4,0.07,18,Brand#34,JUMBO DRUM,30,30,2,38086.686
F,F,R,DELIVER IN PERSON,Manufacturer#2,3-MEDIUM,4,BUILDING,REG AIR,4,0.01,18,Brand#21,MED PACK,24,21,2,20852.6409
F,F,A,TAKE BACK RETURN,Manufacturer#5,3-MEDIUM,4,BUILDING,TRUCK,3,0.04,21,Brand#52,SM PKG,50,16,1,27988.8336
F,F,A,DELIVER IN PERSON,Manufacturer#2,3-MEDIUM,1,MACHINERY,RAIL,4,0.01,8,Brand#22,MED JAR,19,1,3,1061.3532
F,F,A,NONE,Manufacturer#3,3-MEDIUM,1,MACHINERY,MAIL,1,0,21,Brand#34,SM DRUM,4,4,1,5355.0516
F,F,R,TAKE BACK RETURN,Manufacturer#2,3-MEDIUM,3,MACHINERY,RAIL,2,0.07,12,Brand#22,LG JAR,45,34,0,42659.3376
F,F,R,NONE,Manufacturer#4,3-MEDIUM,3,MACHINERY,AIR,4,0.04,21,Brand#41,LG PACK,43,3,1,4821.1425
F,F,R,COLLECT COD,Manufacturer#4,2-HIGH,1,AUTOMOBILE,MAIL,6,0.07,8,Brand#42,SM JAR,4,36,3,53481.384
F,F,A,TAKE BACK RETURN,Manufacturer#4,2-HIGH,1,AUTOMOBILE,SHIP,3,0.07,8,Brand#42,JUMBO BAG,1,8,3,13272.0672
F,F,A,NONE,Manufacturer#1,2-HIGH,1,AUTOMOBILE,MAIL,2,0.06,12,Brand#15,MED PACK,22,24,0,27349.1424
O,O,N,DELIVER IN PERSON,Manufacturer#1,1-URGENT,0,MACHINERY,REG AIR,2,0.05,8,Brand#13,MED PKG,6,19,3,18830.71
O,O,N,COLLECT COD,Manufacturer#1,1-URGENT,0,MACHINERY,REG AIR,3,0.03,21,Brand#12,JUMBO PACK,21,30,1,36540.504
F,F,R,NONE,Manufacturer#1,5-LOW,1,HOUSEHOLD,REG AIR,1,0.06,21,Brand#12,SM DRUM,16,32,1,33097.0368
O,O,N,COLLECT COD,Manufacturer#3,3-MEDIUM,3,FURNITURE,REG AIR,1,0.03,12,Brand#34,JUMBO DRUM,30,18,0,21467.0412
F,F,A,DELIVER IN PERSON,Manufacturer#3,5-LOW,2,BUILDING,FOB,4,0.07,21,Brand#32,WRAP PACK,24,19,1,25352.4486
O,O,N,COLLECT COD,Manufacturer#1,5-LOW,3,BUILDING,AIR,1,0,8,Brand#11,WRAP CASE,26,25,3,42065.16
O,O,N,TAKE BACK RETURN,Manufacturer#5,5-LOW,3,BUILDING,REG AIR,4,0.01,18,Brand#52,LG PKG,39,21,2,24125.3166
O,O,N,COLLECT COD,Manufacturer#3,3-MEDIUM,3,FURNITURE,REG AIR,3,0.07,18,Brand#32,LG PKG,6,12,2,15486.33
O,O,N,TAKE BACK RETURN,Manufacturer#1,3-MEDIUM,3,FURNITURE,TRUCK,6,0.07,9,Brand#15,JUMBO CASE,3,50,4,59761.35
O,O,N,NONE,Manufacturer#3,5-LOW,3,AUTOMOBILE,TRUCK,5,0.08,18,Brand#34,WRAP PKG,27,15,2,18686.4975
F,F,A,TAKE BACK RETURN,Manufacturer#1,5-LOW,1,HOUSEHOLD,REG AIR,2,0,12,Brand#15,SM CASE,34,39,0,51834.9312
F,F,A,DELIVER IN PERSON,Manufacturer#2,5-LOW,1,HOUSEHOLD,TRUCK,1,0.03,8,Brand#24,WRAP CAN,19,4,3,4324.72
O,O,N,TAKE BACK RETURN,Manufacturer#2,3-MEDIUM,2,AUTOMOBILE,RAIL,3,0.08,12,Brand#23,SM JAR,1,50,0,88220.64
O,O,N,TAKE BACK RETURN,Manufacturer#3,3-MEDIUM,2,AUTOMOBILE,RAIL,1,0.02,18,Brand#33,JUMBO PKG,10,40,2,43210.44
O,O,N,TAKE BACK RETURN,Manufacturer#5,1-URGENT,3,BUILDING,RAIL,7,0.01,18,Brand#54,WRAP BOX,13,50,2,82974.285
O,O,N,NONE,Manufacturer#2,1-URGENT,3,BUILDING,REG AIR,2,0.03,18,Brand#25,WRAP PACK,37,48,2,89375.5296
O,O,N,DELIVER IN PERSON,Manufacturer#4,1-URGENT,3,BUILDING,RAIL,5,0.06,18,Brand#44,LG PKG,41,15,2,17734.2
O,O,N,TAKE BACK RETURN,Manufacturer#2,2-HIGH,1,BUILDING,TRUCK,5,0.05,8,Brand#22,JUMBO CAN,47,9,3,11707.8444
O,O,N,COLLECT COD,Manufacturer#3,1-URGENT,4,HOUSEHOLD,MAIL,3,0.05,9,Brand#35,MED BAG,44,21,4,36379.6356
O,O,N,TAKE BACK RETURN,Manufacturer#3,1-URGENT,4,HOUSEHOLD,RAIL,6,0.08,9,Brand#33,MED CASE,10,7,4,10558.6866
O,O,N,NONE,Manufacturer#5,1-URGENT,4,HOUSEHOLD,MAIL,1,0.06,12,Brand#51,WRAP CAN,28,11,0,12872.86
O,O,N,TAKE BACK RETURN,Manufacturer#4,5-LOW,4,FURNITURE,FOB,3,0.01,18,Brand#45,JUMBO CAN,13,22,2,25571.5086
O,O,N,NONE,Manufacturer#4,5-LOW,4,FURNITURE,TRUCK,2,0.06,9,Brand#41,JUMBO DRUM,31,2,4,3186.547
F,F,A,NONE,Manufacturer#5,1-URGENT,1,HOUSEHOLD,REG AIR,1,0.05,18,Brand#51,WRAP DRUM,21,22,2,34675.6036
F,F,A,TAKE BACK RETURN,Manufacturer#5,1-URGENT,1,HOUSEHOLD,TRUCK,2,0.06,8,Brand#55,LG BAG,10,9,3,10442.34
F,F,R,DELIVER IN PERSON,Manufacturer#4,4-NOT SPECIFIED,0,AUTOMOBILE,REG AIR,3,0.01,18,Brand#45,MED JAR,39,40,2,70884.496
F,F,R,NONE,Manufacturer#2,4-NOT SPECIFIED,0,AUTOMOBILE,RAIL,2,0.06,12,Brand#22,SM PACK,19,22,0,27336.5092
F,F,A,COLLECT COD,Manufacturer#1,4-NOT SPECIFIED,0,AUTOMOBILE,SHIP,4,0.01,18,Brand#14,JUMBO BAG,10,19,2,31551.9168
F,F,A,TAKE BACK RETURN,Manufacturer#5,3-MEDIUM,1,FURNITURE,TRUCK,6,0.08,18,Brand#53,MED PKG,47,13,2,20312.539
F,F,R,DELIVER IN PERSON,Manufacturer#5,2-HIGH,1,MACHINERY,REG AIR,3,0,8,Brand#54,JUMBO DRUM,21,26,3,28657.2
F,F,A,TAKE BACK RETURN,Manufacturer#2,1-URGENT,4,FURNITURE,REG AIR,2,0.06,8,Brand#22,LG BOX,9,45,3,66970.701
F,F,A,COLLECT COD,Manufacturer#1,1-URGENT,4,FURNITURE,REG AIR,3,0,9,Brand#11,SM PACK,32,6,4,9813.888
F,F,A,COLLECT COD,Manufacturer#5,2-HIGH,0,MACHINERY,REG AIR,4,0.05,8,Brand#55,WRAP PKG,27,49,3,79537.3292
F,F,R,DELIVER IN PERSON,Manufacturer#4,2-HIGH,0,BUILDING,AIR,2,0.07,21,Brand#41,WRAP PKG,26,12,1,13240.1616
F,F,R,COLLECT COD,Manufacturer#2,2-HIGH,0,BUILDING,FOB,4,0.02,21,Brand#22,SM CASE,42,44,1,61017.3696
F,F,A,TAKE BACK RETURN,Manufacturer#5,3-MEDIUM,1,FURNITURE,REG AIR,3,0.05,9,Brand#53,LG PACK,46,39,4,35365.7889
F,F,R,DELIVER IN PERSON,Manufacturer#3,3-MEDIUM,1,FURNITURE,REG AIR,1,0.05,9,Brand#31,WRAP CASE,26,7,4,12308.8175
F,F,R,NONE,Manufacturer#1,4-NOT SPECIFIED,3,FURNITURE,FOB,1,0.08,18,Brand#15,LG CASE,25,43,2,44341.7376
F,F,R,TAKE BACK RETURN,Manufacturer#3,4-NOT SPECIFIED,3,FURNITURE,REG AIR,4,0.01,9,Brand#35,WRAP CASE,1,30,4,33126.912
F,F,R,NONE,Manufacturer#3,4-NOT SPECIFIED,3,FURNITURE,AIR,3,0,21,Brand#31,SM PKG,4,19,1,17969.4172
O,O,N,COLLECT COD,Manufacturer#2,5-LOW,0,BUILDING,TRUCK,7,0.04,9,Brand#21,JUMBO JAR,47,13,4,16425.7184
O,O,N,DELIVER IN PERSON,Manufacturer#4,5-LOW,0,BUILDING,MAIL,5,0.05,18,Brand#45,JUMBO PACK,34,5,2,4707.6975
O,O,N,DELIVER IN PERSON,Manufacturer#1,5-LOW,0,BUILDING,RAIL,2,0.02,9,Brand#11,MED BOX,25,15,4,23139.5625
O,O,N,TAKE BACK RETURN,Manufacturer#5,5-LOW,0,BUILDING,FOB,4,0.01,18,Brand#53,MED JAR,40,14,2,20406.554
O,O,N,COLLECT COD,Manufacturer#1,3-MEDIUM,4,FURNITURE,AIR,1,0.05,12,Brand#13,WRAP DRUM,19,22,0,23633.8564
O,O,N,NONE,Manufacturer#3,3-MEDIUM,4,FURNITURE,FOB,4,0.06,12,Brand#34,MED JAR,50,13,0,17933.11
F,P,R,TAKE BACK RETURN,Manufacturer#3,4-NOT SPECIFIED,3,FURNITURE,MAIL,4,0.06,9,Brand#31,LG PACK,18,30,4,51375.744
F,F,A,DELIVER IN PERSON,Manufacturer#3,5-LOW,3,MACHINERY,RAIL,1,0.06,18,Brand#31,SM CASE,30,15,2,14215.782
F,F,R,NONE,Manufacturer#4,5-LOW,3,MACHINERY,REG AIR,6,0.02,8,Brand#42,JUMBO BOX,10,5,3,7072.55
F,F,A,NONE,Manufacturer#3,5-LOW,3,MACHINERY,REG AIR,2,0.03,18,Brand#35,LG BOX,42,36,2,45080.064
O,O,N,COLLECT COD,Manufacturer#3,3-MEDIUM,3,FURNITURE,TRUCK,2,0.06,9,Brand#35,SM BAG,21,27,4,27786.969
O,O,N,TAKE BACK RETURN,Manufacturer#4,3-MEDIUM,3,FURNITURE,FOB,5,0.07,21,Brand#42,JUMBO DRUM,13,24,1,31748.772
F,F,A,NONE,Manufacturer#2,2-HIGH,2,HOUSEHOLD,RAIL,1,0.02,8,Brand#25,WRAP PACK,10,50,3,75765.69
F,F,R,DELIVER IN PERSON,Manufacturer#5,4-NOT SPECIFIED,3,HOUSEHOLD,REG AIR,4,0.05,18,Brand#52,WRAP CASE,36,19,2,33049.2384
F,F,R,COLLECT COD,Manufacturer#3,4-NOT SPECIFIED,3,HOUSEHOLD,RAIL,5,0.01,21,Brand#34,MED PACK,2,28,1,38622.276
F,F,R,DELIVER IN PERSON,Manufacturer#1,4-NOT SPECIFIED,3,HOUSEHOLD,SHIP,3,0.06,21,Brand#12,LG CASE,17,15,1,15775.599
F,F,A,COLLECT COD,Manufacturer#4,4-NOT SPECIFIED,0,AUTOMOBILE,FOB,2,0.06,18,Brand#44,WRAP CAN,41,37,2,34418.1844
F,F,R,DELIVER IN PERSON,Manufacturer#4,4-NOT SPECIFIED,0,AUTOMOBILE,RAIL,3,0.07,9,Brand#45,SM BOX,39,29,4,34281.567
O,O,N,NONE,Manufacturer#4,2-HIGH,2,AUTOMOBILE,SHIP,2,0.05,9,Brand#42,JUMBO CASE,6,1,4,1595.9226
F,F,A,COLLECT COD,Manufacturer#2,5-LOW,0,BUILDING,AIR,3,0.07,21,Brand#21,MED PKG,20,34,1,44912.504
F,F,R,COLLECT COD,Manufacturer#5,1-URGENT,4,BUILDING,REG AIR,1,0.01,9,Brand#51,MED CASE,40,35,4,58082.43
F,F,R,COLLECT COD,Manufacturer#1,2-HIGH,2,FURNITURE,FOB,1,0.08,8,Brand#14,WRAP PKG,40,9,3,12549.735
F,F,A,TAKE BACK RETURN,Manufacturer#4,2-HIGH,2,FURNITURE,REG AIR,4,0.02,18,Brand#42,MED CASE,29,32,2,37554.032
O,O,N,TAKE BACK RETURN,Manufacturer#4,3-MEDIUM,0,HOUSEHOLD,SHIP,3,0.04,12,Brand#45,LG PKG,16,44,0,48205.85
O,O,N,DELIVER IN PERSON,Manufacturer#4,3-MEDIUM,0,HOUSEHOLD,SHIP,4,0,18,Brand#43,JUMBO CAN,37,21,2,25828.2486
O,O,N,NONE,Manufacturer#5,3-MEDIUM,0,HOUSEHOLD,RAIL,2,0.03,8,Brand#55,SM BAG,26,45,3,71355.33
O,O,N,DELIVER IN PERSON,Manufacturer#1,2-HIGH,0,BUILDING,AIR,3,0.05,18,Brand#14,JUMBO PACK,17,29,2,38460.4032
F,F,R,NONE,Manufacturer#1,2-HIGH,1,AUTOMOBILE,FOB,1,0.04,18,Brand#13,JUMBO JAR,16,24,2,41246.0208
F,F,R,DELIVER IN PERSON,Manufacturer#5,2-HIGH,1,AUTOMOBILE,AIR,2,0.01,21,Brand#52,SM PKG,50,3,1,5473.6227
O,O,N,DELIVER IN PERSON,Manufacturer#5,3-MEDIUM,1,FURNITURE,AIR,4,0.06,21,Brand#52,SM JAR,18,6,1,6385.6458
O,O,N,TAKE BACK RETURN,Manufacturer#2,3-MEDIUM,1,FURNITURE,MAIL,1,0.08,12,Brand#25,JUMBO CASE,20,28,0,38893.0836
O,O,N,DELIVER IN PERSON,Manufacturer#3,3-MEDIUM,1,FURNITURE,MAIL,5,0.07,18,Brand#35,JUMBO DRUM,21,5,2,6467.916
F,F,A,DELIVER IN PERSON,Manufacturer#4,4-NOT SPECIFIED,4,BUILDING,MAIL,1,0.07,12,Brand#43,JUMBO DRUM,38,4,0,3352.5168
O,O,N,COLLECT COD,Manufacturer#2,3-MEDIUM,0,BUILDING,SHIP,1,0,8,Brand#22,SM PACK,50,43,3,59506.281
O,O,N,DELIVER IN PERSON,Manufacturer#4,3-MEDIUM,0,BUILDING,RAIL,3,0.08,9,Brand#43,LG DRUM,12,4,4,4383.652
O,O,N,NONE,Manufacturer#4,1-URGENT,0,BUILDING,TRUCK,4,0.02,21,Brand#43,WRAP BAG,20,2,1,2883.9652
F,F,A,COLLECT COD,Manufacturer#5,3-MEDIUM,1,BUILDING,REG AIR,1,0.01,8,Brand#53,SM PKG,50,49,3,51040.9284
F,F,R,NONE,Manufacturer#3,3-MEDIUM,1,BUILDING,AIR,3,0.04,12,Brand#33,MED PACK,30,34,0,52213.8816
O,O,N,COLLECT COD,Manufacturer#5,2-HIGH,3,AUTOMOBILE,SHIP,2,0.08,18,Brand#54,WRAP BOX,13,20,2,32163.228
O,O,N,NONE,Manufacturer#1,2-HIGH,1,BUILDING,MAIL,2,0.03,8,Brand#12,MED PACK,48,30,3,48453.951
O,O,N,NONE,Manufacturer#4,2-HIGH,1,BUILDING,MAIL,3,0.01,21,Brand#44,WRAP CAN,16,19,1,32489.829
O,O,N,COLLECT COD,Manufacturer#3,2-HIGH,4,HOUSEHOLD,TRUCK,2,0.03,21,Brand#34,LG PKG,39,20,1,35080.048
O,O,N,NONE,Manufacturer#4,2-HIGH,4,BUILDING,RAIL,6,0.08,9,Brand#45,MED DRUM,34,24,4,32996.592
O,O,N,TAKE BACK RETURN,Manufacturer#3,2-HIGH,4,BUILDING,MAIL,1,0.01,18,Brand#32,MED CASE,29,5,2,6061.55
O,O,N,DELIVER IN PERSON,Manufacturer#1,2-HIGH,4,BUILDING,MAIL,3,0.06,8,Brand#11,LG CASE,39,42,3,66759.84
O,O,N,NONE,Manufacturer#1,2-HIGH,4,BUILDING,AIR,5,0.08,8,Brand#11,LG CASE,39,7,3,11358.445
O,O,N,NONE,Manufacturer#4,5-LOW,1,HOUSEHOLD,SHIP,7,0.05,21,Brand#45,LG PKG,38,34,1,39705.1864
O,O,N,COLLECT COD,Manufacturer#5,5-LOW,1,HOUSEHOLD,RAIL,1,0.04,8,Brand#54,MED CAN,9,39,3,41165.8494
O,O,N,NONE,Manufacturer#4,5-LOW,1,HOUSEHOLD,REG AIR,4,0.04,18,Brand#45,JUMBO CAN,38,14,2,20462.1984
O,O,N,COLLECT COD,Manufacturer#1,5-LOW,1,HOUSEHOLD,TRUCK,3,0.03,21,Brand#12,WRAP BAG,17,39,1,38780.2896
O,O,N,NONE,Manufacturer#5,4-NOT SPECIFIED,1,AUTOMOBILE,REG AIR,3,0,12,Brand#54,LG BAG,10,28,0,36324.5988
F,F,R,DELIVER IN PERSON,Manufacturer#3,3-MEDIUM,3,FURNITURE,SHIP,3,0,12,Brand#32,LG DRUM,26,12,0,16178.8536
F,F,A,NONE,Manufacturer#4,5-LOW,2,AUTOMOBILE,RAIL,3,0.06,21,Brand#45,MED CASE,23,21,1,23393.3238
O,O,N,DELIVER IN PERSON,Manufacturer#3,3-MEDIUM,4,AUTOMOBILE,FOB,5,0.08,18,Brand#32,WRAP BOX,20,48,2,77357.7216
O,O,N,COLLECT COD,Manufacturer#1,3-MEDIUM,4,AUTOMOBILE,FOB,6,0.02,18,Brand#13,LG PACK,1,25,2,30392.66
O,O,N,COLLECT COD,Manufacturer#3,2-HIGH,4,BUILDING,SHIP,2,0,9,Brand#32,WRAP CAN,25,29,4,35897.5485
F,F,A,DELIVER IN PERSON,Manufacturer#5,4-NOT SPECIFIED,3,AUTOMOBILE,TRUCK,1,0.06,21,Brand#51,SM CAN,15,25,1,39968.565
F,F,A,TAKE BACK RETURN,Manufacturer#5,4-NOT SPECIFIED,3,AUTOMOBILE,SHIP,3,0,8,Brand#51,WRAP BOX,25,5,3,7418.657
F,F,A,TAKE BACK RETURN,Manufacturer#5,4-NOT SPECIFIED,3,AUTOMOBILE,REG AIR,4,0.02,8,Brand#54,WRAP DRUM,18,9,3,8390.0538
F,F,A,DELIVER IN PERSON,Manufacturer#4,4-NOT SPECIFIED,3,AUTOMOBILE,REG AIR,6,0.05,9,Brand#41,JUMBO DRUM,31,30,4,50424.48
F,F,A,DELIVER IN PERSON,Manufacturer#1,4-NOT SPECIFIED,3,AUTOMOBILE,FOB,2,0.01,8,Brand#12,LG BAG,45,20,3,27592.456
F,F,A,TAKE BACK RETURN,Manufacturer#3,3-MEDIUM,4,AUTOMOBILE,FOB,1,0.03,9,Brand#31,SM PKG,27,36,4,48865.734
O,O,N,NONE,Manufacturer#5,1-URGENT,4,FURNITURE,SHIP,4,0.02,12,Brand#54,MED BAG,31,32,0,50626.08
F,F,R,NONE,Manufacturer#3,4-NOT SPECIFIED,3,BUILDING,RAIL,1,0,8,Brand#35,MED BAG,43,4,3,6892.3776
O,O,N,TAKE BACK RETURN,Manufacturer#4,5-LOW,4,MACHINERY,MAIL,1,0.04,21,Brand#43,JUMBO BOX,11,17,1,26531.7504
F,F,A,DELIVER IN PERSON,Manufacturer#1,5-LOW,3,HOUSEHOLD,RAIL,4,0.07,21,Brand#11,LG JAR,30,42,1,61970.496
O,O,N,COLLECT COD,Manufacturer#3,2-HIGH,3,AUTOMOBILE,RAIL,2,0.01,18,Brand#31,MED PKG,21,48,2,64004.64
F,F,A,NONE,Manufacturer#2,4-NOT SPECIFIED,1,AUTOMOBILE,AIR,1,0.07,18,Brand#24,MED DRUM,31,41,2,38132.4272
O,O,N,NONE,Manufacturer#2,5-LOW,0,BUILDING,AIR,3,0.08,12,Brand#21,MED PACK,12,34,0,55737.2064
F,F,A,NONE,Manufacturer#3,1-URGENT,2,AUTOMOBILE,RAIL,2,0.04,21,Brand#34,SM DRUM,4,44,1,59538.9608
F,F,A,NONE,Manufacturer#5,4-NOT SPECIFIED,3,AUTOMOBILE,AIR,3,0.03,9,Brand#51,JUMBO BOX,47,24,4,37342.2336
F,F,A,DELIVER IN PERSON,Manufacturer#4,4-NOT SPECIFIED,3,AUTOMOBILE,AIR,1,0.04,8,Brand#42,SM JAR,49,39,3,43654.9035
F,F,R,COLLECT COD,Manufacturer#3,5-LOW,4,BUILDING,SHIP,1,0.07,12,Brand#34,MED CASE,43,27,0,27801.792
F,F,R,COLLECT COD,Manufacturer#2,1-URGENT,3,HOUSEHOLD,REG AIR,4,0.02,8,Brand#22,WRAP DRUM,26,31,3,49989.9552
O,O,N,COLLECT COD,Manufacturer#2,2-HIGH,0,BUILDING,SHIP,4,0.02,9,Brand#24,WRAP CAN,34,43,4,59759.336
O,O,N,TAKE BACK RETURN,Manufacturer#2,2-HIGH,0,BUILDING,RAIL,3,0.02,18,Brand#21,LG DRUM,21,4,2,5826.208
O,O,N,NONE,Manufacturer#5,2-HIGH,0,BUILDING,MAIL,1,0.01,9,Brand#54,WRAP CAN,13,4,4,3330.6364
O,O,N,COLLECT COD,Manufacturer#5,2-HIGH,0,BUILDING,MAIL,2,0.06,21,Brand#55,WRAP BOX,17,20,1,23545.344
O,O,N,COLLECT COD,Manufacturer#3,4-NOT SPECIFIED,4,FURNITURE,SHIP,5,0.03,21,Brand#33,WRAP PACK,33,36,1,44597.628
O,O,N,NONE,Manufacturer#5,4-NOT SPECIFIED,4,FURNITURE,FOB,6,0.03,8,Brand#55,WRAP DRUM,9,45,3,70673.148
O,O,N,COLLECT COD,Manufacturer#4,1-URGENT,2,FURNITURE,REG AIR,2,0.04,18,Brand#41,SM CAN,26,32,2,50260.672
O,O,N,DELIVER IN PERSON,Manufacturer#2,1-URGENT,2,FURNITURE,MAIL,1,0.04,12,Brand#21,MED PACK,12,15,0,26193.636
F,F,R,COLLECT COD,Manufacturer#5,3-MEDIUM,3,HOUSEHOLD,MAIL,3,0,18,Brand#51,MED PKG,47,18,2,28065.7224
F,F,R,TAKE BACK RETURN,Manufacturer#1,3-MEDIUM,3,HOUSEHOLD,RAIL,1,0,18,Brand#11,LG JAR,30,23,2,33936.224
O,O,N,COLLECT COD,Manufacturer#1,3-MEDIUM,3,BUILDING,REG AIR,1,0.05,21,Brand#14,MED BOX,1,9,1,12093.354
F,F,R,DELIVER IN PERSON,Manufacturer#1,2-HIGH,2,AUTOMOBILE,TRUCK,3,0.03,21,Brand#13,MED PACK,20,31,1,43709.814
F,F,R,DELIVER IN PERSON,Manufacturer#2,2-HIGH,2,AUTOMOBILE,AIR,1,0.08,9,Brand#22,LG BOX,9,49,4,72923.6522
F,P,R,COLLECT COD,Manufacturer#4,2-HIGH,4,FURNITURE,RAIL,5,0.08,18,Brand#45,WRAP DRUM,2,49,2,45516.933
O,O,N,DELIVER IN PERSON,Manufacturer#4,2-HIGH,4,BUILDING,MAIL,3,0.02,21,Brand#42,WRAP JAR,2,46,1,70791.6264
F,F,A,NONE,Manufacturer#2,1-URGENT,4,BUILDING,TRUCK,2,0.01,21,Brand#23,WRAP BAG,35,12,1,14247.36
O,O,N,DELIVER IN PERSON,Manufacturer#4,3-MEDIUM,4,FURNITURE,SHIP,4,0.03,21,Brand#43,LG PKG,15,4,1,4598.5896
O,O,N,DELIVER IN PERSON,Manufacturer#3,3-MEDIUM,4,FURNITURE,RAIL,2,0,8,Brand#34,SM PACK,25,29,3,29577.303
O,O,N,TAKE BACK RETURN,Manufacturer#3,3-MEDIUM,4,FURNITURE,AIR,1,0,18,Brand#33,SM BOX,32,35,2,53922.015
O,O,N,DELIVER IN PERSON,Manufacturer#1,3-MEDIUM,4,FURNITURE,TRUCK,5,0.03,9,Brand#11,SM PACK,32,23,4,38403.652
F,F,R,TAKE BACK RETURN,Manufacturer#4,2-HIGH,4,FURNITURE,TRUCK,2,0.03,12,Brand#41,MED JAR,18,32,0,56005.8048
F,F,R,DELIVER IN PERSON,Manufacturer#2,4-NOT SPECIFIED,3,AUTOMOBILE,SHIP,1,0,18,Brand#24,JUMBO CAN,29,48,2,71106.1344
F,F,A,NONE,Manufacturer#4,3-MEDIUM,0,MACHINERY,FOB,4,0.08,12,Brand#44,JUMBO CAN,1,28,0,39044.544
F,F,A,TAKE BACK RETURN,Manufacturer#4,3-MEDIUM,0,MACHINERY,REG AIR,5,0.05,18,Brand#43,JUMBO CAN,37,15,2,17889.696
F,F,A,TAKE BACK RETURN,Manufacturer#2,4-NOT SPECIFIED,1,MACHINERY,RAIL,1,0,8,Brand#23,JUMBO JAR,42,37,3,51360.0219
F,F,A,COLLECT COD,Manufacturer#1,4-NOT SPECIFIED,1,MACHINERY,MAIL,2,0.01,21,Brand#12,JUMBO CAN,17,46,1,60232.4
F,F,A,COLLECT COD,Manufacturer#3,4-NOT SPECIFIED,1,MACHINERY,AIR,3,0.07,9,Brand#33,LG BAG,4,17,4,16151.615
F,F,R,COLLECT COD,Manufacturer#2,4-NOT SPECIFIED,1,MACHINERY,RAIL,6,0.07,8,Brand#24,WRAP CASE,26,46,3,75498.6316
O,O,N,NONE,Manufacturer#3,3-MEDIUM,4,AUTOMOBILE,MAIL,1,0.03,9,Brand#31,SM CASE,3,23,4,31943.136
O,O,N,NONE,Manufacturer#3,3-MEDIUM,4,AUTOMOBILE,TRUCK,2,0.06,9,Brand#35,WRAP BOX,14,19,4,22031.0928
O,O,N,NONE,Manufacturer#1,4-NOT SPECIFIED,2,AUTOMOBILE,SHIP,7,0.08,9,Brand#15,SM JAR,25,29,4,41485.08
O,O,N,TAKE BACK RETURN,Manufacturer#5,4-NOT SPECIFIED,2,AUTOMOBILE,FOB,4,0.03,18,Brand#54,MED DRUM,24,32,2,37989.0816
F,F,A,DELIVER IN PERSON,Manufacturer#1,3-MEDIUM,4,BUILDING,TRUCK,5,0.05,8,Brand#15,JUMBO JAR,16,17,3,21247.6642
F,F,R,NONE,Manufacturer#5,3-MEDIUM,4,BUILDING,TRUCK,2,0.07,8,Brand#53,LG CASE,2,48,3,86536.8576
O,O,N,COLLECT COD,Manufacturer#4,1-URGENT,4,FURNITURE,TRUCK,4,0.03,8,Brand#42,SM JAR,47,3,3,2593.5
O,O,N,COLLECT COD,Manufacturer#3,2-HIGH,4,BUILDING,AIR,3,0.06,21,Brand#32,MED JAR,15,48,1,83859.3984
O,O,N,DELIVER IN PERSON,Manufacturer#4,2-HIGH,4,BUILDING,TRUCK,2,0.07,12,Brand#42,WRAP CASE,21,16,0,14448
O,O,N,TAKE BACK RETURN,Manufacturer#3,3-MEDIUM,3,BUILDING,SHIP,5,0.03,8,Brand#31,SM PKG,33,46,3,59182.128
O,O,N,NONE,Manufacturer#1,3-MEDIUM,3,BUILDING,FOB,2,0.01,18,Brand#12,MED CAN,7,32,2,34776.8832
O,O,N,DELIVER IN PERSON,Manufacturer#2,3-MEDIUM,3,BUILDING,RAIL,3,0.07,8,Brand#21,LG BOX,19,44,3,70866.4836
O,O,N,COLLECT COD,Manufacturer#2,3-MEDIUM,3,BUILDING,REG AIR,4,0.01,18,Brand#22,SM CASE,42,33,2,44809.6308
O,O,N,NONE,Manufacturer#4,3-MEDIUM,1,BUILDING,TRUCK,1,0.06,18,Brand#42,WRAP BAG,13,30,2,46024.308
O,O,N,COLLECT COD,Manufacturer#3,3-MEDIUM,1,BUILDING,TRUCK,3,0.08,9,Brand#33,MED CASE,10,20,4,28034.608
F,F,A,TAKE BACK RETURN,Manufacturer#2,4-NOT SPECIFIED,3,MACHINERY,RAIL,3,0.01,9,Brand#23,SM CASE,31,46,4,53567.6624
F,F,R,TAKE BACK RETURN,Manufacturer#3,3-MEDIUM,4,BUILDING,RAIL,4,0.08,9,Brand#33,JUMBO JAR,3,20,4,21923.8
O,O,N,TAKE BACK RETURN,Manufacturer#4,1-URGENT,4,BUILDING,RAIL,1,0.04,21,Brand#41,SM CAN,26,7,1,10545.766
O,O,N,TAKE BACK RETURN,Manufacturer#4,3-MEDIUM,3,FURNITURE,MAIL,2,0.02,21,Brand#42,SM CAN,44,43,1,64709.4788
O,O,N,COLLECT COD,Manufacturer#1,1-URGENT,4,BUILDING,FOB,5,0.07,21,Brand#12,LG CASE,17,38,1,39557.0462
O,O,N,COLLECT COD,Manufacturer#2,1-URGENT,4,BUILDING,SHIP,1,0.03,8,Brand#21,MED PACK,12,12,3,21382.56
F,F,R,NONE,Manufacturer#4,1-URGENT,4,FURNITURE,AIR,4,0.02,8,Brand#41,WRAP JAR,5,50,3,88347.625
F,F,A,DELIVER IN PERSON,Manufacturer#5,1-URGENT,4,FURNITURE,REG AIR,1,0,21,Brand#52,JUMBO CAN,43,38,1,63945.8338
O,O,N,NONE,Manufacturer#3,4-NOT SPECIFIED,4,AUTOMOBILE,RAIL,2,0.08,12,Brand#33,LG PKG,12,1,0,1325.4662
F,F,R,COLLECT COD,Manufacturer#4,2-HIGH,2,HOUSEHOLD,SHIP,1,0.04,12,Brand#44,MED CAN,28,11,0,10457.4536
F,F,R,COLLECT COD,Manufacturer#5,3-MEDIUM,0,BUILDING,TRUCK,2,0,8,Brand#52,JUMBO PKG,8,7,3,10746.54
F,F,R,NONE,Manufacturer#2,3-MEDIUM,4,FURNITURE,MAIL,1,0.01,18,Brand#23,WRAP JAR,50,33,2,38696.2455
O,O,N,TAKE BACK RETURN,Manufacturer#3,2-HIGH,1,FURNITURE,SHIP,3,0.04,9,Brand#35,SM CAN,39,16,4,16371.7312
O,O,N,COLLECT COD,Manufacturer#2,2-HIGH,1,FURNITURE,AIR,5,0.03,18,Brand#23,MED PKG,34,46,2,72117.6684
F,F,A,DELIVER IN PERSON,Manufacturer#4,1-URGENT,0,HOUSEHOLD,FOB,2,0,18,Brand#41,MED PACK,22,43,2,55415.9232
F,F,R,NONE,Manufacturer#2,1-URGENT,0,HOUSEHOLD,MAIL,1,0.01,12,Brand#25,WRAP PKG,4,4,0,6971.9332
F,F,A,NONE,Manufacturer#1,1-URGENT,1,HOUSEHOLD,RAIL,4,0.06,12,Brand#13,MED PKG,6,21,0,20812.89
F,F,R,NONE,Manufacturer#1,1-URGENT,2,AUTOMOBILE,SHIP,2,0.05,9,Brand#11,MED CASE,13,14,4,15630.2356
F,F,A,DELIVER IN PERSON,Manufacturer#5,1-URGENT,2,AUTOMOBILE,AIR,4,0.03,21,Brand#53,WRAP CASE,1,1,1,1138.8288
O,O,N,NONE,Manufacturer#1,5-LOW,2,BUILDING,FOB,1,0.01,12,Brand#11,WRAP JAR,20,40,0,61949.52
F,F,R,TAKE BACK RETURN,Manufacturer#3,2-HIGH,3,MACHINERY,MAIL,3,0.08,18,Brand#35,LG JAR,14,8,2,8110.416
F,F,R,NONE,Manufacturer#2,2-HIGH,3,MACHINERY,REG AIR,1,0.05,18,Brand#23,MED PKG,34,9,2,13654.818
F,F,R,COLLECT COD,Manufacturer#1,2-HIGH,3,AUTOMOBILE,SHIP,1,0.07,8,Brand#14,JUMBO BAG,10,39,3,66788.3502
F,F,R,COLLECT COD,Manufacturer#5,2-HIGH,3,AUTOMOBILE,SHIP,2,0.01,8,Brand#53,LG CASE,2,22,3,37183.806
O,O,N,NONE,Manufacturer#2,1-URGENT,4,MACHINERY,AIR,3,0,18,Brand#23,SM PACK,36,34,2,46124.5496
F,F,R,COLLECT COD,Manufacturer#5,4-NOT SPECIFIED,2,MACHINERY,RAIL,5,0.05,21,Brand#51,JUMBO CAN,28,43,1,67734.6621
F,F,A,NONE,Manufacturer#4,2-HIGH,4,BUILDING,SHIP,7,0,21,Brand#43,LG PKG,15,24,1,26476.728
F,F,R,DELIVER IN PERSON,Manufacturer#4,2-HIGH,4,BUILDING,RAIL,6,0.08,18,Brand#43,WRAP CAN,44,46,2,77019.4698
F,F,R,TAKE BACK RETURN,Manufacturer#1,3-MEDIUM,4,AUTOMOBILE,MAIL,4,0.06,21,Brand#13,SM CASE,5,39,1,54304.965
F,F,R,TAKE BACK RETURN,Manufacturer#5,3-MEDIUM,4,AUTOMOBILE,RAIL,3,0.07,21,Brand#53,LG PACK,46,15,1,14041.008
F,F,A,TAKE BACK RETURN,Manufacturer#2,4-NOT SPECIFIED,4,FURNITURE,AIR,1,0.05,18,Brand#24,MED BAG,4,28,2,25368
O,O,N,TAKE BACK RETURN,Manufacturer#5,3-MEDIUM,4,FURNITURE,MAIL,3,0.05,12,Brand#55,JUMBO CASE,10,17,0,16358.148
O,O,N,DELIVER IN PERSON,Manufacturer#1,3-MEDIUM,4,FURNITURE,MAIL,4,0.01,9,Brand#15,SM JAR,15,15,4,16690.455
O,O,N,DELIVER IN PERSON,Manufacturer#2,4-NOT SPECIFIED,3,MACHINERY,REG AIR,1,0.05,18,Brand#21,WRAP CAN,16,46,2,69478.4368
O,O,N,COLLECT COD,Manufacturer#3,1-URGENT,1,BUILDING,RAIL,2,0.02,21,Brand#34,SM JAR,7,9,1,14058.4896
O,O,N,NONE,Manufacturer#1,1-URGENT,1,BUILDING,AIR,4,0.08,18,Brand#12,WRAP CASE,20,48,2,72471.7056
O,O,N,NONE,Manufacturer#3,1-URGENT,1,BUILDING,REG AIR,1,0.07,18,Brand#32,SM CASE,32,30,2,26391.57
O,O,N,DELIVER IN PERSON,Manufacturer#3,3-MEDIUM,2,MACHINERY,TRUCK,3,0.04,9,Brand#32,MED PACK,16,26,4,35364.7008
O,O,N,COLLECT COD,Manufacturer#5,3-MEDIUM,2,MACHINERY,FOB,4,0.01,8,Brand#54,MED JAR,22,24,3,38152.32
O,O,N,NONE,Manufacturer#2,3-MEDIUM,2,MACHINERY,SHIP,1,0.05,9,Brand#24,MED DRUM,31,27,4,23574.1536
O,O,N,DELIVER IN PERSON,Manufacturer#1,2-HIGH,0,FURNITURE,RAIL,5,0,8,Brand#13,MED JAR,38,33,3,43381.1598
O,O,N,COLLECT COD,Manufacturer#3,2-HIGH,0,FURNITURE,SHIP,6,0.02,12,Brand#35,JUMBO CASE,24,24,0,21569.712
F,F,A,DELIVER IN PERSON,Manufacturer#5,1-URGENT,0,BUILDING,TRUCK,2,0.04,21,Brand#52,MED PKG,32,45,1,51653.007
O,O,N,DELIVER IN PERSON,Manufacturer#3,1-URGENT,0,AUTOMOBILE,TRUCK,1,0.03,8,Brand#31,LG JAR,44,40,3,50431.472
F,F,R,NONE,Manufacturer#5,1-URGENT,0,HOUSEHOLD,AIR,1,0,9,Brand#53,JUMBO JAR,28,22,4,24270.4462
O,O,N,TAKE BACK RETURN,Manufacturer#5,5-LOW,0,MACHINERY,REG AIR,2,0.05,9,Brand#52,SM PACK,34,11,4,16141.488
F,F,A,NONE,Manufacturer#4,2-HIGH,3,MACHINERY,MAIL,4,0.03,21,Brand#45,MED BAG,27,41,1,48998.5998
F,F,R,DELIVER IN PERSON,Manufacturer#3,5-LOW,2,AUTOMOBILE,FOB,1,0.06,8,Brand#35,JUMBO DRUM,47,16,3,20896.6656
F,F,R,DELIVER IN PERSON,Manufacturer#5,3-MEDIUM,2,BUILDING,RAIL,1,0.05,21,Brand#52,JUMBO PKG,17,47,1,58152.16
F,F,R,NONE,Manufacturer#3,3-MEDIUM,4,AUTOMOBILE,SHIP,1,0.02,9,Brand#33,SM PACK,39,17,4,16722.6739
O,O,N,TAKE BACK RETURN,Manufacturer#3,5-LOW,0,HOUSEHOLD,AIR,3,0.03,18,Brand#35,SM CASE,22,16,2,25125.696
O,O,N,TAKE BACK RETURN,Manufacturer#5,5-LOW,0,HOUSEHOLD,FOB,1,0.06,18,Brand#52,WRAP CASE,32,5,2,5548.98
O,O,N,COLLECT COD,Manufacturer#5,5-LOW,0,HOUSEHOLD,TRUCK,4,0,9,Brand#55,SM JAR,11,26,4,33004.7536
F,F,R,DELIVER IN PERSON,Manufacturer#3,2-HIGH,4,AUTOMOBILE,REG AIR,4,0.03,8,Brand#31,MED CAN,44,28,3,44335.0824
O,O,N,DELIVER IN PERSON,Manufacturer#2,2-HIGH,0,HOUSEHOLD,RAIL,2,0.07,12,Brand#21,SM CASE,25,48,0,66632.6304
O,O,N,COLLECT COD,Manufacturer#3,2-HIGH,0,HOUSEHOLD,RAIL,1,0.07,9,Brand#32,JUMBO CASE,40,27,4,47068.9002
F,F,A,NONE,Manufacturer#1,5-LOW,1,BUILDING,AIR,3,0.05,8,Brand#14,LG JAR,9,9,3,14691.9591
F,F,A,COLLECT COD,Manufacturer#4,5-LOW,1,BUILDING,TRUCK,1,0.01,21,Brand#41,MED BOX,50,12,1,18956.04
F,F,R,NONE,Manufacturer#2,4-NOT SPECIFIED,2,HOUSEHOLD,REG AIR,2,0.08,8,Brand#22,WRAP DRUM,26,30,3,49385.238
O,O,N,TAKE BACK RETURN,Manufacturer#3,5-LOW,3,MACHINERY,RAIL,5,0.03,12,Brand#33,LG PKG,12,19,0,23885.7208
O,O,N,COLLECT COD,Manufacturer#1,5-LOW,3,MACHINERY,SHIP,3,0.07,18,Brand#12,MED CASE,49,5,2,7031.574
F,F,R,DELIVER IN PERSON,Manufacturer#4,5-LOW,1,MACHINERY,RAIL,1,0.07,12,Brand#41,WRAP JAR,2,23,0,38803.1735
F,F,R,NONE,Manufacturer#5,5-LOW,1,MACHINERY,MAIL,6,0.02,21,Brand#51,MED BAG,15,42,1,58197.9048
F,F,R,DELIVER IN PERSON,Manufacturer#3,5-LOW,1,MACHINERY,TRUCK,5,0.03,8,Brand#33,SM CAN,28,10,3,14195.692
F,F,R,DELIVER IN PERSON,Manufacturer#1,2-HIGH,4,BUILDING,MAIL,3,0,8,Brand#12,MED JAR,23,13,3,11535.2705
F,F,R,NONE,Manufacturer#5,2-HIGH,4,BUILDING,AIR,1,0.05,21,Brand#51,JUMBO BAG,22,2,1,3720.0604
F,F,R,NONE,Manufacturer#1,5-LOW,4,MACHINERY,AIR,3,0.08,21,Brand#13,WRAP BOX,26,37,1,41966.51
F,F,A,NONE,Manufacturer#2,2-HIGH,0,AUTOMOBILE,SHIP,4,0,21,Brand#22,LG PACK,23,50,1,58068.565
F,F,A,TAKE BACK RETURN,Manufacturer#3,2-HIGH,0,AUTOMOBILE,TRUCK,5,0.06,21,Brand#34,LG PKG,39,49,1,87774.7584
F,F,A,NONE,Manufacturer#2,2-HIGH,0,AUTOMOBILE,SHIP,3,0.06,9,Brand#25,WRAP PKG,37,39,4,56961.84
O,O,N,DELIVER IN PERSON,Manufacturer#5,3-MEDIUM,2,MACHINERY,SHIP,2,0.07,12,Brand#51,LG PACK,18,32,0,43844.3104
O,O,N,NONE,Manufacturer#4,3-MEDIUM,2,MACHINERY,TRUCK,1,0.07,21,Brand#45,MED CASE,23,47,1,51827.6332
F,F,A,COLLECT COD,Manufacturer#3,3-MEDIUM,0,MACHINERY,FOB,2,0.01,12,Brand#34,JUMBO JAR,3,35,0,56441.77
O,O,N,DELIVER IN PERSON,Manufacturer#5,3-MEDIUM,4,AUTOMOBILE,TRUCK,4,0.07,21,Brand#54,WRAP BAG,15,4,1,5965.9168
O,O,N,COLLECT COD,Manufacturer#3,3-MEDIUM,4,AUTOMOBILE,AIR,3,0.03,18,Brand#34,WRAP PKG,27,38,2,43513.743
O,O,N,TAKE BACK RETURN,Manufacturer#5,3-MEDIUM,4,AUTOMOBILE,TRUCK,2,0.08,12,Brand#53,WRAP BAG,23,2,0,2005.9496
O,O,N,NONE,Manufacturer#5,3-MEDIUM,4,AUTOMOBILE,MAIL,7,0.07,9,Brand#54,LG CAN,29,34,4,57134.178
O,O,N,COLLECT COD,Manufacturer#3,5-LOW,4,BUILDING,FOB,3,0.01,9,Brand#34,MED JAR,46,46,4,63610.8746
F,F,R,TAKE BACK RETURN,Manufacturer#3,3-MEDIUM,0,HOUSEHOLD,RAIL,2,0.06,9,Brand#31,JUMBO DRUM,48,10,4,11664.873
F,F,R,TAKE BACK RETURN,Manufacturer#4,3-MEDIUM,2,FURNITURE,TRUCK,1,0.07,9,Brand#45,WRAP PKG,15,46,4,48872.1618
F,F,R,NONE,Manufacturer#3,3-MEDIUM,2,FURNITURE,RAIL,3,0.07,21,Brand#34,SM PACK,48,17,1,19813.4048
F,F,R,TAKE BACK RETURN,Manufacturer#3,2-HIGH,1,AUTOMOBILE,REG AIR,4,0.04,18,Brand#31,MED PKG,21,8,2,10347.4168
F,F,A,DELIVER IN PERSON,Manufacturer#1,5-LOW,4,FURNITURE,TRUCK,1,0.07,18,Brand#13,LG DRUM,44,7,2,11843.811
F,F,R,DELIVER IN PERSON,Manufacturer#4,3-MEDIUM,0,MACHINERY,RAIL,2,0.02,8,Brand#41,WRAP CASE,13,42,3,39753.7686
F,F,A,NONE,Manufacturer#4,2-HIGH,1,BUILDING,MAIL,5,0.06,12,Brand#42,JUMBO CAN,4,25,0,25475.175
F,F,A,COLLECT COD,Manufacturer#2,2-HIGH,2,AUTOMOBILE,MAIL,2,0,8,Brand#22,JUMBO CAN,42,14,3,23739.5466
O,O,N,COLLECT COD,Manufacturer#3,4-NOT SPECIFIED,0,HOUSEHOLD,FOB,6,0.02,12,Brand#35,LG PKG,6,13,0,17799.041
O,O,N,NONE,Manufacturer#4,4-NOT SPECIFIED,0,HOUSEHOLD,MAIL,1,0.04,12,Brand#41,MED JAR,18,11,0,18668.6016
O,O,N,TAKE BACK RETURN,Manufacturer#3,3-MEDIUM,4,MACHINERY,MAIL,5,0.02,8,Brand#33,SM CAN,28,39,3,55363.1988
O,O,N,NONE,Manufacturer#4,5-LOW,3,BUILDING,MAIL,6,0.05,21,Brand#43,LG BOX,16,31,1,25584.579
O,O,N,COLLECT COD,Manufacturer#1,5-LOW,3,AUTOMOBILE,MAIL,2,0.07,8,Brand#13,LG JAR,11,27,3,40453.668
O,O,N,TAKE BACK RETURN,Manufacturer#2,5-LOW,3,AUTOMOBILE,REG AIR,5,0.07,21,Brand#21,LG CAN,33,37,1,41923.5456
F,F,A,COLLECT COD,Manufacturer#2,3-MEDIUM,1,MACHINERY,REG AIR,1,0,9,Brand#21,MED PACK,30,5,4,7968.015
O,O,N,COLLECT COD,Manufacturer#2,2-HIGH,2,MACHINERY,RAIL,4,0.05,9,Brand#24,MED JAR,9,11,4,14836.041
F,F,R,COLLECT COD,Manufacturer#5,2-HIGH,4,MACHINERY,RAIL,2,0.05,8,Brand#52,WRAP PACK,27,14,3,17995.32
F,F,A,COLLECT COD,Manufacturer#4,3-MEDIUM,4,HOUSEHOLD,MAIL,4,0.08,12,Brand#41,WRAP PKG,26,15,0,17809.4565
F,F,R,NONE,Manufacturer#3,3-MEDIUM,4,HOUSEHOLD,SHIP,1,0.07,8,Brand#32,LG BOX,44,6,3,8903.6988
O,O,N,COLLECT COD,Manufacturer#5,5-LOW,4,AUTOMOBILE,FOB,2,0.06,18,Brand#53,SM CASE,32,24,2,22232.7288
O,O,N,NONE,Manufacturer#4,5-LOW,4,AUTOMOBILE,MAIL,1,0.06,21,Brand#43,WRAP CASE,30,14,1,12840.786
O,O,N,TAKE BACK RETURN,Manufacturer#3,5-LOW,3,FURNITURE,FOB,6,0.06,18,Brand#35,LG JAR,14,29,2,28162.3524
O,O,N,DELIVER IN PERSON,Manufacturer#4,5-LOW,3,FURNITURE,MAIL,3,0.06,18,Brand#42,LG PACK,44,8,2,11510.568
O,O,N,COLLECT COD,Manufacturer#4,5-LOW,3,FURNITURE,SHIP,4,0.08,12,Brand#41,SM PACK,44,7,0,9023.7126
O,O,N,DELIVER IN PERSON,Manufacturer#1,5-LOW,3,FURNITURE,SHIP,2,0.08,8,Brand#15,WRAP JAR,44,34,3,36998.12
O,O,N,DELIVER IN PERSON,Manufacturer#5,5-LOW,3,FURNITURE,SHIP,7,0,21,Brand#55,SM PACK,36,12,1,16595.604
F,F,R,COLLECT COD,Manufacturer#5,2-HIGH,3,MACHINERY,FOB,2,0.01,9,Brand#52,WRAP CAN,4,19,4,28039.383
F,F,R,NONE,Manufacturer#1,2-HIGH,3,MACHINERY,MAIL,1,0.01,8,Brand#12,MED PKG,41,34,3,32904.384
O,O,N,NONE,Manufacturer#1,4-NOT SPECIFIED,4,MACHINERY,MAIL,2,0.03,9,Brand#12,MED CASE,49,50,4,71026
F,F,R,NONE,Manufacturer#4,2-HIGH,0,AUTOMOBILE,MAIL,1,0.05,18,Brand#45,MED JAR,39,34,2,60251.8216
O,O,N,NONE,Manufacturer#3,3-MEDIUM,0,FURNITURE,FOB,3,0.07,9,Brand#33,LG DRUM,46,8,4,7272.792
O,O,N,NONE,Manufacturer#3,4-NOT SPECIFIED,4,FURNITURE,REG AIR,3,0.02,8,Brand#35,SM CAN,39,46,3,48091.9604
F,F,A,DELIVER IN PERSON,Manufacturer#1,3-MEDIUM,2,MACHINERY,REG AIR,4,0.02,21,Brand#12,LG CASE,17,12,1,12362.9184
O,O,N,DELIVER IN PERSON,Manufacturer#2,1-URGENT,0,BUILDING,TRUCK,5,0.04,21,Brand#21,LG CAN,33,43,1,48214.438
O,O,N,DELIVER IN PERSON,Manufacturer#5,3-MEDIUM,1,BUILDING,RAIL,2,0.01,18,Brand#52,MED BAG,26,12,2,12003.1548
O,O,N,NONE,Manufacturer#4,3-MEDIUM,1,BUILDING,MAIL,4,0.04,18,Brand#43,JUMBO BOX,3,26,2,41066.3708
O,O,N,NONE,Manufacturer#3,3-MEDIUM,1,BUILDING,REG AIR,3,0.07,12,Brand#35,SM DRUM,37,30,0,34375.248
O,O,N,COLLECT COD,Manufacturer#1,3-MEDIUM,1,BUILDING,FOB,5,0.03,8,Brand#15,JUMBO JAR,16,42,3,50887.263
O,O,N,TAKE BACK RETURN,Manufacturer#1,3-MEDIUM,1,BUILDING,SHIP,7,0.06,21,Brand#12,SM BAG,11,21,1,26980.1868
O,O,N,DELIVER IN PERSON,Manufacturer#2,3-MEDIUM,2,AUTOMOBILE,TRUCK,1,0.08,8,Brand#25,SM DRUM,50,36,3,43751.16
O,O,N,COLLECT COD,Manufacturer#3,3-MEDIUM,2,AUTOMOBILE,REG AIR,2,0.03,18,Brand#34,WRAP PKG,27,35,2,40078.4475
O,O,N,TAKE BACK RETURN,Manufacturer#4,1-URGENT,4,AUTOMOBILE,RAIL,2,0.01,12,Brand#41,LG BAG,30,49,0,50228.5868
O,O,N,COLLECT COD,Manufacturer#3,1-URGENT,4,AUTOMOBILE,AIR,5,0.06,18,Brand#31,SM BOX,6,47,2,62810.3112
F,F,A,DELIVER IN PERSON,Manufacturer#4,3-MEDIUM,0,AUTOMOBILE,SHIP,2,0.02,12,Brand#41,WRAP PKG,26,41,0,47204.0544
F,F,R,NONE,Manufacturer#4,3-MEDIUM,0,AUTOMOBILE,FOB,4,0.06,12,Brand#43,WRAP CASE,24,4,0,7423.8
F,F,R,DELIVER IN PERSON,Manufacturer#2,3-MEDIUM,0,AUTOMOBILE,TRUCK,7,0.04,9,Brand#21,SM PKG,41,42,4,69097.938
F,F,A,TAKE BACK RETURN,Manufacturer#3,3-MEDIUM,0,AUTOMOBILE,RAIL,6,0.08,21,Brand#35,MED BOX,24,19,1,23703.2448
F,F,R,COLLECT COD,Manufacturer#3,4-NOT SPECIFIED,1,MACHINERY,RAIL,1,0.01,9,Brand#31,MED BOX,46,10,4,16856.16
O,O,N,DELIVER IN PERSON,Manufacturer#5,4-NOT SPECIFIED,0,BUILDING,RAIL,2,0.03,18,Brand#53,JUMBO PKG,47,6,2,7959.9816
O,O,N,NONE,Manufacturer#5,4-NOT SPECIFIED,0,BUILDING,RAIL,7,0.03,9,Brand#54,MED CASE,49,8,4,11164.608
F,F,R,COLLECT COD,Manufacturer#3,2-HIGH,3,FURNITURE,TRUCK,1,0.04,9,Brand#35,SM BAG,30,22,4,24994.9018
F,F,A,COLLECT COD,Manufacturer#5,2-HIGH,3,FURNITURE,REG AIR,5,0.01,8,Brand#52,LG BAG,32,37,3,36238.8915
F,F,A,DELIVER IN PERSON,Manufacturer#4,2-HIGH,3,FURNITURE,RAIL,2,0.05,12,Brand#42,MED PKG,28,49,0,68379.01
O,O,N,NONE,Manufacturer#4,3-MEDIUM,2,MACHINERY,MAIL,5,0.04,9,Brand#44,SM BAG,7,5,4,4604.04
O,O,N,TAKE BACK RETURN,Manufacturer#5,3-MEDIUM,2,MACHINERY,SHIP,2,0.06,21,Brand#51,LG CAN,22,50,1,74829.12
O,O,N,COLLECT COD,Manufacturer#2,3-MEDIUM,2,MACHINERY,MAIL,3,0.06,8,Brand#25,JUMBO CAN,23,47,3,47312.174
O,O,N,NONE,Manufacturer#1,3-MEDIUM,0,BUILDING,REG AIR,5,0.06,8,Brand#13,MED PACK,20,20,3,28826.544
O,O,N,DELIVER IN PERSON,Manufacturer#3,2-HIGH,2,AUTOMOBILE,RAIL,2,0.08,21,Brand#31,LG PKG,47,37,1,41532.1152
F,F,A,COLLECT COD,Manufacturer#3,5-LOW,1,AUTOMOBILE,TRUCK,4,0.03,18,Brand#31,SM JAR,2,25,2,30107.805
O,O,N,DELIVER IN PERSON,Manufacturer#5,3-MEDIUM,1,AUTOMOBILE,MAIL,5,0,21,Brand#51,JUMBO CASE,33,18,1,18066.402
O,O,N,NONE,Manufacturer#3,3-MEDIUM,1,AUTOMOBILE,FOB,4,0.08,18,Brand#35,WRAP CAN,14,43,2,47389.3497
F,F,A,COLLECT COD,Manufacturer#1,5-LOW,4,FURNITURE,TRUCK,2,0.08,18,Brand#12,SM DRUM,47,31,2,40457.3808
O,O,N,COLLECT COD,Manufacturer#3,1-URGENT,3,HOUSEHOLD,AIR,1,0.08,12,Brand#33,WRAP DRUM,36,42,0,38450.2776
O,O,N,NONE,Manufacturer#1,1-URGENT,3,HOUSEHOLD,FOB,2,0.03,12,Brand#15,WRAP BAG,6,14,0,23193.072
O,P,N,TAKE BACK RETURN,Manufacturer#1,5-LOW,1,AUTOMOBILE,AIR,2,0.02,8,Brand#14,JUMBO BOX,44,46,3,59265.756
O,O,N,NONE,Manufacturer#5,4-NOT SPECIFIED,4,FURNITURE,SHIP,2,0.05,12,Brand#54,WRAP DRUM,43,17,0,25987.5294
O,O,N,DELIVER IN PERSON,Manufacturer#4,4-NOT SPECIFIED,4,FURNITURE,RAIL,3,0.03,12,Brand#41,SM PACK,5,15,0,21260.694
O,O,N,COLLECT COD,Manufacturer#1,4-NOT SPECIFIED,4,FURNITURE,MAIL,4,0.05,12,Brand#12,JUMBO DRUM,33,45,0,68339.124
F,F,R,COLLECT COD,Manufacturer#3,2-HIGH,1,BUILDING,RAIL,1,0.01,21,Brand#35,WRAP BOX,44,32,1,48088.5952
O,O,N,NONE,Manufacturer#2,4-NOT SPECIFIED,0,HOUSEHOLD,TRUCK,3,0,21,Brand#22,LG PACK,23,34,1,40707.86
O,O,N,NONE,Manufacturer#4,4-NOT SPECIFIED,0,HOUSEHOLD,AIR,1,0.07,8,Brand#42,LG CAN,38,20,3,22578.3
F,F,R,COLLECT COD,Manufacturer#2,1-URGENT,0,MACHINERY,REG AIR,3,0.04,12,Brand#24,SM PACK,30,4,0,4142.7144
F,F,A,NONE,Manufacturer#4,3-MEDIUM,1,FURNITURE,AIR,2,0.08,9,Brand#45,MED PKG,15,43,4,54849.1488
O,O,N,COLLECT COD,Manufacturer#5,1-URGENT,4,BUILDING,SHIP,5,0.03,18,Brand#53,WRAP CAN,49,15,2,24410.268
O,O,N,DELIVER IN PERSON,Manufacturer#5,1-URGENT,4,BUILDING,REG AIR,4,0.04,18,Brand#54,SM BOX,42,26,2,32089.1714
O,O,N,NONE,Manufacturer#2,1-URGENT,4,BUILDING,AIR,3,0.02,21,Brand#23,LG PACK,14,3,1,3346.191
F,F,A,COLLECT COD,Manufacturer#3,3-MEDIUM,4,MACHINERY,REG AIR,6,0,8,Brand#32,LG PKG,36,44,3,74378.7264
F,F,R,COLLECT COD,Manufacturer#3,3-MEDIUM,4,MACHINERY,SHIP,4,0.04,9,Brand#33,SM PACK,13,43,4,54249.9309
O,O,N,COLLECT COD,Manufacturer#2,5-LOW,4,FURNITURE,FOB,5,0.07,8,Brand#24,WRAP CAN,46,13,3,12626.289
O,O,N,DELIVER IN PERSON,Manufacturer#2,5-LOW,4,FURNITURE,MAIL,4,0.03,21,Brand#23,SM DRUM,40,9,1,16019.1999
O,O,N,NONE,Manufacturer#5,1-URGENT,4,FURNITURE,SHIP,3,0.01,9,Brand#54,LG CAN,29,40,4,67939.44
O,O,N,COLLECT COD,Manufacturer#4,1-URGENT,4,FURNITURE,RAIL,1,0.07,9,Brand#44,LG BOX,26,15,4,22329.6255
O,O,N,TAKE BACK RETURN,Manufacturer#5,3-MEDIUM,4,AUTOMOBILE,FOB,1,0.07,8,Brand#53,LG CASE,2,26,3,44432.7702
F,F,A,COLLECT COD,Manufacturer#1,1-URGENT,2,MACHINERY,TRUCK,1,0.04,18,Brand#14,WRAP PKG,40,48,2,60847.2
F,F,A,NONE,Manufacturer#1,4-NOT SPECIFIED,4,BUILDING,REG AIR,2,0.07,12,Brand#12,JUMBO DRUM,33,25,0,35641.72
F,F,R,TAKE BACK RETURN,Manufacturer#1,3-MEDIUM,2,MACHINERY,TRUCK,7,0.02,21,Brand#15,JUMBO JAR,3,35,1,44954.5635
F,F,A,TAKE BACK RETURN,Manufacturer#4,3-MEDIUM,2,MACHINERY,TRUCK,4,0,21,Brand#45,LG JAR,47,36,1,42312.4992
F,F,A,COLLECT COD,Manufacturer#1,2-HIGH,0,BUILDING,SHIP,6,0.03,9,Brand#12,JUMBO JAR,19,42,4,45992.8056
F,F,R,TAKE BACK RETURN,Manufacturer#1,2-HIGH,0,BUILDING,REG AIR,4,0.03,8,Brand#14,JUMBO JAR,26,2,3,2253.7606
F,F,A,DELIVER IN PERSON,Manufacturer#5,2-HIGH,0,BUILDING,SHIP,2,0.06,21,Brand#51,JUMBO CASE,33,9,1,9936.5211
O,O,N,TAKE BACK RETURN,Manufacturer#4,5-LOW,0,BUILDING,AIR,7,0.05,12,Brand#41,WRAP JAR,2,8,0,14386.652
O,O,N,TAKE BACK RETURN,Manufacturer#3,5-LOW,0,BUILDING,MAIL,1,0.04,18,Brand#32,MED CAN,31,1,2,1556.4468
O,O,N,TAKE BACK RETURN,Manufacturer#1,3-MEDIUM,2,BUILDING,RAIL,1,0.08,12,Brand#11,WRAP CASE,40,46,0,60384.7244
O,O,N,DELIVER IN PERSON,Manufacturer#2,3-MEDIUM,2,BUILDING,FOB,3,0.08,18,Brand#23,LG JAR,20,20,2,23820.076
O,O,N,NONE,Manufacturer#1,3-MEDIUM,2,FURNITURE,REG AIR,5,0.07,18,Brand#15,MED PACK,22,42,2,46317.096
O,O,N,NONE,Manufacturer#3,3-MEDIUM,2,FURNITURE,REG AIR,2,0,18,Brand#34,SM PKG,16,33,2,41876.5347
F,F,A,DELIVER IN PERSON,Manufacturer#4,4-NOT SPECIFIED,4,BUILDING,MAIL,2,0.03,12,Brand#41,WRAP JAR,2,2,0,3448.347
F,F,R,DELIVER IN PERSON,Manufacturer#1,4-NOT SPECIFIED,4,BUILDING,AIR,1,0,9,Brand#12,JUMBO JAR,19,6,4,6498.9834
F,F,R,COLLECT COD,Manufacturer#3,1-URGENT,3,BUILDING,MAIL,1,0.06,18,Brand#31,JUMBO PKG,40,2,2,2998.0552
F,F,R,NONE,Manufacturer#1,1-URGENT,3,BUILDING,FOB,3,0.05,8,Brand#11,MED BOX,33,3,3,2732.7492
O,O,N,COLLECT COD,Manufacturer#3,3-MEDIUM,4,BUILDING,REG AIR,1,0.02,8,Brand#35,MED CASE,27,38,3,42123.5244
F,F,R,COLLECT COD,Manufacturer#2,5-LOW,2,FURNITURE,REG AIR,1,0.05,18,Brand#22,SM PACK,19,22,2,29138.9164
F,F,R,NONE,Manufacturer#2,1-URGENT,1,FURNITURE,REG AIR,1,0.02,12,Brand#22,LG BOX,22,47,0,48871.916
F,F,R,COLLECT COD,Manufacturer#3,1-URGENT,1,FURNITURE,SHIP,4,0.04,9,Brand#34,SM CASE,30,49,4,83963.6952
F,F,A,COLLECT COD,Manufacturer#1,1-URGENT,1,FURNITURE,REG AIR,3,0.02,21,Brand#11,WRAP JAR,24,50,1,91846.5
F,F,R,TAKE BACK RETURN,Manufacturer#4,3-MEDIUM,4,HOUSEHOLD,FOB,5,0.06,9,Brand#43,SM CASE,23,5,4,6482.16
F,F,R,COLLECT COD,Manufacturer#4,3-MEDIUM,4,HOUSEHOLD,MAIL,6,0.08,18,Brand#45,MED JAR,41,5,2,5097.72
F,F,A,DELIVER IN PERSON,Manufacturer#2,4-NOT SPECIFIED,2,MACHINERY,SHIP,2,0.03,8,Brand#25,JUMBO PACK,8,45,3,57842.2845
F,F,A,DELIVER IN PERSON,Manufacturer#3,4-NOT SPECIFIED,2,MACHINERY,RAIL,1,0.01,9,Brand#33,MED BAG,29,9,4,9401.3514
F,F,R,TAKE BACK RETURN,Manufacturer#2,4-NOT SPECIFIED,2,MACHINERY,AIR,3,0.08,8,Brand#21,SM PKG,41,14,3,24804.388
O,O,N,TAKE BACK RETURN,Manufacturer#2,4-NOT SPECIFIED,2,MACHINERY,FOB,3,0.04,12,Brand#25,JUMBO CASE,20,46,0,61834.626
O,O,N,NONE,Manufacturer#2,4-NOT SPECIFIED,2,MACHINERY,TRUCK,5,0.06,18,Brand#22,JUMBO JAR,28,6,2,8832.6966
O,O,N,TAKE BACK RETURN,Manufacturer#3,4-NOT SPECIFIED,2,MACHINERY,FOB,1,0.02,12,Brand#31,MED DRUM,25,5,0,5316.066
O,O,N,COLLECT COD,Manufacturer#4,1-URGENT,0,BUILDING,MAIL,4,0,21,Brand#44,LG DRUM,18,31,1,36799.5978
F,F,R,NONE,Manufacturer#2,4-NOT SPECIFIED,4,AUTOMOBILE,SHIP,2,0.03,9,Brand#22,SM CASE,42,44,4,60381.772
F,F,R,NONE,Manufacturer#1,4-NOT SPECIFIED,4,AUTOMOBILE,SHIP,7,0.01,8,Brand#14,MED BOX,1,31,3,45277.05
F,F,A,TAKE BACK RETURN,Manufacturer#5,4-NOT SPECIFIED,0,BUILDING,SHIP,1,0.04,8,Brand#55,LG BAG,16,28,3,25375.6608
F,F,A,COLLECT COD,Manufacturer#3,4-NOT SPECIFIED,0,BUILDING,TRUCK,2,0.08,8,Brand#33,WRAP DRUM,8,31,3,47129.2659
F,F,R,DELIVER IN PERSON,Manufacturer#1,3-MEDIUM,3,MACHINERY,FOB,1,0.07,8,Brand#12,MED DRUM,2,10,3,13460.006
F,F,R,TAKE BACK RETURN,Manufacturer#1,3-MEDIUM,3,HOUSEHOLD,REG AIR,3,0.04,21,Brand#12,WRAP JAR,8,1,1,1697.1756
F,F,R,DELIVER IN PERSON,Manufacturer#5,4-NOT SPECIFIED,3,HOUSEHOLD,REG AIR,3,0.02,21,Brand#52,LG PKG,39,12,1,13223.2056
F,F,R,NONE,Manufacturer#3,5-LOW,4,BUILDING,AIR,2,0.07,21,Brand#33,MED BOX,39,25,1,24201.5
F,F,R,COLLECT COD,Manufacturer#1,1-URGENT,1,BUILDING,FOB,2,0.03,12,Brand#11,WRAP CASE,40,19,0,27408.26
O,O,N,DELIVER IN PERSON,Manufacturer#2,4-NOT SPECIFIED,2,FURNITURE,RAIL,3,0.01,18,Brand#21,MED PACK,24,22,2,23045.9328
F,F,R,DELIVER IN PERSON,Manufacturer#2,2-HIGH,3,AUTOMOBILE,TRUCK,1,0.04,21,Brand#22,WRAP DRUM,37,47,1,64194.903
F,F,R,COLLECT COD,Manufacturer#5,3-MEDIUM,1,BUILDING,FOB,5,0.02,21,Brand#55,JUMBO BAG,19,39,1,54373.098
F,F,R,NONE,Manufacturer#2,3-MEDIUM,1,BUILDING,SHIP,1,0.03,21,Brand#23,LG JAR,20,1,1,1191.0038
F,F,A,TAKE BACK RETURN,Manufacturer#3,4-NOT SPECIFIED,3,MACHINERY,FOB,2,0.01,18,Brand#34,SM PKG,9,40,2,37090.66
F,F,R,COLLECT COD,Manufacturer#1,4-NOT SPECIFIED,3,MACHINERY,TRUCK,1,0,12,Brand#12,JUMBO BAG,31,2,0,3490.4616
F,F,A,COLLECT COD,Manufacturer#4,5-LOW,2,MACHINERY,AIR,3,0,8,Brand#43,MED DRUM,43,50,3,50247.945
O,O,N,NONE,Manufacturer#4,1-URGENT,0,AUTOMOBILE,FOB,4,0,18,Brand#43,WRAP CASE,44,11,2,16203.5687
O,O,N,NONE,Manufacturer#5,1-URGENT,0,AUTOMOBILE,AIR,6,0,21,Brand#52,JUMBO PKG,17,18,1,21802.176
O,O,N,TAKE BACK RETURN,Manufacturer#4,1-URGENT,0,AUTOMOBILE,SHIP,3,0.08,18,Brand#45,SM PACK,3,25,2,40370.0125
F,F,R,DELIVER IN PERSON,Manufacturer#4,1-URGENT,4,AUTOMOBILE,TRUCK,4,0.01,21,Brand#41,MED CASE,15,4,1,4795.4144
F,F,R,TAKE BACK RETURN,Manufacturer#1,3-MEDIUM,0,MACHINERY,MAIL,2,0.05,9,Brand#12,MED PACK,24,17,4,17522.172
F,F,R,NONE,Manufacturer#3,1-URGENT,1,AUTOMOBILE,RAIL,5,0.05,9,Brand#35,JUMBO BOX,28,42,4,64826.328
F,F,R,NONE,Manufacturer#5,4-NOT SPECIFIED,4,BUILDING,RAIL,5,0.05,9,Brand#53,SM CAN,36,34,4,48298.6728
F,F,A,NONE,Manufacturer#2,4-NOT SPECIFIED,4,BUILDING,AIR,6,0.03,21,Brand#24,SM JAR,10,21,1,28019.775
F,F,R,DELIVER IN PERSON,Manufacturer#1,4-NOT SPECIFIED,4,BUILDING,RAIL,4,0.06,12,Brand#11,JUMBO CASE,20,1,0,934.876
O,O,N,NONE,Manufacturer#1,5-LOW,3,BUILDING,AIR,5,0.04,18,Brand#13,WRAP JAR,27,25,2,25385.185
O,O,N,COLLECT COD,Manufacturer#4,5-LOW,3,BUILDING,REG AIR,6,0.03,12,Brand#45,SM CASE,26,29,0,52516.1
O,O,N,COLLECT COD,Manufacturer#5,5-LOW,3,BUILDING,MAIL,4,0,9,Brand#55,JUMBO CASE,35,31,4,55203.312
O,O,N,COLLECT COD,Manufacturer#3,5-LOW,3,BUILDING,FOB,2,0.05,12,Brand#34,JUMBO CAN,28,43,0,56566.2549
F,F,R,NONE,Manufacturer#1,2-HIGH,2,HOUSEHOLD,AIR,5,0.05,8,Brand#11,WRAP CAN,41,29,3,26416.071
F,F,A,COLLECT COD,Manufacturer#2,2-HIGH,2,HOUSEHOLD,MAIL,3,0.02,12,Brand#22,SM BAG,8,12,0,20013.168
F,F,R,TAKE BACK RETURN,Manufacturer#5,2-HIGH,2,HOUSEHOLD,REG AIR,2,0.02,18,Brand#53,WRAP PACK,29,50,2,41492
F,P,R,DELIVER IN PERSON,Manufacturer#3,3-MEDIUM,0,AUTOMOBILE,FOB,6,0.08,21,Brand#32,WRAP CAN,48,25,1,29406.725
O,O,N,COLLECT COD,Manufacturer#5,4-NOT SPECIFIED,0,BUILDING,TRUCK,1,0.06,21,Brand#51,WRAP CASE,1,34,1,47828.7282
F,F,R,TAKE BACK RETURN,Manufacturer#3,1-URGENT,0,BUILDING,TRUCK,5,0.03,21,Brand#35,MED DRUM,34,27,1,38948.9094
O,O,N,COLLECT COD,Manufacturer#3,3-MEDIUM,1,MACHINERY,AIR,2,0.07,21,Brand#35,SM BAG,2,45,1,55909.035
F,F,R,COLLECT COD,Manufacturer#1,4-NOT SPECIFIED,0,FURNITURE,RAIL,3,0.02,9,Brand#15,MED CASE,8,19,4,18693.6022
F,F,R,COLLECT COD,Manufacturer#3,4-NOT SPECIFIED,0,FURNITURE,SHIP,7,0.06,12,Brand#35,SM CASE,37,14,0,17604.9762
F,F,A,DELIVER IN PERSON,Manufacturer#1,3-MEDIUM,1,FURNITURE,REG AIR,6,0.07,8,Brand#14,SM BOX,8,4,3,4750.2336
F,F,R,NONE,Manufacturer#4,3-MEDIUM,1,FURNITURE,SHIP,3,0.08,18,Brand#44,MED PACK,34,32,2,35393.504
F,F,A,TAKE BACK RETURN,Manufacturer#5,3-MEDIUM,1,FURNITURE,RAIL,4,0.06,12,Brand#54,WRAP PACK,17,9,0,10953.5517
O,O,N,NONE,Manufacturer#2,2-HIGH,4,FURNITURE,TRUCK,6,0.02,18,Brand#22,WRAP BAG,9,9,2,14241.0177
O,O,N,DELIVER IN PERSON,Manufacturer#3,3-MEDIUM,4,FURNITURE,FOB,2,0.07,12,Brand#34,JUMBO JAR,3,22,0,37791.446
O,O,N,DELIVER IN PERSON,Manufacturer#1,2-HIGH,0,AUTOMOBILE,SHIP,4,0.04,9,Brand#14,JUMBO JAR,26,8,4,9114.1088
O,O,N,TAKE BACK RETURN,Manufacturer#4,2-HIGH,0,AUTOMOBILE,SHIP,7,0.05,8,Brand#45,WRAP PACK,9,41,3,62304.01
O,O,N,DELIVER IN PERSON,Manufacturer#3,2-HIGH,0,AUTOMOBILE,SHIP,2,0.01,18,Brand#32,LG JAR,5,2,2,2109.399
O,O,N,TAKE BACK RETURN,Manufacturer#2,5-LOW,4,FURNITURE,MAIL,1,0.04,18,Brand#23,LG JAR,46,17,2,19962.59
O,O,N,DELIVER IN PERSON,Manufacturer#4,5-LOW,1,BUILDING,AIR,3,0.02,21,Brand#45,JUMBO PACK,14,36,1,32047.8336
O,O,N,NONE,Manufacturer#3,3-MEDIUM,3,BUILDING,FOB,2,0.06,18,Brand#35,WRAP CAN,14,4,2,4452.84
O,O,N,NONE,Manufacturer#5,1-URGENT,3,AUTOMOBILE,MAIL,4,0.06,9,Brand#51,LG BAG,10,31,4,34974.975
O,O,N,COLLECT COD,Manufacturer#3,1-URGENT,3,AUTOMOBILE,AIR,5,0.04,12,Brand#32,JUMBO BAG,42,10,0,9053.184
O,O,N,TAKE BACK RETURN,Manufacturer#2,4-NOT SPECIFIED,4,HOUSEHOLD,RAIL,2,0.05,12,Brand#21,LG PACK,33,1,0,956.5486
O,P,N,COLLECT COD,Manufacturer#3,5-LOW,4,FURNITURE,REG AIR,1,0.06,9,Brand#34,SM DRUM,7,37,4,60327.9376
F,F,R,DELIVER IN PERSON,Manufacturer#1,5-LOW,1,FURNITURE,SHIP,1,0.03,18,Brand#12,JUMBO BAG,40,17,2,23924.1816
F,F,A,NONE,Manufacturer#2,5-LOW,1,FURNITURE,MAIL,3,0.08,9,Brand#24,WRAP JAR,14,5,4,7693.6225
O,O,N,COLLECT COD,Manufacturer#4,3-MEDIUM,0,BUILDING,REG AIR,2,0.04,8,Brand#43,WRAP CAN,44,12,3,21858.3684
O,O,N,DELIVER IN PERSON,Manufacturer#3,3-MEDIUM,0,BUILDING,TRUCK,1,0,8,Brand#32,JUMBO JAR,29,17,3,25524.5463
O,O,N,DELIVER IN PERSON,Manufacturer#5,4-NOT SPECIFIED,0,AUTOMOBILE,MAIL,5,0.07,9,Brand#53,WRAP DRUM,46,13,4,16298.0532
F,F,R,COLLECT COD,Manufacturer#5,4-NOT SPECIFIED,4,HOUSEHOLD,FOB,1,0.07,18,Brand#51,JUMBO PACK,19,36,2,62840.9556
O,O,N,NONE,Manufacturer#1,1-URGENT,1,HOUSEHOLD,REG AIR,2,0.06,18,Brand#11,LG JAR,40,24,2,25708.08
F,F,R,TAKE BACK RETURN,Manufacturer#4,1-URGENT,1,MACHINERY,SHIP,2,0.07,21,Brand#41,WRAP BAG,10,22,1,34736.7834
F,F,R,COLLECT COD,Manufacturer#4,1-URGENT,1,MACHINERY,RAIL,4,0.06,21,Brand#42,WRAP JAR,2,35,1,56790.5415
F,F,R,NONE,Manufacturer#1,4-NOT SPECIFIED,2,MACHINERY,SHIP,3,0.04,18,Brand#13,LG PACK,1,5,2,5946.39
F,F,R,DELIVER IN PERSON,Manufacturer#4,5-LOW,2,MACHINERY,AIR,2,0.07,9,Brand#42,JUMBO BOX,10,39,4,52959.2544
F,F,A,COLLECT COD,Manufacturer#3,3-MEDIUM,4,BUILDING,RAIL,2,0.05,18,Brand#35,MED BAG,44,47,2,84019.6346
F,F,R,TAKE BACK RETURN,Manufacturer#4,3-MEDIUM,4,BUILDING,RAIL,1,0.07,21,Brand#44,LG CAN,25,19,1,29372.0791
F,F,A,NONE,Manufacturer#4,3-MEDIUM,2,BUILDING,AIR,3,0.07,18,Brand#42,LG PACK,44,32,2,47065.4336
F,F,R,DELIVER IN PERSON,Manufacturer#2,3-MEDIUM,2,BUILDING,RAIL,6,0.01,18,Brand#23,WRAP JAR,50,12,2,13627.0032
O,O,N,TAKE BACK RETURN,Manufacturer#2,5-LOW,3,MACHINERY,AIR,1,0.08,21,Brand#21,SM CAN,48,12,1,15412.9932
F,F,A,NONE,Manufacturer#2,4-NOT SPECIFIED,2,MACHINERY,SHIP,1,0.07,9,Brand#25,WRAP CAN,31,8,4,13550.256
F,F,A,DELIVER IN PERSON,Manufacturer#1,4-NOT SPECIFIED,2,MACHINERY,FOB,4,0.06,21,Brand#12,MED PKG,41,34,1,33932.646
F,F,R,TAKE BACK RETURN,Manufacturer#4,4-NOT SPECIFIED,2,MACHINERY,SHIP,3,0.06,8,Brand#45,SM CASE,38,2,3,2904.6876
F,F,A,DELIVER IN PERSON,Manufacturer#4,2-HIGH,2,MACHINERY,AIR,3,0.02,18,Brand#41,MED DRUM,17,23,2,38085.6724
O,O,N,DELIVER IN PERSON,Manufacturer#5,4-NOT SPECIFIED,1,HOUSEHOLD,REG AIR,5,0.08,18,Brand#54,MED JAR,10,22,2,30337.395
O,O,N,DELIVER IN PERSON,Manufacturer#2,4-NOT SPECIFIED,1,HOUSEHOLD,SHIP,6,0.01,8,Brand#22,MED JAR,19,35,3,39144.532
O,O,N,NONE,Manufacturer#1,4-NOT SPECIFIED,1,HOUSEHOLD,RAIL,3,0.04,18,Brand#11,LG DRUM,1,14,2,17785.026
O,P,N,DELIVER IN PERSON,Manufacturer#3,2-HIGH,4,FURNITURE,FOB,2,0.01,12,Brand#34,WRAP JAR,43,36,0,42864.57
O,P,N,NONE,Manufacturer#1,2-HIGH,4,FURNITURE,AIR,3,0.06,9,Brand#14,SM BOX,26,44,4,41807.3656
F,P,R,DELIVER IN PERSON,Manufacturer#5,2-HIGH,4,FURNITURE,SHIP,4,0.02,21,Brand#55,MED JAR,12,7,1,9873.8822
O,O,N,TAKE BACK RETURN,Manufacturer#3,2-HIGH,2,MACHINERY,REG AIR,5,0.04,9,Brand#33,LG DRUM,2,32,4,53507.3728
F,F,R,TAKE BACK RETURN,Manufacturer#4,1-URGENT,2,HOUSEHOLD,SHIP,1,0.06,8,Brand#45,SM PACK,30,41,3,49675.6533
F,F,R,TAKE BACK RETURN,Manufacturer#5,4-NOT SPECIFIED,0,MACHINERY,SHIP,2,0.07,12,Brand#55,JUMBO CASE,10,11,0,10584.684
F,F,A,NONE,Manufacturer#3,4-NOT SPECIFIED,0,MACHINERY,FOB,5,0.03,18,Brand#34,SM BAG,20,35,2,54041.8725
F,F,A,COLLECT COD,Manufacturer#5,1-URGENT,2,MACHINERY,AIR,4,0.06,21,Brand#51,SM PACK,14,29,1,51697.488
F,F,R,COLLECT COD,Manufacturer#3,1-URGENT,2,MACHINERY,AIR,3,0.06,21,Brand#34,LG PKG,39,9,1,15450.1488
F,P,A,TAKE BACK RETURN,Manufacturer#4,4-NOT SPECIFIED,4,MACHINERY,RAIL,4,0.07,21,Brand#44,LG CASE,37,29,1,44071.5146
O,O,N,DELIVER IN PERSON,Manufacturer#5,2-HIGH,0,HOUSEHOLD,REG AIR,5,0.02,12,Brand#51,JUMBO JAR,23,14,0,19053.8166
F,F,R,COLLECT COD,Manufacturer#5,3-MEDIUM,0,AUTOMOBILE,TRUCK,3,0.06,21,Brand#53,LG PACK,46,22,1,20807.9938
O,O,N,TAKE BACK RETURN,Manufacturer#3,4-NOT SPECIFIED,0,FURNITURE,TRUCK,2,0.05,21,Brand#31,JUMBO BAG,9,15,1,13920.3
F,F,A,COLLECT COD,Manufacturer#5,4-NOT SPECIFIED,0,BUILDING,RAIL,2,0,21,Brand#51,LG CAN,8,38,1,62519.063
O,O,N,COLLECT COD,Manufacturer#4,5-LOW,0,MACHINERY,REG AIR,1,0,21,Brand#41,MED CAN,8,31,1,47547.2544
F,F,A,TAKE BACK RETURN,Manufacturer#1,2-HIGH,2,MACHINERY,SHIP,2,0.04,12,Brand#11,WRAP CASE,40,33,0,47127.7818
F,F,A,COLLECT COD,Manufacturer#2,2-HIGH,2,MACHINERY,REG AIR,1,0.07,21,Brand#22,SM PACK,4,8,1,10568.5944
F,F,A,DELIVER IN PERSON,Manufacturer#5,3-MEDIUM,1,BUILDING,MAIL,2,0.05,12,Brand#55,JUMBO CASE,10,8,0,8467.7472
F,F,R,COLLECT COD,Manufacturer#4,4-NOT SPECIFIED,1,HOUSEHOLD,AIR,1,0.02,8,Brand#44,MED CASE,40,23,3,29212.714
O,O,N,DELIVER IN PERSON,Manufacturer#1,4-NOT SPECIFIED,0,BUILDING,REG AIR,1,0.02,9,Brand#15,SM JAR,15,21,4,24145.5249
O,O,N,COLLECT COD,Manufacturer#3,4-NOT SPECIFIED,0,BUILDING,MAIL,3,0.02,21,Brand#33,LG BAG,4,1,1,1000.1
F,F,A,COLLECT COD,Manufacturer#1,3-MEDIUM,2,FURNITURE,RAIL,2,0.05,18,Brand#13,JUMBO CASE,18,11,2,9780.4707
F,F,A,COLLECT COD,Manufacturer#2,3-MEDIUM,2,FURNITURE,MAIL,1,0.05,9,Brand#21,WRAP BAG,44,14,4,18995.0656
F,F,A,TAKE BACK RETURN,Manufacturer#3,3-MEDIUM,2,FURNITURE,REG AIR,4,0.07,21,Brand#33,LG BAG,4,5,1,4650.465
O,O,N,TAKE BACK RETURN,Manufacturer#1,1-URGENT,4,MACHINERY,SHIP,1,0.01,18,Brand#15,MED PACK,22,7,2,8577.24
F,F,R,DELIVER IN PERSON,Manufacturer#1,5-LOW,3,MACHINERY,REG AIR,2,0.06,9,Brand#14,WRAP BAG,45,1,4,1303.6023
O,O,N,TAKE BACK RETURN,Manufacturer#4,3-MEDIUM,3,AUTOMOBILE,TRUCK,1,0.08,9,Brand#44,MED DRUM,41,48,4,78112.8576
O,O,N,NONE,Manufacturer#2,2-HIGH,2,AUTOMOBILE,SHIP,2,0.07,8,Brand#22,SM PACK,50,28,3,41762.0308
O,O,N,DELIVER IN PERSON,Manufacturer#3,5-LOW,1,MACHINERY,RAIL,3,0.06,18,Brand#32,LG PACK,8,24,2,29277.72
F,F,R,NONE,Manufacturer#1,2-HIGH,4,AUTOMOBILE,FOB,1,0.07,12,Brand#13,WRAP DRUM,19,44,0,46303.0656
F,F,R,NONE,Manufacturer#1,2-HIGH,4,AUTOMOBILE,RAIL,2,0.08,21,Brand#13,SM PKG,3,10,1,13555.178
F,F,R,DELIVER IN PERSON,Manufacturer#3,1-URGENT,0,FURNITURE,RAIL,4,0.02,18,Brand#31,MED CAN,44,29,2,45918.4782
O,O,N,COLLECT COD,Manufacturer#5,4-NOT SPECIFIED,2,FURNITURE,RAIL,2,0.06,9,Brand#51,LG PKG,47,22,4,37849.7724
F,F,A,TAKE BACK RETURN,Manufacturer#1,5-LOW,4,BUILDING,MAIL,2,0.06,21,Brand#13,MED DRUM,4,11,1,17039.8536
O,O,N,COLLECT COD,Manufacturer#2,2-HIGH,0,FURNITURE,MAIL,5,0,18,Brand#25,JUMBO JAR,13,29,2,52458.1
O,O,N,NONE,Manufacturer#3,2-HIGH,0,FURNITURE,SHIP,4,0.04,18,Brand#35,LG JAR,34,35,2,45408.51
F,F,A,DELIVER IN PERSON,Manufacturer#5,5-LOW,2,FURNITURE,REG AIR,1,0.07,12,Brand#51,LG PACK,18,17,0,22091.6564
O,O,N,TAKE BACK RETURN,Manufacturer#5,3-MEDIUM,0,AUTOMOBILE,RAIL,1,0.07,18,Brand#52,WRAP CASE,36,28,2,49211.4756
O,O,N,TAKE BACK RETURN,Manufacturer#4,3-MEDIUM,0,AUTOMOBILE,SHIP,5,0,8,Brand#43,SM BAG,46,16,3,16268.544
O,O,N,COLLECT COD,Manufacturer#1,3-MEDIUM,0,AUTOMOBILE,TRUCK,7,0.08,8,Brand#14,MED BOX,1,25,3,33227.5125
F,F,A,COLLECT COD,Manufacturer#5,4-NOT SPECIFIED,1,MACHINERY,REG AIR,4,0.03,21,Brand#51,WRAP BAG,35,33,1,47759.3226
F,F,A,NONE,Manufacturer#2,1-URGENT,0,BUILDING,AIR,3,0.03,9,Brand#21,JUMBO PKG,11,1,4,929.1537
F,F,A,NONE,Manufacturer#3,2-HIGH,4,HOUSEHOLD,TRUCK,1,0.06,9,Brand#31,MED JAR,42,37,4,47366.3196
O,O,N,TAKE BACK RETURN,Manufacturer#2,1-URGENT,4,BUILDING,FOB,2,0.08,12,Brand#24,LG PACK,50,49,0,43712.7824
O,O,N,NONE,Manufacturer#4,1-URGENT,2,MACHINERY,AIR,1,0.03,18,Brand#42,LG PACK,44,2,2,3133.4324
O,O,N,DELIVER IN PERSON,Manufacturer#5,4-NOT SPECIFIED,2,HOUSEHOLD,RAIL,3,0,8,Brand#51,MED DRUM,9,39,3,41568.228
O,O,N,DELIVER IN PERSON,Manufacturer#3,5-LOW,2,AUTOMOBILE,FOB,2,0.03,18,Brand#34,WRAP JAR,2,22,2,30663.072
F,F,R,COLLECT COD,Manufacturer#3,5-LOW,0,HOUSEHOLD,TRUCK,1,0,12,Brand#33,WRAP CASE,17,40,0,56734.86
O,O,N,COLLECT COD,Manufacturer#2,3-MEDIUM,2,FURNITURE,TRUCK,1,0.04,9,Brand#21,MED PACK,48,35,4,47243.889
F,F,A,TAKE BACK RETURN,Manufacturer#3,2-HIGH,2,FURNITURE,RAIL,3,0.01,21,Brand#31,JUMBO DRUM,23,23,1,24522.9289
O,O,N,DELIVER IN PERSON,Manufacturer#1,2-HIGH,1,AUTOMOBILE,RAIL,4,0.02,12,Brand#11,MED PACK,4,32,0,51309.2096
O,O,N,TAKE BACK RETURN,Manufacturer#2,4-NOT SPECIFIED,3,BUILDING,SHIP,4,0.04,18,Brand#22,JUMBO CASE,1,26,2,46377.8146
O,O,N,DELIVER IN PERSON,Manufacturer#5,4-NOT SPECIFIED,3,BUILDING,SHIP,1,0.05,8,Brand#53,LG JAR,31,36,3,49221.972
O,O,N,COLLECT COD,Manufacturer#1,4-NOT SPECIFIED,3,BUILDING,TRUCK,2,0.05,8,Brand#15,LG JAR,2,27,3,37729.6623
F,P,N,NONE,Manufacturer#5,3-MEDIUM,0,BUILDING,RAIL,5,0.01,18,Brand#53,LG PACK,46,48,2,46335.3264
F,F,A,TAKE BACK RETURN,Manufacturer#1,2-HIGH,1,AUTOMOBILE,REG AIR,3,0.08,18,Brand#15,MED BOX,9,28,2,45223.6876
F,F,R,DELIVER IN PERSON,Manufacturer#4,2-HIGH,1,AUTOMOBILE,SHIP,6,0.03,18,Brand#45,MED DRUM,3,4,2,5697.6636
F,F,R,NONE,Manufacturer#3,2-HIGH,1,AUTOMOBILE,TRUCK,2,0.06,21,Brand#31,JUMBO CAN,11,30,1,29218.86
F,F,A,DELIVER IN PERSON,Manufacturer#5,1-URGENT,4,MACHINERY,TRUCK,2,0.05,21,Brand#54,WRAP BOX,31,37,1,50566.9824
O,O,N,DELIVER IN PERSON,Manufacturer#4,4-NOT SPECIFIED,2,MACHINERY,TRUCK,4,0.08,18,Brand#43,JUMBO CAN,37,4,2,4869.9728
O,O,N,NONE,Manufacturer#1,4-NOT SPECIFIED,2,MACHINERY,MAIL,7,0.01,9,Brand#15,MED CASE,17,35,4,49579.3025
F,F,R,NONE,Manufacturer#1,3-MEDIUM,4,FURNITURE,MAIL,2,0.07,18,Brand#15,SM JAR,20,33,2,33621.3504
F,F,R,COLLECT COD,Manufacturer#3,4-NOT SPECIFIED,0,FURNITURE,RAIL,1,0,9,Brand#33,LG CASE,35,44,4,44933.6888
F,F,R,NONE,Manufacturer#5,4-NOT SPECIFIED,0,FURNITURE,TRUCK,2,0.06,9,Brand#51,WRAP BOX,25,26,4,39770.12
O,O,N,TAKE BACK RETURN,Manufacturer#4,1-URGENT,4,BUILDING,FOB,1,0.04,9,Brand#43,LG PACK,44,44,4,54816.938
O,O,N,COLLECT COD,Manufacturer#1,5-LOW,3,BUILDING,FOB,4,0.07,18,Brand#12,SM JAR,23,20,2,29005.78
O,O,N,DELIVER IN PERSON,Manufacturer#2,5-LOW,3,BUILDING,MAIL,3,0.02,18,Brand#24,JUMBO BOX,47,36,2,56703.6288
O,O,N,TAKE BACK RETURN,Manufacturer#1,3-MEDIUM,0,BUILDING,AIR,5,0.04,18,Brand#14,JUMBO JAR,21,26,2,41485.158
O,O,N,NONE,Manufacturer#5,3-MEDIUM,3,FURNITURE,RAIL,3,0.03,9,Brand#55,SM JAR,11,10,4,12153.96
O,O,N,TAKE BACK RETURN,Manufacturer#4,5-LOW,0,AUTOMOBILE,SHIP,3,0.04,12,Brand#41,SM PACK,5,3,0,4344.5766
F,F,A,DELIVER IN PERSON,Manufacturer#3,5-LOW,4,FURNITURE,REG AIR,1,0.08,21,Brand#31,LG PKG,47,7,1,7448.1862
O,O,N,COLLECT COD,Manufacturer#3,1-URGENT,4,AUTOMOBILE,AIR,1,0.02,21,Brand#35,JUMBO JAR,29,5,1,8158.401
O,O,N,COLLECT COD,Manufacturer#3,4-NOT SPECIFIED,4,AUTOMOBILE,TRUCK,4,0.03,9,Brand#32,LG CAN,33,32,4,35672.4096
O,O,N,TAKE BACK RETURN,Manufacturer#1,3-MEDIUM,2,FURNITURE,RAIL,2,0.02,8,Brand#14,MED BOX,1,37,3,52959.543
F,F,R,TAKE BACK RETURN,Manufacturer#2,1-URGENT,0,AUTOMOBILE,TRUCK,1,0.06,18,Brand#23,JUMBO BOX,40,4,2,7471.84
F,F,A,COLLECT COD,Manufacturer#4,1-URGENT,0,AUTOMOBILE,SHIP,4,0,18,Brand#45,MED DRUM,3,31,2,44631.6982
F,F,A,COLLECT COD,Manufacturer#1,1-URGENT,4,AUTOMOBILE,FOB,7,0.06,18,Brand#11,WRAP CASE,26,22,2,39833.8776
F,F,A,NONE,Manufacturer#2,5-LOW,1,FURNITURE,MAIL,1,0.01,8,Brand#24,MED PKG,48,49,3,67527.3312
O,O,N,NONE,Manufacturer#5,3-MEDIUM,4,BUILDING,RAIL,5,0.05,8,Brand#55,SM BAG,26,33,3,55815.7248
F,F,R,NONE,Manufacturer#4,4-NOT SPECIFIED,1,AUTOMOBILE,FOB,5,0.04,18,Brand#41,JUMBO JAR,37,26,2,42822.234
F,F,A,COLLECT COD,Manufacturer#1,5-LOW,3,FURNITURE,TRUCK,3,0.07,21,Brand#11,MED BAG,20,3,1,3001.4775
O,O,N,DELIVER IN PERSON,Manufacturer#1,5-LOW,0,AUTOMOBILE,SHIP,4,0.06,9,Brand#13,JUMBO JAR,26,33,4,40468.659
O,O,N,NONE,Manufacturer#2,5-LOW,0,AUTOMOBILE,RAIL,1,0.04,8,Brand#21,JUMBO CAN,29,39,3,63910.47
F,F,A,DELIVER IN PERSON,Manufacturer#1,3-MEDIUM,2,BUILDING,RAIL,4,0.05,8,Brand#11,LG CASE,39,17,3,22579.2385
F,F,A,DELIVER IN PERSON,Manufacturer#2,3-MEDIUM,2,BUILDING,FOB,5,0.08,21,Brand#25,MED BAG,45,25,1,26331.075
F,F,A,DELIVER IN PERSON,Manufacturer#4,3-MEDIUM,2,BUILDING,SHIP,3,0.01,21,Brand#43,WRAP BAG,20,19,1,28245.02
F,F,R,TAKE BACK RETURN,Manufacturer#2,3-MEDIUM,2,BUILDING,FOB,2,0.01,18,Brand#21,MED PACK,24,4,2,4277.4648
O,O,N,NONE,Manufacturer#3,3-MEDIUM,2,AUTOMOBILE,SHIP,1,0.05,21,Brand#31,JUMBO DRUM,23,30,1,30007.887
O,O,N,TAKE BACK RETURN,Manufacturer#1,5-LOW,0,HOUSEHOLD,RAIL,4,0,12,Brand#12,MED CASE,28,34,0,40960.9424
O,O,N,NONE,Manufacturer#1,5-LOW,0,HOUSEHOLD,FOB,3,0.08,8,Brand#15,SM BAG,43,23,3,36669.36
O,O,N,COLLECT COD,Manufacturer#3,5-LOW,3,FURNITURE,REG AIR,5,0,18,Brand#33,SM CAN,48,14,2,21034.0746
O,O,N,TAKE BACK RETURN,Manufacturer#3,5-LOW,3,FURNITURE,REG AIR,4,0.05,18,Brand#34,SM BAG,20,25,2,36261.8625
O,O,N,TAKE BACK RETURN,Manufacturer#3,5-LOW,3,FURNITURE,AIR,3,0.07,9,Brand#33,LG DRUM,46,12,4,11757.6804
O,O,N,NONE,Manufacturer#1,2-HIGH,3,AUTOMOBILE,RAIL,4,0.03,8,Brand#14,JUMBO PACK,7,48,3,58036.608
O,O,N,COLLECT COD,Manufacturer#2,1-URGENT,0,MACHINERY,SHIP,2,0.06,21,Brand#22,WRAP DRUM,26,23,1,37089.3216
O,O,N,TAKE BACK RETURN,Manufacturer#4,1-URGENT,1,MACHINERY,TRUCK,5,0.01,8,Brand#44,JUMBO CASE,40,35,3,40741.89
O,O,N,COLLECT COD,Manufacturer#2,1-URGENT,1,MACHINERY,REG AIR,1,0.02,18,Brand#21,WRAP CASE,16,46,2,40381.1
O,O,N,TAKE BACK RETURN,Manufacturer#5,1-URGENT,1,MACHINERY,RAIL,4,0.07,18,Brand#52,MED CASE,13,49,2,44948.1606
O,O,N,DELIVER IN PERSON,Manufacturer#2,1-URGENT,1,MACHINERY,SHIP,2,0.02,9,Brand#24,MED PKG,6,3,4,2832.678
O,O,N,COLLECT COD,Manufacturer#4,3-MEDIUM,2,MACHINERY,TRUCK,2,0.04,12,Brand#43,WRAP BAG,24,46,0,78416.844
O,O,N,TAKE BACK RETURN,Manufacturer#3,3-MEDIUM,2,MACHINERY,TRUCK,4,0.03,8,Brand#32,LG PKG,43,24,3,25868.9688
F,F,R,TAKE BACK RETURN,Manufacturer#5,1-URGENT,0,FURNITURE,FOB,3,0.05,9,Brand#51,WRAP PKG,1,42,4,51652.419
F,F,A,TAKE BACK RETURN,Manufacturer#5,2-HIGH,2,FURNITURE,REG AIR,1,0,8,Brand#55,JUMBO CAN,47,45,3,47707.2
O,O,N,NONE,Manufacturer#2,3-MEDIUM,0,HOUSEHOLD,TRUCK,1,0.05,21,Brand#24,MED PACK,50,32,1,49774.88
O,O,N,NONE,Manufacturer#5,5-LOW,2,AUTOMOBILE,TRUCK,3,0,8,Brand#55,SM CAN,14,1,3,1498.224
F,F,R,COLLECT COD,Manufacturer#4,2-HIGH,0,AUTOMOBILE,TRUCK,4,0.04,9,Brand#45,WRAP DRUM,27,37,4,55068.099
F,F,R,DELIVER IN PERSON,Manufacturer#5,2-HIGH,0,AUTOMOBILE,MAIL,5,0.05,21,Brand#54,LG CAN,35,24,1,22769.64
O,O,N,TAKE BACK RETURN,Manufacturer#1,5-LOW,3,FURNITURE,AIR,1,0.06,12,Brand#14,LG BAG,25,28,0,27055.126
O,O,N,COLLECT COD,Manufacturer#1,5-LOW,3,FURNITURE,TRUCK,2,0.06,18,Brand#13,WRAP JAR,27,19,2,19686.47
O,O,N,DELIVER IN PERSON,Manufacturer#5,5-LOW,3,FURNITURE,SHIP,4,0.05,18,Brand#55,SM BOX,37,41,2,38022.9941
O,O,N,COLLECT COD,Manufacturer#2,4-NOT SPECIFIED,1,BUILDING,FOB,2,0.07,8,Brand#25,SM DRUM,50,41,3,48332.8787
O,O,N,COLLECT COD,Manufacturer#2,4-NOT SPECIFIED,1,BUILDING,SHIP,1,0.06,12,Brand#21,WRAP BOX,19,32,0,57884.8
F,F,A,TAKE BACK RETURN,Manufacturer#3,2-HIGH,0,BUILDING,TRUCK,5,0,8,Brand#35,LG DRUM,14,36,3,42840.8568
F,F,A,COLLECT COD,Manufacturer#3,2-HIGH,0,BUILDING,AIR,6,0.03,18,Brand#32,SM DRUM,32,44,2,56557.8684
F,F,R,DELIVER IN PERSON,Manufacturer#1,2-HIGH,0,BUILDING,RAIL,2,0.05,18,Brand#15,LG CASE,25,2,2,2126.8566
F,F,A,NONE,Manufacturer#2,2-HIGH,0,BUILDING,SHIP,1,0.08,9,Brand#24,WRAP CAN,46,8,4,7770.024
O,O,N,TAKE BACK RETURN,Manufacturer#2,1-URGENT,0,BUILDING,FOB,3,0.01,21,Brand#24,MED PACK,50,47,1,72329.1225
O,O,N,COLLECT COD,Manufacturer#5,3-MEDIUM,4,HOUSEHOLD,MAIL,6,0.08,21,Brand#52,JUMBO BAG,9,43,1,65693.1726
O,O,N,NONE,Manufacturer#2,3-MEDIUM,4,HOUSEHOLD,REG AIR,3,0.08,8,Brand#25,SM BAG,3,47,3,81796.5722
O,O,N,NONE,Manufacturer#1,3-MEDIUM,4,HOUSEHOLD,AIR,2,0,8,Brand#13,MED CASE,27,31,3,45742.67
F,F,A,COLLECT COD,Manufacturer#2,1-URGENT,1,MACHINERY,TRUCK,1,0.02,12,Brand#21,LG PACK,33,41,0,40018.87
F,F,A,NONE,Manufacturer#3,1-URGENT,1,MACHINERY,REG AIR,3,0.03,8,Brand#31,SM PKG,27,24,3,33978.324
O,O,N,DELIVER IN PERSON,Manufacturer#4,2-HIGH,4,BUILDING,MAIL,3,0.03,9,Brand#41,SM PACK,35,34,4,30308.9498
O,O,N,COLLECT COD,Manufacturer#4,2-HIGH,4,BUILDING,TRUCK,4,0.05,12,Brand#43,LG BOX,16,24,0,20247.5808
F,F,R,COLLECT COD,Manufacturer#4,3-MEDIUM,3,FURNITURE,FOB,1,0.01,9,Brand#44,LG PACK,34,26,4,31441.8
O,O,N,TAKE BACK RETURN,Manufacturer#5,1-URGENT,0,AUTOMOBILE,REG AIR,4,0.07,9,Brand#52,MED BAG,44,42,4,62625.15
O,O,N,COLLECT COD,Manufacturer#4,1-URGENT,0,AUTOMOBILE,MAIL,5,0.08,18,Brand#45,WRAP DRUM,31,31,2,30103.17
F,F,A,DELIVER IN PERSON,Manufacturer#3,1-URGENT,2,AUTOMOBILE,TRUCK,1,0.06,18,Brand#32,MED PKG,5,12,2,13948.0956
O,O,N,TAKE BACK RETURN,Manufacturer#3,1-URGENT,2,FURNITURE,REG AIR,1,0,12,Brand#34,SM PKG,27,8,0,12829.536
O,O,N,NONE,Manufacturer#3,1-URGENT,2,FURNITURE,RAIL,5,0.07,8,Brand#32,LG PKG,43,25,3,26113.435
O,O,N,NONE,Manufacturer#3,3-MEDIUM,3,HOUSEHOLD,SHIP,5,0,12,Brand#32,LG PKG,11,7,0,7920.0758
O,O,N,COLLECT COD,Manufacturer#4,3-MEDIUM,3,HOUSEHOLD,RAIL,4,0.02,21,Brand#44,LG CAN,25,49,1,74916.639
F,F,R,COLLECT COD,Manufacturer#1,2-HIGH,2,MACHINERY,TRUCK,2,0.08,9,Brand#13,WRAP BOX,5,1,4,1157.5674
F,F,A,DELIVER IN PERSON,Manufacturer#4,3-MEDIUM,0,FURNITURE,SHIP,1,0,8,Brand#44,SM PKG,50,23,3,35970.4912
F,F,A,NONE,Manufacturer#1,3-MEDIUM,0,FURNITURE,AIR,2,0.01,9,Brand#15,JUMBO CAN,18,41,4,61645.386
F,F,R,COLLECT COD,Manufacturer#1,2-HIGH,1,HOUSEHOLD,MAIL,5,0.03,21,Brand#12,WRAP PACK,36,34,1,41783.3004
F,F,A,TAKE BACK RETURN,Manufacturer#4,2-HIGH,1,HOUSEHOLD,TRUCK,4,0.04,12,Brand#44,MED CAN,28,31,0,29167.1808
F,F,A,COLLECT COD,Manufacturer#3,2-HIGH,1,HOUSEHOLD,REG AIR,2,0.07,18,Brand#31,JUMBO PKG,40,14,2,21414.68
O,O,N,DELIVER IN PERSON,Manufacturer#1,3-MEDIUM,1,HOUSEHOLD,FOB,6,0.06,12,Brand#11,WRAP CASE,40,46,0,66356.84
O,O,N,TAKE BACK RETURN,Manufacturer#4,1-URGENT,1,BUILDING,TRUCK,1,0.03,9,Brand#44,MED DRUM,41,15,4,26247.6
O,O,N,TAKE BACK RETURN,Manufacturer#4,1-URGENT,1,BUILDING,REG AIR,4,0.03,12,Brand#42,MED BAG,14,7,0,12319.8054
O,O,N,DELIVER IN PERSON,Manufacturer#5,1-URGENT,0,AUTOMOBILE,REG AIR,1,0.02,18,Brand#52,MED CASE,13,42,2,37347.597
F,F,R,DELIVER IN PERSON,Manufacturer#2,5-LOW,2,BUILDING,FOB,1,0.08,8,Brand#21,JUMBO CAN,29,6,3,8849.142
O,O,N,COLLECT COD,Manufacturer#1,1-URGENT,2,AUTOMOBILE,REG AIR,1,0.08,18,Brand#12,JUMBO DRUM,17,39,2,50122.0902
O,O,N,TAKE BACK RETURN,Manufacturer#2,1-URGENT,2,AUTOMOBILE,TRUCK,2,0.01,21,Brand#24,WRAP CASE,26,30,1,54717.6
F,F,R,DELIVER IN PERSON,Manufacturer#3,4-NOT SPECIFIED,1,AUTOMOBILE,REG AIR,2,0.05,21,Brand#35,MED JAR,7,10,1,15808.047
F,F,R,DELIVER IN PERSON,Manufacturer#5,4-NOT SPECIFIED,1,AUTOMOBILE,TRUCK,6,0.03,12,Brand#51,SM CAN,8,33,0,48411.6732
O,O,N,TAKE BACK RETURN,Manufacturer#2,1-URGENT,1,MACHINERY,RAIL,3,0.08,18,Brand#22,WRAP DRUM,23,41,2,38260.6752
O,O,N,DELIVER IN PERSON,Manufacturer#4,1-URGENT,1,MACHINERY,FOB,2,0.02,21,Brand#43,LG PKG,15,21,1,22435.5432
O,O,N,COLLECT COD,Manufacturer#5,1-URGENT,1,MACHINERY,MAIL,1,0.07,9,Brand#52,SM JAR,18,32,4,34056.7776
F,F,A,NONE,Manufacturer#5,4-NOT SPECIFIED,4,FURNITURE,FOB,6,0.03,12,Brand#51,SM JAR,13,44,0,56202.608
F,F,A,TAKE BACK RETURN,Manufacturer#4,4-NOT SPECIFIED,4,FURNITURE,AIR,2,0.04,9,Brand#43,MED BAG,4,30,4,49006.806
F,F,A,DELIVER IN PERSON,Manufacturer#2,4-NOT SPECIFIED,4,FURNITURE,FOB,1,0.04,12,Brand#23,JUMBO BOX,47,27,0,30276.5904
F,F,R,DELIVER IN PERSON,Manufacturer#3,5-LOW,3,AUTOMOBILE,SHIP,2,0.04,9,Brand#32,MED CASE,15,42,4,57953.4648
O,O,N,COLLECT COD,Manufacturer#3,4-NOT SPECIFIED,4,FURNITURE,TRUCK,1,0.01,21,Brand#32,SM JAR,18,30,1,40342.035
O,O,N,NONE,Manufacturer#1,4-NOT SPECIFIED,1,BUILDING,FOB,4,0.01,9,Brand#11,MED CASE,13,6,4,6493.611
O,O,N,TAKE BACK RETURN,Manufacturer#4,4-NOT SPECIFIED,1,BUILDING,MAIL,5,0.02,8,Brand#45,SM CASE,38,49,3,71930.0596
O,O,N,COLLECT COD,Manufacturer#2,4-NOT SPECIFIED,1,BUILDING,TRUCK,1,0.07,21,Brand#23,SM PACK,45,28,1,33059.8688
F,F,R,DELIVER IN PERSON,Manufacturer#4,4-NOT SPECIFIED,4,BUILDING,MAIL,2,0.04,21,Brand#42,JUMBO PKG,20,16,1,20807.5392
F,F,R,TAKE BACK RETURN,Manufacturer#3,4-NOT SPECIFIED,4,BUILDING,RAIL,5,0.07,8,Brand#33,SM BOX,32,7,3,10784.403
F,F,R,COLLECT COD,Manufacturer#2,4-NOT SPECIFIED,4,BUILDING,TRUCK,6,0,9,Brand#24,JUMBO CASE,48,18,4,26301.366
F,F,A,TAKE BACK RETURN,Manufacturer#5,3-MEDIUM,0,BUILDING,RAIL,2,0.08,18,Brand#55,SM CASE,38,29,2,47100.3732
O,O,N,COLLECT COD,Manufacturer#5,1-URGENT,4,HOUSEHOLD,FOB,1,0.02,8,Brand#54,MED DRUM,42,26,3,42380.507
F,F,R,DELIVER IN PERSON,Manufacturer#4,2-HIGH,0,HOUSEHOLD,AIR,1,0.07,18,Brand#44,WRAP CASE,35,3,2,3350.5836
F,F,A,COLLECT COD,Manufacturer#3,1-URGENT,2,FURNITURE,RAIL,3,0.04,12,Brand#34,LG CASE,9,9,0,11442.9888
F,F,A,DELIVER IN PERSON,Manufacturer#3,1-URGENT,2,FURNITURE,REG AIR,1,0.08,18,Brand#31,SM BOX,6,1,2,1424.5032
F,F,A,TAKE BACK RETURN,Manufacturer#2,3-MEDIUM,3,FURNITURE,MAIL,5,0.08,8,Brand#24,JUMBO JAR,29,8,3,8178.892
F,F,A,NONE,Manufacturer#3,3-MEDIUM,3,FURNITURE,RAIL,3,0.03,8,Brand#34,LG CASE,9,6,3,7708.1244
O,O,N,DELIVER IN PERSON,Manufacturer#4,4-NOT SPECIFIED,0,MACHINERY,MAIL,5,0.04,12,Brand#43,JUMBO CAN,37,43,0,50749.589
O,O,N,TAKE BACK RETURN,Manufacturer#4,4-NOT SPECIFIED,0,MACHINERY,REG AIR,1,0.07,8,Brand#45,SM CAN,21,45,3,45139.5
O,O,N,TAKE BACK RETURN,Manufacturer#4,4-NOT SPECIFIED,0,MACHINERY,FOB,3,0.06,21,Brand#42,SM CAN,44,42,1,68700.66
O,O,N,NONE,Manufacturer#2,4-NOT SPECIFIED,0,MACHINERY,AIR,7,0.02,18,Brand#22,MED JAR,19,6,2,6505.068
O,O,N,TAKE BACK RETURN,Manufacturer#3,2-HIGH,1,HOUSEHOLD,TRUCK,3,0.03,8,Brand#32,SM JAR,18,4,3,5152.4564
O,O,N,COLLECT COD,Manufacturer#2,2-HIGH,3,MACHINERY,RAIL,3,0.05,9,Brand#22,MED JAR,8,48,4,50468.832
O,O,N,TAKE BACK RETURN,Manufacturer#4,3-MEDIUM,0,HOUSEHOLD,FOB,4,0.05,21,Brand#43,JUMBO PKG,17,25,1,31017.36
F,F,A,NONE,Manufacturer#2,2-HIGH,4,FURNITURE,AIR,3,0.04,21,Brand#21,MED PKG,20,36,1,50057.28
F,F,R,TAKE BACK RETURN,Manufacturer#1,2-HIGH,4,FURNITURE,MAIL,4,0.07,8,Brand#14,MED BAG,18,37,3,33958.896
F,F,R,COLLECT COD,Manufacturer#2,2-HIGH,4,FURNITURE,REG AIR,6,0.04,18,Brand#23,JUMBO BOX,3,40,2,45644.512
F,F,A,COLLECT COD,Manufacturer#1,1-URGENT,0,HOUSEHOLD,TRUCK,1,0.08,12,Brand#15,WRAP BAG,6,26,0,45339.84
F,F,A,TAKE BACK RETURN,Manufacturer#2,1-URGENT,1,BUILDING,FOB,6,0.03,21,Brand#22,JUMBO JAR,7,45,1,63785.7675
F,F,A,COLLECT COD,Manufacturer#1,1-URGENT,1,BUILDING,RAIL,7,0.01,21,Brand#12,JUMBO BOX,20,31,1,43828.4665
F,F,R,NONE,Manufacturer#3,1-URGENT,1,BUILDING,MAIL,4,0,9,Brand#33,JUMBO BOX,18,30,4,48031.488
O,O,N,TAKE BACK RETURN,Manufacturer#3,2-HIGH,4,AUTOMOBILE,FOB,1,0.06,9,Brand#35,JUMBO CASE,32,41,4,49112.8176
O,O,N,NONE,Manufacturer#4,5-LOW,4,MACHINERY,SHIP,3,0.01,21,Brand#44,JUMBO PKG,46,43,1,38791.1342
O,O,N,TAKE BACK RETURN,Manufacturer#1,5-LOW,4,MACHINERY,AIR,1,0.08,18,Brand#11,JUMBO PACK,12,20,2,34964.028
O,O,N,DELIVER IN PERSON,Manufacturer#5,4-NOT SPECIFIED,1,AUTOMOBILE,FOB,3,0.08,8,Brand#55,SM BOX,12,7,3,11148.83
O,O,N,TAKE BACK RETURN,Manufacturer#2,1-URGENT,0,AUTOMOBILE,SHIP,3,0.03,21,Brand#24,JUMBO CASE,38,15,1,20557.05
O,O,N,NONE,Manufacturer#5,1-URGENT,0,AUTOMOBILE,TRUCK,4,0.02,21,Brand#55,WRAP PKG,27,2,1,3142.8124
F,F,R,NONE,Manufacturer#5,4-NOT SPECIFIED,2,MACHINERY,SHIP,2,0.03,18,Brand#51,LG BOX,48,12,2,13730.88
F,F,R,COLLECT COD,Manufacturer#5,5-LOW,1,AUTOMOBILE,TRUCK,5,0.02,21,Brand#53,WRAP CAN,49,44,1,76273.2432
O,O,N,TAKE BACK RETURN,Manufacturer#1,5-LOW,0,HOUSEHOLD,RAIL,1,0.05,8,Brand#13,JUMBO PACK,17,26,3,44825.3624
F,F,R,NONE,Manufacturer#5,2-HIGH,3,FURNITURE,MAIL,2,0.03,21,Brand#52,SM PKG,50,34,1,58197.2118
F,F,A,DELIVER IN PERSON,Manufacturer#2,4-NOT SPECIFIED,1,HOUSEHOLD,AIR,1,0.05,18,Brand#23,LG JAR,20,40,2,46667.904
F,F,A,COLLECT COD,Manufacturer#2,4-NOT SPECIFIED,1,HOUSEHOLD,FOB,2,0,9,Brand#22,MED JAR,8,21,4,22325.4486
F,F,A,COLLECT COD,Manufacturer#3,5-LOW,3,MACHINERY,REG AIR,4,0.03,18,Brand#32,SM DRUM,32,33,2,39847.5891
F,F,A,COLLECT COD,Manufacturer#4,5-LOW,3,MACHINERY,TRUCK,3,0.08,21,Brand#42,SM JAR,47,31,1,27363.7
F,F,A,NONE,Manufacturer#4,3-MEDIUM,3,BUILDING,REG AIR,4,0.03,8,Brand#42,SM JAR,47,9,3,7371
F,F,A,COLLECT COD,Manufacturer#5,1-URGENT,1,BUILDING,REG AIR,2,0.02,12,Brand#53,WRAP DRUM,10,13,0,13368.2016
F,P,A,TAKE BACK RETURN,Manufacturer#2,4-NOT SPECIFIED,1,AUTOMOBILE,SHIP,2,0.03,18,Brand#22,WRAP BAG,9,50,2,79116.765
O,P,N,NONE,Manufacturer#3,4-NOT SPECIFIED,1,AUTOMOBILE,TRUCK,3,0.01,8,Brand#34,LG CAN,35,24,3,26224.8192
F,F,A,NONE,Manufacturer#1,1-URGENT,2,FURNITURE,TRUCK,4,0,18,Brand#14,SM PKG,40,47,2,67300.5408
F,F,A,DELIVER IN PERSON,Manufacturer#3,2-HIGH,4,BUILDING,REG AIR,6,0,12,Brand#34,LG CASE,20,10,0,12316.395
F,F,R,DELIVER IN PERSON,Manufacturer#5,2-HIGH,4,BUILDING,REG AIR,3,0.06,8,Brand#55,LG BAG,36,37,3,43453.4364
O,O,N,TAKE BACK RETURN,Manufacturer#2,5-LOW,2,FURNITURE,FOB,3,0,21,Brand#24,JUMBO BAG,25,50,1,68846.505
O,O,N,COLLECT COD,Manufacturer#3,5-LOW,2,FURNITURE,FOB,2,0.02,21,Brand#35,JUMBO CASE,35,10,1,15468.493
F,F,A,TAKE BACK RETURN,Manufacturer#5,1-URGENT,3,HOUSEHOLD,AIR,3,0,9,Brand#51,LG PKG,47,33,4,54943.218
F,F,R,COLLECT COD,Manufacturer#3,1-URGENT,3,HOUSEHOLD,REG AIR,1,0.04,21,Brand#34,SM PKG,32,16,1,29271.3696
O,O,N,DELIVER IN PERSON,Manufacturer#5,2-HIGH,0,BUILDING,MAIL,1,0.01,18,Brand#52,JUMBO BOX,46,27,2,32241.9906
O,O,N,DELIVER IN PERSON,Manufacturer#4,4-NOT SPECIFIED,1,BUILDING,REG AIR,1,0.05,18,Brand#44,MED BAG,6,43,2,65494.6201
O,O,N,TAKE BACK RETURN,Manufacturer#2,4-NOT SPECIFIED,1,BUILDING,TRUCK,5,0.04,18,Brand#25,WRAP JAR,39,19,2,27598.45
O,O,N,NONE,Manufacturer#1,3-MEDIUM,0,MACHINERY,REG AIR,5,0.06,9,Brand#12,JUMBO BAG,16,25,4,27942.0625
O,O,N,NONE,Manufacturer#2,3-MEDIUM,0,MACHINERY,SHIP,2,0.08,8,Brand#22,WRAP BAG,2,27,3,27695.7549
O,O,N,COLLECT COD,Manufacturer#4,3-MEDIUM,0,MACHINERY,AIR,4,0.08,8,Brand#43,MED BOX,10,48,3,81811.3296
O,O,N,TAKE BACK RETURN,Manufacturer#1,3-MEDIUM,0,MACHINERY,SHIP,3,0.08,18,Brand#14,JUMBO PACK,7,14,2,16927.344
F,F,R,NONE,Manufacturer#2,5-LOW,2,AUTOMOBILE,MAIL,7,0,18,Brand#23,JUMBO BOX,40,11,2,18698.2796
F,F,A,DELIVER IN PERSON,Manufacturer#5,5-LOW,2,AUTOMOBILE,RAIL,1,0.01,18,Brand#53,WRAP CAN,18,48,2,55817.1648
F,F,R,NONE,Manufacturer#2,5-LOW,2,AUTOMOBILE,MAIL,3,0.08,18,Brand#23,MED CAN,31,22,2,34779.1488
F,F,R,DELIVER IN PERSON,Manufacturer#3,5-LOW,2,AUTOMOBILE,RAIL,2,0.05,9,Brand#34,MED BAG,17,23,4,25120.37
F,F,A,NONE,Manufacturer#5,1-URGENT,2,FURNITURE,AIR,7,0.08,18,Brand#55,SM CASE,38,45,2,72309.267
F,F,R,DELIVER IN PERSON,Manufacturer#2,2-HIGH,4,FURNITURE,TRUCK,1,0.03,18,Brand#24,MED DRUM,1,23,2,39211.2096
O,O,N,DELIVER IN PERSON,Manufacturer#4,4-NOT SPECIFIED,3,HOUSEHOLD,FOB,3,0.01,12,Brand#41,JUMBO CASE,29,30,0,50013.225
O,O,N,DELIVER IN PERSON,Manufacturer#5,4-NOT SPECIFIED,3,HOUSEHOLD,RAIL,2,0,8,Brand#55,SM CAN,14,48,3,74911.2
F,F,R,COLLECT COD,Manufacturer#4,2-HIGH,0,HOUSEHOLD,RAIL,3,0.01,18,Brand#45,MED BAG,27,3,2,3432.699
F,F,R,COLLECT COD,Manufacturer#3,2-HIGH,0,HOUSEHOLD,AIR,1,0.01,18,Brand#31,WRAP JAR,4,42,2,65501.8182
F,F,A,TAKE BACK RETURN,Manufacturer#4,5-LOW,2,FURNITURE,FOB,2,0.08,9,Brand#44,WRAP BOX,40,36,4,56396.736
F,F,A,COLLECT COD,Manufacturer#1,5-LOW,2,FURNITURE,FOB,5,0.07,18,Brand#14,JUMBO PACK,7,33,2,40343.5032
O,O,N,NONE,Manufacturer#3,5-LOW,4,HOUSEHOLD,AIR,1,0,9,Brand#34,SM DRUM,7,25,4,41594
F,F,R,TAKE BACK RETURN,Manufacturer#3,4-NOT SPECIFIED,0,AUTOMOBILE,TRUCK,6,0.05,21,Brand#31,MED DRUM,25,25,1,27723.57
F,F,R,NONE,Manufacturer#5,1-URGENT,1,AUTOMOBILE,TRUCK,1,0.04,21,Brand#51,JUMBO CASE,33,30,1,32118.048
F,F,R,DELIVER IN PERSON,Manufacturer#5,1-URGENT,1,AUTOMOBILE,MAIL,4,0.06,8,Brand#54,MED JAR,46,39,3,62167.6614
O,O,N,DELIVER IN PERSON,Manufacturer#1,4-NOT SPECIFIED,0,BUILDING,SHIP,3,0.05,9,Brand#12,JUMBO JAR,19,39,4,43636.0314
F,F,R,TAKE BACK RETURN,Manufacturer#5,3-MEDIUM,0,BUILDING,MAIL,2,0.01,21,Brand#55,JUMBO BAG,19,41,1,55958.0628
F,F,A,DELIVER IN PERSON,Manufacturer#1,3-MEDIUM,0,BUILDING,SHIP,1,0.07,12,Brand#14,JUMBO PACK,7,24,0,29018.304
F,F,R,DELIVER IN PERSON,Manufacturer#4,4-NOT SPECIFIED,0,MACHINERY,MAIL,4,0.02,9,Brand#44,WRAP CAN,19,32,4,52442.496
O,O,N,COLLECT COD,Manufacturer#3,2-HIGH,2,MACHINERY,MAIL,1,0.05,12,Brand#33,MED PACK,30,44,0,68978.6328
O,O,N,COLLECT COD,Manufacturer#4,2-HIGH,3,BUILDING,RAIL,4,0.03,12,Brand#45,SM CASE,38,30,0,42633.318
O,O,N,TAKE BACK RETURN,Manufacturer#5,4-NOT SPECIFIED,2,MACHINERY,TRUCK,4,0.07,18,Brand#52,JUMBO PKG,17,18,2,21098.88
O,O,N,COLLECT COD,Manufacturer#4,4-NOT SPECIFIED,2,MACHINERY,SHIP,2,0.07,21,Brand#45,MED BAG,27,27,1,32953.9104
O,O,N,COLLECT COD,Manufacturer#4,4-NOT SPECIFIED,2,HOUSEHOLD,FOB,1,0,9,Brand#42,JUMBO BOX,10,31,4,42534.3157
F,F,R,DELIVER IN PERSON,Manufacturer#4,3-MEDIUM,0,AUTOMOBILE,SHIP,2,0.05,21,Brand#43,JUMBO BAG,47,44,1,76365.256
F,F,R,COLLECT COD,Manufacturer#3,3-MEDIUM,0,AUTOMOBILE,MAIL,1,0.01,12,Brand#34,MED DRUM,47,20,0,34507.018
F,F,R,COLLECT COD,Manufacturer#3,5-LOW,0,BUILDING,RAIL,5,0.07,12,Brand#33,SM PKG,7,47,0,47639.106
F,F,A,DELIVER IN PERSON,Manufacturer#1,1-URGENT,3,AUTOMOBILE,REG AIR,1,0.06,18,Brand#14,MED JAR,32,32,2,37568.0224
O,O,N,NONE,Manufacturer#4,4-NOT SPECIFIED,0,MACHINERY,REG AIR,2,0.01,18,Brand#43,WRAP CASE,30,48,2,48917.28
O,O,N,DELIVER IN PERSON,Manufacturer#5,1-URGENT,4,FURNITURE,FOB,1,0.07,18,Brand#52,SM DRUM,32,4,2,6712.0256
F,F,A,NONE,Manufacturer#3,2-HIGH,3,AUTOMOBILE,RAIL,3,0.01,21,Brand#34,MED PACK,2,26,1,37855.961
F,F,R,DELIVER IN PERSON,Manufacturer#4,2-HIGH,3,AUTOMOBILE,RAIL,4,0.06,9,Brand#44,LG BOX,26,7,4,10196.3953
F,F,A,DELIVER IN PERSON,Manufacturer#3,2-HIGH,4,AUTOMOBILE,REG AIR,3,0.06,8,Brand#35,WRAP DRUM,43,15,3,20081.4435
F,F,A,COLLECT COD,Manufacturer#1,2-HIGH,4,AUTOMOBILE,REG AIR,5,0.05,21,Brand#11,WRAP JAR,24,36,1,62823.006
F,F,R,TAKE BACK RETURN,Manufacturer#5,2-HIGH,4,AUTOMOBILE,AIR,6,0.05,21,Brand#55,SM PACK,36,22,1,31439.4498
O,P,N,TAKE BACK RETURN,Manufacturer#3,2-HIGH,4,HOUSEHOLD,RAIL,1,0.08,18,Brand#34,SM BAG,20,41,2,58829.998
F,P,A,DELIVER IN PERSON,Manufacturer#5,2-HIGH,4,HOUSEHOLD,FOB,2,0.01,8,Brand#52,WRAP PACK,27,44,3,56556.72
O,O,N,NONE,Manufacturer#4,1-URGENT,1,AUTOMOBILE,AIR,1,0.07,12,Brand#44,LG CAN,36,4,0,3963.932
F,F,R,NONE,Manufacturer#5,2-HIGH,1,HOUSEHOLD,MAIL,3,0.07,8,Brand#54,MED JAR,22,28,3,40505.0464
F,F,R,COLLECT COD,Manufacturer#5,2-HIGH,1,HOUSEHOLD,REG AIR,4,0.01,21,Brand#52,JUMBO BAG,9,32,1,52567.68
O,O,N,COLLECT COD,Manufacturer#2,1-URGENT,4,BUILDING,TRUCK,2,0.03,18,Brand#21,JUMBO DRUM,49,36,2,52171.776
F,F,R,TAKE BACK RETURN,Manufacturer#1,4-NOT SPECIFIED,3,AUTOMOBILE,TRUCK,1,0.02,18,Brand#14,LG PKG,30,5,2,5039.7805
F,F,A,NONE,Manufacturer#3,1-URGENT,0,FURNITURE,RAIL,1,0.01,21,Brand#34,MED PKG,42,41,1,52871.0334
O,O,N,COLLECT COD,Manufacturer#4,5-LOW,4,AUTOMOBILE,SHIP,1,0.06,18,Brand#42,MED PKG,40,2,2,2677.4208
O,O,N,COLLECT COD,Manufacturer#2,5-LOW,4,AUTOMOBILE,REG AIR,5,0.01,9,Brand#23,SM PACK,20,40,4,62748.216
O,O,N,TAKE BACK RETURN,Manufacturer#5,5-LOW,4,AUTOMOBILE,FOB,2,0.08,12,Brand#52,LG BOX,45,38,0,35797.52
O,O,N,TAKE BACK RETURN,Manufacturer#4,1-URGENT,2,AUTOMOBILE,RAIL,3,0.02,21,Brand#45,WRAP DRUM,27,23,1,22440.5181
O,O,N,DELIVER IN PERSON,Manufacturer#3,1-URGENT,2,AUTOMOBILE,TRUCK,1,0.01,8,Brand#35,JUMBO DRUM,47,21,3,27712.5702
F,F,A,COLLECT COD,Manufacturer#5,1-URGENT,1,FURNITURE,REG AIR,3,0.01,21,Brand#51,JUMBO BAG,20,22,1,26715.2886
O,O,N,DELIVER IN PERSON,Manufacturer#3,5-LOW,0,HOUSEHOLD,REG AIR,3,0.02,9,Brand#33,JUMBO JAR,3,32,4,32622.6144
F,F,A,TAKE BACK RETURN,Manufacturer#5,2-HIGH,0,FURNITURE,RAIL,4,0.08,12,Brand#51,SM PACK,33,45,0,82638.0225
F,F,R,NONE,Manufacturer#1,2-HIGH,0,FURNITURE,FOB,3,0,18,Brand#14,JUMBO BAG,10,14,2,24217.48
F,F,A,COLLECT COD,Manufacturer#2,5-LOW,0,MACHINERY,SHIP,2,0.03,18,Brand#23,LG PACK,27,44,2,41577.8176
F,F,A,TAKE BACK RETURN,Manufacturer#4,5-LOW,0,MACHINERY,RAIL,3,0.05,9,Brand#43,SM JAR,11,36,4,32756.0076
F,F,A,TAKE BACK RETURN,Manufacturer#1,2-HIGH,2,HOUSEHOLD,REG AIR,1,0.05,18,Brand#12,MED PACK,24,29,2,29890.764
F,F,A,DELIVER IN PERSON,Manufacturer#4,2-HIGH,3,BUILDING,AIR,1,0.05,18,Brand#44,WRAP CAN,41,46,2,43255.2858
F,F,R,TAKE BACK RETURN,Manufacturer#4,2-HIGH,3,BUILDING,RAIL,4,0.05,9,Brand#42,WRAP BOX,11,18,4,33215.7672
F,F,A,DELIVER IN PERSON,Manufacturer#2,2-HIGH,3,BUILDING,FOB,5,0.07,21,Brand#21,JUMBO PKG,11,49,1,46507.6395
F,F,R,COLLECT COD,Manufacturer#2,5-LOW,1,MACHINERY,REG AIR,2,0.05,12,Brand#21,JUMBO JAR,40,11,0,20371.45
F,F,A,NONE,Manufacturer#2,1-URGENT,2,BUILDING,FOB,2,0.01,18,Brand#23,WRAP DRUM,30,16,2,27290.144
F,F,R,TAKE BACK RETURN,Manufacturer#1,5-LOW,1,BUILDING,REG AIR,7,0.08,12,Brand#12,JUMBO BAG,31,44,0,81798.2088
F,F,R,NONE,Manufacturer#4,5-LOW,1,BUILDING,AIR,6,0.07,21,Brand#44,LG CASE,37,11,1,16361.1052
O,O,N,TAKE BACK RETURN,Manufacturer#5,3-MEDIUM,4,FURNITURE,AIR,4,0.03,8,Brand#54,MED PKG,43,2,3,3326.7314
O,O,N,COLLECT COD,Manufacturer#4,3-MEDIUM,4,FURNITURE,TRUCK,2,0.03,21,Brand#44,LG BOX,26,29,1,42706.4092
O,O,N,DELIVER IN PERSON,Manufacturer#3,2-HIGH,4,AUTOMOBILE,RAIL,5,0.01,9,Brand#33,LG DRUM,28,1,4,973.8547
O,O,N,COLLECT COD,Manufacturer#3,2-HIGH,4,AUTOMOBILE,RAIL,4,0,18,Brand#33,MED PKG,24,3,2,4554.8811
O,O,N,TAKE BACK RETURN,Manufacturer#1,2-HIGH,1,FURNITURE,MAIL,1,0,8,Brand#13,MED PACK,47,6,3,9790.38
O,O,N,DELIVER IN PERSON,Manufacturer#2,1-URGENT,3,BUILDING,MAIL,1,0.07,18,Brand#25,JUMBO JAR,13,40,2,71632.44
F,F,A,DELIVER IN PERSON,Manufacturer#1,5-LOW,4,MACHINERY,SHIP,7,0.08,21,Brand#12,WRAP PKG,41,21,1,30944.088
F,F,A,COLLECT COD,Manufacturer#2,1-URGENT,1,BUILDING,AIR,1,0.06,8,Brand#23,JUMBO JAR,42,45,3,62464.8915
F,F,R,TAKE BACK RETURN,Manufacturer#3,1-URGENT,1,BUILDING,REG AIR,5,0.07,12,Brand#32,LG DRUM,26,9,0,12134.1402
O,O,N,DELIVER IN PERSON,Manufacturer#4,3-MEDIUM,1,FURNITURE,REG AIR,1,0.06,21,Brand#45,LG JAR,47,29,1,33730.016
O,O,N,NONE,Manufacturer#2,3-MEDIUM,1,FURNITURE,SHIP,2,0.03,21,Brand#24,MED PKG,13,18,1,22055.9976
O,O,N,COLLECT COD,Manufacturer#2,2-HIGH,0,AUTOMOBILE,AIR,6,0.02,18,Brand#23,MED BAG,22,28,2,28142.8
F,F,A,COLLECT COD,Manufacturer#1,2-HIGH,2,MACHINERY,MAIL,1,0.05,8,Brand#14,LG JAR,9,38,3,62714.3944
O,O,N,COLLECT COD,Manufacturer#3,4-NOT SPECIFIED,1,AUTOMOBILE,REG AIR,3,0.02,9,Brand#31,MED PACK,38,25,4,37868.18
O,O,N,COLLECT COD,Manufacturer#3,4-NOT SPECIFIED,1,AUTOMOBILE,SHIP,2,0.01,21,Brand#32,WRAP CASE,20,1,1,1587.663
O,O,N,NONE,Manufacturer#4,3-MEDIUM,4,AUTOMOBILE,AIR,6,0.02,8,Brand#43,WRAP CAN,44,9,3,15896.9952
O,O,N,TAKE BACK RETURN,Manufacturer#4,4-NOT SPECIFIED,4,BUILDING,TRUCK,3,0.05,21,Brand#44,WRAP CAN,16,8,1,13831.9272
O,O,N,NONE,Manufacturer#1,1-URGENT,3,FURNITURE,REG AIR,2,0,21,Brand#14,MED BOX,1,19,1,27195.441
O,O,N,DELIVER IN PERSON,Manufacturer#5,1-URGENT,3,FURNITURE,SHIP,5,0.03,8,Brand#53,SM PKG,50,42,3,47078.1234
O,O,N,NONE,Manufacturer#2,3-MEDIUM,3,FURNITURE,TRUCK,4,0.04,18,Brand#25,LG JAR,11,1,2,1174.27
F,F,A,NONE,Manufacturer#3,2-HIGH,3,AUTOMOBILE,MAIL,4,0.08,18,Brand#34,WRAP PKG,27,45,2,53794.4625
F,F,A,COLLECT COD,Manufacturer#4,2-HIGH,3,AUTOMOBILE,RAIL,5,0,21,Brand#42,MED CASE,29,31,1,35231.6116
O,O,N,TAKE BACK RETURN,Manufacturer#5,2-HIGH,0,AUTOMOBILE,SHIP,3,0,12,Brand#54,MED JAR,46,40,0,61048.44
F,F,R,TAKE BACK RETURN,Manufacturer#5,4-NOT SPECIFIED,1,BUILDING,MAIL,3,0.07,9,Brand#55,JUMBO CASE,35,30,4,52866.075
F,F,A,TAKE BACK RETURN,Manufacturer#1,4-NOT SPECIFIED,1,BUILDING,AIR,6,0.06,21,Brand#14,JUMBO JAR,9,32,1,44553.024
F,F,A,DELIVER IN PERSON,Manufacturer#3,2-HIGH,0,BUILDING,REG AIR,7,0.05,12,Brand#35,MED JAR,7,12,0,18765.6816
F,F,R,NONE,Manufacturer#3,2-HIGH,0,BUILDING,REG AIR,3,0.03,8,Brand#32,LG JAR,31,21,3,34897.7664
F,F,A,TAKE BACK RETURN,Manufacturer#5,2-HIGH,0,BUILDING,REG AIR,2,0.04,9,Brand#52,JUMBO PKG,21,23,4,20308.356
O,O,N,NONE,Manufacturer#2,3-MEDIUM,0,HOUSEHOLD,TRUCK,2,0,18,Brand#25,LG CASE,39,13,2,15616.9
O,O,N,DELIVER IN PERSON,Manufacturer#2,5-LOW,4,BUILDING,REG AIR,3,0.04,18,Brand#24,MED JAR,9,45,2,62715.9915
O,O,N,DELIVER IN PERSON,Manufacturer#1,5-LOW,4,BUILDING,FOB,2,0.08,12,Brand#11,JUMBO JAR,45,31,0,32330.3619
F,F,R,NONE,Manufacturer#4,2-HIGH,4,AUTOMOBILE,FOB,1,0.06,8,Brand#44,WRAP CAN,40,16,3,13672.2768
F,F,R,DELIVER IN PERSON,Manufacturer#3,2-HIGH,3,BUILDING,TRUCK,1,0.02,8,Brand#33,SM PACK,13,44,3,52147.2204
F,F,R,COLLECT COD,Manufacturer#5,2-HIGH,3,BUILDING,REG AIR,3,0,21,Brand#53,WRAP DRUM,16,48,1,55548
F,F,A,NONE,Manufacturer#3,4-NOT SPECIFIED,4,AUTOMOBILE,REG AIR,3,0.03,18,Brand#34,SM CASE,21,8,2,13538.2688
F,F,R,COLLECT COD,Manufacturer#4,4-NOT SPECIFIED,4,AUTOMOBILE,AIR,1,0.06,21,Brand#41,SM PACK,24,11,1,14601.4682
F,F,A,NONE,Manufacturer#3,4-NOT SPECIFIED,4,AUTOMOBILE,REG AIR,7,0.02,18,Brand#35,WRAP CAN,14,14,2,14182.2954
F,F,R,DELIVER IN PERSON,Manufacturer#2,5-LOW,2,HOUSEHOLD,AIR,1,0.05,8,Brand#22,JUMBO JAR,7,35,3,54517.75
F,F,R,TAKE BACK RETURN,Manufacturer#1,5-LOW,3,FURNITURE,RAIL,1,0.01,9,Brand#13,WRAP BOX,5,26,4,28576.7144
O,O,N,COLLECT COD,Manufacturer#4,2-HIGH,2,MACHINERY,MAIL,3,0.08,9,Brand#41,MED CAN,15,39,4,32866.4388
O,O,N,COLLECT COD,Manufacturer#2,2-HIGH,3,AUTOMOBILE,AIR,2,0.08,9,Brand#21,LG DRUM,8,42,4,39065.4264
O,O,N,COLLECT COD,Manufacturer#2,2-HIGH,3,AUTOMOBILE,SHIP,1,0.01,8,Brand#21,LG BOX,19,23,3,38637.1273
F,F,R,TAKE BACK RETURN,Manufacturer#3,3-MEDIUM,0,FURNITURE,MAIL,3,0.07,12,Brand#31,SM CAN,25,8,0,13362.0624
F,F,R,TAKE BACK RETURN,Manufacturer#5,3-MEDIUM,0,FURNITURE,FOB,2,0.07,8,Brand#55,SM BAG,26,46,3,77803.7376
F,F,R,TAKE BACK RETURN,Manufacturer#5,3-MEDIUM,2,BUILDING,RAIL,7,0.07,18,Brand#53,LG PACK,11,23,2,25394.5783
F,F,R,COLLECT COD,Manufacturer#1,3-MEDIUM,2,BUILDING,REG AIR,3,0.07,9,Brand#13,MED PKG,8,21,4,33771.1605
O,O,N,TAKE BACK RETURN,Manufacturer#5,1-URGENT,2,BUILDING,MAIL,4,0.07,18,Brand#54,MED DRUM,24,17,2,21936.63
O,O,N,NONE,Manufacturer#3,1-URGENT,2,BUILDING,RAIL,2,0.01,21,Brand#32,SM PKG,12,17,1,28519.659
O,O,N,COLLECT COD,Manufacturer#5,1-URGENT,2,BUILDING,RAIL,1,0.05,21,Brand#55,JUMBO CASE,25,46,1,41670.7146
O,O,N,DELIVER IN PERSON,Manufacturer#3,3-MEDIUM,4,HOUSEHOLD,FOB,7,0.01,8,Brand#32,LG PKG,43,19,3,19423.9508
O,O,N,TAKE BACK RETURN,Manufacturer#4,4-NOT SPECIFIED,4,FURNITURE,FOB,1,0.02,21,Brand#44,WRAP CAN,16,22,1,40545.7866
O,O,N,NONE,Manufacturer#3,4-NOT SPECIFIED,1,HOUSEHOLD,FOB,3,0.02,9,Brand#31,MED JAR,42,42,4,56689.3026
F,F,A,DELIVER IN PERSON,Manufacturer#3,1-URGENT,4,FURNITURE,SHIP,1,0.05,9,Brand#35,SM DRUM,21,23,4,27854.9964
F,F,A,NONE,Manufacturer#3,3-MEDIUM,2,MACHINERY,RAIL,2,0,21,Brand#34,WRAP PACK,30,41,1,67003.7006
O,O,N,TAKE BACK RETURN,Manufacturer#1,2-HIGH,2,MACHINERY,FOB,3,0.05,9,Brand#14,SM CAN,38,29,4,40419.504
O,O,N,NONE,Manufacturer#1,2-HIGH,2,MACHINERY,TRUCK,2,0.07,9,Brand#12,JUMBO PKG,31,3,4,3038.6664
O,O,N,TAKE BACK RETURN,Manufacturer#1,2-HIGH,2,MACHINERY,REG AIR,1,0.02,8,Brand#12,MED DRUM,2,11,3,14352.7615
O,O,N,DELIVER IN PERSON,Manufacturer#3,3-MEDIUM,1,HOUSEHOLD,MAIL,1,0.05,18,Brand#31,MED PKG,21,22,2,26401.914
O,O,N,TAKE BACK RETURN,Manufacturer#3,1-URGENT,3,MACHINERY,FOB,2,0.03,9,Brand#32,LG BOX,1,47,4,44282.9488
O,O,N,DELIVER IN PERSON,Manufacturer#2,1-URGENT,3,MACHINERY,FOB,1,0.07,18,Brand#22,JUMBO CASE,1,46,2,78669.4254
O,O,N,DELIVER IN PERSON,Manufacturer#4,1-URGENT,3,MACHINERY,RAIL,3,0.07,18,Brand#41,LG PACK,43,3,2,4821.1425
O,O,N,TAKE BACK RETURN,Manufacturer#2,4-NOT SPECIFIED,0,MACHINERY,TRUCK,4,0.04,9,Brand#23,JUMBO BAG,44,18,4,28839.555
F,P,A,TAKE BACK RETURN,Manufacturer#2,1-URGENT,0,MACHINERY,REG AIR,6,0.06,12,Brand#25,SM PACK,21,12,0,19086.4128
O,P,N,TAKE BACK RETURN,Manufacturer#4,1-URGENT,0,MACHINERY,SHIP,1,0.04,18,Brand#45,SM DRUM,22,23,2,36615.5745
O,O,N,TAKE BACK RETURN,Manufacturer#2,2-HIGH,1,AUTOMOBILE,SHIP,1,0.05,18,Brand#22,WRAP CAN,1,7,2,10094.9702
O,O,N,COLLECT COD,Manufacturer#2,3-MEDIUM,1,HOUSEHOLD,TRUCK,1,0,18,Brand#24,MED DRUM,31,15,2,12812.04
F,F,R,TAKE BACK RETURN,Manufacturer#3,4-NOT SPECIFIED,0,BUILDING,AIR,4,0.08,9,Brand#31,SM CAN,34,32,4,42623.5392
F,F,A,DELIVER IN PERSON,Manufacturer#5,4-NOT SPECIFIED,0,BUILDING,AIR,3,0.05,18,Brand#54,MED JAR,22,8,2,7505.6368
F,F,A,DELIVER IN PERSON,Manufacturer#3,4-NOT SPECIFIED,0,BUILDING,MAIL,1,0.08,21,Brand#35,MED CAN,48,47,1,48916.096
O,O,N,COLLECT COD,Manufacturer#2,2-HIGH,1,HOUSEHOLD,FOB,2,0.03,8,Brand#24,WRAP CAN,46,20,3,21367.566
F,F,A,NONE,Manufacturer#3,5-LOW,1,FURNITURE,MAIL,6,0.07,12,Brand#35,LG PACK,27,35,0,52780.3675
F,F,A,NONE,Manufacturer#2,5-LOW,1,FURNITURE,FOB,7,0.05,18,Brand#24,WRAP JAR,25,28,2,44471.112
F,F,R,DELIVER IN PERSON,Manufacturer#3,5-LOW,1,FURNITURE,SHIP,4,0.05,12,Brand#32,WRAP DRUM,12,8,0,12941.68
O,O,N,NONE,Manufacturer#5,2-HIGH,0,BUILDING,SHIP,2,0.05,12,Brand#52,LG JAR,14,18,0,17563.752
F,F,R,NONE,Manufacturer#5,4-NOT SPECIFIED,3,BUILDING,MAIL,7,0.03,21,Brand#52,SM PKG,50,24,1,40628.952
F,F,R,NONE,Manufacturer#2,4-NOT SPECIFIED,3,BUILDING,RAIL,3,0.04,9,Brand#25,LG DRUM,13,20,4,31421.25
F,F,R,DELIVER IN PERSON,Manufacturer#3,5-LOW,4,MACHINERY,AIR,2,0.02,18,Brand#35,LG DRUM,39,36,2,63613.1232
F,F,A,COLLECT COD,Manufacturer#3,3-MEDIUM,4,BUILDING,AIR,4,0.03,12,Brand#31,MED DRUM,25,10,0,10746.456
F,F,R,TAKE BACK RETURN,Manufacturer#4,3-MEDIUM,4,BUILDING,REG AIR,1,0.03,21,Brand#45,MED JAR,40,13,1,22661.3855
F,F,R,NONE,Manufacturer#3,3-MEDIUM,4,BUILDING,TRUCK,5,0.03,9,Brand#34,MED CASE,4,31,4,28008.4225
O,O,N,NONE,Manufacturer#3,3-MEDIUM,0,HOUSEHOLD,FOB,3,0.06,21,Brand#33,LG BAG,4,1,1,980.098
F,F,R,DELIVER IN PERSON,Manufacturer#1,3-MEDIUM,4,BUILDING,MAIL,1,0.02,9,Brand#11,MED PKG,34,9,4,13228.5636
O,O,N,COLLECT COD,Manufacturer#4,3-MEDIUM,1,HOUSEHOLD,MAIL,1,0.02,21,Brand#43,LG BOX,16,45,1,37138.905
O,O,N,COLLECT COD,Manufacturer#3,3-MEDIUM,3,BUILDING,RAIL,1,0.02,12,Brand#33,SM PKG,7,50,0,51806.12
O,O,N,NONE,Manufacturer#3,3-MEDIUM,3,BUILDING,MAIL,4,0.03,21,Brand#32,SM JAR,18,27,1,38218.77
O,O,N,COLLECT COD,Manufacturer#4,3-MEDIUM,3,BUILDING,MAIL,2,0.04,12,Brand#45,MED JAR,23,43,0,62475.9212
F,F,A,NONE,Manufacturer#3,2-HIGH,2,HOUSEHOLD,RAIL,5,0,12,Brand#34,LG CASE,9,24,0,30196.776
F,F,A,DELIVER IN PERSON,Manufacturer#2,2-HIGH,2,HOUSEHOLD,TRUCK,1,0.02,8,Brand#21,SM PKG,10,30,3,37870.74
F,F,A,COLLECT COD,Manufacturer#3,2-HIGH,2,HOUSEHOLD,SHIP,7,0.03,9,Brand#33,JUMBO JAR,3,46,4,49920.4926
O,O,N,DELIVER IN PERSON,Manufacturer#5,5-LOW,3,AUTOMOBILE,FOB,1,0.02,12,Brand#54,LG CAN,35,11,0,10436.085
O,O,N,NONE,Manufacturer#4,5-LOW,3,AUTOMOBILE,SHIP,3,0.06,21,Brand#43,MED JAR,42,13,1,20175.7842
F,F,R,DELIVER IN PERSON,Manufacturer#4,4-NOT SPECIFIED,2,MACHINERY,RAIL,6,0.06,21,Brand#43,MED JAR,13,16,1,26334.1808
F,F,R,NONE,Manufacturer#4,4-NOT SPECIFIED,2,MACHINERY,REG AIR,4,0.01,8,Brand#44,MED PACK,44,6,3,10517.2992
F,F,A,TAKE BACK RETURN,Manufacturer#5,4-NOT SPECIFIED,2,MACHINERY,RAIL,3,0.07,9,Brand#52,JUMBO PKG,21,7,4,6249.4796
F,F,A,TAKE BACK RETURN,Manufacturer#4,4-NOT SPECIFIED,2,MACHINERY,AIR,1,0.03,18,Brand#44,SM JAR,27,26,2,35451.442
O,O,N,DELIVER IN PERSON,Manufacturer#3,2-HIGH,1,AUTOMOBILE,REG AIR,2,0.01,18,Brand#34,JUMBO CASE,19,10,2,17089.455
F,F,A,DELIVER IN PERSON,Manufacturer#1,3-MEDIUM,1,MACHINERY,REG AIR,1,0.04,8,Brand#11,LG DRUM,24,47,3,71962.8515
F,F,A,COLLECT COD,Manufacturer#1,3-MEDIUM,1,MACHINERY,REG AIR,7,0.07,21,Brand#12,JUMBO DRUM,12,27,1,26002.62
F,F,R,COLLECT COD,Manufacturer#5,4-NOT SPECIFIED,4,BUILDING,SHIP,4,0,21,Brand#51,JUMBO PACK,49,25,1,35710.5
F,F,R,DELIVER IN PERSON,Manufacturer#2,4-NOT SPECIFIED,4,BUILDING,SHIP,5,0.08,8,Brand#24,MED CASE,36,28,3,31578.1284
F,F,R,COLLECT COD,Manufacturer#5,4-NOT SPECIFIED,4,BUILDING,FOB,1,0.03,8,Brand#55,MED PKG,39,42,3,44425.206
F,F,R,TAKE BACK RETURN,Manufacturer#2,2-HIGH,1,HOUSEHOLD,TRUCK,5,0.02,9,Brand#24,JUMBO BOX,27,19,4,28454.8446
F,F,A,DELIVER IN PERSON,Manufacturer#1,2-HIGH,1,HOUSEHOLD,SHIP,2,0.04,18,Brand#15,LG CASE,41,34,2,58469.2526
F,F,A,DELIVER IN PERSON,Manufacturer#1,2-HIGH,1,HOUSEHOLD,MAIL,4,0.02,18,Brand#15,LG CASE,41,19,2,26841.4368
F,F,A,TAKE BACK RETURN,Manufacturer#4,2-HIGH,1,HOUSEHOLD,AIR,1,0.01,18,Brand#43,MED JAR,42,32,2,49663.4688
F,F,R,TAKE BACK RETURN,Manufacturer#5,4-NOT SPECIFIED,3,BUILDING,RAIL,3,0.05,9,Brand#54,MED JAR,22,35,4,51744.084
F,F,A,COLLECT COD,Manufacturer#3,4-NOT SPECIFIED,3,BUILDING,TRUCK,4,0,21,Brand#32,LG PKG,36,20,1,22735.152
F,F,A,DELIVER IN PERSON,Manufacturer#5,5-LOW,0,AUTOMOBILE,REG AIR,1,0.03,9,Brand#54,MED CASE,49,28,4,40812.8448
F,F,A,COLLECT COD,Manufacturer#2,4-NOT SPECIFIED,4,MACHINERY,MAIL,3,0.04,21,Brand#25,LG DRUM,25,17,1,15270.0698
O,O,N,NONE,Manufacturer#5,3-MEDIUM,0,MACHINERY,REG AIR,5,0.04,18,Brand#53,LG JAR,26,21,2,33787.5888
O,O,N,COLLECT COD,Manufacturer#5,3-MEDIUM,0,MACHINERY,REG AIR,1,0.02,12,Brand#54,LG PKG,12,38,0,66318.7932
O,O,N,TAKE BACK RETURN,Manufacturer#4,4-NOT SPECIFIED,4,HOUSEHOLD,MAIL,1,0.02,8,Brand#41,SM JAR,11,9,3,9373.725
F,F,R,COLLECT COD,Manufacturer#2,2-HIGH,4,BUILDING,AIR,1,0.03,18,Brand#24,MED JAR,9,25,2,35966.16
F,F,R,TAKE BACK RETURN,Manufacturer#2,3-MEDIUM,3,FURNITURE,FOB,2,0,12,Brand#22,LG JAR,45,15,0,17679.672
O,O,N,NONE,Manufacturer#2,1-URGENT,2,HOUSEHOLD,AIR,1,0,18,Brand#22,JUMBO CAN,42,24,2,40696.3656
O,O,N,COLLECT COD,Manufacturer#1,3-MEDIUM,4,HOUSEHOLD,SHIP,6,0.05,18,Brand#14,MED PACK,2,41,2,67332.4386
O,O,N,COLLECT COD,Manufacturer#2,3-MEDIUM,4,HOUSEHOLD,REG AIR,4,0.04,18,Brand#22,WRAP CAN,1,29,2,39261.4876
O,O,N,COLLECT COD,Manufacturer#4,3-MEDIUM,4,HOUSEHOLD,TRUCK,5,0.06,18,Brand#45,MED BAG,27,44,2,52583.8632
F,F,R,COLLECT COD,Manufacturer#5,4-NOT SPECIFIED,2,AUTOMOBILE,SHIP,1,0.03,21,Brand#51,SM PACK,14,3,1,5403.7245
O,O,N,TAKE BACK RETURN,Manufacturer#2,1-URGENT,1,BUILDING,SHIP,1,0.08,21,Brand#24,WRAP PACK,40,34,1,38524.0128
O,O,N,NONE,Manufacturer#5,1-URGENT,1,BUILDING,AIR,3,0.02,12,Brand#52,SM PACK,19,34,0,34883.7688
O,O,N,TAKE BACK RETURN,Manufacturer#5,1-URGENT,1,BUILDING,REG AIR,4,0.01,8,Brand#51,MED DRUM,9,29,3,31596.5904
O,O,N,DELIVER IN PERSON,Manufacturer#4,5-LOW,0,FURNITURE,MAIL,3,0.07,8,Brand#43,LG DRUM,12,47,3,53205.974
O,O,N,COLLECT COD,Manufacturer#2,5-LOW,0,FURNITURE,MAIL,5,0.07,18,Brand#23,JUMBO BAG,36,15,2,21116.991
O,O,N,NONE,Manufacturer#2,1-URGENT,1,FURNITURE,TRUCK,4,0.06,9,Brand#21,WRAP CAN,20,14,4,14716.1
F,F,A,COLLECT COD,Manufacturer#3,2-HIGH,0,BUILDING,FOB,3,0.07,21,Brand#35,LG PKG,5,44,1,68592.6252
F,F,A,TAKE BACK RETURN,Manufacturer#1,2-HIGH,0,BUILDING,SHIP,1,0.06,12,Brand#12,MED PKG,48,8,0,11131.9528
F,F,A,DELIVER IN PERSON,Manufacturer#3,1-URGENT,4,HOUSEHOLD,FOB,1,0,21,Brand#32,JUMBO JAR,29,49,1,70598.1955
F,F,R,DELIVER IN PERSON,Manufacturer#4,1-URGENT,4,HOUSEHOLD,FOB,2,0.03,21,Brand#41,MED BOX,50,49,1,77403.83
F,F,A,NONE,Manufacturer#1,3-MEDIUM,0,HOUSEHOLD,FOB,3,0,12,Brand#13,SM CASE,16,34,0,42367.196
F,F,A,TAKE BACK RETURN,Manufacturer#2,3-MEDIUM,0,HOUSEHOLD,MAIL,4,0,18,Brand#25,SM BOX,35,47,2,78651.0361
O,O,N,TAKE BACK RETURN,Manufacturer#5,3-MEDIUM,3,FURNITURE,AIR,1,0.05,18,Brand#51,WRAP JAR,35,50,2,49689
F,F,R,DELIVER IN PERSON,Manufacturer#4,1-URGENT,1,AUTOMOBILE,FOB,1,0.03,9,Brand#42,WRAP BOX,11,24,4,41603.5872
F,F,R,NONE,Manufacturer#3,1-URGENT,4,FURNITURE,AIR,4,0.02,18,Brand#34,SM PKG,9,25,2,23669.6975
F,F,R,NONE,Manufacturer#1,2-HIGH,4,AUTOMOBILE,REG AIR,1,0.08,8,Brand#13,MED CASE,27,5,3,7082.736
F,F,A,TAKE BACK RETURN,Manufacturer#2,1-URGENT,1,FURNITURE,REG AIR,2,0,21,Brand#23,LG PACK,13,40,1,57874.256
O,O,N,NONE,Manufacturer#2,4-NOT SPECIFIED,2,AUTOMOBILE,SHIP,2,0.07,9,Brand#24,WRAP CAN,46,29,4,30044.0928
F,F,A,COLLECT COD,Manufacturer#1,1-URGENT,1,BUILDING,TRUCK,3,0.04,18,Brand#15,LG DRUM,6,43,2,63225.351
F,F,R,NONE,Manufacturer#4,2-HIGH,1,HOUSEHOLD,REG AIR,3,0.06,21,Brand#43,MED CAN,43,22,1,29053.5564
F,F,A,NONE,Manufacturer#2,2-HIGH,1,HOUSEHOLD,TRUCK,4,0,8,Brand#21,WRAP DRUM,29,9,3,11343.15
O,O,N,TAKE BACK RETURN,Manufacturer#3,3-MEDIUM,2,HOUSEHOLD,FOB,3,0.03,9,Brand#35,JUMBO CASE,24,49,4,41720.364
O,O,N,COLLECT COD,Manufacturer#3,1-URGENT,2,BUILDING,REG AIR,5,0.01,21,Brand#32,MED BAG,43,44,1,62414.44
F,F,A,DELIVER IN PERSON,Manufacturer#5,1-URGENT,1,HOUSEHOLD,SHIP,2,0.06,18,Brand#53,JUMBO CASE,27,47,2,40993.2496
F,F,R,COLLECT COD,Manufacturer#5,5-LOW,0,MACHINERY,AIR,3,0.03,18,Brand#51,MED PKG,47,14,2,22540.707
F,F,R,COLLECT COD,Manufacturer#3,5-LOW,0,MACHINERY,SHIP,1,0.01,18,Brand#35,LG BOX,13,8,2,13979.304
F,F,A,COLLECT COD,Manufacturer#5,3-MEDIUM,1,BUILDING,SHIP,1,0.01,9,Brand#52,JUMBO CASE,45,35,4,33192.159
F,F,R,TAKE BACK RETURN,Manufacturer#1,3-MEDIUM,0,BUILDING,MAIL,5,0.06,8,Brand#12,MED PACK,48,48,3,80934.072
F,F,A,DELIVER IN PERSON,Manufacturer#5,3-MEDIUM,0,BUILDING,RAIL,1,0,21,Brand#53,WRAP DRUM,16,4,1,4443.84
O,O,N,COLLECT COD,Manufacturer#5,5-LOW,3,AUTOMOBILE,AIR,1,0.07,9,Brand#55,SM JAR,11,3,4,3686.7012
F,F,R,NONE,Manufacturer#1,5-LOW,3,BUILDING,TRUCK,1,0.05,18,Brand#14,LG JAR,9,45,2,80725.05
F,F,R,NONE,Manufacturer#2,5-LOW,3,BUILDING,TRUCK,6,0.04,18,Brand#24,WRAP PKG,14,24,2,41718.996
F,F,A,COLLECT COD,Manufacturer#2,5-LOW,3,BUILDING,RAIL,2,0.01,12,Brand#24,WRAP PACK,13,43,0,76069.6316
F,F,A,NONE,Manufacturer#3,5-LOW,3,BUILDING,REG AIR,5,0.05,9,Brand#31,MED PKG,21,42,4,52643.8164
F,F,A,COLLECT COD,Manufacturer#3,5-LOW,3,BUILDING,TRUCK,3,0.05,21,Brand#31,SM PKG,4,29,1,26307.5356
O,O,N,TAKE BACK RETURN,Manufacturer#1,5-LOW,3,AUTOMOBILE,AIR,1,0.05,21,Brand#13,WRAP DRUM,19,5,1,5480.95
O,O,N,NONE,Manufacturer#3,5-LOW,3,AUTOMOBILE,AIR,3,0.04,9,Brand#31,LG PACK,36,4,4,6105.988
F,F,R,NONE,Manufacturer#5,4-NOT SPECIFIED,4,HOUSEHOLD,MAIL,6,0,12,Brand#51,SM CAN,8,34,0,48817.4448
F,F,R,TAKE BACK RETURN,Manufacturer#1,4-NOT SPECIFIED,4,HOUSEHOLD,TRUCK,3,0,18,Brand#14,LG PACK,7,34,2,48488.5764
O,O,N,COLLECT COD,Manufacturer#4,2-HIGH,2,BUILDING,RAIL,4,0.07,18,Brand#41,JUMBO CASE,45,7,2,9475.8846
F,F,R,COLLECT COD,Manufacturer#3,5-LOW,4,HOUSEHOLD,MAIL,1,0.03,12,Brand#33,MED PKG,49,33,0,40308.5529
F,F,A,NONE,Manufacturer#1,5-LOW,4,HOUSEHOLD,REG AIR,2,0.07,8,Brand#14,MED BOX,1,28,3,38850.63
F,F,A,DELIVER IN PERSON,Manufacturer#4,4-NOT SPECIFIED,2,HOUSEHOLD,TRUCK,6,0.01,21,Brand#45,MED JAR,35,37,1,39234.7815
F,F,R,DELIVER IN PERSON,Manufacturer#3,4-NOT SPECIFIED,2,HOUSEHOLD,REG AIR,3,0.02,21,Brand#32,MED JAR,15,46,1,85606.4692
O,O,N,TAKE BACK RETURN,Manufacturer#1,2-HIGH,0,MACHINERY,FOB,1,0.05,12,Brand#13,SM BAG,9,44,0,46646.6
O,O,N,DELIVER IN PERSON,Manufacturer#2,2-HIGH,0,MACHINERY,AIR,3,0.03,8,Brand#21,LG BOX,19,39,3,61462.6467
F,F,R,TAKE BACK RETURN,Manufacturer#2,5-LOW,3,BUILDING,TRUCK,2,0.04,8,Brand#24,LG CAN,35,16,3,14058.336
F,F,R,TAKE BACK RETURN,Manufacturer#5,5-LOW,3,BUILDING,REG AIR,3,0.08,8,Brand#55,WRAP DRUM,9,42,3,68768.4816
O,O,N,TAKE BACK RETURN,Manufacturer#5,1-URGENT,0,HOUSEHOLD,REG AIR,3,0.01,8,Brand#51,SM PKG,20,35,3,38766.889
O,O,N,TAKE BACK RETURN,Manufacturer#5,3-MEDIUM,4,MACHINERY,MAIL,5,0.01,8,Brand#54,MED PKG,43,20,3,31895.466
O,O,N,COLLECT COD,Manufacturer#4,3-MEDIUM,4,MACHINERY,RAIL,1,0,21,Brand#43,WRAP DRUM,36,12,1,18451.584
O,O,N,TAKE BACK RETURN,Manufacturer#4,3-MEDIUM,4,MACHINERY,AIR,3,0.03,8,Brand#44,SM PKG,50,1,3,1563.9344
O,O,N,NONE,Manufacturer#2,3-MEDIUM,4,MACHINERY,FOB,7,0,8,Brand#25,WRAP BOX,43,34,3,30354.8532
O,O,N,NONE,Manufacturer#1,1-URGENT,2,AUTOMOBILE,FOB,3,0,8,Brand#14,LG PACK,44,2,3,2971.6784
O,O,N,NONE,Manufacturer#2,3-MEDIUM,3,MACHINERY,FOB,4,0.07,12,Brand#21,WRAP DRUM,31,15,0,14360.841
O,O,N,DELIVER IN PERSON,Manufacturer#1,3-MEDIUM,3,MACHINERY,AIR,2,0.03,8,Brand#12,MED PACK,48,22,3,36704.3116
O,O,N,TAKE BACK RETURN,Manufacturer#5,3-MEDIUM,3,MACHINERY,RAIL,3,0.08,18,Brand#53,WRAP CASE,1,24,2,27901.3056
O,O,N,TAKE BACK RETURN,Manufacturer#1,1-URGENT,1,HOUSEHOLD,AIR,4,0.06,8,Brand#15,LG CASE,41,35,3,58947.9275
O,O,N,DELIVER IN PERSON,Manufacturer#5,2-HIGH,4,HOUSEHOLD,TRUCK,1,0.02,9,Brand#51,SM PKG,1,32,4,55498.608
O,O,N,COLLECT COD,Manufacturer#5,5-LOW,3,FURNITURE,RAIL,3,0.02,12,Brand#54,WRAP BOX,31,47,0,60340.7808
F,F,R,TAKE BACK RETURN,Manufacturer#5,5-LOW,0,FURNITURE,AIR,3,0.07,21,Brand#55,JUMBO BAG,3,14,1,12561.7716
O,O,N,COLLECT COD,Manufacturer#3,5-LOW,4,FURNITURE,TRUCK,1,0.02,18,Brand#33,LG BAG,49,8,2,14197.6096
F,F,R,NONE,Manufacturer#1,2-HIGH,2,MACHINERY,MAIL,5,0.08,12,Brand#13,SM CASE,16,44,0,58403.884
F,F,A,TAKE BACK RETURN,Manufacturer#2,2-HIGH,2,MACHINERY,MAIL,3,0.02,8,Brand#24,JUMBO CAN,13,36,3,57983.7312
F,F,A,COLLECT COD,Manufacturer#5,3-MEDIUM,1,BUILDING,RAIL,3,0.05,21,Brand#51,JUMBO CASE,48,2,1,3044.5074
F,F,A,DELIVER IN PERSON,Manufacturer#4,3-MEDIUM,1,BUILDING,AIR,1,0.08,12,Brand#41,WRAP PKG,26,11,0,12796.4243
F,F,R,TAKE BACK RETURN,Manufacturer#3,3-MEDIUM,1,BUILDING,FOB,4,0.08,18,Brand#33,SM PACK,41,45,2,73584.297
O,O,N,TAKE BACK RETURN,Manufacturer#2,5-LOW,4,HOUSEHOLD,SHIP,2,0.01,18,Brand#23,LG JAR,3,27,2,30068.7255
F,F,R,DELIVER IN PERSON,Manufacturer#5,2-HIGH,1,FURNITURE,TRUCK,4,0.06,18,Brand#52,LG CAN,23,15,2,25255.44
O,O,N,COLLECT COD,Manufacturer#2,4-NOT SPECIFIED,4,BUILDING,FOB,1,0,8,Brand#24,WRAP JAR,14,22,3,35277.2838
F,F,R,TAKE BACK RETURN,Manufacturer#2,1-URGENT,1,MACHINERY,AIR,4,0.01,12,Brand#22,LG PACK,19,4,0,4783.6152
F,F,R,NONE,Manufacturer#3,1-URGENT,1,MACHINERY,REG AIR,1,0.03,18,Brand#32,SM DRUM,32,43,2,54714.1546
O,O,N,COLLECT COD,Manufacturer#1,1-URGENT,0,FURNITURE,SHIP,1,0.01,12,Brand#12,JUMBO DRUM,33,30,0,46489.2
F,F,A,COLLECT COD,Manufacturer#4,2-HIGH,3,BUILDING,REG AIR,1,0,18,Brand#41,SM CAN,26,1,2,1586.673
O,O,N,TAKE BACK RETURN,Manufacturer#3,5-LOW,3,BUILDING,TRUCK,1,0.01,21,Brand#33,JUMBO PKG,48,4,1,6721.668
F,F,A,NONE,Manufacturer#3,3-MEDIUM,1,AUTOMOBILE,AIR,2,0.04,18,Brand#34,SM BAG,20,42,2,62230.035
O,O,N,NONE,Manufacturer#5,4-NOT SPECIFIED,1,HOUSEHOLD,RAIL,5,0.06,12,Brand#52,SM PACK,19,49,0,54645.29
F,F,R,TAKE BACK RETURN,Manufacturer#2,3-MEDIUM,0,FURNITURE,MAIL,2,0,21,Brand#24,MED DRUM,50,10,1,15009.84
F,F,A,DELIVER IN PERSON,Manufacturer#2,3-MEDIUM,0,FURNITURE,REG AIR,4,0.02,12,Brand#24,SM PACK,30,19,0,18485.2938
F,F,R,COLLECT COD,Manufacturer#2,3-MEDIUM,0,FURNITURE,AIR,1,0.01,21,Brand#24,WRAP PKG,14,14,1,24581.9
O,O,N,COLLECT COD,Manufacturer#4,5-LOW,3,MACHINERY,MAIL,2,0.08,18,Brand#45,SM PKG,8,24,2,35223.768
O,O,N,COLLECT COD,Manufacturer#3,1-URGENT,4,BUILDING,RAIL,4,0.03,21,Brand#32,SM CASE,9,28,1,51386.4484
O,O,N,TAKE BACK RETURN,Manufacturer#5,1-URGENT,4,BUILDING,SHIP,2,0.08,8,Brand#53,MED JAR,7,19,3,17101.1932
F,F,R,TAKE BACK RETURN,Manufacturer#3,5-LOW,2,AUTOMOBILE,MAIL,6,0.04,18,Brand#35,SM BAG,30,49,2,57392.23
F,F,R,TAKE BACK RETURN,Manufacturer#1,5-LOW,2,AUTOMOBILE,TRUCK,4,0.02,18,Brand#15,JUMBO JAR,49,32,2,57142.7776
F,F,A,NONE,Manufacturer#2,5-LOW,2,AUTOMOBILE,SHIP,7,0,18,Brand#25,WRAP PKG,4,5,2,8445.383
O,O,N,TAKE BACK RETURN,Manufacturer#3,2-HIGH,4,BUILDING,AIR,2,0.05,8,Brand#35,SM CAN,39,40,3,41819.096
F,F,A,DELIVER IN PERSON,Manufacturer#1,4-NOT SPECIFIED,2,FURNITURE,AIR,3,0.07,18,Brand#14,LG PACK,45,45,2,57521.5695
F,P,N,TAKE BACK RETURN,Manufacturer#4,4-NOT SPECIFIED,0,MACHINERY,TRUCK,3,0.05,21,Brand#42,JUMBO BAG,1,16,1,26829.5552
F,F,R,NONE,Manufacturer#4,1-URGENT,1,BUILDING,TRUCK,1,0.08,18,Brand#41,SM PACK,43,50,2,53811.31
O,O,N,COLLECT COD,Manufacturer#4,4-NOT SPECIFIED,0,FURNITURE,AIR,1,0.04,9,Brand#43,LG DRUM,12,37,4,44559.1
F,F,R,COLLECT COD,Manufacturer#3,3-MEDIUM,4,BUILDING,REG AIR,1,0.05,9,Brand#33,LG DRUM,28,4,4,4152.2596
F,F,A,NONE,Manufacturer#3,3-MEDIUM,4,BUILDING,AIR,2,0.07,21,Brand#35,WRAP BOX,44,21,1,32901.0402
F,F,R,NONE,Manufacturer#1,3-MEDIUM,4,BUILDING,SHIP,3,0.01,18,Brand#15,JUMBO CAN,7,30,2,38054.208
O,O,N,DELIVER IN PERSON,Manufacturer#3,2-HIGH,3,FURNITURE,SHIP,7,0.07,9,Brand#33,SM PACK,41,13,4,21695.9886
O,O,N,TAKE BACK RETURN,Manufacturer#5,2-HIGH,3,FURNITURE,AIR,5,0.01,12,Brand#55,MED JAR,36,49,0,50043.5628
O,O,N,TAKE BACK RETURN,Manufacturer#2,4-NOT SPECIFIED,3,HOUSEHOLD,RAIL,2,0.02,12,Brand#25,WRAP JAR,23,43,0,40446.918
F,F,A,COLLECT COD,Manufacturer#4,2-HIGH,2,HOUSEHOLD,MAIL,1,0.07,18,Brand#44,SM JAR,27,15,2,20452.755
O,O,N,COLLECT COD,Manufacturer#1,5-LOW,2,AUTOMOBILE,AIR,1,0.06,8,Brand#13,LG PKG,19,2,3,1859.634
O,O,N,NONE,Manufacturer#5,4-NOT SPECIFIED,4,BUILDING,AIR,4,0.06,9,Brand#55,LG BAG,36,13,4,15267.4236
O,O,N,TAKE BACK RETURN,Manufacturer#3,1-URGENT,3,FURNITURE,RAIL,2,0,8,Brand#35,SM PKG,35,9,3,13184.532
O,O,N,COLLECT COD,Manufacturer#4,1-URGENT,3,FURNITURE,SHIP,3,0.04,18,Brand#45,MED BAG,27,47,2,57961.7583
F,F,A,NONE,Manufacturer#4,3-MEDIUM,4,MACHINERY,TRUCK,1,0.01,18,Brand#43,JUMBO CAN,37,30,2,36152.094
O,O,N,TAKE BACK RETURN,Manufacturer#5,2-HIGH,3,BUILDING,TRUCK,2,0,18,Brand#51,MED PKG,47,2,2,3118.4136
O,O,N,DELIVER IN PERSON,Manufacturer#3,2-HIGH,3,BUILDING,MAIL,4,0.06,9,Brand#34,MED BAG,32,19,4,17503.3586
O,O,N,TAKE BACK RETURN,Manufacturer#2,2-HIGH,3,BUILDING,MAIL,1,0.02,8,Brand#25,WRAP JAR,15,49,3,56111.7081
O,O,N,TAKE BACK RETURN,Manufacturer#2,3-MEDIUM,0,HOUSEHOLD,RAIL,1,0.08,8,Brand#25,WRAP PKG,37,48,3,68704.7424
O,O,N,DELIVER IN PERSON,Manufacturer#1,3-MEDIUM,0,HOUSEHOLD,SHIP,2,0.02,8,Brand#14,SM JAR,20,39,3,63179.298
O,O,N,NONE,Manufacturer#2,4-NOT SPECIFIED,2,AUTOMOBILE,MAIL,2,0.01,12,Brand#25,LG DRUM,13,1,0,1653.75
O,O,N,TAKE BACK RETURN,Manufacturer#2,5-LOW,4,BUILDING,RAIL,6,0.05,9,Brand#25,MED PACK,31,20,4,19954.956
O,O,N,DELIVER IN PERSON,Manufacturer#3,5-LOW,4,BUILDING,REG AIR,2,0.06,8,Brand#33,WRAP BAG,11,4,3,6303.1408
O,O,N,TAKE BACK RETURN,Manufacturer#1,1-URGENT,1,FURNITURE,AIR,2,0.04,18,Brand#14,LG PACK,7,26,2,37079.4996
O,O,N,TAKE BACK RETURN,Manufacturer#1,1-URGENT,2,AUTOMOBILE,MAIL,2,0.05,18,Brand#15,SM PKG,44,35,2,32654.16
O,O,N,COLLECT COD,Manufacturer#4,1-URGENT,2,AUTOMOBILE,MAIL,1,0.01,21,Brand#45,WRAP CASE,18,42,1,49719.138
F,F,R,COLLECT COD,Manufacturer#2,3-MEDIUM,0,MACHINERY,SHIP,4,0.07,9,Brand#23,JUMBO PACK,17,1,4,1507.3938
F,F,R,COLLECT COD,Manufacturer#5,4-NOT SPECIFIED,2,HOUSEHOLD,TRUCK,4,0.02,18,Brand#52,SM PKG,2,11,2,14271.246
O,O,N,TAKE BACK RETURN,Manufacturer#1,4-NOT SPECIFIED,2,BUILDING,SHIP,1,0.05,21,Brand#15,LG DRUM,17,9,1,14895.4707
O,P,N,TAKE BACK RETURN,Manufacturer#1,5-LOW,1,AUTOMOBILE,RAIL,1,0.02,9,Brand#12,MED JAR,42,11,4,14697.342
O,P,N,COLLECT COD,Manufacturer#2,5-LOW,1,AUTOMOBILE,MAIL,7,0.03,9,Brand#23,MED PKG,17,39,4,51808.38
O,P,N,TAKE BACK RETURN,Manufacturer#3,5-LOW,1,AUTOMOBILE,MAIL,6,0.04,12,Brand#33,MED PKG,24,7,0,10520.7018
F,F,A,TAKE BACK RETURN,Manufacturer#2,1-URGENT,0,HOUSEHOLD,FOB,2,0,8,Brand#25,MED CAN,25,1,3,869.4368
F,F,R,DELIVER IN PERSON,Manufacturer#5,1-URGENT,0,HOUSEHOLD,FOB,7,0.07,21,Brand#51,JUMBO PACK,30,29,1,42618.3478
O,O,N,DELIVER IN PERSON,Manufacturer#3,3-MEDIUM,0,BUILDING,RAIL,2,0.04,18,Brand#33,SM CAN,48,36,2,50263.2432
O,O,N,COLLECT COD,Manufacturer#2,3-MEDIUM,0,BUILDING,TRUCK,4,0.06,12,Brand#22,JUMBO PKG,35,15,0,13839.6555
O,O,N,DELIVER IN PERSON,Manufacturer#3,1-URGENT,2,AUTOMOBILE,AIR,2,0,9,Brand#34,SM PACK,48,36,4,41957.7984
O,O,N,DELIVER IN PERSON,Manufacturer#3,5-LOW,3,AUTOMOBILE,TRUCK,1,0.01,9,Brand#31,SM CASE,3,9,4,13042.944
O,O,N,TAKE BACK RETURN,Manufacturer#4,2-HIGH,1,AUTOMOBILE,AIR,1,0.02,21,Brand#45,WRAP PKG,29,33,1,39017.4543
O,O,N,NONE,Manufacturer#3,2-HIGH,1,AUTOMOBILE,SHIP,3,0.08,21,Brand#33,LG PACK,13,31,1,31999.2912
O,P,N,COLLECT COD,Manufacturer#5,5-LOW,0,MACHINERY,SHIP,3,0.04,21,Brand#51,SM PKG,1,45,1,72526.59
O,O,N,TAKE BACK RETURN,Manufacturer#2,1-URGENT,0,MACHINERY,AIR,1,0.03,18,Brand#24,JUMBO DRUM,47,1,2,1017.198
F,F,R,NONE,Manufacturer#1,2-HIGH,3,FURNITURE,FOB,4,0.03,8,Brand#12,MED DRUM,2,49,3,60570.027
F,F,A,COLLECT COD,Manufacturer#1,2-HIGH,3,FURNITURE,RAIL,1,0,8,Brand#14,JUMBO PACK,7,3,3,4030.32
F,F,R,TAKE BACK RETURN,Manufacturer#1,3-MEDIUM,4,AUTOMOBILE,AIR,2,0.04,8,Brand#14,MED CAN,23,1,3,1775.6718
F,F,A,TAKE BACK RETURN,Manufacturer#3,3-MEDIUM,4,AUTOMOBILE,TRUCK,3,0.08,18,Brand#34,SM CASE,21,50,2,86341
F,F,A,TAKE BACK RETURN,Manufacturer#2,5-LOW,3,BUILDING,FOB,3,0.07,12,Brand#22,LG JAR,45,47,0,59565.92
F,F,A,COLLECT COD,Manufacturer#2,3-MEDIUM,4,MACHINERY,FOB,1,0.06,8,Brand#23,LG PKG,2,22,3,33343.42
F,F,A,COLLECT COD,Manufacturer#2,4-NOT SPECIFIED,1,BUILDING,MAIL,2,0.08,8,Brand#23,LG PKG,2,50,3,72749.28
F,F,A,NONE,Manufacturer#5,1-URGENT,0,AUTOMOBILE,REG AIR,2,0.03,21,Brand#52,SM PKG,50,15,1,26239.5315
F,F,R,DELIVER IN PERSON,Manufacturer#4,4-NOT SPECIFIED,0,HOUSEHOLD,AIR,1,0.05,18,Brand#45,WRAP DRUM,31,37,2,33773.8146
F,F,R,COLLECT COD,Manufacturer#4,4-NOT SPECIFIED,0,BUILDING,MAIL,3,0.06,18,Brand#44,WRAP CASE,35,47,2,55376.6784
O,O,N,TAKE BACK RETURN,Manufacturer#1,2-HIGH,1,FURNITURE,AIR,1,0,21,Brand#11,MED BAG,20,36,1,37534.266
O,O,N,TAKE BACK RETURN,Manufacturer#3,5-LOW,3,AUTOMOBILE,MAIL,5,0.03,12,Brand#35,SM JAR,3,8,0,11460.168
O,O,N,COLLECT COD,Manufacturer#2,5-LOW,3,AUTOMOBILE,AIR,2,0.07,9,Brand#25,WRAP CASE,21,26,4,42578.354
O,O,N,TAKE BACK RETURN,Manufacturer#5,4-NOT SPECIFIED,4,HOUSEHOLD,SHIP,3,0.05,18,Brand#55,MED PKG,39,14,2,15137.4776
F,F,A,NONE,Manufacturer#4,1-URGENT,2,HOUSEHOLD,TRUCK,5,0,21,Brand#42,JUMBO PKG,20,31,1,41172.3648
F,F,A,DELIVER IN PERSON,Manufacturer#5,1-URGENT,2,HOUSEHOLD,AIR,6,0.05,8,Brand#53,LG CASE,2,1,3,1877.97
O,O,N,NONE,Manufacturer#2,1-URGENT,4,BUILDING,REG AIR,1,0.02,9,Brand#24,WRAP PKG,27,19,4,33737.1828
O,O,N,TAKE BACK RETURN,Manufacturer#2,4-NOT SPECIFIED,3,BUILDING,MAIL,6,0,9,Brand#21,MED PACK,48,14,4,18897.5556
O,O,N,NONE,Manufacturer#5,1-URGENT,0,MACHINERY,REG AIR,1,0.08,21,Brand#52,MED JAR,12,47,1,49977.7414
O,O,N,TAKE BACK RETURN,Manufacturer#4,3-MEDIUM,4,MACHINERY,RAIL,6,0.02,18,Brand#45,LG JAR,47,48,2,47235.816
O,O,N,DELIVER IN PERSON,Manufacturer#2,3-MEDIUM,4,MACHINERY,MAIL,1,0.08,9,Brand#21,WRAP BAG,44,7,4,9303.7056
O,O,N,NONE,Manufacturer#4,3-MEDIUM,4,MACHINERY,RAIL,3,0.08,12,Brand#41,LG CASE,45,45,0,84644.1
O,O,N,TAKE BACK RETURN,Manufacturer#1,3-MEDIUM,4,MACHINERY,REG AIR,4,0,8,Brand#14,WRAP CASE,49,16,3,24895.2528
O,O,N,DELIVER IN PERSON,Manufacturer#4,3-MEDIUM,4,MACHINERY,SHIP,2,0,18,Brand#41,MED PACK,22,41,2,50086.4364
F,F,A,TAKE BACK RETURN,Manufacturer#3,4-NOT SPECIFIED,0,FURNITURE,AIR,3,0.06,21,Brand#34,JUMBO CASE,19,49,1,84619.7856
O,O,N,COLLECT COD,Manufacturer#2,4-NOT SPECIFIED,4,BUILDING,TRUCK,7,0,12,Brand#23,MED DRUM,19,8,0,12382.5544
O,O,N,TAKE BACK RETURN,Manufacturer#3,4-NOT SPECIFIED,4,BUILDING,SHIP,3,0.08,9,Brand#31,LG PACK,36,13,4,20046.9555
O,O,N,COLLECT COD,Manufacturer#3,4-NOT SPECIFIED,4,BUILDING,REG AIR,4,0.04,8,Brand#34,LG CASE,9,6,3,7151.868
F,F,A,COLLECT COD,Manufacturer#4,4-NOT SPECIFIED,1,AUTOMOBILE,SHIP,6,0.08,18,Brand#44,SM BAG,15,7,2,10166.6348
F,F,A,TAKE BACK RETURN,Manufacturer#5,4-NOT SPECIFIED,1,AUTOMOBILE,FOB,5,0,9,Brand#52,SM PACK,34,31,4,45968.4864
O,O,N,COLLECT COD,Manufacturer#2,4-NOT SPECIFIED,2,AUTOMOBILE,AIR,5,0.07,12,Brand#21,SM BOX,11,14,0,16882.488
O,O,N,NONE,Manufacturer#4,4-NOT SPECIFIED,2,AUTOMOBILE,RAIL,1,0.08,8,Brand#43,SM BAG,46,35,3,37070.25
F,F,A,COLLECT COD,Manufacturer#4,3-MEDIUM,3,MACHINERY,MAIL,3,0.06,8,Brand#45,MED DRUM,33,49,3,64578.4524
F,F,R,COLLECT COD,Manufacturer#5,2-HIGH,3,BUILDING,REG AIR,1,0.07,21,Brand#51,MED BAG,15,39,1,55712.28
F,F,A,DELIVER IN PERSON,Manufacturer#5,2-HIGH,3,BUILDING,TRUCK,2,0.03,21,Brand#53,JUMBO JAR,28,36,1,41461.002
F,F,R,TAKE BACK RETURN,Manufacturer#5,2-HIGH,3,BUILDING,SHIP,3,0.06,18,Brand#52,SM DRUM,14,23,2,25672.83
F,F,R,TAKE BACK RETURN,Manufacturer#3,1-URGENT,4,HOUSEHOLD,AIR,4,0.02,21,Brand#35,WRAP CASE,37,8,1,8654.6544
F,F,R,DELIVER IN PERSON,Manufacturer#1,1-URGENT,4,HOUSEHOLD,MAIL,1,0.02,21,Brand#15,JUMBO JAR,3,37,1,45123.2242
F,F,A,NONE,Manufacturer#4,1-URGENT,4,HOUSEHOLD,FOB,2,0.07,12,Brand#45,LG PKG,16,6,0,6642.72
O,O,N,TAKE BACK RETURN,Manufacturer#2,2-HIGH,0,BUILDING,REG AIR,7,0.07,21,Brand#24,WRAP CASE,26,44,1,76239.856
F,F,R,COLLECT COD,Manufacturer#2,5-LOW,2,AUTOMOBILE,SHIP,1,0.06,18,Brand#25,SM CAN,1,7,2,9586.7814
F,F,A,NONE,Manufacturer#4,5-LOW,2,AUTOMOBILE,RAIL,3,0.06,18,Brand#43,WRAP CASE,24,24,2,41424.804
F,F,A,COLLECT COD,Manufacturer#5,5-LOW,2,AUTOMOBILE,RAIL,4,0.05,18,Brand#55,LG JAR,38,23,2,30935.4738
F,F,A,COLLECT COD,Manufacturer#2,5-LOW,1,BUILDING,REG AIR,1,0.08,21,Brand#24,MED DRUM,50,16,1,25349.952
F,F,A,COLLECT COD,Manufacturer#1,5-LOW,1,BUILDING,AIR,2,0.07,21,Brand#13,SM PKG,3,35,1,47443.123
O,O,N,NONE,Manufacturer#2,2-HIGH,3,MACHINERY,TRUCK,1,0.05,12,Brand#21,JUMBO JAR,40,41,0,71374.153
O,O,N,NONE,Manufacturer#2,1-URGENT,4,FURNITURE,RAIL,3,0,9,Brand#24,SM CAN,14,20,4,23167.804
O,O,N,NONE,Manufacturer#4,4-NOT SPECIFIED,2,HOUSEHOLD,REG AIR,1,0.02,12,Brand#45,WRAP PKG,15,36,0,35929.7316
F,F,A,DELIVER IN PERSON,Manufacturer#1,3-MEDIUM,0,FURNITURE,RAIL,2,0,8,Brand#13,MED PACK,47,25,3,40385.3175
F,F,A,COLLECT COD,Manufacturer#2,3-MEDIUM,0,FURNITURE,TRUCK,1,0.07,18,Brand#23,JUMBO BAG,36,41,2,53596.9343
F,F,A,DELIVER IN PERSON,Manufacturer#3,4-NOT SPECIFIED,2,BUILDING,MAIL,2,0.06,8,Brand#35,LG CAN,42,9,3,9606.5676
F,F,A,TAKE BACK RETURN,Manufacturer#5,4-NOT SPECIFIED,2,BUILDING,AIR,1,0.08,12,Brand#55,MED CASE,31,37,0,62188.86
F,F,A,TAKE BACK RETURN,Manufacturer#1,4-NOT SPECIFIED,2,BUILDING,FOB,4,0.02,12,Brand#14,LG JAR,24,20,0,19365.786
F,F,R,DELIVER IN PERSON,Manufacturer#2,4-NOT SPECIFIED,2,BUILDING,SHIP,3,0.04,8,Brand#24,WRAP JAR,14,22,3,35633.62
F,F,R,DELIVER IN PERSON,Manufacturer#3,4-NOT SPECIFIED,2,AUTOMOBILE,FOB,6,0.03,21,Brand#34,MED PKG,42,36,1,46423.3464
F,F,A,TAKE BACK RETURN,Manufacturer#4,4-NOT SPECIFIED,2,AUTOMOBILE,MAIL,5,0.05,8,Brand#44,SM PKG,44,16,3,18992.3856
F,F,A,NONE,Manufacturer#2,4-NOT SPECIFIED,2,AUTOMOBILE,FOB,3,0.08,21,Brand#23,WRAP DRUM,12,7,1,7182.84
F,F,R,TAKE BACK RETURN,Manufacturer#2,1-URGENT,3,AUTOMOBILE,MAIL,6,0.07,18,Brand#23,JUMBO BOX,40,34,2,57159.576
F,F,A,NONE,Manufacturer#3,1-URGENT,3,AUTOMOBILE,MAIL,7,0,9,Brand#35,WRAP BAG,17,18,4,23076.2304
F,F,A,DELIVER IN PERSON,Manufacturer#4,5-LOW,0,AUTOMOBILE,RAIL,2,0.02,21,Brand#44,SM DRUM,36,31,1,45961.0371
O,O,N,COLLECT COD,Manufacturer#4,2-HIGH,2,BUILDING,SHIP,3,0.05,21,Brand#44,WRAP CAN,16,17,1,30361.8402
F,F,A,TAKE BACK RETURN,Manufacturer#1,1-URGENT,4,FURNITURE,TRUCK,4,0.03,21,Brand#13,MED CAN,30,23,1,32418.5
F,F,R,DELIVER IN PERSON,Manufacturer#1,1-URGENT,4,FURNITURE,REG AIR,3,0.06,12,Brand#13,LG PKG,34,28,0,51229.3824
F,F,A,COLLECT COD,Manufacturer#3,5-LOW,3,HOUSEHOLD,RAIL,2,0.02,21,Brand#33,SM CASE,5,11,1,12806.4937
O,O,N,TAKE BACK RETURN,Manufacturer#2,5-LOW,0,BUILDING,FOB,4,0,9,Brand#24,JUMBO BOX,27,34,4,53157.402
O,O,N,DELIVER IN PERSON,Manufacturer#2,5-LOW,0,BUILDING,AIR,1,0.01,8,Brand#22,JUMBO JAR,7,18,3,25514.307
O,O,N,COLLECT COD,Manufacturer#4,5-LOW,2,HOUSEHOLD,REG AIR,1,0.03,9,Brand#41,LG BAG,11,21,4,29303.505
F,F,A,DELIVER IN PERSON,Manufacturer#4,5-LOW,4,FURNITURE,AIR,1,0.04,21,Brand#41,JUMBO JAR,22,24,1,31301.5488
F,P,N,TAKE BACK RETURN,Manufacturer#5,1-URGENT,0,AUTOMOBILE,RAIL,1,0.02,21,Brand#54,JUMBO JAR,48,42,1,51339.3972
F,P,N,TAKE BACK RETURN,Manufacturer#2,1-URGENT,0,AUTOMOBILE,SHIP,3,0.03,18,Brand#24,JUMBO DRUM,47,21,2,23022.5814
O,O,N,TAKE BACK RETURN,Manufacturer#3,2-HIGH,0,HOUSEHOLD,FOB,1,0.03,12,Brand#32,JUMBO BAG,42,24,0,21953.9712
F,F,R,DELIVER IN PERSON,Manufacturer#3,5-LOW,4,FURNITURE,REG AIR,6,0.07,9,Brand#35,SM CASE,22,21,4,36641.64
F,P,N,NONE,Manufacturer#4,3-MEDIUM,0,AUTOMOBILE,TRUCK,4,0.07,12,Brand#43,WRAP BAG,9,38,0,35193.2896
F,P,R,DELIVER IN PERSON,Manufacturer#4,3-MEDIUM,0,AUTOMOBILE,SHIP,2,0.05,21,Brand#44,LG CAN,25,47,1,72657.2483
O,O,N,COLLECT COD,Manufacturer#4,5-LOW,1,BUILDING,REG AIR,2,0.02,18,Brand#43,WRAP CAN,2,7,2,8541.127
O,O,N,DELIVER IN PERSON,Manufacturer#1,5-LOW,1,BUILDING,FOB,6,0.07,21,Brand#11,WRAP BOX,13,27,1,42934.698
F,F,R,COLLECT COD,Manufacturer#5,4-NOT SPECIFIED,2,HOUSEHOLD,REG AIR,1,0.08,9,Brand#53,MED JAR,40,22,4,32408.585
F,F,R,NONE,Manufacturer#3,3-MEDIUM,3,BUILDING,RAIL,2,0.06,21,Brand#33,LG DRUM,7,19,1,17651.38
O,O,N,DELIVER IN PERSON,Manufacturer#3,5-LOW,4,BUILDING,REG AIR,1,0.01,12,Brand#33,WRAP CASE,17,36,0,50500.26
F,F,R,NONE,Manufacturer#4,1-URGENT,4,BUILDING,MAIL,2,0,18,Brand#43,JUMBO PACK,25,32,2,42879.504
O,O,N,DELIVER IN PERSON,Manufacturer#5,4-NOT SPECIFIED,1,FURNITURE,RAIL,2,0.04,21,Brand#53,LG DRUM,9,34,1,54288.871
O,O,N,NONE,Manufacturer#1,4-NOT SPECIFIED,1,FURNITURE,RAIL,1,0.06,18,Brand#13,WRAP JAR,27,25,2,23830.99
O,O,N,COLLECT COD,Manufacturer#2,4-NOT SPECIFIED,1,FURNITURE,AIR,5,0.01,8,Brand#25,WRAP PKG,37,42,3,57662.9088
F,F,R,COLLECT COD,Manufacturer#3,2-HIGH,2,FURNITURE,TRUCK,2,0.08,18,Brand#35,LG DRUM,39,1,2,1606.392
F,F,R,TAKE BACK RETURN,Manufacturer#1,3-MEDIUM,1,MACHINERY,TRUCK,1,0.05,8,Brand#13,JUMBO DRUM,42,38,3,36687.5142
F,F,R,TAKE BACK RETURN,Manufacturer#5,3-MEDIUM,1,MACHINERY,REG AIR,4,0.04,21,Brand#51,JUMBO BOX,48,11,1,17731.1354
F,F,N,TAKE BACK RETURN,Manufacturer#1,4-NOT SPECIFIED,3,HOUSEHOLD,TRUCK,7,0.05,18,Brand#15,MED PACK,22,12,2,13527.5328
F,F,R,COLLECT COD,Manufacturer#4,4-NOT SPECIFIED,3,HOUSEHOLD,FOB,6,0.07,9,Brand#44,WRAP CASE,35,42,4,43479.45
F,F,A,TAKE BACK RETURN,Manufacturer#2,4-NOT SPECIFIED,3,HOUSEHOLD,FOB,1,0,8,Brand#25,WRAP JAR,15,47,3,57872.51
O,O,N,NONE,Manufacturer#2,2-HIGH,2,BUILDING,TRUCK,1,0.03,9,Brand#24,LG PKG,42,4,4,5399.766
O,O,N,COLLECT COD,Manufacturer#1,5-LOW,0,HOUSEHOLD,SHIP,5,0,9,Brand#13,WRAP BOX,26,6,4,6805.38
O,O,N,TAKE BACK RETURN,Manufacturer#4,5-LOW,3,AUTOMOBILE,AIR,2,0.05,12,Brand#43,WRAP BAG,9,23,0,20431.7648
O,O,N,NONE,Manufacturer#4,5-LOW,3,AUTOMOBILE,MAIL,3,0.07,18,Brand#41,SM CAN,47,37,2,33270.7478
F,F,A,DELIVER IN PERSON,Manufacturer#3,4-NOT SPECIFIED,2,FURNITURE,RAIL,7,0.03,8,Brand#35,LG JAR,14,36,3,36496.872
F,F,R,NONE,Manufacturer#4,4-NOT SPECIFIED,2,FURNITURE,SHIP,2,0.06,12,Brand#42,WRAP PKG,38,18,0,24147.558
O,O,N,NONE,Manufacturer#5,1-URGENT,0,FURNITURE,MAIL,7,0.01,21,Brand#55,SM CAN,43,3,1,4147.5753
F,P,N,COLLECT COD,Manufacturer#1,5-LOW,0,MACHINERY,MAIL,1,0.06,8,Brand#11,WRAP CASE,3,24,3,20026.56
O,P,N,COLLECT COD,Manufacturer#5,5-LOW,0,MACHINERY,REG AIR,2,0.02,21,Brand#51,JUMBO JAR,20,38,1,37284.156
F,F,A,COLLECT COD,Manufacturer#2,2-HIGH,3,AUTOMOBILE,RAIL,2,0.02,18,Brand#25,SM CASE,27,13,2,11487.2888
O,O,N,NONE,Manufacturer#5,2-HIGH,3,HOUSEHOLD,REG AIR,4,0,8,Brand#54,MED CAN,9,48,3,50143.3344
O,O,N,DELIVER IN PERSON,Manufacturer#3,2-HIGH,3,HOUSEHOLD,RAIL,7,0.01,12,Brand#32,LG PKG,11,45,0,52593.282
O,O,N,DELIVER IN PERSON,Manufacturer#2,2-HIGH,3,HOUSEHOLD,SHIP,2,0.08,18,Brand#25,WRAP CASE,21,15,2,18879.615
O,P,N,NONE,Manufacturer#1,2-HIGH,2,MACHINERY,REG AIR,1,0.06,8,Brand#13,JUMBO BOX,28,45,3,38251.3185
F,F,R,COLLECT COD,Manufacturer#3,4-NOT SPECIFIED,1,MACHINERY,TRUCK,3,0.08,21,Brand#35,JUMBO PKG,38,12,1,16793.88
O,O,N,COLLECT COD,Manufacturer#5,2-HIGH,2,MACHINERY,SHIP,5,0,9,Brand#52,LG CASE,21,32,4,50719.8208
F,F,A,TAKE BACK RETURN,Manufacturer#1,4-NOT SPECIFIED,0,BUILDING,REG AIR,1,0.08,8,Brand#13,SM BOX,4,37,3,45692.2176
O,O,N,COLLECT COD,Manufacturer#5,1-URGENT,1,HOUSEHOLD,TRUCK,5,0,8,Brand#54,MED CASE,43,4,3,4362.54
O,O,N,TAKE BACK RETURN,Manufacturer#5,1-URGENT,1,HOUSEHOLD,REG AIR,4,0.07,18,Brand#54,LG PKG,22,34,2,35536.46
O,O,N,COLLECT COD,Manufacturer#2,1-URGENT,1,HOUSEHOLD,RAIL,7,0.05,21,Brand#22,WRAP DRUM,13,26,1,28318.68
O,O,N,COLLECT COD,Manufacturer#3,2-HIGH,0,BUILDING,MAIL,4,0.05,18,Brand#32,WRAP CAN,9,3,2,4365.4368
O,O,N,COLLECT COD,Manufacturer#2,2-HIGH,0,BUILDING,TRUCK,2,0.08,9,Brand#22,MED JAR,8,40,4,42057.36
O,O,N,DELIVER IN PERSON,Manufacturer#5,4-NOT SPECIFIED,0,AUTOMOBILE,FOB,2,0.03,12,Brand#51,SM CAN,8,6,0,9176.6808
O,O,N,DELIVER IN PERSON,Manufacturer#5,4-NOT SPECIFIED,1,FURNITURE,AIR,3,0.01,8,Brand#52,WRAP PACK,27,37,3,46607.8788
O,O,N,TAKE BACK RETURN,Manufacturer#5,4-NOT SPECIFIED,1,FURNITURE,TRUCK,2,0.08,18,Brand#51,LG PKG,8,2,2,2243.412
F,F,R,DELIVER IN PERSON,Manufacturer#4,4-NOT SPECIFIED,3,AUTOMOBILE,AIR,4,0.03,21,Brand#44,LG CASE,37,30,1,48501.3
F,F,A,COLLECT COD,Manufacturer#1,4-NOT SPECIFIED,2,AUTOMOBILE,MAIL,6,0.07,21,Brand#14,MED BOX,1,49,1,69419.9415
F,F,R,NONE,Manufacturer#3,4-NOT SPECIFIED,2,AUTOMOBILE,TRUCK,1,0.03,9,Brand#34,JUMBO CAN,36,34,4,43095.7548
F,F,A,TAKE BACK RETURN,Manufacturer#1,4-NOT SPECIFIED,2,AUTOMOBILE,MAIL,4,0.03,18,Brand#12,LG JAR,39,8,2,11308.752
F,F,R,NONE,Manufacturer#4,4-NOT SPECIFIED,2,AUTOMOBILE,MAIL,5,0.03,18,Brand#45,LG BAG,4,7,2,6823.698
O,O,N,TAKE BACK RETURN,Manufacturer#4,3-MEDIUM,1,HOUSEHOLD,AIR,4,0.04,8,Brand#44,LG JAR,6,19,3,29976.718
O,O,N,DELIVER IN PERSON,Manufacturer#5,2-HIGH,3,MACHINERY,FOB,3,0.08,21,Brand#54,MED BAG,31,21,1,36176.553
O,O,N,COLLECT COD,Manufacturer#4,5-LOW,2,MACHINERY,SHIP,4,0.06,8,Brand#42,JUMBO BOX,10,11,3,14470.4373
O,O,N,COLLECT COD,Manufacturer#1,5-LOW,2,MACHINERY,AIR,2,0.05,18,Brand#13,JUMBO JAR,26,33,2,37578.0405
F,F,R,NONE,Manufacturer#2,3-MEDIUM,2,MACHINERY,TRUCK,1,0.08,8,Brand#24,LG CAN,35,21,3,19053.2475
O,O,N,TAKE BACK RETURN,Manufacturer#2,2-HIGH,3,AUTOMOBILE,RAIL,2,0.05,12,Brand#22,LG JAR,45,12,0,13839.5712
O,O,N,NONE,Manufacturer#3,2-HIGH,3,AUTOMOBILE,FOB,7,0.08,12,Brand#33,MED PKG,49,19,0,23457.5026
O,O,N,DELIVER IN PERSON,Manufacturer#2,2-HIGH,3,AUTOMOBILE,FOB,3,0.03,9,Brand#25,JUMBO JAR,49,8,4,9084.204
O,O,N,NONE,Manufacturer#3,2-HIGH,3,AUTOMOBILE,MAIL,5,0.01,18,Brand#32,MED CAN,31,14,2,23448.2094
O,O,N,NONE,Manufacturer#4,4-NOT SPECIFIED,3,HOUSEHOLD,FOB,2,0.01,18,Brand#41,JUMBO CASE,4,25,2,42637.275
O,O,N,DELIVER IN PERSON,Manufacturer#4,4-NOT SPECIFIED,3,HOUSEHOLD,MAIL,6,0.07,9,Brand#43,JUMBO CAN,2,29,4,49447.1866
O,O,N,DELIVER IN PERSON,Manufacturer#2,2-HIGH,0,FURNITURE,REG AIR,5,0.05,21,Brand#24,MED PACK,50,5,1,7529.1125
O,O,N,DELIVER IN PERSON,Manufacturer#2,2-HIGH,0,FURNITURE,SHIP,2,0.01,21,Brand#21,SM BOX,11,41,1,51523.3224
F,F,A,TAKE BACK RETURN,Manufacturer#1,2-HIGH,0,HOUSEHOLD,MAIL,1,0.05,18,Brand#11,JUMBO BOX,48,23,2,30173.1595
O,O,N,NONE,Manufacturer#3,2-HIGH,3,AUTOMOBILE,SHIP,5,0.08,18,Brand#33,MED PACK,30,17,2,26650.8354
O,O,N,COLLECT COD,Manufacturer#2,2-HIGH,3,AUTOMOBILE,REG AIR,6,0.03,21,Brand#24,JUMBO PACK,41,15,1,17158.722
O,O,N,TAKE BACK RETURN,Manufacturer#2,2-HIGH,3,AUTOMOBILE,SHIP,4,0.06,18,Brand#25,WRAP CASE,21,14,2,19187.2828
F,F,A,TAKE BACK RETURN,Manufacturer#5,5-LOW,3,BUILDING,RAIL,1,0.03,9,Brand#52,LG CASE,2,19,4,17689.7448
F,F,R,TAKE BACK RETURN,Manufacturer#5,5-LOW,4,BUILDING,TRUCK,5,0.05,18,Brand#55,SM PKG,27,30,2,51029.856
F,F,R,COLLECT COD,Manufacturer#1,5-LOW,4,BUILDING,SHIP,2,0.07,8,Brand#14,JUMBO BAG,10,48,3,79710.1056
O,O,N,TAKE BACK RETURN,Manufacturer#2,3-MEDIUM,4,FURNITURE,FOB,2,0.03,18,Brand#21,JUMBO CASE,31,16,2,19374.4896
O,P,N,TAKE BACK RETURN,Manufacturer#3,3-MEDIUM,0,HOUSEHOLD,REG AIR,2,0.08,8,Brand#31,SM JAR,24,44,3,57369.246
O,O,N,NONE,Manufacturer#2,1-URGENT,3,HOUSEHOLD,REG AIR,1,0.05,12,Brand#23,LG PACK,14,10,0,12145.434
O,O,N,DELIVER IN PERSON,Manufacturer#1,2-HIGH,1,HOUSEHOLD,REG AIR,2,0.08,8,Brand#12,JUMBO DRUM,17,7,3,8353.6817
O,O,N,DELIVER IN PERSON,Manufacturer#3,2-HIGH,1,HOUSEHOLD,TRUCK,3,0.04,8,Brand#33,WRAP DRUM,8,19,3,29817.4752
O,O,N,NONE,Manufacturer#4,4-NOT SPECIFIED,3,AUTOMOBILE,REG AIR,2,0.01,21,Brand#41,MED BOX,46,17,1,23983.2192
F,F,A,NONE,Manufacturer#1,1-URGENT,4,HOUSEHOLD,MAIL,3,0.08,8,Brand#11,WRAP CAN,41,32,3,30120.3936
F,F,A,TAKE BACK RETURN,Manufacturer#2,1-URGENT,4,HOUSEHOLD,REG AIR,5,0.06,18,Brand#23,LG DRUM,26,5,2,8513.8245
F,F,A,TAKE BACK RETURN,Manufacturer#1,1-URGENT,2,FURNITURE,RAIL,3,0.04,18,Brand#14,JUMBO PACK,17,24,2,30171.5232
O,O,N,TAKE BACK RETURN,Manufacturer#2,5-LOW,4,HOUSEHOLD,SHIP,1,0.07,8,Brand#23,WRAP BAG,29,12,3,11797.8624
O,O,N,NONE,Manufacturer#4,5-LOW,4,HOUSEHOLD,SHIP,5,0.06,21,Brand#45,MED CASE,23,46,1,47101.7092
O,O,N,TAKE BACK RETURN,Manufacturer#5,5-LOW,4,HOUSEHOLD,SHIP,3,0.05,8,Brand#53,JUMBO DRUM,47,24,3,33597.3696
F,F,R,NONE,Manufacturer#5,4-NOT SPECIFIED,4,FURNITURE,REG AIR,4,0,21,Brand#52,JUMBO PKG,17,48,1,60014.592
F,F,R,COLLECT COD,Manufacturer#5,4-NOT SPECIFIED,4,FURNITURE,FOB,1,0.01,21,Brand#52,SM PKG,50,30,1,50786.19
O,O,N,NONE,Manufacturer#5,5-LOW,3,HOUSEHOLD,RAIL,5,0.05,9,Brand#51,SM DRUM,18,5,4,7086.0735
O,O,N,NONE,Manufacturer#3,5-LOW,3,HOUSEHOLD,TRUCK,6,0.07,21,Brand#32,JUMBO PACK,45,26,1,30578.6104
O,O,N,DELIVER IN PERSON,Manufacturer#4,4-NOT SPECIFIED,1,AUTOMOBILE,MAIL,1,0.06,12,Brand#43,WRAP BAG,24,24,0,42691.968
O,O,N,TAKE BACK RETURN,Manufacturer#4,4-NOT SPECIFIED,1,AUTOMOBILE,RAIL,2,0.07,8,Brand#44,LG DRUM,18,27,3,29761.8867
F,F,R,TAKE BACK RETURN,Manufacturer#5,3-MEDIUM,2,FURNITURE,TRUCK,4,0,9,Brand#53,LG PACK,46,33,4,30890.2176
F,F,R,TAKE BACK RETURN,Manufacturer#3,3-MEDIUM,2,FURNITURE,AIR,3,0.04,9,Brand#33,LG CAN,16,13,4,16331.887
F,F,A,COLLECT COD,Manufacturer#4,3-MEDIUM,2,FURNITURE,MAIL,6,0.05,21,Brand#44,WRAP CAN,16,42,1,78203.5884
F,F,R,DELIVER IN PERSON,Manufacturer#5,3-MEDIUM,2,FURNITURE,FOB,1,0.04,21,Brand#53,WRAP CASE,1,49,1,55221.334
O,O,N,TAKE BACK RETURN,Manufacturer#3,4-NOT SPECIFIED,2,MACHINERY,SHIP,3,0.04,21,Brand#33,LG CASE,25,44,1,73430.5572
F,F,A,DELIVER IN PERSON,Manufacturer#2,1-URGENT,3,BUILDING,SHIP,6,0.08,12,Brand#23,SM CASE,31,39,0,41708.628
F,F,R,DELIVER IN PERSON,Manufacturer#3,1-URGENT,3,BUILDING,REG AIR,1,0.04,8,Brand#32,LG JAR,31,16,3,26874.6752
F,F,A,TAKE BACK RETURN,Manufacturer#4,1-URGENT,3,BUILDING,SHIP,5,0.02,12,Brand#42,JUMBO CAN,44,35,0,40763.9925
F,P,A,COLLECT COD,Manufacturer#3,1-URGENT,3,MACHINERY,AIR,3,0.08,9,Brand#31,MED JAR,42,45,4,61990.8795
O,P,N,TAKE BACK RETURN,Manufacturer#3,1-URGENT,3,MACHINERY,MAIL,2,0.07,18,Brand#33,SM BOX,32,6,2,9860.0256
O,O,N,COLLECT COD,Manufacturer#2,5-LOW,1,FURNITURE,SHIP,4,0.06,9,Brand#25,MED CAN,25,47,4,41307.6984
F,F,A,TAKE BACK RETURN,Manufacturer#5,3-MEDIUM,0,BUILDING,TRUCK,4,0.04,18,Brand#55,MED PKG,39,27,2,31097.6442
O,O,N,DELIVER IN PERSON,Manufacturer#5,2-HIGH,0,BUILDING,MAIL,4,0.08,21,Brand#53,JUMBO BOX,11,33,1,56589.8256
O,O,N,TAKE BACK RETURN,Manufacturer#3,2-HIGH,0,BUILDING,FOB,6,0.01,21,Brand#35,WRAP BAG,3,27,1,41377.4784
O,O,N,TAKE BACK RETURN,Manufacturer#4,5-LOW,0,MACHINERY,REG AIR,4,0.04,9,Brand#45,JUMBO PACK,14,18,4,15512.5152
O,O,N,DELIVER IN PERSON,Manufacturer#3,5-LOW,0,MACHINERY,SHIP,2,0.06,21,Brand#34,WRAP PACK,30,3,1,4700.5362
O,O,N,NONE,Manufacturer#3,5-LOW,0,MACHINERY,FOB,3,0.03,18,Brand#35,JUMBO JAR,28,36,2,53910.0864
F,F,R,TAKE BACK RETURN,Manufacturer#3,4-NOT SPECIFIED,3,AUTOMOBILE,RAIL,1,0.02,9,Brand#31,SM CASE,3,33,4,45831.456
F,F,R,DELIVER IN PERSON,Manufacturer#1,2-HIGH,0,FURNITURE,SHIP,4,0.04,18,Brand#14,JUMBO JAR,37,26,2,27928.42
F,F,A,NONE,Manufacturer#1,2-HIGH,0,FURNITURE,FOB,2,0.08,18,Brand#15,JUMBO DRUM,8,42,2,42543.648
O,O,N,NONE,Manufacturer#1,2-HIGH,3,BUILDING,AIR,2,0.07,21,Brand#13,MED PACK,20,50,1,71283.03
O,O,N,TAKE BACK RETURN,Manufacturer#2,5-LOW,2,HOUSEHOLD,AIR,2,0.05,8,Brand#24,WRAP DRUM,6,29,3,51672.8409
O,O,N,COLLECT COD,Manufacturer#2,2-HIGH,4,BUILDING,REG AIR,7,0.01,8,Brand#21,JUMBO CAN,1,32,3,28381.9264
O,O,N,COLLECT COD,Manufacturer#1,2-HIGH,4,BUILDING,AIR,3,0.08,21,Brand#11,WRAP DRUM,22,13,1,13780.91
O,O,N,DELIVER IN PERSON,Manufacturer#1,2-HIGH,4,BUILDING,RAIL,2,0.07,8,Brand#12,SM PACK,36,43,3,78266.4672
O,O,N,DELIVER IN PERSON,Manufacturer#5,3-MEDIUM,4,BUILDING,TRUCK,2,0.03,9,Brand#55,SM PACK,6,50,4,74479
O,O,N,COLLECT COD,Manufacturer#2,3-MEDIUM,4,BUILDING,SHIP,1,0.02,21,Brand#23,SM PACK,45,8,1,9651.0176
F,F,A,NONE,Manufacturer#5,2-HIGH,0,BUILDING,FOB,1,0.02,21,Brand#51,JUMBO JAR,23,43,1,63024.1626
O,O,N,COLLECT COD,Manufacturer#4,4-NOT SPECIFIED,4,HOUSEHOLD,SHIP,4,0.02,21,Brand#43,WRAP CASE,44,8,1,11298.4584
O,O,N,DELIVER IN PERSON,Manufacturer#1,4-NOT SPECIFIED,4,HOUSEHOLD,MAIL,3,0.03,18,Brand#13,MED CASE,27,15,2,21912.2145
F,F,A,NONE,Manufacturer#5,3-MEDIUM,3,AUTOMOBILE,TRUCK,4,0.01,18,Brand#51,WRAP DRUM,21,2,2,3320.0046
F,F,A,DELIVER IN PERSON,Manufacturer#2,5-LOW,0,MACHINERY,AIR,5,0,18,Brand#22,JUMBO CASE,22,43,2,74268.3487
F,F,R,DELIVER IN PERSON,Manufacturer#4,5-LOW,0,MACHINERY,MAIL,4,0.01,21,Brand#42,JUMBO BAG,1,21,1,34089.9468
O,O,N,TAKE BACK RETURN,Manufacturer#5,4-NOT SPECIFIED,0,BUILDING,SHIP,1,0.05,21,Brand#53,JUMBO DRUM,26,48,1,51658.8576
O,O,N,COLLECT COD,Manufacturer#3,4-NOT SPECIFIED,0,BUILDING,RAIL,3,0.07,21,Brand#34,MED PACK,2,9,1,13793.67
O,O,N,NONE,Manufacturer#4,4-NOT SPECIFIED,0,BUILDING,FOB,4,0,8,Brand#43,WRAP BAG,26,2,3,2725.4592
F,F,R,DELIVER IN PERSON,Manufacturer#4,2-HIGH,4,AUTOMOBILE,SHIP,4,0.02,21,Brand#44,MED CASE,40,13,1,16511.534
F,F,R,NONE,Manufacturer#4,2-HIGH,4,AUTOMOBILE,RAIL,2,0.02,18,Brand#42,LG CAN,38,28,2,34068.146
O,O,N,NONE,Manufacturer#4,5-LOW,3,AUTOMOBILE,RAIL,4,0,18,Brand#44,LG PACK,21,29,2,30401.1234
O,O,N,DELIVER IN PERSON,Manufacturer#3,2-HIGH,0,HOUSEHOLD,AIR,4,0.01,18,Brand#35,JUMBO DRUM,21,17,2,22232.5728
O,O,N,NONE,Manufacturer#3,1-URGENT,3,MACHINERY,MAIL,2,0.08,8,Brand#32,LG PKG,43,41,3,42370.4373
O,O,N,DELIVER IN PERSON,Manufacturer#5,1-URGENT,3,HOUSEHOLD,REG AIR,3,0,9,Brand#52,LG CASE,21,49,4,76820.5438
F,F,R,COLLECT COD,Manufacturer#4,3-MEDIUM,0,FURNITURE,FOB,4,0,8,Brand#42,JUMBO BOX,10,2,3,2659.2788
O,O,N,COLLECT COD,Manufacturer#3,1-URGENT,4,HOUSEHOLD,MAIL,6,0.02,8,Brand#31,MED CAN,44,50,3,76746.225
O,O,N,NONE,Manufacturer#1,1-URGENT,4,HOUSEHOLD,REG AIR,5,0.07,12,Brand#12,JUMBO CAN,37,38,0,58363.231
O,O,N,NONE,Manufacturer#2,1-URGENT,4,HOUSEHOLD,AIR,1,0.08,18,Brand#25,JUMBO BOX,36,28,2,33389.2468
F,F,R,DELIVER IN PERSON,Manufacturer#4,1-URGENT,0,FURNITURE,TRUCK,3,0.01,9,Brand#43,MED BAG,4,25,4,40404.5475
O,O,N,TAKE BACK RETURN,Manufacturer#1,1-URGENT,2,FURNITURE,SHIP,2,0.01,8,Brand#13,MED JAR,38,39,3,51814.0545
O,O,N,DELIVER IN PERSON,Manufacturer#4,1-URGENT,2,FURNITURE,SHIP,1,0.05,9,Brand#42,JUMBO JAR,15,31,4,56138.21
O,O,N,NONE,Manufacturer#2,4-NOT SPECIFIED,2,BUILDING,TRUCK,5,0.07,18,Brand#21,JUMBO BOX,23,2,2,2168.11
O,O,N,DELIVER IN PERSON,Manufacturer#2,4-NOT SPECIFIED,2,BUILDING,SHIP,3,0.03,9,Brand#23,SM CASE,31,23,4,24597.396
F,F,A,NONE,Manufacturer#4,1-URGENT,1,HOUSEHOLD,REG AIR,1,0.07,21,Brand#43,LG DRUM,19,37,1,38367.6384
F,F,R,NONE,Manufacturer#3,5-LOW,4,FURNITURE,AIR,3,0.08,18,Brand#34,SM PKG,16,5,2,6275.205
F,F,A,DELIVER IN PERSON,Manufacturer#1,1-URGENT,4,AUTOMOBILE,AIR,4,0,21,Brand#13,LG CAN,47,28,1,46873.2712
F,F,A,TAKE BACK RETURN,Manufacturer#2,1-URGENT,4,AUTOMOBILE,AIR,1,0.07,9,Brand#22,SM DRUM,42,28,4,35358.2208
F,F,A,DELIVER IN PERSON,Manufacturer#2,1-URGENT,4,AUTOMOBILE,MAIL,2,0.06,9,Brand#22,LG BOX,9,48,4,66332.8848
F,F,R,COLLECT COD,Manufacturer#5,2-HIGH,3,BUILDING,AIR,6,0,8,Brand#51,WRAP CASE,1,43,3,61790.1185
F,F,R,TAKE BACK RETURN,Manufacturer#5,2-HIGH,3,BUILDING,REG AIR,3,0.06,8,Brand#51,LG PACK,42,9,3,15138.576
F,F,A,NONE,Manufacturer#3,2-HIGH,3,BUILDING,TRUCK,4,0.03,21,Brand#34,JUMBO PKG,38,22,1,33383.7504
F,F,A,NONE,Manufacturer#4,4-NOT SPECIFIED,1,AUTOMOBILE,REG AIR,4,0.06,9,Brand#42,JUMBO DRUM,13,19,4,26192.7369
F,F,A,COLLECT COD,Manufacturer#2,1-URGENT,3,BUILDING,FOB,1,0.01,18,Brand#25,SM BOX,35,31,2,53586.4202
F,F,R,COLLECT COD,Manufacturer#3,1-URGENT,4,BUILDING,RAIL,2,0.06,9,Brand#32,LG JAR,42,12,4,15326.616
F,F,A,COLLECT COD,Manufacturer#4,1-URGENT,4,BUILDING,REG AIR,6,0.08,8,Brand#42,JUMBO BAG,1,14,3,24474.8336
F,F,R,NONE,Manufacturer#4,1-URGENT,4,BUILDING,AIR,4,0.06,12,Brand#45,MED PKG,8,39,0,52715.7267
F,F,A,DELIVER IN PERSON,Manufacturer#2,5-LOW,0,HOUSEHOLD,SHIP,1,0.08,9,Brand#25,MED PACK,31,21,4,19456.0821
O,O,N,NONE,Manufacturer#1,3-MEDIUM,0,AUTOMOBILE,REG AIR,1,0.06,18,Brand#12,MED JAR,42,41,2,58433.0688
O,O,N,DELIVER IN PERSON,Manufacturer#1,3-MEDIUM,2,MACHINERY,REG AIR,3,0,21,Brand#12,WRAP PACK,36,37,1,47914.6892
O,O,N,TAKE BACK RETURN,Manufacturer#2,4-NOT SPECIFIED,0,HOUSEHOLD,SHIP,3,0.04,21,Brand#25,SM BOX,35,16,1,28834.4224
F,F,A,TAKE BACK RETURN,Manufacturer#1,3-MEDIUM,1,AUTOMOBILE,FOB,3,0.06,8,Brand#11,WRAP CASE,26,21,3,35718.8076
O,O,N,DELIVER IN PERSON,Manufacturer#4,2-HIGH,1,FURNITURE,SHIP,2,0,12,Brand#42,LG BOX,17,50,0,43246.395
O,O,N,DELIVER IN PERSON,Manufacturer#1,2-HIGH,1,FURNITURE,MAIL,5,0,9,Brand#11,LG PKG,20,23,4,28743.7578
O,O,N,TAKE BACK RETURN,Manufacturer#1,5-LOW,3,HOUSEHOLD,SHIP,2,0.06,8,Brand#15,SM DRUM,20,35,3,52524.0275
F,F,A,COLLECT COD,Manufacturer#5,3-MEDIUM,1,AUTOMOBILE,FOB,6,0.03,12,Brand#53,SM CASE,17,46,0,64713.6924
F,F,A,TAKE BACK RETURN,Manufacturer#3,3-MEDIUM,1,AUTOMOBILE,TRUCK,4,0.02,21,Brand#34,WRAP JAR,2,35,1,50408.232
F,F,A,COLLECT COD,Manufacturer#3,3-MEDIUM,1,AUTOMOBILE,REG AIR,7,0.03,9,Brand#34,MED BAG,17,45,4,48165.579
F,F,A,DELIVER IN PERSON,Manufacturer#3,3-MEDIUM,1,AUTOMOBILE,TRUCK,5,0.02,9,Brand#35,SM JAR,39,38,4,36682.1334
F,F,R,TAKE BACK RETURN,Manufacturer#2,5-LOW,4,MACHINERY,FOB,2,0.02,21,Brand#21,LG BOX,42,38,1,43161.4488
F,F,A,COLLECT COD,Manufacturer#4,3-MEDIUM,1,AUTOMOBILE,RAIL,4,0.08,9,Brand#41,MED PACK,2,8,4,13687.3856
F,F,R,DELIVER IN PERSON,Manufacturer#5,3-MEDIUM,1,AUTOMOBILE,TRUCK,2,0.06,9,Brand#53,LG PACK,11,47,4,52463.5244
O,O,N,COLLECT COD,Manufacturer#1,2-HIGH,3,MACHINERY,RAIL,2,0.05,18,Brand#15,JUMBO CAN,7,18,2,23075.424
O,O,N,TAKE BACK RETURN,Manufacturer#2,4-NOT SPECIFIED,1,BUILDING,AIR,5,0,8,Brand#22,MED JAR,19,47,3,49883.6004
O,O,N,COLLECT COD,Manufacturer#2,4-NOT SPECIFIED,1,BUILDING,AIR,4,0.04,12,Brand#21,MED PACK,12,17,0,27565.6836
F,F,A,TAKE BACK RETURN,Manufacturer#3,1-URGENT,3,BUILDING,TRUCK,7,0.03,18,Brand#31,MED CAN,44,7,2,11083.7706
F,F,R,COLLECT COD,Manufacturer#3,1-URGENT,3,BUILDING,MAIL,5,0.03,18,Brand#34,SM BAG,20,22,2,31910.439
F,F,A,COLLECT COD,Manufacturer#1,1-URGENT,3,BUILDING,RAIL,6,0.04,18,Brand#13,LG DRUM,22,43,2,69423.8784
F,F,A,NONE,Manufacturer#5,3-MEDIUM,3,HOUSEHOLD,AIR,3,0.01,12,Brand#55,SM CAN,43,10,0,12987.357
F,F,R,DELIVER IN PERSON,Manufacturer#5,2-HIGH,3,BUILDING,TRUCK,4,0.04,18,Brand#51,MED PACK,41,9,2,9035.7201
F,F,R,TAKE BACK RETURN,Manufacturer#4,2-HIGH,3,BUILDING,MAIL,1,0,18,Brand#44,MED BAG,12,49,2,82993.064
F,F,R,DELIVER IN PERSON,Manufacturer#1,2-HIGH,3,BUILDING,RAIL,5,0.02,18,Brand#15,JUMBO JAR,49,36,2,65611.1016
O,O,N,TAKE BACK RETURN,Manufacturer#3,5-LOW,4,BUILDING,MAIL,6,0.05,18,Brand#32,JUMBO JAR,21,6,2,11125.4418
O,O,N,DELIVER IN PERSON,Manufacturer#4,5-LOW,4,BUILDING,RAIL,5,0.07,8,Brand#41,SM CAN,4,25,3,30456.525
F,F,R,NONE,Manufacturer#2,4-NOT SPECIFIED,3,HOUSEHOLD,TRUCK,7,0.02,12,Brand#21,SM CASE,25,16,0,22210.8768
F,F,A,DELIVER IN PERSON,Manufacturer#3,4-NOT SPECIFIED,3,HOUSEHOLD,SHIP,5,0.07,18,Brand#33,JUMBO JAR,3,28,2,29158.654
O,O,N,DELIVER IN PERSON,Manufacturer#4,3-MEDIUM,2,BUILDING,AIR,1,0.04,8,Brand#41,SM JAR,11,37,3,42390.0675
O,O,N,TAKE BACK RETURN,Manufacturer#5,3-MEDIUM,2,BUILDING,AIR,2,0.08,18,Brand#52,WRAP CAN,39,48,2,42618.24
F,F,R,COLLECT COD,Manufacturer#4,2-HIGH,1,BUILDING,REG AIR,1,0.04,21,Brand#43,LG DRUM,19,36,1,30205.3752
F,F,R,NONE,Manufacturer#4,2-HIGH,1,BUILDING,TRUCK,3,0.02,8,Brand#45,MED BOX,34,28,3,33877.7544
O,O,N,DELIVER IN PERSON,Manufacturer#2,4-NOT SPECIFIED,3,MACHINERY,REG AIR,4,0.06,21,Brand#22,LG PACK,10,38,1,59012.9892
O,O,N,NONE,Manufacturer#2,4-NOT SPECIFIED,0,BUILDING,MAIL,2,0.01,9,Brand#25,MED PACK,31,30,4,29932.434
O,O,N,COLLECT COD,Manufacturer#1,1-URGENT,3,AUTOMOBILE,AIR,1,0.03,21,Brand#14,JUMBO JAR,9,35,1,46678.086
F,F,A,TAKE BACK RETURN,Manufacturer#4,3-MEDIUM,2,FURNITURE,FOB,2,0.04,9,Brand#43,LG DRUM,19,38,4,35036.76
O,O,N,TAKE BACK RETURN,Manufacturer#5,1-URGENT,4,FURNITURE,MAIL,3,0.01,18,Brand#53,WRAP CASE,1,30,2,34876.632
O,O,N,TAKE BACK RETURN,Manufacturer#5,1-URGENT,0,FURNITURE,TRUCK,1,0.04,12,Brand#55,LG BAG,45,7,0,10385.8524
F,F,A,DELIVER IN PERSON,Manufacturer#2,4-NOT SPECIFIED,0,BUILDING,SHIP,3,0.07,21,Brand#21,SM PKG,32,50,1,63622.925
F,F,A,DELIVER IN PERSON,Manufacturer#3,4-NOT SPECIFIED,0,BUILDING,SHIP,2,0.04,12,Brand#31,MED DRUM,25,12,0,13170.1248
O,O,N,DELIVER IN PERSON,Manufacturer#2,3-MEDIUM,1,BUILDING,AIR,5,0.06,12,Brand#23,SM JAR,1,32,0,52932.384
O,O,N,DELIVER IN PERSON,Manufacturer#2,2-HIGH,3,BUILDING,TRUCK,2,0.02,18,Brand#25,WRAP CASE,21,49,2,63729.1893
F,F,R,NONE,Manufacturer#2,2-HIGH,1,FURNITURE,RAIL,4,0.08,21,Brand#21,JUMBO CAN,29,12,1,19074.8172
F,F,R,NONE,Manufacturer#1,2-HIGH,4,BUILDING,FOB,2,0.04,8,Brand#13,JUMBO BOX,8,48,3,40350.096
F,F,A,NONE,Manufacturer#3,2-HIGH,4,BUILDING,AIR,1,0.04,18,Brand#35,JUMBO DRUM,21,26,2,35850.7344
O,O,N,NONE,Manufacturer#1,4-NOT SPECIFIED,1,HOUSEHOLD,RAIL,4,0.06,12,Brand#13,MED PKG,6,39,0,35946.8343
F,F,A,NONE,Manufacturer#5,2-HIGH,4,BUILDING,RAIL,3,0,12,Brand#54,LG PKG,12,47,0,76226.0664
F,F,R,COLLECT COD,Manufacturer#4,5-LOW,2,FURNITURE,AIR,4,0.01,12,Brand#42,WRAP JAR,32,20,0,25580.1
F,F,A,NONE,Manufacturer#5,5-LOW,2,FURNITURE,SHIP,5,0.06,9,Brand#55,WRAP PACK,50,39,4,57661.3128
F,F,A,COLLECT COD,Manufacturer#1,3-MEDIUM,3,HOUSEHOLD,SHIP,1,0.04,9,Brand#12,SM BAG,46,28,4,24245.76
F,F,R,COLLECT COD,Manufacturer#4,3-MEDIUM,3,HOUSEHOLD,SHIP,3,0.06,8,Brand#42,WRAP DRUM,28,46,3,56571.697
O,O,N,NONE,Manufacturer#4,1-URGENT,3,HOUSEHOLD,TRUCK,2,0.07,8,Brand#45,MED JAR,39,24,3,41653.776
O,O,N,TAKE BACK RETURN,Manufacturer#3,4-NOT SPECIFIED,0,FURNITURE,FOB,1,0.07,21,Brand#31,JUMBO CASE,1,14,1,13833.5274
F,F,R,TAKE BACK RETURN,Manufacturer#5,3-MEDIUM,3,BUILDING,AIR,2,0.03,18,Brand#53,JUMBO PACK,4,46,2,47495.736
F,F,R,TAKE BACK RETURN,Manufacturer#4,3-MEDIUM,3,BUILDING,RAIL,3,0.03,18,Brand#45,SM CAN,21,32,2,31778.208
O,O,N,NONE,Manufacturer#2,2-HIGH,1,AUTOMOBILE,FOB,2,0.08,21,Brand#24,JUMBO BAG,25,40,1,53300.52
O,O,N,COLLECT COD,Manufacturer#1,2-HIGH,1,AUTOMOBILE,SHIP,4,0.03,21,Brand#12,MED CASE,30,30,1,34571.628
O,O,N,TAKE BACK RETURN,Manufacturer#5,2-HIGH,1,AUTOMOBILE,TRUCK,6,0,9,Brand#51,LG CASE,24,18,4,19087.4502
O,O,N,TAKE BACK RETURN,Manufacturer#1,3-MEDIUM,4,AUTOMOBILE,SHIP,7,0.04,8,Brand#11,WRAP PKG,20,36,3,58725.4536
O,O,N,DELIVER IN PERSON,Manufacturer#3,3-MEDIUM,4,AUTOMOBILE,TRUCK,1,0.01,9,Brand#34,LG DRUM,33,41,4,75273.13
O,O,N,COLLECT COD,Manufacturer#2,3-MEDIUM,4,AUTOMOBILE,TRUCK,3,0.08,9,Brand#23,JUMBO PACK,17,17,4,25366.8492
F,F,R,NONE,Manufacturer#4,2-HIGH,0,BUILDING,MAIL,4,0.03,9,Brand#44,SM CASE,16,38,4,36796.0992
F,F,R,DELIVER IN PERSON,Manufacturer#1,5-LOW,3,BUILDING,RAIL,3,0.01,18,Brand#14,WRAP CASE,16,13,2,16915.5584
F,F,A,NONE,Manufacturer#2,5-LOW,3,BUILDING,SHIP,2,0,21,Brand#21,WRAP DRUM,31,47,1,41361.1562
F,F,A,TAKE BACK RETURN,Manufacturer#4,5-LOW,3,BUILDING,MAIL,4,0.04,12,Brand#42,WRAP CASE,21,11,0,9237.69
O,O,N,DELIVER IN PERSON,Manufacturer#5,5-LOW,3,AUTOMOBILE,FOB,4,0.07,18,Brand#52,WRAP CAN,39,49,2,44394
O,O,N,TAKE BACK RETURN,Manufacturer#3,2-HIGH,1,BUILDING,AIR,1,0,21,Brand#31,SM PKG,4,46,1,41285.2668
F,F,R,TAKE BACK RETURN,Manufacturer#5,1-URGENT,3,FURNITURE,FOB,7,0.02,9,Brand#55,SM JAR,11,18,4,22120.2072
F,F,R,DELIVER IN PERSON,Manufacturer#1,1-URGENT,3,FURNITURE,FOB,4,0.07,21,Brand#13,JUMBO PACK,39,45,1,57128.544
O,O,N,DELIVER IN PERSON,Manufacturer#2,4-NOT SPECIFIED,0,MACHINERY,SHIP,4,0.01,8,Brand#25,JUMBO CAN,3,12,3,10333.7712
F,F,R,TAKE BACK RETURN,Manufacturer#1,4-NOT SPECIFIED,3,HOUSEHOLD,RAIL,7,0.07,8,Brand#13,SM BAG,9,2,3,2014.285
F,F,R,TAKE BACK RETURN,Manufacturer#2,4-NOT SPECIFIED,3,HOUSEHOLD,TRUCK,5,0.07,12,Brand#23,JUMBO BAG,35,39,0,39842.1504
F,F,A,TAKE BACK RETURN,Manufacturer#5,4-NOT SPECIFIED,3,HOUSEHOLD,SHIP,3,0.05,21,Brand#55,JUMBO CASE,25,15,1,13734.387
O,O,N,COLLECT COD,Manufacturer#2,3-MEDIUM,4,FURNITURE,SHIP,1,0.07,12,Brand#21,LG DRUM,21,26,0,37089.52
F,F,A,NONE,Manufacturer#1,3-MEDIUM,4,FURNITURE,REG AIR,1,0,18,Brand#15,LG CASE,41,9,2,14838.9219
O,O,N,COLLECT COD,Manufacturer#3,5-LOW,3,FURNITURE,SHIP,2,0.02,21,Brand#32,JUMBO JAR,29,16,1,22809.8144
O,O,N,COLLECT COD,Manufacturer#3,1-URGENT,4,AUTOMOBILE,MAIL,2,0.04,21,Brand#33,SM CAN,23,19,1,34948.0395
F,F,A,COLLECT COD,Manufacturer#5,5-LOW,0,MACHINERY,SHIP,1,0.07,12,Brand#55,MED JAR,36,1,0,937.926
F,F,R,COLLECT COD,Manufacturer#2,2-HIGH,0,AUTOMOBILE,MAIL,5,0.05,21,Brand#24,MED PACK,50,25,1,38886.625
F,F,R,TAKE BACK RETURN,Manufacturer#2,2-HIGH,0,AUTOMOBILE,REG AIR,4,0.05,9,Brand#25,LG CAN,33,32,4,49726.8288
F,F,R,TAKE BACK RETURN,Manufacturer#2,4-NOT SPECIFIED,1,BUILDING,REG AIR,5,0,21,Brand#22,WRAP DRUM,13,42,1,44830.6488
F,F,A,NONE,Manufacturer#5,4-NOT SPECIFIED,4,HOUSEHOLD,FOB,4,0.05,18,Brand#55,MED PKG,39,3,2,3384.7776
F,F,R,TAKE BACK RETURN,Manufacturer#2,4-NOT SPECIFIED,4,HOUSEHOLD,AIR,6,0.01,8,Brand#24,MED CASE,36,9,3,10373.1921
F,F,A,NONE,Manufacturer#1,4-NOT SPECIFIED,1,AUTOMOBILE,FOB,1,0.02,8,Brand#15,LG DRUM,31,47,3,59131.8374
F,F,R,DELIVER IN PERSON,Manufacturer#1,4-NOT SPECIFIED,1,AUTOMOBILE,FOB,4,0.08,18,Brand#12,JUMBO PACK,30,15,2,20209.917
O,O,N,DELIVER IN PERSON,Manufacturer#4,2-HIGH,0,BUILDING,RAIL,2,0.05,21,Brand#45,MED DRUM,34,27,1,39595.9104
O,O,N,COLLECT COD,Manufacturer#2,4-NOT SPECIFIED,2,FURNITURE,REG AIR,2,0.05,8,Brand#22,JUMBO JAR,7,45,3,63785.7675
F,F,A,NONE,Manufacturer#3,1-URGENT,3,FURNITURE,REG AIR,1,0.08,12,Brand#35,JUMBO CASE,12,43,0,64154.925
F,F,A,DELIVER IN PERSON,Manufacturer#3,5-LOW,2,FURNITURE,REG AIR,1,0.02,9,Brand#32,MED CASE,29,37,4,56191.1896
F,F,R,DELIVER IN PERSON,Manufacturer#1,5-LOW,2,FURNITURE,SHIP,2,0,8,Brand#14,MED BOX,1,11,3,15262.7475
O,O,N,COLLECT COD,Manufacturer#5,1-URGENT,3,MACHINERY,AIR,1,0.01,18,Brand#54,LG CAN,44,20,2,16926.186
O,O,N,COLLECT COD,Manufacturer#4,3-MEDIUM,4,BUILDING,RAIL,4,0.02,18,Brand#42,LG BOX,19,5,2,6958.006
O,O,N,NONE,Manufacturer#3,3-MEDIUM,4,BUILDING,RAIL,5,0.06,12,Brand#34,SM PKG,27,7,0,11225.844
O,O,N,DELIVER IN PERSON,Manufacturer#5,3-MEDIUM,4,BUILDING,SHIP,3,0.02,8,Brand#54,WRAP JAR,50,6,3,10445.5926
F,F,A,DELIVER IN PERSON,Manufacturer#2,5-LOW,4,AUTOMOBILE,TRUCK,1,0.08,21,Brand#21,SM BOX,11,30,1,34653.528
F,F,A,TAKE BACK RETURN,Manufacturer#3,2-HIGH,4,BUILDING,RAIL,1,0.02,12,Brand#35,LG PKG,6,4,0,5301.842
F,F,R,COLLECT COD,Manufacturer#5,3-MEDIUM,1,BUILDING,REG AIR,3,0.07,9,Brand#51,WRAP CASE,3,24,4,24924.6816
F,F,R,TAKE BACK RETURN,Manufacturer#2,3-MEDIUM,1,BUILDING,MAIL,2,0.02,21,Brand#23,LG CAN,19,6,1,8604.3276
F,F,A,TAKE BACK RETURN,Manufacturer#1,3-MEDIUM,1,BUILDING,FOB,4,0.02,18,Brand#11,JUMBO PACK,12,8,2,12714.192
O,O,N,NONE,Manufacturer#1,3-MEDIUM,1,BUILDING,TRUCK,4,0.02,9,Brand#13,JUMBO JAR,26,35,4,41607.3875
O,O,N,COLLECT COD,Manufacturer#1,3-MEDIUM,1,BUILDING,RAIL,2,0.01,18,Brand#15,JUMBO JAR,3,48,2,61651.9728
O,O,N,TAKE BACK RETURN,Manufacturer#2,3-MEDIUM,1,BUILDING,AIR,3,0,9,Brand#24,WRAP PKG,27,44,4,78959.364
O,O,N,NONE,Manufacturer#1,3-MEDIUM,1,BUILDING,REG AIR,1,0.02,18,Brand#13,MED BAG,38,30,2,43961.193
O,O,N,NONE,Manufacturer#5,1-URGENT,2,FURNITURE,REG AIR,6,0.05,8,Brand#55,MED PKG,39,10,3,11282.592
F,F,R,COLLECT COD,Manufacturer#4,4-NOT SPECIFIED,1,BUILDING,MAIL,6,0.03,9,Brand#41,MED BOX,9,42,4,75630.2778
F,F,A,COLLECT COD,Manufacturer#4,3-MEDIUM,2,BUILDING,RAIL,2,0.08,18,Brand#42,MED CASE,29,7,2,8560.8369
F,F,A,DELIVER IN PERSON,Manufacturer#4,1-URGENT,3,MACHINERY,FOB,5,0.07,9,Brand#45,MED JAR,41,35,4,38011.26
F,F,A,TAKE BACK RETURN,Manufacturer#4,1-URGENT,3,MACHINERY,MAIL,6,0.02,9,Brand#44,SM CASE,16,38,4,36045.1584
F,F,R,TAKE BACK RETURN,Manufacturer#1,1-URGENT,3,MACHINERY,SHIP,3,0.02,8,Brand#13,JUMBO PACK,17,32,3,55769.3472
F,F,A,COLLECT COD,Manufacturer#1,3-MEDIUM,2,FURNITURE,TRUCK,4,0.03,21,Brand#13,SM BAG,9,39,1,37624.7235
F,F,R,NONE,Manufacturer#2,3-MEDIUM,2,FURNITURE,RAIL,2,0,18,Brand#22,SM CASE,42,33,2,43379.5362
O,O,N,COLLECT COD,Manufacturer#3,4-NOT SPECIFIED,0,FURNITURE,TRUCK,2,0.07,21,Brand#32,JUMBO PACK,45,18,1,21399.9138
F,F,R,TAKE BACK RETURN,Manufacturer#2,3-MEDIUM,1,BUILDING,MAIL,4,0.02,9,Brand#24,JUMBO BOX,38,19,4,34232.5071
O,O,N,TAKE BACK RETURN,Manufacturer#4,5-LOW,0,HOUSEHOLD,REG AIR,3,0.07,12,Brand#41,MED JAR,18,37,0,61486.1708
F,F,R,NONE,Manufacturer#2,3-MEDIUM,2,AUTOMOBILE,FOB,4,0.04,8,Brand#25,MED DRUM,10,18,3,20078.3772
O,O,N,COLLECT COD,Manufacturer#1,1-URGENT,3,MACHINERY,TRUCK,1,0.06,21,Brand#11,WRAP CAN,5,44,1,70386.36
F,F,R,NONE,Manufacturer#2,5-LOW,1,MACHINERY,AIR,2,0.05,12,Brand#21,SM BOX,11,31,0,38169.6552
F,F,R,DELIVER IN PERSON,Manufacturer#3,5-LOW,1,MACHINERY,RAIL,3,0.04,18,Brand#34,MED BAG,32,3,2,2735.4873
O,O,N,TAKE BACK RETURN,Manufacturer#4,1-URGENT,1,HOUSEHOLD,RAIL,3,0.01,18,Brand#42,SM CASE,16,47,2,50532.99
F,F,A,TAKE BACK RETURN,Manufacturer#1,1-URGENT,4,FURNITURE,FOB,2,0.03,21,Brand#15,LG BAG,32,36,1,31237.8444
F,F,A,DELIVER IN PERSON,Manufacturer#4,1-URGENT,4,FURNITURE,SHIP,1,0.05,12,Brand#41,JUMBO CASE,29,9,0,15477.777
F,F,R,DELIVER IN PERSON,Manufacturer#5,1-URGENT,4,FURNITURE,SHIP,3,0.04,12,Brand#55,JUMBO CASE,10,18,0,18859.9824
O,O,N,COLLECT COD,Manufacturer#5,3-MEDIUM,0,BUILDING,FOB,2,0.06,18,Brand#51,WRAP DRUM,21,28,2,42254.604
O,O,N,TAKE BACK RETURN,Manufacturer#4,3-MEDIUM,0,BUILDING,MAIL,4,0.06,21,Brand#45,SM JAR,33,17,1,25479.3705
O,O,N,COLLECT COD,Manufacturer#2,3-MEDIUM,0,BUILDING,SHIP,5,0.03,8,Brand#22,WRAP BAG,9,38,3,64093.2738
F,F,A,DELIVER IN PERSON,Manufacturer#1,5-LOW,1,FURNITURE,TRUCK,2,0.03,12,Brand#14,JUMBO PACK,42,13,0,16753.6512
F,F,R,DELIVER IN PERSON,Manufacturer#2,5-LOW,1,FURNITURE,FOB,4,0.01,9,Brand#21,MED BOX,32,31,4,35161.13
F,F,A,COLLECT COD,Manufacturer#3,5-LOW,1,FURNITURE,AIR,1,0,21,Brand#33,SM CASE,5,38,1,45212.9358
F,F,R,NONE,Manufacturer#2,5-LOW,1,FURNITURE,FOB,3,0.05,21,Brand#21,WRAP BAG,37,36,1,45842.4792
F,F,A,COLLECT COD,Manufacturer#4,4-NOT SPECIFIED,1,MACHINERY,RAIL,2,0.06,21,Brand#42,JUMBO PKG,20,16,1,21471.6096
O,O,N,TAKE BACK RETURN,Manufacturer#5,3-MEDIUM,4,AUTOMOBILE,TRUCK,2,0.05,21,Brand#52,SM PKG,50,45,1,80411.4675
O,O,N,NONE,Manufacturer#5,3-MEDIUM,4,AUTOMOBILE,TRUCK,3,0.08,8,Brand#54,JUMBO PACK,37,14,3,20679.1872
O,O,N,DELIVER IN PERSON,Manufacturer#2,3-MEDIUM,4,AUTOMOBILE,MAIL,4,0.02,18,Brand#24,MED DRUM,1,25,2,40401.0425
O,O,N,TAKE BACK RETURN,Manufacturer#1,3-MEDIUM,4,AUTOMOBILE,TRUCK,1,0.03,12,Brand#15,JUMBO DRUM,28,32,0,49219.632
F,F,A,DELIVER IN PERSON,Manufacturer#1,2-HIGH,3,AUTOMOBILE,SHIP,2,0.08,8,Brand#15,SM BAG,43,27,3,42149.835
O,O,N,TAKE BACK RETURN,Manufacturer#5,3-MEDIUM,3,BUILDING,AIR,4,0.03,18,Brand#55,LG BOX,21,18,2,19665.4392
O,O,N,COLLECT COD,Manufacturer#1,3-MEDIUM,3,BUILDING,SHIP,1,0.07,9,Brand#12,MED JAR,42,38,4,53593.338
O,O,N,COLLECT COD,Manufacturer#4,5-LOW,3,HOUSEHOLD,AIR,1,0.03,18,Brand#45,JUMBO CAN,34,33,2,53352.5916
F,F,A,NONE,Manufacturer#5,1-URGENT,4,BUILDING,MAIL,3,0.04,21,Brand#54,LG PACK,43,37,1,63151.6
O,O,N,TAKE BACK RETURN,Manufacturer#2,5-LOW,4,HOUSEHOLD,MAIL,1,0.08,18,Brand#25,SM BOX,41,40,2,51796
O,O,N,NONE,Manufacturer#4,5-LOW,4,HOUSEHOLD,RAIL,3,0.03,18,Brand#44,WRAP PKG,42,24,2,39691.152
O,O,N,DELIVER IN PERSON,Manufacturer#4,5-LOW,4,HOUSEHOLD,AIR,4,0.06,12,Brand#44,LG DRUM,18,6,0,6759.1098
O,O,N,COLLECT COD,Manufacturer#2,3-MEDIUM,1,AUTOMOBILE,FOB,1,0.02,18,Brand#23,LG BAG,17,14,2,14847.5096
O,O,N,NONE,Manufacturer#2,5-LOW,4,FURNITURE,REG AIR,1,0.04,18,Brand#21,MED PACK,12,45,2,76175.37
O,O,N,DELIVER IN PERSON,Manufacturer#1,2-HIGH,3,BUILDING,AIR,1,0.07,12,Brand#12,JUMBO BAG,31,39,0,71763.1317
F,F,R,DELIVER IN PERSON,Manufacturer#5,3-MEDIUM,4,BUILDING,FOB,1,0.06,18,Brand#51,LG BOX,48,29,2,31523.812
O,O,N,COLLECT COD,Manufacturer#4,2-HIGH,3,AUTOMOBILE,AIR,4,0.07,9,Brand#43,LG PACK,44,49,4,59118.3628
O,O,N,TAKE BACK RETURN,Manufacturer#5,4-NOT SPECIFIED,3,FURNITURE,SHIP,1,0.08,12,Brand#52,LG DRUM,30,32,0,36354.08
O,O,N,NONE,Manufacturer#3,4-NOT SPECIFIED,3,AUTOMOBILE,FOB,3,0.01,12,Brand#35,JUMBO CASE,12,11,0,16958.7825
O,O,N,TAKE BACK RETURN,Manufacturer#2,4-NOT SPECIFIED,3,AUTOMOBILE,MAIL,2,0.03,12,Brand#23,JUMBO BOX,47,3,0,3089.448
O,O,N,COLLECT COD,Manufacturer#3,4-NOT SPECIFIED,3,AUTOMOBILE,TRUCK,1,0.05,8,Brand#33,SM CAN,28,29,3,39907.277
F,F,R,DELIVER IN PERSON,Manufacturer#2,1-URGENT,0,AUTOMOBILE,FOB,1,0.02,21,Brand#24,WRAP CASE,26,4,1,6712.0256
F,F,A,COLLECT COD,Manufacturer#1,1-URGENT,0,AUTOMOBILE,REG AIR,4,0.07,21,Brand#12,JUMBO BOX,20,34,1,52824.1
O,O,N,NONE,Manufacturer#4,4-NOT SPECIFIED,4,FURNITURE,FOB,2,0.03,8,Brand#42,JUMBO BOX,10,4,3,5431.7184
F,F,A,DELIVER IN PERSON,Manufacturer#3,3-MEDIUM,2,AUTOMOBILE,FOB,1,0,12,Brand#34,LG CASE,20,39,0,52784.55
O,O,N,COLLECT COD,Manufacturer#3,1-URGENT,3,FURNITURE,TRUCK,3,0.05,18,Brand#33,LG BAG,49,49,2,86035.2486
O,O,N,COLLECT COD,Manufacturer#2,2-HIGH,3,AUTOMOBILE,AIR,2,0.07,12,Brand#23,JUMBO BAG,35,44,0,42608.9664
F,F,R,TAKE BACK RETURN,Manufacturer#1,1-URGENT,3,BUILDING,RAIL,1,0.06,9,Brand#14,LG CAN,41,7,4,9167.4688
F,P,N,COLLECT COD,Manufacturer#2,1-URGENT,0,MACHINERY,REG AIR,5,0.06,9,Brand#24,WRAP CAN,34,43,4,60408.894
O,P,N,COLLECT COD,Manufacturer#5,1-URGENT,0,MACHINERY,SHIP,2,0,21,Brand#52,MED CASE,20,40,1,36591.192
O,O,N,COLLECT COD,Manufacturer#4,1-URGENT,2,AUTOMOBILE,RAIL,1,0.06,18,Brand#41,SM PACK,24,25,2,33185.155
O,O,N,NONE,Manufacturer#1,1-URGENT,2,AUTOMOBILE,RAIL,3,0.05,21,Brand#12,WRAP PKG,41,26,1,37138.92
F,F,R,TAKE BACK RETURN,Manufacturer#5,1-URGENT,2,AUTOMOBILE,TRUCK,1,0.05,18,Brand#53,MED PKG,47,13,2,20526.3552
F,P,A,TAKE BACK RETURN,Manufacturer#5,1-URGENT,3,MACHINERY,MAIL,2,0.07,18,Brand#51,SM PACK,30,48,2,73331.9136
O,P,N,DELIVER IN PERSON,Manufacturer#3,1-URGENT,3,MACHINERY,RAIL,5,0,18,Brand#33,WRAP JAR,7,33,2,47299.1904
O,O,N,DELIVER IN PERSON,Manufacturer#1,4-NOT SPECIFIED,4,MACHINERY,MAIL,4,0,8,Brand#13,MED CASE,27,2,3,2685.5374
O,O,N,NONE,Manufacturer#5,5-LOW,2,AUTOMOBILE,FOB,5,0.02,12,Brand#55,SM BAG,17,44,0,73386.5968
O,O,N,COLLECT COD,Manufacturer#3,5-LOW,2,AUTOMOBILE,AIR,4,0.03,18,Brand#33,JUMBO JAR,3,45,2,48835.2645
O,O,N,DELIVER IN PERSON,Manufacturer#3,4-NOT SPECIFIED,3,AUTOMOBILE,TRUCK,5,0.07,18,Brand#32,LG JAR,5,39,2,42432.2262
O,O,N,DELIVER IN PERSON,Manufacturer#1,1-URGENT,3,BUILDING,SHIP,1,0.07,12,Brand#13,WRAP PACK,28,18,0,17776.2006
O,O,N,TAKE BACK RETURN,Manufacturer#5,1-URGENT,3,BUILDING,FOB,2,0.04,9,Brand#55,WRAP DRUM,42,36,4,61535.304
F,F,R,COLLECT COD,Manufacturer#3,1-URGENT,4,FURNITURE,RAIL,4,0,9,Brand#35,WRAP BOX,14,47,4,58644.5508
F,F,R,NONE,Manufacturer#2,1-URGENT,0,BUILDING,REG AIR,1,0.08,21,Brand#23,JUMBO PACK,2,27,1,33534.3456
F,F,A,DELIVER IN PERSON,Manufacturer#5,1-URGENT,0,BUILDING,AIR,4,0.05,21,Brand#51,JUMBO BAG,22,35,1,66429.65
F,F,R,COLLECT COD,Manufacturer#3,1-URGENT,0,BUILDING,TRUCK,2,0.07,18,Brand#32,LG JAR,31,44,2,70760.448
O,O,N,COLLECT COD,Manufacturer#4,3-MEDIUM,4,FURNITURE,RAIL,3,0.03,9,Brand#43,MED DRUM,43,3,4,2923.5168
F,F,R,COLLECT COD,Manufacturer#3,1-URGENT,1,BUILDING,SHIP,4,0,21,Brand#35,MED CAN,48,38,1,38286.976
F,F,R,TAKE BACK RETURN,Manufacturer#2,2-HIGH,4,HOUSEHOLD,SHIP,1,0.05,8,Brand#24,LG CAN,35,24,3,22691.988
F,F,A,COLLECT COD,Manufacturer#5,2-HIGH,4,HOUSEHOLD,AIR,3,0.02,18,Brand#53,MED PKG,47,48,2,73421.1936
O,O,N,COLLECT COD,Manufacturer#4,1-URGENT,1,MACHINERY,MAIL,5,0.08,12,Brand#41,JUMBO CAN,48,25,0,40227.3
F,F,R,DELIVER IN PERSON,Manufacturer#5,1-URGENT,0,BUILDING,RAIL,1,0,12,Brand#54,LG JAR,19,50,0,45317.375
F,F,A,TAKE BACK RETURN,Manufacturer#3,2-HIGH,0,MACHINERY,TRUCK,1,0.01,18,Brand#34,JUMBO CAN,5,16,2,18423.6416
F,F,A,DELIVER IN PERSON,Manufacturer#4,2-HIGH,0,MACHINERY,AIR,3,0.03,21,Brand#45,WRAP PKG,29,27,1,29021.247
O,O,N,DELIVER IN PERSON,Manufacturer#4,3-MEDIUM,1,AUTOMOBILE,MAIL,1,0.01,8,Brand#43,JUMBO PACK,14,42,3,36129.5592
O,O,N,NONE,Manufacturer#5,5-LOW,4,BUILDING,MAIL,2,0.06,18,Brand#52,SM DRUM,32,47,2,84009.7552
O,O,N,DELIVER IN PERSON,Manufacturer#2,5-LOW,4,BUILDING,TRUCK,3,0.01,21,Brand#25,JUMBO BOX,36,14,1,17428.453
F,F,A,TAKE BACK RETURN,Manufacturer#3,5-LOW,4,AUTOMOBILE,MAIL,7,0.01,8,Brand#35,SM CAN,39,6,3,6606.5274
F,F,R,COLLECT COD,Manufacturer#4,5-LOW,4,AUTOMOBILE,RAIL,2,0.03,8,Brand#45,WRAP PACK,9,27,3,39388.2912
F,F,R,NONE,Manufacturer#3,5-LOW,3,BUILDING,MAIL,6,0.08,8,Brand#35,JUMBO DRUM,21,22,3,29084.2992
F,F,A,COLLECT COD,Manufacturer#1,4-NOT SPECIFIED,4,BUILDING,FOB,1,0.01,8,Brand#12,JUMBO DRUM,17,16,3,20143.2576
F,F,A,DELIVER IN PERSON,Manufacturer#3,2-HIGH,1,BUILDING,REG AIR,5,0.01,12,Brand#34,SM PKG,27,14,0,22950.6144
O,O,N,TAKE BACK RETURN,Manufacturer#1,1-URGENT,0,BUILDING,AIR,1,0,12,Brand#13,MED BOX,49,7,0,12102.4015
O,O,N,TAKE BACK RETURN,Manufacturer#3,1-URGENT,0,BUILDING,AIR,3,0.04,12,Brand#35,JUMBO CASE,24,11,0,10094.2468
O,O,N,COLLECT COD,Manufacturer#3,1-URGENT,0,BUILDING,FOB,2,0.07,21,Brand#35,MED BOX,24,26,1,32436.0192
O,O,N,DELIVER IN PERSON,Manufacturer#2,1-URGENT,0,BUILDING,FOB,5,0.01,9,Brand#22,MED JAR,8,28,4,30748.6032
F,F,A,DELIVER IN PERSON,Manufacturer#2,4-NOT SPECIFIED,0,FURNITURE,MAIL,2,0.02,21,Brand#23,JUMBO PACK,2,46,1,56549.6032
F,F,A,TAKE BACK RETURN,Manufacturer#1,4-NOT SPECIFIED,0,FURNITURE,FOB,1,0.05,8,Brand#14,LG JAR,9,20,3,33366.354
F,F,R,DELIVER IN PERSON,Manufacturer#2,1-URGENT,2,BUILDING,RAIL,1,0.08,12,Brand#21,LG CASE,29,17,0,23158.233
O,O,N,DELIVER IN PERSON,Manufacturer#1,1-URGENT,1,BUILDING,REG AIR,3,0.05,21,Brand#12,JUMBO DRUM,12,49,1,42942.8454
O,O,N,TAKE BACK RETURN,Manufacturer#5,1-URGENT,1,BUILDING,TRUCK,1,0.07,9,Brand#51,JUMBO BOX,47,2,4,2921.3312
O,O,N,COLLECT COD,Manufacturer#4,3-MEDIUM,1,BUILDING,TRUCK,4,0.03,8,Brand#42,SM JAR,4,32,3,47058.816
O,O,N,DELIVER IN PERSON,Manufacturer#3,3-MEDIUM,1,BUILDING,FOB,6,0.01,18,Brand#34,JUMBO JAR,20,16,2,22136.2416
O,O,N,COLLECT COD,Manufacturer#4,5-LOW,0,FURNITURE,RAIL,1,0.04,21,Brand#42,SM CAN,44,29,1,45538.7232
O,O,N,NONE,Manufacturer#5,5-LOW,0,FURNITURE,TRUCK,6,0.07,8,Brand#53,MED BOX,12,11,3,10856.538
F,F,A,COLLECT COD,Manufacturer#2,1-URGENT,3,FURNITURE,FOB,2,0.07,12,Brand#22,LG BOX,22,17,0,17865.13
F,F,R,TAKE BACK RETURN,Manufacturer#1,1-URGENT,3,FURNITURE,TRUCK,4,0.04,12,Brand#11,MED BOX,25,34,0,38383.11
F,F,R,DELIVER IN PERSON,Manufacturer#4,1-URGENT,3,FURNITURE,SHIP,1,0.03,18,Brand#44,WRAP BAG,3,25,2,39421.8825
F,F,R,TAKE BACK RETURN,Manufacturer#4,5-LOW,2,MACHINERY,REG AIR,1,0.07,18,Brand#41,MED DRUM,17,10,2,16378.999
F,F,R,DELIVER IN PERSON,Manufacturer#2,5-LOW,2,MACHINERY,RAIL,4,0.05,8,Brand#23,LG PKG,2,30,3,42740.202
F,F,A,TAKE BACK RETURN,Manufacturer#1,5-LOW,2,MACHINERY,FOB,2,0.07,12,Brand#14,LG PKG,7,18,0,21656.1618
F,F,R,DELIVER IN PERSON,Manufacturer#5,5-LOW,2,MACHINERY,MAIL,6,0.07,18,Brand#52,SM BAG,9,7,2,11652.1188
F,F,R,DELIVER IN PERSON,Manufacturer#5,2-HIGH,0,BUILDING,FOB,3,0,12,Brand#55,WRAP DRUM,9,4,0,6415.7184
O,O,N,COLLECT COD,Manufacturer#5,2-HIGH,1,HOUSEHOLD,FOB,3,0.04,9,Brand#51,WRAP PKG,1,29,4,35272.845
O,O,N,DELIVER IN PERSON,Manufacturer#3,2-HIGH,1,HOUSEHOLD,RAIL,4,0.02,8,Brand#35,SM CAN,39,12,3,12145.3332
O,O,N,NONE,Manufacturer#3,2-HIGH,1,HOUSEHOLD,FOB,1,0.05,9,Brand#35,SM JAR,39,6,4,5440.8906
F,F,R,NONE,Manufacturer#4,2-HIGH,4,BUILDING,MAIL,2,0.08,8,Brand#41,WRAP DRUM,9,43,3,58492.2292
O,O,N,COLLECT COD,Manufacturer#5,4-NOT SPECIFIED,1,BUILDING,MAIL,2,0.01,18,Brand#53,WRAP CASE,1,23,2,25101.6848
F,F,A,NONE,Manufacturer#3,3-MEDIUM,0,BUILDING,RAIL,7,0.04,12,Brand#34,LG CASE,9,39,0,51652.38
F,F,R,COLLECT COD,Manufacturer#1,3-MEDIUM,0,BUILDING,REG AIR,1,0.08,12,Brand#12,SM DRUM,40,23,0,28922.4609
O,O,N,NONE,Manufacturer#3,5-LOW,2,AUTOMOBILE,RAIL,1,0.02,21,Brand#34,SM CASE,21,4,1,6354.6976
O,O,N,TAKE BACK RETURN,Manufacturer#1,5-LOW,2,AUTOMOBILE,REG AIR,6,0.03,12,Brand#12,LG DRUM,47,49,0,82554.22
O,O,N,NONE,Manufacturer#3,5-LOW,2,AUTOMOBILE,TRUCK,3,0.03,18,Brand#34,WRAP PACK,11,44,2,42347.7472
O,O,N,COLLECT COD,Manufacturer#4,2-HIGH,3,FURNITURE,SHIP,6,0.08,18,Brand#43,WRAP CAN,2,3,2,3506.3574
O,O,N,NONE,Manufacturer#5,2-HIGH,3,FURNITURE,RAIL,7,0.06,21,Brand#52,JUMBO CAN,43,18,1,28728.7848
F,F,R,TAKE BACK RETURN,Manufacturer#2,5-LOW,1,BUILDING,FOB,2,0.05,21,Brand#24,WRAP PKG,14,48,1,84280.8
O,O,N,DELIVER IN PERSON,Manufacturer#2,1-URGENT,3,AUTOMOBILE,REG AIR,1,0.02,8,Brand#23,WRAP BAG,29,41,3,41149.1416
O,O,N,TAKE BACK RETURN,Manufacturer#1,4-NOT SPECIFIED,4,AUTOMOBILE,MAIL,4,0.05,8,Brand#13,LG PKG,19,39,3,37471.6251
F,F,A,DELIVER IN PERSON,Manufacturer#2,2-HIGH,0,MACHINERY,TRUCK,4,0,8,Brand#22,WRAP BAG,2,5,3,4869.811
O,O,N,NONE,Manufacturer#4,4-NOT SPECIFIED,0,MACHINERY,REG AIR,1,0.03,8,Brand#44,LG CASE,37,21,3,19051.0656
O,O,N,DELIVER IN PERSON,Manufacturer#3,1-URGENT,1,FURNITURE,FOB,2,0,9,Brand#35,SM BAG,30,47,4,51196.2117
O,O,N,TAKE BACK RETURN,Manufacturer#1,1-URGENT,1,FURNITURE,TRUCK,6,0.03,9,Brand#13,WRAP BOX,5,21,4,23326.737
O,O,N,NONE,Manufacturer#4,1-URGENT,1,FURNITURE,AIR,1,0.05,8,Brand#44,LG CAN,36,25,3,23470.65
O,O,N,NONE,Manufacturer#2,1-URGENT,1,FURNITURE,RAIL,5,0.01,8,Brand#24,WRAP CASE,26,29,3,47111.2801
F,F,A,DELIVER IN PERSON,Manufacturer#3,3-MEDIUM,4,FURNITURE,SHIP,2,0.01,8,Brand#35,WRAP BOX,14,48,3,58682.3616
F,F,A,COLLECT COD,Manufacturer#5,3-MEDIUM,4,FURNITURE,AIR,1,0.07,9,Brand#51,WRAP JAR,42,32,4,52952
F,F,A,DELIVER IN PERSON,Manufacturer#4,3-MEDIUM,4,FURNITURE,TRUCK,5,0.05,8,Brand#42,SM JAR,49,15,3,16083.3855
F,F,R,TAKE BACK RETURN,Manufacturer#3,4-NOT SPECIFIED,4,AUTOMOBILE,TRUCK,1,0,18,Brand#33,WRAP CASE,17,31,2,43969.5165
F,F,R,DELIVER IN PERSON,Manufacturer#4,4-NOT SPECIFIED,4,AUTOMOBILE,TRUCK,2,0,12,Brand#41,WRAP PKG,26,45,0,52349.0085
F,F,R,DELIVER IN PERSON,Manufacturer#1,4-NOT SPECIFIED,4,AUTOMOBILE,SHIP,5,0.02,9,Brand#13,LG PACK,1,27,4,39308.0688
F,F,R,NONE,Manufacturer#4,2-HIGH,2,BUILDING,RAIL,1,0.01,12,Brand#41,WRAP JAR,2,40,0,72674.84
F,F,R,TAKE BACK RETURN,Manufacturer#1,4-NOT SPECIFIED,2,HOUSEHOLD,MAIL,2,0.03,18,Brand#11,MED BOX,18,16,2,19574.3232
F,F,A,NONE,Manufacturer#5,3-MEDIUM,0,BUILDING,AIR,1,0.03,12,Brand#54,MED PKG,43,32,0,51581.4848
F,F,R,COLLECT COD,Manufacturer#1,3-MEDIUM,0,BUILDING,TRUCK,3,0.02,18,Brand#15,SM CASE,2,40,2,52902.248
F,F,A,NONE,Manufacturer#4,5-LOW,3,MACHINERY,MAIL,6,0.02,9,Brand#42,MED PKG,19,29,4,39891.9708
F,F,A,TAKE BACK RETURN,Manufacturer#4,5-LOW,3,MACHINERY,REG AIR,1,0.07,18,Brand#45,WRAP BAG,8,40,2,67638.264
F,F,A,TAKE BACK RETURN,Manufacturer#5,5-LOW,3,MACHINERY,RAIL,5,0,9,Brand#52,JUMBO CASE,39,16,4,21569.1552
O,O,N,TAKE BACK RETURN,Manufacturer#1,2-HIGH,4,BUILDING,TRUCK,2,0,9,Brand#13,LG PACK,1,47,4,67042.8304
F,F,R,TAKE BACK RETURN,Manufacturer#5,5-LOW,2,FURNITURE,MAIL,1,0.03,8,Brand#52,SM PKG,2,16,3,21911.408
F,F,R,NONE,Manufacturer#2,5-LOW,2,FURNITURE,AIR,4,0.05,18,Brand#22,WRAP BAG,9,45,2,71987.562
F,F,R,NONE,Manufacturer#4,5-LOW,2,FURNITURE,SHIP,2,0,18,Brand#45,SM PACK,3,34,2,54325.2884
O,O,N,DELIVER IN PERSON,Manufacturer#2,1-URGENT,4,FURNITURE,AIR,3,0.03,21,Brand#22,SM CASE,42,50,1,69337.92
F,F,R,COLLECT COD,Manufacturer#4,3-MEDIUM,1,BUILDING,MAIL,2,0.05,12,Brand#42,WRAP DRUM,28,29,0,37624.368
F,F,A,TAKE BACK RETURN,Manufacturer#3,4-NOT SPECIFIED,1,MACHINERY,REG AIR,3,0.05,21,Brand#32,LG DRUM,36,47,1,65145.384
F,F,A,NONE,Manufacturer#5,3-MEDIUM,2,MACHINERY,TRUCK,5,0.05,9,Brand#55,JUMBO DRUM,2,3,4,3661.6239
O,O,N,NONE,Manufacturer#2,2-HIGH,1,MACHINERY,RAIL,1,0.06,12,Brand#25,JUMBO CASE,20,21,0,29483.4666
O,O,N,DELIVER IN PERSON,Manufacturer#1,1-URGENT,2,BUILDING,RAIL,4,0.07,18,Brand#14,SM PKG,40,7,2,10127.8961
F,F,A,COLLECT COD,Manufacturer#3,5-LOW,0,BUILDING,SHIP,5,0,21,Brand#35,WRAP BOX,44,11,1,16178.7428
F,F,A,COLLECT COD,Manufacturer#5,5-LOW,0,BUILDING,TRUCK,2,0.01,18,Brand#52,JUMBO BOX,46,27,2,33613.9902
F,F,R,COLLECT COD,Manufacturer#5,3-MEDIUM,2,HOUSEHOLD,MAIL,4,0.04,9,Brand#55,JUMBO CASE,35,12,4,21369.024
F,F,R,TAKE BACK RETURN,Manufacturer#4,2-HIGH,0,FURNITURE,MAIL,5,0.08,8,Brand#44,WRAP CAN,40,14,3,12620.5632
F,F,R,TAKE BACK RETURN,Manufacturer#3,2-HIGH,0,FURNITURE,MAIL,3,0.02,12,Brand#32,LG PKG,11,1,0,1230.9066
F,F,A,DELIVER IN PERSON,Manufacturer#3,2-HIGH,0,FURNITURE,AIR,2,0.02,9,Brand#35,SM JAR,39,47,4,44911.7242
F,F,A,NONE,Manufacturer#4,1-URGENT,0,HOUSEHOLD,MAIL,5,0,18,Brand#42,SM CASE,16,30,2,30642.345
F,F,A,NONE,Manufacturer#1,1-URGENT,0,HOUSEHOLD,MAIL,1,0.03,21,Brand#13,WRAP PACK,28,5,1,5039.6445
F,F,A,NONE,Manufacturer#5,1-URGENT,0,HOUSEHOLD,SHIP,4,0.03,8,Brand#55,LG BAG,16,4,3,3664.4976
F,F,A,NONE,Manufacturer#3,1-URGENT,0,HOUSEHOLD,FOB,6,0.01,18,Brand#31,WRAP DRUM,29,20,2,26543.616
F,F,R,DELIVER IN PERSON,Manufacturer#1,5-LOW,0,BUILDING,SHIP,1,0.05,21,Brand#12,SM BAG,11,36,1,50273.64
F,F,A,TAKE BACK RETURN,Manufacturer#3,3-MEDIUM,1,BUILDING,MAIL,1,0.07,8,Brand#34,SM BAG,47,48,3,84859.32
O,O,N,TAKE BACK RETURN,Manufacturer#2,1-URGENT,3,HOUSEHOLD,MAIL,2,0.01,18,Brand#21,SM PKG,32,16,2,19716.4096
O,O,N,DELIVER IN PERSON,Manufacturer#1,1-URGENT,3,HOUSEHOLD,REG AIR,5,0.07,18,Brand#12,JUMBO JAR,19,20,2,23091.626
F,F,R,COLLECT COD,Manufacturer#5,4-NOT SPECIFIED,4,AUTOMOBILE,SHIP,3,0.06,9,Brand#52,MED CASE,20,9,4,8316.18
F,F,A,COLLECT COD,Manufacturer#2,4-NOT SPECIFIED,4,AUTOMOBILE,AIR,4,0.05,18,Brand#21,JUMBO CASE,31,23,2,27850.8288
O,O,N,COLLECT COD,Manufacturer#4,3-MEDIUM,0,MACHINERY,TRUCK,1,0.01,21,Brand#43,WRAP DRUM,36,42,1,65253.258
O,O,N,DELIVER IN PERSON,Manufacturer#1,3-MEDIUM,0,MACHINERY,SHIP,3,0.02,18,Brand#14,MED JAR,32,6,2,6753.5298
O,O,N,DELIVER IN PERSON,Manufacturer#3,3-MEDIUM,3,MACHINERY,MAIL,4,0.07,18,Brand#33,JUMBO BAG,46,50,2,42412.92
O,O,N,COLLECT COD,Manufacturer#1,3-MEDIUM,3,MACHINERY,RAIL,2,0.05,18,Brand#11,JUMBO PACK,12,30,2,47678.22
O,O,N,COLLECT COD,Manufacturer#3,4-NOT SPECIFIED,2,MACHINERY,FOB,4,0.05,8,Brand#31,JUMBO BOX,34,29,3,48513.5838
O,O,N,NONE,Manufacturer#3,4-NOT SPECIFIED,2,MACHINERY,REG AIR,5,0.03,9,Brand#35,JUMBO CASE,32,16,4,17796.9792
F,F,R,NONE,Manufacturer#3,1-URGENT,2,AUTOMOBILE,SHIP,5,0.03,9,Brand#35,WRAP BOX,14,27,4,32668.5312
O,O,N,NONE,Manufacturer#2,1-URGENT,2,MACHINERY,TRUCK,1,0.04,18,Brand#23,SM DRUM,49,11,2,19154.8896
F,F,A,DELIVER IN PERSON,Manufacturer#4,2-HIGH,0,FURNITURE,SHIP,1,0.07,21,Brand#44,MED DRUM,43,17,1,23876.3368
F,F,R,NONE,Manufacturer#4,2-HIGH,0,FURNITURE,RAIL,2,0.08,21,Brand#42,WRAP CAN,16,42,1,60930.3366
O,O,N,NONE,Manufacturer#3,5-LOW,4,BUILDING,REG AIR,1,0.04,21,Brand#34,SM CAN,5,32,1,40278.1568
F,F,A,COLLECT COD,Manufacturer#1,5-LOW,2,FURNITURE,FOB,5,0.03,21,Brand#15,MED PACK,22,16,1,19016.9664
F,F,R,NONE,Manufacturer#3,3-MEDIUM,0,HOUSEHOLD,FOB,5,0.03,21,Brand#34,LG DRUM,33,17,1,30898.7019
F,F,R,COLLECT COD,Manufacturer#3,5-LOW,3,BUILDING,AIR,2,0.05,9,Brand#31,MED BOX,25,40,4,58342
F,F,R,DELIVER IN PERSON,Manufacturer#5,3-MEDIUM,0,FURNITURE,SHIP,5,0.05,8,Brand#55,SM PKG,46,17,3,29779.631
F,F,A,DELIVER IN PERSON,Manufacturer#5,3-MEDIUM,0,FURNITURE,FOB,3,0.06,21,Brand#55,SM PACK,36,47,1,68610.5295
F,F,R,TAKE BACK RETURN,Manufacturer#2,1-URGENT,3,AUTOMOBILE,AIR,5,0.04,18,Brand#25,JUMBO BOX,9,6,2,5427.7314
F,F,R,NONE,Manufacturer#1,1-URGENT,3,AUTOMOBILE,REG AIR,4,0.03,8,Brand#11,LG CASE,39,28,3,44970.17
F,F,R,TAKE BACK RETURN,Manufacturer#3,5-LOW,1,FURNITURE,RAIL,1,0.05,18,Brand#33,WRAP DRUM,26,38,2,33210.594
O,O,N,DELIVER IN PERSON,Manufacturer#1,2-HIGH,4,BUILDING,AIR,1,0.02,12,Brand#15,SM PACK,1,21,0,38319.1368
O,O,N,TAKE BACK RETURN,Manufacturer#5,3-MEDIUM,4,FURNITURE,REG AIR,5,0.01,18,Brand#51,JUMBO BOX,39,40,2,72690.816
O,O,N,NONE,Manufacturer#1,3-MEDIUM,4,FURNITURE,FOB,6,0,9,Brand#11,MED BOX,25,41,4,64608.3125
O,O,N,NONE,Manufacturer#2,3-MEDIUM,4,FURNITURE,FOB,3,0.08,12,Brand#25,WRAP PKG,4,16,0,27600.2304
O,O,N,DELIVER IN PERSON,Manufacturer#3,4-NOT SPECIFIED,0,BUILDING,FOB,5,0.04,8,Brand#32,LG PKG,36,8,3,13100.7984
O,O,N,COLLECT COD,Manufacturer#3,4-NOT SPECIFIED,0,BUILDING,REG AIR,1,0.05,21,Brand#35,SM PACK,4,5,1,7219.8225
F,F,A,DELIVER IN PERSON,Manufacturer#1,1-URGENT,3,AUTOMOBILE,TRUCK,1,0,18,Brand#12,JUMBO BAG,43,42,2,48208.986
F,P,A,TAKE BACK RETURN,Manufacturer#2,4-NOT SPECIFIED,1,FURNITURE,TRUCK,2,0.04,18,Brand#23,MED JAR,33,14,2,12197.8752
O,P,N,TAKE BACK RETURN,Manufacturer#5,4-NOT SPECIFIED,1,FURNITURE,REG AIR,3,0.08,9,Brand#51,LG BAG,10,13,4,14966.25
F,F,A,TAKE BACK RETURN,Manufacturer#4,3-MEDIUM,0,FURNITURE,REG AIR,1,0.06,9,Brand#43,JUMBO CAN,2,22,4,37511.6588
O,O,N,COLLECT COD,Manufacturer#1,2-HIGH,4,AUTOMOBILE,FOB,2,0.08,18,Brand#11,JUMBO BOX,48,20,2,25155.57
O,O,N,TAKE BACK RETURN,Manufacturer#2,2-HIGH,4,AUTOMOBILE,SHIP,1,0.02,8,Brand#24,WRAP CASE,26,36,3,56071.2996
F,F,A,NONE,Manufacturer#3,3-MEDIUM,4,MACHINERY,RAIL,1,0.05,21,Brand#34,LG PKG,39,9,1,16121.8944
F,F,R,TAKE BACK RETURN,Manufacturer#5,2-HIGH,2,AUTOMOBILE,FOB,4,0.06,9,Brand#52,WRAP PACK,27,40,4,49358.592
F,F,A,DELIVER IN PERSON,Manufacturer#1,2-HIGH,2,AUTOMOBILE,FOB,7,0.04,8,Brand#14,SM CAN,2,15,3,16246.368
O,O,N,NONE,Manufacturer#5,2-HIGH,0,BUILDING,RAIL,1,0.04,21,Brand#54,WRAP CASE,46,28,1,39124.7948
O,O,N,TAKE BACK RETURN,Manufacturer#1,2-HIGH,0,BUILDING,FOB,2,0.08,12,Brand#12,JUMBO CAN,37,47,0,75225.5163
O,O,N,TAKE BACK RETURN,Manufacturer#1,5-LOW,2,AUTOMOBILE,AIR,1,0.04,9,Brand#14,LG CAN,41,34,4,45495.6992
O,O,N,DELIVER IN PERSON,Manufacturer#2,5-LOW,2,AUTOMOBILE,MAIL,2,0.04,12,Brand#23,MED DRUM,19,10,0,15159.055
F,F,R,DELIVER IN PERSON,Manufacturer#4,1-URGENT,0,HOUSEHOLD,SHIP,2,0.06,21,Brand#45,JUMBO PACK,26,32,1,29916.032
F,F,R,COLLECT COD,Manufacturer#4,1-URGENT,0,HOUSEHOLD,MAIL,3,0.03,12,Brand#42,MED PKG,28,4,0,5247.0424
F,F,A,DELIVER IN PERSON,Manufacturer#2,1-URGENT,0,HOUSEHOLD,SHIP,4,0.08,12,Brand#23,MED DRUM,19,29,0,43035.7593
O,O,N,DELIVER IN PERSON,Manufacturer#1,3-MEDIUM,2,MACHINERY,MAIL,5,0.05,9,Brand#12,JUMBO DRUM,33,44,4,64093.1104
F,F,A,TAKE BACK RETURN,Manufacturer#3,3-MEDIUM,4,AUTOMOBILE,FOB,4,0.04,18,Brand#34,SM BAG,20,39,2,59001.5595
F,F,A,DELIVER IN PERSON,Manufacturer#2,3-MEDIUM,4,AUTOMOBILE,TRUCK,5,0.08,18,Brand#21,LG DRUM,8,42,2,41641.1688
O,O,N,NONE,Manufacturer#4,2-HIGH,0,MACHINERY,RAIL,1,0.02,21,Brand#44,LG DRUM,18,18,1,19841.2578
O,O,N,NONE,Manufacturer#1,5-LOW,1,MACHINERY,SHIP,2,0.08,18,Brand#15,LG DRUM,6,18,2,27348.6402
O,O,N,DELIVER IN PERSON,Manufacturer#4,5-LOW,1,MACHINERY,REG AIR,1,0.02,18,Brand#41,SM CAN,4,32,2,37342.9056
O,O,N,DELIVER IN PERSON,Manufacturer#2,5-LOW,1,MACHINERY,REG AIR,4,0.07,12,Brand#24,SM PACK,30,32,0,32806.9504
O,O,N,TAKE BACK RETURN,Manufacturer#4,3-MEDIUM,4,HOUSEHOLD,TRUCK,6,0.03,12,Brand#41,WRAP PKG,26,47,0,53548.2985
O,O,N,TAKE BACK RETURN,Manufacturer#5,3-MEDIUM,4,HOUSEHOLD,REG AIR,1,0.01,18,Brand#54,LG CAN,49,36,2,34829.1216
O,O,N,NONE,Manufacturer#3,2-HIGH,1,MACHINERY,AIR,1,0.05,9,Brand#33,LG DRUM,2,23,4,38458.4242
O,O,N,NONE,Manufacturer#1,2-HIGH,1,MACHINERY,AIR,5,0.06,12,Brand#11,WRAP JAR,20,27,0,45997.5186
O,O,N,DELIVER IN PERSON,Manufacturer#2,2-HIGH,1,MACHINERY,FOB,4,0.05,8,Brand#25,JUMBO CAN,19,15,3,25575.501
O,O,N,NONE,Manufacturer#1,2-HIGH,2,AUTOMOBILE,SHIP,1,0.01,9,Brand#11,WRAP BAG,38,14,4,22989.2544
O,O,N,NONE,Manufacturer#4,2-HIGH,2,AUTOMOBILE,RAIL,7,0.03,21,Brand#42,WRAP CAN,16,46,1,68797.14
F,F,R,DELIVER IN PERSON,Manufacturer#2,1-URGENT,0,BUILDING,SHIP,3,0,9,Brand#24,WRAP CAN,46,23,4,23083.4463
F,F,R,COLLECT COD,Manufacturer#1,1-URGENT,0,BUILDING,AIR,2,0.05,8,Brand#11,MED BOX,33,9,3,7936.6014
F,F,A,DELIVER IN PERSON,Manufacturer#4,1-URGENT,0,MACHINERY,AIR,2,0.07,12,Brand#42,JUMBO CASE,6,2,0,3157.8894
F,F,R,TAKE BACK RETURN,Manufacturer#3,2-HIGH,2,FURNITURE,TRUCK,3,0.05,18,Brand#33,JUMBO CAN,14,44,2,79240.9728
F,F,R,NONE,Manufacturer#2,2-HIGH,2,FURNITURE,FOB,4,0,21,Brand#24,MED DRUM,50,24,1,37624.6656
F,F,A,TAKE BACK RETURN,Manufacturer#4,5-LOW,4,MACHINERY,REG AIR,3,0.05,21,Brand#45,MED CAN,4,27,1,45683.271
F,F,A,DELIVER IN PERSON,Manufacturer#1,5-LOW,4,MACHINERY,REG AIR,2,0.08,8,Brand#14,JUMBO PACK,7,9,3,11486.412
O,O,N,NONE,Manufacturer#5,5-LOW,4,HOUSEHOLD,FOB,1,0.03,21,Brand#54,SM BAG,1,29,1,50048.78
O,O,N,TAKE BACK RETURN,Manufacturer#5,2-HIGH,1,HOUSEHOLD,TRUCK,4,0.06,8,Brand#51,MED DRUM,9,25,3,29607
O,O,N,COLLECT COD,Manufacturer#4,4-NOT SPECIFIED,1,AUTOMOBILE,RAIL,1,0.05,9,Brand#45,JUMBO PACK,14,25,4,22255.44
F,F,R,DELIVER IN PERSON,Manufacturer#1,4-NOT SPECIFIED,0,BUILDING,FOB,3,0.01,12,Brand#12,JUMBO PKG,35,37,0,50092.4648
F,F,R,NONE,Manufacturer#4,4-NOT SPECIFIED,0,BUILDING,REG AIR,1,0,21,Brand#43,MED JAR,13,49,1,82311.2829
F,F,A,COLLECT COD,Manufacturer#3,4-NOT SPECIFIED,1,AUTOMOBILE,TRUCK,2,0.08,9,Brand#31,SM BAG,28,8,4,14160.0096
F,F,R,DELIVER IN PERSON,Manufacturer#5,4-NOT SPECIFIED,1,AUTOMOBILE,REG AIR,3,0.07,8,Brand#51,LG CAN,10,16,3,18696.816
F,F,A,NONE,Manufacturer#5,4-NOT SPECIFIED,4,FURNITURE,FOB,5,0.07,21,Brand#52,JUMBO PKG,17,37,1,46261.248
O,O,N,DELIVER IN PERSON,Manufacturer#3,2-HIGH,0,BUILDING,SHIP,3,0.05,9,Brand#34,LG JAR,10,41,4,63700.7816
O,O,N,COLLECT COD,Manufacturer#5,2-HIGH,0,BUILDING,RAIL,1,0.06,12,Brand#51,WRAP BAG,19,11,0,15408.9144
F,F,A,COLLECT COD,Manufacturer#2,1-URGENT,3,HOUSEHOLD,MAIL,6,0.04,9,Brand#24,WRAP CAN,34,50,4,74774.7
F,F,R,DELIVER IN PERSON,Manufacturer#2,1-URGENT,3,HOUSEHOLD,REG AIR,1,0.08,18,Brand#25,JUMBO DRUM,6,36,2,62475.9408
F,F,R,COLLECT COD,Manufacturer#4,1-URGENT,1,MACHINERY,RAIL,5,0.06,9,Brand#45,SM BOX,39,48,4,54352.7712
O,O,N,DELIVER IN PERSON,Manufacturer#5,2-HIGH,3,AUTOMOBILE,AIR,1,0.03,21,Brand#51,WRAP JAR,49,17,1,23756.1961
O,O,N,COLLECT COD,Manufacturer#5,2-HIGH,4,MACHINERY,FOB,2,0.04,18,Brand#54,LG CAN,49,35,2,33489.54
F,F,R,NONE,Manufacturer#5,4-NOT SPECIFIED,0,BUILDING,SHIP,1,0.01,9,Brand#53,WRAP DRUM,46,46,4,57670.0344
O,O,N,NONE,Manufacturer#4,4-NOT SPECIFIED,0,HOUSEHOLD,REG AIR,5,0.02,21,Brand#44,WRAP BAG,38,2,1,3299.4962
F,F,R,TAKE BACK RETURN,Manufacturer#1,4-NOT SPECIFIED,4,BUILDING,AIR,2,0,18,Brand#12,SM DRUM,40,21,2,26951.9481
O,O,N,COLLECT COD,Manufacturer#5,5-LOW,0,FURNITURE,RAIL,3,0.06,9,Brand#55,WRAP DRUM,42,46,4,81192.415
O,O,N,NONE,Manufacturer#4,5-LOW,3,HOUSEHOLD,FOB,2,0.02,8,Brand#43,WRAP CASE,12,38,3,31087.8
O,O,N,DELIVER IN PERSON,Manufacturer#5,5-LOW,3,HOUSEHOLD,AIR,1,0.03,18,Brand#52,WRAP PACK,43,31,2,40001.0484
O,O,N,COLLECT COD,Manufacturer#1,5-LOW,3,HOUSEHOLD,REG AIR,3,0.08,21,Brand#13,JUMBO PACK,39,41,1,51508.259
F,F,A,NONE,Manufacturer#5,2-HIGH,0,HOUSEHOLD,RAIL,5,0.01,18,Brand#53,MED JAR,12,3,2,4340.5269
O,O,N,TAKE BACK RETURN,Manufacturer#3,2-HIGH,1,BUILDING,SHIP,1,0.05,21,Brand#34,MED JAR,48,35,1,52201.772
O,O,N,TAKE BACK RETURN,Manufacturer#3,1-URGENT,2,AUTOMOBILE,FOB,4,0.05,9,Brand#34,SM PACK,48,43,4,48070.6976
O,O,N,TAKE BACK RETURN,Manufacturer#4,2-HIGH,0,MACHINERY,FOB,3,0.06,18,Brand#43,MED PACK,37,44,2,72432.294
O,O,N,NONE,Manufacturer#4,5-LOW,3,MACHINERY,TRUCK,7,0.04,9,Brand#45,MED BOX,34,43,4,52026.5514
F,F,A,DELIVER IN PERSON,Manufacturer#1,5-LOW,0,FURNITURE,AIR,3,0.03,21,Brand#12,LG CASE,17,9,1,9272.1888
O,O,N,NONE,Manufacturer#1,5-LOW,0,BUILDING,FOB,2,0.07,8,Brand#13,SM BOX,18,31,3,54315.1434
F,F,A,DELIVER IN PERSON,Manufacturer#2,2-HIGH,4,FURNITURE,TRUCK,3,0.05,9,Brand#23,SM CASE,31,7,4,7818.8824
F,F,A,COLLECT COD,Manufacturer#5,1-URGENT,4,BUILDING,TRUCK,1,0.04,21,Brand#53,WRAP CAN,49,7,1,12258.1998
F,F,A,COLLECT COD,Manufacturer#5,4-NOT SPECIFIED,3,BUILDING,TRUCK,5,0.03,18,Brand#53,SM BAG,24,33,2,31730.4504
O,O,N,DELIVER IN PERSON,Manufacturer#5,3-MEDIUM,3,BUILDING,AIR,2,0.01,12,Brand#52,WRAP PACK,36,18,0,26542.26
O,O,N,COLLECT COD,Manufacturer#1,3-MEDIUM,3,BUILDING,FOB,4,0.01,12,Brand#14,LG BAG,25,7,0,6478.9907
O,O,N,DELIVER IN PERSON,Manufacturer#1,3-MEDIUM,3,BUILDING,MAIL,1,0.08,18,Brand#12,WRAP DRUM,20,10,2,8986.87
F,F,A,NONE,Manufacturer#2,2-HIGH,0,MACHINERY,AIR,5,0.03,12,Brand#22,SM BAG,5,44,0,42070.6704
F,F,A,NONE,Manufacturer#5,2-HIGH,0,MACHINERY,AIR,3,0.01,9,Brand#52,SM BOX,2,36,4,31397.544
O,O,N,NONE,Manufacturer#2,2-HIGH,3,AUTOMOBILE,TRUCK,2,0,9,Brand#23,MED PKG,17,3,4,3985.26
F,F,A,DELIVER IN PERSON,Manufacturer#5,5-LOW,1,BUILDING,RAIL,1,0,18,Brand#53,MED PKG,47,19,2,30000.0576
F,F,R,DELIVER IN PERSON,Manufacturer#5,5-LOW,1,BUILDING,MAIL,6,0.01,9,Brand#52,MED JAR,48,16,4,28431.0576
O,O,N,NONE,Manufacturer#4,4-NOT SPECIFIED,2,HOUSEHOLD,REG AIR,1,0.06,12,Brand#42,JUMBO JAR,46,37,0,46826.6931
O,O,N,NONE,Manufacturer#5,4-NOT SPECIFIED,2,HOUSEHOLD,MAIL,6,0,18,Brand#53,MED BOX,2,43,2,74307.4787
O,O,N,DELIVER IN PERSON,Manufacturer#5,4-NOT SPECIFIED,2,HOUSEHOLD,RAIL,4,0.01,21,Brand#52,JUMBO CAN,43,6,1,9576.2616
O,O,N,NONE,Manufacturer#1,3-MEDIUM,3,MACHINERY,AIR,5,0.02,9,Brand#15,WRAP PACK,34,4,4,5585.94
O,O,N,COLLECT COD,Manufacturer#2,3-MEDIUM,3,MACHINERY,REG AIR,2,0.02,18,Brand#21,MED PACK,12,48,2,83819.6352
O,O,N,TAKE BACK RETURN,Manufacturer#3,5-LOW,4,HOUSEHOLD,TRUCK,1,0,18,Brand#33,SM BOX,32,49,2,83039.9031
O,O,N,COLLECT COD,Manufacturer#4,3-MEDIUM,4,AUTOMOBILE,SHIP,2,0.01,8,Brand#43,LG PKG,15,24,3,27034.1328
F,F,R,NONE,Manufacturer#2,2-HIGH,4,AUTOMOBILE,AIR,1,0.04,21,Brand#22,SM PACK,4,28,1,37387.8232
O,O,N,DELIVER IN PERSON,Manufacturer#5,1-URGENT,0,AUTOMOBILE,FOB,1,0.02,18,Brand#51,WRAP BAG,2,29,2,41578.0308
O,O,N,TAKE BACK RETURN,Manufacturer#4,1-URGENT,2,FURNITURE,FOB,2,0.07,8,Brand#43,SM BAG,46,44,3,41942.34
O,O,N,NONE,Manufacturer#3,1-URGENT,2,FURNITURE,MAIL,3,0,8,Brand#33,MED DRUM,29,44,3,51548.6224
F,F,R,COLLECT COD,Manufacturer#3,4-NOT SPECIFIED,3,AUTOMOBILE,MAIL,2,0.05,18,Brand#34,WRAP PKG,27,34,2,41928.222
F,F,R,DELIVER IN PERSON,Manufacturer#4,4-NOT SPECIFIED,3,AUTOMOBILE,SHIP,1,0.07,21,Brand#41,SM CAN,26,19,1,28015.196
F,F,R,NONE,Manufacturer#4,4-NOT SPECIFIED,4,HOUSEHOLD,MAIL,1,0.05,18,Brand#44,MED DRUM,45,9,2,15286.374
F,F,A,DELIVER IN PERSON,Manufacturer#1,5-LOW,0,FURNITURE,TRUCK,1,0.02,8,Brand#11,SM CAN,45,35,3,55183.45
F,F,R,DELIVER IN PERSON,Manufacturer#4,5-LOW,0,FURNITURE,TRUCK,2,0.06,18,Brand#43,JUMBO PACK,25,17,2,23738.8833
F,F,R,COLLECT COD,Manufacturer#3,1-URGENT,4,BUILDING,REG AIR,2,0.06,9,Brand#33,SM PACK,41,13,4,21476.8372
O,O,N,NONE,Manufacturer#3,5-LOW,3,BUILDING,REG AIR,6,0.07,18,Brand#32,WRAP BOX,21,3,2,3982.26
O,O,N,NONE,Manufacturer#5,5-LOW,3,BUILDING,RAIL,4,0,18,Brand#52,WRAP CASE,32,3,2,3329.388
O,O,N,NONE,Manufacturer#5,5-LOW,3,BUILDING,AIR,2,0.03,18,Brand#53,LG PACK,46,33,2,31533.7638
F,F,A,NONE,Manufacturer#4,5-LOW,0,HOUSEHOLD,AIR,1,0.06,12,Brand#42,WRAP JAR,32,6,0,7842.69
F,F,A,TAKE BACK RETURN,Manufacturer#2,5-LOW,3,FURNITURE,REG AIR,6,0.02,18,Brand#23,LG DRUM,26,1,2,1721.0742
O,O,N,COLLECT COD,Manufacturer#3,1-URGENT,3,BUILDING,REG AIR,7,0.04,18,Brand#32,LG JAR,31,31,2,50407.8848
F,F,A,COLLECT COD,Manufacturer#1,4-NOT SPECIFIED,3,BUILDING,REG AIR,4,0.05,18,Brand#12,SM PACK,36,11,2,20438.7722
F,F,R,COLLECT COD,Manufacturer#1,4-NOT SPECIFIED,3,BUILDING,RAIL,1,0.03,18,Brand#15,JUMBO JAR,49,50,2,91126.53
F,F,A,DELIVER IN PERSON,Manufacturer#1,4-NOT SPECIFIED,1,AUTOMOBILE,MAIL,1,0.02,18,Brand#13,JUMBO CASE,18,40,2,35956.176
F,F,R,NONE,Manufacturer#5,4-NOT SPECIFIED,1,AUTOMOBILE,MAIL,2,0,8,Brand#54,SM BOX,2,25,3,41357.4525
O,O,N,COLLECT COD,Manufacturer#3,3-MEDIUM,2,AUTOMOBILE,FOB,3,0.02,18,Brand#34,JUMBO CASE,19,47,2,80320.4385
F,F,R,TAKE BACK RETURN,Manufacturer#1,4-NOT SPECIFIED,1,BUILDING,TRUCK,4,0.03,9,Brand#14,SM JAR,20,35,4,61013.4525
F,F,A,TAKE BACK RETURN,Manufacturer#3,4-NOT SPECIFIED,1,BUILDING,TRUCK,1,0.05,18,Brand#35,WRAP CAN,14,26,2,27496.287
O,O,N,NONE,Manufacturer#4,5-LOW,1,BUILDING,MAIL,7,0.06,21,Brand#42,MED CAN,24,42,1,72923.4576
O,O,N,DELIVER IN PERSON,Manufacturer#1,5-LOW,1,BUILDING,REG AIR,1,0.07,18,Brand#12,LG PKG,1,34,2,36284.2662
O,O,N,DELIVER IN PERSON,Manufacturer#5,2-HIGH,0,BUILDING,SHIP,4,0.07,8,Brand#53,LG BAG,2,23,3,21837.5685
O,O,N,COLLECT COD,Manufacturer#2,2-HIGH,0,BUILDING,SHIP,5,0.07,8,Brand#22,LG BOX,3,17,3,26837.424
O,O,N,DELIVER IN PERSON,Manufacturer#1,2-HIGH,0,BUILDING,TRUCK,1,0.07,8,Brand#14,LG PACK,44,42,3,65724.6744
O,O,N,NONE,Manufacturer#3,2-HIGH,0,BUILDING,RAIL,2,0.06,9,Brand#35,WRAP BOX,14,2,4,2268.648
O,O,N,NONE,Manufacturer#5,2-HIGH,0,MACHINERY,FOB,1,0.02,9,Brand#55,JUMBO DRUM,2,19,4,24187.7163
O,O,N,TAKE BACK RETURN,Manufacturer#4,2-HIGH,4,BUILDING,SHIP,1,0.02,18,Brand#43,JUMBO PKG,13,19,2,18002.1105
O,O,N,NONE,Manufacturer#3,3-MEDIUM,4,FURNITURE,RAIL,7,0,21,Brand#34,LG DRUM,33,2,1,3524.9856
O,O,N,COLLECT COD,Manufacturer#3,3-MEDIUM,4,FURNITURE,SHIP,3,0.04,8,Brand#34,SM CAN,5,26,3,32058.1248
O,O,N,COLLECT COD,Manufacturer#4,3-MEDIUM,4,FURNITURE,AIR,1,0.06,8,Brand#42,WRAP DRUM,28,36,3,44760.024
O,O,N,DELIVER IN PERSON,Manufacturer#3,3-MEDIUM,4,MACHINERY,MAIL,6,0.02,21,Brand#32,MED PKG,5,22,1,23989.7658
O,O,N,COLLECT COD,Manufacturer#3,3-MEDIUM,4,MACHINERY,SHIP,1,0.01,21,Brand#34,SM CASE,21,28,1,44966.3928
O,O,N,COLLECT COD,Manufacturer#5,3-MEDIUM,4,MACHINERY,MAIL,2,0.07,8,Brand#53,MED BOX,12,46,3,44473.536
F,F,A,DELIVER IN PERSON,Manufacturer#3,1-URGENT,1,BUILDING,RAIL,4,0.07,21,Brand#32,LG PKG,14,26,1,33499.7208
O,O,N,COLLECT COD,Manufacturer#4,1-URGENT,4,MACHINERY,AIR,1,0.03,9,Brand#41,JUMBO DRUM,31,5,4,8053.91
O,O,N,COLLECT COD,Manufacturer#3,1-URGENT,4,MACHINERY,SHIP,2,0.04,18,Brand#31,SM BOX,6,1,2,1468.56
O,O,N,NONE,Manufacturer#2,1-URGENT,4,BUILDING,FOB,3,0.02,12,Brand#21,SM BOX,11,45,0,52551.504
O,O,N,NONE,Manufacturer#2,2-HIGH,3,AUTOMOBILE,FOB,2,0.03,8,Brand#25,LG CASE,39,50,3,54659.15
O,O,N,NONE,Manufacturer#4,1-URGENT,2,FURNITURE,REG AIR,1,0.03,18,Brand#43,JUMBO PACK,14,5,2,4488.144
O,O,N,COLLECT COD,Manufacturer#3,1-URGENT,2,FURNITURE,REG AIR,3,0.07,8,Brand#34,SM PACK,25,45,3,45895.815
O,O,N,DELIVER IN PERSON,Manufacturer#3,1-URGENT,2,FURNITURE,SHIP,5,0.04,9,Brand#33,SM BOX,32,8,4,12735.8664
O,O,N,TAKE BACK RETURN,Manufacturer#5,1-URGENT,2,FURNITURE,TRUCK,4,0.07,21,Brand#53,WRAP CASE,1,33,1,38755.7676
F,F,A,NONE,Manufacturer#3,2-HIGH,3,FURNITURE,FOB,2,0.02,12,Brand#35,LG PKG,6,3,0,4282.257
F,F,A,COLLECT COD,Manufacturer#3,2-HIGH,3,FURNITURE,RAIL,5,0.03,21,Brand#33,SM CAN,23,30,1,54066.345
O,O,N,NONE,Manufacturer#2,4-NOT SPECIFIED,3,HOUSEHOLD,TRUCK,2,0.05,8,Brand#25,MED CAN,25,14,3,12172.1152
O,O,N,DELIVER IN PERSON,Manufacturer#1,4-NOT SPECIFIED,3,HOUSEHOLD,FOB,3,0.04,21,Brand#13,MED JAR,38,21,1,29368.29
F,F,R,COLLECT COD,Manufacturer#3,2-HIGH,3,HOUSEHOLD,AIR,1,0.04,9,Brand#34,JUMBO CAN,36,11,4,12946.8339
O,O,N,NONE,Manufacturer#5,1-URGENT,4,AUTOMOBILE,FOB,2,0.05,8,Brand#51,WRAP CAN,50,19,3,29659.8892
O,O,N,TAKE BACK RETURN,Manufacturer#5,3-MEDIUM,0,AUTOMOBILE,RAIL,3,0.05,12,Brand#54,MED JAR,2,46,0,81024.8922
F,F,A,TAKE BACK RETURN,Manufacturer#3,4-NOT SPECIFIED,3,AUTOMOBILE,RAIL,3,0.05,21,Brand#35,JUMBO PKG,38,23,1,29291.3257
F,F,A,COLLECT COD,Manufacturer#2,4-NOT SPECIFIED,3,AUTOMOBILE,FOB,1,0.07,12,Brand#24,MED PACK,50,30,0,49642.5
F,F,A,DELIVER IN PERSON,Manufacturer#5,4-NOT SPECIFIED,3,AUTOMOBILE,FOB,2,0.01,9,Brand#54,MED CAN,9,44,4,46443.5224
F,F,A,DELIVER IN PERSON,Manufacturer#1,2-HIGH,4,BUILDING,AIR,6,0.02,8,Brand#15,LG JAR,2,48,3,67074.9552
O,O,N,DELIVER IN PERSON,Manufacturer#3,4-NOT SPECIFIED,3,BUILDING,MAIL,4,0.08,12,Brand#31,SM DRUM,17,28,0,27778.212
O,O,N,COLLECT COD,Manufacturer#5,5-LOW,1,MACHINERY,MAIL,1,0.05,18,Brand#52,MED BOX,22,32,2,45237.3504
O,O,N,COLLECT COD,Manufacturer#2,5-LOW,3,FURNITURE,SHIP,2,0.08,8,Brand#23,SM PACK,14,8,3,9622.1888
O,O,N,NONE,Manufacturer#1,5-LOW,3,FURNITURE,RAIL,1,0.05,9,Brand#13,WRAP CASE,24,5,4,4591.405
F,P,N,NONE,Manufacturer#5,2-HIGH,4,FURNITURE,FOB,3,0.06,9,Brand#52,SM BOX,9,11,4,15053.4912
O,P,N,DELIVER IN PERSON,Manufacturer#3,2-HIGH,4,FURNITURE,FOB,5,0.02,9,Brand#31,MED PACK,38,5,4,6955.38
O,P,N,NONE,Manufacturer#4,2-HIGH,4,FURNITURE,SHIP,4,0.07,8,Brand#42,SM JAR,49,45,3,48250.1565
O,O,N,NONE,Manufacturer#1,5-LOW,4,BUILDING,FOB,3,0.01,8,Brand#12,MED DRUM,2,47,3,60034.3737
O,O,N,DELIVER IN PERSON,Manufacturer#3,5-LOW,4,BUILDING,AIR,1,0.03,9,Brand#35,SM JAR,3,22,4,32565.9774
F,F,A,NONE,Manufacturer#4,1-URGENT,3,BUILDING,SHIP,1,0.01,21,Brand#43,LG PKG,2,43,1,44506.161
O,O,N,NONE,Manufacturer#2,3-MEDIUM,1,HOUSEHOLD,SHIP,4,0.03,21,Brand#24,JUMBO PACK,48,2,1,2652.8724
O,O,N,TAKE BACK RETURN,Manufacturer#4,3-MEDIUM,1,HOUSEHOLD,MAIL,3,0.08,8,Brand#45,JUMBO CASE,7,48,3,53715.312
F,F,R,DELIVER IN PERSON,Manufacturer#3,2-HIGH,0,BUILDING,AIR,1,0,21,Brand#35,LG JAR,38,31,1,43983.6246
F,F,R,COLLECT COD,Manufacturer#5,2-HIGH,2,HOUSEHOLD,SHIP,1,0.04,9,Brand#54,SM CASE,6,4,4,5196.348
F,F,A,TAKE BACK RETURN,Manufacturer#4,2-HIGH,2,HOUSEHOLD,AIR,3,0.08,9,Brand#41,JUMBO DRUM,31,6,4,9454.59
O,O,N,NONE,Manufacturer#2,1-URGENT,3,HOUSEHOLD,MAIL,2,0.05,12,Brand#23,SM CASE,31,28,0,30610.0928
O,O,N,TAKE BACK RETURN,Manufacturer#2,2-HIGH,3,MACHINERY,SHIP,1,0.07,9,Brand#24,LG PKG,42,9,4,12410.7525
O,O,N,COLLECT COD,Manufacturer#5,2-HIGH,3,MACHINERY,SHIP,3,0,21,Brand#51,WRAP CASE,1,45,1,62622.054
O,O,N,NONE,Manufacturer#3,2-HIGH,2,BUILDING,SHIP,4,0.01,8,Brand#32,LG PKG,21,30,3,39229.395
O,O,N,COLLECT COD,Manufacturer#3,2-HIGH,2,BUILDING,REG AIR,1,0.07,12,Brand#31,MED DRUM,25,17,0,18074.6244
O,O,N,TAKE BACK RETURN,Manufacturer#4,2-HIGH,2,BUILDING,TRUCK,2,0.08,18,Brand#44,WRAP PKG,42,37,2,64411.08
F,F,A,DELIVER IN PERSON,Manufacturer#4,4-NOT SPECIFIED,1,FURNITURE,AIR,2,0.03,12,Brand#41,JUMBO CAN,48,43,0,74572.4748
F,F,R,TAKE BACK RETURN,Manufacturer#1,4-NOT SPECIFIED,1,FURNITURE,MAIL,1,0.03,18,Brand#11,JUMBO BOX,38,16,2,21752.784
O,O,N,TAKE BACK RETURN,Manufacturer#5,4-NOT SPECIFIED,1,MACHINERY,AIR,3,0.05,9,Brand#52,SM PACK,34,47,4,67516.2144
O,O,N,DELIVER IN PERSON,Manufacturer#1,4-NOT SPECIFIED,1,MACHINERY,REG AIR,5,0.01,21,Brand#13,MED JAR,38,16,1,21704.5648
O,O,N,COLLECT COD,Manufacturer#1,4-NOT SPECIFIED,1,MACHINERY,MAIL,1,0.08,9,Brand#12,SM JAR,23,44,4,65827.8544
O,O,N,DELIVER IN PERSON,Manufacturer#3,4-NOT SPECIFIED,3,HOUSEHOLD,MAIL,2,0.08,21,Brand#32,WRAP CASE,20,26,1,39194.428
F,F,A,DELIVER IN PERSON,Manufacturer#1,2-HIGH,2,AUTOMOBILE,MAIL,1,0.02,18,Brand#15,SM CASE,2,22,2,29996.12
F,F,A,NONE,Manufacturer#4,5-LOW,3,BUILDING,MAIL,2,0.03,8,Brand#43,SM BAG,46,10,3,9638.265
F,F,R,DELIVER IN PERSON,Manufacturer#4,2-HIGH,4,HOUSEHOLD,MAIL,1,0,21,Brand#42,SM CAN,44,50,1,80150.77
F,F,A,COLLECT COD,Manufacturer#3,5-LOW,3,FURNITURE,TRUCK,1,0.01,8,Brand#32,LG BOX,44,34,3,49917.5454
O,O,N,DELIVER IN PERSON,Manufacturer#1,4-NOT SPECIFIED,3,HOUSEHOLD,AIR,1,0.02,9,Brand#15,JUMBO CASE,3,40,4,43945.72
F,F,A,COLLECT COD,Manufacturer#5,4-NOT SPECIFIED,3,HOUSEHOLD,REG AIR,2,0.07,9,Brand#51,SM JAR,9,7,4,8463.7476
F,F,A,COLLECT COD,Manufacturer#1,4-NOT SPECIFIED,3,HOUSEHOLD,RAIL,3,0.01,18,Brand#14,LG PACK,45,26,2,33592.0468
F,F,R,COLLECT COD,Manufacturer#5,2-HIGH,4,MACHINERY,AIR,5,0.08,18,Brand#54,JUMBO PKG,6,43,2,62848.1808
F,F,R,TAKE BACK RETURN,Manufacturer#3,2-HIGH,4,MACHINERY,FOB,3,0.01,9,Brand#31,SM BAG,28,10,4,17511.714
F,F,A,DELIVER IN PERSON,Manufacturer#1,2-HIGH,4,MACHINERY,SHIP,1,0.07,8,Brand#15,LG CASE,41,15,3,26327.1195
F,F,A,NONE,Manufacturer#5,2-HIGH,4,MACHINERY,MAIL,6,0.01,21,Brand#51,SM CAN,15,40,1,62589.072
F,F,A,NONE,Manufacturer#1,2-HIGH,4,MACHINERY,SHIP,2,0.07,18,Brand#15,MED PKG,35,12,2,19354.5264
O,O,N,NONE,Manufacturer#1,1-URGENT,1,HOUSEHOLD,AIR,1,0.06,8,Brand#13,MED CASE,27,1,3,1416.5472
F,F,R,NONE,Manufacturer#3,5-LOW,1,AUTOMOBILE,REG AIR,3,0.05,18,Brand#31,WRAP BAG,5,15,2,27478.95
O,O,N,TAKE BACK RETURN,Manufacturer#5,5-LOW,1,HOUSEHOLD,MAIL,5,0,8,Brand#54,MED JAR,13,37,3,55223.388
O,O,N,NONE,Manufacturer#5,5-LOW,1,HOUSEHOLD,SHIP,4,0.04,21,Brand#52,JUMBO PKG,17,19,1,24498.144
F,P,N,TAKE BACK RETURN,Manufacturer#2,3-MEDIUM,2,MACHINERY,FOB,6,0.07,21,Brand#25,LG DRUM,25,45,1,40420.773
F,P,A,TAKE BACK RETURN,Manufacturer#1,3-MEDIUM,2,MACHINERY,RAIL,3,0.08,21,Brand#13,SM CASE,49,48,1,52425.12
O,O,N,DELIVER IN PERSON,Manufacturer#3,1-URGENT,4,AUTOMOBILE,SHIP,4,0.08,18,Brand#34,WRAP CASE,23,6,2,7183.5804
O,O,N,DELIVER IN PERSON,Manufacturer#2,1-URGENT,4,AUTOMOBILE,AIR,1,0.05,9,Brand#23,MED PKG,17,25,4,32878.395
O,O,N,COLLECT COD,Manufacturer#3,1-URGENT,4,AUTOMOBILE,REG AIR,2,0.01,18,Brand#35,WRAP PACK,7,42,2,67532.8584
O,O,N,COLLECT COD,Manufacturer#5,3-MEDIUM,4,FURNITURE,REG AIR,4,0.04,21,Brand#53,LG CASE,2,12,1,20507.4324
F,F,A,COLLECT COD,Manufacturer#2,2-HIGH,0,BUILDING,REG AIR,3,0.05,9,Brand#25,JUMBO PKG,39,4,4,6684.5416
F,F,R,TAKE BACK RETURN,Manufacturer#3,2-HIGH,0,BUILDING,REG AIR,2,0.06,18,Brand#31,WRAP JAR,4,21,2,33110.8092
O,O,N,TAKE BACK RETURN,Manufacturer#4,2-HIGH,0,AUTOMOBILE,FOB,2,0.05,12,Brand#41,JUMBO PACK,44,14,0,16095.0636
O,O,N,DELIVER IN PERSON,Manufacturer#3,2-HIGH,0,AUTOMOBILE,SHIP,1,0.06,8,Brand#33,JUMBO PACK,35,4,3,4121.1808
O,O,N,COLLECT COD,Manufacturer#1,2-HIGH,0,AUTOMOBILE,SHIP,3,0.04,9,Brand#12,JUMBO JAR,19,28,4,33328.12
F,F,R,COLLECT COD,Manufacturer#3,3-MEDIUM,3,MACHINERY,AIR,1,0.05,8,Brand#32,LG PKG,36,13,3,22204.4446
F,F,A,COLLECT COD,Manufacturer#2,3-MEDIUM,1,FURNITURE,SHIP,2,0.01,9,Brand#24,MED PKG,6,45,4,45322.848
F,F,R,TAKE BACK RETURN,Manufacturer#1,3-MEDIUM,1,FURNITURE,REG AIR,1,0.03,18,Brand#15,LG CASE,45,1,2,869.2595
F,F,R,NONE,Manufacturer#5,5-LOW,0,MACHINERY,REG AIR,1,0.02,9,Brand#51,JUMBO BOX,38,7,4,12568.367
O,O,N,NONE,Manufacturer#5,3-MEDIUM,1,HOUSEHOLD,RAIL,3,0.03,18,Brand#54,LG CASE,38,49,2,82750.22
O,O,N,DELIVER IN PERSON,Manufacturer#4,2-HIGH,2,MACHINERY,REG AIR,3,0.04,9,Brand#41,MED PACK,2,9,4,14769.8064
O,O,N,NONE,Manufacturer#3,2-HIGH,2,MACHINERY,SHIP,4,0.04,21,Brand#34,MED PACK,2,35,1,50423.527
F,F,R,COLLECT COD,Manufacturer#1,1-URGENT,3,BUILDING,FOB,1,0.01,9,Brand#13,JUMBO JAR,26,39,4,48314.6235
F,F,R,DELIVER IN PERSON,Manufacturer#3,1-URGENT,3,BUILDING,MAIL,3,0.06,18,Brand#33,JUMBO PACK,35,40,2,41211.808
F,F,A,TAKE BACK RETURN,Manufacturer#5,1-URGENT,3,BUILDING,TRUCK,2,0.04,8,Brand#51,LG CAN,10,34,3,41937.997
O,O,N,DELIVER IN PERSON,Manufacturer#4,5-LOW,4,AUTOMOBILE,MAIL,1,0.04,9,Brand#42,JUMBO CASE,6,19,4,29677.3692
O,O,N,DELIVER IN PERSON,Manufacturer#5,1-URGENT,4,AUTOMOBILE,SHIP,1,0.05,8,Brand#55,JUMBO CAN,47,39,3,38452.0032
O,O,N,COLLECT COD,Manufacturer#5,1-URGENT,0,HOUSEHOLD,RAIL,1,0.03,8,Brand#53,LG CASE,2,10,3,17840.715
O,O,N,NONE,Manufacturer#5,1-URGENT,0,HOUSEHOLD,REG AIR,3,0.07,8,Brand#54,WRAP DRUM,18,31,3,28601.1456
O,O,N,NONE,Manufacturer#4,5-LOW,0,HOUSEHOLD,TRUCK,1,0.06,12,Brand#44,LG PKG,35,39,0,47304.5508
O,O,N,NONE,Manufacturer#1,4-NOT SPECIFIED,3,MACHINERY,RAIL,1,0,12,Brand#12,JUMBO DRUM,33,49,0,72135.742
O,O,N,COLLECT COD,Manufacturer#3,4-NOT SPECIFIED,3,MACHINERY,TRUCK,4,0.02,21,Brand#32,LG PKG,14,42,1,53526.7278
O,O,N,TAKE BACK RETURN,Manufacturer#4,4-NOT SPECIFIED,3,MACHINERY,RAIL,2,0.06,21,Brand#44,LG CASE,37,48,1,74497.9968
F,F,A,TAKE BACK RETURN,Manufacturer#5,5-LOW,0,FURNITURE,TRUCK,2,0.02,21,Brand#53,LG CASE,27,33,1,47339.49
F,F,A,DELIVER IN PERSON,Manufacturer#3,5-LOW,0,FURNITURE,TRUCK,1,0.03,18,Brand#35,SM DRUM,21,2,2,2275.3752
F,F,A,TAKE BACK RETURN,Manufacturer#2,4-NOT SPECIFIED,1,BUILDING,TRUCK,2,0.02,8,Brand#22,WRAP JAR,23,20,3,20092.352
F,F,R,DELIVER IN PERSON,Manufacturer#3,1-URGENT,1,BUILDING,MAIL,3,0.03,9,Brand#34,LG JAR,10,33,4,54615.1452
F,F,A,COLLECT COD,Manufacturer#1,4-NOT SPECIFIED,4,BUILDING,TRUCK,1,0.08,12,Brand#14,LG PKG,7,47,0,58295.51
O,O,N,DELIVER IN PERSON,Manufacturer#3,2-HIGH,2,BUILDING,TRUCK,1,0.05,12,Brand#32,SM PKG,15,20,0,17557
O,O,N,COLLECT COD,Manufacturer#3,5-LOW,1,BUILDING,TRUCK,6,0.05,9,Brand#35,SM CASE,22,4,4,6351.2176
O,O,N,TAKE BACK RETURN,Manufacturer#5,1-URGENT,4,BUILDING,MAIL,2,0.06,21,Brand#53,JUMBO DRUM,26,45,1,46453.437
F,F,A,COLLECT COD,Manufacturer#3,1-URGENT,3,MACHINERY,AIR,2,0.03,18,Brand#33,SM PKG,7,18,2,19663.8012
O,O,N,TAKE BACK RETURN,Manufacturer#4,4-NOT SPECIFIED,4,FURNITURE,AIR,2,0.04,21,Brand#45,WRAP PKG,29,4,1,4681.6168
O,O,N,TAKE BACK RETURN,Manufacturer#5,1-URGENT,1,MACHINERY,MAIL,5,0.02,9,Brand#51,WRAP PKG,1,26,4,34083.569
O,O,N,NONE,Manufacturer#4,1-URGENT,1,MACHINERY,MAIL,4,0.02,21,Brand#41,SM PACK,24,19,1,24700.703
O,O,N,COLLECT COD,Manufacturer#2,1-URGENT,1,MACHINERY,RAIL,2,0.01,21,Brand#24,LG BOX,12,26,1,46703.0564
O,O,N,NONE,Manufacturer#2,1-URGENT,1,MACHINERY,REG AIR,3,0.02,9,Brand#25,LG DRUM,13,27,4,41972.175
O,O,N,NONE,Manufacturer#3,1-URGENT,1,MACHINERY,MAIL,1,0.03,12,Brand#35,SM JAR,3,34,0,52493.9362
F,F,A,COLLECT COD,Manufacturer#3,2-HIGH,1,HOUSEHOLD,RAIL,2,0.05,21,Brand#31,JUMBO DRUM,23,1,1,1033.2386
F,F,R,DELIVER IN PERSON,Manufacturer#5,2-HIGH,1,HOUSEHOLD,AIR,1,0.07,21,Brand#51,SM PACK,33,38,1,64144.171
F,F,R,DELIVER IN PERSON,Manufacturer#4,2-HIGH,0,HOUSEHOLD,SHIP,2,0.01,21,Brand#43,LG PKG,15,14,1,14631.876
O,O,N,NONE,Manufacturer#1,3-MEDIUM,3,AUTOMOBILE,REG AIR,3,0.05,18,Brand#13,LG DRUM,44,39,2,71852.4534
F,F,R,TAKE BACK RETURN,Manufacturer#5,3-MEDIUM,2,FURNITURE,TRUCK,2,0.01,9,Brand#51,WRAP CASE,3,42,4,47932.08
F,F,A,TAKE BACK RETURN,Manufacturer#5,5-LOW,1,BUILDING,SHIP,2,0.02,12,Brand#55,LG BAG,45,34,0,53735.4972
F,F,A,DELIVER IN PERSON,Manufacturer#4,1-URGENT,1,HOUSEHOLD,FOB,1,0.05,21,Brand#44,MED PACK,44,18,1,32866.56
O,O,N,COLLECT COD,Manufacturer#3,3-MEDIUM,4,MACHINERY,RAIL,5,0.06,21,Brand#32,MED BAG,43,18,1,23745.8574
O,O,N,NONE,Manufacturer#2,3-MEDIUM,4,MACHINERY,AIR,7,0.02,9,Brand#25,JUMBO JAR,49,15,4,17929.35
O,O,N,NONE,Manufacturer#5,3-MEDIUM,4,MACHINERY,FOB,2,0.07,21,Brand#53,SM CAN,36,31,1,44486.3826
F,F,R,TAKE BACK RETURN,Manufacturer#4,2-HIGH,4,BUILDING,TRUCK,5,0.08,8,Brand#43,SM BAG,46,10,3,9532.35
F,F,A,DELIVER IN PERSON,Manufacturer#1,2-HIGH,4,BUILDING,REG AIR,4,0.03,8,Brand#14,WRAP CASE,49,6,3,8487.018
F,F,R,DELIVER IN PERSON,Manufacturer#2,4-NOT SPECIFIED,4,BUILDING,REG AIR,4,0,18,Brand#23,MED DRUM,19,17,2,26312.9281
F,F,A,DELIVER IN PERSON,Manufacturer#4,4-NOT SPECIFIED,4,BUILDING,RAIL,3,0.07,8,Brand#44,LG DRUM,13,2,3,3476.848
O,O,N,COLLECT COD,Manufacturer#2,1-URGENT,0,AUTOMOBILE,AIR,2,0,18,Brand#21,WRAP DRUM,34,31,2,50169.8637
O,O,N,NONE,Manufacturer#1,2-HIGH,0,BUILDING,TRUCK,3,0.06,8,Brand#14,LG PKG,30,6,3,6110.0844
O,O,N,TAKE BACK RETURN,Manufacturer#3,2-HIGH,0,BUILDING,AIR,2,0,9,Brand#33,LG CASE,35,42,4,45719.2428
O,O,N,DELIVER IN PERSON,Manufacturer#1,1-URGENT,3,FURNITURE,REG AIR,3,0.05,8,Brand#15,SM DRUM,27,14,3,15125.9472
O,O,N,NONE,Manufacturer#2,1-URGENT,3,FURNITURE,TRUCK,2,0.02,12,Brand#23,SM JAR,1,43,0,71127.891
O,O,N,NONE,Manufacturer#2,1-URGENT,3,FURNITURE,REG AIR,6,0.02,9,Brand#21,MED PACK,30,19,4,28749.242
O,O,N,COLLECT COD,Manufacturer#1,3-MEDIUM,4,BUILDING,RAIL,5,0.01,18,Brand#13,LG DRUM,44,26,2,45946.4668
O,O,N,DELIVER IN PERSON,Manufacturer#2,3-MEDIUM,4,BUILDING,REG AIR,1,0.03,12,Brand#25,SM BAG,36,20,0,23751.808
O,O,N,TAKE BACK RETURN,Manufacturer#5,3-MEDIUM,4,BUILDING,TRUCK,4,0.01,21,Brand#55,LG PKG,1,16,1,23497.8912
O,O,N,COLLECT COD,Manufacturer#1,3-MEDIUM,4,BUILDING,REG AIR,2,0.04,21,Brand#13,JUMBO PACK,39,44,1,57022.7504
F,F,A,TAKE BACK RETURN,Manufacturer#3,1-URGENT,4,MACHINERY,REG AIR,4,0.05,12,Brand#32,LG PKG,21,5,0,6469.409
F,F,A,DELIVER IN PERSON,Manufacturer#5,1-URGENT,4,MACHINERY,RAIL,3,0.07,9,Brand#55,LG JAR,38,45,4,59908.3155
F,F,R,DELIVER IN PERSON,Manufacturer#5,1-URGENT,4,MACHINERY,RAIL,5,0.07,9,Brand#54,LG CAN,30,42,4,69898.815
F,F,A,TAKE BACK RETURN,Manufacturer#1,1-URGENT,4,MACHINERY,RAIL,2,0,18,Brand#15,MED CAN,19,39,2,41397.2052
O,O,N,TAKE BACK RETURN,Manufacturer#1,1-URGENT,0,MACHINERY,REG AIR,5,0,18,Brand#14,JUMBO PACK,7,16,2,20850.1888
O,O,N,DELIVER IN PERSON,Manufacturer#3,1-URGENT,0,MACHINERY,FOB,2,0,21,Brand#34,SM PKG,32,3,1,4989.438
O,O,N,COLLECT COD,Manufacturer#5,3-MEDIUM,2,MACHINERY,FOB,4,0,18,Brand#53,SM BOX,45,34,2,33242.8744
F,F,R,COLLECT COD,Manufacturer#2,4-NOT SPECIFIED,2,MACHINERY,TRUCK,5,0.07,18,Brand#23,LG PACK,27,9,2,8874.3168
F,F,R,DELIVER IN PERSON,Manufacturer#1,4-NOT SPECIFIED,2,MACHINERY,TRUCK,2,0.03,21,Brand#11,WRAP BOX,13,37,1,60797.6526
F,F,R,NONE,Manufacturer#1,4-NOT SPECIFIED,2,MACHINERY,FOB,6,0.07,9,Brand#12,JUMBO BAG,43,24,4,29690.6136
O,O,N,NONE,Manufacturer#4,5-LOW,1,HOUSEHOLD,SHIP,2,0.06,18,Brand#41,SM BOX,33,48,2,54185.568
F,F,R,TAKE BACK RETURN,Manufacturer#5,5-LOW,1,MACHINERY,FOB,3,0.03,9,Brand#51,MED CASE,40,33,4,55916.3484
F,F,R,COLLECT COD,Manufacturer#3,5-LOW,1,MACHINERY,TRUCK,2,0.08,9,Brand#32,MED CASE,29,13,4,20815.8314
F,F,R,COLLECT COD,Manufacturer#2,1-URGENT,4,AUTOMOBILE,TRUCK,2,0.03,21,Brand#22,JUMBO JAR,7,22,1,32554.885
F,F,R,DELIVER IN PERSON,Manufacturer#4,1-URGENT,4,AUTOMOBILE,REG AIR,6,0.02,18,Brand#45,JUMBO BOX,44,32,2,42209.792
O,O,N,COLLECT COD,Manufacturer#1,3-MEDIUM,4,FURNITURE,MAIL,1,0.05,12,Brand#12,JUMBO DRUM,33,18,0,27335.6496
O,O,N,DELIVER IN PERSON,Manufacturer#3,1-URGENT,2,FURNITURE,REG AIR,6,0.03,12,Brand#32,LG DRUM,26,13,0,18490.1184
F,F,A,NONE,Manufacturer#5,1-URGENT,4,HOUSEHOLD,FOB,2,0,9,Brand#55,WRAP BAG,45,48,4,64306.656
F,F,A,DELIVER IN PERSON,Manufacturer#3,3-MEDIUM,0,FURNITURE,RAIL,2,0.04,18,Brand#32,JUMBO DRUM,33,42,2,63907.074
O,O,N,COLLECT COD,Manufacturer#3,2-HIGH,2,FURNITURE,MAIL,2,0.08,12,Brand#34,MED DRUM,47,13,0,22183.083
F,F,R,COLLECT COD,Manufacturer#4,2-HIGH,0,AUTOMOBILE,FOB,1,0.08,18,Brand#45,WRAP CAN,11,17,2,26032.6066
F,F,A,NONE,Manufacturer#3,2-HIGH,0,AUTOMOBILE,REG AIR,4,0.06,12,Brand#34,LG CASE,16,18,0,22104.252
O,O,N,NONE,Manufacturer#2,2-HIGH,3,BUILDING,SHIP,1,0.07,9,Brand#25,WRAP PKG,37,36,4,47322.144
F,F,A,DELIVER IN PERSON,Manufacturer#1,5-LOW,3,AUTOMOBILE,REG AIR,1,0.06,21,Brand#12,SM BAG,11,6,1,7876.2036
F,F,R,COLLECT COD,Manufacturer#4,1-URGENT,2,BUILDING,MAIL,3,0.02,21,Brand#44,LG CASE,44,6,1,10289.0592
F,F,A,TAKE BACK RETURN,Manufacturer#3,1-URGENT,2,BUILDING,AIR,5,0.07,12,Brand#32,LG BOX,9,25,0,32060.9025
O,O,N,COLLECT COD,Manufacturer#1,3-MEDIUM,2,MACHINERY,FOB,1,0.05,12,Brand#13,MED JAR,17,37,0,64132.2332
O,O,N,DELIVER IN PERSON,Manufacturer#2,3-MEDIUM,3,FURNITURE,FOB,1,0.03,21,Brand#21,WRAP DRUM,29,9,1,11343.15
O,O,N,DELIVER IN PERSON,Manufacturer#1,3-MEDIUM,3,FURNITURE,MAIL,3,0.05,8,Brand#12,JUMBO BAG,40,4,3,5629.2192
O,O,N,DELIVER IN PERSON,Manufacturer#1,2-HIGH,4,BUILDING,SHIP,3,0.07,8,Brand#13,SM BAG,29,24,3,40386.72
F,P,R,TAKE BACK RETURN,Manufacturer#4,3-MEDIUM,1,BUILDING,RAIL,4,0.05,18,Brand#44,LG BOX,26,24,2,35727.4008
O,O,N,DELIVER IN PERSON,Manufacturer#4,1-URGENT,0,BUILDING,REG AIR,1,0.03,12,Brand#45,LG BOX,6,17,0,30989.64
O,O,N,TAKE BACK RETURN,Manufacturer#4,3-MEDIUM,4,AUTOMOBILE,RAIL,3,0.06,8,Brand#43,WRAP BAG,26,34,3,46332.8064
O,P,N,COLLECT COD,Manufacturer#1,3-MEDIUM,4,AUTOMOBILE,AIR,3,0.01,12,Brand#14,JUMBO PKG,9,34,0,30254.56
O,P,N,DELIVER IN PERSON,Manufacturer#2,3-MEDIUM,4,AUTOMOBILE,SHIP,5,0.06,8,Brand#21,MED PACK,12,30,3,48645.324
F,P,N,NONE,Manufacturer#1,3-MEDIUM,4,AUTOMOBILE,AIR,2,0.03,18,Brand#13,MED CASE,27,13,2,18031.4654
O,O,N,NONE,Manufacturer#3,3-MEDIUM,4,BUILDING,MAIL,1,0,21,Brand#34,MED PACK,2,33,1,49059.4863
O,O,N,COLLECT COD,Manufacturer#1,1-URGENT,3,AUTOMOBILE,RAIL,3,0,8,Brand#11,WRAP CAN,41,13,3,12236.4099
O,O,N,TAKE BACK RETURN,Manufacturer#4,1-URGENT,3,AUTOMOBILE,SHIP,1,0.02,21,Brand#44,JUMBO PKG,46,7,1,6314.8358
O,O,N,NONE,Manufacturer#1,1-URGENT,0,AUTOMOBILE,TRUCK,5,0.03,12,Brand#12,JUMBO PKG,35,48,0,61669.2672
O,O,N,COLLECT COD,Manufacturer#4,1-URGENT,0,AUTOMOBILE,FOB,1,0.02,12,Brand#43,WRAP BAG,9,47,0,43528.5424
O,O,N,TAKE BACK RETURN,Manufacturer#5,1-URGENT,0,AUTOMOBILE,AIR,2,0.03,21,Brand#51,JUMBO BAG,20,16,1,19642.8096
O,O,N,NONE,Manufacturer#1,5-LOW,4,MACHINERY,TRUCK,2,0.02,8,Brand#14,MED CAN,23,14,3,23337.4008
F,F,R,COLLECT COD,Manufacturer#1,5-LOW,1,MACHINERY,FOB,2,0.08,8,Brand#11,SM CAN,45,27,3,42144.3891
F,F,A,DELIVER IN PERSON,Manufacturer#5,5-LOW,1,MACHINERY,MAIL,6,0,12,Brand#53,JUMBO PKG,10,19,0,33683.6028
F,F,A,NONE,Manufacturer#5,5-LOW,1,MACHINERY,AIR,7,0.01,18,Brand#54,WRAP DRUM,43,17,2,27664.1442
O,O,N,DELIVER IN PERSON,Manufacturer#1,1-URGENT,1,HOUSEHOLD,REG AIR,2,0.05,9,Brand#12,JUMBO DRUM,33,28,4,39050.928
O,O,N,COLLECT COD,Manufacturer#4,4-NOT SPECIFIED,4,HOUSEHOLD,RAIL,2,0.02,12,Brand#45,LG PKG,16,36,0,39856.32
O,O,N,COLLECT COD,Manufacturer#4,4-NOT SPECIFIED,4,HOUSEHOLD,FOB,5,0.04,12,Brand#45,LG PKG,16,19,0,21692.6325
F,F,A,DELIVER IN PERSON,Manufacturer#1,1-URGENT,3,BUILDING,REG AIR,5,0.04,21,Brand#13,MED BAG,38,22,1,34664.74
F,F,A,DELIVER IN PERSON,Manufacturer#3,1-URGENT,3,BUILDING,TRUCK,1,0.07,18,Brand#31,WRAP BAG,5,32,2,53932.0192
F,F,R,NONE,Manufacturer#4,2-HIGH,2,FURNITURE,MAIL,1,0.03,21,Brand#41,SM JAR,26,5,1,8989.45
F,F,R,DELIVER IN PERSON,Manufacturer#4,2-HIGH,0,BUILDING,MAIL,4,0.04,21,Brand#45,MED PKG,34,33,1,40554.5778
F,F,R,TAKE BACK RETURN,Manufacturer#5,2-HIGH,0,BUILDING,REG AIR,2,0,18,Brand#52,MED DRUM,44,15,2,15752.661
O,P,N,TAKE BACK RETURN,Manufacturer#4,2-HIGH,2,HOUSEHOLD,RAIL,6,0,18,Brand#41,SM CAN,26,8,2,12180.52
O,P,N,COLLECT COD,Manufacturer#5,2-HIGH,2,HOUSEHOLD,SHIP,7,0.08,8,Brand#55,SM PKG,46,9,3,15599.7324
O,O,N,NONE,Manufacturer#3,5-LOW,4,HOUSEHOLD,TRUCK,4,0.03,8,Brand#33,MED JAR,21,16,3,24345.3984
F,F,R,COLLECT COD,Manufacturer#1,5-LOW,1,AUTOMOBILE,AIR,1,0.04,12,Brand#14,LG JAR,24,36,0,32393.6784
O,O,N,TAKE BACK RETURN,Manufacturer#1,5-LOW,0,AUTOMOBILE,FOB,2,0,12,Brand#15,MED PACK,22,17,0,20413.8312
O,P,N,TAKE BACK RETURN,Manufacturer#3,4-NOT SPECIFIED,2,BUILDING,REG AIR,2,0.08,21,Brand#34,MED PACK,2,18,1,24828.606
O,P,N,NONE,Manufacturer#3,4-NOT SPECIFIED,2,BUILDING,REG AIR,5,0,8,Brand#34,WRAP BAG,5,32,3,38832.048
O,P,N,NONE,Manufacturer#1,4-NOT SPECIFIED,2,BUILDING,AIR,1,0.06,21,Brand#11,WRAP JAR,24,7,1,12729.9249
O,O,N,DELIVER IN PERSON,Manufacturer#2,3-MEDIUM,1,FURNITURE,RAIL,1,0.02,18,Brand#25,WRAP PKG,4,19,2,30726.819
F,F,R,NONE,Manufacturer#3,5-LOW,1,BUILDING,MAIL,4,0.04,9,Brand#34,SM PACK,48,11,4,11904.6928
F,F,R,NONE,Manufacturer#4,5-LOW,1,BUILDING,MAIL,7,0,9,Brand#45,SM BOX,39,27,4,33597.18
F,F,R,TAKE BACK RETURN,Manufacturer#1,5-LOW,1,BUILDING,REG AIR,6,0.05,18,Brand#13,MED BAG,38,40,2,59875.46
F,F,A,NONE,Manufacturer#5,1-URGENT,4,AUTOMOBILE,REG AIR,4,0.08,18,Brand#55,LG DRUM,1,1,2,892.4552
F,F,A,DELIVER IN PERSON,Manufacturer#2,1-URGENT,4,AUTOMOBILE,FOB,2,0.07,18,Brand#21,WRAP CASE,16,49,2,41684.3
F,F,A,COLLECT COD,Manufacturer#3,1-URGENT,4,AUTOMOBILE,REG AIR,1,0.05,9,Brand#34,JUMBO CASE,49,23,4,21054.177
F,F,R,NONE,Manufacturer#5,5-LOW,1,HOUSEHOLD,REG AIR,5,0.06,12,Brand#53,JUMBO BAG,21,48,0,68422.032
F,F,A,NONE,Manufacturer#3,5-LOW,1,HOUSEHOLD,AIR,4,0.02,8,Brand#33,SM PACK,13,44,3,55511.5572
F,F,A,NONE,Manufacturer#1,4-NOT SPECIFIED,3,AUTOMOBILE,AIR,2,0.07,9,Brand#14,SM CAN,38,2,4,2942.416
F,F,R,DELIVER IN PERSON,Manufacturer#4,4-NOT SPECIFIED,3,AUTOMOBILE,FOB,1,0,18,Brand#41,SM CAN,47,36,2,32037.8112
F,F,R,COLLECT COD,Manufacturer#1,4-NOT SPECIFIED,3,AUTOMOBILE,RAIL,4,0.08,21,Brand#13,SM PKG,3,26,1,35243.4628
F,F,A,TAKE BACK RETURN,Manufacturer#3,5-LOW,1,AUTOMOBILE,TRUCK,6,0.02,9,Brand#31,JUMBO DRUM,48,29,4,31777.9419
F,F,A,TAKE BACK RETURN,Manufacturer#1,5-LOW,1,BUILDING,FOB,2,0.05,21,Brand#13,MED DRUM,4,25,1,41252.61
F,F,A,COLLECT COD,Manufacturer#5,5-LOW,1,BUILDING,REG AIR,4,0.06,21,Brand#55,WRAP PKG,27,38,1,59713.4356
O,O,N,TAKE BACK RETURN,Manufacturer#5,5-LOW,3,MACHINERY,SHIP,5,0.06,18,Brand#52,MED DRUM,31,1,2,1434.321
F,F,A,DELIVER IN PERSON,Manufacturer#4,1-URGENT,4,HOUSEHOLD,RAIL,2,0.04,9,Brand#44,SM CASE,16,47,4,44582.1696
F,F,A,TAKE BACK RETURN,Manufacturer#3,4-NOT SPECIFIED,3,AUTOMOBILE,FOB,3,0,18,Brand#33,MED BAG,31,13,2,11494.3296
F,F,A,NONE,Manufacturer#5,4-NOT SPECIFIED,3,AUTOMOBILE,REG AIR,1,0.02,8,Brand#52,WRAP DRUM,36,48,3,65244.0384
O,O,N,COLLECT COD,Manufacturer#4,1-URGENT,3,BUILDING,TRUCK,1,0.07,21,Brand#43,LG PKG,15,4,1,4645.04
F,F,A,NONE,Manufacturer#2,2-HIGH,4,BUILDING,FOB,4,0.02,18,Brand#22,SM BAG,8,5,2,8168.64
O,O,N,DELIVER IN PERSON,Manufacturer#5,1-URGENT,1,AUTOMOBILE,AIR,2,0.06,9,Brand#51,SM PKG,28,15,4,20382.114
F,F,A,TAKE BACK RETURN,Manufacturer#1,5-LOW,0,FURNITURE,RAIL,3,0.02,21,Brand#13,MED BAG,38,12,1,17584.4772
F,F,R,DELIVER IN PERSON,Manufacturer#3,5-LOW,2,HOUSEHOLD,TRUCK,6,0.08,21,Brand#35,MED CAN,48,14,1,14570.752
F,F,A,NONE,Manufacturer#4,5-LOW,2,HOUSEHOLD,SHIP,3,0.04,12,Brand#42,MED PKG,28,39,0,51702.9045
F,P,A,TAKE BACK RETURN,Manufacturer#3,5-LOW,0,MACHINERY,RAIL,1,0.02,18,Brand#35,JUMBO DRUM,21,22,2,30960.7056
O,P,N,COLLECT COD,Manufacturer#5,5-LOW,0,MACHINERY,MAIL,3,0.08,21,Brand#53,WRAP CASE,1,48,1,55233.1968
F,F,A,TAKE BACK RETURN,Manufacturer#4,4-NOT SPECIFIED,4,BUILDING,AIR,5,0.01,9,Brand#44,WRAP BOX,40,7,4,10846.836
F,F,R,TAKE BACK RETURN,Manufacturer#1,4-NOT SPECIFIED,4,BUILDING,REG AIR,3,0.07,18,Brand#11,SM BAG,17,14,2,21607.488
F,F,R,COLLECT COD,Manufacturer#1,4-NOT SPECIFIED,4,BUILDING,FOB,6,0.03,8,Brand#13,MED CASE,27,47,3,69351.79
F,F,R,COLLECT COD,Manufacturer#4,2-HIGH,2,MACHINERY,REG AIR,4,0.07,21,Brand#45,MED CASE,23,33,1,33419.034
F,F,R,DELIVER IN PERSON,Manufacturer#2,2-HIGH,2,MACHINERY,SHIP,2,0.04,8,Brand#22,JUMBO CAN,42,43,3,70704.7968
F,F,A,TAKE BACK RETURN,Manufacturer#2,2-HIGH,4,BUILDING,SHIP,5,0.02,18,Brand#25,SM CASE,27,50,2,43241.84
F,F,R,DELIVER IN PERSON,Manufacturer#2,3-MEDIUM,2,FURNITURE,REG AIR,2,0,18,Brand#22,SM BAG,8,12,2,19604.736
O,O,N,NONE,Manufacturer#3,2-HIGH,0,BUILDING,SHIP,5,0,9,Brand#35,WRAP BOX,14,29,4,33626.4048
O,O,N,NONE,Manufacturer#1,2-HIGH,0,BUILDING,AIR,4,0.01,18,Brand#11,JUMBO PACK,12,10,2,17305.428
O,O,N,NONE,Manufacturer#4,2-HIGH,0,BUILDING,TRUCK,6,0.06,9,Brand#42,JUMBO BOX,35,3,4,4920.1989
F,F,A,COLLECT COD,Manufacturer#1,5-LOW,3,FURNITURE,RAIL,4,0.01,18,Brand#12,JUMBO DRUM,17,10,2,12982.959
F,F,A,TAKE BACK RETURN,Manufacturer#2,5-LOW,3,FURNITURE,REG AIR,2,0.08,12,Brand#25,WRAP JAR,23,30,0,29786.49
O,O,N,NONE,Manufacturer#5,1-URGENT,2,AUTOMOBILE,FOB,2,0.07,9,Brand#55,JUMBO CASE,25,32,4,30235.1328
O,O,N,TAKE BACK RETURN,Manufacturer#3,5-LOW,1,BUILDING,TRUCK,1,0.06,18,Brand#32,WRAP DRUM,27,17,2,20764.2522
O,O,N,NONE,Manufacturer#4,2-HIGH,3,BUILDING,SHIP,1,0,18,Brand#42,MED CASE,29,39,2,43841.8617
F,F,A,COLLECT COD,Manufacturer#4,5-LOW,0,AUTOMOBILE,FOB,1,0.05,21,Brand#44,MED DRUM,43,33,1,48363.3216
O,O,N,TAKE BACK RETURN,Manufacturer#2,4-NOT SPECIFIED,2,AUTOMOBILE,AIR,2,0.01,18,Brand#21,LG DRUM,21,14,2,20812.176
F,F,A,TAKE BACK RETURN,Manufacturer#5,2-HIGH,3,BUILDING,REG AIR,3,0,12,Brand#53,WRAP CAN,49,12,0,21226.32
F,F,A,NONE,Manufacturer#5,3-MEDIUM,1,AUTOMOBILE,AIR,2,0.01,12,Brand#51,SM JAR,13,12,0,15327.984
F,F,A,NONE,Manufacturer#1,3-MEDIUM,1,AUTOMOBILE,MAIL,3,0.01,21,Brand#13,LG CAN,47,42,1,67410.5292
F,F,A,DELIVER IN PERSON,Manufacturer#3,3-MEDIUM,1,AUTOMOBILE,REG AIR,6,0.02,8,Brand#31,SM JAR,24,38,3,50589.2442
O,O,N,COLLECT COD,Manufacturer#4,1-URGENT,0,AUTOMOBILE,TRUCK,1,0.01,9,Brand#42,MED PKG,19,14,4,19452.72
O,O,N,NONE,Manufacturer#4,2-HIGH,0,AUTOMOBILE,MAIL,1,0.02,18,Brand#41,WRAP PKG,26,14,2,15446.8552
O,O,N,DELIVER IN PERSON,Manufacturer#3,2-HIGH,0,AUTOMOBILE,RAIL,3,0.04,21,Brand#32,JUMBO BOX,23,19,1,22664.682
O,O,N,DELIVER IN PERSON,Manufacturer#1,5-LOW,2,FURNITURE,AIR,6,0.03,21,Brand#13,JUMBO BOX,8,28,1,24322.1412
F,F,A,COLLECT COD,Manufacturer#5,3-MEDIUM,3,HOUSEHOLD,SHIP,7,0.04,18,Brand#52,SM JAR,28,49,2,66050.0694
F,F,R,DELIVER IN PERSON,Manufacturer#5,3-MEDIUM,3,HOUSEHOLD,RAIL,1,0.08,18,Brand#54,LG DRUM,10,29,2,46486.1184
F,F,R,TAKE BACK RETURN,Manufacturer#1,3-MEDIUM,3,HOUSEHOLD,REG AIR,4,0.05,9,Brand#15,LG CASE,41,23,4,30799.9601
F,F,R,COLLECT COD,Manufacturer#2,3-MEDIUM,3,HOUSEHOLD,REG AIR,2,0.05,8,Brand#22,WRAP BAG,9,15,3,26082.45
F,F,R,TAKE BACK RETURN,Manufacturer#1,3-MEDIUM,3,HOUSEHOLD,MAIL,5,0.06,21,Brand#11,WRAP PKG,20,6,1,9688.7112
O,O,N,COLLECT COD,Manufacturer#1,4-NOT SPECIFIED,3,BUILDING,TRUCK,2,0.08,8,Brand#13,JUMBO PACK,17,10,3,17990.112
O,O,N,DELIVER IN PERSON,Manufacturer#5,4-NOT SPECIFIED,3,BUILDING,RAIL,3,0.03,12,Brand#55,WRAP DRUM,9,33,0,55135.08
O,O,N,TAKE BACK RETURN,Manufacturer#1,5-LOW,2,FURNITURE,FOB,2,0.04,18,Brand#14,LG PACK,45,16,2,20672.0288
O,O,N,TAKE BACK RETURN,Manufacturer#4,5-LOW,2,FURNITURE,MAIL,1,0,8,Brand#44,MED CASE,40,35,3,42162.68
O,O,N,DELIVER IN PERSON,Manufacturer#2,3-MEDIUM,4,BUILDING,RAIL,2,0.05,12,Brand#21,LG CAN,33,26,0,28539.1704
O,O,N,TAKE BACK RETURN,Manufacturer#3,1-URGENT,2,HOUSEHOLD,TRUCK,6,0,12,Brand#34,MED BAG,44,33,0,33735.1476
F,F,A,NONE,Manufacturer#3,3-MEDIUM,0,MACHINERY,TRUCK,3,0.01,12,Brand#33,SM CASE,46,48,0,42901.7184
F,F,R,NONE,Manufacturer#3,1-URGENT,1,FURNITURE,MAIL,2,0.01,9,Brand#35,SM CAN,39,28,4,31141.88
O,O,N,TAKE BACK RETURN,Manufacturer#2,4-NOT SPECIFIED,2,AUTOMOBILE,FOB,2,0,18,Brand#21,WRAP DRUM,35,25,2,24326.75
O,O,N,TAKE BACK RETURN,Manufacturer#4,4-NOT SPECIFIED,2,AUTOMOBILE,MAIL,3,0.02,18,Brand#44,SM BAG,4,22,2,35717.22
O,O,N,DELIVER IN PERSON,Manufacturer#4,3-MEDIUM,2,HOUSEHOLD,SHIP,2,0.02,8,Brand#41,WRAP JAR,5,26,3,46424.352
O,O,N,NONE,Manufacturer#3,3-MEDIUM,2,HOUSEHOLD,RAIL,3,0.04,12,Brand#34,MED BAG,44,9,0,9012.7296
O,O,N,TAKE BACK RETURN,Manufacturer#3,3-MEDIUM,2,HOUSEHOLD,REG AIR,1,0.07,12,Brand#35,LG BOX,42,32,0,39236.352
O,O,N,DELIVER IN PERSON,Manufacturer#5,2-HIGH,4,MACHINERY,SHIP,2,0.07,21,Brand#52,MED JAR,22,41,1,73413.0338
O,O,N,NONE,Manufacturer#5,2-HIGH,4,MACHINERY,REG AIR,5,0.03,18,Brand#54,SM DRUM,19,20,2,35567.43
F,F,R,TAKE BACK RETURN,Manufacturer#5,3-MEDIUM,4,FURNITURE,SHIP,2,0,21,Brand#51,JUMBO BOX,48,28,1,44173.5056
F,F,R,COLLECT COD,Manufacturer#5,3-MEDIUM,4,FURNITURE,RAIL,2,0,9,Brand#55,JUMBO BAG,3,22,4,20350.44
O,O,N,TAKE BACK RETURN,Manufacturer#4,3-MEDIUM,1,AUTOMOBILE,SHIP,1,0.02,18,Brand#42,MED PKG,40,4,2,5410.6212
F,F,A,NONE,Manufacturer#5,3-MEDIUM,4,HOUSEHOLD,FOB,3,0.04,21,Brand#55,JUMBO BAG,19,23,1,33078.8024
F,F,A,NONE,Manufacturer#4,3-MEDIUM,4,HOUSEHOLD,REG AIR,2,0,21,Brand#44,WRAP CAN,16,2,1,3647.9808
O,O,N,DELIVER IN PERSON,Manufacturer#1,5-LOW,3,MACHINERY,MAIL,3,0.05,12,Brand#11,JUMBO CASE,20,12,0,11808.96
O,O,N,DELIVER IN PERSON,Manufacturer#2,5-LOW,3,MACHINERY,AIR,2,0.06,12,Brand#22,SM BAG,5,44,0,40713.552
O,O,N,TAKE BACK RETURN,Manufacturer#5,5-LOW,3,MACHINERY,MAIL,5,0.08,8,Brand#51,MED CASE,48,44,3,79856.084
O,O,N,TAKE BACK RETURN,Manufacturer#1,5-LOW,3,MACHINERY,AIR,7,0.02,8,Brand#14,JUMBO BOX,44,36,3,43102.368
O,O,N,TAKE BACK RETURN,Manufacturer#4,5-LOW,3,MACHINERY,RAIL,6,0.05,18,Brand#44,LG PKG,41,14,2,15227.7664
O,O,N,TAKE BACK RETURN,Manufacturer#3,3-MEDIUM,1,AUTOMOBILE,SHIP,6,0.07,18,Brand#32,SM DRUM,32,44,2,53130.1188
O,O,N,NONE,Manufacturer#1,3-MEDIUM,1,AUTOMOBILE,REG AIR,2,0.05,8,Brand#15,SM DRUM,27,24,3,26785.0368
O,O,N,COLLECT COD,Manufacturer#4,3-MEDIUM,1,AUTOMOBILE,AIR,4,0.04,8,Brand#44,LG DRUM,18,4,3,4457.6208
O,O,N,DELIVER IN PERSON,Manufacturer#1,3-MEDIUM,4,AUTOMOBILE,REG AIR,2,0.01,18,Brand#14,JUMBO PACK,17,6,2,8288.88
O,O,N,NONE,Manufacturer#3,4-NOT SPECIFIED,1,AUTOMOBILE,REG AIR,3,0.01,9,Brand#33,LG DRUM,28,30,4,30499.845
F,F,R,DELIVER IN PERSON,Manufacturer#5,3-MEDIUM,2,HOUSEHOLD,REG AIR,3,0.02,21,Brand#52,MED JAR,12,49,1,80422.4554
O,O,N,DELIVER IN PERSON,Manufacturer#5,3-MEDIUM,4,BUILDING,TRUCK,7,0.07,12,Brand#52,SM PACK,19,37,0,39199.6315
O,O,N,TAKE BACK RETURN,Manufacturer#5,3-MEDIUM,4,BUILDING,FOB,5,0.05,12,Brand#55,LG BAG,45,12,0,18191.3688
O,O,N,COLLECT COD,Manufacturer#4,5-LOW,3,BUILDING,SHIP,5,0.01,18,Brand#44,SM BAG,4,9,2,15260.994
O,O,N,TAKE BACK RETURN,Manufacturer#2,5-LOW,3,BUILDING,RAIL,2,0.06,8,Brand#21,JUMBO DRUM,13,6,3,10264.8
F,F,R,DELIVER IN PERSON,Manufacturer#5,1-URGENT,4,HOUSEHOLD,AIR,2,0,8,Brand#52,MED BOX,22,30,3,42851.787
F,F,R,NONE,Manufacturer#4,5-LOW,4,MACHINERY,MAIL,1,0.08,18,Brand#44,LG PACK,21,43,2,47985.7554
O,O,N,COLLECT COD,Manufacturer#1,4-NOT SPECIFIED,3,BUILDING,SHIP,1,0.02,21,Brand#13,WRAP DRUM,19,6,1,6314.0544
F,F,R,COLLECT COD,Manufacturer#4,4-NOT SPECIFIED,2,AUTOMOBILE,REG AIR,1,0.02,18,Brand#43,JUMBO CASE,19,16,2,22002.608
F,F,R,TAKE BACK RETURN,Manufacturer#3,4-NOT SPECIFIED,2,AUTOMOBILE,RAIL,7,0,8,Brand#34,LG JAR,20,24,3,34062.756
F,P,A,COLLECT COD,Manufacturer#1,2-HIGH,3,HOUSEHOLD,AIR,4,0.01,18,Brand#12,LG JAR,18,13,2,21421.7419
F,F,A,COLLECT COD,Manufacturer#5,3-MEDIUM,4,HOUSEHOLD,MAIL,5,0.04,18,Brand#55,SM CASE,38,36,2,55981.368
F,F,R,TAKE BACK RETURN,Manufacturer#1,2-HIGH,1,MACHINERY,SHIP,1,0.07,9,Brand#12,JUMBO JAR,19,47,4,53146.4485
F,F,A,COLLECT COD,Manufacturer#3,3-MEDIUM,0,AUTOMOBILE,MAIL,2,0.08,12,Brand#33,WRAP DRUM,36,36,0,35106.7752
F,F,R,DELIVER IN PERSON,Manufacturer#5,3-MEDIUM,0,AUTOMOBILE,TRUCK,4,0.05,21,Brand#54,LG CASE,42,4,1,6412.0616
F,F,R,TAKE BACK RETURN,Manufacturer#4,3-MEDIUM,2,MACHINERY,MAIL,3,0.01,18,Brand#43,LG BAG,26,39,2,58580.8704
O,O,N,COLLECT COD,Manufacturer#3,1-URGENT,2,AUTOMOBILE,REG AIR,1,0.02,9,Brand#35,SM CASE,22,10,4,16924.948
O,O,N,TAKE BACK RETURN,Manufacturer#5,4-NOT SPECIFIED,1,HOUSEHOLD,REG AIR,1,0.06,8,Brand#52,WRAP CAN,4,37,3,55209.7091
F,F,R,TAKE BACK RETURN,Manufacturer#2,2-HIGH,0,FURNITURE,TRUCK,3,0.07,8,Brand#22,JUMBO JAR,7,13,3,19641.9665
F,F,R,TAKE BACK RETURN,Manufacturer#1,3-MEDIUM,4,BUILDING,RAIL,2,0.02,21,Brand#13,MED DRUM,4,35,1,55396.362
F,F,R,DELIVER IN PERSON,Manufacturer#3,3-MEDIUM,4,BUILDING,REG AIR,3,0.08,18,Brand#32,MED DRUM,8,8,2,11114.208
O,O,N,COLLECT COD,Manufacturer#5,2-HIGH,3,BUILDING,AIR,1,0.07,21,Brand#51,WRAP PKG,1,26,1,33732.192
O,O,N,NONE,Manufacturer#2,2-HIGH,4,HOUSEHOLD,REG AIR,6,0.05,8,Brand#23,WRAP BAG,29,25,3,23042.7
O,O,N,COLLECT COD,Manufacturer#5,2-HIGH,4,HOUSEHOLD,FOB,5,0.07,12,Brand#52,MED CAN,41,21,0,30733.7751
O,O,N,NONE,Manufacturer#1,2-HIGH,4,HOUSEHOLD,MAIL,3,0.05,18,Brand#12,MED JAR,42,26,2,35897.1444
F,F,R,COLLECT COD,Manufacturer#1,3-MEDIUM,4,FURNITURE,AIR,3,0.01,21,Brand#13,LG CAN,47,45,1,72225.567
F,F,A,COLLECT COD,Manufacturer#4,3-MEDIUM,4,FURNITURE,MAIL,4,0.04,8,Brand#44,SM PKG,50,8,3,13176.9792
F,F,A,COLLECT COD,Manufacturer#4,3-MEDIUM,4,FURNITURE,MAIL,2,0.05,8,Brand#41,SM JAR,11,10,3,10530.975
F,F,A,DELIVER IN PERSON,Manufacturer#4,1-URGENT,2,FURNITURE,RAIL,6,0.06,12,Brand#45,WRAP PKG,15,23,0,23942.4227
F,F,A,DELIVER IN PERSON,Manufacturer#3,1-URGENT,0,AUTOMOBILE,REG AIR,3,0.07,9,Brand#35,WRAP BAG,17,6,4,7692.0768
F,F,R,DELIVER IN PERSON,Manufacturer#2,1-URGENT,0,AUTOMOBILE,REG AIR,1,0.06,21,Brand#21,SM BOX,11,14,1,16882.488
F,F,A,NONE,Manufacturer#2,1-URGENT,1,MACHINERY,RAIL,3,0.03,21,Brand#24,WRAP CASE,26,43,1,70585.704
O,O,N,NONE,Manufacturer#5,1-URGENT,0,HOUSEHOLD,AIR,3,0.08,21,Brand#53,LG JAR,22,42,1,54328.7808
O,O,N,DELIVER IN PERSON,Manufacturer#1,4-NOT SPECIFIED,4,AUTOMOBILE,MAIL,1,0.08,8,Brand#14,JUMBO BOX,44,49,3,59304.798
O,O,N,NONE,Manufacturer#5,2-HIGH,2,MACHINERY,RAIL,2,0.06,9,Brand#55,JUMBO CASE,35,38,4,63439.29
F,F,R,DELIVER IN PERSON,Manufacturer#5,1-URGENT,2,MACHINERY,SHIP,2,0.08,18,Brand#53,JUMBO CASE,27,42,2,39021.3264
F,F,A,TAKE BACK RETURN,Manufacturer#5,1-URGENT,2,MACHINERY,SHIP,3,0.01,21,Brand#55,JUMBO DRUM,24,8,1,9990.832
F,P,A,DELIVER IN PERSON,Manufacturer#4,4-NOT SPECIFIED,2,MACHINERY,TRUCK,3,0.04,21,Brand#44,MED DRUM,43,21,1,28853.118
F,P,A,TAKE BACK RETURN,Manufacturer#2,4-NOT SPECIFIED,2,MACHINERY,MAIL,5,0.04,18,Brand#23,SM PACK,36,47,2,63760.4068
O,P,N,DELIVER IN PERSON,Manufacturer#3,4-NOT SPECIFIED,2,MACHINERY,REG AIR,2,0,18,Brand#33,WRAP DRUM,26,3,2,2621.889
F,F,A,NONE,Manufacturer#2,4-NOT SPECIFIED,1,FURNITURE,FOB,2,0.05,18,Brand#22,WRAP DRUM,23,47,2,42032.3068
F,F,R,DELIVER IN PERSON,Manufacturer#2,3-MEDIUM,3,MACHINERY,AIR,3,0.05,21,Brand#24,SM DRUM,10,31,1,25137.9
F,F,A,TAKE BACK RETURN,Manufacturer#3,3-MEDIUM,3,MACHINERY,FOB,2,0,21,Brand#31,WRAP CASE,8,3,1,2569.6458
F,F,A,NONE,Manufacturer#1,2-HIGH,4,AUTOMOBILE,MAIL,1,0,9,Brand#13,JUMBO JAR,50,15,4,15710.361
F,F,A,COLLECT COD,Manufacturer#1,2-HIGH,4,AUTOMOBILE,FOB,4,0.03,9,Brand#12,SM BAG,46,36,4,30523.68
F,F,R,NONE,Manufacturer#5,2-HIGH,4,AUTOMOBILE,REG AIR,7,0.06,21,Brand#55,MED CAN,18,40,1,69520.144
F,F,R,COLLECT COD,Manufacturer#3,2-HIGH,4,BUILDING,TRUCK,1,0.05,18,Brand#34,JUMBO CASE,19,31,2,55765.59
F,F,R,TAKE BACK RETURN,Manufacturer#5,2-HIGH,4,HOUSEHOLD,TRUCK,4,0.08,21,Brand#53,SM CAN,36,26,1,35426.7576
F,F,A,NONE,Manufacturer#2,5-LOW,0,FURNITURE,TRUCK,3,0.01,9,Brand#21,MED BOX,32,24,4,24499.368
F,F,A,TAKE BACK RETURN,Manufacturer#3,5-LOW,0,FURNITURE,FOB,2,0.08,21,Brand#34,LG PKG,39,10,1,16793.64
O,O,N,COLLECT COD,Manufacturer#4,4-NOT SPECIFIED,0,MACHINERY,RAIL,1,0.08,21,Brand#44,LG PKG,35,25,1,32630.6475
O,O,N,DELIVER IN PERSON,Manufacturer#2,5-LOW,2,HOUSEHOLD,AIR,1,0.06,8,Brand#24,WRAP CASE,26,35,3,31187.52
F,P,R,COLLECT COD,Manufacturer#4,3-MEDIUM,4,HOUSEHOLD,TRUCK,4,0.06,21,Brand#45,MED JAR,35,50,1,50229.45
O,P,N,TAKE BACK RETURN,Manufacturer#2,3-MEDIUM,4,HOUSEHOLD,TRUCK,1,0.03,18,Brand#24,JUMBO DRUM,47,24,2,26040.2688
O,O,N,COLLECT COD,Manufacturer#2,5-LOW,3,FURNITURE,TRUCK,1,0.02,12,Brand#22,SM BAG,8,28,0,46697.392
O,O,N,NONE,Manufacturer#5,5-LOW,3,FURNITURE,AIR,2,0.01,21,Brand#53,LG DRUM,9,16,1,26354.4736
O,O,N,DELIVER IN PERSON,Manufacturer#5,5-LOW,3,FURNITURE,AIR,4,0.07,12,Brand#55,WRAP DRUM,9,13,0,20416.6872
O,O,N,TAKE BACK RETURN,Manufacturer#4,5-LOW,4,BUILDING,SHIP,1,0.07,9,Brand#41,MED CASE,9,47,4,51449.913
O,O,N,DELIVER IN PERSON,Manufacturer#1,1-URGENT,4,AUTOMOBILE,RAIL,2,0.06,18,Brand#12,MED CAN,7,47,2,53854.5552
O,O,N,TAKE BACK RETURN,Manufacturer#3,1-URGENT,1,FURNITURE,FOB,6,0.02,18,Brand#34,WRAP JAR,2,39,2,57377.112
F,F,A,DELIVER IN PERSON,Manufacturer#4,5-LOW,4,AUTOMOBILE,SHIP,2,0,18,Brand#44,MED PACK,34,22,2,24076.8968
F,F,R,COLLECT COD,Manufacturer#5,2-HIGH,2,AUTOMOBILE,REG AIR,4,0.05,9,Brand#51,JUMBO BAG,20,9,4,15574.8852
O,O,N,TAKE BACK RETURN,Manufacturer#2,1-URGENT,0,HOUSEHOLD,FOB,1,0.06,8,Brand#24,LG CAN,35,1,3,935.949
O,O,N,NONE,Manufacturer#1,1-URGENT,0,HOUSEHOLD,REG AIR,3,0.03,12,Brand#15,MED CASE,8,27,0,28024.1856
F,F,R,TAKE BACK RETURN,Manufacturer#5,3-MEDIUM,2,MACHINERY,RAIL,4,0,9,Brand#51,JUMBO BAG,20,34,4,57037.278
F,F,A,NONE,Manufacturer#1,3-MEDIUM,2,MACHINERY,FOB,2,0.08,18,Brand#13,JUMBO PACK,15,32,2,50314.1184
O,O,N,TAKE BACK RETURN,Manufacturer#5,4-NOT SPECIFIED,0,BUILDING,TRUCK,5,0.07,21,Brand#52,MED BAG,26,9,1,9299.1474
O,O,N,TAKE BACK RETURN,Manufacturer#4,4-NOT SPECIFIED,0,BUILDING,REG AIR,3,0.08,12,Brand#41,JUMBO CASE,29,46,0,79108.638
O,O,N,DELIVER IN PERSON,Manufacturer#4,1-URGENT,1,BUILDING,AIR,1,0.03,8,Brand#42,SM JAR,4,6,3,8103.24
F,F,A,TAKE BACK RETURN,Manufacturer#3,3-MEDIUM,2,FURNITURE,RAIL,2,0.06,12,Brand#32,LG PKG,47,47,0,65234.8626
F,F,A,TAKE BACK RETURN,Manufacturer#2,3-MEDIUM,4,BUILDING,MAIL,1,0.08,9,Brand#25,WRAP CAN,31,40,4,74526.408
F,F,A,DELIVER IN PERSON,Manufacturer#5,3-MEDIUM,4,BUILDING,MAIL,3,0.02,8,Brand#53,JUMBO DRUM,47,38,3,54930.482
O,O,N,COLLECT COD,Manufacturer#2,4-NOT SPECIFIED,2,HOUSEHOLD,FOB,2,0.05,8,Brand#24,SM CAN,14,16,3,19520.1072
F,F,R,DELIVER IN PERSON,Manufacturer#2,2-HIGH,0,BUILDING,TRUCK,1,0.04,9,Brand#22,SM CASE,42,43,4,60872.9156
F,F,A,NONE,Manufacturer#4,2-HIGH,0,BUILDING,AIR,3,0.06,18,Brand#44,WRAP PACK,1,17,2,18976.743
F,F,R,TAKE BACK RETURN,Manufacturer#1,2-HIGH,2,MACHINERY,SHIP,2,0.05,21,Brand#12,JUMBO DRUM,12,16,1,15408.96
F,F,R,TAKE BACK RETURN,Manufacturer#5,2-HIGH,2,MACHINERY,MAIL,4,0.02,8,Brand#51,LG PACK,42,29,3,54199.84
O,O,N,TAKE BACK RETURN,Manufacturer#3,1-URGENT,4,FURNITURE,MAIL,1,0.02,18,Brand#34,WRAP JAR,2,49,2,72089.192
O,O,N,TAKE BACK RETURN,Manufacturer#5,1-URGENT,4,FURNITURE,AIR,3,0.05,21,Brand#52,JUMBO CAN,43,29,1,48800.7679
F,F,A,COLLECT COD,Manufacturer#1,1-URGENT,2,AUTOMOBILE,REG AIR,1,0.04,8,Brand#14,JUMBO BOX,44,38,3,49453.2
F,F,A,COLLECT COD,Manufacturer#2,2-HIGH,1,HOUSEHOLD,AIR,1,0.01,12,Brand#22,LG JAR,45,3,0,3535.9344
O,O,N,TAKE BACK RETURN,Manufacturer#4,3-MEDIUM,2,AUTOMOBILE,FOB,1,0.05,8,Brand#45,LG CASE,45,16,3,23246.4256
F,F,A,TAKE BACK RETURN,Manufacturer#3,4-NOT SPECIFIED,1,HOUSEHOLD,AIR,4,0.03,21,Brand#32,MED PKG,5,41,1,47164.6944
O,O,N,TAKE BACK RETURN,Manufacturer#3,3-MEDIUM,0,BUILDING,SHIP,1,0.02,12,Brand#31,MED DRUM,39,34,0,45282.5464
F,F,R,COLLECT COD,Manufacturer#4,2-HIGH,2,MACHINERY,TRUCK,2,0,21,Brand#41,MED PACK,19,10,1,14594.62
F,F,A,TAKE BACK RETURN,Manufacturer#3,2-HIGH,2,MACHINERY,SHIP,6,0.01,12,Brand#35,MED JAR,7,12,0,18561.7068
O,O,N,TAKE BACK RETURN,Manufacturer#2,5-LOW,0,AUTOMOBILE,TRUCK,1,0.05,18,Brand#21,MED PACK,24,38,2,41465.22
O,O,N,DELIVER IN PERSON,Manufacturer#5,5-LOW,0,AUTOMOBILE,RAIL,6,0.08,18,Brand#53,MED CASE,28,15,2,15439.248
O,O,N,TAKE BACK RETURN,Manufacturer#1,4-NOT SPECIFIED,4,AUTOMOBILE,AIR,4,0.03,8,Brand#14,SM BOX,8,43,3,54324.48
O,O,N,DELIVER IN PERSON,Manufacturer#5,4-NOT SPECIFIED,4,AUTOMOBILE,RAIL,1,0.08,12,Brand#54,LG JAR,19,22,0,20569.318
F,F,R,COLLECT COD,Manufacturer#3,3-MEDIUM,0,FURNITURE,RAIL,1,0.04,9,Brand#35,SM BOX,32,28,4,25886.1036
F,F,A,NONE,Manufacturer#5,3-MEDIUM,0,FURNITURE,SHIP,3,0.07,21,Brand#52,LG BOX,45,17,1,15854.5332
O,O,N,COLLECT COD,Manufacturer#5,5-LOW,3,BUILDING,SHIP,1,0.06,9,Brand#52,SM BAG,9,29,4,50868.3896
F,F,R,DELIVER IN PERSON,Manufacturer#1,1-URGENT,4,FURNITURE,REG AIR,2,0.05,18,Brand#13,JUMBO PKG,7,40,2,32436
F,F,A,COLLECT COD,Manufacturer#4,1-URGENT,4,FURNITURE,MAIL,4,0.05,21,Brand#43,WRAP CASE,12,18,1,15380.28
F,F,A,DELIVER IN PERSON,Manufacturer#2,2-HIGH,0,HOUSEHOLD,FOB,1,0.02,12,Brand#22,JUMBO BOX,3,32,0,36255.424
O,O,N,NONE,Manufacturer#5,4-NOT SPECIFIED,4,BUILDING,FOB,3,0,9,Brand#53,MED PKG,47,7,4,11052.6528
O,O,N,NONE,Manufacturer#3,4-NOT SPECIFIED,4,BUILDING,AIR,4,0.06,12,Brand#34,WRAP JAR,43,29,0,34166.321
O,O,N,DELIVER IN PERSON,Manufacturer#1,4-NOT SPECIFIED,4,BUILDING,FOB,7,0.02,9,Brand#13,WRAP BOX,5,24,4,26939.7504
O,O,N,TAKE BACK RETURN,Manufacturer#4,4-NOT SPECIFIED,4,BUILDING,TRUCK,6,0.02,9,Brand#42,MED BOX,35,16,4,15122.016
O,O,N,NONE,Manufacturer#1,4-NOT SPECIFIED,4,FURNITURE,AIR,1,0.02,8,Brand#11,WRAP CAN,41,34,3,33035.2704
F,F,A,TAKE BACK RETURN,Manufacturer#4,5-LOW,3,AUTOMOBILE,RAIL,6,0.04,18,Brand#43,JUMBO PACK,25,30,2,41468.994
F,F,R,NONE,Manufacturer#5,5-LOW,3,AUTOMOBILE,RAIL,4,0.02,21,Brand#53,LG DRUM,9,23,1,36338.2474
F,F,R,NONE,Manufacturer#1,5-LOW,3,AUTOMOBILE,FOB,7,0.04,9,Brand#13,JUMBO JAR,26,24,4,27329.484
F,F,R,COLLECT COD,Manufacturer#2,5-LOW,3,AUTOMOBILE,TRUCK,3,0.06,9,Brand#23,MED DRUM,7,38,4,54449.6832
F,F,A,DELIVER IN PERSON,Manufacturer#4,3-MEDIUM,1,HOUSEHOLD,REG AIR,5,0.04,21,Brand#43,SM CASE,20,48,1,62830.8
F,F,R,NONE,Manufacturer#5,1-URGENT,2,HOUSEHOLD,TRUCK,1,0.07,21,Brand#53,JUMBO DRUM,26,16,1,15813.936
F,F,A,COLLECT COD,Manufacturer#5,1-URGENT,2,HOUSEHOLD,REG AIR,2,0.03,21,Brand#53,SM BOX,21,12,1,20413.3608
F,F,R,DELIVER IN PERSON,Manufacturer#2,1-URGENT,3,AUTOMOBILE,TRUCK,1,0.08,8,Brand#22,WRAP BAG,9,8,3,12936.8952
F,F,R,NONE,Manufacturer#5,2-HIGH,2,FURNITURE,FOB,1,0.07,12,Brand#55,LG BAG,45,35,0,56444.85
F,F,R,TAKE BACK RETURN,Manufacturer#2,3-MEDIUM,4,MACHINERY,SHIP,2,0.06,8,Brand#21,MED JAR,8,44,3,49421.68
O,O,N,DELIVER IN PERSON,Manufacturer#2,2-HIGH,1,FURNITURE,FOB,2,0.08,18,Brand#23,MED BAG,22,9,2,9045.9
O,O,N,COLLECT COD,Manufacturer#2,2-HIGH,1,FURNITURE,SHIP,5,0.05,18,Brand#21,WRAP DRUM,34,36,2,55907.766
F,F,R,DELIVER IN PERSON,Manufacturer#4,3-MEDIUM,3,BUILDING,SHIP,4,0.08,18,Brand#45,MED JAR,39,34,2,59009.516
F,F,R,DELIVER IN PERSON,Manufacturer#5,3-MEDIUM,3,BUILDING,FOB,2,0,8,Brand#55,LG BAG,45,41,3,66121.11
O,O,N,COLLECT COD,Manufacturer#1,3-MEDIUM,4,BUILDING,TRUCK,1,0.01,9,Brand#12,LG PACK,45,31,4,33129.1296
O,O,N,DELIVER IN PERSON,Manufacturer#5,3-MEDIUM,4,BUILDING,REG AIR,2,0.04,8,Brand#54,LG CASE,42,24,3,39257.52
F,F,A,TAKE BACK RETURN,Manufacturer#2,3-MEDIUM,2,FURNITURE,AIR,4,0.04,8,Brand#22,LG PACK,5,28,3,46601.3996
F,F,A,COLLECT COD,Manufacturer#2,3-MEDIUM,2,FURNITURE,FOB,5,0.02,21,Brand#21,WRAP DRUM,34,18,1,29130.8886
O,O,N,COLLECT COD,Manufacturer#3,5-LOW,4,MACHINERY,TRUCK,3,0.03,18,Brand#33,SM BOX,32,4,2,6847.24
F,F,A,TAKE BACK RETURN,Manufacturer#5,3-MEDIUM,2,MACHINERY,TRUCK,3,0.05,18,Brand#52,SM PKG,2,24,2,31137.264
F,F,R,COLLECT COD,Manufacturer#3,3-MEDIUM,2,MACHINERY,MAIL,4,0.06,9,Brand#34,MED BAG,32,11,4,9616.5069
O,O,N,TAKE BACK RETURN,Manufacturer#1,1-URGENT,0,AUTOMOBILE,TRUCK,1,0.08,8,Brand#14,WRAP PKG,40,10,3,13239.9
F,F,R,DELIVER IN PERSON,Manufacturer#1,2-HIGH,4,HOUSEHOLD,TRUCK,1,0,12,Brand#13,SM BAG,9,45,0,43890.21
F,F,A,DELIVER IN PERSON,Manufacturer#3,2-HIGH,4,HOUSEHOLD,TRUCK,2,0.03,9,Brand#33,SM CASE,25,11,4,16320.6252
O,O,N,NONE,Manufacturer#4,2-HIGH,4,AUTOMOBILE,MAIL,3,0,12,Brand#44,SM JAR,27,30,0,42646.17
F,F,R,DELIVER IN PERSON,Manufacturer#5,1-URGENT,0,AUTOMOBILE,TRUCK,1,0.08,12,Brand#53,JUMBO BAG,21,5,0,6909.1125
F,F,R,TAKE BACK RETURN,Manufacturer#4,1-URGENT,0,AUTOMOBILE,SHIP,6,0.03,12,Brand#43,WRAP CASE,24,6,0,10467.558
F,F,A,NONE,Manufacturer#2,1-URGENT,0,AUTOMOBILE,RAIL,3,0.08,18,Brand#22,SM BAG,11,43,2,51275.952
O,O,N,NONE,Manufacturer#2,1-URGENT,4,BUILDING,RAIL,1,0.08,21,Brand#25,WRAP CASE,50,46,1,82794.94
F,F,R,TAKE BACK RETURN,Manufacturer#3,1-URGENT,1,FURNITURE,MAIL,2,0.05,9,Brand#35,SM BAG,30,18,4,20450.3742
F,F,R,COLLECT COD,Manufacturer#5,1-URGENT,1,FURNITURE,REG AIR,1,0.02,21,Brand#54,JUMBO DRUM,18,39,1,60396.882
F,F,R,TAKE BACK RETURN,Manufacturer#1,2-HIGH,1,BUILDING,TRUCK,4,0,21,Brand#11,LG JAR,40,2,1,2120.9166
F,F,R,NONE,Manufacturer#3,2-HIGH,1,BUILDING,MAIL,5,0.06,8,Brand#33,WRAP DRUM,8,20,3,32367.654
O,O,N,COLLECT COD,Manufacturer#1,1-URGENT,1,HOUSEHOLD,TRUCK,1,0.06,9,Brand#11,LG DRUM,1,29,4,36840.411
O,O,N,TAKE BACK RETURN,Manufacturer#5,1-URGENT,1,HOUSEHOLD,MAIL,4,0.07,18,Brand#52,MED PKG,32,42,2,49193.34
F,F,R,NONE,Manufacturer#3,3-MEDIUM,1,BUILDING,TRUCK,2,0.03,12,Brand#34,JUMBO DRUM,30,15,0,19043.343
F,F,A,TAKE BACK RETURN,Manufacturer#3,3-MEDIUM,1,BUILDING,MAIL,1,0.05,12,Brand#31,LG PKG,47,35,0,40105.618
F,F,A,DELIVER IN PERSON,Manufacturer#5,3-MEDIUM,1,BUILDING,FOB,3,0.03,21,Brand#51,LG PACK,42,38,1,64628.6368
F,F,A,DELIVER IN PERSON,Manufacturer#3,5-LOW,4,HOUSEHOLD,TRUCK,5,0.08,21,Brand#34,MED DRUM,14,44,1,38184.96
O,O,N,TAKE BACK RETURN,Manufacturer#2,4-NOT SPECIFIED,3,HOUSEHOLD,RAIL,6,0.07,18,Brand#23,JUMBO BOX,40,19,2,34071.5904
O,O,N,DELIVER IN PERSON,Manufacturer#1,4-NOT SPECIFIED,3,HOUSEHOLD,TRUCK,1,0.04,8,Brand#12,WRAP DRUM,20,23,3,41512.7
F,F,R,COLLECT COD,Manufacturer#5,5-LOW,1,FURNITURE,MAIL,3,0.04,21,Brand#55,JUMBO CAN,16,20,1,34370.464
F,F,R,DELIVER IN PERSON,Manufacturer#4,3-MEDIUM,4,BUILDING,FOB,1,0,12,Brand#45,LG DRUM,46,12,0,22547.64
F,F,R,NONE,Manufacturer#2,2-HIGH,2,FURNITURE,MAIL,2,0.03,18,Brand#25,JUMBO BOX,36,15,2,18869.904
F,F,R,TAKE BACK RETURN,Manufacturer#3,2-HIGH,2,FURNITURE,SHIP,1,0.05,9,Brand#33,SM DRUM,13,27,4,37970.9208
O,O,N,TAKE BACK RETURN,Manufacturer#4,5-LOW,0,MACHINERY,FOB,3,0.07,18,Brand#44,MED BAG,6,18,2,27416.3526
F,F,A,DELIVER IN PERSON,Manufacturer#2,5-LOW,3,HOUSEHOLD,TRUCK,1,0.06,18,Brand#23,JUMBO BOX,40,29,2,52545.7148
O,O,N,TAKE BACK RETURN,Manufacturer#2,5-LOW,4,AUTOMOBILE,REG AIR,1,0.03,8,Brand#24,WRAP CAN,19,7,3,6887.1166
O,O,N,COLLECT COD,Manufacturer#4,3-MEDIUM,0,HOUSEHOLD,FOB,3,0.03,9,Brand#42,WRAP PKG,38,36,4,48295.116
O,O,N,TAKE BACK RETURN,Manufacturer#5,3-MEDIUM,0,HOUSEHOLD,FOB,4,0.01,21,Brand#52,JUMBO BAG,9,16,1,26021.0016
O,O,N,TAKE BACK RETURN,Manufacturer#5,3-MEDIUM,0,HOUSEHOLD,RAIL,5,0.04,21,Brand#51,JUMBO BAG,20,14,1,17934.7392
O,O,N,COLLECT COD,Manufacturer#4,3-MEDIUM,0,HOUSEHOLD,REG AIR,1,0.07,18,Brand#44,WRAP PKG,42,36,2,58283.3232
O,O,N,DELIVER IN PERSON,Manufacturer#4,3-MEDIUM,4,AUTOMOBILE,REG AIR,4,0.05,8,Brand#41,LG JAR,25,34,3,55203.4608
F,F,A,DELIVER IN PERSON,Manufacturer#2,4-NOT SPECIFIED,2,MACHINERY,RAIL,2,0.07,18,Brand#23,JUMBO BOX,40,48,2,83385.7344
F,F,R,DELIVER IN PERSON,Manufacturer#4,4-NOT SPECIFIED,2,MACHINERY,FOB,3,0,18,Brand#44,WRAP PACK,1,20,2,22805.7
O,O,N,NONE,Manufacturer#1,3-MEDIUM,3,BUILDING,MAIL,3,0.07,21,Brand#13,JUMBO BOX,8,28,1,23799.0844
O,O,N,NONE,Manufacturer#5,3-MEDIUM,3,BUILDING,SHIP,7,0.03,8,Brand#53,SM PKG,50,47,3,48957.6252
O,O,N,COLLECT COD,Manufacturer#5,3-MEDIUM,3,BUILDING,REG AIR,5,0.08,21,Brand#52,MED CASE,20,15,1,13305.888
O,O,N,DELIVER IN PERSON,Manufacturer#3,3-MEDIUM,3,FURNITURE,TRUCK,3,0.02,8,Brand#32,SM CASE,9,3,3,5108.373
O,O,N,NONE,Manufacturer#1,3-MEDIUM,3,FURNITURE,REG AIR,4,0.06,18,Brand#13,MED JAR,17,28,2,47499.8944
O,O,N,COLLECT COD,Manufacturer#1,3-MEDIUM,4,BUILDING,FOB,4,0.03,8,Brand#14,LG JAR,9,18,3,31967.1198
O,O,N,TAKE BACK RETURN,Manufacturer#3,2-HIGH,3,MACHINERY,TRUCK,1,0.07,12,Brand#34,MED CASE,43,2,0,2037.248
O,O,N,NONE,Manufacturer#1,2-HIGH,3,MACHINERY,RAIL,3,0.02,9,Brand#13,JUMBO JAR,16,47,4,78167.862
F,F,R,COLLECT COD,Manufacturer#3,2-HIGH,2,BUILDING,RAIL,3,0.05,9,Brand#35,SM CAN,39,30,4,31697.985
F,F,A,TAKE BACK RETURN,Manufacturer#2,2-HIGH,2,BUILDING,MAIL,6,0.03,21,Brand#24,WRAP CASE,26,1,1,1678.0064
O,O,N,TAKE BACK RETURN,Manufacturer#5,4-NOT SPECIFIED,1,HOUSEHOLD,AIR,1,0.07,18,Brand#51,MED JAR,11,44,2,55030.7384
O,O,N,NONE,Manufacturer#4,3-MEDIUM,4,AUTOMOBILE,MAIL,5,0,12,Brand#41,MED CASE,40,40,0,39426.84
O,O,N,NONE,Manufacturer#5,3-MEDIUM,4,AUTOMOBILE,MAIL,3,0.05,8,Brand#54,LG CASE,42,40,3,62157.74
F,F,R,TAKE BACK RETURN,Manufacturer#1,1-URGENT,2,AUTOMOBILE,MAIL,2,0.07,12,Brand#12,MED CASE,28,40,0,47205.888
O,O,N,COLLECT COD,Manufacturer#1,1-URGENT,3,HOUSEHOLD,SHIP,1,0.07,21,Brand#11,WRAP BOX,13,31,1,49843.1206
O,O,N,COLLECT COD,Manufacturer#5,4-NOT SPECIFIED,1,AUTOMOBILE,TRUCK,1,0.08,18,Brand#53,LG CASE,37,33,2,38479.8414
F,F,R,DELIVER IN PERSON,Manufacturer#3,1-URGENT,2,FURNITURE,SHIP,5,0.08,9,Brand#35,JUMBO CASE,42,18,4,24568.0848
F,F,A,COLLECT COD,Manufacturer#3,1-URGENT,2,FURNITURE,MAIL,1,0.06,18,Brand#33,SM BOX,32,34,2,53545.4168
F,F,A,NONE,Manufacturer#4,2-HIGH,3,MACHINERY,SHIP,2,0,21,Brand#44,LG CASE,44,9,1,15769.1016
F,F,A,NONE,Manufacturer#3,2-HIGH,3,MACHINERY,REG AIR,4,0.04,12,Brand#33,SM CASE,46,41,0,38615.3908
F,F,R,COLLECT COD,Manufacturer#3,2-HIGH,3,MACHINERY,RAIL,5,0.02,8,Brand#34,SM BAG,47,24,3,41089.776
F,F,A,DELIVER IN PERSON,Manufacturer#5,2-HIGH,3,MACHINERY,FOB,7,0.07,18,Brand#53,WRAP CAN,18,38,2,44188.5888
F,F,A,COLLECT COD,Manufacturer#1,4-NOT SPECIFIED,3,HOUSEHOLD,TRUCK,3,0.08,18,Brand#11,WRAP CASE,45,36,2,31673.4192
F,F,A,DELIVER IN PERSON,Manufacturer#2,4-NOT SPECIFIED,3,HOUSEHOLD,FOB,7,0.04,21,Brand#21,WRAP DRUM,34,32,1,51265.1328
F,F,R,DELIVER IN PERSON,Manufacturer#5,4-NOT SPECIFIED,3,HOUSEHOLD,MAIL,2,0.07,21,Brand#55,SM JAR,18,14,1,21367.1304
F,F,A,NONE,Manufacturer#3,4-NOT SPECIFIED,3,BUILDING,REG AIR,2,0.05,21,Brand#33,LG PACK,13,50,1,49483.44
F,F,A,COLLECT COD,Manufacturer#3,3-MEDIUM,0,MACHINERY,SHIP,2,0.05,12,Brand#34,WRAP JAR,43,31,0,36134.0805
F,F,A,TAKE BACK RETURN,Manufacturer#5,3-MEDIUM,0,MACHINERY,REG AIR,1,0.04,18,Brand#55,SM BOX,7,23,2,31030.3994
O,O,N,NONE,Manufacturer#4,4-NOT SPECIFIED,0,AUTOMOBILE,MAIL,1,0.03,9,Brand#42,WRAP BOX,11,12,4,22143.8448
O,O,N,COLLECT COD,Manufacturer#4,5-LOW,3,AUTOMOBILE,SHIP,3,0.03,8,Brand#43,JUMBO BOX,40,1,3,873.6455
O,O,N,DELIVER IN PERSON,Manufacturer#4,5-LOW,3,AUTOMOBILE,FOB,2,0.02,12,Brand#44,LG DRUM,18,31,0,36799.5978
O,O,N,DELIVER IN PERSON,Manufacturer#3,1-URGENT,3,AUTOMOBILE,AIR,3,0.06,8,Brand#33,WRAP BAG,11,21,3,34889.9397
F,F,A,COLLECT COD,Manufacturer#3,1-URGENT,0,AUTOMOBILE,RAIL,1,0.04,18,Brand#32,JUMBO JAR,21,43,2,80537.71
F,F,R,COLLECT COD,Manufacturer#1,2-HIGH,1,AUTOMOBILE,TRUCK,4,0.01,9,Brand#13,JUMBO JAR,16,49,4,81494.154
F,F,A,NONE,Manufacturer#5,2-HIGH,1,AUTOMOBILE,REG AIR,3,0.08,18,Brand#52,SM DRUM,14,35,2,37113.9825
F,F,A,TAKE BACK RETURN,Manufacturer#1,5-LOW,3,AUTOMOBILE,TRUCK,1,0,9,Brand#15,SM JAR,15,31,4,37942.9677
F,P,A,DELIVER IN PERSON,Manufacturer#1,4-NOT SPECIFIED,0,MACHINERY,RAIL,3,0.03,21,Brand#13,LG CAN,47,22,1,34930.5968
F,P,A,COLLECT COD,Manufacturer#3,4-NOT SPECIFIED,0,MACHINERY,MAIL,2,0.01,21,Brand#32,WRAP PKG,38,9,1,9122.382
O,O,N,TAKE BACK RETURN,Manufacturer#4,1-URGENT,1,MACHINERY,AIR,2,0.08,21,Brand#44,LG CASE,44,33,1,60895.5732
O,O,N,DELIVER IN PERSON,Manufacturer#4,2-HIGH,0,AUTOMOBILE,SHIP,3,0.06,9,Brand#43,LG PACK,44,47,4,59170.8192
O,O,N,TAKE BACK RETURN,Manufacturer#4,1-URGENT,2,AUTOMOBILE,RAIL,7,0,18,Brand#45,JUMBO CAN,13,41,2,44216.901
O,O,N,NONE,Manufacturer#3,1-URGENT,2,AUTOMOBILE,MAIL,3,0.06,18,Brand#34,MED JAR,46,42,2,57441.258
O,O,N,COLLECT COD,Manufacturer#5,1-URGENT,0,MACHINERY,REG AIR,1,0.06,18,Brand#51,MED PKG,47,44,2,74570.76
O,O,N,DELIVER IN PERSON,Manufacturer#1,1-URGENT,0,MACHINERY,AIR,5,0.02,12,Brand#15,SM PACK,1,11,0,19252.6664
F,F,A,NONE,Manufacturer#4,2-HIGH,0,AUTOMOBILE,AIR,6,0.06,21,Brand#42,SM PKG,2,49,1,47296.6277
F,F,R,COLLECT COD,Manufacturer#5,2-HIGH,0,AUTOMOBILE,REG AIR,1,0.06,8,Brand#51,MED DRUM,9,23,3,25876.518
F,F,R,NONE,Manufacturer#2,1-URGENT,2,BUILDING,AIR,1,0.03,21,Brand#24,WRAP PACK,40,42,1,44614.206
O,O,N,DELIVER IN PERSON,Manufacturer#4,5-LOW,2,FURNITURE,REG AIR,7,0.03,12,Brand#41,LG BAG,30,5,0,5348.208
O,O,N,TAKE BACK RETURN,Manufacturer#3,5-LOW,2,FURNITURE,REG AIR,6,0.08,8,Brand#32,LG PKG,14,4,3,5265.8424
O,O,N,TAKE BACK RETURN,Manufacturer#2,5-LOW,2,FURNITURE,RAIL,5,0.03,18,Brand#23,MED CAN,31,33,2,51625.299
F,F,R,DELIVER IN PERSON,Manufacturer#5,3-MEDIUM,2,AUTOMOBILE,SHIP,3,0.05,12,Brand#54,LG CAN,35,29,0,28736.129
F,F,A,COLLECT COD,Manufacturer#4,3-MEDIUM,2,AUTOMOBILE,AIR,5,0.01,8,Brand#41,SM PACK,44,19,3,22743.4389
F,F,A,DELIVER IN PERSON,Manufacturer#4,3-MEDIUM,2,AUTOMOBILE,MAIL,1,0.02,12,Brand#44,WRAP PACK,34,34,0,58471.602
O,O,N,DELIVER IN PERSON,Manufacturer#2,4-NOT SPECIFIED,4,BUILDING,AIR,2,0,8,Brand#25,MED DRUM,10,49,3,50195.943
O,O,N,TAKE BACK RETURN,Manufacturer#5,1-URGENT,2,BUILDING,SHIP,1,0.05,21,Brand#51,MED BAG,15,42,1,58797.8832
F,F,A,DELIVER IN PERSON,Manufacturer#4,2-HIGH,2,MACHINERY,TRUCK,5,0.04,18,Brand#44,MED BAG,6,45,2,75319.65
F,F,R,COLLECT COD,Manufacturer#3,2-HIGH,2,MACHINERY,AIR,4,0.06,18,Brand#34,WRAP JAR,2,41,2,62859.2976
F,F,R,DELIVER IN PERSON,Manufacturer#3,2-HIGH,2,MACHINERY,SHIP,6,0,12,Brand#34,SM PKG,27,37,0,59995.8996
O,O,N,TAKE BACK RETURN,Manufacturer#3,1-URGENT,2,AUTOMOBILE,RAIL,1,0.08,9,Brand#32,MED CASE,29,30,4,45065.202
F,F,A,COLLECT COD,Manufacturer#5,3-MEDIUM,4,AUTOMOBILE,AIR,3,0,21,Brand#51,LG CAN,10,12,1,14178.4188
F,F,A,TAKE BACK RETURN,Manufacturer#5,3-MEDIUM,4,AUTOMOBILE,TRUCK,1,0.07,21,Brand#55,JUMBO BAG,3,18,1,15484.8348
F,F,R,TAKE BACK RETURN,Manufacturer#2,3-MEDIUM,4,AUTOMOBILE,AIR,4,0.05,9,Brand#21,WRAP BAG,44,4,4,5537.92
F,F,A,NONE,Manufacturer#1,3-MEDIUM,1,HOUSEHOLD,TRUCK,2,0.03,18,Brand#13,MED CASE,47,39,2,52509.9393
F,F,R,TAKE BACK RETURN,Manufacturer#1,3-MEDIUM,1,HOUSEHOLD,AIR,3,0.07,18,Brand#13,SM BOX,18,7,2,12132.8312
F,F,A,COLLECT COD,Manufacturer#3,1-URGENT,3,BUILDING,RAIL,4,0.04,21,Brand#35,LG PKG,5,38,1,56845.587
F,F,R,TAKE BACK RETURN,Manufacturer#5,1-URGENT,3,BUILDING,MAIL,6,0.02,18,Brand#55,JUMBO CASE,25,6,2,5435.3106
O,O,N,COLLECT COD,Manufacturer#4,3-MEDIUM,0,FURNITURE,REG AIR,1,0,8,Brand#42,LG CAN,38,37,3,45946.8405
O,O,N,NONE,Manufacturer#2,3-MEDIUM,0,FURNITURE,AIR,2,0.05,9,Brand#21,MED CAN,28,45,4,78490.512
F,F,A,COLLECT COD,Manufacturer#4,2-HIGH,1,FURNITURE,AIR,3,0.06,18,Brand#41,WRAP PKG,26,4,2,4365.4156
F,F,R,DELIVER IN PERSON,Manufacturer#3,2-HIGH,1,BUILDING,REG AIR,5,0.08,18,Brand#32,WRAP DRUM,27,32,2,41580.48
O,O,N,COLLECT COD,Manufacturer#2,3-MEDIUM,1,AUTOMOBILE,REG AIR,3,0.02,12,Brand#22,SM BAG,5,41,0,40466.8032
O,O,N,DELIVER IN PERSON,Manufacturer#2,4-NOT SPECIFIED,4,FURNITURE,AIR,7,0,9,Brand#23,SM PACK,20,42,4,70844.76
F,F,R,DELIVER IN PERSON,Manufacturer#1,1-URGENT,2,HOUSEHOLD,FOB,5,0.02,9,Brand#11,LG DRUM,1,11,4,15371.3439
F,F,A,COLLECT COD,Manufacturer#1,1-URGENT,2,HOUSEHOLD,FOB,2,0.05,18,Brand#14,JUMBO BAG,10,49,2,80523.121
F,F,A,DELIVER IN PERSON,Manufacturer#5,2-HIGH,1,HOUSEHOLD,AIR,2,0.02,8,Brand#51,JUMBO CASE,33,13,3,14207.7754
F,F,A,TAKE BACK RETURN,Manufacturer#3,2-HIGH,1,HOUSEHOLD,MAIL,4,0.02,18,Brand#35,WRAP BAG,46,34,2,30266.069
F,F,R,TAKE BACK RETURN,Manufacturer#1,2-HIGH,1,HOUSEHOLD,MAIL,3,0.07,8,Brand#11,SM CAN,44,39,3,67860.0819
O,O,N,COLLECT COD,Manufacturer#5,3-MEDIUM,1,BUILDING,RAIL,5,0.07,21,Brand#51,LG CAN,8,4,1,6719.5004
O,O,N,COLLECT COD,Manufacturer#2,3-MEDIUM,1,BUILDING,FOB,4,0.01,9,Brand#25,SM CASE,22,17,4,16161.3543
F,F,R,NONE,Manufacturer#4,2-HIGH,2,AUTOMOBILE,RAIL,2,0.05,18,Brand#41,SM PACK,43,17,2,17362.3839
F,F,A,NONE,Manufacturer#1,4-NOT SPECIFIED,0,HOUSEHOLD,SHIP,6,0.05,21,Brand#11,LG JAR,30,16,1,21680.64
O,O,N,DELIVER IN PERSON,Manufacturer#3,5-LOW,2,FURNITURE,SHIP,4,0.02,8,Brand#33,SM CASE,46,49,3,44737.343
F,F,A,TAKE BACK RETURN,Manufacturer#4,4-NOT SPECIFIED,4,FURNITURE,SHIP,1,0.03,8,Brand#44,WRAP BAG,38,15,3,24474.285
O,O,N,COLLECT COD,Manufacturer#4,4-NOT SPECIFIED,0,FURNITURE,REG AIR,1,0.08,18,Brand#45,JUMBO BOX,44,46,2,62592.6784
O,O,N,NONE,Manufacturer#4,4-NOT SPECIFIED,0,FURNITURE,RAIL,2,0.05,8,Brand#42,LG DRUM,48,30,3,41543.01
O,O,N,DELIVER IN PERSON,Manufacturer#1,2-HIGH,4,MACHINERY,RAIL,1,0.06,8,Brand#15,LG CASE,41,9,3,15158.0385
F,F,A,TAKE BACK RETURN,Manufacturer#4,3-MEDIUM,3,BUILDING,FOB,1,0.06,18,Brand#42,WRAP BAG,13,48,2,68432.1024
O,O,N,TAKE BACK RETURN,Manufacturer#5,3-MEDIUM,1,HOUSEHOLD,SHIP,5,0.05,21,Brand#52,MED JAR,22,36,1,65124.7632
O,O,N,TAKE BACK RETURN,Manufacturer#5,3-MEDIUM,1,HOUSEHOLD,RAIL,1,0,12,Brand#52,MED PKG,33,26,0,41321.4256
F,F,R,TAKE BACK RETURN,Manufacturer#1,5-LOW,1,FURNITURE,REG AIR,4,0.01,8,Brand#11,MED CASE,13,41,3,46241.3457
F,F,R,COLLECT COD,Manufacturer#5,5-LOW,1,FURNITURE,SHIP,1,0,18,Brand#51,SM PACK,30,33,2,49331.4822
F,F,A,DELIVER IN PERSON,Manufacturer#5,5-LOW,1,FURNITURE,SHIP,3,0.04,9,Brand#52,LG CASE,2,7,4,6384.2688
O,O,N,TAKE BACK RETURN,Manufacturer#5,2-HIGH,2,HOUSEHOLD,SHIP,3,0,18,Brand#53,WRAP CAN,18,46,2,52377.0444
F,F,R,DELIVER IN PERSON,Manufacturer#3,2-HIGH,4,FURNITURE,RAIL,4,0.01,18,Brand#32,LG PKG,6,19,2,24003.8115
F,F,R,TAKE BACK RETURN,Manufacturer#2,2-HIGH,4,FURNITURE,SHIP,3,0.01,21,Brand#23,WRAP DRUM,12,14,1,13072.7688
O,O,N,NONE,Manufacturer#1,3-MEDIUM,4,FURNITURE,RAIL,7,0.07,21,Brand#12,SM DRUM,16,2,1,2068.5648
O,O,N,DELIVER IN PERSON,Manufacturer#2,3-MEDIUM,4,FURNITURE,TRUCK,5,0.03,8,Brand#22,WRAP JAR,23,21,3,21096.9696
O,O,N,NONE,Manufacturer#1,3-MEDIUM,4,FURNITURE,REG AIR,3,0.02,8,Brand#14,LG PACK,44,37,3,55560.902
F,F,R,NONE,Manufacturer#4,1-URGENT,0,AUTOMOBILE,MAIL,1,0.08,8,Brand#45,SM PACK,30,4,3,5165.9484
F,P,N,COLLECT COD,Manufacturer#3,5-LOW,2,MACHINERY,SHIP,2,0.03,18,Brand#32,LG CAN,1,20,2,21664.56
O,P,N,NONE,Manufacturer#4,5-LOW,2,MACHINERY,REG AIR,5,0.06,12,Brand#45,MED JAR,16,12,0,13637.706
O,O,N,TAKE BACK RETURN,Manufacturer#2,1-URGENT,0,FURNITURE,FOB,1,0.08,12,Brand#21,LG DRUM,21,42,0,58652.496
O,O,N,COLLECT COD,Manufacturer#3,1-URGENT,0,FURNITURE,RAIL,3,0.04,21,Brand#31,SM PKG,4,50,1,43427.7
F,F,R,TAKE BACK RETURN,Manufacturer#5,3-MEDIUM,1,MACHINERY,REG AIR,6,0.01,9,Brand#52,MED BAG,44,14,4,22498.665
F,F,A,TAKE BACK RETURN,Manufacturer#2,3-MEDIUM,1,MACHINERY,FOB,1,0.07,8,Brand#25,JUMBO CAN,3,28,3,24898.398
F,F,A,DELIVER IN PERSON,Manufacturer#4,3-MEDIUM,1,MACHINERY,AIR,2,0,12,Brand#43,LG BAG,26,41,0,59018.9752
F,F,R,TAKE BACK RETURN,Manufacturer#1,2-HIGH,0,FURNITURE,REG AIR,2,0.07,9,Brand#15,JUMBO CASE,3,9,4,9779.13
F,F,R,COLLECT COD,Manufacturer#4,1-URGENT,2,FURNITURE,SHIP,2,0.08,9,Brand#41,JUMBO PACK,44,33,4,37938.3642
O,O,N,DELIVER IN PERSON,Manufacturer#3,5-LOW,2,AUTOMOBILE,REG AIR,7,0.03,8,Brand#34,WRAP BAG,5,29,3,34450.6689
O,O,N,DELIVER IN PERSON,Manufacturer#5,5-LOW,2,AUTOMOBILE,REG AIR,1,0.07,21,Brand#54,LG PACK,43,49,1,75269.88
O,O,N,COLLECT COD,Manufacturer#3,1-URGENT,0,MACHINERY,REG AIR,2,0.02,8,Brand#35,WRAP BOX,14,32,3,37508.3136
F,F,A,COLLECT COD,Manufacturer#1,3-MEDIUM,1,HOUSEHOLD,RAIL,3,0.04,12,Brand#15,JUMBO DRUM,28,21,0,30342.7845
O,O,N,TAKE BACK RETURN,Manufacturer#3,2-HIGH,4,FURNITURE,TRUCK,2,0.04,18,Brand#33,SM BOX,32,11,2,17323.5172
O,O,N,NONE,Manufacturer#1,5-LOW,4,AUTOMOBILE,TRUCK,1,0.01,21,Brand#11,WRAP JAR,24,33,1,56981.5686
O,O,N,DELIVER IN PERSON,Manufacturer#5,5-LOW,4,AUTOMOBILE,RAIL,1,0.06,18,Brand#52,MED DRUM,44,14,2,14546.0742
O,O,N,TAKE BACK RETURN,Manufacturer#1,2-HIGH,3,MACHINERY,REG AIR,3,0.01,8,Brand#14,SM CAN,2,1,3,1071.809
O,O,N,NONE,Manufacturer#5,2-HIGH,3,MACHINERY,TRUCK,2,0,8,Brand#55,JUMBO CAN,47,17,3,16761.1296
F,F,A,NONE,Manufacturer#3,5-LOW,3,BUILDING,AIR,1,0.05,12,Brand#35,LG DRUM,14,50,0,57679.725
F,F,R,COLLECT COD,Manufacturer#5,5-LOW,3,BUILDING,MAIL,2,0.08,18,Brand#52,MED CASE,20,50,2,43428.94
F,P,R,COLLECT COD,Manufacturer#3,1-URGENT,4,AUTOMOBILE,REG AIR,2,0.04,8,Brand#32,LG PKG,21,18,3,23785.4016
O,O,N,DELIVER IN PERSON,Manufacturer#4,5-LOW,1,MACHINERY,RAIL,2,0.01,8,Brand#42,SM DRUM,45,15,3,22447.4085
O,O,N,TAKE BACK RETURN,Manufacturer#3,5-LOW,1,MACHINERY,RAIL,3,0.07,18,Brand#31,WRAP JAR,4,42,2,67661.2188
F,F,A,COLLECT COD,Manufacturer#2,4-NOT SPECIFIED,4,BUILDING,SHIP,6,0.05,8,Brand#22,WRAP BAG,2,42,3,41776.7616
F,F,A,DELIVER IN PERSON,Manufacturer#2,4-NOT SPECIFIED,4,BUILDING,FOB,3,0.02,21,Brand#24,MED DRUM,31,28,1,25775.9264
O,O,N,COLLECT COD,Manufacturer#1,4-NOT SPECIFIED,1,BUILDING,MAIL,1,0.02,8,Brand#13,LG PACK,1,8,3,10042.792
O,O,N,COLLECT COD,Manufacturer#4,5-LOW,0,AUTOMOBILE,REG AIR,5,0.03,8,Brand#41,WRAP CASE,50,31,3,39524.3087
O,O,N,TAKE BACK RETURN,Manufacturer#4,5-LOW,0,AUTOMOBILE,MAIL,7,0.04,9,Brand#43,LG PACK,44,38,4,48836.9084
O,O,N,COLLECT COD,Manufacturer#2,5-LOW,0,AUTOMOBILE,MAIL,4,0.07,18,Brand#21,JUMBO DRUM,49,45,2,67252.68
O,O,N,DELIVER IN PERSON,Manufacturer#5,2-HIGH,0,BUILDING,RAIL,3,0.03,21,Brand#52,MED JAR,48,47,1,78454.6419
F,F,R,NONE,Manufacturer#2,4-NOT SPECIFIED,0,BUILDING,RAIL,2,0.02,12,Brand#25,LG DRUM,25,27,0,22752.3114
O,O,N,COLLECT COD,Manufacturer#5,1-URGENT,2,BUILDING,REG AIR,2,0.07,18,Brand#54,WRAP BOX,13,29,2,45644.4108
O,O,N,DELIVER IN PERSON,Manufacturer#5,5-LOW,1,FURNITURE,FOB,4,0.07,9,Brand#51,MED JAR,11,32,4,41260.16
F,F,R,TAKE BACK RETURN,Manufacturer#5,3-MEDIUM,1,FURNITURE,RAIL,2,0.02,21,Brand#51,JUMBO JAR,20,2,1,2180.36
F,F,R,COLLECT COD,Manufacturer#4,1-URGENT,0,HOUSEHOLD,FOB,3,0.03,8,Brand#41,WRAP CASE,50,40,3,48896.052
F,F,R,NONE,Manufacturer#3,1-URGENT,0,HOUSEHOLD,TRUCK,2,0,9,Brand#33,LG CAN,1,49,4,87689.9982
F,F,A,COLLECT COD,Manufacturer#1,5-LOW,4,BUILDING,AIR,3,0,21,Brand#13,WRAP PACK,28,45,1,44440.5015
F,F,R,DELIVER IN PERSON,Manufacturer#3,5-LOW,4,BUILDING,MAIL,4,0,21,Brand#32,JUMBO JAR,16,23,1,38671.441
O,O,N,NONE,Manufacturer#3,3-MEDIUM,1,AUTOMOBILE,RAIL,2,0.06,8,Brand#32,LG JAR,31,43,3,73762.4064
F,F,R,COLLECT COD,Manufacturer#5,1-URGENT,2,FURNITURE,AIR,2,0.04,18,Brand#52,WRAP CASE,10,21,2,32723.985
F,F,A,DELIVER IN PERSON,Manufacturer#4,1-URGENT,2,FURNITURE,FOB,6,0.02,21,Brand#41,MED CASE,15,10,1,11376.876
F,F,R,DELIVER IN PERSON,Manufacturer#5,1-URGENT,2,FURNITURE,FOB,7,0.06,9,Brand#52,MED JAR,48,18,4,31661.8596
F,F,A,DELIVER IN PERSON,Manufacturer#1,4-NOT SPECIFIED,3,HOUSEHOLD,TRUCK,3,0.05,9,Brand#14,MED PACK,43,41,4,48834.198
F,F,A,NONE,Manufacturer#2,4-NOT SPECIFIED,3,HOUSEHOLD,RAIL,4,0.06,9,Brand#25,SM PKG,31,16,4,30271.84
O,O,N,TAKE BACK RETURN,Manufacturer#1,5-LOW,3,BUILDING,SHIP,1,0.08,12,Brand#11,MED BAG,20,11,0,11468.8035
F,F,R,DELIVER IN PERSON,Manufacturer#4,3-MEDIUM,4,BUILDING,MAIL,2,0,12,Brand#41,JUMBO DRUM,6,8,0,9730.888
O,O,N,DELIVER IN PERSON,Manufacturer#5,3-MEDIUM,3,HOUSEHOLD,RAIL,1,0.06,8,Brand#55,LG BAG,10,21,3,22416.2232
F,F,A,DELIVER IN PERSON,Manufacturer#2,3-MEDIUM,3,BUILDING,MAIL,5,0.03,18,Brand#25,LG PKG,19,26,2,34698.8096
F,F,A,NONE,Manufacturer#3,3-MEDIUM,3,BUILDING,FOB,2,0.02,21,Brand#31,JUMBO BAG,9,36,1,31404.1968
F,F,R,NONE,Manufacturer#5,2-HIGH,4,FURNITURE,TRUCK,1,0.04,8,Brand#51,JUMBO CASE,33,21,3,21545.8572
F,F,A,TAKE BACK RETURN,Manufacturer#4,2-HIGH,4,FURNITURE,TRUCK,2,0,18,Brand#45,JUMBO CAN,34,5,2,8001.239
O,O,N,COLLECT COD,Manufacturer#5,2-HIGH,1,MACHINERY,RAIL,1,0.06,18,Brand#53,SM DRUM,11,33,2,41972.0928
O,O,N,COLLECT COD,Manufacturer#5,2-HIGH,1,MACHINERY,AIR,4,0.06,12,Brand#51,JUMBO BOX,47,28,0,41343.1872
O,O,N,NONE,Manufacturer#4,2-HIGH,1,MACHINERY,REG AIR,3,0.01,12,Brand#44,SM JAR,27,46,0,61387.276
O,O,N,COLLECT COD,Manufacturer#4,2-HIGH,1,MACHINERY,REG AIR,2,0.04,18,Brand#44,LG PKG,41,25,2,26896.87
O,O,N,COLLECT COD,Manufacturer#2,4-NOT SPECIFIED,3,BUILDING,SHIP,2,0.02,18,Brand#24,MED DRUM,31,1,2,930.0592
O,O,N,COLLECT COD,Manufacturer#3,4-NOT SPECIFIED,3,BUILDING,TRUCK,6,0.07,18,Brand#32,WRAP DRUM,27,48,2,58004.7696
O,O,N,NONE,Manufacturer#1,1-URGENT,4,FURNITURE,FOB,3,0.03,9,Brand#11,MED JAR,33,40,4,51257.844
O,O,N,TAKE BACK RETURN,Manufacturer#1,5-LOW,2,FURNITURE,TRUCK,2,0.07,8,Brand#15,JUMBO JAR,16,44,3,55555.1172
O,O,N,NONE,Manufacturer#2,1-URGENT,0,AUTOMOBILE,SHIP,7,0.06,18,Brand#24,MED JAR,9,45,2,66087.819
O,O,N,DELIVER IN PERSON,Manufacturer#4,1-URGENT,0,AUTOMOBILE,RAIL,5,0.03,9,Brand#44,LG PACK,34,43,4,47319.909
F,F,A,TAKE BACK RETURN,Manufacturer#1,1-URGENT,3,BUILDING,REG AIR,6,0.08,8,Brand#15,WRAP JAR,47,23,3,29849.5311
F,F,A,DELIVER IN PERSON,Manufacturer#5,1-URGENT,3,BUILDING,SHIP,4,0.05,12,Brand#55,SM CAN,43,16,0,21226.648
F,F,R,COLLECT COD,Manufacturer#1,1-URGENT,3,BUILDING,RAIL,1,0.08,9,Brand#13,WRAP CASE,24,29,4,26337.51
O,O,N,DELIVER IN PERSON,Manufacturer#1,2-HIGH,1,FURNITURE,REG AIR,1,0.04,12,Brand#11,WRAP JAR,20,38,0,61467.6904
O,O,N,NONE,Manufacturer#3,2-HIGH,1,FURNITURE,RAIL,2,0.03,18,Brand#33,JUMBO JAR,3,27,2,29005.1874
F,F,A,NONE,Manufacturer#1,2-HIGH,4,FURNITURE,REG AIR,7,0.06,8,Brand#13,SM BAG,29,8,3,12789.128
O,O,N,DELIVER IN PERSON,Manufacturer#1,2-HIGH,0,MACHINERY,RAIL,3,0.03,21,Brand#13,JUMBO PACK,39,23,1,27678.2506
O,O,N,NONE,Manufacturer#5,2-HIGH,3,FURNITURE,TRUCK,1,0.03,21,Brand#52,LG BOX,45,18,1,16108.884
O,O,N,TAKE BACK RETURN,Manufacturer#1,5-LOW,2,AUTOMOBILE,AIR,1,0.06,21,Brand#14,SM PACK,10,22,1,20723.3026
O,O,N,DELIVER IN PERSON,Manufacturer#4,5-LOW,2,AUTOMOBILE,FOB,2,0.06,21,Brand#43,MED CASE,1,4,1,6077.4756
O,O,N,COLLECT COD,Manufacturer#3,5-LOW,2,AUTOMOBILE,MAIL,3,0.01,18,Brand#33,JUMBO PACK,35,18,2,17398.1808
O,O,N,DELIVER IN PERSON,Manufacturer#2,4-NOT SPECIFIED,3,BUILDING,REG AIR,2,0.01,21,Brand#22,WRAP DRUM,26,3,1,4787.3445
O,O,N,COLLECT COD,Manufacturer#2,4-NOT SPECIFIED,3,BUILDING,RAIL,7,0.05,9,Brand#23,LG BAG,35,17,4,29578.0212
F,F,A,COLLECT COD,Manufacturer#3,5-LOW,3,BUILDING,SHIP,3,0.02,12,Brand#31,LG PKG,47,31,0,33347.2952
O,P,N,TAKE BACK RETURN,Manufacturer#3,2-HIGH,3,BUILDING,MAIL,2,0.04,9,Brand#31,WRAP CASE,26,11,4,18324.405
O,O,N,NONE,Manufacturer#3,1-URGENT,4,AUTOMOBILE,MAIL,2,0,18,Brand#35,LG PKG,5,31,2,44421.4407
O,O,N,COLLECT COD,Manufacturer#5,3-MEDIUM,3,BUILDING,MAIL,1,0.02,18,Brand#52,WRAP CASE,10,19,2,30552.3325
O,O,N,COLLECT COD,Manufacturer#2,3-MEDIUM,3,BUILDING,RAIL,2,0.01,18,Brand#24,MED JAR,9,31,2,45062.6013
O,O,N,DELIVER IN PERSON,Manufacturer#2,3-MEDIUM,3,BUILDING,FOB,3,0.07,8,Brand#23,SM PACK,14,21,3,25000.5084
F,F,A,TAKE BACK RETURN,Manufacturer#3,4-NOT SPECIFIED,0,BUILDING,FOB,1,0.08,21,Brand#35,WRAP BAG,3,33,1,52771.2768
F,F,A,DELIVER IN PERSON,Manufacturer#5,2-HIGH,2,FURNITURE,RAIL,3,0,21,Brand#51,LG BOX,48,41,1,42222.456
F,F,A,COLLECT COD,Manufacturer#5,3-MEDIUM,4,FURNITURE,TRUCK,3,0.03,21,Brand#51,JUMBO PACK,30,38,1,52425.6664
F,F,R,TAKE BACK RETURN,Manufacturer#3,3-MEDIUM,4,FURNITURE,FOB,2,0.05,9,Brand#31,JUMBO JAR,38,47,4,75881.9136
F,F,R,DELIVER IN PERSON,Manufacturer#3,3-MEDIUM,4,MACHINERY,RAIL,4,0.08,8,Brand#34,JUMBO CAN,20,41,3,67369.2525
F,F,A,DELIVER IN PERSON,Manufacturer#2,3-MEDIUM,4,MACHINERY,RAIL,5,0.01,21,Brand#23,JUMBO BAG,44,4,1,5946.3
O,O,N,DELIVER IN PERSON,Manufacturer#2,2-HIGH,4,MACHINERY,SHIP,4,0,9,Brand#24,JUMBO BOX,27,19,4,29080.2258
O,O,N,DELIVER IN PERSON,Manufacturer#5,2-HIGH,4,MACHINERY,REG AIR,3,0.01,21,Brand#52,JUMBO BAG,9,9,1,14636.8134
O,O,N,TAKE BACK RETURN,Manufacturer#1,2-HIGH,4,MACHINERY,TRUCK,2,0.08,18,Brand#13,LG DRUM,22,3,2,4641.7128
F,F,R,DELIVER IN PERSON,Manufacturer#1,1-URGENT,4,FURNITURE,FOB,4,0.06,12,Brand#15,JUMBO JAR,36,29,0,26930.8413
F,F,A,TAKE BACK RETURN,Manufacturer#4,1-URGENT,4,FURNITURE,MAIL,2,0,21,Brand#45,LG PKG,38,40,1,48202.792
F,F,R,NONE,Manufacturer#1,1-URGENT,4,FURNITURE,FOB,3,0.08,8,Brand#12,MED DRUM,2,39,3,53029.6767
O,O,N,NONE,Manufacturer#1,2-HIGH,2,HOUSEHOLD,FOB,1,0.08,21,Brand#15,WRAP BOX,26,46,1,66126.38
O,O,N,TAKE BACK RETURN,Manufacturer#5,2-HIGH,1,BUILDING,SHIP,3,0.04,18,Brand#54,LG CAN,49,20,2,21263.2
O,O,N,DELIVER IN PERSON,Manufacturer#2,2-HIGH,3,MACHINERY,MAIL,4,0.02,9,Brand#24,WRAP PKG,27,21,4,37288.4652
O,O,N,COLLECT COD,Manufacturer#1,5-LOW,3,HOUSEHOLD,TRUCK,4,0.01,18,Brand#13,MED JAR,17,23,2,40714.1952
O,O,N,COLLECT COD,Manufacturer#5,5-LOW,3,HOUSEHOLD,SHIP,6,0.04,9,Brand#51,LG CASE,24,2,4,2120.8278
O,O,N,NONE,Manufacturer#1,1-URGENT,4,FURNITURE,MAIL,5,0.04,18,Brand#11,LG JAR,30,25,2,35381.6
O,O,N,COLLECT COD,Manufacturer#2,1-URGENT,4,HOUSEHOLD,MAIL,3,0.03,21,Brand#24,MED PKG,48,22,1,31265.8434
F,F,A,NONE,Manufacturer#5,3-MEDIUM,0,BUILDING,RAIL,1,0.07,8,Brand#51,WRAP BOX,25,16,3,22516.0064
O,O,N,DELIVER IN PERSON,Manufacturer#5,2-HIGH,2,FURNITURE,AIR,3,0.01,18,Brand#52,MED BOX,22,2,2,2709.5288
O,O,N,COLLECT COD,Manufacturer#3,2-HIGH,2,FURNITURE,SHIP,5,0.04,18,Brand#35,SM DRUM,21,7,2,8049.4456
F,F,R,TAKE BACK RETURN,Manufacturer#3,5-LOW,3,BUILDING,RAIL,1,0.01,9,Brand#32,LG CAN,33,16,4,17652.3264
F,F,A,TAKE BACK RETURN,Manufacturer#4,1-URGENT,3,AUTOMOBILE,FOB,5,0.08,9,Brand#45,JUMBO PACK,14,7,4,6562.9872
F,F,R,TAKE BACK RETURN,Manufacturer#4,1-URGENT,3,AUTOMOBILE,SHIP,2,0.07,8,Brand#43,MED CAN,43,19,3,23798.3208
F,F,R,TAKE BACK RETURN,Manufacturer#2,1-URGENT,3,AUTOMOBILE,RAIL,4,0.02,9,Brand#22,WRAP BAG,2,43,4,42771.4464
O,O,N,COLLECT COD,Manufacturer#4,1-URGENT,4,FURNITURE,REG AIR,1,0.04,21,Brand#44,LG CAN,25,43,1,65743.173
F,F,A,TAKE BACK RETURN,Manufacturer#4,2-HIGH,4,BUILDING,REG AIR,2,0.05,8,Brand#43,LG DRUM,12,49,3,56060.165
F,F,R,NONE,Manufacturer#2,2-HIGH,4,BUILDING,AIR,1,0.05,9,Brand#23,JUMBO PACK,17,12,4,18088.7256
O,O,N,COLLECT COD,Manufacturer#3,4-NOT SPECIFIED,1,MACHINERY,MAIL,2,0.03,9,Brand#32,WRAP CAN,25,12,4,14854.158
F,F,A,DELIVER IN PERSON,Manufacturer#1,3-MEDIUM,3,AUTOMOBILE,AIR,3,0.06,8,Brand#11,SM JAR,35,16,3,24543.592
F,F,R,TAKE BACK RETURN,Manufacturer#4,3-MEDIUM,0,BUILDING,RAIL,1,0.01,12,Brand#45,MED DRUM,3,34,0,47388.6322
F,F,A,TAKE BACK RETURN,Manufacturer#1,3-MEDIUM,0,BUILDING,SHIP,2,0.07,12,Brand#14,WRAP BAG,13,11,0,18699.6216
F,F,A,COLLECT COD,Manufacturer#5,3-MEDIUM,0,BUILDING,TRUCK,6,0.01,9,Brand#52,LG CASE,21,21,4,34732.0512
F,F,R,TAKE BACK RETURN,Manufacturer#3,1-URGENT,4,AUTOMOBILE,TRUCK,3,0.02,12,Brand#34,MED CASE,43,47,0,49436.48
F,F,A,NONE,Manufacturer#4,1-URGENT,4,FURNITURE,AIR,7,0.04,18,Brand#44,MED JAR,10,20,2,21007.35
F,F,R,DELIVER IN PERSON,Manufacturer#2,1-URGENT,4,FURNITURE,REG AIR,6,0.02,18,Brand#25,JUMBO BOX,9,1,2,984.1491
F,F,R,DELIVER IN PERSON,Manufacturer#1,1-URGENT,4,FURNITURE,AIR,2,0.05,8,Brand#13,SM BOX,18,16,3,28636.496
O,O,N,DELIVER IN PERSON,Manufacturer#3,4-NOT SPECIFIED,0,HOUSEHOLD,REG AIR,7,0.08,12,Brand#31,SM CAN,25,43,0,76405.41
O,O,N,DELIVER IN PERSON,Manufacturer#3,4-NOT SPECIFIED,0,HOUSEHOLD,FOB,5,0.02,8,Brand#33,WRAP DRUM,8,13,3,19551.3708
O,O,N,NONE,Manufacturer#1,3-MEDIUM,1,MACHINERY,MAIL,3,0.07,9,Brand#14,SM BOX,26,1,4,1002.3744
O,O,N,TAKE BACK RETURN,Manufacturer#5,3-MEDIUM,1,MACHINERY,TRUCK,1,0.06,18,Brand#51,LG PKG,8,5,2,5733.164
O,O,N,DELIVER IN PERSON,Manufacturer#3,3-MEDIUM,1,MACHINERY,RAIL,6,0.05,21,Brand#33,LG DRUM,7,7,1,6243.0144
O,O,N,TAKE BACK RETURN,Manufacturer#3,3-MEDIUM,1,MACHINERY,AIR,7,0,21,Brand#35,SM PACK,4,20,1,27129.03
O,O,N,DELIVER IN PERSON,Manufacturer#2,3-MEDIUM,1,MACHINERY,MAIL,4,0.02,9,Brand#24,MED PKG,13,44,4,55014.96
F,F,A,COLLECT COD,Manufacturer#4,3-MEDIUM,0,HOUSEHOLD,MAIL,7,0,12,Brand#43,LG CASE,7,8,0,13081.3592
F,F,R,NONE,Manufacturer#2,3-MEDIUM,0,HOUSEHOLD,RAIL,5,0.03,18,Brand#22,SM PKG,45,49,2,44237.2931
F,F,R,TAKE BACK RETURN,Manufacturer#3,3-MEDIUM,0,HOUSEHOLD,SHIP,2,0.06,8,Brand#33,WRAP CAN,6,24,3,38307.4944
O,O,N,COLLECT COD,Manufacturer#4,5-LOW,4,MACHINERY,MAIL,3,0.05,21,Brand#41,SM PACK,24,3,1,3859.0572
O,O,N,DELIVER IN PERSON,Manufacturer#3,5-LOW,4,MACHINERY,REG AIR,2,0.07,21,Brand#34,WRAP PACK,13,45,1,52414.992
F,F,R,TAKE BACK RETURN,Manufacturer#4,5-LOW,4,HOUSEHOLD,FOB,3,0.04,9,Brand#43,LG DRUM,12,15,4,18064.5
F,F,R,TAKE BACK RETURN,Manufacturer#1,5-LOW,4,HOUSEHOLD,SHIP,1,0.02,18,Brand#12,JUMBO BAG,40,28,2,39802.56
O,O,N,TAKE BACK RETURN,Manufacturer#2,4-NOT SPECIFIED,4,FURNITURE,REG AIR,6,0.07,18,Brand#24,WRAP CASE,26,31,2,46726.083
O,O,N,NONE,Manufacturer#1,4-NOT SPECIFIED,4,FURNITURE,TRUCK,2,0.04,9,Brand#14,JUMBO JAR,26,37,4,42152.7532
F,F,A,DELIVER IN PERSON,Manufacturer#3,4-NOT SPECIFIED,3,HOUSEHOLD,TRUCK,1,0.08,8,Brand#34,LG CAN,35,10,3,11154.654
O,O,N,NONE,Manufacturer#3,2-HIGH,0,BUILDING,FOB,1,0.01,21,Brand#33,JUMBO CAN,47,14,1,19358.5616
O,O,N,DELIVER IN PERSON,Manufacturer#3,1-URGENT,4,AUTOMOBILE,TRUCK,1,0.08,12,Brand#34,MED DRUM,29,31,0,42388.346
F,F,A,COLLECT COD,Manufacturer#3,4-NOT SPECIFIED,0,BUILDING,RAIL,4,0.05,12,Brand#35,LG PKG,6,44,0,61524.672
F,F,A,TAKE BACK RETURN,Manufacturer#1,4-NOT SPECIFIED,0,BUILDING,TRUCK,6,0.04,21,Brand#14,WRAP CASE,16,3,1,3903.5904
O,O,N,DELIVER IN PERSON,Manufacturer#5,3-MEDIUM,4,BUILDING,MAIL,5,0.02,12,Brand#51,SM PACK,33,2,0,3376.009
F,F,A,COLLECT COD,Manufacturer#4,3-MEDIUM,4,AUTOMOBILE,REG AIR,5,0.08,12,Brand#41,LG BAG,30,31,0,31086.459
F,F,R,NONE,Manufacturer#2,3-MEDIUM,4,AUTOMOBILE,FOB,6,0.02,18,Brand#25,LG CASE,39,29,2,33095.815
O,O,N,COLLECT COD,Manufacturer#4,4-NOT SPECIFIED,1,MACHINERY,FOB,4,0.07,21,Brand#44,MED DRUM,14,50,1,66955.3
O,O,N,DELIVER IN PERSON,Manufacturer#1,4-NOT SPECIFIED,1,MACHINERY,TRUCK,1,0.08,18,Brand#15,LG DRUM,6,35,2,53749.717
O,O,N,TAKE BACK RETURN,Manufacturer#1,4-NOT SPECIFIED,1,MACHINERY,MAIL,5,0.06,12,Brand#11,LG CASE,39,4,0,6093.16
F,F,R,NONE,Manufacturer#4,2-HIGH,1,AUTOMOBILE,TRUCK,2,0.03,18,Brand#42,LG BOX,19,38,2,55180.0128
F,F,R,DELIVER IN PERSON,Manufacturer#4,2-HIGH,1,AUTOMOBILE,FOB,1,0.03,21,Brand#41,WRAP PKG,26,6,1,7123.7826
F,F,A,NONE,Manufacturer#2,2-HIGH,1,AUTOMOBILE,REG AIR,4,0.04,8,Brand#24,WRAP JAR,14,25,3,36848.4025
F,F,A,DELIVER IN PERSON,Manufacturer#5,4-NOT SPECIFIED,0,AUTOMOBILE,MAIL,4,0.06,21,Brand#53,SM CASE,17,45,1,58138.965
O,O,N,NONE,Manufacturer#3,2-HIGH,3,BUILDING,FOB,2,0.04,8,Brand#33,JUMBO DRUM,3,32,3,30561.408
F,F,A,DELIVER IN PERSON,Manufacturer#1,5-LOW,1,HOUSEHOLD,REG AIR,2,0.03,21,Brand#15,LG BAG,32,31,1,26031.537
F,F,A,DELIVER IN PERSON,Manufacturer#5,5-LOW,1,HOUSEHOLD,TRUCK,1,0,18,Brand#53,WRAP PACK,29,38,2,33247.72
F,F,A,COLLECT COD,Manufacturer#2,5-LOW,1,HOUSEHOLD,RAIL,4,0.03,9,Brand#24,MED DRUM,31,13,4,11720.644
O,O,N,TAKE BACK RETURN,Manufacturer#2,3-MEDIUM,2,BUILDING,MAIL,2,0.05,18,Brand#25,SM PACK,28,12,2,18872.04
O,O,N,COLLECT COD,Manufacturer#5,3-MEDIUM,2,BUILDING,AIR,5,0.07,21,Brand#52,SM JAR,18,5,1,5485.95
O,O,N,DELIVER IN PERSON,Manufacturer#3,3-MEDIUM,2,BUILDING,AIR,1,0.08,12,Brand#33,WRAP BAG,7,27,0,28873.2114
O,O,N,COLLECT COD,Manufacturer#5,3-MEDIUM,2,BUILDING,TRUCK,7,0.08,8,Brand#55,SM CAN,14,8,3,11736.088
O,O,N,NONE,Manufacturer#3,2-HIGH,4,FURNITURE,SHIP,2,0.05,8,Brand#32,JUMBO JAR,16,44,3,73980.148
O,O,N,TAKE BACK RETURN,Manufacturer#5,2-HIGH,4,FURNITURE,SHIP,1,0.02,18,Brand#52,MED DRUM,44,2,2,2167.3874
F,F,R,DELIVER IN PERSON,Manufacturer#3,1-URGENT,1,BUILDING,REG AIR,1,0.03,21,Brand#32,MED PKG,5,29,1,31622.8731
F,F,A,TAKE BACK RETURN,Manufacturer#4,4-NOT SPECIFIED,1,BUILDING,TRUCK,1,0.07,21,Brand#41,JUMBO CASE,4,7,1,11938.437
O,O,N,DELIVER IN PERSON,Manufacturer#5,2-HIGH,3,FURNITURE,FOB,2,0.06,9,Brand#55,JUMBO DRUM,2,25,4,32154.045
O,O,N,DELIVER IN PERSON,Manufacturer#1,2-HIGH,3,FURNITURE,MAIL,1,0.05,18,Brand#12,SM PACK,36,40,2,75081.204
F,F,R,COLLECT COD,Manufacturer#1,4-NOT SPECIFIED,0,AUTOMOBILE,MAIL,1,0.06,18,Brand#14,JUMBO PACK,17,6,2,8123.1024
O,O,N,NONE,Manufacturer#3,5-LOW,0,FURNITURE,AIR,1,0.02,21,Brand#35,WRAP CASE,37,14,1,15145.6452
O,O,N,NONE,Manufacturer#4,3-MEDIUM,1,BUILDING,AIR,5,0.04,21,Brand#45,WRAP DRUM,27,45,1,47282.697
O,O,N,NONE,Manufacturer#5,3-MEDIUM,1,BUILDING,MAIL,1,0.03,21,Brand#54,SM BAG,1,34,1,55157.2072
O,O,N,NONE,Manufacturer#4,3-MEDIUM,1,BUILDING,REG AIR,3,0.01,8,Brand#41,MED CAN,8,9,3,14235.4179
O,O,N,COLLECT COD,Manufacturer#5,1-URGENT,0,BUILDING,RAIL,2,0.06,12,Brand#51,SM JAR,13,25,0,30304.05
O,O,N,TAKE BACK RETURN,Manufacturer#3,1-URGENT,0,BUILDING,RAIL,1,0.07,12,Brand#35,LG PACK,14,40,0,64887.552
F,F,A,DELIVER IN PERSON,Manufacturer#4,5-LOW,0,AUTOMOBILE,MAIL,2,0.08,8,Brand#43,MED JAR,42,20,3,29158.476
O,O,N,COLLECT COD,Manufacturer#4,3-MEDIUM,3,BUILDING,FOB,5,0.05,8,Brand#44,SM PKG,44,19,3,23038.4785
O,O,N,COLLECT COD,Manufacturer#1,3-MEDIUM,3,BUILDING,RAIL,2,0.02,12,Brand#14,SM PACK,9,50,0,51941.25
O,O,N,NONE,Manufacturer#5,3-MEDIUM,3,BUILDING,REG AIR,1,0.05,21,Brand#53,SM BOX,21,7,1,11421.7614
F,F,A,TAKE BACK RETURN,Manufacturer#1,3-MEDIUM,0,AUTOMOBILE,MAIL,2,0.06,18,Brand#15,SM DRUM,22,35,2,36439.9
F,F,A,TAKE BACK RETURN,Manufacturer#5,3-MEDIUM,3,AUTOMOBILE,SHIP,1,0.03,9,Brand#53,MED PKG,47,5,4,7730.278
F,F,A,DELIVER IN PERSON,Manufacturer#3,3-MEDIUM,3,AUTOMOBILE,TRUCK,3,0.06,21,Brand#32,LG BOX,9,3,1,3730.7232
O,O,N,NONE,Manufacturer#5,4-NOT SPECIFIED,3,MACHINERY,SHIP,1,0.06,21,Brand#53,WRAP DRUM,16,43,1,49264.1325
F,F,R,DELIVER IN PERSON,Manufacturer#5,5-LOW,4,FURNITURE,AIR,2,0.07,8,Brand#53,SM DRUM,11,38,3,52008.8976
F,F,R,COLLECT COD,Manufacturer#5,5-LOW,4,FURNITURE,SHIP,5,0.02,8,Brand#54,WRAP CASE,46,33,3,45635.9904
O,P,N,DELIVER IN PERSON,Manufacturer#1,3-MEDIUM,4,FURNITURE,SHIP,5,0.06,8,Brand#11,WRAP CAN,41,41,3,39006.7194
O,P,N,TAKE BACK RETURN,Manufacturer#4,3-MEDIUM,4,FURNITURE,SHIP,7,0.05,21,Brand#44,LG BOX,26,8,1,12805.52
F,P,N,TAKE BACK RETURN,Manufacturer#4,3-MEDIUM,4,FURNITURE,TRUCK,3,0.05,8,Brand#44,WRAP CAN,40,16,3,14874.2352
F,F,A,TAKE BACK RETURN,Manufacturer#4,1-URGENT,3,FURNITURE,AIR,2,0.02,9,Brand#43,LG CASE,13,24,4,24265.8576
F,F,A,TAKE BACK RETURN,Manufacturer#2,2-HIGH,4,BUILDING,REG AIR,1,0.05,8,Brand#21,SM PKG,41,2,3,3435.01
F,F,R,DELIVER IN PERSON,Manufacturer#3,2-HIGH,4,BUILDING,SHIP,2,0,8,Brand#35,WRAP CASE,1,48,3,51898.8288
O,O,N,NONE,Manufacturer#3,2-HIGH,4,BUILDING,REG AIR,1,0.08,21,Brand#32,WRAP BOX,46,3,1,3009.3912
O,O,N,NONE,Manufacturer#5,2-HIGH,4,BUILDING,MAIL,5,0.01,12,Brand#54,LG PKG,12,37,0,64573.5618
O,O,N,TAKE BACK RETURN,Manufacturer#4,2-HIGH,4,FURNITURE,TRUCK,1,0.08,9,Brand#43,LG PACK,44,3,4,3816.2031
O,O,N,NONE,Manufacturer#1,2-HIGH,4,FURNITURE,TRUCK,2,0.01,12,Brand#15,LG PACK,50,24,0,40596.5952
O,O,N,NONE,Manufacturer#2,1-URGENT,1,FURNITURE,RAIL,1,0.03,9,Brand#25,SM CAN,18,30,4,39213.45
F,F,R,TAKE BACK RETURN,Manufacturer#4,2-HIGH,1,BUILDING,MAIL,3,0.05,21,Brand#43,JUMBO PKG,17,12,1,14112.8988
O,O,N,COLLECT COD,Manufacturer#2,3-MEDIUM,2,BUILDING,AIR,2,0.05,9,Brand#22,JUMBO JAR,28,47,4,69949.7804
F,F,A,NONE,Manufacturer#2,5-LOW,4,HOUSEHOLD,MAIL,2,0.07,8,Brand#25,WRAP PACK,10,40,3,55102.32
O,O,N,DELIVER IN PERSON,Manufacturer#2,1-URGENT,1,BUILDING,MAIL,4,0.01,12,Brand#25,SM PACK,21,14,0,23735.6672
O,O,N,COLLECT COD,Manufacturer#1,5-LOW,4,BUILDING,MAIL,6,0.05,18,Brand#14,MED PACK,2,48,2,73197.6336
O,O,N,DELIVER IN PERSON,Manufacturer#3,5-LOW,4,BUILDING,TRUCK,5,0.05,8,Brand#35,JUMBO DRUM,21,2,3,2672.4576
O,O,N,COLLECT COD,Manufacturer#1,5-LOW,4,BUILDING,FOB,7,0.01,9,Brand#14,WRAP BAG,45,42,4,54751.2966
O,O,N,COLLECT COD,Manufacturer#1,2-HIGH,1,MACHINERY,FOB,4,0.05,9,Brand#11,JUMBO BAG,24,6,4,10854.1272
F,F,A,COLLECT COD,Manufacturer#4,5-LOW,3,HOUSEHOLD,RAIL,1,0.06,8,Brand#42,LG PACK,44,20,3,28776.42
F,F,R,DELIVER IN PERSON,Manufacturer#1,4-NOT SPECIFIED,1,MACHINERY,SHIP,3,0,21,Brand#12,WRAP BAG,17,42,1,43055.04
F,F,R,COLLECT COD,Manufacturer#2,4-NOT SPECIFIED,1,MACHINERY,RAIL,6,0.05,9,Brand#22,JUMBO JAR,28,12,4,17859.5184
O,O,N,NONE,Manufacturer#2,1-URGENT,0,FURNITURE,AIR,4,0.03,8,Brand#24,SM CAN,14,17,3,20949.61
O,O,N,DELIVER IN PERSON,Manufacturer#2,1-URGENT,0,FURNITURE,FOB,1,0,18,Brand#23,JUMBO BOX,40,49,2,90614.7396
O,O,N,DELIVER IN PERSON,Manufacturer#5,1-URGENT,0,FURNITURE,AIR,3,0.03,12,Brand#52,LG BOX,45,48,0,40696.128
O,O,N,NONE,Manufacturer#3,4-NOT SPECIFIED,1,BUILDING,RAIL,3,0.03,21,Brand#35,JUMBO PKG,38,24,1,30564.8616
F,F,R,COLLECT COD,Manufacturer#1,5-LOW,0,FURNITURE,REG AIR,3,0.06,12,Brand#13,WRAP DRUM,19,37,0,37719.8979
F,F,R,DELIVER IN PERSON,Manufacturer#4,5-LOW,0,FURNITURE,FOB,4,0,12,Brand#41,JUMBO PKG,14,39,0,40956.9186
F,F,R,NONE,Manufacturer#3,5-LOW,0,FURNITURE,SHIP,1,0.06,21,Brand#34,MED PKG,23,45,1,77691.3255
F,F,A,TAKE BACK RETURN,Manufacturer#4,5-LOW,0,FURNITURE,AIR,5,0.07,8,Brand#41,LG PKG,12,45,3,73191.0105
F,F,A,DELIVER IN PERSON,Manufacturer#4,4-NOT SPECIFIED,4,FURNITURE,SHIP,5,0.03,8,Brand#41,MED DRUM,40,1,3,1632.8695
F,F,R,NONE,Manufacturer#1,1-URGENT,2,FURNITURE,MAIL,1,0.01,18,Brand#13,WRAP JAR,27,47,2,44802.2612
O,O,N,TAKE BACK RETURN,Manufacturer#1,1-URGENT,1,FURNITURE,RAIL,1,0,8,Brand#14,WRAP PKG,40,44,3,57635.82
O,O,N,NONE,Manufacturer#3,5-LOW,3,FURNITURE,MAIL,1,0.05,12,Brand#34,JUMBO DRUM,30,33,0,39779.4276
O,O,N,COLLECT COD,Manufacturer#2,5-LOW,3,FURNITURE,MAIL,3,0.06,21,Brand#22,WRAP DRUM,26,34,1,51400.962
O,O,N,DELIVER IN PERSON,Manufacturer#3,5-LOW,3,FURNITURE,TRUCK,2,0.04,21,Brand#35,MED BOX,24,12,1,14809.4976
O,O,N,DELIVER IN PERSON,Manufacturer#5,2-HIGH,4,FURNITURE,MAIL,5,0.04,12,Brand#55,JUMBO CASE,10,17,0,17812.2056
O,O,N,NONE,Manufacturer#2,2-HIGH,4,FURNITURE,MAIL,6,0.04,9,Brand#24,MED CAN,16,31,4,50824.128
O,O,N,COLLECT COD,Manufacturer#5,2-HIGH,4,FURNITURE,AIR,2,0.04,8,Brand#51,LG CAN,10,8,3,9763.8928
F,F,A,COLLECT COD,Manufacturer#1,5-LOW,0,AUTOMOBILE,TRUCK,1,0.08,21,Brand#11,WRAP BOX,13,43,1,68377.482
F,F,A,DELIVER IN PERSON,Manufacturer#2,5-LOW,0,AUTOMOBILE,RAIL,2,0.02,18,Brand#23,JUMBO BAG,36,13,2,18674.89
F,F,A,DELIVER IN PERSON,Manufacturer#4,3-MEDIUM,4,FURNITURE,TRUCK,3,0.06,8,Brand#43,MED JAR,42,34,3,52767.4356
F,F,R,COLLECT COD,Manufacturer#2,3-MEDIUM,4,FURNITURE,REG AIR,4,0,18,Brand#23,WRAP PACK,41,38,2,39646.35
O,O,N,DELIVER IN PERSON,Manufacturer#1,2-HIGH,3,BUILDING,RAIL,3,0.08,21,Brand#13,JUMBO BOX,8,7,1,6342.0637
O,O,N,NONE,Manufacturer#2,2-HIGH,3,BUILDING,SHIP,6,0.03,18,Brand#24,MED DRUM,1,40,2,70324.452
O,O,N,DELIVER IN PERSON,Manufacturer#2,2-HIGH,0,MACHINERY,REG AIR,3,0.01,18,Brand#24,MED JAR,16,2,2,3299.48
O,O,N,COLLECT COD,Manufacturer#3,2-HIGH,0,AUTOMOBILE,REG AIR,3,0.06,9,Brand#34,JUMBO CAN,36,34,4,41776.497
O,O,N,DELIVER IN PERSON,Manufacturer#2,2-HIGH,0,AUTOMOBILE,AIR,1,0.06,18,Brand#25,JUMBO JAR,13,35,2,60779.04
O,O,N,COLLECT COD,Manufacturer#5,4-NOT SPECIFIED,4,AUTOMOBILE,REG AIR,2,0.08,9,Brand#53,JUMBO JAR,28,8,4,8728.632
F,F,R,DELIVER IN PERSON,Manufacturer#2,3-MEDIUM,3,MACHINERY,TRUCK,2,0.07,21,Brand#22,JUMBO PKG,35,47,1,43830.5362
O,O,N,DELIVER IN PERSON,Manufacturer#3,2-HIGH,1,FURNITURE,FOB,1,0.04,21,Brand#33,MED PACK,33,19,1,21894.327
O,O,N,TAKE BACK RETURN,Manufacturer#3,2-HIGH,1,FURNITURE,REG AIR,2,0.08,18,Brand#33,WRAP DRUM,26,8,2,7302.4464
O,O,N,TAKE BACK RETURN,Manufacturer#2,2-HIGH,1,FURNITURE,MAIL,3,0.04,21,Brand#24,WRAP BAG,28,34,1,51638.0916
O,O,N,DELIVER IN PERSON,Manufacturer#5,2-HIGH,1,FURNITURE,SHIP,4,0.08,8,Brand#51,WRAP BAG,35,22,3,33194.4228
F,P,A,NONE,Manufacturer#4,2-HIGH,3,FURNITURE,RAIL,4,0.02,9,Brand#45,JUMBO CAN,38,28,4,44038.2096
O,P,N,NONE,Manufacturer#4,5-LOW,4,HOUSEHOLD,SHIP,4,0.04,12,Brand#44,WRAP PACK,34,24,0,38325.924
F,F,R,COLLECT COD,Manufacturer#4,3-MEDIUM,0,AUTOMOBILE,MAIL,4,0,21,Brand#43,JUMBO BAG,47,28,1,47061.4592
F,F,A,TAKE BACK RETURN,Manufacturer#3,3-MEDIUM,0,AUTOMOBILE,AIR,5,0.06,18,Brand#33,SM BOX,32,41,2,68780.5258
O,O,N,COLLECT COD,Manufacturer#3,4-NOT SPECIFIED,3,BUILDING,TRUCK,1,0.08,9,Brand#33,LG CASE,35,26,4,29177.72
O,O,N,DELIVER IN PERSON,Manufacturer#1,4-NOT SPECIFIED,3,BUILDING,MAIL,3,0.02,21,Brand#13,SM PKG,3,40,1,53624.88
F,F,R,DELIVER IN PERSON,Manufacturer#3,1-URGENT,3,AUTOMOBILE,REG AIR,3,0.03,21,Brand#34,LG BAG,23,39,1,55059.966
O,O,N,DELIVER IN PERSON,Manufacturer#3,1-URGENT,3,HOUSEHOLD,AIR,3,0.01,9,Brand#34,LG DRUM,33,10,4,17441.335
F,F,A,COLLECT COD,Manufacturer#3,3-MEDIUM,2,FURNITURE,FOB,1,0,21,Brand#33,LG CASE,25,6,1,10453.401
F,F,A,DELIVER IN PERSON,Manufacturer#1,3-MEDIUM,2,FURNITURE,MAIL,5,0.02,18,Brand#15,JUMBO CAN,7,49,2,65461.3344
O,O,N,TAKE BACK RETURN,Manufacturer#2,3-MEDIUM,2,HOUSEHOLD,AIR,5,0.02,12,Brand#25,JUMBO CASE,22,48,0,65346.96
O,O,N,COLLECT COD,Manufacturer#1,2-HIGH,3,BUILDING,FOB,1,0.06,8,Brand#12,WRAP PKG,39,16,3,23600.28
O,O,N,TAKE BACK RETURN,Manufacturer#2,4-NOT SPECIFIED,1,BUILDING,MAIL,2,0.08,18,Brand#22,WRAP BAG,9,20,2,33385.536
O,O,N,COLLECT COD,Manufacturer#4,3-MEDIUM,2,MACHINERY,REG AIR,6,0.02,12,Brand#45,WRAP PKG,15,20,0,19531.694
O,O,N,TAKE BACK RETURN,Manufacturer#3,3-MEDIUM,2,MACHINERY,MAIL,3,0.06,9,Brand#33,LG DRUM,46,17,4,16313.2765
O,O,N,NONE,Manufacturer#3,3-MEDIUM,2,MACHINERY,MAIL,2,0.06,8,Brand#33,WRAP DRUM,8,47,3,74527.3407
O,O,N,NONE,Manufacturer#3,3-MEDIUM,2,HOUSEHOLD,FOB,6,0.04,9,Brand#31,JUMBO JAR,38,43,4,70870.2092
F,F,A,TAKE BACK RETURN,Manufacturer#5,2-HIGH,0,MACHINERY,SHIP,4,0,8,Brand#52,WRAP PACK,27,30,3,38561.4
F,F,A,NONE,Manufacturer#5,2-HIGH,0,MACHINERY,MAIL,5,0.05,8,Brand#54,MED JAR,46,8,3,13566.32
O,O,N,TAKE BACK RETURN,Manufacturer#1,3-MEDIUM,1,MACHINERY,RAIL,3,0.01,21,Brand#13,MED PACK,20,42,1,63167.7312
O,O,N,TAKE BACK RETURN,Manufacturer#3,2-HIGH,4,FURNITURE,RAIL,3,0.07,21,Brand#33,LG PKG,25,3,1,3329.388
O,O,N,DELIVER IN PERSON,Manufacturer#1,1-URGENT,1,FURNITURE,TRUCK,4,0.07,8,Brand#14,LG PKG,30,15,3,14963.472
F,F,A,DELIVER IN PERSON,Manufacturer#3,2-HIGH,1,AUTOMOBILE,TRUCK,4,0,12,Brand#35,MED BAG,44,2,0,3612.1624
F,F,A,COLLECT COD,Manufacturer#2,5-LOW,0,BUILDING,FOB,1,0.01,12,Brand#23,MED DRUM,19,8,0,11999.5888
F,F,R,DELIVER IN PERSON,Manufacturer#3,5-LOW,3,AUTOMOBILE,FOB,2,0.02,12,Brand#31,SM DRUM,17,12,0,11904.948
O,O,N,DELIVER IN PERSON,Manufacturer#4,5-LOW,4,FURNITURE,TRUCK,5,0.07,21,Brand#45,LG PKG,38,49,1,58439.6736
F,F,A,NONE,Manufacturer#5,5-LOW,2,AUTOMOBILE,MAIL,3,0.07,12,Brand#52,WRAP CASE,36,11,0,18137.2191
F,F,R,COLLECT COD,Manufacturer#1,5-LOW,2,AUTOMOBILE,MAIL,2,0.01,9,Brand#12,JUMBO BAG,43,15,4,19130.55
O,O,N,TAKE BACK RETURN,Manufacturer#3,1-URGENT,2,BUILDING,MAIL,1,0,8,Brand#34,LG CAN,35,38,3,41955.1578
F,F,R,DELIVER IN PERSON,Manufacturer#1,3-MEDIUM,2,FURNITURE,SHIP,1,0.01,8,Brand#14,LG PKG,30,47,3,45908.7634
F,F,R,COLLECT COD,Manufacturer#4,4-NOT SPECIFIED,1,AUTOMOBILE,RAIL,2,0.01,9,Brand#41,SM JAR,38,21,4,20037.3516
F,F,A,DELIVER IN PERSON,Manufacturer#1,4-NOT SPECIFIED,1,AUTOMOBILE,REG AIR,4,0.04,8,Brand#14,LG PACK,44,22,3,33036.212
O,P,N,COLLECT COD,Manufacturer#4,2-HIGH,2,BUILDING,RAIL,6,0.06,18,Brand#43,WRAP CASE,24,12,2,21380.544
F,P,R,TAKE BACK RETURN,Manufacturer#5,2-HIGH,2,BUILDING,FOB,1,0.06,9,Brand#53,MED JAR,40,20,4,29152.22
F,P,A,DELIVER IN PERSON,Manufacturer#1,2-HIGH,2,BUILDING,RAIL,4,0.05,9,Brand#12,SM JAR,23,43,4,64988.2134
F,F,A,COLLECT COD,Manufacturer#1,2-HIGH,0,BUILDING,FOB,1,0.06,9,Brand#11,JUMBO BAG,24,15,4,27135.318
O,O,N,TAKE BACK RETURN,Manufacturer#1,2-HIGH,1,BUILDING,SHIP,5,0.04,12,Brand#12,MED BAG,48,5,0,4140.09
O,O,N,TAKE BACK RETURN,Manufacturer#2,1-URGENT,4,HOUSEHOLD,MAIL,1,0.02,18,Brand#24,MED DRUM,1,17,2,29585.9942
F,F,R,TAKE BACK RETURN,Manufacturer#2,1-URGENT,1,MACHINERY,TRUCK,7,0.02,18,Brand#24,SM PACK,30,29,2,29731.2988
F,F,R,TAKE BACK RETURN,Manufacturer#2,2-HIGH,3,AUTOMOBILE,TRUCK,3,0.08,9,Brand#21,MED JAR,29,11,4,19877.7832
F,F,R,DELIVER IN PERSON,Manufacturer#2,5-LOW,1,AUTOMOBILE,FOB,3,0.05,8,Brand#25,MED DRUM,10,4,3,4507.3908
F,F,A,COLLECT COD,Manufacturer#2,5-LOW,1,AUTOMOBILE,TRUCK,2,0.03,18,Brand#22,SM PACK,19,3,2,3686.742
O,O,N,DELIVER IN PERSON,Manufacturer#4,3-MEDIUM,4,AUTOMOBILE,SHIP,1,0,9,Brand#44,LG BOX,26,18,4,27659.9232
O,O,N,DELIVER IN PERSON,Manufacturer#5,5-LOW,2,FURNITURE,SHIP,2,0.03,21,Brand#54,WRAP BOX,31,22,1,28244.6208
F,F,R,COLLECT COD,Manufacturer#3,4-NOT SPECIFIED,0,FURNITURE,TRUCK,1,0,9,Brand#31,JUMBO JAR,38,42,4,67809.3696
F,F,A,TAKE BACK RETURN,Manufacturer#2,5-LOW,2,HOUSEHOLD,RAIL,5,0.08,21,Brand#23,LG CAN,7,30,1,34322.55
F,F,R,COLLECT COD,Manufacturer#3,5-LOW,2,HOUSEHOLD,SHIP,4,0.05,21,Brand#31,JUMBO CASE,1,45,1,44914.05
F,F,R,NONE,Manufacturer#5,5-LOW,2,HOUSEHOLD,RAIL,6,0.05,8,Brand#53,JUMBO JAR,28,10,3,12123.1
O,O,N,TAKE BACK RETURN,Manufacturer#3,4-NOT SPECIFIED,1,FURNITURE,RAIL,3,0.01,18,Brand#35,LG BOX,13,39,2,69599.088
F,F,A,COLLECT COD,Manufacturer#5,2-HIGH,0,HOUSEHOLD,MAIL,2,0.07,9,Brand#51,SM PKG,28,32,4,44406.9888
O,O,N,COLLECT COD,Manufacturer#1,1-URGENT,2,FURNITURE,AIR,2,0.01,8,Brand#11,WRAP CAN,41,2,3,1862.2824
O,O,N,DELIVER IN PERSON,Manufacturer#1,1-URGENT,2,FURNITURE,MAIL,7,0.04,8,Brand#11,SM JAR,35,30,3,44565.996
F,F,R,DELIVER IN PERSON,Manufacturer#5,2-HIGH,3,BUILDING,RAIL,2,0.03,12,Brand#51,SM JAR,13,42,0,49815.948
F,F,A,DELIVER IN PERSON,Manufacturer#2,2-HIGH,3,BUILDING,AIR,1,0.03,12,Brand#23,MED BAG,32,2,0,1810.795
O,O,N,TAKE BACK RETURN,Manufacturer#1,5-LOW,4,HOUSEHOLD,TRUCK,2,0.01,9,Brand#13,WRAP BOX,26,5,4,5217.458
O,O,N,NONE,Manufacturer#2,5-LOW,2,AUTOMOBILE,AIR,3,0.07,12,Brand#23,JUMBO BAG,35,12,0,12514.5216
O,O,N,DELIVER IN PERSON,Manufacturer#1,5-LOW,2,AUTOMOBILE,TRUCK,2,0.02,8,Brand#12,JUMBO BAG,40,49,3,64778.6664
O,O,N,COLLECT COD,Manufacturer#4,1-URGENT,0,HOUSEHOLD,REG AIR,4,0.08,21,Brand#41,WRAP CAN,20,1,1,1649.4588
F,F,A,COLLECT COD,Manufacturer#5,2-HIGH,4,BUILDING,AIR,1,0.05,21,Brand#54,WRAP CASE,46,45,1,64823.85
O,O,N,COLLECT COD,Manufacturer#1,5-LOW,4,AUTOMOBILE,AIR,4,0.06,12,Brand#12,MED CASE,28,41,0,46873.9716
O,O,N,TAKE BACK RETURN,Manufacturer#5,5-LOW,4,AUTOMOBILE,AIR,5,0.01,18,Brand#52,MED BAG,26,45,2,49463.55
O,O,N,NONE,Manufacturer#5,5-LOW,4,AUTOMOBILE,AIR,2,0.08,18,Brand#53,LG JAR,26,14,2,22525.0592
F,F,N,TAKE BACK RETURN,Manufacturer#2,2-HIGH,0,MACHINERY,MAIL,1,0,9,Brand#21,MED PACK,48,21,4,27773.6802
O,O,N,NONE,Manufacturer#4,2-HIGH,4,HOUSEHOLD,SHIP,1,0.01,8,Brand#45,MED JAR,35,44,3,71193.8436
O,O,N,DELIVER IN PERSON,Manufacturer#1,1-URGENT,0,HOUSEHOLD,SHIP,1,0.02,9,Brand#14,LG CAN,41,23,4,29466.864
O,O,N,TAKE BACK RETURN,Manufacturer#5,1-URGENT,0,HOUSEHOLD,FOB,4,0.02,12,Brand#51,WRAP BAG,19,1,0,1431.2628
O,O,N,DELIVER IN PERSON,Manufacturer#2,1-URGENT,0,HOUSEHOLD,TRUCK,2,0.03,21,Brand#24,MED PKG,13,40,1,49513.464
F,F,A,TAKE BACK RETURN,Manufacturer#3,1-URGENT,3,FURNITURE,RAIL,1,0.06,18,Brand#31,WRAP PKG,40,37,2,32381.1864
F,F,A,DELIVER IN PERSON,Manufacturer#5,2-HIGH,2,HOUSEHOLD,TRUCK,1,0.05,18,Brand#51,WRAP BAG,2,20,2,28366.176
F,F,A,COLLECT COD,Manufacturer#1,2-HIGH,2,HOUSEHOLD,RAIL,3,0,21,Brand#14,WRAP PKG,33,36,1,46774.2924
F,F,A,NONE,Manufacturer#2,4-NOT SPECIFIED,4,BUILDING,RAIL,2,0,8,Brand#21,JUMBO CASE,31,36,3,43592.6016
O,O,N,TAKE BACK RETURN,Manufacturer#2,5-LOW,3,BUILDING,TRUCK,5,0.08,21,Brand#25,SM BAG,35,20,1,27037.612
O,O,N,TAKE BACK RETURN,Manufacturer#5,5-LOW,3,BUILDING,RAIL,6,0.07,18,Brand#52,WRAP DRUM,36,29,2,38570.5684
F,F,A,COLLECT COD,Manufacturer#2,4-NOT SPECIFIED,2,AUTOMOBILE,SHIP,1,0.03,21,Brand#24,MED PKG,48,4,1,5455.014
F,F,A,NONE,Manufacturer#4,5-LOW,3,BUILDING,AIR,1,0,18,Brand#44,WRAP BAG,35,49,2,89117.3241
F,F,A,COLLECT COD,Manufacturer#1,5-LOW,3,BUILDING,REG AIR,3,0.02,12,Brand#11,MED BOX,25,42,0,47941.257
O,O,N,TAKE BACK RETURN,Manufacturer#4,3-MEDIUM,2,AUTOMOBILE,AIR,1,0.08,9,Brand#44,WRAP CASE,35,6,4,6211.35
O,O,N,NONE,Manufacturer#1,3-MEDIUM,2,AUTOMOBILE,SHIP,4,0.07,8,Brand#14,WRAP PKG,40,49,3,68326.335
F,F,R,COLLECT COD,Manufacturer#4,5-LOW,2,HOUSEHOLD,RAIL,3,0.08,21,Brand#42,JUMBO DRUM,13,32,1,41886.0992
O,O,N,NONE,Manufacturer#5,4-NOT SPECIFIED,1,MACHINERY,AIR,4,0.03,21,Brand#55,JUMBO CAN,16,5,1,8499.218
F,F,A,COLLECT COD,Manufacturer#5,4-NOT SPECIFIED,4,HOUSEHOLD,REG AIR,2,0.05,21,Brand#51,SM PACK,14,43,1,73460.942
F,F,A,COLLECT COD,Manufacturer#3,4-NOT SPECIFIED,4,HOUSEHOLD,SHIP,4,0.05,18,Brand#34,JUMBO JAR,20,21,2,27292.9797
O,O,N,DELIVER IN PERSON,Manufacturer#2,4-NOT SPECIFIED,1,AUTOMOBILE,TRUCK,2,0.07,12,Brand#22,LG BOX,22,1,0,1017.704
O,O,N,COLLECT COD,Manufacturer#4,4-NOT SPECIFIED,1,AUTOMOBILE,MAIL,3,0.04,21,Brand#45,MED CAN,4,8,1,14588.5672
O,O,N,COLLECT COD,Manufacturer#1,4-NOT SPECIFIED,1,AUTOMOBILE,MAIL,4,0.03,9,Brand#14,SM JAR,20,26,4,43035.174
O,O,N,NONE,Manufacturer#4,5-LOW,4,HOUSEHOLD,SHIP,3,0.08,12,Brand#42,JUMBO CAN,44,46,0,57032.019
F,F,R,DELIVER IN PERSON,Manufacturer#2,4-NOT SPECIFIED,4,BUILDING,RAIL,5,0.08,9,Brand#25,JUMBO CASE,22,19,4,24533.18
F,F,A,DELIVER IN PERSON,Manufacturer#4,4-NOT SPECIFIED,4,BUILDING,MAIL,3,0.01,8,Brand#43,SM JAR,11,50,3,42680.365
F,F,A,NONE,Manufacturer#1,5-LOW,3,FURNITURE,RAIL,3,0.04,21,Brand#14,MED BOX,1,7,1,9814.896
F,F,R,TAKE BACK RETURN,Manufacturer#2,5-LOW,3,FURNITURE,FOB,5,0.02,8,Brand#24,MED CASE,36,18,3,21415.6224
F,F,A,DELIVER IN PERSON,Manufacturer#2,5-LOW,3,FURNITURE,SHIP,1,0.06,8,Brand#23,SM PACK,27,44,3,57423.168
F,F,A,COLLECT COD,Manufacturer#3,4-NOT SPECIFIED,0,BUILDING,MAIL,4,0.05,18,Brand#31,MED CAN,44,12,2,19194.6348
F,F,R,NONE,Manufacturer#5,4-NOT SPECIFIED,0,BUILDING,REG AIR,5,0.08,21,Brand#52,MED JAR,12,48,1,73957.8432
F,F,A,DELIVER IN PERSON,Manufacturer#3,4-NOT SPECIFIED,0,BUILDING,TRUCK,2,0.06,12,Brand#32,WRAP DRUM,12,49,0,77682.4342
F,F,A,TAKE BACK RETURN,Manufacturer#2,2-HIGH,0,MACHINERY,FOB,6,0.04,18,Brand#23,WRAP DRUM,30,21,2,35039.655
F,F,A,NONE,Manufacturer#5,2-HIGH,0,MACHINERY,TRUCK,5,0.04,21,Brand#54,LG CAN,49,1,1,1052.5284
F,F,A,COLLECT COD,Manufacturer#5,2-HIGH,0,MACHINERY,TRUCK,4,0.07,8,Brand#53,JUMBO DRUM,47,35,3,53256.7
O,O,N,NONE,Manufacturer#5,4-NOT SPECIFIED,3,MACHINERY,TRUCK,4,0,9,Brand#52,SM PACK,34,24,4,34105.6512
O,O,N,DELIVER IN PERSON,Manufacturer#3,4-NOT SPECIFIED,3,MACHINERY,SHIP,1,0.07,18,Brand#35,SM PACK,29,24,2,26195.1216
O,O,N,COLLECT COD,Manufacturer#3,2-HIGH,2,AUTOMOBILE,SHIP,5,0,9,Brand#33,WRAP CASE,34,41,4,63988.3392
O,O,N,DELIVER IN PERSON,Manufacturer#4,2-HIGH,2,AUTOMOBILE,SHIP,3,0.08,9,Brand#42,WRAP BOX,11,22,4,41007.12
O,O,N,NONE,Manufacturer#3,2-HIGH,2,AUTOMOBILE,REG AIR,4,0.07,18,Brand#32,MED CASE,29,26,2,30889.6588
O,O,N,NONE,Manufacturer#5,1-URGENT,0,BUILDING,FOB,4,0.06,9,Brand#51,JUMBO BOX,47,45,4,70016.688
O,O,N,COLLECT COD,Manufacturer#1,1-URGENT,0,BUILDING,REG AIR,3,0.02,8,Brand#12,SM PACK,36,48,3,88277.2944
O,O,N,NONE,Manufacturer#2,5-LOW,1,FURNITURE,MAIL,3,0.03,8,Brand#21,MED JAR,8,25,3,25272.45
O,O,N,DELIVER IN PERSON,Manufacturer#2,4-NOT SPECIFIED,4,HOUSEHOLD,SHIP,4,0.04,18,Brand#25,WRAP CAN,22,2,2,3392.964
O,O,N,DELIVER IN PERSON,Manufacturer#2,4-NOT SPECIFIED,4,HOUSEHOLD,TRUCK,3,0.05,12,Brand#22,JUMBO PKG,35,36,0,35715.24
O,O,N,TAKE BACK RETURN,Manufacturer#3,4-NOT SPECIFIED,4,HOUSEHOLD,FOB,3,0.04,21,Brand#35,SM JAR,7,29,1,36056.86
F,F,A,NONE,Manufacturer#5,3-MEDIUM,0,BUILDING,TRUCK,3,0.05,8,Brand#51,JUMBO BOX,39,29,3,51602.9074
F,F,A,NONE,Manufacturer#5,3-MEDIUM,0,BUILDING,AIR,1,0.08,8,Brand#53,SM PKG,50,9,3,9986.2686
F,F,R,NONE,Manufacturer#1,3-MEDIUM,0,BUILDING,RAIL,2,0.01,8,Brand#15,LG JAR,2,33,3,42853.4436
F,P,R,NONE,Manufacturer#1,2-HIGH,3,BUILDING,SHIP,5,0.03,21,Brand#14,SM PACK,10,23,1,21427.191
O,P,N,TAKE BACK RETURN,Manufacturer#3,2-HIGH,3,BUILDING,FOB,1,0.07,18,Brand#33,WRAP DRUM,26,16,2,14604.8928
F,F,A,NONE,Manufacturer#2,3-MEDIUM,1,FURNITURE,REG AIR,4,0.01,8,Brand#22,WRAP DRUM,26,5,3,7810.9305
F,F,R,DELIVER IN PERSON,Manufacturer#3,5-LOW,1,AUTOMOBILE,TRUCK,3,0.07,8,Brand#35,LG PKG,8,13,3,21706.3236
F,F,R,DELIVER IN PERSON,Manufacturer#3,5-LOW,1,AUTOMOBILE,FOB,2,0.01,12,Brand#34,LG CASE,16,23,0,29813.451
F,F,A,NONE,Manufacturer#3,5-LOW,1,AUTOMOBILE,FOB,1,0.01,12,Brand#35,MED JAR,7,21,0,32839.9428
O,O,N,NONE,Manufacturer#2,1-URGENT,1,HOUSEHOLD,FOB,3,0,12,Brand#21,LG PACK,33,5,0,4880.35
O,O,N,TAKE BACK RETURN,Manufacturer#2,1-URGENT,1,HOUSEHOLD,REG AIR,2,0,8,Brand#25,WRAP PACK,10,22,3,30979.7488
O,O,N,DELIVER IN PERSON,Manufacturer#4,1-URGENT,1,HOUSEHOLD,TRUCK,5,0.03,21,Brand#44,LG CASE,37,14,1,21954.9218
O,O,N,COLLECT COD,Manufacturer#3,4-NOT SPECIFIED,3,FURNITURE,TRUCK,3,0.01,12,Brand#35,LG PKG,6,12,0,16080.312
F,F,R,NONE,Manufacturer#4,5-LOW,4,BUILDING,AIR,4,0.02,18,Brand#45,LG JAR,47,35,2,36294.545
F,F,A,COLLECT COD,Manufacturer#1,5-LOW,4,BUILDING,TRUCK,1,0.07,9,Brand#13,SM PKG,3,21,4,30342.7446
O,O,N,DELIVER IN PERSON,Manufacturer#4,1-URGENT,3,AUTOMOBILE,AIR,6,0.03,8,Brand#41,WRAP CASE,13,10,3,9673.209
F,F,R,NONE,Manufacturer#4,4-NOT SPECIFIED,3,BUILDING,AIR,1,0.03,18,Brand#41,SM CAN,4,48,2,59092.0704
F,F,A,TAKE BACK RETURN,Manufacturer#2,4-NOT SPECIFIED,3,BUILDING,RAIL,3,0.06,12,Brand#25,WRAP PKG,4,17,0,30241.6587
F,F,A,COLLECT COD,Manufacturer#5,1-URGENT,2,AUTOMOBILE,RAIL,2,0.01,21,Brand#52,LG DRUM,46,28,1,25395.4148
F,F,A,TAKE BACK RETURN,Manufacturer#1,1-URGENT,2,AUTOMOBILE,AIR,6,0,8,Brand#14,JUMBO BAG,10,6,3,10378.92
F,F,R,DELIVER IN PERSON,Manufacturer#4,1-URGENT,2,AUTOMOBILE,REG AIR,4,0.04,8,Brand#41,MED CAN,8,20,3,29397.496
O,O,N,TAKE BACK RETURN,Manufacturer#5,5-LOW,1,BUILDING,SHIP,4,0.01,21,Brand#55,LG PKG,1,13,1,19481.67
O,O,N,COLLECT COD,Manufacturer#5,1-URGENT,2,BUILDING,TRUCK,1,0.01,18,Brand#52,WRAP PKG,36,32,2,32463.936
O,O,N,DELIVER IN PERSON,Manufacturer#4,1-URGENT,2,BUILDING,SHIP,5,0,18,Brand#44,LG PKG,41,38,2,44028.1072
F,F,A,TAKE BACK RETURN,Manufacturer#5,3-MEDIUM,4,BUILDING,RAIL,4,0.04,12,Brand#54,WRAP PACK,17,17,0,20462.679
F,F,R,DELIVER IN PERSON,Manufacturer#4,3-MEDIUM,4,BUILDING,RAIL,1,0.07,18,Brand#42,WRAP CAN,16,15,2,21760.8345
O,O,N,DELIVER IN PERSON,Manufacturer#1,1-URGENT,4,MACHINERY,SHIP,1,0,9,Brand#13,WRAP CASE,24,17,4,16125.418
O,O,N,TAKE BACK RETURN,Manufacturer#4,4-NOT SPECIFIED,1,BUILDING,TRUCK,3,0.02,12,Brand#45,MED PKG,8,4,0,5351.0016
O,O,N,DELIVER IN PERSON,Manufacturer#3,4-NOT SPECIFIED,1,BUILDING,FOB,4,0.06,18,Brand#34,MED CASE,22,2,2,2466.4096
O,O,N,DELIVER IN PERSON,Manufacturer#2,4-NOT SPECIFIED,1,BUILDING,SHIP,2,0.06,12,Brand#25,SM PACK,28,47,0,73176.3351
O,O,N,DELIVER IN PERSON,Manufacturer#3,1-URGENT,0,BUILDING,RAIL,2,0.03,21,Brand#34,LG BAG,23,14,1,20204.3408
O,O,N,DELIVER IN PERSON,Manufacturer#4,1-URGENT,0,BUILDING,RAIL,4,0.04,9,Brand#41,MED CASE,9,1,4,1191.9838
O,O,N,TAKE BACK RETURN,Manufacturer#2,1-URGENT,0,BUILDING,FOB,1,0,8,Brand#21,JUMBO DRUM,13,32,3,54745.6
O,O,N,COLLECT COD,Manufacturer#5,4-NOT SPECIFIED,1,BUILDING,RAIL,4,0.04,18,Brand#53,JUMBO PACK,4,50,2,53920.28
O,O,N,NONE,Manufacturer#4,4-NOT SPECIFIED,1,BUILDING,AIR,2,0,9,Brand#43,MED PACK,47,14,4,22186.08
F,F,R,COLLECT COD,Manufacturer#1,1-URGENT,2,MACHINERY,SHIP,1,0.05,18,Brand#15,WRAP PACK,36,16,2,19071.648
O,O,N,NONE,Manufacturer#4,2-HIGH,4,FURNITURE,MAIL,3,0.01,8,Brand#45,JUMBO CASE,7,27,3,29565.081
O,O,N,TAKE BACK RETURN,Manufacturer#4,1-URGENT,3,BUILDING,FOB,2,0.02,21,Brand#41,LG PACK,43,47,1,73973.8875
F,F,A,COLLECT COD,Manufacturer#4,5-LOW,2,FURNITURE,TRUCK,2,0.03,21,Brand#41,MED CASE,15,13,1,15426.0652
O,O,N,COLLECT COD,Manufacturer#5,4-NOT SPECIFIED,4,BUILDING,REG AIR,3,0.07,18,Brand#54,SM DRUM,23,23,2,24024.3602
O,O,N,COLLECT COD,Manufacturer#2,4-NOT SPECIFIED,4,BUILDING,FOB,2,0.04,12,Brand#22,MED JAR,18,30,0,38630.325
O,P,N,DELIVER IN PERSON,Manufacturer#1,3-MEDIUM,4,FURNITURE,FOB,5,0.06,18,Brand#15,LG DRUM,17,42,2,69512.1966
F,P,N,COLLECT COD,Manufacturer#3,3-MEDIUM,4,FURNITURE,RAIL,4,0.08,18,Brand#35,LG BOX,42,37,2,46814.916
F,F,R,NONE,Manufacturer#2,1-URGENT,3,BUILDING,REG AIR,6,0.08,8,Brand#22,JUMBO CAN,42,19,3,30590.7866
F,F,R,NONE,Manufacturer#4,1-URGENT,3,BUILDING,REG AIR,1,0.06,21,Brand#42,WRAP JAR,2,29,1,45599.7102
F,F,R,NONE,Manufacturer#2,4-NOT SPECIFIED,4,MACHINERY,RAIL,1,0.02,12,Brand#23,JUMBO BAG,35,12,0,12642.2208
F,F,A,TAKE BACK RETURN,Manufacturer#2,4-NOT SPECIFIED,4,MACHINERY,SHIP,4,0.06,18,Brand#23,MED PKG,34,41,2,67734.6404
F,F,R,NONE,Manufacturer#5,4-NOT SPECIFIED,4,MACHINERY,REG AIR,6,0.07,8,Brand#54,WRAP DRUM,18,40,3,35751.432
F,F,R,DELIVER IN PERSON,Manufacturer#2,1-URGENT,2,HOUSEHOLD,MAIL,5,0.08,12,Brand#22,LG JAR,2,38,0,54976.671
F,F,A,NONE,Manufacturer#5,1-URGENT,2,HOUSEHOLD,FOB,4,0.04,18,Brand#53,WRAP CAN,18,1,2,1199.1969
O,O,N,TAKE BACK RETURN,Manufacturer#3,4-NOT SPECIFIED,3,AUTOMOBILE,RAIL,3,0.07,12,Brand#34,JUMBO CAN,28,25,0,31826.475
O,O,N,DELIVER IN PERSON,Manufacturer#1,1-URGENT,2,AUTOMOBILE,RAIL,5,0.07,8,Brand#14,JUMBO PACK,17,26,3,34444.8936
F,F,A,DELIVER IN PERSON,Manufacturer#4,1-URGENT,2,AUTOMOBILE,AIR,1,0.07,8,Brand#44,LG CAN,36,4,3,3755.304
F,F,R,COLLECT COD,Manufacturer#3,3-MEDIUM,1,FURNITURE,AIR,1,0.07,9,Brand#31,LG CAN,8,18,4,20726.5968
O,O,N,NONE,Manufacturer#3,2-HIGH,4,FURNITURE,TRUCK,4,0.01,18,Brand#33,LG PACK,13,12,2,11620.6272
O,O,N,COLLECT COD,Manufacturer#3,2-HIGH,4,FURNITURE,REG AIR,2,0.06,8,Brand#31,MED CAN,44,33,3,47986.587
O,O,N,TAKE BACK RETURN,Manufacturer#5,2-HIGH,4,FURNITURE,MAIL,5,0,12,Brand#52,MED PKG,33,31,0,49770.5868
O,O,N,COLLECT COD,Manufacturer#2,5-LOW,0,FURNITURE,AIR,2,0.04,18,Brand#25,LG PKG,19,42,2,59747.6544
F,F,A,COLLECT COD,Manufacturer#1,5-LOW,4,MACHINERY,REG AIR,4,0.04,18,Brand#15,MED BOX,9,23,2,38372.6894
F,F,R,COLLECT COD,Manufacturer#3,5-LOW,4,MACHINERY,AIR,3,0.02,21,Brand#32,JUMBO PACK,45,45,1,52924.518
O,O,N,COLLECT COD,Manufacturer#2,2-HIGH,3,MACHINERY,RAIL,1,0.01,21,Brand#21,WRAP CASE,19,36,1,32971.968
F,F,A,DELIVER IN PERSON,Manufacturer#5,3-MEDIUM,2,HOUSEHOLD,RAIL,1,0,9,Brand#52,MED CASE,20,43,4,37746.217
F,F,R,DELIVER IN PERSON,Manufacturer#1,3-MEDIUM,2,HOUSEHOLD,REG AIR,3,0.07,9,Brand#13,LG CAN,35,9,4,14987.7513
F,F,A,TAKE BACK RETURN,Manufacturer#3,2-HIGH,2,BUILDING,REG AIR,4,0.02,9,Brand#35,SM BAG,21,43,4,43801.7565
F,F,R,NONE,Manufacturer#5,2-HIGH,2,BUILDING,FOB,5,0.04,18,Brand#52,JUMBO PKG,8,43,2,71148.918
F,F,A,NONE,Manufacturer#5,5-LOW,2,FURNITURE,FOB,1,0.04,9,Brand#51,LG BOX,48,5,4,5149.08
F,F,R,NONE,Manufacturer#3,5-LOW,2,FURNITURE,RAIL,5,0.04,18,Brand#35,WRAP PACK,7,50,2,75474.04
O,O,N,NONE,Manufacturer#2,1-URGENT,3,FURNITURE,TRUCK,3,0.03,8,Brand#23,LG PKG,2,36,3,50742.6228
O,O,N,DELIVER IN PERSON,Manufacturer#1,1-URGENT,3,FURNITURE,RAIL,4,0.04,8,Brand#12,JUMBO DRUM,33,45,3,65549.772
F,F,R,TAKE BACK RETURN,Manufacturer#3,2-HIGH,4,HOUSEHOLD,TRUCK,2,0.05,9,Brand#35,SM BAG,30,17,4,18119.5469
F,F,A,COLLECT COD,Manufacturer#1,1-URGENT,2,BUILDING,RAIL,6,0,18,Brand#12,JUMBO PACK,30,22,2,31921.3048
F,F,A,DELIVER IN PERSON,Manufacturer#3,1-URGENT,2,BUILDING,RAIL,3,0.08,8,Brand#34,SM CAN,5,37,3,45621.1776
F,F,R,COLLECT COD,Manufacturer#3,1-URGENT,4,FURNITURE,AIR,4,0.06,9,Brand#35,LG CAN,42,16,4,17426.88
F,F,A,COLLECT COD,Manufacturer#3,1-URGENT,4,FURNITURE,MAIL,6,0.04,12,Brand#35,LG PACK,14,33,0,50744.0934
F,F,R,NONE,Manufacturer#4,1-URGENT,4,FURNITURE,FOB,7,0.03,8,Brand#44,LG DRUM,18,47,3,52377.0444
F,F,R,COLLECT COD,Manufacturer#3,2-HIGH,0,AUTOMOBILE,FOB,3,0.03,9,Brand#33,LG CAN,14,5,4,6009.44
O,O,N,DELIVER IN PERSON,Manufacturer#5,2-HIGH,0,BUILDING,REG AIR,2,0.03,21,Brand#52,LG DRUM,46,50,1,44413.925
F,F,R,COLLECT COD,Manufacturer#2,1-URGENT,2,MACHINERY,MAIL,1,0,12,Brand#22,MED JAR,18,25,0,33547.3875
F,F,R,DELIVER IN PERSON,Manufacturer#4,1-URGENT,4,HOUSEHOLD,FOB,5,0.06,8,Brand#43,MED CAN,43,15,3,18992.367
F,F,A,NONE,Manufacturer#3,1-URGENT,4,HOUSEHOLD,FOB,3,0.01,12,Brand#35,MED JAR,7,17,0,28029.5371
O,O,N,NONE,Manufacturer#1,4-NOT SPECIFIED,0,MACHINERY,TRUCK,1,0.08,8,Brand#12,WRAP JAR,8,20,3,35403.448
F,F,R,TAKE BACK RETURN,Manufacturer#4,2-HIGH,1,HOUSEHOLD,REG AIR,4,0.04,18,Brand#41,MED DRUM,17,27,2,45681.2082
F,F,A,NONE,Manufacturer#1,1-URGENT,0,HOUSEHOLD,RAIL,3,0.01,21,Brand#15,WRAP BOX,26,31,1,40552.7213
F,F,R,COLLECT COD,Manufacturer#4,2-HIGH,4,AUTOMOBILE,RAIL,3,0.08,8,Brand#41,MED BOX,46,20,3,27627.728
F,F,A,NONE,Manufacturer#3,1-URGENT,1,AUTOMOBILE,AIR,5,0.03,12,Brand#33,MED PKG,24,47,0,72080.61
F,P,R,NONE,Manufacturer#5,5-LOW,4,AUTOMOBILE,MAIL,3,0.01,8,Brand#51,MED PACK,41,35,3,35493.85
O,O,N,NONE,Manufacturer#3,5-LOW,2,BUILDING,TRUCK,2,0.03,21,Brand#35,WRAP BAG,10,49,1,78471.7115
O,O,N,COLLECT COD,Manufacturer#1,3-MEDIUM,2,FURNITURE,MAIL,1,0.05,21,Brand#12,LG CASE,17,32,1,32280.9536
O,O,N,TAKE BACK RETURN,Manufacturer#4,3-MEDIUM,2,FURNITURE,RAIL,3,0,18,Brand#45,SM CAN,21,14,2,13341.23
F,F,R,TAKE BACK RETURN,Manufacturer#3,5-LOW,0,HOUSEHOLD,FOB,5,0.03,12,Brand#34,SM PKG,27,2,0,3207.384
F,F,A,TAKE BACK RETURN,Manufacturer#2,5-LOW,0,HOUSEHOLD,RAIL,3,0.08,18,Brand#22,MED CASE,49,7,2,11949.0224
O,O,N,TAKE BACK RETURN,Manufacturer#3,5-LOW,4,FURNITURE,AIR,2,0.05,21,Brand#31,WRAP JAR,8,13,1,18849.7218
O,O,N,COLLECT COD,Manufacturer#4,1-URGENT,0,HOUSEHOLD,SHIP,2,0,9,Brand#43,SM CASE,23,27,4,35732.907
F,F,A,TAKE BACK RETURN,Manufacturer#2,1-URGENT,2,HOUSEHOLD,TRUCK,4,0.07,21,Brand#23,SM PACK,36,14,1,20437.5402
F,F,R,COLLECT COD,Manufacturer#3,5-LOW,2,MACHINERY,TRUCK,5,0.05,9,Brand#32,MED CASE,15,6,4,8108.364
F,F,R,DELIVER IN PERSON,Manufacturer#5,5-LOW,2,MACHINERY,REG AIR,4,0.01,9,Brand#51,JUMBO DRUM,19,35,4,57007.678
F,F,R,NONE,Manufacturer#1,5-LOW,2,MACHINERY,RAIL,2,0.04,18,Brand#12,JUMBO CASE,20,4,2,4775.7752
F,F,A,DELIVER IN PERSON,Manufacturer#2,5-LOW,2,MACHINERY,TRUCK,1,0.02,21,Brand#22,SM CASE,42,49,1,65119.8632
F,F,R,DELIVER IN PERSON,Manufacturer#3,4-NOT SPECIFIED,4,BUILDING,FOB,5,0.08,8,Brand#34,SM PACK,25,33,3,36648.6582
F,F,A,TAKE BACK RETURN,Manufacturer#4,4-NOT SPECIFIED,4,BUILDING,REG AIR,3,0.07,9,Brand#41,MED BOX,9,29,4,48528.5188
O,O,N,TAKE BACK RETURN,Manufacturer#3,1-URGENT,2,AUTOMOBILE,MAIL,1,0.04,8,Brand#32,JUMBO CASE,40,27,3,47068.9002
O,O,N,NONE,Manufacturer#1,1-URGENT,2,AUTOMOBILE,SHIP,2,0.02,18,Brand#15,MED CAN,19,3,2,3353.7834
O,O,N,TAKE BACK RETURN,Manufacturer#2,5-LOW,0,MACHINERY,FOB,1,0.01,18,Brand#21,MED PACK,24,13,2,13759.9059
F,F,A,DELIVER IN PERSON,Manufacturer#1,1-URGENT,3,HOUSEHOLD,MAIL,2,0.03,8,Brand#12,WRAP PKG,39,44,3,66267.102
O,O,N,TAKE BACK RETURN,Manufacturer#3,2-HIGH,0,MACHINERY,TRUCK,1,0.02,9,Brand#33,SM PACK,39,1,4,963.4045
O,O,N,COLLECT COD,Manufacturer#3,2-HIGH,0,MACHINERY,MAIL,4,0.01,18,Brand#33,MED PACK,30,17,2,24475.257
O,O,N,DELIVER IN PERSON,Manufacturer#4,2-HIGH,0,MACHINERY,SHIP,3,0.02,18,Brand#41,SM PACK,43,8,2,8082.6784
F,F,R,COLLECT COD,Manufacturer#1,5-LOW,1,FURNITURE,FOB,1,0,21,Brand#13,MED PACK,20,9,1,12971.9448
O,O,N,COLLECT COD,Manufacturer#4,3-MEDIUM,1,HOUSEHOLD,AIR,2,0.05,12,Brand#45,LG PKG,16,10,0,11301.85
F,F,A,TAKE BACK RETURN,Manufacturer#5,2-HIGH,0,MACHINERY,MAIL,1,0.07,18,Brand#51,SM PACK,30,43,2,63574.038
F,F,A,TAKE BACK RETURN,Manufacturer#4,5-LOW,4,BUILDING,RAIL,2,0.04,12,Brand#44,JUMBO PKG,19,33,0,29399.6736
F,F,A,TAKE BACK RETURN,Manufacturer#3,3-MEDIUM,1,MACHINERY,AIR,3,0.08,21,Brand#32,LG BOX,9,9,1,11192.1696
F,F,A,TAKE BACK RETURN,Manufacturer#1,3-MEDIUM,3,AUTOMOBILE,SHIP,3,0.05,8,Brand#13,JUMBO PACK,39,42,3,54986.2236
F,F,A,COLLECT COD,Manufacturer#1,3-MEDIUM,3,AUTOMOBILE,TRUCK,2,0.07,18,Brand#12,LG JAR,39,26,2,36753.444
F,F,A,COLLECT COD,Manufacturer#5,5-LOW,1,FURNITURE,SHIP,1,0.04,18,Brand#54,LG DRUM,10,40,2,62115.072
F,F,A,NONE,Manufacturer#3,5-LOW,1,FURNITURE,REG AIR,3,0.06,12,Brand#35,SM CAN,28,5,0,7504.443
F,F,A,TAKE BACK RETURN,Manufacturer#1,5-LOW,1,FURNITURE,MAIL,4,0.05,12,Brand#15,LG PACK,50,39,0,68009.76
F,F,R,TAKE BACK RETURN,Manufacturer#5,5-LOW,1,AUTOMOBILE,SHIP,4,0.02,21,Brand#51,LG CAN,10,17,1,22072.63
O,O,N,TAKE BACK RETURN,Manufacturer#4,2-HIGH,1,AUTOMOBILE,SHIP,4,0.03,18,Brand#42,JUMBO BOX,42,22,2,26763.2904
O,O,N,DELIVER IN PERSON,Manufacturer#4,2-HIGH,1,AUTOMOBILE,AIR,5,0.04,9,Brand#41,MED CAN,15,39,4,35009.9022
O,O,N,COLLECT COD,Manufacturer#1,4-NOT SPECIFIED,0,BUILDING,MAIL,3,0.06,18,Brand#13,JUMBO JAR,26,3,2,3566.3475
O,O,N,NONE,Manufacturer#2,3-MEDIUM,1,MACHINERY,FOB,3,0.07,21,Brand#21,WRAP DRUM,29,3,1,3629.808
O,O,N,TAKE BACK RETURN,Manufacturer#4,4-NOT SPECIFIED,4,BUILDING,TRUCK,1,0.02,8,Brand#43,LG PKG,15,23,3,25106.4412
F,F,A,NONE,Manufacturer#5,4-NOT SPECIFIED,0,AUTOMOBILE,FOB,2,0.01,18,Brand#51,JUMBO CAN,49,42,2,39504.591
O,O,N,NONE,Manufacturer#3,1-URGENT,2,HOUSEHOLD,MAIL,5,0.01,21,Brand#32,WRAP PKG,38,39,1,42165.6768
O,O,N,TAKE BACK RETURN,Manufacturer#5,4-NOT SPECIFIED,4,FURNITURE,MAIL,3,0.02,18,Brand#53,LG CASE,37,45,2,57085.479
O,O,N,TAKE BACK RETURN,Manufacturer#3,1-URGENT,1,FURNITURE,REG AIR,5,0.06,8,Brand#31,JUMBO BOX,34,45,3,69956.892
O,O,N,NONE,Manufacturer#2,1-URGENT,1,FURNITURE,TRUCK,3,0.03,8,Brand#22,MED JAR,19,49,3,55920.76
O,O,N,DELIVER IN PERSON,Manufacturer#2,1-URGENT,1,FURNITURE,REG AIR,4,0.08,18,Brand#25,WRAP PKG,4,7,2,12326.6654
F,F,R,COLLECT COD,Manufacturer#5,1-URGENT,2,FURNITURE,AIR,4,0,18,Brand#55,LG BOX,21,10,2,10460.34
F,F,A,COLLECT COD,Manufacturer#2,1-URGENT,2,FURNITURE,SHIP,5,0.02,8,Brand#22,WRAP BAG,2,8,3,7874.588
F,F,A,COLLECT COD,Manufacturer#5,2-HIGH,3,FURNITURE,FOB,2,0.03,9,Brand#52,MED BAG,4,5,4,5117.568
F,F,R,COLLECT COD,Manufacturer#5,2-HIGH,3,FURNITURE,SHIP,3,0.05,21,Brand#54,LG CAN,49,19,1,18180.036
F,F,A,DELIVER IN PERSON,Manufacturer#4,2-HIGH,2,HOUSEHOLD,AIR,4,0,9,Brand#45,JUMBO PACK,14,22,4,20001.4848
F,F,A,NONE,Manufacturer#2,2-HIGH,1,FURNITURE,AIR,1,0.05,18,Brand#23,LG DRUM,26,43,2,77942.6901
O,O,N,DELIVER IN PERSON,Manufacturer#3,4-NOT SPECIFIED,3,FURNITURE,RAIL,2,0.07,18,Brand#32,MED PACK,45,50,2,74103.49
O,O,N,COLLECT COD,Manufacturer#3,2-HIGH,4,HOUSEHOLD,TRUCK,4,0.05,21,Brand#32,SM CASE,9,48,1,83550.2784
O,O,N,TAKE BACK RETURN,Manufacturer#5,2-HIGH,4,HOUSEHOLD,AIR,6,0.02,18,Brand#52,MED PKG,32,4,2,4216.572
O,O,N,COLLECT COD,Manufacturer#2,3-MEDIUM,2,MACHINERY,FOB,3,0.07,8,Brand#24,WRAP CAN,46,29,3,30044.0928
O,O,N,DELIVER IN PERSON,Manufacturer#2,3-MEDIUM,2,MACHINERY,REG AIR,1,0.07,8,Brand#23,LG PKG,2,27,3,40512.2553
O,O,N,TAKE BACK RETURN,Manufacturer#4,2-HIGH,3,HOUSEHOLD,FOB,3,0.04,21,Brand#42,MED CASE,29,4,1,4694.254
F,F,A,DELIVER IN PERSON,Manufacturer#5,1-URGENT,2,HOUSEHOLD,AIR,6,0.08,18,Brand#52,MED BAG,26,48,2,47485.008
F,F,R,COLLECT COD,Manufacturer#3,1-URGENT,2,HOUSEHOLD,SHIP,3,0.01,21,Brand#34,SM CAN,5,44,1,50861.448
O,O,N,COLLECT COD,Manufacturer#4,2-HIGH,3,MACHINERY,RAIL,5,0.03,21,Brand#45,MED JAR,35,24,1,24913.8072
O,O,N,TAKE BACK RETURN,Manufacturer#1,2-HIGH,3,MACHINERY,TRUCK,4,0.05,21,Brand#13,MED CAN,30,38,1,53025.39
F,F,R,DELIVER IN PERSON,Manufacturer#1,4-NOT SPECIFIED,4,AUTOMOBILE,SHIP,1,0,21,Brand#15,WRAP BOX,26,44,1,60721.2672
O,O,N,TAKE BACK RETURN,Manufacturer#4,4-NOT SPECIFIED,0,FURNITURE,TRUCK,1,0.05,8,Brand#42,SM JAR,47,3,3,2511.6
O,O,N,COLLECT COD,Manufacturer#1,2-HIGH,2,FURNITURE,SHIP,2,0.08,18,Brand#11,LG DRUM,1,17,2,21596.103
O,O,N,NONE,Manufacturer#3,2-HIGH,2,FURNITURE,MAIL,1,0.05,18,Brand#31,WRAP DRUM,29,10,2,12718.816
O,O,N,DELIVER IN PERSON,Manufacturer#5,4-NOT SPECIFIED,1,BUILDING,RAIL,3,0.08,8,Brand#55,JUMBO CAN,47,31,3,31879.0112
O,O,N,NONE,Manufacturer#3,4-NOT SPECIFIED,1,BUILDING,RAIL,2,0.08,9,Brand#33,LG BAG,4,48,4,47044.704
O,O,N,DELIVER IN PERSON,Manufacturer#4,5-LOW,2,MACHINERY,REG AIR,2,0.02,18,Brand#45,MED DRUM,34,41,2,57621.8264
O,O,N,TAKE BACK RETURN,Manufacturer#5,2-HIGH,1,HOUSEHOLD,SHIP,4,0.03,12,Brand#52,WRAP PACK,36,29,0,38913.9023
O,O,N,COLLECT COD,Manufacturer#5,2-HIGH,1,HOUSEHOLD,RAIL,2,0.06,9,Brand#53,MED CASE,28,39,4,40142.0448
O,O,N,COLLECT COD,Manufacturer#3,2-HIGH,1,HOUSEHOLD,REG AIR,1,0.01,9,Brand#34,LG JAR,10,41,4,68547.5802
F,F,A,DELIVER IN PERSON,Manufacturer#2,1-URGENT,0,AUTOMOBILE,MAIL,2,0.04,12,Brand#23,MED CAN,31,22,0,36228.28
F,F,A,COLLECT COD,Manufacturer#3,1-URGENT,0,AUTOMOBILE,AIR,4,0.01,21,Brand#32,JUMBO BOX,23,50,1,62294.74
F,F,R,TAKE BACK RETURN,Manufacturer#4,1-URGENT,0,FURNITURE,MAIL,1,0.02,8,Brand#43,WRAP BAG,26,38,3,52862.5524
F,F,R,COLLECT COD,Manufacturer#5,3-MEDIUM,0,BUILDING,REG AIR,5,0.07,18,Brand#52,SM JAR,28,12,2,14855.076
F,F,A,NONE,Manufacturer#5,3-MEDIUM,0,BUILDING,AIR,2,0.02,18,Brand#53,MED BOX,2,24,2,45120.0024
F,F,R,NONE,Manufacturer#5,3-MEDIUM,0,BUILDING,AIR,7,0.01,8,Brand#54,JUMBO JAR,28,43,3,43477.73
O,O,N,COLLECT COD,Manufacturer#2,3-MEDIUM,2,FURNITURE,MAIL,2,0.04,8,Brand#22,WRAP DRUM,26,10,3,16629.723
O,O,N,COLLECT COD,Manufacturer#1,3-MEDIUM,2,FURNITURE,FOB,3,0.01,9,Brand#15,MED CASE,17,3,4,4483.152
O,O,N,COLLECT COD,Manufacturer#1,4-NOT SPECIFIED,2,AUTOMOBILE,REG AIR,4,0.01,8,Brand#13,JUMBO CASE,18,5,3,4885.35
O,O,N,NONE,Manufacturer#1,5-LOW,1,MACHINERY,MAIL,1,0.08,18,Brand#12,JUMBO DRUM,17,1,2,1298.2959
O,O,N,TAKE BACK RETURN,Manufacturer#2,5-LOW,1,MACHINERY,TRUCK,3,0.08,18,Brand#25,SM BAG,3,28,2,49724.36
F,F,R,COLLECT COD,Manufacturer#4,4-NOT SPECIFIED,1,MACHINERY,REG AIR,1,0,21,Brand#42,JUMBO BAG,1,5,1,8473.43
O,O,N,DELIVER IN PERSON,Manufacturer#3,5-LOW,1,BUILDING,FOB,2,0.07,21,Brand#32,MED PKG,5,32,1,37578.3744
O,O,N,TAKE BACK RETURN,Manufacturer#4,5-LOW,1,BUILDING,RAIL,5,0.08,18,Brand#42,MED PKG,40,9,2,11922.8895
O,O,N,COLLECT COD,Manufacturer#2,5-LOW,1,BUILDING,REG AIR,3,0.08,21,Brand#21,SM BOX,11,37,1,43678.6776
O,O,N,NONE,Manufacturer#5,5-LOW,1,BUILDING,AIR,4,0,12,Brand#54,MED CASE,3,33,0,43950.7068
O,O,N,COLLECT COD,Manufacturer#3,2-HIGH,4,BUILDING,SHIP,2,0.08,8,Brand#35,SM PKG,35,36,3,56839.9824
F,F,R,COLLECT COD,Manufacturer#2,4-NOT SPECIFIED,2,FURNITURE,TRUCK,1,0.02,18,Brand#24,MED JAR,9,8,2,11389.284
F,F,R,NONE,Manufacturer#2,4-NOT SPECIFIED,0,HOUSEHOLD,RAIL,1,0.03,18,Brand#23,JUMBO BOX,40,50,2,90596.06
F,F,R,TAKE BACK RETURN,Manufacturer#5,4-NOT SPECIFIED,0,HOUSEHOLD,MAIL,2,0.08,12,Brand#55,MED CASE,31,16,0,25278.9312
O,P,N,TAKE BACK RETURN,Manufacturer#1,4-NOT SPECIFIED,0,HOUSEHOLD,FOB,5,0.02,8,Brand#14,JUMBO PACK,17,23,3,30470.4828
O,P,N,TAKE BACK RETURN,Manufacturer#3,4-NOT SPECIFIED,0,HOUSEHOLD,FOB,7,0.03,18,Brand#34,WRAP JAR,2,30,2,44136.24
O,O,N,COLLECT COD,Manufacturer#1,3-MEDIUM,1,MACHINERY,REG AIR,2,0.08,12,Brand#15,WRAP JAR,44,23,0,24277.2958
F,F,A,COLLECT COD,Manufacturer#4,2-HIGH,4,MACHINERY,RAIL,1,0.07,21,Brand#44,MED DRUM,43,42,1,61553.3184
O,O,N,TAKE BACK RETURN,Manufacturer#2,4-NOT SPECIFIED,2,MACHINERY,FOB,3,0.03,9,Brand#21,WRAP BAG,25,20,4,35591.836
F,F,R,COLLECT COD,Manufacturer#1,5-LOW,0,BUILDING,TRUCK,1,0.03,21,Brand#11,LG PACK,16,13,1,16653.234
O,O,N,DELIVER IN PERSON,Manufacturer#3,5-LOW,4,HOUSEHOLD,REG AIR,1,0.06,9,Brand#35,JUMBO CASE,32,39,4,43856.8416
O,O,N,DELIVER IN PERSON,Manufacturer#3,5-LOW,3,HOUSEHOLD,TRUCK,2,0.02,9,Brand#35,SM BAG,32,3,4,3808.08
O,O,N,DELIVER IN PERSON,Manufacturer#3,5-LOW,3,HOUSEHOLD,TRUCK,1,0.05,12,Brand#31,MED JAR,21,42,0,55778.3856
O,O,N,TAKE BACK RETURN,Manufacturer#5,2-HIGH,3,MACHINERY,MAIL,2,0.03,12,Brand#51,JUMBO BOX,48,46,0,70993.134
O,O,N,DELIVER IN PERSON,Manufacturer#3,2-HIGH,3,MACHINERY,SHIP,4,0,12,Brand#31,MED DRUM,25,9,0,10186.2684
O,O,N,TAKE BACK RETURN,Manufacturer#4,2-HIGH,3,MACHINERY,TRUCK,2,0.01,21,Brand#42,MED CAN,11,18,1,23636.8044
O,O,N,TAKE BACK RETURN,Manufacturer#3,2-HIGH,3,MACHINERY,TRUCK,4,0.03,21,Brand#34,LG PKG,39,17,1,31086.8936
O,O,N,NONE,Manufacturer#4,2-HIGH,3,MACHINERY,SHIP,3,0.02,12,Brand#44,MED CASE,28,32,0,45559.4688
O,O,N,DELIVER IN PERSON,Manufacturer#4,3-MEDIUM,2,FURNITURE,REG AIR,6,0.08,18,Brand#45,JUMBO CAN,38,11,2,15902.6868
O,O,N,DELIVER IN PERSON,Manufacturer#5,4-NOT SPECIFIED,3,HOUSEHOLD,TRUCK,5,0.08,8,Brand#55,JUMBO CAN,47,50,3,51417.76
O,O,N,DELIVER IN PERSON,Manufacturer#4,2-HIGH,1,AUTOMOBILE,SHIP,1,0.01,18,Brand#43,JUMBO BAG,41,45,2,71738.352
F,F,A,COLLECT COD,Manufacturer#3,3-MEDIUM,4,AUTOMOBILE,TRUCK,3,0.05,21,Brand#34,SM CAN,5,31,1,37426.8332
O,O,N,TAKE BACK RETURN,Manufacturer#3,1-URGENT,1,BUILDING,TRUCK,2,0.06,9,Brand#31,SM CASE,3,32,4,45408.768
F,F,R,TAKE BACK RETURN,Manufacturer#1,3-MEDIUM,0,AUTOMOBILE,MAIL,1,0.08,12,Brand#12,SM BAG,8,49,0,67000.934
O,O,N,TAKE BACK RETURN,Manufacturer#5,3-MEDIUM,1,BUILDING,REG AIR,3,0.07,8,Brand#54,WRAP DRUM,18,23,3,20778.1172
O,O,N,COLLECT COD,Manufacturer#1,4-NOT SPECIFIED,2,AUTOMOBILE,MAIL,1,0.02,12,Brand#12,JUMBO BAG,31,5,0,8821.0035
F,F,A,TAKE BACK RETURN,Manufacturer#3,3-MEDIUM,3,MACHINERY,MAIL,2,0.03,21,Brand#35,MED BOX,24,31,1,40752.9472
F,F,R,TAKE BACK RETURN,Manufacturer#4,3-MEDIUM,2,HOUSEHOLD,REG AIR,5,0.07,12,Brand#45,LG BOX,6,19,0,32210.9964
F,F,R,TAKE BACK RETURN,Manufacturer#2,3-MEDIUM,2,HOUSEHOLD,FOB,3,0.07,8,Brand#21,SM BAG,13,42,3,70705.0596
F,F,A,TAKE BACK RETURN,Manufacturer#4,3-MEDIUM,4,BUILDING,RAIL,1,0.07,18,Brand#42,JUMBO JAR,15,19,2,32342.8526
F,F,R,COLLECT COD,Manufacturer#5,3-MEDIUM,4,BUILDING,SHIP,4,0.04,8,Brand#54,JUMBO PACK,37,22,3,33849.86
F,F,R,DELIVER IN PERSON,Manufacturer#3,3-MEDIUM,4,BUILDING,FOB,2,0.05,8,Brand#35,MED BAG,43,19,3,31374.6772
F,P,R,DELIVER IN PERSON,Manufacturer#3,3-MEDIUM,3,HOUSEHOLD,RAIL,2,0.02,18,Brand#35,WRAP PACK,7,34,2,51322.3472
O,O,N,COLLECT COD,Manufacturer#5,2-HIGH,0,HOUSEHOLD,FOB,1,0.03,9,Brand#52,MED CASE,20,49,4,44824.2102
F,F,R,DELIVER IN PERSON,Manufacturer#1,5-LOW,2,BUILDING,SHIP,2,0.08,8,Brand#12,MED JAR,23,47,3,39948.4631
F,P,N,NONE,Manufacturer#2,5-LOW,0,AUTOMOBILE,MAIL,4,0.03,18,Brand#25,SM CAN,1,26,2,34518.003
F,P,A,DELIVER IN PERSON,Manufacturer#4,5-LOW,0,AUTOMOBILE,MAIL,5,0.04,8,Brand#44,MED PACK,44,21,3,36043.6608
F,P,R,TAKE BACK RETURN,Manufacturer#3,5-LOW,0,AUTOMOBILE,MAIL,1,0.04,21,Brand#31,WRAP JAR,8,11,1,14647.743
F,P,R,TAKE BACK RETURN,Manufacturer#4,5-LOW,0,AUTOMOBILE,AIR,6,0.04,12,Brand#42,MED PKG,28,47,0,60340.9876
O,O,N,DELIVER IN PERSON,Manufacturer#3,2-HIGH,1,AUTOMOBILE,FOB,2,0.04,9,Brand#32,JUMBO CASE,40,48,4,84531.9024
O,O,N,DELIVER IN PERSON,Manufacturer#1,4-NOT SPECIFIED,2,FURNITURE,REG AIR,7,0.02,12,Brand#14,LG CAN,41,26,0,36271.2896
O,O,N,NONE,Manufacturer#2,4-NOT SPECIFIED,3,AUTOMOBILE,REG AIR,1,0.03,18,Brand#22,SM PKG,45,33,2,30119.8524
F,F,R,DELIVER IN PERSON,Manufacturer#3,3-MEDIUM,1,AUTOMOBILE,AIR,5,0,12,Brand#34,LG CASE,16,30,0,37249.758
F,F,R,DELIVER IN PERSON,Manufacturer#2,3-MEDIUM,1,AUTOMOBILE,REG AIR,3,0.02,12,Brand#23,JUMBO PACK,2,32,0,37716.6336
F,F,R,TAKE BACK RETURN,Manufacturer#1,4-NOT SPECIFIED,2,AUTOMOBILE,SHIP,3,0.06,18,Brand#12,SM DRUM,47,37,2,46296.5904
F,F,A,TAKE BACK RETURN,Manufacturer#1,4-NOT SPECIFIED,2,AUTOMOBILE,REG AIR,5,0.06,21,Brand#14,WRAP CASE,16,21,1,26480.0256
O,O,N,DELIVER IN PERSON,Manufacturer#5,3-MEDIUM,0,FURNITURE,SHIP,2,0,18,Brand#53,SM CASE,32,47,2,46348.0677
O,O,N,COLLECT COD,Manufacturer#3,3-MEDIUM,0,FURNITURE,MAIL,4,0.05,9,Brand#33,LG DRUM,2,38,4,64195.0568
O,O,N,DELIVER IN PERSON,Manufacturer#3,1-URGENT,0,BUILDING,FOB,1,0.05,21,Brand#32,WRAP CASE,20,40,1,59657.64
O,O,N,NONE,Manufacturer#3,1-URGENT,3,HOUSEHOLD,MAIL,2,0.06,21,Brand#32,MED JAR,15,29,1,50114.3461
O,O,N,NONE,Manufacturer#1,1-URGENT,4,HOUSEHOLD,RAIL,3,0,21,Brand#13,MED BAG,38,15,1,23635.05
O,O,N,NONE,Manufacturer#4,2-HIGH,2,AUTOMOBILE,TRUCK,2,0.04,12,Brand#45,MED JAR,16,18,0,19810.5624
O,O,N,DELIVER IN PERSON,Manufacturer#5,2-HIGH,2,AUTOMOBILE,FOB,3,0.08,8,Brand#51,MED DRUM,9,42,3,49242.3624
O,P,N,DELIVER IN PERSON,Manufacturer#5,1-URGENT,1,MACHINERY,FOB,4,0.06,9,Brand#52,LG CASE,21,43,4,66673.134
F,P,R,NONE,Manufacturer#1,1-URGENT,1,MACHINERY,RAIL,1,0,18,Brand#12,JUMBO CAN,14,19,2,16945.3248
O,O,N,NONE,Manufacturer#1,4-NOT SPECIFIED,0,MACHINERY,FOB,3,0.06,18,Brand#13,JUMBO JAR,26,30,2,35663.475
O,O,N,COLLECT COD,Manufacturer#3,4-NOT SPECIFIED,0,MACHINERY,RAIL,1,0.04,21,Brand#31,LG PKG,47,1,1,1110.797
F,F,A,COLLECT COD,Manufacturer#5,5-LOW,4,AUTOMOBILE,AIR,3,0,8,Brand#54,WRAP CASE,46,33,3,44209.8657
O,O,N,TAKE BACK RETURN,Manufacturer#5,5-LOW,0,BUILDING,SHIP,4,0.08,12,Brand#52,LG DRUM,30,35,0,39356.5375
F,F,R,COLLECT COD,Manufacturer#3,4-NOT SPECIFIED,4,FURNITURE,RAIL,2,0.01,21,Brand#32,JUMBO JAR,29,32,1,45134.3136
F,F,A,DELIVER IN PERSON,Manufacturer#2,4-NOT SPECIFIED,4,FURNITURE,MAIL,1,0.05,18,Brand#22,WRAP BAG,9,26,2,41592.8136
O,O,N,COLLECT COD,Manufacturer#1,5-LOW,4,FURNITURE,REG AIR,2,0.08,21,Brand#11,WRAP PKG,20,13,1,20778.0014
F,F,A,DELIVER IN PERSON,Manufacturer#3,1-URGENT,3,MACHINERY,RAIL,3,0.08,21,Brand#34,WRAP PACK,30,37,1,58596.6484
F,F,R,NONE,Manufacturer#1,4-NOT SPECIFIED,0,MACHINERY,MAIL,4,0.01,21,Brand#13,SM CASE,5,40,1,56260
F,F,A,DELIVER IN PERSON,Manufacturer#4,4-NOT SPECIFIED,3,HOUSEHOLD,TRUCK,2,0.06,8,Brand#45,LG CASE,45,32,3,47976.6656
