l_linestatus,o_orderstatus,l_returnflag,l_shipinstruct,p_mfgr,o_orderpriority,cn_regionkey,c_mktsegment,l_shipmode,l_linenumber,l_tax,s_nationkey,p_brand,p_container,p_size,l_quantity,groupcol,aggcol
O,O,N,COLLECT COD,Manufacturer#5,4-NOT SPECIFIED,0,HOUSEHOLD,SHIP,2,0.07,12,Brand#51,SM CAN,8,3,0,4260.6018
O,O,N,NONE,Manufacturer#5,2-HIGH,1,BUILDING,RAIL,3,0.01,21,Brand#54,SM BAG,1,25,1,42714.045
F,F,R,COLLECT COD,Manufacturer#1,5-LOW,3,BUILDING,SHIP,6,0.01,21,Brand#15,LG DRUM,17,22,1,34572.2036
F,F,A,TAKE BACK RETURN,Manufacturer#3,5-LOW,3,BUILDING,FOB,5,0,18,Brand#35,LG DRUM,14,24,2,27394.8336
F,F,A,COLLECT COD,Manufacturer#4,3-MEDIUM,2,HOUSEHOLD,REG AIR,3,0.03,21,Brand#41,WRAP CAN,20,4,1,6884.6976
F,F,A,TAKE BACK RETURN,Manufacturer#4,2-HIGH,1,HOUSEHOLD,MAIL,4,0.08,21,Brand#42,MED CAN,24,15,1,25764.048
F,F,A,COLLECT COD,Manufacturer#5,2-HIGH,1,BUILDING,REG AIR,7,0.03,18,Brand#52,MED PKG,32,9,2,10225.1871
F,F,R,COLLECT COD,Manufacturer#3,2-HIGH,1,BUILDING,TRUCK,2,0.05,12,Brand#35,SM CAN,28,47,0,69791.3199
O,O,N,COLLECT COD,Manufacturer#1,3-MEDIUM,1,AUTOMOBILE,RAIL,7,0.04,18,Brand#14,JUMBO PACK,17,33,2,45132.9516
O,O,N,TAKE BACK RETURN,Manufacturer#2,3-MEDIUM,1,AUTOMOBILE,REG AIR,4,0,18,Brand#23,JUMBO PKG,39,37,2,38136.492
O,O,N,DELIVER IN PERSON,Manufacturer#4,3-MEDIUM,1,AUTOMOBILE,SHIP,2,0.04,21,Brand#43,LG JAR,20,2,1,2158.34
O,O,N,NONE,Manufacturer#3,3-MEDIUM,1,AUTOMOBILE,SHIP,1,0.08,8,Brand#34,SM BAG,47,39,3,68222.427
O,O,N,NONE,Manufacturer#1,3-MEDIUM,1,AUTOMOBILE,MAIL,3,0.05,18,Brand#11,JUMBO CASE,27,30,2,27073.692
O,O,N,NONE,Manufacturer#3,1-URGENT,1,HOUSEHOLD,REG AIR,5,0.07,9,Brand#34,SM DRUM,7,44,4,66616.9504
O,O,N,TAKE BACK RETURN,Manufacturer#1,1-URGENT,1,HOUSEHOLD,SHIP,6,0.03,21,Brand#12,LG PKG,1,2,1,2046.3534
O,O,N,COLLECT COD,Manufacturer#3,1-URGENT,1,HOUSEHOLD,RAIL,4,0.02,9,Brand#35,SM BAG,21,8,4,8401.2
F,F,A,DELIVER IN PERSON,Manufacturer#5,3-MEDIUM,0,AUTOMOBILE,TRUCK,1,0.07,9,Brand#51,MED JAR,11,7,4,8664.6336
O,O,N,TAKE BACK RETURN,Manufacturer#5,5-LOW,1,AUTOMOBILE,REG AIR,2,0.08,18,Brand#54,JUMBO PACK,13,27,2,27272.7
O,O,N,COLLECT COD,Manufacturer#1,5-LOW,1,AUTOMOBILE,REG AIR,1,0.01,18,Brand#11,JUMBO PACK,12,13,2,20660.562
O,O,N,DELIVER IN PERSON,Manufacturer#3,5-LOW,1,AUTOMOBILE,SHIP,5,0.05,9,Brand#34,LG JAR,10,26,4,41712.866
F,F,R,TAKE BACK RETURN,Manufacturer#4,1-URGENT,3,HOUSEHOLD,MAIL,4,0.06,18,Brand#45,MED DRUM,33,38,2,52258.6944
F,F,R,NONE,Manufacturer#4,1-URGENT,3,HOUSEHOLD,SHIP,6,0.04,12,Brand#45,MED PKG,8,4,0,5183.7828
F,F,A,NONE,Manufacturer#2,1-URGENT,3,HOUSEHOLD,AIR,2,0.03,8,Brand#21,JUMBO CAN,1,37,3,32816.6024
O,P,N,COLLECT COD,Manufacturer#2,2-HIGH,2,AUTOMOBILE,RAIL,1,0.04,8,Brand#24,MED CASE,36,34,3,38766.2424
F,F,R,COLLECT COD,Manufacturer#5,5-LOW,0,FURNITURE,REG AIR,3,0.07,21,Brand#55,JUMBO BAG,19,31,1,41854.8112
F,F,R,COLLECT COD,Manufacturer#5,3-MEDIUM,1,AUTOMOBILE,AIR,3,0.07,9,Brand#52,JUMBO CASE,39,34,4,48298.6728
F,F,A,DELIVER IN PERSON,Manufacturer#4,3-MEDIUM,1,AUTOMOBILE,RAIL,6,0.02,21,Brand#41,MED CASE,15,42,1,51379.44
F,F,A,COLLECT COD,Manufacturer#3,3-MEDIUM,1,AUTOMOBILE,RAIL,4,0.03,8,Brand#35,LG CAN,42,6,3,6142.9752
O,O,N,TAKE BACK RETURN,Manufacturer#5,5-LOW,4,BUILDING,RAIL,4,0.08,9,Brand#53,SM CAN,37,8,4,13597.1352
F,F,R,TAKE BACK RETURN,Manufacturer#4,2-HIGH,3,HOUSEHOLD,RAIL,4,0.01,18,Brand#43,WRAP CAN,44,11,2,18417.6993
O,O,N,TAKE BACK RETURN,Manufacturer#1,1-URGENT,1,BUILDING,FOB,1,0.08,18,Brand#13,MED BAG,38,36,2,51618.9492
O,O,N,DELIVER IN PERSON,Manufacturer#2,1-URGENT,1,BUILDING,FOB,2,0.03,8,Brand#25,LG BOX,30,3,3,5430.0036
F,F,R,NONE,Manufacturer#5,3-MEDIUM,1,MACHINERY,RAIL,4,0.05,8,Brand#52,LG BAG,32,38,3,36017.73
F,F,A,NONE,Manufacturer#1,1-URGENT,0,HOUSEHOLD,TRUCK,1,0,12,Brand#14,JUMBO PKG,9,20,0,16525.6
O,O,N,COLLECT COD,Manufacturer#4,2-HIGH,0,BUILDING,SHIP,4,0.07,18,Brand#44,MED DRUM,45,24,2,43365.6
O,O,N,DELIVER IN PERSON,Manufacturer#1,2-HIGH,0,BUILDING,REG AIR,2,0,12,Brand#12,SM BAG,8,19,0,27407.424
F,F,R,DELIVER IN PERSON,Manufacturer#5,2-HIGH,1,HOUSEHOLD,AIR,4,0.02,8,Brand#53,LG JAR,26,23,3,39016.6204
F,F,R,TAKE BACK RETURN,Manufacturer#1,2-HIGH,1,HOUSEHOLD,RAIL,7,0.05,8,Brand#13,SM BAG,29,3,3,4745.4396
O,O,N,DELIVER IN PERSON,Manufacturer#1,1-URGENT,4,FURNITURE,TRUCK,1,0.05,21,Brand#13,MED JAR,19,37,1,52323.587
O,O,N,DELIVER IN PERSON,Manufacturer#1,1-URGENT,4,FURNITURE,AIR,4,0.08,21,Brand#12,WRAP PACK,36,33,1,41426.517
O,O,N,TAKE BACK RETURN,Manufacturer#1,5-LOW,1,MACHINERY,RAIL,1,0.03,18,Brand#15,SM CASE,34,10,2,13152.56
O,O,N,DELIVER IN PERSON,Manufacturer#1,4-NOT SPECIFIED,2,AUTOMOBILE,MAIL,1,0.02,18,Brand#11,JUMBO BOX,38,42,2,58369.9704
O,O,N,COLLECT COD,Manufacturer#1,4-NOT SPECIFIED,2,AUTOMOBILE,MAIL,3,0.05,9,Brand#13,WRAP BOX,26,19,4,21334.8663
F,F,A,NONE,Manufacturer#3,5-LOW,2,FURNITURE,FOB,3,0.07,8,Brand#33,WRAP CAN,6,45,3,67429.008
F,F,A,DELIVER IN PERSON,Manufacturer#3,5-LOW,2,FURNITURE,SHIP,4,0.07,18,Brand#33,SM CAN,48,29,2,40489.8348
F,F,A,TAKE BACK RETURN,Manufacturer#4,2-HIGH,1,MACHINERY,TRUCK,5,0.04,21,Brand#43,LG PKG,15,22,1,24781.2884
O,O,N,COLLECT COD,Manufacturer#5,2-HIGH,4,BUILDING,RAIL,5,0.07,21,Brand#51,LG PACK,42,23,1,42126.3584
O,O,N,TAKE BACK RETURN,Manufacturer#4,2-HIGH,4,BUILDING,AIR,7,0,21,Brand#45,LG JAR,47,42,1,50907.2256
F,F,A,TAKE BACK RETURN,Manufacturer#5,1-URGENT,1,MACHINERY,RAIL,4,0.08,9,Brand#51,LG BAG,10,34,4,38359.65
F,F,R,DELIVER IN PERSON,Manufacturer#3,1-URGENT,1,MACHINERY,MAIL,1,0.05,18,Brand#32,MED DRUM,8,44,2,67240.9584
F,F,R,DELIVER IN PERSON,Manufacturer#1,4-NOT SPECIFIED,4,AUTOMOBILE,SHIP,4,0.02,18,Brand#14,LG PKG,30,14,2,13093.038
F,F,A,DELIVER IN PERSON,Manufacturer#4,4-NOT SPECIFIED,4,AUTOMOBILE,REG AIR,3,0.02,9,Brand#42,JUMBO BAG,40,48,4,63641.76
F,F,A,TAKE BACK RETURN,Manufacturer#2,1-URGENT,2,BUILDING,MAIL,1,0,18,Brand#25,WRAP CASE,50,22,2,38805.6284
O,O,N,NONE,Manufacturer#1,4-NOT SPECIFIED,2,MACHINERY,REG AIR,5,0.07,21,Brand#13,JUMBO CASE,19,14,1,21408.7104
O,O,N,NONE,Manufacturer#2,3-MEDIUM,1,MACHINERY,FOB,4,0.05,12,Brand#23,MED BAG,32,9,0,7805.4795
F,F,A,DELIVER IN PERSON,Manufacturer#2,4-NOT SPECIFIED,4,MACHINERY,FOB,5,0.05,9,Brand#22,WRAP PKG,31,5,4,8782.465
F,F,A,COLLECT COD,Manufacturer#4,4-NOT SPECIFIED,4,MACHINERY,MAIL,7,0.08,18,Brand#42,JUMBO BOX,10,23,2,29605.6943
F,F,R,NONE,Manufacturer#4,2-HIGH,3,BUILDING,MAIL,3,0.04,9,Brand#43,MED DRUM,43,11,4,11054.5479
F,F,A,NONE,Manufacturer#5,2-HIGH,3,BUILDING,RAIL,4,0.08,8,Brand#54,WRAP BOX,31,33,3,41911.3728
O,O,N,NONE,Manufacturer#4,2-HIGH,0,BUILDING,FOB,4,0.01,21,Brand#41,WRAP PKG,2,7,1,6691.608
O,O,N,TAKE BACK RETURN,Manufacturer#1,1-URGENT,0,AUTOMOBILE,MAIL,3,0.06,12,Brand#11,MED BOX,25,30,0,35372.67
O,O,N,DELIVER IN PERSON,Manufacturer#1,1-URGENT,0,AUTOMOBILE,REG AIR,1,0.07,9,Brand#13,WRAP BOX,5,29,4,33569.4546
F,F,A,DELIVER IN PERSON,Manufacturer#1,5-LOW,0,MACHINERY,TRUCK,1,0.07,12,Brand#11,LG PKG,12,28,0,40448.226
F,F,R,COLLECT COD,Manufacturer#3,5-LOW,0,MACHINERY,RAIL,5,0.02,21,Brand#35,LG PKG,5,13,1,18628.3461
O,O,N,NONE,Manufacturer#1,3-MEDIUM,3,MACHINERY,SHIP,4,0,12,Brand#12,MED BAG,48,39,0,35880.78
O,O,N,COLLECT COD,Manufacturer#2,3-MEDIUM,3,MACHINERY,SHIP,2,0.02,21,Brand#25,JUMBO BOX,36,19,1,24150.8563
O,O,N,DELIVER IN PERSON,Manufacturer#5,3-MEDIUM,3,MACHINERY,RAIL,1,0.01,9,Brand#55,WRAP CASE,11,26,4,24779.3
F,F,A,COLLECT COD,Manufacturer#5,3-MEDIUM,3,MACHINERY,MAIL,5,0.06,9,Brand#52,JUMBO CASE,39,9,4,12524.0256
F,F,R,TAKE BACK RETURN,Manufacturer#3,3-MEDIUM,3,MACHINERY,REG AIR,6,0.05,12,Brand#34,MED DRUM,29,44,0,61486.392
F,F,A,COLLECT COD,Manufacturer#2,2-HIGH,0,FURNITURE,MAIL,5,0.07,8,Brand#23,WRAP PACK,41,23,3,26129.495
F,F,A,TAKE BACK RETURN,Manufacturer#1,3-MEDIUM,2,FURNITURE,TRUCK,2,0.08,18,Brand#14,WRAP PACK,42,32,2,38200.896
F,F,A,COLLECT COD,Manufacturer#3,3-MEDIUM,2,FURNITURE,SHIP,4,0.05,9,Brand#33,SM PACK,41,22,4,33378.444
O,O,N,DELIVER IN PERSON,Manufacturer#5,3-MEDIUM,3,FURNITURE,FOB,5,0.02,8,Brand#51,JUMBO BOX,39,28,3,49823.4968
O,O,N,DELIVER IN PERSON,Manufacturer#1,1-URGENT,0,AUTOMOBILE,SHIP,1,0,21,Brand#12,JUMBO BAG,16,47,1,51989.52
O,O,N,NONE,Manufacturer#5,1-URGENT,1,BUILDING,REG AIR,2,0.05,12,Brand#55,WRAP DRUM,9,48,0,75384.6912
O,O,N,TAKE BACK RETURN,Manufacturer#4,1-URGENT,1,BUILDING,REG AIR,3,0.03,12,Brand#43,LG BOX,16,15,0,13755.15
O,O,N,COLLECT COD,Manufacturer#5,1-URGENT,1,BUILDING,SHIP,5,0.08,12,Brand#54,MED PKG,43,3,0,4887.2085
O,O,N,NONE,Manufacturer#4,1-URGENT,1,BUILDING,REG AIR,6,0.04,18,Brand#45,JUMBO PACK,34,40,2,37281.16
O,O,N,TAKE BACK RETURN,Manufacturer#5,4-NOT SPECIFIED,4,FURNITURE,SHIP,3,0.07,9,Brand#55,JUMBO CASE,35,13,4,21702.915
F,F,R,DELIVER IN PERSON,Manufacturer#4,4-NOT SPECIFIED,2,MACHINERY,MAIL,6,0.03,18,Brand#45,MED JAR,35,23,2,37615.1246
F,F,R,DELIVER IN PERSON,Manufacturer#3,4-NOT SPECIFIED,2,MACHINERY,TRUCK,2,0.08,21,Brand#33,LG PKG,25,14,1,16888.2
F,F,R,DELIVER IN PERSON,Manufacturer#1,4-NOT SPECIFIED,2,MACHINERY,SHIP,1,0.04,12,Brand#13,WRAP CASE,24,22,0,21312.192
F,F,R,TAKE BACK RETURN,Manufacturer#5,1-URGENT,3,BUILDING,MAIL,2,0.06,21,Brand#55,JUMBO DRUM,24,16,1,20198.856
F,F,A,COLLECT COD,Manufacturer#3,5-LOW,2,AUTOMOBILE,RAIL,3,0.03,18,Brand#31,WRAP DRUM,29,9,2,12317.8968
F,F,A,NONE,Manufacturer#3,5-LOW,2,AUTOMOBILE,SHIP,7,0.07,21,Brand#35,WRAP BOX,44,42,1,61773.3816
F,F,R,NONE,Manufacturer#3,5-LOW,2,AUTOMOBILE,FOB,5,0.04,18,Brand#32,JUMBO JAR,21,8,2,13934.8968
F,F,R,NONE,Manufacturer#3,4-NOT SPECIFIED,0,BUILDING,TRUCK,2,0.01,9,Brand#32,LG CAN,33,33,4,35649.4248
F,F,R,COLLECT COD,Manufacturer#5,1-URGENT,3,BUILDING,AIR,1,0.04,9,Brand#52,JUMBO CASE,39,39,4,52574.8158
O,O,N,DELIVER IN PERSON,Manufacturer#3,1-URGENT,4,AUTOMOBILE,MAIL,2,0.01,21,Brand#32,MED JAR,15,9,1,15381.819
O,O,N,COLLECT COD,Manufacturer#1,2-HIGH,2,AUTOMOBILE,SHIP,4,0.04,18,Brand#15,LG DRUM,6,46,2,71394.001
O,O,N,COLLECT COD,Manufacturer#4,2-HIGH,2,AUTOMOBILE,REG AIR,2,0.08,9,Brand#43,LG CASE,13,42,4,45204.9444
O,O,N,TAKE BACK RETURN,Manufacturer#1,2-HIGH,2,AUTOMOBILE,TRUCK,3,0.05,18,Brand#13,JUMBO CASE,18,2,2,1836.8916
F,F,R,DELIVER IN PERSON,Manufacturer#5,5-LOW,3,FURNITURE,REG AIR,3,0.08,12,Brand#53,JUMBO BAG,21,8,0,10821.852
F,F,A,TAKE BACK RETURN,Manufacturer#4,5-LOW,3,FURNITURE,RAIL,4,0.04,8,Brand#43,MED PACK,47,13,3,20386.7625
O,O,N,DELIVER IN PERSON,Manufacturer#1,5-LOW,2,AUTOMOBILE,RAIL,1,0.07,21,Brand#13,WRAP DRUM,19,36,1,37095.0696
F,F,R,DELIVER IN PERSON,Manufacturer#4,5-LOW,4,HOUSEHOLD,AIR,4,0.05,8,Brand#43,LG PKG,15,34,3,36719.0412
F,F,R,COLLECT COD,Manufacturer#2,5-LOW,4,HOUSEHOLD,SHIP,3,0.01,12,Brand#24,WRAP PACK,40,23,0,24974.5132
F,F,A,COLLECT COD,Manufacturer#1,1-URGENT,0,FURNITURE,REG AIR,5,0.02,12,Brand#11,MED PACK,4,22,0,36808.7808
F,F,R,DELIVER IN PERSON,Manufacturer#1,1-URGENT,0,FURNITURE,AIR,3,0.04,18,Brand#12,MED CAN,7,20,2,22680.576
F,F,A,DELIVER IN PERSON,Manufacturer#2,1-URGENT,0,FURNITURE,FOB,2,0.03,18,Brand#24,WRAP CASE,26,33,2,55267.41
O,O,N,DELIVER IN PERSON,Manufacturer#4,4-NOT SPECIFIED,0,AUTOMOBILE,TRUCK,5,0.05,21,Brand#45,MED JAR,40,44,1,79122.1816
O,O,N,COLLECT COD,Manufacturer#2,4-NOT SPECIFIED,0,AUTOMOBILE,RAIL,6,0.08,12,Brand#23,MED DRUM,19,17,0,27126.73
O,O,N,COLLECT COD,Manufacturer#1,1-URGENT,0,AUTOMOBILE,FOB,6,0.01,9,Brand#13,LG DRUM,44,21,4,38689.7826
O,O,N,TAKE BACK RETURN,Manufacturer#5,1-URGENT,0,AUTOMOBILE,AIR,5,0.07,9,Brand#54,LG CASE,42,28,4,29584.9848
O,O,N,DELIVER IN PERSON,Manufacturer#2,1-URGENT,0,AUTOMOBILE,FOB,4,0.06,9,Brand#21,MED JAR,8,35,4,35381.43
O,O,N,NONE,Manufacturer#5,1-URGENT,4,BUILDING,MAIL,6,0,9,Brand#51,SM PKG,28,38,4,49437.468
F,F,A,NONE,Manufacturer#1,3-MEDIUM,2,AUTOMOBILE,REG AIR,1,0.04,9,Brand#11,JUMBO BAG,24,8,4,13438.4432
F,F,A,COLLECT COD,Manufacturer#5,3-MEDIUM,2,AUTOMOBILE,AIR,3,0.02,8,Brand#54,LG BAG,10,9,3,11796.1326
O,O,N,NONE,Manufacturer#5,4-NOT SPECIFIED,2,AUTOMOBILE,FOB,3,0,12,Brand#55,MED JAR,36,4,0,3793.3896
O,O,N,COLLECT COD,Manufacturer#5,4-NOT SPECIFIED,2,AUTOMOBILE,FOB,2,0.07,8,Brand#51,SM PKG,20,13,3,13811.4106
O,O,N,DELIVER IN PERSON,Manufacturer#2,4-NOT SPECIFIED,4,HOUSEHOLD,TRUCK,4,0.03,9,Brand#24,JUMBO DRUM,50,26,4,42035.6872
F,F,R,COLLECT COD,Manufacturer#1,5-LOW,4,HOUSEHOLD,RAIL,2,0,8,Brand#12,MED JAR,23,26,3,22584.8454
F,F,A,COLLECT COD,Manufacturer#1,5-LOW,4,HOUSEHOLD,AIR,7,0.02,21,Brand#12,SM DRUM,16,20,1,20685.648
F,F,A,NONE,Manufacturer#1,5-LOW,4,HOUSEHOLD,REG AIR,6,0.07,9,Brand#15,WRAP PACK,34,2,4,2792.97
O,O,N,COLLECT COD,Manufacturer#4,5-LOW,0,MACHINERY,TRUCK,2,0.04,21,Brand#42,SM CAN,44,32,1,49202.7584
F,F,A,TAKE BACK RETURN,Manufacturer#5,5-LOW,4,AUTOMOBILE,MAIL,4,0.02,8,Brand#54,LG CAN,44,26,3,22004.0418
F,F,A,TAKE BACK RETURN,Manufacturer#3,5-LOW,4,AUTOMOBILE,SHIP,3,0.05,21,Brand#31,JUMBO CAN,11,12,1,11687.544
F,F,A,DELIVER IN PERSON,Manufacturer#5,5-LOW,4,AUTOMOBILE,MAIL,2,0.02,18,Brand#54,LG PKG,22,30,2,30035.46
O,O,N,NONE,Manufacturer#1,1-URGENT,2,HOUSEHOLD,RAIL,1,0.04,12,Brand#11,MED BAG,20,4,0,3791.34
O,O,N,DELIVER IN PERSON,Manufacturer#5,1-URGENT,2,HOUSEHOLD,FOB,3,0,9,Brand#54,SM CASE,6,38,4,47806.4016
F,F,A,NONE,Manufacturer#3,5-LOW,0,BUILDING,TRUCK,4,0.01,8,Brand#32,LG JAR,31,48,3,85770.24
O,O,N,DELIVER IN PERSON,Manufacturer#3,5-LOW,4,AUTOMOBILE,MAIL,3,0.06,21,Brand#34,SM CAN,5,36,1,42076.2888
O,O,N,DELIVER IN PERSON,Manufacturer#4,4-NOT SPECIFIED,1,AUTOMOBILE,MAIL,1,0.04,8,Brand#41,SM JAR,11,27,3,30308.3775
F,F,A,TAKE BACK RETURN,Manufacturer#2,1-URGENT,0,HOUSEHOLD,TRUCK,1,0.02,12,Brand#24,MED PKG,4,30,0,39252
F,F,R,DELIVER IN PERSON,Manufacturer#2,4-NOT SPECIFIED,1,FURNITURE,SHIP,7,0.08,8,Brand#25,WRAP JAR,15,48,3,55557.6096
F,F,R,COLLECT COD,Manufacturer#4,4-NOT SPECIFIED,1,FURNITURE,MAIL,4,0.01,21,Brand#44,JUMBO PKG,46,46,1,41069.6832
F,F,R,NONE,Manufacturer#3,4-NOT SPECIFIED,1,FURNITURE,SHIP,3,0.08,9,Brand#33,LG CAN,14,2,4,2612.8
O,O,N,COLLECT COD,Manufacturer#2,4-NOT SPECIFIED,1,MACHINERY,AIR,3,0,9,Brand#24,LG PKG,42,10,4,13209.105
O,O,N,DELIVER IN PERSON,Manufacturer#4,2-HIGH,1,HOUSEHOLD,SHIP,1,0.08,9,Brand#42,WRAP PKG,38,29,4,39336.6701
F,F,A,DELIVER IN PERSON,Manufacturer#3,4-NOT SPECIFIED,2,FURNITURE,FOB,2,0.04,18,Brand#31,SM JAR,2,10,2,12043.122
F,F,A,DELIVER IN PERSON,Manufacturer#4,2-HIGH,1,AUTOMOBILE,MAIL,3,0.08,21,Brand#43,MED BAG,4,40,1,66037.54
F,F,R,COLLECT COD,Manufacturer#5,2-HIGH,1,AUTOMOBILE,FOB,5,0.05,8,Brand#55,MED PKG,39,48,3,55284.7008
F,F,A,DELIVER IN PERSON,Manufacturer#2,2-HIGH,1,AUTOMOBILE,SHIP,7,0.05,12,Brand#21,LG CAN,33,39,0,41427.828
F,F,A,TAKE BACK RETURN,Manufacturer#2,2-HIGH,1,AUTOMOBILE,REG AIR,6,0.04,8,Brand#25,LG CASE,39,11,3,12817.871
F,F,R,NONE,Manufacturer#5,2-HIGH,1,AUTOMOBILE,MAIL,1,0.04,18,Brand#54,LG BOX,37,35,2,30324.3325
O,O,N,DELIVER IN PERSON,Manufacturer#4,1-URGENT,1,BUILDING,SHIP,2,0.06,8,Brand#45,JUMBO CASE,7,42,3,47506.284
O,O,N,NONE,Manufacturer#3,1-URGENT,1,BUILDING,SHIP,3,0.07,18,Brand#32,JUMBO JAR,21,7,2,12717.4663
O,O,N,DELIVER IN PERSON,Manufacturer#1,3-MEDIUM,2,HOUSEHOLD,MAIL,6,0.05,18,Brand#13,MED CASE,27,7,2,9502.6708
O,O,N,TAKE BACK RETURN,Manufacturer#5,3-MEDIUM,2,HOUSEHOLD,RAIL,5,0.07,8,Brand#55,MED PKG,39,24,3,25385.832
O,O,N,NONE,Manufacturer#1,3-MEDIUM,2,HOUSEHOLD,TRUCK,1,0.04,18,Brand#15,SM JAR,20,39,2,38931.6096
O,O,N,COLLECT COD,Manufacturer#2,3-MEDIUM,2,HOUSEHOLD,SHIP,3,0.04,9,Brand#22,SM DRUM,42,44,4,53247.7968
F,F,N,DELIVER IN PERSON,Manufacturer#3,1-URGENT,3,MACHINERY,RAIL,1,0.04,21,Brand#31,JUMBO DRUM,23,36,1,39570.84
F,F,A,NONE,Manufacturer#3,5-LOW,1,FURNITURE,MAIL,5,0.04,8,Brand#34,SM BAG,47,33,3,58340.7825
F,F,R,DELIVER IN PERSON,Manufacturer#5,5-LOW,1,FURNITURE,TRUCK,6,0.01,8,Brand#54,LG BOX,37,23,3,20976.23
O,O,N,NONE,Manufacturer#3,2-HIGH,0,HOUSEHOLD,TRUCK,1,0.08,18,Brand#31,WRAP JAR,4,23,2,39417.63
F,F,R,DELIVER IN PERSON,Manufacturer#1,2-HIGH,4,HOUSEHOLD,AIR,1,0.08,12,Brand#14,MED BAG,30,32,0,37723.8272
F,F,R,TAKE BACK RETURN,Manufacturer#2,2-HIGH,4,HOUSEHOLD,REG AIR,2,0.02,18,Brand#22,MED CASE,49,14,2,22922.6144
O,O,N,NONE,Manufacturer#2,4-NOT SPECIFIED,1,HOUSEHOLD,MAIL,1,0.04,18,Brand#22,SM BAG,8,44,2,67391.28
O,O,N,DELIVER IN PERSON,Manufacturer#4,4-NOT SPECIFIED,1,HOUSEHOLD,RAIL,3,0.04,12,Brand#42,MED CAN,11,24,0,30879.0576
O,O,N,NONE,Manufacturer#1,5-LOW,4,AUTOMOBILE,AIR,1,0.06,12,Brand#14,JUMBO JAR,9,48,0,68236.4736
O,O,N,DELIVER IN PERSON,Manufacturer#2,5-LOW,4,AUTOMOBILE,SHIP,2,0.07,12,Brand#23,MED BAG,9,6,0,5615.694
O,O,N,COLLECT COD,Manufacturer#3,5-LOW,4,AUTOMOBILE,TRUCK,3,0.04,21,Brand#33,MED PACK,33,8,1,9525.9528
O,O,N,DELIVER IN PERSON,Manufacturer#4,4-NOT SPECIFIED,0,MACHINERY,AIR,2,0.08,21,Brand#44,MED DRUM,14,11,1,15050.387
O,O,N,COLLECT COD,Manufacturer#4,4-NOT SPECIFIED,0,MACHINERY,AIR,5,0.07,18,Brand#44,MED BAG,6,10,2,15231.307
O,O,N,TAKE BACK RETURN,Manufacturer#4,4-NOT SPECIFIED,0,MACHINERY,AIR,4,0.01,12,Brand#44,JUMBO CAN,1,50,0,69722.4
O,O,N,TAKE BACK RETURN,Manufacturer#2,4-NOT SPECIFIED,0,BUILDING,SHIP,2,0.07,12,Brand#22,LG PACK,19,31,0,36316.4256
O,O,N,COLLECT COD,Manufacturer#3,1-URGENT,4,HOUSEHOLD,MAIL,4,0.06,18,Brand#35,SM DRUM,21,15,2,17799.306
O,O,N,NONE,Manufacturer#3,1-URGENT,4,HOUSEHOLD,SHIP,2,0.02,21,Brand#32,MED JAR,15,7,1,13027.0714
F,F,R,DELIVER IN PERSON,Manufacturer#1,3-MEDIUM,2,AUTOMOBILE,FOB,2,0.08,12,Brand#14,LG BAG,25,12,0,11839.1604
F,F,A,NONE,Manufacturer#5,5-LOW,0,HOUSEHOLD,REG AIR,2,0.05,9,Brand#52,SM PACK,34,33,4,47405.0016
O,O,N,TAKE BACK RETURN,Manufacturer#2,4-NOT SPECIFIED,0,HOUSEHOLD,SHIP,4,0.07,9,Brand#23,SM PACK,20,28,4,43451.4528
O,O,N,DELIVER IN PERSON,Manufacturer#2,4-NOT SPECIFIED,0,HOUSEHOLD,TRUCK,1,0.06,21,Brand#24,JUMBO CASE,38,44,1,54873.6188
F,F,A,COLLECT COD,Manufacturer#2,5-LOW,2,AUTOMOBILE,SHIP,2,0.02,21,Brand#21,WRAP CASE,19,46,1,43886.3
F,F,A,NONE,Manufacturer#3,5-LOW,2,AUTOMOBILE,FOB,4,0.07,18,Brand#35,MED PKG,38,18,2,26186.0688
O,O,N,TAKE BACK RETURN,Manufacturer#4,5-LOW,4,MACHINERY,RAIL,5,0.03,9,Brand#43,JUMBO CAN,2,40,4,72556.4
O,O,N,DELIVER IN PERSON,Manufacturer#4,5-LOW,4,MACHINERY,MAIL,6,0.04,12,Brand#44,WRAP PACK,34,20,0,34746.03
O,O,N,NONE,Manufacturer#4,5-LOW,4,MACHINERY,FOB,4,0.03,8,Brand#44,WRAP CAN,40,22,3,20245.4868
F,F,A,DELIVER IN PERSON,Manufacturer#5,5-LOW,2,MACHINERY,MAIL,2,0.02,9,Brand#55,LG JAR,38,27,4,34092.1548
F,F,R,TAKE BACK RETURN,Manufacturer#2,5-LOW,2,MACHINERY,REG AIR,4,0.07,18,Brand#22,SM PKG,19,22,2,20455.974
F,F,R,DELIVER IN PERSON,Manufacturer#5,5-LOW,2,MACHINERY,RAIL,2,0.02,12,Brand#54,SM BAG,1,38,0,60990.4788
F,F,A,TAKE BACK RETURN,Manufacturer#5,5-LOW,2,MACHINERY,MAIL,1,0.07,12,Brand#53,JUMBO PKG,10,34,0,58993.4544
F,F,A,DELIVER IN PERSON,Manufacturer#3,5-LOW,2,MACHINERY,MAIL,7,0.03,21,Brand#32,LG BOX,9,27,1,32527.2429
F,F,A,TAKE BACK RETURN,Manufacturer#4,5-LOW,2,MACHINERY,RAIL,5,0,9,Brand#44,MED DRUM,41,48,4,76433.0112
O,O,N,DELIVER IN PERSON,Manufacturer#1,4-NOT SPECIFIED,0,HOUSEHOLD,TRUCK,1,0.07,9,Brand#11,LG DRUM,1,10,4,13409.345
O,O,N,TAKE BACK RETURN,Manufacturer#2,2-HIGH,4,BUILDING,SHIP,3,0.04,21,Brand#25,SM BAG,35,15,1,19450.527
O,O,N,NONE,Manufacturer#2,2-HIGH,4,BUILDING,MAIL,4,0,9,Brand#21,MED JAR,8,41,4,44670.4594
F,F,A,NONE,Manufacturer#4,4-NOT SPECIFIED,4,BUILDING,TRUCK,2,0.04,18,Brand#43,MED JAR,42,5,2,7289.619
F,F,A,NONE,Manufacturer#1,4-NOT SPECIFIED,4,BUILDING,MAIL,3,0.04,8,Brand#14,LG PACK,44,43,3,64570.778
F,F,R,DELIVER IN PERSON,Manufacturer#4,4-NOT SPECIFIED,4,BUILDING,SHIP,4,0.04,18,Brand#45,JUMBO BOX,44,37,2,49832.5472
O,O,N,COLLECT COD,Manufacturer#4,4-NOT SPECIFIED,1,BUILDING,MAIL,1,0.04,21,Brand#44,LG DRUM,18,17,1,19974.5019
O,O,N,COLLECT COD,Manufacturer#3,1-URGENT,4,HOUSEHOLD,SHIP,2,0,12,Brand#34,LG CASE,9,3,0,3893.7948
O,O,N,TAKE BACK RETURN,Manufacturer#4,1-URGENT,0,BUILDING,FOB,1,0.04,18,Brand#43,WRAP CAN,2,22,2,26278.4148
O,O,N,COLLECT COD,Manufacturer#3,1-URGENT,0,BUILDING,TRUCK,2,0.05,8,Brand#32,JUMBO CASE,40,12,3,21132.9756
O,O,N,NONE,Manufacturer#1,2-HIGH,1,AUTOMOBILE,TRUCK,4,0.05,18,Brand#15,WRAP BOX,48,5,2,8360.832
O,O,N,TAKE BACK RETURN,Manufacturer#3,2-HIGH,1,AUTOMOBILE,MAIL,3,0.08,9,Brand#35,LG CAN,42,44,4,46006.9632
O,O,N,DELIVER IN PERSON,Manufacturer#3,2-HIGH,1,AUTOMOBILE,REG AIR,6,0.05,18,Brand#33,MED PACK,30,39,2,59268.5145
O,O,N,TAKE BACK RETURN,Manufacturer#1,5-LOW,3,FURNITURE,MAIL,3,0,12,Brand#11,WRAP JAR,20,11,0,18171.8592
O,O,N,NONE,Manufacturer#5,5-LOW,3,FURNITURE,AIR,2,0.08,9,Brand#51,MED CASE,27,41,4,55431.8032
O,O,N,DELIVER IN PERSON,Manufacturer#5,5-LOW,3,FURNITURE,SHIP,4,0.04,18,Brand#52,MED CASE,13,38,2,34146.3744
F,F,A,COLLECT COD,Manufacturer#5,3-MEDIUM,4,FURNITURE,TRUCK,1,0.01,12,Brand#54,MED JAR,2,27,0,46023.957
F,F,R,TAKE BACK RETURN,Manufacturer#4,1-URGENT,2,AUTOMOBILE,RAIL,3,0.01,9,Brand#44,WRAP CAN,19,33,4,56484.9384
F,F,R,NONE,Manufacturer#1,1-URGENT,0,BUILDING,TRUCK,3,0.06,9,Brand#14,SM BOX,26,48,4,48615.1584
O,O,N,COLLECT COD,Manufacturer#5,4-NOT SPECIFIED,4,BUILDING,SHIP,1,0.03,9,Brand#51,LG PKG,47,35,4,60215.547
O,O,N,NONE,Manufacturer#3,4-NOT SPECIFIED,4,BUILDING,MAIL,2,0.05,8,Brand#34,SM BAG,47,11,3,19446.9275
F,F,R,DELIVER IN PERSON,Manufacturer#1,5-LOW,2,MACHINERY,RAIL,4,0.07,8,Brand#13,LG PKG,19,47,3,45158.1123
O,O,N,DELIVER IN PERSON,Manufacturer#2,3-MEDIUM,0,FURNITURE,TRUCK,2,0.02,12,Brand#21,SM CASE,25,44,0,62326.44
O,O,N,NONE,Manufacturer#2,5-LOW,3,BUILDING,SHIP,2,0.03,21,Brand#24,JUMBO PACK,48,45,1,57228.201
O,O,N,DELIVER IN PERSON,Manufacturer#5,5-LOW,3,BUILDING,TRUCK,1,0.05,21,Brand#54,WRAP BOX,31,26,1,34097.856
O,O,N,NONE,Manufacturer#5,1-URGENT,3,FURNITURE,TRUCK,3,0,12,Brand#54,WRAP DRUM,43,44,0,66538.5952
F,F,A,NONE,Manufacturer#4,3-MEDIUM,2,MACHINERY,SHIP,2,0.03,18,Brand#42,WRAP JAR,2,22,2,33488.8554
F,F,A,DELIVER IN PERSON,Manufacturer#4,3-MEDIUM,2,MACHINERY,FOB,6,0.03,9,Brand#45,MED BOX,34,9,4,10327.9752
O,O,N,TAKE BACK RETURN,Manufacturer#1,5-LOW,0,BUILDING,REG AIR,2,0.04,18,Brand#13,JUMBO PACK,15,2,2,3421.0836
O,O,N,NONE,Manufacturer#4,5-LOW,0,BUILDING,TRUCK,1,0.02,18,Brand#44,MED JAR,10,31,2,33277.0275
F,F,A,TAKE BACK RETURN,Manufacturer#5,2-HIGH,3,AUTOMOBILE,RAIL,3,0.03,18,Brand#53,MED JAR,40,36,2,55823.4
F,F,A,TAKE BACK RETURN,Manufacturer#2,2-HIGH,3,AUTOMOBILE,TRUCK,1,0.05,12,Brand#21,SM BOX,26,45,0,72936.045
F,F,A,DELIVER IN PERSON,Manufacturer#1,2-HIGH,3,AUTOMOBILE,TRUCK,2,0.06,9,Brand#14,LG CAN,41,31,4,43687.8288
F,F,A,COLLECT COD,Manufacturer#2,2-HIGH,1,MACHINERY,FOB,3,0.06,18,Brand#22,WRAP DRUM,37,34,2,49018.803
F,F,A,TAKE BACK RETURN,Manufacturer#5,2-HIGH,1,MACHINERY,AIR,5,0.08,9,Brand#52,SM JAR,18,23,4,24983.0163
O,O,N,NONE,Manufacturer#1,2-HIGH,4,FURNITURE,RAIL,3,0,8,Brand#15,JUMBO JAR,16,41,3,48629.8581
O,O,N,NONE,Manufacturer#3,2-HIGH,4,FURNITURE,RAIL,1,0.04,18,Brand#35,SM DRUM,21,26,2,31170.1936
O,O,N,DELIVER IN PERSON,Manufacturer#3,4-NOT SPECIFIED,2,MACHINERY,MAIL,6,0.04,18,Brand#32,WRAP CAN,9,44,2,67506.1024
O,O,N,TAKE BACK RETURN,Manufacturer#5,4-NOT SPECIFIED,2,MACHINERY,MAIL,7,0.08,21,Brand#55,JUMBO BAG,3,39,1,36075.78
O,O,N,DELIVER IN PERSON,Manufacturer#1,4-NOT SPECIFIED,2,MACHINERY,FOB,4,0.08,21,Brand#13,MED PKG,6,22,1,21149.8606
F,F,R,TAKE BACK RETURN,Manufacturer#2,4-NOT SPECIFIED,3,MACHINERY,RAIL,5,0.08,12,Brand#21,LG CAN,33,35,0,40483.604
F,F,R,COLLECT COD,Manufacturer#5,4-NOT SPECIFIED,3,MACHINERY,RAIL,6,0.03,21,Brand#52,MED CASE,20,40,1,34743.152
F,F,A,NONE,Manufacturer#1,4-NOT SPECIFIED,3,MACHINERY,FOB,2,0.05,21,Brand#13,LG CAN,47,20,1,34171.236
F,F,R,TAKE BACK RETURN,Manufacturer#4,4-NOT SPECIFIED,3,MACHINERY,FOB,1,0,12,Brand#44,LG PKG,35,15,0,19380.627
F,F,R,NONE,Manufacturer#4,4-NOT SPECIFIED,4,FURNITURE,RAIL,1,0.05,9,Brand#44,SM CASE,16,28,4,25729.6032
F,F,R,COLLECT COD,Manufacturer#2,4-NOT SPECIFIED,4,FURNITURE,FOB,2,0.02,12,Brand#21,LG DRUM,21,21,0,31533.6
O,O,N,TAKE BACK RETURN,Manufacturer#4,2-HIGH,4,MACHINERY,RAIL,1,0.01,12,Brand#42,SM DRUM,45,47,0,69624.7566
O,O,N,COLLECT COD,Manufacturer#4,3-MEDIUM,3,HOUSEHOLD,AIR,3,0.04,8,Brand#43,JUMBO BOX,48,26,3,41685.6076
O,O,N,NONE,Manufacturer#2,3-MEDIUM,3,HOUSEHOLD,MAIL,2,0.01,21,Brand#22,JUMBO JAR,7,10,1,14641.91
O,O,N,NONE,Manufacturer#2,3-MEDIUM,3,HOUSEHOLD,SHIP,5,0.04,21,Brand#21,WRAP CASE,19,48,1,43046.736
O,O,N,TAKE BACK RETURN,Manufacturer#5,4-NOT SPECIFIED,0,BUILDING,RAIL,7,0.05,8,Brand#55,LG CASE,26,27,3,46226.2464
O,O,N,COLLECT COD,Manufacturer#4,4-NOT SPECIFIED,0,BUILDING,SHIP,3,0.03,12,Brand#45,SM CASE,26,38,0,64685.348
O,O,N,TAKE BACK RETURN,Manufacturer#2,4-NOT SPECIFIED,0,BUILDING,FOB,5,0.03,9,Brand#25,MED CAN,25,5,4,4536.192
O,O,N,NONE,Manufacturer#2,4-NOT SPECIFIED,0,BUILDING,FOB,1,0.07,12,Brand#22,SM PACK,19,25,0,33453.77
F,F,R,TAKE BACK RETURN,Manufacturer#4,5-LOW,1,FURNITURE,TRUCK,2,0.02,8,Brand#42,MED JAR,7,29,3,30413.286
O,O,N,NONE,Manufacturer#1,4-NOT SPECIFIED,4,FURNITURE,FOB,1,0.01,18,Brand#12,SM DRUM,40,46,2,56055.9036
O,O,N,COLLECT COD,Manufacturer#3,4-NOT SPECIFIED,4,FURNITURE,MAIL,2,0.07,9,Brand#32,LG JAR,42,40,4,48937.616
O,O,N,NONE,Manufacturer#2,4-NOT SPECIFIED,4,FURNITURE,RAIL,7,0.07,21,Brand#22,JUMBO JAR,7,45,1,63084.825
O,O,N,TAKE BACK RETURN,Manufacturer#4,2-HIGH,2,AUTOMOBILE,RAIL,1,0.03,12,Brand#45,SM CASE,26,26,0,44258.396
F,F,R,NONE,Manufacturer#4,5-LOW,1,HOUSEHOLD,SHIP,1,0.06,8,Brand#42,LG PACK,44,33,3,48008.6607
F,F,R,COLLECT COD,Manufacturer#2,5-LOW,1,HOUSEHOLD,FOB,4,0.02,21,Brand#23,LG JAR,20,11,1,12833.6736
F,F,A,DELIVER IN PERSON,Manufacturer#3,5-LOW,0,BUILDING,TRUCK,2,0.08,18,Brand#35,JUMBO JAR,42,12,2,11076.24
O,O,N,NONE,Manufacturer#5,5-LOW,4,HOUSEHOLD,AIR,6,0.06,18,Brand#55,LG BAG,16,6,2,5851.3752
O,O,N,COLLECT COD,Manufacturer#5,5-LOW,4,HOUSEHOLD,SHIP,5,0.05,12,Brand#52,LG CAN,23,7,0,11294.794
O,O,N,DELIVER IN PERSON,Manufacturer#4,3-MEDIUM,2,HOUSEHOLD,FOB,1,0.03,8,Brand#41,SM JAR,11,22,3,24695.715
O,O,N,COLLECT COD,Manufacturer#4,1-URGENT,3,AUTOMOBILE,TRUCK,4,0.06,8,Brand#44,LG CASE,37,40,3,37865.472
O,O,N,TAKE BACK RETURN,Manufacturer#5,5-LOW,2,FURNITURE,FOB,1,0.05,18,Brand#52,LG PKG,39,33,2,37137.5136
F,F,R,NONE,Manufacturer#2,5-LOW,2,BUILDING,AIR,1,0.02,18,Brand#23,JUMBO PKG,39,49,2,54433.2572
O,O,N,NONE,Manufacturer#4,2-HIGH,2,AUTOMOBILE,FOB,1,0.04,8,Brand#41,WRAP JAR,5,42,3,74993.184
O,O,N,DELIVER IN PERSON,Manufacturer#2,2-HIGH,2,AUTOMOBILE,MAIL,6,0.05,8,Brand#23,LG PKG,2,14,3,20157.613
F,F,R,TAKE BACK RETURN,Manufacturer#4,4-NOT SPECIFIED,0,BUILDING,FOB,5,0.08,21,Brand#45,SM JAR,47,31,1,39319.16
F,F,A,TAKE BACK RETURN,Manufacturer#1,4-NOT SPECIFIED,0,BUILDING,AIR,1,0.07,8,Brand#12,WRAP PKG,40,32,3,55600.128
F,F,A,NONE,Manufacturer#3,4-NOT SPECIFIED,1,BUILDING,MAIL,5,0.07,18,Brand#35,LG BOX,42,16,2,19200.768
F,F,A,NONE,Manufacturer#3,4-NOT SPECIFIED,1,BUILDING,MAIL,4,0.08,12,Brand#35,SM JAR,33,4,0,6780.8944
O,O,N,TAKE BACK RETURN,Manufacturer#5,3-MEDIUM,0,BUILDING,TRUCK,1,0.01,18,Brand#51,MED JAR,11,12,2,15008.3832
O,O,N,COLLECT COD,Manufacturer#4,4-NOT SPECIFIED,3,AUTOMOBILE,MAIL,5,0.04,8,Brand#45,JUMBO CASE,7,31,3,36183.231
O,O,N,TAKE BACK RETURN,Manufacturer#5,5-LOW,4,BUILDING,REG AIR,4,0.04,8,Brand#51,JUMBO BOX,39,18,3,31347.9144
O,O,N,DELIVER IN PERSON,Manufacturer#1,1-URGENT,2,BUILDING,TRUCK,1,0.02,9,Brand#11,LG JAR,40,12,4,12854.04
O,O,N,TAKE BACK RETURN,Manufacturer#3,5-LOW,3,HOUSEHOLD,MAIL,5,0.05,21,Brand#35,SM PKG,23,46,1,43103.196
O,O,N,TAKE BACK RETURN,Manufacturer#3,5-LOW,3,HOUSEHOLD,MAIL,1,0.01,9,Brand#34,LG JAR,10,9,4,14743.0494
O,O,N,TAKE BACK RETURN,Manufacturer#2,5-LOW,3,HOUSEHOLD,SHIP,5,0.08,12,Brand#22,LG BOX,22,44,0,46725.888
O,O,N,NONE,Manufacturer#2,1-URGENT,3,BUILDING,FOB,2,0.07,21,Brand#22,LG BOX,22,34,1,34978.044
F,P,A,DELIVER IN PERSON,Manufacturer#3,2-HIGH,0,HOUSEHOLD,RAIL,3,0.01,8,Brand#31,LG JAR,44,35,3,44612.456
F,P,R,TAKE BACK RETURN,Manufacturer#3,2-HIGH,0,HOUSEHOLD,RAIL,6,0.01,12,Brand#34,WRAP PKG,27,32,0,36240.48
F,P,A,DELIVER IN PERSON,Manufacturer#3,2-HIGH,0,HOUSEHOLD,REG AIR,2,0.05,21,Brand#35,MED BOX,47,34,1,46221.3
F,F,A,COLLECT COD,Manufacturer#4,1-URGENT,1,MACHINERY,RAIL,3,0.06,8,Brand#45,LG CASE,45,27,3,41732.28
F,F,R,TAKE BACK RETURN,Manufacturer#5,1-URGENT,1,MACHINERY,SHIP,2,0.06,18,Brand#54,MED CAN,9,43,2,44920.0704
F,F,R,NONE,Manufacturer#4,2-HIGH,2,MACHINERY,MAIL,1,0.02,9,Brand#43,MED PACK,47,36,4,57644.19
O,O,N,COLLECT COD,Manufacturer#5,4-NOT SPECIFIED,2,HOUSEHOLD,RAIL,4,0.07,12,Brand#53,WRAP CAN,49,44,0,71603.4528
O,O,N,DELIVER IN PERSON,Manufacturer#1,4-NOT SPECIFIED,2,HOUSEHOLD,REG AIR,6,0.05,8,Brand#12,MED PKG,41,18,3,16694.136
O,O,N,NONE,Manufacturer#4,4-NOT SPECIFIED,2,HOUSEHOLD,FOB,3,0,21,Brand#42,JUMBO PKG,20,37,1,47605.5468
O,O,N,NONE,Manufacturer#2,2-HIGH,4,MACHINERY,TRUCK,1,0,8,Brand#22,SM PACK,50,31,3,45283.2035
O,O,N,NONE,Manufacturer#1,3-MEDIUM,2,AUTOMOBILE,SHIP,6,0,18,Brand#11,WRAP CASE,26,40,2,73156.8
O,O,N,COLLECT COD,Manufacturer#2,3-MEDIUM,2,AUTOMOBILE,TRUCK,4,0.04,12,Brand#25,LG CASE,10,3,0,4915.2288
O,O,N,DELIVER IN PERSON,Manufacturer#5,3-MEDIUM,2,AUTOMOBILE,SHIP,2,0.01,8,Brand#53,SM PKG,50,3,3,3057.021
O,O,N,DELIVER IN PERSON,Manufacturer#2,3-MEDIUM,2,AUTOMOBILE,MAIL,7,0.07,18,Brand#23,LG BAG,17,22,2,23093.7212
F,F,R,TAKE BACK RETURN,Manufacturer#3,2-HIGH,0,HOUSEHOLD,MAIL,1,0.05,12,Brand#35,LG PACK,14,42,0,70970.76
F,F,A,NONE,Manufacturer#5,2-HIGH,0,HOUSEHOLD,SHIP,2,0.02,18,Brand#54,LG CASE,38,6,2,9828.6996
O,P,N,DELIVER IN PERSON,Manufacturer#5,5-LOW,3,HOUSEHOLD,RAIL,4,0.04,9,Brand#53,SM BOX,48,26,4,38269.2024
O,P,N,NONE,Manufacturer#1,5-LOW,3,HOUSEHOLD,RAIL,2,0.03,21,Brand#14,SM PACK,10,25,1,24584.3375
O,P,N,DELIVER IN PERSON,Manufacturer#5,5-LOW,3,HOUSEHOLD,SHIP,7,0.02,21,Brand#52,JUMBO BAG,9,8,1,12616.2432
O,O,N,NONE,Manufacturer#2,5-LOW,2,BUILDING,TRUCK,2,0.05,21,Brand#23,JUMBO PACK,25,32,1,28928.8032
F,F,R,TAKE BACK RETURN,Manufacturer#5,4-NOT SPECIFIED,2,MACHINERY,MAIL,1,0.03,18,Brand#54,LG PKG,22,43,2,46362.428
F,F,R,TAKE BACK RETURN,Manufacturer#5,4-NOT SPECIFIED,2,MACHINERY,MAIL,2,0.02,21,Brand#55,JUMBO DRUM,24,37,1,49723.3935
O,O,N,COLLECT COD,Manufacturer#3,4-NOT SPECIFIED,0,FURNITURE,REG AIR,2,0.01,21,Brand#34,WRAP JAR,2,12,1,18583.68
O,O,N,NONE,Manufacturer#2,4-NOT SPECIFIED,0,FURNITURE,SHIP,1,0.01,8,Brand#24,JUMBO JAR,29,18,3,18208.7964
O,O,N,NONE,Manufacturer#4,3-MEDIUM,1,AUTOMOBILE,AIR,3,0.07,8,Brand#45,WRAP PACK,9,13,3,19754.93
O,O,N,TAKE BACK RETURN,Manufacturer#5,3-MEDIUM,2,HOUSEHOLD,SHIP,7,0.06,9,Brand#53,MED JAR,40,19,4,28873.103
O,O,N,NONE,Manufacturer#2,3-MEDIUM,2,HOUSEHOLD,SHIP,1,0.01,12,Brand#24,WRAP PACK,13,23,0,41986.9738
O,O,N,NONE,Manufacturer#2,3-MEDIUM,2,HOUSEHOLD,SHIP,6,0.06,18,Brand#21,LG DRUM,21,46,2,68382.864
O,O,N,NONE,Manufacturer#3,3-MEDIUM,0,HOUSEHOLD,SHIP,2,0.07,9,Brand#35,WRAP BOX,14,32,4,37508.3136
O,O,N,DELIVER IN PERSON,Manufacturer#5,3-MEDIUM,0,HOUSEHOLD,REG AIR,5,0.07,21,Brand#51,WRAP BAG,35,9,1,13579.5366
O,O,N,COLLECT COD,Manufacturer#3,2-HIGH,2,HOUSEHOLD,FOB,1,0.03,18,Brand#31,WRAP PKG,40,41,2,35881.8552
F,F,R,COLLECT COD,Manufacturer#5,3-MEDIUM,1,AUTOMOBILE,REG AIR,2,0.01,9,Brand#52,JUMBO CASE,45,20,4,18758.52
O,O,N,COLLECT COD,Manufacturer#1,2-HIGH,2,MACHINERY,FOB,1,0.06,12,Brand#11,JUMBO JAR,45,16,0,15654.4752
O,O,N,TAKE BACK RETURN,Manufacturer#4,4-NOT SPECIFIED,2,HOUSEHOLD,FOB,3,0.08,18,Brand#43,MED JAR,42,21,2,30616.3998
O,O,N,TAKE BACK RETURN,Manufacturer#2,3-MEDIUM,3,AUTOMOBILE,TRUCK,4,0.06,9,Brand#25,WRAP CAN,31,24,4,41554.1184
O,O,N,NONE,Manufacturer#2,3-MEDIUM,3,AUTOMOBILE,MAIL,2,0.03,9,Brand#21,WRAP BAG,25,42,4,70166.7624
F,F,R,NONE,Manufacturer#5,4-NOT SPECIFIED,0,MACHINERY,RAIL,2,0,18,Brand#52,SM JAR,28,34,2,45363.0006
F,F,A,TAKE BACK RETURN,Manufacturer#4,4-NOT SPECIFIED,2,BUILDING,TRUCK,3,0.03,8,Brand#43,MED JAR,42,44,3,64838.4176
F,F,A,TAKE BACK RETURN,Manufacturer#5,4-NOT SPECIFIED,0,MACHINERY,AIR,1,0.07,8,Brand#52,WRAP CAN,4,43,3,70508.39
F,F,A,TAKE BACK RETURN,Manufacturer#1,4-NOT SPECIFIED,0,MACHINERY,SHIP,5,0.07,21,Brand#13,LG PKG,34,43,1,75462.5232
O,O,N,COLLECT COD,Manufacturer#2,3-MEDIUM,3,MACHINERY,SHIP,6,0.02,9,Brand#21,JUMBO BAG,41,28,4,37342.4688
F,F,R,DELIVER IN PERSON,Manufacturer#4,1-URGENT,4,FURNITURE,FOB,1,0.01,21,Brand#41,WRAP PACK,24,41,1,45388.1439
O,O,N,TAKE BACK RETURN,Manufacturer#4,5-LOW,1,AUTOMOBILE,TRUCK,3,0.05,8,Brand#43,JUMBO BOX,40,42,3,37096.332
F,F,A,COLLECT COD,Manufacturer#5,1-URGENT,3,MACHINERY,MAIL,2,0.04,21,Brand#51,LG PACK,42,33,1,56741.6256
F,F,R,TAKE BACK RETURN,Manufacturer#1,1-URGENT,3,MACHINERY,MAIL,4,0.08,9,Brand#15,JUMBO PKG,26,7,4,8873.9595
O,O,N,COLLECT COD,Manufacturer#3,3-MEDIUM,1,HOUSEHOLD,MAIL,7,0.05,9,Brand#33,SM PACK,41,8,4,13486.24
F,F,R,DELIVER IN PERSON,Manufacturer#4,1-URGENT,4,HOUSEHOLD,MAIL,3,0.08,21,Brand#41,SM PACK,24,48,1,61088.0544
F,F,A,TAKE BACK RETURN,Manufacturer#2,1-URGENT,4,HOUSEHOLD,TRUCK,5,0.07,8,Brand#23,SM PACK,14,2,3,2331.908
O,O,N,TAKE BACK RETURN,Manufacturer#3,5-LOW,0,BUILDING,AIR,3,0.02,8,Brand#35,JUMBO CAN,6,33,3,42201.159
O,O,N,TAKE BACK RETURN,Manufacturer#3,2-HIGH,3,MACHINERY,AIR,5,0.06,12,Brand#35,LG DRUM,14,1,0,1165.7376
F,F,A,TAKE BACK RETURN,Manufacturer#1,1-URGENT,0,BUILDING,FOB,1,0.08,18,Brand#14,JUMBO JAR,21,14,2,23827.3728
F,F,R,TAKE BACK RETURN,Manufacturer#4,1-URGENT,0,BUILDING,AIR,4,0.03,12,Brand#45,SM CASE,26,13,0,22835.449
O,O,N,TAKE BACK RETURN,Manufacturer#2,4-NOT SPECIFIED,4,HOUSEHOLD,SHIP,4,0.02,18,Brand#22,SM JAR,7,12,2,17561.1072
O,O,N,COLLECT COD,Manufacturer#2,2-HIGH,2,HOUSEHOLD,REG AIR,1,0,21,Brand#23,LG PACK,14,40,1,48086.004
O,O,N,DELIVER IN PERSON,Manufacturer#3,3-MEDIUM,4,AUTOMOBILE,TRUCK,1,0.06,12,Brand#35,LG PACK,14,16,0,24603.1968
F,F,A,TAKE BACK RETURN,Manufacturer#3,3-MEDIUM,4,BUILDING,FOB,2,0,21,Brand#35,WRAP BOX,44,37,1,55010.9229
O,O,N,DELIVER IN PERSON,Manufacturer#1,4-NOT SPECIFIED,0,BUILDING,REG AIR,7,0.03,18,Brand#15,JUMBO JAR,49,31,2,53074.3002
O,O,N,DELIVER IN PERSON,Manufacturer#5,4-NOT SPECIFIED,0,BUILDING,FOB,3,0.01,8,Brand#55,SM BAG,17,15,3,26649.777
F,F,A,TAKE BACK RETURN,Manufacturer#3,5-LOW,1,BUILDING,AIR,4,0.08,8,Brand#34,LG CASE,20,42,3,52865.757
O,O,N,COLLECT COD,Manufacturer#3,2-HIGH,2,FURNITURE,REG AIR,3,0.05,18,Brand#35,SM BAG,16,16,2,18229.208
F,F,R,DELIVER IN PERSON,Manufacturer#2,1-URGENT,1,HOUSEHOLD,AIR,2,0.05,8,Brand#21,SM BAG,13,42,3,71426.5398
F,F,R,TAKE BACK RETURN,Manufacturer#2,1-URGENT,1,HOUSEHOLD,SHIP,4,0.01,9,Brand#21,MED PACK,30,9,4,14197.554
O,O,N,COLLECT COD,Manufacturer#5,1-URGENT,2,MACHINERY,AIR,1,0.02,21,Brand#52,JUMBO BAG,9,36,1,55590.3216
O,O,N,NONE,Manufacturer#5,5-LOW,1,FURNITURE,SHIP,5,0.07,18,Brand#51,WRAP JAR,35,48,2,50881.536
O,O,N,COLLECT COD,Manufacturer#3,5-LOW,1,FURNITURE,REG AIR,1,0.07,21,Brand#32,JUMBO BOX,23,31,1,39855.3794
O,O,N,NONE,Manufacturer#4,5-LOW,1,FURNITURE,TRUCK,2,0.07,12,Brand#44,SM CAN,11,21,0,34150.6095
O,O,N,DELIVER IN PERSON,Manufacturer#2,5-LOW,1,FURNITURE,FOB,7,0.01,12,Brand#22,LG PACK,19,26,0,31728.06
F,F,R,TAKE BACK RETURN,Manufacturer#1,3-MEDIUM,3,AUTOMOBILE,AIR,6,0.08,12,Brand#13,LG PKG,34,31,0,52088.184
F,F,R,COLLECT COD,Manufacturer#2,3-MEDIUM,3,AUTOMOBILE,REG AIR,3,0.02,18,Brand#23,MED PKG,34,19,2,31068.9254
F,F,A,DELIVER IN PERSON,Manufacturer#5,2-HIGH,1,HOUSEHOLD,TRUCK,1,0.06,21,Brand#51,MED BAG,15,41,1,55055.1608
F,F,A,NONE,Manufacturer#1,2-HIGH,1,HOUSEHOLD,AIR,2,0.05,18,Brand#13,JUMBO CASE,18,18,2,17059.6422
F,F,R,NONE,Manufacturer#5,4-NOT SPECIFIED,4,HOUSEHOLD,FOB,1,0.07,8,Brand#52,LG CAN,23,33,3,52668.1155
O,O,N,NONE,Manufacturer#4,1-URGENT,4,AUTOMOBILE,SHIP,4,0.05,12,Brand#45,LG PKG,16,50,0,55932.625
O,O,N,DELIVER IN PERSON,Manufacturer#4,3-MEDIUM,0,AUTOMOBILE,FOB,3,0.03,12,Brand#45,LG BOX,6,15,0,26523.486
O,O,N,NONE,Manufacturer#2,3-MEDIUM,0,AUTOMOBILE,SHIP,5,0,18,Brand#22,MED JAR,19,36,2,40673.7936
F,F,R,DELIVER IN PERSON,Manufacturer#2,4-NOT SPECIFIED,2,HOUSEHOLD,RAIL,6,0.01,9,Brand#24,WRAP CAN,46,4,4,4316.68
F,F,R,COLLECT COD,Manufacturer#3,4-NOT SPECIFIED,2,HOUSEHOLD,MAIL,4,0.01,21,Brand#35,SM JAR,39,43,1,39831.6095
F,F,A,NONE,Manufacturer#1,2-HIGH,4,AUTOMOBILE,MAIL,3,0.05,21,Brand#15,LG BAG,32,33,1,30482.0901
O,O,N,COLLECT COD,Manufacturer#3,1-URGENT,0,BUILDING,AIR,7,0.03,9,Brand#35,MED BAG,44,8,4,14596.0848
F,F,A,TAKE BACK RETURN,Manufacturer#5,5-LOW,0,AUTOMOBILE,RAIL,1,0.03,9,Brand#51,MED JAR,11,31,4,36373.4098
O,O,N,COLLECT COD,Manufacturer#1,4-NOT SPECIFIED,3,MACHINERY,TRUCK,1,0.04,21,Brand#14,SM PACK,10,35,1,34780.368
O,O,N,COLLECT COD,Manufacturer#1,4-NOT SPECIFIED,3,MACHINERY,RAIL,2,0.08,21,Brand#13,MED DRUM,4,24,1,36369.648
O,O,N,DELIVER IN PERSON,Manufacturer#1,1-URGENT,1,AUTOMOBILE,TRUCK,4,0.04,8,Brand#14,JUMBO BAG,10,3,3,5085.6708
O,O,N,DELIVER IN PERSON,Manufacturer#3,1-URGENT,0,HOUSEHOLD,FOB,2,0.01,18,Brand#35,SM PACK,29,43,2,46932.9262
F,F,R,COLLECT COD,Manufacturer#4,1-URGENT,3,BUILDING,TRUCK,6,0.04,21,Brand#42,JUMBO BOX,30,9,1,11658.3039
F,F,R,TAKE BACK RETURN,Manufacturer#5,1-URGENT,3,BUILDING,MAIL,3,0.02,9,Brand#55,WRAP CASE,11,14,4,13209.273
O,O,N,DELIVER IN PERSON,Manufacturer#4,5-LOW,2,BUILDING,MAIL,3,0.02,21,Brand#41,MED BOX,46,12,1,16047.5952
O,O,N,NONE,Manufacturer#1,5-LOW,2,BUILDING,SHIP,2,0.06,9,Brand#12,JUMBO DRUM,33,19,4,27971.002
O,O,N,NONE,Manufacturer#3,5-LOW,2,BUILDING,TRUCK,1,0.03,9,Brand#33,SM PACK,13,12,4,14527.818
F,F,A,DELIVER IN PERSON,Manufacturer#4,4-NOT SPECIFIED,4,AUTOMOBILE,MAIL,1,0.06,18,Brand#43,MED PACK,37,43,2,69295.8717
F,F,A,TAKE BACK RETURN,Manufacturer#2,4-NOT SPECIFIED,2,MACHINERY,AIR,2,0.08,18,Brand#25,WRAP JAR,39,33,2,47454.8085
O,O,N,TAKE BACK RETURN,Manufacturer#5,2-HIGH,1,HOUSEHOLD,TRUCK,4,0.03,12,Brand#54,WRAP PACK,17,47,0,60973.4337
O,O,N,TAKE BACK RETURN,Manufacturer#4,3-MEDIUM,4,MACHINERY,FOB,2,0.07,8,Brand#45,SM CASE,38,13,3,19286.501
O,O,N,COLLECT COD,Manufacturer#2,3-MEDIUM,4,MACHINERY,TRUCK,3,0.01,18,Brand#25,LG PKG,19,32,2,42706.2272
O,O,N,DELIVER IN PERSON,Manufacturer#2,3-MEDIUM,4,MACHINERY,TRUCK,1,0,12,Brand#24,JUMBO PACK,39,21,0,23782.815
O,O,N,DELIVER IN PERSON,Manufacturer#5,2-HIGH,4,BUILDING,TRUCK,1,0.07,18,Brand#52,LG PKG,39,4,2,4267.0628
O,O,N,TAKE BACK RETURN,Manufacturer#1,2-HIGH,4,BUILDING,MAIL,7,0,9,Brand#15,WRAP CASE,19,19,4,20578.6796
O,O,N,DELIVER IN PERSON,Manufacturer#4,3-MEDIUM,1,MACHINERY,REG AIR,4,0.07,21,Brand#41,SM JAR,26,32,1,53505.2064
O,O,N,COLLECT COD,Manufacturer#5,4-NOT SPECIFIED,3,BUILDING,REG AIR,4,0.06,8,Brand#52,SM PKG,50,24,3,45143.28
O,O,N,TAKE BACK RETURN,Manufacturer#1,4-NOT SPECIFIED,3,BUILDING,TRUCK,5,0.06,8,Brand#14,LG PKG,30,37,3,35756.4633
O,O,N,NONE,Manufacturer#5,4-NOT SPECIFIED,4,HOUSEHOLD,SHIP,3,0,21,Brand#52,SM PKG,50,12,1,20314.476
O,O,N,NONE,Manufacturer#3,5-LOW,3,MACHINERY,TRUCK,6,0.05,21,Brand#34,JUMBO PKG,38,18,1,26744.9364
O,O,N,COLLECT COD,Manufacturer#2,5-LOW,3,MACHINERY,TRUCK,4,0.08,21,Brand#21,SM PKG,32,9,1,11090.4804
O,O,N,NONE,Manufacturer#3,5-LOW,3,MACHINERY,FOB,2,0.04,18,Brand#32,SM DRUM,32,32,2,39471.056
O,O,N,TAKE BACK RETURN,Manufacturer#2,5-LOW,3,MACHINERY,REG AIR,1,0.07,21,Brand#23,WRAP DRUM,12,27,1,26319.978
F,F,R,COLLECT COD,Manufacturer#3,5-LOW,3,FURNITURE,TRUCK,3,0.06,21,Brand#34,MED DRUM,14,42,1,35689.92
O,O,N,DELIVER IN PERSON,Manufacturer#3,4-NOT SPECIFIED,4,BUILDING,RAIL,1,0.07,18,Brand#35,LG BOX,42,7,2,8309.028
O,O,N,TAKE BACK RETURN,Manufacturer#2,3-MEDIUM,0,MACHINERY,RAIL,5,0.05,8,Brand#25,JUMBO CASE,1,37,3,54333.6157
O,O,N,NONE,Manufacturer#2,3-MEDIUM,0,MACHINERY,REG AIR,2,0,21,Brand#24,MED DRUM,31,36,1,32457.168
O,O,N,NONE,Manufacturer#1,3-MEDIUM,0,MACHINERY,FOB,3,0,8,Brand#13,LG JAR,11,20,3,32962.248
F,F,A,DELIVER IN PERSON,Manufacturer#2,4-NOT SPECIFIED,3,AUTOMOBILE,RAIL,3,0.06,21,Brand#21,MED PACK,30,4,1,5794.92
F,F,A,COLLECT COD,Manufacturer#5,4-NOT SPECIFIED,3,AUTOMOBILE,SHIP,5,0.01,12,Brand#54,MED CASE,3,5,0,6586.02
O,O,N,DELIVER IN PERSON,Manufacturer#4,1-URGENT,0,FURNITURE,SHIP,1,0.01,8,Brand#43,SM JAR,11,42,3,39003.2874
F,F,A,DELIVER IN PERSON,Manufacturer#1,5-LOW,4,HOUSEHOLD,REG AIR,7,0.07,9,Brand#15,SM JAR,25,24,4,33302.5056
F,F,A,TAKE BACK RETURN,Manufacturer#5,5-LOW,4,HOUSEHOLD,REG AIR,6,0.04,9,Brand#52,MED BAG,4,36,4,36462.672
F,F,R,NONE,Manufacturer#2,3-MEDIUM,1,MACHINERY,SHIP,2,0.01,21,Brand#23,SM PACK,45,25,1,31763.655
O,O,N,TAKE BACK RETURN,Manufacturer#1,4-NOT SPECIFIED,2,HOUSEHOLD,SHIP,2,0.01,8,Brand#12,MED JAR,42,39,3,53266.7304
F,F,R,COLLECT COD,Manufacturer#5,3-MEDIUM,3,BUILDING,MAIL,2,0.02,8,Brand#53,MED BOX,12,5,3,4834.08
F,F,R,DELIVER IN PERSON,Manufacturer#1,3-MEDIUM,3,BUILDING,SHIP,1,0.01,18,Brand#14,LG PACK,45,49,2,66675.5397
F,F,R,NONE,Manufacturer#5,3-MEDIUM,3,BUILDING,SHIP,3,0.02,8,Brand#51,WRAP CAN,50,16,3,24433.776
O,O,N,COLLECT COD,Manufacturer#5,1-URGENT,2,MACHINERY,REG AIR,3,0.03,9,Brand#54,MED CASE,49,9,4,13816.2024
O,O,N,COLLECT COD,Manufacturer#3,1-URGENT,2,MACHINERY,AIR,5,0.03,8,Brand#31,SM PKG,33,23,3,31563.8016
O,O,N,NONE,Manufacturer#5,2-HIGH,0,AUTOMOBILE,TRUCK,2,0.04,21,Brand#51,MED BAG,15,30,1,40284.264
O,O,N,NONE,Manufacturer#3,4-NOT SPECIFIED,4,BUILDING,SHIP,5,0.05,21,Brand#32,MED PKG,5,12,1,14091.8904
O,O,N,TAKE BACK RETURN,Manufacturer#2,4-NOT SPECIFIED,4,BUILDING,RAIL,1,0,8,Brand#24,WRAP CASE,26,30,3,26732.16
O,O,N,DELIVER IN PERSON,Manufacturer#1,4-NOT SPECIFIED,4,BUILDING,AIR,3,0.06,18,Brand#13,JUMBO CASE,18,3,2,2726.0253
F,F,R,TAKE BACK RETURN,Manufacturer#4,3-MEDIUM,4,HOUSEHOLD,AIR,5,0,18,Brand#45,SM PACK,3,13,2,20771.4338
F,F,A,NONE,Manufacturer#1,3-MEDIUM,4,HOUSEHOLD,AIR,2,0.04,12,Brand#11,LG PACK,42,38,0,34282.2738
F,F,R,DELIVER IN PERSON,Manufacturer#3,3-MEDIUM,4,HOUSEHOLD,REG AIR,4,0.04,21,Brand#35,SM PACK,4,41,1,54418.5005
F,F,R,COLLECT COD,Manufacturer#2,3-MEDIUM,4,HOUSEHOLD,FOB,3,0.06,18,Brand#21,WRAP CASE,16,16,2,13032
F,F,A,COLLECT COD,Manufacturer#3,3-MEDIUM,4,HOUSEHOLD,AIR,6,0.06,18,Brand#34,JUMBO DRUM,30,29,2,34585.7886
F,F,A,NONE,Manufacturer#2,3-MEDIUM,4,HOUSEHOLD,AIR,1,0.06,18,Brand#24,MED PKG,48,6,2,8096.3892
O,O,N,DELIVER IN PERSON,Manufacturer#3,4-NOT SPECIFIED,2,FURNITURE,REG AIR,1,0.08,18,Brand#35,SM DRUM,21,34,2,40761.0224
O,O,N,TAKE BACK RETURN,Manufacturer#2,1-URGENT,1,FURNITURE,FOB,2,0.07,18,Brand#23,LG BAG,35,14,2,23321.844
O,O,N,DELIVER IN PERSON,Manufacturer#5,1-URGENT,1,FURNITURE,RAIL,1,0.05,18,Brand#53,MED BAG,21,32,2,31080.6144
O,O,N,NONE,Manufacturer#4,1-URGENT,1,FURNITURE,FOB,3,0.01,21,Brand#42,LG JAR,28,1,1,1101.1731
O,O,N,DELIVER IN PERSON,Manufacturer#4,3-MEDIUM,1,FURNITURE,SHIP,6,0,12,Brand#41,JUMBO PACK,44,48,0,52953.456
O,O,N,COLLECT COD,Manufacturer#1,3-MEDIUM,1,FURNITURE,TRUCK,7,0.07,8,Brand#13,JUMBO PACK,39,5,3,6281.495
F,F,A,NONE,Manufacturer#2,1-URGENT,2,HOUSEHOLD,REG AIR,1,0.02,18,Brand#23,MED DRUM,19,38,2,58817.1334
F,F,R,COLLECT COD,Manufacturer#4,1-URGENT,1,HOUSEHOLD,SHIP,4,0.06,21,Brand#41,WRAP CAN,20,7,1,12299.2254
F,F,A,TAKE BACK RETURN,Manufacturer#5,1-URGENT,1,HOUSEHOLD,TRUCK,2,0.06,8,Brand#51,WRAP BAG,35,29,3,44649.27
F,F,A,TAKE BACK RETURN,Manufacturer#4,1-URGENT,1,HOUSEHOLD,SHIP,6,0.04,12,Brand#42,JUMBO CAN,4,34,0,36955.9872
F,F,R,NONE,Manufacturer#1,5-LOW,3,FURNITURE,FOB,1,0.02,8,Brand#13,MED PACK,47,20,3,30023.832
F,F,R,COLLECT COD,Manufacturer#1,1-URGENT,3,AUTOMOBILE,MAIL,1,0.02,18,Brand#15,WRAP BOX,48,20,2,32049.856
F,F,A,TAKE BACK RETURN,Manufacturer#4,3-MEDIUM,0,HOUSEHOLD,FOB,5,0.01,8,Brand#44,MED CASE,40,19,3,24629.814
O,O,N,TAKE BACK RETURN,Manufacturer#2,1-URGENT,0,FURNITURE,RAIL,1,0.08,8,Brand#25,MED JAR,50,12,3,14626.5756
F,F,R,COLLECT COD,Manufacturer#4,4-NOT SPECIFIED,2,HOUSEHOLD,TRUCK,4,0.03,21,Brand#42,JUMBO PKG,20,25,1,33895.26
F,F,R,DELIVER IN PERSON,Manufacturer#1,4-NOT SPECIFIED,2,HOUSEHOLD,FOB,6,0,12,Brand#12,JUMBO DRUM,33,26,0,38679.0144
F,F,R,COLLECT COD,Manufacturer#2,4-NOT SPECIFIED,2,BUILDING,MAIL,3,0.06,18,Brand#22,MED CASE,42,30,2,31112.556
F,F,R,NONE,Manufacturer#5,4-NOT SPECIFIED,2,BUILDING,RAIL,4,0.05,18,Brand#52,MED CASE,20,10,2,8316.18
F,F,R,TAKE BACK RETURN,Manufacturer#1,4-NOT SPECIFIED,2,BUILDING,MAIL,7,0.04,12,Brand#11,WRAP JAR,20,35,0,56012.691
F,F,R,COLLECT COD,Manufacturer#4,4-NOT SPECIFIED,2,BUILDING,MAIL,5,0.03,8,Brand#44,MED PACK,23,30,3,29354.985
O,O,N,NONE,Manufacturer#3,3-MEDIUM,3,AUTOMOBILE,MAIL,3,0,8,Brand#34,LG CASE,20,5,3,6631.905
O,O,N,NONE,Manufacturer#4,3-MEDIUM,1,MACHINERY,TRUCK,2,0.05,8,Brand#45,SM CASE,38,30,3,42633.318
F,F,A,COLLECT COD,Manufacturer#2,3-MEDIUM,3,BUILDING,MAIL,5,0.01,9,Brand#22,SM CASE,42,16,4,23112.64
F,F,R,COLLECT COD,Manufacturer#4,3-MEDIUM,3,BUILDING,MAIL,4,0.07,18,Brand#44,LG PACK,21,46,2,47185.4292
F,F,A,COLLECT COD,Manufacturer#3,1-URGENT,3,FURNITURE,REG AIR,2,0.04,18,Brand#34,JUMBO JAR,20,4,2,5478.1608
O,O,N,DELIVER IN PERSON,Manufacturer#3,3-MEDIUM,3,BUILDING,TRUCK,4,0.07,9,Brand#33,MED CASE,10,12,4,18100.6056
O,O,N,COLLECT COD,Manufacturer#2,3-MEDIUM,0,HOUSEHOLD,RAIL,4,0.05,18,Brand#21,LG PACK,33,2,2,1854.533
O,O,N,TAKE BACK RETURN,Manufacturer#2,3-MEDIUM,0,HOUSEHOLD,FOB,1,0.06,21,Brand#24,JUMBO CASE,38,6,1,7976.1354
F,F,R,NONE,Manufacturer#4,4-NOT SPECIFIED,4,HOUSEHOLD,SHIP,1,0.04,8,Brand#43,WRAP BAG,26,25,3,33358.485
F,F,R,NONE,Manufacturer#4,1-URGENT,1,BUILDING,REG AIR,5,0.04,12,Brand#41,WRAP JAR,2,2,0,3633.742
F,F,A,TAKE BACK RETURN,Manufacturer#1,5-LOW,1,FURNITURE,FOB,3,0.08,9,Brand#13,WRAP DRUM,37,33,4,49481.6322
F,F,A,TAKE BACK RETURN,Manufacturer#3,1-URGENT,1,AUTOMOBILE,AIR,1,0.05,18,Brand#31,WRAP JAR,4,19,2,30934.2705
F,F,A,NONE,Manufacturer#3,1-URGENT,1,AUTOMOBILE,REG AIR,5,0.05,21,Brand#33,MED DRUM,40,45,1,82346.4
F,F,R,DELIVER IN PERSON,Manufacturer#2,1-URGENT,1,AUTOMOBILE,AIR,2,0.05,18,Brand#24,MED PKG,48,42,2,59086.4148
F,F,R,DELIVER IN PERSON,Manufacturer#4,4-NOT SPECIFIED,4,AUTOMOBILE,AIR,3,0.07,18,Brand#44,LG BOX,26,5,2,7603.2775
F,F,R,DELIVER IN PERSON,Manufacturer#3,4-NOT SPECIFIED,4,AUTOMOBILE,AIR,5,0.05,8,Brand#35,SM DRUM,21,14,3,16783.9504
O,O,N,TAKE BACK RETURN,Manufacturer#2,5-LOW,4,HOUSEHOLD,RAIL,4,0.03,18,Brand#25,LG CASE,39,43,2,48039.987
O,O,N,TAKE BACK RETURN,Manufacturer#4,5-LOW,4,HOUSEHOLD,MAIL,3,0.07,8,Brand#43,LG DRUM,12,39,3,46028.346
O,O,N,TAKE BACK RETURN,Manufacturer#1,1-URGENT,1,MACHINERY,SHIP,4,0.03,18,Brand#11,LG DRUM,1,33,2,43319.2419
O,O,N,COLLECT COD,Manufacturer#4,1-URGENT,1,MACHINERY,MAIL,3,0,21,Brand#43,JUMBO BOX,11,2,1,3056.3536
O,O,N,TAKE BACK RETURN,Manufacturer#4,1-URGENT,4,BUILDING,MAIL,6,0.07,18,Brand#45,SM PKG,31,13,2,13074.5524
O,O,N,TAKE BACK RETURN,Manufacturer#1,1-URGENT,4,BUILDING,TRUCK,1,0.08,8,Brand#13,LG PACK,1,6,3,7928.52
F,F,A,COLLECT COD,Manufacturer#1,2-HIGH,3,HOUSEHOLD,TRUCK,5,0,12,Brand#15,SM PACK,1,2,0,3351.528
O,O,N,COLLECT COD,Manufacturer#4,5-LOW,2,HOUSEHOLD,RAIL,4,0.04,21,Brand#41,WRAP PACK,24,16,1,16638.9648
O,O,N,COLLECT COD,Manufacturer#1,5-LOW,2,HOUSEHOLD,SHIP,1,0.04,9,Brand#14,SM JAR,20,45,4,75276.3375
O,O,N,COLLECT COD,Manufacturer#4,5-LOW,2,HOUSEHOLD,SHIP,3,0.02,18,Brand#44,LG PACK,21,42,2,45922.9428
F,F,A,COLLECT COD,Manufacturer#5,4-NOT SPECIFIED,0,AUTOMOBILE,REG AIR,2,0,18,Brand#51,WRAP JAR,35,36,2,38956.176
F,F,A,DELIVER IN PERSON,Manufacturer#4,4-NOT SPECIFIED,0,AUTOMOBILE,AIR,6,0.08,18,Brand#44,MED DRUM,14,27,2,35369.865
F,F,A,COLLECT COD,Manufacturer#1,4-NOT SPECIFIED,0,AUTOMOBILE,FOB,7,0.04,21,Brand#15,SM CASE,2,20,1,25905.74
O,P,N,DELIVER IN PERSON,Manufacturer#2,4-NOT SPECIFIED,0,BUILDING,RAIL,7,0.05,9,Brand#22,WRAP JAR,3,3,4,4120.41
O,P,N,NONE,Manufacturer#1,4-NOT SPECIFIED,0,BUILDING,FOB,2,0.08,18,Brand#14,LG JAR,9,20,2,32648.798
O,O,N,TAKE BACK RETURN,Manufacturer#4,2-HIGH,3,AUTOMOBILE,RAIL,1,0.03,12,Brand#42,JUMBO CASE,6,47,0,75806.3235
O,O,N,COLLECT COD,Manufacturer#1,2-HIGH,4,HOUSEHOLD,AIR,1,0.04,9,Brand#12,SM JAR,23,17,4,24135.8622
O,O,N,COLLECT COD,Manufacturer#4,2-HIGH,4,HOUSEHOLD,TRUCK,7,0.03,21,Brand#42,SM CAN,44,20,1,32060.308
O,O,N,NONE,Manufacturer#1,2-HIGH,4,HOUSEHOLD,REG AIR,6,0.04,18,Brand#12,LG BAG,45,14,2,20574.3748
O,O,N,NONE,Manufacturer#4,2-HIGH,4,HOUSEHOLD,FOB,4,0,9,Brand#44,MED DRUM,41,21,4,36011.7072
O,O,N,DELIVER IN PERSON,Manufacturer#4,4-NOT SPECIFIED,3,AUTOMOBILE,MAIL,2,0.01,21,Brand#44,LG CASE,37,20,1,30394.148
O,O,N,TAKE BACK RETURN,Manufacturer#4,4-NOT SPECIFIED,3,AUTOMOBILE,AIR,1,0.08,8,Brand#44,WRAP BAG,4,21,3,20737.7898
F,F,R,DELIVER IN PERSON,Manufacturer#3,5-LOW,3,MACHINERY,FOB,1,0.07,21,Brand#35,WRAP BAG,10,22,1,37168.032
O,O,N,COLLECT COD,Manufacturer#5,4-NOT SPECIFIED,1,HOUSEHOLD,MAIL,2,0.08,12,Brand#54,MED CASE,3,30,0,41272.392
O,O,N,DELIVER IN PERSON,Manufacturer#5,5-LOW,0,BUILDING,SHIP,3,0.07,9,Brand#51,WRAP BAG,46,39,4,59602.335
O,O,N,DELIVER IN PERSON,Manufacturer#3,3-MEDIUM,4,FURNITURE,SHIP,3,0.02,21,Brand#33,WRAP PKG,25,15,1,13395.705
O,O,N,COLLECT COD,Manufacturer#2,3-MEDIUM,4,HOUSEHOLD,AIR,7,0.07,8,Brand#24,JUMBO CAN,13,44,3,66439.692
O,O,N,DELIVER IN PERSON,Manufacturer#1,3-MEDIUM,4,HOUSEHOLD,REG AIR,6,0.01,8,Brand#11,SM CAN,45,28,3,42822.3572
O,O,N,COLLECT COD,Manufacturer#4,3-MEDIUM,4,HOUSEHOLD,FOB,2,0.01,8,Brand#43,MED PACK,47,26,3,40344.33
O,O,N,COLLECT COD,Manufacturer#2,3-MEDIUM,4,HOUSEHOLD,RAIL,4,0.04,12,Brand#21,LG DRUM,21,43,0,62631.736
O,O,N,COLLECT COD,Manufacturer#2,4-NOT SPECIFIED,1,HOUSEHOLD,FOB,7,0.02,18,Brand#25,LG PKG,19,1,2,1451.8944
O,O,N,TAKE BACK RETURN,Manufacturer#2,5-LOW,2,AUTOMOBILE,MAIL,5,0.03,9,Brand#21,MED CAN,28,3,4,5450.73
O,O,N,COLLECT COD,Manufacturer#1,3-MEDIUM,3,FURNITURE,MAIL,2,0.07,9,Brand#14,SM BOX,26,20,4,18794.52
F,F,A,COLLECT COD,Manufacturer#5,2-HIGH,0,BUILDING,MAIL,5,0.04,9,Brand#51,LG PKG,47,34,4,57866.1232
F,F,R,DELIVER IN PERSON,Manufacturer#3,2-HIGH,0,BUILDING,FOB,2,0,12,Brand#33,MED CASE,34,7,0,10508.3412
F,F,A,TAKE BACK RETURN,Manufacturer#2,2-HIGH,0,BUILDING,RAIL,3,0.08,8,Brand#23,WRAP BAG,29,13,3,12514.7464
F,F,A,COLLECT COD,Manufacturer#3,1-URGENT,3,FURNITURE,SHIP,1,0.08,9,Brand#32,JUMBO CAN,10,1,4,886.0152
F,F,A,TAKE BACK RETURN,Manufacturer#1,1-URGENT,3,FURNITURE,MAIL,4,0.01,12,Brand#13,MED JAR,17,6,0,10842.3672
F,F,R,NONE,Manufacturer#2,1-URGENT,3,FURNITURE,AIR,3,0,12,Brand#21,WRAP DRUM,31,16,0,14854.0416
O,O,N,DELIVER IN PERSON,Manufacturer#4,1-URGENT,1,FURNITURE,FOB,3,0.02,21,Brand#42,JUMBO BOX,30,15,1,20031.45
O,O,N,COLLECT COD,Manufacturer#4,5-LOW,0,AUTOMOBILE,AIR,2,0.03,9,Brand#42,LG BOX,34,5,4,6685.854
O,O,N,NONE,Manufacturer#5,4-NOT SPECIFIED,1,BUILDING,FOB,1,0.04,18,Brand#53,MED PKG,47,4,2,6578.96
F,F,R,DELIVER IN PERSON,Manufacturer#2,2-HIGH,3,MACHINERY,RAIL,6,0.07,9,Brand#25,WRAP JAR,23,35,4,36579.9
F,F,A,DELIVER IN PERSON,Manufacturer#1,4-NOT SPECIFIED,1,HOUSEHOLD,AIR,4,0.08,18,Brand#12,WRAP DRUM,20,20,2,17973.74
F,F,R,DELIVER IN PERSON,Manufacturer#2,4-NOT SPECIFIED,1,HOUSEHOLD,AIR,2,0.02,18,Brand#21,JUMBO CASE,31,18,2,21796.3008
F,P,A,TAKE BACK RETURN,Manufacturer#4,5-LOW,2,BUILDING,AIR,3,0.05,21,Brand#44,WRAP CAN,16,36,1,62243.6724
F,F,A,TAKE BACK RETURN,Manufacturer#2,2-HIGH,4,BUILDING,RAIL,2,0.06,8,Brand#23,SM PACK,27,44,3,54432.378
F,F,A,TAKE BACK RETURN,Manufacturer#5,4-NOT SPECIFIED,2,FURNITURE,RAIL,5,0.06,18,Brand#53,JUMBO CASE,27,11,2,10324.1556
O,O,N,TAKE BACK RETURN,Manufacturer#2,3-MEDIUM,1,HOUSEHOLD,FOB,1,0.07,21,Brand#22,SM CASE,42,30,1,39435.942
O,O,N,COLLECT COD,Manufacturer#3,3-MEDIUM,1,HOUSEHOLD,RAIL,3,0,18,Brand#34,JUMBO CAN,5,26,2,31583.3856
F,F,A,TAKE BACK RETURN,Manufacturer#3,5-LOW,2,MACHINERY,MAIL,6,0.05,9,Brand#32,JUMBO CASE,40,15,4,24815.2365
O,O,N,NONE,Manufacturer#4,4-NOT SPECIFIED,2,MACHINERY,AIR,2,0.01,21,Brand#45,MED CAN,24,27,1,25763.4918
O,O,N,DELIVER IN PERSON,Manufacturer#4,4-NOT SPECIFIED,1,BUILDING,MAIL,1,0,12,Brand#42,MED PKG,28,43,0,55805.6451
O,O,N,NONE,Manufacturer#2,4-NOT SPECIFIED,1,BUILDING,SHIP,4,0.02,18,Brand#23,WRAP PACK,41,48,2,51748.92
O,O,N,NONE,Manufacturer#3,4-NOT SPECIFIED,4,FURNITURE,TRUCK,2,0.02,8,Brand#32,JUMBO JAR,29,38,3,55325.9328
F,F,R,COLLECT COD,Manufacturer#2,4-NOT SPECIFIED,0,AUTOMOBILE,AIR,3,0.06,18,Brand#22,MED CASE,49,31,2,53457.0696
F,F,R,TAKE BACK RETURN,Manufacturer#1,3-MEDIUM,0,AUTOMOBILE,SHIP,1,0.07,8,Brand#11,WRAP CASE,3,12,3,10775.16
F,F,A,COLLECT COD,Manufacturer#1,5-LOW,3,AUTOMOBILE,RAIL,1,0.08,18,Brand#13,MED CASE,27,31,2,42540.6831
F,F,R,TAKE BACK RETURN,Manufacturer#5,5-LOW,4,FURNITURE,TRUCK,4,0.03,21,Brand#51,JUMBO BOX,48,42,1,65540.0382
O,O,N,TAKE BACK RETURN,Manufacturer#2,4-NOT SPECIFIED,3,BUILDING,MAIL,1,0.06,18,Brand#23,WRAP DRUM,30,26,2,45792.565
F,F,A,DELIVER IN PERSON,Manufacturer#2,3-MEDIUM,1,AUTOMOBILE,MAIL,2,0.08,18,Brand#24,JUMBO DRUM,47,19,2,19970.9874
F,F,A,TAKE BACK RETURN,Manufacturer#1,3-MEDIUM,1,AUTOMOBILE,MAIL,1,0.04,18,Brand#15,JUMBO PACK,27,7,2,10598.4718
O,O,N,NONE,Manufacturer#5,1-URGENT,0,FURNITURE,FOB,4,0.08,21,Brand#52,MED PKG,32,34,1,39026.7164
F,F,R,TAKE BACK RETURN,Manufacturer#1,4-NOT SPECIFIED,4,MACHINERY,SHIP,1,0.08,18,Brand#13,WRAP JAR,27,31,2,28908.027
F,F,R,NONE,Manufacturer#5,5-LOW,0,BUILDING,TRUCK,3,0,9,Brand#52,JUMBO PKG,21,35,4,32277.532
F,F,A,DELIVER IN PERSON,Manufacturer#1,5-LOW,0,BUILDING,AIR,5,0,18,Brand#12,SM PACK,36,35,2,61714.4745
F,F,A,TAKE BACK RETURN,Manufacturer#5,5-LOW,0,BUILDING,MAIL,2,0.06,12,Brand#55,JUMBO CASE,10,21,0,22452.36
F,F,A,NONE,Manufacturer#5,1-URGENT,4,BUILDING,MAIL,6,0.08,12,Brand#52,SM CASE,48,34,0,49866.3788
F,F,R,DELIVER IN PERSON,Manufacturer#2,1-URGENT,4,BUILDING,AIR,7,0.03,21,Brand#24,WRAP CASE,26,50,1,82988.36
F,F,R,NONE,Manufacturer#4,2-HIGH,0,FURNITURE,RAIL,5,0.06,12,Brand#44,LG DRUM,18,23,0,27581.5287
F,F,A,COLLECT COD,Manufacturer#2,2-HIGH,0,FURNITURE,REG AIR,2,0.02,21,Brand#21,SM BOX,11,30,1,38080.8
F,F,A,DELIVER IN PERSON,Manufacturer#2,2-HIGH,0,FURNITURE,REG AIR,6,0.02,12,Brand#22,LG JAR,45,16,0,18249.984
F,F,R,NONE,Manufacturer#1,2-HIGH,2,FURNITURE,RAIL,3,0.07,12,Brand#15,SM CASE,34,24,0,32562.9696
F,F,A,NONE,Manufacturer#3,5-LOW,2,AUTOMOBILE,MAIL,1,0.03,9,Brand#34,SM PACK,48,26,4,29066.0032
F,F,R,DELIVER IN PERSON,Manufacturer#5,5-LOW,2,AUTOMOBILE,SHIP,3,0.05,18,Brand#51,SM DRUM,18,33,2,43933.6557
F,F,A,TAKE BACK RETURN,Manufacturer#2,2-HIGH,4,AUTOMOBILE,FOB,1,0.08,9,Brand#21,MED CAN,28,27,4,48566.0043
F,F,A,COLLECT COD,Manufacturer#5,3-MEDIUM,2,FURNITURE,REG AIR,3,0.03,9,Brand#52,SM CAN,46,15,4,20361.75
F,F,A,TAKE BACK RETURN,Manufacturer#5,1-URGENT,2,MACHINERY,FOB,2,0.07,12,Brand#52,WRAP CAN,4,22,0,35352.5788
O,O,N,TAKE BACK RETURN,Manufacturer#5,2-HIGH,2,FURNITURE,FOB,1,0.02,9,Brand#52,SM BOX,9,48,4,65687.9616
O,O,N,DELIVER IN PERSON,Manufacturer#1,2-HIGH,3,AUTOMOBILE,MAIL,3,0.05,18,Brand#12,WRAP CASE,20,33,2,46773.8304
O,O,N,NONE,Manufacturer#1,1-URGENT,2,HOUSEHOLD,FOB,1,0.03,18,Brand#14,WRAP PKG,40,19,2,24620.58
O,O,N,DELIVER IN PERSON,Manufacturer#5,1-URGENT,2,HOUSEHOLD,MAIL,4,0.08,21,Brand#55,JUMBO BAG,19,15,1,21793.266
O,O,N,NONE,Manufacturer#3,1-URGENT,2,HOUSEHOLD,MAIL,5,0.07,18,Brand#32,WRAP DRUM,27,26,2,33108.4572
F,F,R,NONE,Manufacturer#1,2-HIGH,1,FURNITURE,AIR,2,0.05,8,Brand#13,LG PKG,19,30,3,28204.449
F,F,A,DELIVER IN PERSON,Manufacturer#4,3-MEDIUM,1,AUTOMOBILE,MAIL,1,0.07,18,Brand#45,SM JAR,47,20,2,25113.528
O,O,N,NONE,Manufacturer#3,1-URGENT,1,MACHINERY,TRUCK,7,0.03,21,Brand#35,WRAP BAG,3,13,1,20572.136
O,O,N,TAKE BACK RETURN,Manufacturer#4,1-URGENT,1,MACHINERY,TRUCK,1,0.01,12,Brand#42,JUMBO JAR,7,8,0,11160.3968
O,O,N,DELIVER IN PERSON,Manufacturer#2,1-URGENT,4,FURNITURE,MAIL,5,0.07,8,Brand#23,SM PACK,14,23,3,27663.7928
O,O,N,TAKE BACK RETURN,Manufacturer#4,1-URGENT,4,FURNITURE,RAIL,6,0.02,21,Brand#43,JUMBO PKG,17,26,1,31922.033
O,O,N,TAKE BACK RETURN,Manufacturer#5,1-URGENT,0,BUILDING,MAIL,2,0,18,Brand#54,SM DRUM,23,39,2,42470.4462
F,F,A,COLLECT COD,Manufacturer#1,2-HIGH,0,HOUSEHOLD,TRUCK,5,0.07,8,Brand#11,MED BOX,33,42,3,38665.494
F,F,R,COLLECT COD,Manufacturer#3,2-HIGH,0,HOUSEHOLD,REG AIR,1,0.07,18,Brand#32,SM DRUM,32,24,2,31161.36
F,F,A,TAKE BACK RETURN,Manufacturer#5,2-HIGH,0,HOUSEHOLD,REG AIR,7,0.02,8,Brand#51,SM PACK,30,4,3,6242.412
O,O,N,DELIVER IN PERSON,Manufacturer#3,3-MEDIUM,4,BUILDING,RAIL,1,0.07,18,Brand#33,SM CAN,48,20,2,27620.502
O,O,N,DELIVER IN PERSON,Manufacturer#1,3-MEDIUM,1,AUTOMOBILE,MAIL,3,0.03,18,Brand#15,WRAP BOX,48,42,2,72425.7072
F,F,R,NONE,Manufacturer#5,5-LOW,0,BUILDING,MAIL,2,0.01,12,Brand#54,MED JAR,46,16,0,24419.376
F,F,R,NONE,Manufacturer#5,5-LOW,0,BUILDING,REG AIR,3,0.07,12,Brand#53,JUMBO PKG,10,40,0,68649.672
F,F,A,NONE,Manufacturer#4,2-HIGH,0,FURNITURE,TRUCK,4,0,9,Brand#44,SM CASE,16,1,4,978.1992
F,F,A,TAKE BACK RETURN,Manufacturer#3,5-LOW,1,MACHINERY,AIR,5,0.03,9,Brand#33,MED CASE,10,48,4,69477.072
F,F,A,TAKE BACK RETURN,Manufacturer#3,5-LOW,1,MACHINERY,REG AIR,6,0.05,8,Brand#33,SM CAN,28,20,3,28681.092
O,O,N,COLLECT COD,Manufacturer#3,2-HIGH,4,FURNITURE,REG AIR,7,0.07,18,Brand#35,MED PKG,38,45,2,67554.486
F,P,N,DELIVER IN PERSON,Manufacturer#1,1-URGENT,0,MACHINERY,SHIP,2,0.08,12,Brand#12,SM DRUM,40,1,0,1205.6427
O,O,N,COLLECT COD,Manufacturer#2,1-URGENT,2,AUTOMOBILE,REG AIR,2,0.07,8,Brand#25,WRAP JAR,15,21,3,23272.137
O,O,N,DELIVER IN PERSON,Manufacturer#3,1-URGENT,2,AUTOMOBILE,REG AIR,5,0.04,9,Brand#31,JUMBO PKG,1,8,4,9555.1208
F,F,R,TAKE BACK RETURN,Manufacturer#5,2-HIGH,3,FURNITURE,MAIL,4,0.07,8,Brand#51,MED DRUM,9,25,3,28422.72
F,F,R,NONE,Manufacturer#2,4-NOT SPECIFIED,1,AUTOMOBILE,MAIL,2,0.02,8,Brand#23,WRAP BAG,29,28,3,28388.6064
F,F,A,TAKE BACK RETURN,Manufacturer#5,3-MEDIUM,1,BUILDING,REG AIR,3,0.03,21,Brand#51,LG BOX,48,3,1,3329.7384
F,F,R,TAKE BACK RETURN,Manufacturer#3,2-HIGH,1,BUILDING,FOB,1,0.07,18,Brand#31,SM JAR,2,10,2,12440.148
O,O,N,DELIVER IN PERSON,Manufacturer#2,5-LOW,4,AUTOMOBILE,REG AIR,1,0.08,12,Brand#21,MED PACK,12,30,0,51852.708
F,F,A,DELIVER IN PERSON,Manufacturer#1,3-MEDIUM,4,BUILDING,SHIP,2,0.06,21,Brand#12,SM BAG,11,37,1,50636.7274
F,F,A,NONE,Manufacturer#2,4-NOT SPECIFIED,4,BUILDING,MAIL,3,0.05,9,Brand#23,WRAP BOX,33,5,4,4457.1985
F,F,A,DELIVER IN PERSON,Manufacturer#3,4-NOT SPECIFIED,3,FURNITURE,REG AIR,1,0.01,12,Brand#34,LG CASE,20,4,0,4872.42
F,F,A,COLLECT COD,Manufacturer#5,4-NOT SPECIFIED,3,FURNITURE,SHIP,4,0.05,8,Brand#53,LG JAR,31,41,3,55461.9915
O,O,N,TAKE BACK RETURN,Manufacturer#5,4-NOT SPECIFIED,3,MACHINERY,AIR,2,0.03,9,Brand#51,WRAP BAG,46,10,4,15765.26
O,O,N,DELIVER IN PERSON,Manufacturer#2,4-NOT SPECIFIED,3,MACHINERY,SHIP,1,0.07,8,Brand#22,SM PACK,4,25,3,31961.475
O,O,N,NONE,Manufacturer#4,4-NOT SPECIFIED,3,MACHINERY,FOB,4,0.04,18,Brand#43,WRAP CASE,44,25,2,34168.725
F,P,R,DELIVER IN PERSON,Manufacturer#4,5-LOW,3,MACHINERY,FOB,5,0.05,12,Brand#43,MED PACK,12,6,0,8978.1648
O,P,N,NONE,Manufacturer#1,5-LOW,3,MACHINERY,TRUCK,7,0.08,8,Brand#14,WRAP PKG,40,2,3,2563.47
F,P,R,COLLECT COD,Manufacturer#5,5-LOW,3,MACHINERY,FOB,6,0,9,Brand#51,SM JAR,9,12,4,14069.6064
O,P,N,COLLECT COD,Manufacturer#4,5-LOW,3,MACHINERY,TRUCK,3,0.02,12,Brand#43,MED JAR,13,40,0,64478.02
O,O,N,NONE,Manufacturer#2,2-HIGH,1,FURNITURE,AIR,1,0.07,8,Brand#22,LG BOX,9,20,3,27638.702
O,O,N,TAKE BACK RETURN,Manufacturer#1,1-URGENT,2,BUILDING,SHIP,1,0.07,12,Brand#13,WRAP CASE,24,49,0,44501.31
O,O,N,NONE,Manufacturer#5,1-URGENT,2,BUILDING,REG AIR,7,0.03,21,Brand#52,MED JAR,48,27,1,45554.3082
F,P,N,DELIVER IN PERSON,Manufacturer#3,3-MEDIUM,1,AUTOMOBILE,SHIP,2,0.03,21,Brand#34,SM PACK,48,28,1,30635.8528
O,P,N,NONE,Manufacturer#5,3-MEDIUM,1,AUTOMOBILE,REG AIR,1,0.05,9,Brand#55,WRAP PACK,50,15,4,22421.136
F,F,A,NONE,Manufacturer#3,2-HIGH,1,MACHINERY,MAIL,1,0.02,21,Brand#32,LG PKG,36,4,1,4498.1376
O,O,N,COLLECT COD,Manufacturer#2,1-URGENT,3,HOUSEHOLD,REG AIR,1,0.03,9,Brand#24,MED CAN,16,1,4,1605.332
O,O,N,DELIVER IN PERSON,Manufacturer#3,5-LOW,0,FURNITURE,MAIL,3,0.02,9,Brand#32,LG BOX,1,24,4,23349.936
O,O,N,TAKE BACK RETURN,Manufacturer#3,2-HIGH,1,BUILDING,AIR,1,0.03,21,Brand#33,LG PKG,25,20,1,23643.48
F,F,R,COLLECT COD,Manufacturer#1,1-URGENT,1,BUILDING,TRUCK,2,0.01,9,Brand#11,LG JAR,40,2,4,2078.0698
F,F,A,TAKE BACK RETURN,Manufacturer#2,1-URGENT,1,BUILDING,TRUCK,1,0.02,21,Brand#24,MED DRUM,36,32,1,39587.6096
O,O,N,TAKE BACK RETURN,Manufacturer#3,5-LOW,4,BUILDING,RAIL,6,0.04,8,Brand#33,JUMBO PACK,35,44,3,42996.2368
O,O,N,NONE,Manufacturer#5,2-HIGH,2,BUILDING,FOB,6,0,21,Brand#51,LG CAN,8,17,1,27380.2323
O,O,N,TAKE BACK RETURN,Manufacturer#1,2-HIGH,2,BUILDING,AIR,3,0.05,21,Brand#13,MED PACK,20,18,1,26789.886
O,O,N,DELIVER IN PERSON,Manufacturer#5,2-HIGH,2,BUILDING,MAIL,1,0,18,Brand#52,LG BAG,41,25,2,41006.24
F,F,R,DELIVER IN PERSON,Manufacturer#3,4-NOT SPECIFIED,3,FURNITURE,REG AIR,5,0.01,21,Brand#34,JUMBO PKG,38,16,1,23520.3696
O,O,N,DELIVER IN PERSON,Manufacturer#4,3-MEDIUM,3,MACHINERY,RAIL,4,0.01,12,Brand#43,WRAP CASE,24,22,0,40422.591
O,O,N,TAKE BACK RETURN,Manufacturer#3,3-MEDIUM,3,MACHINERY,MAIL,2,0.02,18,Brand#35,MED PACK,26,50,2,92097
O,O,N,DELIVER IN PERSON,Manufacturer#4,4-NOT SPECIFIED,3,MACHINERY,FOB,1,0.03,8,Brand#41,MED DRUM,40,39,3,67033.59
O,O,N,NONE,Manufacturer#5,4-NOT SPECIFIED,1,BUILDING,RAIL,5,0.04,18,Brand#53,LG BAG,10,18,2,16758.54
O,O,N,TAKE BACK RETURN,Manufacturer#5,4-NOT SPECIFIED,1,BUILDING,SHIP,4,0.03,21,Brand#55,JUMBO BAG,19,19,1,25374.1124
O,O,N,NONE,Manufacturer#1,4-NOT SPECIFIED,1,BUILDING,AIR,3,0.06,18,Brand#15,LG CASE,25,41,2,43160.1506
O,O,N,NONE,Manufacturer#1,4-NOT SPECIFIED,1,MACHINERY,MAIL,2,0.06,9,Brand#15,LG CASE,41,3,4,4105.6803
O,O,N,TAKE BACK RETURN,Manufacturer#3,4-NOT SPECIFIED,1,MACHINERY,TRUCK,3,0.04,18,Brand#32,LG PKG,36,20,2,33104.168
O,O,N,DELIVER IN PERSON,Manufacturer#3,4-NOT SPECIFIED,1,MACHINERY,AIR,1,0.07,12,Brand#34,MED JAR,50,9,0,12042.7731
F,F,A,DELIVER IN PERSON,Manufacturer#3,4-NOT SPECIFIED,2,BUILDING,RAIL,2,0,9,Brand#31,LG PACK,36,2,4,2803.77
F,F,R,NONE,Manufacturer#4,4-NOT SPECIFIED,2,BUILDING,REG AIR,1,0.04,21,Brand#41,SM JAR,26,7,1,11326.707
O,O,N,TAKE BACK RETURN,Manufacturer#2,2-HIGH,4,HOUSEHOLD,MAIL,1,0.03,12,Brand#25,WRAP JAR,23,22,0,22533.2184
F,F,A,DELIVER IN PERSON,Manufacturer#3,1-URGENT,1,MACHINERY,TRUCK,4,0.04,9,Brand#35,SM CAN,24,30,4,48561.3
O,O,N,COLLECT COD,Manufacturer#2,2-HIGH,0,MACHINERY,AIR,2,0.01,18,Brand#25,JUMBO BOX,9,30,2,27138.657
O,O,N,TAKE BACK RETURN,Manufacturer#3,3-MEDIUM,3,HOUSEHOLD,RAIL,4,0.07,18,Brand#32,WRAP BOX,21,5,2,5973.39
O,O,N,COLLECT COD,Manufacturer#1,3-MEDIUM,3,HOUSEHOLD,MAIL,6,0.08,8,Brand#15,SM DRUM,20,35,3,51971.143
O,O,N,COLLECT COD,Manufacturer#4,3-MEDIUM,3,HOUSEHOLD,MAIL,2,0.07,21,Brand#41,WRAP PACK,24,22,1,22140.558
F,F,R,COLLECT COD,Manufacturer#5,2-HIGH,1,HOUSEHOLD,FOB,2,0.02,8,Brand#51,WRAP JAR,35,49,3,50318.394
F,F,R,TAKE BACK RETURN,Manufacturer#4,2-HIGH,1,HOUSEHOLD,AIR,4,0.05,9,Brand#41,MED CAN,15,44,4,40304.44
F,F,R,COLLECT COD,Manufacturer#5,2-HIGH,1,HOUSEHOLD,TRUCK,1,0.05,9,Brand#54,WRAP CAN,13,2,4,1775.1194
F,F,A,COLLECT COD,Manufacturer#1,3-MEDIUM,4,MACHINERY,SHIP,7,0.07,8,Brand#15,LG DRUM,31,11,3,13544.9116
F,F,R,NONE,Manufacturer#4,3-MEDIUM,4,MACHINERY,REG AIR,2,0,21,Brand#41,WRAP PACK,24,47,1,47825.8417
F,F,A,NONE,Manufacturer#1,5-LOW,4,AUTOMOBILE,FOB,5,0.08,8,Brand#13,JUMBO PACK,39,50,3,65459.79
F,F,R,COLLECT COD,Manufacturer#2,5-LOW,4,AUTOMOBILE,MAIL,3,0.07,21,Brand#24,MED PACK,50,43,1,68308.08
F,F,R,COLLECT COD,Manufacturer#2,5-LOW,4,BUILDING,FOB,2,0.01,9,Brand#23,LG JAR,15,40,4,48591.456
O,O,N,NONE,Manufacturer#4,5-LOW,0,AUTOMOBILE,FOB,1,0.05,12,Brand#41,LG BAG,30,14,0,14663.0036
O,O,N,COLLECT COD,Manufacturer#5,5-LOW,0,AUTOMOBILE,REG AIR,6,0.05,21,Brand#51,MED CAN,10,46,1,74547.2182
O,O,N,COLLECT COD,Manufacturer#5,5-LOW,0,AUTOMOBILE,REG AIR,2,0.03,9,Brand#51,MED CASE,48,41,4,72133.4525
F,F,R,TAKE BACK RETURN,Manufacturer#5,4-NOT SPECIFIED,3,BUILDING,TRUCK,3,0.02,9,Brand#55,SM PACK,6,45,4,64349.856
F,F,A,TAKE BACK RETURN,Manufacturer#3,4-NOT SPECIFIED,3,BUILDING,MAIL,2,0.08,8,Brand#32,JUMBO CASE,40,6,3,10032.8268
F,F,A,NONE,Manufacturer#4,4-NOT SPECIFIED,3,BUILDING,RAIL,4,0,18,Brand#44,MED PACK,34,22,2,24333.034
F,F,A,DELIVER IN PERSON,Manufacturer#4,4-NOT SPECIFIED,3,BUILDING,TRUCK,5,0.03,12,Brand#44,SM JAR,27,28,0,39396.938
F,F,A,COLLECT COD,Manufacturer#1,3-MEDIUM,2,BUILDING,AIR,4,0,18,Brand#12,WRAP JAR,32,49,2,69248.9952
O,O,N,DELIVER IN PERSON,Manufacturer#4,3-MEDIUM,2,BUILDING,TRUCK,2,0,21,Brand#42,JUMBO BOX,30,48,1,61536.6144
F,F,R,DELIVER IN PERSON,Manufacturer#2,3-MEDIUM,4,HOUSEHOLD,AIR,3,0.07,8,Brand#22,SM PACK,50,45,3,64349.8155
F,F,R,NONE,Manufacturer#2,4-NOT SPECIFIED,2,AUTOMOBILE,REG AIR,1,0.04,8,Brand#24,WRAP JAR,14,37,3,59929.27
F,F,A,NONE,Manufacturer#2,4-NOT SPECIFIED,0,FURNITURE,FOB,4,0.07,18,Brand#25,WRAP CASE,21,9,2,11327.769
F,F,A,TAKE BACK RETURN,Manufacturer#2,4-NOT SPECIFIED,0,FURNITURE,MAIL,3,0.02,8,Brand#22,SM PACK,4,40,3,53411.176
F,F,A,TAKE BACK RETURN,Manufacturer#4,1-URGENT,1,MACHINERY,RAIL,3,0.01,12,Brand#42,WRAP PKG,38,17,0,23312.8276
O,O,N,TAKE BACK RETURN,Manufacturer#4,4-NOT SPECIFIED,3,BUILDING,AIR,2,0.01,21,Brand#45,MED JAR,35,19,1,30081.6607
O,O,N,TAKE BACK RETURN,Manufacturer#1,4-NOT SPECIFIED,3,BUILDING,REG AIR,1,0.03,8,Brand#15,JUMBO JAR,16,22,3,26935.8144
F,F,A,COLLECT COD,Manufacturer#4,4-NOT SPECIFIED,4,AUTOMOBILE,AIR,6,0.06,12,Brand#45,MED PKG,8,5,0,6897.7755
F,F,A,NONE,Manufacturer#3,4-NOT SPECIFIED,4,AUTOMOBILE,TRUCK,2,0.05,18,Brand#31,SM BOX,6,47,2,64190.7576
O,O,N,NONE,Manufacturer#1,1-URGENT,3,MACHINERY,REG AIR,6,0.01,8,Brand#14,SM BOX,8,7,3,8666.6496
F,F,R,TAKE BACK RETURN,Manufacturer#5,5-LOW,0,FURNITURE,REG AIR,6,0,18,Brand#55,LG JAR,38,19,2,24251.5449
F,F,R,COLLECT COD,Manufacturer#4,5-LOW,0,FURNITURE,RAIL,1,0.02,12,Brand#41,JUMBO PKG,14,12,0,12333.9984
F,F,A,COLLECT COD,Manufacturer#1,5-LOW,2,MACHINERY,AIR,1,0.08,8,Brand#14,JUMBO JAR,21,27,3,44995.4406
F,F,R,DELIVER IN PERSON,Manufacturer#3,4-NOT SPECIFIED,1,BUILDING,AIR,2,0.02,9,Brand#34,MED CASE,4,39,4,35236.4025
O,P,N,TAKE BACK RETURN,Manufacturer#3,1-URGENT,0,HOUSEHOLD,TRUCK,4,0.08,18,Brand#32,JUMBO JAR,21,32,2,55739.5872
O,P,N,COLLECT COD,Manufacturer#4,1-URGENT,0,HOUSEHOLD,SHIP,2,0,12,Brand#43,WRAP BAG,24,28,0,50326.122
F,F,R,TAKE BACK RETURN,Manufacturer#3,2-HIGH,3,AUTOMOBILE,TRUCK,2,0.04,21,Brand#34,SM DRUM,49,45,1,74152.7595
F,F,A,NONE,Manufacturer#3,5-LOW,1,AUTOMOBILE,TRUCK,1,0,18,Brand#34,SM PKG,16,3,2,4057.9659
O,O,N,NONE,Manufacturer#1,3-MEDIUM,2,MACHINERY,SHIP,1,0.04,21,Brand#12,JUMBO DRUM,12,31,1,27466.4712
O,O,N,TAKE BACK RETURN,Manufacturer#4,3-MEDIUM,2,MACHINERY,AIR,4,0.07,18,Brand#42,LG CAN,38,19,2,22164.3645
O,O,N,NONE,Manufacturer#1,3-MEDIUM,2,MACHINERY,SHIP,3,0.04,18,Brand#11,LG JAR,40,26,2,25622.3864
O,O,N,TAKE BACK RETURN,Manufacturer#1,3-MEDIUM,3,HOUSEHOLD,FOB,5,0.05,18,Brand#15,SM PACK,24,33,2,47471.49
O,O,N,COLLECT COD,Manufacturer#3,3-MEDIUM,3,HOUSEHOLD,TRUCK,1,0.05,8,Brand#32,JUMBO JAR,29,16,3,22567.1568
O,O,N,NONE,Manufacturer#3,3-MEDIUM,3,HOUSEHOLD,RAIL,6,0.05,18,Brand#34,WRAP JAR,2,47,2,72786.08
F,F,A,COLLECT COD,Manufacturer#4,1-URGENT,2,MACHINERY,REG AIR,4,0.01,21,Brand#41,JUMBO CASE,4,50,1,90959.52
F,F,R,NONE,Manufacturer#2,1-URGENT,2,MACHINERY,SHIP,2,0.02,18,Brand#25,SM BOX,41,8,2,10584.4
F,F,A,DELIVER IN PERSON,Manufacturer#2,1-URGENT,2,MACHINERY,SHIP,6,0.03,8,Brand#25,LG DRUM,25,8,3,7259.9968
O,O,N,COLLECT COD,Manufacturer#3,3-MEDIUM,4,AUTOMOBILE,SHIP,1,0,18,Brand#35,LG DRUM,14,48,2,53623.9296
F,F,R,DELIVER IN PERSON,Manufacturer#5,1-URGENT,1,BUILDING,TRUCK,1,0.06,8,Brand#52,MED BOX,22,4,3,5595.766
O,O,N,COLLECT COD,Manufacturer#2,5-LOW,0,HOUSEHOLD,MAIL,3,0.08,18,Brand#21,WRAP CASE,28,3,2,2975.523
O,O,N,COLLECT COD,Manufacturer#1,5-LOW,0,HOUSEHOLD,TRUCK,6,0,12,Brand#14,MED BAG,30,24,0,28292.8704
O,O,N,COLLECT COD,Manufacturer#4,1-URGENT,0,MACHINERY,REG AIR,3,0.04,21,Brand#44,WRAP BAG,38,46,1,78390.2284
O,O,N,COLLECT COD,Manufacturer#3,1-URGENT,0,MACHINERY,SHIP,1,0.01,8,Brand#34,SM CASE,21,3,3,4921.437
O,O,N,NONE,Manufacturer#3,1-URGENT,0,MACHINERY,MAIL,2,0.02,18,Brand#32,LG PKG,6,2,2,2445.21
O,O,N,NONE,Manufacturer#2,1-URGENT,3,HOUSEHOLD,TRUCK,3,0.02,8,Brand#24,LG CAN,35,2,3,1910.1
O,O,N,DELIVER IN PERSON,Manufacturer#5,1-URGENT,3,HOUSEHOLD,REG AIR,2,0.01,9,Brand#51,SM JAR,9,47,4,55105.9584
O,O,N,NONE,Manufacturer#5,1-URGENT,3,HOUSEHOLD,MAIL,1,0.05,8,Brand#54,WRAP DRUM,18,36,3,32522.2704
O,O,N,DELIVER IN PERSON,Manufacturer#3,4-NOT SPECIFIED,3,AUTOMOBILE,REG AIR,2,0.07,12,Brand#35,JUMBO CASE,24,41,0,38399.7636
O,O,N,DELIVER IN PERSON,Manufacturer#1,4-NOT SPECIFIED,3,AUTOMOBILE,TRUCK,4,0.04,21,Brand#12,SM BAG,11,8,1,10613.324
F,F,R,DELIVER IN PERSON,Manufacturer#2,4-NOT SPECIFIED,4,BUILDING,FOB,2,0.07,8,Brand#21,MED JAR,8,48,3,50679.6864
F,F,R,COLLECT COD,Manufacturer#5,4-NOT SPECIFIED,4,BUILDING,AIR,1,0.06,18,Brand#53,JUMBO BOX,31,40,2,58466.124
F,F,A,TAKE BACK RETURN,Manufacturer#3,4-NOT SPECIFIED,4,BUILDING,SHIP,6,0.05,18,Brand#32,JUMBO JAR,21,28,2,47198.844
O,O,N,NONE,Manufacturer#1,4-NOT SPECIFIED,2,MACHINERY,RAIL,2,0.07,8,Brand#11,SM JAR,35,39,3,61084.4793
O,O,N,TAKE BACK RETURN,Manufacturer#5,4-NOT SPECIFIED,3,FURNITURE,TRUCK,2,0.01,9,Brand#55,JUMBO CASE,25,19,4,18507.33
F,F,R,TAKE BACK RETURN,Manufacturer#1,1-URGENT,0,FURNITURE,FOB,2,0.02,21,Brand#11,MED BAG,20,43,1,42568.323
F,F,R,COLLECT COD,Manufacturer#2,3-MEDIUM,0,HOUSEHOLD,MAIL,1,0.01,18,Brand#24,MED JAR,9,41,2,60827.7681
F,F,R,COLLECT COD,Manufacturer#5,3-MEDIUM,3,BUILDING,REG AIR,2,0.07,21,Brand#54,MED BAG,31,9,1,15346.0305
F,F,R,DELIVER IN PERSON,Manufacturer#4,3-MEDIUM,3,BUILDING,TRUCK,1,0.06,9,Brand#41,JUMBO DRUM,31,22,4,38518.7
F,F,A,COLLECT COD,Manufacturer#2,1-URGENT,4,BUILDING,AIR,2,0.01,21,Brand#25,SM PKG,31,28,1,52975.72
O,O,N,DELIVER IN PERSON,Manufacturer#3,3-MEDIUM,1,FURNITURE,SHIP,1,0.07,18,Brand#33,JUMBO BAG,46,44,2,40568.88
O,O,N,COLLECT COD,Manufacturer#4,3-MEDIUM,1,FURNITURE,SHIP,4,0,8,Brand#41,SM CAN,4,41,3,49948.701
O,O,N,NONE,Manufacturer#4,2-HIGH,1,MACHINERY,MAIL,3,0.07,21,Brand#41,MED PACK,19,44,1,61568.232
O,O,N,TAKE BACK RETURN,Manufacturer#1,4-NOT SPECIFIED,1,FURNITURE,MAIL,4,0.08,21,Brand#13,SM PKG,3,8,1,11439.9744
F,F,A,NONE,Manufacturer#3,3-MEDIUM,4,FURNITURE,FOB,1,0.02,12,Brand#35,MED BAG,44,24,0,42019.032
O,O,N,TAKE BACK RETURN,Manufacturer#3,3-MEDIUM,4,MACHINERY,RAIL,2,0.03,8,Brand#31,SM PKG,33,16,3,21042.5344
O,O,N,TAKE BACK RETURN,Manufacturer#3,3-MEDIUM,4,MACHINERY,MAIL,5,0.05,18,Brand#34,SM PKG,16,46,2,59014.8168
O,O,N,DELIVER IN PERSON,Manufacturer#2,4-NOT SPECIFIED,4,HOUSEHOLD,AIR,3,0.07,18,Brand#21,JUMBO CASE,31,31,2,37147.052
O,O,N,COLLECT COD,Manufacturer#2,4-NOT SPECIFIED,4,HOUSEHOLD,FOB,2,0.06,21,Brand#24,WRAP CASE,26,49,1,83116.0344
F,F,R,NONE,Manufacturer#1,2-HIGH,0,HOUSEHOLD,MAIL,4,0.03,8,Brand#13,JUMBO PACK,17,30,3,52845.954
F,F,R,NONE,Manufacturer#1,2-HIGH,0,HOUSEHOLD,SHIP,1,0.04,18,Brand#12,MED PACK,24,15,2,15632.526
F,F,A,NONE,Manufacturer#4,2-HIGH,0,HOUSEHOLD,TRUCK,3,0.06,8,Brand#42,SM JAR,47,24,3,21184.8
O,O,N,NONE,Manufacturer#2,5-LOW,4,HOUSEHOLD,TRUCK,2,0.08,8,Brand#24,JUMBO BAG,25,43,3,58571.3492
O,O,N,COLLECT COD,Manufacturer#3,2-HIGH,2,FURNITURE,REG AIR,2,0.07,18,Brand#32,WRAP BOX,20,3,2,4633.4052
O,O,N,NONE,Manufacturer#3,2-HIGH,2,FURNITURE,SHIP,1,0,18,Brand#33,SM PACK,41,34,2,57316.52
O,O,N,NONE,Manufacturer#2,2-HIGH,3,BUILDING,RAIL,2,0.02,12,Brand#23,JUMBO BOX,47,27,0,28731.8664
O,O,N,DELIVER IN PERSON,Manufacturer#1,3-MEDIUM,2,AUTOMOBILE,TRUCK,2,0.03,18,Brand#15,LG CASE,25,46,2,45952.9926
F,F,R,DELIVER IN PERSON,Manufacturer#3,1-URGENT,0,HOUSEHOLD,TRUCK,3,0.07,21,Brand#32,LG PKG,36,33,1,37109.6352
F,F,A,TAKE BACK RETURN,Manufacturer#5,4-NOT SPECIFIED,4,AUTOMOBILE,TRUCK,7,0.04,21,Brand#51,SM PACK,33,12,1,21369.024
F,F,A,NONE,Manufacturer#5,4-NOT SPECIFIED,4,AUTOMOBILE,MAIL,5,0.05,21,Brand#51,LG PACK,42,6,1,10316.6592
F,F,A,TAKE BACK RETURN,Manufacturer#4,4-NOT SPECIFIED,4,AUTOMOBILE,RAIL,2,0.01,9,Brand#44,WRAP CAN,19,11,4,18427.7104
F,F,A,COLLECT COD,Manufacturer#5,4-NOT SPECIFIED,4,AUTOMOBILE,AIR,1,0.06,9,Brand#54,SM CAN,32,33,4,52776.1674
O,O,N,TAKE BACK RETURN,Manufacturer#5,1-URGENT,2,AUTOMOBILE,AIR,5,0,18,Brand#54,MED DRUM,24,11,2,13910.4042
F,F,R,DELIVER IN PERSON,Manufacturer#1,3-MEDIUM,0,BUILDING,AIR,1,0,12,Brand#13,LG PKG,34,11,0,20331.1944
F,F,A,TAKE BACK RETURN,Manufacturer#4,3-MEDIUM,0,BUILDING,SHIP,5,0.02,9,Brand#42,MED PKG,19,41,4,55259.6196
F,F,A,COLLECT COD,Manufacturer#5,3-MEDIUM,0,BUILDING,AIR,3,0,18,Brand#52,SM PKG,2,49,2,63571.914
F,F,R,NONE,Manufacturer#5,4-NOT SPECIFIED,3,FURNITURE,AIR,4,0.06,12,Brand#54,MED JAR,46,23,0,38613.1383
F,F,R,COLLECT COD,Manufacturer#5,3-MEDIUM,0,AUTOMOBILE,TRUCK,2,0.07,9,Brand#55,WRAP CASE,11,45,4,40314.015
O,O,N,COLLECT COD,Manufacturer#3,4-NOT SPECIFIED,2,FURNITURE,SHIP,4,0,18,Brand#31,SM JAR,2,44,2,57065.8704
O,O,N,COLLECT COD,Manufacturer#3,4-NOT SPECIFIED,2,FURNITURE,AIR,2,0,9,Brand#35,SM CAN,39,11,4,11867.2807
O,O,N,DELIVER IN PERSON,Manufacturer#5,4-NOT SPECIFIED,2,FURNITURE,RAIL,3,0,9,Brand#51,JUMBO CASE,33,2,4,2074.2906
F,F,R,COLLECT COD,Manufacturer#5,3-MEDIUM,1,BUILDING,AIR,1,0,12,Brand#54,SM CAN,32,45,0,67515.903
F,F,A,NONE,Manufacturer#4,2-HIGH,3,BUILDING,AIR,4,0.07,8,Brand#44,WRAP BAG,4,34,3,36158.1976
O,O,N,DELIVER IN PERSON,Manufacturer#4,2-HIGH,4,FURNITURE,AIR,3,0.03,21,Brand#45,JUMBO PACK,14,18,1,15342.048
F,F,A,COLLECT COD,Manufacturer#2,3-MEDIUM,0,FURNITURE,REG AIR,2,0,12,Brand#24,MED PACK,50,25,0,41368.75
F,F,R,COLLECT COD,Manufacturer#3,3-MEDIUM,0,FURNITURE,FOB,1,0.03,21,Brand#34,MED PKG,23,21,1,37377.27
F,F,A,TAKE BACK RETURN,Manufacturer#3,5-LOW,0,MACHINERY,AIR,3,0.02,9,Brand#32,JUMBO CAN,10,24,4,22651.1712
F,F,A,NONE,Manufacturer#5,5-LOW,0,MACHINERY,FOB,6,0.05,18,Brand#55,LG JAR,38,47,2,59990.6637
F,F,R,NONE,Manufacturer#3,5-LOW,0,MACHINERY,TRUCK,2,0.04,12,Brand#35,LG DRUM,14,50,0,58894.035
F,F,A,TAKE BACK RETURN,Manufacturer#1,1-URGENT,4,AUTOMOBILE,RAIL,2,0.03,18,Brand#14,JUMBO PACK,7,9,2,11728.2312
F,F,R,DELIVER IN PERSON,Manufacturer#5,1-URGENT,4,AUTOMOBILE,FOB,1,0,21,Brand#55,MED JAR,12,49,1,69117.1754
F,F,R,COLLECT COD,Manufacturer#1,1-URGENT,4,AUTOMOBILE,RAIL,4,0.06,8,Brand#15,SM PACK,24,42,3,56188.9818
F,F,A,COLLECT COD,Manufacturer#4,1-URGENT,4,AUTOMOBILE,TRUCK,5,0.03,21,Brand#41,WRAP PACK,24,33,1,34686.8742
O,O,N,NONE,Manufacturer#4,3-MEDIUM,2,AUTOMOBILE,RAIL,3,0.02,21,Brand#45,JUMBO CAN,13,2,1,2300.7168
O,O,N,DELIVER IN PERSON,Manufacturer#2,2-HIGH,3,MACHINERY,MAIL,2,0.08,12,Brand#25,SM PACK,28,18,0,27458.8182
O,O,N,TAKE BACK RETURN,Manufacturer#3,2-HIGH,3,MACHINERY,SHIP,1,0.04,12,Brand#32,LG PKG,11,3,0,3468.9186
O,O,N,COLLECT COD,Manufacturer#3,2-HIGH,3,MACHINERY,AIR,3,0.06,12,Brand#32,LG BOX,9,44,0,53577.3304
O,O,N,DELIVER IN PERSON,Manufacturer#1,3-MEDIUM,4,BUILDING,RAIL,2,0.04,21,Brand#14,JUMBO JAR,9,18,1,24005.8728
O,O,N,DELIVER IN PERSON,Manufacturer#5,3-MEDIUM,2,AUTOMOBILE,TRUCK,3,0.02,12,Brand#54,MED BAG,31,35,0,58448.5125
O,O,N,COLLECT COD,Manufacturer#3,5-LOW,3,FURNITURE,RAIL,4,0.05,21,Brand#32,WRAP PKG,38,5,1,5574.789
O,O,N,TAKE BACK RETURN,Manufacturer#4,5-LOW,3,FURNITURE,RAIL,1,0.04,18,Brand#45,MED JAR,35,42,2,71611.4028
F,F,A,DELIVER IN PERSON,Manufacturer#2,3-MEDIUM,3,FURNITURE,AIR,2,0.08,8,Brand#25,WRAP PKG,4,12,3,20700.1728
F,F,A,NONE,Manufacturer#4,3-MEDIUM,3,FURNITURE,SHIP,3,0.08,8,Brand#41,WRAP JAR,5,19,3,31805.145
F,F,A,COLLECT COD,Manufacturer#3,3-MEDIUM,3,FURNITURE,SHIP,7,0.07,9,Brand#35,SM CASE,22,27,4,44284.0392
O,O,N,TAKE BACK RETURN,Manufacturer#5,2-HIGH,0,AUTOMOBILE,AIR,4,0.08,8,Brand#52,SM PKG,2,24,3,32867.112
O,O,N,DELIVER IN PERSON,Manufacturer#5,1-URGENT,4,FURNITURE,MAIL,1,0.05,8,Brand#55,JUMBO PACK,1,34,3,30111.0698
O,O,N,COLLECT COD,Manufacturer#3,1-URGENT,4,FURNITURE,REG AIR,4,0.01,18,Brand#32,WRAP BOX,21,5,2,6039.761
O,O,N,DELIVER IN PERSON,Manufacturer#5,1-URGENT,4,FURNITURE,AIR,2,0.08,9,Brand#54,LG CASE,42,8,4,8107.8384
O,O,N,NONE,Manufacturer#1,4-NOT SPECIFIED,2,HOUSEHOLD,AIR,5,0,21,Brand#13,MED JAR,38,16,1,22152.0816
O,O,N,COLLECT COD,Manufacturer#4,4-NOT SPECIFIED,2,HOUSEHOLD,RAIL,1,0.01,8,Brand#43,MED BOX,10,20,3,35211.836
F,F,A,TAKE BACK RETURN,Manufacturer#4,1-URGENT,1,MACHINERY,AIR,3,0.02,18,Brand#43,WRAP CAN,44,36,2,64250.3556
O,O,N,DELIVER IN PERSON,Manufacturer#2,5-LOW,1,AUTOMOBILE,FOB,1,0.08,18,Brand#21,JUMBO CASE,31,3,2,3405.672
F,F,A,COLLECT COD,Manufacturer#1,5-LOW,3,AUTOMOBILE,RAIL,1,0.06,9,Brand#11,MED CASE,13,8,4,8384.7328
F,F,A,NONE,Manufacturer#5,4-NOT SPECIFIED,1,HOUSEHOLD,MAIL,3,0.06,21,Brand#54,MED BAG,31,17,1,28090.443
O,O,N,COLLECT COD,Manufacturer#2,2-HIGH,0,AUTOMOBILE,AIR,1,0,18,Brand#24,MED DRUM,31,37,2,34763.3352
F,F,A,TAKE BACK RETURN,Manufacturer#2,4-NOT SPECIFIED,1,BUILDING,AIR,2,0.07,21,Brand#22,SM CASE,42,39,1,51266.7246
F,F,R,COLLECT COD,Manufacturer#3,5-LOW,1,FURNITURE,REG AIR,2,0.02,18,Brand#31,JUMBO PKG,40,16,2,23984.4416
O,O,N,COLLECT COD,Manufacturer#2,3-MEDIUM,3,MACHINERY,SHIP,2,0.08,9,Brand#22,LG BOX,9,45,4,66287.3265
O,O,N,NONE,Manufacturer#4,3-MEDIUM,3,MACHINERY,TRUCK,3,0.03,12,Brand#44,LG PKG,35,29,0,35939.8566
F,F,A,COLLECT COD,Manufacturer#3,2-HIGH,1,BUILDING,REG AIR,1,0.08,12,Brand#31,LG PKG,47,16,0,17772.752
F,F,R,NONE,Manufacturer#3,4-NOT SPECIFIED,0,MACHINERY,FOB,6,0.03,21,Brand#33,WRAP BOX,49,6,1,5635.4298
F,F,R,NONE,Manufacturer#3,4-NOT SPECIFIED,0,MACHINERY,REG AIR,1,0.08,8,Brand#35,SM CAN,24,27,3,43705.17
F,F,R,COLLECT COD,Manufacturer#4,4-NOT SPECIFIED,0,MACHINERY,FOB,4,0.03,9,Brand#41,SM PACK,35,7,4,6047.0858
F,F,R,DELIVER IN PERSON,Manufacturer#5,4-NOT SPECIFIED,0,MACHINERY,AIR,5,0.01,8,Brand#51,SM CAN,8,43,3,64424.0448
O,O,N,NONE,Manufacturer#5,2-HIGH,1,AUTOMOBILE,TRUCK,4,0.05,18,Brand#53,MED CASE,28,31,2,33237.27
F,F,A,TAKE BACK RETURN,Manufacturer#3,4-NOT SPECIFIED,0,HOUSEHOLD,AIR,2,0.06,8,Brand#32,LG BOX,44,18,3,26426.9358
F,F,A,NONE,Manufacturer#1,4-NOT SPECIFIED,0,HOUSEHOLD,REG AIR,1,0.01,18,Brand#13,JUMBO CASE,18,6,2,5452.0506
F,F,R,TAKE BACK RETURN,Manufacturer#3,4-NOT SPECIFIED,0,HOUSEHOLD,SHIP,7,0.04,12,Brand#34,MED CASE,43,18,0,19730.304
O,O,N,COLLECT COD,Manufacturer#4,2-HIGH,4,BUILDING,AIR,2,0.08,12,Brand#41,MED PACK,22,17,0,22821.48
F,F,R,NONE,Manufacturer#5,3-MEDIUM,2,FURNITURE,SHIP,5,0.03,8,Brand#51,JUMBO PACK,30,18,3,25642.989
O,O,N,COLLECT COD,Manufacturer#3,4-NOT SPECIFIED,0,MACHINERY,AIR,2,0.06,21,Brand#32,MED JAR,15,11,1,19635.5566
O,O,N,DELIVER IN PERSON,Manufacturer#3,4-NOT SPECIFIED,0,MACHINERY,SHIP,7,0.07,8,Brand#33,WRAP BAG,11,21,3,34889.9397
F,F,A,TAKE BACK RETURN,Manufacturer#5,3-MEDIUM,4,AUTOMOBILE,SHIP,1,0.01,21,Brand#51,LG BOX,48,27,1,30894.48
O,O,N,DELIVER IN PERSON,Manufacturer#2,4-NOT SPECIFIED,1,MACHINERY,FOB,4,0.07,21,Brand#21,WRAP BAG,37,9,1,11694.51
O,O,N,COLLECT COD,Manufacturer#3,4-NOT SPECIFIED,1,MACHINERY,REG AIR,1,0.05,9,Brand#33,LG CAN,16,31,4,38535.3188
O,O,N,DELIVER IN PERSON,Manufacturer#4,4-NOT SPECIFIED,1,MACHINERY,TRUCK,5,0.01,18,Brand#44,SM BAG,15,42,2,59673.726
O,O,N,NONE,Manufacturer#5,4-NOT SPECIFIED,1,MACHINERY,FOB,7,0.03,18,Brand#53,MED BAG,21,22,2,21152.0848
F,F,A,DELIVER IN PERSON,Manufacturer#5,1-URGENT,4,HOUSEHOLD,TRUCK,3,0,18,Brand#51,WRAP DRUM,21,43,2,70659.0878
O,O,N,TAKE BACK RETURN,Manufacturer#4,2-HIGH,3,MACHINERY,RAIL,3,0.06,18,Brand#45,JUMBO BOX,44,1,2,1263.5168
O,O,N,DELIVER IN PERSON,Manufacturer#1,2-HIGH,3,MACHINERY,SHIP,4,0.02,12,Brand#14,WRAP BAG,13,32,0,56738.6368
O,O,N,TAKE BACK RETURN,Manufacturer#5,2-HIGH,0,BUILDING,AIR,4,0.06,18,Brand#52,LG CAN,23,37,2,58403.205
O,O,N,COLLECT COD,Manufacturer#5,2-HIGH,2,MACHINERY,AIR,1,0.08,9,Brand#53,MED JAR,40,2,4,2977.248
O,O,N,COLLECT COD,Manufacturer#1,2-HIGH,2,MACHINERY,REG AIR,2,0.06,12,Brand#14,MED BAG,30,18,0,21450.3012
F,F,R,COLLECT COD,Manufacturer#4,4-NOT SPECIFIED,2,HOUSEHOLD,RAIL,5,0.05,9,Brand#43,LG DRUM,19,20,4,18440.4
F,F,A,TAKE BACK RETURN,Manufacturer#2,4-NOT SPECIFIED,2,HOUSEHOLD,MAIL,4,0.07,9,Brand#22,JUMBO JAR,28,10,4,16015.329
F,F,A,NONE,Manufacturer#5,3-MEDIUM,0,HOUSEHOLD,AIR,3,0.06,18,Brand#53,JUMBO BOX,31,4,2,5720.8788
O,O,N,NONE,Manufacturer#2,5-LOW,0,AUTOMOBILE,SHIP,1,0.06,18,Brand#23,LG JAR,46,4,2,4462.226
O,O,N,NONE,Manufacturer#4,5-LOW,0,AUTOMOBILE,REG AIR,3,0.08,12,Brand#45,MED DRUM,3,48,0,67636.7808
O,O,N,COLLECT COD,Manufacturer#2,5-LOW,0,AUTOMOBILE,SHIP,4,0.06,12,Brand#21,LG CAN,33,32,0,33992.064
O,O,N,DELIVER IN PERSON,Manufacturer#3,2-HIGH,3,AUTOMOBILE,MAIL,2,0.07,21,Brand#31,JUMBO CASE,1,1,1,928.2237
O,O,N,DELIVER IN PERSON,Manufacturer#3,2-HIGH,3,AUTOMOBILE,SHIP,1,0.06,9,Brand#35,WRAP BOX,14,49,4,60522.4872
F,F,A,TAKE BACK RETURN,Manufacturer#1,1-URGENT,3,HOUSEHOLD,AIR,4,0.04,21,Brand#11,JUMBO PACK,39,38,1,64382.0928
F,F,R,DELIVER IN PERSON,Manufacturer#2,2-HIGH,2,BUILDING,REG AIR,5,0.08,9,Brand#21,WRAP CAN,20,1,4,1051.15
O,P,N,TAKE BACK RETURN,Manufacturer#2,2-HIGH,3,MACHINERY,REG AIR,4,0,21,Brand#21,SM BOX,11,40,1,49758.912
F,P,R,DELIVER IN PERSON,Manufacturer#2,2-HIGH,3,MACHINERY,REG AIR,3,0.02,8,Brand#22,SM PACK,4,20,3,25569.18
F,P,A,COLLECT COD,Manufacturer#3,2-HIGH,3,MACHINERY,RAIL,2,0,9,Brand#33,LG CAN,14,34,4,43529.248
O,O,N,COLLECT COD,Manufacturer#3,1-URGENT,0,BUILDING,SHIP,5,0.02,21,Brand#35,MED BOX,24,12,1,15775.3344
O,O,N,DELIVER IN PERSON,Manufacturer#4,1-URGENT,0,BUILDING,RAIL,1,0.08,8,Brand#41,MED BOX,46,5,3,7053.888
F,F,A,NONE,Manufacturer#5,5-LOW,4,FURNITURE,SHIP,3,0.01,21,Brand#53,WRAP CAN,49,34,1,58938.4152
F,F,R,COLLECT COD,Manufacturer#4,1-URGENT,2,FURNITURE,RAIL,2,0.07,8,Brand#44,LG JAR,6,45,3,71744.832
O,O,N,COLLECT COD,Manufacturer#2,4-NOT SPECIFIED,4,HOUSEHOLD,REG AIR,7,0.07,21,Brand#24,WRAP PKG,14,23,1,39980.7045
O,O,N,COLLECT COD,Manufacturer#2,4-NOT SPECIFIED,4,HOUSEHOLD,SHIP,1,0.07,21,Brand#22,LG DRUM,3,25,1,40340.025
O,O,N,TAKE BACK RETURN,Manufacturer#4,5-LOW,1,AUTOMOBILE,SHIP,1,0.01,18,Brand#43,JUMBO BOX,3,29,2,43467.8187
O,O,N,DELIVER IN PERSON,Manufacturer#2,3-MEDIUM,3,HOUSEHOLD,FOB,6,0.01,21,Brand#22,WRAP DRUM,37,20,1,30352.2
F,F,R,DELIVER IN PERSON,Manufacturer#1,3-MEDIUM,4,AUTOMOBILE,MAIL,3,0.07,18,Brand#14,MED PACK,2,33,2,54747.4059
F,F,A,DELIVER IN PERSON,Manufacturer#1,3-MEDIUM,4,AUTOMOBILE,SHIP,4,0.01,12,Brand#14,WRAP BAG,25,38,0,35208.216
F,F,A,NONE,Manufacturer#5,3-MEDIUM,4,AUTOMOBILE,REG AIR,1,0.01,18,Brand#54,MED CAN,9,40,2,42656.656
O,O,N,DELIVER IN PERSON,Manufacturer#5,3-MEDIUM,0,BUILDING,TRUCK,1,0.02,18,Brand#51,WRAP DRUM,21,43,2,66333.0212
F,F,R,COLLECT COD,Manufacturer#2,5-LOW,3,BUILDING,SHIP,3,0.05,18,Brand#23,MED PKG,34,36,2,58260.5568
F,F,A,TAKE BACK RETURN,Manufacturer#3,5-LOW,3,BUILDING,SHIP,5,0.04,12,Brand#35,SM CAN,28,19,0,28516.8834
O,O,N,TAKE BACK RETURN,Manufacturer#3,4-NOT SPECIFIED,4,BUILDING,AIR,3,0.02,9,Brand#35,MED BAG,44,22,4,40544.68
O,O,N,COLLECT COD,Manufacturer#1,4-NOT SPECIFIED,4,BUILDING,TRUCK,1,0,8,Brand#13,LG PKG,19,2,3,2045.5974
F,P,R,NONE,Manufacturer#4,2-HIGH,4,AUTOMOBILE,REG AIR,7,0.04,18,Brand#45,MED DRUM,33,38,2,49536.8874
O,O,N,COLLECT COD,Manufacturer#1,3-MEDIUM,2,HOUSEHOLD,AIR,5,0.02,12,Brand#13,WRAP DRUM,19,1,0,986.571
O,O,N,COLLECT COD,Manufacturer#5,3-MEDIUM,2,HOUSEHOLD,REG AIR,4,0.03,8,Brand#54,MED CAN,9,46,3,47553.466
F,F,A,TAKE BACK RETURN,Manufacturer#3,3-MEDIUM,4,FURNITURE,SHIP,5,0.04,9,Brand#35,WRAP BOX,14,42,4,50288.364
O,O,N,NONE,Manufacturer#4,2-HIGH,0,FURNITURE,RAIL,7,0.04,12,Brand#41,JUMBO PKG,14,31,0,31516.4941
F,F,R,COLLECT COD,Manufacturer#5,5-LOW,1,HOUSEHOLD,MAIL,3,0.03,9,Brand#54,SM CAN,32,39,4,61085.817
F,F,R,COLLECT COD,Manufacturer#5,3-MEDIUM,2,FURNITURE,SHIP,3,0.05,9,Brand#53,MED JAR,40,24,4,37215.6
F,F,A,NONE,Manufacturer#3,3-MEDIUM,2,FURNITURE,MAIL,1,0.03,21,Brand#31,WRAP JAR,8,4,1,5622.366
F,F,A,DELIVER IN PERSON,Manufacturer#1,3-MEDIUM,3,MACHINERY,FOB,2,0.01,21,Brand#11,WRAP PKG,20,31,1,49036.7424
F,F,A,TAKE BACK RETURN,Manufacturer#2,5-LOW,0,AUTOMOBILE,MAIL,3,0.02,18,Brand#24,MED DRUM,1,17,2,28982.1984
F,F,R,DELIVER IN PERSON,Manufacturer#2,5-LOW,0,AUTOMOBILE,REG AIR,2,0.06,9,Brand#21,LG DRUM,8,37,4,36683.8868
F,F,R,DELIVER IN PERSON,Manufacturer#2,5-LOW,0,HOUSEHOLD,MAIL,7,0.04,12,Brand#25,LG BOX,30,22,0,39413.6996
F,F,R,TAKE BACK RETURN,Manufacturer#3,5-LOW,0,HOUSEHOLD,AIR,1,0.07,18,Brand#35,LG PKG,5,22,2,32564.1756
O,O,N,DELIVER IN PERSON,Manufacturer#5,4-NOT SPECIFIED,1,AUTOMOBILE,MAIL,1,0.05,21,Brand#51,WRAP PKG,1,26,1,33380.815
F,F,A,TAKE BACK RETURN,Manufacturer#5,2-HIGH,3,HOUSEHOLD,REG AIR,4,0.05,8,Brand#53,MED PACK,1,43,3,68098.24
F,F,R,NONE,Manufacturer#2,3-MEDIUM,4,BUILDING,AIR,1,0.01,21,Brand#24,SM BAG,6,32,1,51426.9696
F,F,R,NONE,Manufacturer#4,3-MEDIUM,4,BUILDING,RAIL,2,0.06,21,Brand#43,SM CASE,20,11,1,14398.725
F,F,R,NONE,Manufacturer#3,3-MEDIUM,4,BUILDING,REG AIR,5,0.04,12,Brand#32,JUMBO JAR,26,38,0,34618.038
O,O,N,COLLECT COD,Manufacturer#2,3-MEDIUM,4,BUILDING,SHIP,1,0.05,18,Brand#22,WRAP BAG,9,29,2,46896.2451
O,O,N,DELIVER IN PERSON,Manufacturer#5,3-MEDIUM,4,MACHINERY,RAIL,5,0.03,21,Brand#55,MED JAR,12,4,1,5762.2656
F,F,R,COLLECT COD,Manufacturer#5,2-HIGH,4,FURNITURE,TRUCK,1,0.06,9,Brand#53,SM CAN,36,14,4,19278.882
F,F,A,COLLECT COD,Manufacturer#4,2-HIGH,4,FURNITURE,MAIL,4,0.05,18,Brand#44,MED DRUM,45,31,2,51532.788
F,F,A,COLLECT COD,Manufacturer#2,2-HIGH,0,BUILDING,AIR,3,0.03,8,Brand#24,JUMBO BAG,25,15,3,21764.379
F,F,A,NONE,Manufacturer#2,2-HIGH,0,BUILDING,TRUCK,1,0.08,18,Brand#22,WRAP CAN,1,3,2,4414.71
F,F,A,TAKE BACK RETURN,Manufacturer#1,2-HIGH,0,BUILDING,SHIP,7,0.05,18,Brand#15,WRAP CASE,47,42,2,53488.5078
F,F,R,DELIVER IN PERSON,Manufacturer#4,5-LOW,0,BUILDING,REG AIR,2,0.08,21,Brand#45,WRAP DRUM,27,47,1,50391.99
F,F,A,TAKE BACK RETURN,Manufacturer#1,1-URGENT,0,MACHINERY,MAIL,6,0.04,18,Brand#15,LG DRUM,6,19,2,31040.87
F,F,A,NONE,Manufacturer#4,2-HIGH,2,AUTOMOBILE,AIR,4,0.04,9,Brand#44,WRAP CAN,19,32,4,58269.44
F,F,R,COLLECT COD,Manufacturer#1,2-HIGH,2,AUTOMOBILE,RAIL,3,0.02,12,Brand#12,JUMBO BAG,31,4,0,7512.0804
F,F,A,TAKE BACK RETURN,Manufacturer#5,4-NOT SPECIFIED,3,HOUSEHOLD,RAIL,3,0.06,8,Brand#55,LG BAG,10,31,3,32730.9346
F,F,A,DELIVER IN PERSON,Manufacturer#4,4-NOT SPECIFIED,3,HOUSEHOLD,SHIP,2,0.03,8,Brand#41,WRAP DRUM,9,9,3,12508.7022
F,F,R,DELIVER IN PERSON,Manufacturer#2,4-NOT SPECIFIED,3,HOUSEHOLD,FOB,4,0.01,21,Brand#21,WRAP DRUM,29,40,1,50414
F,F,R,DELIVER IN PERSON,Manufacturer#1,3-MEDIUM,4,AUTOMOBILE,AIR,2,0.07,9,Brand#12,JUMBO BAG,16,50,4,57036.375
F,P,A,DELIVER IN PERSON,Manufacturer#4,4-NOT SPECIFIED,2,BUILDING,MAIL,6,0.03,21,Brand#41,JUMBO CAN,34,4,1,6241.788
O,P,N,COLLECT COD,Manufacturer#3,4-NOT SPECIFIED,2,BUILDING,AIR,2,0,8,Brand#34,LG JAR,20,6,3,9357.9
O,O,N,COLLECT COD,Manufacturer#1,1-URGENT,2,HOUSEHOLD,REG AIR,3,0.03,9,Brand#12,JUMBO BAG,43,35,4,41066.914
F,F,R,COLLECT COD,Manufacturer#5,4-NOT SPECIFIED,2,FURNITURE,FOB,2,0.05,18,Brand#53,SM BOX,45,31,2,29664.7928
F,F,R,DELIVER IN PERSON,Manufacturer#3,4-NOT SPECIFIED,2,FURNITURE,SHIP,1,0.06,18,Brand#33,WRAP DRUM,26,5,2,4369.815
F,F,A,DELIVER IN PERSON,Manufacturer#2,4-NOT SPECIFIED,1,BUILDING,AIR,1,0.01,18,Brand#25,LG PKG,19,37,2,51549.584
F,F,A,DELIVER IN PERSON,Manufacturer#1,4-NOT SPECIFIED,1,BUILDING,MAIL,6,0.05,8,Brand#13,JUMBO BOX,28,49,3,42099.3006
O,O,N,DELIVER IN PERSON,Manufacturer#2,4-NOT SPECIFIED,0,AUTOMOBILE,RAIL,4,0.01,8,Brand#22,WRAP BAG,9,5,3,8694.15
F,P,R,TAKE BACK RETURN,Manufacturer#5,1-URGENT,1,AUTOMOBILE,AIR,1,0.02,8,Brand#54,WRAP JAR,50,43,3,73250.1861
F,P,A,TAKE BACK RETURN,Manufacturer#4,1-URGENT,1,AUTOMOBILE,FOB,5,0.08,12,Brand#42,MED BAG,14,24,0,40515.2784
O,P,N,COLLECT COD,Manufacturer#4,1-URGENT,1,AUTOMOBILE,TRUCK,2,0.03,18,Brand#45,WRAP BAG,8,36,2,60874.4376
O,O,N,COLLECT COD,Manufacturer#4,1-URGENT,0,BUILDING,AIR,5,0.07,18,Brand#44,MED JAR,10,8,2,9234
F,F,A,DELIVER IN PERSON,Manufacturer#5,1-URGENT,0,FURNITURE,REG AIR,3,0.03,12,Brand#55,JUMBO DRUM,24,46,0,60569.419
F,F,R,COLLECT COD,Manufacturer#3,1-URGENT,0,FURNITURE,AIR,4,0.02,9,Brand#31,JUMBO PKG,1,31,4,35117.5316
O,O,N,NONE,Manufacturer#5,3-MEDIUM,3,HOUSEHOLD,AIR,2,0.04,18,Brand#55,LG BAG,16,9,2,8067.8052
O,O,N,COLLECT COD,Manufacturer#1,3-MEDIUM,3,HOUSEHOLD,RAIL,1,0.08,12,Brand#14,LG CAN,41,32,0,44641.5872
O,O,N,NONE,Manufacturer#2,3-MEDIUM,3,HOUSEHOLD,RAIL,4,0.02,9,Brand#25,JUMBO JAR,49,12,4,13913.1756
O,O,N,TAKE BACK RETURN,Manufacturer#4,4-NOT SPECIFIED,2,AUTOMOBILE,RAIL,1,0,8,Brand#41,LG JAR,25,28,3,45950.5088
O,O,N,NONE,Manufacturer#1,5-LOW,2,BUILDING,SHIP,6,0.07,9,Brand#12,SM JAR,23,47,4,70316.1172
O,O,N,COLLECT COD,Manufacturer#1,5-LOW,2,BUILDING,MAIL,2,0.06,18,Brand#14,JUMBO BAG,10,15,2,25428.354
F,F,R,DELIVER IN PERSON,Manufacturer#4,3-MEDIUM,3,BUILDING,TRUCK,1,0.04,18,Brand#42,WRAP BAG,13,39,2,56809.8024
O,O,N,DELIVER IN PERSON,Manufacturer#2,1-URGENT,4,BUILDING,SHIP,1,0.07,8,Brand#24,MED PKG,48,47,3,64771.1136
O,O,N,DELIVER IN PERSON,Manufacturer#2,1-URGENT,4,BUILDING,TRUCK,2,0.01,12,Brand#23,JUMBO BAG,35,42,0,44247.7728
F,F,A,COLLECT COD,Manufacturer#2,2-HIGH,0,HOUSEHOLD,MAIL,3,0,8,Brand#23,JUMBO JAR,42,47,3,69450.2127
F,F,R,DELIVER IN PERSON,Manufacturer#5,2-HIGH,0,HOUSEHOLD,SHIP,5,0.02,12,Brand#53,WRAP BAG,23,34,0,34842.4724
F,F,A,NONE,Manufacturer#5,2-HIGH,0,HOUSEHOLD,MAIL,7,0.08,8,Brand#55,LG BAG,16,35,3,31030.02
F,P,R,TAKE BACK RETURN,Manufacturer#2,1-URGENT,1,AUTOMOBILE,SHIP,3,0.04,18,Brand#22,JUMBO CAN,42,42,2,66902.3586
F,P,N,COLLECT COD,Manufacturer#1,1-URGENT,1,AUTOMOBILE,REG AIR,4,0,18,Brand#12,LG JAR,39,47,2,67177.1282
O,O,N,NONE,Manufacturer#3,3-MEDIUM,0,AUTOMOBILE,FOB,1,0,18,Brand#34,JUMBO CAN,48,34,2,40860.9824
F,P,N,NONE,Manufacturer#5,2-HIGH,2,HOUSEHOLD,TRUCK,2,0.04,12,Brand#51,JUMBO BOX,47,32,0,48773.5296
O,O,N,COLLECT COD,Manufacturer#4,2-HIGH,2,MACHINERY,RAIL,1,0,8,Brand#44,JUMBO CASE,40,29,3,34823.5944
O,O,N,NONE,Manufacturer#2,5-LOW,2,BUILDING,AIR,3,0.04,18,Brand#25,LG PKG,19,15,2,20898.48
O,O,N,NONE,Manufacturer#1,2-HIGH,1,AUTOMOBILE,REG AIR,5,0.04,12,Brand#15,JUMBO JAR,36,11,0,9492.8636
O,O,N,TAKE BACK RETURN,Manufacturer#4,2-HIGH,0,BUILDING,RAIL,5,0.08,8,Brand#41,MED DRUM,40,8,3,12925.4512
F,F,A,NONE,Manufacturer#5,2-HIGH,2,AUTOMOBILE,SHIP,5,0,12,Brand#54,MED PKG,43,46,0,74937.197
F,F,R,DELIVER IN PERSON,Manufacturer#1,1-URGENT,4,HOUSEHOLD,REG AIR,1,0,18,Brand#11,SM BAG,17,1,2,1607.7
F,F,A,NONE,Manufacturer#1,2-HIGH,2,MACHINERY,RAIL,6,0.04,9,Brand#12,MED JAR,42,41,4,59041.7466
F,F,R,DELIVER IN PERSON,Manufacturer#1,2-HIGH,2,MACHINERY,AIR,4,0.08,12,Brand#11,MED BAG,20,15,0,14691.4425
F,F,A,DELIVER IN PERSON,Manufacturer#2,2-HIGH,2,MACHINERY,FOB,2,0.04,8,Brand#25,LG BOX,30,49,3,81450.054
F,F,A,COLLECT COD,Manufacturer#3,2-HIGH,2,MACHINERY,FOB,1,0.03,9,Brand#33,LG BAG,4,20,4,19601.96
O,O,N,DELIVER IN PERSON,Manufacturer#2,1-URGENT,0,AUTOMOBILE,REG AIR,1,0.05,21,Brand#25,WRAP CASE,50,22,1,36033.7978
O,O,N,COLLECT COD,Manufacturer#2,1-URGENT,1,BUILDING,FOB,4,0.01,18,Brand#25,SM PACK,28,26,2,36800.478
O,O,N,COLLECT COD,Manufacturer#2,1-URGENT,1,MACHINERY,MAIL,4,0,21,Brand#21,WRAP DRUM,31,33,1,31593.8502
O,O,N,TAKE BACK RETURN,Manufacturer#3,1-URGENT,1,MACHINERY,AIR,3,0.01,8,Brand#35,SM PKG,35,9,3,13770.5112
O,O,N,TAKE BACK RETURN,Manufacturer#4,1-URGENT,1,MACHINERY,FOB,2,0.03,12,Brand#43,LG BAG,26,15,0,21357.609
F,F,R,DELIVER IN PERSON,Manufacturer#3,2-HIGH,4,FURNITURE,SHIP,3,0,9,Brand#34,LG DRUM,22,49,4,66750.201
O,P,N,COLLECT COD,Manufacturer#2,2-HIGH,4,BUILDING,MAIL,4,0.08,9,Brand#23,MED PKG,17,43,4,53123.5158
F,P,R,DELIVER IN PERSON,Manufacturer#4,2-HIGH,4,BUILDING,MAIL,5,0.07,18,Brand#44,WRAP PACK,1,46,2,54661.662
O,O,N,COLLECT COD,Manufacturer#5,5-LOW,1,BUILDING,MAIL,1,0,8,Brand#53,MED PACK,1,23,3,33874.9152
F,F,R,TAKE BACK RETURN,Manufacturer#1,3-MEDIUM,0,FURNITURE,FOB,2,0.02,21,Brand#12,MED CASE,30,50,1,58885.74
O,O,N,NONE,Manufacturer#4,3-MEDIUM,4,FURNITURE,SHIP,1,0,21,Brand#43,MED CASE,1,48,1,71361.3264
F,F,R,COLLECT COD,Manufacturer#3,2-HIGH,0,BUILDING,SHIP,5,0,12,Brand#32,WRAP DRUM,12,29,0,44098.7746
F,F,R,COLLECT COD,Manufacturer#5,2-HIGH,0,BUILDING,RAIL,3,0.02,8,Brand#51,SM PKG,20,9,3,10172.07
F,F,R,COLLECT COD,Manufacturer#4,4-NOT SPECIFIED,1,AUTOMOBILE,REG AIR,3,0.01,18,Brand#43,WRAP CAN,44,19,2,32161.9764
F,F,A,TAKE BACK RETURN,Manufacturer#2,4-NOT SPECIFIED,1,AUTOMOBILE,REG AIR,4,0.05,12,Brand#23,WRAP DRUM,1,34,0,48432.286
F,F,R,TAKE BACK RETURN,Manufacturer#3,3-MEDIUM,0,MACHINERY,RAIL,2,0.04,18,Brand#34,MED JAR,46,23,2,32154.9476
F,F,R,DELIVER IN PERSON,Manufacturer#5,3-MEDIUM,0,MACHINERY,MAIL,4,0.01,12,Brand#53,JUMBO PKG,10,7,0,12145.7112
F,F,A,NONE,Manufacturer#1,4-NOT SPECIFIED,1,MACHINERY,REG AIR,3,0.03,8,Brand#13,MED CASE,27,29,3,38512.377
F,F,R,NONE,Manufacturer#3,4-NOT SPECIFIED,1,MACHINERY,AIR,1,0.03,9,Brand#32,JUMBO CASE,40,38,4,64893.1776
O,O,N,NONE,Manufacturer#4,1-URGENT,1,FURNITURE,RAIL,1,0.01,21,Brand#41,JUMBO CASE,4,42,1,76405.9968
O,O,N,DELIVER IN PERSON,Manufacturer#1,3-MEDIUM,2,BUILDING,AIR,6,0.03,18,Brand#14,JUMBO BAG,10,26,2,41377.2944
O,O,N,TAKE BACK RETURN,Manufacturer#4,3-MEDIUM,2,BUILDING,TRUCK,3,0.08,21,Brand#43,MED JAR,13,32,1,51582.416
F,F,R,DELIVER IN PERSON,Manufacturer#5,5-LOW,0,HOUSEHOLD,FOB,5,0.05,9,Brand#51,LG PKG,47,31,4,57348.14
F,F,R,COLLECT COD,Manufacturer#3,5-LOW,0,HOUSEHOLD,SHIP,2,0.07,9,Brand#35,LG CAN,42,48,4,47575.3824
F,F,A,DELIVER IN PERSON,Manufacturer#3,2-HIGH,4,HOUSEHOLD,MAIL,6,0.07,21,Brand#35,MED CAN,48,30,1,31555.2
F,F,N,NONE,Manufacturer#3,4-NOT SPECIFIED,1,AUTOMOBILE,REG AIR,6,0,9,Brand#34,LG DRUM,33,23,4,40537.3344
F,F,A,DELIVER IN PERSON,Manufacturer#4,4-NOT SPECIFIED,4,AUTOMOBILE,MAIL,4,0.01,18,Brand#45,SM PACK,3,26,2,40658.9768
O,O,N,NONE,Manufacturer#2,5-LOW,2,AUTOMOBILE,REG AIR,2,0.01,9,Brand#24,WRAP CAN,46,21,4,22662.57
O,O,N,NONE,Manufacturer#2,5-LOW,4,HOUSEHOLD,MAIL,3,0.08,18,Brand#23,JUMBO BOX,3,46,2,51920.6324
O,O,N,DELIVER IN PERSON,Manufacturer#5,5-LOW,4,HOUSEHOLD,AIR,4,0.02,12,Brand#51,WRAP BAG,19,19,0,27772.5888
O,O,N,DELIVER IN PERSON,Manufacturer#2,1-URGENT,2,MACHINERY,FOB,1,0.01,12,Brand#25,LG CASE,10,41,0,67904.9544
O,O,N,COLLECT COD,Manufacturer#1,1-URGENT,2,MACHINERY,SHIP,3,0.04,9,Brand#11,MED JAR,33,50,4,58247.55
O,O,N,NONE,Manufacturer#3,4-NOT SPECIFIED,4,HOUSEHOLD,SHIP,3,0.07,9,Brand#35,SM CASE,22,29,4,45540.324
F,F,A,TAKE BACK RETURN,Manufacturer#5,2-HIGH,1,AUTOMOBILE,AIR,5,0.05,9,Brand#52,JUMBO CASE,39,21,4,28005.1128
F,F,R,COLLECT COD,Manufacturer#1,4-NOT SPECIFIED,4,AUTOMOBILE,REG AIR,1,0.06,9,Brand#11,JUMBO BAG,24,42,4,76754.1852
F,F,R,TAKE BACK RETURN,Manufacturer#3,4-NOT SPECIFIED,4,AUTOMOBILE,MAIL,2,0.01,18,Brand#34,JUMBO CASE,19,47,2,84547.83
F,F,R,NONE,Manufacturer#3,4-NOT SPECIFIED,4,AUTOMOBILE,TRUCK,3,0.07,12,Brand#34,LG CASE,16,35,0,45845.856
O,O,N,COLLECT COD,Manufacturer#2,5-LOW,4,FURNITURE,SHIP,1,0.05,18,Brand#21,SM CAN,48,16,2,18889.9984
F,F,A,DELIVER IN PERSON,Manufacturer#5,2-HIGH,1,AUTOMOBILE,MAIL,2,0.06,9,Brand#52,MED CASE,20,17,4,15080.0064
F,F,A,TAKE BACK RETURN,Manufacturer#1,2-HIGH,1,AUTOMOBILE,SHIP,3,0.04,21,Brand#13,SM CASE,49,33,1,34961.0019
F,F,A,NONE,Manufacturer#5,5-LOW,4,BUILDING,TRUCK,3,0.04,8,Brand#55,SM CAN,14,27,3,38345.1705
O,P,N,TAKE BACK RETURN,Manufacturer#3,3-MEDIUM,1,FURNITURE,SHIP,1,0.02,8,Brand#32,LG PKG,43,28,3,30491.6024
O,P,N,DELIVER IN PERSON,Manufacturer#3,3-MEDIUM,1,FURNITURE,RAIL,7,0.05,9,Brand#32,WRAP PACK,24,31,4,43564.7619
O,P,N,DELIVER IN PERSON,Manufacturer#3,3-MEDIUM,1,FURNITURE,TRUCK,2,0.05,18,Brand#32,MED CASE,29,28,2,33265.7864
F,F,A,DELIVER IN PERSON,Manufacturer#1,1-URGENT,0,FURNITURE,FOB,2,0.03,9,Brand#12,LG PACK,45,42,4,42546.8862
F,F,R,NONE,Manufacturer#4,1-URGENT,0,FURNITURE,AIR,1,0.07,12,Brand#41,JUMBO PACK,44,21,0,23411.0016
O,O,N,DELIVER IN PERSON,Manufacturer#5,4-NOT SPECIFIED,0,MACHINERY,SHIP,3,0.05,8,Brand#53,LG DRUM,35,24,3,21929.544
F,F,R,NONE,Manufacturer#3,5-LOW,2,MACHINERY,AIR,4,0.06,12,Brand#32,SM BAG,17,50,0,76941
F,F,R,COLLECT COD,Manufacturer#3,5-LOW,2,MACHINERY,MAIL,2,0.02,18,Brand#34,MED CASE,22,50,2,63670.9
F,F,A,TAKE BACK RETURN,Manufacturer#1,1-URGENT,2,MACHINERY,TRUCK,1,0.01,9,Brand#13,LG DRUM,44,7,4,12764.9963
F,F,R,COLLECT COD,Manufacturer#5,1-URGENT,2,MACHINERY,TRUCK,4,0.02,18,Brand#54,LG CAN,44,6,2,4914.054
O,O,N,NONE,Manufacturer#4,5-LOW,0,MACHINERY,FOB,4,0.04,9,Brand#42,WRAP BOX,11,49,4,84027.3168
O,O,N,TAKE BACK RETURN,Manufacturer#5,4-NOT SPECIFIED,0,BUILDING,MAIL,4,0,12,Brand#52,MED CAN,41,35,0,52324.5275
O,O,N,COLLECT COD,Manufacturer#5,4-NOT SPECIFIED,0,BUILDING,TRUCK,6,0.04,12,Brand#54,LG BAG,10,4,0,5242.7256
O,O,N,COLLECT COD,Manufacturer#5,4-NOT SPECIFIED,0,BUILDING,SHIP,7,0.06,8,Brand#53,LG DRUM,35,29,3,26498.199
O,O,N,NONE,Manufacturer#2,4-NOT SPECIFIED,0,BUILDING,TRUCK,2,0.07,12,Brand#23,MED CAN,31,5,0,7492.667
F,F,A,COLLECT COD,Manufacturer#4,3-MEDIUM,4,AUTOMOBILE,MAIL,2,0.04,18,Brand#45,LG BAG,4,18,2,17361.9504
F,F,R,NONE,Manufacturer#2,4-NOT SPECIFIED,4,HOUSEHOLD,TRUCK,1,0.07,18,Brand#22,MED CASE,42,16,2,16764.4288
F,F,R,DELIVER IN PERSON,Manufacturer#5,4-NOT SPECIFIED,4,HOUSEHOLD,AIR,3,0.01,9,Brand#53,MED JAR,40,22,4,33773.157
F,F,R,COLLECT COD,Manufacturer#1,4-NOT SPECIFIED,4,HOUSEHOLD,SHIP,5,0.08,8,Brand#14,JUMBO BOX,44,37,3,43336.62
O,O,N,TAKE BACK RETURN,Manufacturer#3,1-URGENT,4,BUILDING,AIR,3,0.03,18,Brand#35,SM BAG,30,16,2,17053.6912
O,O,N,DELIVER IN PERSON,Manufacturer#5,1-URGENT,4,BUILDING,TRUCK,5,0,12,Brand#52,LG JAR,14,47,0,45860.908
O,O,N,COLLECT COD,Manufacturer#4,1-URGENT,4,BUILDING,TRUCK,2,0.06,9,Brand#41,MED CAN,15,49,4,43537.9553
O,O,N,TAKE BACK RETURN,Manufacturer#1,3-MEDIUM,1,AUTOMOBILE,SHIP,4,0.08,18,Brand#15,JUMBO CAN,18,49,2,71347.2144
F,F,R,NONE,Manufacturer#5,2-HIGH,1,BUILDING,REG AIR,1,0.07,21,Brand#52,MED JAR,22,43,1,73819.1406
O,O,N,TAKE BACK RETURN,Manufacturer#1,1-URGENT,1,AUTOMOBILE,MAIL,6,0.01,18,Brand#11,MED BOX,18,48,2,58722.9696
O,O,N,TAKE BACK RETURN,Manufacturer#2,1-URGENT,1,AUTOMOBILE,RAIL,1,0.03,8,Brand#23,SM PACK,14,29,3,33812.666
F,F,A,NONE,Manufacturer#2,5-LOW,2,FURNITURE,TRUCK,2,0.04,9,Brand#23,JUMBO PACK,25,12,4,10848.3012
F,F,A,NONE,Manufacturer#3,3-MEDIUM,4,BUILDING,TRUCK,1,0.06,9,Brand#35,WRAP CASE,1,35,4,39855.816
F,F,A,NONE,Manufacturer#4,3-MEDIUM,4,BUILDING,REG AIR,5,0.07,8,Brand#43,MED PACK,47,43,3,70272.4275
F,F,R,TAKE BACK RETURN,Manufacturer#5,5-LOW,4,FURNITURE,REG AIR,2,0.01,21,Brand#52,JUMBO CAN,43,7,1,11172.3052
O,O,N,DELIVER IN PERSON,Manufacturer#2,1-URGENT,2,MACHINERY,AIR,2,0.08,21,Brand#25,WRAP CASE,50,42,1,68791.7958
O,O,N,NONE,Manufacturer#5,2-HIGH,3,AUTOMOBILE,SHIP,5,0.05,12,Brand#54,WRAP BOX,31,5,0,6419.232
O,O,N,COLLECT COD,Manufacturer#1,2-HIGH,3,AUTOMOBILE,MAIL,7,0,18,Brand#15,SM DRUM,22,41,2,38418.066
O,O,N,DELIVER IN PERSON,Manufacturer#2,5-LOW,2,BUILDING,RAIL,5,0,12,Brand#22,LG BOX,22,46,0,48340.94
O,O,N,TAKE BACK RETURN,Manufacturer#2,5-LOW,4,HOUSEHOLD,REG AIR,4,0.02,8,Brand#24,WRAP CAN,46,32,3,31425.4304
O,O,N,COLLECT COD,Manufacturer#3,5-LOW,4,HOUSEHOLD,RAIL,2,0,12,Brand#35,LG BAG,42,23,0,25220.6592
O,O,N,COLLECT COD,Manufacturer#4,4-NOT SPECIFIED,1,HOUSEHOLD,REG AIR,2,0.01,9,Brand#43,MED BAG,4,6,4,9592.8216
O,O,N,TAKE BACK RETURN,Manufacturer#1,4-NOT SPECIFIED,1,HOUSEHOLD,FOB,1,0.01,12,Brand#12,JUMBO BAG,31,10,0,18400.803
O,O,N,NONE,Manufacturer#5,3-MEDIUM,4,FURNITURE,SHIP,2,0.02,21,Brand#53,LG BAG,2,5,1,4363.6775
O,O,N,NONE,Manufacturer#2,3-MEDIUM,4,FURNITURE,FOB,4,0.01,18,Brand#25,WRAP CAN,22,50,2,90479.04
O,O,N,NONE,Manufacturer#3,3-MEDIUM,4,FURNITURE,MAIL,1,0.04,9,Brand#33,SM PACK,41,11,4,17987.2726
F,F,R,DELIVER IN PERSON,Manufacturer#5,3-MEDIUM,2,FURNITURE,RAIL,1,0.02,12,Brand#53,SM PACK,33,8,0,7885.0136
F,F,R,TAKE BACK RETURN,Manufacturer#5,3-MEDIUM,4,BUILDING,REG AIR,1,0,8,Brand#54,MED JAR,46,19,3,30286.8094
O,O,N,DELIVER IN PERSON,Manufacturer#3,3-MEDIUM,1,AUTOMOBILE,REG AIR,3,0.01,21,Brand#32,LG PKG,36,4,1,4644.816
O,O,N,NONE,Manufacturer#5,3-MEDIUM,1,AUTOMOBILE,FOB,5,0.07,12,Brand#51,SM PACK,30,15,0,23409.045
O,O,N,TAKE BACK RETURN,Manufacturer#3,1-URGENT,0,BUILDING,SHIP,3,0.02,9,Brand#35,MED CAN,7,38,4,36081.6384
F,F,R,TAKE BACK RETURN,Manufacturer#5,5-LOW,2,MACHINERY,REG AIR,7,0.06,21,Brand#51,JUMBO PACK,30,48,1,66221.8944
F,F,R,NONE,Manufacturer#5,5-LOW,2,MACHINERY,MAIL,3,0.07,8,Brand#53,JUMBO JAR,28,4,3,4558.2856
F,F,R,TAKE BACK RETURN,Manufacturer#2,3-MEDIUM,0,MACHINERY,FOB,1,0.01,18,Brand#25,SM CASE,27,39,2,34828.482
F,F,A,DELIVER IN PERSON,Manufacturer#1,1-URGENT,2,AUTOMOBILE,RAIL,1,0.01,12,Brand#12,MED CASE,49,10,0,14205.2
O,O,N,TAKE BACK RETURN,Manufacturer#5,1-URGENT,1,BUILDING,MAIL,1,0.06,9,Brand#51,JUMBO BAG,20,26,4,42239.3712
O,O,N,NONE,Manufacturer#3,1-URGENT,1,BUILDING,AIR,3,0.08,18,Brand#33,JUMBO PACK,35,34,2,33585.4992
F,F,A,COLLECT COD,Manufacturer#5,4-NOT SPECIFIED,4,FURNITURE,TRUCK,3,0,9,Brand#55,WRAP CAN,44,3,4,4871.16
F,F,A,DELIVER IN PERSON,Manufacturer#5,4-NOT SPECIFIED,4,FURNITURE,FOB,6,0.01,21,Brand#51,JUMBO PACK,49,11,1,14885.64
F,F,A,DELIVER IN PERSON,Manufacturer#2,4-NOT SPECIFIED,4,FURNITURE,REG AIR,2,0.03,18,Brand#25,LG PKG,19,6,2,8535.3792
F,F,A,COLLECT COD,Manufacturer#1,4-NOT SPECIFIED,4,FURNITURE,MAIL,5,0.05,18,Brand#15,LG CASE,41,30,2,48931.212
F,F,A,NONE,Manufacturer#4,5-LOW,3,AUTOMOBILE,TRUCK,3,0,8,Brand#45,MED JAR,35,2,3,3166.4906
O,O,N,COLLECT COD,Manufacturer#4,3-MEDIUM,3,MACHINERY,FOB,1,0.08,9,Brand#45,SM BOX,39,37,4,43278.1452
F,F,R,COLLECT COD,Manufacturer#5,1-URGENT,2,FURNITURE,SHIP,6,0.08,8,Brand#54,WRAP CAN,12,37,3,31369.932
F,F,R,TAKE BACK RETURN,Manufacturer#4,1-URGENT,0,BUILDING,MAIL,4,0.08,21,Brand#45,LG JAR,47,5,1,5815.52
O,O,N,COLLECT COD,Manufacturer#3,2-HIGH,4,MACHINERY,REG AIR,3,0,18,Brand#35,LG JAR,14,7,2,7320.7176
O,O,N,COLLECT COD,Manufacturer#3,2-HIGH,4,MACHINERY,TRUCK,1,0.04,21,Brand#32,MED PKG,5,20,1,21569.22
F,F,A,TAKE BACK RETURN,Manufacturer#4,2-HIGH,2,HOUSEHOLD,SHIP,4,0.01,18,Brand#45,MED CAN,4,35,2,63824.9815
F,P,R,DELIVER IN PERSON,Manufacturer#1,3-MEDIUM,1,FURNITURE,SHIP,4,0.05,12,Brand#14,LG PACK,44,7,0,10179.5792
O,O,N,DELIVER IN PERSON,Manufacturer#2,2-HIGH,4,MACHINERY,TRUCK,1,0.02,21,Brand#24,SM BAG,6,4,1,6987.36
O,O,N,COLLECT COD,Manufacturer#2,2-HIGH,4,MACHINERY,AIR,3,0,8,Brand#22,JUMBO CAN,47,6,3,7884.8748
O,O,N,NONE,Manufacturer#5,4-NOT SPECIFIED,1,MACHINERY,REG AIR,4,0.08,9,Brand#51,JUMBO DRUM,19,25,4,43404.59
F,F,R,DELIVER IN PERSON,Manufacturer#3,3-MEDIUM,3,BUILDING,REG AIR,2,0.05,9,Brand#33,WRAP CAN,49,48,4,47381.7168
F,F,A,TAKE BACK RETURN,Manufacturer#2,3-MEDIUM,1,BUILDING,FOB,3,0.02,18,Brand#22,SM BAG,11,39,2,46506.096
F,F,A,DELIVER IN PERSON,Manufacturer#1,3-MEDIUM,1,BUILDING,SHIP,1,0.08,21,Brand#13,SM CASE,49,31,1,30810.6799
F,F,R,NONE,Manufacturer#2,3-MEDIUM,1,BUILDING,TRUCK,2,0.03,18,Brand#23,LG JAR,20,26,2,28754.2346
O,O,N,COLLECT COD,Manufacturer#2,4-NOT SPECIFIED,0,AUTOMOBILE,FOB,1,0.06,12,Brand#23,MED DRUM,19,21,0,31498.9206
F,F,A,TAKE BACK RETURN,Manufacturer#2,2-HIGH,4,BUILDING,TRUCK,1,0,21,Brand#22,JUMBO JAR,7,27,1,41215.419
O,O,N,NONE,Manufacturer#4,5-LOW,2,FURNITURE,RAIL,1,0.01,18,Brand#45,MED CAN,4,27,2,46698.4548
F,F,A,TAKE BACK RETURN,Manufacturer#5,4-NOT SPECIFIED,3,BUILDING,AIR,3,0.02,21,Brand#53,LG JAR,22,2,1,2614.0336
F,F,A,DELIVER IN PERSON,Manufacturer#3,4-NOT SPECIFIED,3,BUILDING,SHIP,1,0.02,18,Brand#35,JUMBO DRUM,21,40,2,56292.192
F,F,R,DELIVER IN PERSON,Manufacturer#5,2-HIGH,2,AUTOMOBILE,REG AIR,1,0.03,18,Brand#51,MED JAR,11,2,2,2320.884
F,F,A,TAKE BACK RETURN,Manufacturer#4,2-HIGH,2,AUTOMOBILE,AIR,3,0.05,9,Brand#43,MED DRUM,43,13,4,13196.43
O,O,N,DELIVER IN PERSON,Manufacturer#1,1-URGENT,1,HOUSEHOLD,REG AIR,2,0.04,8,Brand#14,JUMBO BOX,44,2,3,2342.52
O,O,N,DELIVER IN PERSON,Manufacturer#2,1-URGENT,2,FURNITURE,FOB,3,0.05,9,Brand#23,MED DRUM,19,41,4,62152.1255
F,F,A,NONE,Manufacturer#5,1-URGENT,2,AUTOMOBILE,REG AIR,2,0.05,8,Brand#55,SM BAG,17,41,3,66896.379
O,O,N,DELIVER IN PERSON,Manufacturer#1,4-NOT SPECIFIED,2,AUTOMOBILE,REG AIR,1,0.07,18,Brand#13,JUMBO PKG,7,10,2,8829.8
O,O,N,TAKE BACK RETURN,Manufacturer#5,2-HIGH,0,BUILDING,AIR,3,0.04,9,Brand#55,LG BAG,36,22,4,25054.2336
O,O,N,TAKE BACK RETURN,Manufacturer#2,5-LOW,1,HOUSEHOLD,RAIL,5,0,9,Brand#24,JUMBO BOX,38,3,4,5350.5354
O,O,N,TAKE BACK RETURN,Manufacturer#2,5-LOW,1,HOUSEHOLD,SHIP,6,0.08,18,Brand#25,WRAP PKG,4,31,2,51247.3028
O,O,N,NONE,Manufacturer#3,5-LOW,1,HOUSEHOLD,REG AIR,7,0.08,21,Brand#35,SM PKG,23,17,1,17699.38
O,O,N,DELIVER IN PERSON,Manufacturer#4,5-LOW,1,HOUSEHOLD,AIR,1,0.06,9,Brand#45,MED PKG,15,25,4,34315.38
F,F,A,DELIVER IN PERSON,Manufacturer#3,3-MEDIUM,4,AUTOMOBILE,TRUCK,5,0.07,9,Brand#31,JUMBO PKG,1,36,4,42111.486
O,O,N,DELIVER IN PERSON,Manufacturer#5,3-MEDIUM,0,AUTOMOBILE,SHIP,7,0,12,Brand#51,JUMBO BOX,47,41,0,61840.136
O,O,N,DELIVER IN PERSON,Manufacturer#3,2-HIGH,1,HOUSEHOLD,TRUCK,4,0.03,8,Brand#35,LG DRUM,19,40,3,45336.6
O,O,N,TAKE BACK RETURN,Manufacturer#3,2-HIGH,1,HOUSEHOLD,TRUCK,1,0.02,18,Brand#32,SM DRUM,32,16,2,20151.0128
O,O,N,DELIVER IN PERSON,Manufacturer#4,2-HIGH,0,BUILDING,TRUCK,6,0.05,12,Brand#42,WRAP JAR,32,44,0,59986.74
F,F,A,NONE,Manufacturer#2,2-HIGH,2,BUILDING,FOB,6,0.08,9,Brand#25,JUMBO PKG,39,9,4,14264.9496
O,O,N,COLLECT COD,Manufacturer#4,1-URGENT,2,MACHINERY,MAIL,1,0.03,18,Brand#43,WRAP CASE,44,8,2,12027.3912
O,O,N,COLLECT COD,Manufacturer#3,5-LOW,2,MACHINERY,AIR,5,0.01,21,Brand#35,WRAP BAG,3,9,1,14242.248
O,O,N,DELIVER IN PERSON,Manufacturer#3,5-LOW,2,MACHINERY,FOB,4,0.03,12,Brand#35,SM CASE,37,11,0,13975.0842
O,O,N,NONE,Manufacturer#3,5-LOW,2,MACHINERY,TRUCK,3,0.06,21,Brand#34,SM BAG,20,40,1,61762.14
O,O,N,COLLECT COD,Manufacturer#3,5-LOW,2,MACHINERY,REG AIR,1,0.01,12,Brand#31,JUMBO JAR,38,46,0,71172.9296
F,F,R,DELIVER IN PERSON,Manufacturer#3,3-MEDIUM,4,FURNITURE,SHIP,3,0.01,21,Brand#35,SM JAR,7,12,1,13726.4736
F,F,R,DELIVER IN PERSON,Manufacturer#2,1-URGENT,3,AUTOMOBILE,SHIP,2,0.06,8,Brand#21,MED JAR,8,37,3,39481.183
F,F,A,TAKE BACK RETURN,Manufacturer#3,1-URGENT,3,AUTOMOBILE,FOB,1,0.02,18,Brand#32,JUMBO JAR,21,27,2,50064.4881
O,O,N,DELIVER IN PERSON,Manufacturer#4,4-NOT SPECIFIED,3,MACHINERY,AIR,2,0.03,8,Brand#42,SM PKG,35,9,3,9027.9549
O,O,N,TAKE BACK RETURN,Manufacturer#1,4-NOT SPECIFIED,4,MACHINERY,AIR,1,0.07,18,Brand#12,SM PACK,36,33,2,59439.2865
F,F,R,NONE,Manufacturer#2,2-HIGH,0,MACHINERY,FOB,1,0.08,21,Brand#25,MED BAG,45,15,1,15798.645
O,O,N,COLLECT COD,Manufacturer#5,2-HIGH,0,HOUSEHOLD,TRUCK,2,0.06,8,Brand#51,WRAP BOX,25,42,3,62959.1592
F,F,A,DELIVER IN PERSON,Manufacturer#2,1-URGENT,4,AUTOMOBILE,REG AIR,2,0.03,9,Brand#25,WRAP PKG,37,49,4,65842.0448
F,F,R,COLLECT COD,Manufacturer#5,1-URGENT,4,AUTOMOBILE,AIR,1,0.02,21,Brand#55,SM CAN,43,34,1,47480.66
O,O,N,NONE,Manufacturer#5,4-NOT SPECIFIED,4,HOUSEHOLD,FOB,1,0.05,21,Brand#55,MED CAN,18,6,1,10760.8308
F,F,R,TAKE BACK RETURN,Manufacturer#5,5-LOW,1,BUILDING,AIR,3,0.06,21,Brand#53,WRAP DRUM,16,38,1,42656.235
F,F,A,TAKE BACK RETURN,Manufacturer#4,3-MEDIUM,0,AUTOMOBILE,AIR,1,0.08,8,Brand#45,SM CASE,38,30,3,46849.8
F,F,A,COLLECT COD,Manufacturer#4,3-MEDIUM,0,AUTOMOBILE,SHIP,3,0.06,12,Brand#44,JUMBO CAN,3,17,0,19229.8611
F,P,A,COLLECT COD,Manufacturer#1,4-NOT SPECIFIED,0,BUILDING,AIR,5,0,18,Brand#13,LG DRUM,22,2,2,3060.8396
F,P,R,NONE,Manufacturer#3,4-NOT SPECIFIED,0,BUILDING,RAIL,4,0.03,12,Brand#31,MED DRUM,39,40,0,55615.28
O,O,N,DELIVER IN PERSON,Manufacturer#1,2-HIGH,3,BUILDING,MAIL,2,0.06,18,Brand#12,LG JAR,18,23,2,37509.2832
O,O,N,NONE,Manufacturer#3,2-HIGH,3,BUILDING,AIR,3,0.03,8,Brand#32,JUMBO CASE,40,9,3,15369.4368
O,O,N,NONE,Manufacturer#4,3-MEDIUM,0,BUILDING,REG AIR,4,0.07,12,Brand#42,JUMBO JAR,46,5,0,6200.0945
F,F,R,TAKE BACK RETURN,Manufacturer#4,5-LOW,1,BUILDING,FOB,5,0.04,9,Brand#43,SM JAR,11,41,4,35767.0839
O,O,N,TAKE BACK RETURN,Manufacturer#3,2-HIGH,2,BUILDING,TRUCK,4,0.06,21,Brand#35,LG JAR,6,24,1,38722.1472
O,O,N,TAKE BACK RETURN,Manufacturer#4,2-HIGH,2,BUILDING,TRUCK,6,0.05,8,Brand#44,LG JAR,6,33,3,49872.6228
F,F,A,COLLECT COD,Manufacturer#4,5-LOW,4,BUILDING,REG AIR,3,0.06,9,Brand#45,WRAP PKG,15,15,4,14970.7215
O,O,N,NONE,Manufacturer#2,3-MEDIUM,3,MACHINERY,MAIL,1,0.04,12,Brand#22,LG PACK,19,6,0,6736.1112
O,O,N,DELIVER IN PERSON,Manufacturer#2,3-MEDIUM,0,BUILDING,FOB,2,0.03,9,Brand#23,SM PACK,27,26,4,34992.243
O,O,N,COLLECT COD,Manufacturer#1,4-NOT SPECIFIED,3,HOUSEHOLD,MAIL,1,0.04,21,Brand#12,JUMBO PKG,35,29,1,38861.0324
O,O,N,NONE,Manufacturer#5,4-NOT SPECIFIED,3,HOUSEHOLD,REG AIR,3,0.03,9,Brand#52,MED BAG,44,11,4,18224.25
O,O,N,DELIVER IN PERSON,Manufacturer#5,4-NOT SPECIFIED,3,HOUSEHOLD,TRUCK,4,0,18,Brand#55,LG JAR,38,20,2,25802.436
O,O,N,TAKE BACK RETURN,Manufacturer#1,4-NOT SPECIFIED,3,HOUSEHOLD,REG AIR,6,0.08,9,Brand#15,SM JAR,15,42,4,49329.567
O,O,N,COLLECT COD,Manufacturer#3,4-NOT SPECIFIED,3,HOUSEHOLD,REG AIR,5,0.06,21,Brand#35,WRAP BOX,44,41,1,64235.3642
O,O,N,DELIVER IN PERSON,Manufacturer#3,4-NOT SPECIFIED,2,BUILDING,AIR,1,0.04,18,Brand#32,JUMBO JAR,21,29,2,53772.9687
O,O,N,TAKE BACK RETURN,Manufacturer#2,4-NOT SPECIFIED,2,BUILDING,REG AIR,2,0.01,12,Brand#22,LG BOX,9,32,0,46651.6992
F,F,R,NONE,Manufacturer#1,4-NOT SPECIFIED,4,AUTOMOBILE,TRUCK,3,0.04,21,Brand#12,WRAP BAG,17,44,1,42850.016
O,O,N,NONE,Manufacturer#2,2-HIGH,1,MACHINERY,AIR,2,0.02,18,Brand#21,MED PACK,24,37,2,38355.3285
O,O,N,TAKE BACK RETURN,Manufacturer#3,2-HIGH,1,MACHINERY,MAIL,5,0.05,9,Brand#31,JUMBO JAR,38,48,4,80725.44
O,O,N,DELIVER IN PERSON,Manufacturer#5,2-HIGH,1,MACHINERY,SHIP,4,0.06,9,Brand#52,MED BAG,44,34,4,53513.025
O,O,N,NONE,Manufacturer#4,4-NOT SPECIFIED,1,HOUSEHOLD,SHIP,3,0.08,18,Brand#42,LG CAN,26,11,2,11758.9582
O,O,N,TAKE BACK RETURN,Manufacturer#2,4-NOT SPECIFIED,1,HOUSEHOLD,AIR,1,0.07,21,Brand#21,MED PKG,20,21,1,28616.0784
F,F,R,TAKE BACK RETURN,Manufacturer#2,2-HIGH,4,FURNITURE,AIR,3,0.07,18,Brand#21,MED PACK,24,8,2,8642.2248
F,F,A,DELIVER IN PERSON,Manufacturer#4,4-NOT SPECIFIED,4,BUILDING,FOB,3,0.05,21,Brand#41,WRAP BAG,10,49,1,77368.2903
F,F,R,NONE,Manufacturer#5,4-NOT SPECIFIED,4,BUILDING,REG AIR,1,0.06,8,Brand#53,LG CASE,2,27,3,49184.0343
F,F,A,NONE,Manufacturer#4,5-LOW,4,BUILDING,RAIL,2,0,18,Brand#43,MED PACK,37,18,2,29319.4836
F,F,A,COLLECT COD,Manufacturer#4,5-LOW,4,AUTOMOBILE,AIR,3,0.01,8,Brand#45,WRAP PACK,9,25,3,35330.9325
F,F,R,DELIVER IN PERSON,Manufacturer#4,2-HIGH,2,FURNITURE,SHIP,1,0.01,18,Brand#44,LG PACK,21,40,2,42834.36
F,F,A,DELIVER IN PERSON,Manufacturer#4,2-HIGH,2,FURNITURE,AIR,6,0.07,8,Brand#41,LG PKG,12,7,3,10681.0249
F,F,A,DELIVER IN PERSON,Manufacturer#5,2-HIGH,2,FURNITURE,REG AIR,3,0.01,18,Brand#55,SM PACK,36,11,2,16733.9007
F,F,R,NONE,Manufacturer#2,4-NOT SPECIFIED,2,FURNITURE,REG AIR,1,0.05,9,Brand#24,SM CAN,14,30,4,34012.308
O,O,N,DELIVER IN PERSON,Manufacturer#3,1-URGENT,1,HOUSEHOLD,SHIP,2,0.02,18,Brand#31,WRAP BAG,5,21,2,36162.2982
F,F,R,COLLECT COD,Manufacturer#3,5-LOW,0,MACHINERY,FOB,3,0.07,21,Brand#34,SM PKG,32,8,1,14340.0144
O,O,N,NONE,Manufacturer#5,3-MEDIUM,4,MACHINERY,AIR,4,0.05,18,Brand#54,LG DRUM,10,23,2,35332.1216
O,O,N,NONE,Manufacturer#3,5-LOW,2,FURNITURE,TRUCK,1,0.04,12,Brand#33,WRAP CASE,17,11,0,17145.15
O,O,N,NONE,Manufacturer#4,5-LOW,2,FURNITURE,TRUCK,7,0,18,Brand#44,MED PACK,34,8,2,9127.7984
F,F,A,NONE,Manufacturer#5,5-LOW,1,BUILDING,RAIL,1,0.01,9,Brand#51,LG CASE,24,21,4,21789.7953
F,F,A,DELIVER IN PERSON,Manufacturer#5,1-URGENT,2,HOUSEHOLD,REG AIR,5,0.06,8,Brand#54,WRAP CAN,13,7,3,6212.9179
F,F,A,NONE,Manufacturer#3,1-URGENT,2,HOUSEHOLD,REG AIR,4,0.03,12,Brand#35,SM CAN,28,34,0,51030.2124
F,F,A,TAKE BACK RETURN,Manufacturer#4,4-NOT SPECIFIED,2,FURNITURE,TRUCK,1,0.07,21,Brand#41,MED CASE,15,50,1,59331.02
F,F,A,TAKE BACK RETURN,Manufacturer#1,5-LOW,0,BUILDING,REG AIR,2,0.02,9,Brand#12,MED PACK,24,27,4,30921.48
F,F,R,NONE,Manufacturer#1,5-LOW,0,BUILDING,RAIL,1,0.07,18,Brand#13,JUMBO PKG,7,33,2,27354.36
F,F,A,TAKE BACK RETURN,Manufacturer#2,2-HIGH,4,HOUSEHOLD,FOB,2,0.04,9,Brand#23,MED DRUM,19,50,4,75795.275
F,F,R,COLLECT COD,Manufacturer#4,2-HIGH,4,HOUSEHOLD,REG AIR,3,0.06,21,Brand#43,MED JAR,13,38,1,63188.4596
O,O,N,TAKE BACK RETURN,Manufacturer#4,2-HIGH,0,FURNITURE,REG AIR,1,0.08,18,Brand#43,JUMBO DRUM,38,10,2,8472.393
O,O,N,NONE,Manufacturer#4,2-HIGH,0,FURNITURE,REG AIR,3,0,8,Brand#44,WRAP BAG,4,47,3,46413.1486
F,F,A,COLLECT COD,Manufacturer#3,3-MEDIUM,1,MACHINERY,RAIL,2,0.05,21,Brand#33,WRAP PACK,33,47,1,63400.2082
F,F,R,TAKE BACK RETURN,Manufacturer#3,3-MEDIUM,1,MACHINERY,TRUCK,4,0.08,21,Brand#33,SM CASE,5,26,1,32598.3476
O,O,N,NONE,Manufacturer#3,5-LOW,1,FURNITURE,REG AIR,1,0.02,21,Brand#34,SM PACK,48,3,1,3318.0912
O,O,N,COLLECT COD,Manufacturer#3,5-LOW,1,FURNITURE,TRUCK,2,0.02,18,Brand#31,WRAP DRUM,29,23,2,31161.0992
F,F,R,DELIVER IN PERSON,Manufacturer#2,4-NOT SPECIFIED,4,BUILDING,FOB,1,0.02,8,Brand#25,MED JAR,50,6,3,7875.8484
O,O,N,TAKE BACK RETURN,Manufacturer#1,4-NOT SPECIFIED,2,MACHINERY,AIR,6,0.04,12,Brand#12,JUMBO PKG,35,24,0,31497.744
O,O,N,NONE,Manufacturer#3,4-NOT SPECIFIED,2,MACHINERY,SHIP,2,0.03,18,Brand#33,SM PACK,41,37,2,58631.4284
O,O,N,COLLECT COD,Manufacturer#2,4-NOT SPECIFIED,2,FURNITURE,RAIL,4,0.04,12,Brand#23,LG BAG,17,31,0,30863.7736
O,O,N,COLLECT COD,Manufacturer#5,4-NOT SPECIFIED,2,FURNITURE,RAIL,1,0.01,21,Brand#53,LG CASE,27,41,1,52934.157
F,F,N,DELIVER IN PERSON,Manufacturer#3,5-LOW,3,AUTOMOBILE,REG AIR,3,0.08,18,Brand#34,JUMBO CAN,48,20,2,23300.08
O,O,N,NONE,Manufacturer#5,1-URGENT,0,FURNITURE,TRUCK,6,0.02,8,Brand#52,LG CAN,23,7,3,12154.1805
F,F,A,COLLECT COD,Manufacturer#3,4-NOT SPECIFIED,4,FURNITURE,TRUCK,2,0.05,12,Brand#35,SM DRUM,37,43,0,48255.288
F,F,A,COLLECT COD,Manufacturer#2,4-NOT SPECIFIED,4,FURNITURE,MAIL,6,0.08,8,Brand#24,WRAP DRUM,6,27,3,46125.3123
F,F,A,DELIVER IN PERSON,Manufacturer#3,4-NOT SPECIFIED,4,FURNITURE,RAIL,7,0.07,12,Brand#35,SM JAR,3,43,0,61598.403
F,F,R,COLLECT COD,Manufacturer#1,1-URGENT,1,AUTOMOBILE,MAIL,4,0.07,8,Brand#11,SM JAR,35,35,3,54254.256
O,O,N,COLLECT COD,Manufacturer#1,4-NOT SPECIFIED,0,BUILDING,TRUCK,2,0.07,21,Brand#11,LG JAR,30,17,1,24315.44
O,O,N,DELIVER IN PERSON,Manufacturer#2,3-MEDIUM,3,MACHINERY,TRUCK,5,0.03,9,Brand#22,JUMBO JAR,28,3,4,4804.5987
O,O,N,NONE,Manufacturer#5,2-HIGH,4,AUTOMOBILE,FOB,1,0.08,8,Brand#54,LG CAN,44,34,3,30012.1298
O,O,N,COLLECT COD,Manufacturer#4,2-HIGH,4,AUTOMOBILE,AIR,5,0.05,9,Brand#43,JUMBO CASE,44,1,4,1606.272
O,O,N,TAKE BACK RETURN,Manufacturer#5,2-HIGH,0,FURNITURE,MAIL,1,0.02,21,Brand#52,JUMBO BAG,9,14,1,22538.3928
O,O,N,TAKE BACK RETURN,Manufacturer#3,4-NOT SPECIFIED,4,AUTOMOBILE,FOB,1,0.01,21,Brand#32,WRAP BOX,46,8,1,7854.2976
O,O,N,DELIVER IN PERSON,Manufacturer#1,4-NOT SPECIFIED,4,AUTOMOBILE,MAIL,3,0.07,21,Brand#12,SM DRUM,16,9,1,9713.2608
F,F,R,NONE,Manufacturer#2,5-LOW,2,HOUSEHOLD,TRUCK,4,0.08,12,Brand#24,MED PACK,50,38,0,56592.45
O,O,N,TAKE BACK RETURN,Manufacturer#3,3-MEDIUM,1,HOUSEHOLD,SHIP,1,0.06,12,Brand#32,LG BOX,9,6,0,7772.34
O,O,N,COLLECT COD,Manufacturer#1,3-MEDIUM,1,BUILDING,RAIL,5,0.08,9,Brand#12,JUMBO BAG,43,43,4,49356.819
O,O,N,DELIVER IN PERSON,Manufacturer#3,3-MEDIUM,1,BUILDING,MAIL,2,0.06,21,Brand#32,SM JAR,18,10,1,14155.1
O,O,N,TAKE BACK RETURN,Manufacturer#2,3-MEDIUM,1,BUILDING,AIR,3,0.01,9,Brand#21,WRAP BAG,44,4,4,5316.4032
F,F,A,NONE,Manufacturer#4,5-LOW,4,BUILDING,SHIP,1,0.01,8,Brand#44,MED CASE,40,31,3,36532.26
F,F,A,COLLECT COD,Manufacturer#3,5-LOW,4,BUILDING,RAIL,6,0.05,9,Brand#35,SM CAN,39,30,4,33366.3
F,F,A,COLLECT COD,Manufacturer#2,5-LOW,4,BUILDING,MAIL,2,0.06,21,Brand#23,SM PACK,36,24,1,32204.6088
O,O,N,COLLECT COD,Manufacturer#3,3-MEDIUM,3,AUTOMOBILE,FOB,1,0.06,18,Brand#32,WRAP CAN,9,17,2,25813.0176
F,F,A,NONE,Manufacturer#3,2-HIGH,0,MACHINERY,RAIL,1,0,18,Brand#31,WRAP BAG,5,31,2,52246.6436
F,F,A,NONE,Manufacturer#4,4-NOT SPECIFIED,3,MACHINERY,REG AIR,1,0.08,8,Brand#45,MED JAR,35,38,3,65452.4046
F,F,A,TAKE BACK RETURN,Manufacturer#4,2-HIGH,4,AUTOMOBILE,MAIL,2,0.07,8,Brand#43,SM PACK,4,45,3,62112.015
O,O,N,DELIVER IN PERSON,Manufacturer#3,4-NOT SPECIFIED,4,FURNITURE,RAIL,1,0.08,18,Brand#31,SM BOX,20,38,2,37837.854
O,O,N,TAKE BACK RETURN,Manufacturer#3,4-NOT SPECIFIED,4,FURNITURE,RAIL,6,0.08,12,Brand#32,WRAP BOX,20,15,0,23167.026
F,F,R,NONE,Manufacturer#2,5-LOW,2,HOUSEHOLD,MAIL,1,0.07,9,Brand#23,MED DRUM,19,13,4,19499.3318
F,F,A,DELIVER IN PERSON,Manufacturer#4,5-LOW,2,HOUSEHOLD,SHIP,4,0.01,18,Brand#41,MED DRUM,17,35,2,62996.15
O,O,N,DELIVER IN PERSON,Manufacturer#5,1-URGENT,0,HOUSEHOLD,TRUCK,2,0,8,Brand#53,MED JAR,7,10,3,9594.076
O,O,N,TAKE BACK RETURN,Manufacturer#5,2-HIGH,0,HOUSEHOLD,FOB,1,0.07,12,Brand#54,WRAP BOX,31,30,0,41414.4
O,O,N,COLLECT COD,Manufacturer#4,1-URGENT,3,BUILDING,MAIL,5,0.03,8,Brand#43,MED DRUM,43,35,3,31975.965
F,F,R,TAKE BACK RETURN,Manufacturer#2,1-URGENT,0,BUILDING,MAIL,1,0,21,Brand#25,SM PKG,35,29,1,54026.1358
F,F,A,TAKE BACK RETURN,Manufacturer#5,1-URGENT,0,BUILDING,AIR,6,0.08,8,Brand#52,MED BOX,22,32,3,44766.128
O,O,N,TAKE BACK RETURN,Manufacturer#2,2-HIGH,4,BUILDING,TRUCK,1,0.02,18,Brand#22,MED JAR,19,47,2,52565.5144
O,O,N,TAKE BACK RETURN,Manufacturer#3,5-LOW,3,BUILDING,SHIP,1,0.08,21,Brand#34,SM DRUM,4,21,1,27207.117
O,O,N,TAKE BACK RETURN,Manufacturer#3,4-NOT SPECIFIED,2,MACHINERY,AIR,1,0.08,9,Brand#32,MED PACK,16,24,4,31591.296
F,F,A,NONE,Manufacturer#5,2-HIGH,2,HOUSEHOLD,AIR,7,0.07,12,Brand#52,SM PKG,2,29,0,39714.427
F,F,R,NONE,Manufacturer#5,4-NOT SPECIFIED,1,HOUSEHOLD,MAIL,2,0.07,8,Brand#51,WRAP BOX,25,2,3,3059.24
O,O,N,TAKE BACK RETURN,Manufacturer#4,3-MEDIUM,1,AUTOMOBILE,AIR,3,0.04,12,Brand#45,MED PKG,8,1,0,1295.9457
F,F,R,DELIVER IN PERSON,Manufacturer#2,2-HIGH,1,FURNITURE,MAIL,3,0.08,9,Brand#24,LG PKG,42,28,4,39424.098
O,O,N,NONE,Manufacturer#2,2-HIGH,4,HOUSEHOLD,AIR,4,0.08,18,Brand#23,SM PACK,36,22,2,30169.7022
O,P,N,TAKE BACK RETURN,Manufacturer#3,5-LOW,3,BUILDING,FOB,2,0,9,Brand#31,SM PKG,27,29,4,38094.255
O,O,N,NONE,Manufacturer#4,1-URGENT,3,BUILDING,REG AIR,4,0.07,12,Brand#45,SM CASE,38,30,0,43101.816
F,F,A,TAKE BACK RETURN,Manufacturer#4,1-URGENT,1,FURNITURE,RAIL,2,0.01,12,Brand#44,MED CASE,28,26,0,36623.2698
F,F,R,NONE,Manufacturer#1,4-NOT SPECIFIED,4,BUILDING,FOB,4,0.07,12,Brand#14,SM PACK,10,23,0,23093.7503
F,F,A,TAKE BACK RETURN,Manufacturer#3,4-NOT SPECIFIED,4,BUILDING,MAIL,1,0.05,18,Brand#35,MED PACK,26,27,2,45256.4658
O,O,N,TAKE BACK RETURN,Manufacturer#4,2-HIGH,0,BUILDING,REG AIR,1,0.07,21,Brand#42,SM PACK,30,36,1,56708.0892
O,O,N,DELIVER IN PERSON,Manufacturer#3,2-HIGH,0,BUILDING,MAIL,4,0.02,12,Brand#33,LG PKG,12,23,0,30485.7226
O,O,N,NONE,Manufacturer#4,2-HIGH,0,BUILDING,SHIP,3,0.04,8,Brand#45,SM CAN,21,25,3,22820.525
O,O,N,NONE,Manufacturer#4,1-URGENT,4,AUTOMOBILE,RAIL,1,0.05,8,Brand#44,LG CAN,36,6,3,5758.1328
O,O,N,TAKE BACK RETURN,Manufacturer#4,1-URGENT,4,AUTOMOBILE,SHIP,7,0.04,9,Brand#43,LG CASE,13,45,4,44520.021
O,O,N,TAKE BACK RETURN,Manufacturer#4,1-URGENT,4,AUTOMOBILE,REG AIR,5,0.08,8,Brand#45,MED BOX,34,15,3,17400.393
F,F,R,TAKE BACK RETURN,Manufacturer#4,5-LOW,0,MACHINERY,AIR,1,0.03,12,Brand#42,JUMBO CAN,44,46,0,57032.019
O,O,N,COLLECT COD,Manufacturer#1,4-NOT SPECIFIED,3,MACHINERY,AIR,1,0.08,21,Brand#13,MED BAG,38,17,1,26518.5261
O,O,N,NONE,Manufacturer#2,4-NOT SPECIFIED,3,MACHINERY,FOB,3,0.03,18,Brand#21,JUMBO DRUM,49,10,2,14643.12
F,F,R,NONE,Manufacturer#3,3-MEDIUM,4,BUILDING,FOB,2,0.04,9,Brand#35,SM JAR,3,44,4,70034.36
F,F,R,TAKE BACK RETURN,Manufacturer#3,3-MEDIUM,4,BUILDING,RAIL,1,0.06,9,Brand#35,SM DRUM,21,3,4,3302.964
O,O,N,TAKE BACK RETURN,Manufacturer#2,2-HIGH,2,AUTOMOBILE,RAIL,2,0.02,18,Brand#22,JUMBO CAN,42,42,2,68341.119
O,O,N,DELIVER IN PERSON,Manufacturer#1,2-HIGH,2,AUTOMOBILE,MAIL,4,0.04,21,Brand#11,LG JAR,30,4,1,5721.28
O,O,N,COLLECT COD,Manufacturer#2,2-HIGH,2,AUTOMOBILE,SHIP,1,0.08,9,Brand#21,WRAP CAN,20,6,4,6117.693
O,O,N,COLLECT COD,Manufacturer#3,2-HIGH,2,AUTOMOBILE,AIR,3,0.04,8,Brand#35,LG BOX,13,23,3,41900.733
F,F,A,NONE,Manufacturer#2,1-URGENT,3,AUTOMOBILE,TRUCK,1,0.07,8,Brand#23,WRAP BAG,35,1,3,1175.4072
F,F,R,COLLECT COD,Manufacturer#3,4-NOT SPECIFIED,4,BUILDING,MAIL,2,0.04,9,Brand#34,JUMBO CASE,49,50,4,47804.17
O,O,N,NONE,Manufacturer#5,1-URGENT,2,HOUSEHOLD,MAIL,2,0.02,8,Brand#53,JUMBO JAR,28,12,3,13674.8568
O,O,N,TAKE BACK RETURN,Manufacturer#2,1-URGENT,2,MACHINERY,AIR,3,0.05,21,Brand#24,MED PKG,48,34,1,46855.6992
O,O,N,TAKE BACK RETURN,Manufacturer#2,3-MEDIUM,3,MACHINERY,REG AIR,2,0.08,18,Brand#23,SM DRUM,49,49,2,87992.7741
O,O,N,NONE,Manufacturer#4,3-MEDIUM,3,MACHINERY,REG AIR,4,0.06,21,Brand#45,MED CAN,24,22,1,21215.799
O,O,N,DELIVER IN PERSON,Manufacturer#1,3-MEDIUM,3,MACHINERY,SHIP,1,0.03,18,Brand#14,WRAP JAR,45,37,2,34347.4404
O,O,N,NONE,Manufacturer#1,5-LOW,1,HOUSEHOLD,TRUCK,3,0.03,18,Brand#14,LG PKG,30,22,2,21946.4256
F,F,R,NONE,Manufacturer#3,2-HIGH,3,AUTOMOBILE,SHIP,4,0.04,9,Brand#33,JUMBO DRUM,50,35,4,59439.87
F,F,R,NONE,Manufacturer#1,5-LOW,1,AUTOMOBILE,AIR,1,0.01,21,Brand#15,MED BAG,30,31,1,39028.4792
O,O,N,COLLECT COD,Manufacturer#4,4-NOT SPECIFIED,0,MACHINERY,MAIL,3,0.06,18,Brand#44,MED DRUM,45,10,2,16442.79
F,F,R,DELIVER IN PERSON,Manufacturer#4,2-HIGH,1,HOUSEHOLD,TRUCK,2,0.03,21,Brand#43,LG DRUM,19,30,1,29164.59
F,F,A,COLLECT COD,Manufacturer#4,1-URGENT,2,MACHINERY,RAIL,7,0.07,8,Brand#41,LG CASE,45,25,3,47024.5
F,F,R,NONE,Manufacturer#1,1-URGENT,2,MACHINERY,MAIL,6,0.01,8,Brand#11,LG DRUM,24,49,3,75814.8384
F,F,R,NONE,Manufacturer#2,5-LOW,0,BUILDING,SHIP,3,0.03,18,Brand#22,WRAP CAN,1,49,2,69222.6528
F,F,R,DELIVER IN PERSON,Manufacturer#4,5-LOW,0,BUILDING,FOB,6,0.06,18,Brand#42,MED PKG,40,14,2,18156.2598
O,O,N,NONE,Manufacturer#4,2-HIGH,2,MACHINERY,FOB,1,0,21,Brand#42,WRAP BOX,1,16,1,26700.16
O,O,N,COLLECT COD,Manufacturer#3,2-HIGH,2,MACHINERY,RAIL,2,0.06,21,Brand#35,MED CASE,27,40,1,43868.844
O,O,N,COLLECT COD,Manufacturer#4,4-NOT SPECIFIED,3,AUTOMOBILE,REG AIR,4,0.05,18,Brand#45,WRAP DRUM,31,11,2,10361.3169
O,O,N,COLLECT COD,Manufacturer#4,1-URGENT,2,AUTOMOBILE,AIR,4,0.02,9,Brand#43,LG PACK,44,9,4,11566.6362
F,F,A,COLLECT COD,Manufacturer#3,3-MEDIUM,4,FURNITURE,SHIP,2,0.08,21,Brand#31,JUMBO DRUM,23,42,1,42011.0418
F,F,A,TAKE BACK RETURN,Manufacturer#3,3-MEDIUM,4,FURNITURE,TRUCK,5,0.04,12,Brand#33,SM CASE,46,42,0,38749.9392
O,O,N,DELIVER IN PERSON,Manufacturer#3,4-NOT SPECIFIED,2,BUILDING,MAIL,2,0.05,21,Brand#31,WRAP JAR,8,50,1,71759.145
O,O,N,NONE,Manufacturer#4,2-HIGH,2,MACHINERY,REG AIR,1,0.04,21,Brand#43,MED CAN,43,50,1,63307.89
F,F,A,NONE,Manufacturer#3,3-MEDIUM,4,FURNITURE,MAIL,4,0.01,21,Brand#33,SM CAN,23,25,1,44590.8
F,F,R,TAKE BACK RETURN,Manufacturer#4,3-MEDIUM,4,FURNITURE,TRUCK,3,0.05,21,Brand#43,MED JAR,13,4,1,6447.802
F,F,A,DELIVER IN PERSON,Manufacturer#1,3-MEDIUM,4,FURNITURE,MAIL,5,0.05,21,Brand#11,WRAP JAR,24,19,1,34901.67
O,O,N,NONE,Manufacturer#3,4-NOT SPECIFIED,0,MACHINERY,SHIP,4,0.03,21,Brand#34,SM PKG,32,47,1,80773.4574
O,O,N,COLLECT COD,Manufacturer#3,4-NOT SPECIFIED,0,MACHINERY,TRUCK,7,0.04,12,Brand#32,LG PKG,21,17,0,22463.9904
F,F,R,NONE,Manufacturer#1,4-NOT SPECIFIED,4,BUILDING,RAIL,2,0.04,21,Brand#13,JUMBO CASE,19,37,1,54294.096
F,F,A,NONE,Manufacturer#2,1-URGENT,0,MACHINERY,MAIL,1,0.03,12,Brand#25,LG DRUM,13,45,0,68465.25
F,F,A,TAKE BACK RETURN,Manufacturer#3,1-URGENT,0,MACHINERY,MAIL,6,0.02,8,Brand#35,MED BAG,43,41,3,72118.6802
F,P,A,NONE,Manufacturer#1,5-LOW,2,AUTOMOBILE,TRUCK,3,0.02,12,Brand#14,WRAP BAG,25,39,0,38884.131
O,O,N,DELIVER IN PERSON,Manufacturer#1,1-URGENT,3,BUILDING,REG AIR,3,0.05,12,Brand#12,MED BAG,48,43,0,37582.817
O,O,N,DELIVER IN PERSON,Manufacturer#3,2-HIGH,1,HOUSEHOLD,AIR,1,0.05,18,Brand#33,SM PACK,41,3,2,4652.7528
F,F,A,COLLECT COD,Manufacturer#3,5-LOW,0,BUILDING,MAIL,5,0.02,18,Brand#32,JUMBO JAR,21,44,2,82410.68
F,F,A,DELIVER IN PERSON,Manufacturer#1,5-LOW,0,BUILDING,SHIP,4,0.01,9,Brand#12,JUMBO DRUM,33,22,4,31705.6344
F,F,A,TAKE BACK RETURN,Manufacturer#4,3-MEDIUM,4,FURNITURE,REG AIR,1,0.07,18,Brand#45,SM PACK,3,28,2,44738.4728
F,F,R,DELIVER IN PERSON,Manufacturer#3,3-MEDIUM,4,FURNITURE,RAIL,4,0.01,18,Brand#31,SM BOX,20,49,2,47250.1512
F,F,A,NONE,Manufacturer#5,3-MEDIUM,4,FURNITURE,FOB,3,0.01,12,Brand#53,JUMBO BAG,21,17,0,22501.8885
F,F,A,COLLECT COD,Manufacturer#5,2-HIGH,4,MACHINERY,REG AIR,2,0.02,12,Brand#54,MED CASE,3,40,0,57371.552
F,F,A,DELIVER IN PERSON,Manufacturer#5,1-URGENT,0,BUILDING,RAIL,2,0.05,18,Brand#54,SM BAG,1,39,2,63268.5612
F,F,R,COLLECT COD,Manufacturer#3,1-URGENT,0,BUILDING,RAIL,1,0.05,8,Brand#32,LG PKG,36,41,3,48110.5152
F,F,R,DELIVER IN PERSON,Manufacturer#3,5-LOW,4,AUTOMOBILE,RAIL,3,0.05,18,Brand#34,SM BAG,20,29,2,41159.1635
F,F,R,NONE,Manufacturer#3,5-LOW,4,AUTOMOBILE,REG AIR,7,0.03,18,Brand#35,WRAP BOX,33,3,2,4511.8122
O,O,N,NONE,Manufacturer#2,5-LOW,4,BUILDING,MAIL,1,0.02,12,Brand#25,LG DRUM,13,2,0,3009.825
F,F,R,DELIVER IN PERSON,Manufacturer#5,3-MEDIUM,0,AUTOMOBILE,REG AIR,2,0.05,8,Brand#51,WRAP JAR,35,1,3,1015.864
O,O,N,TAKE BACK RETURN,Manufacturer#3,5-LOW,1,BUILDING,TRUCK,5,0.04,9,Brand#32,JUMBO CAN,10,35,4,30673.461
O,O,N,DELIVER IN PERSON,Manufacturer#5,2-HIGH,3,AUTOMOBILE,MAIL,4,0.03,21,Brand#52,JUMBO BAG,9,19,1,29963.5776
O,O,N,COLLECT COD,Manufacturer#1,5-LOW,4,HOUSEHOLD,FOB,5,0.04,12,Brand#14,LG PACK,44,40,0,60698.112
O,O,N,COLLECT COD,Manufacturer#5,5-LOW,4,HOUSEHOLD,TRUCK,4,0.04,21,Brand#52,LG BAG,41,44,1,70602.048
O,O,N,COLLECT COD,Manufacturer#4,5-LOW,4,HOUSEHOLD,REG AIR,1,0,12,Brand#42,SM DRUM,45,3,0,4172.0436
O,O,N,TAKE BACK RETURN,Manufacturer#2,2-HIGH,4,MACHINERY,TRUCK,2,0.01,12,Brand#22,MED JAR,18,25,0,31514.2125
O,O,N,DELIVER IN PERSON,Manufacturer#2,2-HIGH,4,MACHINERY,MAIL,4,0.01,18,Brand#23,MED PKG,34,42,2,63722.484
O,O,N,COLLECT COD,Manufacturer#4,2-HIGH,4,MACHINERY,AIR,5,0,8,Brand#43,SM BAG,46,22,3,21670.209
F,F,R,TAKE BACK RETURN,Manufacturer#3,4-NOT SPECIFIED,4,HOUSEHOLD,TRUCK,5,0.08,9,Brand#35,MED CAN,48,50,4,52038.4
O,O,N,TAKE BACK RETURN,Manufacturer#5,2-HIGH,1,BUILDING,RAIL,3,0.08,8,Brand#51,LG PACK,42,23,3,40406.9152
F,F,R,NONE,Manufacturer#2,4-NOT SPECIFIED,3,FURNITURE,AIR,3,0.03,12,Brand#21,SM BOX,26,4,0,7131.5244
O,O,N,NONE,Manufacturer#4,1-URGENT,4,HOUSEHOLD,MAIL,4,0.03,18,Brand#43,MED JAR,42,34,2,50102.4136
O,O,N,NONE,Manufacturer#3,1-URGENT,4,HOUSEHOLD,FOB,2,0.01,18,Brand#35,LG PKG,5,19,2,26926.857
F,F,R,TAKE BACK RETURN,Manufacturer#1,2-HIGH,4,BUILDING,RAIL,4,0.08,18,Brand#15,JUMBO PACK,27,35,2,50737.365
F,F,A,DELIVER IN PERSON,Manufacturer#3,2-HIGH,4,BUILDING,SHIP,1,0.03,8,Brand#35,JUMBO DRUM,21,33,3,44095.5504
F,F,R,NONE,Manufacturer#3,2-HIGH,4,BUILDING,MAIL,3,0.07,8,Brand#31,LG JAR,44,22,3,29870.9488
O,O,N,DELIVER IN PERSON,Manufacturer#1,2-HIGH,1,BUILDING,SHIP,2,0.06,8,Brand#11,WRAP CASE,26,21,3,36102.8808
O,O,N,DELIVER IN PERSON,Manufacturer#2,4-NOT SPECIFIED,4,BUILDING,AIR,1,0.04,9,Brand#22,MED JAR,8,22,4,23131.548
F,F,A,NONE,Manufacturer#1,3-MEDIUM,0,FURNITURE,MAIL,4,0.01,18,Brand#14,WRAP CASE,16,2,2,2495.0784
F,F,A,DELIVER IN PERSON,Manufacturer#5,1-URGENT,3,MACHINERY,AIR,2,0.07,21,Brand#51,JUMBO JAR,23,14,1,19681.9644
F,F,R,NONE,Manufacturer#1,3-MEDIUM,0,MACHINERY,RAIL,3,0.04,18,Brand#12,JUMBO DRUM,17,20,2,23867.662
F,F,A,TAKE BACK RETURN,Manufacturer#2,3-MEDIUM,0,MACHINERY,FOB,1,0.04,8,Brand#21,LG BOX,19,17,3,28557.8767
O,O,N,TAKE BACK RETURN,Manufacturer#1,2-HIGH,1,FURNITURE,SHIP,1,0.02,12,Brand#15,JUMBO DRUM,28,35,0,50027.53
O,O,N,TAKE BACK RETURN,Manufacturer#4,2-HIGH,1,FURNITURE,REG AIR,2,0,21,Brand#45,MED JAR,40,33,1,57525.0555
O,O,N,NONE,Manufacturer#4,1-URGENT,2,FURNITURE,RAIL,1,0.03,21,Brand#45,MED BAG,27,13,1,15701.4195
O,O,N,NONE,Manufacturer#4,5-LOW,4,BUILDING,MAIL,2,0.03,18,Brand#43,JUMBO CAN,37,5,2,5590.53
F,F,A,TAKE BACK RETURN,Manufacturer#1,1-URGENT,0,FURNITURE,RAIL,2,0.04,18,Brand#13,WRAP JAR,27,48,2,45258.1584
F,F,A,DELIVER IN PERSON,Manufacturer#4,1-URGENT,0,FURNITURE,SHIP,3,0.06,12,Brand#44,MED CAN,28,17,0,16328.1328
O,O,N,COLLECT COD,Manufacturer#4,3-MEDIUM,0,HOUSEHOLD,REG AIR,1,0.07,21,Brand#43,WRAP CASE,44,44,1,63477.898
O,O,N,COLLECT COD,Manufacturer#5,3-MEDIUM,0,HOUSEHOLD,FOB,4,0.03,8,Brand#51,JUMBO PACK,30,7,3,10497.13
O,O,N,NONE,Manufacturer#1,3-MEDIUM,0,HOUSEHOLD,TRUCK,3,0.02,21,Brand#15,LG DRUM,17,5,1,8191.673
F,F,A,NONE,Manufacturer#5,2-HIGH,0,FURNITURE,MAIL,4,0.04,12,Brand#55,SM CAN,43,44,0,61445.56
F,F,R,COLLECT COD,Manufacturer#5,2-HIGH,0,FURNITURE,MAIL,7,0,18,Brand#53,JUMBO PACK,4,18,2,20650.32
O,O,N,DELIVER IN PERSON,Manufacturer#1,1-URGENT,1,BUILDING,AIR,4,0.05,18,Brand#12,JUMBO PACK,30,13,2,19055.0646
O,O,N,COLLECT COD,Manufacturer#2,1-URGENT,1,BUILDING,SHIP,6,0.07,8,Brand#23,WRAP PKG,6,21,3,30534.5376
O,O,N,DELIVER IN PERSON,Manufacturer#2,1-URGENT,3,AUTOMOBILE,FOB,2,0.06,21,Brand#23,JUMBO BAG,44,16,1,25370.88
O,O,N,DELIVER IN PERSON,Manufacturer#5,1-URGENT,3,AUTOMOBILE,TRUCK,6,0.07,8,Brand#55,LG BAG,10,31,3,33090.6152
O,O,N,TAKE BACK RETURN,Manufacturer#1,1-URGENT,3,AUTOMOBILE,REG AIR,5,0.08,9,Brand#14,WRAP BAG,45,23,4,30312.3348
O,O,N,COLLECT COD,Manufacturer#2,5-LOW,4,BUILDING,TRUCK,7,0.05,8,Brand#25,MED DRUM,10,40,3,41886.864
O,O,N,NONE,Manufacturer#5,5-LOW,4,BUILDING,REG AIR,4,0.03,12,Brand#51,JUMBO CASE,42,44,0,77169.4
O,O,N,NONE,Manufacturer#4,5-LOW,4,BUILDING,AIR,2,0.05,21,Brand#44,JUMBO PKG,46,30,1,27621.594
O,O,N,NONE,Manufacturer#4,5-LOW,4,BUILDING,TRUCK,6,0.06,9,Brand#42,MED BOX,35,30,4,31189.158
F,F,R,DELIVER IN PERSON,Manufacturer#1,4-NOT SPECIFIED,3,BUILDING,FOB,2,0.06,18,Brand#15,SM JAR,20,44,2,41205.9648
F,F,R,TAKE BACK RETURN,Manufacturer#5,3-MEDIUM,1,BUILDING,RAIL,1,0.06,9,Brand#52,SM BOX,2,11,4,9593.694
F,F,A,NONE,Manufacturer#2,3-MEDIUM,4,AUTOMOBILE,SHIP,4,0.05,8,Brand#24,JUMBO BAG,25,21,3,30159.2109
F,F,A,COLLECT COD,Manufacturer#4,3-MEDIUM,4,AUTOMOBILE,AIR,1,0,18,Brand#43,WRAP CASE,24,14,2,25723.467
F,F,A,NONE,Manufacturer#1,3-MEDIUM,4,AUTOMOBILE,REG AIR,6,0.07,9,Brand#15,JUMBO PKG,26,13,4,17000.6382
O,O,N,COLLECT COD,Manufacturer#3,3-MEDIUM,3,HOUSEHOLD,AIR,4,0.05,8,Brand#32,SM CASE,9,40,3,71895.62
O,O,N,DELIVER IN PERSON,Manufacturer#5,3-MEDIUM,3,HOUSEHOLD,TRUCK,2,0.08,21,Brand#52,LG JAR,14,22,1,21918.7408
O,O,N,DELIVER IN PERSON,Manufacturer#3,5-LOW,4,FURNITURE,AIR,4,0.07,9,Brand#34,JUMBO CASE,49,3,4,2746.197
O,O,N,NONE,Manufacturer#5,5-LOW,4,FURNITURE,RAIL,5,0.03,18,Brand#51,WRAP BAG,2,41,2,62575.1676
O,O,N,DELIVER IN PERSON,Manufacturer#2,5-LOW,4,FURNITURE,RAIL,3,0.02,8,Brand#22,LG BOX,3,39,3,64160.5536
F,F,A,TAKE BACK RETURN,Manufacturer#1,3-MEDIUM,3,MACHINERY,AIR,4,0.01,9,Brand#15,SM JAR,25,27,4,37079.0784
O,O,N,NONE,Manufacturer#5,2-HIGH,3,FURNITURE,RAIL,2,0.08,9,Brand#53,WRAP DRUM,46,7,4,8421.294
F,F,A,COLLECT COD,Manufacturer#5,2-HIGH,0,BUILDING,REG AIR,3,0.07,12,Brand#51,WRAP CAN,28,26,0,28601.1544
F,F,R,TAKE BACK RETURN,Manufacturer#1,2-HIGH,0,AUTOMOBILE,REG AIR,1,0.06,12,Brand#15,JUMBO PACK,27,45,0,65233.755
O,O,N,DELIVER IN PERSON,Manufacturer#3,2-HIGH,3,BUILDING,RAIL,1,0.01,18,Brand#32,LG CAN,1,9,2,9851.6736
F,F,A,TAKE BACK RETURN,Manufacturer#4,5-LOW,4,HOUSEHOLD,FOB,2,0,12,Brand#44,SM PKG,50,30,0,46918.032
F,F,R,TAKE BACK RETURN,Manufacturer#1,5-LOW,4,HOUSEHOLD,AIR,3,0.04,12,Brand#11,MED PACK,4,6,0,10352.4696
F,F,R,DELIVER IN PERSON,Manufacturer#3,5-LOW,2,AUTOMOBILE,TRUCK,1,0.06,21,Brand#35,SM JAR,39,22,1,20593.4784
F,F,A,COLLECT COD,Manufacturer#4,5-LOW,2,AUTOMOBILE,SHIP,2,0.07,18,Brand#44,SM BAG,15,33,2,47407.4601
F,F,R,TAKE BACK RETURN,Manufacturer#1,3-MEDIUM,1,HOUSEHOLD,REG AIR,4,0.08,8,Brand#14,WRAP PKG,40,22,3,28508.04
O,O,N,COLLECT COD,Manufacturer#5,1-URGENT,2,AUTOMOBILE,MAIL,2,0.07,12,Brand#55,MED JAR,36,6,0,5690.0844
O,O,N,COLLECT COD,Manufacturer#1,1-URGENT,2,AUTOMOBILE,MAIL,3,0.06,21,Brand#14,SM PKG,13,44,1,44479.9872
O,O,N,TAKE BACK RETURN,Manufacturer#4,2-HIGH,1,MACHINERY,MAIL,6,0.07,18,Brand#45,WRAP CAN,11,34,2,52637.3584
O,O,N,COLLECT COD,Manufacturer#1,2-HIGH,1,MACHINERY,REG AIR,2,0.08,8,Brand#14,LG PACK,44,18,3,26176.0608
F,F,A,NONE,Manufacturer#3,2-HIGH,2,AUTOMOBILE,SHIP,3,0.04,18,Brand#33,MED PKG,49,10,2,12740.077
F,F,A,TAKE BACK RETURN,Manufacturer#4,2-HIGH,2,AUTOMOBILE,AIR,4,0.06,21,Brand#41,SM PACK,24,44,1,60212.24
F,F,R,NONE,Manufacturer#2,5-LOW,4,AUTOMOBILE,REG AIR,2,0.05,21,Brand#22,LG PACK,10,19,1,29208.4492
F,F,R,TAKE BACK RETURN,Manufacturer#5,5-LOW,4,AUTOMOBILE,SHIP,5,0.01,18,Brand#52,MED DRUM,44,14,2,14702.4836
F,F,R,TAKE BACK RETURN,Manufacturer#5,4-NOT SPECIFIED,4,AUTOMOBILE,TRUCK,2,0.03,9,Brand#51,WRAP CASE,3,40,4,41541.136
O,O,N,TAKE BACK RETURN,Manufacturer#5,4-NOT SPECIFIED,4,FURNITURE,REG AIR,4,0.03,18,Brand#55,SM CASE,38,43,2,70581.447
O,O,N,DELIVER IN PERSON,Manufacturer#3,4-NOT SPECIFIED,4,FURNITURE,SHIP,3,0.08,8,Brand#32,LG PKG,36,7,3,11709.719
O,O,N,NONE,Manufacturer#5,1-URGENT,2,BUILDING,FOB,2,0.06,9,Brand#52,SM BOX,2,34,4,29982.7164
O,O,N,NONE,Manufacturer#1,1-URGENT,2,BUILDING,SHIP,1,0.08,18,Brand#12,JUMBO PACK,30,33,2,45439.0002
F,F,R,NONE,Manufacturer#3,1-URGENT,3,BUILDING,TRUCK,2,0.08,21,Brand#34,LG DRUM,47,39,1,35384.31
O,O,N,TAKE BACK RETURN,Manufacturer#2,2-HIGH,2,MACHINERY,TRUCK,2,0.03,18,Brand#22,MED CASE,42,2,2,2138.32
O,O,N,COLLECT COD,Manufacturer#5,1-URGENT,4,FURNITURE,TRUCK,4,0,12,Brand#51,JUMBO BOX,47,7,0,10891.4848
F,F,R,DELIVER IN PERSON,Manufacturer#1,2-HIGH,3,FURNITURE,MAIL,4,0.02,8,Brand#14,WRAP CASE,49,47,3,66481.641
F,F,R,COLLECT COD,Manufacturer#3,3-MEDIUM,0,FURNITURE,FOB,3,0.06,12,Brand#34,JUMBO CAN,28,28,0,37625.966
O,O,N,TAKE BACK RETURN,Manufacturer#3,5-LOW,3,FURNITURE,FOB,2,0.07,8,Brand#32,LG DRUM,26,35,3,47188.323
O,O,N,NONE,Manufacturer#1,2-HIGH,4,BUILDING,MAIL,5,0.08,8,Brand#12,SM DRUM,16,36,3,39662.4816
O,O,N,NONE,Manufacturer#3,4-NOT SPECIFIED,1,HOUSEHOLD,TRUCK,1,0.07,8,Brand#32,LG BOX,44,40,3,62515.332
O,O,N,TAKE BACK RETURN,Manufacturer#4,3-MEDIUM,1,AUTOMOBILE,AIR,2,0.02,12,Brand#41,JUMBO PACK,44,19,0,20740.1036
O,O,N,COLLECT COD,Manufacturer#5,3-MEDIUM,1,AUTOMOBILE,MAIL,1,0.05,8,Brand#55,LG BAG,10,5,3,5453.222
O,O,N,TAKE BACK RETURN,Manufacturer#2,3-MEDIUM,1,AUTOMOBILE,REG AIR,3,0.02,18,Brand#23,SM PACK,36,12,2,17340.9432
O,O,N,TAKE BACK RETURN,Manufacturer#2,4-NOT SPECIFIED,0,MACHINERY,AIR,3,0.01,18,Brand#21,JUMBO PKG,11,23,2,21370.5351
O,O,N,TAKE BACK RETURN,Manufacturer#5,1-URGENT,2,MACHINERY,RAIL,2,0.07,12,Brand#51,SM JAR,13,29,0,35908.67
O,O,N,COLLECT COD,Manufacturer#1,1-URGENT,2,MACHINERY,SHIP,1,0.07,21,Brand#13,SM CASE,49,40,1,42376.972
F,F,A,COLLECT COD,Manufacturer#5,4-NOT SPECIFIED,0,MACHINERY,MAIL,4,0.04,12,Brand#52,MED PKG,33,50,0,73788.26
F,F,A,NONE,Manufacturer#4,5-LOW,0,MACHINERY,AIR,5,0.07,8,Brand#43,MED CAN,43,30,3,36759.42
F,F,R,DELIVER IN PERSON,Manufacturer#5,5-LOW,0,MACHINERY,REG AIR,2,0.01,12,Brand#53,SM CASE,17,21,0,28638.8235
F,F,A,TAKE BACK RETURN,Manufacturer#1,5-LOW,0,MACHINERY,FOB,1,0,8,Brand#11,SM CAN,45,31,3,44966.6284
O,O,N,TAKE BACK RETURN,Manufacturer#1,3-MEDIUM,1,BUILDING,FOB,1,0.04,8,Brand#14,JUMBO PACK,7,2,3,2471.9296
F,F,A,DELIVER IN PERSON,Manufacturer#4,4-NOT SPECIFIED,4,HOUSEHOLD,AIR,3,0.03,9,Brand#44,MED DRUM,41,45,4,78742.8
F,F,A,COLLECT COD,Manufacturer#2,4-NOT SPECIFIED,4,HOUSEHOLD,AIR,2,0.06,18,Brand#23,LG PACK,27,10,2,10168.488
F,F,A,NONE,Manufacturer#1,4-NOT SPECIFIED,4,HOUSEHOLD,REG AIR,1,0.06,9,Brand#13,WRAP BOX,5,31,4,35522.1188
F,F,A,COLLECT COD,Manufacturer#3,2-HIGH,4,BUILDING,REG AIR,2,0.01,18,Brand#35,MED BAG,44,35,2,61277.755
F,F,R,TAKE BACK RETURN,Manufacturer#4,2-HIGH,4,BUILDING,TRUCK,1,0.07,18,Brand#41,MED BOX,50,27,2,41371.5573
O,O,N,COLLECT COD,Manufacturer#3,1-URGENT,1,HOUSEHOLD,SHIP,3,0.04,18,Brand#33,JUMBO JAR,3,44,2,43409.124
O,O,N,NONE,Manufacturer#3,1-URGENT,1,HOUSEHOLD,FOB,2,0.05,21,Brand#35,LG PKG,5,29,1,45665.43
F,F,R,COLLECT COD,Manufacturer#1,2-HIGH,1,BUILDING,AIR,6,0.06,21,Brand#11,WRAP PKG,20,27,1,40929.8616
F,F,A,NONE,Manufacturer#1,2-HIGH,1,BUILDING,AIR,3,0.03,8,Brand#13,JUMBO PACK,17,16,3,28784.1792
O,O,N,NONE,Manufacturer#5,4-NOT SPECIFIED,4,BUILDING,FOB,2,0.07,21,Brand#51,WRAP CASE,1,31,1,46422.0009
F,F,R,NONE,Manufacturer#4,3-MEDIUM,4,MACHINERY,TRUCK,3,0.08,21,Brand#45,MED PKG,34,41,1,50894.94
O,O,N,TAKE BACK RETURN,Manufacturer#1,4-NOT SPECIFIED,2,HOUSEHOLD,AIR,3,0.03,21,Brand#12,SM DRUM,16,16,1,17627.7696
O,O,N,COLLECT COD,Manufacturer#3,4-NOT SPECIFIED,2,HOUSEHOLD,MAIL,5,0.03,21,Brand#33,LG PKG,25,41,1,48469.134
O,O,N,TAKE BACK RETURN,Manufacturer#5,4-NOT SPECIFIED,2,HOUSEHOLD,TRUCK,2,0,12,Brand#51,JUMBO BOX,48,4,0,6859.24
O,O,N,NONE,Manufacturer#4,4-NOT SPECIFIED,2,AUTOMOBILE,MAIL,6,0.07,18,Brand#44,LG PACK,21,7,2,7653.8238
O,O,N,TAKE BACK RETURN,Manufacturer#1,3-MEDIUM,2,HOUSEHOLD,MAIL,1,0.05,21,Brand#12,MED PKG,41,2,1,1915.39
F,F,A,TAKE BACK RETURN,Manufacturer#5,5-LOW,4,BUILDING,TRUCK,3,0.01,21,Brand#53,SM CASE,17,31,1,41386.3299
F,F,A,COLLECT COD,Manufacturer#1,5-LOW,4,BUILDING,MAIL,2,0,9,Brand#13,SM PKG,3,14,4,19185.7904
O,O,N,NONE,Manufacturer#4,3-MEDIUM,0,AUTOMOBILE,AIR,1,0.02,21,Brand#45,WRAP CASE,18,45,1,51570.3825
O,O,N,TAKE BACK RETURN,Manufacturer#5,4-NOT SPECIFIED,2,FURNITURE,SHIP,1,0.04,8,Brand#52,SM PKG,50,31,3,55394.5665
O,O,N,NONE,Manufacturer#5,1-URGENT,3,HOUSEHOLD,SHIP,1,0.01,12,Brand#52,MED PKG,33,18,0,26563.7736
O,O,N,TAKE BACK RETURN,Manufacturer#5,5-LOW,2,FURNITURE,AIR,3,0.06,9,Brand#51,SM PKG,1,46,4,78167.547
F,F,A,TAKE BACK RETURN,Manufacturer#5,2-HIGH,4,FURNITURE,FOB,5,0.02,18,Brand#51,MED PKG,36,31,2,51383.616
O,O,N,DELIVER IN PERSON,Manufacturer#3,5-LOW,3,AUTOMOBILE,RAIL,2,0.02,8,Brand#32,LG PKG,36,1,3,1222.32
F,F,A,TAKE BACK RETURN,Manufacturer#1,2-HIGH,3,HOUSEHOLD,FOB,1,0,21,Brand#12,MED PKG,41,39,1,37743.264
O,O,N,DELIVER IN PERSON,Manufacturer#3,5-LOW,1,BUILDING,REG AIR,5,0.02,18,Brand#34,JUMBO DRUM,30,21,2,24236.982
O,O,N,TAKE BACK RETURN,Manufacturer#2,5-LOW,1,BUILDING,AIR,2,0,12,Brand#25,JUMBO JAR,13,26,0,43268.888
O,O,N,NONE,Manufacturer#5,5-LOW,1,BUILDING,AIR,1,0.05,21,Brand#55,JUMBO BAG,3,2,1,1813.0392
F,F,A,NONE,Manufacturer#1,4-NOT SPECIFIED,3,BUILDING,RAIL,1,0.04,9,Brand#11,SM PACK,32,33,4,56225.4
F,F,R,DELIVER IN PERSON,Manufacturer#3,4-NOT SPECIFIED,3,BUILDING,SHIP,3,0.07,8,Brand#32,SM JAR,18,40,3,55487.992
F,F,A,COLLECT COD,Manufacturer#4,4-NOT SPECIFIED,0,BUILDING,MAIL,1,0.07,9,Brand#43,LG DRUM,19,2,4,1659.636
F,F,A,COLLECT COD,Manufacturer#1,4-NOT SPECIFIED,0,BUILDING,REG AIR,2,0.05,12,Brand#13,MED PKG,6,21,0,19147.8588
O,O,N,DELIVER IN PERSON,Manufacturer#4,2-HIGH,0,FURNITURE,AIR,1,0.03,21,Brand#41,LG PACK,43,35,1,53347.35
O,O,N,TAKE BACK RETURN,Manufacturer#4,5-LOW,2,AUTOMOBILE,TRUCK,3,0.08,8,Brand#45,MED JAR,39,48,3,79799.8656
O,O,N,TAKE BACK RETURN,Manufacturer#2,5-LOW,2,AUTOMOBILE,MAIL,2,0.06,18,Brand#25,WRAP CAN,31,21,2,38731.1484
O,O,N,TAKE BACK RETURN,Manufacturer#1,4-NOT SPECIFIED,4,HOUSEHOLD,TRUCK,1,0.03,8,Brand#14,LG JAR,9,25,3,42604.8875
O,O,N,TAKE BACK RETURN,Manufacturer#5,4-NOT SPECIFIED,4,HOUSEHOLD,AIR,2,0.07,12,Brand#55,MED JAR,36,21,0,21447.2412
F,F,A,COLLECT COD,Manufacturer#5,1-URGENT,4,HOUSEHOLD,SHIP,1,0.02,18,Brand#51,WRAP JAR,35,9,2,9043.398
O,O,N,TAKE BACK RETURN,Manufacturer#3,3-MEDIUM,4,BUILDING,AIR,1,0.06,21,Brand#31,JUMBO CASE,1,41,1,40103.2562
F,F,R,NONE,Manufacturer#2,1-URGENT,2,MACHINERY,REG AIR,2,0.08,12,Brand#21,SM BOX,11,15,0,18088.38
F,F,A,DELIVER IN PERSON,Manufacturer#3,1-URGENT,2,MACHINERY,TRUCK,6,0.03,9,Brand#34,LG JAR,10,5,4,7768.388
O,O,N,COLLECT COD,Manufacturer#1,3-MEDIUM,4,BUILDING,AIR,5,0,9,Brand#11,WRAP BAG,38,43,4,76749.84
F,F,R,TAKE BACK RETURN,Manufacturer#1,2-HIGH,4,BUILDING,SHIP,1,0.02,9,Brand#11,JUMBO BAG,24,12,4,21486.7416
F,F,R,COLLECT COD,Manufacturer#1,2-HIGH,4,BUILDING,SHIP,4,0.08,21,Brand#12,JUMBO BOX,20,42,1,64600.767
O,O,N,COLLECT COD,Manufacturer#5,2-HIGH,4,HOUSEHOLD,MAIL,7,0.08,9,Brand#51,WRAP JAR,42,16,4,25681.72
O,O,N,DELIVER IN PERSON,Manufacturer#1,2-HIGH,4,HOUSEHOLD,REG AIR,5,0.06,18,Brand#14,LG PACK,45,43,2,59102.21
F,F,A,NONE,Manufacturer#1,3-MEDIUM,4,HOUSEHOLD,RAIL,1,0.02,12,Brand#14,LG PACK,44,36,0,55197.3456
O,O,N,DELIVER IN PERSON,Manufacturer#5,2-HIGH,0,BUILDING,RAIL,6,0.04,9,Brand#52,WRAP BAG,4,14,4,19985.252
O,O,N,NONE,Manufacturer#4,2-HIGH,0,BUILDING,FOB,3,0,21,Brand#45,MED PKG,34,26,1,30015.6012
F,F,R,TAKE BACK RETURN,Manufacturer#5,1-URGENT,4,FURNITURE,AIR,1,0.05,9,Brand#55,WRAP BAG,45,41,4,61031.78
O,O,N,TAKE BACK RETURN,Manufacturer#2,3-MEDIUM,3,HOUSEHOLD,AIR,2,0.01,21,Brand#24,MED PKG,13,29,1,32633.874
O,O,N,TAKE BACK RETURN,Manufacturer#1,3-MEDIUM,3,HOUSEHOLD,FOB,1,0.06,21,Brand#13,MED JAR,19,46,1,68474.68
F,F,A,NONE,Manufacturer#4,2-HIGH,1,MACHINERY,MAIL,1,0,18,Brand#44,WRAP CAN,41,50,2,46511.06
F,F,A,COLLECT COD,Manufacturer#4,1-URGENT,1,AUTOMOBILE,MAIL,2,0.02,9,Brand#43,JUMBO BAG,43,41,4,62539.6288
F,F,A,NONE,Manufacturer#5,1-URGENT,1,AUTOMOBILE,RAIL,3,0.08,8,Brand#54,LG CASE,42,40,3,63466.324
F,F,R,COLLECT COD,Manufacturer#3,1-URGENT,1,AUTOMOBILE,FOB,1,0,12,Brand#35,JUMBO CASE,12,48,0,79572
F,F,R,COLLECT COD,Manufacturer#4,3-MEDIUM,1,AUTOMOBILE,SHIP,3,0.03,12,Brand#42,WRAP DRUM,28,7,0,9270.947
F,F,A,DELIVER IN PERSON,Manufacturer#2,3-MEDIUM,1,AUTOMOBILE,REG AIR,6,0.06,18,Brand#24,JUMBO DRUM,47,2,2,2124.8136
F,F,A,DELIVER IN PERSON,Manufacturer#1,3-MEDIUM,1,AUTOMOBILE,TRUCK,7,0.03,18,Brand#12,SM JAR,23,17,2,23357.286
F,F,A,TAKE BACK RETURN,Manufacturer#3,5-LOW,4,AUTOMOBILE,MAIL,6,0.07,18,Brand#32,SM CASE,32,36,2,31336.5168
O,O,N,TAKE BACK RETURN,Manufacturer#4,3-MEDIUM,2,HOUSEHOLD,FOB,7,0,8,Brand#41,MED CAN,8,15,3,21808.4685
O,O,N,COLLECT COD,Manufacturer#3,3-MEDIUM,2,HOUSEHOLD,RAIL,1,0.06,18,Brand#32,LG JAR,31,27,2,45833.472
O,O,N,NONE,Manufacturer#3,3-MEDIUM,2,HOUSEHOLD,AIR,4,0.06,8,Brand#31,MED CAN,44,31,3,46580.9193
O,O,N,TAKE BACK RETURN,Manufacturer#1,3-MEDIUM,2,HOUSEHOLD,MAIL,6,0.01,18,Brand#11,WRAP CASE,45,15,2,12913.446
O,O,N,TAKE BACK RETURN,Manufacturer#5,2-HIGH,3,FURNITURE,AIR,3,0.08,18,Brand#53,JUMBO BOX,31,5,2,7229.682
O,O,N,NONE,Manufacturer#1,2-HIGH,3,FURNITURE,AIR,5,0.07,21,Brand#13,LG PKG,34,40,1,67210.56
F,F,R,NONE,Manufacturer#3,2-HIGH,3,FURNITURE,TRUCK,1,0.08,18,Brand#32,JUMBO DRUM,33,50,2,72198.225
F,F,A,COLLECT COD,Manufacturer#2,2-HIGH,0,FURNITURE,SHIP,1,0,9,Brand#24,LG CAN,40,24,4,32227.4112
F,F,A,TAKE BACK RETURN,Manufacturer#3,2-HIGH,0,FURNITURE,AIR,7,0.07,21,Brand#34,SM JAR,7,37,1,55951.4592
O,O,N,COLLECT COD,Manufacturer#1,1-URGENT,4,FURNITURE,TRUCK,4,0,8,Brand#11,WRAP CASE,26,38,3,66024.012
F,F,R,COLLECT COD,Manufacturer#3,2-HIGH,1,BUILDING,SHIP,6,0.06,8,Brand#34,LG CASE,9,35,3,46354.7
F,F,R,COLLECT COD,Manufacturer#3,2-HIGH,1,BUILDING,RAIL,3,0.05,18,Brand#33,SM PACK,41,4,2,6405.964
F,F,A,NONE,Manufacturer#5,2-HIGH,2,MACHINERY,REG AIR,1,0.03,9,Brand#52,LG CASE,21,38,4,62848.4736
F,F,A,NONE,Manufacturer#4,2-HIGH,2,MACHINERY,RAIL,4,0.03,8,Brand#42,JUMBO CASE,45,20,3,26893.964
O,O,N,NONE,Manufacturer#1,4-NOT SPECIFIED,3,BUILDING,REG AIR,3,0.06,12,Brand#13,MED JAR,17,29,0,50800.547
O,O,N,COLLECT COD,Manufacturer#4,4-NOT SPECIFIED,3,BUILDING,SHIP,2,0,8,Brand#42,MED JAR,7,30,3,34608.222
F,F,A,TAKE BACK RETURN,Manufacturer#3,3-MEDIUM,1,FURNITURE,AIR,1,0.01,9,Brand#34,MED CAN,34,50,4,66521.5
O,O,N,DELIVER IN PERSON,Manufacturer#1,5-LOW,2,AUTOMOBILE,RAIL,2,0.08,21,Brand#13,SM CASE,5,33,1,44093.775
O,O,N,COLLECT COD,Manufacturer#5,5-LOW,2,AUTOMOBILE,REG AIR,3,0.08,12,Brand#52,JUMBO PKG,21,8,0,7456.208
F,F,R,TAKE BACK RETURN,Manufacturer#5,4-NOT SPECIFIED,4,FURNITURE,SHIP,2,0.06,12,Brand#55,WRAP DRUM,9,20,0,33415.2
F,F,R,DELIVER IN PERSON,Manufacturer#4,5-LOW,0,MACHINERY,SHIP,3,0.05,12,Brand#44,SM CAN,11,22,0,34270.4362
O,O,N,DELIVER IN PERSON,Manufacturer#1,5-LOW,1,AUTOMOBILE,REG AIR,6,0.03,12,Brand#11,MED BOX,25,34,0,40089.026
O,P,N,TAKE BACK RETURN,Manufacturer#3,2-HIGH,3,FURNITURE,RAIL,5,0.01,18,Brand#34,JUMBO DRUM,30,9,2,11195.1774
F,F,A,TAKE BACK RETURN,Manufacturer#4,4-NOT SPECIFIED,4,FURNITURE,REG AIR,1,0.01,8,Brand#41,MED CAN,8,7,3,10960.1534
F,F,A,COLLECT COD,Manufacturer#3,4-NOT SPECIFIED,4,FURNITURE,FOB,2,0.03,18,Brand#34,WRAP JAR,43,24,2,27373.164
F,F,A,COLLECT COD,Manufacturer#3,4-NOT SPECIFIED,4,FURNITURE,REG AIR,3,0.07,21,Brand#35,LG PKG,5,35,1,49602.105
O,O,N,DELIVER IN PERSON,Manufacturer#5,2-HIGH,0,BUILDING,REG AIR,6,0,21,Brand#54,LG PACK,43,31,1,48677.936
O,O,N,TAKE BACK RETURN,Manufacturer#4,2-HIGH,0,BUILDING,MAIL,7,0.04,21,Brand#43,MED CAN,43,31,1,39672.9444
O,O,N,NONE,Manufacturer#2,2-HIGH,0,BUILDING,REG AIR,1,0.06,12,Brand#22,LG JAR,2,10,0,14467.545
O,O,N,DELIVER IN PERSON,Manufacturer#2,2-HIGH,0,BUILDING,TRUCK,2,0.06,21,Brand#25,SM BAG,35,14,1,17767.5736
F,F,R,DELIVER IN PERSON,Manufacturer#3,1-URGENT,0,AUTOMOBILE,SHIP,3,0.06,8,Brand#33,MED JAR,21,49,3,77730.4542
F,F,A,TAKE BACK RETURN,Manufacturer#3,1-URGENT,0,AUTOMOBILE,AIR,1,0.08,8,Brand#33,SM CAN,23,6,3,10367.361
F,F,A,NONE,Manufacturer#4,1-URGENT,0,AUTOMOBILE,REG AIR,4,0.06,9,Brand#44,MED DRUM,41,15,4,25985.124
F,F,R,TAKE BACK RETURN,Manufacturer#5,1-URGENT,1,FURNITURE,SHIP,5,0.01,9,Brand#53,SM CAN,36,33,4,46878.1236
F,F,R,NONE,Manufacturer#1,5-LOW,0,BUILDING,TRUCK,6,0.06,8,Brand#11,LG CASE,39,41,3,58644.719
F,F,A,DELIVER IN PERSON,Manufacturer#1,5-LOW,0,BUILDING,REG AIR,1,0.05,12,Brand#14,JUMBO PKG,9,10,0,8807.6
F,F,R,NONE,Manufacturer#4,2-HIGH,0,MACHINERY,REG AIR,3,0.01,8,Brand#45,LG CASE,45,37,3,53757.3592
F,F,R,COLLECT COD,Manufacturer#1,5-LOW,1,FURNITURE,FOB,2,0.02,8,Brand#12,LG BAG,45,30,3,42288.438
F,F,A,TAKE BACK RETURN,Manufacturer#4,5-LOW,1,FURNITURE,MAIL,1,0.03,9,Brand#45,MED DRUM,34,4,4,5621.6416
O,O,N,TAKE BACK RETURN,Manufacturer#5,1-URGENT,4,BUILDING,RAIL,7,0.01,18,Brand#52,WRAP CASE,36,18,2,32288.2362
O,O,N,DELIVER IN PERSON,Manufacturer#2,1-URGENT,4,BUILDING,FOB,6,0.07,21,Brand#24,SM BAG,6,43,1,73611.8376
F,F,R,TAKE BACK RETURN,Manufacturer#3,3-MEDIUM,2,BUILDING,SHIP,1,0.03,8,Brand#35,WRAP BOX,14,13,3,16220.8332
F,F,R,TAKE BACK RETURN,Manufacturer#3,1-URGENT,0,AUTOMOBILE,MAIL,2,0.02,21,Brand#32,LG PKG,14,19,1,26343.2169
O,O,N,COLLECT COD,Manufacturer#1,1-URGENT,4,FURNITURE,AIR,3,0.08,9,Brand#14,SM CAN,38,8,4,12389.12
O,O,N,TAKE BACK RETURN,Manufacturer#5,4-NOT SPECIFIED,4,FURNITURE,MAIL,1,0.03,18,Brand#53,LG BAG,10,45,2,41058.423
O,O,N,DELIVER IN PERSON,Manufacturer#4,3-MEDIUM,3,MACHINERY,REG AIR,1,0,21,Brand#43,WRAP CASE,12,34,1,28742.58
O,O,N,TAKE BACK RETURN,Manufacturer#2,3-MEDIUM,3,MACHINERY,FOB,3,0.07,21,Brand#23,JUMBO PACK,25,37,1,35247.2582
O,O,N,COLLECT COD,Manufacturer#2,2-HIGH,4,AUTOMOBILE,REG AIR,4,0.06,18,Brand#25,WRAP CAN,22,36,2,64466.316
F,F,R,TAKE BACK RETURN,Manufacturer#3,2-HIGH,0,MACHINERY,FOB,6,0.08,8,Brand#35,MED BAG,43,39,3,64400.6532
O,O,N,DELIVER IN PERSON,Manufacturer#3,3-MEDIUM,2,BUILDING,RAIL,3,0.06,21,Brand#35,JUMBO PKG,38,6,1,8145.0318
O,O,N,NONE,Manufacturer#1,4-NOT SPECIFIED,2,FURNITURE,FOB,4,0.04,9,Brand#13,LG PACK,1,44,4,62116.4544
O,O,N,NONE,Manufacturer#5,4-NOT SPECIFIED,2,FURNITURE,RAIL,2,0.01,21,Brand#54,WRAP BAG,15,18,1,26275.4208
O,O,N,NONE,Manufacturer#2,4-NOT SPECIFIED,2,FURNITURE,MAIL,6,0.06,18,Brand#22,MED JAR,19,17,2,17848.9936
F,F,R,TAKE BACK RETURN,Manufacturer#2,2-HIGH,3,FURNITURE,RAIL,3,0.02,9,Brand#23,MED DRUM,19,36,4,54572.598
O,O,N,DELIVER IN PERSON,Manufacturer#2,4-NOT SPECIFIED,1,FURNITURE,REG AIR,1,0.02,8,Brand#21,MED JAR,8,17,3,18521.8978
O,O,N,TAKE BACK RETURN,Manufacturer#3,4-NOT SPECIFIED,1,FURNITURE,MAIL,3,0.07,12,Brand#33,MED CASE,34,38,0,62005.74
F,F,R,DELIVER IN PERSON,Manufacturer#3,4-NOT SPECIFIED,2,BUILDING,AIR,1,0.02,18,Brand#32,LG JAR,5,29,2,29942.3637
F,F,R,NONE,Manufacturer#3,4-NOT SPECIFIED,2,BUILDING,AIR,4,0.06,9,Brand#33,WRAP CASE,34,44,4,71531.68
O,O,N,COLLECT COD,Manufacturer#5,1-URGENT,0,AUTOMOBILE,REG AIR,7,0.07,21,Brand#55,MED JAR,12,20,1,27310.738
O,O,N,DELIVER IN PERSON,Manufacturer#1,1-URGENT,0,AUTOMOBILE,FOB,2,0.01,18,Brand#15,WRAP PACK,36,41,2,52672.1834
F,F,A,DELIVER IN PERSON,Manufacturer#5,5-LOW,1,MACHINERY,AIR,7,0,8,Brand#51,LG CAN,10,20,3,24409.732
O,O,N,COLLECT COD,Manufacturer#5,2-HIGH,3,FURNITURE,TRUCK,4,0.06,18,Brand#52,SM DRUM,14,48,2,50899.176
F,F,A,COLLECT COD,Manufacturer#4,1-URGENT,4,MACHINERY,RAIL,1,0.08,8,Brand#42,SM DRUM,45,26,3,38908.8414
F,F,A,COLLECT COD,Manufacturer#1,1-URGENT,4,MACHINERY,MAIL,2,0.02,9,Brand#11,LG JAR,40,3,4,3084.9696
F,F,R,TAKE BACK RETURN,Manufacturer#1,1-URGENT,4,MACHINERY,RAIL,7,0.02,18,Brand#12,SM JAR,23,31,2,47325.22
O,O,N,TAKE BACK RETURN,Manufacturer#3,3-MEDIUM,3,HOUSEHOLD,SHIP,2,0.02,21,Brand#31,JUMBO CASE,1,31,1,30631.3821
O,O,N,COLLECT COD,Manufacturer#2,3-MEDIUM,3,HOUSEHOLD,AIR,5,0.04,8,Brand#25,MED CAN,25,5,3,4441.688
O,O,N,DELIVER IN PERSON,Manufacturer#1,3-MEDIUM,3,HOUSEHOLD,REG AIR,1,0,21,Brand#13,MED JAR,19,45,1,60287.49
F,F,R,TAKE BACK RETURN,Manufacturer#4,1-URGENT,4,HOUSEHOLD,MAIL,4,0.05,9,Brand#42,MED PACK,24,22,4,35437.0016
F,F,R,COLLECT COD,Manufacturer#3,4-NOT SPECIFIED,1,AUTOMOBILE,TRUCK,3,0.06,18,Brand#32,WRAP BOX,20,23,2,35908.8903
F,F,R,DELIVER IN PERSON,Manufacturer#1,4-NOT SPECIFIED,1,AUTOMOBILE,TRUCK,4,0.06,21,Brand#14,MED BAG,18,42,1,38146.395
F,F,R,TAKE BACK RETURN,Manufacturer#5,1-URGENT,0,FURNITURE,TRUCK,1,0.05,8,Brand#51,MED CASE,48,25,3,41668.875
F,F,R,TAKE BACK RETURN,Manufacturer#2,2-HIGH,4,HOUSEHOLD,AIR,5,0,9,Brand#23,SM CASE,31,27,4,29196.0396
F,F,A,NONE,Manufacturer#1,5-LOW,3,HOUSEHOLD,FOB,1,0.06,18,Brand#11,JUMBO BOX,38,5,2,7250.928
F,F,A,DELIVER IN PERSON,Manufacturer#3,4-NOT SPECIFIED,4,BUILDING,AIR,1,0.03,8,Brand#35,MED CASE,27,36,3,38632.8852
O,O,N,TAKE BACK RETURN,Manufacturer#5,3-MEDIUM,2,MACHINERY,MAIL,2,0.06,12,Brand#52,WRAP CASE,36,27,0,44518.6287
O,O,N,NONE,Manufacturer#1,3-MEDIUM,2,MACHINERY,MAIL,1,0.08,21,Brand#13,MED CAN,30,5,1,6413.225
F,F,A,NONE,Manufacturer#2,2-HIGH,4,HOUSEHOLD,SHIP,1,0.06,9,Brand#25,JUMBO JAR,49,30,4,33348.591
O,O,N,DELIVER IN PERSON,Manufacturer#1,1-URGENT,0,BUILDING,TRUCK,5,0.04,12,Brand#13,LG PKG,34,46,0,77292.144
O,O,N,TAKE BACK RETURN,Manufacturer#2,1-URGENT,0,BUILDING,RAIL,2,0.01,8,Brand#25,MED JAR,50,38,3,46826.4728
O,O,N,TAKE BACK RETURN,Manufacturer#5,4-NOT SPECIFIED,1,HOUSEHOLD,AIR,5,0.08,12,Brand#55,WRAP DRUM,9,20,0,33081.048
O,O,N,COLLECT COD,Manufacturer#3,4-NOT SPECIFIED,1,HOUSEHOLD,SHIP,1,0.07,21,Brand#32,WRAP CASE,20,41,1,63779.149
O,O,N,NONE,Manufacturer#2,4-NOT SPECIFIED,1,HOUSEHOLD,TRUCK,3,0.05,8,Brand#21,JUMBO CASE,31,20,3,24470.384
O,O,N,COLLECT COD,Manufacturer#3,4-NOT SPECIFIED,1,HOUSEHOLD,REG AIR,4,0.06,8,Brand#35,SM DRUM,21,35,3,41959.876
F,F,A,TAKE BACK RETURN,Manufacturer#4,5-LOW,3,HOUSEHOLD,REG AIR,2,0.01,18,Brand#45,SM PACK,3,14,2,22607.207
O,O,N,TAKE BACK RETURN,Manufacturer#2,1-URGENT,0,MACHINERY,AIR,3,0,9,Brand#24,JUMBO BOX,27,20,4,32585.652
O,O,N,COLLECT COD,Manufacturer#4,1-URGENT,0,MACHINERY,RAIL,2,0.03,9,Brand#41,LG JAR,25,46,4,74687.0352
O,O,N,TAKE BACK RETURN,Manufacturer#5,1-URGENT,2,HOUSEHOLD,AIR,2,0.03,8,Brand#55,LG BAG,10,50,3,52791.83
O,O,N,NONE,Manufacturer#3,1-URGENT,2,HOUSEHOLD,REG AIR,3,0,9,Brand#35,SM CAN,39,50,4,53942.185
O,O,N,TAKE BACK RETURN,Manufacturer#2,1-URGENT,2,HOUSEHOLD,AIR,4,0,18,Brand#21,MED CASE,9,9,2,14230.485
O,O,N,NONE,Manufacturer#1,2-HIGH,4,AUTOMOBILE,RAIL,2,0.02,9,Brand#13,LG PACK,1,34,4,46499.1072
O,O,N,COLLECT COD,Manufacturer#5,4-NOT SPECIFIED,2,FURNITURE,RAIL,3,0,18,Brand#53,LG BOX,42,16,2,15785.6608
O,O,N,NONE,Manufacturer#3,4-NOT SPECIFIED,3,FURNITURE,FOB,3,0.02,21,Brand#35,SM JAR,39,21,1,20066.9406
O,O,N,NONE,Manufacturer#1,4-NOT SPECIFIED,3,FURNITURE,FOB,1,0.01,21,Brand#13,JUMBO BOX,8,10,1,9246.897
F,F,R,COLLECT COD,Manufacturer#5,1-URGENT,1,BUILDING,FOB,2,0.06,18,Brand#51,LG BOX,48,28,2,32038.72
F,F,R,DELIVER IN PERSON,Manufacturer#5,1-URGENT,1,BUILDING,AIR,5,0.02,18,Brand#52,WRAP CASE,32,29,2,34283.046
O,O,N,NONE,Manufacturer#3,1-URGENT,4,HOUSEHOLD,TRUCK,2,0.03,12,Brand#34,MED DRUM,47,1,0,1744.3108
F,F,A,TAKE BACK RETURN,Manufacturer#5,1-URGENT,4,FURNITURE,REG AIR,1,0.05,21,Brand#54,WRAP BAG,15,8,1,11677.9648
F,F,A,NONE,Manufacturer#4,1-URGENT,2,HOUSEHOLD,SHIP,2,0.06,18,Brand#43,WRAP CASE,30,6,2,5625.4872
F,F,R,TAKE BACK RETURN,Manufacturer#3,1-URGENT,2,HOUSEHOLD,REG AIR,4,0.01,18,Brand#31,SM BOX,6,12,2,16036.6752
F,F,R,COLLECT COD,Manufacturer#4,5-LOW,2,FURNITURE,SHIP,4,0.07,21,Brand#41,JUMBO CAN,34,23,1,37884.1855
F,F,A,TAKE BACK RETURN,Manufacturer#4,5-LOW,2,FURNITURE,MAIL,1,0.03,18,Brand#43,JUMBO CAN,37,17,2,19852.5932
O,O,N,COLLECT COD,Manufacturer#1,5-LOW,4,BUILDING,RAIL,4,0.04,9,Brand#12,JUMBO BAG,43,34,4,39893.5736
O,O,N,TAKE BACK RETURN,Manufacturer#5,5-LOW,4,BUILDING,RAIL,3,0,18,Brand#52,MED DRUM,31,36,2,56225.3832
O,O,N,COLLECT COD,Manufacturer#1,2-HIGH,2,HOUSEHOLD,AIR,3,0.03,12,Brand#15,JUMBO PACK,27,30,0,46871.661
O,O,N,NONE,Manufacturer#1,1-URGENT,3,FURNITURE,TRUCK,1,0.07,8,Brand#14,SM CAN,2,35,3,37118.438
O,O,N,TAKE BACK RETURN,Manufacturer#1,1-URGENT,3,FURNITURE,SHIP,2,0.02,21,Brand#13,JUMBO CASE,19,36,1,53382.7584
O,O,N,DELIVER IN PERSON,Manufacturer#2,4-NOT SPECIFIED,4,AUTOMOBILE,REG AIR,1,0.01,21,Brand#23,LG PACK,14,34,1,39187.6146
F,F,R,DELIVER IN PERSON,Manufacturer#4,3-MEDIUM,3,FURNITURE,TRUCK,2,0.07,12,Brand#42,JUMBO CAN,4,4,0,4211.8956
F,F,R,NONE,Manufacturer#3,3-MEDIUM,3,FURNITURE,TRUCK,4,0.06,8,Brand#35,SM CAN,24,12,3,19230.2748
O,O,N,COLLECT COD,Manufacturer#5,2-HIGH,2,AUTOMOBILE,AIR,1,0.04,9,Brand#52,SM PACK,34,47,4,67516.2144
O,O,N,COLLECT COD,Manufacturer#1,3-MEDIUM,4,BUILDING,AIR,7,0.07,18,Brand#13,JUMBO JAR,26,11,2,13076.6075
O,O,N,DELIVER IN PERSON,Manufacturer#5,3-MEDIUM,4,BUILDING,MAIL,6,0,18,Brand#53,LG CASE,37,50,2,62787.62
O,O,N,NONE,Manufacturer#4,3-MEDIUM,4,BUILDING,AIR,3,0.06,9,Brand#41,JUMBO DRUM,31,50,4,79663.675
O,O,N,COLLECT COD,Manufacturer#5,1-URGENT,4,FURNITURE,REG AIR,1,0.08,21,Brand#55,SM PACK,36,26,1,39153.3324
O,O,N,TAKE BACK RETURN,Manufacturer#2,3-MEDIUM,3,HOUSEHOLD,TRUCK,3,0.02,12,Brand#24,MED PKG,4,33,0,41881.884
F,F,A,TAKE BACK RETURN,Manufacturer#2,1-URGENT,1,HOUSEHOLD,MAIL,2,0.05,18,Brand#22,WRAP DRUM,37,30,2,43251.885
F,F,A,COLLECT COD,Manufacturer#4,1-URGENT,1,HOUSEHOLD,SHIP,4,0.06,21,Brand#43,JUMBO BOX,11,17,1,25979.0056
F,F,R,TAKE BACK RETURN,Manufacturer#5,1-URGENT,1,HOUSEHOLD,FOB,1,0.03,12,Brand#51,JUMBO JAR,23,18,0,25036.1766
O,O,N,TAKE BACK RETURN,Manufacturer#3,5-LOW,0,FURNITURE,AIR,1,0,18,Brand#32,LG PKG,36,16,2,25919.8592
O,O,N,COLLECT COD,Manufacturer#2,5-LOW,0,FURNITURE,AIR,3,0.04,21,Brand#21,LG CAN,15,1,1,1458.8485
F,F,A,DELIVER IN PERSON,Manufacturer#2,5-LOW,3,HOUSEHOLD,MAIL,4,0.07,21,Brand#24,LG CAN,2,45,1,64193.4
F,F,A,COLLECT COD,Manufacturer#3,5-LOW,3,HOUSEHOLD,MAIL,3,0.06,9,Brand#32,MED CASE,29,32,4,51238.9696
F,F,A,NONE,Manufacturer#4,5-LOW,2,AUTOMOBILE,MAIL,5,0.07,9,Brand#44,SM JAR,27,11,4,15158.2475
F,F,R,TAKE BACK RETURN,Manufacturer#2,5-LOW,2,AUTOMOBILE,SHIP,6,0.06,21,Brand#21,LG BOX,42,42,1,49243.6224
O,O,N,DELIVER IN PERSON,Manufacturer#1,2-HIGH,3,MACHINERY,FOB,1,0.07,9,Brand#11,MED JAR,33,9,4,11649.51
F,F,A,DELIVER IN PERSON,Manufacturer#3,2-HIGH,1,HOUSEHOLD,AIR,4,0.06,9,Brand#34,JUMBO CASE,49,10,4,9255.701
F,F,A,COLLECT COD,Manufacturer#1,2-HIGH,1,HOUSEHOLD,RAIL,5,0.02,9,Brand#14,MED PACK,43,15,4,18858.735
F,F,A,NONE,Manufacturer#5,2-HIGH,1,HOUSEHOLD,MAIL,2,0.05,18,Brand#51,MED PACK,41,17,2,17067.4713
F,F,R,NONE,Manufacturer#4,2-HIGH,0,BUILDING,REG AIR,7,0.04,21,Brand#44,JUMBO PKG,46,20,1,17670.38
F,F,A,COLLECT COD,Manufacturer#5,2-HIGH,0,BUILDING,AIR,4,0.04,9,Brand#55,WRAP DRUM,42,39,4,71010.849
F,F,A,NONE,Manufacturer#1,2-HIGH,0,BUILDING,RAIL,1,0.05,21,Brand#12,SM PKG,3,34,1,33089.7588
O,O,N,DELIVER IN PERSON,Manufacturer#1,3-MEDIUM,3,HOUSEHOLD,AIR,3,0.08,18,Brand#11,JUMBO BOX,48,6,2,7871.259
F,F,A,DELIVER IN PERSON,Manufacturer#5,5-LOW,1,BUILDING,REG AIR,7,0.04,12,Brand#53,WRAP CAN,49,19,0,30247.506
F,F,A,COLLECT COD,Manufacturer#5,5-LOW,1,BUILDING,FOB,4,0.04,21,Brand#51,JUMBO CASE,48,33,1,47697.2826
F,F,R,DELIVER IN PERSON,Manufacturer#1,5-LOW,1,BUILDING,AIR,1,0.03,9,Brand#12,JUMBO DRUM,33,13,4,18130.788
F,F,R,TAKE BACK RETURN,Manufacturer#1,3-MEDIUM,0,FURNITURE,MAIL,1,0.08,9,Brand#11,LG PKG,20,46,4,57487.5156
F,F,A,TAKE BACK RETURN,Manufacturer#2,2-HIGH,0,MACHINERY,MAIL,5,0.01,21,Brand#24,MED DRUM,36,32,1,39991.5648
F,F,A,COLLECT COD,Manufacturer#3,2-HIGH,0,MACHINERY,FOB,1,0.05,18,Brand#33,MED PKG,24,45,2,62112.015
F,F,R,NONE,Manufacturer#1,2-HIGH,0,MACHINERY,SHIP,2,0.03,18,Brand#13,MED CASE,47,12,2,17044.6464
F,F,R,NONE,Manufacturer#5,2-HIGH,0,MACHINERY,RAIL,6,0.05,12,Brand#54,LG JAR,19,31,0,28096.7725
O,O,N,NONE,Manufacturer#1,3-MEDIUM,3,MACHINERY,FOB,1,0.03,18,Brand#14,MED CASE,25,7,2,7214.2168
O,O,N,DELIVER IN PERSON,Manufacturer#2,3-MEDIUM,3,MACHINERY,TRUCK,4,0.04,21,Brand#24,WRAP PACK,40,28,1,32717.0844
O,O,N,TAKE BACK RETURN,Manufacturer#5,3-MEDIUM,2,BUILDING,RAIL,3,0.03,9,Brand#52,SM PACK,34,9,4,13623.7248
F,F,R,DELIVER IN PERSON,Manufacturer#5,4-NOT SPECIFIED,3,MACHINERY,REG AIR,2,0.07,18,Brand#53,JUMBO BOX,31,18,2,25461.054
F,F,A,NONE,Manufacturer#5,2-HIGH,3,HOUSEHOLD,REG AIR,2,0.03,8,Brand#52,WRAP DRUM,36,48,3,65244.0384
O,O,N,TAKE BACK RETURN,Manufacturer#4,2-HIGH,0,FURNITURE,REG AIR,2,0.04,9,Brand#44,LG JAR,15,39,4,40786.5276
O,O,N,TAKE BACK RETURN,Manufacturer#3,2-HIGH,0,FURNITURE,FOB,1,0.07,9,Brand#31,MED BOX,25,22,4,29200.171
O,O,N,DELIVER IN PERSON,Manufacturer#3,1-URGENT,2,MACHINERY,TRUCK,2,0.07,21,Brand#33,WRAP BOX,49,17,1,15967.0511
O,O,N,COLLECT COD,Manufacturer#2,1-URGENT,2,MACHINERY,TRUCK,3,0,21,Brand#25,WRAP CASE,50,10,1,16918.966
F,F,A,TAKE BACK RETURN,Manufacturer#4,2-HIGH,4,MACHINERY,RAIL,2,0.03,8,Brand#44,LG CASE,37,7,3,6902.56
F,F,A,COLLECT COD,Manufacturer#1,2-HIGH,4,MACHINERY,RAIL,3,0.03,12,Brand#14,LG BAG,25,45,0,42108.354
F,F,R,NONE,Manufacturer#3,2-HIGH,4,MACHINERY,FOB,4,0.07,12,Brand#34,LG CASE,9,27,0,33971.373
O,O,N,COLLECT COD,Manufacturer#3,5-LOW,1,FURNITURE,MAIL,2,0.02,9,Brand#34,MED CASE,4,11,4,10461.55
F,F,R,COLLECT COD,Manufacturer#5,5-LOW,0,HOUSEHOLD,TRUCK,7,0.01,12,Brand#51,WRAP CAN,28,48,0,52802.1312
F,F,A,COLLECT COD,Manufacturer#1,5-LOW,0,HOUSEHOLD,RAIL,6,0.07,8,Brand#15,WRAP JAR,44,27,3,29380.86
O,O,N,COLLECT COD,Manufacturer#3,1-URGENT,3,AUTOMOBILE,TRUCK,2,0.02,18,Brand#31,SM BOX,20,16,2,15764.0256
F,F,R,COLLECT COD,Manufacturer#5,3-MEDIUM,0,AUTOMOBILE,RAIL,2,0,18,Brand#52,LG BAG,41,45,2,78625.008
F,F,A,DELIVER IN PERSON,Manufacturer#5,3-MEDIUM,0,AUTOMOBILE,TRUCK,4,0.01,9,Brand#55,JUMBO PACK,1,24,4,19940.1384
F,F,A,TAKE BACK RETURN,Manufacturer#3,3-MEDIUM,0,AUTOMOBILE,RAIL,6,0.05,18,Brand#33,LG PACK,10,28,2,32029.6144
O,O,N,COLLECT COD,Manufacturer#3,4-NOT SPECIFIED,3,BUILDING,FOB,4,0.06,9,Brand#31,JUMBO BOX,34,48,4,72998.496
O,O,N,DELIVER IN PERSON,Manufacturer#2,4-NOT SPECIFIED,3,BUILDING,FOB,3,0.06,9,Brand#25,LG CAN,33,4,4,5901.9216
O,O,N,DELIVER IN PERSON,Manufacturer#2,1-URGENT,2,BUILDING,SHIP,1,0.03,8,Brand#22,WRAP JAR,3,11,3,14503.8432
O,O,N,DELIVER IN PERSON,Manufacturer#4,1-URGENT,2,BUILDING,FOB,3,0.01,9,Brand#43,MED DRUM,43,36,4,36178.5204
F,F,A,NONE,Manufacturer#5,3-MEDIUM,3,FURNITURE,SHIP,2,0.08,12,Brand#55,WRAP DRUM,9,6,0,9022.104
F,F,A,NONE,Manufacturer#4,3-MEDIUM,3,FURNITURE,MAIL,6,0,21,Brand#43,JUMBO BOX,11,15,1,22191.078
F,F,A,TAKE BACK RETURN,Manufacturer#3,3-MEDIUM,3,FURNITURE,SHIP,7,0.07,21,Brand#31,MED PACK,38,39,1,58471.5612
F,F,A,TAKE BACK RETURN,Manufacturer#2,3-MEDIUM,3,FURNITURE,FOB,3,0.06,18,Brand#25,SM BAG,44,2,2,2666.844
F,F,R,TAKE BACK RETURN,Manufacturer#1,3-MEDIUM,4,FURNITURE,AIR,1,0.08,18,Brand#11,JUMBO BOX,48,16,2,20124.456
F,F,R,NONE,Manufacturer#5,3-MEDIUM,4,FURNITURE,AIR,7,0,9,Brand#51,JUMBO BAG,20,28,4,45488.5536
O,O,N,DELIVER IN PERSON,Manufacturer#4,4-NOT SPECIFIED,3,HOUSEHOLD,TRUCK,5,0.05,18,Brand#41,MED DRUM,17,34,2,61196.26
O,O,N,DELIVER IN PERSON,Manufacturer#2,4-NOT SPECIFIED,3,HOUSEHOLD,REG AIR,1,0.05,18,Brand#25,SM BOX,35,36,2,63553.4208
F,F,A,NONE,Manufacturer#5,1-URGENT,0,HOUSEHOLD,MAIL,2,0.05,9,Brand#54,SM CASE,6,34,4,46028.7036
O,O,N,TAKE BACK RETURN,Manufacturer#3,3-MEDIUM,2,MACHINERY,TRUCK,5,0.06,18,Brand#35,SM PACK,29,21,2,22684.4352
O,O,N,DELIVER IN PERSON,Manufacturer#2,3-MEDIUM,2,MACHINERY,AIR,1,0.05,12,Brand#21,SM CASE,25,12,0,15978.2328
O,O,N,COLLECT COD,Manufacturer#5,1-URGENT,3,MACHINERY,REG AIR,1,0.07,21,Brand#52,LG BAG,41,15,1,26475.768
O,O,N,COLLECT COD,Manufacturer#2,1-URGENT,3,FURNITURE,AIR,2,0.06,8,Brand#23,SM PACK,14,1,3,1215.0468
F,F,R,TAKE BACK RETURN,Manufacturer#3,1-URGENT,1,BUILDING,FOB,3,0.01,18,Brand#35,SM BAG,16,22,2,24801.3172
O,O,N,NONE,Manufacturer#2,4-NOT SPECIFIED,0,BUILDING,MAIL,7,0.01,9,Brand#24,MED PKG,13,42,4,48838.2804
O,O,N,NONE,Manufacturer#4,4-NOT SPECIFIED,0,BUILDING,SHIP,6,0.06,21,Brand#41,MED PACK,19,13,1,17799.418
F,F,R,COLLECT COD,Manufacturer#1,1-URGENT,2,FURNITURE,MAIL,1,0.07,8,Brand#13,JUMBO PACK,17,35,3,59685.9445
O,O,N,COLLECT COD,Manufacturer#5,3-MEDIUM,4,BUILDING,RAIL,1,0.06,21,Brand#52,MED CASE,20,44,1,36997.7608
O,O,N,NONE,Manufacturer#4,3-MEDIUM,4,BUILDING,FOB,2,0.04,12,Brand#41,MED JAR,18,26,0,42287.2112
F,F,R,TAKE BACK RETURN,Manufacturer#5,1-URGENT,4,HOUSEHOLD,SHIP,2,0.07,8,Brand#52,SM PKG,2,15,3,21190.638
F,F,R,COLLECT COD,Manufacturer#4,4-NOT SPECIFIED,2,FURNITURE,TRUCK,2,0.08,9,Brand#42,MED CASE,32,34,4,32250.9312
F,F,A,NONE,Manufacturer#1,2-HIGH,2,BUILDING,RAIL,3,0.01,18,Brand#13,SM BOX,18,50,2,85721.09
F,F,A,TAKE BACK RETURN,Manufacturer#5,5-LOW,3,BUILDING,MAIL,2,0.08,12,Brand#52,LG CAN,23,5,0,8155.4025
F,F,A,DELIVER IN PERSON,Manufacturer#5,5-LOW,3,BUILDING,REG AIR,3,0.07,8,Brand#54,MED CAN,9,35,3,35420.259
O,O,N,NONE,Manufacturer#4,2-HIGH,2,HOUSEHOLD,AIR,6,0.02,12,Brand#42,SM DRUM,45,36,0,52785.4212
O,O,N,DELIVER IN PERSON,Manufacturer#2,2-HIGH,2,HOUSEHOLD,AIR,2,0.01,18,Brand#21,SM JAR,7,24,2,43740.4968
O,O,N,TAKE BACK RETURN,Manufacturer#4,2-HIGH,2,HOUSEHOLD,MAIL,7,0.07,21,Brand#45,JUMBO PACK,14,14,1,13125.9744
F,F,A,NONE,Manufacturer#5,5-LOW,1,MACHINERY,REG AIR,2,0.02,9,Brand#53,WRAP DRUM,46,22,4,27581.3208
F,F,R,NONE,Manufacturer#4,5-LOW,1,MACHINERY,REG AIR,4,0.08,18,Brand#44,SM BAG,23,48,2,83152.3968
O,O,N,COLLECT COD,Manufacturer#5,3-MEDIUM,2,MACHINERY,FOB,1,0.02,9,Brand#51,LG CASE,24,3,4,3249.6555
O,O,N,NONE,Manufacturer#4,3-MEDIUM,2,MACHINERY,SHIP,5,0.01,12,Brand#42,MED CAN,11,36,0,43931.0304
F,F,R,DELIVER IN PERSON,Manufacturer#3,4-NOT SPECIFIED,3,HOUSEHOLD,REG AIR,1,0.04,21,Brand#35,MED BOX,47,2,1,2447.01
F,F,A,NONE,Manufacturer#1,4-NOT SPECIFIED,3,MACHINERY,AIR,2,0.03,18,Brand#14,JUMBO JAR,21,4,2,7091.48
F,F,A,NONE,Manufacturer#1,4-NOT SPECIFIED,3,MACHINERY,SHIP,4,0.08,21,Brand#12,JUMBO CAN,17,12,1,15084.288
F,F,A,TAKE BACK RETURN,Manufacturer#3,4-NOT SPECIFIED,3,MACHINERY,SHIP,3,0.08,21,Brand#35,WRAP BOX,44,23,1,35299.0752
O,O,N,NONE,Manufacturer#1,1-URGENT,1,FURNITURE,FOB,5,0.01,18,Brand#14,MED PACK,2,13,2,19824.3591
O,O,N,TAKE BACK RETURN,Manufacturer#3,1-URGENT,1,HOUSEHOLD,SHIP,1,0.04,21,Brand#32,MED PKG,5,34,1,39519.6042
O,O,N,TAKE BACK RETURN,Manufacturer#5,1-URGENT,1,HOUSEHOLD,REG AIR,3,0,18,Brand#51,MED PKG,47,34,2,55894.1742
O,O,N,COLLECT COD,Manufacturer#3,4-NOT SPECIFIED,2,FURNITURE,RAIL,4,0.03,9,Brand#33,LG CAN,14,1,4,1293.336
F,F,A,COLLECT COD,Manufacturer#3,1-URGENT,2,HOUSEHOLD,AIR,1,0.06,21,Brand#34,MED PKG,42,31,1,38739.2988
F,F,R,COLLECT COD,Manufacturer#1,1-URGENT,4,MACHINERY,FOB,2,0.01,8,Brand#13,SM BAG,29,15,3,24736.866
F,F,A,TAKE BACK RETURN,Manufacturer#1,1-URGENT,4,MACHINERY,MAIL,6,0.04,8,Brand#13,JUMBO BOX,8,7,3,6211.2995
F,F,A,NONE,Manufacturer#2,1-URGENT,4,MACHINERY,SHIP,7,0.04,9,Brand#23,JUMBO PACK,17,8,4,10962.864
F,F,R,TAKE BACK RETURN,Manufacturer#5,3-MEDIUM,4,AUTOMOBILE,RAIL,2,0.06,9,Brand#55,JUMBO BAG,3,12,4,10101.2184
O,O,N,TAKE BACK RETURN,Manufacturer#4,4-NOT SPECIFIED,4,BUILDING,TRUCK,4,0.04,21,Brand#44,LG CASE,44,20,1,36533.616
O,O,N,NONE,Manufacturer#3,4-NOT SPECIFIED,4,BUILDING,MAIL,3,0.06,21,Brand#34,MED DRUM,47,23,1,43607.77
O,O,N,COLLECT COD,Manufacturer#1,1-URGENT,3,FURNITURE,RAIL,3,0.07,9,Brand#15,SM JAR,15,31,4,36409.9185
F,F,R,TAKE BACK RETURN,Manufacturer#1,5-LOW,2,MACHINERY,AIR,1,0.04,8,Brand#15,LG CASE,41,9,3,14519.8053
O,O,N,DELIVER IN PERSON,Manufacturer#5,5-LOW,4,FURNITURE,MAIL,4,0.06,21,Brand#52,JUMBO CAN,43,50,1,78934.765
O,O,N,COLLECT COD,Manufacturer#5,5-LOW,4,FURNITURE,SHIP,3,0.05,18,Brand#53,MED CASE,28,6,2,6368.6898
O,O,N,DELIVER IN PERSON,Manufacturer#1,5-LOW,4,FURNITURE,AIR,5,0.05,9,Brand#14,JUMBO JAR,26,14,4,15949.6904
F,F,R,NONE,Manufacturer#3,1-URGENT,0,MACHINERY,MAIL,2,0.03,21,Brand#32,WRAP PACK,24,18,1,24529.1328
F,F,A,NONE,Manufacturer#2,5-LOW,4,BUILDING,REG AIR,3,0.03,8,Brand#23,JUMBO PKG,15,25,3,24439.05
F,F,R,NONE,Manufacturer#4,5-LOW,4,BUILDING,AIR,1,0.04,18,Brand#44,MED PACK,34,9,2,9954.423
F,F,A,NONE,Manufacturer#3,2-HIGH,0,AUTOMOBILE,SHIP,3,0.08,18,Brand#31,SM JAR,2,16,2,20962.9728
F,F,A,TAKE BACK RETURN,Manufacturer#5,2-HIGH,0,AUTOMOBILE,REG AIR,4,0.01,8,Brand#55,LG CASE,26,47,3,80467.9104
F,F,R,DELIVER IN PERSON,Manufacturer#4,2-HIGH,0,AUTOMOBILE,AIR,1,0.08,18,Brand#41,MED BOX,50,50,2,71874.985
F,F,A,NONE,Manufacturer#5,1-URGENT,0,AUTOMOBILE,AIR,2,0.01,8,Brand#54,WRAP CASE,46,6,3,8211.021
O,O,N,COLLECT COD,Manufacturer#1,3-MEDIUM,3,BUILDING,TRUCK,2,0.06,9,Brand#15,MED CASE,17,35,4,52848.2675
O,O,N,TAKE BACK RETURN,Manufacturer#3,3-MEDIUM,3,BUILDING,RAIL,3,0.03,8,Brand#31,JUMBO BOX,34,21,3,35485.38
O,O,N,TAKE BACK RETURN,Manufacturer#3,3-MEDIUM,3,BUILDING,SHIP,1,0,21,Brand#32,LG DRUM,43,27,1,27002.43
O,O,N,COLLECT COD,Manufacturer#3,1-URGENT,2,MACHINERY,FOB,6,0.08,21,Brand#35,JUMBO JAR,29,20,1,32980.77
O,O,N,COLLECT COD,Manufacturer#2,1-URGENT,2,MACHINERY,SHIP,3,0.08,8,Brand#21,LG BOX,19,37,3,64077.71
O,O,N,NONE,Manufacturer#4,3-MEDIUM,2,FURNITURE,SHIP,4,0.07,18,Brand#45,JUMBO CAN,13,34,2,38297.3484
F,F,A,COLLECT COD,Manufacturer#3,2-HIGH,4,AUTOMOBILE,MAIL,5,0.06,8,Brand#31,WRAP DRUM,29,29,3,38087.324
F,F,A,NONE,Manufacturer#4,2-HIGH,3,FURNITURE,RAIL,3,0.07,12,Brand#41,JUMBO CAN,48,30,0,53636.4
O,O,N,NONE,Manufacturer#3,5-LOW,2,HOUSEHOLD,REG AIR,1,0.03,8,Brand#32,LG PKG,21,8,3,10020.7016
O,O,N,TAKE BACK RETURN,Manufacturer#1,5-LOW,1,FURNITURE,RAIL,1,0.08,12,Brand#13,MED JAR,17,35,0,63892.521
O,O,N,COLLECT COD,Manufacturer#1,5-LOW,1,FURNITURE,MAIL,4,0,18,Brand#15,JUMBO JAR,49,2,2,3681.88
F,F,R,DELIVER IN PERSON,Manufacturer#1,3-MEDIUM,3,MACHINERY,RAIL,4,0.07,18,Brand#12,JUMBO DRUM,17,12,2,14950.074
F,F,R,TAKE BACK RETURN,Manufacturer#1,5-LOW,4,HOUSEHOLD,SHIP,2,0.03,18,Brand#11,JUMBO PACK,12,48,2,84761.28
F,F,R,COLLECT COD,Manufacturer#4,5-LOW,4,HOUSEHOLD,REG AIR,5,0.05,21,Brand#42,JUMBO DRUM,13,27,1,36845.2854
O,O,N,NONE,Manufacturer#3,4-NOT SPECIFIED,0,MACHINERY,REG AIR,3,0.02,9,Brand#33,SM DRUM,13,39,4,59020.0182
F,F,A,NONE,Manufacturer#3,1-URGENT,2,HOUSEHOLD,FOB,3,0.02,21,Brand#32,WRAP PKG,29,10,1,16223.427
F,F,A,DELIVER IN PERSON,Manufacturer#4,1-URGENT,2,HOUSEHOLD,MAIL,4,0.05,21,Brand#43,WRAP CASE,44,19,1,28276.5182
O,O,N,TAKE BACK RETURN,Manufacturer#5,1-URGENT,1,HOUSEHOLD,AIR,6,0.07,18,Brand#52,SM PKG,2,14,2,18567.0352
O,O,N,TAKE BACK RETURN,Manufacturer#3,1-URGENT,1,HOUSEHOLD,AIR,4,0.06,8,Brand#35,LG JAR,18,21,3,25836.93
O,O,N,DELIVER IN PERSON,Manufacturer#5,1-URGENT,1,MACHINERY,MAIL,4,0.07,12,Brand#53,WRAP CAN,49,5,0,8844.3
O,O,N,NONE,Manufacturer#3,1-URGENT,1,MACHINERY,AIR,1,0.01,18,Brand#35,WRAP BAG,46,12,2,10569.6984
O,O,N,TAKE BACK RETURN,Manufacturer#5,4-NOT SPECIFIED,3,HOUSEHOLD,RAIL,2,0.07,8,Brand#53,SM PKG,40,12,3,15626.304
F,F,A,DELIVER IN PERSON,Manufacturer#3,5-LOW,4,HOUSEHOLD,AIR,4,0.01,21,Brand#35,SM BAG,2,36,1,46715.1048
F,F,R,NONE,Manufacturer#5,5-LOW,4,HOUSEHOLD,TRUCK,6,0.08,18,Brand#52,WRAP PKG,36,7,2,7574.9184
F,F,A,COLLECT COD,Manufacturer#4,3-MEDIUM,0,FURNITURE,SHIP,4,0,21,Brand#45,MED JAR,35,34,1,36053.583
F,F,R,NONE,Manufacturer#5,5-LOW,2,MACHINERY,SHIP,4,0.01,12,Brand#51,JUMBO BOX,48,13,0,22292.53
F,F,R,COLLECT COD,Manufacturer#4,5-LOW,2,MACHINERY,FOB,3,0.01,21,Brand#45,WRAP DRUM,27,1,1,1040.0049
O,O,N,COLLECT COD,Manufacturer#1,1-URGENT,2,FURNITURE,AIR,1,0.07,18,Brand#11,LG JAR,40,9,2,8869.2876
O,O,N,NONE,Manufacturer#5,1-URGENT,2,FURNITURE,MAIL,2,0.03,9,Brand#55,WRAP DRUM,42,28,4,49421.47
O,O,N,NONE,Manufacturer#2,1-URGENT,2,FURNITURE,TRUCK,3,0.01,18,Brand#25,WRAP DRUM,45,38,2,37736.622
F,F,A,DELIVER IN PERSON,Manufacturer#3,3-MEDIUM,4,FURNITURE,REG AIR,2,0.06,8,Brand#35,WRAP CASE,1,43,3,48965.7168
O,O,N,COLLECT COD,Manufacturer#4,3-MEDIUM,3,FURNITURE,TRUCK,5,0.03,21,Brand#45,LG JAR,47,31,1,34538.0672
O,O,N,NONE,Manufacturer#5,3-MEDIUM,3,FURNITURE,SHIP,2,0.01,12,Brand#55,LG BAG,45,19,0,28190.1708
F,F,A,NONE,Manufacturer#4,4-NOT SPECIFIED,4,AUTOMOBILE,FOB,6,0.02,9,Brand#42,MED CASE,32,8,4,7667.5008
F,F,R,NONE,Manufacturer#3,4-NOT SPECIFIED,4,AUTOMOBILE,FOB,2,0.06,21,Brand#35,LG JAR,38,27,1,40779.8226
F,F,R,TAKE BACK RETURN,Manufacturer#2,5-LOW,0,MACHINERY,SHIP,1,0.07,12,Brand#24,SM BAG,18,8,0,11767.6992
O,O,N,COLLECT COD,Manufacturer#4,4-NOT SPECIFIED,0,FURNITURE,MAIL,3,0,18,Brand#44,SM BAG,15,42,2,59673.726
F,F,R,DELIVER IN PERSON,Manufacturer#5,1-URGENT,3,FURNITURE,TRUCK,5,0.08,9,Brand#54,LG CAN,30,21,4,34213.6305
F,F,A,TAKE BACK RETURN,Manufacturer#3,1-URGENT,4,AUTOMOBILE,FOB,3,0.03,18,Brand#31,MED PKG,21,17,2,21988.2607
F,F,A,NONE,Manufacturer#3,1-URGENT,4,AUTOMOBILE,RAIL,6,0.02,9,Brand#33,SM DRUM,13,44,4,63896.316
F,F,R,DELIVER IN PERSON,Manufacturer#5,1-URGENT,4,AUTOMOBILE,MAIL,5,0.08,21,Brand#53,JUMBO BAG,5,23,1,29290.8726
F,F,R,DELIVER IN PERSON,Manufacturer#3,2-HIGH,4,BUILDING,RAIL,3,0.01,8,Brand#32,LG PKG,36,30,3,48071.478
F,F,R,NONE,Manufacturer#4,4-NOT SPECIFIED,4,AUTOMOBILE,MAIL,3,0.07,21,Brand#42,MED CAN,24,27,1,46375.2864
O,O,N,TAKE BACK RETURN,Manufacturer#2,4-NOT SPECIFIED,0,HOUSEHOLD,AIR,4,0.07,18,Brand#23,MED DRUM,19,36,2,51700.356
O,O,N,DELIVER IN PERSON,Manufacturer#3,5-LOW,2,HOUSEHOLD,AIR,3,0.08,21,Brand#32,WRAP BOX,46,16,1,16050.0864
O,O,N,NONE,Manufacturer#2,5-LOW,2,HOUSEHOLD,FOB,5,0.07,9,Brand#23,WRAP BOX,33,37,4,31963.1678
O,O,N,TAKE BACK RETURN,Manufacturer#5,1-URGENT,1,BUILDING,TRUCK,2,0,12,Brand#52,MED CAN,41,14,0,20709.4972
F,F,A,NONE,Manufacturer#5,5-LOW,1,FURNITURE,MAIL,2,0.06,21,Brand#53,SM CAN,36,13,1,17148.0582
F,F,A,DELIVER IN PERSON,Manufacturer#2,5-LOW,1,FURNITURE,REG AIR,7,0.05,9,Brand#25,MED CAN,25,48,4,43093.824
F,F,R,DELIVER IN PERSON,Manufacturer#5,5-LOW,1,FURNITURE,FOB,1,0.03,18,Brand#51,SM DRUM,18,34,2,47211.8594
F,F,A,TAKE BACK RETURN,Manufacturer#3,5-LOW,1,FURNITURE,AIR,3,0.06,18,Brand#31,WRAP DRUM,29,3,2,3732.696
F,F,A,DELIVER IN PERSON,Manufacturer#2,5-LOW,1,FURNITURE,FOB,4,0.02,12,Brand#22,LG BOX,9,20,0,27942.424
O,O,N,DELIVER IN PERSON,Manufacturer#4,4-NOT SPECIFIED,3,BUILDING,REG AIR,2,0.04,12,Brand#42,SM DRUM,45,20,0,27813.624
O,O,N,COLLECT COD,Manufacturer#4,4-NOT SPECIFIED,3,BUILDING,MAIL,1,0.06,21,Brand#45,WRAP BAG,8,14,1,23169.7032
F,F,A,DELIVER IN PERSON,Manufacturer#2,1-URGENT,2,HOUSEHOLD,REG AIR,1,0,8,Brand#24,MED PKG,48,42,3,57277.647
F,F,R,TAKE BACK RETURN,Manufacturer#3,3-MEDIUM,4,BUILDING,REG AIR,1,0.01,18,Brand#31,MED PACK,20,2,2,3235.7234
O,O,N,DELIVER IN PERSON,Manufacturer#1,2-HIGH,1,MACHINERY,RAIL,4,0.02,21,Brand#14,MED CAN,23,32,1,56241.6864
O,O,N,COLLECT COD,Manufacturer#2,2-HIGH,1,MACHINERY,SHIP,2,0,21,Brand#22,JUMBO CAN,42,42,1,65463.5982
O,O,N,NONE,Manufacturer#1,1-URGENT,3,AUTOMOBILE,AIR,1,0.06,21,Brand#14,WRAP CASE,16,4,1,5204.7872
O,O,N,NONE,Manufacturer#5,1-URGENT,3,AUTOMOBILE,SHIP,2,0.01,8,Brand#54,JUMBO PACK,37,18,3,26587.5264
O,O,N,NONE,Manufacturer#4,5-LOW,3,BUILDING,MAIL,3,0.07,9,Brand#41,JUMBO PKG,36,6,4,9791.517
O,O,N,TAKE BACK RETURN,Manufacturer#4,5-LOW,3,BUILDING,MAIL,2,0.03,21,Brand#42,SM CAN,44,33,1,51819.9264
F,F,R,NONE,Manufacturer#1,4-NOT SPECIFIED,4,FURNITURE,TRUCK,7,0,21,Brand#12,MED PKG,41,50,1,47380.7
F,F,R,TAKE BACK RETURN,Manufacturer#2,1-URGENT,4,HOUSEHOLD,FOB,4,0.02,21,Brand#23,LG JAR,26,23,1,33188.2824
O,O,N,COLLECT COD,Manufacturer#4,1-URGENT,0,HOUSEHOLD,FOB,5,0.06,18,Brand#44,WRAP PKG,42,8,2,12951.8496
O,O,N,TAKE BACK RETURN,Manufacturer#5,1-URGENT,0,HOUSEHOLD,SHIP,2,0.08,21,Brand#53,SM CAN,36,8,1,10784.5776
O,O,N,TAKE BACK RETURN,Manufacturer#5,1-URGENT,0,HOUSEHOLD,REG AIR,4,0.08,18,Brand#52,WRAP CASE,10,26,2,41377.44
O,O,N,TAKE BACK RETURN,Manufacturer#2,2-HIGH,2,AUTOMOBILE,FOB,5,0.03,8,Brand#24,SM CAN,14,26,3,28836.522
O,O,N,NONE,Manufacturer#5,2-HIGH,2,AUTOMOBILE,MAIL,2,0.03,9,Brand#52,SM BOX,2,4,4,3604.9032
O,O,N,NONE,Manufacturer#4,4-NOT SPECIFIED,0,BUILDING,MAIL,4,0.03,9,Brand#44,SM CASE,16,44,4,43040.7648
O,O,N,DELIVER IN PERSON,Manufacturer#1,4-NOT SPECIFIED,1,BUILDING,SHIP,7,0.04,9,Brand#15,MED CASE,17,11,4,15582.0665
O,O,N,COLLECT COD,Manufacturer#2,4-NOT SPECIFIED,1,BUILDING,FOB,6,0.02,21,Brand#21,LG CAN,33,33,1,35443.8084
O,O,N,COLLECT COD,Manufacturer#2,4-NOT SPECIFIED,1,HOUSEHOLD,SHIP,5,0.08,21,Brand#24,JUMBO PACK,48,34,1,45563.7672
O,O,N,NONE,Manufacturer#2,1-URGENT,4,MACHINERY,SHIP,5,0.06,12,Brand#22,SM PACK,31,18,0,17164.9548
O,O,N,NONE,Manufacturer#2,1-URGENT,4,MACHINERY,AIR,4,0.02,18,Brand#23,MED PKG,34,28,2,44369.7296
F,F,A,TAKE BACK RETURN,Manufacturer#5,2-HIGH,1,AUTOMOBILE,AIR,1,0.02,18,Brand#52,WRAP PACK,43,42,2,55943.1936
F,F,A,TAKE BACK RETURN,Manufacturer#2,2-HIGH,1,AUTOMOBILE,FOB,4,0.01,8,Brand#24,JUMBO PACK,39,38,3,47339.127
F,F,R,COLLECT COD,Manufacturer#4,3-MEDIUM,2,FURNITURE,AIR,2,0.04,21,Brand#41,JUMBO JAR,22,37,1,50310.0248
O,O,N,TAKE BACK RETURN,Manufacturer#4,4-NOT SPECIFIED,2,AUTOMOBILE,MAIL,4,0.08,12,Brand#41,SM BOX,17,13,0,23346.57
F,F,R,DELIVER IN PERSON,Manufacturer#3,1-URGENT,2,AUTOMOBILE,MAIL,1,0.06,8,Brand#35,SM PKG,35,45,3,69585.03
O,O,N,COLLECT COD,Manufacturer#4,2-HIGH,1,FURNITURE,SHIP,1,0.06,8,Brand#44,LG CAN,36,22,3,22031.1168
O,O,N,TAKE BACK RETURN,Manufacturer#4,2-HIGH,1,FURNITURE,AIR,2,0.05,21,Brand#42,MED CAN,24,36,1,62505.8208
F,F,A,COLLECT COD,Manufacturer#3,2-HIGH,1,FURNITURE,RAIL,5,0.08,12,Brand#33,MED PKG,24,47,0,72080.61
O,O,N,DELIVER IN PERSON,Manufacturer#1,4-NOT SPECIFIED,0,BUILDING,FOB,1,0.07,18,Brand#12,JUMBO BAG,43,40,2,50504.652
O,O,N,COLLECT COD,Manufacturer#2,4-NOT SPECIFIED,2,MACHINERY,RAIL,5,0.06,21,Brand#23,JUMBO PACK,25,40,1,37716.316
O,O,N,TAKE BACK RETURN,Manufacturer#2,4-NOT SPECIFIED,0,MACHINERY,REG AIR,1,0.04,12,Brand#23,WRAP BAG,29,2,0,1884.3808
O,O,N,COLLECT COD,Manufacturer#3,2-HIGH,1,AUTOMOBILE,RAIL,4,0.03,18,Brand#34,JUMBO CAN,5,14,2,16297.8368
O,O,N,DELIVER IN PERSON,Manufacturer#1,4-NOT SPECIFIED,4,MACHINERY,MAIL,2,0.04,12,Brand#14,LG JAR,24,35,0,33205.4765
O,O,N,DELIVER IN PERSON,Manufacturer#2,4-NOT SPECIFIED,4,MACHINERY,REG AIR,5,0.02,18,Brand#23,WRAP DRUM,30,2,2,3707.9
F,F,A,TAKE BACK RETURN,Manufacturer#3,5-LOW,0,AUTOMOBILE,AIR,1,0.01,8,Brand#33,SM PKG,6,18,3,28920.6
F,F,A,DELIVER IN PERSON,Manufacturer#1,5-LOW,0,AUTOMOBILE,SHIP,4,0,8,Brand#14,LG PACK,44,17,3,26334.1288
F,F,R,NONE,Manufacturer#4,2-HIGH,1,FURNITURE,RAIL,1,0.02,12,Brand#43,JUMBO CAN,37,7,0,8522.4524
O,O,N,NONE,Manufacturer#2,4-NOT SPECIFIED,4,BUILDING,AIR,2,0.07,12,Brand#23,JUMBO BOX,47,29,0,32851.1304
O,O,N,NONE,Manufacturer#5,4-NOT SPECIFIED,4,BUILDING,SHIP,5,0.03,8,Brand#51,MED DRUM,9,2,3,2202.7608
O,O,N,COLLECT COD,Manufacturer#2,4-NOT SPECIFIED,4,BUILDING,REG AIR,3,0.07,21,Brand#23,LG CAN,19,15,1,20858.976
F,F,A,TAKE BACK RETURN,Manufacturer#4,3-MEDIUM,4,BUILDING,RAIL,3,0,18,Brand#45,WRAP DRUM,2,12,2,11766.282
F,F,R,TAKE BACK RETURN,Manufacturer#2,3-MEDIUM,4,BUILDING,MAIL,1,0,8,Brand#23,WRAP PKG,6,26,3,35835.6726
F,F,A,DELIVER IN PERSON,Manufacturer#5,5-LOW,4,BUILDING,FOB,1,0.06,8,Brand#54,WRAP JAR,50,43,3,76469.9745
O,P,N,DELIVER IN PERSON,Manufacturer#5,1-URGENT,4,HOUSEHOLD,REG AIR,5,0.06,12,Brand#55,MED CASE,31,23,0,37498.2018
O,P,N,COLLECT COD,Manufacturer#2,1-URGENT,4,HOUSEHOLD,AIR,4,0.02,21,Brand#23,LG JAR,26,25,1,37659.9
F,F,R,NONE,Manufacturer#1,1-URGENT,4,HOUSEHOLD,MAIL,1,0,8,Brand#15,LG CASE,41,11,3,17941.4444
O,O,N,TAKE BACK RETURN,Manufacturer#1,3-MEDIUM,0,BUILDING,FOB,3,0.03,21,Brand#11,JUMBO PACK,39,10,1,17295.628
O,O,N,NONE,Manufacturer#1,3-MEDIUM,0,BUILDING,FOB,5,0.02,12,Brand#13,WRAP CASE,24,19,0,18022.526
O,O,N,COLLECT COD,Manufacturer#2,1-URGENT,0,MACHINERY,SHIP,1,0.07,21,Brand#21,JUMBO CAN,29,24,1,36183.1584
O,O,N,TAKE BACK RETURN,Manufacturer#5,1-URGENT,0,MACHINERY,MAIL,2,0.01,21,Brand#51,LG CAN,22,42,1,62856.4608
F,F,A,DELIVER IN PERSON,Manufacturer#1,1-URGENT,1,AUTOMOBILE,RAIL,5,0.08,9,Brand#11,LG JAR,40,33,4,34995.1239
F,F,A,DELIVER IN PERSON,Manufacturer#4,1-URGENT,1,AUTOMOBILE,TRUCK,4,0.01,9,Brand#41,MED PACK,2,24,4,37710.144
F,F,A,DELIVER IN PERSON,Manufacturer#3,4-NOT SPECIFIED,4,MACHINERY,SHIP,1,0.07,21,Brand#31,JUMBO CASE,1,34,1,31220.2552
O,O,N,NONE,Manufacturer#3,1-URGENT,2,FURNITURE,FOB,2,0,8,Brand#35,WRAP BOX,44,30,3,43164.63
O,O,N,TAKE BACK RETURN,Manufacturer#4,1-URGENT,2,FURNITURE,REG AIR,1,0.06,18,Brand#44,WRAP CAN,41,18,2,17835.9804
F,F,R,TAKE BACK RETURN,Manufacturer#2,1-URGENT,3,BUILDING,FOB,3,0,8,Brand#25,SM BAG,3,10,3,16515.591
F,F,A,TAKE BACK RETURN,Manufacturer#3,5-LOW,0,AUTOMOBILE,SHIP,1,0.05,8,Brand#33,JUMBO DRUM,3,50,3,47752.2
O,O,N,TAKE BACK RETURN,Manufacturer#3,4-NOT SPECIFIED,4,MACHINERY,SHIP,5,0,9,Brand#34,JUMBO CAN,36,9,4,11058.4845
O,O,N,TAKE BACK RETURN,Manufacturer#4,4-NOT SPECIFIED,4,MACHINERY,FOB,2,0.05,21,Brand#45,MED JAR,35,32,1,33932.784
O,O,N,DELIVER IN PERSON,Manufacturer#5,3-MEDIUM,1,BUILDING,TRUCK,1,0.08,21,Brand#55,LG PKG,1,28,1,38184.0732
O,O,N,TAKE BACK RETURN,Manufacturer#5,3-MEDIUM,1,BUILDING,MAIL,6,0.07,9,Brand#51,WRAP BOX,25,38,4,55800.5376
O,O,N,DELIVER IN PERSON,Manufacturer#1,2-HIGH,2,AUTOMOBILE,FOB,1,0.03,18,Brand#12,SM PACK,36,26,2,47323.9104
O,O,N,COLLECT COD,Manufacturer#3,4-NOT SPECIFIED,0,AUTOMOBILE,FOB,5,0.06,9,Brand#35,SM CAN,39,11,4,11133.2221
F,F,A,NONE,Manufacturer#5,5-LOW,3,FURNITURE,RAIL,2,0.04,21,Brand#54,SM BAG,1,5,1,8456.518
F,F,A,COLLECT COD,Manufacturer#3,4-NOT SPECIFIED,3,BUILDING,SHIP,2,0.01,21,Brand#31,JUMBO CASE,1,10,1,8982.81
O,O,N,DELIVER IN PERSON,Manufacturer#2,1-URGENT,2,BUILDING,FOB,2,0.02,8,Brand#25,SM BAG,3,21,3,35055.6738
F,F,A,COLLECT COD,Manufacturer#2,4-NOT SPECIFIED,4,FURNITURE,MAIL,2,0.08,18,Brand#22,SM PKG,45,26,2,24504.623
F,F,A,NONE,Manufacturer#3,5-LOW,2,MACHINERY,TRUCK,3,0.04,12,Brand#32,JUMBO BAG,42,6,0,5262.1632
F,F,A,COLLECT COD,Manufacturer#2,2-HIGH,1,MACHINERY,AIR,3,0.05,12,Brand#24,MED PKG,4,33,0,38859.48
O,O,N,COLLECT COD,Manufacturer#4,2-HIGH,1,BUILDING,AIR,3,0.06,18,Brand#41,SM CAN,26,46,2,67089.022
O,O,N,COLLECT COD,Manufacturer#4,2-HIGH,1,BUILDING,TRUCK,1,0.05,21,Brand#43,WRAP CASE,12,43,1,38696.13
F,F,A,DELIVER IN PERSON,Manufacturer#1,1-URGENT,3,AUTOMOBILE,MAIL,3,0.06,21,Brand#12,MED CASE,30,41,1,48286.3068
F,F,A,TAKE BACK RETURN,Manufacturer#4,5-LOW,1,MACHINERY,RAIL,4,0.08,21,Brand#45,MED JAR,35,46,1,76030.571
O,O,N,COLLECT COD,Manufacturer#2,3-MEDIUM,2,BUILDING,SHIP,1,0.04,12,Brand#21,LG DRUM,21,43,0,61986.048
F,F,R,TAKE BACK RETURN,Manufacturer#1,1-URGENT,2,FURNITURE,AIR,2,0.06,18,Brand#12,WRAP CASE,20,45,2,66555.648
O,O,N,TAKE BACK RETURN,Manufacturer#4,2-HIGH,4,FURNITURE,RAIL,3,0.06,12,Brand#43,MED JAR,13,28,0,47035.0188
O,O,N,NONE,Manufacturer#1,5-LOW,1,MACHINERY,TRUCK,3,0.04,12,Brand#15,LG PACK,50,45,0,76118.616
F,F,A,NONE,Manufacturer#5,2-HIGH,0,BUILDING,REG AIR,1,0.01,9,Brand#55,LG JAR,38,37,4,48242.3205
F,F,R,NONE,Manufacturer#5,4-NOT SPECIFIED,2,AUTOMOBILE,AIR,1,0.05,18,Brand#53,WRAP CASE,1,16,2,18411.0656
O,O,N,TAKE BACK RETURN,Manufacturer#5,1-URGENT,4,FURNITURE,MAIL,5,0,21,Brand#53,SM BOX,21,50,1,83319.84
O,O,N,NONE,Manufacturer#5,4-NOT SPECIFIED,2,AUTOMOBILE,RAIL,2,0.08,9,Brand#51,JUMBO BAG,20,19,4,31202.7462
F,F,R,TAKE BACK RETURN,Manufacturer#5,4-NOT SPECIFIED,3,BUILDING,AIR,4,0.03,18,Brand#53,LG BAG,10,4,2,3426.1904
F,F,R,COLLECT COD,Manufacturer#3,4-NOT SPECIFIED,3,BUILDING,MAIL,1,0.04,21,Brand#34,SM PKG,32,37,1,64271.3532
F,F,A,DELIVER IN PERSON,Manufacturer#1,4-NOT SPECIFIED,3,BUILDING,TRUCK,2,0.06,18,Brand#11,JUMBO BOX,48,39,2,51163.1835
F,F,A,NONE,Manufacturer#4,4-NOT SPECIFIED,3,BUILDING,TRUCK,5,0.08,9,Brand#45,SM PACK,48,41,4,36383.3016
O,O,N,COLLECT COD,Manufacturer#3,4-NOT SPECIFIED,1,AUTOMOBILE,MAIL,6,0.01,9,Brand#33,SM DRUM,13,18,4,27240.0084
O,O,N,NONE,Manufacturer#4,4-NOT SPECIFIED,1,AUTOMOBILE,AIR,1,0.03,9,Brand#44,SM JAR,27,2,4,2610.99
O,O,N,TAKE BACK RETURN,Manufacturer#1,4-NOT SPECIFIED,1,AUTOMOBILE,REG AIR,5,0.04,18,Brand#13,JUMBO CASE,18,41,2,38056.8765
F,F,A,DELIVER IN PERSON,Manufacturer#4,5-LOW,3,AUTOMOBILE,RAIL,2,0.02,8,Brand#41,WRAP DRUM,9,22,3,31877.9692
F,F,R,DELIVER IN PERSON,Manufacturer#3,5-LOW,3,HOUSEHOLD,SHIP,1,0.05,9,Brand#34,SM PACK,48,25,4,27948.08
F,F,R,COLLECT COD,Manufacturer#1,5-LOW,3,HOUSEHOLD,SHIP,3,0.05,8,Brand#11,SM CAN,44,16,3,27241.3232
F,F,A,NONE,Manufacturer#2,2-HIGH,3,AUTOMOBILE,RAIL,6,0.07,9,Brand#23,SM CASE,31,49,4,52403.148
F,F,A,TAKE BACK RETURN,Manufacturer#5,2-HIGH,3,AUTOMOBILE,RAIL,5,0.07,9,Brand#51,MED CASE,40,39,4,67445.4924
O,O,N,NONE,Manufacturer#3,2-HIGH,1,FURNITURE,TRUCK,6,0.08,18,Brand#33,JUMBO JAR,3,40,2,39901.316
F,F,A,DELIVER IN PERSON,Manufacturer#3,2-HIGH,1,FURNITURE,REG AIR,2,0.04,8,Brand#32,LG BOX,44,21,3,32157.5079
O,O,N,NONE,Manufacturer#4,2-HIGH,2,AUTOMOBILE,REG AIR,2,0.07,21,Brand#42,SM PKG,35,18,1,16752.906
F,F,R,TAKE BACK RETURN,Manufacturer#5,2-HIGH,1,BUILDING,RAIL,1,0.04,9,Brand#52,LG BAG,32,9,4,8720.082
F,F,A,NONE,Manufacturer#4,3-MEDIUM,1,AUTOMOBILE,SHIP,3,0.01,12,Brand#41,SM PACK,44,50,0,65112.795
F,F,R,TAKE BACK RETURN,Manufacturer#5,3-MEDIUM,1,AUTOMOBILE,AIR,4,0.05,21,Brand#53,JUMBO DRUM,26,37,1,39007.7088
F,F,A,DELIVER IN PERSON,Manufacturer#4,4-NOT SPECIFIED,4,MACHINERY,AIR,2,0.05,21,Brand#43,LG PKG,15,38,1,40156.3708
F,F,R,COLLECT COD,Manufacturer#4,4-NOT SPECIFIED,4,MACHINERY,TRUCK,1,0.04,18,Brand#44,WRAP PACK,1,10,2,10802.7
O,O,N,NONE,Manufacturer#2,2-HIGH,1,FURNITURE,MAIL,1,0.08,21,Brand#21,MED DRUM,49,5,1,5180.576
F,F,A,COLLECT COD,Manufacturer#5,4-NOT SPECIFIED,1,BUILDING,REG AIR,3,0,18,Brand#53,MED CASE,28,38,2,39927.6108
O,O,N,NONE,Manufacturer#2,5-LOW,1,FURNITURE,FOB,2,0.05,9,Brand#21,MED JAR,8,20,4,21790.468
F,F,A,COLLECT COD,Manufacturer#4,1-URGENT,3,MACHINERY,RAIL,2,0.04,18,Brand#45,MED BAG,27,19,2,21981.9873
O,P,N,COLLECT COD,Manufacturer#5,4-NOT SPECIFIED,2,FURNITURE,TRUCK,2,0.06,18,Brand#54,MED JAR,10,36,2,47552.778
F,F,R,TAKE BACK RETURN,Manufacturer#3,5-LOW,3,HOUSEHOLD,RAIL,1,0.06,9,Brand#31,JUMBO BOX,34,33,4,54089.8578
F,F,R,COLLECT COD,Manufacturer#1,5-LOW,3,HOUSEHOLD,MAIL,2,0.03,8,Brand#14,JUMBO BOX,44,20,3,26028
F,F,R,DELIVER IN PERSON,Manufacturer#2,5-LOW,3,HOUSEHOLD,TRUCK,3,0.05,18,Brand#21,SM CAN,48,26,2,31033.5688
F,F,A,DELIVER IN PERSON,Manufacturer#3,4-NOT SPECIFIED,4,HOUSEHOLD,AIR,4,0.06,12,Brand#34,MED DRUM,47,29,0,50035.1761
F,P,N,NONE,Manufacturer#3,2-HIGH,2,MACHINERY,SHIP,7,0.05,12,Brand#32,LG DRUM,26,38,0,55737.0396
F,P,A,NONE,Manufacturer#5,2-HIGH,2,MACHINERY,SHIP,1,0.04,18,Brand#55,LG JAR,38,26,2,32472.6402
F,F,A,COLLECT COD,Manufacturer#5,2-HIGH,4,FURNITURE,TRUCK,1,0.06,21,Brand#54,JUMBO JAR,48,22,1,27464.2368
F,F,R,TAKE BACK RETURN,Manufacturer#1,2-HIGH,4,FURNITURE,AIR,2,0,8,Brand#11,SM CAN,45,6,3,9365.4198
O,O,N,TAKE BACK RETURN,Manufacturer#4,3-MEDIUM,4,HOUSEHOLD,RAIL,1,0.07,8,Brand#43,MED PACK,47,26,3,41202.72
O,O,N,COLLECT COD,Manufacturer#3,3-MEDIUM,4,HOUSEHOLD,TRUCK,5,0.04,18,Brand#31,JUMBO BOX,24,25,2,40583.3175
O,O,N,NONE,Manufacturer#4,3-MEDIUM,4,HOUSEHOLD,MAIL,4,0.03,21,Brand#43,LG PKG,15,48,1,52396.0512
O,O,N,COLLECT COD,Manufacturer#3,3-MEDIUM,4,HOUSEHOLD,TRUCK,2,0.04,9,Brand#32,LG CAN,33,35,4,38212.23
F,F,R,NONE,Manufacturer#4,5-LOW,0,FURNITURE,MAIL,1,0.02,12,Brand#41,MED PACK,22,26,0,31762.1304
F,F,R,NONE,Manufacturer#4,1-URGENT,4,AUTOMOBILE,MAIL,1,0.02,12,Brand#42,WRAP PKG,38,3,0,4203.4638
F,F,R,TAKE BACK RETURN,Manufacturer#5,1-URGENT,4,AUTOMOBILE,REG AIR,4,0.04,9,Brand#53,JUMBO JAR,28,42,4,49389.5094
F,F,A,DELIVER IN PERSON,Manufacturer#4,1-URGENT,4,AUTOMOBILE,FOB,3,0.07,18,Brand#44,MED DRUM,45,50,2,83117.4
F,F,R,NONE,Manufacturer#3,1-URGENT,4,AUTOMOBILE,AIR,2,0.07,9,Brand#35,JUMBO CASE,32,9,4,10780.8624
O,O,N,TAKE BACK RETURN,Manufacturer#3,5-LOW,2,MACHINERY,RAIL,1,0,9,Brand#35,SM CASE,22,45,4,76947.444
O,O,N,COLLECT COD,Manufacturer#4,3-MEDIUM,1,AUTOMOBILE,SHIP,2,0.06,21,Brand#42,SM JAR,47,48,1,40622.4
O,O,N,NONE,Manufacturer#5,3-MEDIUM,1,AUTOMOBILE,REG AIR,6,0.03,21,Brand#55,JUMBO CASE,25,21,1,18614.4777
O,O,N,COLLECT COD,Manufacturer#4,3-MEDIUM,1,AUTOMOBILE,SHIP,4,0.01,12,Brand#43,WRAP BAG,9,44,0,39086.8544
O,O,N,TAKE BACK RETURN,Manufacturer#3,3-MEDIUM,1,BUILDING,AIR,6,0.05,12,Brand#31,SM CAN,25,8,0,13504.212
O,O,N,DELIVER IN PERSON,Manufacturer#5,3-MEDIUM,1,BUILDING,FOB,3,0.01,18,Brand#55,SM BOX,37,35,2,33528.719
F,F,R,NONE,Manufacturer#5,2-HIGH,0,AUTOMOBILE,FOB,4,0.08,18,Brand#52,LG PKG,39,46,2,51767.4432
F,F,R,DELIVER IN PERSON,Manufacturer#1,2-HIGH,0,MACHINERY,AIR,3,0.02,9,Brand#12,JUMBO BAG,43,8,4,10100.9304
O,O,N,COLLECT COD,Manufacturer#4,1-URGENT,3,HOUSEHOLD,RAIL,4,0.01,9,Brand#44,LG JAR,15,9,4,9826.002
O,O,N,NONE,Manufacturer#1,1-URGENT,3,HOUSEHOLD,MAIL,2,0.03,18,Brand#11,JUMBO CASE,27,1,2,950.4594
O,O,N,DELIVER IN PERSON,Manufacturer#5,1-URGENT,3,HOUSEHOLD,SHIP,5,0.05,9,Brand#51,WRAP BOX,25,44,4,66630.2472
O,O,N,DELIVER IN PERSON,Manufacturer#3,3-MEDIUM,2,FURNITURE,MAIL,3,0.07,18,Brand#34,WRAP PACK,11,5,2,4812.244
O,O,N,TAKE BACK RETURN,Manufacturer#5,4-NOT SPECIFIED,0,HOUSEHOLD,AIR,3,0.05,18,Brand#55,LG BAG,16,11,2,10619.1624
O,O,N,NONE,Manufacturer#3,4-NOT SPECIFIED,0,HOUSEHOLD,RAIL,4,0.07,9,Brand#33,LG DRUM,28,5,4,5190.3245
F,F,R,TAKE BACK RETURN,Manufacturer#5,4-NOT SPECIFIED,4,MACHINERY,TRUCK,2,0.06,12,Brand#53,SM CASE,17,45,0,62014.896
F,F,R,TAKE BACK RETURN,Manufacturer#5,1-URGENT,3,AUTOMOBILE,RAIL,3,0.07,12,Brand#53,JUMBO BAG,21,21,0,29629.1835
O,O,N,DELIVER IN PERSON,Manufacturer#4,5-LOW,1,AUTOMOBILE,SHIP,2,0.01,18,Brand#44,SM JAR,27,30,2,40905.51
O,O,N,NONE,Manufacturer#3,5-LOW,1,AUTOMOBILE,REG AIR,4,0.01,9,Brand#32,LG BOX,1,12,4,11552.0736
O,O,N,COLLECT COD,Manufacturer#1,5-LOW,1,AUTOMOBILE,TRUCK,3,0.06,8,Brand#14,WRAP CASE,49,7,3,10011.5379
F,F,R,DELIVER IN PERSON,Manufacturer#5,5-LOW,2,FURNITURE,FOB,5,0.05,21,Brand#52,JUMBO PKG,17,24,1,30632.448
F,F,A,TAKE BACK RETURN,Manufacturer#3,5-LOW,2,FURNITURE,FOB,7,0.06,21,Brand#33,JUMBO PKG,10,17,1,20404.93
F,F,A,DELIVER IN PERSON,Manufacturer#4,5-LOW,2,FURNITURE,SHIP,3,0.01,18,Brand#44,SM BAG,15,19,2,29094.8881
F,F,R,TAKE BACK RETURN,Manufacturer#3,5-LOW,2,FURNITURE,AIR,6,0.02,12,Brand#34,WRAP JAR,43,2,0,2256.03
F,F,A,DELIVER IN PERSON,Manufacturer#4,5-LOW,0,BUILDING,SHIP,2,0.02,18,Brand#44,SM JAR,27,9,2,12402.2025
O,O,N,NONE,Manufacturer#4,1-URGENT,3,HOUSEHOLD,TRUCK,4,0.01,21,Brand#45,MED CASE,23,47,1,48125.6594
O,O,N,COLLECT COD,Manufacturer#2,4-NOT SPECIFIED,0,BUILDING,MAIL,2,0.06,8,Brand#25,WRAP JAR,15,32,3,36644.3808
O,O,N,COLLECT COD,Manufacturer#5,4-NOT SPECIFIED,1,BUILDING,RAIL,2,0,18,Brand#51,MED PKG,47,46,2,74062.323
O,O,N,TAKE BACK RETURN,Manufacturer#4,4-NOT SPECIFIED,1,BUILDING,SHIP,5,0.02,8,Brand#43,MED PACK,47,6,3,9706.41
O,O,N,COLLECT COD,Manufacturer#1,4-NOT SPECIFIED,1,BUILDING,REG AIR,4,0.08,18,Brand#13,LG DRUM,44,43,2,80838.71
O,O,N,COLLECT COD,Manufacturer#3,3-MEDIUM,4,HOUSEHOLD,AIR,2,0.01,18,Brand#33,SM CAN,48,46,2,63527.1546
O,O,N,TAKE BACK RETURN,Manufacturer#1,3-MEDIUM,4,HOUSEHOLD,AIR,3,0.02,9,Brand#13,MED BAG,12,32,4,51721.664
O,O,N,NONE,Manufacturer#5,3-MEDIUM,4,HOUSEHOLD,TRUCK,1,0.05,21,Brand#55,JUMBO BAG,19,24,1,35221.44
F,F,R,DELIVER IN PERSON,Manufacturer#5,3-MEDIUM,1,AUTOMOBILE,MAIL,3,0.07,18,Brand#54,SM DRUM,19,20,2,37439.4
O,O,N,NONE,Manufacturer#5,3-MEDIUM,1,HOUSEHOLD,AIR,1,0.07,8,Brand#55,MED PKG,39,22,3,25080.2618
O,O,N,TAKE BACK RETURN,Manufacturer#4,3-MEDIUM,1,HOUSEHOLD,MAIL,5,0.02,9,Brand#42,MED PACK,24,29,4,47727.8984
O,O,N,COLLECT COD,Manufacturer#3,3-MEDIUM,1,HOUSEHOLD,AIR,3,0.03,9,Brand#34,LG DRUM,33,48,4,81955.9152
F,F,A,TAKE BACK RETURN,Manufacturer#2,4-NOT SPECIFIED,1,HOUSEHOLD,FOB,1,0,18,Brand#23,JUMBO JAR,42,1,2,1358.2569
F,F,A,TAKE BACK RETURN,Manufacturer#3,5-LOW,3,BUILDING,RAIL,1,0.04,9,Brand#33,LG DRUM,2,39,4,65884.4004
F,F,R,DELIVER IN PERSON,Manufacturer#1,2-HIGH,4,MACHINERY,AIR,2,0.08,12,Brand#14,SM PACK,10,9,0,8384.553
O,O,N,TAKE BACK RETURN,Manufacturer#3,5-LOW,4,MACHINERY,RAIL,1,0.02,18,Brand#32,MED CASE,29,14,2,15444.8294
O,O,N,TAKE BACK RETURN,Manufacturer#2,5-LOW,4,MACHINERY,FOB,2,0.06,18,Brand#22,WRAP DRUM,23,29,2,27062.4288
O,O,N,NONE,Manufacturer#1,5-LOW,4,MACHINERY,SHIP,4,0.05,21,Brand#13,MED DRUM,4,38,1,60144.6216
F,F,R,TAKE BACK RETURN,Manufacturer#1,4-NOT SPECIFIED,1,MACHINERY,MAIL,6,0.08,9,Brand#13,MED PKG,8,5,4,8463.95
F,F,A,COLLECT COD,Manufacturer#1,4-NOT SPECIFIED,1,MACHINERY,AIR,3,0.08,18,Brand#11,WRAP CAN,49,20,2,26086.5
F,F,R,COLLECT COD,Manufacturer#5,4-NOT SPECIFIED,1,MACHINERY,AIR,5,0.03,21,Brand#53,WRAP CAN,49,38,1,67216.68
O,O,N,NONE,Manufacturer#2,3-MEDIUM,0,FURNITURE,FOB,5,0.02,8,Brand#25,JUMBO CASE,1,36,3,52284.204
F,F,A,NONE,Manufacturer#3,4-NOT SPECIFIED,1,BUILDING,AIR,1,0.04,18,Brand#33,JUMBO CAN,14,19,2,32435.5213
F,F,R,DELIVER IN PERSON,Manufacturer#4,4-NOT SPECIFIED,1,BUILDING,REG AIR,2,0,21,Brand#45,JUMBO BAG,22,13,1,11836.9563
F,F,A,NONE,Manufacturer#3,5-LOW,4,HOUSEHOLD,RAIL,3,0.03,18,Brand#33,LG DRUM,46,31,2,29121.4713
F,F,R,DELIVER IN PERSON,Manufacturer#5,5-LOW,4,HOUSEHOLD,MAIL,5,0.04,8,Brand#52,LG BAG,32,26,3,27381.9
F,F,R,NONE,Manufacturer#3,4-NOT SPECIFIED,0,BUILDING,MAIL,2,0.03,12,Brand#32,LG DRUM,26,22,0,32594.76
F,F,A,COLLECT COD,Manufacturer#3,4-NOT SPECIFIED,0,BUILDING,RAIL,3,0.04,8,Brand#33,LG JAR,27,38,3,55702.224
O,O,N,COLLECT COD,Manufacturer#1,5-LOW,3,HOUSEHOLD,AIR,3,0.03,18,Brand#15,MED BOX,9,26,2,46146.62
O,O,N,DELIVER IN PERSON,Manufacturer#4,5-LOW,3,HOUSEHOLD,SHIP,2,0.02,18,Brand#42,JUMBO BOX,42,14,2,16857.3972
O,O,N,DELIVER IN PERSON,Manufacturer#4,4-NOT SPECIFIED,0,HOUSEHOLD,TRUCK,2,0.02,9,Brand#43,LG DRUM,19,12,4,10068.4584
O,O,N,DELIVER IN PERSON,Manufacturer#1,4-NOT SPECIFIED,4,BUILDING,RAIL,1,0.06,8,Brand#14,JUMBO JAR,26,32,3,37248.9664
O,O,N,COLLECT COD,Manufacturer#3,4-NOT SPECIFIED,1,FURNITURE,TRUCK,3,0.04,9,Brand#35,SM JAR,3,46,4,66628.1434
O,O,N,TAKE BACK RETURN,Manufacturer#1,4-NOT SPECIFIED,1,FURNITURE,SHIP,5,0.03,18,Brand#12,JUMBO PACK,30,44,2,60585.3336
O,O,N,DELIVER IN PERSON,Manufacturer#3,4-NOT SPECIFIED,1,FURNITURE,REG AIR,6,0.04,18,Brand#34,JUMBO CASE,19,2,2,3381.9132
O,O,N,NONE,Manufacturer#2,4-NOT SPECIFIED,3,HOUSEHOLD,REG AIR,2,0.04,12,Brand#25,SM BAG,36,18,0,20935.872
F,F,R,COLLECT COD,Manufacturer#2,2-HIGH,1,BUILDING,AIR,2,0.06,9,Brand#23,SM PACK,27,6,4,7911.999
F,F,A,DELIVER IN PERSON,Manufacturer#5,2-HIGH,1,BUILDING,RAIL,1,0.07,9,Brand#51,SM DRUM,18,48,4,64590.6336
O,O,N,NONE,Manufacturer#4,3-MEDIUM,4,BUILDING,AIR,5,0.03,9,Brand#45,MED BOX,34,4,4,4989.36
O,O,N,NONE,Manufacturer#1,3-MEDIUM,4,BUILDING,REG AIR,2,0.01,18,Brand#12,JUMBO BAG,40,38,2,48615.984
O,O,N,TAKE BACK RETURN,Manufacturer#5,1-URGENT,0,HOUSEHOLD,TRUCK,2,0.02,12,Brand#54,LG CAN,35,36,0,37949.4
O,O,N,DELIVER IN PERSON,Manufacturer#2,3-MEDIUM,1,HOUSEHOLD,TRUCK,1,0.02,9,Brand#25,JUMBO JAR,49,41,4,44106.201
F,F,A,COLLECT COD,Manufacturer#3,4-NOT SPECIFIED,0,AUTOMOBILE,FOB,2,0.03,9,Brand#34,SM DRUM,7,2,4,3227.6944
O,O,N,COLLECT COD,Manufacturer#5,5-LOW,2,HOUSEHOLD,REG AIR,1,0.02,9,Brand#51,MED CASE,40,15,4,24368.418
O,O,N,TAKE BACK RETURN,Manufacturer#4,1-URGENT,1,BUILDING,AIR,5,0.02,18,Brand#43,LG PKG,15,13,2,14039.6334
F,F,R,DELIVER IN PERSON,Manufacturer#1,2-HIGH,1,BUILDING,AIR,6,0.02,8,Brand#15,JUMBO JAR,16,30,3,38261.1
F,F,A,DELIVER IN PERSON,Manufacturer#2,5-LOW,2,AUTOMOBILE,AIR,2,0.06,12,Brand#24,SM PACK,30,44,0,41427.144
F,F,R,COLLECT COD,Manufacturer#5,5-LOW,2,AUTOMOBILE,REG AIR,3,0.05,21,Brand#52,MED BAG,26,47,1,49078.8335
O,O,N,DELIVER IN PERSON,Manufacturer#2,3-MEDIUM,1,BUILDING,REG AIR,1,0.06,8,Brand#21,JUMBO CAN,29,14,3,20647.998
F,F,A,DELIVER IN PERSON,Manufacturer#2,3-MEDIUM,2,MACHINERY,REG AIR,2,0.08,21,Brand#23,LG PACK,13,27,1,42462.09
O,O,N,COLLECT COD,Manufacturer#4,1-URGENT,1,MACHINERY,SHIP,4,0.08,8,Brand#45,SM CASE,38,44,3,61841.736
F,F,A,NONE,Manufacturer#5,2-HIGH,1,AUTOMOBILE,TRUCK,3,0.02,21,Brand#52,JUMBO CAN,43,39,1,64952.0352
F,F,A,NONE,Manufacturer#2,4-NOT SPECIFIED,2,AUTOMOBILE,SHIP,5,0.07,12,Brand#25,JUMBO CASE,20,21,0,30110.7744
F,F,R,TAKE BACK RETURN,Manufacturer#2,4-NOT SPECIFIED,2,AUTOMOBILE,AIR,6,0.06,12,Brand#25,WRAP JAR,23,12,0,11412.9288
F,F,A,NONE,Manufacturer#1,4-NOT SPECIFIED,2,AUTOMOBILE,AIR,2,0.05,18,Brand#15,LG DRUM,17,47,2,78573.19
F,F,R,DELIVER IN PERSON,Manufacturer#3,4-NOT SPECIFIED,4,HOUSEHOLD,REG AIR,4,0.07,9,Brand#32,LG BOX,1,33,4,33120.0408
F,F,A,COLLECT COD,Manufacturer#3,1-URGENT,0,BUILDING,REG AIR,4,0.02,18,Brand#34,MED JAR,48,23,2,36128.7036
O,O,N,TAKE BACK RETURN,Manufacturer#4,2-HIGH,0,FURNITURE,TRUCK,2,0.04,21,Brand#42,JUMBO BAG,1,17,1,27596.6236
O,O,N,NONE,Manufacturer#3,2-HIGH,0,FURNITURE,RAIL,6,0,21,Brand#35,WRAP CAN,14,32,1,33485.3568
F,F,A,COLLECT COD,Manufacturer#4,3-MEDIUM,1,BUILDING,AIR,6,0.07,21,Brand#45,JUMBO PACK,14,8,1,7045.9776
F,F,R,COLLECT COD,Manufacturer#5,1-URGENT,3,MACHINERY,AIR,1,0.03,18,Brand#51,WRAP BAG,2,19,2,29291.16
O,O,N,NONE,Manufacturer#2,1-URGENT,2,MACHINERY,RAIL,3,0.03,9,Brand#24,JUMBO CASE,48,27,4,42920.361
O,O,N,NONE,Manufacturer#5,1-URGENT,2,MACHINERY,RAIL,1,0.03,21,Brand#55,SM CAN,43,11,1,14593.3205
O,P,N,TAKE BACK RETURN,Manufacturer#5,3-MEDIUM,4,AUTOMOBILE,MAIL,7,0.07,9,Brand#55,LG JAR,38,39,4,51920.5401
O,O,N,DELIVER IN PERSON,Manufacturer#1,4-NOT SPECIFIED,2,FURNITURE,RAIL,3,0.04,18,Brand#12,MED PACK,24,27,2,28756.9764
O,O,N,DELIVER IN PERSON,Manufacturer#5,1-URGENT,4,AUTOMOBILE,RAIL,1,0.04,18,Brand#52,LG BAG,41,12,2,20538.7776
O,O,N,DELIVER IN PERSON,Manufacturer#5,2-HIGH,4,BUILDING,MAIL,5,0.02,18,Brand#53,LG CASE,37,25,2,29471.74
O,O,N,DELIVER IN PERSON,Manufacturer#1,2-HIGH,4,BUILDING,AIR,2,0.02,18,Brand#15,SM CASE,34,31,2,40343.7472
O,O,N,TAKE BACK RETURN,Manufacturer#2,2-HIGH,4,BUILDING,REG AIR,7,0,12,Brand#21,LG PACK,33,22,0,21044.0692
O,O,N,TAKE BACK RETURN,Manufacturer#4,2-HIGH,4,BUILDING,TRUCK,6,0.02,21,Brand#45,JUMBO PACK,14,2,1,1837.2576
O,O,N,DELIVER IN PERSON,Manufacturer#4,2-HIGH,2,BUILDING,REG AIR,1,0.04,8,Brand#45,MED BOX,34,38,3,42659.028
O,O,N,COLLECT COD,Manufacturer#3,2-HIGH,2,BUILDING,REG AIR,5,0.03,18,Brand#34,MED JAR,46,2,2,2978.4356
O,O,N,COLLECT COD,Manufacturer#2,2-HIGH,2,BUILDING,TRUCK,6,0.03,21,Brand#25,LG CASE,10,32,1,55278.5152
O,O,N,NONE,Manufacturer#1,2-HIGH,2,BUILDING,AIR,3,0.08,12,Brand#12,MED CASE,49,2,0,2585.3464
O,O,N,TAKE BACK RETURN,Manufacturer#3,5-LOW,2,FURNITURE,FOB,6,0.08,18,Brand#35,WRAP PACK,7,44,2,72192.56
O,O,N,NONE,Manufacturer#3,5-LOW,2,FURNITURE,RAIL,4,0.04,21,Brand#32,LG BOX,9,45,1,55960.848
O,O,N,COLLECT COD,Manufacturer#4,5-LOW,2,FURNITURE,MAIL,3,0.06,18,Brand#41,JUMBO CASE,45,45,2,64263.456
O,O,N,COLLECT COD,Manufacturer#4,3-MEDIUM,1,FURNITURE,MAIL,3,0.08,12,Brand#45,WRAP PKG,15,15,0,14809.746
O,O,N,DELIVER IN PERSON,Manufacturer#3,3-MEDIUM,1,FURNITURE,FOB,1,0.02,9,Brand#33,LG CAN,1,10,4,16788.954
O,O,N,COLLECT COD,Manufacturer#3,3-MEDIUM,4,FURNITURE,REG AIR,2,0.08,9,Brand#33,LG CASE,35,46,4,49041.014
F,F,R,TAKE BACK RETURN,Manufacturer#1,4-NOT SPECIFIED,4,FURNITURE,REG AIR,4,0.03,8,Brand#11,LG DRUM,24,8,3,11604.312
F,F,R,TAKE BACK RETURN,Manufacturer#3,5-LOW,4,MACHINERY,SHIP,1,0.08,21,Brand#31,JUMBO CAN,11,34,1,36058.2376
F,F,A,COLLECT COD,Manufacturer#1,5-LOW,4,MACHINERY,SHIP,3,0.04,18,Brand#12,LG JAR,39,44,2,62198.136
O,O,N,NONE,Manufacturer#2,4-NOT SPECIFIED,3,BUILDING,RAIL,1,0.06,9,Brand#24,WRAP CAN,34,13,4,19048.666
O,O,N,DELIVER IN PERSON,Manufacturer#3,1-URGENT,0,BUILDING,SHIP,7,0.05,12,Brand#34,MED BAG,44,13,0,13018.3872
O,O,N,TAKE BACK RETURN,Manufacturer#1,1-URGENT,0,BUILDING,FOB,3,0.06,12,Brand#12,JUMBO CAN,37,48,0,72945.9552
O,O,N,TAKE BACK RETURN,Manufacturer#1,1-URGENT,0,BUILDING,REG AIR,1,0.05,9,Brand#11,LG JAR,40,13,4,13925.21
O,O,N,NONE,Manufacturer#3,4-NOT SPECIFIED,1,BUILDING,RAIL,1,0.08,12,Brand#34,LG CASE,16,17,0,20876.238
O,O,N,COLLECT COD,Manufacturer#1,4-NOT SPECIFIED,1,BUILDING,AIR,2,0.05,12,Brand#14,MED BAG,30,41,0,47808.2878
O,O,N,COLLECT COD,Manufacturer#5,3-MEDIUM,3,MACHINERY,FOB,1,0.05,18,Brand#54,SM BOX,42,3,2,3435.399
O,O,N,TAKE BACK RETURN,Manufacturer#2,5-LOW,2,BUILDING,MAIL,3,0.01,8,Brand#24,LG CAN,35,38,3,32662.71
O,O,N,DELIVER IN PERSON,Manufacturer#5,2-HIGH,3,HOUSEHOLD,SHIP,3,0.02,9,Brand#52,LG CASE,2,13,4,11485.9836
O,O,N,DELIVER IN PERSON,Manufacturer#1,2-HIGH,3,HOUSEHOLD,SHIP,2,0,12,Brand#11,LG CASE,39,39,0,60699.795
O,O,N,NONE,Manufacturer#2,5-LOW,2,AUTOMOBILE,AIR,6,0.07,8,Brand#25,LG BOX,30,34,3,57144.3236
O,O,N,TAKE BACK RETURN,Manufacturer#1,5-LOW,2,AUTOMOBILE,MAIL,7,0.02,12,Brand#13,MED BOX,49,22,0,38036.119
O,O,N,DELIVER IN PERSON,Manufacturer#4,5-LOW,2,AUTOMOBILE,MAIL,4,0.05,21,Brand#41,JUMBO CAN,34,26,1,43727.1926
O,O,N,TAKE BACK RETURN,Manufacturer#4,4-NOT SPECIFIED,3,FURNITURE,TRUCK,2,0.02,21,Brand#43,LG DRUM,19,34,1,28527.2988
F,F,A,NONE,Manufacturer#5,5-LOW,4,HOUSEHOLD,MAIL,2,0.07,8,Brand#51,LG CAN,10,49,3,58531.4212
F,F,R,DELIVER IN PERSON,Manufacturer#3,5-LOW,4,HOUSEHOLD,SHIP,2,0.01,8,Brand#32,JUMBO JAR,29,12,3,18199.32
O,O,N,DELIVER IN PERSON,Manufacturer#4,4-NOT SPECIFIED,0,BUILDING,MAIL,5,0.05,21,Brand#42,WRAP CAN,16,28,1,41457.7548
O,O,N,DELIVER IN PERSON,Manufacturer#3,1-URGENT,1,BUILDING,FOB,1,0.01,21,Brand#32,LG BOX,9,17,1,21581.1974
F,F,R,COLLECT COD,Manufacturer#5,3-MEDIUM,0,BUILDING,FOB,1,0.07,21,Brand#55,SM CAN,43,21,1,27273.4497
F,F,R,COLLECT COD,Manufacturer#4,3-MEDIUM,0,BUILDING,MAIL,5,0.07,18,Brand#43,WRAP CASE,44,23,2,32832.3482
F,F,A,DELIVER IN PERSON,Manufacturer#4,3-MEDIUM,0,BUILDING,MAIL,4,0.05,9,Brand#41,LG JAR,25,47,4,80413.3904
O,O,N,COLLECT COD,Manufacturer#5,4-NOT SPECIFIED,0,BUILDING,TRUCK,5,0.04,21,Brand#51,JUMBO CASE,48,30,1,45667.611
O,O,N,COLLECT COD,Manufacturer#3,4-NOT SPECIFIED,0,BUILDING,TRUCK,3,0.04,9,Brand#33,LG DRUM,2,43,4,66711.834
F,F,A,DELIVER IN PERSON,Manufacturer#3,5-LOW,2,HOUSEHOLD,MAIL,1,0.01,21,Brand#33,SM CAN,23,10,1,17464.73
F,F,R,COLLECT COD,Manufacturer#2,5-LOW,2,HOUSEHOLD,SHIP,3,0.06,21,Brand#24,JUMBO CASE,38,49,1,63123.8482
F,F,A,NONE,Manufacturer#1,5-LOW,2,BUILDING,MAIL,5,0.04,21,Brand#12,JUMBO CAN,17,47,1,59080.128
F,F,A,COLLECT COD,Manufacturer#5,4-NOT SPECIFIED,2,HOUSEHOLD,SHIP,2,0,18,Brand#55,JUMBO CASE,25,1,2,944.8479
F,F,A,DELIVER IN PERSON,Manufacturer#2,4-NOT SPECIFIED,2,HOUSEHOLD,MAIL,3,0,18,Brand#23,MED PKG,34,18,2,29737.1592
F,F,A,NONE,Manufacturer#4,4-NOT SPECIFIED,2,AUTOMOBILE,AIR,4,0.07,12,Brand#44,JUMBO CAN,3,44,0,49771.4052
F,F,A,TAKE BACK RETURN,Manufacturer#5,4-NOT SPECIFIED,2,AUTOMOBILE,MAIL,1,0.06,18,Brand#52,WRAP CASE,10,19,2,28977.47
F,F,A,COLLECT COD,Manufacturer#1,2-HIGH,4,FURNITURE,AIR,4,0.02,9,Brand#13,JUMBO JAR,26,43,4,52731.889
O,O,N,COLLECT COD,Manufacturer#4,3-MEDIUM,0,FURNITURE,AIR,1,0.05,12,Brand#42,JUMBO CASE,6,35,0,57045.744
O,P,N,TAKE BACK RETURN,Manufacturer#3,5-LOW,0,AUTOMOBILE,FOB,2,0.07,18,Brand#35,SM DRUM,21,38,2,44626.7136
F,P,N,NONE,Manufacturer#4,5-LOW,0,MACHINERY,REG AIR,5,0.02,21,Brand#44,JUMBO PKG,46,49,1,41013.882
F,F,R,NONE,Manufacturer#5,2-HIGH,4,AUTOMOBILE,AIR,3,0.05,8,Brand#55,SM BAG,17,32,3,53372.0704
F,F,A,COLLECT COD,Manufacturer#2,2-HIGH,4,AUTOMOBILE,MAIL,2,0.03,12,Brand#22,MED JAR,8,27,0,29019.5784
F,F,R,TAKE BACK RETURN,Manufacturer#2,3-MEDIUM,0,MACHINERY,AIR,2,0.07,18,Brand#22,MED CASE,49,41,2,69987.1312
O,O,N,NONE,Manufacturer#5,2-HIGH,2,FURNITURE,REG AIR,3,0.01,21,Brand#52,MED PKG,32,2,1,2108.286
O,O,N,COLLECT COD,Manufacturer#2,2-HIGH,2,FURNITURE,FOB,6,0.06,8,Brand#21,SM PKG,10,38,3,47475.072
O,O,N,DELIVER IN PERSON,Manufacturer#3,3-MEDIUM,1,BUILDING,RAIL,2,0.06,9,Brand#31,LG PACK,36,6,4,8598.228
O,O,N,DELIVER IN PERSON,Manufacturer#3,3-MEDIUM,1,BUILDING,TRUCK,5,0.03,9,Brand#31,SM BAG,28,28,4,48505.5648
F,F,A,DELIVER IN PERSON,Manufacturer#1,1-URGENT,2,HOUSEHOLD,SHIP,2,0.06,18,Brand#13,JUMBO PACK,15,31,2,52491.1716
F,F,A,NONE,Manufacturer#4,1-URGENT,2,HOUSEHOLD,MAIL,6,0,21,Brand#43,LG JAR,20,29,1,28166.337
O,O,N,NONE,Manufacturer#4,4-NOT SPECIFIED,4,FURNITURE,REG AIR,1,0.01,8,Brand#43,SM JAR,11,43,3,39528.5842
F,F,A,TAKE BACK RETURN,Manufacturer#1,3-MEDIUM,1,BUILDING,TRUCK,2,0.01,21,Brand#12,WRAP JAR,8,40,1,72266.832
F,F,A,NONE,Manufacturer#5,3-MEDIUM,1,BUILDING,RAIL,1,0.08,12,Brand#54,LG CAN,35,48,0,50599.2
F,F,R,DELIVER IN PERSON,Manufacturer#2,3-MEDIUM,1,BUILDING,FOB,7,0.01,18,Brand#25,WRAP CAN,31,23,2,40688.4076
F,F,R,DELIVER IN PERSON,Manufacturer#1,4-NOT SPECIFIED,1,FURNITURE,SHIP,4,0,21,Brand#13,MED CAN,30,15,1,19451.1
F,F,A,NONE,Manufacturer#2,1-URGENT,3,FURNITURE,RAIL,3,0.06,18,Brand#22,SM PKG,45,37,2,33036.597
O,O,N,NONE,Manufacturer#4,4-NOT SPECIFIED,0,MACHINERY,SHIP,2,0,8,Brand#45,LG CASE,45,7,3,10062.1164
O,O,N,NONE,Manufacturer#2,4-NOT SPECIFIED,0,MACHINERY,TRUCK,1,0.06,8,Brand#23,JUMBO PKG,15,17,3,18095.7588
F,F,R,NONE,Manufacturer#3,1-URGENT,0,BUILDING,FOB,1,0.03,18,Brand#33,JUMBO BAG,46,50,2,45639.99
F,F,R,NONE,Manufacturer#2,5-LOW,2,AUTOMOBILE,SHIP,2,0.06,12,Brand#24,SM BAG,18,14,0,21700.6496
F,F,R,NONE,Manufacturer#1,5-LOW,2,AUTOMOBILE,AIR,1,0,18,Brand#13,WRAP JAR,27,47,2,47237.1667
O,O,N,COLLECT COD,Manufacturer#5,2-HIGH,1,AUTOMOBILE,REG AIR,1,0.04,18,Brand#52,WRAP DRUM,36,29,2,41113.6828
O,O,N,NONE,Manufacturer#3,2-HIGH,1,AUTOMOBILE,SHIP,2,0.05,18,Brand#35,LG PKG,5,42,2,63490.6944
O,O,N,TAKE BACK RETURN,Manufacturer#1,5-LOW,1,BUILDING,REG AIR,3,0.04,9,Brand#12,SM JAR,23,3,4,4305.0684
O,O,N,TAKE BACK RETURN,Manufacturer#4,5-LOW,1,BUILDING,RAIL,5,0.05,18,Brand#41,WRAP PKG,26,29,2,34779.41
F,F,R,NONE,Manufacturer#3,5-LOW,3,HOUSEHOLD,TRUCK,2,0.08,8,Brand#35,JUMBO DRUM,21,44,3,62546.88
F,F,A,TAKE BACK RETURN,Manufacturer#3,5-LOW,3,HOUSEHOLD,FOB,4,0.03,9,Brand#33,LG DRUM,28,2,4,2097.5332
O,O,N,TAKE BACK RETURN,Manufacturer#2,5-LOW,4,AUTOMOBILE,SHIP,4,0.08,9,Brand#24,WRAP CASE,15,3,4,4962.777
O,O,N,NONE,Manufacturer#4,5-LOW,1,AUTOMOBILE,MAIL,6,0.04,21,Brand#41,WRAP PACK,24,40,1,42491.98
O,O,N,COLLECT COD,Manufacturer#5,5-LOW,1,AUTOMOBILE,SHIP,4,0.07,9,Brand#55,LG JAR,38,14,4,18830.2884
O,O,N,TAKE BACK RETURN,Manufacturer#2,5-LOW,1,AUTOMOBILE,AIR,3,0.08,8,Brand#25,SM DRUM,50,46,3,54227.1322
O,O,N,DELIVER IN PERSON,Manufacturer#1,4-NOT SPECIFIED,3,HOUSEHOLD,FOB,6,0.01,18,Brand#15,LG CASE,25,38,2,40002.0908
O,O,N,DELIVER IN PERSON,Manufacturer#3,1-URGENT,2,HOUSEHOLD,REG AIR,3,0.02,8,Brand#33,SM CASE,46,48,3,41517.792
O,O,N,NONE,Manufacturer#1,2-HIGH,1,MACHINERY,RAIL,5,0.07,18,Brand#13,MED JAR,17,37,2,64132.2332
F,F,R,TAKE BACK RETURN,Manufacturer#3,3-MEDIUM,3,FURNITURE,REG AIR,6,0.05,12,Brand#31,SM CAN,25,22,0,35963.8488
F,F,A,TAKE BACK RETURN,Manufacturer#5,3-MEDIUM,3,FURNITURE,RAIL,5,0.01,8,Brand#55,WRAP DRUM,9,30,3,46112.976
F,F,R,TAKE BACK RETURN,Manufacturer#4,3-MEDIUM,3,FURNITURE,AIR,4,0,8,Brand#45,JUMBO CASE,7,25,3,29180.025
F,F,A,COLLECT COD,Manufacturer#2,1-URGENT,4,FURNITURE,AIR,1,0.07,12,Brand#21,JUMBO JAR,40,31,0,51669.405
O,O,N,NONE,Manufacturer#2,5-LOW,3,BUILDING,SHIP,1,0.01,18,Brand#25,SM BAG,3,50,2,88793.5
O,O,N,COLLECT COD,Manufacturer#1,2-HIGH,3,MACHINERY,MAIL,4,0.06,8,Brand#13,MED CASE,27,26,3,38364.82
O,O,N,TAKE BACK RETURN,Manufacturer#4,2-HIGH,3,MACHINERY,AIR,5,0.03,9,Brand#41,JUMBO PKG,36,27,4,44061.8265
O,O,N,DELIVER IN PERSON,Manufacturer#4,2-HIGH,3,MACHINERY,SHIP,1,0.06,18,Brand#41,WRAP PKG,26,25,2,29082.7825
F,F,A,TAKE BACK RETURN,Manufacturer#2,3-MEDIUM,1,FURNITURE,REG AIR,1,0.06,18,Brand#23,MED PKG,34,27,2,45516.06
F,F,R,TAKE BACK RETURN,Manufacturer#4,4-NOT SPECIFIED,4,MACHINERY,SHIP,3,0.06,18,Brand#45,SM PKG,8,28,2,43834.0224
F,F,R,DELIVER IN PERSON,Manufacturer#1,4-NOT SPECIFIED,4,MACHINERY,SHIP,1,0.04,9,Brand#15,WRAP PACK,34,49,4,74510.233
F,F,A,COLLECT COD,Manufacturer#3,4-NOT SPECIFIED,4,MACHINERY,AIR,2,0,21,Brand#33,SM CASE,5,15,1,17463.4005
O,O,N,COLLECT COD,Manufacturer#1,4-NOT SPECIFIED,0,BUILDING,MAIL,4,0.01,9,Brand#12,SM JAR,23,45,4,64576.026
O,O,N,DELIVER IN PERSON,Manufacturer#1,4-NOT SPECIFIED,0,BUILDING,RAIL,3,0.01,12,Brand#12,MED CASE,49,5,0,6889.522
O,O,N,NONE,Manufacturer#3,4-NOT SPECIFIED,0,BUILDING,TRUCK,2,0.05,18,Brand#34,SM PKG,16,32,2,43284.9696
O,O,N,TAKE BACK RETURN,Manufacturer#2,1-URGENT,0,AUTOMOBILE,TRUCK,1,0.07,21,Brand#21,MED PKG,27,21,1,32148.9504
O,O,N,NONE,Manufacturer#5,4-NOT SPECIFIED,0,FURNITURE,AIR,1,0.02,21,Brand#53,SM CAN,36,1,1,1449.54
F,F,R,TAKE BACK RETURN,Manufacturer#1,1-URGENT,1,HOUSEHOLD,RAIL,6,0.04,12,Brand#13,MED BOX,49,44,0,80076.04
F,F,A,TAKE BACK RETURN,Manufacturer#5,1-URGENT,1,HOUSEHOLD,AIR,4,0.08,18,Brand#54,MED CAN,9,27,2,28205.6256
O,O,N,TAKE BACK RETURN,Manufacturer#5,4-NOT SPECIFIED,2,HOUSEHOLD,FOB,2,0,21,Brand#51,JUMBO CASE,33,7,1,7728.4053
F,F,R,TAKE BACK RETURN,Manufacturer#2,5-LOW,3,FURNITURE,FOB,4,0.08,12,Brand#25,JUMBO CASE,22,46,0,61978.56
F,F,A,DELIVER IN PERSON,Manufacturer#5,5-LOW,3,FURNITURE,RAIL,1,0.05,9,Brand#51,LG CASE,24,45,4,47205.522
F,F,R,TAKE BACK RETURN,Manufacturer#2,5-LOW,3,FURNITURE,RAIL,1,0.02,18,Brand#22,SM PACK,19,44,2,60080.24
F,F,A,NONE,Manufacturer#4,5-LOW,3,FURNITURE,RAIL,5,0.02,12,Brand#44,JUMBO PKG,19,10,0,8444.982
O,O,N,NONE,Manufacturer#1,4-NOT SPECIFIED,2,BUILDING,RAIL,1,0.07,21,Brand#11,LG JAR,30,27,1,40244.688
O,O,N,TAKE BACK RETURN,Manufacturer#4,4-NOT SPECIFIED,2,BUILDING,FOB,2,0.04,12,Brand#44,SM JAR,27,32,0,44560.896
O,O,N,TAKE BACK RETURN,Manufacturer#2,3-MEDIUM,1,MACHINERY,MAIL,7,0.06,8,Brand#24,LG CAN,35,27,3,23207.715
O,O,N,DELIVER IN PERSON,Manufacturer#4,3-MEDIUM,1,MACHINERY,TRUCK,6,0.03,18,Brand#43,WRAP CASE,30,16,2,15816.5872
O,O,N,COLLECT COD,Manufacturer#5,3-MEDIUM,1,MACHINERY,AIR,3,0.08,18,Brand#52,LG BAG,41,49,2,82119.4528
O,O,N,COLLECT COD,Manufacturer#3,3-MEDIUM,1,MACHINERY,FOB,5,0.01,12,Brand#34,JUMBO JAR,3,22,0,35092.057
F,F,A,TAKE BACK RETURN,Manufacturer#2,1-URGENT,1,AUTOMOBILE,FOB,1,0.02,9,Brand#21,MED JAR,8,25,4,26957.28
F,F,R,COLLECT COD,Manufacturer#5,3-MEDIUM,3,AUTOMOBILE,FOB,4,0.03,9,Brand#51,JUMBO BAG,20,44,4,76920.8616
O,O,N,COLLECT COD,Manufacturer#1,3-MEDIUM,4,MACHINERY,FOB,4,0.03,9,Brand#11,JUMBO CASE,20,20,4,18303.888
O,O,N,NONE,Manufacturer#1,3-MEDIUM,4,MACHINERY,TRUCK,5,0.01,8,Brand#14,WRAP BAG,25,9,3,8882.622
O,O,N,NONE,Manufacturer#4,5-LOW,0,AUTOMOBILE,MAIL,1,0.06,8,Brand#45,SM DRUM,27,17,3,17529.21
O,O,N,NONE,Manufacturer#2,5-LOW,0,AUTOMOBILE,AIR,2,0.02,21,Brand#25,SM CAN,1,20,1,27111.306
O,O,N,TAKE BACK RETURN,Manufacturer#2,1-URGENT,3,HOUSEHOLD,RAIL,1,0.05,18,Brand#21,JUMBO BOX,23,20,2,21450.45
O,O,N,COLLECT COD,Manufacturer#5,1-URGENT,3,HOUSEHOLD,AIR,4,0.03,18,Brand#52,MED PKG,32,26,2,27712.2482
F,F,R,COLLECT COD,Manufacturer#5,1-URGENT,2,MACHINERY,REG AIR,2,0.02,9,Brand#53,LG PACK,46,40,4,38222.744
F,F,R,NONE,Manufacturer#4,2-HIGH,3,MACHINERY,TRUCK,3,0.04,18,Brand#42,SM CASE,16,50,2,53758.5
O,O,N,COLLECT COD,Manufacturer#5,4-NOT SPECIFIED,2,FURNITURE,TRUCK,2,0.04,12,Brand#55,MED CASE,31,38,0,63230.9436
F,F,A,COLLECT COD,Manufacturer#4,2-HIGH,4,HOUSEHOLD,MAIL,2,0.04,18,Brand#45,LG JAR,47,12,2,12316.866
F,F,R,TAKE BACK RETURN,Manufacturer#5,2-HIGH,4,HOUSEHOLD,TRUCK,3,0.03,9,Brand#55,JUMBO BAG,3,15,4,13875.3
O,O,N,TAKE BACK RETURN,Manufacturer#5,2-HIGH,2,AUTOMOBILE,REG AIR,2,0.02,9,Brand#52,MED BAG,4,40,4,41793.472
F,F,A,TAKE BACK RETURN,Manufacturer#2,2-HIGH,2,AUTOMOBILE,MAIL,5,0.04,18,Brand#25,MED DRUM,10,12,2,12566.0592
O,O,N,DELIVER IN PERSON,Manufacturer#5,1-URGENT,4,HOUSEHOLD,RAIL,4,0.07,18,Brand#53,LG PACK,46,16,2,14041.008
O,O,N,DELIVER IN PERSON,Manufacturer#1,1-URGENT,4,HOUSEHOLD,TRUCK,3,0.08,9,Brand#11,MED JAR,33,18,4,21202.1082
F,F,R,DELIVER IN PERSON,Manufacturer#4,2-HIGH,1,BUILDING,REG AIR,6,0.02,9,Brand#43,LG PACK,44,15,4,18294.1695
F,F,R,TAKE BACK RETURN,Manufacturer#4,2-HIGH,1,BUILDING,TRUCK,4,0.08,21,Brand#43,SM DRUM,33,41,1,63928.225
F,F,R,COLLECT COD,Manufacturer#3,2-HIGH,4,AUTOMOBILE,MAIL,2,0.05,21,Brand#33,JUMBO CAN,47,43,1,58232.492
O,O,N,TAKE BACK RETURN,Manufacturer#3,1-URGENT,3,AUTOMOBILE,FOB,1,0.05,8,Brand#35,LG PKG,8,9,3,15680.8224
O,O,N,COLLECT COD,Manufacturer#2,3-MEDIUM,0,AUTOMOBILE,FOB,3,0.01,12,Brand#22,SM PACK,31,21,0,19617.0912
O,O,N,NONE,Manufacturer#1,3-MEDIUM,0,AUTOMOBILE,MAIL,1,0.08,12,Brand#14,LG PACK,44,32,0,48558.4896
O,O,N,DELIVER IN PERSON,Manufacturer#4,4-NOT SPECIFIED,2,AUTOMOBILE,SHIP,1,0.06,12,Brand#41,LG BAG,30,2,0,2027.8622
F,F,R,DELIVER IN PERSON,Manufacturer#2,3-MEDIUM,0,HOUSEHOLD,TRUCK,3,0.03,18,Brand#25,JUMBO BOX,9,34,2,30757.1446
O,O,N,DELIVER IN PERSON,Manufacturer#3,4-NOT SPECIFIED,0,FURNITURE,SHIP,1,0.06,9,Brand#32,WRAP CAN,25,49,4,55753.1065
O,O,N,COLLECT COD,Manufacturer#1,1-URGENT,2,MACHINERY,RAIL,2,0.07,12,Brand#15,JUMBO PACK,27,5,0,8053.55
F,F,R,TAKE BACK RETURN,Manufacturer#4,2-HIGH,1,BUILDING,TRUCK,1,0.04,21,Brand#41,MED CAN,8,39,1,57948.2163
F,F,A,TAKE BACK RETURN,Manufacturer#4,4-NOT SPECIFIED,1,HOUSEHOLD,SHIP,1,0,9,Brand#41,JUMBO PACK,44,2,4,2322.52
O,O,N,COLLECT COD,Manufacturer#1,3-MEDIUM,2,FURNITURE,AIR,3,0.05,21,Brand#12,JUMBO PACK,21,17,1,19451.3592
O,O,N,TAKE BACK RETURN,Manufacturer#1,3-MEDIUM,2,FURNITURE,REG AIR,2,0.02,21,Brand#15,JUMBO JAR,3,22,1,27971.7284
F,F,R,COLLECT COD,Manufacturer#1,1-URGENT,4,MACHINERY,AIR,2,0.02,8,Brand#12,SM PACK,36,48,3,90097.4448
O,O,N,DELIVER IN PERSON,Manufacturer#2,5-LOW,2,FURNITURE,AIR,6,0.06,21,Brand#21,WRAP BAG,37,5,1,6302.0415
O,O,N,COLLECT COD,Manufacturer#2,5-LOW,2,FURNITURE,TRUCK,2,0.05,12,Brand#24,SM BAG,18,39,0,55516.968
O,O,N,TAKE BACK RETURN,Manufacturer#4,5-LOW,2,FURNITURE,AIR,1,0.04,8,Brand#44,MED PACK,23,33,3,34720.95
F,F,R,NONE,Manufacturer#1,4-NOT SPECIFIED,0,AUTOMOBILE,AIR,1,0.02,12,Brand#14,SM PACK,10,42,0,40866.9324
F,F,A,DELIVER IN PERSON,Manufacturer#4,4-NOT SPECIFIED,0,AUTOMOBILE,FOB,2,0.03,8,Brand#45,JUMBO PACK,26,24,3,21492.3072
F,F,A,DELIVER IN PERSON,Manufacturer#4,3-MEDIUM,0,HOUSEHOLD,AIR,1,0,8,Brand#43,SM JAR,11,33,3,29097.6906
F,F,A,TAKE BACK RETURN,Manufacturer#3,2-HIGH,2,MACHINERY,SHIP,2,0,8,Brand#31,SM PKG,33,38,3,54321.76
O,O,N,NONE,Manufacturer#1,3-MEDIUM,1,HOUSEHOLD,AIR,2,0.03,9,Brand#11,JUMBO CASE,20,13,4,12409.2488
O,P,N,TAKE BACK RETURN,Manufacturer#2,4-NOT SPECIFIED,4,FURNITURE,RAIL,7,0.08,21,Brand#24,MED DRUM,50,33,1,52284.276
O,P,N,COLLECT COD,Manufacturer#5,4-NOT SPECIFIED,4,FURNITURE,SHIP,5,0.01,8,Brand#51,MED DRUM,9,43,3,49396.3188
O,P,N,TAKE BACK RETURN,Manufacturer#5,4-NOT SPECIFIED,4,FURNITURE,TRUCK,4,0,12,Brand#54,WRAP DRUM,43,25,0,39038.825
F,P,N,TAKE BACK RETURN,Manufacturer#5,4-NOT SPECIFIED,4,FURNITURE,FOB,2,0.03,18,Brand#55,JUMBO CASE,34,45,2,81623.754
O,P,N,TAKE BACK RETURN,Manufacturer#4,4-NOT SPECIFIED,4,FURNITURE,REG AIR,6,0.02,21,Brand#41,SM JAR,26,39,1,70117.71
O,O,N,DELIVER IN PERSON,Manufacturer#2,1-URGENT,2,BUILDING,RAIL,5,0.05,8,Brand#24,MED PKG,48,50,3,71058.735
O,O,N,TAKE BACK RETURN,Manufacturer#1,2-HIGH,2,AUTOMOBILE,MAIL,1,0.06,21,Brand#13,MED PKG,6,23,1,22111.2179
O,O,N,NONE,Manufacturer#3,2-HIGH,2,AUTOMOBILE,MAIL,3,0.01,9,Brand#31,JUMBO PKG,1,35,4,39217.8605
F,F,A,COLLECT COD,Manufacturer#5,4-NOT SPECIFIED,3,BUILDING,REG AIR,6,0.05,21,Brand#51,JUMBO PACK,30,48,1,71980.32
F,F,R,COLLECT COD,Manufacturer#1,4-NOT SPECIFIED,3,BUILDING,AIR,3,0.07,18,Brand#14,WRAP JAR,41,28,2,34228.1856
F,F,A,DELIVER IN PERSON,Manufacturer#3,4-NOT SPECIFIED,3,BUILDING,SHIP,2,0.06,9,Brand#34,LG BAG,23,18,4,25412.292
O,O,N,NONE,Manufacturer#3,4-NOT SPECIFIED,4,BUILDING,SHIP,2,0.07,18,Brand#33,LG BAG,49,23,2,42989.3046
O,O,N,COLLECT COD,Manufacturer#1,1-URGENT,0,HOUSEHOLD,FOB,1,0.01,18,Brand#13,SM BOX,18,24,2,41146.1232
O,O,N,DELIVER IN PERSON,Manufacturer#3,2-HIGH,3,BUILDING,RAIL,3,0.07,18,Brand#35,SM CASE,22,49,2,80367.3304
O,O,N,COLLECT COD,Manufacturer#5,2-HIGH,3,BUILDING,FOB,5,0.06,9,Brand#54,LG CAN,29,18,4,32198.958
F,F,A,DELIVER IN PERSON,Manufacturer#1,1-URGENT,4,HOUSEHOLD,RAIL,4,0.06,12,Brand#15,JUMBO JAR,36,44,0,40860.5868
O,O,N,COLLECT COD,Manufacturer#3,2-HIGH,1,FURNITURE,AIR,3,0.03,9,Brand#34,SM DRUM,7,45,4,68130.972
F,F,R,COLLECT COD,Manufacturer#5,3-MEDIUM,3,MACHINERY,FOB,1,0.04,21,Brand#51,LG CAN,22,50,1,78895.92
F,F,R,COLLECT COD,Manufacturer#2,3-MEDIUM,3,MACHINERY,SHIP,4,0.05,21,Brand#24,LG CAN,2,11,1,14436.3824
F,F,R,NONE,Manufacturer#3,3-MEDIUM,3,MACHINERY,AIR,7,0.03,21,Brand#31,JUMBO CASE,1,23,1,20660.463
O,O,N,TAKE BACK RETURN,Manufacturer#5,2-HIGH,3,MACHINERY,TRUCK,3,0,9,Brand#54,LG JAR,19,6,4,5438.085
O,O,N,DELIVER IN PERSON,Manufacturer#4,5-LOW,4,AUTOMOBILE,AIR,5,0.06,18,Brand#44,WRAP CASE,35,4,2,4762.0016
O,O,N,DELIVER IN PERSON,Manufacturer#2,5-LOW,4,FURNITURE,AIR,4,0.08,8,Brand#24,JUMBO BAG,25,32,3,43114.1984
O,O,N,NONE,Manufacturer#4,5-LOW,4,FURNITURE,AIR,3,0.04,18,Brand#42,WRAP BAG,13,42,2,61830.636
O,O,N,COLLECT COD,Manufacturer#1,5-LOW,4,FURNITURE,FOB,6,0.03,18,Brand#15,LG DRUM,17,26,2,43466.02
O,O,N,TAKE BACK RETURN,Manufacturer#5,2-HIGH,4,AUTOMOBILE,SHIP,2,0.01,18,Brand#51,WRAP BAG,2,34,2,48746.6568
O,O,N,TAKE BACK RETURN,Manufacturer#5,1-URGENT,2,BUILDING,FOB,1,0.01,12,Brand#51,JUMBO CASE,42,49,0,85079.2635
F,F,A,DELIVER IN PERSON,Manufacturer#4,1-URGENT,4,AUTOMOBILE,FOB,1,0.02,21,Brand#42,MED CASE,29,3,1,3631.8702
O,O,N,TAKE BACK RETURN,Manufacturer#3,5-LOW,0,HOUSEHOLD,REG AIR,1,0.02,8,Brand#31,LG JAR,44,3,3,4031.7468
O,O,N,COLLECT COD,Manufacturer#3,5-LOW,0,HOUSEHOLD,TRUCK,2,0.05,8,Brand#35,MED CASE,27,43,3,50708.61
O,O,N,COLLECT COD,Manufacturer#2,5-LOW,3,AUTOMOBILE,RAIL,4,0.01,18,Brand#23,JUMBO PKG,39,45,2,47928.294
F,F,A,NONE,Manufacturer#3,2-HIGH,2,BUILDING,AIR,5,0.02,9,Brand#34,JUMBO CASE,49,29,4,29496.19
F,F,A,COLLECT COD,Manufacturer#5,1-URGENT,3,AUTOMOBILE,TRUCK,3,0,9,Brand#54,MED CAN,9,6,4,6072.0444
F,F,R,NONE,Manufacturer#1,1-URGENT,3,AUTOMOBILE,TRUCK,2,0.01,8,Brand#12,MED PACK,48,34,3,58535.2126
O,O,N,DELIVER IN PERSON,Manufacturer#4,2-HIGH,2,HOUSEHOLD,TRUCK,3,0.04,12,Brand#41,SM PACK,35,26,0,22699.547
O,O,N,COLLECT COD,Manufacturer#1,2-HIGH,2,HOUSEHOLD,TRUCK,1,0.08,12,Brand#12,MED CASE,49,3,0,3920.6352
O,O,N,COLLECT COD,Manufacturer#1,2-HIGH,2,HOUSEHOLD,AIR,2,0.06,21,Brand#12,JUMBO DRUM,12,17,1,15062.2584
F,F,A,NONE,Manufacturer#5,5-LOW,4,HOUSEHOLD,SHIP,3,0.04,21,Brand#55,JUMBO BAG,3,16,1,14800.32
O,O,N,TAKE BACK RETURN,Manufacturer#3,4-NOT SPECIFIED,0,BUILDING,FOB,1,0.04,21,Brand#33,LG BAG,4,46,1,44164.416
O,O,N,TAKE BACK RETURN,Manufacturer#2,4-NOT SPECIFIED,0,BUILDING,REG AIR,4,0.02,12,Brand#24,SM BAG,18,30,0,46975.896
O,O,N,DELIVER IN PERSON,Manufacturer#4,4-NOT SPECIFIED,0,BUILDING,FOB,3,0.01,21,Brand#45,JUMBO CAN,13,39,1,43929.3114
O,O,N,TAKE BACK RETURN,Manufacturer#3,2-HIGH,0,FURNITURE,RAIL,2,0.01,8,Brand#34,SM PACK,25,14,3,15071.959
O,O,N,NONE,Manufacturer#5,3-MEDIUM,2,MACHINERY,FOB,2,0.08,21,Brand#54,LG CASE,42,37,1,55680.2492
F,F,R,NONE,Manufacturer#4,3-MEDIUM,2,MACHINERY,MAIL,6,0.01,18,Brand#44,WRAP BAG,3,17,2,28868.9478
F,F,A,NONE,Manufacturer#4,3-MEDIUM,2,MACHINERY,TRUCK,5,0.03,8,Brand#44,LG DRUM,18,23,3,25074.117
F,F,A,COLLECT COD,Manufacturer#4,3-MEDIUM,2,MACHINERY,AIR,4,0,12,Brand#41,WRAP PKG,26,29,0,31301.469
O,O,N,DELIVER IN PERSON,Manufacturer#2,2-HIGH,3,AUTOMOBILE,FOB,3,0.04,18,Brand#23,LG JAR,20,48,2,56001.4848
O,O,N,COLLECT COD,Manufacturer#5,3-MEDIUM,2,AUTOMOBILE,FOB,1,0.01,21,Brand#52,MED JAR,48,2,1,3517.9844
F,F,R,DELIVER IN PERSON,Manufacturer#2,4-NOT SPECIFIED,3,FURNITURE,REG AIR,1,0.08,9,Brand#24,SM CAN,14,3,4,3660.0201
F,F,R,DELIVER IN PERSON,Manufacturer#4,4-NOT SPECIFIED,3,FURNITURE,TRUCK,2,0.05,18,Brand#43,WRAP CASE,44,43,2,60076.2116
F,F,R,TAKE BACK RETURN,Manufacturer#1,2-HIGH,0,AUTOMOBILE,SHIP,5,0.02,9,Brand#15,MED CASE,8,2,4,2010.9948
F,F,R,COLLECT COD,Manufacturer#1,2-HIGH,0,AUTOMOBILE,MAIL,7,0,9,Brand#15,MED CASE,8,14,4,13774.2332
F,F,A,COLLECT COD,Manufacturer#1,3-MEDIUM,2,AUTOMOBILE,SHIP,5,0.08,18,Brand#11,LG JAR,30,49,2,73036.656
O,O,N,DELIVER IN PERSON,Manufacturer#5,4-NOT SPECIFIED,4,AUTOMOBILE,REG AIR,7,0.08,8,Brand#55,JUMBO CAN,47,39,3,41346.24
O,O,N,TAKE BACK RETURN,Manufacturer#1,4-NOT SPECIFIED,4,AUTOMOBILE,FOB,6,0.05,9,Brand#11,MED CASE,13,40,4,45113.508
O,O,N,NONE,Manufacturer#4,4-NOT SPECIFIED,4,AUTOMOBILE,REG AIR,1,0.03,21,Brand#42,SM JAR,47,5,1,4368
O,O,N,TAKE BACK RETURN,Manufacturer#5,4-NOT SPECIFIED,4,AUTOMOBILE,AIR,2,0.04,21,Brand#51,WRAP CASE,1,22,1,31613.549
O,O,N,COLLECT COD,Manufacturer#3,4-NOT SPECIFIED,4,AUTOMOBILE,FOB,3,0.08,21,Brand#33,WRAP PACK,33,45,1,56366.4465
F,F,R,DELIVER IN PERSON,Manufacturer#1,1-URGENT,2,BUILDING,AIR,3,0.04,12,Brand#15,JUMBO DRUM,28,36,0,51456.888
F,F,A,COLLECT COD,Manufacturer#5,1-URGENT,2,BUILDING,RAIL,2,0.05,9,Brand#52,SM BAG,9,38,4,63254.3592
O,O,N,NONE,Manufacturer#3,3-MEDIUM,2,MACHINERY,TRUCK,1,0.07,9,Brand#31,SM CAN,34,1,4,1251.2592
F,P,R,DELIVER IN PERSON,Manufacturer#2,2-HIGH,0,FURNITURE,RAIL,5,0.03,18,Brand#25,WRAP PKG,4,47,2,76008.447
O,O,N,NONE,Manufacturer#3,1-URGENT,4,BUILDING,REG AIR,3,0.02,18,Brand#34,MED JAR,48,10,2,15708.132
O,O,N,NONE,Manufacturer#3,5-LOW,4,MACHINERY,REG AIR,4,0.07,9,Brand#35,WRAP BAG,17,47,4,57116.3411
F,F,R,TAKE BACK RETURN,Manufacturer#5,1-URGENT,3,HOUSEHOLD,SHIP,3,0.04,18,Brand#53,WRAP CAN,18,44,2,49566.8052
F,F,R,DELIVER IN PERSON,Manufacturer#5,3-MEDIUM,0,HOUSEHOLD,MAIL,1,0.08,18,Brand#52,WRAP DRUM,36,43,2,58447.7844
F,F,R,DELIVER IN PERSON,Manufacturer#5,3-MEDIUM,0,HOUSEHOLD,RAIL,4,0.01,12,Brand#54,MED JAR,2,13,0,22652.1204
F,F,A,NONE,Manufacturer#2,3-MEDIUM,0,HOUSEHOLD,TRUCK,2,0.02,21,Brand#23,WRAP DRUM,12,20,1,20317.176
O,O,N,COLLECT COD,Manufacturer#3,2-HIGH,4,BUILDING,MAIL,2,0.08,18,Brand#33,WRAP JAR,7,23,2,33638.88
F,F,R,COLLECT COD,Manufacturer#2,5-LOW,3,AUTOMOBILE,SHIP,6,0.07,9,Brand#21,JUMBO PKG,11,38,4,35307.8406
F,F,R,DELIVER IN PERSON,Manufacturer#2,5-LOW,3,AUTOMOBILE,AIR,1,0.03,8,Brand#23,LG PKG,2,18,3,25098.5016
O,O,N,NONE,Manufacturer#5,3-MEDIUM,4,HOUSEHOLD,TRUCK,1,0.03,12,Brand#53,SM CASE,17,50,0,68905.44
F,F,R,COLLECT COD,Manufacturer#3,4-NOT SPECIFIED,4,HOUSEHOLD,RAIL,7,0,18,Brand#33,JUMBO PKG,10,42,2,48395.6928
F,F,A,COLLECT COD,Manufacturer#3,4-NOT SPECIFIED,4,HOUSEHOLD,SHIP,5,0.01,21,Brand#34,JUMBO CASE,19,14,1,24932.6154
F,F,R,DELIVER IN PERSON,Manufacturer#3,4-NOT SPECIFIED,4,HOUSEHOLD,MAIL,3,0.06,18,Brand#35,LG JAR,14,20,2,20489.472
F,F,R,DELIVER IN PERSON,Manufacturer#1,4-NOT SPECIFIED,4,HOUSEHOLD,FOB,2,0.07,8,Brand#11,SM CAN,44,47,3,81780.0987
F,F,R,TAKE BACK RETURN,Manufacturer#4,4-NOT SPECIFIED,4,HOUSEHOLD,FOB,1,0.07,18,Brand#44,SM JAR,27,10,2,13780.225
F,F,R,TAKE BACK RETURN,Manufacturer#4,1-URGENT,0,AUTOMOBILE,MAIL,4,0.02,21,Brand#45,JUMBO CAN,13,17,1,19148.6742
F,F,A,DELIVER IN PERSON,Manufacturer#3,1-URGENT,0,BUILDING,FOB,3,0.01,9,Brand#34,MED CASE,4,44,4,41009.276
F,F,R,DELIVER IN PERSON,Manufacturer#5,1-URGENT,0,BUILDING,RAIL,1,0.07,21,Brand#51,JUMBO PACK,30,22,1,32001.2506
F,F,R,COLLECT COD,Manufacturer#3,1-URGENT,0,BUILDING,FOB,6,0.03,12,Brand#34,MED PKG,14,20,0,37501.002
F,F,R,COLLECT COD,Manufacturer#5,1-URGENT,0,BUILDING,RAIL,7,0.05,12,Brand#52,WRAP DRUM,36,7,0,9821.6832
O,O,N,TAKE BACK RETURN,Manufacturer#3,2-HIGH,2,MACHINERY,MAIL,6,0.01,21,Brand#32,WRAP CASE,20,18,1,27711.936
F,F,R,TAKE BACK RETURN,Manufacturer#3,2-HIGH,2,MACHINERY,TRUCK,5,0.06,18,Brand#34,SM BAG,20,28,2,40613.286
F,F,R,DELIVER IN PERSON,Manufacturer#1,5-LOW,4,FURNITURE,RAIL,1,0.01,18,Brand#15,WRAP PACK,36,48,2,57214.944
O,O,N,NONE,Manufacturer#2,4-NOT SPECIFIED,3,HOUSEHOLD,REG AIR,3,0.07,18,Brand#24,MED PKG,48,40,2,54550.14
F,F,R,NONE,Manufacturer#2,4-NOT SPECIFIED,0,FURNITURE,MAIL,4,0.08,12,Brand#23,LG BAG,17,2,0,2164.36
F,F,R,DELIVER IN PERSON,Manufacturer#4,4-NOT SPECIFIED,0,FURNITURE,REG AIR,3,0.03,8,Brand#45,MED BOX,34,24,3,28738.7136
F,F,A,DELIVER IN PERSON,Manufacturer#3,4-NOT SPECIFIED,0,FURNITURE,RAIL,2,0,18,Brand#31,SM JAR,2,21,2,27791.82
O,O,N,TAKE BACK RETURN,Manufacturer#4,5-LOW,1,BUILDING,FOB,3,0.01,8,Brand#45,WRAP PACK,9,2,3,2735.298
O,O,N,TAKE BACK RETURN,Manufacturer#4,5-LOW,1,BUILDING,MAIL,5,0.05,18,Brand#44,LG PKG,41,40,2,43034.992
O,O,N,DELIVER IN PERSON,Manufacturer#4,5-LOW,1,BUILDING,RAIL,4,0.05,21,Brand#43,WRAP DRUM,2,12,1,20360.0628
O,O,N,TAKE BACK RETURN,Manufacturer#5,5-LOW,1,BUILDING,AIR,1,0.07,12,Brand#52,LG JAR,14,47,0,43929.9224
F,F,R,DELIVER IN PERSON,Manufacturer#1,5-LOW,4,AUTOMOBILE,AIR,5,0.02,9,Brand#14,SM CAN,38,42,4,62441.1648
F,F,A,DELIVER IN PERSON,Manufacturer#4,5-LOW,4,AUTOMOBILE,FOB,3,0.05,18,Brand#44,MED DRUM,45,23,2,40311.939
F,F,R,DELIVER IN PERSON,Manufacturer#5,5-LOW,1,HOUSEHOLD,TRUCK,2,0,18,Brand#52,WRAP PACK,27,39,2,48625.9254
F,F,R,NONE,Manufacturer#3,3-MEDIUM,2,FURNITURE,TRUCK,4,0.04,9,Brand#34,MED CASE,4,26,4,22254.57
F,F,A,TAKE BACK RETURN,Manufacturer#2,3-MEDIUM,2,FURNITURE,FOB,3,0.07,18,Brand#25,SM BAG,3,12,2,19605.6048
O,O,N,DELIVER IN PERSON,Manufacturer#3,1-URGENT,2,BUILDING,AIR,1,0.01,18,Brand#32,SM DRUM,32,4,2,4830.0108
F,F,R,NONE,Manufacturer#1,4-NOT SPECIFIED,2,FURNITURE,RAIL,3,0.03,21,Brand#13,WRAP DRUM,19,38,1,40405.5634
F,F,A,TAKE BACK RETURN,Manufacturer#2,4-NOT SPECIFIED,2,AUTOMOBILE,FOB,1,0,18,Brand#23,JUMBO BOX,40,30,2,55478.412
F,F,R,DELIVER IN PERSON,Manufacturer#1,4-NOT SPECIFIED,2,AUTOMOBILE,REG AIR,2,0.06,12,Brand#14,MED BAG,30,28,0,33008.3488
O,O,N,NONE,Manufacturer#5,2-HIGH,3,HOUSEHOLD,AIR,1,0.02,8,Brand#54,MED JAR,13,6,3,8412.408
O,O,N,COLLECT COD,Manufacturer#2,2-HIGH,3,HOUSEHOLD,FOB,3,0.05,21,Brand#24,JUMBO PACK,48,17,1,22549.4154
O,O,N,NONE,Manufacturer#1,2-HIGH,3,HOUSEHOLD,MAIL,4,0.05,12,Brand#14,JUMBO JAR,9,30,0,40009.788
O,O,N,COLLECT COD,Manufacturer#5,5-LOW,4,FURNITURE,MAIL,5,0.07,8,Brand#54,LG CAN,44,41,3,37310.41
O,O,N,NONE,Manufacturer#5,5-LOW,4,FURNITURE,MAIL,2,0.02,21,Brand#54,WRAP BAG,15,40,1,58389.824
O,O,N,TAKE BACK RETURN,Manufacturer#1,1-URGENT,3,FURNITURE,FOB,5,0.01,9,Brand#12,MED PACK,24,30,4,34013.628
O,O,N,TAKE BACK RETURN,Manufacturer#4,1-URGENT,3,FURNITURE,FOB,3,0.07,21,Brand#45,LG PKG,16,25,1,28254.625
F,F,R,DELIVER IN PERSON,Manufacturer#4,1-URGENT,0,BUILDING,AIR,4,0.05,21,Brand#41,JUMBO CASE,4,2,1,3714.1804
O,O,N,TAKE BACK RETURN,Manufacturer#4,4-NOT SPECIFIED,3,MACHINERY,AIR,2,0.02,8,Brand#45,WRAP PACK,9,19,3,28006.4123
O,O,N,DELIVER IN PERSON,Manufacturer#2,4-NOT SPECIFIED,3,MACHINERY,TRUCK,5,0.03,8,Brand#25,WRAP PACK,10,9,3,13224.5568
F,F,A,TAKE BACK RETURN,Manufacturer#3,3-MEDIUM,3,HOUSEHOLD,SHIP,5,0.03,8,Brand#33,MED JAR,21,10,3,15539.616
F,F,A,DELIVER IN PERSON,Manufacturer#4,3-MEDIUM,3,HOUSEHOLD,SHIP,3,0.05,12,Brand#44,WRAP PACK,34,23,0,39957.9345
O,O,N,COLLECT COD,Manufacturer#1,4-NOT SPECIFIED,3,HOUSEHOLD,AIR,2,0.01,8,Brand#14,WRAP CASE,49,27,3,39888.9846
F,F,R,NONE,Manufacturer#5,1-URGENT,0,AUTOMOBILE,FOB,1,0.03,9,Brand#55,JUMBO CASE,25,7,4,6341.1957
O,O,N,DELIVER IN PERSON,Manufacturer#3,1-URGENT,4,AUTOMOBILE,REG AIR,5,0.07,18,Brand#32,SM CASE,32,42,2,37726.0548
O,O,N,TAKE BACK RETURN,Manufacturer#2,1-URGENT,4,AUTOMOBILE,TRUCK,1,0.03,9,Brand#22,WRAP PKG,31,4,4,6952.0144
O,O,N,DELIVER IN PERSON,Manufacturer#1,5-LOW,3,HOUSEHOLD,SHIP,3,0.03,9,Brand#12,JUMBO BAG,43,34,4,43362.58
F,F,A,TAKE BACK RETURN,Manufacturer#3,1-URGENT,1,MACHINERY,FOB,5,0.07,12,Brand#34,MED DRUM,29,35,0,51013.27
F,F,R,NONE,Manufacturer#2,1-URGENT,1,MACHINERY,SHIP,6,0.08,9,Brand#22,SM DRUM,42,27,4,32319.6237
F,F,R,TAKE BACK RETURN,Manufacturer#5,3-MEDIUM,2,BUILDING,FOB,3,0.08,21,Brand#51,LG CAN,22,47,1,68810.256
O,O,N,NONE,Manufacturer#3,3-MEDIUM,3,BUILDING,FOB,4,0.07,21,Brand#32,WRAP PKG,38,1,1,1013.598
O,O,N,NONE,Manufacturer#3,3-MEDIUM,3,BUILDING,REG AIR,1,0.01,18,Brand#32,SM DRUM,29,50,2,74804.55
O,O,N,NONE,Manufacturer#1,3-MEDIUM,3,BUILDING,TRUCK,2,0.07,8,Brand#14,JUMBO PACK,17,43,3,61254.36
O,O,N,DELIVER IN PERSON,Manufacturer#5,4-NOT SPECIFIED,3,HOUSEHOLD,MAIL,1,0.05,18,Brand#53,MED JAR,40,16,2,24314.192
O,O,N,TAKE BACK RETURN,Manufacturer#1,5-LOW,2,HOUSEHOLD,REG AIR,6,0.01,18,Brand#12,JUMBO JAR,19,2,2,2213.9394
O,O,N,COLLECT COD,Manufacturer#3,5-LOW,2,HOUSEHOLD,REG AIR,2,0.04,18,Brand#33,JUMBO PACK,35,5,2,5204.584
O,O,N,TAKE BACK RETURN,Manufacturer#5,5-LOW,3,BUILDING,REG AIR,2,0.07,9,Brand#55,LG JAR,38,36,4,47432.5632
O,O,N,TAKE BACK RETURN,Manufacturer#3,5-LOW,3,BUILDING,TRUCK,1,0.03,8,Brand#35,LG JAR,14,21,3,21065.7384
F,F,R,DELIVER IN PERSON,Manufacturer#4,2-HIGH,4,HOUSEHOLD,RAIL,1,0.08,21,Brand#42,JUMBO PKG,20,21,1,27019.3644
F,F,R,NONE,Manufacturer#3,2-HIGH,4,HOUSEHOLD,REG AIR,6,0.04,8,Brand#35,LG JAR,18,6,3,6791.4216
F,F,R,DELIVER IN PERSON,Manufacturer#4,5-LOW,2,FURNITURE,AIR,2,0.06,21,Brand#45,SM CASE,26,44,1,76492.416
F,F,A,COLLECT COD,Manufacturer#3,5-LOW,2,FURNITURE,TRUCK,5,0.04,9,Brand#34,SM PACK,48,27,4,29862.8208
F,F,R,DELIVER IN PERSON,Manufacturer#3,5-LOW,2,FURNITURE,RAIL,1,0.06,8,Brand#35,SM CAN,39,19,3,20709.3502
O,P,N,DELIVER IN PERSON,Manufacturer#4,1-URGENT,1,HOUSEHOLD,SHIP,4,0.04,9,Brand#42,WRAP PKG,38,33,4,46729.9965
O,P,N,COLLECT COD,Manufacturer#3,1-URGENT,1,HOUSEHOLD,TRUCK,2,0.08,12,Brand#33,LG CAN,16,40,0,50251.96
F,F,A,TAKE BACK RETURN,Manufacturer#3,4-NOT SPECIFIED,2,MACHINERY,FOB,2,0.05,12,Brand#34,MED PKG,14,20,0,34091.82
O,O,N,NONE,Manufacturer#4,1-URGENT,3,MACHINERY,MAIL,1,0.05,18,Brand#44,WRAP DRUM,11,10,2,13848.384
F,F,A,COLLECT COD,Manufacturer#1,1-URGENT,2,FURNITURE,REG AIR,1,0.05,18,Brand#13,LG DRUM,22,12,2,18163.224
F,F,R,TAKE BACK RETURN,Manufacturer#1,1-URGENT,2,FURNITURE,SHIP,2,0.06,8,Brand#14,JUMBO BOX,44,45,3,53292.33
F,F,R,DELIVER IN PERSON,Manufacturer#3,4-NOT SPECIFIED,3,BUILDING,RAIL,1,0.06,21,Brand#32,MED PKG,5,18,1,21569.22
F,F,R,DELIVER IN PERSON,Manufacturer#1,4-NOT SPECIFIED,3,BUILDING,TRUCK,2,0,18,Brand#12,LG BAG,45,29,2,42618.3478
F,F,A,COLLECT COD,Manufacturer#3,3-MEDIUM,0,AUTOMOBILE,MAIL,3,0.08,12,Brand#32,LG PKG,21,20,0,26152.93
F,F,R,COLLECT COD,Manufacturer#1,3-MEDIUM,0,AUTOMOBILE,RAIL,2,0.08,9,Brand#13,JUMBO JAR,16,31,4,53848.9716
O,O,N,NONE,Manufacturer#1,2-HIGH,2,BUILDING,FOB,1,0.07,18,Brand#14,WRAP BAG,46,1,2,1143.2785
F,F,R,COLLECT COD,Manufacturer#2,4-NOT SPECIFIED,1,FURNITURE,RAIL,4,0.02,18,Brand#24,MED DRUM,1,23,2,37577.4092
O,O,N,NONE,Manufacturer#3,4-NOT SPECIFIED,0,BUILDING,REG AIR,1,0.06,9,Brand#33,LG CASE,35,50,4,53305.45
O,O,N,DELIVER IN PERSON,Manufacturer#5,3-MEDIUM,4,MACHINERY,RAIL,6,0.03,18,Brand#53,MED JAR,40,12,2,18607.8
O,O,N,DELIVER IN PERSON,Manufacturer#2,3-MEDIUM,4,MACHINERY,AIR,3,0.05,9,Brand#25,SM PKG,31,18,4,33374.7036
O,O,N,COLLECT COD,Manufacturer#3,3-MEDIUM,4,MACHINERY,MAIL,4,0.07,9,Brand#35,WRAP BOX,14,19,4,23228.4348
O,O,N,NONE,Manufacturer#4,5-LOW,4,HOUSEHOLD,REG AIR,3,0.01,9,Brand#43,JUMBO CASE,44,35,4,58013.76
F,P,R,COLLECT COD,Manufacturer#2,5-LOW,3,BUILDING,REG AIR,2,0.06,18,Brand#25,WRAP PKG,4,37,2,60501.2863
O,O,N,COLLECT COD,Manufacturer#1,5-LOW,1,MACHINERY,AIR,2,0,18,Brand#13,MED CASE,27,43,2,58373.5492
O,O,N,TAKE BACK RETURN,Manufacturer#1,1-URGENT,2,FURNITURE,AIR,3,0.07,18,Brand#15,SM CASE,34,41,2,52222.5856
O,O,N,NONE,Manufacturer#1,1-URGENT,2,FURNITURE,REG AIR,4,0.04,8,Brand#12,MED JAR,42,43,3,62560.2012
F,F,R,TAKE BACK RETURN,Manufacturer#2,5-LOW,3,BUILDING,FOB,3,0.03,21,Brand#23,WRAP DRUM,12,18,1,17361.9504
F,F,R,NONE,Manufacturer#3,5-LOW,3,BUILDING,FOB,1,0.02,21,Brand#35,JUMBO JAR,29,26,1,42875.001
F,F,R,DELIVER IN PERSON,Manufacturer#5,5-LOW,3,BUILDING,RAIL,2,0,18,Brand#54,MED BOX,48,25,2,46624
F,F,R,DELIVER IN PERSON,Manufacturer#4,5-LOW,4,FURNITURE,SHIP,3,0.02,12,Brand#41,WRAP PKG,26,49,0,56414.6016
F,F,R,NONE,Manufacturer#5,4-NOT SPECIFIED,4,MACHINERY,SHIP,1,0,12,Brand#53,SM CASE,37,29,0,54083.84
F,F,R,COLLECT COD,Manufacturer#2,4-NOT SPECIFIED,2,MACHINERY,TRUCK,4,0.07,18,Brand#25,SM CAN,1,37,2,48087.6309
F,F,A,TAKE BACK RETURN,Manufacturer#5,4-NOT SPECIFIED,2,MACHINERY,MAIL,1,0.06,21,Brand#55,WRAP PKG,27,25,1,41011.975
F,F,A,DELIVER IN PERSON,Manufacturer#4,1-URGENT,3,FURNITURE,TRUCK,2,0.03,9,Brand#42,JUMBO CASE,6,11,4,17928.6624
F,F,R,TAKE BACK RETURN,Manufacturer#4,1-URGENT,3,FURNITURE,SHIP,1,0.07,21,Brand#43,SM CASE,20,38,1,51880.45
O,O,N,DELIVER IN PERSON,Manufacturer#2,4-NOT SPECIFIED,3,HOUSEHOLD,AIR,1,0.07,18,Brand#22,MED CASE,49,33,2,55756.2984
F,F,A,DELIVER IN PERSON,Manufacturer#5,3-MEDIUM,3,MACHINERY,MAIL,7,0.01,18,Brand#52,WRAP CASE,36,40,2,71751.636
F,F,A,COLLECT COD,Manufacturer#2,3-MEDIUM,3,MACHINERY,REG AIR,3,0.07,9,Brand#24,JUMBO DRUM,50,40,4,63336.88
F,F,A,COLLECT COD,Manufacturer#1,3-MEDIUM,3,MACHINERY,RAIL,1,0.02,8,Brand#13,SM BAG,29,14,3,22852.1524
O,O,N,COLLECT COD,Manufacturer#5,5-LOW,1,BUILDING,MAIL,2,0,9,Brand#52,LG CASE,2,37,4,33393.906
O,O,N,COLLECT COD,Manufacturer#4,5-LOW,1,BUILDING,REG AIR,1,0.05,21,Brand#41,MED CAN,8,25,1,37146.2925
F,F,R,COLLECT COD,Manufacturer#3,4-NOT SPECIFIED,1,AUTOMOBILE,SHIP,1,0.06,8,Brand#33,MED DRUM,29,2,3,2368.046
F,F,R,TAKE BACK RETURN,Manufacturer#5,4-NOT SPECIFIED,1,AUTOMOBILE,TRUCK,2,0.08,18,Brand#51,WRAP BAG,2,33,2,49347.8964
O,P,N,TAKE BACK RETURN,Manufacturer#1,2-HIGH,3,BUILDING,TRUCK,4,0.07,21,Brand#11,LG JAR,40,6,1,6105.669
F,F,A,NONE,Manufacturer#4,3-MEDIUM,2,AUTOMOBILE,REG AIR,3,0.08,18,Brand#41,SM CAN,47,13,2,11207.6718
F,F,A,NONE,Manufacturer#1,3-MEDIUM,2,AUTOMOBILE,TRUCK,5,0.03,21,Brand#11,MED BOX,25,42,1,52155.873
O,O,N,COLLECT COD,Manufacturer#1,2-HIGH,1,BUILDING,TRUCK,1,0.06,9,Brand#14,SM BOX,26,17,4,17040.3648
F,F,R,DELIVER IN PERSON,Manufacturer#3,3-MEDIUM,0,AUTOMOBILE,MAIL,1,0,18,Brand#34,MED BAG,32,34,2,29084.5282
F,F,A,COLLECT COD,Manufacturer#3,3-MEDIUM,0,AUTOMOBILE,FOB,4,0.01,12,Brand#31,SM CAN,25,32,0,56859.84
F,F,A,DELIVER IN PERSON,Manufacturer#5,3-MEDIUM,0,AUTOMOBILE,AIR,3,0.06,12,Brand#52,MED CAN,41,37,0,54732.2426
O,O,N,TAKE BACK RETURN,Manufacturer#1,1-URGENT,3,FURNITURE,MAIL,4,0.05,9,Brand#14,JUMBO JAR,26,41,4,46709.8076
O,O,N,NONE,Manufacturer#5,2-HIGH,1,FURNITURE,REG AIR,5,0.05,8,Brand#53,MED PACK,1,19,3,28886.3232
O,O,N,TAKE BACK RETURN,Manufacturer#5,4-NOT SPECIFIED,4,MACHINERY,FOB,3,0.08,21,Brand#51,SM CAN,15,41,1,64153.7988
O,O,N,COLLECT COD,Manufacturer#4,4-NOT SPECIFIED,4,MACHINERY,SHIP,4,0.04,18,Brand#45,LG BAG,4,44,2,42440.3232
O,O,N,TAKE BACK RETURN,Manufacturer#5,4-NOT SPECIFIED,4,MACHINERY,RAIL,5,0.08,12,Brand#52,LG PKG,39,49,0,56292.4054
O,O,N,COLLECT COD,Manufacturer#5,1-URGENT,0,AUTOMOBILE,FOB,1,0.01,12,Brand#51,SM JAR,13,20,0,23721.88
F,F,A,COLLECT COD,Manufacturer#2,3-MEDIUM,0,AUTOMOBILE,TRUCK,4,0.02,12,Brand#24,LG PACK,50,21,0,18534.7512
O,O,N,TAKE BACK RETURN,Manufacturer#3,4-NOT SPECIFIED,3,HOUSEHOLD,SHIP,1,0,21,Brand#32,MED JAR,15,23,1,41492.9315
O,O,N,TAKE BACK RETURN,Manufacturer#2,1-URGENT,0,HOUSEHOLD,REG AIR,3,0.02,18,Brand#23,SM PACK,36,3,2,3981.339
O,O,N,TAKE BACK RETURN,Manufacturer#2,4-NOT SPECIFIED,0,MACHINERY,TRUCK,6,0,18,Brand#22,WRAP DRUM,23,16,2,15242.0576
F,F,R,TAKE BACK RETURN,Manufacturer#4,3-MEDIUM,0,AUTOMOBILE,TRUCK,1,0.03,18,Brand#42,SM CASE,16,6,2,6128.469
F,F,A,COLLECT COD,Manufacturer#3,3-MEDIUM,0,AUTOMOBILE,MAIL,2,0.01,21,Brand#33,WRAP PACK,33,16,1,20922.344
F,F,R,NONE,Manufacturer#2,3-MEDIUM,0,AUTOMOBILE,REG AIR,4,0.08,8,Brand#22,WRAP DRUM,26,3,3,4686.5583
O,O,N,DELIVER IN PERSON,Manufacturer#3,4-NOT SPECIFIED,4,BUILDING,AIR,7,0.02,21,Brand#35,LG JAR,6,20,1,31290.624
O,O,N,NONE,Manufacturer#3,4-NOT SPECIFIED,4,BUILDING,RAIL,1,0.07,8,Brand#32,JUMBO JAR,16,13,3,20937.4438
O,O,N,NONE,Manufacturer#2,4-NOT SPECIFIED,4,BUILDING,TRUCK,4,0.04,9,Brand#22,WRAP PKG,31,35,4,60830.126
O,O,N,TAKE BACK RETURN,Manufacturer#5,2-HIGH,1,AUTOMOBILE,AIR,3,0.08,18,Brand#52,JUMBO PKG,17,50,2,65120
O,O,N,TAKE BACK RETURN,Manufacturer#3,2-HIGH,1,AUTOMOBILE,RAIL,5,0.06,12,Brand#32,LG PKG,11,24,0,27154.5456
O,O,N,COLLECT COD,Manufacturer#1,2-HIGH,1,AUTOMOBILE,SHIP,1,0.03,9,Brand#13,JUMBO JAR,26,11,4,12526.0135
F,F,R,TAKE BACK RETURN,Manufacturer#4,4-NOT SPECIFIED,0,AUTOMOBILE,REG AIR,7,0.02,12,Brand#45,LG PKG,16,36,0,41517
F,F,A,COLLECT COD,Manufacturer#5,4-NOT SPECIFIED,0,AUTOMOBILE,SHIP,1,0.07,9,Brand#52,MED JAR,48,24,4,39631.1712
F,F,R,NONE,Manufacturer#5,4-NOT SPECIFIED,2,FURNITURE,REG AIR,2,0,21,Brand#54,SM BAG,1,45,1,71448.948
F,F,R,DELIVER IN PERSON,Manufacturer#3,4-NOT SPECIFIED,2,FURNITURE,RAIL,4,0.06,12,Brand#33,WRAP CASE,17,24,0,35911.296
O,O,N,COLLECT COD,Manufacturer#4,2-HIGH,4,AUTOMOBILE,FOB,1,0,18,Brand#44,WRAP CAN,41,29,2,26683.1929
F,F,A,NONE,Manufacturer#4,1-URGENT,3,FURNITURE,AIR,1,0.06,18,Brand#44,MED JAR,10,3,2,3116.475
F,F,A,NONE,Manufacturer#4,1-URGENT,3,FURNITURE,FOB,2,0,21,Brand#42,JUMBO BAG,1,35,1,57440.936
F,F,A,NONE,Manufacturer#5,4-NOT SPECIFIED,1,FURNITURE,FOB,1,0.07,12,Brand#51,LG PACK,18,37,0,48081.8404
F,F,R,TAKE BACK RETURN,Manufacturer#3,4-NOT SPECIFIED,1,FURNITURE,FOB,2,0.05,9,Brand#31,LG PACK,36,19,4,27819.629
O,O,N,DELIVER IN PERSON,Manufacturer#1,2-HIGH,4,AUTOMOBILE,REG AIR,4,0.04,18,Brand#13,SM BOX,18,6,2,11190.8412
O,O,N,DELIVER IN PERSON,Manufacturer#5,2-HIGH,4,AUTOMOBILE,AIR,5,0.07,21,Brand#52,MED CASE,20,19,1,16502.9972
O,O,N,TAKE BACK RETURN,Manufacturer#4,4-NOT SPECIFIED,3,HOUSEHOLD,TRUCK,1,0.05,21,Brand#43,SM DRUM,33,37,1,57077.5875
O,O,N,COLLECT COD,Manufacturer#1,4-NOT SPECIFIED,3,HOUSEHOLD,MAIL,2,0.01,18,Brand#15,LG DRUM,6,50,2,78419.04
O,O,N,DELIVER IN PERSON,Manufacturer#2,2-HIGH,0,FURNITURE,REG AIR,1,0.02,12,Brand#23,JUMBO PACK,2,22,0,27324.2816
O,O,N,COLLECT COD,Manufacturer#5,1-URGENT,3,FURNITURE,REG AIR,1,0.06,8,Brand#54,WRAP JAR,50,21,3,36952.6878
O,O,N,DELIVER IN PERSON,Manufacturer#2,5-LOW,2,AUTOMOBILE,REG AIR,2,0,8,Brand#24,JUMBO CAN,13,45,3,69459.678
F,F,A,DELIVER IN PERSON,Manufacturer#4,4-NOT SPECIFIED,3,HOUSEHOLD,REG AIR,1,0.01,12,Brand#42,JUMBO JAR,46,35,0,41610.9435
F,F,A,DELIVER IN PERSON,Manufacturer#4,2-HIGH,2,AUTOMOBILE,SHIP,4,0.06,8,Brand#43,SM JAR,11,35,3,29876.2555
F,F,A,NONE,Manufacturer#2,2-HIGH,2,AUTOMOBILE,REG AIR,1,0,9,Brand#25,JUMBO BAG,47,24,4,29471.7696
O,O,N,NONE,Manufacturer#4,4-NOT SPECIFIED,1,HOUSEHOLD,SHIP,2,0.02,8,Brand#42,SM JAR,47,30,3,26481
F,F,R,COLLECT COD,Manufacturer#4,2-HIGH,1,MACHINERY,REG AIR,1,0.03,9,Brand#43,JUMBO BAG,41,16,4,26027.52
F,F,A,TAKE BACK RETURN,Manufacturer#4,3-MEDIUM,4,MACHINERY,AIR,1,0.01,12,Brand#42,WRAP DRUM,28,16,0,20542.04
F,F,R,TAKE BACK RETURN,Manufacturer#4,3-MEDIUM,4,MACHINERY,MAIL,2,0.07,18,Brand#44,WRAP CASE,35,19,2,21220.3628
F,F,A,NONE,Manufacturer#1,1-URGENT,4,AUTOMOBILE,SHIP,3,0.05,18,Brand#14,MED PACK,2,9,2,14177.0142
F,F,R,DELIVER IN PERSON,Manufacturer#2,1-URGENT,4,AUTOMOBILE,RAIL,1,0.04,12,Brand#23,WRAP CASE,5,48,0,51711.8976
F,F,A,NONE,Manufacturer#5,1-URGENT,4,AUTOMOBILE,SHIP,4,0.04,8,Brand#51,SM PACK,30,34,3,51943.4388
F,F,A,COLLECT COD,Manufacturer#3,1-URGENT,4,AUTOMOBILE,SHIP,2,0.08,21,Brand#34,SM CASE,21,6,1,9532.0464
O,O,N,DELIVER IN PERSON,Manufacturer#4,3-MEDIUM,4,MACHINERY,SHIP,1,0.03,21,Brand#45,MED CASE,23,3,1,3341.9034
O,O,N,NONE,Manufacturer#3,1-URGENT,1,MACHINERY,FOB,1,0.07,9,Brand#33,MED CASE,10,40,4,59116.456
F,F,A,DELIVER IN PERSON,Manufacturer#1,5-LOW,4,FURNITURE,RAIL,4,0.08,21,Brand#12,JUMBO DRUM,12,41,1,35931.7686
F,F,R,DELIVER IN PERSON,Manufacturer#4,5-LOW,4,HOUSEHOLD,AIR,1,0.07,8,Brand#41,WRAP CASE,50,39,3,46135.791
F,F,A,TAKE BACK RETURN,Manufacturer#4,5-LOW,4,HOUSEHOLD,REG AIR,4,0.06,12,Brand#41,JUMBO PKG,14,32,0,32175.648
F,F,R,COLLECT COD,Manufacturer#1,2-HIGH,4,HOUSEHOLD,SHIP,4,0.05,18,Brand#15,LG CASE,25,17,2,17713.0633
F,F,A,COLLECT COD,Manufacturer#2,5-LOW,1,BUILDING,RAIL,1,0.05,9,Brand#25,MED CAN,25,16,4,14667.0208
O,O,N,DELIVER IN PERSON,Manufacturer#4,4-NOT SPECIFIED,0,FURNITURE,MAIL,6,0.05,8,Brand#43,MED JAR,42,17,3,25584.2112
O,O,N,TAKE BACK RETURN,Manufacturer#1,4-NOT SPECIFIED,0,FURNITURE,MAIL,3,0.03,18,Brand#11,LG JAR,30,15,2,21906.48
O,O,N,COLLECT COD,Manufacturer#3,4-NOT SPECIFIED,4,BUILDING,RAIL,3,0.05,21,Brand#31,SM PKG,4,23,1,20198.7058
F,F,A,NONE,Manufacturer#3,4-NOT SPECIFIED,0,FURNITURE,AIR,5,0.02,21,Brand#32,WRAP PKG,38,7,1,7174.0214
F,F,R,DELIVER IN PERSON,Manufacturer#5,4-NOT SPECIFIED,0,FURNITURE,FOB,4,0.05,9,Brand#51,JUMBO BOX,38,1,4,1738.7816
F,F,R,NONE,Manufacturer#4,4-NOT SPECIFIED,0,FURNITURE,MAIL,1,0.01,9,Brand#45,MED DRUM,34,31,4,47356.22
F,F,A,DELIVER IN PERSON,Manufacturer#2,2-HIGH,1,AUTOMOBILE,REG AIR,4,0.05,21,Brand#24,JUMBO BAG,25,4,1,5863.0572
F,F,R,COLLECT COD,Manufacturer#4,2-HIGH,1,AUTOMOBILE,RAIL,1,0.02,18,Brand#42,JUMBO JAR,15,7,2,11662.2604
F,F,A,COLLECT COD,Manufacturer#1,3-MEDIUM,3,BUILDING,RAIL,3,0.07,8,Brand#11,LG DRUM,24,1,3,1595.5929
F,F,R,TAKE BACK RETURN,Manufacturer#4,3-MEDIUM,3,BUILDING,RAIL,2,0.03,21,Brand#45,MED CASE,23,30,1,32068.77
O,O,N,DELIVER IN PERSON,Manufacturer#5,5-LOW,0,AUTOMOBILE,RAIL,1,0.04,9,Brand#55,SM JAR,11,35,4,43484.168
O,O,N,TAKE BACK RETURN,Manufacturer#2,5-LOW,0,AUTOMOBILE,FOB,5,0,8,Brand#25,WRAP PKG,37,1,3,1343.7152
O,O,N,DELIVER IN PERSON,Manufacturer#1,3-MEDIUM,0,BUILDING,TRUCK,1,0.06,12,Brand#13,MED JAR,17,35,0,61956.384
O,O,N,TAKE BACK RETURN,Manufacturer#2,3-MEDIUM,0,BUILDING,AIR,3,0.03,21,Brand#22,JUMBO CAN,42,38,1,59879.8376
O,O,N,DELIVER IN PERSON,Manufacturer#3,5-LOW,0,BUILDING,AIR,2,0,9,Brand#34,MED CASE,4,39,4,33381.855
O,O,N,COLLECT COD,Manufacturer#2,5-LOW,0,BUILDING,TRUCK,4,0.01,18,Brand#24,MED BAG,4,39,2,33213.96
O,P,N,TAKE BACK RETURN,Manufacturer#4,4-NOT SPECIFIED,0,AUTOMOBILE,MAIL,2,0.05,9,Brand#44,SM JAR,27,4,4,5686.156
O,P,N,COLLECT COD,Manufacturer#4,4-NOT SPECIFIED,0,AUTOMOBILE,TRUCK,4,0.08,12,Brand#45,LG DRUM,46,35,0,59845.1945
F,P,R,NONE,Manufacturer#4,4-NOT SPECIFIED,0,AUTOMOBILE,AIR,5,0.05,21,Brand#45,MED BAG,27,6,1,7399.3734
O,P,N,NONE,Manufacturer#4,4-NOT SPECIFIED,0,AUTOMOBILE,MAIL,1,0,9,Brand#43,LG CASE,13,1,4,1043.6928
O,O,N,DELIVER IN PERSON,Manufacturer#3,3-MEDIUM,1,FURNITURE,MAIL,3,0.06,18,Brand#34,LG CASE,20,20,2,24632.79
O,O,N,NONE,Manufacturer#5,4-NOT SPECIFIED,1,AUTOMOBILE,AIR,7,0.08,18,Brand#54,LG CAN,49,29,2,28365.1088
O,O,N,NONE,Manufacturer#5,4-NOT SPECIFIED,1,AUTOMOBILE,REG AIR,6,0,21,Brand#51,JUMBO BOX,48,50,1,77166.45
F,F,R,NONE,Manufacturer#3,3-MEDIUM,2,MACHINERY,RAIL,2,0.08,8,Brand#35,JUMBO DRUM,21,22,3,29397.0336
F,F,A,COLLECT COD,Manufacturer#3,3-MEDIUM,4,AUTOMOBILE,REG AIR,3,0.07,8,Brand#33,JUMBO PACK,35,11,3,11450.0848
F,F,A,NONE,Manufacturer#2,5-LOW,0,FURNITURE,FOB,3,0.02,18,Brand#25,SM BOX,41,32,2,40536
F,F,A,NONE,Manufacturer#2,4-NOT SPECIFIED,3,AUTOMOBILE,AIR,2,0.02,12,Brand#22,MED JAR,18,20,0,26566.82
F,F,R,TAKE BACK RETURN,Manufacturer#5,3-MEDIUM,4,AUTOMOBILE,AIR,4,0,21,Brand#51,JUMBO PACK,49,26,1,35966.112
F,F,A,DELIVER IN PERSON,Manufacturer#4,3-MEDIUM,4,AUTOMOBILE,MAIL,2,0.01,8,Brand#45,JUMBO PACK,26,35,3,31687.376
O,O,N,COLLECT COD,Manufacturer#2,3-MEDIUM,4,BUILDING,SHIP,2,0.05,12,Brand#21,WRAP DRUM,31,1,0,928.3776
O,O,N,COLLECT COD,Manufacturer#5,3-MEDIUM,4,BUILDING,REG AIR,5,0.01,9,Brand#55,JUMBO CASE,25,35,4,33410.601
F,F,R,NONE,Manufacturer#1,3-MEDIUM,2,AUTOMOBILE,MAIL,5,0.04,21,Brand#14,MED BOX,1,19,1,27750.45
F,F,A,DELIVER IN PERSON,Manufacturer#4,3-MEDIUM,2,AUTOMOBILE,SHIP,4,0.06,8,Brand#42,SM JAR,4,49,3,70588.224
F,F,R,DELIVER IN PERSON,Manufacturer#1,3-MEDIUM,2,AUTOMOBILE,RAIL,6,0.08,8,Brand#11,LG CASE,39,46,3,65125.121
F,F,R,TAKE BACK RETURN,Manufacturer#5,3-MEDIUM,2,AUTOMOBILE,MAIL,1,0.04,8,Brand#51,SM PKG,20,50,3,55381.27
F,F,A,DELIVER IN PERSON,Manufacturer#5,4-NOT SPECIFIED,2,BUILDING,AIR,5,0.07,8,Brand#54,JUMBO JAR,28,13,3,12881.5414
F,F,R,COLLECT COD,Manufacturer#1,4-NOT SPECIFIED,2,BUILDING,RAIL,3,0.01,18,Brand#12,WRAP CASE,20,5,2,7472.104
O,O,N,TAKE BACK RETURN,Manufacturer#3,2-HIGH,1,MACHINERY,RAIL,7,0.05,18,Brand#34,MED JAR,46,38,2,51970.662
O,O,N,NONE,Manufacturer#5,2-HIGH,1,MACHINERY,TRUCK,2,0.07,18,Brand#54,SM BOX,42,11,2,13716.1486
O,O,N,DELIVER IN PERSON,Manufacturer#1,2-HIGH,0,BUILDING,MAIL,4,0.06,9,Brand#11,LG PKG,20,3,4,3517.2774
O,O,N,DELIVER IN PERSON,Manufacturer#4,4-NOT SPECIFIED,4,HOUSEHOLD,AIR,3,0.02,18,Brand#44,WRAP DRUM,11,30,2,39814.104
O,O,N,TAKE BACK RETURN,Manufacturer#4,4-NOT SPECIFIED,4,HOUSEHOLD,MAIL,4,0.01,12,Brand#41,WRAP PKG,26,17,0,19572.4128
F,F,A,DELIVER IN PERSON,Manufacturer#2,1-URGENT,2,AUTOMOBILE,FOB,3,0.05,8,Brand#25,LG CASE,39,21,3,22956.843
F,F,R,NONE,Manufacturer#2,1-URGENT,2,AUTOMOBILE,RAIL,1,0,18,Brand#21,MED CASE,9,14,2,22382.269
F,F,A,TAKE BACK RETURN,Manufacturer#2,1-URGENT,2,AUTOMOBILE,REG AIR,2,0.06,18,Brand#25,SM BOX,35,5,2,9010.757
F,F,A,COLLECT COD,Manufacturer#2,2-HIGH,2,HOUSEHOLD,TRUCK,3,0,8,Brand#25,MED CAN,25,22,3,19959.2448
F,F,R,COLLECT COD,Manufacturer#1,2-HIGH,2,HOUSEHOLD,AIR,1,0.03,12,Brand#14,MED BAG,30,21,0,26101.7106
O,P,N,DELIVER IN PERSON,Manufacturer#1,1-URGENT,3,HOUSEHOLD,TRUCK,4,0.04,18,Brand#15,JUMBO PACK,27,9,2,14206.4622
F,F,R,TAKE BACK RETURN,Manufacturer#3,2-HIGH,4,FURNITURE,REG AIR,4,0.06,12,Brand#32,LG PKG,47,29,0,38966.6823
O,O,N,DELIVER IN PERSON,Manufacturer#1,4-NOT SPECIFIED,0,FURNITURE,TRUCK,3,0.07,12,Brand#12,JUMBO PKG,35,5,0,6285.734
F,F,A,NONE,Manufacturer#3,2-HIGH,4,HOUSEHOLD,FOB,2,0.03,18,Brand#31,MED PKG,24,16,2,24766.9696
F,F,A,DELIVER IN PERSON,Manufacturer#2,2-HIGH,4,HOUSEHOLD,TRUCK,3,0.01,12,Brand#23,JUMBO PACK,2,21,0,25816.1232
F,F,A,NONE,Manufacturer#1,4-NOT SPECIFIED,4,AUTOMOBILE,SHIP,7,0.03,21,Brand#11,LG JAR,30,21,1,29720.544
F,F,A,TAKE BACK RETURN,Manufacturer#2,4-NOT SPECIFIED,4,AUTOMOBILE,AIR,5,0.08,8,Brand#23,JUMBO PKG,15,35,3,37255.974
F,F,A,TAKE BACK RETURN,Manufacturer#4,4-NOT SPECIFIED,4,AUTOMOBILE,RAIL,6,0.01,18,Brand#44,SM BAG,15,2,2,2841.606
O,P,N,NONE,Manufacturer#1,2-HIGH,0,FURNITURE,SHIP,5,0.08,18,Brand#14,WRAP JAR,41,6,2,6952.6002
O,O,N,TAKE BACK RETURN,Manufacturer#5,3-MEDIUM,0,FURNITURE,TRUCK,4,0.06,12,Brand#52,WRAP DRUM,36,48,0,63840.9408
F,F,A,TAKE BACK RETURN,Manufacturer#4,2-HIGH,1,BUILDING,FOB,4,0.01,21,Brand#45,JUMBO CAN,13,44,1,50615.7696
O,O,N,NONE,Manufacturer#5,4-NOT SPECIFIED,3,MACHINERY,REG AIR,6,0.05,12,Brand#55,SM CAN,43,27,0,35065.8639
O,O,N,TAKE BACK RETURN,Manufacturer#5,4-NOT SPECIFIED,3,MACHINERY,TRUCK,2,0.01,21,Brand#51,JUMBO CAN,28,4,1,6707.4084
O,O,N,TAKE BACK RETURN,Manufacturer#1,4-NOT SPECIFIED,0,FURNITURE,REG AIR,6,0.08,21,Brand#11,WRAP BOX,13,5,1,8215.899
O,O,N,NONE,Manufacturer#5,5-LOW,1,BUILDING,SHIP,2,0.02,12,Brand#51,WRAP CASE,3,30,0,32182.968
O,O,N,NONE,Manufacturer#4,5-LOW,1,BUILDING,REG AIR,1,0,8,Brand#42,MED JAR,7,18,3,20764.9332
F,F,R,DELIVER IN PERSON,Manufacturer#3,3-MEDIUM,2,MACHINERY,MAIL,1,0.05,18,Brand#31,WRAP PKG,11,12,2,13438.872
F,F,R,DELIVER IN PERSON,Manufacturer#5,3-MEDIUM,2,MACHINERY,TRUCK,2,0.04,8,Brand#51,JUMBO CASE,33,11,3,11899.2907
O,O,N,NONE,Manufacturer#2,1-URGENT,3,MACHINERY,FOB,6,0.01,8,Brand#23,SM PACK,14,40,3,45656.304
F,F,A,NONE,Manufacturer#5,5-LOW,2,HOUSEHOLD,AIR,1,0.03,18,Brand#54,LG BOX,37,30,2,27086.697
F,F,R,COLLECT COD,Manufacturer#3,3-MEDIUM,3,AUTOMOBILE,RAIL,2,0.08,21,Brand#32,JUMBO JAR,16,48,1,80705.616
F,F,A,DELIVER IN PERSON,Manufacturer#5,3-MEDIUM,3,AUTOMOBILE,MAIL,5,0.04,9,Brand#54,MED CAN,9,4,4,4352.72
F,F,A,COLLECT COD,Manufacturer#3,3-MEDIUM,3,AUTOMOBILE,SHIP,6,0.07,18,Brand#35,JUMBO CAN,6,8,2,10774.764
F,F,R,NONE,Manufacturer#4,4-NOT SPECIFIED,2,AUTOMOBILE,SHIP,1,0.03,8,Brand#42,LG CAN,38,17,3,21110.7105
O,O,N,TAKE BACK RETURN,Manufacturer#1,5-LOW,0,FURNITURE,AIR,3,0.08,18,Brand#13,MED CASE,47,30,2,43055.487
O,O,N,DELIVER IN PERSON,Manufacturer#2,2-HIGH,1,MACHINERY,RAIL,4,0.05,12,Brand#22,SM PACK,31,11,0,10382.6569
O,O,N,TAKE BACK RETURN,Manufacturer#4,2-HIGH,1,MACHINERY,RAIL,6,0.01,12,Brand#45,MED PKG,8,14,0,17557.974
F,F,A,NONE,Manufacturer#5,4-NOT SPECIFIED,0,BUILDING,SHIP,1,0.03,18,Brand#53,LG JAR,26,7,2,11874.6236
F,F,R,TAKE BACK RETURN,Manufacturer#1,5-LOW,2,BUILDING,AIR,3,0.08,21,Brand#15,JUMBO JAR,3,4,1,4930.082
O,O,N,NONE,Manufacturer#5,4-NOT SPECIFIED,1,MACHINERY,RAIL,3,0.07,8,Brand#55,SM BOX,12,15,3,23890.35
O,O,N,COLLECT COD,Manufacturer#1,4-NOT SPECIFIED,1,MACHINERY,REG AIR,5,0.01,8,Brand#15,JUMBO JAR,16,17,3,19513.161
O,O,N,DELIVER IN PERSON,Manufacturer#3,2-HIGH,1,FURNITURE,SHIP,3,0,8,Brand#33,SM CAN,23,48,3,87397.968
F,F,A,COLLECT COD,Manufacturer#4,2-HIGH,2,HOUSEHOLD,SHIP,6,0.05,18,Brand#41,SM PACK,24,32,2,39411.648
F,F,R,DELIVER IN PERSON,Manufacturer#1,2-HIGH,2,HOUSEHOLD,SHIP,3,0.07,18,Brand#14,JUMBO JAR,37,38,2,37552.9832
F,F,R,TAKE BACK RETURN,Manufacturer#4,1-URGENT,3,AUTOMOBILE,RAIL,1,0.04,8,Brand#42,MED JAR,7,38,3,44279.88
F,F,A,COLLECT COD,Manufacturer#4,1-URGENT,0,HOUSEHOLD,RAIL,2,0,18,Brand#42,WRAP BAG,13,46,2,64155.096
O,O,N,DELIVER IN PERSON,Manufacturer#2,5-LOW,1,BUILDING,MAIL,5,0.07,9,Brand#22,WRAP JAR,3,42,4,55378.3104
F,F,R,NONE,Manufacturer#2,4-NOT SPECIFIED,0,FURNITURE,MAIL,1,0.03,8,Brand#22,WRAP JAR,23,37,3,35274.3792
O,O,N,COLLECT COD,Manufacturer#4,2-HIGH,2,HOUSEHOLD,RAIL,1,0.02,21,Brand#45,WRAP CASE,18,43,1,53610.5295
O,O,N,NONE,Manufacturer#2,5-LOW,1,HOUSEHOLD,RAIL,6,0.06,9,Brand#23,WRAP BOX,33,5,4,4365.2975
O,O,N,COLLECT COD,Manufacturer#4,5-LOW,1,HOUSEHOLD,TRUCK,3,0,8,Brand#45,SM CAN,21,21,3,20643.798
O,O,N,NONE,Manufacturer#3,2-HIGH,2,BUILDING,RAIL,3,0.03,8,Brand#35,MED BAG,43,15,3,26115.6495
O,O,N,COLLECT COD,Manufacturer#3,3-MEDIUM,2,BUILDING,RAIL,2,0.01,12,Brand#33,MED CASE,34,35,0,54255.0225
O,O,N,DELIVER IN PERSON,Manufacturer#2,3-MEDIUM,2,BUILDING,TRUCK,1,0.01,21,Brand#22,SM CASE,42,18,1,23921.5824
O,O,N,COLLECT COD,Manufacturer#2,4-NOT SPECIFIED,3,BUILDING,AIR,3,0.08,9,Brand#22,MED CASE,38,6,4,8442.1428
F,F,A,NONE,Manufacturer#2,5-LOW,3,HOUSEHOLD,AIR,2,0.03,21,Brand#21,MED PKG,20,9,1,11262.888
F,F,A,TAKE BACK RETURN,Manufacturer#3,3-MEDIUM,2,MACHINERY,REG AIR,5,0.07,21,Brand#34,SM BAG,20,38,1,53932.697
F,F,A,DELIVER IN PERSON,Manufacturer#3,3-MEDIUM,2,MACHINERY,SHIP,3,0.07,8,Brand#35,JUMBO DRUM,47,5,3,6258.116
F,F,A,COLLECT COD,Manufacturer#2,3-MEDIUM,2,MACHINERY,RAIL,2,0.05,18,Brand#23,SM PACK,36,37,2,54013.4991
F,F,A,TAKE BACK RETURN,Manufacturer#3,5-LOW,2,FURNITURE,REG AIR,1,0.02,9,Brand#32,JUMBO CAN,10,17,4,16044.5796
F,F,R,TAKE BACK RETURN,Manufacturer#5,4-NOT SPECIFIED,2,FURNITURE,FOB,5,0.07,18,Brand#55,LG JAR,38,27,2,36315.5562
O,O,N,TAKE BACK RETURN,Manufacturer#3,4-NOT SPECIFIED,2,FURNITURE,REG AIR,1,0.02,9,Brand#33,MED BAG,29,22,4,22486.8644
F,F,R,DELIVER IN PERSON,Manufacturer#4,4-NOT SPECIFIED,3,MACHINERY,MAIL,5,0.07,21,Brand#45,WRAP PKG,29,37,1,40211.7443
F,F,R,DELIVER IN PERSON,Manufacturer#2,4-NOT SPECIFIED,3,MACHINERY,TRUCK,1,0.08,18,Brand#25,LG JAR,11,23,2,24577.4711
O,O,N,TAKE BACK RETURN,Manufacturer#3,4-NOT SPECIFIED,4,AUTOMOBILE,AIR,1,0.02,8,Brand#34,MED CAN,34,8,3,9898.3992
O,O,N,TAKE BACK RETURN,Manufacturer#3,1-URGENT,0,MACHINERY,FOB,2,0.02,18,Brand#32,LG JAR,5,12,2,13322.52
F,F,A,TAKE BACK RETURN,Manufacturer#3,3-MEDIUM,2,BUILDING,SHIP,5,0,9,Brand#31,MED BOX,25,36,4,49882.41
F,F,A,NONE,Manufacturer#2,3-MEDIUM,2,BUILDING,SHIP,2,0.05,12,Brand#24,MED PACK,50,17,0,26724.2125
O,O,N,TAKE BACK RETURN,Manufacturer#5,2-HIGH,0,MACHINERY,REG AIR,1,0.02,8,Brand#55,SM BAG,17,2,3,3480.7872
F,F,R,COLLECT COD,Manufacturer#1,5-LOW,0,MACHINERY,TRUCK,1,0.07,21,Brand#13,WRAP BOX,26,15,1,16843.3155
O,O,N,TAKE BACK RETURN,Manufacturer#3,5-LOW,2,AUTOMOBILE,AIR,2,0,18,Brand#33,LG PACK,10,50,2,54277.59
F,F,R,COLLECT COD,Manufacturer#3,3-MEDIUM,0,BUILDING,TRUCK,4,0.04,12,Brand#34,MED PKG,14,35,0,65626.7535
F,F,R,TAKE BACK RETURN,Manufacturer#1,3-MEDIUM,0,BUILDING,FOB,3,0.02,21,Brand#12,JUMBO DRUM,12,10,1,9341.682
O,O,N,DELIVER IN PERSON,Manufacturer#5,2-HIGH,0,FURNITURE,RAIL,2,0.03,8,Brand#54,MED JAR,13,29,3,42408.788
F,F,R,COLLECT COD,Manufacturer#4,3-MEDIUM,2,AUTOMOBILE,REG AIR,3,0.05,18,Brand#45,JUMBO CAN,34,39,2,61122.867
O,O,N,DELIVER IN PERSON,Manufacturer#3,2-HIGH,3,FURNITURE,MAIL,1,0.08,8,Brand#32,LG BOX,44,19,3,26995.257
O,O,N,COLLECT COD,Manufacturer#3,2-HIGH,3,FURNITURE,REG AIR,5,0.07,12,Brand#34,JUMBO DRUM,30,23,0,28904.8452
F,F,A,DELIVER IN PERSON,Manufacturer#3,4-NOT SPECIFIED,4,FURNITURE,SHIP,2,0.08,18,Brand#32,LG JAR,31,33,2,54839.3472
O,O,N,DELIVER IN PERSON,Manufacturer#1,2-HIGH,3,HOUSEHOLD,SHIP,4,0,21,Brand#14,MED CAN,23,4,1,6812.7816
O,O,N,DELIVER IN PERSON,Manufacturer#2,2-HIGH,3,HOUSEHOLD,MAIL,5,0.03,12,Brand#24,SM BAG,18,14,0,21036.344
O,O,N,NONE,Manufacturer#5,2-HIGH,3,HOUSEHOLD,SHIP,3,0.01,21,Brand#55,SM CAN,43,46,1,61668.9984
O,O,N,DELIVER IN PERSON,Manufacturer#5,1-URGENT,0,FURNITURE,SHIP,3,0.07,12,Brand#54,LG BAG,10,9,0,10953.5517
F,F,A,TAKE BACK RETURN,Manufacturer#1,4-NOT SPECIFIED,0,BUILDING,TRUCK,1,0,18,Brand#15,SM DRUM,22,44,2,44893.9568
F,F,R,COLLECT COD,Manufacturer#5,4-NOT SPECIFIED,0,BUILDING,TRUCK,3,0.07,18,Brand#54,MED CAN,9,18,2,18999.6228
F,F,R,NONE,Manufacturer#4,1-URGENT,3,BUILDING,TRUCK,1,0.07,9,Brand#44,WRAP BOX,40,48,4,74378.304
O,O,N,TAKE BACK RETURN,Manufacturer#1,1-URGENT,2,FURNITURE,SHIP,2,0.06,12,Brand#12,LG DRUM,47,9,0,14404.869
F,F,R,TAKE BACK RETURN,Manufacturer#5,1-URGENT,4,FURNITURE,MAIL,6,0.08,9,Brand#52,JUMBO CASE,45,1,4,990.033
O,O,N,TAKE BACK RETURN,Manufacturer#4,1-URGENT,1,BUILDING,FOB,2,0,18,Brand#44,LG PKG,41,10,2,10876.976
O,O,N,COLLECT COD,Manufacturer#3,1-URGENT,1,BUILDING,RAIL,7,0.06,18,Brand#33,MED PKG,24,25,2,38340.75
F,F,A,DELIVER IN PERSON,Manufacturer#1,5-LOW,4,AUTOMOBILE,TRUCK,4,0.02,8,Brand#11,SM JAR,35,8,3,11625.912
O,O,N,DELIVER IN PERSON,Manufacturer#2,1-URGENT,0,HOUSEHOLD,AIR,2,0.04,9,Brand#23,MED DRUM,19,2,4,3191.38
O,O,N,TAKE BACK RETURN,Manufacturer#5,1-URGENT,0,HOUSEHOLD,REG AIR,1,0.07,18,Brand#52,SM PACK,24,25,2,26849.025
F,F,R,COLLECT COD,Manufacturer#4,4-NOT SPECIFIED,1,HOUSEHOLD,MAIL,2,0.03,8,Brand#45,SM PACK,30,36,3,43617.6468
O,O,N,DELIVER IN PERSON,Manufacturer#1,2-HIGH,3,AUTOMOBILE,REG AIR,5,0.01,9,Brand#11,WRAP BAG,38,41,4,73180.08
F,F,A,TAKE BACK RETURN,Manufacturer#3,5-LOW,4,FURNITURE,TRUCK,4,0.05,9,Brand#34,SM DRUM,7,43,4,71541.68
F,F,A,COLLECT COD,Manufacturer#4,5-LOW,4,FURNITURE,REG AIR,2,0.08,8,Brand#44,LG CASE,37,8,3,7651.9808
F,F,R,COLLECT COD,Manufacturer#3,5-LOW,4,FURNITURE,FOB,3,0.03,18,Brand#34,SM BAG,20,39,2,55960.242
F,F,A,NONE,Manufacturer#3,3-MEDIUM,2,AUTOMOBILE,SHIP,1,0.03,18,Brand#33,JUMBO CAN,2,19,2,34222.2566
O,O,N,COLLECT COD,Manufacturer#5,2-HIGH,4,BUILDING,TRUCK,4,0.03,8,Brand#52,SM PKG,2,20,3,28254.184
F,F,R,DELIVER IN PERSON,Manufacturer#4,2-HIGH,2,AUTOMOBILE,TRUCK,3,0,9,Brand#44,LG PACK,34,46,4,52290.132
F,F,A,DELIVER IN PERSON,Manufacturer#3,2-HIGH,2,AUTOMOBILE,FOB,2,0.02,8,Brand#32,JUMBO CASE,40,27,3,46108.3104
F,F,R,NONE,Manufacturer#2,1-URGENT,3,HOUSEHOLD,AIR,5,0.04,21,Brand#24,MED DRUM,31,34,1,31944.6864
F,F,R,TAKE BACK RETURN,Manufacturer#5,3-MEDIUM,4,FURNITURE,MAIL,7,0.01,8,Brand#51,MED CASE,48,38,3,66151.654
F,F,R,NONE,Manufacturer#4,3-MEDIUM,4,FURNITURE,MAIL,4,0.02,18,Brand#43,JUMBO DRUM,38,3,2,2487.0573
F,F,R,TAKE BACK RETURN,Manufacturer#3,3-MEDIUM,4,FURNITURE,SHIP,3,0.07,12,Brand#34,MED PKG,14,13,0,22405.9017
F,F,R,TAKE BACK RETURN,Manufacturer#2,5-LOW,2,AUTOMOBILE,AIR,1,0.01,12,Brand#23,LG PACK,14,42,0,49969.7856
F,F,A,DELIVER IN PERSON,Manufacturer#3,1-URGENT,4,HOUSEHOLD,TRUCK,3,0.07,9,Brand#35,SM JAR,39,15,4,14626.05
F,F,R,TAKE BACK RETURN,Manufacturer#4,1-URGENT,4,HOUSEHOLD,MAIL,1,0.01,21,Brand#42,MED CAN,11,30,1,38200.896
F,F,R,TAKE BACK RETURN,Manufacturer#2,5-LOW,0,FURNITURE,REG AIR,2,0.08,8,Brand#23,MED JAR,9,23,3,38424.6556
F,F,R,COLLECT COD,Manufacturer#3,5-LOW,0,FURNITURE,FOB,1,0.02,18,Brand#35,LG JAR,14,14,2,13745.0208
F,F,R,COLLECT COD,Manufacturer#4,2-HIGH,0,FURNITURE,TRUCK,2,0.05,21,Brand#45,JUMBO CAN,13,24,1,25883.064
O,O,N,DELIVER IN PERSON,Manufacturer#4,2-HIGH,1,HOUSEHOLD,RAIL,5,0.06,12,Brand#45,MED JAR,23,10,0,13639.736
O,O,N,DELIVER IN PERSON,Manufacturer#2,2-HIGH,1,HOUSEHOLD,MAIL,3,0.02,9,Brand#21,MED JAR,29,21,4,35992.3872
O,O,N,NONE,Manufacturer#1,2-HIGH,1,HOUSEHOLD,AIR,6,0.07,21,Brand#12,WRAP BAG,17,26,1,25853.5264
F,F,R,NONE,Manufacturer#2,3-MEDIUM,1,BUILDING,FOB,4,0,21,Brand#21,WRAP DRUM,34,11,1,16723.2879
F,F,A,COLLECT COD,Manufacturer#4,3-MEDIUM,1,BUILDING,TRUCK,3,0.08,21,Brand#45,MED PKG,34,24,1,27110.8656
F,F,R,COLLECT COD,Manufacturer#3,5-LOW,4,FURNITURE,RAIL,2,0.03,8,Brand#31,LG JAR,44,38,3,49489.3456
F,F,R,TAKE BACK RETURN,Manufacturer#4,5-LOW,4,FURNITURE,SHIP,3,0.01,8,Brand#45,LG CASE,45,47,3,69739.2768
F,F,A,COLLECT COD,Manufacturer#5,5-LOW,4,FURNITURE,MAIL,4,0.04,8,Brand#55,JUMBO CAN,47,6,3,6106.5216
F,F,R,DELIVER IN PERSON,Manufacturer#1,4-NOT SPECIFIED,3,HOUSEHOLD,RAIL,2,0.08,21,Brand#12,JUMBO PKG,35,42,1,55121.052
F,F,R,NONE,Manufacturer#3,4-NOT SPECIFIED,3,HOUSEHOLD,TRUCK,1,0.05,21,Brand#32,SM JAR,18,28,1,38841.5944
F,F,A,DELIVER IN PERSON,Manufacturer#3,4-NOT SPECIFIED,3,HOUSEHOLD,MAIL,4,0.02,21,Brand#33,WRAP PACK,33,9,1,11892.7008
O,O,N,NONE,Manufacturer#2,4-NOT SPECIFIED,2,AUTOMOBILE,SHIP,5,0.07,12,Brand#24,WRAP PACK,13,18,0,32859.3708
O,O,N,DELIVER IN PERSON,Manufacturer#1,4-NOT SPECIFIED,2,AUTOMOBILE,AIR,3,0.05,21,Brand#14,SM PKG,13,36,1,35289.9072
F,F,R,TAKE BACK RETURN,Manufacturer#4,1-URGENT,1,FURNITURE,TRUCK,4,0.04,18,Brand#41,JUMBO JAR,37,31,2,53862.624
F,F,A,TAKE BACK RETURN,Manufacturer#4,2-HIGH,1,AUTOMOBILE,AIR,3,0.01,21,Brand#43,MED CAN,43,12,1,15193.8936
F,F,A,DELIVER IN PERSON,Manufacturer#4,2-HIGH,1,AUTOMOBILE,FOB,2,0.05,21,Brand#42,SM PKG,35,28,1,26928.7452
F,F,R,COLLECT COD,Manufacturer#1,1-URGENT,3,BUILDING,SHIP,5,0.07,12,Brand#12,JUMBO PACK,30,46,0,68106.68
F,F,A,TAKE BACK RETURN,Manufacturer#5,1-URGENT,1,AUTOMOBILE,MAIL,1,0.05,21,Brand#51,JUMBO BAG,22,37,1,69523.3737
F,F,A,COLLECT COD,Manufacturer#4,1-URGENT,1,AUTOMOBILE,REG AIR,2,0,9,Brand#44,WRAP CASE,35,46,4,48678.58
F,F,R,DELIVER IN PERSON,Manufacturer#4,1-URGENT,1,AUTOMOBILE,FOB,3,0.05,12,Brand#42,SM DRUM,45,43,0,61099.2762
F,F,R,COLLECT COD,Manufacturer#1,1-URGENT,0,AUTOMOBILE,MAIL,2,0.06,12,Brand#12,JUMBO DRUM,33,11,0,16534.6588
F,F,A,NONE,Manufacturer#2,1-URGENT,0,AUTOMOBILE,REG AIR,3,0.02,9,Brand#21,JUMBO JAR,47,8,4,9997.056
F,F,A,DELIVER IN PERSON,Manufacturer#3,1-URGENT,2,MACHINERY,TRUCK,7,0.02,18,Brand#34,MED CASE,22,18,2,21715.128
F,F,R,COLLECT COD,Manufacturer#5,4-NOT SPECIFIED,0,FURNITURE,MAIL,5,0.07,18,Brand#55,LG JAR,38,31,2,41270.1729
F,F,R,DELIVER IN PERSON,Manufacturer#3,4-NOT SPECIFIED,0,FURNITURE,SHIP,4,0,8,Brand#32,LG CAN,33,14,3,16089.36
O,O,N,COLLECT COD,Manufacturer#5,5-LOW,3,MACHINERY,MAIL,5,0.06,21,Brand#54,WRAP BOX,31,25,1,33821.76
F,F,R,COLLECT COD,Manufacturer#1,1-URGENT,0,MACHINERY,AIR,4,0.01,12,Brand#15,SM CASE,34,17,0,21653.2672
O,O,N,DELIVER IN PERSON,Manufacturer#1,2-HIGH,0,BUILDING,TRUCK,1,0.08,21,Brand#12,JUMBO BAG,16,25,1,25925.625
F,F,A,TAKE BACK RETURN,Manufacturer#4,3-MEDIUM,0,MACHINERY,TRUCK,1,0.01,9,Brand#43,JUMBO CASE,44,26,4,40430.208
F,F,R,DELIVER IN PERSON,Manufacturer#1,3-MEDIUM,0,MACHINERY,RAIL,4,0.05,12,Brand#15,WRAP BAG,6,11,0,18606.7728
F,F,A,DELIVER IN PERSON,Manufacturer#2,4-NOT SPECIFIED,1,MACHINERY,REG AIR,3,0.03,9,Brand#21,WRAP CAN,20,47,4,44463.645
F,F,A,TAKE BACK RETURN,Manufacturer#5,4-NOT SPECIFIED,1,MACHINERY,MAIL,4,0.04,9,Brand#53,WRAP DRUM,46,7,4,8421.294
O,O,N,DELIVER IN PERSON,Manufacturer#1,4-NOT SPECIFIED,4,MACHINERY,REG AIR,6,0.07,8,Brand#12,WRAP PKG,39,47,3,71515.059
F,F,R,TAKE BACK RETURN,Manufacturer#1,5-LOW,0,HOUSEHOLD,SHIP,1,0.01,18,Brand#15,JUMBO CAN,18,50,2,73594.62
O,O,N,TAKE BACK RETURN,Manufacturer#5,2-HIGH,3,BUILDING,AIR,1,0,18,Brand#52,WRAP DRUM,36,45,2,61166.286
O,O,N,COLLECT COD,Manufacturer#5,2-HIGH,3,BUILDING,FOB,4,0.02,18,Brand#52,MED CASE,20,38,2,32303.7392
O,O,N,NONE,Manufacturer#2,4-NOT SPECIFIED,1,HOUSEHOLD,FOB,3,0.05,9,Brand#23,JUMBO PACK,17,29,4,40181.9418
O,O,N,COLLECT COD,Manufacturer#4,4-NOT SPECIFIED,1,HOUSEHOLD,REG AIR,5,0,8,Brand#43,MED PACK,37,38,3,61238.2122
F,F,A,NONE,Manufacturer#2,5-LOW,2,AUTOMOBILE,FOB,6,0.05,18,Brand#23,JUMBO BOX,40,1,2,1774.562
F,F,A,COLLECT COD,Manufacturer#4,5-LOW,2,AUTOMOBILE,AIR,5,0.04,18,Brand#44,LG BOX,26,42,2,63867.531
F,F,A,COLLECT COD,Manufacturer#3,5-LOW,2,AUTOMOBILE,REG AIR,3,0.04,9,Brand#35,MED CAN,7,20,4,18594.704
O,O,N,NONE,Manufacturer#5,5-LOW,0,BUILDING,TRUCK,3,0.05,12,Brand#54,LG PKG,12,1,0,1657.0884
O,O,N,COLLECT COD,Manufacturer#5,4-NOT SPECIFIED,1,HOUSEHOLD,FOB,7,0.04,8,Brand#54,JUMBO DRUM,21,13,3,13898.742
O,O,N,COLLECT COD,Manufacturer#3,4-NOT SPECIFIED,1,HOUSEHOLD,SHIP,2,0.03,8,Brand#33,SM PACK,13,6,3,7646.22
F,F,R,COLLECT COD,Manufacturer#1,1-URGENT,1,FURNITURE,RAIL,1,0.06,9,Brand#15,JUMBO PKG,26,34,4,44916.9138
F,F,R,DELIVER IN PERSON,Manufacturer#3,1-URGENT,1,FURNITURE,SHIP,4,0.01,12,Brand#32,WRAP BOX,20,41,0,68829.57
F,F,A,DELIVER IN PERSON,Manufacturer#2,1-URGENT,1,FURNITURE,AIR,5,0.01,18,Brand#22,JUMBO CASE,1,43,2,75120.2905
O,O,N,DELIVER IN PERSON,Manufacturer#5,5-LOW,3,BUILDING,AIR,3,0.04,8,Brand#52,WRAP CAN,4,49,3,77936.3669
O,O,N,COLLECT COD,Manufacturer#5,5-LOW,3,BUILDING,REG AIR,4,0.08,8,Brand#52,JUMBO PKG,8,42,3,70927.164
O,O,N,TAKE BACK RETURN,Manufacturer#5,5-LOW,3,BUILDING,TRUCK,2,0.01,21,Brand#52,MED JAR,22,21,1,37601.7978
O,O,N,TAKE BACK RETURN,Manufacturer#2,5-LOW,3,BUILDING,RAIL,1,0.08,8,Brand#25,JUMBO CAN,3,38,3,32723.6088
O,O,N,DELIVER IN PERSON,Manufacturer#2,3-MEDIUM,0,BUILDING,MAIL,4,0.01,18,Brand#23,LG BAG,35,1,2,1850.94
O,O,N,NONE,Manufacturer#3,3-MEDIUM,0,BUILDING,AIR,2,0.07,18,Brand#33,SM PACK,41,10,2,15172.02
O,O,N,TAKE BACK RETURN,Manufacturer#4,5-LOW,3,HOUSEHOLD,SHIP,1,0.06,9,Brand#44,WRAP CAN,19,19,4,33213.5808
F,F,A,TAKE BACK RETURN,Manufacturer#3,5-LOW,4,HOUSEHOLD,AIR,1,0,12,Brand#35,LG DRUM,14,29,0,33806.3904
F,F,A,TAKE BACK RETURN,Manufacturer#4,5-LOW,4,MACHINERY,FOB,2,0,8,Brand#44,WRAP CAN,40,36,3,33467.0292
F,F,R,COLLECT COD,Manufacturer#4,5-LOW,4,MACHINERY,REG AIR,4,0.07,8,Brand#44,LG JAR,6,26,3,40157.1768
O,O,N,DELIVER IN PERSON,Manufacturer#5,2-HIGH,3,AUTOMOBILE,RAIL,2,0,8,Brand#53,MED BOX,12,20,3,18329.22
O,O,N,DELIVER IN PERSON,Manufacturer#5,2-HIGH,3,AUTOMOBILE,SHIP,5,0.02,9,Brand#51,MED CASE,48,49,4,84393.3615
O,O,N,DELIVER IN PERSON,Manufacturer#5,2-HIGH,3,AUTOMOBILE,FOB,1,0.03,18,Brand#51,LG PKG,8,39,2,46176.897
O,O,N,TAKE BACK RETURN,Manufacturer#4,4-NOT SPECIFIED,4,FURNITURE,SHIP,1,0.02,8,Brand#41,WRAP JAR,5,43,3,75179.179
O,O,N,COLLECT COD,Manufacturer#3,4-NOT SPECIFIED,1,MACHINERY,TRUCK,1,0.06,18,Brand#35,MED BAG,44,16,2,29192.1696
O,O,N,NONE,Manufacturer#4,2-HIGH,2,FURNITURE,MAIL,2,0.04,21,Brand#41,WRAP CAN,20,30,1,52710.966
O,O,N,COLLECT COD,Manufacturer#4,4-NOT SPECIFIED,1,FURNITURE,AIR,2,0.04,18,Brand#42,JUMBO JAR,15,41,2,71277.4176
O,O,N,DELIVER IN PERSON,Manufacturer#2,4-NOT SPECIFIED,1,BUILDING,REG AIR,3,0.01,12,Brand#22,LG JAR,45,31,0,38109.5152
O,O,N,COLLECT COD,Manufacturer#2,2-HIGH,4,AUTOMOBILE,AIR,4,0.05,18,Brand#22,SM CASE,42,43,2,60872.9156
O,O,N,DELIVER IN PERSON,Manufacturer#2,5-LOW,1,HOUSEHOLD,FOB,1,0.08,12,Brand#23,WRAP BAG,29,4,0,3768.7616
O,O,N,NONE,Manufacturer#4,5-LOW,4,FURNITURE,FOB,4,0.08,18,Brand#45,SM PACK,3,49,2,75793.6361
O,O,N,TAKE BACK RETURN,Manufacturer#2,5-LOW,4,FURNITURE,MAIL,7,0.02,18,Brand#23,LG PACK,27,35,2,35949.2
F,F,R,NONE,Manufacturer#4,4-NOT SPECIFIED,1,FURNITURE,FOB,4,0.03,12,Brand#42,MED PKG,28,37,0,51633.13
F,F,A,NONE,Manufacturer#3,4-NOT SPECIFIED,1,FURNITURE,MAIL,2,0.05,21,Brand#35,JUMBO CASE,35,44,1,67359.7056
O,O,N,DELIVER IN PERSON,Manufacturer#5,1-URGENT,0,FURNITURE,MAIL,1,0,18,Brand#51,MED PKG,36,43,2,70539.264
O,O,N,DELIVER IN PERSON,Manufacturer#2,1-URGENT,1,HOUSEHOLD,FOB,1,0,21,Brand#23,JUMBO BAG,44,37,1,59281.3075
O,O,N,DELIVER IN PERSON,Manufacturer#1,3-MEDIUM,1,FURNITURE,SHIP,1,0.04,8,Brand#14,JUMBO BAG,10,50,3,83896.27
O,O,N,COLLECT COD,Manufacturer#3,3-MEDIUM,1,FURNITURE,AIR,2,0.03,18,Brand#32,SM DRUM,32,40,2,49338.82
O,O,N,NONE,Manufacturer#2,3-MEDIUM,4,AUTOMOBILE,RAIL,2,0.08,21,Brand#23,LG CAN,7,49,1,57240.379
O,O,N,NONE,Manufacturer#5,1-URGENT,2,AUTOMOBILE,TRUCK,5,0.06,9,Brand#51,LG PKG,47,43,4,74774.5748
O,O,N,COLLECT COD,Manufacturer#5,1-URGENT,2,AUTOMOBILE,FOB,6,0.05,18,Brand#53,JUMBO CASE,27,13,2,11092.068
O,O,N,COLLECT COD,Manufacturer#5,1-URGENT,2,AUTOMOBILE,FOB,1,0.08,9,Brand#52,SM BAG,9,17,4,29210.8416
O,O,N,DELIVER IN PERSON,Manufacturer#2,4-NOT SPECIFIED,3,AUTOMOBILE,TRUCK,1,0.01,8,Brand#24,WRAP CASE,26,44,3,39642.8032
F,F,R,COLLECT COD,Manufacturer#3,5-LOW,4,AUTOMOBILE,FOB,6,0.07,9,Brand#34,MED JAR,46,42,4,58717.7304
F,F,R,COLLECT COD,Manufacturer#1,5-LOW,4,AUTOMOBILE,MAIL,7,0.04,9,Brand#13,WRAP CAN,33,32,4,27173.7088
F,F,R,DELIVER IN PERSON,Manufacturer#3,5-LOW,4,AUTOMOBILE,RAIL,5,0.03,9,Brand#35,JUMBO CASE,32,3,4,3556.9512
O,O,N,NONE,Manufacturer#3,2-HIGH,4,FURNITURE,AIR,2,0.01,18,Brand#34,SM PKG,9,17,2,15763.5305
O,O,N,TAKE BACK RETURN,Manufacturer#5,2-HIGH,4,BUILDING,AIR,6,0.04,21,Brand#52,MED JAR,22,9,1,15118.2486
O,O,N,NONE,Manufacturer#3,2-HIGH,4,BUILDING,REG AIR,4,0.02,18,Brand#32,MED PKG,5,49,2,52844.589
F,F,A,NONE,Manufacturer#2,2-HIGH,3,MACHINERY,AIR,6,0.02,18,Brand#22,JUMBO CASE,22,16,2,29760.4832
F,F,A,TAKE BACK RETURN,Manufacturer#4,2-HIGH,3,MACHINERY,REG AIR,2,0.01,12,Brand#41,MED PACK,22,7,0,8645.3136
O,O,N,COLLECT COD,Manufacturer#2,2-HIGH,0,MACHINERY,MAIL,4,0.05,18,Brand#23,JUMBO JAR,42,19,2,26374.0653
O,O,N,COLLECT COD,Manufacturer#1,2-HIGH,0,MACHINERY,SHIP,3,0,21,Brand#13,SM CASE,49,39,1,42169.4559
F,F,R,TAKE BACK RETURN,Manufacturer#4,5-LOW,4,HOUSEHOLD,MAIL,5,0,12,Brand#42,JUMBO JAR,46,32,0,36817.056
O,O,N,COLLECT COD,Manufacturer#2,2-HIGH,3,MACHINERY,MAIL,3,0.06,18,Brand#25,MED DRUM,10,32,2,36423.36
F,F,R,COLLECT COD,Manufacturer#5,3-MEDIUM,2,AUTOMOBILE,REG AIR,2,0.04,9,Brand#55,JUMBO BAG,3,40,4,34410.744
O,O,N,TAKE BACK RETURN,Manufacturer#2,2-HIGH,3,HOUSEHOLD,MAIL,3,0.07,8,Brand#22,SM PACK,4,3,3,3877.9923
O,O,N,COLLECT COD,Manufacturer#2,1-URGENT,1,MACHINERY,MAIL,6,0.05,12,Brand#25,LG BOX,30,27,0,48870.0324
O,O,N,DELIVER IN PERSON,Manufacturer#2,1-URGENT,1,MACHINERY,FOB,7,0.06,18,Brand#25,SM BAG,3,40,2,64641.668
O,O,N,COLLECT COD,Manufacturer#1,1-URGENT,1,MACHINERY,RAIL,2,0.08,21,Brand#15,MED PACK,22,36,1,44111.52
F,F,A,COLLECT COD,Manufacturer#1,3-MEDIUM,2,AUTOMOBILE,FOB,3,0.04,21,Brand#11,MED CASE,36,45,1,51520.266
F,F,A,NONE,Manufacturer#4,3-MEDIUM,2,AUTOMOBILE,RAIL,6,0,18,Brand#45,MED DRUM,3,39,2,57344.2272
F,F,R,COLLECT COD,Manufacturer#1,2-HIGH,2,MACHINERY,TRUCK,3,0.04,18,Brand#13,WRAP JAR,11,32,2,41282.6176
O,O,N,DELIVER IN PERSON,Manufacturer#1,2-HIGH,2,AUTOMOBILE,MAIL,6,0.04,12,Brand#15,WRAP BAG,6,16,0,25111.296
O,O,N,COLLECT COD,Manufacturer#1,2-HIGH,2,AUTOMOBILE,AIR,5,0.07,18,Brand#11,SM BAG,17,28,2,44565.444
F,F,R,NONE,Manufacturer#2,2-HIGH,3,FURNITURE,REG AIR,2,0.06,21,Brand#21,MED DRUM,49,46,1,47661.2992
F,F,A,COLLECT COD,Manufacturer#5,1-URGENT,3,HOUSEHOLD,REG AIR,4,0.05,9,Brand#51,WRAP PKG,1,46,4,60301.699
F,F,R,TAKE BACK RETURN,Manufacturer#5,5-LOW,2,MACHINERY,REG AIR,3,0.03,9,Brand#51,WRAP BAG,2,1,4,1387.476
F,F,R,DELIVER IN PERSON,Manufacturer#4,3-MEDIUM,3,BUILDING,AIR,1,0.06,18,Brand#44,LG BOX,26,31,2,44659.251
F,F,R,TAKE BACK RETURN,Manufacturer#2,3-MEDIUM,3,BUILDING,REG AIR,5,0.04,12,Brand#22,SM BAG,8,36,0,55750.968
F,F,A,TAKE BACK RETURN,Manufacturer#3,3-MEDIUM,3,BUILDING,SHIP,3,0.08,18,Brand#34,JUMBO CAN,48,34,2,39193.1872
O,O,N,DELIVER IN PERSON,Manufacturer#3,5-LOW,4,BUILDING,REG AIR,1,0.03,9,Brand#33,MED CASE,10,49,4,73164.2324
O,O,N,COLLECT COD,Manufacturer#4,5-LOW,4,BUILDING,AIR,3,0.06,18,Brand#41,SM PACK,43,15,2,15319.7505
O,O,N,COLLECT COD,Manufacturer#5,4-NOT SPECIFIED,4,BUILDING,FOB,1,0.07,18,Brand#55,LG BOX,21,27,2,30439.5894
F,F,R,DELIVER IN PERSON,Manufacturer#2,2-HIGH,2,AUTOMOBILE,SHIP,1,0.08,21,Brand#21,MED PACK,30,1,1,1513.118
F,F,R,COLLECT COD,Manufacturer#5,2-HIGH,2,AUTOMOBILE,MAIL,3,0,8,Brand#54,JUMBO DRUM,2,39,3,39223.548
F,F,R,TAKE BACK RETURN,Manufacturer#4,3-MEDIUM,0,AUTOMOBILE,RAIL,5,0.03,18,Brand#43,LG PKG,15,43,2,47437.471
F,F,A,COLLECT COD,Manufacturer#5,3-MEDIUM,0,AUTOMOBILE,REG AIR,4,0,12,Brand#55,SM BAG,17,6,0,9789.714
O,O,N,NONE,Manufacturer#3,3-MEDIUM,4,MACHINERY,FOB,5,0.07,12,Brand#32,LG BOX,9,1,0,1191.7588
O,O,N,COLLECT COD,Manufacturer#3,3-MEDIUM,4,MACHINERY,FOB,3,0.03,21,Brand#34,WRAP PACK,30,26,1,41614.066
F,F,R,NONE,Manufacturer#2,5-LOW,4,BUILDING,FOB,5,0.03,21,Brand#21,LG BOX,42,14,1,16927.4952
F,F,A,NONE,Manufacturer#4,5-LOW,4,BUILDING,MAIL,3,0.01,12,Brand#42,LG BOX,17,32,0,27082.4736
F,F,A,TAKE BACK RETURN,Manufacturer#2,4-NOT SPECIFIED,4,FURNITURE,FOB,1,0.06,8,Brand#21,JUMBO CASE,31,33,3,41208.6312
F,F,A,NONE,Manufacturer#1,4-NOT SPECIFIED,1,FURNITURE,MAIL,5,0.01,8,Brand#14,MED CAN,23,27,3,44029.413
F,F,R,NONE,Manufacturer#3,4-NOT SPECIFIED,1,FURNITURE,RAIL,7,0.07,21,Brand#35,MED JAR,7,20,1,30936.178
F,F,A,DELIVER IN PERSON,Manufacturer#2,1-URGENT,3,FURNITURE,REG AIR,2,0.08,9,Brand#22,SM CASE,42,47,4,63819.7772
O,O,N,COLLECT COD,Manufacturer#5,2-HIGH,4,MACHINERY,FOB,7,0.04,9,Brand#55,JUMBO PACK,1,21,4,18022.8174
F,F,R,COLLECT COD,Manufacturer#2,3-MEDIUM,2,HOUSEHOLD,REG AIR,6,0.03,21,Brand#21,SM BOX,11,6,1,7083.0288
O,O,N,NONE,Manufacturer#3,3-MEDIUM,4,AUTOMOBILE,REG AIR,2,0.06,9,Brand#35,SM BOX,32,4,4,3618.4876
O,O,N,NONE,Manufacturer#1,3-MEDIUM,2,HOUSEHOLD,MAIL,4,0.07,9,Brand#15,WRAP PACK,34,32,4,48659.744
O,O,N,DELIVER IN PERSON,Manufacturer#1,3-MEDIUM,2,HOUSEHOLD,AIR,2,0.02,21,Brand#12,JUMBO DRUM,12,41,1,37511.187
O,O,N,COLLECT COD,Manufacturer#3,3-MEDIUM,4,FURNITURE,AIR,1,0.03,18,Brand#33,WRAP CASE,17,22,2,33261.591
F,F,A,TAKE BACK RETURN,Manufacturer#5,5-LOW,2,HOUSEHOLD,MAIL,1,0.04,9,Brand#52,SM BAG,9,12,4,20189.8464
F,F,R,TAKE BACK RETURN,Manufacturer#4,1-URGENT,2,AUTOMOBILE,AIR,2,0,21,Brand#44,LG CASE,37,13,1,20807.0577
O,O,N,TAKE BACK RETURN,Manufacturer#1,2-HIGH,1,AUTOMOBILE,TRUCK,1,0.06,8,Brand#12,MED PACK,48,50,3,80756.585
F,F,A,COLLECT COD,Manufacturer#3,3-MEDIUM,3,AUTOMOBILE,TRUCK,2,0.04,18,Brand#35,WRAP CAN,14,11,2,12122.8569
F,F,A,DELIVER IN PERSON,Manufacturer#1,3-MEDIUM,3,AUTOMOBILE,REG AIR,3,0.01,18,Brand#14,JUMBO JAR,37,44,2,43009.7668
F,F,A,COLLECT COD,Manufacturer#4,2-HIGH,3,MACHINERY,SHIP,3,0.03,9,Brand#43,LG DRUM,19,21,4,18587.9232
F,F,R,COLLECT COD,Manufacturer#1,3-MEDIUM,3,HOUSEHOLD,RAIL,2,0.02,8,Brand#11,LG CASE,39,43,3,64789.4975
F,F,R,DELIVER IN PERSON,Manufacturer#3,3-MEDIUM,3,HOUSEHOLD,AIR,6,0.05,21,Brand#31,JUMBO CASE,1,10,1,9282.237
F,F,A,COLLECT COD,Manufacturer#1,3-MEDIUM,3,HOUSEHOLD,SHIP,3,0.02,18,Brand#14,MED CASE,25,7,2,7763.1246
F,F,A,TAKE BACK RETURN,Manufacturer#2,3-MEDIUM,3,HOUSEHOLD,MAIL,1,0.04,21,Brand#25,SM CAN,1,26,1,36334.74
F,F,R,TAKE BACK RETURN,Manufacturer#1,5-LOW,1,HOUSEHOLD,AIR,4,0.03,18,Brand#14,WRAP PKG,40,21,2,29578.5
F,F,R,NONE,Manufacturer#2,5-LOW,1,HOUSEHOLD,MAIL,1,0.03,9,Brand#24,MED DRUM,31,49,4,43247.7528
F,F,R,DELIVER IN PERSON,Manufacturer#1,5-LOW,1,HOUSEHOLD,TRUCK,3,0.05,21,Brand#12,JUMBO DRUM,12,30,1,28025.046
O,O,N,DELIVER IN PERSON,Manufacturer#2,4-NOT SPECIFIED,3,BUILDING,REG AIR,4,0.03,8,Brand#24,WRAP CAN,46,20,3,20504.23
F,F,A,NONE,Manufacturer#2,1-URGENT,0,BUILDING,AIR,3,0.08,12,Brand#22,LG JAR,45,45,0,57031.2
F,F,A,NONE,Manufacturer#3,1-URGENT,0,BUILDING,REG AIR,7,0,18,Brand#34,JUMBO JAR,20,11,2,13835.151
F,F,A,COLLECT COD,Manufacturer#4,1-URGENT,0,BUILDING,REG AIR,4,0.05,9,Brand#44,LG CAN,36,46,4,44625.5292
F,F,R,NONE,Manufacturer#4,1-URGENT,0,BUILDING,TRUCK,5,0.02,18,Brand#43,JUMBO CAN,37,28,2,34437.6648
O,O,N,NONE,Manufacturer#2,5-LOW,1,BUILDING,RAIL,1,0,18,Brand#22,MED JAR,19,19,2,19732.0396
O,O,N,COLLECT COD,Manufacturer#3,5-LOW,1,BUILDING,TRUCK,3,0,12,Brand#32,LG PKG,47,15,0,21484.0935
O,O,N,NONE,Manufacturer#3,1-URGENT,0,MACHINERY,SHIP,4,0.01,8,Brand#35,LG JAR,18,17,3,20288.1417
O,O,N,TAKE BACK RETURN,Manufacturer#4,3-MEDIUM,4,MACHINERY,FOB,6,0.02,8,Brand#45,SM DRUM,27,10,3,9795.735
O,O,N,DELIVER IN PERSON,Manufacturer#1,3-MEDIUM,4,MACHINERY,AIR,5,0.03,21,Brand#12,JUMBO DRUM,12,31,1,29556.3114
O,O,N,TAKE BACK RETURN,Manufacturer#2,3-MEDIUM,4,MACHINERY,MAIL,1,0.02,12,Brand#23,WRAP CASE,5,10,0,10885.534
O,O,N,COLLECT COD,Manufacturer#3,3-MEDIUM,4,MACHINERY,TRUCK,7,0.07,9,Brand#33,MED BAG,29,5,4,5616.1
O,O,N,NONE,Manufacturer#5,3-MEDIUM,4,MACHINERY,RAIL,3,0.08,21,Brand#55,JUMBO BAG,19,44,1,60052.5552
F,F,R,TAKE BACK RETURN,Manufacturer#5,5-LOW,4,BUILDING,TRUCK,3,0.03,9,Brand#52,JUMBO CASE,45,50,4,51064.86
F,F,R,COLLECT COD,Manufacturer#2,4-NOT SPECIFIED,3,MACHINERY,AIR,3,0.03,9,Brand#24,WRAP JAR,14,37,4,58730.6846
F,F,A,TAKE BACK RETURN,Manufacturer#3,3-MEDIUM,2,BUILDING,FOB,1,0.07,9,Brand#35,WRAP CASE,1,42,4,43479.072
F,F,A,COLLECT COD,Manufacturer#5,3-MEDIUM,2,BUILDING,REG AIR,3,0.06,18,Brand#52,MED BAG,26,49,2,53860.31
F,F,R,COLLECT COD,Manufacturer#2,3-MEDIUM,2,BUILDING,RAIL,4,0.05,18,Brand#23,LG PACK,27,17,2,17461.04
F,F,R,TAKE BACK RETURN,Manufacturer#3,3-MEDIUM,2,BUILDING,REG AIR,2,0.01,12,Brand#35,LG DRUM,14,43,0,52215.33
O,O,N,NONE,Manufacturer#4,2-HIGH,1,MACHINERY,RAIL,3,0.01,21,Brand#42,WRAP JAR,2,25,1,38473.71
O,O,N,TAKE BACK RETURN,Manufacturer#5,2-HIGH,1,MACHINERY,REG AIR,7,0.07,12,Brand#52,LG CAN,23,42,0,69978.615
O,O,N,NONE,Manufacturer#4,2-HIGH,1,MACHINERY,RAIL,1,0.05,21,Brand#44,WRAP CAN,16,11,1,20481.8922
F,F,A,COLLECT COD,Manufacturer#4,1-URGENT,0,HOUSEHOLD,FOB,3,0.03,12,Brand#45,MED JAR,23,21,0,29888.8128
F,F,R,DELIVER IN PERSON,Manufacturer#3,1-URGENT,0,HOUSEHOLD,FOB,4,0.02,18,Brand#31,WRAP PKG,40,34,2,30715.5456
O,O,N,NONE,Manufacturer#5,1-URGENT,2,BUILDING,MAIL,4,0.08,12,Brand#54,MED CASE,3,41,0,55205.4832
O,O,N,COLLECT COD,Manufacturer#1,3-MEDIUM,0,HOUSEHOLD,AIR,1,0.03,21,Brand#14,SM PACK,10,37,1,37150.8157
F,F,A,TAKE BACK RETURN,Manufacturer#4,4-NOT SPECIFIED,1,MACHINERY,RAIL,1,0.01,18,Brand#45,WRAP BAG,8,7,2,12466.3077
O,O,N,COLLECT COD,Manufacturer#2,1-URGENT,2,MACHINERY,RAIL,4,0.03,8,Brand#22,JUMBO CASE,1,7,3,11842.7092
F,F,R,COLLECT COD,Manufacturer#3,4-NOT SPECIFIED,3,MACHINERY,REG AIR,3,0.05,21,Brand#32,LG BOX,9,39,1,47994.1995
F,F,R,DELIVER IN PERSON,Manufacturer#3,4-NOT SPECIFIED,3,MACHINERY,SHIP,2,0.05,18,Brand#32,LG PACK,8,4,2,4988.056
F,F,A,COLLECT COD,Manufacturer#5,4-NOT SPECIFIED,3,MACHINERY,AIR,6,0.08,8,Brand#51,JUMBO PACK,30,31,3,46022.4171
O,O,N,DELIVER IN PERSON,Manufacturer#2,2-HIGH,1,AUTOMOBILE,AIR,1,0.03,9,Brand#23,JUMBO BAG,44,26,4,42945.5
O,O,N,DELIVER IN PERSON,Manufacturer#3,2-HIGH,2,AUTOMOBILE,FOB,4,0.01,18,Brand#32,LG PKG,36,37,2,61242.7108
O,O,N,COLLECT COD,Manufacturer#5,2-HIGH,2,AUTOMOBILE,TRUCK,1,0.01,9,Brand#52,LG CASE,21,16,4,25359.9104
O,O,N,NONE,Manufacturer#2,2-HIGH,2,AUTOMOBILE,SHIP,7,0.03,12,Brand#24,MED PACK,50,1,0,1489.275
F,F,A,DELIVER IN PERSON,Manufacturer#3,2-HIGH,2,MACHINERY,FOB,7,0.06,12,Brand#31,MED DRUM,25,8,0,9054.4608
F,F,A,DELIVER IN PERSON,Manufacturer#4,2-HIGH,2,MACHINERY,RAIL,2,0.06,18,Brand#45,SM PKG,8,1,2,1532.8862
F,F,R,NONE,Manufacturer#5,2-HIGH,2,MACHINERY,SHIP,5,0.03,9,Brand#55,JUMBO BAG,3,28,4,23569.5096
O,O,N,NONE,Manufacturer#5,4-NOT SPECIFIED,4,BUILDING,SHIP,1,0.04,18,Brand#52,MED DRUM,44,4,2,4066.6444
O,O,N,DELIVER IN PERSON,Manufacturer#2,4-NOT SPECIFIED,4,BUILDING,FOB,6,0.05,18,Brand#23,MED PKG,34,29,2,47909.8676
O,O,N,NONE,Manufacturer#2,3-MEDIUM,3,HOUSEHOLD,REG AIR,4,0.01,9,Brand#22,WRAP PKG,31,20,4,34390.284
O,O,N,NONE,Manufacturer#1,2-HIGH,3,AUTOMOBILE,MAIL,1,0.03,8,Brand#12,JUMBO DRUM,33,37,3,52176.3788
O,O,N,DELIVER IN PERSON,Manufacturer#4,2-HIGH,3,AUTOMOBILE,RAIL,4,0.02,12,Brand#42,WRAP DRUM,28,8,0,10271.02
O,O,N,DELIVER IN PERSON,Manufacturer#1,4-NOT SPECIFIED,0,AUTOMOBILE,FOB,2,0,21,Brand#11,MED BAG,20,20,1,20431.11
O,O,N,COLLECT COD,Manufacturer#3,4-NOT SPECIFIED,0,AUTOMOBILE,MAIL,3,0.02,8,Brand#31,WRAP DRUM,29,15,3,19907.712
O,O,N,NONE,Manufacturer#4,2-HIGH,4,BUILDING,TRUCK,2,0.05,18,Brand#42,JUMBO BOX,42,30,2,34260.984
F,F,A,COLLECT COD,Manufacturer#1,1-URGENT,0,AUTOMOBILE,REG AIR,7,0.02,8,Brand#15,JUMBO JAR,16,5,3,6313.0815
F,F,A,TAKE BACK RETURN,Manufacturer#1,1-URGENT,0,AUTOMOBILE,RAIL,5,0.06,12,Brand#14,LG BAG,25,35,0,33106.9305
O,O,N,NONE,Manufacturer#2,4-NOT SPECIFIED,0,HOUSEHOLD,REG AIR,4,0,8,Brand#25,WRAP PKG,37,19,3,25530.5888
O,O,N,COLLECT COD,Manufacturer#2,2-HIGH,1,MACHINERY,REG AIR,2,0.02,8,Brand#24,JUMBO JAR,29,34,3,33662.5976
O,O,N,DELIVER IN PERSON,Manufacturer#2,1-URGENT,3,MACHINERY,REG AIR,4,0.06,9,Brand#21,MED PACK,48,27,4,33868.3464
F,F,R,DELIVER IN PERSON,Manufacturer#3,1-URGENT,1,AUTOMOBILE,FOB,2,0.06,8,Brand#33,WRAP DRUM,8,21,3,33986.0367
O,O,N,TAKE BACK RETURN,Manufacturer#2,5-LOW,4,HOUSEHOLD,AIR,2,0.06,9,Brand#24,WRAP PKG,27,21,4,36495.0936
O,O,N,NONE,Manufacturer#5,5-LOW,4,HOUSEHOLD,SHIP,1,0.01,12,Brand#53,SM CASE,17,8,0,10680.3432
F,F,R,TAKE BACK RETURN,Manufacturer#1,3-MEDIUM,2,BUILDING,SHIP,1,0.04,18,Brand#14,JUMBO PACK,7,36,2,45462.0096
F,F,A,DELIVER IN PERSON,Manufacturer#1,1-URGENT,1,AUTOMOBILE,MAIL,3,0.02,12,Brand#12,MED BAG,48,7,0,5860.5274
F,F,R,DELIVER IN PERSON,Manufacturer#5,1-URGENT,1,AUTOMOBILE,FOB,6,0.08,12,Brand#55,WRAP DRUM,9,44,0,66897.2304
O,O,N,COLLECT COD,Manufacturer#1,2-HIGH,3,BUILDING,RAIL,1,0.05,21,Brand#15,LG DRUM,31,41,1,54326.8737
O,P,N,NONE,Manufacturer#4,4-NOT SPECIFIED,0,MACHINERY,RAIL,5,0.05,12,Brand#45,LG PKG,16,38,0,42508.795
O,O,N,DELIVER IN PERSON,Manufacturer#4,3-MEDIUM,3,AUTOMOBILE,FOB,3,0.08,9,Brand#42,SM JAR,47,38,4,33542.6
O,O,N,DELIVER IN PERSON,Manufacturer#5,4-NOT SPECIFIED,3,FURNITURE,AIR,2,0.05,12,Brand#55,SM BAG,17,11,0,18546.0693
O,O,N,TAKE BACK RETURN,Manufacturer#5,4-NOT SPECIFIED,3,FURNITURE,TRUCK,1,0.07,21,Brand#55,JUMBO BAG,3,28,1,23828.5152
O,O,N,TAKE BACK RETURN,Manufacturer#3,4-NOT SPECIFIED,3,FURNITURE,SHIP,4,0.04,8,Brand#33,SM CASE,46,27,3,24391.7028
F,F,A,DELIVER IN PERSON,Manufacturer#4,1-URGENT,4,FURNITURE,FOB,3,0.06,8,Brand#42,JUMBO BAG,1,4,3,6493.3232
O,O,N,COLLECT COD,Manufacturer#5,4-NOT SPECIFIED,2,FURNITURE,REG AIR,5,0.05,12,Brand#53,JUMBO BAG,21,9,0,12305.493
O,O,N,NONE,Manufacturer#1,4-NOT SPECIFIED,2,FURNITURE,REG AIR,6,0.05,21,Brand#11,WRAP JAR,24,29,1,50607.4215
O,O,N,DELIVER IN PERSON,Manufacturer#4,4-NOT SPECIFIED,2,FURNITURE,RAIL,2,0.02,18,Brand#42,LG JAR,28,18,2,19412.433
O,O,N,COLLECT COD,Manufacturer#2,4-NOT SPECIFIED,2,FURNITURE,RAIL,1,0.07,9,Brand#21,MED JAR,29,34,4,57639.9824
O,O,N,COLLECT COD,Manufacturer#4,3-MEDIUM,4,BUILDING,MAIL,1,0.03,8,Brand#43,WRAP CAN,44,5,3,8463.678
O,O,N,DELIVER IN PERSON,Manufacturer#2,4-NOT SPECIFIED,4,MACHINERY,TRUCK,6,0.08,18,Brand#25,LG JAR,11,42,2,45373.7928
O,O,N,TAKE BACK RETURN,Manufacturer#4,4-NOT SPECIFIED,4,MACHINERY,RAIL,1,0.05,12,Brand#41,SM PACK,35,32,0,27937.904
O,O,N,NONE,Manufacturer#1,2-HIGH,4,FURNITURE,AIR,2,0.06,18,Brand#11,JUMBO PKG,41,10,2,17519.232
O,O,N,TAKE BACK RETURN,Manufacturer#3,4-NOT SPECIFIED,0,AUTOMOBILE,FOB,2,0.04,9,Brand#34,MED CAN,34,38,4,50050.7766
O,O,N,DELIVER IN PERSON,Manufacturer#2,4-NOT SPECIFIED,0,AUTOMOBILE,FOB,3,0.02,9,Brand#24,JUMBO CASE,48,41,4,63200.352
F,F,R,NONE,Manufacturer#1,3-MEDIUM,0,BUILDING,RAIL,2,0.08,8,Brand#14,SM BOX,8,35,3,43775.424
F,F,R,TAKE BACK RETURN,Manufacturer#4,5-LOW,4,AUTOMOBILE,FOB,1,0.01,9,Brand#45,SM PACK,48,50,4,46257.96
F,F,R,COLLECT COD,Manufacturer#4,5-LOW,4,AUTOMOBILE,SHIP,6,0.05,18,Brand#45,SM PKG,8,16,2,25830.7632
F,F,R,DELIVER IN PERSON,Manufacturer#3,3-MEDIUM,4,MACHINERY,FOB,3,0.08,8,Brand#34,SM BAG,47,11,3,19037.5185
F,F,R,COLLECT COD,Manufacturer#3,3-MEDIUM,4,MACHINERY,FOB,1,0.04,18,Brand#31,LG CAN,13,33,2,59470.6365
O,O,N,DELIVER IN PERSON,Manufacturer#3,4-NOT SPECIFIED,0,MACHINERY,FOB,1,0.07,12,Brand#35,LG BOX,42,26,0,32896.968
O,O,N,COLLECT COD,Manufacturer#1,4-NOT SPECIFIED,0,MACHINERY,MAIL,3,0.04,21,Brand#13,SM PKG,3,24,1,33604.9248
O,O,N,DELIVER IN PERSON,Manufacturer#3,4-NOT SPECIFIED,0,MACHINERY,FOB,2,0.03,12,Brand#34,MED DRUM,47,43,0,75820.6401
O,O,N,DELIVER IN PERSON,Manufacturer#5,4-NOT SPECIFIED,0,MACHINERY,AIR,7,0.04,8,Brand#51,WRAP JAR,35,10,3,10931.58
F,F,A,NONE,Manufacturer#3,2-HIGH,0,BUILDING,RAIL,1,0.05,18,Brand#35,JUMBO DRUM,21,7,2,9552.6144
F,F,A,DELIVER IN PERSON,Manufacturer#4,2-HIGH,0,BUILDING,AIR,2,0.05,12,Brand#44,LG PKG,35,6,0,7435.8324
F,F,R,TAKE BACK RETURN,Manufacturer#2,4-NOT SPECIFIED,1,AUTOMOBILE,REG AIR,1,0.02,18,Brand#21,JUMBO PKG,11,47,2,42261.507
F,F,R,NONE,Manufacturer#4,2-HIGH,4,AUTOMOBILE,TRUCK,1,0.07,18,Brand#43,JUMBO DRUM,38,46,2,41487.3954
F,F,R,NONE,Manufacturer#2,4-NOT SPECIFIED,1,FURNITURE,RAIL,1,0.06,12,Brand#23,SM CASE,31,50,0,57037.44
O,O,N,DELIVER IN PERSON,Manufacturer#5,3-MEDIUM,1,FURNITURE,AIR,3,0.05,21,Brand#54,JUMBO DRUM,18,23,1,36401.502
O,O,N,COLLECT COD,Manufacturer#4,3-MEDIUM,1,FURNITURE,REG AIR,4,0.07,12,Brand#44,SM JAR,27,34,0,46852.765
F,F,R,COLLECT COD,Manufacturer#3,4-NOT SPECIFIED,4,HOUSEHOLD,REG AIR,2,0,8,Brand#31,JUMBO CAN,11,48,3,51944.64
F,F,R,DELIVER IN PERSON,Manufacturer#5,4-NOT SPECIFIED,4,HOUSEHOLD,AIR,3,0.05,12,Brand#54,WRAP BOX,31,3,0,4141.44
F,F,A,TAKE BACK RETURN,Manufacturer#5,2-HIGH,4,HOUSEHOLD,RAIL,3,0.04,9,Brand#51,JUMBO DRUM,19,30,4,51011.58
O,O,N,NONE,Manufacturer#5,2-HIGH,3,BUILDING,FOB,6,0.07,12,Brand#51,JUMBO BOX,47,30,0,44772.576
O,O,N,TAKE BACK RETURN,Manufacturer#5,2-HIGH,3,BUILDING,AIR,3,0.05,21,Brand#51,JUMBO PACK,30,24,1,35630.2584
O,O,N,NONE,Manufacturer#5,2-HIGH,3,BUILDING,TRUCK,1,0.08,21,Brand#54,WRAP CASE,46,16,1,20974.1168
O,O,N,NONE,Manufacturer#2,2-HIGH,2,AUTOMOBILE,SHIP,2,0.03,18,Brand#21,JUMBO CASE,31,24,2,28153.5552
O,O,N,NONE,Manufacturer#3,2-HIGH,2,AUTOMOBILE,REG AIR,1,0.03,18,Brand#33,MED BAG,31,5,2,4466.947
F,P,A,NONE,Manufacturer#4,1-URGENT,0,BUILDING,SHIP,1,0.08,21,Brand#41,SM JAR,26,29,1,52138.81
F,F,R,COLLECT COD,Manufacturer#2,2-HIGH,4,BUILDING,SHIP,3,0.01,9,Brand#23,MED DRUM,19,21,4,33174.3951
F,F,R,TAKE BACK RETURN,Manufacturer#2,2-HIGH,4,BUILDING,RAIL,2,0.08,9,Brand#25,WRAP CAN,31,13,4,23976.4252
O,O,N,TAKE BACK RETURN,Manufacturer#5,1-URGENT,0,HOUSEHOLD,MAIL,2,0.03,9,Brand#53,SM BOX,48,48,4,74449.2672
F,F,R,TAKE BACK RETURN,Manufacturer#1,3-MEDIUM,4,FURNITURE,FOB,1,0.03,9,Brand#11,MED JAR,33,46,4,54778.5848
F,F,R,NONE,Manufacturer#4,5-LOW,0,BUILDING,MAIL,4,0.05,9,Brand#41,JUMBO DRUM,31,14,4,24021.662
F,F,R,COLLECT COD,Manufacturer#1,5-LOW,0,BUILDING,REG AIR,5,0.03,9,Brand#11,LG JAR,40,47,4,46317.3908
F,F,R,TAKE BACK RETURN,Manufacturer#4,5-LOW,0,BUILDING,SHIP,7,0.02,21,Brand#43,WRAP CASE,12,32,1,28797.12
F,F,R,NONE,Manufacturer#4,5-LOW,0,BUILDING,AIR,3,0.07,18,Brand#43,JUMBO PACK,29,12,2,12997.8576
F,F,A,NONE,Manufacturer#5,1-URGENT,0,AUTOMOBILE,AIR,3,0.01,9,Brand#51,LG PKG,47,14,4,24604.202
O,O,N,TAKE BACK RETURN,Manufacturer#3,4-NOT SPECIFIED,0,BUILDING,SHIP,1,0.02,9,Brand#35,SM BAG,32,48,4,57273.5232
O,O,N,TAKE BACK RETURN,Manufacturer#5,4-NOT SPECIFIED,0,BUILDING,REG AIR,3,0.07,21,Brand#54,WRAP BAG,15,10,1,15073.46
O,P,N,TAKE BACK RETURN,Manufacturer#3,3-MEDIUM,0,AUTOMOBILE,RAIL,1,0.05,18,Brand#33,WRAP BAG,17,11,2,16682.2656
F,P,N,DELIVER IN PERSON,Manufacturer#5,3-MEDIUM,0,AUTOMOBILE,SHIP,5,0,21,Brand#54,SM BAG,1,14,1,23678.2504
F,P,A,NONE,Manufacturer#2,3-MEDIUM,0,AUTOMOBILE,TRUCK,4,0.06,12,Brand#22,JUMBO BOX,3,7,0,7846.503
O,P,N,DELIVER IN PERSON,Manufacturer#2,3-MEDIUM,1,MACHINERY,REG AIR,1,0.03,18,Brand#23,WRAP JAR,50,37,2,43843.4016
O,P,N,DELIVER IN PERSON,Manufacturer#1,3-MEDIUM,1,MACHINERY,REG AIR,5,0.01,8,Brand#13,JUMBO PACK,15,1,3,1641.429
F,P,N,TAKE BACK RETURN,Manufacturer#5,3-MEDIUM,1,MACHINERY,REG AIR,3,0.05,18,Brand#51,MED PKG,47,20,2,30845.178
F,P,R,TAKE BACK RETURN,Manufacturer#2,3-MEDIUM,1,MACHINERY,FOB,6,0.08,8,Brand#22,WRAP JAR,23,47,3,47698.8336
O,O,N,TAKE BACK RETURN,Manufacturer#4,1-URGENT,2,HOUSEHOLD,REG AIR,3,0.03,21,Brand#41,WRAP PKG,26,17,1,20184.0507
F,F,R,DELIVER IN PERSON,Manufacturer#3,1-URGENT,3,MACHINERY,FOB,4,0.04,12,Brand#34,MED DRUM,47,34,0,59951.2038
F,F,R,COLLECT COD,Manufacturer#4,1-URGENT,3,MACHINERY,TRUCK,2,0.08,8,Brand#42,MED JAR,7,47,3,52576.5312
O,O,N,NONE,Manufacturer#4,2-HIGH,4,MACHINERY,MAIL,4,0.03,21,Brand#42,SM PKG,2,29,1,28857.61
O,O,N,NONE,Manufacturer#3,2-HIGH,4,MACHINERY,REG AIR,3,0.03,9,Brand#33,WRAP CAN,49,2,4,1974.2382
O,O,N,TAKE BACK RETURN,Manufacturer#5,5-LOW,2,BUILDING,RAIL,1,0.04,9,Brand#55,JUMBO CASE,35,47,4,81951.691
O,O,N,TAKE BACK RETURN,Manufacturer#1,2-HIGH,1,MACHINERY,MAIL,3,0.01,18,Brand#11,SM JAR,35,28,2,43855.5236
O,O,N,DELIVER IN PERSON,Manufacturer#3,2-HIGH,1,MACHINERY,REG AIR,2,0.06,21,Brand#32,WRAP BOX,46,28,1,29282.8704
F,F,A,TAKE BACK RETURN,Manufacturer#3,3-MEDIUM,1,HOUSEHOLD,RAIL,1,0.08,8,Brand#33,SM CAN,28,11,3,15137.243
O,O,N,COLLECT COD,Manufacturer#3,5-LOW,4,BUILDING,AIR,7,0.02,21,Brand#31,JUMBO DRUM,23,16,1,16355.9472
O,O,N,TAKE BACK RETURN,Manufacturer#4,5-LOW,4,BUILDING,SHIP,6,0.05,12,Brand#41,SM BOX,17,18,0,31679.4996
F,F,R,COLLECT COD,Manufacturer#1,5-LOW,1,HOUSEHOLD,TRUCK,1,0.03,18,Brand#13,WRAP JAR,27,21,2,20235.6189
F,F,A,NONE,Manufacturer#2,4-NOT SPECIFIED,3,MACHINERY,REG AIR,3,0.04,8,Brand#25,JUMBO CAN,23,46,3,48849.792
F,F,R,DELIVER IN PERSON,Manufacturer#3,3-MEDIUM,2,HOUSEHOLD,RAIL,3,0.01,18,Brand#34,JUMBO CAN,5,40,2,46565.248
O,O,N,TAKE BACK RETURN,Manufacturer#3,2-HIGH,1,AUTOMOBILE,TRUCK,7,0.07,12,Brand#33,MED PKG,24,13,0,18940.3305
O,O,N,TAKE BACK RETURN,Manufacturer#5,1-URGENT,1,FURNITURE,SHIP,4,0,21,Brand#55,SM JAR,18,8,1,11469.8016
O,O,N,NONE,Manufacturer#3,3-MEDIUM,1,HOUSEHOLD,SHIP,3,0.02,9,Brand#31,SM CAN,34,34,4,43000.2624
O,O,N,TAKE BACK RETURN,Manufacturer#5,3-MEDIUM,1,HOUSEHOLD,AIR,2,0.08,18,Brand#54,MED JAR,22,41,2,38057.1717
O,O,N,NONE,Manufacturer#4,3-MEDIUM,1,HOUSEHOLD,RAIL,4,0,12,Brand#42,MED BAG,14,32,0,54595.056
F,F,R,NONE,Manufacturer#3,1-URGENT,0,HOUSEHOLD,REG AIR,2,0.02,21,Brand#33,WRAP CAN,49,25,1,24428.705
F,F,R,TAKE BACK RETURN,Manufacturer#4,1-URGENT,0,HOUSEHOLD,FOB,3,0.01,21,Brand#44,SM DRUM,36,18,1,25339.2228
F,F,R,NONE,Manufacturer#1,1-URGENT,0,HOUSEHOLD,SHIP,5,0.01,18,Brand#15,JUMBO PACK,27,9,2,13771.5705
F,F,A,DELIVER IN PERSON,Manufacturer#2,1-URGENT,0,HOUSEHOLD,FOB,1,0.07,9,Brand#24,MED JAR,9,5,4,6743.655
F,F,A,DELIVER IN PERSON,Manufacturer#5,3-MEDIUM,1,BUILDING,TRUCK,4,0,12,Brand#54,LG BAG,10,13,0,17386.59
F,F,A,COLLECT COD,Manufacturer#1,3-MEDIUM,1,BUILDING,FOB,2,0.07,8,Brand#14,MED BOX,1,39,3,55822.221
O,O,N,TAKE BACK RETURN,Manufacturer#4,1-URGENT,4,FURNITURE,TRUCK,1,0,8,Brand#41,LG BAG,30,22,3,22796.7366
O,O,N,DELIVER IN PERSON,Manufacturer#4,1-URGENT,1,BUILDING,AIR,3,0.01,18,Brand#41,MED BOX,50,30,2,43124.991
O,O,N,COLLECT COD,Manufacturer#1,1-URGENT,1,BUILDING,TRUCK,5,0.03,21,Brand#13,WRAP PACK,28,36,1,36285.4404
F,F,R,COLLECT COD,Manufacturer#1,2-HIGH,1,BUILDING,REG AIR,3,0.02,8,Brand#14,MED BAG,18,28,3,25430.93
F,F,A,COLLECT COD,Manufacturer#5,2-HIGH,1,BUILDING,FOB,1,0,12,Brand#54,WRAP BOX,31,1,0,1380.48
O,O,N,TAKE BACK RETURN,Manufacturer#4,1-URGENT,1,HOUSEHOLD,REG AIR,2,0.03,18,Brand#42,JUMBO JAR,15,31,2,51085.7711
O,O,N,TAKE BACK RETURN,Manufacturer#1,1-URGENT,1,HOUSEHOLD,RAIL,6,0.05,12,Brand#11,WRAP JAR,20,35,0,60228.7
O,O,N,DELIVER IN PERSON,Manufacturer#3,1-URGENT,1,HOUSEHOLD,FOB,3,0.02,9,Brand#31,LG PACK,18,26,4,44989.4536
F,F,A,TAKE BACK RETURN,Manufacturer#1,4-NOT SPECIFIED,0,HOUSEHOLD,FOB,1,0,21,Brand#13,SM CASE,5,1,1,1406.5
F,F,R,NONE,Manufacturer#4,1-URGENT,1,BUILDING,FOB,2,0.02,18,Brand#42,LG JAR,28,25,2,25826.4825
F,F,A,COLLECT COD,Manufacturer#1,5-LOW,1,BUILDING,MAIL,3,0.08,9,Brand#12,JUMBO DRUM,33,18,4,27335.6496
O,O,N,NONE,Manufacturer#5,1-URGENT,1,HOUSEHOLD,TRUCK,3,0.07,21,Brand#51,JUMBO JAR,20,25,1,24801.595
F,F,A,COLLECT COD,Manufacturer#4,5-LOW,0,BUILDING,AIR,4,0.07,21,Brand#44,WRAP CAN,16,45,1,85499.55
F,F,R,COLLECT COD,Manufacturer#3,5-LOW,0,BUILDING,AIR,2,0.07,9,Brand#33,JUMBO DRUM,50,17,4,31116.3002
O,O,N,COLLECT COD,Manufacturer#2,3-MEDIUM,0,HOUSEHOLD,TRUCK,1,0.05,12,Brand#22,LG JAR,2,50,0,73893.375
O,O,N,NONE,Manufacturer#3,3-MEDIUM,0,HOUSEHOLD,SHIP,3,0.07,9,Brand#31,SM DRUM,44,35,4,57601.936
O,O,N,DELIVER IN PERSON,Manufacturer#2,3-MEDIUM,1,BUILDING,AIR,3,0.02,8,Brand#23,SM PACK,27,27,3,35603.9955
F,F,A,NONE,Manufacturer#1,3-MEDIUM,3,HOUSEHOLD,FOB,4,0.01,12,Brand#14,LG JAR,24,40,0,37949.116
F,F,R,TAKE BACK RETURN,Manufacturer#1,3-MEDIUM,3,HOUSEHOLD,REG AIR,2,0.08,8,Brand#11,SM JAR,35,5,3,7669.8725
F,F,A,NONE,Manufacturer#3,3-MEDIUM,3,HOUSEHOLD,AIR,6,0.04,18,Brand#33,SM CAN,48,23,2,33159.7785
F,F,A,NONE,Manufacturer#3,1-URGENT,3,MACHINERY,TRUCK,1,0.07,21,Brand#33,MED PACK,33,45,1,52431.1515
F,F,A,DELIVER IN PERSON,Manufacturer#5,2-HIGH,2,MACHINERY,TRUCK,3,0.01,18,Brand#52,SM DRUM,32,39,2,71132.88
F,F,A,DELIVER IN PERSON,Manufacturer#2,2-HIGH,2,MACHINERY,TRUCK,2,0.01,8,Brand#24,JUMBO PACK,39,14,3,16207.548
O,O,N,NONE,Manufacturer#4,1-URGENT,1,MACHINERY,RAIL,2,0.08,21,Brand#44,WRAP CAN,16,30,1,55289.709
O,O,N,NONE,Manufacturer#3,1-URGENT,3,MACHINERY,MAIL,7,0.08,21,Brand#32,SM PKG,12,27,1,46270.035
O,O,N,COLLECT COD,Manufacturer#2,1-URGENT,3,MACHINERY,MAIL,1,0.01,21,Brand#23,JUMBO BAG,44,50,1,76806.375
F,F,A,TAKE BACK RETURN,Manufacturer#4,2-HIGH,1,AUTOMOBILE,MAIL,2,0.04,8,Brand#43,JUMBO CAN,42,30,3,27326.97
F,F,A,NONE,Manufacturer#3,5-LOW,2,FURNITURE,REG AIR,7,0.04,9,Brand#33,WRAP PKG,25,3,4,2650.6395
F,F,A,COLLECT COD,Manufacturer#3,5-LOW,2,FURNITURE,AIR,6,0.07,21,Brand#34,SM CAN,5,47,1,60365.86
F,F,R,COLLECT COD,Manufacturer#4,5-LOW,2,FURNITURE,TRUCK,4,0.02,18,Brand#44,MED PACK,34,36,2,40236.8256
O,O,N,DELIVER IN PERSON,Manufacturer#1,1-URGENT,0,BUILDING,FOB,1,0.04,8,Brand#13,JUMBO PACK,17,15,3,27828.4545
O,O,N,NONE,Manufacturer#3,1-URGENT,0,BUILDING,AIR,2,0.08,21,Brand#34,LG PKG,39,36,1,66502.8144
O,O,N,NONE,Manufacturer#5,1-URGENT,0,BUILDING,FOB,5,0.02,8,Brand#52,JUMBO PKG,8,15,3,23795.91
O,O,N,NONE,Manufacturer#3,3-MEDIUM,2,FURNITURE,REG AIR,2,0.03,21,Brand#34,LG PKG,39,48,1,85983.4368
O,O,N,NONE,Manufacturer#4,2-HIGH,0,AUTOMOBILE,TRUCK,1,0.06,18,Brand#43,WRAP CASE,24,23,2,38418.165
F,F,A,COLLECT COD,Manufacturer#5,4-NOT SPECIFIED,3,BUILDING,REG AIR,7,0.03,21,Brand#51,MED BAG,15,49,1,67197.5808
F,F,R,DELIVER IN PERSON,Manufacturer#3,4-NOT SPECIFIED,3,BUILDING,RAIL,6,0.07,8,Brand#35,SM DRUM,21,37,3,45262.84
O,O,N,NONE,Manufacturer#4,4-NOT SPECIFIED,3,AUTOMOBILE,MAIL,3,0.03,8,Brand#42,SM JAR,47,43,3,35999.6
O,O,N,DELIVER IN PERSON,Manufacturer#3,4-NOT SPECIFIED,3,AUTOMOBILE,TRUCK,6,0.05,12,Brand#34,LG CASE,9,37,0,47533.4338
F,F,R,DELIVER IN PERSON,Manufacturer#5,1-URGENT,0,HOUSEHOLD,TRUCK,2,0.01,18,Brand#52,JUMBO PKG,17,46,2,55716.672
F,F,R,DELIVER IN PERSON,Manufacturer#3,5-LOW,1,BUILDING,FOB,2,0.03,21,Brand#33,WRAP BOX,49,17,1,17546.21
F,F,R,TAKE BACK RETURN,Manufacturer#5,5-LOW,1,BUILDING,REG AIR,5,0.01,12,Brand#52,JUMBO PKG,21,8,0,7613.1808
O,O,N,TAKE BACK RETURN,Manufacturer#5,2-HIGH,1,AUTOMOBILE,RAIL,2,0.03,9,Brand#54,WRAP CAN,13,31,4,26379.7383
F,F,A,COLLECT COD,Manufacturer#4,2-HIGH,3,BUILDING,TRUCK,1,0.02,21,Brand#42,WRAP CAN,16,16,1,22015.0848
F,F,A,TAKE BACK RETURN,Manufacturer#2,2-HIGH,3,BUILDING,RAIL,4,0.07,12,Brand#22,MED JAR,18,14,0,18027.485
F,F,R,TAKE BACK RETURN,Manufacturer#4,2-HIGH,2,FURNITURE,REG AIR,1,0.01,8,Brand#45,WRAP PACK,9,1,3,1489.2178
O,O,N,DELIVER IN PERSON,Manufacturer#1,2-HIGH,2,AUTOMOBILE,MAIL,1,0.02,8,Brand#12,JUMBO DRUM,33,46,3,64155.096
F,F,A,DELIVER IN PERSON,Manufacturer#3,1-URGENT,0,FURNITURE,TRUCK,3,0,21,Brand#32,LG PKG,36,18,1,22001.76
F,F,R,NONE,Manufacturer#2,1-URGENT,0,FURNITURE,FOB,1,0.04,18,Brand#24,WRAP JAR,25,34,2,52839.332
F,F,R,NONE,Manufacturer#1,3-MEDIUM,1,HOUSEHOLD,FOB,2,0.05,12,Brand#15,SM PACK,1,2,0,3574.9632
F,F,R,TAKE BACK RETURN,Manufacturer#2,3-MEDIUM,1,HOUSEHOLD,SHIP,1,0.03,9,Brand#25,MED PACK,31,30,4,27794.403
F,F,R,NONE,Manufacturer#5,3-MEDIUM,1,HOUSEHOLD,FOB,4,0.01,9,Brand#51,MED CAN,10,19,4,30791.2423
F,F,A,NONE,Manufacturer#5,5-LOW,3,BUILDING,MAIL,5,0.05,12,Brand#53,SM CASE,17,19,0,25093.0644
F,F,A,TAKE BACK RETURN,Manufacturer#4,2-HIGH,4,FURNITURE,REG AIR,3,0.03,12,Brand#42,MED PKG,28,37,0,47502.4796
F,F,A,COLLECT COD,Manufacturer#4,2-HIGH,4,FURNITURE,REG AIR,2,0.06,12,Brand#43,JUMBO DRUM,38,2,0,1749.1392
O,O,N,TAKE BACK RETURN,Manufacturer#5,2-HIGH,2,AUTOMOBILE,TRUCK,3,0.03,21,Brand#54,LG BOX,4,46,1,77255.482
F,F,A,COLLECT COD,Manufacturer#1,3-MEDIUM,3,AUTOMOBILE,MAIL,5,0.01,18,Brand#14,MED JAR,32,24,2,27595.068
F,F,R,NONE,Manufacturer#5,3-MEDIUM,3,AUTOMOBILE,SHIP,3,0.02,12,Brand#54,MED BAG,31,39,0,67185.027
F,F,R,NONE,Manufacturer#4,3-MEDIUM,3,AUTOMOBILE,RAIL,2,0.02,21,Brand#42,MED CASE,29,14,1,16948.7276
F,F,A,COLLECT COD,Manufacturer#4,1-URGENT,0,AUTOMOBILE,REG AIR,2,0.02,8,Brand#43,SM BAG,46,12,3,12328.506
F,F,A,DELIVER IN PERSON,Manufacturer#5,5-LOW,0,BUILDING,SHIP,5,0.06,8,Brand#51,LG PACK,42,42,3,74571.504
F,F,R,TAKE BACK RETURN,Manufacturer#5,5-LOW,0,BUILDING,MAIL,6,0.04,9,Brand#54,SM CAN,32,18,4,27303.1344
F,F,A,COLLECT COD,Manufacturer#5,5-LOW,0,BUILDING,MAIL,3,0.03,21,Brand#51,JUMBO BAG,22,8,1,15032.0808
F,F,A,NONE,Manufacturer#4,5-LOW,2,BUILDING,MAIL,2,0.04,21,Brand#41,JUMBO CASE,4,30,1,52301.724
F,F,R,NONE,Manufacturer#4,5-LOW,2,BUILDING,RAIL,5,0.07,9,Brand#45,MED JAR,41,14,4,14428.764
O,O,N,COLLECT COD,Manufacturer#2,4-NOT SPECIFIED,0,BUILDING,REG AIR,3,0.08,18,Brand#24,MED PKG,48,20,2,26413.752
O,O,N,NONE,Manufacturer#2,5-LOW,0,BUILDING,RAIL,2,0.06,8,Brand#24,JUMBO BAG,25,36,3,52234.5096
F,F,A,DELIVER IN PERSON,Manufacturer#2,5-LOW,2,MACHINERY,FOB,1,0.06,18,Brand#25,JUMBO BOX,9,18,2,16641.0666
O,O,N,TAKE BACK RETURN,Manufacturer#5,2-HIGH,3,AUTOMOBILE,REG AIR,2,0.02,21,Brand#55,JUMBO BAG,19,49,1,66157.6048
F,F,A,NONE,Manufacturer#3,1-URGENT,3,FURNITURE,REG AIR,1,0.01,21,Brand#33,MED DRUM,40,5,1,8600.624
F,F,R,TAKE BACK RETURN,Manufacturer#2,5-LOW,4,FURNITURE,REG AIR,3,0.03,8,Brand#22,WRAP BAG,2,5,3,4818.0045
F,F,R,TAKE BACK RETURN,Manufacturer#3,5-LOW,4,FURNITURE,REG AIR,2,0.06,12,Brand#34,LG CASE,9,45,0,55426.977
F,F,R,COLLECT COD,Manufacturer#1,5-LOW,4,FURNITURE,TRUCK,4,0.03,12,Brand#15,JUMBO DRUM,28,22,0,33154.891
O,O,N,DELIVER IN PERSON,Manufacturer#3,2-HIGH,3,BUILDING,FOB,2,0.02,8,Brand#32,LG PKG,21,9,3,11397.1716
O,O,N,DELIVER IN PERSON,Manufacturer#5,4-NOT SPECIFIED,2,MACHINERY,FOB,1,0.03,12,Brand#55,SM BAG,17,8,0,13633.0832
O,O,N,DELIVER IN PERSON,Manufacturer#3,4-NOT SPECIFIED,2,MACHINERY,MAIL,2,0.06,9,Brand#33,SM PACK,13,49,4,57448.5996
O,O,N,COLLECT COD,Manufacturer#5,4-NOT SPECIFIED,2,MACHINERY,SHIP,3,0.08,8,Brand#54,SM BOX,2,36,3,58900.284
F,F,A,DELIVER IN PERSON,Manufacturer#5,4-NOT SPECIFIED,1,BUILDING,RAIL,3,0.01,18,Brand#51,SM DRUM,18,8,2,11108.6728
O,O,N,TAKE BACK RETURN,Manufacturer#2,1-URGENT,1,BUILDING,REG AIR,5,0.07,8,Brand#21,WRAP DRUM,29,44,3,54900.846
O,P,N,COLLECT COD,Manufacturer#4,3-MEDIUM,1,AUTOMOBILE,RAIL,4,0,18,Brand#43,JUMBO CASE,19,48,2,64618.1856
O,O,N,TAKE BACK RETURN,Manufacturer#1,1-URGENT,4,AUTOMOBILE,SHIP,4,0.08,9,Brand#12,JUMBO BAG,43,14,4,17498.0764
O,O,N,DELIVER IN PERSON,Manufacturer#2,3-MEDIUM,1,HOUSEHOLD,REG AIR,6,0.06,8,Brand#22,LG BOX,9,7,3,9992.4538
O,O,N,COLLECT COD,Manufacturer#4,3-MEDIUM,1,HOUSEHOLD,SHIP,2,0.04,9,Brand#45,SM BOX,39,43,4,51366.3552
O,O,N,DELIVER IN PERSON,Manufacturer#5,3-MEDIUM,1,HOUSEHOLD,RAIL,1,0.08,9,Brand#52,MED DRUM,44,16,4,17339.0992
O,O,N,COLLECT COD,Manufacturer#2,3-MEDIUM,1,HOUSEHOLD,REG AIR,7,0,9,Brand#25,MED PACK,31,16,4,14823.6816
F,F,A,COLLECT COD,Manufacturer#1,2-HIGH,2,FURNITURE,REG AIR,6,0.01,18,Brand#13,JUMBO PACK,15,41,2,69423.8076
O,O,N,COLLECT COD,Manufacturer#1,2-HIGH,4,BUILDING,FOB,2,0,12,Brand#13,MED DRUM,39,35,0,54605.775
O,O,N,COLLECT COD,Manufacturer#2,2-HIGH,4,BUILDING,RAIL,3,0.08,18,Brand#23,MED JAR,33,5,2,4356.384
O,O,N,TAKE BACK RETURN,Manufacturer#2,5-LOW,3,FURNITURE,MAIL,1,0.07,8,Brand#24,JUMBO BAG,25,35,3,47674.354
F,F,R,TAKE BACK RETURN,Manufacturer#3,3-MEDIUM,1,MACHINERY,RAIL,2,0,9,Brand#31,SM CAN,34,8,4,9687.168
F,F,R,COLLECT COD,Manufacturer#2,3-MEDIUM,1,MACHINERY,RAIL,1,0.03,12,Brand#25,SM BAG,36,44,0,53870.08
F,F,R,TAKE BACK RETURN,Manufacturer#5,3-MEDIUM,1,MACHINERY,FOB,4,0.01,9,Brand#51,WRAP BAG,2,30,4,45786.708
F,F,R,NONE,Manufacturer#3,3-MEDIUM,1,AUTOMOBILE,REG AIR,4,0.07,9,Brand#35,JUMBO CASE,42,16,4,23737.28
O,O,N,NONE,Manufacturer#3,4-NOT SPECIFIED,3,HOUSEHOLD,MAIL,5,0.07,8,Brand#32,LG CAN,33,2,3,2091.6168
O,O,N,NONE,Manufacturer#3,4-NOT SPECIFIED,3,HOUSEHOLD,RAIL,6,0.07,8,Brand#32,LG DRUM,26,30,3,41780.556
O,O,N,TAKE BACK RETURN,Manufacturer#5,4-NOT SPECIFIED,3,HOUSEHOLD,REG AIR,2,0.08,8,Brand#52,LG BAG,32,6,3,5813.388
O,O,N,DELIVER IN PERSON,Manufacturer#1,4-NOT SPECIFIED,3,MACHINERY,MAIL,1,0.07,18,Brand#13,JUMBO JAR,26,25,2,28781.05
F,F,R,NONE,Manufacturer#5,4-NOT SPECIFIED,1,BUILDING,RAIL,3,0.04,18,Brand#52,SM JAR,28,30,2,37550.331
F,F,R,NONE,Manufacturer#3,3-MEDIUM,4,FURNITURE,AIR,4,0.07,8,Brand#31,JUMBO BOX,34,13,3,20209.7688
F,F,A,COLLECT COD,Manufacturer#3,1-URGENT,0,AUTOMOBILE,MAIL,2,0.02,21,Brand#34,LG DRUM,33,16,1,29374.88
F,F,R,TAKE BACK RETURN,Manufacturer#1,1-URGENT,0,AUTOMOBILE,SHIP,1,0.08,12,Brand#13,WRAP CASE,24,24,0,23249.664
O,O,N,COLLECT COD,Manufacturer#3,5-LOW,3,HOUSEHOLD,SHIP,2,0,8,Brand#33,MED JAR,21,28,3,41244.7308
F,F,A,DELIVER IN PERSON,Manufacturer#5,4-NOT SPECIFIED,1,BUILDING,AIR,1,0.01,18,Brand#55,SM BOX,7,31,2,44581.1806
F,F,A,NONE,Manufacturer#3,4-NOT SPECIFIED,1,BUILDING,SHIP,3,0.04,21,Brand#34,SM CAN,5,20,1,24916.972
F,F,A,COLLECT COD,Manufacturer#4,4-NOT SPECIFIED,1,HOUSEHOLD,TRUCK,5,0.07,8,Brand#44,LG JAR,6,7,3,11625.32
F,F,R,NONE,Manufacturer#5,4-NOT SPECIFIED,1,HOUSEHOLD,TRUCK,4,0.08,18,Brand#54,MED JAR,22,9,2,8982.81
F,F,A,COLLECT COD,Manufacturer#1,2-HIGH,3,AUTOMOBILE,TRUCK,6,0.01,8,Brand#13,LG PKG,19,23,3,23049.1303
F,F,A,DELIVER IN PERSON,Manufacturer#2,2-HIGH,3,AUTOMOBILE,MAIL,3,0.06,12,Brand#23,MED CAN,31,39,0,62938.4028
F,F,A,TAKE BACK RETURN,Manufacturer#2,2-HIGH,3,AUTOMOBILE,RAIL,5,0.02,18,Brand#23,JUMBO BOX,40,43,2,79519.0572
O,O,N,DELIVER IN PERSON,Manufacturer#3,5-LOW,1,AUTOMOBILE,RAIL,4,0.01,21,Brand#31,WRAP JAR,8,14,1,19264.0014
O,O,N,DELIVER IN PERSON,Manufacturer#5,5-LOW,1,AUTOMOBILE,MAIL,3,0.05,12,Brand#52,MED CAN,41,9,0,12746.727
F,F,R,DELIVER IN PERSON,Manufacturer#2,4-NOT SPECIFIED,1,MACHINERY,TRUCK,4,0.07,18,Brand#25,WRAP PKG,4,32,2,55775.4656
F,P,N,NONE,Manufacturer#1,3-MEDIUM,0,BUILDING,SHIP,5,0.05,21,Brand#11,JUMBO PKG,29,34,1,33822.622
O,P,N,COLLECT COD,Manufacturer#5,3-MEDIUM,0,BUILDING,MAIL,1,0.08,12,Brand#54,SM BAG,1,39,0,67306.98
F,P,R,DELIVER IN PERSON,Manufacturer#3,3-MEDIUM,0,BUILDING,AIR,2,0.02,21,Brand#34,SM PKG,32,33,1,55493.6382
F,F,A,TAKE BACK RETURN,Manufacturer#4,3-MEDIUM,1,BUILDING,SHIP,1,0.01,8,Brand#43,SM JAR,11,44,3,37558.7212
F,F,R,DELIVER IN PERSON,Manufacturer#2,3-MEDIUM,1,BUILDING,TRUCK,3,0.08,21,Brand#21,MED PACK,30,43,1,68524.929
F,F,A,DELIVER IN PERSON,Manufacturer#5,3-MEDIUM,1,BUILDING,FOB,2,0.06,18,Brand#52,MED BOX,22,49,2,68548.1335
O,O,N,TAKE BACK RETURN,Manufacturer#5,4-NOT SPECIFIED,0,BUILDING,SHIP,1,0.07,18,Brand#54,LG CAN,44,28,2,23187.0548
F,F,R,DELIVER IN PERSON,Manufacturer#4,1-URGENT,4,AUTOMOBILE,TRUCK,3,0.03,21,Brand#45,SM JAR,33,23,1,34834.9536
F,F,R,NONE,Manufacturer#5,1-URGENT,4,AUTOMOBILE,FOB,2,0.04,21,Brand#52,MED CASE,20,24,1,20624.1264
O,O,N,NONE,Manufacturer#4,1-URGENT,2,HOUSEHOLD,FOB,3,0.01,18,Brand#41,LG PACK,43,2,2,3214.095
O,O,N,TAKE BACK RETURN,Manufacturer#3,1-URGENT,2,HOUSEHOLD,FOB,1,0.02,8,Brand#31,MED CAN,44,33,3,49586.1399
F,F,R,DELIVER IN PERSON,Manufacturer#4,3-MEDIUM,1,FURNITURE,SHIP,2,0.05,21,Brand#43,SM CASE,20,44,1,61310.7
O,O,N,TAKE BACK RETURN,Manufacturer#4,4-NOT SPECIFIED,2,FURNITURE,TRUCK,4,0.04,18,Brand#42,SM CASE,16,8,2,8257.3056
O,O,N,TAKE BACK RETURN,Manufacturer#3,4-NOT SPECIFIED,2,FURNITURE,REG AIR,2,0.03,21,Brand#34,JUMBO CASE,19,32,1,54686.256
O,O,N,NONE,Manufacturer#5,3-MEDIUM,4,BUILDING,MAIL,3,0.07,21,Brand#54,MED BAG,31,27,1,44614.233
O,O,N,COLLECT COD,Manufacturer#1,3-MEDIUM,4,BUILDING,AIR,4,0.06,21,Brand#13,SM CASE,5,17,1,21758.555
O,O,N,COLLECT COD,Manufacturer#5,3-MEDIUM,4,BUILDING,MAIL,1,0.04,8,Brand#53,SM DRUM,11,31,3,42856.88
O,O,N,DELIVER IN PERSON,Manufacturer#3,5-LOW,2,MACHINERY,SHIP,2,0.08,18,Brand#35,WRAP PACK,7,30,2,48729.978
F,F,A,COLLECT COD,Manufacturer#3,3-MEDIUM,0,FURNITURE,SHIP,4,0.02,8,Brand#33,SM PACK,13,32,3,37109.6544
O,O,N,COLLECT COD,Manufacturer#1,4-NOT SPECIFIED,0,BUILDING,SHIP,2,0,18,Brand#11,WRAP CAN,49,33,2,42117.075
O,O,N,COLLECT COD,Manufacturer#4,1-URGENT,4,FURNITURE,SHIP,4,0,12,Brand#45,MED JAR,23,6,0,8272.7964
O,O,N,DELIVER IN PERSON,Manufacturer#3,1-URGENT,4,FURNITURE,RAIL,5,0.06,9,Brand#33,JUMBO BOX,18,25,4,38775.42
F,F,R,NONE,Manufacturer#2,2-HIGH,2,AUTOMOBILE,FOB,4,0.05,9,Brand#24,JUMBO CASE,48,49,4,72384.956
F,F,R,NONE,Manufacturer#1,5-LOW,3,MACHINERY,SHIP,1,0.08,8,Brand#14,JUMBO JAR,21,31,3,52211.0215
F,F,A,COLLECT COD,Manufacturer#2,3-MEDIUM,2,FURNITURE,MAIL,6,0.03,21,Brand#23,JUMBO PKG,39,14,1,14750.6912
F,F,R,DELIVER IN PERSON,Manufacturer#1,3-MEDIUM,2,FURNITURE,SHIP,2,0.05,12,Brand#15,WRAP BAG,6,26,0,42619.4496
F,F,R,COLLECT COD,Manufacturer#4,4-NOT SPECIFIED,2,AUTOMOBILE,REG AIR,2,0.04,12,Brand#44,LG DRUM,18,29,0,32317.7508
F,F,A,TAKE BACK RETURN,Manufacturer#1,4-NOT SPECIFIED,2,MACHINERY,REG AIR,3,0,12,Brand#14,LG PACK,44,30,0,46471.992
F,F,R,COLLECT COD,Manufacturer#3,1-URGENT,3,FURNITURE,AIR,2,0.04,8,Brand#35,WRAP BAG,10,19,3,33102.7785
F,F,R,NONE,Manufacturer#3,1-URGENT,3,FURNITURE,FOB,3,0.08,12,Brand#33,LG PKG,12,41,0,53223.617
O,O,N,DELIVER IN PERSON,Manufacturer#2,5-LOW,2,AUTOMOBILE,TRUCK,3,0.08,18,Brand#23,LG BAG,17,36,2,35062.632
O,O,N,NONE,Manufacturer#1,5-LOW,2,AUTOMOBILE,RAIL,5,0.06,21,Brand#11,LG JAR,30,12,1,17344.512
O,O,N,NONE,Manufacturer#4,5-LOW,2,AUTOMOBILE,RAIL,6,0.08,21,Brand#44,WRAP BAG,38,46,1,76722.3512
O,O,N,COLLECT COD,Manufacturer#1,1-URGENT,2,AUTOMOBILE,SHIP,2,0.08,8,Brand#14,WRAP PKG,40,26,3,35888.58
O,O,N,TAKE BACK RETURN,Manufacturer#4,2-HIGH,0,FURNITURE,AIR,4,0.03,8,Brand#45,SM PACK,30,41,3,54042.7437
O,O,N,COLLECT COD,Manufacturer#2,2-HIGH,0,FURNITURE,RAIL,5,0.03,8,Brand#24,JUMBO BAG,25,4,3,5389.2748
F,F,A,TAKE BACK RETURN,Manufacturer#1,5-LOW,4,HOUSEHOLD,TRUCK,4,0.05,8,Brand#13,JUMBO PACK,17,36,3,62740.5156
F,F,R,NONE,Manufacturer#5,5-LOW,4,HOUSEHOLD,RAIL,6,0.06,9,Brand#52,LG CASE,21,39,4,62486.6814
F,F,R,NONE,Manufacturer#2,5-LOW,4,HOUSEHOLD,AIR,3,0.02,9,Brand#24,WRAP CAN,34,25,4,35876.75
O,O,N,TAKE BACK RETURN,Manufacturer#2,1-URGENT,1,HOUSEHOLD,REG AIR,1,0,12,Brand#25,LG DRUM,13,21,0,32992.3125
O,O,N,TAKE BACK RETURN,Manufacturer#5,4-NOT SPECIFIED,3,HOUSEHOLD,SHIP,3,0.01,21,Brand#53,LG CASE,27,33,1,42605.541
O,O,N,DELIVER IN PERSON,Manufacturer#1,1-URGENT,4,MACHINERY,MAIL,4,0.08,8,Brand#13,LG PKG,19,6,3,5640.8898
O,O,N,DELIVER IN PERSON,Manufacturer#1,1-URGENT,4,MACHINERY,SHIP,2,0.03,18,Brand#14,JUMBO JAR,37,24,2,25780.08
O,O,N,NONE,Manufacturer#2,1-URGENT,4,MACHINERY,TRUCK,6,0.05,21,Brand#21,MED DRUM,49,27,1,25956.288
F,F,R,COLLECT COD,Manufacturer#1,5-LOW,3,BUILDING,FOB,4,0.04,18,Brand#14,MED JAR,32,24,2,26142.696
F,F,R,DELIVER IN PERSON,Manufacturer#3,5-LOW,3,BUILDING,TRUCK,2,0.07,18,Brand#35,MED PACK,26,43,2,76827.3174
O,O,N,TAKE BACK RETURN,Manufacturer#5,4-NOT SPECIFIED,1,HOUSEHOLD,AIR,6,0.03,8,Brand#55,SM BOX,12,21,3,33112.0251
O,O,N,TAKE BACK RETURN,Manufacturer#5,4-NOT SPECIFIED,3,BUILDING,TRUCK,1,0.03,9,Brand#51,SM CAN,8,8,4,11361.6048
O,O,N,COLLECT COD,Manufacturer#4,4-NOT SPECIFIED,3,BUILDING,FOB,4,0.02,18,Brand#45,SM CAN,21,30,2,29491.14
O,O,N,DELIVER IN PERSON,Manufacturer#4,2-HIGH,3,BUILDING,MAIL,3,0.02,18,Brand#41,MED PACK,22,2,2,2416.392
F,F,A,DELIVER IN PERSON,Manufacturer#5,4-NOT SPECIFIED,1,FURNITURE,RAIL,6,0.06,8,Brand#52,WRAP PACK,27,47,3,55579.8312
F,F,A,DELIVER IN PERSON,Manufacturer#4,5-LOW,0,BUILDING,TRUCK,2,0.05,21,Brand#43,WRAP CASE,30,43,1,39439.557
O,O,N,DELIVER IN PERSON,Manufacturer#4,3-MEDIUM,1,AUTOMOBILE,TRUCK,2,0.02,21,Brand#43,MED CASE,1,1,1,1568.3808
F,F,A,NONE,Manufacturer#4,2-HIGH,0,HOUSEHOLD,FOB,1,0.08,18,Brand#43,LG DRUM,45,45,2,67029.93
O,O,N,NONE,Manufacturer#3,2-HIGH,0,HOUSEHOLD,AIR,2,0,21,Brand#35,MED BOX,24,50,1,61035.52
O,O,N,COLLECT COD,Manufacturer#4,2-HIGH,0,HOUSEHOLD,MAIL,1,0.06,18,Brand#43,WRAP BAG,26,28,2,37361.5032
O,O,N,COLLECT COD,Manufacturer#5,3-MEDIUM,3,FURNITURE,REG AIR,3,0.05,18,Brand#54,SM DRUM,19,16,2,29652.0048
F,F,R,DELIVER IN PERSON,Manufacturer#2,3-MEDIUM,0,BUILDING,RAIL,1,0,9,Brand#23,SM PACK,20,11,4,16699.122
F,F,A,DELIVER IN PERSON,Manufacturer#2,3-MEDIUM,0,BUILDING,AIR,2,0.05,18,Brand#23,LG PACK,27,7,2,7046.0432
O,O,N,TAKE BACK RETURN,Manufacturer#2,2-HIGH,4,HOUSEHOLD,REG AIR,4,0.02,9,Brand#22,JUMBO JAR,28,42,4,67943.82
O,O,N,COLLECT COD,Manufacturer#4,2-HIGH,4,HOUSEHOLD,TRUCK,2,0.07,8,Brand#41,MED DRUM,40,43,3,73169.7417
O,O,N,NONE,Manufacturer#1,5-LOW,0,AUTOMOBILE,FOB,4,0.06,8,Brand#14,MED BAG,18,38,3,35603.302
O,O,N,NONE,Manufacturer#4,5-LOW,0,AUTOMOBILE,REG AIR,1,0.08,21,Brand#43,WRAP DRUM,2,13,1,21388.3488
O,O,N,NONE,Manufacturer#1,5-LOW,0,AUTOMOBILE,MAIL,3,0.05,18,Brand#12,JUMBO BAG,43,42,2,51958.5738
F,F,R,COLLECT COD,Manufacturer#5,3-MEDIUM,4,HOUSEHOLD,REG AIR,3,0.05,21,Brand#51,WRAP PKG,1,40,1,54058
O,O,N,COLLECT COD,Manufacturer#4,4-NOT SPECIFIED,0,HOUSEHOLD,TRUCK,2,0.07,21,Brand#41,MED PACK,19,8,1,11916.432
O,O,N,NONE,Manufacturer#4,4-NOT SPECIFIED,0,HOUSEHOLD,MAIL,4,0,18,Brand#45,JUMBO BOX,44,30,2,37488.96
O,O,N,TAKE BACK RETURN,Manufacturer#1,4-NOT SPECIFIED,0,HOUSEHOLD,FOB,6,0.03,21,Brand#15,JUMBO JAR,3,8,1,9341.208
O,O,N,DELIVER IN PERSON,Manufacturer#5,4-NOT SPECIFIED,0,HOUSEHOLD,SHIP,1,0,18,Brand#53,WRAP CAN,49,4,2,6650.9136
O,O,N,TAKE BACK RETURN,Manufacturer#1,5-LOW,3,AUTOMOBILE,REG AIR,1,0.06,8,Brand#14,WRAP PKG,40,23,3,32395.5
O,O,N,NONE,Manufacturer#2,5-LOW,3,AUTOMOBILE,AIR,5,0.02,21,Brand#24,WRAP PKG,14,30,1,52148.745
O,O,N,DELIVER IN PERSON,Manufacturer#3,4-NOT SPECIFIED,4,AUTOMOBILE,AIR,1,0.07,21,Brand#35,LG JAR,38,34,1,50314.9476
F,F,R,NONE,Manufacturer#1,5-LOW,2,MACHINERY,AIR,1,0.03,12,Brand#15,LG PACK,50,33,0,57546.72
O,O,N,COLLECT COD,Manufacturer#4,4-NOT SPECIFIED,2,MACHINERY,MAIL,5,0.03,18,Brand#45,SM PACK,3,20,2,31616.094
O,O,N,NONE,Manufacturer#1,4-NOT SPECIFIED,2,MACHINERY,FOB,3,0.05,8,Brand#13,MED JAR,38,15,3,19718.709
O,O,N,COLLECT COD,Manufacturer#3,3-MEDIUM,3,FURNITURE,SHIP,3,0.05,21,Brand#32,JUMBO BOX,23,33,1,41114.5284
F,F,A,COLLECT COD,Manufacturer#3,1-URGENT,2,AUTOMOBILE,TRUCK,5,0.02,12,Brand#33,MED PACK,30,8,0,12669.5448
F,F,A,TAKE BACK RETURN,Manufacturer#4,1-URGENT,2,MACHINERY,RAIL,1,0.03,18,Brand#42,LG BOX,19,31,2,46422.0009
F,F,A,COLLECT COD,Manufacturer#1,1-URGENT,2,MACHINERY,TRUCK,3,0.03,8,Brand#14,WRAP PKG,40,40,3,50706
F,F,R,DELIVER IN PERSON,Manufacturer#4,3-MEDIUM,3,BUILDING,MAIL,4,0.07,18,Brand#42,WRAP BAG,13,23,2,34216.0512
F,F,R,NONE,Manufacturer#4,5-LOW,1,HOUSEHOLD,MAIL,1,0.02,9,Brand#44,LG BOX,26,21,4,30925.3308
O,O,N,NONE,Manufacturer#3,5-LOW,2,HOUSEHOLD,RAIL,5,0.06,12,Brand#32,LG PKG,11,40,0,47246.92
F,F,A,TAKE BACK RETURN,Manufacturer#3,1-URGENT,1,BUILDING,AIR,6,0.07,8,Brand#35,LG JAR,18,4,3,4822.8936
F,F,R,TAKE BACK RETURN,Manufacturer#2,1-URGENT,1,BUILDING,AIR,1,0.05,9,Brand#22,LG BOX,9,34,4,50600.0852
F,F,A,COLLECT COD,Manufacturer#4,1-URGENT,1,BUILDING,FOB,3,0.07,12,Brand#42,JUMBO JAR,46,4,0,5062.3452
O,O,N,TAKE BACK RETURN,Manufacturer#5,2-HIGH,0,AUTOMOBILE,MAIL,4,0,8,Brand#52,WRAP PACK,27,37,3,47083.4694
F,F,R,COLLECT COD,Manufacturer#3,3-MEDIUM,4,FURNITURE,RAIL,1,0,9,Brand#32,WRAP CAN,25,9,4,10240.3665
O,O,N,DELIVER IN PERSON,Manufacturer#2,5-LOW,3,BUILDING,FOB,3,0.01,12,Brand#24,MED PACK,50,42,0,66719.52
O,O,N,NONE,Manufacturer#3,4-NOT SPECIFIED,0,AUTOMOBILE,AIR,1,0.03,21,Brand#34,WRAP PACK,30,11,1,16679.322
F,F,A,NONE,Manufacturer#1,1-URGENT,2,HOUSEHOLD,TRUCK,2,0.06,18,Brand#14,JUMBO PACK,7,1,2,1249.3992
F,F,R,COLLECT COD,Manufacturer#2,1-URGENT,2,HOUSEHOLD,MAIL,3,0.03,21,Brand#24,LG CAN,2,10,1,14122.548
O,O,N,NONE,Manufacturer#1,5-LOW,0,BUILDING,AIR,1,0.07,8,Brand#15,SM BAG,43,49,3,74866.61
O,O,N,TAKE BACK RETURN,Manufacturer#5,5-LOW,0,BUILDING,SHIP,2,0.07,9,Brand#55,SM JAR,11,35,4,43484.168
O,O,N,COLLECT COD,Manufacturer#4,3-MEDIUM,4,BUILDING,AIR,2,0.05,9,Brand#43,SM CASE,23,9,4,12154.05
O,O,N,TAKE BACK RETURN,Manufacturer#1,3-MEDIUM,4,BUILDING,TRUCK,3,0.06,18,Brand#11,WRAP CAN,49,33,2,45356.85
O,O,N,TAKE BACK RETURN,Manufacturer#1,3-MEDIUM,4,MACHINERY,TRUCK,1,0.07,9,Brand#14,SM BOX,26,36,4,34581.9168
O,O,N,NONE,Manufacturer#5,2-HIGH,0,BUILDING,RAIL,1,0.05,8,Brand#54,MED PKG,43,47,3,74954.3451
O,O,N,NONE,Manufacturer#4,2-HIGH,3,HOUSEHOLD,AIR,1,0.03,12,Brand#44,JUMBO PKG,19,20,0,17446.776
F,F,R,COLLECT COD,Manufacturer#3,4-NOT SPECIFIED,4,HOUSEHOLD,RAIL,2,0.03,21,Brand#31,JUMBO DRUM,23,20,1,21324.286
F,F,A,COLLECT COD,Manufacturer#3,1-URGENT,0,HOUSEHOLD,FOB,2,0.06,18,Brand#34,SM BAG,20,26,2,40550.9
F,P,R,TAKE BACK RETURN,Manufacturer#5,1-URGENT,3,FURNITURE,SHIP,1,0.07,18,Brand#53,SM BOX,45,22,2,22883.08
F,P,R,NONE,Manufacturer#5,1-URGENT,3,FURNITURE,MAIL,5,0.07,18,Brand#52,WRAP CAN,39,5,2,4530
O,O,N,COLLECT COD,Manufacturer#1,1-URGENT,0,MACHINERY,REG AIR,1,0.05,21,Brand#15,LG BAG,32,2,1,1828.7388
O,O,N,DELIVER IN PERSON,Manufacturer#4,1-URGENT,0,MACHINERY,REG AIR,5,0.04,18,Brand#44,MED PACK,34,23,2,25974.6406
F,F,R,DELIVER IN PERSON,Manufacturer#4,4-NOT SPECIFIED,0,BUILDING,RAIL,1,0.05,21,Brand#41,SM JAR,26,9,1,15533.7696
F,F,R,COLLECT COD,Manufacturer#3,4-NOT SPECIFIED,0,BUILDING,MAIL,3,0.05,8,Brand#31,SM PKG,27,28,3,40867.4
F,F,A,NONE,Manufacturer#3,4-NOT SPECIFIED,0,BUILDING,RAIL,2,0.04,8,Brand#33,MED DRUM,29,34,3,41104.2932
O,O,N,TAKE BACK RETURN,Manufacturer#3,2-HIGH,1,HOUSEHOLD,TRUCK,2,0.07,18,Brand#34,JUMBO CAN,48,35,2,40345.928
F,F,R,COLLECT COD,Manufacturer#5,2-HIGH,3,FURNITURE,MAIL,2,0.06,9,Brand#55,JUMBO CASE,35,29,4,48414.195
F,F,A,COLLECT COD,Manufacturer#2,2-HIGH,0,BUILDING,AIR,3,0.03,12,Brand#22,JUMBO BOX,3,26,0,28830.776
O,O,N,COLLECT COD,Manufacturer#4,3-MEDIUM,4,HOUSEHOLD,SHIP,2,0.04,8,Brand#43,SM BAG,46,35,3,36699.5475
F,F,A,TAKE BACK RETURN,Manufacturer#2,1-URGENT,1,HOUSEHOLD,AIR,3,0.03,12,Brand#22,MED JAR,8,38,0,41286.3084
F,F,A,NONE,Manufacturer#5,1-URGENT,1,HOUSEHOLD,AIR,5,0.08,18,Brand#55,LG JAR,38,43,2,58426.0479
F,F,R,DELIVER IN PERSON,Manufacturer#4,2-HIGH,2,HOUSEHOLD,REG AIR,3,0.05,12,Brand#43,LG BAG,26,1,0,1564.66
O,P,N,DELIVER IN PERSON,Manufacturer#1,2-HIGH,0,AUTOMOBILE,TRUCK,2,0.03,18,Brand#11,JUMBO BOX,48,1,2,1257.7785
F,F,R,TAKE BACK RETURN,Manufacturer#1,2-HIGH,3,MACHINERY,MAIL,1,0.06,12,Brand#11,WRAP CASE,40,49,0,65029.7032
F,F,A,COLLECT COD,Manufacturer#3,2-HIGH,3,MACHINERY,RAIL,7,0.04,18,Brand#34,WRAP PACK,11,36,2,34648.1568
F,F,A,COLLECT COD,Manufacturer#3,2-HIGH,3,MACHINERY,SHIP,5,0.03,8,Brand#35,WRAP CASE,1,12,3,13388.7936
F,F,A,TAKE BACK RETURN,Manufacturer#4,2-HIGH,3,MACHINERY,REG AIR,2,0.02,18,Brand#43,JUMBO BOX,3,29,2,44870.0064
F,F,A,NONE,Manufacturer#4,5-LOW,2,FURNITURE,RAIL,1,0.08,18,Brand#43,MED JAR,42,21,2,31933.2342
F,F,A,TAKE BACK RETURN,Manufacturer#4,5-LOW,2,FURNITURE,TRUCK,2,0.01,21,Brand#45,LG JAR,47,19,1,21401.1136
O,O,N,DELIVER IN PERSON,Manufacturer#5,3-MEDIUM,4,BUILDING,REG AIR,4,0.08,18,Brand#54,SM DRUM,23,4,2,4089.2528
F,F,R,TAKE BACK RETURN,Manufacturer#5,5-LOW,2,MACHINERY,SHIP,6,0.06,12,Brand#53,SM CASE,37,16,0,29242.5728
F,F,R,COLLECT COD,Manufacturer#2,5-LOW,2,MACHINERY,RAIL,1,0.01,18,Brand#23,SM PACK,36,2,2,2713.2088
F,F,A,DELIVER IN PERSON,Manufacturer#4,5-LOW,2,MACHINERY,AIR,4,0.02,21,Brand#45,JUMBO CAN,13,28,1,31874.514
F,F,A,DELIVER IN PERSON,Manufacturer#3,5-LOW,2,MACHINERY,REG AIR,2,0.02,12,Brand#35,MED BAG,44,19,0,33615.2256
F,F,R,NONE,Manufacturer#4,4-NOT SPECIFIED,3,MACHINERY,RAIL,1,0.07,18,Brand#43,MED PACK,37,2,2,3327.0336
O,O,N,NONE,Manufacturer#5,1-URGENT,1,MACHINERY,FOB,1,0.03,21,Brand#51,WRAP CASE,1,5,1,7109.267
O,O,N,NONE,Manufacturer#5,1-URGENT,0,HOUSEHOLD,RAIL,7,0.05,9,Brand#55,JUMBO CASE,35,30,4,51196.62
O,O,N,NONE,Manufacturer#1,4-NOT SPECIFIED,3,FURNITURE,FOB,3,0.03,18,Brand#14,JUMBO PACK,17,46,2,61006.1568
O,O,N,COLLECT COD,Manufacturer#5,4-NOT SPECIFIED,3,FURNITURE,RAIL,5,0.03,21,Brand#54,LG CAN,35,33,1,33743.3415
O,O,N,DELIVER IN PERSON,Manufacturer#5,4-NOT SPECIFIED,3,FURNITURE,REG AIR,1,0.01,18,Brand#52,MED BOX,22,45,2,60964.398
F,F,A,COLLECT COD,Manufacturer#5,4-NOT SPECIFIED,0,BUILDING,AIR,1,0.04,8,Brand#51,WRAP CAN,50,7,3,11639.9794
F,F,R,TAKE BACK RETURN,Manufacturer#3,1-URGENT,2,AUTOMOBILE,SHIP,1,0.07,21,Brand#33,WRAP BOX,49,2,1,2022.9748
F,F,A,COLLECT COD,Manufacturer#1,5-LOW,3,MACHINERY,TRUCK,1,0.05,18,Brand#15,JUMBO DRUM,8,16,2,15362.984
F,F,R,DELIVER IN PERSON,Manufacturer#1,5-LOW,3,MACHINERY,AIR,2,0.08,18,Brand#15,JUMBO PACK,27,15,2,22952.6175
O,O,N,TAKE BACK RETURN,Manufacturer#1,5-LOW,3,AUTOMOBILE,AIR,1,0.08,21,Brand#12,WRAP PKG,41,31,1,42882.672
F,F,A,NONE,Manufacturer#4,1-URGENT,2,HOUSEHOLD,REG AIR,1,0.05,18,Brand#44,MED BAG,6,7,2,10661.9149
O,O,N,NONE,Manufacturer#3,1-URGENT,3,HOUSEHOLD,FOB,1,0.07,18,Brand#32,WRAP DRUM,27,35,2,41840.358
O,O,N,DELIVER IN PERSON,Manufacturer#1,1-URGENT,3,HOUSEHOLD,TRUCK,5,0.04,18,Brand#12,WRAP CASE,20,43,2,64922.5696
F,F,A,NONE,Manufacturer#3,3-MEDIUM,0,MACHINERY,FOB,5,0.07,9,Brand#33,SM DRUM,13,12,4,17426.268
F,F,R,COLLECT COD,Manufacturer#1,3-MEDIUM,0,MACHINERY,RAIL,1,0.08,21,Brand#12,JUMBO CAN,17,3,1,3574.662
O,O,N,TAKE BACK RETURN,Manufacturer#1,5-LOW,2,HOUSEHOLD,MAIL,1,0.05,18,Brand#14,MED JAR,32,26,2,29265.2958
O,O,N,TAKE BACK RETURN,Manufacturer#2,4-NOT SPECIFIED,3,BUILDING,SHIP,2,0,9,Brand#23,MED DRUM,19,32,4,50040.8384
F,F,A,NONE,Manufacturer#2,4-NOT SPECIFIED,0,HOUSEHOLD,FOB,2,0.01,9,Brand#25,JUMBO BAG,47,47,4,60252.496
O,O,N,COLLECT COD,Manufacturer#2,2-HIGH,0,FURNITURE,REG AIR,5,0.06,12,Brand#23,MED BAG,32,24,0,22187.004
F,F,A,TAKE BACK RETURN,Manufacturer#3,5-LOW,3,MACHINERY,TRUCK,2,0.06,8,Brand#34,SM CASE,21,14,3,23450.2156
F,F,R,TAKE BACK RETURN,Manufacturer#4,5-LOW,3,MACHINERY,SHIP,1,0.06,8,Brand#42,LG CAN,38,45,3,51365.6325
O,O,N,DELIVER IN PERSON,Manufacturer#2,4-NOT SPECIFIED,4,MACHINERY,MAIL,6,0.03,21,Brand#22,SM PACK,4,49,1,62644.491
O,O,N,DELIVER IN PERSON,Manufacturer#4,4-NOT SPECIFIED,4,MACHINERY,RAIL,1,0.05,9,Brand#42,JUMBO BOX,35,27,4,41086.197
O,O,N,DELIVER IN PERSON,Manufacturer#4,4-NOT SPECIFIED,4,MACHINERY,FOB,4,0.02,9,Brand#44,SM JAR,27,39,4,55440.021
O,O,N,DELIVER IN PERSON,Manufacturer#4,3-MEDIUM,1,AUTOMOBILE,RAIL,4,0.01,12,Brand#41,WRAP JAR,2,11,0,18354.105
O,O,N,TAKE BACK RETURN,Manufacturer#4,3-MEDIUM,2,AUTOMOBILE,RAIL,3,0,18,Brand#41,WRAP PKG,26,35,2,39876.3925
O,O,N,TAKE BACK RETURN,Manufacturer#2,4-NOT SPECIFIED,4,HOUSEHOLD,TRUCK,5,0.06,18,Brand#25,WRAP CASE,50,13,2,22930.5986
O,O,N,NONE,Manufacturer#5,4-NOT SPECIFIED,4,HOUSEHOLD,AIR,2,0,8,Brand#55,LG BAG,16,9,3,8777.0628
F,F,R,NONE,Manufacturer#4,1-URGENT,1,MACHINERY,RAIL,7,0.07,8,Brand#42,WRAP CAN,16,5,3,7253.6115
F,F,A,COLLECT COD,Manufacturer#1,1-URGENT,1,MACHINERY,AIR,1,0.01,18,Brand#13,JUMBO PKG,7,29,2,23777.39
O,O,N,COLLECT COD,Manufacturer#5,4-NOT SPECIFIED,4,BUILDING,REG AIR,1,0.05,21,Brand#51,MED BAG,15,30,1,40284.264
O,O,N,TAKE BACK RETURN,Manufacturer#4,3-MEDIUM,0,HOUSEHOLD,RAIL,4,0.01,21,Brand#43,SM DRUM,33,21,1,31350.375
F,F,N,TAKE BACK RETURN,Manufacturer#1,2-HIGH,0,BUILDING,FOB,1,0.02,12,Brand#15,JUMBO JAR,36,10,0,9286.497
F,F,R,NONE,Manufacturer#5,5-LOW,1,AUTOMOBILE,SHIP,3,0,18,Brand#52,LG PKG,39,24,2,26165.0664
O,O,N,NONE,Manufacturer#3,5-LOW,0,FURNITURE,MAIL,5,0.06,9,Brand#35,JUMBO CASE,32,15,4,17418.06
O,O,N,NONE,Manufacturer#3,5-LOW,0,FURNITURE,SHIP,2,0.06,12,Brand#34,LG CASE,9,16,0,19707.3696
O,O,N,TAKE BACK RETURN,Manufacturer#5,5-LOW,0,FURNITURE,TRUCK,7,0.04,18,Brand#52,WRAP PACK,43,41,2,55180.0796
O,O,N,TAKE BACK RETURN,Manufacturer#3,5-LOW,0,FURNITURE,REG AIR,3,0,18,Brand#34,MED BOX,28,21,2,37618.5936
O,O,N,DELIVER IN PERSON,Manufacturer#1,5-LOW,0,FURNITURE,SHIP,4,0.05,18,Brand#15,WRAP CASE,47,21,2,27625.9326
F,F,R,TAKE BACK RETURN,Manufacturer#4,4-NOT SPECIFIED,0,BUILDING,SHIP,2,0.08,9,Brand#45,MED PKG,8,45,4,59571.6975
F,F,A,NONE,Manufacturer#3,1-URGENT,3,BUILDING,FOB,3,0.01,8,Brand#32,JUMBO JAR,16,34,3,56564.7256
F,F,R,DELIVER IN PERSON,Manufacturer#4,5-LOW,4,BUILDING,REG AIR,5,0.07,12,Brand#45,WRAP PKG,15,34,0,34663.391
O,O,N,TAKE BACK RETURN,Manufacturer#3,3-MEDIUM,3,BUILDING,REG AIR,4,0.01,12,Brand#31,MED DRUM,25,43,0,44734.9812
O,O,N,NONE,Manufacturer#4,3-MEDIUM,3,BUILDING,FOB,3,0.03,21,Brand#42,SM PKG,2,35,1,32738.461
O,O,N,TAKE BACK RETURN,Manufacturer#4,3-MEDIUM,3,BUILDING,REG AIR,5,0.01,8,Brand#44,LG CASE,37,6,3,5798.1504
O,O,N,TAKE BACK RETURN,Manufacturer#3,2-HIGH,1,FURNITURE,AIR,1,0,21,Brand#35,WRAP BAG,10,30,1,49099.815
F,F,R,TAKE BACK RETURN,Manufacturer#3,3-MEDIUM,1,FURNITURE,MAIL,1,0.03,21,Brand#33,LG BAG,4,26,1,25222.522
F,F,R,COLLECT COD,Manufacturer#1,4-NOT SPECIFIED,3,BUILDING,TRUCK,2,0.04,8,Brand#13,SM BAG,9,2,3,2035.488
O,O,N,NONE,Manufacturer#1,2-HIGH,1,FURNITURE,TRUCK,1,0,18,Brand#11,JUMBO BOX,48,44,2,55342.254
F,F,A,COLLECT COD,Manufacturer#2,2-HIGH,3,AUTOMOBILE,SHIP,1,0.07,8,Brand#24,WRAP DRUM,6,49,3,84608.9958
F,F,A,NONE,Manufacturer#1,2-HIGH,4,BUILDING,REG AIR,1,0.08,9,Brand#11,LG PKG,20,14,4,17676.5736
O,O,N,COLLECT COD,Manufacturer#4,3-MEDIUM,0,FURNITURE,AIR,2,0,21,Brand#41,SM PACK,24,44,1,54793.1384
O,O,N,DELIVER IN PERSON,Manufacturer#5,3-MEDIUM,0,FURNITURE,TRUCK,1,0.04,18,Brand#55,MED BAG,42,24,2,23137.44
F,F,R,COLLECT COD,Manufacturer#5,2-HIGH,2,FURNITURE,TRUCK,3,0.02,21,Brand#53,JUMBO JAR,28,36,1,42333.8652
F,F,R,TAKE BACK RETURN,Manufacturer#2,3-MEDIUM,4,FURNITURE,RAIL,1,0.08,18,Brand#21,WRAP CASE,28,9,2,8546.715
F,F,R,NONE,Manufacturer#3,4-NOT SPECIFIED,1,BUILDING,RAIL,4,0.07,18,Brand#31,SM BOX,20,23,2,22660.7868
F,F,A,COLLECT COD,Manufacturer#2,2-HIGH,2,FURNITURE,TRUCK,2,0.02,18,Brand#25,JUMBO JAR,13,10,2,17365.44
F,F,A,TAKE BACK RETURN,Manufacturer#4,5-LOW,2,FURNITURE,FOB,1,0.01,9,Brand#43,LG DRUM,45,49,4,68564.622
O,O,N,NONE,Manufacturer#4,5-LOW,1,FURNITURE,AIR,1,0.04,9,Brand#43,LG DRUM,45,3,4,4333.248
F,F,R,COLLECT COD,Manufacturer#4,2-HIGH,0,AUTOMOBILE,RAIL,3,0.08,21,Brand#42,SM PKG,2,18,1,17911.62
F,F,R,NONE,Manufacturer#1,1-URGENT,3,BUILDING,FOB,2,0,9,Brand#15,JUMBO CASE,3,28,4,33804.4
F,F,A,TAKE BACK RETURN,Manufacturer#5,1-URGENT,3,BUILDING,SHIP,3,0.03,9,Brand#51,WRAP CASE,3,16,4,16981.6512
F,F,R,DELIVER IN PERSON,Manufacturer#2,5-LOW,4,BUILDING,AIR,1,0.07,9,Brand#21,WRAP CAN,20,45,4,47301.75
O,O,N,DELIVER IN PERSON,Manufacturer#3,5-LOW,0,BUILDING,TRUCK,4,0.01,9,Brand#33,MED CASE,10,14,4,19624.2256
O,O,N,NONE,Manufacturer#3,5-LOW,0,BUILDING,SHIP,1,0.01,12,Brand#33,SM CASE,46,15,0,13550.946
O,O,N,COLLECT COD,Manufacturer#5,3-MEDIUM,0,FURNITURE,TRUCK,1,0.05,18,Brand#53,LG PACK,11,29,2,33426.6905
F,F,R,DELIVER IN PERSON,Manufacturer#3,4-NOT SPECIFIED,4,FURNITURE,REG AIR,2,0.01,8,Brand#34,LG CASE,9,50,3,59598.9
F,F,A,NONE,Manufacturer#5,4-NOT SPECIFIED,4,FURNITURE,TRUCK,3,0,8,Brand#52,WRAP PACK,27,32,3,37430.2656
F,F,R,COLLECT COD,Manufacturer#4,4-NOT SPECIFIED,4,FURNITURE,REG AIR,1,0.06,8,Brand#44,MED BAG,6,10,3,16737.7
F,F,R,COLLECT COD,Manufacturer#1,4-NOT SPECIFIED,3,HOUSEHOLD,TRUCK,3,0.06,18,Brand#15,LG JAR,2,8,2,10162.872
F,F,R,DELIVER IN PERSON,Manufacturer#3,4-NOT SPECIFIED,3,HOUSEHOLD,FOB,2,0.07,21,Brand#32,LG DRUM,36,41,1,56828.952
F,F,A,TAKE BACK RETURN,Manufacturer#3,4-NOT SPECIFIED,3,HOUSEHOLD,RAIL,6,0,21,Brand#34,SM PKG,32,25,1,42964.605
O,O,N,NONE,Manufacturer#3,1-URGENT,2,HOUSEHOLD,AIR,3,0.04,21,Brand#35,SM JAR,39,2,1,1930.6386
F,F,R,NONE,Manufacturer#3,4-NOT SPECIFIED,1,BUILDING,AIR,6,0.07,21,Brand#31,WRAP JAR,8,47,1,65367.4026
F,F,A,NONE,Manufacturer#2,4-NOT SPECIFIED,1,BUILDING,AIR,1,0,18,Brand#24,MED DRUM,31,47,2,44604.88
F,F,R,TAKE BACK RETURN,Manufacturer#5,1-URGENT,1,AUTOMOBILE,REG AIR,4,0.08,18,Brand#51,LG PKG,8,20,2,22932.656
O,O,N,DELIVER IN PERSON,Manufacturer#4,1-URGENT,4,MACHINERY,SHIP,2,0.01,12,Brand#45,MED JAR,16,35,0,41870.15
F,F,R,COLLECT COD,Manufacturer#3,2-HIGH,2,AUTOMOBILE,TRUCK,1,0.08,9,Brand#33,JUMBO JAR,3,18,4,18744.849
F,F,A,TAKE BACK RETURN,Manufacturer#5,2-HIGH,2,AUTOMOBILE,AIR,2,0.07,21,Brand#53,SM BAG,24,2,1,1964.8632
O,O,N,NONE,Manufacturer#4,4-NOT SPECIFIED,2,MACHINERY,SHIP,2,0.04,12,Brand#43,LG CASE,7,31,0,51804.3387
O,O,N,COLLECT COD,Manufacturer#1,3-MEDIUM,1,HOUSEHOLD,AIR,4,0.02,9,Brand#15,MED CASE,8,38,4,37798.0528
F,F,R,DELIVER IN PERSON,Manufacturer#5,5-LOW,0,MACHINERY,FOB,3,0.06,21,Brand#51,SM CAN,15,20,1,32995.326
F,F,R,TAKE BACK RETURN,Manufacturer#3,2-HIGH,3,AUTOMOBILE,REG AIR,5,0.02,18,Brand#32,JUMBO JAR,21,25,2,44951.28
O,O,N,TAKE BACK RETURN,Manufacturer#2,3-MEDIUM,1,AUTOMOBILE,AIR,5,0.07,18,Brand#21,JUMBO DRUM,49,4,2,5615.712
F,F,R,TAKE BACK RETURN,Manufacturer#2,4-NOT SPECIFIED,4,AUTOMOBILE,AIR,1,0.02,21,Brand#24,LG CAN,2,29,1,41369.08
F,F,R,TAKE BACK RETURN,Manufacturer#1,3-MEDIUM,2,BUILDING,SHIP,2,0.07,12,Brand#12,JUMBO BAG,31,38,0,71364.7638
F,F,A,COLLECT COD,Manufacturer#1,3-MEDIUM,2,BUILDING,FOB,1,0.04,18,Brand#11,JUMBO CASE,27,43,2,37979.9736
F,F,R,COLLECT COD,Manufacturer#1,2-HIGH,4,AUTOMOBILE,FOB,1,0,18,Brand#15,LG CASE,45,7,2,6276.9686
F,F,A,DELIVER IN PERSON,Manufacturer#5,2-HIGH,4,AUTOMOBILE,MAIL,2,0.03,9,Brand#52,MED BAG,44,36,4,59046.57
F,F,R,TAKE BACK RETURN,Manufacturer#3,4-NOT SPECIFIED,4,MACHINERY,REG AIR,6,0,9,Brand#32,MED CASE,29,25,4,38379.705
F,F,R,DELIVER IN PERSON,Manufacturer#5,1-URGENT,0,AUTOMOBILE,TRUCK,3,0.06,21,Brand#54,LG DRUM,5,6,1,9504.9318
F,F,R,TAKE BACK RETURN,Manufacturer#1,1-URGENT,0,AUTOMOBILE,AIR,1,0.02,9,Brand#14,SM BOX,26,39,4,37870.9578
F,F,A,DELIVER IN PERSON,Manufacturer#5,2-HIGH,0,BUILDING,MAIL,4,0.03,9,Brand#55,JUMBO BAG,3,10,4,8695.188
F,F,A,DELIVER IN PERSON,Manufacturer#4,1-URGENT,4,HOUSEHOLD,MAIL,4,0.02,8,Brand#44,SM CASE,16,14,3,12864.8016
O,O,N,DELIVER IN PERSON,Manufacturer#3,5-LOW,1,HOUSEHOLD,SHIP,1,0.02,18,Brand#33,MED PKG,24,22,2,31715.4684
O,O,N,DELIVER IN PERSON,Manufacturer#3,5-LOW,1,HOUSEHOLD,MAIL,6,0.01,18,Brand#33,LG PACK,13,44,2,43077.1968
F,F,R,NONE,Manufacturer#3,1-URGENT,0,BUILDING,RAIL,5,0.06,9,Brand#32,MED CASE,29,7,4,10977.421
O,O,N,NONE,Manufacturer#3,5-LOW,2,HOUSEHOLD,AIR,3,0.01,8,Brand#31,SM PKG,27,12,3,15938.286
O,O,N,TAKE BACK RETURN,Manufacturer#2,5-LOW,1,BUILDING,FOB,1,0.04,18,Brand#24,MED DRUM,31,22,2,20252.5136
O,O,N,TAKE BACK RETURN,Manufacturer#4,3-MEDIUM,4,BUILDING,FOB,6,0,21,Brand#45,MED JAR,40,10,1,17615.328
O,O,N,DELIVER IN PERSON,Manufacturer#5,3-MEDIUM,4,BUILDING,FOB,2,0,9,Brand#53,SM CAN,36,7,4,9842.3766
O,O,N,DELIVER IN PERSON,Manufacturer#1,3-MEDIUM,4,BUILDING,RAIL,4,0,8,Brand#14,SM JAR,20,50,3,83640.375
O,O,N,TAKE BACK RETURN,Manufacturer#2,3-MEDIUM,4,BUILDING,REG AIR,3,0.02,9,Brand#24,WRAP CASE,15,49,4,86232.65
O,O,N,NONE,Manufacturer#2,3-MEDIUM,3,BUILDING,FOB,1,0.01,18,Brand#21,JUMBO DRUM,49,25,2,35853
F,F,A,DELIVER IN PERSON,Manufacturer#1,4-NOT SPECIFIED,4,BUILDING,SHIP,5,0,12,Brand#11,JUMBO JAR,45,26,0,25158.978
O,O,N,COLLECT COD,Manufacturer#5,5-LOW,4,MACHINERY,MAIL,6,0.04,9,Brand#52,SM DRUM,32,24,4,41147.6352
F,F,R,NONE,Manufacturer#4,4-NOT SPECIFIED,4,AUTOMOBILE,FOB,2,0.01,9,Brand#41,LG JAR,25,14,4,23708.5072
F,F,R,TAKE BACK RETURN,Manufacturer#2,1-URGENT,1,FURNITURE,REG AIR,3,0.01,21,Brand#23,SM PACK,36,47,1,63067.3589
F,F,A,DELIVER IN PERSON,Manufacturer#2,2-HIGH,4,BUILDING,RAIL,1,0.01,18,Brand#22,WRAP BAG,9,5,2,8607.2085
F,F,A,NONE,Manufacturer#3,2-HIGH,4,BUILDING,FOB,3,0.04,21,Brand#35,LG PKG,5,24,1,34390.7928
F,F,R,DELIVER IN PERSON,Manufacturer#2,5-LOW,1,AUTOMOBILE,SHIP,2,0.02,12,Brand#23,MED CAN,31,11,0,17570.7158
F,F,A,TAKE BACK RETURN,Manufacturer#5,5-LOW,1,AUTOMOBILE,AIR,1,0,8,Brand#51,MED CASE,48,23,3,40891.056
F,F,A,COLLECT COD,Manufacturer#1,5-LOW,1,AUTOMOBILE,TRUCK,3,0.08,12,Brand#15,SM CASE,34,47,0,61817.032
F,F,R,DELIVER IN PERSON,Manufacturer#1,5-LOW,1,AUTOMOBILE,FOB,4,0.06,8,Brand#15,SM JAR,15,47,3,55783.2096
O,O,N,TAKE BACK RETURN,Manufacturer#5,2-HIGH,0,MACHINERY,AIR,5,0.08,21,Brand#54,LG DRUM,5,27,1,42772.1931
O,O,N,TAKE BACK RETURN,Manufacturer#3,2-HIGH,0,MACHINERY,TRUCK,6,0.03,18,Brand#35,MED PKG,38,35,2,54167.4
O,O,N,TAKE BACK RETURN,Manufacturer#4,2-HIGH,0,MACHINERY,FOB,2,0.08,21,Brand#43,LG BOX,16,27,1,23273.7138
O,O,N,NONE,Manufacturer#2,3-MEDIUM,0,MACHINERY,FOB,2,0.07,12,Brand#21,JUMBO DRUM,13,29,0,46140.276
F,F,R,TAKE BACK RETURN,Manufacturer#4,3-MEDIUM,2,HOUSEHOLD,TRUCK,5,0.08,8,Brand#42,SM JAR,4,33,3,45558.216
F,F,A,DELIVER IN PERSON,Manufacturer#5,2-HIGH,0,AUTOMOBILE,RAIL,4,0,21,Brand#53,WRAP CAN,49,37,1,64138.8636
F,F,A,DELIVER IN PERSON,Manufacturer#3,2-HIGH,0,AUTOMOBILE,REG AIR,5,0,21,Brand#31,JUMBO CASE,1,19,1,17446.6132
F,F,A,NONE,Manufacturer#4,4-NOT SPECIFIED,1,BUILDING,TRUCK,3,0.07,12,Brand#45,MED PKG,8,8,0,11036.4408
F,F,R,COLLECT COD,Manufacturer#4,4-NOT SPECIFIED,1,BUILDING,FOB,2,0.07,8,Brand#45,JUMBO PACK,26,46,3,42551.6192
F,F,R,TAKE BACK RETURN,Manufacturer#5,4-NOT SPECIFIED,1,BUILDING,MAIL,5,0.01,8,Brand#51,MED PACK,41,26,3,25312.1856
O,O,N,DELIVER IN PERSON,Manufacturer#1,3-MEDIUM,1,FURNITURE,RAIL,2,0.04,8,Brand#14,JUMBO BOX,44,48,3,59968.512
O,O,N,TAKE BACK RETURN,Manufacturer#4,3-MEDIUM,1,FURNITURE,SHIP,3,0.07,18,Brand#44,WRAP CAN,41,48,2,46591.9488
F,F,A,NONE,Manufacturer#4,4-NOT SPECIFIED,2,BUILDING,RAIL,6,0.05,18,Brand#44,LG BOX,26,48,2,76064.7888
F,F,R,TAKE BACK RETURN,Manufacturer#5,4-NOT SPECIFIED,2,HOUSEHOLD,TRUCK,1,0,8,Brand#51,WRAP BAG,35,41,3,60599.8368
F,F,A,COLLECT COD,Manufacturer#3,3-MEDIUM,4,AUTOMOBILE,MAIL,5,0.08,9,Brand#34,MED CAN,34,2,4,2554.4256
F,F,A,NONE,Manufacturer#3,3-MEDIUM,4,AUTOMOBILE,MAIL,4,0.01,18,Brand#34,MED JAR,48,6,2,9424.8792
F,F,A,DELIVER IN PERSON,Manufacturer#2,3-MEDIUM,1,FURNITURE,RAIL,2,0,12,Brand#21,LG DRUM,21,10,0,14115.04
O,O,N,COLLECT COD,Manufacturer#1,1-URGENT,1,BUILDING,MAIL,4,0.05,21,Brand#15,LG DRUM,17,12,1,19660.0152
O,O,N,DELIVER IN PERSON,Manufacturer#4,1-URGENT,1,BUILDING,MAIL,2,0.06,21,Brand#44,JUMBO PKG,46,22,1,18414.396
O,O,N,DELIVER IN PERSON,Manufacturer#5,5-LOW,0,MACHINERY,AIR,3,0.01,21,Brand#51,WRAP CASE,1,26,1,36574.9098
O,O,N,DELIVER IN PERSON,Manufacturer#5,5-LOW,0,MACHINERY,AIR,4,0.05,8,Brand#54,MED JAR,10,45,3,60747.3675
O,O,N,COLLECT COD,Manufacturer#4,4-NOT SPECIFIED,0,FURNITURE,TRUCK,2,0.01,8,Brand#45,LG CASE,45,17,3,26013.1212
O,O,N,DELIVER IN PERSON,Manufacturer#4,4-NOT SPECIFIED,0,FURNITURE,AIR,1,0.07,8,Brand#43,JUMBO PACK,14,14,3,12828.6116
F,F,R,TAKE BACK RETURN,Manufacturer#4,4-NOT SPECIFIED,3,BUILDING,REG AIR,4,0.04,21,Brand#43,WRAP CASE,30,18,1,16693.0218
F,F,A,TAKE BACK RETURN,Manufacturer#1,4-NOT SPECIFIED,3,BUILDING,REG AIR,3,0.05,21,Brand#13,SM CASE,5,34,1,43995.32
F,F,R,TAKE BACK RETURN,Manufacturer#4,4-NOT SPECIFIED,3,BUILDING,RAIL,1,0,21,Brand#41,JUMBO JAR,22,39,1,51947.2512
F,F,A,TAKE BACK RETURN,Manufacturer#3,3-MEDIUM,3,MACHINERY,RAIL,2,0.03,9,Brand#33,JUMBO CASE,7,50,4,61021.66
O,O,N,TAKE BACK RETURN,Manufacturer#5,3-MEDIUM,2,AUTOMOBILE,TRUCK,2,0.08,18,Brand#52,LG BAG,41,25,2,44126.28
F,F,R,COLLECT COD,Manufacturer#3,5-LOW,4,AUTOMOBILE,REG AIR,4,0.08,12,Brand#34,LG CASE,9,42,0,51731.8452
F,F,R,DELIVER IN PERSON,Manufacturer#4,5-LOW,4,AUTOMOBILE,FOB,3,0.01,12,Brand#41,JUMBO CASE,29,29,0,48855.024
F,F,A,TAKE BACK RETURN,Manufacturer#2,4-NOT SPECIFIED,1,BUILDING,MAIL,4,0.01,9,Brand#24,JUMBO BOX,38,27,4,45697.9401
F,F,R,DELIVER IN PERSON,Manufacturer#2,4-NOT SPECIFIED,1,BUILDING,FOB,3,0.08,12,Brand#21,SM CASE,25,27,0,34803.6507
O,O,N,TAKE BACK RETURN,Manufacturer#3,4-NOT SPECIFIED,2,AUTOMOBILE,AIR,3,0.08,21,Brand#32,WRAP BOX,46,48,1,49686.9696
O,O,N,COLLECT COD,Manufacturer#4,2-HIGH,2,AUTOMOBILE,TRUCK,2,0,21,Brand#42,SM CAN,44,14,1,21984.2112
O,O,N,COLLECT COD,Manufacturer#3,1-URGENT,3,MACHINERY,REG AIR,4,0.02,21,Brand#35,WRAP CAN,14,39,1,41244.4305
O,O,N,TAKE BACK RETURN,Manufacturer#3,4-NOT SPECIFIED,2,FURNITURE,RAIL,3,0.03,21,Brand#32,JUMBO JAR,16,9,1,15769.4526
O,O,N,DELIVER IN PERSON,Manufacturer#1,3-MEDIUM,4,MACHINERY,RAIL,5,0.03,18,Brand#15,LG DRUM,17,50,2,81080.845
O,O,N,NONE,Manufacturer#3,3-MEDIUM,4,MACHINERY,TRUCK,6,0.08,18,Brand#33,SM PKG,7,31,2,33167.179
O,O,N,NONE,Manufacturer#1,3-MEDIUM,4,MACHINERY,FOB,2,0.08,12,Brand#12,JUMBO CAN,37,49,0,74465.6626
O,O,N,NONE,Manufacturer#1,2-HIGH,3,MACHINERY,TRUCK,2,0.05,18,Brand#15,JUMBO PACK,27,44,2,70871.24
O,O,N,DELIVER IN PERSON,Manufacturer#1,2-HIGH,3,MACHINERY,REG AIR,1,0.05,8,Brand#14,LG PKG,30,5,3,5091.737
O,O,N,COLLECT COD,Manufacturer#4,3-MEDIUM,3,HOUSEHOLD,RAIL,5,0.06,21,Brand#42,WRAP CAN,16,23,1,33366.6129
O,O,N,DELIVER IN PERSON,Manufacturer#3,3-MEDIUM,3,HOUSEHOLD,TRUCK,1,0.04,9,Brand#32,LG CAN,33,16,4,16549.056
O,O,N,NONE,Manufacturer#5,2-HIGH,3,AUTOMOBILE,REG AIR,2,0.03,8,Brand#54,MED JAR,22,47,3,68737.7632
O,O,N,NONE,Manufacturer#1,2-HIGH,3,AUTOMOBILE,AIR,3,0.04,12,Brand#14,LG CAN,41,48,0,67645.6704
O,O,N,DELIVER IN PERSON,Manufacturer#1,5-LOW,4,HOUSEHOLD,REG AIR,1,0.05,8,Brand#13,JUMBO BOX,8,11,3,10068.8434
O,O,N,TAKE BACK RETURN,Manufacturer#1,5-LOW,4,HOUSEHOLD,TRUCK,7,0.05,12,Brand#11,JUMBO CASE,20,14,0,12812.7216
F,F,A,DELIVER IN PERSON,Manufacturer#1,2-HIGH,2,FURNITURE,REG AIR,6,0.07,18,Brand#11,LG JAR,40,4,2,3899.0588
F,F,A,NONE,Manufacturer#5,2-HIGH,2,FURNITURE,TRUCK,4,0.07,18,Brand#55,SM PACK,36,27,2,40244.3397
O,O,N,NONE,Manufacturer#4,1-URGENT,4,BUILDING,AIR,4,0.04,8,Brand#42,JUMBO PKG,20,22,3,29219.0976
O,O,N,COLLECT COD,Manufacturer#1,1-URGENT,0,AUTOMOBILE,SHIP,1,0.02,18,Brand#13,MED CASE,47,13,2,18465.0336
O,O,N,TAKE BACK RETURN,Manufacturer#1,1-URGENT,0,AUTOMOBILE,SHIP,3,0,18,Brand#15,LG CASE,41,37,2,53903.6091
O,O,N,NONE,Manufacturer#1,1-URGENT,0,AUTOMOBILE,REG AIR,5,0.04,18,Brand#11,JUMBO PACK,12,21,2,36341.3988
O,O,N,DELIVER IN PERSON,Manufacturer#2,1-URGENT,0,AUTOMOBILE,FOB,2,0.05,21,Brand#21,SM BOX,11,15,1,18278.784
O,O,N,TAKE BACK RETURN,Manufacturer#5,2-HIGH,4,MACHINERY,MAIL,3,0.03,21,Brand#51,JUMBO BAG,22,7,1,12488.7742
O,O,N,TAKE BACK RETURN,Manufacturer#2,2-HIGH,1,BUILDING,FOB,1,0.03,9,Brand#25,JUMBO PKG,39,12,4,19226.6712
O,O,N,NONE,Manufacturer#5,2-HIGH,1,BUILDING,FOB,7,0.02,12,Brand#52,WRAP PACK,36,5,0,7077.936
O,O,N,TAKE BACK RETURN,Manufacturer#5,2-HIGH,1,BUILDING,FOB,6,0.03,21,Brand#51,JUMBO CAN,28,35,1,55725.691
F,F,A,COLLECT COD,Manufacturer#1,2-HIGH,3,HOUSEHOLD,RAIL,3,0.02,18,Brand#14,JUMBO JAR,37,13,2,13405.6416
F,F,A,NONE,Manufacturer#3,5-LOW,3,AUTOMOBILE,MAIL,1,0.02,9,Brand#32,MED CASE,15,22,4,30043.6224
O,O,N,COLLECT COD,Manufacturer#1,5-LOW,2,HOUSEHOLD,RAIL,5,0.01,9,Brand#13,WRAP BOX,26,23,4,26087.29
O,O,N,NONE,Manufacturer#3,5-LOW,2,HOUSEHOLD,REG AIR,4,0.02,9,Brand#35,SM DRUM,21,11,4,12649.1288
O,O,N,NONE,Manufacturer#5,2-HIGH,2,FURNITURE,RAIL,5,0.03,12,Brand#52,LG JAR,14,28,0,28759.36
O,O,N,COLLECT COD,Manufacturer#5,2-HIGH,2,AUTOMOBILE,TRUCK,4,0.05,12,Brand#54,MED JAR,2,15,0,25852.9635
O,O,N,DELIVER IN PERSON,Manufacturer#4,2-HIGH,2,AUTOMOBILE,REG AIR,2,0.07,18,Brand#45,SM JAR,47,35,2,40841.192
F,F,R,TAKE BACK RETURN,Manufacturer#1,3-MEDIUM,4,FURNITURE,SHIP,2,0.07,18,Brand#13,MED BAG,38,39,2,61451.13
F,F,A,DELIVER IN PERSON,Manufacturer#1,3-MEDIUM,4,FURNITURE,AIR,5,0.05,8,Brand#13,MED JAR,38,25,3,34962.25
O,O,N,TAKE BACK RETURN,Manufacturer#3,4-NOT SPECIFIED,2,BUILDING,FOB,2,0.04,18,Brand#33,LG PACK,13,35,2,33521.04
F,F,A,COLLECT COD,Manufacturer#1,3-MEDIUM,4,AUTOMOBILE,REG AIR,1,0.04,12,Brand#14,SM PACK,9,30,0,31857.3
O,O,N,COLLECT COD,Manufacturer#1,2-HIGH,4,AUTOMOBILE,TRUCK,3,0.03,8,Brand#12,WRAP DRUM,20,4,3,6930.816
O,O,N,COLLECT COD,Manufacturer#2,2-HIGH,4,AUTOMOBILE,RAIL,1,0.07,12,Brand#24,LG PACK,50,1,0,911.0784
O,O,N,TAKE BACK RETURN,Manufacturer#4,5-LOW,0,MACHINERY,AIR,3,0,21,Brand#45,LG PKG,38,36,1,42040.7856
F,F,A,NONE,Manufacturer#5,2-HIGH,1,MACHINERY,REG AIR,5,0.04,21,Brand#53,WRAP CASE,1,27,1,32029.56
F,F,A,DELIVER IN PERSON,Manufacturer#1,2-HIGH,1,MACHINERY,AIR,6,0.02,21,Brand#11,WRAP DRUM,22,39,1,43589.6175
O,O,N,NONE,Manufacturer#1,3-MEDIUM,3,BUILDING,TRUCK,6,0.03,12,Brand#12,JUMBO BAG,31,50,0,89158.53
O,O,N,NONE,Manufacturer#4,3-MEDIUM,3,BUILDING,MAIL,2,0,9,Brand#43,LG DRUM,45,27,4,37374.264
O,O,N,TAKE BACK RETURN,Manufacturer#4,5-LOW,2,AUTOMOBILE,REG AIR,1,0,21,Brand#41,SM PACK,24,27,1,36578.9358
O,O,N,NONE,Manufacturer#5,5-LOW,2,AUTOMOBILE,REG AIR,4,0.05,21,Brand#53,WRAP DRUM,16,3,1,3402.315
O,O,N,COLLECT COD,Manufacturer#5,5-LOW,2,AUTOMOBILE,TRUCK,3,0,18,Brand#51,WRAP BAG,2,7,2,10251.906
F,F,R,TAKE BACK RETURN,Manufacturer#4,4-NOT SPECIFIED,1,AUTOMOBILE,REG AIR,1,0.02,21,Brand#45,MED CASE,23,14,1,15122.9568
O,O,N,DELIVER IN PERSON,Manufacturer#4,5-LOW,0,HOUSEHOLD,AIR,5,0.03,12,Brand#43,MED PACK,12,9,0,13744.9224
O,O,N,COLLECT COD,Manufacturer#4,5-LOW,0,HOUSEHOLD,SHIP,3,0.04,9,Brand#42,MED PACK,24,23,4,39061.2404
F,F,R,DELIVER IN PERSON,Manufacturer#3,1-URGENT,4,AUTOMOBILE,SHIP,3,0.07,9,Brand#33,SM BOX,32,36,4,57311.3988
O,O,N,NONE,Manufacturer#3,4-NOT SPECIFIED,4,FURNITURE,SHIP,7,0.01,8,Brand#35,LG BOX,13,50,3,90159.075
O,O,N,TAKE BACK RETURN,Manufacturer#1,4-NOT SPECIFIED,4,FURNITURE,RAIL,5,0,18,Brand#11,SM JAR,35,34,2,49959.1274
O,O,N,COLLECT COD,Manufacturer#3,4-NOT SPECIFIED,4,FURNITURE,MAIL,1,0.01,18,Brand#31,MED PKG,21,5,2,6400.464
O,O,N,DELIVER IN PERSON,Manufacturer#2,4-NOT SPECIFIED,4,FURNITURE,REG AIR,3,0.03,9,Brand#24,WRAP CAN,46,14,4,14957.2962
O,O,N,NONE,Manufacturer#5,4-NOT SPECIFIED,4,FURNITURE,REG AIR,6,0.08,18,Brand#51,LG BOX,48,15,2,15618.876
O,O,N,TAKE BACK RETURN,Manufacturer#2,3-MEDIUM,1,BUILDING,AIR,3,0.05,9,Brand#23,WRAP BOX,33,12,4,10917.8388
O,O,N,TAKE BACK RETURN,Manufacturer#4,3-MEDIUM,1,BUILDING,TRUCK,4,0,18,Brand#45,SM CAN,21,39,2,36382.437
O,O,N,DELIVER IN PERSON,Manufacturer#2,2-HIGH,4,HOUSEHOLD,MAIL,4,0.08,9,Brand#25,WRAP PKG,37,19,4,27750.64
O,O,N,COLLECT COD,Manufacturer#5,2-HIGH,4,HOUSEHOLD,MAIL,1,0.02,8,Brand#53,LG BAG,2,46,3,42792.811
O,O,N,COLLECT COD,Manufacturer#5,2-HIGH,4,HOUSEHOLD,AIR,6,0.08,21,Brand#54,MED CASE,41,46,1,61882.9812
O,O,N,TAKE BACK RETURN,Manufacturer#5,2-HIGH,0,HOUSEHOLD,RAIL,6,0.01,8,Brand#55,SM CAN,14,15,3,21068.775
O,O,N,NONE,Manufacturer#3,2-HIGH,0,HOUSEHOLD,AIR,5,0.03,21,Brand#33,JUMBO CAN,47,37,1,52744.24
O,P,N,DELIVER IN PERSON,Manufacturer#2,2-HIGH,0,FURNITURE,AIR,5,0.06,18,Brand#21,MED PACK,12,34,2,59978.0808
O,P,N,DELIVER IN PERSON,Manufacturer#4,2-HIGH,0,FURNITURE,REG AIR,2,0,21,Brand#45,JUMBO CAN,13,38,1,45535.02
F,F,A,TAKE BACK RETURN,Manufacturer#5,3-MEDIUM,2,FURNITURE,RAIL,5,0.04,21,Brand#53,LG DRUM,9,33,1,53246.7936
O,O,N,COLLECT COD,Manufacturer#4,3-MEDIUM,2,BUILDING,TRUCK,1,0.06,18,Brand#41,SM CAN,47,49,2,40881.582
F,F,R,TAKE BACK RETURN,Manufacturer#3,1-URGENT,1,FURNITURE,REG AIR,1,0.08,18,Brand#34,MED JAR,48,38,2,60293.84
F,F,R,NONE,Manufacturer#5,1-URGENT,1,FURNITURE,TRUCK,4,0.03,8,Brand#54,MED DRUM,42,16,3,26080.312
F,F,R,NONE,Manufacturer#3,1-URGENT,1,FURNITURE,MAIL,5,0.02,12,Brand#34,MED DRUM,47,36,0,64842.858
F,F,A,TAKE BACK RETURN,Manufacturer#5,1-URGENT,2,FURNITURE,TRUCK,2,0.04,9,Brand#55,JUMBO CASE,25,5,4,4675.536
F,F,R,TAKE BACK RETURN,Manufacturer#3,1-URGENT,2,FURNITURE,REG AIR,1,0.01,18,Brand#35,SM JAR,7,7,2,8181.1772
F,F,A,NONE,Manufacturer#2,2-HIGH,0,AUTOMOBILE,TRUCK,4,0.02,18,Brand#22,JUMBO CASE,1,9,2,16219.3626
F,F,R,COLLECT COD,Manufacturer#1,2-HIGH,0,AUTOMOBILE,TRUCK,5,0.02,9,Brand#13,WRAP BOX,5,28,4,30447.5304
F,F,R,DELIVER IN PERSON,Manufacturer#1,2-HIGH,0,AUTOMOBILE,RAIL,7,0.02,21,Brand#11,WRAP JAR,24,34,1,56834.6142
O,O,N,DELIVER IN PERSON,Manufacturer#1,2-HIGH,0,MACHINERY,REG AIR,1,0.04,21,Brand#11,MED CASE,36,1,1,1109.847
F,F,R,COLLECT COD,Manufacturer#4,4-NOT SPECIFIED,0,FURNITURE,TRUCK,6,0.03,18,Brand#41,SM CAN,26,32,2,47696.352
F,F,A,NONE,Manufacturer#4,4-NOT SPECIFIED,0,FURNITURE,AIR,1,0.01,21,Brand#41,MED BOX,46,42,1,55549.368
F,F,R,COLLECT COD,Manufacturer#5,4-NOT SPECIFIED,0,FURNITURE,SHIP,3,0.01,21,Brand#51,LG BOX,48,14,1,15538.7792
O,O,N,DELIVER IN PERSON,Manufacturer#1,4-NOT SPECIFIED,0,FURNITURE,RAIL,6,0.03,12,Brand#11,WRAP CASE,40,48,0,63010.1472
O,O,N,NONE,Manufacturer#5,4-NOT SPECIFIED,0,FURNITURE,SHIP,3,0,8,Brand#54,WRAP JAR,50,24,3,43579.4616
F,F,A,DELIVER IN PERSON,Manufacturer#3,2-HIGH,3,FURNITURE,AIR,1,0,12,Brand#32,WRAP BOX,20,36,0,54392.148
F,F,R,DELIVER IN PERSON,Manufacturer#3,4-NOT SPECIFIED,4,BUILDING,SHIP,3,0.06,9,Brand#34,SM PACK,48,18,4,20764.8288
O,O,N,NONE,Manufacturer#4,5-LOW,1,FURNITURE,AIR,1,0.03,18,Brand#44,LG BOX,26,14,2,20168.694
O,O,N,COLLECT COD,Manufacturer#4,1-URGENT,0,HOUSEHOLD,RAIL,2,0.05,21,Brand#43,SM CASE,20,34,1,46897.9
O,O,N,TAKE BACK RETURN,Manufacturer#4,1-URGENT,0,HOUSEHOLD,TRUCK,5,0.04,21,Brand#41,SM PACK,24,50,1,67738.77
O,O,N,TAKE BACK RETURN,Manufacturer#4,1-URGENT,0,HOUSEHOLD,FOB,3,0,21,Brand#44,LG DRUM,18,8,1,8721.432
O,O,N,DELIVER IN PERSON,Manufacturer#2,1-URGENT,0,HOUSEHOLD,FOB,1,0.02,21,Brand#23,LG PACK,13,27,1,40338.9855
O,O,N,NONE,Manufacturer#3,1-URGENT,0,HOUSEHOLD,TRUCK,4,0.01,12,Brand#34,MED JAR,50,45,0,60213.8655
F,F,A,TAKE BACK RETURN,Manufacturer#4,1-URGENT,1,FURNITURE,REG AIR,2,0.03,21,Brand#42,SM CAN,44,13,1,21264.49
F,F,R,NONE,Manufacturer#2,1-URGENT,1,FURNITURE,MAIL,3,0,9,Brand#24,JUMBO BOX,27,35,4,51840.81
F,F,R,COLLECT COD,Manufacturer#2,1-URGENT,2,AUTOMOBILE,FOB,4,0.03,9,Brand#22,WRAP JAR,3,37,4,46752.9188
F,F,A,DELIVER IN PERSON,Manufacturer#2,1-URGENT,2,AUTOMOBILE,TRUCK,6,0.06,18,Brand#25,SM CAN,1,17,2,23519.7567
F,F,R,TAKE BACK RETURN,Manufacturer#2,4-NOT SPECIFIED,4,AUTOMOBILE,RAIL,2,0.03,9,Brand#25,LG CAN,33,28,4,42192.4608
F,F,R,DELIVER IN PERSON,Manufacturer#3,4-NOT SPECIFIED,4,AUTOMOBILE,AIR,5,0.08,9,Brand#35,SM BAG,21,42,4,41459.922
O,O,N,TAKE BACK RETURN,Manufacturer#4,2-HIGH,0,HOUSEHOLD,SHIP,5,0.05,8,Brand#41,MED CAN,8,14,3,21472.9536
O,O,N,DELIVER IN PERSON,Manufacturer#3,2-HIGH,0,HOUSEHOLD,AIR,3,0.04,8,Brand#33,LG JAR,27,17,3,24919.416
O,O,N,COLLECT COD,Manufacturer#2,1-URGENT,0,FURNITURE,AIR,1,0.01,12,Brand#25,SM BAG,36,45,0,53441.568
O,O,N,TAKE BACK RETURN,Manufacturer#1,1-URGENT,0,FURNITURE,AIR,4,0.03,18,Brand#12,MED CAN,7,3,2,3402.0864
F,F,A,TAKE BACK RETURN,Manufacturer#2,3-MEDIUM,1,MACHINERY,TRUCK,1,0,8,Brand#21,JUMBO DRUM,13,4,3,6843.2
F,F,A,NONE,Manufacturer#1,3-MEDIUM,3,BUILDING,RAIL,2,0.01,12,Brand#12,MED CASE,28,9,0,11063.88
F,F,A,NONE,Manufacturer#4,5-LOW,2,AUTOMOBILE,RAIL,4,0.07,8,Brand#44,LG CASE,37,25,3,23665.92
F,F,R,COLLECT COD,Manufacturer#2,1-URGENT,3,FURNITURE,MAIL,2,0.04,18,Brand#21,JUMBO CASE,31,21,2,24369.4752
F,F,R,COLLECT COD,Manufacturer#2,1-URGENT,3,FURNITURE,FOB,1,0.02,8,Brand#22,WRAP BAG,9,28,3,43818.516
O,O,N,COLLECT COD,Manufacturer#2,3-MEDIUM,1,AUTOMOBILE,REG AIR,1,0.07,8,Brand#25,MED CAN,25,13,3,11548.3888
F,F,R,TAKE BACK RETURN,Manufacturer#1,2-HIGH,2,FURNITURE,AIR,4,0.03,21,Brand#11,MED BAG,20,16,1,15333.864
F,F,R,TAKE BACK RETURN,Manufacturer#4,2-HIGH,2,FURNITURE,SHIP,2,0.06,9,Brand#42,JUMBO DRUM,13,46,4,60211.2676
F,F,R,COLLECT COD,Manufacturer#1,5-LOW,2,FURNITURE,REG AIR,1,0.08,8,Brand#14,MED BOX,1,3,3,4294.017
F,F,R,COLLECT COD,Manufacturer#5,5-LOW,2,FURNITURE,FOB,2,0,21,Brand#53,WRAP DRUM,16,7,1,7776.72
F,F,A,DELIVER IN PERSON,Manufacturer#2,5-LOW,3,BUILDING,FOB,3,0,8,Brand#23,SM PACK,27,34,3,41599.17
F,F,R,TAKE BACK RETURN,Manufacturer#1,5-LOW,3,BUILDING,FOB,7,0.03,12,Brand#13,MED JAR,17,49,0,82221.2846
F,F,R,DELIVER IN PERSON,Manufacturer#2,5-LOW,3,BUILDING,FOB,2,0.01,12,Brand#24,LG PACK,50,30,0,28471.2
F,F,R,COLLECT COD,Manufacturer#5,1-URGENT,4,FURNITURE,FOB,1,0.08,9,Brand#54,LG JAR,19,35,4,32389.9975
O,O,N,DELIVER IN PERSON,Manufacturer#2,4-NOT SPECIFIED,4,HOUSEHOLD,AIR,2,0.03,18,Brand#22,SM PKG,45,5,2,4613.2185
F,F,A,TAKE BACK RETURN,Manufacturer#4,3-MEDIUM,4,MACHINERY,SHIP,1,0.03,12,Brand#42,WRAP JAR,32,2,0,2670.45
O,O,N,DELIVER IN PERSON,Manufacturer#1,1-URGENT,1,AUTOMOBILE,MAIL,2,0.05,18,Brand#11,WRAP CASE,45,34,2,29913.7848
O,O,N,DELIVER IN PERSON,Manufacturer#5,1-URGENT,1,AUTOMOBILE,AIR,1,0.05,9,Brand#55,JUMBO CASE,35,44,4,79985.444
F,F,R,COLLECT COD,Manufacturer#2,1-URGENT,1,BUILDING,SHIP,7,0.04,8,Brand#25,JUMBO PACK,8,18,3,22882.662
F,F,R,TAKE BACK RETURN,Manufacturer#5,1-URGENT,1,BUILDING,MAIL,4,0.03,9,Brand#53,MED PKG,47,28,4,45592.1928
O,O,N,DELIVER IN PERSON,Manufacturer#5,3-MEDIUM,4,HOUSEHOLD,AIR,1,0.05,9,Brand#51,LG BOX,48,25,4,27747.82
F,P,N,NONE,Manufacturer#1,4-NOT SPECIFIED,2,HOUSEHOLD,SHIP,5,0.08,12,Brand#13,WRAP PACK,28,15,0,14202.6345
O,O,N,NONE,Manufacturer#5,4-NOT SPECIFIED,0,BUILDING,AIR,3,0.08,21,Brand#52,MED BAG,26,16,1,16707.688
O,O,N,DELIVER IN PERSON,Manufacturer#1,3-MEDIUM,1,HOUSEHOLD,RAIL,4,0.05,8,Brand#13,MED PKG,6,26,3,25768.34
O,O,N,COLLECT COD,Manufacturer#3,3-MEDIUM,1,HOUSEHOLD,TRUCK,3,0.02,21,Brand#35,WRAP BAG,3,32,1,49039.9744
O,O,N,COLLECT COD,Manufacturer#2,3-MEDIUM,1,HOUSEHOLD,REG AIR,1,0.04,9,Brand#22,WRAP BAG,2,20,4,20722.6
F,F,A,TAKE BACK RETURN,Manufacturer#2,5-LOW,3,BUILDING,AIR,5,0.03,21,Brand#23,SM DRUM,40,38,1,66953.4236
O,O,N,TAKE BACK RETURN,Manufacturer#1,2-HIGH,3,MACHINERY,RAIL,6,0,18,Brand#11,JUMBO PACK,12,25,2,41497.71
O,O,N,DELIVER IN PERSON,Manufacturer#5,2-HIGH,3,MACHINERY,MAIL,7,0.02,8,Brand#52,JUMBO PKG,8,50,3,79319.7
O,O,N,TAKE BACK RETURN,Manufacturer#2,2-HIGH,3,MACHINERY,RAIL,3,0.01,18,Brand#21,JUMBO BOX,23,32,2,36904
O,O,N,TAKE BACK RETURN,Manufacturer#4,2-HIGH,0,BUILDING,RAIL,4,0.05,9,Brand#45,MED BOX,34,18,4,20655.9504
O,O,N,TAKE BACK RETURN,Manufacturer#3,5-LOW,4,BUILDING,SHIP,2,0.03,18,Brand#32,MED CASE,29,20,2,24003.738
O,O,N,COLLECT COD,Manufacturer#3,4-NOT SPECIFIED,4,BUILDING,MAIL,2,0.04,21,Brand#33,MED PACK,33,18,1,20741.994
O,O,N,COLLECT COD,Manufacturer#1,3-MEDIUM,3,MACHINERY,SHIP,1,0.04,21,Brand#13,LG PKG,34,37,1,69077.52
O,O,N,DELIVER IN PERSON,Manufacturer#4,1-URGENT,0,HOUSEHOLD,TRUCK,1,0.02,18,Brand#42,SM CASE,16,36,2,36770.814
F,F,A,COLLECT COD,Manufacturer#3,5-LOW,4,HOUSEHOLD,FOB,1,0.06,18,Brand#33,SM BOX,32,29,2,48649.6402
F,F,A,DELIVER IN PERSON,Manufacturer#3,3-MEDIUM,4,AUTOMOBILE,SHIP,2,0.03,18,Brand#31,WRAP PKG,40,19,2,16985.772
O,O,N,NONE,Manufacturer#2,4-NOT SPECIFIED,2,AUTOMOBILE,TRUCK,2,0.07,12,Brand#21,SM DRUM,41,50,0,86947.18
O,O,N,TAKE BACK RETURN,Manufacturer#1,5-LOW,0,HOUSEHOLD,SHIP,5,0.07,12,Brand#14,JUMBO JAR,9,39,0,54870.5664
F,F,A,NONE,Manufacturer#4,2-HIGH,0,HOUSEHOLD,AIR,4,0.03,12,Brand#43,LG CASE,7,31,0,55703.59
F,F,A,TAKE BACK RETURN,Manufacturer#5,2-HIGH,0,HOUSEHOLD,MAIL,2,0.06,21,Brand#51,SM PACK,33,25,1,44982.5375
F,F,R,NONE,Manufacturer#1,1-URGENT,0,AUTOMOBILE,REG AIR,5,0.06,12,Brand#14,LG PACK,44,16,0,24279.2448
O,O,N,TAKE BACK RETURN,Manufacturer#3,3-MEDIUM,2,MACHINERY,RAIL,2,0.06,9,Brand#34,MED CAN,34,29,4,37039.1712
O,O,N,NONE,Manufacturer#3,3-MEDIUM,2,MACHINERY,SHIP,6,0.04,9,Brand#33,MED BAG,29,33,4,36695.5974
O,O,N,TAKE BACK RETURN,Manufacturer#4,3-MEDIUM,2,MACHINERY,SHIP,5,0.04,18,Brand#43,JUMBO PKG,13,9,2,8096.643
F,F,R,COLLECT COD,Manufacturer#4,2-HIGH,0,MACHINERY,REG AIR,1,0.06,18,Brand#43,JUMBO PACK,14,3,2,2552.6319
O,O,N,NONE,Manufacturer#1,3-MEDIUM,0,BUILDING,AIR,5,0.03,18,Brand#14,JUMBO PACK,17,29,2,38861.0324
F,F,R,DELIVER IN PERSON,Manufacturer#2,1-URGENT,1,MACHINERY,TRUCK,1,0.07,9,Brand#22,WRAP PKG,31,31,4,55597.6258
F,F,R,TAKE BACK RETURN,Manufacturer#5,1-URGENT,1,MACHINERY,RAIL,3,0.05,8,Brand#55,WRAP PKG,27,8,3,13814.56
F,F,A,COLLECT COD,Manufacturer#2,2-HIGH,2,HOUSEHOLD,RAIL,2,0.03,8,Brand#24,WRAP CAN,19,7,3,7114.1644
F,F,R,NONE,Manufacturer#3,4-NOT SPECIFIED,3,AUTOMOBILE,REG AIR,1,0.05,18,Brand#32,WRAP BOX,20,46,2,75678.9516
O,O,N,COLLECT COD,Manufacturer#5,1-URGENT,4,HOUSEHOLD,REG AIR,4,0.08,18,Brand#53,SM BOX,45,2,2,1955.4632
O,O,N,DELIVER IN PERSON,Manufacturer#2,1-URGENT,4,HOUSEHOLD,MAIL,3,0.06,9,Brand#21,WRAP BAG,44,49,4,64447.544
O,O,N,DELIVER IN PERSON,Manufacturer#4,5-LOW,4,BUILDING,SHIP,4,0.08,9,Brand#43,LG CASE,13,31,4,32017.451
O,O,N,COLLECT COD,Manufacturer#3,1-URGENT,3,BUILDING,REG AIR,2,0.02,8,Brand#33,WRAP BAG,11,7,3,11270.2898
O,O,N,DELIVER IN PERSON,Manufacturer#5,3-MEDIUM,2,FURNITURE,SHIP,5,0.08,8,Brand#51,JUMBO PACK,30,42,3,61723.1244
O,O,N,NONE,Manufacturer#3,2-HIGH,2,AUTOMOBILE,REG AIR,4,0.07,12,Brand#31,JUMBO JAR,38,17,0,26588.9418
F,F,A,DELIVER IN PERSON,Manufacturer#3,5-LOW,0,HOUSEHOLD,TRUCK,4,0.07,8,Brand#35,WRAP DRUM,43,19,3,25710.0058
F,F,A,DELIVER IN PERSON,Manufacturer#2,2-HIGH,2,BUILDING,FOB,2,0.07,21,Brand#23,LG CAN,7,44,1,52989.2
F,F,R,COLLECT COD,Manufacturer#4,3-MEDIUM,2,MACHINERY,AIR,3,0.04,18,Brand#41,WRAP PKG,26,16,2,18229.208
F,F,R,COLLECT COD,Manufacturer#5,2-HIGH,2,AUTOMOBILE,FOB,5,0.04,18,Brand#51,LG PKG,8,24,2,27220.0656
F,F,A,TAKE BACK RETURN,Manufacturer#4,2-HIGH,2,AUTOMOBILE,MAIL,4,0.03,8,Brand#44,WRAP BAG,38,5,3,8248.7405
O,O,N,TAKE BACK RETURN,Manufacturer#5,3-MEDIUM,3,BUILDING,MAIL,3,0.01,8,Brand#55,JUMBO CAN,47,13,3,12403.872
O,O,N,DELIVER IN PERSON,Manufacturer#4,3-MEDIUM,3,BUILDING,TRUCK,4,0.04,21,Brand#45,MED CAN,24,25,1,24616.4175
O,O,N,DELIVER IN PERSON,Manufacturer#5,3-MEDIUM,3,BUILDING,RAIL,5,0.03,18,Brand#52,MED DRUM,44,15,2,15249.9165
O,O,N,TAKE BACK RETURN,Manufacturer#4,3-MEDIUM,0,FURNITURE,SHIP,1,0.05,21,Brand#43,LG PKG,2,29,1,30322.0665
O,O,N,DELIVER IN PERSON,Manufacturer#3,3-MEDIUM,0,FURNITURE,RAIL,2,0,18,Brand#32,WRAP BOX,20,6,2,9971.8938
O,O,N,COLLECT COD,Manufacturer#4,3-MEDIUM,0,FURNITURE,RAIL,6,0.07,18,Brand#45,WRAP DRUM,31,18,2,15906.1266
F,F,R,TAKE BACK RETURN,Manufacturer#4,5-LOW,4,HOUSEHOLD,AIR,1,0.03,8,Brand#45,SM CAN,21,14,3,12639.06
F,F,A,COLLECT COD,Manufacturer#5,3-MEDIUM,3,AUTOMOBILE,TRUCK,3,0.07,21,Brand#51,LG CAN,10,24,1,28980.0648
F,F,A,NONE,Manufacturer#4,3-MEDIUM,3,AUTOMOBILE,TRUCK,1,0.08,12,Brand#41,WRAP JAR,2,34,0,60512.928
F,F,A,NONE,Manufacturer#4,2-HIGH,4,BUILDING,RAIL,7,0.02,9,Brand#41,MED CAN,15,16,4,13923.352
F,F,R,DELIVER IN PERSON,Manufacturer#1,2-HIGH,4,BUILDING,SHIP,4,0.05,21,Brand#11,LG JAR,30,20,1,29509.76
F,F,R,TAKE BACK RETURN,Manufacturer#2,2-HIGH,4,BUILDING,AIR,2,0.06,8,Brand#23,WRAP BAG,29,5,3,4608.54
O,O,N,DELIVER IN PERSON,Manufacturer#2,2-HIGH,3,HOUSEHOLD,TRUCK,5,0.08,12,Brand#21,LG CASE,29,45,0,65387.952
F,F,A,TAKE BACK RETURN,Manufacturer#1,3-MEDIUM,4,HOUSEHOLD,REG AIR,1,0.01,18,Brand#15,SM CASE,2,1,2,1240.7486
F,F,R,NONE,Manufacturer#3,3-MEDIUM,4,HOUSEHOLD,REG AIR,5,0.01,8,Brand#32,JUMBO CAN,10,2,3,1752.7692
O,O,N,COLLECT COD,Manufacturer#1,4-NOT SPECIFIED,2,FURNITURE,RAIL,2,0.06,21,Brand#12,JUMBO DRUM,12,37,1,35276.8878
O,O,N,DELIVER IN PERSON,Manufacturer#2,2-HIGH,1,AUTOMOBILE,TRUCK,4,0.06,8,Brand#24,JUMBO CAN,13,40,3,67110.8
F,F,R,COLLECT COD,Manufacturer#2,5-LOW,0,FURNITURE,TRUCK,1,0,18,Brand#23,MED JAR,33,41,2,38828.64
F,F,A,TAKE BACK RETURN,Manufacturer#1,5-LOW,3,FURNITURE,AIR,4,0.08,18,Brand#15,LG CASE,25,34,2,36521.78
F,F,R,DELIVER IN PERSON,Manufacturer#3,5-LOW,3,FURNITURE,SHIP,2,0.06,8,Brand#33,SM CASE,46,42,3,39153.5844
F,F,R,COLLECT COD,Manufacturer#4,2-HIGH,4,AUTOMOBILE,TRUCK,1,0.05,9,Brand#43,LG DRUM,19,2,4,1751.838
F,F,R,TAKE BACK RETURN,Manufacturer#1,2-HIGH,4,AUTOMOBILE,MAIL,2,0.03,12,Brand#15,SM CASE,34,40,0,50395.072
F,F,R,COLLECT COD,Manufacturer#5,2-HIGH,4,AUTOMOBILE,SHIP,4,0.08,18,Brand#52,JUMBO BOX,46,2,2,2337.4808
O,O,N,DELIVER IN PERSON,Manufacturer#2,1-URGENT,2,HOUSEHOLD,FOB,2,0.05,18,Brand#24,WRAP PKG,14,38,2,64053.408
O,O,N,TAKE BACK RETURN,Manufacturer#5,5-LOW,0,MACHINERY,TRUCK,2,0.05,9,Brand#55,LG BAG,36,44,4,51674.3568
O,O,N,NONE,Manufacturer#5,5-LOW,0,MACHINERY,AIR,4,0.06,9,Brand#51,JUMBO BOX,47,39,4,59442.7392
O,O,N,TAKE BACK RETURN,Manufacturer#5,3-MEDIUM,4,BUILDING,REG AIR,1,0.05,18,Brand#54,LG CAN,49,1,2,1052.5284
O,O,N,NONE,Manufacturer#2,2-HIGH,2,BUILDING,REG AIR,2,0.01,21,Brand#22,LG BOX,22,24,1,24159.408
O,O,N,NONE,Manufacturer#4,1-URGENT,4,AUTOMOBILE,FOB,5,0.04,18,Brand#44,WRAP CASE,35,50,2,58911.36
O,O,N,COLLECT COD,Manufacturer#1,3-MEDIUM,4,FURNITURE,FOB,1,0.08,12,Brand#11,WRAP JAR,20,32,0,51211.6032
O,O,N,NONE,Manufacturer#3,1-URGENT,4,BUILDING,TRUCK,6,0.05,21,Brand#34,WRAP PACK,30,48,1,79252.0512
O,O,N,TAKE BACK RETURN,Manufacturer#1,1-URGENT,4,BUILDING,FOB,2,0.05,8,Brand#13,MED PKG,6,22,3,21585.9402
O,O,N,DELIVER IN PERSON,Manufacturer#5,5-LOW,3,BUILDING,TRUCK,1,0.08,18,Brand#51,JUMBO CAN,49,21,2,18712.701
O,O,N,TAKE BACK RETURN,Manufacturer#2,2-HIGH,4,HOUSEHOLD,TRUCK,3,0.04,21,Brand#24,SM DRUM,10,5,1,4414.9
O,O,N,COLLECT COD,Manufacturer#4,2-HIGH,4,HOUSEHOLD,REG AIR,4,0.06,12,Brand#45,MED JAR,23,27,0,36426.9906
F,F,R,COLLECT COD,Manufacturer#3,2-HIGH,1,MACHINERY,AIR,1,0.01,8,Brand#35,SM DRUM,21,41,3,47648.314
O,O,N,DELIVER IN PERSON,Manufacturer#3,4-NOT SPECIFIED,0,FURNITURE,TRUCK,5,0,21,Brand#33,LG PACK,13,47,1,47514.744
F,F,A,DELIVER IN PERSON,Manufacturer#3,2-HIGH,3,FURNITURE,AIR,3,0.06,8,Brand#34,LG JAR,20,5,3,7486.32
F,F,R,TAKE BACK RETURN,Manufacturer#5,2-HIGH,3,FURNITURE,RAIL,2,0.04,21,Brand#54,WRAP BOX,31,34,1,43181.4144
F,P,R,TAKE BACK RETURN,Manufacturer#2,2-HIGH,1,HOUSEHOLD,AIR,5,0.01,8,Brand#22,WRAP JAR,40,50,3,61844.24
F,P,A,TAKE BACK RETURN,Manufacturer#4,2-HIGH,1,HOUSEHOLD,MAIL,4,0.04,9,Brand#44,SM JAR,27,46,4,64056.288
F,F,R,COLLECT COD,Manufacturer#2,4-NOT SPECIFIED,4,FURNITURE,AIR,3,0.07,8,Brand#22,JUMBO CASE,1,28,3,51490.04
O,O,N,TAKE BACK RETURN,Manufacturer#3,1-URGENT,4,FURNITURE,REG AIR,3,0.05,8,Brand#34,MED BOX,28,43,3,70740.504
O,O,N,NONE,Manufacturer#4,4-NOT SPECIFIED,3,BUILDING,RAIL,3,0,21,Brand#44,LG BOX,26,16,1,24074.3776
O,O,N,DELIVER IN PERSON,Manufacturer#5,1-URGENT,0,BUILDING,RAIL,1,0.02,8,Brand#55,LG CASE,26,32,3,59550.72
O,O,N,DELIVER IN PERSON,Manufacturer#4,1-URGENT,0,BUILDING,SHIP,2,0.08,8,Brand#45,SM PACK,30,49,3,60673.2651
O,O,N,COLLECT COD,Manufacturer#5,1-URGENT,0,BUILDING,AIR,4,0.02,8,Brand#51,MED CASE,48,46,3,82634.009
O,O,N,DELIVER IN PERSON,Manufacturer#1,1-URGENT,0,BUILDING,MAIL,6,0.02,18,Brand#13,LG PACK,1,12,2,15381.3288
O,O,N,NONE,Manufacturer#1,5-LOW,0,MACHINERY,FOB,6,0.03,21,Brand#14,MED BAG,18,41,1,38414.089
O,O,N,NONE,Manufacturer#5,5-LOW,0,MACHINERY,TRUCK,4,0.02,12,Brand#51,WRAP CAN,28,50,0,52661.7
O,O,N,COLLECT COD,Manufacturer#4,5-LOW,0,MACHINERY,MAIL,5,0.08,18,Brand#41,MED DRUM,17,33,2,58802.4063
O,O,N,TAKE BACK RETURN,Manufacturer#3,5-LOW,4,AUTOMOBILE,REG AIR,3,0.05,9,Brand#34,LG BAG,23,14,4,21302.4028
O,O,N,TAKE BACK RETURN,Manufacturer#2,5-LOW,4,AUTOMOBILE,FOB,1,0.05,12,Brand#23,MED CAN,31,17,0,27434.6884
O,O,N,DELIVER IN PERSON,Manufacturer#4,3-MEDIUM,1,HOUSEHOLD,RAIL,2,0,21,Brand#41,SM JAR,26,2,1,3344.0754
O,O,N,COLLECT COD,Manufacturer#2,3-MEDIUM,1,HOUSEHOLD,REG AIR,7,0.07,12,Brand#23,SM JAR,1,15,0,25914.813
O,O,N,COLLECT COD,Manufacturer#5,3-MEDIUM,1,HOUSEHOLD,REG AIR,1,0.04,18,Brand#53,LG PACK,46,50,2,43878.15
F,F,R,NONE,Manufacturer#3,4-NOT SPECIFIED,0,MACHINERY,AIR,4,0.06,12,Brand#32,LG BOX,9,38,0,46763.579
F,F,A,DELIVER IN PERSON,Manufacturer#3,4-NOT SPECIFIED,0,MACHINERY,AIR,1,0.04,8,Brand#31,JUMBO BOX,34,37,3,56894.8926
O,O,N,TAKE BACK RETURN,Manufacturer#2,3-MEDIUM,4,AUTOMOBILE,REG AIR,3,0.01,21,Brand#24,JUMBO PACK,48,22,1,30084.12
F,F,R,TAKE BACK RETURN,Manufacturer#5,3-MEDIUM,0,AUTOMOBILE,MAIL,2,0.02,8,Brand#55,LG BAG,10,4,3,4641.04
O,O,N,TAKE BACK RETURN,Manufacturer#1,3-MEDIUM,4,BUILDING,TRUCK,5,0.01,12,Brand#11,JUMBO JAR,45,1,0,967.653
O,O,N,DELIVER IN PERSON,Manufacturer#1,3-MEDIUM,4,BUILDING,TRUCK,2,0.03,12,Brand#15,WRAP JAR,44,32,0,32384.2368
O,O,N,TAKE BACK RETURN,Manufacturer#5,3-MEDIUM,2,BUILDING,SHIP,2,0.05,21,Brand#52,MED CASE,20,48,1,41248.2528
O,O,N,DELIVER IN PERSON,Manufacturer#2,3-MEDIUM,2,BUILDING,FOB,3,0.01,18,Brand#23,LG PACK,27,21,2,20491.044
F,F,A,DELIVER IN PERSON,Manufacturer#4,3-MEDIUM,3,AUTOMOBILE,TRUCK,6,0,9,Brand#41,JUMBO DRUM,31,48,4,78998.352
F,F,A,TAKE BACK RETURN,Manufacturer#3,3-MEDIUM,3,AUTOMOBILE,FOB,2,0.01,9,Brand#31,SM CAN,34,5,4,6323.568
O,O,N,COLLECT COD,Manufacturer#2,5-LOW,4,BUILDING,FOB,3,0.01,9,Brand#21,MED CAN,28,47,4,85394.77
O,O,N,TAKE BACK RETURN,Manufacturer#2,2-HIGH,0,BUILDING,TRUCK,1,0.03,8,Brand#22,WRAP DRUM,26,7,3,11758.39
O,O,N,TAKE BACK RETURN,Manufacturer#5,2-HIGH,0,BUILDING,TRUCK,2,0.05,21,Brand#53,LG BAG,2,23,1,20734.661
O,O,N,NONE,Manufacturer#5,1-URGENT,4,AUTOMOBILE,MAIL,1,0.03,21,Brand#54,LG BOX,4,11,1,18863.0662
O,O,N,DELIVER IN PERSON,Manufacturer#2,1-URGENT,4,AUTOMOBILE,REG AIR,5,0.06,18,Brand#25,SM CASE,27,27,2,25127.2692
O,O,N,NONE,Manufacturer#2,1-URGENT,0,HOUSEHOLD,AIR,7,0.08,8,Brand#22,LG BOX,9,35,3,51025.296
F,F,A,NONE,Manufacturer#2,3-MEDIUM,0,HOUSEHOLD,TRUCK,3,0.08,12,Brand#25,SM PACK,21,37,0,60789.8752
F,F,R,DELIVER IN PERSON,Manufacturer#5,3-MEDIUM,0,HOUSEHOLD,FOB,4,0.05,18,Brand#52,WRAP CASE,32,20,2,22195.92
F,F,R,NONE,Manufacturer#1,3-MEDIUM,0,HOUSEHOLD,AIR,1,0.01,21,Brand#11,LG PACK,16,29,1,35194.284
O,O,N,TAKE BACK RETURN,Manufacturer#4,3-MEDIUM,3,FURNITURE,SHIP,2,0.05,9,Brand#42,JUMBO BOX,35,14,4,21777.3752
O,O,N,COLLECT COD,Manufacturer#5,3-MEDIUM,3,FURNITURE,MAIL,1,0.03,8,Brand#54,WRAP BOX,31,36,3,45721.4976
F,F,R,TAKE BACK RETURN,Manufacturer#3,1-URGENT,1,HOUSEHOLD,RAIL,1,0.08,21,Brand#34,LG PKG,39,12,1,21719.7744
O,O,N,DELIVER IN PERSON,Manufacturer#3,2-HIGH,0,FURNITURE,TRUCK,2,0.03,9,Brand#35,SM BAG,32,1,4,1205.892
O,O,N,TAKE BACK RETURN,Manufacturer#1,2-HIGH,0,FURNITURE,SHIP,3,0.02,12,Brand#13,WRAP CASE,24,42,0,40263.09
O,O,N,COLLECT COD,Manufacturer#3,4-NOT SPECIFIED,0,AUTOMOBILE,RAIL,4,0.05,21,Brand#33,SM CAN,23,41,1,74652.431
O,O,N,DELIVER IN PERSON,Manufacturer#1,4-NOT SPECIFIED,0,AUTOMOBILE,SHIP,3,0.07,21,Brand#12,WRAP PACK,36,49,1,62159.5968
O,O,N,NONE,Manufacturer#2,5-LOW,2,AUTOMOBILE,AIR,5,0.02,9,Brand#25,MED CAN,25,4,4,3628.9536
F,F,R,NONE,Manufacturer#3,3-MEDIUM,1,BUILDING,SHIP,2,0,21,Brand#35,WRAP BAG,10,20,1,34493.06
F,F,A,COLLECT COD,Manufacturer#4,3-MEDIUM,1,BUILDING,RAIL,5,0,12,Brand#44,LG PKG,35,23,0,30020.1957
O,O,N,COLLECT COD,Manufacturer#2,1-URGENT,3,HOUSEHOLD,RAIL,5,0.02,18,Brand#25,WRAP CASE,50,20,2,34557.888
F,F,A,DELIVER IN PERSON,Manufacturer#1,1-URGENT,2,AUTOMOBILE,TRUCK,2,0.02,12,Brand#12,JUMBO BAG,31,15,0,27601.2045
F,F,A,DELIVER IN PERSON,Manufacturer#2,1-URGENT,2,AUTOMOBILE,REG AIR,3,0.07,18,Brand#25,SM BAG,44,38,2,53485.038
O,O,N,DELIVER IN PERSON,Manufacturer#3,1-URGENT,0,MACHINERY,AIR,6,0,9,Brand#35,SM BAG,32,44,4,55851.84
O,O,N,COLLECT COD,Manufacturer#5,1-URGENT,0,MACHINERY,REG AIR,2,0.06,8,Brand#53,LG BAG,2,4,3,3644.39
F,F,A,COLLECT COD,Manufacturer#4,4-NOT SPECIFIED,0,BUILDING,REG AIR,2,0,9,Brand#41,SM JAR,38,4,4,3982.5792
F,F,R,COLLECT COD,Manufacturer#2,4-NOT SPECIFIED,4,HOUSEHOLD,MAIL,1,0.02,12,Brand#23,MED CAN,31,47,0,72752.9732
F,F,A,NONE,Manufacturer#5,1-URGENT,0,AUTOMOBILE,AIR,3,0.01,18,Brand#54,LG CAN,44,31,2,25671.3821
F,F,A,TAKE BACK RETURN,Manufacturer#4,1-URGENT,0,AUTOMOBILE,RAIL,2,0.06,18,Brand#42,LG CAN,26,37,2,39552.8594
F,F,R,TAKE BACK RETURN,Manufacturer#3,5-LOW,0,HOUSEHOLD,REG AIR,5,0.02,18,Brand#35,MED PACK,26,9,2,15914.3616
F,F,A,TAKE BACK RETURN,Manufacturer#1,5-LOW,0,HOUSEHOLD,AIR,4,0.04,18,Brand#11,JUMBO PKG,41,33,2,54802.3476
O,O,N,COLLECT COD,Manufacturer#2,1-URGENT,3,AUTOMOBILE,REG AIR,5,0.05,12,Brand#22,LG JAR,45,48,0,60833.28
O,O,N,DELIVER IN PERSON,Manufacturer#1,1-URGENT,0,BUILDING,AIR,2,0.08,18,Brand#11,SM BAG,17,48,2,76397.904
O,O,N,NONE,Manufacturer#1,1-URGENT,0,BUILDING,REG AIR,3,0.05,8,Brand#14,WRAP CASE,49,7,3,10231.5717
O,O,N,NONE,Manufacturer#5,1-URGENT,0,BUILDING,RAIL,4,0,12,Brand#53,JUMBO BAG,21,31,0,43287.408
O,O,N,COLLECT COD,Manufacturer#2,5-LOW,4,FURNITURE,AIR,2,0.08,12,Brand#23,SM JAR,1,29,0,52766.9703
F,F,A,COLLECT COD,Manufacturer#5,5-LOW,3,MACHINERY,TRUCK,5,0.03,9,Brand#53,SM BOX,48,39,4,59255.5392
F,F,N,TAKE BACK RETURN,Manufacturer#1,5-LOW,3,MACHINERY,SHIP,6,0.08,18,Brand#13,MED JAR,17,46,2,79731.9656
F,F,A,COLLECT COD,Manufacturer#5,1-URGENT,0,MACHINERY,AIR,6,0.07,18,Brand#51,SM DRUM,18,26,2,36103.1866
O,O,N,COLLECT COD,Manufacturer#5,5-LOW,4,AUTOMOBILE,TRUCK,5,0.03,8,Brand#55,WRAP DRUM,9,17,3,26982.774
O,O,N,COLLECT COD,Manufacturer#1,5-LOW,4,AUTOMOBILE,MAIL,6,0.04,8,Brand#12,MED JAR,23,41,3,35614.5639
F,F,R,DELIVER IN PERSON,Manufacturer#2,1-URGENT,3,BUILDING,FOB,1,0.05,8,Brand#24,LG CAN,35,16,3,14058.336
O,O,N,NONE,Manufacturer#4,5-LOW,4,HOUSEHOLD,SHIP,1,0.01,9,Brand#44,LG PACK,34,7,4,7618.59
F,F,A,TAKE BACK RETURN,Manufacturer#3,2-HIGH,1,BUILDING,REG AIR,3,0,12,Brand#35,LG PACK,14,34,0,57452.52
F,F,R,COLLECT COD,Manufacturer#2,2-HIGH,1,BUILDING,MAIL,2,0.03,18,Brand#21,SM JAR,7,43,2,75993.5904
F,F,A,DELIVER IN PERSON,Manufacturer#5,3-MEDIUM,4,FURNITURE,FOB,2,0,9,Brand#51,SM CAN,29,4,4,4658.0292
F,F,R,TAKE BACK RETURN,Manufacturer#3,3-MEDIUM,4,FURNITURE,REG AIR,3,0.02,18,Brand#33,MED PKG,49,3,2,3940.23
F,F,A,TAKE BACK RETURN,Manufacturer#3,3-MEDIUM,4,AUTOMOBILE,MAIL,2,0.07,8,Brand#31,JUMBO CAN,11,46,3,45797.8576
F,F,R,COLLECT COD,Manufacturer#4,3-MEDIUM,4,AUTOMOBILE,REG AIR,3,0.07,18,Brand#42,MED CASE,29,27,2,31686.2145
F,F,R,NONE,Manufacturer#3,3-MEDIUM,0,FURNITURE,REG AIR,5,0.04,18,Brand#32,WRAP DRUM,27,38,2,45426.6744
F,F,R,DELIVER IN PERSON,Manufacturer#3,2-HIGH,4,HOUSEHOLD,TRUCK,1,0.07,21,Brand#35,MED BOX,24,24,1,29618.9952
O,O,N,NONE,Manufacturer#2,5-LOW,2,MACHINERY,SHIP,3,0.05,18,Brand#22,LG PACK,5,33,2,54923.0781
O,O,N,DELIVER IN PERSON,Manufacturer#5,4-NOT SPECIFIED,4,HOUSEHOLD,RAIL,3,0.07,9,Brand#51,SM JAR,9,35,4,41463.814
F,F,R,NONE,Manufacturer#1,3-MEDIUM,2,MACHINERY,MAIL,1,0.06,18,Brand#12,WRAP DRUM,20,19,2,16348.455
O,O,N,NONE,Manufacturer#3,3-MEDIUM,3,AUTOMOBILE,FOB,7,0.04,18,Brand#32,WRAP DRUM,27,13,2,15878.5458
O,O,N,TAKE BACK RETURN,Manufacturer#2,3-MEDIUM,3,AUTOMOBILE,AIR,5,0.08,21,Brand#21,LG CAN,33,22,1,24148.5288
O,O,N,NONE,Manufacturer#4,3-MEDIUM,3,AUTOMOBILE,SHIP,2,0.03,9,Brand#44,LG CAN,36,40,4,40473.832
O,O,N,COLLECT COD,Manufacturer#3,5-LOW,4,BUILDING,TRUCK,1,0,18,Brand#33,SM PKG,7,30,2,33786.6
O,O,N,NONE,Manufacturer#1,5-LOW,4,BUILDING,MAIL,6,0.01,12,Brand#14,LG PKG,7,18,0,20763.1242
O,O,N,COLLECT COD,Manufacturer#3,3-MEDIUM,2,FURNITURE,SHIP,1,0.03,18,Brand#32,WRAP DRUM,27,20,2,25208.166
F,F,R,DELIVER IN PERSON,Manufacturer#1,1-URGENT,0,HOUSEHOLD,RAIL,2,0.02,9,Brand#14,LG CAN,41,39,4,51631.0704
O,O,N,COLLECT COD,Manufacturer#2,5-LOW,0,HOUSEHOLD,TRUCK,4,0.04,21,Brand#24,LG CAN,2,18,1,24136.7184
O,O,N,DELIVER IN PERSON,Manufacturer#5,4-NOT SPECIFIED,1,HOUSEHOLD,REG AIR,1,0.06,18,Brand#52,MED PKG,32,31,2,34493.9015
F,F,A,COLLECT COD,Manufacturer#3,4-NOT SPECIFIED,0,HOUSEHOLD,AIR,3,0.06,18,Brand#35,JUMBO JAR,28,28,2,45120.3984
F,F,A,DELIVER IN PERSON,Manufacturer#3,4-NOT SPECIFIED,0,HOUSEHOLD,FOB,2,0.06,12,Brand#35,LG PACK,14,10,0,15714.954
O,O,N,DELIVER IN PERSON,Manufacturer#3,3-MEDIUM,2,HOUSEHOLD,RAIL,3,0.08,18,Brand#35,JUMBO JAR,42,34,2,29813.546
O,O,N,NONE,Manufacturer#4,3-MEDIUM,2,HOUSEHOLD,MAIL,7,0,9,Brand#43,SM CASE,23,29,4,36421.6365
F,F,A,COLLECT COD,Manufacturer#5,5-LOW,2,AUTOMOBILE,SHIP,1,0.05,18,Brand#53,WRAP CAN,49,37,2,59557.5162
O,O,N,TAKE BACK RETURN,Manufacturer#1,1-URGENT,0,MACHINERY,SHIP,2,0.06,18,Brand#13,JUMBO CASE,18,3,2,2667.4011
F,F,A,NONE,Manufacturer#1,1-URGENT,2,AUTOMOBILE,SHIP,5,0.04,21,Brand#15,JUMBO JAR,3,30,1,38921.7
F,F,R,TAKE BACK RETURN,Manufacturer#3,1-URGENT,2,AUTOMOBILE,FOB,2,0.05,12,Brand#34,JUMBO DRUM,30,35,0,44434.467
F,F,A,DELIVER IN PERSON,Manufacturer#2,1-URGENT,2,AUTOMOBILE,SHIP,4,0.03,21,Brand#23,LG PACK,27,27,1,25790.9832
O,O,N,NONE,Manufacturer#5,5-LOW,2,HOUSEHOLD,REG AIR,2,0.08,18,Brand#53,WRAP CASE,1,35,2,40274.206
O,O,N,TAKE BACK RETURN,Manufacturer#5,3-MEDIUM,0,HOUSEHOLD,MAIL,3,0.04,18,Brand#52,WRAP PACK,43,12,2,16316.7648
O,O,N,COLLECT COD,Manufacturer#4,3-MEDIUM,0,HOUSEHOLD,MAIL,2,0.07,21,Brand#44,JUMBO PKG,46,8,1,6919.3488
O,O,N,DELIVER IN PERSON,Manufacturer#3,3-MEDIUM,0,HOUSEHOLD,FOB,6,0.08,21,Brand#32,WRAP PKG,38,4,1,4054.392
F,F,R,TAKE BACK RETURN,Manufacturer#4,5-LOW,0,BUILDING,AIR,3,0.04,8,Brand#43,LG DRUM,12,9,3,9754.83
O,O,N,NONE,Manufacturer#5,2-HIGH,0,FURNITURE,MAIL,1,0,8,Brand#52,LG BAG,32,33,3,34058.871
O,O,N,COLLECT COD,Manufacturer#1,2-HIGH,2,HOUSEHOLD,SHIP,3,0.02,9,Brand#11,LG PKG,20,34,4,42928.8216
O,O,N,TAKE BACK RETURN,Manufacturer#4,1-URGENT,0,AUTOMOBILE,RAIL,2,0.02,8,Brand#42,JUMBO BOX,10,38,3,51601.3248
O,O,N,TAKE BACK RETURN,Manufacturer#2,1-URGENT,0,AUTOMOBILE,TRUCK,6,0.01,9,Brand#25,JUMBO CASE,22,20,4,25263
O,P,N,COLLECT COD,Manufacturer#5,3-MEDIUM,3,HOUSEHOLD,RAIL,2,0.02,18,Brand#52,MED DRUM,44,16,2,17517.8528
F,P,N,NONE,Manufacturer#4,3-MEDIUM,3,HOUSEHOLD,MAIL,1,0.01,21,Brand#44,MED DRUM,43,39,1,54179.7438
O,O,N,TAKE BACK RETURN,Manufacturer#3,5-LOW,4,FURNITURE,SHIP,1,0.03,18,Brand#32,WRAP BOX,20,27,2,41700.6468
F,F,A,COLLECT COD,Manufacturer#1,5-LOW,0,MACHINERY,REG AIR,1,0.06,18,Brand#13,LG PACK,1,30,2,36074.766
F,F,R,DELIVER IN PERSON,Manufacturer#3,2-HIGH,4,AUTOMOBILE,REG AIR,1,0.03,18,Brand#35,LG DRUM,14,48,2,53623.9296
F,F,R,COLLECT COD,Manufacturer#1,2-HIGH,0,FURNITURE,FOB,6,0.04,18,Brand#12,SM DRUM,40,29,2,35715.5445
F,F,R,DELIVER IN PERSON,Manufacturer#4,2-HIGH,0,FURNITURE,TRUCK,2,0.08,8,Brand#44,LG DRUM,18,26,3,30234.2976
F,F,R,NONE,Manufacturer#2,2-HIGH,0,FURNITURE,RAIL,5,0,12,Brand#21,SM CASE,25,32,0,43061.904
F,F,A,COLLECT COD,Manufacturer#5,1-URGENT,1,AUTOMOBILE,SHIP,1,0.03,9,Brand#54,MED CASE,49,44,4,62087.6256
O,O,N,NONE,Manufacturer#3,2-HIGH,0,BUILDING,REG AIR,3,0.08,18,Brand#31,SM JAR,2,5,2,6220.074
O,O,N,DELIVER IN PERSON,Manufacturer#3,1-URGENT,2,MACHINERY,RAIL,6,0.01,21,Brand#34,LG PKG,39,47,1,83315.114
O,O,N,NONE,Manufacturer#3,1-URGENT,2,MACHINERY,MAIL,4,0.05,9,Brand#33,LG CASE,35,22,4,23948.1748
O,O,N,NONE,Manufacturer#4,2-HIGH,4,BUILDING,MAIL,4,0.01,9,Brand#45,MED PKG,15,13,4,16582.3008
O,O,N,DELIVER IN PERSON,Manufacturer#1,5-LOW,1,MACHINERY,FOB,2,0.07,18,Brand#15,LG JAR,2,28,2,38336.6116
O,O,N,COLLECT COD,Manufacturer#1,5-LOW,1,MACHINERY,AIR,5,0.07,9,Brand#11,JUMBO CASE,20,3,4,2834.1504
F,F,A,COLLECT COD,Manufacturer#4,1-URGENT,3,BUILDING,RAIL,3,0,8,Brand#45,SM CAN,21,28,3,25839.856
F,F,R,TAKE BACK RETURN,Manufacturer#3,5-LOW,4,AUTOMOBILE,FOB,1,0.06,21,Brand#33,LG BAG,4,6,1,5460.546
F,F,A,DELIVER IN PERSON,Manufacturer#1,5-LOW,4,AUTOMOBILE,REG AIR,2,0.08,12,Brand#14,LG PACK,44,44,0,66767.9232
O,O,N,TAKE BACK RETURN,Manufacturer#2,5-LOW,2,FURNITURE,AIR,3,0,12,Brand#23,SM JAR,1,12,0,20511.2988
O,O,N,TAKE BACK RETURN,Manufacturer#4,5-LOW,2,FURNITURE,RAIL,2,0,21,Brand#42,WRAP CAN,16,27,1,39977.1207
O,O,N,COLLECT COD,Manufacturer#3,1-URGENT,2,BUILDING,MAIL,4,0.03,21,Brand#34,JUMBO PKG,38,18,1,26744.9364
O,O,N,COLLECT COD,Manufacturer#3,1-URGENT,2,HOUSEHOLD,SHIP,2,0,18,Brand#32,LG PKG,6,7,2,8938.601
O,O,N,NONE,Manufacturer#3,1-URGENT,2,HOUSEHOLD,TRUCK,4,0.04,9,Brand#34,SM CASE,30,29,4,48106.8588
O,O,N,NONE,Manufacturer#5,1-URGENT,2,HOUSEHOLD,FOB,3,0.02,8,Brand#54,MED JAR,10,21,3,30177.7245
O,O,N,COLLECT COD,Manufacturer#5,5-LOW,1,MACHINERY,FOB,1,0.07,18,Brand#51,MED CASE,40,6,2,10481.04
O,O,N,TAKE BACK RETURN,Manufacturer#2,5-LOW,1,MACHINERY,SHIP,4,0.05,9,Brand#22,LG BOX,3,4,4,6115.2768
F,P,N,DELIVER IN PERSON,Manufacturer#5,3-MEDIUM,3,FURNITURE,FOB,2,0.06,18,Brand#52,SM PACK,24,42,2,48614.6346
O,P,N,TAKE BACK RETURN,Manufacturer#5,3-MEDIUM,3,FURNITURE,TRUCK,3,0.06,18,Brand#55,JUMBO CASE,25,35,2,33069.6765
O,P,N,DELIVER IN PERSON,Manufacturer#4,3-MEDIUM,3,FURNITURE,SHIP,5,0.02,21,Brand#44,WRAP CAN,16,42,1,71819.622
F,P,A,DELIVER IN PERSON,Manufacturer#4,3-MEDIUM,3,FURNITURE,MAIL,6,0.03,12,Brand#42,JUMBO CASE,6,16,0,25534.7616
O,O,N,NONE,Manufacturer#3,5-LOW,4,AUTOMOBILE,MAIL,1,0.06,18,Brand#32,MED CAN,31,50,2,78668.235
F,F,A,NONE,Manufacturer#5,5-LOW,0,AUTOMOBILE,SHIP,3,0.02,21,Brand#51,WRAP PKG,1,6,1,7541.091
O,O,N,DELIVER IN PERSON,Manufacturer#5,3-MEDIUM,1,BUILDING,RAIL,6,0.03,9,Brand#51,WRAP CASE,3,43,4,49073.32
O,O,N,TAKE BACK RETURN,Manufacturer#3,3-MEDIUM,1,BUILDING,MAIL,2,0.02,9,Brand#33,JUMBO PACK,35,21,4,20743.9848
O,O,N,NONE,Manufacturer#4,1-URGENT,0,HOUSEHOLD,TRUCK,1,0.03,12,Brand#44,JUMBO CAN,3,16,0,17514.864
O,O,N,TAKE BACK RETURN,Manufacturer#2,2-HIGH,1,BUILDING,TRUCK,2,0.02,8,Brand#22,WRAP JAR,40,41,3,51814.7176
O,O,N,DELIVER IN PERSON,Manufacturer#1,3-MEDIUM,0,AUTOMOBILE,RAIL,1,0.08,18,Brand#13,JUMBO CASE,18,41,2,36454.4817
O,O,N,DELIVER IN PERSON,Manufacturer#3,5-LOW,4,FURNITURE,MAIL,6,0.07,12,Brand#31,MED DRUM,39,29,0,39047.7808
O,O,N,TAKE BACK RETURN,Manufacturer#3,5-LOW,3,HOUSEHOLD,AIR,2,0.07,12,Brand#33,LG CAN,16,26,0,31632.2864
O,O,N,NONE,Manufacturer#3,5-LOW,3,HOUSEHOLD,TRUCK,3,0.07,9,Brand#33,SM BOX,32,38,4,63097.3166
F,F,A,NONE,Manufacturer#4,3-MEDIUM,0,FURNITURE,MAIL,4,0.03,21,Brand#42,SM CAN,44,10,1,15866.581
F,F,R,NONE,Manufacturer#3,5-LOW,1,HOUSEHOLD,MAIL,5,0.05,21,Brand#32,WRAP CASE,20,3,1,4570.545
F,F,R,TAKE BACK RETURN,Manufacturer#5,5-LOW,1,HOUSEHOLD,REG AIR,2,0.05,18,Brand#53,JUMBO CASE,27,40,2,36404.736
O,O,N,TAKE BACK RETURN,Manufacturer#4,4-NOT SPECIFIED,1,MACHINERY,REG AIR,1,0.04,18,Brand#41,JUMBO CASE,45,23,2,33872.1966
O,O,N,COLLECT COD,Manufacturer#4,1-URGENT,4,AUTOMOBILE,MAIL,2,0.03,21,Brand#43,SM CASE,20,15,1,19423.5
F,F,A,DELIVER IN PERSON,Manufacturer#1,3-MEDIUM,0,AUTOMOBILE,RAIL,3,0.02,21,Brand#12,MED PKG,41,33,1,29940.57
F,F,A,TAKE BACK RETURN,Manufacturer#2,3-MEDIUM,0,AUTOMOBILE,REG AIR,1,0.04,18,Brand#25,WRAP PKG,4,28,2,47294.1448
F,F,R,NONE,Manufacturer#5,3-MEDIUM,0,AUTOMOBILE,TRUCK,2,0.07,18,Brand#52,JUMBO JAR,35,21,2,29228.4027
O,O,N,COLLECT COD,Manufacturer#2,3-MEDIUM,4,BUILDING,TRUCK,3,0.02,9,Brand#21,WRAP CAN,20,8,4,7820.556
F,F,R,NONE,Manufacturer#4,3-MEDIUM,3,BUILDING,MAIL,5,0.01,18,Brand#43,LG BAG,26,15,2,21827.007
F,F,R,COLLECT COD,Manufacturer#3,3-MEDIUM,3,BUILDING,SHIP,2,0.06,21,Brand#33,LG DRUM,7,43,1,39148.9028
F,F,A,TAKE BACK RETURN,Manufacturer#2,4-NOT SPECIFIED,3,HOUSEHOLD,FOB,4,0.01,21,Brand#24,JUMBO BAG,25,24,1,34467.6696
O,O,N,DELIVER IN PERSON,Manufacturer#3,5-LOW,0,BUILDING,SHIP,2,0.07,12,Brand#35,SM JAR,33,19,0,30565.9194
O,O,N,NONE,Manufacturer#3,5-LOW,2,AUTOMOBILE,TRUCK,3,0.03,12,Brand#35,LG DRUM,14,16,0,18263.2224
O,O,N,COLLECT COD,Manufacturer#4,5-LOW,2,AUTOMOBILE,RAIL,4,0,12,Brand#42,WRAP DRUM,28,40,0,54058
F,F,R,DELIVER IN PERSON,Manufacturer#1,3-MEDIUM,4,HOUSEHOLD,TRUCK,4,0.05,8,Brand#15,SM PACK,24,17,3,22254.0591
F,F,A,COLLECT COD,Manufacturer#3,3-MEDIUM,4,HOUSEHOLD,RAIL,2,0.01,21,Brand#34,LG PKG,39,32,1,56128.0768
F,F,R,TAKE BACK RETURN,Manufacturer#2,3-MEDIUM,4,HOUSEHOLD,SHIP,1,0.07,18,Brand#21,SM JAR,7,15,2,26785.5315
F,F,R,COLLECT COD,Manufacturer#3,5-LOW,0,HOUSEHOLD,TRUCK,4,0.02,21,Brand#32,WRAP BOX,46,32,1,31758.6816
F,F,R,TAKE BACK RETURN,Manufacturer#2,1-URGENT,4,BUILDING,RAIL,1,0.04,8,Brand#25,SM BAG,44,37,3,49884.7986
F,F,R,TAKE BACK RETURN,Manufacturer#5,1-URGENT,4,BUILDING,RAIL,2,0.01,8,Brand#54,MED JAR,13,47,3,63771.48
O,O,N,COLLECT COD,Manufacturer#2,2-HIGH,4,FURNITURE,RAIL,2,0.02,18,Brand#25,WRAP PACK,37,1,2,1766.9907
F,F,R,NONE,Manufacturer#1,1-URGENT,2,FURNITURE,RAIL,2,0.01,18,Brand#13,MED CASE,47,49,2,66699.0156
F,F,R,COLLECT COD,Manufacturer#4,1-URGENT,2,FURNITURE,AIR,4,0.02,18,Brand#43,JUMBO PACK,25,49,2,64276.9407
F,F,R,COLLECT COD,Manufacturer#3,1-URGENT,2,FURNITURE,FOB,1,0,21,Brand#35,WRAP BOX,44,14,1,21486.3936
F,F,R,COLLECT COD,Manufacturer#4,5-LOW,0,BUILDING,MAIL,2,0.02,8,Brand#45,SM CASE,38,42,3,65589.72
F,F,R,NONE,Manufacturer#4,5-LOW,0,BUILDING,AIR,2,0.02,21,Brand#41,WRAP BAG,10,27,1,44923.5234
F,F,R,NONE,Manufacturer#5,5-LOW,0,BUILDING,TRUCK,3,0.04,8,Brand#54,SM BOX,2,48,3,80278.9056
O,O,N,COLLECT COD,Manufacturer#4,3-MEDIUM,0,HOUSEHOLD,RAIL,5,0.05,21,Brand#44,MED PACK,44,36,1,63103.7952
O,O,N,TAKE BACK RETURN,Manufacturer#2,3-MEDIUM,0,HOUSEHOLD,RAIL,1,0.06,21,Brand#24,MED PACK,50,41,1,63095.6175
O,O,N,COLLECT COD,Manufacturer#5,3-MEDIUM,0,HOUSEHOLD,REG AIR,2,0.03,21,Brand#52,MED BAG,26,50,1,51112.335
O,O,N,DELIVER IN PERSON,Manufacturer#2,1-URGENT,0,BUILDING,RAIL,5,0.03,18,Brand#23,LG DRUM,26,35,2,59596.7715
O,O,N,TAKE BACK RETURN,Manufacturer#1,1-URGENT,0,BUILDING,SHIP,4,0.06,8,Brand#14,MED CAN,23,30,3,50552.289
O,O,N,DELIVER IN PERSON,Manufacturer#2,1-URGENT,0,BUILDING,AIR,3,0,18,Brand#22,MED CASE,49,32,2,50722.3808
O,O,N,NONE,Manufacturer#4,4-NOT SPECIFIED,4,BUILDING,REG AIR,1,0,12,Brand#43,MED PACK,12,50,0,72504.08
O,O,N,COLLECT COD,Manufacturer#4,4-NOT SPECIFIED,4,BUILDING,MAIL,2,0.06,9,Brand#41,JUMBO PKG,36,34,4,57237.4292
F,F,A,NONE,Manufacturer#3,4-NOT SPECIFIED,1,BUILDING,REG AIR,3,0.05,21,Brand#32,SM BOX,49,42,1,43214.472
F,F,R,NONE,Manufacturer#2,4-NOT SPECIFIED,1,BUILDING,MAIL,2,0.06,8,Brand#25,LG CASE,39,16,3,19028.592
O,O,N,TAKE BACK RETURN,Manufacturer#4,3-MEDIUM,4,FURNITURE,MAIL,5,0,8,Brand#41,MED BOX,46,44,3,62074.2144
O,O,N,COLLECT COD,Manufacturer#4,3-MEDIUM,4,FURNITURE,FOB,4,0.06,9,Brand#44,WRAP CAN,19,48,4,83907.9936
O,O,N,TAKE BACK RETURN,Manufacturer#3,3-MEDIUM,4,FURNITURE,AIR,6,0.07,9,Brand#35,SM BAG,21,9,4,8506.215
O,O,N,COLLECT COD,Manufacturer#2,3-MEDIUM,4,FURNITURE,REG AIR,3,0.08,21,Brand#24,MED PKG,48,33,1,45951.3153
O,O,N,NONE,Manufacturer#5,2-HIGH,2,MACHINERY,RAIL,3,0.05,21,Brand#55,JUMBO CAN,16,44,1,76436.9232
F,F,R,NONE,Manufacturer#1,1-URGENT,3,MACHINERY,AIR,3,0.06,12,Brand#13,MED DRUM,39,47,0,74107.8375
O,O,N,COLLECT COD,Manufacturer#5,2-HIGH,4,BUILDING,REG AIR,3,0,18,Brand#52,WRAP CASE,10,25,2,41029.3125
F,F,A,COLLECT COD,Manufacturer#3,5-LOW,4,HOUSEHOLD,AIR,1,0.04,18,Brand#31,MED CAN,44,30,2,45563.022
F,F,A,COLLECT COD,Manufacturer#4,5-LOW,4,HOUSEHOLD,FOB,2,0.06,18,Brand#43,JUMBO CAN,37,32,2,38959.7824
F,F,R,DELIVER IN PERSON,Manufacturer#1,5-LOW,4,HOUSEHOLD,FOB,4,0.03,21,Brand#15,LG DRUM,31,24,1,28910.088
F,F,A,DELIVER IN PERSON,Manufacturer#4,1-URGENT,1,BUILDING,SHIP,1,0.04,12,Brand#44,MED CAN,28,28,0,24698.016
F,F,R,NONE,Manufacturer#5,4-NOT SPECIFIED,2,HOUSEHOLD,REG AIR,5,0,9,Brand#53,JUMBO JAR,28,31,4,34199.2651
F,F,R,DELIVER IN PERSON,Manufacturer#3,5-LOW,3,MACHINERY,SHIP,2,0.05,9,Brand#31,JUMBO DRUM,48,8,4,8954.852
F,F,A,DELIVER IN PERSON,Manufacturer#4,1-URGENT,1,MACHINERY,FOB,1,0.01,21,Brand#42,WRAP JAR,2,9,1,14753.8314
F,P,A,NONE,Manufacturer#5,5-LOW,4,MACHINERY,TRUCK,2,0.08,18,Brand#52,WRAP CASE,32,12,2,14475.6
F,P,R,NONE,Manufacturer#2,5-LOW,4,MACHINERY,SHIP,6,0,8,Brand#21,MED JAR,8,21,3,21228.858
F,P,R,TAKE BACK RETURN,Manufacturer#5,5-LOW,4,MACHINERY,FOB,4,0.02,9,Brand#52,SM BOX,9,39,4,52259.5632
O,P,N,DELIVER IN PERSON,Manufacturer#5,5-LOW,4,MACHINERY,FOB,3,0.02,18,Brand#55,LG DRUM,1,17,2,15831.3792
F,F,A,TAKE BACK RETURN,Manufacturer#3,5-LOW,1,HOUSEHOLD,MAIL,1,0.02,18,Brand#34,SM BAG,20,47,2,65973.195
F,F,R,COLLECT COD,Manufacturer#3,5-LOW,1,HOUSEHOLD,REG AIR,3,0.07,9,Brand#35,WRAP CAN,26,1,4,1635.729
F,F,A,TAKE BACK RETURN,Manufacturer#3,4-NOT SPECIFIED,2,AUTOMOBILE,REG AIR,5,0.08,18,Brand#32,MED DRUM,8,41,2,62023.4552
F,F,A,TAKE BACK RETURN,Manufacturer#5,4-NOT SPECIFIED,2,AUTOMOBILE,AIR,4,0.07,21,Brand#53,JUMBO JAR,28,22,1,26137.4036
F,F,R,COLLECT COD,Manufacturer#2,4-NOT SPECIFIED,2,AUTOMOBILE,TRUCK,1,0.07,12,Brand#25,WRAP JAR,23,45,0,45620.361
F,F,R,DELIVER IN PERSON,Manufacturer#4,4-NOT SPECIFIED,4,HOUSEHOLD,MAIL,2,0.01,9,Brand#44,WRAP CASE,35,43,4,47482.32
F,F,R,NONE,Manufacturer#4,4-NOT SPECIFIED,4,HOUSEHOLD,MAIL,6,0.07,18,Brand#41,SM CAN,47,34,2,29942.746
O,O,N,DELIVER IN PERSON,Manufacturer#4,5-LOW,4,HOUSEHOLD,TRUCK,1,0.04,8,Brand#44,JUMBO CASE,40,50,3,57590.04
F,F,R,DELIVER IN PERSON,Manufacturer#1,1-URGENT,3,FURNITURE,REG AIR,3,0.03,18,Brand#15,MED PACK,22,35,2,39026.442
F,F,R,DELIVER IN PERSON,Manufacturer#1,2-HIGH,2,HOUSEHOLD,MAIL,2,0.03,12,Brand#14,SM PACK,10,50,0,51238.935
F,F,R,COLLECT COD,Manufacturer#3,1-URGENT,4,MACHINERY,SHIP,6,0.03,8,Brand#35,JUMBO DRUM,21,41,3,56533.8504
F,F,R,TAKE BACK RETURN,Manufacturer#1,1-URGENT,4,MACHINERY,FOB,4,0.04,9,Brand#13,LG PACK,1,44,4,60822.3616
O,O,N,COLLECT COD,Manufacturer#3,2-HIGH,2,AUTOMOBILE,RAIL,3,0.07,18,Brand#35,LG PKG,5,19,2,26926.857
O,O,N,DELIVER IN PERSON,Manufacturer#1,2-HIGH,2,AUTOMOBILE,RAIL,2,0.06,8,Brand#13,JUMBO CASE,18,37,3,32897.9469
O,O,N,NONE,Manufacturer#3,2-HIGH,2,AUTOMOBILE,MAIL,1,0.02,8,Brand#35,LG DRUM,14,18,3,21857.58
O,O,N,COLLECT COD,Manufacturer#5,5-LOW,0,BUILDING,TRUCK,1,0.01,9,Brand#55,WRAP BAG,45,4,4,5775.6904
O,O,N,NONE,Manufacturer#3,5-LOW,0,BUILDING,FOB,4,0.02,8,Brand#35,LG PKG,8,43,3,71797.8396
O,O,N,COLLECT COD,Manufacturer#4,1-URGENT,1,FURNITURE,SHIP,2,0.04,21,Brand#41,WRAP CAN,20,12,1,19363.212
F,F,R,DELIVER IN PERSON,Manufacturer#3,4-NOT SPECIFIED,2,HOUSEHOLD,AIR,6,0.03,18,Brand#31,WRAP BAG,5,29,2,52594.7103
O,O,N,NONE,Manufacturer#3,1-URGENT,4,AUTOMOBILE,FOB,2,0.02,21,Brand#34,MED PKG,42,1,1,1249.6548
F,F,A,COLLECT COD,Manufacturer#5,2-HIGH,2,BUILDING,RAIL,4,0.01,18,Brand#54,LG CASE,38,38,2,58398.0124
O,O,N,COLLECT COD,Manufacturer#3,1-URGENT,3,AUTOMOBILE,SHIP,2,0.05,18,Brand#35,LG PKG,5,49,2,77158.83
O,O,N,NONE,Manufacturer#3,1-URGENT,3,AUTOMOBILE,TRUCK,1,0.08,12,Brand#35,SM JAR,33,49,0,81370.7328
O,O,N,TAKE BACK RETURN,Manufacturer#5,5-LOW,2,HOUSEHOLD,TRUCK,4,0.02,8,Brand#52,SM PKG,50,4,3,6771.492
O,O,N,TAKE BACK RETURN,Manufacturer#5,5-LOW,3,BUILDING,RAIL,4,0.04,8,Brand#54,WRAP DRUM,18,44,3,40595.1744
O,O,N,NONE,Manufacturer#4,5-LOW,3,BUILDING,RAIL,6,0.01,12,Brand#41,SM PACK,5,38,0,56202.1824
O,O,N,NONE,Manufacturer#5,5-LOW,3,BUILDING,REG AIR,3,0.04,9,Brand#54,MED CAN,9,39,4,41165.8494
O,O,N,DELIVER IN PERSON,Manufacturer#1,5-LOW,3,MACHINERY,REG AIR,4,0.04,18,Brand#13,LG DRUM,44,38,2,65723.7512
O,O,N,TAKE BACK RETURN,Manufacturer#1,5-LOW,4,BUILDING,MAIL,3,0.01,18,Brand#15,JUMBO JAR,49,11,2,19845.3332
O,O,N,COLLECT COD,Manufacturer#3,5-LOW,4,BUILDING,REG AIR,5,0.07,21,Brand#33,JUMBO CAN,47,48,1,67056.4608
O,O,N,COLLECT COD,Manufacturer#2,5-LOW,4,BUILDING,REG AIR,1,0.04,18,Brand#25,SM BAG,3,15,2,25838.9085
O,O,N,NONE,Manufacturer#1,3-MEDIUM,2,AUTOMOBILE,TRUCK,1,0.04,21,Brand#11,LG JAR,40,1,1,964.053
O,O,N,TAKE BACK RETURN,Manufacturer#2,3-MEDIUM,2,AUTOMOBILE,TRUCK,3,0.03,9,Brand#22,MED CASE,38,42,4,55439.6388
O,O,N,COLLECT COD,Manufacturer#5,4-NOT SPECIFIED,0,BUILDING,TRUCK,6,0.01,9,Brand#55,SM JAR,11,33,4,41890.6488
O,O,N,COLLECT COD,Manufacturer#5,4-NOT SPECIFIED,0,BUILDING,TRUCK,2,0.04,21,Brand#53,JUMBO DRUM,26,11,1,10872.081
O,O,N,TAKE BACK RETURN,Manufacturer#2,3-MEDIUM,4,FURNITURE,RAIL,2,0,8,Brand#23,SM PACK,14,3,3,3608.3208
O,O,N,TAKE BACK RETURN,Manufacturer#2,3-MEDIUM,4,FURNITURE,SHIP,3,0.04,21,Brand#23,LG PACK,27,19,1,18344.3632
O,P,N,DELIVER IN PERSON,Manufacturer#4,3-MEDIUM,4,FURNITURE,RAIL,1,0.02,21,Brand#45,MED CAN,24,35,1,31975.965
O,P,N,DELIVER IN PERSON,Manufacturer#2,3-MEDIUM,2,HOUSEHOLD,TRUCK,3,0.07,18,Brand#23,MED JAR,33,10,2,9470.4
O,O,N,COLLECT COD,Manufacturer#1,4-NOT SPECIFIED,4,FURNITURE,REG AIR,4,0.05,18,Brand#12,SM DRUM,40,2,2,2437.2132
O,P,N,NONE,Manufacturer#2,3-MEDIUM,1,BUILDING,REG AIR,4,0.05,18,Brand#25,SM BOX,41,46,2,61507.75
F,F,R,NONE,Manufacturer#2,5-LOW,4,FURNITURE,AIR,1,0.01,21,Brand#21,MED PKG,27,15,1,22485.129
F,F,A,COLLECT COD,Manufacturer#3,2-HIGH,3,HOUSEHOLD,AIR,7,0.06,12,Brand#31,MED DRUM,25,34,0,35371.8456
F,F,R,NONE,Manufacturer#3,2-HIGH,3,HOUSEHOLD,SHIP,2,0,21,Brand#35,JUMBO JAR,29,9,1,14997.5712
F,F,A,NONE,Manufacturer#4,5-LOW,4,FURNITURE,REG AIR,3,0.04,8,Brand#41,WRAP CASE,13,22,3,22425.2028
F,F,A,TAKE BACK RETURN,Manufacturer#3,5-LOW,4,FURNITURE,MAIL,1,0.01,12,Brand#35,JUMBO CASE,24,15,0,13339.164
F,F,A,DELIVER IN PERSON,Manufacturer#1,3-MEDIUM,4,MACHINERY,SHIP,2,0.08,18,Brand#12,JUMBO CAN,14,4,2,3381.6328
O,O,N,TAKE BACK RETURN,Manufacturer#2,5-LOW,0,AUTOMOBILE,FOB,4,0.06,8,Brand#22,WRAP DRUM,26,23,3,37862.0158
O,O,N,TAKE BACK RETURN,Manufacturer#4,5-LOW,0,AUTOMOBILE,TRUCK,3,0.01,21,Brand#42,MED CAN,11,16,1,20161.584
O,O,N,DELIVER IN PERSON,Manufacturer#4,5-LOW,0,FURNITURE,REG AIR,3,0.01,9,Brand#41,MED CAN,15,44,4,39498.3512
O,O,N,DELIVER IN PERSON,Manufacturer#5,5-LOW,0,FURNITURE,TRUCK,2,0.02,18,Brand#54,SM DRUM,23,23,2,23768.7819
O,O,N,NONE,Manufacturer#3,5-LOW,0,FURNITURE,AIR,6,0.08,12,Brand#32,LG PKG,11,50,0,59680.32
O,O,N,TAKE BACK RETURN,Manufacturer#5,5-LOW,0,MACHINERY,TRUCK,2,0.06,9,Brand#52,MED BAG,44,15,4,24602.7375
O,O,N,NONE,Manufacturer#3,5-LOW,0,MACHINERY,REG AIR,1,0,18,Brand#34,JUMBO JAR,20,38,2,52573.5738
O,O,N,DELIVER IN PERSON,Manufacturer#5,4-NOT SPECIFIED,3,AUTOMOBILE,RAIL,4,0,18,Brand#55,SM BOX,37,32,2,29350.368
O,O,N,TAKE BACK RETURN,Manufacturer#5,4-NOT SPECIFIED,3,AUTOMOBILE,RAIL,3,0.05,21,Brand#51,JUMBO CAN,28,8,1,13550.32
F,F,R,NONE,Manufacturer#5,4-NOT SPECIFIED,3,BUILDING,REG AIR,1,0.07,21,Brand#52,MED JAR,12,25,1,37682.325
O,O,N,DELIVER IN PERSON,Manufacturer#2,5-LOW,2,HOUSEHOLD,FOB,4,0.02,9,Brand#22,SM DRUM,42,24,4,30307.0464
O,O,N,NONE,Manufacturer#4,5-LOW,2,HOUSEHOLD,AIR,3,0.03,8,Brand#41,SM PACK,44,34,3,44723.94
O,O,N,COLLECT COD,Manufacturer#2,5-LOW,2,HOUSEHOLD,SHIP,2,0.05,9,Brand#23,JUMBO PACK,25,29,4,26498.6282
F,F,A,COLLECT COD,Manufacturer#2,2-HIGH,1,BUILDING,REG AIR,3,0.04,9,Brand#24,JUMBO BOX,38,23,4,37672.137
F,F,A,DELIVER IN PERSON,Manufacturer#2,2-HIGH,1,BUILDING,REG AIR,2,0.02,9,Brand#24,SM CAN,14,27,4,31941.9936
O,O,N,NONE,Manufacturer#3,5-LOW,1,BUILDING,REG AIR,4,0.06,8,Brand#33,SM CASE,46,23,3,20557.0734
F,F,A,DELIVER IN PERSON,Manufacturer#3,4-NOT SPECIFIED,0,AUTOMOBILE,SHIP,3,0.02,8,Brand#31,LG JAR,44,29,3,39375.3416
F,F,A,COLLECT COD,Manufacturer#3,4-NOT SPECIFIED,0,AUTOMOBILE,RAIL,1,0.08,18,Brand#33,SM PKG,7,1,2,1047.3846
F,F,R,COLLECT COD,Manufacturer#4,4-NOT SPECIFIED,0,AUTOMOBILE,FOB,2,0.02,9,Brand#43,JUMBO BAG,41,26,4,42294.72
O,O,N,NONE,Manufacturer#4,4-NOT SPECIFIED,3,BUILDING,REG AIR,3,0.06,8,Brand#45,MED BOX,34,38,3,44554.9848
F,F,A,NONE,Manufacturer#5,5-LOW,4,HOUSEHOLD,AIR,5,0.07,8,Brand#51,JUMBO PACK,30,50,3,74229.705
F,F,A,COLLECT COD,Manufacturer#2,5-LOW,3,BUILDING,MAIL,1,0.04,8,Brand#24,JUMBO JAR,29,31,3,31025.9811
O,O,N,DELIVER IN PERSON,Manufacturer#3,1-URGENT,2,BUILDING,MAIL,1,0.01,21,Brand#31,SM PKG,4,38,1,35938.8344
F,F,A,COLLECT COD,Manufacturer#5,3-MEDIUM,0,FURNITURE,REG AIR,3,0.02,8,Brand#54,WRAP CAN,13,22,3,18922.4068
O,O,N,COLLECT COD,Manufacturer#4,3-MEDIUM,1,BUILDING,MAIL,6,0.03,9,Brand#43,SM JAR,11,9,4,8189.0019
O,O,N,DELIVER IN PERSON,Manufacturer#1,3-MEDIUM,1,BUILDING,RAIL,5,0.06,21,Brand#12,SM DRUM,16,33,1,34502.3118
F,F,R,COLLECT COD,Manufacturer#2,1-URGENT,0,BUILDING,SHIP,2,0,12,Brand#24,LG PACK,50,22,0,20878.88
F,F,A,TAKE BACK RETURN,Manufacturer#3,2-HIGH,2,BUILDING,FOB,5,0.01,8,Brand#34,LG JAR,20,29,3,41159.1635
F,F,R,TAKE BACK RETURN,Manufacturer#5,2-HIGH,2,BUILDING,RAIL,4,0.01,18,Brand#53,WRAP CASE,1,16,2,18221.2608
F,F,R,NONE,Manufacturer#1,2-HIGH,2,BUILDING,RAIL,1,0.03,9,Brand#14,LG CAN,41,45,4,60855.48
O,O,N,DELIVER IN PERSON,Manufacturer#3,3-MEDIUM,4,BUILDING,REG AIR,4,0.05,9,Brand#35,SM CASE,22,12,4,19891.176
O,O,N,TAKE BACK RETURN,Manufacturer#2,3-MEDIUM,4,BUILDING,MAIL,2,0.06,18,Brand#24,JUMBO CAN,29,8,2,11730.0936
O,O,N,NONE,Manufacturer#3,3-MEDIUM,4,BUILDING,TRUCK,3,0.01,8,Brand#33,MED DRUM,29,18,3,21312.414
F,F,A,DELIVER IN PERSON,Manufacturer#3,5-LOW,4,AUTOMOBILE,MAIL,3,0.08,18,Brand#32,WRAP BOX,20,13,2,20951.0496
F,F,A,COLLECT COD,Manufacturer#2,5-LOW,4,AUTOMOBILE,MAIL,6,0.06,12,Brand#22,SM PACK,31,24,0,21485.3856
F,F,A,NONE,Manufacturer#4,5-LOW,4,AUTOMOBILE,MAIL,2,0.05,8,Brand#41,WRAP DRUM,9,48,3,66003.3648
O,O,N,TAKE BACK RETURN,Manufacturer#4,4-NOT SPECIFIED,3,FURNITURE,REG AIR,1,0.02,21,Brand#44,MED DRUM,14,14,1,19155.038
F,F,A,NONE,Manufacturer#5,3-MEDIUM,3,MACHINERY,FOB,1,0.05,9,Brand#52,MED BAG,44,2,4,3214.095
F,F,A,NONE,Manufacturer#2,3-MEDIUM,3,MACHINERY,REG AIR,4,0.01,9,Brand#24,JUMBO BOX,27,14,4,22579.5528
F,F,A,TAKE BACK RETURN,Manufacturer#1,3-MEDIUM,2,BUILDING,AIR,5,0.03,12,Brand#14,LG CAN,41,44,0,61382.1824
F,F,A,COLLECT COD,Manufacturer#2,3-MEDIUM,2,BUILDING,AIR,3,0.02,12,Brand#22,LG JAR,45,31,0,37323.752
O,O,N,NONE,Manufacturer#4,5-LOW,3,AUTOMOBILE,MAIL,4,0.05,18,Brand#42,SM CASE,16,38,2,40039.3308
O,O,N,DELIVER IN PERSON,Manufacturer#3,2-HIGH,3,AUTOMOBILE,AIR,3,0,9,Brand#33,LG DRUM,2,29,4,45491.6098
O,O,N,COLLECT COD,Manufacturer#1,4-NOT SPECIFIED,0,AUTOMOBILE,FOB,7,0,18,Brand#14,LG JAR,9,16,2,25832.016
O,O,N,NONE,Manufacturer#5,4-NOT SPECIFIED,0,AUTOMOBILE,TRUCK,4,0.07,12,Brand#53,WRAP DRUM,10,20,0,20137.996
F,F,A,DELIVER IN PERSON,Manufacturer#2,1-URGENT,3,FURNITURE,RAIL,2,0.08,9,Brand#25,WRAP PKG,37,10,4,13583.208
O,O,N,NONE,Manufacturer#2,2-HIGH,4,FURNITURE,SHIP,1,0.07,18,Brand#25,LG JAR,11,1,2,1162.5273
O,O,N,DELIVER IN PERSON,Manufacturer#5,2-HIGH,4,FURNITURE,REG AIR,4,0.07,9,Brand#52,JUMBO PKG,21,11,4,10791.88
O,O,N,DELIVER IN PERSON,Manufacturer#4,2-HIGH,4,FURNITURE,RAIL,3,0.07,18,Brand#44,SM JAR,27,23,2,32695.397
F,F,R,COLLECT COD,Manufacturer#4,5-LOW,1,MACHINERY,TRUCK,3,0,9,Brand#44,WRAP CAN,19,40,4,70651.696
F,F,R,NONE,Manufacturer#1,5-LOW,1,MACHINERY,REG AIR,2,0.05,18,Brand#15,JUMBO JAR,3,19,2,22185.369
F,F,A,DELIVER IN PERSON,Manufacturer#5,5-LOW,1,MACHINERY,MAIL,4,0.01,8,Brand#53,JUMBO JAR,28,25,3,30004.6725
O,O,N,NONE,Manufacturer#2,4-NOT SPECIFIED,2,AUTOMOBILE,FOB,2,0.01,21,Brand#25,SM PACK,7,8,1,12430.5288
O,O,N,NONE,Manufacturer#1,1-URGENT,2,FURNITURE,REG AIR,1,0.01,12,Brand#13,SM BOX,4,23,0,27219.8008
O,O,N,TAKE BACK RETURN,Manufacturer#3,1-URGENT,2,FURNITURE,TRUCK,4,0,8,Brand#35,JUMBO DRUM,21,50,3,68943.72
O,O,N,DELIVER IN PERSON,Manufacturer#1,1-URGENT,2,FURNITURE,REG AIR,5,0.03,8,Brand#13,SM BAG,29,3,3,4795.923
O,O,N,COLLECT COD,Manufacturer#4,4-NOT SPECIFIED,1,FURNITURE,SHIP,4,0.08,18,Brand#43,JUMBO PACK,14,19,2,16521.9801
O,O,N,DELIVER IN PERSON,Manufacturer#3,4-NOT SPECIFIED,1,FURNITURE,AIR,2,0.05,18,Brand#32,LG PKG,6,40,2,48904.2
F,F,R,COLLECT COD,Manufacturer#3,4-NOT SPECIFIED,0,HOUSEHOLD,TRUCK,6,0,18,Brand#35,JUMBO JAR,42,43,2,38102.2656
F,F,R,COLLECT COD,Manufacturer#3,3-MEDIUM,3,BUILDING,SHIP,6,0.03,18,Brand#32,LG PACK,8,31,2,40338.192
F,F,R,COLLECT COD,Manufacturer#5,1-URGENT,2,AUTOMOBILE,TRUCK,2,0.03,18,Brand#55,SM CASE,38,20,2,32137.452
F,F,R,DELIVER IN PERSON,Manufacturer#4,2-HIGH,4,FURNITURE,REG AIR,3,0.04,8,Brand#45,SM CAN,21,43,3,41407.968
F,F,A,NONE,Manufacturer#1,5-LOW,2,HOUSEHOLD,REG AIR,5,0.02,21,Brand#15,LG DRUM,31,10,1,12447.399
F,F,A,COLLECT COD,Manufacturer#4,2-HIGH,2,AUTOMOBILE,TRUCK,4,0.05,8,Brand#45,MED DRUM,33,32,3,41256.864
F,F,R,DELIVER IN PERSON,Manufacturer#4,2-HIGH,2,AUTOMOBILE,REG AIR,2,0,18,Brand#45,MED DRUM,33,34,2,45783.6588
F,F,R,COLLECT COD,Manufacturer#1,2-HIGH,2,AUTOMOBILE,RAIL,3,0.04,8,Brand#14,JUMBO BOX,44,30,3,35528.22
F,F,A,COLLECT COD,Manufacturer#2,3-MEDIUM,0,FURNITURE,REG AIR,3,0.03,8,Brand#24,WRAP CAN,19,7,3,7492.5774
F,F,R,DELIVER IN PERSON,Manufacturer#2,4-NOT SPECIFIED,0,MACHINERY,MAIL,5,0.04,18,Brand#25,LG CASE,39,4,2,4757.148
F,F,R,COLLECT COD,Manufacturer#1,1-URGENT,2,AUTOMOBILE,RAIL,4,0.07,8,Brand#12,JUMBO DRUM,17,15,3,18490.881
F,F,R,NONE,Manufacturer#1,1-URGENT,2,AUTOMOBILE,FOB,6,0.03,18,Brand#11,WRAP CASE,26,12,2,19971.8064
F,F,R,NONE,Manufacturer#3,1-URGENT,2,AUTOMOBILE,RAIL,2,0.08,12,Brand#31,MED JAR,21,37,0,48603.9918
F,F,A,TAKE BACK RETURN,Manufacturer#3,3-MEDIUM,2,AUTOMOBILE,FOB,6,0.08,12,Brand#32,LG PKG,11,4,0,4625.2248
O,O,N,DELIVER IN PERSON,Manufacturer#3,5-LOW,2,HOUSEHOLD,SHIP,3,0.01,18,Brand#32,LG PKG,6,6,2,7498.644
F,F,R,DELIVER IN PERSON,Manufacturer#1,3-MEDIUM,3,FURNITURE,TRUCK,3,0.01,21,Brand#14,SM PKG,13,48,1,45092.6592
F,F,R,NONE,Manufacturer#5,3-MEDIUM,3,FURNITURE,AIR,4,0,21,Brand#53,WRAP CASE,1,11,1,12396.626
O,O,N,COLLECT COD,Manufacturer#4,2-HIGH,4,FURNITURE,RAIL,7,0,18,Brand#44,MED DRUM,45,9,2,15286.374
O,O,N,NONE,Manufacturer#1,2-HIGH,4,FURNITURE,AIR,1,0.02,9,Brand#14,SM JAR,20,40,4,67616.64
O,O,N,COLLECT COD,Manufacturer#3,5-LOW,1,MACHINERY,FOB,2,0.04,8,Brand#34,WRAP BAG,5,23,3,28791.9198
O,O,N,DELIVER IN PERSON,Manufacturer#1,5-LOW,1,MACHINERY,MAIL,3,0.02,18,Brand#15,JUMBO CAN,18,10,2,14877.192
O,O,N,COLLECT COD,Manufacturer#5,5-LOW,1,MACHINERY,AIR,4,0.01,8,Brand#51,WRAP CASE,1,33,3,48917.8074
O,O,N,DELIVER IN PERSON,Manufacturer#1,3-MEDIUM,3,MACHINERY,RAIL,1,0.02,18,Brand#11,JUMBO PACK,12,31,2,52004.577
O,O,N,NONE,Manufacturer#2,3-MEDIUM,3,MACHINERY,FOB,4,0.01,21,Brand#24,WRAP PACK,12,37,1,57951.9419
O,O,N,NONE,Manufacturer#4,2-HIGH,2,HOUSEHOLD,RAIL,1,0.01,8,Brand#44,LG CASE,37,19,3,18360.8096
F,F,R,COLLECT COD,Manufacturer#5,3-MEDIUM,4,FURNITURE,MAIL,3,0,9,Brand#55,LG JAR,38,23,4,28725.7971
F,F,R,DELIVER IN PERSON,Manufacturer#5,1-URGENT,0,MACHINERY,SHIP,4,0.08,12,Brand#54,SM CAN,32,38,0,62652.12
F,F,A,DELIVER IN PERSON,Manufacturer#2,1-URGENT,0,MACHINERY,RAIL,1,0.06,8,Brand#24,MED CASE,36,27,3,30784.9572
O,O,N,NONE,Manufacturer#4,1-URGENT,1,AUTOMOBILE,FOB,3,0.06,12,Brand#43,LG BAG,26,1,0,1533.3668
O,O,N,TAKE BACK RETURN,Manufacturer#5,1-URGENT,1,AUTOMOBILE,REG AIR,2,0.04,9,Brand#52,LG CASE,21,27,4,43725.1716
O,O,N,NONE,Manufacturer#1,1-URGENT,0,AUTOMOBILE,FOB,3,0,8,Brand#14,LG PACK,44,19,3,27029.628
O,O,N,NONE,Manufacturer#2,1-URGENT,0,AUTOMOBILE,MAIL,1,0.06,9,Brand#24,MED JAR,12,7,4,8570.4724
O,O,N,COLLECT COD,Manufacturer#4,1-URGENT,0,AUTOMOBILE,RAIL,5,0.03,8,Brand#45,WRAP PACK,9,5,3,6914.2255
O,O,N,COLLECT COD,Manufacturer#3,1-URGENT,0,AUTOMOBILE,TRUCK,2,0.02,18,Brand#32,LG PKG,36,39,2,62492.9214
O,O,N,NONE,Manufacturer#4,3-MEDIUM,1,HOUSEHOLD,RAIL,1,0.01,8,Brand#42,LG DRUM,48,34,3,49174.6148
O,O,N,COLLECT COD,Manufacturer#5,3-MEDIUM,2,BUILDING,MAIL,5,0.06,8,Brand#55,WRAP PKG,27,3,3,4973.2416
O,O,N,DELIVER IN PERSON,Manufacturer#5,3-MEDIUM,2,BUILDING,AIR,2,0.05,8,Brand#51,MED PACK,41,34,3,33790.1452
O,O,N,NONE,Manufacturer#1,3-MEDIUM,2,BUILDING,AIR,3,0.07,18,Brand#11,WRAP CAN,49,21,2,26801.775
O,O,N,NONE,Manufacturer#1,3-MEDIUM,1,AUTOMOBILE,MAIL,1,0.02,9,Brand#14,MED CASE,46,40,4,44669.184
F,F,R,DELIVER IN PERSON,Manufacturer#3,2-HIGH,1,FURNITURE,MAIL,3,0.04,8,Brand#32,SM CASE,9,26,3,45748.3182
O,O,N,COLLECT COD,Manufacturer#1,2-HIGH,3,MACHINERY,TRUCK,2,0.06,18,Brand#15,LG DRUM,17,11,2,18021.6806
O,O,N,NONE,Manufacturer#1,2-HIGH,3,MACHINERY,AIR,1,0.06,21,Brand#11,MED BAG,20,30,1,28750.995
F,F,A,NONE,Manufacturer#3,4-NOT SPECIFIED,1,FURNITURE,TRUCK,2,0.08,9,Brand#34,MED CASE,4,11,4,9729.2415
F,F,R,TAKE BACK RETURN,Manufacturer#5,4-NOT SPECIFIED,1,FURNITURE,TRUCK,1,0.01,12,Brand#54,MED JAR,46,48,0,76514.0448
O,O,N,COLLECT COD,Manufacturer#4,3-MEDIUM,2,FURNITURE,TRUCK,2,0.02,21,Brand#45,MED JAR,40,14,1,23377.0082
O,O,N,COLLECT COD,Manufacturer#5,3-MEDIUM,2,FURNITURE,AIR,3,0.01,8,Brand#53,LG CASE,2,40,3,68358.108
O,O,N,COLLECT COD,Manufacturer#5,3-MEDIUM,2,FURNITURE,AIR,1,0,18,Brand#52,JUMBO BOX,46,18,2,22637.9934
O,O,N,NONE,Manufacturer#5,3-MEDIUM,2,FURNITURE,FOB,5,0.04,18,Brand#51,MED PKG,47,38,2,61181.919
O,O,N,TAKE BACK RETURN,Manufacturer#1,3-MEDIUM,2,FURNITURE,TRUCK,6,0.08,18,Brand#13,WRAP JAR,27,4,2,3895.8488
F,F,A,NONE,Manufacturer#4,5-LOW,3,FURNITURE,REG AIR,4,0.03,12,Brand#41,WRAP PKG,26,10,0,11153.397
F,P,R,DELIVER IN PERSON,Manufacturer#4,4-NOT SPECIFIED,3,BUILDING,TRUCK,3,0.05,12,Brand#41,JUMBO CASE,29,16,0,26392.944
O,O,N,DELIVER IN PERSON,Manufacturer#2,3-MEDIUM,0,FURNITURE,RAIL,1,0,12,Brand#21,LG CAN,33,25,0,28621.79
O,O,N,TAKE BACK RETURN,Manufacturer#3,5-LOW,2,FURNITURE,AIR,1,0.04,21,Brand#34,SM DRUM,4,48,1,68406.4656
F,F,R,COLLECT COD,Manufacturer#2,2-HIGH,3,BUILDING,REG AIR,7,0.05,8,Brand#22,WRAP BAG,2,42,3,42647.1108
F,F,R,NONE,Manufacturer#2,2-HIGH,3,BUILDING,TRUCK,2,0.04,18,Brand#22,SM PACK,19,40,2,54072.216
F,F,R,COLLECT COD,Manufacturer#4,2-HIGH,3,BUILDING,MAIL,1,0.01,18,Brand#42,MED CASE,29,49,2,59925.8583
O,O,N,DELIVER IN PERSON,Manufacturer#3,5-LOW,4,MACHINERY,RAIL,3,0.06,21,Brand#32,WRAP PACK,24,22,1,29667.759
O,O,N,COLLECT COD,Manufacturer#4,5-LOW,4,MACHINERY,RAIL,1,0,21,Brand#44,WRAP BAG,38,44,1,72588.9164
O,O,N,DELIVER IN PERSON,Manufacturer#2,2-HIGH,2,BUILDING,REG AIR,1,0.07,18,Brand#21,JUMBO BAG,44,26,2,24157.9962
O,O,N,NONE,Manufacturer#2,2-HIGH,3,AUTOMOBILE,SHIP,2,0.04,9,Brand#21,JUMBO BAG,41,38,4,52349.8032
O,O,N,COLLECT COD,Manufacturer#2,2-HIGH,0,FURNITURE,AIR,2,0.01,8,Brand#22,WRAP BAG,9,43,3,67292.721
O,O,N,TAKE BACK RETURN,Manufacturer#3,2-HIGH,0,FURNITURE,TRUCK,5,0.06,21,Brand#32,LG DRUM,43,8,1,7200.648
F,F,A,COLLECT COD,Manufacturer#4,3-MEDIUM,4,HOUSEHOLD,FOB,1,0.08,9,Brand#41,MED PACK,2,4,4,6983.36
F,F,A,DELIVER IN PERSON,Manufacturer#4,3-MEDIUM,4,HOUSEHOLD,SHIP,2,0.03,21,Brand#42,MED CASE,29,46,1,53415.6692
O,O,N,DELIVER IN PERSON,Manufacturer#3,4-NOT SPECIFIED,2,AUTOMOBILE,MAIL,2,0.06,18,Brand#35,SM JAR,7,47,2,54346.3914
O,O,N,COLLECT COD,Manufacturer#5,4-NOT SPECIFIED,2,AUTOMOBILE,FOB,3,0.08,9,Brand#52,SM BOX,9,21,4,27840.4056
O,O,N,DELIVER IN PERSON,Manufacturer#3,4-NOT SPECIFIED,2,AUTOMOBILE,TRUCK,4,0.02,12,Brand#33,SM CASE,46,34,0,30061.9568
F,F,R,COLLECT COD,Manufacturer#4,5-LOW,1,MACHINERY,REG AIR,4,0.03,18,Brand#44,SM JAR,27,36,2,48564.414
F,F,A,TAKE BACK RETURN,Manufacturer#5,5-LOW,1,MACHINERY,AIR,1,0.07,9,Brand#55,JUMBO CAN,42,50,4,58773.175
O,O,N,TAKE BACK RETURN,Manufacturer#5,4-NOT SPECIFIED,0,AUTOMOBILE,TRUCK,5,0,21,Brand#53,SM CASE,17,37,1,50458.8795
F,F,R,NONE,Manufacturer#3,3-MEDIUM,4,AUTOMOBILE,TRUCK,3,0.08,9,Brand#31,MED BOX,46,34,4,54922.988
F,F,R,COLLECT COD,Manufacturer#3,3-MEDIUM,4,AUTOMOBILE,RAIL,4,0.04,9,Brand#31,MED BOX,46,41,4,67670.459
F,F,R,NONE,Manufacturer#3,2-HIGH,1,AUTOMOBILE,FOB,1,0.08,21,Brand#32,LG CAN,1,22,1,23580.1632
F,F,R,DELIVER IN PERSON,Manufacturer#2,1-URGENT,2,AUTOMOBILE,FOB,3,0.02,18,Brand#21,JUMBO DRUM,49,30,2,40759.2
F,F,R,NONE,Manufacturer#1,1-URGENT,2,AUTOMOBILE,REG AIR,2,0.02,18,Brand#12,JUMBO BAG,43,19,2,22293.4676
F,F,A,DELIVER IN PERSON,Manufacturer#4,1-URGENT,1,BUILDING,REG AIR,1,0.04,8,Brand#42,LG DRUM,48,50,3,73084.925
F,F,R,TAKE BACK RETURN,Manufacturer#4,2-HIGH,1,AUTOMOBILE,FOB,5,0.07,18,Brand#43,WRAP CASE,24,30,2,51224.22
O,O,N,NONE,Manufacturer#4,3-MEDIUM,3,MACHINERY,RAIL,2,0,12,Brand#41,JUMBO DRUM,6,34,0,42662.2616
O,O,N,TAKE BACK RETURN,Manufacturer#5,3-MEDIUM,3,MACHINERY,AIR,6,0.01,8,Brand#51,SM PACK,30,41,3,60617.106
O,O,N,DELIVER IN PERSON,Manufacturer#2,2-HIGH,2,MACHINERY,TRUCK,1,0.01,18,Brand#23,LG JAR,20,41,2,46339.7703
O,O,N,NONE,Manufacturer#5,2-HIGH,2,MACHINERY,SHIP,2,0.03,8,Brand#51,JUMBO CASE,33,10,3,10371.453
F,F,A,COLLECT COD,Manufacturer#1,4-NOT SPECIFIED,3,MACHINERY,AIR,2,0.08,9,Brand#15,LG CASE,41,48,4,67809.9456
O,O,N,COLLECT COD,Manufacturer#3,1-URGENT,2,BUILDING,AIR,1,0.04,8,Brand#35,JUMBO DRUM,21,45,3,62049.348
O,O,N,TAKE BACK RETURN,Manufacturer#5,3-MEDIUM,4,BUILDING,SHIP,2,0.02,18,Brand#53,SM BAG,24,29,2,30309.06
O,O,N,COLLECT COD,Manufacturer#5,4-NOT SPECIFIED,3,HOUSEHOLD,TRUCK,3,0.03,21,Brand#55,JUMBO BAG,19,30,1,40944.924
O,P,N,COLLECT COD,Manufacturer#1,2-HIGH,4,HOUSEHOLD,AIR,3,0.04,8,Brand#15,SM PACK,24,15,3,19851.714
F,P,N,NONE,Manufacturer#5,2-HIGH,4,HOUSEHOLD,FOB,1,0.01,18,Brand#52,JUMBO PKG,17,18,2,23208.768
F,F,R,TAKE BACK RETURN,Manufacturer#4,1-URGENT,0,BUILDING,MAIL,4,0.01,18,Brand#45,JUMBO PACK,34,21,2,19173.168
F,F,R,COLLECT COD,Manufacturer#4,1-URGENT,0,BUILDING,SHIP,1,0.07,12,Brand#42,WRAP DRUM,28,3,0,3932.7195
F,F,R,COLLECT COD,Manufacturer#1,4-NOT SPECIFIED,1,FURNITURE,TRUCK,2,0.08,21,Brand#11,MED BOX,25,3,1,3462.006
O,O,N,DELIVER IN PERSON,Manufacturer#1,3-MEDIUM,0,AUTOMOBILE,FOB,2,0.07,18,Brand#12,JUMBO BAG,40,19,2,24848.1696
O,O,N,NONE,Manufacturer#4,3-MEDIUM,0,AUTOMOBILE,SHIP,3,0.03,21,Brand#43,JUMBO BAG,47,27,1,46860.498
F,F,A,DELIVER IN PERSON,Manufacturer#2,4-NOT SPECIFIED,4,HOUSEHOLD,SHIP,3,0.03,9,Brand#21,JUMBO BAG,41,38,4,51235.9776
F,F,A,COLLECT COD,Manufacturer#4,4-NOT SPECIFIED,4,HOUSEHOLD,REG AIR,2,0.06,18,Brand#42,MED CASE,29,20,2,23471.27
F,F,A,DELIVER IN PERSON,Manufacturer#5,4-NOT SPECIFIED,4,HOUSEHOLD,RAIL,4,0.05,18,Brand#51,WRAP JAR,35,43,2,47005.794
O,O,N,TAKE BACK RETURN,Manufacturer#5,3-MEDIUM,1,AUTOMOBILE,AIR,2,0.02,9,Brand#55,LG JAR,38,40,4,51055.884
F,F,R,COLLECT COD,Manufacturer#4,4-NOT SPECIFIED,1,HOUSEHOLD,FOB,1,0.03,12,Brand#42,WRAP PKG,38,10,0,13415.31
F,F,R,DELIVER IN PERSON,Manufacturer#2,4-NOT SPECIFIED,1,HOUSEHOLD,REG AIR,2,0.06,21,Brand#22,SM PKG,37,37,1,38040.44
F,F,A,COLLECT COD,Manufacturer#2,3-MEDIUM,3,FURNITURE,FOB,3,0.07,8,Brand#25,JUMBO CASE,1,35,3,55915.0515
F,F,R,DELIVER IN PERSON,Manufacturer#5,3-MEDIUM,3,FURNITURE,FOB,1,0.01,18,Brand#52,JUMBO JAR,35,25,2,34795.7175
F,F,R,NONE,Manufacturer#3,1-URGENT,2,FURNITURE,RAIL,3,0.08,21,Brand#33,WRAP PKG,25,28,1,25803.358
F,F,A,NONE,Manufacturer#3,1-URGENT,2,FURNITURE,REG AIR,5,0.01,12,Brand#34,MED PKG,14,6,0,11023.0218
F,F,A,TAKE BACK RETURN,Manufacturer#4,4-NOT SPECIFIED,1,FURNITURE,AIR,7,0.03,12,Brand#45,MED PKG,8,40,0,52952.62
F,F,A,COLLECT COD,Manufacturer#5,4-NOT SPECIFIED,1,FURNITURE,FOB,1,0.01,18,Brand#53,LG BAG,10,6,2,5027.562
F,F,R,TAKE BACK RETURN,Manufacturer#3,4-NOT SPECIFIED,1,FURNITURE,TRUCK,6,0.02,18,Brand#34,JUMBO CASE,19,5,2,8904.5055
O,O,N,DELIVER IN PERSON,Manufacturer#4,1-URGENT,2,BUILDING,REG AIR,1,0.05,12,Brand#45,MED JAR,16,32,0,37898.4672
O,O,N,COLLECT COD,Manufacturer#1,1-URGENT,2,BUILDING,RAIL,5,0.05,18,Brand#11,JUMBO BOX,38,46,2,68098.2988
O,O,N,COLLECT COD,Manufacturer#3,1-URGENT,4,HOUSEHOLD,FOB,1,0.02,18,Brand#31,WRAP PKG,40,17,2,14717.8656
F,F,A,DELIVER IN PERSON,Manufacturer#1,1-URGENT,4,BUILDING,RAIL,1,0.04,21,Brand#13,MED PKG,6,37,1,34470.1102
F,F,A,NONE,Manufacturer#5,4-NOT SPECIFIED,1,FURNITURE,SHIP,5,0.08,8,Brand#54,JUMBO PACK,37,31,3,45312.6535
F,F,A,DELIVER IN PERSON,Manufacturer#3,4-NOT SPECIFIED,1,FURNITURE,TRUCK,1,0.07,18,Brand#35,LG BOX,13,4,2,6989.652
F,F,R,NONE,Manufacturer#4,4-NOT SPECIFIED,1,FURNITURE,MAIL,4,0.04,9,Brand#45,MED BOX,34,28,4,32131.4784
F,F,A,TAKE BACK RETURN,Manufacturer#3,5-LOW,3,MACHINERY,RAIL,5,0.03,9,Brand#35,SM JAR,3,18,4,27790.9074
F,F,A,TAKE BACK RETURN,Manufacturer#2,5-LOW,3,MACHINERY,RAIL,2,0.03,9,Brand#23,SM CASE,31,32,4,34982.9632
F,F,A,COLLECT COD,Manufacturer#3,5-LOW,2,HOUSEHOLD,FOB,3,0.08,9,Brand#31,JUMBO JAR,38,38,4,63907.64
F,F,R,COLLECT COD,Manufacturer#1,3-MEDIUM,2,AUTOMOBILE,RAIL,1,0.01,8,Brand#13,JUMBO PACK,39,4,3,5025.196
F,P,A,DELIVER IN PERSON,Manufacturer#5,5-LOW,1,AUTOMOBILE,AIR,6,0.05,9,Brand#52,LG CASE,21,47,4,73685.0114
F,P,R,NONE,Manufacturer#5,4-NOT SPECIFIED,0,FURNITURE,RAIL,2,0.05,21,Brand#51,JUMBO JAR,20,14,1,14041.5184
F,P,R,COLLECT COD,Manufacturer#1,4-NOT SPECIFIED,0,FURNITURE,FOB,3,0.05,21,Brand#14,MED CAN,23,12,1,19568.628
O,O,N,DELIVER IN PERSON,Manufacturer#4,4-NOT SPECIFIED,0,MACHINERY,AIR,4,0.02,18,Brand#45,MED DRUM,33,50,2,70910.235
O,O,N,NONE,Manufacturer#2,4-NOT SPECIFIED,0,MACHINERY,MAIL,3,0,12,Brand#24,SM PACK,30,27,0,27398.4066
O,O,N,TAKE BACK RETURN,Manufacturer#1,4-NOT SPECIFIED,1,MACHINERY,MAIL,1,0.05,21,Brand#15,WRAP BOX,26,27,1,37260.7776
F,F,A,NONE,Manufacturer#3,1-URGENT,3,FURNITURE,RAIL,7,0.04,18,Brand#31,MED PKG,21,11,2,13200.957
F,F,A,DELIVER IN PERSON,Manufacturer#1,1-URGENT,3,FURNITURE,TRUCK,1,0.02,18,Brand#12,JUMBO BAG,43,14,2,17140.9728
O,O,N,NONE,Manufacturer#5,3-MEDIUM,3,MACHINERY,SHIP,4,0.06,8,Brand#54,MED JAR,46,30,3,47312.541
O,O,N,NONE,Manufacturer#4,1-URGENT,2,FURNITURE,RAIL,7,0.02,9,Brand#42,SM JAR,47,47,4,38920.7
O,O,N,TAKE BACK RETURN,Manufacturer#2,4-NOT SPECIFIED,1,HOUSEHOLD,AIR,2,0.08,8,Brand#21,MED PACK,12,1,3,1692.786
O,O,N,NONE,Manufacturer#1,5-LOW,3,BUILDING,SHIP,2,0.06,12,Brand#12,JUMBO PACK,30,43,0,58571.7448
F,F,R,NONE,Manufacturer#2,4-NOT SPECIFIED,3,HOUSEHOLD,RAIL,2,0.01,18,Brand#25,LG JAR,11,47,2,52983.0624
F,F,R,TAKE BACK RETURN,Manufacturer#4,4-NOT SPECIFIED,4,MACHINERY,FOB,2,0.07,9,Brand#44,SM BAG,7,16,4,16206.2208
F,F,A,DELIVER IN PERSON,Manufacturer#1,2-HIGH,0,MACHINERY,AIR,3,0.05,8,Brand#12,JUMBO DRUM,33,33,3,46535.6892
O,O,N,TAKE BACK RETURN,Manufacturer#3,1-URGENT,2,AUTOMOBILE,MAIL,3,0.06,18,Brand#32,WRAP DRUM,27,8,2,10083.2664
O,O,N,DELIVER IN PERSON,Manufacturer#5,1-URGENT,2,AUTOMOBILE,AIR,5,0.03,18,Brand#54,SM BOX,42,29,2,33577.8443
O,O,N,TAKE BACK RETURN,Manufacturer#5,4-NOT SPECIFIED,3,FURNITURE,AIR,6,0.07,12,Brand#54,LG BAG,10,26,0,31991.3256
O,O,N,TAKE BACK RETURN,Manufacturer#1,4-NOT SPECIFIED,3,FURNITURE,AIR,2,0.01,18,Brand#15,LG CASE,41,45,2,73396.818
O,O,N,TAKE BACK RETURN,Manufacturer#5,4-NOT SPECIFIED,3,FURNITURE,REG AIR,5,0,8,Brand#55,JUMBO CAN,47,25,3,25443.84
F,F,R,COLLECT COD,Manufacturer#2,1-URGENT,2,FURNITURE,REG AIR,7,0.07,9,Brand#23,MED PKG,17,23,4,29942.5868
O,O,N,TAKE BACK RETURN,Manufacturer#5,3-MEDIUM,2,FURNITURE,RAIL,1,0.05,9,Brand#55,JUMBO CASE,35,39,4,66555.606
F,F,R,TAKE BACK RETURN,Manufacturer#2,3-MEDIUM,1,MACHINERY,SHIP,1,0.02,21,Brand#24,JUMBO PACK,48,11,1,13688.2746
F,F,A,TAKE BACK RETURN,Manufacturer#1,2-HIGH,1,MACHINERY,MAIL,2,0,21,Brand#12,JUMBO DRUM,12,39,1,33803.406
O,O,N,TAKE BACK RETURN,Manufacturer#3,1-URGENT,2,HOUSEHOLD,TRUCK,1,0.07,21,Brand#34,SM CAN,5,26,1,32726.0024
F,F,R,DELIVER IN PERSON,Manufacturer#4,5-LOW,1,BUILDING,MAIL,4,0.07,8,Brand#43,WRAP BAG,26,46,3,60726.6378
F,F,R,TAKE BACK RETURN,Manufacturer#5,5-LOW,1,BUILDING,REG AIR,3,0.01,8,Brand#52,WRAP PACK,27,31,3,37854.441
F,F,R,COLLECT COD,Manufacturer#3,5-LOW,1,BUILDING,TRUCK,7,0.04,18,Brand#33,MED PKG,49,21,2,26202.5295
F,F,A,NONE,Manufacturer#5,2-HIGH,3,AUTOMOBILE,TRUCK,1,0.08,9,Brand#55,JUMBO CASE,25,23,4,21507.4656
F,F,A,NONE,Manufacturer#3,2-HIGH,3,AUTOMOBILE,TRUCK,2,0.08,9,Brand#33,SM PACK,41,48,4,77680.7424
F,F,A,TAKE BACK RETURN,Manufacturer#4,5-LOW,4,BUILDING,SHIP,1,0.03,8,Brand#45,SM PACK,16,28,3,34643.84
F,F,R,TAKE BACK RETURN,Manufacturer#1,3-MEDIUM,3,MACHINERY,RAIL,4,0,12,Brand#12,JUMBO BAG,31,33,0,58844.6298
F,F,A,COLLECT COD,Manufacturer#2,3-MEDIUM,3,MACHINERY,RAIL,5,0.03,21,Brand#22,LG CAN,20,43,1,41306.1784
F,F,R,DELIVER IN PERSON,Manufacturer#3,3-MEDIUM,3,MACHINERY,SHIP,3,0,8,Brand#32,LG PKG,36,42,3,50824.0656
F,F,A,COLLECT COD,Manufacturer#4,2-HIGH,1,AUTOMOBILE,RAIL,7,0.05,21,Brand#45,SM JAR,47,16,1,19684.9472
F,F,A,COLLECT COD,Manufacturer#5,2-HIGH,1,AUTOMOBILE,RAIL,1,0,18,Brand#54,LG CAN,44,25,2,21840.24
F,F,R,TAKE BACK RETURN,Manufacturer#1,2-HIGH,1,AUTOMOBILE,RAIL,3,0.03,8,Brand#12,MED PACK,48,32,3,54524.0064
F,F,A,DELIVER IN PERSON,Manufacturer#2,2-HIGH,1,AUTOMOBILE,REG AIR,4,0.06,18,Brand#25,SM PACK,28,36,2,50954.508
F,F,R,DELIVER IN PERSON,Manufacturer#1,1-URGENT,3,MACHINERY,TRUCK,1,0.08,18,Brand#13,JUMBO PKG,7,33,2,28543.68
O,P,N,COLLECT COD,Manufacturer#1,5-LOW,1,MACHINERY,REG AIR,1,0.07,8,Brand#12,JUMBO DRUM,17,5,3,6032.486
F,P,N,COLLECT COD,Manufacturer#3,5-LOW,1,MACHINERY,SHIP,2,0.03,18,Brand#35,JUMBO CAN,6,30,2,39997.23
O,O,N,DELIVER IN PERSON,Manufacturer#3,4-NOT SPECIFIED,0,MACHINERY,REG AIR,2,0.04,8,Brand#35,WRAP BAG,10,19,3,30093.435
F,F,A,COLLECT COD,Manufacturer#1,3-MEDIUM,0,AUTOMOBILE,TRUCK,1,0.07,12,Brand#13,MED BOX,49,22,0,36034.218
F,F,R,NONE,Manufacturer#5,2-HIGH,3,AUTOMOBILE,REG AIR,1,0.08,9,Brand#55,LG BAG,36,49,4,52314.948
O,O,N,DELIVER IN PERSON,Manufacturer#3,4-NOT SPECIFIED,3,BUILDING,SHIP,5,0,12,Brand#35,JUMBO CASE,12,14,0,22976.415
O,O,N,COLLECT COD,Manufacturer#3,4-NOT SPECIFIED,3,BUILDING,MAIL,1,0.04,9,Brand#33,LG CAN,14,35,4,42523.32
O,O,N,COLLECT COD,Manufacturer#3,1-URGENT,1,HOUSEHOLD,REG AIR,1,0.06,8,Brand#32,LG PKG,14,9,3,12604.41
O,O,N,NONE,Manufacturer#4,1-URGENT,1,AUTOMOBILE,AIR,3,0.04,18,Brand#43,JUMBO PACK,25,13,2,18336.63
O,O,N,COLLECT COD,Manufacturer#2,1-URGENT,1,HOUSEHOLD,SHIP,5,0.07,8,Brand#25,WRAP PACK,10,49,3,70500.3572
F,F,R,COLLECT COD,Manufacturer#2,3-MEDIUM,0,FURNITURE,RAIL,3,0.01,12,Brand#25,LG DRUM,25,44,0,38707.636
O,O,N,TAKE BACK RETURN,Manufacturer#5,4-NOT SPECIFIED,0,MACHINERY,AIR,1,0.06,8,Brand#53,MED BOX,12,19,3,19134.9
F,F,A,DELIVER IN PERSON,Manufacturer#5,4-NOT SPECIFIED,2,AUTOMOBILE,RAIL,3,0.03,18,Brand#52,JUMBO BOX,46,21,2,25610.6592
F,F,R,DELIVER IN PERSON,Manufacturer#1,4-NOT SPECIFIED,2,AUTOMOBILE,TRUCK,7,0.02,12,Brand#13,MED JAR,17,44,0,79510.6928
F,F,R,TAKE BACK RETURN,Manufacturer#1,4-NOT SPECIFIED,2,AUTOMOBILE,MAIL,2,0.08,8,Brand#11,LG DRUM,24,31,3,47964.4896
F,F,R,DELIVER IN PERSON,Manufacturer#4,4-NOT SPECIFIED,2,BUILDING,TRUCK,1,0.05,12,Brand#44,MED CAN,28,42,0,37870.2912
F,F,R,TAKE BACK RETURN,Manufacturer#3,4-NOT SPECIFIED,2,BUILDING,TRUCK,5,0.01,9,Brand#32,MED CASE,15,27,4,36871.7184
O,O,N,COLLECT COD,Manufacturer#2,4-NOT SPECIFIED,4,BUILDING,MAIL,3,0.07,18,Brand#25,MED DRUM,10,20,2,22081.662
O,O,N,COLLECT COD,Manufacturer#2,4-NOT SPECIFIED,4,BUILDING,RAIL,1,0.03,8,Brand#22,MED PACK,7,10,3,14644.431
O,O,N,NONE,Manufacturer#3,4-NOT SPECIFIED,4,BUILDING,SHIP,1,0.08,9,Brand#33,SM BOX,32,18,4,28347.5736
O,O,N,TAKE BACK RETURN,Manufacturer#3,1-URGENT,1,MACHINERY,FOB,1,0.05,21,Brand#31,WRAP CASE,8,48,1,42440.6016
O,O,N,NONE,Manufacturer#4,1-URGENT,1,MACHINERY,TRUCK,6,0.08,8,Brand#42,JUMBO CASE,45,45,3,58580.2035
O,O,N,DELIVER IN PERSON,Manufacturer#5,3-MEDIUM,4,FURNITURE,FOB,3,0.01,21,Brand#51,LG CAN,10,4,1,4933.882
O,O,N,TAKE BACK RETURN,Manufacturer#4,3-MEDIUM,4,FURNITURE,SHIP,6,0.04,21,Brand#43,LG DRUM,19,42,1,36788.598
O,O,N,NONE,Manufacturer#5,3-MEDIUM,4,FURNITURE,AIR,1,0.08,12,Brand#55,JUMBO DRUM,24,1,0,1276.003
F,F,A,COLLECT COD,Manufacturer#3,2-HIGH,0,BUILDING,FOB,4,0.03,8,Brand#35,LG PKG,8,38,3,68966.58
O,O,N,NONE,Manufacturer#3,4-NOT SPECIFIED,0,HOUSEHOLD,MAIL,5,0.03,8,Brand#33,LG BOX,40,42,3,62917.9992
O,O,N,NONE,Manufacturer#1,4-NOT SPECIFIED,3,FURNITURE,SHIP,4,0.02,9,Brand#12,JUMBO JAR,19,49,4,55991.2416
O,O,N,NONE,Manufacturer#5,4-NOT SPECIFIED,3,FURNITURE,TRUCK,1,0.07,9,Brand#55,JUMBO DRUM,2,28,4,33807.6816
F,F,A,DELIVER IN PERSON,Manufacturer#3,1-URGENT,0,MACHINERY,MAIL,2,0.02,12,Brand#33,WRAP DRUM,36,29,0,27703.3056
O,O,N,COLLECT COD,Manufacturer#1,5-LOW,2,MACHINERY,REG AIR,2,0.05,18,Brand#13,MED BAG,38,2,2,3119.8266
F,F,R,NONE,Manufacturer#2,5-LOW,3,FURNITURE,FOB,2,0.02,9,Brand#25,LG CAN,33,23,4,32852.9838
O,P,N,COLLECT COD,Manufacturer#2,3-MEDIUM,2,AUTOMOBILE,FOB,3,0.07,12,Brand#22,MED JAR,18,36,0,46844.352
O,O,N,COLLECT COD,Manufacturer#1,4-NOT SPECIFIED,4,MACHINERY,REG AIR,5,0.08,21,Brand#11,MED BOX,25,7,1,7902.405
O,O,N,NONE,Manufacturer#4,4-NOT SPECIFIED,4,MACHINERY,MAIL,1,0.03,8,Brand#44,LG CAN,36,50,3,51113.86
O,O,N,DELIVER IN PERSON,Manufacturer#3,4-NOT SPECIFIED,4,MACHINERY,REG AIR,3,0.07,12,Brand#31,MED JAR,21,7,0,9902.6844
F,F,A,COLLECT COD,Manufacturer#2,2-HIGH,0,MACHINERY,MAIL,3,0.07,8,Brand#25,LG CASE,39,17,3,20013.658
F,F,A,NONE,Manufacturer#1,2-HIGH,4,HOUSEHOLD,SHIP,4,0.02,8,Brand#12,MED PACK,48,34,3,54311.022
O,O,N,COLLECT COD,Manufacturer#3,4-NOT SPECIFIED,0,BUILDING,TRUCK,6,0.02,12,Brand#35,LG BOX,42,40,0,50610.72
O,O,N,NONE,Manufacturer#1,4-NOT SPECIFIED,0,BUILDING,FOB,1,0.06,21,Brand#11,WRAP BOX,13,45,1,74738.178
O,O,N,NONE,Manufacturer#5,4-NOT SPECIFIED,0,BUILDING,AIR,4,0,21,Brand#51,LG PACK,42,31,1,57937.76
F,F,R,NONE,Manufacturer#5,4-NOT SPECIFIED,1,BUILDING,AIR,2,0.08,9,Brand#53,WRAP DRUM,46,8,4,9928.2624
F,F,A,COLLECT COD,Manufacturer#1,1-URGENT,0,BUILDING,MAIL,3,0.06,21,Brand#12,SM PKG,3,26,1,25820.34
F,F,A,NONE,Manufacturer#3,4-NOT SPECIFIED,1,HOUSEHOLD,SHIP,1,0.04,21,Brand#35,MED BOX,24,9,1,11952.2304
F,F,R,NONE,Manufacturer#1,4-NOT SPECIFIED,1,HOUSEHOLD,AIR,4,0.03,9,Brand#12,MED JAR,42,35,4,48323.079
O,O,N,TAKE BACK RETURN,Manufacturer#4,4-NOT SPECIFIED,1,FURNITURE,RAIL,4,0.05,18,Brand#42,MED PKG,40,46,2,60939.213
O,O,N,NONE,Manufacturer#2,4-NOT SPECIFIED,1,FURNITURE,MAIL,2,0.06,12,Brand#22,MED JAR,8,32,0,35515.104
O,O,N,NONE,Manufacturer#5,4-NOT SPECIFIED,1,FURNITURE,SHIP,1,0.06,9,Brand#51,SM PKG,1,27,4,44461.953
F,F,A,NONE,Manufacturer#5,1-URGENT,3,MACHINERY,FOB,2,0.05,21,Brand#51,LG CAN,8,44,1,71628.4888
O,O,N,DELIVER IN PERSON,Manufacturer#4,5-LOW,1,AUTOMOBILE,TRUCK,2,0.04,9,Brand#43,JUMBO BAG,43,39,4,62653.2192
O,O,N,TAKE BACK RETURN,Manufacturer#2,5-LOW,1,AUTOMOBILE,REG AIR,1,0.01,18,Brand#24,MED PKG,48,12,2,15848.2512
O,O,N,COLLECT COD,Manufacturer#3,5-LOW,0,BUILDING,TRUCK,2,0.06,9,Brand#33,JUMBO DRUM,50,25,4,45759.265
O,O,N,DELIVER IN PERSON,Manufacturer#4,5-LOW,0,BUILDING,MAIL,5,0.05,8,Brand#45,JUMBO CASE,7,29,3,32801.958
O,O,N,TAKE BACK RETURN,Manufacturer#3,5-LOW,0,BUILDING,AIR,1,0.03,18,Brand#33,MED PACK,30,16,2,23803.3872
O,O,N,COLLECT COD,Manufacturer#3,5-LOW,0,BUILDING,FOB,3,0,8,Brand#32,LG DRUM,26,41,3,60137.3322
O,O,N,DELIVER IN PERSON,Manufacturer#1,4-NOT SPECIFIED,2,AUTOMOBILE,MAIL,4,0.07,8,Brand#13,SM BOX,18,9,3,15938.4708
O,O,N,DELIVER IN PERSON,Manufacturer#4,4-NOT SPECIFIED,4,HOUSEHOLD,REG AIR,3,0.07,12,Brand#41,SM PACK,44,44,0,53247.7968
O,O,N,COLLECT COD,Manufacturer#1,4-NOT SPECIFIED,4,HOUSEHOLD,SHIP,1,0.03,12,Brand#14,LG PACK,44,34,0,48906.2392
O,O,N,TAKE BACK RETURN,Manufacturer#1,5-LOW,3,FURNITURE,TRUCK,1,0,21,Brand#11,JUMBO PACK,39,20,1,33179.368
O,O,N,NONE,Manufacturer#1,4-NOT SPECIFIED,3,BUILDING,REG AIR,5,0.03,8,Brand#13,LG JAR,11,3,3,4644.6804
F,F,A,DELIVER IN PERSON,Manufacturer#5,2-HIGH,4,MACHINERY,RAIL,2,0.07,21,Brand#55,JUMBO BAG,3,14,1,11784.7548
F,F,R,NONE,Manufacturer#2,2-HIGH,4,MACHINERY,TRUCK,7,0.04,21,Brand#24,WRAP CASE,26,24,1,43774.08
F,F,A,NONE,Manufacturer#3,2-HIGH,4,MACHINERY,RAIL,5,0.02,12,Brand#35,LG PACK,14,2,0,3379.56
F,F,R,COLLECT COD,Manufacturer#3,2-HIGH,4,MACHINERY,REG AIR,3,0.07,21,Brand#31,JUMBO CASE,1,40,1,36729.712
O,O,N,NONE,Manufacturer#1,5-LOW,3,MACHINERY,REG AIR,4,0.07,9,Brand#13,MED CASE,26,44,4,68445.916
O,O,N,DELIVER IN PERSON,Manufacturer#1,5-LOW,3,MACHINERY,AIR,3,0.02,12,Brand#11,JUMBO CASE,20,26,0,25074.3584
O,O,N,NONE,Manufacturer#1,1-URGENT,3,AUTOMOBILE,TRUCK,1,0,8,Brand#13,SM BOX,18,47,3,84119.707
F,F,A,DELIVER IN PERSON,Manufacturer#3,1-URGENT,4,HOUSEHOLD,AIR,3,0.08,21,Brand#32,LG PKG,14,18,1,22940.0262
F,F,R,DELIVER IN PERSON,Manufacturer#1,1-URGENT,4,BUILDING,TRUCK,4,0.03,9,Brand#13,SM PKG,3,15,4,21226.515
O,O,N,DELIVER IN PERSON,Manufacturer#5,5-LOW,3,BUILDING,SHIP,1,0.05,9,Brand#51,MED JAR,11,16,4,19804.8768
O,O,N,COLLECT COD,Manufacturer#4,1-URGENT,3,AUTOMOBILE,TRUCK,3,0.03,8,Brand#45,MED JAR,39,34,3,59630.6688
O,O,N,DELIVER IN PERSON,Manufacturer#5,2-HIGH,3,HOUSEHOLD,RAIL,1,0,8,Brand#55,LG BAG,16,40,3,38615.136
O,O,N,NONE,Manufacturer#2,3-MEDIUM,1,BUILDING,MAIL,2,0,21,Brand#21,JUMBO CAN,29,29,1,45622.2432
F,F,R,NONE,Manufacturer#2,1-URGENT,1,FURNITURE,FOB,5,0,9,Brand#22,SM CASE,42,22,4,31144.2824
F,F,R,COLLECT COD,Manufacturer#5,1-URGENT,1,FURNITURE,REG AIR,3,0.03,9,Brand#51,JUMBO DRUM,19,1,4,1718.2848
O,O,N,DELIVER IN PERSON,Manufacturer#3,3-MEDIUM,0,BUILDING,REG AIR,2,0.03,9,Brand#33,SM BOX,32,34,4,55873.4784
O,O,N,COLLECT COD,Manufacturer#2,2-HIGH,0,HOUSEHOLD,AIR,5,0.02,21,Brand#24,LG CAN,2,37,1,47503.116
O,O,N,TAKE BACK RETURN,Manufacturer#3,2-HIGH,0,HOUSEHOLD,TRUCK,3,0.07,18,Brand#35,LG JAR,14,27,2,28237.0536
O,O,N,DELIVER IN PERSON,Manufacturer#5,5-LOW,1,BUILDING,SHIP,3,0.06,9,Brand#52,SM CAN,46,37,4,48718.8805
O,O,N,DELIVER IN PERSON,Manufacturer#3,5-LOW,1,BUILDING,SHIP,4,0.06,8,Brand#34,WRAP BAG,5,33,3,41310.1458
O,O,N,TAKE BACK RETURN,Manufacturer#3,4-NOT SPECIFIED,4,AUTOMOBILE,TRUCK,4,0,18,Brand#31,MED PACK,20,10,2,16178.617
O,O,N,COLLECT COD,Manufacturer#4,5-LOW,0,AUTOMOBILE,TRUCK,5,0.05,8,Brand#45,MED BOX,34,7,3,8469.4386
O,O,N,TAKE BACK RETURN,Manufacturer#3,5-LOW,0,AUTOMOBILE,FOB,1,0.02,18,Brand#31,MED PACK,38,38,2,56384.9472
O,O,N,TAKE BACK RETURN,Manufacturer#5,5-LOW,0,AUTOMOBILE,MAIL,2,0.08,9,Brand#55,WRAP CAN,44,33,4,53046.9324
O,O,N,COLLECT COD,Manufacturer#4,2-HIGH,3,BUILDING,AIR,3,0,12,Brand#41,JUMBO CASE,29,12,0,19584.126
O,O,N,DELIVER IN PERSON,Manufacturer#5,2-HIGH,3,AUTOMOBILE,FOB,2,0.03,18,Brand#52,SM DRUM,32,27,2,49245.84
O,O,N,TAKE BACK RETURN,Manufacturer#2,2-HIGH,3,AUTOMOBILE,REG AIR,1,0.05,18,Brand#25,JUMBO BOX,9,21,2,20040.8544
F,F,R,COLLECT COD,Manufacturer#5,4-NOT SPECIFIED,0,HOUSEHOLD,RAIL,4,0.03,18,Brand#52,SM PACK,24,15,2,17541.363
F,F,R,DELIVER IN PERSON,Manufacturer#3,4-NOT SPECIFIED,0,HOUSEHOLD,SHIP,3,0,21,Brand#32,SM JAR,18,42,1,56478.849
O,O,N,NONE,Manufacturer#2,3-MEDIUM,1,BUILDING,REG AIR,3,0.01,12,Brand#25,SM PACK,28,26,0,40480.5258
O,O,N,COLLECT COD,Manufacturer#3,3-MEDIUM,1,BUILDING,TRUCK,1,0.02,21,Brand#32,WRAP CAN,48,34,1,39993.146
O,O,N,DELIVER IN PERSON,Manufacturer#3,3-MEDIUM,1,BUILDING,REG AIR,4,0.07,21,Brand#35,SM JAR,39,1,1,936.0672
F,F,R,COLLECT COD,Manufacturer#1,5-LOW,3,HOUSEHOLD,SHIP,5,0.01,18,Brand#12,SM DRUM,40,4,2,4874.4264
F,F,A,DELIVER IN PERSON,Manufacturer#3,5-LOW,3,HOUSEHOLD,RAIL,6,0.06,8,Brand#34,WRAP BAG,5,17,3,20412.3726
O,O,N,NONE,Manufacturer#5,3-MEDIUM,1,BUILDING,FOB,1,0.05,21,Brand#54,WRAP CASE,46,25,1,35292.985
F,F,A,TAKE BACK RETURN,Manufacturer#2,1-URGENT,4,HOUSEHOLD,SHIP,2,0.06,9,Brand#21,WRAP BAG,44,28,4,35276.5504
F,F,R,COLLECT COD,Manufacturer#5,1-URGENT,4,HOUSEHOLD,SHIP,1,0.06,18,Brand#52,JUMBO JAR,35,30,2,41305.884
O,O,N,NONE,Manufacturer#1,5-LOW,0,HOUSEHOLD,AIR,3,0,8,Brand#11,LG PKG,12,50,3,72989.28
O,O,N,NONE,Manufacturer#2,5-LOW,0,HOUSEHOLD,REG AIR,6,0.02,18,Brand#23,LG PACK,27,2,2,1848.816
F,P,R,NONE,Manufacturer#5,1-URGENT,0,FURNITURE,MAIL,1,0.01,18,Brand#52,LG BAG,41,10,2,17472.224
O,O,N,COLLECT COD,Manufacturer#3,3-MEDIUM,2,BUILDING,REG AIR,5,0.01,8,Brand#32,LG BOX,44,50,3,73408.155
O,O,N,COLLECT COD,Manufacturer#3,3-MEDIUM,1,AUTOMOBILE,SHIP,6,0.04,8,Brand#35,JUMBO CAN,6,30,3,40405.365
O,O,N,TAKE BACK RETURN,Manufacturer#2,3-MEDIUM,1,AUTOMOBILE,MAIL,5,0.08,21,Brand#21,SM BOX,11,6,1,6854.544
O,O,N,DELIVER IN PERSON,Manufacturer#5,3-MEDIUM,1,AUTOMOBILE,SHIP,1,0,18,Brand#54,LG BOX,37,46,2,40693.8862
F,F,A,COLLECT COD,Manufacturer#4,1-URGENT,0,AUTOMOBILE,MAIL,5,0.06,21,Brand#44,MED DRUM,14,45,1,58949.775
O,O,N,DELIVER IN PERSON,Manufacturer#1,4-NOT SPECIFIED,2,HOUSEHOLD,FOB,4,0.03,12,Brand#15,JUMBO DRUM,28,49,0,70799.8305
F,F,A,DELIVER IN PERSON,Manufacturer#5,4-NOT SPECIFIED,0,FURNITURE,FOB,4,0.06,12,Brand#55,SM BAG,17,41,0,69869.5514
F,F,R,NONE,Manufacturer#3,4-NOT SPECIFIED,0,FURNITURE,REG AIR,2,0.05,8,Brand#35,SM CAN,39,2,3,2202.1758
F,F,R,DELIVER IN PERSON,Manufacturer#2,1-URGENT,4,BUILDING,RAIL,5,0.08,18,Brand#23,LG BAG,35,32,2,55676.2752
F,F,R,DELIVER IN PERSON,Manufacturer#4,1-URGENT,4,BUILDING,REG AIR,4,0.03,9,Brand#42,JUMBO DRUM,13,2,4,2590.0314
F,F,R,DELIVER IN PERSON,Manufacturer#5,2-HIGH,4,MACHINERY,RAIL,2,0.08,12,Brand#52,SM CASE,48,41,0,58292.1805
F,F,R,DELIVER IN PERSON,Manufacturer#1,2-HIGH,4,MACHINERY,REG AIR,5,0.02,21,Brand#11,JUMBO PACK,39,42,1,68935.4316
F,F,A,NONE,Manufacturer#2,2-HIGH,3,BUILDING,RAIL,5,0.01,8,Brand#25,WRAP PACK,10,1,3,1484.7014
F,F,A,COLLECT COD,Manufacturer#5,2-HIGH,3,BUILDING,SHIP,4,0.07,21,Brand#51,WRAP CASE,1,32,1,46951.4144
F,F,A,TAKE BACK RETURN,Manufacturer#4,2-HIGH,3,BUILDING,AIR,3,0.05,8,Brand#45,MED JAR,35,12,3,20460.4008
O,O,N,DELIVER IN PERSON,Manufacturer#5,2-HIGH,4,MACHINERY,RAIL,6,0.03,21,Brand#52,MED JAR,12,10,1,10520.439
F,F,A,TAKE BACK RETURN,Manufacturer#4,5-LOW,2,BUILDING,MAIL,2,0.07,9,Brand#45,MED PKG,15,32,4,41261.6448
F,F,R,DELIVER IN PERSON,Manufacturer#3,5-LOW,2,BUILDING,SHIP,1,0.04,18,Brand#32,SM DRUM,32,34,2,41937.997
F,F,A,COLLECT COD,Manufacturer#3,5-LOW,2,BUILDING,MAIL,4,0.07,9,Brand#32,WRAP CAN,25,40,4,49513.86
F,F,R,NONE,Manufacturer#1,5-LOW,2,BUILDING,FOB,3,0.01,18,Brand#14,WRAP JAR,41,20,2,23939.356
F,F,A,DELIVER IN PERSON,Manufacturer#2,4-NOT SPECIFIED,1,BUILDING,REG AIR,3,0.06,12,Brand#24,LG PACK,50,1,0,863.6264
F,F,A,NONE,Manufacturer#3,5-LOW,1,BUILDING,AIR,4,0.02,8,Brand#35,LG BOX,13,27,3,48685.9005
F,F,A,DELIVER IN PERSON,Manufacturer#5,4-NOT SPECIFIED,4,MACHINERY,MAIL,7,0,21,Brand#55,JUMBO BAG,19,5,1,6897.532
F,F,R,DELIVER IN PERSON,Manufacturer#2,4-NOT SPECIFIED,4,MACHINERY,TRUCK,1,0.04,21,Brand#25,SM CAN,1,27,1,34336.3293
F,F,R,COLLECT COD,Manufacturer#1,4-NOT SPECIFIED,4,MACHINERY,REG AIR,2,0.06,21,Brand#12,LG CASE,17,13,1,12695.6011
F,F,A,COLLECT COD,Manufacturer#1,5-LOW,0,AUTOMOBILE,RAIL,2,0.02,9,Brand#12,JUMBO BAG,43,27,4,33401.9403
O,O,N,DELIVER IN PERSON,Manufacturer#3,3-MEDIUM,0,BUILDING,RAIL,1,0,18,Brand#31,MED PKG,24,26,2,41958.9352
O,O,N,DELIVER IN PERSON,Manufacturer#5,5-LOW,0,AUTOMOBILE,RAIL,2,0.08,18,Brand#52,WRAP CASE,32,14,2,15537.144
O,O,N,COLLECT COD,Manufacturer#3,5-LOW,0,AUTOMOBILE,MAIL,4,0.08,12,Brand#31,MED DRUM,25,8,0,9145.92
F,F,A,TAKE BACK RETURN,Manufacturer#3,4-NOT SPECIFIED,3,AUTOMOBILE,RAIL,1,0.06,18,Brand#33,WRAP DRUM,26,31,2,27694.9164
F,F,R,NONE,Manufacturer#5,4-NOT SPECIFIED,4,HOUSEHOLD,RAIL,1,0.05,18,Brand#53,LG PACK,11,9,2,10701.3942
F,F,A,NONE,Manufacturer#1,4-NOT SPECIFIED,4,FURNITURE,TRUCK,1,0,18,Brand#15,SM DRUM,22,44,2,44435.8552
O,O,N,DELIVER IN PERSON,Manufacturer#4,3-MEDIUM,1,HOUSEHOLD,RAIL,3,0.02,9,Brand#43,LG PACK,44,45,4,56652.912
O,O,N,COLLECT COD,Manufacturer#1,5-LOW,4,HOUSEHOLD,AIR,4,0.06,18,Brand#15,MED CAN,19,18,2,19716.1812
O,O,N,TAKE BACK RETURN,Manufacturer#4,3-MEDIUM,4,HOUSEHOLD,MAIL,1,0.02,9,Brand#41,MED CAN,15,13,4,10717.317
O,O,N,NONE,Manufacturer#1,2-HIGH,1,FURNITURE,AIR,2,0.07,8,Brand#14,SM BOX,8,36,3,42752.1024
O,O,N,TAKE BACK RETURN,Manufacturer#1,1-URGENT,2,HOUSEHOLD,SHIP,3,0.05,12,Brand#13,SM CASE,16,38,0,50954.409
F,F,R,DELIVER IN PERSON,Manufacturer#1,1-URGENT,1,FURNITURE,AIR,5,0.06,8,Brand#15,SM JAR,15,20,3,22748.472
F,F,A,COLLECT COD,Manufacturer#3,2-HIGH,0,MACHINERY,AIR,1,0.03,18,Brand#33,LG BAG,49,3,2,5437.3824
F,F,R,NONE,Manufacturer#1,2-HIGH,0,MACHINERY,TRUCK,3,0,8,Brand#15,JUMBO PKG,26,24,3,31706.0568
O,O,N,TAKE BACK RETURN,Manufacturer#4,5-LOW,0,FURNITURE,RAIL,3,0.07,21,Brand#43,MED CASE,1,30,1,44600.829
O,O,N,DELIVER IN PERSON,Manufacturer#5,5-LOW,0,FURNITURE,REG AIR,1,0.03,18,Brand#55,SM BOX,7,36,2,48035.592
O,O,N,NONE,Manufacturer#3,2-HIGH,3,AUTOMOBILE,MAIL,1,0.06,21,Brand#35,SM JAR,7,33,1,40209.6156
O,O,N,NONE,Manufacturer#5,5-LOW,4,FURNITURE,TRUCK,3,0.06,21,Brand#52,MED JAR,12,10,1,15742.838
O,O,N,TAKE BACK RETURN,Manufacturer#4,5-LOW,4,FURNITURE,AIR,1,0.08,18,Brand#45,JUMBO BOX,44,25,2,34364.88
F,F,R,NONE,Manufacturer#2,5-LOW,3,MACHINERY,FOB,2,0.07,9,Brand#23,LG JAR,15,14,4,16637.292
F,F,R,DELIVER IN PERSON,Manufacturer#4,1-URGENT,4,AUTOMOBILE,RAIL,1,0.02,8,Brand#43,MED JAR,42,15,3,21163.41
F,F,R,DELIVER IN PERSON,Manufacturer#3,1-URGENT,4,AUTOMOBILE,SHIP,4,0.06,8,Brand#31,MED CAN,44,16,3,25851.36
F,F,A,COLLECT COD,Manufacturer#5,1-URGENT,4,AUTOMOBILE,MAIL,2,0,8,Brand#54,WRAP CAN,13,29,3,24147.1139
O,O,N,DELIVER IN PERSON,Manufacturer#1,4-NOT SPECIFIED,3,AUTOMOBILE,RAIL,2,0.01,18,Brand#13,JUMBO PKG,7,33,2,29733
O,O,N,TAKE BACK RETURN,Manufacturer#4,1-URGENT,4,FURNITURE,RAIL,2,0.04,9,Brand#43,LG DRUM,12,27,4,32516.1
O,O,N,DELIVER IN PERSON,Manufacturer#4,1-URGENT,4,FURNITURE,REG AIR,4,0.06,21,Brand#45,WRAP DRUM,27,33,1,32904.8973
F,F,R,TAKE BACK RETURN,Manufacturer#2,3-MEDIUM,0,HOUSEHOLD,FOB,5,0,9,Brand#25,MED CAN,25,11,4,10291.4856
F,F,A,TAKE BACK RETURN,Manufacturer#3,3-MEDIUM,0,HOUSEHOLD,MAIL,2,0.03,18,Brand#32,LG JAR,31,14,2,22764.8512
F,F,A,DELIVER IN PERSON,Manufacturer#2,3-MEDIUM,0,HOUSEHOLD,FOB,6,0.03,12,Brand#23,LG BAG,17,45,0,46263.195
F,F,R,TAKE BACK RETURN,Manufacturer#3,4-NOT SPECIFIED,4,FURNITURE,SHIP,4,0.03,8,Brand#32,JUMBO CAN,10,5,3,4478.229
F,F,A,NONE,Manufacturer#1,1-URGENT,4,FURNITURE,MAIL,3,0.05,21,Brand#13,JUMBO CASE,19,4,1,5931.4176
F,F,A,TAKE BACK RETURN,Manufacturer#3,1-URGENT,4,FURNITURE,AIR,1,0.07,21,Brand#35,SM BAG,2,37,1,48523.5205
F,F,R,COLLECT COD,Manufacturer#2,3-MEDIUM,4,BUILDING,TRUCK,3,0.05,9,Brand#23,LG JAR,15,50,4,60079.11
O,O,N,TAKE BACK RETURN,Manufacturer#4,2-HIGH,3,HOUSEHOLD,SHIP,4,0.01,18,Brand#42,LG PACK,44,19,2,29463.8567
O,O,N,NONE,Manufacturer#5,2-HIGH,3,HOUSEHOLD,TRUCK,1,0.02,18,Brand#55,MED BAG,42,29,2,26559.853
F,F,R,DELIVER IN PERSON,Manufacturer#2,4-NOT SPECIFIED,1,BUILDING,TRUCK,2,0.04,21,Brand#21,SM PKG,32,34,1,43263.589
F,F,A,TAKE BACK RETURN,Manufacturer#5,4-NOT SPECIFIED,1,BUILDING,AIR,3,0.04,18,Brand#52,SM PACK,10,14,2,18148.7194
F,F,A,TAKE BACK RETURN,Manufacturer#4,4-NOT SPECIFIED,1,BUILDING,MAIL,4,0.07,18,Brand#43,JUMBO PACK,25,38,2,52527.3924
F,F,A,NONE,Manufacturer#5,4-NOT SPECIFIED,1,BUILDING,FOB,1,0.05,8,Brand#55,JUMBO CAN,47,25,3,24648.72
F,F,R,COLLECT COD,Manufacturer#5,3-MEDIUM,0,BUILDING,RAIL,2,0.06,18,Brand#54,WRAP BOX,13,28,2,44549.4924
O,O,N,NONE,Manufacturer#4,2-HIGH,3,FURNITURE,RAIL,4,0.04,21,Brand#45,MED CASE,23,37,1,39551.483
O,O,N,TAKE BACK RETURN,Manufacturer#4,2-HIGH,3,FURNITURE,RAIL,1,0.08,8,Brand#45,LG CASE,45,50,3,75736.36
O,O,N,NONE,Manufacturer#4,4-NOT SPECIFIED,4,HOUSEHOLD,AIR,1,0.03,12,Brand#41,JUMBO PACK,44,43,0,45939.4456
O,O,N,NONE,Manufacturer#1,1-URGENT,3,MACHINERY,TRUCK,1,0.08,21,Brand#12,LG PKG,1,48,1,49112.4816
O,O,N,COLLECT COD,Manufacturer#4,1-URGENT,3,MACHINERY,AIR,7,0.02,9,Brand#44,MED DRUM,41,39,4,62101.8216
F,F,A,NONE,Manufacturer#5,5-LOW,4,FURNITURE,REG AIR,1,0,9,Brand#52,MED CASE,20,36,4,31934.1312
O,O,N,TAKE BACK RETURN,Manufacturer#2,1-URGENT,0,HOUSEHOLD,TRUCK,2,0.08,18,Brand#24,WRAP JAR,25,5,2,8539
F,F,R,COLLECT COD,Manufacturer#2,3-MEDIUM,0,FURNITURE,TRUCK,3,0.06,18,Brand#21,JUMBO DRUM,49,48,2,69562.368
F,F,R,COLLECT COD,Manufacturer#5,3-MEDIUM,0,FURNITURE,TRUCK,4,0.06,18,Brand#51,MED JAR,11,12,2,14853.6576
F,F,R,DELIVER IN PERSON,Manufacturer#1,4-NOT SPECIFIED,4,FURNITURE,TRUCK,4,0.05,8,Brand#15,SM DRUM,20,39,3,58526.7735
F,F,R,COLLECT COD,Manufacturer#1,1-URGENT,3,AUTOMOBILE,SHIP,1,0.05,18,Brand#12,LG JAR,18,2,2,3227.701
F,F,R,NONE,Manufacturer#2,4-NOT SPECIFIED,1,BUILDING,AIR,5,0.06,8,Brand#25,JUMBO CAN,3,9,3,7750.3284
F,F,A,TAKE BACK RETURN,Manufacturer#2,4-NOT SPECIFIED,1,BUILDING,SHIP,1,0.04,8,Brand#23,WRAP BAG,35,49,3,52940.8152
O,O,N,DELIVER IN PERSON,Manufacturer#2,2-HIGH,0,FURNITURE,FOB,1,0,12,Brand#25,JUMBO CASE,20,17,0,23867.5682
O,O,N,TAKE BACK RETURN,Manufacturer#1,2-HIGH,0,FURNITURE,TRUCK,2,0.05,18,Brand#14,MED PACK,2,32,2,48798.4224
F,F,A,DELIVER IN PERSON,Manufacturer#1,1-URGENT,4,HOUSEHOLD,TRUCK,1,0.01,18,Brand#15,LG CASE,41,34,2,49533.0462
F,F,A,COLLECT COD,Manufacturer#1,1-URGENT,4,HOUSEHOLD,AIR,3,0,21,Brand#11,LG JAR,30,47,1,64394.512
O,O,N,TAKE BACK RETURN,Manufacturer#5,5-LOW,0,BUILDING,MAIL,3,0.01,9,Brand#53,JUMBO JAR,28,38,4,45607.1022
F,F,R,COLLECT COD,Manufacturer#1,4-NOT SPECIFIED,2,HOUSEHOLD,MAIL,6,0.03,9,Brand#13,WRAP BOX,5,29,4,33908.54
F,F,A,TAKE BACK RETURN,Manufacturer#2,4-NOT SPECIFIED,2,HOUSEHOLD,TRUCK,2,0.08,21,Brand#23,LG PACK,14,25,1,30983.25
F,F,A,DELIVER IN PERSON,Manufacturer#4,5-LOW,3,AUTOMOBILE,MAIL,3,0.08,18,Brand#45,WRAP BAG,8,2,2,3453.8688
F,F,A,NONE,Manufacturer#3,5-LOW,0,FURNITURE,FOB,2,0.08,8,Brand#32,LG PKG,43,19,3,20268.4704
F,F,A,COLLECT COD,Manufacturer#5,5-LOW,0,FURNITURE,FOB,5,0.08,9,Brand#55,LG JAR,38,41,4,51769.5684
F,F,R,NONE,Manufacturer#3,2-HIGH,3,AUTOMOBILE,AIR,5,0.07,18,Brand#32,SM DRUM,29,34,2,51961.01
F,F,A,TAKE BACK RETURN,Manufacturer#4,3-MEDIUM,0,MACHINERY,SHIP,6,0.08,12,Brand#45,SM CASE,26,40,0,68814.2
F,F,A,NONE,Manufacturer#1,3-MEDIUM,0,MACHINERY,SHIP,7,0.07,21,Brand#12,JUMBO DRUM,12,20,1,19068.588
O,O,N,NONE,Manufacturer#5,4-NOT SPECIFIED,1,BUILDING,REG AIR,2,0.06,21,Brand#51,JUMBO JAR,20,35,1,37774.737
O,O,N,COLLECT COD,Manufacturer#4,1-URGENT,2,AUTOMOBILE,FOB,2,0.06,21,Brand#45,JUMBO CAN,13,28,1,31203.4716
O,O,N,COLLECT COD,Manufacturer#1,1-URGENT,4,HOUSEHOLD,SHIP,2,0,12,Brand#12,MED CASE,28,22,0,26504.1392
O,O,N,COLLECT COD,Manufacturer#1,4-NOT SPECIFIED,2,HOUSEHOLD,SHIP,1,0.01,21,Brand#13,LG CAN,47,33,1,55813.0188
O,O,N,DELIVER IN PERSON,Manufacturer#4,5-LOW,0,BUILDING,FOB,2,0.04,8,Brand#42,JUMBO PKG,20,6,3,7802.8272
O,O,N,NONE,Manufacturer#5,5-LOW,0,BUILDING,AIR,4,0.05,9,Brand#54,LG CASE,42,41,4,40668.5724
F,F,R,COLLECT COD,Manufacturer#3,2-HIGH,0,FURNITURE,RAIL,1,0.08,9,Brand#35,WRAP BAG,17,25,4,32384.1775
F,F,R,DELIVER IN PERSON,Manufacturer#4,2-HIGH,0,FURNITURE,FOB,2,0.04,21,Brand#44,MED DRUM,14,23,1,32138.544
O,O,N,DELIVER IN PERSON,Manufacturer#5,2-HIGH,2,FURNITURE,FOB,4,0.07,12,Brand#52,WRAP PACK,36,24,0,33620.196
O,O,N,COLLECT COD,Manufacturer#5,1-URGENT,0,FURNITURE,SHIP,2,0.08,8,Brand#53,SM DRUM,11,11,3,13990.6976
O,O,N,DELIVER IN PERSON,Manufacturer#4,1-URGENT,0,FURNITURE,FOB,3,0.01,18,Brand#42,WRAP BAG,13,6,2,9297.84
F,F,A,COLLECT COD,Manufacturer#2,1-URGENT,1,BUILDING,RAIL,3,0.06,21,Brand#23,JUMBO BAG,44,41,1,60949.575
F,F,R,TAKE BACK RETURN,Manufacturer#3,1-URGENT,1,BUILDING,TRUCK,5,0.06,18,Brand#31,LG CAN,13,27,2,46096.857
F,F,R,TAKE BACK RETURN,Manufacturer#5,1-URGENT,1,BUILDING,RAIL,4,0.07,18,Brand#53,LG PACK,11,1,2,1189.0438
F,F,A,DELIVER IN PERSON,Manufacturer#4,4-NOT SPECIFIED,0,AUTOMOBILE,FOB,3,0,21,Brand#45,WRAP CASE,18,13,1,15880.4035
O,O,N,NONE,Manufacturer#2,4-NOT SPECIFIED,0,FURNITURE,RAIL,1,0.08,8,Brand#21,JUMBO CAN,29,48,3,71579.7264
O,O,N,TAKE BACK RETURN,Manufacturer#4,4-NOT SPECIFIED,0,FURNITURE,AIR,4,0.07,18,Brand#45,MED DRUM,3,4,2,5636.3984
O,O,N,NONE,Manufacturer#5,2-HIGH,4,HOUSEHOLD,SHIP,7,0,21,Brand#52,JUMBO CAN,43,4,1,6869.9268
O,O,N,TAKE BACK RETURN,Manufacturer#5,2-HIGH,4,HOUSEHOLD,SHIP,5,0,18,Brand#55,JUMBO CASE,25,38,2,35163.927
O,O,N,TAKE BACK RETURN,Manufacturer#3,2-HIGH,4,HOUSEHOLD,FOB,1,0.01,12,Brand#33,SM PKG,7,24,0,24596.6448
O,O,N,TAKE BACK RETURN,Manufacturer#1,4-NOT SPECIFIED,0,BUILDING,TRUCK,4,0.06,8,Brand#15,SM JAR,15,35,3,43271.55
O,O,N,COLLECT COD,Manufacturer#2,2-HIGH,4,AUTOMOBILE,SHIP,2,0.04,8,Brand#23,LG PKG,2,7,3,10290.9919
F,F,R,TAKE BACK RETURN,Manufacturer#3,3-MEDIUM,1,AUTOMOBILE,FOB,1,0.03,12,Brand#35,LG PACK,27,33,0,46686.1395
O,O,N,NONE,Manufacturer#5,1-URGENT,4,HOUSEHOLD,RAIL,7,0.04,8,Brand#54,MED CAN,9,3,3,3101.313
O,O,N,COLLECT COD,Manufacturer#2,1-URGENT,4,HOUSEHOLD,AIR,5,0.02,18,Brand#23,SM PACK,36,23,2,32558.5056
O,O,N,DELIVER IN PERSON,Manufacturer#3,1-URGENT,4,HOUSEHOLD,SHIP,3,0.01,9,Brand#35,MED CAN,48,6,4,6643.2
F,F,A,NONE,Manufacturer#2,3-MEDIUM,4,BUILDING,SHIP,3,0.05,9,Brand#21,JUMBO BAG,41,35,4,46165.14
O,O,N,NONE,Manufacturer#5,1-URGENT,4,BUILDING,RAIL,1,0.06,21,Brand#51,LG CAN,22,37,1,60188.64
O,O,N,TAKE BACK RETURN,Manufacturer#5,5-LOW,0,FURNITURE,MAIL,1,0.02,8,Brand#51,WRAP BOX,25,33,3,46439.2632
O,O,N,COLLECT COD,Manufacturer#2,2-HIGH,3,BUILDING,AIR,1,0.01,8,Brand#24,WRAP CASE,26,3,3,4572.1221
O,O,N,NONE,Manufacturer#2,2-HIGH,3,BUILDING,AIR,3,0.02,8,Brand#25,JUMBO CASE,1,38,3,60707.7702
O,O,N,TAKE BACK RETURN,Manufacturer#4,5-LOW,1,MACHINERY,REG AIR,2,0.04,9,Brand#44,LG PACK,34,18,4,21767.4
F,P,R,COLLECT COD,Manufacturer#1,2-HIGH,4,AUTOMOBILE,AIR,3,0.05,9,Brand#13,SM PKG,3,31,4,41559.282
O,P,N,COLLECT COD,Manufacturer#3,2-HIGH,4,AUTOMOBILE,SHIP,4,0.07,21,Brand#34,LG PKG,39,12,1,22167.6048
O,P,N,TAKE BACK RETURN,Manufacturer#4,2-HIGH,4,MACHINERY,MAIL,1,0.07,8,Brand#45,SM PACK,16,24,3,31257.6
O,O,N,DELIVER IN PERSON,Manufacturer#4,5-LOW,1,AUTOMOBILE,RAIL,2,0.08,18,Brand#45,SM PKG,31,7,2,6887.097
O,O,N,COLLECT COD,Manufacturer#3,5-LOW,1,AUTOMOBILE,MAIL,4,0.08,21,Brand#32,WRAP BOX,46,31,1,31097.0424
F,F,A,COLLECT COD,Manufacturer#4,3-MEDIUM,4,FURNITURE,RAIL,4,0,8,Brand#43,JUMBO CAN,42,32,3,30768.144
F,F,R,COLLECT COD,Manufacturer#5,4-NOT SPECIFIED,3,FURNITURE,REG AIR,4,0.05,18,Brand#55,LG BOX,21,5,2,5462.622
F,F,R,TAKE BACK RETURN,Manufacturer#3,3-MEDIUM,1,AUTOMOBILE,FOB,4,0.08,18,Brand#33,LG BAG,49,6,2,10761.486
F,F,R,COLLECT COD,Manufacturer#2,3-MEDIUM,1,AUTOMOBILE,FOB,1,0.06,21,Brand#23,WRAP BAG,35,24,1,26785.0368
F,F,R,NONE,Manufacturer#5,3-MEDIUM,1,AUTOMOBILE,TRUCK,3,0.08,18,Brand#52,MED CASE,20,42,2,36092.2212
O,O,N,TAKE BACK RETURN,Manufacturer#3,5-LOW,3,FURNITURE,AIR,4,0,18,Brand#31,SM BOX,20,23,2,23625.0756
O,O,N,DELIVER IN PERSON,Manufacturer#1,5-LOW,3,FURNITURE,REG AIR,5,0.05,21,Brand#13,MED PACK,20,8,1,11279.952
F,F,A,TAKE BACK RETURN,Manufacturer#3,3-MEDIUM,4,FURNITURE,RAIL,2,0.04,9,Brand#34,LG JAR,10,49,4,75302.7002
F,F,R,NONE,Manufacturer#2,3-MEDIUM,4,FURNITURE,REG AIR,1,0.03,18,Brand#23,JUMBO JAR,42,33,2,45807.5871
F,F,A,COLLECT COD,Manufacturer#2,2-HIGH,4,HOUSEHOLD,TRUCK,1,0.02,18,Brand#23,JUMBO JAR,42,39,2,54136.2393
F,F,R,DELIVER IN PERSON,Manufacturer#4,1-URGENT,4,FURNITURE,FOB,1,0.04,21,Brand#43,WRAP CASE,44,41,1,58527.2294
O,O,N,NONE,Manufacturer#3,2-HIGH,0,FURNITURE,RAIL,2,0,8,Brand#33,SM CAN,28,14,3,18251.604
F,F,A,COLLECT COD,Manufacturer#2,2-HIGH,4,BUILDING,AIR,2,0.01,8,Brand#24,JUMBO JAR,29,23,3,22524.2381
O,P,N,TAKE BACK RETURN,Manufacturer#4,1-URGENT,1,BUILDING,REG AIR,3,0,21,Brand#42,SM CAN,44,44,1,64774.908
F,P,N,TAKE BACK RETURN,Manufacturer#3,1-URGENT,1,BUILDING,REG AIR,1,0.04,9,Brand#32,WRAP CAN,25,19,4,21856.118
F,P,R,NONE,Manufacturer#2,1-URGENT,1,BUILDING,MAIL,2,0.02,9,Brand#23,MED PKG,17,50,4,63099.95
F,F,A,DELIVER IN PERSON,Manufacturer#3,4-NOT SPECIFIED,4,HOUSEHOLD,SHIP,1,0.03,21,Brand#33,WRAP BOX,49,29,1,28435.1815
F,F,R,TAKE BACK RETURN,Manufacturer#3,4-NOT SPECIFIED,4,HOUSEHOLD,FOB,2,0.06,18,Brand#32,SM DRUM,29,13,2,20494.838
F,F,R,TAKE BACK RETURN,Manufacturer#1,1-URGENT,0,MACHINERY,TRUCK,1,0.07,8,Brand#14,WRAP PKG,40,26,3,36621
O,O,N,TAKE BACK RETURN,Manufacturer#5,1-URGENT,0,BUILDING,SHIP,4,0.03,12,Brand#52,LG CAN,23,43,0,73153.0835
O,O,N,NONE,Manufacturer#1,1-URGENT,0,BUILDING,AIR,2,0.07,9,Brand#15,JUMBO PKG,26,47,4,60209.4816
F,F,R,NONE,Manufacturer#2,5-LOW,3,BUILDING,TRUCK,2,0.06,9,Brand#23,SM CASE,31,38,4,41993.8152
F,F,R,COLLECT COD,Manufacturer#1,2-HIGH,1,FURNITURE,FOB,5,0.06,18,Brand#15,LG DRUM,17,40,2,60183.72
F,F,A,DELIVER IN PERSON,Manufacturer#1,2-HIGH,1,FURNITURE,FOB,2,0.02,8,Brand#12,MED PKG,41,7,3,6844.999
F,F,A,NONE,Manufacturer#4,2-HIGH,1,FURNITURE,SHIP,3,0.06,21,Brand#42,SM PKG,35,12,1,11292.6996
F,F,A,DELIVER IN PERSON,Manufacturer#4,2-HIGH,1,FURNITURE,TRUCK,6,0.04,9,Brand#44,WRAP CASE,35,11,4,12399.695
O,O,N,TAKE BACK RETURN,Manufacturer#3,1-URGENT,0,MACHINERY,MAIL,1,0,18,Brand#35,WRAP BOX,33,23,2,33531.6655
O,O,N,DELIVER IN PERSON,Manufacturer#5,4-NOT SPECIFIED,0,BUILDING,REG AIR,1,0,12,Brand#51,WRAP BAG,19,34,0,47627.5536
F,F,R,DELIVER IN PERSON,Manufacturer#2,1-URGENT,3,MACHINERY,FOB,3,0.08,18,Brand#21,JUMBO CASE,31,19,2,23726.1816
F,F,A,COLLECT COD,Manufacturer#2,1-URGENT,4,BUILDING,SHIP,1,0.05,8,Brand#23,SM PACK,14,17,3,18777.996
O,O,N,NONE,Manufacturer#2,4-NOT SPECIFIED,2,MACHINERY,TRUCK,1,0,9,Brand#21,JUMBO PKG,11,15,4,14237.0325
O,O,N,TAKE BACK RETURN,Manufacturer#3,4-NOT SPECIFIED,2,MACHINERY,AIR,2,0.02,21,Brand#33,JUMBO PKG,10,41,1,48227.6522
F,F,A,NONE,Manufacturer#1,3-MEDIUM,3,FURNITURE,AIR,6,0,21,Brand#14,MED BOX,1,47,1,63840.6405
F,F,R,NONE,Manufacturer#3,5-LOW,2,BUILDING,AIR,3,0,8,Brand#33,SM BOX,32,3,3,4981.3671
F,F,R,COLLECT COD,Manufacturer#5,5-LOW,2,BUILDING,AIR,5,0.07,18,Brand#55,SM PACK,36,32,2,46713.552
F,F,R,DELIVER IN PERSON,Manufacturer#1,5-LOW,2,BUILDING,MAIL,2,0.08,8,Brand#11,LG DRUM,24,23,3,33362.397
F,F,A,NONE,Manufacturer#1,3-MEDIUM,1,BUILDING,SHIP,2,0.08,9,Brand#13,SM PKG,3,5,4,6852.068
F,F,A,DELIVER IN PERSON,Manufacturer#3,3-MEDIUM,1,BUILDING,REG AIR,3,0.04,21,Brand#35,SM PACK,4,15,1,21878.25
F,F,R,TAKE BACK RETURN,Manufacturer#2,1-URGENT,2,BUILDING,SHIP,1,0.07,21,Brand#22,JUMBO CAN,42,13,1,20707.8729
F,F,A,TAKE BACK RETURN,Manufacturer#1,2-HIGH,2,BUILDING,REG AIR,4,0.04,18,Brand#14,JUMBO PACK,17,38,2,50396.3904
F,F,A,COLLECT COD,Manufacturer#1,2-HIGH,2,BUILDING,MAIL,1,0.02,18,Brand#12,JUMBO CASE,20,47,2,51534.513
F,F,R,TAKE BACK RETURN,Manufacturer#3,2-HIGH,2,BUILDING,AIR,5,0.08,8,Brand#34,MED CAN,34,48,3,62583.4272
F,F,R,TAKE BACK RETURN,Manufacturer#4,3-MEDIUM,0,FURNITURE,TRUCK,2,0.05,21,Brand#43,LG BOX,16,33,1,27235.197
O,O,N,TAKE BACK RETURN,Manufacturer#3,3-MEDIUM,0,FURNITURE,REG AIR,2,0.06,21,Brand#34,SM PACK,48,22,1,25640.8768
O,O,N,NONE,Manufacturer#2,3-MEDIUM,0,FURNITURE,AIR,1,0.05,12,Brand#24,SM PACK,30,19,0,17888.994
O,O,N,DELIVER IN PERSON,Manufacturer#2,3-MEDIUM,0,FURNITURE,REG AIR,3,0.03,8,Brand#24,JUMBO PACK,39,30,3,34352.955
F,F,R,COLLECT COD,Manufacturer#4,3-MEDIUM,0,FURNITURE,REG AIR,6,0.05,21,Brand#43,WRAP CASE,44,41,1,61640.3799
F,P,R,COLLECT COD,Manufacturer#4,3-MEDIUM,2,FURNITURE,FOB,5,0.01,9,Brand#45,MED PKG,15,10,4,13032.912
O,P,N,DELIVER IN PERSON,Manufacturer#1,3-MEDIUM,2,FURNITURE,TRUCK,1,0,9,Brand#15,LG CASE,13,27,4,22555.5057
O,O,N,COLLECT COD,Manufacturer#1,1-URGENT,1,FURNITURE,AIR,3,0.06,18,Brand#12,JUMBO JAR,19,21,2,22496.481
F,F,A,NONE,Manufacturer#3,2-HIGH,0,HOUSEHOLD,RAIL,7,0.07,12,Brand#32,SM PKG,15,5,0,4479.75
F,F,R,NONE,Manufacturer#2,1-URGENT,1,FURNITURE,MAIL,1,0.02,9,Brand#21,WRAP CAN,20,42,4,40174.953
F,F,A,TAKE BACK RETURN,Manufacturer#2,2-HIGH,3,BUILDING,TRUCK,7,0.04,21,Brand#21,JUMBO CAN,29,27,1,42475.8816
F,F,R,NONE,Manufacturer#1,2-HIGH,3,BUILDING,REG AIR,3,0.05,8,Brand#14,SM CAN,2,37,3,39656.933
O,O,N,COLLECT COD,Manufacturer#3,5-LOW,4,HOUSEHOLD,TRUCK,2,0.04,12,Brand#35,MED JAR,7,20,0,33655.842
O,O,N,DELIVER IN PERSON,Manufacturer#5,5-LOW,4,HOUSEHOLD,AIR,1,0.03,9,Brand#51,WRAP BAG,46,11,4,16103.087
O,O,N,DELIVER IN PERSON,Manufacturer#4,5-LOW,4,HOUSEHOLD,AIR,3,0,8,Brand#42,MED JAR,7,33,3,36915.4368
O,O,N,NONE,Manufacturer#1,2-HIGH,1,HOUSEHOLD,SHIP,2,0.04,21,Brand#14,SM PKG,13,38,1,36086.3808
F,F,R,DELIVER IN PERSON,Manufacturer#4,3-MEDIUM,1,AUTOMOBILE,SHIP,2,0.07,18,Brand#44,SM BAG,15,26,2,39403.6032
F,F,A,DELIVER IN PERSON,Manufacturer#5,3-MEDIUM,1,AUTOMOBILE,REG AIR,1,0.04,18,Brand#52,MED CASE,20,1,2,887.0592
O,O,N,DELIVER IN PERSON,Manufacturer#5,3-MEDIUM,2,AUTOMOBILE,SHIP,4,0.04,21,Brand#54,LG CAN,49,25,1,25515.84
O,O,N,TAKE BACK RETURN,Manufacturer#2,3-MEDIUM,2,AUTOMOBILE,FOB,3,0,18,Brand#22,SM PKG,19,40,2,40085.444
O,O,N,NONE,Manufacturer#4,3-MEDIUM,2,AUTOMOBILE,AIR,5,0.01,18,Brand#45,MED JAR,35,7,2,11569.8695
F,F,R,TAKE BACK RETURN,Manufacturer#4,3-MEDIUM,1,AUTOMOBILE,REG AIR,1,0.05,12,Brand#42,MED PKG,28,39,0,49525.9401
O,O,N,COLLECT COD,Manufacturer#1,4-NOT SPECIFIED,3,HOUSEHOLD,MAIL,2,0.02,21,Brand#13,JUMBO CASE,19,1,1,1544.64
F,F,A,COLLECT COD,Manufacturer#3,1-URGENT,1,BUILDING,TRUCK,3,0.04,9,Brand#32,LG BOX,1,24,4,22612.5696
F,F,R,DELIVER IN PERSON,Manufacturer#4,1-URGENT,1,BUILDING,REG AIR,1,0.08,18,Brand#44,WRAP PKG,42,16,2,26739.3024
O,O,N,DELIVER IN PERSON,Manufacturer#4,2-HIGH,2,AUTOMOBILE,RAIL,2,0,9,Brand#43,MED BAG,4,17,4,27475.0923
O,O,N,COLLECT COD,Manufacturer#1,2-HIGH,2,AUTOMOBILE,AIR,4,0.05,9,Brand#13,LG PACK,1,2,4,2882.2976
O,O,N,NONE,Manufacturer#5,2-HIGH,2,AUTOMOBILE,TRUCK,5,0.08,18,Brand#52,SM JAR,28,2,2,2640.9024
F,F,A,NONE,Manufacturer#4,1-URGENT,0,BUILDING,SHIP,1,0.04,8,Brand#45,MED DRUM,33,9,3,11990.2761
O,P,N,NONE,Manufacturer#5,4-NOT SPECIFIED,0,HOUSEHOLD,MAIL,1,0.03,8,Brand#52,WRAP PACK,27,4,3,5090.1048
O,O,N,DELIVER IN PERSON,Manufacturer#2,1-URGENT,4,BUILDING,REG AIR,2,0.07,18,Brand#23,JUMBO BOX,40,36,2,64556.6976
O,O,N,TAKE BACK RETURN,Manufacturer#1,1-URGENT,4,BUILDING,SHIP,4,0.05,8,Brand#14,WRAP BAG,25,50,3,49347.9
O,O,N,COLLECT COD,Manufacturer#2,1-URGENT,4,BUILDING,MAIL,5,0.05,9,Brand#21,MED PACK,30,35,4,52959.13
O,O,N,DELIVER IN PERSON,Manufacturer#2,4-NOT SPECIFIED,0,MACHINERY,TRUCK,1,0.04,21,Brand#24,WRAP PKG,14,48,1,77538.336
O,P,N,TAKE BACK RETURN,Manufacturer#3,1-URGENT,2,MACHINERY,FOB,1,0.01,21,Brand#34,SM CASE,21,31,1,49248.9064
F,F,A,COLLECT COD,Manufacturer#5,4-NOT SPECIFIED,1,HOUSEHOLD,FOB,1,0.04,9,Brand#55,JUMBO BAG,3,1,4,841.7682
O,O,N,NONE,Manufacturer#5,3-MEDIUM,3,BUILDING,SHIP,3,0.06,8,Brand#54,WRAP BOX,31,18,3,24103.1808
O,O,N,COLLECT COD,Manufacturer#2,3-MEDIUM,3,BUILDING,AIR,1,0.02,9,Brand#22,MED CASE,38,18,4,24543.1368
F,P,A,NONE,Manufacturer#1,3-MEDIUM,1,BUILDING,REG AIR,5,0.08,12,Brand#14,MED BAG,30,37,0,46462.8388
F,P,A,COLLECT COD,Manufacturer#2,3-MEDIUM,1,BUILDING,SHIP,3,0,18,Brand#24,JUMBO DRUM,47,49,2,54273.1644
O,O,N,DELIVER IN PERSON,Manufacturer#4,1-URGENT,0,BUILDING,RAIL,4,0.06,21,Brand#41,WRAP PACK,6,34,1,52632.7956
O,O,N,TAKE BACK RETURN,Manufacturer#2,1-URGENT,0,BUILDING,RAIL,6,0.05,18,Brand#23,LG PACK,27,18,2,18118.3968
O,O,N,COLLECT COD,Manufacturer#4,1-URGENT,4,HOUSEHOLD,MAIL,1,0.04,8,Brand#43,JUMBO BOX,48,3,3,4809.8778
F,F,A,TAKE BACK RETURN,Manufacturer#4,4-NOT SPECIFIED,3,BUILDING,RAIL,4,0.08,9,Brand#42,JUMBO CASE,6,50,4,78947.235
F,F,A,TAKE BACK RETURN,Manufacturer#2,2-HIGH,4,MACHINERY,AIR,1,0.04,9,Brand#25,WRAP CASE,21,39,4,61178.3718
F,F,A,TAKE BACK RETURN,Manufacturer#2,1-URGENT,0,FURNITURE,FOB,3,0.04,18,Brand#21,SM PKG,32,33,2,41991.1305
O,O,N,COLLECT COD,Manufacturer#2,4-NOT SPECIFIED,1,BUILDING,TRUCK,2,0.08,8,Brand#24,MED CASE,36,25,3,29743.92
O,O,N,COLLECT COD,Manufacturer#2,4-NOT SPECIFIED,1,BUILDING,MAIL,4,0.05,21,Brand#24,JUMBO BAG,25,9,1,13325.13
O,O,N,NONE,Manufacturer#3,4-NOT SPECIFIED,1,BUILDING,REG AIR,1,0.02,9,Brand#35,JUMBO CASE,24,17,4,15278.546
O,O,N,NONE,Manufacturer#3,4-NOT SPECIFIED,2,MACHINERY,REG AIR,1,0.07,9,Brand#31,SM CAN,34,23,4,29707.3152
F,F,A,NONE,Manufacturer#2,3-MEDIUM,4,AUTOMOBILE,REG AIR,2,0.02,12,Brand#23,LG BAG,17,6,0,6233.3568
F,F,A,DELIVER IN PERSON,Manufacturer#3,3-MEDIUM,4,AUTOMOBILE,RAIL,3,0.01,21,Brand#32,LG DRUM,43,46,1,44624.0158
F,F,R,DELIVER IN PERSON,Manufacturer#1,3-MEDIUM,2,BUILDING,FOB,2,0.08,9,Brand#12,JUMBO BAG,43,18,4,20660.994
F,F,A,DELIVER IN PERSON,Manufacturer#4,3-MEDIUM,2,BUILDING,TRUCK,1,0.06,8,Brand#43,SM JAR,11,20,3,18197.782
F,F,R,DELIVER IN PERSON,Manufacturer#5,3-MEDIUM,2,BUILDING,FOB,3,0.03,12,Brand#52,JUMBO PKG,21,39,0,38262.12
F,F,A,NONE,Manufacturer#3,3-MEDIUM,2,BUILDING,MAIL,6,0.06,18,Brand#33,JUMBO BAG,46,38,2,34336.0248
O,O,N,DELIVER IN PERSON,Manufacturer#1,1-URGENT,3,MACHINERY,MAIL,2,0.02,18,Brand#13,WRAP JAR,11,12,2,15007.074
O,O,N,DELIVER IN PERSON,Manufacturer#1,1-URGENT,3,MACHINERY,FOB,5,0.07,8,Brand#12,MED JAR,23,38,3,32653.6888
O,O,N,DELIVER IN PERSON,Manufacturer#5,1-URGENT,3,MACHINERY,AIR,1,0.01,21,Brand#52,LG BAG,41,31,1,50295.0448
O,O,N,DELIVER IN PERSON,Manufacturer#4,1-URGENT,3,MACHINERY,TRUCK,6,0.01,9,Brand#44,SM BAG,7,1,4,931.0392
O,P,N,TAKE BACK RETURN,Manufacturer#5,3-MEDIUM,1,AUTOMOBILE,FOB,6,0.07,21,Brand#52,JUMBO CAN,43,23,1,39103.0682
O,P,N,NONE,Manufacturer#1,3-MEDIUM,1,AUTOMOBILE,SHIP,4,0.03,8,Brand#12,SM PACK,36,17,3,30942.5568
F,F,R,TAKE BACK RETURN,Manufacturer#2,4-NOT SPECIFIED,3,BUILDING,REG AIR,3,0.01,8,Brand#21,SM PKG,41,37,3,60203.07
F,F,A,COLLECT COD,Manufacturer#5,4-NOT SPECIFIED,3,BUILDING,AIR,7,0.02,9,Brand#55,WRAP DRUM,42,7,4,11705.085
O,O,N,TAKE BACK RETURN,Manufacturer#5,5-LOW,2,FURNITURE,REG AIR,2,0.07,18,Brand#52,SM PACK,10,45,2,58936.563
O,O,N,NONE,Manufacturer#2,5-LOW,2,FURNITURE,FOB,1,0.03,9,Brand#24,MED PKG,13,19,4,23043.7662
O,O,N,DELIVER IN PERSON,Manufacturer#2,5-LOW,2,FURNITURE,FOB,3,0,9,Brand#23,WRAP BOX,33,48,4,42347.9808
O,O,N,TAKE BACK RETURN,Manufacturer#1,3-MEDIUM,1,MACHINERY,RAIL,2,0.04,21,Brand#11,MED BOX,25,16,1,18464.032
O,O,N,DELIVER IN PERSON,Manufacturer#3,1-URGENT,0,FURNITURE,RAIL,1,0.03,18,Brand#34,SM BAG,20,28,2,43233.498
O,O,N,DELIVER IN PERSON,Manufacturer#5,1-URGENT,0,FURNITURE,MAIL,3,0.04,9,Brand#53,JUMBO JAR,28,27,4,31750.3989
F,F,A,NONE,Manufacturer#4,1-URGENT,3,AUTOMOBILE,MAIL,2,0.02,18,Brand#44,SM CAN,11,18,2,28039.4478
F,F,A,COLLECT COD,Manufacturer#4,1-URGENT,3,AUTOMOBILE,AIR,4,0.05,18,Brand#44,MED JAR,10,28,2,29410.29
F,F,A,COLLECT COD,Manufacturer#3,1-URGENT,4,FURNITURE,MAIL,4,0.06,9,Brand#35,WRAP BOX,14,13,4,15729.2928
F,F,A,NONE,Manufacturer#4,1-URGENT,4,FURNITURE,AIR,3,0.06,18,Brand#44,WRAP PACK,1,19,2,21665.415
F,F,R,DELIVER IN PERSON,Manufacturer#4,3-MEDIUM,3,HOUSEHOLD,FOB,3,0.04,9,Brand#43,JUMBO CAN,2,6,4,10774.6254
F,F,R,DELIVER IN PERSON,Manufacturer#1,3-MEDIUM,3,HOUSEHOLD,FOB,1,0.03,8,Brand#12,LG BAG,45,22,3,32001.2506
F,F,R,DELIVER IN PERSON,Manufacturer#5,2-HIGH,0,BUILDING,SHIP,4,0.02,21,Brand#53,LG JAR,22,34,1,41231.664
F,F,R,NONE,Manufacturer#3,2-HIGH,0,BUILDING,RAIL,1,0.04,9,Brand#33,LG CAN,14,12,4,14265.888
F,F,R,TAKE BACK RETURN,Manufacturer#3,2-HIGH,0,BUILDING,TRUCK,2,0.08,9,Brand#31,MED BOX,46,35,4,56538.37
F,F,A,NONE,Manufacturer#2,2-HIGH,0,BUILDING,FOB,7,0,21,Brand#24,WRAP BAG,28,14,1,20810.3448
F,F,A,DELIVER IN PERSON,Manufacturer#2,2-HIGH,0,BUILDING,SHIP,5,0.03,21,Brand#21,JUMBO CAN,29,34,1,51816.6426
F,F,R,TAKE BACK RETURN,Manufacturer#1,2-HIGH,4,HOUSEHOLD,SHIP,3,0.08,8,Brand#13,JUMBO PACK,39,25,3,32729.895
F,F,R,DELIVER IN PERSON,Manufacturer#3,2-HIGH,4,HOUSEHOLD,MAIL,4,0.08,12,Brand#31,LG PKG,47,36,0,41672.4264
O,O,N,DELIVER IN PERSON,Manufacturer#5,2-HIGH,4,BUILDING,TRUCK,1,0.03,21,Brand#51,LG CAN,8,20,1,31519.306
O,O,N,DELIVER IN PERSON,Manufacturer#5,4-NOT SPECIFIED,0,AUTOMOBILE,SHIP,2,0,18,Brand#51,LG PKG,8,1,2,1171.5596
F,F,R,COLLECT COD,Manufacturer#2,5-LOW,2,AUTOMOBILE,RAIL,1,0.08,21,Brand#24,MED PKG,13,37,1,46262.58
F,F,A,DELIVER IN PERSON,Manufacturer#2,2-HIGH,4,HOUSEHOLD,AIR,6,0.05,12,Brand#21,WRAP BOX,19,19,0,33681.718
F,F,A,DELIVER IN PERSON,Manufacturer#1,5-LOW,3,MACHINERY,AIR,5,0.01,18,Brand#12,JUMBO BAG,40,38,2,51316.872
F,F,A,COLLECT COD,Manufacturer#4,5-LOW,3,MACHINERY,FOB,3,0.03,8,Brand#45,SM CASE,38,13,3,18880.4694
F,F,A,TAKE BACK RETURN,Manufacturer#3,5-LOW,3,MACHINERY,SHIP,6,0.06,21,Brand#33,LG PKG,25,19,1,22919.7
O,O,N,TAKE BACK RETURN,Manufacturer#2,3-MEDIUM,1,FURNITURE,AIR,1,0,18,Brand#25,SM BAG,44,31,2,43173.2412
O,O,N,TAKE BACK RETURN,Manufacturer#4,3-MEDIUM,1,FURNITURE,MAIL,4,0.08,18,Brand#45,MED DRUM,33,10,2,14038.794
O,O,N,DELIVER IN PERSON,Manufacturer#3,3-MEDIUM,1,FURNITURE,FOB,3,0.02,21,Brand#33,JUMBO CAN,47,47,1,61639.4848
F,F,A,TAKE BACK RETURN,Manufacturer#1,3-MEDIUM,3,BUILDING,FOB,3,0.07,9,Brand#13,WRAP BOX,26,24,4,26949.3048
F,F,A,NONE,Manufacturer#2,3-MEDIUM,3,BUILDING,REG AIR,2,0.07,21,Brand#21,WRAP DRUM,34,48,1,72974.3472
O,O,N,DELIVER IN PERSON,Manufacturer#4,3-MEDIUM,4,HOUSEHOLD,REG AIR,1,0.03,21,Brand#41,JUMBO JAR,22,43,1,59661.64
F,F,R,COLLECT COD,Manufacturer#4,2-HIGH,2,MACHINERY,TRUCK,2,0,12,Brand#42,JUMBO CAN,4,8,0,8242.6344
F,F,A,COLLECT COD,Manufacturer#3,2-HIGH,0,BUILDING,FOB,4,0.01,21,Brand#35,SM PKG,23,2,1,1957.3432
F,F,A,DELIVER IN PERSON,Manufacturer#3,2-HIGH,4,FURNITURE,AIR,4,0.03,12,Brand#33,MED PKG,24,50,0,74381.055
F,F,R,NONE,Manufacturer#3,5-LOW,0,BUILDING,SHIP,5,0.06,21,Brand#33,MED DRUM,40,11,1,18116.208
F,F,R,COLLECT COD,Manufacturer#1,1-URGENT,0,FURNITURE,RAIL,1,0.01,18,Brand#12,LG JAR,39,37,2,56370.9874
F,F,R,NONE,Manufacturer#4,2-HIGH,0,FURNITURE,SHIP,5,0.01,21,Brand#43,WRAP CASE,44,43,1,59423.2093
O,O,N,NONE,Manufacturer#5,1-URGENT,2,FURNITURE,MAIL,3,0.05,18,Brand#52,MED DRUM,44,46,2,48822.077
O,O,N,NONE,Manufacturer#5,1-URGENT,2,FURNITURE,TRUCK,1,0.04,18,Brand#53,LG BOX,42,29,2,30183.5712
O,O,N,DELIVER IN PERSON,Manufacturer#1,4-NOT SPECIFIED,2,HOUSEHOLD,REG AIR,3,0.08,21,Brand#15,WRAP BOX,26,43,1,56868.6868
F,F,A,TAKE BACK RETURN,Manufacturer#5,3-MEDIUM,1,MACHINERY,AIR,3,0.01,9,Brand#54,WRAP CAN,13,49,4,42593.7155
F,F,A,DELIVER IN PERSON,Manufacturer#4,3-MEDIUM,1,MACHINERY,TRUCK,2,0.06,21,Brand#45,MED CAN,4,14,1,24477.2094
F,F,R,COLLECT COD,Manufacturer#4,3-MEDIUM,4,AUTOMOBILE,SHIP,1,0.02,12,Brand#41,LG BAG,30,40,0,42339.98
O,O,N,TAKE BACK RETURN,Manufacturer#3,5-LOW,2,FURNITURE,MAIL,2,0.06,18,Brand#35,LG PKG,5,36,2,51586.1892
O,O,N,NONE,Manufacturer#5,5-LOW,2,FURNITURE,FOB,5,0.04,9,Brand#51,WRAP CASE,3,24,4,24650.784
F,F,A,TAKE BACK RETURN,Manufacturer#3,1-URGENT,0,BUILDING,TRUCK,5,0.02,9,Brand#35,WRAP BOX,14,25,4,28988.28
F,F,R,NONE,Manufacturer#1,1-URGENT,0,BUILDING,REG AIR,1,0.07,21,Brand#12,JUMBO DRUM,12,8,1,7704.48
O,O,N,TAKE BACK RETURN,Manufacturer#1,3-MEDIUM,3,BUILDING,REG AIR,1,0.08,8,Brand#14,MED BOX,1,50,3,67915.575
F,F,R,NONE,Manufacturer#5,2-HIGH,0,MACHINERY,FOB,1,0.05,8,Brand#54,JUMBO PACK,37,17,3,24325.7403
F,F,A,COLLECT COD,Manufacturer#2,4-NOT SPECIFIED,1,BUILDING,FOB,2,0.01,21,Brand#24,WRAP PACK,40,46,1,50491.9506
F,F,R,COLLECT COD,Manufacturer#3,4-NOT SPECIFIED,1,BUILDING,FOB,1,0.06,18,Brand#34,JUMBO CAN,48,42,2,48930.168
F,F,R,NONE,Manufacturer#1,3-MEDIUM,4,MACHINERY,FOB,6,0.04,12,Brand#14,LG BAG,25,11,0,10964.4458
F,F,R,COLLECT COD,Manufacturer#3,3-MEDIUM,4,MACHINERY,REG AIR,1,0,18,Brand#35,LG JAR,14,49,2,52290.84
F,P,A,TAKE BACK RETURN,Manufacturer#5,1-URGENT,3,FURNITURE,MAIL,3,0,12,Brand#52,LG DRUM,30,13,0,14015.3325
F,F,R,DELIVER IN PERSON,Manufacturer#5,2-HIGH,2,MACHINERY,REG AIR,4,0.07,18,Brand#52,SM DRUM,32,36,2,63034.6752
F,F,R,TAKE BACK RETURN,Manufacturer#5,4-NOT SPECIFIED,4,FURNITURE,SHIP,3,0,12,Brand#51,SM PACK,30,24,0,38242.9872
O,O,N,DELIVER IN PERSON,Manufacturer#3,3-MEDIUM,0,BUILDING,MAIL,7,0.03,21,Brand#33,WRAP PKG,25,15,1,12968.1825
F,F,A,TAKE BACK RETURN,Manufacturer#1,1-URGENT,1,BUILDING,SHIP,1,0.01,21,Brand#12,WRAP JAR,8,29,1,47630.412
F,F,R,COLLECT COD,Manufacturer#1,1-URGENT,1,BUILDING,AIR,2,0.02,9,Brand#15,JUMBO CAN,18,11,4,17409.48
F,F,R,NONE,Manufacturer#3,1-URGENT,1,BUILDING,TRUCK,5,0.05,21,Brand#34,LG PKG,39,7,1,12278.0168
O,O,N,DELIVER IN PERSON,Manufacturer#3,3-MEDIUM,3,FURNITURE,MAIL,1,0.05,9,Brand#31,JUMBO JAR,38,10,4,15472.376
O,O,N,TAKE BACK RETURN,Manufacturer#1,3-MEDIUM,3,FURNITURE,AIR,5,0.08,21,Brand#13,LG CAN,47,10,1,16050.126
O,O,N,NONE,Manufacturer#4,1-URGENT,4,BUILDING,TRUCK,7,0.08,12,Brand#42,WRAP CASE,21,38,0,34314
O,O,N,NONE,Manufacturer#1,1-URGENT,4,BUILDING,RAIL,6,0.01,12,Brand#11,LG PKG,12,24,0,35034.8544
O,O,N,TAKE BACK RETURN,Manufacturer#5,1-URGENT,4,BUILDING,RAIL,1,0.06,8,Brand#55,SM BAG,17,8,3,13052.952
O,O,N,TAKE BACK RETURN,Manufacturer#3,4-NOT SPECIFIED,2,AUTOMOBILE,MAIL,1,0.06,12,Brand#34,MED DRUM,47,28,0,47778.948
F,F,A,TAKE BACK RETURN,Manufacturer#2,4-NOT SPECIFIED,0,FURNITURE,SHIP,1,0.06,8,Brand#25,WRAP BOX,43,15,3,12298.635
F,F,R,DELIVER IN PERSON,Manufacturer#4,5-LOW,4,HOUSEHOLD,AIR,4,0.03,18,Brand#45,JUMBO CAN,34,5,2,7753.778
F,F,R,COLLECT COD,Manufacturer#1,5-LOW,4,HOUSEHOLD,RAIL,5,0.02,9,Brand#12,MED CASE,49,24,4,31706.0064
F,F,A,TAKE BACK RETURN,Manufacturer#2,3-MEDIUM,3,MACHINERY,FOB,2,0.06,8,Brand#21,JUMBO CASE,31,28,3,33198.9952
F,F,A,TAKE BACK RETURN,Manufacturer#1,3-MEDIUM,3,FURNITURE,AIR,1,0.01,9,Brand#13,LG DRUM,44,5,4,9117.8545
F,F,A,COLLECT COD,Manufacturer#2,3-MEDIUM,3,FURNITURE,REG AIR,3,0.04,18,Brand#25,JUMBO BOX,36,11,2,14270.3649
O,O,N,NONE,Manufacturer#4,3-MEDIUM,4,HOUSEHOLD,RAIL,1,0.04,8,Brand#42,JUMBO PKG,20,6,3,8300.88
F,F,A,NONE,Manufacturer#1,1-URGENT,0,MACHINERY,RAIL,3,0.02,21,Brand#14,MED CAN,23,18,1,30657.5172
O,O,N,NONE,Manufacturer#2,2-HIGH,4,FURNITURE,FOB,5,0.06,18,Brand#23,LG JAR,20,33,2,39704.1777
O,O,N,COLLECT COD,Manufacturer#1,2-HIGH,4,FURNITURE,REG AIR,3,0.02,21,Brand#14,WRAP CASE,16,30,1,39035.904
F,F,R,NONE,Manufacturer#5,4-NOT SPECIFIED,1,BUILDING,AIR,3,0.05,18,Brand#52,MED DRUM,44,10,2,10948.658
O,O,N,NONE,Manufacturer#5,3-MEDIUM,4,BUILDING,TRUCK,2,0,8,Brand#52,WRAP DRUM,36,49,3,68751.7824
O,O,N,NONE,Manufacturer#3,3-MEDIUM,4,BUILDING,RAIL,1,0.04,18,Brand#32,WRAP DRUM,27,38,2,47401.7472
F,F,R,TAKE BACK RETURN,Manufacturer#4,2-HIGH,2,MACHINERY,FOB,4,0.07,9,Brand#43,JUMBO BAG,41,49,4,74926.7232
F,F,R,DELIVER IN PERSON,Manufacturer#4,2-HIGH,2,MACHINERY,TRUCK,7,0.08,8,Brand#43,WRAP CASE,12,13,3,11462.49
F,F,A,COLLECT COD,Manufacturer#2,4-NOT SPECIFIED,0,BUILDING,TRUCK,3,0.01,21,Brand#24,MED PACK,50,14,1,22008.175
F,F,A,NONE,Manufacturer#5,4-NOT SPECIFIED,0,BUILDING,MAIL,6,0.03,9,Brand#53,LG PACK,46,43,4,41089.4498
F,F,A,DELIVER IN PERSON,Manufacturer#3,2-HIGH,0,BUILDING,MAIL,5,0.07,21,Brand#34,SM BAG,20,6,1,9170.742
F,F,R,NONE,Manufacturer#2,4-NOT SPECIFIED,1,MACHINERY,TRUCK,3,0.03,18,Brand#23,WRAP JAR,50,20,2,22958.538
F,F,A,TAKE BACK RETURN,Manufacturer#5,4-NOT SPECIFIED,1,MACHINERY,FOB,6,0,9,Brand#52,SM JAR,18,2,4,2150.4924
F,F,R,DELIVER IN PERSON,Manufacturer#5,4-NOT SPECIFIED,1,MACHINERY,FOB,1,0.03,12,Brand#52,LG PKG,39,33,0,34816.419
F,F,A,COLLECT COD,Manufacturer#5,5-LOW,2,FURNITURE,FOB,2,0.04,8,Brand#54,WRAP JAR,50,39,3,67896.3519
F,F,R,DELIVER IN PERSON,Manufacturer#5,5-LOW,2,FURNITURE,TRUCK,1,0.05,9,Brand#52,SM BOX,2,5,4,4457.676
O,O,N,COLLECT COD,Manufacturer#4,4-NOT SPECIFIED,0,FURNITURE,FOB,2,0.02,8,Brand#43,MED PACK,37,43,3,70040.9886
O,O,N,DELIVER IN PERSON,Manufacturer#2,4-NOT SPECIFIED,0,FURNITURE,REG AIR,5,0,9,Brand#25,SM PKG,31,13,4,23612.0352
O,O,N,DELIVER IN PERSON,Manufacturer#1,4-NOT SPECIFIED,0,FURNITURE,FOB,3,0.04,21,Brand#13,MED CAN,30,3,1,4101.645
O,O,N,TAKE BACK RETURN,Manufacturer#5,2-HIGH,3,BUILDING,RAIL,5,0.02,21,Brand#53,LG PACK,46,7,1,6825.49
O,O,N,NONE,Manufacturer#1,1-URGENT,4,MACHINERY,RAIL,2,0.02,8,Brand#15,LG JAR,2,25,3,33170.485
F,F,A,COLLECT COD,Manufacturer#4,4-NOT SPECIFIED,1,HOUSEHOLD,AIR,1,0,12,Brand#41,SM PACK,5,6,0,9151.3422
F,F,A,DELIVER IN PERSON,Manufacturer#3,4-NOT SPECIFIED,1,HOUSEHOLD,REG AIR,4,0,21,Brand#35,WRAP BAG,10,10,1,16014.635
F,F,R,COLLECT COD,Manufacturer#3,4-NOT SPECIFIED,1,HOUSEHOLD,FOB,2,0.07,8,Brand#35,MED CASE,27,37,3,42324.0003
F,F,R,DELIVER IN PERSON,Manufacturer#5,4-NOT SPECIFIED,1,HOUSEHOLD,FOB,7,0.05,18,Brand#51,WRAP DRUM,21,24,2,38632.7808
O,O,N,TAKE BACK RETURN,Manufacturer#5,4-NOT SPECIFIED,1,BUILDING,TRUCK,3,0,9,Brand#53,MED CASE,28,11,4,10614.483
O,O,N,NONE,Manufacturer#1,1-URGENT,1,HOUSEHOLD,TRUCK,1,0.08,21,Brand#14,WRAP PKG,33,12,1,15748.92
O,O,N,DELIVER IN PERSON,Manufacturer#2,1-URGENT,1,HOUSEHOLD,AIR,5,0.01,12,Brand#22,MED JAR,8,22,0,23645.5824
O,O,N,DELIVER IN PERSON,Manufacturer#3,1-URGENT,1,HOUSEHOLD,REG AIR,4,0.06,8,Brand#35,LG DRUM,19,1,3,1208.976
O,O,N,TAKE BACK RETURN,Manufacturer#3,5-LOW,4,HOUSEHOLD,FOB,6,0.06,8,Brand#32,LG JAR,31,11,3,19262.5664
O,O,N,NONE,Manufacturer#5,5-LOW,4,HOUSEHOLD,RAIL,2,0.01,21,Brand#52,MED CASE,20,17,1,14608.7562
O,O,N,COLLECT COD,Manufacturer#5,5-LOW,2,MACHINERY,MAIL,1,0.05,8,Brand#55,SM BOX,12,18,3,26661.6306
O,O,N,NONE,Manufacturer#3,5-LOW,2,MACHINERY,SHIP,2,0.07,21,Brand#34,WRAP JAR,17,40,1,51171.68
F,F,R,COLLECT COD,Manufacturer#5,3-MEDIUM,0,FURNITURE,MAIL,2,0.02,21,Brand#54,LG PACK,43,42,1,65950.752
F,F,A,TAKE BACK RETURN,Manufacturer#2,3-MEDIUM,0,FURNITURE,FOB,4,0.02,9,Brand#22,SM DRUM,42,3,4,3748.9185
F,F,A,NONE,Manufacturer#3,5-LOW,1,MACHINERY,SHIP,4,0,18,Brand#34,SM BAG,20,1,2,1434.878
F,F,R,COLLECT COD,Manufacturer#4,5-LOW,1,MACHINERY,FOB,1,0.07,18,Brand#44,MED DRUM,45,11,2,19080.864
O,O,N,NONE,Manufacturer#2,1-URGENT,2,FURNITURE,MAIL,2,0.07,21,Brand#22,WRAP DRUM,13,44,1,43610.7672
F,F,A,NONE,Manufacturer#1,1-URGENT,3,HOUSEHOLD,REG AIR,4,0.02,21,Brand#13,MED PKG,6,49,1,45649.6054
F,F,R,COLLECT COD,Manufacturer#3,1-URGENT,3,HOUSEHOLD,REG AIR,2,0.03,21,Brand#32,WRAP BOX,46,42,1,40786.8552
F,F,R,DELIVER IN PERSON,Manufacturer#2,4-NOT SPECIFIED,2,FURNITURE,TRUCK,2,0,18,Brand#24,MED DRUM,31,41,2,38521.5336
F,F,A,COLLECT COD,Manufacturer#4,2-HIGH,0,MACHINERY,TRUCK,1,0,21,Brand#45,MED PKG,34,40,1,45184.776
F,F,R,NONE,Manufacturer#2,2-HIGH,0,MACHINERY,REG AIR,3,0.01,18,Brand#24,SM PACK,30,42,2,43498.5012
O,O,N,DELIVER IN PERSON,Manufacturer#2,5-LOW,0,MACHINERY,SHIP,1,0.02,12,Brand#22,JUMBO PKG,35,25,0,23562.1375
O,O,N,NONE,Manufacturer#5,3-MEDIUM,2,HOUSEHOLD,RAIL,4,0.02,18,Brand#53,JUMBO PACK,4,49,2,54528.3172
O,O,N,NONE,Manufacturer#3,3-MEDIUM,2,HOUSEHOLD,REG AIR,3,0.08,8,Brand#32,LG PKG,36,27,3,30362.4288
O,O,N,NONE,Manufacturer#5,3-MEDIUM,2,HOUSEHOLD,REG AIR,2,0.05,18,Brand#53,SM CASE,32,48,2,45899.8272
O,O,N,DELIVER IN PERSON,Manufacturer#4,5-LOW,0,BUILDING,MAIL,2,0.03,18,Brand#41,LG PACK,43,8,2,12458.76
O,O,N,DELIVER IN PERSON,Manufacturer#2,5-LOW,0,BUILDING,RAIL,1,0.05,8,Brand#22,WRAP BAG,2,17,3,17085.7837
F,F,R,TAKE BACK RETURN,Manufacturer#5,3-MEDIUM,2,MACHINERY,AIR,2,0.08,12,Brand#51,LG PACK,18,2,0,2627.2686
O,O,N,DELIVER IN PERSON,Manufacturer#4,5-LOW,1,BUILDING,SHIP,4,0.01,18,Brand#45,SM DRUM,22,23,2,38542.71
O,O,N,COLLECT COD,Manufacturer#5,5-LOW,1,BUILDING,MAIL,2,0.07,9,Brand#51,LG PKG,47,43,4,71592.678
F,F,R,NONE,Manufacturer#5,5-LOW,4,BUILDING,SHIP,3,0.04,21,Brand#54,JUMBO DRUM,18,1,1,1701.8
O,O,N,TAKE BACK RETURN,Manufacturer#5,5-LOW,4,AUTOMOBILE,SHIP,5,0.03,9,Brand#51,WRAP BAG,19,6,4,8770.2912
F,F,R,DELIVER IN PERSON,Manufacturer#3,1-URGENT,4,BUILDING,MAIL,2,0,9,Brand#35,SM CAN,24,7,4,10311.1827
O,O,N,COLLECT COD,Manufacturer#3,4-NOT SPECIFIED,1,BUILDING,RAIL,2,0.03,21,Brand#35,MED BOX,47,43,1,53779.842
O,O,N,TAKE BACK RETURN,Manufacturer#5,1-URGENT,2,AUTOMOBILE,AIR,4,0.01,8,Brand#54,JUMBO PACK,37,41,3,62452.9917
O,O,N,NONE,Manufacturer#2,1-URGENT,2,AUTOMOBILE,RAIL,2,0.04,9,Brand#25,LG CAN,33,38,4,59647.08
O,O,N,NONE,Manufacturer#5,1-URGENT,2,AUTOMOBILE,MAIL,3,0.02,9,Brand#54,LG JAR,19,5,4,4722.5475
O,O,N,DELIVER IN PERSON,Manufacturer#3,4-NOT SPECIFIED,4,HOUSEHOLD,SHIP,2,0.03,9,Brand#33,SM PACK,13,27,4,33375.7503
F,F,A,TAKE BACK RETURN,Manufacturer#5,5-LOW,3,HOUSEHOLD,FOB,5,0.03,21,Brand#51,JUMBO BAG,22,24,1,43274.172
F,F,A,NONE,Manufacturer#3,5-LOW,3,HOUSEHOLD,FOB,6,0.04,8,Brand#35,SM CAN,39,3,3,3002.967
F,F,A,DELIVER IN PERSON,Manufacturer#5,5-LOW,4,FURNITURE,FOB,7,0.07,9,Brand#55,WRAP PACK,50,45,4,72381.276
F,F,A,TAKE BACK RETURN,Manufacturer#4,5-LOW,4,FURNITURE,RAIL,3,0.05,21,Brand#43,LG BOX,16,37,1,31554.3141
F,F,A,COLLECT COD,Manufacturer#3,5-LOW,4,FURNITURE,SHIP,6,0.02,18,Brand#31,SM CASE,30,20,2,18760.964
O,O,N,NONE,Manufacturer#5,5-LOW,2,BUILDING,REG AIR,6,0.05,8,Brand#51,LG CAN,10,40,3,48300.108
F,F,R,NONE,Manufacturer#1,2-HIGH,4,HOUSEHOLD,AIR,7,0.01,8,Brand#13,JUMBO PACK,15,17,3,29079.2106
O,O,N,COLLECT COD,Manufacturer#1,1-URGENT,0,BUILDING,FOB,3,0.03,18,Brand#13,JUMBO JAR,26,7,2,8233.883
O,O,N,TAKE BACK RETURN,Manufacturer#4,1-URGENT,0,BUILDING,AIR,7,0,9,Brand#44,LG BOX,26,27,4,42354.2574
O,O,N,COLLECT COD,Manufacturer#4,1-URGENT,0,BUILDING,AIR,2,0.08,9,Brand#45,MED JAR,41,15,4,15958.08
O,O,N,NONE,Manufacturer#3,1-URGENT,4,MACHINERY,REG AIR,2,0.02,8,Brand#31,SM JAR,24,12,3,15810.8544
O,O,N,NONE,Manufacturer#2,5-LOW,0,HOUSEHOLD,FOB,1,0.07,18,Brand#23,LG JAR,20,42,2,45938.718
F,F,A,COLLECT COD,Manufacturer#1,5-LOW,4,MACHINERY,RAIL,4,0.05,8,Brand#13,JUMBO BOX,28,1,3,831.7491
F,F,R,COLLECT COD,Manufacturer#4,5-LOW,4,MACHINERY,SHIP,1,0.08,9,Brand#42,JUMBO BAG,40,20,4,25389
O,O,N,COLLECT COD,Manufacturer#5,1-URGENT,0,MACHINERY,REG AIR,5,0.06,12,Brand#52,MED PKG,33,24,0,36196.7904
O,O,N,NONE,Manufacturer#2,1-URGENT,0,MACHINERY,REG AIR,3,0.04,21,Brand#23,JUMBO PACK,25,36,1,31495.068
O,O,N,TAKE BACK RETURN,Manufacturer#5,1-URGENT,0,MACHINERY,AIR,1,0.08,8,Brand#54,WRAP DRUM,18,19,3,16616.7274
F,F,A,COLLECT COD,Manufacturer#3,2-HIGH,3,MACHINERY,TRUCK,1,0.04,21,Brand#32,JUMBO JAR,16,9,1,15291.5904
F,F,A,TAKE BACK RETURN,Manufacturer#5,2-HIGH,3,MACHINERY,TRUCK,3,0.02,18,Brand#51,JUMBO BOX,39,50,2,90863.52
F,F,A,NONE,Manufacturer#5,2-HIGH,3,MACHINERY,MAIL,2,0.08,21,Brand#51,LG CAN,22,16,1,24205.5936
F,F,A,COLLECT COD,Manufacturer#1,2-HIGH,3,MACHINERY,SHIP,4,0.08,18,Brand#12,SM DRUM,8,22,2,25511.5168
O,O,N,TAKE BACK RETURN,Manufacturer#5,1-URGENT,3,MACHINERY,SHIP,1,0.04,9,Brand#55,JUMBO CASE,35,13,4,23632.063
O,O,N,TAKE BACK RETURN,Manufacturer#5,4-NOT SPECIFIED,1,AUTOMOBILE,TRUCK,1,0.06,8,Brand#54,WRAP CAN,13,22,3,19325.0112
O,O,N,TAKE BACK RETURN,Manufacturer#2,5-LOW,3,FURNITURE,TRUCK,4,0.08,8,Brand#22,LG BOX,3,26,3,41045.472
O,O,N,COLLECT COD,Manufacturer#5,5-LOW,3,FURNITURE,FOB,6,0,8,Brand#51,WRAP CAN,50,49,3,81479.8558
F,F,A,DELIVER IN PERSON,Manufacturer#4,5-LOW,2,AUTOMOBILE,REG AIR,2,0,8,Brand#43,SM BAG,46,38,3,37832.838
F,F,A,DELIVER IN PERSON,Manufacturer#2,5-LOW,2,AUTOMOBILE,REG AIR,5,0.03,12,Brand#23,WRAP CASE,5,14,0,15396.8584
F,F,A,DELIVER IN PERSON,Manufacturer#1,5-LOW,2,AUTOMOBILE,MAIL,1,0.06,9,Brand#12,JUMBO BAG,43,44,4,54993.9544
O,O,N,COLLECT COD,Manufacturer#2,4-NOT SPECIFIED,2,HOUSEHOLD,REG AIR,4,0,18,Brand#23,JUMBO BOX,40,16,2,27496.3712
O,O,N,NONE,Manufacturer#2,4-NOT SPECIFIED,2,HOUSEHOLD,SHIP,2,0.02,18,Brand#21,LG DRUM,8,17,2,17376.04
O,O,N,NONE,Manufacturer#5,1-URGENT,3,AUTOMOBILE,TRUCK,3,0.07,18,Brand#54,JUMBO PACK,13,36,2,35636.328
F,F,R,TAKE BACK RETURN,Manufacturer#4,5-LOW,4,FURNITURE,RAIL,1,0.07,12,Brand#42,MED BAG,14,27,0,46064.5785
F,F,A,NONE,Manufacturer#1,5-LOW,3,HOUSEHOLD,RAIL,7,0.02,9,Brand#14,SM BOX,26,1,4,1012.8158
O,O,N,DELIVER IN PERSON,Manufacturer#2,5-LOW,4,BUILDING,MAIL,3,0.01,8,Brand#24,MED CASE,36,31,3,36882.4608
O,O,N,COLLECT COD,Manufacturer#5,5-LOW,4,BUILDING,RAIL,4,0.01,18,Brand#52,SM DRUM,32,16,2,29182.72
O,O,N,NONE,Manufacturer#3,5-LOW,4,BUILDING,REG AIR,5,0.06,18,Brand#35,LG BOX,13,23,2,42755.85
F,F,R,DELIVER IN PERSON,Manufacturer#4,5-LOW,1,BUILDING,MAIL,4,0.06,12,Brand#41,SM PACK,44,11,0,13601.3394
F,F,A,TAKE BACK RETURN,Manufacturer#2,5-LOW,4,BUILDING,FOB,4,0.02,18,Brand#22,SM CASE,42,46,2,61132.9328
F,F,A,DELIVER IN PERSON,Manufacturer#5,5-LOW,4,MACHINERY,RAIL,1,0.02,9,Brand#51,JUMBO BOX,38,31,4,56245.8048
O,O,N,COLLECT COD,Manufacturer#5,2-HIGH,1,BUILDING,REG AIR,2,0,12,Brand#52,MED PKG,33,9,0,14157.6156
O,O,N,TAKE BACK RETURN,Manufacturer#5,2-HIGH,1,BUILDING,RAIL,1,0.01,9,Brand#51,MED CASE,48,35,4,60280.9725
F,F,N,COLLECT COD,Manufacturer#5,2-HIGH,0,FURNITURE,AIR,2,0.04,21,Brand#54,LG DRUM,5,11,1,17808.6909
F,F,R,TAKE BACK RETURN,Manufacturer#3,2-HIGH,0,FURNITURE,SHIP,4,0.07,8,Brand#31,JUMBO DRUM,48,20,3,21444.514
F,F,R,COLLECT COD,Manufacturer#4,5-LOW,4,AUTOMOBILE,TRUCK,5,0.03,8,Brand#44,MED CASE,40,19,3,23883.456
F,F,R,DELIVER IN PERSON,Manufacturer#1,5-LOW,4,AUTOMOBILE,TRUCK,4,0.02,12,Brand#13,SM CASE,16,27,0,34375.941
F,F,R,TAKE BACK RETURN,Manufacturer#4,5-LOW,4,AUTOMOBILE,MAIL,1,0.02,18,Brand#44,MED JAR,10,18,2,19322.145
F,F,A,NONE,Manufacturer#3,5-LOW,4,FURNITURE,AIR,5,0.05,8,Brand#32,LG PKG,43,19,3,19635.0807
O,O,N,NONE,Manufacturer#5,2-HIGH,4,HOUSEHOLD,SHIP,1,0.07,8,Brand#54,JUMBO JAR,28,11,3,10899.7658
O,O,N,TAKE BACK RETURN,Manufacturer#3,2-HIGH,4,HOUSEHOLD,SHIP,5,0.08,12,Brand#32,WRAP DRUM,12,15,0,22809.711
O,O,N,TAKE BACK RETURN,Manufacturer#4,2-HIGH,4,HOUSEHOLD,MAIL,2,0.05,12,Brand#44,LG PKG,35,48,0,58220.9856
O,O,N,DELIVER IN PERSON,Manufacturer#4,1-URGENT,4,FURNITURE,SHIP,4,0.02,21,Brand#44,LG BOX,26,43,1,65388.1865
O,O,N,NONE,Manufacturer#5,1-URGENT,4,FURNITURE,REG AIR,3,0.03,9,Brand#54,WRAP CAN,11,12,4,16349.52
F,F,A,COLLECT COD,Manufacturer#2,2-HIGH,2,FURNITURE,FOB,1,0.03,9,Brand#21,WRAP CAN,20,3,4,2964.243
F,F,R,DELIVER IN PERSON,Manufacturer#1,5-LOW,3,MACHINERY,AIR,3,0.04,21,Brand#12,SM PKG,47,32,1,58152.6528
O,O,N,COLLECT COD,Manufacturer#5,5-LOW,4,MACHINERY,TRUCK,1,0.03,8,Brand#55,LG BAG,10,8,3,9189.2592
F,F,A,NONE,Manufacturer#1,3-MEDIUM,1,AUTOMOBILE,FOB,5,0.05,9,Brand#13,MED BAG,12,45,4,78267.6675
F,F,A,DELIVER IN PERSON,Manufacturer#5,3-MEDIUM,1,AUTOMOBILE,FOB,6,0.01,12,Brand#54,SM CAN,32,50,0,74193.3
F,F,A,TAKE BACK RETURN,Manufacturer#1,3-MEDIUM,1,AUTOMOBILE,AIR,4,0.06,8,Brand#12,WRAP PKG,40,22,3,37428.732
O,O,N,COLLECT COD,Manufacturer#2,5-LOW,0,AUTOMOBILE,MAIL,2,0,18,Brand#25,LG PKG,19,37,2,52092.2112
O,O,N,DELIVER IN PERSON,Manufacturer#2,5-LOW,1,HOUSEHOLD,MAIL,4,0.04,12,Brand#21,SM CASE,25,8,0,10878.7968
O,O,N,TAKE BACK RETURN,Manufacturer#1,3-MEDIUM,4,AUTOMOBILE,MAIL,2,0.08,21,Brand#12,WRAP PKG,41,48,1,68564.16
O,O,N,DELIVER IN PERSON,Manufacturer#3,3-MEDIUM,4,AUTOMOBILE,REG AIR,5,0.01,9,Brand#35,SM BOX,32,39,4,36831.0345
F,F,R,COLLECT COD,Manufacturer#1,2-HIGH,2,HOUSEHOLD,MAIL,1,0.07,21,Brand#11,WRAP CAN,5,3,1,4799.07
F,F,A,NONE,Manufacturer#4,2-HIGH,3,BUILDING,RAIL,1,0.05,8,Brand#44,MED PACK,44,35,3,61989.984
F,F,A,COLLECT COD,Manufacturer#5,2-HIGH,3,BUILDING,REG AIR,6,0.03,9,Brand#51,WRAP CASE,3,27,4,28964.6712
F,F,R,TAKE BACK RETURN,Manufacturer#1,5-LOW,0,BUILDING,TRUCK,2,0.02,12,Brand#11,LG CASE,39,13,0,19372.275
O,P,N,NONE,Manufacturer#3,4-NOT SPECIFIED,0,BUILDING,SHIP,5,0.06,12,Brand#35,MED BAG,44,36,0,64355.4648
F,F,A,TAKE BACK RETURN,Manufacturer#5,4-NOT SPECIFIED,2,MACHINERY,RAIL,4,0.04,12,Brand#55,JUMBO CASE,10,47,0,47235.4888
F,F,A,DELIVER IN PERSON,Manufacturer#2,4-NOT SPECIFIED,2,MACHINERY,FOB,3,0.03,8,Brand#24,WRAP CAN,46,9,3,8935.5276
F,F,R,NONE,Manufacturer#2,4-NOT SPECIFIED,2,MACHINERY,FOB,6,0,18,Brand#23,LG JAR,3,37,2,41639.0304
F,F,A,TAKE BACK RETURN,Manufacturer#4,2-HIGH,3,FURNITURE,SHIP,3,0.04,18,Brand#43,MED PACK,37,19,2,32265.2946
F,F,A,DELIVER IN PERSON,Manufacturer#2,2-HIGH,3,FURNITURE,RAIL,2,0.01,12,Brand#21,SM CASE,25,22,0,28981.7946
F,F,R,NONE,Manufacturer#1,2-HIGH,3,FURNITURE,AIR,5,0.04,18,Brand#13,WRAP PKG,43,27,2,36605.6658
O,O,N,DELIVER IN PERSON,Manufacturer#4,2-HIGH,3,BUILDING,MAIL,2,0.08,21,Brand#42,SM JAR,47,45,1,37264.5
F,F,R,NONE,Manufacturer#2,3-MEDIUM,3,MACHINERY,TRUCK,1,0,18,Brand#25,WRAP DRUM,45,36,2,35028.252
F,F,A,COLLECT COD,Manufacturer#2,3-MEDIUM,3,MACHINERY,TRUCK,6,0.08,12,Brand#23,SM CASE,31,4,0,4277.808
O,O,N,TAKE BACK RETURN,Manufacturer#2,3-MEDIUM,3,BUILDING,FOB,2,0.04,18,Brand#25,WRAP CASE,50,23,2,39327.5965
O,O,N,NONE,Manufacturer#3,3-MEDIUM,3,BUILDING,TRUCK,1,0.05,9,Brand#31,SM BAG,28,6,4,10732.986
F,F,A,DELIVER IN PERSON,Manufacturer#3,1-URGENT,4,BUILDING,AIR,3,0.05,18,Brand#32,LG CAN,1,4,2,4424.1312
F,F,A,TAKE BACK RETURN,Manufacturer#1,2-HIGH,4,BUILDING,SHIP,1,0.03,12,Brand#11,LG CASE,39,37,0,56361.73
F,F,A,TAKE BACK RETURN,Manufacturer#3,2-HIGH,1,HOUSEHOLD,SHIP,1,0.01,18,Brand#31,SM CASE,30,1,2,918.707
O,O,N,NONE,Manufacturer#2,3-MEDIUM,0,FURNITURE,RAIL,1,0.03,9,Brand#25,WRAP PKG,37,5,4,7010.688
O,O,N,COLLECT COD,Manufacturer#5,3-MEDIUM,0,FURNITURE,REG AIR,2,0.08,8,Brand#53,SM DRUM,11,16,3,20792.4992
F,F,R,TAKE BACK RETURN,Manufacturer#3,2-HIGH,0,BUILDING,RAIL,2,0.04,9,Brand#31,SM PKG,27,2,4,2714.763
F,F,R,DELIVER IN PERSON,Manufacturer#3,2-HIGH,0,BUILDING,AIR,3,0.08,12,Brand#35,MED JAR,7,11,0,17575.8286
F,F,A,TAKE BACK RETURN,Manufacturer#5,2-HIGH,4,MACHINERY,AIR,2,0.05,21,Brand#52,SM PKG,50,45,1,77025.7215
F,F,N,TAKE BACK RETURN,Manufacturer#1,2-HIGH,4,MACHINERY,FOB,3,0.03,8,Brand#14,JUMBO BOX,19,31,3,26622.8
F,F,A,NONE,Manufacturer#1,2-HIGH,4,MACHINERY,FOB,1,0,8,Brand#15,WRAP JAR,47,29,3,40064.5179
O,O,N,DELIVER IN PERSON,Manufacturer#4,3-MEDIUM,0,AUTOMOBILE,TRUCK,4,0.01,8,Brand#42,JUMBO BOX,10,20,3,25461.18
F,F,A,DELIVER IN PERSON,Manufacturer#2,1-URGENT,0,AUTOMOBILE,REG AIR,1,0.04,8,Brand#21,JUMBO CASE,31,50,3,59914.6
F,P,A,DELIVER IN PERSON,Manufacturer#3,5-LOW,1,HOUSEHOLD,SHIP,1,0.08,8,Brand#31,JUMBO CAN,11,9,3,9544.8276
F,F,A,DELIVER IN PERSON,Manufacturer#4,5-LOW,0,FURNITURE,RAIL,4,0.01,12,Brand#45,MED JAR,23,15,0,21571.539
F,F,A,DELIVER IN PERSON,Manufacturer#5,5-LOW,0,FURNITURE,RAIL,1,0.07,21,Brand#52,MED BAG,26,47,1,51145.3107
F,F,R,DELIVER IN PERSON,Manufacturer#5,1-URGENT,3,HOUSEHOLD,REG AIR,6,0.06,21,Brand#55,WRAP BOX,17,9,1,10264.2984
F,F,R,COLLECT COD,Manufacturer#1,1-URGENT,3,HOUSEHOLD,FOB,5,0.06,21,Brand#11,JUMBO PKG,29,17,1,16911.311
F,F,A,COLLECT COD,Manufacturer#5,1-URGENT,0,FURNITURE,TRUCK,2,0.02,8,Brand#53,JUMBO JAR,28,44,3,52274.8072
F,F,A,TAKE BACK RETURN,Manufacturer#2,1-URGENT,4,AUTOMOBILE,RAIL,2,0.07,9,Brand#22,SM CASE,42,50,4,67893.38
F,F,R,NONE,Manufacturer#2,1-URGENT,0,MACHINERY,FOB,3,0.05,12,Brand#22,SM BAG,5,22,0,20809.1488
F,F,R,TAKE BACK RETURN,Manufacturer#4,3-MEDIUM,1,AUTOMOBILE,FOB,2,0.03,9,Brand#44,SM JAR,27,26,4,35074.299
F,F,A,TAKE BACK RETURN,Manufacturer#5,5-LOW,2,AUTOMOBILE,FOB,4,0.02,18,Brand#54,JUMBO PACK,13,1,2,989.898
F,F,R,COLLECT COD,Manufacturer#5,5-LOW,2,AUTOMOBILE,SHIP,1,0.02,21,Brand#55,SM PACK,36,45,1,62233.515
F,F,R,NONE,Manufacturer#2,5-LOW,3,HOUSEHOLD,AIR,1,0.04,21,Brand#25,SM PKG,31,41,1,74468.7264
F,F,R,COLLECT COD,Manufacturer#2,3-MEDIUM,0,BUILDING,SHIP,2,0.06,18,Brand#21,JUMBO CASE,31,49,2,56862.1088
F,F,R,DELIVER IN PERSON,Manufacturer#2,1-URGENT,4,HOUSEHOLD,FOB,2,0.04,21,Brand#24,SM JAR,10,46,1,58792.37
F,F,A,NONE,Manufacturer#4,1-URGENT,4,HOUSEHOLD,TRUCK,6,0.04,21,Brand#41,WRAP PKG,26,40,1,46532.452
F,F,A,DELIVER IN PERSON,Manufacturer#2,1-URGENT,4,HOUSEHOLD,RAIL,5,0.03,21,Brand#23,LG JAR,20,6,1,6562.674
O,O,N,TAKE BACK RETURN,Manufacturer#4,2-HIGH,3,BUILDING,MAIL,1,0.01,21,Brand#42,MED CAN,24,34,1,63476.64
O,O,N,NONE,Manufacturer#1,3-MEDIUM,4,FURNITURE,TRUCK,1,0.06,18,Brand#13,SM BOX,18,27,2,48832.7616
F,F,R,COLLECT COD,Manufacturer#4,3-MEDIUM,3,MACHINERY,RAIL,5,0.08,9,Brand#45,JUMBO CAN,38,1,4,1509.246
F,F,A,NONE,Manufacturer#3,3-MEDIUM,3,MACHINERY,AIR,3,0.05,8,Brand#33,SM BOX,32,45,3,69328.305
F,F,A,NONE,Manufacturer#5,3-MEDIUM,3,MACHINERY,RAIL,1,0.07,9,Brand#51,SM CAN,29,12,4,13127.1732
F,F,A,TAKE BACK RETURN,Manufacturer#1,5-LOW,2,FURNITURE,RAIL,2,0.06,8,Brand#11,MED BOX,33,1,3,891.5352
F,F,A,DELIVER IN PERSON,Manufacturer#1,5-LOW,2,FURNITURE,RAIL,5,0.05,12,Brand#12,JUMBO BAG,31,1,0,1745.2308
F,F,R,TAKE BACK RETURN,Manufacturer#1,5-LOW,2,FURNITURE,TRUCK,1,0.08,18,Brand#15,JUMBO PACK,27,36,2,57405.7044
O,O,N,TAKE BACK RETURN,Manufacturer#1,3-MEDIUM,1,HOUSEHOLD,TRUCK,2,0.05,18,Brand#13,LG DRUM,44,50,2,88358.59
F,F,A,NONE,Manufacturer#5,4-NOT SPECIFIED,2,AUTOMOBILE,AIR,1,0.05,21,Brand#51,JUMBO CAN,28,27,1,42073.7436
F,F,A,NONE,Manufacturer#2,3-MEDIUM,0,AUTOMOBILE,TRUCK,1,0,9,Brand#25,SM PKG,31,20,4,35569.412
F,F,R,COLLECT COD,Manufacturer#2,5-LOW,0,AUTOMOBILE,AIR,7,0.04,21,Brand#25,SM PACK,7,21,1,32630.1381
O,O,N,TAKE BACK RETURN,Manufacturer#4,3-MEDIUM,0,MACHINERY,MAIL,1,0.05,21,Brand#42,JUMBO PKG,20,41,1,52752.0924
O,O,N,TAKE BACK RETURN,Manufacturer#3,3-MEDIUM,0,MACHINERY,TRUCK,2,0.08,21,Brand#34,LG BAG,23,6,1,9411.96
F,F,A,TAKE BACK RETURN,Manufacturer#5,2-HIGH,0,FURNITURE,TRUCK,6,0.08,9,Brand#51,JUMBO DRUM,19,32,4,54985.1136
F,F,R,COLLECT COD,Manufacturer#3,2-HIGH,0,FURNITURE,AIR,4,0.04,21,Brand#35,SM PKG,23,28,1,28568.8816
O,O,N,TAKE BACK RETURN,Manufacturer#3,4-NOT SPECIFIED,0,BUILDING,SHIP,1,0.07,8,Brand#33,LG BOX,40,48,3,69705.072
O,O,N,TAKE BACK RETURN,Manufacturer#1,4-NOT SPECIFIED,0,BUILDING,SHIP,6,0.04,18,Brand#14,MED JAR,32,37,2,42094.5818
O,O,N,TAKE BACK RETURN,Manufacturer#2,4-NOT SPECIFIED,0,BUILDING,TRUCK,7,0.01,18,Brand#21,MED CASE,9,44,2,74209.344
F,F,A,TAKE BACK RETURN,Manufacturer#4,5-LOW,1,AUTOMOBILE,MAIL,3,0.02,8,Brand#41,LG CASE,45,34,3,61395.1872
F,F,R,TAKE BACK RETURN,Manufacturer#2,3-MEDIUM,4,AUTOMOBILE,TRUCK,4,0.02,8,Brand#25,LG DRUM,25,41,3,34170.138
O,O,N,TAKE BACK RETURN,Manufacturer#5,2-HIGH,2,MACHINERY,REG AIR,2,0,18,Brand#51,SM PACK,30,6,2,9363.618
O,O,N,COLLECT COD,Manufacturer#3,2-HIGH,2,MACHINERY,TRUCK,1,0.02,9,Brand#33,JUMBO CASE,7,6,4,7173.1584
O,O,N,DELIVER IN PERSON,Manufacturer#3,2-HIGH,3,BUILDING,TRUCK,2,0.04,18,Brand#34,SM PKG,16,2,2,2537.9718
O,O,N,TAKE BACK RETURN,Manufacturer#5,5-LOW,2,FURNITURE,MAIL,7,0.03,21,Brand#51,LG CAN,22,7,1,11045.4288
F,F,A,TAKE BACK RETURN,Manufacturer#1,3-MEDIUM,2,FURNITURE,MAIL,1,0.03,18,Brand#14,JUMBO PACK,7,38,2,50029.7056
O,O,N,DELIVER IN PERSON,Manufacturer#1,3-MEDIUM,1,HOUSEHOLD,RAIL,5,0.02,18,Brand#11,LG JAR,40,13,2,13785.9579
O,O,N,NONE,Manufacturer#3,3-MEDIUM,1,HOUSEHOLD,RAIL,2,0.06,8,Brand#33,JUMBO PACK,35,6,3,6118.0416
O,O,N,COLLECT COD,Manufacturer#1,3-MEDIUM,1,HOUSEHOLD,REG AIR,3,0.02,8,Brand#13,JUMBO DRUM,42,25,3,25953.25
O,O,N,COLLECT COD,Manufacturer#2,3-MEDIUM,1,HOUSEHOLD,REG AIR,6,0.06,21,Brand#22,LG CAN,20,36,1,37589.04
O,O,N,COLLECT COD,Manufacturer#1,1-URGENT,0,FURNITURE,AIR,3,0.08,12,Brand#11,WRAP CASE,40,5,0,6779.938
O,O,N,TAKE BACK RETURN,Manufacturer#4,1-URGENT,1,MACHINERY,TRUCK,4,0.05,21,Brand#42,JUMBO BAG,1,13,1,22494.7268
O,O,N,COLLECT COD,Manufacturer#1,4-NOT SPECIFIED,3,FURNITURE,SHIP,3,0.07,9,Brand#13,JUMBO JAR,50,3,4,3075.2196
F,F,R,NONE,Manufacturer#4,1-URGENT,0,FURNITURE,SHIP,2,0.05,21,Brand#42,WRAP CAN,16,47,1,66778.0935
F,F,R,DELIVER IN PERSON,Manufacturer#3,1-URGENT,0,FURNITURE,TRUCK,1,0.02,18,Brand#31,SM BOX,6,33,2,47493.2304
F,F,R,NONE,Manufacturer#1,3-MEDIUM,2,MACHINERY,TRUCK,7,0.04,18,Brand#14,JUMBO JAR,21,17,2,27727.6868
F,F,A,COLLECT COD,Manufacturer#4,3-MEDIUM,2,MACHINERY,TRUCK,3,0,8,Brand#44,WRAP BAG,4,13,3,12696.606
F,F,A,TAKE BACK RETURN,Manufacturer#4,3-MEDIUM,2,MACHINERY,TRUCK,2,0.05,18,Brand#42,MED PKG,40,48,2,66935.52
O,O,N,COLLECT COD,Manufacturer#5,3-MEDIUM,0,MACHINERY,MAIL,1,0.04,9,Brand#53,WRAP DRUM,46,22,4,25909.7256
O,O,N,COLLECT COD,Manufacturer#4,3-MEDIUM,0,MACHINERY,RAIL,2,0.05,8,Brand#42,SM JAR,4,20,3,29711.88
O,O,N,COLLECT COD,Manufacturer#4,3-MEDIUM,1,BUILDING,REG AIR,1,0.01,18,Brand#42,LG PACK,44,24,2,34915.3896
O,O,N,COLLECT COD,Manufacturer#3,3-MEDIUM,0,FURNITURE,FOB,3,0.07,12,Brand#35,MED JAR,7,21,0,33196.8987
O,O,N,DELIVER IN PERSON,Manufacturer#5,5-LOW,1,HOUSEHOLD,MAIL,4,0.07,9,Brand#55,JUMBO DRUM,2,22,4,27140.6388
O,O,N,TAKE BACK RETURN,Manufacturer#1,4-NOT SPECIFIED,3,MACHINERY,TRUCK,3,0.04,8,Brand#13,JUMBO PACK,39,16,3,19254.4352
O,O,N,DELIVER IN PERSON,Manufacturer#1,4-NOT SPECIFIED,3,MACHINERY,TRUCK,2,0.01,18,Brand#12,WRAP CASE,20,17,2,24357.5184
F,F,R,DELIVER IN PERSON,Manufacturer#4,5-LOW,2,AUTOMOBILE,MAIL,3,0.01,8,Brand#44,MED PACK,44,41,3,71119.584
F,F,R,NONE,Manufacturer#5,5-LOW,2,AUTOMOBILE,MAIL,7,0.04,8,Brand#54,JUMBO PACK,37,32,3,47266.7136
F,F,A,DELIVER IN PERSON,Manufacturer#1,5-LOW,2,AUTOMOBILE,MAIL,5,0.08,12,Brand#12,SM BAG,8,39,0,55671.33
F,F,A,COLLECT COD,Manufacturer#3,5-LOW,2,AUTOMOBILE,SHIP,1,0,21,Brand#33,LG PKG,25,28,1,30736.524
F,F,A,TAKE BACK RETURN,Manufacturer#5,3-MEDIUM,4,BUILDING,AIR,4,0.03,21,Brand#55,JUMBO BAG,19,43,1,56794.572
F,F,R,DELIVER IN PERSON,Manufacturer#3,3-MEDIUM,4,BUILDING,AIR,3,0.04,9,Brand#35,LG CAN,42,12,4,12155.2488
F,F,A,DELIVER IN PERSON,Manufacturer#3,3-MEDIUM,4,BUILDING,REG AIR,2,0.03,9,Brand#32,MED PACK,16,44,4,63065.5872
F,F,A,DELIVER IN PERSON,Manufacturer#1,5-LOW,0,BUILDING,TRUCK,5,0,18,Brand#12,LG JAR,39,6,2,8952.762
F,F,R,TAKE BACK RETURN,Manufacturer#3,5-LOW,0,BUILDING,TRUCK,6,0,21,Brand#31,SM PKG,4,3,1,2808.3246
F,F,A,DELIVER IN PERSON,Manufacturer#3,5-LOW,0,BUILDING,RAIL,1,0.02,18,Brand#33,WRAP CASE,17,30,2,46291.905
F,F,R,DELIVER IN PERSON,Manufacturer#5,4-NOT SPECIFIED,1,AUTOMOBILE,RAIL,1,0.03,21,Brand#53,JUMBO JAR,28,28,1,32926.3396
O,O,N,TAKE BACK RETURN,Manufacturer#5,2-HIGH,1,AUTOMOBILE,AIR,1,0.04,21,Brand#53,WRAP CAN,49,32,1,56037.4848
O,O,N,DELIVER IN PERSON,Manufacturer#1,2-HIGH,1,AUTOMOBILE,FOB,5,0.06,18,Brand#15,SM PKG,44,17,2,16528.4064
F,F,A,COLLECT COD,Manufacturer#2,5-LOW,0,BUILDING,RAIL,1,0.02,9,Brand#24,MED PKG,13,21,4,23893.9974
F,F,A,NONE,Manufacturer#4,1-URGENT,4,BUILDING,MAIL,2,0.08,8,Brand#43,JUMBO PACK,14,41,3,34885.9693
F,F,R,NONE,Manufacturer#2,1-URGENT,4,BUILDING,RAIL,1,0.04,8,Brand#21,SM PKG,41,32,3,56695.744
F,F,A,COLLECT COD,Manufacturer#1,2-HIGH,4,FURNITURE,FOB,6,0.02,12,Brand#12,JUMBO DRUM,33,29,0,44040.7688
F,F,A,COLLECT COD,Manufacturer#5,2-HIGH,4,FURNITURE,RAIL,7,0.03,21,Brand#51,LG CAN,8,27,1,42083.469
F,F,R,TAKE BACK RETURN,Manufacturer#1,2-HIGH,0,HOUSEHOLD,FOB,1,0.02,9,Brand#11,LG PKG,20,8,4,9585.5472
F,F,R,COLLECT COD,Manufacturer#3,4-NOT SPECIFIED,2,HOUSEHOLD,TRUCK,1,0.02,9,Brand#31,JUMBO DRUM,48,41,4,48309.07
F,F,R,NONE,Manufacturer#3,3-MEDIUM,0,AUTOMOBILE,FOB,4,0.02,9,Brand#31,MED PKG,21,47,4,60164.3616
F,F,R,COLLECT COD,Manufacturer#1,3-MEDIUM,0,AUTOMOBILE,FOB,1,0.08,8,Brand#15,WRAP JAR,47,29,3,40064.5179
F,F,A,COLLECT COD,Manufacturer#4,3-MEDIUM,0,AUTOMOBILE,RAIL,7,0.08,12,Brand#45,LG PKG,16,26,0,27585.74
O,O,N,TAKE BACK RETURN,Manufacturer#4,5-LOW,1,MACHINERY,AIR,7,0.05,18,Brand#45,SM PACK,3,2,2,3263.5968
O,O,N,DELIVER IN PERSON,Manufacturer#3,5-LOW,1,MACHINERY,MAIL,5,0.08,18,Brand#32,JUMBO JAR,21,37,2,62369.901
O,O,N,COLLECT COD,Manufacturer#2,5-LOW,1,MACHINERY,TRUCK,2,0.01,21,Brand#21,MED PKG,20,24,1,30701.7984
O,O,N,TAKE BACK RETURN,Manufacturer#2,3-MEDIUM,3,HOUSEHOLD,RAIL,1,0.06,8,Brand#23,SM PACK,45,33,3,38963.4168
F,F,R,TAKE BACK RETURN,Manufacturer#5,5-LOW,0,MACHINERY,RAIL,3,0.02,8,Brand#51,SM PACK,30,34,3,54736.0968
F,F,A,COLLECT COD,Manufacturer#5,5-LOW,0,MACHINERY,FOB,5,0.07,8,Brand#54,MED CASE,43,8,3,9096.36
O,O,N,TAKE BACK RETURN,Manufacturer#4,3-MEDIUM,0,AUTOMOBILE,REG AIR,4,0.03,18,Brand#43,JUMBO BOX,3,16,2,25271.6128
O,O,N,COLLECT COD,Manufacturer#1,1-URGENT,0,HOUSEHOLD,SHIP,1,0.01,18,Brand#11,MED BOX,18,8,2,9889.1112
F,F,A,DELIVER IN PERSON,Manufacturer#4,3-MEDIUM,4,AUTOMOBILE,RAIL,2,0.08,8,Brand#45,MED JAR,39,17,3,30436.4872
F,F,A,NONE,Manufacturer#2,3-MEDIUM,4,AUTOMOBILE,SHIP,1,0.06,21,Brand#21,WRAP BAG,37,43,1,50845.1307
F,F,A,NONE,Manufacturer#3,3-MEDIUM,4,AUTOMOBILE,REG AIR,4,0.07,12,Brand#34,JUMBO DRUM,30,28,0,33034.1088
O,O,N,DELIVER IN PERSON,Manufacturer#5,4-NOT SPECIFIED,1,AUTOMOBILE,AIR,3,0.08,18,Brand#55,JUMBO CASE,25,1,2,886.4037
O,O,N,COLLECT COD,Manufacturer#1,4-NOT SPECIFIED,1,AUTOMOBILE,FOB,2,0.02,21,Brand#13,MED PACK,20,15,1,22794.903
O,O,N,NONE,Manufacturer#4,2-HIGH,4,AUTOMOBILE,FOB,1,0.01,9,Brand#44,LG PACK,34,19,4,22517.166
O,O,N,DELIVER IN PERSON,Manufacturer#5,2-HIGH,4,AUTOMOBILE,MAIL,3,0,21,Brand#54,LG DRUM,5,2,1,3446.8434
F,F,R,TAKE BACK RETURN,Manufacturer#1,4-NOT SPECIFIED,3,BUILDING,REG AIR,2,0.03,8,Brand#14,LG PACK,44,46,3,66894.3776
F,F,A,COLLECT COD,Manufacturer#3,4-NOT SPECIFIED,0,MACHINERY,RAIL,1,0.06,9,Brand#32,JUMBO CAN,10,14,4,13348.0116
F,F,A,TAKE BACK RETURN,Manufacturer#5,4-NOT SPECIFIED,0,MACHINERY,SHIP,2,0.06,21,Brand#52,MED PKG,32,18,1,20661.2028
F,F,A,NONE,Manufacturer#5,1-URGENT,3,HOUSEHOLD,MAIL,1,0.08,8,Brand#54,MED JAR,10,31,3,44098.089
F,F,A,NONE,Manufacturer#5,2-HIGH,0,AUTOMOBILE,AIR,3,0.06,21,Brand#52,LG BAG,41,48,1,77020.416
F,F,A,DELIVER IN PERSON,Manufacturer#2,2-HIGH,4,HOUSEHOLD,SHIP,5,0.01,21,Brand#25,WRAP CASE,50,26,1,45861.1972
F,F,R,DELIVER IN PERSON,Manufacturer#4,5-LOW,1,HOUSEHOLD,RAIL,5,0.02,8,Brand#42,JUMBO PKG,20,2,3,2711.6208
F,F,R,DELIVER IN PERSON,Manufacturer#3,5-LOW,1,HOUSEHOLD,TRUCK,6,0.08,18,Brand#33,WRAP CASE,17,18,2,25250.13
O,O,N,NONE,Manufacturer#2,1-URGENT,2,AUTOMOBILE,FOB,3,0.04,21,Brand#21,WRAP BAG,37,47,1,58017.7635
F,F,R,TAKE BACK RETURN,Manufacturer#1,2-HIGH,1,MACHINERY,AIR,1,0,9,Brand#13,WRAP CASE,24,4,4,3834.58
F,F,R,NONE,Manufacturer#4,5-LOW,1,FURNITURE,REG AIR,4,0.07,8,Brand#44,LG CAN,36,9,3,8543.3166
F,F,R,DELIVER IN PERSON,Manufacturer#5,3-MEDIUM,0,HOUSEHOLD,AIR,1,0.01,18,Brand#55,SM PKG,27,49,2,79007.6833
F,F,R,COLLECT COD,Manufacturer#5,3-MEDIUM,0,HOUSEHOLD,FOB,5,0.07,21,Brand#53,LG CASE,2,40,1,67606.92
O,O,N,COLLECT COD,Manufacturer#1,2-HIGH,0,FURNITURE,FOB,2,0.08,8,Brand#14,MED JAR,32,38,3,45531.8622
O,O,N,COLLECT COD,Manufacturer#2,3-MEDIUM,0,BUILDING,TRUCK,4,0.02,12,Brand#22,SM BAG,5,41,0,39202.2156
F,F,R,COLLECT COD,Manufacturer#1,2-HIGH,0,HOUSEHOLD,SHIP,2,0.03,9,Brand#12,MED PACK,24,7,4,7936.5132
F,F,A,NONE,Manufacturer#2,2-HIGH,0,HOUSEHOLD,TRUCK,3,0.06,18,Brand#25,JUMBO DRUM,6,17,2,27696.2504
F,F,R,NONE,Manufacturer#1,5-LOW,4,BUILDING,FOB,1,0.02,18,Brand#14,WRAP JAR,41,46,2,52717.518
O,O,N,NONE,Manufacturer#1,4-NOT SPECIFIED,4,AUTOMOBILE,TRUCK,2,0.01,9,Brand#13,JUMBO JAR,16,33,4,60982.02
O,O,N,TAKE BACK RETURN,Manufacturer#2,2-HIGH,2,BUILDING,RAIL,4,0.01,18,Brand#21,WRAP DRUM,34,34,2,51134.3544
O,O,N,COLLECT COD,Manufacturer#5,2-HIGH,2,BUILDING,MAIL,1,0.07,18,Brand#53,LG BAG,10,47,2,42445.6577
O,O,N,TAKE BACK RETURN,Manufacturer#4,2-HIGH,1,BUILDING,TRUCK,2,0.04,21,Brand#43,WRAP DRUM,36,4,1,5830.188
F,F,A,DELIVER IN PERSON,Manufacturer#3,5-LOW,2,MACHINERY,REG AIR,1,0.04,18,Brand#33,MED PACK,30,20,2,28794.42
O,O,N,DELIVER IN PERSON,Manufacturer#4,5-LOW,3,MACHINERY,RAIL,1,0.07,21,Brand#45,LG JAR,47,34,1,37464.192
F,F,A,TAKE BACK RETURN,Manufacturer#4,3-MEDIUM,4,MACHINERY,AIR,1,0.04,18,Brand#43,WRAP CASE,30,39,2,38155.4784
F,F,A,NONE,Manufacturer#5,3-MEDIUM,4,MACHINERY,AIR,3,0.01,9,Brand#52,SM BOX,9,15,4,21168.972
F,F,A,DELIVER IN PERSON,Manufacturer#2,4-NOT SPECIFIED,3,FURNITURE,REG AIR,2,0.02,21,Brand#24,WRAP CASE,26,9,1,16086.9744
O,O,N,DELIVER IN PERSON,Manufacturer#3,4-NOT SPECIFIED,3,AUTOMOBILE,MAIL,2,0.03,9,Brand#32,LG CAN,33,2,4,2183.556
O,O,N,DELIVER IN PERSON,Manufacturer#2,3-MEDIUM,4,AUTOMOBILE,TRUCK,2,0.05,18,Brand#22,LG PACK,5,21,2,33870.0894
O,O,N,COLLECT COD,Manufacturer#3,3-MEDIUM,4,AUTOMOBILE,TRUCK,1,0.08,18,Brand#34,MED CASE,22,49,2,65681.56
O,O,N,TAKE BACK RETURN,Manufacturer#1,5-LOW,4,FURNITURE,MAIL,6,0,18,Brand#15,WRAP CASE,47,37,2,48156.4509
O,O,N,NONE,Manufacturer#5,4-NOT SPECIFIED,1,MACHINERY,TRUCK,4,0.08,9,Brand#55,WRAP DRUM,42,1,4,1690.7345
O,O,N,NONE,Manufacturer#1,4-NOT SPECIFIED,1,MACHINERY,SHIP,7,0.02,12,Brand#14,MED BAG,30,26,0,30983.7684
O,O,N,TAKE BACK RETURN,Manufacturer#2,4-NOT SPECIFIED,1,MACHINERY,TRUCK,1,0.06,21,Brand#23,SM DRUM,40,42,1,68715.3558
O,O,N,TAKE BACK RETURN,Manufacturer#4,4-NOT SPECIFIED,1,MACHINERY,AIR,5,0,12,Brand#44,JUMBO PKG,19,47,0,40127.5848
O,O,N,COLLECT COD,Manufacturer#2,4-NOT SPECIFIED,1,MACHINERY,AIR,3,0.06,18,Brand#21,JUMBO PKG,11,13,2,11949.1164
O,O,N,DELIVER IN PERSON,Manufacturer#4,4-NOT SPECIFIED,1,MACHINERY,RAIL,2,0.05,9,Brand#42,JUMBO BOX,10,46,4,59211.3886
F,F,A,COLLECT COD,Manufacturer#5,1-URGENT,2,AUTOMOBILE,AIR,4,0.03,21,Brand#53,JUMBO DRUM,26,47,1,50582.6314
O,O,N,DELIVER IN PERSON,Manufacturer#2,1-URGENT,1,AUTOMOBILE,TRUCK,1,0.06,18,Brand#22,MED CASE,42,37,2,35998.6172
O,O,N,DELIVER IN PERSON,Manufacturer#2,5-LOW,3,FURNITURE,FOB,1,0.03,18,Brand#23,SM PACK,36,39,2,54632.8185
F,F,A,NONE,Manufacturer#2,3-MEDIUM,4,AUTOMOBILE,RAIL,2,0.02,8,Brand#22,LG BOX,9,5,3,7289.328
F,F,A,DELIVER IN PERSON,Manufacturer#2,3-MEDIUM,4,AUTOMOBILE,AIR,1,0.01,18,Brand#21,JUMBO DRUM,49,34,2,48760.08
O,O,N,DELIVER IN PERSON,Manufacturer#1,3-MEDIUM,2,MACHINERY,SHIP,5,0.07,21,Brand#11,WRAP JAR,24,31,1,55236.4851
O,O,N,DELIVER IN PERSON,Manufacturer#3,3-MEDIUM,2,MACHINERY,TRUCK,1,0.04,9,Brand#35,SM BAG,21,30,4,30244.32
O,O,N,COLLECT COD,Manufacturer#4,1-URGENT,1,MACHINERY,TRUCK,1,0.06,21,Brand#43,SM CASE,23,41,1,52046.343
F,F,R,NONE,Manufacturer#2,2-HIGH,2,HOUSEHOLD,REG AIR,5,0.06,8,Brand#22,JUMBO CASE,1,23,3,41872.4361
F,F,A,DELIVER IN PERSON,Manufacturer#3,2-HIGH,2,HOUSEHOLD,RAIL,3,0.07,12,Brand#32,LG PKG,21,15,0,19614.6975
O,O,N,NONE,Manufacturer#2,4-NOT SPECIFIED,3,MACHINERY,MAIL,1,0.06,18,Brand#21,JUMBO CASE,31,7,2,8211.4536
O,O,N,NONE,Manufacturer#5,4-NOT SPECIFIED,3,MACHINERY,MAIL,5,0.05,18,Brand#52,MED BAG,26,22,2,22489.4274
F,F,A,NONE,Manufacturer#4,3-MEDIUM,2,FURNITURE,RAIL,4,0.05,21,Brand#43,SM DRUM,33,22,1,34667.875
F,F,A,DELIVER IN PERSON,Manufacturer#2,3-MEDIUM,2,FURNITURE,SHIP,2,0.03,12,Brand#23,LG BAG,17,50,0,49239.19
F,F,R,TAKE BACK RETURN,Manufacturer#3,3-MEDIUM,2,FURNITURE,TRUCK,5,0,18,Brand#34,JUMBO JAR,20,1,2,1313.6406
O,O,N,NONE,Manufacturer#3,1-URGENT,0,MACHINERY,MAIL,1,0.03,8,Brand#34,SM PACK,25,44,3,47867.6352
F,F,R,DELIVER IN PERSON,Manufacturer#1,4-NOT SPECIFIED,2,MACHINERY,FOB,1,0,21,Brand#15,WRAP BOX,26,17,1,23704.8697
F,F,A,DELIVER IN PERSON,Manufacturer#1,4-NOT SPECIFIED,2,MACHINERY,REG AIR,6,0.04,12,Brand#14,SM PACK,9,15,0,15928.65
F,F,A,COLLECT COD,Manufacturer#2,4-NOT SPECIFIED,2,MACHINERY,MAIL,4,0.04,12,Brand#24,MED PACK,50,4,0,6420.43
F,F,A,COLLECT COD,Manufacturer#5,4-NOT SPECIFIED,2,MACHINERY,SHIP,2,0,18,Brand#53,WRAP CAN,49,13,2,22535.2764
F,F,A,NONE,Manufacturer#3,4-NOT SPECIFIED,2,MACHINERY,TRUCK,3,0.07,8,Brand#35,LG DRUM,14,7,3,7990.1598
F,F,R,NONE,Manufacturer#1,4-NOT SPECIFIED,4,MACHINERY,SHIP,5,0.03,18,Brand#15,JUMBO CAN,7,14,2,17191.8656
F,F,A,NONE,Manufacturer#4,5-LOW,2,AUTOMOBILE,AIR,5,0.01,21,Brand#45,MED JAR,40,10,1,16697.863
F,F,A,TAKE BACK RETURN,Manufacturer#1,5-LOW,2,AUTOMOBILE,AIR,1,0.01,9,Brand#14,SM BOX,26,19,4,18648.3404
O,O,N,DELIVER IN PERSON,Manufacturer#1,2-HIGH,0,AUTOMOBILE,SHIP,1,0.04,18,Brand#15,LG CASE,25,25,2,25242.995
O,O,N,COLLECT COD,Manufacturer#3,1-URGENT,2,HOUSEHOLD,SHIP,5,0.06,18,Brand#35,LG DRUM,39,8,2,14136.2496
O,O,N,TAKE BACK RETURN,Manufacturer#3,1-URGENT,2,HOUSEHOLD,AIR,3,0.07,21,Brand#35,SM PKG,23,22,1,22217.9276
O,O,N,TAKE BACK RETURN,Manufacturer#4,1-URGENT,2,HOUSEHOLD,MAIL,2,0.07,9,Brand#41,SM JAR,38,47,4,46795.3056
O,O,N,DELIVER IN PERSON,Manufacturer#5,1-URGENT,3,FURNITURE,TRUCK,7,0.04,12,Brand#52,LG PKG,39,29,0,33315.9134
O,O,N,DELIVER IN PERSON,Manufacturer#2,1-URGENT,3,FURNITURE,TRUCK,5,0.01,9,Brand#24,WRAP CAN,34,10,4,14350.7
O,O,N,COLLECT COD,Manufacturer#1,2-HIGH,0,MACHINERY,RAIL,1,0,18,Brand#12,WRAP CASE,20,43,2,62935.144
F,F,A,COLLECT COD,Manufacturer#2,2-HIGH,3,FURNITURE,FOB,2,0.08,12,Brand#25,SM PACK,21,6,0,9438.336
F,F,A,TAKE BACK RETURN,Manufacturer#5,2-HIGH,3,FURNITURE,RAIL,6,0.05,8,Brand#53,LG BAG,2,42,3,39877.299
F,F,R,TAKE BACK RETURN,Manufacturer#3,2-HIGH,1,MACHINERY,TRUCK,1,0.02,18,Brand#35,JUMBO CAN,6,38,2,51697.1
O,O,N,NONE,Manufacturer#5,2-HIGH,4,AUTOMOBILE,RAIL,4,0.02,21,Brand#55,SM PACK,36,12,1,17517.582
O,O,N,COLLECT COD,Manufacturer#4,2-HIGH,4,AUTOMOBILE,AIR,1,0.03,21,Brand#43,SM CASE,20,32,1,42337.6
O,O,N,NONE,Manufacturer#4,2-HIGH,4,AUTOMOBILE,REG AIR,2,0.08,12,Brand#42,MED CAN,11,2,0,2440.6128
O,O,N,DELIVER IN PERSON,Manufacturer#5,2-HIGH,4,AUTOMOBILE,TRUCK,3,0.06,21,Brand#51,MED BAG,15,6,1,7971.1416
F,F,A,DELIVER IN PERSON,Manufacturer#2,4-NOT SPECIFIED,1,BUILDING,FOB,6,0.05,12,Brand#23,SM JAR,1,15,0,25363.434
F,F,A,DELIVER IN PERSON,Manufacturer#3,4-NOT SPECIFIED,1,BUILDING,TRUCK,5,0.02,12,Brand#32,LG PKG,47,11,0,15267.7338
F,F,R,DELIVER IN PERSON,Manufacturer#3,4-NOT SPECIFIED,1,BUILDING,AIR,2,0.02,18,Brand#35,LG BOX,13,43,2,79934.85
O,O,N,TAKE BACK RETURN,Manufacturer#4,2-HIGH,3,FURNITURE,SHIP,5,0.04,9,Brand#44,SM JAR,27,28,4,37366.168
O,O,N,COLLECT COD,Manufacturer#3,2-HIGH,3,FURNITURE,AIR,3,0.02,9,Brand#33,MED BAG,29,41,4,41907.3382
F,F,R,TAKE BACK RETURN,Manufacturer#1,4-NOT SPECIFIED,1,MACHINERY,TRUCK,2,0,9,Brand#14,JUMBO JAR,26,2,4,2278.5272
O,O,N,NONE,Manufacturer#3,2-HIGH,0,FURNITURE,MAIL,1,0.07,8,Brand#35,SM CAN,39,15,3,15181.6665
O,O,N,TAKE BACK RETURN,Manufacturer#4,2-HIGH,0,FURNITURE,REG AIR,3,0.04,18,Brand#45,MED JAR,39,20,2,34711.48
O,O,N,NONE,Manufacturer#3,2-HIGH,0,FURNITURE,TRUCK,4,0,21,Brand#32,MED PKG,5,26,1,30220.8738
F,F,A,DELIVER IN PERSON,Manufacturer#1,5-LOW,2,AUTOMOBILE,RAIL,5,0.05,12,Brand#12,JUMBO DRUM,33,32,0,44629.632
F,F,A,NONE,Manufacturer#3,5-LOW,2,AUTOMOBILE,REG AIR,4,0.05,12,Brand#32,WRAP BOX,20,7,0,11046.3066
F,F,A,COLLECT COD,Manufacturer#4,4-NOT SPECIFIED,2,FURNITURE,RAIL,2,0.03,21,Brand#45,MED CASE,23,7,1,7088.886
F,F,A,DELIVER IN PERSON,Manufacturer#3,5-LOW,4,FURNITURE,FOB,1,0.05,18,Brand#31,SM BOX,6,6,2,8194.5648
O,O,N,DELIVER IN PERSON,Manufacturer#4,3-MEDIUM,0,AUTOMOBILE,REG AIR,2,0.05,21,Brand#41,SM PACK,24,38,1,49401.406
O,O,N,NONE,Manufacturer#2,1-URGENT,3,MACHINERY,TRUCK,6,0.02,21,Brand#21,LG CAN,40,25,1,43671.825
O,O,N,TAKE BACK RETURN,Manufacturer#5,1-URGENT,3,MACHINERY,RAIL,1,0.08,18,Brand#55,JUMBO CAN,42,37,2,41203.089
F,F,A,TAKE BACK RETURN,Manufacturer#5,5-LOW,3,FURNITURE,FOB,2,0,8,Brand#51,SM PKG,20,8,3,8228.0744
F,F,A,NONE,Manufacturer#4,5-LOW,3,FURNITURE,TRUCK,1,0.08,21,Brand#44,JUMBO PKG,46,4,1,3496.8752
F,F,R,COLLECT COD,Manufacturer#1,2-HIGH,1,HOUSEHOLD,FOB,3,0.04,21,Brand#13,SM CASE,5,7,1,9353.225
F,F,A,TAKE BACK RETURN,Manufacturer#3,5-LOW,3,AUTOMOBILE,REG AIR,2,0.02,8,Brand#32,SM JAR,18,31,3,42125.5776
O,O,N,COLLECT COD,Manufacturer#2,4-NOT SPECIFIED,1,HOUSEHOLD,SHIP,4,0.03,21,Brand#24,MED PKG,13,7,1,8489.8086
O,O,N,COLLECT COD,Manufacturer#2,4-NOT SPECIFIED,1,HOUSEHOLD,TRUCK,2,0.07,8,Brand#24,WRAP CASE,26,18,3,27131.274
O,O,N,TAKE BACK RETURN,Manufacturer#1,3-MEDIUM,4,FURNITURE,RAIL,1,0.06,21,Brand#11,WRAP CAN,5,5,1,7838.481
F,F,R,NONE,Manufacturer#3,2-HIGH,2,FURNITURE,MAIL,1,0.01,9,Brand#33,LG CAN,14,10,4,12410.8
F,P,N,NONE,Manufacturer#1,4-NOT SPECIFIED,3,FURNITURE,MAIL,1,0,9,Brand#13,WRAP CASE,24,36,4,34147.944
O,P,N,NONE,Manufacturer#5,4-NOT SPECIFIED,3,FURNITURE,MAIL,2,0.06,9,Brand#55,JUMBO CASE,25,13,4,12283.0227
F,F,A,COLLECT COD,Manufacturer#3,2-HIGH,3,FURNITURE,REG AIR,5,0.08,12,Brand#35,LG PACK,14,16,0,26225.3856
F,F,R,NONE,Manufacturer#4,3-MEDIUM,0,HOUSEHOLD,TRUCK,5,0.04,9,Brand#43,LG DRUM,19,3,4,2517.1146
O,O,N,NONE,Manufacturer#1,2-HIGH,3,BUILDING,REG AIR,2,0.02,18,Brand#12,JUMBO PACK,30,25,2,34053.34
O,O,N,TAKE BACK RETURN,Manufacturer#2,2-HIGH,3,BUILDING,AIR,1,0.06,18,Brand#24,SM PACK,30,49,2,49723.0342
O,O,N,TAKE BACK RETURN,Manufacturer#1,2-HIGH,3,BUILDING,TRUCK,4,0.07,21,Brand#12,JUMBO CAN,17,12,1,14927.16
O,O,N,NONE,Manufacturer#3,5-LOW,4,FURNITURE,RAIL,1,0.07,9,Brand#33,LG CAN,14,40,4,47552.96
F,F,R,NONE,Manufacturer#3,3-MEDIUM,4,HOUSEHOLD,MAIL,5,0.05,8,Brand#33,SM BOX,32,46,3,74806.097
F,F,R,COLLECT COD,Manufacturer#1,2-HIGH,2,AUTOMOBILE,REG AIR,3,0.02,9,Brand#12,SM BAG,46,22,4,18058.04
F,F,R,COLLECT COD,Manufacturer#4,2-HIGH,2,AUTOMOBILE,REG AIR,4,0.07,9,Brand#41,JUMBO DRUM,31,34,4,55957.166
F,F,R,TAKE BACK RETURN,Manufacturer#1,2-HIGH,2,AUTOMOBILE,REG AIR,2,0.03,9,Brand#15,MED CASE,8,41,4,39895.542
F,F,A,COLLECT COD,Manufacturer#1,3-MEDIUM,0,HOUSEHOLD,RAIL,3,0.04,18,Brand#12,MED CASE,49,11,2,14531.9196
F,F,R,NONE,Manufacturer#3,3-MEDIUM,0,HOUSEHOLD,FOB,4,0.02,18,Brand#34,MED CASE,22,38,2,48389.884
O,O,N,DELIVER IN PERSON,Manufacturer#2,5-LOW,3,FURNITURE,TRUCK,1,0.04,18,Brand#23,MED PKG,34,3,2,4602.1794
F,P,A,DELIVER IN PERSON,Manufacturer#5,1-URGENT,3,FURNITURE,FOB,2,0.01,8,Brand#54,JUMBO JAR,28,26,3,24448.6398
F,F,A,TAKE BACK RETURN,Manufacturer#3,1-URGENT,0,BUILDING,RAIL,1,0.02,8,Brand#35,LG BOX,13,23,3,39335.382
O,O,N,NONE,Manufacturer#1,2-HIGH,3,FURNITURE,SHIP,1,0.04,18,Brand#12,JUMBO DRUM,17,19,2,22923.4468
F,F,A,TAKE BACK RETURN,Manufacturer#2,5-LOW,3,MACHINERY,REG AIR,3,0.04,21,Brand#23,SM PACK,45,34,1,40580.4756
F,F,R,TAKE BACK RETURN,Manufacturer#5,5-LOW,3,MACHINERY,MAIL,1,0,18,Brand#53,MED BOX,2,31,2,55925.2555
O,O,N,COLLECT COD,Manufacturer#3,3-MEDIUM,0,MACHINERY,FOB,3,0.05,18,Brand#34,JUMBO CASE,19,16,2,27630.9504
O,O,N,DELIVER IN PERSON,Manufacturer#4,3-MEDIUM,0,MACHINERY,SHIP,4,0.04,12,Brand#41,SM BOX,17,24,0,43101.36
F,F,A,COLLECT COD,Manufacturer#5,5-LOW,2,HOUSEHOLD,REG AIR,3,0.08,9,Brand#55,SM PACK,6,17,4,24056.717
O,O,N,TAKE BACK RETURN,Manufacturer#1,1-URGENT,1,BUILDING,FOB,4,0.02,18,Brand#14,JUMBO BAG,10,19,2,32209.2484
O,O,N,COLLECT COD,Manufacturer#4,1-URGENT,1,BUILDING,FOB,1,0.08,18,Brand#44,LG CAN,25,6,2,9275.3934
O,O,N,TAKE BACK RETURN,Manufacturer#5,1-URGENT,1,BUILDING,TRUCK,5,0.05,12,Brand#55,WRAP DRUM,9,38,0,59679.5472
O,O,N,DELIVER IN PERSON,Manufacturer#4,1-URGENT,4,FURNITURE,RAIL,1,0.05,21,Brand#44,WRAP CAN,16,11,1,18809.901
F,F,R,NONE,Manufacturer#5,1-URGENT,3,AUTOMOBILE,AIR,2,0.02,8,Brand#53,JUMBO DRUM,47,47,3,65794.8488
F,F,R,TAKE BACK RETURN,Manufacturer#2,1-URGENT,3,AUTOMOBILE,MAIL,4,0.03,21,Brand#22,WRAP DRUM,26,33,1,51552.1413
F,F,R,TAKE BACK RETURN,Manufacturer#4,2-HIGH,0,FURNITURE,AIR,6,0.04,18,Brand#41,SM CAN,4,8,2,9746.088
F,F,A,DELIVER IN PERSON,Manufacturer#4,2-HIGH,0,FURNITURE,REG AIR,5,0.04,9,Brand#41,SM PACK,35,9,4,7609.4028
O,O,N,NONE,Manufacturer#4,3-MEDIUM,4,FURNITURE,MAIL,1,0.05,18,Brand#44,SM BAG,4,28,2,45458.28
O,O,N,NONE,Manufacturer#5,3-MEDIUM,4,FURNITURE,MAIL,2,0.01,9,Brand#52,WRAP CAN,4,3,4,4427.271
O,O,N,NONE,Manufacturer#5,5-LOW,2,AUTOMOBILE,TRUCK,4,0.02,18,Brand#51,LG BOX,48,23,2,25527.9944
O,P,N,COLLECT COD,Manufacturer#4,3-MEDIUM,4,FURNITURE,FOB,6,0,18,Brand#43,MED BOX,10,43,2,72483.939
O,P,N,COLLECT COD,Manufacturer#4,3-MEDIUM,4,FURNITURE,RAIL,1,0.01,18,Brand#42,JUMBO JAR,15,17,2,28630.4871
O,P,N,NONE,Manufacturer#1,3-MEDIUM,4,FURNITURE,RAIL,2,0,21,Brand#15,MED PACK,22,15,1,17460.81
O,O,N,TAKE BACK RETURN,Manufacturer#5,5-LOW,2,BUILDING,MAIL,4,0.06,12,Brand#53,WRAP CAN,49,21,0,36403.1388
O,O,N,DELIVER IN PERSON,Manufacturer#2,5-LOW,2,BUILDING,MAIL,6,0,8,Brand#25,SM DRUM,50,29,3,33481.7905
F,F,A,DELIVER IN PERSON,Manufacturer#3,4-NOT SPECIFIED,1,FURNITURE,REG AIR,2,0.05,18,Brand#31,WRAP PKG,11,4,2,4877.8128
F,F,A,DELIVER IN PERSON,Manufacturer#4,4-NOT SPECIFIED,1,MACHINERY,RAIL,3,0.05,12,Brand#45,LG PKG,16,3,0,3321.36
O,O,N,DELIVER IN PERSON,Manufacturer#2,5-LOW,2,FURNITURE,FOB,4,0.08,8,Brand#25,SM BAG,3,2,3,3551.74
O,O,N,TAKE BACK RETURN,Manufacturer#5,5-LOW,2,FURNITURE,TRUCK,2,0.02,21,Brand#54,LG DRUM,5,7,1,11454.6614
O,O,N,DELIVER IN PERSON,Manufacturer#5,5-LOW,2,FURNITURE,AIR,5,0.03,18,Brand#51,SM PACK,30,6,2,9757.8756
O,O,N,TAKE BACK RETURN,Manufacturer#5,4-NOT SPECIFIED,0,HOUSEHOLD,MAIL,3,0.02,9,Brand#55,MED CASE,31,48,4,79870.6656
O,O,N,TAKE BACK RETURN,Manufacturer#3,4-NOT SPECIFIED,0,HOUSEHOLD,REG AIR,2,0.07,18,Brand#33,MED BAG,31,48,2,42440.6016
O,O,N,DELIVER IN PERSON,Manufacturer#3,4-NOT SPECIFIED,0,FURNITURE,TRUCK,5,0.01,12,Brand#35,MED BAG,44,5,0,8293.23
F,F,R,DELIVER IN PERSON,Manufacturer#3,4-NOT SPECIFIED,0,BUILDING,TRUCK,2,0.04,21,Brand#35,SM PACK,4,8,1,10968.296
F,F,A,DELIVER IN PERSON,Manufacturer#3,4-NOT SPECIFIED,0,BUILDING,REG AIR,1,0.08,9,Brand#31,MED JAR,42,20,4,26994.906
F,F,R,COLLECT COD,Manufacturer#5,5-LOW,1,AUTOMOBILE,TRUCK,1,0.05,12,Brand#54,WRAP DRUM,43,18,0,28995.5736
F,F,R,COLLECT COD,Manufacturer#5,4-NOT SPECIFIED,0,BUILDING,FOB,5,0.03,21,Brand#53,WRAP DRUM,16,2,1,2198.775
O,O,N,TAKE BACK RETURN,Manufacturer#5,2-HIGH,4,AUTOMOBILE,SHIP,3,0.01,9,Brand#51,SM CAN,8,32,4,49441.7088
F,F,A,NONE,Manufacturer#3,5-LOW,0,MACHINERY,REG AIR,5,0.07,8,Brand#32,LG CAN,33,22,3,24271.9488
O,O,N,COLLECT COD,Manufacturer#1,4-NOT SPECIFIED,3,AUTOMOBILE,REG AIR,3,0.07,12,Brand#15,LG PACK,50,12,0,20926.08
O,O,N,NONE,Manufacturer#3,4-NOT SPECIFIED,3,AUTOMOBILE,REG AIR,4,0.08,9,Brand#32,LG CAN,33,8,4,8550.3456
F,F,R,NONE,Manufacturer#3,3-MEDIUM,0,BUILDING,REG AIR,4,0.08,21,Brand#32,MED BAG,43,41,1,55832.5536
F,F,R,DELIVER IN PERSON,Manufacturer#3,1-URGENT,4,BUILDING,SHIP,5,0,8,Brand#33,WRAP BAG,11,29,3,47684.6304
F,F,A,TAKE BACK RETURN,Manufacturer#2,1-URGENT,4,BUILDING,FOB,3,0.03,12,Brand#23,MED CAN,31,9,0,14820.66
O,O,N,COLLECT COD,Manufacturer#5,2-HIGH,3,AUTOMOBILE,AIR,4,0.05,9,Brand#51,WRAP BAG,46,35,4,54052.32
O,O,N,NONE,Manufacturer#2,4-NOT SPECIFIED,3,AUTOMOBILE,MAIL,5,0.02,21,Brand#25,SM BAG,35,47,1,60944.9846
O,O,N,COLLECT COD,Manufacturer#4,1-URGENT,2,AUTOMOBILE,MAIL,3,0.06,18,Brand#44,WRAP CASE,35,4,2,4467.4448
F,F,R,NONE,Manufacturer#5,1-URGENT,3,AUTOMOBILE,FOB,2,0,9,Brand#54,MED CASE,49,27,4,37680.552
F,F,A,NONE,Manufacturer#1,1-URGENT,3,AUTOMOBILE,FOB,5,0,21,Brand#13,LG CAN,47,23,1,36518.3512
F,F,R,TAKE BACK RETURN,Manufacturer#1,1-URGENT,3,AUTOMOBILE,TRUCK,4,0.06,9,Brand#11,WRAP BAG,38,12,4,20133.4464
F,F,R,NONE,Manufacturer#1,2-HIGH,2,AUTOMOBILE,REG AIR,1,0.02,21,Brand#14,WRAP CASE,16,24,1,30584.832
O,O,N,COLLECT COD,Manufacturer#1,5-LOW,3,AUTOMOBILE,SHIP,1,0.07,8,Brand#13,LG JAR,11,36,3,53938.224
F,F,A,COLLECT COD,Manufacturer#4,5-LOW,0,FURNITURE,RAIL,1,0.03,18,Brand#43,MED BOX,10,12,2,22026.1272
F,F,A,TAKE BACK RETURN,Manufacturer#5,5-LOW,0,FURNITURE,FOB,2,0.06,9,Brand#53,LG PACK,11,31,4,36108.1056
F,F,A,TAKE BACK RETURN,Manufacturer#3,2-HIGH,2,MACHINERY,SHIP,1,0.03,18,Brand#35,SM PACK,29,43,2,44997.5478
F,F,R,DELIVER IN PERSON,Manufacturer#2,2-HIGH,2,MACHINERY,TRUCK,6,0.08,12,Brand#24,SM PACK,30,38,0,37765.654
F,F,R,COLLECT COD,Manufacturer#1,2-HIGH,2,MACHINERY,MAIL,7,0.06,9,Brand#13,LG DRUM,44,5,4,8741.8605
F,F,A,DELIVER IN PERSON,Manufacturer#3,2-HIGH,2,MACHINERY,MAIL,4,0,8,Brand#33,JUMBO DRUM,3,10,3,9974.904
F,F,A,TAKE BACK RETURN,Manufacturer#4,2-HIGH,2,MACHINERY,AIR,5,0.08,18,Brand#43,WRAP CAN,2,1,2,1220.161
O,O,N,NONE,Manufacturer#4,5-LOW,0,BUILDING,TRUCK,3,0.03,21,Brand#41,WRAP CAN,20,33,1,53248.833
O,O,N,TAKE BACK RETURN,Manufacturer#3,5-LOW,0,BUILDING,TRUCK,2,0.02,9,Brand#34,LG BAG,23,49,4,73021.123
F,F,R,NONE,Manufacturer#3,4-NOT SPECIFIED,4,AUTOMOBILE,REG AIR,2,0.05,8,Brand#33,WRAP CAN,6,6,3,9283.704
F,F,R,DELIVER IN PERSON,Manufacturer#3,4-NOT SPECIFIED,0,HOUSEHOLD,FOB,2,0.07,9,Brand#34,MED JAR,46,45,4,64279.503
F,F,R,NONE,Manufacturer#4,2-HIGH,3,HOUSEHOLD,MAIL,1,0.03,9,Brand#41,MED CAN,15,4,4,3480.838
F,F,R,TAKE BACK RETURN,Manufacturer#5,5-LOW,4,FURNITURE,MAIL,7,0.08,18,Brand#52,MED PKG,32,48,2,52285.4928
F,F,A,NONE,Manufacturer#4,5-LOW,4,FURNITURE,FOB,5,0.06,8,Brand#43,SM JAR,11,23,3,19632.9679
O,O,N,TAKE BACK RETURN,Manufacturer#5,4-NOT SPECIFIED,0,AUTOMOBILE,FOB,4,0.07,21,Brand#55,JUMBO DRUM,24,48,1,59293.416
O,O,N,TAKE BACK RETURN,Manufacturer#5,5-LOW,2,AUTOMOBILE,TRUCK,1,0.04,21,Brand#54,WRAP BOX,31,35,1,47350.464
O,O,N,NONE,Manufacturer#1,5-LOW,4,BUILDING,FOB,2,0.04,18,Brand#15,MED PKG,35,33,2,50481.3936
O,O,N,DELIVER IN PERSON,Manufacturer#4,5-LOW,4,BUILDING,RAIL,4,0.03,8,Brand#42,SM JAR,4,10,3,14255.7
F,F,R,TAKE BACK RETURN,Manufacturer#1,4-NOT SPECIFIED,2,MACHINERY,RAIL,3,0.05,8,Brand#12,JUMBO DRUM,17,48,3,60429.7728
F,F,A,TAKE BACK RETURN,Manufacturer#5,4-NOT SPECIFIED,2,MACHINERY,SHIP,2,0.06,21,Brand#55,JUMBO DRUM,24,49,1,65184.749
F,F,R,NONE,Manufacturer#5,4-NOT SPECIFIED,2,MACHINERY,SHIP,4,0.04,21,Brand#51,LG CAN,10,42,1,49079.142
O,O,N,NONE,Manufacturer#5,3-MEDIUM,3,MACHINERY,AIR,1,0.03,8,Brand#51,WRAP BAG,35,39,3,57043.2915
O,O,N,DELIVER IN PERSON,Manufacturer#5,3-MEDIUM,3,MACHINERY,AIR,4,0.02,21,Brand#53,SM BOX,21,30,1,49471.155
F,F,A,COLLECT COD,Manufacturer#2,4-NOT SPECIFIED,4,HOUSEHOLD,TRUCK,3,0.06,8,Brand#25,SM DRUM,50,8,3,8750.232
F,F,R,DELIVER IN PERSON,Manufacturer#3,1-URGENT,4,HOUSEHOLD,MAIL,1,0,18,Brand#35,JUMBO JAR,28,11,2,17188.7232
O,O,N,DELIVER IN PERSON,Manufacturer#1,2-HIGH,2,AUTOMOBILE,MAIL,3,0.01,21,Brand#12,JUMBO BOX,20,14,1,20446.034
F,F,A,TAKE BACK RETURN,Manufacturer#5,2-HIGH,2,AUTOMOBILE,REG AIR,6,0.05,18,Brand#55,LG DRUM,1,33,2,32011.98
F,F,A,NONE,Manufacturer#1,2-HIGH,2,AUTOMOBILE,SHIP,7,0.02,8,Brand#11,MED CASE,13,26,3,26657.982
F,F,A,TAKE BACK RETURN,Manufacturer#5,1-URGENT,4,MACHINERY,AIR,2,0,9,Brand#54,MED CASE,49,7,4,10203.2112
F,F,A,DELIVER IN PERSON,Manufacturer#3,1-URGENT,3,FURNITURE,TRUCK,4,0.03,18,Brand#33,LG PACK,13,39,2,38597.0832
O,O,N,TAKE BACK RETURN,Manufacturer#2,4-NOT SPECIFIED,3,BUILDING,TRUCK,3,0.07,21,Brand#23,WRAP DRUM,12,43,1,43681.9284
O,O,N,TAKE BACK RETURN,Manufacturer#1,4-NOT SPECIFIED,3,BUILDING,MAIL,2,0.04,18,Brand#15,MED CAN,19,41,2,45372.0596
F,F,R,COLLECT COD,Manufacturer#2,3-MEDIUM,0,MACHINERY,TRUCK,3,0.07,18,Brand#23,LG DRUM,26,13,2,22850.0064
F,F,R,DELIVER IN PERSON,Manufacturer#5,4-NOT SPECIFIED,2,FURNITURE,REG AIR,3,0.08,18,Brand#53,WRAP CAN,49,41,2,68171.8644
F,F,R,COLLECT COD,Manufacturer#3,2-HIGH,2,HOUSEHOLD,AIR,2,0.05,18,Brand#34,JUMBO CAN,5,22,2,27837.92
F,F,A,COLLECT COD,Manufacturer#1,2-HIGH,3,AUTOMOBILE,SHIP,1,0.06,18,Brand#12,LG JAR,39,3,2,4617.7404
F,F,R,NONE,Manufacturer#1,2-HIGH,3,AUTOMOBILE,MAIL,3,0.05,21,Brand#13,MED DRUM,4,46,1,73581.186
O,O,N,NONE,Manufacturer#1,4-NOT SPECIFIED,4,HOUSEHOLD,FOB,1,0.08,21,Brand#12,MED CASE,30,49,1,57708.0252
O,O,N,NONE,Manufacturer#2,4-NOT SPECIFIED,4,HOUSEHOLD,SHIP,2,0.03,12,Brand#22,LG BOX,22,37,0,40929.4
F,F,A,NONE,Manufacturer#1,1-URGENT,4,FURNITURE,TRUCK,2,0.08,9,Brand#12,MED JAR,42,48,4,69122.0448
F,F,R,COLLECT COD,Manufacturer#2,4-NOT SPECIFIED,3,AUTOMOBILE,AIR,6,0.07,12,Brand#25,JUMBO JAR,49,22,0,24718.5972
O,O,N,TAKE BACK RETURN,Manufacturer#4,2-HIGH,4,AUTOMOBILE,REG AIR,5,0.07,18,Brand#42,SM CASE,16,12,2,12127.9176
O,O,N,NONE,Manufacturer#1,5-LOW,1,BUILDING,REG AIR,3,0,9,Brand#13,WRAP DRUM,37,19,4,28802.4952
O,O,N,COLLECT COD,Manufacturer#4,5-LOW,4,HOUSEHOLD,MAIL,2,0.02,21,Brand#45,JUMBO PACK,26,9,1,8591.0184
O,O,N,COLLECT COD,Manufacturer#4,5-LOW,4,HOUSEHOLD,TRUCK,1,0,18,Brand#43,LG DRUM,45,47,2,65058.904
F,F,R,TAKE BACK RETURN,Manufacturer#4,1-URGENT,1,BUILDING,SHIP,4,0.07,12,Brand#43,JUMBO CAN,37,47,0,53134.8818
O,O,N,NONE,Manufacturer#4,3-MEDIUM,3,MACHINERY,TRUCK,2,0,9,Brand#43,LG DRUM,12,32,4,37766.848
F,F,A,COLLECT COD,Manufacturer#5,5-LOW,4,FURNITURE,MAIL,2,0.02,8,Brand#51,MED CASE,48,2,3,3370.549
F,F,R,TAKE BACK RETURN,Manufacturer#2,5-LOW,4,FURNITURE,RAIL,4,0.04,21,Brand#22,JUMBO JAR,7,49,1,73271.856
O,O,N,TAKE BACK RETURN,Manufacturer#5,2-HIGH,0,FURNITURE,REG AIR,6,0.01,12,Brand#52,SM CASE,48,19,0,27013.4495
O,O,N,NONE,Manufacturer#2,4-NOT SPECIFIED,4,BUILDING,AIR,5,0.06,9,Brand#23,LG BAG,35,41,4,69058.5714
O,O,N,COLLECT COD,Manufacturer#1,4-NOT SPECIFIED,4,BUILDING,TRUCK,4,0.02,8,Brand#11,LG CASE,39,3,3,3984.5715
O,O,N,COLLECT COD,Manufacturer#5,2-HIGH,3,HOUSEHOLD,AIR,3,0.01,8,Brand#55,JUMBO CAN,47,29,3,30744.64
O,O,N,DELIVER IN PERSON,Manufacturer#1,2-HIGH,3,HOUSEHOLD,SHIP,2,0.06,18,Brand#15,WRAP BOX,48,3,2,5173.2648
F,F,R,DELIVER IN PERSON,Manufacturer#2,5-LOW,3,BUILDING,REG AIR,4,0.03,8,Brand#22,SM PACK,50,40,3,60890.148
F,F,A,TAKE BACK RETURN,Manufacturer#2,2-HIGH,0,BUILDING,SHIP,3,0.02,18,Brand#24,WRAP CASE,26,24,2,36175.032
F,F,R,DELIVER IN PERSON,Manufacturer#1,5-LOW,4,AUTOMOBILE,REG AIR,3,0.07,18,Brand#15,SM CASE,2,47,2,57674.358
O,O,N,NONE,Manufacturer#4,1-URGENT,4,HOUSEHOLD,REG AIR,3,0.06,18,Brand#43,MED BOX,10,11,2,19160.4831
O,O,N,NONE,Manufacturer#3,1-URGENT,4,HOUSEHOLD,SHIP,4,0,8,Brand#33,SM CAN,28,30,3,40848.828
F,F,R,TAKE BACK RETURN,Manufacturer#3,2-HIGH,2,MACHINERY,FOB,1,0.02,9,Brand#31,SM PKG,27,22,4,30504.595
F,F,A,TAKE BACK RETURN,Manufacturer#3,2-HIGH,2,MACHINERY,REG AIR,6,0.03,12,Brand#35,MED BAG,44,41,0,72538.1184
O,O,N,COLLECT COD,Manufacturer#2,2-HIGH,4,BUILDING,MAIL,3,0,8,Brand#25,WRAP PKG,4,18,3,32344.02
F,F,A,TAKE BACK RETURN,Manufacturer#5,1-URGENT,2,MACHINERY,REG AIR,5,0.08,18,Brand#52,WRAP PKG,36,50,2,53542.95
O,O,N,DELIVER IN PERSON,Manufacturer#3,3-MEDIUM,3,BUILDING,RAIL,1,0.08,18,Brand#31,WRAP BAG,5,16,2,28431.5536
O,O,N,NONE,Manufacturer#4,3-MEDIUM,2,HOUSEHOLD,REG AIR,1,0.08,12,Brand#42,WRAP DRUM,28,22,0,29434.581
O,O,N,TAKE BACK RETURN,Manufacturer#1,5-LOW,0,MACHINERY,FOB,2,0.08,18,Brand#14,MED CASE,25,47,2,49491.3196
O,O,N,COLLECT COD,Manufacturer#4,4-NOT SPECIFIED,3,AUTOMOBILE,FOB,2,0,21,Brand#44,MED DRUM,14,49,1,70608.7305
F,F,R,TAKE BACK RETURN,Manufacturer#3,3-MEDIUM,3,HOUSEHOLD,TRUCK,1,0.08,21,Brand#32,MED JAR,15,46,1,87353.54
O,O,N,DELIVER IN PERSON,Manufacturer#5,3-MEDIUM,0,HOUSEHOLD,RAIL,2,0.06,9,Brand#53,SM CAN,37,21,4,32447.709
O,O,N,TAKE BACK RETURN,Manufacturer#5,3-MEDIUM,0,HOUSEHOLD,RAIL,6,0.06,12,Brand#52,JUMBO BOX,47,50,0,75638.36
O,O,N,NONE,Manufacturer#5,3-MEDIUM,0,HOUSEHOLD,AIR,5,0.03,21,Brand#55,SM JAR,18,20,1,30524.472
F,F,A,DELIVER IN PERSON,Manufacturer#4,2-HIGH,1,FURNITURE,REG AIR,1,0.04,18,Brand#45,SM CAN,21,1,2,932.883
O,O,N,NONE,Manufacturer#5,5-LOW,2,AUTOMOBILE,SHIP,4,0.02,18,Brand#54,MED CAN,9,11,2,11132.0814
O,O,N,TAKE BACK RETURN,Manufacturer#2,3-MEDIUM,1,MACHINERY,FOB,5,0.05,21,Brand#21,SM BOX,26,12,1,19881.8256
F,F,R,NONE,Manufacturer#1,3-MEDIUM,3,HOUSEHOLD,TRUCK,3,0,21,Brand#13,SM PKG,3,47,1,63709.3366
O,O,N,COLLECT COD,Manufacturer#3,1-URGENT,1,HOUSEHOLD,RAIL,5,0.08,21,Brand#32,JUMBO JAR,29,24,1,34578.708
O,O,N,DELIVER IN PERSON,Manufacturer#1,2-HIGH,4,AUTOMOBILE,AIR,1,0,8,Brand#13,JUMBO BOX,8,45,3,39089.1555
F,F,R,NONE,Manufacturer#2,2-HIGH,4,HOUSEHOLD,AIR,4,0.01,21,Brand#21,SM BOX,11,11,1,13404.4416
F,F,R,COLLECT COD,Manufacturer#3,2-HIGH,4,HOUSEHOLD,TRUCK,2,0.04,18,Brand#35,LG BOX,13,41,2,70881.7635
F,F,R,COLLECT COD,Manufacturer#4,4-NOT SPECIFIED,1,MACHINERY,SHIP,1,0,9,Brand#43,LG DRUM,45,14,4,20011.18
O,O,N,COLLECT COD,Manufacturer#3,5-LOW,1,BUILDING,RAIL,2,0.07,8,Brand#33,MED JAR,21,18,3,28262.6766
O,O,N,NONE,Manufacturer#3,5-LOW,1,BUILDING,SHIP,4,0,8,Brand#32,JUMBO CASE,40,37,3,63185.4624
O,O,N,NONE,Manufacturer#2,5-LOW,1,BUILDING,REG AIR,1,0.03,21,Brand#22,JUMBO JAR,7,48,1,74767.2
O,O,N,DELIVER IN PERSON,Manufacturer#2,3-MEDIUM,2,FURNITURE,SHIP,1,0.07,8,Brand#21,JUMBO CAN,1,30,3,27764.928
F,F,A,TAKE BACK RETURN,Manufacturer#1,1-URGENT,0,AUTOMOBILE,FOB,1,0.08,8,Brand#12,JUMBO DRUM,33,19,3,27676.5704
O,O,N,NONE,Manufacturer#3,1-URGENT,3,BUILDING,TRUCK,6,0.04,21,Brand#34,SM CAN,5,35,1,41806.569
O,O,N,DELIVER IN PERSON,Manufacturer#5,1-URGENT,3,BUILDING,REG AIR,4,0.04,8,Brand#52,JUMBO JAR,16,7,3,7996.5795
F,F,R,NONE,Manufacturer#3,4-NOT SPECIFIED,0,AUTOMOBILE,REG AIR,2,0.06,18,Brand#34,MED BOX,28,3,2,5319.2472
F,F,R,NONE,Manufacturer#5,4-NOT SPECIFIED,0,AUTOMOBILE,TRUCK,4,0.03,9,Brand#52,LG BAG,32,35,4,33542.8275
O,O,N,DELIVER IN PERSON,Manufacturer#2,2-HIGH,2,BUILDING,SHIP,3,0.05,8,Brand#23,SM PACK,14,16,3,19637.12
O,O,N,DELIVER IN PERSON,Manufacturer#4,2-HIGH,0,BUILDING,SHIP,3,0.01,8,Brand#45,MED BOX,34,16,3,19558.2912
O,O,N,DELIVER IN PERSON,Manufacturer#5,2-HIGH,0,BUILDING,FOB,2,0.01,21,Brand#52,MED JAR,22,35,1,62669.663
F,F,A,NONE,Manufacturer#3,3-MEDIUM,1,BUILDING,FOB,1,0,21,Brand#34,MED DRUM,47,50,1,90059.525
F,F,A,NONE,Manufacturer#5,3-MEDIUM,1,BUILDING,RAIL,3,0.02,8,Brand#54,JUMBO DRUM,21,7,3,7483.938
O,O,N,TAKE BACK RETURN,Manufacturer#1,2-HIGH,1,HOUSEHOLD,AIR,2,0.08,8,Brand#12,LG BAG,45,2,3,2999.18
O,O,N,COLLECT COD,Manufacturer#4,2-HIGH,1,HOUSEHOLD,AIR,4,0,21,Brand#45,MED JAR,40,32,1,58130.5824
O,O,N,COLLECT COD,Manufacturer#3,2-HIGH,1,HOUSEHOLD,AIR,1,0.06,8,Brand#35,LG JAR,14,48,3,51223.68
F,F,A,TAKE BACK RETURN,Manufacturer#4,1-URGENT,2,HOUSEHOLD,REG AIR,1,0.07,21,Brand#45,WRAP BAG,8,13,1,22450.1472
O,O,N,TAKE BACK RETURN,Manufacturer#3,1-URGENT,2,AUTOMOBILE,AIR,1,0.06,9,Brand#31,LG PACK,36,13,4,19641.9665
O,O,N,DELIVER IN PERSON,Manufacturer#1,3-MEDIUM,4,FURNITURE,FOB,5,0.08,18,Brand#12,JUMBO DRUM,17,32,2,37768.608
O,O,N,COLLECT COD,Manufacturer#3,3-MEDIUM,4,FURNITURE,MAIL,1,0,21,Brand#34,WRAP PACK,30,7,1,10967.9178
O,O,N,TAKE BACK RETURN,Manufacturer#1,3-MEDIUM,4,FURNITURE,REG AIR,3,0.02,9,Brand#13,JUMBO JAR,26,36,4,44147.628
O,O,N,NONE,Manufacturer#4,3-MEDIUM,4,FURNITURE,RAIL,6,0.01,21,Brand#45,MED PKG,34,48,1,56009.2608
O,O,N,DELIVER IN PERSON,Manufacturer#1,2-HIGH,0,HOUSEHOLD,FOB,2,0.01,18,Brand#14,JUMBO PACK,17,1,2,1270.9616
O,O,N,COLLECT COD,Manufacturer#4,2-HIGH,0,HOUSEHOLD,TRUCK,3,0.06,18,Brand#45,WRAP BAG,8,10,2,16549.788
O,O,N,TAKE BACK RETURN,Manufacturer#4,3-MEDIUM,3,AUTOMOBILE,MAIL,2,0.02,12,Brand#44,LG DRUM,18,22,0,26382.3318
O,O,N,NONE,Manufacturer#1,3-MEDIUM,3,AUTOMOBILE,TRUCK,4,0,18,Brand#14,WRAP CASE,16,19,2,24212.992
O,O,N,TAKE BACK RETURN,Manufacturer#2,3-MEDIUM,3,BUILDING,MAIL,1,0.06,12,Brand#21,LG PACK,33,20,0,19521.4
O,O,N,DELIVER IN PERSON,Manufacturer#4,2-HIGH,4,MACHINERY,AIR,3,0.02,18,Brand#41,MED PACK,22,2,2,2443.2408
F,F,R,TAKE BACK RETURN,Manufacturer#2,3-MEDIUM,1,BUILDING,MAIL,4,0,18,Brand#23,JUMBO BOX,3,41,2,46277.0854
F,F,R,TAKE BACK RETURN,Manufacturer#5,5-LOW,2,BUILDING,RAIL,1,0.08,9,Brand#52,LG BAG,32,31,4,32647.65
F,F,A,COLLECT COD,Manufacturer#4,5-LOW,2,HOUSEHOLD,AIR,2,0.06,9,Brand#42,WRAP BOX,11,13,4,22777.5912
F,F,R,TAKE BACK RETURN,Manufacturer#5,5-LOW,2,HOUSEHOLD,RAIL,3,0.05,21,Brand#51,SM CAN,15,1,1,1649.7663
F,F,R,TAKE BACK RETURN,Manufacturer#1,4-NOT SPECIFIED,4,BUILDING,RAIL,2,0.07,8,Brand#11,MED CASE,13,5,3,5582.227
F,F,A,COLLECT COD,Manufacturer#1,4-NOT SPECIFIED,4,BUILDING,RAIL,1,0.01,18,Brand#15,LG CASE,41,10,2,17374.126
O,O,N,COLLECT COD,Manufacturer#5,3-MEDIUM,0,FURNITURE,TRUCK,5,0,18,Brand#55,LG BOX,21,12,2,12552.408
O,O,N,COLLECT COD,Manufacturer#2,3-MEDIUM,0,FURNITURE,REG AIR,3,0.08,21,Brand#21,SM BOX,11,27,1,32901.8112
O,O,N,COLLECT COD,Manufacturer#4,3-MEDIUM,0,FURNITURE,REG AIR,1,0,21,Brand#45,SM JAR,33,43,1,67161.4119
O,O,N,TAKE BACK RETURN,Manufacturer#4,3-MEDIUM,0,FURNITURE,FOB,6,0.07,21,Brand#45,SM CASE,26,20,1,36218
O,O,N,DELIVER IN PERSON,Manufacturer#1,3-MEDIUM,0,FURNITURE,TRUCK,4,0,18,Brand#11,WRAP CASE,26,5,2,8961.708
F,P,A,DELIVER IN PERSON,Manufacturer#4,2-HIGH,1,HOUSEHOLD,SHIP,2,0.02,8,Brand#44,MED BAG,6,8,3,12185.0456
O,P,N,COLLECT COD,Manufacturer#1,2-HIGH,1,HOUSEHOLD,REG AIR,3,0.02,21,Brand#14,MED BOX,1,17,1,23339.589
F,P,R,TAKE BACK RETURN,Manufacturer#2,2-HIGH,1,HOUSEHOLD,RAIL,5,0.01,9,Brand#22,SM DRUM,42,14,4,16758.3234
O,O,N,TAKE BACK RETURN,Manufacturer#2,1-URGENT,0,HOUSEHOLD,SHIP,1,0.03,12,Brand#22,LG PACK,19,27,0,30971.4678
O,O,N,COLLECT COD,Manufacturer#5,1-URGENT,0,HOUSEHOLD,SHIP,1,0,8,Brand#51,LG PACK,42,23,3,40836.776
O,O,N,TAKE BACK RETURN,Manufacturer#5,3-MEDIUM,3,FURNITURE,FOB,1,0.02,9,Brand#55,JUMBO PACK,1,22,4,18077.598
O,O,N,DELIVER IN PERSON,Manufacturer#4,3-MEDIUM,3,FURNITURE,FOB,3,0.05,18,Brand#44,SM BAG,23,29,2,51330.0348
F,F,A,TAKE BACK RETURN,Manufacturer#5,5-LOW,2,HOUSEHOLD,SHIP,1,0.08,8,Brand#54,WRAP CAN,13,46,3,40406.8416
F,F,A,NONE,Manufacturer#5,5-LOW,2,HOUSEHOLD,SHIP,2,0.05,9,Brand#55,JUMBO CASE,35,15,4,25598.31
O,O,N,COLLECT COD,Manufacturer#4,5-LOW,4,HOUSEHOLD,AIR,6,0.06,12,Brand#42,MED CAN,11,26,0,34486.92
O,O,N,DELIVER IN PERSON,Manufacturer#5,5-LOW,4,HOUSEHOLD,AIR,5,0.01,9,Brand#51,SM CAN,29,8,4,9410.16
O,O,N,NONE,Manufacturer#3,2-HIGH,4,BUILDING,RAIL,3,0.08,21,Brand#35,WRAP CAN,14,42,1,43949.5308
O,O,N,NONE,Manufacturer#3,2-HIGH,4,BUILDING,TRUCK,2,0.06,8,Brand#35,LG JAR,14,42,3,43924.3056
O,O,N,COLLECT COD,Manufacturer#1,5-LOW,1,BUILDING,FOB,1,0.04,18,Brand#11,WRAP CAN,49,7,2,9424.8
O,O,N,TAKE BACK RETURN,Manufacturer#5,5-LOW,1,BUILDING,MAIL,6,0.05,18,Brand#52,SM PACK,10,35,2,42565.2955
O,O,N,COLLECT COD,Manufacturer#4,5-LOW,1,BUILDING,MAIL,2,0.02,9,Brand#43,LG CASE,13,2,4,2043.8984
O,O,N,TAKE BACK RETURN,Manufacturer#4,5-LOW,1,BUILDING,AIR,3,0.02,18,Brand#45,SM CAN,21,26,2,23994.152
F,F,A,NONE,Manufacturer#4,1-URGENT,3,AUTOMOBILE,RAIL,1,0.05,12,Brand#45,MED JAR,23,49,0,67561.1706
O,O,N,COLLECT COD,Manufacturer#2,5-LOW,1,AUTOMOBILE,FOB,3,0.01,18,Brand#24,MED BAG,4,6,2,5001.12
O,O,N,DELIVER IN PERSON,Manufacturer#3,5-LOW,1,AUTOMOBILE,FOB,2,0.05,21,Brand#32,LG PKG,36,26,1,30826.9104
F,F,R,TAKE BACK RETURN,Manufacturer#4,3-MEDIUM,2,HOUSEHOLD,RAIL,3,0.02,8,Brand#44,MED BAG,6,9,3,14009.4549
O,O,N,COLLECT COD,Manufacturer#1,5-LOW,2,BUILDING,MAIL,2,0.08,9,Brand#11,LG PKG,20,16,4,20407.9392
F,F,R,NONE,Manufacturer#2,1-URGENT,2,BUILDING,AIR,2,0.02,9,Brand#24,MED PKG,13,17,4,19767.8754
F,F,R,TAKE BACK RETURN,Manufacturer#5,4-NOT SPECIFIED,1,BUILDING,MAIL,1,0.08,12,Brand#51,LG PACK,18,8,0,10848.0768
F,F,A,DELIVER IN PERSON,Manufacturer#3,1-URGENT,2,BUILDING,SHIP,2,0.06,18,Brand#35,MED BAG,44,14,2,25801.16
F,F,R,COLLECT COD,Manufacturer#5,1-URGENT,2,BUILDING,RAIL,3,0.02,12,Brand#52,SM CASE,48,25,0,36666.455
O,O,N,COLLECT COD,Manufacturer#5,3-MEDIUM,2,HOUSEHOLD,FOB,1,0.04,21,Brand#53,LG DRUM,9,4,1,6386.926
O,O,N,COLLECT COD,Manufacturer#3,3-MEDIUM,2,HOUSEHOLD,AIR,2,0.02,9,Brand#32,JUMBO CASE,40,46,4,81828.02
O,O,N,NONE,Manufacturer#3,5-LOW,2,AUTOMOBILE,FOB,3,0.04,18,Brand#35,MED BAG,44,8,2,14743.52
O,O,N,COLLECT COD,Manufacturer#5,5-LOW,2,AUTOMOBILE,TRUCK,5,0,21,Brand#51,WRAP CASE,1,18,1,25321.0914
O,O,N,TAKE BACK RETURN,Manufacturer#4,5-LOW,2,AUTOMOBILE,TRUCK,7,0.05,12,Brand#41,MED CASE,40,7,0,7283.0135
O,O,N,COLLECT COD,Manufacturer#4,5-LOW,2,AUTOMOBILE,MAIL,1,0.03,9,Brand#43,MED BAG,4,34,4,57904.4956
O,O,N,TAKE BACK RETURN,Manufacturer#1,5-LOW,0,MACHINERY,FOB,3,0.02,18,Brand#12,JUMBO DRUM,17,48,2,57911.8656
O,O,N,TAKE BACK RETURN,Manufacturer#1,2-HIGH,1,MACHINERY,REG AIR,1,0.06,18,Brand#15,LG JAR,2,30,2,39381.129
F,F,A,DELIVER IN PERSON,Manufacturer#3,1-URGENT,2,FURNITURE,REG AIR,5,0.01,9,Brand#34,LG JAR,10,30,4,49650.132
F,F,R,NONE,Manufacturer#3,1-URGENT,2,FURNITURE,MAIL,6,0.07,8,Brand#33,WRAP CAN,6,19,3,27851.112
F,F,R,DELIVER IN PERSON,Manufacturer#5,2-HIGH,1,BUILDING,RAIL,3,0,21,Brand#51,JUMBO CAN,28,41,1,68056.4822
O,O,N,DELIVER IN PERSON,Manufacturer#1,3-MEDIUM,0,HOUSEHOLD,AIR,4,0.02,8,Brand#14,SM BOX,8,41,3,48689.8944
O,O,N,COLLECT COD,Manufacturer#2,3-MEDIUM,0,HOUSEHOLD,REG AIR,2,0.02,12,Brand#25,LG DRUM,25,22,0,18742.6448
O,O,N,NONE,Manufacturer#1,5-LOW,4,BUILDING,RAIL,2,0.03,9,Brand#13,LG PACK,1,35,4,47866.728
F,F,R,DELIVER IN PERSON,Manufacturer#1,2-HIGH,1,AUTOMOBILE,TRUCK,4,0.02,21,Brand#14,MED BOX,1,24,1,33651.072
O,O,N,NONE,Manufacturer#5,2-HIGH,2,MACHINERY,REG AIR,7,0.04,9,Brand#54,LG CAN,30,12,4,20601.756
O,O,N,NONE,Manufacturer#3,2-HIGH,2,MACHINERY,MAIL,6,0,21,Brand#32,WRAP PKG,38,20,1,20947.692
F,F,R,TAKE BACK RETURN,Manufacturer#5,3-MEDIUM,4,HOUSEHOLD,SHIP,3,0.05,18,Brand#51,LG PKG,8,4,2,4985.36
O,O,N,NONE,Manufacturer#3,2-HIGH,4,MACHINERY,REG AIR,1,0.04,8,Brand#34,SM CASE,21,21,3,34087.4268
F,F,R,TAKE BACK RETURN,Manufacturer#3,1-URGENT,4,AUTOMOBILE,AIR,1,0.06,9,Brand#33,MED CASE,10,44,4,65028.1016
F,F,A,TAKE BACK RETURN,Manufacturer#5,2-HIGH,0,MACHINERY,SHIP,3,0.06,21,Brand#52,LG BOX,45,31,1,27451.0456
O,O,N,NONE,Manufacturer#2,4-NOT SPECIFIED,4,HOUSEHOLD,FOB,6,0.05,9,Brand#21,MED PACK,48,30,4,37631.496
O,O,N,DELIVER IN PERSON,Manufacturer#2,4-NOT SPECIFIED,4,HOUSEHOLD,REG AIR,3,0.05,21,Brand#23,JUMBO PKG,39,48,1,53872.0896
O,O,N,NONE,Manufacturer#3,4-NOT SPECIFIED,4,HOUSEHOLD,FOB,5,0.07,8,Brand#35,MED BAG,43,8,3,13353.9816
F,F,A,NONE,Manufacturer#5,4-NOT SPECIFIED,2,MACHINERY,RAIL,3,0.07,12,Brand#52,WRAP PACK,36,43,0,63406.51
F,F,A,NONE,Manufacturer#3,4-NOT SPECIFIED,2,MACHINERY,FOB,6,0.07,21,Brand#35,MED JAR,7,29,1,45350.3972
F,F,A,TAKE BACK RETURN,Manufacturer#5,4-NOT SPECIFIED,2,MACHINERY,AIR,4,0.05,8,Brand#52,LG BAG,32,26,3,26286.624
F,F,R,COLLECT COD,Manufacturer#3,4-NOT SPECIFIED,4,HOUSEHOLD,FOB,4,0.04,8,Brand#31,MED CAN,44,38,3,57099.1914
F,F,R,NONE,Manufacturer#4,4-NOT SPECIFIED,4,HOUSEHOLD,AIR,1,0.05,8,Brand#44,MED PACK,44,7,3,12142.368
O,O,N,COLLECT COD,Manufacturer#2,1-URGENT,2,BUILDING,RAIL,3,0.04,12,Brand#21,SM CASE,25,17,0,23358.2499
F,F,R,NONE,Manufacturer#4,2-HIGH,4,AUTOMOBILE,RAIL,3,0.02,12,Brand#44,LG CAN,36,13,0,12340.3462
F,F,R,TAKE BACK RETURN,Manufacturer#5,5-LOW,2,MACHINERY,TRUCK,1,0.04,18,Brand#54,LG CAN,49,40,2,40400.08
F,F,A,NONE,Manufacturer#5,5-LOW,2,MACHINERY,FOB,2,0.01,12,Brand#51,SM PACK,30,23,0,34004.718
O,O,N,COLLECT COD,Manufacturer#2,4-NOT SPECIFIED,1,BUILDING,SHIP,4,0.01,18,Brand#25,MED DRUM,10,31,2,34226.5761
O,O,N,DELIVER IN PERSON,Manufacturer#3,3-MEDIUM,3,AUTOMOBILE,SHIP,7,0,21,Brand#33,JUMBO PKG,10,14,1,16131.8976
O,O,N,COLLECT COD,Manufacturer#4,3-MEDIUM,3,AUTOMOBILE,RAIL,1,0.08,9,Brand#43,MED DRUM,43,41,4,38706.1443
O,O,N,DELIVER IN PERSON,Manufacturer#4,3-MEDIUM,3,AUTOMOBILE,REG AIR,3,0.02,21,Brand#44,LG CAN,25,19,1,31308.6997
F,F,R,COLLECT COD,Manufacturer#4,2-HIGH,4,BUILDING,FOB,1,0.01,21,Brand#43,LG DRUM,19,39,1,34160.841
F,F,R,TAKE BACK RETURN,Manufacturer#4,2-HIGH,4,BUILDING,RAIL,3,0.08,9,Brand#43,LG PACK,44,49,4,63616.4991
O,O,N,NONE,Manufacturer#2,3-MEDIUM,4,FURNITURE,REG AIR,4,0.05,12,Brand#25,SM PACK,21,10,0,15905.344
F,F,A,COLLECT COD,Manufacturer#1,4-NOT SPECIFIED,1,HOUSEHOLD,TRUCK,1,0.02,9,Brand#13,WRAP BOX,5,31,4,32622.354
F,F,R,DELIVER IN PERSON,Manufacturer#3,4-NOT SPECIFIED,1,HOUSEHOLD,TRUCK,4,0.07,8,Brand#31,JUMBO DRUM,48,20,3,23094.092
O,O,N,NONE,Manufacturer#2,5-LOW,0,BUILDING,SHIP,1,0.04,21,Brand#23,WRAP DRUM,12,25,1,23087.7
O,O,N,COLLECT COD,Manufacturer#3,5-LOW,0,BUILDING,FOB,3,0.04,21,Brand#35,LG JAR,38,48,1,70300.5696
O,O,N,DELIVER IN PERSON,Manufacturer#4,3-MEDIUM,0,BUILDING,FOB,3,0.03,8,Brand#41,LG CASE,45,28,3,48454.0448
O,O,N,TAKE BACK RETURN,Manufacturer#4,2-HIGH,1,AUTOMOBILE,RAIL,2,0.04,21,Brand#41,JUMBO CAN,34,28,1,46119.878
O,O,N,DELIVER IN PERSON,Manufacturer#4,1-URGENT,1,BUILDING,FOB,3,0.04,12,Brand#45,LG DRUM,46,35,0,61818.113
O,P,N,COLLECT COD,Manufacturer#1,3-MEDIUM,0,AUTOMOBILE,FOB,4,0.05,9,Brand#14,LG CAN,41,4,4,5580.1984
O,P,N,NONE,Manufacturer#4,3-MEDIUM,0,AUTOMOBILE,SHIP,1,0.07,8,Brand#45,MED BOX,34,5,3,5675.397
O,O,N,COLLECT COD,Manufacturer#3,2-HIGH,4,HOUSEHOLD,MAIL,1,0,18,Brand#31,WRAP PKG,11,46,2,52660.4688
F,F,A,COLLECT COD,Manufacturer#5,3-MEDIUM,0,BUILDING,RAIL,2,0.02,9,Brand#52,LG BAG,32,7,4,6634.845
F,F,R,COLLECT COD,Manufacturer#5,3-MEDIUM,0,BUILDING,REG AIR,4,0.08,9,Brand#55,LG JAR,38,15,4,19557.6975
F,F,R,NONE,Manufacturer#4,3-MEDIUM,0,BUILDING,TRUCK,3,0,21,Brand#43,SM CASE,23,15,1,20256.75
F,F,A,COLLECT COD,Manufacturer#1,1-URGENT,1,HOUSEHOLD,TRUCK,3,0.01,8,Brand#13,SM BAG,29,50,3,81614.83
F,F,R,DELIVER IN PERSON,Manufacturer#5,1-URGENT,1,HOUSEHOLD,SHIP,1,0.05,9,Brand#55,WRAP PACK,50,30,4,44842.272
F,F,R,NONE,Manufacturer#1,3-MEDIUM,1,MACHINERY,FOB,3,0.08,21,Brand#15,MED BAG,30,27,1,35839.9674
F,F,R,COLLECT COD,Manufacturer#3,3-MEDIUM,1,MACHINERY,RAIL,1,0.07,21,Brand#33,MED DRUM,40,16,1,26643.6352
F,F,R,COLLECT COD,Manufacturer#5,1-URGENT,3,FURNITURE,MAIL,2,0.08,18,Brand#55,LG JAR,38,2,2,2662.5918
F,F,A,COLLECT COD,Manufacturer#3,3-MEDIUM,4,AUTOMOBILE,REG AIR,5,0.06,8,Brand#33,SM PKG,6,36,3,52635.492
F,F,R,TAKE BACK RETURN,Manufacturer#2,4-NOT SPECIFIED,4,HOUSEHOLD,SHIP,6,0.08,8,Brand#25,LG DRUM,25,46,3,40041.1048
F,F,A,COLLECT COD,Manufacturer#1,4-NOT SPECIFIED,4,HOUSEHOLD,TRUCK,1,0.03,18,Brand#15,JUMBO DRUM,8,40,2,37985.4
F,F,R,TAKE BACK RETURN,Manufacturer#4,4-NOT SPECIFIED,4,HOUSEHOLD,MAIL,4,0,8,Brand#44,LG DRUM,18,20,3,23014.89
F,F,R,TAKE BACK RETURN,Manufacturer#1,5-LOW,1,BUILDING,SHIP,3,0.06,8,Brand#11,WRAP CASE,3,27,3,23264.55
F,F,A,DELIVER IN PERSON,Manufacturer#1,2-HIGH,1,AUTOMOBILE,REG AIR,2,0.08,8,Brand#14,MED BAG,18,2,3,1778.253
O,P,N,DELIVER IN PERSON,Manufacturer#5,2-HIGH,3,HOUSEHOLD,REG AIR,2,0.06,21,Brand#55,SM CAN,43,38,1,52005.2876
F,P,N,DELIVER IN PERSON,Manufacturer#5,2-HIGH,3,HOUSEHOLD,REG AIR,3,0.08,18,Brand#53,SM BOX,45,9,2,9080.4222
F,P,A,COLLECT COD,Manufacturer#3,2-HIGH,3,HOUSEHOLD,TRUCK,4,0.03,18,Brand#32,JUMBO DRUM,33,25,2,37263.6
F,F,A,DELIVER IN PERSON,Manufacturer#4,5-LOW,4,HOUSEHOLD,RAIL,1,0.08,8,Brand#45,LG CASE,45,42,3,58425.192
F,F,A,COLLECT COD,Manufacturer#4,3-MEDIUM,4,BUILDING,AIR,5,0.03,21,Brand#41,SM PACK,24,13,1,16010.982
F,F,R,DELIVER IN PERSON,Manufacturer#1,3-MEDIUM,4,BUILDING,REG AIR,4,0.04,9,Brand#11,JUMBO CASE,20,15,4,14318.364
F,F,R,DELIVER IN PERSON,Manufacturer#2,3-MEDIUM,4,BUILDING,RAIL,7,0.05,18,Brand#23,WRAP JAR,50,24,2,26661.528
O,O,N,TAKE BACK RETURN,Manufacturer#3,2-HIGH,0,FURNITURE,TRUCK,3,0.06,18,Brand#31,MED CAN,44,13,2,18903.807
O,O,N,DELIVER IN PERSON,Manufacturer#1,2-HIGH,0,FURNITURE,AIR,1,0.08,21,Brand#13,WRAP DRUM,19,25,1,27404.75
O,O,N,TAKE BACK RETURN,Manufacturer#5,2-HIGH,0,FURNITURE,SHIP,4,0.07,8,Brand#53,LG DRUM,35,42,3,42172.2
O,O,N,COLLECT COD,Manufacturer#3,2-HIGH,1,AUTOMOBILE,AIR,1,0.03,8,Brand#35,JUMBO DRUM,21,20,3,27008.88
O,O,N,NONE,Manufacturer#4,1-URGENT,4,BUILDING,MAIL,5,0.01,18,Brand#41,JUMBO JAR,37,49,2,84250.845
O,O,N,DELIVER IN PERSON,Manufacturer#5,1-URGENT,4,BUILDING,AIR,7,0.04,12,Brand#55,MED CASE,31,27,0,41750.5752
O,O,N,NONE,Manufacturer#1,1-URGENT,4,BUILDING,TRUCK,1,0.02,12,Brand#15,JUMBO JAR,3,4,0,5137.6644
F,F,R,NONE,Manufacturer#2,5-LOW,1,HOUSEHOLD,FOB,3,0.01,21,Brand#23,LG PACK,13,17,1,25131.2666
O,O,N,TAKE BACK RETURN,Manufacturer#3,3-MEDIUM,3,FURNITURE,MAIL,6,0,12,Brand#34,LG CASE,20,32,0,38979.36
O,O,N,NONE,Manufacturer#1,3-MEDIUM,3,FURNITURE,AIR,7,0,18,Brand#11,JUMBO CASE,27,32,2,30107.4816
O,O,N,TAKE BACK RETURN,Manufacturer#3,4-NOT SPECIFIED,3,MACHINERY,RAIL,1,0.08,9,Brand#35,SM CAN,24,12,4,18841.7844
O,O,N,TAKE BACK RETURN,Manufacturer#3,4-NOT SPECIFIED,3,MACHINERY,SHIP,4,0.07,18,Brand#33,MED BAG,31,48,2,43324.7808
O,O,N,DELIVER IN PERSON,Manufacturer#3,5-LOW,3,FURNITURE,SHIP,3,0.04,21,Brand#31,LG CAN,37,27,1,47978.2467
O,O,N,TAKE BACK RETURN,Manufacturer#5,5-LOW,3,FURNITURE,SHIP,2,0.07,21,Brand#53,SM CAN,36,14,1,18873.0108
F,F,A,NONE,Manufacturer#4,1-URGENT,0,HOUSEHOLD,REG AIR,2,0.04,18,Brand#45,WRAP CAN,11,20,2,31972.82
F,F,A,COLLECT COD,Manufacturer#4,1-URGENT,0,HOUSEHOLD,AIR,3,0.07,9,Brand#43,JUMBO BAG,43,7,4,11359.04
F,F,R,NONE,Manufacturer#2,1-URGENT,0,HOUSEHOLD,MAIL,4,0,21,Brand#21,WRAP BAG,37,22,1,26585.5194
F,F,A,NONE,Manufacturer#1,3-MEDIUM,3,BUILDING,TRUCK,6,0.04,9,Brand#11,LG JAR,40,26,4,27293.4116
O,O,N,TAKE BACK RETURN,Manufacturer#4,1-URGENT,0,MACHINERY,FOB,1,0,12,Brand#41,JUMBO PACK,44,37,0,41247.9552
O,O,N,TAKE BACK RETURN,Manufacturer#1,3-MEDIUM,1,FURNITURE,RAIL,1,0,21,Brand#14,MED BOX,1,2,1,2775.045
F,F,A,NONE,Manufacturer#1,3-MEDIUM,0,FURNITURE,FOB,7,0,12,Brand#11,WRAP JAR,20,20,0,31318.924
F,F,A,TAKE BACK RETURN,Manufacturer#3,3-MEDIUM,0,FURNITURE,SHIP,6,0.02,9,Brand#33,MED BAG,29,4,4,4403.0224
F,F,R,DELIVER IN PERSON,Manufacturer#3,3-MEDIUM,0,FURNITURE,REG AIR,2,0.04,21,Brand#31,JUMBO DRUM,23,20,1,20884.61
F,F,A,NONE,Manufacturer#3,5-LOW,4,FURNITURE,MAIL,1,0.06,12,Brand#33,WRAP CASE,17,34,0,49814.454
F,F,A,TAKE BACK RETURN,Manufacturer#3,5-LOW,4,FURNITURE,REG AIR,3,0.02,8,Brand#31,SM JAR,24,35,3,43713.1695
O,O,N,NONE,Manufacturer#3,2-HIGH,3,AUTOMOBILE,SHIP,3,0.07,9,Brand#32,LG JAR,42,1,4,1223.4404
O,O,N,DELIVER IN PERSON,Manufacturer#5,2-HIGH,3,AUTOMOBILE,SHIP,4,0.02,9,Brand#51,SM DRUM,18,13,4,18423.7911
O,O,N,COLLECT COD,Manufacturer#2,5-LOW,1,AUTOMOBILE,FOB,6,0.07,12,Brand#23,WRAP BAG,29,41,0,41149.1416
O,O,N,TAKE BACK RETURN,Manufacturer#5,5-LOW,1,AUTOMOBILE,AIR,7,0.01,18,Brand#53,SM BOX,45,3,2,2933.1948
O,O,N,TAKE BACK RETURN,Manufacturer#1,5-LOW,1,AUTOMOBILE,MAIL,3,0.08,8,Brand#11,LG PKG,12,48,3,71529.4944
O,O,N,COLLECT COD,Manufacturer#5,5-LOW,1,AUTOMOBILE,FOB,4,0.07,9,Brand#52,SM BOX,2,9,4,8111.0322
F,F,R,COLLECT COD,Manufacturer#4,5-LOW,2,HOUSEHOLD,MAIL,1,0.08,18,Brand#44,MED BAG,12,7,2,11481.7472
F,F,A,NONE,Manufacturer#1,5-LOW,2,HOUSEHOLD,REG AIR,2,0,8,Brand#12,MED DRUM,2,23,3,28430.829
F,F,A,NONE,Manufacturer#1,4-NOT SPECIFIED,3,FURNITURE,SHIP,2,0.08,8,Brand#12,MED PACK,48,31,3,53920.5506
F,F,A,NONE,Manufacturer#1,4-NOT SPECIFIED,3,FURNITURE,FOB,4,0.08,9,Brand#13,MED BAG,12,30,4,50597.28
F,F,R,NONE,Manufacturer#2,4-NOT SPECIFIED,3,FURNITURE,AIR,5,0.05,21,Brand#23,SM PACK,36,43,1,58968.0543
O,O,N,COLLECT COD,Manufacturer#1,3-MEDIUM,2,AUTOMOBILE,FOB,1,0.08,8,Brand#13,LG JAR,11,36,3,59931.36
F,F,R,COLLECT COD,Manufacturer#1,5-LOW,0,HOUSEHOLD,AIR,6,0.05,21,Brand#12,JUMBO DRUM,12,7,1,6674.0058
O,O,N,TAKE BACK RETURN,Manufacturer#3,4-NOT SPECIFIED,0,BUILDING,AIR,4,0.03,21,Brand#31,LG JAR,32,11,1,13306.0774
O,O,N,TAKE BACK RETURN,Manufacturer#2,2-HIGH,0,MACHINERY,MAIL,2,0.03,21,Brand#23,JUMBO PKG,39,15,1,16147.884
O,O,N,DELIVER IN PERSON,Manufacturer#1,4-NOT SPECIFIED,2,FURNITURE,FOB,1,0.04,9,Brand#13,JUMBO JAR,26,43,4,52731.889
O,O,N,NONE,Manufacturer#3,4-NOT SPECIFIED,2,FURNITURE,REG AIR,4,0.04,12,Brand#32,LG DRUM,26,22,0,29987.1792
O,O,N,TAKE BACK RETURN,Manufacturer#4,3-MEDIUM,0,AUTOMOBILE,SHIP,3,0.08,12,Brand#41,WRAP PKG,26,10,0,11033.468
O,O,N,DELIVER IN PERSON,Manufacturer#3,3-MEDIUM,0,AUTOMOBILE,AIR,1,0.05,18,Brand#31,SM JAR,2,22,2,29115.24
O,O,N,DELIVER IN PERSON,Manufacturer#5,5-LOW,3,HOUSEHOLD,SHIP,1,0.04,21,Brand#52,SM PKG,50,21,1,36340.3404
O,O,N,COLLECT COD,Manufacturer#4,5-LOW,3,HOUSEHOLD,AIR,3,0,18,Brand#42,WRAP BAG,13,18,2,25383.1032
O,O,N,TAKE BACK RETURN,Manufacturer#2,5-LOW,1,BUILDING,SHIP,1,0,21,Brand#22,SM CASE,42,28,1,40447.12
O,O,N,COLLECT COD,Manufacturer#3,2-HIGH,4,AUTOMOBILE,RAIL,7,0.04,12,Brand#33,LG PKG,12,24,0,29515.536
O,O,N,NONE,Manufacturer#3,2-HIGH,4,AUTOMOBILE,MAIL,4,0.04,18,Brand#35,SM BAG,30,14,2,15577.891
O,O,N,TAKE BACK RETURN,Manufacturer#1,1-URGENT,1,AUTOMOBILE,RAIL,5,0.06,18,Brand#12,LG JAR,39,30,2,43350.216
O,O,N,TAKE BACK RETURN,Manufacturer#3,1-URGENT,1,AUTOMOBILE,SHIP,1,0.01,21,Brand#34,SM PACK,48,20,1,23785.6
O,O,N,COLLECT COD,Manufacturer#1,4-NOT SPECIFIED,3,HOUSEHOLD,MAIL,1,0.07,8,Brand#14,WRAP CASE,49,49,3,76241.7117
F,F,R,DELIVER IN PERSON,Manufacturer#5,4-NOT SPECIFIED,4,MACHINERY,TRUCK,2,0.08,9,Brand#53,SM CAN,37,37,4,62251.5306
O,O,N,TAKE BACK RETURN,Manufacturer#3,1-URGENT,4,HOUSEHOLD,REG AIR,2,0.08,9,Brand#33,JUMBO BOX,18,9,4,14709.6432
O,O,N,TAKE BACK RETURN,Manufacturer#4,3-MEDIUM,3,AUTOMOBILE,FOB,2,0.02,21,Brand#45,WRAP BAG,8,39,1,63842.6061
F,F,A,DELIVER IN PERSON,Manufacturer#2,2-HIGH,0,MACHINERY,AIR,1,0,8,Brand#23,WRAP BAG,29,35,3,34051.99
O,O,N,TAKE BACK RETURN,Manufacturer#2,3-MEDIUM,4,BUILDING,FOB,5,0.02,18,Brand#25,SM PACK,28,13,2,19013.5803
O,O,N,TAKE BACK RETURN,Manufacturer#1,3-MEDIUM,4,BUILDING,TRUCK,6,0.04,9,Brand#14,SM CAN,38,6,4,9013.0848
O,O,N,COLLECT COD,Manufacturer#5,5-LOW,3,AUTOMOBILE,MAIL,2,0.02,18,Brand#51,LG BOX,48,3,2,3295.4112
O,O,N,TAKE BACK RETURN,Manufacturer#4,5-LOW,3,AUTOMOBILE,SHIP,5,0.03,9,Brand#45,MED BOX,34,19,4,21566.5086
O,O,N,DELIVER IN PERSON,Manufacturer#2,5-LOW,3,AUTOMOBILE,TRUCK,6,0.03,18,Brand#22,MED CASE,49,21,2,34018.1352
F,F,A,COLLECT COD,Manufacturer#4,1-URGENT,4,HOUSEHOLD,SHIP,3,0.01,18,Brand#42,WRAP BAG,13,39,2,56809.8024
F,F,R,TAKE BACK RETURN,Manufacturer#5,1-URGENT,4,HOUSEHOLD,MAIL,5,0.02,12,Brand#54,SM BAG,1,50,0,83702.27
O,O,N,COLLECT COD,Manufacturer#1,5-LOW,4,HOUSEHOLD,RAIL,3,0.06,21,Brand#13,SM CASE,49,24,1,24115.5552
O,O,N,DELIVER IN PERSON,Manufacturer#5,2-HIGH,1,AUTOMOBILE,FOB,2,0.03,21,Brand#52,MED BAG,26,43,1,43483.9564
F,F,A,NONE,Manufacturer#4,4-NOT SPECIFIED,4,BUILDING,TRUCK,4,0.04,9,Brand#42,JUMBO CASE,6,2,4,3056.022
F,F,A,TAKE BACK RETURN,Manufacturer#1,4-NOT SPECIFIED,4,BUILDING,AIR,7,0.03,12,Brand#14,WRAP BAG,25,6,0,5982.174
F,F,A,TAKE BACK RETURN,Manufacturer#4,4-NOT SPECIFIED,4,BUILDING,RAIL,6,0.07,18,Brand#44,MED BAG,12,3,2,4813.776
F,F,A,NONE,Manufacturer#5,4-NOT SPECIFIED,4,BUILDING,MAIL,2,0.08,8,Brand#51,SM PKG,20,42,3,43197.3906
O,O,N,TAKE BACK RETURN,Manufacturer#4,1-URGENT,0,AUTOMOBILE,AIR,2,0.06,18,Brand#44,MED JAR,10,42,2,45569.79
O,O,N,NONE,Manufacturer#1,1-URGENT,0,AUTOMOBILE,REG AIR,1,0.02,9,Brand#13,WRAP BOX,5,47,4,49459.698
F,F,A,DELIVER IN PERSON,Manufacturer#5,5-LOW,3,FURNITURE,SHIP,5,0.08,9,Brand#52,MED BAG,4,38,4,38893.5168
F,F,R,TAKE BACK RETURN,Manufacturer#5,5-LOW,3,FURNITURE,MAIL,2,0.01,18,Brand#52,WRAP CASE,36,32,2,56821.4976
O,O,N,DELIVER IN PERSON,Manufacturer#4,3-MEDIUM,0,MACHINERY,RAIL,3,0.05,12,Brand#42,LG BOX,17,25,0,22088.2125
F,F,R,NONE,Manufacturer#5,3-MEDIUM,2,AUTOMOBILE,TRUCK,3,0.04,18,Brand#53,LG JAR,26,4,2,6365.7776
F,F,R,COLLECT COD,Manufacturer#3,2-HIGH,3,MACHINERY,REG AIR,5,0.03,21,Brand#32,WRAP BOX,46,10,1,10671.6
F,F,A,TAKE BACK RETURN,Manufacturer#3,2-HIGH,3,MACHINERY,FOB,1,0.02,9,Brand#35,MED CAN,7,6,4,5578.4112
F,F,A,DELIVER IN PERSON,Manufacturer#1,4-NOT SPECIFIED,2,FURNITURE,SHIP,1,0.03,8,Brand#13,MED JAR,38,23,3,31200.3119
F,F,R,COLLECT COD,Manufacturer#1,2-HIGH,3,BUILDING,TRUCK,3,0.07,18,Brand#14,WRAP CASE,16,21,2,27606.8352
O,O,N,DELIVER IN PERSON,Manufacturer#5,5-LOW,0,AUTOMOBILE,RAIL,3,0,18,Brand#52,SM JAR,28,11,2,15130.17
F,F,A,DELIVER IN PERSON,Manufacturer#2,5-LOW,4,BUILDING,TRUCK,1,0.04,8,Brand#25,JUMBO CASE,1,21,3,33887.91
F,F,A,NONE,Manufacturer#5,2-HIGH,1,MACHINERY,AIR,2,0.08,18,Brand#52,WRAP PACK,27,1,2,1208.2572
F,F,A,DELIVER IN PERSON,Manufacturer#2,2-HIGH,1,MACHINERY,SHIP,3,0.07,12,Brand#21,WRAP BOX,19,10,0,18089
F,F,A,DELIVER IN PERSON,Manufacturer#2,1-URGENT,0,FURNITURE,MAIL,5,0.07,12,Brand#21,JUMBO DRUM,13,15,0,25148.76
F,F,A,TAKE BACK RETURN,Manufacturer#5,5-LOW,2,BUILDING,TRUCK,1,0.02,18,Brand#54,SM DRUM,23,8,2,8534.0928
O,O,N,NONE,Manufacturer#1,1-URGENT,2,AUTOMOBILE,MAIL,7,0.04,12,Brand#11,JUMBO CASE,20,5,0,4428.36
O,O,N,TAKE BACK RETURN,Manufacturer#3,1-URGENT,2,AUTOMOBILE,REG AIR,5,0.07,21,Brand#32,WRAP CASE,20,6,1,9525.978
F,F,A,NONE,Manufacturer#5,2-HIGH,4,BUILDING,MAIL,4,0.02,12,Brand#55,LG BAG,45,29,0,46300.9041
F,F,R,DELIVER IN PERSON,Manufacturer#4,2-HIGH,4,BUILDING,AIR,2,0.05,8,Brand#41,MED CAN,8,33,3,49033.1061
F,F,R,NONE,Manufacturer#5,2-HIGH,4,BUILDING,AIR,6,0.05,18,Brand#52,MED PKG,32,18,2,20239.5456
O,O,N,DELIVER IN PERSON,Manufacturer#1,4-NOT SPECIFIED,1,MACHINERY,SHIP,4,0,8,Brand#11,SM CAN,44,22,3,37456.8194
O,O,N,COLLECT COD,Manufacturer#3,4-NOT SPECIFIED,1,MACHINERY,AIR,1,0.07,8,Brand#33,WRAP BAG,11,23,3,36243.0596
O,O,N,DELIVER IN PERSON,Manufacturer#4,2-HIGH,1,MACHINERY,AIR,2,0.04,21,Brand#43,LG PKG,15,34,1,39482.84
O,O,N,TAKE BACK RETURN,Manufacturer#3,2-HIGH,1,MACHINERY,SHIP,3,0.04,21,Brand#32,MED BAG,43,29,1,40725.4221
O,O,N,DELIVER IN PERSON,Manufacturer#4,3-MEDIUM,1,MACHINERY,AIR,1,0.04,21,Brand#42,WRAP BOX,1,2,1,3170.644
O,O,N,DELIVER IN PERSON,Manufacturer#3,1-URGENT,3,AUTOMOBILE,AIR,1,0.03,9,Brand#35,JUMBO CASE,32,24,4,28748.9664
F,F,R,TAKE BACK RETURN,Manufacturer#1,2-HIGH,0,HOUSEHOLD,REG AIR,2,0.08,9,Brand#13,WRAP CAN,33,28,4,24293.8864
F,F,R,TAKE BACK RETURN,Manufacturer#4,2-HIGH,0,HOUSEHOLD,SHIP,3,0.08,12,Brand#41,MED CASE,40,44,0,47706.4764
F,F,R,COLLECT COD,Manufacturer#5,2-HIGH,0,HOUSEHOLD,RAIL,1,0.03,9,Brand#51,WRAP BAG,19,11,4,16078.8672
F,F,R,DELIVER IN PERSON,Manufacturer#3,1-URGENT,0,MACHINERY,FOB,4,0.06,18,Brand#31,JUMBO BOX,24,37,2,60670.01
F,F,A,DELIVER IN PERSON,Manufacturer#4,1-URGENT,0,MACHINERY,TRUCK,1,0.08,8,Brand#41,WRAP CASE,50,27,3,35134.1793
O,O,N,COLLECT COD,Manufacturer#4,4-NOT SPECIFIED,1,AUTOMOBILE,FOB,1,0.01,8,Brand#41,MED CAN,8,14,3,20801.9238
F,F,A,DELIVER IN PERSON,Manufacturer#4,3-MEDIUM,2,FURNITURE,TRUCK,5,0,9,Brand#42,JUMBO DRUM,13,44,4,60044.1688
F,F,A,COLLECT COD,Manufacturer#3,3-MEDIUM,2,FURNITURE,REG AIR,6,0.03,12,Brand#34,LG CASE,20,9,0,10962.945
F,F,A,NONE,Manufacturer#1,3-MEDIUM,2,FURNITURE,FOB,2,0.05,21,Brand#12,JUMBO DRUM,12,20,1,18683.364
F,F,R,COLLECT COD,Manufacturer#3,3-MEDIUM,2,FURNITURE,TRUCK,3,0.07,21,Brand#33,LG BAG,4,29,1,28422.842
F,F,A,NONE,Manufacturer#4,1-URGENT,0,HOUSEHOLD,SHIP,1,0.05,12,Brand#42,WRAP DRUM,28,11,0,14865.95
F,F,A,TAKE BACK RETURN,Manufacturer#3,1-URGENT,0,HOUSEHOLD,RAIL,3,0.02,9,Brand#35,SM BAG,21,34,4,32848.692
F,F,R,NONE,Manufacturer#5,4-NOT SPECIFIED,3,MACHINERY,RAIL,5,0.01,21,Brand#53,LG BAG,2,1,1,911.0975
F,F,R,TAKE BACK RETURN,Manufacturer#4,4-NOT SPECIFIED,1,HOUSEHOLD,AIR,1,0.02,12,Brand#43,JUMBO CAN,37,13,0,15665.9074
F,F,A,COLLECT COD,Manufacturer#5,4-NOT SPECIFIED,1,AUTOMOBILE,FOB,3,0,8,Brand#54,LG BAG,10,18,3,22147.8408
F,F,R,DELIVER IN PERSON,Manufacturer#2,2-HIGH,0,FURNITURE,AIR,7,0,8,Brand#24,WRAP DRUM,6,14,3,23916.8286
F,F,A,COLLECT COD,Manufacturer#5,2-HIGH,0,FURNITURE,SHIP,5,0,12,Brand#51,LG PACK,18,34,0,43222.806
F,F,A,NONE,Manufacturer#3,1-URGENT,2,MACHINERY,REG AIR,5,0.05,21,Brand#35,JUMBO PKG,38,24,1,33251.8824
F,F,A,COLLECT COD,Manufacturer#5,4-NOT SPECIFIED,3,BUILDING,RAIL,1,0.03,9,Brand#52,SM DRUM,32,7,4,12129.068
O,O,N,COLLECT COD,Manufacturer#5,1-URGENT,4,FURNITURE,TRUCK,2,0.05,18,Brand#52,WRAP PKG,36,17,2,18204.603
O,O,N,DELIVER IN PERSON,Manufacturer#5,1-URGENT,4,FURNITURE,MAIL,5,0.05,21,Brand#51,SM CAN,15,17,1,26889.4899
F,F,R,DELIVER IN PERSON,Manufacturer#2,1-URGENT,0,BUILDING,FOB,2,0.07,18,Brand#21,MED PACK,24,32,2,34568.8992
O,O,N,COLLECT COD,Manufacturer#1,1-URGENT,4,FURNITURE,SHIP,2,0.04,18,Brand#15,JUMBO DRUM,8,42,2,41214.159
O,O,N,DELIVER IN PERSON,Manufacturer#2,1-URGENT,4,FURNITURE,RAIL,1,0.06,9,Brand#23,JUMBO BAG,44,4,4,6408.79
O,O,N,DELIVER IN PERSON,Manufacturer#1,4-NOT SPECIFIED,1,FURNITURE,AIR,2,0.07,21,Brand#12,LG CASE,17,17,1,17331.6955
F,F,R,COLLECT COD,Manufacturer#1,3-MEDIUM,2,FURNITURE,TRUCK,2,0.08,21,Brand#15,SM CASE,2,34,1,44966.9108
F,F,A,TAKE BACK RETURN,Manufacturer#3,3-MEDIUM,2,FURNITURE,FOB,1,0.08,21,Brand#35,JUMBO PKG,38,15,1,20992.35
O,O,N,NONE,Manufacturer#4,5-LOW,2,MACHINERY,RAIL,3,0.01,21,Brand#45,WRAP PKG,29,32,1,37070.7616
F,F,A,NONE,Manufacturer#2,4-NOT SPECIFIED,4,AUTOMOBILE,FOB,1,0.08,9,Brand#21,MED JAR,8,29,4,29641.7758
O,O,N,COLLECT COD,Manufacturer#2,1-URGENT,0,HOUSEHOLD,SHIP,1,0.05,9,Brand#23,SM PACK,27,9,4,11867.9985
O,O,N,NONE,Manufacturer#3,4-NOT SPECIFIED,2,BUILDING,REG AIR,1,0.08,12,Brand#34,MED PKG,14,17,0,31875.8517
O,O,N,COLLECT COD,Manufacturer#4,4-NOT SPECIFIED,2,BUILDING,TRUCK,5,0.01,12,Brand#41,JUMBO PKG,14,36,0,38208.582
O,O,N,COLLECT COD,Manufacturer#2,4-NOT SPECIFIED,2,BUILDING,REG AIR,3,0.03,12,Brand#23,MED BAG,32,7,0,6004.215
F,F,R,COLLECT COD,Manufacturer#4,4-NOT SPECIFIED,4,BUILDING,FOB,4,0.01,9,Brand#42,SM JAR,47,15,4,12831
F,F,A,NONE,Manufacturer#1,4-NOT SPECIFIED,4,BUILDING,RAIL,7,0.04,12,Brand#14,JUMBO JAR,9,46,0,64719.1296
F,F,R,NONE,Manufacturer#1,4-NOT SPECIFIED,4,BUILDING,REG AIR,2,0.07,12,Brand#12,MED BAG,48,42,0,34776.756
O,O,N,TAKE BACK RETURN,Manufacturer#1,2-HIGH,2,FURNITURE,MAIL,4,0.07,8,Brand#14,WRAP CASE,49,50,3,75440.16
O,O,N,NONE,Manufacturer#2,2-HIGH,2,FURNITURE,MAIL,5,0.08,9,Brand#21,JUMBO BAG,41,16,4,22745.4912
F,F,A,COLLECT COD,Manufacturer#3,3-MEDIUM,0,BUILDING,MAIL,1,0.08,18,Brand#32,MED CAN,31,8,2,12316.2312
O,O,N,TAKE BACK RETURN,Manufacturer#2,3-MEDIUM,2,BUILDING,SHIP,2,0.01,18,Brand#24,WRAP CASE,26,13,2,20247.9693
O,O,N,NONE,Manufacturer#4,5-LOW,0,FURNITURE,AIR,6,0.04,12,Brand#41,SM BOX,17,46,0,77654.2836
O,O,N,DELIVER IN PERSON,Manufacturer#3,5-LOW,0,FURNITURE,MAIL,2,0.05,21,Brand#32,WRAP BOX,46,13,1,12763.2336
O,O,N,COLLECT COD,Manufacturer#3,5-LOW,0,FURNITURE,AIR,5,0,18,Brand#32,LG JAR,5,19,2,19828.3506
F,F,R,DELIVER IN PERSON,Manufacturer#5,1-URGENT,3,BUILDING,REG AIR,2,0.05,21,Brand#53,LG PACK,46,42,1,38905.293
O,O,N,COLLECT COD,Manufacturer#4,3-MEDIUM,4,FURNITURE,RAIL,6,0.05,12,Brand#41,LG BAG,30,34,0,37883.14
O,O,N,NONE,Manufacturer#1,3-MEDIUM,4,FURNITURE,AIR,1,0.01,12,Brand#13,SM CASE,16,30,0,37382.82
F,F,R,COLLECT COD,Manufacturer#2,1-URGENT,0,MACHINERY,RAIL,4,0.03,8,Brand#25,JUMBO PACK,8,7,3,9788.6943
F,F,R,COLLECT COD,Manufacturer#5,1-URGENT,0,MACHINERY,FOB,3,0.02,9,Brand#53,SM CAN,37,6,4,9579.7998
O,O,N,TAKE BACK RETURN,Manufacturer#1,2-HIGH,4,MACHINERY,REG AIR,3,0.05,21,Brand#12,WRAP BAG,17,40,1,39774.656
F,F,R,TAKE BACK RETURN,Manufacturer#3,4-NOT SPECIFIED,1,BUILDING,FOB,5,0.08,21,Brand#33,JUMBO PKG,48,31,1,50996.2338
F,F,A,TAKE BACK RETURN,Manufacturer#3,2-HIGH,0,FURNITURE,SHIP,3,0.04,8,Brand#34,SM BAG,47,33,3,60797.2365
O,O,N,COLLECT COD,Manufacturer#1,3-MEDIUM,4,BUILDING,RAIL,2,0.06,21,Brand#13,MED BAG,38,3,1,4301.5791
F,F,A,COLLECT COD,Manufacturer#4,3-MEDIUM,3,MACHINERY,FOB,2,0.07,12,Brand#41,JUMBO PKG,14,11,0,11183.2721
O,O,N,NONE,Manufacturer#3,1-URGENT,0,BUILDING,MAIL,5,0.02,9,Brand#33,LG DRUM,28,33,4,33549.8295
O,O,N,DELIVER IN PERSON,Manufacturer#3,1-URGENT,0,BUILDING,AIR,4,0.05,21,Brand#32,MED JAR,15,35,1,60482.8315
O,O,N,COLLECT COD,Manufacturer#2,1-URGENT,0,BUILDING,REG AIR,3,0.01,18,Brand#25,JUMBO BOX,36,34,2,44553.94
F,F,A,NONE,Manufacturer#1,3-MEDIUM,4,FURNITURE,FOB,2,0.08,18,Brand#14,JUMBO PACK,7,9,2,11607.3216
F,F,R,TAKE BACK RETURN,Manufacturer#4,4-NOT SPECIFIED,4,HOUSEHOLD,AIR,2,0.02,9,Brand#41,LG JAR,25,23,4,38146.604
F,F,A,TAKE BACK RETURN,Manufacturer#4,1-URGENT,4,BUILDING,MAIL,1,0.03,8,Brand#45,SM CASE,38,48,3,71961.2928
O,O,N,COLLECT COD,Manufacturer#1,1-URGENT,3,AUTOMOBILE,FOB,6,0.02,8,Brand#11,SM JAR,35,40,3,61358.98
O,O,N,NONE,Manufacturer#2,1-URGENT,3,AUTOMOBILE,SHIP,7,0.07,12,Brand#23,JUMBO BOX,47,44,0,47325.7664
O,O,N,TAKE BACK RETURN,Manufacturer#1,4-NOT SPECIFIED,2,AUTOMOBILE,REG AIR,1,0.03,8,Brand#14,SM BOX,8,43,3,54324.48
O,O,N,DELIVER IN PERSON,Manufacturer#3,2-HIGH,4,AUTOMOBILE,AIR,4,0,12,Brand#35,LG BAG,42,4,0,4294.8224
O,O,N,TAKE BACK RETURN,Manufacturer#1,2-HIGH,4,AUTOMOBILE,FOB,7,0,21,Brand#12,LG CASE,17,42,1,41918.0202
O,O,N,TAKE BACK RETURN,Manufacturer#2,2-HIGH,4,AUTOMOBILE,SHIP,2,0.04,18,Brand#23,LG JAR,46,30,2,31705.29
O,O,N,TAKE BACK RETURN,Manufacturer#4,2-HIGH,4,AUTOMOBILE,MAIL,1,0.06,12,Brand#41,MED JAR,18,47,0,81427.6316
O,O,N,NONE,Manufacturer#5,4-NOT SPECIFIED,0,AUTOMOBILE,REG AIR,6,0.06,21,Brand#52,MED JAR,12,8,1,12058.344
F,F,R,COLLECT COD,Manufacturer#4,4-NOT SPECIFIED,4,BUILDING,RAIL,1,0.07,18,Brand#44,SM BAG,4,49,2,83087.634
O,O,N,DELIVER IN PERSON,Manufacturer#2,1-URGENT,1,HOUSEHOLD,REG AIR,3,0.02,12,Brand#22,MED JAR,8,36,0,39113.3448
O,O,N,TAKE BACK RETURN,Manufacturer#2,1-URGENT,1,HOUSEHOLD,SHIP,7,0.01,8,Brand#24,JUMBO JAR,29,37,3,38623.7413
O,O,N,TAKE BACK RETURN,Manufacturer#1,1-URGENT,1,HOUSEHOLD,SHIP,1,0.08,8,Brand#14,JUMBO BAG,10,15,3,25168.881
F,F,R,DELIVER IN PERSON,Manufacturer#1,2-HIGH,0,BUILDING,SHIP,2,0.03,18,Brand#12,JUMBO CAN,14,39,2,34420.191
F,F,A,NONE,Manufacturer#4,2-HIGH,0,BUILDING,TRUCK,4,0.02,21,Brand#43,LG JAR,20,29,1,29418.1742
F,F,A,DELIVER IN PERSON,Manufacturer#4,2-HIGH,0,BUILDING,TRUCK,1,0.01,12,Brand#41,SM PACK,35,49,0,44130.8602
O,O,N,COLLECT COD,Manufacturer#5,2-HIGH,2,BUILDING,RAIL,2,0,21,Brand#55,SM JAR,18,19,1,27533.6904
F,F,R,NONE,Manufacturer#1,2-HIGH,2,FURNITURE,SHIP,2,0.05,9,Brand#12,JUMBO JAR,19,9,4,9962.7273
F,F,A,TAKE BACK RETURN,Manufacturer#1,2-HIGH,2,FURNITURE,FOB,2,0.06,18,Brand#12,JUMBO CASE,20,32,2,36646.7648
F,F,A,COLLECT COD,Manufacturer#3,1-URGENT,1,AUTOMOBILE,FOB,4,0.08,9,Brand#31,SM BAG,28,26,4,48957.48
F,F,A,TAKE BACK RETURN,Manufacturer#1,1-URGENT,3,FURNITURE,REG AIR,1,0.08,21,Brand#12,JUMBO PKG,35,17,1,21136.644
F,F,A,TAKE BACK RETURN,Manufacturer#5,3-MEDIUM,0,AUTOMOBILE,RAIL,2,0.07,18,Brand#52,MED DRUM,31,21,2,32463.4653
F,F,A,COLLECT COD,Manufacturer#1,3-MEDIUM,0,AUTOMOBILE,RAIL,6,0.02,8,Brand#13,JUMBO BOX,28,2,3,1828.02
F,F,R,TAKE BACK RETURN,Manufacturer#3,3-MEDIUM,0,AUTOMOBILE,MAIL,1,0.05,9,Brand#34,SM DRUM,7,10,4,15306.592
F,F,R,TAKE BACK RETURN,Manufacturer#2,1-URGENT,1,FURNITURE,TRUCK,6,0.06,21,Brand#24,MED PACK,50,24,1,39714
O,O,N,DELIVER IN PERSON,Manufacturer#2,1-URGENT,0,AUTOMOBILE,SHIP,1,0,9,Brand#22,MED CASE,38,30,4,40905.228
O,O,N,NONE,Manufacturer#2,1-URGENT,0,AUTOMOBILE,FOB,4,0.06,9,Brand#24,MED CAN,16,27,4,45649.494
O,O,N,COLLECT COD,Manufacturer#5,1-URGENT,0,AUTOMOBILE,RAIL,6,0.01,9,Brand#54,MED JAR,22,49,4,75557.4904
O,O,N,COLLECT COD,Manufacturer#4,1-URGENT,0,AUTOMOBILE,SHIP,2,0.07,18,Brand#43,MED JAR,42,40,2,57062.824
F,F,R,NONE,Manufacturer#4,1-URGENT,1,MACHINERY,AIR,1,0.06,21,Brand#45,MED PKG,34,13,1,14846.4264
O,O,N,TAKE BACK RETURN,Manufacturer#2,4-NOT SPECIFIED,4,BUILDING,RAIL,5,0.02,9,Brand#21,WRAP BAG,44,35,4,44580.256
O,O,N,NONE,Manufacturer#3,4-NOT SPECIFIED,4,BUILDING,FOB,1,0.03,18,Brand#33,WRAP DRUM,26,37,2,35929.59
O,O,N,DELIVER IN PERSON,Manufacturer#3,4-NOT SPECIFIED,4,BUILDING,REG AIR,2,0.04,9,Brand#33,SM DRUM,13,1,4,1513.3338
F,F,A,TAKE BACK RETURN,Manufacturer#4,2-HIGH,3,BUILDING,REG AIR,1,0.01,12,Brand#44,LG PKG,35,48,0,58220.9856
F,F,A,NONE,Manufacturer#2,4-NOT SPECIFIED,0,AUTOMOBILE,SHIP,2,0.01,21,Brand#25,MED CAN,25,40,1,37423.584
F,F,R,NONE,Manufacturer#3,4-NOT SPECIFIED,0,AUTOMOBILE,TRUCK,3,0.02,8,Brand#33,JUMBO DRUM,3,47,3,44887.068
F,F,R,TAKE BACK RETURN,Manufacturer#4,4-NOT SPECIFIED,0,AUTOMOBILE,FOB,1,0.08,8,Brand#41,WRAP JAR,5,26,3,47875.113
F,F,R,COLLECT COD,Manufacturer#1,4-NOT SPECIFIED,0,AUTOMOBILE,AIR,6,0.07,9,Brand#11,JUMBO BAG,24,32,4,55525.8752
F,F,A,NONE,Manufacturer#5,4-NOT SPECIFIED,0,AUTOMOBILE,TRUCK,5,0.03,12,Brand#54,MED JAR,46,22,0,34695.8634
O,O,N,NONE,Manufacturer#4,1-URGENT,1,BUILDING,FOB,1,0.07,21,Brand#41,MED CASE,15,4,1,4893.28
O,O,N,TAKE BACK RETURN,Manufacturer#3,1-URGENT,4,HOUSEHOLD,TRUCK,3,0,9,Brand#34,LG DRUM,22,18,4,26155.1808
F,F,R,NONE,Manufacturer#5,1-URGENT,2,FURNITURE,RAIL,1,0.03,8,Brand#51,MED DRUM,9,42,3,48744.9648
O,O,N,NONE,Manufacturer#2,5-LOW,3,AUTOMOBILE,TRUCK,4,0.02,21,Brand#21,SM PKG,32,31,1,37370.097
O,O,N,DELIVER IN PERSON,Manufacturer#4,5-LOW,3,AUTOMOBILE,REG AIR,3,0.08,18,Brand#44,WRAP PACK,1,46,2,52453.11
O,O,N,COLLECT COD,Manufacturer#4,5-LOW,3,AUTOMOBILE,AIR,5,0.08,18,Brand#41,JUMBO CASE,45,4,2,5533.7976
O,O,N,TAKE BACK RETURN,Manufacturer#2,4-NOT SPECIFIED,0,BUILDING,RAIL,3,0.04,18,Brand#22,MED CASE,42,24,2,25659.84
O,O,N,COLLECT COD,Manufacturer#2,4-NOT SPECIFIED,0,BUILDING,REG AIR,2,0.07,9,Brand#22,LG BOX,3,40,4,62482.176
F,F,A,TAKE BACK RETURN,Manufacturer#5,2-HIGH,0,HOUSEHOLD,AIR,3,0,12,Brand#52,WRAP DRUM,36,45,0,63797.094
F,F,R,NONE,Manufacturer#3,2-HIGH,0,HOUSEHOLD,SHIP,1,0.07,8,Brand#32,LG BOX,44,11,3,17018.0626
F,F,R,NONE,Manufacturer#5,2-HIGH,0,HOUSEHOLD,FOB,4,0.06,9,Brand#52,JUMBO CASE,39,22,4,29019.7908
F,F,A,NONE,Manufacturer#4,2-HIGH,0,HOUSEHOLD,MAIL,6,0.06,9,Brand#44,SM JAR,27,3,4,4134.0675
O,O,N,DELIVER IN PERSON,Manufacturer#5,2-HIGH,3,HOUSEHOLD,REG AIR,1,0.07,12,Brand#53,SM CASE,17,41,0,52971.057
O,O,N,COLLECT COD,Manufacturer#3,2-HIGH,3,HOUSEHOLD,RAIL,4,0,21,Brand#34,MED JAR,48,45,1,67830.57
O,O,N,DELIVER IN PERSON,Manufacturer#2,5-LOW,4,HOUSEHOLD,REG AIR,4,0.03,21,Brand#22,JUMBO JAR,7,2,1,3115.3
F,F,A,COLLECT COD,Manufacturer#3,3-MEDIUM,3,MACHINERY,AIR,1,0,8,Brand#33,SM BOX,32,49,3,78007.1817
O,O,N,NONE,Manufacturer#5,1-URGENT,1,AUTOMOBILE,REG AIR,3,0,18,Brand#55,LG DRUM,1,32,2,27937.728
F,F,R,COLLECT COD,Manufacturer#5,1-URGENT,4,MACHINERY,RAIL,2,0.05,12,Brand#54,SM BAG,1,34,0,53983.6496
F,F,A,DELIVER IN PERSON,Manufacturer#1,1-URGENT,4,MACHINERY,AIR,1,0.02,8,Brand#12,WRAP DRUM,20,30,3,52522.59
O,O,N,DELIVER IN PERSON,Manufacturer#1,4-NOT SPECIFIED,2,FURNITURE,RAIL,3,0.08,18,Brand#15,WRAP BAG,6,29,2,45514.224
O,O,N,COLLECT COD,Manufacturer#2,4-NOT SPECIFIED,2,FURNITURE,FOB,1,0.04,8,Brand#21,SM PKG,41,23,3,38255.164
O,O,N,TAKE BACK RETURN,Manufacturer#5,4-NOT SPECIFIED,1,BUILDING,FOB,1,0,21,Brand#52,MED JAR,22,21,1,37989.4452
F,F,R,COLLECT COD,Manufacturer#5,4-NOT SPECIFIED,4,FURNITURE,MAIL,4,0.08,8,Brand#54,LG BOX,37,3,3,2462.427
F,F,R,TAKE BACK RETURN,Manufacturer#1,4-NOT SPECIFIED,4,FURNITURE,FOB,3,0.04,18,Brand#14,JUMBO PACK,17,11,2,14740.3916
F,F,A,COLLECT COD,Manufacturer#4,4-NOT SPECIFIED,4,FURNITURE,TRUCK,5,0,8,Brand#44,SM PKG,44,11,3,13618.8679
F,F,A,NONE,Manufacturer#4,4-NOT SPECIFIED,4,FURNITURE,REG AIR,6,0.08,8,Brand#41,MED CAN,8,22,3,33391.721
O,O,N,NONE,Manufacturer#3,5-LOW,0,MACHINERY,MAIL,3,0.01,21,Brand#32,LG CAN,1,22,1,23580.1632
O,O,N,TAKE BACK RETURN,Manufacturer#3,1-URGENT,0,BUILDING,MAIL,1,0.02,9,Brand#35,JUMBO BOX,28,17,4,27067.8352
O,O,N,COLLECT COD,Manufacturer#2,2-HIGH,0,FURNITURE,REG AIR,2,0.02,21,Brand#21,MED PKG,27,23,1,33376.8617
O,O,N,DELIVER IN PERSON,Manufacturer#3,3-MEDIUM,3,MACHINERY,FOB,4,0.08,8,Brand#31,SM JAR,24,23,3,30304.1376
O,O,N,NONE,Manufacturer#5,3-MEDIUM,3,MACHINERY,MAIL,1,0.06,21,Brand#54,LG CAN,35,44,1,45918.774
F,F,A,DELIVER IN PERSON,Manufacturer#3,2-HIGH,3,HOUSEHOLD,SHIP,4,0.03,8,Brand#35,LG PKG,8,49,3,80037.531
F,F,A,TAKE BACK RETURN,Manufacturer#5,2-HIGH,3,HOUSEHOLD,RAIL,1,0.06,18,Brand#54,MED DRUM,24,20,2,25807.8
O,O,N,NONE,Manufacturer#4,3-MEDIUM,4,BUILDING,TRUCK,6,0.06,9,Brand#44,LG BOX,26,19,4,29196.5856
F,F,A,NONE,Manufacturer#3,2-HIGH,0,AUTOMOBILE,RAIL,2,0.06,18,Brand#34,JUMBO JAR,20,1,2,1299.6657
F,F,A,NONE,Manufacturer#2,2-HIGH,0,AUTOMOBILE,FOB,6,0.08,12,Brand#22,LG JAR,45,28,0,32647.1936
F,F,N,DELIVER IN PERSON,Manufacturer#3,1-URGENT,4,AUTOMOBILE,MAIL,2,0.04,21,Brand#31,LG PKG,47,8,1,9354.08
O,O,N,NONE,Manufacturer#4,5-LOW,4,AUTOMOBILE,MAIL,3,0.03,8,Brand#42,JUMBO BAG,1,8,3,13414.7776
O,O,N,TAKE BACK RETURN,Manufacturer#5,5-LOW,4,AUTOMOBILE,MAIL,4,0.08,18,Brand#52,LG BAG,41,10,2,17650.512
O,O,N,DELIVER IN PERSON,Manufacturer#1,1-URGENT,3,AUTOMOBILE,MAIL,2,0.02,18,Brand#14,JUMBO JAR,37,18,2,18948.3588
O,O,N,DELIVER IN PERSON,Manufacturer#3,1-URGENT,1,AUTOMOBILE,AIR,2,0.06,9,Brand#35,SM BOX,32,39,4,34892.559
O,O,N,TAKE BACK RETURN,Manufacturer#5,1-URGENT,1,AUTOMOBILE,FOB,5,0.06,21,Brand#51,SM PACK,14,20,1,36767.61
O,O,N,DELIVER IN PERSON,Manufacturer#3,1-URGENT,1,AUTOMOBILE,SHIP,3,0,12,Brand#32,JUMBO JAR,26,14,0,13454.784
O,O,N,COLLECT COD,Manufacturer#5,1-URGENT,1,AUTOMOBILE,AIR,7,0.02,8,Brand#53,SM PKG,50,9,3,9578.6658
O,O,N,COLLECT COD,Manufacturer#4,1-URGENT,1,AUTOMOBILE,REG AIR,6,0,9,Brand#44,SM JAR,27,3,4,4090.551
F,F,A,NONE,Manufacturer#5,4-NOT SPECIFIED,2,MACHINERY,MAIL,2,0.06,9,Brand#52,SM BAG,9,31,4,54931.4172
O,O,N,COLLECT COD,Manufacturer#3,2-HIGH,0,BUILDING,SHIP,4,0.05,8,Brand#31,JUMBO CAN,11,47,3,47302.0878
F,F,A,DELIVER IN PERSON,Manufacturer#5,1-URGENT,2,AUTOMOBILE,FOB,6,0.07,9,Brand#51,WRAP BAG,46,3,4,4391.751
O,O,N,NONE,Manufacturer#3,4-NOT SPECIFIED,0,FURNITURE,SHIP,4,0.04,9,Brand#35,SM CAN,39,20,4,20464.664
O,O,N,DELIVER IN PERSON,Manufacturer#2,4-NOT SPECIFIED,0,FURNITURE,AIR,2,0.08,9,Brand#21,WRAP BAG,44,50,4,65762.8
O,O,N,DELIVER IN PERSON,Manufacturer#3,2-HIGH,2,FURNITURE,FOB,6,0.02,18,Brand#33,SM PACK,41,8,2,12272.4784
O,O,N,DELIVER IN PERSON,Manufacturer#5,2-HIGH,2,FURNITURE,REG AIR,3,0.07,8,Brand#54,JUMBO JAR,28,15,3,13649.985
O,O,N,TAKE BACK RETURN,Manufacturer#3,1-URGENT,0,HOUSEHOLD,REG AIR,2,0.07,18,Brand#35,LG PKG,5,9,2,13605.1488
O,O,N,COLLECT COD,Manufacturer#3,1-URGENT,0,HOUSEHOLD,REG AIR,1,0.05,9,Brand#33,SM BOX,32,6,4,9551.8998
O,O,N,COLLECT COD,Manufacturer#1,1-URGENT,0,HOUSEHOLD,SHIP,4,0.08,18,Brand#15,MED PKG,35,14,2,22580.2808
O,O,N,COLLECT COD,Manufacturer#4,3-MEDIUM,4,HOUSEHOLD,MAIL,1,0.05,9,Brand#42,JUMBO JAR,15,42,4,68452.398
O,O,N,COLLECT COD,Manufacturer#1,5-LOW,0,BUILDING,REG AIR,1,0.02,8,Brand#14,JUMBO BOX,19,30,3,24679.2
O,O,N,TAKE BACK RETURN,Manufacturer#1,5-LOW,0,BUILDING,FOB,2,0.08,9,Brand#14,MED CASE,46,14,4,16285.64
O,O,N,COLLECT COD,Manufacturer#4,4-NOT SPECIFIED,2,FURNITURE,SHIP,3,0.06,21,Brand#41,WRAP PKG,26,5,1,5816.5565
O,O,N,DELIVER IN PERSON,Manufacturer#3,4-NOT SPECIFIED,2,FURNITURE,MAIL,2,0.01,21,Brand#35,WRAP PKG,35,26,1,37800.7344
F,F,R,DELIVER IN PERSON,Manufacturer#2,5-LOW,1,BUILDING,AIR,3,0.05,21,Brand#21,WRAP DRUM,29,35,1,43230.005
F,F,R,TAKE BACK RETURN,Manufacturer#2,5-LOW,1,BUILDING,FOB,1,0.02,8,Brand#25,LG BOX,30,10,3,17915.318
F,F,A,TAKE BACK RETURN,Manufacturer#2,5-LOW,1,BUILDING,REG AIR,4,0.02,21,Brand#23,SM PACK,45,29,1,33496.218
F,F,R,COLLECT COD,Manufacturer#4,3-MEDIUM,2,MACHINERY,AIR,5,0.08,18,Brand#43,JUMBO PACK,29,33,2,37315.278
O,O,N,COLLECT COD,Manufacturer#3,4-NOT SPECIFIED,2,AUTOMOBILE,AIR,2,0.08,21,Brand#35,LG JAR,38,20,1,28071.408
F,F,A,TAKE BACK RETURN,Manufacturer#4,4-NOT SPECIFIED,0,FURNITURE,RAIL,3,0.06,18,Brand#43,JUMBO BAG,41,21,2,33819.5088
F,F,A,COLLECT COD,Manufacturer#4,4-NOT SPECIFIED,0,FURNITURE,SHIP,1,0,8,Brand#43,JUMBO PACK,14,38,3,33043.9602
F,F,R,TAKE BACK RETURN,Manufacturer#5,3-MEDIUM,3,MACHINERY,MAIL,2,0.06,18,Brand#54,LG CASE,38,9,2,15047.0298
O,O,N,TAKE BACK RETURN,Manufacturer#2,4-NOT SPECIFIED,4,BUILDING,AIR,3,0.06,8,Brand#22,JUMBO CAN,47,44,3,56070.2208
O,O,N,TAKE BACK RETURN,Manufacturer#5,4-NOT SPECIFIED,4,BUILDING,SHIP,7,0.05,8,Brand#55,JUMBO CAN,47,19,3,19135.888
O,O,N,NONE,Manufacturer#4,4-NOT SPECIFIED,4,BUILDING,MAIL,6,0.04,8,Brand#44,LG DRUM,13,23,3,42088.16
F,F,A,NONE,Manufacturer#4,4-NOT SPECIFIED,1,MACHINERY,REG AIR,7,0.08,18,Brand#44,SM BAG,15,23,2,34130.8454
F,F,R,TAKE BACK RETURN,Manufacturer#4,5-LOW,1,AUTOMOBILE,MAIL,3,0.06,8,Brand#41,MED DRUM,40,9,3,14695.8255
O,O,N,DELIVER IN PERSON,Manufacturer#1,5-LOW,2,HOUSEHOLD,REG AIR,4,0.05,8,Brand#13,MED PACK,20,14,3,20617.2456
O,O,N,DELIVER IN PERSON,Manufacturer#3,5-LOW,2,HOUSEHOLD,MAIL,3,0.01,9,Brand#34,MED JAR,46,32,4,48141.2448
O,O,N,DELIVER IN PERSON,Manufacturer#4,5-LOW,2,HOUSEHOLD,SHIP,2,0.05,8,Brand#45,JUMBO CASE,7,35,3,39167.415
O,O,N,COLLECT COD,Manufacturer#4,5-LOW,1,MACHINERY,SHIP,3,0.07,9,Brand#43,JUMBO BAG,41,12,4,19130.2272
F,F,R,TAKE BACK RETURN,Manufacturer#2,3-MEDIUM,2,HOUSEHOLD,RAIL,3,0.02,9,Brand#23,LG BAG,35,18,4,30651.5664
O,O,N,NONE,Manufacturer#3,1-URGENT,3,HOUSEHOLD,MAIL,1,0.03,8,Brand#35,MED CASE,27,28,3,29717.604
F,F,A,NONE,Manufacturer#3,3-MEDIUM,3,AUTOMOBILE,SHIP,6,0.06,18,Brand#34,JUMBO CAN,48,10,2,12263.2
F,F,A,COLLECT COD,Manufacturer#1,3-MEDIUM,3,AUTOMOBILE,MAIL,7,0.07,8,Brand#15,SM JAR,15,34,3,41194.5156
O,O,N,TAKE BACK RETURN,Manufacturer#3,2-HIGH,4,HOUSEHOLD,TRUCK,2,0.02,9,Brand#34,SM DRUM,7,27,4,44472.3048
F,F,R,COLLECT COD,Manufacturer#4,2-HIGH,0,BUILDING,TRUCK,1,0.03,21,Brand#41,MED CAN,8,9,1,14091.6258
F,F,R,COLLECT COD,Manufacturer#5,5-LOW,0,HOUSEHOLD,MAIL,1,0.06,18,Brand#51,JUMBO CAN,49,10,2,9603.873
F,F,A,NONE,Manufacturer#5,5-LOW,0,HOUSEHOLD,AIR,2,0.07,18,Brand#53,WRAP CAN,49,11,2,18290.0124
F,F,R,DELIVER IN PERSON,Manufacturer#4,5-LOW,0,HOUSEHOLD,AIR,3,0.07,8,Brand#41,SM JAR,11,38,3,39577.95
O,O,N,COLLECT COD,Manufacturer#2,5-LOW,0,BUILDING,RAIL,7,0.04,18,Brand#22,MED CASE,49,8,2,13795.3728
O,O,N,NONE,Manufacturer#1,5-LOW,0,BUILDING,RAIL,4,0.06,8,Brand#13,JUMBO PACK,17,36,3,67462.92
F,F,R,NONE,Manufacturer#5,4-NOT SPECIFIED,1,BUILDING,MAIL,2,0.03,21,Brand#52,LG PKG,39,33,1,37911.2118
F,F,A,NONE,Manufacturer#1,5-LOW,1,BUILDING,AIR,2,0.04,21,Brand#15,LG DRUM,17,31,1,51824.87
O,O,N,TAKE BACK RETURN,Manufacturer#5,3-MEDIUM,1,HOUSEHOLD,SHIP,4,0.06,21,Brand#54,WRAP CASE,46,47,1,65673.7627
O,O,N,DELIVER IN PERSON,Manufacturer#3,3-MEDIUM,1,HOUSEHOLD,RAIL,1,0.07,12,Brand#33,WRAP CAN,6,16,0,24235.3536
O,O,N,DELIVER IN PERSON,Manufacturer#2,3-MEDIUM,1,HOUSEHOLD,SHIP,7,0.05,9,Brand#21,JUMBO PKG,11,40,4,37965.42
O,O,N,DELIVER IN PERSON,Manufacturer#3,3-MEDIUM,4,MACHINERY,AIR,1,0.06,9,Brand#32,MED CASE,15,26,4,34766.3888
O,O,N,NONE,Manufacturer#2,1-URGENT,3,HOUSEHOLD,REG AIR,4,0.05,18,Brand#22,WRAP DRUM,37,32,2,46135.344
O,O,N,NONE,Manufacturer#2,1-URGENT,0,HOUSEHOLD,AIR,3,0.07,9,Brand#25,MED PACK,31,35,4,35633.85
O,O,N,DELIVER IN PERSON,Manufacturer#1,1-URGENT,0,HOUSEHOLD,SHIP,2,0.08,18,Brand#15,JUMBO DRUM,8,20,2,19203.73
O,O,N,NONE,Manufacturer#5,2-HIGH,0,HOUSEHOLD,TRUCK,2,0.08,18,Brand#52,WRAP PKG,36,18,2,18463.8636
O,O,N,COLLECT COD,Manufacturer#2,4-NOT SPECIFIED,3,AUTOMOBILE,TRUCK,5,0.01,9,Brand#25,WRAP CASE,21,32,4,50197.6384
F,F,A,DELIVER IN PERSON,Manufacturer#1,1-URGENT,0,BUILDING,SHIP,5,0.05,18,Brand#15,SM DRUM,22,10,2,9994.944
F,F,R,TAKE BACK RETURN,Manufacturer#5,1-URGENT,0,BUILDING,RAIL,2,0.01,21,Brand#52,MED JAR,12,38,1,63004.8474
O,O,N,COLLECT COD,Manufacturer#3,4-NOT SPECIFIED,4,FURNITURE,SHIP,2,0.07,9,Brand#32,LG CAN,33,26,4,27788.6232
F,F,R,DELIVER IN PERSON,Manufacturer#4,4-NOT SPECIFIED,2,BUILDING,AIR,5,0.06,18,Brand#45,JUMBO CAN,13,16,2,17638.8288
F,F,A,NONE,Manufacturer#3,4-NOT SPECIFIED,2,BUILDING,FOB,1,0.07,9,Brand#33,WRAP CASE,34,8,4,12875.7024
O,O,N,NONE,Manufacturer#2,2-HIGH,2,AUTOMOBILE,AIR,6,0,21,Brand#25,SM CASE,22,8,1,7213.3152
O,O,N,COLLECT COD,Manufacturer#1,2-HIGH,2,AUTOMOBILE,AIR,5,0.02,12,Brand#13,SM CASE,16,10,0,12731.83
O,O,N,NONE,Manufacturer#5,2-HIGH,2,AUTOMOBILE,AIR,1,0.07,9,Brand#54,LG CAN,30,19,4,30289.4865
F,F,R,DELIVER IN PERSON,Manufacturer#5,4-NOT SPECIFIED,0,MACHINERY,SHIP,3,0.02,18,Brand#51,WRAP BAG,2,28,2,43165.92
F,F,R,DELIVER IN PERSON,Manufacturer#4,4-NOT SPECIFIED,0,MACHINERY,REG AIR,5,0.07,12,Brand#41,JUMBO PKG,14,33,0,34287.1749
F,F,A,DELIVER IN PERSON,Manufacturer#1,4-NOT SPECIFIED,0,MACHINERY,MAIL,4,0.07,21,Brand#11,JUMBO PKG,29,12,1,12063.0528
O,O,N,TAKE BACK RETURN,Manufacturer#1,3-MEDIUM,1,AUTOMOBILE,RAIL,5,0.05,8,Brand#15,JUMBO JAR,16,19,3,23989.7097
O,O,N,COLLECT COD,Manufacturer#1,3-MEDIUM,1,AUTOMOBILE,AIR,1,0,18,Brand#14,WRAP PKG,40,36,2,49691.88
F,F,A,DELIVER IN PERSON,Manufacturer#5,5-LOW,3,HOUSEHOLD,AIR,5,0,18,Brand#53,LG BOX,42,11,2,11687.4604
F,F,R,DELIVER IN PERSON,Manufacturer#1,5-LOW,3,HOUSEHOLD,SHIP,4,0.05,18,Brand#14,LG PACK,7,11,2,14578.2648
O,O,N,TAKE BACK RETURN,Manufacturer#5,2-HIGH,2,AUTOMOBILE,TRUCK,1,0,8,Brand#54,JUMBO JAR,28,22,3,20019.978
F,F,R,NONE,Manufacturer#3,3-MEDIUM,4,BUILDING,SHIP,3,0.05,18,Brand#32,MED PACK,45,26,2,39353.6832
O,O,N,COLLECT COD,Manufacturer#1,5-LOW,3,FURNITURE,MAIL,1,0.03,18,Brand#14,MED PACK,2,27,2,44793.3321
O,O,N,DELIVER IN PERSON,Manufacturer#4,5-LOW,3,FURNITURE,SHIP,4,0.07,21,Brand#41,MED PACK,19,34,1,48087.016
F,F,N,NONE,Manufacturer#4,3-MEDIUM,0,BUILDING,FOB,7,0.01,8,Brand#45,SM DRUM,27,3,3,2969.6544
F,F,R,TAKE BACK RETURN,Manufacturer#4,3-MEDIUM,0,BUILDING,REG AIR,2,0.04,8,Brand#43,SM PACK,4,26,3,37880.661
F,F,A,TAKE BACK RETURN,Manufacturer#3,3-MEDIUM,0,BUILDING,REG AIR,1,0.03,21,Brand#32,JUMBO PACK,45,22,1,27280.4158
F,F,R,COLLECT COD,Manufacturer#5,3-MEDIUM,0,BUILDING,TRUCK,5,0.01,8,Brand#54,LG BAG,10,41,3,49351.167
F,F,A,TAKE BACK RETURN,Manufacturer#4,3-MEDIUM,0,BUILDING,TRUCK,6,0.04,18,Brand#45,JUMBO PACK,34,50,2,43272.775
O,O,N,DELIVER IN PERSON,Manufacturer#5,4-NOT SPECIFIED,4,BUILDING,FOB,4,0.02,8,Brand#53,LG CASE,2,14,3,23662.422
F,F,R,COLLECT COD,Manufacturer#5,3-MEDIUM,3,HOUSEHOLD,REG AIR,6,0.01,9,Brand#55,LG JAR,38,6,4,7740.7308
F,F,A,DELIVER IN PERSON,Manufacturer#2,3-MEDIUM,3,HOUSEHOLD,REG AIR,7,0.03,9,Brand#21,JUMBO JAR,47,17,4,22659.9936
F,F,A,NONE,Manufacturer#4,3-MEDIUM,3,HOUSEHOLD,SHIP,2,0.02,21,Brand#44,LG CASE,37,2,1,3039.4148
F,F,R,DELIVER IN PERSON,Manufacturer#2,2-HIGH,2,MACHINERY,AIR,3,0.03,18,Brand#21,LG DRUM,21,1,2,1456.552
F,F,A,TAKE BACK RETURN,Manufacturer#4,2-HIGH,2,MACHINERY,MAIL,1,0.04,21,Brand#43,WRAP BAG,20,14,1,19979.6352
O,O,N,TAKE BACK RETURN,Manufacturer#3,3-MEDIUM,2,AUTOMOBILE,FOB,1,0.01,18,Brand#33,MED BAG,31,4,2,3315.672
F,F,R,NONE,Manufacturer#1,4-NOT SPECIFIED,3,MACHINERY,RAIL,2,0.01,12,Brand#12,SM BAG,8,11,0,16528.6
F,F,A,COLLECT COD,Manufacturer#5,2-HIGH,0,MACHINERY,AIR,1,0.01,18,Brand#54,LG BOX,37,46,2,39854.837
F,F,R,DELIVER IN PERSON,Manufacturer#1,3-MEDIUM,0,BUILDING,RAIL,2,0.07,8,Brand#15,LG JAR,2,43,3,55232.3863
F,F,A,DELIVER IN PERSON,Manufacturer#4,5-LOW,2,MACHINERY,REG AIR,4,0.04,21,Brand#42,WRAP BOX,1,27,1,42353.1288
F,F,A,TAKE BACK RETURN,Manufacturer#2,5-LOW,2,MACHINERY,AIR,5,0.04,21,Brand#24,MED PACK,50,8,1,12576.1
F,F,A,TAKE BACK RETURN,Manufacturer#5,5-LOW,2,MACHINERY,SHIP,1,0.07,18,Brand#55,SM PKG,27,41,2,66108.4697
F,F,R,TAKE BACK RETURN,Manufacturer#1,3-MEDIUM,0,BUILDING,AIR,2,0.08,21,Brand#11,LG JAR,40,49,1,47763.4703
F,F,R,NONE,Manufacturer#3,3-MEDIUM,0,BUILDING,TRUCK,5,0.02,18,Brand#35,LG BOX,42,19,2,23792.256
F,F,R,TAKE BACK RETURN,Manufacturer#1,3-MEDIUM,0,BUILDING,REG AIR,3,0.05,18,Brand#12,MED CASE,49,29,2,40371.1784
F,F,R,DELIVER IN PERSON,Manufacturer#4,4-NOT SPECIFIED,3,BUILDING,AIR,3,0.06,18,Brand#42,WRAP BAG,13,43,2,63969.1392
O,O,N,TAKE BACK RETURN,Manufacturer#2,2-HIGH,3,MACHINERY,RAIL,4,0.03,12,Brand#25,WRAP PACK,37,3,0,5471.9712
F,F,R,NONE,Manufacturer#4,2-HIGH,0,AUTOMOBILE,TRUCK,2,0.05,18,Brand#45,LG BAG,4,20,2,18470.16
O,O,N,NONE,Manufacturer#1,5-LOW,3,AUTOMOBILE,SHIP,4,0.01,21,Brand#15,SM CASE,2,1,1,1295.287
F,F,A,DELIVER IN PERSON,Manufacturer#2,3-MEDIUM,4,BUILDING,TRUCK,1,0.06,8,Brand#25,SM BAG,44,4,3,5630.004
F,F,R,DELIVER IN PERSON,Manufacturer#5,3-MEDIUM,4,BUILDING,FOB,4,0.06,18,Brand#52,WRAP DRUM,36,3,2,4165.446
O,O,N,COLLECT COD,Manufacturer#2,5-LOW,3,BUILDING,MAIL,5,0.03,8,Brand#21,JUMBO CAN,1,10,3,9062.164
O,O,N,NONE,Manufacturer#1,4-NOT SPECIFIED,0,MACHINERY,SHIP,4,0.08,12,Brand#13,WRAP CASE,24,23,0,21816.742
O,O,N,TAKE BACK RETURN,Manufacturer#5,4-NOT SPECIFIED,0,MACHINERY,REG AIR,2,0.01,18,Brand#52,SM PKG,2,6,2,8303.2704
O,O,N,NONE,Manufacturer#1,4-NOT SPECIFIED,0,MACHINERY,RAIL,3,0.01,12,Brand#15,JUMBO PACK,27,14,0,22324.4406
O,O,N,COLLECT COD,Manufacturer#4,4-NOT SPECIFIED,0,MACHINERY,FOB,1,0.04,21,Brand#44,WRAP BAG,38,48,1,82668.696
O,O,N,NONE,Manufacturer#1,3-MEDIUM,4,AUTOMOBILE,AIR,1,0.08,8,Brand#14,JUMBO JAR,26,5,3,5882.0675
F,F,A,TAKE BACK RETURN,Manufacturer#2,3-MEDIUM,4,MACHINERY,MAIL,3,0,18,Brand#22,MED CASE,49,39,2,62497.2192
F,F,R,NONE,Manufacturer#2,3-MEDIUM,4,MACHINERY,SHIP,2,0.01,18,Brand#21,JUMBO DRUM,49,43,2,61667.16
O,O,N,NONE,Manufacturer#4,3-MEDIUM,1,HOUSEHOLD,MAIL,4,0.05,12,Brand#44,SM PKG,50,43,0,65102.9288
O,O,N,COLLECT COD,Manufacturer#3,3-MEDIUM,3,FURNITURE,FOB,5,0.07,9,Brand#34,SM CASE,30,3,4,4976.5716
O,O,N,COLLECT COD,Manufacturer#4,1-URGENT,3,AUTOMOBILE,AIR,1,0.06,18,Brand#43,JUMBO BOX,3,40,2,58666.244
F,F,R,NONE,Manufacturer#1,5-LOW,1,FURNITURE,TRUCK,2,0.02,9,Brand#13,MED BAG,12,15,4,24771.585
F,F,A,DELIVER IN PERSON,Manufacturer#5,3-MEDIUM,4,FURNITURE,RAIL,3,0.01,18,Brand#52,JUMBO PKG,17,21,2,27350.4
F,F,A,COLLECT COD,Manufacturer#1,5-LOW,3,BUILDING,FOB,4,0.06,9,Brand#14,WRAP BAG,45,18,4,23206.986
O,O,N,TAKE BACK RETURN,Manufacturer#4,1-URGENT,2,MACHINERY,REG AIR,1,0,12,Brand#41,LG BAG,30,7,0,7019.523
F,P,N,DELIVER IN PERSON,Manufacturer#5,4-NOT SPECIFIED,4,HOUSEHOLD,SHIP,4,0,21,Brand#53,SM CASE,17,39,1,52066.6731
F,P,A,DELIVER IN PERSON,Manufacturer#1,4-NOT SPECIFIED,4,HOUSEHOLD,MAIL,3,0.05,18,Brand#12,LG BAG,45,8,2,11876.7528
F,F,R,NONE,Manufacturer#2,5-LOW,4,FURNITURE,FOB,1,0.05,12,Brand#23,LG BAG,17,45,0,46263.195
O,O,N,COLLECT COD,Manufacturer#5,4-NOT SPECIFIED,2,HOUSEHOLD,REG AIR,1,0.06,21,Brand#51,JUMBO PACK,30,39,1,56729.4897
F,F,A,NONE,Manufacturer#5,2-HIGH,2,AUTOMOBILE,RAIL,1,0.03,21,Brand#51,SM PACK,14,49,1,88260.8335
F,F,R,DELIVER IN PERSON,Manufacturer#5,3-MEDIUM,2,MACHINERY,SHIP,1,0.01,12,Brand#52,LG PKG,39,30,0,34113.057
F,F,R,TAKE BACK RETURN,Manufacturer#5,3-MEDIUM,2,MACHINERY,RAIL,2,0,9,Brand#53,SM CAN,37,5,4,8154.8475
F,F,A,TAKE BACK RETURN,Manufacturer#1,3-MEDIUM,3,FURNITURE,RAIL,1,0,18,Brand#13,LG PACK,1,18,2,21882.7152
O,O,N,DELIVER IN PERSON,Manufacturer#1,3-MEDIUM,0,AUTOMOBILE,MAIL,3,0.05,9,Brand#14,MED PACK,43,26,4,33376.6524
O,O,N,NONE,Manufacturer#3,3-MEDIUM,0,AUTOMOBILE,TRUCK,4,0.06,9,Brand#31,SM BAG,28,44,4,75394.5192
O,O,N,COLLECT COD,Manufacturer#2,3-MEDIUM,0,AUTOMOBILE,TRUCK,2,0.06,21,Brand#21,LG CAN,40,13,1,21772.881
O,O,N,NONE,Manufacturer#5,3-MEDIUM,0,AUTOMOBILE,RAIL,6,0.06,18,Brand#53,LG PACK,46,41,2,36779.6404
O,O,N,NONE,Manufacturer#1,3-MEDIUM,0,AUTOMOBILE,AIR,7,0.08,8,Brand#13,JUMBO DRUM,42,3,3,3083.2461
O,O,N,COLLECT COD,Manufacturer#5,5-LOW,0,FURNITURE,REG AIR,3,0.04,8,Brand#55,SM PKG,46,33,3,57199.0188
O,O,N,COLLECT COD,Manufacturer#4,5-LOW,0,FURNITURE,AIR,1,0.02,18,Brand#43,JUMBO BAG,41,50,2,73202.4
O,O,N,TAKE BACK RETURN,Manufacturer#4,5-LOW,2,FURNITURE,AIR,1,0.08,8,Brand#42,MED JAR,7,5,3,5243.67
O,O,N,TAKE BACK RETURN,Manufacturer#5,5-LOW,2,FURNITURE,SHIP,3,0.04,12,Brand#51,WRAP CAN,28,13,0,13844.1758
O,O,N,TAKE BACK RETURN,Manufacturer#2,5-LOW,2,FURNITURE,AIR,2,0.04,21,Brand#25,SM PACK,7,29,1,45545.1902
F,F,A,DELIVER IN PERSON,Manufacturer#5,4-NOT SPECIFIED,4,HOUSEHOLD,SHIP,1,0.02,8,Brand#52,LG BAG,32,13,3,12458.7645
F,F,A,COLLECT COD,Manufacturer#5,4-NOT SPECIFIED,4,HOUSEHOLD,SHIP,2,0.07,12,Brand#53,JUMBO PKG,10,21,0,38021.3568
F,F,A,DELIVER IN PERSON,Manufacturer#3,2-HIGH,3,BUILDING,RAIL,3,0.06,8,Brand#33,JUMBO DRUM,3,10,3,10611.6
F,F,A,TAKE BACK RETURN,Manufacturer#4,2-HIGH,3,BUILDING,MAIL,5,0.05,21,Brand#45,MED PKG,34,26,1,32274.84
F,F,A,NONE,Manufacturer#1,2-HIGH,2,MACHINERY,SHIP,3,0.08,21,Brand#12,WRAP BAG,17,7,1,6960.5648
F,F,A,TAKE BACK RETURN,Manufacturer#4,3-MEDIUM,0,FURNITURE,TRUCK,1,0.07,18,Brand#44,WRAP PKG,42,16,2,27296.3712
F,F,A,TAKE BACK RETURN,Manufacturer#5,4-NOT SPECIFIED,4,BUILDING,FOB,4,0.03,21,Brand#51,LG CAN,22,37,1,56577.3216
F,F,A,DELIVER IN PERSON,Manufacturer#2,4-NOT SPECIFIED,4,BUILDING,TRUCK,7,0.05,8,Brand#21,MED JAR,8,42,3,43872.9732
F,F,A,NONE,Manufacturer#4,4-NOT SPECIFIED,4,BUILDING,MAIL,5,0.05,18,Brand#43,JUMBO DRUM,38,27,2,24105.3246
O,O,N,COLLECT COD,Manufacturer#2,4-NOT SPECIFIED,0,FURNITURE,TRUCK,2,0.07,21,Brand#25,LG CASE,10,16,1,26499.4944
O,O,N,COLLECT COD,Manufacturer#4,4-NOT SPECIFIED,0,FURNITURE,TRUCK,4,0.08,12,Brand#41,SM PACK,5,1,0,1401.9733
F,F,A,DELIVER IN PERSON,Manufacturer#4,2-HIGH,4,FURNITURE,MAIL,6,0.05,9,Brand#45,JUMBO PACK,14,32,4,27880.8576
F,F,R,NONE,Manufacturer#4,2-HIGH,4,FURNITURE,MAIL,3,0.04,8,Brand#44,MED PACK,44,40,3,67924.224
F,F,R,TAKE BACK RETURN,Manufacturer#4,2-HIGH,4,FURNITURE,TRUCK,5,0.01,8,Brand#44,WRAP BAG,4,49,3,48919.9144
F,F,A,DELIVER IN PERSON,Manufacturer#5,4-NOT SPECIFIED,4,AUTOMOBILE,SHIP,5,0.06,18,Brand#54,SM BOX,42,44,2,55984.28
F,F,A,NONE,Manufacturer#4,4-NOT SPECIFIED,4,AUTOMOBILE,FOB,2,0.06,21,Brand#41,SM JAR,26,18,1,30743.919
F,F,R,COLLECT COD,Manufacturer#5,4-NOT SPECIFIED,4,AUTOMOBILE,RAIL,3,0.08,21,Brand#51,SM CAN,15,25,1,41669.355
F,F,R,NONE,Manufacturer#5,3-MEDIUM,4,BUILDING,TRUCK,4,0.06,18,Brand#51,WRAP JAR,35,21,2,22724.436
O,O,N,TAKE BACK RETURN,Manufacturer#1,1-URGENT,2,BUILDING,MAIL,1,0,9,Brand#12,SM BAG,46,23,4,19708.7
O,O,N,DELIVER IN PERSON,Manufacturer#2,3-MEDIUM,0,BUILDING,TRUCK,1,0.08,8,Brand#23,JUMBO JAR,42,8,3,11582.4984
O,O,N,DELIVER IN PERSON,Manufacturer#2,4-NOT SPECIFIED,4,BUILDING,MAIL,4,0.03,8,Brand#25,LG CASE,39,37,3,40003.29
O,O,N,TAKE BACK RETURN,Manufacturer#1,1-URGENT,1,FURNITURE,MAIL,6,0.08,18,Brand#11,LG DRUM,1,33,2,45648.2334
F,F,R,COLLECT COD,Manufacturer#3,5-LOW,3,BUILDING,MAIL,4,0.06,12,Brand#35,LG BOX,42,34,0,43462.608
F,F,R,DELIVER IN PERSON,Manufacturer#5,5-LOW,3,BUILDING,TRUCK,1,0.06,18,Brand#54,SM BAG,1,45,2,73002.186
F,F,A,DELIVER IN PERSON,Manufacturer#4,3-MEDIUM,1,MACHINERY,AIR,1,0,9,Brand#42,MED PACK,24,28,4,45591.8736
F,F,A,TAKE BACK RETURN,Manufacturer#3,3-MEDIUM,1,MACHINERY,MAIL,2,0,12,Brand#33,SM CASE,46,43,0,37606.2778
F,F,R,COLLECT COD,Manufacturer#5,3-MEDIUM,1,MACHINERY,SHIP,3,0.07,21,Brand#52,MED JAR,12,9,1,14470.0128
O,O,N,TAKE BACK RETURN,Manufacturer#3,3-MEDIUM,2,FURNITURE,FOB,3,0,21,Brand#33,SM CASE,5,32,1,37255.2544
O,O,N,DELIVER IN PERSON,Manufacturer#2,1-URGENT,4,FURNITURE,TRUCK,2,0.04,8,Brand#25,JUMBO CAN,23,16,3,17699.2
O,O,N,NONE,Manufacturer#5,2-HIGH,0,HOUSEHOLD,MAIL,4,0.05,8,Brand#55,SM BAG,17,21,3,35786.8434
O,O,N,COLLECT COD,Manufacturer#3,2-HIGH,0,HOUSEHOLD,AIR,6,0.02,18,Brand#32,WRAP CAN,9,31,2,45599.8344
O,O,N,DELIVER IN PERSON,Manufacturer#2,2-HIGH,0,HOUSEHOLD,MAIL,2,0.01,21,Brand#22,JUMBO PKG,35,21,1,18958.8399
O,O,N,COLLECT COD,Manufacturer#3,2-HIGH,0,HOUSEHOLD,RAIL,1,0.07,8,Brand#32,LG PKG,43,50,3,55560.5
O,O,N,TAKE BACK RETURN,Manufacturer#5,3-MEDIUM,4,AUTOMOBILE,REG AIR,2,0.07,21,Brand#55,JUMBO BAG,3,15,1,13597.794
O,O,N,COLLECT COD,Manufacturer#3,3-MEDIUM,4,AUTOMOBILE,MAIL,3,0.03,12,Brand#32,JUMBO BAG,42,31,0,26603.1584
F,F,A,COLLECT COD,Manufacturer#4,3-MEDIUM,3,FURNITURE,TRUCK,3,0.02,18,Brand#41,JUMBO CASE,4,42,2,72426.5178
O,O,N,NONE,Manufacturer#3,3-MEDIUM,1,AUTOMOBILE,REG AIR,3,0.04,21,Brand#33,MED BOX,39,1,1,939.0182
O,O,N,TAKE BACK RETURN,Manufacturer#4,5-LOW,3,MACHINERY,SHIP,4,0.07,18,Brand#43,JUMBO BOX,3,45,2,68175.333
O,O,N,TAKE BACK RETURN,Manufacturer#5,5-LOW,3,MACHINERY,TRUCK,3,0.01,8,Brand#53,LG JAR,31,7,3,9570.939
O,O,N,DELIVER IN PERSON,Manufacturer#5,5-LOW,1,FURNITURE,REG AIR,2,0,12,Brand#52,LG PKG,39,19,0,21159.4735
O,O,N,TAKE BACK RETURN,Manufacturer#4,5-LOW,1,FURNITURE,FOB,1,0.07,12,Brand#42,MED BAG,14,42,0,68638.9158
O,O,N,COLLECT COD,Manufacturer#5,4-NOT SPECIFIED,0,MACHINERY,SHIP,1,0.05,18,Brand#54,JUMBO PACK,13,8,2,7595.952
F,F,A,NONE,Manufacturer#2,5-LOW,2,FURNITURE,MAIL,5,0.03,8,Brand#25,JUMBO CAN,3,28,3,24636.3096
F,F,A,TAKE BACK RETURN,Manufacturer#5,5-LOW,2,FURNITURE,REG AIR,4,0,8,Brand#51,LG CAN,10,28,3,33810.0756
F,F,A,DELIVER IN PERSON,Manufacturer#5,5-LOW,2,FURNITURE,MAIL,1,0.03,18,Brand#54,MED JAR,22,21,2,19073.4999
F,F,R,TAKE BACK RETURN,Manufacturer#5,1-URGENT,4,BUILDING,MAIL,1,0.01,18,Brand#53,MED BOX,2,43,2,79206.8729
F,F,R,TAKE BACK RETURN,Manufacturer#5,1-URGENT,4,BUILDING,AIR,2,0,21,Brand#53,JUMBO JAR,28,37,1,40369.923
F,F,R,COLLECT COD,Manufacturer#1,5-LOW,4,AUTOMOBILE,MAIL,5,0,8,Brand#14,SM BOX,8,27,3,30699.648
F,F,A,COLLECT COD,Manufacturer#5,5-LOW,4,AUTOMOBILE,REG AIR,2,0.03,9,Brand#53,MED PKG,47,13,4,19884.9066
F,F,R,DELIVER IN PERSON,Manufacturer#3,5-LOW,4,AUTOMOBILE,REG AIR,3,0.01,21,Brand#33,LG CASE,25,22,1,36311.814
F,F,R,TAKE BACK RETURN,Manufacturer#5,5-LOW,4,AUTOMOBILE,SHIP,6,0.01,8,Brand#55,SM BOX,12,21,3,31105.2357
F,F,A,DELIVER IN PERSON,Manufacturer#5,4-NOT SPECIFIED,4,BUILDING,MAIL,1,0.01,21,Brand#54,LG DRUM,5,11,1,17425.7083
F,F,A,TAKE BACK RETURN,Manufacturer#3,4-NOT SPECIFIED,4,BUILDING,RAIL,2,0.01,21,Brand#35,WRAP BOX,44,20,1,29415.896
F,F,R,COLLECT COD,Manufacturer#1,5-LOW,3,MACHINERY,MAIL,1,0.04,21,Brand#13,WRAP PACK,28,3,1,2901.6135
F,F,R,COLLECT COD,Manufacturer#2,5-LOW,3,MACHINERY,FOB,3,0,12,Brand#21,WRAP BOX,19,11,0,18306.068
O,O,N,DELIVER IN PERSON,Manufacturer#3,4-NOT SPECIFIED,1,HOUSEHOLD,REG AIR,2,0.03,9,Brand#31,SM PKG,27,14,4,19820.689
F,F,R,NONE,Manufacturer#4,3-MEDIUM,2,AUTOMOBILE,RAIL,4,0.04,12,Brand#44,LG DRUM,18,15,0,16897.7745
F,F,A,TAKE BACK RETURN,Manufacturer#5,3-MEDIUM,2,FURNITURE,MAIL,2,0.07,9,Brand#52,JUMBO PKG,21,38,4,37281.04
F,F,R,DELIVER IN PERSON,Manufacturer#5,4-NOT SPECIFIED,4,FURNITURE,SHIP,1,0.05,12,Brand#54,SM BAG,1,25,0,41419.68
F,F,R,DELIVER IN PERSON,Manufacturer#5,4-NOT SPECIFIED,4,FURNITURE,RAIL,3,0.06,8,Brand#55,SM BAG,26,28,3,47852.1176
O,O,N,NONE,Manufacturer#4,2-HIGH,2,HOUSEHOLD,MAIL,2,0,12,Brand#45,LG PKG,16,7,0,7992.0225
O,O,N,DELIVER IN PERSON,Manufacturer#4,2-HIGH,2,HOUSEHOLD,FOB,4,0.07,18,Brand#44,SM BAG,23,50,2,90383.04
F,F,A,COLLECT COD,Manufacturer#1,3-MEDIUM,4,BUILDING,FOB,3,0.06,9,Brand#14,JUMBO JAR,26,40,4,45075.212
F,F,R,TAKE BACK RETURN,Manufacturer#1,1-URGENT,3,BUILDING,TRUCK,2,0.01,8,Brand#12,JUMBO DRUM,17,28,3,33047.532
O,O,N,DELIVER IN PERSON,Manufacturer#5,3-MEDIUM,4,FURNITURE,REG AIR,2,0.04,18,Brand#53,LG PACK,11,14,2,15797.2962
O,O,N,COLLECT COD,Manufacturer#3,3-MEDIUM,4,FURNITURE,SHIP,4,0,21,Brand#32,WRAP CAN,48,18,1,22524.3
O,O,N,COLLECT COD,Manufacturer#1,5-LOW,1,BUILDING,MAIL,1,0.06,8,Brand#14,LG JAR,9,4,3,7032.0488
O,O,N,NONE,Manufacturer#5,5-LOW,1,BUILDING,TRUCK,5,0.03,21,Brand#52,JUMBO CAN,43,16,1,26646.9888
F,F,A,DELIVER IN PERSON,Manufacturer#2,4-NOT SPECIFIED,3,AUTOMOBILE,MAIL,3,0.04,9,Brand#24,WRAP PKG,27,43,4,78789.3558
O,O,N,DELIVER IN PERSON,Manufacturer#3,3-MEDIUM,3,BUILDING,RAIL,2,0.05,21,Brand#34,SM PACK,48,14,1,16483.4208
O,O,N,COLLECT COD,Manufacturer#3,3-MEDIUM,3,BUILDING,AIR,4,0.01,8,Brand#31,SM PKG,27,27,3,37437.4575
O,O,N,COLLECT COD,Manufacturer#4,3-MEDIUM,3,BUILDING,FOB,3,0,18,Brand#45,MED BAG,27,2,2,2542.74
O,O,N,DELIVER IN PERSON,Manufacturer#5,3-MEDIUM,1,AUTOMOBILE,TRUCK,6,0.04,21,Brand#52,JUMBO CAN,43,23,1,39103.0682
O,O,N,TAKE BACK RETURN,Manufacturer#1,3-MEDIUM,1,AUTOMOBILE,SHIP,2,0.03,18,Brand#14,WRAP PKG,40,19,2,24085.35
F,F,R,COLLECT COD,Manufacturer#1,5-LOW,2,BUILDING,AIR,1,0.08,8,Brand#13,LG JAR,11,43,3,67289.5992
F,F,R,DELIVER IN PERSON,Manufacturer#2,5-LOW,2,BUILDING,FOB,6,0.03,9,Brand#24,WRAP JAR,14,18,4,29154.78
O,O,N,COLLECT COD,Manufacturer#1,4-NOT SPECIFIED,1,FURNITURE,MAIL,5,0.08,9,Brand#13,WRAP CAN,33,49,4,40705.182
O,O,N,DELIVER IN PERSON,Manufacturer#3,4-NOT SPECIFIED,1,FURNITURE,SHIP,4,0.03,8,Brand#31,JUMBO CAN,11,9,3,9350.0352
O,O,N,NONE,Manufacturer#5,5-LOW,0,MACHINERY,RAIL,3,0.03,18,Brand#55,SM PACK,36,37,2,56286.7569
O,O,N,TAKE BACK RETURN,Manufacturer#3,5-LOW,0,MACHINERY,SHIP,5,0.06,12,Brand#34,MED DRUM,47,14,0,26012.9828
F,F,A,DELIVER IN PERSON,Manufacturer#2,2-HIGH,1,AUTOMOBILE,AIR,3,0.08,8,Brand#25,MED DRUM,10,22,3,24540.2388
F,F,A,COLLECT COD,Manufacturer#2,2-HIGH,1,AUTOMOBILE,RAIL,2,0.04,8,Brand#24,WRAP CASE,26,44,3,39642.8032
F,F,A,COLLECT COD,Manufacturer#4,2-HIGH,1,AUTOMOBILE,TRUCK,1,0.05,18,Brand#43,JUMBO PACK,25,23,2,30819.6435
F,F,R,NONE,Manufacturer#3,2-HIGH,1,AUTOMOBILE,AIR,6,0.02,18,Brand#34,MED CASE,22,39,2,49140.5304
F,F,R,TAKE BACK RETURN,Manufacturer#5,2-HIGH,1,AUTOMOBILE,FOB,5,0.02,21,Brand#52,JUMBO CAN,43,7,1,11050.8671
F,F,R,COLLECT COD,Manufacturer#3,2-HIGH,0,HOUSEHOLD,REG AIR,6,0.08,12,Brand#32,LG PKG,11,42,0,51175.8744
F,F,R,TAKE BACK RETURN,Manufacturer#3,2-HIGH,0,HOUSEHOLD,RAIL,1,0.04,12,Brand#34,MED CASE,43,31,0,32950.272
F,F,R,NONE,Manufacturer#1,2-HIGH,0,HOUSEHOLD,TRUCK,4,0.02,21,Brand#12,WRAP JAR,8,50,1,86683.7
F,F,R,NONE,Manufacturer#4,3-MEDIUM,2,FURNITURE,FOB,2,0.03,18,Brand#44,SM JAR,27,29,2,42065.95
F,F,A,NONE,Manufacturer#3,2-HIGH,4,BUILDING,FOB,3,0.06,12,Brand#33,SM CASE,46,14,0,13051.1948
F,F,R,DELIVER IN PERSON,Manufacturer#5,2-HIGH,4,BUILDING,MAIL,4,0.04,21,Brand#51,JUMBO JAR,23,21,1,29522.9466
O,O,N,TAKE BACK RETURN,Manufacturer#3,2-HIGH,2,BUILDING,SHIP,3,0.03,9,Brand#31,LG PACK,36,20,4,28972.29
O,O,N,TAKE BACK RETURN,Manufacturer#2,4-NOT SPECIFIED,3,BUILDING,FOB,4,0.05,21,Brand#25,MED CAN,25,10,1,8883.376
O,O,N,NONE,Manufacturer#4,4-NOT SPECIFIED,3,BUILDING,AIR,1,0.01,9,Brand#44,SM JAR,27,34,4,47839.139
F,F,A,TAKE BACK RETURN,Manufacturer#4,1-URGENT,2,BUILDING,FOB,5,0.06,18,Brand#45,JUMBO BOX,44,13,2,17328.2304
F,F,A,NONE,Manufacturer#4,5-LOW,4,HOUSEHOLD,AIR,3,0.03,9,Brand#41,JUMBO PKG,36,43,4,70172.5385
F,F,R,COLLECT COD,Manufacturer#2,5-LOW,4,HOUSEHOLD,RAIL,4,0.07,8,Brand#24,WRAP DRUM,6,10,3,18369.3
F,F,A,DELIVER IN PERSON,Manufacturer#1,5-LOW,4,HOUSEHOLD,AIR,2,0.05,9,Brand#11,MED PKG,34,45,4,69661.053
F,F,R,TAKE BACK RETURN,Manufacturer#5,5-LOW,4,HOUSEHOLD,TRUCK,7,0.05,21,Brand#53,JUMBO BOX,11,23,1,38234.004
F,F,R,COLLECT COD,Manufacturer#5,5-LOW,4,HOUSEHOLD,SHIP,5,0.07,18,Brand#52,JUMBO PKG,8,1,2,1569.336
O,O,N,COLLECT COD,Manufacturer#4,2-HIGH,4,FURNITURE,REG AIR,3,0,18,Brand#44,WRAP CASE,35,49,2,58935.9064
O,O,N,NONE,Manufacturer#4,2-HIGH,4,FURNITURE,MAIL,1,0.02,9,Brand#43,JUMBO BAG,43,20,4,31805.312
F,F,A,DELIVER IN PERSON,Manufacturer#5,5-LOW,1,FURNITURE,SHIP,3,0.07,8,Brand#55,LG BAG,36,27,3,30107.7864
F,F,R,TAKE BACK RETURN,Manufacturer#4,5-LOW,1,FURNITURE,FOB,5,0,8,Brand#43,MED PACK,37,28,3,46578.4704
F,F,A,COLLECT COD,Manufacturer#2,4-NOT SPECIFIED,4,FURNITURE,SHIP,1,0.08,9,Brand#24,WRAP PKG,27,14,4,26445.72
F,F,R,COLLECT COD,Manufacturer#1,4-NOT SPECIFIED,4,FURNITURE,TRUCK,5,0.05,8,Brand#12,WRAP JAR,8,6,3,10949.52
O,O,N,COLLECT COD,Manufacturer#3,3-MEDIUM,4,FURNITURE,MAIL,3,0.08,9,Brand#33,LG DRUM,28,44,4,42378.732
O,O,N,DELIVER IN PERSON,Manufacturer#5,3-MEDIUM,4,FURNITURE,SHIP,2,0.05,18,Brand#55,SM BOX,37,6,2,5747.7804
O,O,N,DELIVER IN PERSON,Manufacturer#3,3-MEDIUM,4,FURNITURE,FOB,1,0.05,8,Brand#33,WRAP DRUM,8,25,3,38007.4725
F,F,R,TAKE BACK RETURN,Manufacturer#2,4-NOT SPECIFIED,2,BUILDING,RAIL,5,0.01,18,Brand#23,JUMBO PKG,39,27,2,29684.6208
F,F,R,NONE,Manufacturer#2,4-NOT SPECIFIED,2,BUILDING,MAIL,1,0.03,12,Brand#24,SM BAG,18,8,0,11894.2336
O,O,N,DELIVER IN PERSON,Manufacturer#3,4-NOT SPECIFIED,2,BUILDING,AIR,2,0.02,12,Brand#34,LG CASE,20,2,0,2463.279
F,F,A,DELIVER IN PERSON,Manufacturer#5,4-NOT SPECIFIED,0,AUTOMOBILE,AIR,3,0,18,Brand#51,JUMBO BOX,39,26,2,46756.853
F,F,R,DELIVER IN PERSON,Manufacturer#2,4-NOT SPECIFIED,0,AUTOMOBILE,RAIL,2,0.01,9,Brand#21,LG DRUM,8,27,4,27045.2952
O,O,N,TAKE BACK RETURN,Manufacturer#3,2-HIGH,4,FURNITURE,TRUCK,3,0.04,9,Brand#31,JUMBO BOX,34,41,4,64431.3114
O,O,N,COLLECT COD,Manufacturer#5,5-LOW,4,FURNITURE,MAIL,4,0.04,9,Brand#51,JUMBO PACK,19,2,4,3716.4006
F,F,A,COLLECT COD,Manufacturer#1,1-URGENT,2,BUILDING,REG AIR,1,0.04,21,Brand#15,WRAP BOX,26,21,1,28980.6048
F,F,A,DELIVER IN PERSON,Manufacturer#2,2-HIGH,2,FURNITURE,AIR,1,0.04,12,Brand#23,JUMBO BAG,35,9,0,9002.7936
F,F,R,COLLECT COD,Manufacturer#1,2-HIGH,2,FURNITURE,FOB,4,0.03,9,Brand#12,SM BAG,46,20,4,17859.6
F,F,A,DELIVER IN PERSON,Manufacturer#3,2-HIGH,2,FURNITURE,REG AIR,5,0.05,12,Brand#35,SM JAR,33,46,0,73205.9824
F,F,A,DELIVER IN PERSON,Manufacturer#1,2-HIGH,2,FURNITURE,MAIL,6,0.04,18,Brand#15,MED PKG,35,30,2,45393.348
F,F,A,NONE,Manufacturer#2,3-MEDIUM,1,FURNITURE,MAIL,6,0.02,18,Brand#25,SM PACK,28,39,2,59494.1061
F,F,A,COLLECT COD,Manufacturer#3,3-MEDIUM,1,FURNITURE,FOB,4,0.07,8,Brand#35,MED CASE,27,17,3,19245.6864
F,F,A,COLLECT COD,Manufacturer#1,2-HIGH,2,HOUSEHOLD,SHIP,1,0,18,Brand#12,LG PKG,1,4,2,4004.6916
O,O,N,DELIVER IN PERSON,Manufacturer#2,1-URGENT,4,MACHINERY,MAIL,2,0.01,18,Brand#24,SM PACK,30,6,2,5711.9244
O,O,N,DELIVER IN PERSON,Manufacturer#2,1-URGENT,4,MACHINERY,FOB,5,0.06,21,Brand#21,WRAP BAG,37,9,1,10758.9492
F,P,R,DELIVER IN PERSON,Manufacturer#2,2-HIGH,4,HOUSEHOLD,RAIL,3,0.03,18,Brand#21,WRAP CAN,16,24,2,37037.6544
O,O,N,COLLECT COD,Manufacturer#2,4-NOT SPECIFIED,2,FURNITURE,TRUCK,6,0.03,21,Brand#25,MED CAN,25,12,1,10433.2416
O,O,N,TAKE BACK RETURN,Manufacturer#1,4-NOT SPECIFIED,2,FURNITURE,AIR,3,0.03,18,Brand#13,MED CASE,47,5,2,6953.979
O,O,N,TAKE BACK RETURN,Manufacturer#4,4-NOT SPECIFIED,2,FURNITURE,SHIP,1,0,9,Brand#43,MED PACK,47,18,4,26742.15
F,F,R,NONE,Manufacturer#5,3-MEDIUM,2,MACHINERY,AIR,1,0.07,21,Brand#51,JUMBO PACK,49,43,1,58835.868
O,O,N,COLLECT COD,Manufacturer#5,4-NOT SPECIFIED,3,AUTOMOBILE,TRUCK,5,0.05,8,Brand#52,JUMBO JAR,16,17,3,20487.312
O,O,N,COLLECT COD,Manufacturer#4,4-NOT SPECIFIED,3,AUTOMOBILE,SHIP,1,0.07,9,Brand#43,JUMBO BAG,41,7,4,10703.8176
O,O,N,DELIVER IN PERSON,Manufacturer#2,4-NOT SPECIFIED,3,AUTOMOBILE,SHIP,4,0.03,9,Brand#24,SM CAN,14,31,4,37056.1631
F,F,R,COLLECT COD,Manufacturer#2,3-MEDIUM,3,FURNITURE,TRUCK,2,0.07,18,Brand#25,JUMBO BOX,36,38,2,45811.9336
F,F,R,DELIVER IN PERSON,Manufacturer#1,3-MEDIUM,3,FURNITURE,FOB,6,0,18,Brand#15,SM CASE,2,12,2,16034.2896
F,F,A,DELIVER IN PERSON,Manufacturer#2,3-MEDIUM,3,FURNITURE,RAIL,7,0.05,18,Brand#21,MED PACK,24,32,2,33172.176
F,F,A,COLLECT COD,Manufacturer#4,3-MEDIUM,3,FURNITURE,REG AIR,3,0.04,8,Brand#43,JUMBO PACK,14,3,3,2552.6319
F,F,R,NONE,Manufacturer#1,5-LOW,3,AUTOMOBILE,SHIP,4,0.05,21,Brand#14,MED BOX,1,22,1,31489.458
F,F,R,COLLECT COD,Manufacturer#4,5-LOW,3,AUTOMOBILE,SHIP,7,0.02,18,Brand#45,MED JAR,41,8,2,8245.008
F,F,R,DELIVER IN PERSON,Manufacturer#4,5-LOW,3,AUTOMOBILE,SHIP,3,0.08,21,Brand#45,MED CAN,24,24,1,22657.2552
F,F,R,DELIVER IN PERSON,Manufacturer#2,5-LOW,3,AUTOMOBILE,FOB,5,0.07,9,Brand#22,JUMBO JAR,28,3,4,4513.4109
F,F,A,DELIVER IN PERSON,Manufacturer#1,5-LOW,3,AUTOMOBILE,TRUCK,2,0.08,12,Brand#15,SM CASE,34,43,0,57746.6608
F,F,A,NONE,Manufacturer#5,5-LOW,3,AUTOMOBILE,TRUCK,6,0.02,8,Brand#53,SM PKG,40,17,3,22598.457
F,F,R,NONE,Manufacturer#2,2-HIGH,4,BUILDING,RAIL,3,0.06,12,Brand#22,LG BOX,22,4,0,4336.304
F,F,R,NONE,Manufacturer#4,2-HIGH,4,BUILDING,FOB,2,0.04,8,Brand#41,SM PACK,44,4,3,4998.558
F,F,R,COLLECT COD,Manufacturer#2,4-NOT SPECIFIED,1,AUTOMOBILE,AIR,2,0.02,12,Brand#22,SM PACK,31,36,0,32578.3836
F,F,R,NONE,Manufacturer#1,4-NOT SPECIFIED,1,AUTOMOBILE,AIR,5,0.08,18,Brand#15,MED BOX,9,1,2,1757.1213
F,F,A,NONE,Manufacturer#2,2-HIGH,1,BUILDING,SHIP,1,0.04,18,Brand#23,WRAP JAR,50,10,2,11108.97
F,F,A,TAKE BACK RETURN,Manufacturer#3,2-HIGH,4,HOUSEHOLD,AIR,1,0.07,18,Brand#33,MED PKG,24,9,2,12698.4564
O,O,N,DELIVER IN PERSON,Manufacturer#5,5-LOW,2,HOUSEHOLD,REG AIR,3,0.03,8,Brand#54,MED PKG,43,39,3,61527.3828
O,O,N,COLLECT COD,Manufacturer#5,5-LOW,2,HOUSEHOLD,REG AIR,1,0.04,12,Brand#52,WRAP CAN,4,31,0,46765.0996
F,F,A,COLLECT COD,Manufacturer#3,4-NOT SPECIFIED,1,AUTOMOBILE,AIR,3,0.07,9,Brand#33,LG CAN,16,43,4,53452.2164
F,F,R,COLLECT COD,Manufacturer#4,4-NOT SPECIFIED,1,AUTOMOBILE,SHIP,2,0.07,8,Brand#42,LG CAN,38,38,3,47188.647
F,F,A,DELIVER IN PERSON,Manufacturer#1,3-MEDIUM,1,HOUSEHOLD,FOB,5,0.01,21,Brand#12,JUMBO BAG,16,27,1,30488.535
F,F,R,COLLECT COD,Manufacturer#5,3-MEDIUM,1,HOUSEHOLD,TRUCK,4,0.02,18,Brand#53,MED PKG,47,32,2,49473.7792
F,F,R,DELIVER IN PERSON,Manufacturer#3,3-MEDIUM,1,HOUSEHOLD,AIR,3,0.06,8,Brand#34,WRAP BAG,5,9,3,11381.3667
F,F,R,NONE,Manufacturer#5,4-NOT SPECIFIED,1,BUILDING,FOB,3,0.08,18,Brand#54,MED JAR,10,33,2,43590.0465
F,F,R,COLLECT COD,Manufacturer#2,4-NOT SPECIFIED,1,BUILDING,FOB,1,0.06,9,Brand#24,JUMBO DRUM,50,48,4,80004.48
F,F,A,TAKE BACK RETURN,Manufacturer#2,3-MEDIUM,4,AUTOMOBILE,TRUCK,3,0.03,8,Brand#24,MED CASE,36,38,3,43326.9768
F,F,A,COLLECT COD,Manufacturer#5,2-HIGH,1,HOUSEHOLD,RAIL,4,0.06,9,Brand#55,LG JAR,38,38,4,51632.3214
F,F,R,DELIVER IN PERSON,Manufacturer#5,2-HIGH,1,HOUSEHOLD,FOB,2,0.03,21,Brand#51,SM PKG,1,13,1,22090.8285
F,F,R,TAKE BACK RETURN,Manufacturer#5,2-HIGH,1,HOUSEHOLD,SHIP,1,0.05,21,Brand#52,JUMBO PKG,17,27,1,34813.152
O,O,N,DELIVER IN PERSON,Manufacturer#1,4-NOT SPECIFIED,0,HOUSEHOLD,RAIL,5,0.02,12,Brand#11,MED BAG,20,7,0,6708.5655
O,O,N,DELIVER IN PERSON,Manufacturer#5,4-NOT SPECIFIED,0,HOUSEHOLD,MAIL,3,0.08,12,Brand#51,SM PACK,33,45,0,79299.1125
O,O,N,COLLECT COD,Manufacturer#5,4-NOT SPECIFIED,0,HOUSEHOLD,RAIL,6,0.07,18,Brand#55,SM PACK,36,38,2,57808.0206
O,O,N,NONE,Manufacturer#3,4-NOT SPECIFIED,0,HOUSEHOLD,REG AIR,2,0.07,8,Brand#35,JUMBO DRUM,21,3,3,4221.9144
O,O,N,COLLECT COD,Manufacturer#5,4-NOT SPECIFIED,0,HOUSEHOLD,RAIL,7,0.01,12,Brand#54,LG JAR,19,28,0,25911.998
F,F,R,COLLECT COD,Manufacturer#3,4-NOT SPECIFIED,0,BUILDING,RAIL,3,0.06,12,Brand#35,LG PKG,6,25,0,34957.2
F,F,R,DELIVER IN PERSON,Manufacturer#4,4-NOT SPECIFIED,0,BUILDING,MAIL,2,0.02,18,Brand#43,WRAP CAN,44,5,2,8647.671
O,O,N,TAKE BACK RETURN,Manufacturer#1,4-NOT SPECIFIED,1,BUILDING,MAIL,2,0.02,21,Brand#12,JUMBO BOX,20,4,1,5841.724
F,F,R,NONE,Manufacturer#2,4-NOT SPECIFIED,2,HOUSEHOLD,TRUCK,1,0.05,9,Brand#25,SM CAN,18,22,4,29374.95
F,P,A,COLLECT COD,Manufacturer#2,3-MEDIUM,2,FURNITURE,AIR,3,0.04,18,Brand#23,LG JAR,3,33,2,37524.3627
O,P,N,DELIVER IN PERSON,Manufacturer#4,3-MEDIUM,2,FURNITURE,MAIL,1,0.03,8,Brand#45,LG CASE,45,3,3,4173.228
F,F,R,TAKE BACK RETURN,Manufacturer#3,3-MEDIUM,1,AUTOMOBILE,REG AIR,4,0.01,9,Brand#35,JUMBO CASE,24,34,4,31522.0528
F,F,A,NONE,Manufacturer#4,3-MEDIUM,1,AUTOMOBILE,MAIL,3,0,8,Brand#43,MED BOX,10,30,3,55627.209
F,F,R,NONE,Manufacturer#2,3-MEDIUM,1,AUTOMOBILE,REG AIR,5,0.01,18,Brand#21,MED PACK,24,37,2,38355.3285
F,F,R,TAKE BACK RETURN,Manufacturer#4,3-MEDIUM,1,AUTOMOBILE,SHIP,7,0.08,18,Brand#45,JUMBO CAN,34,47,2,75987.0244
F,F,A,NONE,Manufacturer#1,3-MEDIUM,0,FURNITURE,RAIL,2,0,9,Brand#15,SM JAR,25,13,4,18596.76
F,F,R,DELIVER IN PERSON,Manufacturer#4,3-MEDIUM,1,HOUSEHOLD,MAIL,3,0.04,21,Brand#45,JUMBO PACK,26,50,1,49204
F,F,A,DELIVER IN PERSON,Manufacturer#3,3-MEDIUM,1,HOUSEHOLD,TRUCK,2,0.06,9,Brand#34,MED JAR,46,50,4,75220.695
F,F,R,NONE,Manufacturer#2,5-LOW,0,HOUSEHOLD,MAIL,4,0.03,12,Brand#23,MED CAN,31,26,0,40246.3256
F,F,R,TAKE BACK RETURN,Manufacturer#3,4-NOT SPECIFIED,0,BUILDING,AIR,3,0.08,12,Brand#34,WRAP JAR,43,15,0,18612.2475
O,O,N,NONE,Manufacturer#4,1-URGENT,0,AUTOMOBILE,SHIP,2,0.02,12,Brand#45,LG PKG,16,34,0,38034.185
F,F,R,COLLECT COD,Manufacturer#4,1-URGENT,1,FURNITURE,AIR,2,0.06,18,Brand#44,MED DRUM,45,3,2,4932.837
O,O,N,NONE,Manufacturer#5,4-NOT SPECIFIED,2,AUTOMOBILE,TRUCK,2,0.06,18,Brand#55,LG JAR,38,46,2,59345.6028
O,O,N,DELIVER IN PERSON,Manufacturer#3,4-NOT SPECIFIED,2,AUTOMOBILE,AIR,3,0.06,18,Brand#32,WRAP BOX,21,18,2,23893.56
O,O,N,NONE,Manufacturer#4,4-NOT SPECIFIED,2,AUTOMOBILE,AIR,6,0.08,8,Brand#44,LG DRUM,13,22,3,38647.9104
O,O,N,NONE,Manufacturer#4,4-NOT SPECIFIED,2,AUTOMOBILE,TRUCK,4,0.01,18,Brand#45,SM PACK,3,12,2,18765.6816
O,O,N,COLLECT COD,Manufacturer#2,5-LOW,2,AUTOMOBILE,SHIP,1,0.04,9,Brand#25,JUMBO JAR,49,11,4,13148.19
O,O,N,TAKE BACK RETURN,Manufacturer#2,1-URGENT,1,FURNITURE,FOB,1,0,9,Brand#24,MED PKG,13,2,4,2300.6256
O,O,N,COLLECT COD,Manufacturer#1,1-URGENT,1,FURNITURE,FOB,2,0,12,Brand#15,WRAP JAR,44,20,0,20675.42
O,O,N,COLLECT COD,Manufacturer#2,3-MEDIUM,2,FURNITURE,RAIL,4,0.05,8,Brand#23,WRAP BAG,35,15,3,16384.464
O,O,N,TAKE BACK RETURN,Manufacturer#3,3-MEDIUM,2,HOUSEHOLD,AIR,1,0.08,21,Brand#35,MED BOX,24,10,1,12743.68
F,F,A,COLLECT COD,Manufacturer#4,4-NOT SPECIFIED,3,AUTOMOBILE,SHIP,1,0.02,18,Brand#45,MED CAN,4,50,2,91178.545
O,O,N,TAKE BACK RETURN,Manufacturer#2,3-MEDIUM,1,AUTOMOBILE,MAIL,4,0.01,21,Brand#22,JUMBO CAN,42,29,1,49671.49
O,O,N,NONE,Manufacturer#5,5-LOW,0,MACHINERY,REG AIR,5,0.02,9,Brand#51,MED CASE,48,19,4,32372.086
O,O,N,COLLECT COD,Manufacturer#2,5-LOW,0,MACHINERY,RAIL,1,0.04,9,Brand#24,JUMBO BOX,38,13,4,23185.6534
O,O,N,NONE,Manufacturer#3,5-LOW,0,MACHINERY,MAIL,2,0.08,12,Brand#32,JUMBO BAG,42,11,0,10373.44
F,F,A,DELIVER IN PERSON,Manufacturer#3,5-LOW,3,AUTOMOBILE,FOB,4,0.02,18,Brand#34,JUMBO CASE,19,23,2,40960.7253
F,F,R,COLLECT COD,Manufacturer#1,5-LOW,3,AUTOMOBILE,MAIL,1,0,8,Brand#14,LG JAR,9,8,3,14064.0976
O,O,N,TAKE BACK RETURN,Manufacturer#1,3-MEDIUM,3,MACHINERY,REG AIR,3,0.06,9,Brand#14,MED PACK,43,30,4,36129.366
O,O,N,DELIVER IN PERSON,Manufacturer#5,3-MEDIUM,3,MACHINERY,TRUCK,5,0.05,8,Brand#54,WRAP CASE,46,50,3,68425.175
F,F,A,COLLECT COD,Manufacturer#1,3-MEDIUM,3,FURNITURE,SHIP,6,0,12,Brand#11,LG PKG,12,19,0,28313.7582
F,F,R,COLLECT COD,Manufacturer#3,3-MEDIUM,3,FURNITURE,FOB,3,0.01,9,Brand#33,SM BOX,32,50,4,82166.88
O,O,N,TAKE BACK RETURN,Manufacturer#2,2-HIGH,3,BUILDING,RAIL,4,0.01,9,Brand#23,JUMBO PACK,25,14,4,12792.4412
O,O,N,DELIVER IN PERSON,Manufacturer#3,1-URGENT,1,AUTOMOBILE,REG AIR,5,0.03,12,Brand#34,WRAP PKG,27,22,0,26022.678
O,O,N,TAKE BACK RETURN,Manufacturer#1,1-URGENT,1,AUTOMOBILE,FOB,4,0.07,8,Brand#15,WRAP JAR,44,28,3,30164.3496
O,O,N,TAKE BACK RETURN,Manufacturer#2,1-URGENT,1,FURNITURE,RAIL,1,0.04,8,Brand#21,JUMBO CASE,31,36,3,42684.4224
O,O,N,COLLECT COD,Manufacturer#1,1-URGENT,1,FURNITURE,RAIL,5,0.01,18,Brand#15,WRAP BOX,48,23,2,38459.8272
O,O,N,DELIVER IN PERSON,Manufacturer#4,1-URGENT,1,FURNITURE,TRUCK,4,0.08,21,Brand#41,WRAP CAN,20,15,1,26086.5495
O,O,N,TAKE BACK RETURN,Manufacturer#5,1-URGENT,1,FURNITURE,REG AIR,2,0,21,Brand#53,WRAP CASE,1,41,1,45719.2312
F,F,R,TAKE BACK RETURN,Manufacturer#3,2-HIGH,2,BUILDING,MAIL,1,0.05,9,Brand#34,LG DRUM,33,9,4,15201.5004
O,O,N,COLLECT COD,Manufacturer#5,1-URGENT,4,AUTOMOBILE,TRUCK,3,0.06,8,Brand#51,WRAP CASE,1,16,3,24201.76
F,F,A,DELIVER IN PERSON,Manufacturer#3,3-MEDIUM,1,AUTOMOBILE,AIR,3,0.03,9,Brand#35,SM BAG,21,47,4,48863.4795
F,F,R,TAKE BACK RETURN,Manufacturer#1,3-MEDIUM,1,AUTOMOBILE,REG AIR,6,0.05,8,Brand#15,LG DRUM,31,15,3,18068.805
F,F,A,NONE,Manufacturer#1,3-MEDIUM,1,AUTOMOBILE,REG AIR,1,0,21,Brand#11,WRAP CAN,5,13,1,19340.2521
F,F,A,DELIVER IN PERSON,Manufacturer#2,3-MEDIUM,1,BUILDING,RAIL,1,0.03,21,Brand#24,SM DRUM,10,8,1,7208
O,O,N,COLLECT COD,Manufacturer#3,1-URGENT,4,HOUSEHOLD,RAIL,5,0,9,Brand#33,LG CASE,35,33,4,34811.2644
O,O,N,TAKE BACK RETURN,Manufacturer#2,1-URGENT,4,MACHINERY,MAIL,1,0.07,21,Brand#25,SM CAN,1,31,1,39423.1929
O,O,N,COLLECT COD,Manufacturer#3,1-URGENT,4,MACHINERY,TRUCK,4,0.08,12,Brand#34,LG CASE,16,47,0,60281.8428
O,O,N,COLLECT COD,Manufacturer#4,1-URGENT,4,MACHINERY,REG AIR,2,0.02,18,Brand#44,SM JAR,27,30,2,39164.85
O,O,N,COLLECT COD,Manufacturer#3,3-MEDIUM,2,HOUSEHOLD,FOB,2,0.06,9,Brand#33,LG DRUM,2,44,4,69780.2336
O,O,N,DELIVER IN PERSON,Manufacturer#1,3-MEDIUM,2,HOUSEHOLD,RAIL,1,0.03,21,Brand#14,SM PACK,10,36,1,36519.3864
O,O,N,TAKE BACK RETURN,Manufacturer#3,3-MEDIUM,2,HOUSEHOLD,TRUCK,4,0.05,8,Brand#33,MED DRUM,29,27,3,32978.1564
O,O,N,DELIVER IN PERSON,Manufacturer#5,3-MEDIUM,2,HOUSEHOLD,RAIL,6,0.08,21,Brand#51,JUMBO JAR,20,14,1,14957.2696
O,O,N,TAKE BACK RETURN,Manufacturer#1,5-LOW,2,HOUSEHOLD,MAIL,1,0.03,9,Brand#14,MED CASE,46,26,4,29034.9696
O,O,N,DELIVER IN PERSON,Manufacturer#3,3-MEDIUM,4,MACHINERY,RAIL,1,0.02,21,Brand#31,MED PACK,38,36,1,52304.4576
F,F,A,COLLECT COD,Manufacturer#4,2-HIGH,1,BUILDING,TRUCK,3,0.08,12,Brand#41,WRAP JAR,2,25,0,42640.85
F,F,A,DELIVER IN PERSON,Manufacturer#2,2-HIGH,1,BUILDING,MAIL,5,0.06,18,Brand#25,SM CAN,1,21,2,29347.29
F,F,R,DELIVER IN PERSON,Manufacturer#5,3-MEDIUM,1,BUILDING,SHIP,4,0.04,9,Brand#54,SM CAN,32,40,4,63311.616
F,F,A,NONE,Manufacturer#4,3-MEDIUM,1,BUILDING,MAIL,2,0.05,18,Brand#42,WRAP CAN,16,11,2,15957.9453
O,O,N,DELIVER IN PERSON,Manufacturer#4,4-NOT SPECIFIED,0,BUILDING,REG AIR,3,0.05,12,Brand#41,LG CASE,45,5,0,8934.655
O,O,N,DELIVER IN PERSON,Manufacturer#2,4-NOT SPECIFIED,0,BUILDING,FOB,2,0.05,18,Brand#21,LG PACK,33,49,2,46392.6071
F,F,R,TAKE BACK RETURN,Manufacturer#3,3-MEDIUM,0,FURNITURE,FOB,7,0.04,12,Brand#32,LG PKG,47,35,0,49612.752
F,F,R,DELIVER IN PERSON,Manufacturer#2,3-MEDIUM,2,HOUSEHOLD,AIR,1,0.04,8,Brand#22,SM PACK,50,30,3,43822.455
F,F,N,DELIVER IN PERSON,Manufacturer#5,3-MEDIUM,2,HOUSEHOLD,FOB,4,0.04,9,Brand#52,JUMBO CASE,45,11,4,11119.6338
F,F,A,TAKE BACK RETURN,Manufacturer#3,3-MEDIUM,2,HOUSEHOLD,TRUCK,2,0.08,18,Brand#34,MED CASE,22,5,2,6233.046
F,F,A,TAKE BACK RETURN,Manufacturer#3,3-MEDIUM,3,AUTOMOBILE,MAIL,7,0.03,21,Brand#34,SM JAR,7,37,1,56566.3104
F,F,A,COLLECT COD,Manufacturer#3,3-MEDIUM,3,AUTOMOBILE,SHIP,3,0.06,9,Brand#31,JUMBO JAR,38,8,4,12108.816
F,F,R,DELIVER IN PERSON,Manufacturer#1,5-LOW,4,BUILDING,FOB,5,0.06,9,Brand#13,WRAP BOX,5,45,4,52090.533
F,F,A,DELIVER IN PERSON,Manufacturer#5,5-LOW,4,BUILDING,REG AIR,1,0,9,Brand#51,LG BAG,10,25,4,26190.9375
F,F,A,DELIVER IN PERSON,Manufacturer#4,5-LOW,4,BUILDING,MAIL,4,0.04,18,Brand#45,JUMBO CAN,34,17,2,25241.022
F,F,R,NONE,Manufacturer#5,3-MEDIUM,0,AUTOMOBILE,MAIL,1,0,12,Brand#54,WRAP DRUM,43,23,0,35159.5986
O,O,N,DELIVER IN PERSON,Manufacturer#3,1-URGENT,4,BUILDING,FOB,6,0,8,Brand#35,LG CAN,42,47,3,47608.0578
O,O,N,NONE,Manufacturer#1,1-URGENT,4,BUILDING,AIR,3,0.07,9,Brand#13,JUMBO JAR,16,13,4,21861.1302
O,O,N,NONE,Manufacturer#2,1-URGENT,4,BUILDING,REG AIR,2,0.07,8,Brand#22,WRAP BAG,2,14,3,14215.7036
O,O,N,NONE,Manufacturer#5,1-URGENT,4,BUILDING,TRUCK,4,0.06,8,Brand#51,JUMBO BOX,39,11,3,19989.9744
F,F,A,DELIVER IN PERSON,Manufacturer#1,5-LOW,3,AUTOMOBILE,MAIL,1,0.03,21,Brand#11,WRAP CAN,5,31,1,48102.6783
O,O,N,DELIVER IN PERSON,Manufacturer#1,1-URGENT,4,AUTOMOBILE,MAIL,5,0.06,18,Brand#13,WRAP PKG,43,38,2,49437.506
O,O,N,TAKE BACK RETURN,Manufacturer#2,1-URGENT,4,AUTOMOBILE,MAIL,4,0,21,Brand#21,SM CAN,48,2,1,2413.1454
F,F,R,TAKE BACK RETURN,Manufacturer#5,4-NOT SPECIFIED,2,BUILDING,RAIL,1,0.02,9,Brand#52,SM JAR,18,42,4,41934.6018
O,O,N,NONE,Manufacturer#2,5-LOW,2,HOUSEHOLD,FOB,4,0.04,12,Brand#24,WRAP PACK,13,37,0,64758.9318
F,F,A,COLLECT COD,Manufacturer#1,4-NOT SPECIFIED,0,FURNITURE,MAIL,1,0.07,8,Brand#12,WRAP PKG,40,48,3,83400.192
F,F,R,DELIVER IN PERSON,Manufacturer#2,4-NOT SPECIFIED,0,FURNITURE,FOB,4,0.06,18,Brand#24,WRAP PKG,14,18,2,30657.141
F,F,R,NONE,Manufacturer#2,4-NOT SPECIFIED,0,FURNITURE,SHIP,6,0.06,9,Brand#23,MED DRUM,7,9,4,12089.979
F,F,R,NONE,Manufacturer#4,1-URGENT,1,HOUSEHOLD,RAIL,3,0.07,18,Brand#45,MED DRUM,34,28,2,39351.4912
O,O,N,TAKE BACK RETURN,Manufacturer#5,3-MEDIUM,4,FURNITURE,TRUCK,7,0.03,18,Brand#52,WRAP PKG,36,42,2,45922.9428
O,O,N,COLLECT COD,Manufacturer#4,3-MEDIUM,4,FURNITURE,AIR,2,0.02,18,Brand#43,WRAP CAN,2,39,2,46584.4626
O,O,N,NONE,Manufacturer#1,3-MEDIUM,4,FURNITURE,TRUCK,6,0,8,Brand#13,LG PKG,19,34,3,35126.42
O,O,N,DELIVER IN PERSON,Manufacturer#3,3-MEDIUM,4,FURNITURE,SHIP,3,0.03,9,Brand#31,LG PACK,18,21,4,37461.48
O,O,N,TAKE BACK RETURN,Manufacturer#1,3-MEDIUM,4,FURNITURE,SHIP,5,0.01,18,Brand#15,MED PKG,35,39,2,60956.7816
O,O,N,NONE,Manufacturer#5,5-LOW,4,AUTOMOBILE,MAIL,3,0.03,21,Brand#51,JUMBO BAG,22,20,1,35682.212
O,O,N,DELIVER IN PERSON,Manufacturer#3,3-MEDIUM,0,MACHINERY,AIR,2,0.05,21,Brand#34,SM BAG,20,48,1,72617.304
O,O,N,COLLECT COD,Manufacturer#2,2-HIGH,0,BUILDING,TRUCK,2,0.04,9,Brand#23,LG JAR,15,15,4,18023.733
O,O,N,TAKE BACK RETURN,Manufacturer#4,2-HIGH,0,BUILDING,TRUCK,5,0.08,9,Brand#43,JUMBO CASE,44,15,4,23325.12
F,F,R,COLLECT COD,Manufacturer#1,4-NOT SPECIFIED,1,HOUSEHOLD,FOB,1,0.03,21,Brand#12,LG PKG,1,39,1,41620.1877
O,O,N,TAKE BACK RETURN,Manufacturer#3,5-LOW,3,MACHINERY,SHIP,1,0.08,8,Brand#32,LG PKG,36,3,3,5282.58
O,O,N,COLLECT COD,Manufacturer#4,5-LOW,3,MACHINERY,SHIP,2,0.07,18,Brand#43,WRAP CAN,44,25,2,45538.2675
O,O,N,NONE,Manufacturer#5,5-LOW,1,AUTOMOBILE,RAIL,3,0.08,8,Brand#55,MED PACK,2,28,3,25123.5432
O,O,N,NONE,Manufacturer#4,5-LOW,1,AUTOMOBILE,AIR,2,0.08,12,Brand#42,JUMBO CAN,44,1,0,1189.7325
O,O,N,NONE,Manufacturer#2,5-LOW,1,AUTOMOBILE,MAIL,1,0.03,8,Brand#24,JUMBO CAN,13,21,3,33823.8432
F,F,R,NONE,Manufacturer#4,3-MEDIUM,3,HOUSEHOLD,FOB,1,0.05,12,Brand#44,SM PKG,50,40,0,64553.888
F,F,R,COLLECT COD,Manufacturer#1,2-HIGH,4,AUTOMOBILE,SHIP,4,0.02,9,Brand#11,JUMBO BAG,24,18,4,29904.228
F,F,R,NONE,Manufacturer#1,2-HIGH,4,AUTOMOBILE,TRUCK,6,0.04,18,Brand#15,JUMBO DRUM,8,26,2,25787.866
F,F,A,COLLECT COD,Manufacturer#3,4-NOT SPECIFIED,0,BUILDING,RAIL,1,0.07,18,Brand#31,LG CAN,13,19,2,34961.5257
O,O,N,NONE,Manufacturer#2,4-NOT SPECIFIED,0,MACHINERY,TRUCK,5,0.01,8,Brand#24,JUMBO CAN,13,28,3,42749.5796
O,O,N,DELIVER IN PERSON,Manufacturer#4,2-HIGH,3,HOUSEHOLD,SHIP,7,0.02,21,Brand#45,MED BAG,27,26,1,31402.839
O,O,N,TAKE BACK RETURN,Manufacturer#2,2-HIGH,3,HOUSEHOLD,MAIL,6,0.03,12,Brand#21,MED PACK,12,25,0,40537.77
O,O,N,DELIVER IN PERSON,Manufacturer#1,5-LOW,4,BUILDING,FOB,3,0.02,18,Brand#12,JUMBO BAG,43,7,2,8481.2105
O,P,N,NONE,Manufacturer#5,1-URGENT,1,HOUSEHOLD,AIR,3,0.05,12,Brand#53,WRAP DRUM,10,11,0,10958.0691
O,P,N,COLLECT COD,Manufacturer#2,1-URGENT,1,HOUSEHOLD,FOB,2,0.05,21,Brand#23,SM PACK,45,8,1,9548.3472
F,F,A,TAKE BACK RETURN,Manufacturer#1,4-NOT SPECIFIED,4,MACHINERY,TRUCK,4,0.01,21,Brand#11,JUMBO PACK,39,31,1,49786.7006
F,F,R,TAKE BACK RETURN,Manufacturer#1,4-NOT SPECIFIED,4,MACHINERY,AIR,2,0.04,12,Brand#11,LG CASE,39,27,0,44258.1975
O,O,N,TAKE BACK RETURN,Manufacturer#1,4-NOT SPECIFIED,4,HOUSEHOLD,FOB,1,0.04,18,Brand#13,JUMBO JAR,26,4,2,4655.022
F,F,R,TAKE BACK RETURN,Manufacturer#4,5-LOW,3,MACHINERY,REG AIR,1,0.06,12,Brand#45,WRAP PKG,15,2,0,1931.706
O,O,N,TAKE BACK RETURN,Manufacturer#5,1-URGENT,0,MACHINERY,AIR,1,0.02,21,Brand#53,SM BAG,24,47,1,48139.1484
F,F,A,TAKE BACK RETURN,Manufacturer#3,1-URGENT,4,BUILDING,AIR,2,0.05,9,Brand#33,SM PACK,41,25,4,40880.165
F,F,R,COLLECT COD,Manufacturer#2,5-LOW,3,MACHINERY,MAIL,5,0.08,8,Brand#23,MED JAR,9,13,3,23134.6934
F,F,R,DELIVER IN PERSON,Manufacturer#3,4-NOT SPECIFIED,2,HOUSEHOLD,RAIL,1,0.07,9,Brand#34,SM CASE,30,30,4,54687.6
F,F,A,TAKE BACK RETURN,Manufacturer#5,4-NOT SPECIFIED,2,HOUSEHOLD,TRUCK,6,0.02,12,Brand#51,JUMBO BOX,48,18,0,28088.5878
O,O,N,COLLECT COD,Manufacturer#3,5-LOW,1,FURNITURE,SHIP,5,0.01,21,Brand#35,SM PKG,23,38,1,38772.0536
O,O,N,TAKE BACK RETURN,Manufacturer#5,5-LOW,1,FURNITURE,MAIL,4,0.07,8,Brand#51,WRAP CASE,1,41,3,58295.9894
F,F,A,DELIVER IN PERSON,Manufacturer#4,4-NOT SPECIFIED,0,MACHINERY,FOB,2,0.02,21,Brand#41,JUMBO JAR,22,41,1,54611.2128
F,F,R,TAKE BACK RETURN,Manufacturer#3,4-NOT SPECIFIED,0,MACHINERY,REG AIR,4,0.06,9,Brand#34,LG BAG,23,38,4,58416.8984
F,F,A,NONE,Manufacturer#1,4-NOT SPECIFIED,0,MACHINERY,TRUCK,1,0.07,21,Brand#15,LG CAN,6,28,1,36232.0504
F,F,R,COLLECT COD,Manufacturer#2,1-URGENT,4,FURNITURE,REG AIR,4,0.07,8,Brand#24,MED PKG,48,40,3,56846.988
F,F,A,NONE,Manufacturer#3,1-URGENT,4,FURNITURE,SHIP,2,0.02,18,Brand#34,SM PKG,16,20,2,25658.616
O,O,N,DELIVER IN PERSON,Manufacturer#2,5-LOW,2,AUTOMOBILE,FOB,1,0.03,12,Brand#25,LG CASE,10,36,0,64111.68
O,O,N,COLLECT COD,Manufacturer#3,1-URGENT,2,AUTOMOBILE,SHIP,1,0.02,18,Brand#31,LG CAN,13,50,2,88210.035
O,O,N,NONE,Manufacturer#5,1-URGENT,2,AUTOMOBILE,REG AIR,3,0.04,21,Brand#51,LG BOX,48,11,1,11453.8424
O,O,N,NONE,Manufacturer#3,3-MEDIUM,0,BUILDING,AIR,5,0.08,21,Brand#31,JUMBO DRUM,23,36,1,37592.298
O,O,N,COLLECT COD,Manufacturer#3,3-MEDIUM,0,BUILDING,SHIP,1,0.05,18,Brand#33,MED BAG,31,20,2,17130.972
O,O,N,DELIVER IN PERSON,Manufacturer#5,3-MEDIUM,0,BUILDING,SHIP,7,0.07,18,Brand#53,WRAP CAN,18,43,2,48961.1502
F,F,R,TAKE BACK RETURN,Manufacturer#3,2-HIGH,4,HOUSEHOLD,TRUCK,1,0.02,21,Brand#34,LG PKG,39,3,1,5094.0708
O,O,N,DELIVER IN PERSON,Manufacturer#5,2-HIGH,1,BUILDING,SHIP,2,0.05,18,Brand#51,WRAP BAG,2,37,2,57040.68
O,O,N,DELIVER IN PERSON,Manufacturer#2,2-HIGH,1,BUILDING,MAIL,5,0.01,9,Brand#21,JUMBO BAG,41,27,4,39174.4188
F,F,R,COLLECT COD,Manufacturer#1,2-HIGH,0,AUTOMOBILE,FOB,5,0.05,18,Brand#13,LG DRUM,22,21,2,35317.38
O,O,N,DELIVER IN PERSON,Manufacturer#2,4-NOT SPECIFIED,1,FURNITURE,TRUCK,1,0.04,8,Brand#25,WRAP JAR,15,9,3,9973.773
O,O,N,COLLECT COD,Manufacturer#5,4-NOT SPECIFIED,1,FURNITURE,AIR,2,0.03,18,Brand#54,MED DRUM,24,10,2,12774.861
F,F,A,TAKE BACK RETURN,Manufacturer#4,5-LOW,3,AUTOMOBILE,MAIL,2,0.04,18,Brand#43,JUMBO BOX,3,34,2,53154.1958
F,F,A,DELIVER IN PERSON,Manufacturer#1,5-LOW,3,AUTOMOBILE,RAIL,1,0.03,18,Brand#13,LG DRUM,44,46,2,78695.5442
F,F,R,TAKE BACK RETURN,Manufacturer#5,2-HIGH,4,AUTOMOBILE,MAIL,1,0.01,9,Brand#51,LG BOX,48,46,4,48424.2368
F,F,A,DELIVER IN PERSON,Manufacturer#1,2-HIGH,4,AUTOMOBILE,SHIP,6,0.05,9,Brand#13,LG CAN,35,48,4,79934.6736
O,O,N,COLLECT COD,Manufacturer#5,4-NOT SPECIFIED,1,AUTOMOBILE,REG AIR,1,0.04,18,Brand#52,WRAP PACK,43,4,2,5494.4208
O,O,N,NONE,Manufacturer#3,2-HIGH,2,FURNITURE,FOB,6,0.08,18,Brand#31,WRAP PKG,40,8,2,7302.4704
O,O,N,NONE,Manufacturer#4,2-HIGH,0,MACHINERY,FOB,2,0.02,18,Brand#43,LG DRUM,45,14,2,19379.248
O,O,N,DELIVER IN PERSON,Manufacturer#3,2-HIGH,0,BUILDING,SHIP,1,0.08,18,Brand#35,MED PKG,38,9,2,13510.8972
O,O,N,COLLECT COD,Manufacturer#3,2-HIGH,0,BUILDING,MAIL,7,0.02,21,Brand#34,SM CAN,5,8,1,9247.536
O,O,N,TAKE BACK RETURN,Manufacturer#2,2-HIGH,0,BUILDING,AIR,4,0.03,18,Brand#24,MED JAR,9,33,2,46486.2618
F,F,A,COLLECT COD,Manufacturer#2,1-URGENT,1,BUILDING,FOB,1,0.02,21,Brand#22,WRAP DRUM,26,50,1,81468.845
F,F,R,COLLECT COD,Manufacturer#2,1-URGENT,1,BUILDING,TRUCK,7,0.05,9,Brand#24,JUMBO CASE,48,13,4,19621.654
O,O,N,NONE,Manufacturer#3,1-URGENT,1,MACHINERY,MAIL,1,0.08,9,Brand#31,JUMBO DRUM,48,26,4,30022.3196
O,O,N,TAKE BACK RETURN,Manufacturer#2,1-URGENT,1,MACHINERY,REG AIR,4,0.02,18,Brand#25,WRAP CASE,50,48,2,83802.8784
F,F,A,TAKE BACK RETURN,Manufacturer#5,4-NOT SPECIFIED,1,MACHINERY,SHIP,1,0.04,9,Brand#51,WRAP CASE,3,11,4,12302.5672
F,F,R,COLLECT COD,Manufacturer#4,4-NOT SPECIFIED,1,MACHINERY,SHIP,6,0.06,18,Brand#44,LG PKG,41,27,2,28729.404
F,F,A,COLLECT COD,Manufacturer#1,5-LOW,4,BUILDING,AIR,1,0.05,21,Brand#15,WRAP BOX,26,30,1,38813.31
F,F,A,COLLECT COD,Manufacturer#2,2-HIGH,0,MACHINERY,TRUCK,2,0.04,18,Brand#23,LG JAR,46,42,2,46853.373
F,F,A,DELIVER IN PERSON,Manufacturer#3,3-MEDIUM,1,MACHINERY,RAIL,1,0.06,12,Brand#34,JUMBO DRUM,30,41,0,52577.58
O,O,N,NONE,Manufacturer#1,5-LOW,4,BUILDING,TRUCK,2,0.01,8,Brand#13,JUMBO PACK,39,48,3,62206.6368
F,F,R,DELIVER IN PERSON,Manufacturer#1,1-URGENT,0,AUTOMOBILE,MAIL,4,0,8,Brand#14,MED JAR,32,25,3,29652.595
F,F,R,COLLECT COD,Manufacturer#2,4-NOT SPECIFIED,4,BUILDING,TRUCK,5,0.08,21,Brand#23,SM PACK,45,19,1,22677.3246
O,O,N,COLLECT COD,Manufacturer#3,4-NOT SPECIFIED,0,BUILDING,REG AIR,4,0,21,Brand#35,WRAP BOX,44,48,1,74435.0064
O,O,N,DELIVER IN PERSON,Manufacturer#2,4-NOT SPECIFIED,0,BUILDING,FOB,1,0.08,18,Brand#25,SM BAG,44,33,2,48892.14
F,F,A,NONE,Manufacturer#4,5-LOW,0,FURNITURE,RAIL,4,0.02,21,Brand#45,MED BAG,27,32,1,40277.0016
F,F,R,COLLECT COD,Manufacturer#3,5-LOW,0,FURNITURE,RAIL,1,0.03,18,Brand#35,SM DRUM,21,6,2,7266.5208
F,F,A,TAKE BACK RETURN,Manufacturer#4,3-MEDIUM,3,HOUSEHOLD,TRUCK,3,0.06,18,Brand#43,JUMBO PKG,13,32,2,28175.552
F,F,A,TAKE BACK RETURN,Manufacturer#4,3-MEDIUM,3,HOUSEHOLD,MAIL,4,0.08,8,Brand#41,LG JAR,25,43,3,72818.9864
F,F,R,COLLECT COD,Manufacturer#3,3-MEDIUM,3,HOUSEHOLD,REG AIR,1,0.06,21,Brand#34,LG PKG,39,49,1,82288.836
F,F,R,DELIVER IN PERSON,Manufacturer#1,2-HIGH,0,FURNITURE,AIR,3,0,18,Brand#12,SM DRUM,8,26,2,28304.0576
F,F,A,NONE,Manufacturer#5,2-HIGH,0,FURNITURE,RAIL,4,0.04,8,Brand#54,SM BOX,2,4,3,6762.6252
F,F,A,DELIVER IN PERSON,Manufacturer#5,2-HIGH,0,FURNITURE,SHIP,2,0.02,18,Brand#52,WRAP PACK,43,47,2,61950.982
F,F,A,NONE,Manufacturer#2,2-HIGH,0,FURNITURE,MAIL,6,0.01,9,Brand#23,JUMBO PACK,25,36,4,31845.0132
F,F,R,NONE,Manufacturer#4,5-LOW,4,AUTOMOBILE,RAIL,2,0.06,18,Brand#45,SM CAN,21,21,2,19379.892
O,O,N,DELIVER IN PERSON,Manufacturer#4,2-HIGH,3,FURNITURE,SHIP,2,0.03,18,Brand#42,WRAP CAN,16,50,2,71040.525
O,O,N,TAKE BACK RETURN,Manufacturer#5,2-HIGH,3,FURNITURE,SHIP,1,0.06,8,Brand#53,JUMBO JAR,43,3,3,2535.381
O,O,N,DELIVER IN PERSON,Manufacturer#3,1-URGENT,2,FURNITURE,REG AIR,1,0,18,Brand#35,SM CASE,22,47,2,75446.8816
F,F,A,TAKE BACK RETURN,Manufacturer#2,1-URGENT,1,HOUSEHOLD,AIR,1,0.02,18,Brand#22,WRAP CAN,1,40,2,57685.544
F,F,A,DELIVER IN PERSON,Manufacturer#1,1-URGENT,1,MACHINERY,SHIP,3,0.01,18,Brand#11,JUMBO PKG,41,40,2,65697.12
O,O,N,NONE,Manufacturer#3,3-MEDIUM,1,BUILDING,AIR,5,0.04,12,Brand#35,LG DRUM,14,44,0,51826.7508
O,O,N,DELIVER IN PERSON,Manufacturer#5,3-MEDIUM,1,BUILDING,MAIL,1,0.08,9,Brand#54,WRAP CAN,13,4,4,3513.6384
O,O,N,COLLECT COD,Manufacturer#4,2-HIGH,3,AUTOMOBILE,TRUCK,3,0.03,8,Brand#41,MED DRUM,40,15,3,25008.6855
O,O,N,COLLECT COD,Manufacturer#3,1-URGENT,1,FURNITURE,SHIP,3,0.03,21,Brand#34,SM PACK,48,46,1,50330.3296
O,O,N,DELIVER IN PERSON,Manufacturer#5,2-HIGH,1,MACHINERY,REG AIR,3,0.04,9,Brand#54,MED CASE,49,18,4,25678.5984
F,F,A,DELIVER IN PERSON,Manufacturer#2,2-HIGH,1,FURNITURE,SHIP,1,0.01,21,Brand#25,MED BAG,45,36,1,39180.6396
F,F,A,DELIVER IN PERSON,Manufacturer#3,2-HIGH,1,FURNITURE,RAIL,6,0.04,18,Brand#32,WRAP CAN,9,2,2,3100.0928
F,F,R,DELIVER IN PERSON,Manufacturer#2,2-HIGH,1,FURNITURE,REG AIR,3,0.04,21,Brand#23,SM PACK,36,30,1,41140.503
O,O,N,TAKE BACK RETURN,Manufacturer#5,2-HIGH,1,BUILDING,TRUCK,3,0.06,9,Brand#51,LG PKG,47,29,4,53648.26
O,O,N,DELIVER IN PERSON,Manufacturer#4,3-MEDIUM,2,BUILDING,TRUCK,1,0.04,21,Brand#41,MED CAN,8,20,1,30675.648
F,F,A,DELIVER IN PERSON,Manufacturer#1,1-URGENT,2,HOUSEHOLD,REG AIR,5,0.01,18,Brand#12,MED CAN,7,12,2,12899.5776
F,F,A,NONE,Manufacturer#5,1-URGENT,2,HOUSEHOLD,SHIP,7,0.04,18,Brand#53,SM BAG,24,22,2,22303.2876
F,F,A,DELIVER IN PERSON,Manufacturer#4,1-URGENT,2,HOUSEHOLD,TRUCK,6,0.03,21,Brand#44,MED DRUM,14,24,1,33885.204
F,F,R,NONE,Manufacturer#5,1-URGENT,2,HOUSEHOLD,SHIP,3,0.03,9,Brand#51,WRAP JAR,42,36,4,58379.58
O,O,N,DELIVER IN PERSON,Manufacturer#3,2-HIGH,2,BUILDING,FOB,2,0.03,8,Brand#35,JUMBO DRUM,21,46,3,63428.2224
F,F,R,DELIVER IN PERSON,Manufacturer#3,1-URGENT,2,MACHINERY,FOB,1,0.03,12,Brand#34,MED BAG,44,19,0,19621.4634
F,F,A,TAKE BACK RETURN,Manufacturer#2,4-NOT SPECIFIED,2,AUTOMOBILE,AIR,1,0,18,Brand#25,LG PKG,19,8,2,11732.48
O,O,N,DELIVER IN PERSON,Manufacturer#5,1-URGENT,2,AUTOMOBILE,TRUCK,1,0.05,18,Brand#51,MED JAR,11,45,2,56861.658
O,O,N,COLLECT COD,Manufacturer#1,1-URGENT,2,AUTOMOBILE,FOB,3,0.08,12,Brand#15,JUMBO JAR,36,6,0,5515.6164
O,O,N,NONE,Manufacturer#2,3-MEDIUM,1,BUILDING,SHIP,2,0.03,18,Brand#23,LG JAR,3,14,2,16247.6622
F,F,A,COLLECT COD,Manufacturer#2,4-NOT SPECIFIED,2,FURNITURE,MAIL,1,0.04,18,Brand#21,JUMBO DRUM,49,15,2,22644
F,F,A,NONE,Manufacturer#3,4-NOT SPECIFIED,3,AUTOMOBILE,SHIP,4,0.01,18,Brand#33,JUMBO BAG,46,8,2,7081.1136
F,F,R,COLLECT COD,Manufacturer#4,4-NOT SPECIFIED,3,AUTOMOBILE,AIR,2,0.05,12,Brand#45,SM CASE,26,7,0,11535.433
F,F,A,TAKE BACK RETURN,Manufacturer#5,1-URGENT,4,BUILDING,TRUCK,4,0.06,12,Brand#52,SM PKG,2,40,0,56508.368
F,F,R,DELIVER IN PERSON,Manufacturer#3,4-NOT SPECIFIED,0,MACHINERY,MAIL,2,0.07,9,Brand#35,SM CAN,24,25,4,37230.33
F,F,R,TAKE BACK RETURN,Manufacturer#1,4-NOT SPECIFIED,0,MACHINERY,RAIL,7,0.08,9,Brand#15,SM JAR,25,14,4,19626.7344
O,P,N,TAKE BACK RETURN,Manufacturer#5,4-NOT SPECIFIED,2,HOUSEHOLD,SHIP,4,0.04,18,Brand#52,MED DRUM,44,19,2,19528.8308
O,P,N,NONE,Manufacturer#2,4-NOT SPECIFIED,2,HOUSEHOLD,FOB,3,0.07,12,Brand#25,JUMBO CASE,22,50,0,69473.25
O,O,N,DELIVER IN PERSON,Manufacturer#5,1-URGENT,2,HOUSEHOLD,SHIP,4,0.05,18,Brand#52,JUMBO PKG,17,6,2,7189.248
O,O,N,DELIVER IN PERSON,Manufacturer#2,1-URGENT,2,HOUSEHOLD,TRUCK,3,0.02,18,Brand#21,JUMBO PKG,11,7,2,6364.2033
O,O,N,NONE,Manufacturer#3,1-URGENT,2,HOUSEHOLD,REG AIR,6,0.02,18,Brand#32,MED CAN,31,13,2,20233.8084
O,O,N,NONE,Manufacturer#1,1-URGENT,2,HOUSEHOLD,AIR,1,0.03,9,Brand#13,LG CAN,35,19,4,30336.0327
O,P,N,COLLECT COD,Manufacturer#4,5-LOW,2,BUILDING,FOB,3,0.04,21,Brand#45,JUMBO BAG,22,9,1,8723.5137
O,P,N,DELIVER IN PERSON,Manufacturer#2,5-LOW,2,BUILDING,MAIL,1,0.03,9,Brand#24,MED CAN,16,37,4,61924.828
F,P,A,NONE,Manufacturer#5,5-LOW,2,BUILDING,SHIP,2,0.07,21,Brand#53,SM CAN,36,23,1,33339.42
F,F,A,COLLECT COD,Manufacturer#3,3-MEDIUM,0,MACHINERY,TRUCK,2,0.08,21,Brand#33,SM CAN,23,5,1,8918.16
O,O,N,COLLECT COD,Manufacturer#5,1-URGENT,4,BUILDING,AIR,2,0.01,8,Brand#54,MED JAR,46,37,3,62116.7877
F,F,A,COLLECT COD,Manufacturer#2,4-NOT SPECIFIED,1,FURNITURE,FOB,3,0.08,18,Brand#21,JUMBO DRUM,49,1,2,1494.504
O,O,N,NONE,Manufacturer#4,4-NOT SPECIFIED,4,FURNITURE,SHIP,1,0.06,21,Brand#45,MED CAN,4,44,1,81064.3064
O,O,N,TAKE BACK RETURN,Manufacturer#2,4-NOT SPECIFIED,3,BUILDING,REG AIR,1,0,9,Brand#24,MED PKG,6,40,4,39867.32
F,F,A,COLLECT COD,Manufacturer#2,4-NOT SPECIFIED,0,BUILDING,MAIL,5,0.07,9,Brand#24,WRAP CAN,46,19,4,18658.8493
F,F,R,TAKE BACK RETURN,Manufacturer#4,4-NOT SPECIFIED,0,BUILDING,MAIL,2,0.05,8,Brand#42,SM JAR,49,15,3,16436.8665
O,O,N,NONE,Manufacturer#2,2-HIGH,0,BUILDING,AIR,2,0.02,8,Brand#25,JUMBO PACK,8,8,3,11074.0784
F,F,R,TAKE BACK RETURN,Manufacturer#5,2-HIGH,3,MACHINERY,FOB,1,0.02,9,Brand#53,LG PACK,11,5,4,5702.557
F,F,R,NONE,Manufacturer#2,1-URGENT,0,FURNITURE,REG AIR,2,0.06,9,Brand#21,LG DRUM,8,17,4,16333.4776
F,F,A,TAKE BACK RETURN,Manufacturer#5,1-URGENT,0,FURNITURE,AIR,1,0.02,21,Brand#51,JUMBO CASE,33,3,1,3144.8922
O,O,N,TAKE BACK RETURN,Manufacturer#1,2-HIGH,4,HOUSEHOLD,AIR,3,0.01,18,Brand#12,JUMBO PACK,30,16,2,22741.7088
F,F,A,DELIVER IN PERSON,Manufacturer#1,1-URGENT,1,HOUSEHOLD,SHIP,1,0.08,9,Brand#12,MED JAR,42,3,4,4097.4408
O,O,N,COLLECT COD,Manufacturer#1,2-HIGH,1,MACHINERY,MAIL,2,0.01,8,Brand#14,MED CAN,23,31,3,55045.8258
O,O,N,COLLECT COD,Manufacturer#2,3-MEDIUM,0,BUILDING,TRUCK,2,0.05,21,Brand#25,WRAP CASE,50,47,1,76135.347
O,O,N,COLLECT COD,Manufacturer#5,3-MEDIUM,0,BUILDING,FOB,1,0.07,9,Brand#55,WRAP PACK,50,15,4,24370.8
O,O,N,DELIVER IN PERSON,Manufacturer#2,4-NOT SPECIFIED,2,MACHINERY,RAIL,2,0.01,12,Brand#23,MED BAG,32,22,0,18870.39
O,O,N,TAKE BACK RETURN,Manufacturer#5,4-NOT SPECIFIED,2,MACHINERY,REG AIR,1,0.07,8,Brand#53,LG DRUM,35,34,3,33115.218
O,O,N,TAKE BACK RETURN,Manufacturer#2,5-LOW,2,MACHINERY,MAIL,1,0.02,12,Brand#25,SM BAG,36,33,0,38382.432
O,O,N,TAKE BACK RETURN,Manufacturer#2,1-URGENT,0,FURNITURE,TRUCK,4,0.05,18,Brand#25,LG CASE,39,22,2,24050.026
F,F,R,COLLECT COD,Manufacturer#4,1-URGENT,1,FURNITURE,REG AIR,3,0.07,8,Brand#43,SM BAG,46,44,3,44738.496
F,F,R,COLLECT COD,Manufacturer#1,1-URGENT,1,FURNITURE,MAIL,1,0.04,21,Brand#11,MED BAG,20,38,1,40019.7
O,O,N,COLLECT COD,Manufacturer#2,5-LOW,4,AUTOMOBILE,RAIL,3,0,18,Brand#25,LG PKG,19,9,2,13067.0496
O,O,N,NONE,Manufacturer#4,5-LOW,2,MACHINERY,FOB,2,0.04,21,Brand#42,SM PACK,30,3,1,4674.8604
F,F,A,TAKE BACK RETURN,Manufacturer#2,2-HIGH,0,FURNITURE,RAIL,5,0.08,12,Brand#21,SM CASE,25,32,0,44875.0368
F,F,R,TAKE BACK RETURN,Manufacturer#1,2-HIGH,0,FURNITURE,SHIP,3,0.07,9,Brand#15,SM JAR,15,4,4,4796.9604
F,F,A,COLLECT COD,Manufacturer#3,2-HIGH,0,FURNITURE,MAIL,1,0.01,12,Brand#35,JUMBO CASE,24,1,0,851.436
F,F,A,NONE,Manufacturer#5,1-URGENT,3,AUTOMOBILE,MAIL,1,0.04,12,Brand#53,SM PACK,33,13,0,12020.5813
F,F,R,COLLECT COD,Manufacturer#4,5-LOW,4,BUILDING,REG AIR,3,0.04,21,Brand#44,LG DRUM,18,48,1,56980.0224
F,F,A,DELIVER IN PERSON,Manufacturer#5,4-NOT SPECIFIED,1,BUILDING,TRUCK,3,0.06,8,Brand#54,LG CASE,42,48,3,71448.6864
F,F,R,TAKE BACK RETURN,Manufacturer#4,5-LOW,4,MACHINERY,SHIP,5,0.02,21,Brand#41,WRAP BAG,10,8,1,12767.3808
F,F,A,TAKE BACK RETURN,Manufacturer#5,5-LOW,4,MACHINERY,REG AIR,3,0.01,18,Brand#55,SM PKG,27,2,2,3295.6782
O,O,N,DELIVER IN PERSON,Manufacturer#5,4-NOT SPECIFIED,1,MACHINERY,AIR,6,0.03,18,Brand#55,LG JAR,38,41,2,52332.2811
O,O,N,TAKE BACK RETURN,Manufacturer#4,4-NOT SPECIFIED,1,MACHINERY,AIR,4,0.01,8,Brand#42,JUMBO BOX,10,18,3,24188.121
O,O,N,NONE,Manufacturer#3,4-NOT SPECIFIED,1,MACHINERY,AIR,5,0.08,18,Brand#34,WRAP PACK,11,37,2,35610.6056
O,O,N,NONE,Manufacturer#2,4-NOT SPECIFIED,1,MACHINERY,SHIP,3,0.04,21,Brand#24,MED DRUM,50,31,1,47047.5096
F,F,R,COLLECT COD,Manufacturer#3,5-LOW,2,BUILDING,RAIL,3,0.07,9,Brand#31,MED BOX,25,20,4,27420.74
F,F,A,COLLECT COD,Manufacturer#2,5-LOW,1,BUILDING,SHIP,1,0.04,18,Brand#22,JUMBO CASE,1,42,2,69511.554
O,O,N,DELIVER IN PERSON,Manufacturer#1,5-LOW,4,HOUSEHOLD,TRUCK,1,0.04,9,Brand#12,JUMBO JAR,19,7,4,7832.1082
O,O,N,DELIVER IN PERSON,Manufacturer#5,5-LOW,4,HOUSEHOLD,TRUCK,4,0,12,Brand#55,WRAP DRUM,9,31,0,51275.6244
F,F,A,TAKE BACK RETURN,Manufacturer#2,5-LOW,1,HOUSEHOLD,RAIL,1,0.06,9,Brand#24,WRAP CAN,34,45,4,61859.07
O,O,N,DELIVER IN PERSON,Manufacturer#5,2-HIGH,3,HOUSEHOLD,MAIL,6,0.08,8,Brand#54,MED JAR,13,30,3,41609.76
O,O,N,COLLECT COD,Manufacturer#5,2-HIGH,3,HOUSEHOLD,SHIP,1,0.08,18,Brand#51,JUMBO CAN,49,43,2,40019.4378
O,O,N,COLLECT COD,Manufacturer#3,2-HIGH,3,HOUSEHOLD,REG AIR,2,0,18,Brand#32,MED CASE,29,30,2,33096.063
O,O,N,COLLECT COD,Manufacturer#5,2-HIGH,3,HOUSEHOLD,TRUCK,7,0.05,12,Brand#53,WRAP DRUM,10,49,0,49338.0902
F,F,A,DELIVER IN PERSON,Manufacturer#2,2-HIGH,2,HOUSEHOLD,REG AIR,1,0.04,9,Brand#21,MED BOX,32,39,4,42907.9209
O,O,N,TAKE BACK RETURN,Manufacturer#1,5-LOW,3,BUILDING,MAIL,5,0.01,18,Brand#12,JUMBO CAN,14,14,2,12746.1544
O,O,N,NONE,Manufacturer#5,1-URGENT,3,AUTOMOBILE,FOB,6,0.03,18,Brand#52,WRAP CASE,32,2,2,2291.97
O,O,N,TAKE BACK RETURN,Manufacturer#4,1-URGENT,3,AUTOMOBILE,SHIP,3,0,21,Brand#44,JUMBO PKG,46,23,1,19251.414
O,O,N,COLLECT COD,Manufacturer#4,4-NOT SPECIFIED,1,FURNITURE,REG AIR,3,0.03,9,Brand#45,JUMBO PACK,14,27,4,24291.576
F,F,R,TAKE BACK RETURN,Manufacturer#5,2-HIGH,2,HOUSEHOLD,TRUCK,2,0.02,9,Brand#55,WRAP CAN,44,17,4,27327.2076
O,O,N,TAKE BACK RETURN,Manufacturer#3,4-NOT SPECIFIED,1,HOUSEHOLD,REG AIR,5,0.05,12,Brand#35,MED BAG,44,28,0,49538.2272
O,O,N,COLLECT COD,Manufacturer#5,4-NOT SPECIFIED,1,HOUSEHOLD,TRUCK,1,0.04,8,Brand#54,MED JAR,46,42,3,68374.2528
O,O,N,COLLECT COD,Manufacturer#2,1-URGENT,2,HOUSEHOLD,RAIL,5,0.01,8,Brand#25,LG CASE,39,26,3,29047.434
O,O,N,NONE,Manufacturer#2,4-NOT SPECIFIED,0,BUILDING,REG AIR,1,0.06,8,Brand#22,JUMBO JAR,7,22,3,33925.617
O,O,N,COLLECT COD,Manufacturer#3,3-MEDIUM,0,MACHINERY,RAIL,5,0.03,18,Brand#35,JUMBO JAR,28,17,2,24904.116
F,F,A,COLLECT COD,Manufacturer#3,5-LOW,0,HOUSEHOLD,RAIL,5,0.04,21,Brand#34,WRAP JAR,2,10,1,15331.536
F,F,R,NONE,Manufacturer#2,4-NOT SPECIFIED,3,AUTOMOBILE,AIR,1,0.06,18,Brand#21,JUMBO CASE,31,23,2,26110.152
F,F,A,DELIVER IN PERSON,Manufacturer#4,3-MEDIUM,0,AUTOMOBILE,REG AIR,2,0.04,21,Brand#42,SM CAN,44,45,1,68455.3005
F,F,A,DELIVER IN PERSON,Manufacturer#2,3-MEDIUM,0,AUTOMOBILE,REG AIR,1,0.01,12,Brand#23,MED CAN,31,2,0,2964.132
F,F,R,COLLECT COD,Manufacturer#2,3-MEDIUM,0,AUTOMOBILE,FOB,4,0.05,9,Brand#24,WRAP CASE,15,45,4,75233.5875
F,F,A,COLLECT COD,Manufacturer#1,3-MEDIUM,0,BUILDING,REG AIR,2,0.03,18,Brand#15,LG DRUM,17,48,2,80244.96
F,F,R,COLLECT COD,Manufacturer#1,3-MEDIUM,0,BUILDING,RAIL,1,0.06,21,Brand#13,WRAP DRUM,19,36,1,39462.84
O,O,N,COLLECT COD,Manufacturer#2,4-NOT SPECIFIED,2,FURNITURE,REG AIR,2,0.03,12,Brand#24,WRAP PACK,13,4,0,6775.128
O,O,N,DELIVER IN PERSON,Manufacturer#3,4-NOT SPECIFIED,2,FURNITURE,TRUCK,4,0.07,18,Brand#32,MED DRUM,8,43,2,66376.52
O,O,N,COLLECT COD,Manufacturer#5,5-LOW,1,HOUSEHOLD,RAIL,1,0.04,21,Brand#51,SM CAN,15,19,1,30052.9593
O,O,N,DELIVER IN PERSON,Manufacturer#3,5-LOW,1,HOUSEHOLD,FOB,5,0.03,9,Brand#34,MED CASE,4,26,4,22749.116
O,O,N,NONE,Manufacturer#2,2-HIGH,1,BUILDING,RAIL,4,0.06,9,Brand#24,SM CAN,14,9,4,10869.1506
F,F,R,COLLECT COD,Manufacturer#5,4-NOT SPECIFIED,4,BUILDING,TRUCK,1,0.02,18,Brand#55,SM PACK,36,41,2,59221.7202
F,F,R,TAKE BACK RETURN,Manufacturer#5,1-URGENT,0,FURNITURE,TRUCK,1,0.03,9,Brand#51,JUMBO CASE,33,1,4,1037.1453
O,O,N,DELIVER IN PERSON,Manufacturer#3,5-LOW,0,HOUSEHOLD,SHIP,1,0,9,Brand#33,LG CASE,35,18,4,18987.9624
O,O,N,DELIVER IN PERSON,Manufacturer#4,5-LOW,0,HOUSEHOLD,MAIL,3,0.03,12,Brand#43,SM JAR,10,49,0,85202.67
O,O,N,TAKE BACK RETURN,Manufacturer#5,5-LOW,0,HOUSEHOLD,MAIL,5,0.07,18,Brand#53,LG JAR,26,23,2,39821.0868
F,F,R,TAKE BACK RETURN,Manufacturer#5,2-HIGH,2,FURNITURE,AIR,3,0.02,18,Brand#52,SM PACK,10,25,2,31071.9975
F,F,A,TAKE BACK RETURN,Manufacturer#3,2-HIGH,2,FURNITURE,TRUCK,2,0,9,Brand#33,JUMBO BOX,18,48,4,79251.9552
F,F,R,COLLECT COD,Manufacturer#5,3-MEDIUM,2,AUTOMOBILE,MAIL,6,0.04,9,Brand#52,MED BAG,4,43,4,44011.0848
F,F,A,DELIVER IN PERSON,Manufacturer#5,5-LOW,3,AUTOMOBILE,SHIP,1,0.07,8,Brand#54,JUMBO DRUM,2,22,3,24071.256
F,F,R,COLLECT COD,Manufacturer#5,4-NOT SPECIFIED,1,AUTOMOBILE,SHIP,3,0,18,Brand#53,LG BAG,10,9,2,8127.8919
O,O,N,DELIVER IN PERSON,Manufacturer#2,2-HIGH,4,FURNITURE,RAIL,2,0.08,8,Brand#24,JUMBO BAG,25,48,3,70356.6864
O,O,N,COLLECT COD,Manufacturer#5,3-MEDIUM,3,BUILDING,SHIP,1,0.06,21,Brand#52,MED BAG,26,49,1,50628.6914
O,O,N,TAKE BACK RETURN,Manufacturer#1,3-MEDIUM,3,MACHINERY,REG AIR,2,0,21,Brand#14,MED BOX,1,34,1,48168.939
F,F,R,TAKE BACK RETURN,Manufacturer#5,2-HIGH,1,BUILDING,AIR,5,0.04,8,Brand#54,SM BOX,2,30,3,49083.57
F,F,A,NONE,Manufacturer#2,2-HIGH,1,BUILDING,MAIL,3,0.06,9,Brand#23,MED DRUM,19,31,4,47982.3983
F,F,R,COLLECT COD,Manufacturer#3,4-NOT SPECIFIED,3,FURNITURE,AIR,2,0,18,Brand#34,MED JAR,48,19,2,28338.1048
O,O,N,NONE,Manufacturer#1,2-HIGH,2,FURNITURE,MAIL,6,0.05,8,Brand#15,WRAP JAR,47,13,3,17597.1289
O,O,N,DELIVER IN PERSON,Manufacturer#5,2-HIGH,2,FURNITURE,TRUCK,4,0.07,8,Brand#53,JUMBO JAR,28,28,3,30889.6588
O,O,N,NONE,Manufacturer#3,1-URGENT,4,FURNITURE,RAIL,4,0.08,21,Brand#33,JUMBO PKG,10,29,1,33764.1577
O,O,N,DELIVER IN PERSON,Manufacturer#1,1-URGENT,4,FURNITURE,MAIL,1,0.03,18,Brand#11,JUMBO BAG,21,47,2,61236.1355
O,P,N,TAKE BACK RETURN,Manufacturer#2,2-HIGH,3,BUILDING,AIR,2,0.03,18,Brand#24,MED BAG,4,21,2,17694.18
O,P,N,DELIVER IN PERSON,Manufacturer#1,2-HIGH,3,BUILDING,RAIL,5,0.08,12,Brand#13,SM CAN,40,27,0,32002.56
F,F,A,TAKE BACK RETURN,Manufacturer#5,4-NOT SPECIFIED,3,AUTOMOBILE,MAIL,5,0.04,18,Brand#54,SM BOX,42,8,2,10077.1704
F,F,R,NONE,Manufacturer#2,2-HIGH,2,MACHINERY,AIR,3,0.07,12,Brand#23,SM JAR,1,32,0,57049.3472
O,O,N,TAKE BACK RETURN,Manufacturer#3,5-LOW,0,FURNITURE,FOB,6,0.04,21,Brand#32,WRAP PKG,38,1,1,1047.3846
O,O,N,DELIVER IN PERSON,Manufacturer#3,5-LOW,0,FURNITURE,TRUCK,5,0,9,Brand#33,WRAP PKG,25,29,4,27000.421
F,F,R,COLLECT COD,Manufacturer#1,1-URGENT,3,FURNITURE,AIR,1,0.04,8,Brand#15,LG JAR,2,38,3,48273.642
O,O,N,TAKE BACK RETURN,Manufacturer#3,2-HIGH,3,HOUSEHOLD,AIR,1,0.01,18,Brand#33,LG BAG,49,9,2,16312.1472
F,F,A,DELIVER IN PERSON,Manufacturer#2,3-MEDIUM,0,FURNITURE,SHIP,3,0,9,Brand#23,LG JAR,15,5,4,6139.953
F,F,A,TAKE BACK RETURN,Manufacturer#5,3-MEDIUM,2,MACHINERY,TRUCK,3,0,18,Brand#53,JUMBO CASE,27,22,2,19814.036
F,F,A,NONE,Manufacturer#4,3-MEDIUM,2,MACHINERY,MAIL,4,0.07,8,Brand#42,MED JAR,7,9,3,10172.7198
O,O,N,NONE,Manufacturer#4,4-NOT SPECIFIED,4,FURNITURE,RAIL,6,0.02,18,Brand#43,JUMBO BAG,41,32,2,47890.6368
F,F,R,COLLECT COD,Manufacturer#5,5-LOW,2,BUILDING,RAIL,6,0.07,8,Brand#55,LG BAG,45,1,3,1596.5829
O,O,N,DELIVER IN PERSON,Manufacturer#4,2-HIGH,3,MACHINERY,AIR,5,0.03,21,Brand#43,WRAP CASE,30,43,1,42945.2954
F,F,A,TAKE BACK RETURN,Manufacturer#4,3-MEDIUM,3,MACHINERY,AIR,1,0.05,8,Brand#45,SM DRUM,27,5,3,4691.6415
F,F,R,NONE,Manufacturer#3,3-MEDIUM,2,HOUSEHOLD,MAIL,1,0,8,Brand#33,SM CASE,46,32,3,29523.7632
F,F,R,DELIVER IN PERSON,Manufacturer#2,3-MEDIUM,2,HOUSEHOLD,SHIP,5,0.06,8,Brand#24,WRAP BAG,28,19,3,27628.641
F,F,R,DELIVER IN PERSON,Manufacturer#4,3-MEDIUM,2,HOUSEHOLD,FOB,3,0.01,21,Brand#43,SM CASE,20,35,1,47784.625
F,F,A,TAKE BACK RETURN,Manufacturer#4,5-LOW,2,FURNITURE,REG AIR,4,0.06,21,Brand#43,JUMBO BOX,11,28,1,41878.5472
F,P,R,DELIVER IN PERSON,Manufacturer#4,1-URGENT,0,BUILDING,REG AIR,4,0.07,18,Brand#42,LG PACK,44,46,2,66921.1634
F,P,A,DELIVER IN PERSON,Manufacturer#2,1-URGENT,0,BUILDING,RAIL,3,0.04,9,Brand#23,JUMBO PACK,17,50,4,76131
F,F,A,DELIVER IN PERSON,Manufacturer#3,5-LOW,0,FURNITURE,RAIL,1,0.05,21,Brand#34,WRAP PACK,13,14,1,16137.023
F,F,A,DELIVER IN PERSON,Manufacturer#3,5-LOW,0,FURNITURE,MAIL,2,0.03,8,Brand#34,SM CAN,5,37,3,46096.3982
F,F,A,COLLECT COD,Manufacturer#2,3-MEDIUM,3,BUILDING,SHIP,4,0.04,21,Brand#21,MED PKG,27,29,1,41621.409
F,F,A,DELIVER IN PERSON,Manufacturer#5,3-MEDIUM,2,HOUSEHOLD,FOB,1,0.01,8,Brand#54,WRAP CAN,12,34,3,31388.7728
F,F,A,COLLECT COD,Manufacturer#1,2-HIGH,0,BUILDING,MAIL,1,0.03,21,Brand#14,JUMBO JAR,9,16,1,21338.5536
O,O,N,TAKE BACK RETURN,Manufacturer#2,2-HIGH,3,MACHINERY,MAIL,6,0.06,8,Brand#22,JUMBO CAN,42,32,3,52069.424
O,O,N,COLLECT COD,Manufacturer#1,3-MEDIUM,3,HOUSEHOLD,AIR,5,0.02,12,Brand#11,WRAP CASE,40,24,0,32543.7024
F,F,R,DELIVER IN PERSON,Manufacturer#4,2-HIGH,4,MACHINERY,MAIL,4,0.07,18,Brand#42,LG JAR,28,46,2,52220.58
F,F,R,TAKE BACK RETURN,Manufacturer#2,2-HIGH,4,MACHINERY,SHIP,2,0.04,18,Brand#25,SM BAG,3,33,2,54501.4503
F,F,A,DELIVER IN PERSON,Manufacturer#4,1-URGENT,2,MACHINERY,SHIP,1,0.01,9,Brand#45,MED PKG,15,16,4,20852.6592
F,F,A,COLLECT COD,Manufacturer#3,2-HIGH,4,MACHINERY,RAIL,5,0.07,21,Brand#32,WRAP PKG,38,24,1,27029.28
O,O,N,DELIVER IN PERSON,Manufacturer#4,5-LOW,3,FURNITURE,REG AIR,1,0.02,21,Brand#42,LG JAR,28,6,1,6334.5834
O,O,N,NONE,Manufacturer#2,4-NOT SPECIFIED,0,AUTOMOBILE,TRUCK,3,0.08,18,Brand#25,WRAP CAN,22,9,2,16795.1718
F,F,A,DELIVER IN PERSON,Manufacturer#4,5-LOW,0,FURNITURE,REG AIR,1,0.06,21,Brand#43,WRAP DRUM,2,21,1,33470.7093
F,F,A,DELIVER IN PERSON,Manufacturer#5,5-LOW,0,FURNITURE,FOB,2,0.03,21,Brand#51,MED BAG,15,27,1,35870.1372
F,F,R,DELIVER IN PERSON,Manufacturer#2,5-LOW,0,FURNITURE,REG AIR,3,0.08,18,Brand#25,SM BOX,41,31,2,41887.2
F,F,A,COLLECT COD,Manufacturer#5,3-MEDIUM,1,BUILDING,RAIL,4,0.07,12,Brand#52,MED CAN,41,31,0,47808.0946
F,F,R,DELIVER IN PERSON,Manufacturer#5,3-MEDIUM,3,MACHINERY,AIR,4,0.07,8,Brand#55,MED PACK,2,23,3,19360.6686
F,F,A,TAKE BACK RETURN,Manufacturer#5,1-URGENT,0,AUTOMOBILE,FOB,2,0.04,21,Brand#55,WRAP PKG,27,34,1,53427.8108
F,F,A,COLLECT COD,Manufacturer#3,5-LOW,2,AUTOMOBILE,FOB,5,0.03,21,Brand#33,LG BAG,4,7,1,6790.679
F,F,A,COLLECT COD,Manufacturer#2,5-LOW,2,AUTOMOBILE,REG AIR,2,0.06,18,Brand#24,WRAP JAR,25,46,2,70702.92
O,O,N,DELIVER IN PERSON,Manufacturer#3,1-URGENT,0,FURNITURE,RAIL,1,0.08,18,Brand#31,SM CASE,30,1,2,947.7188
O,O,N,TAKE BACK RETURN,Manufacturer#5,1-URGENT,0,BUILDING,TRUCK,4,0.02,9,Brand#52,SM BOX,2,15,4,14245.182
F,F,A,TAKE BACK RETURN,Manufacturer#3,2-HIGH,1,HOUSEHOLD,SHIP,2,0.02,18,Brand#33,JUMBO CAN,2,26,2,47786.18
F,F,R,DELIVER IN PERSON,Manufacturer#1,2-HIGH,1,HOUSEHOLD,FOB,1,0.01,21,Brand#12,JUMBO BOX,20,6,1,9321.9
F,F,R,TAKE BACK RETURN,Manufacturer#5,1-URGENT,2,MACHINERY,REG AIR,2,0.02,21,Brand#55,JUMBO CASE,25,17,1,16559.19
F,F,A,COLLECT COD,Manufacturer#4,2-HIGH,3,FURNITURE,TRUCK,5,0.04,9,Brand#43,JUMBO BAG,41,46,4,74829.12
O,O,N,TAKE BACK RETURN,Manufacturer#5,5-LOW,4,AUTOMOBILE,SHIP,5,0.08,9,Brand#51,WRAP BOX,25,47,4,65421.8474
F,F,A,DELIVER IN PERSON,Manufacturer#3,4-NOT SPECIFIED,4,BUILDING,SHIP,2,0.07,21,Brand#33,SM CASE,5,21,1,25792.0992
F,F,A,DELIVER IN PERSON,Manufacturer#1,4-NOT SPECIFIED,0,FURNITURE,REG AIR,3,0.06,12,Brand#12,MED PKG,48,21,0,29221.3761
F,F,R,DELIVER IN PERSON,Manufacturer#5,5-LOW,2,FURNITURE,FOB,4,0.01,8,Brand#54,MED JAR,10,32,3,44127.12
O,O,N,DELIVER IN PERSON,Manufacturer#5,4-NOT SPECIFIED,0,BUILDING,FOB,4,0.05,18,Brand#55,SM BOX,7,45,2,64047.456
O,O,N,NONE,Manufacturer#5,4-NOT SPECIFIED,0,BUILDING,SHIP,6,0.05,9,Brand#51,WRAP BAG,46,19,4,29342.688
O,O,N,DELIVER IN PERSON,Manufacturer#2,4-NOT SPECIFIED,0,BUILDING,REG AIR,3,0,21,Brand#22,SM CASE,42,38,1,54892.52
F,F,R,DELIVER IN PERSON,Manufacturer#4,3-MEDIUM,4,FURNITURE,AIR,1,0.02,21,Brand#45,MED BAG,27,7,1,8454.6105
F,F,R,TAKE BACK RETURN,Manufacturer#4,2-HIGH,0,HOUSEHOLD,FOB,2,0.01,21,Brand#45,SM CASE,26,18,1,31618.314
O,O,N,COLLECT COD,Manufacturer#1,5-LOW,0,HOUSEHOLD,RAIL,6,0.08,9,Brand#12,MED CASE,49,37,4,47828.9084
O,O,N,TAKE BACK RETURN,Manufacturer#5,5-LOW,1,BUILDING,SHIP,4,0.08,21,Brand#51,SM CAN,15,23,1,36379.8981
O,O,N,NONE,Manufacturer#5,5-LOW,1,BUILDING,RAIL,5,0.03,21,Brand#52,MED PKG,32,37,1,42036.8803
F,F,A,DELIVER IN PERSON,Manufacturer#5,2-HIGH,2,BUILDING,SHIP,1,0.05,9,Brand#52,SM BOX,9,4,4,5131.872
O,O,N,DELIVER IN PERSON,Manufacturer#5,1-URGENT,4,FURNITURE,FOB,3,0.04,18,Brand#55,LG JAR,38,13,2,16950.0045
O,O,N,NONE,Manufacturer#5,1-URGENT,4,FURNITURE,FOB,4,0.02,9,Brand#55,JUMBO CASE,25,3,4,2863.7658
F,P,A,NONE,Manufacturer#1,5-LOW,3,MACHINERY,SHIP,4,0.04,18,Brand#15,LG DRUM,17,17,2,25862.2819
F,P,R,COLLECT COD,Manufacturer#3,5-LOW,0,HOUSEHOLD,FOB,1,0.05,21,Brand#32,SM CASE,9,2,1,3708.3004
F,P,A,COLLECT COD,Manufacturer#3,5-LOW,0,HOUSEHOLD,SHIP,3,0.01,18,Brand#32,LG CAN,1,3,2,3181.2696
F,F,A,DELIVER IN PERSON,Manufacturer#5,3-MEDIUM,1,FURNITURE,SHIP,2,0.03,18,Brand#52,JUMBO BOX,46,43,2,50255.8372
O,P,N,COLLECT COD,Manufacturer#2,3-MEDIUM,3,MACHINERY,SHIP,3,0.02,8,Brand#24,LG CAN,35,40,3,34763.82
F,P,A,COLLECT COD,Manufacturer#5,3-MEDIUM,3,MACHINERY,AIR,2,0.04,18,Brand#51,MED PACK,41,29,2,27644.6386
O,P,N,COLLECT COD,Manufacturer#5,3-MEDIUM,3,MACHINERY,AIR,6,0.07,18,Brand#54,JUMBO PACK,13,23,2,21838.362
O,O,N,TAKE BACK RETURN,Manufacturer#2,3-MEDIUM,1,BUILDING,FOB,4,0,18,Brand#25,SM CASE,27,47,2,41089.1484
O,O,N,TAKE BACK RETURN,Manufacturer#5,3-MEDIUM,3,FURNITURE,MAIL,2,0,21,Brand#54,LG CAN,49,4,1,4252.64
F,F,A,COLLECT COD,Manufacturer#4,3-MEDIUM,1,AUTOMOBILE,AIR,1,0.01,21,Brand#42,JUMBO BOX,30,46,1,58972.5888
F,F,R,DELIVER IN PERSON,Manufacturer#5,1-URGENT,1,FURNITURE,TRUCK,2,0.06,8,Brand#54,WRAP JAR,50,48,3,80869.104
O,O,N,NONE,Manufacturer#3,2-HIGH,1,HOUSEHOLD,REG AIR,3,0,9,Brand#31,MED BOX,25,45,4,59727.6225
O,O,N,DELIVER IN PERSON,Manufacturer#1,4-NOT SPECIFIED,3,HOUSEHOLD,TRUCK,6,0.02,21,Brand#13,SM PKG,3,39,1,56350.8114
O,O,N,TAKE BACK RETURN,Manufacturer#3,4-NOT SPECIFIED,3,HOUSEHOLD,FOB,3,0.04,18,Brand#31,WRAP PKG,11,43,2,50296.2228
F,F,A,COLLECT COD,Manufacturer#2,2-HIGH,2,FURNITURE,TRUCK,3,0.05,8,Brand#23,SM PACK,45,35,3,40426.47
F,F,A,COLLECT COD,Manufacturer#3,2-HIGH,2,FURNITURE,SHIP,5,0.01,12,Brand#35,LG DRUM,14,47,0,55360.3929
F,P,N,NONE,Manufacturer#1,4-NOT SPECIFIED,3,AUTOMOBILE,TRUCK,3,0.08,9,Brand#12,JUMBO JAR,19,46,4,51468.1396
F,P,N,NONE,Manufacturer#3,4-NOT SPECIFIED,3,AUTOMOBILE,SHIP,4,0.04,12,Brand#31,SM CAN,25,32,0,56291.2416
O,O,N,DELIVER IN PERSON,Manufacturer#3,4-NOT SPECIFIED,4,HOUSEHOLD,MAIL,2,0.06,9,Brand#35,JUMBO CASE,42,28,4,41124.8376
O,P,N,COLLECT COD,Manufacturer#5,2-HIGH,0,AUTOMOBILE,REG AIR,3,0,21,Brand#51,MED BAG,15,25,1,34284.48
O,O,N,COLLECT COD,Manufacturer#1,3-MEDIUM,4,FURNITURE,RAIL,1,0.05,9,Brand#11,JUMBO BAG,24,24,4,40758.3552
O,O,N,DELIVER IN PERSON,Manufacturer#1,3-MEDIUM,4,FURNITURE,RAIL,2,0.08,8,Brand#12,JUMBO DRUM,17,42,3,51774.4668
O,O,N,DELIVER IN PERSON,Manufacturer#4,3-MEDIUM,0,FURNITURE,REG AIR,1,0.05,18,Brand#44,SM BAG,15,25,2,37888.08
O,O,N,COLLECT COD,Manufacturer#1,3-MEDIUM,0,FURNITURE,SHIP,6,0,8,Brand#12,MED JAR,23,17,3,15243.3696
O,O,N,COLLECT COD,Manufacturer#1,3-MEDIUM,0,FURNITURE,REG AIR,2,0.02,9,Brand#12,SM JAR,23,9,4,13602.1842
O,O,N,DELIVER IN PERSON,Manufacturer#1,2-HIGH,2,BUILDING,TRUCK,3,0.07,18,Brand#15,SM DRUM,22,33,2,34014.0438
O,O,N,NONE,Manufacturer#5,2-HIGH,2,BUILDING,FOB,2,0.02,9,Brand#51,JUMBO CASE,33,27,4,29508.4566
O,O,N,DELIVER IN PERSON,Manufacturer#5,3-MEDIUM,4,BUILDING,RAIL,7,0.04,21,Brand#54,WRAP BOX,31,50,1,68333.76
O,O,N,TAKE BACK RETURN,Manufacturer#5,3-MEDIUM,4,BUILDING,MAIL,6,0.03,9,Brand#51,WRAP BAG,19,30,4,45221.814
O,O,N,TAKE BACK RETURN,Manufacturer#1,3-MEDIUM,4,BUILDING,FOB,1,0.05,9,Brand#12,JUMBO BAG,43,17,4,21681.29
O,O,N,NONE,Manufacturer#2,3-MEDIUM,4,BUILDING,RAIL,3,0.05,12,Brand#24,SM BAG,18,10,0,15025.96
F,F,A,NONE,Manufacturer#3,4-NOT SPECIFIED,1,FURNITURE,RAIL,1,0,12,Brand#35,MED BAG,44,2,0,3427.8684
F,F,A,NONE,Manufacturer#1,4-NOT SPECIFIED,1,FURNITURE,MAIL,3,0.04,18,Brand#12,JUMBO BAG,40,2,2,2558.736
F,F,R,DELIVER IN PERSON,Manufacturer#3,2-HIGH,3,MACHINERY,RAIL,2,0.06,8,Brand#33,WRAP CAN,6,26,3,40652.8512
O,O,N,NONE,Manufacturer#2,5-LOW,3,AUTOMOBILE,AIR,4,0.08,21,Brand#22,JUMBO JAR,7,27,1,40794.8535
O,O,N,DELIVER IN PERSON,Manufacturer#2,5-LOW,3,AUTOMOBILE,MAIL,6,0.06,18,Brand#23,JUMBO BOX,40,12,2,20622.2784
O,O,N,COLLECT COD,Manufacturer#4,5-LOW,3,AUTOMOBILE,SHIP,3,0.04,9,Brand#42,WRAP BOX,11,20,4,34669.656
F,F,A,DELIVER IN PERSON,Manufacturer#4,5-LOW,0,MACHINERY,REG AIR,2,0.06,8,Brand#43,JUMBO BOX,48,9,3,15539.6052
F,F,R,NONE,Manufacturer#2,5-LOW,0,MACHINERY,TRUCK,3,0.07,21,Brand#23,WRAP BAG,35,9,1,10471.8096
F,F,A,TAKE BACK RETURN,Manufacturer#5,5-LOW,0,MACHINERY,TRUCK,1,0.03,18,Brand#53,MED JAR,40,22,2,33090.871
F,F,R,NONE,Manufacturer#3,1-URGENT,3,BUILDING,REG AIR,2,0.06,21,Brand#31,JUMBO CAN,11,13,1,13786.9732
F,F,R,TAKE BACK RETURN,Manufacturer#1,1-URGENT,3,BUILDING,AIR,1,0.05,21,Brand#13,SM CASE,49,25,1,25939.5125
F,F,R,COLLECT COD,Manufacturer#4,1-URGENT,4,BUILDING,RAIL,2,0,9,Brand#42,LG BOX,34,23,4,28558.1478
F,F,A,TAKE BACK RETURN,Manufacturer#2,2-HIGH,0,BUILDING,FOB,5,0.06,8,Brand#24,WRAP CAN,46,20,3,19856.728
F,F,A,DELIVER IN PERSON,Manufacturer#4,2-HIGH,0,BUILDING,FOB,6,0.04,18,Brand#42,WRAP JAR,2,13,2,21746.01
F,F,R,NONE,Manufacturer#5,2-HIGH,0,BUILDING,SHIP,1,0.04,9,Brand#55,JUMBO CAN,42,50,4,58773.175
O,O,N,COLLECT COD,Manufacturer#1,2-HIGH,4,BUILDING,FOB,1,0.06,21,Brand#15,MED BAG,30,11,1,13848.8152
O,O,N,DELIVER IN PERSON,Manufacturer#4,2-HIGH,4,BUILDING,REG AIR,6,0.08,21,Brand#41,WRAP CAN,20,17,1,28040.7996
O,O,N,COLLECT COD,Manufacturer#3,2-HIGH,4,BUILDING,FOB,3,0.07,9,Brand#31,LG PACK,36,4,4,5794.458
O,O,N,NONE,Manufacturer#4,2-HIGH,1,HOUSEHOLD,AIR,3,0.07,9,Brand#41,SM PACK,43,26,4,27696.3518
F,F,A,TAKE BACK RETURN,Manufacturer#2,4-NOT SPECIFIED,1,FURNITURE,AIR,1,0.05,18,Brand#25,LG CASE,39,19,2,21455.218
O,O,N,DELIVER IN PERSON,Manufacturer#4,2-HIGH,1,HOUSEHOLD,AIR,3,0.08,21,Brand#45,JUMBO CAN,13,15,1,17255.376
F,F,A,TAKE BACK RETURN,Manufacturer#1,2-HIGH,1,FURNITURE,FOB,3,0,9,Brand#13,WRAP BOX,26,49,4,54465.7246
O,O,N,NONE,Manufacturer#3,1-URGENT,2,FURNITURE,TRUCK,4,0.08,8,Brand#31,JUMBO DRUM,48,17,3,20030.59
O,O,N,NONE,Manufacturer#5,1-URGENT,2,FURNITURE,MAIL,3,0.03,8,Brand#52,SM PKG,50,36,3,67037.7708
O,O,N,TAKE BACK RETURN,Manufacturer#5,5-LOW,3,HOUSEHOLD,SHIP,2,0.06,21,Brand#53,JUMBO DRUM,26,10,1,10432.805
O,O,N,TAKE BACK RETURN,Manufacturer#2,5-LOW,3,HOUSEHOLD,AIR,1,0,12,Brand#23,LG PACK,14,41,0,45731.277
F,F,R,NONE,Manufacturer#1,4-NOT SPECIFIED,2,AUTOMOBILE,REG AIR,6,0.08,21,Brand#14,JUMBO JAR,9,31,1,43615.0656
F,F,A,TAKE BACK RETURN,Manufacturer#3,5-LOW,4,AUTOMOBILE,AIR,6,0.07,18,Brand#34,WRAP CASE,23,27,2,31283.334
F,F,A,NONE,Manufacturer#3,5-LOW,4,AUTOMOBILE,RAIL,5,0.03,21,Brand#32,WRAP PACK,24,15,1,20015.091
F,F,A,COLLECT COD,Manufacturer#5,5-LOW,4,AUTOMOBILE,MAIL,2,0,21,Brand#51,WRAP PKG,1,45,1,60815.25
F,F,R,NONE,Manufacturer#5,4-NOT SPECIFIED,1,BUILDING,MAIL,3,0.03,9,Brand#51,MED CASE,40,43,4,68353.8492
F,F,R,TAKE BACK RETURN,Manufacturer#4,4-NOT SPECIFIED,1,BUILDING,REG AIR,2,0.08,21,Brand#45,MED CASE,23,15,1,15696.819
F,F,A,COLLECT COD,Manufacturer#2,4-NOT SPECIFIED,1,BUILDING,AIR,1,0,18,Brand#22,SM PKG,45,43,2,40100.2778
F,F,A,TAKE BACK RETURN,Manufacturer#3,5-LOW,4,HOUSEHOLD,FOB,7,0.04,21,Brand#35,SM JAR,7,30,1,37300.2
O,O,N,COLLECT COD,Manufacturer#2,4-NOT SPECIFIED,1,FURNITURE,SHIP,2,0.04,12,Brand#23,JUMBO PACK,2,15,0,18249.984
O,O,N,NONE,Manufacturer#3,4-NOT SPECIFIED,1,FURNITURE,SHIP,6,0.05,18,Brand#32,JUMBO DRUM,33,10,2,15215.97
O,O,N,DELIVER IN PERSON,Manufacturer#3,4-NOT SPECIFIED,1,FURNITURE,REG AIR,1,0,9,Brand#34,LG DRUM,22,18,4,24520.482
O,O,N,DELIVER IN PERSON,Manufacturer#4,1-URGENT,2,BUILDING,SHIP,6,0,12,Brand#42,WRAP DRUM,28,14,0,17785.082
O,O,N,TAKE BACK RETURN,Manufacturer#5,1-URGENT,2,BUILDING,MAIL,1,0.04,18,Brand#51,JUMBO CAN,49,50,2,45049.095
O,O,N,COLLECT COD,Manufacturer#2,1-URGENT,2,BUILDING,MAIL,2,0,18,Brand#24,MED JAR,9,22,2,31320.531
F,F,A,TAKE BACK RETURN,Manufacturer#3,4-NOT SPECIFIED,3,BUILDING,SHIP,2,0.05,9,Brand#34,MED BAG,32,33,4,31020.99
F,F,A,DELIVER IN PERSON,Manufacturer#4,4-NOT SPECIFIED,3,BUILDING,MAIL,3,0.01,8,Brand#42,WRAP CAN,16,30,3,44867.7
F,F,R,NONE,Manufacturer#2,4-NOT SPECIFIED,3,BUILDING,AIR,4,0.08,8,Brand#25,WRAP BOX,43,36,3,31156.542
O,O,N,NONE,Manufacturer#5,3-MEDIUM,4,MACHINERY,AIR,1,0.04,8,Brand#51,WRAP JAR,35,19,3,18881.82
O,O,N,DELIVER IN PERSON,Manufacturer#4,3-MEDIUM,4,MACHINERY,MAIL,4,0.07,18,Brand#44,MED DRUM,45,32,2,55507.968
O,O,N,COLLECT COD,Manufacturer#3,5-LOW,4,FURNITURE,RAIL,1,0,8,Brand#33,SM CAN,23,34,3,62538.597
O,O,N,NONE,Manufacturer#1,5-LOW,4,AUTOMOBILE,MAIL,1,0.07,21,Brand#15,JUMBO JAR,3,20,1,23871.976
F,F,R,NONE,Manufacturer#3,1-URGENT,1,AUTOMOBILE,FOB,1,0.02,21,Brand#35,JUMBO PKG,38,19,1,26324.4069
F,F,R,TAKE BACK RETURN,Manufacturer#2,1-URGENT,0,MACHINERY,RAIL,3,0.06,18,Brand#23,MED PKG,34,38,2,58294.2724
F,F,A,TAKE BACK RETURN,Manufacturer#2,2-HIGH,4,BUILDING,FOB,3,0.01,12,Brand#22,LG JAR,45,49,0,61479.6336
F,F,A,TAKE BACK RETURN,Manufacturer#5,5-LOW,1,BUILDING,TRUCK,2,0.03,21,Brand#51,LG CAN,8,48,1,81465.2832
F,F,R,NONE,Manufacturer#2,5-LOW,1,BUILDING,AIR,1,0,21,Brand#23,LG PACK,13,23,1,32554.269
O,O,N,COLLECT COD,Manufacturer#5,2-HIGH,1,HOUSEHOLD,RAIL,5,0.07,18,Brand#51,SM PACK,30,30,2,44353.98
O,O,N,NONE,Manufacturer#2,2-HIGH,1,HOUSEHOLD,SHIP,4,0.07,21,Brand#23,LG JAR,20,38,1,42949.0554
O,O,N,NONE,Manufacturer#2,2-HIGH,1,HOUSEHOLD,TRUCK,6,0.04,12,Brand#22,SM PACK,31,13,0,12270.4127
F,F,R,TAKE BACK RETURN,Manufacturer#1,1-URGENT,1,HOUSEHOLD,AIR,2,0.02,21,Brand#12,MED PKG,41,11,1,10091.081
F,F,A,NONE,Manufacturer#3,1-URGENT,1,HOUSEHOLD,SHIP,3,0.04,12,Brand#35,JUMBO CASE,24,4,0,3594.952
F,F,R,COLLECT COD,Manufacturer#1,1-URGENT,1,HOUSEHOLD,AIR,1,0.06,18,Brand#11,MED BOX,18,7,2,8117.7369
O,O,N,DELIVER IN PERSON,Manufacturer#2,2-HIGH,3,FURNITURE,MAIL,2,0.07,21,Brand#21,WRAP DRUM,29,3,1,3478.566
O,O,N,NONE,Manufacturer#3,2-HIGH,3,FURNITURE,RAIL,1,0.03,9,Brand#33,JUMBO JAR,3,27,4,28709.2161
O,O,N,NONE,Manufacturer#2,2-HIGH,4,FURNITURE,SHIP,4,0,12,Brand#23,MED BAG,9,30,0,26359.38
F,F,R,COLLECT COD,Manufacturer#2,5-LOW,2,MACHINERY,REG AIR,1,0.03,18,Brand#22,SM PACK,19,24,2,31787.9088
O,O,N,DELIVER IN PERSON,Manufacturer#3,3-MEDIUM,2,HOUSEHOLD,MAIL,4,0.06,8,Brand#33,JUMBO DRUM,3,4,3,3862.6224
O,O,N,DELIVER IN PERSON,Manufacturer#3,3-MEDIUM,2,HOUSEHOLD,SHIP,1,0.02,9,Brand#33,SM DRUM,13,18,4,26414.5536
O,O,N,NONE,Manufacturer#4,5-LOW,4,BUILDING,SHIP,4,0.04,8,Brand#45,MED BOX,34,47,3,57452.4804
O,O,N,NONE,Manufacturer#4,5-LOW,4,BUILDING,MAIL,7,0.01,21,Brand#45,WRAP PKG,29,23,1,24721.803
F,F,R,TAKE BACK RETURN,Manufacturer#4,3-MEDIUM,2,FURNITURE,REG AIR,3,0.08,18,Brand#42,LG CAN,26,42,2,45853.1136
O,O,N,COLLECT COD,Manufacturer#4,1-URGENT,1,FURNITURE,REG AIR,4,0.07,8,Brand#42,SM JAR,4,34,3,45918.36
O,O,N,NONE,Manufacturer#4,1-URGENT,1,FURNITURE,MAIL,6,0.08,12,Brand#41,JUMBO PKG,14,27,0,29561.3766
F,F,A,TAKE BACK RETURN,Manufacturer#4,4-NOT SPECIFIED,4,FURNITURE,FOB,3,0.03,9,Brand#41,MED PACK,2,20,4,32472.624
F,F,A,DELIVER IN PERSON,Manufacturer#4,4-NOT SPECIFIED,4,FURNITURE,SHIP,4,0.06,8,Brand#41,LG PKG,12,5,3,7545.465
O,O,N,DELIVER IN PERSON,Manufacturer#5,1-URGENT,4,FURNITURE,AIR,1,0.05,21,Brand#54,LG DRUM,5,43,1,74855.69
O,O,N,NONE,Manufacturer#2,1-URGENT,4,FURNITURE,REG AIR,5,0.06,9,Brand#24,WRAP JAR,14,49,4,79365.79
O,O,N,DELIVER IN PERSON,Manufacturer#1,1-URGENT,4,FURNITURE,MAIL,2,0,9,Brand#12,SM JAR,23,11,4,16624.8918
F,F,R,COLLECT COD,Manufacturer#3,3-MEDIUM,0,MACHINERY,RAIL,6,0.05,9,Brand#35,LG CAN,42,24,4,26140.32
F,F,R,NONE,Manufacturer#5,3-MEDIUM,0,MACHINERY,REG AIR,2,0.01,18,Brand#52,LG BAG,41,16,2,27385.0368
F,F,A,DELIVER IN PERSON,Manufacturer#1,3-MEDIUM,0,MACHINERY,SHIP,4,0.05,18,Brand#15,JUMBO JAR,49,33,2,54675.918
F,F,R,DELIVER IN PERSON,Manufacturer#2,3-MEDIUM,0,MACHINERY,AIR,5,0.02,8,Brand#25,LG BOX,30,32,3,53782.8928
F,F,R,COLLECT COD,Manufacturer#2,3-MEDIUM,0,MACHINERY,TRUCK,1,0.03,9,Brand#24,WRAP PKG,27,42,4,75370.302
F,F,A,NONE,Manufacturer#1,2-HIGH,1,HOUSEHOLD,TRUCK,2,0.08,18,Brand#15,JUMBO JAR,49,30,2,55228.2
F,F,A,TAKE BACK RETURN,Manufacturer#3,2-HIGH,1,HOUSEHOLD,REG AIR,5,0.07,9,Brand#31,JUMBO BOX,34,32,4,48665.664
F,F,A,COLLECT COD,Manufacturer#2,2-HIGH,1,HOUSEHOLD,FOB,1,0.01,9,Brand#21,MED PACK,30,50,4,77265.6
O,O,N,NONE,Manufacturer#3,3-MEDIUM,2,MACHINERY,MAIL,1,0.06,18,Brand#35,MED PACK,26,33,2,57136.9788
F,F,R,NONE,Manufacturer#5,3-MEDIUM,3,BUILDING,MAIL,3,0.02,18,Brand#52,MED DRUM,44,37,2,39269.9315
F,F,R,NONE,Manufacturer#4,5-LOW,3,AUTOMOBILE,SHIP,5,0.05,9,Brand#42,JUMBO CASE,6,15,4,23429.502
F,F,R,NONE,Manufacturer#4,5-LOW,3,AUTOMOBILE,FOB,4,0.05,18,Brand#45,SM PACK,3,5,2,7649.055
O,O,N,COLLECT COD,Manufacturer#5,1-URGENT,1,HOUSEHOLD,SHIP,1,0,18,Brand#52,MED BAG,26,42,2,42011.0418
O,O,N,COLLECT COD,Manufacturer#1,4-NOT SPECIFIED,4,BUILDING,RAIL,2,0.04,21,Brand#11,JUMBO PACK,39,22,1,38826.92
F,F,R,DELIVER IN PERSON,Manufacturer#5,3-MEDIUM,3,BUILDING,SHIP,4,0.03,8,Brand#53,JUMBO JAR,28,2,3,2400.3738
F,F,R,COLLECT COD,Manufacturer#4,3-MEDIUM,3,BUILDING,RAIL,3,0.01,18,Brand#41,MED PACK,22,41,2,49536.036
O,O,N,NONE,Manufacturer#1,1-URGENT,2,MACHINERY,SHIP,1,0.02,18,Brand#12,JUMBO BAG,43,32,2,40811.84
O,O,N,NONE,Manufacturer#4,1-URGENT,2,MACHINERY,MAIL,3,0.03,18,Brand#42,LG BOX,19,31,2,45015.2736
O,O,N,NONE,Manufacturer#3,1-URGENT,2,MACHINERY,TRUCK,4,0.05,8,Brand#34,SM BAG,47,8,3,14589.848
O,O,N,COLLECT COD,Manufacturer#5,1-URGENT,2,MACHINERY,AIR,2,0.08,21,Brand#51,JUMBO CASE,33,1,1,1059.4495
O,O,N,COLLECT COD,Manufacturer#3,4-NOT SPECIFIED,4,FURNITURE,AIR,6,0.03,12,Brand#33,LG PKG,12,46,0,62857.16
O,O,N,NONE,Manufacturer#2,4-NOT SPECIFIED,4,FURNITURE,RAIL,3,0.03,18,Brand#21,JUMBO CASE,31,26,2,31483.5456
O,O,N,COLLECT COD,Manufacturer#5,4-NOT SPECIFIED,4,FURNITURE,SHIP,2,0.08,18,Brand#53,JUMBO BOX,31,40,2,60980.796
F,F,R,COLLECT COD,Manufacturer#5,5-LOW,2,MACHINERY,REG AIR,1,0.06,9,Brand#55,WRAP CAN,44,41,4,62578.1688
F,F,R,TAKE BACK RETURN,Manufacturer#3,5-LOW,2,MACHINERY,TRUCK,2,0.04,21,Brand#34,JUMBO CASE,19,9,1,15704.3097
F,F,A,NONE,Manufacturer#3,3-MEDIUM,3,AUTOMOBILE,MAIL,2,0.05,9,Brand#34,MED BAG,17,3,4,3211.0386
F,F,A,COLLECT COD,Manufacturer#4,4-NOT SPECIFIED,4,HOUSEHOLD,MAIL,1,0.07,21,Brand#42,JUMBO DRUM,13,36,1,48124.4544
F,F,A,COLLECT COD,Manufacturer#1,4-NOT SPECIFIED,4,HOUSEHOLD,FOB,2,0.05,8,Brand#14,SM JAR,20,5,3,8275.995
F,F,A,DELIVER IN PERSON,Manufacturer#4,5-LOW,4,BUILDING,FOB,3,0.08,21,Brand#41,WRAP BAG,10,3,1,4736.8341
F,F,A,COLLECT COD,Manufacturer#2,5-LOW,4,BUILDING,TRUCK,6,0.05,8,Brand#25,SM BAG,3,5,3,8701.763
F,F,A,TAKE BACK RETURN,Manufacturer#3,5-LOW,4,BUILDING,SHIP,2,0.02,18,Brand#34,WRAP JAR,43,27,2,30794.8095
F,F,A,TAKE BACK RETURN,Manufacturer#2,5-LOW,3,FURNITURE,AIR,2,0,12,Brand#21,SM BOX,11,11,0,13125.1824
F,F,A,DELIVER IN PERSON,Manufacturer#2,5-LOW,3,FURNITURE,MAIL,4,0.03,18,Brand#22,MED JAR,19,3,2,3115.5852
F,F,A,TAKE BACK RETURN,Manufacturer#3,2-HIGH,2,BUILDING,TRUCK,5,0.02,18,Brand#32,MED CAN,31,21,2,33395.9346
F,F,R,TAKE BACK RETURN,Manufacturer#2,2-HIGH,2,BUILDING,RAIL,2,0.03,8,Brand#25,LG BOX,30,10,3,16991.848
F,F,R,DELIVER IN PERSON,Manufacturer#5,2-HIGH,2,BUILDING,RAIL,6,0.08,8,Brand#54,JUMBO DRUM,2,26,3,27873.144
F,F,A,TAKE BACK RETURN,Manufacturer#2,2-HIGH,2,BUILDING,REG AIR,4,0.05,18,Brand#22,WRAP DRUM,37,10,2,15024.339
O,O,N,TAKE BACK RETURN,Manufacturer#5,5-LOW,2,FURNITURE,FOB,3,0.08,12,Brand#52,MED CAN,41,25,0,38948.3325
O,O,N,NONE,Manufacturer#4,5-LOW,2,FURNITURE,SHIP,5,0.05,18,Brand#41,JUMBO CASE,45,32,2,42842.304
F,F,A,NONE,Manufacturer#4,5-LOW,4,FURNITURE,FOB,5,0.08,12,Brand#43,LG CASE,7,37,0,65820.0807
F,F,A,NONE,Manufacturer#5,5-LOW,4,FURNITURE,TRUCK,1,0.01,18,Brand#52,LG PKG,39,14,2,15755.3088
F,F,A,TAKE BACK RETURN,Manufacturer#5,5-LOW,4,FURNITURE,FOB,7,0.01,12,Brand#54,MED CASE,3,27,0,39120.9588
O,O,N,NONE,Manufacturer#4,3-MEDIUM,0,BUILDING,AIR,7,0.01,21,Brand#45,WRAP CASE,18,14,1,16925.664
O,O,N,DELIVER IN PERSON,Manufacturer#3,3-MEDIUM,0,BUILDING,TRUCK,3,0.02,18,Brand#35,LG JAR,34,25,2,33876.19
O,O,N,NONE,Manufacturer#4,3-MEDIUM,0,BUILDING,AIR,4,0.05,21,Brand#45,SM CASE,26,6,1,10539.438
O,O,N,COLLECT COD,Manufacturer#2,1-URGENT,1,HOUSEHOLD,MAIL,3,0,18,Brand#25,MED DRUM,10,27,2,28888.2774
O,O,N,TAKE BACK RETURN,Manufacturer#2,1-URGENT,0,BUILDING,MAIL,1,0,18,Brand#22,MED CASE,49,36,2,56435.616
O,O,N,COLLECT COD,Manufacturer#4,1-URGENT,0,BUILDING,RAIL,3,0.04,18,Brand#43,JUMBO PACK,25,50,2,66999.225
O,O,N,DELIVER IN PERSON,Manufacturer#3,1-URGENT,0,BUILDING,REG AIR,2,0.07,8,Brand#34,SM CAN,5,7,3,8631.0336
F,F,A,DELIVER IN PERSON,Manufacturer#2,2-HIGH,1,BUILDING,AIR,2,0.03,8,Brand#24,WRAP CAN,46,4,3,4057.6792
O,O,N,DELIVER IN PERSON,Manufacturer#2,4-NOT SPECIFIED,1,HOUSEHOLD,REG AIR,3,0.07,21,Brand#25,SM PKG,35,37,1,69633.2637
O,O,N,TAKE BACK RETURN,Manufacturer#1,4-NOT SPECIFIED,1,HOUSEHOLD,SHIP,7,0.01,8,Brand#11,JUMBO CASE,27,38,3,34658.166
O,O,N,COLLECT COD,Manufacturer#4,4-NOT SPECIFIED,1,HOUSEHOLD,RAIL,2,0.05,8,Brand#45,MED DRUM,33,48,3,66698.5968
F,F,R,NONE,Manufacturer#3,1-URGENT,3,AUTOMOBILE,SHIP,4,0.02,18,Brand#35,MED BAG,44,23,2,39844.3628
F,F,R,COLLECT COD,Manufacturer#1,1-URGENT,3,AUTOMOBILE,MAIL,2,0.06,18,Brand#11,JUMBO BAG,21,9,2,11479.2039
F,F,R,DELIVER IN PERSON,Manufacturer#5,5-LOW,1,AUTOMOBILE,FOB,4,0.07,8,Brand#54,WRAP JAR,50,14,3,24635.1252
F,F,R,NONE,Manufacturer#3,2-HIGH,1,BUILDING,SHIP,3,0.02,8,Brand#33,LG BOX,40,14,3,20544.6528
F,F,R,TAKE BACK RETURN,Manufacturer#3,5-LOW,0,FURNITURE,TRUCK,4,0.06,9,Brand#31,MED PACK,38,19,4,27017.7872
F,F,A,COLLECT COD,Manufacturer#2,5-LOW,0,FURNITURE,SHIP,2,0,21,Brand#21,SM CAN,48,2,1,2568.8322
F,F,R,COLLECT COD,Manufacturer#4,5-LOW,0,FURNITURE,AIR,1,0.05,12,Brand#41,SM PACK,44,24,0,28412.856
O,O,N,COLLECT COD,Manufacturer#2,3-MEDIUM,4,FURNITURE,REG AIR,4,0,18,Brand#24,MED DRUM,31,5,2,4697.748
O,O,N,DELIVER IN PERSON,Manufacturer#2,4-NOT SPECIFIED,3,FURNITURE,FOB,2,0.04,8,Brand#25,JUMBO CAN,23,43,3,47566.6
O,O,N,TAKE BACK RETURN,Manufacturer#1,4-NOT SPECIFIED,3,FURNITURE,RAIL,3,0.03,12,Brand#13,MED JAR,17,44,0,81133.36
O,O,N,DELIVER IN PERSON,Manufacturer#4,1-URGENT,0,AUTOMOBILE,AIR,2,0.03,12,Brand#42,WRAP DRUM,28,48,0,59031.336
O,O,N,COLLECT COD,Manufacturer#3,1-URGENT,0,AUTOMOBILE,AIR,3,0.05,8,Brand#32,LG PKG,36,31,3,34481.6472
O,O,N,TAKE BACK RETURN,Manufacturer#4,1-URGENT,0,AUTOMOBILE,SHIP,4,0.02,21,Brand#43,WRAP BAG,20,39,1,54498.0228
O,O,N,COLLECT COD,Manufacturer#4,1-URGENT,0,AUTOMOBILE,REG AIR,6,0.05,9,Brand#43,LG CASE,13,12,4,12524.3136
O,O,N,DELIVER IN PERSON,Manufacturer#3,1-URGENT,4,AUTOMOBILE,REG AIR,3,0.02,18,Brand#35,JUMBO JAR,28,47,2,73442.7264
O,O,N,NONE,Manufacturer#3,2-HIGH,1,FURNITURE,RAIL,1,0.06,8,Brand#32,SM CASE,9,34,3,59181.4472
O,O,N,NONE,Manufacturer#3,5-LOW,2,FURNITURE,AIR,1,0.08,18,Brand#33,JUMBO CAN,2,31,2,52417.7636
O,O,N,COLLECT COD,Manufacturer#5,5-LOW,2,FURNITURE,RAIL,5,0.04,8,Brand#51,JUMBO PACK,30,20,3,29991.8
O,O,N,DELIVER IN PERSON,Manufacturer#4,5-LOW,2,FURNITURE,SHIP,4,0.07,12,Brand#44,SM CAN,11,17,0,28809.7623
F,F,R,TAKE BACK RETURN,Manufacturer#1,2-HIGH,0,AUTOMOBILE,REG AIR,2,0.06,21,Brand#14,JUMBO JAR,9,31,1,44978.0364
F,F,A,NONE,Manufacturer#5,2-HIGH,0,AUTOMOBILE,MAIL,5,0.01,8,Brand#51,LG CAN,10,39,3,46079.8611
O,O,N,TAKE BACK RETURN,Manufacturer#5,5-LOW,4,AUTOMOBILE,FOB,7,0.05,18,Brand#52,SM JAR,28,41,2,51318.7857
O,O,N,TAKE BACK RETURN,Manufacturer#5,5-LOW,4,AUTOMOBILE,SHIP,5,0.04,21,Brand#53,SM CASE,17,14,1,19092.549
O,O,N,NONE,Manufacturer#4,5-LOW,4,AUTOMOBILE,FOB,3,0.02,8,Brand#42,JUMBO BOX,10,10,3,13862.198
F,F,A,TAKE BACK RETURN,Manufacturer#1,1-URGENT,1,AUTOMOBILE,AIR,1,0.07,21,Brand#12,MED PKG,41,11,1,10867.318
O,O,N,NONE,Manufacturer#4,1-URGENT,1,BUILDING,TRUCK,4,0.05,18,Brand#42,WRAP CAN,16,7,2,9422.217
O,O,N,TAKE BACK RETURN,Manufacturer#5,1-URGENT,1,BUILDING,TRUCK,5,0,18,Brand#52,JUMBO PKG,8,3,2,5066.226
F,F,A,DELIVER IN PERSON,Manufacturer#1,3-MEDIUM,2,HOUSEHOLD,REG AIR,2,0.07,21,Brand#14,SM PKG,13,11,1,11232.32
F,F,A,NONE,Manufacturer#4,2-HIGH,0,AUTOMOBILE,SHIP,1,0.03,9,Brand#42,SM JAR,47,35,4,30257.5
F,F,A,NONE,Manufacturer#5,2-HIGH,0,AUTOMOBILE,TRUCK,2,0.06,18,Brand#52,WRAP PACK,43,41,2,56317.8132
O,O,N,NONE,Manufacturer#4,3-MEDIUM,2,MACHINERY,REG AIR,6,0.07,21,Brand#43,LG BOX,16,35,1,30811.536
O,O,N,NONE,Manufacturer#1,5-LOW,3,AUTOMOBILE,AIR,3,0.04,21,Brand#11,MED CASE,36,41,1,46940.6868
F,F,R,COLLECT COD,Manufacturer#1,4-NOT SPECIFIED,2,FURNITURE,REG AIR,1,0.06,9,Brand#13,SM PKG,28,21,4,24619.6482
F,F,A,COLLECT COD,Manufacturer#1,5-LOW,3,FURNITURE,MAIL,1,0.08,21,Brand#12,JUMBO CAN,17,8,1,10475.2
F,P,N,NONE,Manufacturer#3,2-HIGH,4,AUTOMOBILE,AIR,2,0.01,12,Brand#33,SM CASE,46,40,0,35751.432
F,F,R,COLLECT COD,Manufacturer#1,1-URGENT,2,AUTOMOBILE,MAIL,3,0.03,8,Brand#12,WRAP JAR,8,32,3,52557.696
F,F,A,COLLECT COD,Manufacturer#5,1-URGENT,2,AUTOMOBILE,RAIL,1,0.07,9,Brand#52,WRAP CAN,4,41,4,65212.0621
O,O,N,DELIVER IN PERSON,Manufacturer#5,3-MEDIUM,0,FURNITURE,FOB,2,0.04,8,Brand#53,LG JAR,31,46,3,64232.928
O,O,N,NONE,Manufacturer#2,3-MEDIUM,0,FURNITURE,SHIP,4,0.04,12,Brand#21,WRAP BOX,19,32,0,54411.712
O,O,N,DELIVER IN PERSON,Manufacturer#1,3-MEDIUM,0,FURNITURE,FOB,7,0,18,Brand#15,JUMBO DRUM,8,18,2,18802.773
O,O,N,NONE,Manufacturer#3,3-MEDIUM,0,FURNITURE,TRUCK,6,0.06,12,Brand#33,LG PKG,12,44,0,54713.0584
O,O,N,TAKE BACK RETURN,Manufacturer#2,3-MEDIUM,4,AUTOMOBILE,SHIP,2,0.04,8,Brand#25,SM CASE,22,25,3,23276.6625
O,O,N,DELIVER IN PERSON,Manufacturer#2,3-MEDIUM,4,AUTOMOBILE,AIR,4,0.01,21,Brand#23,JUMBO PACK,25,36,1,33594.7392
O,O,N,COLLECT COD,Manufacturer#4,3-MEDIUM,4,AUTOMOBILE,MAIL,5,0.06,18,Brand#45,SM CAN,21,35,2,33704.16
O,O,N,DELIVER IN PERSON,Manufacturer#1,3-MEDIUM,4,AUTOMOBILE,SHIP,1,0.07,18,Brand#11,MED BOX,18,17,2,19714.5039
F,F,A,DELIVER IN PERSON,Manufacturer#5,5-LOW,0,AUTOMOBILE,FOB,4,0,21,Brand#52,LG DRUM,46,19,1,17232.6029
F,F,A,DELIVER IN PERSON,Manufacturer#3,5-LOW,0,AUTOMOBILE,FOB,3,0.03,8,Brand#33,SM CAN,28,42,3,55363.1988
F,F,R,COLLECT COD,Manufacturer#4,4-NOT SPECIFIED,1,AUTOMOBILE,MAIL,2,0.04,21,Brand#42,SM JAR,47,43,1,35608.3
O,O,N,NONE,Manufacturer#1,3-MEDIUM,0,MACHINERY,AIR,2,0.08,18,Brand#14,WRAP CASE,16,15,2,18713.088
F,F,R,NONE,Manufacturer#4,5-LOW,3,AUTOMOBILE,FOB,3,0.03,8,Brand#44,WRAP BAG,38,13,3,21682.4036
F,F,A,COLLECT COD,Manufacturer#5,3-MEDIUM,0,BUILDING,RAIL,3,0.03,18,Brand#54,LG BOX,37,6,2,4924.854
F,F,A,TAKE BACK RETURN,Manufacturer#4,3-MEDIUM,0,BUILDING,TRUCK,1,0.06,12,Brand#41,SM PACK,35,44,0,40436.44
F,F,A,NONE,Manufacturer#1,4-NOT SPECIFIED,0,HOUSEHOLD,RAIL,4,0.01,18,Brand#11,JUMBO BOX,48,47,2,62929.4985
F,F,A,NONE,Manufacturer#4,4-NOT SPECIFIED,0,HOUSEHOLD,AIR,1,0.02,18,Brand#43,JUMBO DRUM,38,32,2,29152.32
O,O,N,NONE,Manufacturer#1,1-URGENT,1,MACHINERY,SHIP,2,0.07,21,Brand#14,MED BOX,1,2,1,2745.834
O,O,N,TAKE BACK RETURN,Manufacturer#5,1-URGENT,1,MACHINERY,TRUCK,5,0.01,8,Brand#51,LG CAN,10,30,3,36225.081
O,O,N,NONE,Manufacturer#2,1-URGENT,2,FURNITURE,AIR,1,0.02,9,Brand#23,JUMBO BAG,44,6,4,9414.975
F,F,A,TAKE BACK RETURN,Manufacturer#4,1-URGENT,1,AUTOMOBILE,REG AIR,2,0.01,21,Brand#45,SM JAR,47,44,1,53017.448
F,F,A,TAKE BACK RETURN,Manufacturer#5,4-NOT SPECIFIED,2,AUTOMOBILE,AIR,1,0.04,18,Brand#52,MED BAG,26,15,2,16487.85
F,F,R,TAKE BACK RETURN,Manufacturer#1,3-MEDIUM,4,MACHINERY,FOB,4,0.08,18,Brand#12,LG JAR,39,3,2,4335.0216
F,F,R,NONE,Manufacturer#5,3-MEDIUM,4,MACHINERY,SHIP,3,0.04,9,Brand#55,WRAP DRUM,42,40,4,69115.74
O,O,N,NONE,Manufacturer#2,5-LOW,1,AUTOMOBILE,TRUCK,4,0.03,8,Brand#21,SM PKG,41,6,3,9871.134
O,O,N,TAKE BACK RETURN,Manufacturer#2,5-LOW,1,AUTOMOBILE,SHIP,6,0.07,18,Brand#25,WRAP PKG,4,16,2,27887.7328
F,F,A,DELIVER IN PERSON,Manufacturer#1,3-MEDIUM,2,FURNITURE,REG AIR,1,0.03,8,Brand#15,SM JAR,15,43,3,53162.19
O,O,N,TAKE BACK RETURN,Manufacturer#3,1-URGENT,4,MACHINERY,AIR,4,0.06,9,Brand#33,SM BOX,32,9,4,15252.2271
O,O,N,NONE,Manufacturer#3,3-MEDIUM,0,MACHINERY,REG AIR,3,0.08,18,Brand#31,MED CAN,44,16,2,25592.8464
O,O,N,NONE,Manufacturer#1,3-MEDIUM,4,FURNITURE,RAIL,6,0.07,8,Brand#13,LG JAR,11,27,3,42701.094
O,O,N,COLLECT COD,Manufacturer#5,3-MEDIUM,4,FURNITURE,FOB,7,0.06,8,Brand#51,LG CAN,10,31,3,36225.081
O,O,N,DELIVER IN PERSON,Manufacturer#3,3-MEDIUM,4,FURNITURE,MAIL,5,0.01,18,Brand#35,SM PACK,29,29,2,30020.8696
O,O,N,COLLECT COD,Manufacturer#4,2-HIGH,3,FURNITURE,AIR,1,0.03,18,Brand#43,JUMBO CASE,19,19,2,26678.1622
O,O,N,NONE,Manufacturer#4,4-NOT SPECIFIED,3,MACHINERY,REG AIR,2,0.01,18,Brand#41,MED PACK,22,16,2,19760.7168
O,O,N,TAKE BACK RETURN,Manufacturer#2,2-HIGH,1,MACHINERY,TRUCK,1,0.04,9,Brand#24,MED PKG,13,19,4,21380.814
O,O,N,DELIVER IN PERSON,Manufacturer#3,5-LOW,0,HOUSEHOLD,AIR,1,0.04,21,Brand#32,MED PKG,5,37,1,43449.9954
O,O,N,DELIVER IN PERSON,Manufacturer#4,1-URGENT,1,FURNITURE,TRUCK,3,0.08,9,Brand#42,MED CASE,32,24,4,23239.6416
O,O,N,DELIVER IN PERSON,Manufacturer#5,1-URGENT,3,MACHINERY,AIR,1,0.08,21,Brand#53,LG DRUM,9,42,1,70592.34
O,O,N,NONE,Manufacturer#4,1-URGENT,3,MACHINERY,RAIL,3,0.04,18,Brand#42,WRAP CAN,16,10,2,13609.869
O,O,N,DELIVER IN PERSON,Manufacturer#1,5-LOW,0,MACHINERY,FOB,1,0.01,21,Brand#12,SM DRUM,16,46,1,50679.8376
O,O,N,NONE,Manufacturer#1,3-MEDIUM,3,AUTOMOBILE,AIR,4,0.07,18,Brand#14,JUMBO JAR,21,15,2,26061.189
O,O,N,DELIVER IN PERSON,Manufacturer#5,5-LOW,4,FURNITURE,AIR,1,0.02,8,Brand#52,JUMBO JAR,16,17,3,20273.9025
F,F,R,TAKE BACK RETURN,Manufacturer#4,3-MEDIUM,1,BUILDING,AIR,4,0.06,8,Brand#43,MED BOX,10,28,3,52443.16
F,P,N,COLLECT COD,Manufacturer#2,2-HIGH,4,BUILDING,REG AIR,1,0.07,21,Brand#22,WRAP DRUM,13,50,1,54459
O,O,N,NONE,Manufacturer#4,1-URGENT,1,BUILDING,AIR,3,0.05,18,Brand#45,SM PACK,3,29,2,47322.1536
F,F,A,COLLECT COD,Manufacturer#2,1-URGENT,1,BUILDING,TRUCK,1,0,21,Brand#21,SM BOX,26,34,1,59393.3522
F,F,R,COLLECT COD,Manufacturer#3,1-URGENT,1,BUILDING,REG AIR,2,0.07,21,Brand#35,JUMBO PKG,38,10,1,13575.053
F,F,R,TAKE BACK RETURN,Manufacturer#1,1-URGENT,1,BUILDING,TRUCK,5,0,12,Brand#13,SM CAN,40,43,0,47909.0176
F,F,R,COLLECT COD,Manufacturer#5,4-NOT SPECIFIED,1,MACHINERY,FOB,2,0.08,18,Brand#54,MED CAN,9,32,2,33428.8896
O,O,N,NONE,Manufacturer#1,1-URGENT,2,AUTOMOBILE,FOB,5,0.05,21,Brand#12,JUMBO DRUM,12,3,1,2686.9374
F,F,R,TAKE BACK RETURN,Manufacturer#2,5-LOW,1,HOUSEHOLD,FOB,2,0.03,12,Brand#21,LG DRUM,21,3,0,4279.56
O,O,N,DELIVER IN PERSON,Manufacturer#4,4-NOT SPECIFIED,2,MACHINERY,REG AIR,2,0.03,21,Brand#43,LG PKG,15,8,1,8639.7744
F,F,R,DELIVER IN PERSON,Manufacturer#2,3-MEDIUM,2,FURNITURE,RAIL,2,0.04,21,Brand#24,SM JAR,10,21,1,28904.61
F,F,A,COLLECT COD,Manufacturer#3,3-MEDIUM,2,FURNITURE,REG AIR,1,0,9,Brand#35,JUMBO CASE,32,35,4,38503.08
O,O,N,TAKE BACK RETURN,Manufacturer#4,3-MEDIUM,4,HOUSEHOLD,FOB,3,0,12,Brand#41,LG CASE,45,7,0,12903.5228
F,F,A,NONE,Manufacturer#5,5-LOW,4,BUILDING,AIR,1,0.03,21,Brand#54,MED CASE,41,50,1,65817.57
O,O,N,NONE,Manufacturer#1,5-LOW,2,HOUSEHOLD,TRUCK,2,0.01,9,Brand#15,WRAP CASE,19,25,4,27077.21
O,O,N,TAKE BACK RETURN,Manufacturer#2,5-LOW,2,HOUSEHOLD,REG AIR,3,0.08,18,Brand#25,JUMBO BOX,9,17,2,15716.5629
O,O,N,TAKE BACK RETURN,Manufacturer#5,5-LOW,2,HOUSEHOLD,FOB,1,0.06,8,Brand#52,LG CAN,23,22,3,37427.159
O,O,N,DELIVER IN PERSON,Manufacturer#5,3-MEDIUM,2,HOUSEHOLD,MAIL,4,0.08,18,Brand#54,LG DRUM,10,43,2,71081.6832
O,O,N,NONE,Manufacturer#1,3-MEDIUM,2,HOUSEHOLD,MAIL,2,0.05,12,Brand#11,JUMBO JAR,45,17,0,16632.8799
O,O,N,COLLECT COD,Manufacturer#5,2-HIGH,1,BUILDING,TRUCK,3,0.08,8,Brand#53,LG JAR,31,45,3,63491.1075
O,O,N,DELIVER IN PERSON,Manufacturer#3,2-HIGH,1,BUILDING,TRUCK,2,0.04,8,Brand#35,SM CAN,24,36,3,57690.8244
O,O,N,NONE,Manufacturer#3,2-HIGH,4,HOUSEHOLD,RAIL,3,0.01,8,Brand#31,JUMBO CAN,11,20,3,20561.42
O,O,N,DELIVER IN PERSON,Manufacturer#3,2-HIGH,4,HOUSEHOLD,AIR,6,0.02,9,Brand#34,LG BAG,23,43,4,67452.38
O,O,N,DELIVER IN PERSON,Manufacturer#4,2-HIGH,4,HOUSEHOLD,TRUCK,4,0.03,8,Brand#41,MED DRUM,40,48,3,75077.6208
F,F,R,COLLECT COD,Manufacturer#2,2-HIGH,3,MACHINERY,FOB,2,0.08,18,Brand#23,WRAP PACK,41,36,2,37977.03
F,F,R,COLLECT COD,Manufacturer#2,2-HIGH,3,MACHINERY,SHIP,3,0.01,12,Brand#21,SM CASE,25,15,0,20822.697
F,F,A,NONE,Manufacturer#1,2-HIGH,3,MACHINERY,MAIL,4,0.01,8,Brand#14,MED JAR,32,28,3,33888.68
O,O,N,TAKE BACK RETURN,Manufacturer#4,5-LOW,0,BUILDING,MAIL,2,0.03,9,Brand#44,LG BOX,26,2,4,2881.242
O,O,N,NONE,Manufacturer#1,5-LOW,1,BUILDING,TRUCK,1,0.02,8,Brand#15,WRAP JAR,47,4,3,5358.6816
O,O,N,DELIVER IN PERSON,Manufacturer#5,5-LOW,1,BUILDING,REG AIR,3,0.02,12,Brand#51,JUMBO JAR,23,41,0,58866.4224
O,O,N,COLLECT COD,Manufacturer#2,5-LOW,1,BUILDING,RAIL,5,0,18,Brand#25,JUMBO BOX,9,42,2,40916.7444
O,O,N,NONE,Manufacturer#3,2-HIGH,0,FURNITURE,TRUCK,4,0.05,9,Brand#33,SM CASE,25,47,4,68975.6067
O,O,N,DELIVER IN PERSON,Manufacturer#4,2-HIGH,0,FURNITURE,MAIL,5,0.06,9,Brand#43,MED BAG,4,27,4,42229.269
O,O,N,COLLECT COD,Manufacturer#1,3-MEDIUM,3,BUILDING,SHIP,4,0.03,18,Brand#15,WRAP BAG,6,46,2,75403.6416
O,O,N,COLLECT COD,Manufacturer#1,3-MEDIUM,3,BUILDING,FOB,3,0.04,18,Brand#12,JUMBO PACK,30,27,2,37577.1204
O,O,N,TAKE BACK RETURN,Manufacturer#3,1-URGENT,4,BUILDING,TRUCK,3,0.03,18,Brand#35,WRAP BAG,46,29,2,24999.9604
F,F,N,NONE,Manufacturer#2,2-HIGH,1,HOUSEHOLD,REG AIR,2,0.08,9,Brand#25,JUMBO PKG,39,9,4,13954.842
O,O,N,NONE,Manufacturer#1,1-URGENT,0,FURNITURE,TRUCK,2,0.08,21,Brand#13,LG CAN,47,9,1,15066.4086
O,O,N,COLLECT COD,Manufacturer#5,4-NOT SPECIFIED,3,AUTOMOBILE,MAIL,3,0,21,Brand#52,JUMBO CAN,43,41,1,64015.227
F,F,A,DELIVER IN PERSON,Manufacturer#2,2-HIGH,0,MACHINERY,SHIP,5,0.08,18,Brand#22,MED CASE,49,23,2,38059.204
F,F,A,COLLECT COD,Manufacturer#3,2-HIGH,0,MACHINERY,SHIP,3,0.08,12,Brand#35,LG BOX,42,36,0,43201.728
F,F,R,DELIVER IN PERSON,Manufacturer#1,4-NOT SPECIFIED,4,MACHINERY,RAIL,2,0.08,21,Brand#13,MED PKG,6,16,1,15857.44
F,F,R,DELIVER IN PERSON,Manufacturer#1,2-HIGH,3,HOUSEHOLD,AIR,1,0.03,12,Brand#14,LG JAR,24,27,0,24031.1799
O,P,N,TAKE BACK RETURN,Manufacturer#1,2-HIGH,4,AUTOMOBILE,MAIL,4,0.03,18,Brand#15,LG CASE,41,5,2,7210.693
O,O,N,DELIVER IN PERSON,Manufacturer#5,5-LOW,2,MACHINERY,RAIL,3,0.03,12,Brand#51,JUMBO BOX,47,39,0,58823.544
O,O,N,COLLECT COD,Manufacturer#3,2-HIGH,3,FURNITURE,AIR,2,0.02,12,Brand#32,LG PKG,11,42,0,49087.0632
O,O,N,NONE,Manufacturer#5,3-MEDIUM,4,MACHINERY,AIR,3,0.01,21,Brand#53,SM CASE,17,26,1,36204.0666
O,O,N,NONE,Manufacturer#1,3-MEDIUM,4,MACHINERY,AIR,1,0.06,21,Brand#13,MED CAN,30,22,1,31009
F,F,A,DELIVER IN PERSON,Manufacturer#1,4-NOT SPECIFIED,3,AUTOMOBILE,SHIP,2,0.02,8,Brand#11,LG PKG,12,21,3,30974.8257
F,F,A,DELIVER IN PERSON,Manufacturer#2,1-URGENT,4,AUTOMOBILE,MAIL,2,0.01,21,Brand#22,SM PKG,37,8,1,8224.96
O,O,N,NONE,Manufacturer#5,1-URGENT,1,AUTOMOBILE,AIR,2,0.02,8,Brand#54,MED CASE,43,35,3,37360.05
O,O,N,NONE,Manufacturer#4,1-URGENT,4,AUTOMOBILE,REG AIR,1,0.01,18,Brand#41,JUMBO JAR,37,22,2,36234.198
O,O,N,COLLECT COD,Manufacturer#3,2-HIGH,3,AUTOMOBILE,REG AIR,2,0.03,12,Brand#35,LG BAG,42,19,0,20834.4576
F,F,R,TAKE BACK RETURN,Manufacturer#3,2-HIGH,4,BUILDING,SHIP,3,0.04,21,Brand#35,MED CASE,27,46,1,54246.42
O,O,N,TAKE BACK RETURN,Manufacturer#3,4-NOT SPECIFIED,1,HOUSEHOLD,FOB,1,0.07,12,Brand#35,SM CAN,28,22,0,32317.0056
O,O,N,TAKE BACK RETURN,Manufacturer#5,4-NOT SPECIFIED,1,HOUSEHOLD,REG AIR,4,0.03,9,Brand#51,WRAP BAG,46,26,4,40571.414
O,O,N,TAKE BACK RETURN,Manufacturer#2,3-MEDIUM,2,MACHINERY,FOB,6,0,18,Brand#21,WRAP DRUM,35,25,2,22380.61
O,O,N,COLLECT COD,Manufacturer#2,3-MEDIUM,2,MACHINERY,FOB,1,0.01,9,Brand#21,SM PKG,41,43,4,76962.303
O,O,N,NONE,Manufacturer#4,3-MEDIUM,2,MACHINERY,AIR,5,0.08,9,Brand#44,WRAP CAN,19,33,4,54081.324
F,F,A,NONE,Manufacturer#5,5-LOW,0,FURNITURE,RAIL,5,0.07,8,Brand#54,MED JAR,10,18,3,24037.668
F,F,R,NONE,Manufacturer#4,5-LOW,0,FURNITURE,REG AIR,1,0.07,18,Brand#44,SM CAN,11,32,2,49847.9072
F,F,A,DELIVER IN PERSON,Manufacturer#4,5-LOW,0,FURNITURE,TRUCK,4,0.03,18,Brand#45,SM PACK,3,50,2,84989.5
O,O,N,TAKE BACK RETURN,Manufacturer#4,3-MEDIUM,2,FURNITURE,MAIL,4,0.03,21,Brand#45,MED CASE,23,40,1,44558.712
O,O,N,TAKE BACK RETURN,Manufacturer#2,3-MEDIUM,2,FURNITURE,RAIL,3,0.03,21,Brand#25,JUMBO BOX,36,15,1,19656.15
O,O,N,TAKE BACK RETURN,Manufacturer#4,3-MEDIUM,2,FURNITURE,TRUCK,2,0.02,8,Brand#44,SM PKG,50,2,3,3094.5936
O,O,N,COLLECT COD,Manufacturer#3,5-LOW,2,FURNITURE,RAIL,4,0.03,8,Brand#33,SM PACK,13,10,3,12488.826
O,O,N,COLLECT COD,Manufacturer#5,1-URGENT,2,BUILDING,SHIP,2,0.07,21,Brand#52,JUMBO BAG,9,49,1,75664.6044
F,F,R,COLLECT COD,Manufacturer#4,5-LOW,1,HOUSEHOLD,AIR,3,0.07,8,Brand#44,MED BAG,6,46,3,75453.5516
O,O,N,NONE,Manufacturer#4,3-MEDIUM,4,FURNITURE,AIR,1,0.04,12,Brand#43,MED PACK,12,19,0,26965.3472
O,O,N,TAKE BACK RETURN,Manufacturer#3,3-MEDIUM,4,FURNITURE,RAIL,2,0.02,12,Brand#34,LG CASE,16,16,0,20958.1056
F,F,A,COLLECT COD,Manufacturer#2,4-NOT SPECIFIED,4,FURNITURE,FOB,1,0.01,21,Brand#21,LG CAN,40,36,1,58349.16
O,O,N,TAKE BACK RETURN,Manufacturer#2,5-LOW,2,HOUSEHOLD,REG AIR,2,0.03,18,Brand#23,SM DRUM,49,39,2,68620.2153
F,F,R,NONE,Manufacturer#5,5-LOW,2,HOUSEHOLD,FOB,3,0.08,8,Brand#51,WRAP JAR,35,3,3,3014.466
O,O,N,TAKE BACK RETURN,Manufacturer#3,5-LOW,0,AUTOMOBILE,AIR,3,0.07,12,Brand#35,LG PACK,27,32,0,49251.312
O,O,N,TAKE BACK RETURN,Manufacturer#2,2-HIGH,0,AUTOMOBILE,TRUCK,5,0.04,9,Brand#23,SM CASE,31,36,4,38500.272
O,O,N,COLLECT COD,Manufacturer#4,2-HIGH,0,AUTOMOBILE,FOB,4,0,21,Brand#42,SM PACK,30,13,1,20918.3065
O,O,N,COLLECT COD,Manufacturer#4,5-LOW,3,MACHINERY,REG AIR,2,0.07,9,Brand#42,WRAP PKG,38,39,4,56970.3498
O,O,N,DELIVER IN PERSON,Manufacturer#1,5-LOW,3,MACHINERY,MAIL,3,0.06,9,Brand#13,LG CAN,35,16,4,26370.2016
O,O,N,TAKE BACK RETURN,Manufacturer#5,2-HIGH,3,FURNITURE,TRUCK,4,0.03,8,Brand#55,SM PKG,46,12,3,21463.4616
F,F,R,NONE,Manufacturer#4,5-LOW,2,MACHINERY,MAIL,3,0.02,12,Brand#43,JUMBO DRUM,38,19,0,16963.0062
F,F,A,DELIVER IN PERSON,Manufacturer#3,5-LOW,2,MACHINERY,MAIL,6,0,18,Brand#33,WRAP JAR,7,28,2,40951.68
F,F,R,DELIVER IN PERSON,Manufacturer#5,5-LOW,2,MACHINERY,TRUCK,5,0.05,21,Brand#51,LG BOX,48,20,1,20825.168
F,F,R,NONE,Manufacturer#2,3-MEDIUM,3,HOUSEHOLD,MAIL,1,0.01,18,Brand#21,JUMBO BOX,23,14,2,14853.86
F,F,R,NONE,Manufacturer#2,3-MEDIUM,3,HOUSEHOLD,RAIL,2,0.07,8,Brand#23,LG PKG,2,31,3,42285.519
O,O,N,TAKE BACK RETURN,Manufacturer#4,4-NOT SPECIFIED,3,AUTOMOBILE,FOB,2,0.07,18,Brand#42,LG BOX,19,5,2,7109.267
O,O,N,NONE,Manufacturer#4,4-NOT SPECIFIED,3,AUTOMOBILE,TRUCK,4,0.01,8,Brand#44,WRAP CAN,40,25,3,22067.205
F,F,R,NONE,Manufacturer#2,1-URGENT,3,HOUSEHOLD,TRUCK,1,0.04,8,Brand#23,WRAP PKG,6,4,3,5452.596
F,F,A,DELIVER IN PERSON,Manufacturer#5,3-MEDIUM,0,BUILDING,REG AIR,1,0.04,21,Brand#53,WRAP CASE,1,17,1,18150.084
F,F,R,TAKE BACK RETURN,Manufacturer#5,2-HIGH,4,FURNITURE,AIR,1,0.06,18,Brand#54,JUMBO PKG,6,17,2,24576.8796
F,F,A,DELIVER IN PERSON,Manufacturer#4,5-LOW,3,MACHINERY,MAIL,3,0.08,18,Brand#43,JUMBO PACK,29,49,2,52491.348
F,F,A,TAKE BACK RETURN,Manufacturer#5,5-LOW,3,MACHINERY,FOB,4,0.08,9,Brand#51,MED CASE,48,44,4,78226.368
F,F,R,DELIVER IN PERSON,Manufacturer#3,5-LOW,3,MACHINERY,MAIL,1,0.05,9,Brand#33,JUMBO DRUM,50,14,4,25889.3656
O,O,N,COLLECT COD,Manufacturer#5,5-LOW,1,MACHINERY,REG AIR,1,0.01,9,Brand#53,LG JAR,31,17,4,22501.8885
O,O,N,DELIVER IN PERSON,Manufacturer#1,5-LOW,1,MACHINERY,FOB,2,0.03,9,Brand#13,JUMBO JAR,50,49,4,50228.5868
F,F,A,COLLECT COD,Manufacturer#5,1-URGENT,0,BUILDING,FOB,4,0.04,8,Brand#54,MED JAR,10,21,3,30482.55
O,O,N,NONE,Manufacturer#3,1-URGENT,2,AUTOMOBILE,AIR,3,0.04,9,Brand#35,WRAP CAN,26,17,4,28100.1024
F,F,A,DELIVER IN PERSON,Manufacturer#5,3-MEDIUM,2,MACHINERY,RAIL,1,0.03,18,Brand#52,JUMBO JAR,35,14,2,18857.034
F,F,R,NONE,Manufacturer#2,3-MEDIUM,2,MACHINERY,REG AIR,3,0,18,Brand#22,SM PACK,19,8,2,10923.68
F,F,A,COLLECT COD,Manufacturer#5,3-MEDIUM,1,BUILDING,AIR,2,0.06,12,Brand#54,SM BAG,1,24,0,39762.8928
O,O,N,NONE,Manufacturer#3,5-LOW,4,BUILDING,MAIL,1,0,21,Brand#35,MED BOX,24,29,1,35789.6192
O,O,N,TAKE BACK RETURN,Manufacturer#3,3-MEDIUM,0,MACHINERY,SHIP,3,0.01,21,Brand#32,SM CASE,9,37,1,68603.5574
O,O,N,TAKE BACK RETURN,Manufacturer#5,3-MEDIUM,0,MACHINERY,MAIL,2,0.03,21,Brand#54,JUMBO DRUM,18,46,1,70454.52
F,F,A,DELIVER IN PERSON,Manufacturer#4,5-LOW,4,AUTOMOBILE,SHIP,1,0.04,12,Brand#41,WRAP PKG,26,15,0,17089.8825
O,O,N,NONE,Manufacturer#4,5-LOW,2,AUTOMOBILE,SHIP,4,0.02,9,Brand#43,LG CASE,13,31,4,31680.4252
F,F,A,NONE,Manufacturer#1,1-URGENT,0,FURNITURE,TRUCK,1,0.02,8,Brand#13,LG JAR,11,49,3,79941.7752
F,F,A,DELIVER IN PERSON,Manufacturer#4,1-URGENT,0,FURNITURE,TRUCK,2,0.04,8,Brand#43,SM PACK,4,6,3,8373.6198
O,O,N,TAKE BACK RETURN,Manufacturer#4,4-NOT SPECIFIED,3,BUILDING,TRUCK,3,0.02,18,Brand#44,MED DRUM,45,28,2,46545.744
O,O,N,DELIVER IN PERSON,Manufacturer#4,4-NOT SPECIFIED,3,BUILDING,TRUCK,1,0.08,21,Brand#43,MED JAR,42,2,1,2915.8476
O,O,N,COLLECT COD,Manufacturer#1,3-MEDIUM,0,AUTOMOBILE,RAIL,1,0.02,12,Brand#14,LG JAR,24,25,0,23718.1975
F,F,A,NONE,Manufacturer#3,2-HIGH,0,BUILDING,AIR,1,0.05,9,Brand#32,WRAP CAN,25,49,4,57591.121
F,F,A,TAKE BACK RETURN,Manufacturer#3,2-HIGH,3,BUILDING,RAIL,2,0.03,18,Brand#32,JUMBO JAR,21,13,2,22644.2073
F,F,A,NONE,Manufacturer#4,2-HIGH,3,BUILDING,REG AIR,5,0.05,18,Brand#43,MED BOX,10,2,2,3446.2648
O,O,N,NONE,Manufacturer#1,3-MEDIUM,1,MACHINERY,MAIL,4,0.03,21,Brand#15,JUMBO JAR,3,21,1,24520.671
F,F,R,DELIVER IN PERSON,Manufacturer#5,5-LOW,4,BUILDING,REG AIR,5,0.08,12,Brand#54,WRAP DRUM,43,23,0,34781.5384
F,F,R,TAKE BACK RETURN,Manufacturer#2,5-LOW,4,BUILDING,RAIL,1,0.07,18,Brand#21,LG DRUM,8,19,2,19226.0772
F,F,A,TAKE BACK RETURN,Manufacturer#4,5-LOW,4,BUILDING,REG AIR,2,0.05,18,Brand#43,JUMBO CAN,37,31,2,38127.4146
O,O,N,NONE,Manufacturer#4,2-HIGH,3,AUTOMOBILE,FOB,7,0.06,9,Brand#44,SM CASE,16,29,4,26075.4312
O,O,N,TAKE BACK RETURN,Manufacturer#3,2-HIGH,3,AUTOMOBILE,SHIP,5,0.03,9,Brand#31,SM CAN,34,48,4,63289.4976
O,O,N,COLLECT COD,Manufacturer#3,2-HIGH,3,AUTOMOBILE,FOB,2,0.06,18,Brand#31,JUMBO PKG,40,46,2,67548.0192
O,O,N,DELIVER IN PERSON,Manufacturer#5,2-HIGH,3,FURNITURE,REG AIR,1,0.08,21,Brand#55,JUMBO DRUM,24,4,1,5429.8
O,O,N,DELIVER IN PERSON,Manufacturer#1,2-HIGH,3,FURNITURE,MAIL,3,0.05,9,Brand#15,LG CASE,41,8,4,10713.0296
O,O,N,TAKE BACK RETURN,Manufacturer#1,1-URGENT,4,BUILDING,REG AIR,2,0.07,9,Brand#12,SM JAR,23,18,4,25830.4104
O,O,N,DELIVER IN PERSON,Manufacturer#3,3-MEDIUM,2,HOUSEHOLD,FOB,3,0.06,9,Brand#35,MED BAG,44,10,4,16955.048
O,O,N,NONE,Manufacturer#1,3-MEDIUM,2,HOUSEHOLD,AIR,6,0.03,8,Brand#12,JUMBO BAG,40,20,3,26155.968
F,F,A,NONE,Manufacturer#3,1-URGENT,4,BUILDING,AIR,1,0.06,18,Brand#32,SM DRUM,29,45,2,65876.265
F,F,A,COLLECT COD,Manufacturer#2,1-URGENT,4,BUILDING,AIR,5,0.07,9,Brand#24,MED JAR,12,48,4,57569.5872
F,F,R,DELIVER IN PERSON,Manufacturer#4,1-URGENT,4,BUILDING,SHIP,6,0.04,18,Brand#41,JUMBO CASE,4,18,2,33768.7218
F,F,R,NONE,Manufacturer#4,1-URGENT,4,BUILDING,FOB,2,0.05,8,Brand#44,SM PKG,50,44,3,73205.44
O,O,N,DELIVER IN PERSON,Manufacturer#4,5-LOW,1,MACHINERY,SHIP,4,0,9,Brand#41,JUMBO PKG,36,40,4,68712.4
O,O,N,COLLECT COD,Manufacturer#5,5-LOW,1,MACHINERY,FOB,1,0.08,9,Brand#55,JUMBO PACK,1,11,4,9641.3856
O,O,N,COLLECT COD,Manufacturer#3,4-NOT SPECIFIED,0,FURNITURE,REG AIR,5,0.03,9,Brand#32,JUMBO CASE,40,26,4,43938.089
F,F,A,COLLECT COD,Manufacturer#1,4-NOT SPECIFIED,2,FURNITURE,RAIL,1,0.06,12,Brand#15,JUMBO JAR,49,2,0,3350.5108
O,O,N,NONE,Manufacturer#5,2-HIGH,3,BUILDING,AIR,2,0.05,12,Brand#54,MED JAR,2,16,0,29394.7248
O,O,N,DELIVER IN PERSON,Manufacturer#1,2-HIGH,3,BUILDING,RAIL,1,0,8,Brand#13,SM BOX,18,47,3,79692.354
O,O,N,DELIVER IN PERSON,Manufacturer#5,1-URGENT,1,AUTOMOBILE,TRUCK,2,0.08,12,Brand#55,JUMBO CASE,10,24,0,25403.2416
O,O,N,COLLECT COD,Manufacturer#5,1-URGENT,1,AUTOMOBILE,TRUCK,1,0.06,18,Brand#51,JUMBO BOX,39,23,2,42232.6069
F,F,R,DELIVER IN PERSON,Manufacturer#1,5-LOW,4,FURNITURE,MAIL,3,0.03,21,Brand#12,JUMBO DRUM,12,25,1,23354.205
F,F,R,TAKE BACK RETURN,Manufacturer#4,5-LOW,4,FURNITURE,REG AIR,6,0.05,18,Brand#44,LG BOX,26,16,2,24330.488
O,O,N,TAKE BACK RETURN,Manufacturer#4,5-LOW,3,HOUSEHOLD,TRUCK,1,0.02,18,Brand#45,SM JAR,47,4,2,5022.7056
O,O,N,DELIVER IN PERSON,Manufacturer#5,1-URGENT,1,BUILDING,FOB,4,0.01,18,Brand#51,JUMBO BOX,39,2,2,3710.2604
O,O,N,NONE,Manufacturer#4,1-URGENT,1,BUILDING,AIR,2,0.06,8,Brand#44,SM PKG,50,16,3,26087.7568
F,F,A,COLLECT COD,Manufacturer#3,4-NOT SPECIFIED,4,AUTOMOBILE,SHIP,6,0.08,18,Brand#34,JUMBO CASE,19,31,2,50746.6869
F,F,R,COLLECT COD,Manufacturer#2,4-NOT SPECIFIED,4,AUTOMOBILE,AIR,1,0.03,8,Brand#24,WRAP JAR,14,26,3,37901.214
F,F,A,TAKE BACK RETURN,Manufacturer#5,4-NOT SPECIFIED,4,AUTOMOBILE,MAIL,5,0.07,12,Brand#54,MED JAR,2,47,0,84566.6535
F,F,A,COLLECT COD,Manufacturer#2,4-NOT SPECIFIED,4,AUTOMOBILE,TRUCK,3,0,8,Brand#25,WRAP BOX,43,31,3,25699.5921
O,O,N,TAKE BACK RETURN,Manufacturer#1,4-NOT SPECIFIED,4,BUILDING,REG AIR,1,0.07,21,Brand#12,SM PKG,3,50,1,44689.05
O,O,N,TAKE BACK RETURN,Manufacturer#2,3-MEDIUM,3,HOUSEHOLD,TRUCK,3,0.07,21,Brand#24,JUMBO PACK,48,19,1,24942.4704
F,F,A,COLLECT COD,Manufacturer#3,4-NOT SPECIFIED,4,HOUSEHOLD,AIR,6,0.07,9,Brand#33,JUMBO BOX,18,40,4,62707.776
F,F,R,TAKE BACK RETURN,Manufacturer#5,4-NOT SPECIFIED,0,HOUSEHOLD,RAIL,3,0.03,8,Brand#51,MED CASE,48,19,3,32020.2155
O,O,N,COLLECT COD,Manufacturer#4,2-HIGH,0,AUTOMOBILE,SHIP,4,0.05,12,Brand#44,JUMBO PKG,19,19,0,16574.4372
O,O,N,TAKE BACK RETURN,Manufacturer#2,2-HIGH,0,AUTOMOBILE,REG AIR,3,0.08,21,Brand#24,MED DRUM,31,46,1,43219.2816
O,O,N,DELIVER IN PERSON,Manufacturer#4,2-HIGH,0,AUTOMOBILE,TRUCK,6,0.03,21,Brand#45,SM CASE,26,42,1,73776.066
O,O,N,NONE,Manufacturer#5,2-HIGH,2,HOUSEHOLD,RAIL,2,0.06,21,Brand#51,JUMBO JAR,20,4,1,4186.2912
O,O,N,TAKE BACK RETURN,Manufacturer#2,3-MEDIUM,2,MACHINERY,MAIL,2,0.02,18,Brand#21,JUMBO CASE,31,26,2,29843.7776
O,O,N,DELIVER IN PERSON,Manufacturer#3,3-MEDIUM,2,MACHINERY,SHIP,1,0.01,12,Brand#32,WRAP DRUM,12,34,0,50601.9688
F,F,A,COLLECT COD,Manufacturer#5,1-URGENT,3,BUILDING,MAIL,2,0.08,12,Brand#54,SM CAN,32,21,0,31161.186
F,F,A,DELIVER IN PERSON,Manufacturer#4,1-URGENT,3,BUILDING,RAIL,5,0.03,8,Brand#43,JUMBO BOX,48,33,3,55815.7248
F,F,A,DELIVER IN PERSON,Manufacturer#1,2-HIGH,4,BUILDING,RAIL,2,0.01,18,Brand#11,MED BOX,18,32,2,37109.6544
O,O,N,DELIVER IN PERSON,Manufacturer#4,5-LOW,4,BUILDING,SHIP,2,0.02,8,Brand#43,MED CAN,43,49,3,66044.4246
O,O,N,COLLECT COD,Manufacturer#5,5-LOW,4,BUILDING,AIR,5,0.07,18,Brand#52,WRAP CAN,39,20,2,17395.2
O,O,N,TAKE BACK RETURN,Manufacturer#2,1-URGENT,0,AUTOMOBILE,AIR,1,0,18,Brand#23,WRAP JAR,50,14,2,16589.3952
F,F,R,DELIVER IN PERSON,Manufacturer#5,1-URGENT,1,MACHINERY,FOB,7,0.06,18,Brand#52,WRAP PKG,36,11,2,11531.4606
F,F,R,NONE,Manufacturer#4,1-URGENT,1,MACHINERY,AIR,5,0.08,9,Brand#41,SM JAR,38,44,4,45633.72
F,F,R,DELIVER IN PERSON,Manufacturer#5,1-URGENT,4,HOUSEHOLD,SHIP,4,0,18,Brand#54,LG DRUM,10,8,2,12823.7568
F,F,A,NONE,Manufacturer#5,2-HIGH,0,BUILDING,FOB,3,0.06,21,Brand#52,SM PKG,50,27,1,46723.2948
F,F,R,COLLECT COD,Manufacturer#2,2-HIGH,0,BUILDING,RAIL,4,0.08,21,Brand#25,SM PACK,7,19,1,29205.0596
O,O,N,TAKE BACK RETURN,Manufacturer#3,2-HIGH,2,BUILDING,MAIL,5,0.05,12,Brand#32,LG DRUM,26,33,0,46447.533
O,O,N,NONE,Manufacturer#5,2-HIGH,2,BUILDING,AIR,1,0.05,8,Brand#52,WRAP DRUM,36,6,3,8067.8112
F,F,R,NONE,Manufacturer#5,4-NOT SPECIFIED,4,FURNITURE,TRUCK,1,0.05,8,Brand#53,SM PKG,50,44,3,49818.12
F,F,A,COLLECT COD,Manufacturer#3,5-LOW,1,BUILDING,REG AIR,4,0.08,12,Brand#35,MED BAG,44,12,0,22115.28
F,F,A,COLLECT COD,Manufacturer#3,5-LOW,1,BUILDING,RAIL,5,0.05,9,Brand#35,WRAP CAN,26,39,4,63793.431
F,F,A,COLLECT COD,Manufacturer#1,5-LOW,1,BUILDING,AIR,3,0,12,Brand#14,WRAP BAG,13,29,0,52479.5832
F,F,A,NONE,Manufacturer#2,5-LOW,1,BUILDING,SHIP,1,0.05,21,Brand#24,MED DRUM,50,40,1,60039.36
F,F,R,DELIVER IN PERSON,Manufacturer#2,5-LOW,4,MACHINERY,SHIP,3,0.07,9,Brand#24,WRAP CASE,15,19,4,33437.15
O,O,N,DELIVER IN PERSON,Manufacturer#4,5-LOW,1,AUTOMOBILE,FOB,1,0.05,9,Brand#45,WRAP PKG,15,45,4,48292.65
O,O,N,COLLECT COD,Manufacturer#4,5-LOW,1,AUTOMOBILE,SHIP,2,0,9,Brand#45,WRAP PKG,15,12,4,11719.0164
F,F,A,NONE,Manufacturer#1,3-MEDIUM,1,MACHINERY,RAIL,1,0.04,12,Brand#14,JUMBO PACK,7,31,0,38731.3752
F,F,A,DELIVER IN PERSON,Manufacturer#1,5-LOW,1,MACHINERY,TRUCK,1,0.05,18,Brand#14,WRAP JAR,45,1,2,918.108
F,F,R,TAKE BACK RETURN,Manufacturer#5,5-LOW,1,MACHINERY,FOB,4,0.05,8,Brand#52,LG CAN,23,23,3,39935.1645
F,F,A,NONE,Manufacturer#3,5-LOW,3,BUILDING,SHIP,4,0.07,9,Brand#35,JUMBO CASE,32,5,4,6050.484
O,O,N,NONE,Manufacturer#3,2-HIGH,2,HOUSEHOLD,SHIP,1,0.06,9,Brand#34,SM CASE,30,31,4,55380.3096
O,O,N,COLLECT COD,Manufacturer#5,1-URGENT,1,FURNITURE,AIR,1,0.06,9,Brand#51,JUMBO DRUM,19,6,4,9665.352
F,F,A,TAKE BACK RETURN,Manufacturer#2,1-URGENT,3,AUTOMOBILE,FOB,4,0.01,12,Brand#23,LG PACK,14,14,0,15962.5704
F,F,R,COLLECT COD,Manufacturer#4,1-URGENT,3,AUTOMOBILE,AIR,3,0.02,21,Brand#41,SM JAR,26,25,1,42699.8875
F,F,R,NONE,Manufacturer#1,1-URGENT,3,AUTOMOBILE,REG AIR,6,0.02,18,Brand#15,LG DRUM,6,42,2,61754.994
F,F,R,TAKE BACK RETURN,Manufacturer#3,1-URGENT,3,AUTOMOBILE,FOB,7,0.04,21,Brand#34,JUMBO PKG,38,21,1,31534.3665
O,O,N,NONE,Manufacturer#2,2-HIGH,0,FURNITURE,AIR,7,0.02,18,Brand#24,WRAP CASE,26,8,2,12594.2704
O,O,N,COLLECT COD,Manufacturer#5,2-HIGH,0,FURNITURE,RAIL,4,0.02,8,Brand#52,WRAP PACK,27,21,3,25373.4012
O,O,N,NONE,Manufacturer#5,2-HIGH,0,FURNITURE,REG AIR,6,0,18,Brand#55,SM PACK,36,11,2,15888.7542
F,F,R,TAKE BACK RETURN,Manufacturer#4,2-HIGH,4,MACHINERY,TRUCK,1,0.01,8,Brand#44,JUMBO CASE,40,25,3,30020.34
O,O,N,NONE,Manufacturer#2,5-LOW,2,HOUSEHOLD,TRUCK,5,0.03,9,Brand#22,WRAP JAR,3,19,4,24269.2149
O,O,N,COLLECT COD,Manufacturer#5,5-LOW,2,HOUSEHOLD,MAIL,4,0.01,8,Brand#55,MED PKG,39,45,3,51300.5355
O,O,N,DELIVER IN PERSON,Manufacturer#3,5-LOW,2,HOUSEHOLD,SHIP,6,0.01,12,Brand#33,SM PKG,7,3,0,3108.3672
O,O,N,COLLECT COD,Manufacturer#3,1-URGENT,0,FURNITURE,FOB,4,0.02,21,Brand#35,SM BAG,2,47,1,62935.6273
F,F,R,COLLECT COD,Manufacturer#3,5-LOW,1,MACHINERY,REG AIR,3,0.02,9,Brand#33,WRAP CASE,34,6,4,9364.1472
F,F,A,COLLECT COD,Manufacturer#4,5-LOW,1,MACHINERY,TRUCK,2,0.07,18,Brand#41,MED PACK,22,34,2,44730.1008
F,F,R,TAKE BACK RETURN,Manufacturer#5,5-LOW,1,MACHINERY,TRUCK,4,0.04,9,Brand#51,SM CAN,29,27,4,30171.3255
F,F,R,TAKE BACK RETURN,Manufacturer#4,5-LOW,1,MACHINERY,FOB,1,0.07,18,Brand#43,MED JAR,42,36,2,50792.184
F,F,R,TAKE BACK RETURN,Manufacturer#3,5-LOW,4,AUTOMOBILE,REG AIR,1,0.07,9,Brand#32,MED CASE,15,9,4,12162.546
O,O,N,DELIVER IN PERSON,Manufacturer#5,1-URGENT,3,AUTOMOBILE,AIR,1,0.08,9,Brand#52,JUMBO CASE,39,10,4,13335.768
O,O,N,TAKE BACK RETURN,Manufacturer#4,3-MEDIUM,4,AUTOMOBILE,SHIP,5,0.03,12,Brand#44,JUMBO CAN,1,1,0,1452.55
O,O,N,COLLECT COD,Manufacturer#1,3-MEDIUM,4,AUTOMOBILE,AIR,1,0.01,8,Brand#13,MED PACK,47,38,3,56425.2234
O,O,N,DELIVER IN PERSON,Manufacturer#5,3-MEDIUM,4,AUTOMOBILE,SHIP,7,0.06,12,Brand#51,SM CAN,8,32,0,45446.4192
F,F,R,DELIVER IN PERSON,Manufacturer#2,5-LOW,3,BUILDING,RAIL,4,0.07,18,Brand#25,JUMBO DRUM,6,3,2,5100.0768
O,O,N,COLLECT COD,Manufacturer#5,2-HIGH,2,FURNITURE,REG AIR,2,0.06,9,Brand#55,WRAP PACK,50,40,4,64338.912
O,O,N,DELIVER IN PERSON,Manufacturer#3,1-URGENT,0,MACHINERY,SHIP,3,0.05,21,Brand#32,LG DRUM,43,5,1,4950.4455
F,F,R,DELIVER IN PERSON,Manufacturer#5,2-HIGH,1,HOUSEHOLD,MAIL,6,0.06,21,Brand#51,LG BOX,48,43,1,44774.1112
F,F,A,COLLECT COD,Manufacturer#5,1-URGENT,1,FURNITURE,TRUCK,4,0.08,9,Brand#52,MED CASE,20,14,4,11642.652
F,F,A,NONE,Manufacturer#1,1-URGENT,1,FURNITURE,FOB,5,0.03,18,Brand#11,SM JAR,35,16,2,23768.5312
F,F,A,NONE,Manufacturer#4,1-URGENT,1,FURNITURE,RAIL,1,0.02,8,Brand#44,LG DRUM,18,35,3,39852.099
O,P,N,TAKE BACK RETURN,Manufacturer#2,4-NOT SPECIFIED,0,AUTOMOBILE,SHIP,4,0,21,Brand#23,LG JAR,26,18,1,25688.016
O,P,N,COLLECT COD,Manufacturer#4,4-NOT SPECIFIED,0,AUTOMOBILE,FOB,6,0.08,12,Brand#42,SM DRUM,45,50,0,69534.06
O,O,N,NONE,Manufacturer#2,4-NOT SPECIFIED,3,MACHINERY,RAIL,5,0.08,8,Brand#25,WRAP PACK,10,27,3,37607.3334
O,O,N,COLLECT COD,Manufacturer#2,4-NOT SPECIFIED,3,MACHINERY,AIR,2,0,18,Brand#25,JUMBO BOX,9,9,2,8052.129
F,F,A,NONE,Manufacturer#4,2-HIGH,1,MACHINERY,SHIP,1,0.07,18,Brand#43,JUMBO BOX,3,36,2,57441.3444
O,O,N,TAKE BACK RETURN,Manufacturer#1,1-URGENT,2,MACHINERY,MAIL,4,0.04,18,Brand#15,WRAP BAG,6,7,2,11474.4672
O,O,N,TAKE BACK RETURN,Manufacturer#4,4-NOT SPECIFIED,0,HOUSEHOLD,SHIP,7,0.08,21,Brand#41,MED CASE,15,8,1,9786.56
O,O,N,NONE,Manufacturer#2,4-NOT SPECIFIED,0,HOUSEHOLD,SHIP,6,0.07,9,Brand#25,MED CAN,25,15,4,12758.04
F,F,A,NONE,Manufacturer#1,1-URGENT,1,HOUSEHOLD,REG AIR,3,0.05,18,Brand#14,JUMBO JAR,37,34,2,32869.602
F,F,R,TAKE BACK RETURN,Manufacturer#1,1-URGENT,1,HOUSEHOLD,AIR,4,0.02,18,Brand#12,WRAP DRUM,20,30,2,28394.685
F,P,N,COLLECT COD,Manufacturer#2,2-HIGH,2,BUILDING,SHIP,3,0,8,Brand#21,JUMBO DRUM,13,40,3,64326.08
F,F,A,TAKE BACK RETURN,Manufacturer#2,1-URGENT,0,FURNITURE,RAIL,2,0.06,18,Brand#25,LG CASE,39,7,2,8072.736
F,F,R,NONE,Manufacturer#2,1-URGENT,0,FURNITURE,REG AIR,5,0.01,9,Brand#22,SM CASE,42,26,4,36055.7184
O,O,N,DELIVER IN PERSON,Manufacturer#5,1-URGENT,1,HOUSEHOLD,AIR,2,0.08,9,Brand#54,MED CAN,9,32,4,32036.0192
O,O,N,NONE,Manufacturer#5,4-NOT SPECIFIED,4,FURNITURE,MAIL,5,0.06,18,Brand#51,MED CASE,40,27,2,44334.7992
O,O,N,TAKE BACK RETURN,Manufacturer#5,2-HIGH,1,BUILDING,RAIL,1,0.06,9,Brand#52,LG BAG,32,5,4,4897.1475
F,F,A,NONE,Manufacturer#1,5-LOW,0,FURNITURE,REG AIR,4,0.07,21,Brand#12,SM PKG,3,29,1,26207.6451
F,F,R,COLLECT COD,Manufacturer#2,2-HIGH,1,MACHINERY,MAIL,1,0.05,12,Brand#22,SM BAG,8,40,0,63987.68
F,F,R,COLLECT COD,Manufacturer#4,2-HIGH,2,AUTOMOBILE,RAIL,1,0.04,8,Brand#42,SM JAR,47,39,3,34425.3
F,F,A,TAKE BACK RETURN,Manufacturer#3,2-HIGH,2,AUTOMOBILE,SHIP,2,0.05,9,Brand#33,JUMBO BOX,18,8,4,12408.1344
F,F,A,TAKE BACK RETURN,Manufacturer#5,4-NOT SPECIFIED,3,BUILDING,FOB,1,0.04,9,Brand#52,WRAP BAG,4,30,4,44687.52
F,F,A,DELIVER IN PERSON,Manufacturer#1,3-MEDIUM,1,MACHINERY,MAIL,7,0.08,8,Brand#13,LG PACK,1,34,3,43580.4316
F,F,A,NONE,Manufacturer#3,3-MEDIUM,1,MACHINERY,MAIL,3,0,18,Brand#32,JUMBO DRUM,33,30,2,42387.345
F,F,R,TAKE BACK RETURN,Manufacturer#1,1-URGENT,2,BUILDING,FOB,3,0.04,12,Brand#13,MED DRUM,39,12,0,19120.32
F,F,R,TAKE BACK RETURN,Manufacturer#3,1-URGENT,2,BUILDING,SHIP,2,0.07,8,Brand#35,SM PKG,35,43,3,63692.6836
F,F,R,COLLECT COD,Manufacturer#3,1-URGENT,1,HOUSEHOLD,RAIL,5,0.01,8,Brand#32,JUMBO CAN,10,43,3,40997.4642
F,F,A,DELIVER IN PERSON,Manufacturer#4,3-MEDIUM,0,AUTOMOBILE,RAIL,1,0,9,Brand#42,JUMBO BOX,10,47,4,65817.1503
F,F,R,COLLECT COD,Manufacturer#4,3-MEDIUM,0,AUTOMOBILE,FOB,4,0.06,8,Brand#43,SM JAR,11,32,3,27915.7728
F,F,R,NONE,Manufacturer#5,1-URGENT,1,MACHINERY,TRUCK,7,0.08,9,Brand#55,JUMBO CASE,35,36,4,65442.636
F,F,A,NONE,Manufacturer#2,1-URGENT,1,MACHINERY,AIR,2,0.07,8,Brand#25,SM BAG,44,4,3,5689.2672
F,F,A,COLLECT COD,Manufacturer#2,1-URGENT,1,MACHINERY,FOB,1,0.04,8,Brand#24,MED CASE,36,22,3,24538.734
O,O,N,DELIVER IN PERSON,Manufacturer#4,3-MEDIUM,3,FURNITURE,RAIL,6,0.07,9,Brand#41,SM PACK,35,17,4,14685.7798
O,O,N,TAKE BACK RETURN,Manufacturer#4,3-MEDIUM,3,FURNITURE,TRUCK,2,0.04,18,Brand#45,SM CAN,21,45,2,44236.71
O,O,N,NONE,Manufacturer#1,4-NOT SPECIFIED,0,FURNITURE,SHIP,1,0.07,21,Brand#12,JUMBO PKG,35,25,1,33846.26
O,O,N,DELIVER IN PERSON,Manufacturer#4,4-NOT SPECIFIED,0,FURNITURE,FOB,3,0.03,12,Brand#42,MED PKG,28,32,0,41976.3392
O,O,N,TAKE BACK RETURN,Manufacturer#3,4-NOT SPECIFIED,0,FURNITURE,RAIL,2,0.04,9,Brand#32,LG BOX,1,34,4,31338.072
O,O,N,DELIVER IN PERSON,Manufacturer#1,4-NOT SPECIFIED,0,FURNITURE,TRUCK,4,0.03,12,Brand#15,MED PACK,22,27,0,33083.64
O,O,N,NONE,Manufacturer#3,2-HIGH,0,MACHINERY,MAIL,3,0.05,21,Brand#34,SM DRUM,4,8,1,10940.428
F,F,R,TAKE BACK RETURN,Manufacturer#2,5-LOW,3,BUILDING,TRUCK,2,0,18,Brand#24,WRAP CASE,26,10,2,15575.361
F,F,R,DELIVER IN PERSON,Manufacturer#3,5-LOW,3,BUILDING,REG AIR,4,0.05,9,Brand#33,WRAP CAN,49,16,4,15474.8368
F,F,A,COLLECT COD,Manufacturer#1,4-NOT SPECIFIED,0,FURNITURE,TRUCK,3,0.04,8,Brand#11,MED CASE,13,37,3,39622.4194
F,F,A,COLLECT COD,Manufacturer#5,4-NOT SPECIFIED,0,FURNITURE,REG AIR,2,0,18,Brand#53,WRAP CAN,18,13,2,14802.2082
F,F,A,DELIVER IN PERSON,Manufacturer#1,3-MEDIUM,1,FURNITURE,AIR,5,0.04,18,Brand#13,MED CASE,47,41,2,55809.3804
F,F,R,NONE,Manufacturer#1,3-MEDIUM,1,FURNITURE,FOB,4,0.01,18,Brand#12,MED PACK,24,40,2,44435.312
F,F,A,COLLECT COD,Manufacturer#5,3-MEDIUM,1,FURNITURE,FOB,2,0,12,Brand#51,WRAP BAG,19,13,0,18804.357
F,F,A,COLLECT COD,Manufacturer#5,1-URGENT,2,BUILDING,TRUCK,2,0.05,18,Brand#52,SM DRUM,32,20,2,33195.344
O,O,N,NONE,Manufacturer#3,5-LOW,3,MACHINERY,SHIP,1,0.03,8,Brand#34,LG CASE,9,37,3,46553.363
O,O,N,DELIVER IN PERSON,Manufacturer#3,5-LOW,0,BUILDING,MAIL,6,0.07,21,Brand#31,JUMBO CASE,1,38,1,36031.049
O,O,N,TAKE BACK RETURN,Manufacturer#3,5-LOW,0,BUILDING,MAIL,2,0.03,21,Brand#31,WRAP CASE,8,49,1,41970.8814
F,F,R,COLLECT COD,Manufacturer#4,4-NOT SPECIFIED,3,AUTOMOBILE,RAIL,3,0.04,18,Brand#45,WRAP BAG,8,41,2,73016.9451
F,F,A,COLLECT COD,Manufacturer#2,4-NOT SPECIFIED,3,AUTOMOBILE,SHIP,6,0.06,9,Brand#25,WRAP JAR,23,31,4,31103.3664
F,F,A,TAKE BACK RETURN,Manufacturer#2,4-NOT SPECIFIED,3,AUTOMOBILE,REG AIR,7,0.07,8,Brand#21,SM BAG,13,12,3,18758.4852
F,F,A,DELIVER IN PERSON,Manufacturer#4,1-URGENT,0,HOUSEHOLD,TRUCK,4,0.08,21,Brand#42,SM CAN,44,44,1,67653.7928
O,O,N,TAKE BACK RETURN,Manufacturer#3,5-LOW,4,AUTOMOBILE,TRUCK,2,0,8,Brand#33,SM PACK,13,20,3,24467.904
O,O,N,NONE,Manufacturer#3,5-LOW,4,AUTOMOBILE,AIR,6,0.03,12,Brand#35,LG DRUM,14,10,0,11900.238
O,O,N,DELIVER IN PERSON,Manufacturer#2,5-LOW,4,AUTOMOBILE,AIR,5,0.02,8,Brand#25,JUMBO CAN,19,2,3,3270.8804
F,F,A,NONE,Manufacturer#5,4-NOT SPECIFIED,4,BUILDING,MAIL,2,0.04,21,Brand#54,LG PACK,43,3,1,5120.4
F,F,A,COLLECT COD,Manufacturer#1,2-HIGH,2,FURNITURE,FOB,2,0.02,8,Brand#14,JUMBO BOX,44,33,3,38651.58
O,O,N,NONE,Manufacturer#1,1-URGENT,2,BUILDING,TRUCK,1,0.03,18,Brand#11,JUMBO BOX,48,21,2,27265.392
O,O,N,TAKE BACK RETURN,Manufacturer#3,3-MEDIUM,2,MACHINERY,RAIL,3,0.06,18,Brand#33,WRAP DRUM,26,7,2,6661.5402
F,F,A,COLLECT COD,Manufacturer#4,1-URGENT,0,BUILDING,REG AIR,1,0.06,18,Brand#45,JUMBO CAN,38,3,2,4718.3796
F,F,A,NONE,Manufacturer#4,4-NOT SPECIFIED,1,MACHINERY,AIR,5,0.07,18,Brand#45,WRAP DRUM,31,7,2,6185.7159
F,F,A,TAKE BACK RETURN,Manufacturer#3,4-NOT SPECIFIED,1,MACHINERY,TRUCK,3,0.08,8,Brand#33,JUMBO PACK,35,29,3,27722.376
F,F,R,COLLECT COD,Manufacturer#1,4-NOT SPECIFIED,1,MACHINERY,REG AIR,2,0.06,12,Brand#15,JUMBO JAR,3,23,0,28944.7709
O,O,N,DELIVER IN PERSON,Manufacturer#1,2-HIGH,4,FURNITURE,SHIP,1,0.04,18,Brand#12,SM PACK,36,38,2,68445.239
O,O,N,NONE,Manufacturer#3,2-HIGH,4,FURNITURE,TRUCK,4,0,9,Brand#34,MED BAG,17,24,4,25164.0576
O,O,N,TAKE BACK RETURN,Manufacturer#3,3-MEDIUM,4,FURNITURE,SHIP,2,0.05,12,Brand#35,MED BAG,44,50,0,88461.12
O,O,N,NONE,Manufacturer#4,3-MEDIUM,4,FURNITURE,SHIP,4,0.07,21,Brand#41,WRAP PACK,24,3,1,3052.7133
O,O,N,TAKE BACK RETURN,Manufacturer#5,1-URGENT,4,MACHINERY,SHIP,5,0.03,21,Brand#52,LG BAG,41,44,1,74524.384
O,O,N,DELIVER IN PERSON,Manufacturer#3,2-HIGH,1,FURNITURE,MAIL,2,0.04,9,Brand#31,JUMBO PKG,1,24,4,27778.8048
F,F,A,NONE,Manufacturer#4,5-LOW,0,BUILDING,MAIL,1,0.07,21,Brand#43,JUMBO BAG,47,39,1,70537.3812
F,F,A,DELIVER IN PERSON,Manufacturer#5,2-HIGH,0,BUILDING,SHIP,2,0,12,Brand#54,MED JAR,46,41,0,66051.0205
O,O,N,COLLECT COD,Manufacturer#2,5-LOW,0,BUILDING,RAIL,2,0.05,21,Brand#21,SM PKG,32,27,1,33271.4412
O,O,N,COLLECT COD,Manufacturer#2,4-NOT SPECIFIED,3,BUILDING,REG AIR,2,0,9,Brand#23,MED DRUM,19,6,4,8616.726
F,F,A,NONE,Manufacturer#4,3-MEDIUM,3,MACHINERY,TRUCK,1,0.08,21,Brand#42,SM PKG,2,37,1,35345.5968
F,F,R,COLLECT COD,Manufacturer#1,3-MEDIUM,3,MACHINERY,REG AIR,4,0,9,Brand#12,SM JAR,23,1,4,1419.7566
F,F,A,COLLECT COD,Manufacturer#5,1-URGENT,1,BUILDING,RAIL,1,0.06,21,Brand#54,JUMBO DRUM,18,8,1,13342.112
F,F,R,COLLECT COD,Manufacturer#2,1-URGENT,1,BUILDING,AIR,4,0.02,9,Brand#22,SM CASE,42,40,4,52003.44
F,F,R,TAKE BACK RETURN,Manufacturer#5,1-URGENT,1,BUILDING,FOB,5,0.08,18,Brand#51,WRAP JAR,35,23,2,23872.804
O,O,N,NONE,Manufacturer#5,4-NOT SPECIFIED,4,BUILDING,FOB,3,0.06,8,Brand#53,LG JAR,26,43,3,69184.1104
F,F,A,COLLECT COD,Manufacturer#4,4-NOT SPECIFIED,2,AUTOMOBILE,REG AIR,2,0.02,12,Brand#41,SM PACK,44,35,0,43276.989
O,O,N,TAKE BACK RETURN,Manufacturer#5,5-LOW,2,AUTOMOBILE,FOB,2,0.02,21,Brand#53,LG BAG,2,13,1,11968.944
F,F,A,TAKE BACK RETURN,Manufacturer#5,2-HIGH,3,BUILDING,FOB,4,0.01,12,Brand#52,MED PKG,33,32,0,50338.1888
F,F,A,DELIVER IN PERSON,Manufacturer#3,5-LOW,3,AUTOMOBILE,MAIL,3,0.04,21,Brand#33,MED DRUM,40,46,1,84176.32
O,O,N,DELIVER IN PERSON,Manufacturer#4,5-LOW,4,AUTOMOBILE,AIR,2,0.04,8,Brand#44,JUMBO CASE,40,27,3,32752.8036
F,P,R,TAKE BACK RETURN,Manufacturer#1,3-MEDIUM,0,HOUSEHOLD,MAIL,3,0.03,8,Brand#12,JUMBO BAG,40,36,3,48104.2368
F,F,A,TAKE BACK RETURN,Manufacturer#3,4-NOT SPECIFIED,0,FURNITURE,MAIL,3,0.06,9,Brand#31,SM CAN,34,38,4,46525.3152
F,F,A,TAKE BACK RETURN,Manufacturer#3,4-NOT SPECIFIED,0,FURNITURE,MAIL,4,0.05,9,Brand#33,JUMBO BOX,18,2,4,3268.8096
O,O,N,DELIVER IN PERSON,Manufacturer#3,1-URGENT,0,AUTOMOBILE,RAIL,5,0.07,8,Brand#31,SM PKG,33,48,3,64499.9424
O,O,N,DELIVER IN PERSON,Manufacturer#1,1-URGENT,0,AUTOMOBILE,SHIP,4,0.06,18,Brand#11,LG JAR,40,2,2,2035.223
O,O,N,TAKE BACK RETURN,Manufacturer#1,1-URGENT,0,AUTOMOBILE,REG AIR,2,0.04,18,Brand#12,WRAP JAR,32,23,2,29877.9936
O,O,N,COLLECT COD,Manufacturer#2,2-HIGH,3,BUILDING,SHIP,4,0.07,9,Brand#24,JUMBO BOX,27,48,4,75835.6992
O,O,N,COLLECT COD,Manufacturer#2,2-HIGH,3,BUILDING,AIR,6,0.05,8,Brand#25,LG CASE,39,3,3,3315.588
O,O,N,NONE,Manufacturer#5,2-HIGH,3,BUILDING,MAIL,1,0.08,18,Brand#54,MED JAR,22,50,2,45912.14
O,O,N,TAKE BACK RETURN,Manufacturer#1,5-LOW,0,AUTOMOBILE,RAIL,2,0.08,21,Brand#15,LG DRUM,31,44,1,56535.2832
O,O,N,TAKE BACK RETURN,Manufacturer#1,5-LOW,0,AUTOMOBILE,AIR,3,0.06,8,Brand#14,JUMBO PACK,7,12,3,15315.216
O,O,N,DELIVER IN PERSON,Manufacturer#5,3-MEDIUM,1,BUILDING,RAIL,6,0.06,8,Brand#55,LG BAG,45,5,3,8063.55
O,O,N,TAKE BACK RETURN,Manufacturer#4,3-MEDIUM,1,BUILDING,REG AIR,2,0.06,18,Brand#43,WRAP CASE,44,41,2,58527.2294
O,O,N,COLLECT COD,Manufacturer#2,5-LOW,0,HOUSEHOLD,AIR,5,0.01,21,Brand#24,MED PACK,50,24,1,39714
O,O,N,COLLECT COD,Manufacturer#2,5-LOW,0,HOUSEHOLD,RAIL,1,0.05,9,Brand#23,JUMBO BAG,44,10,4,16187.15
O,O,N,COLLECT COD,Manufacturer#5,5-LOW,2,AUTOMOBILE,AIR,2,0.08,18,Brand#52,WRAP PACK,27,19,2,22224.2202
O,O,N,DELIVER IN PERSON,Manufacturer#4,5-LOW,2,AUTOMOBILE,REG AIR,3,0.07,8,Brand#42,WRAP DRUM,28,50,3,62166.7
F,F,A,NONE,Manufacturer#2,2-HIGH,4,AUTOMOBILE,TRUCK,1,0.03,18,Brand#23,MED DRUM,19,14,2,20329.0906
F,F,A,COLLECT COD,Manufacturer#2,2-HIGH,4,AUTOMOBILE,MAIL,3,0.02,18,Brand#21,WRAP DRUM,34,18,2,26776.8774
F,F,A,COLLECT COD,Manufacturer#5,1-URGENT,4,FURNITURE,SHIP,4,0.06,9,Brand#53,SM CAN,37,4,4,6180.516
F,P,A,DELIVER IN PERSON,Manufacturer#4,4-NOT SPECIFIED,1,FURNITURE,RAIL,1,0.02,18,Brand#45,JUMBO BOX,44,26,2,33212.4416
O,P,N,NONE,Manufacturer#2,4-NOT SPECIFIED,1,FURNITURE,TRUCK,2,0.07,12,Brand#25,LG DRUM,25,44,0,37892.7384
O,O,N,DELIVER IN PERSON,Manufacturer#3,5-LOW,2,MACHINERY,REG AIR,6,0.03,18,Brand#35,LG JAR,14,28,2,29581.6752
O,O,N,DELIVER IN PERSON,Manufacturer#4,5-LOW,2,MACHINERY,AIR,1,0.01,8,Brand#43,SM JAR,11,7,3,6500.5479
O,O,N,NONE,Manufacturer#4,5-LOW,1,BUILDING,REG AIR,5,0.03,9,Brand#41,SM PACK,43,35,4,35746.0845
O,O,N,NONE,Manufacturer#5,5-LOW,1,BUILDING,AIR,7,0.07,12,Brand#53,WRAP BAG,23,23,0,22817.6767
F,P,N,TAKE BACK RETURN,Manufacturer#4,4-NOT SPECIFIED,4,HOUSEHOLD,TRUCK,6,0.05,18,Brand#41,WRAP PKG,26,35,2,40296.144
O,P,N,NONE,Manufacturer#3,4-NOT SPECIFIED,4,HOUSEHOLD,AIR,7,0.04,8,Brand#35,JUMBO CAN,6,29,3,39058.5195
O,O,N,COLLECT COD,Manufacturer#3,5-LOW,0,HOUSEHOLD,REG AIR,1,0.07,21,Brand#31,MED PACK,38,5,1,7650.918
F,F,A,DELIVER IN PERSON,Manufacturer#4,3-MEDIUM,2,AUTOMOBILE,RAIL,4,0.01,12,Brand#42,JUMBO CAN,44,25,0,29430.225
O,O,N,TAKE BACK RETURN,Manufacturer#2,2-HIGH,2,FURNITURE,REG AIR,2,0.08,8,Brand#24,LG CAN,35,21,3,19654.929
O,O,N,COLLECT COD,Manufacturer#2,1-URGENT,0,BUILDING,RAIL,2,0.03,9,Brand#21,JUMBO PKG,11,4,4,3756.5784
F,F,R,NONE,Manufacturer#1,5-LOW,2,BUILDING,AIR,4,0,8,Brand#13,MED PACK,47,38,3,58285.3956
F,F,A,DELIVER IN PERSON,Manufacturer#3,5-LOW,2,BUILDING,MAIL,6,0.05,18,Brand#35,JUMBO JAR,28,14,2,22104.4376
F,F,A,NONE,Manufacturer#4,1-URGENT,3,BUILDING,AIR,7,0.02,18,Brand#44,MED DRUM,14,29,2,38834.074
F,F,R,DELIVER IN PERSON,Manufacturer#5,4-NOT SPECIFIED,4,HOUSEHOLD,SHIP,4,0,9,Brand#51,SM PKG,1,18,4,29325.969
F,F,R,COLLECT COD,Manufacturer#4,4-NOT SPECIFIED,4,HOUSEHOLD,MAIL,3,0,9,Brand#41,JUMBO DRUM,31,8,4,12886.256
O,O,N,DELIVER IN PERSON,Manufacturer#3,3-MEDIUM,1,AUTOMOBILE,FOB,1,0.08,18,Brand#32,JUMBO JAR,21,38,2,64767.3026
O,O,N,DELIVER IN PERSON,Manufacturer#4,3-MEDIUM,1,AUTOMOBILE,TRUCK,2,0.08,21,Brand#43,WRAP DRUM,36,41,1,61729.518
F,F,A,TAKE BACK RETURN,Manufacturer#2,2-HIGH,0,MACHINERY,REG AIR,3,0.07,18,Brand#25,SM CASE,27,19,2,17860.76
F,F,R,TAKE BACK RETURN,Manufacturer#4,4-NOT SPECIFIED,3,MACHINERY,AIR,3,0.02,12,Brand#44,LG CAN,36,37,0,35122.5238
F,F,R,TAKE BACK RETURN,Manufacturer#1,4-NOT SPECIFIED,3,MACHINERY,FOB,2,0.02,18,Brand#11,LG CASE,39,12,2,16814.016
F,F,A,NONE,Manufacturer#1,5-LOW,2,AUTOMOBILE,REG AIR,5,0.01,12,Brand#12,JUMBO PKG,35,43,0,55245.3852
F,F,A,DELIVER IN PERSON,Manufacturer#3,5-LOW,2,AUTOMOBILE,FOB,1,0.01,21,Brand#34,MED PKG,42,15,1,17947.17
F,F,A,TAKE BACK RETURN,Manufacturer#1,5-LOW,2,AUTOMOBILE,RAIL,2,0.05,12,Brand#15,SM CASE,34,49,0,67161.1248
O,O,N,NONE,Manufacturer#3,2-HIGH,1,AUTOMOBILE,RAIL,3,0.04,12,Brand#35,LG PACK,27,26,0,40016.691
O,O,N,COLLECT COD,Manufacturer#5,2-HIGH,1,AUTOMOBILE,SHIP,1,0.05,12,Brand#53,SM CASE,37,4,0,7385.2416
F,F,A,NONE,Manufacturer#5,1-URGENT,0,BUILDING,FOB,5,0.03,12,Brand#54,WRAP DRUM,43,28,0,44183.7312
F,F,A,COLLECT COD,Manufacturer#2,1-URGENT,0,HOUSEHOLD,SHIP,1,0.08,18,Brand#21,WRAP CAN,16,42,2,63436.8336
O,O,N,COLLECT COD,Manufacturer#2,1-URGENT,2,FURNITURE,MAIL,1,0.03,21,Brand#23,WRAP BAG,35,45,1,52359.048
F,F,A,COLLECT COD,Manufacturer#3,5-LOW,1,HOUSEHOLD,FOB,1,0.03,8,Brand#35,LG DRUM,19,13,3,15880.4035
O,O,N,NONE,Manufacturer#4,1-URGENT,0,BUILDING,FOB,6,0.04,21,Brand#44,WRAP CAN,16,29,1,53446.7187
O,O,N,DELIVER IN PERSON,Manufacturer#3,1-URGENT,0,BUILDING,TRUCK,5,0.03,18,Brand#33,SM PACK,41,1,2,1685.78
O,O,N,TAKE BACK RETURN,Manufacturer#5,1-URGENT,0,BUILDING,RAIL,4,0.07,18,Brand#53,JUMBO PACK,4,43,2,44891.5012
F,F,A,NONE,Manufacturer#3,4-NOT SPECIFIED,2,AUTOMOBILE,MAIL,4,0.08,9,Brand#33,LG DRUM,28,27,4,26871.9687
F,F,R,DELIVER IN PERSON,Manufacturer#2,4-NOT SPECIFIED,2,AUTOMOBILE,TRUCK,3,0.02,12,Brand#21,LG PACK,33,40,0,37090.66
F,F,R,TAKE BACK RETURN,Manufacturer#3,5-LOW,4,FURNITURE,MAIL,3,0.07,12,Brand#33,WRAP BAG,7,23,0,24347.2572
F,F,R,TAKE BACK RETURN,Manufacturer#3,5-LOW,4,FURNITURE,FOB,1,0.02,21,Brand#34,WRAP PACK,30,36,1,55799.9136
F,F,A,TAKE BACK RETURN,Manufacturer#4,5-LOW,4,FURNITURE,FOB,2,0.03,21,Brand#45,SM JAR,33,35,1,53561.8965
F,F,A,DELIVER IN PERSON,Manufacturer#3,4-NOT SPECIFIED,0,BUILDING,SHIP,3,0.06,18,Brand#33,LG PACK,10,46,2,52083.1412
F,F,R,DELIVER IN PERSON,Manufacturer#2,4-NOT SPECIFIED,0,BUILDING,FOB,4,0.05,21,Brand#22,WRAP DRUM,26,2,1,3359.54
O,O,N,TAKE BACK RETURN,Manufacturer#1,3-MEDIUM,2,BUILDING,AIR,5,0.02,9,Brand#13,JUMBO JAR,26,14,4,15942.199
O,O,N,NONE,Manufacturer#2,4-NOT SPECIFIED,1,AUTOMOBILE,RAIL,1,0.02,21,Brand#21,SM BOX,11,18,1,21477.5712
F,F,R,TAKE BACK RETURN,Manufacturer#3,3-MEDIUM,4,FURNITURE,RAIL,3,0.01,9,Brand#33,SM PACK,39,34,4,31376.5634
F,F,A,NONE,Manufacturer#4,3-MEDIUM,4,FURNITURE,AIR,4,0.04,21,Brand#43,MED JAR,42,28,1,41699.756
F,F,R,NONE,Manufacturer#5,3-MEDIUM,4,FURNITURE,RAIL,6,0.07,8,Brand#53,JUMBO JAR,43,9,3,7775.1684
O,O,N,NONE,Manufacturer#5,1-URGENT,4,HOUSEHOLD,AIR,1,0.02,8,Brand#55,SM PKG,46,18,3,30867.5556
O,O,N,COLLECT COD,Manufacturer#3,3-MEDIUM,0,MACHINERY,RAIL,5,0,18,Brand#35,SM DRUM,21,32,2,36406.0032
O,P,N,DELIVER IN PERSON,Manufacturer#2,4-NOT SPECIFIED,1,MACHINERY,REG AIR,3,0.05,21,Brand#23,JUMBO PACK,2,46,1,53051.6896
F,F,R,NONE,Manufacturer#5,4-NOT SPECIFIED,0,MACHINERY,MAIL,4,0.03,12,Brand#53,WRAP DRUM,10,26,0,27571.9158
O,O,N,TAKE BACK RETURN,Manufacturer#3,1-URGENT,1,BUILDING,SHIP,1,0.06,21,Brand#34,LG DRUM,47,21,1,20323.296
O,O,N,DELIVER IN PERSON,Manufacturer#5,5-LOW,4,HOUSEHOLD,SHIP,1,0.05,9,Brand#51,WRAP BAG,2,10,4,14337.252
F,F,R,TAKE BACK RETURN,Manufacturer#1,3-MEDIUM,0,HOUSEHOLD,REG AIR,4,0,21,Brand#12,JUMBO PKG,35,10,1,13814.8
O,O,N,DELIVER IN PERSON,Manufacturer#1,2-HIGH,2,AUTOMOBILE,REG AIR,1,0.02,12,Brand#11,JUMBO BAG,1,44,0,42671.992
O,O,N,COLLECT COD,Manufacturer#1,2-HIGH,2,AUTOMOBILE,SHIP,3,0.06,9,Brand#11,JUMBO BAG,24,11,4,19696.1798
O,O,N,DELIVER IN PERSON,Manufacturer#2,2-HIGH,2,AUTOMOBILE,TRUCK,4,0.08,8,Brand#24,JUMBO BAG,25,42,3,62183.94
F,F,A,TAKE BACK RETURN,Manufacturer#3,4-NOT SPECIFIED,4,FURNITURE,REG AIR,1,0.05,18,Brand#34,WRAP PKG,27,32,2,38253.84
F,F,R,TAKE BACK RETURN,Manufacturer#2,4-NOT SPECIFIED,4,FURNITURE,REG AIR,3,0.03,12,Brand#22,MED JAR,18,37,0,45136.485
F,F,A,NONE,Manufacturer#1,3-MEDIUM,4,FURNITURE,AIR,2,0.03,9,Brand#14,JUMBO JAR,26,12,4,14711.3604
F,F,R,TAKE BACK RETURN,Manufacturer#2,3-MEDIUM,3,FURNITURE,RAIL,1,0.06,21,Brand#21,LG CAN,15,31,1,46652.4394
F,F,R,COLLECT COD,Manufacturer#2,3-MEDIUM,3,FURNITURE,SHIP,4,0.06,9,Brand#25,SM CASE,22,2,4,1803.3288
O,O,N,DELIVER IN PERSON,Manufacturer#5,3-MEDIUM,4,FURNITURE,AIR,1,0.08,21,Brand#54,LG DRUM,5,42,1,65803.374
F,F,A,NONE,Manufacturer#1,1-URGENT,4,BUILDING,FOB,2,0.04,18,Brand#11,JUMBO BOX,48,1,2,1244.254
F,F,R,DELIVER IN PERSON,Manufacturer#1,1-URGENT,4,BUILDING,AIR,4,0.05,8,Brand#15,LG DRUM,31,40,3,53537.2
O,P,N,COLLECT COD,Manufacturer#5,1-URGENT,4,AUTOMOBILE,REG AIR,2,0.08,9,Brand#52,MED BAG,44,23,4,34675.7775
F,F,R,DELIVER IN PERSON,Manufacturer#5,5-LOW,0,MACHINERY,SHIP,3,0.08,18,Brand#51,LG BOX,48,17,2,17895.9136
F,F,A,DELIVER IN PERSON,Manufacturer#2,5-LOW,0,MACHINERY,TRUCK,2,0.04,12,Brand#25,WRAP PKG,4,37,0,60501.2863
F,F,A,DELIVER IN PERSON,Manufacturer#4,2-HIGH,3,MACHINERY,REG AIR,2,0.03,21,Brand#43,LG PKG,15,30,1,31702.398
F,F,R,NONE,Manufacturer#5,5-LOW,2,HOUSEHOLD,AIR,2,0.02,21,Brand#52,MED JAR,12,28,1,30090.718
F,F,A,COLLECT COD,Manufacturer#5,5-LOW,2,HOUSEHOLD,AIR,3,0,18,Brand#53,LG BAG,10,29,2,26999.87
O,O,N,NONE,Manufacturer#3,4-NOT SPECIFIED,1,MACHINERY,SHIP,1,0.07,9,Brand#35,WRAP BOX,14,20,4,22938.552
F,F,A,TAKE BACK RETURN,Manufacturer#5,3-MEDIUM,4,AUTOMOBILE,TRUCK,2,0.03,9,Brand#54,LG CASE,42,22,4,22059.3582
F,F,A,NONE,Manufacturer#3,3-MEDIUM,4,AUTOMOBILE,SHIP,1,0,18,Brand#35,WRAP CAN,14,26,2,28943.46
O,O,N,DELIVER IN PERSON,Manufacturer#3,2-HIGH,3,BUILDING,TRUCK,4,0.07,18,Brand#33,JUMBO CAN,2,9,2,16375.9563
O,O,N,TAKE BACK RETURN,Manufacturer#1,2-HIGH,3,BUILDING,RAIL,6,0.06,12,Brand#11,WRAP JAR,20,5,0,8087.854
O,O,N,NONE,Manufacturer#5,2-HIGH,3,BUILDING,AIR,5,0.04,18,Brand#54,MED DRUM,24,33,2,38750.4117
O,O,N,NONE,Manufacturer#5,4-NOT SPECIFIED,1,MACHINERY,MAIL,4,0.01,8,Brand#53,SM DRUM,11,43,3,57663.2408
O,O,N,DELIVER IN PERSON,Manufacturer#3,5-LOW,2,FURNITURE,AIR,4,0.02,18,Brand#34,JUMBO CAN,5,25,2,29735.96
F,F,R,NONE,Manufacturer#4,5-LOW,4,BUILDING,FOB,7,0.02,21,Brand#42,MED CAN,11,35,1,45960.453
F,F,A,NONE,Manufacturer#3,5-LOW,4,BUILDING,RAIL,6,0,8,Brand#35,LG PKG,8,26,3,43412.6472
F,F,R,TAKE BACK RETURN,Manufacturer#1,5-LOW,4,BUILDING,TRUCK,1,0.07,21,Brand#12,JUMBO BAG,16,37,1,38369.925
F,F,R,TAKE BACK RETURN,Manufacturer#3,5-LOW,4,BUILDING,TRUCK,3,0,18,Brand#32,SM DRUM,2,31,2,35843.75
F,F,R,DELIVER IN PERSON,Manufacturer#2,3-MEDIUM,2,AUTOMOBILE,REG AIR,5,0.03,8,Brand#24,JUMBO CAN,13,49,3,75633.8716
F,F,A,TAKE BACK RETURN,Manufacturer#4,3-MEDIUM,2,AUTOMOBILE,SHIP,4,0.06,18,Brand#43,LG PACK,44,17,2,21848.0906
O,O,N,NONE,Manufacturer#1,5-LOW,1,AUTOMOBILE,SHIP,3,0.06,12,Brand#11,WRAP CASE,40,49,0,67150.237
O,O,N,DELIVER IN PERSON,Manufacturer#1,4-NOT SPECIFIED,1,HOUSEHOLD,SHIP,3,0.03,21,Brand#12,LG CASE,17,48,1,51512.16
F,F,R,DELIVER IN PERSON,Manufacturer#4,2-HIGH,1,MACHINERY,AIR,1,0.04,21,Brand#45,MED JAR,35,11,1,12032.7438
F,F,A,NONE,Manufacturer#5,2-HIGH,1,MACHINERY,AIR,6,0.06,12,Brand#51,WRAP CAN,28,24,0,28086.24
O,O,N,DELIVER IN PERSON,Manufacturer#4,1-URGENT,3,FURNITURE,SHIP,1,0,21,Brand#45,WRAP PKG,29,35,1,40546.1455
F,F,R,DELIVER IN PERSON,Manufacturer#2,1-URGENT,1,FURNITURE,REG AIR,3,0,8,Brand#25,MED CAN,25,23,3,19562.328
F,F,A,NONE,Manufacturer#5,2-HIGH,4,FURNITURE,TRUCK,5,0.08,18,Brand#53,WRAP CASE,1,13,2,14187.9088
F,F,R,TAKE BACK RETURN,Manufacturer#4,3-MEDIUM,0,HOUSEHOLD,RAIL,2,0.04,18,Brand#45,SM PACK,3,8,2,12782.4208
F,P,R,TAKE BACK RETURN,Manufacturer#3,4-NOT SPECIFIED,1,AUTOMOBILE,SHIP,4,0,8,Brand#34,LG JAR,20,23,3,35154.511
O,P,N,TAKE BACK RETURN,Manufacturer#2,4-NOT SPECIFIED,1,AUTOMOBILE,SHIP,2,0.03,21,Brand#22,LG CAN,20,40,1,41765.6
O,O,N,NONE,Manufacturer#3,5-LOW,3,AUTOMOBILE,AIR,2,0.06,8,Brand#33,MED DRUM,29,21,3,25649.6772
F,F,A,NONE,Manufacturer#5,5-LOW,2,AUTOMOBILE,AIR,5,0.03,18,Brand#54,WRAP BOX,13,28,2,45028.5192
F,F,A,TAKE BACK RETURN,Manufacturer#5,5-LOW,2,AUTOMOBILE,SHIP,2,0.08,9,Brand#55,SM PACK,6,3,4,4111.2408
O,O,N,TAKE BACK RETURN,Manufacturer#4,3-MEDIUM,0,HOUSEHOLD,TRUCK,4,0.08,9,Brand#44,LG PACK,34,32,4,38697.6
O,O,N,TAKE BACK RETURN,Manufacturer#3,3-MEDIUM,0,HOUSEHOLD,REG AIR,3,0,18,Brand#31,WRAP PKG,40,31,2,26255.016
O,O,N,COLLECT COD,Manufacturer#3,4-NOT SPECIFIED,1,BUILDING,REG AIR,2,0.07,18,Brand#33,LG BAG,49,8,2,14952.8016
O,O,N,COLLECT COD,Manufacturer#3,4-NOT SPECIFIED,1,AUTOMOBILE,TRUCK,2,0,18,Brand#35,LG BOX,13,5,2,8737.065
F,F,R,TAKE BACK RETURN,Manufacturer#4,1-URGENT,0,MACHINERY,TRUCK,4,0.02,21,Brand#45,JUMBO PACK,14,36,1,32047.8336
F,F,R,COLLECT COD,Manufacturer#4,1-URGENT,0,MACHINERY,MAIL,1,0.01,8,Brand#43,MED PACK,37,41,3,64651.8873
F,F,A,DELIVER IN PERSON,Manufacturer#4,2-HIGH,3,MACHINERY,TRUCK,1,0.06,12,Brand#42,JUMBO CAN,4,23,0,23437.161
F,F,A,TAKE BACK RETURN,Manufacturer#3,3-MEDIUM,0,FURNITURE,REG AIR,1,0.08,21,Brand#34,MED DRUM,14,21,1,18794.16
O,O,N,NONE,Manufacturer#1,5-LOW,2,AUTOMOBILE,AIR,1,0.01,18,Brand#13,MED CASE,27,46,2,64482.409
O,O,N,COLLECT COD,Manufacturer#4,5-LOW,2,AUTOMOBILE,REG AIR,4,0.04,18,Brand#45,MED CAN,4,14,2,24740.4052
O,O,N,TAKE BACK RETURN,Manufacturer#5,5-LOW,2,AUTOMOBILE,AIR,2,0.05,12,Brand#54,MED JAR,46,23,0,38223.1066
F,F,R,DELIVER IN PERSON,Manufacturer#3,3-MEDIUM,1,BUILDING,RAIL,2,0.08,18,Brand#33,LG PACK,13,25,2,25007.76
F,F,R,DELIVER IN PERSON,Manufacturer#4,3-MEDIUM,1,BUILDING,FOB,3,0.08,18,Brand#45,JUMBO CAN,34,32,2,52263.7632
O,O,N,NONE,Manufacturer#3,3-MEDIUM,2,MACHINERY,MAIL,3,0.03,18,Brand#31,SM BOX,6,49,2,71239.8456
F,F,R,NONE,Manufacturer#4,3-MEDIUM,1,AUTOMOBILE,MAIL,1,0.05,9,Brand#42,WRAP PKG,38,41,4,58058.4805
F,F,A,TAKE BACK RETURN,Manufacturer#5,3-MEDIUM,1,AUTOMOBILE,FOB,5,0.04,12,Brand#55,JUMBO CASE,10,41,0,40328.7152
F,F,A,DELIVER IN PERSON,Manufacturer#4,3-MEDIUM,1,AUTOMOBILE,REG AIR,2,0.02,9,Brand#41,LG JAR,25,4,4,6913.5264
F,F,R,DELIVER IN PERSON,Manufacturer#4,2-HIGH,1,BUILDING,REG AIR,3,0.05,21,Brand#45,MED CASE,23,25,1,26442.67
F,F,R,COLLECT COD,Manufacturer#1,3-MEDIUM,2,FURNITURE,FOB,4,0.03,8,Brand#15,LG CASE,41,7,3,12037.7873
F,F,R,DELIVER IN PERSON,Manufacturer#3,3-MEDIUM,2,FURNITURE,SHIP,3,0.02,21,Brand#34,SM DRUM,49,27,1,44491.6557
F,F,R,NONE,Manufacturer#3,3-MEDIUM,2,FURNITURE,AIR,5,0.07,21,Brand#32,SM PKG,12,44,1,78577.884
O,O,N,NONE,Manufacturer#3,5-LOW,1,HOUSEHOLD,TRUCK,7,0.01,12,Brand#35,MED BAG,44,1,0,1677.0754
O,O,N,TAKE BACK RETURN,Manufacturer#2,5-LOW,1,HOUSEHOLD,SHIP,5,0.04,18,Brand#24,MED JAR,16,33,2,51719.349
O,O,N,NONE,Manufacturer#1,5-LOW,1,HOUSEHOLD,REG AIR,1,0.08,18,Brand#13,LG DRUM,44,1,2,1710.7727
O,O,N,COLLECT COD,Manufacturer#2,5-LOW,1,HOUSEHOLD,MAIL,6,0.03,9,Brand#22,MED JAR,8,43,4,49732.8282
O,O,N,COLLECT COD,Manufacturer#5,1-URGENT,0,BUILDING,MAIL,7,0.07,9,Brand#54,WRAP CAN,11,20,4,25069.264
O,O,N,NONE,Manufacturer#1,1-URGENT,0,BUILDING,AIR,2,0.08,21,Brand#15,MED PACK,22,21,1,25217.0856
F,F,A,TAKE BACK RETURN,Manufacturer#1,3-MEDIUM,1,MACHINERY,FOB,1,0,18,Brand#15,SM PKG,44,39,2,37918.1088
O,O,N,TAKE BACK RETURN,Manufacturer#5,1-URGENT,3,AUTOMOBILE,RAIL,2,0.04,12,Brand#55,MED CASE,31,36,0,56272.5144
O,O,N,COLLECT COD,Manufacturer#1,1-URGENT,3,AUTOMOBILE,AIR,1,0.08,21,Brand#13,JUMBO BOX,8,37,1,31794.3812
F,F,R,TAKE BACK RETURN,Manufacturer#3,2-HIGH,2,AUTOMOBILE,SHIP,1,0.01,9,Brand#33,WRAP CASE,34,38,4,59924.0392
F,F,R,DELIVER IN PERSON,Manufacturer#2,2-HIGH,2,AUTOMOBILE,SHIP,3,0.04,9,Brand#23,JUMBO PACK,25,25,4,22357.61
O,O,N,TAKE BACK RETURN,Manufacturer#5,4-NOT SPECIFIED,1,HOUSEHOLD,TRUCK,2,0.06,9,Brand#52,WRAP PACK,27,13,4,15373.1448
O,O,N,DELIVER IN PERSON,Manufacturer#1,2-HIGH,2,HOUSEHOLD,REG AIR,4,0.05,12,Brand#12,SM BAG,8,44,0,63469.824
O,O,N,TAKE BACK RETURN,Manufacturer#5,2-HIGH,0,BUILDING,FOB,2,0.05,18,Brand#52,SM JAR,28,49,2,65376.0891
O,O,N,DELIVER IN PERSON,Manufacturer#4,2-HIGH,0,BUILDING,MAIL,3,0.02,12,Brand#41,MED PACK,22,3,0,3906.5004
F,F,A,TAKE BACK RETURN,Manufacturer#3,3-MEDIUM,4,FURNITURE,RAIL,1,0.06,9,Brand#31,JUMBO DRUM,48,25,4,27394.7775
O,O,N,DELIVER IN PERSON,Manufacturer#3,4-NOT SPECIFIED,2,BUILDING,MAIL,6,0.03,8,Brand#32,LG PKG,36,9,3,14579.9208
O,O,N,NONE,Manufacturer#5,3-MEDIUM,0,FURNITURE,REG AIR,1,0.01,12,Brand#54,MED CASE,3,15,0,19758.06
F,F,A,COLLECT COD,Manufacturer#4,4-NOT SPECIFIED,3,HOUSEHOLD,REG AIR,1,0,12,Brand#45,WRAP PKG,15,20,0,21248.766
F,F,R,COLLECT COD,Manufacturer#4,4-NOT SPECIFIED,3,HOUSEHOLD,SHIP,2,0.05,21,Brand#44,SM DRUM,36,4,1,5451.2276
O,O,N,TAKE BACK RETURN,Manufacturer#5,3-MEDIUM,0,HOUSEHOLD,REG AIR,3,0,18,Brand#54,MED BOX,48,22,2,39798.2464
F,F,R,COLLECT COD,Manufacturer#3,4-NOT SPECIFIED,1,BUILDING,MAIL,4,0.08,18,Brand#35,WRAP PACK,7,28,2,44103.0912
F,F,A,DELIVER IN PERSON,Manufacturer#3,2-HIGH,0,MACHINERY,RAIL,4,0.01,8,Brand#34,SM PACK,25,30,3,32637.024
O,O,N,COLLECT COD,Manufacturer#5,5-LOW,3,BUILDING,RAIL,1,0.06,21,Brand#53,SM BOX,21,4,1,6248.988
F,F,R,COLLECT COD,Manufacturer#3,4-NOT SPECIFIED,4,BUILDING,REG AIR,1,0.06,9,Brand#33,MED CASE,10,33,4,45251.514
O,O,N,DELIVER IN PERSON,Manufacturer#5,3-MEDIUM,1,HOUSEHOLD,TRUCK,6,0.07,12,Brand#51,SM JAR,13,48,0,57558.144
O,O,N,TAKE BACK RETURN,Manufacturer#3,3-MEDIUM,1,FURNITURE,MAIL,1,0.04,9,Brand#33,JUMBO PACK,35,3,4,2867.832
F,F,R,TAKE BACK RETURN,Manufacturer#2,4-NOT SPECIFIED,0,FURNITURE,MAIL,1,0,9,Brand#21,WRAP BAG,25,19,4,31052.061
F,F,A,TAKE BACK RETURN,Manufacturer#1,2-HIGH,0,FURNITURE,AIR,5,0.03,12,Brand#12,JUMBO PKG,35,11,0,13980.5776
F,F,R,COLLECT COD,Manufacturer#3,2-HIGH,0,FURNITURE,SHIP,6,0,8,Brand#35,SM PKG,35,13,3,19467.5312
F,F,A,TAKE BACK RETURN,Manufacturer#2,4-NOT SPECIFIED,2,BUILDING,SHIP,4,0.08,8,Brand#25,LG CASE,39,46,3,53602.006
F,F,A,COLLECT COD,Manufacturer#2,4-NOT SPECIFIED,2,BUILDING,REG AIR,1,0.05,18,Brand#24,MED JAR,9,1,2,1363.7169
F,F,R,TAKE BACK RETURN,Manufacturer#2,4-NOT SPECIFIED,1,AUTOMOBILE,FOB,2,0.02,9,Brand#24,WRAP CAN,46,27,4,26806.5828
O,O,N,DELIVER IN PERSON,Manufacturer#2,4-NOT SPECIFIED,1,HOUSEHOLD,SHIP,4,0.05,9,Brand#23,LG BAG,35,26,4,46680.7068
F,F,A,COLLECT COD,Manufacturer#3,1-URGENT,1,BUILDING,SHIP,2,0.06,21,Brand#35,LG JAR,38,27,1,38720.2356
F,F,R,DELIVER IN PERSON,Manufacturer#5,2-HIGH,4,BUILDING,RAIL,2,0.07,21,Brand#52,JUMBO CAN,43,29,1,48297.6672
F,F,R,DELIVER IN PERSON,Manufacturer#2,2-HIGH,4,BUILDING,RAIL,1,0.08,21,Brand#25,SM BOX,35,2,1,3567.5242
F,F,R,NONE,Manufacturer#2,2-HIGH,4,BUILDING,TRUCK,4,0.01,8,Brand#22,WRAP BAG,9,33,3,53938.5066
O,P,N,DELIVER IN PERSON,Manufacturer#5,5-LOW,2,MACHINERY,SHIP,4,0.03,9,Brand#53,LG JAR,31,26,4,37440.117
O,P,N,NONE,Manufacturer#3,5-LOW,2,MACHINERY,SHIP,2,0.03,9,Brand#33,LG CAN,1,19,4,34002.2442
O,O,N,TAKE BACK RETURN,Manufacturer#2,5-LOW,2,HOUSEHOLD,AIR,3,0.07,12,Brand#25,WRAP PKG,4,46,0,76870.9542
O,O,N,NONE,Manufacturer#2,1-URGENT,1,BUILDING,RAIL,3,0.05,21,Brand#23,WRAP DRUM,12,41,1,42070.92
O,O,N,NONE,Manufacturer#2,1-URGENT,1,BUILDING,SHIP,1,0.04,8,Brand#24,WRAP CAN,19,20,3,21407.364
F,F,R,NONE,Manufacturer#3,1-URGENT,1,MACHINERY,FOB,7,0.03,8,Brand#31,LG JAR,44,2,3,2604.7024
F,F,R,DELIVER IN PERSON,Manufacturer#2,1-URGENT,1,MACHINERY,RAIL,3,0.03,9,Brand#24,MED CAN,16,17,4,26419.666
F,F,A,NONE,Manufacturer#3,1-URGENT,1,MACHINERY,MAIL,6,0.03,21,Brand#32,JUMBO BOX,23,9,1,11332.341
O,O,N,NONE,Manufacturer#3,4-NOT SPECIFIED,3,FURNITURE,TRUCK,4,0.08,21,Brand#31,MED PACK,38,19,1,27898.802
O,O,N,COLLECT COD,Manufacturer#4,4-NOT SPECIFIED,3,FURNITURE,REG AIR,5,0.05,8,Brand#41,MED DRUM,40,25,3,40392.035
F,F,R,DELIVER IN PERSON,Manufacturer#5,3-MEDIUM,3,BUILDING,SHIP,1,0.08,18,Brand#52,MED DRUM,31,21,2,30455.4159
F,F,R,NONE,Manufacturer#5,3-MEDIUM,3,BUILDING,RAIL,2,0.07,12,Brand#53,WRAP BAG,23,48,0,49189.3728
O,O,N,COLLECT COD,Manufacturer#3,1-URGENT,4,FURNITURE,FOB,1,0.04,21,Brand#32,MED JAR,15,6,1,10596.3642
O,O,N,TAKE BACK RETURN,Manufacturer#1,1-URGENT,4,FURNITURE,TRUCK,2,0.06,18,Brand#15,MED BOX,9,13,2,22842.5769
F,F,R,NONE,Manufacturer#1,3-MEDIUM,1,FURNITURE,MAIL,2,0.07,9,Brand#11,MED JAR,33,50,4,64072.305
F,F,R,TAKE BACK RETURN,Manufacturer#4,3-MEDIUM,1,FURNITURE,FOB,3,0.02,18,Brand#44,LG CAN,25,15,2,23952.939
O,O,N,TAKE BACK RETURN,Manufacturer#3,1-URGENT,3,BUILDING,MAIL,2,0.04,9,Brand#35,SM CAN,39,17,4,17016.813
O,O,N,TAKE BACK RETURN,Manufacturer#3,1-URGENT,3,BUILDING,FOB,3,0.01,12,Brand#33,MED PKG,24,9,0,12422.403
O,O,N,NONE,Manufacturer#5,1-URGENT,3,BUILDING,FOB,4,0.02,18,Brand#52,MED PKG,32,43,2,49860.9639
O,O,N,COLLECT COD,Manufacturer#5,4-NOT SPECIFIED,0,HOUSEHOLD,FOB,1,0.05,18,Brand#52,WRAP PACK,27,9,2,11452.7358
O,O,N,NONE,Manufacturer#4,4-NOT SPECIFIED,0,HOUSEHOLD,TRUCK,2,0,8,Brand#45,MED JAR,39,19,3,32975.906
O,O,N,NONE,Manufacturer#1,4-NOT SPECIFIED,0,HOUSEHOLD,REG AIR,3,0.03,9,Brand#11,MED BOX,25,8,4,12871.9
O,O,N,TAKE BACK RETURN,Manufacturer#1,4-NOT SPECIFIED,0,BUILDING,SHIP,1,0.03,12,Brand#12,JUMBO BAG,31,46,0,81153.2322
F,F,R,DELIVER IN PERSON,Manufacturer#5,1-URGENT,2,MACHINERY,FOB,1,0.05,8,Brand#51,WRAP JAR,35,34,3,36791.944
F,F,A,DELIVER IN PERSON,Manufacturer#3,1-URGENT,2,MACHINERY,SHIP,2,0.03,8,Brand#33,SM CAN,23,34,3,62538.597
O,O,N,COLLECT COD,Manufacturer#3,3-MEDIUM,4,BUILDING,AIR,2,0.08,18,Brand#32,WRAP DRUM,27,9,2,11109.7845
O,O,N,TAKE BACK RETURN,Manufacturer#2,3-MEDIUM,4,BUILDING,FOB,4,0.08,8,Brand#23,SM PACK,27,17,3,21030.6915
O,O,N,TAKE BACK RETURN,Manufacturer#4,3-MEDIUM,4,BUILDING,MAIL,1,0.02,18,Brand#45,JUMBO CAN,38,39,2,59480.1792
O,O,N,COLLECT COD,Manufacturer#5,3-MEDIUM,4,BUILDING,AIR,6,0.08,21,Brand#51,JUMBO JAR,23,39,1,53078.4891
O,O,N,NONE,Manufacturer#4,3-MEDIUM,4,BUILDING,REG AIR,7,0,18,Brand#45,WRAP DRUM,2,34,2,33337.799
F,F,A,TAKE BACK RETURN,Manufacturer#5,4-NOT SPECIFIED,4,MACHINERY,SHIP,7,0.04,18,Brand#51,MED JAR,11,18,2,22512.5748
F,F,R,TAKE BACK RETURN,Manufacturer#5,4-NOT SPECIFIED,4,MACHINERY,TRUCK,6,0.04,9,Brand#53,LG PACK,46,36,4,34049.4444
F,F,R,COLLECT COD,Manufacturer#4,5-LOW,2,MACHINERY,MAIL,1,0.04,8,Brand#43,WRAP CAN,44,35,3,64397.55
O,O,N,DELIVER IN PERSON,Manufacturer#1,4-NOT SPECIFIED,2,HOUSEHOLD,MAIL,1,0.02,18,Brand#14,WRAP PACK,42,50,2,65657.79
O,O,N,NONE,Manufacturer#2,5-LOW,0,FURNITURE,REG AIR,2,0.07,9,Brand#24,JUMBO CASE,48,15,4,23122.08
F,F,R,DELIVER IN PERSON,Manufacturer#5,3-MEDIUM,3,AUTOMOBILE,TRUCK,4,0.03,9,Brand#55,WRAP CAN,44,27,4,40333.2048
F,F,A,NONE,Manufacturer#5,3-MEDIUM,3,AUTOMOBILE,SHIP,3,0.07,9,Brand#55,WRAP DRUM,42,28,4,52022.6
F,F,R,COLLECT COD,Manufacturer#4,1-URGENT,0,HOUSEHOLD,SHIP,2,0.07,8,Brand#42,JUMBO CASE,6,34,3,55415.8656
F,F,A,NONE,Manufacturer#5,1-URGENT,3,HOUSEHOLD,REG AIR,1,0.04,18,Brand#52,WRAP CASE,36,18,2,31962.0924
F,F,R,DELIVER IN PERSON,Manufacturer#3,4-NOT SPECIFIED,4,AUTOMOBILE,TRUCK,1,0.04,21,Brand#32,SM PKG,12,37,1,64741.971
F,F,R,DELIVER IN PERSON,Manufacturer#5,4-NOT SPECIFIED,3,AUTOMOBILE,SHIP,3,0.02,8,Brand#54,WRAP CASE,46,44,3,62749.4868
F,F,R,DELIVER IN PERSON,Manufacturer#3,4-NOT SPECIFIED,1,HOUSEHOLD,SHIP,2,0.07,9,Brand#31,MED PACK,38,6,4,8439.1944
F,F,A,NONE,Manufacturer#3,4-NOT SPECIFIED,3,FURNITURE,MAIL,3,0,12,Brand#33,WRAP CASE,17,42,0,61535.502
F,F,A,NONE,Manufacturer#1,4-NOT SPECIFIED,3,FURNITURE,AIR,4,0.06,8,Brand#13,MED CASE,27,31,3,41168.403
O,O,N,DELIVER IN PERSON,Manufacturer#3,3-MEDIUM,3,MACHINERY,AIR,1,0.06,9,Brand#33,LG DRUM,46,49,4,47515.5744
O,O,N,DELIVER IN PERSON,Manufacturer#4,5-LOW,4,FURNITURE,RAIL,1,0.08,9,Brand#44,LG PACK,34,2,4,2321.856
O,O,N,COLLECT COD,Manufacturer#3,5-LOW,4,FURNITURE,FOB,3,0.03,18,Brand#33,JUMBO PKG,10,41,2,44782.8199
O,O,N,TAKE BACK RETURN,Manufacturer#2,5-LOW,4,FURNITURE,AIR,2,0.08,8,Brand#25,JUMBO CASE,1,30,3,46474.848
O,O,N,COLLECT COD,Manufacturer#3,2-HIGH,4,FURNITURE,REG AIR,3,0,21,Brand#35,WRAP CASE,37,23,1,24614.5816
O,O,N,NONE,Manufacturer#1,3-MEDIUM,4,HOUSEHOLD,TRUCK,2,0.07,8,Brand#13,SM BAG,29,37,3,60394.9742
O,O,N,NONE,Manufacturer#4,3-MEDIUM,4,HOUSEHOLD,MAIL,4,0.01,8,Brand#41,SM CAN,4,21,3,26122.0806
O,O,N,DELIVER IN PERSON,Manufacturer#1,2-HIGH,2,BUILDING,MAIL,4,0.07,21,Brand#15,LG BAG,32,12,1,10636.542
O,O,N,COLLECT COD,Manufacturer#2,2-HIGH,2,BUILDING,RAIL,3,0.08,12,Brand#25,LG DRUM,25,23,0,19807.5678
F,F,A,DELIVER IN PERSON,Manufacturer#4,5-LOW,2,MACHINERY,RAIL,3,0.07,21,Brand#44,JUMBO PKG,46,46,1,41069.6832
O,O,N,TAKE BACK RETURN,Manufacturer#5,5-LOW,0,FURNITURE,AIR,2,0.08,9,Brand#53,SM CAN,37,33,4,53821.9935
O,O,N,DELIVER IN PERSON,Manufacturer#5,4-NOT SPECIFIED,3,HOUSEHOLD,MAIL,2,0.02,8,Brand#54,LG BOX,37,2,3,1714.5788
O,O,N,COLLECT COD,Manufacturer#2,4-NOT SPECIFIED,3,HOUSEHOLD,FOB,4,0.05,8,Brand#24,WRAP BAG,28,24,3,34899.336
O,O,N,TAKE BACK RETURN,Manufacturer#5,3-MEDIUM,0,MACHINERY,FOB,4,0.03,18,Brand#54,JUMBO PKG,6,43,2,61481.916
O,O,N,COLLECT COD,Manufacturer#4,3-MEDIUM,0,MACHINERY,TRUCK,2,0.07,12,Brand#42,MED PKG,28,2,0,2763.0702
O,O,N,DELIVER IN PERSON,Manufacturer#1,3-MEDIUM,0,MACHINERY,MAIL,3,0.01,8,Brand#12,MED PKG,41,46,3,43590.244
O,O,N,DELIVER IN PERSON,Manufacturer#2,5-LOW,4,AUTOMOBILE,RAIL,4,0.04,18,Brand#21,JUMBO BAG,44,7,2,6923.6937
O,O,N,COLLECT COD,Manufacturer#1,3-MEDIUM,3,AUTOMOBILE,FOB,1,0.03,12,Brand#11,LG CASE,39,9,0,13709.61
O,O,N,COLLECT COD,Manufacturer#5,5-LOW,1,BUILDING,AIR,6,0.06,18,Brand#52,SM PKG,2,3,2,4151.6352
O,O,N,TAKE BACK RETURN,Manufacturer#2,5-LOW,1,BUILDING,AIR,5,0,8,Brand#21,JUMBO CAN,1,25,3,22655.41
O,O,N,DELIVER IN PERSON,Manufacturer#2,5-LOW,1,BUILDING,REG AIR,1,0.04,18,Brand#21,WRAP CAN,16,47,2,69445.602
O,P,N,NONE,Manufacturer#2,1-URGENT,2,AUTOMOBILE,RAIL,6,0.05,21,Brand#21,LG BOX,42,37,1,43381.2864
O,P,N,NONE,Manufacturer#5,1-URGENT,2,AUTOMOBILE,TRUCK,4,0,8,Brand#53,LG CASE,2,20,3,34554.648
O,P,N,COLLECT COD,Manufacturer#4,1-URGENT,2,AUTOMOBILE,AIR,2,0,12,Brand#42,WRAP PKG,38,46,0,67881.4686
O,O,N,DELIVER IN PERSON,Manufacturer#5,3-MEDIUM,4,FURNITURE,RAIL,1,0.05,21,Brand#53,WRAP CAN,49,30,1,51473.826
F,F,R,DELIVER IN PERSON,Manufacturer#4,3-MEDIUM,1,AUTOMOBILE,FOB,2,0.03,21,Brand#42,WRAP CAN,16,21,1,28580.7249
O,O,N,DELIVER IN PERSON,Manufacturer#5,1-URGENT,0,AUTOMOBILE,AIR,3,0.02,12,Brand#54,LG JAR,19,9,0,7727.805
O,O,N,TAKE BACK RETURN,Manufacturer#3,1-URGENT,0,AUTOMOBILE,REG AIR,1,0.05,9,Brand#31,LG PACK,18,5,4,8562.624
O,O,N,DELIVER IN PERSON,Manufacturer#3,5-LOW,4,MACHINERY,AIR,1,0.07,9,Brand#33,MED BAG,29,23,4,24025.6758
O,O,N,NONE,Manufacturer#5,5-LOW,4,MACHINERY,REG AIR,2,0.01,21,Brand#54,SM BAG,1,43,1,71983.9522
O,O,N,NONE,Manufacturer#3,2-HIGH,0,AUTOMOBILE,TRUCK,1,0,9,Brand#33,JUMBO CASE,7,47,4,58530.98
F,F,R,DELIVER IN PERSON,Manufacturer#5,4-NOT SPECIFIED,4,FURNITURE,TRUCK,2,0.05,21,Brand#52,MED JAR,22,39,1,69111.9936
O,O,N,TAKE BACK RETURN,Manufacturer#3,3-MEDIUM,3,BUILDING,MAIL,1,0.05,8,Brand#35,JUMBO DRUM,47,1,3,1346.8554
O,O,N,COLLECT COD,Manufacturer#5,3-MEDIUM,3,BUILDING,FOB,4,0.03,12,Brand#51,JUMBO JAR,23,16,0,21775.7904
O,O,N,TAKE BACK RETURN,Manufacturer#5,1-URGENT,3,HOUSEHOLD,RAIL,1,0.05,9,Brand#51,SM CAN,29,36,4,41922.2628
F,F,A,DELIVER IN PERSON,Manufacturer#2,5-LOW,3,HOUSEHOLD,AIR,2,0.01,8,Brand#25,LG DRUM,25,15,3,13612.494
O,O,N,TAKE BACK RETURN,Manufacturer#2,5-LOW,0,FURNITURE,RAIL,4,0.07,18,Brand#25,SM BOX,41,4,2,5517.4
O,O,N,COLLECT COD,Manufacturer#2,4-NOT SPECIFIED,0,BUILDING,REG AIR,3,0.08,21,Brand#24,MED DRUM,50,21,1,31520.664
F,F,A,COLLECT COD,Manufacturer#2,4-NOT SPECIFIED,1,FURNITURE,REG AIR,1,0.03,8,Brand#24,MED CASE,36,8,3,9220.6152
F,F,A,NONE,Manufacturer#3,4-NOT SPECIFIED,1,FURNITURE,MAIL,5,0.01,18,Brand#31,SM BOX,20,48,2,48801.3984
F,F,R,NONE,Manufacturer#3,3-MEDIUM,2,BUILDING,SHIP,6,0.06,9,Brand#35,JUMBO CASE,42,16,4,23025.1616
F,F,A,TAKE BACK RETURN,Manufacturer#1,3-MEDIUM,2,BUILDING,SHIP,2,0.06,8,Brand#14,MED BAG,18,16,3,14837.896
F,F,A,NONE,Manufacturer#4,3-MEDIUM,2,BUILDING,REG AIR,4,0.02,9,Brand#44,WRAP CAN,19,48,4,85656.0768
F,F,A,NONE,Manufacturer#4,3-MEDIUM,2,BUILDING,RAIL,5,0.07,9,Brand#44,LG JAR,15,28,4,31856.9328
F,F,A,NONE,Manufacturer#2,2-HIGH,2,BUILDING,REG AIR,5,0.06,12,Brand#25,WRAP JAR,23,22,0,20693.772
F,F,R,DELIVER IN PERSON,Manufacturer#4,2-HIGH,2,BUILDING,AIR,6,0.02,9,Brand#45,SM PACK,48,49,4,43482.4824
O,O,N,DELIVER IN PERSON,Manufacturer#2,1-URGENT,2,BUILDING,REG AIR,3,0.05,18,Brand#25,SM CAN,1,27,2,35845.6185
O,O,N,TAKE BACK RETURN,Manufacturer#5,1-URGENT,2,BUILDING,TRUCK,2,0.03,21,Brand#53,LG DRUM,9,48,1,75836.3424
O,O,N,DELIVER IN PERSON,Manufacturer#4,5-LOW,1,HOUSEHOLD,RAIL,6,0.08,8,Brand#45,SM PACK,30,39,3,46733.193
O,O,N,DELIVER IN PERSON,Manufacturer#5,5-LOW,1,HOUSEHOLD,AIR,5,0.07,8,Brand#55,SM BOX,12,16,3,25228.2096
O,O,N,COLLECT COD,Manufacturer#4,5-LOW,1,HOUSEHOLD,RAIL,3,0.05,9,Brand#43,JUMBO CASE,44,40,4,63567.36
F,F,R,TAKE BACK RETURN,Manufacturer#4,2-HIGH,4,AUTOMOBILE,MAIL,2,0.02,21,Brand#44,LG CASE,44,50,1,86674.14
O,O,N,DELIVER IN PERSON,Manufacturer#4,4-NOT SPECIFIED,3,FURNITURE,AIR,3,0.01,18,Brand#43,WRAP BAG,26,13,2,16977.3396
O,O,N,DELIVER IN PERSON,Manufacturer#1,4-NOT SPECIFIED,1,FURNITURE,SHIP,5,0.01,18,Brand#15,MED BOX,9,13,2,22150.3776
O,O,N,COLLECT COD,Manufacturer#3,1-URGENT,2,MACHINERY,REG AIR,1,0.07,18,Brand#33,LG PACK,13,5,2,5054.76
O,O,N,COLLECT COD,Manufacturer#4,1-URGENT,2,MACHINERY,AIR,5,0.07,21,Brand#41,MED CASE,15,8,1,9590.8288
F,F,A,COLLECT COD,Manufacturer#5,5-LOW,3,MACHINERY,FOB,1,0,21,Brand#52,SM PKG,50,31,1,56560.7679
O,O,N,NONE,Manufacturer#3,1-URGENT,0,HOUSEHOLD,AIR,1,0.03,8,Brand#35,SM CAN,39,21,3,22655.7177
O,O,N,DELIVER IN PERSON,Manufacturer#3,4-NOT SPECIFIED,0,BUILDING,TRUCK,2,0.01,12,Brand#33,SM PKG,7,42,0,43990.1532
O,O,N,DELIVER IN PERSON,Manufacturer#2,4-NOT SPECIFIED,4,FURNITURE,REG AIR,3,0.06,12,Brand#23,SM JAR,1,21,0,38210.5647
O,O,N,COLLECT COD,Manufacturer#2,2-HIGH,0,MACHINERY,AIR,1,0.03,21,Brand#22,LG CAN,20,37,1,37087.8528
F,F,A,COLLECT COD,Manufacturer#2,2-HIGH,3,AUTOMOBILE,REG AIR,7,0.08,21,Brand#23,LG JAR,26,48,1,70784.7552
O,O,N,NONE,Manufacturer#3,4-NOT SPECIFIED,4,HOUSEHOLD,FOB,2,0.06,8,Brand#32,JUMBO JAR,29,44,3,64061.6064
O,O,N,TAKE BACK RETURN,Manufacturer#2,5-LOW,3,HOUSEHOLD,TRUCK,5,0.07,18,Brand#24,JUMBO BOX,47,48,2,76392.3888
O,O,N,DELIVER IN PERSON,Manufacturer#5,1-URGENT,1,FURNITURE,SHIP,4,0,8,Brand#54,MED CASE,43,2,3,2250.885
O,O,N,COLLECT COD,Manufacturer#1,1-URGENT,1,FURNITURE,FOB,2,0.03,21,Brand#13,MED CAN,30,14,1,19338.34
O,O,N,COLLECT COD,Manufacturer#2,4-NOT SPECIFIED,3,FURNITURE,AIR,3,0.02,18,Brand#21,SM JAR,7,44,2,74520.8464
F,F,A,TAKE BACK RETURN,Manufacturer#1,2-HIGH,4,FURNITURE,AIR,4,0.06,18,Brand#11,WRAP CAN,49,9,2,12622.5
F,F,R,DELIVER IN PERSON,Manufacturer#1,2-HIGH,4,FURNITURE,FOB,3,0.03,8,Brand#13,SM BOX,4,26,3,30435.7508
F,F,A,DELIVER IN PERSON,Manufacturer#3,4-NOT SPECIFIED,2,MACHINERY,TRUCK,1,0.04,18,Brand#32,SM DRUM,32,38,2,45885.1026
F,F,A,NONE,Manufacturer#4,5-LOW,3,HOUSEHOLD,RAIL,2,0.08,12,Brand#45,SM CASE,26,28,0,46141.732
O,O,N,TAKE BACK RETURN,Manufacturer#4,4-NOT SPECIFIED,4,BUILDING,RAIL,1,0.06,21,Brand#42,MED CASE,29,17,1,18900.549
F,F,A,COLLECT COD,Manufacturer#2,4-NOT SPECIFIED,1,HOUSEHOLD,SHIP,4,0.06,18,Brand#23,JUMBO JAR,42,33,2,46792.6965
O,O,N,TAKE BACK RETURN,Manufacturer#2,3-MEDIUM,0,BUILDING,RAIL,3,0.02,9,Brand#24,WRAP CAN,34,45,4,63218.61
O,O,N,TAKE BACK RETURN,Manufacturer#4,3-MEDIUM,0,BUILDING,AIR,2,0.06,18,Brand#41,JUMBO CASE,4,17,2,29959.7919
F,F,R,TAKE BACK RETURN,Manufacturer#4,4-NOT SPECIFIED,2,BUILDING,AIR,4,0,21,Brand#43,JUMBO PKG,17,23,1,27346.9724
F,F,R,DELIVER IN PERSON,Manufacturer#2,1-URGENT,3,HOUSEHOLD,SHIP,6,0.01,12,Brand#23,LG PACK,14,28,0,32619.1656
F,F,A,NONE,Manufacturer#3,1-URGENT,3,HOUSEHOLD,FOB,5,0.02,8,Brand#31,SM PKG,27,26,3,36809.851
F,F,A,DELIVER IN PERSON,Manufacturer#1,1-URGENT,3,HOUSEHOLD,SHIP,1,0.08,9,Brand#13,SM PKG,3,11,4,15238.4034
F,F,A,NONE,Manufacturer#5,5-LOW,0,FURNITURE,AIR,1,0.04,8,Brand#53,LG JAR,26,28,3,45050.1184
O,O,N,DELIVER IN PERSON,Manufacturer#2,3-MEDIUM,2,FURNITURE,RAIL,5,0.02,8,Brand#24,JUMBO JAR,29,27,3,26441.4969
O,O,N,TAKE BACK RETURN,Manufacturer#2,3-MEDIUM,2,FURNITURE,AIR,4,0.04,12,Brand#25,LG DRUM,13,47,0,76948.9875
O,O,N,TAKE BACK RETURN,Manufacturer#2,1-URGENT,0,AUTOMOBILE,AIR,3,0.08,18,Brand#21,SM JAR,7,42,2,76545.8694
O,O,N,NONE,Manufacturer#5,1-URGENT,0,AUTOMOBILE,RAIL,2,0.03,18,Brand#53,WRAP CASE,1,15,2,17794.2
O,O,N,NONE,Manufacturer#5,3-MEDIUM,4,BUILDING,FOB,2,0.03,21,Brand#51,LG CAN,8,40,1,66502.272
O,O,N,COLLECT COD,Manufacturer#1,3-MEDIUM,4,BUILDING,FOB,4,0.04,9,Brand#15,SM JAR,15,22,4,27199.26
O,O,N,COLLECT COD,Manufacturer#3,5-LOW,4,HOUSEHOLD,RAIL,3,0.05,18,Brand#33,JUMBO BAG,46,44,2,37323.3696
F,F,R,COLLECT COD,Manufacturer#3,2-HIGH,1,FURNITURE,MAIL,2,0.02,9,Brand#33,LG CAN,14,50,4,60747.6
F,F,R,NONE,Manufacturer#5,2-HIGH,1,FURNITURE,FOB,1,0.08,21,Brand#51,LG CAN,22,16,1,24726.144
F,F,R,COLLECT COD,Manufacturer#1,2-HIGH,1,FURNITURE,RAIL,4,0.02,8,Brand#13,LG PACK,1,29,3,38321.18
F,F,A,DELIVER IN PERSON,Manufacturer#3,2-HIGH,1,FURNITURE,FOB,6,0.06,21,Brand#31,WRAP JAR,8,12,1,16334.4528
F,F,R,NONE,Manufacturer#4,3-MEDIUM,1,MACHINERY,MAIL,4,0.03,21,Brand#42,SM JAR,47,5,1,4550
F,F,A,DELIVER IN PERSON,Manufacturer#5,3-MEDIUM,1,MACHINERY,RAIL,2,0.02,8,Brand#53,SM PKG,50,16,3,17391.0528
F,F,N,NONE,Manufacturer#3,4-NOT SPECIFIED,2,FURNITURE,FOB,2,0.05,21,Brand#34,MED PKG,23,48,1,79453.3968
O,O,N,TAKE BACK RETURN,Manufacturer#5,5-LOW,1,FURNITURE,TRUCK,4,0.05,9,Brand#52,JUMBO CASE,45,17,4,15944.742
O,O,N,TAKE BACK RETURN,Manufacturer#3,1-URGENT,1,FURNITURE,SHIP,7,0.08,18,Brand#32,MED PKG,5,31,2,33432.291
O,O,N,DELIVER IN PERSON,Manufacturer#1,1-URGENT,1,FURNITURE,TRUCK,3,0.03,18,Brand#14,JUMBO JAR,37,9,2,8894.1276
O,O,N,TAKE BACK RETURN,Manufacturer#2,1-URGENT,1,FURNITURE,SHIP,2,0.06,9,Brand#23,JUMBO BAG,44,16,4,24578.04
F,F,A,NONE,Manufacturer#1,3-MEDIUM,4,AUTOMOBILE,RAIL,3,0.04,18,Brand#15,WRAP BOX,48,18,2,30726.0576
F,F,R,NONE,Manufacturer#1,3-MEDIUM,4,AUTOMOBILE,TRUCK,4,0,8,Brand#12,JUMBO DRUM,33,8,3,12273.1488
O,O,N,NONE,Manufacturer#2,4-NOT SPECIFIED,2,MACHINERY,SHIP,2,0.07,18,Brand#23,MED JAR,33,28,2,26251.9488
F,F,R,NONE,Manufacturer#1,1-URGENT,0,BUILDING,FOB,5,0,18,Brand#15,SM CASE,34,38,2,50505.8304
O,O,N,DELIVER IN PERSON,Manufacturer#2,4-NOT SPECIFIED,2,MACHINERY,FOB,7,0.01,18,Brand#25,JUMBO JAR,13,34,2,58427.47
O,O,N,TAKE BACK RETURN,Manufacturer#3,4-NOT SPECIFIED,2,MACHINERY,MAIL,5,0.01,8,Brand#34,LG CAN,35,48,3,54088.6896
F,F,R,COLLECT COD,Manufacturer#4,4-NOT SPECIFIED,3,MACHINERY,FOB,1,0.03,12,Brand#44,LG CAN,36,42,0,41183.1672
F,F,A,TAKE BACK RETURN,Manufacturer#2,4-NOT SPECIFIED,3,MACHINERY,FOB,6,0.07,12,Brand#25,SM BAG,36,47,0,56967.6096
F,F,R,DELIVER IN PERSON,Manufacturer#4,4-NOT SPECIFIED,3,MACHINERY,AIR,2,0.07,8,Brand#41,SM JAR,11,15,3,16143.6375
F,F,A,DELIVER IN PERSON,Manufacturer#1,5-LOW,2,HOUSEHOLD,SHIP,4,0,8,Brand#14,WRAP PKG,40,5,3,6479.1
O,O,N,TAKE BACK RETURN,Manufacturer#4,5-LOW,2,BUILDING,AIR,6,0.04,8,Brand#42,JUMBO BAG,1,2,3,3389.372
O,O,N,NONE,Manufacturer#4,5-LOW,2,BUILDING,AIR,4,0.05,8,Brand#41,MED CAN,8,36,3,56366.5032
O,O,N,TAKE BACK RETURN,Manufacturer#5,5-LOW,2,BUILDING,RAIL,2,0.04,12,Brand#52,WRAP CAN,4,38,0,57324.9608
O,O,N,NONE,Manufacturer#2,3-MEDIUM,4,MACHINERY,TRUCK,4,0.03,18,Brand#22,WRAP CAN,1,8,2,11066.2064
O,O,N,NONE,Manufacturer#2,3-MEDIUM,4,MACHINERY,REG AIR,7,0.04,8,Brand#24,SM CAN,14,19,3,23414.27
O,O,N,TAKE BACK RETURN,Manufacturer#5,3-MEDIUM,4,MACHINERY,AIR,3,0.03,8,Brand#52,WRAP CAN,4,48,3,73197.5472
O,O,N,DELIVER IN PERSON,Manufacturer#5,2-HIGH,1,BUILDING,REG AIR,1,0.06,21,Brand#55,JUMBO CASE,25,20,1,19091.772
F,F,R,DELIVER IN PERSON,Manufacturer#1,4-NOT SPECIFIED,1,MACHINERY,SHIP,2,0.03,21,Brand#13,JUMBO CASE,19,4,1,6178.56
O,O,N,COLLECT COD,Manufacturer#1,1-URGENT,3,FURNITURE,TRUCK,1,0,8,Brand#11,MED CASE,13,6,3,6356.9034
O,O,N,NONE,Manufacturer#3,1-URGENT,3,FURNITURE,REG AIR,7,0.01,21,Brand#34,MED PACK,2,18,1,25380.3528
O,O,N,COLLECT COD,Manufacturer#1,1-URGENT,3,FURNITURE,AIR,3,0.04,9,Brand#12,WRAP PACK,36,10,4,12553.49
F,F,N,COLLECT COD,Manufacturer#1,5-LOW,3,AUTOMOBILE,SHIP,2,0.02,9,Brand#14,SM BOX,26,25,4,23493.15
F,F,A,TAKE BACK RETURN,Manufacturer#3,5-LOW,3,AUTOMOBILE,RAIL,1,0.02,8,Brand#34,LG CASE,20,15,3,19083.645
F,F,A,TAKE BACK RETURN,Manufacturer#4,2-HIGH,2,MACHINERY,RAIL,1,0.06,21,Brand#43,SM CASE,23,49,1,64186.8885
F,F,A,COLLECT COD,Manufacturer#3,1-URGENT,3,AUTOMOBILE,TRUCK,5,0.04,21,Brand#34,MED PKG,42,1,1,1302.8316
O,O,N,NONE,Manufacturer#3,5-LOW,4,MACHINERY,TRUCK,5,0.03,8,Brand#33,JUMBO CASE,42,14,3,21489.5772
O,O,N,DELIVER IN PERSON,Manufacturer#1,5-LOW,3,BUILDING,RAIL,4,0,18,Brand#12,MED CAN,7,43,2,46223.4864
O,O,N,DELIVER IN PERSON,Manufacturer#3,5-LOW,3,BUILDING,MAIL,2,0.04,18,Brand#35,LG BOX,13,33,2,58278.0825
O,O,N,COLLECT COD,Manufacturer#3,2-HIGH,2,FURNITURE,RAIL,6,0.04,9,Brand#33,LG CAN,14,1,4,1228.016
O,O,N,DELIVER IN PERSON,Manufacturer#2,2-HIGH,2,FURNITURE,AIR,1,0,21,Brand#21,SM BOX,26,19,1,32848.2336
O,O,N,TAKE BACK RETURN,Manufacturer#1,2-HIGH,2,FURNITURE,REG AIR,4,0.05,18,Brand#15,LG JAR,2,31,2,41568.9695
O,O,N,NONE,Manufacturer#4,2-HIGH,2,FURNITURE,RAIL,5,0.01,9,Brand#43,JUMBO CAN,2,32,4,53401.5104
F,F,R,COLLECT COD,Manufacturer#3,1-URGENT,3,MACHINERY,SHIP,1,0.07,8,Brand#35,SM DRUM,21,18,3,20478.3768
O,O,N,COLLECT COD,Manufacturer#5,3-MEDIUM,3,FURNITURE,RAIL,1,0.01,18,Brand#51,WRAP BAG,2,26,2,38078.508
O,O,N,TAKE BACK RETURN,Manufacturer#3,4-NOT SPECIFIED,4,MACHINERY,FOB,2,0.01,18,Brand#34,JUMBO DRUM,30,27,2,32546.8044
O,O,N,TAKE BACK RETURN,Manufacturer#3,4-NOT SPECIFIED,4,MACHINERY,MAIL,6,0.03,18,Brand#31,WRAP PKG,40,29,2,25106.9472
O,O,N,TAKE BACK RETURN,Manufacturer#1,4-NOT SPECIFIED,4,MACHINERY,FOB,3,0.06,9,Brand#13,LG CAN,35,19,4,31640.8083
F,F,R,NONE,Manufacturer#1,2-HIGH,0,BUILDING,REG AIR,1,0.05,18,Brand#14,JUMBO BAG,10,11,2,18457.1794
F,F,R,COLLECT COD,Manufacturer#1,5-LOW,3,MACHINERY,SHIP,4,0.08,21,Brand#13,WRAP BOX,26,4,1,4491.5508
F,F,R,TAKE BACK RETURN,Manufacturer#3,5-LOW,3,MACHINERY,TRUCK,5,0.02,9,Brand#33,MED CASE,10,49,4,73910.8062
O,O,N,DELIVER IN PERSON,Manufacturer#3,3-MEDIUM,0,BUILDING,RAIL,4,0.02,18,Brand#34,JUMBO CAN,5,47,2,59471.92
O,O,N,NONE,Manufacturer#4,3-MEDIUM,0,BUILDING,REG AIR,3,0.08,12,Brand#43,LG BAG,26,48,0,74352.6432
O,O,N,COLLECT COD,Manufacturer#2,1-URGENT,4,FURNITURE,RAIL,5,0.03,9,Brand#24,JUMBO CASE,48,4,4,6165.888
O,O,N,DELIVER IN PERSON,Manufacturer#2,2-HIGH,1,AUTOMOBILE,SHIP,7,0.02,12,Brand#23,SM CASE,31,34,0,36361.368
O,O,N,DELIVER IN PERSON,Manufacturer#4,2-HIGH,1,AUTOMOBILE,RAIL,3,0.03,18,Brand#43,WRAP CASE,30,16,2,15490.472
O,O,N,COLLECT COD,Manufacturer#3,2-HIGH,1,AUTOMOBILE,MAIL,5,0.08,21,Brand#32,MED BAG,43,35,1,48158.4145
O,O,N,TAKE BACK RETURN,Manufacturer#5,2-HIGH,2,BUILDING,RAIL,1,0.03,9,Brand#54,MED CASE,49,4,4,6078.5088
F,F,R,TAKE BACK RETURN,Manufacturer#3,4-NOT SPECIFIED,0,BUILDING,REG AIR,1,0.08,8,Brand#31,SM JAR,24,11,3,15097.17
F,F,R,NONE,Manufacturer#2,4-NOT SPECIFIED,0,BUILDING,SHIP,2,0.01,18,Brand#23,LG PACK,27,14,2,14379.68
F,F,A,DELIVER IN PERSON,Manufacturer#5,4-NOT SPECIFIED,0,BUILDING,AIR,5,0.03,18,Brand#52,SM DRUM,32,3,2,5198.172
F,F,A,DELIVER IN PERSON,Manufacturer#1,4-NOT SPECIFIED,0,BUILDING,REG AIR,3,0.02,21,Brand#11,WRAP PKG,20,29,1,43961.7032
F,F,R,COLLECT COD,Manufacturer#4,4-NOT SPECIFIED,0,BUILDING,MAIL,4,0.04,9,Brand#43,JUMBO BAG,43,35,4,53387.488
F,F,A,NONE,Manufacturer#5,3-MEDIUM,4,HOUSEHOLD,TRUCK,1,0.07,9,Brand#55,LG JAR,38,30,4,37056.69
F,F,A,DELIVER IN PERSON,Manufacturer#4,3-MEDIUM,4,HOUSEHOLD,REG AIR,6,0.05,8,Brand#41,SM PACK,44,9,3,11720.3031
O,O,N,COLLECT COD,Manufacturer#2,5-LOW,0,FURNITURE,SHIP,1,0.03,21,Brand#24,JUMBO BAG,25,13,1,19054.9359
O,O,N,NONE,Manufacturer#3,5-LOW,0,FURNITURE,RAIL,2,0.03,18,Brand#34,JUMBO DRUM,30,36,2,42934.0824
O,O,N,TAKE BACK RETURN,Manufacturer#4,3-MEDIUM,0,AUTOMOBILE,AIR,3,0.07,9,Brand#41,SM JAR,38,36,4,34349.7456
O,O,N,COLLECT COD,Manufacturer#3,3-MEDIUM,2,FURNITURE,TRUCK,3,0.06,12,Brand#34,LG CASE,20,16,0,20139.336
O,O,N,COLLECT COD,Manufacturer#3,3-MEDIUM,2,FURNITURE,REG AIR,4,0.02,12,Brand#31,SM CAN,25,11,0,18959.2029
O,O,N,NONE,Manufacturer#3,2-HIGH,1,AUTOMOBILE,TRUCK,1,0.06,9,Brand#31,SM BAG,28,29,4,51876.099
F,F,R,TAKE BACK RETURN,Manufacturer#5,2-HIGH,3,BUILDING,FOB,4,0.08,21,Brand#51,JUMBO BAG,22,1,1,1879.0101
F,F,R,COLLECT COD,Manufacturer#2,2-HIGH,3,BUILDING,REG AIR,7,0.03,12,Brand#25,WRAP PACK,37,34,0,62015.6736
F,F,R,NONE,Manufacturer#5,4-NOT SPECIFIED,4,HOUSEHOLD,TRUCK,4,0.04,21,Brand#54,WRAP BAG,15,8,1,11424.096
F,F,A,COLLECT COD,Manufacturer#1,4-NOT SPECIFIED,4,HOUSEHOLD,AIR,2,0.05,18,Brand#15,JUMBO CAN,18,45,2,69796.188
F,F,R,COLLECT COD,Manufacturer#4,3-MEDIUM,4,AUTOMOBILE,RAIL,3,0.02,18,Brand#44,SM BAG,15,2,2,3125.7666
O,O,N,COLLECT COD,Manufacturer#5,2-HIGH,1,BUILDING,RAIL,1,0.05,21,Brand#54,LG CASE,42,50,1,80968.635
O,O,N,TAKE BACK RETURN,Manufacturer#3,4-NOT SPECIFIED,1,AUTOMOBILE,REG AIR,2,0.06,18,Brand#35,SM DRUM,21,42,2,49324.2624
F,F,A,NONE,Manufacturer#1,3-MEDIUM,0,FURNITURE,REG AIR,5,0.03,12,Brand#14,LG PACK,44,33,0,51640.8156
F,F,R,COLLECT COD,Manufacturer#4,3-MEDIUM,0,FURNITURE,REG AIR,6,0.03,21,Brand#44,MED DRUM,14,8,1,11178.624
F,F,A,DELIVER IN PERSON,Manufacturer#4,3-MEDIUM,0,FURNITURE,RAIL,4,0.07,12,Brand#41,MED PACK,22,16,0,20190.2976
F,F,R,COLLECT COD,Manufacturer#2,3-MEDIUM,0,FURNITURE,SHIP,1,0.05,8,Brand#22,JUMBO JAR,7,13,3,18224.505
F,F,A,DELIVER IN PERSON,Manufacturer#5,3-MEDIUM,1,AUTOMOBILE,SHIP,1,0.06,21,Brand#53,SM CASE,17,9,1,12661.3746
F,F,A,NONE,Manufacturer#5,3-MEDIUM,1,AUTOMOBILE,FOB,2,0.08,21,Brand#52,LG JAR,14,39,1,38455.3728
F,F,R,DELIVER IN PERSON,Manufacturer#1,3-MEDIUM,1,AUTOMOBILE,FOB,4,0.05,21,Brand#12,SM BAG,11,39,1,50650.6923
F,F,A,COLLECT COD,Manufacturer#4,3-MEDIUM,1,AUTOMOBILE,TRUCK,3,0.07,8,Brand#44,WRAP BAG,38,26,3,42422.094
F,F,A,DELIVER IN PERSON,Manufacturer#1,3-MEDIUM,1,AUTOMOBILE,TRUCK,5,0,18,Brand#13,MED BAG,38,42,2,60883.8888
F,F,A,NONE,Manufacturer#1,1-URGENT,2,HOUSEHOLD,MAIL,1,0.04,21,Brand#13,MED CAN,30,47,1,64259.105
F,F,A,COLLECT COD,Manufacturer#4,1-URGENT,2,HOUSEHOLD,REG AIR,2,0.05,9,Brand#45,JUMBO CAN,38,26,4,40892.6232
O,O,N,TAKE BACK RETURN,Manufacturer#1,2-HIGH,0,HOUSEHOLD,TRUCK,5,0.03,18,Brand#15,LG CASE,41,24,2,38719.4808
F,F,A,COLLECT COD,Manufacturer#2,1-URGENT,0,AUTOMOBILE,MAIL,6,0.06,18,Brand#21,SM PKG,32,45,2,55452.402
F,F,A,COLLECT COD,Manufacturer#2,1-URGENT,1,FURNITURE,TRUCK,4,0.06,8,Brand#22,LG PACK,5,39,3,62232.4287
F,F,R,DELIVER IN PERSON,Manufacturer#3,3-MEDIUM,3,BUILDING,MAIL,5,0.03,8,Brand#33,LG JAR,27,21,3,32834.9952
F,F,A,NONE,Manufacturer#3,2-HIGH,4,BUILDING,FOB,2,0.04,18,Brand#33,LG DRUM,46,8,2,8080.88
F,F,R,COLLECT COD,Manufacturer#2,2-HIGH,4,BUILDING,SHIP,2,0.07,21,Brand#21,WRAP CASE,19,22,1,20359.427
F,F,A,COLLECT COD,Manufacturer#2,2-HIGH,4,BUILDING,MAIL,6,0.01,21,Brand#21,MED PKG,20,6,1,7592.0208
F,F,A,TAKE BACK RETURN,Manufacturer#3,2-HIGH,4,BUILDING,AIR,5,0.02,18,Brand#32,MED CAN,31,26,2,43546.6746
O,O,N,COLLECT COD,Manufacturer#5,5-LOW,2,FURNITURE,TRUCK,2,0.06,21,Brand#51,LG CAN,10,44,1,55986.5768
O,O,N,NONE,Manufacturer#2,3-MEDIUM,2,FURNITURE,MAIL,5,0.04,9,Brand#25,JUMBO PKG,39,43,4,73340.4474
O,O,N,TAKE BACK RETURN,Manufacturer#4,3-MEDIUM,2,FURNITURE,MAIL,2,0.01,18,Brand#45,SM PACK,3,7,2,11184.6182
O,O,N,TAKE BACK RETURN,Manufacturer#4,3-MEDIUM,2,FURNITURE,TRUCK,3,0.04,18,Brand#42,WRAP JAR,2,30,2,48175.776
O,O,N,TAKE BACK RETURN,Manufacturer#1,4-NOT SPECIFIED,0,MACHINERY,RAIL,3,0.04,9,Brand#11,LG JAR,40,4,4,4113.2928
O,O,N,NONE,Manufacturer#1,1-URGENT,3,FURNITURE,TRUCK,1,0,12,Brand#13,WRAP CASE,24,10,0,9384.63
O,O,N,TAKE BACK RETURN,Manufacturer#2,1-URGENT,3,FURNITURE,TRUCK,4,0.05,9,Brand#23,MED DRUM,7,48,4,67345.6608
O,O,N,COLLECT COD,Manufacturer#1,1-URGENT,3,FURNITURE,FOB,3,0.04,8,Brand#11,MED BAG,49,17,3,29651.9712
O,O,N,TAKE BACK RETURN,Manufacturer#1,4-NOT SPECIFIED,2,AUTOMOBILE,MAIL,3,0.04,8,Brand#11,WRAP CASE,26,4,3,6803.5824
O,O,N,NONE,Manufacturer#4,4-NOT SPECIFIED,2,AUTOMOBILE,MAIL,2,0.08,8,Brand#42,SM PKG,35,39,3,37911.2058
F,F,R,NONE,Manufacturer#2,5-LOW,3,FURNITURE,AIR,1,0.04,9,Brand#25,JUMBO CASE,22,44,4,57431.22
O,O,N,COLLECT COD,Manufacturer#1,5-LOW,4,AUTOMOBILE,REG AIR,2,0.08,9,Brand#11,JUMBO CASE,20,13,4,11769.5968
O,O,N,TAKE BACK RETURN,Manufacturer#2,5-LOW,0,BUILDING,TRUCK,3,0.07,18,Brand#22,JUMBO JAR,28,15,2,23537.6805
O,O,N,DELIVER IN PERSON,Manufacturer#4,5-LOW,0,BUILDING,RAIL,4,0.02,18,Brand#42,LG CAN,26,36,2,37665.0576
F,F,A,TAKE BACK RETURN,Manufacturer#1,4-NOT SPECIFIED,2,BUILDING,TRUCK,6,0.03,9,Brand#14,MED PACK,43,41,4,53717.6178
F,F,R,DELIVER IN PERSON,Manufacturer#3,4-NOT SPECIFIED,2,BUILDING,FOB,4,0.03,8,Brand#32,SM JAR,18,46,3,61857.787
F,F,R,COLLECT COD,Manufacturer#1,4-NOT SPECIFIED,2,BUILDING,AIR,1,0.05,9,Brand#13,LG CAN,35,5,4,7811.4855
F,F,A,COLLECT COD,Manufacturer#1,2-HIGH,4,HOUSEHOLD,RAIL,1,0.03,18,Brand#14,JUMBO JAR,37,17,2,16434.801
F,F,R,COLLECT COD,Manufacturer#5,2-HIGH,4,HOUSEHOLD,FOB,2,0.03,12,Brand#54,MED CASE,3,42,0,57781.3488
F,F,R,COLLECT COD,Manufacturer#2,2-HIGH,4,HOUSEHOLD,SHIP,5,0,12,Brand#22,MED JAR,18,27,0,35133.264
O,O,N,TAKE BACK RETURN,Manufacturer#2,1-URGENT,0,FURNITURE,MAIL,2,0.01,21,Brand#25,MED CAN,25,44,1,39918.4896
O,O,N,COLLECT COD,Manufacturer#3,1-URGENT,0,FURNITURE,TRUCK,4,0.05,18,Brand#35,SM DRUM,21,25,2,27830.53
O,O,N,COLLECT COD,Manufacturer#1,1-URGENT,0,FURNITURE,REG AIR,3,0.02,8,Brand#14,SM JAR,20,27,3,45641.232
O,O,N,COLLECT COD,Manufacturer#5,3-MEDIUM,4,HOUSEHOLD,RAIL,1,0.03,12,Brand#51,SM CAN,8,22,0,34334.52
F,F,A,COLLECT COD,Manufacturer#5,2-HIGH,4,AUTOMOBILE,REG AIR,2,0.08,9,Brand#52,LG CASE,21,36,4,62021.52
F,F,R,NONE,Manufacturer#5,2-HIGH,4,AUTOMOBILE,RAIL,7,0.06,8,Brand#52,MED BOX,22,17,3,23782.0055
F,F,A,TAKE BACK RETURN,Manufacturer#5,2-HIGH,4,AUTOMOBILE,REG AIR,3,0.01,8,Brand#53,LG CASE,2,22,3,40902.1866
F,F,R,DELIVER IN PERSON,Manufacturer#2,2-HIGH,4,MACHINERY,TRUCK,4,0.07,9,Brand#22,MED JAR,8,13,4,14731.7586
F,F,R,TAKE BACK RETURN,Manufacturer#1,2-HIGH,4,MACHINERY,REG AIR,3,0.08,18,Brand#14,LG PACK,7,46,2,59638.356
F,F,R,DELIVER IN PERSON,Manufacturer#3,1-URGENT,1,HOUSEHOLD,REG AIR,2,0.03,21,Brand#34,LG DRUM,33,10,1,18359.3
O,O,N,COLLECT COD,Manufacturer#1,3-MEDIUM,3,FURNITURE,MAIL,2,0.07,18,Brand#15,LG CASE,45,47,2,40855.1965
O,O,N,DELIVER IN PERSON,Manufacturer#4,1-URGENT,2,HOUSEHOLD,RAIL,1,0,21,Brand#43,LG BOX,16,42,1,35818.4106
O,O,N,NONE,Manufacturer#4,2-HIGH,0,BUILDING,FOB,5,0.05,8,Brand#43,JUMBO BOX,40,49,3,43279.054
F,F,A,NONE,Manufacturer#2,1-URGENT,2,FURNITURE,SHIP,3,0.08,12,Brand#23,MED BAG,32,10,0,8958.67
F,F,A,DELIVER IN PERSON,Manufacturer#1,1-URGENT,2,FURNITURE,REG AIR,5,0.02,21,Brand#13,SM BAG,9,46,1,44865.548
F,F,A,TAKE BACK RETURN,Manufacturer#4,1-URGENT,2,FURNITURE,SHIP,1,0.04,18,Brand#45,SM CAN,21,33,2,32109.231
F,P,N,TAKE BACK RETURN,Manufacturer#2,2-HIGH,2,AUTOMOBILE,FOB,3,0.07,21,Brand#21,LG CAN,33,3,1,3470.0232
O,O,N,TAKE BACK RETURN,Manufacturer#3,1-URGENT,1,FURNITURE,RAIL,1,0.01,8,Brand#32,LG CAN,33,6,3,6826.4856
F,F,R,NONE,Manufacturer#3,5-LOW,4,FURNITURE,FOB,1,0,8,Brand#32,LG PKG,43,30,3,30002.67
O,O,N,NONE,Manufacturer#4,3-MEDIUM,1,HOUSEHOLD,RAIL,2,0.07,8,Brand#41,WRAP CASE,13,14,3,13251.2562
O,O,N,NONE,Manufacturer#5,2-HIGH,0,FURNITURE,SHIP,1,0.07,12,Brand#51,WRAP BAG,19,50,0,74608.38
O,O,N,NONE,Manufacturer#3,1-URGENT,0,BUILDING,RAIL,2,0.03,18,Brand#35,JUMBO DRUM,21,47,2,60798.4104
F,F,R,DELIVER IN PERSON,Manufacturer#1,3-MEDIUM,1,BUILDING,SHIP,3,0.05,12,Brand#15,MED CASE,8,4,0,4194.9784
F,F,A,NONE,Manufacturer#3,1-URGENT,3,BUILDING,REG AIR,5,0.02,8,Brand#32,LG PKG,36,25,3,28113.36
F,F,R,NONE,Manufacturer#4,1-URGENT,3,BUILDING,REG AIR,3,0.01,18,Brand#45,MED CAN,4,3,2,5639.91
F,F,A,NONE,Manufacturer#1,1-URGENT,4,HOUSEHOLD,RAIL,2,0.04,21,Brand#15,LG CAN,6,23,1,28243.5699
F,F,R,NONE,Manufacturer#1,3-MEDIUM,3,MACHINERY,REG AIR,3,0.07,8,Brand#14,MED BAG,18,10,3,8700.055
F,F,R,TAKE BACK RETURN,Manufacturer#1,4-NOT SPECIFIED,4,MACHINERY,SHIP,4,0.02,21,Brand#11,JUMBO PACK,39,25,1,40150.565
F,F,A,TAKE BACK RETURN,Manufacturer#2,3-MEDIUM,0,BUILDING,REG AIR,5,0.07,8,Brand#25,JUMBO CAN,23,45,3,47787.84
O,O,N,COLLECT COD,Manufacturer#5,2-HIGH,0,AUTOMOBILE,MAIL,5,0.06,9,Brand#51,JUMBO DRUM,19,45,4,80544.6
O,O,N,DELIVER IN PERSON,Manufacturer#5,2-HIGH,0,AUTOMOBILE,MAIL,4,0.03,9,Brand#55,WRAP DRUM,42,46,4,76919.13
O,O,N,DELIVER IN PERSON,Manufacturer#2,5-LOW,1,HOUSEHOLD,TRUCK,1,0.05,18,Brand#22,WRAP CAN,1,9,2,12449.4822
F,F,A,TAKE BACK RETURN,Manufacturer#5,4-NOT SPECIFIED,3,MACHINERY,AIR,3,0.04,21,Brand#55,JUMBO DRUM,24,1,1,1276.003
F,F,A,COLLECT COD,Manufacturer#5,4-NOT SPECIFIED,3,MACHINERY,RAIL,5,0.07,21,Brand#52,SM JAR,18,48,1,52138.4688
O,O,N,NONE,Manufacturer#5,4-NOT SPECIFIED,2,FURNITURE,AIR,2,0.03,8,Brand#53,LG BAG,2,18,3,15881.868
O,O,N,COLLECT COD,Manufacturer#1,1-URGENT,0,FURNITURE,AIR,5,0.01,18,Brand#15,SM DRUM,22,13,2,13399.4718
O,O,N,NONE,Manufacturer#5,1-URGENT,0,FURNITURE,AIR,2,0.07,18,Brand#52,JUMBO BOX,46,4,2,4979.8504
F,F,A,COLLECT COD,Manufacturer#4,5-LOW,0,AUTOMOBILE,AIR,6,0,12,Brand#41,WRAP PKG,26,10,0,10913.539
F,F,A,TAKE BACK RETURN,Manufacturer#3,4-NOT SPECIFIED,0,AUTOMOBILE,TRUCK,3,0.03,21,Brand#31,JUMBO DRUM,23,40,1,40450.192
F,F,R,COLLECT COD,Manufacturer#3,4-NOT SPECIFIED,0,AUTOMOBILE,MAIL,2,0.06,18,Brand#33,MED PKG,24,35,2,49382.886
O,O,N,TAKE BACK RETURN,Manufacturer#2,2-HIGH,1,BUILDING,AIR,1,0.03,21,Brand#23,WRAP DRUM,12,45,1,42481.368
O,O,N,DELIVER IN PERSON,Manufacturer#4,2-HIGH,1,BUILDING,FOB,3,0.06,12,Brand#41,MED CASE,40,43,0,43796.6481
O,O,N,DELIVER IN PERSON,Manufacturer#3,2-HIGH,1,MACHINERY,SHIP,3,0.06,8,Brand#35,JUMBO DRUM,21,9,3,12026.0592
O,O,N,COLLECT COD,Manufacturer#4,3-MEDIUM,2,AUTOMOBILE,TRUCK,2,0.05,8,Brand#45,MED DRUM,33,47,3,65982.3318
O,O,N,DELIVER IN PERSON,Manufacturer#5,3-MEDIUM,2,AUTOMOBILE,FOB,3,0,12,Brand#53,SM CASE,37,28,0,47519.1808
O,O,N,TAKE BACK RETURN,Manufacturer#3,3-MEDIUM,2,AUTOMOBILE,AIR,5,0.04,8,Brand#34,LG JAR,20,21,3,30459.9645
O,O,N,COLLECT COD,Manufacturer#3,2-HIGH,1,AUTOMOBILE,REG AIR,4,0.02,21,Brand#32,WRAP PACK,24,48,1,66092.3856
O,O,N,COLLECT COD,Manufacturer#3,2-HIGH,2,FURNITURE,REG AIR,6,0,18,Brand#34,MED CASE,22,3,2,3981.1068
O,O,N,NONE,Manufacturer#2,2-HIGH,2,FURNITURE,AIR,5,0.06,18,Brand#25,JUMBO JAR,13,38,2,63239.144
F,F,A,DELIVER IN PERSON,Manufacturer#1,2-HIGH,4,BUILDING,AIR,3,0.08,12,Brand#15,WRAP BAG,6,31,0,52977.8592
F,F,A,NONE,Manufacturer#2,2-HIGH,4,BUILDING,RAIL,2,0.02,18,Brand#25,WRAP CASE,21,14,2,19578.86
F,F,R,TAKE BACK RETURN,Manufacturer#2,5-LOW,0,MACHINERY,SHIP,4,0.01,21,Brand#24,LG BOX,12,24,1,43110.5136
F,F,R,DELIVER IN PERSON,Manufacturer#3,5-LOW,0,MACHINERY,FOB,3,0.03,18,Brand#35,JUMBO JAR,28,35,2,55830.796
F,F,R,COLLECT COD,Manufacturer#4,5-LOW,2,MACHINERY,AIR,3,0.06,18,Brand#43,JUMBO CAN,37,39,2,46028.697
F,F,A,TAKE BACK RETURN,Manufacturer#3,5-LOW,2,MACHINERY,RAIL,2,0.04,21,Brand#31,JUMBO DRUM,23,3,1,3264.5943
O,O,N,TAKE BACK RETURN,Manufacturer#3,5-LOW,1,BUILDING,REG AIR,2,0.05,12,Brand#35,LG BOX,42,10,0,12522.24
O,O,N,DELIVER IN PERSON,Manufacturer#3,5-LOW,1,BUILDING,FOB,5,0.01,9,Brand#31,SM PKG,27,24,4,32577.156
O,O,N,DELIVER IN PERSON,Manufacturer#1,5-LOW,1,BUILDING,RAIL,1,0.06,12,Brand#12,SM BAG,8,42,0,62478.108
F,F,R,COLLECT COD,Manufacturer#4,4-NOT SPECIFIED,1,MACHINERY,REG AIR,1,0.07,21,Brand#44,LG BOX,26,14,1,21289.177
F,F,A,TAKE BACK RETURN,Manufacturer#1,1-URGENT,4,AUTOMOBILE,SHIP,2,0.05,21,Brand#11,JUMBO PKG,29,28,1,28733.5216
O,O,N,COLLECT COD,Manufacturer#5,2-HIGH,0,AUTOMOBILE,REG AIR,3,0.01,21,Brand#54,LG BOX,4,28,1,48510.0784
F,F,A,NONE,Manufacturer#1,2-HIGH,2,BUILDING,RAIL,5,0.02,9,Brand#12,MED CASE,49,19,4,25370.4872
F,F,A,COLLECT COD,Manufacturer#3,2-HIGH,2,BUILDING,TRUCK,2,0.01,18,Brand#32,MED DRUM,8,4,2,6174.56
F,F,A,NONE,Manufacturer#4,2-HIGH,2,BUILDING,FOB,3,0.05,8,Brand#43,LG PKG,15,9,3,9406.206
O,O,N,DELIVER IN PERSON,Manufacturer#4,5-LOW,2,MACHINERY,AIR,2,0.04,9,Brand#43,MED DRUM,43,34,4,34168.6026
F,F,A,COLLECT COD,Manufacturer#1,2-HIGH,2,AUTOMOBILE,SHIP,2,0.02,9,Brand#15,SM JAR,25,19,4,26908.0812
F,F,A,TAKE BACK RETURN,Manufacturer#5,5-LOW,0,AUTOMOBILE,SHIP,1,0.01,8,Brand#55,LG BAG,45,6,3,8998.9218
O,P,N,DELIVER IN PERSON,Manufacturer#1,5-LOW,4,BUILDING,RAIL,2,0.05,21,Brand#15,LG DRUM,17,44,1,69879.986
O,O,N,DELIVER IN PERSON,Manufacturer#1,2-HIGH,3,FURNITURE,SHIP,2,0.08,21,Brand#11,LG PACK,16,18,1,23786.4816
O,O,N,DELIVER IN PERSON,Manufacturer#5,1-URGENT,4,HOUSEHOLD,AIR,1,0.05,8,Brand#53,MED PACK,1,31,3,45657.4944
F,F,R,TAKE BACK RETURN,Manufacturer#4,5-LOW,2,HOUSEHOLD,AIR,7,0.03,21,Brand#44,MED PACK,44,2,1,3323.1744
O,O,N,TAKE BACK RETURN,Manufacturer#3,5-LOW,2,FURNITURE,AIR,7,0.05,21,Brand#31,SM PKG,4,6,1,5327.1312
O,O,N,TAKE BACK RETURN,Manufacturer#1,5-LOW,2,FURNITURE,MAIL,3,0.05,21,Brand#11,WRAP BOX,13,11,1,17491.914
O,O,N,DELIVER IN PERSON,Manufacturer#4,5-LOW,2,FURNITURE,SHIP,1,0.05,18,Brand#42,JUMBO BOX,10,42,2,56438.949
O,O,N,NONE,Manufacturer#4,2-HIGH,3,FURNITURE,RAIL,1,0.05,8,Brand#43,MED BOX,10,18,3,31690.6524
F,F,A,NONE,Manufacturer#3,2-HIGH,3,AUTOMOBILE,RAIL,2,0.05,21,Brand#33,MED PACK,33,20,1,25607.4
F,F,A,TAKE BACK RETURN,Manufacturer#2,1-URGENT,4,MACHINERY,FOB,2,0.02,18,Brand#22,WRAP CAN,1,37,2,52814.6473
F,F,A,DELIVER IN PERSON,Manufacturer#3,1-URGENT,4,MACHINERY,MAIL,1,0.02,12,Brand#34,MED BAG,44,26,0,27121.64
O,O,N,TAKE BACK RETURN,Manufacturer#1,3-MEDIUM,0,FURNITURE,FOB,3,0.08,21,Brand#12,JUMBO DRUM,12,7,1,6471.7632
O,O,N,DELIVER IN PERSON,Manufacturer#5,3-MEDIUM,0,FURNITURE,RAIL,2,0.07,9,Brand#55,JUMBO CASE,35,42,4,70896.189
F,F,A,NONE,Manufacturer#3,2-HIGH,0,AUTOMOBILE,AIR,4,0.04,9,Brand#35,JUMBO BOX,28,37,4,58912.3472
O,O,N,NONE,Manufacturer#4,4-NOT SPECIFIED,1,BUILDING,REG AIR,3,0.06,9,Brand#41,JUMBO DRUM,31,49,4,79786.2345
O,O,N,COLLECT COD,Manufacturer#4,4-NOT SPECIFIED,1,BUILDING,RAIL,2,0.02,18,Brand#41,SM PACK,43,24,2,25302.2976
F,F,R,NONE,Manufacturer#3,1-URGENT,0,FURNITURE,RAIL,1,0.02,8,Brand#31,SM JAR,24,24,3,32280.4944
F,F,R,COLLECT COD,Manufacturer#5,5-LOW,1,FURNITURE,TRUCK,6,0.02,21,Brand#52,LG BOX,45,44,1,38548.2768
F,F,R,NONE,Manufacturer#4,5-LOW,1,FURNITURE,AIR,4,0.02,8,Brand#41,SM JAR,11,50,3,56705.25
O,O,N,COLLECT COD,Manufacturer#4,3-MEDIUM,0,AUTOMOBILE,REG AIR,1,0.01,18,Brand#41,SM CAN,47,12,2,10568.028
O,O,N,TAKE BACK RETURN,Manufacturer#2,5-LOW,0,FURNITURE,SHIP,4,0.03,12,Brand#22,SM BAG,5,34,0,33907.3976
O,O,N,NONE,Manufacturer#2,5-LOW,2,BUILDING,FOB,2,0.06,18,Brand#24,JUMBO BOX,47,13,2,20689.6053
O,O,N,TAKE BACK RETURN,Manufacturer#2,5-LOW,2,BUILDING,SHIP,6,0.04,9,Brand#25,MED CAN,25,25,4,23389.74
F,F,R,NONE,Manufacturer#5,5-LOW,4,HOUSEHOLD,SHIP,2,0.07,18,Brand#54,MED CAN,9,2,2,2154.5964
F,F,R,NONE,Manufacturer#2,4-NOT SPECIFIED,4,HOUSEHOLD,AIR,1,0.05,9,Brand#25,SM CAN,18,33,4,45917.685
F,F,R,DELIVER IN PERSON,Manufacturer#1,4-NOT SPECIFIED,4,HOUSEHOLD,SHIP,3,0.05,12,Brand#11,MED BOX,25,28,0,33014.492
O,O,N,NONE,Manufacturer#3,5-LOW,0,FURNITURE,FOB,1,0.03,9,Brand#32,LG CAN,33,48,4,51302.0736
F,F,R,TAKE BACK RETURN,Manufacturer#2,1-URGENT,1,BUILDING,SHIP,3,0.06,9,Brand#25,JUMBO CASE,22,29,4,38666.425
F,F,A,NONE,Manufacturer#1,1-URGENT,1,BUILDING,SHIP,5,0.05,18,Brand#13,JUMBO PKG,7,27,2,23597.19
F,F,R,DELIVER IN PERSON,Manufacturer#1,1-URGENT,1,BUILDING,AIR,1,0.02,9,Brand#11,MED PKG,34,37,4,54384.0948
F,F,A,TAKE BACK RETURN,Manufacturer#2,4-NOT SPECIFIED,2,BUILDING,MAIL,1,0.05,21,Brand#24,SM DRUM,10,47,1,41923.53
F,F,A,TAKE BACK RETURN,Manufacturer#2,4-NOT SPECIFIED,2,BUILDING,FOB,6,0.03,12,Brand#25,LG DRUM,13,5,0,8103.375
F,F,A,TAKE BACK RETURN,Manufacturer#4,4-NOT SPECIFIED,2,BUILDING,RAIL,2,0.04,18,Brand#41,SM BOX,33,20,2,23527.944
O,O,N,TAKE BACK RETURN,Manufacturer#1,5-LOW,0,AUTOMOBILE,REG AIR,4,0.05,21,Brand#15,MED PACK,22,23,1,28182.36
O,O,N,NONE,Manufacturer#1,5-LOW,0,AUTOMOBILE,RAIL,5,0.07,12,Brand#15,LG PACK,50,43,0,73485.4176
O,O,N,DELIVER IN PERSON,Manufacturer#2,4-NOT SPECIFIED,4,MACHINERY,FOB,6,0.08,12,Brand#22,JUMBO PKG,35,12,0,10833.6228
O,O,N,TAKE BACK RETURN,Manufacturer#3,4-NOT SPECIFIED,4,MACHINERY,MAIL,4,0.04,21,Brand#34,WRAP JAR,17,27,1,32073.678
O,O,N,COLLECT COD,Manufacturer#2,4-NOT SPECIFIED,4,MACHINERY,RAIL,7,0,8,Brand#24,JUMBO CAN,13,23,3,37045.1616
O,O,N,TAKE BACK RETURN,Manufacturer#1,2-HIGH,2,BUILDING,FOB,5,0.04,8,Brand#13,JUMBO PACK,39,13,3,15644.2286
O,O,N,DELIVER IN PERSON,Manufacturer#3,2-HIGH,2,BUILDING,AIR,7,0.06,9,Brand#32,MED CASE,15,2,4,2588.9864
O,O,N,COLLECT COD,Manufacturer#5,2-HIGH,2,BUILDING,FOB,3,0.02,8,Brand#51,SM PKG,44,47,3,62896.2789
O,O,N,COLLECT COD,Manufacturer#4,2-HIGH,2,BUILDING,MAIL,2,0.05,9,Brand#43,JUMBO BAG,41,37,4,55975.4352
O,O,N,DELIVER IN PERSON,Manufacturer#1,2-HIGH,2,BUILDING,RAIL,6,0.08,8,Brand#11,LG CASE,39,15,3,22600.9875
F,F,R,DELIVER IN PERSON,Manufacturer#4,1-URGENT,0,HOUSEHOLD,RAIL,7,0.04,8,Brand#41,WRAP CASE,50,4,3,5152.4872
F,F,A,TAKE BACK RETURN,Manufacturer#3,1-URGENT,0,HOUSEHOLD,FOB,5,0.07,8,Brand#35,LG DRUM,19,10,3,11334.15
F,F,R,COLLECT COD,Manufacturer#5,1-URGENT,0,HOUSEHOLD,TRUCK,1,0,8,Brand#55,LG BAG,36,38,3,41021.5624
F,F,A,TAKE BACK RETURN,Manufacturer#4,1-URGENT,0,HOUSEHOLD,TRUCK,3,0.02,18,Brand#45,SM PACK,3,18,2,30290.2578
O,O,N,DELIVER IN PERSON,Manufacturer#5,5-LOW,4,HOUSEHOLD,SHIP,2,0.04,8,Brand#51,JUMBO CASE,33,27,3,29508.4566
O,O,N,NONE,Manufacturer#2,5-LOW,4,HOUSEHOLD,RAIL,3,0.07,8,Brand#24,JUMBO PACK,39,23,3,28363.209
F,F,A,NONE,Manufacturer#5,3-MEDIUM,1,AUTOMOBILE,MAIL,7,0,21,Brand#54,LG DRUM,5,4,1,6336.6212
F,F,R,NONE,Manufacturer#5,2-HIGH,0,AUTOMOBILE,FOB,4,0.01,9,Brand#55,LG JAR,38,41,4,51769.5684
O,O,N,DELIVER IN PERSON,Manufacturer#4,3-MEDIUM,0,FURNITURE,SHIP,3,0.01,21,Brand#44,JUMBO PKG,46,2,1,1785.6384
F,F,R,COLLECT COD,Manufacturer#3,4-NOT SPECIFIED,2,FURNITURE,FOB,7,0.02,21,Brand#32,WRAP PKG,38,12,1,13244.3472
F,F,R,TAKE BACK RETURN,Manufacturer#4,4-NOT SPECIFIED,2,FURNITURE,SHIP,3,0.01,9,Brand#44,WRAP CAN,19,36,4,60964.4016
F,F,R,DELIVER IN PERSON,Manufacturer#3,5-LOW,2,FURNITURE,MAIL,4,0.01,18,Brand#34,LG CASE,20,31,2,41956.95
F,F,R,NONE,Manufacturer#4,3-MEDIUM,4,BUILDING,RAIL,6,0,18,Brand#42,MED PKG,40,40,2,51317.232
F,F,A,NONE,Manufacturer#4,3-MEDIUM,4,BUILDING,SHIP,2,0.06,8,Brand#41,SM CAN,4,42,3,51166.962
F,F,R,DELIVER IN PERSON,Manufacturer#5,5-LOW,4,FURNITURE,TRUCK,7,0.07,21,Brand#51,MED CAN,10,27,1,47602.6551
O,O,N,DELIVER IN PERSON,Manufacturer#5,4-NOT SPECIFIED,2,FURNITURE,FOB,4,0.01,21,Brand#54,JUMBO JAR,48,12,1,14512.3524
O,O,N,TAKE BACK RETURN,Manufacturer#5,3-MEDIUM,0,AUTOMOBILE,SHIP,4,0.07,18,Brand#53,JUMBO PKG,47,5,2,6989.948
O,O,N,NONE,Manufacturer#1,3-MEDIUM,0,AUTOMOBILE,TRUCK,2,0.02,18,Brand#15,LG CASE,25,23,2,24458.8509
O,O,N,NONE,Manufacturer#5,1-URGENT,3,MACHINERY,REG AIR,2,0.05,21,Brand#53,WRAP CAN,49,48,1,76414.752
O,O,N,TAKE BACK RETURN,Manufacturer#4,1-URGENT,3,MACHINERY,RAIL,5,0.06,21,Brand#45,MED CASE,23,45,1,46584.108
O,O,N,TAKE BACK RETURN,Manufacturer#3,1-URGENT,3,MACHINERY,MAIL,7,0.06,9,Brand#31,MED JAR,21,16,4,21479.8752
F,F,N,NONE,Manufacturer#4,2-HIGH,2,FURNITURE,FOB,6,0.04,8,Brand#45,JUMBO PACK,26,22,3,21649.76
O,O,N,DELIVER IN PERSON,Manufacturer#5,4-NOT SPECIFIED,0,MACHINERY,SHIP,2,0.05,12,Brand#54,LG CAN,35,33,0,33743.3415
F,F,R,NONE,Manufacturer#2,4-NOT SPECIFIED,1,AUTOMOBILE,AIR,5,0.03,18,Brand#24,JUMBO BOX,47,7,2,10451.4501
F,F,R,TAKE BACK RETURN,Manufacturer#1,4-NOT SPECIFIED,1,AUTOMOBILE,REG AIR,6,0.04,18,Brand#15,JUMBO JAR,49,26,2,46907.1512
F,F,R,DELIVER IN PERSON,Manufacturer#3,4-NOT SPECIFIED,1,AUTOMOBILE,AIR,1,0.02,18,Brand#32,JUMBO JAR,21,46,2,83571.9214
F,F,A,TAKE BACK RETURN,Manufacturer#5,4-NOT SPECIFIED,1,AUTOMOBILE,SHIP,3,0.02,9,Brand#53,MED JAR,40,25,4,37603.2625
F,F,R,TAKE BACK RETURN,Manufacturer#4,1-URGENT,2,FURNITURE,TRUCK,1,0.02,9,Brand#43,LG PACK,44,18,4,23605.38
O,O,N,COLLECT COD,Manufacturer#3,5-LOW,4,AUTOMOBILE,AIR,1,0,18,Brand#33,SM PKG,7,28,2,30903.4768
O,O,N,DELIVER IN PERSON,Manufacturer#3,5-LOW,4,AUTOMOBILE,SHIP,4,0.05,21,Brand#32,WRAP CAN,48,37,1,41669.955
F,P,R,TAKE BACK RETURN,Manufacturer#3,3-MEDIUM,3,HOUSEHOLD,REG AIR,4,0,18,Brand#35,LG PKG,5,41,2,60687.7818
F,F,A,COLLECT COD,Manufacturer#2,1-URGENT,3,HOUSEHOLD,TRUCK,2,0.03,18,Brand#21,LG DRUM,21,27,2,37299.744
F,F,R,DELIVER IN PERSON,Manufacturer#5,5-LOW,2,MACHINERY,MAIL,1,0,9,Brand#51,SM PKG,1,32,4,54938.016
F,F,A,COLLECT COD,Manufacturer#3,2-HIGH,3,BUILDING,REG AIR,4,0.01,18,Brand#33,JUMBO CAN,14,23,2,38832.579
F,F,R,NONE,Manufacturer#3,2-HIGH,3,BUILDING,REG AIR,2,0.01,9,Brand#35,WRAP BOX,14,9,4,10208.916
O,O,N,COLLECT COD,Manufacturer#1,2-HIGH,2,AUTOMOBILE,MAIL,1,0.01,18,Brand#13,WRAP JAR,27,45,2,45693.333
O,O,N,COLLECT COD,Manufacturer#3,5-LOW,4,HOUSEHOLD,REG AIR,3,0.08,21,Brand#32,MED PKG,5,10,1,11623.413
O,O,N,COLLECT COD,Manufacturer#2,5-LOW,4,HOUSEHOLD,MAIL,5,0.02,12,Brand#25,SM PACK,28,42,0,65391.6186
F,F,A,TAKE BACK RETURN,Manufacturer#2,1-URGENT,3,FURNITURE,SHIP,1,0.08,9,Brand#21,MED BOX,32,19,4,19610.8367
F,F,A,DELIVER IN PERSON,Manufacturer#2,1-URGENT,3,FURNITURE,SHIP,3,0.06,8,Brand#22,JUMBO CAN,42,15,3,23636.778
F,F,A,COLLECT COD,Manufacturer#4,1-URGENT,2,AUTOMOBILE,SHIP,3,0.02,9,Brand#41,MED CAN,15,35,4,31098.5395
F,F,A,TAKE BACK RETURN,Manufacturer#5,4-NOT SPECIFIED,3,FURNITURE,RAIL,2,0,21,Brand#51,LG CAN,8,30,1,48837.606
O,O,N,NONE,Manufacturer#1,4-NOT SPECIFIED,1,BUILDING,RAIL,1,0.07,21,Brand#11,MED CASE,36,7,1,7523.5944
O,O,N,COLLECT COD,Manufacturer#5,4-NOT SPECIFIED,0,AUTOMOBILE,SHIP,1,0.05,9,Brand#52,LG BAG,32,24,4,24517.332
O,O,N,COLLECT COD,Manufacturer#2,4-NOT SPECIFIED,0,AUTOMOBILE,RAIL,2,0.03,18,Brand#25,SM CAN,1,37,2,48604.7022
F,F,A,DELIVER IN PERSON,Manufacturer#3,1-URGENT,1,FURNITURE,MAIL,7,0.07,21,Brand#32,LG PKG,36,9,1,10450.836
F,F,R,COLLECT COD,Manufacturer#3,1-URGENT,1,FURNITURE,TRUCK,2,0.03,18,Brand#33,JUMBO JAR,3,33,2,35450.7846
F,F,A,NONE,Manufacturer#2,3-MEDIUM,3,BUILDING,SHIP,3,0.04,18,Brand#22,WRAP DRUM,23,13,2,12636.91
O,O,N,DELIVER IN PERSON,Manufacturer#5,4-NOT SPECIFIED,3,HOUSEHOLD,RAIL,2,0,9,Brand#54,JUMBO BOX,49,18,4,31132.1304
O,O,N,COLLECT COD,Manufacturer#1,5-LOW,0,FURNITURE,AIR,3,0.06,21,Brand#14,MED BOX,1,35,1,48052.095
F,F,A,COLLECT COD,Manufacturer#3,3-MEDIUM,4,MACHINERY,AIR,1,0.04,9,Brand#35,WRAP BOX,14,1,4,1209.9456
O,O,N,COLLECT COD,Manufacturer#3,2-HIGH,3,BUILDING,TRUCK,5,0.01,9,Brand#34,SM PACK,48,14,4,16649.92
F,F,A,NONE,Manufacturer#2,5-LOW,3,HOUSEHOLD,SHIP,7,0.05,9,Brand#23,SM PACK,20,14,4,23142.6216
F,F,A,TAKE BACK RETURN,Manufacturer#4,5-LOW,3,HOUSEHOLD,RAIL,2,0.05,21,Brand#42,SM PACK,30,43,1,68462.9918
F,F,A,NONE,Manufacturer#1,3-MEDIUM,4,HOUSEHOLD,TRUCK,1,0.05,12,Brand#13,WRAP PACK,28,21,0,20097.4914
F,F,R,TAKE BACK RETURN,Manufacturer#1,3-MEDIUM,4,HOUSEHOLD,TRUCK,4,0.08,12,Brand#11,LG PKG,12,18,0,27370.98
O,O,N,DELIVER IN PERSON,Manufacturer#5,3-MEDIUM,4,FURNITURE,AIR,2,0.04,18,Brand#52,LG BAG,41,38,2,67749.44
O,O,N,DELIVER IN PERSON,Manufacturer#2,3-MEDIUM,4,FURNITURE,TRUCK,3,0,8,Brand#25,WRAP BOX,43,3,3,2651.0391
F,F,A,NONE,Manufacturer#3,3-MEDIUM,2,BUILDING,SHIP,4,0.06,21,Brand#32,LG CAN,1,25,1,26795.64
F,F,A,DELIVER IN PERSON,Manufacturer#4,5-LOW,1,MACHINERY,AIR,2,0.06,8,Brand#44,MED PACK,44,7,3,11631.1104
O,O,N,NONE,Manufacturer#2,2-HIGH,0,HOUSEHOLD,SHIP,3,0.03,8,Brand#22,SM PACK,50,33,3,46682.4468
F,F,R,DELIVER IN PERSON,Manufacturer#3,3-MEDIUM,1,BUILDING,MAIL,1,0.06,18,Brand#31,MED PKG,24,30,2,47920.134
F,F,R,DELIVER IN PERSON,Manufacturer#5,4-NOT SPECIFIED,0,FURNITURE,RAIL,2,0.02,18,Brand#51,MED JAR,11,16,2,19598.576
F,F,A,COLLECT COD,Manufacturer#5,2-HIGH,0,FURNITURE,TRUCK,2,0.07,9,Brand#55,WRAP CASE,11,23,4,19947.3365
F,F,R,TAKE BACK RETURN,Manufacturer#4,2-HIGH,0,FURNITURE,FOB,6,0.08,9,Brand#43,LG PACK,44,5,4,6229.1975
O,P,N,DELIVER IN PERSON,Manufacturer#2,5-LOW,1,BUILDING,REG AIR,4,0.08,18,Brand#21,LG DRUM,21,10,2,14715.68
F,F,R,DELIVER IN PERSON,Manufacturer#5,1-URGENT,1,MACHINERY,AIR,3,0.08,9,Brand#52,JUMBO CASE,39,9,4,12393.567
O,O,N,NONE,Manufacturer#3,5-LOW,1,BUILDING,MAIL,1,0.06,9,Brand#32,LG BOX,1,49,4,48676.4236
O,O,N,COLLECT COD,Manufacturer#5,5-LOW,1,BUILDING,MAIL,2,0.01,18,Brand#52,LG PKG,39,9,2,10339.4214
O,O,N,NONE,Manufacturer#3,5-LOW,1,BUILDING,TRUCK,4,0.05,12,Brand#33,LG CAN,16,32,0,42317.44
O,O,N,NONE,Manufacturer#3,5-LOW,2,BUILDING,REG AIR,2,0.01,18,Brand#31,WRAP BAG,5,9,2,15168.3804
O,O,N,COLLECT COD,Manufacturer#1,5-LOW,2,BUILDING,RAIL,1,0.05,18,Brand#14,JUMBO JAR,21,40,2,68787.356
O,O,N,DELIVER IN PERSON,Manufacturer#1,3-MEDIUM,2,BUILDING,AIR,2,0.06,9,Brand#14,WRAP BAG,45,28,4,39709.7316
O,O,N,NONE,Manufacturer#5,3-MEDIUM,2,BUILDING,SHIP,1,0.03,21,Brand#55,SM PACK,36,7,1,10003.4613
F,F,A,DELIVER IN PERSON,Manufacturer#4,2-HIGH,0,BUILDING,MAIL,5,0.03,9,Brand#42,WRAP PKG,38,37,4,53497.2751
F,F,R,DELIVER IN PERSON,Manufacturer#5,2-HIGH,0,BUILDING,TRUCK,1,0.08,9,Brand#54,LG CASE,42,33,4,35223.8139
O,O,N,DELIVER IN PERSON,Manufacturer#5,1-URGENT,1,FURNITURE,SHIP,6,0.06,21,Brand#54,LG CAN,35,44,1,45454.948
O,O,N,COLLECT COD,Manufacturer#1,5-LOW,2,HOUSEHOLD,SHIP,5,0,8,Brand#13,SM BAG,29,7,3,10837.1032
O,O,N,NONE,Manufacturer#1,5-LOW,2,HOUSEHOLD,AIR,2,0.06,18,Brand#14,WRAP PKG,40,4,2,5464.98
F,F,R,NONE,Manufacturer#5,1-URGENT,0,HOUSEHOLD,FOB,1,0.02,21,Brand#51,JUMBO PACK,49,50,1,69917.4
F,F,A,TAKE BACK RETURN,Manufacturer#2,5-LOW,4,FURNITURE,FOB,6,0.04,12,Brand#22,SM BAG,8,40,0,66710.56
F,F,R,COLLECT COD,Manufacturer#2,5-LOW,4,FURNITURE,REG AIR,2,0.08,8,Brand#21,JUMBO CAN,29,4,3,5964.9772
O,O,N,TAKE BACK RETURN,Manufacturer#2,3-MEDIUM,0,MACHINERY,MAIL,3,0.08,18,Brand#25,LG JAR,11,8,2,8642.6272
O,O,N,NONE,Manufacturer#2,3-MEDIUM,4,BUILDING,TRUCK,2,0.08,9,Brand#21,SM PKG,10,42,4,49192.92
F,F,A,DELIVER IN PERSON,Manufacturer#3,1-URGENT,0,BUILDING,MAIL,1,0.05,9,Brand#32,MED CASE,15,49,4,64824.2364
F,F,A,DELIVER IN PERSON,Manufacturer#2,2-HIGH,3,HOUSEHOLD,TRUCK,1,0.05,21,Brand#21,WRAP DRUM,31,20,1,18954.376
F,F,R,NONE,Manufacturer#5,1-URGENT,3,AUTOMOBILE,FOB,6,0.04,21,Brand#53,LG CASE,27,23,1,31014.5386
F,F,A,NONE,Manufacturer#5,1-URGENT,3,AUTOMOBILE,MAIL,3,0.03,12,Brand#54,SM CAN,32,22,0,33370.4976
O,O,N,DELIVER IN PERSON,Manufacturer#5,4-NOT SPECIFIED,4,HOUSEHOLD,REG AIR,2,0.05,8,Brand#54,JUMBO DRUM,2,40,3,43765.92
O,O,N,TAKE BACK RETURN,Manufacturer#3,2-HIGH,3,HOUSEHOLD,SHIP,1,0.08,18,Brand#34,JUMBO JAR,20,21,2,26412.561
O,O,N,COLLECT COD,Manufacturer#4,2-HIGH,3,HOUSEHOLD,TRUCK,3,0,18,Brand#45,JUMBO CAN,38,26,2,37175.112
O,O,N,NONE,Manufacturer#4,2-HIGH,3,HOUSEHOLD,FOB,2,0.04,21,Brand#42,SM CAN,44,41,1,65723.6314
O,O,N,NONE,Manufacturer#4,2-HIGH,3,HOUSEHOLD,AIR,5,0,18,Brand#43,WRAP CAN,44,45,2,80312.9445
O,O,N,DELIVER IN PERSON,Manufacturer#1,2-HIGH,1,HOUSEHOLD,AIR,2,0.07,21,Brand#12,LG PKG,1,35,1,38121.5835
O,O,N,COLLECT COD,Manufacturer#4,2-HIGH,1,HOUSEHOLD,AIR,1,0.07,8,Brand#43,SM BAG,46,43,3,41444.5395
F,F,R,DELIVER IN PERSON,Manufacturer#3,2-HIGH,1,AUTOMOBILE,FOB,1,0.05,21,Brand#31,LG JAR,32,47,1,56273.1047
O,O,N,TAKE BACK RETURN,Manufacturer#5,2-HIGH,0,AUTOMOBILE,FOB,5,0.08,9,Brand#55,JUMBO DRUM,2,43,4,55869.2937
O,O,N,COLLECT COD,Manufacturer#5,2-HIGH,0,AUTOMOBILE,TRUCK,1,0.06,9,Brand#51,SM CAN,8,8,4,11736.1632
O,O,N,DELIVER IN PERSON,Manufacturer#3,2-HIGH,2,HOUSEHOLD,RAIL,2,0.01,9,Brand#31,MED BOX,46,2,4,3230.764
F,P,R,DELIVER IN PERSON,Manufacturer#5,4-NOT SPECIFIED,0,HOUSEHOLD,FOB,5,0.02,12,Brand#53,JUMBO PKG,10,39,0,69875.559
F,P,R,NONE,Manufacturer#2,4-NOT SPECIFIED,0,HOUSEHOLD,TRUCK,2,0.05,21,Brand#25,SM BOX,35,35,1,63075.299
O,O,N,DELIVER IN PERSON,Manufacturer#4,4-NOT SPECIFIED,1,HOUSEHOLD,TRUCK,5,0.07,18,Brand#42,SM CASE,16,9,2,9676.53
F,F,R,DELIVER IN PERSON,Manufacturer#3,1-URGENT,0,BUILDING,REG AIR,4,0.07,21,Brand#35,MED DRUM,34,49,1,68429.1517
O,P,N,NONE,Manufacturer#2,2-HIGH,3,BUILDING,MAIL,1,0.03,12,Brand#25,JUMBO CASE,22,37,0,51929.5
F,F,R,NONE,Manufacturer#1,5-LOW,2,MACHINERY,MAIL,2,0.05,21,Brand#13,MED JAR,38,33,1,45688.6683
F,F,A,NONE,Manufacturer#3,5-LOW,2,MACHINERY,RAIL,1,0.02,18,Brand#31,WRAP BAG,5,33,2,54408.321
F,F,R,NONE,Manufacturer#3,4-NOT SPECIFIED,0,BUILDING,RAIL,1,0.05,9,Brand#34,LG JAR,10,36,4,57756.276
F,F,R,NONE,Manufacturer#1,4-NOT SPECIFIED,0,BUILDING,RAIL,5,0,9,Brand#12,SM JAR,23,36,4,52210.404
O,O,N,TAKE BACK RETURN,Manufacturer#2,2-HIGH,3,BUILDING,FOB,3,0.02,12,Brand#24,SM PACK,30,46,0,46197.5424
F,F,R,DELIVER IN PERSON,Manufacturer#3,3-MEDIUM,4,HOUSEHOLD,REG AIR,1,0.02,8,Brand#32,LG PKG,36,21,3,35129.157
O,O,N,DELIVER IN PERSON,Manufacturer#2,1-URGENT,1,MACHINERY,REG AIR,4,0.01,18,Brand#25,WRAP CASE,50,11,2,18610.8626
F,F,R,COLLECT COD,Manufacturer#3,3-MEDIUM,1,FURNITURE,FOB,5,0,9,Brand#32,MED PACK,16,8,4,11232.4608
F,F,R,NONE,Manufacturer#4,3-MEDIUM,1,FURNITURE,REG AIR,2,0.06,21,Brand#43,MED BAG,4,1,1,1668.3168
F,F,A,NONE,Manufacturer#5,3-MEDIUM,1,FURNITURE,AIR,3,0.08,12,Brand#51,SM CAN,8,13,0,18665.4936
O,P,N,TAKE BACK RETURN,Manufacturer#2,1-URGENT,0,AUTOMOBILE,FOB,3,0.01,18,Brand#25,WRAP CAN,22,45,2,79734.654
O,O,N,TAKE BACK RETURN,Manufacturer#4,1-URGENT,3,HOUSEHOLD,AIR,1,0.03,21,Brand#43,SM CASE,20,31,1,43632.5
O,O,N,TAKE BACK RETURN,Manufacturer#5,2-HIGH,1,BUILDING,REG AIR,6,0,9,Brand#51,MED CASE,27,41,4,59046.9208
O,O,N,DELIVER IN PERSON,Manufacturer#3,5-LOW,1,BUILDING,SHIP,5,0.06,8,Brand#31,JUMBO DRUM,48,13,3,15011.1598
O,O,N,TAKE BACK RETURN,Manufacturer#4,5-LOW,1,BUILDING,AIR,7,0.02,9,Brand#41,JUMBO DRUM,31,24,4,39919.38
O,O,N,TAKE BACK RETURN,Manufacturer#2,2-HIGH,2,BUILDING,TRUCK,2,0.01,21,Brand#21,LG CAN,33,40,1,43434.304
F,F,R,DELIVER IN PERSON,Manufacturer#3,5-LOW,4,BUILDING,RAIL,2,0.03,12,Brand#33,MED PKG,24,14,0,19753.1544
F,F,R,COLLECT COD,Manufacturer#5,1-URGENT,4,MACHINERY,REG AIR,3,0.04,18,Brand#53,WRAP PACK,29,44,2,38100.48
F,F,R,NONE,Manufacturer#4,1-URGENT,4,MACHINERY,AIR,6,0.07,9,Brand#41,JUMBO DRUM,31,33,4,57778.05
F,F,A,TAKE BACK RETURN,Manufacturer#3,1-URGENT,4,MACHINERY,TRUCK,2,0.02,18,Brand#33,JUMBO PKG,10,11,2,12543.0305
F,F,R,COLLECT COD,Manufacturer#1,2-HIGH,1,HOUSEHOLD,MAIL,1,0.05,12,Brand#13,MED PKG,6,31,0,30723.79
F,F,R,DELIVER IN PERSON,Manufacturer#5,2-HIGH,1,MACHINERY,MAIL,2,0.01,21,Brand#51,LG CAN,8,10,1,16452.385
F,F,A,COLLECT COD,Manufacturer#5,2-HIGH,1,MACHINERY,AIR,4,0.02,21,Brand#51,SM CAN,15,10,1,15647.268
O,O,N,TAKE BACK RETURN,Manufacturer#4,5-LOW,2,BUILDING,REG AIR,3,0.05,9,Brand#41,JUMBO DRUM,31,4,4,6373.094
F,F,R,COLLECT COD,Manufacturer#2,1-URGENT,1,BUILDING,TRUCK,7,0.03,9,Brand#21,MED JAR,8,13,4,14455.8414
O,O,N,DELIVER IN PERSON,Manufacturer#2,4-NOT SPECIFIED,1,BUILDING,FOB,4,0.05,9,Brand#24,JUMBO BOX,27,7,4,10713.7674
O,O,N,DELIVER IN PERSON,Manufacturer#5,4-NOT SPECIFIED,1,BUILDING,REG AIR,3,0.07,21,Brand#52,SM JAR,18,29,1,28954.8441
O,O,N,NONE,Manufacturer#5,4-NOT SPECIFIED,0,BUILDING,FOB,5,0.03,21,Brand#55,MED JAR,12,14,1,20378.0122
O,O,N,DELIVER IN PERSON,Manufacturer#5,4-NOT SPECIFIED,0,BUILDING,MAIL,1,0,18,Brand#53,SM DRUM,11,16,2,20792.4992
O,O,N,NONE,Manufacturer#5,4-NOT SPECIFIED,0,BUILDING,REG AIR,3,0,21,Brand#54,WRAP BOX,31,8,1,10822.9632
F,F,R,DELIVER IN PERSON,Manufacturer#4,4-NOT SPECIFIED,2,MACHINERY,SHIP,1,0.01,18,Brand#42,WRAP JAR,2,49,2,75408.4716
F,F,R,COLLECT COD,Manufacturer#4,4-NOT SPECIFIED,2,MACHINERY,SHIP,4,0.02,8,Brand#45,MED JAR,35,37,3,64373.71
F,F,A,TAKE BACK RETURN,Manufacturer#5,5-LOW,0,BUILDING,MAIL,1,0.07,21,Brand#52,JUMBO PKG,17,15,1,17582.4
O,O,N,TAKE BACK RETURN,Manufacturer#2,3-MEDIUM,0,MACHINERY,AIR,2,0.08,8,Brand#24,SM CAN,14,12,3,13752.8028
F,F,R,DELIVER IN PERSON,Manufacturer#4,4-NOT SPECIFIED,0,FURNITURE,REG AIR,3,0.07,18,Brand#44,LG PACK,21,2,2,2028.996
O,O,N,NONE,Manufacturer#3,3-MEDIUM,4,HOUSEHOLD,FOB,1,0.05,12,Brand#31,JUMBO JAR,38,18,0,27850.2768
O,O,N,COLLECT COD,Manufacturer#1,5-LOW,2,MACHINERY,SHIP,1,0.01,8,Brand#12,WRAP JAR,8,3,3,5146.2744
F,F,R,DELIVER IN PERSON,Manufacturer#3,2-HIGH,2,HOUSEHOLD,MAIL,3,0,18,Brand#34,WRAP CASE,23,9,2,11122.9632
F,F,A,DELIVER IN PERSON,Manufacturer#4,2-HIGH,2,HOUSEHOLD,AIR,2,0.05,21,Brand#44,LG DRUM,18,6,1,7195.1814
F,F,A,TAKE BACK RETURN,Manufacturer#4,2-HIGH,2,HOUSEHOLD,AIR,5,0.07,12,Brand#45,MED JAR,16,23,0,26964.3766
F,F,R,COLLECT COD,Manufacturer#4,2-HIGH,2,HOUSEHOLD,FOB,4,0.08,21,Brand#41,WRAP PACK,24,8,1,8140.5688
F,F,R,DELIVER IN PERSON,Manufacturer#1,2-HIGH,1,BUILDING,AIR,5,0.06,18,Brand#13,WRAP JAR,11,10,2,12769.177
F,F,R,TAKE BACK RETURN,Manufacturer#4,2-HIGH,1,BUILDING,REG AIR,1,0.05,8,Brand#42,JUMBO BOX,10,47,3,66481.97
F,F,A,COLLECT COD,Manufacturer#2,2-HIGH,1,BUILDING,AIR,3,0.08,8,Brand#25,SM BAG,44,18,3,25335.018
O,O,N,TAKE BACK RETURN,Manufacturer#5,2-HIGH,0,MACHINERY,FOB,2,0.05,12,Brand#52,LG BOX,45,15,0,14130.6
O,O,N,TAKE BACK RETURN,Manufacturer#1,3-MEDIUM,2,HOUSEHOLD,FOB,3,0.01,8,Brand#14,LG PKG,30,20,3,19327.818
O,O,N,COLLECT COD,Manufacturer#4,3-MEDIUM,2,HOUSEHOLD,FOB,1,0.08,21,Brand#41,SM CAN,26,3,1,4519.614
O,O,N,TAKE BACK RETURN,Manufacturer#2,3-MEDIUM,4,AUTOMOBILE,MAIL,3,0.08,8,Brand#25,SM CASE,22,24,3,21875.1624
O,O,N,NONE,Manufacturer#1,3-MEDIUM,4,AUTOMOBILE,TRUCK,1,0.03,18,Brand#15,WRAP BOX,48,2,2,3170.1488
F,F,R,TAKE BACK RETURN,Manufacturer#1,2-HIGH,1,AUTOMOBILE,TRUCK,2,0.05,21,Brand#15,LG DRUM,17,1,1,1621.6169
O,O,N,TAKE BACK RETURN,Manufacturer#4,1-URGENT,2,BUILDING,REG AIR,3,0.03,21,Brand#44,LG CAN,25,11,1,18126.0893
O,O,N,NONE,Manufacturer#5,1-URGENT,2,BUILDING,TRUCK,6,0.03,18,Brand#52,JUMBO BOX,46,50,2,61612.945
O,O,N,NONE,Manufacturer#1,1-URGENT,2,BUILDING,AIR,4,0.05,18,Brand#11,WRAP CASE,26,49,2,84240.0552
F,F,R,TAKE BACK RETURN,Manufacturer#2,5-LOW,1,FURNITURE,REG AIR,3,0.08,18,Brand#22,MED CASE,42,13,2,13065.1352
F,F,R,DELIVER IN PERSON,Manufacturer#4,5-LOW,1,FURNITURE,RAIL,2,0,21,Brand#45,JUMBO CAN,13,28,1,33552.12
O,O,N,DELIVER IN PERSON,Manufacturer#3,4-NOT SPECIFIED,1,HOUSEHOLD,SHIP,2,0.05,21,Brand#32,SM JAR,18,24,1,33292.7952
O,O,N,TAKE BACK RETURN,Manufacturer#1,1-URGENT,3,MACHINERY,RAIL,4,0.06,21,Brand#12,WRAP BAG,17,14,1,14351.68
O,O,N,TAKE BACK RETURN,Manufacturer#1,3-MEDIUM,2,FURNITURE,FOB,3,0.08,18,Brand#12,WRAP CASE,20,10,2,14636.08
O,O,N,DELIVER IN PERSON,Manufacturer#5,3-MEDIUM,2,FURNITURE,AIR,4,0.08,8,Brand#51,WRAP CASE,1,30,3,43563.168
F,F,R,DELIVER IN PERSON,Manufacturer#2,3-MEDIUM,2,MACHINERY,SHIP,7,0.08,8,Brand#23,JUMBO PKG,15,17,3,16803.2046
F,F,R,NONE,Manufacturer#5,3-MEDIUM,2,MACHINERY,SHIP,2,0.01,21,Brand#55,SM JAR,18,28,1,40575.9648
F,F,A,DELIVER IN PERSON,Manufacturer#2,3-MEDIUM,0,HOUSEHOLD,MAIL,3,0.08,8,Brand#25,SM CASE,22,8,3,7056.504
F,F,R,NONE,Manufacturer#1,3-MEDIUM,0,HOUSEHOLD,RAIL,2,0.08,18,Brand#11,JUMBO PKG,41,42,2,73580.7744
O,O,N,NONE,Manufacturer#2,3-MEDIUM,0,BUILDING,SHIP,2,0.08,9,Brand#22,MED JAR,8,49,4,52665.1608
O,O,N,TAKE BACK RETURN,Manufacturer#4,3-MEDIUM,0,BUILDING,AIR,3,0.06,21,Brand#43,WRAP CASE,12,50,1,40905
F,F,R,NONE,Manufacturer#4,1-URGENT,4,AUTOMOBILE,MAIL,2,0.01,9,Brand#43,SM JAR,11,27,4,25326.81
O,O,N,DELIVER IN PERSON,Manufacturer#4,5-LOW,3,HOUSEHOLD,SHIP,1,0.05,21,Brand#43,LG DRUM,19,6,1,6092.1588
O,O,N,COLLECT COD,Manufacturer#4,5-LOW,3,HOUSEHOLD,AIR,2,0.03,12,Brand#42,JUMBO CAN,4,31,0,32291.1996
F,F,R,TAKE BACK RETURN,Manufacturer#5,1-URGENT,0,BUILDING,MAIL,3,0.02,8,Brand#55,JUMBO PACK,1,19,3,16826.7743
F,F,R,TAKE BACK RETURN,Manufacturer#4,1-URGENT,0,BUILDING,TRUCK,1,0.06,9,Brand#43,JUMBO CASE,44,10,4,16746.24
O,O,N,DELIVER IN PERSON,Manufacturer#4,3-MEDIUM,4,BUILDING,SHIP,4,0.04,9,Brand#44,WRAP CAN,19,22,4,38457.8304
O,O,N,COLLECT COD,Manufacturer#5,2-HIGH,3,AUTOMOBILE,REG AIR,4,0.06,21,Brand#51,MED CAN,10,34,1,55705.6136
O,O,N,COLLECT COD,Manufacturer#5,2-HIGH,3,AUTOMOBILE,FOB,5,0.05,9,Brand#55,WRAP PACK,50,10,4,14784.952
F,F,A,COLLECT COD,Manufacturer#5,5-LOW,1,MACHINERY,FOB,2,0.05,21,Brand#53,LG BAG,2,15,1,13954.1775
O,O,N,NONE,Manufacturer#3,2-HIGH,0,BUILDING,TRUCK,1,0.01,9,Brand#35,SM CAN,24,25,4,38039.685
O,O,N,NONE,Manufacturer#3,5-LOW,1,BUILDING,RAIL,3,0.08,21,Brand#32,WRAP BOX,46,40,1,41832.672
O,O,N,DELIVER IN PERSON,Manufacturer#2,1-URGENT,0,AUTOMOBILE,FOB,1,0,9,Brand#24,JUMBO DRUM,50,32,4,50136.1408
F,F,R,COLLECT COD,Manufacturer#1,1-URGENT,0,AUTOMOBILE,SHIP,1,0.07,18,Brand#14,WRAP JAR,45,10,2,9181.08
O,O,N,DELIVER IN PERSON,Manufacturer#3,3-MEDIUM,2,FURNITURE,TRUCK,1,0.07,9,Brand#31,SM CASE,3,40,4,59176.32
O,O,N,NONE,Manufacturer#1,1-URGENT,3,AUTOMOBILE,REG AIR,5,0,9,Brand#14,JUMBO JAR,26,32,4,38437.7632
O,O,N,DELIVER IN PERSON,Manufacturer#3,1-URGENT,3,AUTOMOBILE,FOB,3,0.02,18,Brand#32,MED DRUM,8,20,2,30564.072
O,O,N,TAKE BACK RETURN,Manufacturer#5,1-URGENT,3,AUTOMOBILE,MAIL,4,0.05,18,Brand#52,LG BAG,41,29,2,48601.3088
F,F,A,DELIVER IN PERSON,Manufacturer#1,3-MEDIUM,0,AUTOMOBILE,SHIP,3,0.04,12,Brand#15,WRAP BAG,6,29,0,49559.9328
F,F,R,DELIVER IN PERSON,Manufacturer#2,3-MEDIUM,0,AUTOMOBILE,SHIP,5,0.02,9,Brand#24,JUMBO DRUM,50,16,4,25068.0704
F,F,R,TAKE BACK RETURN,Manufacturer#2,3-MEDIUM,0,AUTOMOBILE,AIR,7,0.01,12,Brand#24,JUMBO PACK,39,6,0,7399.098
F,F,A,COLLECT COD,Manufacturer#2,3-MEDIUM,0,AUTOMOBILE,REG AIR,6,0.04,18,Brand#23,JUMBO BOX,40,40,2,74718.4
F,F,R,COLLECT COD,Manufacturer#5,3-MEDIUM,0,AUTOMOBILE,AIR,1,0.07,21,Brand#53,SM BOX,21,12,1,19580.1624
O,O,N,TAKE BACK RETURN,Manufacturer#4,5-LOW,1,HOUSEHOLD,FOB,4,0.03,18,Brand#41,JUMBO JAR,37,1,2,1628.91
O,O,N,DELIVER IN PERSON,Manufacturer#5,5-LOW,1,HOUSEHOLD,FOB,2,0.06,8,Brand#55,SM BAG,26,27,3,44716.0068
O,O,N,NONE,Manufacturer#2,5-LOW,3,BUILDING,FOB,1,0.02,8,Brand#22,JUMBO JAR,7,11,3,16277.4425
O,O,N,DELIVER IN PERSON,Manufacturer#4,3-MEDIUM,3,MACHINERY,MAIL,3,0.06,12,Brand#45,LG DRUM,46,32,0,60127.04
O,O,N,COLLECT COD,Manufacturer#4,3-MEDIUM,3,MACHINERY,RAIL,2,0.02,12,Brand#41,LG CASE,45,16,0,28590.896
O,O,N,NONE,Manufacturer#2,3-MEDIUM,3,MACHINERY,REG AIR,4,0.05,12,Brand#24,MED PKG,4,22,0,25906.32
O,O,N,COLLECT COD,Manufacturer#3,2-HIGH,4,FURNITURE,TRUCK,2,0.06,9,Brand#33,SM DRUM,13,16,4,23968.7616
O,O,N,DELIVER IN PERSON,Manufacturer#3,2-HIGH,0,BUILDING,RAIL,3,0.07,18,Brand#31,SM BOX,20,49,2,47250.1512
O,O,N,NONE,Manufacturer#4,4-NOT SPECIFIED,1,BUILDING,FOB,1,0.04,18,Brand#44,SM BAG,15,19,2,28794.9408
O,O,N,TAKE BACK RETURN,Manufacturer#2,2-HIGH,1,BUILDING,MAIL,4,0.04,12,Brand#25,JUMBO CASE,22,21,0,27410.355
O,O,N,DELIVER IN PERSON,Manufacturer#1,5-LOW,2,BUILDING,TRUCK,1,0.08,9,Brand#13,WRAP CASE,24,35,4,34965.315
O,O,N,NONE,Manufacturer#5,5-LOW,2,BUILDING,MAIL,2,0.03,21,Brand#52,SM PKG,50,20,1,37619.4
F,F,R,COLLECT COD,Manufacturer#5,4-NOT SPECIFIED,3,BUILDING,RAIL,2,0.08,12,Brand#51,SM CAN,8,22,0,30901.068
F,F,R,TAKE BACK RETURN,Manufacturer#1,3-MEDIUM,1,FURNITURE,MAIL,1,0.07,18,Brand#14,WRAP JAR,41,37,2,45701.2493
O,O,N,TAKE BACK RETURN,Manufacturer#5,5-LOW,0,AUTOMOBILE,FOB,5,0.02,18,Brand#52,WRAP DRUM,36,15,2,21265.698
O,O,N,TAKE BACK RETURN,Manufacturer#2,5-LOW,0,AUTOMOBILE,RAIL,1,0.08,18,Brand#24,MED DRUM,1,5,2,8612.9695
O,O,N,DELIVER IN PERSON,Manufacturer#1,5-LOW,0,AUTOMOBILE,RAIL,3,0.07,9,Brand#14,MED CASE,46,18,4,20519.9064
O,O,N,DELIVER IN PERSON,Manufacturer#5,2-HIGH,3,AUTOMOBILE,SHIP,1,0.05,21,Brand#51,SM PKG,1,50,1,80585.1
O,O,N,DELIVER IN PERSON,Manufacturer#5,2-HIGH,1,HOUSEHOLD,AIR,1,0.03,9,Brand#55,WRAP DRUM,42,26,4,46857.499
O,O,N,COLLECT COD,Manufacturer#4,5-LOW,1,FURNITURE,FOB,5,0.06,8,Brand#42,JUMBO BAG,1,21,3,36337.6356
O,O,N,COLLECT COD,Manufacturer#3,1-URGENT,0,FURNITURE,MAIL,3,0.08,12,Brand#35,JUMBO CASE,12,14,0,22512.245
F,F,A,NONE,Manufacturer#1,4-NOT SPECIFIED,0,HOUSEHOLD,FOB,1,0.02,12,Brand#12,JUMBO CAN,37,44,0,66155.7732
F,F,A,COLLECT COD,Manufacturer#4,4-NOT SPECIFIED,0,BUILDING,TRUCK,4,0.01,9,Brand#43,SM CASE,23,49,4,62201.727
O,O,N,COLLECT COD,Manufacturer#1,2-HIGH,2,HOUSEHOLD,MAIL,3,0.01,9,Brand#15,WRAP PACK,34,7,4,10861.55
O,O,N,COLLECT COD,Manufacturer#2,5-LOW,3,FURNITURE,MAIL,1,0.05,12,Brand#23,MED BAG,9,38,0,33025.629
O,O,N,TAKE BACK RETURN,Manufacturer#1,3-MEDIUM,4,BUILDING,SHIP,1,0.03,12,Brand#15,SM PACK,1,16,0,29195.5328
O,O,N,TAKE BACK RETURN,Manufacturer#5,3-MEDIUM,4,BUILDING,FOB,2,0.06,18,Brand#52,WRAP CASE,10,46,2,75493.935
F,F,N,NONE,Manufacturer#1,3-MEDIUM,1,BUILDING,FOB,7,0.01,21,Brand#12,SM BAG,11,18,1,24885.4518
F,F,A,NONE,Manufacturer#3,3-MEDIUM,1,BUILDING,SHIP,4,0.03,12,Brand#32,LG BOX,9,4,0,4870.6664
O,O,N,DELIVER IN PERSON,Manufacturer#4,1-URGENT,1,FURNITURE,SHIP,3,0.08,18,Brand#45,MED JAR,35,40,2,68201.336
O,O,N,COLLECT COD,Manufacturer#2,1-URGENT,1,FURNITURE,AIR,2,0.05,18,Brand#22,SM PACK,19,10,2,12425.686
F,F,R,DELIVER IN PERSON,Manufacturer#1,5-LOW,2,MACHINERY,AIR,6,0.08,18,Brand#12,WRAP CASE,20,14,2,20921.8912
F,F,A,DELIVER IN PERSON,Manufacturer#3,5-LOW,2,MACHINERY,AIR,4,0.03,12,Brand#32,SM PKG,15,9,0,7574.85
O,O,N,COLLECT COD,Manufacturer#5,2-HIGH,1,FURNITURE,FOB,4,0.01,21,Brand#53,SM CAN,36,45,1,65229.3
O,O,N,DELIVER IN PERSON,Manufacturer#4,2-HIGH,1,FURNITURE,SHIP,6,0.08,8,Brand#45,SM CASE,38,29,3,41665.0888
O,O,N,TAKE BACK RETURN,Manufacturer#3,2-HIGH,1,FURNITURE,RAIL,1,0.05,21,Brand#33,JUMBO PKG,48,50,1,81367.56
O,O,N,COLLECT COD,Manufacturer#4,2-HIGH,3,BUILDING,RAIL,6,0.01,18,Brand#44,SM BAG,15,34,2,48844.0498
O,O,N,TAKE BACK RETURN,Manufacturer#5,2-HIGH,3,BUILDING,REG AIR,7,0.05,9,Brand#53,SM CAN,37,9,4,15296.7771
O,O,N,NONE,Manufacturer#5,2-HIGH,3,BUILDING,TRUCK,5,0.06,18,Brand#55,SM BOX,37,44,2,44392.4316
O,O,N,TAKE BACK RETURN,Manufacturer#3,2-HIGH,3,BUILDING,FOB,3,0.03,21,Brand#33,JUMBO CAN,47,31,1,43749.2088
O,O,N,COLLECT COD,Manufacturer#3,3-MEDIUM,4,AUTOMOBILE,RAIL,2,0,18,Brand#34,SM PKG,16,6,2,7781.2542
F,F,R,DELIVER IN PERSON,Manufacturer#3,4-NOT SPECIFIED,2,AUTOMOBILE,MAIL,5,0.07,12,Brand#33,WRAP CASE,17,6,0,9071.343
O,O,N,COLLECT COD,Manufacturer#3,3-MEDIUM,3,MACHINERY,SHIP,2,0.04,9,Brand#34,MED CAN,34,23,4,29681.8933
F,F,A,NONE,Manufacturer#1,2-HIGH,3,AUTOMOBILE,MAIL,1,0.08,21,Brand#11,LG PACK,16,14,1,18689.3784
O,O,N,COLLECT COD,Manufacturer#1,5-LOW,1,MACHINERY,REG AIR,4,0.06,8,Brand#12,WRAP JAR,8,7,3,11496.996
F,F,R,TAKE BACK RETURN,Manufacturer#3,5-LOW,3,HOUSEHOLD,REG AIR,3,0.07,12,Brand#34,JUMBO JAR,3,41,0,64680.165
F,F,R,DELIVER IN PERSON,Manufacturer#3,5-LOW,3,HOUSEHOLD,REG AIR,2,0.06,8,Brand#34,SM CAN,5,24,3,29592.1152
F,F,R,DELIVER IN PERSON,Manufacturer#2,5-LOW,3,HOUSEHOLD,RAIL,1,0.04,12,Brand#22,JUMBO BOX,3,3,0,3615.9
O,P,N,DELIVER IN PERSON,Manufacturer#3,5-LOW,0,HOUSEHOLD,TRUCK,3,0.06,21,Brand#34,LG DRUM,33,27,1,46100.2023
F,F,R,COLLECT COD,Manufacturer#1,1-URGENT,0,HOUSEHOLD,AIR,2,0.06,12,Brand#11,JUMBO JAR,45,3,0,3160.9998
O,O,N,TAKE BACK RETURN,Manufacturer#5,2-HIGH,3,HOUSEHOLD,FOB,2,0.06,21,Brand#55,JUMBO BAG,3,48,1,43956.9504
O,O,N,COLLECT COD,Manufacturer#5,5-LOW,0,BUILDING,RAIL,2,0.04,8,Brand#54,SM BOX,2,24,3,43629.84
O,O,N,DELIVER IN PERSON,Manufacturer#3,5-LOW,3,MACHINERY,SHIP,1,0,21,Brand#31,MED PACK,38,25,1,37481.77
O,O,N,DELIVER IN PERSON,Manufacturer#3,5-LOW,3,MACHINERY,FOB,5,0.01,18,Brand#34,SM PKG,9,33,2,31888.2069
O,O,N,DELIVER IN PERSON,Manufacturer#5,5-LOW,3,MACHINERY,MAIL,2,0.02,8,Brand#51,MED DRUM,9,43,3,47359.3572
F,F,R,NONE,Manufacturer#3,1-URGENT,0,BUILDING,SHIP,4,0.08,21,Brand#33,MED DRUM,40,13,1,23075.2912
F,F,R,COLLECT COD,Manufacturer#2,1-URGENT,0,BUILDING,MAIL,6,0.04,18,Brand#24,WRAP CAN,19,7,2,6962.7992
O,O,N,COLLECT COD,Manufacturer#3,2-HIGH,4,AUTOMOBILE,REG AIR,7,0.04,8,Brand#35,SM CAN,39,11,3,11500.2514
O,O,N,COLLECT COD,Manufacturer#4,2-HIGH,4,AUTOMOBILE,AIR,1,0.06,21,Brand#45,MED PKG,34,2,1,2284.0656
F,F,A,DELIVER IN PERSON,Manufacturer#1,5-LOW,3,AUTOMOBILE,TRUCK,4,0.02,12,Brand#13,WRAP DRUM,19,6,0,6248.283
F,F,A,TAKE BACK RETURN,Manufacturer#5,5-LOW,3,AUTOMOBILE,FOB,3,0.05,8,Brand#53,SM DRUM,11,10,3,12718.816
F,F,R,COLLECT COD,Manufacturer#2,5-LOW,3,AUTOMOBILE,SHIP,1,0,21,Brand#21,WRAP CASE,19,15,1,13881.4275
F,F,A,DELIVER IN PERSON,Manufacturer#3,5-LOW,3,AUTOMOBILE,TRUCK,5,0.01,21,Brand#32,LG PKG,14,26,1,33499.7208
F,F,A,DELIVER IN PERSON,Manufacturer#2,5-LOW,3,AUTOMOBILE,TRUCK,2,0.01,18,Brand#22,SM PACK,19,33,2,41905.9674
O,O,N,COLLECT COD,Manufacturer#2,3-MEDIUM,2,BUILDING,TRUCK,5,0.06,18,Brand#22,MED JAR,19,21,2,22048.7568
O,O,N,NONE,Manufacturer#4,2-HIGH,1,BUILDING,AIR,7,0.06,21,Brand#45,JUMBO CAN,13,8,1,9490.4568
O,O,N,NONE,Manufacturer#1,5-LOW,2,AUTOMOBILE,RAIL,2,0,18,Brand#12,JUMBO DRUM,17,3,2,3934.23
O,O,N,DELIVER IN PERSON,Manufacturer#3,5-LOW,2,AUTOMOBILE,FOB,1,0.05,21,Brand#35,WRAP BOX,44,45,1,67624.587
F,F,A,NONE,Manufacturer#4,4-NOT SPECIFIED,0,BUILDING,FOB,1,0.03,8,Brand#42,JUMBO BAG,1,21,3,34464.5616
F,F,R,NONE,Manufacturer#5,4-NOT SPECIFIED,0,BUILDING,FOB,5,0.02,8,Brand#54,JUMBO DRUM,21,28,3,30552.984
F,F,R,DELIVER IN PERSON,Manufacturer#4,4-NOT SPECIFIED,0,BUILDING,FOB,7,0.02,21,Brand#43,WRAP CASE,12,29,1,23988.51
O,O,N,TAKE BACK RETURN,Manufacturer#1,2-HIGH,0,BUILDING,MAIL,2,0.04,18,Brand#12,JUMBO DRUM,17,35,2,45899.35
O,O,N,TAKE BACK RETURN,Manufacturer#2,4-NOT SPECIFIED,4,BUILDING,REG AIR,5,0.04,8,Brand#25,MED DRUM,10,40,3,45073.908
F,F,A,NONE,Manufacturer#4,2-HIGH,4,BUILDING,MAIL,3,0.07,18,Brand#43,WRAP CAN,2,33,2,41536.8492
F,F,R,DELIVER IN PERSON,Manufacturer#3,2-HIGH,4,BUILDING,FOB,4,0.02,18,Brand#32,SM DRUM,2,16,2,17760
F,F,R,TAKE BACK RETURN,Manufacturer#5,2-HIGH,4,BUILDING,SHIP,1,0.01,21,Brand#54,LG CASE,42,50,1,76879.31
O,O,N,COLLECT COD,Manufacturer#3,4-NOT SPECIFIED,0,BUILDING,SHIP,3,0.07,18,Brand#34,SM PKG,16,15,2,20708.1765
F,F,R,COLLECT COD,Manufacturer#5,5-LOW,0,BUILDING,REG AIR,1,0.07,21,Brand#52,MED BAG,26,31,1,30667.401
F,F,R,COLLECT COD,Manufacturer#3,5-LOW,0,BUILDING,RAIL,4,0,9,Brand#34,SM PACK,48,34,4,39222.4544
F,F,A,NONE,Manufacturer#2,5-LOW,0,BUILDING,RAIL,3,0,9,Brand#24,SM CAN,14,32,4,37462.832
O,O,N,NONE,Manufacturer#2,2-HIGH,2,HOUSEHOLD,REG AIR,6,0.03,18,Brand#21,LG DRUM,8,15,2,15178.482
O,O,N,DELIVER IN PERSON,Manufacturer#3,2-HIGH,2,HOUSEHOLD,REG AIR,3,0.06,8,Brand#33,SM CAN,23,38,3,66365.974
O,O,N,TAKE BACK RETURN,Manufacturer#2,1-URGENT,2,HOUSEHOLD,MAIL,1,0.05,8,Brand#23,SM PACK,45,28,3,34856.6008
O,O,N,TAKE BACK RETURN,Manufacturer#1,4-NOT SPECIFIED,4,BUILDING,SHIP,5,0.07,21,Brand#13,LG PKG,34,19,1,35117.5176
O,O,N,TAKE BACK RETURN,Manufacturer#3,4-NOT SPECIFIED,4,BUILDING,TRUCK,4,0.08,8,Brand#32,LG DRUM,26,45,3,61337.412
O,O,N,TAKE BACK RETURN,Manufacturer#5,4-NOT SPECIFIED,4,BUILDING,TRUCK,7,0.05,9,Brand#55,MED CASE,31,47,4,75046.827
F,F,A,NONE,Manufacturer#5,1-URGENT,2,AUTOMOBILE,REG AIR,3,0.01,9,Brand#51,JUMBO PACK,19,34,4,57435.282
F,F,R,COLLECT COD,Manufacturer#5,4-NOT SPECIFIED,3,BUILDING,FOB,4,0.07,9,Brand#55,SM PACK,6,27,4,39012.1002
O,O,N,DELIVER IN PERSON,Manufacturer#1,2-HIGH,1,FURNITURE,REG AIR,1,0.08,9,Brand#13,SM PKG,28,5,4,5682.3775
O,O,N,COLLECT COD,Manufacturer#2,5-LOW,0,AUTOMOBILE,TRUCK,7,0.03,18,Brand#23,LG JAR,3,48,2,50642.064
O,O,N,COLLECT COD,Manufacturer#4,5-LOW,0,AUTOMOBILE,RAIL,4,0.07,18,Brand#42,JUMBO BOX,42,19,2,23349.6054
O,O,N,TAKE BACK RETURN,Manufacturer#4,5-LOW,0,MACHINERY,REG AIR,2,0.02,21,Brand#45,MED BAG,27,42,1,51795.6138
O,O,N,DELIVER IN PERSON,Manufacturer#4,2-HIGH,4,HOUSEHOLD,AIR,1,0.02,18,Brand#45,SM PACK,3,46,2,75844.6298
O,O,N,TAKE BACK RETURN,Manufacturer#1,4-NOT SPECIFIED,2,MACHINERY,AIR,1,0.02,12,Brand#12,JUMBO BAG,31,12,0,20715.1308
O,O,N,TAKE BACK RETURN,Manufacturer#4,4-NOT SPECIFIED,2,MACHINERY,RAIL,2,0.05,21,Brand#41,WRAP CAN,20,12,1,21514.68
F,F,A,TAKE BACK RETURN,Manufacturer#5,2-HIGH,4,MACHINERY,RAIL,4,0.04,12,Brand#54,WRAP PACK,17,3,0,3651.1839
F,F,A,COLLECT COD,Manufacturer#5,5-LOW,3,MACHINERY,MAIL,5,0.03,9,Brand#51,MED CAN,10,33,4,58181.0229
F,F,A,DELIVER IN PERSON,Manufacturer#2,5-LOW,3,MACHINERY,SHIP,7,0,18,Brand#21,LG DRUM,21,24,2,34957.248
F,F,R,COLLECT COD,Manufacturer#2,5-LOW,3,MACHINERY,FOB,4,0.08,9,Brand#25,MED CAN,25,21,4,18059.7144
F,F,A,COLLECT COD,Manufacturer#2,5-LOW,3,MACHINERY,RAIL,6,0,9,Brand#25,WRAP PKG,37,49,4,64410.696
O,O,N,NONE,Manufacturer#1,2-HIGH,2,BUILDING,FOB,1,0.01,8,Brand#12,MED JAR,23,33,3,29590.0704
F,F,A,TAKE BACK RETURN,Manufacturer#1,2-HIGH,2,MACHINERY,MAIL,1,0.02,9,Brand#14,MED PACK,43,21,4,26124.3108
F,F,A,NONE,Manufacturer#4,1-URGENT,2,AUTOMOBILE,AIR,1,0.05,8,Brand#43,JUMBO PACK,14,24,3,21543.0912
O,O,N,TAKE BACK RETURN,Manufacturer#1,5-LOW,4,HOUSEHOLD,MAIL,4,0.06,8,Brand#12,WRAP PKG,40,26,3,44704.53
O,O,N,NONE,Manufacturer#4,2-HIGH,3,FURNITURE,TRUCK,2,0.07,18,Brand#43,WRAP CAN,44,18,2,29806.866
O,O,N,DELIVER IN PERSON,Manufacturer#1,3-MEDIUM,4,BUILDING,FOB,4,0.06,8,Brand#14,MED JAR,32,37,3,42094.5818
O,O,N,NONE,Manufacturer#5,1-URGENT,3,MACHINERY,AIR,2,0.01,8,Brand#51,JUMBO PACK,30,3,3,4363.8069
O,O,N,COLLECT COD,Manufacturer#1,1-URGENT,4,HOUSEHOLD,FOB,6,0.06,12,Brand#15,JUMBO JAR,36,43,0,39125.2313
O,P,N,DELIVER IN PERSON,Manufacturer#4,2-HIGH,3,MACHINERY,AIR,2,0.01,12,Brand#45,SM CASE,38,41,0,58265.5346
F,P,R,COLLECT COD,Manufacturer#1,2-HIGH,3,MACHINERY,MAIL,1,0.01,8,Brand#15,WRAP JAR,44,26,3,28292.68
F,F,A,COLLECT COD,Manufacturer#3,4-NOT SPECIFIED,0,FURNITURE,RAIL,2,0.06,9,Brand#35,SM CAN,39,28,4,29896.2048
F,F,R,TAKE BACK RETURN,Manufacturer#4,1-URGENT,4,AUTOMOBILE,MAIL,1,0.03,18,Brand#44,MED JAR,10,26,2,28810.08
F,F,R,TAKE BACK RETURN,Manufacturer#4,1-URGENT,4,AUTOMOBILE,SHIP,2,0.03,18,Brand#43,JUMBO CAN,37,17,2,20486.1866
F,F,A,COLLECT COD,Manufacturer#2,4-NOT SPECIFIED,3,AUTOMOBILE,FOB,3,0,18,Brand#25,WRAP CASE,50,49,2,88194.61
O,O,N,NONE,Manufacturer#3,3-MEDIUM,3,FURNITURE,AIR,1,0.06,21,Brand#32,LG BOX,9,10,1,11917.588
O,O,N,COLLECT COD,Manufacturer#5,3-MEDIUM,3,FURNITURE,MAIL,3,0.08,18,Brand#55,LG JAR,38,36,2,45950.2956
O,O,N,COLLECT COD,Manufacturer#4,4-NOT SPECIFIED,0,FURNITURE,RAIL,3,0,9,Brand#45,WRAP DRUM,27,18,4,25379.892
F,F,A,NONE,Manufacturer#5,1-URGENT,1,HOUSEHOLD,RAIL,4,0.07,18,Brand#55,LG JAR,38,24,2,29645.352
F,F,R,COLLECT COD,Manufacturer#5,1-URGENT,1,HOUSEHOLD,AIR,1,0.04,9,Brand#55,WRAP CASE,11,23,4,20604.941
F,F,A,COLLECT COD,Manufacturer#5,1-URGENT,1,HOUSEHOLD,REG AIR,3,0.05,9,Brand#52,JUMBO CASE,39,22,4,31252.0824
F,F,A,COLLECT COD,Manufacturer#5,1-URGENT,1,HOUSEHOLD,REG AIR,5,0.05,9,Brand#51,WRAP JAR,42,30,4,45174.675
F,F,A,TAKE BACK RETURN,Manufacturer#1,1-URGENT,1,HOUSEHOLD,TRUCK,6,0.02,8,Brand#14,SM JAR,20,7,3,11093.355
O,O,N,TAKE BACK RETURN,Manufacturer#5,2-HIGH,2,BUILDING,SHIP,1,0.04,21,Brand#51,SM CAN,15,49,1,75838.2261
O,O,N,COLLECT COD,Manufacturer#2,2-HIGH,2,BUILDING,REG AIR,2,0.03,18,Brand#23,MED PKG,34,10,2,16014.91
F,F,A,COLLECT COD,Manufacturer#4,4-NOT SPECIFIED,4,HOUSEHOLD,SHIP,2,0.01,21,Brand#42,JUMBO BOX,30,10,1,13220.757
F,F,A,DELIVER IN PERSON,Manufacturer#3,4-NOT SPECIFIED,4,HOUSEHOLD,REG AIR,1,0.04,21,Brand#34,JUMBO PKG,38,17,1,26602.6761
O,O,N,NONE,Manufacturer#1,1-URGENT,4,FURNITURE,AIR,3,0.01,12,Brand#12,MED CASE,28,27,0,30204.3924
F,F,R,DELIVER IN PERSON,Manufacturer#3,5-LOW,4,BUILDING,AIR,1,0.03,8,Brand#35,LG JAR,14,46,3,44180.424
F,F,R,DELIVER IN PERSON,Manufacturer#4,5-LOW,4,BUILDING,REG AIR,2,0.05,18,Brand#44,SM BAG,4,34,2,59492.622
F,F,A,COLLECT COD,Manufacturer#2,5-LOW,4,BUILDING,MAIL,3,0.03,9,Brand#21,SM PKG,10,14,4,17673.012
F,F,R,NONE,Manufacturer#2,5-LOW,4,BUILDING,FOB,4,0.06,21,Brand#21,SM BOX,11,34,1,41863.4928
O,O,N,COLLECT COD,Manufacturer#1,1-URGENT,2,AUTOMOBILE,REG AIR,2,0.08,18,Brand#11,LG JAR,40,49,2,48813.2169
O,O,N,NONE,Manufacturer#2,1-URGENT,2,AUTOMOBILE,AIR,1,0.06,21,Brand#25,JUMBO BOX,36,47,1,57893.9138
F,F,A,NONE,Manufacturer#4,5-LOW,4,FURNITURE,FOB,1,0.08,8,Brand#43,LG PKG,15,34,3,37508.698
F,F,R,TAKE BACK RETURN,Manufacturer#5,5-LOW,4,FURNITURE,SHIP,2,0.06,9,Brand#51,SM CAN,8,15,4,22005.306
O,O,N,NONE,Manufacturer#4,2-HIGH,2,BUILDING,MAIL,5,0.07,18,Brand#44,WRAP CASE,35,24,2,27099.2256
F,F,A,NONE,Manufacturer#3,3-MEDIUM,3,MACHINERY,FOB,1,0.07,9,Brand#35,JUMBO BOX,28,39,4,59562.2352
F,F,A,NONE,Manufacturer#5,3-MEDIUM,3,MACHINERY,MAIL,4,0.04,21,Brand#51,JUMBO BAG,22,16,1,27331.056
F,F,R,NONE,Manufacturer#2,1-URGENT,3,FURNITURE,MAIL,1,0.06,12,Brand#25,LG DRUM,13,6,0,8930.25
O,O,N,DELIVER IN PERSON,Manufacturer#1,1-URGENT,4,HOUSEHOLD,RAIL,1,0.04,8,Brand#15,LG CASE,41,10,3,17728.7
O,O,N,DELIVER IN PERSON,Manufacturer#4,1-URGENT,4,HOUSEHOLD,RAIL,2,0.05,18,Brand#45,MED CAN,4,4,2,7369.4824
O,O,N,TAKE BACK RETURN,Manufacturer#3,1-URGENT,4,HOUSEHOLD,RAIL,4,0.06,21,Brand#33,JUMBO CAN,47,7,1,9579.4944
O,O,N,NONE,Manufacturer#4,1-URGENT,3,MACHINERY,FOB,2,0.01,12,Brand#45,LG DRUM,46,7,0,13021.2621
F,F,A,NONE,Manufacturer#2,5-LOW,1,BUILDING,AIR,1,0.08,8,Brand#21,JUMBO DRUM,13,50,3,79552.2
O,O,N,COLLECT COD,Manufacturer#5,2-HIGH,3,HOUSEHOLD,MAIL,3,0.04,21,Brand#53,SM BOX,21,8,1,13747.7736
O,O,N,COLLECT COD,Manufacturer#4,4-NOT SPECIFIED,4,BUILDING,REG AIR,3,0.02,9,Brand#44,WRAP CAN,19,18,4,31465.4976
O,O,N,COLLECT COD,Manufacturer#1,4-NOT SPECIFIED,4,BUILDING,REG AIR,4,0.05,8,Brand#13,JUMBO BOX,28,19,3,17018.8662
F,F,A,COLLECT COD,Manufacturer#3,4-NOT SPECIFIED,4,AUTOMOBILE,AIR,5,0,8,Brand#34,MED BOX,28,40,3,67998.624
F,F,R,DELIVER IN PERSON,Manufacturer#3,4-NOT SPECIFIED,4,AUTOMOBILE,RAIL,3,0.03,9,Brand#35,JUMBO CASE,42,41,4,55960.6376
F,F,R,TAKE BACK RETURN,Manufacturer#2,4-NOT SPECIFIED,4,AUTOMOBILE,FOB,1,0.05,9,Brand#22,WRAP PKG,31,45,4,78210.162
O,O,N,DELIVER IN PERSON,Manufacturer#4,3-MEDIUM,0,FURNITURE,FOB,1,0,12,Brand#45,MED PKG,8,23,0,29486.2484
F,F,A,COLLECT COD,Manufacturer#2,5-LOW,1,FURNITURE,FOB,1,0,9,Brand#25,WRAP CASE,21,45,4,72917.586
O,P,N,NONE,Manufacturer#5,4-NOT SPECIFIED,1,FURNITURE,SHIP,5,0.03,18,Brand#54,LG CASE,38,30,2,48636.864
O,O,N,DELIVER IN PERSON,Manufacturer#5,4-NOT SPECIFIED,2,FURNITURE,TRUCK,7,0,21,Brand#55,JUMBO CAN,35,28,1,38501.9628
O,O,N,DELIVER IN PERSON,Manufacturer#2,4-NOT SPECIFIED,2,FURNITURE,FOB,3,0.03,12,Brand#23,WRAP BAG,29,11,0,10927.3604
O,O,N,DELIVER IN PERSON,Manufacturer#3,1-URGENT,3,FURNITURE,MAIL,2,0.05,18,Brand#31,SM JAR,2,27,2,32159.106
O,O,N,NONE,Manufacturer#2,2-HIGH,4,AUTOMOBILE,FOB,1,0.01,18,Brand#22,SM CASE,42,26,2,33802.236
O,O,N,TAKE BACK RETURN,Manufacturer#5,2-HIGH,4,AUTOMOBILE,RAIL,2,0.03,8,Brand#53,MED BOX,12,24,3,24170.4
O,O,N,DELIVER IN PERSON,Manufacturer#5,2-HIGH,2,AUTOMOBILE,FOB,5,0.07,9,Brand#52,SM BOX,9,21,4,28139.7648
O,O,N,DELIVER IN PERSON,Manufacturer#3,2-HIGH,2,AUTOMOBILE,RAIL,1,0.07,21,Brand#34,LG PKG,39,44,1,77997.128
O,O,N,COLLECT COD,Manufacturer#1,2-HIGH,2,AUTOMOBILE,RAIL,2,0.01,9,Brand#13,WRAP DRUM,37,18,4,28472.9472
O,O,N,TAKE BACK RETURN,Manufacturer#4,1-URGENT,3,AUTOMOBILE,FOB,1,0.02,8,Brand#44,LG DRUM,18,12,3,14245.0056
F,F,R,DELIVER IN PERSON,Manufacturer#5,3-MEDIUM,2,BUILDING,AIR,2,0.08,9,Brand#54,SM CASE,6,31,4,39847.7844
F,F,R,TAKE BACK RETURN,Manufacturer#4,3-MEDIUM,2,BUILDING,SHIP,6,0.08,8,Brand#45,SM PACK,30,7,3,9133.6098
O,O,N,NONE,Manufacturer#4,3-MEDIUM,0,AUTOMOBILE,AIR,2,0.04,21,Brand#41,WRAP PKG,2,2,1,2060.5904
F,F,A,COLLECT COD,Manufacturer#4,2-HIGH,4,FURNITURE,AIR,5,0.02,21,Brand#42,SM PKG,35,26,1,26618.5062
O,O,N,NONE,Manufacturer#1,1-URGENT,3,BUILDING,MAIL,4,0.01,8,Brand#13,JUMBO PACK,39,12,3,14758.2072
O,O,N,TAKE BACK RETURN,Manufacturer#2,1-URGENT,3,BUILDING,REG AIR,7,0.01,9,Brand#24,MED JAR,9,8,4,11269.3968
O,O,N,TAKE BACK RETURN,Manufacturer#3,1-URGENT,3,BUILDING,AIR,3,0.02,8,Brand#31,SM PKG,33,20,3,27446.784
O,O,N,COLLECT COD,Manufacturer#5,1-URGENT,3,BUILDING,AIR,6,0.06,8,Brand#53,LG JAR,31,30,3,39272.85
F,F,R,TAKE BACK RETURN,Manufacturer#1,2-HIGH,2,FURNITURE,TRUCK,2,0.08,8,Brand#13,JUMBO PACK,17,30,3,53970.336
O,O,N,NONE,Manufacturer#3,2-HIGH,4,AUTOMOBILE,REG AIR,1,0.07,8,Brand#32,LG PKG,36,47,3,81932.8158
O,O,N,TAKE BACK RETURN,Manufacturer#4,2-HIGH,4,AUTOMOBILE,TRUCK,3,0,18,Brand#42,MED CASE,29,12,2,14231.0016
F,P,N,COLLECT COD,Manufacturer#3,1-URGENT,2,AUTOMOBILE,TRUCK,3,0,21,Brand#34,SM DRUM,4,4,1,5297.4704
O,O,N,DELIVER IN PERSON,Manufacturer#3,5-LOW,1,AUTOMOBILE,MAIL,1,0.02,8,Brand#35,LG DRUM,14,39,3,47358.09
F,F,R,NONE,Manufacturer#5,2-HIGH,0,BUILDING,REG AIR,1,0.08,9,Brand#51,MED CASE,27,4,4,5290.416
F,F,R,NONE,Manufacturer#4,3-MEDIUM,4,HOUSEHOLD,RAIL,3,0.03,18,Brand#43,JUMBO PACK,14,35,2,29780.7055
F,F,A,DELIVER IN PERSON,Manufacturer#3,1-URGENT,2,HOUSEHOLD,RAIL,2,0.04,9,Brand#32,JUMBO CASE,40,47,4,83606.89
O,O,N,NONE,Manufacturer#3,5-LOW,0,MACHINERY,AIR,2,0.04,12,Brand#31,MED DRUM,39,17,0,23885.2992
O,O,N,COLLECT COD,Manufacturer#3,5-LOW,0,MACHINERY,FOB,3,0.08,18,Brand#32,LG JAR,31,20,2,32163.84
F,F,A,COLLECT COD,Manufacturer#1,1-URGENT,2,FURNITURE,SHIP,1,0.08,8,Brand#14,JUMBO JAR,26,49,3,58251.0432
O,O,N,DELIVER IN PERSON,Manufacturer#5,2-HIGH,4,AUTOMOBILE,MAIL,6,0.03,12,Brand#52,WRAP DRUM,36,39,0,52440.7728
F,F,R,DELIVER IN PERSON,Manufacturer#2,2-HIGH,4,FURNITURE,SHIP,1,0.06,18,Brand#21,WRAP DRUM,34,3,2,4855.1481
F,F,A,TAKE BACK RETURN,Manufacturer#4,2-HIGH,4,FURNITURE,AIR,2,0,8,Brand#43,MED PACK,37,7,3,12129.81
F,F,R,NONE,Manufacturer#5,2-HIGH,2,FURNITURE,TRUCK,1,0.05,21,Brand#54,LG CASE,42,35,1,56105.539
F,F,A,NONE,Manufacturer#3,4-NOT SPECIFIED,2,HOUSEHOLD,AIR,6,0.05,21,Brand#31,LG CAN,37,7,1,11669.3941
F,F,R,NONE,Manufacturer#2,4-NOT SPECIFIED,2,HOUSEHOLD,TRUCK,4,0.06,21,Brand#21,WRAP DRUM,31,39,1,34698.1128
O,O,N,TAKE BACK RETURN,Manufacturer#1,2-HIGH,0,AUTOMOBILE,RAIL,3,0.08,12,Brand#12,JUMBO BAG,31,8,0,14568.8832
O,O,N,NONE,Manufacturer#4,4-NOT SPECIFIED,4,BUILDING,AIR,3,0.05,21,Brand#44,MED CASE,40,37,1,46509.888
O,O,N,NONE,Manufacturer#2,4-NOT SPECIFIED,4,BUILDING,TRUCK,5,0.04,12,Brand#25,WRAP PKG,4,24,0,42694.1064
O,O,N,NONE,Manufacturer#5,1-URGENT,1,AUTOMOBILE,AIR,1,0.03,9,Brand#54,LG CAN,30,8,4,13874.652
F,F,A,TAKE BACK RETURN,Manufacturer#5,1-URGENT,1,HOUSEHOLD,FOB,2,0.05,8,Brand#53,LG BAG,2,39,3,37402.95
F,F,R,TAKE BACK RETURN,Manufacturer#5,4-NOT SPECIFIED,0,BUILDING,FOB,5,0.06,18,Brand#52,MED BAG,26,13,2,13146.3124
F,F,R,NONE,Manufacturer#3,4-NOT SPECIFIED,0,BUILDING,FOB,7,0.02,21,Brand#33,LG DRUM,7,7,1,6047.9202
F,F,A,DELIVER IN PERSON,Manufacturer#2,4-NOT SPECIFIED,0,BUILDING,REG AIR,6,0.06,12,Brand#24,JUMBO PACK,39,28,0,35233.8
F,F,A,COLLECT COD,Manufacturer#1,4-NOT SPECIFIED,0,BUILDING,MAIL,2,0.05,12,Brand#11,WRAP JAR,20,36,0,58852.044
O,O,N,DELIVER IN PERSON,Manufacturer#4,3-MEDIUM,2,MACHINERY,AIR,3,0.08,12,Brand#44,SM JAR,27,6,0,8268.135
O,O,N,TAKE BACK RETURN,Manufacturer#2,3-MEDIUM,2,AUTOMOBILE,TRUCK,5,0.01,12,Brand#24,WRAP PACK,13,49,0,88528.3392
O,O,N,TAKE BACK RETURN,Manufacturer#3,2-HIGH,1,HOUSEHOLD,FOB,4,0.02,18,Brand#33,SM PACK,41,32,2,48550.464
O,O,N,COLLECT COD,Manufacturer#5,2-HIGH,1,HOUSEHOLD,RAIL,2,0,8,Brand#52,JUMBO PKG,8,19,3,32086.098
F,F,A,TAKE BACK RETURN,Manufacturer#4,3-MEDIUM,3,BUILDING,TRUCK,1,0.06,21,Brand#45,WRAP BAG,8,49,1,85501.2417
F,F,R,COLLECT COD,Manufacturer#5,3-MEDIUM,3,BUILDING,AIR,4,0.01,9,Brand#55,JUMBO CAN,42,50,4,56298.515
O,O,N,COLLECT COD,Manufacturer#1,5-LOW,4,BUILDING,AIR,4,0.01,18,Brand#15,LG DRUM,6,20,2,32021.108
O,O,N,COLLECT COD,Manufacturer#1,4-NOT SPECIFIED,1,AUTOMOBILE,FOB,4,0.03,8,Brand#13,SM BAG,29,25,3,39966.025
O,O,N,DELIVER IN PERSON,Manufacturer#1,4-NOT SPECIFIED,1,AUTOMOBILE,FOB,2,0.08,9,Brand#13,WRAP BOX,26,44,4,47909.8752
O,O,N,TAKE BACK RETURN,Manufacturer#2,1-URGENT,4,HOUSEHOLD,FOB,6,0.01,9,Brand#24,WRAP PKG,27,38,4,64603.116
O,O,N,COLLECT COD,Manufacturer#2,1-URGENT,4,HOUSEHOLD,FOB,2,0.08,18,Brand#21,WRAP DRUM,35,38,2,36237.1268
O,O,N,NONE,Manufacturer#4,2-HIGH,0,FURNITURE,AIR,3,0.08,18,Brand#42,MED CASE,29,18,2,20012.346
F,F,A,DELIVER IN PERSON,Manufacturer#1,5-LOW,2,AUTOMOBILE,AIR,2,0.06,8,Brand#13,MED PKG,6,44,3,42735.8008
F,F,R,DELIVER IN PERSON,Manufacturer#3,2-HIGH,1,AUTOMOBILE,TRUCK,2,0.06,18,Brand#32,JUMBO JAR,21,48,2,84508.4064
O,O,N,COLLECT COD,Manufacturer#1,4-NOT SPECIFIED,1,HOUSEHOLD,RAIL,2,0.08,21,Brand#12,WRAP PACK,36,22,1,26454.8284
O,O,N,DELIVER IN PERSON,Manufacturer#2,4-NOT SPECIFIED,1,HOUSEHOLD,AIR,5,0.04,9,Brand#21,JUMBO BAG,41,49,4,68221.818
O,O,N,COLLECT COD,Manufacturer#2,4-NOT SPECIFIED,4,FURNITURE,SHIP,1,0.04,21,Brand#24,JUMBO CASE,38,46,1,59889.539
O,O,N,COLLECT COD,Manufacturer#1,2-HIGH,0,BUILDING,TRUCK,3,0.02,21,Brand#12,JUMBO PKG,35,3,1,3978.6624
O,O,N,COLLECT COD,Manufacturer#5,2-HIGH,0,BUILDING,FOB,1,0.01,18,Brand#53,WRAP CASE,1,21,2,24164.5236
F,F,A,COLLECT COD,Manufacturer#2,5-LOW,0,BUILDING,TRUCK,4,0.07,9,Brand#25,MED PACK,31,15,4,14508.0675
O,O,N,NONE,Manufacturer#2,1-URGENT,2,AUTOMOBILE,REG AIR,2,0.05,12,Brand#25,LG BOX,30,6,0,10416.7416
F,F,A,NONE,Manufacturer#5,3-MEDIUM,0,HOUSEHOLD,TRUCK,6,0,9,Brand#54,MED JAR,22,38,4,57387.448
F,F,R,COLLECT COD,Manufacturer#2,2-HIGH,3,HOUSEHOLD,RAIL,6,0,8,Brand#25,WRAP PKG,4,41,3,69252.1406
F,F,R,COLLECT COD,Manufacturer#3,2-HIGH,3,HOUSEHOLD,FOB,2,0.08,8,Brand#35,JUMBO DRUM,47,25,3,31970.81
O,P,N,TAKE BACK RETURN,Manufacturer#3,2-HIGH,0,FURNITURE,FOB,4,0.04,9,Brand#31,MED BOX,46,13,4,22597.7895
F,F,A,NONE,Manufacturer#1,3-MEDIUM,3,BUILDING,TRUCK,6,0.06,18,Brand#11,JUMBO BOX,48,26,2,32702.241
F,F,A,TAKE BACK RETURN,Manufacturer#3,3-MEDIUM,3,BUILDING,TRUCK,1,0.07,18,Brand#32,LG PKG,6,4,2,4999.096
F,F,A,DELIVER IN PERSON,Manufacturer#4,3-MEDIUM,3,BUILDING,MAIL,3,0.01,18,Brand#42,SM CASE,16,39,2,41092.9974
F,F,A,DELIVER IN PERSON,Manufacturer#3,2-HIGH,4,AUTOMOBILE,FOB,1,0.02,12,Brand#35,LG DRUM,14,49,0,54741.0948
O,O,N,DELIVER IN PERSON,Manufacturer#1,2-HIGH,2,HOUSEHOLD,MAIL,2,0,18,Brand#11,LG JAR,30,17,2,25595.2
O,O,N,TAKE BACK RETURN,Manufacturer#1,1-URGENT,4,MACHINERY,AIR,1,0.07,8,Brand#11,LG PKG,12,22,3,32115.2832
O,O,N,COLLECT COD,Manufacturer#4,3-MEDIUM,0,BUILDING,AIR,5,0.02,12,Brand#41,WRAP JAR,2,47,0,81036.1545
O,O,N,TAKE BACK RETURN,Manufacturer#1,3-MEDIUM,0,BUILDING,TRUCK,1,0.01,8,Brand#11,SM CAN,45,10,3,15766.7
O,O,N,COLLECT COD,Manufacturer#1,3-MEDIUM,0,BUILDING,RAIL,2,0.01,9,Brand#12,JUMBO PKG,31,25,4,23531.76
F,F,R,DELIVER IN PERSON,Manufacturer#3,3-MEDIUM,0,BUILDING,SHIP,3,0.07,9,Brand#33,LG DRUM,2,13,4,22185.5634
O,O,N,DELIVER IN PERSON,Manufacturer#3,4-NOT SPECIFIED,0,FURNITURE,SHIP,1,0.07,9,Brand#34,MED CAN,34,40,4,49491.996
O,O,N,COLLECT COD,Manufacturer#4,4-NOT SPECIFIED,2,FURNITURE,SHIP,1,0.05,18,Brand#44,MED DRUM,45,27,2,45859.122
O,O,N,DELIVER IN PERSON,Manufacturer#1,4-NOT SPECIFIED,2,FURNITURE,FOB,4,0.04,9,Brand#14,SM BOX,26,24,4,23806.392
O,O,N,COLLECT COD,Manufacturer#2,2-HIGH,4,BUILDING,REG AIR,2,0.07,9,Brand#21,MED JAR,8,49,4,54487.4022
O,O,N,TAKE BACK RETURN,Manufacturer#3,2-HIGH,4,BUILDING,AIR,6,0.01,18,Brand#31,SM BOX,6,29,2,39181.1808
O,O,N,DELIVER IN PERSON,Manufacturer#5,2-HIGH,4,BUILDING,MAIL,1,0.08,18,Brand#52,LG BAG,41,41,2,67250.2336
O,O,N,NONE,Manufacturer#3,3-MEDIUM,3,FURNITURE,AIR,1,0,21,Brand#33,SM CASE,5,3,1,3454.299
O,O,N,COLLECT COD,Manufacturer#2,3-MEDIUM,3,FURNITURE,FOB,3,0.02,21,Brand#21,WRAP DRUM,34,37,1,58670.4597
F,F,A,NONE,Manufacturer#3,1-URGENT,2,HOUSEHOLD,MAIL,4,0.03,9,Brand#31,JUMBO DRUM,48,29,4,33828.1317
F,F,A,COLLECT COD,Manufacturer#3,1-URGENT,2,MACHINERY,REG AIR,5,0.02,8,Brand#33,WRAP DRUM,8,10,3,14876.043
O,O,N,NONE,Manufacturer#4,3-MEDIUM,4,HOUSEHOLD,AIR,1,0.03,12,Brand#44,LG DRUM,18,19,0,22554.5922
O,O,N,DELIVER IN PERSON,Manufacturer#1,4-NOT SPECIFIED,1,HOUSEHOLD,FOB,3,0.08,12,Brand#13,SM CASE,16,10,0,13273.61
O,O,N,DELIVER IN PERSON,Manufacturer#4,4-NOT SPECIFIED,1,HOUSEHOLD,FOB,4,0,12,Brand#45,MED PKG,8,2,0,2536.1518
F,F,A,NONE,Manufacturer#3,5-LOW,3,MACHINERY,MAIL,4,0,21,Brand#31,WRAP JAR,8,13,1,17695.6572
F,F,A,COLLECT COD,Manufacturer#5,5-LOW,3,MACHINERY,RAIL,6,0.06,18,Brand#55,JUMBO CASE,25,4,2,3818.3544
F,F,R,COLLECT COD,Manufacturer#2,3-MEDIUM,4,AUTOMOBILE,AIR,1,0.03,21,Brand#22,SM PKG,37,27,1,25816.0932
O,O,N,DELIVER IN PERSON,Manufacturer#4,5-LOW,4,BUILDING,FOB,2,0.04,21,Brand#42,JUMBO BOX,30,12,1,15544.4052
O,O,N,COLLECT COD,Manufacturer#5,5-LOW,4,BUILDING,SHIP,3,0.03,9,Brand#52,JUMBO PKG,21,31,4,28284.5364
O,O,N,COLLECT COD,Manufacturer#4,3-MEDIUM,4,AUTOMOBILE,REG AIR,1,0.06,12,Brand#43,WRAP CASE,24,39,0,70934.409
O,O,N,DELIVER IN PERSON,Manufacturer#1,4-NOT SPECIFIED,1,AUTOMOBILE,RAIL,3,0.01,21,Brand#13,LG PKG,34,21,1,38422.0368
O,O,N,COLLECT COD,Manufacturer#2,4-NOT SPECIFIED,1,AUTOMOBILE,TRUCK,1,0.04,9,Brand#25,MED CAN,25,2,4,1795.576
O,O,N,TAKE BACK RETURN,Manufacturer#4,5-LOW,1,BUILDING,RAIL,1,0.06,12,Brand#42,JUMBO JAR,46,9,0,10469.8503
F,F,A,TAKE BACK RETURN,Manufacturer#2,3-MEDIUM,1,AUTOMOBILE,SHIP,2,0.07,18,Brand#23,MED CAN,31,2,2,3293.48
F,F,A,TAKE BACK RETURN,Manufacturer#2,5-LOW,2,AUTOMOBILE,REG AIR,2,0.02,9,Brand#25,JUMBO PKG,39,6,4,10026.8124
O,O,N,DELIVER IN PERSON,Manufacturer#3,2-HIGH,4,MACHINERY,TRUCK,3,0.08,21,Brand#34,SM JAR,7,11,1,16817.0112
O,O,N,TAKE BACK RETURN,Manufacturer#5,2-HIGH,4,MACHINERY,SHIP,4,0.03,21,Brand#53,WRAP CASE,1,8,1,9395.3376
F,F,R,COLLECT COD,Manufacturer#5,1-URGENT,3,HOUSEHOLD,MAIL,4,0.04,21,Brand#52,LG PKG,39,24,1,28134.48
F,F,R,TAKE BACK RETURN,Manufacturer#5,1-URGENT,3,HOUSEHOLD,SHIP,3,0.05,9,Brand#54,LG CAN,30,22,4,35457.444
F,F,A,DELIVER IN PERSON,Manufacturer#1,5-LOW,3,FURNITURE,RAIL,1,0.01,8,Brand#14,MED JAR,32,46,3,53447.2896
O,O,N,TAKE BACK RETURN,Manufacturer#3,4-NOT SPECIFIED,4,AUTOMOBILE,RAIL,4,0.03,21,Brand#35,WRAP CAN,14,1,1,1079.8137
O,O,N,TAKE BACK RETURN,Manufacturer#4,4-NOT SPECIFIED,4,AUTOMOBILE,FOB,3,0,8,Brand#45,MED BOX,34,48,3,53885.088
O,O,N,COLLECT COD,Manufacturer#1,4-NOT SPECIFIED,4,AUTOMOBILE,RAIL,2,0.02,18,Brand#11,JUMBO PKG,41,27,2,44345.556
F,F,R,NONE,Manufacturer#3,1-URGENT,4,AUTOMOBILE,TRUCK,1,0,21,Brand#35,WRAP BOX,44,4,1,6075.022
F,F,A,NONE,Manufacturer#4,1-URGENT,4,AUTOMOBILE,FOB,5,0.03,8,Brand#44,LG CASE,37,26,3,23587.0336
O,O,N,NONE,Manufacturer#3,2-HIGH,0,HOUSEHOLD,REG AIR,1,0.04,18,Brand#32,MED DRUM,8,27,2,37927.2348
O,O,N,NONE,Manufacturer#1,2-HIGH,0,HOUSEHOLD,REG AIR,3,0.06,18,Brand#14,LG PACK,7,20,2,27370.26
O,O,N,TAKE BACK RETURN,Manufacturer#3,3-MEDIUM,3,AUTOMOBILE,SHIP,3,0.03,12,Brand#33,SM CASE,46,26,0,23488.3064
O,O,N,NONE,Manufacturer#4,3-MEDIUM,3,AUTOMOBILE,RAIL,4,0.05,21,Brand#43,MED CASE,1,36,1,58226.1372
O,O,N,TAKE BACK RETURN,Manufacturer#3,3-MEDIUM,3,AUTOMOBILE,AIR,2,0.05,12,Brand#34,JUMBO CAN,28,19,0,24994.3917
O,O,N,COLLECT COD,Manufacturer#5,3-MEDIUM,3,AUTOMOBILE,SHIP,6,0.03,18,Brand#55,SM CASE,38,32,2,54184.4352
F,F,A,TAKE BACK RETURN,Manufacturer#5,5-LOW,2,BUILDING,TRUCK,4,0,9,Brand#52,MED BAG,44,38,4,60438.24
F,F,R,DELIVER IN PERSON,Manufacturer#3,5-LOW,2,BUILDING,REG AIR,3,0.01,18,Brand#31,SM JAR,2,48,2,57806.9856
F,F,A,TAKE BACK RETURN,Manufacturer#2,2-HIGH,4,HOUSEHOLD,REG AIR,4,0.01,9,Brand#24,JUMBO BOX,27,19,4,29392.9164
O,O,N,TAKE BACK RETURN,Manufacturer#4,3-MEDIUM,0,BUILDING,TRUCK,2,0.04,21,Brand#45,WRAP DRUM,27,5,1,5200.0245
O,O,N,DELIVER IN PERSON,Manufacturer#4,3-MEDIUM,0,BUILDING,MAIL,4,0.08,18,Brand#43,JUMBO PACK,14,26,2,23824.5644
O,O,N,COLLECT COD,Manufacturer#1,3-MEDIUM,0,BUILDING,TRUCK,3,0.07,21,Brand#15,LG DRUM,31,35,1,46376.5995
F,F,R,NONE,Manufacturer#1,3-MEDIUM,0,FURNITURE,REG AIR,4,0.07,18,Brand#11,JUMBO BOX,38,7,2,9834.0711
F,F,R,COLLECT COD,Manufacturer#2,3-MEDIUM,0,FURNITURE,AIR,1,0.06,9,Brand#24,WRAP CASE,15,11,4,18390.4325
F,F,R,NONE,Manufacturer#4,3-MEDIUM,0,BUILDING,REG AIR,3,0.03,18,Brand#43,JUMBO PACK,25,33,2,42823.0836
F,F,R,COLLECT COD,Manufacturer#4,3-MEDIUM,0,BUILDING,AIR,2,0,9,Brand#41,SM PACK,43,3,4,3063.9501
F,F,R,DELIVER IN PERSON,Manufacturer#1,3-MEDIUM,0,BUILDING,FOB,4,0.05,9,Brand#11,LG DRUM,1,20,4,26536.388
F,F,A,NONE,Manufacturer#5,3-MEDIUM,0,BUILDING,MAIL,5,0.03,21,Brand#52,SM PKG,50,42,1,78210.7326
F,F,A,NONE,Manufacturer#3,4-NOT SPECIFIED,4,FURNITURE,RAIL,1,0.06,21,Brand#34,SM DRUM,49,39,1,68411.9007
O,O,N,COLLECT COD,Manufacturer#1,5-LOW,0,HOUSEHOLD,REG AIR,1,0,18,Brand#15,SM DRUM,22,6,2,6121.9032
F,F,A,NONE,Manufacturer#4,2-HIGH,0,FURNITURE,REG AIR,3,0,8,Brand#44,WRAP BAG,4,24,3,23960.7744
O,O,N,DELIVER IN PERSON,Manufacturer#4,5-LOW,2,FURNITURE,REG AIR,3,0.05,18,Brand#44,MED DRUM,45,25,2,42010.425
O,O,N,NONE,Manufacturer#2,5-LOW,2,FURNITURE,FOB,2,0.04,9,Brand#25,MED CAN,25,5,4,4583.444
F,F,R,COLLECT COD,Manufacturer#2,3-MEDIUM,0,FURNITURE,REG AIR,2,0,12,Brand#24,MED PACK,50,8,0,11914.2
O,O,N,TAKE BACK RETURN,Manufacturer#1,1-URGENT,3,BUILDING,MAIL,5,0.06,8,Brand#14,JUMBO PACK,7,19,3,24759.5992
F,F,A,TAKE BACK RETURN,Manufacturer#2,4-NOT SPECIFIED,3,BUILDING,FOB,7,0.06,21,Brand#25,SM CASE,22,17,1,15161.6829
F,F,A,COLLECT COD,Manufacturer#5,4-NOT SPECIFIED,3,BUILDING,AIR,3,0.04,18,Brand#51,MED PKG,36,45,2,73820.16
F,F,A,COLLECT COD,Manufacturer#4,4-NOT SPECIFIED,3,BUILDING,TRUCK,6,0.01,12,Brand#41,MED JAR,18,29,0,47679.1842
O,O,N,NONE,Manufacturer#3,5-LOW,1,BUILDING,RAIL,4,0.05,21,Brand#34,WRAP JAR,17,30,1,38770.38
O,O,N,NONE,Manufacturer#4,5-LOW,1,BUILDING,FOB,1,0.07,18,Brand#45,MED CAN,4,34,2,63279.7902
F,F,A,DELIVER IN PERSON,Manufacturer#4,5-LOW,4,MACHINERY,SHIP,2,0.08,8,Brand#44,WRAP BAG,4,8,3,8681.44
F,F,R,DELIVER IN PERSON,Manufacturer#5,5-LOW,4,MACHINERY,REG AIR,6,0.01,18,Brand#51,LG BOX,48,45,2,48916.26
F,F,R,DELIVER IN PERSON,Manufacturer#2,5-LOW,4,MACHINERY,AIR,1,0.06,18,Brand#23,JUMBO BAG,36,38,2,52404.6144
F,F,R,TAKE BACK RETURN,Manufacturer#1,3-MEDIUM,0,MACHINERY,FOB,1,0.07,12,Brand#14,LG PACK,44,35,0,49791.42
F,F,R,DELIVER IN PERSON,Manufacturer#2,3-MEDIUM,0,MACHINERY,REG AIR,3,0.04,21,Brand#22,WRAP DRUM,26,42,1,68433.8298
F,F,A,COLLECT COD,Manufacturer#4,2-HIGH,2,FURNITURE,MAIL,3,0,9,Brand#42,LG BOX,34,38,4,46664.532
O,O,N,TAKE BACK RETURN,Manufacturer#5,4-NOT SPECIFIED,3,HOUSEHOLD,AIR,1,0.06,21,Brand#52,JUMBO PKG,17,6,1,7658.112
O,O,N,DELIVER IN PERSON,Manufacturer#4,5-LOW,0,AUTOMOBILE,REG AIR,7,0.05,18,Brand#45,LG BAG,4,8,2,8126.8704
O,O,N,NONE,Manufacturer#4,5-LOW,0,AUTOMOBILE,SHIP,6,0.08,18,Brand#41,SM PACK,43,2,2,1998.7058
O,O,N,COLLECT COD,Manufacturer#5,5-LOW,0,AUTOMOBILE,AIR,2,0.05,9,Brand#51,WRAP BAG,19,1,4,1476.9414
F,F,R,COLLECT COD,Manufacturer#2,2-HIGH,3,BUILDING,REG AIR,4,0.05,21,Brand#22,JUMBO JAR,7,46,1,71651.9
F,F,R,NONE,Manufacturer#5,2-HIGH,3,BUILDING,RAIL,5,0.04,8,Brand#55,JUMBO CAN,47,25,3,25708.88
O,O,N,NONE,Manufacturer#3,5-LOW,1,FURNITURE,AIR,2,0.02,12,Brand#34,WRAP PKG,27,42,0,51793.686
O,O,N,COLLECT COD,Manufacturer#3,5-LOW,1,FURNITURE,RAIL,1,0.07,8,Brand#33,SM CAN,23,44,3,80114.804
F,F,A,NONE,Manufacturer#5,5-LOW,2,HOUSEHOLD,MAIL,4,0.04,21,Brand#51,WRAP JAR,49,23,1,34613.1002
O,O,N,DELIVER IN PERSON,Manufacturer#4,2-HIGH,4,BUILDING,REG AIR,4,0.08,18,Brand#43,JUMBO PACK,14,22,2,19542.127
O,O,N,DELIVER IN PERSON,Manufacturer#5,2-HIGH,4,BUILDING,RAIL,5,0.06,9,Brand#55,WRAP PACK,50,30,4,47766.768
O,O,N,TAKE BACK RETURN,Manufacturer#4,1-URGENT,4,HOUSEHOLD,AIR,1,0,18,Brand#44,LG BOX,26,5,2,8003.45
F,F,A,COLLECT COD,Manufacturer#1,5-LOW,3,AUTOMOBILE,AIR,1,0.06,9,Brand#12,JUMBO BAG,16,18,4,19081.26
F,F,A,COLLECT COD,Manufacturer#1,5-LOW,3,AUTOMOBILE,TRUCK,6,0.06,21,Brand#13,JUMBO CASE,19,44,1,65245.5936
F,F,R,DELIVER IN PERSON,Manufacturer#2,4-NOT SPECIFIED,1,MACHINERY,MAIL,1,0.01,18,Brand#23,LG BAG,17,32,2,34283.4624
O,O,N,TAKE BACK RETURN,Manufacturer#1,3-MEDIUM,1,MACHINERY,SHIP,2,0.01,18,Brand#13,WRAP JAR,27,15,2,15231.111
F,F,A,COLLECT COD,Manufacturer#5,2-HIGH,2,MACHINERY,RAIL,4,0.05,18,Brand#54,MED JAR,22,41,2,40103.2562
F,F,A,NONE,Manufacturer#3,1-URGENT,4,AUTOMOBILE,REG AIR,4,0.03,8,Brand#31,JUMBO CAN,11,26,3,26167.1124
O,O,N,DELIVER IN PERSON,Manufacturer#4,5-LOW,3,BUILDING,FOB,1,0.07,18,Brand#42,JUMBO BOX,10,5,2,7001.8245
O,O,N,COLLECT COD,Manufacturer#1,1-URGENT,4,FURNITURE,MAIL,3,0.07,8,Brand#13,JUMBO DRUM,42,9,3,9343.17
F,F,R,NONE,Manufacturer#3,3-MEDIUM,3,BUILDING,SHIP,2,0.07,9,Brand#31,JUMBO DRUM,48,20,4,22151.476
O,O,N,NONE,Manufacturer#1,2-HIGH,1,BUILDING,RAIL,2,0.05,8,Brand#12,WRAP PKG,40,50,3,82350.45
O,O,N,DELIVER IN PERSON,Manufacturer#3,2-HIGH,1,BUILDING,RAIL,1,0.04,8,Brand#35,SM CAN,39,44,3,46979.7504
F,F,R,NONE,Manufacturer#4,1-URGENT,1,AUTOMOBILE,REG AIR,2,0,21,Brand#45,MED JAR,35,12,1,20042.8416
F,F,R,TAKE BACK RETURN,Manufacturer#2,4-NOT SPECIFIED,0,AUTOMOBILE,TRUCK,2,0.06,12,Brand#22,LG JAR,45,35,0,41252.568
F,F,A,TAKE BACK RETURN,Manufacturer#4,4-NOT SPECIFIED,0,AUTOMOBILE,RAIL,5,0.01,8,Brand#43,LG DRUM,12,41,3,44438.67
F,F,A,DELIVER IN PERSON,Manufacturer#5,2-HIGH,1,BUILDING,REG AIR,1,0,21,Brand#54,LG CASE,42,14,1,20839.2002
F,F,R,COLLECT COD,Manufacturer#1,3-MEDIUM,0,FURNITURE,FOB,3,0.04,9,Brand#14,SM CAN,38,44,4,62007.5456
F,F,R,TAKE BACK RETURN,Manufacturer#1,3-MEDIUM,0,FURNITURE,REG AIR,2,0.04,12,Brand#14,WRAP BAG,25,3,0,2719.17
F,F,A,NONE,Manufacturer#2,3-MEDIUM,0,FURNITURE,AIR,1,0.03,12,Brand#22,SM BAG,5,41,0,40045.274
F,P,R,NONE,Manufacturer#2,1-URGENT,0,HOUSEHOLD,MAIL,3,0,8,Brand#21,JUMBO CASE,31,37,3,42936.6944
F,P,R,DELIVER IN PERSON,Manufacturer#3,1-URGENT,0,HOUSEHOLD,TRUCK,5,0.04,18,Brand#32,WRAP CAN,9,28,2,43401.2992
O,O,N,COLLECT COD,Manufacturer#5,3-MEDIUM,3,BUILDING,TRUCK,3,0.04,21,Brand#51,LG CAN,22,4,1,6506.88
O,O,N,COLLECT COD,Manufacturer#3,3-MEDIUM,3,BUILDING,RAIL,2,0.06,18,Brand#32,WRAP DRUM,27,45,2,56718.3735
F,F,A,TAKE BACK RETURN,Manufacturer#1,2-HIGH,2,MACHINERY,MAIL,2,0.04,18,Brand#13,WRAP JAR,11,43,2,56605.63
F,F,R,COLLECT COD,Manufacturer#5,4-NOT SPECIFIED,4,BUILDING,FOB,6,0.04,9,Brand#51,JUMBO BAG,20,20,4,32491.824
O,O,N,TAKE BACK RETURN,Manufacturer#5,3-MEDIUM,1,FURNITURE,RAIL,3,0.07,12,Brand#52,WRAP PACK,36,23,0,33915.11
F,F,A,NONE,Manufacturer#2,1-URGENT,3,HOUSEHOLD,RAIL,1,0.05,18,Brand#21,JUMBO PKG,11,7,2,6713.8848
F,F,A,DELIVER IN PERSON,Manufacturer#2,1-URGENT,3,HOUSEHOLD,REG AIR,3,0,12,Brand#23,LG BAG,17,20,0,20128.548
O,O,N,NONE,Manufacturer#4,5-LOW,1,AUTOMOBILE,MAIL,2,0.02,21,Brand#41,LG PACK,43,37,1,57008.7675
F,F,A,COLLECT COD,Manufacturer#2,3-MEDIUM,2,MACHINERY,TRUCK,1,0.03,8,Brand#22,MED JAR,19,5,3,5535.014
F,F,A,NONE,Manufacturer#1,3-MEDIUM,2,MACHINERY,RAIL,3,0.04,18,Brand#12,MED PACK,24,12,2,13468.0224
F,F,A,TAKE BACK RETURN,Manufacturer#2,1-URGENT,1,FURNITURE,MAIL,1,0,8,Brand#25,JUMBO CAN,23,3,3,3019.926
F,P,N,COLLECT COD,Manufacturer#2,3-MEDIUM,0,AUTOMOBILE,RAIL,5,0.06,9,Brand#22,MED CASE,38,24,4,33072.312
F,P,R,DELIVER IN PERSON,Manufacturer#5,3-MEDIUM,0,AUTOMOBILE,REG AIR,6,0.04,21,Brand#53,SM BOX,21,3,1,4790.8908
O,O,N,NONE,Manufacturer#4,4-NOT SPECIFIED,2,MACHINERY,TRUCK,1,0,12,Brand#45,MED PKG,8,36,0,49162.3272
O,O,N,COLLECT COD,Manufacturer#1,4-NOT SPECIFIED,2,MACHINERY,FOB,4,0.07,12,Brand#15,JUMBO JAR,3,2,0,2361.2498
O,O,N,DELIVER IN PERSON,Manufacturer#4,5-LOW,0,BUILDING,TRUCK,5,0.05,18,Brand#44,MED DRUM,14,49,2,69182.2915
O,O,N,DELIVER IN PERSON,Manufacturer#1,5-LOW,3,FURNITURE,AIR,1,0.02,8,Brand#15,LG DRUM,31,38,3,46791.5128
O,O,N,TAKE BACK RETURN,Manufacturer#2,4-NOT SPECIFIED,1,BUILDING,FOB,1,0.03,9,Brand#21,MED PACK,30,34,4,50898.714
F,F,A,TAKE BACK RETURN,Manufacturer#4,3-MEDIUM,0,HOUSEHOLD,MAIL,1,0.01,18,Brand#44,WRAP PKG,42,49,2,76771.044
F,F,R,NONE,Manufacturer#2,3-MEDIUM,0,HOUSEHOLD,REG AIR,3,0,9,Brand#21,MED PACK,30,41,4,59397.93
F,F,A,COLLECT COD,Manufacturer#3,2-HIGH,4,MACHINERY,SHIP,1,0.07,21,Brand#34,JUMBO CASE,19,36,1,62817.2388
O,O,N,DELIVER IN PERSON,Manufacturer#3,4-NOT SPECIFIED,3,BUILDING,SHIP,5,0.03,12,Brand#34,WRAP PKG,27,5,0,6102.9975
O,O,N,TAKE BACK RETURN,Manufacturer#5,4-NOT SPECIFIED,3,BUILDING,MAIL,4,0.04,12,Brand#54,SM CAN,32,29,0,43032.114
O,O,N,COLLECT COD,Manufacturer#4,3-MEDIUM,0,BUILDING,REG AIR,1,0.04,18,Brand#45,SM PACK,3,18,2,29066.409
F,F,R,NONE,Manufacturer#2,3-MEDIUM,4,HOUSEHOLD,FOB,5,0.02,9,Brand#22,SM CASE,42,32,4,46225.28
F,F,A,NONE,Manufacturer#1,3-MEDIUM,4,HOUSEHOLD,MAIL,2,0.03,18,Brand#12,LG JAR,18,1,2,1647.8263
F,F,R,COLLECT COD,Manufacturer#2,1-URGENT,4,BUILDING,TRUCK,2,0.04,21,Brand#21,WRAP BAG,37,24,1,29937.9456
F,F,R,DELIVER IN PERSON,Manufacturer#1,1-URGENT,4,BUILDING,FOB,1,0.02,9,Brand#11,SM PACK,32,1,4,1652.686
F,F,R,NONE,Manufacturer#5,2-HIGH,4,MACHINERY,FOB,4,0.01,21,Brand#55,MED JAR,12,10,1,14255.605
F,F,A,DELIVER IN PERSON,Manufacturer#4,2-HIGH,4,MACHINERY,MAIL,1,0.02,8,Brand#45,SM CAN,21,22,3,21406.154
O,P,N,COLLECT COD,Manufacturer#1,5-LOW,4,BUILDING,REG AIR,2,0.08,18,Brand#15,WRAP CASE,47,36,2,45847.2924
F,F,A,TAKE BACK RETURN,Manufacturer#5,3-MEDIUM,3,AUTOMOBILE,REG AIR,4,0.06,9,Brand#55,LG JAR,38,8,4,9881.784
O,O,N,COLLECT COD,Manufacturer#2,3-MEDIUM,3,HOUSEHOLD,REG AIR,2,0.03,9,Brand#21,SM PKG,10,27,4,34786.422
O,O,N,DELIVER IN PERSON,Manufacturer#4,1-URGENT,4,FURNITURE,RAIL,3,0.07,9,Brand#42,LG BOX,34,50,4,64129.62
O,O,N,COLLECT COD,Manufacturer#3,3-MEDIUM,1,HOUSEHOLD,MAIL,4,0.05,21,Brand#32,LG DRUM,43,10,1,9900.891
F,F,R,NONE,Manufacturer#4,3-MEDIUM,4,FURNITURE,MAIL,1,0,8,Brand#41,WRAP CASE,50,49,3,57965.481
F,F,R,NONE,Manufacturer#5,3-MEDIUM,4,FURNITURE,TRUCK,3,0.02,12,Brand#52,WRAP CAN,4,49,0,77936.3669
F,F,N,NONE,Manufacturer#1,4-NOT SPECIFIED,2,BUILDING,SHIP,5,0.03,12,Brand#11,LG PKG,12,31,0,47138.91
F,F,R,COLLECT COD,Manufacturer#4,1-URGENT,1,MACHINERY,FOB,5,0.03,21,Brand#45,MED CAN,24,22,1,20322.5022
O,O,N,NONE,Manufacturer#5,2-HIGH,4,BUILDING,AIR,1,0.03,18,Brand#51,WRAP BAG,2,49,2,69497.1312
O,O,N,TAKE BACK RETURN,Manufacturer#4,2-HIGH,4,BUILDING,RAIL,4,0.02,9,Brand#45,WRAP PKG,15,6,4,6439.02
O,O,N,TAKE BACK RETURN,Manufacturer#5,2-HIGH,4,BUILDING,FOB,2,0.05,18,Brand#54,MED JAR,22,20,2,18165.238
F,F,R,DELIVER IN PERSON,Manufacturer#1,2-HIGH,2,FURNITURE,RAIL,1,0.03,8,Brand#11,WRAP PKG,20,5,3,8156.313
F,F,A,DELIVER IN PERSON,Manufacturer#2,2-HIGH,2,FURNITURE,FOB,7,0.01,9,Brand#25,SM CASE,22,24,4,22816.0296
O,O,N,DELIVER IN PERSON,Manufacturer#1,3-MEDIUM,3,HOUSEHOLD,MAIL,5,0.06,9,Brand#15,SM JAR,25,17,4,22616.5212
O,O,N,DELIVER IN PERSON,Manufacturer#2,3-MEDIUM,3,HOUSEHOLD,REG AIR,4,0,21,Brand#24,MED DRUM,50,34,1,55569.7632
O,O,N,TAKE BACK RETURN,Manufacturer#5,4-NOT SPECIFIED,1,BUILDING,AIR,2,0,8,Brand#54,MED DRUM,42,42,3,66298.8984
F,P,A,NONE,Manufacturer#3,1-URGENT,3,AUTOMOBILE,AIR,4,0.02,12,Brand#35,LG BAG,42,30,0,33581.856
F,P,N,NONE,Manufacturer#3,1-URGENT,3,AUTOMOBILE,MAIL,5,0.04,18,Brand#35,JUMBO JAR,28,38,2,56905.0912
O,O,N,NONE,Manufacturer#4,3-MEDIUM,0,BUILDING,SHIP,3,0.06,12,Brand#45,MED DRUM,3,19,0,26190.873
O,O,N,TAKE BACK RETURN,Manufacturer#2,3-MEDIUM,0,BUILDING,REG AIR,1,0.01,21,Brand#24,WRAP BAG,28,3,1,4507.8309
F,F,A,NONE,Manufacturer#1,1-URGENT,0,HOUSEHOLD,FOB,5,0.05,12,Brand#14,JUMBO PACK,42,6,0,7813.0008
F,F,R,COLLECT COD,Manufacturer#3,1-URGENT,0,HOUSEHOLD,SHIP,6,0.05,21,Brand#32,MED JAR,15,22,1,37600.002
F,F,A,COLLECT COD,Manufacturer#4,1-URGENT,0,HOUSEHOLD,SHIP,3,0.06,21,Brand#43,LG JAR,20,4,1,3885.012
F,F,R,COLLECT COD,Manufacturer#5,1-URGENT,0,HOUSEHOLD,FOB,1,0.03,18,Brand#52,WRAP CAN,39,20,2,16489.2
F,F,R,DELIVER IN PERSON,Manufacturer#4,1-URGENT,0,HOUSEHOLD,REG AIR,4,0.02,9,Brand#43,MED PACK,47,46,4,70619.085
F,F,R,NONE,Manufacturer#2,4-NOT SPECIFIED,3,AUTOMOBILE,TRUCK,4,0,21,Brand#21,SM BOX,26,6,1,10048.9662
F,F,A,COLLECT COD,Manufacturer#1,4-NOT SPECIFIED,3,AUTOMOBILE,FOB,3,0.07,21,Brand#12,WRAP PKG,41,32,1,45709.44
O,O,N,TAKE BACK RETURN,Manufacturer#2,4-NOT SPECIFIED,0,BUILDING,TRUCK,2,0.02,18,Brand#23,LG JAR,3,48,2,53455.512
O,O,N,DELIVER IN PERSON,Manufacturer#3,4-NOT SPECIFIED,0,BUILDING,TRUCK,1,0.02,18,Brand#33,LG PACK,13,36,2,34478.784
O,O,N,COLLECT COD,Manufacturer#5,4-NOT SPECIFIED,0,BUILDING,AIR,3,0.04,21,Brand#55,JUMBO BAG,3,12,1,10434.2256
O,O,N,DELIVER IN PERSON,Manufacturer#4,2-HIGH,2,FURNITURE,TRUCK,1,0,8,Brand#42,JUMBO BOX,10,7,3,9406.4915
F,F,R,COLLECT COD,Manufacturer#4,2-HIGH,4,AUTOMOBILE,AIR,6,0.08,9,Brand#42,MED PACK,24,16,4,25772.3648
F,F,A,COLLECT COD,Manufacturer#1,2-HIGH,4,AUTOMOBILE,SHIP,3,0.07,8,Brand#15,SM PACK,24,14,3,19736.6316
F,F,R,NONE,Manufacturer#1,2-HIGH,4,AUTOMOBILE,MAIL,4,0.02,9,Brand#11,MED JAR,33,43,4,52319.2438
O,O,N,TAKE BACK RETURN,Manufacturer#5,2-HIGH,0,HOUSEHOLD,AIR,6,0.06,9,Brand#54,LG JAR,19,47,4,43046.736
F,F,A,COLLECT COD,Manufacturer#2,5-LOW,3,HOUSEHOLD,REG AIR,2,0.01,18,Brand#21,JUMBO BAG,44,33,2,30991.7718
F,F,R,NONE,Manufacturer#3,5-LOW,3,HOUSEHOLD,MAIL,1,0.07,9,Brand#31,SM CAN,34,44,4,57423.3792
F,F,R,NONE,Manufacturer#5,5-LOW,3,HOUSEHOLD,SHIP,4,0.06,12,Brand#52,LG JAR,14,15,0,14790.528
O,O,N,NONE,Manufacturer#4,4-NOT SPECIFIED,4,BUILDING,REG AIR,3,0.05,12,Brand#45,LG BOX,6,43,0,71330.8596
O,O,N,DELIVER IN PERSON,Manufacturer#4,4-NOT SPECIFIED,4,BUILDING,RAIL,6,0,21,Brand#44,JUMBO PKG,46,38,1,35340.76
O,O,N,COLLECT COD,Manufacturer#1,4-NOT SPECIFIED,3,FURNITURE,RAIL,4,0.04,8,Brand#14,JUMBO BOX,44,18,3,21785.436
O,O,N,TAKE BACK RETURN,Manufacturer#2,4-NOT SPECIFIED,3,FURNITURE,REG AIR,2,0,18,Brand#22,SM PACK,19,17,2,22516.4354
O,O,N,TAKE BACK RETURN,Manufacturer#4,4-NOT SPECIFIED,3,FURNITURE,MAIL,3,0.04,8,Brand#43,JUMBO CAN,42,5,3,4807.5225
O,O,N,COLLECT COD,Manufacturer#4,1-URGENT,0,FURNITURE,TRUCK,5,0.08,21,Brand#43,SM CASE,20,11,1,14708.375
O,O,N,NONE,Manufacturer#5,1-URGENT,0,FURNITURE,MAIL,1,0.05,21,Brand#55,WRAP BOX,17,41,1,48770.7464
O,O,N,TAKE BACK RETURN,Manufacturer#2,1-URGENT,0,FURNITURE,MAIL,6,0.05,18,Brand#23,LG JAR,46,20,2,23015.692
F,F,R,DELIVER IN PERSON,Manufacturer#3,1-URGENT,4,FURNITURE,SHIP,2,0.06,12,Brand#32,SM PKG,15,8,0,6950.4
O,O,N,NONE,Manufacturer#2,2-HIGH,2,MACHINERY,SHIP,2,0.01,18,Brand#22,SM PACK,19,42,2,55055.3472
O,O,N,DELIVER IN PERSON,Manufacturer#2,2-HIGH,3,AUTOMOBILE,SHIP,2,0.08,9,Brand#23,LG JAR,15,22,4,26434.8084
O,O,N,DELIVER IN PERSON,Manufacturer#4,2-HIGH,1,AUTOMOBILE,TRUCK,2,0.07,12,Brand#42,JUMBO JAR,7,47,0,66236.3856
O,O,N,TAKE BACK RETURN,Manufacturer#4,2-HIGH,1,AUTOMOBILE,RAIL,4,0.06,21,Brand#41,SM PACK,24,31,1,41573.8148
O,O,N,TAKE BACK RETURN,Manufacturer#2,2-HIGH,1,AUTOMOBILE,MAIL,1,0,18,Brand#22,MED JAR,19,21,2,21809.0964
F,F,A,TAKE BACK RETURN,Manufacturer#4,3-MEDIUM,1,MACHINERY,FOB,2,0.02,12,Brand#41,MED JAR,18,13,0,22522.5364
F,F,R,DELIVER IN PERSON,Manufacturer#3,1-URGENT,2,AUTOMOBILE,RAIL,2,0,8,Brand#33,SM CAN,23,13,3,22945.6825
O,O,N,COLLECT COD,Manufacturer#1,3-MEDIUM,4,MACHINERY,TRUCK,3,0.07,21,Brand#13,MED JAR,19,36,1,52517.1024
O,O,N,DELIVER IN PERSON,Manufacturer#2,3-MEDIUM,4,MACHINERY,FOB,5,0.06,18,Brand#24,JUMBO BOX,47,39,2,57589.623
F,F,R,DELIVER IN PERSON,Manufacturer#2,3-MEDIUM,0,HOUSEHOLD,RAIL,2,0.04,9,Brand#24,JUMBO CASE,48,39,4,56986.293
F,F,R,NONE,Manufacturer#4,1-URGENT,4,FURNITURE,TRUCK,3,0.02,21,Brand#45,JUMBO PACK,14,6,1,5398.128
F,F,R,NONE,Manufacturer#2,5-LOW,4,FURNITURE,FOB,2,0.08,18,Brand#22,MED JAR,19,26,2,27595.1832
F,F,A,TAKE BACK RETURN,Manufacturer#3,3-MEDIUM,1,MACHINERY,RAIL,2,0.02,12,Brand#31,LG PKG,47,39,0,43321.083
F,F,R,NONE,Manufacturer#3,3-MEDIUM,1,MACHINERY,TRUCK,1,0.08,9,Brand#33,LG CAN,14,18,4,23515.2
O,O,N,NONE,Manufacturer#5,5-LOW,4,BUILDING,MAIL,6,0.05,9,Brand#55,JUMBO DRUM,2,45,4,59058.45
F,F,R,TAKE BACK RETURN,Manufacturer#5,1-URGENT,1,BUILDING,RAIL,3,0.06,9,Brand#55,JUMBO CASE,25,1,4,905.8851
O,O,N,COLLECT COD,Manufacturer#3,3-MEDIUM,3,AUTOMOBILE,SHIP,2,0,9,Brand#33,WRAP CASE,34,46,4,71043.964
O,O,N,TAKE BACK RETURN,Manufacturer#5,3-MEDIUM,0,AUTOMOBILE,SHIP,4,0.03,9,Brand#54,MED CASE,49,22,4,31726.0944
O,O,N,COLLECT COD,Manufacturer#1,5-LOW,1,MACHINERY,REG AIR,1,0.05,8,Brand#13,LG PKG,19,21,3,19526.157
O,O,N,TAKE BACK RETURN,Manufacturer#4,4-NOT SPECIFIED,2,HOUSEHOLD,TRUCK,4,0.08,8,Brand#43,MED PACK,47,30,3,44570.25
O,O,N,NONE,Manufacturer#4,4-NOT SPECIFIED,2,HOUSEHOLD,MAIL,2,0.08,8,Brand#45,MED JAR,39,14,3,24042.2672
F,F,R,TAKE BACK RETURN,Manufacturer#3,3-MEDIUM,2,HOUSEHOLD,FOB,5,0.04,8,Brand#32,JUMBO CASE,40,1,3,1636.5604
F,F,A,COLLECT COD,Manufacturer#5,5-LOW,3,HOUSEHOLD,SHIP,1,0.07,9,Brand#54,WRAP CAN,13,23,4,19782.5162
O,O,N,TAKE BACK RETURN,Manufacturer#5,4-NOT SPECIFIED,4,BUILDING,AIR,2,0.01,21,Brand#55,JUMBO BAG,19,29,1,39580.0932
F,F,A,DELIVER IN PERSON,Manufacturer#5,1-URGENT,2,HOUSEHOLD,RAIL,4,0.08,12,Brand#54,MED PKG,43,38,0,59949.7576
F,F,A,NONE,Manufacturer#3,1-URGENT,2,HOUSEHOLD,RAIL,1,0.05,18,Brand#32,SM DRUM,32,18,2,23371.02
O,O,N,NONE,Manufacturer#2,3-MEDIUM,1,BUILDING,MAIL,1,0.02,21,Brand#24,MED DRUM,36,33,1,41241.3012
O,O,N,COLLECT COD,Manufacturer#2,3-MEDIUM,1,BUILDING,TRUCK,2,0.06,18,Brand#21,JUMBO CASE,31,24,2,29061.7344
O,O,N,NONE,Manufacturer#5,3-MEDIUM,1,BUILDING,MAIL,5,0.03,18,Brand#55,SM BOX,37,40,2,37095.604
F,F,A,TAKE BACK RETURN,Manufacturer#5,1-URGENT,2,MACHINERY,AIR,3,0.06,9,Brand#53,LG JAR,31,26,4,34414.653
F,F,R,COLLECT COD,Manufacturer#5,1-URGENT,1,HOUSEHOLD,FOB,4,0.02,18,Brand#52,WRAP CASE,10,23,2,34696.7075
F,F,R,TAKE BACK RETURN,Manufacturer#2,1-URGENT,1,HOUSEHOLD,MAIL,1,0.06,18,Brand#22,SM BAG,8,14,2,23825.2
O,O,N,NONE,Manufacturer#4,2-HIGH,2,HOUSEHOLD,MAIL,1,0.06,8,Brand#41,LG PKG,12,49,3,82161.73
O,O,N,DELIVER IN PERSON,Manufacturer#3,2-HIGH,2,HOUSEHOLD,REG AIR,5,0.06,21,Brand#31,LG JAR,32,9,1,10553.5215
O,O,N,COLLECT COD,Manufacturer#4,2-HIGH,2,HOUSEHOLD,MAIL,3,0,18,Brand#44,WRAP CASE,35,39,2,44036.2416
O,O,N,TAKE BACK RETURN,Manufacturer#3,5-LOW,0,MACHINERY,RAIL,2,0,21,Brand#34,WRAP PACK,30,18,1,29416.2588
F,F,A,TAKE BACK RETURN,Manufacturer#3,5-LOW,4,HOUSEHOLD,TRUCK,2,0.08,18,Brand#32,LG PKG,36,11,2,19175.7654
O,O,N,NONE,Manufacturer#2,2-HIGH,3,MACHINERY,FOB,2,0.02,21,Brand#25,MED CAN,25,23,1,20649.124
F,F,A,NONE,Manufacturer#1,4-NOT SPECIFIED,1,BUILDING,REG AIR,4,0.03,18,Brand#14,JUMBO PACK,7,24,2,31275.2832
F,F,A,DELIVER IN PERSON,Manufacturer#2,2-HIGH,2,HOUSEHOLD,FOB,1,0.04,21,Brand#21,JUMBO PKG,11,28,1,25736.5584
O,O,N,DELIVER IN PERSON,Manufacturer#2,2-HIGH,0,BUILDING,RAIL,1,0.05,21,Brand#24,SM JAR,10,24,1,31685.52
O,O,N,COLLECT COD,Manufacturer#3,4-NOT SPECIFIED,3,AUTOMOBILE,MAIL,2,0.01,18,Brand#31,WRAP JAR,4,1,2,1662.3957
O,O,N,DELIVER IN PERSON,Manufacturer#3,4-NOT SPECIFIED,3,AUTOMOBILE,RAIL,5,0.08,12,Brand#33,MED PACK,30,29,0,42679.7292
F,F,R,NONE,Manufacturer#3,4-NOT SPECIFIED,4,FURNITURE,SHIP,2,0.06,8,Brand#31,SM PKG,33,49,3,64442.7616
F,F,A,NONE,Manufacturer#1,4-NOT SPECIFIED,4,FURNITURE,RAIL,4,0.06,9,Brand#12,JUMBO BAG,43,6,4,6886.998
F,F,A,TAKE BACK RETURN,Manufacturer#2,4-NOT SPECIFIED,4,FURNITURE,TRUCK,1,0.02,18,Brand#22,SM PKG,45,39,2,36370.0194
F,F,A,NONE,Manufacturer#2,3-MEDIUM,0,FURNITURE,FOB,4,0.06,18,Brand#21,JUMBO DRUM,49,27,2,38721.24
O,O,N,DELIVER IN PERSON,Manufacturer#4,4-NOT SPECIFIED,3,FURNITURE,RAIL,3,0.08,18,Brand#43,JUMBO BOX,3,27,2,40470.0381
F,F,A,NONE,Manufacturer#5,2-HIGH,4,FURNITURE,AIR,3,0.06,8,Brand#54,LG BOX,37,32,3,28308.7904
F,F,A,NONE,Manufacturer#5,5-LOW,0,BUILDING,REG AIR,5,0.04,9,Brand#52,WRAP CAN,4,25,4,38123.7225
O,O,N,DELIVER IN PERSON,Manufacturer#4,3-MEDIUM,0,MACHINERY,MAIL,2,0.03,18,Brand#43,JUMBO PACK,25,50,2,68409.735
O,O,N,NONE,Manufacturer#4,3-MEDIUM,0,MACHINERY,REG AIR,1,0.06,21,Brand#43,JUMBO PKG,17,44,1,54021.902
O,O,N,TAKE BACK RETURN,Manufacturer#5,3-MEDIUM,0,MACHINERY,RAIL,6,0.01,18,Brand#52,LG BAG,41,3,2,4974.2352
F,F,A,TAKE BACK RETURN,Manufacturer#5,1-URGENT,2,FURNITURE,TRUCK,4,0.02,8,Brand#51,JUMBO BOX,39,12,3,20898.6096
F,F,R,DELIVER IN PERSON,Manufacturer#2,1-URGENT,2,FURNITURE,MAIL,2,0.07,9,Brand#21,SM PKG,10,24,4,29671.92
O,O,N,TAKE BACK RETURN,Manufacturer#2,4-NOT SPECIFIED,3,FURNITURE,MAIL,4,0.03,12,Brand#23,JUMBO BAG,35,23,0,23986.1664
O,O,N,DELIVER IN PERSON,Manufacturer#1,4-NOT SPECIFIED,3,FURNITURE,FOB,7,0.06,18,Brand#14,LG JAR,9,7,2,12431.6577
O,O,N,COLLECT COD,Manufacturer#1,4-NOT SPECIFIED,3,FURNITURE,AIR,1,0.05,21,Brand#12,LG PKG,1,44,1,44535.6912
O,O,N,DELIVER IN PERSON,Manufacturer#3,1-URGENT,3,MACHINERY,MAIL,2,0,21,Brand#32,SM CASE,9,21,1,39334.4721
O,O,N,COLLECT COD,Manufacturer#4,1-URGENT,3,MACHINERY,SHIP,5,0.04,18,Brand#45,WRAP BAG,8,32,2,56413.1904
O,O,N,COLLECT COD,Manufacturer#1,1-URGENT,3,MACHINERY,AIR,3,0.05,9,Brand#11,WRAP BAG,38,27,4,48191.76
O,O,N,COLLECT COD,Manufacturer#1,1-URGENT,3,HOUSEHOLD,SHIP,2,0.01,9,Brand#13,WRAP CASE,24,37,4,34723.131
O,O,N,COLLECT COD,Manufacturer#2,2-HIGH,0,HOUSEHOLD,REG AIR,3,0.08,9,Brand#21,MED JAR,8,1,4,1078.2912
O,O,N,COLLECT COD,Manufacturer#5,2-HIGH,0,HOUSEHOLD,MAIL,2,0.02,21,Brand#53,LG BAG,2,9,1,8631.45
O,O,N,DELIVER IN PERSON,Manufacturer#2,1-URGENT,0,BUILDING,MAIL,1,0.07,8,Brand#21,JUMBO DRUM,13,39,3,62717.928
F,F,A,TAKE BACK RETURN,Manufacturer#3,4-NOT SPECIFIED,4,AUTOMOBILE,REG AIR,4,0.06,18,Brand#32,WRAP CAN,9,10,2,15025.96
F,F,R,NONE,Manufacturer#4,4-NOT SPECIFIED,4,AUTOMOBILE,REG AIR,2,0.08,21,Brand#45,WRAP PKG,29,30,1,34395.552
O,O,N,COLLECT COD,Manufacturer#5,1-URGENT,1,MACHINERY,TRUCK,2,0.08,18,Brand#53,SM CASE,32,28,2,27332.7096
F,F,R,DELIVER IN PERSON,Manufacturer#5,2-HIGH,4,FURNITURE,AIR,1,0.08,9,Brand#53,WRAP DRUM,46,42,4,48932.1504
O,O,N,COLLECT COD,Manufacturer#2,2-HIGH,2,MACHINERY,AIR,4,0.02,18,Brand#23,LG DRUM,26,18,2,31638.4704
F,F,R,NONE,Manufacturer#5,4-NOT SPECIFIED,3,MACHINERY,MAIL,3,0.01,21,Brand#51,MED CAN,10,3,1,4808.349
F,F,R,DELIVER IN PERSON,Manufacturer#5,4-NOT SPECIFIED,3,MACHINERY,FOB,2,0.08,8,Brand#54,LG BAG,10,28,3,35201.1576
O,O,N,NONE,Manufacturer#4,1-URGENT,2,AUTOMOBILE,FOB,2,0.01,21,Brand#45,SM CASE,26,46,1,80802.358
O,O,N,DELIVER IN PERSON,Manufacturer#5,4-NOT SPECIFIED,2,BUILDING,TRUCK,1,0.05,18,Brand#53,LG PACK,46,45,2,43439.3685
O,O,N,NONE,Manufacturer#4,3-MEDIUM,0,FURNITURE,TRUCK,4,0.07,12,Brand#41,SM PACK,35,26,0,22460.6044
F,F,A,NONE,Manufacturer#5,3-MEDIUM,3,BUILDING,AIR,6,0.05,9,Brand#52,SM BAG,9,38,4,65974.9768
F,F,R,DELIVER IN PERSON,Manufacturer#1,3-MEDIUM,3,BUILDING,RAIL,2,0.04,18,Brand#11,JUMBO BOX,48,15,2,18258.075
F,F,R,COLLECT COD,Manufacturer#4,3-MEDIUM,3,BUILDING,AIR,1,0.06,8,Brand#42,LG DRUM,48,27,3,39050.4294
O,O,N,COLLECT COD,Manufacturer#5,3-MEDIUM,4,BUILDING,MAIL,2,0.03,9,Brand#51,WRAP JAR,42,16,4,26476
O,O,N,TAKE BACK RETURN,Manufacturer#1,4-NOT SPECIFIED,0,HOUSEHOLD,TRUCK,1,0.06,21,Brand#14,MED BOX,1,36,1,52579.8
O,O,N,TAKE BACK RETURN,Manufacturer#3,4-NOT SPECIFIED,0,HOUSEHOLD,RAIL,7,0.04,18,Brand#35,SM BAG,16,31,2,34575.5307
O,O,N,TAKE BACK RETURN,Manufacturer#4,4-NOT SPECIFIED,0,HOUSEHOLD,FOB,6,0.02,18,Brand#43,JUMBO BAG,41,6,2,9662.7168
F,F,R,NONE,Manufacturer#1,5-LOW,1,BUILDING,MAIL,1,0.01,8,Brand#14,JUMBO JAR,21,1,3,1595.583
O,O,N,COLLECT COD,Manufacturer#4,4-NOT SPECIFIED,3,FURNITURE,SHIP,2,0.05,9,Brand#44,SM CASE,16,34,4,33258.7728
O,O,N,TAKE BACK RETURN,Manufacturer#4,4-NOT SPECIFIED,3,FURNITURE,TRUCK,3,0.01,21,Brand#42,SM PACK,30,16,1,26016.6144
F,F,A,DELIVER IN PERSON,Manufacturer#5,3-MEDIUM,4,BUILDING,SHIP,3,0.01,8,Brand#51,WRAP CASE,1,47,3,68959.8899
F,F,A,NONE,Manufacturer#4,3-MEDIUM,4,BUILDING,TRUCK,2,0.07,18,Brand#45,SM PKG,31,46,2,49281.0052
F,F,R,TAKE BACK RETURN,Manufacturer#5,4-NOT SPECIFIED,3,BUILDING,FOB,4,0.08,9,Brand#54,SM CASE,6,19,4,23383.566
F,F,R,DELIVER IN PERSON,Manufacturer#4,2-HIGH,0,BUILDING,FOB,7,0.05,12,Brand#45,LG PKG,16,24,0,27401.22
F,F,A,TAKE BACK RETURN,Manufacturer#2,4-NOT SPECIFIED,1,MACHINERY,TRUCK,2,0.08,12,Brand#25,SM BAG,36,21,0,24425.184
O,O,N,TAKE BACK RETURN,Manufacturer#2,3-MEDIUM,3,HOUSEHOLD,TRUCK,1,0,9,Brand#21,MED PACK,48,41,4,51429.7112
F,F,R,NONE,Manufacturer#2,2-HIGH,4,AUTOMOBILE,FOB,4,0.01,21,Brand#24,LG CAN,2,34,1,45591.5792
F,F,A,COLLECT COD,Manufacturer#3,2-HIGH,4,AUTOMOBILE,AIR,5,0,12,Brand#34,LG CASE,20,36,0,47262.474
F,F,R,COLLECT COD,Manufacturer#5,2-HIGH,4,AUTOMOBILE,TRUCK,3,0.01,9,Brand#54,LG CAN,29,42,4,71336.412
O,O,N,DELIVER IN PERSON,Manufacturer#1,3-MEDIUM,1,MACHINERY,RAIL,1,0,18,Brand#12,JUMBO PACK,30,27,2,35978.094
F,F,A,COLLECT COD,Manufacturer#4,1-URGENT,1,BUILDING,SHIP,1,0.04,18,Brand#42,LG BOX,19,23,2,32702.6282
F,F,A,DELIVER IN PERSON,Manufacturer#5,1-URGENT,1,BUILDING,AIR,3,0.08,12,Brand#53,WRAP DRUM,10,9,0,9158.5035
F,F,A,COLLECT COD,Manufacturer#2,1-URGENT,1,BUILDING,TRUCK,5,0.06,9,Brand#25,WRAP PKG,37,46,4,65170.1872
F,F,A,COLLECT COD,Manufacturer#2,1-URGENT,1,BUILDING,MAIL,7,0.06,9,Brand#23,JUMBO BAG,44,32,4,51270.32
O,O,N,DELIVER IN PERSON,Manufacturer#3,5-LOW,4,HOUSEHOLD,REG AIR,1,0.06,8,Brand#35,LG CAN,42,6,3,6208.326
O,O,N,DELIVER IN PERSON,Manufacturer#3,5-LOW,4,HOUSEHOLD,FOB,3,0.06,9,Brand#33,LG DRUM,28,12,4,12713.6196
O,O,N,COLLECT COD,Manufacturer#2,5-LOW,4,HOUSEHOLD,RAIL,7,0.01,18,Brand#22,JUMBO CASE,22,14,2,24180.3926
O,O,N,TAKE BACK RETURN,Manufacturer#4,5-LOW,4,HOUSEHOLD,AIR,2,0.05,18,Brand#43,LG PACK,44,4,2,4983.358
F,F,R,DELIVER IN PERSON,Manufacturer#2,3-MEDIUM,4,HOUSEHOLD,TRUCK,1,0.02,21,Brand#24,JUMBO PACK,41,12,1,13586.9064
F,F,R,COLLECT COD,Manufacturer#4,3-MEDIUM,4,HOUSEHOLD,AIR,5,0,9,Brand#42,WRAP BOX,11,32,4,59646.72
F,F,R,NONE,Manufacturer#5,3-MEDIUM,4,HOUSEHOLD,RAIL,6,0.08,9,Brand#52,WRAP BAG,4,28,4,40839.428
O,O,N,NONE,Manufacturer#2,4-NOT SPECIFIED,1,FURNITURE,MAIL,1,0.01,18,Brand#22,WRAP DRUM,37,49,2,66926.601
O,O,N,TAKE BACK RETURN,Manufacturer#5,1-URGENT,0,BUILDING,TRUCK,1,0.02,12,Brand#51,JUMBO JAR,23,47,0,65372.2389
O,O,N,DELIVER IN PERSON,Manufacturer#1,1-URGENT,2,AUTOMOBILE,SHIP,3,0.07,8,Brand#14,SM CAN,2,8,3,8574.472
O,O,N,DELIVER IN PERSON,Manufacturer#2,2-HIGH,0,AUTOMOBILE,TRUCK,5,0.01,8,Brand#24,JUMBO BAG,25,29,3,41648.4341
F,F,A,COLLECT COD,Manufacturer#4,5-LOW,1,FURNITURE,REG AIR,6,0,9,Brand#45,MED PKG,8,14,4,18923.5942
F,F,R,COLLECT COD,Manufacturer#2,5-LOW,1,FURNITURE,FOB,1,0.04,21,Brand#21,MED PKG,20,22,1,29061.032
F,F,A,TAKE BACK RETURN,Manufacturer#2,4-NOT SPECIFIED,4,BUILDING,RAIL,2,0.02,8,Brand#25,MED CAN,25,22,3,20375.0624
F,F,R,COLLECT COD,Manufacturer#3,4-NOT SPECIFIED,4,BUILDING,AIR,1,0.08,18,Brand#32,SM DRUM,32,50,2,64270.305
O,O,N,TAKE BACK RETURN,Manufacturer#3,4-NOT SPECIFIED,1,FURNITURE,REG AIR,1,0.04,21,Brand#32,MED PKG,5,7,1,7633.1073
O,O,N,COLLECT COD,Manufacturer#1,2-HIGH,0,BUILDING,TRUCK,3,0.01,18,Brand#15,LG DRUM,17,49,2,77001.7262
O,O,N,DELIVER IN PERSON,Manufacturer#4,2-HIGH,0,BUILDING,MAIL,1,0.06,18,Brand#41,SM CAN,4,38,2,44344.7004
O,O,N,COLLECT COD,Manufacturer#3,2-HIGH,0,BUILDING,REG AIR,5,0.03,9,Brand#33,SM PACK,13,32,4,37517.4528
O,O,N,DELIVER IN PERSON,Manufacturer#5,2-HIGH,0,BUILDING,RAIL,6,0.08,8,Brand#51,WRAP BAG,35,23,3,31870.341
O,O,N,COLLECT COD,Manufacturer#2,1-URGENT,4,AUTOMOBILE,AIR,3,0.08,21,Brand#25,JUMBO BOX,36,9,1,11793.69
F,F,R,TAKE BACK RETURN,Manufacturer#5,3-MEDIUM,3,MACHINERY,RAIL,3,0.08,21,Brand#52,JUMBO BAG,9,29,1,45257.487
O,O,N,TAKE BACK RETURN,Manufacturer#4,3-MEDIUM,4,HOUSEHOLD,FOB,2,0.04,21,Brand#44,MED CASE,40,9,1,11431.062
F,F,A,COLLECT COD,Manufacturer#5,1-URGENT,3,MACHINERY,AIR,1,0.04,21,Brand#55,MED JAR,12,48,1,69147.1872
F,F,A,NONE,Manufacturer#2,4-NOT SPECIFIED,3,MACHINERY,SHIP,2,0,12,Brand#24,WRAP PACK,40,25,0,29211.6825
F,F,R,DELIVER IN PERSON,Manufacturer#4,4-NOT SPECIFIED,3,HOUSEHOLD,REG AIR,2,0.08,8,Brand#42,SM DRUM,45,49,3,71846.8233
F,F,R,NONE,Manufacturer#1,3-MEDIUM,3,BUILDING,RAIL,1,0.07,21,Brand#15,JUMBO JAR,3,27,1,31526.577
F,F,R,DELIVER IN PERSON,Manufacturer#2,3-MEDIUM,3,BUILDING,SHIP,3,0.07,21,Brand#23,JUMBO PACK,2,26,1,29985.7376
F,F,R,COLLECT COD,Manufacturer#4,3-MEDIUM,4,BUILDING,REG AIR,4,0.06,9,Brand#41,MED PACK,2,36,4,56565.216
O,O,N,COLLECT COD,Manufacturer#5,1-URGENT,3,BUILDING,MAIL,1,0.08,18,Brand#52,WRAP CASE,36,13,2,23083.7334
F,F,A,NONE,Manufacturer#4,2-HIGH,4,MACHINERY,REG AIR,4,0.08,21,Brand#45,WRAP BAG,8,20,1,35618.022
F,F,R,NONE,Manufacturer#3,2-HIGH,4,MACHINERY,REG AIR,2,0.06,12,Brand#31,MED DRUM,25,1,0,1143.24
F,F,A,DELIVER IN PERSON,Manufacturer#5,2-HIGH,4,MACHINERY,RAIL,3,0.01,8,Brand#54,LG CASE,42,30,3,46618.305
F,F,A,NONE,Manufacturer#4,3-MEDIUM,0,FURNITURE,AIR,5,0.03,8,Brand#44,JUMBO CASE,40,21,3,23930.4996
F,F,A,TAKE BACK RETURN,Manufacturer#3,3-MEDIUM,0,FURNITURE,AIR,7,0.06,8,Brand#35,WRAP BOX,44,18,3,27913.1274
F,F,A,COLLECT COD,Manufacturer#4,3-MEDIUM,0,FURNITURE,FOB,4,0.02,18,Brand#42,JUMBO BOX,42,9,2,10613.457
F,F,R,DELIVER IN PERSON,Manufacturer#1,3-MEDIUM,0,FURNITURE,TRUCK,1,0.05,9,Brand#15,SM JAR,25,42,4,60081.84
O,O,N,DELIVER IN PERSON,Manufacturer#3,3-MEDIUM,1,AUTOMOBILE,AIR,1,0.04,8,Brand#33,SM CASE,46,43,3,39259.301
O,O,N,COLLECT COD,Manufacturer#4,3-MEDIUM,1,AUTOMOBILE,AIR,2,0.07,21,Brand#41,SM CAN,26,35,1,53850.72
F,F,A,TAKE BACK RETURN,Manufacturer#1,5-LOW,4,FURNITURE,AIR,1,0.07,18,Brand#11,WRAP CASE,26,16,2,26921.7024
F,F,A,COLLECT COD,Manufacturer#4,3-MEDIUM,4,HOUSEHOLD,AIR,1,0.04,18,Brand#41,SM CAN,26,38,2,55421.366
F,F,R,DELIVER IN PERSON,Manufacturer#2,3-MEDIUM,4,HOUSEHOLD,TRUCK,5,0.02,18,Brand#25,MED DRUM,10,5,2,5349.681
O,O,N,NONE,Manufacturer#4,4-NOT SPECIFIED,1,AUTOMOBILE,FOB,2,0.02,18,Brand#41,SM PACK,24,20,2,25727.048
O,O,N,COLLECT COD,Manufacturer#5,4-NOT SPECIFIED,1,AUTOMOBILE,RAIL,3,0.01,18,Brand#54,MED BOX,48,35,2,58746.24
O,O,N,DELIVER IN PERSON,Manufacturer#1,5-LOW,2,MACHINERY,FOB,1,0.03,9,Brand#11,MED BOX,25,23,4,36243.6875
F,F,R,DELIVER IN PERSON,Manufacturer#2,3-MEDIUM,1,BUILDING,MAIL,3,0.02,8,Brand#22,JUMBO CAN,42,49,3,78892.0286
F,F,A,NONE,Manufacturer#1,5-LOW,3,BUILDING,MAIL,1,0.04,8,Brand#14,LG PKG,30,13,3,12698.1686
F,F,A,NONE,Manufacturer#1,5-LOW,3,BUILDING,TRUCK,4,0.01,21,Brand#15,JUMBO JAR,3,9,1,11676.51
F,F,A,DELIVER IN PERSON,Manufacturer#5,5-LOW,3,BUILDING,SHIP,2,0.07,21,Brand#54,LG CAN,49,4,1,3912.4288
F,F,R,TAKE BACK RETURN,Manufacturer#3,1-URGENT,4,FURNITURE,SHIP,4,0.03,21,Brand#35,WRAP CASE,37,18,1,20310.5196
F,F,R,COLLECT COD,Manufacturer#3,1-URGENT,4,FURNITURE,TRUCK,2,0.01,8,Brand#32,LG PKG,36,38,3,60221.412
F,F,A,NONE,Manufacturer#1,1-URGENT,4,FURNITURE,MAIL,3,0.08,18,Brand#13,SM BOX,18,1,2,1733.2616
O,O,N,COLLECT COD,Manufacturer#1,5-LOW,4,HOUSEHOLD,RAIL,1,0.02,18,Brand#11,JUMBO BOX,38,42,2,63445.62
O,O,N,DELIVER IN PERSON,Manufacturer#5,3-MEDIUM,2,AUTOMOBILE,RAIL,6,0.08,21,Brand#54,LG DRUM,5,13,1,22178.1742
O,O,N,TAKE BACK RETURN,Manufacturer#2,3-MEDIUM,2,AUTOMOBILE,REG AIR,3,0.01,12,Brand#24,SM BAG,18,27,0,39288.9312
F,F,A,TAKE BACK RETURN,Manufacturer#5,3-MEDIUM,4,FURNITURE,RAIL,2,0.04,18,Brand#51,SM PACK,30,26,2,41857.0152
F,F,A,DELIVER IN PERSON,Manufacturer#5,3-MEDIUM,4,FURNITURE,FOB,5,0.02,18,Brand#55,JUMBO CASE,34,14,2,24346.8792
F,F,R,COLLECT COD,Manufacturer#3,3-MEDIUM,4,FURNITURE,MAIL,4,0.03,12,Brand#35,JUMBO DRUM,24,35,0,32771.361
F,F,A,NONE,Manufacturer#2,4-NOT SPECIFIED,3,MACHINERY,AIR,2,0.07,18,Brand#21,WRAP CASE,16,48,2,39964.8
F,F,R,COLLECT COD,Manufacturer#4,1-URGENT,4,BUILDING,TRUCK,5,0.02,18,Brand#43,JUMBO CAN,37,39,2,44575.1592
F,F,A,TAKE BACK RETURN,Manufacturer#1,1-URGENT,2,FURNITURE,SHIP,2,0.02,18,Brand#14,WRAP CASE,16,31,2,41168.7936
O,O,N,DELIVER IN PERSON,Manufacturer#4,4-NOT SPECIFIED,2,HOUSEHOLD,TRUCK,1,0.05,18,Brand#43,JUMBO CAN,37,22,2,25691.5912
O,O,N,DELIVER IN PERSON,Manufacturer#3,2-HIGH,0,MACHINERY,RAIL,3,0.03,12,Brand#35,SM JAR,3,24,0,38200.56
F,F,R,COLLECT COD,Manufacturer#1,3-MEDIUM,2,MACHINERY,AIR,3,0.06,8,Brand#14,WRAP PKG,40,21,3,29578.5
F,F,A,DELIVER IN PERSON,Manufacturer#2,3-MEDIUM,2,MACHINERY,FOB,2,0.03,8,Brand#21,JUMBO CAN,1,17,3,16389.02
F,F,A,TAKE BACK RETURN,Manufacturer#3,3-MEDIUM,2,MACHINERY,RAIL,6,0.06,18,Brand#32,WRAP DRUM,27,41,2,52209.4902
F,F,A,DELIVER IN PERSON,Manufacturer#2,3-MEDIUM,2,AUTOMOBILE,MAIL,1,0,12,Brand#21,JUMBO DRUM,13,11,0,18442.424
F,F,A,DELIVER IN PERSON,Manufacturer#2,5-LOW,2,AUTOMOBILE,REG AIR,4,0.08,9,Brand#23,JUMBO PACK,17,48,4,71624.0448
F,P,A,DELIVER IN PERSON,Manufacturer#2,4-NOT SPECIFIED,0,BUILDING,MAIL,5,0.05,12,Brand#22,SM BAG,8,16,0,25595.072
O,P,N,DELIVER IN PERSON,Manufacturer#4,5-LOW,1,HOUSEHOLD,REG AIR,5,0.03,12,Brand#41,LG BAG,30,37,0,37103.193
F,F,A,NONE,Manufacturer#4,2-HIGH,3,AUTOMOBILE,RAIL,6,0.04,21,Brand#41,SM CAN,26,1,1,1490.511
F,F,A,COLLECT COD,Manufacturer#5,2-HIGH,3,AUTOMOBILE,RAIL,1,0.02,9,Brand#51,JUMBO BOX,47,32,4,46741.2992
F,P,R,NONE,Manufacturer#5,2-HIGH,3,FURNITURE,MAIL,6,0.02,12,Brand#51,SM JAR,13,39,0,48799.296
F,P,R,COLLECT COD,Manufacturer#3,2-HIGH,3,FURNITURE,SHIP,3,0.08,9,Brand#32,LG CAN,33,4,4,4413.0816
O,P,N,DELIVER IN PERSON,Manufacturer#3,2-HIGH,3,FURNITURE,RAIL,2,0.02,9,Brand#33,MED CASE,10,27,4,38669.4756
O,P,N,DELIVER IN PERSON,Manufacturer#2,2-HIGH,3,FURNITURE,FOB,4,0.05,21,Brand#21,WRAP DRUM,34,41,1,64342.9728
O,O,N,COLLECT COD,Manufacturer#4,2-HIGH,1,FURNITURE,TRUCK,2,0.07,8,Brand#41,SM PACK,44,27,3,35160.9093
O,O,N,COLLECT COD,Manufacturer#1,1-URGENT,0,BUILDING,REG AIR,4,0,12,Brand#13,MED DRUM,39,11,0,18257.25
O,O,N,COLLECT COD,Manufacturer#1,1-URGENT,0,BUILDING,RAIL,3,0.03,12,Brand#12,MED BAG,48,46,0,41474.5016
F,F,A,NONE,Manufacturer#2,2-HIGH,3,FURNITURE,TRUCK,2,0.05,21,Brand#21,MED PACK,30,9,1,13038.57
F,F,A,DELIVER IN PERSON,Manufacturer#1,2-HIGH,3,FURNITURE,RAIL,3,0,12,Brand#11,LG PACK,42,20,0,19013.372
O,O,N,TAKE BACK RETURN,Manufacturer#2,1-URGENT,1,BUILDING,SHIP,5,0.04,21,Brand#25,SM CASE,22,2,1,1960.14
F,F,R,NONE,Manufacturer#3,5-LOW,4,BUILDING,REG AIR,1,0.01,21,Brand#31,JUMBO DRUM,23,3,1,3297.57
F,F,A,NONE,Manufacturer#4,5-LOW,4,BUILDING,TRUCK,2,0.01,21,Brand#43,LG PKG,2,40,1,41823.54
F,F,A,DELIVER IN PERSON,Manufacturer#2,3-MEDIUM,0,BUILDING,FOB,1,0.05,21,Brand#24,JUMBO CASE,38,8,1,10634.8472
F,F,A,COLLECT COD,Manufacturer#1,3-MEDIUM,0,BUILDING,TRUCK,4,0.08,18,Brand#15,WRAP BOX,48,13,2,20379.528
F,F,A,NONE,Manufacturer#1,4-NOT SPECIFIED,2,AUTOMOBILE,TRUCK,2,0.03,18,Brand#14,WRAP PACK,42,33,2,42020.9856
F,F,A,DELIVER IN PERSON,Manufacturer#5,1-URGENT,2,FURNITURE,RAIL,2,0.02,8,Brand#51,MED CASE,48,36,3,64003.392
O,O,N,TAKE BACK RETURN,Manufacturer#3,4-NOT SPECIFIED,4,BUILDING,AIR,2,0.06,12,Brand#32,JUMBO JAR,26,26,0,25508.028
O,O,N,NONE,Manufacturer#1,4-NOT SPECIFIED,4,BUILDING,AIR,3,0.04,8,Brand#11,MED BAG,49,21,3,37773.5589
O,O,N,NONE,Manufacturer#1,2-HIGH,2,MACHINERY,MAIL,4,0.05,18,Brand#12,LG JAR,39,5,2,7539.168
O,O,N,NONE,Manufacturer#2,2-HIGH,3,MACHINERY,SHIP,2,0,12,Brand#22,JUMBO BOX,3,11,0,12065.053
F,F,R,COLLECT COD,Manufacturer#1,3-MEDIUM,0,AUTOMOBILE,SHIP,1,0.07,12,Brand#12,JUMBO DRUM,33,47,0,69919.7568
F,F,R,DELIVER IN PERSON,Manufacturer#5,5-LOW,2,FURNITURE,SHIP,1,0.07,18,Brand#53,WRAP PACK,29,3,2,2435.4
F,F,R,NONE,Manufacturer#4,5-LOW,2,FURNITURE,FOB,3,0.01,21,Brand#45,MED CAN,24,44,1,44664.84
O,O,N,NONE,Manufacturer#2,5-LOW,1,MACHINERY,TRUCK,2,0.06,8,Brand#24,JUMBO JAR,29,40,3,40894.46
O,O,N,COLLECT COD,Manufacturer#1,5-LOW,1,MACHINERY,TRUCK,3,0.02,8,Brand#13,JUMBO DRUM,42,50,3,46715.85
F,F,R,COLLECT COD,Manufacturer#4,5-LOW,3,FURNITURE,REG AIR,1,0.07,21,Brand#43,WRAP CASE,12,32,1,26179.2
O,O,N,COLLECT COD,Manufacturer#3,4-NOT SPECIFIED,4,AUTOMOBILE,RAIL,5,0.03,21,Brand#32,JUMBO PACK,45,25,1,31320.065
O,O,N,TAKE BACK RETURN,Manufacturer#1,4-NOT SPECIFIED,4,AUTOMOBILE,MAIL,2,0.02,18,Brand#12,JUMBO CASE,20,50,2,55433.105
F,F,R,NONE,Manufacturer#5,1-URGENT,3,HOUSEHOLD,AIR,4,0.08,9,Brand#53,LG PACK,46,1,4,887.3137
F,F,R,DELIVER IN PERSON,Manufacturer#1,1-URGENT,3,HOUSEHOLD,REG AIR,1,0.02,18,Brand#12,JUMBO PACK,30,20,2,28131.02
O,O,N,TAKE BACK RETURN,Manufacturer#2,1-URGENT,0,FURNITURE,AIR,3,0.04,18,Brand#25,SM BAG,3,37,2,61764.7586
O,O,N,COLLECT COD,Manufacturer#2,5-LOW,1,HOUSEHOLD,REG AIR,4,0.05,18,Brand#25,JUMBO DRUM,6,10,2,17177.342
O,O,N,NONE,Manufacturer#1,5-LOW,1,HOUSEHOLD,AIR,6,0.05,12,Brand#12,SM BAG,8,34,0,45979.56
O,O,N,NONE,Manufacturer#3,5-LOW,1,HOUSEHOLD,MAIL,3,0.05,18,Brand#31,SM JAR,2,33,2,41925.9456
O,O,N,COLLECT COD,Manufacturer#3,1-URGENT,3,FURNITURE,MAIL,5,0.04,9,Brand#35,SM JAR,3,8,4,11460.168
F,F,A,NONE,Manufacturer#1,2-HIGH,4,FURNITURE,REG AIR,4,0.07,18,Brand#15,JUMBO JAR,3,5,2,6227.472
F,F,R,COLLECT COD,Manufacturer#2,2-HIGH,4,FURNITURE,TRUCK,6,0.05,9,Brand#22,MED JAR,8,36,4,39954.492
F,F,A,COLLECT COD,Manufacturer#5,2-HIGH,4,FURNITURE,AIR,2,0.04,21,Brand#52,SM PKG,50,48,1,85772.232
F,F,A,DELIVER IN PERSON,Manufacturer#5,2-HIGH,4,FURNITURE,TRUCK,7,0.03,8,Brand#55,SM BAG,26,35,3,56115.241
O,O,N,COLLECT COD,Manufacturer#5,1-URGENT,4,BUILDING,FOB,2,0.02,8,Brand#53,LG CASE,2,17,3,31286.9802
O,O,N,DELIVER IN PERSON,Manufacturer#2,1-URGENT,4,BUILDING,AIR,1,0,9,Brand#21,MED JAR,29,13,4,23734.1104
F,F,A,NONE,Manufacturer#5,2-HIGH,2,FURNITURE,RAIL,4,0.06,21,Brand#51,SM CAN,15,34,1,53200.7112
F,F,A,TAKE BACK RETURN,Manufacturer#5,3-MEDIUM,1,FURNITURE,RAIL,5,0.04,21,Brand#51,WRAP JAR,49,28,1,40847.758
F,F,R,TAKE BACK RETURN,Manufacturer#1,4-NOT SPECIFIED,0,BUILDING,SHIP,2,0,18,Brand#15,JUMBO JAR,49,31,2,53074.3002
O,O,N,NONE,Manufacturer#4,5-LOW,2,FURNITURE,FOB,3,0.03,21,Brand#43,LG JAR,20,23,1,23579.8645
O,O,N,NONE,Manufacturer#2,5-LOW,2,FURNITURE,RAIL,6,0.08,18,Brand#22,SM PKG,45,21,2,18750.501
F,P,R,NONE,Manufacturer#2,4-NOT SPECIFIED,0,HOUSEHOLD,REG AIR,2,0.05,12,Brand#22,LG BOX,22,10,0,10951.38
F,F,R,DELIVER IN PERSON,Manufacturer#4,3-MEDIUM,4,BUILDING,RAIL,1,0.08,21,Brand#45,MED CASE,23,22,1,24507.2916
O,O,N,COLLECT COD,Manufacturer#1,2-HIGH,2,AUTOMOBILE,MAIL,4,0.07,18,Brand#12,JUMBO CAN,14,45,2,40969.782
O,O,N,DELIVER IN PERSON,Manufacturer#3,2-HIGH,2,AUTOMOBILE,TRUCK,2,0,21,Brand#31,LG PKG,47,50,1,56709.11
F,F,A,DELIVER IN PERSON,Manufacturer#5,5-LOW,3,BUILDING,FOB,4,0.06,21,Brand#51,JUMBO CAN,28,48,1,80488.9008
F,F,R,COLLECT COD,Manufacturer#2,4-NOT SPECIFIED,4,AUTOMOBILE,TRUCK,2,0.02,8,Brand#22,WRAP JAR,3,3,3,4038.0018
F,F,R,TAKE BACK RETURN,Manufacturer#5,4-NOT SPECIFIED,4,AUTOMOBILE,RAIL,3,0.07,21,Brand#52,SM PKG,50,31,1,54811.4658
O,O,N,DELIVER IN PERSON,Manufacturer#1,1-URGENT,3,HOUSEHOLD,SHIP,2,0.06,12,Brand#15,WRAP BAG,6,48,0,80356.1472
O,O,N,COLLECT COD,Manufacturer#5,1-URGENT,2,FURNITURE,TRUCK,1,0.03,18,Brand#52,MED BOX,22,19,2,27978.83
O,O,N,DELIVER IN PERSON,Manufacturer#3,1-URGENT,2,FURNITURE,RAIL,6,0,18,Brand#34,MED CASE,22,6,2,7801.3608
F,F,A,DELIVER IN PERSON,Manufacturer#4,3-MEDIUM,1,MACHINERY,FOB,5,0.08,8,Brand#45,SM DRUM,27,40,3,38358.036
F,F,R,DELIVER IN PERSON,Manufacturer#5,3-MEDIUM,0,AUTOMOBILE,MAIL,2,0.08,18,Brand#52,MED DRUM,44,41,2,45805.61
F,F,A,TAKE BACK RETURN,Manufacturer#5,3-MEDIUM,0,AUTOMOBILE,TRUCK,3,0,8,Brand#55,LG BAG,16,25,3,22656.84
F,F,R,NONE,Manufacturer#4,2-HIGH,1,AUTOMOBILE,FOB,4,0.07,9,Brand#44,SM CASE,16,45,4,40906.512
F,F,R,NONE,Manufacturer#5,2-HIGH,1,AUTOMOBILE,REG AIR,5,0.07,21,Brand#51,LG CAN,22,4,1,6376.7424
F,F,A,DELIVER IN PERSON,Manufacturer#3,2-HIGH,1,AUTOMOBILE,FOB,2,0.01,18,Brand#34,SM PKG,16,35,2,45878.721
F,F,A,COLLECT COD,Manufacturer#5,3-MEDIUM,0,MACHINERY,SHIP,1,0.01,21,Brand#53,JUMBO JAR,28,15,1,16366.185
O,O,N,TAKE BACK RETURN,Manufacturer#3,2-HIGH,1,MACHINERY,REG AIR,1,0.04,21,Brand#35,MED BOX,47,15,1,18964.3275
O,O,N,DELIVER IN PERSON,Manufacturer#1,2-HIGH,1,MACHINERY,SHIP,4,0,12,Brand#14,SM PACK,9,48,0,53187.84
O,O,N,TAKE BACK RETURN,Manufacturer#2,2-HIGH,1,MACHINERY,SHIP,6,0.05,18,Brand#23,LG BAG,17,22,2,21665.2436
O,O,N,DELIVER IN PERSON,Manufacturer#4,2-HIGH,1,MACHINERY,TRUCK,2,0.02,21,Brand#42,SM PKG,2,10,1,9652.373
O,O,N,COLLECT COD,Manufacturer#2,2-HIGH,1,MACHINERY,TRUCK,7,0.06,21,Brand#25,WRAP CASE,50,23,1,39327.5965
O,O,N,NONE,Manufacturer#3,2-HIGH,1,MACHINERY,MAIL,5,0.08,8,Brand#35,WRAP BAG,10,50,3,83592.875
F,F,R,TAKE BACK RETURN,Manufacturer#4,2-HIGH,1,BUILDING,SHIP,2,0.05,8,Brand#42,JUMBO BAG,1,47,3,83003.9364
F,F,R,COLLECT COD,Manufacturer#4,2-HIGH,1,BUILDING,FOB,5,0.08,18,Brand#41,JUMBO CASE,45,29,2,39688.6344
F,F,A,COLLECT COD,Manufacturer#3,2-HIGH,1,BUILDING,TRUCK,1,0.06,9,Brand#35,JUMBO CASE,32,48,4,55737.792
O,O,N,NONE,Manufacturer#4,2-HIGH,2,MACHINERY,SHIP,1,0.04,18,Brand#45,JUMBO BOX,44,23,2,30338.288
O,O,N,DELIVER IN PERSON,Manufacturer#1,2-HIGH,2,MACHINERY,REG AIR,2,0.06,8,Brand#15,SM JAR,15,34,3,38672.4024
O,O,N,COLLECT COD,Manufacturer#5,3-MEDIUM,0,MACHINERY,AIR,2,0.02,18,Brand#51,WRAP BAG,2,44,2,61727.2656
O,O,N,COLLECT COD,Manufacturer#4,3-MEDIUM,0,MACHINERY,FOB,6,0.04,21,Brand#43,JUMBO BAG,47,5,1,9043.254
F,F,R,TAKE BACK RETURN,Manufacturer#5,2-HIGH,2,BUILDING,FOB,6,0.07,18,Brand#51,WRAP DRUM,21,30,2,46278.852
F,F,R,DELIVER IN PERSON,Manufacturer#1,1-URGENT,3,MACHINERY,SHIP,2,0.04,12,Brand#11,LG CASE,39,12,0,19869
O,O,N,COLLECT COD,Manufacturer#3,1-URGENT,4,FURNITURE,MAIL,1,0.01,21,Brand#32,WRAP PKG,38,42,1,42571.116
F,F,A,NONE,Manufacturer#1,3-MEDIUM,1,MACHINERY,RAIL,1,0.08,9,Brand#11,SM PACK,32,11,4,16867.62
F,F,A,DELIVER IN PERSON,Manufacturer#1,1-URGENT,0,HOUSEHOLD,TRUCK,1,0.06,18,Brand#15,SM JAR,20,25,2,24956.16
F,F,R,COLLECT COD,Manufacturer#1,1-URGENT,0,HOUSEHOLD,TRUCK,2,0.02,8,Brand#11,LG CASE,39,47,3,76263.845
O,O,N,DELIVER IN PERSON,Manufacturer#3,1-URGENT,1,HOUSEHOLD,SHIP,7,0.06,8,Brand#35,WRAP BOX,14,44,3,55455.84
O,O,N,DELIVER IN PERSON,Manufacturer#1,1-URGENT,1,HOUSEHOLD,AIR,2,0.07,8,Brand#14,JUMBO JAR,21,37,3,61004.4567
O,O,N,DELIVER IN PERSON,Manufacturer#1,3-MEDIUM,3,MACHINERY,AIR,2,0,8,Brand#12,MED PKG,41,6,3,5625.198
O,O,N,COLLECT COD,Manufacturer#4,1-URGENT,3,FURNITURE,AIR,2,0.04,9,Brand#45,SM BOX,39,36,4,43452.3528
O,O,N,TAKE BACK RETURN,Manufacturer#3,3-MEDIUM,0,HOUSEHOLD,AIR,4,0.04,9,Brand#35,SM BAG,32,43,4,51307.5312
F,F,R,COLLECT COD,Manufacturer#3,4-NOT SPECIFIED,2,AUTOMOBILE,MAIL,3,0.03,8,Brand#33,MED JAR,21,26,3,42086.46
F,F,A,TAKE BACK RETURN,Manufacturer#1,4-NOT SPECIFIED,2,AUTOMOBILE,SHIP,5,0.08,12,Brand#12,MED PKG,48,48,0,66103.1424
F,F,R,NONE,Manufacturer#3,3-MEDIUM,2,HOUSEHOLD,AIR,3,0.03,18,Brand#35,MED PACK,26,1,2,1676.1654
F,F,A,COLLECT COD,Manufacturer#2,2-HIGH,4,AUTOMOBILE,TRUCK,2,0.02,8,Brand#21,JUMBO DRUM,13,17,3,29083.6
O,O,N,DELIVER IN PERSON,Manufacturer#2,3-MEDIUM,4,HOUSEHOLD,FOB,1,0.06,18,Brand#21,WRAP CASE,16,10,2,8869
O,O,N,TAKE BACK RETURN,Manufacturer#2,3-MEDIUM,4,HOUSEHOLD,MAIL,4,0,18,Brand#23,JUMBO BAG,36,41,2,56541.8208
F,F,A,COLLECT COD,Manufacturer#5,1-URGENT,3,AUTOMOBILE,TRUCK,1,0.07,8,Brand#54,WRAP DRUM,18,36,3,33906.1968
O,O,N,NONE,Manufacturer#1,3-MEDIUM,0,MACHINERY,MAIL,2,0.04,21,Brand#15,MED BAG,30,48,1,63715.4976
O,O,N,NONE,Manufacturer#2,2-HIGH,3,AUTOMOBILE,REG AIR,2,0.04,8,Brand#25,LG BOX,30,48,3,82447.4016
O,O,N,TAKE BACK RETURN,Manufacturer#3,2-HIGH,3,AUTOMOBILE,AIR,3,0.03,18,Brand#31,WRAP PKG,40,36,2,32861.1168
O,O,N,NONE,Manufacturer#5,1-URGENT,0,FURNITURE,REG AIR,2,0.03,12,Brand#51,WRAP CAN,28,22,0,23943.5196
O,O,N,NONE,Manufacturer#4,1-URGENT,3,HOUSEHOLD,SHIP,2,0.02,21,Brand#45,MED BAG,27,25,1,31784.25
O,O,N,NONE,Manufacturer#1,1-URGENT,3,HOUSEHOLD,FOB,1,0.02,12,Brand#13,SM CASE,16,29,0,37315.0975
O,O,N,DELIVER IN PERSON,Manufacturer#2,5-LOW,3,AUTOMOBILE,AIR,5,0.07,9,Brand#21,WRAP CAN,20,50,4,48878.475
F,F,A,NONE,Manufacturer#5,5-LOW,2,FURNITURE,AIR,5,0.07,21,Brand#51,LG CAN,8,47,1,73256.409
F,F,R,TAKE BACK RETURN,Manufacturer#3,5-LOW,2,FURNITURE,FOB,4,0.04,8,Brand#33,JUMBO PACK,35,27,3,26670.8376
O,O,N,DELIVER IN PERSON,Manufacturer#2,2-HIGH,4,FURNITURE,MAIL,1,0.04,9,Brand#21,MED PACK,48,25,4,34086.5
O,O,N,NONE,Manufacturer#1,2-HIGH,4,FURNITURE,TRUCK,2,0.05,9,Brand#11,LG PKG,20,11,4,12896.6838
O,O,N,NONE,Manufacturer#3,5-LOW,4,BUILDING,AIR,5,0.04,21,Brand#33,MED BOX,39,45,1,40513.311
O,O,N,TAKE BACK RETURN,Manufacturer#2,5-LOW,4,BUILDING,AIR,6,0.04,21,Brand#25,LG CASE,10,37,1,59303.304
F,F,A,DELIVER IN PERSON,Manufacturer#2,5-LOW,4,FURNITURE,TRUCK,1,0.02,9,Brand#24,LG PKG,42,29,4,42094.95
O,O,N,COLLECT COD,Manufacturer#3,4-NOT SPECIFIED,2,HOUSEHOLD,RAIL,1,0.05,9,Brand#34,MED BAG,32,30,4,26508.846
F,F,A,DELIVER IN PERSON,Manufacturer#3,3-MEDIUM,0,BUILDING,REG AIR,6,0.08,9,Brand#31,MED JAR,42,47,4,64746.0297
F,F,R,TAKE BACK RETURN,Manufacturer#1,3-MEDIUM,0,BUILDING,FOB,4,0.07,21,Brand#12,LG PKG,1,7,1,7316.2635
F,F,R,COLLECT COD,Manufacturer#4,3-MEDIUM,2,HOUSEHOLD,AIR,4,0.07,9,Brand#43,LG DRUM,45,25,4,37238.85
O,O,N,COLLECT COD,Manufacturer#2,3-MEDIUM,3,BUILDING,SHIP,1,0.06,12,Brand#23,WRAP DRUM,1,5,0,6686.33
O,O,N,NONE,Manufacturer#5,3-MEDIUM,3,BUILDING,SHIP,3,0.05,21,Brand#52,JUMBO CAN,43,2,1,3122.694
O,O,N,COLLECT COD,Manufacturer#5,3-MEDIUM,4,BUILDING,MAIL,5,0.03,21,Brand#52,JUMBO BAG,9,5,1,7885.152
F,P,N,TAKE BACK RETURN,Manufacturer#4,2-HIGH,3,FURNITURE,SHIP,1,0.04,8,Brand#42,JUMBO BOX,10,25,3,34655.495
F,P,N,TAKE BACK RETURN,Manufacturer#5,2-HIGH,3,FURNITURE,RAIL,3,0.05,21,Brand#51,JUMBO CASE,33,7,1,7025.823
F,P,N,TAKE BACK RETURN,Manufacturer#2,2-HIGH,3,FURNITURE,REG AIR,5,0,21,Brand#23,WRAP DRUM,12,18,1,16623.144
O,O,N,NONE,Manufacturer#5,5-LOW,3,HOUSEHOLD,AIR,1,0.01,9,Brand#52,SM BOX,9,37,4,47997.2584
O,O,N,NONE,Manufacturer#4,1-URGENT,0,AUTOMOBILE,TRUCK,1,0.02,9,Brand#44,SM BAG,7,11,4,10466.5176
O,O,N,NONE,Manufacturer#5,1-URGENT,0,AUTOMOBILE,TRUCK,2,0.01,18,Brand#51,MED PKG,47,28,2,46979.5788
F,F,R,COLLECT COD,Manufacturer#4,1-URGENT,3,AUTOMOBILE,SHIP,2,0.05,21,Brand#44,LG PKG,35,1,1,1292.0418
O,O,N,NONE,Manufacturer#2,4-NOT SPECIFIED,3,MACHINERY,SHIP,2,0.02,8,Brand#24,JUMBO PACK,39,35,3,44042.25
O,O,N,NONE,Manufacturer#1,4-NOT SPECIFIED,3,MACHINERY,TRUCK,5,0.07,21,Brand#13,WRAP DRUM,19,30,1,30912.558
O,O,N,NONE,Manufacturer#3,4-NOT SPECIFIED,2,FURNITURE,FOB,6,0.05,21,Brand#33,JUMBO PKG,48,26,1,42771.0348
O,O,N,DELIVER IN PERSON,Manufacturer#3,4-NOT SPECIFIED,2,FURNITURE,SHIP,4,0.01,18,Brand#35,WRAP PACK,7,4,2,6037.9232
O,O,N,NONE,Manufacturer#5,4-NOT SPECIFIED,2,FURNITURE,FOB,1,0.07,21,Brand#53,SM BAG,24,46,1,44230.3248
O,O,N,NONE,Manufacturer#2,5-LOW,4,BUILDING,SHIP,2,0,12,Brand#21,LG DRUM,21,46,0,67001.392
O,O,N,DELIVER IN PERSON,Manufacturer#1,5-LOW,0,AUTOMOBILE,SHIP,2,0.02,21,Brand#11,WRAP BOX,13,44,1,73854.748
O,O,N,COLLECT COD,Manufacturer#3,5-LOW,0,AUTOMOBILE,SHIP,1,0.02,18,Brand#31,MED PKG,21,34,2,43069.789
F,F,R,COLLECT COD,Manufacturer#5,5-LOW,1,BUILDING,MAIL,5,0.07,9,Brand#52,SM DRUM,32,49,4,84009.7552
F,F,A,NONE,Manufacturer#3,3-MEDIUM,0,BUILDING,MAIL,2,0.08,9,Brand#35,JUMBO CASE,32,26,4,28920.0912
F,F,A,COLLECT COD,Manufacturer#2,1-URGENT,2,MACHINERY,MAIL,2,0.05,18,Brand#21,JUMBO BAG,44,35,2,33219.7425
O,O,N,NONE,Manufacturer#3,3-MEDIUM,3,FURNITURE,RAIL,2,0.08,12,Brand#35,LG BAG,42,28,0,31343.0656
O,O,N,TAKE BACK RETURN,Manufacturer#2,3-MEDIUM,3,FURNITURE,TRUCK,1,0.02,9,Brand#21,SM PKG,41,10,4,16271.1
O,O,N,NONE,Manufacturer#2,3-MEDIUM,3,FURNITURE,REG AIR,3,0.07,8,Brand#25,WRAP PKG,37,4,3,5783.8176
O,O,N,DELIVER IN PERSON,Manufacturer#3,3-MEDIUM,3,FURNITURE,FOB,4,0.06,8,Brand#33,WRAP DRUM,8,1,3,1634.73
F,F,A,COLLECT COD,Manufacturer#5,1-URGENT,2,AUTOMOBILE,FOB,4,0,21,Brand#51,LG CAN,10,37,1,43236.387
F,F,R,DELIVER IN PERSON,Manufacturer#4,1-URGENT,2,AUTOMOBILE,RAIL,1,0,12,Brand#44,SM CAN,11,47,0,79650.5193
F,F,A,DELIVER IN PERSON,Manufacturer#1,1-URGENT,2,AUTOMOBILE,SHIP,6,0.06,18,Brand#12,LG JAR,39,23,2,34680.1728
F,F,A,TAKE BACK RETURN,Manufacturer#3,4-NOT SPECIFIED,4,HOUSEHOLD,TRUCK,2,0.08,9,Brand#31,MED PACK,38,33,4,49985.9976
F,F,R,TAKE BACK RETURN,Manufacturer#2,3-MEDIUM,1,BUILDING,SHIP,4,0.05,21,Brand#23,JUMBO PACK,2,4,1,4917.3568
O,O,N,COLLECT COD,Manufacturer#5,2-HIGH,2,FURNITURE,TRUCK,1,0.05,21,Brand#52,LG DRUM,46,47,1,39991.2331
O,O,N,NONE,Manufacturer#5,3-MEDIUM,2,AUTOMOBILE,SHIP,1,0.02,12,Brand#52,LG CAN,23,16,0,25255.44
O,O,N,DELIVER IN PERSON,Manufacturer#5,5-LOW,3,HOUSEHOLD,FOB,5,0.06,18,Brand#51,JUMBO BOX,39,41,2,75284.2123
O,O,N,DELIVER IN PERSON,Manufacturer#1,5-LOW,3,HOUSEHOLD,FOB,3,0.08,9,Brand#13,WRAP BOX,5,31,4,34072.2364
O,O,N,TAKE BACK RETURN,Manufacturer#3,5-LOW,3,HOUSEHOLD,MAIL,1,0,9,Brand#31,LG PACK,36,5,4,7554.6025
O,O,N,DELIVER IN PERSON,Manufacturer#2,5-LOW,3,HOUSEHOLD,TRUCK,2,0,21,Brand#24,WRAP PACK,40,3,1,3222.1371
F,F,R,NONE,Manufacturer#2,3-MEDIUM,1,MACHINERY,AIR,4,0,18,Brand#23,JUMBO JAR,42,39,2,58211.01
F,F,A,COLLECT COD,Manufacturer#4,3-MEDIUM,1,MACHINERY,MAIL,3,0.08,18,Brand#45,SM PACK,3,21,2,33910.8105
F,F,A,TAKE BACK RETURN,Manufacturer#1,3-MEDIUM,1,MACHINERY,SHIP,1,0.06,9,Brand#13,LG PACK,1,37,4,50057.8624
F,F,A,DELIVER IN PERSON,Manufacturer#5,4-NOT SPECIFIED,2,AUTOMOBILE,AIR,6,0,8,Brand#54,JUMBO JAR,28,23,3,21395.0876
O,O,N,TAKE BACK RETURN,Manufacturer#2,2-HIGH,2,HOUSEHOLD,REG AIR,2,0.05,9,Brand#22,SM DRUM,42,41,4,53392.4919
O,O,N,COLLECT COD,Manufacturer#2,5-LOW,0,HOUSEHOLD,RAIL,1,0.06,18,Brand#25,SM BAG,44,24,2,33424.4448
O,O,N,TAKE BACK RETURN,Manufacturer#3,3-MEDIUM,4,FURNITURE,TRUCK,3,0,9,Brand#35,SM DRUM,21,9,4,10899.7812
O,O,N,COLLECT COD,Manufacturer#2,3-MEDIUM,4,FURNITURE,TRUCK,1,0.05,12,Brand#24,SM BAG,18,42,0,66430.56
O,O,N,NONE,Manufacturer#2,4-NOT SPECIFIED,0,BUILDING,FOB,1,0.02,18,Brand#22,JUMBO CAN,42,39,2,66131.5941
F,F,A,TAKE BACK RETURN,Manufacturer#4,1-URGENT,4,HOUSEHOLD,SHIP,2,0.06,21,Brand#42,JUMBO BAG,1,46,1,77955.556
O,O,N,DELIVER IN PERSON,Manufacturer#2,4-NOT SPECIFIED,0,MACHINERY,SHIP,2,0.05,21,Brand#21,LG BOX,42,5,1,5923.402
O,O,N,NONE,Manufacturer#5,4-NOT SPECIFIED,0,MACHINERY,REG AIR,3,0,9,Brand#51,MED CASE,27,11,4,15518.5536
O,O,N,DELIVER IN PERSON,Manufacturer#1,4-NOT SPECIFIED,0,MACHINERY,FOB,4,0.01,18,Brand#14,WRAP PKG,40,42,2,58565.43
F,F,R,COLLECT COD,Manufacturer#3,1-URGENT,3,AUTOMOBILE,REG AIR,2,0.04,9,Brand#35,SM BAG,21,20,4,20792.97
F,F,A,COLLECT COD,Manufacturer#3,1-URGENT,3,AUTOMOBILE,SHIP,1,0.08,21,Brand#31,JUMBO DRUM,23,40,1,42208.896
F,F,R,NONE,Manufacturer#2,3-MEDIUM,3,FURNITURE,TRUCK,3,0.01,8,Brand#25,MED CAN,25,19,3,17596.6448
F,F,R,TAKE BACK RETURN,Manufacturer#5,5-LOW,1,AUTOMOBILE,SHIP,4,0.04,9,Brand#54,LG JAR,19,27,4,24213.789
F,F,A,COLLECT COD,Manufacturer#4,5-LOW,1,AUTOMOBILE,TRUCK,1,0.08,12,Brand#45,LG PKG,16,9,0,10067.8725
F,F,R,COLLECT COD,Manufacturer#4,5-LOW,1,AUTOMOBILE,REG AIR,6,0.03,8,Brand#41,SM CAN,4,34,3,43600.92
O,O,N,NONE,Manufacturer#4,4-NOT SPECIFIED,0,FURNITURE,FOB,5,0.06,21,Brand#43,LG DRUM,19,8,1,8295.7056
O,O,N,COLLECT COD,Manufacturer#4,4-NOT SPECIFIED,0,FURNITURE,FOB,1,0.08,21,Brand#44,LG PKG,35,39,1,51417.99
O,O,N,DELIVER IN PERSON,Manufacturer#3,5-LOW,0,BUILDING,AIR,3,0.04,12,Brand#33,SM PKG,7,3,0,3378.66
F,F,A,DELIVER IN PERSON,Manufacturer#5,4-NOT SPECIFIED,0,HOUSEHOLD,FOB,6,0.04,12,Brand#55,WRAP DRUM,9,12,0,19648.1376
O,O,N,TAKE BACK RETURN,Manufacturer#2,1-URGENT,0,FURNITURE,REG AIR,6,0.08,8,Brand#25,MED DRUM,10,6,3,6351.3234
O,O,N,NONE,Manufacturer#2,1-URGENT,0,FURNITURE,TRUCK,2,0.08,8,Brand#23,WRAP BAG,35,28,3,31914.0864
O,O,N,COLLECT COD,Manufacturer#2,5-LOW,2,FURNITURE,MAIL,4,0.04,12,Brand#23,SM CASE,31,19,0,21900.0004
O,O,N,COLLECT COD,Manufacturer#2,3-MEDIUM,3,AUTOMOBILE,SHIP,4,0.05,8,Brand#25,WRAP JAR,15,14,3,15514.758
O,O,N,NONE,Manufacturer#1,3-MEDIUM,3,AUTOMOBILE,RAIL,3,0.05,9,Brand#14,SM BOX,26,39,4,40721.46
O,O,N,TAKE BACK RETURN,Manufacturer#3,3-MEDIUM,3,AUTOMOBILE,AIR,1,0.08,9,Brand#33,LG CAN,1,33,4,56621.2086
F,F,R,TAKE BACK RETURN,Manufacturer#4,5-LOW,3,AUTOMOBILE,AIR,2,0.05,9,Brand#45,MED DRUM,34,33,4,46882.6578
F,F,R,NONE,Manufacturer#3,5-LOW,3,AUTOMOBILE,TRUCK,3,0.02,18,Brand#33,MED BAG,31,48,2,42882.6912
F,F,R,TAKE BACK RETURN,Manufacturer#1,3-MEDIUM,0,HOUSEHOLD,TRUCK,5,0.07,8,Brand#11,WRAP CASE,3,19,3,17060.67
F,F,A,COLLECT COD,Manufacturer#1,3-MEDIUM,0,HOUSEHOLD,SHIP,4,0.04,12,Brand#12,JUMBO DRUM,33,18,0,26219.9088
F,F,A,NONE,Manufacturer#5,3-MEDIUM,0,HOUSEHOLD,SHIP,6,0.08,12,Brand#52,LG BOX,45,38,0,32933.7184
F,F,A,DELIVER IN PERSON,Manufacturer#4,1-URGENT,2,MACHINERY,AIR,3,0.04,9,Brand#42,JUMBO BOX,35,49,4,80363.2487
F,F,A,DELIVER IN PERSON,Manufacturer#3,2-HIGH,1,BUILDING,RAIL,3,0.07,21,Brand#34,SM CASE,21,3,1,4973.2416
F,F,R,COLLECT COD,Manufacturer#1,3-MEDIUM,3,HOUSEHOLD,REG AIR,1,0.04,8,Brand#13,JUMBO DRUM,42,32,3,29898.144
F,F,R,NONE,Manufacturer#3,3-MEDIUM,0,MACHINERY,FOB,2,0.04,21,Brand#34,SM PACK,48,35,1,38711.064
O,O,N,NONE,Manufacturer#4,4-NOT SPECIFIED,1,BUILDING,REG AIR,6,0.05,9,Brand#45,MED BOX,34,50,4,58624.98
O,O,N,DELIVER IN PERSON,Manufacturer#3,2-HIGH,1,BUILDING,TRUCK,1,0.04,21,Brand#32,MED JAR,15,44,1,81884.4488
O,O,N,TAKE BACK RETURN,Manufacturer#3,2-HIGH,1,BUILDING,REG AIR,2,0.06,9,Brand#32,WRAP PACK,24,31,4,42244.6176
F,F,R,NONE,Manufacturer#3,5-LOW,2,BUILDING,TRUCK,4,0.02,12,Brand#35,LG PACK,14,15,0,24079.365
F,F,R,COLLECT COD,Manufacturer#4,3-MEDIUM,1,HOUSEHOLD,AIR,4,0.05,21,Brand#41,MED CASE,15,12,1,14533.0416
F,F,A,NONE,Manufacturer#5,2-HIGH,2,FURNITURE,MAIL,6,0.03,9,Brand#51,MED CAN,10,11,4,17630.613
O,O,N,COLLECT COD,Manufacturer#4,4-NOT SPECIFIED,1,AUTOMOBILE,FOB,1,0.08,9,Brand#41,JUMBO PKG,36,30,4,47411.556
O,O,N,NONE,Manufacturer#1,4-NOT SPECIFIED,1,AUTOMOBILE,TRUCK,2,0.01,8,Brand#14,JUMBO PACK,17,39,3,52778.466
F,F,R,TAKE BACK RETURN,Manufacturer#3,3-MEDIUM,2,HOUSEHOLD,MAIL,1,0,12,Brand#34,JUMBO JAR,3,41,0,66836.1705
F,F,A,NONE,Manufacturer#2,4-NOT SPECIFIED,3,FURNITURE,TRUCK,4,0.03,9,Brand#21,MED CAN,28,22,4,36374.5382
F,F,R,COLLECT COD,Manufacturer#4,1-URGENT,2,BUILDING,MAIL,4,0.08,12,Brand#43,WRAP BAG,9,24,0,22227.3408
F,F,A,TAKE BACK RETURN,Manufacturer#2,1-URGENT,2,BUILDING,SHIP,5,0.08,12,Brand#23,WRAP CASE,5,46,0,47492.3504
O,O,N,NONE,Manufacturer#1,3-MEDIUM,0,FURNITURE,RAIL,5,0.01,18,Brand#11,JUMBO CASE,27,21,2,18548.3592
O,O,N,DELIVER IN PERSON,Manufacturer#3,3-MEDIUM,0,FURNITURE,TRUCK,1,0.02,9,Brand#34,SM DRUM,7,21,4,32143.8432
F,F,R,DELIVER IN PERSON,Manufacturer#4,3-MEDIUM,3,BUILDING,AIR,3,0.03,21,Brand#44,LG CASE,37,29,1,44540.3605
F,F,A,TAKE BACK RETURN,Manufacturer#1,4-NOT SPECIFIED,2,HOUSEHOLD,MAIL,1,0.05,12,Brand#14,MED BAG,30,6,0,6919.452
F,F,A,TAKE BACK RETURN,Manufacturer#5,4-NOT SPECIFIED,3,FURNITURE,TRUCK,6,0.01,18,Brand#54,MED JAR,22,43,2,39913.6191
F,F,A,DELIVER IN PERSON,Manufacturer#2,4-NOT SPECIFIED,3,FURNITURE,RAIL,4,0.02,12,Brand#25,WRAP PACK,37,4,0,7295.9616
O,O,N,COLLECT COD,Manufacturer#2,5-LOW,1,BUILDING,AIR,1,0.05,18,Brand#21,MED CASE,9,9,2,14862.951
O,O,N,TAKE BACK RETURN,Manufacturer#5,5-LOW,4,AUTOMOBILE,FOB,2,0.03,21,Brand#53,WRAP CASE,1,46,1,52386.1248
F,F,R,COLLECT COD,Manufacturer#1,4-NOT SPECIFIED,0,AUTOMOBILE,FOB,2,0,21,Brand#12,WRAP PACK,36,44,1,54653.9312
F,F,R,NONE,Manufacturer#4,4-NOT SPECIFIED,0,AUTOMOBILE,SHIP,1,0.02,8,Brand#42,WRAP CAN,16,26,3,34996.806
F,F,R,NONE,Manufacturer#5,4-NOT SPECIFIED,0,AUTOMOBILE,TRUCK,3,0.05,18,Brand#55,LG BAG,16,25,2,24134.46
O,O,N,TAKE BACK RETURN,Manufacturer#2,3-MEDIUM,0,BUILDING,AIR,4,0.06,18,Brand#25,SM CAN,1,48,2,65067.1344
O,O,N,DELIVER IN PERSON,Manufacturer#4,3-MEDIUM,0,BUILDING,AIR,7,0.05,8,Brand#42,LG PACK,44,16,3,24555.8784
O,O,N,COLLECT COD,Manufacturer#2,3-MEDIUM,0,BUILDING,SHIP,3,0,9,Brand#21,LG DRUM,8,1,4,930.1292
O,O,N,NONE,Manufacturer#4,3-MEDIUM,0,BUILDING,AIR,5,0.06,12,Brand#41,MED JAR,18,31,0,54255.6234
F,F,A,DELIVER IN PERSON,Manufacturer#2,2-HIGH,0,HOUSEHOLD,MAIL,4,0.06,9,Brand#21,MED PACK,48,23,4,28537.2178
F,F,A,TAKE BACK RETURN,Manufacturer#5,2-HIGH,0,HOUSEHOLD,AIR,2,0.06,18,Brand#54,SM DRUM,19,23,2,43055.31
F,F,A,COLLECT COD,Manufacturer#2,2-HIGH,0,HOUSEHOLD,MAIL,5,0.07,12,Brand#25,WRAP PACK,37,3,0,5414.9715
O,O,N,DELIVER IN PERSON,Manufacturer#1,1-URGENT,1,BUILDING,AIR,4,0,18,Brand#12,JUMBO BAG,43,36,2,41781.1212
O,O,N,NONE,Manufacturer#2,1-URGENT,1,BUILDING,TRUCK,3,0.04,21,Brand#23,LG JAR,26,2,1,2885.9376
O,O,N,NONE,Manufacturer#3,1-URGENT,1,BUILDING,FOB,2,0,9,Brand#35,JUMBO BOX,28,32,4,49911.3984
O,O,N,TAKE BACK RETURN,Manufacturer#5,1-URGENT,2,HOUSEHOLD,AIR,1,0.05,21,Brand#55,JUMBO CAN,16,4,1,7098.248
O,O,N,DELIVER IN PERSON,Manufacturer#3,1-URGENT,3,MACHINERY,SHIP,3,0.06,8,Brand#31,WRAP DRUM,29,32,3,40700.2112
O,O,N,COLLECT COD,Manufacturer#5,1-URGENT,4,MACHINERY,REG AIR,4,0.05,18,Brand#54,SM DRUM,19,35,2,61587.813
O,O,N,TAKE BACK RETURN,Manufacturer#1,1-URGENT,4,MACHINERY,AIR,3,0.05,18,Brand#11,JUMBO BAG,21,14,2,17280.522
O,O,N,COLLECT COD,Manufacturer#1,1-URGENT,4,AUTOMOBILE,REG AIR,5,0,9,Brand#12,SM BAG,46,7,4,6124.58
O,O,N,DELIVER IN PERSON,Manufacturer#2,1-URGENT,4,AUTOMOBILE,AIR,4,0.04,9,Brand#22,LG BOX,3,37,4,59640.5664
O,O,N,COLLECT COD,Manufacturer#1,2-HIGH,2,FURNITURE,TRUCK,4,0.06,21,Brand#11,JUMBO PKG,29,5,1,5235.7
F,F,R,DELIVER IN PERSON,Manufacturer#3,5-LOW,1,AUTOMOBILE,TRUCK,3,0.03,9,Brand#35,SM BAG,21,20,4,19532.79
O,O,N,COLLECT COD,Manufacturer#2,1-URGENT,2,AUTOMOBILE,MAIL,3,0.08,8,Brand#21,JUMBO CAN,1,40,3,37019.904
O,O,N,DELIVER IN PERSON,Manufacturer#5,5-LOW,0,BUILDING,FOB,3,0.08,9,Brand#55,JUMBO BAG,3,17,4,14624.5662
F,F,A,NONE,Manufacturer#5,4-NOT SPECIFIED,4,HOUSEHOLD,AIR,5,0.02,8,Brand#52,JUMBO JAR,16,47,3,54281.334
F,F,A,DELIVER IN PERSON,Manufacturer#4,4-NOT SPECIFIED,4,HOUSEHOLD,REG AIR,3,0.04,21,Brand#42,LG JAR,28,38,1,42275.9652
F,F,A,NONE,Manufacturer#2,4-NOT SPECIFIED,4,HOUSEHOLD,SHIP,2,0.01,9,Brand#22,SM DRUM,42,47,4,56260.0857
F,F,A,NONE,Manufacturer#1,2-HIGH,2,BUILDING,FOB,3,0.04,12,Brand#15,SM PACK,1,32,0,58391.0656
F,F,A,DELIVER IN PERSON,Manufacturer#5,3-MEDIUM,4,HOUSEHOLD,SHIP,1,0,21,Brand#53,LG PACK,46,31,1,27808.9964
F,F,R,DELIVER IN PERSON,Manufacturer#4,3-MEDIUM,4,HOUSEHOLD,AIR,3,0.08,8,Brand#45,MED BOX,34,49,3,59897.2668
F,F,R,COLLECT COD,Manufacturer#4,4-NOT SPECIFIED,3,AUTOMOBILE,TRUCK,2,0.05,9,Brand#43,LG PACK,44,16,4,19723.6064
O,O,N,COLLECT COD,Manufacturer#5,3-MEDIUM,0,MACHINERY,MAIL,5,0,18,Brand#55,JUMBO CAN,42,14,2,16629.7152
O,O,N,NONE,Manufacturer#5,3-MEDIUM,0,MACHINERY,RAIL,2,0.07,9,Brand#51,JUMBO PACK,19,11,4,18994.9364
O,O,N,DELIVER IN PERSON,Manufacturer#3,2-HIGH,4,HOUSEHOLD,MAIL,4,0.07,9,Brand#32,LG CAN,33,37,4,38694.9108
O,O,N,NONE,Manufacturer#4,2-HIGH,4,HOUSEHOLD,RAIL,1,0.08,21,Brand#45,JUMBO PACK,14,9,1,7841.4912
O,O,N,DELIVER IN PERSON,Manufacturer#2,2-HIGH,4,HOUSEHOLD,REG AIR,2,0.08,18,Brand#23,LG BAG,35,16,2,28726.5888
F,F,R,NONE,Manufacturer#5,3-MEDIUM,3,BUILDING,SHIP,2,0,12,Brand#52,SM CASE,48,4,0,5986.36
F,F,R,TAKE BACK RETURN,Manufacturer#5,3-MEDIUM,3,BUILDING,REG AIR,5,0.01,21,Brand#53,WRAP DRUM,16,1,1,1064.67
O,O,N,NONE,Manufacturer#3,5-LOW,3,HOUSEHOLD,RAIL,4,0.03,8,Brand#33,JUMBO DRUM,3,23,3,24406.68
O,O,N,COLLECT COD,Manufacturer#3,2-HIGH,3,FURNITURE,MAIL,5,0.06,21,Brand#35,SM JAR,39,38,1,33347.394
O,O,N,NONE,Manufacturer#4,4-NOT SPECIFIED,0,BUILDING,RAIL,5,0,18,Brand#42,SM CASE,16,30,2,29029.59
O,O,N,TAKE BACK RETURN,Manufacturer#2,4-NOT SPECIFIED,0,BUILDING,FOB,4,0.04,8,Brand#22,MED PACK,7,39,3,60798.0087
O,O,N,TAKE BACK RETURN,Manufacturer#2,2-HIGH,1,AUTOMOBILE,RAIL,7,0.06,9,Brand#21,WRAP BAG,44,46,4,58591.1936
O,O,N,NONE,Manufacturer#4,2-HIGH,1,AUTOMOBILE,FOB,2,0.01,18,Brand#42,WRAP CAN,16,27,2,39977.1207
F,F,R,COLLECT COD,Manufacturer#2,1-URGENT,2,FURNITURE,MAIL,1,0.01,8,Brand#22,MED JAR,19,32,3,35058.8928
O,O,N,NONE,Manufacturer#3,4-NOT SPECIFIED,1,BUILDING,TRUCK,4,0.05,9,Brand#31,LG CAN,8,12,4,14576.9472
O,O,N,TAKE BACK RETURN,Manufacturer#5,4-NOT SPECIFIED,1,BUILDING,SHIP,5,0.03,21,Brand#51,WRAP PKG,1,29,1,35664.7655
O,O,N,DELIVER IN PERSON,Manufacturer#2,5-LOW,2,AUTOMOBILE,FOB,6,0.04,8,Brand#23,WRAP PKG,6,5,3,7497.3195
O,O,N,COLLECT COD,Manufacturer#4,5-LOW,2,AUTOMOBILE,FOB,3,0.03,8,Brand#44,WRAP BAG,4,3,3,3092.763
O,O,N,TAKE BACK RETURN,Manufacturer#2,2-HIGH,2,AUTOMOBILE,MAIL,3,0.05,21,Brand#24,MED DRUM,36,25,1,30612.23
O,O,N,TAKE BACK RETURN,Manufacturer#2,2-HIGH,2,AUTOMOBILE,FOB,5,0.05,18,Brand#25,SM CASE,27,36,2,32826.1968
F,F,R,TAKE BACK RETURN,Manufacturer#3,3-MEDIUM,3,FURNITURE,AIR,3,0.05,8,Brand#33,LG JAR,27,1,3,1596.1456
F,F,R,COLLECT COD,Manufacturer#3,3-MEDIUM,3,FURNITURE,REG AIR,2,0.01,9,Brand#31,LG PACK,36,17,4,25420.848
O,O,N,TAKE BACK RETURN,Manufacturer#5,5-LOW,4,FURNITURE,MAIL,6,0.08,18,Brand#52,JUMBO BOX,46,42,2,49087.0968
F,F,A,NONE,Manufacturer#2,4-NOT SPECIFIED,1,MACHINERY,TRUCK,6,0.08,21,Brand#25,SM PKG,35,23,1,42411.0869
F,F,R,NONE,Manufacturer#4,3-MEDIUM,2,BUILDING,REG AIR,4,0.03,21,Brand#44,MED DRUM,14,19,1,24889.905
F,F,R,COLLECT COD,Manufacturer#1,4-NOT SPECIFIED,4,AUTOMOBILE,SHIP,4,0.05,8,Brand#15,WRAP JAR,44,4,3,4178.6112
F,F,R,NONE,Manufacturer#3,4-NOT SPECIFIED,4,AUTOMOBILE,REG AIR,5,0,18,Brand#33,SM BOX,32,13,2,20695.7829
F,F,R,TAKE BACK RETURN,Manufacturer#5,2-HIGH,1,AUTOMOBILE,FOB,3,0.07,8,Brand#55,SM BAG,26,12,3,20719.4736
F,F,A,COLLECT COD,Manufacturer#3,2-HIGH,0,HOUSEHOLD,RAIL,1,0.08,8,Brand#32,LG PKG,14,25,3,31511.025
O,O,N,TAKE BACK RETURN,Manufacturer#5,2-HIGH,0,FURNITURE,FOB,4,0.07,21,Brand#53,SM CASE,17,7,1,9646.7616
F,F,A,COLLECT COD,Manufacturer#2,2-HIGH,1,HOUSEHOLD,REG AIR,2,0.07,8,Brand#22,JUMBO CASE,1,12,3,22067.16
O,O,N,DELIVER IN PERSON,Manufacturer#5,4-NOT SPECIFIED,2,AUTOMOBILE,MAIL,2,0.07,21,Brand#52,LG DRUM,46,26,1,22122.8098
O,O,N,TAKE BACK RETURN,Manufacturer#1,2-HIGH,0,FURNITURE,TRUCK,2,0.03,8,Brand#13,SM BOX,4,1,3,1222.061
O,O,N,NONE,Manufacturer#3,1-URGENT,0,FURNITURE,FOB,2,0,9,Brand#33,JUMBO JAR,3,9,4,8879.139
F,F,A,COLLECT COD,Manufacturer#1,3-MEDIUM,4,MACHINERY,MAIL,4,0.04,12,Brand#14,MED BAG,30,9,0,11071.1232
F,F,R,TAKE BACK RETURN,Manufacturer#3,3-MEDIUM,4,MACHINERY,SHIP,7,0.06,18,Brand#32,LG CAN,1,17,2,18802.5576
F,F,R,TAKE BACK RETURN,Manufacturer#5,3-MEDIUM,4,MACHINERY,FOB,3,0.07,8,Brand#52,WRAP DRUM,36,38,3,52762.316
O,O,N,DELIVER IN PERSON,Manufacturer#3,5-LOW,3,HOUSEHOLD,RAIL,6,0.04,18,Brand#35,MED PACK,26,32,2,55405.5552
O,O,N,DELIVER IN PERSON,Manufacturer#3,5-LOW,3,HOUSEHOLD,AIR,1,0.08,8,Brand#31,LG JAR,44,21,3,27058.4244
F,F,A,COLLECT COD,Manufacturer#3,1-URGENT,2,FURNITURE,MAIL,3,0.07,12,Brand#33,MED PKG,24,25,0,37190.5275
F,F,R,DELIVER IN PERSON,Manufacturer#3,3-MEDIUM,4,HOUSEHOLD,SHIP,4,0.08,18,Brand#35,SM BAG,16,10,2,11513.184
O,O,N,TAKE BACK RETURN,Manufacturer#5,4-NOT SPECIFIED,1,MACHINERY,REG AIR,4,0,9,Brand#54,LG CASE,42,17,4,16862.5788
O,O,N,NONE,Manufacturer#2,4-NOT SPECIFIED,1,MACHINERY,TRUCK,1,0.07,21,Brand#23,SM PACK,45,27,1,32225.6718
O,O,N,COLLECT COD,Manufacturer#3,4-NOT SPECIFIED,1,HOUSEHOLD,TRUCK,3,0.02,21,Brand#33,LG BAG,4,19,1,17861.786
O,O,N,NONE,Manufacturer#4,4-NOT SPECIFIED,1,HOUSEHOLD,TRUCK,1,0.04,18,Brand#44,SM BAG,4,46,2,74681.46
O,O,N,DELIVER IN PERSON,Manufacturer#1,4-NOT SPECIFIED,4,BUILDING,TRUCK,3,0.04,12,Brand#12,MED CASE,49,42,0,59661.84
O,O,N,COLLECT COD,Manufacturer#1,4-NOT SPECIFIED,4,BUILDING,REG AIR,1,0.02,21,Brand#13,JUMBO PACK,39,31,1,40585.0698
O,O,N,COLLECT COD,Manufacturer#4,4-NOT SPECIFIED,4,FURNITURE,SHIP,1,0.01,12,Brand#43,LG BAG,26,37,0,56734.5716
F,F,A,DELIVER IN PERSON,Manufacturer#5,1-URGENT,0,MACHINERY,SHIP,3,0.04,8,Brand#55,JUMBO CAN,47,49,3,48830.9696
F,F,A,COLLECT COD,Manufacturer#3,1-URGENT,0,MACHINERY,RAIL,1,0.08,8,Brand#34,SM PACK,25,47,3,50066.1014
F,F,R,TAKE BACK RETURN,Manufacturer#3,1-URGENT,0,MACHINERY,MAIL,2,0.04,18,Brand#32,LG PKG,36,41,2,65697.6866
O,O,N,DELIVER IN PERSON,Manufacturer#1,2-HIGH,1,BUILDING,AIR,1,0.02,8,Brand#14,SM JAR,20,20,3,34512.66
O,O,N,COLLECT COD,Manufacturer#4,1-URGENT,2,HOUSEHOLD,FOB,5,0,9,Brand#41,SM PACK,35,28,4,24188.3432
F,F,A,COLLECT COD,Manufacturer#4,3-MEDIUM,1,FURNITURE,REG AIR,1,0.01,8,Brand#45,SM CAN,21,6,3,5597.298
O,O,N,NONE,Manufacturer#5,5-LOW,4,AUTOMOBILE,SHIP,1,0.02,21,Brand#55,JUMBO CAN,35,10,1,13454.987
O,O,N,COLLECT COD,Manufacturer#2,5-LOW,4,AUTOMOBILE,AIR,3,0.04,9,Brand#25,MED CAN,25,49,4,42602.4032
O,O,N,NONE,Manufacturer#2,5-LOW,4,AUTOMOBILE,AIR,2,0,21,Brand#23,WRAP BAG,35,37,1,40415.0112
O,O,N,TAKE BACK RETURN,Manufacturer#5,1-URGENT,2,HOUSEHOLD,RAIL,2,0,8,Brand#51,JUMBO PACK,30,23,3,31386.4187
F,F,A,TAKE BACK RETURN,Manufacturer#2,1-URGENT,4,HOUSEHOLD,SHIP,2,0.05,12,Brand#23,WRAP DRUM,1,48,0,69072.696
F,F,A,COLLECT COD,Manufacturer#3,1-URGENT,0,BUILDING,MAIL,5,0.01,9,Brand#31,MED BOX,25,7,4,10209.85
O,O,N,COLLECT COD,Manufacturer#5,3-MEDIUM,4,BUILDING,MAIL,3,0.02,21,Brand#53,JUMBO BAG,5,12,1,14510.3664
F,F,A,DELIVER IN PERSON,Manufacturer#4,2-HIGH,0,AUTOMOBILE,TRUCK,1,0.01,21,Brand#44,JUMBO PKG,46,19,1,17493.6762
F,F,A,DELIVER IN PERSON,Manufacturer#5,2-HIGH,4,AUTOMOBILE,MAIL,4,0.04,8,Brand#54,MED JAR,13,26,3,35277.84
F,F,R,NONE,Manufacturer#1,2-HIGH,4,AUTOMOBILE,TRUCK,3,0.07,21,Brand#11,MED BAG,20,8,1,7582.68
O,P,N,TAKE BACK RETURN,Manufacturer#5,5-LOW,1,BUILDING,TRUCK,1,0.01,12,Brand#54,LG BAG,10,16,0,20756.9136
O,O,N,TAKE BACK RETURN,Manufacturer#1,1-URGENT,1,BUILDING,SHIP,3,0.06,12,Brand#15,SM CASE,34,45,0,59809.536
O,O,N,COLLECT COD,Manufacturer#3,3-MEDIUM,3,BUILDING,SHIP,2,0.04,18,Brand#34,JUMBO CAN,5,48,2,60129.9072
O,O,N,NONE,Manufacturer#5,2-HIGH,2,AUTOMOBILE,FOB,3,0.04,9,Brand#51,MED CASE,40,19,4,31862.3616
O,O,N,TAKE BACK RETURN,Manufacturer#4,2-HIGH,2,AUTOMOBILE,FOB,1,0.05,9,Brand#41,JUMBO DRUM,31,33,4,56044.7085
O,O,N,COLLECT COD,Manufacturer#5,2-HIGH,2,AUTOMOBILE,FOB,2,0.08,21,Brand#54,LG CASE,42,31,1,48679.3248
O,O,N,TAKE BACK RETURN,Manufacturer#1,2-HIGH,2,HOUSEHOLD,MAIL,2,0.05,12,Brand#12,LG DRUM,47,6,0,9603.246
F,F,A,TAKE BACK RETURN,Manufacturer#2,1-URGENT,2,HOUSEHOLD,RAIL,4,0.04,8,Brand#22,SM PACK,50,12,3,16975.4352
F,F,A,DELIVER IN PERSON,Manufacturer#4,1-URGENT,2,HOUSEHOLD,REG AIR,7,0.03,8,Brand#41,SM JAR,11,11,3,12602.4525
O,O,N,TAKE BACK RETURN,Manufacturer#5,4-NOT SPECIFIED,0,BUILDING,TRUCK,2,0.05,8,Brand#53,MED JAR,7,35,3,32540.732
O,O,N,COLLECT COD,Manufacturer#2,4-NOT SPECIFIED,0,BUILDING,SHIP,6,0.02,18,Brand#25,SM PACK,28,13,2,19013.5803
O,O,N,NONE,Manufacturer#1,4-NOT SPECIFIED,0,BUILDING,AIR,5,0,8,Brand#12,JUMBO DRUM,17,1,3,1258.9536
F,F,R,TAKE BACK RETURN,Manufacturer#1,1-URGENT,1,HOUSEHOLD,RAIL,7,0.08,9,Brand#11,MED PKG,34,30,4,43626.114
O,O,N,TAKE BACK RETURN,Manufacturer#2,5-LOW,3,BUILDING,TRUCK,2,0.08,21,Brand#21,SM BOX,11,6,1,6854.544
F,F,A,DELIVER IN PERSON,Manufacturer#2,3-MEDIUM,4,BUILDING,TRUCK,1,0.04,18,Brand#21,SM CAN,48,24,2,28646.3712
F,F,R,COLLECT COD,Manufacturer#2,3-MEDIUM,4,BUILDING,TRUCK,2,0.07,12,Brand#21,MED PACK,12,5,0,8553.024
O,O,N,NONE,Manufacturer#2,2-HIGH,3,MACHINERY,FOB,2,0.08,21,Brand#23,WRAP DRUM,12,28,1,26432.8512
O,O,N,TAKE BACK RETURN,Manufacturer#5,5-LOW,4,BUILDING,SHIP,1,0.08,9,Brand#54,LG CAN,30,15,4,26277.75
O,O,N,NONE,Manufacturer#5,5-LOW,4,BUILDING,TRUCK,3,0.05,21,Brand#51,JUMBO BAG,20,25,1,33360.75
F,F,R,DELIVER IN PERSON,Manufacturer#5,4-NOT SPECIFIED,4,BUILDING,FOB,1,0.05,21,Brand#54,JUMBO DRUM,18,43,1,69518.53
F,F,R,COLLECT COD,Manufacturer#3,4-NOT SPECIFIED,4,BUILDING,AIR,2,0.08,12,Brand#35,SM CAN,28,12,0,19160.28
O,O,N,DELIVER IN PERSON,Manufacturer#4,5-LOW,0,HOUSEHOLD,REG AIR,5,0.06,9,Brand#42,MED BOX,35,41,4,41333.5104
O,O,N,NONE,Manufacturer#1,3-MEDIUM,0,HOUSEHOLD,RAIL,2,0.05,21,Brand#12,JUMBO PKG,35,14,1,17793.4624
O,O,N,TAKE BACK RETURN,Manufacturer#2,3-MEDIUM,0,HOUSEHOLD,RAIL,1,0,8,Brand#21,SM PKG,41,47,3,78173.596
O,O,N,DELIVER IN PERSON,Manufacturer#3,1-URGENT,1,MACHINERY,SHIP,6,0.08,8,Brand#35,WRAP BOX,44,11,3,17409.7341
O,O,N,NONE,Manufacturer#4,1-URGENT,1,MACHINERY,SHIP,5,0.04,8,Brand#44,LG JAR,6,2,3,3089.0136
O,O,N,NONE,Manufacturer#1,1-URGENT,1,MACHINERY,MAIL,1,0,18,Brand#11,JUMBO BAG,21,21,2,28800.87
O,O,N,NONE,Manufacturer#5,4-NOT SPECIFIED,2,BUILDING,FOB,3,0.01,18,Brand#51,SM PACK,30,42,2,63475.4736
O,O,N,DELIVER IN PERSON,Manufacturer#3,4-NOT SPECIFIED,2,BUILDING,REG AIR,5,0.02,12,Brand#35,SM DRUM,37,25,0,29236.68
O,O,N,COLLECT COD,Manufacturer#4,4-NOT SPECIFIED,2,BUILDING,RAIL,4,0.03,18,Brand#41,JUMBO JAR,37,9,2,15474.645
O,O,N,DELIVER IN PERSON,Manufacturer#3,4-NOT SPECIFIED,2,BUILDING,TRUCK,6,0.01,21,Brand#33,LG BAG,4,38,1,35343.534
O,O,N,TAKE BACK RETURN,Manufacturer#2,5-LOW,1,FURNITURE,AIR,2,0.04,8,Brand#23,LG PKG,2,15,3,21142.7595
O,O,N,DELIVER IN PERSON,Manufacturer#3,5-LOW,1,FURNITURE,TRUCK,5,0.06,18,Brand#35,LG BOX,42,43,2,53845.632
F,F,A,TAKE BACK RETURN,Manufacturer#4,2-HIGH,2,HOUSEHOLD,RAIL,3,0.01,21,Brand#45,SM JAR,33,25,1,36680.8275
F,F,R,DELIVER IN PERSON,Manufacturer#3,2-HIGH,2,HOUSEHOLD,SHIP,4,0.06,8,Brand#35,WRAP CASE,1,32,3,35703.4496
O,O,N,COLLECT COD,Manufacturer#3,1-URGENT,0,HOUSEHOLD,AIR,4,0.07,8,Brand#32,LG BOX,44,5,3,7735.483
O,O,N,DELIVER IN PERSON,Manufacturer#1,4-NOT SPECIFIED,3,HOUSEHOLD,MAIL,2,0.07,21,Brand#13,WRAP DRUM,19,15,1,15127.422
F,F,R,TAKE BACK RETURN,Manufacturer#1,4-NOT SPECIFIED,3,BUILDING,RAIL,5,0.06,18,Brand#11,JUMBO CASE,27,40,2,35330.208
F,F,A,NONE,Manufacturer#5,4-NOT SPECIFIED,3,BUILDING,FOB,3,0,18,Brand#54,SM DRUM,23,32,2,33425.1968
O,O,N,TAKE BACK RETURN,Manufacturer#4,2-HIGH,4,FURNITURE,RAIL,1,0,9,Brand#41,SM PACK,35,36,4,31760.9856
F,F,A,COLLECT COD,Manufacturer#5,3-MEDIUM,0,MACHINERY,RAIL,5,0.01,21,Brand#55,WRAP PKG,27,35,1,59834.313
F,F,R,COLLECT COD,Manufacturer#1,3-MEDIUM,0,MACHINERY,RAIL,3,0.08,8,Brand#11,MED BOX,33,29,3,26978.6304
F,P,N,TAKE BACK RETURN,Manufacturer#3,4-NOT SPECIFIED,1,HOUSEHOLD,FOB,4,0.07,8,Brand#34,LG CASE,9,50,3,61585.53
O,O,N,DELIVER IN PERSON,Manufacturer#1,2-HIGH,1,MACHINERY,AIR,7,0.01,12,Brand#11,LG CASE,39,19,0,29257.1025
O,O,N,COLLECT COD,Manufacturer#2,2-HIGH,1,MACHINERY,MAIL,4,0.01,18,Brand#21,MED PACK,24,21,2,21540.0906
F,F,A,NONE,Manufacturer#1,1-URGENT,2,HOUSEHOLD,FOB,4,0.08,21,Brand#14,MED BOX,1,17,1,22346.415
O,O,N,COLLECT COD,Manufacturer#3,3-MEDIUM,0,HOUSEHOLD,RAIL,2,0.05,21,Brand#31,LG PKG,47,39,1,41497.0374
O,O,N,TAKE BACK RETURN,Manufacturer#3,4-NOT SPECIFIED,2,AUTOMOBILE,TRUCK,2,0.03,18,Brand#35,LG JAR,14,18,2,18248.436
F,F,A,NONE,Manufacturer#3,4-NOT SPECIFIED,4,BUILDING,RAIL,1,0.04,18,Brand#33,JUMBO CAN,2,46,2,78626.6454
F,F,A,NONE,Manufacturer#3,2-HIGH,0,FURNITURE,RAIL,4,0.08,12,Brand#34,MED DRUM,29,44,0,64792.112
O,O,N,NONE,Manufacturer#3,5-LOW,3,BUILDING,TRUCK,3,0.02,18,Brand#32,SM DRUM,2,1,2,1086.875
F,F,R,COLLECT COD,Manufacturer#4,2-HIGH,0,FURNITURE,RAIL,3,0.05,21,Brand#44,MED DRUM,14,41,1,57290.448
F,F,R,NONE,Manufacturer#4,2-HIGH,0,FURNITURE,RAIL,5,0.03,12,Brand#42,MED PKG,28,43,0,56405.7058
O,O,N,NONE,Manufacturer#1,2-HIGH,4,BUILDING,REG AIR,2,0,18,Brand#12,JUMBO DRUM,17,30,2,39342.3
O,O,N,NONE,Manufacturer#5,2-HIGH,4,BUILDING,TRUCK,3,0.08,8,Brand#54,WRAP JAR,50,29,3,48858.417
O,P,N,NONE,Manufacturer#3,4-NOT SPECIFIED,2,AUTOMOBILE,SHIP,2,0.01,8,Brand#33,SM CASE,46,22,3,19874.7208
F,P,R,NONE,Manufacturer#5,4-NOT SPECIFIED,2,AUTOMOBILE,TRUCK,1,0.02,21,Brand#51,JUMBO BOX,48,29,1,48237.6053
F,P,R,DELIVER IN PERSON,Manufacturer#3,4-NOT SPECIFIED,2,AUTOMOBILE,FOB,7,0,9,Brand#34,LG BAG,23,9,4,13553.2224
O,P,N,TAKE BACK RETURN,Manufacturer#5,4-NOT SPECIFIED,2,AUTOMOBILE,REG AIR,4,0.07,18,Brand#54,LG CAN,44,24,2,20311.4232
F,F,R,NONE,Manufacturer#4,4-NOT SPECIFIED,4,HOUSEHOLD,FOB,2,0.06,8,Brand#43,LG DRUM,12,43,3,50749.202
F,F,A,NONE,Manufacturer#3,3-MEDIUM,1,MACHINERY,FOB,1,0.03,21,Brand#34,MED DRUM,47,11,1,20438.7722
F,F,R,COLLECT COD,Manufacturer#3,3-MEDIUM,1,MACHINERY,RAIL,2,0.01,9,Brand#35,SM JAR,39,10,4,9458.179
F,F,A,DELIVER IN PERSON,Manufacturer#5,3-MEDIUM,3,BUILDING,SHIP,2,0.03,18,Brand#55,LG JAR,38,8,2,10320.9744
F,F,R,DELIVER IN PERSON,Manufacturer#1,3-MEDIUM,3,BUILDING,MAIL,1,0.04,12,Brand#13,MED BOX,49,50,0,86445.725
O,O,N,DELIVER IN PERSON,Manufacturer#5,3-MEDIUM,2,AUTOMOBILE,FOB,4,0.06,21,Brand#51,MED BAG,15,1,1,1385.6644
O,O,N,DELIVER IN PERSON,Manufacturer#4,3-MEDIUM,2,AUTOMOBILE,MAIL,3,0.04,9,Brand#41,SM PACK,43,6,4,6325.5744
O,O,N,DELIVER IN PERSON,Manufacturer#2,4-NOT SPECIFIED,2,AUTOMOBILE,MAIL,2,0.07,21,Brand#25,SM CASE,22,17,1,14995.071
F,F,R,COLLECT COD,Manufacturer#1,3-MEDIUM,3,MACHINERY,FOB,2,0.01,18,Brand#12,WRAP JAR,32,47,2,61055.0304
O,O,N,DELIVER IN PERSON,Manufacturer#3,5-LOW,2,BUILDING,RAIL,1,0.06,21,Brand#32,LG CAN,1,50,1,55871.76
O,O,N,TAKE BACK RETURN,Manufacturer#4,5-LOW,2,BUILDING,AIR,2,0.03,21,Brand#41,WRAP CAN,20,27,1,47439.8694
F,F,A,NONE,Manufacturer#3,1-URGENT,2,AUTOMOBILE,AIR,2,0.03,18,Brand#33,JUMBO BAG,46,50,2,43334.94
F,F,R,NONE,Manufacturer#5,1-URGENT,2,AUTOMOBILE,SHIP,1,0.01,18,Brand#53,LG CASE,37,15,2,18067.458
F,F,R,TAKE BACK RETURN,Manufacturer#2,1-URGENT,2,AUTOMOBILE,FOB,6,0,18,Brand#22,SM BAG,8,23,2,37575.744
F,F,A,DELIVER IN PERSON,Manufacturer#1,1-URGENT,2,AUTOMOBILE,REG AIR,3,0.01,12,Brand#12,MED PKG,48,27,0,35246.4021
F,F,A,COLLECT COD,Manufacturer#1,4-NOT SPECIFIED,4,BUILDING,AIR,1,0.05,21,Brand#14,MED CAN,23,22,1,39463.3998
F,F,A,TAKE BACK RETURN,Manufacturer#2,2-HIGH,3,HOUSEHOLD,AIR,2,0.02,9,Brand#24,MED JAR,12,31,4,37180.3584
O,O,N,COLLECT COD,Manufacturer#2,5-LOW,0,MACHINERY,REG AIR,3,0.02,12,Brand#25,WRAP JAR,23,10,0,10242.372
O,O,N,NONE,Manufacturer#5,5-LOW,0,MACHINERY,MAIL,1,0.03,8,Brand#55,WRAP DRUM,9,4,3,6282.0576
O,O,N,COLLECT COD,Manufacturer#5,5-LOW,0,MACHINERY,SHIP,4,0.07,12,Brand#52,SM PKG,2,45,0,58382.37
O,O,N,DELIVER IN PERSON,Manufacturer#3,1-URGENT,0,FURNITURE,RAIL,4,0.03,9,Brand#32,MED PACK,16,13,4,17111.952
O,O,N,COLLECT COD,Manufacturer#4,1-URGENT,0,FURNITURE,REG AIR,6,0.07,9,Brand#43,LG PACK,44,20,4,25703.636
F,F,R,NONE,Manufacturer#2,4-NOT SPECIFIED,2,BUILDING,SHIP,6,0.06,18,Brand#23,LG BAG,17,1,2,973.962
F,F,A,DELIVER IN PERSON,Manufacturer#4,4-NOT SPECIFIED,2,BUILDING,RAIL,3,0.05,18,Brand#44,SM CAN,11,5,2,8131.0975
F,F,R,NONE,Manufacturer#2,4-NOT SPECIFIED,0,HOUSEHOLD,MAIL,3,0.04,21,Brand#23,LG PACK,13,6,1,9341.6598
O,O,N,DELIVER IN PERSON,Manufacturer#1,2-HIGH,2,FURNITURE,TRUCK,2,0,12,Brand#15,JUMBO PACK,27,26,0,41459.6754
O,O,N,DELIVER IN PERSON,Manufacturer#4,3-MEDIUM,2,FURNITURE,MAIL,2,0.08,8,Brand#42,SM JAR,4,1,3,1380.552
F,F,A,DELIVER IN PERSON,Manufacturer#3,3-MEDIUM,4,FURNITURE,MAIL,2,0.04,21,Brand#34,LG PKG,39,2,1,3731.92
O,O,N,COLLECT COD,Manufacturer#4,1-URGENT,1,AUTOMOBILE,REG AIR,5,0.05,18,Brand#44,SM BAG,15,24,2,36372.5568
O,O,N,NONE,Manufacturer#3,1-URGENT,1,AUTOMOBILE,TRUCK,6,0.03,18,Brand#35,JUMBO JAR,42,41,2,37086.9436
F,F,R,TAKE BACK RETURN,Manufacturer#2,5-LOW,4,BUILDING,AIR,2,0.05,8,Brand#24,WRAP CAN,46,35,3,36260.112
F,F,A,DELIVER IN PERSON,Manufacturer#2,2-HIGH,2,FURNITURE,AIR,1,0.07,21,Brand#23,LG PACK,13,4,1,5661.612
F,F,A,TAKE BACK RETURN,Manufacturer#1,3-MEDIUM,0,FURNITURE,SHIP,5,0.06,12,Brand#12,SM DRUM,40,37,0,45088.4442
O,O,N,DELIVER IN PERSON,Manufacturer#3,4-NOT SPECIFIED,4,MACHINERY,SHIP,2,0.04,12,Brand#34,WRAP PKG,27,23,0,26337.2655
O,O,N,DELIVER IN PERSON,Manufacturer#1,5-LOW,1,AUTOMOBILE,REG AIR,6,0.02,8,Brand#15,JUMBO JAR,16,9,3,10789.6302
O,O,N,NONE,Manufacturer#1,5-LOW,0,BUILDING,SHIP,5,0.06,18,Brand#12,LG BAG,45,41,2,61483.19
O,O,N,NONE,Manufacturer#3,5-LOW,0,BUILDING,TRUCK,3,0.04,9,Brand#31,LG PACK,18,50,4,86518.18
O,O,N,COLLECT COD,Manufacturer#1,5-LOW,0,BUILDING,SHIP,1,0.02,21,Brand#11,WRAP BOX,13,42,1,70497.714
O,O,N,DELIVER IN PERSON,Manufacturer#3,3-MEDIUM,1,FURNITURE,FOB,2,0.05,21,Brand#32,SM PKG,12,11,1,17858.61
O,O,N,NONE,Manufacturer#2,3-MEDIUM,1,FURNITURE,TRUCK,4,0.07,8,Brand#24,JUMBO BAG,25,23,3,34053.11
F,F,R,NONE,Manufacturer#4,3-MEDIUM,2,MACHINERY,MAIL,3,0.03,9,Brand#45,SM PACK,48,4,4,3625.1136
F,F,A,COLLECT COD,Manufacturer#3,3-MEDIUM,2,MACHINERY,SHIP,4,0,8,Brand#33,SM BAG,30,13,3,23479.3156
F,F,R,DELIVER IN PERSON,Manufacturer#3,3-MEDIUM,2,MACHINERY,SHIP,1,0.03,12,Brand#32,LG PKG,11,49,0,56659.0038
F,F,R,DELIVER IN PERSON,Manufacturer#4,3-MEDIUM,0,BUILDING,RAIL,4,0,8,Brand#42,LG PACK,44,38,3,57712.709
F,F,A,NONE,Manufacturer#5,3-MEDIUM,0,BUILDING,TRUCK,6,0.01,21,Brand#52,JUMBO BAG,9,32,1,52567.68
F,F,R,DELIVER IN PERSON,Manufacturer#1,3-MEDIUM,0,BUILDING,FOB,5,0.01,9,Brand#13,MED CASE,26,33,4,48159.111
O,O,N,TAKE BACK RETURN,Manufacturer#3,5-LOW,4,FURNITURE,MAIL,2,0.08,9,Brand#32,MED CASE,29,30,4,47046.09
O,O,N,TAKE BACK RETURN,Manufacturer#4,5-LOW,4,FURNITURE,TRUCK,1,0.08,18,Brand#44,LG CAN,25,42,2,66354.7374
F,F,R,COLLECT COD,Manufacturer#1,3-MEDIUM,3,BUILDING,AIR,4,0,18,Brand#11,JUMBO BOX,48,12,2,16229.4
F,F,R,NONE,Manufacturer#2,3-MEDIUM,3,BUILDING,SHIP,2,0.01,21,Brand#21,LG BOX,42,43,1,51466.4248
F,F,A,DELIVER IN PERSON,Manufacturer#2,1-URGENT,2,FURNITURE,FOB,1,0.03,18,Brand#23,LG JAR,46,50,2,53429.285
O,O,N,COLLECT COD,Manufacturer#4,5-LOW,3,HOUSEHOLD,RAIL,3,0.07,21,Brand#44,LG BOX,26,12,1,18247.866
O,O,N,NONE,Manufacturer#3,5-LOW,3,HOUSEHOLD,AIR,5,0.08,8,Brand#32,LG CAN,33,19,3,21835.56
F,F,A,NONE,Manufacturer#1,1-URGENT,0,HOUSEHOLD,AIR,2,0.02,8,Brand#13,JUMBO BOX,28,10,3,8865.897
F,F,A,COLLECT COD,Manufacturer#5,1-URGENT,0,HOUSEHOLD,TRUCK,5,0.04,21,Brand#53,WRAP CASE,1,19,1,21186.9608
F,F,A,DELIVER IN PERSON,Manufacturer#1,4-NOT SPECIFIED,0,BUILDING,RAIL,3,0,9,Brand#12,JUMBO BAG,43,44,4,54993.9544
F,F,A,DELIVER IN PERSON,Manufacturer#3,3-MEDIUM,4,HOUSEHOLD,REG AIR,1,0.05,9,Brand#31,SM CAN,34,6,4,7991.9136
F,F,R,TAKE BACK RETURN,Manufacturer#1,3-MEDIUM,4,HOUSEHOLD,AIR,2,0.06,12,Brand#15,MED PACK,22,38,0,46096.5384
O,O,N,COLLECT COD,Manufacturer#4,5-LOW,0,FURNITURE,TRUCK,2,0.01,18,Brand#43,WRAP CASE,24,4,2,7349.562
O,O,N,TAKE BACK RETURN,Manufacturer#1,5-LOW,0,FURNITURE,AIR,4,0.08,12,Brand#12,LG DRUM,47,3,0,4548.906
O,O,N,TAKE BACK RETURN,Manufacturer#2,5-LOW,0,FURNITURE,FOB,1,0.07,9,Brand#24,JUMBO BOX,38,29,4,49082.9727
O,P,N,DELIVER IN PERSON,Manufacturer#1,1-URGENT,4,AUTOMOBILE,MAIL,6,0.07,9,Brand#11,JUMBO CASE,20,48,4,44401.6896
O,O,N,NONE,Manufacturer#5,3-MEDIUM,2,FURNITURE,AIR,3,0.07,9,Brand#52,SM PACK,34,18,4,26135.3088
F,F,R,NONE,Manufacturer#4,5-LOW,0,BUILDING,AIR,1,0.07,21,Brand#44,MED CASE,40,50,1,58923
F,F,A,COLLECT COD,Manufacturer#2,5-LOW,0,BUILDING,AIR,6,0.04,18,Brand#24,WRAP JAR,25,48,2,75416.448
F,F,A,DELIVER IN PERSON,Manufacturer#1,5-LOW,0,BUILDING,FOB,2,0.01,8,Brand#11,LG CASE,39,10,3,16226.35
F,F,R,NONE,Manufacturer#5,4-NOT SPECIFIED,3,MACHINERY,AIR,4,0.02,21,Brand#51,MED CAN,10,46,1,77824.019
F,F,A,TAKE BACK RETURN,Manufacturer#4,4-NOT SPECIFIED,3,MACHINERY,TRUCK,2,0.02,8,Brand#42,LG PACK,44,10,3,15507.293
F,F,A,TAKE BACK RETURN,Manufacturer#2,4-NOT SPECIFIED,3,MACHINERY,SHIP,1,0.07,12,Brand#25,JUMBO CASE,20,25,0,33979.1725
F,F,R,NONE,Manufacturer#3,4-NOT SPECIFIED,3,MACHINERY,RAIL,3,0.03,12,Brand#35,JUMBO CASE,24,14,0,12847.2232
O,O,N,DELIVER IN PERSON,Manufacturer#4,3-MEDIUM,1,HOUSEHOLD,AIR,2,0.06,8,Brand#44,SM CASE,16,43,3,40363.068
O,O,N,DELIVER IN PERSON,Manufacturer#4,3-MEDIUM,1,HOUSEHOLD,AIR,1,0.07,18,Brand#43,JUMBO BAG,41,45,2,71006.328
O,O,N,COLLECT COD,Manufacturer#5,4-NOT SPECIFIED,4,BUILDING,MAIL,3,0.08,9,Brand#55,SM PACK,6,8,4,11797.4736
O,O,N,NONE,Manufacturer#4,3-MEDIUM,2,HOUSEHOLD,SHIP,2,0.02,12,Brand#42,LG BOX,17,46,0,42781.38
O,O,N,DELIVER IN PERSON,Manufacturer#1,3-MEDIUM,2,HOUSEHOLD,AIR,4,0.05,21,Brand#13,SM BAG,9,21,1,20927.361
O,O,N,TAKE BACK RETURN,Manufacturer#3,4-NOT SPECIFIED,0,MACHINERY,AIR,2,0.02,8,Brand#35,LG PKG,8,32,3,54011.7216
O,O,N,DELIVER IN PERSON,Manufacturer#5,4-NOT SPECIFIED,4,MACHINERY,REG AIR,1,0.02,18,Brand#52,MED BOX,22,21,2,29068.5318
O,O,N,NONE,Manufacturer#4,4-NOT SPECIFIED,4,MACHINERY,AIR,5,0.03,8,Brand#41,WRAP JAR,5,43,3,79977.85
O,O,N,TAKE BACK RETURN,Manufacturer#1,4-NOT SPECIFIED,4,MACHINERY,AIR,4,0.03,21,Brand#13,MED PKG,6,8,1,7294.4224
O,O,N,COLLECT COD,Manufacturer#3,4-NOT SPECIFIED,4,MACHINERY,REG AIR,6,0.06,21,Brand#34,SM PACK,48,38,1,45192.64
F,F,R,TAKE BACK RETURN,Manufacturer#1,3-MEDIUM,1,HOUSEHOLD,SHIP,3,0.04,12,Brand#11,MED PACK,4,46,0,76963.8144
O,O,N,COLLECT COD,Manufacturer#5,1-URGENT,4,FURNITURE,MAIL,2,0.01,12,Brand#51,SM PACK,33,25,0,44055.0625
F,F,R,DELIVER IN PERSON,Manufacturer#5,4-NOT SPECIFIED,1,BUILDING,RAIL,5,0.03,8,Brand#54,MED CAN,9,16,3,16714.4448
F,F,R,DELIVER IN PERSON,Manufacturer#3,4-NOT SPECIFIED,1,BUILDING,TRUCK,3,0.08,9,Brand#35,SM DRUM,21,11,4,13187.3896
F,F,R,NONE,Manufacturer#3,4-NOT SPECIFIED,1,BUILDING,RAIL,1,0.02,12,Brand#35,JUMBO CASE,24,19,0,17076.022
F,F,R,COLLECT COD,Manufacturer#4,4-NOT SPECIFIED,1,BUILDING,MAIL,6,0.01,21,Brand#42,JUMBO DRUM,13,46,1,58289.6314
O,O,N,COLLECT COD,Manufacturer#4,2-HIGH,2,AUTOMOBILE,AIR,6,0.06,21,Brand#45,LG JAR,47,44,1,52792.6784
O,O,N,NONE,Manufacturer#4,2-HIGH,2,AUTOMOBILE,FOB,5,0.02,12,Brand#45,SM CASE,38,44,0,63215.9968
O,O,N,NONE,Manufacturer#1,2-HIGH,2,AUTOMOBILE,AIR,1,0.06,18,Brand#12,MED CASE,49,47,2,60087.996
F,F,A,NONE,Manufacturer#1,2-HIGH,3,HOUSEHOLD,SHIP,3,0.04,8,Brand#11,LG CASE,39,28,3,42188.51
O,O,N,DELIVER IN PERSON,Manufacturer#2,5-LOW,4,HOUSEHOLD,SHIP,3,0.01,9,Brand#21,MED PACK,48,16,4,20070.1312
F,F,A,TAKE BACK RETURN,Manufacturer#2,1-URGENT,1,AUTOMOBILE,RAIL,2,0.05,18,Brand#22,MED CASE,49,19,2,30116.4136
F,F,R,DELIVER IN PERSON,Manufacturer#4,1-URGENT,1,AUTOMOBILE,REG AIR,7,0,18,Brand#43,LG PKG,15,30,2,33095.91
F,F,A,DELIVER IN PERSON,Manufacturer#3,1-URGENT,1,AUTOMOBILE,RAIL,5,0.06,8,Brand#34,SM CAN,5,31,3,38621.3066
F,F,A,DELIVER IN PERSON,Manufacturer#2,4-NOT SPECIFIED,2,FURNITURE,RAIL,3,0.03,21,Brand#22,JUMBO JAR,7,28,1,40997.348
O,O,N,DELIVER IN PERSON,Manufacturer#4,3-MEDIUM,0,HOUSEHOLD,AIR,1,0.02,9,Brand#42,WRAP PKG,38,30,4,41587.461
F,F,A,NONE,Manufacturer#3,5-LOW,4,AUTOMOBILE,REG AIR,7,0.01,21,Brand#35,SM PKG,23,7,1,6850.7012
F,F,R,TAKE BACK RETURN,Manufacturer#1,5-LOW,4,AUTOMOBILE,MAIL,6,0.06,8,Brand#13,SM BOX,18,42,3,79127.16
F,F,R,NONE,Manufacturer#5,2-HIGH,3,HOUSEHOLD,MAIL,1,0,21,Brand#55,JUMBO BAG,19,13,1,18696.7144
F,F,R,TAKE BACK RETURN,Manufacturer#1,4-NOT SPECIFIED,2,FURNITURE,SHIP,1,0.08,12,Brand#12,MED CASE,49,18,0,24802.2792
F,F,A,TAKE BACK RETURN,Manufacturer#5,4-NOT SPECIFIED,2,FURNITURE,TRUCK,6,0.06,8,Brand#54,JUMBO DRUM,2,22,3,22369.248
F,F,A,NONE,Manufacturer#4,1-URGENT,2,MACHINERY,SHIP,1,0.08,21,Brand#45,WRAP CASE,18,25,1,31483.75
O,O,N,TAKE BACK RETURN,Manufacturer#1,2-HIGH,4,BUILDING,AIR,3,0.05,21,Brand#15,WRAP BOX,26,1,1,1336.9029
O,O,N,COLLECT COD,Manufacturer#4,2-HIGH,4,BUILDING,MAIL,2,0.06,12,Brand#44,JUMBO CAN,3,42,0,51085.02
F,F,A,TAKE BACK RETURN,Manufacturer#5,5-LOW,0,HOUSEHOLD,TRUCK,1,0.01,12,Brand#52,SM CASE,48,18,0,25861.0752
O,O,N,DELIVER IN PERSON,Manufacturer#3,4-NOT SPECIFIED,0,HOUSEHOLD,RAIL,1,0.04,8,Brand#32,SM CASE,9,41,3,76020.1582
O,O,N,TAKE BACK RETURN,Manufacturer#5,4-NOT SPECIFIED,0,HOUSEHOLD,MAIL,3,0,9,Brand#52,LG CASE,21,5,4,8011.113
O,O,N,NONE,Manufacturer#4,1-URGENT,1,FURNITURE,AIR,2,0,9,Brand#42,SM JAR,47,13,4,11120.2
O,O,N,COLLECT COD,Manufacturer#2,1-URGENT,1,FURNITURE,SHIP,3,0.06,21,Brand#23,SM PACK,36,23,1,31541.0523
F,F,A,TAKE BACK RETURN,Manufacturer#5,1-URGENT,4,BUILDING,RAIL,5,0.02,18,Brand#53,LG BOX,42,23,2,24936.14
F,F,A,COLLECT COD,Manufacturer#5,1-URGENT,4,BUILDING,RAIL,1,0.07,21,Brand#51,LG CAN,22,34,1,49777.632
F,F,A,TAKE BACK RETURN,Manufacturer#2,5-LOW,4,MACHINERY,RAIL,2,0.08,21,Brand#21,LG CAN,15,43,1,64711.4482
O,O,N,TAKE BACK RETURN,Manufacturer#4,1-URGENT,0,MACHINERY,REG AIR,3,0,8,Brand#41,SM JAR,11,4,3,4304.97
F,F,A,DELIVER IN PERSON,Manufacturer#5,4-NOT SPECIFIED,2,FURNITURE,MAIL,2,0.07,9,Brand#53,WRAP DRUM,46,41,4,47767.0992
F,F,A,NONE,Manufacturer#5,4-NOT SPECIFIED,1,BUILDING,AIR,3,0.04,8,Brand#55,LG BAG,10,49,3,56284.2126
F,F,R,NONE,Manufacturer#4,1-URGENT,3,MACHINERY,REG AIR,1,0.05,8,Brand#41,WRAP CASE,50,4,3,4731.876
F,F,A,NONE,Manufacturer#2,1-URGENT,3,MACHINERY,SHIP,3,0.04,12,Brand#24,MED PACK,50,22,0,36404.5
F,F,R,NONE,Manufacturer#1,1-URGENT,3,MACHINERY,FOB,2,0.01,21,Brand#11,WRAP JAR,24,28,1,46290.636
O,O,N,DELIVER IN PERSON,Manufacturer#3,4-NOT SPECIFIED,0,BUILDING,RAIL,1,0.04,9,Brand#33,JUMBO PACK,35,23,4,22963.8992
F,F,R,DELIVER IN PERSON,Manufacturer#1,2-HIGH,2,FURNITURE,MAIL,3,0.06,8,Brand#13,JUMBO PACK,17,33,3,58130.5494
F,F,R,COLLECT COD,Manufacturer#5,4-NOT SPECIFIED,2,MACHINERY,RAIL,1,0.04,18,Brand#54,MED JAR,10,50,2,71125.95
F,F,R,COLLECT COD,Manufacturer#5,4-NOT SPECIFIED,2,MACHINERY,FOB,2,0.07,18,Brand#51,LG BOX,48,32,2,36249.5232
O,O,N,DELIVER IN PERSON,Manufacturer#2,1-URGENT,3,MACHINERY,AIR,2,0.07,8,Brand#22,JUMBO JAR,7,34,3,50841.696
O,O,N,NONE,Manufacturer#4,1-URGENT,3,MACHINERY,FOB,3,0,8,Brand#42,WRAP CAN,16,4,3,5982.36
F,F,A,NONE,Manufacturer#3,1-URGENT,3,HOUSEHOLD,REG AIR,6,0.07,21,Brand#34,SM DRUM,4,44,1,61439.1404
F,F,R,NONE,Manufacturer#5,1-URGENT,3,HOUSEHOLD,MAIL,3,0.04,21,Brand#53,SM CAN,36,41,1,54676.6488
F,F,R,NONE,Manufacturer#5,1-URGENT,3,FURNITURE,MAIL,1,0.06,9,Brand#51,WRAP BAG,2,7,4,9712.332
F,F,A,COLLECT COD,Manufacturer#5,5-LOW,0,AUTOMOBILE,AIR,2,0,9,Brand#52,JUMBO PKG,21,40,4,38850.768
F,F,R,NONE,Manufacturer#2,5-LOW,1,BUILDING,TRUCK,5,0.05,18,Brand#21,SM PKG,32,47,2,60435.0816
F,F,A,NONE,Manufacturer#4,5-LOW,1,BUILDING,FOB,3,0.03,9,Brand#41,LG JAR,25,19,4,32839.2504
F,F,R,NONE,Manufacturer#2,5-LOW,1,BUILDING,SHIP,4,0.04,21,Brand#24,JUMBO PACK,48,12,1,15424.9488
F,F,A,DELIVER IN PERSON,Manufacturer#1,5-LOW,2,MACHINERY,REG AIR,1,0.07,18,Brand#15,SM DRUM,22,3,2,3123.42
F,F,R,COLLECT COD,Manufacturer#4,4-NOT SPECIFIED,0,FURNITURE,MAIL,1,0.07,21,Brand#44,MED DRUM,14,3,1,4148.3175
F,F,R,COLLECT COD,Manufacturer#3,1-URGENT,3,FURNITURE,MAIL,6,0,18,Brand#35,JUMBO CAN,6,49,2,63995.568
F,F,R,TAKE BACK RETURN,Manufacturer#3,1-URGENT,3,FURNITURE,MAIL,3,0.05,12,Brand#32,WRAP BOX,20,26,0,42338.5794
F,F,A,NONE,Manufacturer#5,1-URGENT,3,FURNITURE,AIR,5,0.07,21,Brand#53,JUMBO BOX,11,41,1,71743.44
O,O,N,NONE,Manufacturer#4,5-LOW,2,AUTOMOBILE,MAIL,2,0.01,18,Brand#44,SM BAG,15,36,2,56263.7988
O,O,N,COLLECT COD,Manufacturer#5,4-NOT SPECIFIED,4,HOUSEHOLD,FOB,1,0.04,21,Brand#54,LG CASE,42,8,1,13085.84
O,O,N,NONE,Manufacturer#4,2-HIGH,2,FURNITURE,REG AIR,7,0.02,18,Brand#45,LG BAG,4,25,2,23344.23
O,O,N,COLLECT COD,Manufacturer#3,2-HIGH,2,FURNITURE,MAIL,5,0.02,8,Brand#31,LG JAR,44,21,3,27931.2768
O,O,N,TAKE BACK RETURN,Manufacturer#2,2-HIGH,2,FURNITURE,MAIL,6,0.07,18,Brand#21,JUMBO DRUM,49,2,2,3019.2
O,O,N,DELIVER IN PERSON,Manufacturer#3,2-HIGH,2,FURNITURE,REG AIR,2,0.06,12,Brand#34,MED DRUM,47,17,0,29653.2836
O,O,N,COLLECT COD,Manufacturer#5,1-URGENT,2,MACHINERY,RAIL,2,0.03,18,Brand#52,MED BAG,26,23,2,22753.233
F,F,A,TAKE BACK RETURN,Manufacturer#5,4-NOT SPECIFIED,4,AUTOMOBILE,MAIL,6,0.01,12,Brand#51,JUMBO BOX,47,9,0,13860.4464
F,F,R,DELIVER IN PERSON,Manufacturer#5,4-NOT SPECIFIED,4,AUTOMOBILE,SHIP,5,0.04,12,Brand#51,JUMBO JAR,23,16,0,22972.2624
F,F,A,DELIVER IN PERSON,Manufacturer#5,4-NOT SPECIFIED,4,AUTOMOBILE,FOB,2,0.04,8,Brand#52,WRAP CAN,4,46,3,73919.0284
O,P,N,COLLECT COD,Manufacturer#5,5-LOW,1,AUTOMOBILE,RAIL,5,0.06,8,Brand#54,LG BAG,10,38,3,45740.106
F,F,A,NONE,Manufacturer#1,5-LOW,2,BUILDING,MAIL,1,0.04,18,Brand#12,WRAP JAR,32,19,2,24410.592
F,F,R,NONE,Manufacturer#3,5-LOW,2,BUILDING,AIR,3,0.04,18,Brand#31,WRAP PKG,11,26,2,31382.2548
O,O,N,NONE,Manufacturer#4,5-LOW,2,FURNITURE,SHIP,2,0.05,9,Brand#41,SM JAR,38,42,4,40510.2978
O,O,N,NONE,Manufacturer#5,5-LOW,2,FURNITURE,TRUCK,3,0.03,21,Brand#54,WRAP BAG,15,42,1,59976.504
F,F,A,COLLECT COD,Manufacturer#4,2-HIGH,4,HOUSEHOLD,RAIL,1,0.06,18,Brand#43,JUMBO PKG,13,8,2,6967.324
O,O,N,NONE,Manufacturer#1,2-HIGH,2,HOUSEHOLD,TRUCK,2,0.05,21,Brand#11,LG PACK,16,11,1,14091.198
O,O,N,DELIVER IN PERSON,Manufacturer#4,1-URGENT,1,MACHINERY,AIR,2,0.06,9,Brand#44,MED DRUM,41,5,4,8049.264
O,O,N,DELIVER IN PERSON,Manufacturer#4,1-URGENT,1,MACHINERY,MAIL,4,0.04,18,Brand#43,JUMBO CAN,37,5,2,5901.115
F,F,R,DELIVER IN PERSON,Manufacturer#2,3-MEDIUM,1,FURNITURE,SHIP,6,0,18,Brand#24,WRAP PKG,14,18,2,30341.088
F,F,A,TAKE BACK RETURN,Manufacturer#3,3-MEDIUM,1,FURNITURE,AIR,3,0.08,18,Brand#33,JUMBO PKG,10,39,2,44470.7445
F,F,R,NONE,Manufacturer#3,3-MEDIUM,1,FURNITURE,FOB,1,0.03,18,Brand#35,SM JAR,7,31,2,35460.0568
O,O,N,TAKE BACK RETURN,Manufacturer#4,2-HIGH,1,HOUSEHOLD,AIR,1,0.07,18,Brand#41,SM BOX,33,46,2,49194.792
F,F,A,NONE,Manufacturer#4,2-HIGH,0,AUTOMOBILE,SHIP,1,0.03,12,Brand#45,SM CASE,38,37,0,54314.5348
O,O,N,COLLECT COD,Manufacturer#1,3-MEDIUM,4,BUILDING,TRUCK,4,0.02,18,Brand#11,JUMBO BOX,48,11,2,14728.1805
O,O,N,COLLECT COD,Manufacturer#3,3-MEDIUM,4,BUILDING,MAIL,3,0.01,18,Brand#32,WRAP CAN,9,24,2,36441.9072
F,F,A,NONE,Manufacturer#3,2-HIGH,2,FURNITURE,REG AIR,1,0,8,Brand#34,MED CAN,34,32,3,40445.072
F,F,R,TAKE BACK RETURN,Manufacturer#4,5-LOW,2,AUTOMOBILE,SHIP,5,0.08,8,Brand#41,WRAP CASE,50,44,3,54942.338
F,F,R,TAKE BACK RETURN,Manufacturer#1,5-LOW,2,AUTOMOBILE,AIR,4,0.05,9,Brand#14,SM JAR,20,12,4,21130.2
F,F,A,TAKE BACK RETURN,Manufacturer#1,5-LOW,2,AUTOMOBILE,REG AIR,3,0.07,18,Brand#15,JUMBO JAR,49,17,2,29105.2614
O,O,N,TAKE BACK RETURN,Manufacturer#3,3-MEDIUM,4,MACHINERY,MAIL,2,0.03,8,Brand#35,LG BOX,13,18,3,30784.212
O,O,N,TAKE BACK RETURN,Manufacturer#1,3-MEDIUM,4,MACHINERY,RAIL,3,0.02,8,Brand#14,MED BOX,1,16,3,22434.048
F,F,A,COLLECT COD,Manufacturer#4,4-NOT SPECIFIED,4,AUTOMOBILE,REG AIR,5,0.08,12,Brand#45,MED JAR,16,18,0,20887.2234
O,O,N,DELIVER IN PERSON,Manufacturer#5,2-HIGH,0,BUILDING,MAIL,7,0.06,21,Brand#51,SM CAN,15,30,1,45921.33
O,O,N,COLLECT COD,Manufacturer#5,2-HIGH,0,BUILDING,SHIP,5,0.07,18,Brand#51,WRAP JAR,35,50,2,53553.7
O,O,N,COLLECT COD,Manufacturer#1,2-HIGH,1,MACHINERY,AIR,3,0.02,12,Brand#11,JUMBO CASE,20,2,0,1791.0256
O,O,N,TAKE BACK RETURN,Manufacturer#4,2-HIGH,1,MACHINERY,MAIL,6,0.08,8,Brand#43,WRAP CAN,44,24,3,44158.32
O,O,N,COLLECT COD,Manufacturer#3,2-HIGH,1,MACHINERY,AIR,4,0.07,9,Brand#31,JUMBO PKG,1,39,4,44180.1204
O,O,N,NONE,Manufacturer#2,3-MEDIUM,2,AUTOMOBILE,RAIL,1,0,21,Brand#25,SM CAN,1,15,1,18866.115
O,O,N,TAKE BACK RETURN,Manufacturer#1,3-MEDIUM,2,AUTOMOBILE,MAIL,3,0.04,21,Brand#11,WRAP PKG,20,11,1,17943.8886
O,O,N,NONE,Manufacturer#5,2-HIGH,2,AUTOMOBILE,RAIL,3,0.06,18,Brand#51,MED PKG,47,37,2,56436.507
F,F,A,NONE,Manufacturer#5,1-URGENT,3,AUTOMOBILE,TRUCK,4,0.04,18,Brand#52,JUMBO PKG,17,49,2,63179.424
F,F,R,NONE,Manufacturer#2,1-URGENT,3,AUTOMOBILE,TRUCK,3,0.02,8,Brand#25,WRAP PKG,4,24,3,41831.5992
F,F,R,TAKE BACK RETURN,Manufacturer#4,1-URGENT,3,AUTOMOBILE,REG AIR,2,0.05,18,Brand#45,MED BAG,27,6,2,7399.3734
O,O,N,COLLECT COD,Manufacturer#1,1-URGENT,0,AUTOMOBILE,REG AIR,1,0.01,9,Brand#15,WRAP CASE,19,30,4,34964.919
O,O,N,NONE,Manufacturer#2,1-URGENT,0,AUTOMOBILE,FOB,2,0.06,18,Brand#25,LG PKG,19,26,2,35080.1152
F,F,R,COLLECT COD,Manufacturer#4,5-LOW,4,FURNITURE,TRUCK,1,0.07,12,Brand#45,MED JAR,16,33,0,39082.7943
O,O,N,COLLECT COD,Manufacturer#3,3-MEDIUM,2,BUILDING,MAIL,1,0.01,12,Brand#34,WRAP JAR,43,26,0,32587.1
O,O,N,DELIVER IN PERSON,Manufacturer#2,1-URGENT,4,BUILDING,MAIL,3,0.04,21,Brand#25,SM CASE,22,20,1,19013.358
O,O,N,NONE,Manufacturer#1,1-URGENT,4,BUILDING,RAIL,4,0.02,18,Brand#11,WRAP CAN,49,30,2,39129.75
O,O,N,DELIVER IN PERSON,Manufacturer#2,2-HIGH,1,AUTOMOBILE,REG AIR,4,0.08,12,Brand#22,SM BAG,5,13,0,12429.9708
O,O,N,TAKE BACK RETURN,Manufacturer#1,2-HIGH,1,AUTOMOBILE,AIR,3,0.05,8,Brand#15,LG CASE,41,23,3,36698.409
O,O,N,NONE,Manufacturer#3,4-NOT SPECIFIED,1,FURNITURE,FOB,1,0.03,21,Brand#33,SM CAN,23,28,1,46820.34
F,F,A,NONE,Manufacturer#2,4-NOT SPECIFIED,2,HOUSEHOLD,FOB,6,0.05,21,Brand#21,SM BOX,26,5,1,8554.2275
F,F,R,NONE,Manufacturer#4,4-NOT SPECIFIED,2,HOUSEHOLD,MAIL,7,0.02,8,Brand#41,SM PACK,44,39,3,48735.9405
O,O,N,NONE,Manufacturer#2,4-NOT SPECIFIED,2,FURNITURE,MAIL,1,0.07,8,Brand#23,JUMBO PKG,15,35,3,36875.811
O,O,N,NONE,Manufacturer#5,4-NOT SPECIFIED,2,FURNITURE,FOB,4,0,12,Brand#51,JUMBO CASE,42,16,0,25255.44
F,F,A,NONE,Manufacturer#5,5-LOW,4,MACHINERY,FOB,5,0.03,12,Brand#51,SM PACK,33,8,0,14839.6
O,O,N,NONE,Manufacturer#1,2-HIGH,1,HOUSEHOLD,RAIL,2,0.07,18,Brand#14,JUMBO PACK,7,6,2,7496.3952
O,O,N,TAKE BACK RETURN,Manufacturer#3,2-HIGH,1,HOUSEHOLD,SHIP,5,0.03,21,Brand#34,JUMBO PKG,38,3,1,4552.3296
F,F,R,TAKE BACK RETURN,Manufacturer#3,2-HIGH,4,BUILDING,RAIL,3,0.01,8,Brand#32,LG PKG,43,16,3,16712.5984
O,O,N,DELIVER IN PERSON,Manufacturer#5,3-MEDIUM,2,AUTOMOBILE,RAIL,2,0.06,8,Brand#53,LG CASE,2,23,3,38873.979
O,O,N,TAKE BACK RETURN,Manufacturer#5,1-URGENT,4,BUILDING,AIR,1,0.05,12,Brand#54,LG BAG,10,31,0,38143.5036
O,O,N,TAKE BACK RETURN,Manufacturer#3,4-NOT SPECIFIED,1,AUTOMOBILE,RAIL,2,0.03,8,Brand#34,SM CAN,5,35,3,41806.569
O,O,N,TAKE BACK RETURN,Manufacturer#1,5-LOW,4,BUILDING,RAIL,3,0,18,Brand#13,JUMBO PACK,15,18,2,31100.76
O,O,N,COLLECT COD,Manufacturer#4,4-NOT SPECIFIED,2,AUTOMOBILE,REG AIR,1,0.03,9,Brand#44,MED DRUM,41,15,4,26247.6
F,F,A,NONE,Manufacturer#1,3-MEDIUM,4,AUTOMOBILE,SHIP,3,0.06,18,Brand#14,JUMBO PACK,17,29,2,36457.2572
F,F,R,COLLECT COD,Manufacturer#4,2-HIGH,1,AUTOMOBILE,SHIP,2,0.07,21,Brand#42,SM PKG,35,46,1,45191.481
O,O,N,TAKE BACK RETURN,Manufacturer#1,1-URGENT,2,MACHINERY,REG AIR,2,0.07,9,Brand#15,SM JAR,15,13,4,15429.3984
F,F,R,DELIVER IN PERSON,Manufacturer#3,5-LOW,0,MACHINERY,RAIL,1,0.04,18,Brand#31,WRAP DRUM,29,23,2,29571.2472
O,O,N,TAKE BACK RETURN,Manufacturer#4,3-MEDIUM,2,AUTOMOBILE,RAIL,1,0.02,18,Brand#45,JUMBO PACK,34,32,2,29824.928
O,O,N,NONE,Manufacturer#5,3-MEDIUM,2,BUILDING,TRUCK,1,0.05,9,Brand#51,JUMBO DRUM,19,26,4,44675.4048
O,O,N,NONE,Manufacturer#5,1-URGENT,1,FURNITURE,RAIL,1,0.02,8,Brand#54,MED JAR,46,15,3,25182.4815
O,O,N,COLLECT COD,Manufacturer#4,4-NOT SPECIFIED,2,MACHINERY,RAIL,6,0.03,21,Brand#44,LG PKG,35,46,1,60040.3914
O,O,N,TAKE BACK RETURN,Manufacturer#2,1-URGENT,1,BUILDING,RAIL,2,0.07,21,Brand#21,WRAP DRUM,34,20,1,32367.654
F,F,A,NONE,Manufacturer#4,2-HIGH,0,FURNITURE,FOB,2,0.01,21,Brand#44,LG DRUM,18,26,1,31494.06
F,F,R,DELIVER IN PERSON,Manufacturer#2,2-HIGH,0,FURNITURE,SHIP,1,0.08,8,Brand#24,SM CAN,14,29,3,33950.6915
O,O,N,COLLECT COD,Manufacturer#3,1-URGENT,1,HOUSEHOLD,FOB,5,0.03,8,Brand#35,LG PKG,8,31,3,54011.7216
O,O,N,NONE,Manufacturer#2,1-URGENT,1,HOUSEHOLD,REG AIR,3,0.06,21,Brand#25,LG DRUM,25,23,1,21085.4754
O,O,N,DELIVER IN PERSON,Manufacturer#1,1-URGENT,1,HOUSEHOLD,SHIP,7,0,21,Brand#12,WRAP JAR,8,1,1,1788.4216
F,F,R,NONE,Manufacturer#3,5-LOW,1,BUILDING,MAIL,1,0.02,21,Brand#33,MED PACK,33,2,1,2330.2734
F,F,A,NONE,Manufacturer#3,2-HIGH,4,FURNITURE,SHIP,1,0.06,9,Brand#35,SM BAG,21,3,4,3024.432
F,F,R,NONE,Manufacturer#4,2-HIGH,4,FURNITURE,RAIL,4,0,9,Brand#43,JUMBO CASE,44,14,4,22248.576
O,O,N,DELIVER IN PERSON,Manufacturer#5,4-NOT SPECIFIED,4,BUILDING,RAIL,3,0.07,18,Brand#52,WRAP CASE,36,4,2,6885.258
O,O,N,DELIVER IN PERSON,Manufacturer#2,4-NOT SPECIFIED,4,BUILDING,RAIL,7,0.02,21,Brand#21,MED PKG,20,48,1,60068.736
F,F,R,DELIVER IN PERSON,Manufacturer#5,2-HIGH,3,FURNITURE,TRUCK,2,0.02,9,Brand#52,SM BAG,9,33,4,53159.436
F,F,R,TAKE BACK RETURN,Manufacturer#1,2-HIGH,3,FURNITURE,TRUCK,5,0.05,21,Brand#11,JUMBO PKG,29,23,1,23602.5356
O,O,N,DELIVER IN PERSON,Manufacturer#5,2-HIGH,0,BUILDING,TRUCK,6,0.08,9,Brand#52,WRAP CAN,4,18,4,28039.383
O,O,N,NONE,Manufacturer#4,2-HIGH,0,BUILDING,AIR,5,0.06,21,Brand#42,WRAP CAN,16,32,1,43072.992
O,O,N,NONE,Manufacturer#2,2-HIGH,0,BUILDING,TRUCK,2,0.06,8,Brand#22,WRAP JAR,3,49,3,61243.0273
O,O,N,NONE,Manufacturer#4,2-HIGH,0,BUILDING,RAIL,1,0.04,21,Brand#42,JUMBO BOX,30,50,1,60094.35
F,F,R,DELIVER IN PERSON,Manufacturer#4,5-LOW,0,FURNITURE,RAIL,3,0.06,12,Brand#42,MED CAN,11,3,0,3581.334
F,F,A,TAKE BACK RETURN,Manufacturer#1,1-URGENT,4,FURNITURE,TRUCK,1,0.08,21,Brand#13,WRAP DRUM,19,23,1,24203.8752
F,F,R,TAKE BACK RETURN,Manufacturer#5,4-NOT SPECIFIED,2,FURNITURE,REG AIR,4,0.03,18,Brand#54,MED BOX,48,45,2,77209.344
O,O,N,COLLECT COD,Manufacturer#3,1-URGENT,3,HOUSEHOLD,SHIP,6,0.04,21,Brand#34,SM DRUM,4,29,1,40911.4426
O,O,N,TAKE BACK RETURN,Manufacturer#2,1-URGENT,3,HOUSEHOLD,FOB,2,0.08,8,Brand#25,WRAP PACK,10,12,3,18183.7656
O,O,N,DELIVER IN PERSON,Manufacturer#4,1-URGENT,3,HOUSEHOLD,FOB,3,0.08,18,Brand#41,SM BOX,33,27,2,29837.7108
F,F,R,TAKE BACK RETURN,Manufacturer#1,2-HIGH,3,MACHINERY,AIR,1,0.07,12,Brand#12,JUMBO DRUM,33,36,0,51881.9472
F,F,R,DELIVER IN PERSON,Manufacturer#3,1-URGENT,2,HOUSEHOLD,FOB,2,0.06,12,Brand#32,LG PKG,11,22,0,27079.9452
O,O,N,TAKE BACK RETURN,Manufacturer#3,3-MEDIUM,2,HOUSEHOLD,REG AIR,4,0.07,12,Brand#32,LG PKG,11,45,0,55390.797
O,O,N,DELIVER IN PERSON,Manufacturer#3,3-MEDIUM,2,HOUSEHOLD,REG AIR,3,0,9,Brand#32,MED PACK,16,41,4,55167.7632
O,O,N,TAKE BACK RETURN,Manufacturer#1,3-MEDIUM,2,HOUSEHOLD,SHIP,1,0.05,8,Brand#14,JUMBO BAG,10,50,3,83031.36
F,F,A,TAKE BACK RETURN,Manufacturer#1,5-LOW,1,AUTOMOBILE,FOB,1,0.01,21,Brand#12,LG PKG,1,31,1,31036.3599
F,F,A,COLLECT COD,Manufacturer#1,2-HIGH,3,MACHINERY,FOB,3,0.08,9,Brand#13,WRAP CAN,33,22,4,19291.118
F,F,A,NONE,Manufacturer#1,2-HIGH,3,MACHINERY,RAIL,2,0.04,12,Brand#11,JUMBO BAG,1,19,0,19227.696
F,F,R,DELIVER IN PERSON,Manufacturer#5,5-LOW,0,MACHINERY,RAIL,4,0,12,Brand#51,WRAP BAG,19,9,0,13292.4726
O,O,N,COLLECT COD,Manufacturer#3,4-NOT SPECIFIED,2,AUTOMOBILE,REG AIR,6,0.05,21,Brand#33,LG DRUM,7,21,1,18143.7606
O,O,N,COLLECT COD,Manufacturer#5,4-NOT SPECIFIED,2,AUTOMOBILE,RAIL,2,0.06,9,Brand#54,MED CAN,9,12,4,12535.8336
O,O,N,TAKE BACK RETURN,Manufacturer#2,5-LOW,4,MACHINERY,RAIL,1,0,12,Brand#21,JUMBO JAR,40,45,0,82504.3725
O,O,N,NONE,Manufacturer#3,2-HIGH,2,FURNITURE,SHIP,2,0.06,18,Brand#32,JUMBO JAR,21,21,2,36185.7804
O,O,N,COLLECT COD,Manufacturer#4,2-HIGH,2,FURNITURE,RAIL,1,0.08,8,Brand#43,MED DRUM,43,8,3,7308.792
F,F,A,TAKE BACK RETURN,Manufacturer#4,4-NOT SPECIFIED,2,MACHINERY,TRUCK,1,0.04,12,Brand#43,JUMBO DRUM,38,8,0,7215.1992
F,F,R,NONE,Manufacturer#2,4-NOT SPECIFIED,2,MACHINERY,RAIL,5,0.07,21,Brand#24,SM BAG,6,35,1,60528.006
F,F,R,DELIVER IN PERSON,Manufacturer#4,4-NOT SPECIFIED,2,MACHINERY,REG AIR,3,0,18,Brand#44,MED DRUM,45,20,2,33608.34
F,F,R,COLLECT COD,Manufacturer#2,1-URGENT,4,AUTOMOBILE,MAIL,2,0.01,8,Brand#25,WRAP PKG,37,9,3,12750.6888
O,O,N,DELIVER IN PERSON,Manufacturer#1,2-HIGH,4,FURNITURE,REG AIR,6,0.06,12,Brand#11,JUMBO JAR,45,27,0,28739.2941
O,O,N,COLLECT COD,Manufacturer#5,2-HIGH,4,FURNITURE,SHIP,5,0.02,18,Brand#55,LG BAG,16,15,2,14037.39
F,F,A,DELIVER IN PERSON,Manufacturer#3,3-MEDIUM,0,FURNITURE,FOB,3,0.06,12,Brand#31,MED DRUM,39,18,0,23709.672
O,O,N,TAKE BACK RETURN,Manufacturer#1,1-URGENT,2,FURNITURE,RAIL,3,0.05,18,Brand#14,SM PKG,40,13,2,17451.603
F,F,A,TAKE BACK RETURN,Manufacturer#5,2-HIGH,2,FURNITURE,FOB,4,0.05,18,Brand#52,WRAP PACK,27,5,2,6426.9
F,F,R,COLLECT COD,Manufacturer#5,2-HIGH,2,FURNITURE,AIR,5,0.05,8,Brand#53,LG CASE,2,22,3,38836.4196
F,F,A,TAKE BACK RETURN,Manufacturer#3,2-HIGH,2,FURNITURE,RAIL,6,0.07,8,Brand#31,SM PKG,27,9,3,11822.355
F,F,R,COLLECT COD,Manufacturer#4,2-HIGH,2,FURNITURE,AIR,1,0.05,12,Brand#42,JUMBO CASE,6,2,0,3327.6684
F,F,R,NONE,Manufacturer#1,4-NOT SPECIFIED,1,MACHINERY,AIR,1,0.02,21,Brand#15,MED BAG,30,26,1,32021.964
F,F,A,NONE,Manufacturer#2,5-LOW,3,AUTOMOBILE,SHIP,1,0.08,18,Brand#25,JUMBO BOX,36,4,2,5241.64
O,P,N,NONE,Manufacturer#1,4-NOT SPECIFIED,4,AUTOMOBILE,REG AIR,5,0.01,21,Brand#11,MED CASE,36,7,1,7605.3726
F,P,N,NONE,Manufacturer#5,4-NOT SPECIFIED,4,AUTOMOBILE,TRUCK,3,0.07,8,Brand#54,JUMBO PACK,37,23,3,34326.8353
O,O,N,NONE,Manufacturer#4,2-HIGH,2,HOUSEHOLD,AIR,1,0.04,21,Brand#45,SM JAR,33,33,1,48939.3234
O,O,N,TAKE BACK RETURN,Manufacturer#2,4-NOT SPECIFIED,1,HOUSEHOLD,FOB,4,0.06,9,Brand#23,LG JAR,15,33,4,42702.3828
F,F,A,NONE,Manufacturer#2,2-HIGH,4,AUTOMOBILE,REG AIR,1,0.08,9,Brand#25,WRAP JAR,23,36,4,37248.7896
F,F,A,DELIVER IN PERSON,Manufacturer#5,2-HIGH,4,AUTOMOBILE,FOB,2,0.07,8,Brand#55,LG BAG,16,7,3,6274.9596
F,F,A,TAKE BACK RETURN,Manufacturer#2,4-NOT SPECIFIED,1,MACHINERY,SHIP,1,0.04,12,Brand#25,SM PACK,28,38,0,53785.314
O,O,N,TAKE BACK RETURN,Manufacturer#3,5-LOW,4,FURNITURE,RAIL,2,0.07,21,Brand#35,LG PKG,5,19,1,27226.0443
O,O,N,DELIVER IN PERSON,Manufacturer#3,5-LOW,4,FURNITURE,REG AIR,3,0.08,12,Brand#35,LG BAG,42,47,0,50464.1632
F,F,R,TAKE BACK RETURN,Manufacturer#4,3-MEDIUM,4,BUILDING,REG AIR,1,0.07,8,Brand#44,MED PACK,23,5,3,4734.675
F,F,A,TAKE BACK RETURN,Manufacturer#3,3-MEDIUM,4,BUILDING,REG AIR,2,0.08,18,Brand#32,JUMBO DRUM,33,43,2,60087.555
O,O,N,COLLECT COD,Manufacturer#2,4-NOT SPECIFIED,3,MACHINERY,AIR,1,0.01,18,Brand#25,SM BOX,41,6,2,7600.5
O,O,N,NONE,Manufacturer#4,4-NOT SPECIFIED,3,MACHINERY,RAIL,3,0.03,21,Brand#44,WRAP CAN,16,21,1,39101.7942
F,F,A,COLLECT COD,Manufacturer#1,2-HIGH,4,BUILDING,AIR,4,0.01,8,Brand#12,WRAP PKG,39,10,3,14905.44
F,F,R,DELIVER IN PERSON,Manufacturer#1,2-HIGH,4,BUILDING,SHIP,2,0.08,21,Brand#13,JUMBO CASE,19,46,1,64658.6304
F,F,R,COLLECT COD,Manufacturer#1,2-HIGH,4,BUILDING,AIR,3,0.06,18,Brand#12,WRAP JAR,32,29,2,40570.1184
F,F,R,TAKE BACK RETURN,Manufacturer#4,4-NOT SPECIFIED,0,BUILDING,FOB,2,0,18,Brand#43,LG DRUM,45,20,2,29490.16
F,F,A,DELIVER IN PERSON,Manufacturer#4,4-NOT SPECIFIED,0,BUILDING,RAIL,3,0.01,9,Brand#41,SM PACK,35,4,4,3345.1964
F,F,A,TAKE BACK RETURN,Manufacturer#2,4-NOT SPECIFIED,0,BUILDING,RAIL,4,0.01,21,Brand#24,WRAP PACK,12,42,1,67139.6418
F,F,R,DELIVER IN PERSON,Manufacturer#3,4-NOT SPECIFIED,0,BUILDING,TRUCK,1,0.01,21,Brand#32,MED PKG,5,6,1,6758.3556
F,F,R,NONE,Manufacturer#3,1-URGENT,4,BUILDING,SHIP,1,0,21,Brand#32,WRAP PKG,38,30,1,30407.94
O,P,N,DELIVER IN PERSON,Manufacturer#5,3-MEDIUM,1,HOUSEHOLD,TRUCK,1,0.01,8,Brand#53,MED PACK,1,11,3,17072.0704
O,O,N,TAKE BACK RETURN,Manufacturer#3,2-HIGH,3,AUTOMOBILE,AIR,1,0.06,9,Brand#32,LG BOX,1,16,4,16058.2016
O,O,N,DELIVER IN PERSON,Manufacturer#2,2-HIGH,3,AUTOMOBILE,TRUCK,2,0.02,18,Brand#22,MED CASE,49,16,2,25639.8848
F,F,A,NONE,Manufacturer#3,4-NOT SPECIFIED,2,AUTOMOBILE,TRUCK,2,0.06,21,Brand#35,JUMBO PKG,38,28,1,39185.72
F,F,R,TAKE BACK RETURN,Manufacturer#4,4-NOT SPECIFIED,2,AUTOMOBILE,MAIL,3,0.02,21,Brand#44,JUMBO PKG,46,10,1,8556.184
O,O,N,NONE,Manufacturer#3,5-LOW,1,HOUSEHOLD,RAIL,1,0.05,21,Brand#31,LG JAR,32,38,1,46435.4946
O,O,N,NONE,Manufacturer#2,4-NOT SPECIFIED,3,HOUSEHOLD,SHIP,3,0.08,21,Brand#25,MED BAG,45,45,1,51608.907
O,O,N,COLLECT COD,Manufacturer#4,4-NOT SPECIFIED,2,HOUSEHOLD,FOB,4,0.08,9,Brand#41,LG BAG,11,4,4,5243.34
O,O,N,NONE,Manufacturer#1,4-NOT SPECIFIED,2,HOUSEHOLD,REG AIR,5,0.06,12,Brand#13,SM BAG,9,48,0,45798.48
O,O,N,TAKE BACK RETURN,Manufacturer#5,4-NOT SPECIFIED,2,HOUSEHOLD,REG AIR,1,0.05,12,Brand#54,MED BAG,31,22,0,35192.157
O,O,N,TAKE BACK RETURN,Manufacturer#2,4-NOT SPECIFIED,0,AUTOMOBILE,RAIL,4,0.05,8,Brand#25,LG DRUM,25,30,3,27780.6
O,O,N,TAKE BACK RETURN,Manufacturer#2,4-NOT SPECIFIED,0,AUTOMOBILE,TRUCK,2,0.07,18,Brand#21,MED CASE,9,45,2,72733.59
O,O,N,NONE,Manufacturer#4,4-NOT SPECIFIED,0,FURNITURE,RAIL,1,0.07,21,Brand#44,LG DRUM,18,35,1,41971.8915
O,O,N,TAKE BACK RETURN,Manufacturer#3,4-NOT SPECIFIED,0,FURNITURE,RAIL,6,0.03,21,Brand#33,LG CASE,25,11,1,18761.1039
O,O,N,COLLECT COD,Manufacturer#5,4-NOT SPECIFIED,4,AUTOMOBILE,TRUCK,1,0.06,21,Brand#51,JUMBO CAN,28,20,1,31504.494
O,O,N,NONE,Manufacturer#4,4-NOT SPECIFIED,4,AUTOMOBILE,FOB,3,0.08,8,Brand#42,JUMBO BAG,1,29,3,46559.268
O,O,N,NONE,Manufacturer#1,5-LOW,1,BUILDING,TRUCK,5,0.03,8,Brand#14,WRAP PKG,40,26,3,36254.79
O,O,N,TAKE BACK RETURN,Manufacturer#4,5-LOW,1,BUILDING,REG AIR,1,0.07,8,Brand#42,SM DRUM,45,2,3,2992.9878
O,O,N,COLLECT COD,Manufacturer#2,5-LOW,1,BUILDING,SHIP,3,0.08,8,Brand#24,WRAP CAN,19,13,3,13212.0196
F,F,A,NONE,Manufacturer#3,5-LOW,0,AUTOMOBILE,MAIL,3,0.04,21,Brand#35,SM PACK,4,8,1,10968.296
F,F,A,NONE,Manufacturer#2,2-HIGH,2,BUILDING,SHIP,1,0.03,18,Brand#25,WRAP PACK,37,44,2,76911.5952
F,P,R,TAKE BACK RETURN,Manufacturer#1,2-HIGH,3,HOUSEHOLD,AIR,7,0.04,21,Brand#13,SM PKG,3,27,1,39012.1002
F,P,R,TAKE BACK RETURN,Manufacturer#2,2-HIGH,3,HOUSEHOLD,SHIP,3,0.04,18,Brand#22,SM PKG,45,47,2,41965.407
F,P,R,COLLECT COD,Manufacturer#4,2-HIGH,3,HOUSEHOLD,REG AIR,5,0,12,Brand#41,MED JAR,18,29,0,46141.146
F,F,A,COLLECT COD,Manufacturer#3,1-URGENT,3,FURNITURE,FOB,4,0,18,Brand#32,MED DRUM,8,10,2,15127.672
F,F,A,DELIVER IN PERSON,Manufacturer#5,1-URGENT,2,AUTOMOBILE,REG AIR,2,0,18,Brand#54,LG PKG,22,47,2,46538.46
F,F,R,COLLECT COD,Manufacturer#2,5-LOW,1,BUILDING,FOB,2,0.02,9,Brand#22,LG BOX,3,33,4,53192.9376
O,O,N,COLLECT COD,Manufacturer#5,5-LOW,4,AUTOMOBILE,FOB,2,0.04,18,Brand#52,SM PACK,24,17,2,19677.3521
F,F,R,DELIVER IN PERSON,Manufacturer#5,5-LOW,3,BUILDING,TRUCK,1,0.05,21,Brand#52,LG DRUM,46,44,1,41141.32
F,F,A,NONE,Manufacturer#1,5-LOW,2,AUTOMOBILE,FOB,1,0.07,8,Brand#12,SM PACK,36,18,3,31056.3162
F,F,A,COLLECT COD,Manufacturer#2,2-HIGH,1,FURNITURE,TRUCK,2,0,18,Brand#25,SM CASE,27,4,2,3760.16
F,F,A,DELIVER IN PERSON,Manufacturer#5,2-HIGH,1,FURNITURE,REG AIR,5,0.04,8,Brand#55,SM CAN,14,17,3,24939.187
F,F,A,NONE,Manufacturer#5,2-HIGH,1,FURNITURE,TRUCK,3,0.06,21,Brand#51,LG BOX,48,5,1,5377.928
O,O,N,NONE,Manufacturer#2,5-LOW,4,MACHINERY,TRUCK,5,0.03,21,Brand#21,MED PKG,27,18,1,28704.42
F,F,A,DELIVER IN PERSON,Manufacturer#4,4-NOT SPECIFIED,2,BUILDING,TRUCK,4,0,12,Brand#42,JUMBO JAR,7,23,0,30449.0928
F,F,A,DELIVER IN PERSON,Manufacturer#1,1-URGENT,3,HOUSEHOLD,AIR,1,0.06,18,Brand#11,JUMBO PKG,41,42,2,68981.976
F,F,A,COLLECT COD,Manufacturer#4,4-NOT SPECIFIED,2,FURNITURE,MAIL,2,0.05,18,Brand#44,LG BOX,26,25,2,36815.87
F,F,A,DELIVER IN PERSON,Manufacturer#3,3-MEDIUM,2,FURNITURE,FOB,4,0.04,9,Brand#31,WRAP CASE,26,7,4,12049.6845
O,O,N,TAKE BACK RETURN,Manufacturer#4,4-NOT SPECIFIED,2,FURNITURE,REG AIR,1,0.06,21,Brand#45,LG PKG,16,50,1,56509.25
O,O,N,COLLECT COD,Manufacturer#4,2-HIGH,0,FURNITURE,MAIL,1,0.04,18,Brand#44,MED JAR,10,38,2,42984.27
O,O,N,DELIVER IN PERSON,Manufacturer#5,2-HIGH,0,HOUSEHOLD,SHIP,5,0.08,18,Brand#52,LG CAN,23,32,2,51072.112
F,F,A,TAKE BACK RETURN,Manufacturer#1,5-LOW,4,MACHINERY,TRUCK,2,0.05,8,Brand#12,WRAP PKG,40,11,3,18913.455
F,F,A,NONE,Manufacturer#3,5-LOW,4,MACHINERY,AIR,3,0.02,18,Brand#35,JUMBO JAR,42,26,2,23758.5348
F,F,R,TAKE BACK RETURN,Manufacturer#1,3-MEDIUM,1,AUTOMOBILE,MAIL,1,0.07,21,Brand#13,WRAP DRUM,19,39,1,41896.3818
F,F,R,DELIVER IN PERSON,Manufacturer#4,3-MEDIUM,1,AUTOMOBILE,RAIL,4,0.04,9,Brand#44,WRAP CAN,19,43,4,70469.604
F,F,R,COLLECT COD,Manufacturer#4,3-MEDIUM,1,AUTOMOBILE,SHIP,2,0.02,8,Brand#44,MED CASE,40,11,3,14403.4
O,O,N,TAKE BACK RETURN,Manufacturer#3,3-MEDIUM,2,FURNITURE,MAIL,3,0,8,Brand#32,LG BOX,44,14,3,21659.3524
F,F,A,COLLECT COD,Manufacturer#2,3-MEDIUM,0,BUILDING,SHIP,4,0.03,12,Brand#23,LG PACK,14,42,0,48928.7484
F,F,A,COLLECT COD,Manufacturer#1,1-URGENT,4,HOUSEHOLD,RAIL,1,0.06,18,Brand#11,LG CASE,39,47,2,63110.942
O,O,N,NONE,Manufacturer#5,1-URGENT,4,FURNITURE,FOB,4,0,9,Brand#51,JUMBO DRUM,19,7,4,12027.9936
O,O,N,DELIVER IN PERSON,Manufacturer#2,1-URGENT,4,FURNITURE,RAIL,6,0.07,18,Brand#21,JUMBO DRUM,49,32,2,43476.48
F,F,R,COLLECT COD,Manufacturer#1,5-LOW,2,MACHINERY,SHIP,1,0.08,9,Brand#15,SM JAR,25,26,4,35705.7792
F,F,A,TAKE BACK RETURN,Manufacturer#2,1-URGENT,0,BUILDING,FOB,1,0.08,9,Brand#25,JUMBO PKG,39,42,4,69464.1024
F,F,A,NONE,Manufacturer#2,2-HIGH,0,FURNITURE,TRUCK,2,0.08,21,Brand#23,WRAP BAG,35,9,1,9723.8232
F,F,R,NONE,Manufacturer#3,2-HIGH,0,FURNITURE,SHIP,4,0.08,18,Brand#31,SM BOX,20,5,2,4769.037
O,O,N,COLLECT COD,Manufacturer#1,3-MEDIUM,2,FURNITURE,AIR,1,0.01,9,Brand#15,LG CASE,41,20,4,28254.144
F,F,A,DELIVER IN PERSON,Manufacturer#1,4-NOT SPECIFIED,2,BUILDING,MAIL,2,0.05,8,Brand#14,LG PACK,44,48,3,72837.7344
F,F,A,NONE,Manufacturer#2,4-NOT SPECIFIED,2,BUILDING,RAIL,3,0.08,8,Brand#25,LG CASE,39,32,3,37672.768
F,F,R,TAKE BACK RETURN,Manufacturer#5,2-HIGH,0,HOUSEHOLD,REG AIR,5,0.05,18,Brand#52,JUMBO PKG,17,4,2,4949.12
F,F,A,COLLECT COD,Manufacturer#3,2-HIGH,0,HOUSEHOLD,SHIP,3,0.03,21,Brand#34,SM PACK,48,48,1,51947.7504
F,F,R,DELIVER IN PERSON,Manufacturer#3,2-HIGH,0,HOUSEHOLD,RAIL,1,0.01,18,Brand#35,LG BOX,42,48,2,59480.64
O,O,N,NONE,Manufacturer#3,3-MEDIUM,2,AUTOMOBILE,RAIL,3,0.08,21,Brand#31,JUMBO CASE,1,38,1,35651.7748
O,O,N,DELIVER IN PERSON,Manufacturer#4,3-MEDIUM,2,AUTOMOBILE,TRUCK,6,0.07,8,Brand#43,MED BOX,10,6,3,10338.7944
O,O,N,COLLECT COD,Manufacturer#5,3-MEDIUM,2,AUTOMOBILE,TRUCK,1,0.06,18,Brand#52,SM DRUM,14,50,2,50229.45
O,O,N,DELIVER IN PERSON,Manufacturer#5,3-MEDIUM,2,AUTOMOBILE,MAIL,5,0.07,21,Brand#52,JUMBO PKG,17,28,1,36467.2
F,F,A,COLLECT COD,Manufacturer#4,4-NOT SPECIFIED,3,BUILDING,REG AIR,3,0.08,18,Brand#45,MED BAG,27,5,2,5721.165
F,F,A,COLLECT COD,Manufacturer#5,1-URGENT,4,AUTOMOBILE,AIR,1,0.05,12,Brand#51,SM PACK,30,12,0,17741.592
F,F,R,COLLECT COD,Manufacturer#5,1-URGENT,4,AUTOMOBILE,MAIL,2,0.07,21,Brand#51,LG CAN,22,22,1,32924.8128
F,F,R,TAKE BACK RETURN,Manufacturer#1,4-NOT SPECIFIED,4,HOUSEHOLD,MAIL,3,0.02,12,Brand#15,WRAP BAG,6,26,0,43979.6448
O,O,N,DELIVER IN PERSON,Manufacturer#1,3-MEDIUM,1,MACHINERY,SHIP,1,0,21,Brand#11,MED CASE,36,49,1,55527.3978
O,O,N,TAKE BACK RETURN,Manufacturer#3,2-HIGH,1,HOUSEHOLD,AIR,1,0.07,12,Brand#33,WRAP CAN,6,24,0,35180.352
F,F,A,TAKE BACK RETURN,Manufacturer#5,1-URGENT,0,AUTOMOBILE,FOB,1,0.08,18,Brand#54,MED DRUM,24,33,2,42157.0413
F,F,A,COLLECT COD,Manufacturer#5,1-URGENT,0,AUTOMOBILE,RAIL,2,0.03,12,Brand#51,SM PACK,30,24,0,38242.9872
O,O,N,TAKE BACK RETURN,Manufacturer#4,4-NOT SPECIFIED,4,AUTOMOBILE,FOB,3,0.04,9,Brand#45,JUMBO CAN,38,5,4,7228.494
F,F,R,TAKE BACK RETURN,Manufacturer#2,2-HIGH,1,BUILDING,MAIL,2,0.05,18,Brand#25,SM BOX,35,2,2,3493.967
O,O,N,NONE,Manufacturer#3,5-LOW,4,AUTOMOBILE,MAIL,2,0.08,18,Brand#32,MED PACK,45,33,2,49948.9056
O,O,N,TAKE BACK RETURN,Manufacturer#5,4-NOT SPECIFIED,2,BUILDING,SHIP,3,0.06,12,Brand#53,SM CASE,17,34,0,46367.619
O,O,N,DELIVER IN PERSON,Manufacturer#2,3-MEDIUM,4,AUTOMOBILE,FOB,3,0.06,18,Brand#24,MED DRUM,31,34,2,29040.624
O,O,N,NONE,Manufacturer#3,3-MEDIUM,4,AUTOMOBILE,MAIL,4,0.07,9,Brand#35,JUMBO BOX,28,5,4,8123.6
F,F,R,DELIVER IN PERSON,Manufacturer#3,4-NOT SPECIFIED,0,AUTOMOBILE,FOB,2,0.04,18,Brand#32,MED DRUM,8,7,2,10589.3704
O,O,N,NONE,Manufacturer#5,4-NOT SPECIFIED,1,BUILDING,SHIP,2,0.02,8,Brand#51,WRAP CASE,1,15,3,20874.018
O,O,N,DELIVER IN PERSON,Manufacturer#2,4-NOT SPECIFIED,1,BUILDING,MAIL,7,0.03,18,Brand#21,JUMBO BAG,44,46,2,44579.3958
O,O,N,TAKE BACK RETURN,Manufacturer#2,4-NOT SPECIFIED,1,BUILDING,FOB,6,0.01,21,Brand#22,LG PACK,10,39,1,55671.7434
O,O,N,TAKE BACK RETURN,Manufacturer#3,4-NOT SPECIFIED,1,BUILDING,TRUCK,3,0.06,21,Brand#35,MED CASE,27,24,1,27736.4304
F,F,R,TAKE BACK RETURN,Manufacturer#4,4-NOT SPECIFIED,3,FURNITURE,REG AIR,1,0,18,Brand#43,JUMBO PACK,29,21,2,22996.2096
F,F,R,COLLECT COD,Manufacturer#3,5-LOW,0,AUTOMOBILE,SHIP,2,0.07,8,Brand#33,JUMBO PACK,35,43,3,45216.1512
F,F,A,TAKE BACK RETURN,Manufacturer#3,4-NOT SPECIFIED,0,BUILDING,RAIL,3,0.04,9,Brand#33,SM BOX,32,17,4,27354.7238
O,O,N,DELIVER IN PERSON,Manufacturer#4,4-NOT SPECIFIED,0,HOUSEHOLD,REG AIR,6,0.02,12,Brand#45,SM CASE,38,41,0,64028.06
O,O,N,NONE,Manufacturer#3,2-HIGH,2,HOUSEHOLD,SHIP,1,0.02,8,Brand#33,MED JAR,21,42,3,66626.1036
F,F,A,DELIVER IN PERSON,Manufacturer#1,4-NOT SPECIFIED,4,HOUSEHOLD,TRUCK,5,0.02,8,Brand#14,SM CAN,2,22,3,23828.0064
F,F,A,TAKE BACK RETURN,Manufacturer#1,4-NOT SPECIFIED,4,HOUSEHOLD,TRUCK,2,0.06,18,Brand#12,JUMBO CAN,14,43,2,37950.467
F,F,R,DELIVER IN PERSON,Manufacturer#4,4-NOT SPECIFIED,4,HOUSEHOLD,REG AIR,4,0,12,Brand#41,MED JAR,18,47,0,75611.3722
O,O,N,DELIVER IN PERSON,Manufacturer#2,4-NOT SPECIFIED,0,FURNITURE,FOB,5,0.07,18,Brand#25,JUMBO DRUM,6,16,2,27767.0848
O,O,N,NONE,Manufacturer#4,3-MEDIUM,3,HOUSEHOLD,FOB,6,0.06,8,Brand#43,JUMBO PACK,14,37,3,32866.3045
O,O,N,COLLECT COD,Manufacturer#2,1-URGENT,2,MACHINERY,RAIL,7,0.07,8,Brand#25,SM DRUM,50,17,3,19627.2565
O,O,N,NONE,Manufacturer#2,1-URGENT,2,MACHINERY,RAIL,2,0.04,21,Brand#22,JUMBO PKG,35,13,1,12897.17
O,O,N,TAKE BACK RETURN,Manufacturer#1,5-LOW,4,FURNITURE,REG AIR,1,0.01,8,Brand#12,MED JAR,23,50,3,44366.425
O,O,N,DELIVER IN PERSON,Manufacturer#2,5-LOW,4,FURNITURE,RAIL,2,0.07,9,Brand#24,MED DRUM,31,33,4,28812.8544
F,F,R,COLLECT COD,Manufacturer#2,3-MEDIUM,3,BUILDING,SHIP,1,0.02,8,Brand#24,JUMBO PACK,39,16,3,18724.248
F,P,A,COLLECT COD,Manufacturer#5,1-URGENT,1,AUTOMOBILE,AIR,3,0.07,18,Brand#52,WRAP CAN,39,4,2,3515.28
F,F,A,NONE,Manufacturer#1,2-HIGH,1,FURNITURE,MAIL,3,0.02,21,Brand#15,MED PACK,22,35,1,39884.166
F,F,A,NONE,Manufacturer#1,2-HIGH,1,FURNITURE,TRUCK,1,0.06,18,Brand#13,MED BAG,38,40,2,56724.12
F,F,R,COLLECT COD,Manufacturer#3,1-URGENT,2,BUILDING,SHIP,2,0.06,21,Brand#32,WRAP CASE,20,24,1,34639.92
F,F,A,DELIVER IN PERSON,Manufacturer#3,1-URGENT,4,FURNITURE,AIR,2,0.08,21,Brand#32,SM PKG,12,21,1,35230.167
F,F,R,DELIVER IN PERSON,Manufacturer#1,2-HIGH,2,MACHINERY,MAIL,1,0.04,21,Brand#15,WRAP BOX,26,23,1,32071.2943
F,F,R,DELIVER IN PERSON,Manufacturer#3,4-NOT SPECIFIED,4,MACHINERY,REG AIR,3,0.06,21,Brand#35,MED DRUM,34,24,1,36094.4976
F,F,R,TAKE BACK RETURN,Manufacturer#5,4-NOT SPECIFIED,4,MACHINERY,REG AIR,1,0.02,12,Brand#53,SM PACK,33,40,0,36986.404
F,F,R,TAKE BACK RETURN,Manufacturer#1,4-NOT SPECIFIED,0,AUTOMOBILE,FOB,3,0.02,12,Brand#12,LG DRUM,47,19,0,30730.3872
F,F,R,COLLECT COD,Manufacturer#3,1-URGENT,0,FURNITURE,SHIP,3,0.01,12,Brand#34,JUMBO JAR,3,15,0,25766.895
F,F,A,DELIVER IN PERSON,Manufacturer#5,1-URGENT,0,FURNITURE,REG AIR,2,0.03,8,Brand#54,LG BAG,10,21,3,25558.2873
F,F,A,DELIVER IN PERSON,Manufacturer#5,2-HIGH,4,BUILDING,MAIL,2,0.02,12,Brand#55,MED JAR,36,13,0,13276.8636
F,F,R,COLLECT COD,Manufacturer#2,2-HIGH,4,BUILDING,FOB,1,0.06,8,Brand#24,JUMBO BAG,25,50,3,67365.935
O,O,N,TAKE BACK RETURN,Manufacturer#4,2-HIGH,2,MACHINERY,SHIP,1,0.01,21,Brand#43,SM CASE,20,12,1,16890
O,O,N,NONE,Manufacturer#1,2-HIGH,2,AUTOMOBILE,REG AIR,6,0.03,8,Brand#12,SM PACK,36,20,3,35644.612
F,F,R,DELIVER IN PERSON,Manufacturer#2,4-NOT SPECIFIED,0,AUTOMOBILE,TRUCK,4,0.04,8,Brand#24,MED CASE,36,31,3,37650.8454
F,F,R,NONE,Manufacturer#4,2-HIGH,0,AUTOMOBILE,AIR,5,0.01,8,Brand#42,LG PACK,44,41,3,64235.3642
O,O,N,DELIVER IN PERSON,Manufacturer#5,1-URGENT,2,FURNITURE,SHIP,2,0.08,9,Brand#52,SM BAG,9,27,4,43494.084
O,O,N,COLLECT COD,Manufacturer#4,1-URGENT,2,FURNITURE,TRUCK,3,0.03,21,Brand#43,MED JAR,13,14,1,23517.5094
O,O,N,COLLECT COD,Manufacturer#3,1-URGENT,2,FURNITURE,MAIL,6,0.01,9,Brand#32,MED CASE,29,17,4,25817.5736
F,F,R,COLLECT COD,Manufacturer#3,5-LOW,1,FURNITURE,RAIL,1,0.04,8,Brand#31,MED CAN,44,42,3,65824.0254
F,F,A,DELIVER IN PERSON,Manufacturer#1,2-HIGH,1,FURNITURE,FOB,1,0.05,21,Brand#12,SM PKG,3,19,1,18680.0229
F,F,A,TAKE BACK RETURN,Manufacturer#2,2-HIGH,1,FURNITURE,SHIP,2,0.03,12,Brand#22,SM PACK,31,17,0,14887.971
F,F,R,NONE,Manufacturer#1,5-LOW,0,BUILDING,RAIL,1,0.04,21,Brand#12,LG CASE,17,49,1,51533.6234
F,F,R,DELIVER IN PERSON,Manufacturer#2,5-LOW,0,BUILDING,REG AIR,2,0.08,21,Brand#21,WRAP BAG,37,33,1,38591.883
O,O,N,TAKE BACK RETURN,Manufacturer#3,4-NOT SPECIFIED,0,BUILDING,MAIL,4,0.07,9,Brand#31,SM CASE,3,14,4,21134.4
O,O,N,NONE,Manufacturer#2,4-NOT SPECIFIED,0,BUILDING,FOB,5,0.05,8,Brand#22,WRAP JAR,40,31,3,40427.3108
F,F,R,NONE,Manufacturer#4,1-URGENT,1,FURNITURE,SHIP,2,0.02,18,Brand#44,MED BAG,12,28,2,47424.608
F,F,R,DELIVER IN PERSON,Manufacturer#2,4-NOT SPECIFIED,0,HOUSEHOLD,FOB,2,0.08,9,Brand#24,LG CAN,40,22,4,29227.5192
F,F,R,NONE,Manufacturer#3,1-URGENT,0,MACHINERY,TRUCK,1,0.04,9,Brand#33,LG CAN,16,24,4,30785.9376
F,F,A,COLLECT COD,Manufacturer#5,3-MEDIUM,2,MACHINERY,AIR,3,0.01,18,Brand#53,LG CASE,37,36,2,43361.8992
F,F,A,DELIVER IN PERSON,Manufacturer#1,5-LOW,0,HOUSEHOLD,FOB,2,0.02,18,Brand#11,JUMBO BOX,38,38,2,53384.9574
F,F,A,NONE,Manufacturer#2,2-HIGH,1,FURNITURE,MAIL,6,0,18,Brand#25,LG JAR,11,35,2,37811.494
F,F,R,COLLECT COD,Manufacturer#2,2-HIGH,1,FURNITURE,SHIP,4,0.04,9,Brand#25,JUMBO PKG,39,10,4,17228.2
F,F,R,NONE,Manufacturer#5,3-MEDIUM,3,AUTOMOBILE,FOB,3,0.03,21,Brand#54,WRAP CASE,46,4,1,5185.908
O,O,N,COLLECT COD,Manufacturer#1,5-LOW,1,FURNITURE,TRUCK,2,0.08,18,Brand#15,LG CASE,41,40,2,55919.66
F,F,A,COLLECT COD,Manufacturer#5,2-HIGH,3,AUTOMOBILE,REG AIR,3,0.02,9,Brand#51,MED CASE,40,8,4,13136.2368
F,F,R,TAKE BACK RETURN,Manufacturer#5,2-HIGH,3,AUTOMOBILE,AIR,5,0.04,21,Brand#52,JUMBO BAG,9,28,1,42316.9824
F,F,R,TAKE BACK RETURN,Manufacturer#3,2-HIGH,3,AUTOMOBILE,SHIP,4,0.01,21,Brand#34,MED JAR,48,9,1,13280.5116
F,F,R,NONE,Manufacturer#5,2-HIGH,4,FURNITURE,REG AIR,4,0.02,12,Brand#53,WRAP BAG,23,32,0,34886.08
O,O,N,COLLECT COD,Manufacturer#5,2-HIGH,4,BUILDING,MAIL,3,0.01,18,Brand#53,LG PACK,46,29,2,26580.4082
