o_orderstatus,o_orderpriority,cn_regionkey,c_mktsegment,c_nationkey,o_clerk,o_orderdate,c_acctbal,groupcol,aggcol
F,1-URGENT,3,MACHINERY,6,Clerk#000000962,1994-01-04,9120.93,619,1
O,4-NOT SPECIFIED,1,FURNITURE,1,Clerk#000000557,1997-12-28,3106,413,1
O,5-LOW,4,HOUSEHOLD,4,Clerk#000000384,1997-01-13,1735.44,611,1
O,5-LOW,2,AUTOMOBILE,18,Clerk#000000346,1997-10-27,4967.24,471,1
O,3-MEDIUM,4,HOUSEHOLD,10,Clerk#000000011,1997-07-29,270.95,638,1
O,5-LOW,3,MACHINERY,6,Clerk#000000750,1996-05-08,1490.35,247,1
F,5-LOW,4,BUILDING,20,Clerk#000000935,1993-10-16,7621.56,898,1
O,3-MEDIUM,3,MACHINERY,7,Clerk#000000326,1995-06-14,595.61,34,1
O,2-HIGH,0,HOUSEHOLD,14,Clerk#000000513,1996-01-02,6693.36,91,1
F,3-MEDIUM,0,HOUSEHOLD,14,Clerk#000000782,1993-06-20,4293.76,297,1
F,4-NOT SPECIFIED,1,AUTOMOBILE,3,Clerk#000000854,1992-03-21,754.41,367,1
O,1-URGENT,4,FURNITURE,4,Clerk#000000546,1998-03-08,2688.88,427,1
F,1-URGENT,1,FURNITURE,24,Clerk#000000630,1994-02-02,-723.49,291,1
F,4-NOT SPECIFIED,4,MACHINERY,4,Clerk#000000265,1992-09-02,9963.15,836,1
F,5-LOW,0,AUTOMOBILE,16,Clerk#000000657,1993-04-17,6503.35,894,1
O,1-URGENT,1,FURNITURE,2,Clerk#000000064,1997-07-27,8605.53,574,1
O,2-HIGH,3,MACHINERY,19,Clerk#000000151,1995-12-18,1422.57,833,1
O,1-URGENT,1,MACHINERY,3,Clerk#000000788,1996-12-13,6821.01,438,1
F,4-NOT SPECIFIED,1,FURNITURE,1,Clerk#000000842,1994-01-09,1162.03,449,1
O,2-HIGH,1,HOUSEHOLD,17,Clerk#000000009,1997-10-20,204.84,200,1
O,2-HIGH,3,FURNITURE,23,Clerk#000000602,1996-07-01,9153.84,767,1
F,2-HIGH,3,AUTOMOBILE,7,Clerk#000000020,1993-09-20,4450.03,342,1
F,2-HIGH,0,AUTOMOBILE,0,Clerk#000000582,1993-02-23,138.31,202,1
F,5-LOW,2,HOUSEHOLD,8,Clerk#000000894,1992-02-01,7508.92,764,1
F,5-LOW,0,BUILDING,14,Clerk#000000638,1993-08-17,-52.35,639,1
O,2-HIGH,1,BUILDING,2,Clerk#000000577,1997-12-27,6738.93,6,1
O,5-LOW,1,FURNITURE,17,Clerk#000000037,1998-04-05,4954.25,632,1
F,3-MEDIUM,3,BUILDING,23,Clerk#000000067,1993-06-13,2894.22,254,1
F,5-LOW,0,HOUSEHOLD,14,Clerk#000000832,1993-03-15,1799.67,720,1
O,1-URGENT,4,HOUSEHOLD,11,Clerk#000000724,1998-06-11,4801.3,822,1
O,5-LOW,0,HOUSEHOLD,5,Clerk#000000538,1995-08-07,5950.86,867,1
O,2-HIGH,4,FURNITURE,4,Clerk#000000622,1998-04-10,774.23,288,1
F,4-NOT SPECIFIED,2,HOUSEHOLD,12,Clerk#000000975,1992-06-18,938.35,292,1
O,3-MEDIUM,4,AUTOMOBILE,10,Clerk#000000807,1997-06-07,1915.53,649,1
F,3-MEDIUM,1,AUTOMOBILE,3,Clerk#000000474,1993-12-13,2457.09,774,1
F,1-URGENT,1,BUILDING,1,Clerk#000000169,1993-10-05,4455.76,814,1
F,4-NOT SPECIFIED,0,HOUSEHOLD,15,Clerk#000000555,1995-01-30,1965.38,754,1
F,5-LOW,2,AUTOMOBILE,21,Clerk#000000037,1994-04-20,7894,697,1
F,1-URGENT,4,BUILDING,20,Clerk#000000998,1992-10-25,7621.56,898,1
F,2-HIGH,0,AUTOMOBILE,5,Clerk#000000136,1992-11-23,1468.09,37,1
O,2-HIGH,3,MACHINERY,6,Clerk#000000910,1997-10-31,9103.33,261,1
O,3-MEDIUM,4,BUILDING,4,Clerk#000000774,1997-01-06,-405.91,556,1
O,4-NOT SPECIFIED,4,FURNITURE,13,Clerk#000000519,1996-07-15,909.84,840,1
F,3-MEDIUM,0,BUILDING,0,Clerk#000000139,1995-01-09,1377.52,715,1
O,5-LOW,1,BUILDING,2,Clerk#000000454,1997-06-10,5973.1,707,1
F,5-LOW,2,BUILDING,21,Clerk#000000063,1992-07-17,3812.84,394,1
F,2-HIGH,4,BUILDING,4,Clerk#000000920,1994-10-31,-258.77,734,1
O,2-HIGH,1,BUILDING,17,Clerk#000000021,1998-03-01,7647.09,341,1
F,3-MEDIUM,3,BUILDING,22,Clerk#000000901,1993-06-08,-881.7,829,1
O,2-HIGH,2,BUILDING,12,Clerk#000000769,1997-11-10,2584.52,990,1
F,5-LOW,4,AUTOMOBILE,10,Clerk#000000732,1993-04-16,212.16,286,1
F,5-LOW,3,HOUSEHOLD,7,Clerk#000000341,1994-10-05,-611.19,64,1
F,3-MEDIUM,0,BUILDING,15,Clerk#000000034,1994-02-27,9768.73,811,1
O,5-LOW,4,FURNITURE,20,Clerk#000000911,1998-03-17,5570.69,970,1
O,5-LOW,4,BUILDING,13,Clerk#000000100,1997-08-24,4198.72,22,1
O,2-HIGH,1,BUILDING,17,Clerk#000000817,1998-04-21,6819.74,27,1
F,1-URGENT,4,FURNITURE,11,Clerk#000000295,1993-05-06,3969.86,952,1
O,2-HIGH,1,AUTOMOBILE,2,Clerk#000000733,1996-07-23,4718.23,795,1
O,4-NOT SPECIFIED,0,BUILDING,16,Clerk#000000647,1997-12-17,4677.55,491,1
O,1-URGENT,2,FURNITURE,9,Clerk#000000976,1996-10-21,8328.12,462,1
O,4-NOT SPECIFIED,2,FURNITURE,12,Clerk#000000379,1998-05-02,8982.79,0,1
O,2-HIGH,2,HOUSEHOLD,8,Clerk#000000571,1996-06-29,6359.27,164,1
O,4-NOT SPECIFIED,0,AUTOMOBILE,16,Clerk#000000157,1997-01-21,4231.45,596,1
O,1-URGENT,0,BUILDING,5,Clerk#000000943,1997-10-03,7889.64,960,1
O,3-MEDIUM,1,HOUSEHOLD,2,Clerk#000000892,1997-10-10,6074.42,445,1
O,5-LOW,1,MACHINERY,17,Clerk#000000057,1995-08-27,6679.2,890,1
O,1-URGENT,3,MACHINERY,23,Clerk#000000077,1998-01-10,459.22,189,1
O,1-URGENT,2,AUTOMOBILE,21,Clerk#000000852,1995-12-08,2226.8,883,1
O,1-URGENT,1,HOUSEHOLD,1,Clerk#000000731,1995-06-15,705.93,523,1
F,5-LOW,4,BUILDING,10,Clerk#000000382,1992-04-17,6368.38,651,1
O,4-NOT SPECIFIED,0,HOUSEHOLD,5,Clerk#000000707,1995-06-15,2753.54,315,1
F,2-HIGH,4,FURNITURE,11,Clerk#000000186,1992-05-02,-425.09,964,1
F,3-MEDIUM,0,HOUSEHOLD,5,Clerk#000000810,1993-03-22,-902.48,996,1
O,1-URGENT,0,MACHINERY,15,Clerk#000000275,1996-09-21,-334.89,206,1
F,4-NOT SPECIFIED,3,HOUSEHOLD,19,Clerk#000000866,1992-08-07,3061.58,335,1
F,3-MEDIUM,2,FURNITURE,8,Clerk#000000830,1993-01-30,4578.24,497,1
O,2-HIGH,0,HOUSEHOLD,5,Clerk#000000013,1997-05-13,3335.29,677,1
O,3-MEDIUM,2,MACHINERY,12,Clerk#000000859,1997-12-21,8647.42,146,1
F,3-MEDIUM,4,BUILDING,13,Clerk#000000127,1993-04-27,-341.79,729,1
F,3-MEDIUM,3,HOUSEHOLD,6,Clerk#000000966,1994-11-11,5503.36,732,1
F,5-LOW,2,AUTOMOBILE,9,Clerk#000000204,1994-02-01,2209.81,38,1
O,4-NOT SPECIFIED,1,BUILDING,1,Clerk#000000446,1998-02-11,1222.21,820,1
F,1-URGENT,3,BUILDING,6,Clerk#000000456,1992-05-22,6860.34,509,1
O,3-MEDIUM,0,HOUSEHOLD,5,Clerk#000000999,1997-12-02,5950.86,867,1
F,1-URGENT,3,MACHINERY,22,Clerk#000000067,1995-03-25,0.97,423,1
F,4-NOT SPECIFIED,0,HOUSEHOLD,5,Clerk#000000246,1993-03-01,3335.29,677,1
O,1-URGENT,3,HOUSEHOLD,6,Clerk#000000487,1997-01-06,2273.5,828,1
F,2-HIGH,0,FURNITURE,5,Clerk#000000589,1993-08-31,1211.39,669,1
O,5-LOW,3,MACHINERY,23,Clerk#000000151,1996-10-14,8024.55,932,1
F,1-URGENT,2,BUILDING,12,Clerk#000000726,1993-03-22,9189.75,122,1
F,5-LOW,0,MACHINERY,15,Clerk#000000473,1992-05-04,5121.28,513,1
O,4-NOT SPECIFIED,1,BUILDING,17,Clerk#000000602,1997-02-17,1376.67,583,1
F,3-MEDIUM,4,AUTOMOBILE,10,Clerk#000000837,1992-10-19,1939.39,520,1
F,1-URGENT,1,HOUSEHOLD,2,Clerk#000000177,1994-06-19,8395.57,425,1
F,2-HIGH,1,AUTOMOBILE,3,Clerk#000000643,1992-07-11,2155.06,749,1
F,5-LOW,4,FURNITURE,20,Clerk#000000881,1992-04-29,6397.58,404,1
F,3-MEDIUM,3,HOUSEHOLD,19,Clerk#000000779,1994-06-17,-201.49,661,1
F,5-LOW,4,FURNITURE,13,Clerk#000000138,1994-04-18,3635.35,434,1
F,3-MEDIUM,1,MACHINERY,2,Clerk#000000907,1994-02-27,-43.79,756,1
F,3-MEDIUM,0,FURNITURE,0,Clerk#000000821,1993-06-10,5184.7,275,1
O,2-HIGH,4,HOUSEHOLD,20,Clerk#000000981,1996-10-31,-395.89,858,1
O,5-LOW,0,AUTOMOBILE,15,Clerk#000000114,1998-05-24,9139.52,187,1
F,5-LOW,0,BUILDING,15,Clerk#000000694,1992-07-08,8627.9,899,1
O,5-LOW,4,MACHINERY,4,Clerk#000000847,1996-08-16,9541.19,904,1
O,3-MEDIUM,2,MACHINERY,12,Clerk#000000740,1997-06-05,0.97,917,1
F,4-NOT SPECIFIED,4,AUTOMOBILE,4,Clerk#000000071,1995-04-12,8121.84,525,1
O,2-HIGH,3,MACHINERY,7,Clerk#000000933,1997-08-23,595.61,34,1
F,2-HIGH,4,BUILDING,11,Clerk#000000212,1994-04-07,9032.89,872,1
O,1-URGENT,4,AUTOMOBILE,4,Clerk#000000519,1996-01-30,3300.82,177,1
F,1-URGENT,3,FURNITURE,23,Clerk#000000051,1994-08-16,1437.55,384,1
F,2-HIGH,0,BUILDING,5,Clerk#000000867,1993-03-28,2788.76,993,1
F,4-NOT SPECIFIED,0,AUTOMOBILE,0,Clerk#000000816,1992-12-26,5391.74,536,1
F,2-HIGH,3,BUILDING,19,Clerk#000000084,1993-12-27,5561.93,573,1
O,3-MEDIUM,0,MACHINERY,0,Clerk#000000857,1998-05-14,2531.25,496,1
O,1-URGENT,1,FURNITURE,17,Clerk#000000056,1998-06-27,7270.82,470,1
F,1-URGENT,3,BUILDING,22,Clerk#000000586,1995-02-07,4092.24,429,1
O,2-HIGH,4,AUTOMOBILE,4,Clerk#000000794,1998-04-30,6679.75,480,1
F,2-HIGH,4,BUILDING,20,Clerk#000000662,1992-10-31,8156.62,975,1
O,1-URGENT,3,AUTOMOBILE,7,Clerk#000000171,1998-04-03,9701.54,831,1
O,2-HIGH,3,FURNITURE,22,Clerk#000000893,1997-04-18,4867.52,954,1
F,1-URGENT,4,HOUSEHOLD,20,Clerk#000000733,1995-05-16,8495.92,345,1
F,3-MEDIUM,4,AUTOMOBILE,10,Clerk#000000961,1994-04-04,8631.35,783,1
F,5-LOW,0,AUTOMOBILE,0,Clerk#000000657,1993-07-18,138.31,202,1
F,5-LOW,4,BUILDING,11,Clerk#000000927,1994-08-05,4608.9,209,1
O,2-HIGH,1,FURNITURE,17,Clerk#000000734,1996-08-01,4954.25,632,1
O,3-MEDIUM,3,FURNITURE,6,Clerk#000000018,1996-11-27,-526.14,757,1
O,2-HIGH,2,FURNITURE,18,Clerk#000000255,1995-11-27,8341.71,617,1
F,5-LOW,3,BUILDING,23,Clerk#000000222,1994-10-03,8876.1,683,1
F,1-URGENT,4,MACHINERY,10,Clerk#000000818,1995-02-10,4572.11,819,1
O,5-LOW,4,BUILDING,11,Clerk#000000788,1996-02-11,3952.84,26,1
O,2-HIGH,4,BUILDING,13,Clerk#000000129,1996-08-31,8938.14,36,1
F,5-LOW,0,BUILDING,15,Clerk#000000859,1994-02-09,8081.52,125,1
F,2-HIGH,2,HOUSEHOLD,18,Clerk#000000050,1992-11-02,4723.37,852,1
O,4-NOT SPECIFIED,1,FURNITURE,1,Clerk#000000332,1996-03-19,7543.01,626,1
F,1-URGENT,3,AUTOMOBILE,7,Clerk#000000283,1994-02-27,2237.64,728,1
O,3-MEDIUM,2,MACHINERY,12,Clerk#000000192,1995-07-27,8647.42,146,1
O,5-LOW,4,BUILDING,20,Clerk#000000877,1995-07-02,7476.2,68,1
F,4-NOT SPECIFIED,3,HOUSEHOLD,22,Clerk#000000603,1994-01-15,2924.78,689,1
O,1-URGENT,3,MACHINERY,19,Clerk#000000994,1996-09-14,-303.95,211,1
O,1-URGENT,3,FURNITURE,22,Clerk#000000050,1995-07-26,7412.12,214,1
O,2-HIGH,4,BUILDING,4,Clerk#000000577,1997-10-26,7557,979,1
O,2-HIGH,4,BUILDING,13,Clerk#000000358,1996-09-16,4198.72,22,1
O,2-HIGH,0,HOUSEHOLD,15,Clerk#000000528,1998-04-02,1965.38,754,1
F,2-HIGH,3,BUILDING,6,Clerk#000000893,1992-08-06,8667.09,30,1
F,3-MEDIUM,3,MACHINERY,23,Clerk#000000588,1993-10-16,5200.96,526,1
F,4-NOT SPECIFIED,4,FURNITURE,10,Clerk#000000957,1992-02-11,3959.71,350,1
O,3-MEDIUM,0,MACHINERY,0,Clerk#000000983,1998-07-27,9217.55,62,1
F,1-URGENT,1,AUTOMOBILE,2,Clerk#000000373,1993-02-09,6.34,190,1
P,1-URGENT,0,BUILDING,0,Clerk#000000645,1995-04-26,4517.33,376,1
F,4-NOT SPECIFIED,2,MACHINERY,18,Clerk#000000002,1992-05-09,6403.62,1,1
F,1-URGENT,4,AUTOMOBILE,20,Clerk#000000235,1992-12-28,-919.65,977,1
F,3-MEDIUM,4,BUILDING,4,Clerk#000000489,1992-01-23,7557,979,1
O,2-HIGH,4,HOUSEHOLD,10,Clerk#000000120,1998-07-29,1299.92,578,1
F,1-URGENT,2,BUILDING,12,Clerk#000000770,1993-06-18,7161.52,549,1
P,3-MEDIUM,0,AUTOMOBILE,5,Clerk#000000132,1995-04-04,-390.09,920,1
P,2-HIGH,3,MACHINERY,6,Clerk#000000108,1995-05-11,1286.76,453,1
P,3-MEDIUM,1,BUILDING,3,Clerk#000000908,1995-03-27,7905.17,813,1
O,1-URGENT,0,BUILDING,16,Clerk#000000442,1995-09-14,-716.1,197,1
F,1-URGENT,4,BUILDING,11,Clerk#000000862,1992-09-06,3374.92,366,1
F,5-LOW,2,BUILDING,12,Clerk#000000693,1994-04-03,6836.89,679,1
O,2-HIGH,1,AUTOMOBILE,3,Clerk#000000500,1996-01-18,754.41,367,1
O,1-URGENT,4,MACHINERY,10,Clerk#000000564,1998-04-15,4572.11,819,1
O,1-URGENT,1,MACHINERY,17,Clerk#000000591,1996-09-22,507.26,502,1
O,3-MEDIUM,4,AUTOMOBILE,20,Clerk#000000744,1996-10-22,-919.65,977,1
F,3-MEDIUM,0,MACHINERY,16,Clerk#000000543,1993-02-25,1755.33,848,1
O,1-URGENT,2,FURNITURE,9,Clerk#000000715,1996-06-23,8328.12,462,1
O,5-LOW,3,FURNITURE,22,Clerk#000000320,1996-09-23,7616.48,545,1
O,3-MEDIUM,2,BUILDING,12,Clerk#000000409,1997-02-05,3826.52,662,1
F,5-LOW,1,HOUSEHOLD,3,Clerk#000000963,1992-02-17,7865.46,544,1
O,3-MEDIUM,0,BUILDING,0,Clerk#000000594,1998-02-20,702.73,477,1
F,5-LOW,2,BUILDING,8,Clerk#000000139,1992-09-28,81.06,615,1
O,5-LOW,2,FURNITURE,12,Clerk#000000914,1996-01-12,8982.79,0,1
F,5-LOW,4,BUILDING,10,Clerk#000000041,1993-06-05,2222.65,469,1
O,2-HIGH,4,BUILDING,11,Clerk#000000334,1996-04-29,9442.55,46,1
O,2-HIGH,2,BUILDING,9,Clerk#000000905,1996-02-28,8593.83,373,1
F,3-MEDIUM,3,BUILDING,19,Clerk#000000173,1994-12-29,4146.43,77,1
F,3-MEDIUM,0,FURNITURE,15,Clerk#000000600,1994-11-26,8781.53,39,1
F,3-MEDIUM,2,MACHINERY,21,Clerk#000000002,1992-07-26,1663.28,918,1
O,3-MEDIUM,4,AUTOMOBILE,10,Clerk#000000685,1997-11-09,-922.69,179,1
O,2-HIGH,2,AUTOMOBILE,12,Clerk#000000858,1997-09-25,1499.56,586,1
F,5-LOW,3,FURNITURE,22,Clerk#000000094,1993-11-26,-213.85,191,1
O,1-URGENT,2,MACHINERY,18,Clerk#000000912,1998-02-13,7055.13,287,1
O,4-NOT SPECIFIED,0,MACHINERY,16,Clerk#000000231,1997-09-20,2061.45,798,1
F,3-MEDIUM,0,AUTOMOBILE,5,Clerk#000000830,1993-12-27,-390.09,920,1
O,5-LOW,1,AUTOMOBILE,2,Clerk#000000385,1998-07-07,9749.37,401,1
F,4-NOT SPECIFIED,1,BUILDING,24,Clerk#000000529,1994-05-09,8117.27,89,1
F,3-MEDIUM,3,FURNITURE,22,Clerk#000000784,1992-05-08,-213.85,191,1
F,2-HIGH,1,BUILDING,17,Clerk#000000576,1994-07-04,-858.61,889,1
F,3-MEDIUM,0,AUTOMOBILE,15,Clerk#000000374,1992-07-17,7420.6,614,1
O,2-HIGH,0,FURNITURE,5,Clerk#000000588,1995-09-28,9849.87,406,1
F,2-HIGH,1,FURNITURE,2,Clerk#000000028,1992-10-22,311,855,1
F,4-NOT SPECIFIED,2,MACHINERY,8,Clerk#000000678,1994-06-27,4571.78,156,1
F,4-NOT SPECIFIED,0,HOUSEHOLD,14,Clerk#000000191,1992-12-11,5411.2,199,1
O,2-HIGH,2,FURNITURE,8,Clerk#000000367,1997-10-14,-77.63,857,1
O,1-URGENT,2,BUILDING,21,Clerk#000000544,1996-11-26,2714.5,385,1
O,2-HIGH,3,HOUSEHOLD,19,Clerk#000000286,1996-08-30,3061.58,335,1
O,2-HIGH,4,FURNITURE,10,Clerk#000000865,1997-07-22,6530.86,589,1
F,2-HIGH,3,MACHINERY,23,Clerk#000000028,1992-05-07,130.59,642,1
F,1-URGENT,4,AUTOMOBILE,20,Clerk#000000107,1995-04-10,-919.65,977,1
F,3-MEDIUM,0,FURNITURE,5,Clerk#000000949,1994-01-10,1211.39,669,1
O,3-MEDIUM,4,HOUSEHOLD,11,Clerk#000000868,1996-11-30,3931.31,323,1
O,4-NOT SPECIFIED,1,HOUSEHOLD,2,Clerk#000000346,1997-03-02,990.58,421,1
P,3-MEDIUM,4,AUTOMOBILE,4,Clerk#000000887,1995-05-02,1561.8,634,1
O,3-MEDIUM,4,BUILDING,13,Clerk#000000385,1996-03-11,1317.56,16,1
F,2-HIGH,3,MACHINERY,23,Clerk#000000340,1992-05-26,8024.55,932,1
F,5-LOW,3,HOUSEHOLD,23,Clerk#000000960,1993-09-22,32.24,451,1
F,1-URGENT,0,BUILDING,15,Clerk#000000128,1994-05-15,8878.22,815,1
O,3-MEDIUM,3,FURNITURE,22,Clerk#000000353,1995-07-28,9491.46,789,1
O,5-LOW,4,FURNITURE,13,Clerk#000000852,1997-02-28,7073.17,437,1
O,5-LOW,1,HOUSEHOLD,24,Clerk#000000165,1996-11-14,-273.96,762,1
O,1-URGENT,3,AUTOMOBILE,23,Clerk#000000152,1997-11-05,668.51,474,1
F,2-HIGH,2,MACHINERY,9,Clerk#000000463,1993-06-12,9774.97,637,1
O,4-NOT SPECIFIED,0,HOUSEHOLD,5,Clerk#000000176,1996-10-11,2753.54,315,1
F,3-MEDIUM,3,MACHINERY,6,Clerk#000000844,1993-08-22,8651.87,448,1
F,5-LOW,2,FURNITURE,18,Clerk#000000481,1993-09-27,807.37,343,1
F,2-HIGH,1,BUILDING,2,Clerk#000000871,1993-06-22,2883.24,78,1
F,5-LOW,2,FURNITURE,9,Clerk#000000755,1992-05-13,8328.12,462,1
F,1-URGENT,3,FURNITURE,23,Clerk#000000522,1993-07-08,2317.93,433,1
F,4-NOT SPECIFIED,2,FURNITURE,21,Clerk#000000175,1993-11-25,2114.53,508,1
F,3-MEDIUM,1,AUTOMOBILE,2,Clerk#000000796,1992-09-23,4718.23,795,1
O,2-HIGH,0,MACHINERY,16,Clerk#000000844,1997-05-21,7917.9,816,1
F,5-LOW,1,AUTOMOBILE,17,Clerk#000000928,1994-01-17,9359.01,643,1
F,2-HIGH,2,AUTOMOBILE,12,Clerk#000000408,1994-07-19,5392.3,57,1
F,5-LOW,3,FURNITURE,22,Clerk#000000904,1993-11-02,4867.52,954,1
O,4-NOT SPECIFIED,1,MACHINERY,2,Clerk#000000811,1995-11-17,7470.96,884,1
F,2-HIGH,2,MACHINERY,8,Clerk#000000229,1992-09-26,3993.54,722,1
O,1-URGENT,0,AUTOMOBILE,14,Clerk#000000112,1995-06-23,5384.59,123,1
F,2-HIGH,4,BUILDING,13,Clerk#000000697,1994-08-19,4198.72,22,1
F,1-URGENT,0,BUILDING,16,Clerk#000000312,1994-04-19,9967.6,782,1
F,5-LOW,2,FURNITURE,8,Clerk#000000254,1993-07-15,9365.93,353,1
O,4-NOT SPECIFIED,1,AUTOMOBILE,2,Clerk#000000050,1996-10-11,4718.23,795,1
F,1-URGENT,2,BUILDING,21,Clerk#000000776,1992-01-31,2714.5,385,1
O,1-URGENT,4,FURNITURE,20,Clerk#000000854,1995-12-13,8746.23,59,1
O,2-HIGH,0,AUTOMOBILE,0,Clerk#000000119,1996-07-06,138.31,202,1
F,2-HIGH,4,HOUSEHOLD,11,Clerk#000000473,1992-10-25,5630.28,878,1
O,3-MEDIUM,2,HOUSEHOLD,8,Clerk#000000519,1996-06-19,7508.92,764,1
O,1-URGENT,1,AUTOMOBILE,2,Clerk#000000594,1996-06-30,3139.71,63,1
F,4-NOT SPECIFIED,4,AUTOMOBILE,10,Clerk#000000431,1994-03-04,1915.53,649,1
O,5-LOW,0,HOUSEHOLD,15,Clerk#000000844,1995-08-27,2506.38,364,1
F,5-LOW,2,BUILDING,12,Clerk#000000665,1995-02-16,2584.52,990,1
O,1-URGENT,3,BUILDING,7,Clerk#000000453,1997-02-07,448.49,11,1
O,4-NOT SPECIFIED,0,HOUSEHOLD,15,Clerk#000000809,1998-03-23,7734.64,755,1
O,5-LOW,0,AUTOMOBILE,15,Clerk#000000002,1998-01-04,9139.52,187,1
O,3-MEDIUM,0,HOUSEHOLD,5,Clerk#000000350,1997-05-29,3335.29,677,1
O,2-HIGH,0,BUILDING,16,Clerk#000000048,1997-01-19,8403.99,702,1
F,2-HIGH,0,HOUSEHOLD,0,Clerk#000000385,1994-11-14,5297.68,318,1
O,5-LOW,2,MACHINERY,12,Clerk#000000052,1997-07-10,6082.74,168,1
O,4-NOT SPECIFIED,3,MACHINERY,23,Clerk#000000580,1996-10-11,130.59,642,1
O,3-MEDIUM,4,AUTOMOBILE,4,Clerk#000000523,1998-01-14,6679.75,480,1
F,2-HIGH,0,BUILDING,15,Clerk#000000626,1993-01-24,8465.15,705,1
F,4-NOT SPECIFIED,3,HOUSEHOLD,23,Clerk#000000924,1993-09-15,2701.21,603,1
O,3-MEDIUM,3,HOUSEHOLD,7,Clerk#000000822,1997-11-23,876.02,312,1
F,3-MEDIUM,3,AUTOMOBILE,6,Clerk#000000178,1992-11-20,4396.25,442,1
F,2-HIGH,4,BUILDING,10,Clerk#000000797,1994-07-16,2222.65,469,1
F,5-LOW,4,BUILDING,11,Clerk#000000688,1993-01-11,9442.55,46,1
O,5-LOW,4,MACHINERY,20,Clerk#000000028,1996-02-19,7555.16,780,1
F,1-URGENT,0,AUTOMOBILE,5,Clerk#000000228,1995-02-08,-390.09,920,1
O,1-URGENT,0,AUTOMOBILE,16,Clerk#000000122,1997-05-22,-761.7,8,1
F,5-LOW,0,AUTOMOBILE,5,Clerk#000000379,1993-11-30,3035.29,807,1
F,3-MEDIUM,1,AUTOMOBILE,3,Clerk#000000046,1993-07-26,754.41,367,1
O,4-NOT SPECIFIED,4,AUTOMOBILE,20,Clerk#000000723,1997-04-22,-919.65,977,1
O,2-HIGH,1,HOUSEHOLD,2,Clerk#000000952,1995-08-27,8993.23,897,1
F,5-LOW,1,MACHINERY,17,Clerk#000000731,1992-07-20,8275.8,32,1
F,4-NOT SPECIFIED,4,FURNITURE,4,Clerk#000000152,1993-10-24,7654.31,243,1
F,1-URGENT,0,BUILDING,5,Clerk#000000590,1994-02-11,-942.8,368,1
O,4-NOT SPECIFIED,2,MACHINERY,21,Clerk#000000383,1995-09-05,1682.83,537,1
O,2-HIGH,1,AUTOMOBILE,3,Clerk#000000656,1997-02-21,-496.49,562,1
O,4-NOT SPECIFIED,0,BUILDING,16,Clerk#000000225,1996-06-16,7786.69,58,1
F,5-LOW,4,BUILDING,11,Clerk#000000154,1992-02-17,9442.55,46,1
F,1-URGENT,2,BUILDING,21,Clerk#000000909,1994-08-02,5465.29,539,1
O,5-LOW,4,MACHINERY,20,Clerk#000000986,1995-10-29,9314.59,800,1
O,5-LOW,1,MACHINERY,3,Clerk#000000813,1996-12-09,2940.46,473,1
F,4-NOT SPECIFIED,3,AUTOMOBILE,23,Clerk#000000704,1994-08-25,7775.65,620,1
O,2-HIGH,0,AUTOMOBILE,15,Clerk#000000059,1996-04-13,7420.6,614,1
O,1-URGENT,3,AUTOMOBILE,6,Clerk#000000687,1997-01-24,4396.25,442,1
F,2-HIGH,4,FURNITURE,10,Clerk#000000346,1994-01-22,4573.94,295,1
F,4-NOT SPECIFIED,3,AUTOMOBILE,7,Clerk#000000278,1993-12-19,6134.4,947,1
F,1-URGENT,1,BUILDING,1,Clerk#000000021,1995-02-02,4455.76,814,1
F,2-HIGH,1,AUTOMOBILE,3,Clerk#000000108,1992-07-12,754.41,367,1
O,3-MEDIUM,2,FURNITURE,8,Clerk#000000506,1997-01-24,9787.56,695,1
O,3-MEDIUM,3,BUILDING,23,Clerk#000000990,1996-12-07,-565.35,107,1
F,1-URGENT,2,BUILDING,12,Clerk#000000199,1992-02-14,594.5,402,1
P,5-LOW,2,HOUSEHOLD,21,Clerk#000000330,1995-06-10,8367.94,511,1
F,3-MEDIUM,1,AUTOMOBILE,2,Clerk#000000629,1992-01-28,8216.79,659,1
F,4-NOT SPECIFIED,0,BUILDING,15,Clerk#000000704,1994-04-09,9559.04,579,1
O,4-NOT SPECIFIED,0,HOUSEHOLD,15,Clerk#000000278,1997-10-17,8865.61,765,1
F,5-LOW,4,HOUSEHOLD,10,Clerk#000000607,1992-08-19,5751.31,284,1
F,1-URGENT,4,HOUSEHOLD,13,Clerk#000000229,1994-09-27,3686.07,850,1
O,1-URGENT,3,FURNITURE,22,Clerk#000000940,1996-09-07,7207.7,262,1
O,2-HIGH,3,FURNITURE,23,Clerk#000000279,1997-11-01,2829.07,667,1
F,2-HIGH,3,AUTOMOBILE,19,Clerk#000000170,1993-01-23,85.05,105,1
O,1-URGENT,4,MACHINERY,4,Clerk#000000922,1997-10-18,2764.43,143,1
F,5-LOW,3,BUILDING,7,Clerk#000000082,1993-08-22,448.49,11,1
O,5-LOW,2,HOUSEHOLD,9,Clerk#000000819,1996-07-30,5073.58,447,1
F,1-URGENT,3,HOUSEHOLD,22,Clerk#000000418,1993-02-05,554.71,768,1
F,4-NOT SPECIFIED,0,HOUSEHOLD,15,Clerk#000000984,1994-06-21,7734.64,755,1
F,2-HIGH,0,FURNITURE,14,Clerk#000000583,1992-08-30,8998.82,687,1
O,5-LOW,1,AUTOMOBILE,1,Clerk#000000042,1995-09-25,9860.22,959,1
F,4-NOT SPECIFIED,1,FURNITURE,1,Clerk#000000380,1994-12-14,7543.01,626,1
O,3-MEDIUM,4,AUTOMOBILE,10,Clerk#000000996,1996-07-26,9180.5,386,1
O,5-LOW,3,HOUSEHOLD,7,Clerk#000000252,1996-07-02,-501.37,116,1
O,4-NOT SPECIFIED,1,MACHINERY,3,Clerk#000000608,1995-07-30,6821.01,438,1
F,3-MEDIUM,3,AUTOMOBILE,22,Clerk#000000578,1993-08-23,5067.31,223,1
F,5-LOW,1,MACHINERY,1,Clerk#000000347,1993-08-29,9114.68,240,1
O,3-MEDIUM,1,HOUSEHOLD,24,Clerk#000000963,1997-07-08,2258.4,672,1
O,1-URGENT,3,BUILDING,23,Clerk#000000158,1996-10-28,9465.15,761,1
F,2-HIGH,4,FURNITURE,10,Clerk#000000079,1992-10-04,4573.94,295,1
O,1-URGENT,3,BUILDING,6,Clerk#000000926,1997-01-12,8667.09,30,1
O,1-URGENT,1,HOUSEHOLD,2,Clerk#000000975,1995-07-13,8993.23,897,1
F,2-HIGH,2,HOUSEHOLD,12,Clerk#000000177,1992-03-12,6381.24,416,1
F,3-MEDIUM,2,FURNITURE,8,Clerk#000000549,1992-11-24,-77.63,857,1
P,5-LOW,0,AUTOMOBILE,0,Clerk#000000543,1995-04-21,138.31,202,1
F,1-URGENT,2,MACHINERY,9,Clerk#000000380,1993-12-01,9774.97,637,1
F,5-LOW,1,BUILDING,17,Clerk#000000181,1992-08-19,-858.61,889,1
O,1-URGENT,4,FURNITURE,13,Clerk#000000474,1996-10-31,4571.31,823,1
O,4-NOT SPECIFIED,4,HOUSEHOLD,10,Clerk#000000196,1997-01-06,6392,495,1
O,4-NOT SPECIFIED,1,FURNITURE,3,Clerk#000000888,1997-04-03,3328.68,298,1
F,5-LOW,1,HOUSEHOLD,17,Clerk#000000949,1993-10-19,1228.24,217,1
F,2-HIGH,1,BUILDING,24,Clerk#000000257,1992-08-02,8616.12,590,1
P,5-LOW,2,FURNITURE,8,Clerk#000000081,1995-03-21,-77.63,857,1
O,5-LOW,4,FURNITURE,11,Clerk#000000624,1998-04-20,3061.78,803,1
O,3-MEDIUM,4,FURNITURE,20,Clerk#000000167,1998-06-18,9889.89,52,1
F,2-HIGH,2,MACHINERY,9,Clerk#000000310,1993-06-02,9774.97,637,1
O,4-NOT SPECIFIED,1,BUILDING,3,Clerk#000000605,1998-06-22,7149.43,347,1
O,1-URGENT,1,HOUSEHOLD,3,Clerk#000000415,1998-06-02,8654.56,817,1
F,3-MEDIUM,0,BUILDING,15,Clerk#000000284,1994-10-16,8627.9,899,1
O,1-URGENT,0,FURNITURE,0,Clerk#000000056,1996-11-04,5745.33,388,1
O,4-NOT SPECIFIED,1,FURNITURE,3,Clerk#000000799,1996-01-12,3998.24,887,1
O,3-MEDIUM,3,BUILDING,22,Clerk#000000804,1997-12-01,2098.62,738,1
O,3-MEDIUM,0,HOUSEHOLD,16,Clerk#000000640,1997-08-03,7461.27,746,1
O,1-URGENT,2,FURNITURE,9,Clerk#000000011,1995-10-14,3929.96,460,1
F,5-LOW,2,AUTOMOBILE,9,Clerk#000000202,1994-04-18,-932.09,114,1
F,4-NOT SPECIFIED,3,MACHINERY,6,Clerk#000000713,1994-05-02,1008.26,861,1
P,3-MEDIUM,2,MACHINERY,12,Clerk#000000785,1995-05-28,8647.42,146,1
F,4-NOT SPECIFIED,0,BUILDING,5,Clerk#000000684,1993-09-01,9533.37,824,1
O,5-LOW,1,HOUSEHOLD,3,Clerk#000000716,1996-10-07,8654.56,817,1
F,5-LOW,3,AUTOMOBILE,6,Clerk#000000311,1993-05-07,4396.25,442,1
F,1-URGENT,3,MACHINERY,19,Clerk#000000299,1992-05-12,8695.45,152,1
O,3-MEDIUM,4,AUTOMOBILE,10,Clerk#000000793,1997-03-25,-932.96,572,1
F,1-URGENT,3,HOUSEHOLD,7,Clerk#000000535,1992-08-01,8555.12,422,1
O,2-HIGH,4,AUTOMOBILE,4,Clerk#000000804,1996-01-05,4422.45,740,1
O,1-URGENT,4,BUILDING,13,Clerk#000000457,1997-01-18,4990.92,49,1
O,4-NOT SPECIFIED,4,AUTOMOBILE,10,Clerk#000000870,1998-02-04,1394.44,862,1
O,4-NOT SPECIFIED,4,MACHINERY,4,Clerk#000000666,1995-11-06,8167.5,758,1
O,3-MEDIUM,4,MACHINERY,20,Clerk#000000802,1996-09-09,7555.16,780,1
O,4-NOT SPECIFIED,4,FURNITURE,10,Clerk#000000258,1996-10-11,7618.54,65,1
F,5-LOW,3,BUILDING,19,Clerk#000000533,1994-08-06,1498.46,957,1
F,1-URGENT,2,HOUSEHOLD,12,Clerk#000000432,1994-05-27,6381.24,416,1
O,4-NOT SPECIFIED,2,BUILDING,18,Clerk#000000373,1997-03-12,-867.94,903,1
O,2-HIGH,4,AUTOMOBILE,11,Clerk#000000450,1995-10-30,9270.88,336,1
F,4-NOT SPECIFIED,3,BUILDING,22,Clerk#000000597,1992-05-15,-881.7,829,1
O,1-URGENT,2,AUTOMOBILE,21,Clerk#000000560,1996-05-09,6533.53,265,1
F,2-HIGH,1,MACHINERY,2,Clerk#000000805,1992-11-16,2338.92,10,1
O,2-HIGH,0,MACHINERY,16,Clerk#000000126,1996-01-01,2186.5,319,1
O,5-LOW,0,AUTOMOBILE,15,Clerk#000000858,1998-04-13,5212.43,658,1
O,4-NOT SPECIFIED,0,HOUSEHOLD,5,Clerk#000000627,1997-12-10,2023.59,397,1
F,2-HIGH,3,HOUSEHOLD,19,Clerk#000000928,1992-08-27,4272.43,7,1
O,3-MEDIUM,0,HOUSEHOLD,16,Clerk#000000469,1995-06-28,6696.49,893,1
F,4-NOT SPECIFIED,4,HOUSEHOLD,10,Clerk#000000593,1993-07-11,1299.92,578,1
O,3-MEDIUM,1,FURNITURE,1,Clerk#000000430,1996-11-02,6898.65,888,1
O,2-HIGH,4,BUILDING,20,Clerk#000000911,1995-11-13,7476.2,68,1
F,1-URGENT,0,AUTOMOBILE,15,Clerk#000000025,1992-12-08,3903.54,924,1
O,4-NOT SPECIFIED,4,HOUSEHOLD,13,Clerk#000000633,1996-04-21,-112.46,276,1
O,2-HIGH,1,MACHINERY,1,Clerk#000000992,1998-05-18,7944.22,372,1
F,1-URGENT,3,BUILDING,23,Clerk#000000036,1993-10-16,-272.6,936,1
F,2-HIGH,1,MACHINERY,24,Clerk#000000565,1994-10-18,2653.53,671,1
O,2-HIGH,1,FURNITURE,17,Clerk#000000515,1998-04-15,5436.81,231,1
F,5-LOW,1,AUTOMOBILE,3,Clerk#000000176,1993-08-05,-556.05,506,1
O,2-HIGH,1,FURNITURE,3,Clerk#000000456,1995-11-29,3328.68,298,1
F,1-URGENT,3,HOUSEHOLD,7,Clerk#000000769,1992-05-26,876.02,312,1
F,3-MEDIUM,2,AUTOMOBILE,12,Clerk#000000549,1993-05-26,3204.67,656,1
F,5-LOW,4,FURNITURE,13,Clerk#000000620,1992-03-09,5744.89,303,1
O,5-LOW,3,AUTOMOBILE,23,Clerk#000000972,1995-06-27,6959.09,270,1
F,2-HIGH,2,FURNITURE,9,Clerk#000000715,1992-02-07,5398.77,439,1
O,4-NOT SPECIFIED,1,AUTOMOBILE,3,Clerk#000000207,1995-10-16,-556.05,506,1
F,2-HIGH,2,MACHINERY,9,Clerk#000000273,1994-07-07,7897.78,552,1
F,2-HIGH,4,BUILDING,11,Clerk#000000445,1992-11-12,9032.89,872,1
F,1-URGENT,4,FURNITURE,4,Clerk#000000398,1994-01-11,774.23,288,1
O,3-MEDIUM,0,FURNITURE,14,Clerk#000000077,1996-02-29,420.97,925,1
F,1-URGENT,4,AUTOMOBILE,10,Clerk#000000049,1992-01-05,1394.44,862,1
O,1-URGENT,3,BUILDING,23,Clerk#000000349,1995-07-28,5840.97,203,1
O,3-MEDIUM,1,MACHINERY,3,Clerk#000000487,1997-05-16,2233.1,443,1
O,5-LOW,3,AUTOMOBILE,19,Clerk#000000961,1995-07-24,253.59,308,1
O,3-MEDIUM,1,AUTOMOBILE,3,Clerk#000000054,1997-11-06,5274.52,688,1
O,1-URGENT,2,AUTOMOBILE,12,Clerk#000000482,1996-12-02,3215.96,521,1
O,5-LOW,3,AUTOMOBILE,6,Clerk#000000527,1996-06-04,7077.79,714,1
F,5-LOW,4,MACHINERY,20,Clerk#000000102,1992-03-22,1164.46,779,1
O,2-HIGH,2,BUILDING,18,Clerk#000000256,1998-02-08,6003.09,880,1
F,2-HIGH,3,MACHINERY,23,Clerk#000000335,1993-10-16,459.22,189,1
O,1-URGENT,3,BUILDING,19,Clerk#000000409,1996-09-13,8541.87,721,1
F,1-URGENT,4,AUTOMOBILE,11,Clerk#000000376,1993-06-06,1657.46,71,1
O,2-HIGH,3,HOUSEHOLD,6,Clerk#000000896,1997-12-10,5503.36,732,1
F,1-URGENT,1,BUILDING,1,Clerk#000000477,1993-08-29,178.73,514,1
F,3-MEDIUM,4,AUTOMOBILE,4,Clerk#000000551,1995-05-27,7760.52,937,1
O,1-URGENT,1,AUTOMOBILE,2,Clerk#000000431,1995-07-12,9749.37,401,1
F,5-LOW,1,AUTOMOBILE,2,Clerk#000000562,1994-09-18,9749.37,401,1
O,1-URGENT,0,AUTOMOBILE,15,Clerk#000000826,1995-08-12,9139.52,187,1
O,3-MEDIUM,1,FURNITURE,17,Clerk#000000295,1997-07-29,7270.82,470,1
F,4-NOT SPECIFIED,1,AUTOMOBILE,3,Clerk#000000505,1992-02-26,9334.82,326,1
O,5-LOW,3,BUILDING,6,Clerk#000000224,1997-06-20,4361.7,232,1
O,2-HIGH,0,BUILDING,0,Clerk#000000158,1995-08-21,2432.73,711,1
O,2-HIGH,0,AUTOMOBILE,5,Clerk#000000615,1998-03-01,170.27,51,1
F,4-NOT SPECIFIED,4,BUILDING,4,Clerk#000000783,1993-08-12,260.71,646,1
O,3-MEDIUM,1,BUILDING,1,Clerk#000000559,1997-09-03,3652.29,235,1
F,5-LOW,0,FURNITURE,14,Clerk#000000830,1994-10-03,6487.71,869,1
F,2-HIGH,0,BUILDING,15,Clerk#000000346,1993-06-05,711.56,865,1
O,4-NOT SPECIFIED,0,AUTOMOBILE,15,Clerk#000000307,1996-09-15,5212.43,658,1
F,5-LOW,0,AUTOMOBILE,0,Clerk#000000824,1993-03-14,5391.74,536,1
O,4-NOT SPECIFIED,4,AUTOMOBILE,11,Clerk#000000696,1998-03-17,1657.46,71,1
F,4-NOT SPECIFIED,3,MACHINERY,19,Clerk#000000375,1992-11-08,70.93,21,1
F,5-LOW,0,HOUSEHOLD,0,Clerk#000000449,1993-03-10,9497.89,737,1
O,4-NOT SPECIFIED,2,MACHINERY,9,Clerk#000000078,1997-04-21,4389.66,585,1
F,1-URGENT,4,FURNITURE,11,Clerk#000000037,1992-09-17,-425.09,964,1
F,5-LOW,4,MACHINERY,11,Clerk#000000255,1994-06-23,1959.17,660,1
O,4-NOT SPECIFIED,2,BUILDING,9,Clerk#000000187,1996-06-15,2757.45,806,1
P,2-HIGH,0,MACHINERY,15,Clerk#000000614,1995-05-20,5121.28,513,1
O,4-NOT SPECIFIED,0,AUTOMOBILE,5,Clerk#000000267,1997-03-31,7537.16,902,1
O,5-LOW,1,MACHINERY,3,Clerk#000000821,1998-02-08,2940.46,473,1
O,4-NOT SPECIFIED,0,HOUSEHOLD,5,Clerk#000000479,1997-08-21,5950.86,867,1
F,4-NOT SPECIFIED,1,FURNITURE,1,Clerk#000000465,1994-01-10,-982.32,2,1
O,1-URGENT,4,MACHINERY,4,Clerk#000000020,1996-11-02,2764.43,143,1
O,2-HIGH,3,BUILDING,7,Clerk#000000237,1997-11-07,2902.95,120,1
F,5-LOW,0,AUTOMOBILE,5,Clerk#000000612,1993-11-28,3872.86,25,1
O,4-NOT SPECIFIED,4,HOUSEHOLD,11,Clerk#000000428,1997-03-13,5630.28,878,1
F,3-MEDIUM,1,BUILDING,24,Clerk#000000816,1992-09-10,232.01,915,1
F,2-HIGH,2,MACHINERY,12,Clerk#000000931,1993-10-16,3168.41,542,1
O,2-HIGH,0,MACHINERY,14,Clerk#000000738,1997-05-11,5335.36,821,1
F,3-MEDIUM,1,BUILDING,17,Clerk#000000792,1995-02-03,6428.32,104,1
O,5-LOW,3,AUTOMOBILE,23,Clerk#000000099,1996-08-21,668.51,474,1
O,1-URGENT,3,FURNITURE,22,Clerk#000000197,1995-06-07,7412.12,214,1
O,1-URGENT,1,BUILDING,17,Clerk#000000070,1997-01-13,8492.33,75,1
P,2-HIGH,2,HOUSEHOLD,12,Clerk#000000204,1995-05-27,9782.34,939,1
O,5-LOW,1,BUILDING,1,Clerk#000000723,1997-04-24,3652.29,235,1
O,4-NOT SPECIFIED,1,AUTOMOBILE,2,Clerk#000000077,1995-10-20,4718.23,795,1
O,3-MEDIUM,2,BUILDING,21,Clerk#000000023,1997-12-08,1952.36,154,1
F,3-MEDIUM,4,HOUSEHOLD,11,Clerk#000000059,1993-10-09,4801.3,822,1
F,3-MEDIUM,3,MACHINERY,23,Clerk#000000898,1993-01-30,459.22,189,1
F,3-MEDIUM,1,MACHINERY,3,Clerk#000000944,1994-01-17,2233.1,443,1
F,2-HIGH,1,FURNITURE,2,Clerk#000000842,1992-10-20,8605.53,574,1
O,4-NOT SPECIFIED,3,AUTOMOBILE,7,Clerk#000000443,1996-04-13,-339.85,922,1
F,4-NOT SPECIFIED,1,AUTOMOBILE,3,Clerk#000000236,1993-09-23,9008.61,417,1
F,2-HIGH,0,AUTOMOBILE,0,Clerk#000000523,1993-07-29,3393.86,969,1
F,1-URGENT,3,AUTOMOBILE,22,Clerk#000000103,1994-05-22,5067.31,223,1
O,2-HIGH,3,MACHINERY,6,Clerk#000000962,1998-04-08,1008.26,861,1
O,2-HIGH,4,BUILDING,20,Clerk#000000695,1995-08-01,8156.62,975,1
O,3-MEDIUM,2,FURNITURE,21,Clerk#000000821,1997-05-11,2948.61,14,1
O,5-LOW,2,HOUSEHOLD,12,Clerk#000000225,1997-08-01,6345.11,321,1
O,5-LOW,4,HOUSEHOLD,13,Clerk#000000733,1996-08-01,6478.46,499,1
F,2-HIGH,2,BUILDING,18,Clerk#000000297,1993-04-19,6003.09,880,1
O,2-HIGH,2,MACHINERY,9,Clerk#000000161,1996-06-08,9774.97,637,1
F,3-MEDIUM,2,FURNITURE,12,Clerk#000000093,1993-07-17,7133.7,50,1
P,3-MEDIUM,0,HOUSEHOLD,5,Clerk#000000963,1995-05-30,7349.82,97,1
O,4-NOT SPECIFIED,0,HOUSEHOLD,15,Clerk#000000907,1995-07-03,4582.28,333,1
F,5-LOW,2,BUILDING,8,Clerk#000000697,1992-10-23,1215.18,873,1
O,1-URGENT,4,BUILDING,10,Clerk#000000852,1995-08-14,2222.65,469,1
F,5-LOW,1,AUTOMOBILE,24,Clerk#000000220,1994-12-19,339.49,733,1
F,5-LOW,1,AUTOMOBILE,3,Clerk#000000048,1993-09-07,-275.58,103,1
F,5-LOW,4,HOUSEHOLD,20,Clerk#000000220,1994-11-09,-395.89,858,1
F,2-HIGH,2,AUTOMOBILE,18,Clerk#000000695,1992-09-16,4967.24,471,1
F,5-LOW,1,FURNITURE,17,Clerk#000000759,1992-07-12,1536.24,911,1
P,2-HIGH,0,MACHINERY,14,Clerk#000000164,1995-05-08,3623.6,398,1
F,3-MEDIUM,1,FURNITURE,3,Clerk#000000919,1994-06-30,479.96,543,1
O,3-MEDIUM,1,MACHINERY,1,Clerk#000000276,1995-12-19,3458.6,382,1
F,3-MEDIUM,3,BUILDING,6,Clerk#000000266,1993-08-04,8667.09,30,1
O,2-HIGH,2,MACHINERY,8,Clerk#000000010,1997-04-07,8363.66,208,1
O,1-URGENT,2,AUTOMOBILE,9,Clerk#000000871,1998-05-01,-307.61,982,1
O,5-LOW,2,AUTOMOBILE,9,Clerk#000000088,1997-07-11,6569.34,571,1
F,5-LOW,2,MACHINERY,12,Clerk#000000718,1993-05-19,6963.68,629,1
O,4-NOT SPECIFIED,0,BUILDING,5,Clerk#000000252,1998-01-11,2788.76,993,1
F,2-HIGH,4,BUILDING,20,Clerk#000000436,1993-05-31,6378.67,233,1
F,3-MEDIUM,0,HOUSEHOLD,15,Clerk#000000065,1994-10-30,2506.38,364,1
F,2-HIGH,0,HOUSEHOLD,15,Clerk#000000160,1993-09-11,8865.61,765,1
O,2-HIGH,3,FURNITURE,22,Clerk#000000389,1995-12-18,7576.55,691,1
O,3-MEDIUM,1,MACHINERY,2,Clerk#000000116,1998-02-28,-849.44,186,1
O,3-MEDIUM,3,FURNITURE,22,Clerk#000000525,1995-07-28,4867.52,954,1
O,2-HIGH,3,BUILDING,6,Clerk#000000840,1995-06-26,4361.7,232,1
F,2-HIGH,3,BUILDING,7,Clerk#000000146,1992-07-15,4409.7,487,1
F,3-MEDIUM,0,MACHINERY,5,Clerk#000000823,1994-03-19,1722.88,102,1
O,5-LOW,2,AUTOMOBILE,12,Clerk#000000616,1996-11-17,3204.67,656,1
O,3-MEDIUM,3,FURNITURE,22,Clerk#000000186,1995-03-14,7412.12,214,1
O,5-LOW,3,AUTOMOBILE,22,Clerk#000000938,1998-05-29,7789.14,864,1
O,4-NOT SPECIFIED,1,HOUSEHOLD,2,Clerk#000000100,1998-05-26,3249.25,253,1
F,2-HIGH,4,FURNITURE,4,Clerk#000000606,1992-12-21,7654.31,243,1
O,5-LOW,4,MACHINERY,13,Clerk#000000512,1998-05-26,-897.04,531,1
P,4-NOT SPECIFIED,2,BUILDING,12,Clerk#000000367,1995-05-13,6343.64,621,1
O,1-URGENT,1,MACHINERY,3,Clerk#000000389,1998-04-02,591.98,625,1
F,1-URGENT,2,BUILDING,12,Clerk#000000631,1993-01-15,7447.99,109,1
F,5-LOW,1,AUTOMOBILE,3,Clerk#000000683,1992-09-14,-275.58,103,1
O,5-LOW,1,AUTOMOBILE,3,Clerk#000000922,1995-10-29,-496.49,562,1
F,5-LOW,4,HOUSEHOLD,4,Clerk#000000983,1993-07-21,208.45,183,1
O,5-LOW,2,AUTOMOBILE,18,Clerk#000000247,1996-04-01,4967.24,471,1
O,4-NOT SPECIFIED,4,BUILDING,20,Clerk#000000404,1996-07-01,3136.15,238,1
O,4-NOT SPECIFIED,4,FURNITURE,10,Clerk#000000765,1997-06-01,7618.54,65,1
O,2-HIGH,3,AUTOMOBILE,23,Clerk#000000846,1996-12-07,-808.13,652,1
F,5-LOW,1,FURNITURE,24,Clerk#000000502,1995-02-06,4038.45,112,1
F,3-MEDIUM,0,MACHINERY,16,Clerk#000000428,1992-04-25,6582.04,204,1
O,5-LOW,4,BUILDING,11,Clerk#000000198,1996-04-07,3374.92,366,1
P,4-NOT SPECIFIED,0,HOUSEHOLD,5,Clerk#000000540,1995-05-21,3335.29,677,1
O,1-URGENT,2,HOUSEHOLD,21,Clerk#000000062,1997-03-15,9977.62,289,1
O,3-MEDIUM,1,FURNITURE,17,Clerk#000000052,1995-10-06,1536.24,911,1
F,5-LOW,1,BUILDING,1,Clerk#000000498,1994-02-17,-210.4,723,1
F,5-LOW,4,HOUSEHOLD,10,Clerk#000000332,1994-06-18,1299.92,578,1
O,5-LOW,0,HOUSEHOLD,16,Clerk#000000333,1998-01-14,2961.79,155,1
F,4-NOT SPECIFIED,0,MACHINERY,0,Clerk#000000495,1993-12-24,4367.53,392,1
O,3-MEDIUM,4,AUTOMOBILE,4,Clerk#000000496,1995-12-03,3300.82,177,1
O,1-URGENT,0,FURNITURE,0,Clerk#000000839,1998-07-11,2130.98,369,1
F,2-HIGH,4,BUILDING,4,Clerk#000000304,1992-03-13,3329.21,24,1
F,1-URGENT,2,HOUSEHOLD,8,Clerk#000000241,1992-06-13,7508.92,764,1
O,4-NOT SPECIFIED,1,MACHINERY,24,Clerk#000000297,1995-11-20,2653.53,671,1
F,3-MEDIUM,1,AUTOMOBILE,17,Clerk#000000916,1994-07-18,2164.48,361,1
O,4-NOT SPECIFIED,4,FURNITURE,10,Clerk#000000442,1997-09-01,4524.45,901,1
F,2-HIGH,4,MACHINERY,20,Clerk#000000253,1994-08-03,9314.59,800,1
O,1-URGENT,0,HOUSEHOLD,15,Clerk#000000849,1997-04-20,8589.7,20,1
F,1-URGENT,0,BUILDING,16,Clerk#000000647,1993-07-14,2945.16,997,1
F,4-NOT SPECIFIED,3,HOUSEHOLD,7,Clerk#000000780,1993-05-06,5847.76,962,1
F,3-MEDIUM,4,HOUSEHOLD,4,Clerk#000000425,1992-05-24,7979.48,519,1
F,5-LOW,2,FURNITURE,12,Clerk#000000832,1994-12-27,4756.58,913,1
F,3-MEDIUM,3,HOUSEHOLD,7,Clerk#000000743,1992-12-15,8555.12,422,1
F,4-NOT SPECIFIED,4,AUTOMOBILE,4,Clerk#000000086,1993-07-12,8798.96,644,1
F,5-LOW,3,BUILDING,23,Clerk#000000176,1995-01-22,-565.35,107,1
O,1-URGENT,2,MACHINERY,8,Clerk#000000395,1995-07-03,1526.59,787,1
F,4-NOT SPECIFIED,4,AUTOMOBILE,10,Clerk#000000764,1993-10-04,3509.35,307,1
F,1-URGENT,3,FURNITURE,6,Clerk#000000086,1993-12-28,5817.9,633,1
O,4-NOT SPECIFIED,0,HOUSEHOLD,16,Clerk#000000780,1996-03-21,7631.94,296,1
O,1-URGENT,3,HOUSEHOLD,6,Clerk#000000976,1997-06-24,4390.33,279,1
O,5-LOW,4,AUTOMOBILE,11,Clerk#000000910,1996-02-07,7252.65,478,1
F,2-HIGH,4,AUTOMOBILE,10,Clerk#000000844,1993-11-26,1394.44,862,1
O,1-URGENT,1,MACHINERY,3,Clerk#000000499,1996-03-03,857.7,459,1
O,4-NOT SPECIFIED,0,FURNITURE,16,Clerk#000000950,1996-09-18,2869.97,505,1
O,3-MEDIUM,4,FURNITURE,4,Clerk#000000831,1997-11-07,-774.22,387,1
F,2-HIGH,4,FURNITURE,10,Clerk#000000494,1993-04-16,1975.35,271,1
F,4-NOT SPECIFIED,3,FURNITURE,19,Clerk#000000256,1993-02-03,4425.42,40,1
F,4-NOT SPECIFIED,3,AUTOMOBILE,22,Clerk#000000320,1992-10-15,4962.12,87,1
F,1-URGENT,4,AUTOMOBILE,13,Clerk#000000425,1994-05-24,6123.69,653,1
O,5-LOW,3,FURNITURE,19,Clerk#000000431,1996-11-27,2990.18,327,1
F,4-NOT SPECIFIED,4,BUILDING,4,Clerk#000000344,1992-02-19,-405.91,556,1
F,5-LOW,4,HOUSEHOLD,10,Clerk#000000404,1993-10-21,1299.92,578,1
O,2-HIGH,3,FURNITURE,23,Clerk#000000201,1997-08-29,2829.07,667,1
F,3-MEDIUM,3,BUILDING,6,Clerk#000000017,1994-11-26,8667.09,30,1
O,4-NOT SPECIFIED,1,FURNITURE,1,Clerk#000000491,1997-01-15,6898.65,888,1
O,4-NOT SPECIFIED,4,BUILDING,11,Clerk#000000628,1996-02-22,7307.55,929,1
O,3-MEDIUM,4,BUILDING,4,Clerk#000000911,1995-11-10,4804.57,126,1
F,2-HIGH,1,FURNITURE,17,Clerk#000000867,1994-07-16,6194.65,554,1
O,5-LOW,2,AUTOMOBILE,21,Clerk#000000983,1996-05-28,6533.53,265,1
O,2-HIGH,0,BUILDING,0,Clerk#000000735,1997-08-20,8921.97,237,1
O,1-URGENT,1,AUTOMOBILE,2,Clerk#000000924,1996-12-21,6.34,190,1
O,4-NOT SPECIFIED,1,MACHINERY,3,Clerk#000000475,1996-01-05,1975.41,234,1
F,1-URGENT,2,FURNITURE,8,Clerk#000000016,1993-11-05,9365.93,353,1
F,2-HIGH,1,MACHINERY,1,Clerk#000000870,1993-08-31,7944.22,372,1
F,2-HIGH,3,MACHINERY,23,Clerk#000000648,1992-08-20,8024.55,932,1
F,5-LOW,1,FURNITURE,17,Clerk#000000917,1992-11-02,6194.65,554,1
O,3-MEDIUM,0,BUILDING,16,Clerk#000000027,1998-06-02,9967.6,782,1
O,3-MEDIUM,4,BUILDING,13,Clerk#000000786,1997-10-03,3367.36,66,1
O,5-LOW,2,FURNITURE,8,Clerk#000000597,1997-01-29,1007.18,568,1
O,2-HIGH,0,AUTOMOBILE,5,Clerk#000000726,1996-01-16,3035.29,807,1
O,1-URGENT,4,MACHINERY,11,Clerk#000000394,1997-02-21,8634.92,616,1
F,1-URGENT,0,FURNITURE,14,Clerk#000000371,1993-01-31,8727.9,860,1
O,1-URGENT,3,FURNITURE,23,Clerk#000000141,1998-05-14,1709.5,435,1
O,3-MEDIUM,3,FURNITURE,22,Clerk#000000217,1996-09-10,-213.85,191,1
O,3-MEDIUM,3,BUILDING,7,Clerk#000000179,1996-03-02,4997.35,529,1
O,5-LOW,4,HOUSEHOLD,10,Clerk#000000049,1998-03-02,1299.92,578,1
O,4-NOT SPECIFIED,4,MACHINERY,13,Clerk#000000533,1997-04-06,4363.17,264,1
F,3-MEDIUM,2,FURNITURE,9,Clerk#000000050,1994-11-06,4799.98,420,1
F,5-LOW,1,HOUSEHOLD,2,Clerk#000000397,1992-02-16,8993.23,897,1
O,1-URGENT,4,FURNITURE,13,Clerk#000000321,1995-11-15,5744.89,303,1
O,3-MEDIUM,2,BUILDING,21,Clerk#000000732,1996-02-19,2106.81,334,1
F,2-HIGH,0,AUTOMOBILE,5,Clerk#000000469,1994-01-08,4974.68,108,1
O,4-NOT SPECIFIED,2,HOUSEHOLD,8,Clerk#000000060,1997-03-02,5390.34,301,1
O,4-NOT SPECIFIED,3,AUTOMOBILE,19,Clerk#000000466,1996-12-15,6496.08,357,1
O,5-LOW,0,MACHINERY,15,Clerk#000000719,1997-08-07,1666.07,881,1
F,2-HIGH,1,FURNITURE,1,Clerk#000000930,1993-07-24,7543.01,626,1
O,1-URGENT,4,AUTOMOBILE,11,Clerk#000000850,1996-11-19,1657.46,71,1
F,1-URGENT,0,BUILDING,0,Clerk#000000361,1992-11-02,702.73,477,1
F,2-HIGH,1,AUTOMOBILE,3,Clerk#000000172,1993-11-01,9008.61,417,1
F,5-LOW,4,FURNITURE,13,Clerk#000000939,1992-08-08,346.59,576,1
O,1-URGENT,1,BUILDING,24,Clerk#000000331,1997-09-08,-982.05,974,1
O,5-LOW,0,AUTOMOBILE,5,Clerk#000000205,1998-05-29,170.27,51,1
O,5-LOW,4,AUTOMOBILE,20,Clerk#000000987,1996-03-13,-919.65,977,1
F,4-NOT SPECIFIED,4,AUTOMOBILE,20,Clerk#000000088,1994-05-21,-919.65,977,1
F,4-NOT SPECIFIED,0,BUILDING,14,Clerk#000000211,1992-10-11,-98.46,141,1
O,3-MEDIUM,4,BUILDING,10,Clerk#000000808,1996-02-06,2222.65,469,1
F,2-HIGH,3,AUTOMOBILE,7,Clerk#000000174,1994-06-10,9701.54,831,1
O,2-HIGH,2,AUTOMOBILE,9,Clerk#000000690,1996-12-05,6569.34,571,1
O,5-LOW,1,AUTOMOBILE,3,Clerk#000000821,1998-04-24,754.41,367,1
O,5-LOW,4,HOUSEHOLD,11,Clerk#000000390,1996-08-15,3931.31,323,1
F,1-URGENT,3,BUILDING,22,Clerk#000000904,1992-04-19,6044.02,503,1
O,2-HIGH,2,HOUSEHOLD,12,Clerk#000000675,1997-12-16,5841.33,136,1
O,2-HIGH,4,AUTOMOBILE,11,Clerk#000000012,1996-03-19,7252.65,478,1
F,3-MEDIUM,4,AUTOMOBILE,20,Clerk#000000444,1993-11-01,-919.65,977,1
O,4-NOT SPECIFIED,0,FURNITURE,14,Clerk#000000550,1996-09-10,8998.82,687,1
F,4-NOT SPECIFIED,3,AUTOMOBILE,7,Clerk#000000239,1993-05-27,9701.54,831,1
O,1-URGENT,0,BUILDING,5,Clerk#000000021,1997-12-25,6709.9,835,1
F,2-HIGH,4,AUTOMOBILE,11,Clerk#000000879,1993-04-13,9270.88,336,1
F,4-NOT SPECIFIED,2,FURNITURE,8,Clerk#000000859,1994-01-01,9365.93,353,1
O,1-URGENT,0,MACHINERY,16,Clerk#000000151,1997-04-16,7917.9,816,1
F,3-MEDIUM,3,AUTOMOBILE,19,Clerk#000000228,1994-07-30,6496.08,357,1
O,4-NOT SPECIFIED,4,HOUSEHOLD,20,Clerk#000000548,1995-12-19,8495.92,345,1
O,5-LOW,2,MACHINERY,21,Clerk#000000242,1995-12-17,7140.81,628,1
O,3-MEDIUM,4,AUTOMOBILE,4,Clerk#000000868,1997-12-25,7760.52,937,1
O,5-LOW,0,HOUSEHOLD,14,Clerk#000000396,1998-06-17,6693.36,91,1
F,1-URGENT,3,FURNITURE,7,Clerk#000000784,1992-12-10,709.46,507,1
O,3-MEDIUM,1,AUTOMOBILE,3,Clerk#000000438,1995-12-20,-301.75,379,1
F,4-NOT SPECIFIED,1,BUILDING,3,Clerk#000000672,1994-03-25,1335.3,450,1
O,3-MEDIUM,1,AUTOMOBILE,2,Clerk#000000351,1995-07-19,1543.64,486,1
O,5-LOW,1,MACHINERY,2,Clerk#000000658,1997-06-25,4376.8,909,1
F,1-URGENT,4,HOUSEHOLD,20,Clerk#000000378,1995-04-01,8353,546,1
F,2-HIGH,2,FURNITURE,9,Clerk#000000583,1993-09-24,8247.11,976,1
O,3-MEDIUM,4,FURNITURE,20,Clerk#000000764,1997-03-10,9889.89,52,1
O,2-HIGH,1,MACHINERY,1,Clerk#000000186,1995-09-30,3458.6,382,1
O,1-URGENT,2,HOUSEHOLD,9,Clerk#000000052,1996-11-12,-202.22,532,1
F,4-NOT SPECIFIED,3,BUILDING,19,Clerk#000000582,1995-02-05,2583.91,60,1
F,4-NOT SPECIFIED,0,MACHINERY,16,Clerk#000000211,1993-06-30,9786.36,281,1
F,4-NOT SPECIFIED,2,MACHINERY,9,Clerk#000000379,1994-11-01,8747.99,340,1
O,1-URGENT,4,FURNITURE,4,Clerk#000000338,1996-03-26,9621.49,42,1
O,4-NOT SPECIFIED,1,HOUSEHOLD,3,Clerk#000000243,1997-08-15,2584.23,172,1
F,5-LOW,2,MACHINERY,8,Clerk#000000740,1992-02-03,4086.56,228,1
F,5-LOW,3,HOUSEHOLD,7,Clerk#000000531,1992-09-26,-501.37,116,1
O,5-LOW,1,HOUSEHOLD,3,Clerk#000000666,1996-08-26,2584.23,172,1
F,1-URGENT,4,BUILDING,13,Clerk#000000382,1993-10-25,6553.37,306,1
F,5-LOW,3,AUTOMOBILE,23,Clerk#000000701,1992-05-30,-808.13,652,1
O,5-LOW,4,MACHINERY,4,Clerk#000000009,1996-12-27,2764.43,143,1
F,5-LOW,1,BUILDING,24,Clerk#000000657,1993-10-09,8117.27,89,1
O,5-LOW,0,AUTOMOBILE,0,Clerk#000000595,1996-02-29,7659.72,984,1
O,1-URGENT,2,HOUSEHOLD,12,Clerk#000000189,1995-10-29,6381.24,416,1
P,1-URGENT,4,MACHINERY,10,Clerk#000000130,1995-03-19,4572.11,819,1
O,2-HIGH,1,MACHINERY,2,Clerk#000000783,1997-02-23,-444.73,794,1
O,5-LOW,3,MACHINERY,19,Clerk#000000555,1997-02-24,6239.89,162,1
F,1-URGENT,0,BUILDING,0,Clerk#000000332,1992-07-25,4517.33,376,1
O,1-URGENT,1,BUILDING,17,Clerk#000000659,1996-05-13,6737.18,641,1
O,1-URGENT,3,HOUSEHOLD,6,Clerk#000000088,1996-10-02,4390.33,279,1
F,1-URGENT,0,AUTOMOBILE,0,Clerk#000000745,1993-08-25,785.37,987,1
F,2-HIGH,0,AUTOMOBILE,5,Clerk#000000761,1995-02-06,3035.29,807,1
O,5-LOW,1,FURNITURE,2,Clerk#000000626,1995-10-31,311,855,1
O,2-HIGH,3,HOUSEHOLD,19,Clerk#000000416,1995-09-16,5187.02,650,1
O,3-MEDIUM,0,FURNITURE,14,Clerk#000000192,1997-01-09,6375.23,250,1
F,4-NOT SPECIFIED,2,BUILDING,21,Clerk#000000097,1994-06-26,2755.46,150,1
O,2-HIGH,0,AUTOMOBILE,15,Clerk#000000354,1996-02-14,9139.52,187,1
F,2-HIGH,3,HOUSEHOLD,7,Clerk#000000672,1992-05-23,-501.37,116,1
O,1-URGENT,1,BUILDING,17,Clerk#000000212,1996-05-17,7647.09,341,1
F,4-NOT SPECIFIED,1,BUILDING,3,Clerk#000000452,1992-08-20,7149.43,347,1
F,3-MEDIUM,0,BUILDING,0,Clerk#000000751,1994-08-28,8921.97,237,1
F,1-URGENT,4,MACHINERY,4,Clerk#000000575,1993-01-01,7503.3,934,1
O,5-LOW,3,BUILDING,23,Clerk#000000859,1995-12-17,5710.41,665,1
F,4-NOT SPECIFIED,3,MACHINERY,23,Clerk#000000128,1992-01-15,459.22,189,1
F,2-HIGH,4,AUTOMOBILE,11,Clerk#000000128,1992-09-16,9270.88,336,1
F,2-HIGH,0,BUILDING,14,Clerk#000000500,1993-03-22,-98.46,141,1
F,3-MEDIUM,4,BUILDING,20,Clerk#000000150,1992-03-30,8156.62,975,1
O,3-MEDIUM,4,BUILDING,4,Clerk#000000341,1997-06-20,3329.21,24,1
O,2-HIGH,4,FURNITURE,10,Clerk#000000196,1997-04-21,4573.94,295,1
O,2-HIGH,2,AUTOMOBILE,18,Clerk#000000145,1997-05-24,9468.34,479,1
O,4-NOT SPECIFIED,1,BUILDING,17,Clerk#000000718,1997-05-12,-858.61,889,1
O,2-HIGH,1,AUTOMOBILE,24,Clerk#000000746,1995-11-19,4976.24,213,1
F,5-LOW,4,BUILDING,13,Clerk#000000413,1994-06-10,1317.56,16,1
O,4-NOT SPECIFIED,2,FURNITURE,18,Clerk#000000650,1996-09-12,8341.71,617,1
O,3-MEDIUM,3,HOUSEHOLD,23,Clerk#000000250,1997-10-06,32.24,451,1
F,2-HIGH,0,BUILDING,14,Clerk#000000372,1994-11-04,2011.11,905,1
F,1-URGENT,1,BUILDING,17,Clerk#000000981,1994-02-02,-858.61,889,1
O,1-URGENT,4,AUTOMOBILE,20,Clerk#000000477,1996-03-05,-919.65,977,1
O,3-MEDIUM,2,HOUSEHOLD,8,Clerk#000000534,1995-12-17,2840.59,272,1
O,1-URGENT,1,HOUSEHOLD,3,Clerk#000000058,1997-12-30,8315.09,710,1
O,3-MEDIUM,3,MACHINERY,7,Clerk#000000531,1998-02-08,3714.06,624,1
F,5-LOW,4,HOUSEHOLD,10,Clerk#000000324,1994-03-26,3798.28,736,1
F,1-URGENT,4,HOUSEHOLD,4,Clerk#000000527,1994-07-05,7979.48,519,1
F,5-LOW,4,HOUSEHOLD,11,Clerk#000000799,1994-04-12,2975.43,28,1
O,4-NOT SPECIFIED,1,HOUSEHOLD,3,Clerk#000000279,1995-12-27,3332.02,86,1
O,5-LOW,0,BUILDING,5,Clerk#000000445,1996-02-05,-942.8,368,1
F,2-HIGH,2,FURNITURE,21,Clerk#000000440,1994-11-17,2619.52,859,1
O,3-MEDIUM,4,AUTOMOBILE,11,Clerk#000000980,1996-02-04,8136.53,309,1
O,2-HIGH,1,BUILDING,1,Clerk#000000375,1998-02-12,4189.04,144,1
F,2-HIGH,1,BUILDING,2,Clerk#000000380,1994-10-29,5973.1,707,1
O,2-HIGH,1,HOUSEHOLD,24,Clerk#000000788,1998-03-16,2369.01,618,1
O,2-HIGH,4,HOUSEHOLD,11,Clerk#000000467,1996-10-07,2975.43,28,1
F,3-MEDIUM,0,BUILDING,14,Clerk#000000726,1992-10-09,7915.06,266,1
F,5-LOW,4,FURNITURE,11,Clerk#000000924,1994-02-16,-425.09,964,1
O,5-LOW,4,FURNITURE,11,Clerk#000000963,1998-05-17,3969.86,952,1
F,1-URGENT,1,AUTOMOBILE,3,Clerk#000000613,1993-05-08,2457.09,774,1
O,4-NOT SPECIFIED,1,MACHINERY,24,Clerk#000000953,1997-08-05,2653.53,671,1
O,2-HIGH,3,BUILDING,22,Clerk#000000956,1997-01-22,-881.7,829,1
O,3-MEDIUM,3,BUILDING,23,Clerk#000000034,1996-01-28,4466.3,584,1
O,1-URGENT,0,FURNITURE,0,Clerk#000000607,1997-01-12,7618.27,588,1
O,2-HIGH,2,BUILDING,18,Clerk#000000062,1997-10-16,6003.09,880,1
O,4-NOT SPECIFIED,3,MACHINERY,19,Clerk#000000137,1998-06-02,70.93,21,1
F,2-HIGH,0,HOUSEHOLD,5,Clerk#000000331,1993-06-16,3335.29,677,1
O,1-URGENT,3,BUILDING,6,Clerk#000000383,1996-12-31,8667.09,30,1
F,4-NOT SPECIFIED,0,BUILDING,16,Clerk#000000883,1994-01-22,9131.64,407,1
O,5-LOW,0,BUILDING,5,Clerk#000000233,1997-04-30,3247.92,670,1
O,5-LOW,0,MACHINERY,14,Clerk#000000392,1998-04-19,6271.38,349,1
O,3-MEDIUM,0,HOUSEHOLD,15,Clerk#000000407,1995-12-17,8589.7,20,1
F,3-MEDIUM,2,FURNITURE,9,Clerk#000000212,1992-09-10,3244.78,360,1
F,1-URGENT,2,HOUSEHOLD,12,Clerk#000000599,1992-05-04,938.35,292,1
O,2-HIGH,4,HOUSEHOLD,11,Clerk#000000890,1995-06-22,2135.6,580,1
F,1-URGENT,1,AUTOMOBILE,3,Clerk#000000838,1994-01-27,9008.61,417,1
O,4-NOT SPECIFIED,1,BUILDING,1,Clerk#000000403,1997-12-30,2650.27,285,1
F,1-URGENT,3,AUTOMOBILE,7,Clerk#000000387,1993-08-28,5872.94,378,1
F,3-MEDIUM,1,AUTOMOBILE,2,Clerk#000000927,1992-07-08,9749.37,401,1
O,4-NOT SPECIFIED,0,FURNITURE,14,Clerk#000000103,1996-08-07,1724.68,138,1
F,3-MEDIUM,4,FURNITURE,20,Clerk#000000557,1994-05-14,8746.23,59,1
P,1-URGENT,0,AUTOMOBILE,0,Clerk#000000949,1995-05-12,138.31,202,1
O,5-LOW,0,BUILDING,16,Clerk#000000065,1996-12-09,7786.69,58,1
O,4-NOT SPECIFIED,4,FURNITURE,4,Clerk#000000071,1997-10-09,3687.37,371,1
F,3-MEDIUM,1,MACHINERY,3,Clerk#000000475,1994-09-03,6821.01,438,1
O,3-MEDIUM,4,FURNITURE,13,Clerk#000000249,1998-02-19,346.59,576,1
O,1-URGENT,0,BUILDING,15,Clerk#000000066,1998-01-10,9010.02,879,1
F,4-NOT SPECIFIED,0,HOUSEHOLD,15,Clerk#000000016,1994-01-18,2377.34,362,1
F,3-MEDIUM,2,MACHINERY,12,Clerk#000000358,1994-03-28,8174.82,475,1
O,4-NOT SPECIFIED,4,BUILDING,4,Clerk#000000927,1997-02-26,-258.77,734,1
F,2-HIGH,2,BUILDING,9,Clerk#000000310,1992-10-27,5794.69,56,1
O,2-HIGH,3,AUTOMOBILE,23,Clerk#000000446,1997-04-05,-808.13,652,1
O,1-URGENT,0,BUILDING,15,Clerk#000000157,1996-02-03,3471.53,998,1
F,5-LOW,1,BUILDING,17,Clerk#000000547,1994-08-24,6737.18,641,1
F,5-LOW,4,BUILDING,10,Clerk#000000967,1994-04-18,-275.73,304,1
O,3-MEDIUM,2,FURNITURE,12,Clerk#000000580,1997-06-14,6019.32,255,1
F,1-URGENT,4,BUILDING,4,Clerk#000000516,1995-01-11,2935.31,745,1
F,2-HIGH,0,BUILDING,0,Clerk#000000261,1992-03-04,662.67,570,1
F,5-LOW,4,AUTOMOBILE,10,Clerk#000000787,1992-07-27,1939.39,520,1
P,3-MEDIUM,2,BUILDING,21,Clerk#000000631,1995-05-10,1952.36,154,1
P,5-LOW,4,HOUSEHOLD,13,Clerk#000000001,1995-05-03,-112.46,276,1
O,3-MEDIUM,0,MACHINERY,15,Clerk#000000223,1996-04-25,5012.07,843,1
F,5-LOW,3,AUTOMOBILE,7,Clerk#000000753,1993-02-16,-339.85,922,1
F,5-LOW,3,BUILDING,6,Clerk#000000902,1993-01-10,4361.7,232,1
O,4-NOT SPECIFIED,3,BUILDING,7,Clerk#000000454,1996-07-29,4409.7,487,1
O,3-MEDIUM,0,AUTOMOBILE,16,Clerk#000000861,1998-02-21,-761.7,8,1
F,2-HIGH,3,BUILDING,7,Clerk#000000909,1994-01-15,4997.35,529,1
F,3-MEDIUM,4,AUTOMOBILE,4,Clerk#000000738,1994-02-08,3300.82,177,1
F,1-URGENT,4,HOUSEHOLD,20,Clerk#000000006,1993-03-18,8495.92,345,1
O,2-HIGH,2,AUTOMOBILE,9,Clerk#000000263,1995-04-09,-274.79,338,1
O,2-HIGH,3,FURNITURE,22,Clerk#000000736,1997-04-06,7576.55,691,1
O,1-URGENT,2,AUTOMOBILE,18,Clerk#000000775,1996-08-14,6840.29,991,1
P,2-HIGH,4,BUILDING,20,Clerk#000000790,1995-02-25,7476.2,68,1
F,5-LOW,2,BUILDING,12,Clerk#000000600,1992-01-27,7447.99,109,1
O,1-URGENT,2,BUILDING,18,Clerk#000000606,1998-03-16,-867.94,903,1
O,3-MEDIUM,1,BUILDING,24,Clerk#000000937,1996-06-02,753.62,706,1
F,4-NOT SPECIFIED,1,BUILDING,1,Clerk#000000778,1992-04-04,4189.04,144,1
F,1-URGENT,2,FURNITURE,12,Clerk#000000945,1992-09-17,6859.28,847,1
O,3-MEDIUM,2,AUTOMOBILE,9,Clerk#000000575,1998-02-17,8730.85,160,1
F,1-URGENT,3,MACHINERY,6,Clerk#000000321,1993-12-18,1286.76,453,1
O,1-URGENT,1,AUTOMOBILE,3,Clerk#000000852,1997-09-29,6444.82,280,1
F,4-NOT SPECIFIED,3,AUTOMOBILE,22,Clerk#000000680,1993-09-30,4962.12,87,1
F,5-LOW,1,MACHINERY,3,Clerk#000000538,1994-04-15,6821.01,438,1
F,2-HIGH,4,FURNITURE,4,Clerk#000000814,1992-05-07,3687.37,371,1
F,5-LOW,1,BUILDING,1,Clerk#000000884,1994-01-25,4189.04,144,1
O,4-NOT SPECIFIED,1,BUILDING,17,Clerk#000000217,1995-11-08,6737.18,641,1
O,3-MEDIUM,1,BUILDING,24,Clerk#000000089,1997-04-22,5859.97,383,1
O,1-URGENT,4,AUTOMOBILE,10,Clerk#000000160,1996-09-22,-922.69,179,1
F,2-HIGH,1,AUTOMOBILE,2,Clerk#000000722,1992-06-01,1330.85,137,1
O,3-MEDIUM,2,MACHINERY,12,Clerk#000000470,1996-12-09,8174.82,475,1
F,2-HIGH,3,HOUSEHOLD,19,Clerk#000000905,1992-08-25,4272.43,7,1
O,2-HIGH,2,BUILDING,21,Clerk#000000740,1998-06-21,2106.81,334,1
O,5-LOW,2,FURNITURE,9,Clerk#000000089,1998-07-23,8328.12,462,1
F,4-NOT SPECIFIED,3,HOUSEHOLD,19,Clerk#000000828,1992-10-06,4177.17,866,1
F,1-URGENT,0,FURNITURE,14,Clerk#000000660,1993-02-25,420.97,925,1
F,2-HIGH,1,AUTOMOBILE,2,Clerk#000000573,1993-02-20,4718.23,795,1
O,2-HIGH,0,MACHINERY,5,Clerk#000000555,1995-07-16,-44.66,684,1
O,3-MEDIUM,1,BUILDING,24,Clerk#000000507,1996-01-19,8117.27,89,1
O,2-HIGH,1,AUTOMOBILE,17,Clerk#000000763,1997-09-04,2164.48,361,1
F,4-NOT SPECIFIED,0,AUTOMOBILE,15,Clerk#000000525,1994-12-24,2669.01,484,1
F,5-LOW,4,MACHINERY,11,Clerk#000000061,1993-05-31,8634.92,616,1
F,3-MEDIUM,0,AUTOMOBILE,14,Clerk#000000176,1994-08-06,9443.39,167,1
F,2-HIGH,3,AUTOMOBILE,7,Clerk#000000551,1995-01-26,4450.03,342,1
O,5-LOW,4,BUILDING,20,Clerk#000000497,1997-03-29,3136.15,238,1
O,4-NOT SPECIFIED,0,HOUSEHOLD,15,Clerk#000000033,1997-05-17,1965.38,754,1
F,2-HIGH,2,FURNITURE,18,Clerk#000000567,1992-08-29,4483.83,393,1
F,4-NOT SPECIFIED,0,HOUSEHOLD,5,Clerk#000000771,1994-02-16,2753.54,315,1
F,2-HIGH,4,AUTOMOBILE,10,Clerk#000000005,1994-01-25,498.77,3,1
O,4-NOT SPECIFIED,1,BUILDING,1,Clerk#000000490,1998-02-11,-210.4,723,1
F,5-LOW,0,BUILDING,16,Clerk#000000055,1993-06-20,3109.96,630,1
F,3-MEDIUM,4,BUILDING,20,Clerk#000000030,1993-11-25,5579.81,178,1
O,2-HIGH,3,BUILDING,23,Clerk#000000087,1995-09-21,5840.97,203,1
O,4-NOT SPECIFIED,1,FURNITURE,17,Clerk#000000239,1997-02-26,5436.81,231,1
O,1-URGENT,4,BUILDING,4,Clerk#000000130,1995-11-13,-405.91,556,1
F,4-NOT SPECIFIED,1,MACHINERY,3,Clerk#000000430,1993-09-03,857.7,459,1
F,1-URGENT,4,BUILDING,4,Clerk#000000611,1993-11-22,7557,979,1
O,2-HIGH,0,AUTOMOBILE,15,Clerk#000000639,1997-06-04,2669.01,484,1
F,1-URGENT,4,FURNITURE,20,Clerk#000000689,1993-08-04,9889.89,52,1
O,3-MEDIUM,3,MACHINERY,23,Clerk#000000155,1996-10-14,5200.96,526,1
F,2-HIGH,3,BUILDING,23,Clerk#000000146,1992-11-17,2894.22,254,1
O,3-MEDIUM,0,FURNITURE,14,Clerk#000000603,1996-07-10,1724.68,138,1
O,4-NOT SPECIFIED,3,AUTOMOBILE,23,Clerk#000000816,1998-02-13,6959.09,270,1
F,3-MEDIUM,4,AUTOMOBILE,4,Clerk#000000919,1992-04-28,-614.28,560,1
F,4-NOT SPECIFIED,0,AUTOMOBILE,14,Clerk#000000078,1992-02-14,9443.39,167,1
O,5-LOW,1,MACHINERY,2,Clerk#000000303,1996-10-13,7470.96,884,1
F,5-LOW,4,HOUSEHOLD,11,Clerk#000000730,1992-08-29,8595.53,838,1
F,3-MEDIUM,0,BUILDING,5,Clerk#000000481,1994-10-26,2426.52,516,1
O,1-URGENT,1,AUTOMOBILE,2,Clerk#000000641,1995-08-22,5340.67,93,1
F,5-LOW,1,HOUSEHOLD,1,Clerk#000000180,1994-11-21,-875.17,563,1
O,4-NOT SPECIFIED,3,AUTOMOBILE,23,Clerk#000000871,1997-10-15,378.33,675,1
O,4-NOT SPECIFIED,0,BUILDING,16,Clerk#000000958,1997-02-19,9967.6,782,1
F,2-HIGH,3,FURNITURE,6,Clerk#000000949,1994-03-13,-526.14,757,1
F,4-NOT SPECIFIED,1,BUILDING,17,Clerk#000000184,1993-01-07,6737.18,641,1
O,2-HIGH,1,FURNITURE,17,Clerk#000000019,1995-12-11,367.03,440,1
F,4-NOT SPECIFIED,0,AUTOMOBILE,15,Clerk#000000118,1994-04-16,2514.15,809,1
O,1-URGENT,3,BUILDING,22,Clerk#000000011,1997-08-03,367.82,582,1
F,3-MEDIUM,4,MACHINERY,20,Clerk#000000244,1992-06-20,7555.16,780,1
O,4-NOT SPECIFIED,1,FURNITURE,1,Clerk#000000035,1996-08-22,5266.3,830,1
O,3-MEDIUM,2,MACHINERY,8,Clerk#000000675,1997-02-13,1526.59,787,1
F,5-LOW,3,MACHINERY,19,Clerk#000000418,1992-09-23,2603,111,1
F,4-NOT SPECIFIED,0,BUILDING,14,Clerk#000000217,1994-06-26,6446.83,356,1
F,2-HIGH,1,HOUSEHOLD,2,Clerk#000000500,1994-06-09,9776.39,225,1
F,1-URGENT,2,BUILDING,12,Clerk#000000532,1992-03-26,7447.99,109,1
O,4-NOT SPECIFIED,2,AUTOMOBILE,18,Clerk#000000312,1995-12-01,9468.34,479,1
O,4-NOT SPECIFIED,2,BUILDING,21,Clerk#000000141,1995-11-04,5275.88,193,1
F,1-URGENT,3,HOUSEHOLD,19,Clerk#000000627,1993-06-25,4177.17,866,1
O,3-MEDIUM,2,BUILDING,21,Clerk#000000623,1998-03-24,5275.88,193,1
F,4-NOT SPECIFIED,2,HOUSEHOLD,18,Clerk#000000623,1992-10-25,4723.37,852,1
O,4-NOT SPECIFIED,0,HOUSEHOLD,14,Clerk#000000608,1998-06-15,4293.76,297,1
F,3-MEDIUM,4,HOUSEHOLD,20,Clerk#000000231,1993-03-21,9777.19,772,1
F,5-LOW,3,BUILDING,23,Clerk#000000103,1992-04-01,9465.15,761,1
F,2-HIGH,1,MACHINERY,1,Clerk#000000396,1992-01-20,9114.68,240,1
O,3-MEDIUM,0,BUILDING,0,Clerk#000000376,1997-12-01,8921.97,237,1
O,1-URGENT,3,HOUSEHOLD,7,Clerk#000000381,1995-04-23,-501.37,116,1
O,3-MEDIUM,4,AUTOMOBILE,11,Clerk#000000488,1996-06-24,1657.46,71,1
O,3-MEDIUM,4,FURNITURE,4,Clerk#000000955,1997-01-07,2688.88,427,1
O,5-LOW,0,BUILDING,15,Clerk#000000210,1997-04-22,9768.73,811,1
O,4-NOT SPECIFIED,1,BUILDING,24,Clerk#000000012,1997-08-09,5859.97,383,1
O,5-LOW,2,BUILDING,21,Clerk#000000726,1998-03-29,5275.88,193,1
F,2-HIGH,4,BUILDING,10,Clerk#000000300,1994-05-12,5165.39,515,1
O,2-HIGH,2,AUTOMOBILE,9,Clerk#000000672,1997-04-26,2209.81,38,1
F,4-NOT SPECIFIED,4,FURNITURE,13,Clerk#000000578,1994-03-28,3635.35,434,1
F,4-NOT SPECIFIED,3,FURNITURE,23,Clerk#000000821,1994-02-10,1437.55,384,1
O,5-LOW,3,BUILDING,23,Clerk#000000259,1996-04-29,2894.22,254,1
O,2-HIGH,2,AUTOMOBILE,9,Clerk#000000572,1995-08-04,780.05,456,1
F,1-URGENT,2,BUILDING,21,Clerk#000000996,1992-08-27,3812.84,394,1
F,1-URGENT,1,FURNITURE,2,Clerk#000000706,1994-11-08,311,855,1
O,2-HIGH,4,HOUSEHOLD,11,Clerk#000000496,1997-01-16,5630.28,878,1
F,4-NOT SPECIFIED,4,AUTOMOBILE,10,Clerk#000000635,1994-07-22,-932.96,572,1
O,5-LOW,3,AUTOMOBILE,19,Clerk#000000347,1997-04-25,-326.32,945,1
O,3-MEDIUM,4,MACHINERY,4,Clerk#000000559,1996-09-29,3942.58,871,1
O,2-HIGH,2,AUTOMOBILE,9,Clerk#000000274,1995-08-01,8730.85,160,1
F,2-HIGH,2,AUTOMOBILE,12,Clerk#000000300,1992-04-28,1194.33,239,1
O,5-LOW,1,AUTOMOBILE,17,Clerk#000000710,1997-12-21,6149.01,747,1
O,3-MEDIUM,2,BUILDING,9,Clerk#000000346,1996-11-09,2757.45,806,1
O,3-MEDIUM,4,FURNITURE,20,Clerk#000000031,1998-07-21,6397.58,404,1
O,2-HIGH,1,BUILDING,24,Clerk#000000280,1997-05-07,5859.97,383,1
O,5-LOW,0,BUILDING,16,Clerk#000000654,1996-12-05,3987.39,403,1
O,5-LOW,4,AUTOMOBILE,11,Clerk#000000761,1996-12-11,1657.46,71,1
F,5-LOW,2,BUILDING,9,Clerk#000000222,1992-04-11,2757.45,806,1
F,1-URGENT,1,HOUSEHOLD,3,Clerk#000000489,1992-01-17,6603.43,220,1
O,2-HIGH,4,AUTOMOBILE,11,Clerk#000000382,1998-01-10,7252.65,478,1
O,4-NOT SPECIFIED,2,BUILDING,21,Clerk#000000168,1996-12-26,2106.81,334,1
O,2-HIGH,2,FURNITURE,18,Clerk#000000029,1996-06-23,4883.17,432,1
F,4-NOT SPECIFIED,0,FURNITURE,14,Clerk#000000099,1992-02-11,8998.82,687,1
F,5-LOW,4,MACHINERY,11,Clerk#000000908,1993-02-06,1959.17,660,1
O,1-URGENT,1,BUILDING,1,Clerk#000000719,1998-04-25,9768.21,351,1
O,1-URGENT,1,AUTOMOBILE,1,Clerk#000000788,1997-03-02,4586.33,965,1
O,3-MEDIUM,0,HOUSEHOLD,14,Clerk#000000178,1996-07-10,4293.76,297,1
F,1-URGENT,2,AUTOMOBILE,18,Clerk#000000901,1992-05-04,9561.95,886,1
F,3-MEDIUM,1,FURNITURE,1,Clerk#000000326,1992-10-07,-982.32,2,1
F,5-LOW,1,AUTOMOBILE,3,Clerk#000000903,1992-08-03,-556.05,506,1
F,5-LOW,3,BUILDING,22,Clerk#000000464,1993-07-23,6035.44,777,1
O,1-URGENT,1,FURNITURE,3,Clerk#000000464,1997-11-06,-949.28,716,1
O,2-HIGH,4,BUILDING,11,Clerk#000000437,1996-04-07,9442.55,46,1
F,5-LOW,2,HOUSEHOLD,8,Clerk#000000686,1995-01-05,5390.34,301,1
F,5-LOW,0,FURNITURE,5,Clerk#000000148,1994-08-25,1211.39,669,1
F,2-HIGH,0,FURNITURE,14,Clerk#000000990,1995-01-02,9281.72,409,1
F,2-HIGH,0,AUTOMOBILE,16,Clerk#000000430,1992-10-20,1490.21,74,1
F,2-HIGH,1,MACHINERY,3,Clerk#000000954,1993-06-15,857.7,459,1
F,1-URGENT,3,FURNITURE,7,Clerk#000000923,1992-09-19,-842.39,524,1
O,3-MEDIUM,2,HOUSEHOLD,8,Clerk#000000658,1998-06-17,1534.38,82,1
F,5-LOW,2,HOUSEHOLD,18,Clerk#000000468,1993-09-26,6183.15,19,1
O,3-MEDIUM,1,AUTOMOBILE,3,Clerk#000000982,1997-11-21,6444.82,280,1
F,5-LOW,3,FURNITURE,19,Clerk#000000113,1992-02-14,4695.12,501,1
O,3-MEDIUM,0,HOUSEHOLD,15,Clerk#000000689,1995-12-09,1965.38,754,1
F,2-HIGH,2,HOUSEHOLD,12,Clerk#000000169,1992-10-30,5841.33,136,1
O,2-HIGH,2,MACHINERY,8,Clerk#000000626,1995-12-03,1512.46,923,1
O,4-NOT SPECIFIED,4,BUILDING,11,Clerk#000000394,1998-02-27,-181.63,412,1
O,1-URGENT,2,FURNITURE,9,Clerk#000000219,1996-05-22,8328.12,462,1
F,3-MEDIUM,4,HOUSEHOLD,20,Clerk#000000375,1993-08-14,6013.09,845,1
O,2-HIGH,3,MACHINERY,23,Clerk#000000393,1996-08-11,130.59,642,1
O,2-HIGH,3,AUTOMOBILE,23,Clerk#000000707,1996-03-03,378.33,675,1
P,5-LOW,4,HOUSEHOLD,13,Clerk#000000456,1995-06-07,3694.81,43,1
F,1-URGENT,0,BUILDING,0,Clerk#000000840,1992-06-20,702.73,477,1
O,3-MEDIUM,2,BUILDING,9,Clerk#000000739,1995-12-16,2757.45,806,1
O,4-NOT SPECIFIED,0,MACHINERY,0,Clerk#000000048,1998-03-18,949.68,80,1
F,3-MEDIUM,0,FURNITURE,0,Clerk#000000055,1992-07-22,8635.49,986,1
F,5-LOW,4,FURNITURE,20,Clerk#000000652,1994-08-29,5867.61,853,1
F,4-NOT SPECIFIED,3,HOUSEHOLD,19,Clerk#000000972,1992-12-17,3061.58,335,1
O,3-MEDIUM,2,AUTOMOBILE,12,Clerk#000000329,1995-10-12,1194.33,239,1
F,3-MEDIUM,2,BUILDING,9,Clerk#000000798,1992-07-02,2757.45,806,1
F,1-URGENT,0,BUILDING,5,Clerk#000000887,1993-10-05,6709.9,835,1
O,4-NOT SPECIFIED,4,FURNITURE,13,Clerk#000000657,1996-08-23,291.44,946,1
F,3-MEDIUM,1,AUTOMOBILE,3,Clerk#000000216,1993-06-13,9334.82,326,1
F,5-LOW,2,AUTOMOBILE,12,Clerk#000000542,1993-10-07,1194.33,239,1
O,2-HIGH,3,AUTOMOBILE,7,Clerk#000000404,1995-12-19,2237.64,728,1
O,2-HIGH,4,FURNITURE,11,Clerk#000000993,1998-06-08,3061.78,803,1
F,1-URGENT,1,BUILDING,3,Clerk#000000019,1992-02-07,1335.3,450,1
O,2-HIGH,2,AUTOMOBILE,9,Clerk#000000836,1995-08-19,6569.34,571,1
F,1-URGENT,4,FURNITURE,11,Clerk#000000215,1992-04-04,3969.86,952,1
F,2-HIGH,4,BUILDING,11,Clerk#000000086,1992-03-02,7307.55,929,1
O,4-NOT SPECIFIED,0,MACHINERY,5,Clerk#000000304,1996-03-22,2020.15,896,1
F,1-URGENT,3,MACHINERY,19,Clerk#000000708,1993-03-14,1422.57,833,1
O,5-LOW,1,MACHINERY,2,Clerk#000000072,1996-09-01,-849.44,186,1
F,4-NOT SPECIFIED,1,BUILDING,2,Clerk#000000058,1993-09-01,2912.8,608,1
O,5-LOW,1,FURNITURE,17,Clerk#000000068,1998-02-24,1268.69,928,1
F,5-LOW,4,FURNITURE,13,Clerk#000000540,1992-11-25,346.59,576,1
F,4-NOT SPECIFIED,4,MACHINERY,4,Clerk#000000040,1994-02-09,-43.08,627,1
O,1-URGENT,3,HOUSEHOLD,23,Clerk#000000159,1995-11-03,32.24,451,1
F,4-NOT SPECIFIED,1,HOUSEHOLD,24,Clerk#000000364,1992-10-08,2369.01,618,1
P,5-LOW,1,AUTOMOBILE,3,Clerk#000000032,1995-05-26,9008.61,417,1
F,4-NOT SPECIFIED,1,AUTOMOBILE,2,Clerk#000000187,1992-07-17,4718.23,795,1
O,5-LOW,0,HOUSEHOLD,14,Clerk#000000548,1997-08-14,6693.36,91,1
O,3-MEDIUM,4,FURNITURE,11,Clerk#000000667,1997-04-25,3061.78,803,1
O,3-MEDIUM,2,MACHINERY,8,Clerk#000000020,1996-11-22,4086.56,228,1
F,2-HIGH,3,HOUSEHOLD,7,Clerk#000000816,1992-04-28,8555.12,422,1
O,2-HIGH,4,AUTOMOBILE,11,Clerk#000000394,1996-06-09,5134.35,668,1
F,2-HIGH,0,FURNITURE,16,Clerk#000000552,1994-05-08,2869.97,505,1
O,3-MEDIUM,3,HOUSEHOLD,23,Clerk#000000606,1998-06-18,5236.89,786,1
O,3-MEDIUM,2,FURNITURE,8,Clerk#000000980,1995-05-16,1007.18,568,1
F,5-LOW,0,HOUSEHOLD,15,Clerk#000000024,1994-07-27,4113.64,655,1
P,5-LOW,0,MACHINERY,0,Clerk#000000666,1995-04-08,2531.25,496,1
F,3-MEDIUM,2,AUTOMOBILE,18,Clerk#000000522,1994-10-02,9561.95,886,1
F,4-NOT SPECIFIED,4,BUILDING,11,Clerk#000000177,1992-09-03,-651.91,696,1
F,4-NOT SPECIFIED,0,FURNITURE,15,Clerk#000000350,1993-02-07,6988.55,482,1
O,2-HIGH,4,FURNITURE,10,Clerk#000000906,1996-08-31,3959.71,350,1
F,4-NOT SPECIFIED,1,BUILDING,24,Clerk#000000633,1992-09-20,9712.75,498,1
O,3-MEDIUM,3,BUILDING,23,Clerk#000000236,1997-09-01,4466.3,584,1
F,2-HIGH,1,MACHINERY,3,Clerk#000000754,1992-10-09,2233.1,443,1
F,4-NOT SPECIFIED,2,HOUSEHOLD,12,Clerk#000000023,1994-08-29,6345.11,321,1
F,1-URGENT,3,HOUSEHOLD,7,Clerk#000000703,1993-08-18,8555.12,422,1
O,4-NOT SPECIFIED,4,FURNITURE,4,Clerk#000000100,1995-10-18,2688.88,427,1
O,3-MEDIUM,4,MACHINERY,4,Clerk#000000555,1996-07-09,8167.5,758,1
F,2-HIGH,1,BUILDING,17,Clerk#000000130,1992-07-30,7647.09,341,1
F,2-HIGH,0,HOUSEHOLD,15,Clerk#000000344,1992-08-05,-774.47,972,1
O,4-NOT SPECIFIED,0,HOUSEHOLD,0,Clerk#000000800,1996-01-15,9497.89,737,1
F,3-MEDIUM,4,FURNITURE,4,Clerk#000000905,1994-01-11,3266.14,466,1
F,4-NOT SPECIFIED,4,AUTOMOBILE,11,Clerk#000000511,1993-09-24,1657.46,71,1
F,1-URGENT,0,BUILDING,14,Clerk#000000716,1995-02-11,7915.06,266,1
O,1-URGENT,2,BUILDING,21,Clerk#000000331,1997-05-10,5509.11,15,1
O,2-HIGH,3,FURNITURE,19,Clerk#000000018,1998-06-30,5896.87,163,1
F,4-NOT SPECIFIED,0,FURNITURE,15,Clerk#000000726,1994-04-11,8781.53,39,1
O,2-HIGH,2,AUTOMOBILE,8,Clerk#000000006,1997-04-03,2066.79,713,1
F,1-URGENT,3,BUILDING,23,Clerk#000000233,1992-06-28,2873.49,948,1
F,1-URGENT,2,BUILDING,21,Clerk#000000853,1995-02-23,5465.29,539,1
O,1-URGENT,3,MACHINERY,6,Clerk#000000662,1996-09-09,2892.21,260,1
O,5-LOW,1,MACHINERY,3,Clerk#000000540,1997-08-29,857.7,459,1
F,4-NOT SPECIFIED,3,AUTOMOBILE,19,Clerk#000000091,1994-01-12,253.59,308,1
O,2-HIGH,4,AUTOMOBILE,4,Clerk#000000082,1996-11-16,7760.52,937,1
O,4-NOT SPECIFIED,0,BUILDING,5,Clerk#000000968,1997-02-18,9562.82,791,1
F,1-URGENT,0,MACHINERY,5,Clerk#000000123,1995-03-03,1230.79,517,1
O,3-MEDIUM,4,AUTOMOBILE,4,Clerk#000000050,1998-04-14,7760.52,937,1
F,5-LOW,4,BUILDING,20,Clerk#000000200,1993-12-20,7476.2,68,1
F,4-NOT SPECIFIED,0,AUTOMOBILE,16,Clerk#000000564,1994-01-03,8031.44,547,1
O,4-NOT SPECIFIED,0,MACHINERY,0,Clerk#000000412,1996-08-06,7297.64,411,1
O,1-URGENT,2,AUTOMOBILE,8,Clerk#000000421,1997-11-17,4643.14,249,1
P,3-MEDIUM,2,MACHINERY,21,Clerk#000000958,1995-05-10,-117.31,566,1
O,5-LOW,3,BUILDING,23,Clerk#000000987,1998-06-14,-370.44,926,1
O,1-URGENT,2,BUILDING,12,Clerk#000000007,1996-05-25,-551.37,248,1
F,1-URGENT,2,AUTOMOBILE,12,Clerk#000000301,1993-04-30,3204.67,656,1
F,2-HIGH,0,FURNITURE,0,Clerk#000000325,1995-05-15,1295.54,458,1
O,5-LOW,0,FURNITURE,0,Clerk#000000164,1996-01-17,8635.49,986,1
O,3-MEDIUM,0,AUTOMOBILE,15,Clerk#000000715,1995-12-31,7420.6,614,1
O,5-LOW,0,MACHINERY,15,Clerk#000000970,1996-03-18,2743.63,704,1
F,4-NOT SPECIFIED,4,FURNITURE,4,Clerk#000000600,1993-06-23,7654.31,243,1
F,1-URGENT,2,BUILDING,8,Clerk#000000944,1993-03-08,1766.23,188,1
F,4-NOT SPECIFIED,3,AUTOMOBILE,6,Clerk#000000591,1994-08-21,7077.79,714,1
F,5-LOW,2,FURNITURE,18,Clerk#000000726,1993-11-07,4883.17,432,1
O,5-LOW,0,AUTOMOBILE,0,Clerk#000000547,1996-08-28,2222.71,410,1
F,4-NOT SPECIFIED,2,AUTOMOBILE,8,Clerk#000000128,1993-04-09,4643.14,249,1
O,5-LOW,1,BUILDING,1,Clerk#000000630,1995-05-23,3652.29,235,1
F,4-NOT SPECIFIED,1,BUILDING,3,Clerk#000000212,1992-09-21,-600.73,907,1
F,1-URGENT,0,AUTOMOBILE,0,Clerk#000000933,1993-06-15,3393.86,969,1
O,1-URGENT,3,MACHINERY,19,Clerk#000000658,1996-03-12,70.93,21,1
F,3-MEDIUM,4,BUILDING,11,Clerk#000000920,1994-06-30,2860.71,431,1
F,5-LOW,4,FURNITURE,11,Clerk#000000292,1993-03-31,3969.86,952,1
F,4-NOT SPECIFIED,4,BUILDING,13,Clerk#000000454,1993-02-28,4198.72,22,1
F,5-LOW,4,HOUSEHOLD,13,Clerk#000000036,1994-01-08,9748.93,176,1
F,4-NOT SPECIFIED,4,HOUSEHOLD,20,Clerk#000000896,1992-10-19,7826.1,494,1
F,5-LOW,4,HOUSEHOLD,10,Clerk#000000958,1995-05-04,6392,495,1
O,2-HIGH,1,AUTOMOBILE,17,Clerk#000000784,1996-08-21,9359.01,643,1
O,3-MEDIUM,4,HOUSEHOLD,11,Clerk#000000223,1997-03-26,5630.28,878,1
O,4-NOT SPECIFIED,4,FURNITURE,4,Clerk#000000410,1996-03-03,774.23,288,1
F,2-HIGH,4,MACHINERY,20,Clerk#000000430,1992-06-21,1164.46,779,1
O,5-LOW,3,FURNITURE,22,Clerk#000000059,1998-02-05,7207.7,262,1
O,3-MEDIUM,1,BUILDING,1,Clerk#000000197,1996-04-09,4189.04,144,1
F,5-LOW,0,AUTOMOBILE,15,Clerk#000000001,1992-01-20,9139.52,187,1
O,1-URGENT,2,HOUSEHOLD,12,Clerk#000000470,1998-06-14,6345.11,321,1
F,1-URGENT,3,FURNITURE,23,Clerk#000000383,1995-02-03,1437.55,384,1
F,1-URGENT,3,AUTOMOBILE,19,Clerk#000000505,1994-08-01,6496.08,357,1
O,5-LOW,2,FURNITURE,8,Clerk#000000525,1997-06-05,-77.63,857,1
F,3-MEDIUM,4,HOUSEHOLD,11,Clerk#000000776,1993-07-02,2975.43,28,1
F,1-URGENT,2,HOUSEHOLD,12,Clerk#000000390,1994-02-12,5841.33,136,1
O,2-HIGH,2,MACHINERY,12,Clerk#000000434,1995-10-26,6963.68,629,1
F,5-LOW,0,BUILDING,15,Clerk#000000235,1993-02-13,8878.22,815,1
F,2-HIGH,2,HOUSEHOLD,18,Clerk#000000560,1993-01-11,8914.71,81,1
O,4-NOT SPECIFIED,3,MACHINERY,19,Clerk#000000859,1998-07-28,70.93,21,1
O,5-LOW,4,FURNITURE,10,Clerk#000000670,1996-12-11,6530.86,589,1
F,2-HIGH,2,MACHINERY,18,Clerk#000000647,1994-03-24,6403.62,1,1
O,4-NOT SPECIFIED,3,AUTOMOBILE,22,Clerk#000000113,1997-09-21,4962.12,87,1
O,5-LOW,0,BUILDING,15,Clerk#000000815,1998-03-29,711.56,865,1
F,2-HIGH,3,BUILDING,7,Clerk#000000754,1993-01-25,448.49,11,1
O,1-URGENT,2,FURNITURE,8,Clerk#000000607,1996-07-27,9365.93,353,1
F,4-NOT SPECIFIED,1,AUTOMOBILE,2,Clerk#000000552,1992-11-04,6.34,190,1
F,5-LOW,4,BUILDING,4,Clerk#000000285,1993-08-14,260.71,646,1
P,5-LOW,0,BUILDING,14,Clerk#000000902,1995-03-29,6446.83,356,1
F,4-NOT SPECIFIED,1,MACHINERY,3,Clerk#000000253,1995-01-27,6821.01,438,1
F,2-HIGH,0,BUILDING,0,Clerk#000000319,1993-04-15,2072.99,147,1
O,4-NOT SPECIFIED,1,FURNITURE,1,Clerk#000000302,1996-02-28,1162.03,449,1
O,1-URGENT,0,MACHINERY,16,Clerk#000000455,1996-06-28,2061.45,798,1
O,2-HIGH,2,MACHINERY,12,Clerk#000000015,1997-09-24,3720.15,330,1
O,4-NOT SPECIFIED,1,HOUSEHOLD,24,Clerk#000000433,1997-05-17,-273.96,762,1
F,3-MEDIUM,1,FURNITURE,1,Clerk#000000483,1994-12-13,7543.01,626,1
O,4-NOT SPECIFIED,1,FURNITURE,24,Clerk#000000366,1996-07-17,2336.99,44,1
F,2-HIGH,4,BUILDING,11,Clerk#000000494,1994-05-04,-651.91,696,1
O,4-NOT SPECIFIED,4,FURNITURE,13,Clerk#000000480,1995-10-29,7073.17,437,1
F,4-NOT SPECIFIED,2,AUTOMOBILE,12,Clerk#000000165,1992-02-06,1194.33,239,1
O,4-NOT SPECIFIED,4,FURNITURE,13,Clerk#000000476,1997-03-11,4571.31,823,1
F,4-NOT SPECIFIED,1,MACHINERY,3,Clerk#000000462,1993-06-11,1809.04,33,1
F,2-HIGH,1,AUTOMOBILE,3,Clerk#000000496,1992-04-30,9008.61,417,1
F,5-LOW,1,HOUSEHOLD,1,Clerk#000000790,1994-07-25,4716.68,198,1
O,1-URGENT,4,AUTOMOBILE,13,Clerk#000000582,1995-09-02,6123.69,653,1
O,2-HIGH,0,FURNITURE,0,Clerk#000000791,1998-03-01,7383.53,414,1
F,2-HIGH,2,BUILDING,9,Clerk#000000727,1994-05-11,2757.45,806,1
F,1-URGENT,4,FURNITURE,4,Clerk#000000533,1994-05-21,774.23,288,1
F,2-HIGH,2,HOUSEHOLD,9,Clerk#000000736,1993-04-24,6257.88,299,1
F,2-HIGH,4,HOUSEHOLD,20,Clerk#000000900,1992-02-08,8353,546,1
O,3-MEDIUM,1,HOUSEHOLD,3,Clerk#000000423,1997-07-24,5521.36,331,1
O,1-URGENT,3,AUTOMOBILE,23,Clerk#000000238,1997-10-19,668.51,474,1
F,1-URGENT,2,FURNITURE,21,Clerk#000000700,1994-06-02,7157.21,226,1
F,3-MEDIUM,4,BUILDING,13,Clerk#000000976,1992-01-04,4990.92,49,1
O,3-MEDIUM,3,BUILDING,23,Clerk#000000520,1998-07-07,5840.97,203,1
O,2-HIGH,4,HOUSEHOLD,20,Clerk#000000165,1996-11-05,8450.37,770,1
F,1-URGENT,4,FURNITURE,4,Clerk#000000431,1992-08-22,9621.49,42,1
O,1-URGENT,0,BUILDING,0,Clerk#000000061,1997-09-13,4288.5,739,1
F,3-MEDIUM,2,FURNITURE,9,Clerk#000000400,1993-02-13,884.2,490,1
O,4-NOT SPECIFIED,1,MACHINERY,2,Clerk#000000387,1995-09-10,4376.8,909,1
F,2-HIGH,0,MACHINERY,16,Clerk#000000671,1994-03-16,1520.34,390,1
F,2-HIGH,4,BUILDING,20,Clerk#000000219,1994-08-16,-574.39,12,1
O,2-HIGH,0,HOUSEHOLD,0,Clerk#000000205,1995-11-09,9497.89,737,1
O,4-NOT SPECIFIED,2,AUTOMOBILE,18,Clerk#000000770,1995-11-03,8303.09,430,1
O,2-HIGH,1,FURNITURE,24,Clerk#000000218,1995-09-04,5672.05,849,1
O,4-NOT SPECIFIED,2,HOUSEHOLD,9,Clerk#000000979,1997-12-02,4966.58,174,1
F,1-URGENT,3,AUTOMOBILE,23,Clerk#000000485,1992-10-18,8795.16,558,1
F,1-URGENT,3,HOUSEHOLD,7,Clerk#000000800,1994-05-13,-501.37,116,1
F,1-URGENT,3,AUTOMOBILE,19,Clerk#000000838,1994-08-10,5810.56,98,1
F,2-HIGH,3,HOUSEHOLD,19,Clerk#000000389,1993-08-25,3061.58,335,1
O,2-HIGH,2,AUTOMOBILE,8,Clerk#000000054,1997-06-03,3905.97,530,1
F,4-NOT SPECIFIED,1,MACHINERY,2,Clerk#000000239,1992-02-14,4768.8,170,1
O,3-MEDIUM,0,FURNITURE,15,Clerk#000000331,1996-04-07,3160.23,892,1
O,1-URGENT,4,BUILDING,13,Clerk#000000397,1997-05-17,4198.72,22,1
O,1-URGENT,0,BUILDING,14,Clerk#000000488,1998-04-28,3170.47,165,1
P,2-HIGH,0,MACHINERY,5,Clerk#000000071,1995-05-15,-44.66,684,1
O,5-LOW,1,BUILDING,3,Clerk#000000809,1997-09-17,2326.75,344,1
F,5-LOW,4,BUILDING,13,Clerk#000000467,1992-10-09,-341.79,729,1
O,1-URGENT,3,AUTOMOBILE,6,Clerk#000000948,1998-06-22,3998.42,742,1
F,2-HIGH,0,MACHINERY,16,Clerk#000000062,1995-02-12,6582.04,204,1
F,5-LOW,3,MACHINERY,6,Clerk#000000323,1993-09-30,1286.76,453,1
F,3-MEDIUM,1,AUTOMOBILE,2,Clerk#000000835,1993-02-08,3139.71,63,1
F,1-URGENT,1,FURNITURE,24,Clerk#000000949,1993-10-08,2336.99,44,1
F,2-HIGH,0,BUILDING,5,Clerk#000000865,1994-03-25,7889.64,960,1
O,4-NOT SPECIFIED,2,HOUSEHOLD,12,Clerk#000000122,1997-03-16,6761.52,841,1
O,2-HIGH,0,BUILDING,15,Clerk#000000692,1996-08-09,8465.15,705,1
F,3-MEDIUM,2,MACHINERY,21,Clerk#000000968,1993-02-10,5878.21,215,1
F,5-LOW,0,AUTOMOBILE,0,Clerk#000000128,1994-07-02,138.31,202,1
F,1-URGENT,4,BUILDING,13,Clerk#000000085,1992-03-07,1317.56,16,1
O,4-NOT SPECIFIED,2,BUILDING,21,Clerk#000000616,1997-08-21,5509.11,15,1
O,3-MEDIUM,3,BUILDING,6,Clerk#000000968,1997-02-19,8667.09,30,1
F,4-NOT SPECIFIED,4,BUILDING,10,Clerk#000000395,1992-03-29,2222.65,469,1
F,3-MEDIUM,1,AUTOMOBILE,3,Clerk#000000196,1994-03-09,2155.06,749,1
F,1-URGENT,3,AUTOMOBILE,23,Clerk#000000378,1993-02-20,7775.65,620,1
O,4-NOT SPECIFIED,4,FURNITURE,10,Clerk#000000761,1997-01-26,6295.47,131,1
F,3-MEDIUM,0,FURNITURE,14,Clerk#000000367,1993-03-19,8998.82,687,1
F,1-URGENT,2,AUTOMOBILE,18,Clerk#000000580,1993-12-24,1842.49,930,1
F,2-HIGH,2,MACHINERY,12,Clerk#000000052,1992-09-07,3720.15,330,1
O,4-NOT SPECIFIED,0,BUILDING,5,Clerk#000000056,1996-03-29,2485.71,313,1
F,2-HIGH,0,HOUSEHOLD,5,Clerk#000000108,1994-09-06,2753.54,315,1
O,5-LOW,3,BUILDING,23,Clerk#000000308,1997-07-13,5710.41,665,1
F,3-MEDIUM,4,HOUSEHOLD,20,Clerk#000000867,1993-05-15,1634.7,533,1
F,5-LOW,0,MACHINERY,16,Clerk#000000242,1993-07-01,9566.15,294,1
F,3-MEDIUM,3,AUTOMOBILE,7,Clerk#000000929,1992-05-14,2237.64,728,1
O,2-HIGH,4,MACHINERY,20,Clerk#000000771,1997-04-17,1164.46,779,1
O,3-MEDIUM,4,AUTOMOBILE,10,Clerk#000000134,1996-11-20,212.16,286,1
O,2-HIGH,2,MACHINERY,12,Clerk#000000104,1998-02-09,8647.42,146,1
O,2-HIGH,4,MACHINERY,13,Clerk#000000012,1998-04-10,-897.04,531,1
F,5-LOW,2,AUTOMOBILE,12,Clerk#000000777,1995-01-08,5392.3,57,1
O,2-HIGH,4,BUILDING,11,Clerk#000000080,1997-10-18,9442.55,46,1
F,3-MEDIUM,4,FURNITURE,10,Clerk#000000492,1993-04-02,4524.45,901,1
F,2-HIGH,1,MACHINERY,3,Clerk#000000637,1992-10-17,2233.1,443,1
F,4-NOT SPECIFIED,1,HOUSEHOLD,2,Clerk#000000100,1992-12-09,8993.23,897,1
F,5-LOW,4,FURNITURE,13,Clerk#000000457,1994-07-01,3635.35,434,1
F,3-MEDIUM,2,FURNITURE,9,Clerk#000000451,1994-01-05,1144.23,877,1
F,5-LOW,3,FURNITURE,7,Clerk#000000953,1992-12-25,709.46,507,1
O,2-HIGH,1,HOUSEHOLD,3,Clerk#000000671,1996-02-23,6603.43,220,1
F,2-HIGH,1,FURNITURE,2,Clerk#000000495,1993-05-03,1416.75,444,1
O,1-URGENT,2,HOUSEHOLD,21,Clerk#000000993,1996-08-02,3195.96,85,1
F,2-HIGH,1,HOUSEHOLD,2,Clerk#000000414,1993-02-24,8395.57,425,1
F,3-MEDIUM,0,AUTOMOBILE,0,Clerk#000000156,1992-03-02,738.79,775,1
F,3-MEDIUM,3,AUTOMOBILE,6,Clerk#000000959,1992-09-29,3288.76,678,1
F,5-LOW,1,HOUSEHOLD,2,Clerk#000000023,1993-08-01,1228.06,763,1
F,4-NOT SPECIFIED,0,HOUSEHOLD,16,Clerk#000000144,1994-04-08,5824.88,701,1
F,4-NOT SPECIFIED,4,HOUSEHOLD,11,Clerk#000000430,1995-01-20,1378.67,839,1
P,4-NOT SPECIFIED,3,HOUSEHOLD,7,Clerk#000000313,1995-05-10,9305.05,69,1
F,5-LOW,3,AUTOMOBILE,19,Clerk#000000476,1994-08-06,-326.32,945,1
F,5-LOW,0,HOUSEHOLD,5,Clerk#000000305,1995-02-18,5950.86,867,1
F,2-HIGH,1,HOUSEHOLD,24,Clerk#000000598,1993-12-12,2369.01,618,1
F,4-NOT SPECIFIED,4,HOUSEHOLD,20,Clerk#000000419,1994-10-11,2942.19,23,1
O,3-MEDIUM,1,HOUSEHOLD,1,Clerk#000000177,1997-06-09,3679.65,870,1
O,2-HIGH,4,BUILDING,11,Clerk#000000425,1997-01-13,2954.9,153,1
O,4-NOT SPECIFIED,1,FURNITURE,17,Clerk#000000284,1998-01-21,7270.82,470,1
F,1-URGENT,2,MACHINERY,9,Clerk#000000782,1994-10-25,8166.59,370,1
O,3-MEDIUM,0,BUILDING,5,Clerk#000000157,1996-10-12,9533.37,824,1
O,3-MEDIUM,3,AUTOMOBILE,23,Clerk#000000081,1997-10-22,668.51,474,1
F,1-URGENT,4,HOUSEHOLD,20,Clerk#000000361,1992-02-02,8495.92,345,1
O,4-NOT SPECIFIED,3,FURNITURE,19,Clerk#000000431,1996-09-08,4695.12,501,1
F,1-URGENT,1,HOUSEHOLD,2,Clerk#000000493,1993-05-14,1906.52,47,1
F,3-MEDIUM,1,HOUSEHOLD,2,Clerk#000000462,1994-03-11,6074.42,445,1
F,5-LOW,0,AUTOMOBILE,16,Clerk#000000435,1994-02-16,-761.7,8,1
F,3-MEDIUM,4,FURNITURE,4,Clerk#000000060,1993-07-19,774.23,288,1
O,5-LOW,1,AUTOMOBILE,2,Clerk#000000863,1998-04-03,1330.85,137,1
F,1-URGENT,3,HOUSEHOLD,6,Clerk#000000158,1993-12-16,2273.5,828,1
O,1-URGENT,1,AUTOMOBILE,2,Clerk#000000066,1997-10-11,8216.79,659,1
O,3-MEDIUM,4,BUILDING,10,Clerk#000000437,1996-12-23,6368.38,651,1
O,1-URGENT,2,AUTOMOBILE,18,Clerk#000000644,1997-11-02,4967.24,471,1
O,4-NOT SPECIFIED,3,MACHINERY,6,Clerk#000000945,1998-01-20,4266.13,908,1
F,5-LOW,4,FURNITURE,10,Clerk#000000152,1993-08-31,3589.49,358,1
O,5-LOW,1,BUILDING,24,Clerk#000000475,1998-01-25,753.62,706,1
F,5-LOW,2,BUILDING,12,Clerk#000000502,1992-12-12,3826.52,662,1
O,2-HIGH,0,MACHINERY,16,Clerk#000000719,1996-04-17,9566.15,294,1
O,2-HIGH,3,BUILDING,23,Clerk#000000210,1997-12-23,2894.22,254,1
F,1-URGENT,0,MACHINERY,0,Clerk#000000244,1993-08-07,7297.64,411,1
F,4-NOT SPECIFIED,3,MACHINERY,19,Clerk#000000762,1992-11-04,6239.89,162,1
F,1-URGENT,2,MACHINERY,9,Clerk#000000632,1994-06-29,8747.99,340,1
F,5-LOW,3,AUTOMOBILE,19,Clerk#000000484,1993-08-25,8959.65,685,1
F,4-NOT SPECIFIED,3,BUILDING,22,Clerk#000000627,1992-03-05,-616.79,468,1
O,4-NOT SPECIFIED,1,BUILDING,1,Clerk#000000405,1997-11-11,178.73,514,1
F,3-MEDIUM,4,MACHINERY,4,Clerk#000000117,1994-07-14,8167.5,758,1
O,1-URGENT,3,AUTOMOBILE,7,Clerk#000000620,1995-11-11,5348.11,251,1
F,5-LOW,0,MACHINERY,0,Clerk#000000571,1994-04-27,4367.53,392,1
F,5-LOW,0,AUTOMOBILE,15,Clerk#000000914,1995-02-28,9139.52,187,1
O,2-HIGH,2,HOUSEHOLD,8,Clerk#000000531,1996-11-05,6020.02,666,1
F,1-URGENT,1,MACHINERY,24,Clerk#000000536,1992-11-24,2653.53,671,1
F,3-MEDIUM,4,MACHINERY,20,Clerk#000000658,1992-07-20,8997.6,985,1
O,1-URGENT,2,AUTOMOBILE,8,Clerk#000000824,1995-09-01,4643.14,249,1
F,3-MEDIUM,0,MACHINERY,5,Clerk#000000349,1993-12-17,2020.15,896,1
F,5-LOW,1,AUTOMOBILE,1,Clerk#000000298,1993-03-04,8990.07,210,1
F,4-NOT SPECIFIED,4,FURNITURE,20,Clerk#000000198,1992-09-22,6397.58,404,1
O,3-MEDIUM,3,FURNITURE,22,Clerk#000000034,1997-05-20,9491.46,789,1
F,3-MEDIUM,0,BUILDING,14,Clerk#000000179,1992-10-16,-98.46,141,1
F,3-MEDIUM,4,MACHINERY,20,Clerk#000000796,1992-10-04,7555.16,780,1
F,4-NOT SPECIFIED,0,BUILDING,16,Clerk#000000763,1993-04-18,4677.55,491,1
O,2-HIGH,1,MACHINERY,2,Clerk#000000737,1997-08-14,-444.73,794,1
O,1-URGENT,3,MACHINERY,6,Clerk#000000233,1995-11-30,1008.26,861,1
F,4-NOT SPECIFIED,4,AUTOMOBILE,10,Clerk#000000794,1994-10-24,1447.84,273,1
F,5-LOW,1,BUILDING,3,Clerk#000000051,1993-05-06,7905.17,813,1
F,3-MEDIUM,4,BUILDING,10,Clerk#000000896,1993-11-19,5165.39,515,1
F,2-HIGH,0,AUTOMOBILE,16,Clerk#000000569,1992-11-20,7315.94,324,1
O,4-NOT SPECIFIED,0,MACHINERY,16,Clerk#000000169,1995-09-04,1755.33,848,1
F,1-URGENT,2,HOUSEHOLD,9,Clerk#000000060,1993-01-21,5073.58,447,1
F,1-URGENT,1,BUILDING,2,Clerk#000000878,1992-01-11,2883.24,78,1
O,4-NOT SPECIFIED,0,HOUSEHOLD,15,Clerk#000000491,1995-07-07,8589.7,20,1
F,5-LOW,0,BUILDING,0,Clerk#000000789,1992-07-13,662.67,570,1
F,5-LOW,2,FURNITURE,21,Clerk#000000681,1994-11-24,2990.73,282,1
F,4-NOT SPECIFIED,2,FURNITURE,18,Clerk#000000279,1993-07-03,4483.83,393,1
F,1-URGENT,2,FURNITURE,9,Clerk#000000256,1994-01-15,5398.77,439,1
F,2-HIGH,4,BUILDING,4,Clerk#000000280,1993-05-10,-405.91,556,1
O,4-NOT SPECIFIED,2,AUTOMOBILE,18,Clerk#000000223,1997-02-12,6840.29,991,1
P,5-LOW,0,MACHINERY,0,Clerk#000000442,1995-04-29,9217.55,62,1
O,4-NOT SPECIFIED,3,AUTOMOBILE,7,Clerk#000000339,1997-05-03,2237.64,728,1
O,4-NOT SPECIFIED,2,AUTOMOBILE,9,Clerk#000000487,1997-02-08,441.44,712,1
F,4-NOT SPECIFIED,2,BUILDING,18,Clerk#000000715,1993-11-02,1685.9,134,1
O,3-MEDIUM,0,AUTOMOBILE,15,Clerk#000000994,1997-03-04,5212.43,658,1
F,3-MEDIUM,4,FURNITURE,10,Clerk#000000866,1992-12-10,3959.71,350,1
F,5-LOW,1,BUILDING,24,Clerk#000000913,1994-12-28,5859.97,383,1
O,5-LOW,0,AUTOMOBILE,5,Clerk#000000611,1995-07-28,3872.86,25,1
O,2-HIGH,1,MACHINERY,1,Clerk#000000415,1996-10-31,7009.42,605,1
F,5-LOW,3,BUILDING,23,Clerk#000000732,1995-03-14,8876.1,683,1
O,2-HIGH,3,FURNITURE,7,Clerk#000000171,1995-07-10,4329.98,84,1
F,4-NOT SPECIFIED,4,HOUSEHOLD,13,Clerk#000000220,1993-01-19,4333.37,352,1
F,1-URGENT,2,BUILDING,21,Clerk#000000947,1992-06-05,2106.81,334,1
O,1-URGENT,4,MACHINERY,4,Clerk#000000190,1997-02-24,2866.83,72,1
O,3-MEDIUM,1,BUILDING,1,Clerk#000000624,1998-03-24,7568.07,591,1
F,2-HIGH,3,BUILDING,19,Clerk#000000169,1992-05-29,4146.43,77,1
P,1-URGENT,0,MACHINERY,16,Clerk#000000873,1995-05-03,6582.04,204,1
O,1-URGENT,0,FURNITURE,14,Clerk#000000479,1997-11-19,6487.71,869,1
F,4-NOT SPECIFIED,2,HOUSEHOLD,9,Clerk#000000537,1994-02-04,4966.58,174,1
F,1-URGENT,3,AUTOMOBILE,19,Clerk#000000207,1993-01-26,8959.65,685,1
O,2-HIGH,1,AUTOMOBILE,24,Clerk#000000059,1996-07-11,3710.14,139,1
F,5-LOW,4,FURNITURE,13,Clerk#000000412,1993-03-01,5974.11,408,1
F,2-HIGH,3,HOUSEHOLD,6,Clerk#000000970,1994-11-10,5503.36,732,1
O,5-LOW,4,FURNITURE,10,Clerk#000000640,1996-10-24,4573.94,295,1
O,1-URGENT,3,FURNITURE,23,Clerk#000000802,1997-12-13,2317.93,433,1
P,3-MEDIUM,4,FURNITURE,20,Clerk#000000103,1995-05-08,9889.89,52,1
F,4-NOT SPECIFIED,0,HOUSEHOLD,16,Clerk#000000594,1993-11-06,-594.23,550,1
F,2-HIGH,3,BUILDING,23,Clerk#000000257,1994-04-13,4936.25,636,1
O,5-LOW,0,HOUSEHOLD,0,Clerk#000000612,1996-02-22,9497.89,737,1
O,5-LOW,4,FURNITURE,13,Clerk#000000438,1997-11-30,291.44,946,1
F,5-LOW,0,BUILDING,15,Clerk#000000609,1993-06-02,19.31,799,1
F,1-URGENT,4,BUILDING,4,Clerk#000000172,1993-08-20,260.71,646,1
F,4-NOT SPECIFIED,1,BUILDING,1,Clerk#000000609,1992-07-11,4455.76,814,1
F,3-MEDIUM,2,AUTOMOBILE,18,Clerk#000000760,1993-10-10,3582.37,149,1
O,3-MEDIUM,0,MACHINERY,16,Clerk#000000179,1997-02-10,1520.34,390,1
F,1-URGENT,4,HOUSEHOLD,11,Clerk#000000413,1993-10-13,4801.3,822,1
F,4-NOT SPECIFIED,3,HOUSEHOLD,7,Clerk#000000436,1993-08-18,1938.05,424,1
F,4-NOT SPECIFIED,4,BUILDING,11,Clerk#000000219,1992-11-06,-181.63,412,1
F,5-LOW,1,MACHINERY,3,Clerk#000000435,1992-09-06,4344.52,151,1
O,1-URGENT,4,FURNITURE,20,Clerk#000000466,1995-09-30,8018.81,4,1
F,3-MEDIUM,1,HOUSEHOLD,24,Clerk#000000088,1994-11-17,-273.96,762,1
F,5-LOW,0,FURNITURE,16,Clerk#000000636,1994-03-30,-330.69,504,1
F,2-HIGH,1,AUTOMOBILE,17,Clerk#000000928,1994-09-17,2314.67,640,1
F,3-MEDIUM,1,AUTOMOBILE,24,Clerk#000000659,1995-02-08,126.97,992,1
F,1-URGENT,3,BUILDING,7,Clerk#000000765,1994-07-25,4409.7,487,1
F,1-URGENT,3,HOUSEHOLD,22,Clerk#000000456,1994-11-05,-109.73,17,1
O,3-MEDIUM,0,FURNITURE,15,Clerk#000000232,1996-12-08,9647.58,283,1
O,1-URGENT,0,AUTOMOBILE,15,Clerk#000000502,1997-06-13,9139.52,187,1
O,3-MEDIUM,4,AUTOMOBILE,10,Clerk#000000356,1998-05-07,1939.39,520,1
O,3-MEDIUM,2,AUTOMOBILE,21,Clerk#000000537,1998-01-16,772.14,67,1
F,5-LOW,0,MACHINERY,5,Clerk#000000976,1992-02-03,2168.61,681,1
O,3-MEDIUM,0,BUILDING,5,Clerk#000000586,1995-11-23,-158.39,942,1
O,2-HIGH,0,AUTOMOBILE,16,Clerk#000000628,1997-09-08,8031.44,547,1
F,2-HIGH,0,MACHINERY,16,Clerk#000000801,1994-08-29,1755.33,848,1
F,2-HIGH,1,MACHINERY,1,Clerk#000000960,1993-08-10,1915.35,534,1
O,2-HIGH,0,MACHINERY,0,Clerk#000000895,1995-10-17,9217.55,62,1
F,3-MEDIUM,0,HOUSEHOLD,14,Clerk#000000420,1994-10-24,5411.2,199,1
O,2-HIGH,2,MACHINERY,21,Clerk#000000027,1996-08-08,-117.31,566,1
O,1-URGENT,3,FURNITURE,23,Clerk#000000781,1998-03-08,4092.49,766,1
O,5-LOW,2,FURNITURE,18,Clerk#000000203,1998-03-31,7115.14,690,1
O,5-LOW,1,AUTOMOBILE,2,Clerk#000000959,1998-04-19,9749.37,401,1
O,4-NOT SPECIFIED,1,FURNITURE,3,Clerk#000000181,1996-07-11,479.96,543,1
F,1-URGENT,3,MACHINERY,23,Clerk#000000352,1993-01-13,130.59,642,1
F,1-URGENT,4,AUTOMOBILE,10,Clerk#000000001,1993-12-10,-932.96,572,1
O,5-LOW,4,HOUSEHOLD,11,Clerk#000000603,1996-09-07,8595.53,838,1
O,4-NOT SPECIFIED,1,HOUSEHOLD,17,Clerk#000000982,1996-05-23,1228.24,217,1
F,3-MEDIUM,3,HOUSEHOLD,19,Clerk#000000561,1992-11-25,-201.49,661,1
F,5-LOW,0,AUTOMOBILE,16,Clerk#000000419,1993-10-17,6503.35,894,1
F,2-HIGH,1,AUTOMOBILE,3,Clerk#000000336,1995-02-05,754.41,367,1
F,1-URGENT,4,BUILDING,20,Clerk#000000349,1993-09-29,3231.33,363,1
F,4-NOT SPECIFIED,4,HOUSEHOLD,10,Clerk#000000912,1993-08-03,6392,495,1
O,5-LOW,0,BUILDING,14,Clerk#000000499,1996-04-07,6446.83,356,1
F,4-NOT SPECIFIED,2,HOUSEHOLD,12,Clerk#000000542,1992-08-19,6761.52,841,1
O,3-MEDIUM,3,FURNITURE,23,Clerk#000000102,1997-04-20,2829.07,667,1
F,1-URGENT,2,MACHINERY,9,Clerk#000000453,1992-05-08,4389.66,585,1
O,2-HIGH,1,FURNITURE,17,Clerk#000000545,1998-03-26,5436.81,231,1
O,2-HIGH,2,FURNITURE,12,Clerk#000000275,1997-12-12,8982.79,0,1
F,4-NOT SPECIFIED,4,BUILDING,10,Clerk#000000932,1992-12-11,511.69,575,1
F,3-MEDIUM,3,HOUSEHOLD,6,Clerk#000000811,1992-06-09,5503.36,732,1
O,3-MEDIUM,2,AUTOMOBILE,18,Clerk#000000661,1997-11-12,8303.09,430,1
F,3-MEDIUM,2,BUILDING,21,Clerk#000000147,1994-10-04,2106.81,334,1
O,2-HIGH,1,FURNITURE,1,Clerk#000000078,1997-11-25,4157,53,1
F,4-NOT SPECIFIED,1,AUTOMOBILE,3,Clerk#000000581,1992-04-19,-275.58,103,1
F,4-NOT SPECIFIED,2,MACHINERY,21,Clerk#000000890,1994-04-16,-117.31,566,1
F,4-NOT SPECIFIED,3,MACHINERY,19,Clerk#000000287,1993-12-03,-303.95,211,1
F,4-NOT SPECIFIED,0,MACHINERY,14,Clerk#000000778,1993-07-20,3623.6,398,1
O,1-URGENT,1,BUILDING,17,Clerk#000000256,1997-05-02,2718.02,79,1
F,3-MEDIUM,3,BUILDING,23,Clerk#000000974,1992-04-03,2894.22,254,1
F,3-MEDIUM,2,MACHINERY,8,Clerk#000000954,1993-07-25,1526.59,787,1
F,3-MEDIUM,3,HOUSEHOLD,7,Clerk#000000624,1993-06-10,876.02,312,1
O,4-NOT SPECIFIED,3,BUILDING,22,Clerk#000000022,1995-12-24,6292.06,793,1
O,3-MEDIUM,1,HOUSEHOLD,2,Clerk#000000008,1997-08-20,6074.42,445,1
O,4-NOT SPECIFIED,1,FURNITURE,17,Clerk#000000028,1996-09-12,4954.25,632,1
F,3-MEDIUM,1,HOUSEHOLD,2,Clerk#000000439,1993-01-17,990.58,421,1
O,4-NOT SPECIFIED,1,FURNITURE,1,Clerk#000000311,1998-03-14,6898.65,888,1
O,2-HIGH,3,AUTOMOBILE,7,Clerk#000000242,1995-10-08,2237.64,728,1
O,5-LOW,0,MACHINERY,0,Clerk#000000261,1996-08-10,9217.55,62,1
F,2-HIGH,3,AUTOMOBILE,23,Clerk#000000514,1993-08-15,7775.65,620,1
F,2-HIGH,0,MACHINERY,16,Clerk#000000869,1992-04-23,6582.04,204,1
F,1-URGENT,3,FURNITURE,23,Clerk#000000585,1993-11-28,2829.07,667,1
O,4-NOT SPECIFIED,3,HOUSEHOLD,7,Clerk#000000523,1995-07-10,8555.12,422,1
F,4-NOT SPECIFIED,0,BUILDING,15,Clerk#000000973,1994-09-16,8878.22,815,1
F,3-MEDIUM,1,MACHINERY,3,Clerk#000000728,1994-05-26,6821.01,438,1
O,1-URGENT,1,AUTOMOBILE,24,Clerk#000000398,1998-02-08,3710.14,139,1
O,2-HIGH,1,HOUSEHOLD,2,Clerk#000000409,1995-10-19,3025.84,325,1
F,1-URGENT,2,AUTOMOBILE,18,Clerk#000000873,1993-06-06,9750.71,846,1
F,1-URGENT,4,MACHINERY,20,Clerk#000000523,1994-10-09,3942.11,418,1
F,2-HIGH,0,BUILDING,5,Clerk#000000169,1993-07-18,9533.37,824,1
O,1-URGENT,0,FURNITURE,0,Clerk#000000588,1997-05-15,3229.18,561,1
F,2-HIGH,4,HOUSEHOLD,20,Clerk#000000315,1993-01-19,2942.19,23,1
O,3-MEDIUM,1,AUTOMOBILE,2,Clerk#000000874,1997-11-07,1330.85,137,1
F,3-MEDIUM,3,BUILDING,22,Clerk#000000641,1993-09-12,-881.7,829,1
F,5-LOW,1,FURNITURE,1,Clerk#000000157,1993-04-23,-982.32,2,1
O,5-LOW,1,AUTOMOBILE,3,Clerk#000000871,1995-10-06,9128.69,252,1
O,5-LOW,3,BUILDING,6,Clerk#000000247,1998-07-15,6860.34,509,1
O,2-HIGH,0,BUILDING,5,Clerk#000000827,1996-06-01,7889.64,960,1
F,2-HIGH,1,HOUSEHOLD,2,Clerk#000000053,1994-06-11,6074.42,445,1
O,5-LOW,0,BUILDING,15,Clerk#000000883,1996-12-31,9768.73,811,1
F,5-LOW,0,AUTOMOBILE,16,Clerk#000000284,1994-08-18,8137.66,467,1
F,4-NOT SPECIFIED,4,BUILDING,4,Clerk#000000340,1992-03-14,-405.91,556,1
O,4-NOT SPECIFIED,1,FURNITURE,3,Clerk#000000389,1998-01-25,7746.97,101,1
O,2-HIGH,2,BUILDING,21,Clerk#000000852,1997-11-15,6252.12,329,1
F,3-MEDIUM,0,AUTOMOBILE,14,Clerk#000000716,1994-02-06,5384.59,123,1
F,5-LOW,1,FURNITURE,17,Clerk#000000579,1993-06-05,1536.24,911,1
O,2-HIGH,2,BUILDING,18,Clerk#000000817,1997-07-05,6003.09,880,1
O,2-HIGH,0,BUILDING,14,Clerk#000000409,1997-05-22,-52.35,639,1
O,4-NOT SPECIFIED,2,HOUSEHOLD,9,Clerk#000000803,1997-09-08,5706.19,314,1
O,4-NOT SPECIFIED,0,AUTOMOBILE,0,Clerk#000000450,1997-07-07,7659.72,984,1
O,5-LOW,4,BUILDING,20,Clerk#000000182,1996-07-24,-574.39,12,1
O,3-MEDIUM,4,AUTOMOBILE,4,Clerk#000000451,1996-05-05,4422.45,740,1
O,4-NOT SPECIFIED,4,FURNITURE,13,Clerk#000000990,1996-07-07,5974.11,408,1
F,5-LOW,1,AUTOMOBILE,17,Clerk#000000045,1993-10-13,2164.48,361,1
O,2-HIGH,0,FURNITURE,16,Clerk#000000793,1997-05-26,8873.46,752,1
O,1-URGENT,0,FURNITURE,14,Clerk#000000447,1997-10-04,1530.76,613,1
O,2-HIGH,3,HOUSEHOLD,19,Clerk#000000705,1997-06-08,3061.58,335,1
F,2-HIGH,1,HOUSEHOLD,3,Clerk#000000675,1993-01-03,8315.09,710,1
P,5-LOW,0,AUTOMOBILE,16,Clerk#000000922,1995-04-29,274.5,127,1
O,1-URGENT,4,MACHINERY,4,Clerk#000000510,1995-11-13,1107.42,380,1
F,4-NOT SPECIFIED,2,BUILDING,9,Clerk#000000451,1995-03-14,5794.69,56,1
F,4-NOT SPECIFIED,0,MACHINERY,16,Clerk#000000515,1993-11-30,7917.9,816,1
F,4-NOT SPECIFIED,3,BUILDING,19,Clerk#000000963,1995-01-11,2583.91,60,1
O,1-URGENT,3,AUTOMOBILE,7,Clerk#000000774,1997-05-25,7548.88,278,1
O,3-MEDIUM,1,MACHINERY,2,Clerk#000000730,1998-01-15,-849.44,186,1
F,5-LOW,1,MACHINERY,17,Clerk#000000044,1994-06-17,8275.8,32,1
F,5-LOW,3,AUTOMOBILE,19,Clerk#000000611,1994-11-10,-326.32,945,1
F,2-HIGH,4,BUILDING,4,Clerk#000000195,1993-07-27,-405.91,556,1
F,5-LOW,1,BUILDING,3,Clerk#000000577,1995-03-22,5149.23,540,1
F,1-URGENT,4,BUILDING,11,Clerk#000000331,1993-01-01,2954.9,153,1
F,5-LOW,1,FURNITURE,1,Clerk#000000044,1992-10-19,3106,413,1
F,3-MEDIUM,3,HOUSEHOLD,22,Clerk#000000977,1993-03-03,-267.09,148,1
F,5-LOW,4,MACHINERY,20,Clerk#000000372,1992-12-22,2354.06,994,1
F,3-MEDIUM,0,FURNITURE,15,Clerk#000000900,1993-06-08,9647.58,283,1
O,4-NOT SPECIFIED,0,FURNITURE,5,Clerk#000000628,1998-02-24,2691.42,492,1
F,1-URGENT,1,AUTOMOBILE,17,Clerk#000000582,1993-07-08,9359.01,643,1
O,1-URGENT,1,FURNITURE,17,Clerk#000000655,1997-03-21,4954.25,632,1
F,1-URGENT,2,BUILDING,21,Clerk#000000359,1994-04-11,5275.88,193,1
O,2-HIGH,3,BUILDING,22,Clerk#000000051,1997-05-09,6035.44,777,1
O,4-NOT SPECIFIED,3,FURNITURE,6,Clerk#000000076,1997-06-19,-526.14,757,1
O,3-MEDIUM,0,BUILDING,0,Clerk#000000278,1996-11-24,2072.99,147,1
O,5-LOW,2,FURNITURE,9,Clerk#000000740,1996-07-24,8247.11,976,1
O,5-LOW,3,BUILDING,23,Clerk#000000577,1997-02-13,-565.35,107,1
P,1-URGENT,2,AUTOMOBILE,9,Clerk#000000350,1995-04-19,6569.34,571,1
F,3-MEDIUM,3,HOUSEHOLD,7,Clerk#000000098,1994-04-07,1938.05,424,1
O,2-HIGH,0,BUILDING,15,Clerk#000000155,1995-07-05,19.31,799,1
O,4-NOT SPECIFIED,2,FURNITURE,8,Clerk#000000769,1996-11-17,9126.54,935,1
F,1-URGENT,0,HOUSEHOLD,16,Clerk#000000327,1994-12-13,7838.3,692,1
O,4-NOT SPECIFIED,3,HOUSEHOLD,7,Clerk#000000555,1997-06-24,5847.76,962,1
F,4-NOT SPECIFIED,2,FURNITURE,9,Clerk#000000828,1994-10-09,5398.77,439,1
O,5-LOW,0,MACHINERY,16,Clerk#000000056,1995-07-13,3959.28,277,1
O,4-NOT SPECIFIED,2,FURNITURE,9,Clerk#000000678,1996-04-07,4799.98,420,1
F,2-HIGH,1,AUTOMOBILE,3,Clerk#000000644,1992-02-24,-556.05,506,1
F,3-MEDIUM,0,FURNITURE,14,Clerk#000000952,1995-04-18,8998.82,687,1
O,4-NOT SPECIFIED,4,FURNITURE,4,Clerk#000000901,1997-06-01,2688.88,427,1
F,3-MEDIUM,1,BUILDING,17,Clerk#000000428,1994-03-23,1376.67,583,1
O,2-HIGH,4,BUILDING,13,Clerk#000000081,1996-03-04,1317.56,16,1
O,3-MEDIUM,1,HOUSEHOLD,3,Clerk#000000471,1998-05-12,2584.23,172,1
O,3-MEDIUM,2,HOUSEHOLD,8,Clerk#000000695,1996-12-06,6020.02,666,1
F,5-LOW,0,BUILDING,5,Clerk#000000728,1995-01-22,7889.64,960,1
O,1-URGENT,4,MACHINERY,20,Clerk#000000234,1996-01-04,7555.16,780,1
F,4-NOT SPECIFIED,1,MACHINERY,1,Clerk#000000265,1993-03-29,7960.63,895,1
F,2-HIGH,4,BUILDING,10,Clerk#000000452,1993-10-04,5165.39,515,1
O,4-NOT SPECIFIED,0,MACHINERY,0,Clerk#000000321,1996-02-25,9217.55,62,1
F,5-LOW,0,MACHINERY,16,Clerk#000000863,1992-06-08,1520.34,390,1
O,5-LOW,1,BUILDING,17,Clerk#000000964,1996-10-28,6819.74,27,1
F,5-LOW,2,BUILDING,21,Clerk#000000346,1993-03-26,3812.84,394,1
F,1-URGENT,3,FURNITURE,22,Clerk#000000733,1994-11-19,4867.52,954,1
F,1-URGENT,0,HOUSEHOLD,16,Clerk#000000394,1992-11-02,2961.79,155,1
F,5-LOW,2,AUTOMOBILE,8,Clerk#000000648,1994-12-08,3905.97,530,1
O,2-HIGH,2,FURNITURE,9,Clerk#000000549,1996-10-12,8328.12,462,1
O,5-LOW,2,AUTOMOBILE,8,Clerk#000000878,1997-04-12,2066.79,713,1
F,5-LOW,4,BUILDING,4,Clerk#000000112,1993-11-28,-405.91,556,1
F,1-URGENT,0,HOUSEHOLD,5,Clerk#000000466,1994-06-02,-902.48,996,1
O,1-URGENT,4,FURNITURE,13,Clerk#000000115,1998-06-10,2621.71,555,1
O,5-LOW,3,MACHINERY,23,Clerk#000000332,1996-06-12,52.43,600,1
O,3-MEDIUM,2,HOUSEHOLD,8,Clerk#000000407,1995-08-18,7658.97,837,1
O,2-HIGH,4,BUILDING,11,Clerk#000000249,1998-06-20,9442.55,46,1
F,2-HIGH,4,MACHINERY,4,Clerk#000000817,1993-12-08,3942.58,871,1
O,4-NOT SPECIFIED,3,BUILDING,19,Clerk#000000986,1996-07-18,7772.85,699,1
F,3-MEDIUM,4,BUILDING,20,Clerk#000000046,1992-02-11,8156.62,975,1
F,2-HIGH,1,BUILDING,3,Clerk#000000855,1994-04-02,3857.34,212,1
F,3-MEDIUM,2,FURNITURE,18,Clerk#000000107,1995-02-15,807.37,343,1
O,3-MEDIUM,4,BUILDING,13,Clerk#000000845,1997-07-06,1317.56,16,1
O,5-LOW,2,AUTOMOBILE,21,Clerk#000000794,1998-02-20,772.14,67,1
O,3-MEDIUM,1,MACHINERY,3,Clerk#000000696,1996-03-19,2233.1,443,1
F,5-LOW,2,FURNITURE,9,Clerk#000000624,1993-10-26,3379.2,263,1
O,3-MEDIUM,2,MACHINERY,9,Clerk#000000491,1996-05-26,4910.48,171,1
O,1-URGENT,1,BUILDING,24,Clerk#000000128,1997-07-12,8616.12,590,1
O,3-MEDIUM,1,FURNITURE,24,Clerk#000000667,1995-11-11,1928.1,981,1
O,5-LOW,2,HOUSEHOLD,8,Clerk#000000236,1996-07-29,-654.5,348,1
F,5-LOW,1,FURNITURE,24,Clerk#000000215,1993-04-28,4038.45,112,1
O,2-HIGH,4,FURNITURE,13,Clerk#000000782,1997-04-07,2621.71,555,1
F,4-NOT SPECIFIED,1,MACHINERY,2,Clerk#000000012,1993-03-26,4376.8,909,1
F,4-NOT SPECIFIED,4,HOUSEHOLD,20,Clerk#000000530,1992-09-25,8353,546,1
P,3-MEDIUM,0,AUTOMOBILE,16,Clerk#000000147,1995-03-05,6503.35,894,1
O,1-URGENT,2,HOUSEHOLD,8,Clerk#000000208,1997-04-02,3354.47,130,1
F,3-MEDIUM,0,MACHINERY,5,Clerk#000000284,1994-02-23,-44.66,684,1
F,1-URGENT,1,FURNITURE,17,Clerk#000000572,1994-09-16,367.03,440,1
O,4-NOT SPECIFIED,4,BUILDING,4,Clerk#000000781,1998-04-09,-405.91,556,1
P,3-MEDIUM,0,HOUSEHOLD,15,Clerk#000000607,1995-05-04,4113.64,655,1
O,3-MEDIUM,0,HOUSEHOLD,16,Clerk#000000385,1997-06-30,7631.94,296,1
O,4-NOT SPECIFIED,4,FURNITURE,4,Clerk#000000348,1996-10-24,-774.22,387,1
O,1-URGENT,3,HOUSEHOLD,7,Clerk#000000995,1995-11-11,876.02,312,1
F,5-LOW,2,BUILDING,9,Clerk#000000448,1993-06-14,2757.45,806,1
F,5-LOW,4,FURNITURE,10,Clerk#000000337,1993-12-28,1975.35,271,1
F,1-URGENT,1,AUTOMOBILE,3,Clerk#000000180,1992-12-03,-301.75,379,1
O,4-NOT SPECIFIED,2,AUTOMOBILE,12,Clerk#000000193,1996-12-27,1194.33,239,1
F,4-NOT SPECIFIED,2,BUILDING,9,Clerk#000000289,1993-01-07,8593.83,373,1
F,4-NOT SPECIFIED,2,HOUSEHOLD,9,Clerk#000000492,1995-02-01,5073.58,447,1
O,5-LOW,2,BUILDING,8,Clerk#000000594,1996-03-03,1766.23,188,1
O,4-NOT SPECIFIED,2,AUTOMOBILE,8,Clerk#000000747,1996-05-11,-17.1,400,1
O,3-MEDIUM,3,FURNITURE,23,Clerk#000000513,1996-08-08,4092.49,766,1
F,2-HIGH,2,MACHINERY,21,Clerk#000000863,1994-12-23,6314.25,978,1
O,2-HIGH,3,BUILDING,23,Clerk#000000154,1998-06-06,2873.49,948,1
O,5-LOW,2,BUILDING,21,Clerk#000000230,1996-03-02,3812.84,394,1
O,1-URGENT,3,MACHINERY,7,Clerk#000000952,1998-01-16,9311.17,96,1
O,3-MEDIUM,0,HOUSEHOLD,15,Clerk#000000470,1995-10-10,2377.34,362,1
O,1-URGENT,3,MACHINERY,7,Clerk#000000457,1996-08-29,3714.06,624,1
O,1-URGENT,3,MACHINERY,22,Clerk#000000808,1998-06-09,1134.4,227,1
F,5-LOW,4,AUTOMOBILE,11,Clerk#000000909,1993-09-22,9270.88,336,1
O,1-URGENT,3,MACHINERY,19,Clerk#000000654,1996-06-10,70.93,21,1
O,4-NOT SPECIFIED,1,FURNITURE,17,Clerk#000000996,1995-09-08,7270.82,470,1
O,4-NOT SPECIFIED,3,HOUSEHOLD,6,Clerk#000000852,1998-07-26,4390.33,279,1
O,3-MEDIUM,3,AUTOMOBILE,7,Clerk#000000872,1996-02-09,6134.4,947,1
O,1-URGENT,1,FURNITURE,17,Clerk#000000298,1997-08-27,367.03,440,1
F,2-HIGH,1,BUILDING,17,Clerk#000000889,1994-07-06,1376.67,583,1
O,3-MEDIUM,3,BUILDING,6,Clerk#000000526,1997-09-26,4361.7,232,1
O,5-LOW,2,MACHINERY,21,Clerk#000000768,1995-08-04,1682.83,537,1
F,2-HIGH,3,HOUSEHOLD,19,Clerk#000000182,1994-11-24,4272.43,7,1
F,2-HIGH,4,FURNITURE,10,Clerk#000000850,1993-10-03,8908.35,788,1
O,4-NOT SPECIFIED,2,BUILDING,21,Clerk#000000812,1995-11-19,2755.46,150,1
F,2-HIGH,3,AUTOMOBILE,6,Clerk#000000419,1992-10-24,3288.76,678,1
F,3-MEDIUM,4,BUILDING,11,Clerk#000000816,1992-10-18,-181.63,412,1
O,3-MEDIUM,4,BUILDING,20,Clerk#000000162,1997-04-02,7476.2,68,1
F,5-LOW,3,HOUSEHOLD,7,Clerk#000000531,1993-02-08,5847.76,962,1
O,2-HIGH,1,AUTOMOBILE,24,Clerk#000000403,1996-03-19,339.49,733,1
O,3-MEDIUM,0,AUTOMOBILE,0,Clerk#000000270,1998-04-10,5391.74,536,1
O,4-NOT SPECIFIED,4,BUILDING,4,Clerk#000000675,1997-11-18,-258.77,734,1
O,2-HIGH,2,BUILDING,18,Clerk#000000543,1997-02-13,6003.09,880,1
F,4-NOT SPECIFIED,4,BUILDING,4,Clerk#000000094,1994-03-22,260.71,646,1
O,3-MEDIUM,2,BUILDING,9,Clerk#000000945,1995-10-15,5794.69,56,1
F,4-NOT SPECIFIED,4,BUILDING,4,Clerk#000000299,1994-02-09,4804.57,126,1
O,3-MEDIUM,1,AUTOMOBILE,2,Clerk#000000207,1997-09-02,1543.64,486,1
O,3-MEDIUM,1,MACHINERY,2,Clerk#000000502,1996-10-08,4768.8,170,1
O,3-MEDIUM,1,HOUSEHOLD,1,Clerk#000000087,1996-03-06,-875.17,563,1
F,2-HIGH,0,BUILDING,14,Clerk#000000613,1993-09-27,7915.06,266,1
O,1-URGENT,3,FURNITURE,23,Clerk#000000825,1997-03-15,4092.49,766,1
F,3-MEDIUM,0,FURNITURE,5,Clerk#000000554,1994-02-05,1791.65,99,1
F,1-URGENT,4,AUTOMOBILE,10,Clerk#000000948,1993-09-09,212.16,286,1
O,5-LOW,2,FURNITURE,9,Clerk#000000997,1995-09-17,4799.98,420,1
F,4-NOT SPECIFIED,0,FURNITURE,15,Clerk#000000445,1993-06-12,9647.58,283,1
F,3-MEDIUM,1,HOUSEHOLD,2,Clerk#000000327,1995-01-18,9776.39,225,1
F,3-MEDIUM,0,AUTOMOBILE,16,Clerk#000000177,1993-05-16,3273.08,339,1
O,5-LOW,3,AUTOMOBILE,19,Clerk#000000626,1995-08-06,85.05,105,1
O,4-NOT SPECIFIED,3,BUILDING,23,Clerk#000000093,1997-06-21,-565.35,107,1
O,3-MEDIUM,2,BUILDING,9,Clerk#000000406,1997-10-03,845.84,259,1
F,5-LOW,4,AUTOMOBILE,11,Clerk#000000263,1993-07-13,5134.35,668,1
O,2-HIGH,2,AUTOMOBILE,21,Clerk#000000596,1997-01-21,3420.64,654,1
F,1-URGENT,4,AUTOMOBILE,11,Clerk#000000257,1992-01-04,5134.35,668,1
F,1-URGENT,0,AUTOMOBILE,0,Clerk#000000826,1993-01-23,738.79,775,1
F,1-URGENT,1,AUTOMOBILE,3,Clerk#000000338,1994-04-22,-556.05,506,1
F,2-HIGH,4,BUILDING,20,Clerk#000000078,1992-03-28,7476.2,68,1
F,3-MEDIUM,4,BUILDING,11,Clerk#000000801,1992-10-28,3374.92,366,1
F,2-HIGH,4,FURNITURE,4,Clerk#000000220,1993-05-30,7654.31,243,1
F,2-HIGH,3,MACHINERY,19,Clerk#000000475,1992-05-25,6807.55,635,1
O,2-HIGH,4,BUILDING,20,Clerk#000000809,1997-11-19,3231.33,363,1
F,2-HIGH,0,BUILDING,5,Clerk#000000838,1995-01-07,9562.82,791,1
F,3-MEDIUM,0,BUILDING,16,Clerk#000000046,1992-02-16,9967.6,782,1
F,1-URGENT,3,HOUSEHOLD,19,Clerk#000000986,1994-01-31,-201.49,661,1
O,3-MEDIUM,4,BUILDING,20,Clerk#000000191,1995-12-21,5579.81,178,1
O,5-LOW,3,AUTOMOBILE,19,Clerk#000000847,1996-12-16,253.59,308,1
O,2-HIGH,1,MACHINERY,1,Clerk#000000790,1995-06-15,7009.42,605,1
O,3-MEDIUM,2,FURNITURE,21,Clerk#000000342,1998-03-04,2114.53,508,1
F,2-HIGH,2,HOUSEHOLD,9,Clerk#000000143,1993-05-26,-202.22,532,1
F,3-MEDIUM,1,BUILDING,2,Clerk#000000786,1993-08-14,4667.12,645,1
O,3-MEDIUM,2,HOUSEHOLD,9,Clerk#000000726,1996-04-26,-202.22,532,1
O,5-LOW,2,AUTOMOBILE,9,Clerk#000000578,1997-07-31,-274.79,338,1
F,5-LOW,4,HOUSEHOLD,20,Clerk#000000688,1992-02-20,9777.19,772,1
O,1-URGENT,1,AUTOMOBILE,1,Clerk#000000838,1997-03-16,4586.33,965,1
O,1-URGENT,1,BUILDING,24,Clerk#000000050,1998-04-13,753.62,706,1
F,4-NOT SPECIFIED,4,BUILDING,11,Clerk#000000625,1993-12-13,2954.9,153,1
O,4-NOT SPECIFIED,0,MACHINERY,5,Clerk#000000104,1996-10-09,2020.15,896,1
F,2-HIGH,2,AUTOMOBILE,18,Clerk#000000629,1993-11-25,8303.09,430,1
O,4-NOT SPECIFIED,0,MACHINERY,0,Clerk#000000453,1997-02-17,1696.95,968,1
F,3-MEDIUM,3,AUTOMOBILE,19,Clerk#000000730,1994-01-22,253.59,308,1
O,5-LOW,4,BUILDING,20,Clerk#000000030,1996-06-14,4245,559,1
F,4-NOT SPECIFIED,3,MACHINERY,6,Clerk#000000100,1992-11-18,4266.13,908,1
O,5-LOW,1,BUILDING,24,Clerk#000000941,1996-08-01,5859.97,383,1
F,1-URGENT,2,AUTOMOBILE,12,Clerk#000000619,1993-05-28,-592.69,117,1
O,5-LOW,2,AUTOMOBILE,12,Clerk#000000372,1996-09-18,-592.69,117,1
O,3-MEDIUM,2,AUTOMOBILE,18,Clerk#000000139,1997-09-17,9468.34,479,1
O,3-MEDIUM,0,AUTOMOBILE,5,Clerk#000000913,1997-12-12,170.27,51,1
F,4-NOT SPECIFIED,4,HOUSEHOLD,20,Clerk#000000987,1992-03-04,8438.4,441,1
O,3-MEDIUM,4,MACHINERY,20,Clerk#000000270,1997-08-28,3213.66,310,1
O,3-MEDIUM,1,BUILDING,17,Clerk#000000295,1997-04-22,4605.87,119,1
O,2-HIGH,1,MACHINERY,1,Clerk#000000029,1997-01-04,3288.42,797,1
F,1-URGENT,0,HOUSEHOLD,5,Clerk#000000002,1993-12-25,2753.54,315,1
O,1-URGENT,2,FURNITURE,9,Clerk#000000485,1997-09-08,3379.2,263,1
O,5-LOW,3,AUTOMOBILE,7,Clerk#000000844,1998-06-14,7548.88,278,1
O,4-NOT SPECIFIED,0,AUTOMOBILE,16,Clerk#000000561,1997-07-26,6503.35,894,1
F,1-URGENT,2,MACHINERY,21,Clerk#000000544,1992-01-24,1663.28,918,1
P,5-LOW,1,MACHINERY,1,Clerk#000000138,1995-03-29,9196.11,133,1
F,4-NOT SPECIFIED,0,FURNITURE,0,Clerk#000000303,1993-05-13,5184.7,275,1
F,3-MEDIUM,1,BUILDING,3,Clerk#000000222,1993-11-01,7149.43,347,1
O,1-URGENT,4,FURNITURE,20,Clerk#000000827,1998-05-13,5867.61,853,1
F,5-LOW,3,HOUSEHOLD,7,Clerk#000000383,1993-09-18,7511.17,159,1
O,5-LOW,0,AUTOMOBILE,15,Clerk#000000727,1995-10-14,7420.6,614,1
O,5-LOW,0,FURNITURE,16,Clerk#000000071,1997-04-24,8873.46,752,1
O,2-HIGH,3,BUILDING,7,Clerk#000000277,1997-07-16,3869.25,518,1
F,4-NOT SPECIFIED,0,MACHINERY,15,Clerk#000000660,1994-12-20,8825.71,851,1
F,2-HIGH,0,BUILDING,15,Clerk#000000858,1992-10-17,9010.02,879,1
O,5-LOW,1,MACHINERY,24,Clerk#000000835,1996-11-10,7491.42,113,1
F,3-MEDIUM,0,FURNITURE,5,Clerk#000000442,1993-04-08,9849.87,406,1
F,2-HIGH,2,MACHINERY,9,Clerk#000000877,1994-04-30,7897.78,552,1
F,2-HIGH,2,AUTOMOBILE,9,Clerk#000000454,1992-08-17,2209.81,38,1
O,5-LOW,3,MACHINERY,23,Clerk#000000950,1996-04-02,889.11,804,1
O,5-LOW,3,BUILDING,22,Clerk#000000928,1997-10-24,6035.44,777,1
F,2-HIGH,3,FURNITURE,23,Clerk#000000695,1993-02-18,2829.07,667,1
O,1-URGENT,1,FURNITURE,1,Clerk#000000804,1997-09-02,4157,53,1
F,2-HIGH,3,MACHINERY,19,Clerk#000000612,1994-07-05,70.93,21,1
F,1-URGENT,3,BUILDING,23,Clerk#000000027,1994-02-06,4466.3,584,1
F,5-LOW,0,BUILDING,5,Clerk#000000424,1994-12-06,9562.82,791,1
O,2-HIGH,4,MACHINERY,13,Clerk#000000957,1998-06-02,-897.04,531,1
F,4-NOT SPECIFIED,0,HOUSEHOLD,16,Clerk#000000343,1993-01-27,3482.32,455,1
O,3-MEDIUM,0,AUTOMOBILE,5,Clerk#000000626,1998-02-17,1468.09,37,1
O,3-MEDIUM,4,BUILDING,10,Clerk#000000727,1995-12-01,6368.38,651,1
F,5-LOW,4,BUILDING,11,Clerk#000000173,1993-09-18,2860.71,431,1
F,5-LOW,1,MACHINERY,2,Clerk#000000135,1992-07-20,2338.92,10,1
F,2-HIGH,4,BUILDING,10,Clerk#000000282,1992-08-21,511.69,575,1
F,4-NOT SPECIFIED,1,HOUSEHOLD,2,Clerk#000000930,1993-05-21,990.58,421,1
F,1-URGENT,0,BUILDING,5,Clerk#000000418,1992-04-30,9562.82,791,1
O,5-LOW,1,BUILDING,3,Clerk#000000344,1995-07-25,-646.64,245,1
O,3-MEDIUM,2,BUILDING,12,Clerk#000000648,1997-07-22,6343.64,621,1
F,1-URGENT,4,HOUSEHOLD,20,Clerk#000000184,1992-09-14,4489.98,13,1
F,2-HIGH,4,BUILDING,11,Clerk#000000241,1994-05-18,-413.03,311,1
F,5-LOW,2,AUTOMOBILE,9,Clerk#000000028,1992-04-10,-307.61,982,1
O,3-MEDIUM,1,MACHINERY,3,Clerk#000000488,1995-08-21,591.98,625,1
F,5-LOW,1,MACHINERY,3,Clerk#000000546,1993-11-23,2233.1,443,1
P,4-NOT SPECIFIED,3,BUILDING,23,Clerk#000000772,1995-05-31,-565.35,107,1
F,5-LOW,3,HOUSEHOLD,23,Clerk#000000758,1992-11-23,4822.08,776,1
F,1-URGENT,0,BUILDING,15,Clerk#000000146,1993-01-17,4011.18,354,1
O,4-NOT SPECIFIED,4,FURNITURE,10,Clerk#000000356,1998-05-21,3959.71,350,1
F,5-LOW,2,FURNITURE,9,Clerk#000000772,1992-11-06,3929.96,460,1
O,4-NOT SPECIFIED,4,AUTOMOBILE,10,Clerk#000000141,1996-03-02,1915.53,649,1
O,1-URGENT,2,HOUSEHOLD,9,Clerk#000000037,1996-09-08,4150.76,727,1
O,1-URGENT,4,HOUSEHOLD,4,Clerk#000000476,1998-07-01,1735.44,611,1
O,5-LOW,3,BUILDING,22,Clerk#000000103,1997-03-18,6035.44,777,1
O,5-LOW,3,MACHINERY,19,Clerk#000000239,1996-04-16,70.93,21,1
O,3-MEDIUM,3,HOUSEHOLD,19,Clerk#000000854,1995-07-22,-201.49,661,1
O,4-NOT SPECIFIED,2,BUILDING,21,Clerk#000000577,1997-12-17,2714.5,385,1
O,2-HIGH,0,BUILDING,15,Clerk#000000280,1997-06-06,5685.59,949,1
O,4-NOT SPECIFIED,4,FURNITURE,10,Clerk#000000042,1995-08-07,6227.55,377,1
F,4-NOT SPECIFIED,1,AUTOMOBILE,3,Clerk#000000971,1995-01-25,8137.24,124,1
O,5-LOW,3,BUILDING,23,Clerk#000000256,1995-07-17,-565.35,107,1
O,2-HIGH,3,MACHINERY,23,Clerk#000000148,1996-02-14,8024.55,932,1
F,3-MEDIUM,4,FURNITURE,4,Clerk#000000860,1994-05-04,7654.31,243,1
O,5-LOW,4,BUILDING,4,Clerk#000000200,1997-06-10,-405.91,556,1
O,1-URGENT,0,HOUSEHOLD,14,Clerk#000000101,1997-01-01,5411.2,199,1
O,5-LOW,2,AUTOMOBILE,9,Clerk#000000100,1996-03-28,6569.34,571,1
O,5-LOW,3,AUTOMOBILE,19,Clerk#000000896,1997-11-27,85.05,105,1
F,4-NOT SPECIFIED,1,BUILDING,2,Clerk#000000554,1992-09-22,2883.24,78,1
F,2-HIGH,2,MACHINERY,12,Clerk#000000231,1994-06-11,8174.82,475,1
F,3-MEDIUM,2,BUILDING,21,Clerk#000000839,1992-12-03,2106.81,334,1
O,5-LOW,1,MACHINERY,1,Clerk#000000500,1996-12-22,3458.6,382,1
F,2-HIGH,2,HOUSEHOLD,9,Clerk#000000442,1992-02-29,5073.58,447,1
F,3-MEDIUM,1,FURNITURE,3,Clerk#000000386,1995-02-10,3328.68,298,1
O,1-URGENT,1,FURNITURE,1,Clerk#000000006,1996-10-14,4157,53,1
O,5-LOW,2,FURNITURE,12,Clerk#000000779,1997-08-30,8982.79,0,1
O,3-MEDIUM,3,BUILDING,22,Clerk#000000363,1996-05-10,4092.24,429,1
F,4-NOT SPECIFIED,2,HOUSEHOLD,8,Clerk#000000414,1993-07-28,2840.59,272,1
O,1-URGENT,1,FURNITURE,24,Clerk#000000919,1998-01-28,5672.05,849,1
F,1-URGENT,1,MACHINERY,2,Clerk#000000719,1993-01-20,2338.92,10,1
O,3-MEDIUM,3,BUILDING,6,Clerk#000000491,1997-01-07,4361.7,232,1
F,1-URGENT,1,FURNITURE,2,Clerk#000000400,1994-05-27,311,855,1
F,2-HIGH,0,FURNITURE,15,Clerk#000000552,1993-09-19,8184.21,565,1
O,1-URGENT,4,AUTOMOBILE,11,Clerk#000000201,1997-06-19,8136.53,309,1
F,1-URGENT,3,MACHINERY,19,Clerk#000000776,1993-02-08,-303.95,211,1
F,3-MEDIUM,4,HOUSEHOLD,20,Clerk#000000655,1993-12-31,2110.59,436,1
F,3-MEDIUM,2,BUILDING,18,Clerk#000000939,1992-08-21,-867.94,903,1
F,3-MEDIUM,2,FURNITURE,21,Clerk#000000083,1993-09-05,2948.61,14,1
F,2-HIGH,1,BUILDING,24,Clerk#000000716,1994-08-05,5152.42,224,1
O,3-MEDIUM,4,AUTOMOBILE,10,Clerk#000000184,1995-09-05,3509.35,307,1
O,5-LOW,3,AUTOMOBILE,7,Clerk#000000572,1996-04-20,7548.88,278,1
F,2-HIGH,0,MACHINERY,14,Clerk#000000279,1993-10-19,3623.6,398,1
F,4-NOT SPECIFIED,2,MACHINERY,18,Clerk#000000452,1992-05-14,7055.13,287,1
O,2-HIGH,1,AUTOMOBILE,24,Clerk#000000628,1997-01-03,126.97,992,1
F,4-NOT SPECIFIED,4,MACHINERY,20,Clerk#000000638,1993-06-30,2354.06,994,1
F,5-LOW,0,BUILDING,15,Clerk#000000933,1994-10-28,3225.07,771,1
F,5-LOW,3,FURNITURE,19,Clerk#000001000,1995-03-10,2990.18,327,1
O,4-NOT SPECIFIED,2,BUILDING,9,Clerk#000000197,1996-08-11,8593.83,373,1
F,3-MEDIUM,0,MACHINERY,5,Clerk#000000618,1992-06-06,2168.61,681,1
F,3-MEDIUM,1,MACHINERY,3,Clerk#000000602,1994-12-03,-487.92,118,1
O,3-MEDIUM,2,HOUSEHOLD,8,Clerk#000000713,1995-12-26,7508.92,764,1
F,4-NOT SPECIFIED,1,BUILDING,2,Clerk#000000771,1992-01-15,6738.93,6,1
F,4-NOT SPECIFIED,4,BUILDING,4,Clerk#000000365,1994-05-14,260.71,646,1
O,2-HIGH,0,MACHINERY,15,Clerk#000000225,1995-11-24,-334.89,206,1
O,3-MEDIUM,2,BUILDING,8,Clerk#000000357,1997-01-10,81.06,615,1
O,4-NOT SPECIFIED,0,FURNITURE,5,Clerk#000000933,1996-10-02,1211.39,669,1
F,3-MEDIUM,4,MACHINERY,4,Clerk#000000755,1994-04-03,2866.83,72,1
O,2-HIGH,4,AUTOMOBILE,13,Clerk#000000584,1995-11-08,6898.89,18,1
O,4-NOT SPECIFIED,2,BUILDING,8,Clerk#000000518,1996-05-31,2005.02,607,1
O,3-MEDIUM,0,MACHINERY,15,Clerk#000000383,1997-02-22,1666.07,881,1
F,2-HIGH,1,HOUSEHOLD,17,Clerk#000000186,1992-10-13,1228.24,217,1
O,3-MEDIUM,2,AUTOMOBILE,18,Clerk#000000008,1997-07-21,3582.37,149,1
F,5-LOW,1,FURNITURE,24,Clerk#000000829,1994-12-01,9225.6,169,1
O,1-URGENT,0,AUTOMOBILE,0,Clerk#000000084,1996-05-03,7352.14,375,1
F,4-NOT SPECIFIED,2,MACHINERY,9,Clerk#000000370,1992-01-28,4389.66,585,1
O,4-NOT SPECIFIED,1,MACHINERY,2,Clerk#000000758,1998-03-31,-849.44,186,1
O,3-MEDIUM,1,BUILDING,3,Clerk#000000611,1997-07-24,5149.23,540,1
O,2-HIGH,0,MACHINERY,14,Clerk#000000260,1996-04-11,6271.38,349,1
O,3-MEDIUM,0,BUILDING,15,Clerk#000000532,1997-03-04,711.56,865,1
O,2-HIGH,2,HOUSEHOLD,12,Clerk#000000059,1995-04-24,6761.52,841,1
F,3-MEDIUM,3,AUTOMOBILE,19,Clerk#000000685,1993-09-11,253.59,308,1
F,4-NOT SPECIFIED,0,FURNITURE,14,Clerk#000000379,1993-09-06,9281.72,409,1
O,4-NOT SPECIFIED,2,MACHINERY,12,Clerk#000000124,1997-12-02,7929.9,132,1
F,2-HIGH,0,FURNITURE,0,Clerk#000000567,1992-09-06,5184.7,275,1
F,2-HIGH,4,FURNITURE,10,Clerk#000000021,1994-04-06,4573.94,295,1
O,2-HIGH,1,MACHINERY,2,Clerk#000000522,1996-05-19,-43.79,756,1
F,1-URGENT,4,HOUSEHOLD,13,Clerk#000000894,1995-02-19,3686.07,850,1
F,2-HIGH,0,HOUSEHOLD,15,Clerk#000000410,1994-02-20,1965.38,754,1
F,3-MEDIUM,1,BUILDING,2,Clerk#000000201,1993-08-23,90.22,94,1
O,4-NOT SPECIFIED,4,MACHINERY,4,Clerk#000000994,1998-07-25,3942.58,871,1
O,3-MEDIUM,4,FURNITURE,11,Clerk#000000558,1995-07-06,-425.09,964,1
O,4-NOT SPECIFIED,4,HOUSEHOLD,20,Clerk#000000836,1996-11-03,8438.4,441,1
F,1-URGENT,0,MACHINERY,16,Clerk#000000501,1992-01-29,6582.04,204,1
F,5-LOW,0,BUILDING,0,Clerk#000000064,1992-06-06,702.73,477,1
O,3-MEDIUM,4,HOUSEHOLD,11,Clerk#000000797,1996-12-11,2975.43,28,1
O,1-URGENT,4,HOUSEHOLD,4,Clerk#000000355,1997-05-18,7979.48,519,1
F,4-NOT SPECIFIED,3,BUILDING,22,Clerk#000000772,1992-03-29,-881.7,829,1
O,1-URGENT,1,AUTOMOBILE,3,Clerk#000000939,1996-01-12,-275.58,103,1
F,1-URGENT,1,BUILDING,2,Clerk#000000587,1994-05-21,274.58,910,1
O,5-LOW,4,FURNITURE,10,Clerk#000000995,1997-05-28,3589.49,358,1
O,3-MEDIUM,0,FURNITURE,5,Clerk#000000498,1995-07-26,7541.05,269,1
F,4-NOT SPECIFIED,1,MACHINERY,2,Clerk#000000375,1993-03-02,7470.96,884,1
O,3-MEDIUM,4,BUILDING,10,Clerk#000000087,1997-08-06,3199.03,207,1
F,4-NOT SPECIFIED,1,BUILDING,24,Clerk#000000972,1993-05-31,5859.97,383,1
O,1-URGENT,4,FURNITURE,4,Clerk#000000064,1997-07-17,2141.71,648,1
O,1-URGENT,1,BUILDING,17,Clerk#000000074,1997-10-19,6737.18,641,1
O,2-HIGH,3,FURNITURE,22,Clerk#000000280,1996-03-28,7576.55,691,1
F,4-NOT SPECIFIED,1,FURNITURE,24,Clerk#000000052,1994-12-03,-723.49,291,1
F,5-LOW,4,HOUSEHOLD,13,Clerk#000000990,1993-10-31,4429.81,812,1
O,3-MEDIUM,4,BUILDING,20,Clerk#000000246,1996-05-17,7476.2,68,1
F,4-NOT SPECIFIED,4,AUTOMOBILE,13,Clerk#000000637,1994-02-13,6123.69,653,1
F,2-HIGH,0,HOUSEHOLD,14,Clerk#000000668,1992-05-22,4293.76,297,1
F,3-MEDIUM,4,FURNITURE,4,Clerk#000000666,1993-03-24,2688.88,427,1
O,3-MEDIUM,0,MACHINERY,15,Clerk#000000113,1998-06-17,5327.38,365,1
O,3-MEDIUM,3,FURNITURE,7,Clerk#000000847,1998-07-04,-842.39,524,1
O,1-URGENT,0,AUTOMOBILE,16,Clerk#000000879,1998-05-27,8031.44,547,1
O,5-LOW,0,HOUSEHOLD,16,Clerk#000000126,1997-07-13,7838.3,692,1
O,1-URGENT,0,FURNITURE,14,Clerk#000000542,1996-09-02,8727.9,860,1
F,1-URGENT,0,HOUSEHOLD,15,Clerk#000000358,1992-01-03,8589.7,20,1
O,1-URGENT,3,BUILDING,19,Clerk#000000772,1997-05-03,8541.87,721,1
O,5-LOW,0,AUTOMOBILE,15,Clerk#000000826,1995-09-29,9139.52,187,1
F,4-NOT SPECIFIED,2,HOUSEHOLD,12,Clerk#000000750,1994-05-15,6853.37,577,1
O,5-LOW,2,AUTOMOBILE,9,Clerk#000000667,1995-10-11,8730.85,160,1
O,4-NOT SPECIFIED,4,FURNITURE,13,Clerk#000000297,1997-11-08,5744.89,303,1
F,1-URGENT,2,AUTOMOBILE,21,Clerk#000000953,1992-03-07,3420.64,654,1
O,4-NOT SPECIFIED,2,AUTOMOBILE,21,Clerk#000000700,1996-01-16,3420.64,654,1
F,2-HIGH,2,MACHINERY,9,Clerk#000000010,1992-05-19,7897.78,552,1
F,1-URGENT,1,HOUSEHOLD,2,Clerk#000000977,1993-10-30,9776.39,225,1
O,4-NOT SPECIFIED,3,HOUSEHOLD,22,Clerk#000000389,1995-11-19,2924.78,689,1
O,2-HIGH,2,HOUSEHOLD,9,Clerk#000000050,1997-11-20,6257.88,299,1
O,5-LOW,4,FURNITURE,20,Clerk#000000044,1996-09-09,8746.23,59,1
F,1-URGENT,0,AUTOMOBILE,16,Clerk#000000767,1994-02-24,8137.66,467,1
F,2-HIGH,1,MACHINERY,3,Clerk#000000002,1992-05-14,591.98,625,1
O,2-HIGH,4,BUILDING,4,Clerk#000000118,1996-05-01,9454.78,921,1
F,3-MEDIUM,2,AUTOMOBILE,18,Clerk#000000763,1993-06-09,9750.71,846,1
F,2-HIGH,4,BUILDING,20,Clerk#000000975,1994-07-01,4245,559,1
O,4-NOT SPECIFIED,1,BUILDING,1,Clerk#000000153,1997-08-05,4455.76,814,1
F,5-LOW,0,FURNITURE,0,Clerk#000000205,1993-09-14,2135.92,73,1
O,1-URGENT,3,MACHINERY,19,Clerk#000000945,1996-08-27,70.93,21,1
O,2-HIGH,3,BUILDING,6,Clerk#000000792,1995-07-04,6860.34,509,1
O,4-NOT SPECIFIED,2,BUILDING,21,Clerk#000000873,1995-08-26,2755.46,150,1
F,5-LOW,1,MACHINERY,2,Clerk#000000833,1994-12-24,2544.49,785,1
F,3-MEDIUM,0,BUILDING,15,Clerk#000000145,1994-01-21,9559.04,579,1
O,1-URGENT,1,HOUSEHOLD,2,Clerk#000000624,1995-08-31,6074.42,445,1
O,2-HIGH,3,BUILDING,23,Clerk#000000459,1995-06-17,-272.6,936,1
F,4-NOT SPECIFIED,2,MACHINERY,21,Clerk#000000533,1994-06-26,1663.28,918,1
F,4-NOT SPECIFIED,4,FURNITURE,11,Clerk#000000303,1994-04-12,3969.86,952,1
F,3-MEDIUM,4,FURNITURE,4,Clerk#000000383,1994-11-30,9207.16,522,1
O,4-NOT SPECIFIED,1,BUILDING,3,Clerk#000000692,1995-09-20,3857.34,212,1
F,1-URGENT,2,FURNITURE,21,Clerk#000000227,1992-08-24,7157.21,226,1
O,1-URGENT,1,FURNITURE,17,Clerk#000000190,1997-03-04,4954.25,632,1
O,3-MEDIUM,3,MACHINERY,22,Clerk#000000381,1997-11-30,0.97,423,1
P,3-MEDIUM,4,HOUSEHOLD,20,Clerk#000000166,1995-05-04,2942.19,23,1
F,4-NOT SPECIFIED,2,BUILDING,21,Clerk#000000627,1993-03-16,5275.88,193,1
O,1-URGENT,0,BUILDING,16,Clerk#000000987,1996-07-03,9131.64,407,1
F,1-URGENT,4,FURNITURE,13,Clerk#000000326,1993-12-20,2621.71,555,1
O,3-MEDIUM,0,MACHINERY,16,Clerk#000000630,1998-01-03,9786.36,281,1
F,1-URGENT,1,FURNITURE,24,Clerk#000000161,1992-09-09,-723.49,291,1
O,3-MEDIUM,2,BUILDING,12,Clerk#000000797,1998-04-08,7447.99,109,1
O,3-MEDIUM,1,AUTOMOBILE,24,Clerk#000000138,1996-09-06,-377.11,703,1
O,5-LOW,3,FURNITURE,19,Clerk#000000322,1995-10-27,4425.42,40,1
F,3-MEDIUM,2,MACHINERY,12,Clerk#000000094,1993-05-16,2263.25,601,1
F,4-NOT SPECIFIED,3,BUILDING,19,Clerk#000000097,1993-09-24,1498.46,957,1
O,2-HIGH,3,BUILDING,23,Clerk#000000428,1996-09-03,2191.59,989,1
O,5-LOW,0,HOUSEHOLD,16,Clerk#000000448,1996-11-10,7631.94,296,1
F,2-HIGH,2,AUTOMOBILE,18,Clerk#000000847,1993-09-11,9593.35,161,1
O,2-HIGH,4,FURNITURE,13,Clerk#000000083,1996-08-15,5744.89,303,1
O,3-MEDIUM,2,FURNITURE,12,Clerk#000000380,1997-04-16,9184.72,750,1
F,4-NOT SPECIFIED,4,AUTOMOBILE,10,Clerk#000000518,1992-08-05,7505.33,842,1
F,1-URGENT,4,MACHINERY,13,Clerk#000000564,1994-06-29,2394.92,355,1
F,3-MEDIUM,0,FURNITURE,0,Clerk#000000597,1993-12-15,1295.54,458,1
O,5-LOW,3,HOUSEHOLD,19,Clerk#000000848,1998-06-25,1866.42,381,1
F,3-MEDIUM,0,FURNITURE,14,Clerk#000000133,1994-03-17,9281.72,409,1
F,5-LOW,0,AUTOMOBILE,16,Clerk#000000891,1992-06-02,274.5,127,1
F,5-LOW,1,AUTOMOBILE,2,Clerk#000000266,1992-07-12,9749.37,401,1
F,5-LOW,4,FURNITURE,13,Clerk#000000396,1994-12-25,291.44,946,1
F,1-URGENT,2,HOUSEHOLD,8,Clerk#000000188,1994-10-21,5390.34,301,1
F,3-MEDIUM,3,BUILDING,22,Clerk#000000616,1993-02-27,6035.44,777,1
O,4-NOT SPECIFIED,1,AUTOMOBILE,2,Clerk#000000457,1997-06-18,9749.37,401,1
F,5-LOW,2,FURNITURE,18,Clerk#000000179,1994-04-09,4883.17,432,1
O,2-HIGH,3,MACHINERY,22,Clerk#000000740,1996-11-13,0.97,423,1
F,5-LOW,2,MACHINERY,12,Clerk#000000134,1992-07-30,6082.74,168,1
O,4-NOT SPECIFIED,4,FURNITURE,4,Clerk#000000117,1997-08-29,2688.88,427,1
F,5-LOW,3,MACHINERY,7,Clerk#000000855,1993-03-25,9311.17,96,1
F,2-HIGH,1,BUILDING,2,Clerk#000000221,1994-09-06,2883.24,78,1
O,1-URGENT,4,BUILDING,20,Clerk#000000846,1997-06-13,2724.8,709,1
F,4-NOT SPECIFIED,0,BUILDING,15,Clerk#000000423,1993-09-20,9010.02,879,1
O,1-URGENT,3,BUILDING,7,Clerk#000000131,1996-07-28,4349.27,415,1
O,3-MEDIUM,0,BUILDING,14,Clerk#000000734,1998-04-06,6446.83,356,1
F,1-URGENT,2,FURNITURE,18,Clerk#000000699,1994-11-04,9630.24,973,1
O,3-MEDIUM,2,BUILDING,21,Clerk#000000209,1995-12-13,5275.88,193,1
F,2-HIGH,1,MACHINERY,2,Clerk#000000269,1992-07-07,2338.92,10,1
O,5-LOW,3,FURNITURE,7,Clerk#000000834,1995-03-29,-842.39,524,1
O,2-HIGH,2,MACHINERY,12,Clerk#000000878,1997-07-08,7292.93,906,1
F,1-URGENT,2,MACHINERY,12,Clerk#000000409,1992-09-14,3279.84,106,1
O,1-URGENT,3,HOUSEHOLD,19,Clerk#000000522,1997-10-03,-201.49,661,1
O,1-URGENT,1,HOUSEHOLD,24,Clerk#000000370,1996-06-07,2258.4,672,1
O,4-NOT SPECIFIED,2,HOUSEHOLD,8,Clerk#000000522,1998-01-01,6359.27,164,1
F,5-LOW,4,HOUSEHOLD,11,Clerk#000000987,1992-05-26,1378.67,839,1
O,3-MEDIUM,3,FURNITURE,23,Clerk#000000993,1995-09-29,5510.28,967,1
F,4-NOT SPECIFIED,4,MACHINERY,11,Clerk#000000761,1995-01-20,1959.17,660,1
F,5-LOW,1,FURNITURE,17,Clerk#000000473,1994-07-08,1536.24,911,1
O,2-HIGH,1,FURNITURE,3,Clerk#000000324,1995-07-13,3328.68,298,1
F,3-MEDIUM,3,MACHINERY,6,Clerk#000000799,1994-12-23,4266.13,908,1
O,5-LOW,2,AUTOMOBILE,8,Clerk#000000081,1995-11-06,-17.1,400,1
F,4-NOT SPECIFIED,2,AUTOMOBILE,12,Clerk#000000868,1995-03-09,4366.23,826,1
O,4-NOT SPECIFIED,3,FURNITURE,6,Clerk#000000465,1996-09-14,-526.14,757,1
F,3-MEDIUM,2,FURNITURE,18,Clerk#000000090,1993-12-02,8341.71,617,1
O,3-MEDIUM,1,FURNITURE,1,Clerk#000000728,1997-03-15,4157,53,1
O,3-MEDIUM,4,HOUSEHOLD,13,Clerk#000000603,1998-03-09,6478.46,499,1
F,5-LOW,2,AUTOMOBILE,18,Clerk#000000108,1994-05-20,3653.64,426,1
F,5-LOW,4,MACHINERY,13,Clerk#000000432,1995-03-18,4363.17,264,1
O,4-NOT SPECIFIED,0,AUTOMOBILE,15,Clerk#000000362,1996-12-19,9139.52,187,1
F,3-MEDIUM,4,HOUSEHOLD,11,Clerk#000000008,1994-12-08,2135.6,580,1
O,2-HIGH,4,AUTOMOBILE,4,Clerk#000000419,1995-12-30,6679.75,480,1
O,5-LOW,3,MACHINERY,6,Clerk#000000143,1995-06-18,2892.21,260,1
F,4-NOT SPECIFIED,1,FURNITURE,2,Clerk#000000521,1993-12-19,311,855,1
F,4-NOT SPECIFIED,1,MACHINERY,2,Clerk#000000958,1993-12-06,2544.49,785,1
F,5-LOW,0,AUTOMOBILE,0,Clerk#000000405,1992-09-30,738.79,775,1
F,3-MEDIUM,2,BUILDING,9,Clerk#000000225,1994-12-13,3016.38,680,1
F,5-LOW,4,AUTOMOBILE,10,Clerk#000000090,1992-07-11,1939.39,520,1
F,2-HIGH,3,BUILDING,19,Clerk#000000357,1994-11-11,8541.87,721,1
O,1-URGENT,1,AUTOMOBILE,2,Clerk#000000182,1997-03-28,1330.85,137,1
O,3-MEDIUM,1,AUTOMOBILE,3,Clerk#000000851,1998-02-27,2155.06,749,1
O,1-URGENT,4,HOUSEHOLD,13,Clerk#000000579,1998-05-09,9108.65,664,1
O,3-MEDIUM,1,AUTOMOBILE,3,Clerk#000000439,1997-09-17,9334.82,326,1
O,1-URGENT,3,HOUSEHOLD,22,Clerk#000000690,1995-08-25,-109.73,17,1
O,1-URGENT,3,MACHINERY,23,Clerk#000000652,1995-08-09,130.59,642,1
O,5-LOW,4,FURNITURE,11,Clerk#000000095,1998-01-21,3061.78,803,1
O,3-MEDIUM,4,AUTOMOBILE,4,Clerk#000000503,1996-02-03,6679.75,480,1
O,3-MEDIUM,2,BUILDING,9,Clerk#000000471,1997-12-15,7887.6,724,1
O,3-MEDIUM,0,MACHINERY,5,Clerk#000000767,1996-03-16,1722.88,102,1
O,5-LOW,3,MACHINERY,23,Clerk#000000962,1996-06-18,8024.55,932,1
F,1-URGENT,0,HOUSEHOLD,0,Clerk#000000071,1993-11-07,3063.11,718,1
F,4-NOT SPECIFIED,3,HOUSEHOLD,7,Clerk#000000621,1992-12-10,-501.37,116,1
O,5-LOW,3,MACHINERY,19,Clerk#000000406,1997-09-05,9904.28,541,1
O,5-LOW,4,MACHINERY,4,Clerk#000000268,1997-05-02,1107.42,380,1
O,5-LOW,3,FURNITURE,19,Clerk#000000294,1998-03-18,4695.12,501,1
F,2-HIGH,0,FURNITURE,0,Clerk#000000839,1993-11-27,2130.98,369,1
O,2-HIGH,2,BUILDING,12,Clerk#000000256,1996-07-31,6343.64,621,1
O,1-URGENT,3,AUTOMOBILE,23,Clerk#000000484,1997-02-16,6959.09,270,1
F,5-LOW,1,MACHINERY,2,Clerk#000000471,1994-03-11,4376.8,909,1
O,4-NOT SPECIFIED,0,AUTOMOBILE,16,Clerk#000000576,1996-06-18,4878.1,48,1
O,4-NOT SPECIFIED,3,AUTOMOBILE,19,Clerk#000000416,1995-03-16,2135.91,41,1
O,4-NOT SPECIFIED,4,HOUSEHOLD,13,Clerk#000000973,1996-06-21,1179.85,927,1
F,2-HIGH,0,BUILDING,15,Clerk#000000090,1992-02-19,3471.53,998,1
F,5-LOW,4,BUILDING,4,Clerk#000000399,1992-03-31,260.71,646,1
F,2-HIGH,4,BUILDING,10,Clerk#000000057,1993-01-15,2222.65,469,1
O,4-NOT SPECIFIED,1,AUTOMOBILE,17,Clerk#000000225,1998-07-01,2164.48,361,1
F,2-HIGH,0,AUTOMOBILE,16,Clerk#000000918,1993-10-03,-761.7,8,1
P,3-MEDIUM,1,BUILDING,17,Clerk#000000977,1995-05-23,4605.87,119,1
O,3-MEDIUM,4,AUTOMOBILE,11,Clerk#000000801,1996-07-15,7252.65,478,1
O,3-MEDIUM,2,MACHINERY,9,Clerk#000000817,1996-05-01,8177.33,257,1
O,1-URGENT,4,HOUSEHOLD,4,Clerk#000000837,1997-03-21,7979.48,519,1
F,5-LOW,4,BUILDING,11,Clerk#000000533,1992-09-18,2954.9,153,1
F,2-HIGH,3,AUTOMOBILE,7,Clerk#000000552,1993-02-21,5348.11,251,1
F,5-LOW,1,HOUSEHOLD,3,Clerk#000000494,1992-09-23,5521.36,331,1
F,2-HIGH,4,BUILDING,10,Clerk#000000917,1993-04-30,-275.73,304,1
P,2-HIGH,2,FURNITURE,9,Clerk#000000628,1995-03-12,3244.78,360,1
F,2-HIGH,4,HOUSEHOLD,11,Clerk#000000134,1992-11-01,7462.2,293,1
O,3-MEDIUM,1,FURNITURE,1,Clerk#000000621,1996-05-12,4157,53,1
O,1-URGENT,0,MACHINERY,16,Clerk#000000140,1995-07-11,9566.15,294,1
F,1-URGENT,1,BUILDING,3,Clerk#000000619,1992-03-05,7149.43,347,1
F,2-HIGH,2,HOUSEHOLD,12,Clerk#000000654,1992-06-13,5841.33,136,1
O,3-MEDIUM,2,AUTOMOBILE,9,Clerk#000000481,1996-06-26,2209.81,38,1
F,2-HIGH,1,BUILDING,1,Clerk#000000205,1993-03-13,-210.4,723,1
F,2-HIGH,4,AUTOMOBILE,10,Clerk#000000498,1993-12-01,212.16,286,1
O,1-URGENT,2,HOUSEHOLD,8,Clerk#000000784,1997-09-06,6359.27,164,1
F,2-HIGH,4,BUILDING,4,Clerk#000000675,1993-12-20,4804.57,126,1
O,2-HIGH,4,MACHINERY,11,Clerk#000000330,1996-04-18,8634.92,616,1
O,5-LOW,4,BUILDING,13,Clerk#000000537,1996-12-03,3367.36,66,1
O,2-HIGH,0,BUILDING,15,Clerk#000000954,1997-11-02,8878.22,815,1
O,3-MEDIUM,3,BUILDING,23,Clerk#000000808,1996-04-22,2191.59,989,1
O,5-LOW,0,HOUSEHOLD,14,Clerk#000000802,1995-11-11,6693.36,91,1
O,1-URGENT,3,MACHINERY,19,Clerk#000000146,1996-02-22,-303.95,211,1
O,4-NOT SPECIFIED,3,AUTOMOBILE,6,Clerk#000000007,1996-02-07,7077.79,714,1
F,2-HIGH,3,AUTOMOBILE,22,Clerk#000000445,1993-01-15,4962.12,87,1
O,4-NOT SPECIFIED,0,HOUSEHOLD,16,Clerk#000000235,1996-11-15,7461.27,746,1
O,5-LOW,3,FURNITURE,22,Clerk#000000285,1995-11-20,3387.22,461,1
F,2-HIGH,2,BUILDING,12,Clerk#000000949,1992-09-02,-551.37,248,1
F,2-HIGH,3,AUTOMOBILE,6,Clerk#000000842,1994-09-19,593.52,622,1
F,5-LOW,3,MACHINERY,19,Clerk#000000368,1994-11-06,1422.57,833,1
O,3-MEDIUM,3,HOUSEHOLD,23,Clerk#000000076,1997-08-20,1796.09,489,1
F,3-MEDIUM,3,FURNITURE,7,Clerk#000000462,1994-08-29,-842.39,524,1
F,1-URGENT,2,AUTOMOBILE,8,Clerk#000000843,1994-08-06,2066.79,713,1
O,2-HIGH,4,AUTOMOBILE,4,Clerk#000000082,1996-10-12,6679.75,480,1
P,3-MEDIUM,1,AUTOMOBILE,3,Clerk#000000333,1995-03-14,754.41,367,1
O,3-MEDIUM,2,AUTOMOBILE,8,Clerk#000000527,1996-04-12,6269.42,395,1
O,2-HIGH,1,FURNITURE,17,Clerk#000000422,1996-06-27,1536.24,911,1
F,5-LOW,4,AUTOMOBILE,13,Clerk#000000684,1992-11-02,6123.69,653,1
O,5-LOW,1,HOUSEHOLD,2,Clerk#000000495,1998-02-05,8993.23,897,1
F,4-NOT SPECIFIED,1,FURNITURE,17,Clerk#000000689,1992-07-03,5436.81,231,1
P,3-MEDIUM,0,FURNITURE,14,Clerk#000000834,1995-05-05,8727.9,860,1
F,5-LOW,4,HOUSEHOLD,13,Clerk#000000087,1992-06-06,9585.32,900,1
O,5-LOW,3,HOUSEHOLD,7,Clerk#000000568,1995-09-05,9305.05,69,1
F,2-HIGH,0,BUILDING,5,Clerk#000000853,1993-03-09,9562.82,791,1
F,3-MEDIUM,2,HOUSEHOLD,21,Clerk#000000794,1993-04-16,8367.94,511,1
F,1-URGENT,2,FURNITURE,12,Clerk#000000758,1994-08-05,7133.7,50,1
O,4-NOT SPECIFIED,1,BUILDING,2,Clerk#000000582,1996-03-11,6738.93,6,1
O,4-NOT SPECIFIED,2,FURNITURE,12,Clerk#000000061,1998-05-24,8982.79,0,1
F,5-LOW,0,MACHINERY,15,Clerk#000000541,1994-02-07,-334.89,206,1
F,2-HIGH,3,AUTOMOBILE,22,Clerk#000000701,1992-01-30,6718.78,834,1
F,2-HIGH,3,FURNITURE,22,Clerk#000000576,1994-06-14,7616.48,545,1
F,1-URGENT,4,BUILDING,20,Clerk#000000906,1993-02-16,7451.84,157,1
F,1-URGENT,0,BUILDING,5,Clerk#000000102,1992-05-21,6709.9,835,1
F,4-NOT SPECIFIED,4,HOUSEHOLD,11,Clerk#000000603,1992-09-13,5630.28,878,1
F,4-NOT SPECIFIED,0,HOUSEHOLD,14,Clerk#000000215,1994-01-30,6344.18,493,1
F,3-MEDIUM,1,BUILDING,24,Clerk#000000476,1992-01-21,8616.12,590,1
O,3-MEDIUM,2,HOUSEHOLD,9,Clerk#000000063,1997-12-20,5500.11,115,1
O,4-NOT SPECIFIED,3,BUILDING,7,Clerk#000000538,1996-06-28,3869.25,518,1
P,1-URGENT,4,BUILDING,11,Clerk#000000831,1995-04-02,-181.63,412,1
O,2-HIGH,3,BUILDING,23,Clerk#000000527,1997-01-09,4466.3,584,1
F,4-NOT SPECIFIED,3,MACHINERY,23,Clerk#000000163,1994-12-08,52.43,600,1
O,3-MEDIUM,0,BUILDING,0,Clerk#000000225,1995-06-15,2432.73,711,1
O,2-HIGH,3,FURNITURE,22,Clerk#000000882,1998-03-03,9491.46,789,1
O,3-MEDIUM,4,BUILDING,13,Clerk#000000681,1998-04-29,8250.87,673,1
F,3-MEDIUM,1,BUILDING,24,Clerk#000000810,1993-10-13,4349.73,322,1
O,4-NOT SPECIFIED,0,MACHINERY,5,Clerk#000000410,1996-12-25,2020.15,896,1
F,2-HIGH,1,BUILDING,17,Clerk#000000893,1992-08-04,-858.61,889,1
O,3-MEDIUM,4,BUILDING,10,Clerk#000000711,1997-07-09,511.69,575,1
O,5-LOW,3,BUILDING,23,Clerk#000000015,1995-09-10,-565.35,107,1
O,4-NOT SPECIFIED,3,HOUSEHOLD,7,Clerk#000000160,1995-12-05,9305.05,69,1
F,4-NOT SPECIFIED,3,BUILDING,22,Clerk#000000246,1993-06-24,7408.73,201,1
F,1-URGENT,4,HOUSEHOLD,20,Clerk#000000686,1994-02-25,2942.19,23,1
O,3-MEDIUM,2,MACHINERY,21,Clerk#000000058,1997-09-13,6314.25,978,1
F,4-NOT SPECIFIED,2,HOUSEHOLD,21,Clerk#000000076,1993-04-16,3195.96,85,1
F,3-MEDIUM,3,FURNITURE,22,Clerk#000000186,1992-02-07,7576.55,691,1
F,2-HIGH,2,MACHINERY,12,Clerk#000000396,1992-02-19,7929.9,132,1
F,3-MEDIUM,0,AUTOMOBILE,15,Clerk#000000523,1993-12-19,5212.43,658,1
F,5-LOW,0,BUILDING,0,Clerk#000000990,1994-07-09,-566.86,476,1
O,3-MEDIUM,3,BUILDING,23,Clerk#000000832,1997-02-03,8876.1,683,1
F,5-LOW,2,MACHINERY,21,Clerk#000000852,1994-10-02,1663.28,918,1
F,2-HIGH,4,HOUSEHOLD,13,Clerk#000000930,1994-05-26,4429.81,812,1
O,4-NOT SPECIFIED,3,FURNITURE,23,Clerk#000000207,1995-03-25,2829.07,667,1
O,1-URGENT,2,HOUSEHOLD,8,Clerk#000000084,1996-06-07,7508.92,764,1
O,3-MEDIUM,0,BUILDING,5,Clerk#000000833,1997-04-19,6709.9,835,1
F,3-MEDIUM,2,AUTOMOBILE,8,Clerk#000000704,1993-05-02,9605.83,885,1
O,1-URGENT,0,AUTOMOBILE,0,Clerk#000000875,1998-04-16,904.43,396,1
O,5-LOW,3,BUILDING,7,Clerk#000000871,1996-03-04,8227.37,730,1
P,5-LOW,2,HOUSEHOLD,21,Clerk#000000852,1995-06-04,6074.01,564,1
O,1-URGENT,4,HOUSEHOLD,13,Clerk#000000891,1997-04-12,9748.93,176,1
F,1-URGENT,4,AUTOMOBILE,4,Clerk#000000363,1994-12-09,6679.75,480,1
O,4-NOT SPECIFIED,1,HOUSEHOLD,2,Clerk#000000973,1997-09-03,9776.39,225,1
O,1-URGENT,2,BUILDING,9,Clerk#000000655,1997-08-31,5794.69,56,1
F,1-URGENT,4,FURNITURE,10,Clerk#000000849,1994-03-09,2042.21,538,1
O,4-NOT SPECIFIED,4,AUTOMOBILE,11,Clerk#000000253,1995-11-08,7252.65,478,1
F,1-URGENT,2,HOUSEHOLD,9,Clerk#000000420,1994-09-06,-202.22,532,1
F,5-LOW,4,HOUSEHOLD,10,Clerk#000000228,1994-01-03,6392,495,1
O,4-NOT SPECIFIED,0,HOUSEHOLD,5,Clerk#000000283,1997-06-20,3335.29,677,1
O,1-URGENT,2,HOUSEHOLD,21,Clerk#000000997,1997-02-04,8367.94,511,1
O,4-NOT SPECIFIED,2,HOUSEHOLD,8,Clerk#000000863,1997-05-07,7658.97,837,1
F,3-MEDIUM,1,AUTOMOBILE,3,Clerk#000000180,1993-02-27,5582.63,682,1
F,3-MEDIUM,0,BUILDING,16,Clerk#000000703,1994-07-21,-716.1,197,1
F,3-MEDIUM,0,MACHINERY,14,Clerk#000000054,1992-01-01,6271.38,349,1
O,4-NOT SPECIFIED,0,FURNITURE,14,Clerk#000000044,1996-08-08,1724.68,138,1
F,3-MEDIUM,2,AUTOMOBILE,8,Clerk#000000709,1994-06-10,3905.97,530,1
F,4-NOT SPECIFIED,1,MACHINERY,24,Clerk#000000139,1995-03-10,1481.24,320,1
O,1-URGENT,3,BUILDING,23,Clerk#000000411,1998-06-18,5840.97,203,1
F,2-HIGH,0,AUTOMOBILE,16,Clerk#000000139,1993-08-04,8031.44,547,1
O,5-LOW,0,AUTOMOBILE,5,Clerk#000000075,1996-06-02,1605.76,773,1
F,5-LOW,4,FURNITURE,4,Clerk#000000155,1994-06-14,2688.88,427,1
O,4-NOT SPECIFIED,1,BUILDING,17,Clerk#000000611,1997-05-25,7647.09,341,1
F,3-MEDIUM,1,FURNITURE,2,Clerk#000000265,1993-02-14,148.98,83,1
F,4-NOT SPECIFIED,3,HOUSEHOLD,7,Clerk#000000615,1992-07-23,639.93,135,1
O,3-MEDIUM,4,HOUSEHOLD,20,Clerk#000000895,1998-07-20,-395.89,858,1
F,3-MEDIUM,1,FURNITURE,3,Clerk#000000535,1993-11-25,3328.68,298,1
O,1-URGENT,2,MACHINERY,8,Clerk#000000348,1997-06-06,3993.54,722,1
F,1-URGENT,1,AUTOMOBILE,24,Clerk#000000863,1992-03-14,4976.24,213,1
F,1-URGENT,4,BUILDING,20,Clerk#000000036,1993-02-23,2724.8,709,1
O,5-LOW,4,HOUSEHOLD,20,Clerk#000000828,1997-08-16,1634.7,533,1
O,2-HIGH,4,BUILDING,13,Clerk#000000766,1995-12-11,8938.14,36,1
O,1-URGENT,4,MACHINERY,20,Clerk#000000156,1996-11-02,2354.06,994,1
F,3-MEDIUM,2,AUTOMOBILE,18,Clerk#000000747,1992-05-22,9561.95,886,1
O,4-NOT SPECIFIED,3,BUILDING,7,Clerk#000000652,1997-02-24,448.49,11,1
O,3-MEDIUM,2,MACHINERY,18,Clerk#000000564,1996-07-28,7055.13,287,1
F,2-HIGH,1,FURNITURE,1,Clerk#000000308,1994-03-16,7543.01,626,1
F,5-LOW,4,HOUSEHOLD,11,Clerk#000000379,1994-01-22,4130.18,54,1
O,4-NOT SPECIFIED,0,AUTOMOBILE,15,Clerk#000000599,1996-02-02,5212.43,658,1
F,5-LOW,2,FURNITURE,21,Clerk#000000068,1994-10-11,7157.21,226,1
O,4-NOT SPECIFIED,1,HOUSEHOLD,24,Clerk#000000398,1996-11-14,2369.01,618,1
O,3-MEDIUM,4,MACHINERY,20,Clerk#000000592,1997-05-31,1164.46,779,1
O,2-HIGH,1,BUILDING,1,Clerk#000000652,1995-12-03,2650.27,285,1
F,5-LOW,4,MACHINERY,10,Clerk#000000488,1993-01-09,4572.11,819,1
O,4-NOT SPECIFIED,3,BUILDING,23,Clerk#000000489,1995-11-27,5840.97,203,1
F,4-NOT SPECIFIED,4,BUILDING,13,Clerk#000000938,1993-10-30,6553.37,306,1
O,3-MEDIUM,1,AUTOMOBILE,17,Clerk#000000375,1996-01-20,6149.01,747,1
F,5-LOW,1,FURNITURE,17,Clerk#000000153,1993-07-03,7305.88,300,1
F,4-NOT SPECIFIED,4,BUILDING,13,Clerk#000000127,1994-07-10,1317.56,16,1
F,3-MEDIUM,1,BUILDING,1,Clerk#000000281,1992-11-25,1222.21,820,1
O,1-URGENT,3,MACHINERY,7,Clerk#000000103,1996-10-25,595.61,34,1
O,5-LOW,4,BUILDING,10,Clerk#000000337,1995-08-23,2222.65,469,1
F,1-URGENT,4,FURNITURE,10,Clerk#000000711,1994-12-09,6227.55,377,1
O,5-LOW,4,FURNITURE,11,Clerk#000000176,1997-03-28,-425.09,964,1
O,4-NOT SPECIFIED,3,BUILDING,7,Clerk#000000453,1995-06-11,2902.95,120,1
O,2-HIGH,3,BUILDING,19,Clerk#000000462,1995-12-17,1469.59,173,1
O,5-LOW,1,HOUSEHOLD,17,Clerk#000000459,1998-07-31,6352.14,332,1
F,4-NOT SPECIFIED,1,MACHINERY,17,Clerk#000000030,1994-01-16,2039.84,219,1
F,4-NOT SPECIFIED,2,MACHINERY,9,Clerk#000000303,1994-05-03,4389.66,585,1
F,1-URGENT,0,FURNITURE,5,Clerk#000000506,1994-11-05,3386.64,569,1
O,4-NOT SPECIFIED,3,BUILDING,7,Clerk#000000558,1996-05-05,4349.27,415,1
F,5-LOW,3,HOUSEHOLD,22,Clerk#000000081,1992-05-25,5420.32,175,1
F,1-URGENT,0,FURNITURE,5,Clerk#000000900,1994-12-27,7541.05,269,1
O,3-MEDIUM,2,BUILDING,9,Clerk#000000919,1998-08-01,3016.38,680,1
F,2-HIGH,4,HOUSEHOLD,20,Clerk#000000275,1994-08-15,1634.7,533,1
O,4-NOT SPECIFIED,3,AUTOMOBILE,19,Clerk#000000466,1998-06-28,85.05,105,1
F,3-MEDIUM,4,BUILDING,10,Clerk#000000821,1992-06-07,1733.76,29,1
F,4-NOT SPECIFIED,4,BUILDING,20,Clerk#000000782,1992-02-09,9680.51,938,1
O,5-LOW,1,MACHINERY,2,Clerk#000000765,1996-10-15,7470.96,884,1
F,5-LOW,1,FURNITURE,24,Clerk#000000988,1992-11-25,9225.6,169,1
O,4-NOT SPECIFIED,3,BUILDING,19,Clerk#000000827,1997-04-23,1525.96,481,1
O,3-MEDIUM,1,FURNITURE,24,Clerk#000000042,1996-09-08,-723.49,291,1
O,2-HIGH,0,AUTOMOBILE,16,Clerk#000000114,1995-12-30,4878.1,48,1
F,4-NOT SPECIFIED,1,HOUSEHOLD,2,Clerk#000000963,1994-11-09,5553.75,182,1
F,5-LOW,1,FURNITURE,3,Clerk#000000237,1994-03-25,3998.24,887,1
F,3-MEDIUM,2,HOUSEHOLD,9,Clerk#000000702,1993-10-28,5500.11,115,1
F,1-URGENT,0,BUILDING,5,Clerk#000000043,1994-11-02,9562.82,791,1
F,3-MEDIUM,4,FURNITURE,4,Clerk#000000580,1992-02-23,5439.44,121,1
F,2-HIGH,2,BUILDING,21,Clerk#000000575,1992-11-05,5465.29,539,1
F,4-NOT SPECIFIED,3,AUTOMOBILE,7,Clerk#000000856,1993-10-31,5872.94,378,1
O,3-MEDIUM,1,AUTOMOBILE,17,Clerk#000000680,1998-02-22,2164.48,361,1
F,5-LOW,1,FURNITURE,3,Clerk#000000783,1994-07-23,3328.68,298,1
P,3-MEDIUM,1,AUTOMOBILE,2,Clerk#000000480,1995-04-24,4718.23,795,1
O,4-NOT SPECIFIED,1,HOUSEHOLD,2,Clerk#000000824,1996-08-01,8395.57,425,1
P,5-LOW,3,BUILDING,22,Clerk#000000755,1995-04-21,6044.02,503,1
F,4-NOT SPECIFIED,3,MACHINERY,6,Clerk#000000776,1993-09-30,1286.76,453,1
F,4-NOT SPECIFIED,0,FURNITURE,15,Clerk#000000006,1994-08-17,8781.53,39,1
F,4-NOT SPECIFIED,0,FURNITURE,16,Clerk#000000084,1992-07-27,5030.24,391,1
O,4-NOT SPECIFIED,1,BUILDING,1,Clerk#000000413,1998-01-20,4189.04,144,1
O,3-MEDIUM,4,HOUSEHOLD,11,Clerk#000000631,1997-05-01,2135.6,580,1
F,5-LOW,4,BUILDING,20,Clerk#000000902,1993-06-25,7621.56,898,1
F,1-URGENT,4,AUTOMOBILE,10,Clerk#000000378,1994-03-31,1939.39,520,1
F,3-MEDIUM,2,AUTOMOBILE,18,Clerk#000000418,1993-08-28,3653.64,426,1
O,4-NOT SPECIFIED,2,BUILDING,8,Clerk#000000160,1995-12-29,2005.02,607,1
F,4-NOT SPECIFIED,2,AUTOMOBILE,18,Clerk#000000188,1994-01-13,4967.24,471,1
P,2-HIGH,3,HOUSEHOLD,23,Clerk#000000227,1995-02-25,32.24,451,1
F,1-URGENT,2,BUILDING,9,Clerk#000000072,1994-12-23,845.84,259,1
O,3-MEDIUM,3,BUILDING,22,Clerk#000000626,1996-07-12,6058.08,92,1
O,2-HIGH,3,AUTOMOBILE,7,Clerk#000000541,1996-07-07,4450.03,342,1
O,2-HIGH,3,BUILDING,23,Clerk#000000299,1995-10-21,5840.97,203,1
F,1-URGENT,2,AUTOMOBILE,8,Clerk#000000272,1992-01-26,3905.97,530,1
O,4-NOT SPECIFIED,2,HOUSEHOLD,21,Clerk#000000772,1995-11-25,8330.7,31,1
F,1-URGENT,0,BUILDING,15,Clerk#000000159,1992-03-31,7687.89,268,1
F,1-URGENT,3,BUILDING,6,Clerk#000000623,1993-07-15,6860.34,509,1
F,4-NOT SPECIFIED,4,HOUSEHOLD,20,Clerk#000000051,1995-05-16,1634.7,533,1
O,2-HIGH,2,AUTOMOBILE,12,Clerk#000000891,1998-03-24,5392.3,57,1
F,4-NOT SPECIFIED,0,FURNITURE,5,Clerk#000000227,1993-03-28,7541.05,269,1
F,2-HIGH,1,AUTOMOBILE,3,Clerk#000000720,1994-11-30,8137.24,124,1
F,3-MEDIUM,4,HOUSEHOLD,13,Clerk#000000104,1993-09-27,6478.46,499,1
F,1-URGENT,3,FURNITURE,23,Clerk#000000274,1994-09-09,5510.28,967,1
F,4-NOT SPECIFIED,0,AUTOMOBILE,5,Clerk#000000502,1995-01-26,7537.16,902,1
O,5-LOW,1,BUILDING,1,Clerk#000000478,1996-07-04,7568.07,591,1
O,2-HIGH,0,MACHINERY,5,Clerk#000000872,1997-03-18,-44.66,684,1
O,2-HIGH,0,AUTOMOBILE,0,Clerk#000000334,1997-10-06,738.79,775,1
O,4-NOT SPECIFIED,3,FURNITURE,19,Clerk#000000697,1997-03-15,5896.87,163,1
O,5-LOW,4,FURNITURE,4,Clerk#000000461,1997-07-25,774.23,288,1
F,4-NOT SPECIFIED,3,AUTOMOBILE,7,Clerk#000000989,1993-11-06,5872.94,378,1
O,1-URGENT,4,FURNITURE,11,Clerk#000000324,1997-11-10,-425.09,964,1
F,5-LOW,4,AUTOMOBILE,4,Clerk#000000516,1993-10-17,4422.45,740,1
F,3-MEDIUM,3,AUTOMOBILE,22,Clerk#000000009,1993-04-17,6718.78,834,1
O,5-LOW,4,BUILDING,4,Clerk#000000644,1996-11-27,2935.31,745,1
F,1-URGENT,1,HOUSEHOLD,24,Clerk#000000857,1992-02-27,2258.4,672,1
F,2-HIGH,1,MACHINERY,2,Clerk#000000867,1994-07-04,-43.79,756,1
F,4-NOT SPECIFIED,1,FURNITURE,17,Clerk#000000842,1995-04-06,5436.81,231,1
O,4-NOT SPECIFIED,1,HOUSEHOLD,17,Clerk#000000344,1996-11-14,6352.14,332,1
F,5-LOW,4,FURNITURE,20,Clerk#000000001,1993-04-17,8746.23,59,1
F,4-NOT SPECIFIED,1,FURNITURE,2,Clerk#000000460,1995-02-22,238.14,743,1
O,1-URGENT,4,FURNITURE,4,Clerk#000000177,1997-08-26,9207.16,522,1
F,5-LOW,1,MACHINERY,1,Clerk#000000090,1993-07-21,7944.22,372,1
F,5-LOW,1,FURNITURE,1,Clerk#000000684,1994-07-04,-982.32,2,1
O,4-NOT SPECIFIED,4,AUTOMOBILE,10,Clerk#000000898,1998-06-24,498.77,3,1
O,3-MEDIUM,0,MACHINERY,16,Clerk#000000165,1998-04-10,9786.36,281,1
F,3-MEDIUM,0,AUTOMOBILE,15,Clerk#000000672,1994-01-22,2514.15,809,1
O,4-NOT SPECIFIED,1,MACHINERY,1,Clerk#000000650,1998-03-03,3458.6,382,1
O,1-URGENT,2,FURNITURE,12,Clerk#000000589,1996-08-04,7133.7,50,1
F,2-HIGH,3,FURNITURE,19,Clerk#000000080,1993-01-25,1647.05,241,1
F,4-NOT SPECIFIED,2,AUTOMOBILE,21,Clerk#000000639,1992-06-14,772.14,67,1
F,4-NOT SPECIFIED,1,BUILDING,2,Clerk#000000880,1993-10-27,2883.24,78,1
O,4-NOT SPECIFIED,0,FURNITURE,14,Clerk#000000426,1997-04-01,420.97,925,1
F,5-LOW,4,BUILDING,13,Clerk#000000554,1992-02-16,8404.9,88,1
O,4-NOT SPECIFIED,2,AUTOMOBILE,21,Clerk#000000818,1997-05-25,2226.8,883,1
F,2-HIGH,3,BUILDING,22,Clerk#000000888,1995-04-09,-881.7,829,1
F,4-NOT SPECIFIED,1,BUILDING,3,Clerk#000000347,1994-09-11,1335.3,450,1
F,4-NOT SPECIFIED,0,AUTOMOBILE,14,Clerk#000000388,1994-09-15,5384.59,123,1
O,1-URGENT,0,HOUSEHOLD,14,Clerk#000000132,1997-04-02,1209.37,472,1
O,4-NOT SPECIFIED,4,AUTOMOBILE,4,Clerk#000000579,1997-07-21,8121.84,525,1
O,1-URGENT,1,MACHINERY,1,Clerk#000000063,1998-05-04,9114.68,240,1
F,4-NOT SPECIFIED,2,BUILDING,18,Clerk#000000441,1994-03-21,6003.09,880,1
O,4-NOT SPECIFIED,3,AUTOMOBILE,6,Clerk#000000025,1997-05-22,593.52,622,1
F,5-LOW,4,FURNITURE,4,Clerk#000000532,1992-02-26,3266.14,466,1
F,1-URGENT,0,AUTOMOBILE,16,Clerk#000000818,1994-02-22,4231.45,596,1
O,1-URGENT,1,FURNITURE,24,Clerk#000000977,1998-01-29,4038.45,112,1
O,5-LOW,3,BUILDING,22,Clerk#000000226,1997-12-29,6044.02,503,1
O,5-LOW,2,AUTOMOBILE,9,Clerk#000000422,1997-07-13,8730.85,160,1
O,1-URGENT,1,BUILDING,3,Clerk#000000245,1997-11-20,7149.43,347,1
O,1-URGENT,4,BUILDING,13,Clerk#000000493,1995-12-11,3367.36,66,1
F,5-LOW,4,MACHINERY,4,Clerk#000000571,1993-04-21,2866.83,72,1
O,4-NOT SPECIFIED,4,FURNITURE,10,Clerk#000000052,1995-04-19,7618.54,65,1
F,2-HIGH,3,MACHINERY,6,Clerk#000000290,1994-03-23,9103.33,261,1
O,1-URGENT,0,HOUSEHOLD,16,Clerk#000000852,1998-04-17,-594.23,550,1
F,4-NOT SPECIFIED,1,MACHINERY,2,Clerk#000000621,1994-09-13,2338.92,10,1
O,5-LOW,2,BUILDING,8,Clerk#000000868,1995-12-08,81.06,615,1
F,2-HIGH,2,HOUSEHOLD,8,Clerk#000000835,1992-01-13,1534.38,82,1
O,5-LOW,1,MACHINERY,1,Clerk#000000166,1996-06-14,1915.35,534,1
O,4-NOT SPECIFIED,2,AUTOMOBILE,8,Clerk#000000744,1998-01-25,3905.97,530,1
O,3-MEDIUM,3,FURNITURE,23,Clerk#000000808,1998-02-07,1709.5,435,1
O,1-URGENT,3,MACHINERY,19,Clerk#000000813,1997-12-28,1422.57,833,1
F,2-HIGH,3,BUILDING,23,Clerk#000000999,1993-08-16,5710.41,665,1
O,3-MEDIUM,3,AUTOMOBILE,7,Clerk#000000224,1998-07-22,7548.88,278,1
F,3-MEDIUM,3,MACHINERY,23,Clerk#000000720,1992-08-30,8024.55,932,1
O,5-LOW,3,BUILDING,7,Clerk#000000379,1997-10-12,4349.27,415,1
F,3-MEDIUM,2,AUTOMOBILE,18,Clerk#000000430,1994-08-20,3653.64,426,1
O,1-URGENT,1,HOUSEHOLD,3,Clerk#000000221,1997-05-04,8315.09,710,1
F,2-HIGH,4,BUILDING,11,Clerk#000000652,1992-05-23,7307.55,929,1
O,2-HIGH,1,FURNITURE,1,Clerk#000000417,1998-01-26,6898.65,888,1
O,5-LOW,0,FURNITURE,0,Clerk#000000315,1996-03-24,7618.27,588,1
F,3-MEDIUM,2,MACHINERY,8,Clerk#000000510,1994-08-16,1526.59,787,1
F,5-LOW,1,BUILDING,1,Clerk#000000695,1993-12-13,-210.4,723,1
O,5-LOW,2,HOUSEHOLD,9,Clerk#000000160,1996-05-02,-272.14,593,1
P,3-MEDIUM,0,AUTOMOBILE,15,Clerk#000000470,1995-04-05,3903.54,924,1
O,4-NOT SPECIFIED,1,BUILDING,2,Clerk#000000508,1996-10-06,4667.12,645,1
O,4-NOT SPECIFIED,0,MACHINERY,14,Clerk#000000712,1996-10-09,7667.35,604,1
F,1-URGENT,4,HOUSEHOLD,20,Clerk#000000401,1993-01-03,1634.7,533,1
F,2-HIGH,3,MACHINERY,6,Clerk#000000800,1994-12-20,1286.76,453,1
F,5-LOW,2,MACHINERY,21,Clerk#000000443,1994-11-22,1663.28,918,1
F,1-URGENT,0,BUILDING,16,Clerk#000000347,1992-04-19,9967.6,782,1
F,3-MEDIUM,2,MACHINERY,21,Clerk#000000814,1994-08-24,9280.71,457,1
O,3-MEDIUM,2,FURNITURE,18,Clerk#000000209,1997-06-04,7115.14,690,1
F,3-MEDIUM,2,MACHINERY,8,Clerk#000000205,1993-04-29,4086.56,228,1
O,5-LOW,3,BUILDING,23,Clerk#000000636,1996-08-26,2191.59,989,1
O,1-URGENT,2,AUTOMOBILE,8,Clerk#000000597,1997-09-05,6269.42,395,1
O,1-URGENT,3,FURNITURE,6,Clerk#000000527,1995-11-16,-526.14,757,1
F,3-MEDIUM,0,AUTOMOBILE,5,Clerk#000000884,1993-01-09,1652.78,863,1
O,2-HIGH,3,AUTOMOBILE,7,Clerk#000000702,1995-06-11,4450.03,342,1
O,3-MEDIUM,1,BUILDING,3,Clerk#000000540,1996-12-23,9459.5,158,1
O,5-LOW,4,AUTOMOBILE,13,Clerk#000000353,1996-03-13,121.65,801,1
F,1-URGENT,3,BUILDING,19,Clerk#000000511,1992-01-20,7772.85,699,1
O,2-HIGH,1,FURNITURE,1,Clerk#000000073,1995-08-16,-982.32,2,1
F,3-MEDIUM,4,MACHINERY,4,Clerk#000000237,1992-04-30,3942.58,871,1
P,1-URGENT,4,MACHINERY,4,Clerk#000000970,1995-05-01,2764.43,143,1
O,4-NOT SPECIFIED,1,AUTOMOBILE,2,Clerk#000000448,1996-07-09,8216.79,659,1
O,2-HIGH,0,AUTOMOBILE,16,Clerk#000000538,1998-01-19,274.5,127,1
O,1-URGENT,1,FURNITURE,24,Clerk#000000692,1996-08-26,4038.45,112,1
O,4-NOT SPECIFIED,1,MACHINERY,1,Clerk#000000205,1996-05-14,9114.68,240,1
F,2-HIGH,0,BUILDING,14,Clerk#000000501,1992-04-15,3170.47,165,1
P,3-MEDIUM,0,AUTOMOBILE,16,Clerk#000000160,1995-04-24,8031.44,547,1
F,1-URGENT,4,HOUSEHOLD,13,Clerk#000000939,1992-10-06,1179.85,927,1
F,3-MEDIUM,0,HOUSEHOLD,16,Clerk#000000691,1993-11-01,3482.32,455,1
O,1-URGENT,2,AUTOMOBILE,21,Clerk#000000168,1998-03-25,170.46,674,1
O,2-HIGH,3,FURNITURE,23,Clerk#000000376,1996-09-02,2829.07,667,1
F,1-URGENT,4,BUILDING,20,Clerk#000000263,1994-01-21,6378.67,233,1
F,3-MEDIUM,4,BUILDING,20,Clerk#000000241,1994-05-19,3136.15,238,1
O,3-MEDIUM,1,FURNITURE,17,Clerk#000000649,1995-05-04,7270.82,470,1
O,3-MEDIUM,3,FURNITURE,6,Clerk#000000473,1995-09-22,5817.9,633,1
F,1-URGENT,1,AUTOMOBILE,3,Clerk#000000218,1994-02-14,4810.22,553,1
F,4-NOT SPECIFIED,4,MACHINERY,4,Clerk#000000726,1993-01-13,9963.15,836,1
P,2-HIGH,1,BUILDING,17,Clerk#000000632,1995-04-04,1376.67,583,1
F,4-NOT SPECIFIED,4,AUTOMOBILE,11,Clerk#000000998,1994-11-09,5134.35,668,1
F,2-HIGH,4,MACHINERY,4,Clerk#000000392,1993-05-16,8167.5,758,1
O,2-HIGH,3,BUILDING,6,Clerk#000000979,1997-10-10,4361.7,232,1
P,3-MEDIUM,0,BUILDING,16,Clerk#000000130,1995-05-19,3987.39,403,1
O,3-MEDIUM,2,FURNITURE,12,Clerk#000000176,1996-05-19,4756.58,913,1
F,4-NOT SPECIFIED,0,HOUSEHOLD,15,Clerk#000000883,1994-12-15,8589.7,20,1
O,2-HIGH,0,HOUSEHOLD,14,Clerk#000000186,1998-07-03,6693.36,91,1
O,2-HIGH,2,FURNITURE,9,Clerk#000000027,1996-09-12,4799.98,420,1
P,5-LOW,4,HOUSEHOLD,13,Clerk#000000107,1995-05-22,6478.46,499,1
F,2-HIGH,3,AUTOMOBILE,6,Clerk#000000058,1994-01-19,3998.42,742,1
F,3-MEDIUM,0,AUTOMOBILE,5,Clerk#000000431,1993-07-16,170.27,51,1
F,3-MEDIUM,2,FURNITURE,21,Clerk#000000449,1993-12-03,2990.73,282,1
O,4-NOT SPECIFIED,4,MACHINERY,4,Clerk#000000985,1997-10-08,1811.35,181,1
O,4-NOT SPECIFIED,1,HOUSEHOLD,3,Clerk#000000934,1996-11-01,5521.36,331,1
F,3-MEDIUM,0,AUTOMOBILE,16,Clerk#000000380,1994-05-17,1490.21,74,1
F,2-HIGH,0,FURNITURE,0,Clerk#000000319,1994-05-10,3229.18,561,1
O,5-LOW,4,FURNITURE,4,Clerk#000000645,1997-10-14,3687.37,371,1
F,2-HIGH,2,AUTOMOBILE,21,Clerk#000000227,1992-09-29,7894,697,1
F,1-URGENT,3,FURNITURE,19,Clerk#000000040,1992-05-09,5896.87,163,1
P,1-URGENT,0,MACHINERY,16,Clerk#000000931,1995-06-01,1755.33,848,1
F,3-MEDIUM,3,FURNITURE,19,Clerk#000000122,1995-01-14,5896.87,163,1
F,5-LOW,2,FURNITURE,9,Clerk#000000031,1993-11-19,4799.98,420,1
F,3-MEDIUM,4,HOUSEHOLD,20,Clerk#000000708,1992-03-13,2942.19,23,1
O,1-URGENT,2,AUTOMOBILE,21,Clerk#000000839,1995-08-18,772.14,67,1
O,3-MEDIUM,2,MACHINERY,21,Clerk#000000342,1996-05-22,-117.31,566,1
O,4-NOT SPECIFIED,2,MACHINERY,12,Clerk#000000805,1995-10-07,7929.9,132,1
O,1-URGENT,1,AUTOMOBILE,2,Clerk#000000716,1996-09-27,8216.79,659,1
F,1-URGENT,1,MACHINERY,3,Clerk#000000993,1993-07-19,2233.1,443,1
O,3-MEDIUM,2,AUTOMOBILE,12,Clerk#000000765,1997-05-08,3215.96,521,1
F,1-URGENT,3,FURNITURE,6,Clerk#000000548,1993-02-21,1834.36,405,1
F,3-MEDIUM,2,AUTOMOBILE,18,Clerk#000000874,1993-10-04,9561.95,886,1
F,1-URGENT,1,BUILDING,1,Clerk#000000104,1992-04-28,4455.76,814,1
O,3-MEDIUM,4,BUILDING,4,Clerk#000000330,1997-11-09,-405.91,556,1
F,1-URGENT,4,AUTOMOBILE,10,Clerk#000000882,1992-02-14,5453.74,832,1
F,1-URGENT,2,AUTOMOBILE,9,Clerk#000000666,1994-04-29,6569.34,571,1
O,4-NOT SPECIFIED,0,MACHINERY,15,Clerk#000000354,1997-09-23,5327.38,365,1
F,5-LOW,3,FURNITURE,19,Clerk#000000775,1994-05-06,4695.12,501,1
O,1-URGENT,1,BUILDING,24,Clerk#000000747,1995-12-21,9712.75,498,1
F,5-LOW,0,BUILDING,0,Clerk#000000524,1994-02-03,-566.86,476,1
P,1-URGENT,3,MACHINERY,6,Clerk#000000220,1995-04-18,9103.33,261,1
O,5-LOW,1,AUTOMOBILE,24,Clerk#000000147,1995-12-06,-377.11,703,1
F,2-HIGH,4,BUILDING,11,Clerk#000000093,1992-07-18,3952.84,26,1
O,4-NOT SPECIFIED,2,MACHINERY,8,Clerk#000000392,1997-02-14,1526.59,787,1
O,2-HIGH,0,MACHINERY,15,Clerk#000000894,1996-12-26,1725.68,844,1
F,2-HIGH,0,FURNITURE,0,Clerk#000000398,1992-08-10,5184.7,275,1
O,4-NOT SPECIFIED,4,MACHINERY,4,Clerk#000000286,1996-02-07,3942.58,871,1
O,1-URGENT,2,HOUSEHOLD,18,Clerk#000000720,1995-08-31,8914.71,81,1
F,2-HIGH,4,BUILDING,20,Clerk#000000657,1993-12-30,7476.2,68,1
F,3-MEDIUM,0,BUILDING,5,Clerk#000000864,1992-07-06,2788.76,993,1
F,1-URGENT,1,HOUSEHOLD,2,Clerk#000000279,1994-11-03,1906.52,47,1
F,1-URGENT,4,FURNITURE,4,Clerk#000000074,1994-03-26,7654.31,243,1
O,5-LOW,1,FURNITURE,24,Clerk#000000971,1996-01-04,4038.45,112,1
O,5-LOW,1,BUILDING,1,Clerk#000000780,1997-05-14,7568.07,591,1
O,2-HIGH,0,HOUSEHOLD,15,Clerk#000000015,1997-03-21,4113.64,655,1
O,5-LOW,3,AUTOMOBILE,7,Clerk#000000729,1996-12-10,5872.94,378,1
F,3-MEDIUM,2,AUTOMOBILE,8,Clerk#000000575,1994-12-02,4643.14,249,1
O,3-MEDIUM,4,BUILDING,10,Clerk#000000127,1996-12-23,1733.76,29,1
F,3-MEDIUM,3,MACHINERY,6,Clerk#000000552,1993-04-03,9103.33,261,1
F,1-URGENT,2,MACHINERY,12,Clerk#000000417,1992-02-05,4365.28,956,1
F,5-LOW,3,FURNITURE,22,Clerk#000000862,1994-08-16,7616.48,545,1
F,2-HIGH,3,HOUSEHOLD,23,Clerk#000000266,1994-10-27,5236.89,786,1
O,4-NOT SPECIFIED,3,FURNITURE,19,Clerk#000000305,1998-02-16,4425.42,40,1
F,4-NOT SPECIFIED,3,FURNITURE,22,Clerk#000000293,1993-11-18,7576.55,691,1
O,2-HIGH,1,BUILDING,3,Clerk#000000721,1997-04-16,1335.3,450,1
F,1-URGENT,3,BUILDING,23,Clerk#000000873,1994-11-01,8876.1,683,1
O,5-LOW,0,MACHINERY,15,Clerk#000000437,1995-10-30,5121.28,513,1
O,2-HIGH,4,HOUSEHOLD,11,Clerk#000000605,1997-04-20,2975.43,28,1
F,3-MEDIUM,4,BUILDING,11,Clerk#000000164,1993-04-18,9442.55,46,1
O,3-MEDIUM,3,HOUSEHOLD,6,Clerk#000000827,1997-11-13,5503.36,732,1
F,5-LOW,3,AUTOMOBILE,23,Clerk#000000336,1992-08-11,8795.16,558,1
F,4-NOT SPECIFIED,1,FURNITURE,1,Clerk#000000320,1993-05-29,6898.65,888,1
O,4-NOT SPECIFIED,3,BUILDING,19,Clerk#000000772,1997-07-06,1498.46,957,1
F,5-LOW,3,HOUSEHOLD,23,Clerk#000000551,1993-03-31,4822.08,776,1
F,1-URGENT,3,FURNITURE,7,Clerk#000000680,1992-12-16,709.46,507,1
F,2-HIGH,1,AUTOMOBILE,3,Clerk#000000572,1992-02-13,9128.69,252,1
O,4-NOT SPECIFIED,0,BUILDING,16,Clerk#000000707,1995-11-25,-716.1,197,1
O,5-LOW,4,HOUSEHOLD,20,Clerk#000000710,1997-05-07,-395.89,858,1
O,1-URGENT,3,HOUSEHOLD,23,Clerk#000000653,1998-06-16,32.24,451,1
F,3-MEDIUM,1,BUILDING,2,Clerk#000000406,1994-04-26,6738.93,6,1
F,5-LOW,2,AUTOMOBILE,12,Clerk#000000593,1992-01-21,8364.99,950,1
O,4-NOT SPECIFIED,0,BUILDING,5,Clerk#000000200,1995-03-30,3247.92,670,1
O,5-LOW,2,AUTOMOBILE,21,Clerk#000000337,1996-01-26,6533.53,265,1
O,5-LOW,4,HOUSEHOLD,13,Clerk#000000252,1995-06-15,6478.46,499,1
O,1-URGENT,3,MACHINERY,19,Clerk#000000287,1998-06-27,-303.95,211,1
O,2-HIGH,4,AUTOMOBILE,10,Clerk#000000322,1997-08-21,8898.67,951,1
O,1-URGENT,4,AUTOMOBILE,10,Clerk#000000483,1998-04-03,3264.99,399,1
F,1-URGENT,0,BUILDING,5,Clerk#000000933,1994-03-25,-178.52,941,1
O,5-LOW,2,FURNITURE,18,Clerk#000000071,1997-03-23,9630.24,973,1
F,1-URGENT,0,BUILDING,0,Clerk#000000185,1992-09-21,4288.5,739,1
O,5-LOW,1,HOUSEHOLD,24,Clerk#000000155,1997-08-22,2369.01,618,1
F,1-URGENT,3,AUTOMOBILE,6,Clerk#000000364,1994-07-18,4396.25,442,1
F,3-MEDIUM,1,AUTOMOBILE,24,Clerk#000000955,1994-05-22,3710.14,139,1
F,4-NOT SPECIFIED,1,AUTOMOBILE,2,Clerk#000000752,1993-06-14,6.34,190,1
F,2-HIGH,0,BUILDING,14,Clerk#000000793,1994-10-03,-98.46,141,1
F,5-LOW,0,BUILDING,15,Clerk#000000132,1993-09-11,4011.18,354,1
O,3-MEDIUM,1,MACHINERY,3,Clerk#000000924,1997-09-07,6821.01,438,1
O,4-NOT SPECIFIED,3,BUILDING,7,Clerk#000000103,1996-03-08,4997.35,529,1
F,1-URGENT,1,FURNITURE,1,Clerk#000000485,1994-05-08,5266.3,830,1
O,3-MEDIUM,3,MACHINERY,19,Clerk#000000493,1998-02-06,-303.95,211,1
O,4-NOT SPECIFIED,4,BUILDING,4,Clerk#000000343,1995-09-25,-405.91,556,1
O,5-LOW,2,AUTOMOBILE,18,Clerk#000000620,1996-07-18,9561.95,886,1
F,3-MEDIUM,0,BUILDING,5,Clerk#000000578,1995-02-04,9562.82,791,1
O,3-MEDIUM,4,BUILDING,11,Clerk#000000450,1997-02-05,3952.84,26,1
O,3-MEDIUM,4,AUTOMOBILE,10,Clerk#000000086,1995-06-19,7505.33,842,1
O,5-LOW,2,AUTOMOBILE,18,Clerk#000000106,1995-08-06,4967.24,471,1
O,3-MEDIUM,3,MACHINERY,22,Clerk#000000658,1996-11-18,1134.4,227,1
F,2-HIGH,0,BUILDING,16,Clerk#000000355,1993-11-15,2945.16,997,1
O,1-URGENT,3,HOUSEHOLD,23,Clerk#000000492,1996-01-11,2701.21,603,1
F,5-LOW,2,AUTOMOBILE,18,Clerk#000000632,1993-03-15,4967.24,471,1
F,5-LOW,3,FURNITURE,22,Clerk#000000418,1992-12-24,3387.22,461,1
F,4-NOT SPECIFIED,3,AUTOMOBILE,22,Clerk#000000359,1992-05-21,4962.12,87,1
F,1-URGENT,2,FURNITURE,9,Clerk#000000931,1994-11-19,884.2,490,1
F,1-URGENT,0,AUTOMOBILE,0,Clerk#000000523,1993-01-12,5902.85,708,1
O,2-HIGH,3,BUILDING,19,Clerk#000000137,1998-06-27,7772.85,699,1
F,2-HIGH,1,HOUSEHOLD,24,Clerk#000000844,1993-05-22,2369.01,618,1
F,5-LOW,2,FURNITURE,12,Clerk#000000984,1994-12-28,6859.28,847,1
O,1-URGENT,2,AUTOMOBILE,12,Clerk#000000239,1997-11-09,-592.69,117,1
F,2-HIGH,4,AUTOMOBILE,10,Clerk#000000233,1992-12-17,1394.44,862,1
O,2-HIGH,4,FURNITURE,4,Clerk#000000911,1996-07-22,7885.5,110,1
F,3-MEDIUM,2,FURNITURE,8,Clerk#000000910,1993-04-30,-917.75,222,1
F,1-URGENT,1,FURNITURE,24,Clerk#000000028,1992-06-11,2336.99,44,1
F,4-NOT SPECIFIED,0,FURNITURE,0,Clerk#000000153,1994-11-02,5184.7,275,1
F,5-LOW,0,BUILDING,0,Clerk#000000039,1992-03-24,2072.99,147,1
O,1-URGENT,3,MACHINERY,19,Clerk#000000796,1996-02-10,8695.45,152,1
O,5-LOW,1,MACHINERY,3,Clerk#000000895,1997-10-07,2840.36,980,1
O,4-NOT SPECIFIED,3,AUTOMOBILE,6,Clerk#000000759,1997-01-24,3288.76,678,1
O,3-MEDIUM,2,HOUSEHOLD,8,Clerk#000000305,1996-02-07,2840.59,272,1
F,1-URGENT,2,BUILDING,8,Clerk#000000406,1994-12-15,1766.23,188,1
O,1-URGENT,3,BUILDING,22,Clerk#000000122,1996-08-14,6292.06,793,1
F,2-HIGH,0,HOUSEHOLD,14,Clerk#000000393,1992-08-18,4293.76,297,1
O,2-HIGH,0,HOUSEHOLD,0,Clerk#000000472,1997-09-09,6115.81,267,1
F,2-HIGH,3,MACHINERY,23,Clerk#000000591,1994-08-08,459.22,189,1
F,1-URGENT,4,MACHINERY,4,Clerk#000000816,1994-10-25,8167.5,758,1
F,5-LOW,1,AUTOMOBILE,2,Clerk#000000376,1992-10-29,5340.67,93,1
F,4-NOT SPECIFIED,3,BUILDING,23,Clerk#000000373,1994-09-07,5710.41,665,1
F,3-MEDIUM,0,HOUSEHOLD,15,Clerk#000000505,1992-05-31,1965.38,754,1
F,3-MEDIUM,3,BUILDING,6,Clerk#000000734,1994-09-18,6633.7,753,1
O,5-LOW,4,MACHINERY,20,Clerk#000000786,1997-06-19,8997.6,985,1
F,5-LOW,4,MACHINERY,4,Clerk#000000345,1993-11-22,1107.42,380,1
O,2-HIGH,4,HOUSEHOLD,10,Clerk#000000375,1997-05-10,3798.28,736,1
O,4-NOT SPECIFIED,4,FURNITURE,4,Clerk#000000050,1995-12-04,774.23,288,1
F,3-MEDIUM,1,FURNITURE,24,Clerk#000000802,1993-04-21,-723.49,291,1
O,5-LOW,3,MACHINERY,6,Clerk#000000388,1996-01-16,9103.33,261,1
O,1-URGENT,4,AUTOMOBILE,11,Clerk#000000311,1996-11-01,8136.53,309,1
F,1-URGENT,3,BUILDING,22,Clerk#000000813,1994-11-30,6035.44,777,1
O,4-NOT SPECIFIED,0,MACHINERY,16,Clerk#000000484,1995-06-06,1755.33,848,1
F,4-NOT SPECIFIED,1,HOUSEHOLD,1,Clerk#000000582,1992-08-28,3679.65,870,1
O,4-NOT SPECIFIED,2,AUTOMOBILE,9,Clerk#000000411,1995-07-03,-932.09,114,1
O,4-NOT SPECIFIED,1,BUILDING,3,Clerk#000000929,1997-04-03,-646.64,245,1
F,1-URGENT,3,HOUSEHOLD,23,Clerk#000000584,1993-12-26,32.24,451,1
F,1-URGENT,0,FURNITURE,14,Clerk#000000733,1993-02-13,6181.23,142,1
F,5-LOW,2,FURNITURE,9,Clerk#000000609,1994-08-04,8247.11,976,1
F,5-LOW,4,HOUSEHOLD,13,Clerk#000000428,1993-02-27,9748.93,176,1
F,3-MEDIUM,4,FURNITURE,4,Clerk#000000530,1993-11-14,7885.5,110,1
F,1-URGENT,4,AUTOMOBILE,11,Clerk#000000436,1993-01-30,7252.65,478,1
F,4-NOT SPECIFIED,4,AUTOMOBILE,10,Clerk#000000626,1994-07-18,212.16,286,1
O,2-HIGH,4,FURNITURE,4,Clerk#000000028,1997-06-10,3687.37,371,1
O,4-NOT SPECIFIED,1,BUILDING,2,Clerk#000000157,1995-04-29,6738.93,6,1
O,1-URGENT,3,AUTOMOBILE,7,Clerk#000000256,1997-07-13,4450.03,342,1
P,5-LOW,4,FURNITURE,4,Clerk#000000757,1995-05-14,2688.88,427,1
F,5-LOW,4,FURNITURE,4,Clerk#000000996,1992-12-31,-774.22,387,1
O,3-MEDIUM,4,BUILDING,20,Clerk#000000667,1996-05-19,7476.2,68,1
O,5-LOW,0,MACHINERY,16,Clerk#000000953,1996-01-14,6582.04,204,1
O,3-MEDIUM,4,FURNITURE,10,Clerk#000000797,1997-11-05,2042.21,538,1
F,3-MEDIUM,1,BUILDING,2,Clerk#000000385,1994-12-07,2883.24,78,1
F,1-URGENT,4,FURNITURE,10,Clerk#000000994,1994-05-22,6295.47,131,1
O,1-URGENT,0,FURNITURE,15,Clerk#000000140,1995-10-27,9647.58,283,1
F,1-URGENT,0,HOUSEHOLD,15,Clerk#000000241,1994-08-18,2506.38,364,1
F,4-NOT SPECIFIED,1,BUILDING,17,Clerk#000000420,1993-12-23,2718.02,79,1
F,4-NOT SPECIFIED,1,FURNITURE,24,Clerk#000000488,1993-04-30,4038.45,112,1
F,1-URGENT,2,FURNITURE,12,Clerk#000000545,1992-09-15,8982.79,0,1
O,3-MEDIUM,0,MACHINERY,5,Clerk#000000782,1995-11-17,-44.66,684,1
F,4-NOT SPECIFIED,2,MACHINERY,12,Clerk#000000803,1993-03-03,3342.75,192,1
F,2-HIGH,4,BUILDING,10,Clerk#000000243,1994-02-23,3199.03,207,1
F,1-URGENT,0,BUILDING,15,Clerk#000000806,1994-01-30,8627.9,899,1
O,2-HIGH,4,FURNITURE,10,Clerk#000000678,1996-04-14,6295.47,131,1
F,4-NOT SPECIFIED,2,BUILDING,9,Clerk#000000243,1992-02-20,8593.83,373,1
F,1-URGENT,0,AUTOMOBILE,16,Clerk#000000204,1994-12-12,8031.44,547,1
O,3-MEDIUM,2,MACHINERY,21,Clerk#000000880,1997-12-20,9280.71,457,1
F,5-LOW,4,AUTOMOBILE,13,Clerk#000000602,1994-06-24,6898.89,18,1
O,2-HIGH,0,BUILDING,15,Clerk#000000232,1995-09-08,8878.22,815,1
O,4-NOT SPECIFIED,0,AUTOMOBILE,5,Clerk#000000158,1996-01-14,3035.29,807,1
O,5-LOW,4,HOUSEHOLD,20,Clerk#000000384,1996-05-07,8495.92,345,1
O,4-NOT SPECIFIED,3,MACHINERY,6,Clerk#000000022,1997-03-13,1008.26,861,1
O,1-URGENT,2,FURNITURE,8,Clerk#000000088,1995-12-05,9787.56,695,1
O,5-LOW,1,AUTOMOBILE,3,Clerk#000000544,1997-06-21,-496.49,562,1
O,1-URGENT,1,HOUSEHOLD,24,Clerk#000000451,1998-06-29,-273.96,762,1
F,3-MEDIUM,4,AUTOMOBILE,20,Clerk#000000595,1993-02-06,-729.09,557,1
O,3-MEDIUM,4,FURNITURE,11,Clerk#000000515,1995-07-26,-425.09,964,1
F,2-HIGH,1,MACHINERY,1,Clerk#000000787,1994-06-25,9537.08,647,1
O,4-NOT SPECIFIED,0,HOUSEHOLD,14,Clerk#000000613,1998-04-02,1209.37,472,1
O,2-HIGH,1,AUTOMOBILE,17,Clerk#000000164,1995-12-30,2314.67,640,1
F,4-NOT SPECIFIED,1,MACHINERY,2,Clerk#000000936,1993-11-14,-444.73,794,1
F,5-LOW,0,MACHINERY,15,Clerk#000000513,1993-09-28,5121.28,513,1
F,5-LOW,2,MACHINERY,9,Clerk#000000795,1994-05-04,4389.66,585,1
F,4-NOT SPECIFIED,2,MACHINERY,21,Clerk#000000701,1992-10-31,-117.31,566,1
F,4-NOT SPECIFIED,1,AUTOMOBILE,3,Clerk#000000378,1992-04-07,8137.24,124,1
F,2-HIGH,2,AUTOMOBILE,9,Clerk#000000130,1992-05-18,233.51,129,1
O,3-MEDIUM,3,FURNITURE,23,Clerk#000000401,1995-08-27,9153.84,767,1
F,5-LOW,1,AUTOMOBILE,24,Clerk#000000832,1994-07-16,126.97,992,1
O,4-NOT SPECIFIED,2,HOUSEHOLD,21,Clerk#000000176,1997-12-28,8844.27,581,1
F,5-LOW,0,HOUSEHOLD,5,Clerk#000000937,1993-06-26,-902.48,996,1
F,1-URGENT,1,MACHINERY,1,Clerk#000000080,1994-01-17,7944.22,372,1
O,1-URGENT,2,HOUSEHOLD,18,Clerk#000000205,1997-06-14,8914.71,81,1
O,4-NOT SPECIFIED,0,MACHINERY,15,Clerk#000000526,1995-07-29,2743.63,704,1
O,4-NOT SPECIFIED,3,BUILDING,23,Clerk#000000182,1996-05-14,5840.97,203,1
O,3-MEDIUM,3,BUILDING,19,Clerk#000000187,1996-01-05,8541.87,721,1
O,2-HIGH,1,BUILDING,17,Clerk#000000217,1997-01-08,6737.18,641,1
F,1-URGENT,4,HOUSEHOLD,13,Clerk#000000935,1992-04-08,4351.09,598,1
F,4-NOT SPECIFIED,1,FURNITURE,3,Clerk#000000521,1994-07-31,3328.68,298,1
O,5-LOW,3,FURNITURE,19,Clerk#000000583,1995-06-06,-234.12,717,1
F,5-LOW,1,BUILDING,24,Clerk#000000434,1995-04-10,4349.73,322,1
F,1-URGENT,0,HOUSEHOLD,15,Clerk#000000196,1994-09-06,8589.7,20,1
O,5-LOW,0,AUTOMOBILE,5,Clerk#000000990,1995-07-13,3035.29,807,1
O,1-URGENT,0,HOUSEHOLD,16,Clerk#000000783,1996-08-23,2961.79,155,1
O,2-HIGH,1,BUILDING,1,Clerk#000000755,1997-03-09,1222.21,820,1
F,3-MEDIUM,1,MACHINERY,3,Clerk#000000035,1993-07-15,4344.52,151,1
F,1-URGENT,1,BUILDING,1,Clerk#000000824,1993-08-30,4455.76,814,1
O,4-NOT SPECIFIED,4,AUTOMOBILE,4,Clerk#000000131,1997-08-02,-614.28,560,1
F,1-URGENT,4,FURNITURE,11,Clerk#000000450,1993-09-27,3061.78,803,1
O,5-LOW,2,BUILDING,8,Clerk#000000343,1997-11-25,1766.23,188,1
O,3-MEDIUM,4,BUILDING,11,Clerk#000000956,1997-04-04,2860.71,431,1
F,1-URGENT,1,BUILDING,17,Clerk#000000909,1993-05-08,-858.61,889,1
F,2-HIGH,1,HOUSEHOLD,24,Clerk#000000556,1993-01-19,5527.61,419,1
P,4-NOT SPECIFIED,0,FURNITURE,14,Clerk#000000611,1995-04-23,6487.71,869,1
F,5-LOW,0,MACHINERY,0,Clerk#000000053,1992-10-27,949.68,80,1
F,2-HIGH,1,HOUSEHOLD,24,Clerk#000000976,1995-02-07,-273.96,762,1
O,2-HIGH,2,BUILDING,9,Clerk#000000762,1997-08-31,7887.6,724,1
F,5-LOW,4,BUILDING,13,Clerk#000000060,1994-03-21,3367.36,66,1
O,2-HIGH,1,AUTOMOBILE,1,Clerk#000000012,1996-10-10,8990.07,210,1
O,4-NOT SPECIFIED,0,BUILDING,0,Clerk#000000311,1998-01-03,-920.4,145,1
F,2-HIGH,0,BUILDING,5,Clerk#000000376,1992-04-23,9533.37,824,1
F,3-MEDIUM,2,BUILDING,21,Clerk#000000862,1994-03-23,2106.81,334,1
F,5-LOW,0,FURNITURE,5,Clerk#000000975,1992-05-04,2691.42,492,1
O,3-MEDIUM,4,FURNITURE,13,Clerk#000000718,1997-05-08,3635.35,434,1
O,3-MEDIUM,2,HOUSEHOLD,12,Clerk#000000322,1996-01-23,5841.33,136,1
F,1-URGENT,0,HOUSEHOLD,16,Clerk#000000941,1993-07-18,7631.94,296,1
O,2-HIGH,0,HOUSEHOLD,5,Clerk#000000844,1995-09-14,5950.86,867,1
O,2-HIGH,0,BUILDING,15,Clerk#000000480,1995-10-10,3471.53,998,1
F,1-URGENT,0,AUTOMOBILE,5,Clerk#000000551,1993-02-18,1652.78,863,1
O,3-MEDIUM,2,HOUSEHOLD,21,Clerk#000000402,1997-09-28,6837.46,818,1
F,4-NOT SPECIFIED,0,BUILDING,0,Clerk#000000502,1994-05-26,2724.98,694,1
F,5-LOW,2,MACHINERY,12,Clerk#000000352,1994-12-05,0.97,917,1
F,2-HIGH,4,HOUSEHOLD,4,Clerk#000000732,1994-12-14,-986.96,802,1
O,4-NOT SPECIFIED,0,BUILDING,5,Clerk#000000258,1998-07-02,-942.8,368,1
O,2-HIGH,2,MACHINERY,12,Clerk#000000694,1997-11-17,6464.77,731,1
F,2-HIGH,0,MACHINERY,0,Clerk#000000682,1992-11-10,949.68,80,1
F,2-HIGH,3,HOUSEHOLD,19,Clerk#000000030,1992-05-15,-201.49,661,1
O,4-NOT SPECIFIED,2,MACHINERY,18,Clerk#000000492,1997-07-20,7055.13,287,1
F,1-URGENT,2,MACHINERY,9,Clerk#000000848,1994-08-07,4910.48,171,1
O,3-MEDIUM,1,MACHINERY,3,Clerk#000000861,1997-06-30,591.98,625,1
F,4-NOT SPECIFIED,2,BUILDING,18,Clerk#000000711,1993-11-18,1685.9,134,1
O,4-NOT SPECIFIED,1,AUTOMOBILE,3,Clerk#000000866,1996-02-24,8137.24,124,1
O,5-LOW,4,HOUSEHOLD,4,Clerk#000000093,1996-09-19,7979.48,519,1
O,5-LOW,4,HOUSEHOLD,4,Clerk#000000999,1996-01-26,6004.52,657,1
F,3-MEDIUM,4,FURNITURE,10,Clerk#000000686,1993-10-12,4681.03,759,1
O,3-MEDIUM,4,FURNITURE,10,Clerk#000000120,1998-07-23,6530.86,589,1
F,3-MEDIUM,3,AUTOMOBILE,7,Clerk#000000222,1992-12-18,6134.4,947,1
O,5-LOW,0,BUILDING,5,Clerk#000000690,1997-04-12,2426.52,516,1
F,1-URGENT,1,FURNITURE,1,Clerk#000000239,1992-08-17,4157,53,1
F,1-URGENT,2,MACHINERY,8,Clerk#000000771,1994-05-27,4571.78,156,1
F,2-HIGH,1,BUILDING,1,Clerk#000000740,1993-12-12,-210.4,723,1
O,1-URGENT,2,BUILDING,21,Clerk#000000509,1996-12-16,6252.12,329,1
O,2-HIGH,4,HOUSEHOLD,13,Clerk#000000848,1998-05-13,6478.46,499,1
F,5-LOW,1,HOUSEHOLD,2,Clerk#000000302,1994-06-14,8395.57,425,1
F,1-URGENT,2,MACHINERY,12,Clerk#000000826,1992-05-22,4365.28,956,1
O,2-HIGH,4,AUTOMOBILE,11,Clerk#000000972,1998-02-16,2357.54,528,1
O,2-HIGH,4,FURNITURE,20,Clerk#000000808,1995-06-03,9889.89,52,1
O,1-URGENT,1,MACHINERY,2,Clerk#000000349,1997-08-21,-795.23,854,1
O,3-MEDIUM,4,HOUSEHOLD,20,Clerk#000000637,1997-09-01,2110.59,436,1
F,4-NOT SPECIFIED,3,FURNITURE,22,Clerk#000000024,1994-05-03,9491.46,789,1
O,2-HIGH,0,AUTOMOBILE,15,Clerk#000000439,1996-05-28,2669.01,484,1
O,1-URGENT,1,FURNITURE,17,Clerk#000000768,1996-05-03,7270.82,470,1
F,3-MEDIUM,3,MACHINERY,19,Clerk#000000201,1994-10-02,1422.57,833,1
F,5-LOW,4,FURNITURE,4,Clerk#000000918,1994-06-23,-774.22,387,1
O,5-LOW,4,FURNITURE,11,Clerk#000000115,1998-07-29,3061.78,803,1
F,5-LOW,2,AUTOMOBILE,21,Clerk#000000882,1992-08-13,8487.6,971,1
F,1-URGENT,0,BUILDING,16,Clerk#000000600,1993-07-07,-716.1,197,1
P,4-NOT SPECIFIED,2,MACHINERY,8,Clerk#000000181,1995-04-18,4571.78,156,1
O,2-HIGH,0,FURNITURE,14,Clerk#000000937,1997-07-03,8727.9,860,1
O,5-LOW,3,MACHINERY,22,Clerk#000000695,1996-09-18,7882.44,242,1
F,1-URGENT,1,HOUSEHOLD,2,Clerk#000000909,1994-02-02,990.58,421,1
O,1-URGENT,1,HOUSEHOLD,24,Clerk#000000752,1997-10-03,2369.01,618,1
F,5-LOW,3,HOUSEHOLD,7,Clerk#000000768,1994-08-10,876.02,312,1
O,5-LOW,0,HOUSEHOLD,0,Clerk#000000237,1998-05-29,9497.89,737,1
O,2-HIGH,4,HOUSEHOLD,11,Clerk#000000161,1997-03-03,2135.6,580,1
O,1-URGENT,4,MACHINERY,13,Clerk#000000621,1996-09-23,4363.17,264,1
O,3-MEDIUM,2,BUILDING,12,Clerk#000000780,1995-06-12,-551.37,248,1
O,5-LOW,3,BUILDING,22,Clerk#000000191,1996-09-24,-616.79,468,1
P,5-LOW,4,FURNITURE,13,Clerk#000000332,1995-04-18,-375.76,389,1
O,5-LOW,0,MACHINERY,0,Clerk#000000237,1997-12-29,1696.95,968,1
O,4-NOT SPECIFIED,0,FURNITURE,14,Clerk#000000757,1996-08-16,8998.82,687,1
O,4-NOT SPECIFIED,3,BUILDING,23,Clerk#000000439,1996-02-07,2873.49,948,1
F,5-LOW,1,BUILDING,2,Clerk#000000776,1992-09-05,6738.93,6,1
O,3-MEDIUM,0,BUILDING,15,Clerk#000000030,1998-02-18,9768.73,811,1
F,1-URGENT,3,HOUSEHOLD,23,Clerk#000000546,1993-10-12,1796.09,489,1
O,2-HIGH,4,BUILDING,4,Clerk#000000534,1996-12-28,4804.57,126,1
O,4-NOT SPECIFIED,2,HOUSEHOLD,9,Clerk#000000388,1995-10-23,-202.22,532,1
O,5-LOW,1,BUILDING,1,Clerk#000000473,1997-09-06,2650.27,285,1
O,4-NOT SPECIFIED,0,BUILDING,15,Clerk#000000966,1995-12-30,-951.53,302,1
O,5-LOW,1,FURNITURE,17,Clerk#000000641,1997-04-05,7270.82,470,1
O,1-URGENT,3,FURNITURE,19,Clerk#000000491,1997-12-20,4425.42,40,1
F,1-URGENT,3,BUILDING,6,Clerk#000000950,1994-08-03,8667.09,30,1
P,5-LOW,4,FURNITURE,11,Clerk#000000615,1995-05-15,5222.83,194,1
O,2-HIGH,0,HOUSEHOLD,16,Clerk#000000889,1997-03-25,3482.32,455,1
O,1-URGENT,3,BUILDING,7,Clerk#000000789,1997-11-04,8227.37,730,1
O,4-NOT SPECIFIED,4,HOUSEHOLD,11,Clerk#000000346,1995-12-18,1378.67,839,1
O,5-LOW,2,MACHINERY,21,Clerk#000000987,1998-03-13,6314.25,978,1
F,5-LOW,1,BUILDING,1,Clerk#000000115,1992-01-05,7348.92,205,1
F,2-HIGH,0,BUILDING,14,Clerk#000000457,1994-10-05,7915.06,266,1
O,3-MEDIUM,0,BUILDING,16,Clerk#000000046,1998-06-26,2256.36,719,1
O,1-URGENT,1,FURNITURE,2,Clerk#000000767,1995-08-18,238.14,743,1
O,3-MEDIUM,1,HOUSEHOLD,1,Clerk#000000566,1996-05-19,705.93,523,1
F,5-LOW,4,BUILDING,11,Clerk#000000171,1992-01-11,7307.55,929,1
F,2-HIGH,4,AUTOMOBILE,4,Clerk#000000673,1994-10-20,1561.8,634,1
F,4-NOT SPECIFIED,0,MACHINERY,15,Clerk#000000853,1993-07-31,8825.71,851,1
O,4-NOT SPECIFIED,3,BUILDING,23,Clerk#000000983,1996-09-16,-565.35,107,1
F,5-LOW,2,FURNITURE,8,Clerk#000000008,1992-05-05,9787.56,695,1
O,1-URGENT,4,BUILDING,10,Clerk#000000859,1997-10-13,511.69,575,1
F,3-MEDIUM,2,MACHINERY,12,Clerk#000000391,1992-10-01,6464.77,731,1
F,2-HIGH,0,MACHINERY,14,Clerk#000000316,1992-03-24,7667.35,604,1
F,5-LOW,0,MACHINERY,16,Clerk#000000125,1993-06-22,6582.04,204,1
O,2-HIGH,0,AUTOMOBILE,16,Clerk#000000790,1998-01-15,6503.35,894,1
F,3-MEDIUM,2,BUILDING,21,Clerk#000000843,1993-11-10,2106.81,334,1
O,2-HIGH,2,FURNITURE,18,Clerk#000000799,1995-08-11,4483.83,393,1
O,4-NOT SPECIFIED,0,AUTOMOBILE,0,Clerk#000000659,1997-03-31,7659.72,984,1
O,3-MEDIUM,4,MACHINERY,13,Clerk#000000703,1996-08-15,6170.06,90,1
F,4-NOT SPECIFIED,3,HOUSEHOLD,7,Clerk#000000493,1992-06-09,1938.05,424,1
F,3-MEDIUM,2,FURNITURE,9,Clerk#000000478,1993-07-09,3929.96,460,1
F,5-LOW,0,BUILDING,14,Clerk#000000705,1994-02-21,5812.93,236,1
F,4-NOT SPECIFIED,1,FURNITURE,3,Clerk#000000135,1994-01-26,479.96,543,1
F,5-LOW,0,BUILDING,0,Clerk#000000329,1994-10-21,2432.73,711,1
O,4-NOT SPECIFIED,3,BUILDING,6,Clerk#000000820,1997-04-03,8667.09,30,1
O,3-MEDIUM,0,MACHINERY,14,Clerk#000000708,1996-08-11,3623.6,398,1
F,2-HIGH,3,MACHINERY,6,Clerk#000000193,1994-11-29,4266.13,908,1
F,2-HIGH,0,MACHINERY,0,Clerk#000000062,1994-10-01,-270.59,606,1
O,3-MEDIUM,3,BUILDING,7,Clerk#000000919,1997-11-26,8227.37,730,1
F,3-MEDIUM,3,MACHINERY,7,Clerk#000000522,1994-07-07,3714.06,624,1
P,4-NOT SPECIFIED,1,MACHINERY,24,Clerk#000000630,1995-05-05,3242.1,500,1
O,4-NOT SPECIFIED,0,MACHINERY,16,Clerk#000000086,1996-11-26,9786.36,281,1
O,4-NOT SPECIFIED,1,BUILDING,3,Clerk#000000894,1997-07-06,3857.34,212,1
O,3-MEDIUM,2,HOUSEHOLD,21,Clerk#000000689,1995-04-30,9977.62,289,1
F,2-HIGH,4,AUTOMOBILE,13,Clerk#000000412,1993-06-28,6123.69,653,1
F,2-HIGH,4,BUILDING,20,Clerk#000000322,1994-03-28,5579.81,178,1
F,2-HIGH,3,BUILDING,19,Clerk#000000302,1993-03-16,2583.91,60,1
F,2-HIGH,4,HOUSEHOLD,20,Clerk#000000432,1994-06-28,8495.92,345,1
O,5-LOW,1,BUILDING,3,Clerk#000000425,1996-04-05,9459.5,158,1
F,3-MEDIUM,0,FURNITURE,14,Clerk#000000913,1992-10-07,8998.82,687,1
F,2-HIGH,0,BUILDING,0,Clerk#000000861,1994-01-24,2409.69,374,1
F,5-LOW,1,AUTOMOBILE,2,Clerk#000000666,1994-06-08,5340.67,93,1
O,2-HIGH,2,HOUSEHOLD,9,Clerk#000000642,1996-09-04,5073.58,447,1
O,5-LOW,0,BUILDING,16,Clerk#000000767,1997-06-09,3987.39,403,1
F,4-NOT SPECIFIED,1,BUILDING,24,Clerk#000000611,1992-09-21,5859.97,383,1
F,5-LOW,4,MACHINERY,13,Clerk#000000720,1992-09-03,-897.04,531,1
O,2-HIGH,0,BUILDING,15,Clerk#000000891,1998-03-01,9010.02,879,1
O,3-MEDIUM,1,AUTOMOBILE,2,Clerk#000000307,1997-10-20,5340.67,93,1
O,2-HIGH,4,FURNITURE,4,Clerk#000000115,1996-12-14,9207.16,522,1
F,4-NOT SPECIFIED,2,AUTOMOBILE,18,Clerk#000000510,1994-06-21,2501.74,485,1
F,1-URGENT,1,AUTOMOBILE,2,Clerk#000000169,1992-02-03,1543.64,486,1
F,5-LOW,2,MACHINERY,9,Clerk#000000860,1993-01-15,4389.66,585,1
F,5-LOW,2,MACHINERY,8,Clerk#000000046,1994-04-10,4086.56,228,1
O,2-HIGH,1,BUILDING,2,Clerk#000000439,1996-02-07,90.22,94,1
F,3-MEDIUM,3,HOUSEHOLD,7,Clerk#000000838,1993-01-02,9305.05,69,1
F,3-MEDIUM,0,MACHINERY,16,Clerk#000000743,1993-12-20,3959.28,277,1
F,3-MEDIUM,1,BUILDING,17,Clerk#000000462,1994-08-28,1738.87,999,1
F,4-NOT SPECIFIED,0,MACHINERY,15,Clerk#000000543,1994-12-02,8825.71,851,1
F,1-URGENT,1,MACHINERY,2,Clerk#000000903,1994-09-07,4768.8,170,1
F,5-LOW,2,FURNITURE,21,Clerk#000000434,1994-02-28,2272.5,346,1
F,4-NOT SPECIFIED,3,FURNITURE,19,Clerk#000000065,1993-04-05,4695.12,501,1
F,1-URGENT,1,MACHINERY,2,Clerk#000000162,1993-02-23,2338.92,10,1
F,3-MEDIUM,4,HOUSEHOLD,20,Clerk#000000289,1992-02-25,4489.98,13,1
O,2-HIGH,3,BUILDING,22,Clerk#000000738,1996-02-24,6058.08,92,1
F,5-LOW,0,FURNITURE,14,Clerk#000000589,1993-01-26,8998.82,687,1
F,2-HIGH,1,AUTOMOBILE,3,Clerk#000000526,1992-04-14,754.41,367,1
F,1-URGENT,0,FURNITURE,0,Clerk#000000009,1992-08-17,1295.54,458,1
P,4-NOT SPECIFIED,1,MACHINERY,17,Clerk#000000913,1995-03-06,2039.84,219,1
O,5-LOW,4,FURNITURE,4,Clerk#000000890,1996-10-07,7654.31,243,1
F,4-NOT SPECIFIED,2,MACHINERY,9,Clerk#000000142,1994-02-03,4910.48,171,1
O,4-NOT SPECIFIED,0,MACHINERY,0,Clerk#000000137,1997-06-16,-270.59,606,1
F,3-MEDIUM,2,HOUSEHOLD,12,Clerk#000000031,1994-03-18,938.35,292,1
F,5-LOW,0,BUILDING,14,Clerk#000000433,1993-08-30,-61.29,290,1
F,5-LOW,2,BUILDING,12,Clerk#000000155,1994-05-11,-551.37,248,1
P,5-LOW,4,HOUSEHOLD,20,Clerk#000000263,1995-02-25,3597.53,465,1
F,1-URGENT,1,BUILDING,1,Clerk#000000144,1992-08-19,2650.27,285,1
O,4-NOT SPECIFIED,2,HOUSEHOLD,9,Clerk#000000518,1996-01-08,4966.58,174,1
O,4-NOT SPECIFIED,4,MACHINERY,13,Clerk#000000027,1998-06-15,-897.04,531,1
P,3-MEDIUM,4,FURNITURE,10,Clerk#000000650,1995-05-24,4681.03,759,1
F,2-HIGH,3,FURNITURE,22,Clerk#000000403,1992-06-11,7616.48,545,1
F,5-LOW,4,FURNITURE,13,Clerk#000000622,1992-07-27,7073.17,437,1
O,5-LOW,2,HOUSEHOLD,8,Clerk#000000205,1997-10-31,-654.5,348,1
F,3-MEDIUM,4,AUTOMOBILE,10,Clerk#000000772,1994-10-19,1939.39,520,1
F,1-URGENT,3,BUILDING,6,Clerk#000000767,1992-01-12,8667.09,30,1
F,2-HIGH,1,AUTOMOBILE,2,Clerk#000000538,1992-06-08,5340.67,93,1
O,2-HIGH,2,HOUSEHOLD,21,Clerk#000000095,1996-01-09,9977.62,289,1
O,3-MEDIUM,2,MACHINERY,12,Clerk#000000802,1997-12-24,6906.08,931,1
F,5-LOW,2,FURNITURE,8,Clerk#000000558,1994-06-26,-917.75,222,1
F,3-MEDIUM,0,BUILDING,5,Clerk#000000163,1994-01-09,9533.37,824,1
F,4-NOT SPECIFIED,4,FURNITURE,20,Clerk#000000184,1992-09-26,8746.23,59,1
O,1-URGENT,0,FURNITURE,0,Clerk#000000882,1997-11-10,5184.7,275,1
O,1-URGENT,3,BUILDING,22,Clerk#000000913,1996-05-12,367.82,582,1
O,5-LOW,4,BUILDING,10,Clerk#000000196,1996-04-27,8217.23,827,1
O,4-NOT SPECIFIED,4,FURNITURE,13,Clerk#000000177,1998-06-28,5974.11,408,1
F,2-HIGH,3,MACHINERY,22,Clerk#000000498,1995-01-30,0.97,423,1
F,3-MEDIUM,3,BUILDING,6,Clerk#000000197,1995-02-25,8667.09,30,1
F,2-HIGH,0,MACHINERY,15,Clerk#000000965,1993-11-09,1666.07,881,1
F,3-MEDIUM,0,BUILDING,15,Clerk#000000723,1994-03-01,3225.07,771,1
O,2-HIGH,0,AUTOMOBILE,16,Clerk#000000455,1997-03-17,7315.94,324,1
F,2-HIGH,0,HOUSEHOLD,5,Clerk#000000829,1993-07-26,2023.59,397,1
F,4-NOT SPECIFIED,2,MACHINERY,9,Clerk#000000444,1994-06-16,8166.59,370,1
F,4-NOT SPECIFIED,4,AUTOMOBILE,20,Clerk#000000758,1992-08-31,-729.09,557,1
F,5-LOW,4,AUTOMOBILE,4,Clerk#000000009,1992-12-01,-614.28,560,1
F,2-HIGH,2,MACHINERY,18,Clerk#000000234,1993-12-29,6403.62,1,1
F,3-MEDIUM,0,HOUSEHOLD,15,Clerk#000000212,1995-03-11,8589.7,20,1
O,3-MEDIUM,0,BUILDING,15,Clerk#000000516,1996-03-16,3471.53,998,1
F,4-NOT SPECIFIED,1,MACHINERY,2,Clerk#000000807,1993-06-08,5830.69,567,1
F,1-URGENT,0,MACHINERY,16,Clerk#000000004,1993-04-21,7917.9,816,1
O,3-MEDIUM,1,FURNITURE,24,Clerk#000000104,1998-07-19,4038.45,112,1
F,2-HIGH,0,HOUSEHOLD,14,Clerk#000000180,1994-12-14,6344.18,493,1
O,5-LOW,3,AUTOMOBILE,7,Clerk#000000242,1997-05-26,7548.88,278,1
F,2-HIGH,0,MACHINERY,0,Clerk#000000060,1992-02-18,-270.59,606,1
O,3-MEDIUM,3,FURNITURE,22,Clerk#000000295,1997-08-21,9491.46,789,1
F,5-LOW,1,FURNITURE,17,Clerk#000000372,1992-02-18,7305.88,300,1
F,5-LOW,1,MACHINERY,17,Clerk#000000064,1993-04-21,6679.2,890,1
O,2-HIGH,3,FURNITURE,23,Clerk#000000451,1996-08-30,1709.5,435,1
O,3-MEDIUM,4,AUTOMOBILE,13,Clerk#000000890,1996-09-17,121.65,801,1
O,1-URGENT,4,BUILDING,10,Clerk#000000285,1998-06-24,3199.03,207,1
O,2-HIGH,4,AUTOMOBILE,4,Clerk#000000112,1995-11-15,8798.96,644,1
F,5-LOW,3,AUTOMOBILE,23,Clerk#000000429,1994-01-10,8795.16,558,1
F,5-LOW,2,AUTOMOBILE,9,Clerk#000000626,1992-02-06,6569.34,571,1
O,4-NOT SPECIFIED,3,AUTOMOBILE,6,Clerk#000000558,1998-05-30,4396.25,442,1
F,5-LOW,2,HOUSEHOLD,8,Clerk#000000055,1992-02-05,2840.59,272,1
F,5-LOW,0,BUILDING,16,Clerk#000000830,1994-02-01,4677.55,491,1
F,3-MEDIUM,1,MACHINERY,1,Clerk#000000282,1995-02-04,3288.42,797,1
F,4-NOT SPECIFIED,4,BUILDING,13,Clerk#000000444,1993-09-25,3367.36,66,1
F,5-LOW,3,BUILDING,19,Clerk#000000598,1994-02-10,5561.93,573,1
O,5-LOW,2,MACHINERY,8,Clerk#000000294,1997-06-22,3993.54,722,1
O,4-NOT SPECIFIED,4,HOUSEHOLD,11,Clerk#000000172,1997-09-15,3931.31,323,1
F,5-LOW,3,BUILDING,22,Clerk#000000870,1992-02-24,-616.79,468,1
F,4-NOT SPECIFIED,4,BUILDING,20,Clerk#000000786,1993-07-27,-574.39,12,1
O,5-LOW,3,AUTOMOBILE,19,Clerk#000000766,1995-10-10,5810.56,98,1
F,3-MEDIUM,2,HOUSEHOLD,21,Clerk#000000826,1994-09-09,6837.46,818,1
F,1-URGENT,1,BUILDING,1,Clerk#000000047,1994-10-16,7348.92,205,1
O,2-HIGH,4,BUILDING,20,Clerk#000000208,1997-08-09,4245,559,1
F,1-URGENT,1,HOUSEHOLD,24,Clerk#000000184,1993-01-25,737.03,446,1
O,4-NOT SPECIFIED,1,FURNITURE,17,Clerk#000000646,1996-06-18,4954.25,632,1
F,4-NOT SPECIFIED,4,HOUSEHOLD,20,Clerk#000000276,1993-04-11,8450.37,770,1
P,2-HIGH,2,HOUSEHOLD,8,Clerk#000000294,1995-03-03,7508.92,764,1
O,5-LOW,1,FURNITURE,1,Clerk#000000875,1998-03-06,3186.57,874,1
F,4-NOT SPECIFIED,4,FURNITURE,10,Clerk#000000481,1992-09-19,3589.49,358,1
O,1-URGENT,3,HOUSEHOLD,6,Clerk#000000486,1998-07-12,5503.36,732,1
F,2-HIGH,1,BUILDING,24,Clerk#000000837,1992-09-03,9712.75,498,1
F,4-NOT SPECIFIED,4,MACHINERY,10,Clerk#000000058,1993-10-07,8966.63,5,1
O,2-HIGH,2,BUILDING,21,Clerk#000000245,1997-01-10,1952.36,154,1
O,5-LOW,3,BUILDING,7,Clerk#000000962,1997-03-30,4349.27,415,1
P,4-NOT SPECIFIED,4,MACHINERY,13,Clerk#000000071,1995-03-25,-897.04,531,1
O,5-LOW,4,FURNITURE,20,Clerk#000000116,1996-04-11,5867.61,853,1
F,2-HIGH,2,HOUSEHOLD,18,Clerk#000000934,1992-11-10,4723.37,852,1
F,5-LOW,4,HOUSEHOLD,20,Clerk#000000409,1994-07-01,2110.59,436,1
F,5-LOW,1,HOUSEHOLD,17,Clerk#000000037,1995-01-10,2675.73,184,1
F,1-URGENT,4,HOUSEHOLD,20,Clerk#000000542,1993-10-14,1634.7,533,1
O,2-HIGH,2,MACHINERY,18,Clerk#000000274,1998-07-20,6403.62,1,1
O,5-LOW,3,MACHINERY,19,Clerk#000000145,1997-08-10,1422.57,833,1
O,1-URGENT,0,BUILDING,5,Clerk#000000144,1997-06-13,9562.82,791,1
O,3-MEDIUM,2,FURNITURE,18,Clerk#000000243,1996-02-10,8341.71,617,1
O,4-NOT SPECIFIED,2,MACHINERY,12,Clerk#000000480,1997-03-29,0.97,917,1
F,4-NOT SPECIFIED,0,FURNITURE,14,Clerk#000000798,1993-10-05,6487.71,869,1
F,4-NOT SPECIFIED,0,AUTOMOBILE,14,Clerk#000000156,1993-08-22,9443.39,167,1
F,4-NOT SPECIFIED,1,BUILDING,1,Clerk#000000898,1994-04-10,4189.04,144,1
F,3-MEDIUM,3,BUILDING,23,Clerk#000000006,1993-10-13,9465.15,761,1
O,1-URGENT,4,HOUSEHOLD,20,Clerk#000000382,1996-06-30,8495.92,345,1
F,1-URGENT,1,BUILDING,1,Clerk#000000063,1994-11-05,-132.97,916,1
F,1-URGENT,2,AUTOMOBILE,9,Clerk#000000996,1992-07-23,2326.68,751,1
O,4-NOT SPECIFIED,2,BUILDING,18,Clerk#000000666,1996-09-22,1685.9,134,1
O,3-MEDIUM,1,MACHINERY,2,Clerk#000000767,1996-05-31,7470.96,884,1
F,4-NOT SPECIFIED,2,HOUSEHOLD,12,Clerk#000000742,1992-11-27,5841.33,136,1
O,5-LOW,3,FURNITURE,22,Clerk#000000826,1996-07-19,4867.52,954,1
F,1-URGENT,3,MACHINERY,6,Clerk#000000329,1992-04-16,1490.35,247,1
F,2-HIGH,1,AUTOMOBILE,17,Clerk#000000072,1995-04-30,2314.67,640,1
F,4-NOT SPECIFIED,0,HOUSEHOLD,5,Clerk#000000366,1995-01-11,5950.86,867,1
O,3-MEDIUM,2,BUILDING,9,Clerk#000000689,1996-03-15,3016.38,680,1
O,2-HIGH,0,MACHINERY,15,Clerk#000000502,1998-01-04,1725.68,844,1
O,5-LOW,1,BUILDING,1,Clerk#000000110,1996-11-29,7568.07,591,1
F,2-HIGH,0,BUILDING,16,Clerk#000000802,1993-06-24,4677.55,491,1
O,5-LOW,4,HOUSEHOLD,13,Clerk#000000166,1995-08-03,-112.46,276,1
O,3-MEDIUM,3,BUILDING,19,Clerk#000000005,1997-07-20,1525.96,481,1
O,3-MEDIUM,1,BUILDING,1,Clerk#000000018,1996-01-31,9768.21,351,1
O,4-NOT SPECIFIED,2,MACHINERY,12,Clerk#000000725,1997-07-11,6963.68,629,1
F,4-NOT SPECIFIED,1,BUILDING,1,Clerk#000000480,1994-12-27,3893.14,140,1
P,3-MEDIUM,4,HOUSEHOLD,20,Clerk#000000243,1995-05-14,1634.7,533,1
F,5-LOW,2,MACHINERY,18,Clerk#000000158,1994-06-09,7055.13,287,1
O,1-URGENT,3,AUTOMOBILE,23,Clerk#000000416,1998-04-19,6589.5,725,1
F,2-HIGH,4,AUTOMOBILE,10,Clerk#000000246,1994-01-04,9180.5,386,1
O,5-LOW,3,FURNITURE,19,Clerk#000000664,1996-10-13,5896.87,163,1
F,4-NOT SPECIFIED,3,AUTOMOBILE,6,Clerk#000000948,1994-12-20,3288.76,678,1
F,4-NOT SPECIFIED,1,HOUSEHOLD,2,Clerk#000000565,1992-07-22,1228.06,763,1
O,5-LOW,2,AUTOMOBILE,8,Clerk#000000843,1997-06-10,6269.42,395,1
F,1-URGENT,1,HOUSEHOLD,2,Clerk#000000415,1993-02-07,8993.23,897,1
O,4-NOT SPECIFIED,1,BUILDING,1,Clerk#000000423,1997-03-25,2650.27,285,1
F,5-LOW,3,BUILDING,22,Clerk#000000904,1994-10-29,6035.44,777,1
F,2-HIGH,3,HOUSEHOLD,23,Clerk#000000483,1995-02-19,32.24,451,1
O,1-URGENT,0,HOUSEHOLD,5,Clerk#000000704,1998-02-21,2753.54,315,1
F,1-URGENT,4,HOUSEHOLD,4,Clerk#000000714,1992-07-25,7979.48,519,1
O,3-MEDIUM,2,MACHINERY,9,Clerk#000000877,1998-04-06,8747.99,340,1
O,2-HIGH,1,AUTOMOBILE,3,Clerk#000000031,1996-10-01,9008.61,417,1
O,5-LOW,2,BUILDING,8,Clerk#000000462,1997-09-28,2005.02,607,1
F,5-LOW,2,AUTOMOBILE,18,Clerk#000000133,1993-04-08,8303.09,430,1
O,4-NOT SPECIFIED,4,HOUSEHOLD,4,Clerk#000000893,1998-03-30,-986.96,802,1
O,1-URGENT,1,FURNITURE,17,Clerk#000000616,1998-04-04,5436.81,231,1
O,2-HIGH,3,HOUSEHOLD,6,Clerk#000000076,1996-06-10,5503.36,732,1
F,2-HIGH,0,MACHINERY,5,Clerk#000000650,1995-01-11,-44.66,684,1
F,1-URGENT,2,BUILDING,12,Clerk#000000891,1992-10-11,594.5,402,1
O,1-URGENT,2,BUILDING,12,Clerk#000000174,1995-07-19,2584.52,990,1
O,1-URGENT,4,AUTOMOBILE,10,Clerk#000000001,1998-07-11,8631.35,783,1
O,4-NOT SPECIFIED,4,MACHINERY,11,Clerk#000000318,1998-05-17,1959.17,660,1
F,4-NOT SPECIFIED,3,HOUSEHOLD,6,Clerk#000000593,1992-07-26,2273.5,828,1
O,2-HIGH,0,BUILDING,0,Clerk#000000884,1997-09-04,-566.86,476,1
O,5-LOW,3,FURNITURE,22,Clerk#000000876,1997-09-28,9491.46,789,1
O,1-URGENT,1,BUILDING,1,Clerk#000000947,1996-03-12,4455.76,814,1
F,4-NOT SPECIFIED,4,FURNITURE,4,Clerk#000000691,1995-04-22,5439.44,121,1
F,4-NOT SPECIFIED,4,HOUSEHOLD,13,Clerk#000000194,1995-01-13,4128.86,693,1
O,1-URGENT,3,BUILDING,19,Clerk#000000860,1995-12-08,5561.93,573,1
O,2-HIGH,3,HOUSEHOLD,22,Clerk#000000106,1998-01-23,5420.32,175,1
O,4-NOT SPECIFIED,4,BUILDING,13,Clerk#000000183,1995-10-22,4198.72,22,1
F,5-LOW,4,BUILDING,4,Clerk#000000312,1993-10-27,-258.77,734,1
F,4-NOT SPECIFIED,2,BUILDING,21,Clerk#000000727,1993-07-26,5509.11,15,1
F,4-NOT SPECIFIED,0,AUTOMOBILE,15,Clerk#000000135,1994-12-28,7420.6,614,1
O,2-HIGH,3,FURNITURE,23,Clerk#000000841,1997-12-11,1437.55,384,1
O,5-LOW,2,BUILDING,21,Clerk#000000694,1996-06-04,5465.29,539,1
F,3-MEDIUM,4,HOUSEHOLD,20,Clerk#000000265,1993-09-18,8450.37,770,1
O,1-URGENT,4,BUILDING,20,Clerk#000000399,1996-05-31,9680.51,938,1
O,3-MEDIUM,4,MACHINERY,20,Clerk#000000292,1998-03-30,3942.11,418,1
O,5-LOW,0,FURNITURE,5,Clerk#000000355,1996-01-28,5447.12,966,1
O,4-NOT SPECIFIED,4,HOUSEHOLD,11,Clerk#000000944,1996-07-12,7462.2,293,1
O,5-LOW,0,AUTOMOBILE,5,Clerk#000000179,1996-04-10,1605.76,773,1
F,1-URGENT,1,HOUSEHOLD,24,Clerk#000000400,1994-03-14,737.03,446,1
F,1-URGENT,0,FURNITURE,0,Clerk#000000153,1993-12-22,7383.53,414,1
F,5-LOW,4,HOUSEHOLD,20,Clerk#000000612,1994-04-07,6013.09,845,1
O,4-NOT SPECIFIED,2,BUILDING,18,Clerk#000000909,1997-12-02,108.14,305,1
F,2-HIGH,4,AUTOMOBILE,10,Clerk#000000777,1993-06-08,498.77,3,1
F,1-URGENT,4,FURNITURE,10,Clerk#000000759,1994-07-10,3959.71,350,1
O,2-HIGH,4,FURNITURE,11,Clerk#000000871,1997-05-26,4356.59,595,1
O,2-HIGH,2,MACHINERY,8,Clerk#000000182,1996-06-07,4086.56,228,1
F,3-MEDIUM,0,FURNITURE,0,Clerk#000000592,1993-09-09,1295.54,458,1
F,1-URGENT,0,FURNITURE,15,Clerk#000000063,1992-06-04,8781.53,39,1
O,4-NOT SPECIFIED,4,FURNITURE,10,Clerk#000000361,1997-12-08,1975.35,271,1
O,3-MEDIUM,1,BUILDING,17,Clerk#000000140,1996-09-15,6428.32,104,1
O,5-LOW,0,FURNITURE,14,Clerk#000000192,1996-11-01,6935.16,483,1
O,1-URGENT,3,FURNITURE,23,Clerk#000000867,1996-09-15,2829.07,667,1
O,1-URGENT,0,MACHINERY,5,Clerk#000000268,1996-04-28,5027.75,510,1
O,1-URGENT,3,FURNITURE,19,Clerk#000000160,1997-06-04,2953.35,700,1
O,3-MEDIUM,3,BUILDING,6,Clerk#000000403,1998-02-20,8667.09,30,1
F,4-NOT SPECIFIED,4,FURNITURE,10,Clerk#000000687,1992-08-20,4681.03,759,1
F,3-MEDIUM,2,FURNITURE,8,Clerk#000000023,1993-06-03,9365.93,353,1
F,4-NOT SPECIFIED,1,AUTOMOBILE,2,Clerk#000000833,1992-05-28,9749.37,401,1
F,4-NOT SPECIFIED,0,BUILDING,5,Clerk#000000154,1992-03-29,7889.64,960,1
P,2-HIGH,2,BUILDING,9,Clerk#000000626,1995-03-01,7887.6,724,1
O,1-URGENT,2,MACHINERY,12,Clerk#000000556,1997-05-01,7929.9,132,1
O,5-LOW,4,BUILDING,20,Clerk#000000411,1997-09-14,7476.2,68,1
F,1-URGENT,3,FURNITURE,22,Clerk#000000398,1994-07-05,9491.46,789,1
O,2-HIGH,4,AUTOMOBILE,10,Clerk#000000640,1998-05-06,8898.67,951,1
O,4-NOT SPECIFIED,4,AUTOMOBILE,11,Clerk#000000586,1995-11-27,5134.35,668,1
O,5-LOW,2,FURNITURE,18,Clerk#000000368,1997-05-11,7760.33,274,1
P,1-URGENT,2,HOUSEHOLD,9,Clerk#000000659,1995-04-06,5073.58,447,1
O,4-NOT SPECIFIED,0,FURNITURE,0,Clerk#000000395,1998-04-20,8635.49,986,1
F,3-MEDIUM,2,FURNITURE,9,Clerk#000000395,1992-12-11,8328.12,462,1
F,1-URGENT,4,FURNITURE,20,Clerk#000000582,1992-11-17,5570.69,970,1
F,2-HIGH,2,BUILDING,9,Clerk#000000888,1994-08-18,7887.6,724,1
F,5-LOW,1,BUILDING,2,Clerk#000000339,1992-10-30,3937.58,488,1
F,5-LOW,0,HOUSEHOLD,15,Clerk#000000682,1992-02-18,2377.34,362,1
O,2-HIGH,0,BUILDING,0,Clerk#000000855,1997-10-03,8921.97,237,1
F,5-LOW,4,FURNITURE,13,Clerk#000000903,1994-03-14,4571.31,823,1
F,2-HIGH,1,FURNITURE,24,Clerk#000000201,1992-03-28,2336.99,44,1
F,1-URGENT,0,AUTOMOBILE,16,Clerk#000000971,1993-09-08,8031.44,547,1
F,5-LOW,3,AUTOMOBILE,23,Clerk#000000987,1993-04-29,668.51,474,1
F,4-NOT SPECIFIED,0,HOUSEHOLD,15,Clerk#000000375,1993-06-13,2506.38,364,1
F,5-LOW,2,MACHINERY,9,Clerk#000000932,1994-01-08,8166.59,370,1
O,2-HIGH,3,HOUSEHOLD,23,Clerk#000000380,1997-02-14,5236.89,786,1
F,3-MEDIUM,3,MACHINERY,23,Clerk#000000176,1992-01-22,52.43,600,1
F,2-HIGH,3,HOUSEHOLD,6,Clerk#000000084,1994-06-12,2273.5,828,1
F,4-NOT SPECIFIED,1,BUILDING,2,Clerk#000000972,1994-10-13,90.22,94,1
O,5-LOW,2,HOUSEHOLD,18,Clerk#000000678,1995-09-16,4723.37,852,1
O,3-MEDIUM,2,MACHINERY,9,Clerk#000000554,1996-07-11,4910.48,171,1
F,5-LOW,2,HOUSEHOLD,8,Clerk#000000893,1992-07-15,3354.47,130,1
F,4-NOT SPECIFIED,0,MACHINERY,5,Clerk#000000131,1992-10-08,2020.15,896,1
O,5-LOW,2,FURNITURE,8,Clerk#000000252,1997-10-16,1007.18,568,1
O,1-URGENT,2,AUTOMOBILE,21,Clerk#000000739,1998-02-01,6533.53,265,1
O,3-MEDIUM,0,FURNITURE,0,Clerk#000000701,1998-07-24,1295.54,458,1
F,2-HIGH,0,BUILDING,15,Clerk#000000847,1994-05-14,7687.89,268,1
O,3-MEDIUM,3,MACHINERY,19,Clerk#000000592,1998-03-23,1422.57,833,1
O,3-MEDIUM,0,FURNITURE,16,Clerk#000000057,1998-01-02,8873.46,752,1
O,2-HIGH,1,BUILDING,17,Clerk#000000987,1997-10-28,2718.02,79,1
O,1-URGENT,3,FURNITURE,6,Clerk#000000313,1997-03-13,1834.36,405,1
O,5-LOW,2,HOUSEHOLD,21,Clerk#000000714,1998-05-07,3195.96,85,1
P,5-LOW,4,FURNITURE,10,Clerk#000000045,1995-04-17,4573.94,295,1
O,2-HIGH,0,FURNITURE,0,Clerk#000000198,1996-04-17,7383.53,414,1
F,1-URGENT,4,BUILDING,20,Clerk#000000712,1992-02-14,7451.84,157,1
F,1-URGENT,3,FURNITURE,23,Clerk#000000640,1994-11-07,4092.49,766,1
O,1-URGENT,4,AUTOMOBILE,10,Clerk#000000107,1996-07-10,-215.75,527,1
F,5-LOW,1,BUILDING,1,Clerk#000000330,1993-11-18,4455.76,814,1
F,4-NOT SPECIFIED,4,FURNITURE,10,Clerk#000000699,1993-12-05,4681.03,759,1
F,4-NOT SPECIFIED,2,BUILDING,21,Clerk#000000573,1992-07-02,5465.29,539,1
F,2-HIGH,4,AUTOMOBILE,4,Clerk#000000034,1992-09-04,7760.52,937,1
P,5-LOW,1,BUILDING,3,Clerk#000000959,1995-04-14,7149.43,347,1
F,3-MEDIUM,4,HOUSEHOLD,13,Clerk#000000102,1993-03-13,3686.07,850,1
F,1-URGENT,1,HOUSEHOLD,17,Clerk#000000668,1993-11-06,2675.73,184,1
O,1-URGENT,1,FURNITURE,24,Clerk#000000437,1995-09-07,9225.6,169,1
F,4-NOT SPECIFIED,1,MACHINERY,3,Clerk#000000612,1993-04-19,857.7,459,1
F,2-HIGH,4,AUTOMOBILE,10,Clerk#000000433,1993-03-30,1939.39,520,1
F,5-LOW,1,FURNITURE,3,Clerk#000000687,1993-07-16,7746.97,101,1
O,5-LOW,0,FURNITURE,5,Clerk#000000605,1998-05-31,7541.05,269,1
F,2-HIGH,0,BUILDING,0,Clerk#000000068,1994-11-25,4288.5,739,1
O,3-MEDIUM,0,BUILDING,0,Clerk#000000997,1997-12-12,2072.99,147,1
O,1-URGENT,1,BUILDING,1,Clerk#000000135,1996-10-31,4189.04,144,1
F,4-NOT SPECIFIED,0,BUILDING,0,Clerk#000000636,1992-11-27,1377.52,715,1
F,3-MEDIUM,4,MACHINERY,10,Clerk#000000488,1992-04-01,4572.11,819,1
O,2-HIGH,1,HOUSEHOLD,3,Clerk#000000945,1996-04-13,3332.02,86,1
O,4-NOT SPECIFIED,1,BUILDING,3,Clerk#000000128,1995-06-16,3857.34,212,1
F,2-HIGH,4,BUILDING,11,Clerk#000000440,1993-05-24,9032.89,872,1
O,3-MEDIUM,3,HOUSEHOLD,22,Clerk#000000549,1997-12-21,5420.32,175,1
O,3-MEDIUM,0,BUILDING,14,Clerk#000000922,1995-10-11,-98.46,141,1
O,4-NOT SPECIFIED,4,BUILDING,13,Clerk#000000199,1997-01-10,4990.92,49,1
O,1-URGENT,3,BUILDING,22,Clerk#000000325,1995-12-12,6463.51,246,1
O,4-NOT SPECIFIED,1,BUILDING,2,Clerk#000000643,1995-09-14,2883.24,78,1
O,4-NOT SPECIFIED,3,HOUSEHOLD,7,Clerk#000000555,1995-09-03,9108.61,676,1
O,5-LOW,3,FURNITURE,6,Clerk#000000051,1997-11-24,-526.14,757,1
O,4-NOT SPECIFIED,0,BUILDING,5,Clerk#000000274,1996-04-09,3247.92,670,1
O,3-MEDIUM,0,FURNITURE,14,Clerk#000000577,1996-01-15,6375.23,250,1
O,4-NOT SPECIFIED,0,AUTOMOBILE,0,Clerk#000000211,1997-01-10,138.31,202,1
F,3-MEDIUM,0,BUILDING,16,Clerk#000000561,1992-07-30,4677.55,491,1
F,5-LOW,3,AUTOMOBILE,7,Clerk#000000284,1994-07-08,5872.94,378,1
F,5-LOW,4,AUTOMOBILE,11,Clerk#000000485,1994-09-13,9270.88,336,1
O,1-URGENT,1,MACHINERY,1,Clerk#000000931,1997-01-02,3288.42,797,1
O,1-URGENT,4,HOUSEHOLD,20,Clerk#000000093,1998-06-16,3597.53,465,1
O,1-URGENT,0,BUILDING,5,Clerk#000000999,1997-01-07,6709.9,835,1
O,3-MEDIUM,3,BUILDING,19,Clerk#000000951,1998-05-12,1498.46,957,1
F,2-HIGH,1,MACHINERY,24,Clerk#000000477,1992-05-28,2925.52,876,1
O,4-NOT SPECIFIED,1,BUILDING,1,Clerk#000000870,1995-11-14,178.73,514,1
O,3-MEDIUM,4,MACHINERY,10,Clerk#000000419,1996-06-02,3829.03,452,1
O,2-HIGH,4,BUILDING,20,Clerk#000000437,1998-05-05,7621.56,898,1
P,3-MEDIUM,2,AUTOMOBILE,18,Clerk#000000217,1995-03-31,4967.24,471,1
F,1-URGENT,4,BUILDING,10,Clerk#000000461,1995-02-21,-275.73,304,1
O,5-LOW,2,AUTOMOBILE,18,Clerk#000000349,1997-04-04,9750.71,846,1
P,1-URGENT,4,HOUSEHOLD,20,Clerk#000000758,1995-05-24,8450.37,770,1
F,3-MEDIUM,1,FURNITURE,17,Clerk#000000750,1994-11-21,7305.88,300,1
O,5-LOW,4,AUTOMOBILE,10,Clerk#000000048,1997-05-21,498.77,3,1
O,2-HIGH,2,AUTOMOBILE,21,Clerk#000000124,1997-09-22,2226.8,883,1
F,2-HIGH,2,MACHINERY,21,Clerk#000000383,1993-12-01,1663.28,918,1
O,5-LOW,0,AUTOMOBILE,5,Clerk#000000414,1997-10-07,4974.68,108,1
F,2-HIGH,2,AUTOMOBILE,21,Clerk#000000089,1992-10-10,3420.64,654,1
O,2-HIGH,1,FURNITURE,24,Clerk#000000865,1998-05-27,2336.99,44,1
F,5-LOW,3,MACHINERY,19,Clerk#000000982,1994-08-11,6807.55,635,1
F,5-LOW,2,AUTOMOBILE,21,Clerk#000000912,1994-04-22,170.46,674,1
F,3-MEDIUM,1,BUILDING,1,Clerk#000000371,1994-05-03,3893.14,140,1
F,2-HIGH,1,AUTOMOBILE,17,Clerk#000000820,1992-05-06,2164.48,361,1
F,4-NOT SPECIFIED,3,HOUSEHOLD,22,Clerk#000000040,1993-07-19,-109.73,17,1
O,1-URGENT,4,FURNITURE,13,Clerk#000000384,1996-02-09,-375.76,389,1
P,3-MEDIUM,2,BUILDING,21,Clerk#000000427,1995-04-20,3812.84,394,1
F,1-URGENT,3,FURNITURE,22,Clerk#000000156,1994-03-03,3387.22,461,1
O,1-URGENT,1,HOUSEHOLD,24,Clerk#000000532,1997-05-07,-273.96,762,1
O,1-URGENT,0,HOUSEHOLD,14,Clerk#000000496,1996-05-13,1799.67,720,1
O,4-NOT SPECIFIED,2,BUILDING,12,Clerk#000000224,1996-02-07,2912,195,1
O,4-NOT SPECIFIED,3,BUILDING,19,Clerk#000000969,1996-02-25,2583.91,60,1
F,1-URGENT,0,MACHINERY,16,Clerk#000000580,1992-03-27,9786.36,281,1
O,3-MEDIUM,0,AUTOMOBILE,0,Clerk#000000869,1998-01-16,785.37,987,1
O,3-MEDIUM,1,BUILDING,2,Clerk#000000289,1997-07-14,90.22,94,1
F,3-MEDIUM,1,BUILDING,1,Clerk#000000290,1993-09-15,9768.21,351,1
F,4-NOT SPECIFIED,4,BUILDING,11,Clerk#000000797,1994-06-21,9032.89,872,1
O,3-MEDIUM,4,FURNITURE,20,Clerk#000000064,1997-03-29,5570.69,970,1
F,4-NOT SPECIFIED,4,HOUSEHOLD,13,Clerk#000000169,1995-01-19,-112.46,276,1
F,5-LOW,1,AUTOMOBILE,2,Clerk#000000580,1992-11-22,5340.67,93,1
O,3-MEDIUM,2,HOUSEHOLD,8,Clerk#000000283,1998-04-30,7658.97,837,1
O,2-HIGH,3,HOUSEHOLD,22,Clerk#000000945,1998-07-22,-267.09,148,1
F,5-LOW,3,BUILDING,7,Clerk#000000200,1994-04-08,8227.37,730,1
F,3-MEDIUM,0,BUILDING,15,Clerk#000000750,1994-05-25,9010.02,879,1
O,2-HIGH,3,HOUSEHOLD,7,Clerk#000000877,1997-07-17,9305.05,69,1
O,2-HIGH,4,BUILDING,10,Clerk#000000734,1997-02-08,511.69,575,1
F,5-LOW,3,FURNITURE,23,Clerk#000000721,1994-01-07,9153.84,767,1
O,5-LOW,3,AUTOMOBILE,6,Clerk#000000792,1996-12-22,3998.42,742,1
F,5-LOW,1,BUILDING,3,Clerk#000000909,1992-07-08,-600.73,907,1
O,5-LOW,0,FURNITURE,0,Clerk#000000802,1996-06-25,1295.54,458,1
F,4-NOT SPECIFIED,4,BUILDING,11,Clerk#000000431,1993-02-22,9442.55,46,1
F,5-LOW,4,HOUSEHOLD,4,Clerk#000000376,1993-12-07,5380.5,454,1
F,3-MEDIUM,3,BUILDING,6,Clerk#000000458,1994-05-12,8667.09,30,1
P,3-MEDIUM,0,HOUSEHOLD,15,Clerk#000000904,1995-04-28,7734.64,755,1
O,2-HIGH,4,HOUSEHOLD,13,Clerk#000000856,1998-04-02,4351.09,598,1
O,4-NOT SPECIFIED,3,HOUSEHOLD,19,Clerk#000000041,1996-08-02,5187.02,650,1
O,2-HIGH,4,HOUSEHOLD,11,Clerk#000000195,1995-09-04,5630.28,878,1
F,3-MEDIUM,3,BUILDING,22,Clerk#000000877,1994-03-03,6044.02,503,1
F,5-LOW,2,MACHINERY,12,Clerk#000000316,1994-05-01,0.97,917,1
O,4-NOT SPECIFIED,3,AUTOMOBILE,7,Clerk#000000606,1996-04-15,7548.88,278,1
O,5-LOW,2,AUTOMOBILE,8,Clerk#000000042,1998-04-13,6269.42,395,1
P,3-MEDIUM,3,HOUSEHOLD,22,Clerk#000000134,1995-04-17,-109.73,17,1
O,4-NOT SPECIFIED,1,AUTOMOBILE,2,Clerk#000000541,1996-04-01,5340.67,93,1
O,1-URGENT,1,BUILDING,1,Clerk#000000369,1996-10-29,3652.29,235,1
O,2-HIGH,2,BUILDING,21,Clerk#000000618,1995-09-23,5275.88,193,1
F,1-URGENT,1,MACHINERY,17,Clerk#000000489,1994-12-07,8275.8,32,1
F,2-HIGH,3,HOUSEHOLD,22,Clerk#000000850,1993-11-23,-109.73,17,1
F,5-LOW,4,BUILDING,4,Clerk#000000218,1993-10-01,260.71,646,1
O,1-URGENT,3,AUTOMOBILE,7,Clerk#000000883,1998-04-05,7548.88,278,1
F,5-LOW,2,AUTOMOBILE,8,Clerk#000000885,1994-07-15,3363.46,914,1
F,2-HIGH,4,BUILDING,13,Clerk#000000174,1993-09-26,8938.14,36,1
O,2-HIGH,4,HOUSEHOLD,13,Clerk#000000538,1998-03-03,3694.81,43,1
F,4-NOT SPECIFIED,1,AUTOMOBILE,3,Clerk#000000692,1994-07-02,754.41,367,1
O,2-HIGH,4,FURNITURE,13,Clerk#000000795,1995-07-14,346.59,576,1
O,1-URGENT,0,AUTOMOBILE,0,Clerk#000000750,1996-10-21,7352.14,375,1
F,2-HIGH,3,AUTOMOBILE,22,Clerk#000000873,1992-07-05,7789.14,864,1
O,4-NOT SPECIFIED,1,HOUSEHOLD,24,Clerk#000000834,1997-08-16,5527.61,419,1
F,1-URGENT,2,AUTOMOBILE,21,Clerk#000000162,1994-09-13,6533.53,265,1
O,2-HIGH,4,HOUSEHOLD,13,Clerk#000000009,1998-03-23,4429.81,812,1
O,1-URGENT,1,HOUSEHOLD,17,Clerk#000000992,1997-10-31,204.84,200,1
O,1-URGENT,4,AUTOMOBILE,10,Clerk#000000103,1998-03-29,498.77,3,1
O,3-MEDIUM,1,BUILDING,1,Clerk#000000861,1998-04-25,3652.29,235,1
O,5-LOW,3,FURNITURE,22,Clerk#000000265,1996-06-04,4867.52,954,1
O,1-URGENT,1,AUTOMOBILE,3,Clerk#000000131,1998-02-21,-556.05,506,1
O,2-HIGH,2,HOUSEHOLD,18,Clerk#000000623,1997-02-02,4723.37,852,1
F,3-MEDIUM,3,MACHINERY,19,Clerk#000000721,1994-05-08,-303.95,211,1
F,1-URGENT,1,MACHINERY,24,Clerk#000000813,1995-01-11,2925.52,876,1
F,5-LOW,1,AUTOMOBILE,3,Clerk#000000881,1994-10-19,-556.05,506,1
O,3-MEDIUM,4,AUTOMOBILE,10,Clerk#000000556,1996-09-05,-922.69,179,1
F,1-URGENT,4,HOUSEHOLD,11,Clerk#000000532,1992-01-12,1378.67,839,1
F,3-MEDIUM,2,AUTOMOBILE,9,Clerk#000000226,1994-07-05,-274.79,338,1
O,2-HIGH,3,MACHINERY,19,Clerk#000000796,1996-03-25,2603,111,1
O,1-URGENT,2,FURNITURE,9,Clerk#000000277,1998-07-22,3244.78,360,1
O,3-MEDIUM,2,HOUSEHOLD,9,Clerk#000000450,1998-02-19,5500.11,115,1
F,3-MEDIUM,2,FURNITURE,12,Clerk#000000881,1992-09-17,6859.28,847,1
O,4-NOT SPECIFIED,0,BUILDING,16,Clerk#000000457,1996-03-12,2945.16,997,1
F,4-NOT SPECIFIED,2,MACHINERY,8,Clerk#000000415,1992-02-01,1512.46,923,1
F,5-LOW,1,BUILDING,1,Clerk#000000773,1992-12-21,3893.14,140,1
O,2-HIGH,4,FURNITURE,4,Clerk#000000070,1997-05-07,3687.37,371,1
O,3-MEDIUM,0,FURNITURE,0,Clerk#000000954,1998-07-24,5184.7,275,1
F,4-NOT SPECIFIED,4,MACHINERY,4,Clerk#000000894,1994-07-22,-43.08,627,1
O,4-NOT SPECIFIED,4,HOUSEHOLD,20,Clerk#000000100,1998-05-12,3597.53,465,1
F,3-MEDIUM,0,FURNITURE,15,Clerk#000000276,1992-06-14,9609.77,790,1
F,1-URGENT,3,MACHINERY,23,Clerk#000000498,1992-04-14,8024.55,932,1
F,3-MEDIUM,2,MACHINERY,12,Clerk#000000679,1992-02-03,6464.77,731,1
O,5-LOW,2,FURNITURE,21,Clerk#000000012,1997-02-10,1601.6,464,1
F,4-NOT SPECIFIED,0,FURNITURE,16,Clerk#000000345,1993-10-06,5030.24,391,1
O,3-MEDIUM,4,MACHINERY,4,Clerk#000000383,1996-11-19,8167.5,758,1
O,1-URGENT,0,AUTOMOBILE,15,Clerk#000000232,1995-12-18,3903.54,924,1
F,4-NOT SPECIFIED,0,FURNITURE,16,Clerk#000000151,1993-09-24,2869.97,505,1
F,3-MEDIUM,4,MACHINERY,13,Clerk#000000900,1992-12-13,6170.06,90,1
O,4-NOT SPECIFIED,3,AUTOMOBILE,6,Clerk#000000755,1995-12-18,593.52,622,1
F,4-NOT SPECIFIED,0,BUILDING,15,Clerk#000000096,1992-10-30,8878.22,815,1
F,5-LOW,2,HOUSEHOLD,8,Clerk#000000857,1993-02-17,1534.38,82,1
O,4-NOT SPECIFIED,4,HOUSEHOLD,13,Clerk#000000463,1998-05-04,1179.85,927,1
O,5-LOW,0,BUILDING,5,Clerk#000000760,1996-02-14,6709.9,835,1
O,2-HIGH,1,BUILDING,17,Clerk#000000450,1997-11-12,1738.87,999,1
F,5-LOW,0,FURNITURE,5,Clerk#000000145,1993-05-13,7541.05,269,1
O,4-NOT SPECIFIED,0,BUILDING,15,Clerk#000000116,1995-08-19,8465.15,705,1
O,4-NOT SPECIFIED,2,HOUSEHOLD,9,Clerk#000000777,1995-07-22,5073.58,447,1
F,2-HIGH,2,FURNITURE,9,Clerk#000000558,1992-04-21,3379.2,263,1
O,1-URGENT,1,HOUSEHOLD,3,Clerk#000000650,1995-10-10,2584.23,172,1
F,4-NOT SPECIFIED,2,MACHINERY,12,Clerk#000000808,1994-09-18,6082.74,168,1
O,5-LOW,4,FURNITURE,10,Clerk#000000868,1995-11-17,4681.03,759,1
F,1-URGENT,4,BUILDING,20,Clerk#000000114,1993-05-13,7476.2,68,1
F,5-LOW,2,MACHINERY,21,Clerk#000000290,1994-11-11,-117.31,566,1
F,2-HIGH,2,MACHINERY,21,Clerk#000000044,1994-09-23,-117.31,566,1
F,3-MEDIUM,2,AUTOMOBILE,9,Clerk#000000078,1992-01-24,-932.09,114,1
F,2-HIGH,4,BUILDING,11,Clerk#000000534,1994-05-08,9442.55,46,1
O,2-HIGH,2,BUILDING,18,Clerk#000000149,1996-01-07,-867.94,903,1
O,5-LOW,1,AUTOMOBILE,24,Clerk#000000374,1998-06-20,-377.11,703,1
O,4-NOT SPECIFIED,1,FURNITURE,17,Clerk#000000411,1996-02-08,1536.24,911,1
F,4-NOT SPECIFIED,0,HOUSEHOLD,0,Clerk#000000933,1994-11-03,6115.81,267,1
O,3-MEDIUM,3,BUILDING,7,Clerk#000000267,1997-04-01,3869.25,518,1
F,5-LOW,0,BUILDING,15,Clerk#000000913,1993-01-24,8081.52,125,1
O,4-NOT SPECIFIED,0,FURNITURE,0,Clerk#000000349,1997-09-29,7383.53,414,1
F,4-NOT SPECIFIED,0,MACHINERY,15,Clerk#000000510,1994-04-21,8825.71,851,1
O,3-MEDIUM,1,HOUSEHOLD,3,Clerk#000000075,1998-04-29,6244.03,9,1
F,2-HIGH,0,HOUSEHOLD,15,Clerk#000000749,1993-06-01,4582.28,333,1
O,1-URGENT,1,BUILDING,2,Clerk#000000208,1998-04-26,4946.21,55,1
O,1-URGENT,4,BUILDING,20,Clerk#000000694,1996-12-04,2724.8,709,1
F,4-NOT SPECIFIED,1,AUTOMOBILE,3,Clerk#000000070,1994-04-28,5582.63,682,1
F,1-URGENT,0,HOUSEHOLD,15,Clerk#000000807,1992-10-29,1965.38,754,1
F,5-LOW,1,HOUSEHOLD,24,Clerk#000000242,1993-04-28,2369.01,618,1
O,1-URGENT,4,AUTOMOBILE,20,Clerk#000000402,1996-08-14,2351.1,45,1
F,1-URGENT,3,AUTOMOBILE,19,Clerk#000000645,1993-10-28,6496.08,357,1
F,2-HIGH,2,MACHINERY,21,Clerk#000000938,1993-09-25,-117.31,566,1
F,2-HIGH,2,BUILDING,12,Clerk#000000047,1993-11-27,2912,195,1
F,4-NOT SPECIFIED,1,FURNITURE,1,Clerk#000000458,1992-01-31,6898.65,888,1
F,3-MEDIUM,4,BUILDING,11,Clerk#000000685,1994-10-01,3374.92,366,1
O,1-URGENT,2,FURNITURE,18,Clerk#000000685,1996-09-05,807.37,343,1
O,5-LOW,1,HOUSEHOLD,3,Clerk#000000039,1996-11-06,8315.09,710,1
O,4-NOT SPECIFIED,3,BUILDING,19,Clerk#000000777,1996-10-25,2583.91,60,1
P,2-HIGH,4,MACHINERY,20,Clerk#000000071,1995-05-04,1164.46,779,1
O,2-HIGH,3,FURNITURE,23,Clerk#000000059,1996-12-29,4092.49,766,1
O,2-HIGH,4,BUILDING,11,Clerk#000000164,1996-11-18,-651.91,696,1
F,2-HIGH,4,BUILDING,10,Clerk#000000374,1994-09-27,511.69,575,1
F,5-LOW,1,FURNITURE,17,Clerk#000000052,1994-02-07,7305.88,300,1
F,4-NOT SPECIFIED,4,FURNITURE,4,Clerk#000000677,1993-06-16,774.23,288,1
F,1-URGENT,4,HOUSEHOLD,20,Clerk#000000685,1993-07-22,2942.19,23,1
F,4-NOT SPECIFIED,1,AUTOMOBILE,1,Clerk#000000717,1993-12-04,9860.22,959,1
P,5-LOW,0,HOUSEHOLD,0,Clerk#000000645,1995-06-07,5297.68,318,1
O,3-MEDIUM,2,HOUSEHOLD,12,Clerk#000000236,1997-03-04,5841.33,136,1
O,4-NOT SPECIFIED,3,AUTOMOBILE,6,Clerk#000000102,1996-02-29,593.52,622,1
F,2-HIGH,4,AUTOMOBILE,10,Clerk#000000800,1993-09-21,-215.75,527,1
O,2-HIGH,4,MACHINERY,20,Clerk#000000054,1997-08-19,2354.06,994,1
O,2-HIGH,4,MACHINERY,4,Clerk#000000199,1997-04-06,2866.83,72,1
F,3-MEDIUM,1,FURNITURE,1,Clerk#000000362,1994-10-04,3186.57,874,1
O,3-MEDIUM,0,HOUSEHOLD,0,Clerk#000000238,1995-08-14,9497.89,737,1
F,5-LOW,1,BUILDING,2,Clerk#000000122,1995-01-11,4946.21,55,1
O,1-URGENT,1,MACHINERY,1,Clerk#000000297,1997-07-19,7960.63,895,1
F,3-MEDIUM,3,MACHINERY,23,Clerk#000000612,1994-02-11,1043.72,810,1
F,3-MEDIUM,2,BUILDING,21,Clerk#000000766,1993-12-26,2714.5,385,1
F,2-HIGH,0,MACHINERY,0,Clerk#000000957,1994-06-24,4367.53,392,1
F,3-MEDIUM,2,BUILDING,12,Clerk#000000617,1994-12-20,7161.52,549,1
F,5-LOW,1,BUILDING,2,Clerk#000000815,1993-12-02,90.22,94,1
F,5-LOW,1,HOUSEHOLD,3,Clerk#000000508,1993-11-10,6244.03,9,1
F,4-NOT SPECIFIED,2,BUILDING,21,Clerk#000000303,1992-12-09,5275.88,193,1
F,3-MEDIUM,2,FURNITURE,18,Clerk#000000924,1993-08-28,7760.33,274,1
F,1-URGENT,1,FURNITURE,24,Clerk#000000648,1994-08-15,-723.49,291,1
F,4-NOT SPECIFIED,1,BUILDING,2,Clerk#000000453,1993-05-06,2912.8,608,1
F,4-NOT SPECIFIED,4,AUTOMOBILE,20,Clerk#000000125,1993-05-22,-729.09,557,1
O,1-URGENT,3,AUTOMOBILE,23,Clerk#000000926,1996-03-16,7775.65,620,1
O,1-URGENT,2,BUILDING,9,Clerk#000000301,1995-12-05,8593.83,373,1
O,2-HIGH,0,MACHINERY,5,Clerk#000000141,1996-07-15,2020.15,896,1
F,3-MEDIUM,4,HOUSEHOLD,4,Clerk#000000177,1992-03-04,1735.44,611,1
F,2-HIGH,1,BUILDING,17,Clerk#000000213,1992-06-21,1738.87,999,1
O,5-LOW,0,BUILDING,14,Clerk#000000905,1996-05-08,5812.93,236,1
O,4-NOT SPECIFIED,1,HOUSEHOLD,1,Clerk#000000325,1997-11-15,-875.17,563,1
O,1-URGENT,1,MACHINERY,17,Clerk#000000191,1996-08-22,6679.2,890,1
F,1-URGENT,1,AUTOMOBILE,2,Clerk#000000633,1992-12-04,9749.37,401,1
F,4-NOT SPECIFIED,1,BUILDING,24,Clerk#000000097,1994-07-14,5859.97,383,1
O,2-HIGH,2,BUILDING,9,Clerk#000000648,1996-12-17,3016.38,680,1
O,1-URGENT,0,AUTOMOBILE,0,Clerk#000000301,1998-03-28,785.37,987,1
F,2-HIGH,0,HOUSEHOLD,15,Clerk#000000650,1993-01-31,2377.34,362,1
O,4-NOT SPECIFIED,4,AUTOMOBILE,4,Clerk#000000534,1997-06-28,6679.75,480,1
O,5-LOW,3,MACHINERY,19,Clerk#000000297,1997-02-26,9904.28,541,1
F,4-NOT SPECIFIED,4,BUILDING,13,Clerk#000000493,1993-12-23,3367.36,66,1
F,4-NOT SPECIFIED,2,FURNITURE,9,Clerk#000000734,1992-05-08,3929.96,460,1
F,2-HIGH,0,MACHINERY,15,Clerk#000000742,1994-10-01,5121.28,513,1
F,2-HIGH,4,AUTOMOBILE,20,Clerk#000000352,1993-01-22,-729.09,557,1
O,1-URGENT,1,BUILDING,17,Clerk#000000101,1996-11-17,3428.67,988,1
O,2-HIGH,1,AUTOMOBILE,3,Clerk#000000983,1996-04-05,9128.69,252,1
F,4-NOT SPECIFIED,2,MACHINERY,9,Clerk#000000679,1994-08-10,7897.78,552,1
O,4-NOT SPECIFIED,0,AUTOMOBILE,5,Clerk#000000575,1997-11-17,2086.91,599,1
F,3-MEDIUM,4,BUILDING,11,Clerk#000000936,1993-12-20,3952.84,26,1
O,4-NOT SPECIFIED,2,HOUSEHOLD,18,Clerk#000000497,1996-09-03,4723.37,852,1
F,5-LOW,2,HOUSEHOLD,8,Clerk#000000154,1992-01-28,-654.5,348,1
O,5-LOW,4,BUILDING,11,Clerk#000000010,1998-06-05,9442.55,46,1
O,5-LOW,4,AUTOMOBILE,11,Clerk#000000673,1997-04-05,8136.53,309,1
F,4-NOT SPECIFIED,3,FURNITURE,6,Clerk#000000277,1993-06-11,1834.36,405,1
F,4-NOT SPECIFIED,4,HOUSEHOLD,4,Clerk#000000539,1994-10-06,5380.5,454,1
F,3-MEDIUM,3,HOUSEHOLD,7,Clerk#000000945,1994-12-10,639.93,135,1
F,1-URGENT,3,BUILDING,23,Clerk#000000292,1992-09-12,-565.35,107,1
F,2-HIGH,0,BUILDING,14,Clerk#000000656,1994-07-21,2011.11,905,1
O,4-NOT SPECIFIED,4,HOUSEHOLD,10,Clerk#000000482,1997-07-15,6392,495,1
F,2-HIGH,2,MACHINERY,12,Clerk#000000547,1994-05-16,3168.41,542,1
P,1-URGENT,1,BUILDING,2,Clerk#000000989,1995-05-28,4667.12,645,1
O,5-LOW,2,BUILDING,12,Clerk#000000269,1996-09-16,6343.64,621,1
O,4-NOT SPECIFIED,0,MACHINERY,16,Clerk#000000533,1998-01-16,3959.28,277,1
O,3-MEDIUM,1,AUTOMOBILE,3,Clerk#000000139,1996-04-04,9334.82,326,1
F,5-LOW,0,HOUSEHOLD,5,Clerk#000000619,1992-11-11,5950.86,867,1
F,2-HIGH,3,BUILDING,19,Clerk#000000781,1994-06-24,1469.59,173,1
F,4-NOT SPECIFIED,1,AUTOMOBILE,24,Clerk#000000902,1993-07-05,-377.11,703,1
F,3-MEDIUM,1,AUTOMOBILE,3,Clerk#000000142,1993-10-17,-275.58,103,1
O,2-HIGH,1,BUILDING,2,Clerk#000000392,1995-12-04,6738.93,6,1
O,4-NOT SPECIFIED,4,BUILDING,4,Clerk#000000218,1996-11-06,7557,979,1
O,4-NOT SPECIFIED,3,FURNITURE,19,Clerk#000000549,1997-10-27,1647.05,241,1
F,5-LOW,0,MACHINERY,5,Clerk#000000470,1992-02-18,2020.15,896,1
F,4-NOT SPECIFIED,0,FURNITURE,15,Clerk#000000259,1992-07-22,8781.53,39,1
F,2-HIGH,3,HOUSEHOLD,7,Clerk#000000074,1993-09-01,8555.12,422,1
O,5-LOW,4,HOUSEHOLD,10,Clerk#000000663,1995-05-07,1299.92,578,1
O,4-NOT SPECIFIED,1,AUTOMOBILE,1,Clerk#000000643,1997-12-04,8990.07,210,1
O,5-LOW,4,HOUSEHOLD,13,Clerk#000000510,1997-02-18,3686.07,850,1
O,4-NOT SPECIFIED,4,AUTOMOBILE,10,Clerk#000000883,1997-05-11,7505.33,842,1
F,5-LOW,1,HOUSEHOLD,3,Clerk#000000889,1993-11-27,8315.09,710,1
O,4-NOT SPECIFIED,1,HOUSEHOLD,3,Clerk#000000669,1997-01-29,6244.03,9,1
O,1-URGENT,3,HOUSEHOLD,22,Clerk#000000938,1996-01-07,-109.73,17,1
F,5-LOW,1,BUILDING,3,Clerk#000000272,1994-03-01,9459.5,158,1
F,5-LOW,1,BUILDING,17,Clerk#000000998,1994-09-12,3428.67,988,1
F,3-MEDIUM,4,BUILDING,10,Clerk#000000125,1992-12-26,1733.76,29,1
O,2-HIGH,0,FURNITURE,14,Clerk#000000848,1995-05-23,1724.68,138,1
O,1-URGENT,1,FURNITURE,1,Clerk#000000378,1996-07-21,5266.3,830,1
O,1-URGENT,0,BUILDING,14,Clerk#000000567,1996-04-05,-61.29,290,1
O,3-MEDIUM,1,AUTOMOBILE,24,Clerk#000000947,1998-07-04,-377.11,703,1
F,1-URGENT,2,BUILDING,9,Clerk#000000303,1995-01-11,5794.69,56,1
O,2-HIGH,4,MACHINERY,4,Clerk#000000286,1998-07-16,1734.18,769,1
F,3-MEDIUM,0,FURNITURE,15,Clerk#000000386,1992-02-24,3160.23,892,1
F,3-MEDIUM,3,AUTOMOBILE,7,Clerk#000000234,1993-10-01,7548.88,278,1
O,4-NOT SPECIFIED,4,BUILDING,4,Clerk#000000751,1996-07-22,7557,979,1
O,5-LOW,1,MACHINERY,17,Clerk#000000449,1995-05-26,2039.84,219,1
O,1-URGENT,1,MACHINERY,3,Clerk#000000259,1997-02-24,2233.1,443,1
F,2-HIGH,2,MACHINERY,9,Clerk#000000672,1995-02-06,8166.59,370,1
F,4-NOT SPECIFIED,4,HOUSEHOLD,13,Clerk#000000790,1992-07-14,9585.32,900,1
F,5-LOW,4,HOUSEHOLD,13,Clerk#000000220,1993-07-30,4128.86,693,1
O,4-NOT SPECIFIED,3,BUILDING,6,Clerk#000000860,1997-09-06,8667.09,30,1
O,2-HIGH,2,BUILDING,12,Clerk#000000623,1996-05-06,7161.52,549,1
P,4-NOT SPECIFIED,1,BUILDING,17,Clerk#000000744,1995-04-02,6428.32,104,1
O,3-MEDIUM,4,MACHINERY,4,Clerk#000000710,1995-12-13,8167.5,758,1
O,3-MEDIUM,0,FURNITURE,15,Clerk#000000995,1997-12-28,8781.53,39,1
O,4-NOT SPECIFIED,1,AUTOMOBILE,3,Clerk#000000889,1997-05-25,-301.75,379,1
F,1-URGENT,2,AUTOMOBILE,18,Clerk#000000761,1993-04-29,3653.64,426,1
O,2-HIGH,3,AUTOMOBILE,7,Clerk#000000372,1997-01-31,2237.64,728,1
O,4-NOT SPECIFIED,0,BUILDING,0,Clerk#000000541,1996-07-12,4288.5,739,1
F,2-HIGH,4,BUILDING,13,Clerk#000000026,1993-02-14,8938.14,36,1
O,4-NOT SPECIFIED,1,HOUSEHOLD,2,Clerk#000000085,1995-10-22,6557.51,70,1
F,5-LOW,0,AUTOMOBILE,16,Clerk#000000291,1994-02-05,8137.66,467,1
F,2-HIGH,0,MACHINERY,5,Clerk#000000991,1993-04-10,-44.66,684,1
O,1-URGENT,0,HOUSEHOLD,0,Clerk#000000353,1997-06-08,9497.89,737,1
O,5-LOW,4,BUILDING,20,Clerk#000000637,1995-12-19,7451.84,157,1
F,3-MEDIUM,4,FURNITURE,4,Clerk#000000996,1993-07-19,9621.49,42,1
P,2-HIGH,4,FURNITURE,10,Clerk#000000020,1995-06-01,6295.47,131,1
O,3-MEDIUM,3,HOUSEHOLD,22,Clerk#000000674,1996-09-25,5420.32,175,1
O,2-HIGH,4,MACHINERY,4,Clerk#000000198,1997-05-29,3001.94,919,1
O,3-MEDIUM,3,BUILDING,7,Clerk#000000761,1995-03-21,448.49,11,1
O,4-NOT SPECIFIED,1,FURNITURE,3,Clerk#000000387,1996-06-14,479.96,543,1
F,3-MEDIUM,1,AUTOMOBILE,1,Clerk#000000141,1994-09-25,4586.33,965,1
F,2-HIGH,3,AUTOMOBILE,19,Clerk#000000800,1992-09-21,6496.08,357,1
O,5-LOW,2,AUTOMOBILE,8,Clerk#000000439,1995-10-10,3363.46,914,1
O,4-NOT SPECIFIED,2,FURNITURE,12,Clerk#000000984,1997-08-10,3231.71,463,1
F,5-LOW,4,FURNITURE,10,Clerk#000000019,1995-03-31,4524.45,901,1
F,4-NOT SPECIFIED,3,AUTOMOBILE,19,Clerk#000000629,1992-10-05,7129.84,882,1
O,1-URGENT,0,HOUSEHOLD,5,Clerk#000000831,1995-07-04,3335.29,677,1
O,4-NOT SPECIFIED,0,BUILDING,14,Clerk#000000737,1997-06-28,-98.46,141,1
F,3-MEDIUM,1,BUILDING,3,Clerk#000000631,1992-09-15,3857.34,212,1
O,3-MEDIUM,0,MACHINERY,0,Clerk#000000760,1996-01-18,4367.53,392,1
O,5-LOW,4,HOUSEHOLD,4,Clerk#000000257,1996-07-25,6004.52,657,1
O,1-URGENT,3,AUTOMOBILE,7,Clerk#000000207,1995-12-19,7548.88,278,1
O,1-URGENT,4,FURNITURE,10,Clerk#000000549,1995-12-12,1975.35,271,1
O,2-HIGH,0,AUTOMOBILE,5,Clerk#000000020,1997-02-15,3035.29,807,1
O,5-LOW,0,FURNITURE,5,Clerk#000000290,1998-06-27,1211.39,669,1
F,2-HIGH,0,MACHINERY,5,Clerk#000000195,1993-07-23,2020.15,896,1
O,4-NOT SPECIFIED,4,FURNITURE,20,Clerk#000000470,1997-04-08,8746.23,59,1
F,4-NOT SPECIFIED,4,BUILDING,11,Clerk#000000522,1993-12-25,9442.55,46,1
F,5-LOW,3,AUTOMOBILE,23,Clerk#000000902,1994-02-21,6959.09,270,1
O,4-NOT SPECIFIED,1,AUTOMOBILE,17,Clerk#000000423,1997-02-16,6149.01,747,1
F,1-URGENT,2,AUTOMOBILE,18,Clerk#000000867,1992-02-19,1137.67,868,1
O,2-HIGH,3,AUTOMOBILE,6,Clerk#000000031,1996-09-03,7077.79,714,1
F,2-HIGH,1,FURNITURE,1,Clerk#000000846,1995-02-19,4157,53,1
O,2-HIGH,3,AUTOMOBILE,7,Clerk#000000930,1996-07-20,7548.88,278,1
O,2-HIGH,0,AUTOMOBILE,5,Clerk#000000019,1998-02-14,1605.76,773,1
F,3-MEDIUM,3,MACHINERY,19,Clerk#000000787,1994-11-13,6239.89,162,1
O,1-URGENT,4,AUTOMOBILE,10,Clerk#000000867,1997-11-18,1394.44,862,1
O,3-MEDIUM,2,AUTOMOBILE,18,Clerk#000000299,1998-01-28,9750.71,846,1
O,1-URGENT,4,BUILDING,20,Clerk#000000243,1997-06-14,7621.56,898,1
O,1-URGENT,3,HOUSEHOLD,19,Clerk#000000650,1995-10-21,956.88,216,1
O,2-HIGH,0,MACHINERY,16,Clerk#000000517,1996-04-08,9786.36,281,1
O,5-LOW,2,AUTOMOBILE,8,Clerk#000000129,1997-12-19,9605.83,885,1
F,2-HIGH,1,HOUSEHOLD,2,Clerk#000000457,1993-12-16,3025.84,325,1
O,3-MEDIUM,1,BUILDING,2,Clerk#000000526,1998-01-26,4667.12,645,1
F,4-NOT SPECIFIED,4,BUILDING,10,Clerk#000000837,1992-05-31,2222.65,469,1
F,3-MEDIUM,1,FURNITURE,17,Clerk#000000784,1993-06-24,1536.24,911,1
O,1-URGENT,3,HOUSEHOLD,7,Clerk#000000197,1996-04-16,7511.17,159,1
O,3-MEDIUM,2,AUTOMOBILE,8,Clerk#000000435,1997-07-27,3905.97,530,1
O,5-LOW,4,AUTOMOBILE,10,Clerk#000000397,1995-10-18,-215.75,527,1
F,1-URGENT,3,BUILDING,7,Clerk#000000629,1993-06-30,6354.89,735,1
O,4-NOT SPECIFIED,1,FURNITURE,17,Clerk#000000313,1998-02-01,4954.25,632,1
F,3-MEDIUM,4,FURNITURE,4,Clerk#000000151,1992-12-21,2141.71,648,1
F,2-HIGH,4,BUILDING,11,Clerk#000000650,1993-03-30,-181.63,412,1
F,3-MEDIUM,0,FURNITURE,14,Clerk#000000593,1994-04-22,6487.71,869,1
F,2-HIGH,2,FURNITURE,9,Clerk#000000146,1992-06-22,4799.98,420,1
F,2-HIGH,0,FURNITURE,0,Clerk#000000498,1992-04-23,7618.27,588,1
P,1-URGENT,0,MACHINERY,14,Clerk#000000897,1995-03-22,5335.36,821,1
P,5-LOW,0,BUILDING,14,Clerk#000000030,1995-05-25,3170.47,165,1
F,3-MEDIUM,0,MACHINERY,0,Clerk#000000073,1993-11-04,2531.25,496,1
O,5-LOW,4,AUTOMOBILE,10,Clerk#000000507,1996-03-16,3509.35,307,1
F,5-LOW,0,HOUSEHOLD,16,Clerk#000000515,1992-04-24,6696.49,893,1
F,4-NOT SPECIFIED,4,AUTOMOBILE,4,Clerk#000000587,1994-04-02,8121.84,525,1
F,3-MEDIUM,1,AUTOMOBILE,2,Clerk#000000101,1992-03-12,9749.37,401,1
O,4-NOT SPECIFIED,4,BUILDING,10,Clerk#000000884,1998-05-13,2222.65,469,1
O,5-LOW,1,HOUSEHOLD,2,Clerk#000000094,1997-05-13,6074.42,445,1
F,4-NOT SPECIFIED,0,HOUSEHOLD,5,Clerk#000000973,1992-04-27,3335.29,677,1
O,3-MEDIUM,0,FURNITURE,16,Clerk#000000618,1996-09-30,5030.24,391,1
O,3-MEDIUM,1,AUTOMOBILE,24,Clerk#000000685,1995-11-20,4976.24,213,1
O,1-URGENT,2,FURNITURE,8,Clerk#000000930,1996-10-20,1007.18,568,1
O,2-HIGH,2,MACHINERY,21,Clerk#000000293,1995-09-04,9280.71,457,1
F,3-MEDIUM,3,MACHINERY,6,Clerk#000000884,1992-11-04,2892.21,260,1
F,5-LOW,2,FURNITURE,9,Clerk#000000101,1994-07-21,1144.23,877,1
O,1-URGENT,2,BUILDING,9,Clerk#000000989,1997-02-05,8593.83,373,1
O,3-MEDIUM,4,HOUSEHOLD,20,Clerk#000000470,1995-06-09,4489.98,13,1
F,4-NOT SPECIFIED,1,FURNITURE,2,Clerk#000000914,1994-07-01,148.98,83,1
F,4-NOT SPECIFIED,4,BUILDING,20,Clerk#000000037,1994-03-14,7451.84,157,1
O,2-HIGH,4,AUTOMOBILE,10,Clerk#000000752,1998-02-18,1939.39,520,1
F,2-HIGH,3,HOUSEHOLD,19,Clerk#000000477,1992-09-15,3061.58,335,1
O,4-NOT SPECIFIED,0,HOUSEHOLD,15,Clerk#000000118,1998-03-07,1965.38,754,1
F,3-MEDIUM,1,AUTOMOBILE,17,Clerk#000000521,1994-06-13,2314.67,640,1
F,5-LOW,0,FURNITURE,0,Clerk#000000852,1994-08-07,5184.7,275,1
F,1-URGENT,4,AUTOMOBILE,10,Clerk#000000011,1994-07-22,1394.44,862,1
O,2-HIGH,2,MACHINERY,9,Clerk#000000942,1998-07-17,8177.33,257,1
F,2-HIGH,2,BUILDING,21,Clerk#000000933,1992-05-04,5465.29,539,1
O,1-URGENT,4,AUTOMOBILE,4,Clerk#000000941,1996-01-07,1561.8,634,1
F,4-NOT SPECIFIED,1,HOUSEHOLD,3,Clerk#000000786,1994-11-03,3332.02,86,1
F,1-URGENT,2,AUTOMOBILE,12,Clerk#000000320,1994-02-13,5392.3,57,1
F,2-HIGH,0,HOUSEHOLD,15,Clerk#000000228,1992-06-21,1965.38,754,1
O,5-LOW,1,BUILDING,24,Clerk#000000926,1996-07-09,8117.27,89,1
F,4-NOT SPECIFIED,2,HOUSEHOLD,12,Clerk#000000472,1994-09-05,6853.37,577,1
F,1-URGENT,2,AUTOMOBILE,8,Clerk#000000236,1994-08-15,3905.97,530,1
O,1-URGENT,0,AUTOMOBILE,0,Clerk#000000832,1995-11-11,5391.74,536,1
F,1-URGENT,2,HOUSEHOLD,12,Clerk#000000223,1993-08-06,9782.34,939,1
O,2-HIGH,4,FURNITURE,13,Clerk#000000631,1995-11-22,3635.35,434,1
O,1-URGENT,0,BUILDING,5,Clerk#000000778,1996-02-08,-178.52,941,1
O,5-LOW,4,BUILDING,11,Clerk#000000477,1996-04-24,-181.63,412,1
O,4-NOT SPECIFIED,0,BUILDING,0,Clerk#000000967,1995-08-18,2724.98,694,1
F,1-URGENT,1,MACHINERY,3,Clerk#000000594,1992-07-18,-487.92,118,1
F,2-HIGH,4,BUILDING,4,Clerk#000000728,1993-10-02,-405.91,556,1
F,5-LOW,0,FURNITURE,14,Clerk#000000089,1992-08-10,420.97,925,1
O,3-MEDIUM,0,BUILDING,0,Clerk#000000259,1996-09-16,-920.4,145,1
F,5-LOW,2,FURNITURE,21,Clerk#000000963,1992-08-13,2272.5,346,1
F,4-NOT SPECIFIED,0,FURNITURE,0,Clerk#000000176,1994-06-21,2135.92,73,1
O,1-URGENT,4,BUILDING,11,Clerk#000000996,1997-10-02,2860.71,431,1
F,2-HIGH,2,MACHINERY,9,Clerk#000000771,1993-01-22,9774.97,637,1
O,5-LOW,2,BUILDING,8,Clerk#000000735,1995-12-29,1766.23,188,1
O,3-MEDIUM,3,MACHINERY,22,Clerk#000000219,1997-01-08,7882.44,242,1
F,2-HIGH,1,AUTOMOBILE,2,Clerk#000000529,1993-09-17,5340.67,93,1
F,3-MEDIUM,0,BUILDING,16,Clerk#000000047,1993-01-30,3987.39,403,1
O,2-HIGH,4,FURNITURE,4,Clerk#000000770,1998-01-16,2141.71,648,1
O,5-LOW,2,FURNITURE,9,Clerk#000000244,1997-11-03,3929.96,460,1
F,1-URGENT,2,FURNITURE,9,Clerk#000000280,1992-03-06,3929.96,460,1
O,1-URGENT,3,FURNITURE,19,Clerk#000000234,1997-11-16,4425.42,40,1
F,4-NOT SPECIFIED,0,MACHINERY,5,Clerk#000000316,1993-06-20,-44.66,684,1
O,1-URGENT,2,HOUSEHOLD,12,Clerk#000000105,1998-01-07,6381.24,416,1
F,3-MEDIUM,4,BUILDING,10,Clerk#000000738,1993-12-22,-275.73,304,1
F,3-MEDIUM,1,FURNITURE,17,Clerk#000000733,1994-04-22,4954.25,632,1
F,2-HIGH,1,HOUSEHOLD,3,Clerk#000000718,1993-10-15,6603.43,220,1
F,1-URGENT,0,BUILDING,15,Clerk#000000344,1993-04-23,-951.53,302,1
F,4-NOT SPECIFIED,3,AUTOMOBILE,23,Clerk#000000309,1992-11-09,668.51,474,1
O,5-LOW,0,AUTOMOBILE,5,Clerk#000000038,1998-06-10,3872.86,25,1
F,5-LOW,3,MACHINERY,6,Clerk#000000167,1992-03-10,9120.93,619,1
O,4-NOT SPECIFIED,3,BUILDING,19,Clerk#000000218,1997-01-28,7772.85,699,1
O,1-URGENT,0,FURNITURE,0,Clerk#000000483,1996-04-28,2130.98,369,1
F,5-LOW,1,AUTOMOBILE,3,Clerk#000000805,1993-01-29,754.41,367,1
O,5-LOW,2,BUILDING,21,Clerk#000000031,1995-08-24,1952.36,154,1
F,4-NOT SPECIFIED,0,AUTOMOBILE,5,Clerk#000000992,1993-02-06,3035.29,807,1
F,1-URGENT,2,AUTOMOBILE,8,Clerk#000000357,1992-11-14,4643.14,249,1
O,3-MEDIUM,2,AUTOMOBILE,21,Clerk#000000408,1997-05-20,772.14,67,1
O,2-HIGH,2,AUTOMOBILE,21,Clerk#000000287,1996-12-04,8487.6,971,1
F,3-MEDIUM,1,MACHINERY,2,Clerk#000000457,1993-02-24,2338.92,10,1
F,5-LOW,2,FURNITURE,18,Clerk#000000283,1993-10-11,7115.14,690,1
O,2-HIGH,3,BUILDING,22,Clerk#000000529,1997-04-10,-881.7,829,1
O,2-HIGH,4,BUILDING,20,Clerk#000000436,1996-05-12,5579.81,178,1
O,5-LOW,2,BUILDING,21,Clerk#000000916,1996-01-31,2106.81,334,1
O,4-NOT SPECIFIED,4,AUTOMOBILE,11,Clerk#000000055,1998-05-28,5134.35,668,1
F,3-MEDIUM,0,BUILDING,16,Clerk#000000736,1993-05-03,4677.55,491,1
O,2-HIGH,1,BUILDING,24,Clerk#000000627,1995-11-09,753.62,706,1
F,5-LOW,0,BUILDING,14,Clerk#000000168,1992-11-02,5812.93,236,1
F,5-LOW,3,AUTOMOBILE,19,Clerk#000000346,1993-02-07,253.59,308,1
F,2-HIGH,3,BUILDING,22,Clerk#000000941,1994-07-11,-881.7,829,1
F,3-MEDIUM,2,FURNITURE,9,Clerk#000000220,1993-08-13,8328.12,462,1
F,5-LOW,1,MACHINERY,2,Clerk#000000070,1992-09-13,-746.03,597,1
F,5-LOW,2,FURNITURE,21,Clerk#000000993,1993-09-23,7157.21,226,1
F,1-URGENT,4,AUTOMOBILE,11,Clerk#000000101,1994-03-11,1657.46,71,1
F,1-URGENT,3,BUILDING,23,Clerk#000000541,1993-01-12,2191.59,989,1
F,2-HIGH,0,HOUSEHOLD,15,Clerk#000000943,1994-07-19,-774.47,972,1
O,1-URGENT,1,BUILDING,1,Clerk#000000251,1998-05-25,9768.21,351,1
O,1-URGENT,4,FURNITURE,4,Clerk#000000685,1995-11-19,7654.31,243,1
O,5-LOW,3,MACHINERY,6,Clerk#000000239,1997-06-30,1008.26,861,1
F,3-MEDIUM,3,BUILDING,23,Clerk#000000988,1992-08-15,-565.35,107,1
O,1-URGENT,4,FURNITURE,4,Clerk#000000145,1996-04-30,7654.31,243,1
F,3-MEDIUM,0,FURNITURE,14,Clerk#000000116,1994-04-07,8998.82,687,1
F,5-LOW,2,HOUSEHOLD,8,Clerk#000000806,1992-02-19,7508.92,764,1
O,5-LOW,3,BUILDING,23,Clerk#000000715,1997-08-28,-370.44,926,1
O,2-HIGH,1,FURNITURE,2,Clerk#000000691,1998-02-12,1416.75,444,1
O,4-NOT SPECIFIED,0,FURNITURE,14,Clerk#000000674,1996-12-10,8727.9,860,1
P,4-NOT SPECIFIED,3,FURNITURE,22,Clerk#000000931,1995-05-06,-213.85,191,1
F,5-LOW,0,BUILDING,14,Clerk#000000171,1994-01-28,5812.93,236,1
F,5-LOW,2,HOUSEHOLD,8,Clerk#000000940,1993-01-20,7658.97,837,1
F,2-HIGH,3,AUTOMOBILE,19,Clerk#000000737,1994-05-10,253.59,308,1
O,2-HIGH,3,AUTOMOBILE,7,Clerk#000000030,1995-12-02,9701.54,831,1
O,5-LOW,3,BUILDING,22,Clerk#000000132,1995-10-04,6035.44,777,1
F,3-MEDIUM,1,BUILDING,24,Clerk#000000509,1993-06-16,8117.27,89,1
O,3-MEDIUM,1,HOUSEHOLD,2,Clerk#000000467,1995-07-18,990.58,421,1
O,4-NOT SPECIFIED,2,HOUSEHOLD,9,Clerk#000000564,1997-02-10,4966.58,174,1
O,5-LOW,3,FURNITURE,19,Clerk#000000357,1998-05-13,4695.12,501,1
O,2-HIGH,1,AUTOMOBILE,24,Clerk#000000495,1997-07-01,126.97,992,1
O,4-NOT SPECIFIED,0,HOUSEHOLD,15,Clerk#000000553,1998-03-02,7734.64,755,1
F,3-MEDIUM,1,BUILDING,2,Clerk#000000504,1992-08-01,5973.1,707,1
O,2-HIGH,3,FURNITURE,7,Clerk#000000367,1995-12-07,709.46,507,1
F,5-LOW,2,BUILDING,9,Clerk#000000206,1993-09-29,7887.6,724,1
F,5-LOW,4,FURNITURE,13,Clerk#000000457,1993-05-25,5744.89,303,1
O,3-MEDIUM,3,BUILDING,19,Clerk#000000161,1995-12-21,7772.85,699,1
F,2-HIGH,2,MACHINERY,18,Clerk#000000395,1994-04-05,8482.51,229,1
O,1-URGENT,1,AUTOMOBILE,2,Clerk#000000209,1996-03-27,3139.71,63,1
F,4-NOT SPECIFIED,2,BUILDING,21,Clerk#000000575,1993-12-23,2714.5,385,1
O,5-LOW,1,BUILDING,24,Clerk#000000187,1995-07-21,8616.12,590,1
O,5-LOW,2,BUILDING,21,Clerk#000000150,1996-12-26,2755.46,150,1
F,4-NOT SPECIFIED,3,BUILDING,19,Clerk#000000057,1992-10-08,7772.85,699,1
O,2-HIGH,1,AUTOMOBILE,3,Clerk#000000367,1997-12-21,9008.61,417,1
O,1-URGENT,0,MACHINERY,16,Clerk#000000473,1996-08-25,9786.36,281,1
O,3-MEDIUM,2,AUTOMOBILE,18,Clerk#000000352,1995-05-03,9561.95,886,1
F,3-MEDIUM,1,AUTOMOBILE,3,Clerk#000000509,1993-07-17,2155.06,749,1
P,4-NOT SPECIFIED,4,BUILDING,11,Clerk#000000048,1995-04-30,3952.84,26,1
O,3-MEDIUM,1,MACHINERY,17,Clerk#000000180,1996-09-12,507.26,502,1
F,3-MEDIUM,2,HOUSEHOLD,21,Clerk#000000656,1992-01-19,6074.01,564,1
F,1-URGENT,2,MACHINERY,8,Clerk#000000989,1993-08-25,1512.46,923,1
F,4-NOT SPECIFIED,1,MACHINERY,3,Clerk#000000171,1992-08-02,4344.52,151,1
F,3-MEDIUM,2,MACHINERY,21,Clerk#000000039,1993-06-23,-117.31,566,1
P,4-NOT SPECIFIED,3,AUTOMOBILE,7,Clerk#000000599,1995-05-31,4450.03,342,1
F,1-URGENT,4,FURNITURE,4,Clerk#000000699,1992-11-11,774.23,288,1
O,4-NOT SPECIFIED,1,HOUSEHOLD,24,Clerk#000000327,1997-02-08,5527.61,419,1
O,3-MEDIUM,4,HOUSEHOLD,20,Clerk#000000578,1996-04-28,-395.89,858,1
O,2-HIGH,3,FURNITURE,19,Clerk#000000230,1996-09-12,2953.35,700,1
F,1-URGENT,2,HOUSEHOLD,9,Clerk#000000381,1993-10-11,-272.14,593,1
O,2-HIGH,1,MACHINERY,2,Clerk#000000915,1997-05-16,-444.73,794,1
O,1-URGENT,4,HOUSEHOLD,10,Clerk#000000180,1995-10-14,6392,495,1
F,1-URGENT,0,BUILDING,5,Clerk#000000516,1992-02-19,9562.82,791,1
O,5-LOW,1,BUILDING,3,Clerk#000000795,1998-04-30,7149.43,347,1
O,2-HIGH,1,MACHINERY,24,Clerk#000000012,1997-12-22,1481.24,320,1
F,5-LOW,1,BUILDING,3,Clerk#000000812,1992-03-18,7149.43,347,1
O,5-LOW,1,FURNITURE,2,Clerk#000000951,1997-08-31,1416.75,444,1
F,2-HIGH,0,HOUSEHOLD,15,Clerk#000000328,1993-05-29,5432.77,961,1
O,1-URGENT,2,BUILDING,21,Clerk#000000891,1998-03-26,2755.46,150,1
F,5-LOW,0,AUTOMOBILE,0,Clerk#000000338,1993-02-17,785.37,987,1
O,5-LOW,4,FURNITURE,4,Clerk#000000024,1997-07-23,2688.88,427,1
O,1-URGENT,2,HOUSEHOLD,21,Clerk#000000206,1998-04-28,9977.62,289,1
F,3-MEDIUM,0,FURNITURE,14,Clerk#000000317,1993-06-26,6487.71,869,1
F,4-NOT SPECIFIED,3,HOUSEHOLD,6,Clerk#000000725,1992-10-07,5503.36,732,1
O,3-MEDIUM,1,HOUSEHOLD,24,Clerk#000000275,1996-05-08,2369.01,618,1
O,3-MEDIUM,3,MACHINERY,6,Clerk#000000040,1995-06-22,2892.21,260,1
F,2-HIGH,1,BUILDING,24,Clerk#000000736,1994-06-02,9712.75,498,1
F,4-NOT SPECIFIED,1,HOUSEHOLD,2,Clerk#000000957,1994-12-21,8395.57,425,1
O,5-LOW,4,BUILDING,20,Clerk#000000826,1996-12-11,7621.56,898,1
O,2-HIGH,4,AUTOMOBILE,10,Clerk#000000045,1998-02-06,7505.33,842,1
O,4-NOT SPECIFIED,3,AUTOMOBILE,7,Clerk#000000179,1995-07-09,5348.11,251,1
O,5-LOW,2,HOUSEHOLD,9,Clerk#000000940,1997-03-29,-272.14,593,1
F,3-MEDIUM,2,MACHINERY,8,Clerk#000000426,1992-10-16,4086.56,228,1
F,5-LOW,3,BUILDING,19,Clerk#000000476,1993-10-28,1525.96,481,1
F,2-HIGH,0,MACHINERY,5,Clerk#000000651,1995-01-27,1722.88,102,1
O,5-LOW,2,HOUSEHOLD,21,Clerk#000000093,1996-11-15,8330.7,31,1
F,3-MEDIUM,1,MACHINERY,24,Clerk#000000519,1992-01-09,2653.53,671,1
F,3-MEDIUM,2,MACHINERY,12,Clerk#000000226,1992-06-11,0.97,917,1
F,4-NOT SPECIFIED,3,BUILDING,19,Clerk#000000850,1993-05-05,8541.87,721,1
O,4-NOT SPECIFIED,3,AUTOMOBILE,7,Clerk#000000343,1996-05-23,5872.94,378,1
O,1-URGENT,2,MACHINERY,12,Clerk#000000488,1998-03-18,3279.84,106,1
O,3-MEDIUM,4,AUTOMOBILE,13,Clerk#000000210,1997-02-14,6123.69,653,1
O,4-NOT SPECIFIED,1,FURNITURE,17,Clerk#000000538,1996-03-02,1536.24,911,1
P,2-HIGH,4,MACHINERY,20,Clerk#000000338,1995-05-23,8997.6,985,1
O,3-MEDIUM,0,HOUSEHOLD,15,Clerk#000000298,1995-10-07,2377.34,362,1
F,1-URGENT,4,FURNITURE,4,Clerk#000000485,1992-11-19,7654.31,243,1
F,4-NOT SPECIFIED,3,MACHINERY,23,Clerk#000000065,1992-12-30,5200.96,526,1
O,2-HIGH,4,BUILDING,11,Clerk#000000972,1997-09-11,-181.63,412,1
F,5-LOW,1,HOUSEHOLD,2,Clerk#000000542,1993-08-27,6074.42,445,1
O,2-HIGH,4,HOUSEHOLD,13,Clerk#000000595,1996-11-12,4128.86,693,1
F,4-NOT SPECIFIED,1,MACHINERY,3,Clerk#000000467,1994-05-22,591.98,625,1
F,2-HIGH,4,BUILDING,10,Clerk#000000487,1993-08-23,8217.23,827,1
F,1-URGENT,3,MACHINERY,6,Clerk#000000773,1992-09-17,9120.93,619,1
O,4-NOT SPECIFIED,0,BUILDING,5,Clerk#000000568,1998-07-27,9533.37,824,1
O,4-NOT SPECIFIED,3,HOUSEHOLD,7,Clerk#000000887,1997-09-21,876.02,312,1
O,1-URGENT,3,MACHINERY,6,Clerk#000000420,1997-10-03,9120.93,619,1
P,4-NOT SPECIFIED,4,MACHINERY,20,Clerk#000000295,1995-05-02,3213.66,310,1
O,3-MEDIUM,2,AUTOMOBILE,21,Clerk#000000608,1998-07-13,9177.63,61,1
F,1-URGENT,4,AUTOMOBILE,10,Clerk#000000700,1994-05-31,6160.95,592,1
F,5-LOW,0,BUILDING,15,Clerk#000000509,1992-07-28,8465.15,705,1
O,2-HIGH,2,FURNITURE,8,Clerk#000000111,1997-06-28,4578.24,497,1
O,5-LOW,1,BUILDING,24,Clerk#000000050,1996-10-26,-982.05,974,1
F,2-HIGH,2,FURNITURE,12,Clerk#000000825,1994-05-31,6019.32,255,1
F,1-URGENT,0,BUILDING,16,Clerk#000000325,1992-10-10,1609.39,623,1
O,2-HIGH,4,HOUSEHOLD,4,Clerk#000000291,1996-05-02,5380.5,454,1
F,5-LOW,2,AUTOMOBILE,18,Clerk#000000417,1992-08-10,6840.29,991,1
P,5-LOW,4,HOUSEHOLD,10,Clerk#000000105,1995-04-23,1299.92,578,1
F,2-HIGH,4,FURNITURE,11,Clerk#000000134,1994-11-13,4356.59,595,1
O,4-NOT SPECIFIED,1,HOUSEHOLD,2,Clerk#000000866,1996-03-01,3249.25,253,1
O,2-HIGH,0,AUTOMOBILE,5,Clerk#000000375,1996-08-03,2086.91,599,1
O,3-MEDIUM,3,FURNITURE,22,Clerk#000000581,1996-12-19,7603.4,958,1
O,2-HIGH,0,HOUSEHOLD,14,Clerk#000000599,1997-08-18,1799.67,720,1
F,1-URGENT,3,FURNITURE,19,Clerk#000000110,1992-04-15,4425.42,40,1
F,3-MEDIUM,3,MACHINERY,22,Clerk#000000772,1994-10-18,84.72,748,1
F,3-MEDIUM,1,HOUSEHOLD,2,Clerk#000000322,1992-06-15,6074.42,445,1
O,4-NOT SPECIFIED,4,BUILDING,20,Clerk#000000705,1996-08-26,3231.33,363,1
O,4-NOT SPECIFIED,4,FURNITURE,4,Clerk#000000148,1997-02-26,2141.71,648,1
O,4-NOT SPECIFIED,2,BUILDING,12,Clerk#000000210,1998-05-02,9189.75,122,1
O,1-URGENT,3,BUILDING,19,Clerk#000000435,1996-08-15,7772.85,699,1
F,1-URGENT,2,HOUSEHOLD,9,Clerk#000000473,1993-09-30,6257.88,299,1
O,4-NOT SPECIFIED,4,FURNITURE,20,Clerk#000000472,1997-07-04,8746.23,59,1
F,4-NOT SPECIFIED,0,HOUSEHOLD,15,Clerk#000000090,1993-06-17,2506.38,364,1
O,4-NOT SPECIFIED,4,FURNITURE,10,Clerk#000000413,1996-12-25,2042.21,538,1
O,5-LOW,0,HOUSEHOLD,5,Clerk#000000356,1998-04-08,2753.54,315,1
F,3-MEDIUM,3,BUILDING,7,Clerk#000000166,1994-07-22,2902.95,120,1
F,2-HIGH,2,AUTOMOBILE,12,Clerk#000000896,1992-10-29,1194.33,239,1
O,1-URGENT,0,HOUSEHOLD,0,Clerk#000000469,1998-01-11,3063.11,718,1
F,3-MEDIUM,2,HOUSEHOLD,21,Clerk#000000260,1995-01-22,8330.7,31,1
O,2-HIGH,4,AUTOMOBILE,11,Clerk#000000562,1997-05-14,9270.88,336,1
O,5-LOW,3,MACHINERY,22,Clerk#000000537,1996-08-16,1134.4,227,1
F,1-URGENT,3,FURNITURE,23,Clerk#000000230,1992-12-22,9153.84,767,1
F,2-HIGH,2,HOUSEHOLD,8,Clerk#000000725,1995-02-07,1534.38,82,1
O,2-HIGH,0,FURNITURE,5,Clerk#000000714,1995-09-13,7541.05,269,1
F,5-LOW,1,AUTOMOBILE,24,Clerk#000000430,1993-08-26,126.97,992,1
F,2-HIGH,4,HOUSEHOLD,11,Clerk#000000295,1995-02-27,2975.43,28,1
F,5-LOW,0,BUILDING,15,Clerk#000000351,1992-03-15,9559.04,579,1
O,4-NOT SPECIFIED,2,HOUSEHOLD,12,Clerk#000000474,1997-01-20,6345.11,321,1
F,1-URGENT,4,HOUSEHOLD,11,Clerk#000000459,1994-03-19,4801.3,822,1
F,1-URGENT,1,BUILDING,2,Clerk#000000287,1993-07-05,3937.58,488,1
O,5-LOW,0,BUILDING,14,Clerk#000000610,1996-02-06,5812.93,236,1
O,1-URGENT,1,AUTOMOBILE,24,Clerk#000000758,1998-01-23,126.97,992,1
O,3-MEDIUM,1,AUTOMOBILE,3,Clerk#000000093,1996-03-29,5582.63,682,1
F,1-URGENT,3,BUILDING,23,Clerk#000000650,1994-04-01,8876.1,683,1
F,5-LOW,3,AUTOMOBILE,7,Clerk#000000782,1993-05-14,4450.03,342,1
O,5-LOW,1,BUILDING,2,Clerk#000000584,1996-06-13,4946.21,55,1
F,5-LOW,2,BUILDING,12,Clerk#000000996,1994-07-04,2584.52,990,1
O,3-MEDIUM,4,HOUSEHOLD,20,Clerk#000000228,1996-01-03,8438.4,441,1
O,1-URGENT,0,MACHINERY,16,Clerk#000000773,1998-01-03,9786.36,281,1
O,1-URGENT,4,BUILDING,11,Clerk#000000586,1996-02-24,3374.92,366,1
F,4-NOT SPECIFIED,2,FURNITURE,12,Clerk#000000920,1993-08-01,3231.71,463,1
F,5-LOW,1,HOUSEHOLD,24,Clerk#000000331,1995-03-04,2258.4,672,1
F,4-NOT SPECIFIED,0,FURNITURE,5,Clerk#000000252,1994-08-01,5447.12,966,1
F,4-NOT SPECIFIED,4,BUILDING,10,Clerk#000000573,1992-02-15,5165.39,515,1
F,5-LOW,1,HOUSEHOLD,3,Clerk#000000358,1994-12-05,6603.43,220,1
O,2-HIGH,1,FURNITURE,1,Clerk#000000492,1997-04-28,3106,413,1
F,3-MEDIUM,1,HOUSEHOLD,2,Clerk#000000202,1994-08-24,5553.75,182,1
F,5-LOW,2,AUTOMOBILE,18,Clerk#000000975,1993-06-10,1842.49,930,1
O,1-URGENT,4,HOUSEHOLD,11,Clerk#000000364,1995-10-14,2975.43,28,1
F,1-URGENT,2,HOUSEHOLD,8,Clerk#000000635,1993-06-20,2840.59,272,1
O,5-LOW,1,FURNITURE,24,Clerk#000000483,1997-10-17,4038.45,112,1
O,5-LOW,0,BUILDING,15,Clerk#000000378,1995-07-15,8627.9,899,1
F,4-NOT SPECIFIED,0,FURNITURE,0,Clerk#000000101,1993-07-04,5184.7,275,1
F,2-HIGH,3,BUILDING,19,Clerk#000000928,1993-05-28,5561.93,573,1
O,3-MEDIUM,1,BUILDING,24,Clerk#000000675,1996-04-07,8117.27,89,1
O,4-NOT SPECIFIED,1,FURNITURE,3,Clerk#000000563,1995-03-17,3998.24,887,1
O,2-HIGH,3,AUTOMOBILE,6,Clerk#000000636,1996-04-01,5744.59,328,1
O,3-MEDIUM,3,AUTOMOBILE,23,Clerk#000000754,1997-08-04,668.51,474,1
O,2-HIGH,4,BUILDING,13,Clerk#000000947,1998-02-05,4198.72,22,1
P,1-URGENT,0,MACHINERY,0,Clerk#000000885,1995-05-17,9217.55,62,1
O,2-HIGH,2,MACHINERY,21,Clerk#000000143,1996-09-05,-117.31,566,1
F,1-URGENT,3,AUTOMOBILE,6,Clerk#000000683,1994-04-11,3288.76,678,1
F,1-URGENT,3,AUTOMOBILE,19,Clerk#000000768,1992-09-02,8959.65,685,1
F,3-MEDIUM,0,AUTOMOBILE,5,Clerk#000000727,1993-03-04,1605.76,773,1
F,3-MEDIUM,3,AUTOMOBILE,6,Clerk#000000992,1992-03-04,5744.59,328,1
O,5-LOW,3,BUILDING,23,Clerk#000000995,1998-02-28,5840.97,203,1
O,4-NOT SPECIFIED,3,HOUSEHOLD,7,Clerk#000000683,1995-07-11,7511.17,159,1
O,4-NOT SPECIFIED,3,MACHINERY,23,Clerk#000000738,1996-12-29,52.43,600,1
O,1-URGENT,4,HOUSEHOLD,11,Clerk#000000121,1998-03-04,1378.67,839,1
F,1-URGENT,0,AUTOMOBILE,16,Clerk#000000029,1994-08-22,3273.08,339,1
O,5-LOW,1,FURNITURE,24,Clerk#000000843,1995-08-24,3366.61,940,1
F,4-NOT SPECIFIED,3,MACHINERY,22,Clerk#000000082,1994-03-05,0.97,423,1
P,5-LOW,1,HOUSEHOLD,24,Clerk#000000764,1995-03-04,-273.96,762,1
F,3-MEDIUM,3,MACHINERY,22,Clerk#000000914,1993-03-08,1134.4,227,1
F,4-NOT SPECIFIED,2,FURNITURE,9,Clerk#000000716,1994-04-28,5398.77,439,1
O,5-LOW,3,BUILDING,19,Clerk#000000947,1998-03-20,-181.69,781,1
F,2-HIGH,3,MACHINERY,7,Clerk#000000112,1992-09-11,595.61,34,1
F,3-MEDIUM,1,BUILDING,1,Clerk#000000327,1993-12-20,3893.14,140,1
F,4-NOT SPECIFIED,2,AUTOMOBILE,21,Clerk#000000114,1993-08-01,772.14,67,1
O,5-LOW,2,MACHINERY,8,Clerk#000000732,1998-05-13,4571.78,156,1
O,2-HIGH,4,HOUSEHOLD,11,Clerk#000000092,1995-09-25,2975.43,28,1
F,1-URGENT,0,AUTOMOBILE,5,Clerk#000000644,1994-01-13,1468.09,37,1
O,1-URGENT,4,HOUSEHOLD,10,Clerk#000000863,1995-09-06,3798.28,736,1
F,2-HIGH,0,FURNITURE,14,Clerk#000000880,1992-04-08,6487.71,869,1
O,2-HIGH,0,MACHINERY,15,Clerk#000000980,1998-03-09,2743.63,704,1
O,3-MEDIUM,0,FURNITURE,14,Clerk#000000362,1997-04-19,9281.72,409,1
F,1-URGENT,0,HOUSEHOLD,15,Clerk#000000265,1993-03-10,-774.47,972,1
F,3-MEDIUM,4,AUTOMOBILE,20,Clerk#000000056,1995-01-01,-919.65,977,1
O,1-URGENT,0,HOUSEHOLD,15,Clerk#000000317,1996-07-04,4582.28,333,1
F,3-MEDIUM,2,AUTOMOBILE,18,Clerk#000000235,1994-06-19,1842.49,930,1
O,3-MEDIUM,4,BUILDING,11,Clerk#000000774,1995-12-19,-181.63,412,1
F,3-MEDIUM,4,AUTOMOBILE,20,Clerk#000000742,1992-12-16,-729.09,557,1
P,4-NOT SPECIFIED,0,MACHINERY,16,Clerk#000000762,1995-04-25,1520.34,390,1
F,2-HIGH,0,BUILDING,14,Clerk#000000178,1994-07-31,9043.55,100,1
O,4-NOT SPECIFIED,3,BUILDING,23,Clerk#000000113,1995-08-19,5710.41,665,1
F,5-LOW,4,FURNITURE,4,Clerk#000000547,1994-01-13,7654.31,243,1
F,2-HIGH,4,FURNITURE,4,Clerk#000000143,1993-03-10,7885.5,110,1
O,4-NOT SPECIFIED,3,HOUSEHOLD,7,Clerk#000000202,1995-10-08,-501.37,116,1
O,4-NOT SPECIFIED,1,BUILDING,1,Clerk#000000473,1998-03-29,1222.21,820,1
F,5-LOW,3,BUILDING,19,Clerk#000000436,1992-07-06,5561.93,573,1
F,5-LOW,4,AUTOMOBILE,11,Clerk#000000678,1992-06-21,5134.35,668,1
O,4-NOT SPECIFIED,2,FURNITURE,12,Clerk#000000472,1995-05-17,6019.32,255,1
O,4-NOT SPECIFIED,4,MACHINERY,10,Clerk#000000922,1997-04-17,3829.03,452,1
O,1-URGENT,3,MACHINERY,23,Clerk#000000468,1996-06-05,8024.55,932,1
O,4-NOT SPECIFIED,1,BUILDING,1,Clerk#000000486,1996-06-13,-132.97,916,1
O,1-URGENT,2,BUILDING,12,Clerk#000000486,1995-11-08,594.5,402,1
F,3-MEDIUM,4,AUTOMOBILE,10,Clerk#000000116,1992-06-12,8631.35,783,1
O,1-URGENT,2,HOUSEHOLD,9,Clerk#000000451,1998-02-25,4150.76,727,1
F,2-HIGH,2,FURNITURE,8,Clerk#000000559,1993-05-22,9787.56,695,1
O,4-NOT SPECIFIED,4,BUILDING,20,Clerk#000000243,1996-07-28,7476.2,68,1
F,1-URGENT,3,BUILDING,7,Clerk#000000683,1992-06-19,448.49,11,1
O,1-URGENT,2,FURNITURE,9,Clerk#000000833,1996-09-21,884.2,490,1
F,4-NOT SPECIFIED,4,FURNITURE,10,Clerk#000000616,1994-08-19,2934.06,912,1
P,5-LOW,0,BUILDING,16,Clerk#000000801,1995-03-09,4677.55,491,1
O,4-NOT SPECIFIED,0,BUILDING,0,Clerk#000000295,1996-03-17,1820.28,337,1
F,2-HIGH,0,FURNITURE,5,Clerk#000000243,1992-05-11,1791.65,99,1
F,3-MEDIUM,0,FURNITURE,14,Clerk#000000771,1992-01-04,6935.16,483,1
O,4-NOT SPECIFIED,4,FURNITURE,4,Clerk#000000961,1996-10-28,2141.71,648,1
O,3-MEDIUM,4,HOUSEHOLD,11,Clerk#000000523,1998-02-08,5920.09,587,1
F,3-MEDIUM,4,MACHINERY,4,Clerk#000000651,1994-05-03,1734.18,769,1
F,4-NOT SPECIFIED,4,FURNITURE,20,Clerk#000000432,1994-01-25,6265.88,609,1
F,3-MEDIUM,2,AUTOMOBILE,18,Clerk#000000076,1992-05-24,4967.24,471,1
F,2-HIGH,3,HOUSEHOLD,23,Clerk#000000809,1992-07-07,4822.08,776,1
F,5-LOW,0,BUILDING,15,Clerk#000000599,1993-05-26,-951.53,302,1
F,2-HIGH,3,AUTOMOBILE,23,Clerk#000000561,1993-05-27,8795.16,558,1
F,4-NOT SPECIFIED,0,FURNITURE,14,Clerk#000000788,1993-08-22,1724.68,138,1
F,2-HIGH,4,FURNITURE,10,Clerk#000000538,1994-04-21,3959.71,350,1
F,4-NOT SPECIFIED,4,HOUSEHOLD,20,Clerk#000000122,1994-05-15,1634.7,533,1
F,1-URGENT,1,BUILDING,2,Clerk#000000603,1994-10-31,6738.93,6,1
F,3-MEDIUM,2,FURNITURE,18,Clerk#000000772,1992-07-04,4483.83,393,1
F,5-LOW,0,BUILDING,16,Clerk#000000282,1992-07-23,9131.64,407,1
O,2-HIGH,2,FURNITURE,18,Clerk#000000955,1998-01-31,807.37,343,1
O,2-HIGH,2,FURNITURE,9,Clerk#000000504,1996-06-19,8247.11,976,1
O,1-URGENT,3,HOUSEHOLD,23,Clerk#000000174,1995-08-07,1796.09,489,1
O,4-NOT SPECIFIED,4,HOUSEHOLD,20,Clerk#000000862,1996-06-04,2942.19,23,1
F,1-URGENT,4,FURNITURE,13,Clerk#000000521,1993-11-11,909.84,840,1
O,2-HIGH,4,FURNITURE,11,Clerk#000000393,1996-10-16,3061.78,803,1
O,4-NOT SPECIFIED,0,FURNITURE,15,Clerk#000000589,1997-01-25,6988.55,482,1
F,3-MEDIUM,1,BUILDING,2,Clerk#000000112,1992-09-02,90.22,94,1
F,2-HIGH,0,BUILDING,16,Clerk#000000239,1994-09-11,9967.6,782,1
O,2-HIGH,4,FURNITURE,10,Clerk#000000735,1996-02-29,6227.55,377,1
O,2-HIGH,1,FURNITURE,2,Clerk#000000786,1996-12-04,238.14,743,1
O,2-HIGH,2,MACHINERY,12,Clerk#000000772,1996-04-27,6082.74,168,1
O,1-URGENT,3,MACHINERY,19,Clerk#000000288,1996-08-22,70.93,21,1
O,1-URGENT,0,BUILDING,15,Clerk#000000579,1997-05-02,9010.02,879,1
F,3-MEDIUM,3,HOUSEHOLD,6,Clerk#000000491,1994-01-18,2273.5,828,1
F,2-HIGH,0,FURNITURE,0,Clerk#000000960,1995-02-13,1295.54,458,1
O,3-MEDIUM,2,AUTOMOBILE,21,Clerk#000000661,1997-08-01,3420.64,654,1
O,1-URGENT,1,HOUSEHOLD,2,Clerk#000000596,1998-04-28,6074.42,445,1
O,5-LOW,4,AUTOMOBILE,20,Clerk#000000480,1995-03-31,2351.1,45,1
F,3-MEDIUM,4,HOUSEHOLD,11,Clerk#000000928,1993-09-26,2135.6,580,1
F,4-NOT SPECIFIED,2,FURNITURE,8,Clerk#000000597,1994-03-24,-77.63,857,1
O,3-MEDIUM,1,MACHINERY,2,Clerk#000000323,1997-11-05,2544.49,785,1
O,1-URGENT,0,FURNITURE,5,Clerk#000000014,1997-12-08,5447.12,966,1
F,2-HIGH,4,HOUSEHOLD,13,Clerk#000000016,1992-10-31,-112.46,276,1
F,3-MEDIUM,4,BUILDING,13,Clerk#000000851,1994-06-12,8250.87,673,1
O,2-HIGH,3,FURNITURE,22,Clerk#000000728,1997-07-02,7576.55,691,1
F,4-NOT SPECIFIED,2,AUTOMOBILE,8,Clerk#000000971,1993-03-23,3905.97,530,1
O,5-LOW,3,MACHINERY,23,Clerk#000000105,1995-03-31,889.11,804,1
F,3-MEDIUM,3,BUILDING,22,Clerk#000000210,1992-08-28,6058.08,92,1
O,1-URGENT,3,MACHINERY,6,Clerk#000000759,1997-09-13,9120.93,619,1
O,1-URGENT,1,FURNITURE,24,Clerk#000000418,1997-01-12,4038.45,112,1
O,4-NOT SPECIFIED,3,HOUSEHOLD,23,Clerk#000000020,1997-08-16,32.24,451,1
O,3-MEDIUM,1,HOUSEHOLD,24,Clerk#000000955,1995-05-08,2258.4,672,1
O,3-MEDIUM,4,FURNITURE,10,Clerk#000000407,1997-03-27,4573.94,295,1
F,4-NOT SPECIFIED,3,FURNITURE,23,Clerk#000000924,1995-03-25,2317.93,433,1
F,3-MEDIUM,1,MACHINERY,3,Clerk#000000688,1992-09-08,857.7,459,1
O,5-LOW,3,FURNITURE,19,Clerk#000000433,1996-07-30,2953.35,700,1
O,5-LOW,2,BUILDING,9,Clerk#000000703,1996-06-28,3016.38,680,1
O,5-LOW,3,FURNITURE,22,Clerk#000000964,1995-05-03,7207.7,262,1
O,2-HIGH,4,MACHINERY,13,Clerk#000000899,1996-12-15,2394.92,355,1
O,2-HIGH,0,AUTOMOBILE,16,Clerk#000000349,1997-02-05,8137.66,467,1
O,1-URGENT,0,MACHINERY,15,Clerk#000000518,1997-08-10,-334.89,206,1
F,4-NOT SPECIFIED,3,AUTOMOBILE,19,Clerk#000000652,1992-02-11,6496.08,357,1
F,5-LOW,2,HOUSEHOLD,21,Clerk#000000017,1993-11-02,8330.7,31,1
O,3-MEDIUM,1,HOUSEHOLD,2,Clerk#000000779,1997-07-24,1906.52,47,1
O,4-NOT SPECIFIED,0,FURNITURE,5,Clerk#000000751,1997-08-09,2691.42,492,1
F,1-URGENT,4,AUTOMOBILE,20,Clerk#000000766,1992-04-18,-919.65,977,1
F,5-LOW,4,BUILDING,10,Clerk#000000012,1992-08-25,2311,778,1
O,5-LOW,0,AUTOMOBILE,15,Clerk#000000174,1996-10-21,9139.52,187,1
F,2-HIGH,3,HOUSEHOLD,7,Clerk#000000364,1992-06-28,1938.05,424,1
F,2-HIGH,4,BUILDING,11,Clerk#000000304,1992-12-03,2860.71,431,1
O,1-URGENT,4,HOUSEHOLD,13,Clerk#000000483,1998-04-23,4128.86,693,1
O,4-NOT SPECIFIED,1,MACHINERY,1,Clerk#000000980,1997-04-11,7944.22,372,1
F,2-HIGH,1,FURNITURE,1,Clerk#000000217,1994-08-22,6898.65,888,1
O,3-MEDIUM,0,AUTOMOBILE,5,Clerk#000000614,1996-11-29,3035.29,807,1
F,4-NOT SPECIFIED,4,HOUSEHOLD,20,Clerk#000000345,1993-02-03,1634.7,533,1
F,3-MEDIUM,3,HOUSEHOLD,19,Clerk#000000839,1993-11-14,4272.43,7,1
O,3-MEDIUM,2,AUTOMOBILE,12,Clerk#000000894,1997-01-21,3204.67,656,1
O,1-URGENT,4,AUTOMOBILE,10,Clerk#000000901,1997-04-25,1447.84,273,1
O,3-MEDIUM,3,MACHINERY,22,Clerk#000000783,1998-03-15,0.97,423,1
O,4-NOT SPECIFIED,4,BUILDING,20,Clerk#000000651,1998-05-29,3231.33,363,1
O,5-LOW,0,FURNITURE,0,Clerk#000000449,1996-05-28,3229.18,561,1
F,4-NOT SPECIFIED,4,AUTOMOBILE,10,Clerk#000000467,1994-07-22,7462.99,741,1
F,3-MEDIUM,3,AUTOMOBILE,7,Clerk#000000544,1995-01-10,5872.94,378,1
F,4-NOT SPECIFIED,0,BUILDING,15,Clerk#000000346,1992-06-14,8627.9,899,1
O,1-URGENT,1,FURNITURE,1,Clerk#000000538,1998-04-05,-982.32,2,1
O,5-LOW,2,BUILDING,12,Clerk#000000314,1995-11-02,3826.52,662,1
F,2-HIGH,4,BUILDING,20,Clerk#000000337,1994-02-01,6378.67,233,1
O,3-MEDIUM,4,HOUSEHOLD,10,Clerk#000000059,1997-09-30,3798.28,736,1
F,2-HIGH,4,BUILDING,20,Clerk#000000674,1993-11-01,5579.81,178,1
O,4-NOT SPECIFIED,2,FURNITURE,8,Clerk#000000046,1997-01-22,9365.93,353,1
F,2-HIGH,4,BUILDING,4,Clerk#000000223,1994-02-27,-258.77,734,1
F,2-HIGH,3,HOUSEHOLD,7,Clerk#000000682,1992-08-14,9108.61,676,1
O,5-LOW,0,MACHINERY,16,Clerk#000000080,1997-07-08,6582.04,204,1
O,1-URGENT,3,HOUSEHOLD,7,Clerk#000000454,1997-05-30,-501.37,116,1
F,2-HIGH,0,FURNITURE,5,Clerk#000000823,1992-06-11,1791.65,99,1
O,1-URGENT,0,AUTOMOBILE,5,Clerk#000000343,1995-12-08,3872.86,25,1
O,4-NOT SPECIFIED,0,BUILDING,15,Clerk#000000828,1996-03-28,8878.22,815,1
F,5-LOW,2,MACHINERY,12,Clerk#000000008,1993-03-16,3279.84,106,1
O,2-HIGH,2,AUTOMOBILE,21,Clerk#000000083,1996-03-28,8487.6,971,1
F,2-HIGH,0,BUILDING,15,Clerk#000000092,1993-08-13,711.56,865,1
F,4-NOT SPECIFIED,4,AUTOMOBILE,20,Clerk#000000987,1993-05-02,-919.65,977,1
O,4-NOT SPECIFIED,1,AUTOMOBILE,3,Clerk#000000500,1998-01-31,2155.06,749,1
F,2-HIGH,1,MACHINERY,2,Clerk#000000167,1992-02-09,-444.73,794,1
F,1-URGENT,1,MACHINERY,1,Clerk#000000177,1992-07-19,7944.22,372,1
O,5-LOW,4,HOUSEHOLD,10,Clerk#000000751,1998-01-02,270.95,638,1
F,2-HIGH,2,HOUSEHOLD,8,Clerk#000000015,1994-01-08,6359.27,164,1
O,5-LOW,1,BUILDING,2,Clerk#000000698,1997-03-30,4946.21,55,1
F,3-MEDIUM,1,HOUSEHOLD,3,Clerk#000000332,1994-01-15,6603.43,220,1
F,1-URGENT,4,HOUSEHOLD,11,Clerk#000000967,1993-03-14,4801.3,822,1
F,4-NOT SPECIFIED,1,AUTOMOBILE,24,Clerk#000000222,1992-03-13,-377.11,703,1
O,3-MEDIUM,4,BUILDING,11,Clerk#000000911,1997-10-24,-181.63,412,1
F,4-NOT SPECIFIED,2,FURNITURE,12,Clerk#000000955,1994-02-09,3231.71,463,1
F,1-URGENT,3,AUTOMOBILE,23,Clerk#000000790,1993-02-22,7775.65,620,1
O,4-NOT SPECIFIED,1,FURNITURE,1,Clerk#000000766,1996-12-19,6898.65,888,1
O,5-LOW,4,FURNITURE,4,Clerk#000000692,1996-08-18,7654.31,243,1
O,5-LOW,0,BUILDING,15,Clerk#000000047,1997-10-13,9559.04,579,1
O,2-HIGH,4,MACHINERY,4,Clerk#000000854,1996-09-01,7503.3,934,1
O,2-HIGH,2,BUILDING,21,Clerk#000000800,1998-07-27,2106.81,334,1
F,1-URGENT,0,MACHINERY,0,Clerk#000000638,1993-07-30,4367.53,392,1
O,3-MEDIUM,0,MACHINERY,0,Clerk#000000032,1996-03-31,1696.95,968,1
F,5-LOW,3,AUTOMOBILE,19,Clerk#000000858,1993-03-17,2135.91,41,1
O,5-LOW,1,FURNITURE,2,Clerk#000000324,1998-01-16,148.98,83,1
F,4-NOT SPECIFIED,0,AUTOMOBILE,16,Clerk#000000810,1994-09-17,4878.1,48,1
F,4-NOT SPECIFIED,3,HOUSEHOLD,22,Clerk#000000046,1995-01-05,-267.09,148,1
F,4-NOT SPECIFIED,4,BUILDING,20,Clerk#000000700,1992-10-05,7621.56,898,1
O,4-NOT SPECIFIED,3,MACHINERY,19,Clerk#000000924,1997-09-24,2603,111,1
F,3-MEDIUM,2,FURNITURE,21,Clerk#000000098,1994-02-08,7157.21,226,1
O,5-LOW,0,BUILDING,0,Clerk#000000850,1995-11-18,1820.28,337,1
O,4-NOT SPECIFIED,3,AUTOMOBILE,19,Clerk#000000816,1995-07-24,6496.08,357,1
F,3-MEDIUM,2,FURNITURE,9,Clerk#000000269,1993-09-04,4286.94,602,1
O,3-MEDIUM,0,BUILDING,0,Clerk#000000175,1998-02-10,1377.52,715,1
O,3-MEDIUM,0,AUTOMOBILE,0,Clerk#000000008,1995-05-31,5902.85,708,1
F,5-LOW,4,AUTOMOBILE,4,Clerk#000000849,1993-03-30,8121.84,525,1
F,1-URGENT,2,BUILDING,18,Clerk#000000109,1992-01-11,9802.04,943,1
O,3-MEDIUM,3,MACHINERY,19,Clerk#000000814,1996-06-16,70.93,21,1
F,2-HIGH,4,AUTOMOBILE,4,Clerk#000000718,1992-02-21,8798.96,644,1
F,2-HIGH,3,BUILDING,22,Clerk#000000917,1992-01-12,6044.02,503,1
F,2-HIGH,3,BUILDING,7,Clerk#000000938,1992-06-29,448.49,11,1
O,2-HIGH,3,MACHINERY,6,Clerk#000000693,1997-04-16,1286.76,453,1
O,4-NOT SPECIFIED,2,FURNITURE,12,Clerk#000000554,1996-09-21,8982.79,0,1
F,3-MEDIUM,0,FURNITURE,15,Clerk#000000362,1993-03-04,6988.55,482,1
F,5-LOW,1,BUILDING,24,Clerk#000000051,1993-07-04,5859.97,383,1
O,4-NOT SPECIFIED,3,FURNITURE,19,Clerk#000000401,1997-04-24,-234.12,717,1
O,1-URGENT,2,MACHINERY,9,Clerk#000000148,1996-11-26,9774.97,637,1
P,2-HIGH,2,AUTOMOBILE,9,Clerk#000000201,1995-05-09,2326.68,751,1
F,1-URGENT,0,FURNITURE,15,Clerk#000000876,1994-01-03,3160.23,892,1
O,4-NOT SPECIFIED,1,AUTOMOBILE,3,Clerk#000000350,1997-09-26,-301.75,379,1
F,4-NOT SPECIFIED,1,AUTOMOBILE,3,Clerk#000000987,1992-04-16,8137.24,124,1
O,2-HIGH,3,MACHINERY,6,Clerk#000000333,1997-01-29,1286.76,453,1
O,2-HIGH,1,MACHINERY,2,Clerk#000000457,1995-12-19,-43.79,756,1
F,5-LOW,1,MACHINERY,2,Clerk#000000866,1993-01-28,4376.8,909,1
F,3-MEDIUM,1,MACHINERY,2,Clerk#000000297,1992-03-13,-795.23,854,1
O,5-LOW,2,AUTOMOBILE,9,Clerk#000000536,1998-06-12,2326.68,751,1
O,4-NOT SPECIFIED,2,MACHINERY,8,Clerk#000000723,1996-01-16,4086.56,228,1
F,3-MEDIUM,4,BUILDING,11,Clerk#000000219,1995-01-14,9442.55,46,1
O,5-LOW,0,BUILDING,0,Clerk#000000986,1997-02-07,1377.52,715,1
O,3-MEDIUM,1,BUILDING,3,Clerk#000000729,1996-11-17,-646.64,245,1
O,3-MEDIUM,1,HOUSEHOLD,3,Clerk#000000922,1998-03-14,794.47,808,1
O,1-URGENT,0,AUTOMOBILE,0,Clerk#000000939,1996-01-29,785.37,987,1
O,4-NOT SPECIFIED,0,FURNITURE,5,Clerk#000000445,1997-10-23,5447.12,966,1
O,4-NOT SPECIFIED,4,BUILDING,4,Clerk#000000333,1997-03-29,260.71,646,1
F,2-HIGH,3,MACHINERY,19,Clerk#000000542,1993-01-07,1422.57,833,1
F,2-HIGH,4,BUILDING,13,Clerk#000000408,1994-10-31,8938.14,36,1
F,4-NOT SPECIFIED,1,AUTOMOBILE,2,Clerk#000000475,1994-11-10,1543.64,486,1
O,1-URGENT,3,BUILDING,19,Clerk#000000777,1996-11-21,4146.43,77,1
O,3-MEDIUM,1,BUILDING,1,Clerk#000000426,1996-09-17,4455.76,814,1
F,2-HIGH,0,BUILDING,15,Clerk#000000943,1993-03-20,9768.73,811,1
O,3-MEDIUM,4,BUILDING,13,Clerk#000000852,1997-01-14,3367.36,66,1
O,2-HIGH,1,FURNITURE,2,Clerk#000000001,1996-04-16,1416.75,444,1
O,4-NOT SPECIFIED,4,BUILDING,11,Clerk#000000532,1996-07-31,3952.84,26,1
O,1-URGENT,3,FURNITURE,22,Clerk#000000218,1997-11-28,9491.46,789,1
F,1-URGENT,2,AUTOMOBILE,18,Clerk#000000078,1992-01-31,1137.67,868,1
O,1-URGENT,3,HOUSEHOLD,7,Clerk#000000005,1997-07-05,8555.12,422,1
O,3-MEDIUM,0,MACHINERY,5,Clerk#000000974,1997-08-19,5027.75,510,1
O,1-URGENT,1,BUILDING,17,Clerk#000000738,1996-07-29,6428.32,104,1
O,1-URGENT,3,FURNITURE,6,Clerk#000000967,1996-02-21,1834.36,405,1
F,4-NOT SPECIFIED,4,FURNITURE,4,Clerk#000000511,1994-08-23,7654.31,243,1
F,2-HIGH,2,BUILDING,21,Clerk#000000364,1994-01-21,3812.84,394,1
F,1-URGENT,4,HOUSEHOLD,11,Clerk#000000327,1995-01-05,2135.6,580,1
F,5-LOW,3,AUTOMOBILE,6,Clerk#000000371,1992-03-05,4396.25,442,1
F,2-HIGH,2,MACHINERY,12,Clerk#000000048,1993-08-10,3342.75,192,1
F,2-HIGH,4,FURNITURE,11,Clerk#000000453,1994-04-04,-425.09,964,1
O,5-LOW,3,MACHINERY,19,Clerk#000000393,1995-12-05,1422.57,833,1
F,2-HIGH,3,BUILDING,19,Clerk#000000585,1992-03-26,2583.91,60,1
O,1-URGENT,4,BUILDING,20,Clerk#000000481,1998-03-14,8156.62,975,1
F,3-MEDIUM,1,BUILDING,3,Clerk#000000475,1993-05-15,7905.17,813,1
F,4-NOT SPECIFIED,1,FURNITURE,24,Clerk#000000818,1993-03-19,9225.6,169,1
F,4-NOT SPECIFIED,2,BUILDING,18,Clerk#000000812,1994-11-04,1685.9,134,1
O,5-LOW,0,BUILDING,16,Clerk#000000324,1995-11-20,9131.64,407,1
O,4-NOT SPECIFIED,2,MACHINERY,8,Clerk#000000284,1996-09-08,3993.54,722,1
F,4-NOT SPECIFIED,3,AUTOMOBILE,23,Clerk#000000507,1994-06-04,7775.65,620,1
O,4-NOT SPECIFIED,0,FURNITURE,14,Clerk#000000651,1997-07-29,9281.72,409,1
O,5-LOW,2,BUILDING,8,Clerk#000000565,1998-02-20,2005.02,607,1
F,2-HIGH,1,FURNITURE,24,Clerk#000000554,1992-03-24,9225.6,169,1
F,3-MEDIUM,4,MACHINERY,11,Clerk#000000442,1994-05-10,9398.51,944,1
O,3-MEDIUM,4,AUTOMOBILE,10,Clerk#000000704,1998-04-20,-922.69,179,1
O,3-MEDIUM,0,MACHINERY,0,Clerk#000000793,1996-11-11,9217.55,62,1
O,2-HIGH,0,HOUSEHOLD,14,Clerk#000000114,1996-07-25,6693.36,91,1
F,3-MEDIUM,4,MACHINERY,4,Clerk#000000284,1993-03-22,9541.19,904,1
O,1-URGENT,2,MACHINERY,8,Clerk#000000408,1995-12-19,1526.59,787,1
O,4-NOT SPECIFIED,1,BUILDING,1,Clerk#000000822,1995-06-15,2650.27,285,1
O,2-HIGH,3,BUILDING,23,Clerk#000000359,1996-07-20,5840.97,203,1
F,5-LOW,3,FURNITURE,22,Clerk#000000913,1994-06-04,7576.55,691,1
F,3-MEDIUM,4,HOUSEHOLD,11,Clerk#000000877,1993-01-24,4130.18,54,1
F,3-MEDIUM,0,MACHINERY,14,Clerk#000000530,1994-04-30,7667.35,604,1
O,1-URGENT,2,AUTOMOBILE,9,Clerk#000000386,1995-06-23,780.05,456,1
O,4-NOT SPECIFIED,4,MACHINERY,13,Clerk#000000819,1995-10-13,4363.17,264,1
F,3-MEDIUM,0,FURNITURE,14,Clerk#000000342,1992-08-08,8727.9,860,1
O,3-MEDIUM,3,FURNITURE,7,Clerk#000000952,1997-10-22,709.46,507,1
F,3-MEDIUM,1,BUILDING,1,Clerk#000000262,1994-02-11,178.73,514,1
F,3-MEDIUM,2,AUTOMOBILE,21,Clerk#000000110,1992-09-07,7894,697,1
O,4-NOT SPECIFIED,1,AUTOMOBILE,3,Clerk#000000784,1997-12-19,754.41,367,1
F,4-NOT SPECIFIED,1,AUTOMOBILE,3,Clerk#000000504,1994-09-16,9128.69,252,1
F,1-URGENT,2,FURNITURE,9,Clerk#000000474,1995-02-04,3244.78,360,1
O,4-NOT SPECIFIED,2,HOUSEHOLD,8,Clerk#000000810,1997-06-04,6020.02,666,1
O,5-LOW,0,MACHINERY,15,Clerk#000000962,1996-02-22,1725.68,844,1
O,4-NOT SPECIFIED,3,AUTOMOBILE,19,Clerk#000000791,1996-06-14,-326.32,945,1
O,2-HIGH,4,BUILDING,11,Clerk#000000082,1995-11-16,4608.9,209,1
F,2-HIGH,0,FURNITURE,14,Clerk#000000321,1993-04-02,8998.82,687,1
F,2-HIGH,0,FURNITURE,15,Clerk#000000788,1993-11-30,6988.55,482,1
O,1-URGENT,2,HOUSEHOLD,21,Clerk#000000986,1997-12-31,9977.62,289,1
O,3-MEDIUM,0,AUTOMOBILE,15,Clerk#000000035,1996-01-30,5212.43,658,1
F,3-MEDIUM,4,FURNITURE,20,Clerk#000000520,1992-04-10,9889.89,52,1
F,5-LOW,4,HOUSEHOLD,11,Clerk#000000542,1994-02-05,3931.31,323,1
O,5-LOW,4,MACHINERY,4,Clerk#000000828,1997-04-29,8167.5,758,1
F,4-NOT SPECIFIED,1,HOUSEHOLD,2,Clerk#000000776,1994-02-24,1906.52,47,1
F,4-NOT SPECIFIED,3,AUTOMOBILE,19,Clerk#000000193,1993-12-04,253.59,308,1
F,4-NOT SPECIFIED,0,BUILDING,16,Clerk#000001000,1994-01-11,9131.64,407,1
O,5-LOW,2,FURNITURE,12,Clerk#000000545,1996-06-20,6859.28,847,1
F,4-NOT SPECIFIED,0,HOUSEHOLD,5,Clerk#000000490,1993-11-29,-902.48,996,1
F,5-LOW,0,HOUSEHOLD,14,Clerk#000000675,1995-02-01,6344.18,493,1
O,4-NOT SPECIFIED,4,HOUSEHOLD,10,Clerk#000000385,1997-06-26,3798.28,736,1
O,1-URGENT,0,FURNITURE,5,Clerk#000000730,1998-04-27,3386.64,569,1
O,5-LOW,4,BUILDING,13,Clerk#000000241,1998-05-23,6364.6,744,1
F,3-MEDIUM,2,MACHINERY,9,Clerk#000001000,1992-04-14,8166.59,370,1
F,1-URGENT,0,MACHINERY,16,Clerk#000000914,1992-07-30,6582.04,204,1
F,1-URGENT,2,MACHINERY,9,Clerk#000000368,1994-04-14,4910.48,171,1
O,3-MEDIUM,0,HOUSEHOLD,16,Clerk#000000844,1995-08-21,7461.27,746,1
F,1-URGENT,1,MACHINERY,1,Clerk#000000582,1993-10-10,7944.22,372,1
O,5-LOW,0,FURNITURE,14,Clerk#000000591,1995-09-12,9281.72,409,1
O,4-NOT SPECIFIED,2,FURNITURE,8,Clerk#000000387,1995-12-10,9787.56,695,1
F,5-LOW,4,FURNITURE,11,Clerk#000000671,1994-03-26,3061.78,803,1
O,2-HIGH,1,HOUSEHOLD,24,Clerk#000000273,1996-12-16,5527.61,419,1
O,3-MEDIUM,2,AUTOMOBILE,18,Clerk#000000182,1997-06-19,9468.34,479,1
F,3-MEDIUM,0,HOUSEHOLD,15,Clerk#000000201,1993-05-13,2506.38,364,1
O,4-NOT SPECIFIED,2,AUTOMOBILE,9,Clerk#000000429,1996-06-06,6569.34,571,1
O,5-LOW,1,AUTOMOBILE,3,Clerk#000000999,1998-03-18,9128.69,252,1
O,5-LOW,0,BUILDING,5,Clerk#000000484,1996-07-31,9562.82,791,1
O,1-URGENT,1,AUTOMOBILE,24,Clerk#000000903,1996-02-14,-377.11,703,1
F,2-HIGH,1,MACHINERY,3,Clerk#000000861,1994-06-26,1809.04,33,1
F,1-URGENT,4,MACHINERY,4,Clerk#000000280,1992-07-10,2866.83,72,1
F,1-URGENT,3,MACHINERY,23,Clerk#000000219,1994-09-12,130.59,642,1
F,3-MEDIUM,0,FURNITURE,5,Clerk#000000626,1993-04-13,1791.65,99,1
F,1-URGENT,4,AUTOMOBILE,10,Clerk#000000471,1994-07-10,-922.69,179,1
F,2-HIGH,0,MACHINERY,15,Clerk#000000526,1994-12-04,5012.07,843,1
O,3-MEDIUM,2,MACHINERY,21,Clerk#000000152,1996-09-27,6314.25,978,1
O,1-URGENT,4,HOUSEHOLD,20,Clerk#000000962,1995-06-30,-395.89,858,1
F,3-MEDIUM,3,AUTOMOBILE,19,Clerk#000000883,1994-04-24,253.59,308,1
O,4-NOT SPECIFIED,1,AUTOMOBILE,17,Clerk#000000979,1996-07-11,2164.48,361,1
F,2-HIGH,0,MACHINERY,5,Clerk#000000677,1993-05-20,2020.15,896,1
O,1-URGENT,0,MACHINERY,14,Clerk#000000154,1998-03-04,6271.38,349,1
O,5-LOW,2,FURNITURE,8,Clerk#000000701,1998-01-10,-917.75,222,1
F,1-URGENT,3,HOUSEHOLD,7,Clerk#000000936,1993-03-25,7511.17,159,1
O,1-URGENT,3,BUILDING,6,Clerk#000000492,1995-04-27,8667.09,30,1
O,4-NOT SPECIFIED,0,BUILDING,0,Clerk#000000082,1997-07-26,2724.98,694,1
F,3-MEDIUM,0,BUILDING,15,Clerk#000000915,1992-01-23,4011.18,354,1
O,5-LOW,0,MACHINERY,16,Clerk#000000192,1997-08-26,9566.15,294,1
O,2-HIGH,3,AUTOMOBILE,7,Clerk#000000720,1996-12-27,6134.4,947,1
F,4-NOT SPECIFIED,0,HOUSEHOLD,16,Clerk#000000724,1994-12-26,2961.79,155,1
O,2-HIGH,3,BUILDING,7,Clerk#000000890,1997-03-13,3869.25,518,1
O,1-URGENT,1,MACHINERY,2,Clerk#000000115,1997-02-03,2338.92,10,1
P,4-NOT SPECIFIED,3,FURNITURE,22,Clerk#000000395,1995-06-04,7576.55,691,1
F,2-HIGH,0,BUILDING,15,Clerk#000000183,1992-03-22,8627.9,899,1
O,4-NOT SPECIFIED,3,MACHINERY,23,Clerk#000000478,1997-11-15,8024.55,932,1
O,4-NOT SPECIFIED,4,HOUSEHOLD,11,Clerk#000000884,1996-11-24,3931.31,323,1
F,5-LOW,3,HOUSEHOLD,23,Clerk#000000198,1994-10-05,-549.73,35,1
F,1-URGENT,2,FURNITURE,9,Clerk#000000181,1992-02-06,5398.77,439,1
O,5-LOW,4,BUILDING,4,Clerk#000000124,1995-06-19,260.71,646,1
P,2-HIGH,0,AUTOMOBILE,0,Clerk#000000568,1995-03-11,5902.85,708,1
O,1-URGENT,3,MACHINERY,19,Clerk#000000891,1997-07-21,6807.55,635,1
P,2-HIGH,2,BUILDING,12,Clerk#000000581,1995-03-14,7447.99,109,1
F,5-LOW,1,AUTOMOBILE,2,Clerk#000000656,1993-06-15,6.34,190,1
F,3-MEDIUM,4,BUILDING,10,Clerk#000000160,1993-05-10,-275.73,304,1
O,4-NOT SPECIFIED,2,HOUSEHOLD,8,Clerk#000000538,1997-10-02,6020.02,666,1
O,1-URGENT,1,FURNITURE,3,Clerk#000000660,1998-02-19,-949.28,716,1
O,1-URGENT,2,FURNITURE,18,Clerk#000000323,1997-12-14,4483.83,393,1
F,3-MEDIUM,2,AUTOMOBILE,8,Clerk#000000148,1994-03-19,3905.97,530,1
O,5-LOW,0,FURNITURE,14,Clerk#000000462,1996-01-24,8998.82,687,1
F,4-NOT SPECIFIED,2,BUILDING,12,Clerk#000000161,1995-04-08,7447.99,109,1
F,5-LOW,0,BUILDING,0,Clerk#000000348,1992-01-05,2432.73,711,1
F,5-LOW,2,AUTOMOBILE,12,Clerk#000000034,1992-01-25,-592.69,117,1
O,3-MEDIUM,1,AUTOMOBILE,3,Clerk#000000346,1998-04-15,6444.82,280,1
O,2-HIGH,0,FURNITURE,0,Clerk#000000575,1996-09-04,3229.18,561,1
O,2-HIGH,2,AUTOMOBILE,18,Clerk#000000248,1996-09-28,1842.49,930,1
O,3-MEDIUM,1,AUTOMOBILE,3,Clerk#000000963,1996-03-27,8137.24,124,1
O,4-NOT SPECIFIED,4,HOUSEHOLD,11,Clerk#000000674,1998-03-24,7462.2,293,1
O,4-NOT SPECIFIED,1,FURNITURE,1,Clerk#000000982,1997-08-04,3186.57,874,1
F,5-LOW,3,BUILDING,7,Clerk#000000223,1992-10-14,8227.37,730,1
F,3-MEDIUM,1,AUTOMOBILE,3,Clerk#000000280,1992-06-04,9334.82,326,1
O,1-URGENT,2,AUTOMOBILE,9,Clerk#000000346,1997-02-07,8730.85,160,1
O,2-HIGH,2,AUTOMOBILE,8,Clerk#000000544,1996-09-05,4643.14,249,1
F,5-LOW,4,AUTOMOBILE,11,Clerk#000000157,1993-03-31,1657.46,71,1
O,1-URGENT,0,BUILDING,15,Clerk#000000313,1997-08-14,-951.53,302,1
F,4-NOT SPECIFIED,3,FURNITURE,22,Clerk#000000128,1994-07-28,7603.4,958,1
O,5-LOW,4,AUTOMOBILE,10,Clerk#000000985,1996-01-17,1939.39,520,1
O,3-MEDIUM,0,AUTOMOBILE,0,Clerk#000000783,1995-05-16,7352.14,375,1
F,2-HIGH,3,BUILDING,22,Clerk#000000607,1994-09-07,-881.7,829,1
F,1-URGENT,3,FURNITURE,22,Clerk#000000701,1993-04-25,-213.85,191,1
F,3-MEDIUM,0,MACHINERY,14,Clerk#000000697,1992-11-20,5335.36,821,1
F,4-NOT SPECIFIED,4,HOUSEHOLD,20,Clerk#000000421,1993-12-06,2942.19,23,1
O,3-MEDIUM,4,HOUSEHOLD,20,Clerk#000000040,1998-05-06,-395.89,858,1
F,5-LOW,2,FURNITURE,12,Clerk#000000360,1992-06-05,4756.58,913,1
O,2-HIGH,2,BUILDING,9,Clerk#000000491,1998-04-15,5794.69,56,1
F,2-HIGH,2,MACHINERY,12,Clerk#000000617,1993-03-07,6906.08,931,1
O,5-LOW,1,FURNITURE,24,Clerk#000000769,1996-01-04,5672.05,849,1
F,4-NOT SPECIFIED,4,BUILDING,4,Clerk#000000965,1992-05-27,7557,979,1
F,4-NOT SPECIFIED,2,FURNITURE,21,Clerk#000000592,1993-02-11,7157.21,226,1
O,3-MEDIUM,2,BUILDING,12,Clerk#000000375,1998-05-29,2584.52,990,1
O,1-URGENT,0,AUTOMOBILE,16,Clerk#000000974,1996-10-10,4878.1,48,1
F,4-NOT SPECIFIED,2,HOUSEHOLD,12,Clerk#000000578,1994-04-01,6381.24,416,1
O,1-URGENT,4,HOUSEHOLD,20,Clerk#000000864,1996-04-11,7826.1,494,1
O,4-NOT SPECIFIED,0,MACHINERY,16,Clerk#000000535,1998-07-10,9566.15,294,1
F,3-MEDIUM,4,AUTOMOBILE,10,Clerk#000000533,1994-09-30,1939.39,520,1
O,4-NOT SPECIFIED,4,AUTOMOBILE,20,Clerk#000000205,1995-08-24,2351.1,45,1
O,4-NOT SPECIFIED,4,FURNITURE,10,Clerk#000000080,1996-12-26,3959.71,350,1
F,5-LOW,3,BUILDING,6,Clerk#000000069,1992-01-29,4361.7,232,1
O,3-MEDIUM,1,BUILDING,17,Clerk#000000580,1998-07-27,6819.74,27,1
O,5-LOW,3,FURNITURE,22,Clerk#000000665,1996-02-14,4867.52,954,1
F,2-HIGH,3,AUTOMOBILE,7,Clerk#000000164,1992-09-15,5872.94,378,1
O,1-URGENT,3,HOUSEHOLD,7,Clerk#000000087,1997-12-07,7511.17,159,1
O,2-HIGH,1,BUILDING,3,Clerk#000000207,1998-03-26,1335.3,450,1
O,4-NOT SPECIFIED,2,BUILDING,8,Clerk#000000056,1996-01-10,81.06,615,1
F,2-HIGH,4,HOUSEHOLD,13,Clerk#000000669,1994-10-17,3686.07,850,1
F,3-MEDIUM,2,FURNITURE,8,Clerk#000000719,1994-04-21,-77.63,857,1
O,5-LOW,0,MACHINERY,14,Clerk#000000074,1997-09-02,6271.38,349,1
F,3-MEDIUM,4,FURNITURE,10,Clerk#000000890,1994-09-12,4681.03,759,1
O,4-NOT SPECIFIED,4,HOUSEHOLD,4,Clerk#000000746,1996-06-06,1735.44,611,1
O,4-NOT SPECIFIED,4,HOUSEHOLD,20,Clerk#000000943,1997-10-04,7826.1,494,1
F,1-URGENT,1,MACHINERY,3,Clerk#000000486,1992-06-12,1809.04,33,1
F,5-LOW,4,FURNITURE,20,Clerk#000000970,1993-06-18,8746.23,59,1
O,5-LOW,4,FURNITURE,11,Clerk#000000622,1997-10-04,3969.86,952,1
O,4-NOT SPECIFIED,0,FURNITURE,16,Clerk#000000704,1997-01-25,2869.97,505,1
F,2-HIGH,1,BUILDING,1,Clerk#000000001,1994-07-27,7348.92,205,1
O,1-URGENT,2,AUTOMOBILE,18,Clerk#000000708,1997-03-17,9561.95,886,1
F,3-MEDIUM,2,HOUSEHOLD,8,Clerk#000000045,1992-08-23,-654.5,348,1
O,2-HIGH,4,AUTOMOBILE,20,Clerk#000000438,1997-08-25,-919.65,977,1
P,1-URGENT,1,AUTOMOBILE,3,Clerk#000000174,1995-05-04,9334.82,326,1
O,5-LOW,0,MACHINERY,15,Clerk#000000934,1996-06-01,5012.07,843,1
F,2-HIGH,1,BUILDING,3,Clerk#000000055,1993-03-10,9459.5,158,1
F,4-NOT SPECIFIED,4,AUTOMOBILE,10,Clerk#000000030,1992-04-03,7462.99,741,1
O,3-MEDIUM,1,FURNITURE,3,Clerk#000000180,1998-04-16,7746.97,101,1
F,3-MEDIUM,0,BUILDING,5,Clerk#000000383,1993-02-10,-158.39,942,1
O,3-MEDIUM,2,HOUSEHOLD,12,Clerk#000000750,1997-02-09,6853.37,577,1
O,1-URGENT,4,MACHINERY,13,Clerk#000000440,1998-04-14,2394.92,355,1
F,5-LOW,4,HOUSEHOLD,10,Clerk#000000522,1992-03-10,270.95,638,1
O,2-HIGH,1,FURNITURE,24,Clerk#000000427,1996-01-13,9225.6,169,1
F,2-HIGH,3,FURNITURE,23,Clerk#000000292,1993-07-31,1709.5,435,1
F,1-URGENT,4,HOUSEHOLD,11,Clerk#000000345,1994-09-23,5630.28,878,1
O,1-URGENT,0,FURNITURE,15,Clerk#000000647,1995-11-10,3160.23,892,1
O,3-MEDIUM,4,AUTOMOBILE,10,Clerk#000000548,1996-01-13,-932.96,572,1
F,5-LOW,3,MACHINERY,23,Clerk#000000891,1993-08-18,8024.55,932,1
F,1-URGENT,2,AUTOMOBILE,18,Clerk#000000580,1993-04-20,9561.95,886,1
F,2-HIGH,1,AUTOMOBILE,1,Clerk#000000247,1993-11-18,9860.22,959,1
P,5-LOW,1,AUTOMOBILE,3,Clerk#000000372,1995-05-04,-301.75,379,1
O,5-LOW,3,AUTOMOBILE,22,Clerk#000000855,1996-02-13,4962.12,87,1
F,3-MEDIUM,4,AUTOMOBILE,13,Clerk#000000895,1994-12-29,121.65,801,1
O,3-MEDIUM,2,FURNITURE,8,Clerk#000000922,1997-02-25,1007.18,568,1
O,1-URGENT,3,FURNITURE,19,Clerk#000000693,1996-09-02,4425.42,40,1
O,5-LOW,0,AUTOMOBILE,16,Clerk#000000871,1995-10-03,7315.94,324,1
F,4-NOT SPECIFIED,2,BUILDING,21,Clerk#000000487,1992-03-06,3812.84,394,1
O,3-MEDIUM,3,AUTOMOBILE,23,Clerk#000000543,1996-09-30,7775.65,620,1
F,1-URGENT,0,HOUSEHOLD,16,Clerk#000000964,1992-12-25,7838.3,692,1
O,2-HIGH,2,AUTOMOBILE,9,Clerk#000000111,1995-12-22,6569.34,571,1
O,3-MEDIUM,0,MACHINERY,15,Clerk#000000302,1998-01-09,5327.38,365,1
F,2-HIGH,2,MACHINERY,18,Clerk#000000095,1994-08-07,6403.62,1,1
O,2-HIGH,2,AUTOMOBILE,18,Clerk#000000230,1996-10-20,6840.29,991,1
O,5-LOW,1,BUILDING,2,Clerk#000000659,1995-09-29,2883.24,78,1
O,1-URGENT,2,BUILDING,12,Clerk#000000053,1996-12-17,3826.52,662,1
F,3-MEDIUM,0,BUILDING,0,Clerk#000000945,1993-01-23,4288.5,739,1
O,2-HIGH,1,AUTOMOBILE,1,Clerk#000000756,1998-05-19,3914.88,166,1
P,2-HIGH,3,BUILDING,23,Clerk#000000140,1995-04-12,9465.15,761,1
O,1-URGENT,0,BUILDING,16,Clerk#000000188,1996-01-25,9967.6,782,1
F,3-MEDIUM,4,FURNITURE,11,Clerk#000000840,1992-09-13,3061.78,803,1
O,3-MEDIUM,2,BUILDING,9,Clerk#000000579,1996-03-05,2757.45,806,1
F,2-HIGH,3,BUILDING,22,Clerk#000000141,1993-07-04,6058.08,92,1
F,2-HIGH,1,MACHINERY,2,Clerk#000000230,1993-07-25,-43.79,756,1
F,5-LOW,1,HOUSEHOLD,1,Clerk#000000557,1992-11-23,705.93,523,1
F,1-URGENT,2,FURNITURE,8,Clerk#000000732,1994-10-24,9787.56,695,1
O,5-LOW,3,MACHINERY,6,Clerk#000000441,1997-03-19,8651.87,448,1
O,4-NOT SPECIFIED,0,BUILDING,16,Clerk#000000697,1997-01-13,1609.39,623,1
F,4-NOT SPECIFIED,2,AUTOMOBILE,18,Clerk#000000905,1995-02-04,1842.49,930,1
F,4-NOT SPECIFIED,2,AUTOMOBILE,9,Clerk#000000497,1994-06-25,233.51,129,1
O,3-MEDIUM,2,FURNITURE,8,Clerk#000000261,1996-04-02,9365.93,353,1
O,3-MEDIUM,0,BUILDING,15,Clerk#000000839,1997-08-18,8081.52,125,1
O,4-NOT SPECIFIED,1,AUTOMOBILE,17,Clerk#000000724,1998-06-12,9359.01,643,1
O,1-URGENT,2,AUTOMOBILE,9,Clerk#000000149,1997-01-11,2209.81,38,1
F,5-LOW,1,BUILDING,1,Clerk#000000900,1993-11-23,4189.04,144,1
F,4-NOT SPECIFIED,3,AUTOMOBILE,7,Clerk#000000896,1994-01-28,5872.94,378,1
F,5-LOW,4,FURNITURE,13,Clerk#000000445,1993-07-06,-375.76,389,1
O,1-URGENT,1,MACHINERY,3,Clerk#000000035,1995-09-03,4344.52,151,1
O,3-MEDIUM,0,FURNITURE,15,Clerk#000000337,1996-09-11,8184.21,565,1
O,4-NOT SPECIFIED,4,BUILDING,10,Clerk#000000658,1998-03-15,-275.73,304,1
O,5-LOW,1,MACHINERY,1,Clerk#000000483,1997-04-14,9196.11,133,1
O,5-LOW,2,FURNITURE,21,Clerk#000000287,1997-04-04,2619.52,859,1
F,1-URGENT,0,HOUSEHOLD,5,Clerk#000000494,1994-04-10,3335.29,677,1
O,5-LOW,3,AUTOMOBILE,22,Clerk#000000482,1998-04-19,4962.12,87,1
F,3-MEDIUM,4,MACHINERY,10,Clerk#000000717,1992-11-08,9158.91,180,1
O,4-NOT SPECIFIED,1,AUTOMOBILE,3,Clerk#000000050,1998-03-28,-301.75,379,1
O,1-URGENT,1,BUILDING,17,Clerk#000000056,1998-01-20,8492.33,75,1
F,1-URGENT,0,AUTOMOBILE,0,Clerk#000000099,1992-05-29,5902.85,708,1
F,2-HIGH,4,AUTOMOBILE,10,Clerk#000000789,1992-05-17,1939.39,520,1
F,3-MEDIUM,1,FURNITURE,1,Clerk#000000642,1992-12-31,5266.3,830,1
O,1-URGENT,4,BUILDING,10,Clerk#000000167,1997-10-23,6368.38,651,1
F,5-LOW,3,AUTOMOBILE,7,Clerk#000000450,1992-05-02,5872.94,378,1
O,1-URGENT,0,FURNITURE,16,Clerk#000000802,1996-10-30,8873.46,752,1
F,5-LOW,2,FURNITURE,18,Clerk#000000116,1995-02-16,7115.14,690,1
F,5-LOW,2,FURNITURE,21,Clerk#000000514,1995-02-13,2114.53,508,1
O,3-MEDIUM,1,AUTOMOBILE,3,Clerk#000000329,1997-05-14,-496.49,562,1
F,5-LOW,1,AUTOMOBILE,24,Clerk#000000947,1993-04-11,7756.35,856,1
F,3-MEDIUM,3,BUILDING,22,Clerk#000000904,1994-05-08,-616.79,468,1
F,5-LOW,4,MACHINERY,4,Clerk#000000705,1993-06-18,8167.5,758,1
F,4-NOT SPECIFIED,0,AUTOMOBILE,16,Clerk#000000277,1993-03-24,7315.94,324,1
O,1-URGENT,4,BUILDING,20,Clerk#000000881,1998-05-11,-574.39,12,1
F,3-MEDIUM,4,FURNITURE,11,Clerk#000000266,1993-11-12,3969.86,952,1
O,5-LOW,4,HOUSEHOLD,10,Clerk#000000464,1996-08-10,5751.31,284,1
F,1-URGENT,1,FURNITURE,2,Clerk#000000107,1994-12-12,3274.3,686,1
F,2-HIGH,4,HOUSEHOLD,11,Clerk#000000634,1993-11-20,4130.18,54,1
F,1-URGENT,0,FURNITURE,0,Clerk#000000028,1992-11-13,2130.98,369,1
O,5-LOW,0,BUILDING,0,Clerk#000000021,1996-06-27,2409.69,374,1
F,4-NOT SPECIFIED,1,MACHINERY,17,Clerk#000000336,1993-09-02,8275.8,32,1
F,5-LOW,2,FURNITURE,18,Clerk#000000178,1994-05-11,807.37,343,1
F,5-LOW,2,AUTOMOBILE,21,Clerk#000000681,1992-03-01,7894,697,1
O,5-LOW,1,FURNITURE,1,Clerk#000000699,1997-05-24,4157,53,1
O,1-URGENT,2,MACHINERY,9,Clerk#000000340,1997-10-16,7897.78,552,1
O,5-LOW,1,FURNITURE,17,Clerk#000000554,1996-07-12,1536.24,911,1
O,4-NOT SPECIFIED,0,FURNITURE,14,Clerk#000000244,1996-09-12,9281.72,409,1
F,5-LOW,0,MACHINERY,16,Clerk#000000075,1993-11-28,9786.36,281,1
O,4-NOT SPECIFIED,0,HOUSEHOLD,0,Clerk#000000215,1997-10-23,9497.89,737,1
F,1-URGENT,4,FURNITURE,4,Clerk#000000251,1993-08-28,3266.14,466,1
F,2-HIGH,2,HOUSEHOLD,9,Clerk#000000854,1994-07-10,-272.14,593,1
O,2-HIGH,3,BUILDING,22,Clerk#000000611,1996-11-27,367.82,582,1
F,2-HIGH,1,BUILDING,3,Clerk#000000146,1993-07-27,-646.64,245,1
O,1-URGENT,1,HOUSEHOLD,24,Clerk#000000998,1997-07-15,2369.01,618,1
O,3-MEDIUM,3,AUTOMOBILE,19,Clerk#000000937,1997-11-03,2135.91,41,1
O,1-URGENT,1,FURNITURE,2,Clerk#000000461,1997-03-07,148.98,83,1
O,2-HIGH,1,AUTOMOBILE,3,Clerk#000000197,1997-12-05,5274.52,688,1
O,4-NOT SPECIFIED,0,MACHINERY,16,Clerk#000000494,1996-10-07,9786.36,281,1
F,2-HIGH,0,FURNITURE,16,Clerk#000000620,1992-01-08,-330.69,504,1
O,2-HIGH,2,FURNITURE,18,Clerk#000000942,1996-09-15,4483.83,393,1
O,5-LOW,4,MACHINERY,10,Clerk#000000176,1998-07-23,9158.91,180,1
O,4-NOT SPECIFIED,3,MACHINERY,6,Clerk#000000958,1997-12-19,2892.21,260,1
O,5-LOW,0,HOUSEHOLD,16,Clerk#000000110,1996-05-09,2961.79,155,1
O,4-NOT SPECIFIED,1,BUILDING,3,Clerk#000000834,1996-09-02,-600.73,907,1
O,4-NOT SPECIFIED,1,AUTOMOBILE,17,Clerk#000000870,1996-03-15,2314.67,640,1
F,3-MEDIUM,0,MACHINERY,5,Clerk#000000674,1992-04-21,2020.15,896,1
O,2-HIGH,4,BUILDING,13,Clerk#000000733,1997-08-04,-341.79,729,1
F,5-LOW,2,HOUSEHOLD,8,Clerk#000000843,1992-03-02,1534.38,82,1
O,4-NOT SPECIFIED,2,BUILDING,21,Clerk#000000988,1997-11-04,5465.29,539,1
O,5-LOW,0,BUILDING,14,Clerk#000000043,1997-05-12,9043.55,100,1
F,1-URGENT,1,MACHINERY,24,Clerk#000000310,1993-10-25,7014.12,317,1
F,4-NOT SPECIFIED,0,AUTOMOBILE,15,Clerk#000000423,1993-06-28,2669.01,484,1
F,2-HIGH,3,BUILDING,19,Clerk#000000295,1992-11-16,2583.91,60,1
F,3-MEDIUM,0,HOUSEHOLD,0,Clerk#000000707,1993-09-30,3306.32,196,1
F,4-NOT SPECIFIED,2,AUTOMOBILE,8,Clerk#000000821,1993-06-05,-17.1,400,1
F,4-NOT SPECIFIED,0,BUILDING,0,Clerk#000000352,1995-02-12,2432.73,711,1
F,5-LOW,2,AUTOMOBILE,8,Clerk#000000570,1995-01-04,-17.1,400,1
O,3-MEDIUM,2,HOUSEHOLD,21,Clerk#000000662,1997-05-12,8330.7,31,1
O,1-URGENT,0,FURNITURE,0,Clerk#000000918,1995-12-03,5184.7,275,1
P,5-LOW,0,MACHINERY,5,Clerk#000000122,1995-04-04,5027.75,510,1
F,1-URGENT,0,BUILDING,0,Clerk#000000011,1992-05-17,702.73,477,1
F,3-MEDIUM,0,MACHINERY,14,Clerk#000000096,1994-06-22,3623.6,398,1
F,1-URGENT,3,BUILDING,22,Clerk#000000925,1994-05-01,6035.44,777,1
O,3-MEDIUM,0,AUTOMOBILE,14,Clerk#000000161,1995-08-22,5384.59,123,1
O,5-LOW,3,FURNITURE,19,Clerk#000000216,1996-01-21,4695.12,501,1
O,4-NOT SPECIFIED,4,HOUSEHOLD,10,Clerk#000000595,1997-07-11,1299.92,578,1
F,5-LOW,3,BUILDING,22,Clerk#000000967,1993-12-27,-881.7,829,1
F,1-URGENT,1,AUTOMOBILE,3,Clerk#000000690,1993-04-13,2155.06,749,1
F,5-LOW,3,MACHINERY,23,Clerk#000000099,1994-08-20,52.43,600,1
O,3-MEDIUM,0,AUTOMOBILE,0,Clerk#000000036,1995-07-01,738.79,775,1
F,3-MEDIUM,3,AUTOMOBILE,23,Clerk#000000989,1993-04-23,378.33,675,1
F,2-HIGH,3,BUILDING,7,Clerk#000000505,1993-06-09,957.58,631,1
F,1-URGENT,4,HOUSEHOLD,11,Clerk#000000278,1994-02-12,5920.09,587,1
F,1-URGENT,2,FURNITURE,8,Clerk#000000675,1992-03-07,1007.18,568,1
F,1-URGENT,3,HOUSEHOLD,23,Clerk#000000911,1992-08-10,32.24,451,1
F,1-URGENT,4,AUTOMOBILE,11,Clerk#000000655,1995-02-07,9270.88,336,1
O,2-HIGH,1,FURNITURE,1,Clerk#000000486,1996-03-09,4157,53,1
F,2-HIGH,1,AUTOMOBILE,2,Clerk#000000855,1992-11-10,9749.37,401,1
O,1-URGENT,1,BUILDING,2,Clerk#000000660,1996-03-30,4946.21,55,1
O,1-URGENT,1,BUILDING,24,Clerk#000000769,1997-07-16,9712.75,498,1
F,3-MEDIUM,0,FURNITURE,14,Clerk#000000626,1992-01-27,8727.9,860,1
O,1-URGENT,1,MACHINERY,17,Clerk#000000773,1996-08-15,2039.84,219,1
O,1-URGENT,2,FURNITURE,9,Clerk#000000157,1995-08-11,3244.78,360,1
O,5-LOW,2,FURNITURE,21,Clerk#000000278,1996-02-22,2990.73,282,1
F,5-LOW,0,BUILDING,14,Clerk#000000221,1993-05-31,7915.06,266,1
F,1-URGENT,3,AUTOMOBILE,7,Clerk#000000317,1992-04-19,2237.64,728,1
O,1-URGENT,4,AUTOMOBILE,4,Clerk#000000817,1996-01-18,3300.82,177,1
O,3-MEDIUM,4,HOUSEHOLD,13,Clerk#000000345,1996-09-11,4351.09,598,1
O,1-URGENT,2,HOUSEHOLD,21,Clerk#000000487,1998-04-29,8367.94,511,1
F,1-URGENT,3,FURNITURE,19,Clerk#000000001,1992-09-12,4425.42,40,1
O,3-MEDIUM,4,AUTOMOBILE,4,Clerk#000000941,1998-03-27,-614.28,560,1
O,5-LOW,2,BUILDING,12,Clerk#000000356,1995-12-27,594.5,402,1
O,5-LOW,1,BUILDING,17,Clerk#000000787,1997-04-03,4605.87,119,1
O,2-HIGH,2,HOUSEHOLD,12,Clerk#000000781,1997-09-26,6345.11,321,1
F,2-HIGH,3,BUILDING,19,Clerk#000000472,1993-01-03,8541.87,721,1
O,5-LOW,3,BUILDING,23,Clerk#000000749,1996-12-13,4466.3,584,1
F,5-LOW,2,AUTOMOBILE,9,Clerk#000000085,1993-08-22,-307.61,982,1
F,1-URGENT,4,HOUSEHOLD,11,Clerk#000000004,1992-02-28,5630.28,878,1
O,5-LOW,3,BUILDING,23,Clerk#000000290,1997-11-26,4936.25,636,1
F,4-NOT SPECIFIED,4,MACHINERY,20,Clerk#000000688,1994-08-03,3942.11,418,1
O,5-LOW,2,AUTOMOBILE,21,Clerk#000000618,1996-03-29,7894,697,1
O,3-MEDIUM,0,FURNITURE,16,Clerk#000000101,1998-04-21,2869.97,505,1
F,2-HIGH,2,AUTOMOBILE,9,Clerk#000000831,1993-02-08,-932.09,114,1
F,5-LOW,1,FURNITURE,24,Clerk#000000302,1995-02-03,4038.45,112,1
O,2-HIGH,1,AUTOMOBILE,3,Clerk#000000038,1998-04-01,-301.75,379,1
O,3-MEDIUM,4,BUILDING,13,Clerk#000000806,1997-04-26,2837.96,76,1
F,1-URGENT,0,FURNITURE,16,Clerk#000000421,1993-08-10,2869.97,505,1
F,3-MEDIUM,2,FURNITURE,9,Clerk#000000918,1992-09-24,884.2,490,1
O,3-MEDIUM,3,FURNITURE,22,Clerk#000000925,1996-06-08,9491.46,789,1
F,2-HIGH,3,HOUSEHOLD,19,Clerk#000000432,1994-08-13,956.88,216,1
O,5-LOW,1,FURNITURE,1,Clerk#000000902,1996-10-08,6898.65,888,1
F,1-URGENT,4,HOUSEHOLD,13,Clerk#000000701,1992-04-13,3686.07,850,1
F,2-HIGH,3,HOUSEHOLD,7,Clerk#000000810,1992-08-08,-501.37,116,1
O,2-HIGH,1,HOUSEHOLD,24,Clerk#000000491,1995-09-27,2369.01,618,1
O,4-NOT SPECIFIED,3,BUILDING,22,Clerk#000000079,1996-10-26,6058.08,92,1
O,2-HIGH,4,BUILDING,10,Clerk#000000056,1996-08-20,511.69,575,1
F,5-LOW,1,FURNITURE,1,Clerk#000000551,1993-02-20,-982.32,2,1
F,3-MEDIUM,1,BUILDING,24,Clerk#000000288,1993-04-11,4349.73,322,1
O,3-MEDIUM,3,BUILDING,23,Clerk#000000967,1995-09-23,-370.44,926,1
O,4-NOT SPECIFIED,2,FURNITURE,8,Clerk#000000025,1997-11-14,1007.18,568,1
F,4-NOT SPECIFIED,0,AUTOMOBILE,0,Clerk#000000158,1993-05-11,5902.85,708,1
O,1-URGENT,4,AUTOMOBILE,11,Clerk#000000973,1997-01-30,8136.53,309,1
O,2-HIGH,0,MACHINERY,15,Clerk#000000395,1997-07-30,-334.89,206,1
F,5-LOW,4,BUILDING,11,Clerk#000000186,1992-04-08,3952.84,26,1
O,4-NOT SPECIFIED,2,BUILDING,21,Clerk#000000322,1996-10-06,6252.12,329,1
F,2-HIGH,4,BUILDING,4,Clerk#000000450,1994-03-19,9454.78,921,1
O,2-HIGH,2,FURNITURE,21,Clerk#000000420,1997-08-27,2948.61,14,1
O,3-MEDIUM,0,HOUSEHOLD,15,Clerk#000000638,1996-06-06,2377.34,362,1
F,4-NOT SPECIFIED,0,HOUSEHOLD,16,Clerk#000000454,1992-06-10,3482.32,455,1
O,5-LOW,4,FURNITURE,13,Clerk#000000607,1997-05-11,291.44,946,1
O,5-LOW,1,BUILDING,17,Clerk#000000224,1997-02-14,2718.02,79,1
O,2-HIGH,0,FURNITURE,14,Clerk#000000640,1996-04-23,1724.68,138,1
F,4-NOT SPECIFIED,3,AUTOMOBILE,19,Clerk#000000726,1993-12-13,5810.56,98,1
O,2-HIGH,2,MACHINERY,12,Clerk#000000833,1995-07-01,2263.25,601,1
F,5-LOW,0,MACHINERY,5,Clerk#000000904,1992-08-08,2020.15,896,1
O,5-LOW,0,BUILDING,0,Clerk#000000466,1995-06-13,4517.33,376,1
O,2-HIGH,2,HOUSEHOLD,12,Clerk#000000216,1996-12-19,6853.37,577,1
F,4-NOT SPECIFIED,4,FURNITURE,4,Clerk#000000293,1992-01-01,3687.37,371,1
F,2-HIGH,2,MACHINERY,21,Clerk#000000508,1992-04-24,1663.28,918,1
O,1-URGENT,0,MACHINERY,14,Clerk#000000419,1997-09-05,3623.6,398,1
F,2-HIGH,2,BUILDING,9,Clerk#000000249,1992-11-14,5794.69,56,1
O,2-HIGH,4,BUILDING,13,Clerk#000000882,1997-04-25,4198.72,22,1
O,1-URGENT,1,HOUSEHOLD,2,Clerk#000000529,1995-08-10,3249.25,253,1
O,1-URGENT,4,HOUSEHOLD,20,Clerk#000000295,1996-06-02,-395.89,858,1
F,2-HIGH,3,FURNITURE,19,Clerk#000000797,1993-06-22,5896.87,163,1
O,1-URGENT,1,HOUSEHOLD,2,Clerk#000000810,1998-04-12,9776.39,225,1
O,4-NOT SPECIFIED,3,FURNITURE,7,Clerk#000000864,1997-12-16,4329.98,84,1
F,1-URGENT,2,MACHINERY,9,Clerk#000000755,1994-08-11,7897.78,552,1
F,3-MEDIUM,4,FURNITURE,4,Clerk#000000390,1994-02-05,2688.88,427,1
F,1-URGENT,1,MACHINERY,3,Clerk#000000465,1993-12-07,6821.01,438,1
F,1-URGENT,2,FURNITURE,21,Clerk#000000502,1992-07-18,2619.52,859,1
O,1-URGENT,2,BUILDING,21,Clerk#000000326,1997-03-22,2106.81,334,1
F,5-LOW,4,HOUSEHOLD,10,Clerk#000000825,1993-07-23,1299.92,578,1
F,5-LOW,3,AUTOMOBILE,7,Clerk#000000227,1992-05-13,5872.94,378,1
F,5-LOW,4,BUILDING,4,Clerk#000000824,1993-07-22,3329.21,24,1
F,2-HIGH,3,BUILDING,23,Clerk#000000542,1993-07-08,5710.41,665,1
O,3-MEDIUM,0,HOUSEHOLD,0,Clerk#000000306,1996-08-23,9497.89,737,1
F,2-HIGH,2,AUTOMOBILE,9,Clerk#000000688,1993-10-15,780.05,456,1
F,2-HIGH,1,MACHINERY,24,Clerk#000000258,1993-05-08,2925.52,876,1
F,2-HIGH,1,MACHINERY,2,Clerk#000000077,1992-07-11,-444.73,794,1
O,3-MEDIUM,4,FURNITURE,11,Clerk#000000638,1996-11-12,5222.83,194,1
O,3-MEDIUM,1,MACHINERY,3,Clerk#000000933,1996-09-01,6821.01,438,1
O,1-URGENT,3,AUTOMOBILE,19,Clerk#000000051,1995-09-25,8959.65,685,1
O,4-NOT SPECIFIED,2,FURNITURE,8,Clerk#000000987,1998-01-09,9126.54,935,1
O,4-NOT SPECIFIED,4,MACHINERY,20,Clerk#000000856,1996-01-16,1164.46,779,1
O,1-URGENT,2,MACHINERY,9,Clerk#000000994,1997-11-26,8166.59,370,1
F,3-MEDIUM,4,HOUSEHOLD,20,Clerk#000000368,1993-07-11,8495.92,345,1
P,5-LOW,4,MACHINERY,4,Clerk#000000696,1995-06-02,-43.08,627,1
F,4-NOT SPECIFIED,4,HOUSEHOLD,13,Clerk#000000174,1994-12-07,3694.81,43,1
F,3-MEDIUM,0,AUTOMOBILE,15,Clerk#000000787,1992-10-08,5212.43,658,1
O,2-HIGH,3,HOUSEHOLD,19,Clerk#000000812,1997-06-09,4177.17,866,1
F,3-MEDIUM,4,AUTOMOBILE,4,Clerk#000000473,1992-08-04,4422.45,740,1
O,4-NOT SPECIFIED,1,MACHINERY,2,Clerk#000000948,1997-06-08,5830.69,567,1
O,1-URGENT,3,BUILDING,23,Clerk#000000473,1995-03-13,5840.97,203,1
O,1-URGENT,2,BUILDING,9,Clerk#000000318,1997-10-21,2757.45,806,1
O,4-NOT SPECIFIED,3,MACHINERY,23,Clerk#000000339,1997-04-17,889.11,804,1
O,2-HIGH,0,MACHINERY,15,Clerk#000000427,1998-02-20,2743.63,704,1
O,5-LOW,1,BUILDING,24,Clerk#000000456,1997-09-07,4349.73,322,1
O,3-MEDIUM,4,MACHINERY,13,Clerk#000000238,1996-10-08,-897.04,531,1
F,4-NOT SPECIFIED,3,MACHINERY,23,Clerk#000000416,1993-11-10,459.22,189,1
F,5-LOW,0,FURNITURE,15,Clerk#000000520,1992-08-13,9609.77,790,1
O,3-MEDIUM,4,MACHINERY,11,Clerk#000000361,1995-08-26,8634.92,616,1
O,4-NOT SPECIFIED,0,BUILDING,0,Clerk#000000850,1997-07-02,8921.97,237,1
F,5-LOW,3,BUILDING,23,Clerk#000000815,1993-09-20,8876.1,683,1
F,2-HIGH,2,BUILDING,21,Clerk#000000104,1993-06-22,5275.88,193,1
O,1-URGENT,2,MACHINERY,12,Clerk#000000315,1996-02-01,6464.77,731,1
O,2-HIGH,0,MACHINERY,16,Clerk#000000615,1995-09-16,7917.9,816,1
F,3-MEDIUM,4,HOUSEHOLD,20,Clerk#000000252,1992-04-16,1634.7,533,1
F,5-LOW,2,FURNITURE,8,Clerk#000000209,1994-05-12,9365.93,353,1
O,2-HIGH,0,AUTOMOBILE,5,Clerk#000000556,1995-05-27,3035.29,807,1
O,1-URGENT,0,AUTOMOBILE,16,Clerk#000000043,1996-06-25,-761.7,8,1
F,1-URGENT,3,AUTOMOBILE,6,Clerk#000000710,1994-06-20,3288.76,678,1
O,2-HIGH,4,FURNITURE,10,Clerk#000000947,1996-06-28,3589.49,358,1
O,1-URGENT,4,MACHINERY,13,Clerk#000000821,1996-01-05,2394.92,355,1
F,4-NOT SPECIFIED,3,AUTOMOBILE,23,Clerk#000000346,1993-10-19,6959.09,270,1
O,4-NOT SPECIFIED,3,HOUSEHOLD,19,Clerk#000000700,1997-01-20,956.88,216,1
F,5-LOW,1,FURNITURE,1,Clerk#000000376,1993-12-22,4157,53,1
O,4-NOT SPECIFIED,2,MACHINERY,21,Clerk#000000537,1996-04-28,7140.81,628,1
P,4-NOT SPECIFIED,1,FURNITURE,1,Clerk#000000609,1995-03-04,3186.57,874,1
F,5-LOW,0,BUILDING,14,Clerk#000000970,1994-09-26,-52.35,639,1
O,3-MEDIUM,0,AUTOMOBILE,15,Clerk#000000007,1997-03-21,5212.43,658,1
O,3-MEDIUM,4,HOUSEHOLD,20,Clerk#000000619,1998-05-20,1634.7,533,1
O,5-LOW,1,FURNITURE,1,Clerk#000000935,1997-02-16,4157,53,1
O,1-URGENT,2,MACHINERY,12,Clerk#000000331,1997-12-26,8647.42,146,1
O,5-LOW,0,BUILDING,15,Clerk#000000336,1998-08-02,9768.73,811,1
O,3-MEDIUM,1,FURNITURE,24,Clerk#000000460,1996-09-05,1928.1,981,1
F,1-URGENT,1,MACHINERY,3,Clerk#000000772,1993-09-22,591.98,625,1
O,3-MEDIUM,1,BUILDING,24,Clerk#000000423,1995-05-26,753.62,706,1
F,3-MEDIUM,2,BUILDING,21,Clerk#000000842,1994-12-07,2755.46,150,1
F,3-MEDIUM,0,AUTOMOBILE,5,Clerk#000000883,1992-01-28,3872.86,25,1
O,2-HIGH,4,FURNITURE,13,Clerk#000000281,1997-03-23,5974.11,408,1
F,5-LOW,1,MACHINERY,2,Clerk#000000759,1994-12-26,-746.03,597,1
F,4-NOT SPECIFIED,3,BUILDING,23,Clerk#000000776,1994-03-13,-370.44,926,1
F,1-URGENT,0,AUTOMOBILE,0,Clerk#000000388,1994-09-02,7352.14,375,1
F,2-HIGH,2,MACHINERY,12,Clerk#000000416,1993-08-24,0.97,917,1
F,3-MEDIUM,4,MACHINERY,4,Clerk#000000606,1994-09-01,-43.08,627,1
F,5-LOW,4,BUILDING,13,Clerk#000000733,1995-02-15,1317.56,16,1
F,4-NOT SPECIFIED,3,FURNITURE,19,Clerk#000000274,1993-05-12,1647.05,241,1
F,5-LOW,0,BUILDING,5,Clerk#000000809,1992-02-17,6709.9,835,1
F,3-MEDIUM,3,HOUSEHOLD,7,Clerk#000000061,1994-08-12,9108.61,676,1
O,5-LOW,4,HOUSEHOLD,10,Clerk#000000519,1997-08-08,1299.92,578,1
O,4-NOT SPECIFIED,1,BUILDING,3,Clerk#000000825,1997-03-01,7149.43,347,1
F,2-HIGH,2,HOUSEHOLD,21,Clerk#000000658,1994-03-03,8844.27,581,1
O,3-MEDIUM,4,FURNITURE,13,Clerk#000000739,1997-09-05,3635.35,434,1
F,4-NOT SPECIFIED,0,MACHINERY,14,Clerk#000000941,1992-03-25,6271.38,349,1
F,3-MEDIUM,0,AUTOMOBILE,5,Clerk#000000625,1992-12-12,4974.68,108,1
F,3-MEDIUM,0,FURNITURE,5,Clerk#000000087,1992-04-28,1211.39,669,1
F,2-HIGH,4,BUILDING,20,Clerk#000000783,1993-01-05,7476.2,68,1
O,3-MEDIUM,3,BUILDING,23,Clerk#000000207,1998-01-21,-272.6,936,1
F,2-HIGH,2,MACHINERY,12,Clerk#000000405,1992-09-14,2263.25,601,1
F,4-NOT SPECIFIED,1,BUILDING,17,Clerk#000000019,1992-12-01,2718.02,79,1
F,3-MEDIUM,0,AUTOMOBILE,14,Clerk#000000874,1992-06-03,9443.39,167,1
O,4-NOT SPECIFIED,4,AUTOMOBILE,4,Clerk#000000411,1997-09-21,4422.45,740,1
F,4-NOT SPECIFIED,4,HOUSEHOLD,4,Clerk#000000904,1992-06-29,208.45,183,1
O,1-URGENT,4,BUILDING,11,Clerk#000000125,1998-02-24,3374.92,366,1
F,5-LOW,2,FURNITURE,18,Clerk#000000441,1993-09-14,8341.71,617,1
O,1-URGENT,2,AUTOMOBILE,12,Clerk#000000425,1997-09-10,1194.33,239,1
F,4-NOT SPECIFIED,3,BUILDING,22,Clerk#000000237,1992-01-03,6463.51,246,1
O,3-MEDIUM,3,BUILDING,23,Clerk#000000399,1995-11-09,4466.3,584,1
O,5-LOW,3,AUTOMOBILE,22,Clerk#000000391,1995-10-26,7789.14,864,1
F,2-HIGH,1,BUILDING,3,Clerk#000000172,1992-10-08,3857.34,212,1
F,4-NOT SPECIFIED,2,FURNITURE,21,Clerk#000000971,1994-12-03,3227.87,128,1
O,5-LOW,3,BUILDING,6,Clerk#000000421,1997-06-24,6860.34,509,1
P,1-URGENT,4,AUTOMOBILE,10,Clerk#000000096,1995-03-03,6160.95,592,1
F,1-URGENT,0,AUTOMOBILE,16,Clerk#000000980,1995-01-08,8031.44,547,1
O,5-LOW,1,AUTOMOBILE,1,Clerk#000000353,1995-05-23,3914.88,166,1
O,5-LOW,0,MACHINERY,5,Clerk#000000470,1997-04-11,-44.66,684,1
F,1-URGENT,3,BUILDING,19,Clerk#000000647,1994-02-16,5561.93,573,1
F,3-MEDIUM,4,BUILDING,13,Clerk#000000194,1992-12-09,6364.6,744,1
O,3-MEDIUM,4,BUILDING,4,Clerk#000000331,1997-01-31,4804.57,126,1
O,4-NOT SPECIFIED,1,MACHINERY,2,Clerk#000000175,1997-09-09,4376.8,909,1
F,1-URGENT,4,HOUSEHOLD,13,Clerk#000000592,1995-01-16,9585.32,900,1
O,2-HIGH,2,BUILDING,9,Clerk#000000031,1997-05-19,8593.83,373,1
O,2-HIGH,1,AUTOMOBILE,2,Clerk#000000148,1996-05-18,3139.71,63,1
F,1-URGENT,3,FURNITURE,23,Clerk#000000102,1993-02-18,2317.93,433,1
F,1-URGENT,2,AUTOMOBILE,18,Clerk#000000806,1994-11-09,3653.64,426,1
O,1-URGENT,2,HOUSEHOLD,8,Clerk#000000061,1997-09-07,1534.38,82,1
F,5-LOW,2,MACHINERY,21,Clerk#000000275,1993-12-06,7140.81,628,1
O,3-MEDIUM,2,MACHINERY,12,Clerk#000000125,1996-02-04,8647.42,146,1
O,5-LOW,2,MACHINERY,21,Clerk#000000767,1998-07-07,-117.31,566,1
O,5-LOW,1,BUILDING,1,Clerk#000000683,1997-07-27,-210.4,723,1
O,4-NOT SPECIFIED,4,BUILDING,13,Clerk#000000175,1997-06-25,3367.36,66,1
F,1-URGENT,1,FURNITURE,24,Clerk#000000408,1993-03-12,5672.05,849,1
F,1-URGENT,4,BUILDING,10,Clerk#000000408,1993-12-14,511.69,575,1
O,1-URGENT,2,BUILDING,8,Clerk#000000909,1997-06-16,1766.23,188,1
O,3-MEDIUM,1,BUILDING,17,Clerk#000000640,1996-05-11,6737.18,641,1
F,2-HIGH,4,FURNITURE,20,Clerk#000000599,1994-09-24,5867.61,853,1
F,5-LOW,2,HOUSEHOLD,21,Clerk#000000141,1993-06-12,8330.7,31,1
F,4-NOT SPECIFIED,0,HOUSEHOLD,16,Clerk#000000050,1992-09-13,2961.79,155,1
F,1-URGENT,1,BUILDING,1,Clerk#000000520,1993-01-08,7348.92,205,1
F,1-URGENT,2,FURNITURE,21,Clerk#000000732,1993-02-09,7157.21,226,1
F,5-LOW,4,FURNITURE,4,Clerk#000000667,1993-07-23,9621.49,42,1
F,5-LOW,3,HOUSEHOLD,23,Clerk#000000066,1994-09-30,5236.89,786,1
F,4-NOT SPECIFIED,1,MACHINERY,1,Clerk#000000745,1994-03-15,9537.08,647,1
F,4-NOT SPECIFIED,3,HOUSEHOLD,19,Clerk#000000682,1993-08-03,1866.42,381,1
F,5-LOW,4,BUILDING,11,Clerk#000000189,1992-01-25,-651.91,696,1
F,3-MEDIUM,1,BUILDING,24,Clerk#000000233,1994-07-03,5152.42,224,1
O,1-URGENT,3,MACHINERY,23,Clerk#000000017,1997-09-27,1043.72,810,1
O,3-MEDIUM,0,FURNITURE,0,Clerk#000000913,1998-01-17,3229.18,561,1
O,5-LOW,3,FURNITURE,23,Clerk#000000456,1996-09-26,5510.28,967,1
O,5-LOW,3,HOUSEHOLD,6,Clerk#000000522,1996-03-13,5503.36,732,1
O,5-LOW,2,FURNITURE,8,Clerk#000000485,1997-08-22,1007.18,568,1
O,2-HIGH,4,HOUSEHOLD,20,Clerk#000000336,1997-04-21,8450.37,770,1
F,1-URGENT,3,BUILDING,7,Clerk#000000575,1992-12-10,4997.35,529,1
O,1-URGENT,4,FURNITURE,11,Clerk#000000091,1996-11-14,5222.83,194,1
O,2-HIGH,4,AUTOMOBILE,10,Clerk#000000627,1997-10-04,6160.95,592,1
O,3-MEDIUM,1,AUTOMOBILE,17,Clerk#000000805,1997-06-24,6149.01,747,1
O,3-MEDIUM,0,AUTOMOBILE,0,Clerk#000000203,1995-11-15,5902.85,708,1
O,5-LOW,4,MACHINERY,4,Clerk#000000524,1995-07-31,9963.15,836,1
O,1-URGENT,4,BUILDING,20,Clerk#000000452,1998-04-29,-574.39,12,1
O,2-HIGH,2,HOUSEHOLD,8,Clerk#000000642,1996-06-17,3354.47,130,1
F,5-LOW,1,HOUSEHOLD,24,Clerk#000000499,1993-10-23,-273.96,762,1
F,2-HIGH,2,AUTOMOBILE,8,Clerk#000000774,1993-07-22,3363.46,914,1
O,2-HIGH,0,BUILDING,0,Clerk#000000210,1995-07-26,2072.99,147,1
O,2-HIGH,4,BUILDING,4,Clerk#000000383,1995-07-30,4804.57,126,1
F,5-LOW,3,FURNITURE,7,Clerk#000000812,1992-04-28,709.46,507,1
O,5-LOW,4,BUILDING,20,Clerk#000000093,1997-03-30,4245,559,1
F,2-HIGH,0,HOUSEHOLD,15,Clerk#000000344,1994-07-06,7734.64,755,1
F,5-LOW,4,BUILDING,4,Clerk#000000861,1992-05-06,260.71,646,1
F,2-HIGH,0,BUILDING,15,Clerk#000000462,1994-12-18,9010.02,879,1
F,2-HIGH,0,AUTOMOBILE,16,Clerk#000000151,1994-05-31,3273.08,339,1
O,3-MEDIUM,3,MACHINERY,6,Clerk#000000658,1997-09-26,4266.13,908,1
F,2-HIGH,4,BUILDING,11,Clerk#000000036,1992-04-25,3952.84,26,1
O,4-NOT SPECIFIED,3,MACHINERY,22,Clerk#000000083,1997-04-16,7882.44,242,1
O,2-HIGH,2,HOUSEHOLD,12,Clerk#000000467,1998-01-12,6761.52,841,1
F,2-HIGH,0,FURNITURE,5,Clerk#000000912,1994-09-03,3386.64,569,1
F,2-HIGH,1,FURNITURE,24,Clerk#000000148,1995-02-27,4038.45,112,1
O,1-URGENT,1,BUILDING,1,Clerk#000000806,1997-11-26,3652.29,235,1
F,2-HIGH,1,FURNITURE,2,Clerk#000000354,1993-07-08,148.98,83,1
F,3-MEDIUM,0,HOUSEHOLD,0,Clerk#000000425,1993-08-27,3306.32,196,1
O,4-NOT SPECIFIED,4,FURNITURE,13,Clerk#000000347,1997-02-24,7073.17,437,1
O,5-LOW,1,HOUSEHOLD,24,Clerk#000000409,1998-04-21,2258.4,672,1
F,3-MEDIUM,2,BUILDING,12,Clerk#000000774,1995-01-09,9189.75,122,1
F,5-LOW,0,AUTOMOBILE,0,Clerk#000000175,1994-05-31,738.79,775,1
F,1-URGENT,4,AUTOMOBILE,11,Clerk#000000495,1992-03-05,9270.88,336,1
F,3-MEDIUM,4,MACHINERY,20,Clerk#000000287,1992-12-29,9314.59,800,1
O,5-LOW,1,MACHINERY,2,Clerk#000000211,1998-07-15,-444.73,794,1
F,4-NOT SPECIFIED,0,AUTOMOBILE,15,Clerk#000000383,1994-03-27,9139.52,187,1
F,5-LOW,0,BUILDING,0,Clerk#000000385,1994-04-24,1377.52,715,1
O,5-LOW,1,FURNITURE,17,Clerk#000000481,1995-12-31,3589.16,875,1
F,1-URGENT,1,HOUSEHOLD,3,Clerk#000000734,1993-04-02,6244.03,9,1
O,4-NOT SPECIFIED,0,MACHINERY,15,Clerk#000000577,1996-11-14,1666.07,881,1
F,5-LOW,0,BUILDING,14,Clerk#000000375,1994-04-05,6446.83,356,1
F,3-MEDIUM,3,FURNITURE,7,Clerk#000000878,1994-09-16,709.46,507,1
F,2-HIGH,1,MACHINERY,3,Clerk#000000679,1994-05-20,2840.36,980,1
O,2-HIGH,4,MACHINERY,13,Clerk#000000843,1998-06-06,6170.06,90,1
O,1-URGENT,0,MACHINERY,15,Clerk#000000890,1997-03-11,8825.71,851,1
F,1-URGENT,1,FURNITURE,24,Clerk#000000093,1994-05-03,5672.05,849,1
F,3-MEDIUM,2,FURNITURE,8,Clerk#000000799,1992-02-22,9787.56,695,1
O,2-HIGH,3,BUILDING,23,Clerk#000000311,1998-05-03,4466.3,584,1
F,1-URGENT,4,FURNITURE,13,Clerk#000000220,1995-01-12,5974.11,408,1
F,1-URGENT,3,BUILDING,7,Clerk#000000062,1994-08-17,4349.27,415,1
F,4-NOT SPECIFIED,2,HOUSEHOLD,21,Clerk#000000959,1993-12-06,8844.27,581,1
F,2-HIGH,2,FURNITURE,9,Clerk#000000068,1992-07-13,3379.2,263,1
O,3-MEDIUM,4,BUILDING,4,Clerk#000000128,1997-02-15,3329.21,24,1
F,2-HIGH,1,FURNITURE,2,Clerk#000000369,1992-06-20,1416.75,444,1
O,2-HIGH,3,HOUSEHOLD,7,Clerk#000000902,1997-08-21,5847.76,962,1
F,1-URGENT,0,BUILDING,15,Clerk#000000760,1994-06-08,9234.5,805,1
O,2-HIGH,1,BUILDING,1,Clerk#000000413,1996-01-31,-132.97,916,1
O,5-LOW,2,BUILDING,18,Clerk#000000756,1996-05-05,1685.9,134,1
O,1-URGENT,0,FURNITURE,5,Clerk#000000807,1996-09-01,9849.87,406,1
O,4-NOT SPECIFIED,0,BUILDING,14,Clerk#000000540,1995-11-07,5812.93,236,1
F,3-MEDIUM,0,BUILDING,5,Clerk#000000386,1994-12-07,6709.9,835,1
O,4-NOT SPECIFIED,3,AUTOMOBILE,23,Clerk#000000830,1997-06-20,378.33,675,1
F,5-LOW,1,BUILDING,24,Clerk#000000693,1995-03-18,8117.27,89,1
O,5-LOW,4,FURNITURE,4,Clerk#000000883,1995-08-22,5439.44,121,1
O,1-URGENT,4,FURNITURE,10,Clerk#000000871,1997-12-26,3589.49,358,1
F,2-HIGH,3,HOUSEHOLD,7,Clerk#000000815,1994-10-08,639.93,135,1
F,2-HIGH,3,BUILDING,22,Clerk#000000998,1992-10-04,6044.02,503,1
F,1-URGENT,2,FURNITURE,12,Clerk#000000868,1995-03-02,3231.71,463,1
O,1-URGENT,0,BUILDING,15,Clerk#000000448,1997-08-23,19.31,799,1
O,3-MEDIUM,1,FURNITURE,24,Clerk#000000981,1997-05-19,9225.6,169,1
F,4-NOT SPECIFIED,0,BUILDING,14,Clerk#000000412,1995-02-13,-61.29,290,1
F,4-NOT SPECIFIED,3,BUILDING,6,Clerk#000000368,1992-01-17,4361.7,232,1
O,5-LOW,0,MACHINERY,5,Clerk#000000509,1998-05-09,5027.75,510,1
O,4-NOT SPECIFIED,3,BUILDING,6,Clerk#000000833,1995-06-23,6860.34,509,1
F,3-MEDIUM,4,BUILDING,10,Clerk#000000062,1992-04-10,511.69,575,1
O,2-HIGH,4,MACHINERY,13,Clerk#000000282,1998-04-15,4363.17,264,1
F,1-URGENT,0,FURNITURE,16,Clerk#000000298,1994-08-04,8873.46,752,1
O,3-MEDIUM,2,AUTOMOBILE,21,Clerk#000000701,1998-06-08,7894,697,1
O,1-URGENT,2,MACHINERY,9,Clerk#000000029,1998-04-05,4389.66,585,1
O,4-NOT SPECIFIED,1,MACHINERY,24,Clerk#000000668,1998-06-10,1481.24,320,1
F,5-LOW,4,AUTOMOBILE,10,Clerk#000000197,1993-07-01,5453.74,832,1
F,4-NOT SPECIFIED,4,MACHINERY,4,Clerk#000000619,1993-01-01,9963.15,836,1
P,1-URGENT,2,AUTOMOBILE,8,Clerk#000000491,1995-04-16,3363.46,914,1
F,4-NOT SPECIFIED,4,FURNITURE,4,Clerk#000000680,1993-09-14,774.23,288,1
F,4-NOT SPECIFIED,2,HOUSEHOLD,8,Clerk#000000498,1993-04-27,7508.92,764,1
F,4-NOT SPECIFIED,4,AUTOMOBILE,10,Clerk#000000924,1994-07-21,1915.53,649,1
F,5-LOW,2,FURNITURE,21,Clerk#000000672,1992-06-28,2948.61,14,1
F,1-URGENT,4,MACHINERY,4,Clerk#000000305,1994-06-12,8167.5,758,1
F,2-HIGH,4,HOUSEHOLD,20,Clerk#000000888,1994-09-05,7826.1,494,1
O,3-MEDIUM,1,MACHINERY,2,Clerk#000000835,1996-08-06,7470.96,884,1
O,5-LOW,2,AUTOMOBILE,9,Clerk#000000194,1998-03-19,2209.81,38,1
F,4-NOT SPECIFIED,0,MACHINERY,0,Clerk#000000599,1992-03-12,949.68,80,1
F,2-HIGH,3,FURNITURE,19,Clerk#000000913,1994-07-17,2953.35,700,1
O,4-NOT SPECIFIED,4,AUTOMOBILE,11,Clerk#000000332,1996-04-05,5134.35,668,1
O,3-MEDIUM,2,AUTOMOBILE,18,Clerk#000000695,1995-08-22,9750.71,846,1
F,4-NOT SPECIFIED,1,MACHINERY,2,Clerk#000000357,1993-04-10,4376.8,909,1
O,2-HIGH,1,FURNITURE,17,Clerk#000000425,1996-07-19,6194.65,554,1
O,4-NOT SPECIFIED,0,AUTOMOBILE,16,Clerk#000000857,1998-04-06,-761.7,8,1
O,1-URGENT,4,AUTOMOBILE,10,Clerk#000000367,1995-12-30,6160.95,592,1
O,1-URGENT,4,FURNITURE,4,Clerk#000000934,1998-02-28,7654.31,243,1
O,4-NOT SPECIFIED,1,BUILDING,24,Clerk#000000024,1997-09-30,8117.27,89,1
O,2-HIGH,3,MACHINERY,23,Clerk#000000145,1996-01-12,889.11,804,1
F,1-URGENT,0,FURNITURE,14,Clerk#000000812,1993-09-07,8727.9,860,1
F,1-URGENT,4,HOUSEHOLD,4,Clerk#000000702,1992-06-25,6004.52,657,1
O,5-LOW,2,AUTOMOBILE,18,Clerk#000000371,1996-07-25,3653.64,426,1
O,5-LOW,3,BUILDING,7,Clerk#000000818,1998-07-10,448.49,11,1
O,2-HIGH,3,BUILDING,22,Clerk#000000101,1995-08-28,6035.44,777,1
F,5-LOW,3,HOUSEHOLD,22,Clerk#000000151,1993-04-26,554.71,768,1
O,2-HIGH,3,AUTOMOBILE,23,Clerk#000000524,1997-05-17,-808.13,652,1
F,3-MEDIUM,0,AUTOMOBILE,16,Clerk#000000947,1994-09-14,-761.7,8,1
O,1-URGENT,4,MACHINERY,10,Clerk#000000361,1996-01-21,9158.91,180,1
F,1-URGENT,1,HOUSEHOLD,3,Clerk#000000146,1992-04-13,2584.23,172,1
O,5-LOW,3,MACHINERY,6,Clerk#000000874,1997-01-28,1286.76,453,1
F,4-NOT SPECIFIED,0,HOUSEHOLD,15,Clerk#000000524,1993-09-21,2377.34,362,1
F,4-NOT SPECIFIED,4,AUTOMOBILE,11,Clerk#000000947,1992-07-06,2357.54,528,1
F,5-LOW,4,MACHINERY,4,Clerk#000000499,1994-11-14,7503.3,934,1
O,4-NOT SPECIFIED,1,BUILDING,24,Clerk#000000017,1996-07-28,5152.42,224,1
O,5-LOW,2,AUTOMOBILE,8,Clerk#000000477,1996-04-02,6269.42,395,1
O,5-LOW,2,FURNITURE,8,Clerk#000000191,1997-09-23,9126.54,935,1
F,2-HIGH,1,AUTOMOBILE,1,Clerk#000000302,1995-02-07,9860.22,959,1
F,3-MEDIUM,3,HOUSEHOLD,6,Clerk#000000635,1994-10-12,2273.5,828,1
O,5-LOW,3,MACHINERY,22,Clerk#000000590,1995-09-03,7882.44,242,1
O,2-HIGH,3,FURNITURE,23,Clerk#000000594,1995-12-15,5510.28,967,1
O,2-HIGH,4,HOUSEHOLD,10,Clerk#000000495,1995-10-20,3798.28,736,1
F,1-URGENT,3,MACHINERY,7,Clerk#000000903,1993-02-01,6039.64,548,1
F,2-HIGH,0,BUILDING,16,Clerk#000000787,1993-04-03,3109.96,630,1
F,3-MEDIUM,2,BUILDING,9,Clerk#000000160,1992-03-30,8593.83,373,1
F,5-LOW,1,AUTOMOBILE,3,Clerk#000000025,1992-02-02,8137.24,124,1
O,1-URGENT,4,BUILDING,20,Clerk#000000636,1997-01-20,3231.33,363,1
O,3-MEDIUM,3,HOUSEHOLD,7,Clerk#000000984,1998-03-17,-501.37,116,1
F,1-URGENT,0,HOUSEHOLD,15,Clerk#000000570,1994-03-05,7734.64,755,1
O,5-LOW,4,FURNITURE,20,Clerk#000000569,1996-01-10,8746.23,59,1
F,5-LOW,2,MACHINERY,12,Clerk#000000856,1992-07-29,3279.84,106,1
O,5-LOW,2,AUTOMOBILE,18,Clerk#000000196,1995-11-18,9468.34,479,1
O,5-LOW,1,BUILDING,3,Clerk#000000634,1997-11-13,1335.3,450,1
O,2-HIGH,0,AUTOMOBILE,16,Clerk#000000172,1996-08-28,8031.44,547,1
O,3-MEDIUM,2,MACHINERY,9,Clerk#000000301,1996-04-04,7347.9,230,1
O,2-HIGH,4,BUILDING,20,Clerk#000000753,1997-03-24,7451.84,157,1
F,4-NOT SPECIFIED,0,MACHINERY,15,Clerk#000000939,1994-03-10,1666.07,881,1
F,3-MEDIUM,0,FURNITURE,16,Clerk#000000104,1994-11-11,8873.46,752,1
F,4-NOT SPECIFIED,0,FURNITURE,14,Clerk#000000425,1993-12-14,8727.9,860,1
F,3-MEDIUM,0,FURNITURE,15,Clerk#000000632,1993-12-10,9647.58,283,1
O,1-URGENT,0,BUILDING,15,Clerk#000000106,1996-12-05,8627.9,899,1
F,4-NOT SPECIFIED,4,HOUSEHOLD,11,Clerk#000000167,1992-01-29,3931.31,323,1
F,5-LOW,1,BUILDING,17,Clerk#000000021,1994-05-23,2718.02,79,1
O,5-LOW,3,FURNITURE,19,Clerk#000000457,1996-09-19,4425.42,40,1
F,2-HIGH,0,HOUSEHOLD,16,Clerk#000000503,1993-03-06,7838.3,692,1
F,1-URGENT,1,MACHINERY,3,Clerk#000000112,1993-07-04,4344.52,151,1
F,1-URGENT,0,HOUSEHOLD,15,Clerk#000000884,1994-10-07,2506.38,364,1
O,4-NOT SPECIFIED,1,BUILDING,24,Clerk#000000893,1997-03-28,5859.97,383,1
O,4-NOT SPECIFIED,4,AUTOMOBILE,10,Clerk#000000926,1997-05-22,-215.75,527,1
F,3-MEDIUM,1,HOUSEHOLD,2,Clerk#000000538,1994-01-18,9776.39,225,1
O,5-LOW,0,BUILDING,0,Clerk#000000542,1995-06-08,4288.5,739,1
O,1-URGENT,2,MACHINERY,12,Clerk#000000681,1998-02-19,3279.84,106,1
O,4-NOT SPECIFIED,2,HOUSEHOLD,9,Clerk#000000166,1997-08-28,5073.58,447,1
F,5-LOW,3,FURNITURE,22,Clerk#000000649,1992-07-01,-213.85,191,1
O,2-HIGH,1,FURNITURE,17,Clerk#000000563,1998-02-27,7305.88,300,1
O,2-HIGH,0,BUILDING,16,Clerk#000000355,1996-08-09,-716.1,197,1
F,4-NOT SPECIFIED,0,BUILDING,5,Clerk#000000124,1994-07-10,6709.9,835,1
O,2-HIGH,1,HOUSEHOLD,24,Clerk#000000377,1995-10-04,2369.01,618,1
F,4-NOT SPECIFIED,1,BUILDING,1,Clerk#000000958,1993-07-13,1222.21,820,1
O,2-HIGH,4,FURNITURE,10,Clerk#000000619,1996-06-27,3959.71,350,1
F,5-LOW,3,HOUSEHOLD,19,Clerk#000000836,1994-06-19,956.88,216,1
O,4-NOT SPECIFIED,0,HOUSEHOLD,0,Clerk#000000940,1996-02-23,6115.81,267,1
F,2-HIGH,1,BUILDING,17,Clerk#000000107,1993-01-08,6428.32,104,1
O,5-LOW,2,AUTOMOBILE,18,Clerk#000000628,1997-12-14,8303.09,430,1
F,3-MEDIUM,3,FURNITURE,22,Clerk#000000137,1993-12-20,9491.46,789,1
F,5-LOW,4,HOUSEHOLD,10,Clerk#000000626,1993-05-21,3798.28,736,1
F,2-HIGH,4,FURNITURE,20,Clerk#000000820,1993-03-08,5570.69,970,1
O,5-LOW,2,FURNITURE,12,Clerk#000000881,1997-03-21,7133.7,50,1
O,1-URGENT,4,MACHINERY,4,Clerk#000000980,1995-11-18,2866.83,72,1
F,4-NOT SPECIFIED,4,FURNITURE,10,Clerk#000000265,1994-03-10,-588.38,258,1
F,3-MEDIUM,2,HOUSEHOLD,9,Clerk#000000288,1992-05-08,6257.88,299,1
O,4-NOT SPECIFIED,0,BUILDING,0,Clerk#000000053,1998-05-31,4288.5,739,1
F,5-LOW,2,BUILDING,21,Clerk#000000294,1992-07-17,1952.36,154,1
F,1-URGENT,4,BUILDING,20,Clerk#000000370,1995-01-18,3231.33,363,1
F,3-MEDIUM,2,MACHINERY,12,Clerk#000000499,1994-02-08,3342.75,192,1
O,5-LOW,4,AUTOMOBILE,11,Clerk#000000376,1996-06-10,7252.65,478,1
O,5-LOW,4,BUILDING,20,Clerk#000000892,1997-06-06,8156.62,975,1
F,1-URGENT,1,FURNITURE,2,Clerk#000000938,1994-06-05,311,855,1
O,1-URGENT,1,HOUSEHOLD,2,Clerk#000000875,1995-10-04,8993.23,897,1
F,2-HIGH,1,AUTOMOBILE,2,Clerk#000000566,1994-02-20,1330.85,137,1
F,5-LOW,0,HOUSEHOLD,0,Clerk#000000479,1993-05-14,5297.68,318,1
O,3-MEDIUM,2,FURNITURE,9,Clerk#000000156,1996-08-23,5398.77,439,1
F,1-URGENT,1,BUILDING,1,Clerk#000000918,1992-05-14,4189.04,144,1
F,4-NOT SPECIFIED,2,HOUSEHOLD,12,Clerk#000000188,1995-02-14,938.35,292,1
F,2-HIGH,0,MACHINERY,16,Clerk#000000552,1993-08-17,2186.5,319,1
F,4-NOT SPECIFIED,2,AUTOMOBILE,8,Clerk#000000331,1992-04-02,3905.97,530,1
F,1-URGENT,2,MACHINERY,21,Clerk#000000883,1992-03-03,-117.31,566,1
O,1-URGENT,2,MACHINERY,12,Clerk#000000262,1995-09-29,7929.9,132,1
O,3-MEDIUM,0,HOUSEHOLD,14,Clerk#000000956,1998-07-25,5411.2,199,1
O,4-NOT SPECIFIED,2,MACHINERY,8,Clerk#000000271,1997-01-14,4086.56,228,1
F,2-HIGH,1,BUILDING,1,Clerk#000000414,1994-02-16,4189.04,144,1
F,1-URGENT,3,FURNITURE,22,Clerk#000000452,1994-07-28,-213.85,191,1
F,5-LOW,0,FURNITURE,14,Clerk#000000705,1994-12-23,9281.72,409,1
F,4-NOT SPECIFIED,1,MACHINERY,1,Clerk#000000633,1994-06-29,9537.08,647,1
O,3-MEDIUM,4,MACHINERY,20,Clerk#000000543,1997-12-05,3213.66,310,1
O,3-MEDIUM,2,MACHINERY,9,Clerk#000000715,1995-10-18,7347.9,230,1
F,3-MEDIUM,2,BUILDING,12,Clerk#000000334,1995-01-08,6836.89,679,1
O,2-HIGH,4,FURNITURE,4,Clerk#000000488,1996-06-25,7885.5,110,1
F,3-MEDIUM,1,MACHINERY,17,Clerk#000000984,1993-04-20,8275.8,32,1
O,1-URGENT,2,BUILDING,12,Clerk#000000527,1995-12-17,6343.64,621,1
F,5-LOW,1,BUILDING,17,Clerk#000000171,1992-06-23,9871.66,698,1
O,3-MEDIUM,0,AUTOMOBILE,5,Clerk#000000443,1996-05-20,1468.09,37,1
O,3-MEDIUM,4,AUTOMOBILE,13,Clerk#000000866,1995-10-26,6123.69,653,1
O,5-LOW,3,AUTOMOBILE,23,Clerk#000000681,1996-02-21,-808.13,652,1
F,4-NOT SPECIFIED,0,BUILDING,14,Clerk#000000882,1994-10-16,2011.11,905,1
O,2-HIGH,1,BUILDING,3,Clerk#000000472,1995-09-12,7149.43,347,1
F,2-HIGH,3,AUTOMOBILE,19,Clerk#000000280,1993-08-16,5810.56,98,1
O,2-HIGH,4,BUILDING,13,Clerk#000000549,1997-09-10,-341.79,729,1
F,3-MEDIUM,4,HOUSEHOLD,13,Clerk#000000262,1995-01-25,9108.65,664,1
O,5-LOW,4,BUILDING,20,Clerk#000000570,1996-03-15,3231.33,363,1
F,5-LOW,3,AUTOMOBILE,6,Clerk#000000708,1994-01-10,3288.76,678,1
O,5-LOW,2,HOUSEHOLD,12,Clerk#000000232,1997-05-18,9782.34,939,1
O,1-URGENT,2,MACHINERY,8,Clerk#000000309,1998-06-07,1526.59,787,1
F,2-HIGH,0,BUILDING,15,Clerk#000000258,1994-10-20,9234.5,805,1
O,1-URGENT,0,FURNITURE,0,Clerk#000000951,1996-03-23,3229.18,561,1
O,5-LOW,1,BUILDING,3,Clerk#000000883,1997-08-20,9459.5,158,1
F,4-NOT SPECIFIED,2,AUTOMOBILE,9,Clerk#000000261,1994-06-22,8730.85,160,1
F,3-MEDIUM,4,AUTOMOBILE,10,Clerk#000000926,1993-03-04,8631.35,783,1
O,4-NOT SPECIFIED,4,HOUSEHOLD,11,Clerk#000000944,1996-10-16,7462.2,293,1
F,3-MEDIUM,0,BUILDING,16,Clerk#000000972,1993-01-08,8403.99,702,1
F,2-HIGH,1,FURNITURE,1,Clerk#000001000,1993-12-03,3186.57,874,1
F,4-NOT SPECIFIED,2,MACHINERY,12,Clerk#000000052,1994-09-02,0.97,917,1
O,1-URGENT,4,BUILDING,4,Clerk#000000397,1995-09-17,7557,979,1
F,4-NOT SPECIFIED,1,FURNITURE,17,Clerk#000000582,1993-04-26,6194.65,554,1
O,3-MEDIUM,0,FURNITURE,0,Clerk#000000257,1998-04-10,7383.53,414,1
F,1-URGENT,2,MACHINERY,21,Clerk#000000733,1994-12-29,1682.83,537,1
O,4-NOT SPECIFIED,3,BUILDING,7,Clerk#000000777,1996-12-13,4997.35,529,1
F,1-URGENT,3,AUTOMOBILE,19,Clerk#000000709,1994-12-19,276.71,891,1
P,3-MEDIUM,0,BUILDING,15,Clerk#000000678,1995-03-13,8465.15,705,1
O,3-MEDIUM,3,BUILDING,7,Clerk#000000888,1998-03-25,8227.37,730,1
O,2-HIGH,2,HOUSEHOLD,18,Clerk#000000826,1996-01-26,8914.71,81,1
F,5-LOW,0,FURNITURE,14,Clerk#000000901,1994-12-19,1724.68,138,1
F,4-NOT SPECIFIED,2,FURNITURE,21,Clerk#000000324,1993-08-18,3227.87,128,1
F,1-URGENT,4,FURNITURE,13,Clerk#000000998,1993-03-27,346.59,576,1
O,2-HIGH,3,HOUSEHOLD,7,Clerk#000000163,1998-05-14,-611.19,64,1
F,2-HIGH,2,FURNITURE,9,Clerk#000000285,1992-04-03,884.2,490,1
O,2-HIGH,0,FURNITURE,14,Clerk#000000075,1995-10-03,7059.15,316,1
F,4-NOT SPECIFIED,0,HOUSEHOLD,0,Clerk#000000109,1993-08-31,6115.81,267,1
F,1-URGENT,3,HOUSEHOLD,7,Clerk#000000219,1993-01-15,9305.05,69,1
O,5-LOW,3,MACHINERY,6,Clerk#000000504,1996-12-20,2892.21,260,1
O,2-HIGH,0,MACHINERY,5,Clerk#000000691,1997-08-28,2020.15,896,1
O,1-URGENT,0,BUILDING,14,Clerk#000000821,1995-12-11,9043.55,100,1
O,5-LOW,1,MACHINERY,2,Clerk#000000046,1997-02-15,5830.69,567,1
F,3-MEDIUM,1,MACHINERY,24,Clerk#000000750,1993-12-30,1481.24,320,1
O,4-NOT SPECIFIED,4,MACHINERY,13,Clerk#000000206,1995-10-05,6170.06,90,1
O,1-URGENT,3,BUILDING,22,Clerk#000000727,1997-10-16,7408.73,201,1
F,1-URGENT,2,HOUSEHOLD,18,Clerk#000000271,1993-08-03,6183.15,19,1
O,3-MEDIUM,1,FURNITURE,17,Clerk#000000161,1995-07-29,6194.65,554,1
F,5-LOW,2,FURNITURE,18,Clerk#000000961,1993-06-22,807.37,343,1
O,1-URGENT,4,BUILDING,20,Clerk#000000829,1997-07-25,3136.15,238,1
O,3-MEDIUM,1,BUILDING,17,Clerk#000000138,1995-10-08,8492.33,75,1
F,1-URGENT,2,FURNITURE,8,Clerk#000000680,1993-10-29,9365.93,353,1
F,1-URGENT,0,HOUSEHOLD,15,Clerk#000000516,1994-01-01,2506.38,364,1
O,5-LOW,1,BUILDING,17,Clerk#000000890,1995-07-18,1738.87,999,1
O,2-HIGH,4,AUTOMOBILE,10,Clerk#000000869,1996-10-13,-922.69,179,1
O,3-MEDIUM,3,FURNITURE,23,Clerk#000000273,1995-12-06,9153.84,767,1
O,1-URGENT,1,FURNITURE,17,Clerk#000000864,1996-04-15,367.03,440,1
F,5-LOW,3,AUTOMOBILE,22,Clerk#000000047,1993-02-11,4962.12,87,1
P,4-NOT SPECIFIED,3,BUILDING,19,Clerk#000000372,1995-03-31,5561.93,573,1
O,1-URGENT,1,FURNITURE,3,Clerk#000000693,1996-08-17,3998.24,887,1
O,3-MEDIUM,4,BUILDING,11,Clerk#000000449,1997-02-17,2860.71,431,1
O,1-URGENT,4,FURNITURE,11,Clerk#000000400,1995-09-08,3969.86,952,1
F,3-MEDIUM,1,BUILDING,17,Clerk#000000486,1993-05-01,1376.67,583,1
F,1-URGENT,2,BUILDING,9,Clerk#000000492,1992-07-30,8593.83,373,1
F,4-NOT SPECIFIED,1,MACHINERY,1,Clerk#000000462,1993-10-09,9537.08,647,1
O,1-URGENT,0,FURNITURE,0,Clerk#000000970,1996-07-31,7383.53,414,1
O,2-HIGH,3,MACHINERY,6,Clerk#000000536,1996-01-17,4266.13,908,1
O,5-LOW,1,AUTOMOBILE,2,Clerk#000000495,1996-06-02,5340.67,93,1
O,3-MEDIUM,0,FURNITURE,14,Clerk#000000946,1997-02-20,6487.71,869,1
O,4-NOT SPECIFIED,0,FURNITURE,0,Clerk#000000186,1997-07-02,3229.18,561,1
F,2-HIGH,3,BUILDING,23,Clerk#000000828,1993-02-10,-565.35,107,1
P,3-MEDIUM,2,BUILDING,12,Clerk#000000786,1995-04-17,3826.52,662,1
F,4-NOT SPECIFIED,4,FURNITURE,4,Clerk#000000459,1994-09-13,3266.14,466,1
O,3-MEDIUM,4,HOUSEHOLD,20,Clerk#000000372,1998-07-03,2110.59,436,1
O,1-URGENT,2,AUTOMOBILE,8,Clerk#000000850,1998-07-28,2066.79,713,1
F,5-LOW,3,AUTOMOBILE,19,Clerk#000000663,1992-01-31,-326.32,945,1
O,4-NOT SPECIFIED,3,BUILDING,6,Clerk#000000119,1997-06-08,6633.7,753,1
O,5-LOW,4,AUTOMOBILE,13,Clerk#000000062,1998-02-16,6123.69,653,1
O,3-MEDIUM,0,BUILDING,5,Clerk#000000018,1995-06-18,9562.82,791,1
F,5-LOW,2,AUTOMOBILE,12,Clerk#000000058,1992-08-02,5392.3,57,1
O,5-LOW,2,MACHINERY,8,Clerk#000000934,1996-06-29,3993.54,722,1
F,3-MEDIUM,1,AUTOMOBILE,2,Clerk#000000173,1994-08-31,1330.85,137,1
O,3-MEDIUM,0,HOUSEHOLD,15,Clerk#000000607,1998-02-25,4113.64,655,1
F,4-NOT SPECIFIED,1,FURNITURE,17,Clerk#000000967,1993-02-06,6194.65,554,1
O,2-HIGH,4,FURNITURE,10,Clerk#000000135,1996-05-14,4573.94,295,1
O,5-LOW,0,AUTOMOBILE,5,Clerk#000000799,1997-04-06,1605.76,773,1
O,3-MEDIUM,2,HOUSEHOLD,12,Clerk#000000500,1997-09-03,6761.52,841,1
F,5-LOW,1,MACHINERY,2,Clerk#000000711,1992-06-01,4376.8,909,1
F,5-LOW,2,AUTOMOBILE,9,Clerk#000000250,1994-06-04,2209.81,38,1
O,1-URGENT,0,FURNITURE,0,Clerk#000000150,1996-04-25,5745.33,388,1
O,4-NOT SPECIFIED,4,BUILDING,10,Clerk#000000267,1995-08-18,5165.39,515,1
F,1-URGENT,4,BUILDING,11,Clerk#000000982,1993-10-11,9442.55,46,1
F,2-HIGH,1,HOUSEHOLD,24,Clerk#000000570,1993-04-26,2258.4,672,1
O,2-HIGH,1,AUTOMOBILE,2,Clerk#000000618,1995-06-10,1543.64,486,1
O,2-HIGH,3,BUILDING,7,Clerk#000000262,1998-02-12,448.49,11,1
F,3-MEDIUM,3,HOUSEHOLD,23,Clerk#000000295,1995-04-26,5236.89,786,1
F,4-NOT SPECIFIED,2,FURNITURE,21,Clerk#000000968,1994-05-21,2948.61,14,1
O,2-HIGH,1,MACHINERY,2,Clerk#000000330,1995-08-14,5830.69,567,1
O,4-NOT SPECIFIED,1,FURNITURE,17,Clerk#000000486,1998-03-17,4954.25,632,1
O,2-HIGH,2,AUTOMOBILE,9,Clerk#000000185,1995-07-24,6569.34,571,1
F,1-URGENT,4,HOUSEHOLD,4,Clerk#000000206,1994-02-12,-986.96,802,1
F,2-HIGH,1,AUTOMOBILE,3,Clerk#000000416,1994-07-02,6444.82,280,1
O,3-MEDIUM,1,AUTOMOBILE,2,Clerk#000000650,1995-08-30,9749.37,401,1
F,4-NOT SPECIFIED,4,FURNITURE,10,Clerk#000000170,1994-10-08,3589.49,358,1
F,3-MEDIUM,2,AUTOMOBILE,18,Clerk#000000113,1993-12-08,1137.67,868,1
F,2-HIGH,2,BUILDING,12,Clerk#000000569,1992-10-24,7161.52,549,1
F,5-LOW,4,MACHINERY,4,Clerk#000000316,1992-06-01,1734.18,769,1
F,3-MEDIUM,1,MACHINERY,1,Clerk#000000295,1993-04-16,3288.42,797,1
P,3-MEDIUM,4,FURNITURE,10,Clerk#000000504,1995-03-04,1975.35,271,1
F,1-URGENT,0,BUILDING,5,Clerk#000000987,1992-01-29,2426.52,516,1
F,3-MEDIUM,1,MACHINERY,2,Clerk#000000785,1993-09-18,-43.79,756,1
O,4-NOT SPECIFIED,4,HOUSEHOLD,20,Clerk#000000799,1998-06-27,-395.89,858,1
O,3-MEDIUM,1,AUTOMOBILE,24,Clerk#000000702,1995-05-23,3710.14,139,1
F,5-LOW,3,BUILDING,7,Clerk#000000338,1993-03-14,448.49,11,1
O,1-URGENT,1,BUILDING,1,Clerk#000000651,1997-10-04,4189.04,144,1
F,5-LOW,3,FURNITURE,19,Clerk#000000228,1993-07-26,5896.87,163,1
O,1-URGENT,0,MACHINERY,0,Clerk#000000779,1998-06-13,2531.25,496,1
O,2-HIGH,0,FURNITURE,0,Clerk#000000834,1997-05-12,5745.33,388,1
O,4-NOT SPECIFIED,1,MACHINERY,1,Clerk#000000821,1998-06-09,7944.22,372,1
F,1-URGENT,3,BUILDING,7,Clerk#000000925,1993-07-28,8227.37,730,1
O,3-MEDIUM,4,MACHINERY,20,Clerk#000000921,1998-05-13,2354.06,994,1
O,2-HIGH,3,AUTOMOBILE,7,Clerk#000000881,1996-05-24,2237.64,728,1
O,1-URGENT,1,HOUSEHOLD,3,Clerk#000000636,1996-05-18,6244.03,9,1
F,4-NOT SPECIFIED,1,BUILDING,1,Clerk#000000604,1994-05-23,9768.21,351,1
O,4-NOT SPECIFIED,0,BUILDING,14,Clerk#000000350,1997-04-13,6446.83,356,1
O,2-HIGH,2,FURNITURE,8,Clerk#000000719,1997-07-04,1007.18,568,1
F,1-URGENT,0,AUTOMOBILE,0,Clerk#000000497,1992-01-03,738.79,775,1
O,4-NOT SPECIFIED,0,HOUSEHOLD,5,Clerk#000000183,1997-10-12,-902.48,996,1
F,4-NOT SPECIFIED,4,FURNITURE,13,Clerk#000000849,1994-12-09,7073.17,437,1
O,4-NOT SPECIFIED,4,BUILDING,10,Clerk#000000790,1996-09-25,5165.39,515,1
F,1-URGENT,3,HOUSEHOLD,7,Clerk#000000765,1992-03-22,1938.05,424,1
F,5-LOW,0,HOUSEHOLD,15,Clerk#000000868,1992-06-27,1965.38,754,1
F,1-URGENT,0,MACHINERY,0,Clerk#000000122,1994-07-12,9217.55,62,1
F,4-NOT SPECIFIED,4,FURNITURE,10,Clerk#000000597,1992-09-13,2934.06,912,1
F,1-URGENT,4,BUILDING,11,Clerk#000000784,1993-11-29,-181.63,412,1
F,4-NOT SPECIFIED,0,FURNITURE,15,Clerk#000000964,1992-06-25,8184.21,565,1
F,1-URGENT,4,FURNITURE,13,Clerk#000000327,1992-11-01,7073.17,437,1
F,2-HIGH,2,FURNITURE,12,Clerk#000000585,1995-02-06,8982.79,0,1
O,3-MEDIUM,3,MACHINERY,23,Clerk#000000534,1996-07-25,130.59,642,1
F,3-MEDIUM,2,MACHINERY,9,Clerk#000000664,1994-01-21,8166.59,370,1
O,3-MEDIUM,0,AUTOMOBILE,0,Clerk#000000830,1996-07-06,7352.14,375,1
O,5-LOW,3,AUTOMOBILE,19,Clerk#000000632,1995-07-31,253.59,308,1
O,5-LOW,1,AUTOMOBILE,24,Clerk#000000684,1997-08-10,3710.14,139,1
O,2-HIGH,4,FURNITURE,20,Clerk#000000563,1998-01-14,6397.58,404,1
O,3-MEDIUM,0,BUILDING,0,Clerk#000000751,1995-11-14,2432.73,711,1
F,4-NOT SPECIFIED,4,MACHINERY,13,Clerk#000000757,1992-11-17,4363.17,264,1
F,5-LOW,2,FURNITURE,21,Clerk#000000186,1993-09-02,7157.21,226,1
O,1-URGENT,0,AUTOMOBILE,16,Clerk#000000560,1997-06-10,7315.94,324,1
O,4-NOT SPECIFIED,3,BUILDING,22,Clerk#000000929,1995-06-18,367.82,582,1
F,4-NOT SPECIFIED,3,HOUSEHOLD,19,Clerk#000000399,1992-10-12,4177.17,866,1
F,1-URGENT,2,AUTOMOBILE,12,Clerk#000000890,1992-01-31,-592.69,117,1
F,5-LOW,4,HOUSEHOLD,10,Clerk#000000481,1993-07-14,6392,495,1
F,2-HIGH,1,BUILDING,1,Clerk#000000061,1994-07-04,2650.27,285,1
P,3-MEDIUM,0,BUILDING,0,Clerk#000000748,1995-03-11,2724.98,694,1
O,1-URGENT,3,BUILDING,22,Clerk#000000168,1998-03-11,-881.7,829,1
O,2-HIGH,3,FURNITURE,23,Clerk#000000242,1997-09-27,1437.55,384,1
O,3-MEDIUM,0,MACHINERY,5,Clerk#000000715,1996-03-20,-44.66,684,1
O,4-NOT SPECIFIED,2,BUILDING,12,Clerk#000000826,1995-12-19,7447.99,109,1
O,5-LOW,3,MACHINERY,7,Clerk#000000007,1997-07-05,6039.64,548,1
O,4-NOT SPECIFIED,4,FURNITURE,10,Clerk#000000666,1998-05-17,3589.49,358,1
O,5-LOW,0,BUILDING,16,Clerk#000000515,1997-05-22,3987.39,403,1
O,2-HIGH,2,HOUSEHOLD,12,Clerk#000000937,1995-11-22,6345.11,321,1
O,1-URGENT,2,MACHINERY,9,Clerk#000000648,1996-03-14,7897.78,552,1
F,3-MEDIUM,0,HOUSEHOLD,15,Clerk#000000679,1993-03-17,1965.38,754,1
F,5-LOW,4,MACHINERY,4,Clerk#000000751,1993-06-16,7503.3,934,1
O,4-NOT SPECIFIED,1,BUILDING,17,Clerk#000000075,1996-09-12,9871.66,698,1
O,1-URGENT,3,AUTOMOBILE,19,Clerk#000000227,1996-06-25,276.71,891,1
F,5-LOW,3,BUILDING,19,Clerk#000000716,1992-11-26,1498.46,957,1
F,1-URGENT,3,BUILDING,22,Clerk#000000479,1993-02-15,4092.24,429,1
F,1-URGENT,2,BUILDING,18,Clerk#000000815,1992-09-05,-867.94,903,1
F,2-HIGH,4,BUILDING,11,Clerk#000000735,1993-03-26,9032.89,872,1
F,3-MEDIUM,3,BUILDING,23,Clerk#000000703,1995-01-29,4466.3,584,1
F,1-URGENT,3,BUILDING,19,Clerk#000000295,1992-08-08,8541.87,721,1
F,5-LOW,1,BUILDING,1,Clerk#000000625,1993-04-29,7568.07,591,1
O,5-LOW,4,HOUSEHOLD,13,Clerk#000000935,1995-06-22,3686.07,850,1
O,4-NOT SPECIFIED,4,BUILDING,11,Clerk#000000956,1995-06-27,2860.71,431,1
O,1-URGENT,3,BUILDING,23,Clerk#000000580,1995-08-15,9465.15,761,1
O,2-HIGH,3,AUTOMOBILE,6,Clerk#000000905,1996-02-24,5744.59,328,1
O,4-NOT SPECIFIED,4,FURNITURE,4,Clerk#000000856,1995-08-24,5439.44,121,1
F,2-HIGH,1,AUTOMOBILE,2,Clerk#000000346,1994-08-28,9749.37,401,1
O,2-HIGH,4,BUILDING,4,Clerk#000000297,1997-04-01,9454.78,921,1
F,4-NOT SPECIFIED,1,AUTOMOBILE,3,Clerk#000000666,1992-12-31,5582.63,682,1
F,4-NOT SPECIFIED,2,HOUSEHOLD,21,Clerk#000000987,1994-03-03,8330.7,31,1
O,3-MEDIUM,1,FURNITURE,2,Clerk#000000551,1996-02-10,311,855,1
F,3-MEDIUM,4,BUILDING,11,Clerk#000000310,1993-05-13,3374.92,366,1
F,1-URGENT,1,AUTOMOBILE,17,Clerk#000000497,1992-03-17,2164.48,361,1
F,1-URGENT,2,HOUSEHOLD,21,Clerk#000000538,1993-12-13,280.29,221,1
O,4-NOT SPECIFIED,4,MACHINERY,20,Clerk#000000235,1997-01-01,9314.59,800,1
F,2-HIGH,1,AUTOMOBILE,3,Clerk#000000612,1992-08-12,9128.69,252,1
F,2-HIGH,3,HOUSEHOLD,22,Clerk#000000544,1992-06-23,-267.09,148,1
O,3-MEDIUM,1,HOUSEHOLD,3,Clerk#000000599,1996-01-14,5521.36,331,1
F,1-URGENT,0,HOUSEHOLD,0,Clerk#000000083,1994-06-13,3063.11,718,1
F,1-URGENT,4,MACHINERY,4,Clerk#000000851,1993-11-14,3001.94,919,1
O,4-NOT SPECIFIED,0,MACHINERY,14,Clerk#000000858,1998-03-18,3623.6,398,1
F,3-MEDIUM,2,HOUSEHOLD,9,Clerk#000000006,1992-08-05,6257.88,299,1
F,2-HIGH,2,BUILDING,12,Clerk#000000268,1994-12-26,7161.52,549,1
F,3-MEDIUM,2,AUTOMOBILE,18,Clerk#000000042,1994-08-29,2501.74,485,1
P,2-HIGH,2,MACHINERY,12,Clerk#000000514,1995-05-08,8174.82,475,1
F,1-URGENT,2,MACHINERY,9,Clerk#000000528,1992-01-12,8177.33,257,1
O,4-NOT SPECIFIED,2,AUTOMOBILE,9,Clerk#000000744,1997-06-03,-274.79,338,1
F,1-URGENT,4,BUILDING,10,Clerk#000000972,1994-04-02,1733.76,29,1
O,5-LOW,2,MACHINERY,12,Clerk#000000851,1996-01-04,6464.77,731,1
O,5-LOW,1,BUILDING,17,Clerk#000000603,1998-05-11,2718.02,79,1
O,4-NOT SPECIFIED,3,AUTOMOBILE,7,Clerk#000000675,1997-12-23,-339.85,922,1
F,3-MEDIUM,2,AUTOMOBILE,18,Clerk#000000656,1993-03-10,2501.74,485,1
F,2-HIGH,2,MACHINERY,12,Clerk#000000899,1994-08-16,3342.75,192,1
O,3-MEDIUM,0,BUILDING,15,Clerk#000000574,1996-07-21,8081.52,125,1
O,4-NOT SPECIFIED,1,HOUSEHOLD,24,Clerk#000000456,1996-12-29,5527.61,419,1
F,2-HIGH,0,BUILDING,5,Clerk#000000138,1993-08-26,-942.8,368,1
F,5-LOW,4,FURNITURE,4,Clerk#000000048,1994-06-25,3687.37,371,1
F,4-NOT SPECIFIED,2,MACHINERY,12,Clerk#000000328,1992-05-09,6963.68,629,1
F,4-NOT SPECIFIED,0,MACHINERY,16,Clerk#000000226,1993-05-27,9786.36,281,1
F,2-HIGH,4,HOUSEHOLD,13,Clerk#000000757,1994-08-09,9585.32,900,1
F,3-MEDIUM,3,MACHINERY,23,Clerk#000000327,1993-02-28,889.11,804,1
F,3-MEDIUM,3,HOUSEHOLD,7,Clerk#000000403,1994-11-15,-611.19,64,1
F,3-MEDIUM,4,HOUSEHOLD,20,Clerk#000000635,1993-03-08,7826.1,494,1
F,3-MEDIUM,1,BUILDING,3,Clerk#000000414,1994-11-20,-600.73,907,1
O,5-LOW,1,MACHINERY,2,Clerk#000000530,1997-07-25,-444.73,794,1
F,2-HIGH,4,MACHINERY,13,Clerk#000000218,1992-10-30,2394.92,355,1
F,3-MEDIUM,2,FURNITURE,9,Clerk#000000221,1993-10-12,884.2,490,1
O,4-NOT SPECIFIED,2,MACHINERY,9,Clerk#000000996,1997-07-08,7897.78,552,1
F,3-MEDIUM,4,HOUSEHOLD,4,Clerk#000000533,1994-09-01,1735.44,611,1
F,1-URGENT,3,AUTOMOBILE,23,Clerk#000000173,1993-08-15,-808.13,652,1
F,2-HIGH,3,BUILDING,22,Clerk#000000956,1992-08-14,2098.62,738,1
O,4-NOT SPECIFIED,3,HOUSEHOLD,23,Clerk#000000345,1998-02-12,-549.73,35,1
O,5-LOW,1,FURNITURE,17,Clerk#000000240,1996-04-02,5436.81,231,1
F,3-MEDIUM,4,BUILDING,20,Clerk#000000489,1992-01-27,7621.56,898,1
O,1-URGENT,2,AUTOMOBILE,8,Clerk#000000625,1998-01-18,6269.42,395,1
O,3-MEDIUM,4,AUTOMOBILE,11,Clerk#000000963,1997-05-04,3883.18,535,1
F,1-URGENT,2,AUTOMOBILE,12,Clerk#000000147,1992-07-05,5392.3,57,1
O,2-HIGH,1,HOUSEHOLD,3,Clerk#000000995,1997-06-26,6244.03,9,1
F,2-HIGH,2,MACHINERY,12,Clerk#000000336,1993-08-27,3342.75,192,1
O,1-URGENT,4,HOUSEHOLD,4,Clerk#000000857,1996-07-28,1735.44,611,1
F,4-NOT SPECIFIED,2,BUILDING,9,Clerk#000000917,1994-07-15,2757.45,806,1
F,1-URGENT,2,AUTOMOBILE,18,Clerk#000000229,1994-04-01,6840.29,991,1
O,1-URGENT,0,HOUSEHOLD,15,Clerk#000000149,1996-03-02,2377.34,362,1
O,1-URGENT,0,HOUSEHOLD,15,Clerk#000000791,1995-09-16,2506.38,364,1
O,4-NOT SPECIFIED,1,AUTOMOBILE,1,Clerk#000000615,1997-01-18,8990.07,210,1
F,4-NOT SPECIFIED,4,AUTOMOBILE,4,Clerk#000000880,1993-07-30,1561.8,634,1
F,3-MEDIUM,0,AUTOMOBILE,16,Clerk#000000768,1993-06-08,4231.45,596,1
F,2-HIGH,0,BUILDING,0,Clerk#000000986,1993-04-14,702.73,477,1
F,3-MEDIUM,1,FURNITURE,2,Clerk#000000705,1993-08-29,311,855,1
F,5-LOW,3,AUTOMOBILE,19,Clerk#000000901,1992-06-30,8959.65,685,1
F,3-MEDIUM,2,FURNITURE,21,Clerk#000000300,1992-10-26,7157.21,226,1
O,1-URGENT,3,MACHINERY,7,Clerk#000000159,1996-04-30,9311.17,96,1
O,2-HIGH,2,FURNITURE,8,Clerk#000000243,1997-07-16,1007.18,568,1
F,5-LOW,1,FURNITURE,17,Clerk#000000906,1995-03-04,7305.88,300,1
F,2-HIGH,4,HOUSEHOLD,13,Clerk#000000127,1994-06-13,-112.46,276,1
O,4-NOT SPECIFIED,4,FURNITURE,4,Clerk#000000433,1997-09-01,-774.22,387,1
F,2-HIGH,2,AUTOMOBILE,21,Clerk#000000700,1994-08-16,9177.63,61,1
O,1-URGENT,3,HOUSEHOLD,22,Clerk#000000999,1996-05-01,-267.09,148,1
O,4-NOT SPECIFIED,2,MACHINERY,12,Clerk#000000237,1997-12-02,2263.25,601,1
O,2-HIGH,4,HOUSEHOLD,20,Clerk#000000816,1995-09-13,1634.7,533,1
F,2-HIGH,4,HOUSEHOLD,4,Clerk#000000288,1992-02-07,7979.48,519,1
O,2-HIGH,4,BUILDING,13,Clerk#000000017,1996-07-09,1317.56,16,1
F,3-MEDIUM,3,MACHINERY,19,Clerk#000000683,1992-04-12,1422.57,833,1
O,3-MEDIUM,0,HOUSEHOLD,5,Clerk#000000822,1997-11-09,3335.29,677,1
O,1-URGENT,3,AUTOMOBILE,6,Clerk#000000506,1997-11-06,4396.25,442,1
O,4-NOT SPECIFIED,4,AUTOMOBILE,10,Clerk#000000104,1998-02-16,1939.39,520,1
F,3-MEDIUM,1,AUTOMOBILE,3,Clerk#000000216,1992-12-20,-275.58,103,1
O,2-HIGH,4,MACHINERY,4,Clerk#000000884,1995-11-26,1107.42,380,1
F,4-NOT SPECIFIED,4,MACHINERY,20,Clerk#000000816,1993-03-06,7555.16,780,1
F,2-HIGH,3,BUILDING,6,Clerk#000000412,1994-04-20,4299.22,955,1
O,4-NOT SPECIFIED,1,AUTOMOBILE,2,Clerk#000000277,1996-02-08,3139.71,63,1
P,4-NOT SPECIFIED,4,FURNITURE,13,Clerk#000000568,1995-05-24,-375.76,389,1
O,2-HIGH,2,FURNITURE,9,Clerk#000000417,1996-03-22,4286.94,602,1
O,5-LOW,1,HOUSEHOLD,24,Clerk#000000654,1997-02-22,5527.61,419,1
O,2-HIGH,1,BUILDING,3,Clerk#000000619,1995-10-30,7905.17,813,1
F,2-HIGH,2,MACHINERY,12,Clerk#000000885,1993-11-06,3279.84,106,1
O,5-LOW,1,HOUSEHOLD,1,Clerk#000000543,1996-07-24,-875.17,563,1
F,1-URGENT,3,MACHINERY,19,Clerk#000000798,1994-09-07,70.93,21,1
F,1-URGENT,2,FURNITURE,9,Clerk#000000540,1994-12-17,4799.98,420,1
O,2-HIGH,4,FURNITURE,13,Clerk#000000268,1996-08-27,346.59,576,1
O,1-URGENT,3,MACHINERY,7,Clerk#000000134,1997-10-08,3714.06,624,1
F,4-NOT SPECIFIED,4,BUILDING,11,Clerk#000000992,1993-11-28,-413.03,311,1
O,1-URGENT,4,MACHINERY,11,Clerk#000000879,1998-01-16,9398.51,944,1
F,4-NOT SPECIFIED,2,MACHINERY,21,Clerk#000000565,1992-05-06,9280.71,457,1
F,1-URGENT,4,HOUSEHOLD,20,Clerk#000000396,1994-11-21,4489.98,13,1
F,4-NOT SPECIFIED,0,BUILDING,0,Clerk#000000150,1994-01-19,1377.52,715,1
F,3-MEDIUM,2,FURNITURE,12,Clerk#000000153,1993-07-15,9184.72,750,1
O,3-MEDIUM,2,HOUSEHOLD,9,Clerk#000000299,1996-02-04,4150.76,727,1
F,5-LOW,0,AUTOMOBILE,15,Clerk#000000866,1994-01-07,9139.52,187,1
O,1-URGENT,4,BUILDING,13,Clerk#000000562,1998-07-13,1317.56,16,1
O,2-HIGH,4,FURNITURE,4,Clerk#000000886,1995-06-01,9621.49,42,1
O,2-HIGH,0,BUILDING,5,Clerk#000000968,1997-12-30,3247.92,670,1
F,4-NOT SPECIFIED,0,MACHINERY,5,Clerk#000000232,1994-02-26,-44.66,684,1
F,4-NOT SPECIFIED,1,BUILDING,17,Clerk#000000294,1992-08-22,3428.67,988,1
F,1-URGENT,3,MACHINERY,19,Clerk#000000359,1995-04-11,1422.57,833,1
F,5-LOW,4,AUTOMOBILE,11,Clerk#000000342,1994-04-23,9270.88,336,1
O,3-MEDIUM,0,HOUSEHOLD,5,Clerk#000000344,1996-06-03,2023.59,397,1
F,1-URGENT,1,FURNITURE,1,Clerk#000000735,1993-10-14,4157,53,1
O,2-HIGH,4,FURNITURE,13,Clerk#000000832,1996-12-14,7073.17,437,1
F,3-MEDIUM,1,MACHINERY,24,Clerk#000000527,1995-03-19,1481.24,320,1
F,3-MEDIUM,3,AUTOMOBILE,22,Clerk#000000597,1993-03-10,4962.12,87,1
O,3-MEDIUM,4,BUILDING,10,Clerk#000000620,1995-07-23,2222.65,469,1
O,3-MEDIUM,4,FURNITURE,4,Clerk#000000532,1997-06-11,3687.37,371,1
O,1-URGENT,3,BUILDING,22,Clerk#000000303,1997-11-27,367.82,582,1
O,2-HIGH,3,HOUSEHOLD,19,Clerk#000000488,1996-10-31,-201.49,661,1
O,2-HIGH,2,BUILDING,8,Clerk#000000663,1998-05-01,1215.18,873,1
F,1-URGENT,4,FURNITURE,13,Clerk#000000247,1992-04-10,291.44,946,1
F,2-HIGH,4,BUILDING,20,Clerk#000000896,1993-05-27,3136.15,238,1
F,3-MEDIUM,1,AUTOMOBILE,3,Clerk#000000724,1994-11-24,9128.69,252,1
O,5-LOW,0,FURNITURE,5,Clerk#000000641,1995-11-04,2691.42,492,1
F,2-HIGH,0,HOUSEHOLD,16,Clerk#000000169,1993-07-30,3419.66,218,1
F,3-MEDIUM,4,FURNITURE,4,Clerk#000000268,1992-03-05,2141.71,648,1
F,4-NOT SPECIFIED,2,BUILDING,12,Clerk#000000666,1993-10-31,7161.52,549,1
F,4-NOT SPECIFIED,3,BUILDING,7,Clerk#000000120,1993-06-01,4349.27,415,1
O,2-HIGH,1,FURNITURE,2,Clerk#000000795,1996-03-10,238.14,743,1
F,4-NOT SPECIFIED,1,AUTOMOBILE,3,Clerk#000000793,1992-01-14,9128.69,252,1
F,4-NOT SPECIFIED,0,AUTOMOBILE,5,Clerk#000000076,1994-08-11,7537.16,902,1
O,2-HIGH,0,FURNITURE,5,Clerk#000000674,1997-05-05,5447.12,966,1
F,4-NOT SPECIFIED,1,MACHINERY,2,Clerk#000000856,1992-12-16,-849.44,186,1
F,3-MEDIUM,1,FURNITURE,2,Clerk#000000871,1995-04-21,-544.95,726,1
O,2-HIGH,3,FURNITURE,23,Clerk#000000806,1995-08-15,2829.07,667,1
O,2-HIGH,0,MACHINERY,0,Clerk#000000334,1997-04-02,7297.64,411,1
F,4-NOT SPECIFIED,4,FURNITURE,10,Clerk#000000013,1994-03-29,4681.03,759,1
O,4-NOT SPECIFIED,3,FURNITURE,7,Clerk#000000244,1997-08-10,-842.39,524,1
O,2-HIGH,1,HOUSEHOLD,3,Clerk#000000139,1997-12-01,2584.23,172,1
F,4-NOT SPECIFIED,0,FURNITURE,0,Clerk#000000861,1994-07-30,5184.7,275,1
F,3-MEDIUM,0,BUILDING,0,Clerk#000000324,1994-09-19,-920.4,145,1
O,5-LOW,2,MACHINERY,9,Clerk#000000045,1998-06-25,7897.78,552,1
F,2-HIGH,3,MACHINERY,19,Clerk#000000819,1992-03-14,1422.57,833,1
F,2-HIGH,1,BUILDING,2,Clerk#000000812,1994-08-10,6738.93,6,1
O,1-URGENT,4,BUILDING,11,Clerk#000000348,1997-02-17,-651.91,696,1
F,5-LOW,2,AUTOMOBILE,21,Clerk#000000118,1993-07-24,3420.64,654,1
F,4-NOT SPECIFIED,4,AUTOMOBILE,10,Clerk#000000243,1993-10-30,3509.35,307,1
F,4-NOT SPECIFIED,1,BUILDING,3,Clerk#000000647,1994-07-07,-600.73,907,1
O,1-URGENT,1,FURNITURE,1,Clerk#000000326,1997-12-24,3186.57,874,1
O,2-HIGH,0,BUILDING,0,Clerk#000000362,1996-01-14,8921.97,237,1
O,2-HIGH,0,BUILDING,0,Clerk#000000496,1997-09-29,1377.52,715,1
F,5-LOW,4,MACHINERY,20,Clerk#000000651,1994-10-12,1164.46,779,1
F,5-LOW,1,BUILDING,17,Clerk#000000403,1993-04-18,8492.33,75,1
O,1-URGENT,0,BUILDING,0,Clerk#000000066,1998-04-01,662.67,570,1
F,2-HIGH,2,FURNITURE,8,Clerk#000000330,1992-11-01,4578.24,497,1
F,5-LOW,1,AUTOMOBILE,1,Clerk#000000624,1992-11-17,8990.07,210,1
P,1-URGENT,2,AUTOMOBILE,21,Clerk#000000808,1995-03-22,6533.53,265,1
O,1-URGENT,2,FURNITURE,9,Clerk#000000581,1997-04-30,3379.2,263,1
F,5-LOW,4,FURNITURE,13,Clerk#000000537,1994-11-01,5974.11,408,1
F,2-HIGH,3,BUILDING,22,Clerk#000000976,1993-10-10,4092.24,429,1
F,3-MEDIUM,2,AUTOMOBILE,8,Clerk#000000569,1994-07-27,5795.15,760,1
O,1-URGENT,4,HOUSEHOLD,4,Clerk#000000007,1996-03-16,1735.44,611,1
F,1-URGENT,4,BUILDING,13,Clerk#000000777,1994-06-03,8938.14,36,1
F,1-URGENT,1,MACHINERY,17,Clerk#000000402,1993-01-03,8275.8,32,1
O,5-LOW,4,AUTOMOBILE,10,Clerk#000000086,1998-04-09,-215.75,527,1
O,3-MEDIUM,4,HOUSEHOLD,20,Clerk#000000228,1996-11-23,8495.92,345,1
F,1-URGENT,3,HOUSEHOLD,19,Clerk#000000378,1994-12-11,1866.42,381,1
F,3-MEDIUM,0,MACHINERY,16,Clerk#000000375,1993-06-24,1755.33,848,1
O,2-HIGH,3,MACHINERY,19,Clerk#000000722,1997-08-04,2603,111,1
F,5-LOW,0,BUILDING,16,Clerk#000000276,1993-01-12,4677.55,491,1
O,4-NOT SPECIFIED,2,AUTOMOBILE,8,Clerk#000000623,1995-08-04,9605.83,885,1
O,2-HIGH,2,BUILDING,8,Clerk#000000261,1995-11-18,1766.23,188,1
O,2-HIGH,4,FURNITURE,4,Clerk#000000451,1995-08-30,3266.14,466,1
O,1-URGENT,4,HOUSEHOLD,10,Clerk#000000500,1995-12-21,1299.92,578,1
O,2-HIGH,4,FURNITURE,20,Clerk#000000824,1997-12-03,6397.58,404,1
F,5-LOW,2,FURNITURE,18,Clerk#000000982,1993-03-15,807.37,343,1
F,3-MEDIUM,1,BUILDING,2,Clerk#000000742,1994-04-03,4667.12,645,1
O,1-URGENT,1,MACHINERY,2,Clerk#000000939,1998-03-02,2338.92,10,1
P,2-HIGH,1,MACHINERY,2,Clerk#000000686,1995-05-17,4376.8,909,1
O,3-MEDIUM,1,MACHINERY,3,Clerk#000000865,1997-12-18,2840.36,980,1
F,3-MEDIUM,2,HOUSEHOLD,12,Clerk#000000416,1992-05-16,6761.52,841,1
F,4-NOT SPECIFIED,3,FURNITURE,6,Clerk#000000017,1994-02-09,5817.9,633,1
P,1-URGENT,1,AUTOMOBILE,2,Clerk#000000709,1995-03-27,1543.64,486,1
O,4-NOT SPECIFIED,1,AUTOMOBILE,3,Clerk#000000311,1997-02-25,8137.24,124,1
O,5-LOW,2,BUILDING,18,Clerk#000000533,1996-09-08,9802.04,943,1
F,3-MEDIUM,0,AUTOMOBILE,0,Clerk#000000429,1993-02-11,5391.74,536,1
F,4-NOT SPECIFIED,1,BUILDING,24,Clerk#000000065,1992-12-02,-982.05,974,1
F,3-MEDIUM,4,AUTOMOBILE,10,Clerk#000000006,1992-07-09,212.16,286,1
O,2-HIGH,3,MACHINERY,23,Clerk#000000198,1995-08-30,52.43,600,1
O,1-URGENT,4,FURNITURE,13,Clerk#000000085,1996-10-13,7073.17,437,1
F,3-MEDIUM,3,MACHINERY,22,Clerk#000000184,1993-12-28,84.72,748,1
F,3-MEDIUM,1,FURNITURE,24,Clerk#000000889,1992-10-24,5672.05,849,1
O,5-LOW,3,BUILDING,7,Clerk#000000136,1998-02-01,3869.25,518,1
O,3-MEDIUM,0,BUILDING,0,Clerk#000000484,1998-03-05,-566.86,476,1
F,3-MEDIUM,3,HOUSEHOLD,19,Clerk#000000381,1993-08-25,-201.49,661,1
F,2-HIGH,3,FURNITURE,19,Clerk#000000337,1993-02-25,4695.12,501,1
F,1-URGENT,1,MACHINERY,3,Clerk#000000979,1993-03-18,6821.01,438,1
F,1-URGENT,0,BUILDING,0,Clerk#000000970,1993-09-14,662.67,570,1
F,2-HIGH,2,BUILDING,12,Clerk#000000372,1992-07-01,3826.52,662,1
O,2-HIGH,0,AUTOMOBILE,15,Clerk#000000097,1996-06-20,2514.15,809,1
F,1-URGENT,4,AUTOMOBILE,4,Clerk#000000349,1992-06-01,8121.84,525,1
O,5-LOW,1,AUTOMOBILE,2,Clerk#000000295,1996-01-28,4718.23,795,1
O,2-HIGH,3,AUTOMOBILE,19,Clerk#000000809,1995-12-06,-326.32,945,1
F,2-HIGH,2,FURNITURE,9,Clerk#000000319,1993-02-02,5398.77,439,1
F,3-MEDIUM,4,HOUSEHOLD,10,Clerk#000000980,1992-10-19,270.95,638,1
O,4-NOT SPECIFIED,1,BUILDING,2,Clerk#000000453,1997-01-13,4667.12,645,1
O,2-HIGH,2,BUILDING,18,Clerk#000000648,1996-04-26,1685.9,134,1
O,4-NOT SPECIFIED,2,HOUSEHOLD,21,Clerk#000000363,1995-09-11,3195.96,85,1
F,4-NOT SPECIFIED,0,BUILDING,16,Clerk#000000897,1992-03-16,7786.69,58,1
F,2-HIGH,2,HOUSEHOLD,8,Clerk#000000585,1992-12-27,6020.02,666,1
F,4-NOT SPECIFIED,0,FURNITURE,5,Clerk#000000476,1992-04-27,9849.87,406,1
O,1-URGENT,2,FURNITURE,9,Clerk#000000641,1996-01-10,3244.78,360,1
F,3-MEDIUM,0,BUILDING,15,Clerk#000000210,1992-07-11,8465.15,705,1
O,2-HIGH,2,MACHINERY,18,Clerk#000000509,1998-04-24,7055.13,287,1
O,2-HIGH,1,BUILDING,2,Clerk#000000385,1996-08-12,4946.21,55,1
O,5-LOW,4,HOUSEHOLD,20,Clerk#000000283,1995-12-06,1634.7,533,1
O,3-MEDIUM,0,BUILDING,16,Clerk#000000053,1997-02-16,3987.39,403,1
F,2-HIGH,2,FURNITURE,18,Clerk#000000748,1992-01-10,7760.33,274,1
O,5-LOW,2,HOUSEHOLD,18,Clerk#000000636,1996-03-17,8914.71,81,1
F,5-LOW,2,FURNITURE,8,Clerk#000000694,1992-10-31,9365.93,353,1
F,5-LOW,4,FURNITURE,10,Clerk#000000649,1992-09-08,4524.45,901,1
O,2-HIGH,4,MACHINERY,4,Clerk#000000722,1996-05-06,1811.35,181,1
O,2-HIGH,1,HOUSEHOLD,2,Clerk#000000204,1995-08-29,990.58,421,1
F,3-MEDIUM,0,FURNITURE,14,Clerk#000000871,1994-11-26,6487.71,869,1
O,3-MEDIUM,3,FURNITURE,22,Clerk#000000878,1997-04-14,7412.12,214,1
O,5-LOW,0,MACHINERY,15,Clerk#000000453,1997-03-27,5121.28,513,1
O,4-NOT SPECIFIED,2,BUILDING,18,Clerk#000000629,1996-03-11,-867.94,903,1
O,2-HIGH,4,FURNITURE,4,Clerk#000000134,1998-02-02,9621.49,42,1
O,1-URGENT,2,AUTOMOBILE,18,Clerk#000000834,1997-08-30,9561.95,886,1
O,3-MEDIUM,1,BUILDING,3,Clerk#000000891,1996-03-11,-646.64,245,1
O,3-MEDIUM,2,AUTOMOBILE,21,Clerk#000000628,1997-07-04,3420.64,654,1
F,4-NOT SPECIFIED,2,BUILDING,18,Clerk#000000580,1992-04-18,9802.04,943,1
F,3-MEDIUM,0,BUILDING,15,Clerk#000000349,1994-11-21,8465.15,705,1
O,5-LOW,0,AUTOMOBILE,0,Clerk#000000525,1997-07-18,2222.71,410,1
O,1-URGENT,2,AUTOMOBILE,9,Clerk#000000892,1995-10-06,2209.81,38,1
F,1-URGENT,1,MACHINERY,2,Clerk#000000278,1992-03-26,2544.49,785,1
O,5-LOW,4,BUILDING,13,Clerk#000000165,1998-01-28,6553.37,306,1
F,3-MEDIUM,3,MACHINERY,19,Clerk#000000543,1994-05-13,6807.55,635,1
F,3-MEDIUM,1,BUILDING,3,Clerk#000000007,1994-01-16,-646.64,245,1
F,2-HIGH,3,MACHINERY,19,Clerk#000000678,1992-08-10,2603,111,1
F,5-LOW,3,FURNITURE,22,Clerk#000000641,1994-09-07,4867.52,954,1
F,4-NOT SPECIFIED,4,HOUSEHOLD,20,Clerk#000000882,1993-10-23,8450.37,770,1
F,2-HIGH,2,BUILDING,18,Clerk#000000148,1992-10-14,1685.9,134,1
F,5-LOW,4,FURNITURE,10,Clerk#000000557,1992-06-30,6227.55,377,1
F,1-URGENT,3,MACHINERY,22,Clerk#000000327,1992-11-10,1134.4,227,1
O,1-URGENT,4,AUTOMOBILE,10,Clerk#000000332,1997-08-24,-922.69,179,1
F,2-HIGH,4,AUTOMOBILE,11,Clerk#000000609,1994-02-12,2357.54,528,1
O,3-MEDIUM,3,AUTOMOBILE,6,Clerk#000000910,1996-02-22,5744.59,328,1
F,2-HIGH,2,BUILDING,18,Clerk#000000120,1992-05-12,1685.9,134,1
F,2-HIGH,1,HOUSEHOLD,3,Clerk#000000648,1993-05-06,6603.43,220,1
O,5-LOW,1,MACHINERY,1,Clerk#000000520,1996-02-15,7944.22,372,1
O,4-NOT SPECIFIED,4,BUILDING,20,Clerk#000000719,1996-11-08,5579.81,178,1
F,4-NOT SPECIFIED,4,HOUSEHOLD,4,Clerk#000000019,1993-01-24,-986.96,802,1
F,1-URGENT,0,HOUSEHOLD,15,Clerk#000000519,1994-02-15,8589.7,20,1
O,4-NOT SPECIFIED,3,HOUSEHOLD,19,Clerk#000000284,1995-07-19,-201.49,661,1
O,3-MEDIUM,1,HOUSEHOLD,3,Clerk#000000847,1996-06-14,2584.23,172,1
F,1-URGENT,4,BUILDING,13,Clerk#000000856,1993-07-11,1317.56,16,1
O,2-HIGH,4,FURNITURE,11,Clerk#000000564,1997-11-06,3969.86,952,1
F,1-URGENT,1,AUTOMOBILE,2,Clerk#000000688,1993-10-26,3139.71,63,1
F,3-MEDIUM,1,HOUSEHOLD,2,Clerk#000000856,1992-06-17,3025.84,325,1
O,5-LOW,4,HOUSEHOLD,20,Clerk#000000081,1998-02-09,2942.19,23,1
F,4-NOT SPECIFIED,2,AUTOMOBILE,8,Clerk#000000689,1992-06-14,6269.42,395,1
O,4-NOT SPECIFIED,4,MACHINERY,4,Clerk#000000330,1996-06-14,3001.94,919,1
O,2-HIGH,2,HOUSEHOLD,12,Clerk#000000930,1996-04-25,6853.37,577,1
O,1-URGENT,0,HOUSEHOLD,15,Clerk#000000351,1997-07-06,4582.28,333,1
F,1-URGENT,0,FURNITURE,14,Clerk#000000361,1994-10-29,6935.16,483,1
O,4-NOT SPECIFIED,4,AUTOMOBILE,13,Clerk#000000759,1997-04-04,6123.69,653,1
F,4-NOT SPECIFIED,0,BUILDING,15,Clerk#000000544,1992-02-29,8878.22,815,1
F,2-HIGH,1,AUTOMOBILE,3,Clerk#000000441,1995-01-19,8137.24,124,1
F,4-NOT SPECIFIED,2,MACHINERY,21,Clerk#000000248,1994-03-23,1663.28,918,1
O,1-URGENT,1,FURNITURE,17,Clerk#000000381,1997-12-02,3589.16,875,1
F,3-MEDIUM,3,HOUSEHOLD,19,Clerk#000000611,1992-10-24,1866.42,381,1
F,1-URGENT,3,MACHINERY,7,Clerk#000000402,1994-11-12,6039.64,548,1
O,4-NOT SPECIFIED,0,HOUSEHOLD,5,Clerk#000000824,1997-06-05,-902.48,996,1
F,2-HIGH,2,BUILDING,21,Clerk#000000687,1994-10-23,5275.88,193,1
O,3-MEDIUM,3,BUILDING,23,Clerk#000000985,1996-02-02,8876.1,683,1
F,5-LOW,3,FURNITURE,7,Clerk#000000556,1994-06-18,3930.35,796,1
O,5-LOW,3,MACHINERY,19,Clerk#000000778,1998-05-01,1422.57,833,1
F,2-HIGH,2,HOUSEHOLD,8,Clerk#000000285,1992-02-29,6359.27,164,1
O,5-LOW,4,FURNITURE,13,Clerk#000000889,1997-04-11,4571.31,823,1
F,5-LOW,2,FURNITURE,18,Clerk#000000830,1993-01-08,4883.17,432,1
O,3-MEDIUM,2,FURNITURE,18,Clerk#000000198,1997-09-04,4883.17,432,1
F,4-NOT SPECIFIED,3,HOUSEHOLD,7,Clerk#000000791,1994-07-22,7511.17,159,1
O,5-LOW,4,FURNITURE,13,Clerk#000000538,1998-01-26,346.59,576,1
F,4-NOT SPECIFIED,4,BUILDING,10,Clerk#000000239,1993-10-20,6368.38,651,1
O,1-URGENT,0,MACHINERY,16,Clerk#000000731,1996-07-24,9786.36,281,1
F,1-URGENT,2,FURNITURE,8,Clerk#000000586,1993-03-25,9126.54,935,1
F,2-HIGH,1,FURNITURE,24,Clerk#000000991,1993-06-13,2336.99,44,1
F,3-MEDIUM,4,HOUSEHOLD,20,Clerk#000000370,1992-02-11,8438.4,441,1
O,4-NOT SPECIFIED,0,BUILDING,15,Clerk#000000139,1996-02-11,9559.04,579,1
F,5-LOW,4,HOUSEHOLD,20,Clerk#000000732,1992-06-01,8353,546,1
F,4-NOT SPECIFIED,0,AUTOMOBILE,0,Clerk#000000900,1993-10-23,5391.74,536,1
O,5-LOW,4,BUILDING,10,Clerk#000000208,1997-01-21,8217.23,827,1
O,3-MEDIUM,2,BUILDING,12,Clerk#000000695,1995-07-01,7161.52,549,1
F,5-LOW,2,BUILDING,9,Clerk#000000851,1994-07-08,3016.38,680,1
F,5-LOW,0,AUTOMOBILE,0,Clerk#000000786,1994-02-17,5902.85,708,1
O,3-MEDIUM,3,BUILDING,7,Clerk#000000818,1996-08-23,3869.25,518,1
O,5-LOW,4,HOUSEHOLD,10,Clerk#000000006,1997-10-20,3798.28,736,1
F,5-LOW,2,BUILDING,9,Clerk#000000401,1992-06-17,2757.45,806,1
F,5-LOW,1,HOUSEHOLD,24,Clerk#000000880,1995-03-08,5527.61,419,1
P,2-HIGH,4,HOUSEHOLD,20,Clerk#000000784,1995-04-12,8495.92,345,1
O,1-URGENT,1,HOUSEHOLD,2,Clerk#000000012,1996-12-06,3025.84,325,1
P,4-NOT SPECIFIED,2,MACHINERY,9,Clerk#000000371,1995-04-30,7897.78,552,1
F,2-HIGH,0,BUILDING,5,Clerk#000000767,1992-05-21,2426.52,516,1
O,1-URGENT,2,BUILDING,18,Clerk#000000344,1998-01-25,-867.94,903,1
O,5-LOW,0,FURNITURE,5,Clerk#000000004,1997-06-18,1791.65,99,1
F,2-HIGH,4,AUTOMOBILE,20,Clerk#000000514,1994-10-02,-919.65,977,1
O,2-HIGH,0,AUTOMOBILE,16,Clerk#000000209,1996-12-26,-761.7,8,1
F,2-HIGH,1,MACHINERY,3,Clerk#000000560,1993-01-11,857.7,459,1
F,3-MEDIUM,1,FURNITURE,1,Clerk#000000943,1994-09-21,3106,413,1
O,3-MEDIUM,3,FURNITURE,23,Clerk#000000914,1998-06-22,1709.5,435,1
O,5-LOW,3,HOUSEHOLD,7,Clerk#000000922,1996-09-04,8555.12,422,1
F,5-LOW,2,BUILDING,12,Clerk#000000931,1992-04-12,-551.37,248,1
O,5-LOW,2,MACHINERY,12,Clerk#000000633,1996-12-31,8647.42,146,1
F,1-URGENT,3,AUTOMOBILE,23,Clerk#000000680,1994-09-24,668.51,474,1
F,1-URGENT,1,BUILDING,17,Clerk#000000956,1993-05-29,1376.67,583,1
O,5-LOW,1,MACHINERY,2,Clerk#000000267,1997-03-29,1182.91,963,1
O,5-LOW,4,AUTOMOBILE,4,Clerk#000000823,1996-06-07,-614.28,560,1
O,4-NOT SPECIFIED,3,BUILDING,6,Clerk#000000774,1997-11-05,4299.22,955,1
O,5-LOW,4,AUTOMOBILE,11,Clerk#000000203,1998-07-28,8136.53,309,1
F,1-URGENT,4,AUTOMOBILE,4,Clerk#000000001,1992-09-04,-614.28,560,1
O,5-LOW,3,BUILDING,19,Clerk#000000818,1997-05-16,-181.69,781,1
O,5-LOW,3,MACHINERY,19,Clerk#000000389,1996-08-07,2603,111,1
F,4-NOT SPECIFIED,4,MACHINERY,10,Clerk#000000621,1992-12-06,9158.91,180,1
O,5-LOW,1,FURNITURE,3,Clerk#000000226,1996-07-10,3726.22,610,1
F,2-HIGH,1,HOUSEHOLD,3,Clerk#000000023,1994-02-26,6244.03,9,1
O,1-URGENT,3,FURNITURE,7,Clerk#000000165,1996-12-29,709.46,507,1
F,4-NOT SPECIFIED,3,BUILDING,23,Clerk#000000468,1994-03-30,4466.3,584,1
O,5-LOW,2,FURNITURE,8,Clerk#000000344,1995-07-11,9365.93,353,1
P,3-MEDIUM,3,MACHINERY,6,Clerk#000000536,1995-03-31,1286.76,453,1
O,3-MEDIUM,0,BUILDING,0,Clerk#000000065,1997-08-19,4288.5,739,1
F,3-MEDIUM,2,AUTOMOBILE,18,Clerk#000000667,1992-07-29,3582.37,149,1
F,3-MEDIUM,0,BUILDING,16,Clerk#000000524,1994-03-07,9131.64,407,1
F,5-LOW,0,AUTOMOBILE,0,Clerk#000000905,1993-09-19,2222.71,410,1
F,2-HIGH,1,FURNITURE,1,Clerk#000000319,1994-09-09,6898.65,888,1
O,3-MEDIUM,4,BUILDING,4,Clerk#000000101,1996-02-24,9454.78,921,1
F,4-NOT SPECIFIED,2,AUTOMOBILE,21,Clerk#000000509,1992-06-28,3420.64,654,1
O,2-HIGH,2,AUTOMOBILE,9,Clerk#000000892,1997-09-15,2326.68,751,1
F,2-HIGH,4,HOUSEHOLD,11,Clerk#000000326,1995-03-02,1378.67,839,1
O,3-MEDIUM,3,FURNITURE,23,Clerk#000000340,1996-01-20,4092.49,766,1
O,2-HIGH,0,FURNITURE,0,Clerk#000000303,1997-07-28,2130.98,369,1
O,5-LOW,1,BUILDING,1,Clerk#000000449,1997-07-17,3893.14,140,1
O,2-HIGH,0,MACHINERY,0,Clerk#000000237,1995-06-23,4367.53,392,1
F,1-URGENT,0,HOUSEHOLD,5,Clerk#000000731,1995-01-16,7349.82,97,1
F,2-HIGH,4,FURNITURE,10,Clerk#000000563,1992-12-12,6227.55,377,1
O,4-NOT SPECIFIED,1,FURNITURE,3,Clerk#000000953,1996-12-26,7746.97,101,1
F,2-HIGH,0,HOUSEHOLD,14,Clerk#000000283,1994-03-20,6344.18,493,1
F,3-MEDIUM,2,MACHINERY,12,Clerk#000000040,1993-07-05,0.97,917,1
F,5-LOW,0,AUTOMOBILE,0,Clerk#000000302,1993-06-05,5391.74,536,1
O,2-HIGH,4,HOUSEHOLD,11,Clerk#000000542,1996-08-31,7462.2,293,1
O,1-URGENT,0,BUILDING,0,Clerk#000000525,1995-08-14,702.73,477,1
F,4-NOT SPECIFIED,0,AUTOMOBILE,15,Clerk#000000052,1993-07-04,5212.43,658,1
O,1-URGENT,2,MACHINERY,8,Clerk#000000750,1998-04-24,3993.54,722,1
O,3-MEDIUM,1,MACHINERY,2,Clerk#000000911,1995-10-03,2338.92,10,1
F,3-MEDIUM,0,FURNITURE,14,Clerk#000000883,1992-07-24,8727.9,860,1
O,2-HIGH,0,BUILDING,5,Clerk#000000655,1997-11-14,2485.71,313,1
O,2-HIGH,2,BUILDING,12,Clerk#000000429,1996-04-22,3826.52,662,1
F,1-URGENT,2,MACHINERY,8,Clerk#000000401,1993-11-23,8363.66,208,1
F,3-MEDIUM,0,MACHINERY,0,Clerk#000000858,1994-12-10,949.68,80,1
F,1-URGENT,4,FURNITURE,4,Clerk#000000702,1994-05-03,-774.22,387,1
O,2-HIGH,1,HOUSEHOLD,3,Clerk#000000166,1997-12-14,3332.02,86,1
F,1-URGENT,2,MACHINERY,12,Clerk#000000619,1995-02-05,6963.68,629,1
O,2-HIGH,1,BUILDING,3,Clerk#000000723,1995-07-13,7905.17,813,1
F,2-HIGH,2,FURNITURE,12,Clerk#000000677,1994-12-12,8982.79,0,1
F,4-NOT SPECIFIED,0,AUTOMOBILE,0,Clerk#000000222,1994-01-03,738.79,775,1
O,5-LOW,3,AUTOMOBILE,23,Clerk#000000707,1997-05-25,378.33,675,1
O,1-URGENT,2,AUTOMOBILE,18,Clerk#000000831,1997-03-31,2501.74,485,1
F,1-URGENT,2,BUILDING,8,Clerk#000000078,1994-05-20,2005.02,607,1
F,1-URGENT,4,FURNITURE,10,Clerk#000000097,1995-02-22,2042.21,538,1
F,3-MEDIUM,4,HOUSEHOLD,13,Clerk#000000543,1994-10-05,3686.07,850,1
O,4-NOT SPECIFIED,2,AUTOMOBILE,9,Clerk#000000896,1996-01-13,-932.09,114,1
O,1-URGENT,3,BUILDING,23,Clerk#000000756,1998-04-26,-370.44,926,1
O,3-MEDIUM,3,HOUSEHOLD,19,Clerk#000000423,1996-03-09,1866.42,381,1
O,2-HIGH,0,MACHINERY,0,Clerk#000000466,1998-05-05,1696.95,968,1
O,4-NOT SPECIFIED,0,AUTOMOBILE,0,Clerk#000000551,1997-10-02,3393.86,969,1
F,5-LOW,1,HOUSEHOLD,2,Clerk#000000085,1992-12-31,8993.23,897,1
F,2-HIGH,3,HOUSEHOLD,23,Clerk#000000604,1992-04-23,5236.89,786,1
P,4-NOT SPECIFIED,0,AUTOMOBILE,15,Clerk#000000619,1995-05-06,2514.15,809,1
F,3-MEDIUM,1,FURNITURE,1,Clerk#000000837,1995-01-11,7543.01,626,1
O,1-URGENT,3,AUTOMOBILE,6,Clerk#000000189,1997-03-15,5744.59,328,1
O,2-HIGH,4,MACHINERY,13,Clerk#000000712,1995-06-02,-897.04,531,1
F,2-HIGH,0,AUTOMOBILE,5,Clerk#000000735,1992-08-23,3872.86,25,1
F,5-LOW,3,HOUSEHOLD,19,Clerk#000000487,1992-03-31,5187.02,650,1
O,5-LOW,3,MACHINERY,6,Clerk#000000118,1997-06-16,1286.76,453,1
F,4-NOT SPECIFIED,0,AUTOMOBILE,15,Clerk#000000175,1993-02-19,2514.15,809,1
O,3-MEDIUM,3,AUTOMOBILE,19,Clerk#000000462,1996-07-12,253.59,308,1
O,1-URGENT,4,AUTOMOBILE,10,Clerk#000000374,1996-08-11,1915.53,649,1
F,3-MEDIUM,4,MACHINERY,13,Clerk#000000191,1992-05-05,6170.06,90,1
F,4-NOT SPECIFIED,3,MACHINERY,6,Clerk#000000781,1992-12-14,1490.35,247,1
O,2-HIGH,0,FURNITURE,16,Clerk#000000001,1996-02-29,5030.24,391,1
O,3-MEDIUM,2,AUTOMOBILE,8,Clerk#000000880,1997-11-04,4643.14,249,1
O,3-MEDIUM,0,BUILDING,14,Clerk#000000639,1998-06-22,3170.47,165,1
O,2-HIGH,1,BUILDING,3,Clerk#000000655,1995-08-17,2326.75,344,1
F,1-URGENT,0,AUTOMOBILE,16,Clerk#000000248,1993-09-12,1490.21,74,1
F,2-HIGH,2,FURNITURE,21,Clerk#000000886,1994-11-25,7157.21,226,1
F,1-URGENT,0,AUTOMOBILE,5,Clerk#000000338,1994-03-08,3035.29,807,1
O,1-URGENT,1,BUILDING,1,Clerk#000000760,1998-04-14,178.73,514,1
O,2-HIGH,0,AUTOMOBILE,16,Clerk#000000042,1995-08-20,8031.44,547,1
O,5-LOW,4,HOUSEHOLD,4,Clerk#000000483,1998-05-16,5380.5,454,1
O,2-HIGH,4,MACHINERY,4,Clerk#000000081,1997-03-09,3001.94,919,1
F,3-MEDIUM,2,AUTOMOBILE,8,Clerk#000000438,1994-09-28,3905.97,530,1
F,2-HIGH,1,FURNITURE,17,Clerk#000000890,1992-08-10,7270.82,470,1
F,2-HIGH,3,FURNITURE,23,Clerk#000000780,1995-01-24,9153.84,767,1
O,2-HIGH,2,AUTOMOBILE,18,Clerk#000000814,1997-01-23,3582.37,149,1
O,1-URGENT,0,FURNITURE,15,Clerk#000000120,1998-03-07,9609.77,790,1
O,1-URGENT,3,AUTOMOBILE,23,Clerk#000000050,1997-09-28,668.51,474,1
O,2-HIGH,0,MACHINERY,16,Clerk#000000503,1996-07-08,1755.33,848,1
F,5-LOW,0,FURNITURE,14,Clerk#000000468,1993-07-17,6487.71,869,1
O,1-URGENT,3,BUILDING,23,Clerk#000000472,1997-08-23,-370.44,926,1
O,2-HIGH,3,MACHINERY,19,Clerk#000000255,1997-11-03,9904.28,541,1
O,3-MEDIUM,1,MACHINERY,2,Clerk#000000230,1997-05-21,-795.23,854,1
O,4-NOT SPECIFIED,0,MACHINERY,14,Clerk#000000925,1997-10-10,6271.38,349,1
O,3-MEDIUM,4,BUILDING,13,Clerk#000000211,1995-11-30,8938.14,36,1
O,5-LOW,4,AUTOMOBILE,4,Clerk#000000836,1998-01-29,8798.96,644,1
O,3-MEDIUM,2,AUTOMOBILE,8,Clerk#000000466,1995-07-28,4643.14,249,1
F,4-NOT SPECIFIED,2,FURNITURE,18,Clerk#000000061,1994-11-17,9630.24,973,1
F,1-URGENT,4,AUTOMOBILE,11,Clerk#000000289,1994-01-22,3883.18,535,1
O,1-URGENT,0,HOUSEHOLD,5,Clerk#000000497,1997-04-26,2753.54,315,1
O,5-LOW,0,BUILDING,15,Clerk#000000539,1997-10-22,9768.73,811,1
O,2-HIGH,0,MACHINERY,0,Clerk#000000796,1998-07-04,7297.64,411,1
O,1-URGENT,4,FURNITURE,13,Clerk#000000791,1995-06-05,291.44,946,1
F,1-URGENT,1,FURNITURE,1,Clerk#000000449,1992-03-21,3106,413,1
F,2-HIGH,4,FURNITURE,4,Clerk#000000046,1994-04-21,2141.71,648,1
O,2-HIGH,0,BUILDING,14,Clerk#000000837,1995-11-24,-52.35,639,1
F,2-HIGH,1,BUILDING,1,Clerk#000000159,1995-03-07,7568.07,591,1
F,5-LOW,1,AUTOMOBILE,3,Clerk#000000710,1993-03-18,8137.24,124,1
F,3-MEDIUM,4,MACHINERY,4,Clerk#000000690,1993-04-01,9541.19,904,1
O,4-NOT SPECIFIED,1,FURNITURE,17,Clerk#000000369,1997-09-15,7270.82,470,1
F,3-MEDIUM,3,BUILDING,6,Clerk#000000140,1994-01-17,6860.34,509,1
F,3-MEDIUM,3,FURNITURE,22,Clerk#000000367,1993-08-12,7576.55,691,1
F,4-NOT SPECIFIED,1,BUILDING,17,Clerk#000000523,1992-01-15,8492.33,75,1
O,3-MEDIUM,2,BUILDING,18,Clerk#000000243,1997-02-27,1685.9,134,1
F,4-NOT SPECIFIED,0,AUTOMOBILE,16,Clerk#000000090,1994-06-22,3273.08,339,1
F,1-URGENT,4,AUTOMOBILE,4,Clerk#000000425,1994-06-30,4422.45,740,1
O,1-URGENT,1,AUTOMOBILE,2,Clerk#000000631,1996-10-11,9749.37,401,1
O,2-HIGH,4,FURNITURE,4,Clerk#000000638,1997-01-11,774.23,288,1
O,1-URGENT,1,FURNITURE,3,Clerk#000000337,1997-12-25,479.96,543,1
O,5-LOW,4,HOUSEHOLD,11,Clerk#000000141,1997-12-10,5920.09,587,1
F,2-HIGH,4,HOUSEHOLD,13,Clerk#000000607,1993-12-17,6478.46,499,1
P,5-LOW,3,AUTOMOBILE,23,Clerk#000000097,1995-03-08,-808.13,652,1
F,5-LOW,0,HOUSEHOLD,15,Clerk#000000149,1995-01-27,7734.64,755,1
F,4-NOT SPECIFIED,4,AUTOMOBILE,11,Clerk#000000412,1992-03-09,8136.53,309,1
O,5-LOW,0,HOUSEHOLD,16,Clerk#000000357,1995-11-05,-594.23,550,1
O,3-MEDIUM,2,BUILDING,8,Clerk#000000591,1997-02-04,1766.23,188,1
O,5-LOW,4,AUTOMOBILE,10,Clerk#000000780,1998-02-21,498.77,3,1
F,1-URGENT,2,BUILDING,9,Clerk#000000668,1993-10-30,8593.83,373,1
F,3-MEDIUM,2,AUTOMOBILE,21,Clerk#000000698,1994-05-05,3420.64,654,1
F,1-URGENT,2,MACHINERY,9,Clerk#000000049,1992-11-26,8177.33,257,1
F,1-URGENT,4,BUILDING,13,Clerk#000000736,1993-02-04,4990.92,49,1
F,4-NOT SPECIFIED,3,BUILDING,19,Clerk#000000167,1992-03-24,5561.93,573,1
F,5-LOW,2,MACHINERY,12,Clerk#000000024,1993-04-12,2263.25,601,1
F,2-HIGH,1,AUTOMOBILE,3,Clerk#000000985,1992-12-22,-301.75,379,1
F,3-MEDIUM,1,HOUSEHOLD,2,Clerk#000000631,1992-06-13,6557.51,70,1
F,3-MEDIUM,1,BUILDING,17,Clerk#000000066,1993-08-08,6428.32,104,1
F,2-HIGH,2,BUILDING,12,Clerk#000000831,1993-10-23,594.5,402,1
F,1-URGENT,4,HOUSEHOLD,10,Clerk#000000193,1994-03-20,3798.28,736,1
O,2-HIGH,1,BUILDING,3,Clerk#000000772,1996-03-24,2326.75,344,1
F,5-LOW,2,AUTOMOBILE,9,Clerk#000000402,1994-08-07,2209.81,38,1
O,4-NOT SPECIFIED,0,MACHINERY,16,Clerk#000000396,1996-07-26,9566.15,294,1
F,5-LOW,3,HOUSEHOLD,22,Clerk#000000151,1994-12-03,2924.78,689,1
O,3-MEDIUM,1,HOUSEHOLD,17,Clerk#000000015,1998-06-03,2675.73,184,1
O,1-URGENT,2,BUILDING,9,Clerk#000000040,1997-02-26,8593.83,373,1
O,1-URGENT,2,HOUSEHOLD,9,Clerk#000000313,1996-11-26,5500.11,115,1
O,2-HIGH,3,MACHINERY,19,Clerk#000000204,1998-05-04,6239.89,162,1
O,5-LOW,3,HOUSEHOLD,22,Clerk#000000537,1996-11-09,554.71,768,1
O,5-LOW,0,BUILDING,16,Clerk#000000483,1997-11-12,-716.1,197,1
O,3-MEDIUM,3,BUILDING,19,Clerk#000000210,1996-01-14,7772.85,699,1
O,5-LOW,4,AUTOMOBILE,11,Clerk#000000430,1996-05-18,3883.18,535,1
O,3-MEDIUM,0,BUILDING,0,Clerk#000000921,1996-11-10,702.73,477,1
O,3-MEDIUM,3,BUILDING,22,Clerk#000000745,1998-05-05,6044.02,503,1
O,2-HIGH,1,MACHINERY,2,Clerk#000000279,1998-06-02,-795.23,854,1
O,5-LOW,2,HOUSEHOLD,9,Clerk#000000218,1996-02-19,5073.58,447,1
F,2-HIGH,1,BUILDING,1,Clerk#000000868,1994-01-05,7348.92,205,1
F,2-HIGH,4,FURNITURE,13,Clerk#000000314,1994-11-02,7073.17,437,1
F,2-HIGH,1,HOUSEHOLD,3,Clerk#000000149,1993-09-22,3332.02,86,1
O,5-LOW,0,AUTOMOBILE,15,Clerk#000000526,1996-12-22,5212.43,658,1
F,4-NOT SPECIFIED,4,FURNITURE,11,Clerk#000000659,1995-01-24,3969.86,952,1
F,4-NOT SPECIFIED,3,AUTOMOBILE,7,Clerk#000000493,1994-09-24,9701.54,831,1
O,3-MEDIUM,0,FURNITURE,14,Clerk#000000431,1995-10-02,8998.82,687,1
F,4-NOT SPECIFIED,2,AUTOMOBILE,9,Clerk#000000070,1995-01-25,-932.09,114,1
O,2-HIGH,3,BUILDING,22,Clerk#000000394,1995-06-16,7408.73,201,1
F,1-URGENT,4,HOUSEHOLD,20,Clerk#000000522,1995-02-14,6013.09,845,1
F,5-LOW,3,AUTOMOBILE,19,Clerk#000000673,1993-10-04,276.71,891,1
O,5-LOW,4,FURNITURE,10,Clerk#000000566,1996-01-22,3959.71,350,1
F,1-URGENT,3,BUILDING,23,Clerk#000000223,1993-11-09,9465.15,761,1
O,2-HIGH,1,MACHINERY,2,Clerk#000000766,1997-09-20,-746.03,597,1
F,4-NOT SPECIFIED,4,AUTOMOBILE,11,Clerk#000000534,1994-02-19,3883.18,535,1
O,5-LOW,2,MACHINERY,12,Clerk#000000990,1995-09-16,7292.93,906,1
O,3-MEDIUM,2,FURNITURE,8,Clerk#000000539,1998-04-08,1007.18,568,1
O,5-LOW,0,MACHINERY,15,Clerk#000000862,1998-02-01,5121.28,513,1
P,4-NOT SPECIFIED,0,MACHINERY,16,Clerk#000000771,1995-03-09,1755.33,848,1
F,1-URGENT,1,HOUSEHOLD,1,Clerk#000000524,1992-12-09,-875.17,563,1
F,2-HIGH,0,MACHINERY,15,Clerk#000000095,1994-08-25,5121.28,513,1
F,2-HIGH,1,BUILDING,24,Clerk#000000858,1995-03-23,8616.12,590,1
F,4-NOT SPECIFIED,4,FURNITURE,10,Clerk#000000760,1994-01-07,3959.71,350,1
O,3-MEDIUM,2,MACHINERY,12,Clerk#000000226,1996-08-06,3342.75,192,1
F,4-NOT SPECIFIED,3,MACHINERY,6,Clerk#000000843,1992-07-29,1490.35,247,1
O,3-MEDIUM,3,BUILDING,7,Clerk#000000572,1995-08-31,957.58,631,1
O,1-URGENT,1,FURNITURE,3,Clerk#000000492,1996-11-25,-949.28,716,1
F,1-URGENT,0,BUILDING,14,Clerk#000000044,1994-07-10,-98.46,141,1
F,1-URGENT,4,AUTOMOBILE,4,Clerk#000000011,1993-08-24,-614.28,560,1
O,3-MEDIUM,3,MACHINERY,19,Clerk#000000634,1998-06-08,70.93,21,1
O,1-URGENT,1,MACHINERY,3,Clerk#000000157,1997-03-04,591.98,625,1
F,5-LOW,4,BUILDING,4,Clerk#000000717,1993-05-05,-405.91,556,1
O,3-MEDIUM,1,MACHINERY,3,Clerk#000000700,1996-05-02,2940.46,473,1
O,5-LOW,1,BUILDING,3,Clerk#000000987,1996-06-22,7905.17,813,1
F,2-HIGH,0,MACHINERY,14,Clerk#000000906,1994-06-13,5335.36,821,1
F,4-NOT SPECIFIED,3,MACHINERY,23,Clerk#000000520,1992-09-13,4079.18,512,1
O,5-LOW,2,AUTOMOBILE,18,Clerk#000000686,1996-06-09,9593.35,161,1
O,5-LOW,2,AUTOMOBILE,9,Clerk#000000470,1998-02-01,233.51,129,1
F,1-URGENT,0,HOUSEHOLD,15,Clerk#000000557,1992-12-13,1965.38,754,1
F,1-URGENT,2,MACHINERY,21,Clerk#000000936,1992-04-09,6314.25,978,1
F,4-NOT SPECIFIED,0,AUTOMOBILE,0,Clerk#000000427,1994-09-13,7352.14,375,1
F,5-LOW,1,FURNITURE,2,Clerk#000000418,1995-02-11,238.14,743,1
O,4-NOT SPECIFIED,1,BUILDING,1,Clerk#000000652,1997-01-15,4455.76,814,1
O,4-NOT SPECIFIED,0,AUTOMOBILE,16,Clerk#000000161,1997-05-10,8137.66,467,1
F,2-HIGH,0,BUILDING,0,Clerk#000000897,1993-11-09,2409.69,374,1
O,5-LOW,1,AUTOMOBILE,3,Clerk#000000409,1996-02-19,-301.75,379,1
F,5-LOW,4,AUTOMOBILE,4,Clerk#000000296,1995-02-18,8121.84,525,1
F,5-LOW,4,FURNITURE,4,Clerk#000000372,1994-08-31,3266.14,466,1
F,3-MEDIUM,2,BUILDING,8,Clerk#000000857,1994-04-07,81.06,615,1
P,1-URGENT,0,AUTOMOBILE,16,Clerk#000000201,1995-05-26,8031.44,547,1
F,2-HIGH,2,HOUSEHOLD,21,Clerk#000000165,1993-01-23,6837.46,818,1
P,3-MEDIUM,1,MACHINERY,1,Clerk#000000552,1995-03-30,9114.68,240,1
F,4-NOT SPECIFIED,4,AUTOMOBILE,10,Clerk#000000876,1992-07-21,-215.75,527,1
O,2-HIGH,0,AUTOMOBILE,5,Clerk#000000937,1995-11-20,3872.86,25,1
F,4-NOT SPECIFIED,2,HOUSEHOLD,9,Clerk#000000839,1992-03-18,-202.22,532,1
F,1-URGENT,1,FURNITURE,17,Clerk#000000792,1992-02-28,367.03,440,1
O,2-HIGH,3,AUTOMOBILE,19,Clerk#000000175,1996-07-05,6496.08,357,1
O,5-LOW,4,AUTOMOBILE,10,Clerk#000000741,1997-02-26,212.16,286,1
O,5-LOW,3,MACHINERY,6,Clerk#000000216,1996-04-07,1008.26,861,1
O,1-URGENT,2,BUILDING,8,Clerk#000000631,1996-08-27,1766.23,188,1
O,4-NOT SPECIFIED,1,HOUSEHOLD,3,Clerk#000000698,1997-08-24,5521.36,331,1
F,5-LOW,1,BUILDING,1,Clerk#000000252,1994-05-12,-132.97,916,1
O,3-MEDIUM,4,HOUSEHOLD,20,Clerk#000000183,1998-07-21,3597.53,465,1
F,1-URGENT,1,FURNITURE,17,Clerk#000000429,1993-10-15,6194.65,554,1
F,2-HIGH,3,FURNITURE,22,Clerk#000000296,1995-01-20,7576.55,691,1
F,2-HIGH,3,MACHINERY,22,Clerk#000000145,1993-12-21,0.97,423,1
F,4-NOT SPECIFIED,0,BUILDING,15,Clerk#000000450,1993-04-27,5685.59,949,1
F,4-NOT SPECIFIED,4,FURNITURE,13,Clerk#000000835,1994-09-06,5744.89,303,1
O,2-HIGH,0,MACHINERY,5,Clerk#000000172,1997-11-27,1230.79,517,1
F,2-HIGH,4,AUTOMOBILE,10,Clerk#000000386,1994-04-06,498.77,3,1
F,5-LOW,1,AUTOMOBILE,3,Clerk#000000567,1992-11-21,9334.82,326,1
O,4-NOT SPECIFIED,2,HOUSEHOLD,8,Clerk#000000082,1997-10-28,6020.02,666,1
F,3-MEDIUM,3,FURNITURE,19,Clerk#000000060,1994-09-21,2990.18,327,1
O,3-MEDIUM,4,BUILDING,10,Clerk#000000850,1996-06-06,2311,778,1
F,2-HIGH,2,FURNITURE,21,Clerk#000000039,1992-11-06,2114.53,508,1
O,5-LOW,0,FURNITURE,16,Clerk#000000269,1996-02-19,-330.69,504,1
O,3-MEDIUM,3,MACHINERY,23,Clerk#000000223,1997-04-09,5200.96,526,1
F,2-HIGH,0,AUTOMOBILE,16,Clerk#000000786,1993-01-19,8031.44,547,1
O,1-URGENT,0,MACHINERY,16,Clerk#000000087,1996-01-30,6582.04,204,1
F,1-URGENT,4,BUILDING,11,Clerk#000000744,1993-12-21,3374.92,366,1
F,3-MEDIUM,4,BUILDING,4,Clerk#000000905,1994-10-05,3329.21,24,1
O,3-MEDIUM,1,BUILDING,3,Clerk#000000054,1995-07-29,9459.5,158,1
O,5-LOW,1,BUILDING,1,Clerk#000000005,1995-05-01,3893.14,140,1
F,4-NOT SPECIFIED,3,MACHINERY,19,Clerk#000000085,1993-09-07,9904.28,541,1
F,3-MEDIUM,3,FURNITURE,6,Clerk#000000508,1992-10-19,1834.36,405,1
O,2-HIGH,0,BUILDING,0,Clerk#000000439,1997-02-20,662.67,570,1
F,4-NOT SPECIFIED,2,FURNITURE,21,Clerk#000000653,1994-11-04,2411.69,359,1
F,2-HIGH,0,BUILDING,14,Clerk#000000464,1992-12-04,5812.93,236,1
P,4-NOT SPECIFIED,1,BUILDING,2,Clerk#000000764,1995-04-09,90.22,94,1
O,2-HIGH,3,HOUSEHOLD,23,Clerk#000000500,1998-04-15,1796.09,489,1
O,1-URGENT,2,BUILDING,12,Clerk#000000671,1995-10-02,9189.75,122,1
F,3-MEDIUM,0,HOUSEHOLD,5,Clerk#000000681,1992-09-20,2753.54,315,1
F,4-NOT SPECIFIED,1,AUTOMOBILE,24,Clerk#000000578,1993-05-16,3710.14,139,1
O,2-HIGH,0,HOUSEHOLD,5,Clerk#000000947,1995-11-09,5950.86,867,1
O,1-URGENT,2,AUTOMOBILE,21,Clerk#000000358,1996-12-23,2226.8,883,1
O,1-URGENT,0,MACHINERY,14,Clerk#000000989,1996-11-29,7667.35,604,1
F,1-URGENT,1,AUTOMOBILE,3,Clerk#000000888,1993-11-05,8137.24,124,1
O,1-URGENT,3,BUILDING,7,Clerk#000000828,1996-05-09,4349.27,415,1
O,1-URGENT,0,FURNITURE,15,Clerk#000000215,1995-06-04,8781.53,39,1
F,4-NOT SPECIFIED,0,MACHINERY,0,Clerk#000000916,1993-03-19,4367.53,392,1
F,5-LOW,3,MACHINERY,6,Clerk#000000682,1993-05-31,1008.26,861,1
P,2-HIGH,2,MACHINERY,18,Clerk#000000624,1995-02-27,6403.62,1,1
F,4-NOT SPECIFIED,4,HOUSEHOLD,10,Clerk#000000161,1993-08-10,5751.31,284,1
F,3-MEDIUM,0,BUILDING,14,Clerk#000000644,1994-10-09,-98.46,141,1
F,3-MEDIUM,4,BUILDING,20,Clerk#000000110,1992-02-02,3231.33,363,1
F,3-MEDIUM,0,AUTOMOBILE,15,Clerk#000000978,1994-04-02,5212.43,658,1
O,1-URGENT,1,BUILDING,24,Clerk#000000530,1996-05-12,8616.12,590,1
O,5-LOW,2,BUILDING,21,Clerk#000000484,1998-05-08,2106.81,334,1
F,2-HIGH,2,BUILDING,12,Clerk#000000200,1993-02-26,7447.99,109,1
O,4-NOT SPECIFIED,1,FURNITURE,17,Clerk#000000034,1998-03-07,1536.24,911,1
F,1-URGENT,1,MACHINERY,3,Clerk#000000008,1992-04-22,2940.46,473,1
O,2-HIGH,3,HOUSEHOLD,19,Clerk#000000497,1998-04-05,956.88,216,1
F,3-MEDIUM,1,FURNITURE,1,Clerk#000000703,1993-11-04,1162.03,449,1
F,2-HIGH,0,AUTOMOBILE,5,Clerk#000000733,1992-05-31,1605.76,773,1
O,3-MEDIUM,2,HOUSEHOLD,8,Clerk#000000438,1997-06-27,5390.34,301,1
F,2-HIGH,1,HOUSEHOLD,3,Clerk#000000865,1993-05-25,6603.43,220,1
F,3-MEDIUM,2,FURNITURE,18,Clerk#000000876,1995-01-23,807.37,343,1
F,2-HIGH,2,AUTOMOBILE,12,Clerk#000000293,1993-09-11,1499.56,586,1
F,5-LOW,3,FURNITURE,22,Clerk#000000113,1993-07-20,7207.7,262,1
O,2-HIGH,2,HOUSEHOLD,8,Clerk#000000650,1996-10-28,1534.38,82,1
O,2-HIGH,0,AUTOMOBILE,16,Clerk#000000974,1997-08-28,274.5,127,1
O,5-LOW,4,HOUSEHOLD,11,Clerk#000000567,1997-06-12,5630.28,878,1
F,5-LOW,4,FURNITURE,4,Clerk#000000125,1994-06-22,5439.44,121,1
O,4-NOT SPECIFIED,1,HOUSEHOLD,24,Clerk#000000217,1996-06-05,2258.4,672,1
F,4-NOT SPECIFIED,3,FURNITURE,19,Clerk#000000202,1992-02-07,1647.05,241,1
O,5-LOW,4,AUTOMOBILE,4,Clerk#000000049,1997-12-25,4422.45,740,1
F,4-NOT SPECIFIED,0,MACHINERY,15,Clerk#000000341,1994-10-25,1725.68,844,1
F,1-URGENT,4,HOUSEHOLD,20,Clerk#000000589,1992-07-15,2110.59,436,1
O,3-MEDIUM,4,BUILDING,13,Clerk#000000879,1995-12-31,8250.87,673,1
F,3-MEDIUM,2,FURNITURE,9,Clerk#000000428,1993-08-19,3244.78,360,1
O,3-MEDIUM,4,AUTOMOBILE,13,Clerk#000000346,1996-01-31,6123.69,653,1
F,1-URGENT,1,AUTOMOBILE,3,Clerk#000000780,1993-09-21,5274.52,688,1
F,1-URGENT,0,AUTOMOBILE,0,Clerk#000000281,1994-05-10,738.79,775,1
O,4-NOT SPECIFIED,4,BUILDING,10,Clerk#000000632,1996-01-16,3199.03,207,1
F,3-MEDIUM,1,FURNITURE,17,Clerk#000000886,1994-12-06,1536.24,911,1
F,4-NOT SPECIFIED,1,AUTOMOBILE,1,Clerk#000000655,1995-02-15,8990.07,210,1
F,2-HIGH,4,FURNITURE,13,Clerk#000000321,1994-10-22,5974.11,408,1
F,2-HIGH,4,FURNITURE,13,Clerk#000000394,1993-05-26,5974.11,408,1
F,5-LOW,2,MACHINERY,12,Clerk#000000104,1994-11-22,8647.42,146,1
F,1-URGENT,0,HOUSEHOLD,0,Clerk#000000880,1993-02-01,9497.89,737,1
F,3-MEDIUM,4,HOUSEHOLD,11,Clerk#000000201,1994-02-12,5920.09,587,1
O,3-MEDIUM,0,FURNITURE,0,Clerk#000000033,1995-05-21,2130.98,369,1
F,5-LOW,0,HOUSEHOLD,16,Clerk#000000437,1993-10-16,3482.32,455,1
F,5-LOW,3,AUTOMOBILE,22,Clerk#000000779,1992-10-19,4962.12,87,1
P,5-LOW,4,AUTOMOBILE,10,Clerk#000000024,1995-03-16,7505.33,842,1
F,3-MEDIUM,0,BUILDING,15,Clerk#000000829,1994-08-16,3471.53,998,1
O,5-LOW,2,BUILDING,21,Clerk#000000700,1996-02-18,2106.81,334,1
F,4-NOT SPECIFIED,4,BUILDING,20,Clerk#000000090,1994-11-05,3231.33,363,1
F,4-NOT SPECIFIED,0,HOUSEHOLD,0,Clerk#000000436,1994-04-17,5297.68,318,1
F,4-NOT SPECIFIED,3,BUILDING,23,Clerk#000000967,1994-03-24,9465.15,761,1
F,2-HIGH,4,BUILDING,13,Clerk#000000931,1993-12-27,1317.56,16,1
O,5-LOW,2,HOUSEHOLD,8,Clerk#000000766,1997-01-15,2840.59,272,1
O,5-LOW,3,MACHINERY,6,Clerk#000000004,1998-02-14,1008.26,861,1
F,3-MEDIUM,1,HOUSEHOLD,2,Clerk#000000709,1994-10-30,6557.51,70,1
O,3-MEDIUM,2,FURNITURE,21,Clerk#000000794,1998-03-15,2272.5,346,1
F,1-URGENT,3,AUTOMOBILE,19,Clerk#000000139,1992-07-08,6496.08,357,1
O,2-HIGH,1,BUILDING,17,Clerk#000000943,1998-02-07,6819.74,27,1
F,1-URGENT,2,BUILDING,21,Clerk#000000272,1992-11-07,2714.5,385,1
F,2-HIGH,4,BUILDING,4,Clerk#000000616,1994-07-01,-258.77,734,1
O,1-URGENT,0,BUILDING,0,Clerk#000000607,1997-03-25,4288.5,739,1
F,1-URGENT,0,AUTOMOBILE,5,Clerk#000000567,1994-07-03,3035.29,807,1
F,4-NOT SPECIFIED,3,BUILDING,19,Clerk#000000576,1994-05-31,8541.87,721,1
F,2-HIGH,4,AUTOMOBILE,10,Clerk#000000865,1992-08-13,1447.84,273,1
O,5-LOW,1,AUTOMOBILE,2,Clerk#000000024,1997-12-30,1330.85,137,1
O,5-LOW,2,BUILDING,18,Clerk#000000614,1997-12-19,108.14,305,1
F,4-NOT SPECIFIED,0,HOUSEHOLD,15,Clerk#000000449,1992-05-13,4582.28,333,1
F,2-HIGH,1,BUILDING,1,Clerk#000000909,1995-03-27,-210.4,723,1
O,3-MEDIUM,3,FURNITURE,19,Clerk#000000206,1995-07-03,-234.12,717,1
O,1-URGENT,0,AUTOMOBILE,0,Clerk#000000197,1995-12-16,5391.74,536,1
F,2-HIGH,0,FURNITURE,0,Clerk#000000273,1993-05-28,8635.49,986,1
F,5-LOW,0,FURNITURE,5,Clerk#000000887,1994-06-08,7541.05,269,1
F,1-URGENT,4,FURNITURE,11,Clerk#000000830,1992-01-20,3061.78,803,1
F,1-URGENT,2,FURNITURE,18,Clerk#000000146,1992-12-24,7115.14,690,1
O,1-URGENT,0,AUTOMOBILE,5,Clerk#000000241,1997-06-05,3872.86,25,1
F,3-MEDIUM,4,HOUSEHOLD,20,Clerk#000000600,1992-09-04,8353,546,1
O,4-NOT SPECIFIED,2,FURNITURE,12,Clerk#000000468,1997-02-20,9184.72,750,1
O,4-NOT SPECIFIED,4,AUTOMOBILE,11,Clerk#000000825,1996-06-24,8136.53,309,1
O,5-LOW,2,FURNITURE,18,Clerk#000000583,1998-03-21,7760.33,274,1
O,1-URGENT,3,AUTOMOBILE,23,Clerk#000000128,1995-09-28,7775.65,620,1
P,3-MEDIUM,0,AUTOMOBILE,0,Clerk#000000435,1995-03-12,7352.14,375,1
F,1-URGENT,0,HOUSEHOLD,0,Clerk#000000017,1992-06-29,3063.11,718,1
O,2-HIGH,0,MACHINERY,14,Clerk#000000929,1998-06-05,6271.38,349,1
F,1-URGENT,3,BUILDING,22,Clerk#000000573,1992-02-01,6058.08,92,1
F,4-NOT SPECIFIED,2,HOUSEHOLD,8,Clerk#000000832,1993-06-20,-654.5,348,1
F,5-LOW,1,AUTOMOBILE,17,Clerk#000000736,1993-08-24,2314.67,640,1
F,5-LOW,0,FURNITURE,0,Clerk#000000217,1992-01-04,2130.98,369,1
F,2-HIGH,3,AUTOMOBILE,22,Clerk#000000413,1994-08-09,6718.78,834,1
O,5-LOW,4,AUTOMOBILE,10,Clerk#000000076,1996-04-13,-215.75,527,1
O,3-MEDIUM,0,BUILDING,14,Clerk#000000993,1997-05-17,-52.35,639,1
O,4-NOT SPECIFIED,2,FURNITURE,8,Clerk#000000975,1995-10-13,9787.56,695,1
O,5-LOW,0,AUTOMOBILE,5,Clerk#000000214,1995-09-07,170.27,51,1
F,2-HIGH,3,BUILDING,23,Clerk#000000084,1994-05-30,8876.1,683,1
F,4-NOT SPECIFIED,1,AUTOMOBILE,2,Clerk#000000277,1995-03-27,1330.85,137,1
F,3-MEDIUM,2,AUTOMOBILE,12,Clerk#000000396,1992-11-22,-592.69,117,1
O,5-LOW,1,BUILDING,24,Clerk#000000613,1996-12-11,8616.12,590,1
O,1-URGENT,1,FURNITURE,3,Clerk#000000207,1996-01-26,3726.22,610,1
F,5-LOW,1,MACHINERY,3,Clerk#000000786,1992-02-29,6821.01,438,1
O,3-MEDIUM,2,FURNITURE,21,Clerk#000000118,1996-04-29,2272.5,346,1
F,3-MEDIUM,1,AUTOMOBILE,3,Clerk#000000825,1992-08-15,-496.49,562,1
P,4-NOT SPECIFIED,3,HOUSEHOLD,23,Clerk#000000661,1995-06-01,5236.89,786,1
O,2-HIGH,4,BUILDING,20,Clerk#000000962,1998-03-16,7476.2,68,1
F,1-URGENT,2,AUTOMOBILE,21,Clerk#000000254,1993-12-09,170.46,674,1
O,1-URGENT,0,HOUSEHOLD,15,Clerk#000000361,1996-09-24,4113.64,655,1
O,1-URGENT,0,AUTOMOBILE,0,Clerk#000000118,1998-05-22,2222.71,410,1
O,1-URGENT,2,BUILDING,18,Clerk#000000818,1996-02-11,1685.9,134,1
O,2-HIGH,3,HOUSEHOLD,19,Clerk#000000998,1995-07-17,5187.02,650,1
F,2-HIGH,1,MACHINERY,24,Clerk#000000277,1992-03-03,7014.12,317,1
F,2-HIGH,2,BUILDING,18,Clerk#000000450,1992-08-31,-867.94,903,1
O,4-NOT SPECIFIED,4,BUILDING,4,Clerk#000000105,1995-09-08,90.45,792,1
F,3-MEDIUM,2,BUILDING,9,Clerk#000000156,1992-02-06,3016.38,680,1
O,3-MEDIUM,2,AUTOMOBILE,18,Clerk#000000954,1996-11-09,9561.95,886,1
O,1-URGENT,2,BUILDING,12,Clerk#000000845,1995-07-01,2912,195,1
F,5-LOW,0,HOUSEHOLD,15,Clerk#000000028,1993-05-18,5432.77,961,1
O,3-MEDIUM,0,HOUSEHOLD,15,Clerk#000000849,1997-10-03,7734.64,755,1
F,4-NOT SPECIFIED,2,HOUSEHOLD,8,Clerk#000000282,1992-08-26,6020.02,666,1
O,2-HIGH,2,HOUSEHOLD,18,Clerk#000000890,1998-07-21,4723.37,852,1
O,3-MEDIUM,2,AUTOMOBILE,21,Clerk#000000252,1995-12-11,9177.63,61,1
O,1-URGENT,1,HOUSEHOLD,2,Clerk#000000593,1998-03-02,3025.84,325,1
O,1-URGENT,2,HOUSEHOLD,8,Clerk#000000879,1996-04-17,-654.5,348,1
F,3-MEDIUM,0,BUILDING,0,Clerk#000000751,1994-04-24,4288.5,739,1
F,3-MEDIUM,1,FURNITURE,17,Clerk#000000875,1994-10-21,1536.24,911,1
O,5-LOW,4,FURNITURE,10,Clerk#000000779,1998-03-04,-588.38,258,1
O,5-LOW,0,HOUSEHOLD,15,Clerk#000000426,1997-10-28,7734.64,755,1
O,4-NOT SPECIFIED,3,MACHINERY,7,Clerk#000000025,1995-11-14,3714.06,624,1
O,1-URGENT,0,HOUSEHOLD,15,Clerk#000000051,1996-07-13,4582.28,333,1
O,4-NOT SPECIFIED,0,BUILDING,14,Clerk#000000902,1998-06-12,6446.83,356,1
F,1-URGENT,2,HOUSEHOLD,9,Clerk#000000028,1994-10-26,5500.11,115,1
O,2-HIGH,2,BUILDING,21,Clerk#000000536,1995-12-19,6252.12,329,1
F,2-HIGH,1,FURNITURE,24,Clerk#000000901,1994-08-18,2336.99,44,1
F,1-URGENT,0,BUILDING,15,Clerk#000000310,1994-10-11,9010.02,879,1
O,1-URGENT,3,MACHINERY,19,Clerk#000000350,1998-04-12,-303.95,211,1
O,3-MEDIUM,1,MACHINERY,2,Clerk#000000484,1996-03-20,4768.8,170,1
O,4-NOT SPECIFIED,4,FURNITURE,10,Clerk#000000785,1996-10-21,1975.35,271,1
O,5-LOW,3,BUILDING,23,Clerk#000000720,1997-03-15,-370.44,926,1
F,1-URGENT,4,FURNITURE,10,Clerk#000000351,1993-11-10,6227.55,377,1
O,1-URGENT,0,BUILDING,0,Clerk#000000391,1995-12-17,4288.5,739,1
F,3-MEDIUM,3,MACHINERY,6,Clerk#000000111,1994-06-19,1490.35,247,1
F,1-URGENT,1,BUILDING,17,Clerk#000000655,1993-10-19,2718.02,79,1
O,4-NOT SPECIFIED,0,FURNITURE,0,Clerk#000000823,1997-05-22,5184.7,275,1
F,2-HIGH,2,MACHINERY,9,Clerk#000000543,1993-09-18,9774.97,637,1
F,3-MEDIUM,3,BUILDING,23,Clerk#000000831,1995-01-17,-565.35,107,1
O,5-LOW,2,MACHINERY,18,Clerk#000000477,1996-09-07,7055.13,287,1
O,2-HIGH,1,BUILDING,17,Clerk#000000413,1995-12-03,6428.32,104,1
F,5-LOW,2,MACHINERY,12,Clerk#000000854,1994-09-26,0.97,917,1
F,2-HIGH,4,HOUSEHOLD,11,Clerk#000000760,1992-02-29,5920.09,587,1
F,4-NOT SPECIFIED,4,HOUSEHOLD,4,Clerk#000000420,1992-10-11,208.45,183,1
O,5-LOW,4,BUILDING,11,Clerk#000000291,1996-08-16,3374.92,366,1
O,2-HIGH,0,FURNITURE,0,Clerk#000000311,1996-10-13,1295.54,458,1
F,3-MEDIUM,0,MACHINERY,16,Clerk#000000028,1993-11-24,9566.15,294,1
O,5-LOW,3,FURNITURE,22,Clerk#000000619,1995-11-01,-213.85,191,1
O,4-NOT SPECIFIED,1,AUTOMOBILE,3,Clerk#000000932,1996-05-23,6444.82,280,1
F,1-URGENT,3,BUILDING,19,Clerk#000000934,1993-05-14,2583.91,60,1
O,1-URGENT,2,FURNITURE,18,Clerk#000000763,1997-01-04,4483.83,393,1
F,4-NOT SPECIFIED,3,AUTOMOBILE,7,Clerk#000000814,1994-12-10,5348.11,251,1
O,4-NOT SPECIFIED,2,BUILDING,12,Clerk#000000444,1998-05-04,7161.52,549,1
F,4-NOT SPECIFIED,4,BUILDING,20,Clerk#000000291,1993-09-10,3231.33,363,1
O,4-NOT SPECIFIED,1,HOUSEHOLD,2,Clerk#000000140,1997-04-08,8395.57,425,1
F,3-MEDIUM,1,FURNITURE,24,Clerk#000000165,1992-07-13,5672.05,849,1
F,5-LOW,2,AUTOMOBILE,18,Clerk#000000571,1993-03-20,1842.49,930,1
F,2-HIGH,2,AUTOMOBILE,9,Clerk#000000445,1992-02-11,2326.68,751,1
O,1-URGENT,2,BUILDING,12,Clerk#000000679,1997-09-13,7161.52,549,1
F,5-LOW,0,MACHINERY,16,Clerk#000000238,1994-10-13,6582.04,204,1
F,4-NOT SPECIFIED,4,HOUSEHOLD,20,Clerk#000000351,1993-12-09,-395.89,858,1
O,1-URGENT,0,BUILDING,15,Clerk#000000365,1998-05-18,-951.53,302,1
F,4-NOT SPECIFIED,0,MACHINERY,0,Clerk#000000703,1995-03-13,9217.55,62,1
O,1-URGENT,4,BUILDING,11,Clerk#000000980,1995-07-17,3952.84,26,1
O,3-MEDIUM,4,BUILDING,4,Clerk#000000667,1998-05-26,260.71,646,1
F,2-HIGH,0,MACHINERY,14,Clerk#000000525,1994-03-28,3623.6,398,1
O,1-URGENT,2,AUTOMOBILE,8,Clerk#000000267,1996-05-07,-17.1,400,1
F,3-MEDIUM,2,HOUSEHOLD,8,Clerk#000000567,1992-10-07,7508.92,764,1
O,1-URGENT,2,FURNITURE,9,Clerk#000000722,1997-11-08,1144.23,877,1
O,4-NOT SPECIFIED,0,MACHINERY,0,Clerk#000000976,1998-02-03,7297.64,411,1
F,4-NOT SPECIFIED,4,HOUSEHOLD,13,Clerk#000000446,1992-01-26,3686.07,850,1
F,3-MEDIUM,1,AUTOMOBILE,17,Clerk#000000774,1992-02-08,9359.01,643,1
F,5-LOW,0,FURNITURE,14,Clerk#000000118,1994-07-22,7059.15,316,1
F,5-LOW,0,HOUSEHOLD,14,Clerk#000000855,1992-10-05,1799.67,720,1
F,1-URGENT,0,BUILDING,14,Clerk#000000509,1994-05-07,5812.93,236,1
O,2-HIGH,3,AUTOMOBILE,19,Clerk#000000142,1998-03-15,253.59,308,1
O,3-MEDIUM,2,AUTOMOBILE,8,Clerk#000000692,1995-06-13,3905.97,530,1
F,3-MEDIUM,3,HOUSEHOLD,23,Clerk#000000845,1994-06-27,4822.08,776,1
O,1-URGENT,0,MACHINERY,16,Clerk#000000114,1995-12-18,1520.34,390,1
F,3-MEDIUM,3,FURNITURE,19,Clerk#000000787,1992-04-18,2953.35,700,1
P,4-NOT SPECIFIED,3,AUTOMOBILE,19,Clerk#000000186,1995-04-11,2135.91,41,1
O,2-HIGH,0,FURNITURE,0,Clerk#000000288,1997-01-15,5184.7,275,1
F,2-HIGH,0,FURNITURE,14,Clerk#000000527,1993-09-01,7059.15,316,1
F,5-LOW,4,FURNITURE,4,Clerk#000000741,1992-06-02,2141.71,648,1
O,1-URGENT,1,MACHINERY,2,Clerk#000000888,1998-07-30,7470.96,884,1
O,2-HIGH,4,BUILDING,20,Clerk#000000092,1998-04-28,9680.51,938,1
F,5-LOW,0,FURNITURE,0,Clerk#000000376,1993-06-03,3229.18,561,1
O,3-MEDIUM,2,MACHINERY,21,Clerk#000000662,1996-01-27,5878.21,215,1
O,1-URGENT,4,MACHINERY,4,Clerk#000000107,1997-02-21,9541.19,904,1
F,1-URGENT,2,FURNITURE,18,Clerk#000000869,1992-07-04,9630.24,973,1
O,5-LOW,1,MACHINERY,3,Clerk#000000799,1996-05-05,1809.04,33,1
F,3-MEDIUM,1,BUILDING,24,Clerk#000000409,1994-08-03,8117.27,89,1
F,5-LOW,3,FURNITURE,22,Clerk#000000158,1994-07-22,-213.85,191,1
F,1-URGENT,0,FURNITURE,14,Clerk#000000985,1993-12-05,6487.71,869,1
O,1-URGENT,2,AUTOMOBILE,18,Clerk#000000972,1995-07-04,9593.35,161,1
O,2-HIGH,0,FURNITURE,14,Clerk#000000067,1998-06-29,6181.23,142,1
F,1-URGENT,4,BUILDING,11,Clerk#000000090,1995-01-08,-413.03,311,1
O,1-URGENT,3,FURNITURE,19,Clerk#000000465,1998-06-08,-234.12,717,1
O,5-LOW,3,BUILDING,7,Clerk#000000193,1996-02-10,2902.95,120,1
F,5-LOW,2,MACHINERY,12,Clerk#000000739,1994-07-17,8647.42,146,1
F,3-MEDIUM,0,MACHINERY,0,Clerk#000000703,1995-02-05,4367.53,392,1
F,4-NOT SPECIFIED,3,BUILDING,22,Clerk#000000824,1992-12-31,2098.62,738,1
F,3-MEDIUM,4,AUTOMOBILE,11,Clerk#000000641,1992-03-26,5134.35,668,1
F,3-MEDIUM,1,HOUSEHOLD,3,Clerk#000000150,1994-11-06,8654.56,817,1
F,5-LOW,0,BUILDING,15,Clerk#000000821,1992-06-12,8878.22,815,1
F,2-HIGH,2,FURNITURE,21,Clerk#000000461,1992-04-01,7157.21,226,1
F,5-LOW,0,BUILDING,0,Clerk#000000873,1992-04-18,4517.33,376,1
O,5-LOW,0,MACHINERY,15,Clerk#000000100,1998-02-03,-334.89,206,1
F,1-URGENT,3,HOUSEHOLD,19,Clerk#000000829,1994-08-05,4177.17,866,1
F,2-HIGH,0,BUILDING,0,Clerk#000000269,1992-04-17,2072.99,147,1
O,1-URGENT,4,HOUSEHOLD,20,Clerk#000000373,1995-06-29,3597.53,465,1
O,2-HIGH,1,FURNITURE,1,Clerk#000000712,1995-08-21,3106,413,1
O,4-NOT SPECIFIED,3,BUILDING,23,Clerk#000000447,1995-11-06,-565.35,107,1
F,5-LOW,4,HOUSEHOLD,13,Clerk#000000157,1993-10-14,9108.65,664,1
F,5-LOW,4,FURNITURE,13,Clerk#000000575,1993-06-07,346.59,576,1
P,3-MEDIUM,4,BUILDING,4,Clerk#000000275,1995-05-17,4804.57,126,1
F,4-NOT SPECIFIED,4,BUILDING,4,Clerk#000000080,1993-04-13,4804.57,126,1
O,1-URGENT,4,MACHINERY,10,Clerk#000000086,1996-08-06,4572.11,819,1
F,3-MEDIUM,1,BUILDING,17,Clerk#000000068,1994-02-13,6737.18,641,1
O,1-URGENT,4,AUTOMOBILE,10,Clerk#000000882,1997-02-05,7505.33,842,1
F,2-HIGH,0,BUILDING,15,Clerk#000000182,1993-07-30,9010.02,879,1
O,1-URGENT,3,HOUSEHOLD,7,Clerk#000000596,1997-12-05,1938.05,424,1
O,5-LOW,1,HOUSEHOLD,2,Clerk#000000751,1997-05-14,8395.57,425,1
F,5-LOW,1,FURNITURE,1,Clerk#000000757,1992-01-19,-982.32,2,1
F,2-HIGH,0,FURNITURE,0,Clerk#000000404,1992-10-16,7618.27,588,1
O,2-HIGH,0,MACHINERY,14,Clerk#000000344,1997-03-20,7667.35,604,1
F,1-URGENT,3,MACHINERY,19,Clerk#000000807,1994-10-03,70.93,21,1
F,4-NOT SPECIFIED,4,AUTOMOBILE,11,Clerk#000000883,1993-05-15,1657.46,71,1
O,5-LOW,0,MACHINERY,5,Clerk#000000227,1995-09-06,2020.15,896,1
F,4-NOT SPECIFIED,1,AUTOMOBILE,1,Clerk#000000112,1993-11-24,8990.07,210,1
O,3-MEDIUM,0,HOUSEHOLD,15,Clerk#000000184,1996-09-01,5432.77,961,1
O,1-URGENT,0,BUILDING,16,Clerk#000000135,1997-01-28,9967.6,782,1
O,2-HIGH,0,AUTOMOBILE,5,Clerk#000000760,1997-02-11,3035.29,807,1
O,4-NOT SPECIFIED,1,BUILDING,3,Clerk#000000497,1997-11-27,3857.34,212,1
O,1-URGENT,2,BUILDING,21,Clerk#000000179,1997-09-22,5275.88,193,1
O,5-LOW,2,HOUSEHOLD,21,Clerk#000000494,1998-05-17,3195.96,85,1
F,5-LOW,0,HOUSEHOLD,15,Clerk#000000753,1993-08-07,7734.64,755,1
F,4-NOT SPECIFIED,1,HOUSEHOLD,2,Clerk#000000710,1992-09-26,1228.06,763,1
O,4-NOT SPECIFIED,4,FURNITURE,10,Clerk#000000190,1996-09-04,6295.47,131,1
F,2-HIGH,3,AUTOMOBILE,6,Clerk#000000450,1992-11-09,593.52,622,1
O,2-HIGH,0,HOUSEHOLD,5,Clerk#000000520,1996-07-23,7349.82,97,1
F,4-NOT SPECIFIED,4,HOUSEHOLD,20,Clerk#000000982,1992-02-10,8495.92,345,1
F,1-URGENT,3,BUILDING,22,Clerk#000000318,1993-09-25,4092.24,429,1
F,5-LOW,1,BUILDING,3,Clerk#000000554,1992-05-18,1335.3,450,1
O,3-MEDIUM,2,AUTOMOBILE,18,Clerk#000000764,1996-09-15,6840.29,991,1
O,5-LOW,2,AUTOMOBILE,18,Clerk#000000818,1997-09-06,2501.74,485,1
F,1-URGENT,4,BUILDING,20,Clerk#000000771,1994-08-17,5579.81,178,1
F,5-LOW,3,FURNITURE,19,Clerk#000000557,1992-09-15,4695.12,501,1
F,3-MEDIUM,4,AUTOMOBILE,11,Clerk#000000102,1992-05-09,5134.35,668,1
O,1-URGENT,2,MACHINERY,18,Clerk#000000668,1995-06-22,6403.62,1,1
O,1-URGENT,0,BUILDING,0,Clerk#000000172,1997-12-22,662.67,570,1
F,3-MEDIUM,1,FURNITURE,17,Clerk#000000814,1994-05-09,6194.65,554,1
F,2-HIGH,1,MACHINERY,1,Clerk#000000944,1993-12-25,9537.08,647,1
O,2-HIGH,0,HOUSEHOLD,0,Clerk#000000866,1998-06-26,3063.11,718,1
F,2-HIGH,1,FURNITURE,1,Clerk#000000487,1993-06-22,3106,413,1
O,1-URGENT,3,BUILDING,7,Clerk#000000762,1997-09-21,3869.25,518,1
F,1-URGENT,2,FURNITURE,9,Clerk#000000436,1992-11-16,3929.96,460,1
O,4-NOT SPECIFIED,2,MACHINERY,12,Clerk#000000589,1997-05-08,4365.28,956,1
F,2-HIGH,2,AUTOMOBILE,12,Clerk#000000285,1992-08-15,5392.3,57,1
O,3-MEDIUM,0,FURNITURE,5,Clerk#000000295,1995-11-19,5447.12,966,1
O,2-HIGH,1,FURNITURE,24,Clerk#000000644,1995-12-17,4038.45,112,1
F,2-HIGH,1,BUILDING,3,Clerk#000000043,1992-04-14,5149.23,540,1
O,2-HIGH,1,FURNITURE,24,Clerk#000000685,1995-12-22,9225.6,169,1
O,4-NOT SPECIFIED,2,MACHINERY,12,Clerk#000000473,1996-01-18,3168.41,542,1
F,2-HIGH,1,MACHINERY,24,Clerk#000000991,1992-12-11,2925.52,876,1
F,5-LOW,0,MACHINERY,14,Clerk#000000360,1994-02-05,3623.6,398,1
O,2-HIGH,2,AUTOMOBILE,9,Clerk#000000602,1996-07-01,8730.85,160,1
F,3-MEDIUM,1,BUILDING,17,Clerk#000000446,1992-01-21,4605.87,119,1
F,5-LOW,1,FURNITURE,17,Clerk#000000962,1994-12-10,1536.24,911,1
F,1-URGENT,0,BUILDING,0,Clerk#000000080,1993-12-02,-566.86,476,1
O,2-HIGH,2,AUTOMOBILE,8,Clerk#000000997,1998-04-16,5466.83,551,1
O,4-NOT SPECIFIED,4,FURNITURE,13,Clerk#000000780,1998-07-06,5744.89,303,1
F,3-MEDIUM,3,HOUSEHOLD,7,Clerk#000000707,1992-03-11,9305.05,69,1
O,2-HIGH,0,HOUSEHOLD,16,Clerk#000000023,1998-06-08,6696.49,893,1
F,5-LOW,2,AUTOMOBILE,12,Clerk#000000253,1992-02-24,3215.96,521,1
O,4-NOT SPECIFIED,0,FURNITURE,14,Clerk#000000224,1996-09-27,420.97,925,1
O,3-MEDIUM,0,BUILDING,15,Clerk#000000026,1998-07-17,9010.02,879,1
F,4-NOT SPECIFIED,3,FURNITURE,6,Clerk#000000907,1994-03-26,5817.9,633,1
F,5-LOW,0,HOUSEHOLD,16,Clerk#000000336,1992-05-04,7838.3,692,1
O,2-HIGH,2,FURNITURE,21,Clerk#000000771,1997-01-30,2990.73,282,1
F,2-HIGH,1,FURNITURE,24,Clerk#000000390,1992-01-13,4038.45,112,1
O,2-HIGH,3,MACHINERY,23,Clerk#000000926,1997-12-20,889.11,804,1
F,2-HIGH,1,BUILDING,3,Clerk#000000578,1993-10-26,-646.64,245,1
F,4-NOT SPECIFIED,3,BUILDING,7,Clerk#000000918,1993-10-12,6354.89,735,1
F,5-LOW,2,HOUSEHOLD,8,Clerk#000000253,1992-11-12,7658.97,837,1
F,2-HIGH,0,AUTOMOBILE,15,Clerk#000000992,1994-01-26,9139.52,187,1
O,2-HIGH,1,MACHINERY,24,Clerk#000000691,1998-05-14,3242.1,500,1
O,3-MEDIUM,0,HOUSEHOLD,15,Clerk#000000026,1995-10-16,4582.28,333,1
O,4-NOT SPECIFIED,3,MACHINERY,19,Clerk#000000910,1997-04-10,6239.89,162,1
O,4-NOT SPECIFIED,3,AUTOMOBILE,7,Clerk#000000643,1995-08-25,2237.64,728,1
F,3-MEDIUM,1,AUTOMOBILE,2,Clerk#000000420,1993-05-23,1543.64,486,1
F,5-LOW,0,BUILDING,15,Clerk#000000139,1993-10-27,9234.5,805,1
O,3-MEDIUM,3,BUILDING,19,Clerk#000000503,1996-08-12,8541.87,721,1
O,1-URGENT,2,HOUSEHOLD,8,Clerk#000000868,1998-06-10,-654.5,348,1
O,5-LOW,3,HOUSEHOLD,19,Clerk#000000706,1996-11-23,-201.49,661,1
O,4-NOT SPECIFIED,1,FURNITURE,3,Clerk#000000604,1997-09-11,-949.28,716,1
F,4-NOT SPECIFIED,4,AUTOMOBILE,11,Clerk#000000831,1992-10-05,5134.35,668,1
O,3-MEDIUM,3,BUILDING,22,Clerk#000000730,1997-02-23,6058.08,92,1
F,2-HIGH,2,FURNITURE,9,Clerk#000000082,1994-10-26,3929.96,460,1
O,3-MEDIUM,2,AUTOMOBILE,9,Clerk#000000414,1995-06-21,-274.79,338,1
P,5-LOW,0,AUTOMOBILE,16,Clerk#000000238,1995-03-19,1490.21,74,1
F,3-MEDIUM,0,BUILDING,14,Clerk#000000944,1993-02-23,7915.06,266,1
O,5-LOW,2,MACHINERY,12,Clerk#000000324,1997-05-20,7929.9,132,1
F,5-LOW,3,MACHINERY,7,Clerk#000000090,1993-11-03,6039.64,548,1
F,2-HIGH,2,FURNITURE,12,Clerk#000000526,1992-08-08,3231.71,463,1
O,1-URGENT,2,FURNITURE,21,Clerk#000000010,1995-05-23,2990.73,282,1
F,4-NOT SPECIFIED,4,BUILDING,13,Clerk#000000539,1994-10-31,8938.14,36,1
F,3-MEDIUM,1,MACHINERY,3,Clerk#000000701,1994-11-13,2940.46,473,1
O,3-MEDIUM,1,HOUSEHOLD,1,Clerk#000000760,1997-03-11,-875.17,563,1
F,3-MEDIUM,3,FURNITURE,19,Clerk#000000437,1994-09-08,2990.18,327,1
F,5-LOW,1,AUTOMOBILE,3,Clerk#000000452,1993-06-10,-496.49,562,1
O,5-LOW,3,FURNITURE,6,Clerk#000000876,1997-12-16,1834.36,405,1
F,4-NOT SPECIFIED,2,AUTOMOBILE,9,Clerk#000000282,1992-02-08,-932.09,114,1
O,3-MEDIUM,1,FURNITURE,17,Clerk#000000583,1996-06-05,5436.81,231,1
O,2-HIGH,3,MACHINERY,7,Clerk#000000952,1997-11-02,6039.64,548,1
F,4-NOT SPECIFIED,1,AUTOMOBILE,2,Clerk#000000161,1992-01-10,5340.67,93,1
O,4-NOT SPECIFIED,0,AUTOMOBILE,5,Clerk#000000550,1997-11-25,3035.29,807,1
F,3-MEDIUM,1,AUTOMOBILE,17,Clerk#000000065,1993-12-02,2314.67,640,1
O,2-HIGH,2,HOUSEHOLD,9,Clerk#000000855,1998-01-02,5500.11,115,1
F,3-MEDIUM,2,FURNITURE,18,Clerk#000000775,1994-12-14,8429.33,244,1
O,3-MEDIUM,1,BUILDING,3,Clerk#000000706,1998-03-28,7905.17,813,1
O,1-URGENT,1,BUILDING,24,Clerk#000000709,1996-01-05,8616.12,590,1
O,4-NOT SPECIFIED,1,BUILDING,2,Clerk#000000618,1997-12-23,274.58,910,1
F,1-URGENT,4,AUTOMOBILE,10,Clerk#000000863,1993-04-25,1939.39,520,1
O,2-HIGH,2,FURNITURE,21,Clerk#000000629,1998-01-05,2114.53,508,1
O,3-MEDIUM,1,AUTOMOBILE,2,Clerk#000000677,1995-05-13,9749.37,401,1
O,1-URGENT,2,HOUSEHOLD,9,Clerk#000000234,1996-01-24,5500.11,115,1
O,3-MEDIUM,3,BUILDING,23,Clerk#000000790,1998-07-30,-565.35,107,1
F,4-NOT SPECIFIED,3,HOUSEHOLD,22,Clerk#000000186,1995-02-11,5420.32,175,1
O,3-MEDIUM,2,AUTOMOBILE,21,Clerk#000000706,1995-06-23,6533.53,265,1
O,5-LOW,0,MACHINERY,16,Clerk#000000369,1995-12-18,9786.36,281,1
F,2-HIGH,0,BUILDING,0,Clerk#000000612,1993-05-03,2724.98,694,1
F,1-URGENT,3,HOUSEHOLD,23,Clerk#000000980,1992-03-04,32.24,451,1
O,1-URGENT,2,FURNITURE,21,Clerk#000000134,1997-04-16,2990.73,282,1
O,1-URGENT,2,BUILDING,12,Clerk#000000980,1998-02-04,3826.52,662,1
O,3-MEDIUM,3,AUTOMOBILE,23,Clerk#000000110,1998-02-14,-808.13,652,1
O,5-LOW,4,FURNITURE,4,Clerk#000000157,1995-07-07,774.23,288,1
O,1-URGENT,2,BUILDING,18,Clerk#000000115,1995-08-04,-867.94,903,1
F,4-NOT SPECIFIED,4,BUILDING,20,Clerk#000000530,1992-08-01,9680.51,938,1
O,5-LOW,0,BUILDING,14,Clerk#000000764,1996-06-15,7915.06,266,1
O,1-URGENT,4,MACHINERY,10,Clerk#000000645,1996-06-15,8966.63,5,1
O,3-MEDIUM,4,FURNITURE,13,Clerk#000000125,1995-10-15,3635.35,434,1
F,1-URGENT,2,FURNITURE,8,Clerk#000000328,1994-07-24,9126.54,935,1
F,3-MEDIUM,3,BUILDING,19,Clerk#000000498,1993-03-15,5561.93,573,1
O,1-URGENT,0,BUILDING,14,Clerk#000000339,1995-11-08,-52.35,639,1
F,2-HIGH,1,FURNITURE,17,Clerk#000000720,1995-05-06,1536.24,911,1
O,2-HIGH,2,FURNITURE,8,Clerk#000000468,1997-05-08,1007.18,568,1
O,5-LOW,1,MACHINERY,2,Clerk#000000233,1998-03-22,-746.03,597,1
O,4-NOT SPECIFIED,4,FURNITURE,4,Clerk#000000646,1995-11-28,9621.49,42,1
F,3-MEDIUM,3,FURNITURE,23,Clerk#000000138,1994-03-27,5510.28,967,1
F,4-NOT SPECIFIED,2,AUTOMOBILE,18,Clerk#000000595,1994-12-13,4967.24,471,1
F,2-HIGH,0,MACHINERY,0,Clerk#000000213,1992-10-28,7297.64,411,1
O,2-HIGH,4,BUILDING,20,Clerk#000000254,1995-11-01,6378.67,233,1
F,4-NOT SPECIFIED,2,BUILDING,8,Clerk#000000696,1993-03-30,81.06,615,1
F,5-LOW,4,BUILDING,11,Clerk#000000588,1992-03-05,-181.63,412,1
F,1-URGENT,0,BUILDING,15,Clerk#000000879,1993-10-18,9234.5,805,1
O,3-MEDIUM,4,HOUSEHOLD,20,Clerk#000000293,1996-04-29,-395.89,858,1
O,2-HIGH,2,BUILDING,12,Clerk#000000102,1997-02-01,6343.64,621,1
O,2-HIGH,0,BUILDING,14,Clerk#000000210,1997-12-28,6446.83,356,1
O,3-MEDIUM,0,MACHINERY,15,Clerk#000000524,1997-03-19,-334.89,206,1
O,5-LOW,1,AUTOMOBILE,2,Clerk#000000562,1995-06-04,1543.64,486,1
O,3-MEDIUM,1,MACHINERY,3,Clerk#000000686,1998-05-05,1975.41,234,1
F,1-URGENT,2,HOUSEHOLD,12,Clerk#000000880,1994-10-02,6381.24,416,1
O,5-LOW,2,MACHINERY,18,Clerk#000000376,1997-07-28,7055.13,287,1
O,4-NOT SPECIFIED,0,FURNITURE,0,Clerk#000000870,1996-11-21,3229.18,561,1
O,2-HIGH,2,FURNITURE,12,Clerk#000000283,1998-02-22,6859.28,847,1
F,4-NOT SPECIFIED,3,AUTOMOBILE,7,Clerk#000000885,1994-09-03,2237.64,728,1
F,3-MEDIUM,2,BUILDING,21,Clerk#000000526,1992-03-09,2106.81,334,1
F,3-MEDIUM,2,BUILDING,21,Clerk#000000973,1993-11-23,5509.11,15,1
O,2-HIGH,3,AUTOMOBILE,7,Clerk#000000726,1997-09-20,5872.94,378,1
F,1-URGENT,0,HOUSEHOLD,14,Clerk#000000767,1994-01-14,5411.2,199,1
F,5-LOW,2,HOUSEHOLD,21,Clerk#000000565,1992-01-02,8844.27,581,1
O,5-LOW,4,AUTOMOBILE,11,Clerk#000000330,1996-11-04,9270.88,336,1
P,2-HIGH,3,FURNITURE,19,Clerk#000000740,1995-06-02,1647.05,241,1
O,2-HIGH,4,FURNITURE,13,Clerk#000000623,1998-01-07,7073.17,437,1
P,4-NOT SPECIFIED,3,FURNITURE,19,Clerk#000000718,1995-04-10,2953.35,700,1
O,5-LOW,0,HOUSEHOLD,15,Clerk#000000531,1997-10-04,2506.38,364,1
O,5-LOW,3,HOUSEHOLD,6,Clerk#000000612,1996-03-27,5503.36,732,1
F,5-LOW,3,HOUSEHOLD,7,Clerk#000000356,1993-09-19,876.02,312,1
O,3-MEDIUM,4,FURNITURE,10,Clerk#000000207,1995-12-29,6530.86,589,1
O,3-MEDIUM,0,BUILDING,0,Clerk#000000972,1998-01-28,2432.73,711,1
F,2-HIGH,3,MACHINERY,19,Clerk#000000091,1993-04-10,70.93,21,1
F,4-NOT SPECIFIED,2,AUTOMOBILE,9,Clerk#000000540,1993-05-31,-932.09,114,1
F,2-HIGH,1,HOUSEHOLD,2,Clerk#000000234,1993-12-02,6557.51,70,1
F,4-NOT SPECIFIED,4,AUTOMOBILE,4,Clerk#000000341,1992-04-14,6679.75,480,1
O,4-NOT SPECIFIED,3,BUILDING,23,Clerk#000000222,1997-02-10,4466.3,584,1
O,5-LOW,3,AUTOMOBILE,23,Clerk#000000858,1995-09-12,-808.13,652,1
O,1-URGENT,1,BUILDING,3,Clerk#000000290,1997-08-09,7905.17,813,1
P,4-NOT SPECIFIED,0,AUTOMOBILE,15,Clerk#000000341,1995-03-20,5212.43,658,1
F,4-NOT SPECIFIED,2,FURNITURE,18,Clerk#000000999,1994-09-06,9630.24,973,1
O,5-LOW,2,MACHINERY,12,Clerk#000000491,1996-01-27,7292.93,906,1
O,1-URGENT,1,HOUSEHOLD,1,Clerk#000000878,1996-11-02,705.93,523,1
O,2-HIGH,2,MACHINERY,9,Clerk#000000797,1998-05-13,9774.97,637,1
O,3-MEDIUM,0,MACHINERY,5,Clerk#000000159,1996-02-05,1722.88,102,1
O,5-LOW,0,BUILDING,5,Clerk#000000166,1996-09-01,6709.9,835,1
O,2-HIGH,1,BUILDING,2,Clerk#000000251,1996-10-28,5973.1,707,1
O,2-HIGH,0,HOUSEHOLD,14,Clerk#000000452,1996-09-13,3625.93,953,1
F,4-NOT SPECIFIED,2,AUTOMOBILE,8,Clerk#000000854,1992-10-18,9605.83,885,1
F,3-MEDIUM,1,MACHINERY,3,Clerk#000000145,1992-07-06,591.98,625,1
O,1-URGENT,4,MACHINERY,4,Clerk#000000355,1995-06-10,7503.3,934,1
O,2-HIGH,2,FURNITURE,8,Clerk#000000407,1997-03-09,9126.54,935,1
F,2-HIGH,3,AUTOMOBILE,7,Clerk#000000405,1993-04-08,2237.64,728,1
F,5-LOW,4,BUILDING,13,Clerk#000000305,1994-05-02,3367.36,66,1
O,3-MEDIUM,3,MACHINERY,19,Clerk#000000783,1996-06-09,-303.95,211,1
F,3-MEDIUM,1,BUILDING,24,Clerk#000000698,1995-02-20,4349.73,322,1
O,2-HIGH,3,AUTOMOBILE,6,Clerk#000000640,1997-11-25,593.52,622,1
O,1-URGENT,0,MACHINERY,5,Clerk#000000979,1995-10-21,2020.15,896,1
F,5-LOW,3,MACHINERY,7,Clerk#000000527,1993-07-25,9311.17,96,1
O,5-LOW,1,AUTOMOBILE,3,Clerk#000000284,1996-03-06,2457.09,774,1
F,2-HIGH,3,AUTOMOBILE,6,Clerk#000000333,1993-09-04,3998.42,742,1
O,3-MEDIUM,3,AUTOMOBILE,19,Clerk#000000085,1995-11-12,5810.56,98,1
F,5-LOW,2,FURNITURE,12,Clerk#000000282,1993-08-02,6859.28,847,1
F,4-NOT SPECIFIED,1,BUILDING,1,Clerk#000000230,1992-06-12,7568.07,591,1
F,1-URGENT,1,MACHINERY,3,Clerk#000000371,1993-05-11,2940.46,473,1
F,3-MEDIUM,1,HOUSEHOLD,3,Clerk#000000970,1992-09-04,8315.09,710,1
O,3-MEDIUM,1,BUILDING,24,Clerk#000000429,1997-05-13,5152.42,224,1
F,4-NOT SPECIFIED,0,BUILDING,5,Clerk#000000862,1992-12-22,2485.71,313,1
F,5-LOW,3,HOUSEHOLD,23,Clerk#000000466,1994-05-27,1796.09,489,1
O,3-MEDIUM,0,HOUSEHOLD,5,Clerk#000000793,1996-07-06,5950.86,867,1
O,1-URGENT,0,BUILDING,16,Clerk#000000690,1997-02-12,3987.39,403,1
O,5-LOW,1,BUILDING,2,Clerk#000000560,1995-11-29,90.22,94,1
O,2-HIGH,0,BUILDING,15,Clerk#000000241,1996-01-31,9010.02,879,1
F,2-HIGH,0,HOUSEHOLD,0,Clerk#000000204,1994-04-18,6115.81,267,1
F,1-URGENT,4,BUILDING,4,Clerk#000000090,1992-04-30,2935.31,745,1
O,1-URGENT,3,AUTOMOBILE,22,Clerk#000000157,1998-06-21,4962.12,87,1
O,5-LOW,2,FURNITURE,9,Clerk#000000322,1996-12-30,3929.96,460,1
F,3-MEDIUM,3,BUILDING,19,Clerk#000000879,1992-04-24,5561.93,573,1
F,2-HIGH,2,AUTOMOBILE,12,Clerk#000000076,1994-05-07,4366.23,826,1
O,5-LOW,4,BUILDING,20,Clerk#000000622,1997-12-26,2724.8,709,1
O,4-NOT SPECIFIED,4,HOUSEHOLD,4,Clerk#000000060,1997-05-28,7979.48,519,1
F,1-URGENT,4,BUILDING,10,Clerk#000000193,1992-03-07,3199.03,207,1
O,1-URGENT,0,FURNITURE,5,Clerk#000000600,1995-12-09,3386.64,569,1
O,4-NOT SPECIFIED,2,HOUSEHOLD,21,Clerk#000000623,1995-09-26,8330.7,31,1
F,4-NOT SPECIFIED,1,FURNITURE,24,Clerk#000000123,1993-08-25,4038.45,112,1
O,2-HIGH,4,HOUSEHOLD,4,Clerk#000000518,1998-03-07,7979.48,519,1
O,1-URGENT,2,BUILDING,21,Clerk#000000398,1997-11-04,1952.36,154,1
O,2-HIGH,2,FURNITURE,8,Clerk#000000690,1995-09-02,-917.75,222,1
O,2-HIGH,0,MACHINERY,14,Clerk#000000708,1997-11-11,6271.38,349,1
O,2-HIGH,1,HOUSEHOLD,1,Clerk#000000611,1996-08-20,705.93,523,1
O,5-LOW,4,FURNITURE,4,Clerk#000000451,1996-04-11,9207.16,522,1
O,5-LOW,2,MACHINERY,21,Clerk#000000717,1995-05-28,5878.21,215,1
O,1-URGENT,4,AUTOMOBILE,11,Clerk#000000232,1997-03-07,7252.65,478,1
O,5-LOW,2,BUILDING,18,Clerk#000000265,1998-07-30,-867.94,903,1
F,2-HIGH,0,AUTOMOBILE,5,Clerk#000000840,1994-02-28,1652.78,863,1
P,5-LOW,0,MACHINERY,16,Clerk#000000611,1995-05-18,9786.36,281,1
O,1-URGENT,3,HOUSEHOLD,7,Clerk#000000017,1996-02-19,876.02,312,1
F,2-HIGH,2,HOUSEHOLD,8,Clerk#000000113,1992-10-18,3354.47,130,1
O,2-HIGH,4,MACHINERY,4,Clerk#000000301,1996-01-26,9541.19,904,1
O,3-MEDIUM,3,FURNITURE,7,Clerk#000000570,1997-02-27,-842.39,524,1
F,2-HIGH,2,HOUSEHOLD,9,Clerk#000000237,1994-04-25,5500.11,115,1
F,3-MEDIUM,4,BUILDING,10,Clerk#000000154,1994-09-06,2222.65,469,1
O,2-HIGH,4,MACHINERY,20,Clerk#000000174,1995-09-05,8997.6,985,1
F,4-NOT SPECIFIED,0,HOUSEHOLD,15,Clerk#000000154,1992-01-12,-774.47,972,1
O,4-NOT SPECIFIED,4,HOUSEHOLD,13,Clerk#000000719,1995-10-04,9748.93,176,1
O,5-LOW,3,HOUSEHOLD,7,Clerk#000000271,1996-05-04,-501.37,116,1
O,3-MEDIUM,1,AUTOMOBILE,3,Clerk#000000167,1998-05-21,5582.63,682,1
F,2-HIGH,2,MACHINERY,8,Clerk#000000176,1995-01-27,1512.46,923,1
F,5-LOW,4,MACHINERY,10,Clerk#000000030,1994-12-19,9158.91,180,1
F,5-LOW,2,FURNITURE,9,Clerk#000000687,1992-10-04,1144.23,877,1
F,2-HIGH,3,AUTOMOBILE,7,Clerk#000000857,1992-08-07,6134.4,947,1
F,2-HIGH,0,MACHINERY,14,Clerk#000000983,1994-06-05,6271.38,349,1
F,5-LOW,0,MACHINERY,15,Clerk#000000448,1992-02-19,1666.07,881,1
O,5-LOW,1,BUILDING,1,Clerk#000000506,1996-05-23,3652.29,235,1
F,3-MEDIUM,3,MACHINERY,23,Clerk#000000668,1994-01-19,130.59,642,1
F,3-MEDIUM,1,AUTOMOBILE,3,Clerk#000000151,1994-06-25,9334.82,326,1
F,3-MEDIUM,4,HOUSEHOLD,20,Clerk#000000626,1992-04-15,8495.92,345,1
O,5-LOW,3,AUTOMOBILE,23,Clerk#000000335,1997-05-06,-808.13,652,1
O,2-HIGH,4,BUILDING,20,Clerk#000000784,1997-10-16,7476.2,68,1
O,3-MEDIUM,4,FURNITURE,10,Clerk#000000545,1996-06-22,1975.35,271,1
F,2-HIGH,2,HOUSEHOLD,8,Clerk#000000201,1994-11-28,2840.59,272,1
O,3-MEDIUM,4,MACHINERY,10,Clerk#000000330,1998-06-15,9158.91,180,1
O,4-NOT SPECIFIED,0,FURNITURE,14,Clerk#000000881,1996-08-09,7059.15,316,1
O,2-HIGH,4,BUILDING,11,Clerk#000000980,1996-07-18,3374.92,366,1
F,1-URGENT,1,BUILDING,17,Clerk#000000095,1992-08-03,3428.67,988,1
O,1-URGENT,4,MACHINERY,11,Clerk#000000771,1997-08-24,9398.51,944,1
O,5-LOW,4,HOUSEHOLD,20,Clerk#000000296,1996-03-30,9777.19,772,1
O,2-HIGH,1,AUTOMOBILE,3,Clerk#000000536,1996-06-09,-496.49,562,1
O,4-NOT SPECIFIED,4,HOUSEHOLD,13,Clerk#000000100,1998-06-16,4333.37,352,1
F,4-NOT SPECIFIED,3,HOUSEHOLD,7,Clerk#000000155,1992-01-14,9305.05,69,1
O,4-NOT SPECIFIED,3,MACHINERY,6,Clerk#000000720,1998-02-23,1490.35,247,1
F,4-NOT SPECIFIED,4,AUTOMOBILE,10,Clerk#000000157,1994-12-02,-932.96,572,1
O,4-NOT SPECIFIED,2,BUILDING,9,Clerk#000000947,1995-11-28,8593.83,373,1
O,5-LOW,2,AUTOMOBILE,18,Clerk#000000710,1995-11-08,6840.29,991,1
O,2-HIGH,4,FURNITURE,13,Clerk#000000771,1997-05-18,346.59,576,1
F,3-MEDIUM,3,FURNITURE,19,Clerk#000000769,1993-03-11,4425.42,40,1
O,2-HIGH,4,BUILDING,13,Clerk#000000730,1996-03-14,6553.37,306,1
O,5-LOW,3,HOUSEHOLD,22,Clerk#000000644,1997-10-01,554.71,768,1
O,5-LOW,1,AUTOMOBILE,3,Clerk#000000066,1998-01-24,-301.75,379,1
F,3-MEDIUM,3,AUTOMOBILE,19,Clerk#000000679,1993-09-13,85.05,105,1
F,3-MEDIUM,1,FURNITURE,24,Clerk#000000122,1994-12-24,3366.61,940,1
F,4-NOT SPECIFIED,0,AUTOMOBILE,5,Clerk#000000488,1993-11-23,170.27,51,1
O,2-HIGH,4,MACHINERY,13,Clerk#000000521,1996-11-07,1808.23,825,1
F,5-LOW,1,FURNITURE,24,Clerk#000000693,1992-09-06,-723.49,291,1
O,5-LOW,0,MACHINERY,5,Clerk#000000604,1997-11-17,2020.15,896,1
P,1-URGENT,4,AUTOMOBILE,11,Clerk#000000237,1995-05-01,5134.35,668,1
O,5-LOW,2,FURNITURE,9,Clerk#000000062,1998-01-16,4286.94,602,1
F,5-LOW,1,AUTOMOBILE,2,Clerk#000000836,1994-04-22,6.34,190,1
F,5-LOW,1,MACHINERY,3,Clerk#000000807,1993-03-25,6821.01,438,1
O,1-URGENT,2,FURNITURE,12,Clerk#000000803,1995-07-04,7133.7,50,1
O,4-NOT SPECIFIED,1,AUTOMOBILE,24,Clerk#000000933,1997-09-30,3710.14,139,1
O,4-NOT SPECIFIED,2,MACHINERY,12,Clerk#000000663,1995-11-02,8647.42,146,1
O,5-LOW,3,BUILDING,23,Clerk#000000326,1997-07-06,-370.44,926,1
F,4-NOT SPECIFIED,1,MACHINERY,3,Clerk#000000883,1992-04-14,6821.01,438,1
O,4-NOT SPECIFIED,0,AUTOMOBILE,15,Clerk#000000257,1998-05-24,9139.52,187,1
O,5-LOW,2,MACHINERY,8,Clerk#000000119,1995-12-23,4086.56,228,1
O,1-URGENT,0,AUTOMOBILE,16,Clerk#000000971,1998-07-11,-761.7,8,1
O,2-HIGH,1,AUTOMOBILE,24,Clerk#000000649,1998-06-15,4976.24,213,1
F,4-NOT SPECIFIED,0,HOUSEHOLD,0,Clerk#000000185,1993-03-06,5481,594,1
F,1-URGENT,2,AUTOMOBILE,21,Clerk#000000184,1993-12-12,6533.53,265,1
O,4-NOT SPECIFIED,4,FURNITURE,10,Clerk#000000477,1995-10-27,1975.35,271,1
F,4-NOT SPECIFIED,4,AUTOMOBILE,4,Clerk#000000914,1993-01-31,8121.84,525,1
F,1-URGENT,0,MACHINERY,16,Clerk#000000825,1992-08-05,2186.5,319,1
O,2-HIGH,3,HOUSEHOLD,7,Clerk#000000394,1996-05-28,639.93,135,1
F,3-MEDIUM,2,BUILDING,12,Clerk#000000333,1995-01-27,3826.52,662,1
O,2-HIGH,1,HOUSEHOLD,3,Clerk#000000636,1997-06-03,8654.56,817,1
F,1-URGENT,3,AUTOMOBILE,19,Clerk#000000959,1992-04-13,6496.08,357,1
F,1-URGENT,4,HOUSEHOLD,13,Clerk#000000916,1994-11-02,4128.86,693,1
F,3-MEDIUM,0,AUTOMOBILE,16,Clerk#000000123,1994-02-13,-761.7,8,1
O,1-URGENT,2,FURNITURE,8,Clerk#000000126,1997-10-11,-77.63,857,1
O,1-URGENT,4,BUILDING,20,Clerk#000000489,1997-03-16,5579.81,178,1
F,1-URGENT,1,BUILDING,2,Clerk#000000602,1992-08-31,2912.8,608,1
F,4-NOT SPECIFIED,0,MACHINERY,16,Clerk#000000638,1994-07-16,9566.15,294,1
F,4-NOT SPECIFIED,2,FURNITURE,8,Clerk#000000221,1993-11-05,9126.54,935,1
O,5-LOW,1,FURNITURE,2,Clerk#000000511,1997-05-16,3274.3,686,1
F,5-LOW,4,HOUSEHOLD,11,Clerk#000000353,1994-02-11,5630.28,878,1
O,4-NOT SPECIFIED,4,HOUSEHOLD,11,Clerk#000000453,1998-02-11,2135.6,580,1
F,4-NOT SPECIFIED,0,HOUSEHOLD,16,Clerk#000000960,1993-05-25,-594.23,550,1
P,4-NOT SPECIFIED,3,BUILDING,22,Clerk#000000607,1995-04-22,-881.7,829,1
F,4-NOT SPECIFIED,3,AUTOMOBILE,19,Clerk#000000242,1992-03-17,85.05,105,1
F,4-NOT SPECIFIED,0,BUILDING,15,Clerk#000000080,1994-05-08,711.56,865,1
O,2-HIGH,2,AUTOMOBILE,18,Clerk#000000696,1995-08-11,9561.95,886,1
O,5-LOW,2,AUTOMOBILE,21,Clerk#000000616,1998-05-30,170.46,674,1
F,5-LOW,0,FURNITURE,0,Clerk#000000646,1992-05-22,8635.49,986,1
F,1-URGENT,0,FURNITURE,0,Clerk#000000134,1994-10-30,5745.33,388,1
F,4-NOT SPECIFIED,3,MACHINERY,19,Clerk#000000656,1993-10-04,9904.28,541,1
P,2-HIGH,2,MACHINERY,12,Clerk#000000043,1995-04-16,6963.68,629,1
O,1-URGENT,1,BUILDING,1,Clerk#000000631,1996-08-27,7568.07,591,1
O,1-URGENT,4,HOUSEHOLD,13,Clerk#000000257,1995-11-23,6478.46,499,1
F,5-LOW,0,HOUSEHOLD,16,Clerk#000000581,1992-09-25,-594.23,550,1
O,2-HIGH,3,AUTOMOBILE,23,Clerk#000000050,1995-11-06,378.33,675,1
F,5-LOW,0,HOUSEHOLD,0,Clerk#000000107,1993-02-03,5481,594,1
O,1-URGENT,2,FURNITURE,9,Clerk#000000284,1997-05-01,1144.23,877,1
F,4-NOT SPECIFIED,4,FURNITURE,10,Clerk#000000495,1992-06-30,7618.54,65,1
F,4-NOT SPECIFIED,4,HOUSEHOLD,13,Clerk#000000950,1992-07-15,3694.81,43,1
F,5-LOW,0,AUTOMOBILE,16,Clerk#000000890,1993-08-05,4878.1,48,1
O,3-MEDIUM,2,FURNITURE,21,Clerk#000000203,1995-12-21,2411.69,359,1
O,5-LOW,1,AUTOMOBILE,3,Clerk#000000693,1997-02-14,4810.22,553,1
O,1-URGENT,0,BUILDING,0,Clerk#000000608,1996-12-27,2072.99,147,1
F,1-URGENT,2,AUTOMOBILE,18,Clerk#000000085,1992-08-10,9468.34,479,1
O,3-MEDIUM,3,HOUSEHOLD,7,Clerk#000000780,1997-06-12,8555.12,422,1
O,2-HIGH,3,MACHINERY,19,Clerk#000000301,1997-12-21,6239.89,162,1
F,4-NOT SPECIFIED,4,FURNITURE,11,Clerk#000000565,1994-09-04,3969.86,952,1
O,2-HIGH,2,FURNITURE,21,Clerk#000000419,1996-12-02,2272.5,346,1
O,2-HIGH,4,BUILDING,13,Clerk#000000677,1998-06-19,6553.37,306,1
O,4-NOT SPECIFIED,0,BUILDING,14,Clerk#000000972,1998-05-18,5812.93,236,1
F,5-LOW,0,BUILDING,15,Clerk#000000915,1994-01-03,9010.02,879,1
F,2-HIGH,3,FURNITURE,23,Clerk#000000178,1994-01-06,1709.5,435,1
O,3-MEDIUM,1,AUTOMOBILE,3,Clerk#000000247,1996-09-19,8137.24,124,1
O,4-NOT SPECIFIED,4,HOUSEHOLD,10,Clerk#000000081,1996-03-20,5751.31,284,1
O,1-URGENT,3,BUILDING,7,Clerk#000000771,1995-10-22,8227.37,730,1
O,4-NOT SPECIFIED,3,HOUSEHOLD,19,Clerk#000000678,1996-11-18,-201.49,661,1
F,2-HIGH,4,MACHINERY,4,Clerk#000000798,1994-12-13,-43.08,627,1
F,4-NOT SPECIFIED,4,FURNITURE,10,Clerk#000000628,1994-02-01,3589.49,358,1
O,3-MEDIUM,1,AUTOMOBILE,24,Clerk#000000564,1996-01-06,3710.14,139,1
O,1-URGENT,1,AUTOMOBILE,17,Clerk#000000272,1998-07-12,2314.67,640,1
F,2-HIGH,3,HOUSEHOLD,19,Clerk#000000028,1992-09-19,5187.02,650,1
O,4-NOT SPECIFIED,3,FURNITURE,19,Clerk#000000021,1998-04-28,1647.05,241,1
O,1-URGENT,0,MACHINERY,5,Clerk#000000989,1996-03-14,5027.75,510,1
O,5-LOW,2,FURNITURE,18,Clerk#000000567,1997-02-25,8429.33,244,1
P,1-URGENT,0,FURNITURE,14,Clerk#000000241,1995-04-12,6487.71,869,1
F,4-NOT SPECIFIED,1,MACHINERY,2,Clerk#000000074,1993-09-11,4376.8,909,1
O,1-URGENT,4,FURNITURE,10,Clerk#000000898,1997-05-08,3959.71,350,1
O,2-HIGH,0,HOUSEHOLD,14,Clerk#000000774,1997-01-10,5411.2,199,1
O,2-HIGH,3,HOUSEHOLD,22,Clerk#000000451,1996-09-17,9519.36,784,1
F,4-NOT SPECIFIED,4,HOUSEHOLD,20,Clerk#000000053,1993-11-12,8495.92,345,1
F,4-NOT SPECIFIED,3,AUTOMOBILE,23,Clerk#000000203,1994-01-25,668.51,474,1
O,1-URGENT,4,AUTOMOBILE,20,Clerk#000000497,1997-02-16,-919.65,977,1
F,1-URGENT,3,MACHINERY,19,Clerk#000000440,1993-11-21,6239.89,162,1
F,4-NOT SPECIFIED,4,HOUSEHOLD,13,Clerk#000000338,1993-07-28,3686.07,850,1
O,4-NOT SPECIFIED,2,FURNITURE,12,Clerk#000000115,1997-09-11,6859.28,847,1
F,1-URGENT,0,BUILDING,0,Clerk#000000016,1995-02-01,662.67,570,1
O,3-MEDIUM,0,AUTOMOBILE,5,Clerk#000000386,1997-09-27,2086.91,599,1
O,3-MEDIUM,1,BUILDING,1,Clerk#000000375,1996-05-21,1222.21,820,1
O,3-MEDIUM,1,HOUSEHOLD,24,Clerk#000000612,1996-04-11,-273.96,762,1
F,4-NOT SPECIFIED,3,AUTOMOBILE,7,Clerk#000000571,1995-01-05,2237.64,728,1
F,1-URGENT,4,BUILDING,10,Clerk#000000947,1994-06-02,-275.73,304,1
O,2-HIGH,2,MACHINERY,12,Clerk#000000768,1995-07-08,7929.9,132,1
O,3-MEDIUM,1,HOUSEHOLD,2,Clerk#000000667,1996-10-17,5553.75,182,1
O,3-MEDIUM,0,AUTOMOBILE,15,Clerk#000000022,1997-06-05,5212.43,658,1
O,2-HIGH,3,BUILDING,7,Clerk#000000129,1997-01-10,448.49,11,1
F,2-HIGH,2,MACHINERY,21,Clerk#000000699,1992-01-06,-117.31,566,1
F,3-MEDIUM,0,FURNITURE,14,Clerk#000000665,1992-01-06,6375.23,250,1
F,1-URGENT,2,HOUSEHOLD,8,Clerk#000000345,1992-04-04,5390.34,301,1
F,2-HIGH,2,FURNITURE,9,Clerk#000000640,1992-04-30,8328.12,462,1
F,4-NOT SPECIFIED,0,BUILDING,14,Clerk#000000898,1992-02-10,6446.83,356,1
O,4-NOT SPECIFIED,0,FURNITURE,5,Clerk#000000997,1996-02-23,9849.87,406,1
O,1-URGENT,3,HOUSEHOLD,7,Clerk#000000226,1997-04-10,8555.12,422,1
O,2-HIGH,3,AUTOMOBILE,7,Clerk#000000169,1996-12-22,-339.85,922,1
O,2-HIGH,0,AUTOMOBILE,16,Clerk#000000763,1996-01-04,8031.44,547,1
O,1-URGENT,1,HOUSEHOLD,2,Clerk#000000307,1996-11-26,5553.75,182,1
O,5-LOW,4,MACHINERY,20,Clerk#000000363,1997-02-11,1164.46,779,1
F,4-NOT SPECIFIED,2,FURNITURE,8,Clerk#000000833,1995-01-22,1007.18,568,1
F,5-LOW,0,MACHINERY,16,Clerk#000000587,1994-03-29,9566.15,294,1
O,3-MEDIUM,4,FURNITURE,13,Clerk#000000921,1997-08-17,3635.35,434,1
P,1-URGENT,3,AUTOMOBILE,6,Clerk#000000639,1995-03-08,5744.59,328,1
O,1-URGENT,1,MACHINERY,1,Clerk#000000964,1996-02-24,7009.42,605,1
F,2-HIGH,4,BUILDING,10,Clerk#000000603,1992-08-29,2222.65,469,1
O,2-HIGH,4,BUILDING,20,Clerk#000000705,1995-09-10,7476.2,68,1
O,1-URGENT,3,FURNITURE,7,Clerk#000000946,1997-03-16,-842.39,524,1
O,3-MEDIUM,1,MACHINERY,2,Clerk#000000511,1997-04-22,-444.73,794,1
F,5-LOW,0,BUILDING,14,Clerk#000000489,1994-01-22,5812.93,236,1
O,2-HIGH,4,MACHINERY,13,Clerk#000000832,1997-02-23,1808.23,825,1
F,1-URGENT,3,HOUSEHOLD,7,Clerk#000000591,1993-01-24,639.93,135,1
F,4-NOT SPECIFIED,1,BUILDING,24,Clerk#000000482,1992-11-10,-982.05,974,1
F,3-MEDIUM,4,FURNITURE,13,Clerk#000000024,1994-09-27,-375.76,389,1
F,4-NOT SPECIFIED,1,AUTOMOBILE,3,Clerk#000000872,1992-04-11,8137.24,124,1
F,5-LOW,1,BUILDING,1,Clerk#000000853,1994-10-20,3893.14,140,1
F,3-MEDIUM,3,BUILDING,23,Clerk#000000899,1995-01-02,-565.35,107,1
F,4-NOT SPECIFIED,4,HOUSEHOLD,20,Clerk#000000444,1993-10-09,8450.37,770,1
O,5-LOW,4,FURNITURE,13,Clerk#000000168,1995-06-15,3635.35,434,1
F,4-NOT SPECIFIED,2,FURNITURE,21,Clerk#000000272,1993-09-28,2272.5,346,1
F,2-HIGH,1,HOUSEHOLD,2,Clerk#000000905,1992-05-19,3025.84,325,1
F,5-LOW,2,MACHINERY,8,Clerk#000000971,1992-03-08,4571.78,156,1
O,3-MEDIUM,1,HOUSEHOLD,1,Clerk#000000730,1997-07-04,4716.68,198,1
F,5-LOW,0,HOUSEHOLD,14,Clerk#000000909,1995-01-09,5411.2,199,1
F,3-MEDIUM,1,HOUSEHOLD,3,Clerk#000000995,1992-05-09,794.47,808,1
O,3-MEDIUM,0,AUTOMOBILE,16,Clerk#000000830,1995-10-11,8137.66,467,1
F,2-HIGH,2,MACHINERY,12,Clerk#000000383,1992-08-29,3168.41,542,1
F,1-URGENT,3,FURNITURE,6,Clerk#000000367,1994-03-03,1834.36,405,1
F,2-HIGH,2,MACHINERY,9,Clerk#000000089,1992-07-30,9774.97,637,1
O,1-URGENT,2,AUTOMOBILE,18,Clerk#000000625,1996-04-05,3582.37,149,1
F,1-URGENT,4,HOUSEHOLD,20,Clerk#000000081,1993-12-23,8495.92,345,1
O,2-HIGH,0,BUILDING,15,Clerk#000000709,1998-06-29,8081.52,125,1
F,5-LOW,4,MACHINERY,4,Clerk#000000094,1992-07-10,1107.42,380,1
O,1-URGENT,4,AUTOMOBILE,11,Clerk#000000150,1996-08-07,4548.46,663,1
O,5-LOW,1,MACHINERY,2,Clerk#000000966,1997-03-04,2544.49,785,1
F,4-NOT SPECIFIED,4,AUTOMOBILE,10,Clerk#000000357,1994-10-13,1394.44,862,1
F,5-LOW,2,FURNITURE,9,Clerk#000000678,1993-11-01,884.2,490,1
O,4-NOT SPECIFIED,4,BUILDING,10,Clerk#000000823,1995-09-24,8217.23,827,1
O,2-HIGH,0,HOUSEHOLD,14,Clerk#000000780,1998-06-09,6344.18,493,1
F,4-NOT SPECIFIED,4,HOUSEHOLD,11,Clerk#000000754,1993-11-09,4130.18,54,1
F,4-NOT SPECIFIED,4,BUILDING,11,Clerk#000000548,1994-01-10,3374.92,366,1
O,5-LOW,0,HOUSEHOLD,5,Clerk#000000207,1996-07-07,3335.29,677,1
O,4-NOT SPECIFIED,3,BUILDING,23,Clerk#000000766,1998-05-20,5710.41,665,1
O,5-LOW,0,AUTOMOBILE,15,Clerk#000000658,1995-06-04,7420.6,614,1
F,2-HIGH,1,HOUSEHOLD,3,Clerk#000000302,1993-07-05,6603.43,220,1
O,5-LOW,1,MACHINERY,1,Clerk#000000945,1997-12-14,3288.42,797,1
O,1-URGENT,1,BUILDING,1,Clerk#000000065,1996-03-28,7568.07,591,1
O,4-NOT SPECIFIED,0,FURNITURE,0,Clerk#000000439,1996-04-08,2135.92,73,1
F,4-NOT SPECIFIED,0,AUTOMOBILE,16,Clerk#000000860,1993-10-08,1490.21,74,1
F,1-URGENT,2,AUTOMOBILE,12,Clerk#000000618,1992-11-06,3215.96,521,1
O,5-LOW,3,BUILDING,19,Clerk#000000534,1996-01-09,7772.85,699,1
O,3-MEDIUM,4,BUILDING,11,Clerk#000000980,1997-05-22,-181.63,412,1
O,1-URGENT,2,BUILDING,8,Clerk#000000400,1997-01-27,81.06,615,1
F,4-NOT SPECIFIED,3,AUTOMOBILE,6,Clerk#000000653,1993-10-11,3998.42,742,1
O,1-URGENT,0,AUTOMOBILE,0,Clerk#000000842,1997-08-15,738.79,775,1
O,5-LOW,0,MACHINERY,5,Clerk#000000492,1995-11-01,5027.75,510,1
F,2-HIGH,1,FURNITURE,17,Clerk#000000664,1994-09-21,4954.25,632,1
F,1-URGENT,2,BUILDING,21,Clerk#000000663,1994-11-02,2714.5,385,1
O,2-HIGH,2,HOUSEHOLD,9,Clerk#000000334,1995-09-29,6257.88,299,1
O,2-HIGH,0,BUILDING,16,Clerk#000000852,1996-02-19,1609.39,623,1
F,3-MEDIUM,0,BUILDING,5,Clerk#000000808,1993-11-26,6709.9,835,1
O,3-MEDIUM,3,HOUSEHOLD,19,Clerk#000000222,1998-03-19,956.88,216,1
O,3-MEDIUM,0,MACHINERY,0,Clerk#000000910,1995-12-25,4367.53,392,1
O,1-URGENT,2,HOUSEHOLD,8,Clerk#000000305,1997-11-27,1534.38,82,1
O,4-NOT SPECIFIED,3,BUILDING,19,Clerk#000000006,1997-09-13,5561.93,573,1
O,5-LOW,1,MACHINERY,3,Clerk#000000488,1998-04-04,4344.52,151,1
F,1-URGENT,2,HOUSEHOLD,21,Clerk#000000712,1992-01-19,6074.01,564,1
O,4-NOT SPECIFIED,3,HOUSEHOLD,19,Clerk#000000431,1997-11-12,4177.17,866,1
F,2-HIGH,4,BUILDING,10,Clerk#000000820,1993-04-12,5165.39,515,1
F,5-LOW,2,BUILDING,21,Clerk#000000581,1993-08-11,2106.81,334,1
O,4-NOT SPECIFIED,4,FURNITURE,10,Clerk#000000469,1995-12-24,2934.06,912,1
F,4-NOT SPECIFIED,4,FURNITURE,10,Clerk#000000326,1992-05-04,4573.94,295,1
F,2-HIGH,1,AUTOMOBILE,3,Clerk#000000329,1994-08-14,2155.06,749,1
F,5-LOW,2,MACHINERY,8,Clerk#000000958,1995-02-17,4086.56,228,1
O,3-MEDIUM,2,BUILDING,18,Clerk#000000838,1996-03-28,6003.09,880,1
F,4-NOT SPECIFIED,1,BUILDING,3,Clerk#000000124,1994-03-10,7905.17,813,1
F,2-HIGH,2,FURNITURE,18,Clerk#000000153,1993-10-23,807.37,343,1
F,3-MEDIUM,1,HOUSEHOLD,24,Clerk#000000227,1994-08-23,5527.61,419,1
O,3-MEDIUM,1,FURNITURE,24,Clerk#000000169,1996-01-11,9225.6,169,1
O,4-NOT SPECIFIED,3,HOUSEHOLD,23,Clerk#000000997,1997-01-03,1796.09,489,1
O,2-HIGH,4,MACHINERY,4,Clerk#000000811,1995-05-21,8167.5,758,1
O,1-URGENT,0,BUILDING,15,Clerk#000000698,1998-03-08,9234.5,805,1
F,5-LOW,0,BUILDING,0,Clerk#000000735,1993-07-18,2724.98,694,1
O,1-URGENT,2,AUTOMOBILE,18,Clerk#000000703,1996-03-31,9561.95,886,1
O,3-MEDIUM,2,AUTOMOBILE,18,Clerk#000000997,1997-08-06,9593.35,161,1
P,2-HIGH,2,FURNITURE,18,Clerk#000000249,1995-04-09,8341.71,617,1
F,4-NOT SPECIFIED,1,AUTOMOBILE,3,Clerk#000000096,1993-04-21,8137.24,124,1
F,5-LOW,4,FURNITURE,13,Clerk#000000280,1992-05-13,7073.17,437,1
F,5-LOW,1,MACHINERY,1,Clerk#000000766,1993-08-27,3288.42,797,1
O,1-URGENT,1,FURNITURE,1,Clerk#000000876,1995-07-28,-982.32,2,1
O,1-URGENT,4,BUILDING,13,Clerk#000000254,1998-07-27,8938.14,36,1
O,4-NOT SPECIFIED,4,HOUSEHOLD,11,Clerk#000000990,1997-08-28,5630.28,878,1
O,2-HIGH,0,AUTOMOBILE,16,Clerk#000000339,1997-03-02,8031.44,547,1
O,4-NOT SPECIFIED,1,FURNITURE,2,Clerk#000000618,1998-05-27,1416.75,444,1
O,1-URGENT,1,MACHINERY,1,Clerk#000000036,1998-03-07,3288.42,797,1
F,1-URGENT,3,BUILDING,23,Clerk#000000523,1993-04-01,9465.15,761,1
O,3-MEDIUM,1,HOUSEHOLD,24,Clerk#000000103,1996-09-22,5527.61,419,1
F,2-HIGH,0,MACHINERY,15,Clerk#000000244,1992-12-03,1725.68,844,1
O,3-MEDIUM,3,FURNITURE,23,Clerk#000000264,1998-04-28,5510.28,967,1
O,4-NOT SPECIFIED,0,BUILDING,14,Clerk#000000792,1996-12-07,7915.06,266,1
F,3-MEDIUM,1,HOUSEHOLD,1,Clerk#000000307,1992-07-30,705.93,523,1
F,3-MEDIUM,4,FURNITURE,20,Clerk#000000402,1994-12-09,9889.89,52,1
F,4-NOT SPECIFIED,3,AUTOMOBILE,7,Clerk#000000834,1992-03-16,5872.94,378,1
O,5-LOW,3,FURNITURE,23,Clerk#000000272,1996-08-09,2829.07,667,1
F,4-NOT SPECIFIED,3,BUILDING,22,Clerk#000000946,1994-02-09,4092.24,429,1
F,5-LOW,4,BUILDING,20,Clerk#000000372,1993-07-18,9680.51,938,1
F,4-NOT SPECIFIED,2,AUTOMOBILE,18,Clerk#000000761,1992-04-26,2501.74,485,1
F,4-NOT SPECIFIED,4,FURNITURE,4,Clerk#000000043,1992-05-13,9621.49,42,1
F,1-URGENT,1,AUTOMOBILE,2,Clerk#000000462,1993-03-18,3139.71,63,1
F,5-LOW,1,FURNITURE,24,Clerk#000000564,1992-02-27,9225.6,169,1
F,5-LOW,4,BUILDING,10,Clerk#000000750,1993-10-27,2222.65,469,1
O,1-URGENT,4,HOUSEHOLD,4,Clerk#000000549,1997-02-15,6004.52,657,1
F,5-LOW,3,MACHINERY,23,Clerk#000000853,1994-07-28,889.11,804,1
O,4-NOT SPECIFIED,4,BUILDING,11,Clerk#000000614,1996-05-09,9442.55,46,1
O,1-URGENT,3,AUTOMOBILE,23,Clerk#000000545,1997-08-13,8795.16,558,1
O,1-URGENT,2,FURNITURE,8,Clerk#000000152,1995-11-04,-77.63,857,1
F,1-URGENT,3,BUILDING,22,Clerk#000000735,1993-07-21,-881.7,829,1
O,2-HIGH,4,BUILDING,10,Clerk#000000120,1998-01-20,511.69,575,1
O,1-URGENT,2,HOUSEHOLD,9,Clerk#000000804,1997-03-29,6257.88,299,1
F,1-URGENT,1,HOUSEHOLD,2,Clerk#000000878,1993-03-23,8993.23,897,1
O,3-MEDIUM,1,HOUSEHOLD,17,Clerk#000000576,1995-07-26,1228.24,217,1
F,1-URGENT,1,HOUSEHOLD,2,Clerk#000000803,1994-08-15,9776.39,225,1
O,4-NOT SPECIFIED,3,FURNITURE,7,Clerk#000000550,1997-02-02,709.46,507,1
O,3-MEDIUM,1,BUILDING,17,Clerk#000000115,1995-12-09,7647.09,341,1
O,1-URGENT,4,BUILDING,20,Clerk#000000073,1998-04-13,3136.15,238,1
F,4-NOT SPECIFIED,4,BUILDING,13,Clerk#000000449,1994-03-12,8250.87,673,1
O,3-MEDIUM,1,BUILDING,2,Clerk#000000689,1996-06-04,6738.93,6,1
O,1-URGENT,1,BUILDING,17,Clerk#000000796,1997-12-30,1738.87,999,1
F,5-LOW,2,BUILDING,12,Clerk#000000045,1993-04-12,7161.52,549,1
O,4-NOT SPECIFIED,0,HOUSEHOLD,15,Clerk#000000546,1997-12-08,-774.47,972,1
O,2-HIGH,0,FURNITURE,14,Clerk#000000387,1997-10-06,6181.23,142,1
F,4-NOT SPECIFIED,1,MACHINERY,3,Clerk#000000325,1992-05-18,1809.04,33,1
O,5-LOW,0,BUILDING,15,Clerk#000000551,1996-01-10,7687.89,268,1
O,4-NOT SPECIFIED,1,AUTOMOBILE,2,Clerk#000000419,1995-07-07,1330.85,137,1
F,4-NOT SPECIFIED,0,AUTOMOBILE,14,Clerk#000000921,1994-09-01,5384.59,123,1
F,4-NOT SPECIFIED,2,FURNITURE,12,Clerk#000000159,1993-01-04,7133.7,50,1
O,5-LOW,3,HOUSEHOLD,7,Clerk#000000489,1998-07-23,639.93,135,1
F,4-NOT SPECIFIED,3,HOUSEHOLD,7,Clerk#000000817,1994-11-29,-611.19,64,1
P,2-HIGH,4,FURNITURE,10,Clerk#000000775,1995-05-12,1975.35,271,1
F,3-MEDIUM,0,FURNITURE,14,Clerk#000000266,1994-03-06,9281.72,409,1
F,1-URGENT,1,BUILDING,17,Clerk#000000306,1994-09-24,6819.74,27,1
O,2-HIGH,4,BUILDING,13,Clerk#000000701,1996-09-22,4198.72,22,1
F,4-NOT SPECIFIED,3,AUTOMOBILE,23,Clerk#000000984,1992-03-11,8795.16,558,1
O,5-LOW,4,AUTOMOBILE,4,Clerk#000000750,1997-04-27,5858.48,95,1
O,3-MEDIUM,4,FURNITURE,10,Clerk#000000532,1997-04-13,2042.21,538,1
F,2-HIGH,1,MACHINERY,3,Clerk#000000179,1992-02-17,4344.52,151,1
O,3-MEDIUM,0,BUILDING,14,Clerk#000000105,1998-02-07,7915.06,266,1
F,5-LOW,3,AUTOMOBILE,22,Clerk#000000477,1993-11-28,7789.14,864,1
O,3-MEDIUM,4,AUTOMOBILE,11,Clerk#000000990,1996-11-28,3883.18,535,1
F,1-URGENT,2,FURNITURE,9,Clerk#000000872,1993-11-08,5398.77,439,1
F,2-HIGH,3,FURNITURE,19,Clerk#000000234,1992-11-06,2990.18,327,1
O,1-URGENT,0,BUILDING,0,Clerk#000000127,1995-08-24,2072.99,147,1
F,3-MEDIUM,0,MACHINERY,16,Clerk#000000257,1994-09-25,1755.33,848,1
F,2-HIGH,2,HOUSEHOLD,8,Clerk#000000403,1993-02-05,6020.02,666,1
F,2-HIGH,1,BUILDING,17,Clerk#000000084,1992-12-05,6428.32,104,1
O,4-NOT SPECIFIED,0,HOUSEHOLD,15,Clerk#000000586,1998-07-15,2506.38,364,1
F,1-URGENT,0,FURNITURE,14,Clerk#000000793,1994-04-11,9281.72,409,1
O,1-URGENT,4,HOUSEHOLD,11,Clerk#000000464,1996-04-19,8595.53,838,1
O,4-NOT SPECIFIED,4,BUILDING,4,Clerk#000000528,1997-07-12,4804.57,126,1
F,4-NOT SPECIFIED,2,MACHINERY,21,Clerk#000000234,1992-02-27,6314.25,978,1
F,5-LOW,4,BUILDING,20,Clerk#000000992,1994-10-20,9680.51,938,1
F,5-LOW,4,HOUSEHOLD,11,Clerk#000000209,1992-07-15,3931.31,323,1
F,1-URGENT,2,AUTOMOBILE,8,Clerk#000000016,1993-10-30,6269.42,395,1
F,5-LOW,4,AUTOMOBILE,10,Clerk#000000203,1992-09-15,-922.69,179,1
O,2-HIGH,2,AUTOMOBILE,8,Clerk#000000283,1996-11-26,2066.79,713,1
F,1-URGENT,1,FURNITURE,2,Clerk#000000579,1995-03-28,8605.53,574,1
O,1-URGENT,4,HOUSEHOLD,10,Clerk#000000327,1998-06-20,5751.31,284,1
O,4-NOT SPECIFIED,2,MACHINERY,8,Clerk#000000056,1998-07-03,1526.59,787,1
F,3-MEDIUM,2,BUILDING,8,Clerk#000000592,1994-08-19,2005.02,607,1
O,2-HIGH,2,HOUSEHOLD,12,Clerk#000000096,1997-07-01,938.35,292,1
F,2-HIGH,1,FURNITURE,17,Clerk#000000690,1995-01-09,7305.88,300,1
F,1-URGENT,0,MACHINERY,15,Clerk#000000655,1994-04-03,5121.28,513,1
F,2-HIGH,2,HOUSEHOLD,9,Clerk#000000476,1994-08-02,-202.22,532,1
O,2-HIGH,0,BUILDING,15,Clerk#000000802,1995-10-29,711.56,865,1
O,1-URGENT,0,FURNITURE,14,Clerk#000000277,1996-09-20,8727.9,860,1
F,1-URGENT,2,FURNITURE,9,Clerk#000000774,1992-05-25,3929.96,460,1
F,3-MEDIUM,1,BUILDING,24,Clerk#000000999,1993-06-26,5152.42,224,1
O,1-URGENT,4,MACHINERY,20,Clerk#000000946,1996-09-21,8997.6,985,1
F,3-MEDIUM,4,HOUSEHOLD,13,Clerk#000000721,1994-07-05,9748.93,176,1
O,5-LOW,4,BUILDING,10,Clerk#000000331,1997-02-12,1733.76,29,1
F,2-HIGH,1,MACHINERY,24,Clerk#000000525,1993-09-20,7491.42,113,1
O,2-HIGH,3,MACHINERY,19,Clerk#000000207,1995-07-30,1422.57,833,1
O,3-MEDIUM,4,BUILDING,10,Clerk#000000591,1997-01-09,511.69,575,1
F,1-URGENT,3,BUILDING,7,Clerk#000000876,1994-11-21,8227.37,730,1
F,5-LOW,4,BUILDING,10,Clerk#000000960,1992-12-03,6368.38,651,1
O,4-NOT SPECIFIED,4,BUILDING,13,Clerk#000000290,1997-11-15,6553.37,306,1
F,2-HIGH,3,BUILDING,7,Clerk#000000798,1993-02-25,3869.25,518,1
O,4-NOT SPECIFIED,3,FURNITURE,19,Clerk#000000814,1997-02-20,1647.05,241,1
O,2-HIGH,0,FURNITURE,14,Clerk#000000213,1996-07-26,7059.15,316,1
O,5-LOW,2,AUTOMOBILE,18,Clerk#000000622,1996-12-09,1137.67,868,1
O,4-NOT SPECIFIED,4,FURNITURE,4,Clerk#000000408,1997-08-30,2688.88,427,1
F,5-LOW,3,MACHINERY,23,Clerk#000000609,1993-04-11,1043.72,810,1
F,4-NOT SPECIFIED,4,HOUSEHOLD,13,Clerk#000000112,1994-06-15,9585.32,900,1
F,5-LOW,1,AUTOMOBILE,3,Clerk#000000803,1992-06-24,6444.82,280,1
O,5-LOW,2,MACHINERY,9,Clerk#000000668,1997-08-12,4389.66,585,1
O,1-URGENT,3,MACHINERY,19,Clerk#000000410,1998-07-26,6807.55,635,1
F,3-MEDIUM,0,FURNITURE,15,Clerk#000000004,1992-07-14,6988.55,482,1
O,2-HIGH,4,HOUSEHOLD,20,Clerk#000000982,1997-12-05,2110.59,436,1
F,4-NOT SPECIFIED,0,BUILDING,15,Clerk#000000571,1993-11-29,-951.53,302,1
F,1-URGENT,0,MACHINERY,16,Clerk#000000428,1993-09-27,6582.04,204,1
F,4-NOT SPECIFIED,2,AUTOMOBILE,21,Clerk#000000313,1994-12-28,9177.63,61,1
O,4-NOT SPECIFIED,4,FURNITURE,20,Clerk#000000882,1996-08-09,8746.23,59,1
F,3-MEDIUM,0,FURNITURE,14,Clerk#000000154,1993-09-16,1724.68,138,1
O,4-NOT SPECIFIED,0,FURNITURE,0,Clerk#000000641,1996-02-17,3229.18,561,1
F,1-URGENT,2,BUILDING,21,Clerk#000000214,1994-08-08,5275.88,193,1
O,1-URGENT,0,FURNITURE,0,Clerk#000000263,1995-11-30,2135.92,73,1
F,1-URGENT,1,BUILDING,24,Clerk#000000345,1994-09-16,8117.27,89,1
O,2-HIGH,0,MACHINERY,16,Clerk#000000077,1996-04-18,9786.36,281,1
O,3-MEDIUM,2,HOUSEHOLD,8,Clerk#000000491,1996-09-25,7658.97,837,1
O,5-LOW,0,HOUSEHOLD,15,Clerk#000000447,1997-09-12,4113.64,655,1
O,2-HIGH,0,FURNITURE,0,Clerk#000000941,1998-07-16,1295.54,458,1
F,3-MEDIUM,1,AUTOMOBILE,3,Clerk#000000513,1994-08-25,8137.24,124,1
F,5-LOW,0,BUILDING,15,Clerk#000000961,1994-06-20,8878.22,815,1
O,1-URGENT,1,BUILDING,3,Clerk#000000042,1995-10-09,2326.75,344,1
O,2-HIGH,2,BUILDING,21,Clerk#000000478,1997-10-22,3812.84,394,1
F,2-HIGH,3,BUILDING,23,Clerk#000000088,1992-10-25,-565.35,107,1
O,3-MEDIUM,2,HOUSEHOLD,9,Clerk#000000614,1997-09-17,5073.58,447,1
O,3-MEDIUM,3,HOUSEHOLD,7,Clerk#000000357,1998-02-23,7511.17,159,1
O,5-LOW,4,MACHINERY,4,Clerk#000000402,1997-11-20,1107.42,380,1
F,5-LOW,4,HOUSEHOLD,13,Clerk#000000547,1994-12-31,3694.81,43,1
F,4-NOT SPECIFIED,2,AUTOMOBILE,18,Clerk#000000875,1992-01-10,3582.37,149,1
O,3-MEDIUM,1,HOUSEHOLD,2,Clerk#000000280,1997-10-14,990.58,421,1
F,4-NOT SPECIFIED,0,BUILDING,16,Clerk#000000781,1994-06-12,3109.96,630,1
F,2-HIGH,4,FURNITURE,13,Clerk#000000185,1992-05-06,5744.89,303,1
O,2-HIGH,3,AUTOMOBILE,23,Clerk#000000972,1996-08-23,6589.5,725,1
F,4-NOT SPECIFIED,2,MACHINERY,21,Clerk#000000435,1994-01-03,6314.25,978,1
F,1-URGENT,1,BUILDING,3,Clerk#000000409,1994-04-22,7905.17,813,1
F,4-NOT SPECIFIED,2,AUTOMOBILE,21,Clerk#000000151,1992-10-09,9177.63,61,1
O,5-LOW,1,HOUSEHOLD,3,Clerk#000000598,1997-01-28,2584.23,172,1
F,2-HIGH,0,BUILDING,5,Clerk#000000881,1994-11-11,3247.92,670,1
O,1-URGENT,1,BUILDING,2,Clerk#000000506,1998-02-22,4946.21,55,1
F,4-NOT SPECIFIED,1,BUILDING,17,Clerk#000000757,1992-04-28,1376.67,583,1
F,3-MEDIUM,0,MACHINERY,15,Clerk#000000121,1994-02-21,1725.68,844,1
F,2-HIGH,2,HOUSEHOLD,9,Clerk#000000316,1992-10-31,5706.19,314,1
O,4-NOT SPECIFIED,1,BUILDING,3,Clerk#000000956,1998-07-27,7905.17,813,1
O,4-NOT SPECIFIED,0,FURNITURE,5,Clerk#000000483,1997-09-30,9849.87,406,1
P,5-LOW,2,AUTOMOBILE,9,Clerk#000000112,1995-03-15,8730.85,160,1
F,5-LOW,2,MACHINERY,21,Clerk#000000448,1993-02-22,5878.21,215,1
F,3-MEDIUM,2,BUILDING,8,Clerk#000000101,1994-01-13,81.06,615,1
O,1-URGENT,3,BUILDING,7,Clerk#000000124,1998-05-07,957.58,631,1
F,1-URGENT,2,MACHINERY,8,Clerk#000000694,1994-01-19,4086.56,228,1
F,3-MEDIUM,1,AUTOMOBILE,17,Clerk#000000494,1993-06-29,2164.48,361,1
O,1-URGENT,4,HOUSEHOLD,11,Clerk#000000979,1997-09-27,3931.31,323,1
O,3-MEDIUM,0,MACHINERY,14,Clerk#000000857,1996-09-07,7667.35,604,1
F,4-NOT SPECIFIED,1,HOUSEHOLD,3,Clerk#000000177,1992-03-16,8315.09,710,1
F,3-MEDIUM,2,MACHINERY,8,Clerk#000000827,1993-05-08,3993.54,722,1
F,4-NOT SPECIFIED,2,HOUSEHOLD,9,Clerk#000000039,1994-03-16,5073.58,447,1
F,3-MEDIUM,3,MACHINERY,22,Clerk#000000293,1992-04-10,0.97,423,1
O,4-NOT SPECIFIED,4,AUTOMOBILE,10,Clerk#000000879,1997-11-15,1939.39,520,1
F,3-MEDIUM,1,FURNITURE,1,Clerk#000000752,1992-07-11,6898.65,888,1
O,4-NOT SPECIFIED,2,HOUSEHOLD,21,Clerk#000000069,1997-06-29,3195.96,85,1
F,1-URGENT,1,FURNITURE,24,Clerk#000000560,1993-06-15,-723.49,291,1
O,4-NOT SPECIFIED,1,BUILDING,3,Clerk#000000371,1995-06-03,7149.43,347,1
O,3-MEDIUM,2,AUTOMOBILE,18,Clerk#000000501,1995-08-15,8303.09,430,1
F,3-MEDIUM,4,AUTOMOBILE,10,Clerk#000000764,1993-08-04,1939.39,520,1
O,3-MEDIUM,0,MACHINERY,16,Clerk#000000906,1997-03-22,1755.33,848,1
O,3-MEDIUM,2,FURNITURE,21,Clerk#000000142,1996-01-08,7157.21,226,1
F,1-URGENT,2,AUTOMOBILE,21,Clerk#000000426,1992-11-22,3420.64,654,1
O,4-NOT SPECIFIED,0,HOUSEHOLD,14,Clerk#000000894,1997-08-05,6693.36,91,1
F,5-LOW,3,BUILDING,23,Clerk#000000997,1995-02-22,2873.49,948,1
F,4-NOT SPECIFIED,4,MACHINERY,20,Clerk#000000863,1992-07-19,2354.06,994,1
O,4-NOT SPECIFIED,4,HOUSEHOLD,10,Clerk#000000741,1996-01-10,5751.31,284,1
P,2-HIGH,1,BUILDING,24,Clerk#000000354,1995-03-18,9712.75,498,1
O,2-HIGH,1,BUILDING,1,Clerk#000000885,1997-02-01,1222.21,820,1
O,3-MEDIUM,4,FURNITURE,10,Clerk#000000982,1996-09-23,-588.38,258,1
O,5-LOW,2,BUILDING,8,Clerk#000000196,1996-08-12,1215.18,873,1
O,2-HIGH,4,HOUSEHOLD,20,Clerk#000000061,1998-02-20,4489.98,13,1
O,1-URGENT,1,BUILDING,17,Clerk#000000538,1997-07-21,6428.32,104,1
F,3-MEDIUM,0,BUILDING,15,Clerk#000000581,1992-05-18,9234.5,805,1
F,4-NOT SPECIFIED,4,BUILDING,13,Clerk#000000302,1993-04-01,2837.96,76,1
O,2-HIGH,2,BUILDING,21,Clerk#000000427,1998-03-15,2714.5,385,1
F,3-MEDIUM,0,MACHINERY,5,Clerk#000000829,1993-11-14,-44.66,684,1
P,3-MEDIUM,1,AUTOMOBILE,3,Clerk#000000642,1995-06-11,9008.61,417,1
F,4-NOT SPECIFIED,0,BUILDING,15,Clerk#000000276,1993-12-11,9234.5,805,1
F,1-URGENT,1,FURNITURE,24,Clerk#000000641,1992-12-31,2336.99,44,1
F,3-MEDIUM,0,BUILDING,0,Clerk#000000711,1992-06-17,4288.5,739,1
O,3-MEDIUM,1,BUILDING,2,Clerk#000000875,1996-10-10,90.22,94,1
O,1-URGENT,4,HOUSEHOLD,11,Clerk#000000081,1996-12-18,2135.6,580,1
O,1-URGENT,2,HOUSEHOLD,18,Clerk#000000222,1998-02-23,8914.71,81,1
F,2-HIGH,0,HOUSEHOLD,0,Clerk#000000894,1994-04-27,5481,594,1
F,4-NOT SPECIFIED,4,AUTOMOBILE,10,Clerk#000000385,1993-06-15,5453.74,832,1
O,2-HIGH,2,MACHINERY,12,Clerk#000000115,1995-10-23,8647.42,146,1
O,5-LOW,4,BUILDING,20,Clerk#000000605,1997-01-13,3136.15,238,1
F,2-HIGH,4,FURNITURE,20,Clerk#000000185,1992-12-30,8746.23,59,1
O,3-MEDIUM,2,HOUSEHOLD,9,Clerk#000000590,1998-03-10,6257.88,299,1
O,3-MEDIUM,0,MACHINERY,0,Clerk#000000269,1995-06-22,-270.59,606,1
O,5-LOW,2,HOUSEHOLD,9,Clerk#000000363,1997-02-21,6257.88,299,1
O,1-URGENT,4,FURNITURE,4,Clerk#000000013,1997-03-13,774.23,288,1
O,1-URGENT,4,FURNITURE,10,Clerk#000000791,1997-01-21,6227.55,377,1
O,2-HIGH,4,HOUSEHOLD,13,Clerk#000000708,1995-04-12,4128.86,693,1
F,1-URGENT,2,FURNITURE,21,Clerk#000000026,1992-06-02,7157.21,226,1
O,3-MEDIUM,0,BUILDING,15,Clerk#000000513,1996-06-16,9768.73,811,1
O,2-HIGH,2,MACHINERY,9,Clerk#000000163,1997-04-13,4910.48,171,1
F,2-HIGH,0,MACHINERY,0,Clerk#000000948,1993-10-19,1696.95,968,1
F,4-NOT SPECIFIED,4,AUTOMOBILE,11,Clerk#000000112,1994-10-14,7252.65,478,1
O,4-NOT SPECIFIED,3,HOUSEHOLD,19,Clerk#000000485,1995-08-27,5187.02,650,1
O,5-LOW,4,FURNITURE,20,Clerk#000000686,1998-05-31,6397.58,404,1
F,3-MEDIUM,3,FURNITURE,23,Clerk#000000770,1994-11-10,1437.55,384,1
O,3-MEDIUM,1,BUILDING,17,Clerk#000000077,1997-09-10,6428.32,104,1
F,2-HIGH,4,HOUSEHOLD,13,Clerk#000000769,1992-01-31,4351.09,598,1
F,1-URGENT,4,AUTOMOBILE,10,Clerk#000000024,1993-06-16,1915.53,649,1
F,1-URGENT,1,BUILDING,17,Clerk#000000260,1994-10-02,6428.32,104,1
F,5-LOW,0,MACHINERY,16,Clerk#000000272,1994-04-20,9566.15,294,1
O,4-NOT SPECIFIED,0,MACHINERY,16,Clerk#000000471,1996-12-15,2061.45,798,1
O,4-NOT SPECIFIED,3,BUILDING,23,Clerk#000000399,1997-06-04,8876.1,683,1
P,5-LOW,0,AUTOMOBILE,16,Clerk#000000134,1995-04-10,1490.21,74,1
O,3-MEDIUM,2,MACHINERY,12,Clerk#000000219,1996-11-14,2263.25,601,1
O,2-HIGH,0,BUILDING,15,Clerk#000000681,1997-12-12,5685.59,949,1
O,1-URGENT,1,MACHINERY,2,Clerk#000000961,1996-06-05,5830.69,567,1
O,1-URGENT,4,HOUSEHOLD,4,Clerk#000000275,1997-03-07,7979.48,519,1
F,4-NOT SPECIFIED,2,FURNITURE,18,Clerk#000000927,1993-08-29,8429.33,244,1
O,2-HIGH,4,BUILDING,13,Clerk#000000868,1998-03-16,2837.96,76,1
O,1-URGENT,3,HOUSEHOLD,22,Clerk#000000984,1996-05-04,-109.73,17,1
O,2-HIGH,3,AUTOMOBILE,7,Clerk#000000472,1996-03-28,6134.4,947,1
O,2-HIGH,1,HOUSEHOLD,24,Clerk#000000532,1998-06-06,2369.01,618,1
F,5-LOW,2,AUTOMOBILE,12,Clerk#000000877,1993-05-18,8364.99,950,1
F,1-URGENT,0,AUTOMOBILE,16,Clerk#000000769,1994-01-18,4878.1,48,1
O,3-MEDIUM,4,AUTOMOBILE,11,Clerk#000000593,1996-03-23,1657.46,71,1
O,2-HIGH,3,MACHINERY,19,Clerk#000000832,1996-07-09,70.93,21,1
F,2-HIGH,4,AUTOMOBILE,4,Clerk#000000879,1993-06-04,5858.48,95,1
O,4-NOT SPECIFIED,3,HOUSEHOLD,22,Clerk#000000257,1997-02-02,2924.78,689,1
O,5-LOW,2,FURNITURE,8,Clerk#000000034,1997-02-13,-77.63,857,1
O,5-LOW,1,HOUSEHOLD,3,Clerk#000000337,1998-01-26,6603.43,220,1
F,2-HIGH,1,MACHINERY,2,Clerk#000000528,1994-01-23,2544.49,785,1
O,1-URGENT,1,AUTOMOBILE,2,Clerk#000000864,1998-03-21,1543.64,486,1
O,2-HIGH,3,HOUSEHOLD,19,Clerk#000000941,1998-01-10,4177.17,866,1
F,1-URGENT,4,HOUSEHOLD,10,Clerk#000000013,1994-07-08,5751.31,284,1
O,4-NOT SPECIFIED,1,AUTOMOBILE,3,Clerk#000000200,1995-09-05,-301.75,379,1
F,1-URGENT,2,HOUSEHOLD,12,Clerk#000000843,1994-03-19,6381.24,416,1
F,1-URGENT,1,BUILDING,3,Clerk#000000673,1992-09-22,9459.5,158,1
O,2-HIGH,0,FURNITURE,15,Clerk#000000661,1996-09-21,3160.23,892,1
O,1-URGENT,3,AUTOMOBILE,7,Clerk#000000070,1997-09-19,6134.4,947,1
O,2-HIGH,2,BUILDING,21,Clerk#000000426,1996-12-18,5465.29,539,1
O,5-LOW,4,FURNITURE,13,Clerk#000000244,1997-01-23,5744.89,303,1
O,1-URGENT,4,HOUSEHOLD,4,Clerk#000000963,1996-07-31,1735.44,611,1
O,3-MEDIUM,0,BUILDING,14,Clerk#000000253,1995-07-06,5812.93,236,1
O,2-HIGH,0,BUILDING,0,Clerk#000000242,1997-11-19,2409.69,374,1
F,4-NOT SPECIFIED,4,FURNITURE,4,Clerk#000000541,1994-03-28,9621.49,42,1
O,3-MEDIUM,1,FURNITURE,17,Clerk#000000758,1997-08-19,7305.88,300,1
F,1-URGENT,2,MACHINERY,12,Clerk#000000334,1995-03-05,6963.68,629,1
O,2-HIGH,3,MACHINERY,23,Clerk#000000404,1995-08-09,459.22,189,1
O,1-URGENT,2,AUTOMOBILE,18,Clerk#000000068,1997-10-16,9561.95,886,1
O,2-HIGH,3,FURNITURE,19,Clerk#000000160,1997-12-26,4695.12,501,1
O,3-MEDIUM,3,FURNITURE,22,Clerk#000000549,1997-02-18,7603.4,958,1
F,3-MEDIUM,3,FURNITURE,23,Clerk#000000040,1992-12-11,2317.93,433,1
O,1-URGENT,0,FURNITURE,5,Clerk#000000562,1996-11-12,9849.87,406,1
F,2-HIGH,1,HOUSEHOLD,3,Clerk#000000258,1993-12-01,2584.23,172,1
F,4-NOT SPECIFIED,4,FURNITURE,13,Clerk#000000737,1993-02-17,-375.76,389,1
F,3-MEDIUM,3,FURNITURE,19,Clerk#000000182,1992-01-02,1647.05,241,1
O,3-MEDIUM,3,BUILDING,22,Clerk#000000808,1996-12-29,6463.51,246,1
F,4-NOT SPECIFIED,2,BUILDING,21,Clerk#000000559,1992-11-02,5465.29,539,1
F,2-HIGH,0,HOUSEHOLD,14,Clerk#000000113,1994-04-01,1209.37,472,1
O,3-MEDIUM,2,FURNITURE,21,Clerk#000000553,1996-09-13,2272.5,346,1
O,1-URGENT,4,HOUSEHOLD,4,Clerk#000000830,1997-11-04,6004.52,657,1
O,2-HIGH,4,MACHINERY,4,Clerk#000000892,1998-06-24,2866.83,72,1
F,5-LOW,2,AUTOMOBILE,8,Clerk#000000076,1994-07-02,6269.42,395,1
F,5-LOW,4,HOUSEHOLD,11,Clerk#000000257,1992-02-01,2975.43,28,1
F,5-LOW,2,MACHINERY,8,Clerk#000000418,1993-10-15,4571.78,156,1
O,2-HIGH,0,MACHINERY,0,Clerk#000000689,1996-10-15,949.68,80,1
F,4-NOT SPECIFIED,4,AUTOMOBILE,10,Clerk#000000748,1992-07-23,1939.39,520,1
F,4-NOT SPECIFIED,1,FURNITURE,2,Clerk#000000880,1992-11-17,1416.75,444,1
F,5-LOW,0,AUTOMOBILE,5,Clerk#000000445,1993-10-07,3035.29,807,1
O,2-HIGH,4,BUILDING,13,Clerk#000000093,1997-06-04,2837.96,76,1
O,3-MEDIUM,4,AUTOMOBILE,11,Clerk#000000525,1995-08-12,3883.18,535,1
O,1-URGENT,2,AUTOMOBILE,18,Clerk#000000374,1996-07-20,2501.74,485,1
F,2-HIGH,3,HOUSEHOLD,6,Clerk#000000491,1992-02-15,5503.36,732,1
O,4-NOT SPECIFIED,0,HOUSEHOLD,15,Clerk#000000172,1996-01-18,7734.64,755,1
F,1-URGENT,2,MACHINERY,18,Clerk#000000925,1994-02-14,6403.62,1,1
F,2-HIGH,0,BUILDING,15,Clerk#000000749,1994-07-03,7687.89,268,1
P,5-LOW,2,MACHINERY,8,Clerk#000000612,1995-03-11,4086.56,228,1
F,2-HIGH,2,FURNITURE,18,Clerk#000000816,1993-07-11,7760.33,274,1
O,2-HIGH,4,BUILDING,13,Clerk#000000862,1995-07-22,8404.9,88,1
O,1-URGENT,0,FURNITURE,14,Clerk#000000073,1995-09-11,420.97,925,1
O,5-LOW,4,BUILDING,10,Clerk#000000864,1995-10-08,511.69,575,1
F,5-LOW,0,HOUSEHOLD,16,Clerk#000000789,1992-09-07,3482.32,455,1
O,2-HIGH,3,AUTOMOBILE,6,Clerk#000000649,1998-07-03,7077.79,714,1
O,4-NOT SPECIFIED,1,MACHINERY,3,Clerk#000000250,1998-06-03,1809.04,33,1
O,5-LOW,2,MACHINERY,12,Clerk#000000813,1997-09-24,6963.68,629,1
F,5-LOW,3,BUILDING,22,Clerk#000000671,1994-09-20,6044.02,503,1
F,5-LOW,4,HOUSEHOLD,13,Clerk#000000109,1992-01-08,3694.81,43,1
O,1-URGENT,2,BUILDING,18,Clerk#000000751,1995-11-04,1685.9,134,1
O,3-MEDIUM,0,BUILDING,0,Clerk#000000177,1998-06-08,702.73,477,1
O,4-NOT SPECIFIED,2,AUTOMOBILE,9,Clerk#000000332,1998-03-01,441.44,712,1
F,3-MEDIUM,1,MACHINERY,1,Clerk#000000128,1993-05-23,9114.68,240,1
F,3-MEDIUM,0,AUTOMOBILE,5,Clerk#000000067,1994-10-19,3035.29,807,1
F,5-LOW,4,BUILDING,10,Clerk#000000969,1993-01-03,8217.23,827,1
F,5-LOW,3,BUILDING,22,Clerk#000000952,1993-10-19,-881.7,829,1
O,2-HIGH,0,BUILDING,14,Clerk#000000238,1997-05-07,2011.11,905,1
O,1-URGENT,1,FURNITURE,17,Clerk#000000824,1996-10-28,1536.24,911,1
O,3-MEDIUM,0,BUILDING,14,Clerk#000000143,1996-03-05,-61.29,290,1
O,1-URGENT,4,MACHINERY,13,Clerk#000000379,1995-06-23,-897.04,531,1
F,1-URGENT,3,BUILDING,23,Clerk#000000460,1994-09-03,4466.3,584,1
F,1-URGENT,4,AUTOMOBILE,10,Clerk#000000826,1992-01-26,5453.74,832,1
O,4-NOT SPECIFIED,4,BUILDING,10,Clerk#000000559,1996-02-21,5165.39,515,1
O,5-LOW,1,MACHINERY,24,Clerk#000000763,1995-03-15,2925.52,876,1
F,1-URGENT,1,BUILDING,2,Clerk#000000052,1992-10-23,6738.93,6,1
F,2-HIGH,2,AUTOMOBILE,18,Clerk#000000963,1992-05-19,6840.29,991,1
O,4-NOT SPECIFIED,3,HOUSEHOLD,23,Clerk#000000759,1998-06-16,32.24,451,1
F,1-URGENT,3,AUTOMOBILE,7,Clerk#000000101,1992-04-16,6134.4,947,1
O,2-HIGH,4,BUILDING,4,Clerk#000000264,1998-05-29,260.71,646,1
F,3-MEDIUM,4,BUILDING,10,Clerk#000000675,1992-08-16,-275.73,304,1
F,3-MEDIUM,2,MACHINERY,12,Clerk#000000340,1993-10-05,3279.84,106,1
O,5-LOW,0,AUTOMOBILE,5,Clerk#000000227,1996-04-05,170.27,51,1
F,5-LOW,4,FURNITURE,13,Clerk#000000038,1994-03-13,7073.17,437,1
F,4-NOT SPECIFIED,4,HOUSEHOLD,11,Clerk#000000102,1995-02-04,2975.43,28,1
F,3-MEDIUM,0,AUTOMOBILE,0,Clerk#000000194,1992-01-03,5391.74,536,1
O,2-HIGH,4,FURNITURE,10,Clerk#000000990,1995-10-22,6227.55,377,1
O,4-NOT SPECIFIED,4,BUILDING,11,Clerk#000000094,1996-05-10,2860.71,431,1
F,4-NOT SPECIFIED,4,BUILDING,11,Clerk#000000622,1992-07-29,9442.55,46,1
O,3-MEDIUM,4,FURNITURE,20,Clerk#000000970,1998-03-31,9889.89,52,1
F,5-LOW,3,BUILDING,23,Clerk#000000457,1994-09-17,8876.1,683,1
O,5-LOW,4,BUILDING,20,Clerk#000000298,1996-04-03,7476.2,68,1
P,3-MEDIUM,0,HOUSEHOLD,15,Clerk#000000828,1995-03-25,4113.64,655,1
F,1-URGENT,1,AUTOMOBILE,1,Clerk#000000141,1993-06-30,8990.07,210,1
O,1-URGENT,3,MACHINERY,23,Clerk#000000404,1997-04-16,8024.55,932,1
O,4-NOT SPECIFIED,0,HOUSEHOLD,0,Clerk#000000559,1997-08-12,5481,594,1
O,4-NOT SPECIFIED,2,AUTOMOBILE,12,Clerk#000000944,1998-05-15,1499.56,586,1
F,4-NOT SPECIFIED,3,AUTOMOBILE,6,Clerk#000000061,1993-11-24,4396.25,442,1
F,5-LOW,1,MACHINERY,1,Clerk#000000656,1993-01-03,7009.42,605,1
F,4-NOT SPECIFIED,4,BUILDING,13,Clerk#000000033,1993-02-07,6553.37,306,1
F,1-URGENT,0,MACHINERY,0,Clerk#000000163,1993-01-03,9217.55,62,1
O,5-LOW,4,MACHINERY,10,Clerk#000000617,1997-05-08,4572.11,819,1
O,2-HIGH,4,HOUSEHOLD,4,Clerk#000000394,1995-07-31,7979.48,519,1
F,2-HIGH,2,BUILDING,18,Clerk#000000861,1993-02-18,1685.9,134,1
O,5-LOW,1,FURNITURE,24,Clerk#000000123,1997-08-12,3366.61,940,1
F,3-MEDIUM,4,FURNITURE,13,Clerk#000000641,1992-06-09,3635.35,434,1
F,2-HIGH,1,FURNITURE,3,Clerk#000000085,1992-01-09,7746.97,101,1
O,5-LOW,0,HOUSEHOLD,0,Clerk#000000132,1996-03-02,9497.89,737,1
F,3-MEDIUM,3,BUILDING,23,Clerk#000000023,1992-06-26,2894.22,254,1
O,5-LOW,4,AUTOMOBILE,10,Clerk#000000643,1998-04-04,212.16,286,1
O,3-MEDIUM,0,BUILDING,5,Clerk#000000126,1998-01-05,9562.82,791,1
F,3-MEDIUM,4,AUTOMOBILE,11,Clerk#000000147,1993-04-16,1657.46,71,1
O,1-URGENT,4,FURNITURE,13,Clerk#000000143,1996-08-02,909.84,840,1
O,2-HIGH,3,MACHINERY,19,Clerk#000000646,1998-01-05,70.93,21,1
F,5-LOW,2,BUILDING,12,Clerk#000000247,1992-05-03,6343.64,621,1
F,3-MEDIUM,4,BUILDING,13,Clerk#000000458,1993-11-10,-341.79,729,1
F,2-HIGH,0,FURNITURE,0,Clerk#000000947,1992-04-23,3229.18,561,1
F,5-LOW,0,MACHINERY,16,Clerk#000000187,1994-06-09,1755.33,848,1
O,4-NOT SPECIFIED,2,MACHINERY,12,Clerk#000000975,1998-07-30,7929.9,132,1
O,4-NOT SPECIFIED,0,HOUSEHOLD,15,Clerk#000000026,1995-11-02,8589.7,20,1
F,4-NOT SPECIFIED,0,MACHINERY,16,Clerk#000000828,1994-03-03,9786.36,281,1
F,4-NOT SPECIFIED,3,BUILDING,7,Clerk#000000411,1992-04-09,8227.37,730,1
F,4-NOT SPECIFIED,4,HOUSEHOLD,4,Clerk#000000941,1992-02-16,1735.44,611,1
P,1-URGENT,0,BUILDING,15,Clerk#000000729,1995-03-24,9559.04,579,1
O,4-NOT SPECIFIED,1,BUILDING,1,Clerk#000000145,1998-01-08,5512.73,428,1
O,2-HIGH,2,AUTOMOBILE,9,Clerk#000000862,1997-07-29,6569.34,571,1
O,5-LOW,4,HOUSEHOLD,20,Clerk#000000528,1997-05-25,8438.4,441,1
O,3-MEDIUM,0,HOUSEHOLD,5,Clerk#000000675,1997-07-09,2753.54,315,1
O,2-HIGH,1,AUTOMOBILE,17,Clerk#000000237,1995-12-05,2164.48,361,1
O,3-MEDIUM,0,MACHINERY,0,Clerk#000000021,1996-10-11,1696.95,968,1
O,4-NOT SPECIFIED,0,FURNITURE,16,Clerk#000000109,1996-02-19,5030.24,391,1
O,5-LOW,4,MACHINERY,4,Clerk#000000319,1998-02-13,2866.83,72,1
F,3-MEDIUM,2,MACHINERY,12,Clerk#000000025,1994-06-01,8174.82,475,1
O,4-NOT SPECIFIED,4,AUTOMOBILE,11,Clerk#000000629,1995-06-02,4548.46,663,1
F,3-MEDIUM,1,FURNITURE,2,Clerk#000000231,1993-06-17,238.14,743,1
O,1-URGENT,3,HOUSEHOLD,23,Clerk#000000637,1996-03-09,1796.09,489,1
O,2-HIGH,4,BUILDING,20,Clerk#000000957,1997-09-24,3136.15,238,1
F,5-LOW,3,FURNITURE,23,Clerk#000000021,1994-09-14,2317.93,433,1
O,4-NOT SPECIFIED,1,FURNITURE,2,Clerk#000000512,1997-04-20,3274.3,686,1
F,2-HIGH,4,FURNITURE,10,Clerk#000000235,1994-09-20,-588.38,258,1
F,2-HIGH,4,HOUSEHOLD,20,Clerk#000000771,1993-12-20,8438.4,441,1
F,5-LOW,3,FURNITURE,23,Clerk#000000520,1993-02-15,2829.07,667,1
O,1-URGENT,4,MACHINERY,10,Clerk#000000223,1998-05-02,9158.91,180,1
F,2-HIGH,0,AUTOMOBILE,15,Clerk#000000457,1994-09-02,2669.01,484,1
O,2-HIGH,3,MACHINERY,19,Clerk#000000018,1997-08-10,2603,111,1
O,3-MEDIUM,3,BUILDING,19,Clerk#000000176,1997-07-21,7772.85,699,1
F,5-LOW,3,HOUSEHOLD,7,Clerk#000000208,1993-10-19,-611.19,64,1
F,2-HIGH,1,FURNITURE,1,Clerk#000000060,1994-12-15,-982.32,2,1
O,2-HIGH,3,AUTOMOBILE,6,Clerk#000000030,1997-08-02,3288.76,678,1
O,4-NOT SPECIFIED,3,HOUSEHOLD,6,Clerk#000000409,1997-12-05,5503.36,732,1
F,4-NOT SPECIFIED,0,FURNITURE,5,Clerk#000000682,1992-09-05,7541.05,269,1
O,2-HIGH,3,HOUSEHOLD,23,Clerk#000000098,1995-12-10,1796.09,489,1
F,4-NOT SPECIFIED,1,AUTOMOBILE,3,Clerk#000000290,1993-01-20,8137.24,124,1
O,1-URGENT,4,MACHINERY,13,Clerk#000000497,1996-02-15,-897.04,531,1
F,4-NOT SPECIFIED,1,AUTOMOBILE,2,Clerk#000000533,1993-04-06,5340.67,93,1
O,2-HIGH,2,FURNITURE,21,Clerk#000000626,1997-09-13,2990.73,282,1
F,1-URGENT,2,FURNITURE,12,Clerk#000000754,1992-11-30,8982.79,0,1
O,5-LOW,0,FURNITURE,15,Clerk#000000915,1995-10-01,9647.58,283,1
F,1-URGENT,2,FURNITURE,9,Clerk#000000984,1994-07-17,4286.94,602,1
F,3-MEDIUM,2,MACHINERY,9,Clerk#000000237,1995-01-05,8747.99,340,1
O,5-LOW,2,HOUSEHOLD,8,Clerk#000000200,1997-06-07,6020.02,666,1
F,1-URGENT,0,HOUSEHOLD,5,Clerk#000000483,1992-09-20,5950.86,867,1
O,5-LOW,3,AUTOMOBILE,6,Clerk#000000307,1996-02-05,7077.79,714,1
O,3-MEDIUM,0,BUILDING,14,Clerk#000000042,1998-02-10,-98.46,141,1
O,3-MEDIUM,2,HOUSEHOLD,18,Clerk#000000643,1995-12-19,8914.71,81,1
F,4-NOT SPECIFIED,2,FURNITURE,9,Clerk#000001000,1992-03-20,3929.96,460,1
O,1-URGENT,4,HOUSEHOLD,13,Clerk#000000850,1996-02-08,9585.32,900,1
F,1-URGENT,1,AUTOMOBILE,3,Clerk#000000084,1994-07-17,6444.82,280,1
O,5-LOW,1,BUILDING,2,Clerk#000000094,1998-04-10,4667.12,645,1
O,4-NOT SPECIFIED,0,FURNITURE,0,Clerk#000000385,1996-11-08,2130.98,369,1
F,1-URGENT,1,BUILDING,3,Clerk#000000987,1993-10-05,7905.17,813,1
F,2-HIGH,2,AUTOMOBILE,12,Clerk#000000024,1993-12-07,1194.33,239,1
O,5-LOW,0,BUILDING,0,Clerk#000000128,1996-06-15,662.67,570,1
O,1-URGENT,1,BUILDING,2,Clerk#000000426,1996-08-13,4667.12,645,1
F,3-MEDIUM,3,HOUSEHOLD,19,Clerk#000000237,1994-08-03,3061.58,335,1
O,5-LOW,2,AUTOMOBILE,21,Clerk#000000039,1995-06-13,6533.53,265,1
F,5-LOW,4,BUILDING,20,Clerk#000000312,1992-08-19,3231.33,363,1
O,2-HIGH,3,HOUSEHOLD,23,Clerk#000000952,1996-06-01,4822.08,776,1
F,3-MEDIUM,4,BUILDING,20,Clerk#000000089,1994-04-29,2724.8,709,1
O,5-LOW,2,AUTOMOBILE,18,Clerk#000000456,1997-05-14,3653.64,426,1
O,4-NOT SPECIFIED,1,BUILDING,24,Clerk#000000828,1996-04-20,9712.75,498,1
O,3-MEDIUM,0,BUILDING,15,Clerk#000000515,1996-05-06,8878.22,815,1
O,2-HIGH,3,FURNITURE,7,Clerk#000000334,1997-10-25,-842.39,524,1
O,2-HIGH,1,HOUSEHOLD,24,Clerk#000000713,1998-03-24,2369.01,618,1
F,2-HIGH,4,BUILDING,13,Clerk#000000488,1993-05-18,8404.9,88,1
O,2-HIGH,2,FURNITURE,9,Clerk#000000697,1997-04-06,884.2,490,1
O,1-URGENT,0,MACHINERY,5,Clerk#000000957,1998-04-11,2020.15,896,1
F,2-HIGH,2,FURNITURE,21,Clerk#000000413,1993-06-06,2272.5,346,1
O,2-HIGH,4,AUTOMOBILE,13,Clerk#000000953,1996-09-03,6123.69,653,1
F,5-LOW,1,BUILDING,17,Clerk#000000021,1992-08-11,6819.74,27,1
O,5-LOW,1,BUILDING,24,Clerk#000000980,1998-07-11,4349.73,322,1
F,2-HIGH,3,HOUSEHOLD,22,Clerk#000000085,1992-11-20,5420.32,175,1
F,3-MEDIUM,1,AUTOMOBILE,2,Clerk#000000255,1992-07-04,1543.64,486,1
O,2-HIGH,0,BUILDING,14,Clerk#000000236,1998-02-17,-52.35,639,1
O,2-HIGH,2,FURNITURE,21,Clerk#000000903,1995-08-16,2272.5,346,1
F,1-URGENT,4,BUILDING,20,Clerk#000000925,1994-03-24,8156.62,975,1
O,4-NOT SPECIFIED,0,HOUSEHOLD,16,Clerk#000000207,1998-07-31,5824.88,701,1
O,5-LOW,4,MACHINERY,11,Clerk#000000026,1997-02-28,1959.17,660,1
O,3-MEDIUM,4,FURNITURE,13,Clerk#000000714,1996-04-14,4571.31,823,1
O,1-URGENT,1,AUTOMOBILE,3,Clerk#000000245,1996-10-16,9128.69,252,1
F,1-URGENT,4,MACHINERY,20,Clerk#000000860,1993-09-11,7555.16,780,1
F,3-MEDIUM,3,FURNITURE,23,Clerk#000000601,1992-02-22,1709.5,435,1
O,4-NOT SPECIFIED,3,AUTOMOBILE,6,Clerk#000000644,1997-05-13,4396.25,442,1
F,3-MEDIUM,3,FURNITURE,22,Clerk#000000093,1993-03-06,7576.55,691,1
O,1-URGENT,0,BUILDING,5,Clerk#000000289,1997-10-08,9562.82,791,1
F,1-URGENT,2,AUTOMOBILE,9,Clerk#000000656,1994-09-20,-307.61,982,1
O,2-HIGH,0,HOUSEHOLD,15,Clerk#000000824,1997-07-19,8589.7,20,1
O,1-URGENT,0,MACHINERY,16,Clerk#000000350,1996-02-18,1755.33,848,1
F,4-NOT SPECIFIED,3,AUTOMOBILE,19,Clerk#000000459,1992-10-19,2135.91,41,1
F,5-LOW,4,MACHINERY,4,Clerk#000000380,1993-01-08,2866.83,72,1
F,5-LOW,2,HOUSEHOLD,18,Clerk#000000792,1994-01-16,8914.71,81,1
F,3-MEDIUM,2,FURNITURE,9,Clerk#000000548,1992-06-04,5398.77,439,1
O,5-LOW,0,BUILDING,15,Clerk#000000102,1998-05-03,19.31,799,1
F,4-NOT SPECIFIED,3,MACHINERY,6,Clerk#000000993,1992-09-14,4266.13,908,1
F,3-MEDIUM,1,HOUSEHOLD,3,Clerk#000000959,1993-12-14,2584.23,172,1
O,5-LOW,0,AUTOMOBILE,0,Clerk#000000585,1996-08-21,5391.74,536,1
F,3-MEDIUM,0,HOUSEHOLD,14,Clerk#000000421,1994-04-19,6693.36,91,1
O,2-HIGH,1,BUILDING,24,Clerk#000000512,1996-09-30,753.62,706,1
F,1-URGENT,4,HOUSEHOLD,11,Clerk#000000710,1994-12-08,5920.09,587,1
O,4-NOT SPECIFIED,1,AUTOMOBILE,1,Clerk#000000354,1996-07-04,8990.07,210,1
F,1-URGENT,3,AUTOMOBILE,19,Clerk#000000946,1992-12-01,253.59,308,1
F,4-NOT SPECIFIED,3,HOUSEHOLD,23,Clerk#000000735,1994-11-09,1796.09,489,1
F,1-URGENT,2,AUTOMOBILE,9,Clerk#000000007,1994-05-09,8730.85,160,1
F,4-NOT SPECIFIED,3,HOUSEHOLD,7,Clerk#000000671,1992-01-26,7511.17,159,1
O,4-NOT SPECIFIED,4,HOUSEHOLD,10,Clerk#000000698,1996-06-21,6392,495,1
F,4-NOT SPECIFIED,1,AUTOMOBILE,3,Clerk#000000033,1992-01-12,9008.61,417,1
F,2-HIGH,2,BUILDING,9,Clerk#000000263,1995-02-25,5794.69,56,1
O,2-HIGH,1,BUILDING,1,Clerk#000000792,1998-04-20,3893.14,140,1
F,2-HIGH,0,AUTOMOBILE,15,Clerk#000000421,1993-12-16,5212.43,658,1
F,2-HIGH,2,AUTOMOBILE,8,Clerk#000000868,1992-12-21,3905.97,530,1
F,2-HIGH,2,HOUSEHOLD,8,Clerk#000000583,1994-12-10,6359.27,164,1
F,5-LOW,3,AUTOMOBILE,23,Clerk#000000710,1992-05-18,-808.13,652,1
O,2-HIGH,3,AUTOMOBILE,19,Clerk#000000905,1997-06-10,85.05,105,1
F,5-LOW,0,HOUSEHOLD,15,Clerk#000000010,1994-10-11,7734.64,755,1
O,1-URGENT,0,AUTOMOBILE,15,Clerk#000000962,1996-01-04,3903.54,924,1
F,5-LOW,4,BUILDING,11,Clerk#000000749,1994-04-25,-651.91,696,1
F,1-URGENT,2,FURNITURE,8,Clerk#000000614,1994-12-25,4578.24,497,1
O,1-URGENT,4,HOUSEHOLD,11,Clerk#000000770,1998-03-27,5920.09,587,1
O,1-URGENT,4,FURNITURE,20,Clerk#000000784,1997-09-20,5867.61,853,1
O,1-URGENT,4,BUILDING,10,Clerk#000000237,1996-07-01,2311,778,1
F,4-NOT SPECIFIED,0,HOUSEHOLD,14,Clerk#000000682,1993-12-25,6344.18,493,1
F,4-NOT SPECIFIED,1,BUILDING,3,Clerk#000000501,1993-10-09,3857.34,212,1
O,1-URGENT,4,BUILDING,13,Clerk#000000567,1997-05-05,4198.72,22,1
O,2-HIGH,4,FURNITURE,10,Clerk#000000577,1996-12-14,1975.35,271,1
O,1-URGENT,4,MACHINERY,20,Clerk#000000076,1997-01-19,2354.06,994,1
F,4-NOT SPECIFIED,2,AUTOMOBILE,18,Clerk#000000370,1992-07-02,9561.95,886,1
O,5-LOW,4,HOUSEHOLD,10,Clerk#000000637,1996-07-14,270.95,638,1
O,1-URGENT,0,AUTOMOBILE,0,Clerk#000000696,1998-05-01,738.79,775,1
F,1-URGENT,0,AUTOMOBILE,16,Clerk#000000226,1995-02-07,4231.45,596,1
O,3-MEDIUM,1,FURNITURE,24,Clerk#000000825,1997-06-14,-723.49,291,1
F,2-HIGH,4,FURNITURE,10,Clerk#000000806,1992-08-01,4573.94,295,1
O,4-NOT SPECIFIED,4,MACHINERY,20,Clerk#000000430,1996-12-06,3942.11,418,1
F,1-URGENT,1,HOUSEHOLD,3,Clerk#000000656,1992-08-05,794.47,808,1
O,5-LOW,4,AUTOMOBILE,10,Clerk#000000633,1998-07-17,-215.75,527,1
O,5-LOW,4,AUTOMOBILE,11,Clerk#000000522,1995-07-22,8136.53,309,1
O,1-URGENT,2,BUILDING,12,Clerk#000000178,1995-08-29,594.5,402,1
O,1-URGENT,1,AUTOMOBILE,3,Clerk#000000497,1995-06-19,9008.61,417,1
O,2-HIGH,3,MACHINERY,23,Clerk#000000330,1998-01-24,52.43,600,1
F,2-HIGH,4,MACHINERY,4,Clerk#000000395,1993-04-10,-43.08,627,1
O,5-LOW,2,MACHINERY,12,Clerk#000000702,1996-04-14,6464.77,731,1
F,1-URGENT,3,HOUSEHOLD,7,Clerk#000000434,1994-05-08,876.02,312,1
F,2-HIGH,2,BUILDING,9,Clerk#000000721,1994-12-23,2757.45,806,1
O,5-LOW,1,FURNITURE,3,Clerk#000000052,1996-09-18,7746.97,101,1
O,1-URGENT,1,BUILDING,17,Clerk#000000752,1997-11-16,-858.61,889,1
F,4-NOT SPECIFIED,4,FURNITURE,4,Clerk#000000787,1994-02-23,5439.44,121,1
O,2-HIGH,0,BUILDING,14,Clerk#000000176,1997-11-20,3170.47,165,1
F,5-LOW,4,HOUSEHOLD,4,Clerk#000000251,1994-08-11,-986.96,802,1
F,2-HIGH,3,AUTOMOBILE,23,Clerk#000000628,1993-12-06,6589.5,725,1
O,4-NOT SPECIFIED,4,FURNITURE,10,Clerk#000000657,1998-04-03,-588.38,258,1
O,5-LOW,4,BUILDING,11,Clerk#000000355,1995-07-11,-651.91,696,1
F,2-HIGH,0,FURNITURE,0,Clerk#000000675,1992-01-19,8635.49,986,1
O,2-HIGH,3,AUTOMOBILE,22,Clerk#000000777,1995-11-08,6718.78,834,1
F,5-LOW,2,BUILDING,21,Clerk#000000087,1994-05-08,5465.29,539,1
F,2-HIGH,4,AUTOMOBILE,10,Clerk#000000573,1992-02-12,1394.44,862,1
O,2-HIGH,1,HOUSEHOLD,24,Clerk#000000878,1998-02-18,2369.01,618,1
O,2-HIGH,4,HOUSEHOLD,11,Clerk#000000113,1998-03-08,5920.09,587,1
O,4-NOT SPECIFIED,0,HOUSEHOLD,15,Clerk#000000985,1998-07-24,8865.61,765,1
F,4-NOT SPECIFIED,4,AUTOMOBILE,10,Clerk#000000348,1992-09-17,-932.96,572,1
O,3-MEDIUM,0,BUILDING,0,Clerk#000000501,1998-07-26,2072.99,147,1
F,1-URGENT,3,FURNITURE,6,Clerk#000000957,1992-01-05,-526.14,757,1
O,5-LOW,3,HOUSEHOLD,22,Clerk#000000316,1998-01-14,2924.78,689,1
O,5-LOW,4,HOUSEHOLD,11,Clerk#000000355,1995-07-13,8595.53,838,1
F,2-HIGH,2,FURNITURE,21,Clerk#000000155,1993-11-02,2990.73,282,1
F,4-NOT SPECIFIED,2,MACHINERY,9,Clerk#000000232,1993-09-28,4389.66,585,1
F,2-HIGH,2,AUTOMOBILE,12,Clerk#000000118,1994-04-13,1194.33,239,1
O,4-NOT SPECIFIED,1,AUTOMOBILE,3,Clerk#000000177,1996-09-17,754.41,367,1
O,2-HIGH,4,MACHINERY,13,Clerk#000000581,1995-12-09,-897.04,531,1
O,4-NOT SPECIFIED,2,HOUSEHOLD,18,Clerk#000000070,1997-02-26,8914.71,81,1
O,3-MEDIUM,1,FURNITURE,2,Clerk#000000569,1998-02-10,238.14,743,1
F,2-HIGH,2,MACHINERY,21,Clerk#000000263,1994-11-23,5878.21,215,1
F,1-URGENT,4,HOUSEHOLD,13,Clerk#000000034,1994-04-14,4128.86,693,1
F,1-URGENT,1,MACHINERY,1,Clerk#000000539,1993-06-20,3458.6,382,1
F,4-NOT SPECIFIED,0,AUTOMOBILE,16,Clerk#000000903,1995-01-05,7315.94,324,1
F,5-LOW,0,FURNITURE,14,Clerk#000000850,1992-03-21,6935.16,483,1
O,5-LOW,3,HOUSEHOLD,19,Clerk#000000280,1997-09-10,5187.02,650,1
F,1-URGENT,0,AUTOMOBILE,5,Clerk#000000677,1995-02-02,1652.78,863,1
O,5-LOW,4,BUILDING,13,Clerk#000000949,1996-05-27,4990.92,49,1
O,1-URGENT,4,FURNITURE,13,Clerk#000000003,1995-10-05,-375.76,389,1
O,4-NOT SPECIFIED,3,MACHINERY,19,Clerk#000000781,1998-06-10,70.93,21,1
O,1-URGENT,1,HOUSEHOLD,1,Clerk#000000816,1998-01-09,4716.68,198,1
F,2-HIGH,0,HOUSEHOLD,14,Clerk#000000925,1994-05-07,6693.36,91,1
O,2-HIGH,0,BUILDING,0,Clerk#000000855,1996-04-21,4517.33,376,1
F,5-LOW,3,BUILDING,19,Clerk#000000595,1993-05-09,1498.46,957,1
O,5-LOW,4,AUTOMOBILE,11,Clerk#000000950,1997-09-06,5134.35,668,1
O,1-URGENT,4,BUILDING,4,Clerk#000000687,1996-03-22,-405.91,556,1
O,1-URGENT,2,FURNITURE,18,Clerk#000000515,1997-06-19,807.37,343,1
O,1-URGENT,4,MACHINERY,13,Clerk#000000520,1997-05-09,1808.23,825,1
F,1-URGENT,0,HOUSEHOLD,14,Clerk#000000475,1993-10-10,1799.67,720,1
F,4-NOT SPECIFIED,3,HOUSEHOLD,6,Clerk#000000500,1993-03-24,2273.5,828,1
F,2-HIGH,2,AUTOMOBILE,12,Clerk#000000532,1994-09-25,5392.3,57,1
F,4-NOT SPECIFIED,2,AUTOMOBILE,18,Clerk#000000545,1993-01-18,3653.64,426,1
F,1-URGENT,2,HOUSEHOLD,12,Clerk#000000444,1993-07-05,938.35,292,1
O,1-URGENT,4,AUTOMOBILE,20,Clerk#000000421,1996-05-30,-919.65,977,1
F,3-MEDIUM,1,MACHINERY,3,Clerk#000000055,1993-12-09,591.98,625,1
F,5-LOW,1,AUTOMOBILE,3,Clerk#000000569,1993-01-22,-556.05,506,1
O,5-LOW,0,BUILDING,16,Clerk#000000744,1997-04-15,9967.6,782,1
F,4-NOT SPECIFIED,4,HOUSEHOLD,20,Clerk#000000948,1992-04-16,1634.7,533,1
F,1-URGENT,0,HOUSEHOLD,16,Clerk#000000591,1992-09-22,3482.32,455,1
F,2-HIGH,2,HOUSEHOLD,9,Clerk#000000781,1992-10-27,6257.88,299,1
F,4-NOT SPECIFIED,0,BUILDING,15,Clerk#000000941,1993-12-04,8465.15,705,1
O,5-LOW,2,MACHINERY,9,Clerk#000000986,1997-11-19,7897.78,552,1
F,3-MEDIUM,4,AUTOMOBILE,10,Clerk#000000433,1993-07-06,5453.74,832,1
O,4-NOT SPECIFIED,2,MACHINERY,12,Clerk#000000380,1995-07-23,8174.82,475,1
F,3-MEDIUM,3,HOUSEHOLD,6,Clerk#000000678,1993-08-29,5503.36,732,1
F,5-LOW,4,HOUSEHOLD,11,Clerk#000000149,1993-03-24,5630.28,878,1
O,5-LOW,1,HOUSEHOLD,2,Clerk#000000718,1995-08-25,6074.42,445,1
F,5-LOW,3,HOUSEHOLD,22,Clerk#000000071,1993-04-12,554.71,768,1
O,4-NOT SPECIFIED,1,AUTOMOBILE,2,Clerk#000000025,1997-07-31,8216.79,659,1
O,5-LOW,2,MACHINERY,9,Clerk#000000870,1998-08-02,4389.66,585,1
O,3-MEDIUM,2,AUTOMOBILE,12,Clerk#000000047,1995-11-03,1194.33,239,1
F,3-MEDIUM,1,BUILDING,3,Clerk#000000777,1994-11-17,3857.34,212,1
O,4-NOT SPECIFIED,3,BUILDING,19,Clerk#000000809,1996-01-30,2583.91,60,1
F,2-HIGH,3,MACHINERY,6,Clerk#000000298,1995-02-02,2892.21,260,1
F,5-LOW,3,MACHINERY,19,Clerk#000000732,1993-07-29,-303.95,211,1
F,5-LOW,4,FURNITURE,4,Clerk#000000191,1993-10-07,9207.16,522,1
O,3-MEDIUM,3,HOUSEHOLD,6,Clerk#000000830,1996-12-13,5503.36,732,1
O,3-MEDIUM,3,BUILDING,22,Clerk#000000166,1997-02-14,6035.44,777,1
O,3-MEDIUM,1,AUTOMOBILE,3,Clerk#000000100,1998-05-28,-275.58,103,1
F,1-URGENT,3,FURNITURE,23,Clerk#000000252,1992-12-04,4092.49,766,1
F,4-NOT SPECIFIED,4,HOUSEHOLD,13,Clerk#000000273,1993-12-20,4351.09,598,1
F,5-LOW,1,AUTOMOBILE,3,Clerk#000000586,1994-09-24,-301.75,379,1
F,1-URGENT,0,HOUSEHOLD,15,Clerk#000000093,1992-06-14,4582.28,333,1
O,5-LOW,4,MACHINERY,4,Clerk#000000407,1998-03-25,-43.08,627,1
F,2-HIGH,3,BUILDING,22,Clerk#000000581,1992-03-18,6044.02,503,1
F,3-MEDIUM,2,FURNITURE,18,Clerk#000000899,1993-03-08,7760.33,274,1
F,3-MEDIUM,3,BUILDING,22,Clerk#000000196,1993-01-23,-881.7,829,1
P,3-MEDIUM,2,MACHINERY,12,Clerk#000000881,1995-03-12,8174.82,475,1
F,5-LOW,2,MACHINERY,12,Clerk#000000974,1992-10-19,7292.93,906,1
F,3-MEDIUM,0,AUTOMOBILE,16,Clerk#000000762,1993-10-20,1490.21,74,1
F,1-URGENT,3,FURNITURE,19,Clerk#000000043,1994-08-03,4425.42,40,1
F,5-LOW,2,AUTOMOBILE,12,Clerk#000000768,1992-03-31,3215.96,521,1
F,2-HIGH,0,MACHINERY,0,Clerk#000000462,1994-02-21,-270.59,606,1
F,1-URGENT,0,FURNITURE,0,Clerk#000000189,1994-02-28,2135.92,73,1
O,5-LOW,4,AUTOMOBILE,4,Clerk#000000117,1997-11-21,8121.84,525,1
P,4-NOT SPECIFIED,4,BUILDING,4,Clerk#000000129,1995-03-31,-258.77,734,1
O,5-LOW,1,BUILDING,17,Clerk#000000332,1998-02-05,2718.02,79,1
O,5-LOW,1,BUILDING,2,Clerk#000000278,1996-06-25,4667.12,645,1
F,3-MEDIUM,2,HOUSEHOLD,9,Clerk#000000453,1994-08-13,5500.11,115,1
F,2-HIGH,2,AUTOMOBILE,18,Clerk#000000110,1993-12-14,4967.24,471,1
O,5-LOW,0,HOUSEHOLD,16,Clerk#000000191,1998-03-31,2961.79,155,1
F,2-HIGH,0,FURNITURE,5,Clerk#000000025,1993-11-17,1211.39,669,1
O,1-URGENT,4,AUTOMOBILE,4,Clerk#000000977,1997-05-07,6679.75,480,1
F,4-NOT SPECIFIED,2,BUILDING,21,Clerk#000000224,1992-09-16,2106.81,334,1
F,3-MEDIUM,0,BUILDING,14,Clerk#000000520,1994-01-23,9043.55,100,1
P,4-NOT SPECIFIED,0,HOUSEHOLD,0,Clerk#000000368,1995-03-24,6115.81,267,1
P,2-HIGH,4,FURNITURE,11,Clerk#000000998,1995-04-21,-425.09,964,1
F,2-HIGH,4,HOUSEHOLD,13,Clerk#000000014,1993-12-29,4429.81,812,1
O,2-HIGH,4,FURNITURE,4,Clerk#000000092,1996-10-09,-774.22,387,1
O,3-MEDIUM,1,HOUSEHOLD,17,Clerk#000000748,1996-01-06,2675.73,184,1
F,1-URGENT,3,HOUSEHOLD,23,Clerk#000000956,1992-10-11,-549.73,35,1
F,1-URGENT,4,MACHINERY,20,Clerk#000000792,1994-01-11,3942.11,418,1
F,1-URGENT,2,AUTOMOBILE,21,Clerk#000000647,1994-06-07,2226.8,883,1
O,5-LOW,4,AUTOMOBILE,11,Clerk#000000375,1996-05-18,8136.53,309,1
F,1-URGENT,0,AUTOMOBILE,14,Clerk#000000377,1993-02-27,5384.59,123,1
F,2-HIGH,2,MACHINERY,12,Clerk#000000343,1994-11-02,3279.84,106,1
F,1-URGENT,2,AUTOMOBILE,18,Clerk#000000592,1994-04-07,9593.35,161,1
F,4-NOT SPECIFIED,2,FURNITURE,9,Clerk#000000563,1993-03-31,3929.96,460,1
F,3-MEDIUM,1,BUILDING,17,Clerk#000000873,1993-01-21,7647.09,341,1
O,2-HIGH,3,FURNITURE,22,Clerk#000000907,1996-02-15,-213.85,191,1
F,3-MEDIUM,3,FURNITURE,22,Clerk#000000101,1993-03-03,-213.85,191,1
O,1-URGENT,4,MACHINERY,4,Clerk#000000162,1995-11-02,3942.58,871,1
O,4-NOT SPECIFIED,2,MACHINERY,12,Clerk#000000406,1997-01-21,2263.25,601,1
O,1-URGENT,1,AUTOMOBILE,1,Clerk#000000526,1995-07-06,8990.07,210,1
O,3-MEDIUM,4,FURNITURE,10,Clerk#000000028,1996-07-06,3959.71,350,1
F,2-HIGH,3,BUILDING,7,Clerk#000000259,1994-06-30,448.49,11,1
F,3-MEDIUM,2,AUTOMOBILE,8,Clerk#000000751,1994-06-11,2066.79,713,1
F,4-NOT SPECIFIED,0,HOUSEHOLD,14,Clerk#000000403,1992-06-09,1209.37,472,1
F,3-MEDIUM,0,FURNITURE,5,Clerk#000000036,1993-01-07,7541.05,269,1
O,4-NOT SPECIFIED,1,MACHINERY,3,Clerk#000000938,1996-08-22,2233.1,443,1
F,2-HIGH,0,BUILDING,15,Clerk#000000701,1992-03-17,7687.89,268,1
F,1-URGENT,4,BUILDING,10,Clerk#000000047,1994-04-26,2222.65,469,1
F,2-HIGH,3,FURNITURE,19,Clerk#000000294,1992-05-27,4695.12,501,1
F,3-MEDIUM,1,BUILDING,2,Clerk#000000609,1994-09-29,4667.12,645,1
F,3-MEDIUM,4,HOUSEHOLD,10,Clerk#000000911,1992-03-28,6392,495,1
F,4-NOT SPECIFIED,0,HOUSEHOLD,5,Clerk#000000589,1993-05-10,-902.48,996,1
O,4-NOT SPECIFIED,1,HOUSEHOLD,17,Clerk#000000409,1996-02-18,204.84,200,1
O,2-HIGH,0,AUTOMOBILE,16,Clerk#000000162,1996-07-09,-761.7,8,1
F,3-MEDIUM,3,HOUSEHOLD,22,Clerk#000000518,1994-11-17,5420.32,175,1
P,4-NOT SPECIFIED,3,MACHINERY,22,Clerk#000000693,1995-05-18,84.72,748,1
O,1-URGENT,0,HOUSEHOLD,5,Clerk#000000105,1995-09-20,2753.54,315,1
F,3-MEDIUM,2,AUTOMOBILE,9,Clerk#000000429,1993-09-08,2326.68,751,1
F,4-NOT SPECIFIED,4,HOUSEHOLD,20,Clerk#000000971,1992-06-26,8450.37,770,1
O,2-HIGH,4,FURNITURE,20,Clerk#000000605,1996-06-01,8018.81,4,1
P,1-URGENT,4,AUTOMOBILE,11,Clerk#000000419,1995-05-08,5134.35,668,1
O,4-NOT SPECIFIED,2,MACHINERY,21,Clerk#000000793,1997-05-21,5878.21,215,1
F,3-MEDIUM,0,BUILDING,16,Clerk#000000330,1994-06-27,2256.36,719,1
O,1-URGENT,0,BUILDING,16,Clerk#000000050,1998-05-18,9131.64,407,1
O,3-MEDIUM,1,BUILDING,3,Clerk#000000838,1995-10-29,5149.23,540,1
F,5-LOW,1,FURNITURE,1,Clerk#000000378,1994-05-09,7543.01,626,1
F,2-HIGH,3,FURNITURE,6,Clerk#000000964,1992-07-03,-526.14,757,1
O,1-URGENT,4,HOUSEHOLD,13,Clerk#000000941,1997-07-26,4333.37,352,1
O,5-LOW,1,MACHINERY,2,Clerk#000000769,1996-10-13,-43.79,756,1
F,3-MEDIUM,0,BUILDING,0,Clerk#000000208,1994-07-18,662.67,570,1
F,1-URGENT,3,BUILDING,23,Clerk#000000370,1994-11-17,4936.25,636,1
O,3-MEDIUM,0,MACHINERY,16,Clerk#000000689,1997-11-25,2061.45,798,1
O,5-LOW,1,BUILDING,3,Clerk#000000248,1995-11-16,5149.23,540,1
O,3-MEDIUM,2,FURNITURE,9,Clerk#000000859,1997-02-04,4799.98,420,1
F,3-MEDIUM,0,FURNITURE,0,Clerk#000000868,1993-08-10,5184.7,275,1
O,1-URGENT,1,FURNITURE,2,Clerk#000000672,1997-09-05,3274.3,686,1
O,5-LOW,0,BUILDING,15,Clerk#000000451,1996-03-08,7687.89,268,1
O,4-NOT SPECIFIED,4,HOUSEHOLD,11,Clerk#000000832,1997-01-20,7462.2,293,1
O,2-HIGH,4,MACHINERY,13,Clerk#000000029,1998-05-17,4363.17,264,1
F,3-MEDIUM,4,MACHINERY,13,Clerk#000000222,1993-07-20,1808.23,825,1
F,4-NOT SPECIFIED,4,BUILDING,13,Clerk#000000651,1993-03-15,1317.56,16,1
F,1-URGENT,4,HOUSEHOLD,13,Clerk#000000780,1993-02-26,6478.46,499,1
O,3-MEDIUM,4,BUILDING,11,Clerk#000000915,1996-12-24,-181.63,412,1
O,4-NOT SPECIFIED,2,AUTOMOBILE,8,Clerk#000000982,1997-08-03,5795.15,760,1
P,2-HIGH,4,FURNITURE,20,Clerk#000000687,1995-05-09,6397.58,404,1
O,3-MEDIUM,2,AUTOMOBILE,8,Clerk#000000558,1998-06-29,5466.83,551,1
F,3-MEDIUM,3,AUTOMOBILE,19,Clerk#000000652,1992-01-22,5810.56,98,1
O,2-HIGH,4,BUILDING,4,Clerk#000000653,1997-11-15,90.45,792,1
O,4-NOT SPECIFIED,0,FURNITURE,0,Clerk#000000311,1998-01-10,7618.27,588,1
P,5-LOW,0,AUTOMOBILE,16,Clerk#000000207,1995-03-16,-761.7,8,1
F,1-URGENT,1,BUILDING,3,Clerk#000000295,1994-09-22,7905.17,813,1
F,1-URGENT,4,BUILDING,13,Clerk#000000716,1992-10-06,1317.56,16,1
F,1-URGENT,3,MACHINERY,7,Clerk#000000229,1994-09-10,595.61,34,1
O,3-MEDIUM,4,FURNITURE,20,Clerk#000000811,1998-01-18,8018.81,4,1
O,5-LOW,3,HOUSEHOLD,6,Clerk#000000002,1995-10-22,5503.36,732,1
F,3-MEDIUM,3,AUTOMOBILE,23,Clerk#000000573,1992-03-08,378.33,675,1
F,1-URGENT,4,HOUSEHOLD,13,Clerk#000000167,1993-12-22,3686.07,850,1
F,3-MEDIUM,2,BUILDING,18,Clerk#000000160,1993-11-27,108.14,305,1
F,2-HIGH,4,FURNITURE,10,Clerk#000000349,1993-09-20,4524.45,901,1
F,5-LOW,3,MACHINERY,19,Clerk#000000184,1992-09-25,6239.89,162,1
F,4-NOT SPECIFIED,4,FURNITURE,20,Clerk#000000773,1992-06-10,8746.23,59,1
O,4-NOT SPECIFIED,1,BUILDING,1,Clerk#000000138,1996-08-23,2650.27,285,1
F,1-URGENT,3,MACHINERY,23,Clerk#000000106,1994-11-14,1043.72,810,1
F,2-HIGH,2,MACHINERY,18,Clerk#000000419,1992-07-16,7055.13,287,1
F,4-NOT SPECIFIED,1,HOUSEHOLD,2,Clerk#000000302,1992-10-12,9776.39,225,1
P,1-URGENT,3,MACHINERY,6,Clerk#000000485,1995-03-26,9103.33,261,1
F,5-LOW,2,AUTOMOBILE,9,Clerk#000000227,1992-10-27,2326.68,751,1
O,4-NOT SPECIFIED,0,MACHINERY,16,Clerk#000000589,1996-11-20,7917.9,816,1
F,2-HIGH,4,AUTOMOBILE,11,Clerk#000000041,1994-02-03,7252.65,478,1
O,1-URGENT,0,HOUSEHOLD,5,Clerk#000000341,1997-06-02,2023.59,397,1
F,1-URGENT,4,BUILDING,13,Clerk#000000578,1995-04-03,3367.36,66,1
F,2-HIGH,4,MACHINERY,20,Clerk#000000548,1992-10-23,2354.06,994,1
F,3-MEDIUM,3,MACHINERY,6,Clerk#000000692,1992-02-15,2892.21,260,1
O,2-HIGH,1,AUTOMOBILE,17,Clerk#000000902,1997-06-23,2164.48,361,1
F,5-LOW,1,MACHINERY,1,Clerk#000000142,1992-10-12,7960.63,895,1
O,1-URGENT,4,FURNITURE,11,Clerk#000000235,1995-10-21,3061.78,803,1
F,3-MEDIUM,3,BUILDING,7,Clerk#000000884,1994-02-15,4349.27,415,1
F,4-NOT SPECIFIED,0,MACHINERY,5,Clerk#000000967,1994-07-01,5027.75,510,1
F,2-HIGH,4,BUILDING,11,Clerk#000000264,1992-12-03,3374.92,366,1
O,5-LOW,3,MACHINERY,23,Clerk#000000315,1995-08-16,4079.18,512,1
F,1-URGENT,0,HOUSEHOLD,5,Clerk#000000925,1992-05-04,2753.54,315,1
F,1-URGENT,1,AUTOMOBILE,24,Clerk#000000106,1993-08-28,126.97,992,1
O,3-MEDIUM,4,FURNITURE,10,Clerk#000000944,1997-12-07,1975.35,271,1
F,4-NOT SPECIFIED,4,MACHINERY,4,Clerk#000000039,1994-03-23,7503.3,934,1
F,4-NOT SPECIFIED,1,FURNITURE,24,Clerk#000000826,1992-11-11,4038.45,112,1
O,4-NOT SPECIFIED,4,BUILDING,10,Clerk#000000398,1997-04-14,-275.73,304,1
F,1-URGENT,3,BUILDING,23,Clerk#000000329,1992-03-11,2191.59,989,1
O,4-NOT SPECIFIED,0,BUILDING,14,Clerk#000000390,1997-10-13,6446.83,356,1
O,2-HIGH,3,AUTOMOBILE,7,Clerk#000000444,1996-12-04,7548.88,278,1
O,5-LOW,4,MACHINERY,4,Clerk#000000610,1997-07-24,8167.5,758,1
O,3-MEDIUM,2,BUILDING,21,Clerk#000000160,1996-07-12,6252.12,329,1
F,4-NOT SPECIFIED,1,AUTOMOBILE,3,Clerk#000000384,1995-02-15,-556.05,506,1
O,1-URGENT,0,MACHINERY,14,Clerk#000000196,1995-09-11,5335.36,821,1
O,3-MEDIUM,4,BUILDING,11,Clerk#000000295,1996-04-08,9442.55,46,1
O,2-HIGH,4,AUTOMOBILE,13,Clerk#000000952,1998-06-06,6898.89,18,1
F,4-NOT SPECIFIED,3,AUTOMOBILE,7,Clerk#000000904,1993-10-27,5348.11,251,1
F,5-LOW,3,MACHINERY,6,Clerk#000000887,1992-07-29,1286.76,453,1
F,3-MEDIUM,0,HOUSEHOLD,15,Clerk#000000952,1993-08-21,2506.38,364,1
F,2-HIGH,2,FURNITURE,12,Clerk#000000433,1995-01-14,6859.28,847,1
F,3-MEDIUM,3,BUILDING,6,Clerk#000000028,1994-08-18,6633.7,753,1
O,3-MEDIUM,3,BUILDING,7,Clerk#000000806,1996-10-31,448.49,11,1
O,4-NOT SPECIFIED,4,FURNITURE,13,Clerk#000000612,1996-02-27,5744.89,303,1
O,4-NOT SPECIFIED,4,MACHINERY,20,Clerk#000000307,1995-03-19,9314.59,800,1
O,1-URGENT,0,FURNITURE,0,Clerk#000000857,1995-12-22,1295.54,458,1
O,5-LOW,1,MACHINERY,1,Clerk#000000815,1995-07-22,7944.22,372,1
F,4-NOT SPECIFIED,1,MACHINERY,2,Clerk#000000238,1994-07-21,2338.92,10,1
F,4-NOT SPECIFIED,1,BUILDING,2,Clerk#000000075,1994-07-21,5973.1,707,1
F,4-NOT SPECIFIED,1,HOUSEHOLD,24,Clerk#000000989,1993-12-14,5527.61,419,1
O,5-LOW,0,AUTOMOBILE,0,Clerk#000000537,1995-11-20,785.37,987,1
F,3-MEDIUM,1,FURNITURE,1,Clerk#000000742,1994-02-17,5266.3,830,1
F,1-URGENT,1,BUILDING,2,Clerk#000000638,1994-11-26,5973.1,707,1
O,2-HIGH,0,BUILDING,5,Clerk#000000115,1997-10-02,9562.82,791,1
F,4-NOT SPECIFIED,0,BUILDING,0,Clerk#000000155,1993-02-03,-566.86,476,1
O,5-LOW,1,FURNITURE,17,Clerk#000000402,1995-04-07,7305.88,300,1
F,1-URGENT,0,FURNITURE,14,Clerk#000000850,1994-04-06,6487.71,869,1
F,3-MEDIUM,0,MACHINERY,0,Clerk#000000857,1993-03-20,2531.25,496,1
O,1-URGENT,0,HOUSEHOLD,15,Clerk#000000559,1996-06-28,2377.34,362,1
F,1-URGENT,0,BUILDING,16,Clerk#000000483,1994-11-27,2256.36,719,1
O,5-LOW,1,FURNITURE,17,Clerk#000000869,1996-10-23,4954.25,632,1
F,2-HIGH,4,FURNITURE,20,Clerk#000000029,1994-05-24,6265.88,609,1
F,5-LOW,0,MACHINERY,16,Clerk#000000547,1994-05-20,1755.33,848,1
F,2-HIGH,0,FURNITURE,0,Clerk#000000359,1993-09-18,5184.7,275,1
F,5-LOW,3,AUTOMOBILE,23,Clerk#000000654,1993-10-05,6959.09,270,1
O,2-HIGH,1,AUTOMOBILE,3,Clerk#000000193,1995-12-28,9008.61,417,1
F,3-MEDIUM,4,FURNITURE,10,Clerk#000000136,1994-01-27,2042.21,538,1
F,4-NOT SPECIFIED,0,BUILDING,14,Clerk#000000620,1992-07-03,9043.55,100,1
O,2-HIGH,3,MACHINERY,6,Clerk#000000070,1997-02-03,4266.13,908,1
F,4-NOT SPECIFIED,2,MACHINERY,9,Clerk#000000695,1994-04-30,7897.78,552,1
F,2-HIGH,0,FURNITURE,5,Clerk#000000720,1995-02-21,5447.12,966,1
O,4-NOT SPECIFIED,0,HOUSEHOLD,16,Clerk#000000158,1998-03-04,7461.27,746,1
O,5-LOW,1,HOUSEHOLD,1,Clerk#000000050,1997-04-18,4716.68,198,1
F,5-LOW,3,BUILDING,23,Clerk#000000867,1992-10-01,-565.35,107,1
F,3-MEDIUM,0,BUILDING,15,Clerk#000000347,1993-10-05,9234.5,805,1
O,5-LOW,2,HOUSEHOLD,21,Clerk#000000345,1995-09-25,6074.01,564,1
O,4-NOT SPECIFIED,2,AUTOMOBILE,8,Clerk#000000966,1997-01-03,6269.42,395,1
O,5-LOW,4,FURNITURE,4,Clerk#000000773,1995-11-05,3266.14,466,1
F,5-LOW,0,AUTOMOBILE,14,Clerk#000000256,1995-02-15,5384.59,123,1
O,2-HIGH,4,AUTOMOBILE,10,Clerk#000000959,1996-05-14,212.16,286,1
O,2-HIGH,2,HOUSEHOLD,18,Clerk#000000663,1998-02-10,8914.71,81,1
O,3-MEDIUM,2,MACHINERY,12,Clerk#000000527,1996-11-04,7292.93,906,1
F,5-LOW,1,BUILDING,1,Clerk#000000600,1993-04-13,5512.73,428,1
F,5-LOW,0,HOUSEHOLD,0,Clerk#000000497,1994-07-05,9497.89,737,1
F,1-URGENT,1,BUILDING,24,Clerk#000000305,1993-04-07,8616.12,590,1
F,5-LOW,4,BUILDING,4,Clerk#000000856,1993-06-07,-405.91,556,1
O,5-LOW,3,MACHINERY,19,Clerk#000000885,1996-01-12,8695.45,152,1
O,1-URGENT,1,AUTOMOBILE,3,Clerk#000000870,1995-10-02,9334.82,326,1
F,2-HIGH,2,AUTOMOBILE,9,Clerk#000000480,1992-01-16,-932.09,114,1
O,4-NOT SPECIFIED,4,MACHINERY,20,Clerk#000000276,1995-12-20,2354.06,994,1
F,2-HIGH,0,BUILDING,15,Clerk#000000446,1992-01-04,8627.9,899,1
O,5-LOW,4,AUTOMOBILE,4,Clerk#000000304,1997-09-08,4422.45,740,1
O,1-URGENT,2,BUILDING,8,Clerk#000000708,1996-07-16,1766.23,188,1
O,2-HIGH,2,FURNITURE,9,Clerk#000000476,1996-10-10,1144.23,877,1
O,5-LOW,1,FURNITURE,2,Clerk#000000370,1996-03-23,148.98,83,1
F,1-URGENT,0,AUTOMOBILE,5,Clerk#000000634,1994-01-17,1652.78,863,1
O,5-LOW,1,BUILDING,3,Clerk#000000117,1995-11-26,1335.3,450,1
F,3-MEDIUM,0,HOUSEHOLD,14,Clerk#000000104,1994-10-30,1799.67,720,1
P,5-LOW,2,MACHINERY,8,Clerk#000000283,1995-04-03,4571.78,156,1
O,2-HIGH,1,HOUSEHOLD,3,Clerk#000000364,1998-01-24,5521.36,331,1
O,1-URGENT,4,AUTOMOBILE,10,Clerk#000000806,1996-09-04,8898.67,951,1
O,4-NOT SPECIFIED,0,AUTOMOBILE,5,Clerk#000000335,1997-01-13,3872.86,25,1
F,5-LOW,2,FURNITURE,18,Clerk#000000330,1992-10-15,9630.24,973,1
F,5-LOW,1,BUILDING,24,Clerk#000000410,1992-01-14,9712.75,498,1
O,2-HIGH,0,BUILDING,0,Clerk#000000966,1996-07-14,2072.99,147,1
O,5-LOW,3,BUILDING,7,Clerk#000000865,1995-10-11,3869.25,518,1
O,3-MEDIUM,1,HOUSEHOLD,3,Clerk#000000023,1996-05-02,5521.36,331,1
O,5-LOW,2,BUILDING,18,Clerk#000000555,1996-12-17,1685.9,134,1
F,5-LOW,0,BUILDING,16,Clerk#000000760,1993-10-06,3987.39,403,1
F,2-HIGH,3,MACHINERY,23,Clerk#000000076,1993-04-17,4079.18,512,1
F,4-NOT SPECIFIED,1,MACHINERY,1,Clerk#000000785,1993-07-20,9537.08,647,1
O,5-LOW,1,HOUSEHOLD,2,Clerk#000000811,1997-01-14,6074.42,445,1
F,2-HIGH,1,BUILDING,17,Clerk#000000430,1993-12-27,-858.61,889,1
F,3-MEDIUM,1,FURNITURE,17,Clerk#000000647,1993-07-31,7270.82,470,1
O,5-LOW,0,HOUSEHOLD,14,Clerk#000000983,1995-12-25,6344.18,493,1
O,3-MEDIUM,4,AUTOMOBILE,10,Clerk#000000100,1995-11-30,498.77,3,1
F,3-MEDIUM,3,FURNITURE,23,Clerk#000000008,1993-03-17,4092.49,766,1
F,3-MEDIUM,3,FURNITURE,19,Clerk#000000076,1992-06-07,5896.87,163,1
O,3-MEDIUM,4,HOUSEHOLD,10,Clerk#000000390,1996-04-13,1299.92,578,1
O,2-HIGH,2,HOUSEHOLD,9,Clerk#000000404,1998-04-01,4966.58,174,1
F,3-MEDIUM,2,FURNITURE,18,Clerk#000000285,1993-11-14,4883.17,432,1
F,1-URGENT,0,HOUSEHOLD,0,Clerk#000000633,1994-09-18,5481,594,1
F,2-HIGH,0,BUILDING,0,Clerk#000000227,1992-04-15,1377.52,715,1
P,4-NOT SPECIFIED,1,AUTOMOBILE,3,Clerk#000000416,1995-04-26,9128.69,252,1
F,4-NOT SPECIFIED,1,HOUSEHOLD,2,Clerk#000000583,1994-08-12,3025.84,325,1
O,5-LOW,0,MACHINERY,14,Clerk#000000773,1998-05-22,7667.35,604,1
F,2-HIGH,1,HOUSEHOLD,17,Clerk#000000816,1992-04-20,1228.24,217,1
F,1-URGENT,1,HOUSEHOLD,24,Clerk#000000278,1993-08-05,5527.61,419,1
O,2-HIGH,4,BUILDING,13,Clerk#000000249,1996-03-18,4990.92,49,1
O,4-NOT SPECIFIED,1,BUILDING,24,Clerk#000000617,1997-03-07,4349.73,322,1
O,4-NOT SPECIFIED,2,HOUSEHOLD,21,Clerk#000000151,1996-06-08,3195.96,85,1
O,3-MEDIUM,0,FURNITURE,0,Clerk#000000689,1996-02-10,7618.27,588,1
F,4-NOT SPECIFIED,3,AUTOMOBILE,19,Clerk#000000392,1993-07-10,6496.08,357,1
F,1-URGENT,4,MACHINERY,4,Clerk#000000532,1994-11-06,2866.83,72,1
F,2-HIGH,1,BUILDING,24,Clerk#000000502,1994-05-12,753.62,706,1
O,3-MEDIUM,1,AUTOMOBILE,24,Clerk#000000728,1997-11-12,4976.24,213,1
O,3-MEDIUM,1,MACHINERY,2,Clerk#000000706,1997-07-05,1182.91,963,1
F,3-MEDIUM,3,FURNITURE,23,Clerk#000000786,1992-10-26,1437.55,384,1
O,3-MEDIUM,1,HOUSEHOLD,3,Clerk#000000560,1995-10-16,6603.43,220,1
O,4-NOT SPECIFIED,2,AUTOMOBILE,12,Clerk#000000818,1996-12-05,1499.56,586,1
O,2-HIGH,1,HOUSEHOLD,2,Clerk#000000434,1996-10-01,3025.84,325,1
F,3-MEDIUM,4,BUILDING,13,Clerk#000000876,1993-12-11,4198.72,22,1
O,2-HIGH,2,BUILDING,21,Clerk#000000843,1997-06-28,2714.5,385,1
F,2-HIGH,0,FURNITURE,5,Clerk#000000384,1992-12-23,3386.64,569,1
P,1-URGENT,0,HOUSEHOLD,16,Clerk#000000755,1995-05-05,7461.27,746,1
O,2-HIGH,3,BUILDING,19,Clerk#000000416,1998-05-16,5561.93,573,1
F,3-MEDIUM,1,HOUSEHOLD,3,Clerk#000000201,1993-08-06,7865.46,544,1
O,3-MEDIUM,2,AUTOMOBILE,21,Clerk#000000879,1995-09-10,6533.53,265,1
O,2-HIGH,2,MACHINERY,12,Clerk#000000326,1996-12-07,3168.41,542,1
O,5-LOW,4,HOUSEHOLD,13,Clerk#000000155,1995-11-13,4429.81,812,1
F,4-NOT SPECIFIED,4,HOUSEHOLD,13,Clerk#000000744,1994-08-16,3686.07,850,1
F,1-URGENT,3,BUILDING,22,Clerk#000000110,1992-02-29,6035.44,777,1
O,5-LOW,3,AUTOMOBILE,19,Clerk#000000175,1996-04-09,2135.91,41,1
F,5-LOW,1,MACHINERY,3,Clerk#000000734,1993-06-26,2233.1,443,1
F,4-NOT SPECIFIED,2,FURNITURE,9,Clerk#000000911,1993-07-01,3244.78,360,1
O,2-HIGH,2,FURNITURE,12,Clerk#000000942,1995-12-22,7133.7,50,1
P,3-MEDIUM,0,MACHINERY,0,Clerk#000000893,1995-04-16,9217.55,62,1
F,4-NOT SPECIFIED,4,BUILDING,13,Clerk#000000226,1992-09-18,8250.87,673,1
F,5-LOW,4,BUILDING,20,Clerk#000000176,1992-03-01,6378.67,233,1
F,4-NOT SPECIFIED,1,BUILDING,17,Clerk#000000171,1993-01-06,8492.33,75,1
O,3-MEDIUM,3,AUTOMOBILE,23,Clerk#000000035,1998-02-02,-808.13,652,1
F,5-LOW,2,BUILDING,12,Clerk#000000426,1995-02-24,594.5,402,1
O,5-LOW,4,AUTOMOBILE,10,Clerk#000000616,1997-08-31,1394.44,862,1
F,1-URGENT,3,HOUSEHOLD,19,Clerk#000000669,1993-04-17,1866.42,381,1
O,3-MEDIUM,2,MACHINERY,21,Clerk#000000031,1995-10-01,9280.71,457,1
O,1-URGENT,3,HOUSEHOLD,7,Clerk#000000769,1996-12-13,8555.12,422,1
O,3-MEDIUM,2,BUILDING,9,Clerk#000000376,1996-01-03,5794.69,56,1
O,1-URGENT,2,BUILDING,12,Clerk#000000860,1997-12-13,7161.52,549,1
O,1-URGENT,4,MACHINERY,10,Clerk#000000403,1998-06-22,4572.11,819,1
F,3-MEDIUM,4,HOUSEHOLD,13,Clerk#000000326,1993-01-12,9585.32,900,1
O,3-MEDIUM,4,FURNITURE,20,Clerk#000000799,1997-01-02,8018.81,4,1
O,1-URGENT,4,AUTOMOBILE,10,Clerk#000000742,1997-05-07,1394.44,862,1
F,4-NOT SPECIFIED,0,FURNITURE,14,Clerk#000000694,1992-02-17,6487.71,869,1
O,3-MEDIUM,1,AUTOMOBILE,3,Clerk#000000029,1996-02-29,-556.05,506,1
O,1-URGENT,2,AUTOMOBILE,18,Clerk#000000888,1997-11-20,9468.34,479,1
O,1-URGENT,4,BUILDING,11,Clerk#000000754,1996-08-02,4608.9,209,1
F,4-NOT SPECIFIED,3,FURNITURE,22,Clerk#000000129,1992-03-02,7603.4,958,1
F,4-NOT SPECIFIED,0,HOUSEHOLD,15,Clerk#000000759,1993-12-23,8589.7,20,1
F,1-URGENT,2,FURNITURE,21,Clerk#000000388,1992-08-01,7157.21,226,1
O,4-NOT SPECIFIED,1,FURNITURE,17,Clerk#000000184,1998-03-29,1536.24,911,1
O,1-URGENT,0,HOUSEHOLD,0,Clerk#000000617,1996-11-22,3063.11,718,1
O,3-MEDIUM,2,MACHINERY,9,Clerk#000000412,1995-05-21,7897.78,552,1
O,1-URGENT,4,FURNITURE,4,Clerk#000000207,1997-02-14,9621.49,42,1
O,1-URGENT,3,AUTOMOBILE,19,Clerk#000000539,1997-07-21,2135.91,41,1
O,2-HIGH,4,BUILDING,10,Clerk#000000104,1997-02-15,8217.23,827,1
O,4-NOT SPECIFIED,0,HOUSEHOLD,14,Clerk#000000611,1995-08-21,1799.67,720,1
F,2-HIGH,0,MACHINERY,0,Clerk#000000551,1992-05-14,7297.64,411,1
O,5-LOW,2,HOUSEHOLD,18,Clerk#000000575,1997-05-28,6183.15,19,1
F,1-URGENT,1,MACHINERY,1,Clerk#000000531,1992-04-13,7009.42,605,1
F,4-NOT SPECIFIED,3,HOUSEHOLD,7,Clerk#000000667,1993-05-22,639.93,135,1
O,5-LOW,0,HOUSEHOLD,15,Clerk#000000502,1995-07-25,8589.7,20,1
O,3-MEDIUM,3,BUILDING,7,Clerk#000000684,1996-12-19,448.49,11,1
F,3-MEDIUM,2,HOUSEHOLD,8,Clerk#000000959,1992-02-06,7508.92,764,1
O,4-NOT SPECIFIED,2,FURNITURE,12,Clerk#000000894,1995-12-26,4756.58,913,1
F,5-LOW,1,MACHINERY,3,Clerk#000000308,1993-08-22,6821.01,438,1
O,3-MEDIUM,3,HOUSEHOLD,7,Clerk#000000061,1998-05-09,876.02,312,1
O,2-HIGH,1,HOUSEHOLD,3,Clerk#000000598,1998-07-26,2584.23,172,1
O,4-NOT SPECIFIED,1,BUILDING,3,Clerk#000000165,1996-11-08,-646.64,245,1
F,4-NOT SPECIFIED,1,HOUSEHOLD,2,Clerk#000000068,1994-02-15,8993.23,897,1
F,1-URGENT,2,FURNITURE,12,Clerk#000000261,1992-04-12,7133.7,50,1
O,4-NOT SPECIFIED,4,FURNITURE,4,Clerk#000000206,1996-12-15,-774.22,387,1
F,3-MEDIUM,3,AUTOMOBILE,7,Clerk#000000326,1992-01-24,5348.11,251,1
F,2-HIGH,3,AUTOMOBILE,7,Clerk#000000514,1993-03-05,5872.94,378,1
F,4-NOT SPECIFIED,4,FURNITURE,11,Clerk#000000773,1993-04-13,3061.78,803,1
F,3-MEDIUM,4,FURNITURE,10,Clerk#000000368,1993-06-08,6227.55,377,1
F,2-HIGH,4,FURNITURE,10,Clerk#000000609,1994-02-20,7618.54,65,1
O,4-NOT SPECIFIED,3,MACHINERY,6,Clerk#000000089,1995-11-22,2892.21,260,1
O,5-LOW,3,FURNITURE,22,Clerk#000000438,1996-08-07,4867.52,954,1
F,1-URGENT,1,BUILDING,24,Clerk#000000694,1994-05-29,8616.12,590,1
O,3-MEDIUM,4,BUILDING,4,Clerk#000000056,1995-06-09,4804.57,126,1
O,2-HIGH,4,BUILDING,20,Clerk#000000040,1997-04-21,4245,559,1
O,3-MEDIUM,2,FURNITURE,18,Clerk#000000848,1996-06-06,4483.83,393,1
F,5-LOW,0,FURNITURE,14,Clerk#000000103,1992-02-12,1724.68,138,1
O,3-MEDIUM,0,BUILDING,0,Clerk#000000625,1995-05-28,662.67,570,1
F,3-MEDIUM,2,MACHINERY,12,Clerk#000000828,1994-08-04,6082.74,168,1
O,1-URGENT,1,BUILDING,1,Clerk#000000679,1997-10-23,2650.27,285,1
O,4-NOT SPECIFIED,3,BUILDING,23,Clerk#000000963,1998-03-08,8876.1,683,1
O,3-MEDIUM,1,BUILDING,3,Clerk#000000530,1996-03-12,3857.34,212,1
O,4-NOT SPECIFIED,4,BUILDING,13,Clerk#000000702,1996-11-10,8938.14,36,1
O,3-MEDIUM,3,BUILDING,23,Clerk#000000010,1995-05-28,2894.22,254,1
O,4-NOT SPECIFIED,3,FURNITURE,19,Clerk#000000869,1997-09-02,4695.12,501,1
F,4-NOT SPECIFIED,1,BUILDING,2,Clerk#000000026,1993-06-26,2883.24,78,1
F,3-MEDIUM,0,FURNITURE,5,Clerk#000000487,1992-09-06,3386.64,569,1
O,5-LOW,1,AUTOMOBILE,2,Clerk#000000416,1997-01-09,4718.23,795,1
P,4-NOT SPECIFIED,0,HOUSEHOLD,16,Clerk#000000390,1995-04-09,7631.94,296,1
O,5-LOW,1,BUILDING,1,Clerk#000000902,1998-02-13,178.73,514,1
O,5-LOW,1,HOUSEHOLD,2,Clerk#000000653,1996-09-20,3249.25,253,1
O,1-URGENT,0,AUTOMOBILE,0,Clerk#000000325,1995-11-03,785.37,987,1
O,5-LOW,0,FURNITURE,14,Clerk#000000209,1997-03-14,420.97,925,1
O,5-LOW,3,HOUSEHOLD,19,Clerk#000000975,1996-06-24,4272.43,7,1
O,4-NOT SPECIFIED,2,FURNITURE,12,Clerk#000000652,1995-08-15,6019.32,255,1
F,2-HIGH,1,AUTOMOBILE,2,Clerk#000000397,1994-02-09,3139.71,63,1
F,5-LOW,4,MACHINERY,10,Clerk#000000563,1994-06-13,4572.11,819,1
O,3-MEDIUM,2,MACHINERY,9,Clerk#000000031,1997-10-19,7897.78,552,1
F,1-URGENT,3,BUILDING,7,Clerk#000000449,1994-11-19,448.49,11,1
O,2-HIGH,1,MACHINERY,1,Clerk#000000576,1997-01-31,7960.63,895,1
F,3-MEDIUM,0,AUTOMOBILE,15,Clerk#000000474,1993-03-08,2669.01,484,1
O,1-URGENT,2,HOUSEHOLD,12,Clerk#000000644,1995-12-02,6761.52,841,1
F,2-HIGH,3,BUILDING,19,Clerk#000000002,1994-07-23,1525.96,481,1
F,3-MEDIUM,0,BUILDING,14,Clerk#000000879,1993-10-23,5812.93,236,1
F,2-HIGH,3,HOUSEHOLD,19,Clerk#000000478,1992-09-05,956.88,216,1
O,1-URGENT,3,HOUSEHOLD,6,Clerk#000000774,1995-06-07,5503.36,732,1
O,2-HIGH,4,BUILDING,11,Clerk#000000888,1995-08-26,2860.71,431,1
O,4-NOT SPECIFIED,2,AUTOMOBILE,8,Clerk#000000372,1996-05-03,6269.42,395,1
O,1-URGENT,4,FURNITURE,10,Clerk#000000637,1996-02-23,3959.71,350,1
F,2-HIGH,2,FURNITURE,21,Clerk#000000417,1992-04-29,2619.52,859,1
F,4-NOT SPECIFIED,4,FURNITURE,10,Clerk#000000295,1992-11-29,6295.47,131,1
F,5-LOW,1,MACHINERY,24,Clerk#000000424,1992-01-07,2925.52,876,1
F,1-URGENT,1,MACHINERY,3,Clerk#000000652,1993-05-20,2233.1,443,1
O,3-MEDIUM,2,BUILDING,21,Clerk#000000355,1995-08-04,5465.29,539,1
F,2-HIGH,2,BUILDING,8,Clerk#000000309,1992-05-13,1215.18,873,1
F,1-URGENT,4,FURNITURE,4,Clerk#000000520,1993-01-21,5439.44,121,1
F,5-LOW,3,MACHINERY,6,Clerk#000000836,1993-09-17,2892.21,260,1
F,4-NOT SPECIFIED,3,MACHINERY,19,Clerk#000000140,1992-01-04,70.93,21,1
F,1-URGENT,1,BUILDING,1,Clerk#000000167,1992-10-26,3893.14,140,1
F,2-HIGH,4,FURNITURE,4,Clerk#000000767,1994-04-12,-774.22,387,1
O,1-URGENT,0,FURNITURE,0,Clerk#000000360,1996-11-27,5184.7,275,1
O,3-MEDIUM,4,BUILDING,13,Clerk#000000926,1997-05-20,8250.87,673,1
F,1-URGENT,1,BUILDING,17,Clerk#000000133,1992-07-28,8492.33,75,1
O,4-NOT SPECIFIED,1,FURNITURE,24,Clerk#000000504,1997-01-28,2336.99,44,1
F,2-HIGH,4,BUILDING,10,Clerk#000000933,1994-11-11,5165.39,515,1
F,4-NOT SPECIFIED,0,AUTOMOBILE,5,Clerk#000000538,1992-12-03,4974.68,108,1
O,2-HIGH,2,HOUSEHOLD,12,Clerk#000000183,1997-04-01,6381.24,416,1
F,4-NOT SPECIFIED,4,BUILDING,11,Clerk#000000281,1993-05-12,-651.91,696,1
F,5-LOW,0,BUILDING,0,Clerk#000000091,1995-02-07,4288.5,739,1
O,4-NOT SPECIFIED,4,AUTOMOBILE,10,Clerk#000000436,1998-01-13,498.77,3,1
O,1-URGENT,0,HOUSEHOLD,15,Clerk#000000547,1997-05-05,1965.38,754,1
O,5-LOW,2,FURNITURE,21,Clerk#000000436,1996-04-09,1601.6,464,1
F,3-MEDIUM,2,AUTOMOBILE,8,Clerk#000000300,1993-04-15,5466.83,551,1
F,5-LOW,3,AUTOMOBILE,7,Clerk#000000855,1992-10-17,7548.88,278,1
O,5-LOW,1,FURNITURE,1,Clerk#000000759,1997-03-20,3186.57,874,1
O,3-MEDIUM,1,MACHINERY,1,Clerk#000000610,1996-09-07,1915.35,534,1
O,3-MEDIUM,1,HOUSEHOLD,3,Clerk#000000390,1995-06-23,5521.36,331,1
O,1-URGENT,1,MACHINERY,17,Clerk#000000183,1995-07-28,2039.84,219,1
F,3-MEDIUM,4,HOUSEHOLD,13,Clerk#000000546,1993-11-30,1179.85,927,1
O,1-URGENT,2,MACHINERY,12,Clerk#000000050,1997-10-20,7929.9,132,1
O,3-MEDIUM,4,BUILDING,13,Clerk#000000243,1997-03-23,-341.79,729,1
F,1-URGENT,3,HOUSEHOLD,19,Clerk#000000758,1993-01-14,1866.42,381,1
F,1-URGENT,4,AUTOMOBILE,11,Clerk#000000526,1992-10-18,5134.35,668,1
O,2-HIGH,3,FURNITURE,22,Clerk#000000729,1996-12-05,7207.7,262,1
F,1-URGENT,0,HOUSEHOLD,5,Clerk#000000010,1994-10-11,2753.54,315,1
F,4-NOT SPECIFIED,0,MACHINERY,14,Clerk#000000156,1993-02-01,3623.6,398,1
O,5-LOW,1,AUTOMOBILE,3,Clerk#000000108,1996-03-25,9334.82,326,1
F,2-HIGH,0,BUILDING,5,Clerk#000000070,1992-05-30,-178.52,941,1
F,4-NOT SPECIFIED,1,HOUSEHOLD,17,Clerk#000000400,1994-12-11,2675.73,184,1
P,1-URGENT,4,AUTOMOBILE,10,Clerk#000000614,1995-03-28,212.16,286,1
F,2-HIGH,4,MACHINERY,4,Clerk#000000286,1992-06-06,1734.18,769,1
O,3-MEDIUM,3,BUILDING,23,Clerk#000000831,1997-10-31,-565.35,107,1
F,2-HIGH,4,HOUSEHOLD,10,Clerk#000000113,1994-04-22,5751.31,284,1
O,4-NOT SPECIFIED,2,MACHINERY,21,Clerk#000000036,1997-03-01,-117.31,566,1
F,3-MEDIUM,4,BUILDING,11,Clerk#000000266,1994-09-06,-413.03,311,1
P,2-HIGH,3,AUTOMOBILE,23,Clerk#000000716,1995-05-02,-808.13,652,1
F,4-NOT SPECIFIED,3,HOUSEHOLD,7,Clerk#000000315,1993-02-21,7511.17,159,1
O,3-MEDIUM,0,HOUSEHOLD,16,Clerk#000000890,1996-08-24,-594.23,550,1
F,5-LOW,0,BUILDING,14,Clerk#000000471,1993-12-15,-61.29,290,1
O,1-URGENT,4,BUILDING,4,Clerk#000000036,1995-07-30,7557,979,1
O,5-LOW,4,HOUSEHOLD,4,Clerk#000000437,1997-10-29,6004.52,657,1
O,5-LOW,2,HOUSEHOLD,8,Clerk#000000183,1997-08-09,7658.97,837,1
O,3-MEDIUM,2,HOUSEHOLD,21,Clerk#000000197,1997-04-16,8844.27,581,1
O,3-MEDIUM,1,BUILDING,1,Clerk#000000380,1997-12-08,2650.27,285,1
O,5-LOW,0,AUTOMOBILE,5,Clerk#000000064,1996-08-25,1605.76,773,1
O,5-LOW,3,HOUSEHOLD,19,Clerk#000000219,1995-12-04,5187.02,650,1
F,5-LOW,2,AUTOMOBILE,12,Clerk#000000896,1993-07-24,5392.3,57,1
F,1-URGENT,4,MACHINERY,4,Clerk#000000135,1992-08-19,2764.43,143,1
O,2-HIGH,2,BUILDING,9,Clerk#000000472,1998-01-20,5794.69,56,1
O,2-HIGH,3,MACHINERY,23,Clerk#000000780,1996-05-27,5200.96,526,1
O,1-URGENT,2,AUTOMOBILE,21,Clerk#000000213,1997-06-19,3420.64,654,1
O,2-HIGH,3,AUTOMOBILE,23,Clerk#000000774,1998-07-27,6959.09,270,1
F,5-LOW,3,MACHINERY,19,Clerk#000000753,1994-05-23,-303.95,211,1
O,4-NOT SPECIFIED,0,MACHINERY,5,Clerk#000000500,1995-11-27,-44.66,684,1
F,1-URGENT,0,AUTOMOBILE,5,Clerk#000000088,1994-09-12,3872.86,25,1
O,4-NOT SPECIFIED,3,AUTOMOBILE,23,Clerk#000000788,1996-11-10,7775.65,620,1
O,2-HIGH,0,BUILDING,5,Clerk#000000989,1996-05-15,3247.92,670,1
O,1-URGENT,3,HOUSEHOLD,22,Clerk#000000285,1998-05-25,9519.36,784,1
O,2-HIGH,0,HOUSEHOLD,14,Clerk#000000499,1995-09-27,1799.67,720,1
F,5-LOW,0,AUTOMOBILE,0,Clerk#000000399,1992-08-18,785.37,987,1
F,2-HIGH,0,HOUSEHOLD,15,Clerk#000000867,1993-02-04,8589.7,20,1
O,2-HIGH,3,FURNITURE,19,Clerk#000000527,1998-03-17,2990.18,327,1
O,2-HIGH,0,BUILDING,14,Clerk#000000278,1998-06-20,9043.55,100,1
O,4-NOT SPECIFIED,1,BUILDING,24,Clerk#000000522,1997-10-22,5859.97,383,1
F,1-URGENT,1,BUILDING,1,Clerk#000000400,1994-01-07,4189.04,144,1
F,2-HIGH,0,BUILDING,0,Clerk#000000556,1994-08-07,702.73,477,1
O,4-NOT SPECIFIED,2,HOUSEHOLD,12,Clerk#000000204,1997-02-02,5841.33,136,1
F,4-NOT SPECIFIED,4,AUTOMOBILE,11,Clerk#000000137,1994-01-03,1657.46,71,1
O,1-URGENT,4,HOUSEHOLD,4,Clerk#000000206,1997-02-26,6004.52,657,1
O,4-NOT SPECIFIED,2,HOUSEHOLD,18,Clerk#000000625,1998-01-12,8914.71,81,1
O,1-URGENT,2,HOUSEHOLD,21,Clerk#000000606,1997-09-08,8367.94,511,1
O,3-MEDIUM,3,FURNITURE,23,Clerk#000000825,1996-12-14,2829.07,667,1
F,5-LOW,3,HOUSEHOLD,7,Clerk#000000954,1992-03-03,1938.05,424,1
F,4-NOT SPECIFIED,1,AUTOMOBILE,2,Clerk#000000582,1993-04-19,9749.37,401,1
O,2-HIGH,3,MACHINERY,19,Clerk#000000033,1998-03-12,9904.28,541,1
O,3-MEDIUM,0,FURNITURE,15,Clerk#000000295,1998-06-05,9647.58,283,1
F,3-MEDIUM,2,BUILDING,12,Clerk#000000904,1994-10-16,594.5,402,1
O,2-HIGH,3,MACHINERY,19,Clerk#000000823,1996-03-15,8695.45,152,1
O,5-LOW,3,BUILDING,19,Clerk#000000121,1996-03-08,1525.96,481,1
O,3-MEDIUM,1,BUILDING,2,Clerk#000000671,1997-11-22,90.22,94,1
O,5-LOW,1,HOUSEHOLD,3,Clerk#000000181,1997-06-10,2584.23,172,1
O,3-MEDIUM,0,MACHINERY,14,Clerk#000000106,1996-09-03,5335.36,821,1
F,3-MEDIUM,2,AUTOMOBILE,9,Clerk#000000874,1992-06-27,2209.81,38,1
O,4-NOT SPECIFIED,2,AUTOMOBILE,18,Clerk#000000509,1998-07-05,3653.64,426,1
F,4-NOT SPECIFIED,4,HOUSEHOLD,13,Clerk#000000869,1995-01-21,3694.81,43,1
F,4-NOT SPECIFIED,1,HOUSEHOLD,3,Clerk#000000069,1994-07-09,8315.09,710,1
P,1-URGENT,0,HOUSEHOLD,5,Clerk#000000384,1995-03-09,7349.82,97,1
O,4-NOT SPECIFIED,3,HOUSEHOLD,7,Clerk#000000239,1998-05-14,1938.05,424,1
F,3-MEDIUM,2,BUILDING,21,Clerk#000000325,1992-06-28,5275.88,193,1
F,3-MEDIUM,4,MACHINERY,10,Clerk#000000030,1992-04-13,3829.03,452,1
F,3-MEDIUM,4,FURNITURE,13,Clerk#000000559,1992-05-10,909.84,840,1
O,3-MEDIUM,0,AUTOMOBILE,5,Clerk#000000308,1995-06-02,3872.86,25,1
O,3-MEDIUM,0,FURNITURE,14,Clerk#000000066,1997-04-05,8998.82,687,1
F,5-LOW,2,AUTOMOBILE,9,Clerk#000000169,1994-12-01,2326.68,751,1
O,3-MEDIUM,2,FURNITURE,8,Clerk#000000057,1996-06-07,9365.93,353,1
O,3-MEDIUM,1,BUILDING,17,Clerk#000000104,1995-06-03,3428.67,988,1
O,2-HIGH,0,FURNITURE,16,Clerk#000000031,1997-09-10,5030.24,391,1
F,5-LOW,3,AUTOMOBILE,19,Clerk#000000100,1992-12-25,8959.65,685,1
F,4-NOT SPECIFIED,2,MACHINERY,12,Clerk#000000136,1992-07-27,8174.82,475,1
O,3-MEDIUM,3,HOUSEHOLD,23,Clerk#000000430,1995-11-01,1796.09,489,1
F,1-URGENT,1,AUTOMOBILE,3,Clerk#000000647,1993-05-02,9008.61,417,1
F,5-LOW,1,BUILDING,17,Clerk#000000867,1992-05-03,7647.09,341,1
O,2-HIGH,3,AUTOMOBILE,23,Clerk#000000710,1998-07-18,378.33,675,1
F,3-MEDIUM,1,HOUSEHOLD,1,Clerk#000000142,1995-03-24,3679.65,870,1
O,1-URGENT,0,HOUSEHOLD,0,Clerk#000000231,1996-06-05,5297.68,318,1
O,4-NOT SPECIFIED,3,HOUSEHOLD,7,Clerk#000000882,1995-11-17,9305.05,69,1
O,4-NOT SPECIFIED,4,FURNITURE,13,Clerk#000000097,1997-03-11,346.59,576,1
O,2-HIGH,1,HOUSEHOLD,2,Clerk#000000634,1997-05-12,5553.75,182,1
O,1-URGENT,4,BUILDING,13,Clerk#000000487,1996-02-29,8938.14,36,1
F,3-MEDIUM,3,MACHINERY,22,Clerk#000000751,1993-06-04,84.72,748,1
O,4-NOT SPECIFIED,3,FURNITURE,19,Clerk#000000758,1998-02-14,-234.12,717,1
F,5-LOW,3,MACHINERY,23,Clerk#000000007,1993-02-17,1043.72,810,1
F,5-LOW,4,AUTOMOBILE,10,Clerk#000000912,1992-09-04,498.77,3,1
F,1-URGENT,1,MACHINERY,3,Clerk#000000044,1994-05-27,6821.01,438,1
O,4-NOT SPECIFIED,1,AUTOMOBILE,24,Clerk#000000905,1996-11-22,7756.35,856,1
F,1-URGENT,4,FURNITURE,10,Clerk#000000205,1994-06-18,6295.47,131,1
O,1-URGENT,4,MACHINERY,4,Clerk#000000762,1996-04-25,1107.42,380,1
F,1-URGENT,1,BUILDING,3,Clerk#000000928,1992-02-27,3857.34,212,1
O,2-HIGH,1,AUTOMOBILE,3,Clerk#000000164,1997-01-12,-556.05,506,1
F,1-URGENT,4,AUTOMOBILE,4,Clerk#000000350,1993-02-13,7760.52,937,1
O,2-HIGH,1,FURNITURE,24,Clerk#000000604,1998-01-19,3366.61,940,1
O,3-MEDIUM,0,MACHINERY,0,Clerk#000000194,1995-05-24,9217.55,62,1
F,5-LOW,0,MACHINERY,16,Clerk#000000109,1993-04-21,1755.33,848,1
O,2-HIGH,3,AUTOMOBILE,23,Clerk#000000988,1998-03-20,-808.13,652,1
F,3-MEDIUM,3,HOUSEHOLD,7,Clerk#000000170,1994-03-10,9305.05,69,1
F,5-LOW,4,HOUSEHOLD,20,Clerk#000000982,1992-11-18,8450.37,770,1
F,3-MEDIUM,4,BUILDING,20,Clerk#000000606,1993-05-29,5579.81,178,1
O,5-LOW,1,BUILDING,1,Clerk#000000137,1997-01-01,9768.21,351,1
F,2-HIGH,2,MACHINERY,9,Clerk#000000867,1993-07-30,8177.33,257,1
F,3-MEDIUM,0,MACHINERY,16,Clerk#000000209,1995-01-22,9566.15,294,1
O,5-LOW,0,HOUSEHOLD,14,Clerk#000000700,1997-06-12,1209.37,472,1
O,1-URGENT,4,BUILDING,11,Clerk#000000603,1995-11-02,-181.63,412,1
O,1-URGENT,1,MACHINERY,17,Clerk#000000646,1995-09-04,6679.2,890,1
O,3-MEDIUM,2,FURNITURE,12,Clerk#000000598,1997-11-01,3231.71,463,1
O,4-NOT SPECIFIED,4,MACHINERY,20,Clerk#000000559,1996-11-10,8997.6,985,1
O,3-MEDIUM,4,MACHINERY,13,Clerk#000000312,1996-01-06,2394.92,355,1
F,1-URGENT,3,MACHINERY,6,Clerk#000000627,1994-10-16,1008.26,861,1
F,2-HIGH,1,BUILDING,24,Clerk#000000047,1993-07-21,5859.97,383,1
O,4-NOT SPECIFIED,4,BUILDING,11,Clerk#000000136,1996-01-01,9032.89,872,1
O,5-LOW,1,MACHINERY,2,Clerk#000000309,1996-04-25,-444.73,794,1
O,4-NOT SPECIFIED,3,HOUSEHOLD,19,Clerk#000000602,1997-10-17,956.88,216,1
F,1-URGENT,2,FURNITURE,21,Clerk#000000569,1994-01-01,2619.52,859,1
O,5-LOW,1,MACHINERY,3,Clerk#000000466,1998-02-28,591.98,625,1
O,4-NOT SPECIFIED,4,FURNITURE,10,Clerk#000000213,1997-10-01,4573.94,295,1
F,3-MEDIUM,4,AUTOMOBILE,11,Clerk#000000106,1992-02-01,4548.46,663,1
F,2-HIGH,4,FURNITURE,13,Clerk#000000874,1993-04-21,3635.35,434,1
O,4-NOT SPECIFIED,3,HOUSEHOLD,7,Clerk#000000760,1996-12-18,-611.19,64,1
F,2-HIGH,0,HOUSEHOLD,15,Clerk#000000792,1994-03-16,8589.7,20,1
O,1-URGENT,1,FURNITURE,17,Clerk#000000887,1997-09-08,4954.25,632,1
O,1-URGENT,1,FURNITURE,17,Clerk#000000374,1998-01-31,7305.88,300,1
O,3-MEDIUM,0,BUILDING,14,Clerk#000000994,1996-02-18,-98.46,141,1
O,4-NOT SPECIFIED,4,AUTOMOBILE,10,Clerk#000000654,1995-10-29,498.77,3,1
F,3-MEDIUM,2,FURNITURE,8,Clerk#000000743,1993-08-02,9365.93,353,1
O,3-MEDIUM,2,HOUSEHOLD,9,Clerk#000000924,1997-06-18,-202.22,532,1
F,5-LOW,3,FURNITURE,22,Clerk#000000425,1993-10-13,9491.46,789,1
F,2-HIGH,3,BUILDING,7,Clerk#000000127,1994-05-12,6354.89,735,1
O,1-URGENT,1,MACHINERY,2,Clerk#000000576,1996-09-28,1182.91,963,1
O,3-MEDIUM,3,HOUSEHOLD,19,Clerk#000000842,1995-12-25,1866.42,381,1
F,3-MEDIUM,3,MACHINERY,6,Clerk#000000221,1993-01-11,4266.13,908,1
F,5-LOW,3,BUILDING,23,Clerk#000000725,1992-10-18,5840.97,203,1
F,2-HIGH,1,HOUSEHOLD,2,Clerk#000000650,1993-09-25,8993.23,897,1
O,4-NOT SPECIFIED,4,HOUSEHOLD,11,Clerk#000000830,1998-07-17,5920.09,587,1
F,2-HIGH,3,AUTOMOBILE,19,Clerk#000000344,1992-01-31,5810.56,98,1
O,5-LOW,4,AUTOMOBILE,4,Clerk#000000377,1996-12-09,1561.8,634,1
F,3-MEDIUM,0,HOUSEHOLD,14,Clerk#000000349,1993-04-05,1799.67,720,1
O,2-HIGH,1,FURNITURE,3,Clerk#000000862,1995-05-26,479.96,543,1
O,1-URGENT,3,AUTOMOBILE,19,Clerk#000000505,1995-12-23,85.05,105,1
O,1-URGENT,1,HOUSEHOLD,24,Clerk#000000618,1995-06-20,5527.61,419,1
O,3-MEDIUM,3,HOUSEHOLD,22,Clerk#000000651,1998-04-21,554.71,768,1
F,4-NOT SPECIFIED,2,BUILDING,12,Clerk#000000028,1994-12-29,6343.64,621,1
F,2-HIGH,0,HOUSEHOLD,14,Clerk#000000572,1994-06-06,1799.67,720,1
O,5-LOW,4,MACHINERY,20,Clerk#000000810,1995-10-21,9314.59,800,1
F,2-HIGH,4,FURNITURE,11,Clerk#000000037,1994-08-08,3061.78,803,1
F,3-MEDIUM,1,MACHINERY,1,Clerk#000000392,1994-03-24,7944.22,372,1
F,3-MEDIUM,3,AUTOMOBILE,7,Clerk#000000929,1993-11-14,4450.03,342,1
O,1-URGENT,4,AUTOMOBILE,10,Clerk#000000781,1997-02-19,212.16,286,1
F,4-NOT SPECIFIED,0,AUTOMOBILE,15,Clerk#000000187,1994-11-21,7420.6,614,1
O,1-URGENT,0,HOUSEHOLD,15,Clerk#000000658,1998-05-03,5432.77,961,1
F,5-LOW,0,BUILDING,15,Clerk#000000301,1994-07-14,9010.02,879,1
O,2-HIGH,1,FURNITURE,17,Clerk#000000238,1998-07-20,5436.81,231,1
F,2-HIGH,2,HOUSEHOLD,18,Clerk#000000461,1992-06-17,6183.15,19,1
F,3-MEDIUM,0,BUILDING,15,Clerk#000000810,1994-03-25,3225.07,771,1
F,5-LOW,4,MACHINERY,20,Clerk#000000638,1993-07-24,1164.46,779,1
O,1-URGENT,1,BUILDING,24,Clerk#000000719,1996-06-23,4349.73,322,1
O,4-NOT SPECIFIED,3,HOUSEHOLD,22,Clerk#000000758,1996-10-29,2924.78,689,1
O,3-MEDIUM,4,BUILDING,11,Clerk#000000030,1997-12-09,3952.84,26,1
O,1-URGENT,4,BUILDING,20,Clerk#000000345,1995-05-15,9680.51,938,1
F,3-MEDIUM,0,AUTOMOBILE,5,Clerk#000000397,1994-08-01,3035.29,807,1
O,2-HIGH,1,BUILDING,2,Clerk#000000380,1997-11-28,2883.24,78,1
O,4-NOT SPECIFIED,3,FURNITURE,19,Clerk#000000233,1995-07-05,2953.35,700,1
O,5-LOW,4,AUTOMOBILE,10,Clerk#000000777,1998-07-17,212.16,286,1
F,5-LOW,4,HOUSEHOLD,20,Clerk#000000752,1992-03-08,9777.19,772,1
O,1-URGENT,1,MACHINERY,2,Clerk#000000844,1996-05-27,5830.69,567,1
F,5-LOW,2,FURNITURE,8,Clerk#000000489,1993-10-05,1007.18,568,1
F,2-HIGH,0,BUILDING,14,Clerk#000000284,1994-03-17,3170.47,165,1
F,2-HIGH,4,MACHINERY,4,Clerk#000000280,1993-09-27,7503.3,934,1
F,1-URGENT,2,HOUSEHOLD,8,Clerk#000000018,1993-10-04,6359.27,164,1
P,2-HIGH,3,FURNITURE,23,Clerk#000000453,1995-03-16,2317.93,433,1
F,4-NOT SPECIFIED,1,HOUSEHOLD,3,Clerk#000000752,1994-08-05,6603.43,220,1
O,2-HIGH,0,HOUSEHOLD,16,Clerk#000000069,1996-11-25,2961.79,155,1
F,3-MEDIUM,3,BUILDING,23,Clerk#000000505,1994-02-14,4936.25,636,1
F,1-URGENT,4,AUTOMOBILE,4,Clerk#000000752,1994-06-27,8121.84,525,1
O,5-LOW,0,AUTOMOBILE,16,Clerk#000000689,1997-01-06,6503.35,894,1
F,5-LOW,0,MACHINERY,15,Clerk#000000992,1994-02-22,1666.07,881,1
O,4-NOT SPECIFIED,3,HOUSEHOLD,7,Clerk#000000795,1995-12-11,876.02,312,1
F,1-URGENT,2,MACHINERY,9,Clerk#000000341,1994-10-07,9774.97,637,1
F,3-MEDIUM,2,AUTOMOBILE,9,Clerk#000000589,1992-10-30,2326.68,751,1
F,3-MEDIUM,4,HOUSEHOLD,13,Clerk#000000087,1992-09-19,-112.46,276,1
F,5-LOW,4,HOUSEHOLD,11,Clerk#000000941,1992-02-03,4130.18,54,1
F,3-MEDIUM,4,FURNITURE,4,Clerk#000000061,1992-06-28,9207.16,522,1
F,4-NOT SPECIFIED,3,MACHINERY,19,Clerk#000000859,1992-02-23,2603,111,1
F,2-HIGH,1,BUILDING,17,Clerk#000000236,1994-08-23,6737.18,641,1
F,2-HIGH,4,HOUSEHOLD,13,Clerk#000000617,1992-05-12,4351.09,598,1
F,4-NOT SPECIFIED,0,AUTOMOBILE,5,Clerk#000000216,1993-06-18,170.27,51,1
O,2-HIGH,0,FURNITURE,14,Clerk#000000699,1996-12-30,1724.68,138,1
F,2-HIGH,2,FURNITURE,9,Clerk#000000061,1992-09-29,8247.11,976,1
F,5-LOW,1,MACHINERY,17,Clerk#000000653,1993-07-17,6679.2,890,1
O,3-MEDIUM,1,BUILDING,1,Clerk#000000847,1995-07-13,3893.14,140,1
O,2-HIGH,1,HOUSEHOLD,24,Clerk#000000816,1998-01-03,-273.96,762,1
F,1-URGENT,1,BUILDING,17,Clerk#000000529,1992-07-24,6428.32,104,1
O,3-MEDIUM,1,BUILDING,3,Clerk#000000693,1997-03-08,7149.43,347,1
F,1-URGENT,1,AUTOMOBILE,24,Clerk#000000545,1992-11-12,4976.24,213,1
F,4-NOT SPECIFIED,4,BUILDING,11,Clerk#000000181,1993-10-25,2860.71,431,1
F,5-LOW,3,FURNITURE,7,Clerk#000000542,1992-05-18,709.46,507,1
O,3-MEDIUM,2,BUILDING,9,Clerk#000000128,1997-06-27,2757.45,806,1
O,2-HIGH,1,BUILDING,2,Clerk#000000547,1997-08-19,2883.24,78,1
F,2-HIGH,4,FURNITURE,20,Clerk#000000510,1994-05-17,8746.23,59,1
F,4-NOT SPECIFIED,0,AUTOMOBILE,5,Clerk#000000575,1993-01-04,3872.86,25,1
O,3-MEDIUM,4,HOUSEHOLD,20,Clerk#000000286,1996-07-02,4489.98,13,1
O,2-HIGH,0,AUTOMOBILE,5,Clerk#000000945,1996-04-20,4974.68,108,1
O,1-URGENT,0,FURNITURE,15,Clerk#000000412,1997-11-27,6988.55,482,1
O,2-HIGH,1,FURNITURE,1,Clerk#000000643,1996-11-12,5266.3,830,1
O,2-HIGH,0,FURNITURE,14,Clerk#000000589,1998-04-21,8727.9,860,1
O,1-URGENT,0,BUILDING,14,Clerk#000000383,1998-08-01,6446.83,356,1
F,5-LOW,0,BUILDING,5,Clerk#000000449,1992-04-23,6709.9,835,1
F,1-URGENT,4,AUTOMOBILE,20,Clerk#000000182,1993-07-22,2351.1,45,1
F,1-URGENT,0,MACHINERY,16,Clerk#000000589,1993-11-29,9566.15,294,1
F,1-URGENT,0,HOUSEHOLD,15,Clerk#000000507,1992-04-26,7734.64,755,1
F,4-NOT SPECIFIED,1,HOUSEHOLD,24,Clerk#000000839,1994-05-23,5527.61,419,1
O,3-MEDIUM,0,HOUSEHOLD,5,Clerk#000000654,1996-05-26,5950.86,867,1
F,1-URGENT,3,HOUSEHOLD,6,Clerk#000000391,1992-02-18,2273.5,828,1
F,1-URGENT,1,HOUSEHOLD,24,Clerk#000000251,1993-08-09,-273.96,762,1
F,1-URGENT,2,BUILDING,12,Clerk#000000054,1993-10-13,2912,195,1
F,4-NOT SPECIFIED,3,FURNITURE,7,Clerk#000000436,1992-11-08,4329.98,84,1
O,2-HIGH,0,BUILDING,0,Clerk#000000846,1997-02-12,4288.5,739,1
F,5-LOW,0,AUTOMOBILE,5,Clerk#000000314,1995-02-08,1468.09,37,1
F,1-URGENT,3,BUILDING,22,Clerk#000000753,1992-01-07,6292.06,793,1
F,5-LOW,3,BUILDING,23,Clerk#000000891,1992-11-11,9465.15,761,1
O,3-MEDIUM,2,BUILDING,12,Clerk#000000510,1995-11-13,594.5,402,1
O,3-MEDIUM,3,BUILDING,23,Clerk#000000429,1996-06-23,4936.25,636,1
O,5-LOW,2,HOUSEHOLD,18,Clerk#000000966,1996-10-08,8914.71,81,1
F,2-HIGH,2,MACHINERY,21,Clerk#000000901,1994-02-19,6314.25,978,1
O,2-HIGH,3,BUILDING,7,Clerk#000000721,1996-07-05,4997.35,529,1
O,4-NOT SPECIFIED,3,BUILDING,7,Clerk#000000217,1996-05-12,4997.35,529,1
O,3-MEDIUM,1,BUILDING,1,Clerk#000000260,1998-02-18,4189.04,144,1
O,4-NOT SPECIFIED,0,BUILDING,16,Clerk#000000507,1996-12-25,2945.16,997,1
O,1-URGENT,4,HOUSEHOLD,20,Clerk#000000080,1996-04-10,8438.4,441,1
O,5-LOW,3,FURNITURE,19,Clerk#000000791,1998-03-01,1647.05,241,1
F,2-HIGH,4,AUTOMOBILE,11,Clerk#000000235,1994-09-17,2357.54,528,1
F,3-MEDIUM,3,FURNITURE,22,Clerk#000000975,1992-05-01,7576.55,691,1
O,4-NOT SPECIFIED,0,BUILDING,15,Clerk#000000679,1995-07-13,9234.5,805,1
F,3-MEDIUM,0,FURNITURE,14,Clerk#000000563,1994-09-14,8998.82,687,1
F,1-URGENT,4,FURNITURE,13,Clerk#000000122,1994-11-29,5744.89,303,1
O,5-LOW,3,AUTOMOBILE,23,Clerk#000000975,1996-11-09,378.33,675,1
O,4-NOT SPECIFIED,1,MACHINERY,2,Clerk#000000939,1996-11-25,4376.8,909,1
F,3-MEDIUM,1,BUILDING,3,Clerk#000000041,1994-10-16,9459.5,158,1
F,2-HIGH,1,BUILDING,24,Clerk#000000847,1993-05-01,5859.97,383,1
F,1-URGENT,2,AUTOMOBILE,18,Clerk#000000927,1992-04-12,9561.95,886,1
O,3-MEDIUM,3,AUTOMOBILE,23,Clerk#000000379,1998-05-28,6959.09,270,1
F,3-MEDIUM,0,FURNITURE,5,Clerk#000000876,1992-11-08,1211.39,669,1
F,5-LOW,0,HOUSEHOLD,16,Clerk#000000477,1994-07-27,6696.49,893,1
F,4-NOT SPECIFIED,1,BUILDING,1,Clerk#000000551,1994-06-20,7348.92,205,1
O,4-NOT SPECIFIED,3,AUTOMOBILE,6,Clerk#000000446,1996-02-28,3288.76,678,1
O,4-NOT SPECIFIED,0,MACHINERY,16,Clerk#000000928,1998-02-08,6582.04,204,1
F,2-HIGH,3,MACHINERY,19,Clerk#000000418,1992-09-16,1422.57,833,1
O,2-HIGH,2,FURNITURE,21,Clerk#000000983,1995-09-01,2114.53,508,1
O,4-NOT SPECIFIED,2,AUTOMOBILE,18,Clerk#000000217,1997-10-31,3653.64,426,1
O,5-LOW,3,FURNITURE,22,Clerk#000000964,1998-02-19,7576.55,691,1
O,4-NOT SPECIFIED,1,HOUSEHOLD,2,Clerk#000000186,1998-04-04,3025.84,325,1
F,3-MEDIUM,4,HOUSEHOLD,4,Clerk#000000149,1994-07-03,1735.44,611,1
O,5-LOW,3,HOUSEHOLD,7,Clerk#000000241,1998-05-27,9108.61,676,1
F,3-MEDIUM,0,AUTOMOBILE,14,Clerk#000000285,1994-03-06,9443.39,167,1
O,3-MEDIUM,2,AUTOMOBILE,8,Clerk#000000772,1995-08-24,4643.14,249,1
O,2-HIGH,1,MACHINERY,17,Clerk#000000316,1996-10-10,8275.8,32,1
F,3-MEDIUM,1,HOUSEHOLD,24,Clerk#000000570,1994-02-13,5527.61,419,1
F,2-HIGH,4,HOUSEHOLD,4,Clerk#000000504,1993-05-02,1735.44,611,1
O,1-URGENT,2,HOUSEHOLD,21,Clerk#000000181,1995-10-31,8330.7,31,1
O,1-URGENT,0,BUILDING,0,Clerk#000000192,1997-05-26,2724.98,694,1
O,4-NOT SPECIFIED,3,FURNITURE,19,Clerk#000000234,1996-12-22,1647.05,241,1
F,3-MEDIUM,2,FURNITURE,18,Clerk#000000937,1992-10-26,8341.71,617,1
O,2-HIGH,1,MACHINERY,2,Clerk#000000063,1996-04-25,4376.8,909,1
F,3-MEDIUM,3,MACHINERY,23,Clerk#000000744,1992-06-11,8024.55,932,1
O,1-URGENT,2,MACHINERY,8,Clerk#000000566,1997-03-06,4086.56,228,1
F,5-LOW,1,AUTOMOBILE,3,Clerk#000000584,1993-04-08,2457.09,774,1
F,1-URGENT,4,FURNITURE,20,Clerk#000000480,1994-02-27,5867.61,853,1
F,3-MEDIUM,1,MACHINERY,2,Clerk#000000051,1993-12-18,2338.92,10,1
O,5-LOW,2,BUILDING,21,Clerk#000000428,1996-11-10,5465.29,539,1
F,3-MEDIUM,1,MACHINERY,3,Clerk#000000345,1993-10-24,-487.92,118,1
F,5-LOW,2,HOUSEHOLD,9,Clerk#000000377,1992-04-04,4150.76,727,1
O,5-LOW,2,BUILDING,12,Clerk#000000643,1997-01-15,2912,195,1
O,2-HIGH,0,HOUSEHOLD,16,Clerk#000000679,1996-12-24,7461.27,746,1
F,3-MEDIUM,2,HOUSEHOLD,9,Clerk#000000283,1993-08-19,4966.58,174,1
F,1-URGENT,0,HOUSEHOLD,5,Clerk#000000765,1995-02-09,5950.86,867,1
F,4-NOT SPECIFIED,2,BUILDING,12,Clerk#000000640,1994-03-13,3826.52,662,1
O,4-NOT SPECIFIED,3,BUILDING,23,Clerk#000000505,1997-04-02,5840.97,203,1
O,4-NOT SPECIFIED,1,AUTOMOBILE,24,Clerk#000000761,1997-04-28,7756.35,856,1
O,2-HIGH,1,BUILDING,3,Clerk#000000585,1998-04-13,1335.3,450,1
F,5-LOW,2,HOUSEHOLD,18,Clerk#000000713,1993-01-01,8914.71,81,1
O,5-LOW,2,AUTOMOBILE,9,Clerk#000000764,1996-04-27,6569.34,571,1
O,5-LOW,3,BUILDING,22,Clerk#000000157,1996-12-01,-881.7,829,1
O,1-URGENT,2,HOUSEHOLD,9,Clerk#000000663,1998-05-14,6257.88,299,1
O,1-URGENT,4,FURNITURE,13,Clerk#000000015,1997-12-03,5974.11,408,1
O,3-MEDIUM,3,AUTOMOBILE,23,Clerk#000000633,1998-06-01,668.51,474,1
O,4-NOT SPECIFIED,2,HOUSEHOLD,9,Clerk#000000355,1996-05-08,5500.11,115,1
F,1-URGENT,0,HOUSEHOLD,16,Clerk#000000639,1994-03-01,7838.3,692,1
O,3-MEDIUM,1,AUTOMOBILE,3,Clerk#000000525,1995-12-31,9128.69,252,1
F,2-HIGH,2,HOUSEHOLD,12,Clerk#000000618,1993-10-03,5841.33,136,1
F,5-LOW,2,BUILDING,18,Clerk#000000799,1992-03-17,-867.94,903,1
F,2-HIGH,2,HOUSEHOLD,12,Clerk#000000488,1993-10-30,9782.34,939,1
F,5-LOW,1,BUILDING,3,Clerk#000000066,1994-12-16,-646.64,245,1
O,3-MEDIUM,4,BUILDING,13,Clerk#000000245,1995-11-26,4990.92,49,1
O,5-LOW,2,FURNITURE,9,Clerk#000000691,1996-09-21,4286.94,602,1
F,1-URGENT,1,HOUSEHOLD,3,Clerk#000000057,1994-09-07,2584.23,172,1
F,1-URGENT,1,FURNITURE,1,Clerk#000000426,1993-01-10,7543.01,626,1
F,3-MEDIUM,0,BUILDING,15,Clerk#000000564,1994-03-23,9234.5,805,1
O,1-URGENT,3,MACHINERY,22,Clerk#000000114,1997-05-17,84.72,748,1
O,3-MEDIUM,2,AUTOMOBILE,9,Clerk#000000264,1997-06-03,2326.68,751,1
F,4-NOT SPECIFIED,1,BUILDING,24,Clerk#000000424,1992-02-14,5152.42,224,1
F,2-HIGH,0,FURNITURE,16,Clerk#000000091,1992-11-15,-330.69,504,1
F,2-HIGH,0,BUILDING,14,Clerk#000000400,1992-08-13,-61.29,290,1
O,4-NOT SPECIFIED,2,MACHINERY,8,Clerk#000000664,1996-04-20,1526.59,787,1
O,4-NOT SPECIFIED,1,FURNITURE,3,Clerk#000000364,1996-08-13,7746.97,101,1
O,1-URGENT,3,HOUSEHOLD,6,Clerk#000000432,1998-07-22,5503.36,732,1
F,3-MEDIUM,0,FURNITURE,15,Clerk#000000952,1995-03-07,9647.58,283,1
F,1-URGENT,0,MACHINERY,16,Clerk#000000985,1992-05-16,2061.45,798,1
F,2-HIGH,3,BUILDING,22,Clerk#000000166,1992-03-21,367.82,582,1
F,4-NOT SPECIFIED,4,FURNITURE,4,Clerk#000000323,1992-04-25,774.23,288,1
F,3-MEDIUM,1,BUILDING,3,Clerk#000000270,1993-01-09,7149.43,347,1
F,2-HIGH,3,FURNITURE,23,Clerk#000000347,1995-01-05,2829.07,667,1
O,1-URGENT,4,HOUSEHOLD,13,Clerk#000000278,1995-10-28,4351.09,598,1
O,5-LOW,3,BUILDING,23,Clerk#000000462,1997-09-25,-272.6,936,1
F,2-HIGH,3,MACHINERY,7,Clerk#000000690,1992-01-08,3714.06,624,1
O,2-HIGH,2,FURNITURE,9,Clerk#000000355,1996-01-30,884.2,490,1
O,4-NOT SPECIFIED,0,BUILDING,16,Clerk#000000407,1997-05-06,3987.39,403,1
F,1-URGENT,0,FURNITURE,15,Clerk#000000302,1994-02-24,9647.58,283,1
F,3-MEDIUM,4,BUILDING,4,Clerk#000000465,1992-08-20,260.71,646,1
O,1-URGENT,2,FURNITURE,21,Clerk#000000108,1996-09-08,2272.5,346,1
P,3-MEDIUM,3,HOUSEHOLD,22,Clerk#000000978,1995-03-11,-267.09,148,1
O,1-URGENT,0,AUTOMOBILE,0,Clerk#000000656,1996-01-20,738.79,775,1
O,1-URGENT,4,AUTOMOBILE,10,Clerk#000000618,1997-12-15,212.16,286,1
F,2-HIGH,3,AUTOMOBILE,22,Clerk#000000245,1992-02-02,7789.14,864,1
O,4-NOT SPECIFIED,3,MACHINERY,7,Clerk#000000923,1997-10-14,595.61,34,1
O,2-HIGH,4,MACHINERY,4,Clerk#000000936,1997-10-11,8167.5,758,1
F,1-URGENT,3,BUILDING,23,Clerk#000000828,1994-03-29,2873.49,948,1
F,1-URGENT,0,HOUSEHOLD,15,Clerk#000000719,1995-02-21,7734.64,755,1
O,3-MEDIUM,0,AUTOMOBILE,16,Clerk#000000479,1997-09-06,-761.7,8,1
F,1-URGENT,4,AUTOMOBILE,10,Clerk#000000261,1992-08-20,498.77,3,1
F,5-LOW,0,HOUSEHOLD,14,Clerk#000000703,1994-12-17,1209.37,472,1
F,3-MEDIUM,1,MACHINERY,2,Clerk#000000475,1992-05-17,2338.92,10,1
O,3-MEDIUM,4,MACHINERY,4,Clerk#000000368,1997-04-02,2866.83,72,1
F,2-HIGH,2,FURNITURE,9,Clerk#000000930,1994-05-19,4799.98,420,1
F,4-NOT SPECIFIED,2,HOUSEHOLD,21,Clerk#000000119,1992-11-20,8330.7,31,1
O,1-URGENT,4,FURNITURE,13,Clerk#000000757,1997-03-11,291.44,946,1
F,1-URGENT,0,HOUSEHOLD,16,Clerk#000000455,1993-05-08,-594.23,550,1
F,2-HIGH,4,BUILDING,11,Clerk#000000406,1994-09-30,-181.63,412,1
F,3-MEDIUM,0,FURNITURE,0,Clerk#000000216,1994-08-03,1295.54,458,1
F,4-NOT SPECIFIED,0,MACHINERY,16,Clerk#000000373,1992-08-23,9786.36,281,1
F,4-NOT SPECIFIED,4,BUILDING,4,Clerk#000000962,1992-01-23,7557,979,1
O,3-MEDIUM,1,BUILDING,24,Clerk#000000577,1995-09-06,4349.73,322,1
O,1-URGENT,4,MACHINERY,11,Clerk#000000257,1997-07-20,8634.92,616,1
F,4-NOT SPECIFIED,2,MACHINERY,9,Clerk#000000431,1992-10-08,9774.97,637,1
F,2-HIGH,4,BUILDING,20,Clerk#000000647,1994-02-21,7451.84,157,1
F,5-LOW,3,MACHINERY,7,Clerk#000000227,1994-04-10,3714.06,624,1
O,2-HIGH,0,HOUSEHOLD,0,Clerk#000000704,1998-07-14,9497.89,737,1
F,1-URGENT,3,AUTOMOBILE,7,Clerk#000000331,1993-10-16,5348.11,251,1
F,3-MEDIUM,1,FURNITURE,1,Clerk#000000828,1992-12-07,-982.32,2,1
O,4-NOT SPECIFIED,2,BUILDING,12,Clerk#000000339,1998-05-25,6836.89,679,1
O,1-URGENT,0,AUTOMOBILE,16,Clerk#000000093,1996-11-19,8137.66,467,1
O,4-NOT SPECIFIED,4,BUILDING,10,Clerk#000000791,1996-10-28,6368.38,651,1
O,2-HIGH,0,BUILDING,15,Clerk#000000399,1996-06-10,8878.22,815,1
F,3-MEDIUM,2,FURNITURE,21,Clerk#000000134,1992-10-11,2948.61,14,1
O,5-LOW,0,BUILDING,16,Clerk#000000501,1997-02-24,3109.96,630,1
F,1-URGENT,1,HOUSEHOLD,2,Clerk#000000455,1993-09-08,6557.51,70,1
F,3-MEDIUM,2,BUILDING,18,Clerk#000000282,1994-06-29,9802.04,943,1
O,4-NOT SPECIFIED,2,MACHINERY,21,Clerk#000000459,1997-11-03,1663.28,918,1
O,2-HIGH,1,FURNITURE,17,Clerk#000000265,1997-10-01,6194.65,554,1
O,1-URGENT,0,HOUSEHOLD,16,Clerk#000000955,1997-01-14,3482.32,455,1
F,2-HIGH,2,HOUSEHOLD,18,Clerk#000000725,1994-07-23,8914.71,81,1
O,4-NOT SPECIFIED,2,HOUSEHOLD,21,Clerk#000000021,1995-09-24,8844.27,581,1
O,2-HIGH,2,MACHINERY,8,Clerk#000000431,1996-05-05,1526.59,787,1
F,2-HIGH,4,BUILDING,10,Clerk#000000655,1993-06-21,511.69,575,1
O,2-HIGH,1,HOUSEHOLD,1,Clerk#000000005,1998-01-26,4716.68,198,1
O,2-HIGH,4,AUTOMOBILE,10,Clerk#000000339,1996-11-02,8631.35,783,1
O,1-URGENT,0,BUILDING,0,Clerk#000000161,1996-09-09,2724.98,694,1
F,3-MEDIUM,4,AUTOMOBILE,10,Clerk#000000838,1994-01-25,3264.99,399,1
F,2-HIGH,3,AUTOMOBILE,7,Clerk#000000889,1992-09-11,9701.54,831,1
F,3-MEDIUM,1,FURNITURE,17,Clerk#000000403,1994-04-12,1268.69,928,1
O,4-NOT SPECIFIED,0,AUTOMOBILE,16,Clerk#000000754,1996-02-02,8137.66,467,1
F,1-URGENT,4,HOUSEHOLD,20,Clerk#000000088,1994-08-08,6013.09,845,1
O,2-HIGH,4,MACHINERY,13,Clerk#000000771,1996-06-21,6170.06,90,1
F,3-MEDIUM,4,AUTOMOBILE,10,Clerk#000000235,1994-11-12,1447.84,273,1
F,4-NOT SPECIFIED,4,FURNITURE,20,Clerk#000000219,1993-05-22,5867.61,853,1
O,2-HIGH,0,FURNITURE,14,Clerk#000000911,1997-07-18,9281.72,409,1
O,3-MEDIUM,4,FURNITURE,10,Clerk#000000776,1996-04-29,7618.54,65,1
F,3-MEDIUM,2,BUILDING,12,Clerk#000000619,1994-07-06,7447.99,109,1
F,5-LOW,2,BUILDING,12,Clerk#000000990,1994-05-29,3826.52,662,1
F,2-HIGH,2,MACHINERY,12,Clerk#000000175,1992-07-24,4365.28,956,1
F,2-HIGH,4,AUTOMOBILE,10,Clerk#000000729,1994-06-14,6160.95,592,1
F,3-MEDIUM,3,AUTOMOBILE,7,Clerk#000000841,1995-01-09,-339.85,922,1
F,4-NOT SPECIFIED,2,HOUSEHOLD,21,Clerk#000000694,1995-02-09,3195.96,85,1
P,2-HIGH,3,BUILDING,22,Clerk#000000143,1995-04-02,6058.08,92,1
F,4-NOT SPECIFIED,3,MACHINERY,19,Clerk#000000333,1994-01-10,9904.28,541,1
F,2-HIGH,2,AUTOMOBILE,21,Clerk#000000467,1992-08-31,772.14,67,1
F,5-LOW,4,AUTOMOBILE,11,Clerk#000000220,1992-04-02,3883.18,535,1
F,3-MEDIUM,1,MACHINERY,1,Clerk#000000645,1993-05-12,9196.11,133,1
P,5-LOW,0,AUTOMOBILE,15,Clerk#000000358,1995-04-03,7420.6,614,1
O,5-LOW,1,MACHINERY,2,Clerk#000000281,1996-08-31,2338.92,10,1
O,4-NOT SPECIFIED,3,MACHINERY,23,Clerk#000000109,1997-07-01,4079.18,512,1
O,1-URGENT,1,BUILDING,3,Clerk#000000188,1996-03-27,1335.3,450,1
O,5-LOW,1,HOUSEHOLD,2,Clerk#000000531,1997-12-06,3025.84,325,1
O,2-HIGH,4,FURNITURE,11,Clerk#000000803,1997-01-10,3061.78,803,1
O,2-HIGH,1,AUTOMOBILE,2,Clerk#000000745,1997-02-28,3139.71,63,1
O,3-MEDIUM,2,MACHINERY,9,Clerk#000000935,1995-12-11,4389.66,585,1
F,1-URGENT,2,FURNITURE,9,Clerk#000000005,1993-12-09,4286.94,602,1
O,4-NOT SPECIFIED,3,FURNITURE,6,Clerk#000000324,1998-07-26,1834.36,405,1
F,2-HIGH,2,HOUSEHOLD,9,Clerk#000000864,1995-05-07,4150.76,727,1
F,4-NOT SPECIFIED,2,MACHINERY,12,Clerk#000000758,1994-05-20,3168.41,542,1
O,2-HIGH,3,BUILDING,19,Clerk#000000189,1995-07-02,7772.85,699,1
F,2-HIGH,0,HOUSEHOLD,5,Clerk#000000948,1994-03-10,-902.48,996,1
F,5-LOW,4,FURNITURE,10,Clerk#000000930,1992-05-08,2934.06,912,1
O,4-NOT SPECIFIED,0,AUTOMOBILE,16,Clerk#000000318,1997-02-24,4878.1,48,1
O,2-HIGH,4,FURNITURE,13,Clerk#000000299,1997-10-15,346.59,576,1
O,2-HIGH,0,MACHINERY,14,Clerk#000000329,1996-01-28,6271.38,349,1
O,4-NOT SPECIFIED,2,FURNITURE,9,Clerk#000000080,1997-11-06,4286.94,602,1
O,2-HIGH,0,FURNITURE,0,Clerk#000000037,1998-02-15,7618.27,588,1
F,5-LOW,2,HOUSEHOLD,21,Clerk#000000286,1993-11-05,280.29,221,1
O,5-LOW,4,BUILDING,4,Clerk#000000779,1996-03-07,-38.42,933,1
F,1-URGENT,0,BUILDING,14,Clerk#000000876,1993-05-17,-98.46,141,1
O,5-LOW,4,BUILDING,20,Clerk#000000958,1996-03-12,7476.2,68,1
O,2-HIGH,2,AUTOMOBILE,21,Clerk#000000809,1995-06-09,6533.53,265,1
O,1-URGENT,0,AUTOMOBILE,5,Clerk#000000177,1997-02-06,1605.76,773,1
O,4-NOT SPECIFIED,4,AUTOMOBILE,10,Clerk#000000484,1995-06-12,498.77,3,1
O,2-HIGH,3,FURNITURE,23,Clerk#000000185,1996-04-05,1709.5,435,1
O,4-NOT SPECIFIED,3,MACHINERY,7,Clerk#000000864,1998-07-27,9311.17,96,1
F,4-NOT SPECIFIED,2,HOUSEHOLD,12,Clerk#000000129,1992-08-07,6761.52,841,1
F,5-LOW,0,HOUSEHOLD,5,Clerk#000000516,1995-02-15,-902.48,996,1
O,2-HIGH,2,BUILDING,12,Clerk#000000416,1996-05-11,2912,195,1
F,1-URGENT,4,AUTOMOBILE,4,Clerk#000000973,1993-02-13,8121.84,525,1
O,4-NOT SPECIFIED,3,AUTOMOBILE,6,Clerk#000000038,1996-10-19,5744.59,328,1
F,3-MEDIUM,1,AUTOMOBILE,3,Clerk#000000118,1993-10-28,6444.82,280,1
F,2-HIGH,0,AUTOMOBILE,5,Clerk#000000897,1995-01-05,3035.29,807,1
O,4-NOT SPECIFIED,3,BUILDING,23,Clerk#000000975,1996-03-02,2873.49,948,1
O,2-HIGH,2,AUTOMOBILE,21,Clerk#000000915,1997-09-15,7894,697,1
O,1-URGENT,0,BUILDING,15,Clerk#000000290,1998-05-11,8465.15,705,1
O,5-LOW,3,BUILDING,23,Clerk#000000160,1997-09-11,-272.6,936,1
O,3-MEDIUM,0,MACHINERY,16,Clerk#000000373,1997-06-02,3959.28,277,1
O,5-LOW,0,AUTOMOBILE,16,Clerk#000000409,1997-06-18,-761.7,8,1
O,2-HIGH,1,AUTOMOBILE,24,Clerk#000000643,1997-10-18,126.97,992,1
O,5-LOW,4,HOUSEHOLD,11,Clerk#000000207,1996-07-01,8595.53,838,1
F,1-URGENT,4,FURNITURE,13,Clerk#000000047,1992-02-22,909.84,840,1
F,1-URGENT,0,BUILDING,5,Clerk#000000445,1995-05-06,-158.39,942,1
F,1-URGENT,0,HOUSEHOLD,5,Clerk#000000446,1992-11-13,3335.29,677,1
O,1-URGENT,1,BUILDING,24,Clerk#000000719,1996-08-24,753.62,706,1
O,4-NOT SPECIFIED,2,MACHINERY,12,Clerk#000000466,1995-08-24,7292.93,906,1
O,1-URGENT,0,AUTOMOBILE,16,Clerk#000000461,1996-05-27,4878.1,48,1
F,4-NOT SPECIFIED,0,AUTOMOBILE,0,Clerk#000000678,1995-02-05,3393.86,969,1
O,1-URGENT,2,BUILDING,18,Clerk#000000370,1995-09-09,108.14,305,1
O,5-LOW,2,BUILDING,9,Clerk#000000907,1998-07-23,2757.45,806,1
F,2-HIGH,4,HOUSEHOLD,4,Clerk#000000711,1993-08-30,1735.44,611,1
O,2-HIGH,4,AUTOMOBILE,10,Clerk#000000407,1995-05-14,8898.67,951,1
O,1-URGENT,3,FURNITURE,23,Clerk#000000116,1997-02-02,1437.55,384,1
O,3-MEDIUM,2,BUILDING,21,Clerk#000000958,1995-08-23,2106.81,334,1
F,1-URGENT,4,BUILDING,10,Clerk#000000552,1993-01-15,6368.38,651,1
F,3-MEDIUM,0,MACHINERY,0,Clerk#000000536,1994-06-30,9217.55,62,1
O,4-NOT SPECIFIED,2,HOUSEHOLD,21,Clerk#000000649,1995-11-28,6074.01,564,1
O,2-HIGH,3,BUILDING,7,Clerk#000000150,1995-12-31,957.58,631,1
F,1-URGENT,3,HOUSEHOLD,7,Clerk#000000836,1993-12-30,639.93,135,1
F,3-MEDIUM,4,FURNITURE,10,Clerk#000000408,1994-03-25,4681.03,759,1
F,1-URGENT,2,FURNITURE,9,Clerk#000000697,1994-03-14,3244.78,360,1
O,3-MEDIUM,4,BUILDING,10,Clerk#000000734,1997-11-21,511.69,575,1
O,5-LOW,4,BUILDING,11,Clerk#000000238,1997-09-21,9442.55,46,1
F,2-HIGH,1,HOUSEHOLD,2,Clerk#000000659,1993-12-05,5553.75,182,1
F,1-URGENT,4,FURNITURE,10,Clerk#000000290,1993-03-28,1975.35,271,1
F,3-MEDIUM,3,HOUSEHOLD,23,Clerk#000000540,1992-06-12,32.24,451,1
F,2-HIGH,3,BUILDING,23,Clerk#000000038,1993-10-25,2894.22,254,1
F,4-NOT SPECIFIED,2,AUTOMOBILE,21,Clerk#000000080,1994-03-04,9177.63,61,1
O,1-URGENT,2,FURNITURE,12,Clerk#000000126,1995-12-11,6859.28,847,1
O,2-HIGH,2,AUTOMOBILE,9,Clerk#000000223,1996-03-19,-932.09,114,1
O,2-HIGH,2,HOUSEHOLD,9,Clerk#000000892,1997-08-14,4150.76,727,1
F,4-NOT SPECIFIED,3,HOUSEHOLD,23,Clerk#000000582,1994-03-30,4822.08,776,1
O,3-MEDIUM,0,AUTOMOBILE,15,Clerk#000000618,1995-08-13,5212.43,658,1
O,2-HIGH,4,MACHINERY,13,Clerk#000000193,1995-11-06,-897.04,531,1
O,3-MEDIUM,0,FURNITURE,0,Clerk#000000592,1996-08-09,5745.33,388,1
O,3-MEDIUM,0,BUILDING,0,Clerk#000000837,1996-01-08,4288.5,739,1
F,5-LOW,4,FURNITURE,10,Clerk#000000881,1994-10-22,6227.55,377,1
O,3-MEDIUM,3,AUTOMOBILE,22,Clerk#000000621,1996-10-07,4962.12,87,1
F,4-NOT SPECIFIED,1,AUTOMOBILE,24,Clerk#000000656,1993-03-08,126.97,992,1
O,1-URGENT,3,MACHINERY,7,Clerk#000000548,1995-06-16,6039.64,548,1
F,1-URGENT,3,BUILDING,7,Clerk#000000584,1992-10-12,8227.37,730,1
O,3-MEDIUM,4,BUILDING,11,Clerk#000000446,1998-02-20,4608.9,209,1
O,4-NOT SPECIFIED,2,HOUSEHOLD,8,Clerk#000000639,1997-10-18,2840.59,272,1
F,4-NOT SPECIFIED,2,MACHINERY,21,Clerk#000000338,1993-05-21,6314.25,978,1
O,5-LOW,2,AUTOMOBILE,9,Clerk#000000600,1996-04-20,233.51,129,1
F,3-MEDIUM,0,AUTOMOBILE,0,Clerk#000000625,1994-07-07,2222.71,410,1
F,1-URGENT,1,HOUSEHOLD,2,Clerk#000000561,1994-08-18,8993.23,897,1
O,1-URGENT,2,HOUSEHOLD,8,Clerk#000000903,1996-01-31,6359.27,164,1
O,2-HIGH,4,HOUSEHOLD,20,Clerk#000000665,1996-01-09,8438.4,441,1
O,5-LOW,4,FURNITURE,10,Clerk#000000918,1995-12-04,3959.71,350,1
O,5-LOW,0,MACHINERY,16,Clerk#000000371,1997-01-12,1755.33,848,1
F,5-LOW,4,HOUSEHOLD,20,Clerk#000000304,1994-01-17,4489.98,13,1
F,3-MEDIUM,1,HOUSEHOLD,1,Clerk#000000070,1993-11-05,-875.17,563,1
F,3-MEDIUM,2,FURNITURE,12,Clerk#000000132,1994-01-19,6019.32,255,1
O,5-LOW,1,BUILDING,2,Clerk#000000998,1997-04-11,6738.93,6,1
O,4-NOT SPECIFIED,3,AUTOMOBILE,7,Clerk#000000091,1996-02-27,4450.03,342,1
O,3-MEDIUM,4,AUTOMOBILE,11,Clerk#000000077,1997-04-15,9270.88,336,1
F,5-LOW,3,HOUSEHOLD,7,Clerk#000000294,1993-02-02,9305.05,69,1
F,5-LOW,2,BUILDING,12,Clerk#000000633,1993-08-06,2584.52,990,1
O,4-NOT SPECIFIED,3,BUILDING,23,Clerk#000000597,1997-08-31,2873.49,948,1
O,3-MEDIUM,0,BUILDING,15,Clerk#000000763,1996-09-08,9010.02,879,1
O,4-NOT SPECIFIED,2,MACHINERY,9,Clerk#000000514,1997-12-13,9774.97,637,1
F,4-NOT SPECIFIED,4,FURNITURE,10,Clerk#000000612,1995-01-28,2934.06,912,1
F,1-URGENT,1,FURNITURE,1,Clerk#000000475,1994-04-16,-982.32,2,1
F,5-LOW,0,FURNITURE,14,Clerk#000000099,1993-06-14,6181.23,142,1
F,5-LOW,4,MACHINERY,4,Clerk#000000505,1993-02-28,2764.43,143,1
F,4-NOT SPECIFIED,4,AUTOMOBILE,10,Clerk#000000120,1993-02-11,-922.69,179,1
O,1-URGENT,0,BUILDING,15,Clerk#000000089,1995-08-25,4011.18,354,1
O,4-NOT SPECIFIED,0,FURNITURE,14,Clerk#000000795,1996-09-23,1724.68,138,1
F,2-HIGH,1,HOUSEHOLD,2,Clerk#000000094,1993-09-04,8993.23,897,1
F,3-MEDIUM,4,HOUSEHOLD,13,Clerk#000000044,1994-05-06,9585.32,900,1
O,3-MEDIUM,2,HOUSEHOLD,9,Clerk#000000074,1997-01-10,5500.11,115,1
F,5-LOW,3,AUTOMOBILE,7,Clerk#000000930,1993-06-08,-339.85,922,1
O,1-URGENT,3,HOUSEHOLD,19,Clerk#000000443,1998-05-29,-201.49,661,1
F,1-URGENT,3,AUTOMOBILE,22,Clerk#000000932,1992-05-14,6718.78,834,1
F,1-URGENT,4,MACHINERY,11,Clerk#000000612,1993-04-25,8634.92,616,1
F,3-MEDIUM,1,BUILDING,1,Clerk#000000604,1993-11-01,3652.29,235,1
F,3-MEDIUM,1,BUILDING,1,Clerk#000000313,1995-01-08,3893.14,140,1
O,4-NOT SPECIFIED,3,BUILDING,19,Clerk#000000367,1996-03-01,1469.59,173,1
F,1-URGENT,2,AUTOMOBILE,18,Clerk#000000918,1994-03-29,1137.67,868,1
F,5-LOW,3,BUILDING,7,Clerk#000000104,1992-08-13,8227.37,730,1
F,5-LOW,3,HOUSEHOLD,6,Clerk#000000018,1995-03-22,4390.33,279,1
F,2-HIGH,3,MACHINERY,19,Clerk#000000439,1994-08-07,6239.89,162,1
O,2-HIGH,4,HOUSEHOLD,11,Clerk#000000187,1996-08-02,5630.28,878,1
O,1-URGENT,3,HOUSEHOLD,7,Clerk#000000279,1996-10-24,1938.05,424,1
O,4-NOT SPECIFIED,4,FURNITURE,4,Clerk#000000957,1997-09-22,7654.31,243,1
F,3-MEDIUM,1,BUILDING,1,Clerk#000000672,1993-05-12,5512.73,428,1
F,5-LOW,2,BUILDING,9,Clerk#000000684,1994-04-10,3016.38,680,1
F,4-NOT SPECIFIED,3,BUILDING,23,Clerk#000000040,1992-01-10,4936.25,636,1
O,3-MEDIUM,2,MACHINERY,9,Clerk#000000543,1997-01-23,4910.48,171,1
F,2-HIGH,0,BUILDING,15,Clerk#000000922,1992-03-03,3225.07,771,1
F,2-HIGH,4,BUILDING,10,Clerk#000000534,1994-06-30,511.69,575,1
O,1-URGENT,0,MACHINERY,16,Clerk#000000068,1996-10-24,1755.33,848,1
F,4-NOT SPECIFIED,0,BUILDING,5,Clerk#000000669,1994-05-12,6709.9,835,1
O,4-NOT SPECIFIED,1,FURNITURE,24,Clerk#000000565,1997-11-16,4038.45,112,1
O,1-URGENT,4,HOUSEHOLD,13,Clerk#000000597,1998-01-12,9748.93,176,1
O,4-NOT SPECIFIED,0,MACHINERY,14,Clerk#000000716,1995-09-27,3623.6,398,1
O,3-MEDIUM,2,MACHINERY,9,Clerk#000000292,1996-11-02,9774.97,637,1
F,1-URGENT,4,BUILDING,10,Clerk#000000401,1992-12-17,2222.65,469,1
F,5-LOW,3,FURNITURE,22,Clerk#000000448,1994-05-05,7616.48,545,1
O,5-LOW,3,FURNITURE,23,Clerk#000000669,1997-11-22,1709.5,435,1
F,2-HIGH,1,HOUSEHOLD,24,Clerk#000000869,1993-11-26,2369.01,618,1
F,5-LOW,2,HOUSEHOLD,12,Clerk#000000628,1994-10-27,938.35,292,1
F,5-LOW,4,FURNITURE,4,Clerk#000000670,1992-02-07,774.23,288,1
O,1-URGENT,0,HOUSEHOLD,5,Clerk#000000870,1997-07-06,2753.54,315,1
F,4-NOT SPECIFIED,0,FURNITURE,14,Clerk#000000940,1994-11-12,6487.71,869,1
F,2-HIGH,0,BUILDING,14,Clerk#000000566,1995-02-01,7915.06,266,1
O,1-URGENT,4,AUTOMOBILE,20,Clerk#000000283,1998-03-12,-919.65,977,1
O,1-URGENT,2,HOUSEHOLD,9,Clerk#000000474,1997-02-04,-272.14,593,1
F,1-URGENT,1,FURNITURE,17,Clerk#000000889,1993-09-30,6194.65,554,1
O,1-URGENT,4,MACHINERY,13,Clerk#000000057,1995-11-19,-897.04,531,1
P,2-HIGH,3,BUILDING,23,Clerk#000000547,1995-04-16,2873.49,948,1
O,3-MEDIUM,2,HOUSEHOLD,18,Clerk#000000200,1998-06-02,8914.71,81,1
F,5-LOW,2,BUILDING,9,Clerk#000000066,1994-01-17,5794.69,56,1
O,5-LOW,4,BUILDING,10,Clerk#000000111,1998-03-22,5165.39,515,1
O,4-NOT SPECIFIED,4,FURNITURE,20,Clerk#000000821,1996-04-22,6397.58,404,1
F,3-MEDIUM,2,AUTOMOBILE,18,Clerk#000000527,1992-05-27,1842.49,930,1
O,1-URGENT,3,HOUSEHOLD,22,Clerk#000000738,1996-03-31,554.71,768,1
O,5-LOW,1,FURNITURE,3,Clerk#000000140,1996-10-04,7746.97,101,1
O,1-URGENT,4,AUTOMOBILE,20,Clerk#000000821,1995-07-11,-919.65,977,1
F,5-LOW,4,BUILDING,20,Clerk#000000252,1994-01-11,-574.39,12,1
O,1-URGENT,1,BUILDING,1,Clerk#000000879,1995-07-21,4189.04,144,1
F,1-URGENT,4,HOUSEHOLD,4,Clerk#000000511,1995-02-14,7979.48,519,1
O,2-HIGH,0,MACHINERY,5,Clerk#000000480,1996-09-28,2168.61,681,1
F,4-NOT SPECIFIED,2,MACHINERY,21,Clerk#000000812,1995-01-29,7140.81,628,1
F,4-NOT SPECIFIED,2,FURNITURE,18,Clerk#000000518,1994-05-26,8429.33,244,1
F,5-LOW,2,AUTOMOBILE,21,Clerk#000000624,1993-04-17,9177.63,61,1
F,5-LOW,0,HOUSEHOLD,14,Clerk#000000022,1993-08-13,6344.18,493,1
F,5-LOW,0,BUILDING,5,Clerk#000000547,1992-02-27,-178.52,941,1
O,5-LOW,4,AUTOMOBILE,10,Clerk#000000197,1997-01-07,-215.75,527,1
O,2-HIGH,2,AUTOMOBILE,21,Clerk#000000532,1996-12-10,6533.53,265,1
O,4-NOT SPECIFIED,0,MACHINERY,14,Clerk#000000426,1996-11-28,3623.6,398,1
O,5-LOW,4,MACHINERY,4,Clerk#000000881,1995-10-05,2866.83,72,1
F,2-HIGH,3,AUTOMOBILE,6,Clerk#000000355,1994-02-13,5744.59,328,1
O,2-HIGH,2,AUTOMOBILE,12,Clerk#000000381,1996-12-15,1499.56,586,1
O,4-NOT SPECIFIED,3,BUILDING,22,Clerk#000000344,1996-10-24,6292.06,793,1
O,3-MEDIUM,2,BUILDING,21,Clerk#000000886,1997-12-18,5465.29,539,1
O,5-LOW,1,FURNITURE,24,Clerk#000000259,1995-10-08,4038.45,112,1
F,4-NOT SPECIFIED,3,HOUSEHOLD,23,Clerk#000000499,1994-05-10,2701.21,603,1
O,3-MEDIUM,3,BUILDING,7,Clerk#000000106,1998-01-06,4349.27,415,1
F,4-NOT SPECIFIED,0,BUILDING,16,Clerk#000000260,1994-03-26,9131.64,407,1
O,3-MEDIUM,0,BUILDING,16,Clerk#000000099,1997-05-28,-716.1,197,1
F,2-HIGH,2,FURNITURE,8,Clerk#000000953,1992-06-26,9126.54,935,1
O,5-LOW,1,HOUSEHOLD,2,Clerk#000000823,1996-06-13,3025.84,325,1
F,1-URGENT,0,BUILDING,0,Clerk#000000827,1995-01-30,4517.33,376,1
O,4-NOT SPECIFIED,4,MACHINERY,4,Clerk#000000888,1997-08-31,2866.83,72,1
O,2-HIGH,3,MACHINERY,19,Clerk#000000591,1996-03-30,1422.57,833,1
F,1-URGENT,0,HOUSEHOLD,14,Clerk#000000860,1993-05-02,1799.67,720,1
O,1-URGENT,3,FURNITURE,22,Clerk#000000258,1998-07-26,9491.46,789,1
F,4-NOT SPECIFIED,3,BUILDING,7,Clerk#000000032,1993-06-12,2902.95,120,1
O,1-URGENT,4,FURNITURE,11,Clerk#000000389,1997-04-05,3969.86,952,1
F,2-HIGH,3,AUTOMOBILE,6,Clerk#000000991,1994-02-18,4396.25,442,1
O,3-MEDIUM,0,AUTOMOBILE,5,Clerk#000000623,1995-09-13,-390.09,920,1
O,5-LOW,4,BUILDING,11,Clerk#000000779,1997-06-19,-413.03,311,1
F,2-HIGH,4,FURNITURE,10,Clerk#000000340,1993-12-21,6530.86,589,1
F,3-MEDIUM,4,FURNITURE,10,Clerk#000000687,1993-01-02,8908.35,788,1
F,4-NOT SPECIFIED,0,BUILDING,15,Clerk#000000968,1994-04-10,9768.73,811,1
O,3-MEDIUM,2,MACHINERY,21,Clerk#000000333,1995-12-10,7140.81,628,1
O,5-LOW,1,HOUSEHOLD,3,Clerk#000000123,1997-05-18,7865.46,544,1
F,3-MEDIUM,3,HOUSEHOLD,7,Clerk#000000264,1992-09-09,5847.76,962,1
O,4-NOT SPECIFIED,1,BUILDING,24,Clerk#000000212,1995-07-01,8616.12,590,1
F,3-MEDIUM,4,MACHINERY,10,Clerk#000000152,1992-03-01,3829.03,452,1
O,1-URGENT,2,MACHINERY,12,Clerk#000000493,1995-11-01,3720.15,330,1
O,2-HIGH,4,MACHINERY,20,Clerk#000000406,1995-10-21,7555.16,780,1
F,1-URGENT,2,BUILDING,21,Clerk#000000448,1994-05-19,6252.12,329,1
F,2-HIGH,0,HOUSEHOLD,15,Clerk#000000852,1994-01-01,-774.47,972,1
F,2-HIGH,3,AUTOMOBILE,19,Clerk#000000186,1993-08-21,85.05,105,1
F,5-LOW,1,MACHINERY,3,Clerk#000000561,1992-07-30,-487.92,118,1
O,1-URGENT,1,BUILDING,17,Clerk#000000992,1998-02-21,1376.67,583,1
F,1-URGENT,2,HOUSEHOLD,21,Clerk#000000304,1992-02-19,8330.7,31,1
F,5-LOW,4,AUTOMOBILE,20,Clerk#000000246,1993-07-18,-919.65,977,1
F,2-HIGH,0,HOUSEHOLD,15,Clerk#000000973,1994-09-20,7734.64,755,1
F,1-URGENT,3,HOUSEHOLD,6,Clerk#000000897,1993-02-16,4390.33,279,1
F,2-HIGH,4,FURNITURE,11,Clerk#000000817,1992-09-13,-425.09,964,1
O,1-URGENT,2,FURNITURE,9,Clerk#000000548,1997-10-22,8328.12,462,1
O,2-HIGH,4,BUILDING,11,Clerk#000000247,1998-06-15,2954.9,153,1
P,1-URGENT,1,MACHINERY,2,Clerk#000000209,1995-04-19,-444.73,794,1
F,2-HIGH,1,HOUSEHOLD,1,Clerk#000000558,1995-03-19,3679.65,870,1
O,5-LOW,2,BUILDING,12,Clerk#000000168,1996-05-03,7447.99,109,1
F,2-HIGH,4,AUTOMOBILE,10,Clerk#000000286,1993-01-12,1939.39,520,1
P,4-NOT SPECIFIED,1,BUILDING,1,Clerk#000000981,1995-04-26,-210.4,723,1
O,5-LOW,0,BUILDING,0,Clerk#000000450,1997-11-05,4288.5,739,1
F,3-MEDIUM,2,BUILDING,8,Clerk#000000264,1994-12-10,1766.23,188,1
F,4-NOT SPECIFIED,1,HOUSEHOLD,2,Clerk#000000137,1994-06-17,990.58,421,1
O,4-NOT SPECIFIED,0,MACHINERY,15,Clerk#000000660,1997-08-02,5327.38,365,1
O,4-NOT SPECIFIED,3,BUILDING,7,Clerk#000000155,1997-03-08,4409.7,487,1
O,2-HIGH,1,FURNITURE,24,Clerk#000000158,1996-11-05,4038.45,112,1
O,4-NOT SPECIFIED,3,BUILDING,7,Clerk#000000747,1996-02-09,3869.25,518,1
O,1-URGENT,2,HOUSEHOLD,12,Clerk#000000177,1997-12-06,6761.52,841,1
O,5-LOW,1,BUILDING,17,Clerk#000000092,1997-03-31,6819.74,27,1
F,1-URGENT,4,AUTOMOBILE,20,Clerk#000000411,1992-12-05,2351.1,45,1
F,3-MEDIUM,3,AUTOMOBILE,19,Clerk#000000019,1994-07-25,85.05,105,1
O,5-LOW,2,FURNITURE,8,Clerk#000000629,1998-03-08,9787.56,695,1
O,1-URGENT,2,FURNITURE,18,Clerk#000000883,1996-01-24,8429.33,244,1
O,1-URGENT,1,BUILDING,1,Clerk#000000546,1998-01-26,5512.73,428,1
F,2-HIGH,2,MACHINERY,18,Clerk#000000810,1995-01-03,7055.13,287,1
O,5-LOW,0,BUILDING,0,Clerk#000000035,1998-02-09,1820.28,337,1
F,5-LOW,4,AUTOMOBILE,4,Clerk#000000758,1992-06-19,8798.96,644,1
F,2-HIGH,1,AUTOMOBILE,17,Clerk#000000188,1992-08-30,6149.01,747,1
O,5-LOW,3,AUTOMOBILE,7,Clerk#000000427,1996-05-01,7548.88,278,1
F,2-HIGH,3,FURNITURE,23,Clerk#000000973,1994-05-03,2829.07,667,1
O,5-LOW,0,BUILDING,16,Clerk#000000548,1996-07-06,8403.99,702,1
F,3-MEDIUM,3,AUTOMOBILE,23,Clerk#000000535,1994-12-08,668.51,474,1
P,2-HIGH,4,HOUSEHOLD,11,Clerk#000000161,1995-04-23,2135.6,580,1
O,2-HIGH,1,BUILDING,3,Clerk#000000319,1996-09-27,-646.64,245,1
F,3-MEDIUM,2,HOUSEHOLD,8,Clerk#000000604,1993-06-27,7508.92,764,1
F,3-MEDIUM,4,AUTOMOBILE,4,Clerk#000000576,1993-11-21,8798.96,644,1
O,1-URGENT,2,HOUSEHOLD,8,Clerk#000000484,1997-06-26,6020.02,666,1
F,1-URGENT,0,HOUSEHOLD,14,Clerk#000000450,1992-04-23,4293.76,297,1
F,1-URGENT,2,FURNITURE,18,Clerk#000000475,1994-11-15,4483.83,393,1
O,4-NOT SPECIFIED,0,HOUSEHOLD,15,Clerk#000000039,1997-03-02,5432.77,961,1
O,3-MEDIUM,4,FURNITURE,4,Clerk#000000715,1998-01-02,2688.88,427,1
O,1-URGENT,1,AUTOMOBILE,17,Clerk#000000126,1995-07-03,2164.48,361,1
O,5-LOW,4,FURNITURE,20,Clerk#000000281,1996-12-17,6265.88,609,1
F,3-MEDIUM,1,AUTOMOBILE,3,Clerk#000000200,1992-05-18,9008.61,417,1
O,5-LOW,2,FURNITURE,12,Clerk#000000518,1996-01-26,3231.71,463,1
O,2-HIGH,4,FURNITURE,13,Clerk#000000065,1996-08-08,346.59,576,1
F,2-HIGH,0,MACHINERY,16,Clerk#000000302,1993-09-10,6582.04,204,1
F,1-URGENT,4,FURNITURE,10,Clerk#000000987,1994-01-03,3589.49,358,1
O,3-MEDIUM,0,HOUSEHOLD,15,Clerk#000000286,1997-09-29,8589.7,20,1
F,2-HIGH,1,HOUSEHOLD,2,Clerk#000000455,1993-02-23,5553.75,182,1
F,5-LOW,4,AUTOMOBILE,4,Clerk#000000779,1992-01-09,4422.45,740,1
O,5-LOW,4,BUILDING,11,Clerk#000000665,1998-07-31,3952.84,26,1
O,5-LOW,0,HOUSEHOLD,14,Clerk#000000670,1998-04-13,5411.2,199,1
F,3-MEDIUM,4,AUTOMOBILE,4,Clerk#000000686,1994-02-05,-614.28,560,1
O,2-HIGH,3,AUTOMOBILE,6,Clerk#000000197,1995-04-24,3998.42,742,1
O,4-NOT SPECIFIED,3,BUILDING,23,Clerk#000000549,1997-10-15,2894.22,254,1
O,5-LOW,0,BUILDING,0,Clerk#000000221,1998-03-20,2724.98,694,1
F,4-NOT SPECIFIED,2,AUTOMOBILE,12,Clerk#000000133,1993-10-30,1194.33,239,1
O,1-URGENT,4,BUILDING,4,Clerk#000000924,1997-10-06,260.71,646,1
F,1-URGENT,4,FURNITURE,10,Clerk#000000510,1992-01-21,3959.71,350,1
F,4-NOT SPECIFIED,2,FURNITURE,21,Clerk#000000102,1993-07-01,2114.53,508,1
F,2-HIGH,4,AUTOMOBILE,10,Clerk#000000478,1992-03-25,1447.84,273,1
F,4-NOT SPECIFIED,1,BUILDING,17,Clerk#000000029,1992-11-01,2718.02,79,1
O,4-NOT SPECIFIED,1,HOUSEHOLD,17,Clerk#000000709,1996-03-10,1228.24,217,1
O,4-NOT SPECIFIED,0,HOUSEHOLD,16,Clerk#000000174,1997-05-23,7838.3,692,1
F,4-NOT SPECIFIED,3,AUTOMOBILE,19,Clerk#000000268,1992-10-08,276.71,891,1
O,4-NOT SPECIFIED,4,BUILDING,13,Clerk#000000578,1997-05-30,6364.6,744,1
O,3-MEDIUM,3,BUILDING,19,Clerk#000000963,1995-10-10,7772.85,699,1
F,2-HIGH,3,BUILDING,6,Clerk#000000935,1993-07-15,8667.09,30,1
O,2-HIGH,0,HOUSEHOLD,15,Clerk#000000252,1995-08-14,1965.38,754,1
F,5-LOW,0,MACHINERY,0,Clerk#000000175,1993-08-07,2531.25,496,1
O,2-HIGH,1,FURNITURE,17,Clerk#000000446,1996-12-28,6194.65,554,1
O,2-HIGH,3,AUTOMOBILE,6,Clerk#000000311,1998-04-04,593.52,622,1
O,1-URGENT,2,AUTOMOBILE,12,Clerk#000000212,1998-08-01,5392.3,57,1
F,4-NOT SPECIFIED,3,HOUSEHOLD,23,Clerk#000000771,1993-01-14,4822.08,776,1
F,4-NOT SPECIFIED,0,FURNITURE,14,Clerk#000000736,1993-11-13,7059.15,316,1
O,1-URGENT,1,AUTOMOBILE,2,Clerk#000000233,1995-11-16,1543.64,486,1
O,2-HIGH,3,MACHINERY,23,Clerk#000000726,1996-01-28,5200.96,526,1
F,4-NOT SPECIFIED,1,BUILDING,17,Clerk#000000387,1994-12-16,1738.87,999,1
O,1-URGENT,3,AUTOMOBILE,22,Clerk#000000521,1997-06-09,5067.31,223,1
F,4-NOT SPECIFIED,0,BUILDING,15,Clerk#000000437,1992-07-17,9768.73,811,1
F,1-URGENT,0,FURNITURE,5,Clerk#000000952,1993-09-18,5447.12,966,1
F,3-MEDIUM,4,AUTOMOBILE,10,Clerk#000000425,1993-05-29,-922.69,179,1
F,5-LOW,3,MACHINERY,6,Clerk#000000410,1992-03-08,2892.21,260,1
F,4-NOT SPECIFIED,0,HOUSEHOLD,16,Clerk#000000912,1993-09-10,6696.49,893,1
O,2-HIGH,2,HOUSEHOLD,18,Clerk#000000259,1995-06-15,4723.37,852,1
F,3-MEDIUM,3,BUILDING,6,Clerk#000000412,1992-04-12,4361.7,232,1
F,3-MEDIUM,1,HOUSEHOLD,3,Clerk#000000934,1993-02-26,2584.23,172,1
F,4-NOT SPECIFIED,4,BUILDING,11,Clerk#000000034,1994-10-10,-181.63,412,1
O,4-NOT SPECIFIED,1,BUILDING,3,Clerk#000000965,1997-04-20,7905.17,813,1
F,4-NOT SPECIFIED,0,MACHINERY,0,Clerk#000000364,1993-05-20,9217.55,62,1
O,5-LOW,4,AUTOMOBILE,11,Clerk#000000884,1997-01-03,9270.88,336,1
F,4-NOT SPECIFIED,4,FURNITURE,10,Clerk#000000541,1993-02-14,6227.55,377,1
O,4-NOT SPECIFIED,1,FURNITURE,3,Clerk#000000202,1998-04-29,3328.68,298,1
O,2-HIGH,1,BUILDING,2,Clerk#000000023,1997-04-28,2883.24,78,1
O,1-URGENT,2,FURNITURE,12,Clerk#000000804,1998-05-03,9184.72,750,1
O,4-NOT SPECIFIED,3,MACHINERY,19,Clerk#000000752,1997-02-09,8695.45,152,1
O,4-NOT SPECIFIED,0,BUILDING,5,Clerk#000000572,1997-08-11,9562.82,791,1
O,2-HIGH,3,MACHINERY,23,Clerk#000000667,1997-07-16,4079.18,512,1
F,5-LOW,1,BUILDING,17,Clerk#000000389,1992-12-29,2718.02,79,1
F,1-URGENT,1,HOUSEHOLD,24,Clerk#000000055,1993-05-21,-273.96,762,1
F,3-MEDIUM,1,AUTOMOBILE,1,Clerk#000000201,1995-01-28,3914.88,166,1
O,5-LOW,0,HOUSEHOLD,0,Clerk#000000129,1997-03-23,9497.89,737,1
F,4-NOT SPECIFIED,1,AUTOMOBILE,3,Clerk#000000258,1993-12-05,2457.09,774,1
F,4-NOT SPECIFIED,4,MACHINERY,11,Clerk#000000171,1993-10-23,1959.17,660,1
F,1-URGENT,4,HOUSEHOLD,4,Clerk#000000101,1992-06-19,7979.48,519,1
F,1-URGENT,0,HOUSEHOLD,16,Clerk#000000650,1994-06-12,2961.79,155,1
O,5-LOW,4,FURNITURE,4,Clerk#000000650,1996-04-27,9621.49,42,1
F,4-NOT SPECIFIED,2,HOUSEHOLD,21,Clerk#000000850,1992-10-14,8367.94,511,1
F,3-MEDIUM,0,FURNITURE,16,Clerk#000000611,1993-12-30,5030.24,391,1
F,1-URGENT,2,FURNITURE,21,Clerk#000000732,1992-12-11,2990.73,282,1
F,5-LOW,0,BUILDING,15,Clerk#000000170,1995-03-09,3471.53,998,1
O,1-URGENT,2,AUTOMOBILE,18,Clerk#000000049,1998-04-23,9468.34,479,1
F,1-URGENT,4,HOUSEHOLD,13,Clerk#000000970,1993-06-16,4429.81,812,1
F,1-URGENT,0,FURNITURE,5,Clerk#000000652,1993-05-08,1791.65,99,1
F,1-URGENT,4,MACHINERY,20,Clerk#000000892,1993-12-14,7555.16,780,1
O,3-MEDIUM,0,MACHINERY,5,Clerk#000000133,1998-03-28,5027.75,510,1
O,1-URGENT,2,HOUSEHOLD,12,Clerk#000000526,1996-02-03,5841.33,136,1
O,2-HIGH,1,BUILDING,17,Clerk#000000573,1995-12-01,4605.87,119,1
F,5-LOW,4,FURNITURE,10,Clerk#000000897,1992-01-01,8908.35,788,1
O,2-HIGH,2,FURNITURE,8,Clerk#000000748,1995-11-29,-917.75,222,1
F,5-LOW,1,MACHINERY,2,Clerk#000000378,1994-10-30,-444.73,794,1
F,4-NOT SPECIFIED,1,FURNITURE,24,Clerk#000000456,1994-04-20,1928.1,981,1
O,2-HIGH,1,BUILDING,2,Clerk#000000280,1996-10-18,4946.21,55,1
O,2-HIGH,1,FURNITURE,1,Clerk#000000429,1996-01-10,3106,413,1
O,2-HIGH,0,BUILDING,0,Clerk#000000561,1997-08-29,1377.52,715,1
O,3-MEDIUM,4,AUTOMOBILE,4,Clerk#000000953,1998-04-28,1561.8,634,1
F,5-LOW,4,AUTOMOBILE,4,Clerk#000000952,1993-07-10,4422.45,740,1
O,5-LOW,3,MACHINERY,22,Clerk#000000612,1998-01-19,7882.44,242,1
F,5-LOW,1,MACHINERY,17,Clerk#000000855,1994-03-10,507.26,502,1
F,2-HIGH,4,BUILDING,4,Clerk#000000017,1993-12-13,3329.21,24,1
O,1-URGENT,2,HOUSEHOLD,21,Clerk#000000469,1997-06-13,8330.7,31,1
F,5-LOW,4,MACHINERY,4,Clerk#000000213,1994-05-18,9963.15,836,1
F,1-URGENT,3,MACHINERY,23,Clerk#000000502,1993-02-21,4079.18,512,1
F,4-NOT SPECIFIED,2,FURNITURE,18,Clerk#000000084,1992-12-13,4483.83,393,1
O,1-URGENT,0,MACHINERY,5,Clerk#000000434,1996-08-11,5027.75,510,1
F,5-LOW,0,AUTOMOBILE,0,Clerk#000000358,1993-08-20,904.43,396,1
O,5-LOW,0,AUTOMOBILE,16,Clerk#000000120,1995-07-16,4878.1,48,1
P,4-NOT SPECIFIED,4,MACHINERY,10,Clerk#000000394,1995-03-09,4572.11,819,1
O,1-URGENT,2,AUTOMOBILE,18,Clerk#000000567,1998-06-18,9593.35,161,1
O,5-LOW,1,MACHINERY,24,Clerk#000000280,1998-01-07,7491.42,113,1
O,3-MEDIUM,0,AUTOMOBILE,0,Clerk#000000248,1995-06-23,138.31,202,1
O,5-LOW,3,HOUSEHOLD,7,Clerk#000000643,1996-07-08,8555.12,422,1
F,1-URGENT,1,AUTOMOBILE,2,Clerk#000000558,1994-09-28,3139.71,63,1
F,4-NOT SPECIFIED,0,MACHINERY,0,Clerk#000000567,1993-12-16,4367.53,392,1
O,1-URGENT,0,AUTOMOBILE,16,Clerk#000000897,1997-08-04,1490.21,74,1
F,2-HIGH,0,AUTOMOBILE,0,Clerk#000000653,1993-05-28,138.31,202,1
F,4-NOT SPECIFIED,0,MACHINERY,5,Clerk#000000734,1992-03-17,-44.66,684,1
F,2-HIGH,0,BUILDING,0,Clerk#000000188,1995-02-14,662.67,570,1
F,3-MEDIUM,0,HOUSEHOLD,15,Clerk#000000026,1993-08-17,8865.61,765,1
F,5-LOW,2,HOUSEHOLD,8,Clerk#000000359,1994-12-23,7658.97,837,1
O,3-MEDIUM,2,MACHINERY,12,Clerk#000000366,1995-08-29,2263.25,601,1
F,3-MEDIUM,0,MACHINERY,16,Clerk#000000388,1994-04-17,3959.28,277,1
O,3-MEDIUM,3,HOUSEHOLD,6,Clerk#000000497,1996-09-13,5503.36,732,1
F,3-MEDIUM,1,AUTOMOBILE,3,Clerk#000000235,1994-02-13,9128.69,252,1
F,5-LOW,3,BUILDING,23,Clerk#000000002,1995-01-06,5840.97,203,1
O,5-LOW,3,HOUSEHOLD,7,Clerk#000000122,1997-05-03,1938.05,424,1
O,1-URGENT,2,BUILDING,18,Clerk#000000508,1996-06-25,-867.94,903,1
F,1-URGENT,3,AUTOMOBILE,6,Clerk#000000654,1993-05-26,3288.76,678,1
F,2-HIGH,0,HOUSEHOLD,15,Clerk#000000360,1992-05-29,7734.64,755,1
F,4-NOT SPECIFIED,4,HOUSEHOLD,20,Clerk#000000205,1994-03-10,3597.53,465,1
F,5-LOW,4,MACHINERY,20,Clerk#000000486,1992-03-25,7555.16,780,1
F,2-HIGH,0,BUILDING,14,Clerk#000000684,1992-04-15,9043.55,100,1
F,2-HIGH,1,HOUSEHOLD,2,Clerk#000000313,1993-05-21,6557.51,70,1
O,5-LOW,3,AUTOMOBILE,19,Clerk#000000730,1997-01-09,85.05,105,1
F,1-URGENT,1,MACHINERY,3,Clerk#000000016,1992-09-26,1975.41,234,1
F,5-LOW,4,MACHINERY,13,Clerk#000000083,1992-08-06,4363.17,264,1
O,3-MEDIUM,1,BUILDING,1,Clerk#000000183,1995-06-11,2650.27,285,1
O,4-NOT SPECIFIED,4,MACHINERY,4,Clerk#000000662,1995-12-19,9963.15,836,1
F,1-URGENT,4,BUILDING,13,Clerk#000000271,1992-11-21,1317.56,16,1
F,2-HIGH,3,HOUSEHOLD,23,Clerk#000000356,1994-12-29,2701.21,603,1
O,2-HIGH,3,AUTOMOBILE,19,Clerk#000000356,1995-08-07,2135.91,41,1
F,3-MEDIUM,0,HOUSEHOLD,16,Clerk#000000287,1993-09-02,5824.88,701,1
F,5-LOW,0,HOUSEHOLD,16,Clerk#000000515,1994-09-25,3482.32,455,1
F,1-URGENT,4,BUILDING,20,Clerk#000000005,1992-10-22,3136.15,238,1
F,1-URGENT,1,BUILDING,2,Clerk#000000504,1993-06-10,4667.12,645,1
O,4-NOT SPECIFIED,1,AUTOMOBILE,3,Clerk#000000833,1997-10-12,8137.24,124,1
F,2-HIGH,0,AUTOMOBILE,16,Clerk#000000926,1992-01-12,8137.66,467,1
O,1-URGENT,0,MACHINERY,14,Clerk#000000181,1998-07-15,3623.6,398,1
P,1-URGENT,4,BUILDING,13,Clerk#000000461,1995-06-01,8938.14,36,1
F,4-NOT SPECIFIED,3,HOUSEHOLD,7,Clerk#000000260,1994-11-01,876.02,312,1
O,5-LOW,1,BUILDING,1,Clerk#000000891,1995-11-16,7568.07,591,1
O,2-HIGH,3,BUILDING,19,Clerk#000000862,1995-12-05,1525.96,481,1
F,5-LOW,3,AUTOMOBILE,19,Clerk#000000193,1993-12-22,6496.08,357,1
P,2-HIGH,0,HOUSEHOLD,15,Clerk#000000194,1995-04-21,1965.38,754,1
