o_orderstatus,o_orderpriority,cn_regionkey,c_mktsegment,c_nationkey,o_clerk,o_orderdate,c_acctbal,o_custkey,groupcol,aggcol
F,4-NOT SPECIFIED,0,AUTOMOBILE,5,Clerk#000000601,1993-09-29,389.48,4319,0,1
F,5-LOW,2,BUILDING,12,Clerk#000000294,1993-09-27,8306.75,4013,1,1
F,5-LOW,2,MACHINERY,18,Clerk#000000175,1993-08-30,5803.35,13282,1,1
F,1-URGENT,2,HOUSEHOLD,9,Clerk#000000635,1993-08-24,9119.81,5071,2,1
F,5-LOW,4,MACHINERY,11,Clerk#000000241,1993-08-17,4919.04,13225,1,1
F,3-MEDIUM,2,FURNITURE,21,Clerk#000000435,1993-09-15,8665.17,14266,3,1
F,5-LOW,1,MACHINERY,2,Clerk#000000660,1993-08-05,1182.91,92,1,1
F,4-NOT SPECIFIED,2,HOUSEHOLD,8,Clerk#000000869,1993-07-31,7508.92,115,0,1
F,4-NOT SPECIFIED,3,BUILDING,6,Clerk#000000658,1993-09-23,4483.28,7309,0,1
F,1-URGENT,4,HOUSEHOLD,11,Clerk#000000067,1993-09-04,3708.26,9685,2,1
F,1-URGENT,3,HOUSEHOLD,19,Clerk#000000830,1993-08-20,3061.58,1285,2,1
F,2-HIGH,2,FURNITURE,18,Clerk#000000468,1993-09-04,2848.28,9127,4,1
F,5-LOW,2,MACHINERY,12,Clerk#000000833,1993-09-24,2305.93,3502,1,1
F,2-HIGH,2,FURNITURE,8,Clerk#000000510,1993-07-26,2387.94,7877,4,1
F,2-HIGH,1,FURNITURE,1,Clerk#000000099,1993-07-23,2174.95,9136,4,1
F,1-URGENT,3,AUTOMOBILE,19,Clerk#000000574,1993-08-05,3554.27,8434,2,1
F,4-NOT SPECIFIED,4,FURNITURE,10,Clerk#000000738,1993-07-02,6622.41,9517,0,1
F,1-URGENT,0,AUTOMOBILE,0,Clerk#000000439,1993-08-22,419.13,4630,2,1
F,1-URGENT,2,BUILDING,9,Clerk#000000545,1993-08-18,8888.86,8840,2,1
F,3-MEDIUM,2,AUTOMOBILE,18,Clerk#000000307,1993-07-29,5771.2,10705,3,1
F,5-LOW,4,AUTOMOBILE,10,Clerk#000000181,1993-09-29,6151.02,11176,1,1
F,5-LOW,3,BUILDING,23,Clerk#000000047,1993-08-21,2681.75,11752,1,1
F,1-URGENT,2,FURNITURE,18,Clerk#000000830,1993-08-10,2412.67,12185,2,1
F,3-MEDIUM,3,AUTOMOBILE,19,Clerk#000000008,1993-07-28,8473.87,10370,3,1
F,3-MEDIUM,4,FURNITURE,10,Clerk#000000363,1993-09-12,4050.19,14395,3,1
F,2-HIGH,1,MACHINERY,2,Clerk#000000549,1993-08-19,196.44,14212,4,1
F,2-HIGH,0,BUILDING,5,Clerk#000000947,1993-07-18,8178.92,5930,4,1
F,2-HIGH,3,HOUSEHOLD,6,Clerk#000000228,1993-08-16,6484.38,13436,4,1
F,4-NOT SPECIFIED,0,BUILDING,14,Clerk#000000710,1993-08-25,2544.54,11405,0,1
F,2-HIGH,1,MACHINERY,2,Clerk#000000602,1993-09-14,2330.57,7289,4,1
F,2-HIGH,4,HOUSEHOLD,13,Clerk#000000841,1993-08-12,6631.95,4301,4,1
F,5-LOW,0,BUILDING,16,Clerk#000000491,1993-09-16,1530.63,3733,1,1
F,5-LOW,4,AUTOMOBILE,4,Clerk#000000994,1993-09-20,948,1522,1,1
F,1-URGENT,0,FURNITURE,5,Clerk#000000410,1993-09-02,2502.09,2518,2,1
F,4-NOT SPECIFIED,4,BUILDING,10,Clerk#000000385,1993-07-27,432.35,5311,0,1
F,2-HIGH,4,HOUSEHOLD,4,Clerk#000000492,1993-07-11,2384.73,6953,4,1
F,5-LOW,3,MACHINERY,19,Clerk#000000804,1993-08-07,70.93,1078,1,1
F,1-URGENT,4,FURNITURE,20,Clerk#000000348,1993-07-06,8746.23,433,2,1
F,3-MEDIUM,0,FURNITURE,5,Clerk#000000545,1993-09-26,7880.89,12118,3,1
F,3-MEDIUM,2,BUILDING,9,Clerk#000000423,1993-09-07,3736.71,3325,3,1
F,1-URGENT,1,MACHINERY,3,Clerk#000000251,1993-08-11,7738.43,8743,2,1
F,4-NOT SPECIFIED,3,HOUSEHOLD,6,Clerk#000000612,1993-08-21,8219.05,12094,0,1
F,5-LOW,2,MACHINERY,18,Clerk#000000647,1993-07-03,9737.02,8251,1,1
F,1-URGENT,2,HOUSEHOLD,9,Clerk#000000296,1993-09-13,-272.14,422,2,1
F,5-LOW,4,AUTOMOBILE,10,Clerk#000000636,1993-08-08,-372.6,12070,1,1
F,4-NOT SPECIFIED,2,AUTOMOBILE,8,Clerk#000000097,1993-08-08,4946.29,4915,0,1
F,3-MEDIUM,3,HOUSEHOLD,22,Clerk#000000660,1993-08-11,19.25,11939,3,1
F,1-URGENT,1,FURNITURE,1,Clerk#000000889,1993-09-30,5266.3,14,2,1
F,3-MEDIUM,2,MACHINERY,18,Clerk#000000502,1993-09-26,8218.34,7331,3,1
F,1-URGENT,3,AUTOMOBILE,22,Clerk#000000257,1993-07-15,-211.88,14344,2,1
F,5-LOW,4,AUTOMOBILE,10,Clerk#000000329,1993-08-18,9831.27,1573,1,1
F,1-URGENT,4,BUILDING,20,Clerk#000000793,1993-09-22,7621.56,278,2,1
F,5-LOW,3,HOUSEHOLD,22,Clerk#000000194,1993-07-23,1586.25,10814,1,1
F,5-LOW,3,HOUSEHOLD,23,Clerk#000000952,1993-07-17,4822.08,847,1,1
F,1-URGENT,0,HOUSEHOLD,15,Clerk#000000329,1993-08-18,7726.08,11684,2,1
F,2-HIGH,3,FURNITURE,19,Clerk#000000650,1993-09-22,4230.02,11452,4,1
F,4-NOT SPECIFIED,0,AUTOMOBILE,15,Clerk#000000717,1993-07-27,3903.54,1298,0,1
F,4-NOT SPECIFIED,2,AUTOMOBILE,8,Clerk#000000376,1993-08-19,9439.21,11278,0,1
F,3-MEDIUM,0,BUILDING,14,Clerk#000000178,1993-08-01,6240.31,11644,3,1
F,3-MEDIUM,3,AUTOMOBILE,23,Clerk#000000993,1993-07-18,9425.54,11149,3,1
F,4-NOT SPECIFIED,0,FURNITURE,15,Clerk#000000002,1993-07-14,4211.12,12778,0,1
F,2-HIGH,2,AUTOMOBILE,12,Clerk#000000679,1993-08-27,6696.77,9221,4,1
F,4-NOT SPECIFIED,0,HOUSEHOLD,16,Clerk#000000669,1993-09-03,8297.83,6670,0,1
F,3-MEDIUM,2,FURNITURE,21,Clerk#000000022,1993-09-07,2411.69,1423,3,1
F,3-MEDIUM,3,MACHINERY,6,Clerk#000000354,1993-09-05,1618.95,4006,3,1
F,5-LOW,0,MACHINERY,15,Clerk#000000304,1993-09-27,2261.36,14141,1,1
F,4-NOT SPECIFIED,1,BUILDING,2,Clerk#000000836,1993-08-21,52.35,4331,0,1
F,3-MEDIUM,1,AUTOMOBILE,3,Clerk#000000071,1993-09-18,4781,13454,3,1
F,2-HIGH,1,MACHINERY,24,Clerk#000000837,1993-07-21,1897.9,13684,4,1
F,3-MEDIUM,2,AUTOMOBILE,18,Clerk#000000673,1993-08-06,8593.93,4705,3,1
F,4-NOT SPECIFIED,2,FURNITURE,18,Clerk#000000666,1993-07-23,5454.54,6745,0,1
F,2-HIGH,4,AUTOMOBILE,10,Clerk#000000497,1993-07-18,6151.02,11176,4,1
F,1-URGENT,2,HOUSEHOLD,9,Clerk#000000523,1993-09-04,2704.85,8497,2,1
F,5-LOW,2,FURNITURE,21,Clerk#000000471,1993-07-28,4358.27,2401,1,1
F,4-NOT SPECIFIED,3,HOUSEHOLD,19,Clerk#000000574,1993-07-15,3909.19,3928,0,1
F,2-HIGH,3,MACHINERY,6,Clerk#000000411,1993-08-15,666.59,9206,4,1
F,4-NOT SPECIFIED,2,BUILDING,12,Clerk#000000423,1993-08-18,2217.58,7693,0,1
F,5-LOW,0,AUTOMOBILE,16,Clerk#000000790,1993-09-02,8225.12,4487,1,1
F,3-MEDIUM,4,AUTOMOBILE,10,Clerk#000000049,1993-08-02,212.16,787,3,1
F,5-LOW,2,HOUSEHOLD,9,Clerk#000000257,1993-09-01,7723.28,11293,1,1
F,3-MEDIUM,0,FURNITURE,14,Clerk#000000979,1993-09-09,3567.27,3157,3,1
F,3-MEDIUM,3,MACHINERY,22,Clerk#000000843,1993-09-26,1486.62,12485,3,1
F,1-URGENT,2,AUTOMOBILE,21,Clerk#000000103,1993-08-06,3830.68,6406,2,1
F,5-LOW,0,MACHINERY,16,Clerk#000000290,1993-09-23,649.53,12397,1,1
F,3-MEDIUM,3,MACHINERY,6,Clerk#000000609,1993-09-20,4615.92,4543,3,1
F,3-MEDIUM,3,BUILDING,23,Clerk#000000840,1993-08-14,6499.02,14098,3,1
F,4-NOT SPECIFIED,2,FURNITURE,9,Clerk#000000692,1993-07-17,6539.1,7849,0,1
F,5-LOW,2,FURNITURE,18,Clerk#000000707,1993-09-16,1033.04,2620,1,1
F,4-NOT SPECIFIED,2,HOUSEHOLD,12,Clerk#000000492,1993-07-31,7020.8,10163,0,1
F,4-NOT SPECIFIED,3,MACHINERY,19,Clerk#000000260,1993-09-12,1422.57,1360,0,1
F,5-LOW,3,AUTOMOBILE,23,Clerk#000000640,1993-08-18,3427.1,11047,1,1
F,5-LOW,3,AUTOMOBILE,19,Clerk#000000662,1993-09-20,8134.72,7847,1,1
F,2-HIGH,3,HOUSEHOLD,22,Clerk#000000376,1993-07-05,5600.56,9793,4,1
F,3-MEDIUM,2,AUTOMOBILE,9,Clerk#000000008,1993-07-10,7087.2,6038,3,1
F,4-NOT SPECIFIED,1,HOUSEHOLD,3,Clerk#000000523,1993-09-13,2295.33,4501,0,1
F,1-URGENT,2,MACHINERY,12,Clerk#000000169,1993-08-22,7686.32,8813,2,1
F,2-HIGH,1,HOUSEHOLD,17,Clerk#000000324,1993-08-01,8724.52,11107,4,1
F,3-MEDIUM,0,HOUSEHOLD,0,Clerk#000000202,1993-09-18,-207.35,11680,3,1
F,4-NOT SPECIFIED,1,MACHINERY,3,Clerk#000000929,1993-09-27,8764.31,2470,0,1
F,4-NOT SPECIFIED,0,AUTOMOBILE,15,Clerk#000000016,1993-08-24,5099.96,11173,0,1
F,1-URGENT,4,HOUSEHOLD,13,Clerk#000000824,1993-07-04,7889.2,2449,2,1
F,4-NOT SPECIFIED,1,HOUSEHOLD,3,Clerk#000000959,1993-08-16,6795.09,3014,0,1
F,2-HIGH,2,MACHINERY,21,Clerk#000000396,1993-07-12,-719.2,13327,4,1
F,5-LOW,4,FURNITURE,10,Clerk#000000588,1993-07-19,5093.62,14941,1,1
F,1-URGENT,4,MACHINERY,10,Clerk#000000381,1993-07-26,3829.03,713,2,1
F,4-NOT SPECIFIED,1,MACHINERY,24,Clerk#000000250,1993-07-17,7117.89,13759,0,1
F,4-NOT SPECIFIED,3,BUILDING,23,Clerk#000000286,1993-09-22,6746.59,3662,0,1
F,2-HIGH,4,BUILDING,11,Clerk#000000235,1993-08-21,1693.24,3154,4,1
F,1-URGENT,1,AUTOMOBILE,24,Clerk#000000224,1993-09-19,5799.88,3032,2,1
F,2-HIGH,0,FURNITURE,15,Clerk#000000338,1993-09-21,1780.55,13592,4,1
F,4-NOT SPECIFIED,4,AUTOMOBILE,4,Clerk#000000790,1993-07-30,8121.84,697,0,1
F,2-HIGH,0,AUTOMOBILE,16,Clerk#000000616,1993-08-21,5755.78,12598,4,1
F,2-HIGH,0,BUILDING,5,Clerk#000000164,1993-08-04,-412.05,4220,4,1
F,5-LOW,1,FURNITURE,24,Clerk#000000116,1993-09-13,-586.44,7189,1,1
F,1-URGENT,0,MACHINERY,14,Clerk#000000161,1993-07-29,6208.61,13075,2,1
F,3-MEDIUM,4,BUILDING,13,Clerk#000000761,1993-07-23,4008.49,3212,3,1
F,4-NOT SPECIFIED,3,FURNITURE,23,Clerk#000000778,1993-07-23,2531.86,13037,0,1
F,3-MEDIUM,3,FURNITURE,7,Clerk#000000172,1993-08-22,5818.45,8537,3,1
F,2-HIGH,4,HOUSEHOLD,20,Clerk#000000670,1993-08-05,-435.95,4658,4,1
F,3-MEDIUM,3,MACHINERY,7,Clerk#000000152,1993-07-07,3471.22,6808,3,1
F,3-MEDIUM,1,AUTOMOBILE,2,Clerk#000000639,1993-08-22,6975.1,2560,3,1
F,3-MEDIUM,1,FURNITURE,17,Clerk#000000266,1993-09-01,1268.69,1466,3,1
F,4-NOT SPECIFIED,2,BUILDING,21,Clerk#000000082,1993-08-19,4400.99,3334,0,1
F,2-HIGH,0,HOUSEHOLD,14,Clerk#000000522,1993-09-25,-495.84,9466,4,1
F,5-LOW,2,FURNITURE,9,Clerk#000000958,1993-09-21,4286.94,406,1,1
F,3-MEDIUM,4,FURNITURE,4,Clerk#000000577,1993-09-06,3687.37,1096,3,1
F,2-HIGH,3,HOUSEHOLD,19,Clerk#000000581,1993-09-15,1866.42,424,4,1
F,3-MEDIUM,1,AUTOMOBILE,17,Clerk#000000523,1993-09-03,2354.37,13712,3,1
F,3-MEDIUM,1,MACHINERY,2,Clerk#000000871,1993-08-02,843.53,4712,3,1
F,2-HIGH,1,FURNITURE,17,Clerk#000000090,1993-08-18,7400.82,4907,4,1
F,5-LOW,0,MACHINERY,0,Clerk#000000597,1993-07-22,2160.26,11135,1,1
F,2-HIGH,3,HOUSEHOLD,23,Clerk#000000688,1993-09-30,9803.55,13033,4,1
F,4-NOT SPECIFIED,1,MACHINERY,2,Clerk#000000236,1993-09-24,4929.76,8512,0,1
F,3-MEDIUM,2,FURNITURE,18,Clerk#000000107,1993-08-17,4883.17,1484,3,1
F,5-LOW,1,AUTOMOBILE,17,Clerk#000000633,1993-09-08,4739.62,2501,1,1
F,2-HIGH,1,MACHINERY,24,Clerk#000000589,1993-08-31,2562.3,4165,4,1
F,5-LOW,1,HOUSEHOLD,2,Clerk#000000657,1993-07-18,9885.89,9541,1,1
F,5-LOW,0,BUILDING,16,Clerk#000000960,1993-09-22,7371.57,3629,1,1
F,1-URGENT,4,BUILDING,11,Clerk#000000522,1993-07-08,-647.09,4148,2,1
F,4-NOT SPECIFIED,2,AUTOMOBILE,12,Clerk#000000924,1993-09-15,4030.81,9838,0,1
F,4-NOT SPECIFIED,3,HOUSEHOLD,22,Clerk#000000504,1993-08-02,8716.89,5822,0,1
F,5-LOW,2,HOUSEHOLD,21,Clerk#000000082,1993-08-22,-774.71,12488,1,1
F,3-MEDIUM,3,AUTOMOBILE,22,Clerk#000000578,1993-08-23,8546.95,2743,3,1
F,4-NOT SPECIFIED,1,AUTOMOBILE,1,Clerk#000000593,1993-07-11,7950.01,2545,0,1
F,4-NOT SPECIFIED,1,AUTOMOBILE,24,Clerk#000000236,1993-09-23,1195.46,2249,0,1
F,3-MEDIUM,1,FURNITURE,3,Clerk#000000093,1993-07-17,3998.24,233,3,1
F,3-MEDIUM,2,HOUSEHOLD,21,Clerk#000000266,1993-08-04,8476.84,7105,3,1
F,2-HIGH,4,MACHINERY,10,Clerk#000000160,1993-09-11,1007.83,3980,4,1
F,5-LOW,4,BUILDING,13,Clerk#000000983,1993-07-21,2401.42,1631,1,1
F,1-URGENT,3,HOUSEHOLD,19,Clerk#000000647,1993-07-14,1605.61,1909,2,1
F,4-NOT SPECIFIED,0,BUILDING,15,Clerk#000000086,1993-07-12,4736.96,11740,0,1
F,2-HIGH,1,HOUSEHOLD,24,Clerk#000000870,1993-08-31,5643.77,5551,4,1
F,4-NOT SPECIFIED,1,MACHINERY,3,Clerk#000000430,1993-09-03,5493.31,14491,0,1
F,1-URGENT,3,BUILDING,22,Clerk#000000689,1993-08-04,-881.7,1000,2,1
F,4-NOT SPECIFIED,3,MACHINERY,23,Clerk#000000058,1993-09-01,6592.27,5341,0,1
F,1-URGENT,1,FURNITURE,17,Clerk#000000703,1993-08-18,4997.51,12112,2,1
F,3-MEDIUM,2,HOUSEHOLD,18,Clerk#000000776,1993-07-02,-552.68,2912,3,1
F,2-HIGH,2,BUILDING,9,Clerk#000000389,1993-08-25,2504.11,12844,4,1
F,5-LOW,0,HOUSEHOLD,15,Clerk#000000323,1993-09-30,6885.75,10207,1,1
F,5-LOW,1,AUTOMOBILE,24,Clerk#000000242,1993-07-01,4576.31,6896,1,1
F,3-MEDIUM,4,BUILDING,20,Clerk#000000060,1993-07-19,9856.44,12188,3,1
F,5-LOW,2,FURNITURE,8,Clerk#000000152,1993-08-31,1972.22,13207,1,1
F,1-URGENT,1,FURNITURE,2,Clerk#000000244,1993-08-07,1081.86,8155,2,1
F,5-LOW,3,BUILDING,7,Clerk#000000484,1993-08-25,4409.7,1483,1,1
F,4-NOT SPECIFIED,0,HOUSEHOLD,16,Clerk#000000279,1993-07-03,6996.1,1681,0,1
F,4-NOT SPECIFIED,0,BUILDING,14,Clerk#000000436,1993-08-18,3488.07,3874,0,1
F,4-NOT SPECIFIED,1,BUILDING,2,Clerk#000000778,1993-07-20,4000.59,9694,0,1
F,3-MEDIUM,2,MACHINERY,8,Clerk#000000954,1993-07-25,6300.38,2134,3,1
F,2-HIGH,1,FURNITURE,17,Clerk#000000169,1993-07-18,3121.93,1874,4,1
F,1-URGENT,2,HOUSEHOLD,9,Clerk#000000582,1993-07-08,3885.89,14179,2,1
F,3-MEDIUM,3,FURNITURE,19,Clerk#000000786,1993-08-14,2236.26,3394,3,1
F,2-HIGH,1,BUILDING,17,Clerk#000000552,1993-09-19,7673.78,6680,4,1
F,3-MEDIUM,1,HOUSEHOLD,24,Clerk#000000685,1993-09-11,5240.86,9398,3,1
F,2-HIGH,0,AUTOMOBILE,16,Clerk#000000847,1993-09-11,7546.91,11966,4,1
F,5-LOW,4,AUTOMOBILE,10,Clerk#000000513,1993-09-28,212.16,787,1,1
F,3-MEDIUM,0,MACHINERY,0,Clerk#000000418,1993-08-28,8365.78,4789,3,1
F,1-URGENT,0,MACHINERY,0,Clerk#000000623,1993-07-15,6257.75,4546,2,1
F,5-LOW,3,MACHINERY,19,Clerk#000000090,1993-07-21,4520.35,5557,1,1
F,4-NOT SPECIFIED,2,FURNITURE,18,Clerk#000000444,1993-09-25,4571.94,11794,0,1
F,2-HIGH,3,AUTOMOBILE,19,Clerk#000000999,1993-08-16,7343.62,9658,4,1
F,3-MEDIUM,0,HOUSEHOLD,15,Clerk#000000592,1993-09-09,8437.26,5410,3,1
F,5-LOW,3,HOUSEHOLD,22,Clerk#000000687,1993-07-16,7832.96,9871,1,1
F,3-MEDIUM,1,FURNITURE,2,Clerk#000000290,1993-09-15,8049.94,6008,3,1
F,1-URGENT,2,BUILDING,21,Clerk#000000600,1993-07-07,2714.5,1075,2,1
F,4-NOT SPECIFIED,2,AUTOMOBILE,21,Clerk#000000853,1993-07-31,5148.64,5836,0,1
F,3-MEDIUM,0,MACHINERY,0,Clerk#000000478,1993-07-09,923.32,1810,3,1
F,1-URGENT,1,FURNITURE,17,Clerk#000000223,1993-08-06,1820.65,14029,2,1
F,2-HIGH,0,AUTOMOBILE,5,Clerk#000000174,1993-09-26,6322.09,8242,4,1
F,4-NOT SPECIFIED,0,BUILDING,0,Clerk#000000151,1993-09-24,2223.65,2498,0,1
F,2-HIGH,1,MACHINERY,1,Clerk#000000938,1993-09-25,6842.57,11492,4,1
F,2-HIGH,3,AUTOMOBILE,19,Clerk#000000800,1993-09-21,-664.04,2888,4,1
F,3-MEDIUM,1,MACHINERY,3,Clerk#000000924,1993-08-28,-947.24,1942,3,1
F,2-HIGH,0,MACHINERY,14,Clerk#000000529,1993-09-17,130.08,9488,4,1
F,3-MEDIUM,1,BUILDING,1,Clerk#000000220,1993-08-13,598,12290,3,1
F,3-MEDIUM,0,FURNITURE,0,Clerk#000000509,1993-07-17,7811.92,12145,3,1
F,1-URGENT,1,FURNITURE,3,Clerk#000000287,1993-07-05,-887.13,5116,2,1
F,4-NOT SPECIFIED,4,BUILDING,11,Clerk#000000101,1993-07-04,6077.54,6430,0,1
F,3-MEDIUM,0,HOUSEHOLD,16,Clerk#000000928,1993-09-26,2961.79,1474,3,1
F,5-LOW,2,HOUSEHOLD,18,Clerk#000000542,1993-08-27,1512.79,6452,1,1
F,2-HIGH,4,HOUSEHOLD,4,Clerk#000000487,1993-08-23,7105.5,10723,4,1
F,2-HIGH,3,HOUSEHOLD,19,Clerk#000000074,1993-09-01,-778.57,12115,4,1
F,5-LOW,1,HOUSEHOLD,2,Clerk#000000220,1993-07-30,5056.57,13607,1,1
F,2-HIGH,4,MACHINERY,4,Clerk#000000092,1993-08-13,2866.83,4,4,1
F,1-URGENT,4,FURNITURE,11,Clerk#000000473,1993-09-30,2271.01,3511,2,1
F,5-LOW,3,MACHINERY,22,Clerk#000000825,1993-07-23,7918.38,2546,1,1
F,2-HIGH,2,HOUSEHOLD,12,Clerk#000000026,1993-08-31,2563.13,5137,4,1
F,5-LOW,2,MACHINERY,9,Clerk#000000891,1993-08-18,8539.61,1918,1,1
F,2-HIGH,0,MACHINERY,0,Clerk#000000230,1993-07-25,25.16,2921,4,1
F,5-LOW,0,BUILDING,0,Clerk#000000445,1993-07-06,759,1754,1,1
F,4-NOT SPECIFIED,4,AUTOMOBILE,13,Clerk#000000336,1993-09-02,3622.16,2644,0,1
F,3-MEDIUM,3,AUTOMOBILE,7,Clerk#000000368,1993-07-11,2070.99,2455,3,1
F,5-LOW,0,MACHINERY,0,Clerk#000000815,1993-09-20,1318.87,2756,1,1
F,2-HIGH,3,FURNITURE,19,Clerk#000000416,1993-08-24,4771.24,13267,4,1
F,2-HIGH,1,MACHINERY,24,Clerk#000000542,1993-07-08,9372.4,9667,4,1
F,1-URGENT,2,BUILDING,21,Clerk#000000112,1993-07-04,2684.16,13066,2,1
F,3-MEDIUM,1,BUILDING,17,Clerk#000000425,1993-08-27,6737.18,859,3,1
F,4-NOT SPECIFIED,2,AUTOMOBILE,21,Clerk#000000680,1993-09-14,3063.06,12187,0,1
F,1-URGENT,1,AUTOMOBILE,17,Clerk#000000812,1993-09-07,8510.29,3535,2,1
F,4-NOT SPECIFIED,2,HOUSEHOLD,21,Clerk#000000524,1993-09-21,1246.72,3238,0,1
F,5-LOW,3,BUILDING,7,Clerk#000000667,1993-07-23,8812.05,11941,1,1
F,4-NOT SPECIFIED,1,BUILDING,3,Clerk#000000958,1993-07-13,-672.61,12521,0,1
F,2-HIGH,2,FURNITURE,21,Clerk#000000552,1993-08-17,2411.69,1423,4,1
F,2-HIGH,3,FURNITURE,22,Clerk#000000280,1993-08-16,802.24,14965,4,1
F,4-NOT SPECIFIED,3,AUTOMOBILE,7,Clerk#000000109,1993-08-31,4022.48,3125,0,1
F,3-MEDIUM,3,BUILDING,22,Clerk#000000381,1993-08-25,8066.19,8315,3,1
F,3-MEDIUM,4,AUTOMOBILE,13,Clerk#000000785,1993-09-18,8347.79,2926,3,1
F,5-LOW,3,BUILDING,7,Clerk#000000228,1993-07-26,2213.72,4343,1,1
F,5-LOW,3,BUILDING,23,Clerk#000000186,1993-09-02,1852.9,4796,1,1
F,5-LOW,2,BUILDING,9,Clerk#000000468,1993-07-17,3153.77,12541,1,1
F,1-URGENT,2,BUILDING,21,Clerk#000000856,1993-07-11,440.59,5671,2,1
F,3-MEDIUM,2,HOUSEHOLD,9,Clerk#000000367,1993-08-12,2704.85,8497,3,1
F,3-MEDIUM,2,AUTOMOBILE,18,Clerk#000000066,1993-08-08,9593.35,1198,3,1
F,4-NOT SPECIFIED,3,BUILDING,22,Clerk#000000085,1993-09-07,6044.02,412,0,1
F,2-HIGH,4,BUILDING,13,Clerk#000000336,1993-08-27,2054.93,5354,4,1
F,3-MEDIUM,2,BUILDING,8,Clerk#000000705,1993-08-29,4929.12,9764,3,1
F,3-MEDIUM,1,BUILDING,3,Clerk#000000153,1993-07-15,9930.54,8351,3,1
F,4-NOT SPECIFIED,3,HOUSEHOLD,23,Clerk#000000161,1993-08-10,6409.71,9059,0,1
F,2-HIGH,4,AUTOMOBILE,11,Clerk#000000293,1993-09-11,-195.24,12721,4,1
F,5-LOW,2,MACHINERY,12,Clerk#000000736,1993-08-24,0.97,1327,1,1
F,5-LOW,4,MACHINERY,4,Clerk#000000113,1993-07-20,2512.1,14234,1,1
F,3-MEDIUM,2,HOUSEHOLD,18,Clerk#000000428,1993-08-19,4089.22,5972,3,1
F,1-URGENT,0,FURNITURE,15,Clerk#000000780,1993-09-21,8255.48,8626,2,1
F,3-MEDIUM,4,HOUSEHOLD,11,Clerk#000000679,1993-09-13,4840.72,7133,3,1
F,5-LOW,3,FURNITURE,19,Clerk#000000753,1993-08-07,4230.02,11452,1,1
F,2-HIGH,1,FURNITURE,3,Clerk#000000349,1993-09-20,3973.73,13457,4,1
F,2-HIGH,3,HOUSEHOLD,22,Clerk#000000302,1993-07-05,499.38,12863,4,1
F,5-LOW,4,BUILDING,11,Clerk#000000581,1993-08-11,3611.8,8335,1,1
F,5-LOW,2,HOUSEHOLD,8,Clerk#000000766,1993-08-27,2840.59,1060,1,1
F,2-HIGH,4,AUTOMOBILE,4,Clerk#000000333,1993-09-04,5787.83,7024,4,1
F,4-NOT SPECIFIED,4,AUTOMOBILE,4,Clerk#000000123,1993-08-25,3407.75,6067,0,1
F,2-HIGH,2,AUTOMOBILE,9,Clerk#000000525,1993-09-20,2881.16,7489,4,1
F,3-MEDIUM,3,AUTOMOBILE,19,Clerk#000000154,1993-09-16,1175.83,6539,3,1
F,3-MEDIUM,3,BUILDING,7,Clerk#000000764,1993-08-04,4817.91,9239,3,1
F,4-NOT SPECIFIED,4,FURNITURE,13,Clerk#000000927,1993-08-29,2624.4,12200,0,1
F,5-LOW,4,FURNITURE,4,Clerk#000000732,1993-07-29,1028.94,5368,1,1
F,3-MEDIUM,4,AUTOMOBILE,11,Clerk#000000429,1993-09-08,9378.82,12296,3,1
F,3-MEDIUM,1,AUTOMOBILE,24,Clerk#000000868,1993-08-10,6753.76,6412,3,1
F,3-MEDIUM,2,MACHINERY,21,Clerk#000000222,1993-07-20,6891.66,2267,3,1
F,1-URGENT,3,FURNITURE,7,Clerk#000000278,1993-08-05,365.42,6751,2,1
F,4-NOT SPECIFIED,2,BUILDING,9,Clerk#000000232,1993-09-28,1001.44,14881,0,1
F,1-URGENT,4,FURNITURE,11,Clerk#000000444,1993-07-05,5192.24,8995,2,1
F,3-MEDIUM,1,MACHINERY,1,Clerk#000000952,1993-08-21,8715.22,2432,3,1
F,4-NOT SPECIFIED,2,HOUSEHOLD,18,Clerk#000000911,1993-07-01,4089.22,5972,0,1
F,4-NOT SPECIFIED,1,BUILDING,24,Clerk#000000785,1993-07-20,9480.03,4066,0,1
F,2-HIGH,0,BUILDING,14,Clerk#000000047,1993-07-21,5261.31,14849,4,1
F,3-MEDIUM,3,MACHINERY,6,Clerk#000000743,1993-08-02,4579.08,14647,3,1
F,1-URGENT,3,FURNITURE,7,Clerk#000000251,1993-08-09,5419.7,10925,2,1
F,5-LOW,3,MACHINERY,6,Clerk#000000638,1993-07-24,7770.39,7453,1,1
F,2-HIGH,3,HOUSEHOLD,6,Clerk#000000280,1993-09-27,3119.88,11683,4,1
F,5-LOW,1,MACHINERY,24,Clerk#000000653,1993-07-17,7214.85,9980,1,1
F,3-MEDIUM,0,HOUSEHOLD,0,Clerk#000000283,1993-08-19,771.26,11777,3,1
F,1-URGENT,1,FURNITURE,17,Clerk#000000455,1993-09-08,9514.67,5047,2,1
F,5-LOW,3,BUILDING,6,Clerk#000000308,1993-08-22,6045.82,2674,1,1
F,3-MEDIUM,1,HOUSEHOLD,1,Clerk#000000026,1993-08-17,9351.6,3976,3,1
F,2-HIGH,2,BUILDING,8,Clerk#000000094,1993-09-04,6064.86,5692,4,1
F,4-NOT SPECIFIED,2,FURNITURE,8,Clerk#000000131,1993-09-25,520.61,7972,0,1
F,4-NOT SPECIFIED,3,HOUSEHOLD,7,Clerk#000000102,1993-07-01,5703.46,10186,0,1
F,2-HIGH,0,HOUSEHOLD,5,Clerk#000000935,1993-07-15,-17.06,7108,4,1
F,5-LOW,0,MACHINERY,16,Clerk#000000175,1993-08-07,1519.4,9346,1,1
F,1-URGENT,2,FURNITURE,12,Clerk#000000952,1993-09-18,1538.38,6254,2,1
F,5-LOW,0,HOUSEHOLD,16,Clerk#000000952,1993-07-10,4959.72,10117,1,1
F,5-LOW,3,AUTOMOBILE,7,Clerk#000000358,1993-08-20,8550.42,8939,1,1
F,1-URGENT,0,HOUSEHOLD,0,Clerk#000000889,1993-09-30,-207.35,11680,2,1
F,5-LOW,4,BUILDING,10,Clerk#000000022,1993-08-13,4701.18,7378,1,1
F,5-LOW,0,MACHINERY,5,Clerk#000000656,1993-08-21,7427.66,10474,1,1
F,1-URGENT,3,BUILDING,22,Clerk#000000516,1993-09-29,6058.08,547,2,1
F,5-LOW,0,FURNITURE,14,Clerk#000000451,1993-08-01,6917.1,3232,1,1
F,2-HIGH,1,MACHINERY,2,Clerk#000000552,1993-07-16,3471.46,5120,4,1
F,3-MEDIUM,0,AUTOMOBILE,15,Clerk#000000605,1993-07-08,2239.95,9481,3,1
F,4-NOT SPECIFIED,0,BUILDING,14,Clerk#000000446,1993-08-13,840.88,9719,0,1
F,1-URGENT,3,AUTOMOBILE,6,Clerk#000000385,1993-09-21,2402.5,12676,2,1
F,1-URGENT,2,HOUSEHOLD,8,Clerk#000000331,1993-07-10,4713.27,4007,2,1
F,1-URGENT,2,FURNITURE,18,Clerk#000000024,1993-09-12,4732.42,2149,2,1
F,5-LOW,3,MACHINERY,23,Clerk#000000241,1993-09-27,5910.12,14764,1,1
F,2-HIGH,2,MACHINERY,9,Clerk#000000852,1993-08-25,1104.05,13192,4,1
F,2-HIGH,3,BUILDING,6,Clerk#000000291,1993-07-14,5977.83,3085,4,1
F,2-HIGH,2,AUTOMOBILE,8,Clerk#000000577,1993-07-20,6828.74,10738,4,1
F,1-URGENT,0,AUTOMOBILE,15,Clerk#000000967,1993-09-11,7048.48,2956,2,1
F,4-NOT SPECIFIED,2,BUILDING,12,Clerk#000000189,1993-08-12,827.31,4022,0,1
F,1-URGENT,0,MACHINERY,16,Clerk#000000087,1993-09-23,7184.61,9103,2,1
F,4-NOT SPECIFIED,3,MACHINERY,7,Clerk#000000461,1993-07-14,1766.19,14566,0,1
F,3-MEDIUM,3,HOUSEHOLD,23,Clerk#000000686,1993-07-12,32.24,364,3,1
F,3-MEDIUM,3,AUTOMOBILE,19,Clerk#000000334,1993-08-12,4439.99,9452,3,1
F,2-HIGH,1,MACHINERY,24,Clerk#000000087,1993-08-13,9690.09,5074,4,1
F,4-NOT SPECIFIED,0,AUTOMOBILE,14,Clerk#000000479,1993-07-02,1438.76,9559,0,1
F,4-NOT SPECIFIED,4,MACHINERY,4,Clerk#000000422,1993-09-17,-945.78,12388,0,1
F,5-LOW,4,MACHINERY,4,Clerk#000000273,1993-08-10,-272.49,14678,1,1
F,5-LOW,0,BUILDING,15,Clerk#000000287,1993-07-28,-951.53,1013,1,1
F,4-NOT SPECIFIED,2,MACHINERY,21,Clerk#000000499,1993-07-08,6111.39,8818,0,1
F,3-MEDIUM,0,MACHINERY,15,Clerk#000000560,1993-08-22,-902.65,9877,3,1
F,4-NOT SPECIFIED,4,MACHINERY,11,Clerk#000000877,1993-07-30,1197.02,8752,0,1
F,1-URGENT,2,BUILDING,18,Clerk#000000403,1993-09-26,5133.48,13810,2,1
F,2-HIGH,0,AUTOMOBILE,5,Clerk#000000194,1993-09-06,-914.7,9227,4,1
F,5-LOW,2,FURNITURE,21,Clerk#000000941,1993-09-25,2216.34,5011,1,1
F,3-MEDIUM,2,MACHINERY,21,Clerk#000000644,1993-07-18,7382,8578,3,1
F,4-NOT SPECIFIED,1,BUILDING,24,Clerk#000000710,1993-09-23,266.03,2261,0,1
F,1-URGENT,3,BUILDING,7,Clerk#000000548,1993-09-26,448.49,1249,2,1
F,1-URGENT,0,MACHINERY,5,Clerk#000000485,1993-08-01,3488.09,10487,2,1
F,4-NOT SPECIFIED,1,AUTOMOBILE,17,Clerk#000000699,1993-07-10,8302.47,7880,0,1
F,2-HIGH,1,BUILDING,17,Clerk#000000451,1993-07-31,8650.58,11519,4,1
F,3-MEDIUM,3,AUTOMOBILE,6,Clerk#000000627,1993-08-26,7114.86,11978,3,1
F,2-HIGH,2,FURNITURE,21,Clerk#000000030,1993-07-12,5736.34,8561,4,1
F,5-LOW,0,AUTOMOBILE,15,Clerk#000000287,1993-09-23,7059.56,13718,1,1
F,1-URGENT,4,FURNITURE,11,Clerk#000000584,1993-07-01,-990.61,5203,2,1
F,2-HIGH,1,AUTOMOBILE,2,Clerk#000000256,1993-07-12,3329.3,13540,4,1
F,5-LOW,0,BUILDING,0,Clerk#000000101,1993-09-20,6372.78,10859,1,1
F,2-HIGH,2,MACHINERY,21,Clerk#000000211,1993-09-11,7382,8578,4,1
F,1-URGENT,2,MACHINERY,9,Clerk#000000802,1993-07-18,105.78,10627,2,1
F,5-LOW,4,BUILDING,4,Clerk#000000364,1993-08-24,811.35,13354,1,1
F,3-MEDIUM,3,MACHINERY,7,Clerk#000000343,1993-07-29,7207.83,9073,3,1
F,3-MEDIUM,0,HOUSEHOLD,0,Clerk#000000585,1993-08-28,9270.16,3718,3,1
F,5-LOW,4,AUTOMOBILE,11,Clerk#000000604,1993-07-21,9287.92,11240,1,1
F,3-MEDIUM,1,AUTOMOBILE,17,Clerk#000000917,1993-07-20,2329.63,9250,3,1
F,4-NOT SPECIFIED,1,AUTOMOBILE,17,Clerk#000000769,1993-08-09,5059.35,9038,0,1
F,1-URGENT,1,MACHINERY,24,Clerk#000000509,1993-09-12,6543.23,3043,2,1
F,4-NOT SPECIFIED,3,BUILDING,23,Clerk#000000485,1993-09-14,7849.52,3512,0,1
F,5-LOW,2,BUILDING,21,Clerk#000000082,1993-07-13,3964.98,3671,1,1
F,3-MEDIUM,2,BUILDING,21,Clerk#000000088,1993-07-07,2107.94,6550,3,1
F,4-NOT SPECIFIED,1,FURNITURE,3,Clerk#000000953,1993-08-15,2492.49,7669,0,1
F,3-MEDIUM,0,HOUSEHOLD,5,Clerk#000000982,1993-07-07,1768.76,1916,3,1
F,4-NOT SPECIFIED,3,BUILDING,7,Clerk#000000736,1993-08-15,2213.72,4343,0,1
F,5-LOW,1,MACHINERY,1,Clerk#000000714,1993-07-27,2753.48,6091,1,1
F,4-NOT SPECIFIED,1,HOUSEHOLD,24,Clerk#000000697,1993-08-06,2837.89,5803,0,1
F,1-URGENT,4,AUTOMOBILE,4,Clerk#000000193,1993-07-07,2084.07,7570,2,1
F,5-LOW,1,FURNITURE,2,Clerk#000000418,1993-08-29,1907.14,6035,1,1
F,5-LOW,2,AUTOMOBILE,9,Clerk#000000117,1993-08-03,-979.27,9157,1,1
F,5-LOW,4,HOUSEHOLD,13,Clerk#000000751,1993-08-08,8171.34,6598,1,1
F,4-NOT SPECIFIED,0,HOUSEHOLD,15,Clerk#000000414,1993-09-02,4413.55,13519,0,1
F,5-LOW,3,HOUSEHOLD,22,Clerk#000000682,1993-07-11,6642.03,7516,1,1
F,2-HIGH,4,HOUSEHOLD,4,Clerk#000000973,1993-07-29,7105.5,10723,4,1
F,1-URGENT,0,AUTOMOBILE,14,Clerk#000000318,1993-07-26,3165.59,2503,2,1
F,2-HIGH,0,MACHINERY,14,Clerk#000000734,1993-09-12,-221.89,13432,4,1
F,4-NOT SPECIFIED,1,BUILDING,17,Clerk#000000990,1993-07-20,945.92,4427,0,1
F,2-HIGH,3,AUTOMOBILE,19,Clerk#000000214,1993-07-21,1884.64,12610,4,1
F,3-MEDIUM,3,HOUSEHOLD,22,Clerk#000000166,1993-08-30,2734.91,12838,3,1
F,3-MEDIUM,1,FURNITURE,3,Clerk#000000208,1993-08-14,-147.42,2227,3,1
F,1-URGENT,2,MACHINERY,9,Clerk#000000864,1993-09-18,2418.14,5770,2,1
F,5-LOW,2,HOUSEHOLD,21,Clerk#000000470,1993-08-13,8476.84,7105,1,1
F,4-NOT SPECIFIED,2,BUILDING,9,Clerk#000000948,1993-09-14,7978.09,5261,0,1
F,4-NOT SPECIFIED,3,HOUSEHOLD,6,Clerk#000000898,1993-07-17,4665.57,12892,0,1
F,1-URGENT,1,AUTOMOBILE,1,Clerk#000000091,1993-08-15,-275.83,3211,2,1
F,3-MEDIUM,2,FURNITURE,9,Clerk#000000978,1993-07-27,8328.12,1229,3,1
F,3-MEDIUM,2,MACHINERY,21,Clerk#000000158,1993-08-10,3051.37,13750,3,1
F,1-URGENT,0,BUILDING,0,Clerk#000000451,1993-07-14,6372.78,10859,2,1
F,3-MEDIUM,2,FURNITURE,12,Clerk#000000413,1993-07-08,-149.3,4858,3,1
F,3-MEDIUM,2,MACHINERY,21,Clerk#000000591,1993-08-17,4326.71,3872,3,1
F,2-HIGH,0,MACHINERY,0,Clerk#000000141,1993-07-20,923.32,1810,4,1
F,1-URGENT,3,BUILDING,22,Clerk#000000379,1993-08-21,4092.24,947,2,1
F,1-URGENT,1,BUILDING,3,Clerk#000000054,1993-08-27,4350.44,8305,2,1
F,2-HIGH,1,FURNITURE,3,Clerk#000000948,1993-07-30,2697.37,11113,4,1
F,1-URGENT,3,HOUSEHOLD,7,Clerk#000000452,1993-08-16,1650.06,9826,2,1
F,2-HIGH,2,MACHINERY,8,Clerk#000000315,1993-08-01,9753.78,11528,4,1
F,5-LOW,1,MACHINERY,1,Clerk#000000676,1993-08-07,525.13,3962,1,1
F,2-HIGH,2,MACHINERY,21,Clerk#000000384,1993-09-25,3801.69,12979,4,1
F,4-NOT SPECIFIED,3,AUTOMOBILE,6,Clerk#000000323,1993-08-06,3998.42,703,0,1
F,4-NOT SPECIFIED,4,BUILDING,11,Clerk#000000063,1993-08-28,7815.85,2951,0,1
F,5-LOW,0,BUILDING,0,Clerk#000000821,1993-08-15,-909.78,6899,1,1
F,1-URGENT,3,AUTOMOBILE,22,Clerk#000000175,1993-09-12,4477.79,7412,2,1
F,4-NOT SPECIFIED,0,FURNITURE,15,Clerk#000000497,1993-09-10,6671.05,3304,0,1
F,2-HIGH,3,BUILDING,7,Clerk#000000504,1993-09-17,6694.27,6220,4,1
F,1-URGENT,1,MACHINERY,1,Clerk#000000460,1993-09-06,9196.11,260,2,1
F,1-URGENT,0,HOUSEHOLD,15,Clerk#000000910,1993-09-02,3527.24,4303,2,1
F,5-LOW,3,AUTOMOBILE,6,Clerk#000000789,1993-09-02,6046.85,3821,1,1
F,4-NOT SPECIFIED,4,HOUSEHOLD,4,Clerk#000000961,1993-09-18,6609.94,4844,0,1
F,2-HIGH,2,MACHINERY,8,Clerk#000000597,1993-09-10,2336.07,12400,4,1
F,4-NOT SPECIFIED,2,MACHINERY,21,Clerk#000000182,1993-07-11,9280.71,127,0,1
F,4-NOT SPECIFIED,1,MACHINERY,24,Clerk#000000798,1993-08-10,404.68,11689,0,1
F,3-MEDIUM,0,BUILDING,16,Clerk#000000239,1993-07-18,4078.84,9637,3,1
F,1-URGENT,2,FURNITURE,18,Clerk#000000117,1993-07-21,5116.58,10280,2,1
F,3-MEDIUM,0,BUILDING,0,Clerk#000000496,1993-09-29,1377.52,802,3,1
F,4-NOT SPECIFIED,4,BUILDING,11,Clerk#000000318,1993-07-07,8531.42,9205,0,1
F,2-HIGH,2,AUTOMOBILE,21,Clerk#000000477,1993-09-04,379.56,14728,4,1
F,1-URGENT,0,AUTOMOBILE,0,Clerk#000000910,1993-08-03,8051.75,5374,2,1
F,1-URGENT,2,FURNITURE,8,Clerk#000000736,1993-09-07,4566.48,1514,2,1
F,5-LOW,2,AUTOMOBILE,8,Clerk#000000499,1993-08-22,3064.36,10510,1,1
F,3-MEDIUM,4,HOUSEHOLD,10,Clerk#000000333,1993-08-17,7600.94,10757,3,1
F,4-NOT SPECIFIED,4,BUILDING,10,Clerk#000000081,1993-07-28,432.35,5311,0,1
F,2-HIGH,1,BUILDING,3,Clerk#000000509,1993-09-14,4785.81,6293,4,1
F,2-HIGH,3,BUILDING,22,Clerk#000000088,1993-07-14,-250.15,7135,4,1
F,2-HIGH,1,HOUSEHOLD,17,Clerk#000000732,1993-09-14,4.86,12500,4,1
F,2-HIGH,0,FURNITURE,5,Clerk#000000078,1993-09-13,-333.85,2707,4,1
F,3-MEDIUM,2,AUTOMOBILE,9,Clerk#000000599,1993-08-11,7409.6,1765,3,1
F,4-NOT SPECIFIED,1,HOUSEHOLD,2,Clerk#000000812,1993-07-06,8450.77,14737,0,1
F,5-LOW,0,AUTOMOBILE,0,Clerk#000000711,1993-07-13,9257.2,2131,1,1
F,3-MEDIUM,4,BUILDING,20,Clerk#000000470,1993-07-20,399.6,13210,3,1
F,2-HIGH,2,BUILDING,21,Clerk#000000742,1993-08-25,-511.55,9349,4,1
F,4-NOT SPECIFIED,2,AUTOMOBILE,18,Clerk#000000068,1993-07-01,9729.32,4213,0,1
F,5-LOW,1,BUILDING,24,Clerk#000000613,1993-09-07,8533.52,10184,1,1
F,4-NOT SPECIFIED,4,MACHINERY,4,Clerk#000000747,1993-08-10,7453.98,13666,0,1
F,5-LOW,1,HOUSEHOLD,3,Clerk#000000045,1993-08-28,1921.72,6601,1,1
F,2-HIGH,3,AUTOMOBILE,6,Clerk#000000457,1993-08-08,3020.68,4087,4,1
F,2-HIGH,0,MACHINERY,5,Clerk#000000440,1993-08-08,6923.03,2033,4,1
F,1-URGENT,1,FURNITURE,17,Clerk#000000173,1993-07-23,9694.26,2066,2,1
F,4-NOT SPECIFIED,4,FURNITURE,11,Clerk#000000023,1993-09-19,5192.24,8995,0,1
F,2-HIGH,4,HOUSEHOLD,11,Clerk#000000410,1993-07-06,1660.31,2027,4,1
F,1-URGENT,2,HOUSEHOLD,21,Clerk#000000198,1993-09-10,478.62,4918,2,1
F,3-MEDIUM,3,FURNITURE,7,Clerk#000000228,1993-08-26,5270.43,4870,3,1
F,1-URGENT,1,AUTOMOBILE,1,Clerk#000000302,1993-07-15,3055.76,8954,2,1
F,2-HIGH,4,BUILDING,11,Clerk#000000798,1993-09-28,2266.63,3470,4,1
F,2-HIGH,0,AUTOMOBILE,5,Clerk#000000268,1993-07-13,6553.12,5428,4,1
F,3-MEDIUM,2,BUILDING,8,Clerk#000000732,1993-07-14,885.97,5446,3,1
F,5-LOW,4,AUTOMOBILE,4,Clerk#000000205,1993-09-12,6296.69,6613,1,1
F,3-MEDIUM,3,FURNITURE,22,Clerk#000000724,1993-07-11,1857.16,9310,3,1
F,1-URGENT,2,HOUSEHOLD,18,Clerk#000000878,1993-09-15,2995.43,3841,2,1
F,2-HIGH,0,MACHINERY,14,Clerk#000000900,1993-07-06,7091.62,4321,4,1
F,4-NOT SPECIFIED,0,FURNITURE,14,Clerk#000000810,1993-09-19,5941.39,12742,0,1
F,4-NOT SPECIFIED,2,HOUSEHOLD,9,Clerk#000000416,1993-08-10,1045.91,6073,0,1
F,4-NOT SPECIFIED,1,BUILDING,3,Clerk#000000020,1993-07-16,107.73,11533,0,1
F,5-LOW,1,AUTOMOBILE,3,Clerk#000000660,1993-08-04,-301.75,1258,1,1
F,2-HIGH,2,AUTOMOBILE,18,Clerk#000000588,1993-09-06,6584.54,10093,4,1
F,3-MEDIUM,1,BUILDING,3,Clerk#000000368,1993-09-13,4754.3,2726,3,1
F,2-HIGH,0,BUILDING,15,Clerk#000000107,1993-08-07,1901.85,13151,4,1
F,2-HIGH,2,AUTOMOBILE,18,Clerk#000000583,1993-07-04,6435.85,1819,4,1
F,1-URGENT,2,AUTOMOBILE,21,Clerk#000000928,1993-09-04,5911.36,9341,2,1
F,4-NOT SPECIFIED,1,AUTOMOBILE,1,Clerk#000000350,1993-09-05,7495.2,4124,0,1
F,1-URGENT,4,AUTOMOBILE,13,Clerk#000000593,1993-09-03,4393.67,5989,2,1
F,5-LOW,1,HOUSEHOLD,2,Clerk#000000112,1993-09-12,9776.39,1051,1,1
F,1-URGENT,3,BUILDING,7,Clerk#000000961,1993-09-06,4817.91,9239,2,1
F,1-URGENT,1,FURNITURE,17,Clerk#000000643,1993-09-27,7375.47,2246,2,1
F,1-URGENT,3,AUTOMOBILE,23,Clerk#000000087,1993-09-26,8086.02,10837,2,1
F,5-LOW,0,FURNITURE,14,Clerk#000000093,1993-07-03,5941.39,12742,1,1
F,4-NOT SPECIFIED,3,FURNITURE,23,Clerk#000000664,1993-07-30,190.36,4865,0,1
F,5-LOW,4,FURNITURE,10,Clerk#000000802,1993-08-11,386.69,9781,1,1
F,3-MEDIUM,2,HOUSEHOLD,21,Clerk#000000728,1993-07-03,6907.14,9394,3,1
F,4-NOT SPECIFIED,0,BUILDING,15,Clerk#000000186,1993-09-10,4550.08,7228,0,1
F,3-MEDIUM,3,MACHINERY,23,Clerk#000000530,1993-07-31,4688.73,7624,3,1
F,3-MEDIUM,2,FURNITURE,18,Clerk#000000095,1993-07-01,1074.13,11083,3,1
F,5-LOW,2,HOUSEHOLD,12,Clerk#000000715,1993-07-17,6761.52,1376,1,1
F,1-URGENT,2,FURNITURE,18,Clerk#000000705,1993-09-06,6760.51,7786,2,1
F,2-HIGH,0,AUTOMOBILE,5,Clerk#000000003,1993-08-14,6783.08,5903,4,1
F,2-HIGH,0,BUILDING,0,Clerk#000000969,1993-09-11,1711,2686,4,1
F,5-LOW,1,BUILDING,3,Clerk#000000095,1993-08-22,107.73,11533,1,1
F,2-HIGH,0,BUILDING,14,Clerk#000000176,1993-09-13,106.6,6590,4,1
F,2-HIGH,2,HOUSEHOLD,21,Clerk#000000461,1993-08-27,247.71,5488,4,1
F,5-LOW,0,MACHINERY,0,Clerk#000000167,1993-07-24,4733.08,9133,1,1
F,2-HIGH,4,MACHINERY,10,Clerk#000000613,1993-09-24,4539.49,9614,4,1
F,3-MEDIUM,1,HOUSEHOLD,2,Clerk#000000591,1993-09-22,8993.23,571,3,1
F,5-LOW,1,HOUSEHOLD,2,Clerk#000000806,1993-07-01,1205.55,14843,1,1
F,4-NOT SPECIFIED,4,BUILDING,13,Clerk#000000379,1993-08-07,8938.14,826,0,1
F,1-URGENT,4,FURNITURE,11,Clerk#000000199,1993-09-27,9344.15,13537,2,1
F,2-HIGH,3,BUILDING,7,Clerk#000000862,1993-09-29,2213.72,4343,4,1
F,3-MEDIUM,2,HOUSEHOLD,9,Clerk#000000175,1993-08-18,7723.28,11293,3,1
F,1-URGENT,1,BUILDING,2,Clerk#000000799,1993-07-17,8314.71,3496,2,1
F,5-LOW,2,AUTOMOBILE,18,Clerk#000000477,1993-07-03,3582.37,118,1,1
F,3-MEDIUM,2,BUILDING,12,Clerk#000000897,1993-08-08,594.5,1009,3,1
F,2-HIGH,4,MACHINERY,13,Clerk#000000782,1993-08-17,4781.63,10342,4,1
F,4-NOT SPECIFIED,3,FURNITURE,23,Clerk#000000577,1993-09-02,8717.48,2977,0,1
F,3-MEDIUM,3,MACHINERY,22,Clerk#000000212,1993-09-07,9551.98,7561,3,1
F,5-LOW,3,BUILDING,23,Clerk#000000084,1993-07-20,3382.97,9395,1,1
F,2-HIGH,4,BUILDING,20,Clerk#000000543,1993-08-03,1467.16,3178,4,1
F,3-MEDIUM,3,AUTOMOBILE,7,Clerk#000000573,1993-07-22,2856.51,14752,3,1
F,1-URGENT,1,FURNITURE,1,Clerk#000000299,1993-07-26,5283.98,3175,2,1
F,5-LOW,4,BUILDING,11,Clerk#000000980,1993-07-09,7110.02,4957,1,1
F,4-NOT SPECIFIED,0,AUTOMOBILE,16,Clerk#000000186,1993-07-22,1623.78,14515,0,1
F,4-NOT SPECIFIED,2,FURNITURE,21,Clerk#000000106,1993-08-28,9616.15,7216,0,1
F,5-LOW,3,FURNITURE,7,Clerk#000000511,1993-07-07,5270.43,4870,1,1
F,1-URGENT,1,MACHINERY,1,Clerk#000000281,1993-08-13,8483.43,3586,2,1
F,4-NOT SPECIFIED,2,AUTOMOBILE,9,Clerk#000000732,1993-09-28,5603.13,11455,0,1
F,5-LOW,0,MACHINERY,14,Clerk#000000697,1993-07-26,6604.42,13276,1,1
F,4-NOT SPECIFIED,1,AUTOMOBILE,2,Clerk#000000786,1993-08-24,3329.3,13540,0,1
F,3-MEDIUM,4,AUTOMOBILE,10,Clerk#000000306,1993-09-18,6827.86,14474,3,1
F,1-URGENT,3,BUILDING,22,Clerk#000000518,1993-07-14,8103.98,6016,2,1
F,1-URGENT,3,BUILDING,22,Clerk#000000165,1993-07-25,6159.42,8638,2,1
F,3-MEDIUM,4,BUILDING,13,Clerk#000000275,1993-08-28,6137.94,7955,3,1
F,2-HIGH,3,HOUSEHOLD,23,Clerk#000000768,1993-09-06,6123.22,10577,4,1
F,5-LOW,4,AUTOMOBILE,10,Clerk#000000612,1993-08-06,6935.4,8737,1,1
F,5-LOW,1,AUTOMOBILE,3,Clerk#000000728,1993-07-15,-556.05,1207,1,1
F,2-HIGH,2,BUILDING,21,Clerk#000000648,1993-07-19,2910.9,4753,4,1
F,4-NOT SPECIFIED,4,MACHINERY,10,Clerk#000000090,1993-07-13,5375.27,8524,0,1
F,3-MEDIUM,2,AUTOMOBILE,8,Clerk#000000315,1993-09-03,8264.67,10609,3,1
F,4-NOT SPECIFIED,0,AUTOMOBILE,15,Clerk#000000089,1993-09-02,7731.6,10883,0,1
F,2-HIGH,2,HOUSEHOLD,18,Clerk#000000602,1993-08-10,5178.28,5038,4,1
F,5-LOW,3,AUTOMOBILE,7,Clerk#000000284,1993-09-18,9437.28,4639,1,1
F,2-HIGH,1,HOUSEHOLD,24,Clerk#000000624,1993-09-10,7309.04,3124,4,1
F,1-URGENT,1,FURNITURE,24,Clerk#000000900,1993-07-18,3311.04,11914,2,1
F,1-URGENT,0,MACHINERY,14,Clerk#000000936,1993-07-30,1840.08,5614,2,1
F,5-LOW,0,MACHINERY,15,Clerk#000000355,1993-08-07,1666.07,1064,1,1
F,2-HIGH,0,MACHINERY,14,Clerk#000000474,1993-09-14,-202.84,5350,4,1
F,3-MEDIUM,0,AUTOMOBILE,15,Clerk#000000737,1993-07-06,3832.17,2548,3,1
F,3-MEDIUM,0,FURNITURE,0,Clerk#000000783,1993-09-12,2123.62,7909,3,1
F,2-HIGH,2,FURNITURE,21,Clerk#000000193,1993-07-20,810.63,11320,4,1
F,5-LOW,1,BUILDING,2,Clerk#000000672,1993-08-24,90.22,1163,1,1
F,4-NOT SPECIFIED,2,AUTOMOBILE,12,Clerk#000000755,1993-08-01,4168.07,2425,0,1
F,5-LOW,4,MACHINERY,11,Clerk#000000794,1993-07-17,5902.97,13390,1,1
F,5-LOW,1,MACHINERY,24,Clerk#000000053,1993-08-20,2562.3,4165,1,1
F,1-URGENT,3,MACHINERY,7,Clerk#000000974,1993-07-07,2691.01,13982,2,1
F,2-HIGH,2,HOUSEHOLD,9,Clerk#000000083,1993-07-15,7932.58,5278,4,1
F,2-HIGH,4,HOUSEHOLD,11,Clerk#000000875,1993-07-09,6444.1,6157,4,1
F,2-HIGH,3,MACHINERY,7,Clerk#000000837,1993-09-25,3877.64,12238,4,1
F,4-NOT SPECIFIED,4,HOUSEHOLD,11,Clerk#000000670,1993-08-14,8292.57,10753,0,1
F,5-LOW,2,FURNITURE,12,Clerk#000000103,1993-09-05,8031.92,13120,1,1
F,5-LOW,1,MACHINERY,2,Clerk#000000806,1993-09-05,1177.13,7958,1,1
F,4-NOT SPECIFIED,1,BUILDING,1,Clerk#000000595,1993-09-15,-868.99,11620,0,1
F,4-NOT SPECIFIED,4,BUILDING,20,Clerk#000000651,1993-09-02,8963.49,4150,0,1
F,4-NOT SPECIFIED,2,HOUSEHOLD,12,Clerk#000000153,1993-09-22,3126.17,3136,0,1
F,4-NOT SPECIFIED,1,MACHINERY,1,Clerk#000000110,1993-07-10,8303.47,12337,0,1
F,4-NOT SPECIFIED,4,AUTOMOBILE,20,Clerk#000000120,1993-07-13,7580.58,9292,0,1
F,5-LOW,0,BUILDING,15,Clerk#000000800,1993-08-29,71.04,3670,1,1
F,3-MEDIUM,3,AUTOMOBILE,22,Clerk#000000574,1993-08-30,4846.36,5521,3,1
F,4-NOT SPECIFIED,3,BUILDING,22,Clerk#000000149,1993-07-02,-64.92,3682,0,1
F,2-HIGH,4,HOUSEHOLD,4,Clerk#000000058,1993-07-17,681.44,8099,4,1
F,2-HIGH,1,AUTOMOBILE,1,Clerk#000000682,1993-08-21,2737.71,12205,4,1
F,2-HIGH,1,FURNITURE,17,Clerk#000000762,1993-09-20,1820.65,14029,4,1
F,2-HIGH,4,BUILDING,20,Clerk#000000670,1993-08-07,1323.84,6829,4,1
F,5-LOW,4,BUILDING,20,Clerk#000000671,1993-09-26,7621.56,278,1,1
F,3-MEDIUM,0,HOUSEHOLD,16,Clerk#000000377,1993-08-07,2961.79,1474,3,1
F,4-NOT SPECIFIED,4,FURNITURE,13,Clerk#000000303,1993-07-17,2106.52,1570,0,1
F,5-LOW,0,AUTOMOBILE,5,Clerk#000000364,1993-08-13,-206.2,7207,1,1
F,1-URGENT,0,HOUSEHOLD,15,Clerk#000000969,1993-08-27,9954.18,9928,2,1
F,4-NOT SPECIFIED,0,MACHINERY,5,Clerk#000000100,1993-08-28,4107.84,10502,0,1
F,4-NOT SPECIFIED,1,MACHINERY,2,Clerk#000000693,1993-09-27,8535.65,3674,0,1
F,1-URGENT,4,MACHINERY,10,Clerk#000000177,1993-08-10,3430.22,12506,2,1
F,1-URGENT,3,MACHINERY,6,Clerk#000000038,1993-09-07,3734.51,4039,2,1
F,1-URGENT,0,AUTOMOBILE,5,Clerk#000000659,1993-09-22,1363.92,11066,2,1
F,2-HIGH,4,AUTOMOBILE,13,Clerk#000000085,1993-09-21,3734.68,5701,4,1
F,3-MEDIUM,4,AUTOMOBILE,10,Clerk#000000645,1993-07-15,4234.26,7862,3,1
F,2-HIGH,4,FURNITURE,10,Clerk#000000933,1993-08-02,4050.19,14395,4,1
F,2-HIGH,4,FURNITURE,10,Clerk#000000598,1993-08-17,8028.38,6298,4,1
F,5-LOW,1,AUTOMOBILE,24,Clerk#000000648,1993-07-27,1288.75,11105,1,1
F,4-NOT SPECIFIED,0,HOUSEHOLD,16,Clerk#000000506,1993-09-10,7954.54,10718,0,1
F,4-NOT SPECIFIED,0,BUILDING,0,Clerk#000000477,1993-09-14,-412.03,9223,0,1
F,3-MEDIUM,3,AUTOMOBILE,22,Clerk#000000064,1993-07-14,1905.79,7988,3,1
F,3-MEDIUM,1,BUILDING,1,Clerk#000000206,1993-07-05,7908.81,13468,3,1
F,4-NOT SPECIFIED,0,AUTOMOBILE,0,Clerk#000000193,1993-07-12,7143.04,4969,0,1
F,5-LOW,4,FURNITURE,11,Clerk#000000877,1993-08-05,9149.98,5965,1,1
F,1-URGENT,3,FURNITURE,23,Clerk#000000807,1993-09-30,8464.15,5575,2,1
F,2-HIGH,3,BUILDING,19,Clerk#000000828,1993-09-05,4547.6,13235,4,1
F,4-NOT SPECIFIED,3,BUILDING,7,Clerk#000000974,1993-08-24,1274.41,8719,0,1
F,1-URGENT,2,AUTOMOBILE,9,Clerk#000000880,1993-07-06,6569.34,241,2,1
F,5-LOW,0,HOUSEHOLD,14,Clerk#000000368,1993-09-10,1490.16,14396,1,1
F,5-LOW,4,FURNITURE,11,Clerk#000000768,1993-08-13,5962.57,5305,1,1
F,1-URGENT,4,FURNITURE,4,Clerk#000000072,1993-08-21,-774.22,187,2,1
F,3-MEDIUM,1,FURNITURE,24,Clerk#000000013,1993-09-28,-496.18,13550,3,1
F,2-HIGH,2,MACHINERY,8,Clerk#000000791,1993-08-24,1105.56,8950,4,1
F,5-LOW,0,HOUSEHOLD,5,Clerk#000000306,1993-08-07,9021.18,14846,1,1
F,5-LOW,4,FURNITURE,10,Clerk#000000598,1993-07-16,1829.34,3955,1,1
F,3-MEDIUM,1,MACHINERY,3,Clerk#000000395,1993-08-19,3745.48,2368,3,1
F,2-HIGH,1,AUTOMOBILE,2,Clerk#000000745,1993-07-10,5163.33,8053,4,1
F,3-MEDIUM,0,AUTOMOBILE,14,Clerk#000000135,1993-07-05,2040.04,8404,3,1
F,5-LOW,4,MACHINERY,10,Clerk#000000483,1993-08-14,6667.3,12353,1,1
F,4-NOT SPECIFIED,0,FURNITURE,16,Clerk#000000993,1993-07-18,8604.25,7190,0,1
F,4-NOT SPECIFIED,1,FURNITURE,1,Clerk#000000833,1993-08-11,6898.65,616,0,1
F,1-URGENT,0,HOUSEHOLD,15,Clerk#000000240,1993-08-07,6388.47,9533,2,1
F,2-HIGH,2,AUTOMOBILE,9,Clerk#000000134,1993-08-04,2881.16,7489,4,1
F,3-MEDIUM,2,BUILDING,12,Clerk#000000348,1993-07-22,8306.75,4013,3,1
F,5-LOW,3,BUILDING,7,Clerk#000000636,1993-08-21,1274.41,8719,1,1
F,5-LOW,0,AUTOMOBILE,14,Clerk#000000812,1993-09-19,7717.57,1852,1,1
F,3-MEDIUM,4,FURNITURE,13,Clerk#000000899,1993-09-23,6357.27,11305,3,1
F,5-LOW,2,HOUSEHOLD,9,Clerk#000000706,1993-08-14,8445.86,5815,1,1
F,5-LOW,0,AUTOMOBILE,15,Clerk#000000189,1993-08-02,2213.31,13198,1,1
F,1-URGENT,4,FURNITURE,4,Clerk#000000644,1993-07-02,8341.02,9965,2,1
F,4-NOT SPECIFIED,4,FURNITURE,10,Clerk#000000676,1993-09-15,7672.87,3604,0,1
F,3-MEDIUM,2,BUILDING,18,Clerk#000000420,1993-07-27,6905.8,5174,3,1
F,2-HIGH,1,BUILDING,3,Clerk#000000618,1993-07-23,3891.76,1826,4,1
F,2-HIGH,3,AUTOMOBILE,19,Clerk#000000410,1993-09-05,1884.64,12610,4,1
F,2-HIGH,3,AUTOMOBILE,7,Clerk#000000017,1993-09-12,3864.06,4985,4,1
F,3-MEDIUM,1,FURNITURE,17,Clerk#000000335,1993-07-28,5465.98,10075,3,1
F,1-URGENT,3,FURNITURE,23,Clerk#000000344,1993-07-19,5860.08,5540,2,1
F,1-URGENT,0,AUTOMOBILE,15,Clerk#000000370,1993-09-10,2239.95,9481,2,1
F,4-NOT SPECIFIED,4,AUTOMOBILE,10,Clerk#000000424,1993-07-27,-372.6,12070,0,1
F,3-MEDIUM,0,MACHINERY,15,Clerk#000000167,1993-08-10,9030.4,13678,3,1
F,5-LOW,2,HOUSEHOLD,9,Clerk#000000701,1993-07-19,9021.18,3070,1,1
F,5-LOW,0,BUILDING,0,Clerk#000000251,1993-09-19,2886.86,1829,1,1
F,5-LOW,4,MACHINERY,11,Clerk#000000910,1993-08-02,5787.81,1753,1,1
F,2-HIGH,1,BUILDING,24,Clerk#000000990,1993-07-25,2520.1,2554,4,1
F,5-LOW,4,BUILDING,4,Clerk#000000303,1993-08-23,4473.83,2128,1,1
F,5-LOW,4,FURNITURE,4,Clerk#000000361,1993-07-22,9207.16,1175,1,1
F,5-LOW,4,BUILDING,13,Clerk#000000430,1993-09-29,6687.87,4307,1,1
F,2-HIGH,2,HOUSEHOLD,21,Clerk#000000693,1993-07-15,247.71,5488,4,1
F,4-NOT SPECIFIED,4,MACHINERY,20,Clerk#000000778,1993-08-25,1164.46,746,0,1
F,4-NOT SPECIFIED,2,HOUSEHOLD,12,Clerk#000000555,1993-09-19,9494.7,9473,0,1
F,5-LOW,0,AUTOMOBILE,16,Clerk#000000276,1993-08-17,9592.03,10361,1,1
F,1-URGENT,3,HOUSEHOLD,6,Clerk#000000929,1993-08-20,2378.08,11632,2,1
F,5-LOW,3,BUILDING,23,Clerk#000000279,1993-08-18,1409.67,6857,1,1
F,3-MEDIUM,4,HOUSEHOLD,13,Clerk#000000617,1993-07-24,5193.46,13549,3,1
F,5-LOW,0,MACHINERY,0,Clerk#000000895,1993-09-07,1318.39,8065,1,1
F,5-LOW,3,FURNITURE,19,Clerk#000000679,1993-08-31,391.39,11785,1,1
F,5-LOW,3,BUILDING,23,Clerk#000000300,1993-08-29,5267.35,3265,1,1
F,5-LOW,3,FURNITURE,19,Clerk#000000218,1993-09-09,1647.05,589,1,1
F,3-MEDIUM,4,FURNITURE,10,Clerk#000000943,1993-08-19,668.26,4372,3,1
F,1-URGENT,0,MACHINERY,0,Clerk#000000838,1993-08-17,21.56,10615,2,1
F,4-NOT SPECIFIED,4,FURNITURE,10,Clerk#000000177,1993-07-19,668.26,4372,0,1
F,2-HIGH,3,FURNITURE,22,Clerk#000000053,1993-09-08,7412.12,710,4,1
F,2-HIGH,2,MACHINERY,9,Clerk#000000154,1993-09-04,8660.35,11944,4,1
F,2-HIGH,2,MACHINERY,9,Clerk#000000632,1993-07-10,3044.29,14891,4,1
F,5-LOW,3,HOUSEHOLD,23,Clerk#000000416,1993-09-13,6109.06,5125,1,1
F,1-URGENT,1,AUTOMOBILE,2,Clerk#000000883,1993-08-21,9401.15,12928,2,1
F,4-NOT SPECIFIED,3,BUILDING,6,Clerk#000000554,1993-09-15,1997.73,8990,0,1
F,4-NOT SPECIFIED,4,FURNITURE,13,Clerk#000000562,1993-07-24,-139.26,14917,0,1
F,5-LOW,3,MACHINERY,19,Clerk#000000577,1993-09-05,6239.89,208,1,1
F,2-HIGH,1,BUILDING,24,Clerk#000000930,1993-07-21,2855.92,14707,4,1
F,3-MEDIUM,0,AUTOMOBILE,14,Clerk#000000749,1993-07-14,7717.57,1852,3,1
F,5-LOW,4,AUTOMOBILE,4,Clerk#000000371,1993-08-08,9734.04,12178,1,1
F,3-MEDIUM,2,MACHINERY,9,Clerk#000000829,1993-08-30,286.95,10277,3,1
F,1-URGENT,2,AUTOMOBILE,9,Clerk#000000331,1993-07-15,9421.91,3266,2,1
F,1-URGENT,1,MACHINERY,1,Clerk#000000702,1993-07-11,8829.75,13715,2,1
F,3-MEDIUM,4,HOUSEHOLD,20,Clerk#000000474,1993-09-01,8495.92,247,3,1
F,2-HIGH,0,MACHINERY,16,Clerk#000000170,1993-07-12,1605.14,8671,4,1
F,4-NOT SPECIFIED,1,FURNITURE,3,Clerk#000000461,1993-07-17,5084.85,11741,0,1
F,4-NOT SPECIFIED,0,MACHINERY,14,Clerk#000000576,1993-07-01,8783.1,13942,0,1
F,4-NOT SPECIFIED,0,AUTOMOBILE,16,Clerk#000000427,1993-07-22,8031.44,88,0,1
F,4-NOT SPECIFIED,3,BUILDING,6,Clerk#000000858,1993-09-23,7460.01,2827,0,1
F,4-NOT SPECIFIED,4,BUILDING,4,Clerk#000000329,1993-09-22,6276.35,6787,0,1
F,2-HIGH,3,BUILDING,23,Clerk#000000511,1993-07-02,-144,4258,4,1
F,2-HIGH,1,HOUSEHOLD,3,Clerk#000000058,1993-07-15,2811.48,4406,4,1
F,2-HIGH,4,MACHINERY,11,Clerk#000000326,1993-09-16,814.94,13888,4,1
F,5-LOW,3,AUTOMOBILE,6,Clerk#000000811,1993-07-11,5679.21,6830,1,1
F,2-HIGH,2,HOUSEHOLD,12,Clerk#000000934,1993-08-04,2215.11,10273,4,1
F,3-MEDIUM,2,MACHINERY,12,Clerk#000000393,1993-08-18,6906.08,1286,3,1
F,2-HIGH,4,HOUSEHOLD,4,Clerk#000000624,1993-08-21,8559.44,11881,4,1
F,1-URGENT,4,MACHINERY,10,Clerk#000000229,1993-08-05,4768.22,4135,2,1
F,3-MEDIUM,3,FURNITURE,22,Clerk#000000326,1993-08-02,3250.12,3787,3,1
F,3-MEDIUM,1,HOUSEHOLD,24,Clerk#000000501,1993-09-03,2963.51,5881,3,1
F,2-HIGH,4,FURNITURE,13,Clerk#000000853,1993-07-21,5214.75,2195,4,1
F,2-HIGH,3,BUILDING,6,Clerk#000000699,1993-07-08,7299.24,12997,4,1
F,5-LOW,3,HOUSEHOLD,6,Clerk#000000390,1993-09-10,4549.75,10127,1,1
F,3-MEDIUM,2,AUTOMOBILE,9,Clerk#000000431,1993-07-06,6047.52,11140,3,1
F,3-MEDIUM,4,BUILDING,20,Clerk#000000905,1993-07-30,5579.81,1261,3,1
F,2-HIGH,2,FURNITURE,21,Clerk#000000200,1993-07-26,4416.51,12122,4,1
F,4-NOT SPECIFIED,4,AUTOMOBILE,11,Clerk#000000723,1993-07-12,6781.83,9925,0,1
F,5-LOW,2,FURNITURE,21,Clerk#000000254,1993-07-11,2948.61,163,1,1
F,2-HIGH,2,MACHINERY,12,Clerk#000000858,1993-07-09,0.97,1327,4,1
F,1-URGENT,2,AUTOMOBILE,8,Clerk#000000034,1993-07-06,6269.42,382,2,1
F,4-NOT SPECIFIED,4,MACHINERY,10,Clerk#000000472,1993-09-02,-536.85,7525,0,1
F,5-LOW,4,AUTOMOBILE,11,Clerk#000000289,1993-07-10,3528.95,12326,1,1
F,3-MEDIUM,1,MACHINERY,2,Clerk#000000348,1993-08-11,3565.11,12877,3,1
F,4-NOT SPECIFIED,0,AUTOMOBILE,16,Clerk#000000414,1993-07-08,8967.38,12631,0,1
F,5-LOW,1,HOUSEHOLD,17,Clerk#000000425,1993-08-23,3754.47,14461,1,1
F,4-NOT SPECIFIED,2,MACHINERY,9,Clerk#000000569,1993-07-27,2847.41,5062,0,1
F,4-NOT SPECIFIED,4,AUTOMOBILE,20,Clerk#000000652,1993-09-16,3457.11,12911,0,1
F,2-HIGH,2,MACHINERY,12,Clerk#000000200,1993-07-22,9842.21,8864,4,1
F,5-LOW,0,HOUSEHOLD,5,Clerk#000000276,1993-09-05,641.15,5635,1,1
F,5-LOW,4,HOUSEHOLD,13,Clerk#000000822,1993-08-08,4832.81,4678,1,1
F,5-LOW,3,MACHINERY,7,Clerk#000000519,1993-08-30,2450.11,5713,1,1
F,1-URGENT,2,MACHINERY,18,Clerk#000000036,1993-07-02,1974.06,12181,2,1
F,4-NOT SPECIFIED,4,HOUSEHOLD,10,Clerk#000000819,1993-07-01,-593.65,11641,0,1
F,4-NOT SPECIFIED,2,HOUSEHOLD,12,Clerk#000000933,1993-07-17,9782.34,1403,0,1
F,5-LOW,3,FURNITURE,22,Clerk#000000370,1993-09-23,3407.85,7306,1,1
F,5-LOW,3,FURNITURE,7,Clerk#000000174,1993-08-02,2920.22,14533,1,1
F,3-MEDIUM,0,FURNITURE,15,Clerk#000000854,1993-08-14,7998.82,9866,3,1
F,2-HIGH,0,HOUSEHOLD,16,Clerk#000000835,1993-09-01,4399.21,7478,4,1
F,3-MEDIUM,4,FURNITURE,10,Clerk#000000115,1993-08-29,2042.21,166,3,1
F,3-MEDIUM,2,HOUSEHOLD,8,Clerk#000000406,1993-07-12,9583.68,12283,3,1
F,5-LOW,4,AUTOMOBILE,4,Clerk#000000431,1993-07-19,1447.3,9887,1,1
F,3-MEDIUM,2,MACHINERY,9,Clerk#000000993,1993-08-15,8660.35,11944,3,1
F,3-MEDIUM,4,AUTOMOBILE,11,Clerk#000000586,1993-08-17,1498.28,7333,3,1
F,2-HIGH,0,FURNITURE,15,Clerk#000000052,1993-09-06,3587.67,13010,4,1
F,3-MEDIUM,3,HOUSEHOLD,22,Clerk#000000788,1993-08-30,6564.13,13360,3,1
F,2-HIGH,3,HOUSEHOLD,22,Clerk#000000934,1993-08-27,6642.03,7516,4,1
F,5-LOW,2,AUTOMOBILE,9,Clerk#000000106,1993-09-12,-895.88,12376,1,1
F,1-URGENT,1,MACHINERY,3,Clerk#000000579,1993-07-09,5511.44,3248,2,1
F,4-NOT SPECIFIED,3,FURNITURE,7,Clerk#000000150,1993-08-28,1647.17,14521,0,1
F,2-HIGH,4,BUILDING,4,Clerk#000000302,1993-08-07,6163.03,9583,4,1
F,3-MEDIUM,4,FURNITURE,10,Clerk#000000411,1993-08-22,2578.28,7558,3,1
F,5-LOW,2,BUILDING,12,Clerk#000000134,1993-08-05,-772.98,3790,1,1
F,2-HIGH,4,AUTOMOBILE,4,Clerk#000000110,1993-09-17,8798.96,1174,4,1
F,4-NOT SPECIFIED,2,MACHINERY,12,Clerk#000000064,1993-09-10,7292.93,1421,0,1
F,3-MEDIUM,0,BUILDING,14,Clerk#000000874,1993-07-24,4008.08,12340,3,1
F,2-HIGH,1,FURNITURE,2,Clerk#000000588,1993-08-23,-387.33,4604,4,1
F,2-HIGH,3,AUTOMOBILE,23,Clerk#000000365,1993-07-22,6959.09,748,4,1
F,4-NOT SPECIFIED,2,HOUSEHOLD,21,Clerk#000000855,1993-07-06,8330.7,928,0,1
F,2-HIGH,3,MACHINERY,23,Clerk#000000536,1993-08-15,532.42,8051,4,1
F,4-NOT SPECIFIED,3,BUILDING,6,Clerk#000000794,1993-09-29,4250.73,1571,0,1
F,1-URGENT,4,BUILDING,11,Clerk#000000374,1993-07-13,8530.63,5152,2,1
F,2-HIGH,1,HOUSEHOLD,3,Clerk#000000434,1993-07-26,1122.02,12527,4,1
F,4-NOT SPECIFIED,2,AUTOMOBILE,12,Clerk#000000192,1993-09-26,7189.16,5251,0,1
F,1-URGENT,4,FURNITURE,13,Clerk#000000979,1993-09-19,291.44,1388,2,1
F,4-NOT SPECIFIED,2,BUILDING,12,Clerk#000000777,1993-07-09,4905.03,8663,0,1
F,4-NOT SPECIFIED,4,BUILDING,10,Clerk#000000348,1993-08-06,2222.65,694,0,1
F,1-URGENT,1,HOUSEHOLD,3,Clerk#000000111,1993-08-02,-907.57,7634,2,1
F,4-NOT SPECIFIED,3,HOUSEHOLD,6,Clerk#000000947,1993-08-03,1073.58,13310,0,1
F,3-MEDIUM,0,FURNITURE,0,Clerk#000000868,1993-09-06,4630.52,1559,3,1
F,5-LOW,3,FURNITURE,23,Clerk#000000516,1993-09-05,7351.14,10882,1,1
F,4-NOT SPECIFIED,0,AUTOMOBILE,15,Clerk#000000665,1993-07-14,2754.88,3706,0,1
F,3-MEDIUM,0,FURNITURE,5,Clerk#000000125,1993-07-02,2711.73,3520,3,1
F,2-HIGH,4,MACHINERY,13,Clerk#000000129,1993-09-18,8865.52,8317,4,1
F,3-MEDIUM,0,MACHINERY,5,Clerk#000000837,1993-09-13,7059.91,13619,3,1
F,2-HIGH,4,AUTOMOBILE,11,Clerk#000000344,1993-08-18,8725.04,5663,4,1
F,2-HIGH,4,MACHINERY,20,Clerk#000000594,1993-07-29,8299.24,3722,4,1
F,2-HIGH,4,FURNITURE,11,Clerk#000000720,1993-08-25,5631.85,6197,4,1
F,4-NOT SPECIFIED,4,HOUSEHOLD,4,Clerk#000000278,1993-09-02,6187.29,7408,0,1
F,3-MEDIUM,2,FURNITURE,8,Clerk#000000354,1993-07-05,-363.54,7658,3,1
F,5-LOW,0,MACHINERY,0,Clerk#000000905,1993-09-10,-270.59,337,1,1
F,5-LOW,0,BUILDING,15,Clerk#000000037,1993-08-02,-858.19,5917,1,1
F,3-MEDIUM,3,AUTOMOBILE,23,Clerk#000000725,1993-09-01,5918.08,14333,3,1
F,5-LOW,3,BUILDING,23,Clerk#000000974,1993-07-23,7486.51,7085,1,1
F,1-URGENT,2,MACHINERY,12,Clerk#000000781,1993-08-25,3328.97,4648,2,1
F,5-LOW,1,FURNITURE,17,Clerk#000000131,1993-07-29,4562.95,4822,1,1
F,5-LOW,1,HOUSEHOLD,2,Clerk#000000347,1993-07-17,5458.25,11030,1,1
F,5-LOW,0,FURNITURE,14,Clerk#000000474,1993-09-28,2373.63,5407,1,1
F,5-LOW,0,BUILDING,0,Clerk#000000955,1993-09-06,6372.78,10859,1,1
F,5-LOW,1,FURNITURE,3,Clerk#000000522,1993-07-20,3204.07,11011,1,1
F,4-NOT SPECIFIED,4,HOUSEHOLD,4,Clerk#000000627,1993-07-05,8387.59,4873,0,1
F,3-MEDIUM,0,MACHINERY,5,Clerk#000000017,1993-07-20,7427.66,10474,3,1
F,2-HIGH,1,FURNITURE,2,Clerk#000000464,1993-09-08,326.88,6520,4,1
F,4-NOT SPECIFIED,2,HOUSEHOLD,8,Clerk#000000412,1993-07-04,162.9,11131,0,1
F,1-URGENT,4,FURNITURE,10,Clerk#000000797,1993-09-09,1851.85,9262,2,1
F,4-NOT SPECIFIED,4,HOUSEHOLD,4,Clerk#000000170,1993-09-14,4487.09,7202,0,1
F,4-NOT SPECIFIED,4,FURNITURE,4,Clerk#000000487,1993-09-26,2688.88,565,0,1
F,4-NOT SPECIFIED,3,BUILDING,6,Clerk#000000099,1993-09-21,-404.83,3301,0,1
F,2-HIGH,2,AUTOMOBILE,9,Clerk#000000130,1993-09-09,4091.91,13895,4,1
F,4-NOT SPECIFIED,3,HOUSEHOLD,6,Clerk#000000821,1993-09-04,9651.06,13787,0,1
F,5-LOW,1,BUILDING,24,Clerk#000000313,1993-07-11,8319.55,5389,1,1
F,5-LOW,0,AUTOMOBILE,16,Clerk#000000793,1993-08-02,4055.68,3071,1,1
F,2-HIGH,1,BUILDING,3,Clerk#000000110,1993-07-14,7149.43,1396,4,1
F,1-URGENT,4,HOUSEHOLD,10,Clerk#000000906,1993-07-18,1295.63,2314,2,1
F,5-LOW,2,MACHINERY,9,Clerk#000000749,1993-09-03,8177.33,1165,1,1
F,5-LOW,0,BUILDING,14,Clerk#000000750,1993-09-20,6474.55,5197,1,1
F,3-MEDIUM,4,AUTOMOBILE,13,Clerk#000000248,1993-08-13,3734.68,5701,3,1
F,4-NOT SPECIFIED,2,HOUSEHOLD,21,Clerk#000000872,1993-08-10,2398,10873,0,1
F,2-HIGH,1,FURNITURE,24,Clerk#000000292,1993-07-23,6151.3,2410,4,1
F,1-URGENT,1,HOUSEHOLD,2,Clerk#000000719,1993-07-13,455.15,1706,2,1
F,3-MEDIUM,1,FURNITURE,2,Clerk#000000247,1993-09-07,219.78,8797,3,1
F,2-HIGH,1,AUTOMOBILE,24,Clerk#000000418,1993-08-20,-377.11,1057,4,1
F,1-URGENT,0,FURNITURE,0,Clerk#000000787,1993-07-02,7811.92,12145,2,1
F,5-LOW,3,FURNITURE,7,Clerk#000000984,1993-09-13,1647.17,14521,1,1
F,5-LOW,4,MACHINERY,4,Clerk#000000482,1993-07-18,4267.64,14692,1,1
F,4-NOT SPECIFIED,0,HOUSEHOLD,5,Clerk#000000774,1993-08-05,5464.89,11237,0,1
F,3-MEDIUM,1,AUTOMOBILE,2,Clerk#000000684,1993-08-14,138.32,5275,3,1
F,5-LOW,0,FURNITURE,5,Clerk#000000030,1993-08-27,2711.73,3520,1,1
F,4-NOT SPECIFIED,0,FURNITURE,16,Clerk#000000841,1993-09-11,1767.13,5735,0,1
F,2-HIGH,0,BUILDING,0,Clerk#000000465,1993-08-21,4416.42,10604,4,1
F,5-LOW,4,AUTOMOBILE,10,Clerk#000000138,1993-09-29,8834.94,6248,1,1
F,1-URGENT,3,HOUSEHOLD,22,Clerk#000000290,1993-08-21,9364.69,11698,2,1
F,2-HIGH,0,BUILDING,15,Clerk#000000777,1993-09-15,-858.19,5917,4,1
F,1-URGENT,0,HOUSEHOLD,5,Clerk#000000781,1993-07-25,7335.91,3058,2,1
F,5-LOW,1,HOUSEHOLD,24,Clerk#000000329,1993-07-20,6626.82,6946,1,1
F,3-MEDIUM,0,BUILDING,15,Clerk#000000324,1993-08-15,1122.02,9245,3,1
F,5-LOW,4,HOUSEHOLD,11,Clerk#000000307,1993-09-01,4832.49,12298,1,1
F,4-NOT SPECIFIED,2,MACHINERY,12,Clerk#000000933,1993-07-17,6751.54,12718,0,1
F,4-NOT SPECIFIED,2,MACHINERY,8,Clerk#000000765,1993-08-20,-523.3,2242,0,1
F,2-HIGH,3,AUTOMOBILE,19,Clerk#000000384,1993-07-22,1175.83,6539,4,1
F,3-MEDIUM,3,HOUSEHOLD,7,Clerk#000000629,1993-09-09,1938.05,388,3,1
F,1-URGENT,2,AUTOMOBILE,12,Clerk#000000172,1993-08-29,5839.06,9914,2,1
F,1-URGENT,0,AUTOMOBILE,5,Clerk#000000798,1993-08-15,9544.84,12220,2,1
F,1-URGENT,3,MACHINERY,22,Clerk#000000507,1993-08-12,8703.68,5344,2,1
F,1-URGENT,0,MACHINERY,5,Clerk#000000836,1993-07-14,4742.19,6823,2,1
F,4-NOT SPECIFIED,0,AUTOMOBILE,0,Clerk#000000929,1993-07-14,6612.7,6050,0,1
F,3-MEDIUM,2,HOUSEHOLD,9,Clerk#000000994,1993-08-08,6632.79,8233,3,1
F,2-HIGH,2,MACHINERY,8,Clerk#000000413,1993-09-27,-6.92,12595,4,1
F,5-LOW,3,AUTOMOBILE,6,Clerk#000000281,1993-08-31,3539.84,5084,1,1
F,5-LOW,1,BUILDING,1,Clerk#000000732,1993-07-05,5374.88,10730,1,1
F,3-MEDIUM,0,BUILDING,14,Clerk#000000859,1993-08-29,4346.51,10114,3,1
F,3-MEDIUM,2,MACHINERY,21,Clerk#000000232,1993-09-11,6314.25,1432,3,1
F,1-URGENT,1,FURNITURE,17,Clerk#000000605,1993-09-04,7552.98,14420,2,1
F,5-LOW,4,BUILDING,10,Clerk#000000242,1993-07-05,6761.27,11035,1,1
F,3-MEDIUM,1,MACHINERY,24,Clerk#000000508,1993-08-20,1018.31,2372,3,1
F,3-MEDIUM,0,BUILDING,0,Clerk#000000452,1993-09-06,5408.72,4505,3,1
F,5-LOW,0,FURNITURE,5,Clerk#000000694,1993-07-12,5173.56,3820,1,1
F,1-URGENT,3,BUILDING,7,Clerk#000000677,1993-07-05,1002.58,13178,2,1
F,2-HIGH,0,BUILDING,14,Clerk#000000030,1993-08-04,8352.96,7643,4,1
F,4-NOT SPECIFIED,2,BUILDING,12,Clerk#000000543,1993-09-01,827.31,4022,0,1
F,4-NOT SPECIFIED,1,FURNITURE,1,Clerk#000000777,1993-09-29,5867.18,10132,0,1
F,3-MEDIUM,1,HOUSEHOLD,17,Clerk#000000818,1993-08-19,1928.69,4123,3,1
F,5-LOW,1,AUTOMOBILE,1,Clerk#000000158,1993-07-26,7495.2,4124,1,1
F,5-LOW,1,AUTOMOBILE,2,Clerk#000000721,1993-08-29,9573.9,11746,1,1
F,5-LOW,2,FURNITURE,12,Clerk#000000488,1993-09-09,-149.3,4858,1,1
F,5-LOW,2,AUTOMOBILE,8,Clerk#000000344,1993-08-06,805.84,11776,1,1
F,4-NOT SPECIFIED,2,BUILDING,21,Clerk#000000045,1993-09-13,2684.16,13066,0,1
F,1-URGENT,2,MACHINERY,12,Clerk#000000156,1993-09-11,630.74,5744,2,1
F,3-MEDIUM,4,AUTOMOBILE,20,Clerk#000000284,1993-08-01,2944.76,4756,3,1
F,5-LOW,4,HOUSEHOLD,4,Clerk#000000189,1993-09-09,4434.2,6922,1,1
F,2-HIGH,3,HOUSEHOLD,19,Clerk#000000305,1993-07-22,2809.6,9526,4,1
F,5-LOW,2,FURNITURE,21,Clerk#000000312,1993-08-24,9592.43,3079,1,1
F,3-MEDIUM,4,HOUSEHOLD,20,Clerk#000000577,1993-09-09,9358.77,14645,3,1
F,1-URGENT,3,BUILDING,6,Clerk#000000249,1993-09-30,8791.08,11860,2,1
F,3-MEDIUM,3,MACHINERY,22,Clerk#000000098,1993-08-09,4139.46,4072,3,1
F,1-URGENT,3,HOUSEHOLD,19,Clerk#000000657,1993-09-13,-370.67,7940,2,1
F,2-HIGH,3,BUILDING,23,Clerk#000000710,1993-09-20,4252.36,4628,4,1
F,3-MEDIUM,1,MACHINERY,1,Clerk#000000083,1993-07-15,4057.27,6379,3,1
F,1-URGENT,2,BUILDING,8,Clerk#000000313,1993-09-29,4284.38,8431,2,1
F,3-MEDIUM,3,FURNITURE,6,Clerk#000000200,1993-07-11,5734.73,10255,3,1
F,2-HIGH,3,AUTOMOBILE,23,Clerk#000000904,1993-08-26,4984.79,6856,4,1
F,5-LOW,0,FURNITURE,5,Clerk#000000975,1993-09-20,486.94,7870,1,1
F,2-HIGH,2,BUILDING,21,Clerk#000000087,1993-07-26,528.35,6767,4,1
F,5-LOW,3,MACHINERY,19,Clerk#000000958,1993-09-28,2540.69,6572,1,1
F,3-MEDIUM,3,BUILDING,22,Clerk#000000076,1993-08-26,-998.09,11269,3,1
F,4-NOT SPECIFIED,2,FURNITURE,12,Clerk#000000941,1993-07-02,9746.34,11456,0,1
F,4-NOT SPECIFIED,2,AUTOMOBILE,9,Clerk#000000504,1993-07-27,1148.82,12646,0,1
F,4-NOT SPECIFIED,4,FURNITURE,11,Clerk#000000072,1993-07-24,5192.24,8995,0,1
F,1-URGENT,3,AUTOMOBILE,7,Clerk#000000746,1993-09-22,2911.56,14998,2,1
F,5-LOW,0,BUILDING,15,Clerk#000000197,1993-08-31,-544.01,7639,1,1
F,4-NOT SPECIFIED,4,MACHINERY,11,Clerk#000000876,1993-07-08,4511.88,11638,0,1
F,5-LOW,0,FURNITURE,14,Clerk#000000387,1993-07-12,4524.21,4754,1,1
F,4-NOT SPECIFIED,2,HOUSEHOLD,8,Clerk#000000659,1993-08-06,6020.02,1129,0,1
F,2-HIGH,4,AUTOMOBILE,4,Clerk#000000731,1993-08-21,3272.81,3505,4,1
F,4-NOT SPECIFIED,4,MACHINERY,4,Clerk#000000048,1993-09-05,7906.45,9493,0,1
F,3-MEDIUM,3,FURNITURE,19,Clerk#000000558,1993-07-15,5997.88,14428,3,1
F,1-URGENT,2,HOUSEHOLD,8,Clerk#000000427,1993-08-16,6052.86,12991,2,1
F,4-NOT SPECIFIED,4,FURNITURE,13,Clerk#000000487,1993-07-19,3105.57,7262,0,1
F,1-URGENT,4,BUILDING,11,Clerk#000000851,1993-09-13,9522.43,13087,2,1
F,3-MEDIUM,1,BUILDING,17,Clerk#000000077,1993-08-11,868.69,13144,3,1
F,5-LOW,1,FURNITURE,3,Clerk#000000502,1993-09-06,-887.13,5116,1,1
F,2-HIGH,0,FURNITURE,15,Clerk#000000093,1993-08-14,273.34,11263,4,1
F,4-NOT SPECIFIED,2,FURNITURE,18,Clerk#000000667,1993-09-13,7945.96,4720,0,1
F,2-HIGH,4,HOUSEHOLD,4,Clerk#000000164,1993-07-01,8184.56,7265,4,1
F,2-HIGH,1,AUTOMOBILE,24,Clerk#000000183,1993-07-09,-602.24,14398,4,1
F,2-HIGH,4,FURNITURE,11,Clerk#000000027,1993-07-12,1683.35,14092,4,1
F,1-URGENT,0,HOUSEHOLD,15,Clerk#000000749,1993-08-29,6885.75,10207,2,1
F,2-HIGH,1,HOUSEHOLD,3,Clerk#000000651,1993-07-11,5785.07,1882,4,1
F,2-HIGH,0,AUTOMOBILE,15,Clerk#000000982,1993-08-23,5295.32,4417,4,1
F,3-MEDIUM,0,AUTOMOBILE,14,Clerk#000000987,1993-07-24,6855.8,4391,3,1
F,1-URGENT,3,HOUSEHOLD,7,Clerk#000000043,1993-09-03,7473.71,11356,2,1
F,2-HIGH,3,MACHINERY,7,Clerk#000000620,1993-07-05,2450.11,5713,4,1
F,2-HIGH,3,FURNITURE,23,Clerk#000000138,1993-08-06,9846.83,6256,4,1
F,3-MEDIUM,4,FURNITURE,4,Clerk#000000071,1993-09-20,9256.07,8611,3,1
F,1-URGENT,1,HOUSEHOLD,24,Clerk#000000989,1993-09-19,434.91,7459,2,1
F,5-LOW,0,HOUSEHOLD,14,Clerk#000000527,1993-07-11,528.31,4511,1,1
F,1-URGENT,3,AUTOMOBILE,7,Clerk#000000208,1993-07-17,9386.5,2491,2,1
F,2-HIGH,3,MACHINERY,22,Clerk#000000389,1993-07-05,4139.46,4072,4,1
F,1-URGENT,1,MACHINERY,24,Clerk#000000908,1993-08-20,147.84,6805,2,1
F,2-HIGH,4,HOUSEHOLD,13,Clerk#000000495,1993-07-18,9728.34,9307,4,1
F,1-URGENT,4,MACHINERY,10,Clerk#000000635,1993-09-23,9572.79,9409,2,1
F,1-URGENT,2,BUILDING,21,Clerk#000000007,1993-07-23,1113.42,4456,2,1
F,2-HIGH,0,FURNITURE,14,Clerk#000000753,1993-07-18,2373.63,5407,4,1
F,3-MEDIUM,0,FURNITURE,5,Clerk#000000211,1993-07-22,-575.69,12143,3,1
F,4-NOT SPECIFIED,2,BUILDING,18,Clerk#000000894,1993-09-06,6551.54,2776,0,1
F,3-MEDIUM,0,AUTOMOBILE,5,Clerk#000000138,1993-07-10,8155.12,6398,3,1
F,3-MEDIUM,1,FURNITURE,1,Clerk#000000545,1993-09-01,7403.39,4904,3,1
F,5-LOW,1,HOUSEHOLD,1,Clerk#000000108,1993-09-12,9225.72,11260,1,1
F,4-NOT SPECIFIED,1,HOUSEHOLD,3,Clerk#000000683,1993-09-17,1943.34,8098,0,1
F,3-MEDIUM,1,FURNITURE,1,Clerk#000000662,1993-09-23,3865.83,12049,3,1
F,1-URGENT,2,HOUSEHOLD,9,Clerk#000000697,1993-08-09,2629.5,4954,2,1
F,4-NOT SPECIFIED,0,AUTOMOBILE,5,Clerk#000000581,1993-07-01,3943.59,5980,0,1
F,3-MEDIUM,0,HOUSEHOLD,5,Clerk#000000231,1993-08-28,1990.28,9373,3,1
F,2-HIGH,2,BUILDING,8,Clerk#000000953,1993-09-12,7891.67,6982,4,1
F,5-LOW,4,FURNITURE,13,Clerk#000000684,1993-08-19,9333.99,1886,1,1
F,1-URGENT,1,BUILDING,1,Clerk#000000025,1993-07-16,4163.53,5840,2,1
F,5-LOW,2,FURNITURE,21,Clerk#000000184,1993-07-13,2216.34,5011,1,1
F,3-MEDIUM,4,AUTOMOBILE,10,Clerk#000000216,1993-08-23,9831.27,1573,3,1
F,4-NOT SPECIFIED,2,BUILDING,18,Clerk#000000324,1993-07-12,4650.31,8218,0,1
F,3-MEDIUM,3,FURNITURE,7,Clerk#000000715,1993-08-27,9288.13,5033,3,1
F,2-HIGH,3,MACHINERY,19,Clerk#000000173,1993-09-10,4510.06,6845,4,1
F,3-MEDIUM,2,HOUSEHOLD,9,Clerk#000000955,1993-07-03,7932.58,5278,3,1
F,1-URGENT,0,AUTOMOBILE,5,Clerk#000000809,1993-08-02,7920.49,3884,2,1
F,1-URGENT,1,MACHINERY,24,Clerk#000000481,1993-08-20,2381.05,8276,2,1
F,5-LOW,1,MACHINERY,3,Clerk#000000308,1993-08-15,3718.31,5719,1,1
F,2-HIGH,3,MACHINERY,23,Clerk#000000172,1993-09-07,5910.12,14764,4,1
F,2-HIGH,0,AUTOMOBILE,5,Clerk#000000408,1993-07-30,2176.62,10327,4,1
F,1-URGENT,2,MACHINERY,8,Clerk#000000373,1993-07-14,9550.93,10183,2,1
F,1-URGENT,4,HOUSEHOLD,4,Clerk#000000816,1993-09-02,8340.38,7987,2,1
F,1-URGENT,3,FURNITURE,19,Clerk#000000969,1993-08-02,8208.08,10042,2,1
F,3-MEDIUM,4,AUTOMOBILE,11,Clerk#000000624,1993-07-29,409.26,9142,3,1
F,2-HIGH,4,FURNITURE,10,Clerk#000000119,1993-08-24,7243.45,14329,4,1
F,5-LOW,4,BUILDING,13,Clerk#000000244,1993-07-30,9206.88,5618,1,1
F,3-MEDIUM,4,AUTOMOBILE,10,Clerk#000000179,1993-09-16,5150.67,5450,3,1
F,1-URGENT,2,FURNITURE,12,Clerk#000000621,1993-07-03,3715.43,10822,2,1
F,4-NOT SPECIFIED,4,AUTOMOBILE,13,Clerk#000000969,1993-08-10,4393.67,5989,0,1
F,1-URGENT,1,BUILDING,24,Clerk#000000615,1993-08-31,8319.55,5389,2,1
F,1-URGENT,2,HOUSEHOLD,9,Clerk#000000003,1993-08-05,320.47,8045,2,1
F,2-HIGH,0,MACHINERY,0,Clerk#000000471,1993-08-03,8151.61,1504,4,1
F,5-LOW,1,AUTOMOBILE,17,Clerk#000000999,1993-09-28,-100.42,10841,1,1
F,2-HIGH,1,HOUSEHOLD,1,Clerk#000000198,1993-07-08,104.82,12970,4,1
F,5-LOW,0,MACHINERY,15,Clerk#000000405,1993-07-17,2715.75,12199,1,1
F,2-HIGH,1,HOUSEHOLD,3,Clerk#000000779,1993-09-03,2295.33,4501,4,1
F,4-NOT SPECIFIED,0,FURNITURE,16,Clerk#000000088,1993-07-18,4706.84,14156,0,1
F,1-URGENT,2,AUTOMOBILE,18,Clerk#000000697,1993-07-15,-197.98,6335,2,1
F,2-HIGH,1,AUTOMOBILE,24,Clerk#000000918,1993-07-17,565.87,9272,4,1
F,1-URGENT,3,FURNITURE,7,Clerk#000000672,1993-08-01,6729.32,6167,2,1
F,4-NOT SPECIFIED,1,AUTOMOBILE,2,Clerk#000000589,1993-09-02,4439.35,10214,0,1
F,3-MEDIUM,0,AUTOMOBILE,5,Clerk#000000594,1993-09-11,691.25,12577,3,1
F,1-URGENT,4,AUTOMOBILE,20,Clerk#000000177,1993-09-15,3901.96,12334,2,1
F,1-URGENT,0,MACHINERY,5,Clerk#000000422,1993-07-02,4260.22,5455,2,1
F,3-MEDIUM,1,BUILDING,17,Clerk#000000767,1993-09-20,5441.46,2783,3,1
F,1-URGENT,2,BUILDING,8,Clerk#000000611,1993-08-14,5244.28,6715,2,1
F,4-NOT SPECIFIED,2,HOUSEHOLD,18,Clerk#000000616,1993-07-31,3295.25,5644,0,1
F,5-LOW,4,HOUSEHOLD,10,Clerk#000000588,1993-07-04,8959.98,5507,1,1
F,4-NOT SPECIFIED,4,HOUSEHOLD,11,Clerk#000000681,1993-08-30,1318.18,11378,0,1
F,1-URGENT,4,MACHINERY,11,Clerk#000000741,1993-08-24,4511.88,11638,2,1
F,3-MEDIUM,0,BUILDING,5,Clerk#000000162,1993-07-23,5554.82,3947,3,1
F,5-LOW,4,BUILDING,20,Clerk#000000120,1993-08-20,-894.93,12424,1,1
F,5-LOW,0,BUILDING,15,Clerk#000000780,1993-07-02,5458.37,1784,1,1
F,5-LOW,1,FURNITURE,24,Clerk#000000864,1993-07-27,7851.32,11569,1,1
F,2-HIGH,0,BUILDING,16,Clerk#000000503,1993-09-10,3987.39,1405,4,1
F,4-NOT SPECIFIED,0,MACHINERY,14,Clerk#000000121,1993-08-29,6208.61,13075,0,1
F,4-NOT SPECIFIED,0,BUILDING,16,Clerk#000000751,1993-07-26,1609.39,221,0,1
F,4-NOT SPECIFIED,4,HOUSEHOLD,13,Clerk#000000626,1993-08-31,6631.95,4301,0,1
F,1-URGENT,0,FURNITURE,0,Clerk#000000890,1993-08-18,2221.92,5947,2,1
F,2-HIGH,4,HOUSEHOLD,13,Clerk#000000661,1993-09-11,4832.81,4678,4,1
F,2-HIGH,0,HOUSEHOLD,16,Clerk#000000480,1993-08-28,9305.5,12623,4,1
F,2-HIGH,0,MACHINERY,14,Clerk#000000635,1993-08-15,3207.73,12079,4,1
F,5-LOW,4,HOUSEHOLD,11,Clerk#000000390,1993-08-24,8105.71,6940,1,1
F,4-NOT SPECIFIED,1,AUTOMOBILE,24,Clerk#000000427,1993-07-29,2566.28,4787,0,1
F,3-MEDIUM,4,BUILDING,20,Clerk#000000743,1993-08-10,5282.26,14122,3,1
F,3-MEDIUM,1,BUILDING,3,Clerk#000000440,1993-09-19,6320.62,13249,3,1
F,3-MEDIUM,0,BUILDING,14,Clerk#000000641,1993-09-21,4008.08,12340,3,1
F,5-LOW,3,BUILDING,7,Clerk#000000152,1993-08-06,8880.82,9436,1,1
F,1-URGENT,4,HOUSEHOLD,11,Clerk#000000144,1993-09-21,1378.67,502,2,1
F,4-NOT SPECIFIED,0,HOUSEHOLD,16,Clerk#000000871,1993-07-05,8261.77,11081,0,1
F,3-MEDIUM,1,AUTOMOBILE,1,Clerk#000000029,1993-09-22,-275.83,3211,3,1
F,4-NOT SPECIFIED,1,AUTOMOBILE,2,Clerk#000000516,1993-09-28,1973.65,6578,0,1
F,1-URGENT,1,MACHINERY,1,Clerk#000000841,1993-07-17,2753.48,6091,2,1
F,1-URGENT,1,FURNITURE,1,Clerk#000000997,1993-08-17,3556.76,5435,2,1
F,3-MEDIUM,3,BUILDING,19,Clerk#000000314,1993-07-22,5333.24,2692,3,1
F,2-HIGH,1,HOUSEHOLD,2,Clerk#000000776,1993-09-16,2034.2,8521,4,1
F,2-HIGH,3,BUILDING,23,Clerk#000000656,1993-07-17,4504.18,3736,4,1
F,3-MEDIUM,3,BUILDING,22,Clerk#000000403,1993-08-02,7542.75,12328,3,1
F,2-HIGH,2,AUTOMOBILE,12,Clerk#000000149,1993-09-05,2471.21,6724,4,1
F,1-URGENT,2,BUILDING,8,Clerk#000000202,1993-08-27,9536.67,4190,2,1
F,4-NOT SPECIFIED,0,FURNITURE,15,Clerk#000000081,1993-09-01,7526,6889,0,1
F,1-URGENT,4,HOUSEHOLD,13,Clerk#000000189,1993-08-18,5441.74,3130,2,1
F,4-NOT SPECIFIED,4,AUTOMOBILE,11,Clerk#000000572,1993-08-28,7252.65,572,0,1
F,4-NOT SPECIFIED,2,BUILDING,9,Clerk#000000762,1993-07-29,5373.42,2143,0,1
F,5-LOW,4,HOUSEHOLD,11,Clerk#000000805,1993-08-29,3708.26,9685,1,1
F,4-NOT SPECIFIED,0,HOUSEHOLD,14,Clerk#000000641,1993-09-21,2141.83,5255,0,1
F,5-LOW,1,FURNITURE,3,Clerk#000000191,1993-09-16,6884.48,7349,1,1
F,3-MEDIUM,0,AUTOMOBILE,14,Clerk#000000315,1993-07-16,7717.57,1852,3,1
F,3-MEDIUM,0,AUTOMOBILE,0,Clerk#000000814,1993-08-11,7119.34,2963,3,1
F,3-MEDIUM,4,AUTOMOBILE,10,Clerk#000000221,1993-07-26,5207.5,7201,3,1
F,3-MEDIUM,3,HOUSEHOLD,23,Clerk#000000781,1993-09-10,4211.66,7090,3,1
F,4-NOT SPECIFIED,1,AUTOMOBILE,24,Clerk#000000084,1993-08-12,-377.11,1057,0,1
F,1-URGENT,3,MACHINERY,6,Clerk#000000648,1993-08-17,666.59,9206,2,1
F,5-LOW,2,AUTOMOBILE,9,Clerk#000000381,1993-07-27,780.05,1250,1,1
F,4-NOT SPECIFIED,0,AUTOMOBILE,15,Clerk#000000748,1993-08-20,6585.5,11503,0,1
F,5-LOW,1,AUTOMOBILE,24,Clerk#000000956,1993-08-02,961.11,8929,1,1
F,1-URGENT,3,FURNITURE,6,Clerk#000000237,1993-08-20,2323.95,9467,2,1
F,5-LOW,0,MACHINERY,0,Clerk#000000355,1993-08-15,21.56,10615,1,1
F,2-HIGH,2,MACHINERY,9,Clerk#000000012,1993-07-31,8177.33,1165,4,1
F,4-NOT SPECIFIED,4,BUILDING,11,Clerk#000000530,1993-07-19,3817.12,13486,0,1
F,1-URGENT,3,AUTOMOBILE,23,Clerk#000000228,1993-09-18,8444.6,11509,2,1
F,3-MEDIUM,3,HOUSEHOLD,7,Clerk#000000144,1993-07-25,8532.26,14362,3,1
F,2-HIGH,2,FURNITURE,9,Clerk#000000304,1993-08-04,8668.08,3865,4,1
F,2-HIGH,3,FURNITURE,7,Clerk#000000617,1993-07-29,8031.45,9128,4,1
F,2-HIGH,4,MACHINERY,13,Clerk#000000237,1993-09-26,-640.72,10897,4,1
F,2-HIGH,3,FURNITURE,7,Clerk#000000975,1993-09-21,9157.45,10168,4,1
F,5-LOW,1,BUILDING,1,Clerk#000000129,1993-09-09,3431.24,10954,1,1
F,5-LOW,2,FURNITURE,12,Clerk#000000844,1993-07-03,7133.7,25,1,1
F,2-HIGH,0,FURNITURE,15,Clerk#000000751,1993-08-20,5879.4,9847,4,1
F,2-HIGH,1,MACHINERY,1,Clerk#000000405,1993-08-19,8483.43,3586,4,1
F,4-NOT SPECIFIED,0,BUILDING,15,Clerk#000000175,1993-08-15,-412.47,5923,0,1
F,5-LOW,0,BUILDING,14,Clerk#000000161,1993-09-01,5074.43,2050,1,1
F,5-LOW,1,AUTOMOBILE,24,Clerk#000000664,1993-09-19,565.87,9272,1,1
F,4-NOT SPECIFIED,0,FURNITURE,14,Clerk#000000990,1993-09-04,9619.29,7651,0,1
F,1-URGENT,1,HOUSEHOLD,24,Clerk#000000825,1993-07-16,434.91,7459,2,1
F,2-HIGH,0,BUILDING,0,Clerk#000000098,1993-08-08,5094.59,12994,4,1
F,1-URGENT,0,BUILDING,5,Clerk#000000413,1993-07-27,3882.72,12247,2,1
F,5-LOW,2,MACHINERY,18,Clerk#000000081,1993-09-03,4570.14,11800,1,1
F,2-HIGH,3,BUILDING,7,Clerk#000000041,1993-07-07,6694.27,6220,4,1
F,5-LOW,0,MACHINERY,14,Clerk#000000383,1993-08-30,6271.38,1243,1,1
F,2-HIGH,4,HOUSEHOLD,10,Clerk#000000170,1993-07-16,8016.44,13711,4,1
F,4-NOT SPECIFIED,1,BUILDING,1,Clerk#000000241,1993-09-20,-868.99,11620,0,1
F,2-HIGH,4,FURNITURE,13,Clerk#000000607,1993-08-04,7073.17,421,4,1
F,4-NOT SPECIFIED,3,AUTOMOBILE,6,Clerk#000000267,1993-08-21,2402.5,12676,0,1
F,3-MEDIUM,4,MACHINERY,10,Clerk#000000403,1993-08-22,1413.38,4996,3,1
F,4-NOT SPECIFIED,2,FURNITURE,8,Clerk#000000379,1993-07-04,2387.94,7877,0,1
F,4-NOT SPECIFIED,2,BUILDING,9,Clerk#000000439,1993-07-20,2939.1,9094,0,1
F,1-URGENT,1,HOUSEHOLD,1,Clerk#000000849,1993-08-23,9645.33,5653,2,1
F,1-URGENT,1,HOUSEHOLD,3,Clerk#000000729,1993-08-06,1122.02,12527,2,1
F,4-NOT SPECIFIED,1,MACHINERY,24,Clerk#000000117,1993-08-21,2562.3,4165,0,1
F,2-HIGH,1,HOUSEHOLD,3,Clerk#000000684,1993-08-26,2295.33,4501,4,1
F,2-HIGH,3,BUILDING,6,Clerk#000000025,1993-09-13,9704.67,9745,4,1
F,4-NOT SPECIFIED,0,HOUSEHOLD,16,Clerk#000000469,1993-08-24,5824.88,425,0,1
F,5-LOW,2,FURNITURE,8,Clerk#000000729,1993-07-04,1007.18,28,1,1
F,3-MEDIUM,1,BUILDING,1,Clerk#000000402,1993-07-10,115.76,4621,3,1
F,3-MEDIUM,0,MACHINERY,0,Clerk#000000874,1993-08-31,7654.19,10069,3,1
F,3-MEDIUM,0,AUTOMOBILE,15,Clerk#000000304,1993-08-12,651.27,10087,3,1
F,5-LOW,0,BUILDING,16,Clerk#000000063,1993-08-24,9809.53,4489,1,1
F,2-HIGH,3,FURNITURE,7,Clerk#000000047,1993-09-26,9841.69,10276,4,1
F,1-URGENT,3,HOUSEHOLD,23,Clerk#000000438,1993-07-04,2020.34,4324,2,1
F,2-HIGH,2,HOUSEHOLD,21,Clerk#000000609,1993-08-22,3779.88,14338,4,1
F,2-HIGH,1,HOUSEHOLD,17,Clerk#000000206,1993-08-14,6135.16,11708,4,1
F,3-MEDIUM,2,AUTOMOBILE,21,Clerk#000000046,1993-07-24,2851.11,7342,3,1
F,4-NOT SPECIFIED,1,FURNITURE,17,Clerk#000000808,1993-07-28,1820.65,14029,0,1
F,3-MEDIUM,1,MACHINERY,17,Clerk#000000366,1993-07-14,5568.08,7615,3,1
F,2-HIGH,1,MACHINERY,24,Clerk#000000249,1993-09-02,6443.37,14450,4,1
F,5-LOW,2,MACHINERY,8,Clerk#000000021,1993-08-21,319.72,2579,1,1
F,5-LOW,3,HOUSEHOLD,22,Clerk#000000707,1993-07-04,5600.56,9793,1,1
F,5-LOW,1,AUTOMOBILE,17,Clerk#000000098,1993-09-04,-100.42,10841,1,1
F,5-LOW,3,AUTOMOBILE,22,Clerk#000000917,1993-08-04,5948.57,8471,1,1
F,2-HIGH,1,FURNITURE,2,Clerk#000000795,1993-08-05,5749.91,12913,4,1
F,1-URGENT,4,BUILDING,10,Clerk#000000654,1993-08-02,4866.53,9353,2,1
F,4-NOT SPECIFIED,0,MACHINERY,15,Clerk#000000312,1993-07-10,4421.61,1711,0,1
F,4-NOT SPECIFIED,4,AUTOMOBILE,13,Clerk#000000043,1993-07-31,6356.52,12805,0,1
F,4-NOT SPECIFIED,0,HOUSEHOLD,0,Clerk#000000165,1993-09-09,9270.16,3718,0,1
F,4-NOT SPECIFIED,0,MACHINERY,0,Clerk#000000813,1993-09-10,6257.75,4546,0,1
F,2-HIGH,3,HOUSEHOLD,6,Clerk#000000380,1993-09-11,3434.04,5017,4,1
F,4-NOT SPECIFIED,2,BUILDING,12,Clerk#000000057,1993-08-10,2816.13,13429,0,1
F,5-LOW,1,MACHINERY,3,Clerk#000000453,1993-09-30,2532.69,13837,1,1
F,2-HIGH,4,HOUSEHOLD,10,Clerk#000000611,1993-09-25,2038.31,1934,4,1
F,2-HIGH,1,BUILDING,24,Clerk#000000187,1993-08-29,9480.03,4066,4,1
F,3-MEDIUM,2,AUTOMOBILE,21,Clerk#000000191,1993-09-22,3028.09,5512,3,1
F,2-HIGH,3,MACHINERY,7,Clerk#000000931,1993-08-08,7278.19,4856,4,1
F,5-LOW,3,AUTOMOBILE,7,Clerk#000000464,1993-09-30,1163.37,13852,1,1
F,2-HIGH,4,FURNITURE,10,Clerk#000000648,1993-09-01,8026.14,2380,4,1
F,1-URGENT,2,MACHINERY,18,Clerk#000000375,1993-09-30,-899.67,7285,2,1
F,3-MEDIUM,4,BUILDING,10,Clerk#000000716,1993-07-07,9734.53,1501,3,1
F,4-NOT SPECIFIED,2,FURNITURE,18,Clerk#000000501,1993-09-28,2906.39,11662,0,1
F,1-URGENT,4,HOUSEHOLD,13,Clerk#000000232,1993-07-25,4351.09,733,2,1
F,4-NOT SPECIFIED,2,FURNITURE,18,Clerk#000000314,1993-07-10,4571.94,11794,0,1
F,2-HIGH,1,BUILDING,24,Clerk#000000424,1993-08-06,-69.57,12869,4,1
F,4-NOT SPECIFIED,2,BUILDING,18,Clerk#000000103,1993-07-23,6030.96,13885,0,1
F,1-URGENT,2,MACHINERY,8,Clerk#000000770,1993-07-14,-523.3,2242,2,1
F,5-LOW,2,FURNITURE,18,Clerk#000000094,1993-07-31,1074.13,11083,1,1
F,5-LOW,3,AUTOMOBILE,22,Clerk#000000539,1993-08-13,6308.85,4717,1,1
F,2-HIGH,3,BUILDING,23,Clerk#000000467,1993-08-16,5501.33,13394,4,1
F,2-HIGH,1,HOUSEHOLD,1,Clerk#000000681,1993-08-13,5355.75,2968,4,1
F,1-URGENT,2,BUILDING,12,Clerk#000000674,1993-07-16,2768.53,10991,2,1
F,3-MEDIUM,4,MACHINERY,20,Clerk#000000616,1993-08-11,3056.12,13085,3,1
F,2-HIGH,0,FURNITURE,5,Clerk#000000962,1993-08-28,5930.41,14932,4,1
F,2-HIGH,3,FURNITURE,7,Clerk#000000040,1993-07-12,9756.84,11060,4,1
F,3-MEDIUM,1,AUTOMOBILE,1,Clerk#000000024,1993-09-11,6756.49,1927,3,1
F,5-LOW,2,AUTOMOBILE,21,Clerk#000000569,1993-07-20,5482.07,12487,1,1
F,3-MEDIUM,1,MACHINERY,1,Clerk#000000900,1993-07-15,7865.66,2008,3,1
F,5-LOW,2,MACHINERY,9,Clerk#000000627,1993-09-29,1104.05,13192,1,1
F,5-LOW,1,BUILDING,3,Clerk#000000929,1993-09-18,6320.62,13249,1,1
F,1-URGENT,4,HOUSEHOLD,13,Clerk#000000218,1993-08-13,5650.15,7045,2,1
F,5-LOW,0,MACHINERY,15,Clerk#000000832,1993-08-21,1113.97,11198,1,1
F,2-HIGH,0,AUTOMOBILE,5,Clerk#000000864,1993-09-26,1005.49,7957,4,1
F,3-MEDIUM,3,AUTOMOBILE,19,Clerk#000000154,1993-07-03,253.59,940,3,1
F,4-NOT SPECIFIED,3,HOUSEHOLD,22,Clerk#000000171,1993-09-01,5348.91,9616,0,1
F,3-MEDIUM,1,FURNITURE,1,Clerk#000000992,1993-07-16,2278.15,4390,3,1
F,1-URGENT,4,HOUSEHOLD,11,Clerk#000000404,1993-07-09,9086.88,10118,2,1
F,3-MEDIUM,0,BUILDING,16,Clerk#000000863,1993-07-22,-532.24,6826,3,1
F,2-HIGH,3,HOUSEHOLD,19,Clerk#000000711,1993-07-01,7010.19,7928,4,1
F,5-LOW,0,AUTOMOBILE,14,Clerk#000000652,1993-07-13,9465.26,14300,1,1
F,2-HIGH,0,HOUSEHOLD,16,Clerk#000000085,1993-08-15,8268.76,7829,4,1
F,5-LOW,4,AUTOMOBILE,13,Clerk#000000898,1993-08-09,9563.94,3836,1,1
F,2-HIGH,4,AUTOMOBILE,10,Clerk#000000447,1993-07-28,1356.03,12253,4,1
F,5-LOW,0,FURNITURE,14,Clerk#000000563,1993-07-27,1530.76,89,1,1
F,5-LOW,1,BUILDING,1,Clerk#000000145,1993-08-24,7739.31,14743,1,1
F,3-MEDIUM,0,AUTOMOBILE,5,Clerk#000000122,1993-08-06,8812.6,13735,3,1
F,5-LOW,3,MACHINERY,6,Clerk#000000501,1993-08-06,258.29,6424,1,1
F,3-MEDIUM,1,AUTOMOBILE,3,Clerk#000000487,1993-07-05,-152.79,12578,3,1
F,2-HIGH,3,HOUSEHOLD,7,Clerk#000000220,1993-09-25,8221.63,14575,4,1
F,5-LOW,2,AUTOMOBILE,8,Clerk#000000620,1993-07-19,2717.99,12790,1,1
F,1-URGENT,0,HOUSEHOLD,14,Clerk#000000528,1993-07-19,-300.99,10027,2,1
F,1-URGENT,2,BUILDING,18,Clerk#000000993,1993-08-07,3797.4,13156,2,1
F,2-HIGH,2,AUTOMOBILE,18,Clerk#000000296,1993-08-07,8593.93,4705,4,1
F,5-LOW,3,AUTOMOBILE,7,Clerk#000000103,1993-07-24,8848.62,8239,1,1
F,1-URGENT,4,BUILDING,13,Clerk#000000850,1993-07-18,1648.36,11875,2,1
F,1-URGENT,3,FURNITURE,19,Clerk#000000181,1993-07-30,2236.26,3394,2,1
F,3-MEDIUM,2,MACHINERY,18,Clerk#000000696,1993-09-05,746.51,11873,3,1
F,4-NOT SPECIFIED,2,BUILDING,18,Clerk#000000824,1993-09-13,5133.48,13810,0,1
F,2-HIGH,2,BUILDING,9,Clerk#000000062,1993-09-28,2939.1,9094,4,1
F,2-HIGH,0,FURNITURE,14,Clerk#000000110,1993-08-13,9325.44,14689,4,1
F,1-URGENT,3,AUTOMOBILE,6,Clerk#000000240,1993-09-20,6271.14,7954,2,1
F,1-URGENT,4,FURNITURE,4,Clerk#000000217,1993-09-08,7263.83,7222,2,1
F,2-HIGH,3,HOUSEHOLD,23,Clerk#000000328,1993-08-09,32.24,364,4,1
F,5-LOW,3,FURNITURE,23,Clerk#000000637,1993-07-26,2748.66,3167,1,1
F,1-URGENT,4,MACHINERY,11,Clerk#000000546,1993-09-09,5787.81,1753,2,1
F,4-NOT SPECIFIED,3,MACHINERY,7,Clerk#000000020,1993-07-23,8523.47,2519,0,1
F,4-NOT SPECIFIED,0,BUILDING,0,Clerk#000000582,1993-09-11,1782.74,4903,0,1
F,5-LOW,2,BUILDING,18,Clerk#000000184,1993-08-21,-959.54,5140,1,1
F,3-MEDIUM,3,MACHINERY,7,Clerk#000000279,1993-09-24,6059.87,6584,3,1
F,1-URGENT,2,AUTOMOBILE,21,Clerk#000000030,1993-09-05,2257.43,6644,2,1
F,2-HIGH,3,BUILDING,19,Clerk#000000691,1993-09-17,1318.74,7168,4,1
F,5-LOW,2,HOUSEHOLD,8,Clerk#000000356,1993-07-10,658.02,10496,1,1
F,3-MEDIUM,0,HOUSEHOLD,5,Clerk#000000639,1993-07-08,2753.54,10,3,1
F,3-MEDIUM,1,HOUSEHOLD,24,Clerk#000000250,1993-07-01,6690.76,8506,3,1
F,3-MEDIUM,2,BUILDING,18,Clerk#000000591,1993-07-12,525.96,10453,3,1
F,1-URGENT,3,FURNITURE,6,Clerk#000000163,1993-08-29,1775.86,11711,2,1
F,2-HIGH,4,HOUSEHOLD,11,Clerk#000000611,1993-07-07,2009.94,12133,4,1
F,1-URGENT,4,AUTOMOBILE,20,Clerk#000000157,1993-07-16,5634.93,5378,2,1
F,5-LOW,3,AUTOMOBILE,6,Clerk#000000624,1993-09-17,4190.9,8539,1,1
F,5-LOW,4,MACHINERY,4,Clerk#000000142,1993-09-11,288.59,14950,1,1
F,5-LOW,2,FURNITURE,8,Clerk#000000173,1993-09-19,9787.56,574,1,1
F,5-LOW,2,HOUSEHOLD,8,Clerk#000000478,1993-08-04,6887.68,4987,1,1
F,4-NOT SPECIFIED,0,BUILDING,14,Clerk#000000706,1993-08-06,-815.07,6025,0,1
F,5-LOW,2,MACHINERY,8,Clerk#000000764,1993-07-22,6449.93,6728,1,1
F,2-HIGH,0,MACHINERY,16,Clerk#000000555,1993-08-05,8206.05,12491,4,1
F,4-NOT SPECIFIED,0,AUTOMOBILE,14,Clerk#000000095,1993-09-10,7927.82,7979,0,1
F,5-LOW,4,BUILDING,20,Clerk#000000758,1993-07-04,1323.84,6829,1,1
F,3-MEDIUM,1,AUTOMOBILE,17,Clerk#000000982,1993-07-24,5267.76,2297,3,1
F,5-LOW,0,FURNITURE,14,Clerk#000000622,1993-08-15,9281.72,1177,1,1
F,3-MEDIUM,0,FURNITURE,16,Clerk#000000769,1993-07-02,3419.43,13069,3,1
F,5-LOW,1,MACHINERY,1,Clerk#000000351,1993-08-12,698.43,13366,1,1
F,1-URGENT,0,BUILDING,0,Clerk#000000754,1993-07-11,7109.05,6994,2,1
F,1-URGENT,2,FURNITURE,12,Clerk#000000891,1993-08-11,8460.3,7625,2,1
F,1-URGENT,4,HOUSEHOLD,10,Clerk#000000590,1993-07-20,6577.92,2770,2,1
F,4-NOT SPECIFIED,2,HOUSEHOLD,9,Clerk#000000953,1993-09-10,6487.41,8692,0,1
F,5-LOW,1,BUILDING,2,Clerk#000000229,1993-07-19,274.58,47,1,1
F,5-LOW,2,HOUSEHOLD,8,Clerk#000000818,1993-09-14,5784.42,8846,1,1
F,1-URGENT,4,FURNITURE,10,Clerk#000000899,1993-07-09,668.26,4372,2,1
F,2-HIGH,3,BUILDING,6,Clerk#000000175,1993-08-13,769.23,5264,4,1
F,1-URGENT,0,MACHINERY,5,Clerk#000000855,1993-07-05,2168.61,1472,2,1
F,2-HIGH,2,MACHINERY,12,Clerk#000000122,1993-08-03,-191.38,9955,4,1
F,1-URGENT,0,AUTOMOBILE,16,Clerk#000000200,1993-09-30,4503.76,2525,2,1
F,1-URGENT,0,FURNITURE,15,Clerk#000000966,1993-09-05,2871.16,3116,2,1
F,5-LOW,3,AUTOMOBILE,23,Clerk#000000738,1993-07-30,8888.34,3871,1,1
F,2-HIGH,3,HOUSEHOLD,7,Clerk#000000791,1993-07-14,1145.2,5570,4,1
F,4-NOT SPECIFIED,3,BUILDING,23,Clerk#000000291,1993-07-15,7993.12,6727,0,1
F,3-MEDIUM,4,BUILDING,20,Clerk#000000224,1993-07-19,8641.14,14485,3,1
F,1-URGENT,4,BUILDING,20,Clerk#000000480,1993-09-14,9856.44,12188,2,1
F,1-URGENT,1,BUILDING,3,Clerk#000000867,1993-09-13,6563.75,7360,2,1
F,5-LOW,0,AUTOMOBILE,16,Clerk#000000604,1993-07-03,7546.91,11966,1,1
F,4-NOT SPECIFIED,0,BUILDING,0,Clerk#000000239,1993-08-19,-451.02,7336,0,1
F,5-LOW,4,FURNITURE,10,Clerk#000000096,1993-09-09,2578.28,7558,1,1
F,2-HIGH,2,FURNITURE,8,Clerk#000000772,1993-09-05,1814.88,2063,4,1
F,3-MEDIUM,2,FURNITURE,21,Clerk#000000761,1993-09-26,810.63,11320,3,1
F,3-MEDIUM,1,HOUSEHOLD,17,Clerk#000000687,1993-09-30,4988.8,2411,3,1
F,2-HIGH,4,AUTOMOBILE,10,Clerk#000000611,1993-08-13,2531.81,4337,4,1
F,5-LOW,2,FURNITURE,21,Clerk#000000866,1993-09-27,2990.73,946,1,1
F,5-LOW,2,FURNITURE,12,Clerk#000000706,1993-08-11,7310.7,13907,1,1
F,5-LOW,3,HOUSEHOLD,19,Clerk#000000544,1993-07-21,3932.14,13555,1,1
F,3-MEDIUM,1,AUTOMOBILE,1,Clerk#000000908,1993-08-14,9860.22,197,3,1
F,4-NOT SPECIFIED,2,HOUSEHOLD,21,Clerk#000000396,1993-09-04,1290.33,13142,0,1
F,5-LOW,2,MACHINERY,8,Clerk#000000740,1993-07-03,6452.35,2992,1,1
F,2-HIGH,1,FURNITURE,2,Clerk#000000138,1993-08-05,640.74,7070,4,1
F,4-NOT SPECIFIED,1,FURNITURE,17,Clerk#000000731,1993-09-09,1614.2,4696,0,1
F,1-URGENT,0,BUILDING,5,Clerk#000000160,1993-08-24,8208.88,13981,2,1
F,1-URGENT,1,MACHINERY,17,Clerk#000000970,1993-08-31,7392.78,5143,2,1
F,5-LOW,4,FURNITURE,11,Clerk#000000363,1993-09-22,4357.9,5998,1,1
F,4-NOT SPECIFIED,4,HOUSEHOLD,11,Clerk#000000992,1993-08-09,6444.1,6157,0,1
F,1-URGENT,2,BUILDING,21,Clerk#000000786,1993-08-03,-670.97,3367,2,1
F,3-MEDIUM,1,HOUSEHOLD,1,Clerk#000000442,1993-08-04,1092.53,7801,3,1
F,1-URGENT,0,HOUSEHOLD,15,Clerk#000000302,1993-09-18,-662.31,8059,2,1
F,5-LOW,1,HOUSEHOLD,1,Clerk#000000462,1993-08-19,9225.72,11260,1,1
F,5-LOW,0,AUTOMOBILE,15,Clerk#000000916,1993-08-30,6027.72,8500,1,1
F,3-MEDIUM,1,BUILDING,17,Clerk#000000582,1993-07-08,5624.75,3200,3,1
F,1-URGENT,1,AUTOMOBILE,17,Clerk#000000825,1993-07-13,1031,8996,2,1
F,5-LOW,4,MACHINERY,10,Clerk#000000066,1993-08-04,7479.51,13447,1,1
F,4-NOT SPECIFIED,4,HOUSEHOLD,10,Clerk#000000629,1993-08-04,7163.49,2657,0,1
F,3-MEDIUM,0,FURNITURE,14,Clerk#000000404,1993-07-18,2373.63,5407,3,1
F,5-LOW,3,BUILDING,23,Clerk#000000940,1993-08-07,6062.57,14353,1,1
F,3-MEDIUM,0,MACHINERY,16,Clerk#000000716,1993-09-29,9555.16,14500,3,1
F,5-LOW,3,AUTOMOBILE,19,Clerk#000000938,1993-07-10,7993.02,13792,1,1
F,2-HIGH,0,HOUSEHOLD,16,Clerk#000000268,1993-07-23,3773.64,3235,4,1
F,2-HIGH,1,FURNITURE,3,Clerk#000000490,1993-08-25,5524.47,4207,4,1
F,1-URGENT,2,BUILDING,18,Clerk#000000698,1993-09-06,4662.53,14230,2,1
F,5-LOW,0,HOUSEHOLD,5,Clerk#000000432,1993-09-18,-17.06,7108,1,1
F,4-NOT SPECIFIED,2,MACHINERY,8,Clerk#000000495,1993-09-01,7208.7,14062,0,1
F,1-URGENT,1,AUTOMOBILE,24,Clerk#000000326,1993-07-26,308.38,4192,2,1
F,1-URGENT,0,MACHINERY,16,Clerk#000000716,1993-09-03,1240.94,12439,2,1
F,1-URGENT,1,BUILDING,24,Clerk#000000503,1993-08-16,404.61,4864,2,1
F,1-URGENT,0,BUILDING,16,Clerk#000000728,1993-08-22,-104.59,12499,2,1
F,5-LOW,0,AUTOMOBILE,16,Clerk#000000803,1993-09-13,7707.86,7609,1,1
F,1-URGENT,2,AUTOMOBILE,9,Clerk#000000166,1993-07-31,4091.91,13895,2,1
F,1-URGENT,3,FURNITURE,6,Clerk#000000731,1993-08-12,8993.48,11287,2,1
F,5-LOW,4,AUTOMOBILE,10,Clerk#000000141,1993-08-22,6376.97,11848,1,1
F,5-LOW,1,AUTOMOBILE,24,Clerk#000000011,1993-09-12,261,1675,1,1
F,3-MEDIUM,1,AUTOMOBILE,3,Clerk#000000542,1993-09-01,8342.1,2189,3,1
F,5-LOW,2,AUTOMOBILE,18,Clerk#000000655,1993-09-24,6435.85,1819,1,1
F,2-HIGH,2,MACHINERY,12,Clerk#000000940,1993-08-20,2747.22,1693,4,1
F,3-MEDIUM,2,BUILDING,8,Clerk#000000693,1993-09-14,922.72,2057,3,1
F,4-NOT SPECIFIED,0,BUILDING,0,Clerk#000000165,1993-09-12,9476.35,3169,0,1
F,1-URGENT,4,BUILDING,13,Clerk#000000465,1993-07-31,1576.95,4316,2,1
F,3-MEDIUM,0,HOUSEHOLD,0,Clerk#000000799,1993-08-26,6115.81,313,3,1
F,2-HIGH,1,MACHINERY,24,Clerk#000000482,1993-07-31,8823.47,12209,4,1
F,1-URGENT,4,HOUSEHOLD,13,Clerk#000000756,1993-07-08,8719.18,2012,2,1
F,1-URGENT,1,AUTOMOBILE,17,Clerk#000000223,1993-08-20,9207.51,2113,2,1
F,5-LOW,2,MACHINERY,12,Clerk#000000477,1993-08-20,9616.26,8932,1,1
F,3-MEDIUM,2,HOUSEHOLD,12,Clerk#000000214,1993-07-30,9787.74,5351,3,1
F,5-LOW,2,BUILDING,12,Clerk#000000445,1993-08-31,2389.03,14659,1,1
F,5-LOW,4,AUTOMOBILE,20,Clerk#000000767,1993-08-29,4882.5,11854,1,1
F,5-LOW,4,HOUSEHOLD,4,Clerk#000000829,1993-09-11,3061.67,14549,1,1
F,4-NOT SPECIFIED,4,MACHINERY,4,Clerk#000000415,1993-08-25,7453.98,13666,0,1
F,3-MEDIUM,3,HOUSEHOLD,22,Clerk#000000357,1993-07-09,8540.26,12229,3,1
F,4-NOT SPECIFIED,2,HOUSEHOLD,8,Clerk#000000660,1993-08-07,-595.84,6626,0,1
F,3-MEDIUM,0,BUILDING,16,Clerk#000000796,1993-09-01,1530.63,3733,3,1
F,4-NOT SPECIFIED,3,FURNITURE,19,Clerk#000000595,1993-07-30,8899.02,8132,0,1
F,3-MEDIUM,0,HOUSEHOLD,16,Clerk#000000152,1993-08-18,3273.08,14488,3,1
F,3-MEDIUM,3,MACHINERY,7,Clerk#000000469,1993-09-08,3693.36,7612,3,1
F,3-MEDIUM,3,BUILDING,23,Clerk#000000357,1993-08-03,5501.33,13394,3,1
F,5-LOW,1,AUTOMOBILE,24,Clerk#000000864,1993-08-01,-377.11,1057,1,1
F,3-MEDIUM,3,HOUSEHOLD,22,Clerk#000000679,1993-07-26,1496.65,11824,3,1
F,1-URGENT,1,HOUSEHOLD,17,Clerk#000000467,1993-08-14,2675.73,1378,2,1
F,5-LOW,4,BUILDING,10,Clerk#000000671,1993-09-24,-460.14,8429,1,1
F,1-URGENT,3,MACHINERY,19,Clerk#000000444,1993-07-12,7001.23,5743,2,1
F,4-NOT SPECIFIED,2,BUILDING,9,Clerk#000000669,1993-07-17,-844.95,11252,0,1
F,1-URGENT,0,HOUSEHOLD,16,Clerk#000000061,1993-09-17,5733.27,11663,2,1
F,1-URGENT,3,FURNITURE,23,Clerk#000000133,1993-08-02,2500.75,4037,2,1
F,3-MEDIUM,2,MACHINERY,18,Clerk#000000494,1993-08-17,-926.6,2588,3,1
F,4-NOT SPECIFIED,1,MACHINERY,2,Clerk#000000375,1993-09-24,-206.55,14732,0,1
F,5-LOW,2,AUTOMOBILE,9,Clerk#000000480,1993-07-27,3728.77,6473,1,1
F,4-NOT SPECIFIED,0,HOUSEHOLD,5,Clerk#000000201,1993-07-08,7125.35,5530,0,1
F,4-NOT SPECIFIED,4,BUILDING,20,Clerk#000000227,1993-07-27,399.6,13210,0,1
F,3-MEDIUM,4,FURNITURE,13,Clerk#000000735,1993-07-11,3129.76,13970,3,1
F,3-MEDIUM,4,AUTOMOBILE,20,Clerk#000000039,1993-07-26,3901.96,12334,3,1
F,3-MEDIUM,1,MACHINERY,2,Clerk#000000530,1993-07-27,3481.45,10913,3,1
F,1-URGENT,1,HOUSEHOLD,2,Clerk#000000251,1993-07-04,5742.19,9403,2,1
F,2-HIGH,1,BUILDING,1,Clerk#000000682,1993-07-28,4652.49,10603,4,1
F,2-HIGH,4,MACHINERY,4,Clerk#000000696,1993-09-04,5881.76,9511,4,1
F,1-URGENT,1,HOUSEHOLD,1,Clerk#000000837,1993-09-23,9645.33,5653,2,1
F,2-HIGH,4,BUILDING,11,Clerk#000000881,1993-08-14,5134.99,6295,4,1
F,4-NOT SPECIFIED,4,HOUSEHOLD,4,Clerk#000000343,1993-07-27,6902.62,2101,0,1
F,4-NOT SPECIFIED,1,BUILDING,3,Clerk#000000864,1993-09-03,-376.29,4825,0,1
F,5-LOW,3,MACHINERY,22,Clerk#000000092,1993-09-13,5773.79,5180,1,1
F,2-HIGH,3,AUTOMOBILE,7,Clerk#000000845,1993-08-25,5696.24,5771,4,1
F,3-MEDIUM,3,HOUSEHOLD,22,Clerk#000000627,1993-07-27,3554.16,5092,3,1
F,1-URGENT,1,HOUSEHOLD,17,Clerk#000000602,1993-09-28,422.38,11878,2,1
F,5-LOW,4,HOUSEHOLD,13,Clerk#000000618,1993-08-23,5877.17,13201,1,1
F,4-NOT SPECIFIED,1,MACHINERY,1,Clerk#000000651,1993-09-19,-800.69,8125,0,1
F,2-HIGH,3,BUILDING,6,Clerk#000000787,1993-09-17,8212.63,4093,4,1
F,5-LOW,4,HOUSEHOLD,11,Clerk#000000211,1993-08-25,4710.25,6980,1,1
F,5-LOW,1,AUTOMOBILE,17,Clerk#000000033,1993-07-02,9119.98,6139,1,1
F,1-URGENT,3,HOUSEHOLD,6,Clerk#000000668,1993-08-20,1073.58,13310,2,1
F,2-HIGH,3,BUILDING,7,Clerk#000000742,1993-07-10,2213.72,4343,4,1
F,3-MEDIUM,0,MACHINERY,0,Clerk#000000393,1993-08-14,3399.16,2500,3,1
F,3-MEDIUM,4,AUTOMOBILE,10,Clerk#000000153,1993-09-06,4596.91,9023,3,1
F,2-HIGH,4,FURNITURE,13,Clerk#000000718,1993-07-21,-363.49,12460,4,1
F,2-HIGH,2,HOUSEHOLD,21,Clerk#000000385,1993-07-25,6604.96,11458,4,1
F,3-MEDIUM,1,MACHINERY,24,Clerk#000000272,1993-07-12,9018.39,2983,3,1
F,1-URGENT,0,MACHINERY,0,Clerk#000000387,1993-07-20,7654.19,10069,2,1
F,2-HIGH,4,FURNITURE,4,Clerk#000000540,1993-09-20,2634.54,4567,4,1
F,4-NOT SPECIFIED,0,MACHINERY,5,Clerk#000000438,1993-07-26,1677.09,9439,0,1
F,4-NOT SPECIFIED,2,AUTOMOBILE,8,Clerk#000000900,1993-09-24,9439.21,11278,0,1
F,5-LOW,1,HOUSEHOLD,24,Clerk#000000915,1993-08-28,5240.86,9398,1,1
F,3-MEDIUM,4,BUILDING,13,Clerk#000000998,1993-08-01,1317.56,568,3,1
F,3-MEDIUM,4,BUILDING,13,Clerk#000000841,1993-07-17,-879.29,1726,3,1
F,4-NOT SPECIFIED,0,BUILDING,0,Clerk#000000002,1993-09-27,501.27,8353,0,1
F,3-MEDIUM,3,AUTOMOBILE,19,Clerk#000000830,1993-09-03,4689.06,8126,3,1
F,2-HIGH,0,AUTOMOBILE,5,Clerk#000000156,1993-07-22,5801.47,10978,4,1
F,1-URGENT,1,HOUSEHOLD,2,Clerk#000000694,1993-09-30,5583.93,4465,2,1
F,2-HIGH,3,BUILDING,7,Clerk#000000421,1993-07-18,1274.41,8719,4,1
F,1-URGENT,4,AUTOMOBILE,20,Clerk#000000134,1993-09-09,2835.35,9862,2,1
F,5-LOW,2,HOUSEHOLD,21,Clerk#000000503,1993-07-21,2146.31,4226,1,1
F,4-NOT SPECIFIED,3,FURNITURE,7,Clerk#000000162,1993-07-20,9446.07,3580,0,1
F,5-LOW,1,AUTOMOBILE,1,Clerk#000000095,1993-09-07,-249.01,9574,1,1
F,2-HIGH,1,HOUSEHOLD,3,Clerk#000000434,1993-08-03,2174.76,11150,4,1
F,4-NOT SPECIFIED,2,BUILDING,12,Clerk#000000129,1993-09-16,3102.77,2893,0,1
F,3-MEDIUM,4,HOUSEHOLD,11,Clerk#000000016,1993-08-02,4710.25,6980,3,1
F,2-HIGH,2,MACHINERY,21,Clerk#000000639,1993-08-24,6124.24,3449,4,1
F,2-HIGH,2,FURNITURE,9,Clerk#000000540,1993-07-11,8328.12,1229,4,1
F,4-NOT SPECIFIED,4,MACHINERY,4,Clerk#000000828,1993-09-03,-406.72,11137,0,1
F,2-HIGH,1,BUILDING,3,Clerk#000000989,1993-07-23,-646.64,64,4,1
F,4-NOT SPECIFIED,4,AUTOMOBILE,20,Clerk#000000211,1993-07-07,7733.01,4951,0,1
F,3-MEDIUM,1,MACHINERY,2,Clerk#000000989,1993-09-11,5975.12,8762,3,1
F,2-HIGH,1,MACHINERY,17,Clerk#000000280,1993-07-19,-762.44,9698,4,1
F,5-LOW,2,BUILDING,18,Clerk#000000339,1993-07-12,-867.94,709,1,1
F,1-URGENT,2,MACHINERY,9,Clerk#000000622,1993-09-08,-917.32,7831,2,1
F,3-MEDIUM,4,BUILDING,13,Clerk#000000876,1993-08-04,5691.92,2464,3,1
F,2-HIGH,3,AUTOMOBILE,6,Clerk#000000769,1993-09-26,1786.98,5471,4,1
F,4-NOT SPECIFIED,2,MACHINERY,8,Clerk#000000758,1993-08-31,3630.94,10009,0,1
F,5-LOW,1,BUILDING,3,Clerk#000000565,1993-09-16,9832.32,10088,1,1
F,1-URGENT,0,HOUSEHOLD,0,Clerk#000000682,1993-08-20,9000.02,10801,2,1
F,2-HIGH,1,FURNITURE,24,Clerk#000000970,1993-07-19,6697.5,2623,4,1
F,2-HIGH,1,BUILDING,2,Clerk#000000877,1993-08-17,5731.47,2659,4,1
F,4-NOT SPECIFIED,0,MACHINERY,0,Clerk#000000870,1993-09-30,1318.39,8065,0,1
F,2-HIGH,0,HOUSEHOLD,16,Clerk#000000327,1993-08-29,7328.97,9935,4,1
F,5-LOW,1,MACHINERY,3,Clerk#000000818,1993-09-09,2940.46,434,1,1
F,1-URGENT,1,BUILDING,24,Clerk#000000087,1993-08-23,1238.97,10754,2,1
F,5-LOW,4,HOUSEHOLD,4,Clerk#000000469,1993-09-24,671.98,11428,1,1
F,3-MEDIUM,3,FURNITURE,19,Clerk#000000351,1993-08-13,8838.12,14869,3,1
F,3-MEDIUM,2,AUTOMOBILE,12,Clerk#000000741,1993-07-08,1560.53,5593,3,1
F,5-LOW,1,BUILDING,1,Clerk#000000839,1993-08-28,5512.73,1124,1,1
F,2-HIGH,3,HOUSEHOLD,19,Clerk#000000360,1993-09-03,2526.82,12211,4,1
F,1-URGENT,2,HOUSEHOLD,9,Clerk#000000645,1993-08-10,6487.41,8692,2,1
F,5-LOW,1,MACHINERY,1,Clerk#000000100,1993-09-30,8483.43,3586,1,1
F,5-LOW,1,BUILDING,2,Clerk#000000234,1993-07-03,9408.45,4021,1,1
F,4-NOT SPECIFIED,0,HOUSEHOLD,5,Clerk#000000468,1993-07-26,1609.59,4216,0,1
F,1-URGENT,4,HOUSEHOLD,11,Clerk#000000022,1993-08-18,4832.49,12298,2,1
F,3-MEDIUM,2,BUILDING,12,Clerk#000000814,1993-07-07,1907.53,2437,3,1
F,5-LOW,0,MACHINERY,5,Clerk#000000588,1993-08-25,7427.66,10474,1,1
F,2-HIGH,1,BUILDING,2,Clerk#000000177,1993-09-27,8553,7951,4,1
F,5-LOW,2,MACHINERY,9,Clerk#000000355,1993-08-17,9774.97,919,1,1
F,1-URGENT,1,MACHINERY,3,Clerk#000000024,1993-08-17,2568,11038,2,1
F,2-HIGH,3,FURNITURE,23,Clerk#000000130,1993-09-14,9846.83,6256,4,1
F,4-NOT SPECIFIED,1,HOUSEHOLD,1,Clerk#000000486,1993-07-06,1821.61,1843,0,1
F,3-MEDIUM,3,FURNITURE,19,Clerk#000000208,1993-07-03,5997.88,14428,3,1
F,2-HIGH,4,AUTOMOBILE,4,Clerk#000000864,1993-09-14,9907.18,2506,4,1
F,2-HIGH,1,FURNITURE,17,Clerk#000000272,1993-07-27,4562.95,4822,4,1
F,2-HIGH,2,FURNITURE,18,Clerk#000000460,1993-08-08,4732.42,2149,4,1
F,3-MEDIUM,0,MACHINERY,16,Clerk#000000273,1993-08-10,3423.22,3400,3,1
F,2-HIGH,3,HOUSEHOLD,22,Clerk#000000648,1993-07-07,6642.03,7516,4,1
F,2-HIGH,1,BUILDING,17,Clerk#000000319,1993-07-30,3570.34,12539,4,1
F,5-LOW,0,FURNITURE,15,Clerk#000000157,1993-07-17,5597.22,2344,1,1
F,3-MEDIUM,1,AUTOMOBILE,2,Clerk#000000615,1993-08-11,5772.45,7681,3,1
F,5-LOW,2,FURNITURE,21,Clerk#000000994,1993-09-17,1987.6,7096,1,1
F,4-NOT SPECIFIED,0,BUILDING,16,Clerk#000000053,1993-09-04,7567.61,3578,0,1
F,1-URGENT,3,HOUSEHOLD,22,Clerk#000000455,1993-07-18,2062.48,9082,2,1
F,4-NOT SPECIFIED,4,BUILDING,10,Clerk#000000131,1993-09-25,9354.24,4816,0,1
F,5-LOW,4,HOUSEHOLD,20,Clerk#000000119,1993-07-25,7505.19,9562,1,1
F,1-URGENT,1,FURNITURE,17,Clerk#000000583,1993-08-23,3121.93,1874,2,1
F,4-NOT SPECIFIED,1,HOUSEHOLD,1,Clerk#000000079,1993-08-26,-977.78,14177,0,1
F,5-LOW,3,FURNITURE,7,Clerk#000000596,1993-07-08,2259.1,5623,1,1
F,5-LOW,1,HOUSEHOLD,17,Clerk#000000910,1993-08-26,4.86,12500,1,1
F,4-NOT SPECIFIED,3,HOUSEHOLD,22,Clerk#000000192,1993-09-03,7498.88,12659,0,1
F,2-HIGH,3,FURNITURE,19,Clerk#000000930,1993-09-30,1588.67,5005,4,1
F,2-HIGH,0,AUTOMOBILE,14,Clerk#000000295,1993-08-15,1438.76,9559,4,1
F,5-LOW,3,HOUSEHOLD,23,Clerk#000000838,1993-09-03,8667.37,7753,1,1
F,4-NOT SPECIFIED,2,FURNITURE,9,Clerk#000000078,1993-07-19,8997.22,9991,0,1
F,5-LOW,0,AUTOMOBILE,14,Clerk#000000680,1993-08-16,7717.57,1852,1,1
F,4-NOT SPECIFIED,4,BUILDING,4,Clerk#000000616,1993-09-04,5266.67,8131,0,1
F,5-LOW,0,FURNITURE,0,Clerk#000000911,1993-08-21,7628.89,6665,1,1
F,2-HIGH,2,MACHINERY,9,Clerk#000000199,1993-09-06,8701.02,6326,4,1
F,3-MEDIUM,0,HOUSEHOLD,0,Clerk#000000857,1993-09-27,-353.18,9863,3,1
F,4-NOT SPECIFIED,4,MACHINERY,10,Clerk#000000530,1993-09-06,1413.38,4996,0,1
F,4-NOT SPECIFIED,4,MACHINERY,11,Clerk#000000226,1993-09-21,1197.02,8752,0,1
F,4-NOT SPECIFIED,0,BUILDING,0,Clerk#000000183,1993-09-05,501.27,8353,0,1
F,4-NOT SPECIFIED,2,AUTOMOBILE,18,Clerk#000000743,1993-07-10,7507,13861,0,1
F,5-LOW,0,MACHINERY,16,Clerk#000000568,1993-07-05,5042.37,3839,1,1
F,1-URGENT,4,AUTOMOBILE,13,Clerk#000000604,1993-07-09,6867.15,11134,2,1
F,1-URGENT,4,AUTOMOBILE,13,Clerk#000000262,1993-09-18,6867.15,11134,2,1
F,2-HIGH,1,BUILDING,2,Clerk#000000648,1993-08-07,9129.05,5458,4,1
F,5-LOW,3,FURNITURE,19,Clerk#000000510,1993-09-24,4230.02,11452,1,1
F,5-LOW,3,FURNITURE,7,Clerk#000000844,1993-09-16,9650.34,5303,1,1
F,5-LOW,4,BUILDING,13,Clerk#000000782,1993-09-12,421.64,5740,1,1
F,3-MEDIUM,1,HOUSEHOLD,24,Clerk#000000116,1993-08-24,5292.84,12574,3,1
F,1-URGENT,0,BUILDING,16,Clerk#000000826,1993-07-20,2945.16,191,2,1
F,4-NOT SPECIFIED,3,AUTOMOBILE,6,Clerk#000000744,1993-08-10,5679.21,6830,0,1
F,2-HIGH,1,HOUSEHOLD,1,Clerk#000000073,1993-07-26,2779.68,14714,4,1
F,4-NOT SPECIFIED,1,HOUSEHOLD,3,Clerk#000000876,1993-09-07,1687.58,8972,0,1
F,1-URGENT,2,BUILDING,8,Clerk#000000934,1993-09-29,4723.26,12280,2,1
F,2-HIGH,3,HOUSEHOLD,22,Clerk#000000432,1993-09-17,7832.96,9871,4,1
F,3-MEDIUM,2,AUTOMOBILE,21,Clerk#000000395,1993-07-08,5482.07,12487,3,1
F,5-LOW,4,BUILDING,13,Clerk#000000447,1993-08-07,4804.11,9982,1,1
F,2-HIGH,3,FURNITURE,7,Clerk#000000555,1993-09-10,5365.85,14191,4,1
F,2-HIGH,1,MACHINERY,2,Clerk#000000182,1993-09-17,1476.72,5015,4,1
F,5-LOW,2,AUTOMOBILE,21,Clerk#000000186,1993-09-07,7912.04,2938,1,1
F,3-MEDIUM,0,HOUSEHOLD,15,Clerk#000000190,1993-07-05,4060.64,5134,3,1
F,2-HIGH,0,FURNITURE,0,Clerk#000000252,1993-07-16,4028.53,3763,4,1
F,4-NOT SPECIFIED,3,AUTOMOBILE,22,Clerk#000000876,1993-07-03,4468.38,10040,0,1
F,5-LOW,0,AUTOMOBILE,14,Clerk#000000996,1993-08-17,1674.39,13628,1,1
F,4-NOT SPECIFIED,1,FURNITURE,2,Clerk#000000686,1993-08-11,2232.33,2155,0,1
F,3-MEDIUM,4,FURNITURE,13,Clerk#000000253,1993-08-20,-150.63,4663,3,1
F,2-HIGH,2,BUILDING,18,Clerk#000000396,1993-08-18,1976.98,12688,4,1
F,1-URGENT,2,AUTOMOBILE,12,Clerk#000000493,1993-07-09,5974.45,4786,2,1
F,1-URGENT,4,AUTOMOBILE,10,Clerk#000000081,1993-07-27,6794.45,6556,2,1
F,1-URGENT,2,HOUSEHOLD,8,Clerk#000000313,1993-09-08,9347.67,8534,2,1
F,3-MEDIUM,3,HOUSEHOLD,6,Clerk#000000044,1993-07-22,7752.07,13072,3,1
F,3-MEDIUM,1,BUILDING,1,Clerk#000000336,1993-08-23,9005.18,11270,3,1
F,1-URGENT,1,BUILDING,1,Clerk#000000143,1993-07-14,7588.89,8372,2,1
F,2-HIGH,0,HOUSEHOLD,16,Clerk#000000877,1993-07-24,8511.87,10618,4,1
F,3-MEDIUM,4,HOUSEHOLD,11,Clerk#000000272,1993-08-26,1378.67,502,3,1
F,4-NOT SPECIFIED,1,BUILDING,17,Clerk#000000950,1993-09-29,868.69,13144,0,1
F,5-LOW,0,HOUSEHOLD,16,Clerk#000000368,1993-09-30,7774.43,8324,1,1
F,2-HIGH,1,HOUSEHOLD,1,Clerk#000000732,1993-07-19,9225.72,11260,4,1
F,3-MEDIUM,2,FURNITURE,18,Clerk#000000671,1993-09-16,8341.71,1018,3,1
F,1-URGENT,2,BUILDING,12,Clerk#000000487,1993-09-29,3826.52,1468,2,1
F,3-MEDIUM,0,MACHINERY,15,Clerk#000000812,1993-08-08,5012.07,1256,3,1
F,5-LOW,3,FURNITURE,22,Clerk#000000382,1993-08-13,8654.85,12532,1,1
F,3-MEDIUM,2,AUTOMOBILE,21,Clerk#000000617,1993-09-05,7912.04,2938,3,1
F,4-NOT SPECIFIED,0,HOUSEHOLD,16,Clerk#000000495,1993-08-23,-570.27,8683,0,1
F,4-NOT SPECIFIED,0,MACHINERY,15,Clerk#000000434,1993-09-12,9902.62,3550,0,1
F,1-URGENT,4,HOUSEHOLD,10,Clerk#000000339,1993-07-23,1109.8,5911,2,1
F,5-LOW,1,AUTOMOBILE,17,Clerk#000000744,1993-08-10,2164.48,97,1,1
F,5-LOW,2,MACHINERY,21,Clerk#000000236,1993-08-29,1175.13,2137,1,1
F,3-MEDIUM,1,BUILDING,1,Clerk#000000491,1993-08-10,115.76,4621,3,1
F,2-HIGH,2,MACHINERY,18,Clerk#000000936,1993-07-25,9737.02,8251,4,1
F,4-NOT SPECIFIED,1,HOUSEHOLD,24,Clerk#000001000,1993-09-06,82.07,7288,0,1
F,4-NOT SPECIFIED,3,HOUSEHOLD,6,Clerk#000000203,1993-07-01,7146.77,7667,0,1
F,5-LOW,2,HOUSEHOLD,9,Clerk#000000597,1993-08-20,9021.18,3070,1,1
F,4-NOT SPECIFIED,2,MACHINERY,8,Clerk#000000280,1993-08-01,-523.3,2242,0,1
F,3-MEDIUM,1,FURNITURE,3,Clerk#000000287,1993-08-01,3779.77,12937,3,1
F,4-NOT SPECIFIED,1,AUTOMOBILE,2,Clerk#000000049,1993-08-16,138.32,5275,0,1
F,1-URGENT,1,AUTOMOBILE,2,Clerk#000000610,1993-08-16,9573.9,11746,2,1
F,3-MEDIUM,1,AUTOMOBILE,17,Clerk#000000359,1993-08-29,4402.03,2102,3,1
F,3-MEDIUM,1,FURNITURE,17,Clerk#000000861,1993-07-20,2.09,14216,3,1
F,3-MEDIUM,2,AUTOMOBILE,18,Clerk#000000591,1993-09-26,6584.54,10093,3,1
F,4-NOT SPECIFIED,0,BUILDING,14,Clerk#000000037,1993-08-08,7431.57,10385,0,1
F,4-NOT SPECIFIED,2,AUTOMOBILE,8,Clerk#000000742,1993-07-22,3064.36,10510,0,1
F,4-NOT SPECIFIED,3,HOUSEHOLD,22,Clerk#000000522,1993-09-20,5600.56,9793,0,1
F,1-URGENT,1,FURNITURE,24,Clerk#000000298,1993-08-12,5343.79,10162,2,1
F,3-MEDIUM,3,BUILDING,22,Clerk#000000821,1993-09-23,413.59,10871,3,1
F,5-LOW,3,AUTOMOBILE,22,Clerk#000000347,1993-08-15,3142.46,12943,1,1
F,1-URGENT,2,BUILDING,21,Clerk#000000279,1993-07-07,2910.9,4753,2,1
F,5-LOW,2,FURNITURE,21,Clerk#000000078,1993-08-18,2114.53,1019,1,1
F,1-URGENT,1,BUILDING,3,Clerk#000000529,1993-08-04,6563.75,7360,2,1
F,3-MEDIUM,4,BUILDING,20,Clerk#000000279,1993-07-20,7476.2,223,3,1
F,4-NOT SPECIFIED,4,MACHINERY,4,Clerk#000000749,1993-09-26,2764.43,74,0,1
F,3-MEDIUM,0,BUILDING,16,Clerk#000000288,1993-07-12,7770.87,13336,3,1
F,4-NOT SPECIFIED,4,MACHINERY,13,Clerk#000000325,1993-09-26,4781.63,10342,0,1
F,4-NOT SPECIFIED,2,FURNITURE,9,Clerk#000000416,1993-08-25,6499.13,5395,0,1
F,4-NOT SPECIFIED,3,BUILDING,23,Clerk#000000160,1993-07-07,9876.05,10321,0,1
F,2-HIGH,0,FURNITURE,15,Clerk#000000709,1993-09-25,3282.63,9296,4,1
F,5-LOW,3,BUILDING,6,Clerk#000000487,1993-08-29,5372.74,8623,1,1
F,4-NOT SPECIFIED,2,AUTOMOBILE,21,Clerk#000000134,1993-08-24,6317.97,9910,0,1
F,2-HIGH,4,HOUSEHOLD,11,Clerk#000000005,1993-08-04,8181.16,12304,4,1
F,5-LOW,4,FURNITURE,11,Clerk#000000629,1993-09-24,3886.8,14192,1,1
F,4-NOT SPECIFIED,4,FURNITURE,13,Clerk#000000638,1993-09-17,2393.87,3490,0,1
F,5-LOW,3,AUTOMOBILE,23,Clerk#000000214,1993-08-20,5011.77,4067,1,1
F,2-HIGH,1,HOUSEHOLD,1,Clerk#000000198,1993-07-28,2911.8,10024,4,1
F,5-LOW,4,BUILDING,20,Clerk#000000441,1993-08-08,5282.26,14122,1,1
F,1-URGENT,3,HOUSEHOLD,22,Clerk#000000991,1993-09-27,6564.13,13360,2,1
F,5-LOW,2,HOUSEHOLD,8,Clerk#000000567,1993-08-19,6020.02,1129,1,1
F,4-NOT SPECIFIED,3,BUILDING,19,Clerk#000000601,1993-08-19,1525.96,761,0,1
F,3-MEDIUM,0,BUILDING,5,Clerk#000000214,1993-08-10,4278.47,9802,3,1
F,1-URGENT,1,MACHINERY,3,Clerk#000000494,1993-09-08,1016.83,3316,2,1
F,5-LOW,0,MACHINERY,16,Clerk#000000790,1993-08-12,7917.9,1442,1,1
F,3-MEDIUM,1,AUTOMOBILE,24,Clerk#000000718,1993-09-05,4344.29,3539,3,1
F,5-LOW,4,HOUSEHOLD,20,Clerk#000000168,1993-08-25,9852.92,8306,1,1
F,1-URGENT,3,MACHINERY,23,Clerk#000000473,1993-07-05,1093.9,5353,2,1
F,2-HIGH,3,BUILDING,7,Clerk#000000591,1993-08-20,1274.41,8719,4,1
F,5-LOW,3,MACHINERY,19,Clerk#000000053,1993-08-15,3956.86,3065,1,1
F,1-URGENT,4,MACHINERY,11,Clerk#000000549,1993-09-14,7052.38,11062,2,1
F,4-NOT SPECIFIED,4,HOUSEHOLD,13,Clerk#000000755,1993-08-10,3686.07,583,0,1
F,3-MEDIUM,4,AUTOMOBILE,11,Clerk#000000537,1993-09-05,9588.88,1709,3,1
F,3-MEDIUM,3,BUILDING,7,Clerk#000000499,1993-07-16,7532.58,5050,3,1
F,5-LOW,2,FURNITURE,8,Clerk#000000249,1993-09-19,1972.22,13207,1,1
F,2-HIGH,2,AUTOMOBILE,8,Clerk#000000048,1993-07-28,805.84,11776,4,1
F,2-HIGH,4,BUILDING,4,Clerk#000000925,1993-07-06,1057.16,13000,4,1
F,2-HIGH,1,BUILDING,1,Clerk#000000392,1993-09-20,7568.07,229,4,1
F,4-NOT SPECIFIED,4,HOUSEHOLD,4,Clerk#000000700,1993-08-29,7595.74,14183,0,1
F,3-MEDIUM,2,MACHINERY,12,Clerk#000000307,1993-09-26,5405.12,13184,3,1
F,1-URGENT,2,BUILDING,18,Clerk#000000025,1993-08-08,8368.64,7907,2,1
F,5-LOW,0,HOUSEHOLD,15,Clerk#000000770,1993-07-08,1052.6,6238,1,1
F,4-NOT SPECIFIED,3,HOUSEHOLD,7,Clerk#000000856,1993-09-23,591.04,6368,0,1
F,5-LOW,3,FURNITURE,23,Clerk#000000464,1993-09-05,-402.46,6017,1,1
F,3-MEDIUM,2,MACHINERY,8,Clerk#000000361,1993-07-14,3886.28,10073,3,1
F,2-HIGH,0,FURNITURE,14,Clerk#000000744,1993-07-15,6487.71,1255,4,1
F,4-NOT SPECIFIED,1,HOUSEHOLD,24,Clerk#000000258,1993-09-04,9407.1,10400,0,1
F,3-MEDIUM,4,BUILDING,11,Clerk#000000871,1993-09-16,2597.78,6884,3,1
F,3-MEDIUM,2,MACHINERY,18,Clerk#000000323,1993-08-09,-669.37,11653,3,1
F,2-HIGH,2,FURNITURE,9,Clerk#000000887,1993-08-24,9580.55,8044,4,1
F,5-LOW,4,MACHINERY,13,Clerk#000000512,1993-07-17,309.3,11216,1,1
F,5-LOW,2,HOUSEHOLD,8,Clerk#000000936,1993-07-24,1324.02,12208,1,1
F,3-MEDIUM,1,FURNITURE,2,Clerk#000000519,1993-08-23,8155.82,10819,3,1
F,3-MEDIUM,3,AUTOMOBILE,6,Clerk#000000397,1993-09-20,1463.98,6037,3,1
F,3-MEDIUM,3,MACHINERY,23,Clerk#000000982,1993-08-27,6724.59,2845,3,1
F,5-LOW,1,BUILDING,17,Clerk#000000623,1993-07-26,7091.75,11494,1,1
F,2-HIGH,3,AUTOMOBILE,6,Clerk#000000835,1993-07-20,2237.21,2275,4,1
F,1-URGENT,4,BUILDING,11,Clerk#000000009,1993-08-14,248.63,10051,2,1
F,3-MEDIUM,1,FURNITURE,17,Clerk#000000644,1993-09-25,-949.66,11500,3,1
F,5-LOW,4,BUILDING,10,Clerk#000000753,1993-09-27,7039.91,4751,1,1
F,3-MEDIUM,4,AUTOMOBILE,11,Clerk#000000802,1993-09-03,2758.85,7760,3,1
F,4-NOT SPECIFIED,4,BUILDING,20,Clerk#000000743,1993-09-07,6287.92,9670,0,1
F,5-LOW,2,MACHINERY,21,Clerk#000000153,1993-08-06,3686.65,5665,1,1
F,4-NOT SPECIFIED,2,BUILDING,12,Clerk#000000753,1993-09-10,7436.64,10195,0,1
F,5-LOW,4,FURNITURE,4,Clerk#000000184,1993-09-27,9621.49,1195,1,1
F,5-LOW,4,MACHINERY,20,Clerk#000000727,1993-09-12,3546.09,6898,1,1
F,1-URGENT,1,FURNITURE,24,Clerk#000000807,1993-07-12,-553.58,3700,2,1
F,2-HIGH,3,FURNITURE,6,Clerk#000000082,1993-09-22,7334.28,5479,4,1
F,3-MEDIUM,2,MACHINERY,18,Clerk#000000374,1993-08-30,7339.87,3224,3,1
F,2-HIGH,1,MACHINERY,24,Clerk#000000221,1993-09-12,7022.49,12164,4,1
F,3-MEDIUM,3,FURNITURE,22,Clerk#000000661,1993-09-10,7726.88,13322,3,1
F,4-NOT SPECIFIED,1,AUTOMOBILE,17,Clerk#000000666,1993-09-06,9186.42,7213,0,1
F,1-URGENT,4,BUILDING,10,Clerk#000000150,1993-09-11,1298.11,10520,2,1
F,4-NOT SPECIFIED,1,MACHINERY,24,Clerk#000000463,1993-08-24,4220.36,13768,0,1
F,5-LOW,1,HOUSEHOLD,24,Clerk#000000345,1993-07-22,8678.58,1520,1,1
F,5-LOW,0,HOUSEHOLD,5,Clerk#000000885,1993-07-23,5406.05,3359,1,1
F,1-URGENT,4,BUILDING,11,Clerk#000000144,1993-08-25,7192.09,5704,2,1
F,2-HIGH,3,BUILDING,19,Clerk#000000934,1993-09-08,4148.61,3172,4,1
F,1-URGENT,4,BUILDING,20,Clerk#000000652,1993-08-05,8156.62,1237,2,1
F,4-NOT SPECIFIED,3,MACHINERY,22,Clerk#000000982,1993-07-06,4849.97,13954,0,1
F,5-LOW,0,FURNITURE,15,Clerk#000000062,1993-08-24,331.35,13262,1,1
F,2-HIGH,0,MACHINERY,16,Clerk#000000014,1993-08-25,5641.24,7621,4,1
F,4-NOT SPECIFIED,0,MACHINERY,16,Clerk#000000119,1993-08-23,99.28,7501,0,1
F,5-LOW,4,MACHINERY,11,Clerk#000000121,1993-09-16,9398.51,467,1,1
F,4-NOT SPECIFIED,0,BUILDING,15,Clerk#000000756,1993-09-28,5571.58,7910,0,1
F,5-LOW,3,AUTOMOBILE,6,Clerk#000000852,1993-07-05,5744.59,46,1,1
F,1-URGENT,0,AUTOMOBILE,15,Clerk#000000994,1993-08-08,9528.08,1871,2,1
F,4-NOT SPECIFIED,1,AUTOMOBILE,3,Clerk#000000910,1993-07-11,5684.09,11273,0,1
F,1-URGENT,2,AUTOMOBILE,9,Clerk#000000157,1993-07-28,740.46,13657,2,1
F,2-HIGH,2,BUILDING,8,Clerk#000000153,1993-08-12,3094.89,12481,4,1
F,4-NOT SPECIFIED,1,AUTOMOBILE,1,Clerk#000000098,1993-09-17,2838.03,5981,0,1
F,3-MEDIUM,3,FURNITURE,22,Clerk#000000099,1993-09-18,8227.15,5110,3,1
F,1-URGENT,1,BUILDING,17,Clerk#000000397,1993-08-31,2203.31,9169,2,1
F,4-NOT SPECIFIED,0,MACHINERY,0,Clerk#000000480,1993-08-26,2610.74,12959,0,1
F,1-URGENT,0,AUTOMOBILE,5,Clerk#000000085,1993-09-14,-612.06,9490,2,1
F,4-NOT SPECIFIED,1,BUILDING,17,Clerk#000000721,1993-07-15,4078.24,5080,0,1
F,5-LOW,2,FURNITURE,18,Clerk#000000374,1993-07-25,4247.96,8881,1,1
F,3-MEDIUM,1,BUILDING,1,Clerk#000000247,1993-08-05,1599.09,14827,3,1
F,1-URGENT,0,BUILDING,0,Clerk#000000176,1993-08-09,7155.23,13964,2,1
F,2-HIGH,0,FURNITURE,5,Clerk#000000810,1993-07-10,7543.31,13541,4,1
F,1-URGENT,0,BUILDING,14,Clerk#000000468,1993-07-26,9244.92,14027,2,1
F,5-LOW,1,AUTOMOBILE,17,Clerk#000000014,1993-09-28,1487.49,6752,1,1
F,3-MEDIUM,4,MACHINERY,13,Clerk#000000579,1993-08-11,646.44,7439,3,1
F,5-LOW,3,FURNITURE,19,Clerk#000000850,1993-08-03,3835.44,14653,1,1
F,5-LOW,3,HOUSEHOLD,22,Clerk#000000521,1993-09-21,7111.32,13706,1,1
F,3-MEDIUM,0,MACHINERY,16,Clerk#000000324,1993-07-19,9089.32,14126,3,1
F,1-URGENT,2,BUILDING,9,Clerk#000000768,1993-08-31,2655.55,11912,2,1
F,5-LOW,0,AUTOMOBILE,0,Clerk#000000081,1993-09-26,-259.43,4042,1,1
F,1-URGENT,4,BUILDING,20,Clerk#000000837,1993-07-08,6219.49,7765,2,1
F,2-HIGH,2,AUTOMOBILE,12,Clerk#000000373,1993-09-22,3444.48,4360,4,1
F,1-URGENT,1,AUTOMOBILE,2,Clerk#000000350,1993-07-20,6448.53,14599,2,1
F,5-LOW,1,FURNITURE,2,Clerk#000000066,1993-09-12,996.49,8609,1,1
F,3-MEDIUM,3,BUILDING,23,Clerk#000000840,1993-09-05,-726.27,4177,3,1
F,1-URGENT,4,FURNITURE,10,Clerk#000000137,1993-07-05,5425.93,7768,2,1
F,3-MEDIUM,0,BUILDING,14,Clerk#000000477,1993-09-27,1304.1,14297,3,1
F,1-URGENT,2,HOUSEHOLD,18,Clerk#000000639,1993-08-07,5997.74,2989,2,1
F,4-NOT SPECIFIED,2,AUTOMOBILE,18,Clerk#000000697,1993-08-07,4523.28,11686,0,1
F,3-MEDIUM,2,MACHINERY,12,Clerk#000000877,1993-09-11,4088.47,10894,3,1
F,5-LOW,1,AUTOMOBILE,1,Clerk#000000426,1993-07-28,4855.9,12379,1,1
F,5-LOW,2,MACHINERY,12,Clerk#000000678,1993-09-15,-730.48,2719,1,1
F,1-URGENT,4,BUILDING,20,Clerk#000000423,1993-07-19,533.86,11821,2,1
F,4-NOT SPECIFIED,1,FURNITURE,2,Clerk#000000707,1993-09-02,6017.64,4036,0,1
F,2-HIGH,1,MACHINERY,1,Clerk#000000288,1993-09-03,1592.13,11296,4,1
F,3-MEDIUM,0,AUTOMOBILE,15,Clerk#000000464,1993-09-26,6792,1541,3,1
F,2-HIGH,2,BUILDING,21,Clerk#000000703,1993-08-11,678.22,11471,4,1
F,4-NOT SPECIFIED,4,BUILDING,20,Clerk#000000151,1993-08-05,361.67,6895,0,1
F,3-MEDIUM,4,BUILDING,11,Clerk#000000140,1993-07-17,1592.17,9079,3,1
F,3-MEDIUM,3,FURNITURE,19,Clerk#000000951,1993-07-27,7200.15,5831,3,1
F,3-MEDIUM,2,HOUSEHOLD,12,Clerk#000000563,1993-08-16,6987.2,9676,3,1
F,3-MEDIUM,2,AUTOMOBILE,18,Clerk#000000157,1993-08-14,6820.7,9644,3,1
F,1-URGENT,4,MACHINERY,20,Clerk#000000544,1993-09-10,6807.86,14770,2,1
F,4-NOT SPECIFIED,3,HOUSEHOLD,22,Clerk#000000286,1993-08-05,5420.32,1367,0,1
F,2-HIGH,2,HOUSEHOLD,21,Clerk#000000951,1993-08-27,3175.47,8074,4,1
F,3-MEDIUM,2,BUILDING,21,Clerk#000000666,1993-09-25,-220.23,12776,3,1
F,5-LOW,3,HOUSEHOLD,23,Clerk#000000167,1993-07-27,2022.48,5986,1,1
F,3-MEDIUM,3,BUILDING,22,Clerk#000000562,1993-07-30,7941.73,7018,3,1
F,1-URGENT,0,FURNITURE,14,Clerk#000000923,1993-07-04,9504.28,13412,2,1
F,3-MEDIUM,4,AUTOMOBILE,10,Clerk#000000648,1993-08-15,4781.47,7144,3,1
F,2-HIGH,2,BUILDING,18,Clerk#000000398,1993-07-05,4054.12,6776,4,1
F,1-URGENT,4,FURNITURE,13,Clerk#000000376,1993-09-26,7448.78,1831,2,1
F,5-LOW,2,FURNITURE,18,Clerk#000000770,1993-08-20,873.47,2282,1,1
F,3-MEDIUM,1,HOUSEHOLD,24,Clerk#000000956,1993-07-04,9208.09,13466,3,1
F,1-URGENT,3,AUTOMOBILE,19,Clerk#000000789,1993-07-22,2062.45,5459,2,1
F,5-LOW,0,AUTOMOBILE,5,Clerk#000000168,1993-07-16,6960.86,7118,1,1
F,3-MEDIUM,0,AUTOMOBILE,15,Clerk#000000040,1993-07-30,762.12,4829,3,1
F,1-URGENT,0,HOUSEHOLD,16,Clerk#000000734,1993-08-13,3261.23,3860,2,1
F,5-LOW,4,HOUSEHOLD,10,Clerk#000000368,1993-09-19,3396.66,6415,1,1
F,4-NOT SPECIFIED,4,MACHINERY,11,Clerk#000000909,1993-09-07,6066.94,6551,0,1
F,5-LOW,1,HOUSEHOLD,1,Clerk#000000333,1993-08-18,5376.69,14758,1,1
F,2-HIGH,0,MACHINERY,16,Clerk#000000123,1993-08-18,64.99,14887,4,1
F,5-LOW,2,AUTOMOBILE,18,Clerk#000000571,1993-09-24,4604.61,7006,1,1
F,2-HIGH,2,AUTOMOBILE,9,Clerk#000000304,1993-07-01,1829.37,8047,4,1
F,4-NOT SPECIFIED,4,MACHINERY,10,Clerk#000000434,1993-08-26,8927.69,6653,0,1
F,5-LOW,2,FURNITURE,8,Clerk#000000858,1993-09-18,1436.69,11341,1,1
F,5-LOW,0,HOUSEHOLD,16,Clerk#000000370,1993-08-20,3261.23,3860,1,1
F,1-URGENT,0,MACHINERY,0,Clerk#000000936,1993-09-21,816.07,12571,2,1
F,4-NOT SPECIFIED,2,MACHINERY,8,Clerk#000001000,1993-08-17,4347.11,10354,0,1
F,5-LOW,0,BUILDING,0,Clerk#000000948,1993-08-27,2292.84,5810,1,1
F,3-MEDIUM,1,FURNITURE,2,Clerk#000000020,1993-07-26,238.14,346,3,1
F,5-LOW,3,MACHINERY,6,Clerk#000000407,1993-07-17,1490.35,271,1,1
F,2-HIGH,4,FURNITURE,4,Clerk#000000315,1993-08-05,1020.65,12562,4,1
F,2-HIGH,3,MACHINERY,19,Clerk#000000488,1993-07-31,937.87,2431,4,1
F,5-LOW,2,HOUSEHOLD,18,Clerk#000000789,1993-07-21,7779.3,8794,1,1
F,5-LOW,1,HOUSEHOLD,3,Clerk#000000567,1993-09-16,5521.36,343,1,1
F,4-NOT SPECIFIED,2,AUTOMOBILE,21,Clerk#000000520,1993-07-28,-313.87,8416,0,1
F,2-HIGH,0,FURNITURE,14,Clerk#000000157,1993-09-16,2767.45,6571,4,1
F,3-MEDIUM,3,FURNITURE,7,Clerk#000000022,1993-08-28,7014.6,14399,3,1
F,3-MEDIUM,2,MACHINERY,9,Clerk#000000158,1993-08-17,2491.38,14185,3,1
F,1-URGENT,1,BUILDING,2,Clerk#000000264,1993-09-14,-152.32,8191,2,1
F,1-URGENT,1,MACHINERY,3,Clerk#000000329,1993-09-18,6049.06,12667,2,1
F,1-URGENT,2,HOUSEHOLD,18,Clerk#000000332,1993-08-13,516.68,14440,2,1
F,1-URGENT,4,MACHINERY,13,Clerk#000000245,1993-08-04,646.44,7439,2,1
F,4-NOT SPECIFIED,3,AUTOMOBILE,22,Clerk#000000426,1993-09-07,1007.44,6239,0,1
F,3-MEDIUM,2,AUTOMOBILE,9,Clerk#000000197,1993-08-19,648.2,9535,3,1
F,1-URGENT,0,FURNITURE,5,Clerk#000000841,1993-07-24,5854.86,10940,2,1
F,1-URGENT,3,MACHINERY,22,Clerk#000000082,1993-07-09,910.64,3478,2,1
F,2-HIGH,3,HOUSEHOLD,22,Clerk#000000283,1993-09-05,5275.6,13012,4,1
F,3-MEDIUM,1,AUTOMOBILE,3,Clerk#000000984,1993-07-16,6623.16,12614,3,1
F,1-URGENT,2,BUILDING,21,Clerk#000000504,1993-07-02,9456.01,14014,2,1
F,5-LOW,0,HOUSEHOLD,5,Clerk#000000362,1993-08-27,9106.28,8924,1,1
F,2-HIGH,3,AUTOMOBILE,23,Clerk#000000675,1993-07-01,6635.48,7864,4,1
F,5-LOW,1,AUTOMOBILE,3,Clerk#000000348,1993-08-29,2457.09,385,1,1
F,4-NOT SPECIFIED,2,BUILDING,21,Clerk#000000786,1993-09-24,5465.29,1069,0,1
F,2-HIGH,3,AUTOMOBILE,22,Clerk#000000887,1993-07-22,8323.45,12470,4,1
F,5-LOW,4,FURNITURE,13,Clerk#000000069,1993-09-08,7448.78,1831,1,1
F,1-URGENT,4,AUTOMOBILE,11,Clerk#000000177,1993-08-04,1845.68,6083,2,1
F,2-HIGH,2,HOUSEHOLD,8,Clerk#000000020,1993-09-20,8942.6,2816,4,1
F,3-MEDIUM,3,MACHINERY,22,Clerk#000000488,1993-09-25,3284.57,8930,3,1
F,5-LOW,0,MACHINERY,0,Clerk#000000638,1993-08-17,7823.99,12769,1,1
F,5-LOW,0,FURNITURE,15,Clerk#000000176,1993-08-05,8738.84,12059,1,1
F,3-MEDIUM,1,MACHINERY,24,Clerk#000000844,1993-08-22,-990.78,10964,3,1
F,5-LOW,4,AUTOMOBILE,4,Clerk#000000481,1993-09-27,-503.29,7267,1,1
F,5-LOW,0,HOUSEHOLD,5,Clerk#000000254,1993-07-15,5423.62,14650,1,1
F,3-MEDIUM,4,HOUSEHOLD,20,Clerk#000000046,1993-07-26,3395.44,2348,3,1
F,5-LOW,4,HOUSEHOLD,20,Clerk#000000347,1993-08-29,2771.9,7346,1,1
F,1-URGENT,3,HOUSEHOLD,7,Clerk#000000477,1993-08-29,9379.02,9859,2,1
F,4-NOT SPECIFIED,1,HOUSEHOLD,17,Clerk#000000684,1993-09-01,5163.22,1879,0,1
F,1-URGENT,0,FURNITURE,5,Clerk#000000745,1993-08-25,9054.76,4906,2,1
F,2-HIGH,4,FURNITURE,10,Clerk#000000930,1993-07-24,8239.61,14165,4,1
F,2-HIGH,1,FURNITURE,2,Clerk#000000583,1993-09-24,5044.61,3407,4,1
F,4-NOT SPECIFIED,1,FURNITURE,3,Clerk#000000783,1993-08-12,6487.43,12451,0,1
F,2-HIGH,2,MACHINERY,18,Clerk#000000523,1993-07-29,1435.64,8540,4,1
F,1-URGENT,0,AUTOMOBILE,0,Clerk#000000387,1993-08-28,2351.69,5581,2,1
F,5-LOW,0,BUILDING,15,Clerk#000000048,1993-09-07,7430.74,4879,1,1
F,4-NOT SPECIFIED,2,MACHINERY,12,Clerk#000000680,1993-09-30,-751.44,11308,0,1
F,5-LOW,2,FURNITURE,12,Clerk#000000023,1993-08-01,3755.77,8681,1,1
F,4-NOT SPECIFIED,0,AUTOMOBILE,14,Clerk#000000511,1993-09-24,1917.06,1892,0,1
F,5-LOW,0,FURNITURE,15,Clerk#000000464,1993-07-23,6470.05,11375,1,1
F,5-LOW,3,FURNITURE,19,Clerk#000000468,1993-09-26,2412.87,6433,1,1
F,3-MEDIUM,2,HOUSEHOLD,18,Clerk#000000375,1993-08-14,7517.13,11561,3,1
F,1-URGENT,3,AUTOMOBILE,22,Clerk#000000172,1993-08-20,2106.89,12458,2,1
F,5-LOW,1,FURNITURE,3,Clerk#000000285,1993-08-14,6487.43,12451,1,1
F,2-HIGH,0,BUILDING,0,Clerk#000000195,1993-07-27,4903.05,3331,4,1
F,2-HIGH,2,HOUSEHOLD,9,Clerk#000000960,1993-08-10,4551.25,2533,4,1
F,1-URGENT,0,FURNITURE,5,Clerk#000000349,1993-09-29,1330.8,11909,2,1
F,4-NOT SPECIFIED,0,HOUSEHOLD,14,Clerk#000000912,1993-08-03,8465.69,10150,0,1
F,2-HIGH,4,AUTOMOBILE,20,Clerk#000000514,1993-08-15,7610.84,8291,4,1
F,3-MEDIUM,2,AUTOMOBILE,9,Clerk#000000641,1993-09-12,4152.09,9994,3,1
F,4-NOT SPECIFIED,3,HOUSEHOLD,19,Clerk#000000414,1993-07-28,308.62,10594,0,1
F,2-HIGH,1,FURNITURE,3,Clerk#000000613,1993-09-27,9745.69,12787,4,1
F,1-URGENT,3,AUTOMOBILE,23,Clerk#000000948,1993-09-09,6635.48,7864,2,1
F,5-LOW,1,MACHINERY,17,Clerk#000000263,1993-07-13,641.55,5852,1,1
F,5-LOW,0,HOUSEHOLD,15,Clerk#000000383,1993-09-18,236.71,6362,1,1
F,3-MEDIUM,0,AUTOMOBILE,16,Clerk#000000083,1993-09-05,2613.29,1612,3,1
F,4-NOT SPECIFIED,2,BUILDING,8,Clerk#000000379,1993-09-06,5151.28,11770,0,1
F,5-LOW,0,AUTOMOBILE,0,Clerk#000000173,1993-09-18,8448.17,10399,1,1
F,5-LOW,0,HOUSEHOLD,14,Clerk#000000205,1993-09-14,5326.48,12260,1,1
F,3-MEDIUM,3,AUTOMOBILE,22,Clerk#000000201,1993-08-23,-572.5,11623,3,1
F,4-NOT SPECIFIED,1,BUILDING,3,Clerk#000000097,1993-09-24,7613.63,11531,0,1
F,4-NOT SPECIFIED,0,BUILDING,0,Clerk#000000423,1993-09-20,2471.68,8096,0,1
F,4-NOT SPECIFIED,2,BUILDING,12,Clerk#000000776,1993-09-30,7436.64,10195,0,1
F,3-MEDIUM,3,BUILDING,19,Clerk#000000415,1993-07-26,2268.54,14423,3,1
F,5-LOW,2,HOUSEHOLD,21,Clerk#000000909,1993-09-22,9048.6,14582,1,1
F,3-MEDIUM,2,BUILDING,8,Clerk#000000431,1993-07-16,6671.41,3310,3,1
F,3-MEDIUM,1,FURNITURE,24,Clerk#000000104,1993-09-27,1928.1,566,3,1
F,1-URGENT,4,FURNITURE,4,Clerk#000000993,1993-07-19,2435.56,13939,2,1
F,4-NOT SPECIFIED,0,FURNITURE,5,Clerk#000000040,1993-07-19,1288.49,2855,0,1
F,5-LOW,0,FURNITURE,14,Clerk#000000132,1993-09-11,2676.08,8123,1,1
F,3-MEDIUM,0,BUILDING,15,Clerk#000000035,1993-07-15,7033.83,13061,3,1
F,1-URGENT,1,AUTOMOBILE,24,Clerk#000000824,1993-08-30,4270.57,11819,2,1
F,1-URGENT,1,MACHINERY,3,Clerk#000000450,1993-09-27,-577.57,11342,2,1
F,1-URGENT,2,FURNITURE,8,Clerk#000000941,1993-07-18,8137.68,7550,2,1
F,4-NOT SPECIFIED,3,BUILDING,7,Clerk#000000727,1993-07-26,-35.25,12920,0,1
F,3-MEDIUM,2,HOUSEHOLD,8,Clerk#000000265,1993-09-18,2008.42,7429,3,1
F,1-URGENT,3,FURNITURE,22,Clerk#000000971,1993-09-08,7616.48,868,2,1
F,1-URGENT,1,BUILDING,17,Clerk#000000685,1993-07-22,3599.59,10438,2,1
F,4-NOT SPECIFIED,3,BUILDING,22,Clerk#000000902,1993-07-05,8183.22,10562,0,1
F,2-HIGH,0,AUTOMOBILE,0,Clerk#000000139,1993-08-04,5391.74,874,4,1
F,5-LOW,3,HOUSEHOLD,22,Clerk#000000153,1993-07-03,5976.59,14614,1,1
F,5-LOW,0,AUTOMOBILE,14,Clerk#000000433,1993-08-30,-767.22,4379,1,1
F,2-HIGH,4,MACHINERY,4,Clerk#000000829,1993-07-26,7501.7,14059,4,1
F,4-NOT SPECIFIED,1,HOUSEHOLD,3,Clerk#000000786,1993-07-27,8763.89,8179,0,1
F,4-NOT SPECIFIED,1,MACHINERY,2,Clerk#000000156,1993-08-22,1749.88,7994,0,1
F,3-MEDIUM,4,FURNITURE,11,Clerk#000000996,1993-07-19,-35.67,11932,3,1
F,2-HIGH,4,FURNITURE,13,Clerk#000000195,1993-07-23,9105.34,13027,4,1
F,5-LOW,4,AUTOMOBILE,13,Clerk#000000993,1993-09-23,5101.33,4808,1,1
F,5-LOW,2,MACHINERY,18,Clerk#000000206,1993-09-29,3763.78,6230,1,1
F,1-URGENT,1,AUTOMOBILE,1,Clerk#000000989,1993-08-25,572.04,10036,2,1
F,5-LOW,2,BUILDING,12,Clerk#000000430,1993-08-26,8748.52,12734,1,1
F,4-NOT SPECIFIED,0,HOUSEHOLD,15,Clerk#000000920,1993-08-01,5666.11,5624,0,1
F,4-NOT SPECIFIED,3,FURNITURE,23,Clerk#000000114,1993-08-01,2348.94,14105,0,1
F,4-NOT SPECIFIED,2,HOUSEHOLD,18,Clerk#000000788,1993-08-22,9117.32,6541,0,1
F,2-HIGH,1,BUILDING,3,Clerk#000000292,1993-07-31,5747.61,7931,4,1
F,5-LOW,0,HOUSEHOLD,15,Clerk#000000051,1993-07-04,3069.33,14857,1,1
F,2-HIGH,3,FURNITURE,6,Clerk#000000048,1993-08-10,9867.36,5356,4,1
F,2-HIGH,2,MACHINERY,18,Clerk#000000141,1993-07-04,2057.47,5467,4,1
F,1-URGENT,4,BUILDING,11,Clerk#000000251,1993-08-28,5319.38,9589,2,1
F,2-HIGH,2,BUILDING,9,Clerk#000000146,1993-07-27,7887.6,623,4,1
F,5-LOW,4,AUTOMOBILE,10,Clerk#000000824,1993-07-22,3606.61,8893,1,1
F,3-MEDIUM,2,BUILDING,12,Clerk#000000707,1993-09-30,6836.89,860,3,1
F,1-URGENT,0,AUTOMOBILE,15,Clerk#000000638,1993-07-30,-870.34,6998,2,1
F,3-MEDIUM,0,MACHINERY,14,Clerk#000000269,1993-09-04,4149.18,4048,3,1
F,5-LOW,0,AUTOMOBILE,15,Clerk#000000085,1993-08-22,529.6,3889,1,1
F,1-URGENT,4,BUILDING,10,Clerk#000000421,1993-08-10,6320.04,2485,2,1
F,1-URGENT,0,BUILDING,16,Clerk#000000772,1993-09-22,9131.64,220,2,1
F,4-NOT SPECIFIED,3,FURNITURE,6,Clerk#000000324,1993-08-18,3977.38,6707,0,1
F,1-URGENT,4,AUTOMOBILE,13,Clerk#000000271,1993-08-03,-651.11,6436,2,1
F,4-NOT SPECIFIED,4,BUILDING,10,Clerk#000000682,1993-08-03,3656.25,4237,0,1
F,2-HIGH,3,BUILDING,6,Clerk#000000774,1993-07-22,-486.32,10243,4,1
F,2-HIGH,4,MACHINERY,10,Clerk#000000354,1993-07-08,7244.43,7001,4,1
F,5-LOW,4,HOUSEHOLD,4,Clerk#000000197,1993-07-01,5687.42,9889,1,1
F,1-URGENT,3,MACHINERY,23,Clerk#000000173,1993-08-15,1551.9,12935,2,1
F,4-NOT SPECIFIED,2,FURNITURE,21,Clerk#000000880,1993-07-30,3414.72,2608,0,1
F,1-URGENT,4,AUTOMOBILE,11,Clerk#000000925,1993-07-28,2973.46,12904,2,1
F,5-LOW,1,HOUSEHOLD,1,Clerk#000000481,1993-07-14,9622.87,10145,1,1
F,5-LOW,1,FURNITURE,24,Clerk#000000441,1993-09-14,5517.6,10177,1,1
F,2-HIGH,4,AUTOMOBILE,20,Clerk#000000138,1993-08-26,9415.19,12433,4,1
F,5-LOW,1,MACHINERY,2,Clerk#000000905,1993-09-19,5841.34,12824,1,1
F,1-URGENT,1,BUILDING,1,Clerk#000000970,1993-09-14,6222.84,14518,2,1
F,2-HIGH,4,MACHINERY,13,Clerk#000000149,1993-09-22,1808.23,227,4,1
F,1-URGENT,2,HOUSEHOLD,9,Clerk#000000011,1993-08-24,5140.15,8183,2,1
F,2-HIGH,0,MACHINERY,14,Clerk#000000543,1993-09-18,7186.65,9178,4,1
F,4-NOT SPECIFIED,4,AUTOMOBILE,13,Clerk#000000291,1993-09-10,8282.5,11917,0,1
F,2-HIGH,0,FURNITURE,15,Clerk#000000527,1993-09-01,8524.48,5756,4,1
F,2-HIGH,0,BUILDING,0,Clerk#000000182,1993-07-30,2471.68,8096,4,1
F,1-URGENT,1,AUTOMOBILE,24,Clerk#000000318,1993-09-25,3848.75,9463,2,1
F,2-HIGH,4,FURNITURE,13,Clerk#000000169,1993-07-30,6367.68,12794,4,1
F,5-LOW,3,FURNITURE,6,Clerk#000000118,1993-07-24,1233.3,7192,1,1
F,4-NOT SPECIFIED,4,BUILDING,11,Clerk#000000094,1993-07-20,5319.38,9589,0,1
F,3-MEDIUM,0,MACHINERY,14,Clerk#000000040,1993-07-05,9653.49,13253,3,1
F,4-NOT SPECIFIED,3,BUILDING,6,Clerk#000000052,1993-07-04,6581.42,10886,0,1
F,5-LOW,4,HOUSEHOLD,4,Clerk#000000356,1993-09-19,6303.24,14800,1,1
F,1-URGENT,1,HOUSEHOLD,3,Clerk#000000248,1993-09-12,1432.07,13352,2,1
F,5-LOW,4,FURNITURE,13,Clerk#000000527,1993-07-25,2438.08,7303,1,1
F,5-LOW,1,HOUSEHOLD,1,Clerk#000000282,1993-08-02,-935.52,8054,1,1
F,5-LOW,2,BUILDING,21,Clerk#000000890,1993-08-05,-607.34,11027,1,1
F,5-LOW,2,FURNITURE,18,Clerk#000000735,1993-07-18,4939.97,7898,1,1
F,1-URGENT,2,HOUSEHOLD,9,Clerk#000000428,1993-09-27,2889.7,4913,2,1
F,5-LOW,2,AUTOMOBILE,8,Clerk#000000372,1993-07-18,1811.65,14593,1,1
F,1-URGENT,1,BUILDING,2,Clerk#000000735,1993-07-21,670.12,9983,2,1
F,4-NOT SPECIFIED,3,BUILDING,23,Clerk#000000074,1993-09-11,8264.21,4270,0,1
F,4-NOT SPECIFIED,4,MACHINERY,13,Clerk#000000338,1993-07-28,6899.81,5825,0,1
F,4-NOT SPECIFIED,4,MACHINERY,13,Clerk#000000272,1993-09-28,6394.26,1772,0,1
F,2-HIGH,3,BUILDING,22,Clerk#000000816,1993-07-11,7575.28,1954,4,1
F,1-URGENT,3,AUTOMOBILE,6,Clerk#000000106,1993-08-28,8645.78,12733,2,1
F,2-HIGH,0,AUTOMOBILE,16,Clerk#000000382,1993-07-04,-761.7,1276,4,1
F,3-MEDIUM,0,BUILDING,0,Clerk#000000433,1993-07-06,9462.61,9881,3,1
F,3-MEDIUM,4,HOUSEHOLD,10,Clerk#000000678,1993-08-29,1986.65,6853,3,1
F,1-URGENT,2,AUTOMOBILE,12,Clerk#000000860,1993-09-11,-24.83,7711,2,1
F,2-HIGH,4,HOUSEHOLD,10,Clerk#000000359,1993-09-18,3396.66,6415,4,1
F,3-MEDIUM,1,MACHINERY,17,Clerk#000000647,1993-07-31,3142.77,5489,3,1
F,5-LOW,3,HOUSEHOLD,19,Clerk#000000836,1993-09-17,1001.24,11108,1,1
F,4-NOT SPECIFIED,4,AUTOMOBILE,11,Clerk#000000392,1993-07-10,5857.61,7054,0,1
F,2-HIGH,0,BUILDING,16,Clerk#000000867,1993-07-30,2149.71,11650,4,1
F,3-MEDIUM,1,AUTOMOBILE,3,Clerk#000000201,1993-08-06,2155.06,1216,3,1
F,2-HIGH,2,FURNITURE,12,Clerk#000000650,1993-09-25,9037.65,5708,4,1
F,1-URGENT,4,BUILDING,4,Clerk#000000182,1993-07-22,1026.85,13544,2,1
F,2-HIGH,1,MACHINERY,24,Clerk#000000186,1993-08-21,1338.75,7138,4,1
F,2-HIGH,1,BUILDING,17,Clerk#000000711,1993-08-30,8585.44,6607,4,1
F,5-LOW,2,AUTOMOBILE,9,Clerk#000000633,1993-08-06,8626.52,9374,1,1
F,5-LOW,2,AUTOMOBILE,9,Clerk#000000896,1993-07-24,1049.05,12271,1,1
F,5-LOW,2,FURNITURE,18,Clerk#000000246,1993-07-18,952,6508,1,1
F,2-HIGH,3,AUTOMOBILE,23,Clerk#000000302,1993-09-10,-164.24,4927,4,1
F,4-NOT SPECIFIED,0,HOUSEHOLD,0,Clerk#000000912,1993-09-10,1306.86,1939,0,1
F,3-MEDIUM,2,AUTOMOBILE,9,Clerk#000000287,1993-09-02,2840.34,4246,3,1
F,3-MEDIUM,3,MACHINERY,23,Clerk#000000380,1993-08-15,130.59,916,3,1
F,1-URGENT,2,AUTOMOBILE,9,Clerk#000000189,1993-09-16,1920.09,7405,2,1
F,2-HIGH,2,FURNITURE,9,Clerk#000000046,1993-07-01,8706.49,11888,4,1
F,3-MEDIUM,4,FURNITURE,11,Clerk#000000611,1993-08-10,-680.11,4171,3,1
F,2-HIGH,3,HOUSEHOLD,6,Clerk#000000342,1993-08-27,-373.65,11485,4,1
F,4-NOT SPECIFIED,4,FURNITURE,4,Clerk#000000472,1993-09-20,7416.07,14368,0,1
F,3-MEDIUM,4,BUILDING,11,Clerk#000000090,1993-07-14,8555.44,7243,3,1
F,3-MEDIUM,0,FURNITURE,5,Clerk#000000344,1993-08-03,4742.44,10693,3,1
F,4-NOT SPECIFIED,4,MACHINERY,11,Clerk#000000260,1993-08-06,5715.69,8690,0,1
F,5-LOW,3,FURNITURE,6,Clerk#000000446,1993-07-21,8189.56,12383,1,1
F,5-LOW,4,AUTOMOBILE,20,Clerk#000000422,1993-07-10,1745.78,14140,1,1
F,3-MEDIUM,2,BUILDING,18,Clerk#000000856,1993-08-13,9728.39,6997,3,1
F,3-MEDIUM,1,BUILDING,17,Clerk#000000799,1993-07-21,5794.71,7127,3,1
F,4-NOT SPECIFIED,2,FURNITURE,21,Clerk#000000798,1993-09-09,8121.42,3661,0,1
F,2-HIGH,2,HOUSEHOLD,9,Clerk#000000420,1993-08-18,6739.43,3647,4,1
F,2-HIGH,4,AUTOMOBILE,4,Clerk#000000562,1993-07-19,2792.27,8566,4,1
F,2-HIGH,4,FURNITURE,11,Clerk#000000076,1993-09-03,6183.92,12412,4,1
F,4-NOT SPECIFIED,3,BUILDING,23,Clerk#000000614,1993-09-17,8334.1,5404,0,1
F,4-NOT SPECIFIED,0,BUILDING,5,Clerk#000000257,1993-08-19,4907.38,5875,0,1
F,5-LOW,0,HOUSEHOLD,16,Clerk#000000482,1993-09-17,6476.88,8198,1,1
F,2-HIGH,1,MACHINERY,17,Clerk#000000937,1993-09-20,-859.62,2414,4,1
F,2-HIGH,0,MACHINERY,15,Clerk#000000141,1993-08-21,-95.34,3202,4,1
F,2-HIGH,0,HOUSEHOLD,5,Clerk#000000273,1993-08-25,-220.48,13892,4,1
F,2-HIGH,4,BUILDING,4,Clerk#000000818,1993-07-10,-38.42,458,4,1
F,4-NOT SPECIFIED,2,AUTOMOBILE,9,Clerk#000000446,1993-08-22,8155.16,2174,0,1
F,3-MEDIUM,4,MACHINERY,13,Clerk#000000361,1993-07-05,4328.71,14927,3,1
F,5-LOW,2,FURNITURE,18,Clerk#000000428,1993-09-10,749.73,8632,1,1
F,2-HIGH,1,BUILDING,17,Clerk#000000124,1993-08-31,5422.53,5542,4,1
F,4-NOT SPECIFIED,1,FURNITURE,2,Clerk#000000365,1993-09-09,4144.85,3673,0,1
F,2-HIGH,0,HOUSEHOLD,14,Clerk#000000890,1993-09-06,1037.02,13843,4,1
F,1-URGENT,3,BUILDING,23,Clerk#000000788,1993-07-26,4464.74,9160,2,1
F,3-MEDIUM,2,AUTOMOBILE,21,Clerk#000000386,1993-09-14,5435.53,3607,3,1
F,5-LOW,3,BUILDING,22,Clerk#000000855,1993-07-25,8961.28,11810,1,1
F,3-MEDIUM,2,AUTOMOBILE,21,Clerk#000000614,1993-09-21,7332.59,10072,3,1
F,3-MEDIUM,2,BUILDING,12,Clerk#000000896,1993-09-05,8150.66,10375,3,1
F,5-LOW,2,MACHINERY,12,Clerk#000000147,1993-08-13,7357.22,11719,1,1
F,4-NOT SPECIFIED,2,AUTOMOBILE,21,Clerk#000000585,1993-09-08,9260.91,5677,0,1
F,2-HIGH,1,MACHINERY,2,Clerk#000000904,1993-09-01,6388.42,3745,4,1
F,5-LOW,0,AUTOMOBILE,0,Clerk#000000686,1993-08-30,138.31,955,1,1
F,2-HIGH,4,BUILDING,10,Clerk#000000424,1993-08-21,4976.02,14293,4,1
F,3-MEDIUM,3,HOUSEHOLD,6,Clerk#000000067,1993-09-16,6060.96,2492,3,1
F,1-URGENT,3,HOUSEHOLD,23,Clerk#000000830,1993-09-02,1063.04,9514,2,1
F,4-NOT SPECIFIED,3,FURNITURE,7,Clerk#000000247,1993-09-17,-842.39,136,0,1
F,4-NOT SPECIFIED,2,FURNITURE,12,Clerk#000000314,1993-09-12,9347.19,5603,0,1
F,3-MEDIUM,4,HOUSEHOLD,4,Clerk#000000964,1993-07-05,905.34,11440,3,1
F,4-NOT SPECIFIED,4,FURNITURE,13,Clerk#000000814,1993-09-11,9105.34,13027,0,1
F,1-URGENT,0,AUTOMOBILE,15,Clerk#000000057,1993-08-16,7572.33,2884,2,1
F,4-NOT SPECIFIED,1,MACHINERY,2,Clerk#000000395,1993-09-13,6439.78,5545,0,1
F,4-NOT SPECIFIED,2,BUILDING,21,Clerk#000000314,1993-08-23,7197.11,4984,0,1
F,2-HIGH,3,MACHINERY,23,Clerk#000000853,1993-08-02,6081.82,7261,4,1
F,1-URGENT,4,FURNITURE,11,Clerk#000000881,1993-08-03,-526.72,5974,2,1
F,3-MEDIUM,2,MACHINERY,8,Clerk#000000853,1993-08-28,6452.46,9479,3,1
F,3-MEDIUM,4,FURNITURE,13,Clerk#000000390,1993-08-25,2692.6,7513,3,1
F,4-NOT SPECIFIED,0,BUILDING,15,Clerk#000000500,1993-08-16,7358.97,3973,0,1
F,3-MEDIUM,0,BUILDING,16,Clerk#000000048,1993-07-26,6791.13,12406,3,1
F,1-URGENT,3,AUTOMOBILE,19,Clerk#000000908,1993-09-20,9993.81,5126,2,1
F,3-MEDIUM,0,HOUSEHOLD,5,Clerk#000000870,1993-09-19,3335.29,259,3,1
F,2-HIGH,1,AUTOMOBILE,1,Clerk#000000065,1993-09-24,4592.96,6418,4,1
F,2-HIGH,2,FURNITURE,12,Clerk#000000929,1993-07-10,7458.28,10750,4,1
F,1-URGENT,0,MACHINERY,0,Clerk#000000711,1993-09-17,3272.97,2581,2,1
F,4-NOT SPECIFIED,1,BUILDING,3,Clerk#000000549,1993-08-23,5723.58,13576,0,1
F,3-MEDIUM,4,BUILDING,11,Clerk#000000245,1993-07-02,968.25,12781,3,1
F,4-NOT SPECIFIED,3,MACHINERY,23,Clerk#000000807,1993-07-31,6724.59,2845,0,1
F,3-MEDIUM,4,HOUSEHOLD,10,Clerk#000000373,1993-09-07,3184.08,4802,3,1
F,1-URGENT,1,HOUSEHOLD,24,Clerk#000000681,1993-08-05,2258.4,638,2,1
F,1-URGENT,3,AUTOMOBILE,6,Clerk#000000376,1993-08-04,1695.3,7156,2,1
F,3-MEDIUM,3,BUILDING,19,Clerk#000000301,1993-07-29,4148.61,3172,3,1
F,5-LOW,2,HOUSEHOLD,8,Clerk#000000595,1993-09-25,1534.38,1384,1,1
F,2-HIGH,1,BUILDING,2,Clerk#000000853,1993-07-30,-152.32,8191,4,1
F,4-NOT SPECIFIED,0,BUILDING,5,Clerk#000000706,1993-08-01,2838.35,6739,0,1
F,1-URGENT,2,BUILDING,21,Clerk#000000022,1993-09-09,-763.5,14390,2,1
F,4-NOT SPECIFIED,3,FURNITURE,6,Clerk#000000308,1993-08-30,8189.56,12383,0,1
F,5-LOW,3,FURNITURE,19,Clerk#000000282,1993-09-13,2990.18,941,1,1
F,2-HIGH,2,FURNITURE,21,Clerk#000000195,1993-08-21,9938.1,8855,4,1
F,3-MEDIUM,4,BUILDING,20,Clerk#000000432,1993-09-27,-178.91,4780,3,1
F,2-HIGH,4,FURNITURE,4,Clerk#000000160,1993-09-06,7734.47,4370,4,1
F,3-MEDIUM,2,BUILDING,18,Clerk#000000966,1993-08-06,6876.9,14530,3,1
F,3-MEDIUM,1,AUTOMOBILE,3,Clerk#000000730,1993-09-25,6709.16,3094,3,1
F,4-NOT SPECIFIED,4,AUTOMOBILE,4,Clerk#000000631,1993-07-30,780.28,9097,0,1
F,5-LOW,2,HOUSEHOLD,21,Clerk#000000108,1993-08-25,3175.47,8074,1,1
F,2-HIGH,1,BUILDING,17,Clerk#000000572,1993-09-24,3030.77,3571,4,1
F,5-LOW,0,BUILDING,0,Clerk#000000265,1993-07-03,2724.98,790,1,1
F,3-MEDIUM,1,BUILDING,3,Clerk#000000504,1993-07-10,-821,5051,3,1
F,5-LOW,1,AUTOMOBILE,3,Clerk#000000855,1993-09-07,6444.82,1429,1,1
F,4-NOT SPECIFIED,0,BUILDING,5,Clerk#000000133,1993-09-07,-16.22,8200,0,1
F,3-MEDIUM,2,HOUSEHOLD,8,Clerk#000000037,1993-09-24,4206.76,7705,3,1
F,5-LOW,2,FURNITURE,9,Clerk#000000029,1993-07-21,5138.58,11206,1,1
F,3-MEDIUM,3,MACHINERY,6,Clerk#000000230,1993-08-22,8321.15,7687,3,1
F,2-HIGH,0,BUILDING,14,Clerk#000000655,1993-08-06,8971.91,10558,4,1
F,4-NOT SPECIFIED,1,FURNITURE,3,Clerk#000000800,1993-07-19,3509.32,4129,0,1
F,2-HIGH,0,AUTOMOBILE,16,Clerk#000000735,1993-09-20,5500.12,7574,4,1
F,2-HIGH,3,FURNITURE,6,Clerk#000000167,1993-07-06,1233.3,7192,4,1
F,4-NOT SPECIFIED,4,HOUSEHOLD,13,Clerk#000000552,1993-08-26,6286.4,10796,0,1
F,2-HIGH,4,MACHINERY,13,Clerk#000000347,1993-07-21,5681.51,10739,4,1
F,1-URGENT,3,AUTOMOBILE,22,Clerk#000000473,1993-07-30,-544.88,13160,2,1
F,4-NOT SPECIFIED,4,FURNITURE,11,Clerk#000000029,1993-09-01,6864.72,1969,0,1
F,5-LOW,4,AUTOMOBILE,4,Clerk#000000779,1993-08-07,2959.31,2140,1,1
F,4-NOT SPECIFIED,2,HOUSEHOLD,12,Clerk#000000902,1993-09-24,8555.09,2905,0,1
F,2-HIGH,4,FURNITURE,4,Clerk#000000188,1993-09-23,9621.49,1195,4,1
F,5-LOW,2,MACHINERY,18,Clerk#000000980,1993-07-07,7339.87,3224,1,1
F,1-URGENT,1,BUILDING,24,Clerk#000000630,1993-07-20,5302.25,6014,2,1
F,2-HIGH,0,FURNITURE,16,Clerk#000000421,1993-07-15,2746.28,9440,4,1
F,5-LOW,0,MACHINERY,0,Clerk#000000163,1993-08-04,4367.53,700,1,1
F,3-MEDIUM,1,FURNITURE,3,Clerk#000000591,1993-07-24,6325.88,3589,3,1
F,3-MEDIUM,2,MACHINERY,9,Clerk#000000206,1993-07-01,2206.85,6646,3,1
F,5-LOW,4,BUILDING,10,Clerk#000000276,1993-08-15,3222.9,8285,1,1
F,4-NOT SPECIFIED,0,BUILDING,16,Clerk#000000684,1993-09-10,4161.36,12811,0,1
F,5-LOW,0,MACHINERY,14,Clerk#000000864,1993-09-17,7670.82,4109,1,1
F,3-MEDIUM,0,AUTOMOBILE,14,Clerk#000000176,1993-07-15,8874.65,10918,3,1
F,5-LOW,0,MACHINERY,14,Clerk#000000682,1993-08-29,6870.55,13676,1,1
F,3-MEDIUM,2,FURNITURE,12,Clerk#000000834,1993-08-06,3565.25,3907,3,1
F,3-MEDIUM,1,FURNITURE,17,Clerk#000000228,1993-07-22,925.11,2996,3,1
F,5-LOW,1,MACHINERY,17,Clerk#000000587,1993-07-10,8042.54,2690,1,1
F,4-NOT SPECIFIED,4,BUILDING,4,Clerk#000000329,1993-09-18,-38.42,458,0,1
F,3-MEDIUM,1,HOUSEHOLD,2,Clerk#000000269,1993-09-25,1026.31,14435,3,1
F,5-LOW,3,HOUSEHOLD,6,Clerk#000000560,1993-07-05,8582.99,8356,1,1
F,2-HIGH,2,BUILDING,9,Clerk#000000016,1993-07-19,9425.47,14393,4,1
F,3-MEDIUM,4,AUTOMOBILE,11,Clerk#000000507,1993-09-30,2159.47,8569,3,1
F,1-URGENT,0,BUILDING,5,Clerk#000000838,1993-09-11,1424.19,10262,2,1
F,1-URGENT,4,FURNITURE,4,Clerk#000000510,1993-08-13,-74.51,2447,2,1
F,4-NOT SPECIFIED,1,HOUSEHOLD,17,Clerk#000000957,1993-07-24,3065.36,9170,0,1
F,1-URGENT,1,HOUSEHOLD,3,Clerk#000000210,1993-08-04,8464.17,10066,2,1
F,4-NOT SPECIFIED,1,BUILDING,24,Clerk#000000030,1993-09-28,225.45,6880,0,1
F,2-HIGH,2,MACHINERY,18,Clerk#000000737,1993-07-27,8085.78,10960,4,1
F,5-LOW,4,AUTOMOBILE,13,Clerk#000000480,1993-07-22,6898.89,845,1,1
F,1-URGENT,0,AUTOMOBILE,0,Clerk#000000254,1993-07-14,7733.2,6533,2,1
F,5-LOW,4,MACHINERY,13,Clerk#000000218,1993-08-26,309.3,11216,1,1
F,5-LOW,1,MACHINERY,2,Clerk#000000728,1993-09-09,6439.78,5545,1,1
F,3-MEDIUM,0,AUTOMOBILE,5,Clerk#000000914,1993-09-20,3658.38,10133,3,1
F,3-MEDIUM,1,BUILDING,1,Clerk#000000269,1993-09-05,1016.84,6151,3,1
F,4-NOT SPECIFIED,0,FURNITURE,5,Clerk#000000359,1993-08-05,8148.39,8423,0,1
F,1-URGENT,0,AUTOMOBILE,14,Clerk#000000940,1993-09-29,1569.09,6100,2,1
F,3-MEDIUM,0,MACHINERY,16,Clerk#000000854,1993-09-04,-196.03,13213,3,1
F,1-URGENT,0,BUILDING,5,Clerk#000000298,1993-08-25,1246.95,12401,2,1
F,5-LOW,1,FURNITURE,3,Clerk#000000143,1993-07-02,3726.22,443,1,1
F,2-HIGH,0,MACHINERY,14,Clerk#000000539,1993-08-01,1292.31,12032,4,1
F,5-LOW,0,HOUSEHOLD,5,Clerk#000000720,1993-07-22,2662.16,5219,1,1
F,2-HIGH,0,FURNITURE,16,Clerk#000000771,1993-08-08,-938.23,13900,4,1
F,2-HIGH,3,FURNITURE,19,Clerk#000000407,1993-08-11,9475.53,5108,4,1
F,3-MEDIUM,4,BUILDING,13,Clerk#000000629,1993-09-26,2449.09,13714,3,1
F,5-LOW,1,AUTOMOBILE,3,Clerk#000000111,1993-07-25,4585.65,6364,1,1
F,2-HIGH,0,FURNITURE,5,Clerk#000000973,1993-09-01,1288.49,2855,4,1
F,5-LOW,3,FURNITURE,7,Clerk#000000710,1993-09-01,-117.29,12010,1,1
F,5-LOW,1,BUILDING,24,Clerk#000000262,1993-08-14,9398.63,11401,1,1
F,3-MEDIUM,4,FURNITURE,11,Clerk#000000589,1993-09-20,4356.59,305,3,1
F,4-NOT SPECIFIED,0,FURNITURE,14,Clerk#000000249,1993-07-04,5480.02,8599,0,1
F,2-HIGH,3,BUILDING,22,Clerk#000000208,1993-07-05,2167.56,6191,4,1
F,5-LOW,4,AUTOMOBILE,4,Clerk#000000553,1993-09-26,1560.39,14671,1,1
F,5-LOW,0,MACHINERY,0,Clerk#000000598,1993-08-08,7823.99,12769,1,1
F,5-LOW,3,BUILDING,6,Clerk#000000493,1993-07-07,7086.19,4432,1,1
F,1-URGENT,0,MACHINERY,16,Clerk#000000839,1993-08-11,-821.5,7348,2,1
F,2-HIGH,1,MACHINERY,17,Clerk#000000742,1993-09-01,9660.03,2296,4,1
F,5-LOW,1,AUTOMOBILE,24,Clerk#000000614,1993-09-16,5407.37,11443,1,1
F,1-URGENT,0,FURNITURE,15,Clerk#000000408,1993-07-27,1289.68,13652,2,1
F,2-HIGH,3,MACHINERY,7,Clerk#000000066,1993-08-03,4335.18,1652,4,1
F,3-MEDIUM,0,FURNITURE,16,Clerk#000000769,1993-07-16,8241.22,4202,3,1
F,3-MEDIUM,4,HOUSEHOLD,13,Clerk#000000254,1993-07-26,4748.57,10540,3,1
F,4-NOT SPECIFIED,1,MACHINERY,17,Clerk#000000865,1993-09-27,4540.44,5254,0,1
F,2-HIGH,2,HOUSEHOLD,21,Clerk#000000786,1993-07-16,5052.03,3128,4,1
F,3-MEDIUM,3,HOUSEHOLD,7,Clerk#000000088,1993-07-24,8151.07,6109,3,1
F,3-MEDIUM,1,BUILDING,17,Clerk#000000013,1993-07-23,1318.37,8647,3,1
F,5-LOW,4,HOUSEHOLD,20,Clerk#000000292,1993-07-01,2110.59,451,1,1
F,2-HIGH,3,AUTOMOBILE,7,Clerk#000000149,1993-07-02,689.12,1972,4,1
F,4-NOT SPECIFIED,3,FURNITURE,23,Clerk#000000927,1993-08-31,6721.32,12853,0,1
F,3-MEDIUM,4,BUILDING,20,Clerk#000000732,1993-07-31,7451.84,361,3,1
F,1-URGENT,3,MACHINERY,7,Clerk#000000619,1993-09-16,3079.06,12865,2,1
F,5-LOW,4,FURNITURE,20,Clerk#000000059,1993-09-08,4635.15,1616,1,1
F,1-URGENT,3,AUTOMOBILE,22,Clerk#000000843,1993-09-03,5533.42,8767,2,1
F,1-URGENT,4,AUTOMOBILE,13,Clerk#000000602,1993-09-10,-651.11,6436,2,1
F,2-HIGH,3,HOUSEHOLD,22,Clerk#000000086,1993-09-04,1552.66,11053,4,1
F,2-HIGH,4,BUILDING,13,Clerk#000000827,1993-09-03,8173.7,10915,4,1
F,3-MEDIUM,2,HOUSEHOLD,8,Clerk#000000120,1993-09-10,6609.68,13559,3,1
F,5-LOW,1,BUILDING,2,Clerk#000000885,1993-09-30,7793.53,2015,1,1
F,2-HIGH,0,HOUSEHOLD,5,Clerk#000000001,1993-07-15,4131.22,4963,4,1
F,2-HIGH,4,MACHINERY,13,Clerk#000000273,1993-08-28,4363.17,160,4,1
F,3-MEDIUM,0,MACHINERY,5,Clerk#000000536,1993-07-22,395.66,8876,3,1
F,5-LOW,0,HOUSEHOLD,14,Clerk#000000842,1993-09-03,7280.47,7978,1,1
F,5-LOW,3,FURNITURE,19,Clerk#000000440,1993-08-20,7456.64,2842,1,1
F,3-MEDIUM,1,AUTOMOBILE,1,Clerk#000000355,1993-08-05,2857.43,6532,3,1
F,2-HIGH,4,BUILDING,13,Clerk#000000210,1993-07-27,6703.8,2662,4,1
F,1-URGENT,3,AUTOMOBILE,7,Clerk#000000636,1993-08-11,5270.98,4735,2,1
F,5-LOW,3,HOUSEHOLD,22,Clerk#000000395,1993-07-11,2762.04,5968,1,1
F,2-HIGH,1,HOUSEHOLD,2,Clerk#000000639,1993-09-08,2542.55,4381,4,1
F,2-HIGH,3,BUILDING,22,Clerk#000000426,1993-09-29,7788.13,13894,4,1
F,3-MEDIUM,1,MACHINERY,17,Clerk#000000680,1993-08-26,3107.95,7597,3,1
F,1-URGENT,1,MACHINERY,24,Clerk#000000132,1993-09-13,3242.1,581,2,1
F,1-URGENT,1,BUILDING,3,Clerk#000000388,1993-07-11,7613.63,11531,2,1
F,2-HIGH,3,FURNITURE,23,Clerk#000000164,1993-08-01,8586.04,1672,4,1
F,2-HIGH,4,MACHINERY,4,Clerk#000000631,1993-09-09,9331.55,3610,4,1
F,2-HIGH,4,BUILDING,11,Clerk#000000482,1993-07-27,898.19,6082,4,1
F,5-LOW,2,AUTOMOBILE,9,Clerk#000000626,1993-08-09,-684.05,2872,1,1
F,4-NOT SPECIFIED,1,HOUSEHOLD,17,Clerk#000000529,1993-07-15,1036.42,9317,0,1
F,3-MEDIUM,4,HOUSEHOLD,4,Clerk#000000542,1993-08-20,-88.38,10799,3,1
F,5-LOW,3,HOUSEHOLD,22,Clerk#000000075,1993-09-17,6202.9,6214,1,1
F,4-NOT SPECIFIED,1,MACHINERY,1,Clerk#000000926,1993-07-17,3919,14773,0,1
F,4-NOT SPECIFIED,3,AUTOMOBILE,22,Clerk#000000913,1993-07-29,1007.44,6239,0,1
F,1-URGENT,4,FURNITURE,4,Clerk#000000403,1993-07-22,1233.06,2360,2,1
F,1-URGENT,0,HOUSEHOLD,5,Clerk#000000594,1993-09-29,5623.9,13675,2,1
F,3-MEDIUM,4,HOUSEHOLD,10,Clerk#000000667,1993-08-25,-827.73,2005,3,1
F,3-MEDIUM,3,HOUSEHOLD,23,Clerk#000000361,1993-07-11,5039.68,3460,3,1
F,2-HIGH,4,BUILDING,10,Clerk#000000014,1993-08-20,7892.25,6022,4,1
F,2-HIGH,3,HOUSEHOLD,19,Clerk#000000972,1993-09-18,-524.44,8440,4,1
F,1-URGENT,2,HOUSEHOLD,18,Clerk#000000316,1993-07-16,4664.19,4256,2,1
F,1-URGENT,3,FURNITURE,19,Clerk#000000137,1993-09-16,5896.87,436,2,1
F,5-LOW,1,MACHINERY,2,Clerk#000000386,1993-08-15,-986.15,14783,1,1
F,2-HIGH,4,FURNITURE,4,Clerk#000000680,1993-08-12,956.83,5306,4,1
F,1-URGENT,1,MACHINERY,1,Clerk#000000683,1993-08-19,4032.62,3052,2,1
F,3-MEDIUM,3,BUILDING,19,Clerk#000000457,1993-07-16,4146.43,401,3,1
F,4-NOT SPECIFIED,3,MACHINERY,23,Clerk#000000984,1993-07-28,2298.16,11920,0,1
F,5-LOW,1,MACHINERY,1,Clerk#000000022,1993-09-02,9950.78,8261,1,1
F,5-LOW,2,FURNITURE,12,Clerk#000000327,1993-07-01,-793.84,2819,1,1
F,2-HIGH,4,AUTOMOBILE,11,Clerk#000000998,1993-08-18,3782.83,7684,4,1
F,3-MEDIUM,4,AUTOMOBILE,13,Clerk#000000138,1993-09-20,5112.2,13127,3,1
F,3-MEDIUM,3,BUILDING,19,Clerk#000000353,1993-09-29,2583.91,1048,3,1
F,5-LOW,3,HOUSEHOLD,6,Clerk#000000691,1993-07-28,3051.83,3875,1,1
F,5-LOW,3,FURNITURE,6,Clerk#000000492,1993-08-04,7874.97,3796,1,1
F,1-URGENT,0,AUTOMOBILE,16,Clerk#000000062,1993-08-30,6503.35,1199,2,1
F,2-HIGH,1,AUTOMOBILE,17,Clerk#000000749,1993-07-08,8137.85,13243,4,1
F,3-MEDIUM,1,HOUSEHOLD,17,Clerk#000000622,1993-09-26,2474.64,14254,3,1
F,1-URGENT,0,AUTOMOBILE,0,Clerk#000000026,1993-09-29,-259.43,4042,2,1
F,5-LOW,4,AUTOMOBILE,4,Clerk#000000229,1993-08-12,9537.14,3988,1,1
F,4-NOT SPECIFIED,0,HOUSEHOLD,15,Clerk#000000056,1993-08-24,4113.64,53,0,1
F,5-LOW,4,HOUSEHOLD,11,Clerk#000000636,1993-08-16,6716.72,4229,1,1
F,2-HIGH,3,MACHINERY,6,Clerk#000000830,1993-07-12,-657.15,10531,4,1
F,4-NOT SPECIFIED,4,MACHINERY,13,Clerk#000000495,1993-07-11,9623.14,11551,0,1
F,5-LOW,0,BUILDING,15,Clerk#000000604,1993-07-22,8627.9,1357,1,1
F,4-NOT SPECIFIED,1,AUTOMOBILE,3,Clerk#000000270,1993-07-26,5599.71,1943,0,1
F,5-LOW,2,HOUSEHOLD,12,Clerk#000000513,1993-07-11,6987.2,9676,1,1
F,3-MEDIUM,1,FURNITURE,1,Clerk#000000159,1993-07-28,3012.94,4084,3,1
F,4-NOT SPECIFIED,3,HOUSEHOLD,23,Clerk#000000043,1993-07-22,1796.09,1372,0,1
F,5-LOW,1,BUILDING,17,Clerk#000000162,1993-07-23,6284.29,11977,1,1
F,2-HIGH,1,AUTOMOBILE,2,Clerk#000000196,1993-08-14,3834.56,5761,4,1
F,1-URGENT,4,AUTOMOBILE,11,Clerk#000000485,1993-09-28,2733.58,8486,2,1
F,3-MEDIUM,0,AUTOMOBILE,14,Clerk#000000951,1993-08-11,5384.59,236,3,1
F,1-URGENT,2,AUTOMOBILE,18,Clerk#000000659,1993-08-05,575.4,13595,2,1
F,4-NOT SPECIFIED,0,FURNITURE,14,Clerk#000000716,1993-09-13,3230.13,11842,0,1
F,4-NOT SPECIFIED,4,MACHINERY,11,Clerk#000000547,1993-07-25,2091.31,5995,0,1
F,4-NOT SPECIFIED,2,AUTOMOBILE,12,Clerk#000000127,1993-09-09,887.99,8920,0,1
F,2-HIGH,2,FURNITURE,18,Clerk#000000210,1993-09-07,9872.47,13507,4,1
F,1-URGENT,4,MACHINERY,11,Clerk#000000450,1993-09-30,4356.67,8017,2,1
F,1-URGENT,0,AUTOMOBILE,5,Clerk#000000677,1993-09-09,82.97,8747,2,1
F,2-HIGH,0,AUTOMOBILE,5,Clerk#000000581,1993-08-28,-612.06,9490,4,1
F,3-MEDIUM,1,MACHINERY,1,Clerk#000000061,1993-08-10,5382.1,7205,3,1
F,2-HIGH,1,BUILDING,1,Clerk#000000180,1993-07-06,2725.15,8897,4,1
F,4-NOT SPECIFIED,2,BUILDING,21,Clerk#000000960,1993-08-02,7197.11,4984,0,1
F,2-HIGH,0,AUTOMOBILE,15,Clerk#000000916,1993-09-06,1563.9,7723,4,1
F,5-LOW,1,MACHINERY,3,Clerk#000000116,1993-08-09,-577.57,11342,1,1
F,4-NOT SPECIFIED,3,FURNITURE,23,Clerk#000000552,1993-08-02,6721.32,12853,0,1
F,3-MEDIUM,0,AUTOMOBILE,15,Clerk#000000591,1993-09-22,2904.5,8759,3,1
F,2-HIGH,2,FURNITURE,8,Clerk#000000385,1993-09-23,817.08,10783,4,1
F,2-HIGH,3,BUILDING,19,Clerk#000000223,1993-09-19,3766.89,6245,4,1
F,1-URGENT,3,FURNITURE,7,Clerk#000000991,1993-09-07,709.46,397,2,1
F,2-HIGH,3,FURNITURE,22,Clerk#000000690,1993-07-31,-938.22,12064,4,1
F,2-HIGH,0,FURNITURE,0,Clerk#000000554,1993-08-06,9242.58,14924,4,1
F,4-NOT SPECIFIED,1,MACHINERY,1,Clerk#000000591,1993-09-18,7807.34,14560,0,1
F,1-URGENT,3,HOUSEHOLD,22,Clerk#000000333,1993-07-31,2833.91,13375,2,1
F,3-MEDIUM,3,HOUSEHOLD,22,Clerk#000000609,1993-07-18,8541.1,9919,3,1
F,4-NOT SPECIFIED,1,FURNITURE,17,Clerk#000000615,1993-08-27,3801.06,12985,0,1
F,4-NOT SPECIFIED,0,FURNITURE,0,Clerk#000000436,1993-09-17,3595.64,11491,0,1
F,3-MEDIUM,2,AUTOMOBILE,9,Clerk#000000690,1993-09-29,2840.34,4246,3,1
F,4-NOT SPECIFIED,3,HOUSEHOLD,23,Clerk#000000068,1993-08-24,4862.56,13753,0,1
F,5-LOW,0,AUTOMOBILE,5,Clerk#000000070,1993-08-29,5837.83,10630,1,1
F,2-HIGH,1,AUTOMOBILE,2,Clerk#000000426,1993-09-07,8216.79,635,4,1
F,3-MEDIUM,4,FURNITURE,13,Clerk#000000214,1993-09-15,3635.35,889,3,1
F,3-MEDIUM,0,FURNITURE,0,Clerk#000000863,1993-09-25,-626.43,12658,3,1
F,4-NOT SPECIFIED,4,FURNITURE,10,Clerk#000000447,1993-07-05,9437.41,2750,0,1
F,4-NOT SPECIFIED,1,FURNITURE,24,Clerk#000000508,1993-07-02,2394.52,2087,0,1
F,1-URGENT,0,AUTOMOBILE,15,Clerk#000000651,1993-07-19,-838.33,6187,2,1
F,5-LOW,1,HOUSEHOLD,24,Clerk#000000789,1993-09-25,6119.77,14890,1,1
F,2-HIGH,2,AUTOMOBILE,12,Clerk#000000508,1993-09-02,3367.22,1691,4,1
F,2-HIGH,2,MACHINERY,18,Clerk#000000716,1993-08-06,2057.47,5467,4,1
F,2-HIGH,0,BUILDING,14,Clerk#000000719,1993-09-17,7447.15,14725,4,1
F,3-MEDIUM,1,HOUSEHOLD,17,Clerk#000000185,1993-09-07,1842.47,2866,3,1
F,5-LOW,4,FURNITURE,4,Clerk#000000240,1993-09-10,3300.65,2138,1,1
F,5-LOW,0,HOUSEHOLD,5,Clerk#000000134,1993-07-10,1806.38,12592,1,1
F,3-MEDIUM,0,FURNITURE,5,Clerk#000000182,1993-08-20,2691.42,821,3,1
F,5-LOW,2,BUILDING,8,Clerk#000000545,1993-08-17,6373.12,9577,1,1
F,5-LOW,0,BUILDING,15,Clerk#000000214,1993-07-21,3974.7,9404,1,1
F,5-LOW,0,FURNITURE,5,Clerk#000000123,1993-08-17,8077.93,10070,1,1
F,4-NOT SPECIFIED,3,HOUSEHOLD,22,Clerk#000000404,1993-08-10,8912.86,9191,0,1
F,1-URGENT,3,FURNITURE,7,Clerk#000000578,1993-09-12,2821.06,5630,2,1
F,5-LOW,1,HOUSEHOLD,17,Clerk#000000409,1993-08-23,712.85,11585,1,1
F,3-MEDIUM,0,FURNITURE,0,Clerk#000000051,1993-08-18,8584.46,10544,3,1
F,2-HIGH,3,FURNITURE,23,Clerk#000000432,1993-07-24,2829.07,1117,4,1
F,1-URGENT,2,AUTOMOBILE,8,Clerk#000000239,1993-09-19,1439.84,9241,2,1
F,2-HIGH,1,MACHINERY,24,Clerk#000000856,1993-07-11,-535.08,1777,4,1
F,5-LOW,3,HOUSEHOLD,19,Clerk#000000209,1993-07-08,7381,12263,1,1
F,5-LOW,1,BUILDING,2,Clerk#000000043,1993-08-31,489.97,11992,1,1
F,3-MEDIUM,1,AUTOMOBILE,3,Clerk#000000524,1993-08-05,2155.06,1216,3,1
F,5-LOW,3,HOUSEHOLD,22,Clerk#000000403,1993-08-21,2833.91,13375,1,1
F,3-MEDIUM,4,AUTOMOBILE,4,Clerk#000000165,1993-07-23,5949.39,12365,3,1
F,3-MEDIUM,3,BUILDING,7,Clerk#000000106,1993-09-29,1081.14,7912,3,1
F,2-HIGH,0,BUILDING,5,Clerk#000000228,1993-08-10,680.84,4675,4,1
F,4-NOT SPECIFIED,4,AUTOMOBILE,13,Clerk#000000351,1993-08-08,1362.29,6400,0,1
F,3-MEDIUM,4,BUILDING,4,Clerk#000000906,1993-08-20,1739.57,11242,3,1
F,2-HIGH,0,MACHINERY,0,Clerk#000000411,1993-09-29,4367.53,700,4,1
F,4-NOT SPECIFIED,4,HOUSEHOLD,10,Clerk#000000160,1993-09-03,2839.12,5959,0,1
F,5-LOW,0,BUILDING,14,Clerk#000000603,1993-08-14,9043.55,475,1,1
F,2-HIGH,2,FURNITURE,9,Clerk#000000523,1993-09-21,-95.54,6322,4,1
F,3-MEDIUM,1,BUILDING,2,Clerk#000000321,1993-07-02,4022.03,11647,3,1
F,3-MEDIUM,0,FURNITURE,15,Clerk#000000538,1993-08-22,3021.61,13180,3,1
F,5-LOW,0,AUTOMOBILE,16,Clerk#000000549,1993-08-21,874.34,3005,1,1
F,4-NOT SPECIFIED,3,FURNITURE,22,Clerk#000000205,1993-08-30,-986.08,5933,0,1
F,4-NOT SPECIFIED,3,MACHINERY,6,Clerk#000000761,1993-07-28,8961.48,7696,0,1
F,5-LOW,2,MACHINERY,18,Clerk#000000330,1993-09-25,3763.78,6230,1,1
F,1-URGENT,4,AUTOMOBILE,4,Clerk#000000495,1993-09-13,5949.39,12365,2,1
F,3-MEDIUM,1,BUILDING,24,Clerk#000000954,1993-09-23,-278.57,8563,3,1
F,2-HIGH,3,HOUSEHOLD,19,Clerk#000000312,1993-08-19,8960.25,2705,4,1
F,2-HIGH,3,BUILDING,23,Clerk#000000714,1993-09-05,7908.12,6127,4,1
F,4-NOT SPECIFIED,4,AUTOMOBILE,20,Clerk#000000551,1993-09-20,3282.68,12670,0,1
F,5-LOW,0,MACHINERY,0,Clerk#000000172,1993-07-05,2844.87,2515,1,1
F,1-URGENT,3,BUILDING,6,Clerk#000000731,1993-07-13,7366.6,10253,2,1
F,5-LOW,0,MACHINERY,15,Clerk#000000797,1993-07-10,4649.66,10591,1,1
F,1-URGENT,1,AUTOMOBILE,1,Clerk#000000369,1993-09-09,3914.88,971,2,1
F,3-MEDIUM,4,FURNITURE,4,Clerk#000000157,1993-08-14,3690.09,10225,3,1
F,1-URGENT,3,FURNITURE,22,Clerk#000000811,1993-09-08,7576.55,850,2,1
F,1-URGENT,4,AUTOMOBILE,20,Clerk#000000415,1993-09-18,7372.21,8912,2,1
F,1-URGENT,0,MACHINERY,15,Clerk#000000364,1993-09-19,8593.68,4222,2,1
F,2-HIGH,2,AUTOMOBILE,18,Clerk#000000383,1993-08-05,8989.56,14947,4,1
F,5-LOW,1,FURNITURE,1,Clerk#000000407,1993-07-18,3106,1351,1,1
F,5-LOW,1,HOUSEHOLD,1,Clerk#000000642,1993-07-30,1966.76,3080,1,1
F,5-LOW,0,MACHINERY,16,Clerk#000000505,1993-09-10,-821.5,7348,1,1
F,3-MEDIUM,2,HOUSEHOLD,18,Clerk#000000860,1993-08-14,4846.14,7816,3,1
F,5-LOW,0,HOUSEHOLD,15,Clerk#000000641,1993-08-18,8865.61,398,1,1
F,2-HIGH,4,HOUSEHOLD,20,Clerk#000000045,1993-07-22,6254.13,8135,4,1
F,3-MEDIUM,4,MACHINERY,20,Clerk#000000952,1993-07-19,4968.2,12641,3,1
F,2-HIGH,1,FURNITURE,24,Clerk#000000773,1993-08-15,5517.6,10177,4,1
F,3-MEDIUM,4,HOUSEHOLD,13,Clerk#000000941,1993-09-18,4782.73,7777,3,1
F,5-LOW,0,HOUSEHOLD,5,Clerk#000000799,1993-07-16,4131.22,4963,1,1
F,1-URGENT,3,FURNITURE,19,Clerk#000000181,1993-08-13,1830.91,11165,2,1
F,4-NOT SPECIFIED,0,BUILDING,16,Clerk#000000589,1993-09-27,4161.36,12811,0,1
F,1-URGENT,4,AUTOMOBILE,4,Clerk#000000332,1993-09-12,4960.17,3199,2,1
F,1-URGENT,4,AUTOMOBILE,10,Clerk#000000969,1993-09-09,5453.74,989,2,1
F,2-HIGH,2,BUILDING,12,Clerk#000000034,1993-09-15,9685.49,6460,4,1
F,4-NOT SPECIFIED,1,FURNITURE,2,Clerk#000000878,1993-08-02,9707.79,11188,0,1
F,1-URGENT,3,MACHINERY,23,Clerk#000000178,1993-09-26,1086.59,2456,2,1
F,2-HIGH,0,BUILDING,15,Clerk#000000801,1993-09-11,7277.1,14870,4,1
F,4-NOT SPECIFIED,2,HOUSEHOLD,8,Clerk#000000554,1993-07-30,7411.01,14161,0,1
F,4-NOT SPECIFIED,1,MACHINERY,24,Clerk#000000399,1993-07-21,7713.02,14101,0,1
F,2-HIGH,2,HOUSEHOLD,18,Clerk#000000947,1993-07-07,5875.37,13612,4,1
F,3-MEDIUM,2,BUILDING,12,Clerk#000000149,1993-09-27,7835.6,5855,3,1
F,2-HIGH,4,BUILDING,13,Clerk#000000591,1993-09-23,2837.96,1052,4,1
F,1-URGENT,1,BUILDING,3,Clerk#000000130,1993-09-18,7741.84,3409,2,1
F,4-NOT SPECIFIED,4,HOUSEHOLD,11,Clerk#000000743,1993-07-24,6716.72,4229,0,1
F,5-LOW,2,MACHINERY,12,Clerk#000000614,1993-09-05,7151.83,12224,1,1
F,5-LOW,0,AUTOMOBILE,0,Clerk#000000279,1993-09-12,809.4,10592,1,1
F,4-NOT SPECIFIED,4,AUTOMOBILE,10,Clerk#000000226,1993-07-16,-922.69,1309,0,1
F,5-LOW,0,FURNITURE,15,Clerk#000000138,1993-07-09,9647.58,529,1,1
F,2-HIGH,4,HOUSEHOLD,13,Clerk#000000368,1993-07-24,1999.86,9167,4,1
F,3-MEDIUM,1,MACHINERY,1,Clerk#000000992,1993-07-18,4177.79,5065,3,1
F,1-URGENT,1,BUILDING,24,Clerk#000000741,1993-09-27,6236.16,14497,2,1
F,4-NOT SPECIFIED,1,MACHINERY,24,Clerk#000000567,1993-08-26,-53.12,4024,0,1
F,2-HIGH,1,FURNITURE,2,Clerk#000000968,1993-07-10,4405.05,13472,4,1
F,4-NOT SPECIFIED,2,MACHINERY,8,Clerk#000000023,1993-09-28,1545.57,3761,0,1
F,1-URGENT,0,AUTOMOBILE,15,Clerk#000000954,1993-08-02,7183.71,9164,2,1
F,5-LOW,4,HOUSEHOLD,13,Clerk#000000844,1993-08-20,5448.58,3721,1,1
F,4-NOT SPECIFIED,2,MACHINERY,18,Clerk#000000383,1993-08-01,613.67,12640,0,1
F,2-HIGH,1,MACHINERY,17,Clerk#000000718,1993-07-01,1479.52,7861,4,1
F,3-MEDIUM,3,AUTOMOBILE,6,Clerk#000000143,1993-09-22,7899.03,4910,3,1
F,5-LOW,3,HOUSEHOLD,23,Clerk#000000510,1993-08-16,3109.73,6643,1,1
F,1-URGENT,4,BUILDING,11,Clerk#000000966,1993-08-28,2652.48,8000,2,1
F,5-LOW,4,BUILDING,20,Clerk#000000565,1993-09-21,6219.49,7765,1,1
F,3-MEDIUM,4,HOUSEHOLD,4,Clerk#000000981,1993-07-14,4991.04,6299,3,1
F,2-HIGH,1,HOUSEHOLD,24,Clerk#000000165,1993-08-10,-251.1,13627,4,1
F,4-NOT SPECIFIED,4,HOUSEHOLD,20,Clerk#000000189,1993-09-03,7942.82,5386,0,1
F,2-HIGH,4,HOUSEHOLD,20,Clerk#000000724,1993-07-11,-529.94,8465,4,1
F,3-MEDIUM,1,BUILDING,17,Clerk#000000996,1993-07-04,6313.1,13726,3,1
F,5-LOW,3,MACHINERY,6,Clerk#000000825,1993-07-20,6715.96,7160,1,1
F,5-LOW,0,BUILDING,0,Clerk#000000042,1993-07-25,2072.99,793,1,1
F,1-URGENT,4,MACHINERY,20,Clerk#000000678,1993-07-22,-62,3025,2,1
F,4-NOT SPECIFIED,4,MACHINERY,20,Clerk#000000437,1993-08-27,2234.15,12002,0,1
F,4-NOT SPECIFIED,4,FURNITURE,13,Clerk#000000663,1993-08-27,3283.9,1981,0,1
F,2-HIGH,0,MACHINERY,16,Clerk#000000268,1993-09-03,3752.79,6007,4,1
F,5-LOW,2,AUTOMOBILE,9,Clerk#000000928,1993-08-05,2326.68,1231,1,1
F,5-LOW,0,FURNITURE,5,Clerk#000000537,1993-09-03,8907.14,11956,1,1
F,3-MEDIUM,0,AUTOMOBILE,0,Clerk#000000419,1993-09-22,8448.17,10399,3,1
F,5-LOW,3,FURNITURE,19,Clerk#000000759,1993-07-14,580.15,11392,1,1
F,5-LOW,1,MACHINERY,3,Clerk#000000026,1993-07-20,575.85,5830,1,1
F,4-NOT SPECIFIED,3,HOUSEHOLD,22,Clerk#000000746,1993-09-26,5420.32,1367,0,1
F,3-MEDIUM,3,BUILDING,6,Clerk#000000648,1993-08-09,7366.6,10253,3,1
F,1-URGENT,1,HOUSEHOLD,1,Clerk#000000834,1993-08-31,2868.29,11548,2,1
F,4-NOT SPECIFIED,0,HOUSEHOLD,14,Clerk#000000622,1993-08-14,1037.02,13843,0,1
F,3-MEDIUM,1,HOUSEHOLD,2,Clerk#000000950,1993-09-04,622.6,11227,3,1
F,1-URGENT,3,FURNITURE,19,Clerk#000000802,1993-09-07,9240.38,1823,2,1
F,4-NOT SPECIFIED,0,MACHINERY,5,Clerk#000000181,1993-09-17,6517.35,8365,0,1
F,1-URGENT,4,HOUSEHOLD,20,Clerk#000000346,1993-09-08,8080.91,10034,2,1
F,2-HIGH,4,AUTOMOBILE,4,Clerk#000000064,1993-08-07,6382.47,7837,4,1
F,2-HIGH,0,BUILDING,15,Clerk#000000886,1993-07-29,2876.11,13661,4,1
F,2-HIGH,2,FURNITURE,18,Clerk#000000927,1993-08-12,7760.33,196,4,1
F,5-LOW,2,BUILDING,12,Clerk#000000250,1993-09-22,9685.49,6460,1,1
F,5-LOW,1,BUILDING,2,Clerk#000000971,1993-09-09,5753.27,2693,1,1
F,1-URGENT,3,MACHINERY,22,Clerk#000000026,1993-08-15,2147,12899,2,1
F,5-LOW,2,MACHINERY,12,Clerk#000000689,1993-08-17,-730.48,2719,1,1
F,5-LOW,4,AUTOMOBILE,4,Clerk#000000177,1993-07-02,6081.88,2966,1,1
F,3-MEDIUM,4,AUTOMOBILE,11,Clerk#000000507,1993-07-09,3720.64,5246,3,1
F,3-MEDIUM,3,FURNITURE,22,Clerk#000000977,1993-09-28,5697.04,3811,3,1
F,4-NOT SPECIFIED,0,HOUSEHOLD,14,Clerk#000000878,1993-09-25,7543.41,13765,0,1
F,1-URGENT,1,BUILDING,2,Clerk#000000675,1993-07-11,5973.1,476,2,1
F,1-URGENT,3,AUTOMOBILE,7,Clerk#000000591,1993-08-14,6829.64,8702,2,1
F,3-MEDIUM,1,BUILDING,1,Clerk#000000008,1993-08-14,-281.3,8698,3,1
F,1-URGENT,1,FURNITURE,1,Clerk#000000999,1993-09-04,3966.04,9469,2,1
F,2-HIGH,2,MACHINERY,18,Clerk#000000056,1993-08-01,3449.52,2947,4,1
F,2-HIGH,3,MACHINERY,7,Clerk#000000995,1993-08-05,2345.69,5506,4,1
F,4-NOT SPECIFIED,1,AUTOMOBILE,3,Clerk#000000035,1993-07-14,3647.22,2878,0,1
F,5-LOW,2,MACHINERY,9,Clerk#000000197,1993-09-09,3735.71,2962,1,1
F,4-NOT SPECIFIED,1,AUTOMOBILE,17,Clerk#000000712,1993-08-17,7707.59,3625,0,1
F,3-MEDIUM,1,BUILDING,24,Clerk#000000293,1993-08-15,5859.97,1486,3,1
F,2-HIGH,2,HOUSEHOLD,12,Clerk#000000416,1993-09-26,8530.8,13141,4,1
F,5-LOW,2,FURNITURE,18,Clerk#000000397,1993-09-16,952,6508,1,1
F,3-MEDIUM,0,MACHINERY,15,Clerk#000000479,1993-08-16,7532.06,6061,3,1
F,2-HIGH,2,AUTOMOBILE,12,Clerk#000000222,1993-08-08,887.99,8920,4,1
F,1-URGENT,2,MACHINERY,12,Clerk#000000138,1993-08-07,7814.37,5948,2,1
F,3-MEDIUM,2,AUTOMOBILE,9,Clerk#000000867,1993-08-22,1049.05,12271,3,1
F,1-URGENT,1,BUILDING,1,Clerk#000000836,1993-07-29,7930.19,14503,2,1
F,4-NOT SPECIFIED,1,BUILDING,24,Clerk#000000587,1993-08-03,1624.49,7691,0,1
F,5-LOW,2,MACHINERY,21,Clerk#000000834,1993-07-17,1064.72,2365,1,1
F,2-HIGH,1,BUILDING,17,Clerk#000000029,1993-07-01,5422.53,5542,4,1
F,2-HIGH,3,AUTOMOBILE,7,Clerk#000000289,1993-09-22,985.22,9433,4,1
F,1-URGENT,1,HOUSEHOLD,3,Clerk#000000197,1993-07-24,7772.29,12799,2,1
F,2-HIGH,3,FURNITURE,6,Clerk#000000357,1993-07-22,896.73,9122,4,1
F,4-NOT SPECIFIED,4,BUILDING,13,Clerk#000000025,1993-08-30,6558.49,14860,0,1
F,2-HIGH,0,MACHINERY,16,Clerk#000000186,1993-08-23,8420.98,10244,4,1
F,5-LOW,1,HOUSEHOLD,17,Clerk#000000077,1993-07-16,2971.37,2611,1,1
F,5-LOW,2,HOUSEHOLD,12,Clerk#000000212,1993-07-15,-795.34,6494,1,1
F,3-MEDIUM,1,BUILDING,2,Clerk#000000708,1993-09-05,3910.4,12884,3,1
F,5-LOW,2,HOUSEHOLD,21,Clerk#000000963,1993-09-08,5023.46,8491,1,1
F,5-LOW,3,HOUSEHOLD,22,Clerk#000000030,1993-07-19,5160.08,6926,1,1
F,5-LOW,0,FURNITURE,5,Clerk#000000143,1993-07-31,-378.61,13462,1,1
F,5-LOW,4,FURNITURE,20,Clerk#000000142,1993-09-10,910.8,6292,1,1
F,3-MEDIUM,2,HOUSEHOLD,12,Clerk#000000308,1993-09-04,4163.37,2668,3,1
F,3-MEDIUM,2,BUILDING,21,Clerk#000000504,1993-09-28,6786.63,12565,3,1
F,4-NOT SPECIFIED,4,HOUSEHOLD,10,Clerk#000000886,1993-09-26,5790.54,7703,0,1
F,4-NOT SPECIFIED,4,FURNITURE,11,Clerk#000000116,1993-07-24,-526.72,5974,0,1
F,1-URGENT,3,MACHINERY,23,Clerk#000000973,1993-07-04,459.22,1348,2,1
F,4-NOT SPECIFIED,2,HOUSEHOLD,18,Clerk#000000314,1993-07-28,7517.13,11561,0,1
F,4-NOT SPECIFIED,4,FURNITURE,20,Clerk#000000660,1993-08-24,7452.61,5626,0,1
F,2-HIGH,4,AUTOMOBILE,4,Clerk#000000369,1993-09-01,6387.31,1547,4,1
F,1-URGENT,1,BUILDING,1,Clerk#000000465,1993-08-05,9355.7,9715,2,1
F,4-NOT SPECIFIED,3,BUILDING,22,Clerk#000000037,1993-07-20,9454.7,2017,0,1
F,5-LOW,1,MACHINERY,17,Clerk#000000051,1993-09-17,3107.95,7597,1,1
F,5-LOW,0,BUILDING,16,Clerk#000000098,1993-08-12,4161.36,12811,1,1
F,4-NOT SPECIFIED,4,MACHINERY,11,Clerk#000000575,1993-09-07,9615.16,14929,0,1
F,1-URGENT,1,BUILDING,2,Clerk#000000597,1993-08-03,3563.78,11464,2,1
F,5-LOW,3,FURNITURE,19,Clerk#000000324,1993-07-27,4435.01,6538,1,1
F,1-URGENT,1,FURNITURE,1,Clerk#000000614,1993-07-28,3186.57,310,2,1
F,4-NOT SPECIFIED,4,BUILDING,4,Clerk#000000532,1993-09-12,5983.81,10711,0,1
F,5-LOW,0,MACHINERY,15,Clerk#000000104,1993-07-19,5692.11,13046,1,1
F,2-HIGH,3,FURNITURE,7,Clerk#000000135,1993-07-14,-842.39,136,4,1
F,4-NOT SPECIFIED,0,AUTOMOBILE,5,Clerk#000000523,1993-09-04,9829.41,6958,0,1
F,2-HIGH,0,MACHINERY,15,Clerk#000000707,1993-09-08,-460.82,4921,4,1
F,1-URGENT,2,HOUSEHOLD,9,Clerk#000000119,1993-08-22,665.31,2312,2,1
F,1-URGENT,3,BUILDING,22,Clerk#000000478,1993-09-22,7941.73,7018,2,1
F,4-NOT SPECIFIED,3,AUTOMOBILE,19,Clerk#000000925,1993-08-19,5846.25,13838,0,1
F,4-NOT SPECIFIED,3,HOUSEHOLD,7,Clerk#000000503,1993-07-12,7650.12,8330,0,1
F,4-NOT SPECIFIED,2,MACHINERY,9,Clerk#000000799,1993-07-18,9947.39,14332,0,1
F,3-MEDIUM,2,HOUSEHOLD,8,Clerk#000000820,1993-08-30,7294.7,10907,3,1
F,4-NOT SPECIFIED,1,FURNITURE,1,Clerk#000000121,1993-07-09,7543.01,1417,0,1
F,5-LOW,2,AUTOMOBILE,9,Clerk#000000904,1993-09-23,2326.68,1231,1,1
F,4-NOT SPECIFIED,4,FURNITURE,13,Clerk#000000388,1993-08-03,2722,6527,0,1
F,2-HIGH,2,MACHINERY,18,Clerk#000000390,1993-08-09,3008.53,6617,4,1
F,4-NOT SPECIFIED,1,BUILDING,1,Clerk#000000787,1993-09-28,7655.73,7426,0,1
F,1-URGENT,0,MACHINERY,14,Clerk#000000933,1993-08-04,6194.93,14990,2,1
F,5-LOW,2,MACHINERY,9,Clerk#000000140,1993-07-26,1850.48,12226,1,1
F,3-MEDIUM,2,HOUSEHOLD,18,Clerk#000000050,1993-08-13,4616.85,10297,3,1
F,5-LOW,1,HOUSEHOLD,24,Clerk#000000609,1993-07-13,6625.51,4247,1,1
F,4-NOT SPECIFIED,4,AUTOMOBILE,11,Clerk#000000789,1993-09-30,1845.68,6083,0,1
F,1-URGENT,4,FURNITURE,13,Clerk#000000108,1993-08-08,7418.79,8917,2,1
F,4-NOT SPECIFIED,1,BUILDING,2,Clerk#000000965,1993-09-03,2183.31,2014,0,1
F,3-MEDIUM,1,AUTOMOBILE,1,Clerk#000000069,1993-08-22,2857.43,6532,3,1
F,3-MEDIUM,0,FURNITURE,0,Clerk#000000637,1993-08-19,9927.84,11998,3,1
F,3-MEDIUM,4,HOUSEHOLD,13,Clerk#000000710,1993-08-26,4748.57,10540,3,1
F,2-HIGH,2,AUTOMOBILE,21,Clerk#000000582,1993-07-15,4596.32,9544,4,1
F,4-NOT SPECIFIED,0,BUILDING,0,Clerk#000000438,1993-09-01,6768.23,2366,0,1
F,3-MEDIUM,1,HOUSEHOLD,24,Clerk#000000342,1993-08-30,-251.1,13627,3,1
F,2-HIGH,2,BUILDING,8,Clerk#000000815,1993-08-27,6671.41,3310,4,1
F,1-URGENT,3,BUILDING,22,Clerk#000000594,1993-07-14,4403.27,14942,2,1
F,2-HIGH,0,BUILDING,0,Clerk#000000348,1993-07-13,7035.29,6677,4,1
F,4-NOT SPECIFIED,2,HOUSEHOLD,8,Clerk#000000195,1993-09-06,1331.07,10180,0,1
F,5-LOW,4,AUTOMOBILE,10,Clerk#000000180,1993-09-28,695.56,7933,1,1
F,4-NOT SPECIFIED,3,BUILDING,19,Clerk#000000865,1993-07-11,2248.29,2714,0,1
F,5-LOW,3,FURNITURE,19,Clerk#000000146,1993-07-23,9240.38,1823,1,1
F,2-HIGH,3,HOUSEHOLD,7,Clerk#000000910,1993-08-08,9768.43,9799,4,1
F,2-HIGH,4,BUILDING,11,Clerk#000000799,1993-07-25,5890.52,14807,4,1
F,5-LOW,4,AUTOMOBILE,11,Clerk#000000378,1993-08-11,9159.59,12385,1,1
F,3-MEDIUM,3,MACHINERY,7,Clerk#000000374,1993-09-09,5378.9,2821,3,1
F,1-URGENT,2,BUILDING,8,Clerk#000000079,1993-09-13,9366.29,2300,2,1
F,3-MEDIUM,4,HOUSEHOLD,11,Clerk#000000794,1993-08-31,-862.4,11947,3,1
F,3-MEDIUM,2,MACHINERY,18,Clerk#000000140,1993-07-27,7274.01,8669,3,1
F,5-LOW,3,HOUSEHOLD,23,Clerk#000000521,1993-09-29,3452.71,7183,1,1
F,3-MEDIUM,4,FURNITURE,10,Clerk#000000249,1993-07-20,6399.92,10999,3,1
F,2-HIGH,0,MACHINERY,14,Clerk#000000850,1993-08-03,5335.36,1133,4,1
F,4-NOT SPECIFIED,3,BUILDING,19,Clerk#000000706,1993-08-20,5561.93,808,0,1
F,1-URGENT,3,FURNITURE,19,Clerk#000000388,1993-07-25,59.74,10000,2,1
F,3-MEDIUM,1,BUILDING,17,Clerk#000000300,1993-08-17,8953.22,7826,3,1
F,5-LOW,3,HOUSEHOLD,22,Clerk#000000665,1993-09-11,3785.66,13306,1,1
F,5-LOW,2,MACHINERY,8,Clerk#000000366,1993-07-07,3993.54,590,1,1
F,2-HIGH,4,HOUSEHOLD,20,Clerk#000000681,1993-07-17,3554.78,4342,4,1
F,2-HIGH,1,FURNITURE,2,Clerk#000000118,1993-07-14,5044.61,3407,4,1
F,1-URGENT,1,BUILDING,17,Clerk#000000031,1993-07-11,6700.63,12011,2,1
F,2-HIGH,1,MACHINERY,17,Clerk#000000019,1993-08-07,7379.41,13226,4,1
F,3-MEDIUM,3,MACHINERY,22,Clerk#000000713,1993-08-10,7013.55,2527,3,1
F,5-LOW,4,FURNITURE,4,Clerk#000000621,1993-09-06,433.13,5725,1,1
F,5-LOW,4,FURNITURE,11,Clerk#000000725,1993-07-19,9284.1,2831,1,1
F,3-MEDIUM,1,AUTOMOBILE,1,Clerk#000000564,1993-07-04,1432.68,8215,3,1
F,4-NOT SPECIFIED,0,MACHINERY,5,Clerk#000000080,1993-08-13,5467.34,12583,0,1
F,5-LOW,4,BUILDING,10,Clerk#000000542,1993-09-29,9448.92,4373,1,1
F,2-HIGH,0,BUILDING,16,Clerk#000000782,1993-07-19,3109.96,542,4,1
F,1-URGENT,3,HOUSEHOLD,22,Clerk#000000748,1993-09-07,2762.04,5968,2,1
F,1-URGENT,0,BUILDING,15,Clerk#000000758,1993-07-14,200,1766,2,1
F,1-URGENT,0,AUTOMOBILE,16,Clerk#000000442,1993-09-29,7315.94,44,2,1
F,3-MEDIUM,3,BUILDING,19,Clerk#000000124,1993-09-24,5352.47,8947,3,1
F,3-MEDIUM,2,HOUSEHOLD,12,Clerk#000000811,1993-07-13,979.89,10001,3,1
F,2-HIGH,3,HOUSEHOLD,7,Clerk#000000828,1993-09-14,1146.56,6506,4,1
F,2-HIGH,0,AUTOMOBILE,15,Clerk#000000035,1993-07-29,2944.86,5104,4,1
F,3-MEDIUM,2,FURNITURE,21,Clerk#000000081,1993-08-12,7638.82,4138,3,1
F,4-NOT SPECIFIED,3,MACHINERY,23,Clerk#000000513,1993-08-19,5080.68,13174,0,1
F,5-LOW,3,FURNITURE,7,Clerk#000000760,1993-08-29,2769.48,8005,1,1
F,3-MEDIUM,0,FURNITURE,15,Clerk#000000010,1993-07-20,1372.79,3526,3,1
F,2-HIGH,3,BUILDING,19,Clerk#000000393,1993-08-23,4146.43,401,4,1
F,4-NOT SPECIFIED,1,MACHINERY,3,Clerk#000000916,1993-08-28,-487.92,632,0,1
F,2-HIGH,2,HOUSEHOLD,8,Clerk#000000415,1993-08-05,2657.72,4079,4,1
F,1-URGENT,2,HOUSEHOLD,9,Clerk#000000409,1993-09-11,9610.96,4016,2,1
F,3-MEDIUM,4,HOUSEHOLD,10,Clerk#000000150,1993-08-09,9584.84,9872,3,1
F,1-URGENT,4,BUILDING,4,Clerk#000000246,1993-07-31,5373.18,9821,2,1
F,1-URGENT,3,BUILDING,19,Clerk#000000236,1993-09-09,5352.47,8947,2,1
F,2-HIGH,4,FURNITURE,4,Clerk#000000274,1993-09-15,8001.2,14576,4,1
F,1-URGENT,0,BUILDING,0,Clerk#000000427,1993-09-21,2561.17,13934,2,1
F,1-URGENT,1,AUTOMOBILE,17,Clerk#000000198,1993-08-01,5356.96,1768,2,1
F,2-HIGH,4,FURNITURE,13,Clerk#000000817,1993-08-05,8426.13,6304,4,1
F,3-MEDIUM,2,BUILDING,21,Clerk#000000833,1993-08-26,2959.12,14824,3,1
F,2-HIGH,0,HOUSEHOLD,14,Clerk#000000690,1993-07-10,5326.48,12260,4,1
F,1-URGENT,3,BUILDING,6,Clerk#000000968,1993-07-12,-15.06,5680,2,1
F,5-LOW,1,HOUSEHOLD,1,Clerk#000000247,1993-07-20,9335.69,12214,1,1
F,5-LOW,0,FURNITURE,15,Clerk#000000445,1993-09-16,6988.55,856,1,1
F,4-NOT SPECIFIED,4,MACHINERY,4,Clerk#000000102,1993-09-19,9331.55,3610,0,1
F,2-HIGH,0,FURNITURE,16,Clerk#000000338,1993-09-28,3666.02,11164,4,1
F,4-NOT SPECIFIED,3,AUTOMOBILE,6,Clerk#000000643,1993-07-30,8306.08,5399,0,1
F,4-NOT SPECIFIED,4,MACHINERY,20,Clerk#000000865,1993-07-20,4359.3,9238,0,1
F,4-NOT SPECIFIED,3,BUILDING,19,Clerk#000000893,1993-08-24,8187.73,11155,0,1
F,5-LOW,0,HOUSEHOLD,0,Clerk#000000582,1993-08-14,1306.86,1939,1,1
F,5-LOW,2,MACHINERY,9,Clerk#000000293,1993-07-10,330.68,12493,1,1
F,3-MEDIUM,1,MACHINERY,3,Clerk#000000594,1993-09-19,3682.91,14363,3,1
F,5-LOW,4,FURNITURE,10,Clerk#000000485,1993-07-01,208.89,14071,1,1
F,5-LOW,3,FURNITURE,23,Clerk#000000040,1993-08-21,8586.04,1672,1,1
F,5-LOW,0,HOUSEHOLD,14,Clerk#000000228,1993-08-27,974.72,2809,1,1
F,2-HIGH,0,AUTOMOBILE,14,Clerk#000000658,1993-08-07,-464.77,7084,4,1
F,5-LOW,4,BUILDING,13,Clerk#000000070,1993-08-23,4322.42,3004,1,1
F,4-NOT SPECIFIED,1,AUTOMOBILE,3,Clerk#000000519,1993-08-21,1614.35,1651,0,1
F,2-HIGH,0,HOUSEHOLD,0,Clerk#000000297,1993-07-16,3507.42,2761,4,1
F,2-HIGH,1,HOUSEHOLD,3,Clerk#000000765,1993-09-21,5521.36,343,4,1
F,4-NOT SPECIFIED,3,AUTOMOBILE,6,Clerk#000000427,1993-09-12,3288.76,667,0,1
F,3-MEDIUM,3,HOUSEHOLD,19,Clerk#000000968,1993-07-08,9086.77,2206,3,1
F,3-MEDIUM,4,HOUSEHOLD,13,Clerk#000000370,1993-08-25,7256.23,12335,3,1
F,3-MEDIUM,1,HOUSEHOLD,3,Clerk#000000504,1993-08-05,8763.89,8179,3,1
F,4-NOT SPECIFIED,3,AUTOMOBILE,22,Clerk#000000462,1993-07-09,5543.88,3179,0,1
F,5-LOW,2,FURNITURE,21,Clerk#000000630,1993-08-05,832.12,12184,1,1
F,1-URGENT,2,MACHINERY,18,Clerk#000000761,1993-07-29,-95.48,11167,2,1
F,5-LOW,0,HOUSEHOLD,14,Clerk#000000842,1993-07-09,4690.02,11597,1,1
F,3-MEDIUM,0,AUTOMOBILE,16,Clerk#000000703,1993-08-21,8228.77,13717,3,1
F,3-MEDIUM,3,AUTOMOBILE,6,Clerk#000000417,1993-08-14,-238.43,3163,3,1
F,5-LOW,1,FURNITURE,1,Clerk#000000971,1993-07-02,4506.67,9949,1,1
F,2-HIGH,1,BUILDING,3,Clerk#000000130,1993-09-12,5257.28,8558,4,1
F,5-LOW,1,BUILDING,1,Clerk#000000584,1993-07-30,9340.67,8845,1,1
F,3-MEDIUM,0,BUILDING,16,Clerk#000000293,1993-07-18,4965.47,11189,3,1
F,4-NOT SPECIFIED,0,HOUSEHOLD,16,Clerk#000000011,1993-07-19,-382.76,2023,0,1
F,5-LOW,0,HOUSEHOLD,14,Clerk#000000979,1993-08-19,9452.52,12550,1,1
F,5-LOW,4,MACHINERY,4,Clerk#000000338,1993-07-26,7333.47,6778,1,1
F,4-NOT SPECIFIED,3,HOUSEHOLD,23,Clerk#000000988,1993-08-17,2022.48,5986,0,1
F,4-NOT SPECIFIED,4,HOUSEHOLD,20,Clerk#000000927,1993-09-28,7304.88,14348,0,1
F,3-MEDIUM,3,MACHINERY,7,Clerk#000000619,1993-09-14,2166.56,13078,3,1
F,3-MEDIUM,4,HOUSEHOLD,20,Clerk#000000300,1993-07-02,2110.59,451,3,1
F,3-MEDIUM,2,HOUSEHOLD,18,Clerk#000000881,1993-07-30,3324.65,5828,3,1
F,2-HIGH,2,BUILDING,21,Clerk#000000817,1993-09-16,2423.92,12817,4,1
F,1-URGENT,1,FURNITURE,17,Clerk#000000630,1993-07-04,1677.56,3593,2,1
F,4-NOT SPECIFIED,4,BUILDING,11,Clerk#000000838,1993-09-15,5719.79,4145,0,1
F,2-HIGH,4,HOUSEHOLD,10,Clerk#000000702,1993-08-15,458.52,5984,4,1
F,1-URGENT,1,MACHINERY,3,Clerk#000000675,1993-07-18,7244.63,2255,2,1
F,3-MEDIUM,3,MACHINERY,6,Clerk#000000822,1993-09-23,4214.78,7916,3,1
F,2-HIGH,3,FURNITURE,6,Clerk#000000046,1993-08-19,4033.67,10505,4,1
F,3-MEDIUM,2,HOUSEHOLD,8,Clerk#000000797,1993-09-03,2725.21,9818,3,1
F,2-HIGH,4,MACHINERY,4,Clerk#000000880,1993-08-10,5777.73,12482,4,1
F,4-NOT SPECIFIED,1,FURNITURE,2,Clerk#000000704,1993-09-27,1416.75,1084,0,1
F,1-URGENT,3,HOUSEHOLD,23,Clerk#000000772,1993-09-28,6220.42,13663,2,1
F,3-MEDIUM,1,MACHINERY,17,Clerk#000000540,1993-09-05,2883.71,8602,3,1
F,2-HIGH,0,FURNITURE,14,Clerk#000000283,1993-07-24,3230.13,11842,4,1
F,3-MEDIUM,1,HOUSEHOLD,3,Clerk#000000237,1993-07-10,1432.07,13352,3,1
F,5-LOW,4,AUTOMOBILE,11,Clerk#000000209,1993-09-02,9270.88,1459,1,1
F,5-LOW,0,MACHINERY,16,Clerk#000000547,1993-07-21,8847.45,6622,1,1
F,2-HIGH,1,AUTOMOBILE,3,Clerk#000000698,1993-09-03,8317.73,3658,4,1
F,5-LOW,4,HOUSEHOLD,11,Clerk#000000481,1993-08-29,4287.88,14308,1,1
F,1-URGENT,0,FURNITURE,0,Clerk#000000151,1993-07-13,6447.81,5465,2,1
F,1-URGENT,3,BUILDING,6,Clerk#000000080,1993-07-31,7086.19,4432,2,1
F,3-MEDIUM,3,AUTOMOBILE,19,Clerk#000000908,1993-08-04,2230.59,6682,3,1
F,3-MEDIUM,1,MACHINERY,3,Clerk#000000729,1993-09-06,8428.89,11449,3,1
F,3-MEDIUM,2,FURNITURE,21,Clerk#000000407,1993-08-17,297.97,10793,3,1
F,4-NOT SPECIFIED,4,AUTOMOBILE,10,Clerk#000000927,1993-07-19,2371.39,3118,0,1
F,1-URGENT,0,HOUSEHOLD,15,Clerk#000000657,1993-07-05,-516.28,1804,2,1
F,1-URGENT,1,MACHINERY,17,Clerk#000000999,1993-09-16,4749.32,3220,2,1
F,3-MEDIUM,2,HOUSEHOLD,18,Clerk#000000968,1993-08-04,1345.48,11797,3,1
F,3-MEDIUM,2,BUILDING,8,Clerk#000000154,1993-08-22,3094.89,12481,3,1
F,1-URGENT,1,FURNITURE,2,Clerk#000000066,1993-09-23,5131.95,6446,2,1
F,1-URGENT,1,BUILDING,3,Clerk#000000279,1993-09-02,1488.3,10408,2,1
F,5-LOW,3,BUILDING,19,Clerk#000000077,1993-09-20,5561.93,808,1,1
F,1-URGENT,2,HOUSEHOLD,9,Clerk#000000961,1993-07-11,-117.9,3848,2,1
F,4-NOT SPECIFIED,2,MACHINERY,9,Clerk#000000975,1993-09-12,2683.22,10771,0,1
F,4-NOT SPECIFIED,4,MACHINERY,4,Clerk#000000156,1993-07-31,4917.21,10144,0,1
F,5-LOW,4,MACHINERY,10,Clerk#000000330,1993-08-24,7952.76,9226,1,1
F,5-LOW,3,BUILDING,6,Clerk#000000731,1993-07-25,7877.7,4922,1,1
F,1-URGENT,0,FURNITURE,0,Clerk#000000794,1993-09-10,8145.78,10063,2,1
F,1-URGENT,4,BUILDING,13,Clerk#000000541,1993-08-18,7163.23,14812,2,1
F,4-NOT SPECIFIED,0,HOUSEHOLD,0,Clerk#000000094,1993-09-04,3063.11,797,0,1
F,1-URGENT,3,BUILDING,19,Clerk#000000935,1993-07-03,5352.47,8947,2,1
F,4-NOT SPECIFIED,3,AUTOMOBILE,19,Clerk#000000294,1993-09-18,9442.52,6442,0,1
F,2-HIGH,0,AUTOMOBILE,15,Clerk#000000650,1993-09-24,529.6,3889,4,1
F,2-HIGH,2,HOUSEHOLD,12,Clerk#000000209,1993-08-10,5295.78,8738,4,1
F,2-HIGH,2,AUTOMOBILE,18,Clerk#000000485,1993-07-17,-275.97,7738,4,1
F,5-LOW,3,BUILDING,7,Clerk#000000781,1993-08-06,464.81,14621,1,1
F,5-LOW,2,AUTOMOBILE,12,Clerk#000000695,1993-07-29,-72.8,14608,1,1
F,2-HIGH,4,HOUSEHOLD,20,Clerk#000000385,1993-07-20,7942.82,5386,4,1
F,5-LOW,4,HOUSEHOLD,4,Clerk#000000230,1993-07-29,4174.81,5048,1,1
F,3-MEDIUM,1,MACHINERY,2,Clerk#000000650,1993-08-20,6772.01,2389,3,1
F,1-URGENT,1,HOUSEHOLD,1,Clerk#000000957,1993-07-11,3059.95,2771,2,1
F,4-NOT SPECIFIED,3,FURNITURE,22,Clerk#000000607,1993-09-13,9582.7,12910,0,1
F,5-LOW,0,HOUSEHOLD,16,Clerk#000000031,1993-09-09,7803.21,2711,1,1
F,2-HIGH,1,HOUSEHOLD,17,Clerk#000000318,1993-08-29,5244.24,13315,4,1
F,2-HIGH,1,AUTOMOBILE,24,Clerk#000000635,1993-07-22,9213.06,14255,4,1
F,4-NOT SPECIFIED,1,FURNITURE,3,Clerk#000000557,1993-07-11,2616.46,2480,0,1
F,2-HIGH,0,HOUSEHOLD,15,Clerk#000000201,1993-07-29,1965.38,1426,4,1
F,1-URGENT,3,HOUSEHOLD,6,Clerk#000000744,1993-09-29,6916.29,5669,2,1
F,1-URGENT,3,FURNITURE,22,Clerk#000000355,1993-09-10,3328.49,9763,2,1
F,2-HIGH,0,BUILDING,0,Clerk#000000932,1993-08-10,2072.99,793,4,1
F,1-URGENT,0,BUILDING,15,Clerk#000000679,1993-08-03,6752.92,2245,2,1
F,4-NOT SPECIFIED,2,MACHINERY,8,Clerk#000000218,1993-07-07,3993.54,590,0,1
F,4-NOT SPECIFIED,2,MACHINERY,9,Clerk#000000982,1993-07-31,6405.04,12484,0,1
F,4-NOT SPECIFIED,4,BUILDING,13,Clerk#000000695,1993-07-07,-793.8,8428,0,1
F,1-URGENT,3,AUTOMOBILE,7,Clerk#000000629,1993-08-31,6134.4,454,2,1
F,4-NOT SPECIFIED,4,FURNITURE,20,Clerk#000000523,1993-08-05,8599.54,4315,0,1
F,4-NOT SPECIFIED,0,BUILDING,14,Clerk#000000922,1993-07-13,517.43,6496,0,1
F,5-LOW,4,BUILDING,10,Clerk#000000629,1993-07-15,8659.92,7585,1,1
F,3-MEDIUM,3,AUTOMOBILE,19,Clerk#000000909,1993-07-15,6097.01,3895,3,1
F,3-MEDIUM,2,HOUSEHOLD,12,Clerk#000000438,1993-08-12,-596.11,14765,3,1
F,4-NOT SPECIFIED,1,BUILDING,24,Clerk#000000381,1993-09-17,6236.16,14497,0,1
F,4-NOT SPECIFIED,2,FURNITURE,18,Clerk#000000789,1993-07-13,4145.47,4681,0,1
F,5-LOW,3,MACHINERY,23,Clerk#000000543,1993-08-04,1065.86,6175,1,1
F,2-HIGH,4,FURNITURE,10,Clerk#000000064,1993-08-05,6528.08,8092,4,1
F,1-URGENT,1,AUTOMOBILE,17,Clerk#000000416,1993-08-16,2426.67,4151,2,1
F,3-MEDIUM,2,FURNITURE,12,Clerk#000000346,1993-08-03,9376.24,1657,3,1
F,3-MEDIUM,2,BUILDING,12,Clerk#000000918,1993-07-06,7436.64,10195,3,1
F,5-LOW,1,AUTOMOBILE,17,Clerk#000000733,1993-09-04,5894.89,2597,1,1
F,2-HIGH,3,HOUSEHOLD,22,Clerk#000000688,1993-07-23,5976.59,14614,4,1
F,3-MEDIUM,4,FURNITURE,11,Clerk#000000906,1993-09-21,-35.67,11932,3,1
F,5-LOW,4,AUTOMOBILE,10,Clerk#000000846,1993-08-21,4781.47,7144,1,1
F,5-LOW,2,MACHINERY,12,Clerk#000000416,1993-08-01,3342.75,536,1,1
F,5-LOW,4,BUILDING,10,Clerk#000000731,1993-08-27,6320.04,2485,1,1
F,3-MEDIUM,1,FURNITURE,2,Clerk#000000132,1993-08-15,6670.94,12431,3,1
F,1-URGENT,0,MACHINERY,0,Clerk#000000178,1993-07-06,3706.49,2356,2,1
F,1-URGENT,3,AUTOMOBILE,7,Clerk#000000702,1993-08-21,6737.6,4405,2,1
F,5-LOW,0,FURNITURE,15,Clerk#000000392,1993-07-27,9647.58,529,1,1
F,2-HIGH,3,HOUSEHOLD,22,Clerk#000000238,1993-09-20,5275.6,13012,4,1
F,5-LOW,4,FURNITURE,13,Clerk#000000820,1993-08-18,3635.35,889,1,1
F,4-NOT SPECIFIED,0,AUTOMOBILE,15,Clerk#000000123,1993-09-16,529.6,3889,0,1
F,4-NOT SPECIFIED,3,FURNITURE,23,Clerk#000000597,1993-09-01,5976.79,12274,0,1
F,2-HIGH,4,MACHINERY,4,Clerk#000000060,1993-08-28,1758.16,9898,4,1
F,5-LOW,4,HOUSEHOLD,4,Clerk#000000670,1993-08-11,3640.79,14716,1,1
F,2-HIGH,1,BUILDING,1,Clerk#000000781,1993-08-31,2834.8,6742,4,1
F,4-NOT SPECIFIED,0,AUTOMOBILE,16,Clerk#000000802,1993-07-03,8228.77,13717,0,1
F,2-HIGH,0,MACHINERY,16,Clerk#000000936,1993-09-06,52.97,9098,4,1
F,1-URGENT,3,FURNITURE,6,Clerk#000000274,1993-07-22,6911.87,12823,2,1
F,3-MEDIUM,4,HOUSEHOLD,10,Clerk#000000371,1993-07-30,-934.07,12602,3,1
F,3-MEDIUM,1,AUTOMOBILE,3,Clerk#000000366,1993-08-17,5582.63,677,3,1
F,1-URGENT,0,HOUSEHOLD,15,Clerk#000000748,1993-09-13,128.21,14938,2,1
F,3-MEDIUM,0,HOUSEHOLD,15,Clerk#000000975,1993-08-23,5432.77,533,3,1
F,3-MEDIUM,2,MACHINERY,21,Clerk#000000599,1993-08-11,1663.28,1063,3,1
F,3-MEDIUM,2,HOUSEHOLD,8,Clerk#000000139,1993-07-30,7884.2,6610,3,1
F,4-NOT SPECIFIED,3,HOUSEHOLD,19,Clerk#000000859,1993-07-23,6080.07,2209,0,1
F,5-LOW,3,BUILDING,22,Clerk#000000509,1993-09-04,10.63,13694,1,1
F,3-MEDIUM,0,BUILDING,0,Clerk#000000303,1993-08-23,9552.1,3866,3,1
F,4-NOT SPECIFIED,0,HOUSEHOLD,5,Clerk#000000686,1993-09-18,5423.62,14650,0,1
F,3-MEDIUM,3,HOUSEHOLD,23,Clerk#000000890,1993-09-01,7614.45,5926,3,1
F,4-NOT SPECIFIED,3,FURNITURE,23,Clerk#000000889,1993-08-07,5976.79,12274,0,1
F,4-NOT SPECIFIED,0,AUTOMOBILE,16,Clerk#000000524,1993-08-02,8228.77,13717,0,1
F,5-LOW,4,MACHINERY,4,Clerk#000000584,1993-09-13,9541.19,218,1,1
F,2-HIGH,0,MACHINERY,16,Clerk#000000362,1993-08-13,294.97,9454,4,1
F,1-URGENT,4,HOUSEHOLD,4,Clerk#000000112,1993-07-10,-406.08,12883,2,1
F,1-URGENT,1,HOUSEHOLD,17,Clerk#000000808,1993-09-26,4273.68,5738,2,1
F,3-MEDIUM,4,BUILDING,20,Clerk#000000500,1993-09-05,4705.1,5659,3,1
F,5-LOW,0,HOUSEHOLD,0,Clerk#000000406,1993-08-20,9497.89,295,1,1
F,4-NOT SPECIFIED,2,HOUSEHOLD,9,Clerk#000000019,1993-07-29,5140.15,8183,0,1
F,5-LOW,0,MACHINERY,0,Clerk#000000307,1993-08-09,4367.53,700,1,1
F,1-URGENT,1,FURNITURE,24,Clerk#000000340,1993-09-11,8056.75,10811,2,1
F,1-URGENT,4,HOUSEHOLD,13,Clerk#000000994,1993-07-09,962.17,13348,2,1
F,2-HIGH,4,MACHINERY,4,Clerk#000000129,1993-07-25,-43.08,179,4,1
F,5-LOW,2,AUTOMOBILE,9,Clerk#000000974,1993-08-12,7827.54,9959,1,1
F,5-LOW,4,FURNITURE,20,Clerk#000000341,1993-09-01,3395.59,7507,1,1
F,4-NOT SPECIFIED,3,BUILDING,6,Clerk#000000334,1993-07-27,3095.1,12700,0,1
F,3-MEDIUM,4,BUILDING,10,Clerk#000000889,1993-07-28,9482.23,3823,3,1
F,4-NOT SPECIFIED,1,MACHINERY,1,Clerk#000000798,1993-09-22,9950.78,8261,0,1
F,4-NOT SPECIFIED,2,MACHINERY,18,Clerk#000000107,1993-07-19,613.67,12640,0,1
F,3-MEDIUM,1,FURNITURE,17,Clerk#000000479,1993-07-02,3801.06,12985,3,1
F,2-HIGH,4,AUTOMOBILE,13,Clerk#000000757,1993-08-29,-850.19,7322,4,1
F,5-LOW,2,AUTOMOBILE,9,Clerk#000000841,1993-07-28,2209.81,142,1,1
F,1-URGENT,1,BUILDING,17,Clerk#000000276,1993-09-12,1486.24,3899,2,1
F,2-HIGH,2,HOUSEHOLD,9,Clerk#000000545,1993-08-05,7724.27,6836,4,1
F,1-URGENT,0,AUTOMOBILE,14,Clerk#000000540,1993-07-26,7473,5732,2,1
F,2-HIGH,4,MACHINERY,10,Clerk#000000997,1993-08-16,9275.15,5950,4,1
F,3-MEDIUM,0,AUTOMOBILE,0,Clerk#000000780,1993-07-23,5391.74,874,3,1
F,2-HIGH,2,MACHINERY,12,Clerk#000000266,1993-09-24,6912.53,1664,4,1
F,2-HIGH,4,HOUSEHOLD,4,Clerk#000000957,1993-08-30,-723.99,5797,4,1
F,3-MEDIUM,1,HOUSEHOLD,3,Clerk#000000607,1993-07-22,8763.89,8179,3,1
F,5-LOW,3,FURNITURE,7,Clerk#000000335,1993-08-29,-337.05,6106,1,1
F,4-NOT SPECIFIED,0,MACHINERY,0,Clerk#000000283,1993-09-16,4374.76,10082,0,1
F,3-MEDIUM,3,FURNITURE,22,Clerk#000000226,1993-09-11,7709.72,2758,3,1
F,3-MEDIUM,1,AUTOMOBILE,1,Clerk#000000442,1993-08-01,4592.96,6418,3,1
F,5-LOW,4,BUILDING,4,Clerk#000000912,1993-07-20,5341.41,7873,1,1
F,2-HIGH,3,HOUSEHOLD,22,Clerk#000000852,1993-07-12,8963.37,10849,4,1
F,3-MEDIUM,1,AUTOMOBILE,24,Clerk#000000835,1993-07-15,5681.87,2020,3,1
F,4-NOT SPECIFIED,0,MACHINERY,15,Clerk#000000822,1993-07-23,-95.34,3202,0,1
F,4-NOT SPECIFIED,1,HOUSEHOLD,1,Clerk#000000695,1993-08-06,719.79,13702,0,1
F,1-URGENT,0,MACHINERY,14,Clerk#000000436,1993-08-17,7347.54,5149,2,1
F,2-HIGH,1,FURNITURE,24,Clerk#000000687,1993-07-06,237.34,4999,4,1
F,1-URGENT,4,BUILDING,20,Clerk#000000744,1993-07-07,2416.86,11707,2,1
F,4-NOT SPECIFIED,2,FURNITURE,8,Clerk#000000704,1993-08-08,6687.25,14197,0,1
F,1-URGENT,1,MACHINERY,2,Clerk#000000192,1993-07-25,258.03,11056,2,1
F,5-LOW,1,HOUSEHOLD,3,Clerk#000000084,1993-09-15,2734.72,6370,1,1
F,5-LOW,3,FURNITURE,22,Clerk#000000592,1993-07-01,2093.86,10663,1,1
F,5-LOW,1,AUTOMOBILE,2,Clerk#000000297,1993-07-11,3934.96,10909,1,1
F,1-URGENT,4,HOUSEHOLD,10,Clerk#000000765,1993-09-13,5091.52,12689,2,1
F,5-LOW,1,HOUSEHOLD,3,Clerk#000000859,1993-07-05,4192.56,7903,1,1
F,5-LOW,4,AUTOMOBILE,10,Clerk#000000605,1993-09-24,4079.49,11626,1,1
F,5-LOW,0,HOUSEHOLD,16,Clerk#000000980,1993-08-16,7631.94,755,1,1
F,4-NOT SPECIFIED,2,FURNITURE,8,Clerk#000000919,1993-07-30,7486.06,8986,0,1
F,4-NOT SPECIFIED,3,AUTOMOBILE,6,Clerk#000000251,1993-08-28,-238.43,3163,0,1
F,3-MEDIUM,2,BUILDING,18,Clerk#000000887,1993-09-29,2424.89,14269,3,1
F,5-LOW,0,AUTOMOBILE,16,Clerk#000000409,1993-09-21,8386.46,12266,1,1
F,2-HIGH,0,MACHINERY,5,Clerk#000000133,1993-09-27,9798.61,8104,4,1
F,1-URGENT,4,AUTOMOBILE,4,Clerk#000000044,1993-08-07,4568.66,10912,2,1
F,1-URGENT,2,MACHINERY,9,Clerk#000000164,1993-07-25,-271.9,11357,2,1
F,4-NOT SPECIFIED,2,BUILDING,8,Clerk#000000488,1993-08-07,6373.12,9577,0,1
F,1-URGENT,3,AUTOMOBILE,7,Clerk#000000274,1993-08-14,-253.11,5584,2,1
F,1-URGENT,0,BUILDING,0,Clerk#000000880,1993-09-13,6768.23,2366,2,1
F,1-URGENT,3,AUTOMOBILE,22,Clerk#000000323,1993-07-22,5533.42,8767,2,1
F,5-LOW,1,FURNITURE,3,Clerk#000000283,1993-08-20,2094.32,13817,1,1
F,4-NOT SPECIFIED,4,BUILDING,20,Clerk#000000109,1993-08-12,6287.92,9670,0,1
F,3-MEDIUM,2,AUTOMOBILE,21,Clerk#000000045,1993-07-22,8566.91,5200,3,1
F,3-MEDIUM,3,AUTOMOBILE,23,Clerk#000000813,1993-07-20,7484.2,10987,3,1
F,3-MEDIUM,0,BUILDING,5,Clerk#000000287,1993-07-13,2550.47,3289,3,1
F,5-LOW,3,AUTOMOBILE,23,Clerk#000000958,1993-09-26,4532.51,10514,1,1
F,3-MEDIUM,1,MACHINERY,2,Clerk#000000097,1993-08-03,1074.6,2507,3,1
F,5-LOW,0,FURNITURE,0,Clerk#000000681,1993-08-28,2130.98,751,1,1
F,1-URGENT,2,AUTOMOBILE,21,Clerk#000000546,1993-09-15,1092.69,9901,2,1
F,5-LOW,4,BUILDING,4,Clerk#000000037,1993-07-30,7557,962,1,1
F,5-LOW,1,FURNITURE,1,Clerk#000000959,1993-09-20,3652.08,13853,1,1
F,2-HIGH,1,MACHINERY,1,Clerk#000000841,1993-07-15,9537.08,407,4,1
F,4-NOT SPECIFIED,3,BUILDING,22,Clerk#000000334,1993-08-09,5610.32,6337,0,1
F,3-MEDIUM,0,MACHINERY,14,Clerk#000000665,1993-09-13,6631.62,4582,3,1
F,3-MEDIUM,1,BUILDING,24,Clerk#000000044,1993-09-05,232.01,386,3,1
F,1-URGENT,4,FURNITURE,11,Clerk#000000799,1993-07-31,8259.14,7783,2,1
F,1-URGENT,4,BUILDING,20,Clerk#000000315,1993-07-08,6287.92,9670,2,1
F,2-HIGH,3,MACHINERY,23,Clerk#000000953,1993-09-01,1866.5,5774,4,1
F,1-URGENT,4,BUILDING,13,Clerk#000000911,1993-07-11,6364.6,911,2,1
F,2-HIGH,2,MACHINERY,21,Clerk#000000357,1993-09-07,4228.46,11438,4,1
F,2-HIGH,0,MACHINERY,14,Clerk#000000570,1993-09-24,5944.59,6934,4,1
F,1-URGENT,1,MACHINERY,17,Clerk#000000565,1993-09-18,9143.16,8887,2,1
F,2-HIGH,1,HOUSEHOLD,24,Clerk#000000933,1993-07-22,8678.58,1520,4,1
F,5-LOW,3,BUILDING,6,Clerk#000000318,1993-09-28,2125.96,12871,1,1
F,2-HIGH,0,BUILDING,5,Clerk#000000093,1993-08-29,4947.78,4156,4,1
F,2-HIGH,1,BUILDING,24,Clerk#000000176,1993-08-26,6639.35,8722,4,1
F,1-URGENT,4,FURNITURE,13,Clerk#000000515,1993-09-03,9539.29,3007,2,1
F,5-LOW,2,HOUSEHOLD,8,Clerk#000000044,1993-07-27,2914.18,8395,1,1
F,1-URGENT,2,FURNITURE,21,Clerk#000000709,1993-09-22,3227.87,671,2,1
F,3-MEDIUM,0,AUTOMOBILE,16,Clerk#000000303,1993-07-19,4651.46,14417,3,1
F,2-HIGH,0,BUILDING,14,Clerk#000000780,1993-09-03,9689.54,7945,4,1
F,3-MEDIUM,2,AUTOMOBILE,8,Clerk#000000538,1993-08-15,1439.84,9241,3,1
F,1-URGENT,4,HOUSEHOLD,11,Clerk#000000749,1993-08-02,6593.13,2807,2,1
F,1-URGENT,2,FURNITURE,12,Clerk#000000718,1993-08-08,7983.44,6094,2,1
F,1-URGENT,1,FURNITURE,24,Clerk#000000153,1993-07-05,6464.32,5783,2,1
F,4-NOT SPECIFIED,1,MACHINERY,2,Clerk#000000120,1993-09-07,6388.42,3745,0,1
F,3-MEDIUM,4,HOUSEHOLD,4,Clerk#000000366,1993-07-06,1393.49,14195,3,1
F,5-LOW,1,FURNITURE,2,Clerk#000000638,1993-08-02,3844.36,3595,1,1
F,5-LOW,2,AUTOMOBILE,9,Clerk#000000600,1993-09-30,4365.91,3031,1,1
F,5-LOW,2,AUTOMOBILE,12,Clerk#000000402,1993-07-02,4135.79,13763,1,1
F,5-LOW,2,MACHINERY,12,Clerk#000000753,1993-09-09,2263.25,799,1,1
F,5-LOW,4,BUILDING,13,Clerk#000000555,1993-08-01,4990.92,530,1,1
F,4-NOT SPECIFIED,3,FURNITURE,19,Clerk#000000469,1993-08-30,5667.28,12988,0,1
F,3-MEDIUM,2,MACHINERY,18,Clerk#000000940,1993-07-16,3449.52,2947,3,1
F,5-LOW,4,BUILDING,10,Clerk#000000388,1993-09-08,6025.11,8807,1,1
F,2-HIGH,1,BUILDING,1,Clerk#000000706,1993-09-14,7568.07,229,4,1
F,3-MEDIUM,0,FURNITURE,0,Clerk#000000957,1993-07-13,1295.54,541,3,1
F,2-HIGH,3,MACHINERY,7,Clerk#000000327,1993-09-03,1818.12,8314,4,1
F,3-MEDIUM,2,AUTOMOBILE,12,Clerk#000000592,1993-07-09,6607.48,5963,3,1
F,4-NOT SPECIFIED,0,FURNITURE,16,Clerk#000000558,1993-08-07,-183.62,3563,0,1
F,3-MEDIUM,0,FURNITURE,5,Clerk#000000211,1993-07-20,5748.54,7376,3,1
F,3-MEDIUM,0,FURNITURE,5,Clerk#000000383,1993-09-21,1330.8,11909,3,1
F,2-HIGH,2,FURNITURE,12,Clerk#000000839,1993-08-11,6909.87,7198,4,1
F,1-URGENT,4,AUTOMOBILE,20,Clerk#000000682,1993-08-27,-549.38,6619,2,1
F,1-URGENT,1,AUTOMOBILE,1,Clerk#000000063,1993-07-22,2857.43,6532,2,1
F,2-HIGH,2,HOUSEHOLD,8,Clerk#000000181,1993-08-01,7325.92,5269,4,1
F,5-LOW,2,MACHINERY,9,Clerk#000000514,1993-08-18,3735.71,2962,1,1
F,5-LOW,0,AUTOMOBILE,16,Clerk#000000747,1993-07-26,9660.23,14755,1,1
F,3-MEDIUM,2,MACHINERY,9,Clerk#000000070,1993-07-17,3609.95,3544,3,1
F,5-LOW,3,BUILDING,23,Clerk#000000005,1993-08-05,9465.15,1441,1,1
F,5-LOW,2,HOUSEHOLD,21,Clerk#000000071,1993-08-01,5023.46,8491,1,1
F,1-URGENT,0,BUILDING,5,Clerk#000000165,1993-09-24,2550.47,3289,2,1
F,1-URGENT,3,HOUSEHOLD,22,Clerk#000000997,1993-09-21,5976.59,14614,2,1
F,5-LOW,0,FURNITURE,14,Clerk#000000595,1993-07-22,3230.13,11842,1,1
F,3-MEDIUM,0,HOUSEHOLD,5,Clerk#000000270,1993-08-28,6752.47,10393,3,1
F,2-HIGH,3,FURNITURE,7,Clerk#000000699,1993-07-15,6762.45,14717,4,1
F,2-HIGH,4,HOUSEHOLD,11,Clerk#000000953,1993-08-02,5920.09,1408,4,1
F,5-LOW,2,AUTOMOBILE,18,Clerk#000000577,1993-08-12,4428.04,3838,1,1
F,1-URGENT,4,MACHINERY,11,Clerk#000000217,1993-09-03,9779.1,12580,2,1
F,4-NOT SPECIFIED,4,HOUSEHOLD,13,Clerk#000000889,1993-09-12,7256.23,12335,0,1
F,3-MEDIUM,2,FURNITURE,21,Clerk#000000577,1993-08-26,3414.72,2608,3,1
F,3-MEDIUM,3,FURNITURE,19,Clerk#000000462,1993-09-30,6028.15,8284,3,1
F,4-NOT SPECIFIED,4,HOUSEHOLD,4,Clerk#000000764,1993-08-21,4174.81,5048,0,1
F,3-MEDIUM,1,FURNITURE,3,Clerk#000000404,1993-07-01,5805.85,8504,3,1
F,3-MEDIUM,0,MACHINERY,5,Clerk#000000579,1993-08-06,7463.88,3772,3,1
F,3-MEDIUM,1,AUTOMOBILE,24,Clerk#000000267,1993-09-14,9213.06,14255,3,1
F,2-HIGH,2,AUTOMOBILE,8,Clerk#000000205,1993-08-15,9351.95,9604,4,1
F,5-LOW,3,FURNITURE,7,Clerk#000000287,1993-09-15,6615.97,14801,1,1
F,1-URGENT,4,FURNITURE,11,Clerk#000000597,1993-09-21,54.27,2851,2,1
F,1-URGENT,1,BUILDING,2,Clerk#000000729,1993-07-25,489.97,11992,2,1
F,4-NOT SPECIFIED,2,HOUSEHOLD,18,Clerk#000000024,1993-07-30,9117.32,6541,0,1
F,5-LOW,3,MACHINERY,6,Clerk#000000412,1993-09-24,1720.94,1807,1,1
F,2-HIGH,2,AUTOMOBILE,21,Clerk#000000721,1993-08-27,3863.13,13219,4,1
F,2-HIGH,2,BUILDING,8,Clerk#000000862,1993-09-22,5344.32,6544,4,1
F,5-LOW,0,BUILDING,0,Clerk#000000922,1993-09-19,5794.53,5431,1,1
F,1-URGENT,0,MACHINERY,0,Clerk#000000618,1993-09-18,7254.35,8162,2,1
F,1-URGENT,3,MACHINERY,7,Clerk#000000325,1993-07-24,6039.64,1463,2,1
F,3-MEDIUM,3,FURNITURE,6,Clerk#000000277,1993-08-16,2943.15,12887,3,1
F,1-URGENT,2,MACHINERY,21,Clerk#000000251,1993-08-07,5853.72,8519,2,1
F,3-MEDIUM,2,AUTOMOBILE,8,Clerk#000000329,1993-09-04,9238.01,2254,3,1
F,1-URGENT,0,FURNITURE,5,Clerk#000000520,1993-07-05,8930.52,12275,2,1
F,5-LOW,0,BUILDING,0,Clerk#000000396,1993-09-29,5373.45,8102,1,1
F,2-HIGH,0,HOUSEHOLD,5,Clerk#000000199,1993-07-15,8481.7,5861,4,1
F,1-URGENT,4,FURNITURE,10,Clerk#000000717,1993-09-06,8434.13,1513,2,1
F,3-MEDIUM,1,FURNITURE,17,Clerk#000000388,1993-09-22,6144.16,7399,3,1
F,5-LOW,3,AUTOMOBILE,23,Clerk#000000550,1993-08-01,-164.24,4927,1,1
F,3-MEDIUM,3,HOUSEHOLD,7,Clerk#000000552,1993-07-08,2045.36,7021,3,1
F,4-NOT SPECIFIED,3,FURNITURE,19,Clerk#000000148,1993-09-13,7200.15,5831,0,1
F,3-MEDIUM,3,BUILDING,19,Clerk#000000776,1993-09-02,-181.69,1364,3,1
F,1-URGENT,2,HOUSEHOLD,21,Clerk#000000194,1993-07-28,1676.59,7030,2,1
F,5-LOW,2,BUILDING,21,Clerk#000000898,1993-08-03,8650.24,4843,1,1
F,2-HIGH,4,HOUSEHOLD,20,Clerk#000000574,1993-08-02,1958.86,11488,4,1
F,1-URGENT,1,FURNITURE,24,Clerk#000000443,1993-08-13,4823.12,8866,2,1
F,5-LOW,3,MACHINERY,19,Clerk#000000023,1993-08-09,3809.54,9352,1,1
F,5-LOW,3,AUTOMOBILE,22,Clerk#000000722,1993-09-04,1007.44,6239,1,1
F,4-NOT SPECIFIED,4,MACHINERY,10,Clerk#000000877,1993-09-19,3077.02,11291,0,1
F,2-HIGH,3,FURNITURE,7,Clerk#000000244,1993-09-20,3037.33,12766,4,1
F,5-LOW,1,AUTOMOBILE,3,Clerk#000000703,1993-07-12,2457.09,385,1,1
F,3-MEDIUM,0,FURNITURE,14,Clerk#000000718,1993-07-15,6935.16,913,3,1
F,4-NOT SPECIFIED,0,BUILDING,15,Clerk#000000857,1993-07-15,8878.22,664,0,1
F,4-NOT SPECIFIED,1,FURNITURE,1,Clerk#000000701,1993-08-29,6367.12,5639,0,1
F,1-URGENT,1,BUILDING,3,Clerk#000000664,1993-08-17,5747.61,7931,2,1
F,4-NOT SPECIFIED,1,AUTOMOBILE,2,Clerk#000000691,1993-09-17,6.34,17,0,1
F,5-LOW,1,BUILDING,1,Clerk#000000989,1993-09-13,5135.25,10861,1,1
F,4-NOT SPECIFIED,0,HOUSEHOLD,5,Clerk#000000765,1993-07-12,4469.44,10094,0,1
F,2-HIGH,4,AUTOMOBILE,4,Clerk#000000819,1993-09-24,2959.31,2140,4,1
F,3-MEDIUM,2,MACHINERY,9,Clerk#000000507,1993-08-21,9086.57,12698,3,1
F,1-URGENT,4,FURNITURE,11,Clerk#000000727,1993-08-14,5170.91,3613,2,1
F,4-NOT SPECIFIED,2,MACHINERY,21,Clerk#000000776,1993-08-15,6009.05,13492,0,1
F,2-HIGH,1,BUILDING,17,Clerk#000000380,1993-07-07,8585.44,6607,4,1
F,2-HIGH,2,AUTOMOBILE,21,Clerk#000000961,1993-08-27,1092.69,9901,4,1
F,4-NOT SPECIFIED,2,BUILDING,21,Clerk#000000418,1993-07-11,5099.59,4154,0,1
F,1-URGENT,1,MACHINERY,2,Clerk#000000382,1993-07-23,-848.39,14882,2,1
F,3-MEDIUM,3,AUTOMOBILE,6,Clerk#000000748,1993-09-01,-51.99,1786,3,1
F,1-URGENT,3,MACHINERY,22,Clerk#000000819,1993-08-29,8851.2,8116,2,1
F,5-LOW,2,BUILDING,18,Clerk#000000768,1993-08-28,6326.12,13399,1,1
F,1-URGENT,2,BUILDING,12,Clerk#000000489,1993-07-07,6756.19,6770,2,1
F,3-MEDIUM,4,BUILDING,20,Clerk#000000879,1993-09-16,6062.94,11020,3,1
F,2-HIGH,3,FURNITURE,19,Clerk#000000594,1993-09-01,6028.15,8284,4,1
F,3-MEDIUM,1,AUTOMOBILE,24,Clerk#000000871,1993-07-03,2616.94,8476,3,1
F,4-NOT SPECIFIED,1,BUILDING,1,Clerk#000000814,1993-09-15,8663.17,1960,0,1
F,4-NOT SPECIFIED,3,MACHINERY,19,Clerk#000000628,1993-09-17,3385.51,6667,0,1
F,4-NOT SPECIFIED,0,HOUSEHOLD,16,Clerk#000000204,1993-07-07,4698.99,12331,0,1
F,1-URGENT,2,HOUSEHOLD,12,Clerk#000000040,1993-07-07,938.35,901,2,1
F,1-URGENT,1,BUILDING,1,Clerk#000000410,1993-09-12,1016.84,6151,2,1
F,4-NOT SPECIFIED,2,AUTOMOBILE,9,Clerk#000000951,1993-08-27,-274.75,1805,0,1
F,2-HIGH,2,MACHINERY,12,Clerk#000000111,1993-07-11,4088.47,10894,4,1
F,2-HIGH,2,AUTOMOBILE,21,Clerk#000000658,1993-08-11,3779.88,4666,4,1
F,5-LOW,2,BUILDING,21,Clerk#000000114,1993-09-14,9171.7,2285,1,1
F,5-LOW,3,AUTOMOBILE,7,Clerk#000000828,1993-07-06,5912.49,5789,1,1
F,3-MEDIUM,2,FURNITURE,8,Clerk#000000415,1993-08-16,596.71,10219,3,1
F,2-HIGH,3,MACHINERY,19,Clerk#000000240,1993-08-10,781.02,5620,4,1
F,2-HIGH,3,FURNITURE,22,Clerk#000000894,1993-09-01,-213.85,490,4,1
F,1-URGENT,2,FURNITURE,8,Clerk#000000298,1993-09-20,9365.93,1465,2,1
F,4-NOT SPECIFIED,2,HOUSEHOLD,9,Clerk#000000141,1993-07-25,229.53,4741,0,1
F,4-NOT SPECIFIED,4,MACHINERY,11,Clerk#000000682,1993-08-21,6066.94,6551,0,1
F,2-HIGH,1,HOUSEHOLD,3,Clerk#000000850,1993-07-13,135.99,11177,4,1
F,5-LOW,0,BUILDING,15,Clerk#000000002,1993-07-31,6752.92,2245,1,1
F,1-URGENT,1,BUILDING,3,Clerk#000000736,1993-07-07,4232,7594,2,1
F,3-MEDIUM,2,MACHINERY,21,Clerk#000000837,1993-08-23,5853.72,8519,3,1
F,5-LOW,1,HOUSEHOLD,1,Clerk#000000289,1993-09-11,6693.35,14786,1,1
F,5-LOW,0,MACHINERY,0,Clerk#000000245,1993-09-28,816.07,12571,1,1
F,3-MEDIUM,1,BUILDING,17,Clerk#000000171,1993-09-26,8070.64,11311,3,1
F,2-HIGH,1,BUILDING,24,Clerk#000000487,1993-09-04,7600.71,5326,4,1
F,1-URGENT,0,AUTOMOBILE,0,Clerk#000000971,1993-09-13,955.51,5765,2,1
F,3-MEDIUM,4,FURNITURE,13,Clerk#000000833,1993-08-25,1898.87,2392,3,1
F,3-MEDIUM,0,BUILDING,14,Clerk#000000905,1993-07-29,5812.93,1318,3,1
F,4-NOT SPECIFIED,1,FURNITURE,3,Clerk#000000951,1993-09-24,5805.85,8504,0,1
F,5-LOW,1,BUILDING,24,Clerk#000000456,1993-08-06,5859.97,1486,1,1
F,1-URGENT,2,MACHINERY,8,Clerk#000000799,1993-09-07,9148.89,5686,2,1
F,2-HIGH,0,FURNITURE,14,Clerk#000000643,1993-08-24,3843.65,14995,4,1
F,5-LOW,1,MACHINERY,2,Clerk#000000525,1993-08-18,3221.15,1775,1,1
F,1-URGENT,0,HOUSEHOLD,14,Clerk#000000020,1993-07-17,6714.53,6316,2,1
F,4-NOT SPECIFIED,0,BUILDING,5,Clerk#000000583,1993-08-11,-158.39,1316,0,1
F,5-LOW,4,HOUSEHOLD,20,Clerk#000000285,1993-08-15,1587.14,956,1,1
F,5-LOW,2,HOUSEHOLD,21,Clerk#000000859,1993-07-17,1014.73,4523,1,1
F,1-URGENT,1,HOUSEHOLD,17,Clerk#000000743,1993-07-05,2154.98,10853,2,1
F,1-URGENT,1,MACHINERY,3,Clerk#000000995,1993-07-17,5226.19,4657,2,1
F,2-HIGH,0,FURNITURE,16,Clerk#000000761,1993-08-14,511.93,3847,4,1
F,4-NOT SPECIFIED,0,AUTOMOBILE,5,Clerk#000000897,1993-07-30,6504.47,1676,0,1
F,1-URGENT,0,BUILDING,16,Clerk#000000303,1993-07-09,7136.81,9896,2,1
F,3-MEDIUM,4,AUTOMOBILE,11,Clerk#000000716,1993-07-28,9197.04,14351,3,1
F,5-LOW,4,MACHINERY,4,Clerk#000000687,1993-09-18,7333.47,6778,1,1
F,2-HIGH,3,AUTOMOBILE,19,Clerk#000000713,1993-09-07,3664.2,7915,4,1
F,2-HIGH,1,AUTOMOBILE,2,Clerk#000000426,1993-09-21,3103.68,8636,4,1
F,1-URGENT,1,AUTOMOBILE,3,Clerk#000000441,1993-07-12,5345.97,8467,2,1
F,1-URGENT,2,MACHINERY,8,Clerk#000000613,1993-07-19,5643.88,7997,2,1
F,1-URGENT,0,BUILDING,14,Clerk#000000769,1993-09-27,4840.82,7991,2,1
F,2-HIGH,2,MACHINERY,12,Clerk#000000402,1993-07-20,3543,12026,4,1
F,1-URGENT,3,BUILDING,23,Clerk#000000870,1993-09-07,724.95,8182,2,1
F,3-MEDIUM,0,MACHINERY,16,Clerk#000000317,1993-08-28,-196.03,13213,3,1
F,4-NOT SPECIFIED,2,BUILDING,18,Clerk#000000104,1993-08-05,383.04,3487,0,1
F,5-LOW,1,FURNITURE,1,Clerk#000000602,1993-07-03,1059.96,5710,1,1
F,4-NOT SPECIFIED,1,MACHINERY,3,Clerk#000000315,1993-07-09,9467.7,13927,0,1
F,1-URGENT,4,MACHINERY,20,Clerk#000000012,1993-07-18,948.85,13145,2,1
F,4-NOT SPECIFIED,4,HOUSEHOLD,13,Clerk#000000382,1993-09-06,1999.86,9167,0,1
F,3-MEDIUM,4,MACHINERY,4,Clerk#000000443,1993-07-02,3643.33,11347,3,1
F,4-NOT SPECIFIED,1,AUTOMOBILE,24,Clerk#000000799,1993-08-02,8867.21,8299,0,1
F,2-HIGH,1,BUILDING,1,Clerk#000000120,1993-08-27,9355.7,9715,4,1
F,5-LOW,4,MACHINERY,4,Clerk#000000048,1993-09-10,1824.31,9274,1,1
F,3-MEDIUM,4,FURNITURE,11,Clerk#000000222,1993-07-04,-680.11,4171,3,1
F,1-URGENT,1,AUTOMOBILE,2,Clerk#000000345,1993-07-10,9702.83,1708,2,1
F,2-HIGH,0,AUTOMOBILE,0,Clerk#000000250,1993-07-23,8448.17,10399,4,1
F,2-HIGH,3,AUTOMOBILE,7,Clerk#000000545,1993-08-30,9603.68,9634,4,1
F,4-NOT SPECIFIED,2,FURNITURE,21,Clerk#000000045,1993-07-14,6541.47,12046,0,1
F,4-NOT SPECIFIED,3,MACHINERY,6,Clerk#000000448,1993-08-18,1286.76,1021,0,1
F,5-LOW,1,BUILDING,17,Clerk#000000127,1993-09-26,8070.64,11311,1,1
F,3-MEDIUM,3,BUILDING,23,Clerk#000000275,1993-08-12,9465.15,1441,3,1
F,3-MEDIUM,0,BUILDING,16,Clerk#000000689,1993-07-05,5086.25,4076,3,1
F,5-LOW,1,HOUSEHOLD,3,Clerk#000000834,1993-07-06,8736.54,4141,1,1
F,5-LOW,0,BUILDING,15,Clerk#000000803,1993-09-29,5685.59,848,1,1
F,4-NOT SPECIFIED,4,FURNITURE,4,Clerk#000000971,1993-08-08,6028.37,6068,0,1
F,1-URGENT,0,FURNITURE,14,Clerk#000000783,1993-09-04,6487.71,1255,2,1
F,5-LOW,1,FURNITURE,1,Clerk#000000788,1993-07-19,3012.94,4084,1,1
F,1-URGENT,4,MACHINERY,13,Clerk#000000923,1993-09-09,-897.04,1354,2,1
F,4-NOT SPECIFIED,2,FURNITURE,9,Clerk#000000965,1993-08-24,884.2,841,0,1
F,4-NOT SPECIFIED,2,HOUSEHOLD,12,Clerk#000000609,1993-08-07,641.08,2114,0,1
F,4-NOT SPECIFIED,4,AUTOMOBILE,10,Clerk#000000356,1993-09-22,9730.84,13264,0,1
F,1-URGENT,3,BUILDING,23,Clerk#000000181,1993-07-23,1925.02,13108,2,1
F,4-NOT SPECIFIED,2,BUILDING,9,Clerk#000000367,1993-09-27,-205.86,14548,0,1
F,3-MEDIUM,0,BUILDING,15,Clerk#000000168,1993-08-14,8422.39,5560,3,1
F,2-HIGH,2,HOUSEHOLD,18,Clerk#000000622,1993-08-14,316.16,9113,4,1
F,4-NOT SPECIFIED,1,BUILDING,3,Clerk#000000831,1993-07-01,5149.23,1358,0,1
F,4-NOT SPECIFIED,1,MACHINERY,2,Clerk#000000128,1993-08-09,7470.96,101,0,1
F,2-HIGH,2,FURNITURE,21,Clerk#000000355,1993-07-17,7638.82,4138,4,1
F,3-MEDIUM,0,FURNITURE,0,Clerk#000000856,1993-08-16,-52.16,11773,3,1
F,2-HIGH,4,AUTOMOBILE,4,Clerk#000000587,1993-07-14,5950.72,5849,4,1
F,3-MEDIUM,2,MACHINERY,8,Clerk#000000389,1993-07-29,5146.68,2975,3,1
F,4-NOT SPECIFIED,1,MACHINERY,17,Clerk#000000501,1993-08-17,9908.93,9449,0,1
F,2-HIGH,2,FURNITURE,9,Clerk#000000820,1993-09-04,884.2,841,4,1
F,5-LOW,1,FURNITURE,17,Clerk#000000732,1993-07-04,5926.27,6250,1,1
F,3-MEDIUM,2,HOUSEHOLD,8,Clerk#000000222,1993-09-12,1157.26,8587,3,1
F,5-LOW,1,BUILDING,17,Clerk#000000064,1993-07-16,6700.63,12011,1,1
F,3-MEDIUM,2,HOUSEHOLD,9,Clerk#000000907,1993-09-16,4551.25,2533,3,1
F,3-MEDIUM,4,AUTOMOBILE,10,Clerk#000000134,1993-08-04,-215.75,289,3,1
F,4-NOT SPECIFIED,2,AUTOMOBILE,9,Clerk#000000352,1993-07-18,8155.16,2174,0,1
F,1-URGENT,3,AUTOMOBILE,22,Clerk#000000519,1993-09-22,5533.42,8767,2,1
F,4-NOT SPECIFIED,1,MACHINERY,17,Clerk#000000793,1993-09-15,20.89,3217,0,1
F,2-HIGH,2,FURNITURE,9,Clerk#000000055,1993-09-14,8115.04,11221,4,1
F,4-NOT SPECIFIED,3,HOUSEHOLD,23,Clerk#000000591,1993-08-03,7614.45,5926,0,1
F,5-LOW,3,AUTOMOBILE,23,Clerk#000000411,1993-07-13,-780.01,6361,1,1
F,1-URGENT,0,BUILDING,14,Clerk#000000618,1993-07-29,-411.15,3548,2,1
F,3-MEDIUM,2,MACHINERY,12,Clerk#000000841,1993-08-04,8174.82,496,3,1
F,2-HIGH,1,FURNITURE,17,Clerk#000000590,1993-08-11,9497.17,12286,4,1
F,2-HIGH,0,HOUSEHOLD,16,Clerk#000000597,1993-07-09,5079.96,9796,4,1
F,3-MEDIUM,1,MACHINERY,1,Clerk#000000558,1993-09-16,-470.11,9109,3,1
F,4-NOT SPECIFIED,0,FURNITURE,16,Clerk#000000334,1993-07-15,5466.83,14734,0,1
F,4-NOT SPECIFIED,2,BUILDING,9,Clerk#000000405,1993-08-18,3745.36,12754,0,1
F,1-URGENT,1,HOUSEHOLD,17,Clerk#000000104,1993-07-13,2154.98,10853,2,1
F,3-MEDIUM,0,BUILDING,15,Clerk#000000319,1993-07-26,-224.07,5416,3,1
F,5-LOW,3,MACHINERY,23,Clerk#000000848,1993-08-29,3918.3,1961,1,1
F,1-URGENT,4,HOUSEHOLD,13,Clerk#000000279,1993-08-02,962.17,13348,2,1
F,5-LOW,4,AUTOMOBILE,4,Clerk#000000937,1993-09-28,5858.48,902,1,1
F,2-HIGH,1,MACHINERY,17,Clerk#000000785,1993-09-21,3142.77,5489,4,1
F,1-URGENT,3,AUTOMOBILE,22,Clerk#000000452,1993-08-20,5309.19,6565,2,1
F,4-NOT SPECIFIED,3,FURNITURE,19,Clerk#000000079,1993-08-11,5667.28,12988,0,1
F,5-LOW,1,FURNITURE,2,Clerk#000000322,1993-08-23,9715.38,12862,1,1
F,2-HIGH,4,FURNITURE,4,Clerk#000000225,1993-07-23,9213.65,4498,4,1
F,3-MEDIUM,4,FURNITURE,20,Clerk#000000365,1993-09-01,4241.7,8686,3,1
F,1-URGENT,0,BUILDING,15,Clerk#000000082,1993-08-30,7430.74,4879,2,1
F,1-URGENT,0,MACHINERY,15,Clerk#000000363,1993-07-04,-334.89,551,2,1
F,5-LOW,4,MACHINERY,13,Clerk#000000304,1993-09-30,476.93,3272,1,1
F,1-URGENT,0,BUILDING,16,Clerk#000000991,1993-09-17,-716.1,109,2,1
F,2-HIGH,0,MACHINERY,15,Clerk#000000851,1993-07-06,-406.71,5363,4,1
F,5-LOW,4,HOUSEHOLD,4,Clerk#000000699,1993-08-09,1735.44,661,1,1
F,2-HIGH,0,AUTOMOBILE,14,Clerk#000000546,1993-07-30,5384.59,236,4,1
F,3-MEDIUM,2,AUTOMOBILE,8,Clerk#000000528,1993-09-12,9020.7,8941,3,1
F,5-LOW,4,BUILDING,20,Clerk#000000408,1993-07-16,6062.94,11020,1,1
F,1-URGENT,2,BUILDING,12,Clerk#000000199,1993-08-26,8183.17,5362,2,1
F,3-MEDIUM,0,MACHINERY,15,Clerk#000000411,1993-09-02,4029.24,4199,3,1
F,5-LOW,2,FURNITURE,9,Clerk#000000809,1993-09-11,8115.04,11221,1,1
F,5-LOW,0,FURNITURE,5,Clerk#000000048,1993-08-18,8077.93,10070,1,1
F,2-HIGH,0,FURNITURE,0,Clerk#000000402,1993-08-02,7787.77,8269,4,1
F,3-MEDIUM,4,AUTOMOBILE,20,Clerk#000000706,1993-08-17,1745.78,14140,3,1
F,1-URGENT,0,FURNITURE,14,Clerk#000000316,1993-08-25,1491.65,3133,2,1
F,5-LOW,3,FURNITURE,23,Clerk#000000003,1993-09-14,-969.33,8975,1,1
F,3-MEDIUM,3,FURNITURE,23,Clerk#000000618,1993-08-29,6721.32,12853,3,1
F,5-LOW,2,MACHINERY,18,Clerk#000000638,1993-07-18,682.15,10006,1,1
F,1-URGENT,4,HOUSEHOLD,4,Clerk#000000771,1993-08-16,1244.74,11648,2,1
F,4-NOT SPECIFIED,2,AUTOMOBILE,9,Clerk#000000932,1993-09-19,8155.16,2174,0,1
F,1-URGENT,3,BUILDING,22,Clerk#000000479,1993-08-29,9454.7,2017,2,1
F,2-HIGH,0,FURNITURE,15,Clerk#000000459,1993-08-28,3424.02,9730,4,1
F,2-HIGH,4,BUILDING,4,Clerk#000000667,1993-07-19,-38.43,4081,4,1
F,1-URGENT,1,AUTOMOBILE,1,Clerk#000000614,1993-09-08,-612.39,10973,2,1
F,2-HIGH,4,HOUSEHOLD,20,Clerk#000000815,1993-08-18,3597.53,470,4,1
F,4-NOT SPECIFIED,0,FURNITURE,14,Clerk#000000508,1993-09-13,9504.28,13412,0,1
F,5-LOW,0,MACHINERY,16,Clerk#000000112,1993-09-01,-893.09,7744,1,1
F,4-NOT SPECIFIED,0,HOUSEHOLD,5,Clerk#000000961,1993-07-30,5423.62,14650,0,1
F,5-LOW,1,HOUSEHOLD,3,Clerk#000000513,1993-09-25,1447.96,7969,1,1
F,1-URGENT,4,FURNITURE,10,Clerk#000000568,1993-07-16,4681.03,16,2,1
F,5-LOW,1,AUTOMOBILE,24,Clerk#000000533,1993-09-25,6648.39,5224,1,1
F,2-HIGH,3,FURNITURE,7,Clerk#000000534,1993-08-04,7964.96,14563,4,1
F,4-NOT SPECIFIED,1,MACHINERY,1,Clerk#000000659,1993-08-01,7807.34,14560,0,1
F,5-LOW,1,MACHINERY,2,Clerk#000000845,1993-09-02,5151.33,2212,1,1
F,5-LOW,1,HOUSEHOLD,24,Clerk#000000732,1993-08-04,6119.77,14890,1,1
F,1-URGENT,0,BUILDING,5,Clerk#000000514,1993-09-05,7889.64,674,2,1
F,4-NOT SPECIFIED,4,FURNITURE,11,Clerk#000000556,1993-07-08,54.27,2851,0,1
F,2-HIGH,3,FURNITURE,22,Clerk#000000912,1993-09-04,6536.22,3481,4,1
F,5-LOW,0,HOUSEHOLD,14,Clerk#000000957,1993-09-29,1344.24,4003,1,1
F,5-LOW,4,BUILDING,20,Clerk#000000572,1993-07-24,73.39,7381,1,1
F,1-URGENT,0,MACHINERY,14,Clerk#000000956,1993-08-08,2461.47,2950,2,1
F,1-URGENT,2,MACHINERY,8,Clerk#000000885,1993-09-08,4347.11,10354,2,1
F,1-URGENT,0,FURNITURE,5,Clerk#000000525,1993-08-13,9794.49,6224,2,1
F,5-LOW,4,HOUSEHOLD,13,Clerk#000000175,1993-07-11,9585.32,251,1,1
F,5-LOW,3,BUILDING,6,Clerk#000000186,1993-08-01,1491.59,11737,1,1
F,2-HIGH,3,FURNITURE,6,Clerk#000000851,1993-07-27,564.83,3764,4,1
F,3-MEDIUM,4,AUTOMOBILE,20,Clerk#000000739,1993-08-24,-208.85,13553,3,1
F,1-URGENT,2,AUTOMOBILE,8,Clerk#000000179,1993-07-11,4643.14,91,2,1
F,2-HIGH,1,BUILDING,24,Clerk#000000846,1993-08-09,1568.24,8554,4,1
F,2-HIGH,2,AUTOMOBILE,21,Clerk#000000444,1993-08-17,8085.65,4130,4,1
F,2-HIGH,3,BUILDING,22,Clerk#000000588,1993-09-24,4908.58,11965,4,1
F,5-LOW,0,FURNITURE,0,Clerk#000000668,1993-08-10,6407.46,1789,1,1
F,2-HIGH,3,FURNITURE,22,Clerk#000000975,1993-09-21,7726.88,13322,4,1
F,2-HIGH,2,MACHINERY,12,Clerk#000000191,1993-08-06,791.87,8779,4,1
F,4-NOT SPECIFIED,1,BUILDING,17,Clerk#000000941,1993-09-02,294.25,10582,0,1
F,4-NOT SPECIFIED,2,BUILDING,12,Clerk#000000555,1993-08-24,7704.96,13216,0,1
F,2-HIGH,4,HOUSEHOLD,13,Clerk#000000200,1993-09-26,7139.06,11833,4,1
F,3-MEDIUM,0,FURNITURE,5,Clerk#000000870,1993-09-26,4545.27,2180,3,1
F,5-LOW,3,MACHINERY,6,Clerk#000000067,1993-07-18,2795.39,7219,1,1
F,2-HIGH,3,AUTOMOBILE,22,Clerk#000000256,1993-07-30,9682.89,13922,4,1
F,2-HIGH,1,AUTOMOBILE,3,Clerk#000000601,1993-07-27,2415.67,6397,4,1
F,1-URGENT,2,FURNITURE,9,Clerk#000000075,1993-08-20,7188.18,8159,2,1
F,2-HIGH,3,BUILDING,19,Clerk#000000039,1993-09-09,796.96,1987,4,1
F,1-URGENT,1,BUILDING,2,Clerk#000000439,1993-08-15,3910.4,12884,2,1
F,5-LOW,2,FURNITURE,12,Clerk#000000553,1993-07-07,-793.84,2819,1,1
F,5-LOW,2,FURNITURE,18,Clerk#000000899,1993-09-23,6557.1,14861,1,1
F,2-HIGH,4,BUILDING,11,Clerk#000000643,1993-08-02,4802.03,13252,4,1
F,5-LOW,2,AUTOMOBILE,21,Clerk#000000443,1993-08-22,-155.38,14545,1,1
F,4-NOT SPECIFIED,2,BUILDING,12,Clerk#000000550,1993-07-29,8183.17,5362,0,1
F,4-NOT SPECIFIED,3,BUILDING,22,Clerk#000000356,1993-09-03,4536.18,11971,0,1
F,4-NOT SPECIFIED,4,FURNITURE,11,Clerk#000000680,1993-07-05,9284.1,2831,0,1
F,2-HIGH,0,FURNITURE,16,Clerk#000000907,1993-09-14,8615.71,12293,4,1
F,1-URGENT,0,BUILDING,15,Clerk#000000660,1993-09-03,9307.93,11236,2,1
F,1-URGENT,2,FURNITURE,9,Clerk#000000610,1993-08-03,7470.7,1591,2,1
F,1-URGENT,3,MACHINERY,22,Clerk#000000894,1993-09-29,2025.15,10495,2,1
