l_linestatus,o_orderstatus,l_returnflag,l_shipinstruct,sn_regionkey,p_mfgr,o_orderpriority,cn_regionkey,l_shipmode,l_linenumber,l_tax,s_nationkey,p_brand,c_nationkey,p_container,p_size,groupcol,aggcol
F,F,A,TAKE BACK RETURN,0,Manufacturer#5,2-HIGH,4,SHIP,3,0.08,14,Brand#53,13,MED PACK,40,588,25594.88
F,F,R,COLLECT COD,3,Manufacturer#2,3-MEDIUM,1,FOB,3,0,22,Brand#21,24,JUMBO BAG,16,589,62086.635
F,F,R,TAKE BACK RETURN,2,Manufacturer#2,3-MEDIUM,1,AIR,4,0.01,18,Brand#21,24,LG BAG,42,589,29083.59
F,F,R,COLLECT COD,2,Manufacturer#2,3-MEDIUM,1,RAIL,2,0.01,12,Brand#24,24,WRAP CAN,50,589,21246.2523
F,F,A,COLLECT COD,0,Manufacturer#5,3-MEDIUM,1,RAIL,1,0.01,5,Brand#53,24,JUMBO DRUM,26,589,27696.3518
F,F,A,NONE,3,Manufacturer#1,5-LOW,2,RAIL,2,0.04,22,Brand#12,8,MED PACK,37,590,53747.43
F,F,R,TAKE BACK RETURN,3,Manufacturer#1,5-LOW,2,MAIL,1,0.01,22,Brand#15,8,JUMBO CAN,15,590,5642.9703
F,F,R,DELIVER IN PERSON,2,Manufacturer#1,2-HIGH,0,FOB,3,0.04,21,Brand#14,5,SM BAG,43,591,45167.8272
F,F,A,COLLECT COD,0,Manufacturer#1,2-HIGH,0,MAIL,4,0.05,16,Brand#13,5,SM DRUM,40,591,39918.2875
F,F,R,NONE,0,Manufacturer#3,1-URGENT,0,MAIL,4,0.06,15,Brand#34,0,JUMBO CASE,8,592,75702.465
F,F,R,TAKE BACK RETURN,1,Manufacturer#5,1-URGENT,0,RAIL,3,0.04,2,Brand#52,0,LG CAN,42,592,80071.2528
F,F,R,NONE,1,Manufacturer#4,1-URGENT,0,RAIL,2,0.04,1,Brand#45,0,JUMBO JAR,50,592,8580.6864
F,F,R,NONE,2,Manufacturer#4,1-URGENT,0,TRUCK,7,0.04,18,Brand#41,0,WRAP DRUM,12,592,41482.98
F,F,R,COLLECT COD,4,Manufacturer#4,4-NOT SPECIFIED,0,REG AIR,1,0.01,10,Brand#43,16,LG PACK,12,593,47483.254
F,F,R,COLLECT COD,3,Manufacturer#1,4-NOT SPECIFIED,0,MAIL,4,0.03,23,Brand#15,16,JUMBO BAG,22,593,44313.5385
F,F,A,DELIVER IN PERSON,2,Manufacturer#5,4-NOT SPECIFIED,0,RAIL,5,0,21,Brand#54,16,WRAP CAN,11,593,26608.8438
F,F,R,TAKE BACK RETURN,4,Manufacturer#2,4-NOT SPECIFIED,0,FOB,3,0.07,4,Brand#23,16,SM PKG,25,593,26754.336
F,F,A,COLLECT COD,4,Manufacturer#2,3-MEDIUM,4,REG AIR,1,0.04,13,Brand#23,13,MED PACK,37,594,28367.3808
F,F,R,COLLECT COD,1,Manufacturer#1,4-NOT SPECIFIED,0,AIR,4,0.08,3,Brand#11,16,SM BOX,8,595,71299.4664
F,F,N,NONE,0,Manufacturer#2,4-NOT SPECIFIED,0,FOB,6,0,16,Brand#21,16,LG PACK,23,595,2952.21
F,P,R,COLLECT COD,0,Manufacturer#2,2-HIGH,0,RAIL,2,0.02,16,Brand#24,14,LG JAR,1,596,87801.63
O,P,N,DELIVER IN PERSON,3,Manufacturer#1,2-HIGH,0,AIR,3,0.01,23,Brand#14,14,MED BOX,27,596,26202.9495
F,P,R,COLLECT COD,2,Manufacturer#1,2-HIGH,0,RAIL,1,0.04,18,Brand#14,14,JUMBO PKG,11,596,34293.765
F,F,A,NONE,2,Manufacturer#3,1-URGENT,1,SHIP,1,0.08,18,Brand#35,17,JUMBO BOX,43,597,55471.152
F,F,R,COLLECT COD,0,Manufacturer#3,1-URGENT,1,REG AIR,2,0.08,5,Brand#32,17,WRAP BOX,23,598,14406.525
F,F,R,DELIVER IN PERSON,2,Manufacturer#4,2-HIGH,0,TRUCK,1,0.01,8,Brand#41,14,WRAP PACK,10,599,36204.8238
F,F,R,NONE,4,Manufacturer#4,3-MEDIUM,1,RAIL,4,0.01,11,Brand#45,2,SM BOX,34,600,43407.738
F,F,A,TAKE BACK RETURN,4,Manufacturer#2,1-URGENT,3,SHIP,2,0.06,10,Brand#22,22,JUMBO CAN,5,601,30753.6
F,F,R,COLLECT COD,2,Manufacturer#5,4-NOT SPECIFIED,3,RAIL,2,0.05,8,Brand#52,19,WRAP PKG,48,602,39100.6072
F,F,A,DELIVER IN PERSON,2,Manufacturer#4,4-NOT SPECIFIED,3,SHIP,1,0.08,8,Brand#43,19,SM JAR,42,602,49823.5283
F,F,R,DELIVER IN PERSON,0,Manufacturer#4,4-NOT SPECIFIED,4,FOB,2,0.03,15,Brand#41,20,SM DRUM,12,603,9750.059
F,F,R,NONE,4,Manufacturer#1,4-NOT SPECIFIED,4,MAIL,1,0.03,4,Brand#15,20,WRAP CAN,41,603,41445
F,F,R,TAKE BACK RETURN,2,Manufacturer#3,5-LOW,0,SHIP,1,0.08,18,Brand#31,15,LG PACK,24,604,36770.8636
F,F,A,DELIVER IN PERSON,2,Manufacturer#4,5-LOW,0,TRUCK,5,0.01,21,Brand#43,15,JUMBO CASE,35,604,49786.9281
F,F,R,NONE,4,Manufacturer#1,5-LOW,0,TRUCK,4,0.03,13,Brand#13,15,MED CAN,40,604,30733.2375
F,F,R,COLLECT COD,4,Manufacturer#1,3-MEDIUM,3,AIR,2,0,4,Brand#11,6,LG PACK,31,605,31718.104
F,F,A,COLLECT COD,2,Manufacturer#3,1-URGENT,4,TRUCK,7,0,21,Brand#32,13,LG BOX,44,606,895.3197
F,F,R,TAKE BACK RETURN,3,Manufacturer#2,1-URGENT,4,RAIL,2,0.04,19,Brand#24,13,LG PKG,42,606,19915.266
F,F,A,NONE,2,Manufacturer#3,1-URGENT,1,AIR,2,0.02,21,Brand#31,24,MED DRUM,42,607,66534.1992
F,F,A,COLLECT COD,2,Manufacturer#2,1-URGENT,1,FOB,4,0.05,18,Brand#24,24,LG BOX,6,607,62813.1114
F,F,N,NONE,4,Manufacturer#5,3-MEDIUM,1,FOB,1,0.02,20,Brand#53,2,SM BAG,39,608,31713.984
F,F,A,TAKE BACK RETURN,2,Manufacturer#2,3-MEDIUM,1,TRUCK,3,0.04,8,Brand#22,2,SM PACK,13,600,64774.6195
F,F,A,DELIVER IN PERSON,3,Manufacturer#4,2-HIGH,2,RAIL,1,0.08,6,Brand#45,21,WRAP CASE,38,609,59030.9223
F,F,R,TAKE BACK RETURN,2,Manufacturer#1,3-MEDIUM,4,RAIL,4,0.05,12,Brand#14,11,JUMBO BOX,37,610,49128.66
O,P,N,NONE,2,Manufacturer#1,2-HIGH,0,TRUCK,7,0.04,18,Brand#14,0,WRAP PKG,25,611,40912.9812
F,P,A,TAKE BACK RETURN,2,Manufacturer#3,2-HIGH,0,TRUCK,3,0.03,9,Brand#32,0,WRAP JAR,2,611,55607.211
F,P,N,NONE,2,Manufacturer#3,2-HIGH,0,MAIL,2,0.03,9,Brand#32,0,SM BOX,6,611,23070.294
F,P,A,TAKE BACK RETURN,4,Manufacturer#3,2-HIGH,0,TRUCK,6,0.07,11,Brand#35,0,SM CASE,13,611,61503.8976
O,P,N,DELIVER IN PERSON,1,Manufacturer#3,2-HIGH,0,SHIP,1,0,17,Brand#32,0,JUMBO PACK,31,611,37304.2196
F,P,R,TAKE BACK RETURN,4,Manufacturer#2,2-HIGH,0,FOB,5,0.04,4,Brand#24,0,WRAP PACK,23,611,54179.5156
O,P,N,COLLECT COD,3,Manufacturer#1,2-HIGH,0,MAIL,4,0.03,23,Brand#13,0,WRAP PKG,38,611,48497.462
F,F,A,COLLECT COD,1,Manufacturer#2,3-MEDIUM,4,TRUCK,5,0.08,3,Brand#25,11,SM CAN,24,610,33282.84
F,F,A,DELIVER IN PERSON,4,Manufacturer#2,3-MEDIUM,4,MAIL,1,0,10,Brand#24,11,SM CAN,3,610,14813.046
F,F,A,NONE,3,Manufacturer#2,3-MEDIUM,4,AIR,6,0.06,22,Brand#25,11,LG PKG,30,610,23785.65
F,F,A,NONE,2,Manufacturer#4,3-MEDIUM,4,TRUCK,2,0.04,8,Brand#42,11,LG CASE,35,610,64900.6862
F,F,R,TAKE BACK RETURN,2,Manufacturer#5,1-URGENT,3,MAIL,5,0.04,8,Brand#51,23,SM DRUM,21,612,32762.138
F,F,A,DELIVER IN PERSON,0,Manufacturer#3,1-URGENT,3,RAIL,3,0.05,0,Brand#34,23,JUMBO CAN,5,612,40086.6048
F,F,A,TAKE BACK RETURN,0,Manufacturer#1,1-URGENT,3,REG AIR,2,0.03,16,Brand#15,23,JUMBO CAN,34,612,29759.6838
F,F,R,TAKE BACK RETURN,3,Manufacturer#5,1-URGENT,3,RAIL,1,0.03,6,Brand#53,23,MED DRUM,24,612,43732.68
F,F,R,COLLECT COD,2,Manufacturer#2,1-URGENT,3,SHIP,4,0.08,8,Brand#23,23,WRAP DRUM,27,612,38818.71
F,F,A,TAKE BACK RETURN,4,Manufacturer#3,4-NOT SPECIFIED,3,MAIL,4,0.04,20,Brand#35,22,SM JAR,16,613,26759.1357
F,F,R,DELIVER IN PERSON,3,Manufacturer#1,1-URGENT,0,RAIL,1,0.05,6,Brand#11,16,JUMBO PKG,20,614,28149.03
F,F,R,DELIVER IN PERSON,0,Manufacturer#5,1-URGENT,0,MAIL,2,0,15,Brand#52,16,LG DRUM,28,614,66349.6
F,F,R,TAKE BACK RETURN,2,Manufacturer#3,2-HIGH,4,RAIL,3,0.08,8,Brand#35,11,WRAP PACK,4,615,15820.35
F,P,R,TAKE BACK RETURN,3,Manufacturer#3,5-LOW,4,FOB,6,0.07,19,Brand#34,10,LG DRUM,37,616,57780.1728
F,P,A,DELIVER IN PERSON,0,Manufacturer#3,5-LOW,4,MAIL,4,0.07,15,Brand#31,10,MED PKG,14,616,37922.185
F,P,A,TAKE BACK RETURN,1,Manufacturer#2,5-LOW,4,TRUCK,5,0.08,24,Brand#23,10,MED CASE,13,616,16245.216
F,P,A,COLLECT COD,0,Manufacturer#3,5-LOW,4,TRUCK,1,0.07,0,Brand#35,10,LG BOX,19,616,35842.9626
O,P,N,TAKE BACK RETURN,1,Manufacturer#3,5-LOW,4,FOB,2,0.06,1,Brand#33,10,MED JAR,25,616,73779.9762
F,P,R,NONE,3,Manufacturer#1,5-LOW,4,REG AIR,3,0.05,7,Brand#13,10,LG PACK,22,616,27352.8288
F,F,A,TAKE BACK RETURN,2,Manufacturer#5,2-HIGH,4,AIR,1,0.04,18,Brand#51,11,SM CAN,15,615,45870.3063
F,F,R,COLLECT COD,4,Manufacturer#4,2-HIGH,4,REG AIR,2,0.07,13,Brand#42,11,JUMBO DRUM,34,615,35602.3256
F,F,A,TAKE BACK RETURN,2,Manufacturer#1,4-NOT SPECIFIED,0,SHIP,5,0,12,Brand#14,14,LG PKG,24,617,29851.173
F,F,R,DELIVER IN PERSON,4,Manufacturer#1,4-NOT SPECIFIED,0,RAIL,2,0.06,20,Brand#11,14,MED JAR,41,617,24741.402
F,F,A,NONE,3,Manufacturer#1,3-MEDIUM,4,TRUCK,4,0.04,7,Brand#15,4,JUMBO CASE,23,618,58706.3088
F,F,R,DELIVER IN PERSON,2,Manufacturer#3,3-MEDIUM,4,FOB,1,0.02,9,Brand#31,4,WRAP BAG,42,618,49241.5014
F,F,A,COLLECT COD,2,Manufacturer#3,3-MEDIUM,4,REG AIR,5,0.07,12,Brand#33,4,WRAP PACK,42,618,7200.7656
F,F,A,DELIVER IN PERSON,0,Manufacturer#5,3-MEDIUM,4,TRUCK,3,0.03,5,Brand#51,4,WRAP BAG,12,618,65701.398
F,F,N,DELIVER IN PERSON,2,Manufacturer#3,3-MEDIUM,2,TRUCK,4,0.02,9,Brand#32,21,LG DRUM,39,619,74846.646
F,F,A,NONE,0,Manufacturer#4,5-LOW,2,AIR,4,0.01,14,Brand#44,8,MED PKG,7,620,12318.7056
F,F,R,COLLECT COD,3,Manufacturer#4,5-LOW,2,RAIL,3,0.04,7,Brand#45,8,JUMBO CASE,11,620,10804.3215
F,F,A,DELIVER IN PERSON,4,Manufacturer#1,1-URGENT,4,AIR,2,0.05,20,Brand#14,10,SM BOX,44,621,41076.0448
F,F,A,COLLECT COD,1,Manufacturer#4,1-URGENT,4,RAIL,1,0,2,Brand#42,10,WRAP PKG,13,621,24927.1155
F,F,A,DELIVER IN PERSON,2,Manufacturer#4,3-MEDIUM,2,TRUCK,3,0.04,8,Brand#44,21,WRAP PKG,35,619,66955.3248
F,F,R,NONE,0,Manufacturer#5,3-MEDIUM,2,AIR,2,0.02,5,Brand#52,21,JUMBO BAG,8,619,35295.708
F,F,A,TAKE BACK RETURN,0,Manufacturer#4,3-MEDIUM,2,REG AIR,1,0,0,Brand#43,21,MED CASE,2,619,55030.7384
O,P,N,TAKE BACK RETURN,1,Manufacturer#3,2-HIGH,2,FOB,1,0.02,1,Brand#31,8,MED JAR,10,622,25283.216
F,P,A,COLLECT COD,0,Manufacturer#4,2-HIGH,2,REG AIR,3,0.03,0,Brand#45,8,MED PACK,1,622,48704.543
F,P,N,TAKE BACK RETURN,3,Manufacturer#5,2-HIGH,2,SHIP,4,0,7,Brand#53,8,JUMBO BAG,15,622,11808.954
F,P,R,TAKE BACK RETURN,4,Manufacturer#4,4-NOT SPECIFIED,2,AIR,2,0.03,10,Brand#43,9,WRAP PACK,29,623,77219.4302
F,F,A,NONE,3,Manufacturer#4,5-LOW,2,RAIL,1,0.03,7,Brand#44,8,LG PACK,26,624,39050.424
F,F,A,DELIVER IN PERSON,0,Manufacturer#3,2-HIGH,2,TRUCK,1,0.04,16,Brand#32,21,JUMBO DRUM,3,625,70273.2
F,F,A,DELIVER IN PERSON,4,Manufacturer#4,2-HIGH,2,MAIL,2,0.05,4,Brand#42,21,JUMBO PKG,27,625,969.2434
F,F,R,COLLECT COD,4,Manufacturer#1,2-HIGH,2,REG AIR,3,0.08,4,Brand#11,21,LG JAR,30,625,42909.6
F,P,R,DELIVER IN PERSON,0,Manufacturer#3,4-NOT SPECIFIED,2,FOB,6,0.07,5,Brand#31,9,MED DRUM,3,623,48100.08
F,P,A,NONE,0,Manufacturer#4,4-NOT SPECIFIED,2,FOB,1,0.04,14,Brand#44,9,MED PKG,7,623,71594.1976
O,P,N,DELIVER IN PERSON,1,Manufacturer#5,4-NOT SPECIFIED,2,AIR,3,0.06,2,Brand#53,9,LG DRUM,34,623,32487.3913
F,P,A,NONE,0,Manufacturer#1,4-NOT SPECIFIED,2,RAIL,4,0.02,14,Brand#14,9,MED CAN,5,623,3868.2792
F,P,A,DELIVER IN PERSON,1,Manufacturer#2,4-NOT SPECIFIED,2,SHIP,5,0,3,Brand#23,9,JUMBO BAG,8,623,32330.1888
F,F,R,NONE,3,Manufacturer#5,4-NOT SPECIFIED,2,TRUCK,1,0.04,7,Brand#54,9,JUMBO JAR,1,626,25110.1378
F,F,R,DELIVER IN PERSON,1,Manufacturer#1,4-NOT SPECIFIED,2,MAIL,2,0.02,2,Brand#15,9,JUMBO BOX,18,626,39971.6418
F,F,R,COLLECT COD,4,Manufacturer#3,4-NOT SPECIFIED,2,TRUCK,3,0.03,20,Brand#35,9,MED PACK,5,626,14273.616
F,F,A,TAKE BACK RETURN,1,Manufacturer#1,1-URGENT,1,SHIP,2,0.03,24,Brand#13,24,MED PKG,28,627,4990.0455
F,F,R,NONE,0,Manufacturer#3,5-LOW,3,RAIL,5,0.03,16,Brand#35,7,MED JAR,21,628,77030.595
F,F,R,DELIVER IN PERSON,4,Manufacturer#2,4-NOT SPECIFIED,2,TRUCK,2,0.05,20,Brand#21,9,JUMBO CASE,5,629,12387.5479
F,F,A,NONE,1,Manufacturer#3,1-URGENT,1,MAIL,3,0.04,17,Brand#34,24,WRAP BAG,4,627,11950.128
F,F,A,TAKE BACK RETURN,1,Manufacturer#5,4-NOT SPECIFIED,4,AIR,1,0.04,3,Brand#53,13,WRAP PKG,30,630,55775.1552
F,F,R,COLLECT COD,0,Manufacturer#5,3-MEDIUM,2,TRUCK,1,0,15,Brand#53,9,JUMBO PKG,48,631,63383.292
F,F,A,COLLECT COD,1,Manufacturer#3,2-HIGH,1,SHIP,2,0.03,17,Brand#35,3,WRAP BOX,7,632,70780.7646
F,F,A,COLLECT COD,4,Manufacturer#5,2-HIGH,0,REG AIR,2,0.03,4,Brand#51,0,WRAP BAG,21,633,36227.3874
F,F,R,DELIVER IN PERSON,2,Manufacturer#5,2-HIGH,0,MAIL,1,0,8,Brand#54,0,WRAP PACK,34,633,44035.92
F,F,A,TAKE BACK RETURN,2,Manufacturer#3,2-HIGH,0,MAIL,3,0.05,8,Brand#33,0,SM BOX,16,633,2681.91
F,F,A,COLLECT COD,1,Manufacturer#2,2-HIGH,3,TRUCK,2,0.08,3,Brand#24,23,MED PKG,8,634,33902.73
F,F,R,COLLECT COD,3,Manufacturer#3,3-MEDIUM,0,RAIL,1,0,22,Brand#33,14,JUMBO BOX,34,635,45591.9616
F,F,R,TAKE BACK RETURN,1,Manufacturer#4,2-HIGH,3,REG AIR,3,0.03,2,Brand#43,23,LG DRUM,45,634,76918.8558
F,F,A,TAKE BACK RETURN,0,Manufacturer#4,2-HIGH,3,AIR,1,0.07,0,Brand#41,23,WRAP BAG,11,634,69013.0994
F,F,R,DELIVER IN PERSON,4,Manufacturer#4,2-HIGH,2,FOB,1,0.03,4,Brand#44,18,WRAP BOX,5,636,23252.675
F,F,A,TAKE BACK RETURN,4,Manufacturer#1,3-MEDIUM,1,SHIP,2,0.04,11,Brand#11,3,SM CAN,1,637,36718.725
F,F,R,COLLECT COD,2,Manufacturer#2,3-MEDIUM,1,MAIL,3,0.01,12,Brand#23,3,SM CAN,1,637,26474.3064
F,F,R,TAKE BACK RETURN,2,Manufacturer#5,3-MEDIUM,1,REG AIR,1,0.08,12,Brand#55,3,LG CASE,6,637,44790.9588
F,F,R,DELIVER IN PERSON,4,Manufacturer#2,2-HIGH,4,SHIP,3,0.07,11,Brand#21,4,SM DRUM,16,638,46732.14
F,F,R,NONE,4,Manufacturer#5,2-HIGH,0,REG AIR,6,0.02,20,Brand#54,0,MED BAG,30,639,44659.701
F,F,R,COLLECT COD,3,Manufacturer#2,5-LOW,0,MAIL,1,0.03,22,Brand#23,14,MED DRUM,13,640,2008.566
F,F,R,TAKE BACK RETURN,3,Manufacturer#4,2-HIGH,4,REG AIR,1,0,6,Brand#43,4,MED CAN,49,638,3861.849
F,F,A,DELIVER IN PERSON,3,Manufacturer#1,2-HIGH,4,SHIP,4,0.06,19,Brand#13,4,MED PKG,35,638,45066.252
F,F,N,COLLECT COD,3,Manufacturer#2,4-NOT SPECIFIED,0,SHIP,7,0.04,19,Brand#22,5,MED CASE,38,641,58115.5884
F,F,A,NONE,4,Manufacturer#3,4-NOT SPECIFIED,3,TRUCK,4,0.01,11,Brand#32,6,MED CASE,2,642,17508.4
F,F,R,TAKE BACK RETURN,1,Manufacturer#2,2-HIGH,0,TRUCK,6,0.07,1,Brand#24,15,SM CAN,45,643,5394.924
F,F,A,NONE,4,Manufacturer#4,5-LOW,2,FOB,1,0.04,10,Brand#43,8,SM PACK,28,644,74828.66
F,F,A,TAKE BACK RETURN,3,Manufacturer#3,4-NOT SPECIFIED,1,RAIL,3,0.08,7,Brand#34,1,SM PKG,50,645,58897.139
F,F,R,NONE,1,Manufacturer#5,4-NOT SPECIFIED,1,RAIL,7,0.05,3,Brand#53,1,JUMBO BOX,16,645,36248.0706
F,F,A,COLLECT COD,4,Manufacturer#3,4-NOT SPECIFIED,1,FOB,1,0.07,20,Brand#32,1,JUMBO CASE,40,645,81009.7398
F,F,N,COLLECT COD,0,Manufacturer#3,4-NOT SPECIFIED,0,FOB,5,0,16,Brand#33,5,WRAP CASE,18,641,28727.0676
F,F,A,TAKE BACK RETURN,1,Manufacturer#2,4-NOT SPECIFIED,0,AIR,4,0.03,2,Brand#25,5,JUMBO PACK,38,641,15199.083
F,F,A,DELIVER IN PERSON,4,Manufacturer#1,4-NOT SPECIFIED,0,RAIL,1,0.05,11,Brand#15,5,MED BOX,47,641,68607.6108
F,F,R,COLLECT COD,3,Manufacturer#3,4-NOT SPECIFIED,0,SHIP,3,0.05,23,Brand#35,5,LG PKG,25,641,3869.0496
F,F,N,NONE,0,Manufacturer#3,4-NOT SPECIFIED,0,AIR,6,0.01,5,Brand#32,5,LG CAN,33,641,43923.9528
F,F,N,DELIVER IN PERSON,4,Manufacturer#4,2-HIGH,4,AIR,6,0.06,10,Brand#43,11,WRAP CAN,24,646,15469.245
F,F,R,NONE,0,Manufacturer#4,2-HIGH,4,REG AIR,3,0.06,16,Brand#42,11,MED PKG,48,646,46569.9168
F,F,A,DELIVER IN PERSON,1,Manufacturer#3,2-HIGH,4,REG AIR,2,0.08,2,Brand#35,11,MED BAG,43,646,69300.7029
F,F,R,COLLECT COD,2,Manufacturer#4,2-HIGH,4,AIR,4,0.06,12,Brand#45,11,WRAP BOX,28,646,6309.168
F,F,R,NONE,3,Manufacturer#5,2-HIGH,4,FOB,7,0.08,22,Brand#51,11,WRAP CASE,43,646,33909.7668
F,F,A,COLLECT COD,3,Manufacturer#1,2-HIGH,4,REG AIR,5,0.04,23,Brand#14,11,MED PKG,41,646,32661.0702
F,F,R,TAKE BACK RETURN,1,Manufacturer#3,2-HIGH,4,SHIP,1,0,24,Brand#34,11,WRAP CAN,50,646,66789.1756
F,P,A,COLLECT COD,3,Manufacturer#3,5-LOW,3,SHIP,1,0,7,Brand#33,19,MED BOX,16,647,906.2592
O,P,N,COLLECT COD,4,Manufacturer#3,5-LOW,3,MAIL,2,0,20,Brand#33,19,LG CASE,3,647,24011.3184
F,F,R,COLLECT COD,3,Manufacturer#2,3-MEDIUM,0,TRUCK,4,0.02,6,Brand#23,16,JUMBO BOX,32,648,54838.52
F,F,A,COLLECT COD,4,Manufacturer#1,5-LOW,0,MAIL,2,0.07,20,Brand#12,15,SM JAR,46,649,39847.493
F,F,A,NONE,1,Manufacturer#3,5-LOW,0,AIR,4,0.06,1,Brand#32,15,LG PKG,32,649,69910.479
F,F,R,TAKE BACK RETURN,2,Manufacturer#4,5-LOW,0,REG AIR,3,0,9,Brand#41,15,MED BOX,37,649,56674.0512
F,F,A,DELIVER IN PERSON,2,Manufacturer#4,5-LOW,2,MAIL,4,0.08,12,Brand#43,8,WRAP DRUM,9,650,38300.418
F,F,N,COLLECT COD,0,Manufacturer#2,5-LOW,2,MAIL,2,0.02,14,Brand#21,8,SM BAG,1,650,63867.094
F,F,A,COLLECT COD,4,Manufacturer#3,5-LOW,2,FOB,3,0.04,13,Brand#32,8,LG BOX,36,650,1318.8292
F,F,A,TAKE BACK RETURN,4,Manufacturer#2,5-LOW,4,AIR,4,0,10,Brand#23,13,WRAP BAG,35,651,43643.0592
F,F,A,DELIVER IN PERSON,1,Manufacturer#3,5-LOW,4,FOB,2,0.08,1,Brand#33,13,WRAP JAR,48,651,55399.41
F,F,A,COLLECT COD,3,Manufacturer#3,5-LOW,3,MAIL,2,0.07,6,Brand#33,19,JUMBO PACK,25,652,51926.4768
F,F,A,NONE,0,Manufacturer#4,5-LOW,3,RAIL,1,0.04,14,Brand#42,19,MED PKG,19,652,2200.158
F,F,A,COLLECT COD,1,Manufacturer#4,5-LOW,2,MAIL,3,0.02,2,Brand#43,18,LG BAG,30,653,50954.4336
F,F,R,TAKE BACK RETURN,3,Manufacturer#4,5-LOW,2,REG AIR,4,0.06,23,Brand#42,18,SM BAG,24,653,8761.8762
F,F,A,TAKE BACK RETURN,2,Manufacturer#3,5-LOW,2,MAIL,1,0.07,21,Brand#34,18,SM PACK,2,653,66835.54
F,F,A,TAKE BACK RETURN,3,Manufacturer#2,3-MEDIUM,0,MAIL,3,0.06,19,Brand#21,16,JUMBO JAR,5,648,57049.083
F,F,A,TAKE BACK RETURN,1,Manufacturer#1,3-MEDIUM,0,FOB,2,0.08,24,Brand#15,16,JUMBO PACK,30,648,33830.2146
F,F,R,DELIVER IN PERSON,4,Manufacturer#3,4-NOT SPECIFIED,4,TRUCK,3,0.02,11,Brand#31,20,LG PKG,2,654,31431.2999
F,F,R,NONE,1,Manufacturer#1,4-NOT SPECIFIED,4,REG AIR,1,0.04,2,Brand#11,20,LG PKG,7,654,61664.3478
F,F,R,NONE,2,Manufacturer#2,1-URGENT,2,AIR,5,0.03,12,Brand#24,8,JUMBO JAR,31,655,15907.899
F,F,R,DELIVER IN PERSON,2,Manufacturer#5,1-URGENT,2,TRUCK,4,0.01,9,Brand#51,8,WRAP CASE,21,655,39044.025
F,F,R,COLLECT COD,1,Manufacturer#4,1-URGENT,2,TRUCK,2,0.07,1,Brand#44,8,SM JAR,37,655,1595.0844
F,F,R,DELIVER IN PERSON,1,Manufacturer#3,4-NOT SPECIFIED,4,AIR,5,0.06,3,Brand#34,20,JUMBO JAR,3,654,33304.15
F,F,A,NONE,2,Manufacturer#1,4-NOT SPECIFIED,4,AIR,4,0.01,21,Brand#15,20,SM CAN,31,654,20151.128
F,F,A,DELIVER IN PERSON,0,Manufacturer#2,5-LOW,0,RAIL,1,0.02,15,Brand#24,5,MED JAR,46,656,67001.3435
F,F,A,COLLECT COD,0,Manufacturer#3,5-LOW,0,SHIP,2,0.08,0,Brand#34,5,JUMBO JAR,17,656,3073.649
F,F,A,NONE,2,Manufacturer#5,1-URGENT,3,MAIL,6,0.06,21,Brand#53,7,JUMBO PKG,42,657,13249.206
F,F,R,COLLECT COD,4,Manufacturer#2,1-URGENT,3,MAIL,3,0.05,20,Brand#24,7,SM JAR,39,657,37849.4208
F,F,R,COLLECT COD,2,Manufacturer#4,1-URGENT,3,TRUCK,2,0.04,12,Brand#41,7,MED PKG,20,657,13830.9228
F,F,R,NONE,2,Manufacturer#2,1-URGENT,3,SHIP,4,0.07,8,Brand#23,7,JUMBO BAG,5,657,1664.4672
F,F,A,DELIVER IN PERSON,2,Manufacturer#4,1-URGENT,3,FOB,7,0.01,12,Brand#42,7,WRAP PACK,35,657,12427.976
F,F,A,TAKE BACK RETURN,1,Manufacturer#1,1-URGENT,3,TRUCK,1,0.07,17,Brand#15,7,JUMBO BOX,19,657,24454.2432
F,F,R,NONE,1,Manufacturer#5,4-NOT SPECIFIED,4,MAIL,1,0.08,17,Brand#51,20,SM CASE,33,658,15478.9386
F,F,A,TAKE BACK RETURN,0,Manufacturer#5,2-HIGH,2,FOB,3,0.06,15,Brand#52,9,WRAP CASE,32,659,41062.452
F,F,A,DELIVER IN PERSON,0,Manufacturer#4,2-HIGH,2,TRUCK,2,0.04,16,Brand#42,9,LG DRUM,35,659,50715.94
F,F,A,TAKE BACK RETURN,1,Manufacturer#5,2-HIGH,2,FOB,6,0,3,Brand#52,9,SM BOX,48,659,22512.1092
F,F,A,DELIVER IN PERSON,4,Manufacturer#5,4-NOT SPECIFIED,4,RAIL,1,0.05,20,Brand#54,4,MED BOX,33,660,23137.254
F,F,A,DELIVER IN PERSON,1,Manufacturer#3,1-URGENT,1,MAIL,4,0.02,17,Brand#31,17,SM PKG,27,661,33233.9535
F,F,R,TAKE BACK RETURN,4,Manufacturer#4,2-HIGH,1,RAIL,4,0.06,20,Brand#43,2,SM PACK,23,662,32352.3564
F,F,A,NONE,3,Manufacturer#2,2-HIGH,1,AIR,2,0.08,7,Brand#21,2,MED BOX,3,662,4818.7764
F,F,A,COLLECT COD,3,Manufacturer#3,2-HIGH,1,MAIL,3,0.05,6,Brand#33,2,JUMBO PACK,25,662,31323.0736
F,F,A,DELIVER IN PERSON,0,Manufacturer#2,2-HIGH,1,FOB,1,0.08,0,Brand#21,2,LG BOX,4,662,1323.8643
F,F,R,COLLECT COD,3,Manufacturer#2,1-URGENT,0,AIR,6,0.07,19,Brand#23,16,MED JAR,9,663,46506.72
F,F,A,TAKE BACK RETURN,1,Manufacturer#3,1-URGENT,0,REG AIR,3,0.06,24,Brand#31,16,LG CASE,1,663,11792.3773
F,F,R,DELIVER IN PERSON,4,Manufacturer#1,1-URGENT,0,MAIL,5,0.05,10,Brand#14,16,MED BAG,48,663,34034.728
F,F,R,DELIVER IN PERSON,2,Manufacturer#1,1-URGENT,0,TRUCK,4,0.06,8,Brand#14,16,WRAP DRUM,24,663,63386.9676
F,F,A,COLLECT COD,2,Manufacturer#2,1-URGENT,0,AIR,2,0.06,8,Brand#22,16,SM BOX,39,663,22604.79
F,F,A,NONE,0,Manufacturer#2,1-URGENT,0,FOB,1,0.06,14,Brand#24,16,MED CAN,31,663,25777.1646
F,F,A,NONE,1,Manufacturer#4,1-URGENT,0,TRUCK,7,0.08,1,Brand#45,16,SM PKG,36,663,23109.7
F,F,R,DELIVER IN PERSON,3,Manufacturer#1,1-URGENT,1,FOB,5,0.04,22,Brand#14,17,MED CASE,36,661,33162.36
F,F,A,NONE,2,Manufacturer#1,1-URGENT,1,TRUCK,2,0.03,9,Brand#11,17,JUMBO CASE,45,661,77243.474
F,F,R,COLLECT COD,2,Manufacturer#1,1-URGENT,1,REG AIR,3,0.03,12,Brand#14,17,SM PKG,37,661,29556.97
F,F,A,COLLECT COD,1,Manufacturer#5,1-URGENT,1,MAIL,1,0.03,3,Brand#53,17,WRAP PACK,27,661,13825.53
F,F,R,NONE,1,Manufacturer#1,1-URGENT,0,RAIL,1,0,24,Brand#15,0,SM DRUM,47,664,939.0182
F,F,R,COLLECT COD,3,Manufacturer#5,3-MEDIUM,3,SHIP,2,0.01,6,Brand#55,22,SM CAN,30,665,47097.54
F,P,R,NONE,0,Manufacturer#5,4-NOT SPECIFIED,1,FOB,2,0.05,0,Brand#53,17,WRAP PKG,2,666,15426.9416
F,F,R,NONE,4,Manufacturer#3,2-HIGH,4,FOB,3,0.03,13,Brand#32,20,LG BOX,1,667,38506.912
F,F,R,NONE,3,Manufacturer#1,2-HIGH,4,REG AIR,2,0.04,6,Brand#15,20,LG CAN,27,667,33128.6256
F,F,A,NONE,4,Manufacturer#1,2-HIGH,4,AIR,4,0.08,10,Brand#15,20,MED BAG,18,667,5637.9948
F,F,R,DELIVER IN PERSON,1,Manufacturer#2,2-HIGH,4,FOB,5,0.06,1,Brand#23,20,SM JAR,20,667,61160.4735
F,P,R,COLLECT COD,2,Manufacturer#3,4-NOT SPECIFIED,1,AIR,4,0,21,Brand#35,17,WRAP CASE,43,666,39323.295
O,P,N,NONE,4,Manufacturer#3,4-NOT SPECIFIED,1,SHIP,3,0.06,20,Brand#31,17,MED BAG,37,666,50500.1
F,P,R,COLLECT COD,0,Manufacturer#2,4-NOT SPECIFIED,1,RAIL,1,0.05,5,Brand#24,17,JUMBO BAG,1,666,22502.0268
F,F,A,COLLECT COD,3,Manufacturer#2,1-URGENT,3,SHIP,3,0.08,19,Brand#21,6,WRAP DRUM,45,668,59730.5016
F,F,A,DELIVER IN PERSON,0,Manufacturer#4,3-MEDIUM,4,TRUCK,1,0.04,15,Brand#42,10,SM PKG,48,669,48526.9785
F,F,A,COLLECT COD,2,Manufacturer#4,3-MEDIUM,4,SHIP,2,0.08,8,Brand#44,10,JUMBO CASE,40,669,53546.484
F,F,R,DELIVER IN PERSON,4,Manufacturer#2,1-URGENT,0,RAIL,7,0.06,10,Brand#22,14,WRAP PKG,17,670,45796.7458
F,F,A,TAKE BACK RETURN,3,Manufacturer#2,1-URGENT,0,MAIL,5,0.08,22,Brand#22,14,WRAP PKG,37,670,48388.7535
F,F,A,DELIVER IN PERSON,2,Manufacturer#4,1-URGENT,0,SHIP,4,0.07,21,Brand#43,14,MED CAN,49,670,28320.226
F,F,R,TAKE BACK RETURN,1,Manufacturer#1,1-URGENT,0,FOB,3,0,24,Brand#14,14,LG CASE,7,670,22720.176
F,F,A,TAKE BACK RETURN,2,Manufacturer#5,1-URGENT,0,REG AIR,1,0.01,12,Brand#52,14,JUMBO PACK,39,670,25752.5541
F,P,A,TAKE BACK RETURN,3,Manufacturer#4,3-MEDIUM,2,REG AIR,1,0,23,Brand#42,8,SM CAN,2,671,20048.9472
O,P,N,DELIVER IN PERSON,1,Manufacturer#5,3-MEDIUM,2,AIR,4,0.08,17,Brand#52,8,LG JAR,11,671,26173.602
F,P,A,DELIVER IN PERSON,4,Manufacturer#1,3-MEDIUM,2,SHIP,3,0,20,Brand#11,8,JUMBO JAR,32,671,12524.895
F,P,R,DELIVER IN PERSON,4,Manufacturer#4,3-MEDIUM,2,MAIL,2,0.04,20,Brand#44,8,MED PACK,32,671,26222.9165
F,F,A,TAKE BACK RETURN,2,Manufacturer#2,5-LOW,1,MAIL,1,0.05,9,Brand#21,24,JUMBO PACK,13,672,32077.824
F,F,A,DELIVER IN PERSON,4,Manufacturer#4,5-LOW,1,SHIP,2,0.08,13,Brand#42,24,MED JAR,15,672,38567.4198
F,F,N,COLLECT COD,2,Manufacturer#1,2-HIGH,4,FOB,1,0.01,21,Brand#12,10,MED CAN,2,673,1590.68
F,F,R,COLLECT COD,0,Manufacturer#3,2-HIGH,4,SHIP,2,0.06,0,Brand#34,10,MED BAG,25,673,41080.3536
F,F,A,DELIVER IN PERSON,4,Manufacturer#4,1-URGENT,3,AIR,2,0.02,10,Brand#44,6,JUMBO PKG,12,668,65784.4992
F,F,A,NONE,3,Manufacturer#4,1-URGENT,3,MAIL,7,0.02,22,Brand#42,6,JUMBO PACK,7,668,17119.2294
F,F,A,DELIVER IN PERSON,2,Manufacturer#1,1-URGENT,3,MAIL,5,0,18,Brand#15,6,SM BAG,11,668,39955.4505
F,F,A,DELIVER IN PERSON,2,Manufacturer#3,3-MEDIUM,1,FOB,3,0.04,8,Brand#35,17,LG BOX,11,674,25345.6155
F,F,R,NONE,1,Manufacturer#1,1-URGENT,1,REG AIR,4,0.06,3,Brand#15,3,WRAP DRUM,14,675,33160.248
F,F,A,TAKE BACK RETURN,4,Manufacturer#4,1-URGENT,1,RAIL,3,0.06,20,Brand#45,3,MED BAG,12,675,1463.2322
F,F,A,DELIVER IN PERSON,1,Manufacturer#5,1-URGENT,1,MAIL,7,0.02,17,Brand#53,3,SM CAN,8,675,35220.3761
F,F,A,COLLECT COD,1,Manufacturer#3,1-URGENT,1,RAIL,5,0.04,24,Brand#34,3,WRAP PKG,27,675,24722.712
F,F,A,NONE,4,Manufacturer#3,1-URGENT,1,FOB,1,0.03,13,Brand#34,3,WRAP PKG,29,675,11771.76
F,F,R,TAKE BACK RETURN,3,Manufacturer#1,3-MEDIUM,3,TRUCK,5,0.04,7,Brand#13,23,LG PACK,35,676,46839.87
F,F,R,COLLECT COD,2,Manufacturer#1,3-MEDIUM,3,AIR,4,0.07,9,Brand#15,23,SM CAN,11,676,42756.2226
F,F,R,COLLECT COD,4,Manufacturer#1,2-HIGH,3,FOB,2,0.06,13,Brand#14,19,JUMBO CAN,8,677,12869.8752
F,F,R,NONE,2,Manufacturer#1,1-URGENT,0,SHIP,3,0.08,8,Brand#12,5,LG JAR,40,678,4319.9838
F,F,R,COLLECT COD,2,Manufacturer#3,1-URGENT,0,FOB,1,0.06,8,Brand#33,5,MED PACK,36,678,16812.36
F,F,A,NONE,1,Manufacturer#5,1-URGENT,0,MAIL,2,0.01,24,Brand#55,5,WRAP CASE,29,678,56067.6032
F,F,R,TAKE BACK RETURN,0,Manufacturer#5,2-HIGH,2,MAIL,1,0.04,15,Brand#52,12,LG BAG,27,679,43704.1745
F,F,A,DELIVER IN PERSON,3,Manufacturer#2,1-URGENT,1,SHIP,5,0,19,Brand#22,2,LG DRUM,40,680,59052.96
F,F,R,NONE,3,Manufacturer#5,3-MEDIUM,1,RAIL,6,0.08,6,Brand#55,24,SM BAG,46,681,6283.3344
F,F,R,NONE,0,Manufacturer#4,3-MEDIUM,1,REG AIR,2,0.08,15,Brand#43,24,MED CAN,37,681,31856.0526
F,F,R,TAKE BACK RETURN,2,Manufacturer#3,3-MEDIUM,1,AIR,1,0.02,9,Brand#34,24,MED JAR,48,681,69972.588
F,F,A,TAKE BACK RETURN,0,Manufacturer#2,3-MEDIUM,1,AIR,4,0.03,16,Brand#23,24,WRAP BAG,34,681,18433.44
F,F,R,TAKE BACK RETURN,2,Manufacturer#4,1-URGENT,3,REG AIR,2,0,12,Brand#42,22,MED JAR,49,682,61574.956
F,F,N,TAKE BACK RETURN,4,Manufacturer#2,2-HIGH,0,SHIP,7,0.02,20,Brand#24,15,JUMBO CASE,1,683,12658.788
F,F,R,COLLECT COD,0,Manufacturer#1,2-HIGH,0,MAIL,3,0,14,Brand#11,15,SM JAR,34,683,14777.646
F,F,A,NONE,2,Manufacturer#4,2-HIGH,0,SHIP,4,0.02,9,Brand#42,15,JUMBO PACK,23,683,49687.2495
F,F,N,NONE,1,Manufacturer#2,2-HIGH,0,RAIL,6,0.01,1,Brand#24,15,WRAP PACK,45,683,19008.99
F,F,N,NONE,4,Manufacturer#2,2-HIGH,0,RAIL,2,0.04,11,Brand#22,15,WRAP JAR,23,683,20297.376
F,F,A,DELIVER IN PERSON,4,Manufacturer#5,2-HIGH,0,MAIL,1,0.01,10,Brand#53,15,LG CAN,4,683,64441.9584
F,F,R,DELIVER IN PERSON,3,Manufacturer#1,1-URGENT,1,TRUCK,2,0.02,23,Brand#12,2,MED CASE,29,680,29996.406
F,F,A,NONE,1,Manufacturer#1,5-LOW,1,TRUCK,5,0.03,17,Brand#15,24,MED JAR,2,684,20894.3616
F,F,R,DELIVER IN PERSON,0,Manufacturer#3,2-HIGH,4,TRUCK,1,0.06,5,Brand#35,4,JUMBO PKG,42,685,62451.8622
F,F,A,COLLECT COD,0,Manufacturer#2,1-URGENT,3,MAIL,6,0,16,Brand#25,19,JUMBO PKG,35,686,74675.7
F,F,A,DELIVER IN PERSON,1,Manufacturer#3,1-URGENT,3,SHIP,3,0.04,17,Brand#33,19,JUMBO PKG,9,686,20487.5931
F,F,A,DELIVER IN PERSON,3,Manufacturer#1,1-URGENT,3,REG AIR,2,0.08,7,Brand#15,19,LG CAN,1,686,13050.671
F,F,R,TAKE BACK RETURN,1,Manufacturer#2,1-URGENT,3,TRUCK,1,0.07,3,Brand#23,19,LG JAR,43,686,5994.1336
F,F,A,TAKE BACK RETURN,1,Manufacturer#4,1-URGENT,3,REG AIR,5,0.03,24,Brand#41,19,LG PKG,7,686,71576.6765
F,F,R,COLLECT COD,1,Manufacturer#4,1-URGENT,3,MAIL,2,0.07,24,Brand#43,7,LG PKG,3,687,29833.9392
F,F,R,DELIVER IN PERSON,1,Manufacturer#2,5-LOW,1,MAIL,6,0,3,Brand#21,24,SM BOX,26,684,28165.9196
F,F,R,COLLECT COD,1,Manufacturer#5,5-LOW,1,RAIL,2,0.05,24,Brand#52,24,WRAP CAN,37,684,29607.7252
F,F,A,TAKE BACK RETURN,0,Manufacturer#3,5-LOW,1,FOB,3,0,14,Brand#34,24,LG DRUM,8,684,33913.08
F,F,R,DELIVER IN PERSON,3,Manufacturer#1,5-LOW,1,SHIP,1,0.01,19,Brand#15,24,JUMBO CAN,38,684,32620.5152
F,F,A,TAKE BACK RETURN,4,Manufacturer#2,5-LOW,1,TRUCK,4,0.07,4,Brand#21,24,WRAP CASE,45,684,33497.7428
F,F,R,COLLECT COD,4,Manufacturer#3,5-LOW,1,AIR,1,0.05,4,Brand#35,3,JUMBO CAN,15,688,62958.1914
F,F,A,NONE,3,Manufacturer#3,2-HIGH,0,RAIL,2,0.04,22,Brand#31,5,WRAP PACK,30,689,4350.1884
F,F,A,TAKE BACK RETURN,1,Manufacturer#1,2-HIGH,0,FOB,7,0.01,2,Brand#13,5,MED CASE,17,689,33476.22
F,F,A,TAKE BACK RETURN,1,Manufacturer#1,2-HIGH,0,AIR,3,0.05,24,Brand#15,5,WRAP DRUM,13,689,81398.14
F,F,R,COLLECT COD,3,Manufacturer#1,5-LOW,3,FOB,2,0.05,7,Brand#13,7,WRAP PACK,31,690,14245.4685
F,F,A,TAKE BACK RETURN,2,Manufacturer#2,5-LOW,3,FOB,3,0.01,9,Brand#22,7,MED PACK,15,690,6742.197
F,F,A,DELIVER IN PERSON,0,Manufacturer#4,5-LOW,3,SHIP,1,0.04,5,Brand#41,7,WRAP PACK,47,690,63967.32
F,F,A,COLLECT COD,1,Manufacturer#4,2-HIGH,1,FOB,4,0.02,24,Brand#41,17,SM PACK,27,691,57437.58
F,F,R,DELIVER IN PERSON,4,Manufacturer#4,1-URGENT,1,RAIL,6,0.04,20,Brand#42,17,WRAP BAG,7,692,18912.7652
F,F,A,NONE,4,Manufacturer#2,1-URGENT,1,AIR,3,0.05,4,Brand#24,17,JUMBO JAR,35,692,29841.4656
F,F,A,NONE,4,Manufacturer#5,1-URGENT,1,AIR,5,0.08,10,Brand#52,17,SM BAG,40,692,28630.112
F,F,A,NONE,4,Manufacturer#4,1-URGENT,1,REG AIR,2,0.06,11,Brand#43,17,LG CAN,17,692,22737.4875
F,P,A,NONE,3,Manufacturer#1,3-MEDIUM,3,FOB,6,0,23,Brand#14,6,SM PACK,2,693,6373.404
F,F,R,DELIVER IN PERSON,4,Manufacturer#4,3-MEDIUM,4,AIR,2,0.02,11,Brand#45,11,SM BAG,32,694,42184.1664
O,P,N,DELIVER IN PERSON,3,Manufacturer#2,3-MEDIUM,3,AIR,5,0.04,7,Brand#25,6,LG CAN,29,693,22961.145
F,P,R,DELIVER IN PERSON,0,Manufacturer#2,3-MEDIUM,3,TRUCK,3,0.05,0,Brand#23,6,MED DRUM,19,693,35998.7664
F,F,R,DELIVER IN PERSON,0,Manufacturer#3,4-NOT SPECIFIED,2,RAIL,4,0.01,0,Brand#31,9,JUMBO CASE,7,695,30602.5248
F,F,R,NONE,4,Manufacturer#3,4-NOT SPECIFIED,2,REG AIR,1,0,10,Brand#31,9,WRAP CASE,45,695,77773.3684
F,F,N,DELIVER IN PERSON,0,Manufacturer#5,4-NOT SPECIFIED,2,MAIL,2,0,5,Brand#51,9,SM JAR,23,695,55700.48
F,F,N,TAKE BACK RETURN,3,Manufacturer#5,4-NOT SPECIFIED,2,MAIL,5,0.01,19,Brand#55,9,JUMBO PACK,1,695,38866.8357
F,F,A,DELIVER IN PERSON,3,Manufacturer#2,4-NOT SPECIFIED,2,RAIL,3,0.07,23,Brand#21,9,JUMBO CASE,35,695,42928.62
F,F,A,COLLECT COD,2,Manufacturer#1,3-MEDIUM,4,SHIP,6,0.08,9,Brand#14,11,SM JAR,18,696,8515.93
F,F,A,NONE,0,Manufacturer#4,3-MEDIUM,4,RAIL,7,0,14,Brand#41,11,WRAP BOX,40,696,52435.8
F,P,R,COLLECT COD,4,Manufacturer#4,4-NOT SPECIFIED,4,FOB,4,0.07,4,Brand#43,4,WRAP CASE,19,697,51481.1868
O,P,N,DELIVER IN PERSON,0,Manufacturer#5,4-NOT SPECIFIED,4,REG AIR,1,0.01,0,Brand#51,4,MED PKG,8,697,39266.64
F,P,A,COLLECT COD,2,Manufacturer#2,4-NOT SPECIFIED,4,MAIL,2,0.04,9,Brand#21,4,JUMBO CASE,34,697,3236.984
O,P,N,TAKE BACK RETURN,0,Manufacturer#5,4-NOT SPECIFIED,4,AIR,7,0.05,5,Brand#53,4,LG CAN,24,697,89440.06
F,P,A,COLLECT COD,2,Manufacturer#5,4-NOT SPECIFIED,4,RAIL,5,0.04,18,Brand#53,4,SM PACK,33,697,42981.453
F,P,A,NONE,3,Manufacturer#1,4-NOT SPECIFIED,4,AIR,6,0.07,19,Brand#12,4,LG PKG,36,697,48373.248
F,P,R,DELIVER IN PERSON,1,Manufacturer#1,4-NOT SPECIFIED,4,MAIL,3,0.01,1,Brand#11,4,WRAP CAN,30,697,79715.16
F,F,A,NONE,3,Manufacturer#4,3-MEDIUM,2,AIR,7,0,22,Brand#43,18,SM CAN,15,698,74673.1062
F,F,A,DELIVER IN PERSON,0,Manufacturer#5,2-HIGH,4,MAIL,1,0.03,0,Brand#53,20,LG CAN,35,699,24205.5
F,F,R,TAKE BACK RETURN,4,Manufacturer#5,3-MEDIUM,3,AIR,4,0.06,4,Brand#54,6,WRAP PACK,34,700,68981.024
F,F,A,NONE,0,Manufacturer#2,3-MEDIUM,3,FOB,5,0.03,16,Brand#22,6,MED DRUM,20,700,53695.2416
F,F,R,DELIVER IN PERSON,3,Manufacturer#5,3-MEDIUM,3,FOB,3,0.06,7,Brand#52,6,JUMBO CAN,7,700,23133.292
F,F,R,TAKE BACK RETURN,1,Manufacturer#4,3-MEDIUM,2,SHIP,5,0.06,2,Brand#43,18,SM DRUM,20,698,18080.314
F,F,A,DELIVER IN PERSON,3,Manufacturer#2,3-MEDIUM,2,SHIP,4,0.05,22,Brand#25,18,JUMBO PACK,33,698,46196.1024
F,F,R,DELIVER IN PERSON,0,Manufacturer#3,3-MEDIUM,2,AIR,2,0.08,0,Brand#33,18,LG BAG,33,698,23829.363
F,F,A,COLLECT COD,1,Manufacturer#2,3-MEDIUM,2,RAIL,3,0.04,24,Brand#22,18,SM DRUM,24,698,42571.0584
F,F,N,DELIVER IN PERSON,2,Manufacturer#2,5-LOW,4,MAIL,1,0.03,9,Brand#21,11,SM BAG,23,701,36199.104
F,F,R,COLLECT COD,3,Manufacturer#3,5-LOW,4,RAIL,4,0.03,6,Brand#32,11,MED PKG,13,701,11884.5936
F,F,R,NONE,3,Manufacturer#4,5-LOW,4,TRUCK,2,0.02,23,Brand#42,11,JUMBO BOX,7,701,45485.5504
F,F,R,COLLECT COD,4,Manufacturer#3,5-LOW,4,RAIL,3,0,20,Brand#32,11,MED PACK,40,701,49425.012
F,F,A,TAKE BACK RETURN,2,Manufacturer#1,4-NOT SPECIFIED,3,SHIP,4,0,9,Brand#14,6,MED BAG,33,702,45218.52
F,F,R,COLLECT COD,0,Manufacturer#5,4-NOT SPECIFIED,3,FOB,6,0.05,16,Brand#53,6,JUMBO PKG,18,702,43125.6
F,F,A,DELIVER IN PERSON,3,Manufacturer#5,5-LOW,4,RAIL,2,0.03,22,Brand#53,4,MED JAR,40,703,29462.35
F,F,N,TAKE BACK RETURN,0,Manufacturer#3,3-MEDIUM,0,MAIL,4,0,16,Brand#34,15,LG BAG,35,704,1913.0566
F,F,A,NONE,3,Manufacturer#3,2-HIGH,2,FOB,3,0.06,19,Brand#33,12,JUMBO PKG,10,705,27654.6816
F,F,R,TAKE BACK RETURN,2,Manufacturer#1,2-HIGH,2,REG AIR,1,0.06,18,Brand#14,12,MED CASE,43,705,80077.8856
F,F,R,COLLECT COD,2,Manufacturer#5,2-HIGH,2,AIR,5,0.08,9,Brand#54,12,SM PKG,48,705,37019.565
F,F,A,TAKE BACK RETURN,3,Manufacturer#4,5-LOW,2,RAIL,2,0.05,7,Brand#42,8,SM JAR,47,706,30006.928
F,F,R,COLLECT COD,2,Manufacturer#1,5-LOW,2,AIR,1,0.04,12,Brand#11,8,WRAP BOX,31,706,39269.7613
F,F,A,NONE,4,Manufacturer#2,2-HIGH,4,TRUCK,1,0.08,11,Brand#22,10,WRAP CAN,32,707,81159.7504
F,F,A,NONE,3,Manufacturer#4,2-HIGH,4,FOB,4,0.03,23,Brand#43,10,MED PKG,29,707,3523.04
F,F,R,TAKE BACK RETURN,1,Manufacturer#2,2-HIGH,4,TRUCK,6,0.02,2,Brand#25,10,SM PKG,26,707,3298.2292
F,F,A,TAKE BACK RETURN,4,Manufacturer#1,2-HIGH,4,TRUCK,3,0.04,4,Brand#11,10,MED CAN,1,707,23622.576
F,F,R,DELIVER IN PERSON,3,Manufacturer#1,2-HIGH,4,SHIP,2,0.05,22,Brand#15,10,LG PACK,2,707,20156.8458
F,F,R,DELIVER IN PERSON,4,Manufacturer#2,3-MEDIUM,0,MAIL,3,0,20,Brand#25,15,MED BOX,48,704,68640.21
F,F,A,COLLECT COD,1,Manufacturer#4,3-MEDIUM,0,REG AIR,1,0.04,24,Brand#41,15,LG CASE,19,704,39475.008
F,F,A,COLLECT COD,3,Manufacturer#3,4-NOT SPECIFIED,4,SHIP,3,0.08,7,Brand#31,13,SM CASE,7,708,32773.4976
F,F,R,TAKE BACK RETURN,4,Manufacturer#4,1-URGENT,2,MAIL,4,0.03,11,Brand#41,18,MED CASE,47,709,6992.9937
F,F,A,TAKE BACK RETURN,2,Manufacturer#4,1-URGENT,2,SHIP,3,0.06,8,Brand#45,18,SM BOX,38,709,43761.55
F,F,R,COLLECT COD,4,Manufacturer#3,4-NOT SPECIFIED,4,FOB,5,0,20,Brand#35,13,SM JAR,11,708,74726.69
F,P,A,COLLECT COD,4,Manufacturer#2,3-MEDIUM,1,FOB,2,0.05,13,Brand#25,17,SM DRUM,45,710,40445.799
F,P,A,TAKE BACK RETURN,2,Manufacturer#5,3-MEDIUM,1,FOB,1,0.03,12,Brand#51,17,MED DRUM,24,710,21485.62
O,P,N,TAKE BACK RETURN,1,Manufacturer#4,3-MEDIUM,1,REG AIR,3,0,17,Brand#42,17,WRAP BAG,4,710,31533.7295
F,F,A,TAKE BACK RETURN,2,Manufacturer#5,2-HIGH,1,FOB,6,0.01,18,Brand#52,3,MED CASE,48,711,12973.824
F,P,A,DELIVER IN PERSON,2,Manufacturer#5,5-LOW,1,SHIP,6,0.02,9,Brand#51,24,MED JAR,13,712,50697.9
F,P,R,COLLECT COD,3,Manufacturer#1,5-LOW,1,MAIL,3,0.03,19,Brand#15,24,WRAP CASE,35,712,26211.0296
F,P,R,TAKE BACK RETURN,2,Manufacturer#1,5-LOW,1,RAIL,5,0.06,18,Brand#12,24,LG JAR,17,712,22928.8503
O,P,N,DELIVER IN PERSON,4,Manufacturer#4,5-LOW,1,SHIP,7,0.07,4,Brand#44,24,JUMBO BAG,32,712,3833.5176
F,P,R,NONE,0,Manufacturer#4,5-LOW,1,MAIL,4,0.03,0,Brand#41,24,SM DRUM,10,712,4093.17
F,P,A,COLLECT COD,0,Manufacturer#1,5-LOW,1,SHIP,1,0.06,15,Brand#14,24,SM BAG,19,712,4994.784
O,P,N,COLLECT COD,3,Manufacturer#5,5-LOW,1,MAIL,2,0,22,Brand#54,24,MED CASE,3,712,55322.568
F,F,R,TAKE BACK RETURN,3,Manufacturer#3,5-LOW,0,MAIL,1,0.08,23,Brand#32,16,JUMBO PACK,27,713,29864.835
F,F,R,COLLECT COD,0,Manufacturer#2,3-MEDIUM,1,SHIP,2,0.02,0,Brand#22,17,WRAP CASE,26,714,76030.36
F,F,R,NONE,1,Manufacturer#3,3-MEDIUM,1,REG AIR,1,0.05,2,Brand#33,17,SM BOX,49,714,18836.3043
F,P,R,TAKE BACK RETURN,3,Manufacturer#4,5-LOW,3,TRUCK,2,0.01,19,Brand#42,22,WRAP PACK,42,715,54857.484
F,P,R,NONE,4,Manufacturer#2,5-LOW,3,REG AIR,3,0.08,13,Brand#22,22,WRAP CAN,42,715,48333.9584
O,P,N,COLLECT COD,4,Manufacturer#1,5-LOW,3,SHIP,1,0.03,11,Brand#11,22,LG BAG,18,715,9254.151
F,F,A,COLLECT COD,4,Manufacturer#4,1-URGENT,1,SHIP,1,0.07,11,Brand#41,1,WRAP CAN,19,716,19406.196
F,F,A,COLLECT COD,0,Manufacturer#4,2-HIGH,1,FOB,1,0.01,16,Brand#41,3,JUMBO JAR,4,711,23265.88
F,F,A,DELIVER IN PERSON,1,Manufacturer#4,4-NOT SPECIFIED,4,REG AIR,1,0.01,3,Brand#41,13,MED BAG,4,717,25728.0606
F,F,A,COLLECT COD,3,Manufacturer#5,2-HIGH,1,SHIP,5,0.01,6,Brand#53,3,SM JAR,11,718,17490.6
F,F,R,NONE,2,Manufacturer#4,2-HIGH,1,REG AIR,7,0.07,21,Brand#43,3,WRAP CAN,35,718,24319.9432
F,F,A,COLLECT COD,3,Manufacturer#4,2-HIGH,1,TRUCK,4,0.07,23,Brand#44,3,LG DRUM,48,718,39383.1108
F,F,R,DELIVER IN PERSON,2,Manufacturer#3,2-HIGH,1,MAIL,6,0,18,Brand#31,3,LG DRUM,47,718,26896.716
F,F,R,TAKE BACK RETURN,0,Manufacturer#4,2-HIGH,1,RAIL,3,0.08,5,Brand#42,3,LG CAN,15,718,18212.5454
F,F,A,DELIVER IN PERSON,0,Manufacturer#5,2-HIGH,1,RAIL,1,0.03,5,Brand#55,3,LG BOX,3,718,33152.112
F,F,A,DELIVER IN PERSON,0,Manufacturer#4,4-NOT SPECIFIED,4,MAIL,2,0.01,0,Brand#42,13,LG JAR,15,717,16660.602
F,F,A,COLLECT COD,1,Manufacturer#4,4-NOT SPECIFIED,4,FOB,3,0.02,24,Brand#42,13,JUMBO PKG,9,717,42807.3408
F,F,A,TAKE BACK RETURN,0,Manufacturer#2,1-URGENT,3,RAIL,6,0.06,14,Brand#24,7,JUMBO BOX,15,719,45770.3424
F,F,R,TAKE BACK RETURN,4,Manufacturer#5,2-HIGH,3,SHIP,1,0.04,4,Brand#54,23,WRAP CASE,9,720,11131.155
F,F,R,NONE,2,Manufacturer#3,2-HIGH,4,REG AIR,5,0,12,Brand#35,4,SM CASE,13,721,12474.7776
F,F,A,DELIVER IN PERSON,3,Manufacturer#3,2-HIGH,4,SHIP,6,0.03,23,Brand#34,4,JUMBO PKG,35,721,39630.029
F,F,R,NONE,2,Manufacturer#3,2-HIGH,4,AIR,4,0.04,21,Brand#32,4,JUMBO PKG,21,721,46042.43
F,F,R,COLLECT COD,1,Manufacturer#1,2-HIGH,4,SHIP,3,0.04,1,Brand#15,4,LG CAN,44,721,20195.12
F,F,N,NONE,3,Manufacturer#3,1-URGENT,3,AIR,3,0.08,6,Brand#31,7,LG BOX,26,719,36756.209
F,F,N,DELIVER IN PERSON,0,Manufacturer#5,1-URGENT,3,AIR,1,0.06,5,Brand#52,7,MED BOX,30,719,31662.449
F,F,R,COLLECT COD,3,Manufacturer#1,1-URGENT,3,MAIL,4,0.02,23,Brand#14,7,MED PKG,27,719,4394.3895
F,F,R,TAKE BACK RETURN,1,Manufacturer#1,1-URGENT,3,MAIL,5,0,17,Brand#15,7,LG BOX,39,719,34135.776
F,F,R,COLLECT COD,4,Manufacturer#1,2-HIGH,0,MAIL,3,0.01,4,Brand#13,5,MED PKG,3,722,12180.5376
F,F,A,NONE,4,Manufacturer#5,2-HIGH,3,MAIL,5,0.02,4,Brand#55,23,LG BAG,5,723,46850.4
F,F,R,TAKE BACK RETURN,2,Manufacturer#1,2-HIGH,3,TRUCK,6,0.01,9,Brand#15,23,JUMBO PKG,48,723,4660.214
F,F,R,COLLECT COD,4,Manufacturer#2,2-HIGH,3,REG AIR,4,0.04,10,Brand#22,23,JUMBO BAG,21,723,46915.9704
F,F,A,TAKE BACK RETURN,3,Manufacturer#1,2-HIGH,3,SHIP,3,0.01,19,Brand#12,23,LG CAN,19,723,17050.068
F,F,A,NONE,3,Manufacturer#4,5-LOW,1,SHIP,3,0.04,6,Brand#42,3,LG CASE,1,724,55626.88
F,F,R,DELIVER IN PERSON,2,Manufacturer#4,5-LOW,1,TRUCK,4,0,8,Brand#42,3,SM PKG,29,724,59434.9028
F,F,A,TAKE BACK RETURN,4,Manufacturer#4,2-HIGH,0,SHIP,2,0.07,11,Brand#44,5,LG CASE,24,722,17494.848
F,F,A,TAKE BACK RETURN,2,Manufacturer#1,2-HIGH,0,SHIP,4,0.06,18,Brand#14,5,JUMBO BAG,16,722,44931.3312
F,F,R,NONE,3,Manufacturer#3,2-HIGH,0,TRUCK,1,0.02,22,Brand#34,5,JUMBO PKG,38,722,27930.4389
F,F,R,NONE,2,Manufacturer#5,1-URGENT,4,AIR,2,0.02,21,Brand#53,10,SM PKG,33,725,1535.6874
F,F,R,NONE,2,Manufacturer#1,1-URGENT,4,REG AIR,4,0,9,Brand#13,10,SM DRUM,25,725,48580.9005
F,F,N,COLLECT COD,3,Manufacturer#4,1-URGENT,4,MAIL,1,0.01,6,Brand#43,10,LG JAR,45,725,31413.8088
F,F,R,TAKE BACK RETURN,0,Manufacturer#3,1-URGENT,4,REG AIR,5,0,14,Brand#31,10,LG CASE,13,725,25221.1014
F,F,R,COLLECT COD,1,Manufacturer#1,3-MEDIUM,0,RAIL,2,0.01,1,Brand#12,15,LG PKG,28,726,72860.2793
F,F,N,DELIVER IN PERSON,1,Manufacturer#4,3-MEDIUM,0,FOB,3,0.06,1,Brand#45,15,MED BOX,5,726,64321.8876
F,F,A,COLLECT COD,0,Manufacturer#1,3-MEDIUM,0,AIR,1,0.07,5,Brand#12,15,MED PACK,23,726,91342.8747
F,F,A,TAKE BACK RETURN,3,Manufacturer#5,3-MEDIUM,0,RAIL,4,0.01,7,Brand#54,15,SM BAG,44,726,36999.7188
F,F,A,DELIVER IN PERSON,2,Manufacturer#2,4-NOT SPECIFIED,2,MAIL,1,0,9,Brand#21,8,SM DRUM,41,727,53278.272
F,F,R,NONE,2,Manufacturer#4,4-NOT SPECIFIED,2,TRUCK,3,0.03,8,Brand#44,8,SM CASE,46,727,39953.76
F,F,R,DELIVER IN PERSON,4,Manufacturer#2,4-NOT SPECIFIED,4,FOB,2,0.04,11,Brand#23,11,MED DRUM,11,728,54753.1858
F,F,R,TAKE BACK RETURN,4,Manufacturer#5,4-NOT SPECIFIED,4,TRUCK,1,0.03,11,Brand#53,11,WRAP CAN,25,728,13429.7955
F,P,A,COLLECT COD,4,Manufacturer#3,2-HIGH,0,REG AIR,6,0.06,20,Brand#32,14,SM CAN,8,729,51728.8196
F,P,R,COLLECT COD,2,Manufacturer#5,2-HIGH,0,SHIP,4,0.07,21,Brand#55,14,SM CASE,22,729,13772.9136
F,P,A,TAKE BACK RETURN,1,Manufacturer#4,2-HIGH,0,MAIL,5,0.08,24,Brand#45,14,WRAP BAG,9,729,5059.152
O,P,N,COLLECT COD,3,Manufacturer#1,2-HIGH,0,SHIP,7,0.06,22,Brand#12,14,JUMBO CAN,14,729,6177.983
F,P,R,DELIVER IN PERSON,4,Manufacturer#4,2-HIGH,0,REG AIR,3,0.07,4,Brand#41,14,SM DRUM,7,729,7226.7264
O,P,N,TAKE BACK RETURN,3,Manufacturer#2,2-HIGH,0,TRUCK,2,0.02,22,Brand#23,14,MED CASE,2,729,9311.9004
F,P,R,NONE,4,Manufacturer#5,2-HIGH,0,MAIL,1,0.04,10,Brand#54,14,MED CASE,41,729,23144.64
F,F,R,COLLECT COD,3,Manufacturer#5,2-HIGH,3,SHIP,2,0.03,19,Brand#51,7,LG CAN,12,730,36693.648
F,F,R,NONE,1,Manufacturer#4,2-HIGH,2,REG AIR,2,0.01,1,Brand#43,9,MED BOX,15,731,32732.1
F,F,A,DELIVER IN PERSON,3,Manufacturer#5,4-NOT SPECIFIED,2,TRUCK,2,0.07,22,Brand#51,12,LG CAN,6,732,35738.42
F,F,R,NONE,1,Manufacturer#5,5-LOW,4,FOB,6,0.04,1,Brand#55,20,LG CASE,6,733,15235.02
F,F,A,COLLECT COD,2,Manufacturer#2,5-LOW,4,FOB,5,0.08,8,Brand#25,20,SM PACK,45,733,20559.6625
F,F,R,NONE,2,Manufacturer#4,5-LOW,4,MAIL,3,0.04,8,Brand#44,20,JUMBO JAR,7,733,46515.8666
F,F,A,TAKE BACK RETURN,2,Manufacturer#5,5-LOW,4,TRUCK,7,0.05,8,Brand#51,20,MED PACK,22,733,24221.7508
F,F,R,COLLECT COD,1,Manufacturer#1,5-LOW,4,RAIL,4,0.02,24,Brand#11,20,LG BAG,21,733,34206.4486
F,F,A,TAKE BACK RETURN,2,Manufacturer#4,5-LOW,0,REG AIR,3,0.03,18,Brand#45,14,JUMBO BAG,17,734,35957.3526
F,F,R,NONE,1,Manufacturer#3,4-NOT SPECIFIED,2,SHIP,2,0.06,24,Brand#33,9,LG CAN,16,735,46654.9776
F,F,R,COLLECT COD,2,Manufacturer#3,5-LOW,2,FOB,1,0.01,18,Brand#31,12,LG PACK,48,736,9154.55
F,F,N,COLLECT COD,3,Manufacturer#2,1-URGENT,0,MAIL,6,0.01,23,Brand#23,16,LG JAR,20,737,12833.6736
F,F,R,NONE,4,Manufacturer#3,1-URGENT,0,TRUCK,3,0.05,4,Brand#33,16,WRAP BOX,26,737,71779.857
F,F,R,NONE,4,Manufacturer#4,1-URGENT,0,TRUCK,1,0,10,Brand#41,16,MED CASE,4,737,47627.0298
F,F,A,TAKE BACK RETURN,0,Manufacturer#2,1-URGENT,0,SHIP,7,0.05,15,Brand#25,16,LG CASE,31,737,49611.9
F,F,R,TAKE BACK RETURN,2,Manufacturer#5,1-URGENT,0,TRUCK,2,0.01,21,Brand#54,16,JUMBO BOX,28,737,67160.9862
F,F,A,DELIVER IN PERSON,2,Manufacturer#3,1-URGENT,0,TRUCK,5,0.02,21,Brand#35,16,LG JAR,16,737,27373.3824
F,F,A,DELIVER IN PERSON,0,Manufacturer#5,1-URGENT,0,FOB,4,0.08,15,Brand#52,16,MED CAN,27,737,36217.713
F,F,R,DELIVER IN PERSON,0,Manufacturer#1,4-NOT SPECIFIED,1,AIR,3,0.08,16,Brand#11,1,WRAP PACK,17,738,84616.32
F,F,R,TAKE BACK RETURN,4,Manufacturer#4,4-NOT SPECIFIED,1,MAIL,2,0.08,13,Brand#42,1,JUMBO PKG,14,738,49546.5816
F,F,R,COLLECT COD,1,Manufacturer#5,4-NOT SPECIFIED,1,FOB,1,0.06,1,Brand#53,1,LG PACK,14,738,29424.96
F,F,R,TAKE BACK RETURN,0,Manufacturer#2,5-LOW,0,MAIL,2,0.02,15,Brand#22,14,MED CAN,1,734,19205.4
F,F,A,NONE,1,Manufacturer#4,2-HIGH,0,MAIL,4,0,24,Brand#43,15,LG CAN,42,739,40236.57
F,F,R,NONE,2,Manufacturer#5,5-LOW,4,TRUCK,1,0.04,18,Brand#54,4,JUMBO DRUM,22,740,45093.6
F,F,R,COLLECT COD,0,Manufacturer#1,2-HIGH,0,FOB,2,0,0,Brand#11,15,MED CAN,5,739,34073.1512
F,F,N,DELIVER IN PERSON,1,Manufacturer#5,2-HIGH,0,MAIL,3,0.05,1,Brand#53,15,MED DRUM,47,739,64081.68
F,F,A,COLLECT COD,4,Manufacturer#2,2-HIGH,0,SHIP,1,0.03,11,Brand#22,15,SM CASE,18,739,53221.3974
F,F,R,COLLECT COD,2,Manufacturer#5,3-MEDIUM,1,AIR,2,0,18,Brand#53,2,JUMBO CASE,13,741,20814.3936
F,F,A,DELIVER IN PERSON,2,Manufacturer#5,2-HIGH,3,TRUCK,3,0.07,9,Brand#55,19,SM BOX,20,742,7660.1504
F,F,A,NONE,3,Manufacturer#4,2-HIGH,3,MAIL,1,0.01,7,Brand#44,19,SM DRUM,20,742,11262.5964
F,F,N,NONE,0,Manufacturer#5,2-HIGH,3,AIR,2,0.05,15,Brand#55,19,MED BAG,49,742,16467.138
F,F,A,TAKE BACK RETURN,3,Manufacturer#1,3-MEDIUM,1,FOB,5,0,6,Brand#11,2,MED CASE,13,741,24971.919
F,F,R,TAKE BACK RETURN,2,Manufacturer#4,3-MEDIUM,1,AIR,1,0.05,8,Brand#44,2,LG JAR,11,741,13848.8152
F,F,R,NONE,2,Manufacturer#1,1-URGENT,4,FOB,1,0.05,8,Brand#15,13,LG DRUM,45,743,32148.171
F,F,R,NONE,2,Manufacturer#2,2-HIGH,1,REG AIR,3,0.07,9,Brand#24,24,MED CAN,40,744,17563.0944
F,F,R,NONE,1,Manufacturer#4,2-HIGH,1,SHIP,2,0.02,24,Brand#41,24,SM PACK,27,744,4263.408
F,F,R,TAKE BACK RETURN,2,Manufacturer#3,2-HIGH,1,RAIL,4,0.02,12,Brand#35,24,JUMBO BAG,30,744,72991.215
F,F,A,DELIVER IN PERSON,3,Manufacturer#5,3-MEDIUM,4,RAIL,4,0.06,19,Brand#55,20,JUMBO BAG,28,745,26972.4273
F,F,R,COLLECT COD,4,Manufacturer#3,3-MEDIUM,4,MAIL,7,0.04,11,Brand#35,20,LG JAR,38,745,8787.5712
F,F,A,DELIVER IN PERSON,0,Manufacturer#4,4-NOT SPECIFIED,2,REG AIR,5,0.02,0,Brand#45,8,SM BAG,44,746,5392.2888
F,F,R,TAKE BACK RETURN,2,Manufacturer#5,4-NOT SPECIFIED,2,FOB,4,0.02,21,Brand#55,8,JUMBO BAG,28,746,37313.3579
F,F,R,TAKE BACK RETURN,1,Manufacturer#4,1-URGENT,3,TRUCK,2,0.01,17,Brand#41,19,LG CAN,37,747,43722.504
F,F,A,NONE,0,Manufacturer#2,1-URGENT,3,FOB,5,0.02,5,Brand#22,19,SM DRUM,11,747,26548.6
F,F,A,DELIVER IN PERSON,3,Manufacturer#2,1-URGENT,3,RAIL,3,0.02,23,Brand#25,19,JUMBO BOX,11,747,35116.8
F,F,R,COLLECT COD,3,Manufacturer#3,4-NOT SPECIFIED,2,MAIL,1,0.06,6,Brand#35,18,MED CAN,4,748,20211.4685
F,F,A,NONE,4,Manufacturer#3,3-MEDIUM,1,FOB,1,0.02,10,Brand#32,17,JUMBO BOX,15,749,34932.6978
F,F,R,COLLECT COD,0,Manufacturer#1,5-LOW,1,SHIP,3,0.01,16,Brand#14,24,JUMBO CAN,1,750,3744.99
F,F,A,NONE,0,Manufacturer#5,4-NOT SPECIFIED,2,MAIL,2,0.01,0,Brand#53,9,SM BAG,27,751,10161
F,F,R,DELIVER IN PERSON,1,Manufacturer#1,4-NOT SPECIFIED,2,REG AIR,3,0,3,Brand#15,9,LG CASE,5,751,22518.0165
F,F,A,NONE,1,Manufacturer#1,4-NOT SPECIFIED,2,TRUCK,4,0.04,2,Brand#13,9,LG DRUM,28,751,57170.487
F,F,R,DELIVER IN PERSON,0,Manufacturer#3,5-LOW,1,AIR,1,0.07,14,Brand#35,24,LG CAN,21,750,26019.208
F,F,A,NONE,4,Manufacturer#1,5-LOW,1,REG AIR,2,0.08,20,Brand#12,24,JUMBO PACK,39,750,7114.104
F,F,A,COLLECT COD,1,Manufacturer#4,4-NOT SPECIFIED,1,TRUCK,5,0,24,Brand#41,3,WRAP CAN,31,752,57397.5318
F,F,A,DELIVER IN PERSON,1,Manufacturer#3,5-LOW,1,FOB,3,0.01,3,Brand#33,24,MED DRUM,5,753,32004.762
F,F,R,NONE,1,Manufacturer#2,5-LOW,1,MAIL,7,0.07,17,Brand#24,24,WRAP JAR,20,753,11854.0422
F,F,R,NONE,3,Manufacturer#5,5-LOW,1,REG AIR,1,0.04,22,Brand#52,24,JUMBO PKG,17,753,8478.624
F,F,R,COLLECT COD,2,Manufacturer#1,5-LOW,1,RAIL,6,0.08,21,Brand#11,24,SM JAR,14,753,29748.8958
O,P,N,DELIVER IN PERSON,1,Manufacturer#2,3-MEDIUM,3,SHIP,6,0.02,2,Brand#21,6,SM JAR,33,754,42069.555
F,P,R,COLLECT COD,3,Manufacturer#5,3-MEDIUM,3,MAIL,3,0.06,7,Brand#53,6,SM PACK,33,754,14631.984
F,P,A,NONE,4,Manufacturer#4,3-MEDIUM,3,REG AIR,2,0.05,4,Brand#42,6,WRAP PACK,23,754,41933.1024
F,P,A,COLLECT COD,2,Manufacturer#2,3-MEDIUM,3,AIR,1,0.03,12,Brand#23,6,WRAP CASE,33,754,26454.428
F,P,A,TAKE BACK RETURN,1,Manufacturer#1,3-MEDIUM,3,TRUCK,4,0.07,17,Brand#11,6,JUMBO BOX,46,754,28732.968
F,P,R,DELIVER IN PERSON,3,Manufacturer#1,3-MEDIUM,3,SHIP,5,0.08,6,Brand#14,6,LG CAN,41,754,65885.6268
F,F,R,TAKE BACK RETURN,3,Manufacturer#5,4-NOT SPECIFIED,1,AIR,2,0,22,Brand#55,3,LG JAR,41,752,9902.3648
F,F,R,DELIVER IN PERSON,4,Manufacturer#3,4-NOT SPECIFIED,1,REG AIR,1,0.04,10,Brand#34,3,WRAP DRUM,30,752,12114.9798
F,F,R,COLLECT COD,4,Manufacturer#2,4-NOT SPECIFIED,1,MAIL,6,0,13,Brand#23,3,SM BAG,49,752,22938.453
F,F,A,NONE,2,Manufacturer#3,4-NOT SPECIFIED,1,AIR,4,0.06,9,Brand#34,3,JUMBO PKG,11,752,1856.04
F,F,A,NONE,1,Manufacturer#1,5-LOW,1,TRUCK,1,0.01,2,Brand#13,2,SM JAR,16,755,20265.4976
F,F,A,COLLECT COD,3,Manufacturer#5,3-MEDIUM,1,TRUCK,1,0.02,23,Brand#52,1,SM JAR,25,756,27173.8128
F,F,R,COLLECT COD,4,Manufacturer#5,5-LOW,2,REG AIR,5,0.02,11,Brand#51,9,JUMBO PKG,22,757,48538.8855
F,F,R,COLLECT COD,0,Manufacturer#1,1-URGENT,3,SHIP,1,0.04,5,Brand#11,19,SM JAR,8,758,2660.0832
F,F,A,DELIVER IN PERSON,2,Manufacturer#1,1-URGENT,3,AIR,7,0.05,18,Brand#13,19,SM DRUM,27,758,46778.8902
F,F,A,NONE,1,Manufacturer#5,1-URGENT,3,FOB,5,0.02,2,Brand#54,19,LG PACK,14,758,19397.4264
F,F,A,DELIVER IN PERSON,2,Manufacturer#2,1-URGENT,3,FOB,4,0.04,18,Brand#24,19,LG PACK,13,758,21777.1176
F,F,A,TAKE BACK RETURN,4,Manufacturer#4,1-URGENT,3,REG AIR,2,0.03,20,Brand#42,19,MED BOX,32,758,24281.76
F,F,A,COLLECT COD,1,Manufacturer#2,4-NOT SPECIFIED,0,SHIP,1,0.08,3,Brand#23,15,WRAP BAG,23,759,32891.7204
F,F,A,NONE,4,Manufacturer#4,5-LOW,4,SHIP,3,0,13,Brand#44,11,SM PKG,21,760,81572.928
F,F,A,TAKE BACK RETURN,2,Manufacturer#1,5-LOW,4,SHIP,2,0.05,8,Brand#13,11,MED CASE,36,760,71859.6176
F,F,R,TAKE BACK RETURN,3,Manufacturer#5,5-LOW,4,REG AIR,4,0.02,7,Brand#53,11,MED BOX,29,760,67230.84
F,F,A,TAKE BACK RETURN,4,Manufacturer#3,5-LOW,4,MAIL,7,0,11,Brand#35,11,SM PKG,27,760,51507.2712
F,F,R,DELIVER IN PERSON,1,Manufacturer#4,5-LOW,4,AIR,5,0.04,1,Brand#42,11,MED BOX,29,760,9991.776
F,F,R,DELIVER IN PERSON,4,Manufacturer#5,5-LOW,4,FOB,6,0.06,10,Brand#52,11,SM PKG,38,760,35346.465
F,F,N,TAKE BACK RETURN,3,Manufacturer#2,5-LOW,4,AIR,1,0.08,6,Brand#22,11,JUMBO CASE,26,760,33729.3792
F,F,A,TAKE BACK RETURN,3,Manufacturer#1,4-NOT SPECIFIED,0,AIR,3,0,19,Brand#12,16,JUMBO DRUM,16,761,2910.2544
F,F,A,NONE,3,Manufacturer#1,4-NOT SPECIFIED,0,REG AIR,4,0.04,7,Brand#13,16,WRAP CASE,14,761,30517.8975
F,F,R,COLLECT COD,4,Manufacturer#5,4-NOT SPECIFIED,0,TRUCK,7,0.03,10,Brand#55,16,MED PACK,13,761,56808.206
F,F,N,COLLECT COD,3,Manufacturer#5,1-URGENT,0,SHIP,1,0.04,22,Brand#54,14,SM DRUM,29,762,57536.507
F,F,A,COLLECT COD,1,Manufacturer#5,3-MEDIUM,3,FOB,1,0.04,2,Brand#55,6,MED BAG,37,763,59465.7155
F,F,A,COLLECT COD,1,Manufacturer#5,3-MEDIUM,3,REG AIR,4,0.04,1,Brand#54,6,LG BAG,26,763,16433.28
F,F,A,TAKE BACK RETURN,2,Manufacturer#5,3-MEDIUM,3,SHIP,3,0.01,21,Brand#52,6,JUMBO CASE,19,763,54858.8
F,F,A,COLLECT COD,4,Manufacturer#2,4-NOT SPECIFIED,0,FOB,3,0.06,4,Brand#21,5,SM DRUM,10,764,63852.9192
F,F,A,COLLECT COD,2,Manufacturer#4,4-NOT SPECIFIED,0,AIR,2,0.08,18,Brand#42,5,JUMBO BOX,15,764,48220.6816
F,F,A,DELIVER IN PERSON,3,Manufacturer#2,2-HIGH,3,MAIL,3,0.01,19,Brand#22,7,SM CASE,33,765,43873.184
F,F,A,TAKE BACK RETURN,4,Manufacturer#3,4-NOT SPECIFIED,1,TRUCK,3,0.04,13,Brand#33,3,MED CAN,37,766,30179.7264
F,F,R,TAKE BACK RETURN,4,Manufacturer#1,4-NOT SPECIFIED,1,AIR,4,0.06,10,Brand#15,3,JUMBO JAR,48,766,13517.6418
F,F,A,TAKE BACK RETURN,4,Manufacturer#3,3-MEDIUM,3,MAIL,3,0.02,13,Brand#32,22,WRAP JAR,46,767,3407.3778
F,F,A,COLLECT COD,2,Manufacturer#3,5-LOW,2,MAIL,5,0.05,18,Brand#32,12,LG PKG,43,768,8800.7832
F,F,R,TAKE BACK RETURN,0,Manufacturer#5,5-LOW,2,TRUCK,2,0.05,15,Brand#54,12,SM PKG,22,768,38898.1242
F,F,A,DELIVER IN PERSON,4,Manufacturer#2,5-LOW,2,REG AIR,1,0.05,10,Brand#24,12,WRAP BAG,3,768,23921.2512
F,F,A,DELIVER IN PERSON,3,Manufacturer#5,5-LOW,2,AIR,3,0,7,Brand#54,12,JUMBO BAG,39,768,51159.8997
F,F,N,TAKE BACK RETURN,4,Manufacturer#4,5-LOW,2,SHIP,7,0.03,10,Brand#43,12,WRAP PKG,10,768,18904.2216
F,F,R,DELIVER IN PERSON,2,Manufacturer#5,5-LOW,2,REG AIR,6,0.06,21,Brand#52,12,MED BAG,4,768,52449.4464
F,F,R,NONE,2,Manufacturer#5,5-LOW,2,TRUCK,4,0.06,21,Brand#52,12,LG BOX,50,768,9014.544
F,F,R,DELIVER IN PERSON,2,Manufacturer#5,5-LOW,2,AIR,2,0.02,21,Brand#53,18,MED CAN,20,769,39669.291
F,F,A,COLLECT COD,0,Manufacturer#5,4-NOT SPECIFIED,2,TRUCK,2,0.03,14,Brand#55,9,LG CAN,2,770,56488.23
F,F,N,COLLECT COD,3,Manufacturer#2,1-URGENT,0,AIR,1,0.07,23,Brand#23,14,JUMBO PKG,25,771,5898.529
F,F,A,NONE,4,Manufacturer#2,4-NOT SPECIFIED,3,MAIL,1,0.02,4,Brand#25,7,SM DRUM,21,772,25650.702
F,F,R,TAKE BACK RETURN,2,Manufacturer#5,4-NOT SPECIFIED,3,FOB,2,0.03,21,Brand#54,7,LG PKG,12,772,64168.104
F,F,R,DELIVER IN PERSON,1,Manufacturer#2,2-HIGH,4,RAIL,1,0.04,17,Brand#21,13,SM CASE,33,773,50235.2928
F,F,R,COLLECT COD,4,Manufacturer#4,2-HIGH,4,REG AIR,3,0.07,4,Brand#41,13,LG CASE,23,773,10716.4512
F,F,A,DELIVER IN PERSON,0,Manufacturer#1,3-MEDIUM,3,AIR,4,0.06,14,Brand#11,22,SM PKG,34,767,48512.0097
F,F,A,TAKE BACK RETURN,2,Manufacturer#4,3-MEDIUM,3,TRUCK,6,0.04,12,Brand#44,22,LG PACK,24,767,14503.052
F,F,R,TAKE BACK RETURN,0,Manufacturer#1,3-MEDIUM,3,REG AIR,5,0,5,Brand#14,22,LG PACK,35,767,46063.377
F,F,R,TAKE BACK RETURN,4,Manufacturer#2,3-MEDIUM,3,MAIL,2,0.01,10,Brand#21,22,WRAP PACK,15,767,5977.8384
F,F,A,TAKE BACK RETURN,4,Manufacturer#2,3-MEDIUM,3,TRUCK,7,0.01,13,Brand#25,22,LG DRUM,35,767,31200.05
F,F,R,DELIVER IN PERSON,3,Manufacturer#2,1-URGENT,3,TRUCK,1,0.02,7,Brand#25,6,WRAP BAG,27,774,76325.5461
F,F,A,DELIVER IN PERSON,4,Manufacturer#5,1-URGENT,3,FOB,1,0.07,20,Brand#55,22,MED CASE,2,775,17178.0576
F,F,R,TAKE BACK RETURN,0,Manufacturer#3,3-MEDIUM,1,TRUCK,1,0.07,14,Brand#34,2,WRAP CASE,45,776,15138.4662
F,F,A,DELIVER IN PERSON,4,Manufacturer#2,3-MEDIUM,1,TRUCK,7,0.03,4,Brand#23,2,MED JAR,30,776,31444.2
F,F,R,COLLECT COD,0,Manufacturer#1,3-MEDIUM,1,AIR,4,0,5,Brand#13,2,LG JAR,10,776,25738.3731
F,F,A,NONE,4,Manufacturer#2,3-MEDIUM,1,SHIP,3,0.04,10,Brand#21,2,MED BAG,40,776,50413.6816
F,F,A,TAKE BACK RETURN,2,Manufacturer#2,3-MEDIUM,1,MAIL,2,0.05,12,Brand#24,2,WRAP CASE,8,776,5073.779
F,F,A,DELIVER IN PERSON,2,Manufacturer#2,3-MEDIUM,1,MAIL,5,0.06,12,Brand#24,2,JUMBO BOX,50,776,17827.0092
F,F,R,COLLECT COD,3,Manufacturer#1,2-HIGH,3,MAIL,5,0.07,19,Brand#15,23,WRAP BOX,32,777,56054.727
F,F,R,TAKE BACK RETURN,2,Manufacturer#5,2-HIGH,3,FOB,3,0.02,8,Brand#54,23,WRAP BOX,13,777,79552.665
F,F,N,COLLECT COD,1,Manufacturer#5,2-HIGH,3,FOB,2,0.03,1,Brand#52,23,LG CAN,4,777,11501.9982
F,F,N,COLLECT COD,2,Manufacturer#2,2-HIGH,3,SHIP,1,0.07,12,Brand#23,23,LG CAN,35,777,31549.3024
F,F,R,TAKE BACK RETURN,3,Manufacturer#1,2-HIGH,4,TRUCK,3,0,7,Brand#14,13,SM CAN,39,778,35142.228
F,F,R,DELIVER IN PERSON,1,Manufacturer#1,3-MEDIUM,1,MAIL,2,0.02,17,Brand#13,17,LG BOX,41,779,54558.348
F,F,R,NONE,3,Manufacturer#5,4-NOT SPECIFIED,1,MAIL,5,0.04,6,Brand#53,1,LG DRUM,3,780,27400.3078
F,F,A,COLLECT COD,4,Manufacturer#4,3-MEDIUM,1,REG AIR,3,0.06,10,Brand#42,24,WRAP CASE,9,781,17934.524
F,F,A,DELIVER IN PERSON,1,Manufacturer#5,1-URGENT,0,AIR,3,0.01,24,Brand#51,14,MED PACK,42,782,14516.019
F,F,R,TAKE BACK RETURN,3,Manufacturer#1,2-HIGH,3,MAIL,1,0.04,6,Brand#12,23,MED CAN,23,783,14247.396
F,F,R,DELIVER IN PERSON,3,Manufacturer#1,5-LOW,4,AIR,1,0.06,22,Brand#11,4,WRAP BOX,34,784,9985.0842
F,F,R,NONE,4,Manufacturer#5,5-LOW,4,REG AIR,3,0.03,4,Brand#53,4,MED PACK,34,784,27555.491
F,F,R,COLLECT COD,1,Manufacturer#4,5-LOW,4,RAIL,2,0.07,3,Brand#45,4,MED JAR,40,784,26422.992
F,F,A,DELIVER IN PERSON,1,Manufacturer#1,5-LOW,4,SHIP,6,0.05,24,Brand#11,4,MED PKG,11,784,1661.8644
F,F,R,TAKE BACK RETURN,4,Manufacturer#1,2-HIGH,2,TRUCK,2,0.08,4,Brand#11,12,MED PACK,4,785,43954.4248
F,F,R,DELIVER IN PERSON,0,Manufacturer#2,2-HIGH,2,RAIL,3,0.03,15,Brand#22,12,SM PACK,4,785,56493.6827
F,F,R,COLLECT COD,2,Manufacturer#1,2-HIGH,2,SHIP,1,0.08,18,Brand#12,12,WRAP DRUM,14,785,11274.0012
F,F,R,TAKE BACK RETURN,4,Manufacturer#5,2-HIGH,0,AIR,6,0.04,11,Brand#52,5,JUMBO CAN,29,786,6975.1044
F,F,A,NONE,4,Manufacturer#1,2-HIGH,0,AIR,1,0.06,11,Brand#12,5,SM JAR,33,786,61660.194
F,F,R,COLLECT COD,4,Manufacturer#4,2-HIGH,0,REG AIR,2,0.02,10,Brand#43,5,LG JAR,38,786,30191.4624
F,F,R,TAKE BACK RETURN,2,Manufacturer#1,4-NOT SPECIFIED,4,RAIL,3,0.03,12,Brand#11,10,LG BAG,47,787,70601.72
F,F,A,NONE,4,Manufacturer#2,4-NOT SPECIFIED,4,TRUCK,1,0.04,4,Brand#25,10,WRAP DRUM,40,787,15011.0324
F,F,A,TAKE BACK RETURN,2,Manufacturer#2,4-NOT SPECIFIED,4,SHIP,2,0,8,Brand#23,10,WRAP PKG,5,787,69641.344
F,F,R,COLLECT COD,3,Manufacturer#1,1-URGENT,1,REG AIR,2,0.04,22,Brand#14,2,MED PACK,2,788,26506
F,F,A,COLLECT COD,2,Manufacturer#5,4-NOT SPECIFIED,2,SHIP,3,0,8,Brand#51,21,LG BAG,42,789,37482.1984
F,F,A,TAKE BACK RETURN,4,Manufacturer#5,4-NOT SPECIFIED,2,AIR,7,0.07,10,Brand#51,21,LG BAG,38,789,65010.37
F,F,A,COLLECT COD,3,Manufacturer#3,4-NOT SPECIFIED,2,TRUCK,5,0,22,Brand#33,21,WRAP CASE,12,789,36525.58
F,F,R,DELIVER IN PERSON,3,Manufacturer#1,1-URGENT,2,FOB,6,0.04,19,Brand#12,12,MED JAR,29,790,41806.156
F,F,A,TAKE BACK RETURN,2,Manufacturer#4,2-HIGH,1,MAIL,1,0.02,12,Brand#45,2,WRAP JAR,9,791,48388.44
F,F,A,TAKE BACK RETURN,3,Manufacturer#3,2-HIGH,1,RAIL,2,0.06,22,Brand#32,2,LG PKG,33,791,72266.1096
F,P,A,DELIVER IN PERSON,2,Manufacturer#2,2-HIGH,2,MAIL,3,0.05,9,Brand#24,18,JUMBO JAR,40,792,13855.8875
F,P,A,DELIVER IN PERSON,1,Manufacturer#1,2-HIGH,2,SHIP,6,0.06,2,Brand#13,18,LG BAG,50,792,13623.6366
F,P,A,NONE,3,Manufacturer#2,2-HIGH,2,TRUCK,4,0.07,6,Brand#24,18,MED CASE,29,792,54429.7194
O,P,N,NONE,1,Manufacturer#5,2-HIGH,2,RAIL,5,0.02,1,Brand#55,18,LG JAR,16,792,62345.4405
F,P,R,TAKE BACK RETURN,2,Manufacturer#3,2-HIGH,2,FOB,2,0.02,18,Brand#31,18,MED BOX,11,792,61361.4652
F,P,R,TAKE BACK RETURN,0,Manufacturer#4,2-HIGH,2,FOB,1,0.06,15,Brand#44,18,MED PKG,7,792,68150.2584
F,F,R,NONE,2,Manufacturer#5,5-LOW,0,SHIP,2,0.01,8,Brand#54,15,LG CASE,38,793,34957.746
F,F,A,DELIVER IN PERSON,1,Manufacturer#3,5-LOW,0,AIR,1,0.03,3,Brand#32,15,MED CASE,39,793,51029.46
F,P,A,DELIVER IN PERSON,3,Manufacturer#3,1-URGENT,1,FOB,1,0.08,23,Brand#31,3,LG CAN,13,794,26026.7028
O,P,N,DELIVER IN PERSON,0,Manufacturer#2,1-URGENT,1,TRUCK,2,0.05,14,Brand#23,3,WRAP CAN,32,794,40823.614
F,F,N,COLLECT COD,1,Manufacturer#2,2-HIGH,2,FOB,2,0.02,3,Brand#25,8,WRAP JAR,35,795,27532.7802
F,F,R,TAKE BACK RETURN,1,Manufacturer#1,2-HIGH,2,REG AIR,4,0.04,2,Brand#13,8,LG BAG,50,795,42384.6472
F,F,A,DELIVER IN PERSON,2,Manufacturer#5,2-HIGH,2,SHIP,5,0.02,9,Brand#55,8,WRAP CASE,34,795,8504.86
F,F,N,NONE,0,Manufacturer#5,2-HIGH,2,MAIL,3,0.06,15,Brand#53,8,SM CASE,32,795,43827.96
O,P,N,TAKE BACK RETURN,1,Manufacturer#2,5-LOW,0,MAIL,5,0.02,24,Brand#21,16,MED CASE,9,796,33524.8368
F,P,R,NONE,3,Manufacturer#4,5-LOW,0,SHIP,2,0.06,6,Brand#42,16,MED BOX,15,796,25569.027
F,P,R,TAKE BACK RETURN,0,Manufacturer#1,5-LOW,0,MAIL,7,0.08,14,Brand#15,16,JUMBO BAG,11,796,14141.808
F,P,N,DELIVER IN PERSON,2,Manufacturer#4,5-LOW,0,SHIP,4,0.02,9,Brand#44,16,WRAP CAN,21,796,59172.924
F,P,R,DELIVER IN PERSON,0,Manufacturer#1,5-LOW,0,AIR,1,0.04,14,Brand#15,16,MED CASE,8,796,30727.1356
F,P,A,TAKE BACK RETURN,3,Manufacturer#5,5-LOW,0,REG AIR,3,0.01,23,Brand#53,16,LG PACK,46,796,45397.079
F,F,R,COLLECT COD,0,Manufacturer#3,2-HIGH,1,SHIP,3,0.01,14,Brand#32,2,LG PKG,40,797,70524.7314
F,F,A,COLLECT COD,2,Manufacturer#5,2-HIGH,4,RAIL,4,0.03,9,Brand#52,20,WRAP PKG,10,798,47790.9504
F,F,R,DELIVER IN PERSON,0,Manufacturer#1,2-HIGH,4,RAIL,1,0.01,0,Brand#14,20,LG CAN,41,798,52186.2432
F,F,N,COLLECT COD,2,Manufacturer#5,2-HIGH,0,TRUCK,1,0.01,18,Brand#52,5,SM CASE,45,799,28677.4448
F,F,R,COLLECT COD,1,Manufacturer#3,5-LOW,3,FOB,7,0.03,2,Brand#33,7,MED PKG,38,800,12635.5752
F,F,R,TAKE BACK RETURN,1,Manufacturer#3,5-LOW,3,FOB,4,0.05,2,Brand#35,7,JUMBO JAR,26,800,28628.64
F,F,R,NONE,3,Manufacturer#3,5-LOW,3,TRUCK,2,0,23,Brand#35,7,LG PACK,25,800,37010.4644
F,F,N,TAKE BACK RETURN,3,Manufacturer#5,5-LOW,3,MAIL,6,0.08,19,Brand#55,7,LG BOX,12,800,44280.369
F,F,N,DELIVER IN PERSON,3,Manufacturer#5,5-LOW,3,FOB,3,0.02,19,Brand#55,7,WRAP JAR,4,800,15200.874
F,F,A,DELIVER IN PERSON,0,Manufacturer#5,5-LOW,3,MAIL,5,0.03,14,Brand#51,7,LG CAN,22,800,51241.68
F,P,R,COLLECT COD,2,Manufacturer#4,3-MEDIUM,2,SHIP,4,0.08,9,Brand#41,18,WRAP CAN,45,801,17236.7712
F,P,A,TAKE BACK RETURN,2,Manufacturer#1,3-MEDIUM,2,MAIL,3,0.05,9,Brand#12,18,JUMBO JAR,12,801,25015.7754
F,P,A,NONE,1,Manufacturer#2,3-MEDIUM,2,RAIL,1,0.01,1,Brand#23,18,MED PKG,11,801,15434.4751
F,P,N,DELIVER IN PERSON,4,Manufacturer#5,3-MEDIUM,2,RAIL,7,0.05,20,Brand#54,18,SM JAR,38,801,49057.65
F,P,A,DELIVER IN PERSON,0,Manufacturer#3,3-MEDIUM,2,FOB,6,0.03,5,Brand#35,18,WRAP BAG,10,801,20590.245
O,P,N,TAKE BACK RETURN,0,Manufacturer#5,3-MEDIUM,2,RAIL,2,0.05,5,Brand#51,18,MED PACK,22,801,2529.1448
F,F,A,DELIVER IN PERSON,0,Manufacturer#4,5-LOW,1,SHIP,4,0.03,15,Brand#42,3,SM BAG,35,802,36461.7315
F,F,R,TAKE BACK RETURN,2,Manufacturer#4,5-LOW,3,AIR,6,0.05,12,Brand#42,6,SM DRUM,29,803,60419.436
F,F,A,NONE,3,Manufacturer#3,5-LOW,3,MAIL,5,0.06,6,Brand#34,6,JUMBO JAR,16,803,33547.3875
F,F,R,TAKE BACK RETURN,4,Manufacturer#4,5-LOW,3,FOB,4,0.07,11,Brand#42,6,WRAP CASE,26,803,9632.844
F,F,R,COLLECT COD,0,Manufacturer#5,5-LOW,1,FOB,1,0,16,Brand#54,24,WRAP BOX,23,804,13609.4625
F,F,R,NONE,3,Manufacturer#3,1-URGENT,3,SHIP,5,0.01,22,Brand#31,23,JUMBO BAG,30,805,62230.896
F,F,R,NONE,4,Manufacturer#4,1-URGENT,3,FOB,1,0.04,20,Brand#42,23,LG DRUM,49,805,2407.4376
F,F,A,NONE,0,Manufacturer#4,1-URGENT,3,SHIP,2,0.06,0,Brand#45,23,LG CAN,10,805,18834.2949
F,F,R,NONE,1,Manufacturer#2,1-URGENT,3,TRUCK,3,0.01,2,Brand#22,23,JUMBO BOX,19,805,38745.3492
F,F,N,COLLECT COD,1,Manufacturer#2,1-URGENT,3,FOB,7,0.08,1,Brand#22,23,JUMBO CASE,22,805,37660.356
F,F,R,NONE,4,Manufacturer#4,5-LOW,1,AIR,2,0.03,13,Brand#41,3,SM PACK,46,802,20970.5421
F,F,R,DELIVER IN PERSON,2,Manufacturer#3,5-LOW,1,RAIL,1,0.07,12,Brand#32,3,WRAP JAR,25,802,85154.5152
F,F,A,DELIVER IN PERSON,0,Manufacturer#5,5-LOW,1,FOB,3,0.05,0,Brand#55,3,SM BOX,28,802,43383.795
F,F,A,DELIVER IN PERSON,1,Manufacturer#5,5-LOW,1,AIR,5,0.03,3,Brand#51,3,WRAP JAR,22,802,9264.4734
F,F,R,TAKE BACK RETURN,1,Manufacturer#1,4-NOT SPECIFIED,0,FOB,3,0.02,2,Brand#14,0,SM BOX,21,806,59029.7186
F,F,R,NONE,3,Manufacturer#4,5-LOW,0,RAIL,4,0.06,23,Brand#41,14,SM CASE,2,807,45999.288
F,F,R,DELIVER IN PERSON,2,Manufacturer#2,5-LOW,0,TRUCK,2,0.02,18,Brand#21,14,JUMBO JAR,31,807,39188.55
F,F,R,COLLECT COD,4,Manufacturer#5,5-LOW,0,REG AIR,1,0.04,11,Brand#52,14,JUMBO PACK,41,807,42234.3141
F,F,A,TAKE BACK RETURN,1,Manufacturer#2,5-LOW,0,AIR,5,0.02,2,Brand#22,14,LG CASE,30,807,63976.1744
F,F,R,DELIVER IN PERSON,2,Manufacturer#4,5-LOW,0,TRUCK,6,0.07,8,Brand#42,14,WRAP DRUM,35,807,49235.472
F,F,A,DELIVER IN PERSON,2,Manufacturer#3,5-LOW,0,TRUCK,3,0.03,21,Brand#34,14,LG DRUM,14,807,35852.43
F,P,A,COLLECT COD,1,Manufacturer#2,2-HIGH,1,FOB,4,0,24,Brand#23,17,SM CAN,45,808,6393.54
F,P,R,NONE,4,Manufacturer#5,2-HIGH,1,RAIL,1,0.05,20,Brand#54,17,JUMBO CAN,25,808,37825.8432
O,P,N,COLLECT COD,3,Manufacturer#2,2-HIGH,1,TRUCK,3,0,22,Brand#21,17,SM BAG,21,808,39865.175
O,P,N,COLLECT COD,4,Manufacturer#1,2-HIGH,1,MAIL,2,0.05,4,Brand#11,17,MED CASE,11,808,61768.7264
F,F,A,COLLECT COD,1,Manufacturer#4,4-NOT SPECIFIED,4,SHIP,1,0.06,2,Brand#42,20,SM CAN,45,809,57025.57
F,F,A,COLLECT COD,4,Manufacturer#3,1-URGENT,0,RAIL,3,0.02,4,Brand#32,5,MED PKG,11,810,43854.7164
F,F,R,NONE,3,Manufacturer#3,1-URGENT,0,REG AIR,1,0.02,7,Brand#34,5,WRAP BOX,21,810,63946.4652
F,F,N,COLLECT COD,4,Manufacturer#4,1-URGENT,0,RAIL,2,0.01,13,Brand#44,5,MED PKG,13,810,38405.84
F,F,N,COLLECT COD,3,Manufacturer#2,1-URGENT,0,TRUCK,4,0.07,6,Brand#24,5,WRAP PACK,21,810,48099.2512
F,F,A,DELIVER IN PERSON,2,Manufacturer#1,1-URGENT,1,RAIL,5,0.02,12,Brand#13,24,WRAP DRUM,28,811,33937.6995
F,F,A,TAKE BACK RETURN,2,Manufacturer#3,1-URGENT,1,AIR,1,0.01,8,Brand#33,24,SM BOX,41,811,40327.833
F,F,A,NONE,1,Manufacturer#4,1-URGENT,1,REG AIR,3,0.06,17,Brand#45,24,MED JAR,23,811,53965.912
F,F,A,NONE,2,Manufacturer#3,1-URGENT,1,TRUCK,2,0.05,21,Brand#33,24,JUMBO BOX,46,811,49114.398
F,F,R,NONE,3,Manufacturer#1,1-URGENT,0,MAIL,6,0.04,19,Brand#13,5,JUMBO PACK,35,812,51240.735
F,F,R,TAKE BACK RETURN,1,Manufacturer#2,1-URGENT,0,MAIL,3,0.07,17,Brand#25,5,SM DRUM,13,812,27136.62
F,F,N,DELIVER IN PERSON,1,Manufacturer#5,1-URGENT,0,RAIL,4,0.07,24,Brand#52,5,WRAP JAR,26,812,48241.1754
F,F,R,NONE,4,Manufacturer#4,1-URGENT,0,SHIP,5,0.03,20,Brand#43,5,JUMBO DRUM,14,812,7659.33
F,F,A,NONE,3,Manufacturer#1,5-LOW,0,SHIP,3,0.07,19,Brand#15,14,WRAP PACK,19,813,1558.9233
F,F,A,NONE,3,Manufacturer#1,5-LOW,1,FOB,3,0.07,6,Brand#15,3,LG CAN,4,814,48047.472
F,F,A,NONE,1,Manufacturer#1,5-LOW,1,REG AIR,4,0.02,17,Brand#15,3,SM CASE,34,814,33476.7264
F,F,A,NONE,3,Manufacturer#5,3-MEDIUM,3,AIR,6,0.08,6,Brand#54,23,LG PKG,34,815,73768.275
F,F,R,DELIVER IN PERSON,3,Manufacturer#3,3-MEDIUM,3,TRUCK,4,0,6,Brand#31,23,SM BAG,47,815,39474.3195
F,F,A,TAKE BACK RETURN,2,Manufacturer#5,3-MEDIUM,3,FOB,2,0.02,9,Brand#55,23,WRAP BAG,47,815,78825.186
F,F,R,TAKE BACK RETURN,0,Manufacturer#3,3-MEDIUM,3,RAIL,7,0.02,14,Brand#32,23,LG BAG,45,815,69535.032
F,F,A,DELIVER IN PERSON,3,Manufacturer#4,3-MEDIUM,3,FOB,3,0.06,6,Brand#45,23,MED CAN,33,815,48561.5088
F,F,R,NONE,0,Manufacturer#4,3-MEDIUM,3,REG AIR,5,0.01,5,Brand#42,23,SM CASE,36,815,42961.1364
F,F,A,TAKE BACK RETURN,2,Manufacturer#5,1-URGENT,0,REG AIR,2,0.05,18,Brand#53,14,JUMBO BAG,36,816,20135.1168
F,F,A,NONE,0,Manufacturer#2,1-URGENT,2,AIR,2,0.03,16,Brand#25,8,LG BAG,13,817,57009.18
F,F,N,NONE,2,Manufacturer#2,1-URGENT,2,REG AIR,4,0.06,12,Brand#25,8,LG JAR,5,817,40228.434
F,F,A,COLLECT COD,1,Manufacturer#3,1-URGENT,2,FOB,6,0.07,2,Brand#33,8,MED DRUM,5,817,49491.9
F,F,R,COLLECT COD,4,Manufacturer#2,1-URGENT,2,REG AIR,7,0.01,11,Brand#22,8,WRAP BAG,46,817,37202.139
F,F,R,NONE,3,Manufacturer#3,1-URGENT,2,RAIL,5,0.04,6,Brand#35,8,LG PKG,48,817,34532.96
F,F,A,COLLECT COD,1,Manufacturer#1,1-URGENT,1,MAIL,2,0.05,2,Brand#11,1,LG JAR,39,818,52325.4368
F,F,A,COLLECT COD,1,Manufacturer#1,1-URGENT,1,MAIL,3,0.01,3,Brand#13,1,MED BAG,31,818,58489.56
F,F,A,DELIVER IN PERSON,0,Manufacturer#3,2-HIGH,4,REG AIR,6,0.06,5,Brand#34,4,JUMBO JAR,44,819,52223.328
F,F,R,COLLECT COD,1,Manufacturer#3,5-LOW,2,TRUCK,4,0.04,24,Brand#31,9,JUMBO DRUM,46,820,9492.808
F,F,A,COLLECT COD,4,Manufacturer#3,1-URGENT,1,TRUCK,2,0.04,11,Brand#32,2,SM CASE,43,821,10801.629
F,F,A,COLLECT COD,2,Manufacturer#2,1-URGENT,1,AIR,3,0.07,12,Brand#24,2,JUMBO PACK,1,821,28572.6969
F,F,R,DELIVER IN PERSON,4,Manufacturer#5,5-LOW,2,FOB,1,0.03,20,Brand#51,9,WRAP BAG,44,820,25493.13
F,F,R,TAKE BACK RETURN,3,Manufacturer#2,5-LOW,2,FOB,2,0,22,Brand#23,9,MED PKG,23,820,5915.088
F,F,A,COLLECT COD,2,Manufacturer#4,5-LOW,2,AIR,5,0.04,18,Brand#45,9,MED CAN,31,820,35722.6168
F,F,A,TAKE BACK RETURN,2,Manufacturer#5,5-LOW,2,MAIL,3,0.04,12,Brand#54,9,MED PACK,49,820,45628.6644
F,P,N,NONE,1,Manufacturer#3,3-MEDIUM,2,AIR,3,0.01,17,Brand#33,12,WRAP PACK,21,822,45773.964
F,P,R,TAKE BACK RETURN,3,Manufacturer#4,3-MEDIUM,2,REG AIR,6,0.05,6,Brand#41,12,JUMBO BAG,49,822,27241.8048
F,P,R,NONE,4,Manufacturer#3,3-MEDIUM,2,AIR,2,0.02,4,Brand#35,12,MED PKG,46,822,50411.3632
O,P,N,COLLECT COD,0,Manufacturer#2,3-MEDIUM,2,TRUCK,1,0.06,5,Brand#24,12,WRAP JAR,27,822,3859.11
O,P,N,TAKE BACK RETURN,0,Manufacturer#4,3-MEDIUM,2,AIR,4,0.06,15,Brand#41,12,LG JAR,16,822,22313.4192
F,F,A,NONE,4,Manufacturer#2,5-LOW,4,TRUCK,1,0.04,13,Brand#22,13,LG PKG,5,823,39736.242
F,F,A,DELIVER IN PERSON,2,Manufacturer#5,5-LOW,2,FOB,4,0.06,21,Brand#51,8,MED CASE,17,824,1712.5836
F,F,A,DELIVER IN PERSON,3,Manufacturer#1,5-LOW,2,TRUCK,3,0.08,23,Brand#12,8,JUMBO DRUM,12,824,39639.5496
F,F,R,TAKE BACK RETURN,2,Manufacturer#2,5-LOW,4,MAIL,3,0.03,18,Brand#21,13,WRAP PKG,38,823,52548.8964
F,F,R,NONE,1,Manufacturer#1,5-LOW,4,RAIL,6,0.05,17,Brand#15,13,SM DRUM,17,823,78348.856
F,F,A,COLLECT COD,1,Manufacturer#5,5-LOW,4,REG AIR,5,0.06,17,Brand#54,13,LG PACK,44,823,44482.5625
F,F,A,COLLECT COD,0,Manufacturer#1,5-LOW,4,AIR,4,0.06,15,Brand#14,13,WRAP BAG,5,823,2915.1
F,F,R,TAKE BACK RETURN,0,Manufacturer#3,5-LOW,4,RAIL,2,0.04,0,Brand#32,13,LG CAN,50,823,53725.0428
F,F,R,DELIVER IN PERSON,4,Manufacturer#2,1-URGENT,1,SHIP,2,0,13,Brand#21,2,SM BOX,3,825,1013.7761
F,F,N,COLLECT COD,3,Manufacturer#2,5-LOW,3,TRUCK,4,0,7,Brand#21,6,MED BOX,3,826,15155.829
F,F,A,DELIVER IN PERSON,4,Manufacturer#5,4-NOT SPECIFIED,4,MAIL,5,0.04,4,Brand#55,11,WRAP BOX,42,827,5792.9004
F,F,R,NONE,0,Manufacturer#2,4-NOT SPECIFIED,4,FOB,6,0,15,Brand#21,11,WRAP PACK,29,827,9984.429
F,F,R,TAKE BACK RETURN,1,Manufacturer#1,4-NOT SPECIFIED,4,TRUCK,4,0,17,Brand#11,11,WRAP PACK,11,827,8521.12
F,F,A,TAKE BACK RETURN,0,Manufacturer#2,4-NOT SPECIFIED,0,RAIL,1,0.03,5,Brand#23,16,SM DRUM,7,828,27234.6624
F,F,N,TAKE BACK RETURN,3,Manufacturer#3,5-LOW,3,TRUCK,1,0.04,23,Brand#33,6,JUMBO PACK,35,826,24044.6016
F,F,R,NONE,0,Manufacturer#5,5-LOW,3,MAIL,2,0.05,15,Brand#53,6,SM BAG,24,826,48696.2883
F,F,R,DELIVER IN PERSON,3,Manufacturer#5,5-LOW,3,SHIP,5,0.05,22,Brand#51,6,LG PKG,25,826,18205.46
F,F,A,NONE,1,Manufacturer#4,1-URGENT,0,AIR,6,0.07,2,Brand#44,16,WRAP BAG,13,829,30529.6068
F,F,A,TAKE BACK RETURN,1,Manufacturer#4,4-NOT SPECIFIED,3,SHIP,3,0.06,3,Brand#43,23,MED BOX,21,830,9065.76
F,F,A,NONE,2,Manufacturer#2,4-NOT SPECIFIED,3,MAIL,2,0.06,21,Brand#23,23,SM PKG,2,830,42844.4
F,F,R,COLLECT COD,3,Manufacturer#1,4-NOT SPECIFIED,3,MAIL,4,0.05,22,Brand#15,23,SM BOX,7,830,22738.6368
F,F,A,TAKE BACK RETURN,4,Manufacturer#1,4-NOT SPECIFIED,3,MAIL,6,0.08,4,Brand#11,23,WRAP DRUM,20,830,35351.1972
F,F,A,DELIVER IN PERSON,2,Manufacturer#4,4-NOT SPECIFIED,3,TRUCK,1,0.07,18,Brand#42,23,LG PACK,33,830,50317.6796
F,F,A,NONE,2,Manufacturer#1,2-HIGH,2,TRUCK,4,0.02,8,Brand#14,12,JUMBO BOX,50,831,21751.3576
F,F,A,NONE,3,Manufacturer#4,2-HIGH,1,FOB,5,0.04,22,Brand#41,3,SM DRUM,32,832,65655.936
F,F,R,DELIVER IN PERSON,3,Manufacturer#1,1-URGENT,0,TRUCK,4,0.02,6,Brand#15,16,SM JAR,29,829,61843.3299
F,F,R,NONE,2,Manufacturer#2,1-URGENT,0,AIR,3,0.06,12,Brand#25,16,LG PKG,25,829,51340.583
F,P,A,NONE,4,Manufacturer#5,2-HIGH,1,FOB,3,0.04,20,Brand#54,24,SM PKG,32,833,45992.3732
O,P,N,NONE,3,Manufacturer#4,2-HIGH,1,RAIL,2,0.02,22,Brand#43,24,JUMBO CASE,27,833,27564.6585
F,F,R,NONE,4,Manufacturer#3,1-URGENT,1,RAIL,7,0.06,4,Brand#34,1,MED DRUM,19,834,34025.932
F,F,A,NONE,4,Manufacturer#3,1-URGENT,1,FOB,6,0.02,10,Brand#33,1,MED CASE,25,834,14293.29
F,F,R,NONE,0,Manufacturer#3,1-URGENT,1,AIR,2,0.07,15,Brand#34,1,LG CAN,33,834,61833.798
F,F,A,TAKE BACK RETURN,1,Manufacturer#2,1-URGENT,1,RAIL,5,0.04,17,Brand#21,1,MED CAN,32,834,41669.9086
F,F,R,TAKE BACK RETURN,2,Manufacturer#5,1-URGENT,1,FOB,1,0,8,Brand#51,1,JUMBO DRUM,42,834,59944.9928
F,F,A,TAKE BACK RETURN,2,Manufacturer#2,2-HIGH,1,REG AIR,3,0.04,9,Brand#25,3,LG BOX,19,832,24660.74
F,F,A,DELIVER IN PERSON,1,Manufacturer#3,2-HIGH,1,AIR,6,0.05,1,Brand#31,3,MED JAR,47,832,66996.3294
F,F,R,DELIVER IN PERSON,4,Manufacturer#2,2-HIGH,1,REG AIR,5,0.02,11,Brand#22,24,JUMBO BAG,18,835,70652.8251
F,F,R,NONE,0,Manufacturer#3,3-MEDIUM,0,REG AIR,2,0,14,Brand#31,16,SM CASE,8,836,69040.15
F,F,A,DELIVER IN PERSON,1,Manufacturer#3,5-LOW,3,AIR,1,0,17,Brand#32,19,MED CAN,22,837,52757.6504
F,F,A,NONE,4,Manufacturer#4,5-LOW,3,MAIL,2,0.07,20,Brand#44,19,JUMBO DRUM,27,837,15357.0432
F,F,R,TAKE BACK RETURN,3,Manufacturer#5,5-LOW,4,MAIL,3,0.04,23,Brand#54,10,LG CASE,42,838,50609.4862
F,F,R,TAKE BACK RETURN,1,Manufacturer#1,4-NOT SPECIFIED,0,MAIL,2,0.06,24,Brand#11,15,SM PKG,50,839,77796.639
F,F,R,COLLECT COD,4,Manufacturer#4,4-NOT SPECIFIED,0,REG AIR,3,0.02,10,Brand#43,15,LG BAG,11,839,45061.4528
F,F,A,DELIVER IN PERSON,0,Manufacturer#5,4-NOT SPECIFIED,0,TRUCK,1,0.03,0,Brand#55,15,MED PACK,29,839,29664.32
F,F,A,TAKE BACK RETURN,2,Manufacturer#2,4-NOT SPECIFIED,0,TRUCK,4,0.05,18,Brand#23,15,WRAP PACK,22,839,55699.2
F,F,A,DELIVER IN PERSON,2,Manufacturer#3,5-LOW,3,REG AIR,4,0.03,12,Brand#32,19,MED BAG,31,840,16837.2
F,F,A,COLLECT COD,2,Manufacturer#5,5-LOW,3,RAIL,1,0.06,21,Brand#51,19,LG BAG,10,840,35366.4
F,F,A,DELIVER IN PERSON,2,Manufacturer#1,4-NOT SPECIFIED,1,MAIL,2,0.07,18,Brand#12,3,MED BAG,7,841,46708.0596
F,F,R,COLLECT COD,0,Manufacturer#1,4-NOT SPECIFIED,1,SHIP,1,0,15,Brand#13,3,LG CASE,16,841,14974.848
F,F,R,COLLECT COD,3,Manufacturer#5,4-NOT SPECIFIED,1,SHIP,3,0.07,22,Brand#52,3,LG CASE,43,841,87861.1536
F,F,R,COLLECT COD,3,Manufacturer#5,4-NOT SPECIFIED,1,SHIP,4,0.02,7,Brand#54,3,WRAP BAG,9,841,50980.644
F,F,N,NONE,3,Manufacturer#5,1-URGENT,2,TRUCK,2,0.06,22,Brand#54,12,SM JAR,26,842,53703.3532
F,F,R,TAKE BACK RETURN,3,Manufacturer#2,1-URGENT,2,TRUCK,1,0.01,22,Brand#25,12,LG PKG,6,842,26399.0275
F,F,R,TAKE BACK RETURN,3,Manufacturer#5,3-MEDIUM,0,SHIP,4,0.06,23,Brand#55,16,MED PKG,39,836,60832.5897
F,F,R,COLLECT COD,1,Manufacturer#5,2-HIGH,1,RAIL,1,0.04,1,Brand#55,17,WRAP PKG,15,843,20466.5472
F,F,R,TAKE BACK RETURN,2,Manufacturer#1,4-NOT SPECIFIED,3,TRUCK,1,0.05,8,Brand#12,7,MED CAN,30,844,8572.128
F,F,R,TAKE BACK RETURN,4,Manufacturer#1,2-HIGH,4,SHIP,1,0.01,20,Brand#14,11,LG PKG,30,845,26493.7365
F,F,A,TAKE BACK RETURN,0,Manufacturer#3,2-HIGH,4,SHIP,3,0,0,Brand#32,11,SM CASE,50,845,52434.1454
F,F,A,TAKE BACK RETURN,0,Manufacturer#4,2-HIGH,4,FOB,2,0.02,0,Brand#45,11,SM BAG,44,845,38557.764
F,F,A,DELIVER IN PERSON,4,Manufacturer#4,3-MEDIUM,3,TRUCK,3,0,10,Brand#41,23,WRAP PACK,22,846,10787.52
F,F,R,TAKE BACK RETURN,2,Manufacturer#1,3-MEDIUM,3,TRUCK,1,0.07,18,Brand#11,23,JUMBO DRUM,43,846,5363.662
F,F,R,COLLECT COD,4,Manufacturer#4,1-URGENT,3,TRUCK,1,0.02,11,Brand#45,19,LG CAN,18,847,24923.664
F,F,A,TAKE BACK RETURN,0,Manufacturer#1,3-MEDIUM,0,SHIP,4,0.07,15,Brand#14,0,MED BOX,35,848,30768.8112
F,F,R,COLLECT COD,0,Manufacturer#4,4-NOT SPECIFIED,1,AIR,3,0.02,16,Brand#43,24,JUMBO PKG,46,849,54185.644
F,F,A,NONE,1,Manufacturer#2,4-NOT SPECIFIED,1,REG AIR,6,0.08,1,Brand#24,24,WRAP PACK,12,849,25577.0064
F,F,R,TAKE BACK RETURN,1,Manufacturer#4,4-NOT SPECIFIED,1,REG AIR,4,0.02,17,Brand#41,24,JUMBO CASE,14,849,1720.4552
F,F,R,DELIVER IN PERSON,1,Manufacturer#1,4-NOT SPECIFIED,1,MAIL,2,0.05,17,Brand#15,24,JUMBO JAR,3,849,51358.4577
F,F,N,DELIVER IN PERSON,3,Manufacturer#1,4-NOT SPECIFIED,1,SHIP,1,0.02,7,Brand#15,24,WRAP DRUM,28,849,41624.0315
F,F,R,COLLECT COD,0,Manufacturer#1,5-LOW,2,MAIL,2,0.04,16,Brand#12,12,MED JAR,42,850,5463.2544
F,F,A,DELIVER IN PERSON,4,Manufacturer#4,5-LOW,2,MAIL,1,0.02,11,Brand#43,12,MED PACK,29,850,33404.8704
F,F,R,COLLECT COD,0,Manufacturer#3,3-MEDIUM,3,AIR,2,0.06,15,Brand#35,23,LG BOX,24,846,14935.833
F,F,R,TAKE BACK RETURN,4,Manufacturer#4,3-MEDIUM,1,SHIP,1,0,13,Brand#45,2,JUMBO BOX,48,851,12622.32
F,F,R,NONE,3,Manufacturer#3,4-NOT SPECIFIED,1,FOB,1,0.06,23,Brand#33,2,WRAP BAG,14,852,48372.597
F,F,A,NONE,4,Manufacturer#1,4-NOT SPECIFIED,1,RAIL,2,0.05,4,Brand#12,2,SM BAG,22,852,8224.4845
F,F,A,COLLECT COD,0,Manufacturer#3,5-LOW,0,SHIP,1,0.05,16,Brand#32,15,SM BOX,20,853,12309.759
F,F,A,NONE,0,Manufacturer#2,5-LOW,3,AIR,4,0.05,0,Brand#23,6,SM JAR,44,854,41783.04
F,F,R,COLLECT COD,1,Manufacturer#3,5-LOW,3,MAIL,6,0.02,24,Brand#31,6,JUMBO BAG,30,854,44359.029
F,F,N,NONE,2,Manufacturer#3,1-URGENT,1,TRUCK,4,0.05,9,Brand#35,1,JUMBO BOX,5,855,55191.444
F,F,R,TAKE BACK RETURN,0,Manufacturer#3,1-URGENT,1,TRUCK,3,0.02,15,Brand#35,1,SM BAG,18,855,7080.8256
F,F,A,NONE,0,Manufacturer#4,1-URGENT,1,MAIL,1,0.04,14,Brand#45,1,LG CAN,16,855,65581.16
F,F,A,COLLECT COD,3,Manufacturer#5,3-MEDIUM,2,TRUCK,2,0.01,22,Brand#55,8,SM CASE,40,856,27555.491
F,F,A,NONE,4,Manufacturer#1,1-URGENT,2,RAIL,3,0.06,4,Brand#12,12,SM BAG,12,857,65452.8204
F,F,R,TAKE BACK RETURN,4,Manufacturer#3,1-URGENT,2,RAIL,7,0.08,4,Brand#33,12,MED CAN,29,857,38573.92
F,F,N,TAKE BACK RETURN,4,Manufacturer#5,1-URGENT,2,SHIP,4,0.01,4,Brand#52,12,MED CAN,32,857,44661.1571
F,F,R,TAKE BACK RETURN,1,Manufacturer#4,1-URGENT,2,FOB,5,0.06,2,Brand#44,12,LG CASE,41,857,48918.672
F,F,A,DELIVER IN PERSON,3,Manufacturer#4,1-URGENT,2,REG AIR,2,0.01,19,Brand#42,12,SM PACK,25,857,6680.8665
F,F,A,COLLECT COD,1,Manufacturer#3,5-LOW,2,RAIL,6,0.08,1,Brand#35,18,WRAP PKG,21,858,6570.7686
F,F,A,DELIVER IN PERSON,4,Manufacturer#2,5-LOW,2,REG AIR,4,0.04,20,Brand#23,18,WRAP PACK,8,858,34762.472
F,F,R,NONE,3,Manufacturer#4,5-LOW,2,SHIP,2,0.02,23,Brand#42,18,LG BOX,46,858,20916.304
F,F,A,TAKE BACK RETURN,4,Manufacturer#5,3-MEDIUM,0,RAIL,4,0.08,20,Brand#53,5,JUMBO PKG,35,859,26986.905
F,F,R,DELIVER IN PERSON,4,Manufacturer#1,3-MEDIUM,0,AIR,2,0,13,Brand#13,5,LG JAR,41,859,37118.8608
F,F,A,COLLECT COD,0,Manufacturer#3,3-MEDIUM,0,SHIP,5,0.06,5,Brand#33,5,SM BOX,10,859,22988.1504
F,F,A,DELIVER IN PERSON,0,Manufacturer#3,5-LOW,3,FOB,4,0.03,15,Brand#32,23,JUMBO JAR,14,860,48993.9516
F,F,A,NONE,3,Manufacturer#4,5-LOW,3,MAIL,1,0.01,7,Brand#41,23,JUMBO BAG,29,860,73650.1275
F,F,A,COLLECT COD,1,Manufacturer#5,3-MEDIUM,2,TRUCK,5,0.04,1,Brand#51,8,JUMBO BOX,48,856,54891.0681
F,F,R,DELIVER IN PERSON,1,Manufacturer#2,3-MEDIUM,2,MAIL,4,0.02,1,Brand#21,8,SM CASE,24,856,16031.675
F,F,R,COLLECT COD,3,Manufacturer#1,3-MEDIUM,2,TRUCK,6,0.08,7,Brand#13,8,JUMBO BAG,47,856,67564.98
F,F,R,DELIVER IN PERSON,3,Manufacturer#4,3-MEDIUM,2,REG AIR,1,0.06,6,Brand#41,8,WRAP JAR,40,856,66589.11
F,F,A,TAKE BACK RETURN,1,Manufacturer#2,4-NOT SPECIFIED,4,REG AIR,1,0.08,3,Brand#23,20,SM PACK,45,861,17248.6272
F,F,A,NONE,3,Manufacturer#4,3-MEDIUM,2,AIR,5,0.05,22,Brand#44,8,LG CASE,17,862,27585.8688
F,F,A,COLLECT COD,4,Manufacturer#1,1-URGENT,3,RAIL,5,0.02,11,Brand#12,22,LG BAG,38,863,33851.952
F,F,R,DELIVER IN PERSON,2,Manufacturer#4,5-LOW,3,MAIL,3,0.04,18,Brand#42,19,JUMBO BAG,27,864,14519.54
F,F,A,TAKE BACK RETURN,0,Manufacturer#3,4-NOT SPECIFIED,1,AIR,3,0.03,0,Brand#35,3,MED CASE,45,865,11466.576
F,F,A,TAKE BACK RETURN,2,Manufacturer#3,1-URGENT,3,MAIL,3,0.04,18,Brand#34,22,WRAP PACK,32,866,26613.72
F,F,R,COLLECT COD,3,Manufacturer#3,1-URGENT,3,TRUCK,1,0.02,22,Brand#32,22,LG CASE,10,866,50122.2645
F,F,A,NONE,4,Manufacturer#5,2-HIGH,1,AIR,3,0,13,Brand#53,1,WRAP CAN,36,867,25767.0495
F,F,R,NONE,1,Manufacturer#5,2-HIGH,1,RAIL,3,0.07,17,Brand#55,2,WRAP BAG,13,868,35230.272
F,F,A,TAKE BACK RETURN,2,Manufacturer#3,2-HIGH,1,TRUCK,1,0.04,8,Brand#31,2,LG DRUM,47,868,29268.2544
F,F,R,COLLECT COD,0,Manufacturer#1,2-HIGH,1,REG AIR,2,0.05,0,Brand#12,2,SM DRUM,47,868,30998.9376
F,F,R,COLLECT COD,1,Manufacturer#3,1-URGENT,3,FOB,2,0.05,24,Brand#35,19,WRAP JAR,46,869,64280.1555
F,F,A,COLLECT COD,1,Manufacturer#2,1-URGENT,1,TRUCK,7,0.06,24,Brand#25,24,SM BOX,1,870,23896.35
F,F,A,NONE,1,Manufacturer#2,1-URGENT,1,MAIL,6,0.01,3,Brand#22,24,WRAP BOX,6,870,11990.16
F,F,A,DELIVER IN PERSON,3,Manufacturer#1,1-URGENT,3,RAIL,2,0.02,22,Brand#15,7,JUMBO PACK,16,871,75501.12
F,F,A,DELIVER IN PERSON,3,Manufacturer#2,3-MEDIUM,1,SHIP,1,0.05,6,Brand#24,1,WRAP BOX,33,872,27796.32
F,F,A,NONE,1,Manufacturer#5,3-MEDIUM,1,FOB,2,0.04,3,Brand#55,1,WRAP DRUM,42,872,82047.072
F,F,R,DELIVER IN PERSON,2,Manufacturer#1,5-LOW,0,SHIP,4,0.04,21,Brand#14,15,SM CAN,39,873,58534.8828
F,F,R,TAKE BACK RETURN,0,Manufacturer#5,5-LOW,0,MAIL,1,0.05,16,Brand#55,15,JUMBO JAR,46,873,2450.3732
F,F,A,NONE,4,Manufacturer#2,5-LOW,0,MAIL,3,0.04,20,Brand#24,15,MED CASE,26,873,52817.589
F,F,N,TAKE BACK RETURN,3,Manufacturer#3,5-LOW,0,MAIL,6,0.01,19,Brand#35,15,WRAP PKG,7,873,21232.1538
F,F,R,TAKE BACK RETURN,2,Manufacturer#5,5-LOW,0,FOB,5,0.07,21,Brand#53,15,MED PACK,35,873,10672.9344
F,F,A,DELIVER IN PERSON,1,Manufacturer#1,5-LOW,0,TRUCK,2,0.05,2,Brand#11,15,LG BOX,43,873,29336.58
F,F,R,TAKE BACK RETURN,0,Manufacturer#1,5-LOW,0,AIR,7,0.02,14,Brand#14,15,MED PACK,10,873,17716.5186
F,F,R,TAKE BACK RETURN,3,Manufacturer#4,3-MEDIUM,4,REG AIR,2,0.08,6,Brand#42,4,SM BOX,27,874,35791.9056
F,P,R,COLLECT COD,4,Manufacturer#4,1-URGENT,2,FOB,2,0.01,10,Brand#43,8,MED CASE,13,875,60494.147
F,P,A,NONE,1,Manufacturer#3,1-URGENT,2,AIR,5,0.06,1,Brand#33,8,SM DRUM,10,875,27389.64
F,P,A,TAKE BACK RETURN,3,Manufacturer#2,1-URGENT,2,FOB,4,0.08,7,Brand#22,8,MED DRUM,20,875,1788.6121
O,P,N,COLLECT COD,4,Manufacturer#1,1-URGENT,2,SHIP,3,0.06,20,Brand#11,8,MED PACK,39,875,83306.405
F,P,R,TAKE BACK RETURN,3,Manufacturer#3,1-URGENT,2,AIR,1,0.05,19,Brand#35,8,WRAP DRUM,11,875,21561.864
O,O,N,DELIVER IN PERSON,3,Manufacturer#1,5-LOW,3,RAIL,1,0,23,Brand#15,7,JUMBO CAN,29,876,81517.104
F,F,A,DELIVER IN PERSON,2,Manufacturer#3,3-MEDIUM,3,MAIL,4,0,8,Brand#32,6,MED BOX,18,877,9297.1264
F,F,R,DELIVER IN PERSON,2,Manufacturer#3,3-MEDIUM,3,AIR,6,0.01,18,Brand#35,6,JUMBO PACK,26,877,14050.3935
F,F,R,TAKE BACK RETURN,1,Manufacturer#3,2-HIGH,4,MAIL,6,0.05,17,Brand#33,20,LG CAN,37,878,19323.6524
F,F,A,DELIVER IN PERSON,2,Manufacturer#3,2-HIGH,4,TRUCK,5,0.03,8,Brand#34,20,WRAP PKG,29,878,35315.28
F,F,R,TAKE BACK RETURN,2,Manufacturer#4,3-MEDIUM,1,TRUCK,3,0.06,21,Brand#42,1,JUMBO BAG,2,872,70359.576
F,F,A,NONE,4,Manufacturer#5,4-NOT SPECIFIED,0,FOB,1,0.08,11,Brand#52,14,WRAP BOX,1,879,19066.5625
F,F,R,TAKE BACK RETURN,4,Manufacturer#2,4-NOT SPECIFIED,0,MAIL,3,0.06,20,Brand#24,14,SM DRUM,30,879,41062.1952
O,P,N,COLLECT COD,4,Manufacturer#1,1-URGENT,1,FOB,3,0.02,11,Brand#13,1,JUMBO CAN,45,880,27412.506
F,P,R,COLLECT COD,1,Manufacturer#4,1-URGENT,1,RAIL,1,0.06,1,Brand#45,1,JUMBO JAR,50,880,44829.512
F,P,R,TAKE BACK RETURN,0,Manufacturer#5,1-URGENT,1,FOB,2,0.01,14,Brand#52,1,WRAP DRUM,12,880,40917.492
O,P,N,COLLECT COD,4,Manufacturer#5,1-URGENT,1,SHIP,4,0.08,13,Brand#52,1,JUMBO CASE,2,880,23437.6647
F,F,R,COLLECT COD,0,Manufacturer#4,4-NOT SPECIFIED,1,FOB,4,0,15,Brand#41,3,SM BAG,6,865,74213.1264
F,F,R,DELIVER IN PERSON,4,Manufacturer#3,2-HIGH,1,REG AIR,3,0.07,20,Brand#32,24,JUMBO PACK,45,881,6327.9315
F,F,A,DELIVER IN PERSON,0,Manufacturer#4,5-LOW,4,FOB,3,0.05,0,Brand#43,11,WRAP PKG,40,882,16005.942
F,F,R,DELIVER IN PERSON,2,Manufacturer#5,5-LOW,4,FOB,1,0.04,18,Brand#52,11,JUMBO PACK,21,882,3989.484
F,F,R,TAKE BACK RETURN,3,Manufacturer#5,5-LOW,4,RAIL,2,0.05,7,Brand#51,11,SM DRUM,27,882,14162.049
F,F,A,COLLECT COD,1,Manufacturer#2,2-HIGH,0,FOB,2,0.02,2,Brand#22,5,SM JAR,44,883,15305.4936
F,P,N,NONE,1,Manufacturer#1,1-URGENT,0,SHIP,3,0.08,3,Brand#15,14,LG JAR,4,884,12302.3516
F,P,N,TAKE BACK RETURN,3,Manufacturer#4,1-URGENT,0,MAIL,4,0,23,Brand#43,14,SM BAG,48,884,76125.9
O,P,N,COLLECT COD,0,Manufacturer#2,1-URGENT,0,FOB,1,0.06,16,Brand#21,14,WRAP CAN,40,884,3153.4866
F,P,A,DELIVER IN PERSON,4,Manufacturer#3,1-URGENT,0,FOB,2,0.05,11,Brand#35,14,SM BOX,36,884,13308.9975
F,P,A,DELIVER IN PERSON,4,Manufacturer#1,1-URGENT,0,MAIL,5,0.06,10,Brand#15,14,MED BOX,30,884,20352.04
F,F,R,DELIVER IN PERSON,2,Manufacturer#1,2-HIGH,1,RAIL,1,0.06,12,Brand#13,24,MED BOX,49,881,89175.59
F,F,A,NONE,2,Manufacturer#2,2-HIGH,1,RAIL,2,0.02,8,Brand#24,24,MED BAG,25,881,16059.693
F,F,A,NONE,3,Manufacturer#4,3-MEDIUM,0,TRUCK,4,0.03,23,Brand#43,15,LG BAG,23,885,14022.72
F,F,A,TAKE BACK RETURN,0,Manufacturer#2,3-MEDIUM,4,FOB,3,0.03,15,Brand#23,11,LG JAR,36,886,55329.628
F,F,R,DELIVER IN PERSON,3,Manufacturer#5,3-MEDIUM,0,RAIL,1,0.07,6,Brand#52,15,SM CASE,36,885,8449.3824
F,F,A,COLLECT COD,2,Manufacturer#5,5-LOW,2,RAIL,3,0,12,Brand#51,8,LG CASE,27,887,18876.3392
F,F,R,NONE,4,Manufacturer#3,5-LOW,2,TRUCK,2,0.05,20,Brand#35,8,LG JAR,23,887,49028.7875
F,F,R,NONE,1,Manufacturer#3,1-URGENT,2,TRUCK,3,0.04,3,Brand#35,21,JUMBO CAN,33,888,60784.96
F,F,A,TAKE BACK RETURN,0,Manufacturer#3,3-MEDIUM,0,RAIL,4,0.04,0,Brand#31,15,LG BOX,8,889,49710.6792
F,F,R,COLLECT COD,2,Manufacturer#3,3-MEDIUM,0,AIR,3,0.04,12,Brand#35,15,LG PKG,4,889,69804.48
F,F,R,COLLECT COD,0,Manufacturer#4,3-MEDIUM,0,REG AIR,5,0.04,15,Brand#42,15,MED JAR,35,889,61873.1568
F,F,R,NONE,0,Manufacturer#5,2-HIGH,4,SHIP,3,0,5,Brand#53,20,JUMBO JAR,2,890,12433.2175
F,F,N,COLLECT COD,4,Manufacturer#4,2-HIGH,3,REG AIR,4,0.04,11,Brand#42,6,MED BOX,17,891,1848.8976
F,F,A,COLLECT COD,0,Manufacturer#4,2-HIGH,3,SHIP,5,0.05,15,Brand#43,6,MED JAR,11,891,9015.8292
F,F,R,COLLECT COD,1,Manufacturer#3,2-HIGH,3,SHIP,2,0.08,3,Brand#34,6,LG DRUM,33,891,22673.7355
F,F,R,NONE,1,Manufacturer#1,2-HIGH,3,TRUCK,3,0.03,3,Brand#15,6,LG CAN,50,891,20611.6272
F,F,R,NONE,1,Manufacturer#2,2-HIGH,3,MAIL,1,0.02,24,Brand#21,6,LG CAN,11,891,35345.8
F,F,R,NONE,0,Manufacturer#5,1-URGENT,2,RAIL,5,0.04,15,Brand#52,21,SM JAR,22,888,8736.0075
F,F,R,NONE,0,Manufacturer#5,1-URGENT,2,SHIP,2,0.02,14,Brand#54,21,LG BOX,42,888,42535.186
F,F,R,COLLECT COD,4,Manufacturer#3,1-URGENT,2,REG AIR,1,0.04,11,Brand#32,21,JUMBO DRUM,3,888,62613.4212
F,F,R,COLLECT COD,2,Manufacturer#3,2-HIGH,1,REG AIR,3,0.03,18,Brand#35,3,JUMBO CAN,44,892,19405.386
F,F,R,NONE,3,Manufacturer#3,2-HIGH,1,TRUCK,1,0.06,19,Brand#31,3,JUMBO JAR,15,892,43830.0944
F,F,A,DELIVER IN PERSON,3,Manufacturer#1,2-HIGH,1,MAIL,7,0.03,19,Brand#13,3,MED DRUM,34,892,31770.13
F,F,R,COLLECT COD,4,Manufacturer#5,1-URGENT,1,TRUCK,3,0.06,11,Brand#52,1,LG CAN,49,893,20525.4231
F,F,R,DELIVER IN PERSON,3,Manufacturer#5,1-URGENT,1,AIR,2,0.02,7,Brand#54,1,JUMBO CASE,42,893,39577.824
F,F,R,NONE,3,Manufacturer#1,1-URGENT,1,REG AIR,6,0,6,Brand#15,1,JUMBO JAR,14,893,40306.56
F,F,A,TAKE BACK RETURN,0,Manufacturer#5,1-URGENT,1,MAIL,5,0.04,14,Brand#55,1,SM BOX,44,893,25247.88
F,F,A,DELIVER IN PERSON,2,Manufacturer#1,1-URGENT,1,MAIL,4,0.03,8,Brand#11,1,MED CASE,5,893,32532.84
F,F,A,NONE,4,Manufacturer#5,3-MEDIUM,2,AIR,1,0.04,11,Brand#52,18,LG BAG,8,894,17428.1535
F,F,R,NONE,2,Manufacturer#3,5-LOW,3,AIR,1,0.08,18,Brand#35,22,MED DRUM,34,895,57702.088
F,F,R,COLLECT COD,4,Manufacturer#2,3-MEDIUM,0,AIR,1,0.05,10,Brand#25,5,JUMBO BOX,14,896,51230.8797
F,F,R,NONE,2,Manufacturer#2,3-MEDIUM,0,MAIL,4,0.01,9,Brand#24,5,MED PACK,39,896,48450.87
F,F,A,COLLECT COD,3,Manufacturer#1,5-LOW,3,REG AIR,1,0.04,22,Brand#15,19,LG BOX,43,897,43280.5465
F,F,A,DELIVER IN PERSON,2,Manufacturer#4,5-LOW,3,REG AIR,3,0.05,12,Brand#43,19,JUMBO JAR,25,897,21944.8152
F,F,R,DELIVER IN PERSON,2,Manufacturer#3,4-NOT SPECIFIED,4,SHIP,3,0,8,Brand#35,11,SM BAG,21,898,1018.6455
F,F,A,DELIVER IN PERSON,4,Manufacturer#2,4-NOT SPECIFIED,4,MAIL,1,0.04,11,Brand#24,11,MED PACK,50,898,16928.0925
F,F,A,NONE,3,Manufacturer#3,3-MEDIUM,4,SHIP,3,0.08,22,Brand#32,13,WRAP DRUM,7,899,17277.15
F,F,A,NONE,2,Manufacturer#5,3-MEDIUM,4,MAIL,1,0.04,9,Brand#52,13,LG JAR,39,899,26999.28
F,F,A,DELIVER IN PERSON,3,Manufacturer#5,3-MEDIUM,4,MAIL,6,0.06,7,Brand#53,13,SM PACK,46,899,10278.4716
F,F,A,TAKE BACK RETURN,0,Manufacturer#4,3-MEDIUM,4,RAIL,4,0.01,16,Brand#42,13,SM BAG,22,899,19834.8898
F,F,R,NONE,1,Manufacturer#5,3-MEDIUM,4,AIR,5,0,24,Brand#55,13,SM PACK,36,899,31491.009
O,P,N,TAKE BACK RETURN,3,Manufacturer#4,3-MEDIUM,4,MAIL,1,0,7,Brand#43,10,SM DRUM,42,900,48318.9888
F,P,N,DELIVER IN PERSON,3,Manufacturer#3,3-MEDIUM,4,SHIP,4,0.07,22,Brand#31,10,LG DRUM,4,900,22928.274
F,P,A,DELIVER IN PERSON,2,Manufacturer#1,3-MEDIUM,4,RAIL,2,0.02,12,Brand#12,10,WRAP PKG,3,900,42670.8144
F,P,R,NONE,1,Manufacturer#1,3-MEDIUM,4,AIR,3,0.06,2,Brand#14,10,LG CAN,45,900,14921.8524
F,F,R,COLLECT COD,4,Manufacturer#1,2-HIGH,3,REG AIR,4,0.05,10,Brand#13,22,WRAP PACK,32,901,66475.0548
F,F,R,NONE,2,Manufacturer#1,2-HIGH,3,SHIP,2,0.08,18,Brand#15,22,MED PACK,12,901,11367.378
F,F,A,COLLECT COD,2,Manufacturer#1,2-HIGH,3,REG AIR,3,0.03,21,Brand#15,22,SM BOX,2,901,71906.7216
F,F,A,DELIVER IN PERSON,2,Manufacturer#3,3-MEDIUM,2,RAIL,6,0.08,12,Brand#33,8,MED DRUM,48,902,22372.608
F,F,A,NONE,4,Manufacturer#4,3-MEDIUM,2,MAIL,3,0,10,Brand#42,12,MED CASE,45,903,6603.9155
F,F,A,TAKE BACK RETURN,0,Manufacturer#5,3-MEDIUM,2,TRUCK,2,0.03,16,Brand#55,12,WRAP CAN,44,903,62182.4412
F,F,A,COLLECT COD,0,Manufacturer#1,3-MEDIUM,2,REG AIR,1,0.02,15,Brand#13,12,JUMBO DRUM,42,903,43552.2275
F,P,R,NONE,2,Manufacturer#1,4-NOT SPECIFIED,4,REG AIR,2,0.08,12,Brand#12,20,LG JAR,1,904,20912.6688
O,P,N,NONE,1,Manufacturer#1,4-NOT SPECIFIED,4,MAIL,3,0.06,24,Brand#15,20,JUMBO BAG,42,904,10897.92
O,P,N,DELIVER IN PERSON,2,Manufacturer#4,4-NOT SPECIFIED,4,FOB,7,0,12,Brand#44,20,LG CAN,5,904,18402.336
F,P,A,DELIVER IN PERSON,2,Manufacturer#1,4-NOT SPECIFIED,4,MAIL,6,0.03,12,Brand#15,20,JUMBO CASE,39,904,19097.2128
F,P,R,TAKE BACK RETURN,4,Manufacturer#1,4-NOT SPECIFIED,4,FOB,4,0.02,11,Brand#15,20,JUMBO BOX,31,904,12986.804
F,P,R,TAKE BACK RETURN,0,Manufacturer#3,4-NOT SPECIFIED,4,SHIP,1,0.08,15,Brand#34,20,WRAP DRUM,36,904,36416.4093
F,P,R,TAKE BACK RETURN,3,Manufacturer#1,4-NOT SPECIFIED,4,MAIL,5,0.01,6,Brand#14,20,MED BAG,13,904,45246.6
F,F,R,TAKE BACK RETURN,2,Manufacturer#2,3-MEDIUM,2,AIR,4,0.08,9,Brand#23,18,SM JAR,29,894,44269.3825
F,F,N,TAKE BACK RETURN,0,Manufacturer#3,3-MEDIUM,2,SHIP,3,0,14,Brand#34,18,JUMBO PACK,2,894,44265.424
F,F,A,DELIVER IN PERSON,3,Manufacturer#4,3-MEDIUM,2,AIR,2,0.08,6,Brand#42,18,MED CAN,38,894,16569.6564
F,F,R,COLLECT COD,3,Manufacturer#2,2-HIGH,2,SHIP,6,0.06,7,Brand#21,21,JUMBO JAR,27,905,11650.42
F,F,R,COLLECT COD,1,Manufacturer#3,2-HIGH,2,REG AIR,7,0.05,17,Brand#33,21,MED JAR,12,905,12991.77
F,F,A,NONE,2,Manufacturer#5,2-HIGH,2,REG AIR,1,0.05,8,Brand#55,21,JUMBO BAG,38,905,56335.14
F,F,A,COLLECT COD,2,Manufacturer#3,2-HIGH,2,MAIL,2,0.08,8,Brand#34,21,MED CAN,42,905,6273.4848
F,F,R,COLLECT COD,3,Manufacturer#5,2-HIGH,1,MAIL,4,0.07,19,Brand#55,1,SM BOX,7,906,4855.2865
F,P,A,TAKE BACK RETURN,1,Manufacturer#1,2-HIGH,1,FOB,3,0.03,17,Brand#15,1,LG BOX,39,907,35593.6581
F,P,A,NONE,4,Manufacturer#5,2-HIGH,1,AIR,6,0,13,Brand#51,1,SM CAN,14,907,74978.5113
F,P,A,DELIVER IN PERSON,3,Manufacturer#2,2-HIGH,1,REG AIR,1,0.01,19,Brand#23,1,LG DRUM,48,907,28066.104
O,P,N,TAKE BACK RETURN,3,Manufacturer#2,2-HIGH,1,REG AIR,4,0.03,19,Brand#21,1,WRAP PACK,43,907,34787.48
F,P,A,DELIVER IN PERSON,4,Manufacturer#3,2-HIGH,1,REG AIR,5,0.01,11,Brand#32,1,WRAP JAR,46,907,32623.83
F,P,R,TAKE BACK RETURN,0,Manufacturer#3,2-HIGH,1,RAIL,2,0.05,15,Brand#35,1,MED BOX,24,907,18028.9536
F,F,A,DELIVER IN PERSON,3,Manufacturer#1,4-NOT SPECIFIED,0,RAIL,2,0.07,7,Brand#12,5,MED PKG,41,908,14492.4
F,F,A,COLLECT COD,4,Manufacturer#2,4-NOT SPECIFIED,0,TRUCK,1,0.02,4,Brand#21,5,WRAP PACK,49,908,41609.3568
F,F,A,DELIVER IN PERSON,0,Manufacturer#5,4-NOT SPECIFIED,0,MAIL,3,0.03,5,Brand#55,5,JUMBO JAR,17,908,22169.052
F,F,A,DELIVER IN PERSON,0,Manufacturer#5,4-NOT SPECIFIED,0,MAIL,5,0,16,Brand#53,5,LG CAN,35,908,66723.0795
F,P,N,TAKE BACK RETURN,0,Manufacturer#3,3-MEDIUM,2,SHIP,1,0.01,0,Brand#31,21,SM CAN,34,909,58768.8192
F,P,R,COLLECT COD,1,Manufacturer#4,3-MEDIUM,2,RAIL,3,0.02,2,Brand#43,21,WRAP PACK,34,909,1844.3106
O,P,N,NONE,4,Manufacturer#3,3-MEDIUM,2,FOB,2,0.03,10,Brand#33,21,MED CASE,34,909,11079.4467
F,F,A,TAKE BACK RETURN,1,Manufacturer#2,4-NOT SPECIFIED,3,TRUCK,2,0,1,Brand#25,22,JUMBO CASE,37,910,13951.32
F,F,R,NONE,4,Manufacturer#2,4-NOT SPECIFIED,3,MAIL,3,0.04,20,Brand#21,22,MED DRUM,25,910,31025.076
F,F,A,TAKE BACK RETURN,2,Manufacturer#2,4-NOT SPECIFIED,3,TRUCK,4,0.01,8,Brand#23,22,JUMBO BAG,14,910,35929.3872
O,P,N,COLLECT COD,4,Manufacturer#3,2-HIGH,3,TRUCK,5,0.02,20,Brand#34,22,LG BAG,48,911,16455.4696
F,F,A,NONE,0,Manufacturer#5,5-LOW,1,TRUCK,1,0.08,16,Brand#51,3,WRAP BAG,30,912,67790.7504
F,F,R,TAKE BACK RETURN,4,Manufacturer#5,2-HIGH,0,SHIP,3,0.06,4,Brand#54,15,MED BAG,16,913,37380.745
F,F,R,TAKE BACK RETURN,4,Manufacturer#5,2-HIGH,0,FOB,6,0.08,13,Brand#54,15,LG PACK,15,913,7962.6136
F,F,A,NONE,3,Manufacturer#1,2-HIGH,0,AIR,4,0.07,23,Brand#14,15,MED BOX,44,913,6579.111
F,F,A,DELIVER IN PERSON,2,Manufacturer#1,2-HIGH,0,TRUCK,5,0.02,9,Brand#15,15,JUMBO CASE,7,913,56661.2775
F,F,R,NONE,2,Manufacturer#4,2-HIGH,0,REG AIR,1,0.07,12,Brand#42,15,MED PKG,46,913,59342.0919
F,F,R,DELIVER IN PERSON,3,Manufacturer#5,5-LOW,4,RAIL,5,0.02,19,Brand#54,13,MED CASE,29,914,62712.711
F,F,A,DELIVER IN PERSON,1,Manufacturer#4,1-URGENT,4,AIR,5,0.04,2,Brand#45,13,WRAP PACK,8,915,1491.5142
F,F,A,COLLECT COD,3,Manufacturer#1,1-URGENT,4,REG AIR,4,0.04,22,Brand#12,13,MED JAR,15,915,49727.3952
F,F,A,NONE,2,Manufacturer#5,1-URGENT,4,MAIL,3,0.04,12,Brand#52,13,WRAP PKG,48,915,14508.846
F,F,A,NONE,0,Manufacturer#1,1-URGENT,4,FOB,2,0.06,5,Brand#15,13,WRAP CAN,41,915,5410.875
F,P,A,TAKE BACK RETURN,1,Manufacturer#1,2-HIGH,3,MAIL,2,0.05,3,Brand#11,22,MED PACK,39,911,12153.0438
F,P,A,COLLECT COD,0,Manufacturer#1,2-HIGH,3,RAIL,4,0.05,5,Brand#15,22,LG PACK,50,911,1549.1382
F,P,A,DELIVER IN PERSON,3,Manufacturer#4,2-HIGH,3,SHIP,1,0.08,23,Brand#44,22,MED PACK,10,911,73686.204
F,P,R,NONE,1,Manufacturer#3,2-HIGH,3,TRUCK,3,0.04,1,Brand#31,22,JUMBO PKG,2,911,62076.15
F,F,A,DELIVER IN PERSON,1,Manufacturer#5,3-MEDIUM,0,MAIL,5,0.05,2,Brand#52,0,WRAP CASE,28,916,79957.6512
F,F,R,COLLECT COD,0,Manufacturer#2,3-MEDIUM,0,AIR,4,0,0,Brand#24,0,JUMBO JAR,34,916,5293.2864
F,F,A,NONE,3,Manufacturer#2,5-LOW,4,REG AIR,6,0.04,19,Brand#24,13,JUMBO BOX,14,914,30162.33
F,F,R,DELIVER IN PERSON,3,Manufacturer#5,5-LOW,4,RAIL,4,0.05,19,Brand#53,13,MED PACK,5,914,2641.8028
F,F,R,NONE,4,Manufacturer#4,5-LOW,4,AIR,1,0.02,20,Brand#43,13,MED DRUM,38,914,13260.357
F,F,A,NONE,2,Manufacturer#5,5-LOW,2,RAIL,5,0.07,8,Brand#54,8,JUMBO PKG,38,917,38229.696
F,F,R,TAKE BACK RETURN,4,Manufacturer#1,3-MEDIUM,2,SHIP,1,0.02,10,Brand#13,8,JUMBO JAR,50,918,51015.727
F,F,R,DELIVER IN PERSON,3,Manufacturer#3,4-NOT SPECIFIED,4,TRUCK,1,0.04,19,Brand#33,13,LG PACK,13,919,10215.936
F,F,R,DELIVER IN PERSON,4,Manufacturer#1,4-NOT SPECIFIED,4,SHIP,3,0.02,10,Brand#13,13,LG PACK,3,919,30753.0036
F,F,A,COLLECT COD,1,Manufacturer#3,4-NOT SPECIFIED,4,FOB,4,0.06,3,Brand#32,13,SM BAG,18,919,75114.8352
O,P,N,TAKE BACK RETURN,3,Manufacturer#2,4-NOT SPECIFIED,4,REG AIR,5,0.05,7,Brand#24,10,MED BAG,18,920,2481.3696
O,P,N,COLLECT COD,0,Manufacturer#4,4-NOT SPECIFIED,4,TRUCK,3,0,16,Brand#43,10,LG CASE,5,920,4386.8472
F,P,A,NONE,2,Manufacturer#3,4-NOT SPECIFIED,4,SHIP,1,0.01,8,Brand#35,10,LG BOX,40,920,76548.8304
F,P,A,COLLECT COD,4,Manufacturer#2,4-NOT SPECIFIED,4,TRUCK,2,0.07,11,Brand#24,10,LG CAN,39,920,6345.885
O,P,N,DELIVER IN PERSON,3,Manufacturer#4,4-NOT SPECIFIED,4,REG AIR,4,0,23,Brand#41,10,MED PKG,5,920,34503.4592
F,F,R,DELIVER IN PERSON,0,Manufacturer#2,1-URGENT,2,AIR,2,0.08,16,Brand#22,21,MED PACK,50,921,12325.338
F,F,A,NONE,0,Manufacturer#4,1-URGENT,2,AIR,2,0.07,14,Brand#41,9,MED CAN,33,922,12495.1505
F,F,R,DELIVER IN PERSON,2,Manufacturer#5,2-HIGH,3,FOB,3,0,21,Brand#54,23,LG PKG,3,923,35637.165
F,F,A,COLLECT COD,2,Manufacturer#5,2-HIGH,3,SHIP,1,0.06,21,Brand#54,23,WRAP CASE,2,923,59698.456
F,F,A,NONE,2,Manufacturer#2,2-HIGH,3,REG AIR,2,0.04,9,Brand#25,23,LG BOX,45,923,42819.4599
F,F,A,DELIVER IN PERSON,3,Manufacturer#1,5-LOW,1,RAIL,1,0,23,Brand#15,1,JUMBO PACK,36,924,9306.6085
F,F,A,TAKE BACK RETURN,4,Manufacturer#3,5-LOW,1,RAIL,6,0.07,11,Brand#32,1,WRAP PACK,19,924,10982.5276
F,F,A,TAKE BACK RETURN,1,Manufacturer#3,5-LOW,1,AIR,2,0.07,1,Brand#33,1,JUMBO PKG,9,924,53582.9358
F,F,A,NONE,4,Manufacturer#1,5-LOW,1,AIR,4,0.08,4,Brand#12,1,LG PACK,15,924,15175.7496
F,F,A,COLLECT COD,4,Manufacturer#2,5-LOW,1,MAIL,3,0.05,10,Brand#22,1,LG PACK,3,924,65353.9584
F,F,R,COLLECT COD,1,Manufacturer#2,1-URGENT,2,RAIL,1,0.03,17,Brand#24,21,MED PACK,27,921,45582.2928
F,F,A,TAKE BACK RETURN,0,Manufacturer#4,4-NOT SPECIFIED,1,AIR,5,0.07,14,Brand#43,17,LG DRUM,22,925,1136.466
F,F,R,NONE,4,Manufacturer#2,4-NOT SPECIFIED,1,REG AIR,3,0.03,11,Brand#22,17,SM CAN,49,925,36399.9636
F,F,A,DELIVER IN PERSON,3,Manufacturer#3,4-NOT SPECIFIED,1,AIR,4,0.05,19,Brand#31,17,MED PACK,25,925,21126.3381
F,F,R,NONE,2,Manufacturer#2,4-NOT SPECIFIED,1,AIR,1,0.02,8,Brand#25,17,MED DRUM,10,925,11382.3
F,F,A,COLLECT COD,3,Manufacturer#3,5-LOW,2,FOB,1,0.01,7,Brand#32,21,LG BAG,48,926,21956.3328
F,F,R,TAKE BACK RETURN,2,Manufacturer#3,1-URGENT,0,AIR,5,0.02,12,Brand#34,14,SM BOX,32,927,44866.185
F,F,R,COLLECT COD,3,Manufacturer#4,5-LOW,2,MAIL,2,0.04,7,Brand#42,21,JUMBO PKG,9,926,59967.18
F,F,N,NONE,4,Manufacturer#1,5-LOW,2,AIR,3,0.04,20,Brand#13,21,JUMBO DRUM,20,926,37884.5558
F,F,R,NONE,4,Manufacturer#2,5-LOW,2,REG AIR,4,0.02,11,Brand#22,21,JUMBO BAG,50,926,7785.7472
F,F,A,COLLECT COD,0,Manufacturer#4,3-MEDIUM,0,SHIP,4,0.05,15,Brand#41,14,WRAP DRUM,10,928,37683.65
F,F,R,COLLECT COD,0,Manufacturer#3,3-MEDIUM,0,RAIL,3,0.03,14,Brand#34,14,LG PKG,39,928,26123.44
F,F,A,TAKE BACK RETURN,4,Manufacturer#4,3-MEDIUM,3,AIR,1,0.06,20,Brand#43,7,JUMBO DRUM,14,929,24947.532
F,F,R,COLLECT COD,3,Manufacturer#4,5-LOW,3,TRUCK,2,0.02,19,Brand#45,22,SM BOX,16,930,36326.4
F,F,A,COLLECT COD,0,Manufacturer#3,5-LOW,3,REG AIR,1,0.01,15,Brand#32,22,SM PACK,22,930,14898.6279
F,F,A,COLLECT COD,1,Manufacturer#5,5-LOW,3,TRUCK,6,0.05,1,Brand#51,22,WRAP DRUM,19,930,44574.7806
F,F,A,COLLECT COD,2,Manufacturer#5,5-LOW,3,AIR,5,0.01,8,Brand#52,22,JUMBO DRUM,29,930,15585.696
F,F,R,COLLECT COD,1,Manufacturer#3,3-MEDIUM,1,RAIL,2,0.07,3,Brand#32,24,LG BOX,18,931,21442.644
F,F,R,DELIVER IN PERSON,0,Manufacturer#4,3-MEDIUM,1,RAIL,3,0.02,5,Brand#43,24,MED BAG,30,931,24064.2522
F,F,A,COLLECT COD,3,Manufacturer#2,3-MEDIUM,1,REG AIR,1,0.05,23,Brand#24,24,LG CASE,19,931,60372.5265
F,F,R,NONE,3,Manufacturer#2,1-URGENT,4,TRUCK,6,0.03,22,Brand#22,4,JUMBO BOX,31,932,43957.0638
F,F,A,DELIVER IN PERSON,1,Manufacturer#3,1-URGENT,4,REG AIR,1,0.06,24,Brand#34,4,WRAP JAR,15,932,28764.6464
F,F,R,DELIVER IN PERSON,2,Manufacturer#5,5-LOW,4,RAIL,4,0.05,21,Brand#51,11,SM BAG,25,933,44175.04
F,F,A,DELIVER IN PERSON,2,Manufacturer#1,5-LOW,4,FOB,3,0.02,12,Brand#14,11,WRAP PACK,20,933,53871.1096
F,F,R,COLLECT COD,1,Manufacturer#5,2-HIGH,1,AIR,5,0.07,3,Brand#52,17,SM JAR,28,934,45803.151
F,F,R,NONE,1,Manufacturer#3,2-HIGH,1,TRUCK,3,0,1,Brand#31,17,LG BAG,48,934,35954.2008
F,F,A,DELIVER IN PERSON,3,Manufacturer#5,4-NOT SPECIFIED,4,SHIP,2,0,23,Brand#54,11,LG BOX,3,935,9699.03
F,F,A,COLLECT COD,3,Manufacturer#4,4-NOT SPECIFIED,4,REG AIR,4,0.03,6,Brand#41,11,MED JAR,41,935,34432.5548
F,F,A,DELIVER IN PERSON,4,Manufacturer#5,4-NOT SPECIFIED,4,RAIL,3,0.05,10,Brand#55,11,MED CAN,43,935,23743.4412
F,F,A,TAKE BACK RETURN,3,Manufacturer#1,4-NOT SPECIFIED,4,AIR,1,0.01,6,Brand#14,11,LG CAN,41,935,20044.1934
F,F,R,TAKE BACK RETURN,2,Manufacturer#5,3-MEDIUM,1,AIR,1,0.05,8,Brand#55,3,SM CASE,22,936,36148.6164
F,F,R,TAKE BACK RETURN,2,Manufacturer#4,3-MEDIUM,1,REG AIR,5,0.01,12,Brand#41,3,JUMBO DRUM,36,936,43531.41
F,F,A,NONE,0,Manufacturer#3,3-MEDIUM,1,SHIP,4,0.02,14,Brand#35,3,WRAP BOX,47,936,83093.22
F,F,R,COLLECT COD,2,Manufacturer#5,3-MEDIUM,1,MAIL,2,0.08,8,Brand#52,3,WRAP JAR,3,936,10166.2764
F,F,N,NONE,1,Manufacturer#2,3-MEDIUM,1,SHIP,3,0.05,1,Brand#25,3,SM BAG,28,936,67922.9376
F,F,R,NONE,3,Manufacturer#2,4-NOT SPECIFIED,1,MAIL,2,0.03,19,Brand#24,17,WRAP PKG,34,937,27420
F,F,A,DELIVER IN PERSON,2,Manufacturer#3,4-NOT SPECIFIED,1,AIR,4,0.08,12,Brand#33,24,LG BAG,31,938,77601.2787
F,F,A,DELIVER IN PERSON,4,Manufacturer#1,4-NOT SPECIFIED,1,RAIL,2,0.07,11,Brand#12,24,LG CASE,49,938,53318.766
F,F,R,NONE,1,Manufacturer#3,4-NOT SPECIFIED,1,AIR,3,0.01,3,Brand#32,24,LG CASE,28,938,49103.7212
F,F,R,DELIVER IN PERSON,3,Manufacturer#2,5-LOW,4,MAIL,4,0.02,22,Brand#24,20,JUMBO CASE,33,939,10494.144
F,F,R,NONE,0,Manufacturer#1,4-NOT SPECIFIED,4,SHIP,7,0.01,0,Brand#14,20,WRAP JAR,30,940,12605.685
F,F,R,COLLECT COD,1,Manufacturer#3,4-NOT SPECIFIED,4,TRUCK,2,0.08,3,Brand#35,20,LG CASE,36,940,3191.5584
F,F,R,NONE,1,Manufacturer#2,4-NOT SPECIFIED,4,AIR,5,0.03,17,Brand#21,20,MED BOX,41,940,18463.984
F,F,A,NONE,0,Manufacturer#5,4-NOT SPECIFIED,4,REG AIR,3,0.03,0,Brand#53,20,SM DRUM,31,940,9570.8547
F,F,R,TAKE BACK RETURN,1,Manufacturer#3,4-NOT SPECIFIED,4,TRUCK,4,0,1,Brand#31,20,MED JAR,34,940,78432.5
F,F,R,COLLECT COD,3,Manufacturer#1,4-NOT SPECIFIED,4,SHIP,1,0.08,19,Brand#11,20,LG BOX,23,940,56548.849
F,F,R,NONE,2,Manufacturer#2,4-NOT SPECIFIED,4,REG AIR,6,0.05,12,Brand#22,20,JUMBO CASE,35,940,30169.9294
F,F,A,COLLECT COD,3,Manufacturer#3,3-MEDIUM,3,FOB,3,0.03,22,Brand#34,7,WRAP BAG,22,929,8483.02
F,F,R,NONE,1,Manufacturer#2,3-MEDIUM,3,RAIL,2,0.08,3,Brand#25,7,WRAP DRUM,14,929,32386.887
F,F,R,TAKE BACK RETURN,3,Manufacturer#1,3-MEDIUM,3,REG AIR,5,0,22,Brand#13,7,JUMBO BAG,7,929,3312.1143
F,F,R,DELIVER IN PERSON,0,Manufacturer#1,3-MEDIUM,3,FOB,4,0.05,0,Brand#11,7,JUMBO CAN,20,929,6132.672
F,P,A,COLLECT COD,3,Manufacturer#1,2-HIGH,0,AIR,7,0.04,7,Brand#15,14,LG JAR,15,941,53147.9619
F,P,N,NONE,3,Manufacturer#1,2-HIGH,0,AIR,5,0.05,22,Brand#15,14,WRAP BAG,50,941,8512.14
F,P,R,DELIVER IN PERSON,4,Manufacturer#5,2-HIGH,0,AIR,6,0.08,10,Brand#52,14,MED DRUM,44,941,41225.049
F,P,R,DELIVER IN PERSON,2,Manufacturer#1,2-HIGH,0,REG AIR,4,0,18,Brand#14,14,SM BAG,33,941,14054.8608
F,P,A,NONE,3,Manufacturer#3,2-HIGH,0,FOB,3,0.01,6,Brand#35,14,WRAP PACK,20,941,29432.0754
O,P,N,TAKE BACK RETURN,0,Manufacturer#3,2-HIGH,0,FOB,1,0.01,14,Brand#32,14,LG BOX,36,941,56709.6556
F,P,A,NONE,0,Manufacturer#1,2-HIGH,0,AIR,2,0.02,16,Brand#13,14,MED JAR,29,941,12489.3792
F,F,R,TAKE BACK RETURN,2,Manufacturer#2,1-URGENT,2,SHIP,2,0.03,18,Brand#24,8,MED CAN,39,942,19841.382
F,F,R,COLLECT COD,2,Manufacturer#3,4-NOT SPECIFIED,2,MAIL,5,0.02,8,Brand#35,21,WRAP PKG,6,943,53872.81
F,F,R,DELIVER IN PERSON,3,Manufacturer#4,4-NOT SPECIFIED,2,MAIL,2,0,19,Brand#41,21,WRAP PACK,9,943,82079.136
F,F,R,TAKE BACK RETURN,0,Manufacturer#1,4-NOT SPECIFIED,2,AIR,1,0.04,0,Brand#14,21,LG PACK,1,943,24318.8064
F,F,R,NONE,1,Manufacturer#4,4-NOT SPECIFIED,2,MAIL,4,0.05,1,Brand#42,21,MED PKG,48,943,33983.4528
F,F,R,COLLECT COD,2,Manufacturer#3,1-URGENT,2,MAIL,6,0.04,8,Brand#35,8,LG DRUM,36,942,32969.9172
F,P,R,DELIVER IN PERSON,1,Manufacturer#2,1-URGENT,4,TRUCK,6,0.05,1,Brand#25,11,LG DRUM,7,944,21623.4207
F,P,A,DELIVER IN PERSON,2,Manufacturer#1,2-HIGH,4,TRUCK,2,0.06,12,Brand#15,13,LG PACK,21,945,25584.0768
F,P,A,DELIVER IN PERSON,3,Manufacturer#3,2-HIGH,4,MAIL,7,0.06,6,Brand#35,13,MED CAN,48,945,42447.5436
O,P,N,TAKE BACK RETURN,0,Manufacturer#1,2-HIGH,4,RAIL,6,0.03,5,Brand#12,13,WRAP BOX,16,945,28042.56
F,P,R,DELIVER IN PERSON,4,Manufacturer#5,2-HIGH,4,RAIL,5,0.07,10,Brand#55,13,WRAP PKG,6,945,57558.9648
O,P,N,TAKE BACK RETURN,0,Manufacturer#1,2-HIGH,4,REG AIR,3,0.05,5,Brand#11,13,SM BAG,14,945,42121.35
F,P,N,DELIVER IN PERSON,0,Manufacturer#2,1-URGENT,3,TRUCK,2,0.05,5,Brand#25,7,JUMBO DRUM,34,946,13573.7127
O,P,N,TAKE BACK RETURN,2,Manufacturer#1,1-URGENT,3,REG AIR,4,0.05,8,Brand#11,7,LG BAG,31,946,81120.7968
F,P,A,DELIVER IN PERSON,0,Manufacturer#4,1-URGENT,3,SHIP,6,0.07,0,Brand#41,7,JUMBO DRUM,23,946,49916.9088
F,P,N,DELIVER IN PERSON,2,Manufacturer#3,1-URGENT,3,REG AIR,5,0.01,9,Brand#35,7,SM CAN,34,946,2668.6788
F,P,R,COLLECT COD,1,Manufacturer#2,1-URGENT,3,RAIL,3,0.07,3,Brand#23,7,SM DRUM,14,946,3616.0436
F,P,A,TAKE BACK RETURN,4,Manufacturer#3,1-URGENT,3,SHIP,1,0.04,10,Brand#31,7,SM PKG,46,946,8132.013
F,P,A,DELIVER IN PERSON,0,Manufacturer#4,2-HIGH,4,REG AIR,1,0.05,14,Brand#43,13,MED PACK,46,945,6070.842
F,F,A,DELIVER IN PERSON,4,Manufacturer#4,4-NOT SPECIFIED,3,TRUCK,1,0.06,4,Brand#41,19,LG BAG,2,947,65853.486
F,P,A,NONE,4,Manufacturer#5,2-HIGH,1,SHIP,4,0.04,10,Brand#54,3,MED CASE,37,948,32902.38
O,P,N,NONE,3,Manufacturer#5,2-HIGH,1,RAIL,1,0.01,6,Brand#55,3,MED PACK,2,948,19129.4136
F,P,N,TAKE BACK RETURN,1,Manufacturer#3,2-HIGH,1,AIR,2,0.07,17,Brand#31,3,MED CAN,36,948,37286.4384
O,P,N,DELIVER IN PERSON,4,Manufacturer#3,4-NOT SPECIFIED,4,FOB,5,0.06,20,Brand#33,11,LG PACK,46,949,43621.578
F,P,A,NONE,1,Manufacturer#1,4-NOT SPECIFIED,4,AIR,1,0,2,Brand#12,11,WRAP BOX,42,949,19156.6464
F,P,N,TAKE BACK RETURN,4,Manufacturer#5,4-NOT SPECIFIED,4,AIR,2,0.05,10,Brand#55,11,LG CAN,16,949,13184.9984
F,P,A,TAKE BACK RETURN,2,Manufacturer#2,4-NOT SPECIFIED,4,MAIL,3,0.07,8,Brand#24,11,SM JAR,6,949,26395.0368
F,P,A,COLLECT COD,4,Manufacturer#2,4-NOT SPECIFIED,4,SHIP,4,0.06,20,Brand#22,11,WRAP JAR,13,949,36386.48
F,P,A,COLLECT COD,3,Manufacturer#2,1-URGENT,4,REG AIR,4,0.04,7,Brand#25,11,JUMBO DRUM,33,944,30151.383
F,P,R,DELIVER IN PERSON,4,Manufacturer#3,1-URGENT,4,AIR,5,0.08,10,Brand#32,11,LG CASE,33,944,8578.9908
F,P,A,DELIVER IN PERSON,1,Manufacturer#5,1-URGENT,4,FOB,3,0.08,1,Brand#52,11,JUMBO DRUM,35,944,8259.84
O,P,N,NONE,1,Manufacturer#4,1-URGENT,4,MAIL,2,0,1,Brand#45,11,SM BAG,48,944,22656.4368
O,P,N,NONE,2,Manufacturer#2,1-URGENT,4,REG AIR,1,0.04,18,Brand#22,11,MED CASE,38,944,1877.96
F,F,A,NONE,3,Manufacturer#4,4-NOT SPECIFIED,2,AIR,3,0.05,6,Brand#45,8,SM DRUM,40,950,3177.3948
F,P,A,DELIVER IN PERSON,1,Manufacturer#3,1-URGENT,0,MAIL,5,0.02,2,Brand#32,0,JUMBO PACK,2,951,15922.746
F,P,R,TAKE BACK RETURN,2,Manufacturer#1,1-URGENT,0,REG AIR,6,0.04,8,Brand#11,0,JUMBO DRUM,11,951,36881.1185
F,P,R,NONE,0,Manufacturer#4,1-URGENT,0,TRUCK,2,0.01,0,Brand#43,0,WRAP CAN,15,951,61893.909
F,P,R,DELIVER IN PERSON,0,Manufacturer#1,1-URGENT,0,REG AIR,3,0.03,15,Brand#15,0,JUMBO BOX,18,951,42550.4574
F,P,N,NONE,1,Manufacturer#1,1-URGENT,0,AIR,1,0.04,1,Brand#13,0,JUMBO BAG,49,951,29692.7554
O,P,N,TAKE BACK RETURN,3,Manufacturer#4,1-URGENT,0,RAIL,4,0.07,19,Brand#45,0,MED PACK,8,951,39728.448
F,F,A,DELIVER IN PERSON,0,Manufacturer#1,3-MEDIUM,4,SHIP,1,0.02,15,Brand#15,10,LG BOX,29,952,45252.5184
F,F,A,DELIVER IN PERSON,1,Manufacturer#3,3-MEDIUM,4,TRUCK,3,0.06,24,Brand#34,10,WRAP CAN,44,952,27397.2135
F,P,R,TAKE BACK RETURN,2,Manufacturer#2,2-HIGH,3,TRUCK,1,0.05,8,Brand#24,6,WRAP CASE,44,953,44143.101
O,P,N,NONE,1,Manufacturer#5,2-HIGH,3,REG AIR,2,0.02,17,Brand#55,6,SM JAR,26,953,30915.3636
F,F,R,NONE,1,Manufacturer#1,4-NOT SPECIFIED,0,SHIP,6,0.05,2,Brand#14,16,MED CAN,22,954,12289.2
F,F,R,TAKE BACK RETURN,0,Manufacturer#5,4-NOT SPECIFIED,0,FOB,4,0.06,14,Brand#53,16,MED BOX,46,954,12963.5212
F,F,R,NONE,1,Manufacturer#3,4-NOT SPECIFIED,0,AIR,1,0.01,1,Brand#35,16,SM BAG,34,954,41861.664
F,F,A,COLLECT COD,1,Manufacturer#2,4-NOT SPECIFIED,0,TRUCK,3,0.02,24,Brand#24,16,MED BOX,5,954,10908.324
F,F,R,DELIVER IN PERSON,0,Manufacturer#2,4-NOT SPECIFIED,0,SHIP,7,0.04,15,Brand#21,16,WRAP PKG,46,954,52372.7568
F,F,A,DELIVER IN PERSON,4,Manufacturer#2,5-LOW,3,FOB,6,0.05,10,Brand#25,22,WRAP JAR,26,955,2288.132
F,F,R,DELIVER IN PERSON,4,Manufacturer#2,5-LOW,3,AIR,5,0.04,11,Brand#22,22,MED JAR,13,955,66649.948
F,F,R,TAKE BACK RETURN,2,Manufacturer#3,5-LOW,3,RAIL,4,0.07,12,Brand#32,22,SM DRUM,3,955,20857.536
F,F,A,TAKE BACK RETURN,1,Manufacturer#2,5-LOW,3,MAIL,3,0,24,Brand#23,22,JUMBO PKG,30,955,3621.0003
F,F,A,TAKE BACK RETURN,3,Manufacturer#3,5-LOW,3,FOB,2,0.07,22,Brand#32,22,SM CASE,42,955,15172.164
F,F,A,TAKE BACK RETURN,2,Manufacturer#4,4-NOT SPECIFIED,1,SHIP,3,0.06,12,Brand#41,2,MED DRUM,22,956,13780.13
F,F,R,TAKE BACK RETURN,3,Manufacturer#1,1-URGENT,0,RAIL,3,0.06,7,Brand#14,14,WRAP PKG,26,957,45596.3904
F,F,R,TAKE BACK RETURN,0,Manufacturer#3,1-URGENT,0,TRUCK,5,0.08,16,Brand#31,14,MED DRUM,43,957,7921.8776
F,F,A,DELIVER IN PERSON,4,Manufacturer#2,4-NOT SPECIFIED,2,SHIP,2,0.04,11,Brand#22,8,JUMBO CASE,26,958,71237.44
F,F,R,TAKE BACK RETURN,0,Manufacturer#1,4-NOT SPECIFIED,2,SHIP,1,0.03,0,Brand#13,8,LG CAN,35,958,44225.0256
F,F,A,COLLECT COD,2,Manufacturer#1,1-URGENT,1,SHIP,3,0.07,12,Brand#13,1,JUMBO JAR,8,959,3254.8971
F,F,R,TAKE BACK RETURN,0,Manufacturer#1,5-LOW,1,AIR,3,0.04,14,Brand#12,17,SM JAR,22,960,23425.2
F,F,R,COLLECT COD,0,Manufacturer#5,5-LOW,1,FOB,6,0.01,5,Brand#55,17,LG PACK,3,960,60886.7328
F,F,R,COLLECT COD,3,Manufacturer#5,5-LOW,1,SHIP,2,0.05,7,Brand#51,17,MED CASE,19,960,6583.842
F,F,A,DELIVER IN PERSON,2,Manufacturer#5,5-LOW,0,REG AIR,4,0,8,Brand#55,15,SM JAR,18,961,29136.996
F,F,R,NONE,3,Manufacturer#2,2-HIGH,0,REG AIR,5,0.08,7,Brand#22,15,MED DRUM,20,962,55373.2179
F,F,A,DELIVER IN PERSON,3,Manufacturer#2,2-HIGH,0,MAIL,2,0.07,6,Brand#25,15,SM BAG,12,962,49727.8656
F,F,N,NONE,1,Manufacturer#2,2-HIGH,0,FOB,4,0.07,24,Brand#22,15,LG BAG,43,962,8304.88
F,F,R,TAKE BACK RETURN,1,Manufacturer#3,2-HIGH,0,SHIP,3,0.03,1,Brand#31,15,JUMBO PKG,2,962,45067.2849
F,F,R,TAKE BACK RETURN,3,Manufacturer#1,2-HIGH,0,SHIP,1,0.05,6,Brand#11,15,LG BAG,11,962,5488.3818
F,F,A,TAKE BACK RETURN,4,Manufacturer#1,2-HIGH,0,MAIL,6,0.02,10,Brand#11,15,MED CAN,7,962,1211.8464
F,F,R,COLLECT COD,2,Manufacturer#5,5-LOW,0,FOB,3,0.04,9,Brand#51,15,LG PACK,18,961,81383.3356
F,F,A,NONE,2,Manufacturer#5,5-LOW,0,RAIL,1,0.02,8,Brand#51,15,WRAP JAR,17,961,20214.4056
F,F,R,COLLECT COD,2,Manufacturer#2,4-NOT SPECIFIED,0,RAIL,1,0.02,8,Brand#22,0,WRAP PKG,14,963,9453.3075
F,F,R,COLLECT COD,1,Manufacturer#4,5-LOW,0,AIR,1,0.08,24,Brand#44,0,MED DRUM,21,964,37374.0156
F,F,R,COLLECT COD,3,Manufacturer#5,5-LOW,0,FOB,2,0.06,6,Brand#53,0,JUMBO PKG,15,964,35418.6657
F,P,N,NONE,2,Manufacturer#4,2-HIGH,1,TRUCK,4,0.01,18,Brand#41,17,JUMBO DRUM,19,965,44981.376
F,P,N,TAKE BACK RETURN,1,Manufacturer#5,2-HIGH,1,AIR,5,0.01,1,Brand#52,17,SM BOX,7,965,51391.062
F,P,R,COLLECT COD,1,Manufacturer#5,2-HIGH,1,MAIL,6,0.07,3,Brand#54,17,MED CASE,29,965,17204.418
F,P,R,DELIVER IN PERSON,2,Manufacturer#2,2-HIGH,1,FOB,2,0.05,9,Brand#24,17,JUMBO BAG,27,965,6971.28
F,P,R,COLLECT COD,0,Manufacturer#4,2-HIGH,1,RAIL,7,0.02,0,Brand#41,17,SM CASE,12,965,43094.03
F,P,N,DELIVER IN PERSON,4,Manufacturer#4,2-HIGH,1,AIR,3,0,11,Brand#42,17,WRAP PKG,14,965,12864.2445
O,P,N,COLLECT COD,3,Manufacturer#5,2-HIGH,1,SHIP,1,0,19,Brand#52,17,MED CASE,11,965,43517.904
F,F,A,COLLECT COD,3,Manufacturer#1,1-URGENT,3,AIR,4,0.06,22,Brand#13,7,WRAP BAG,19,966,31191.4372
F,F,R,NONE,4,Manufacturer#3,1-URGENT,3,AIR,6,0.06,11,Brand#33,7,MED JAR,25,966,22760.79
F,F,R,TAKE BACK RETURN,3,Manufacturer#2,1-URGENT,3,MAIL,3,0.04,6,Brand#21,7,SM JAR,33,966,64591.64
F,F,R,COLLECT COD,3,Manufacturer#4,1-URGENT,3,SHIP,1,0.07,7,Brand#43,7,WRAP PACK,6,966,18768.816
F,F,R,DELIVER IN PERSON,3,Manufacturer#2,1-URGENT,3,FOB,7,0.05,7,Brand#23,7,SM CAN,46,966,26873.6799
F,F,R,NONE,0,Manufacturer#5,4-NOT SPECIFIED,0,MAIL,6,0.01,14,Brand#55,0,SM CASE,47,963,45861.2791
F,F,R,NONE,4,Manufacturer#4,1-URGENT,4,REG AIR,1,0,11,Brand#41,13,WRAP JAR,35,967,61173.684
F,F,A,DELIVER IN PERSON,4,Manufacturer#3,5-LOW,4,SHIP,1,0.06,11,Brand#32,20,WRAP PACK,38,968,22730.8172
F,F,N,TAKE BACK RETURN,1,Manufacturer#1,5-LOW,4,RAIL,1,0.08,17,Brand#14,13,LG JAR,44,969,10776.402
F,F,A,NONE,3,Manufacturer#4,4-NOT SPECIFIED,0,MAIL,5,0.06,22,Brand#41,14,SM BAG,44,970,35976.15
F,F,N,NONE,3,Manufacturer#1,4-NOT SPECIFIED,0,REG AIR,2,0.04,7,Brand#14,14,WRAP CASE,50,970,42765.76
F,F,A,COLLECT COD,0,Manufacturer#1,2-HIGH,3,SHIP,1,0.04,15,Brand#15,6,MED PACK,22,971,12669.8088
F,F,A,COLLECT COD,3,Manufacturer#1,2-HIGH,3,TRUCK,4,0.05,22,Brand#15,6,WRAP CASE,38,971,25192.305
F,F,N,DELIVER IN PERSON,4,Manufacturer#2,2-HIGH,3,RAIL,2,0.04,4,Brand#25,6,SM CAN,43,971,925.6028
F,F,R,DELIVER IN PERSON,2,Manufacturer#1,2-HIGH,3,MAIL,3,0.08,8,Brand#12,6,MED BAG,40,971,1220.9769
F,F,A,COLLECT COD,0,Manufacturer#2,2-HIGH,3,FOB,5,0.05,16,Brand#25,6,LG CASE,7,971,20508.807
F,F,R,NONE,3,Manufacturer#2,2-HIGH,3,FOB,6,0.01,6,Brand#22,6,JUMBO BOX,49,971,37200.408
F,F,R,DELIVER IN PERSON,0,Manufacturer#2,2-HIGH,4,FOB,4,0.02,0,Brand#23,10,MED DRUM,41,972,39663.36
F,F,A,NONE,1,Manufacturer#1,3-MEDIUM,1,AIR,1,0.04,3,Brand#13,24,JUMBO PKG,24,973,26951.9481
F,F,R,DELIVER IN PERSON,4,Manufacturer#1,4-NOT SPECIFIED,4,MAIL,1,0.02,10,Brand#15,10,SM JAR,9,974,28955.4912
F,F,A,DELIVER IN PERSON,3,Manufacturer#5,1-URGENT,0,SHIP,2,0.07,7,Brand#54,16,SM BAG,27,975,9329.551
F,F,R,NONE,0,Manufacturer#3,1-URGENT,0,RAIL,3,0.07,5,Brand#31,16,WRAP CAN,14,975,41323.158
F,F,A,COLLECT COD,4,Manufacturer#2,1-URGENT,0,MAIL,5,0.01,11,Brand#21,16,SM CASE,49,975,54449.4496
F,F,R,DELIVER IN PERSON,0,Manufacturer#3,1-URGENT,0,RAIL,1,0.02,15,Brand#33,16,LG BAG,15,975,42661.164
F,F,R,COLLECT COD,0,Manufacturer#2,1-URGENT,0,FOB,4,0.02,14,Brand#21,16,MED JAR,29,975,41562.6376
F,F,A,TAKE BACK RETURN,0,Manufacturer#5,2-HIGH,2,MAIL,1,0.04,0,Brand#53,21,SM BOX,30,976,33123.015
F,F,R,NONE,2,Manufacturer#4,2-HIGH,2,REG AIR,2,0.01,9,Brand#42,21,JUMBO JAR,40,976,58591.5825
F,F,R,COLLECT COD,4,Manufacturer#4,4-NOT SPECIFIED,0,TRUCK,3,0.07,11,Brand#41,14,LG BOX,40,977,4713.5004
F,F,R,NONE,3,Manufacturer#2,4-NOT SPECIFIED,0,REG AIR,5,0,7,Brand#21,14,SM PACK,24,977,41534.0418
F,F,A,COLLECT COD,0,Manufacturer#4,4-NOT SPECIFIED,0,MAIL,2,0.05,15,Brand#45,14,JUMBO CASE,34,977,53339.688
F,F,A,DELIVER IN PERSON,0,Manufacturer#4,4-NOT SPECIFIED,0,TRUCK,6,0.01,15,Brand#42,14,SM PACK,26,977,82301.57
F,F,R,NONE,4,Manufacturer#2,4-NOT SPECIFIED,0,FOB,1,0.08,10,Brand#22,14,LG CAN,32,977,22208.63
F,F,R,NONE,3,Manufacturer#2,4-NOT SPECIFIED,0,REG AIR,4,0.01,6,Brand#24,14,MED BOX,4,977,39003.0404
F,P,R,COLLECT COD,1,Manufacturer#5,3-MEDIUM,0,TRUCK,3,0.05,3,Brand#54,15,LG CAN,27,978,9407.2734
O,P,N,DELIVER IN PERSON,4,Manufacturer#4,3-MEDIUM,0,MAIL,2,0.04,4,Brand#43,15,WRAP CASE,10,978,52688.6906
F,P,R,DELIVER IN PERSON,1,Manufacturer#2,3-MEDIUM,0,REG AIR,1,0.06,1,Brand#23,15,MED BOX,11,978,48324.15
F,F,A,COLLECT COD,2,Manufacturer#3,1-URGENT,3,TRUCK,3,0,8,Brand#31,22,MED PKG,48,979,20995.4488
F,F,A,DELIVER IN PERSON,1,Manufacturer#5,1-URGENT,3,RAIL,1,0.05,2,Brand#53,22,LG DRUM,22,980,16030.224
F,F,R,DELIVER IN PERSON,2,Manufacturer#4,1-URGENT,3,AIR,1,0.06,12,Brand#41,22,SM CAN,9,979,48780.736
F,F,R,TAKE BACK RETURN,3,Manufacturer#3,1-URGENT,3,SHIP,2,0.07,7,Brand#34,22,JUMBO DRUM,33,979,58882.4782
F,F,N,TAKE BACK RETURN,0,Manufacturer#2,2-HIGH,2,AIR,1,0.08,14,Brand#24,21,JUMBO CASE,11,981,82406.24
F,F,R,COLLECT COD,2,Manufacturer#4,1-URGENT,3,AIR,4,0.05,9,Brand#41,7,WRAP PACK,13,982,16030.908
F,F,R,DELIVER IN PERSON,3,Manufacturer#5,2-HIGH,3,SHIP,1,0.04,6,Brand#51,19,LG JAR,19,983,70034.1
F,F,R,TAKE BACK RETURN,0,Manufacturer#3,2-HIGH,2,MAIL,2,0.04,14,Brand#33,21,WRAP PKG,43,981,11314.1232
F,F,A,NONE,1,Manufacturer#1,5-LOW,1,AIR,1,0.05,2,Brand#13,24,SM PKG,12,984,45625.0172
F,F,R,TAKE BACK RETURN,2,Manufacturer#4,2-HIGH,3,REG AIR,1,0,21,Brand#43,7,MED CASE,2,985,35914.2784
F,F,R,DELIVER IN PERSON,4,Manufacturer#3,2-HIGH,3,RAIL,4,0.07,11,Brand#33,7,SM BOX,11,985,87325.4725
F,F,R,TAKE BACK RETURN,1,Manufacturer#5,5-LOW,1,TRUCK,6,0.07,1,Brand#51,24,JUMBO CASE,48,984,29220.993
F,F,R,DELIVER IN PERSON,0,Manufacturer#1,5-LOW,1,MAIL,2,0.05,14,Brand#13,24,SM JAR,30,984,22985.508
F,F,R,NONE,3,Manufacturer#1,5-LOW,1,SHIP,3,0.07,7,Brand#15,24,LG BAG,2,984,31823.385
F,F,A,TAKE BACK RETURN,2,Manufacturer#1,5-LOW,1,RAIL,4,0.08,18,Brand#13,24,LG CAN,19,984,28366.13
F,F,R,DELIVER IN PERSON,1,Manufacturer#4,1-URGENT,3,REG AIR,4,0,1,Brand#44,19,WRAP BOX,11,986,89867.105
F,F,A,COLLECT COD,0,Manufacturer#2,2-HIGH,4,MAIL,3,0.04,16,Brand#21,20,WRAP BOX,22,987,34218.2154
F,F,A,DELIVER IN PERSON,0,Manufacturer#4,2-HIGH,4,REG AIR,1,0.03,15,Brand#41,20,JUMBO CAN,48,987,74493
F,F,A,DELIVER IN PERSON,0,Manufacturer#2,2-HIGH,2,RAIL,3,0.04,14,Brand#24,18,SM CASE,21,988,38032.6518
F,F,A,NONE,4,Manufacturer#4,2-HIGH,2,SHIP,6,0.08,4,Brand#45,18,LG BOX,41,988,45508.9362
F,F,R,DELIVER IN PERSON,1,Manufacturer#5,1-URGENT,4,REG AIR,2,0,24,Brand#53,10,JUMBO JAR,24,989,47595.3536
F,F,A,COLLECT COD,2,Manufacturer#4,1-URGENT,4,AIR,5,0.03,21,Brand#41,10,LG JAR,22,989,1731.6972
F,F,R,NONE,2,Manufacturer#4,1-URGENT,4,TRUCK,3,0.04,12,Brand#41,10,MED DRUM,22,989,62721.3496
F,F,R,NONE,1,Manufacturer#4,1-URGENT,4,AIR,6,0.08,3,Brand#44,10,MED BAG,20,989,65278.386
F,F,R,TAKE BACK RETURN,0,Manufacturer#3,1-URGENT,4,FOB,1,0.07,14,Brand#34,10,WRAP JAR,35,989,43515.0999
F,F,R,COLLECT COD,1,Manufacturer#5,1-URGENT,4,REG AIR,4,0.06,2,Brand#52,10,MED PACK,14,989,27010.8436
F,F,A,TAKE BACK RETURN,3,Manufacturer#2,5-LOW,3,MAIL,1,0.01,6,Brand#25,6,MED PKG,25,990,42949.9704
F,F,R,NONE,3,Manufacturer#4,2-HIGH,4,MAIL,1,0.08,22,Brand#41,11,WRAP PKG,48,991,44029.17
F,F,R,NONE,4,Manufacturer#4,3-MEDIUM,2,REG AIR,2,0.07,10,Brand#45,18,MED DRUM,35,992,949.626
F,F,A,COLLECT COD,2,Manufacturer#3,1-URGENT,2,REG AIR,3,0.06,12,Brand#34,18,SM CAN,49,993,77523.6988
F,F,A,DELIVER IN PERSON,2,Manufacturer#3,3-MEDIUM,1,SHIP,3,0.06,12,Brand#31,17,WRAP BOX,10,994,62402.2938
F,F,A,DELIVER IN PERSON,2,Manufacturer#5,3-MEDIUM,1,FOB,2,0.07,8,Brand#54,17,WRAP PKG,31,994,43489.5825
F,F,R,DELIVER IN PERSON,4,Manufacturer#5,3-MEDIUM,1,MAIL,1,0.06,20,Brand#51,17,JUMBO BOX,45,994,44137.5496
F,F,R,TAKE BACK RETURN,0,Manufacturer#2,1-URGENT,2,SHIP,5,0.04,0,Brand#24,12,MED DRUM,29,995,44956.6572
F,F,R,TAKE BACK RETURN,2,Manufacturer#1,1-URGENT,2,SHIP,4,0.08,21,Brand#11,12,MED BOX,6,995,18636.345
F,F,R,NONE,1,Manufacturer#3,1-URGENT,2,AIR,3,0,17,Brand#34,12,JUMBO PKG,21,995,54202.75
F,F,R,DELIVER IN PERSON,0,Manufacturer#1,2-HIGH,0,TRUCK,5,0.05,5,Brand#14,16,MED PACK,15,996,52322.73
F,F,R,COLLECT COD,1,Manufacturer#3,2-HIGH,0,RAIL,3,0.02,17,Brand#33,16,WRAP DRUM,11,996,17205.186
F,F,R,DELIVER IN PERSON,4,Manufacturer#1,2-HIGH,0,FOB,6,0.04,11,Brand#11,16,JUMBO JAR,44,996,72216.6144
F,F,R,TAKE BACK RETURN,4,Manufacturer#1,2-HIGH,0,AIR,1,0.07,10,Brand#12,16,LG DRUM,16,996,51279.867
F,F,R,TAKE BACK RETURN,0,Manufacturer#1,2-HIGH,0,MAIL,2,0.08,14,Brand#11,16,JUMBO PKG,7,996,58391.424
F,F,R,DELIVER IN PERSON,4,Manufacturer#5,2-HIGH,0,FOB,4,0.08,20,Brand#51,16,MED JAR,2,996,12240.6048
F,F,A,DELIVER IN PERSON,3,Manufacturer#1,5-LOW,2,REG AIR,3,0.07,22,Brand#12,12,MED PACK,26,997,55006.497
F,F,A,TAKE BACK RETURN,1,Manufacturer#3,2-HIGH,4,MAIL,3,0.03,3,Brand#35,4,SM PACK,36,998,70415.9379
F,F,R,DELIVER IN PERSON,1,Manufacturer#5,2-HIGH,4,AIR,5,0.05,3,Brand#55,4,MED BOX,40,998,13369.5744
F,F,R,DELIVER IN PERSON,2,Manufacturer#3,2-HIGH,4,FOB,2,0.01,9,Brand#33,4,JUMBO CASE,24,998,48273.68
F,F,A,NONE,1,Manufacturer#5,2-HIGH,4,REG AIR,6,0.04,3,Brand#53,4,SM DRUM,24,998,34225.828
F,F,R,NONE,4,Manufacturer#3,3-MEDIUM,3,MAIL,5,0.06,20,Brand#31,19,MED BOX,2,999,44217.222
F,F,R,TAKE BACK RETURN,2,Manufacturer#3,3-MEDIUM,3,SHIP,3,0.06,9,Brand#35,19,JUMBO BAG,14,999,75844.6298
F,F,A,COLLECT COD,4,Manufacturer#1,1-URGENT,0,TRUCK,7,0.06,13,Brand#13,16,WRAP CAN,8,1000,42218.55
F,F,A,TAKE BACK RETURN,1,Manufacturer#1,1-URGENT,3,REG AIR,2,0.08,3,Brand#11,23,WRAP PACK,40,1001,34371.684
F,F,A,NONE,2,Manufacturer#5,1-URGENT,3,AIR,4,0.03,18,Brand#54,23,SM JAR,26,1001,30487.077
F,F,R,COLLECT COD,4,Manufacturer#2,1-URGENT,3,MAIL,1,0,13,Brand#25,23,WRAP CASE,26,1001,47655.7056
F,F,A,COLLECT COD,0,Manufacturer#4,3-MEDIUM,3,FOB,1,0.05,15,Brand#44,7,LG CASE,17,1002,35728.5726
F,F,N,DELIVER IN PERSON,1,Manufacturer#5,4-NOT SPECIFIED,3,AIR,1,0.08,2,Brand#52,7,MED BAG,40,1003,13675.44
F,F,A,TAKE BACK RETURN,1,Manufacturer#2,4-NOT SPECIFIED,3,FOB,2,0.02,24,Brand#21,7,MED JAR,3,1003,19641.972
F,F,R,NONE,2,Manufacturer#5,2-HIGH,1,SHIP,2,0.03,9,Brand#53,2,WRAP BAG,44,1004,9470.916
F,F,A,DELIVER IN PERSON,4,Manufacturer#1,2-HIGH,1,RAIL,1,0.05,11,Brand#14,2,WRAP BOX,46,1004,13955.76
F,P,A,TAKE BACK RETURN,3,Manufacturer#3,5-LOW,1,TRUCK,2,0.07,7,Brand#35,1,MED DRUM,12,1005,31295.2705
F,P,A,DELIVER IN PERSON,3,Manufacturer#2,5-LOW,1,FOB,5,0.01,7,Brand#24,1,WRAP PACK,40,1005,36517.5538
F,P,R,COLLECT COD,2,Manufacturer#2,5-LOW,1,FOB,4,0.07,18,Brand#23,1,SM CAN,46,1005,8498.95
O,P,N,COLLECT COD,4,Manufacturer#1,5-LOW,1,REG AIR,3,0.08,4,Brand#14,1,MED PACK,9,1005,31436.883
F,P,N,COLLECT COD,2,Manufacturer#1,5-LOW,1,TRUCK,6,0.02,18,Brand#13,1,SM CAN,1,1005,16319.512
F,P,A,TAKE BACK RETURN,1,Manufacturer#2,5-LOW,1,TRUCK,1,0.04,3,Brand#25,1,WRAP CASE,4,1005,66133.0626
F,F,R,NONE,2,Manufacturer#2,4-NOT SPECIFIED,4,REG AIR,6,0,8,Brand#25,13,MED BAG,34,1006,1994.058
F,F,A,COLLECT COD,2,Manufacturer#1,4-NOT SPECIFIED,4,RAIL,4,0.06,8,Brand#11,13,JUMBO BOX,47,1006,20829.225
F,F,R,DELIVER IN PERSON,2,Manufacturer#1,4-NOT SPECIFIED,4,TRUCK,2,0.07,18,Brand#13,13,JUMBO PKG,5,1006,24560.6397
F,F,R,TAKE BACK RETURN,2,Manufacturer#5,4-NOT SPECIFIED,4,RAIL,7,0.01,9,Brand#52,13,WRAP BOX,9,1006,69529.779
F,F,A,NONE,3,Manufacturer#3,4-NOT SPECIFIED,4,AIR,3,0.01,23,Brand#31,13,LG BOX,48,1006,57192.12
F,P,R,TAKE BACK RETURN,2,Manufacturer#2,5-LOW,1,REG AIR,4,0.04,8,Brand#25,2,WRAP PACK,16,1007,41018.0778
O,P,N,COLLECT COD,3,Manufacturer#2,5-LOW,1,SHIP,2,0.02,19,Brand#22,2,LG BAG,8,1007,22565.79
F,P,R,NONE,2,Manufacturer#5,5-LOW,1,AIR,3,0.03,21,Brand#52,2,SM CAN,43,1007,12608.1998
F,P,R,COLLECT COD,4,Manufacturer#5,5-LOW,1,FOB,1,0.03,11,Brand#51,2,JUMBO CAN,26,1007,18056.61
F,F,A,DELIVER IN PERSON,4,Manufacturer#2,5-LOW,3,SHIP,5,0.08,20,Brand#23,7,JUMBO CASE,34,1008,40185.1791
F,F,R,COLLECT COD,2,Manufacturer#5,1-URGENT,3,REG AIR,6,0.02,21,Brand#52,23,MED PKG,48,1009,42299.3232
F,F,R,COLLECT COD,3,Manufacturer#3,1-URGENT,3,REG AIR,3,0,23,Brand#34,23,JUMBO BAG,38,1009,39627.654
F,F,R,DELIVER IN PERSON,3,Manufacturer#4,1-URGENT,3,FOB,5,0.07,23,Brand#43,23,LG CASE,7,1009,40879.2475
F,F,N,TAKE BACK RETURN,2,Manufacturer#2,1-URGENT,3,FOB,2,0.01,18,Brand#21,23,MED JAR,29,1009,75114.5472
F,F,A,COLLECT COD,0,Manufacturer#2,1-URGENT,3,REG AIR,7,0.01,0,Brand#25,23,SM PKG,48,1009,3488.7504
F,F,R,COLLECT COD,0,Manufacturer#5,1-URGENT,3,TRUCK,1,0.08,14,Brand#53,23,MED DRUM,38,1009,56725.9672
F,F,N,COLLECT COD,2,Manufacturer#3,1-URGENT,3,RAIL,4,0.04,18,Brand#31,23,LG DRUM,47,1009,43044.386
F,F,R,NONE,3,Manufacturer#1,3-MEDIUM,2,SHIP,6,0.03,22,Brand#13,9,MED PKG,27,1010,48348.391
F,F,R,TAKE BACK RETURN,3,Manufacturer#2,3-MEDIUM,2,FOB,7,0.06,23,Brand#25,9,SM DRUM,25,1010,66125.616
F,F,R,DELIVER IN PERSON,4,Manufacturer#5,3-MEDIUM,2,MAIL,2,0.07,20,Brand#52,9,SM PACK,37,1010,25203.36
F,F,A,COLLECT COD,1,Manufacturer#4,3-MEDIUM,2,FOB,1,0.06,17,Brand#44,9,WRAP CAN,40,1010,920.2494
F,F,R,NONE,2,Manufacturer#3,5-LOW,4,SHIP,5,0.05,18,Brand#33,20,MED BAG,21,1011,68371.5168
F,F,A,COLLECT COD,0,Manufacturer#2,5-LOW,3,MAIL,3,0.08,0,Brand#23,23,WRAP DRUM,44,1012,51785.0796
F,F,R,DELIVER IN PERSON,1,Manufacturer#1,5-LOW,3,REG AIR,6,0.06,3,Brand#11,23,LG BOX,36,1012,65008.1158
F,F,R,COLLECT COD,4,Manufacturer#2,5-LOW,3,MAIL,2,0.03,11,Brand#25,23,SM DRUM,30,1012,34551.3168
F,F,A,NONE,3,Manufacturer#5,5-LOW,3,RAIL,4,0.07,22,Brand#51,7,MED BOX,5,1008,36102.1293
F,F,N,COLLECT COD,1,Manufacturer#2,5-LOW,3,REG AIR,1,0.02,2,Brand#21,7,MED CASE,43,1008,14380.929
F,F,R,COLLECT COD,4,Manufacturer#3,5-LOW,3,MAIL,3,0.04,4,Brand#32,7,JUMBO CASE,33,1008,41650.0468
F,F,N,COLLECT COD,0,Manufacturer#5,5-LOW,3,TRUCK,2,0.07,15,Brand#54,7,LG DRUM,32,1008,50258.61
F,F,A,DELIVER IN PERSON,0,Manufacturer#3,3-MEDIUM,3,SHIP,4,0.07,5,Brand#35,7,MED CAN,50,1013,7385.98
F,F,N,TAKE BACK RETURN,1,Manufacturer#2,2-HIGH,3,REG AIR,2,0,2,Brand#21,6,LG CASE,32,1014,41845.2
F,F,R,TAKE BACK RETURN,1,Manufacturer#4,2-HIGH,3,REG AIR,1,0.01,17,Brand#42,6,MED BAG,40,1014,44333.3556
F,F,A,DELIVER IN PERSON,4,Manufacturer#1,3-MEDIUM,3,TRUCK,1,0.03,11,Brand#13,7,LG PACK,1,1013,47914.6892
F,F,R,NONE,4,Manufacturer#1,3-MEDIUM,3,SHIP,3,0.02,11,Brand#12,7,JUMBO JAR,10,1013,76620.41
F,F,R,TAKE BACK RETURN,3,Manufacturer#4,3-MEDIUM,3,AIR,2,0.03,19,Brand#43,7,MED DRUM,38,1013,43718.9952
F,P,A,NONE,0,Manufacturer#3,4-NOT SPECIFIED,3,REG AIR,1,0.07,16,Brand#33,22,JUMBO CAN,32,1015,26068.4352
F,P,R,TAKE BACK RETURN,1,Manufacturer#4,4-NOT SPECIFIED,3,MAIL,2,0.01,24,Brand#44,22,JUMBO DRUM,1,1015,8682.672
O,P,N,TAKE BACK RETURN,4,Manufacturer#3,4-NOT SPECIFIED,3,FOB,5,0.08,11,Brand#33,22,WRAP CAN,43,1015,36729.504
F,P,A,DELIVER IN PERSON,3,Manufacturer#2,4-NOT SPECIFIED,3,MAIL,7,0.03,19,Brand#25,22,MED CAN,8,1015,2144.4332
F,P,R,TAKE BACK RETURN,4,Manufacturer#1,4-NOT SPECIFIED,3,AIR,3,0.04,11,Brand#13,22,WRAP CASE,14,1015,47169.32
F,P,A,TAKE BACK RETURN,3,Manufacturer#5,4-NOT SPECIFIED,3,FOB,4,0.02,22,Brand#54,22,JUMBO PKG,36,1015,35433.4162
F,P,A,COLLECT COD,3,Manufacturer#3,4-NOT SPECIFIED,3,FOB,6,0.02,19,Brand#33,22,SM BAG,21,1015,28645.7975
F,F,R,NONE,1,Manufacturer#4,4-NOT SPECIFIED,2,FOB,1,0.06,17,Brand#41,18,WRAP JAR,37,1016,33680.28
F,F,R,COLLECT COD,3,Manufacturer#5,4-NOT SPECIFIED,1,MAIL,2,0.08,6,Brand#53,3,SM PKG,50,1017,39741.273
F,F,A,DELIVER IN PERSON,0,Manufacturer#2,4-NOT SPECIFIED,2,REG AIR,2,0.03,14,Brand#24,18,SM DRUM,20,1016,22525.2664
F,F,R,DELIVER IN PERSON,2,Manufacturer#5,1-URGENT,2,MAIL,2,0.05,12,Brand#53,18,SM CAN,41,1018,35471.13
F,F,R,DELIVER IN PERSON,2,Manufacturer#1,1-URGENT,2,MAIL,3,0.04,12,Brand#15,18,LG PACK,2,1018,34120.7216
F,F,N,TAKE BACK RETURN,2,Manufacturer#1,1-URGENT,2,MAIL,1,0.07,21,Brand#12,18,LG PKG,14,1018,69172.005
F,F,N,COLLECT COD,2,Manufacturer#4,1-URGENT,2,REG AIR,5,0.05,18,Brand#42,18,MED DRUM,43,1018,53208.76
F,F,R,NONE,2,Manufacturer#5,1-URGENT,0,SHIP,6,0.03,9,Brand#54,0,MED CASE,14,1019,45534.225
F,F,N,COLLECT COD,3,Manufacturer#1,4-NOT SPECIFIED,2,SHIP,6,0.02,7,Brand#14,18,MED CASE,40,1020,8915.9868
F,F,A,TAKE BACK RETURN,2,Manufacturer#1,4-NOT SPECIFIED,2,SHIP,3,0.05,9,Brand#15,18,MED CASE,8,1020,34251.7824
F,F,A,NONE,2,Manufacturer#5,4-NOT SPECIFIED,2,TRUCK,4,0.03,8,Brand#55,18,LG BOX,45,1020,16933.53
F,F,R,DELIVER IN PERSON,2,Manufacturer#1,4-NOT SPECIFIED,2,SHIP,5,0.08,8,Brand#15,18,LG CASE,28,1020,41344.1284
F,F,R,NONE,3,Manufacturer#4,4-NOT SPECIFIED,2,TRUCK,1,0.02,22,Brand#41,18,LG BOX,50,1020,6237.8316
F,F,A,TAKE BACK RETURN,2,Manufacturer#3,4-NOT SPECIFIED,2,SHIP,7,0.05,9,Brand#32,18,MED PKG,49,1020,38760.525
F,F,R,TAKE BACK RETURN,1,Manufacturer#5,4-NOT SPECIFIED,2,MAIL,2,0.02,24,Brand#52,18,WRAP BOX,19,1020,31909.8996
F,F,A,TAKE BACK RETURN,0,Manufacturer#5,4-NOT SPECIFIED,1,AIR,1,0.08,14,Brand#54,24,SM PACK,11,1021,39355.498
F,F,N,COLLECT COD,2,Manufacturer#1,2-HIGH,4,RAIL,1,0.08,18,Brand#14,13,SM CAN,38,1022,23963.742
F,F,A,TAKE BACK RETURN,2,Manufacturer#3,2-HIGH,4,MAIL,6,0.03,8,Brand#33,13,MED PACK,36,1022,7985.871
F,F,A,COLLECT COD,1,Manufacturer#4,2-HIGH,4,TRUCK,2,0.08,2,Brand#42,13,MED BOX,15,1022,28853.8848
F,F,R,NONE,1,Manufacturer#1,2-HIGH,4,REG AIR,3,0.02,1,Brand#11,13,MED BOX,36,1022,50893.3854
F,F,A,TAKE BACK RETURN,0,Manufacturer#5,2-HIGH,4,AIR,4,0,16,Brand#54,13,WRAP PACK,17,1022,35277.984
F,P,R,TAKE BACK RETURN,4,Manufacturer#3,2-HIGH,1,RAIL,1,0.04,20,Brand#34,3,MED BOX,37,1023,25673.0474
F,P,A,COLLECT COD,2,Manufacturer#2,2-HIGH,1,FOB,3,0.05,8,Brand#24,3,LG PACK,17,1023,41240.3355
F,P,R,COLLECT COD,1,Manufacturer#5,2-HIGH,1,MAIL,4,0.07,1,Brand#51,3,SM PKG,47,1023,74634.2325
O,P,N,NONE,0,Manufacturer#1,2-HIGH,1,TRUCK,2,0.01,15,Brand#12,3,SM BAG,8,1023,59502.96
F,F,R,DELIVER IN PERSON,4,Manufacturer#3,2-HIGH,1,TRUCK,5,0.04,13,Brand#32,24,WRAP BOX,27,1024,11579.472
F,F,R,COLLECT COD,4,Manufacturer#1,2-HIGH,1,SHIP,1,0.01,4,Brand#12,1,JUMBO CAN,37,1025,67222.8018
F,F,A,DELIVER IN PERSON,3,Manufacturer#1,2-HIGH,1,RAIL,2,0.06,23,Brand#12,1,LG BAG,32,1025,36843.309
F,F,R,TAKE BACK RETURN,2,Manufacturer#5,2-HIGH,1,AIR,4,0.06,21,Brand#55,1,LG BAG,25,1025,32482.575
F,F,A,NONE,2,Manufacturer#2,2-HIGH,1,MAIL,3,0.02,18,Brand#25,1,LG PACK,45,1025,46766.29
F,F,R,DELIVER IN PERSON,3,Manufacturer#5,3-MEDIUM,1,MAIL,1,0.05,6,Brand#53,24,SM CASE,7,1026,72517.3344
F,F,A,COLLECT COD,1,Manufacturer#1,4-NOT SPECIFIED,2,MAIL,6,0.02,2,Brand#15,8,MED CAN,43,1027,55468.1952
F,F,A,DELIVER IN PERSON,4,Manufacturer#5,4-NOT SPECIFIED,2,FOB,1,0.08,11,Brand#55,8,WRAP PKG,31,1027,2594.7648
F,F,N,TAKE BACK RETURN,3,Manufacturer#3,4-NOT SPECIFIED,2,FOB,4,0.08,7,Brand#35,8,LG PACK,22,1027,13379.6704
F,F,R,COLLECT COD,3,Manufacturer#5,4-NOT SPECIFIED,2,SHIP,2,0.08,19,Brand#52,8,JUMBO PACK,11,1027,40582.192
F,F,A,DELIVER IN PERSON,1,Manufacturer#4,1-URGENT,0,TRUCK,2,0.07,1,Brand#43,0,WRAP DRUM,28,1019,33116.0328
F,F,R,COLLECT COD,4,Manufacturer#4,1-URGENT,0,REG AIR,4,0.05,13,Brand#43,0,JUMBO PACK,14,1019,10939.851
F,F,R,DELIVER IN PERSON,1,Manufacturer#3,1-URGENT,0,SHIP,3,0.02,1,Brand#31,0,JUMBO BAG,45,1019,31151.652
F,F,N,TAKE BACK RETURN,1,Manufacturer#4,2-HIGH,0,AIR,3,0,17,Brand#44,5,SM PKG,26,1028,37282.7862
F,F,R,NONE,0,Manufacturer#3,4-NOT SPECIFIED,0,MAIL,1,0.03,5,Brand#31,5,SM PKG,15,1029,7641.5157
F,F,A,COLLECT COD,2,Manufacturer#4,4-NOT SPECIFIED,0,FOB,5,0.08,18,Brand#42,5,JUMBO CAN,15,1029,43465.212
F,F,R,DELIVER IN PERSON,2,Manufacturer#3,4-NOT SPECIFIED,0,REG AIR,4,0,18,Brand#32,5,JUMBO BAG,2,1029,37723.3948
F,F,A,NONE,1,Manufacturer#2,4-NOT SPECIFIED,0,TRUCK,3,0.06,24,Brand#24,5,LG JAR,37,1029,32931.8298
F,F,R,COLLECT COD,2,Manufacturer#4,2-HIGH,0,FOB,4,0,18,Brand#42,5,WRAP JAR,11,1028,36706.2528
F,F,N,COLLECT COD,4,Manufacturer#5,2-HIGH,0,MAIL,2,0.04,11,Brand#53,5,WRAP BAG,31,1028,33264.9644
F,F,R,DELIVER IN PERSON,2,Manufacturer#5,2-HIGH,0,RAIL,1,0.07,8,Brand#53,5,LG CASE,44,1028,36665.6832
F,F,A,NONE,0,Manufacturer#5,1-URGENT,4,REG AIR,1,0.07,16,Brand#55,13,SM DRUM,41,1030,18602.14
F,F,R,COLLECT COD,0,Manufacturer#3,4-NOT SPECIFIED,0,SHIP,1,0.06,14,Brand#32,0,MED JAR,24,1031,7249.6305
F,F,R,COLLECT COD,2,Manufacturer#4,2-HIGH,2,MAIL,3,0.02,8,Brand#42,21,JUMBO PACK,19,1032,45628.695
F,F,A,DELIVER IN PERSON,3,Manufacturer#1,3-MEDIUM,4,REG AIR,3,0.02,22,Brand#15,13,MED BAG,32,1033,3941.0064
F,F,R,TAKE BACK RETURN,3,Manufacturer#1,3-MEDIUM,4,SHIP,1,0.01,19,Brand#13,4,SM CAN,50,1034,18843.4944
F,F,R,COLLECT COD,2,Manufacturer#1,3-MEDIUM,4,AIR,2,0,8,Brand#11,4,MED CASE,5,1034,29882.016
F,F,R,TAKE BACK RETURN,3,Manufacturer#5,3-MEDIUM,4,SHIP,5,0,7,Brand#52,4,WRAP BOX,40,1034,14980.9205
F,F,A,COLLECT COD,4,Manufacturer#2,3-MEDIUM,4,AIR,4,0.01,20,Brand#24,4,MED BOX,4,1034,11554.8888
F,F,R,DELIVER IN PERSON,4,Manufacturer#1,3-MEDIUM,4,FOB,3,0.05,11,Brand#13,4,WRAP JAR,1,1034,19629.832
F,F,A,TAKE BACK RETURN,0,Manufacturer#4,3-MEDIUM,4,SHIP,2,0.03,5,Brand#42,13,SM BAG,34,1033,8199
F,F,A,DELIVER IN PERSON,2,Manufacturer#5,3-MEDIUM,4,RAIL,5,0.05,8,Brand#55,13,JUMBO DRUM,24,1033,8741.978
F,F,A,NONE,3,Manufacturer#5,1-URGENT,1,AIR,2,0.03,6,Brand#54,24,SM PACK,5,1035,14724.658
F,F,R,COLLECT COD,2,Manufacturer#2,1-URGENT,1,RAIL,1,0,9,Brand#24,24,LG CASE,20,1035,41636.0142
F,F,A,COLLECT COD,2,Manufacturer#4,3-MEDIUM,4,RAIL,4,0.01,9,Brand#41,13,WRAP CAN,44,1033,71636.84
F,F,R,TAKE BACK RETURN,1,Manufacturer#3,3-MEDIUM,4,REG AIR,1,0,24,Brand#35,13,JUMBO CAN,21,1033,29945.824
F,F,A,COLLECT COD,1,Manufacturer#5,5-LOW,0,REG AIR,1,0.01,2,Brand#53,0,LG CASE,37,1036,21680.9496
F,F,A,TAKE BACK RETURN,0,Manufacturer#5,2-HIGH,4,MAIL,4,0.04,16,Brand#51,11,MED BAG,26,1037,50450.592
F,F,R,COLLECT COD,0,Manufacturer#5,2-HIGH,4,MAIL,1,0.06,0,Brand#53,11,JUMBO CAN,44,1037,40944.573
F,F,A,COLLECT COD,1,Manufacturer#3,2-HIGH,4,AIR,2,0.04,3,Brand#35,11,SM BOX,34,1037,32078.916
F,F,R,COLLECT COD,3,Manufacturer#4,4-NOT SPECIFIED,2,RAIL,1,0,19,Brand#41,18,WRAP PKG,5,1038,52977.5554
F,F,A,NONE,2,Manufacturer#4,1-URGENT,1,TRUCK,3,0.06,8,Brand#42,24,JUMBO DRUM,1,1039,11515.9275
F,F,A,NONE,1,Manufacturer#5,1-URGENT,1,MAIL,5,0.04,2,Brand#52,24,MED JAR,20,1039,8671.171
F,F,A,DELIVER IN PERSON,1,Manufacturer#1,1-URGENT,1,AIR,2,0.08,1,Brand#11,24,SM CASE,17,1039,52646.9931
F,F,A,NONE,4,Manufacturer#2,1-URGENT,1,SHIP,1,0.04,4,Brand#22,24,MED CASE,49,1039,60894.7264
F,F,R,NONE,2,Manufacturer#5,2-HIGH,1,RAIL,6,0,12,Brand#51,2,WRAP DRUM,21,1040,22887.9105
F,F,A,DELIVER IN PERSON,3,Manufacturer#2,2-HIGH,1,MAIL,4,0.08,19,Brand#25,2,LG BOX,49,1040,10865.7
F,F,R,DELIVER IN PERSON,2,Manufacturer#1,1-URGENT,2,FOB,4,0.05,9,Brand#13,18,LG PKG,32,1041,25596.0192
F,F,R,TAKE BACK RETURN,4,Manufacturer#2,4-NOT SPECIFIED,1,TRUCK,4,0.04,20,Brand#22,24,MED PKG,11,1042,38534.4258
F,F,N,TAKE BACK RETURN,2,Manufacturer#5,3-MEDIUM,2,AIR,3,0.02,21,Brand#54,8,MED CAN,22,1043,19931.2204
F,F,A,COLLECT COD,4,Manufacturer#4,3-MEDIUM,2,AIR,7,0.01,11,Brand#45,8,WRAP CAN,29,1043,55550.286
F,F,A,TAKE BACK RETURN,2,Manufacturer#1,3-MEDIUM,2,FOB,2,0.07,12,Brand#12,8,MED CAN,26,1043,25910.9555
F,F,R,DELIVER IN PERSON,4,Manufacturer#2,3-MEDIUM,2,SHIP,4,0.08,10,Brand#24,8,LG CASE,25,1043,65244.7899
F,F,N,COLLECT COD,4,Manufacturer#2,3-MEDIUM,2,AIR,1,0.08,11,Brand#23,8,JUMBO BOX,49,1043,16090.986
F,F,R,TAKE BACK RETURN,0,Manufacturer#1,3-MEDIUM,2,FOB,6,0,16,Brand#13,8,SM DRUM,10,1043,12243.434
F,F,A,DELIVER IN PERSON,4,Manufacturer#3,3-MEDIUM,2,RAIL,5,0.03,4,Brand#32,8,WRAP PACK,35,1043,8104.1688
F,F,R,NONE,4,Manufacturer#3,1-URGENT,2,TRUCK,2,0.04,4,Brand#35,18,MED DRUM,4,1041,50669.3088
F,F,R,DELIVER IN PERSON,1,Manufacturer#3,3-MEDIUM,1,RAIL,4,0.01,1,Brand#35,1,SM CASE,13,1044,48184.4928
F,F,R,TAKE BACK RETURN,3,Manufacturer#1,2-HIGH,1,FOB,5,0.08,7,Brand#12,1,LG CAN,12,1045,68563.9844
F,F,A,COLLECT COD,0,Manufacturer#3,1-URGENT,4,RAIL,1,0.01,0,Brand#32,13,SM PKG,39,1046,47240.4065
F,F,R,COLLECT COD,4,Manufacturer#5,3-MEDIUM,1,RAIL,2,0.04,11,Brand#52,1,WRAP CASE,4,1044,60566.0055
F,F,A,TAKE BACK RETURN,0,Manufacturer#1,5-LOW,1,MAIL,1,0.02,14,Brand#15,1,WRAP DRUM,2,1047,32130.387
F,F,A,NONE,4,Manufacturer#1,5-LOW,2,TRUCK,3,0.07,20,Brand#12,18,MED JAR,29,1048,61609.072
F,P,A,DELIVER IN PERSON,1,Manufacturer#3,5-LOW,2,FOB,1,0.07,2,Brand#33,12,MED PACK,17,1049,5558.0709
F,P,R,NONE,3,Manufacturer#2,5-LOW,2,TRUCK,4,0.01,7,Brand#24,12,SM DRUM,23,1049,74958.75
O,P,N,COLLECT COD,2,Manufacturer#3,5-LOW,2,FOB,2,0.02,9,Brand#35,12,LG BOX,34,1049,61798.032
F,P,A,DELIVER IN PERSON,4,Manufacturer#4,5-LOW,2,FOB,3,0.05,10,Brand#42,12,WRAP DRUM,44,1049,80072.8929
F,F,A,COLLECT COD,3,Manufacturer#5,5-LOW,1,MAIL,3,0.02,7,Brand#52,1,SM CAN,38,1047,19563.39
F,F,A,COLLECT COD,4,Manufacturer#5,5-LOW,1,TRUCK,2,0.08,13,Brand#54,1,JUMBO PKG,6,1047,12126.66
F,F,A,DELIVER IN PERSON,1,Manufacturer#5,5-LOW,3,FOB,5,0.07,17,Brand#55,6,MED CASE,2,1050,10248.273
F,F,A,NONE,0,Manufacturer#5,5-LOW,3,MAIL,1,0.05,15,Brand#54,23,MED DRUM,36,1051,37120.908
F,F,R,TAKE BACK RETURN,3,Manufacturer#4,5-LOW,3,MAIL,2,0,6,Brand#41,23,WRAP JAR,30,1051,48014.208
F,F,R,NONE,2,Manufacturer#2,1-URGENT,2,MAIL,3,0.04,9,Brand#24,21,MED JAR,18,1052,24027.2084
F,P,R,NONE,0,Manufacturer#5,3-MEDIUM,0,SHIP,4,0.07,15,Brand#53,5,MED DRUM,21,1053,37010.974
F,P,N,TAKE BACK RETURN,2,Manufacturer#2,3-MEDIUM,0,REG AIR,2,0.08,21,Brand#25,5,SM JAR,5,1053,35399.793
O,P,N,TAKE BACK RETURN,4,Manufacturer#3,3-MEDIUM,0,RAIL,3,0.06,13,Brand#34,5,MED JAR,43,1053,17368.2894
F,P,N,NONE,1,Manufacturer#5,3-MEDIUM,0,MAIL,1,0.02,1,Brand#54,5,MED PKG,12,1053,71011.548
F,F,A,NONE,2,Manufacturer#2,2-HIGH,0,REG AIR,3,0.02,21,Brand#21,5,LG BOX,4,1054,31607.704
F,F,A,NONE,0,Manufacturer#2,5-LOW,0,AIR,2,0.02,14,Brand#24,16,MED CAN,22,1055,54673.5456
F,F,R,DELIVER IN PERSON,0,Manufacturer#1,5-LOW,0,FOB,1,0.08,16,Brand#14,16,MED BOX,50,1055,54527.8866
F,F,A,NONE,2,Manufacturer#4,1-URGENT,3,AIR,3,0.01,9,Brand#41,6,LG CAN,5,1056,47047.2275
F,F,A,TAKE BACK RETURN,3,Manufacturer#5,3-MEDIUM,0,SHIP,2,0.03,22,Brand#55,16,WRAP CAN,14,1057,54388.432
F,F,A,COLLECT COD,4,Manufacturer#3,3-MEDIUM,0,TRUCK,4,0.02,4,Brand#31,16,SM JAR,47,1057,22682.922
F,F,R,DELIVER IN PERSON,4,Manufacturer#5,3-MEDIUM,0,SHIP,3,0.05,13,Brand#51,16,LG PKG,25,1057,6176.8525
F,F,A,COLLECT COD,3,Manufacturer#3,3-MEDIUM,0,MAIL,1,0.07,22,Brand#32,16,SM CASE,42,1057,8360.172
F,F,A,DELIVER IN PERSON,1,Manufacturer#2,4-NOT SPECIFIED,4,REG AIR,1,0.04,3,Brand#21,10,JUMBO BOX,13,1058,59198.92
F,F,R,COLLECT COD,1,Manufacturer#4,5-LOW,3,RAIL,1,0.08,2,Brand#44,6,MED BAG,4,1050,6948.2168
F,F,A,TAKE BACK RETURN,1,Manufacturer#2,5-LOW,3,RAIL,4,0.04,1,Brand#21,6,WRAP PACK,49,1050,42131.4439
F,F,N,DELIVER IN PERSON,2,Manufacturer#5,5-LOW,0,REG AIR,4,0.01,21,Brand#55,15,MED CAN,32,1059,35036.51
F,F,A,DELIVER IN PERSON,2,Manufacturer#5,5-LOW,2,RAIL,4,0,9,Brand#53,18,SM JAR,20,1060,31039.848
F,F,A,NONE,0,Manufacturer#1,5-LOW,2,AIR,3,0.01,0,Brand#15,18,JUMBO BOX,21,1060,859.0764
F,F,A,DELIVER IN PERSON,2,Manufacturer#3,5-LOW,2,RAIL,5,0.03,21,Brand#33,18,SM BOX,41,1060,44105.27
F,F,A,DELIVER IN PERSON,2,Manufacturer#4,5-LOW,2,REG AIR,2,0.01,12,Brand#41,18,WRAP PKG,4,1060,66156.3765
F,F,R,NONE,2,Manufacturer#4,5-LOW,2,RAIL,1,0.01,9,Brand#44,18,LG CAN,12,1060,8118.9492
F,F,R,COLLECT COD,3,Manufacturer#4,5-LOW,0,TRUCK,1,0.01,7,Brand#44,15,LG BAG,42,1059,34517.2569
F,F,N,TAKE BACK RETURN,1,Manufacturer#1,5-LOW,0,TRUCK,2,0.05,17,Brand#13,15,MED JAR,13,1059,19022.9787
F,F,R,COLLECT COD,2,Manufacturer#1,1-URGENT,0,TRUCK,1,0.04,18,Brand#15,0,LG DRUM,45,1061,15160.302
O,P,N,NONE,1,Manufacturer#3,4-NOT SPECIFIED,4,AIR,3,0.03,1,Brand#35,10,JUMBO CASE,24,1062,27245.952
F,P,R,NONE,1,Manufacturer#3,4-NOT SPECIFIED,4,RAIL,7,0.04,3,Brand#33,10,MED DRUM,29,1062,26920.944
F,P,R,COLLECT COD,0,Manufacturer#5,4-NOT SPECIFIED,4,SHIP,6,0.02,15,Brand#52,10,MED PACK,14,1062,18303.609
F,P,R,TAKE BACK RETURN,3,Manufacturer#1,4-NOT SPECIFIED,4,FOB,1,0.08,6,Brand#11,10,LG PACK,1,1062,8838.3141
F,P,N,NONE,0,Manufacturer#4,4-NOT SPECIFIED,4,MAIL,2,0.01,15,Brand#43,10,JUMBO PACK,28,1062,11843
O,P,N,COLLECT COD,1,Manufacturer#1,4-NOT SPECIFIED,4,SHIP,4,0.06,17,Brand#13,10,SM CASE,16,1062,38825.4048
F,P,A,COLLECT COD,4,Manufacturer#5,4-NOT SPECIFIED,4,MAIL,5,0.04,11,Brand#51,10,MED BAG,27,1062,12682.2
F,F,R,NONE,0,Manufacturer#4,2-HIGH,0,MAIL,1,0.08,0,Brand#41,14,LG BAG,5,1063,74165.616
F,F,A,COLLECT COD,4,Manufacturer#1,5-LOW,2,TRUCK,1,0.03,4,Brand#12,21,WRAP PKG,40,1064,40396.968
F,F,A,DELIVER IN PERSON,4,Manufacturer#2,3-MEDIUM,4,FOB,3,0.05,11,Brand#24,11,WRAP BOX,45,1065,63763.68
F,F,R,COLLECT COD,1,Manufacturer#1,3-MEDIUM,4,REG AIR,1,0.02,3,Brand#15,11,JUMBO CASE,44,1065,28409.3662
F,F,R,DELIVER IN PERSON,1,Manufacturer#5,3-MEDIUM,4,REG AIR,5,0.08,24,Brand#55,11,JUMBO JAR,4,1065,2503.6256
F,P,R,TAKE BACK RETURN,4,Manufacturer#1,5-LOW,2,RAIL,1,0.08,13,Brand#15,12,MED JAR,19,1066,33403.383
O,P,N,COLLECT COD,4,Manufacturer#4,5-LOW,2,REG AIR,2,0.04,20,Brand#44,12,WRAP BAG,3,1066,67680.1818
F,F,R,NONE,1,Manufacturer#5,1-URGENT,3,TRUCK,1,0.07,17,Brand#54,7,WRAP JAR,4,1067,19151.3344
F,F,A,TAKE BACK RETURN,2,Manufacturer#1,1-URGENT,4,AIR,6,0.05,18,Brand#11,10,JUMBO BAG,24,1068,5039.4162
F,F,R,DELIVER IN PERSON,4,Manufacturer#4,2-HIGH,4,RAIL,2,0.03,20,Brand#43,11,SM DRUM,42,1069,45299.052
F,F,A,COLLECT COD,4,Manufacturer#3,2-HIGH,4,TRUCK,4,0.04,20,Brand#35,11,SM CASE,20,1069,48204.288
F,F,A,TAKE BACK RETURN,1,Manufacturer#3,4-NOT SPECIFIED,3,MAIL,1,0.02,2,Brand#33,6,JUMBO CAN,15,1070,27767.859
F,F,R,TAKE BACK RETURN,1,Manufacturer#5,4-NOT SPECIFIED,3,AIR,2,0.05,24,Brand#53,6,MED CASE,50,1070,13544.0802
F,F,N,NONE,4,Manufacturer#1,4-NOT SPECIFIED,3,TRUCK,3,0.02,13,Brand#15,6,MED CAN,19,1070,48782.304
F,F,A,NONE,1,Manufacturer#2,1-URGENT,3,SHIP,4,0.08,17,Brand#21,7,JUMBO JAR,28,1067,3017.1032
F,F,A,DELIVER IN PERSON,4,Manufacturer#4,1-URGENT,3,REG AIR,5,0,20,Brand#42,7,SM DRUM,40,1067,58043.904
F,F,R,DELIVER IN PERSON,2,Manufacturer#5,1-URGENT,3,MAIL,3,0.01,18,Brand#53,7,JUMBO PKG,32,1067,33800.5332
F,F,R,TAKE BACK RETURN,1,Manufacturer#2,5-LOW,3,FOB,5,0.07,3,Brand#22,22,MED PACK,15,1071,40665.924
F,F,R,NONE,1,Manufacturer#4,2-HIGH,3,AIR,3,0.04,1,Brand#44,23,WRAP BAG,6,1072,13631.0688
F,F,A,DELIVER IN PERSON,0,Manufacturer#2,2-HIGH,3,REG AIR,1,0,0,Brand#23,23,MED JAR,33,1072,28127.088
F,F,R,DELIVER IN PERSON,3,Manufacturer#4,2-HIGH,3,SHIP,2,0,22,Brand#44,23,WRAP BOX,19,1072,7693.686
F,P,N,TAKE BACK RETURN,0,Manufacturer#1,1-URGENT,0,TRUCK,4,0.04,5,Brand#13,14,LG BAG,23,1073,39676.8024
O,P,N,DELIVER IN PERSON,3,Manufacturer#1,1-URGENT,0,FOB,2,0.08,7,Brand#13,14,LG DRUM,34,1073,46599.78
F,P,N,DELIVER IN PERSON,1,Manufacturer#2,1-URGENT,0,AIR,1,0.05,24,Brand#25,14,MED DRUM,25,1073,64837.66
F,P,A,NONE,4,Manufacturer#1,1-URGENT,0,TRUCK,3,0.07,13,Brand#14,14,WRAP BAG,2,1073,51760.17
F,F,R,TAKE BACK RETURN,0,Manufacturer#5,5-LOW,1,FOB,4,0.06,5,Brand#55,1,MED JAR,36,1074,33702.8076
F,F,A,NONE,4,Manufacturer#3,5-LOW,1,RAIL,1,0.02,20,Brand#33,1,LG PACK,29,1074,40931.472
F,F,A,NONE,4,Manufacturer#1,5-LOW,1,RAIL,2,0,13,Brand#14,1,JUMBO DRUM,27,1074,24494.7456
F,F,A,NONE,0,Manufacturer#2,5-LOW,1,MAIL,3,0.07,5,Brand#22,1,WRAP BAG,8,1074,22199.3856
F,P,R,DELIVER IN PERSON,4,Manufacturer#3,2-HIGH,0,AIR,2,0.06,10,Brand#34,5,WRAP BAG,30,1075,4971.057
O,P,N,NONE,3,Manufacturer#1,2-HIGH,0,FOB,1,0.05,7,Brand#11,5,MED CASE,5,1075,30193.287
F,F,A,DELIVER IN PERSON,3,Manufacturer#2,5-LOW,0,FOB,5,0.03,23,Brand#22,5,MED CAN,36,1076,40282.146
F,F,N,DELIVER IN PERSON,1,Manufacturer#5,5-LOW,0,AIR,4,0,1,Brand#53,5,LG BOX,10,1076,11841.7816
F,F,A,COLLECT COD,1,Manufacturer#5,5-LOW,0,MAIL,2,0,3,Brand#53,5,SM BAG,27,1076,18257.14
F,F,N,NONE,3,Manufacturer#3,5-LOW,0,MAIL,1,0.08,19,Brand#35,5,MED CASE,34,1076,67311.8985
F,F,N,TAKE BACK RETURN,3,Manufacturer#5,5-LOW,0,MAIL,3,0.08,22,Brand#51,5,JUMBO JAR,2,1076,61604.991
F,F,A,DELIVER IN PERSON,1,Manufacturer#5,1-URGENT,3,SHIP,3,0.08,17,Brand#54,6,WRAP BOX,20,1077,12651.1488
F,F,R,TAKE BACK RETURN,3,Manufacturer#5,1-URGENT,3,SHIP,1,0.03,7,Brand#52,6,LG JAR,19,1077,72938.6658
F,F,R,COLLECT COD,2,Manufacturer#2,1-URGENT,3,SHIP,2,0.04,21,Brand#22,6,JUMBO BOX,20,1077,20124.72
F,F,R,DELIVER IN PERSON,0,Manufacturer#2,1-URGENT,3,RAIL,4,0,5,Brand#25,6,LG DRUM,7,1077,10758.657
F,F,R,TAKE BACK RETURN,4,Manufacturer#3,5-LOW,3,RAIL,1,0.03,4,Brand#35,22,LG CAN,36,1071,1843.9506
F,F,A,DELIVER IN PERSON,3,Manufacturer#2,5-LOW,3,REG AIR,6,0.02,22,Brand#23,22,WRAP CASE,37,1071,62158.656
F,F,R,TAKE BACK RETURN,1,Manufacturer#2,2-HIGH,2,AIR,4,0.07,3,Brand#24,21,WRAP CASE,21,1078,44430.8112
F,F,R,NONE,1,Manufacturer#2,1-URGENT,2,MAIL,1,0.08,1,Brand#21,8,MED BOX,17,1079,53740.26
F,F,A,DELIVER IN PERSON,3,Manufacturer#1,1-URGENT,2,FOB,3,0.04,7,Brand#15,8,LG CASE,35,1079,19606.4739
F,P,R,TAKE BACK RETURN,3,Manufacturer#2,4-NOT SPECIFIED,0,TRUCK,3,0.07,23,Brand#25,16,SM PKG,24,1080,6121.752
F,P,R,NONE,0,Manufacturer#2,4-NOT SPECIFIED,0,MAIL,2,0.08,16,Brand#21,16,WRAP DRUM,26,1080,66793.86
F,P,A,NONE,4,Manufacturer#2,4-NOT SPECIFIED,0,TRUCK,1,0.07,13,Brand#23,16,WRAP BAG,18,1080,46999.04
O,P,N,NONE,1,Manufacturer#5,4-NOT SPECIFIED,0,TRUCK,4,0.07,1,Brand#53,16,MED JAR,19,1080,15722.8368
F,F,A,TAKE BACK RETURN,2,Manufacturer#4,2-HIGH,2,FOB,2,0.05,21,Brand#44,21,MED DRUM,25,1078,24020.4272
F,F,R,COLLECT COD,1,Manufacturer#3,2-HIGH,3,TRUCK,1,0,17,Brand#33,22,SM BAG,19,1081,20461.6368
F,F,A,COLLECT COD,2,Manufacturer#1,3-MEDIUM,0,SHIP,3,0.06,8,Brand#15,14,SM CAN,22,1082,48035.88
F,F,N,COLLECT COD,3,Manufacturer#4,3-MEDIUM,0,REG AIR,2,0.03,23,Brand#41,14,JUMBO CASE,1,1082,1719.2352
F,F,R,COLLECT COD,0,Manufacturer#4,4-NOT SPECIFIED,2,FOB,1,0,0,Brand#42,9,WRAP CASE,29,1083,4381.9692
F,F,A,TAKE BACK RETURN,4,Manufacturer#1,4-NOT SPECIFIED,2,AIR,5,0.07,4,Brand#11,9,MED JAR,20,1083,82771.227
F,F,R,NONE,2,Manufacturer#4,4-NOT SPECIFIED,2,MAIL,4,0,21,Brand#44,9,JUMBO CASE,21,1083,20961.213
F,F,R,COLLECT COD,1,Manufacturer#4,4-NOT SPECIFIED,2,TRUCK,2,0.07,17,Brand#43,9,WRAP CASE,36,1083,45035.5598
F,F,R,COLLECT COD,0,Manufacturer#2,3-MEDIUM,4,SHIP,4,0.05,16,Brand#22,4,MED DRUM,20,1084,10067.8578
F,F,A,NONE,0,Manufacturer#4,5-LOW,0,MAIL,2,0.03,5,Brand#41,0,LG BAG,16,1085,1980.047
F,F,R,COLLECT COD,1,Manufacturer#1,5-LOW,0,FOB,1,0.06,1,Brand#13,0,SM PACK,4,1085,50226.3426
F,F,R,TAKE BACK RETURN,4,Manufacturer#2,5-LOW,0,RAIL,5,0.08,20,Brand#21,0,LG BAG,42,1085,48312.0396
F,F,A,NONE,0,Manufacturer#2,5-LOW,0,REG AIR,3,0.01,15,Brand#21,0,WRAP DRUM,30,1085,29989.332
F,F,R,COLLECT COD,1,Manufacturer#5,5-LOW,0,SHIP,6,0.03,2,Brand#54,0,SM DRUM,9,1085,19129.4136
F,F,R,NONE,2,Manufacturer#2,3-MEDIUM,1,FOB,1,0.05,18,Brand#24,17,WRAP PKG,17,1086,13517.7768
F,F,A,DELIVER IN PERSON,2,Manufacturer#5,3-MEDIUM,1,RAIL,2,0.02,8,Brand#51,17,MED PKG,38,1086,70016.805
F,F,R,COLLECT COD,3,Manufacturer#1,3-MEDIUM,1,SHIP,7,0.04,6,Brand#13,17,LG DRUM,34,1086,7015.44
F,F,R,NONE,1,Manufacturer#4,2-HIGH,0,TRUCK,1,0.08,1,Brand#44,0,WRAP CAN,29,1087,52077.1
F,F,R,DELIVER IN PERSON,3,Manufacturer#1,4-NOT SPECIFIED,0,FOB,3,0,7,Brand#13,14,MED PKG,27,1088,4453.5525
F,F,R,TAKE BACK RETURN,2,Manufacturer#5,4-NOT SPECIFIED,0,SHIP,5,0.07,18,Brand#54,14,JUMBO DRUM,22,1088,17496.3168
F,F,R,NONE,1,Manufacturer#1,4-NOT SPECIFIED,0,REG AIR,1,0.03,3,Brand#12,14,JUMBO BAG,7,1088,52450.884
F,F,A,COLLECT COD,4,Manufacturer#5,2-HIGH,3,TRUCK,5,0.07,11,Brand#55,22,WRAP JAR,47,1081,61757.3184
F,F,A,COLLECT COD,0,Manufacturer#4,2-HIGH,0,AIR,1,0.02,15,Brand#45,0,JUMBO PACK,49,1089,15776.2352
F,F,A,TAKE BACK RETURN,2,Manufacturer#2,5-LOW,4,AIR,1,0.07,12,Brand#21,11,MED JAR,50,1090,15501.4074
F,F,R,TAKE BACK RETURN,2,Manufacturer#2,5-LOW,0,REG AIR,2,0.06,8,Brand#21,15,MED BAG,38,1091,7736.48
F,F,R,NONE,1,Manufacturer#3,5-LOW,0,TRUCK,1,0.02,2,Brand#33,15,WRAP PKG,21,1091,14079.6064
F,P,A,NONE,3,Manufacturer#3,1-URGENT,0,FOB,3,0.05,22,Brand#33,5,MED JAR,47,1092,35687.9424
F,F,A,DELIVER IN PERSON,4,Manufacturer#3,5-LOW,3,SHIP,4,0.03,20,Brand#33,22,JUMBO BOX,49,1093,23688.225
F,F,A,TAKE BACK RETURN,2,Manufacturer#1,5-LOW,3,TRUCK,3,0.01,12,Brand#14,22,MED CASE,25,1093,42568.36
F,F,A,COLLECT COD,1,Manufacturer#3,5-LOW,3,FOB,2,0,3,Brand#35,22,WRAP CAN,26,1093,23247.378
F,F,N,COLLECT COD,0,Manufacturer#4,5-LOW,3,MAIL,1,0.01,14,Brand#43,22,JUMBO CASE,40,1093,64864.8
F,F,A,DELIVER IN PERSON,4,Manufacturer#2,5-LOW,3,MAIL,3,0.08,20,Brand#21,22,WRAP JAR,26,1094,46082.4
F,F,A,NONE,1,Manufacturer#3,5-LOW,3,MAIL,6,0.06,2,Brand#31,22,WRAP PKG,3,1094,52847.082
F,F,R,DELIVER IN PERSON,4,Manufacturer#2,5-LOW,3,RAIL,5,0.03,4,Brand#24,22,MED BOX,46,1094,43392.5376
F,F,R,NONE,0,Manufacturer#5,1-URGENT,1,SHIP,4,0.06,0,Brand#55,1,JUMBO BAG,13,1095,42538.545
F,F,R,DELIVER IN PERSON,2,Manufacturer#4,3-MEDIUM,0,FOB,1,0.01,9,Brand#44,0,LG DRUM,12,1096,5092.0053
F,F,A,TAKE BACK RETURN,2,Manufacturer#1,3-MEDIUM,1,REG AIR,5,0.07,12,Brand#11,1,JUMBO JAR,35,1097,16091.613
F,F,A,NONE,2,Manufacturer#5,3-MEDIUM,1,REG AIR,4,0.05,18,Brand#51,1,MED CASE,31,1097,44133.3995
F,F,A,TAKE BACK RETURN,2,Manufacturer#2,3-MEDIUM,1,AIR,3,0.07,21,Brand#25,1,MED BOX,28,1097,21137.9328
F,F,A,COLLECT COD,2,Manufacturer#2,3-MEDIUM,1,RAIL,6,0.02,9,Brand#21,1,WRAP PACK,11,1097,86146.4835
F,F,R,DELIVER IN PERSON,0,Manufacturer#5,3-MEDIUM,1,FOB,1,0.01,0,Brand#55,1,JUMBO PACK,41,1097,9508.3065
F,F,R,COLLECT COD,2,Manufacturer#4,4-NOT SPECIFIED,1,MAIL,2,0.08,18,Brand#42,1,WRAP BOX,22,1098,28094.4
O,P,N,NONE,2,Manufacturer#3,1-URGENT,0,AIR,2,0.07,9,Brand#34,5,LG BOX,13,1092,26579.2072
F,P,R,DELIVER IN PERSON,3,Manufacturer#3,1-URGENT,0,SHIP,1,0,23,Brand#35,5,MED JAR,9,1092,31050.2313
F,F,R,DELIVER IN PERSON,4,Manufacturer#3,4-NOT SPECIFIED,1,SHIP,2,0.06,11,Brand#31,24,JUMBO PKG,18,1099,14441.3136
F,F,R,DELIVER IN PERSON,3,Manufacturer#3,2-HIGH,3,FOB,2,0.07,7,Brand#34,7,MED BAG,7,1100,27040.1152
F,F,R,DELIVER IN PERSON,2,Manufacturer#4,4-NOT SPECIFIED,1,RAIL,3,0.04,8,Brand#41,3,WRAP BAG,3,1101,34435.044
F,F,A,DELIVER IN PERSON,2,Manufacturer#2,4-NOT SPECIFIED,1,SHIP,2,0.08,18,Brand#21,3,SM PKG,38,1101,12525.408
F,F,N,NONE,2,Manufacturer#1,4-NOT SPECIFIED,1,RAIL,4,0,9,Brand#14,3,LG PKG,4,1101,34077.456
F,F,A,NONE,4,Manufacturer#1,4-NOT SPECIFIED,1,REG AIR,1,0.03,13,Brand#11,3,MED BAG,13,1101,56664.378
F,F,R,COLLECT COD,3,Manufacturer#3,4-NOT SPECIFIED,1,MAIL,3,0.03,7,Brand#34,24,LG BAG,39,1099,66058.03
F,F,R,COLLECT COD,1,Manufacturer#5,4-NOT SPECIFIED,1,FOB,1,0.01,3,Brand#51,24,WRAP JAR,48,1099,10787.0693
F,F,A,COLLECT COD,3,Manufacturer#5,4-NOT SPECIFIED,0,MAIL,1,0.06,7,Brand#55,15,WRAP BAG,22,1102,29557.92
F,F,R,COLLECT COD,0,Manufacturer#5,5-LOW,0,AIR,1,0.08,14,Brand#54,5,SM PKG,44,1103,37201.92
F,F,R,DELIVER IN PERSON,4,Manufacturer#3,5-LOW,3,MAIL,1,0,4,Brand#34,22,LG BAG,23,1104,1746.83
F,F,N,TAKE BACK RETURN,4,Manufacturer#4,5-LOW,3,TRUCK,7,0.02,20,Brand#45,22,JUMBO JAR,7,1104,34013.7
F,F,R,TAKE BACK RETURN,1,Manufacturer#5,5-LOW,3,TRUCK,4,0.07,3,Brand#52,22,SM BOX,16,1104,4968.855
F,F,R,DELIVER IN PERSON,1,Manufacturer#2,5-LOW,3,MAIL,5,0.02,3,Brand#25,22,MED PACK,27,1104,14234.6448
F,F,A,COLLECT COD,3,Manufacturer#3,5-LOW,3,AIR,2,0.07,22,Brand#31,22,JUMBO DRUM,14,1104,48526.2288
F,F,N,COLLECT COD,2,Manufacturer#1,5-LOW,3,MAIL,3,0.01,9,Brand#15,22,WRAP JAR,16,1104,40270.23
F,F,A,DELIVER IN PERSON,0,Manufacturer#2,4-NOT SPECIFIED,0,FOB,5,0.03,5,Brand#24,5,LG JAR,7,1105,2529.1926
F,F,R,COLLECT COD,1,Manufacturer#5,3-MEDIUM,3,AIR,1,0.01,2,Brand#53,23,JUMBO JAR,50,1106,83049.615
F,F,A,TAKE BACK RETURN,2,Manufacturer#4,4-NOT SPECIFIED,0,MAIL,7,0.02,8,Brand#43,5,JUMBO CASE,23,1105,30641.361
F,F,R,DELIVER IN PERSON,0,Manufacturer#5,4-NOT SPECIFIED,0,AIR,3,0.05,0,Brand#54,5,WRAP BOX,19,1105,43382.1984
F,F,R,COLLECT COD,0,Manufacturer#3,3-MEDIUM,0,SHIP,2,0,5,Brand#31,0,MED PKG,17,1107,5700.4992
F,F,A,DELIVER IN PERSON,2,Manufacturer#2,2-HIGH,3,FOB,1,0.02,12,Brand#24,6,LG CASE,23,1108,35227.101
F,F,R,NONE,3,Manufacturer#4,3-MEDIUM,0,RAIL,5,0.04,19,Brand#43,5,MED CASE,24,1109,39741.8016
F,F,R,COLLECT COD,2,Manufacturer#2,3-MEDIUM,0,TRUCK,7,0,18,Brand#23,5,WRAP CASE,5,1109,19189.962
F,P,A,COLLECT COD,4,Manufacturer#1,3-MEDIUM,1,FOB,5,0.04,10,Brand#11,1,MED CAN,47,1110,52646.742
F,F,R,NONE,1,Manufacturer#4,1-URGENT,1,MAIL,4,0.07,17,Brand#44,3,SM PACK,6,1111,52430.33
F,F,R,TAKE BACK RETURN,1,Manufacturer#5,1-URGENT,1,SHIP,7,0.03,1,Brand#54,3,WRAP JAR,4,1111,7334.5536
F,F,A,NONE,4,Manufacturer#5,1-URGENT,1,MAIL,6,0.08,4,Brand#55,3,JUMBO CAN,4,1111,63755.5564
F,F,A,NONE,3,Manufacturer#4,1-URGENT,1,SHIP,1,0.03,7,Brand#44,3,MED CAN,10,1111,31245.7959
F,F,A,DELIVER IN PERSON,2,Manufacturer#1,1-URGENT,1,AIR,3,0.02,21,Brand#15,3,WRAP DRUM,5,1111,47840.328
F,F,A,DELIVER IN PERSON,1,Manufacturer#3,1-URGENT,1,AIR,5,0.01,3,Brand#34,3,WRAP PKG,20,1111,50319.024
F,F,A,NONE,3,Manufacturer#4,5-LOW,3,FOB,2,0.06,19,Brand#44,19,SM PKG,26,1112,7285.992
F,F,A,TAKE BACK RETURN,0,Manufacturer#4,4-NOT SPECIFIED,2,RAIL,1,0.05,15,Brand#42,21,WRAP BOX,17,1113,32956.469
F,P,A,DELIVER IN PERSON,4,Manufacturer#4,3-MEDIUM,1,REG AIR,1,0.04,4,Brand#44,1,SM BAG,19,1110,78389.796
O,P,N,DELIVER IN PERSON,0,Manufacturer#2,3-MEDIUM,1,TRUCK,6,0.01,5,Brand#24,1,SM PACK,4,1110,94594.005
F,P,R,DELIVER IN PERSON,0,Manufacturer#3,3-MEDIUM,1,MAIL,3,0.05,15,Brand#35,1,SM PACK,5,1110,37691.5616
F,P,A,NONE,2,Manufacturer#3,3-MEDIUM,1,FOB,4,0.07,18,Brand#35,1,MED PACK,5,1110,50522.838
F,P,R,DELIVER IN PERSON,4,Manufacturer#1,3-MEDIUM,1,RAIL,2,0.03,4,Brand#11,1,MED CASE,11,1110,35336.8
F,F,R,NONE,3,Manufacturer#3,4-NOT SPECIFIED,2,TRUCK,3,0.08,6,Brand#35,8,WRAP DRUM,28,1114,67102.6992
F,F,R,DELIVER IN PERSON,4,Manufacturer#4,4-NOT SPECIFIED,2,MAIL,6,0.02,11,Brand#43,8,MED BOX,8,1114,69232.072
F,F,N,COLLECT COD,1,Manufacturer#2,4-NOT SPECIFIED,2,RAIL,4,0,2,Brand#24,8,LG CAN,22,1114,49507.6263
F,F,A,NONE,4,Manufacturer#2,4-NOT SPECIFIED,2,REG AIR,5,0.02,20,Brand#24,8,MED JAR,16,1114,68959.132
F,F,R,TAKE BACK RETURN,3,Manufacturer#4,4-NOT SPECIFIED,3,REG AIR,4,0.07,19,Brand#43,23,LG CAN,38,1115,39829.9832
F,F,A,COLLECT COD,3,Manufacturer#3,2-HIGH,0,AIR,5,0.05,7,Brand#34,5,LG CASE,24,1116,79596.09
F,F,N,TAKE BACK RETURN,4,Manufacturer#4,2-HIGH,0,FOB,6,0.01,13,Brand#45,5,SM JAR,45,1116,23338.6462
F,F,R,DELIVER IN PERSON,0,Manufacturer#3,2-HIGH,0,REG AIR,1,0,15,Brand#35,5,WRAP JAR,49,1116,13994.4975
F,F,R,NONE,1,Manufacturer#3,2-HIGH,0,MAIL,3,0.04,24,Brand#32,5,SM CASE,49,1116,13376.2959
F,F,A,DELIVER IN PERSON,0,Manufacturer#5,2-HIGH,0,AIR,2,0.07,15,Brand#52,5,SM JAR,33,1116,37532.768
F,F,R,TAKE BACK RETURN,1,Manufacturer#4,2-HIGH,0,RAIL,7,0.03,24,Brand#44,5,LG DRUM,23,1116,65916.76
F,F,A,COLLECT COD,0,Manufacturer#1,2-HIGH,0,REG AIR,4,0.08,16,Brand#12,5,MED BAG,40,1116,44732.1537
F,F,R,COLLECT COD,2,Manufacturer#2,4-NOT SPECIFIED,1,REG AIR,2,0,21,Brand#25,1,WRAP PACK,39,1117,25327.5
F,F,R,NONE,2,Manufacturer#4,2-HIGH,3,TRUCK,3,0,9,Brand#43,23,MED PACK,15,1118,42259.2528
F,F,R,TAKE BACK RETURN,2,Manufacturer#4,4-NOT SPECIFIED,3,RAIL,2,0.08,9,Brand#45,23,MED BAG,30,1115,9118.655
F,F,A,COLLECT COD,0,Manufacturer#3,4-NOT SPECIFIED,2,RAIL,6,0.04,0,Brand#35,9,SM CAN,28,1119,7743.9465
F,F,R,DELIVER IN PERSON,0,Manufacturer#3,3-MEDIUM,1,AIR,1,0.08,14,Brand#35,17,LG CAN,21,1120,33517.8844
F,F,A,DELIVER IN PERSON,4,Manufacturer#4,3-MEDIUM,1,REG AIR,2,0.08,20,Brand#44,17,WRAP BAG,3,1120,36623.475
F,F,R,DELIVER IN PERSON,4,Manufacturer#5,5-LOW,0,TRUCK,1,0.08,10,Brand#53,5,JUMBO PKG,21,1121,16354.4678
F,F,R,COLLECT COD,3,Manufacturer#2,4-NOT SPECIFIED,3,REG AIR,5,0.08,22,Brand#21,22,JUMBO CASE,5,1122,5078.5805
F,F,R,COLLECT COD,3,Manufacturer#2,4-NOT SPECIFIED,3,SHIP,4,0.02,22,Brand#21,22,JUMBO CASE,41,1122,80266.13
F,F,R,NONE,1,Manufacturer#2,4-NOT SPECIFIED,3,TRUCK,2,0.07,17,Brand#23,22,WRAP BAG,2,1122,57304.399
F,F,R,NONE,4,Manufacturer#5,4-NOT SPECIFIED,3,TRUCK,1,0,13,Brand#55,22,SM DRUM,24,1122,41018.439
F,F,R,NONE,4,Manufacturer#2,2-HIGH,0,REG AIR,1,0.05,11,Brand#23,16,SM PACK,46,1123,4140.0296
F,F,R,TAKE BACK RETURN,0,Manufacturer#3,4-NOT SPECIFIED,2,FOB,2,0,0,Brand#31,9,MED BOX,47,1119,3913.5096
F,F,A,DELIVER IN PERSON,1,Manufacturer#1,2-HIGH,4,AIR,3,0.08,24,Brand#15,13,MED PACK,29,1124,39186.4018
F,F,A,NONE,2,Manufacturer#5,2-HIGH,1,AIR,4,0,9,Brand#53,1,SM BAG,41,1125,32859.6744
F,F,A,NONE,4,Manufacturer#5,4-NOT SPECIFIED,4,TRUCK,2,0.06,4,Brand#55,20,SM BOX,20,1126,15945.6192
F,F,A,COLLECT COD,3,Manufacturer#4,4-NOT SPECIFIED,4,TRUCK,5,0.06,23,Brand#45,20,JUMBO BAG,27,1126,66637.692
F,F,R,NONE,4,Manufacturer#3,4-NOT SPECIFIED,4,RAIL,3,0.02,11,Brand#34,20,JUMBO DRUM,40,1126,16298.4735
F,F,N,NONE,1,Manufacturer#1,4-NOT SPECIFIED,4,TRUCK,4,0.05,3,Brand#12,20,SM CAN,9,1126,56596.4495
F,F,A,NONE,2,Manufacturer#5,2-HIGH,4,FOB,2,0.01,8,Brand#53,13,SM PKG,4,1124,6147.1228
F,F,N,TAKE BACK RETURN,2,Manufacturer#1,1-URGENT,4,AIR,4,0.01,21,Brand#13,11,MED CAN,30,1127,43694.5
F,F,R,TAKE BACK RETURN,4,Manufacturer#5,1-URGENT,3,FOB,1,0.01,20,Brand#52,23,MED PACK,50,1128,62093.6928
F,F,A,NONE,3,Manufacturer#5,1-URGENT,3,REG AIR,4,0.02,19,Brand#53,23,JUMBO CASE,45,1128,5672.336
F,F,A,NONE,3,Manufacturer#5,1-URGENT,3,AIR,2,0.07,22,Brand#51,23,LG PKG,43,1128,62491.17
F,F,R,COLLECT COD,0,Manufacturer#3,1-URGENT,3,RAIL,3,0.03,16,Brand#34,23,LG CASE,44,1128,16538.88
F,F,A,COLLECT COD,0,Manufacturer#5,4-NOT SPECIFIED,4,MAIL,2,0.02,0,Brand#55,13,SM CAN,1,1129,79727.6304
F,F,N,TAKE BACK RETURN,0,Manufacturer#4,4-NOT SPECIFIED,4,SHIP,1,0.02,15,Brand#43,13,WRAP JAR,44,1129,17922.72
F,F,R,DELIVER IN PERSON,4,Manufacturer#3,1-URGENT,4,RAIL,1,0.07,11,Brand#32,11,MED CASE,42,1127,5431.0424
F,F,N,NONE,4,Manufacturer#3,1-URGENT,4,AIR,3,0.08,4,Brand#32,11,MED JAR,23,1127,24474.5424
F,F,A,NONE,1,Manufacturer#3,1-URGENT,4,MAIL,2,0.07,3,Brand#34,11,LG CAN,1,1127,12962.1504
F,F,R,NONE,3,Manufacturer#1,2-HIGH,2,RAIL,2,0.03,6,Brand#11,18,LG BOX,23,1130,40729.78
O,P,N,NONE,1,Manufacturer#3,3-MEDIUM,4,FOB,6,0.05,2,Brand#31,13,JUMBO JAR,38,1131,39521.83
F,P,A,COLLECT COD,3,Manufacturer#2,3-MEDIUM,4,RAIL,5,0.04,7,Brand#24,13,MED PACK,2,1131,48577.68
F,P,A,DELIVER IN PERSON,4,Manufacturer#5,3-MEDIUM,4,TRUCK,7,0.01,4,Brand#51,13,JUMBO BAG,20,1131,13420.536
F,P,N,TAKE BACK RETURN,2,Manufacturer#3,3-MEDIUM,4,TRUCK,1,0,9,Brand#34,13,SM PKG,9,1131,946.7879
F,P,R,COLLECT COD,1,Manufacturer#1,3-MEDIUM,4,RAIL,4,0,24,Brand#12,13,SM JAR,46,1131,14932.554
F,F,A,DELIVER IN PERSON,2,Manufacturer#2,2-HIGH,2,MAIL,1,0.07,12,Brand#21,18,SM CASE,17,1130,62037.0096
F,F,A,DELIVER IN PERSON,1,Manufacturer#3,3-MEDIUM,3,TRUCK,3,0.01,1,Brand#34,6,LG JAR,33,1132,1360.7055
F,F,A,DELIVER IN PERSON,1,Manufacturer#4,3-MEDIUM,3,MAIL,2,0.05,17,Brand#42,6,JUMBO JAR,48,1132,5800.0845
F,F,R,NONE,2,Manufacturer#4,3-MEDIUM,3,AIR,1,0.08,8,Brand#42,6,JUMBO PKG,49,1132,36762.72
F,F,R,NONE,0,Manufacturer#3,2-HIGH,4,RAIL,4,0.08,5,Brand#34,4,JUMBO CASE,37,1133,59573.5434
F,F,N,TAKE BACK RETURN,2,Manufacturer#1,4-NOT SPECIFIED,2,REG AIR,1,0,9,Brand#14,12,WRAP CASE,43,1134,11492.16
F,F,A,TAKE BACK RETURN,1,Manufacturer#2,1-URGENT,2,RAIL,2,0.03,2,Brand#24,8,JUMBO BOX,1,1135,36357.7844
F,F,A,COLLECT COD,4,Manufacturer#3,1-URGENT,2,AIR,3,0.05,10,Brand#33,8,WRAP DRUM,8,1135,52801.779
F,F,R,COLLECT COD,3,Manufacturer#4,1-URGENT,2,REG AIR,1,0,7,Brand#44,8,LG PKG,4,1135,8056.5576
F,F,R,COLLECT COD,0,Manufacturer#3,5-LOW,3,SHIP,6,0.06,0,Brand#33,7,SM DRUM,12,1136,64576.5615
F,F,R,NONE,0,Manufacturer#2,4-NOT SPECIFIED,1,FOB,3,0.03,16,Brand#24,17,JUMBO DRUM,14,1137,5910.268
F,F,A,DELIVER IN PERSON,4,Manufacturer#5,4-NOT SPECIFIED,1,MAIL,5,0.05,13,Brand#53,17,SM BAG,25,1137,33360.5601
F,F,R,NONE,4,Manufacturer#5,4-NOT SPECIFIED,1,SHIP,4,0.02,11,Brand#55,17,LG BOX,20,1137,45847.977
F,F,A,COLLECT COD,2,Manufacturer#3,4-NOT SPECIFIED,1,TRUCK,3,0.04,8,Brand#33,17,WRAP JAR,43,1138,31317.66
F,F,A,COLLECT COD,4,Manufacturer#1,4-NOT SPECIFIED,1,TRUCK,5,0.06,20,Brand#11,17,LG BAG,2,1138,64536.288
F,F,R,DELIVER IN PERSON,0,Manufacturer#4,4-NOT SPECIFIED,1,SHIP,4,0.08,0,Brand#41,17,LG DRUM,41,1138,10891.3476
F,F,A,NONE,3,Manufacturer#3,4-NOT SPECIFIED,1,AIR,2,0.04,6,Brand#33,17,SM CAN,2,1138,2977.1434
F,F,R,COLLECT COD,2,Manufacturer#3,4-NOT SPECIFIED,1,FOB,1,0.04,9,Brand#34,17,MED BAG,25,1138,28336.5888
F,F,R,NONE,4,Manufacturer#4,2-HIGH,1,AIR,5,0.03,20,Brand#44,17,MED BOX,47,1139,19441.422
F,F,R,NONE,0,Manufacturer#3,5-LOW,0,TRUCK,3,0.05,0,Brand#34,0,LG BAG,38,1140,65390.058
F,F,R,DELIVER IN PERSON,3,Manufacturer#3,5-LOW,0,MAIL,2,0.02,7,Brand#31,0,JUMBO PKG,16,1140,56065.59
F,F,R,DELIVER IN PERSON,2,Manufacturer#5,5-LOW,0,RAIL,1,0,18,Brand#53,0,WRAP BOX,25,1140,27053.98
F,F,A,COLLECT COD,4,Manufacturer#2,5-LOW,0,RAIL,4,0,20,Brand#25,0,MED BOX,15,1140,57546.608
F,F,N,TAKE BACK RETURN,1,Manufacturer#1,5-LOW,0,REG AIR,6,0.08,1,Brand#15,0,SM BAG,42,1140,51884.9604
F,F,R,NONE,0,Manufacturer#4,5-LOW,0,RAIL,7,0.02,15,Brand#43,0,WRAP JAR,3,1140,3394.1908
F,F,N,DELIVER IN PERSON,2,Manufacturer#2,5-LOW,0,TRUCK,5,0.01,18,Brand#24,0,SM PACK,29,1140,43585.8822
F,F,A,DELIVER IN PERSON,3,Manufacturer#2,5-LOW,3,TRUCK,5,0,19,Brand#21,7,LG CAN,13,1136,42985.125
F,F,A,TAKE BACK RETURN,3,Manufacturer#2,5-LOW,3,MAIL,3,0.07,6,Brand#23,7,MED BAG,28,1136,9953.364
F,F,A,DELIVER IN PERSON,4,Manufacturer#5,2-HIGH,4,FOB,1,0.03,11,Brand#54,4,SM PKG,4,1141,21569.584
F,F,A,NONE,3,Manufacturer#1,1-URGENT,3,FOB,2,0.06,7,Brand#14,19,WRAP PKG,32,1142,43941.2328
F,P,A,COLLECT COD,3,Manufacturer#3,1-URGENT,4,FOB,2,0.08,7,Brand#33,11,WRAP BAG,26,1143,64975.62
O,P,N,TAKE BACK RETURN,4,Manufacturer#4,1-URGENT,4,SHIP,1,0.07,11,Brand#41,11,WRAP PACK,41,1143,16276.9492
F,F,R,DELIVER IN PERSON,3,Manufacturer#4,3-MEDIUM,1,TRUCK,1,0.02,23,Brand#44,3,SM CASE,10,1144,30683.1336
F,F,A,NONE,0,Manufacturer#3,3-MEDIUM,1,TRUCK,4,0.06,5,Brand#35,3,WRAP BAG,46,1144,27586.1632
F,F,N,COLLECT COD,3,Manufacturer#5,3-MEDIUM,1,TRUCK,3,0,7,Brand#55,3,MED BAG,39,1144,58823.82
F,F,R,COLLECT COD,2,Manufacturer#2,3-MEDIUM,1,TRUCK,2,0,21,Brand#25,3,JUMBO CAN,6,1144,60068.304
O,P,N,TAKE BACK RETURN,0,Manufacturer#5,5-LOW,0,REG AIR,3,0,0,Brand#55,16,LG JAR,41,1145,39152.013
F,F,R,DELIVER IN PERSON,4,Manufacturer#2,3-MEDIUM,2,RAIL,4,0.03,4,Brand#25,12,MED CASE,4,1146,55219.6992
F,F,A,COLLECT COD,2,Manufacturer#2,3-MEDIUM,2,SHIP,2,0.05,8,Brand#24,12,SM CAN,20,1146,28783.3546
F,F,A,NONE,3,Manufacturer#5,3-MEDIUM,2,SHIP,1,0.08,23,Brand#55,12,LG PACK,41,1146,58728.456
F,F,A,COLLECT COD,1,Manufacturer#3,4-NOT SPECIFIED,2,TRUCK,1,0.04,3,Brand#34,9,JUMBO PKG,41,1147,15445.6512
F,F,R,DELIVER IN PERSON,2,Manufacturer#3,5-LOW,3,SHIP,4,0.04,9,Brand#34,19,JUMBO JAR,44,1148,4654.92
F,F,R,NONE,1,Manufacturer#5,5-LOW,3,AIR,2,0.04,17,Brand#52,19,LG JAR,10,1148,24883.1675
F,F,R,NONE,0,Manufacturer#3,5-LOW,3,FOB,1,0.01,14,Brand#31,19,WRAP PKG,2,1148,13129.857
F,F,R,DELIVER IN PERSON,0,Manufacturer#4,1-URGENT,0,MAIL,1,0.02,16,Brand#41,0,MED JAR,16,1149,8480.2476
F,F,A,COLLECT COD,3,Manufacturer#4,5-LOW,2,REG AIR,3,0.05,6,Brand#43,8,MED CASE,45,1150,16118.354
F,F,A,NONE,3,Manufacturer#5,5-LOW,2,TRUCK,2,0.04,7,Brand#52,8,LG JAR,30,1150,26920.9518
F,F,R,COLLECT COD,4,Manufacturer#4,5-LOW,2,FOB,1,0.01,20,Brand#44,8,LG BAG,7,1150,33156.135
F,F,R,COLLECT COD,3,Manufacturer#5,5-LOW,0,RAIL,4,0.03,6,Brand#53,15,MED PKG,7,1151,15662.2466
F,F,A,COLLECT COD,0,Manufacturer#1,5-LOW,0,FOB,2,0.04,15,Brand#12,15,SM CASE,47,1151,15414.0714
F,F,R,DELIVER IN PERSON,1,Manufacturer#4,5-LOW,0,FOB,3,0.06,3,Brand#41,15,SM CASE,48,1151,21791.556
F,F,A,TAKE BACK RETURN,4,Manufacturer#5,3-MEDIUM,2,MAIL,1,0.02,20,Brand#51,9,JUMBO CAN,27,1152,30846.816
F,F,A,TAKE BACK RETURN,0,Manufacturer#1,3-MEDIUM,2,TRUCK,2,0.02,14,Brand#15,9,WRAP DRUM,25,1152,65672.88
F,P,A,DELIVER IN PERSON,4,Manufacturer#4,5-LOW,0,TRUCK,6,0,10,Brand#45,16,LG JAR,17,1145,14487.3
F,P,A,NONE,4,Manufacturer#4,5-LOW,0,SHIP,5,0.04,11,Brand#43,16,JUMBO CAN,42,1145,15707.9472
F,P,R,DELIVER IN PERSON,2,Manufacturer#3,5-LOW,0,MAIL,4,0.01,18,Brand#31,16,JUMBO CASE,48,1145,65073.294
F,P,A,NONE,2,Manufacturer#4,5-LOW,0,FOB,1,0.08,9,Brand#41,16,JUMBO JAR,39,1145,26771.0265
F,P,N,DELIVER IN PERSON,2,Manufacturer#5,5-LOW,0,REG AIR,2,0,12,Brand#51,16,JUMBO DRUM,49,1145,6465.6768
F,F,R,COLLECT COD,3,Manufacturer#3,4-NOT SPECIFIED,2,SHIP,1,0,7,Brand#35,9,MED CASE,32,1153,75182.544
F,F,R,NONE,1,Manufacturer#3,4-NOT SPECIFIED,2,FOB,5,0.05,24,Brand#33,9,MED BAG,28,1153,45506.62
F,F,A,NONE,4,Manufacturer#1,4-NOT SPECIFIED,2,SHIP,4,0.08,13,Brand#13,9,LG CASE,15,1153,18869.9643
F,F,R,TAKE BACK RETURN,4,Manufacturer#4,5-LOW,4,RAIL,6,0.01,10,Brand#42,20,LG DRUM,49,1154,47926.3257
F,F,R,COLLECT COD,0,Manufacturer#3,5-LOW,4,MAIL,1,0.01,14,Brand#35,20,JUMBO JAR,38,1154,970.2693
F,F,A,DELIVER IN PERSON,3,Manufacturer#4,5-LOW,4,TRUCK,3,0.05,22,Brand#45,20,SM BAG,27,1154,39184.5216
F,F,R,TAKE BACK RETURN,3,Manufacturer#1,5-LOW,4,RAIL,2,0.07,23,Brand#15,20,MED JAR,32,1154,20330.2242
F,F,R,COLLECT COD,0,Manufacturer#4,5-LOW,4,MAIL,4,0.07,15,Brand#42,20,WRAP BAG,13,1154,2282.432
F,F,R,COLLECT COD,4,Manufacturer#3,3-MEDIUM,3,REG AIR,2,0.04,13,Brand#34,19,WRAP PKG,22,1155,28983.36
F,F,A,NONE,3,Manufacturer#2,3-MEDIUM,3,MAIL,3,0,23,Brand#25,19,LG DRUM,35,1155,11588.59
F,F,A,NONE,2,Manufacturer#2,3-MEDIUM,3,REG AIR,1,0.02,12,Brand#24,19,JUMBO PKG,39,1155,31779.8
F,F,A,DELIVER IN PERSON,0,Manufacturer#5,3-MEDIUM,1,AIR,1,0.08,14,Brand#55,17,MED PACK,23,1156,53225.6064
F,F,R,DELIVER IN PERSON,0,Manufacturer#2,2-HIGH,4,AIR,1,0.04,16,Brand#25,13,JUMBO CAN,3,1157,4803.87
F,F,A,NONE,3,Manufacturer#4,5-LOW,2,REG AIR,4,0,7,Brand#44,12,MED PKG,50,1158,17538.48
F,F,R,TAKE BACK RETURN,4,Manufacturer#5,1-URGENT,0,REG AIR,4,0.01,13,Brand#51,0,LG CAN,12,1159,55040.472
F,F,A,TAKE BACK RETURN,2,Manufacturer#1,1-URGENT,0,SHIP,1,0.03,21,Brand#14,0,SM CAN,39,1159,80915.8674
F,F,R,TAKE BACK RETURN,3,Manufacturer#5,2-HIGH,2,MAIL,2,0.03,19,Brand#54,12,JUMBO DRUM,11,1160,14404.7328
F,F,R,DELIVER IN PERSON,1,Manufacturer#4,2-HIGH,2,RAIL,1,0.02,17,Brand#42,12,MED CASE,5,1160,69991.2234
F,F,R,NONE,1,Manufacturer#2,1-URGENT,3,REG AIR,4,0.05,17,Brand#22,6,SM DRUM,23,1161,15191.046
F,F,R,TAKE BACK RETURN,2,Manufacturer#3,1-URGENT,3,RAIL,2,0.01,21,Brand#32,6,MED JAR,27,1161,4750.2375
F,F,A,COLLECT COD,3,Manufacturer#4,1-URGENT,3,REG AIR,1,0.06,7,Brand#45,6,LG JAR,5,1161,24309.7722
F,F,A,TAKE BACK RETURN,1,Manufacturer#2,1-URGENT,3,TRUCK,5,0.07,17,Brand#23,6,JUMBO CAN,30,1161,15930.816
F,F,N,NONE,1,Manufacturer#3,1-URGENT,3,REG AIR,3,0.08,2,Brand#35,6,WRAP CASE,1,1161,40283.5248
F,F,A,DELIVER IN PERSON,0,Manufacturer#4,5-LOW,3,SHIP,3,0.06,5,Brand#44,6,MED BOX,4,1162,54413.451
F,F,A,NONE,3,Manufacturer#1,3-MEDIUM,2,FOB,2,0.02,19,Brand#12,21,LG JAR,27,1163,79235.3424
F,F,R,TAKE BACK RETURN,3,Manufacturer#1,2-HIGH,1,SHIP,1,0.04,19,Brand#12,17,LG JAR,27,1164,20013.0504
F,F,R,TAKE BACK RETURN,1,Manufacturer#4,5-LOW,1,TRUCK,1,0.04,1,Brand#45,17,LG JAR,11,1165,5573.952
F,F,R,NONE,0,Manufacturer#5,5-LOW,0,AIR,1,0.04,15,Brand#53,16,WRAP PACK,31,1166,17455.1784
F,F,A,TAKE BACK RETURN,0,Manufacturer#5,3-MEDIUM,4,REG AIR,4,0.01,15,Brand#51,11,MED BOX,19,1167,64217.207
F,F,A,NONE,1,Manufacturer#4,3-MEDIUM,2,TRUCK,2,0.04,17,Brand#43,21,SM CASE,50,1168,12068.9464
F,F,R,NONE,1,Manufacturer#5,3-MEDIUM,2,AIR,6,0.04,1,Brand#54,21,JUMBO PKG,38,1168,30265.176
F,F,R,COLLECT COD,4,Manufacturer#2,5-LOW,4,RAIL,1,0,13,Brand#24,10,MED BAG,40,1169,2350.324
F,F,R,NONE,3,Manufacturer#1,5-LOW,4,REG AIR,2,0.03,19,Brand#15,10,LG CASE,41,1169,12285.9891
F,F,A,NONE,0,Manufacturer#4,5-LOW,2,FOB,2,0,15,Brand#45,12,MED CAN,36,1170,57199.2876
F,F,R,NONE,2,Manufacturer#2,1-URGENT,1,AIR,2,0.07,12,Brand#24,3,LG BAG,19,1171,31863.7152
F,F,A,DELIVER IN PERSON,1,Manufacturer#5,1-URGENT,1,SHIP,1,0.05,2,Brand#52,3,JUMBO PKG,34,1171,31606.1109
F,F,A,NONE,4,Manufacturer#1,1-URGENT,1,FOB,3,0.03,10,Brand#15,3,MED DRUM,27,1171,29217.5424
F,F,R,DELIVER IN PERSON,0,Manufacturer#4,1-URGENT,1,AIR,6,0.07,5,Brand#41,3,LG BAG,9,1171,68623.52
F,F,A,NONE,2,Manufacturer#4,3-MEDIUM,3,TRUCK,2,0.01,12,Brand#44,22,SM JAR,30,1172,39209.421
F,F,R,NONE,3,Manufacturer#4,3-MEDIUM,3,AIR,1,0.02,19,Brand#45,22,JUMBO CASE,47,1172,17297.504
F,F,R,NONE,2,Manufacturer#5,3-MEDIUM,3,RAIL,3,0.08,12,Brand#53,22,SM PACK,20,1172,54936.144
F,F,A,COLLECT COD,2,Manufacturer#1,5-LOW,1,SHIP,2,0.06,21,Brand#14,24,JUMBO BAG,17,1173,16245.3902
F,F,R,TAKE BACK RETURN,0,Manufacturer#3,5-LOW,1,FOB,1,0.08,16,Brand#34,24,MED PKG,13,1173,68585.4819
F,F,R,NONE,2,Manufacturer#1,5-LOW,1,AIR,3,0.07,8,Brand#13,24,LG BAG,49,1173,33349.0932
F,F,R,TAKE BACK RETURN,0,Manufacturer#5,5-LOW,1,AIR,4,0.08,16,Brand#52,24,LG JAR,19,1173,31094.0344
F,F,A,COLLECT COD,4,Manufacturer#4,1-URGENT,1,SHIP,4,0.06,4,Brand#43,3,SM CAN,28,1174,58620.947
F,F,A,DELIVER IN PERSON,4,Manufacturer#3,1-URGENT,1,AIR,2,0.08,11,Brand#32,3,SM DRUM,32,1174,21142.611
F,F,A,NONE,4,Manufacturer#5,1-URGENT,1,FOB,1,0.02,13,Brand#54,3,MED PKG,9,1174,43372.3752
F,F,A,DELIVER IN PERSON,3,Manufacturer#3,1-URGENT,1,MAIL,3,0.08,22,Brand#35,3,MED CAN,36,1174,6245.733
F,F,A,COLLECT COD,1,Manufacturer#3,2-HIGH,1,FOB,1,0.04,17,Brand#32,24,MED PACK,11,1175,17226.954
F,F,R,COLLECT COD,4,Manufacturer#5,3-MEDIUM,4,FOB,1,0.06,13,Brand#54,11,WRAP PACK,23,1176,26179.3
F,F,A,DELIVER IN PERSON,4,Manufacturer#5,5-LOW,4,REG AIR,2,0.02,11,Brand#55,11,JUMBO JAR,18,1177,10982.7718
F,F,R,DELIVER IN PERSON,4,Manufacturer#3,5-LOW,4,REG AIR,4,0.06,10,Brand#33,11,JUMBO JAR,14,1177,79125.7408
F,F,A,COLLECT COD,4,Manufacturer#1,3-MEDIUM,4,FOB,1,0.01,11,Brand#15,20,SM CAN,3,1178,63694.176
F,F,N,COLLECT COD,4,Manufacturer#3,5-LOW,3,RAIL,3,0.07,11,Brand#33,19,SM PKG,40,1179,41360.004
F,F,R,NONE,3,Manufacturer#2,5-LOW,3,TRUCK,4,0.08,19,Brand#22,19,LG BOX,11,1179,53134.7376
F,F,R,COLLECT COD,4,Manufacturer#2,5-LOW,3,FOB,1,0.02,11,Brand#21,19,MED JAR,25,1179,47137.0336
F,F,A,NONE,3,Manufacturer#4,5-LOW,3,MAIL,2,0.07,6,Brand#44,19,LG DRUM,41,1179,23962.12
F,F,A,NONE,1,Manufacturer#4,3-MEDIUM,4,FOB,3,0.08,2,Brand#42,11,WRAP JAR,12,1167,87583.54
F,F,R,TAKE BACK RETURN,3,Manufacturer#4,3-MEDIUM,4,AIR,2,0.08,6,Brand#44,11,JUMBO PACK,40,1167,37005.92
F,F,A,TAKE BACK RETURN,4,Manufacturer#2,3-MEDIUM,4,RAIL,1,0.04,11,Brand#23,11,LG JAR,41,1167,32676.9716
O,P,N,COLLECT COD,2,Manufacturer#2,2-HIGH,2,TRUCK,5,0.06,18,Brand#25,21,MED BAG,21,1180,24351.3144
F,F,R,COLLECT COD,1,Manufacturer#2,1-URGENT,0,SHIP,3,0.05,17,Brand#21,5,SM PKG,42,1181,40363.9236
F,F,R,DELIVER IN PERSON,1,Manufacturer#4,1-URGENT,0,SHIP,2,0.01,2,Brand#43,5,WRAP BAG,26,1181,53401.9662
F,F,A,TAKE BACK RETURN,0,Manufacturer#3,3-MEDIUM,0,RAIL,3,0.04,16,Brand#34,16,LG DRUM,50,1182,18931.647
F,F,A,NONE,3,Manufacturer#5,3-MEDIUM,0,REG AIR,4,0.02,6,Brand#51,16,LG PKG,25,1182,22486.272
F,F,R,TAKE BACK RETURN,1,Manufacturer#2,3-MEDIUM,0,SHIP,1,0.08,3,Brand#22,16,MED PKG,11,1182,36705.4596
F,F,A,DELIVER IN PERSON,0,Manufacturer#1,2-HIGH,4,MAIL,3,0.06,14,Brand#11,10,SM CASE,14,1183,62350.4665
F,F,R,COLLECT COD,4,Manufacturer#5,2-HIGH,4,REG AIR,6,0.04,11,Brand#54,10,WRAP PACK,23,1183,4165.41
F,F,R,COLLECT COD,2,Manufacturer#3,2-HIGH,4,FOB,4,0.07,18,Brand#31,10,WRAP JAR,31,1183,36582.512
F,F,A,TAKE BACK RETURN,2,Manufacturer#2,1-URGENT,2,AIR,5,0.07,18,Brand#22,18,SM PKG,32,1184,20766.5166
F,F,R,NONE,3,Manufacturer#4,1-URGENT,2,REG AIR,2,0.05,6,Brand#44,18,SM CAN,40,1184,15000.75
F,F,A,COLLECT COD,4,Manufacturer#2,2-HIGH,3,TRUCK,3,0.04,10,Brand#24,19,LG CASE,30,1185,50776.168
F,F,A,COLLECT COD,0,Manufacturer#1,2-HIGH,3,RAIL,4,0.08,0,Brand#11,19,JUMBO DRUM,38,1185,13255.7568
F,F,A,DELIVER IN PERSON,1,Manufacturer#4,5-LOW,1,AIR,1,0.02,17,Brand#41,1,SM CASE,22,1186,30636.5994
F,F,A,DELIVER IN PERSON,1,Manufacturer#2,5-LOW,1,RAIL,2,0.08,2,Brand#24,1,WRAP BAG,3,1186,53796.96
F,P,A,TAKE BACK RETURN,2,Manufacturer#1,2-HIGH,2,TRUCK,3,0.06,9,Brand#14,21,WRAP PACK,42,1180,35654.1696
F,P,N,DELIVER IN PERSON,3,Manufacturer#2,2-HIGH,2,TRUCK,1,0.04,23,Brand#24,21,MED DRUM,36,1180,5933.092
F,P,A,NONE,0,Manufacturer#1,2-HIGH,2,SHIP,2,0.01,5,Brand#15,21,WRAP JAR,1,1180,78862.3968
F,F,R,COLLECT COD,2,Manufacturer#2,5-LOW,4,TRUCK,1,0.01,9,Brand#23,4,SM JAR,29,1187,29291.02
F,F,R,NONE,1,Manufacturer#2,5-LOW,4,FOB,1,0,17,Brand#21,13,MED DRUM,30,1188,50769.024
F,F,R,COLLECT COD,3,Manufacturer#2,5-LOW,4,TRUCK,5,0.05,7,Brand#22,13,SM CASE,34,1188,5760.3
O,P,N,TAKE BACK RETURN,2,Manufacturer#5,3-MEDIUM,3,TRUCK,5,0.04,8,Brand#52,7,JUMBO PACK,39,1189,39105.7303
F,P,A,TAKE BACK RETURN,4,Manufacturer#2,3-MEDIUM,3,MAIL,1,0.03,11,Brand#25,7,MED BAG,2,1189,3274.2932
F,P,A,TAKE BACK RETURN,3,Manufacturer#1,3-MEDIUM,3,RAIL,3,0.05,22,Brand#13,7,SM CAN,2,1189,63251.32
F,P,A,COLLECT COD,4,Manufacturer#5,3-MEDIUM,3,RAIL,2,0.02,4,Brand#51,7,JUMBO BAG,21,1189,24066.234
F,P,N,TAKE BACK RETURN,3,Manufacturer#3,3-MEDIUM,3,TRUCK,6,0.08,7,Brand#31,7,SM BOX,41,1189,45021.7092
F,P,R,TAKE BACK RETURN,0,Manufacturer#4,3-MEDIUM,3,SHIP,4,0.03,0,Brand#41,7,LG CAN,30,1189,54230.0616
F,F,A,DELIVER IN PERSON,2,Manufacturer#2,5-LOW,4,REG AIR,3,0.07,8,Brand#24,13,WRAP PKG,1,1190,30586.572
F,F,A,COLLECT COD,1,Manufacturer#3,5-LOW,4,FOB,6,0.05,1,Brand#31,13,LG BAG,48,1190,28963.1062
F,F,R,COLLECT COD,0,Manufacturer#4,5-LOW,4,TRUCK,2,0,16,Brand#45,13,JUMBO PKG,34,1190,35563.4325
F,F,N,NONE,3,Manufacturer#1,5-LOW,4,FOB,5,0.03,6,Brand#13,13,MED BAG,46,1190,80534.6269
F,F,A,TAKE BACK RETURN,4,Manufacturer#5,5-LOW,4,TRUCK,1,0.04,10,Brand#51,13,SM PACK,33,1190,47274.375
F,F,A,NONE,2,Manufacturer#5,1-URGENT,1,RAIL,1,0.07,9,Brand#51,2,SM JAR,13,1191,29978.2
F,F,A,COLLECT COD,0,Manufacturer#1,1-URGENT,1,RAIL,4,0.06,5,Brand#13,2,LG PACK,35,1191,14208.0939
F,F,R,NONE,1,Manufacturer#4,1-URGENT,1,REG AIR,3,0.04,17,Brand#44,2,JUMBO DRUM,9,1191,8598.744
F,F,A,TAKE BACK RETURN,2,Manufacturer#1,1-URGENT,0,TRUCK,4,0.07,12,Brand#13,16,MED PACK,13,1192,47715.528
F,F,R,NONE,4,Manufacturer#5,1-URGENT,0,MAIL,3,0,20,Brand#53,16,LG CASE,17,1192,23014.1835
F,F,R,NONE,1,Manufacturer#1,1-URGENT,0,MAIL,2,0.05,2,Brand#12,16,SM BAG,46,1192,26079.6888
F,F,N,COLLECT COD,3,Manufacturer#4,4-NOT SPECIFIED,3,FOB,2,0.02,6,Brand#44,6,MED PACK,16,1193,14054.2344
F,F,A,NONE,4,Manufacturer#3,2-HIGH,0,FOB,5,0.04,11,Brand#33,15,MED PKG,20,1194,50071.9428
F,F,A,TAKE BACK RETURN,0,Manufacturer#5,2-HIGH,0,REG AIR,1,0.04,0,Brand#51,15,WRAP DRUM,30,1194,50495.5192
F,F,R,TAKE BACK RETURN,0,Manufacturer#3,2-HIGH,0,AIR,6,0.02,14,Brand#35,15,SM PKG,35,1194,27378.0096
F,F,A,TAKE BACK RETURN,3,Manufacturer#3,4-NOT SPECIFIED,3,MAIL,1,0.08,19,Brand#34,6,WRAP PACK,21,1193,25106.8
F,F,A,DELIVER IN PERSON,4,Manufacturer#5,4-NOT SPECIFIED,3,TRUCK,3,0.05,20,Brand#51,6,JUMBO BAG,45,1193,26235.3728
F,F,R,COLLECT COD,0,Manufacturer#1,2-HIGH,0,AIR,4,0,0,Brand#13,0,MED BAG,38,1195,36019.968
F,F,R,NONE,0,Manufacturer#1,2-HIGH,0,FOB,5,0.02,14,Brand#14,0,JUMBO CASE,12,1195,45897.0066
F,F,A,TAKE BACK RETURN,4,Manufacturer#1,2-HIGH,0,RAIL,2,0,4,Brand#13,0,JUMBO CASE,16,1195,9233.856
F,F,R,COLLECT COD,3,Manufacturer#2,2-HIGH,0,REG AIR,1,0,7,Brand#23,0,WRAP BAG,17,1195,69586.8404
F,F,A,NONE,0,Manufacturer#3,2-HIGH,0,TRUCK,3,0.02,14,Brand#34,0,LG JAR,36,1195,40076.0178
O,P,N,COLLECT COD,4,Manufacturer#1,4-NOT SPECIFIED,0,TRUCK,5,0.06,13,Brand#13,5,MED DRUM,48,1196,20397.456
F,P,A,COLLECT COD,2,Manufacturer#1,3-MEDIUM,0,REG AIR,5,0.03,21,Brand#14,14,JUMBO BAG,39,1197,8516.9686
F,P,A,COLLECT COD,2,Manufacturer#4,3-MEDIUM,0,RAIL,1,0.06,12,Brand#42,14,LG CAN,9,1197,4417.9044
O,P,N,DELIVER IN PERSON,4,Manufacturer#5,3-MEDIUM,0,REG AIR,7,0.01,11,Brand#55,14,JUMBO PKG,34,1197,49147.984
F,P,N,NONE,2,Manufacturer#2,3-MEDIUM,0,FOB,3,0.01,9,Brand#25,14,LG PKG,11,1197,49733.064
F,P,N,COLLECT COD,3,Manufacturer#5,3-MEDIUM,0,SHIP,4,0.04,22,Brand#53,14,WRAP PKG,2,1197,37981.224
O,P,N,NONE,4,Manufacturer#3,3-MEDIUM,0,RAIL,2,0.07,13,Brand#32,14,WRAP JAR,9,1197,66286.6766
F,F,R,NONE,0,Manufacturer#1,1-URGENT,4,FOB,2,0.04,14,Brand#11,4,JUMBO CAN,43,1198,58160.0982
F,F,R,COLLECT COD,4,Manufacturer#2,2-HIGH,2,RAIL,2,0.08,11,Brand#25,9,WRAP CAN,4,1199,17852.172
F,F,A,NONE,4,Manufacturer#1,2-HIGH,2,RAIL,1,0.03,20,Brand#12,9,JUMBO JAR,49,1199,8920.3023
F,F,R,TAKE BACK RETURN,2,Manufacturer#4,2-HIGH,2,SHIP,5,0.01,18,Brand#41,9,SM BAG,44,1199,22410.675
F,F,R,COLLECT COD,1,Manufacturer#3,2-HIGH,2,TRUCK,3,0.08,2,Brand#33,9,SM PACK,13,1199,31145.6028
F,P,N,DELIVER IN PERSON,4,Manufacturer#1,4-NOT SPECIFIED,0,AIR,3,0.03,11,Brand#13,5,SM PKG,41,1196,19805.7624
F,P,A,COLLECT COD,0,Manufacturer#5,4-NOT SPECIFIED,0,FOB,4,0.01,14,Brand#54,5,JUMBO CASE,42,1196,36538.083
F,P,R,COLLECT COD,4,Manufacturer#5,4-NOT SPECIFIED,0,REG AIR,2,0.05,10,Brand#51,5,MED BAG,9,1196,5301.9975
F,P,R,COLLECT COD,2,Manufacturer#1,4-NOT SPECIFIED,0,REG AIR,1,0.08,9,Brand#13,5,WRAP PACK,48,1196,64426.6755
F,F,A,DELIVER IN PERSON,1,Manufacturer#2,1-URGENT,2,SHIP,1,0.07,3,Brand#24,9,LG JAR,36,1200,14227.01
F,F,R,NONE,3,Manufacturer#1,4-NOT SPECIFIED,1,MAIL,5,0.04,6,Brand#13,3,LG BAG,41,1201,1757.538
F,F,N,DELIVER IN PERSON,0,Manufacturer#1,2-HIGH,4,MAIL,1,0.06,16,Brand#12,11,LG DRUM,36,1202,14760.4248
F,F,R,NONE,1,Manufacturer#5,1-URGENT,4,SHIP,2,0.03,1,Brand#53,20,JUMBO BOX,2,1203,35853.8994
F,F,A,COLLECT COD,4,Manufacturer#1,1-URGENT,3,TRUCK,3,0.05,10,Brand#15,22,JUMBO BAG,29,1204,31275.7081
F,F,R,DELIVER IN PERSON,4,Manufacturer#5,1-URGENT,3,AIR,4,0.04,10,Brand#53,22,MED CASE,39,1204,66549.2265
F,F,A,COLLECT COD,0,Manufacturer#5,4-NOT SPECIFIED,0,RAIL,4,0.06,0,Brand#55,5,LG CAN,25,1205,17218.544
F,F,A,COLLECT COD,3,Manufacturer#1,4-NOT SPECIFIED,0,MAIL,3,0.08,22,Brand#15,5,JUMBO BOX,34,1205,73425.44
F,F,A,COLLECT COD,3,Manufacturer#5,4-NOT SPECIFIED,0,AIR,2,0.02,7,Brand#52,5,LG DRUM,3,1205,11013.416
F,F,A,NONE,4,Manufacturer#1,4-NOT SPECIFIED,1,AIR,2,0.07,4,Brand#13,3,WRAP JAR,10,1201,38404.6088
F,F,A,TAKE BACK RETURN,2,Manufacturer#1,4-NOT SPECIFIED,1,RAIL,6,0.03,12,Brand#13,3,JUMBO BAG,47,1201,11060.379
F,F,R,NONE,3,Manufacturer#4,4-NOT SPECIFIED,1,RAIL,3,0.04,23,Brand#44,3,LG PKG,29,1201,38057.8458
F,F,R,DELIVER IN PERSON,0,Manufacturer#3,1-URGENT,1,FOB,1,0.05,16,Brand#33,17,MED JAR,20,1206,22430.9862
F,F,A,TAKE BACK RETURN,2,Manufacturer#3,5-LOW,0,AIR,6,0.02,12,Brand#32,0,JUMBO CAN,15,1207,58447.5456
F,F,R,COLLECT COD,2,Manufacturer#5,5-LOW,0,SHIP,5,0.05,12,Brand#55,0,JUMBO PKG,10,1207,71843.3352
F,F,R,NONE,4,Manufacturer#5,3-MEDIUM,2,FOB,1,0.05,20,Brand#53,8,JUMBO BOX,35,1208,48919.608
F,F,R,TAKE BACK RETURN,1,Manufacturer#3,2-HIGH,3,SHIP,5,0.02,2,Brand#34,6,LG BAG,48,1209,7688.112
F,F,R,NONE,3,Manufacturer#4,1-URGENT,1,REG AIR,4,0.06,6,Brand#41,17,SM DRUM,38,1206,52065.5478
F,F,R,COLLECT COD,1,Manufacturer#1,1-URGENT,1,AIR,2,0.07,3,Brand#12,17,JUMBO PKG,7,1206,6874.4608
F,F,A,NONE,0,Manufacturer#4,4-NOT SPECIFIED,4,TRUCK,1,0.06,14,Brand#43,10,WRAP CAN,15,1210,49192.2
F,F,R,TAKE BACK RETURN,1,Manufacturer#2,2-HIGH,2,RAIL,1,0,17,Brand#21,18,MED PACK,20,1211,44499.8099
F,F,N,DELIVER IN PERSON,2,Manufacturer#3,2-HIGH,2,SHIP,3,0.06,9,Brand#33,18,MED PACK,42,1211,10571.2
F,F,A,DELIVER IN PERSON,3,Manufacturer#5,5-LOW,2,SHIP,2,0.07,22,Brand#54,8,WRAP CAN,19,1212,65112.795
F,F,A,COLLECT COD,3,Manufacturer#2,4-NOT SPECIFIED,1,MAIL,3,0.06,22,Brand#22,2,MED JAR,31,1213,2905.659
F,F,N,DELIVER IN PERSON,1,Manufacturer#4,4-NOT SPECIFIED,2,RAIL,6,0.01,24,Brand#43,9,LG PKG,21,1214,4230.0036
F,F,A,COLLECT COD,1,Manufacturer#4,4-NOT SPECIFIED,2,FOB,1,0,24,Brand#45,9,WRAP DRUM,1,1214,7222.7
F,F,N,COLLECT COD,3,Manufacturer#5,4-NOT SPECIFIED,2,TRUCK,4,0.07,7,Brand#53,9,LG JAR,4,1214,53520.3902
F,F,N,NONE,4,Manufacturer#2,4-NOT SPECIFIED,2,FOB,7,0.07,13,Brand#25,9,WRAP PACK,10,1214,66857.4816
F,F,R,DELIVER IN PERSON,4,Manufacturer#3,4-NOT SPECIFIED,2,TRUCK,2,0.02,4,Brand#34,9,SM PACK,39,1214,20583.3555
F,F,R,DELIVER IN PERSON,3,Manufacturer#1,4-NOT SPECIFIED,2,RAIL,5,0.05,7,Brand#11,9,WRAP BAG,43,1214,48523.169
F,F,R,TAKE BACK RETURN,3,Manufacturer#1,4-NOT SPECIFIED,2,FOB,3,0,6,Brand#11,9,JUMBO BAG,17,1214,33432.012
F,F,N,TAKE BACK RETURN,4,Manufacturer#1,4-NOT SPECIFIED,1,RAIL,2,0,20,Brand#15,2,SM BOX,22,1213,4075.3152
F,F,A,TAKE BACK RETURN,1,Manufacturer#1,2-HIGH,1,MAIL,6,0.01,17,Brand#14,17,LG BAG,26,1215,8039.9905
F,F,A,TAKE BACK RETURN,0,Manufacturer#5,2-HIGH,1,FOB,5,0.06,16,Brand#53,17,JUMBO JAR,46,1215,9772.6902
F,F,A,COLLECT COD,2,Manufacturer#2,2-HIGH,1,REG AIR,2,0.01,8,Brand#25,17,SM CAN,15,1215,42981.03
F,F,R,NONE,2,Manufacturer#5,4-NOT SPECIFIED,1,RAIL,1,0.04,8,Brand#51,2,JUMBO PKG,4,1213,51381.6744
F,F,N,DELIVER IN PERSON,4,Manufacturer#5,4-NOT SPECIFIED,1,MAIL,6,0.05,20,Brand#52,2,JUMBO JAR,20,1213,70976.514
F,F,A,COLLECT COD,0,Manufacturer#1,4-NOT SPECIFIED,1,RAIL,4,0,14,Brand#14,2,MED BOX,7,1213,4840.2387
