l_linestatus,o_orderstatus,l_shipinstruct,sn_regionkey,p_mfgr,o_orderpriority,cn_regionkey,c_mktsegment,l_shipmode,l_linenumber,l_tax,s_nationkey,p_brand,c_nationkey,p_container,p_size,groupcol,aggcol
F,F,NONE,0,Manufacturer#4,3-MEDIUM,2,BUILDING,FOB,4,0.05,0,Brand#43,9,LG PKG,47,0,51741.207
F,F,DELIVER IN PERSON,4,Manufacturer#3,3-MEDIUM,2,BUILDING,REG AIR,2,0.04,11,Brand#31,9,JUMBO CASE,17,0,38779.884
F,F,COLLECT COD,1,Manufacturer#4,3-MEDIUM,2,BUILDING,TRUCK,3,0.01,24,Brand#41,9,JUMBO JAR,39,0,19649.1445
F,F,COLLECT COD,2,Manufacturer#1,3-MEDIUM,4,BUILDING,RAIL,2,0.02,18,Brand#15,11,JUMBO BAG,3,1,54409.4824
F,F,DELIVER IN PERSON,4,Manufacturer#2,3-MEDIUM,4,BUILDING,AIR,1,0.07,10,Brand#23,11,JUMBO CAN,34,1,75655.4112
F,F,COLLECT COD,0,Manufacturer#4,1-URGENT,2,MACHINERY,SHIP,3,0.03,15,Brand#44,12,JUMBO BOX,46,2,52102.636
F,F,DELIVER IN PERSON,3,Manufacturer#2,1-URGENT,2,MACHINERY,SHIP,2,0.02,23,Brand#21,12,JUMBO CASE,40,2,18755.2512
F,F,NONE,3,Manufacturer#4,4-NOT SPECIFIED,4,HOUSEHOLD,SHIP,3,0.03,19,Brand#45,20,WRAP BOX,50,3,12702.5808
F,F,COLLECT COD,3,Manufacturer#4,4-NOT SPECIFIED,4,HOUSEHOLD,MAIL,2,0.03,22,Brand#41,20,SM DRUM,39,3,9583.392
F,F,DELIVER IN PERSON,4,Manufacturer#4,4-NOT SPECIFIED,4,HOUSEHOLD,RAIL,4,0.06,10,Brand#45,20,MED DRUM,31,3,23318.964
F,F,DELIVER IN PERSON,4,Manufacturer#2,3-MEDIUM,0,MACHINERY,SHIP,3,0.02,13,Brand#21,0,LG PKG,32,4,1120.56
F,F,NONE,2,Manufacturer#3,3-MEDIUM,3,BUILDING,RAIL,2,0.03,18,Brand#33,19,JUMBO PKG,48,5,82340.433
F,F,DELIVER IN PERSON,0,Manufacturer#1,1-URGENT,0,AUTOMOBILE,TRUCK,2,0.03,5,Brand#13,15,LG DRUM,44,6,14106.5405
F,F,NONE,3,Manufacturer#4,1-URGENT,0,AUTOMOBILE,MAIL,1,0.08,7,Brand#43,15,SM CASE,48,6,22719.424
F,F,DELIVER IN PERSON,1,Manufacturer#1,3-MEDIUM,3,BUILDING,SHIP,2,0.05,3,Brand#15,19,JUMBO PKG,24,7,40488.93
F,F,TAKE BACK RETURN,1,Manufacturer#2,2-HIGH,3,FURNITURE,FOB,1,0.03,3,Brand#22,19,MED BOX,12,8,74271.7976
F,F,DELIVER IN PERSON,2,Manufacturer#1,3-MEDIUM,1,MACHINERY,REG AIR,1,0.04,21,Brand#11,3,SM CASE,31,9,34404.057
F,F,DELIVER IN PERSON,4,Manufacturer#4,4-NOT SPECIFIED,2,FURNITURE,FOB,1,0.02,20,Brand#45,21,SM CASE,12,10,70607.1168
F,F,COLLECT COD,0,Manufacturer#2,4-NOT SPECIFIED,2,FURNITURE,FOB,3,0.04,5,Brand#22,21,LG CASE,23,10,15245.5268
F,F,NONE,4,Manufacturer#2,2-HIGH,3,FURNITURE,SHIP,7,0.01,10,Brand#22,23,JUMBO PKG,36,11,37947.852
F,F,NONE,2,Manufacturer#1,2-HIGH,3,FURNITURE,MAIL,6,0,12,Brand#13,23,SM BAG,9,11,34349.436
F,F,COLLECT COD,3,Manufacturer#4,2-HIGH,3,FURNITURE,REG AIR,3,0.07,22,Brand#41,23,LG BAG,16,11,8851.5224
F,F,TAKE BACK RETURN,2,Manufacturer#3,1-URGENT,4,FURNITURE,TRUCK,2,0.04,18,Brand#33,13,MED BAG,11,12,62533.296
F,F,COLLECT COD,0,Manufacturer#3,1-URGENT,4,MACHINERY,MAIL,2,0.06,15,Brand#32,11,SM DRUM,30,13,13464.819
F,F,NONE,0,Manufacturer#3,1-URGENT,4,MACHINERY,SHIP,4,0.02,15,Brand#31,11,WRAP CAN,5,13,28698.6042
F,F,TAKE BACK RETURN,3,Manufacturer#2,1-URGENT,4,MACHINERY,MAIL,3,0.08,6,Brand#25,11,WRAP CAN,9,13,23382.1434
F,F,COLLECT COD,1,Manufacturer#5,5-LOW,4,MACHINERY,FOB,1,0.01,3,Brand#52,10,WRAP CASE,8,14,12635.9688
F,F,COLLECT COD,2,Manufacturer#1,2-HIGH,3,HOUSEHOLD,AIR,2,0.07,9,Brand#12,22,MED JAR,26,15,5874.42
F,F,NONE,4,Manufacturer#4,2-HIGH,4,HOUSEHOLD,FOB,1,0.01,11,Brand#45,10,LG CAN,33,16,22334.25
F,F,DELIVER IN PERSON,3,Manufacturer#2,2-HIGH,4,HOUSEHOLD,FOB,3,0,7,Brand#24,10,JUMBO CASE,33,16,5429.526
F,F,DELIVER IN PERSON,2,Manufacturer#1,2-HIGH,4,HOUSEHOLD,AIR,4,0.07,12,Brand#14,10,MED CASE,25,16,18550.8432
F,F,COLLECT COD,1,Manufacturer#3,5-LOW,4,BUILDING,TRUCK,2,0.08,2,Brand#32,4,LG JAR,5,17,6461.4222
F,F,COLLECT COD,4,Manufacturer#1,5-LOW,4,BUILDING,MAIL,3,0,4,Brand#15,4,WRAP CAN,41,17,47109.15
F,F,NONE,2,Manufacturer#5,3-MEDIUM,3,FURNITURE,TRUCK,3,0.04,9,Brand#51,19,LG BOX,15,18,4520.84
F,F,COLLECT COD,0,Manufacturer#3,3-MEDIUM,3,FURNITURE,RAIL,4,0.03,14,Brand#35,19,MED CAN,26,18,55095.2766
F,F,NONE,1,Manufacturer#2,2-HIGH,0,FURNITURE,RAIL,1,0.01,17,Brand#21,15,WRAP CAN,10,19,10974.3627
F,F,NONE,1,Manufacturer#5,1-URGENT,0,BUILDING,SHIP,5,0,17,Brand#51,0,LG JAR,48,20,11580.3786
F,F,TAKE BACK RETURN,1,Manufacturer#5,1-URGENT,0,BUILDING,RAIL,4,0.07,17,Brand#51,0,LG CAN,9,20,65381.337
F,F,NONE,3,Manufacturer#2,1-URGENT,0,BUILDING,FOB,1,0.08,22,Brand#22,0,MED BOX,36,20,22327.008
F,F,COLLECT COD,0,Manufacturer#2,1-URGENT,0,BUILDING,MAIL,3,0.07,14,Brand#21,0,WRAP BOX,46,20,15338.1312
F,F,TAKE BACK RETURN,2,Manufacturer#2,1-URGENT,1,MACHINERY,FOB,1,0.06,21,Brand#21,1,LG CASE,2,21,82433.533
F,F,DELIVER IN PERSON,1,Manufacturer#3,1-URGENT,1,MACHINERY,RAIL,5,0.05,1,Brand#32,1,JUMBO BOX,36,21,8785.954
F,F,COLLECT COD,4,Manufacturer#1,1-URGENT,1,MACHINERY,AIR,3,0.02,11,Brand#13,1,LG BAG,6,21,44435.3
F,F,DELIVER IN PERSON,1,Manufacturer#3,1-URGENT,1,MACHINERY,TRUCK,2,0.02,2,Brand#34,1,JUMBO BAG,9,21,49503.3721
F,F,TAKE BACK RETURN,4,Manufacturer#2,1-URGENT,1,MACHINERY,FOB,7,0.04,20,Brand#24,1,WRAP JAR,22,21,33990.411
F,F,NONE,3,Manufacturer#3,1-URGENT,1,MACHINERY,REG AIR,6,0.02,19,Brand#33,1,MED CAN,6,21,46430.118
F,F,NONE,0,Manufacturer#3,3-MEDIUM,0,MACHINERY,MAIL,1,0.01,15,Brand#32,0,MED JAR,43,22,7357.92
F,F,DELIVER IN PERSON,2,Manufacturer#4,3-MEDIUM,0,MACHINERY,MAIL,2,0.02,9,Brand#44,0,WRAP DRUM,16,22,60425.37
F,F,TAKE BACK RETURN,3,Manufacturer#2,3-MEDIUM,2,BUILDING,SHIP,2,0,6,Brand#23,8,JUMBO JAR,24,23,55902.7212
F,F,NONE,0,Manufacturer#4,3-MEDIUM,2,BUILDING,SHIP,1,0.02,16,Brand#42,8,JUMBO CASE,45,23,20027.42
F,F,COLLECT COD,3,Manufacturer#5,2-HIGH,0,HOUSEHOLD,MAIL,1,0.04,22,Brand#53,14,LG CASE,21,24,21663.1584
F,F,TAKE BACK RETURN,0,Manufacturer#3,1-URGENT,2,BUILDING,RAIL,3,0.02,15,Brand#35,18,MED BAG,16,25,52938.3855
F,F,TAKE BACK RETURN,4,Manufacturer#4,1-URGENT,2,BUILDING,AIR,1,0.05,4,Brand#42,18,MED DRUM,3,25,8583.95
F,F,NONE,3,Manufacturer#3,2-HIGH,1,MACHINERY,TRUCK,4,0.04,7,Brand#32,17,WRAP CASE,11,26,24011.7072
F,F,NONE,3,Manufacturer#3,2-HIGH,1,MACHINERY,REG AIR,3,0.08,7,Brand#35,17,WRAP DRUM,21,26,21687.939
F,F,COLLECT COD,2,Manufacturer#5,2-HIGH,1,MACHINERY,SHIP,6,0.02,9,Brand#52,17,JUMBO CASE,39,26,59213.709
F,F,NONE,2,Manufacturer#5,3-MEDIUM,0,AUTOMOBILE,AIR,6,0.06,21,Brand#55,5,JUMBO CAN,35,27,63578.51
F,F,TAKE BACK RETURN,4,Manufacturer#2,3-MEDIUM,0,AUTOMOBILE,SHIP,7,0.06,20,Brand#21,5,MED DRUM,8,27,48477.0692
F,F,TAKE BACK RETURN,4,Manufacturer#3,3-MEDIUM,0,AUTOMOBILE,RAIL,2,0,11,Brand#34,5,JUMBO PKG,21,27,1072.5225
F,F,TAKE BACK RETURN,0,Manufacturer#3,3-MEDIUM,0,AUTOMOBILE,RAIL,5,0.04,14,Brand#34,5,WRAP BAG,8,27,15521.142
F,F,COLLECT COD,1,Manufacturer#2,5-LOW,2,HOUSEHOLD,MAIL,1,0,2,Brand#24,9,WRAP BOX,4,28,2429.5396
F,F,TAKE BACK RETURN,0,Manufacturer#3,5-LOW,2,HOUSEHOLD,FOB,6,0.08,0,Brand#32,9,SM BAG,1,28,5637.06
F,F,TAKE BACK RETURN,0,Manufacturer#5,3-MEDIUM,2,AUTOMOBILE,AIR,2,0.04,0,Brand#51,21,MED CASE,11,29,14193.0976
F,F,TAKE BACK RETURN,1,Manufacturer#3,1-URGENT,1,FURNITURE,MAIL,6,0,1,Brand#31,2,SM BOX,1,30,63727.832
F,F,NONE,4,Manufacturer#4,1-URGENT,1,FURNITURE,FOB,4,0.02,10,Brand#41,2,SM JAR,39,30,8831.365
F,F,COLLECT COD,2,Manufacturer#1,5-LOW,1,FURNITURE,FOB,7,0.04,18,Brand#11,1,LG CASE,7,31,14101.893
F,F,TAKE BACK RETURN,4,Manufacturer#5,5-LOW,1,FURNITURE,REG AIR,6,0.01,20,Brand#55,1,WRAP JAR,14,31,42092.352
F,F,COLLECT COD,0,Manufacturer#4,1-URGENT,2,AUTOMOBILE,MAIL,1,0.02,5,Brand#45,8,WRAP BOX,48,32,64639.6872
F,F,NONE,3,Manufacturer#3,1-URGENT,2,AUTOMOBILE,SHIP,2,0.08,23,Brand#34,8,LG PKG,26,32,20298.65
F,F,DELIVER IN PERSON,3,Manufacturer#4,1-URGENT,2,AUTOMOBILE,AIR,4,0.07,22,Brand#44,8,JUMBO BOX,46,32,72537.3312
F,F,COLLECT COD,3,Manufacturer#3,5-LOW,2,MACHINERY,REG AIR,4,0.04,22,Brand#31,18,LG BOX,26,33,50582.896
F,F,DELIVER IN PERSON,2,Manufacturer#5,5-LOW,2,MACHINERY,FOB,1,0.07,21,Brand#53,18,JUMBO CASE,21,33,31009.6
F,F,DELIVER IN PERSON,2,Manufacturer#4,5-LOW,2,MACHINERY,RAIL,2,0.06,12,Brand#45,18,MED BOX,19,33,37472.8536
F,F,DELIVER IN PERSON,3,Manufacturer#4,5-LOW,2,MACHINERY,TRUCK,3,0.08,7,Brand#43,18,LG JAR,19,33,46699.092
F,F,TAKE BACK RETURN,1,Manufacturer#1,2-HIGH,0,FURNITURE,RAIL,1,0.06,17,Brand#13,5,WRAP CAN,36,34,12113.9172
F,F,COLLECT COD,0,Manufacturer#2,2-HIGH,0,FURNITURE,SHIP,5,0.06,14,Brand#21,5,MED JAR,16,34,29472.381
F,F,COLLECT COD,0,Manufacturer#5,5-LOW,1,HOUSEHOLD,AIR,2,0.07,14,Brand#52,3,WRAP PACK,9,35,49726.306
F,F,TAKE BACK RETURN,3,Manufacturer#3,5-LOW,3,BUILDING,MAIL,6,0.02,19,Brand#33,23,SM BAG,21,36,17766.3008
F,F,COLLECT COD,2,Manufacturer#3,5-LOW,3,BUILDING,SHIP,3,0.02,21,Brand#35,23,WRAP CASE,47,36,53218.711
F,F,DELIVER IN PERSON,4,Manufacturer#2,1-URGENT,3,FURNITURE,AIR,1,0.04,10,Brand#25,6,SM DRUM,1,37,53386.68
F,F,COLLECT COD,2,Manufacturer#4,3-MEDIUM,1,BUILDING,FOB,1,0.08,18,Brand#43,24,WRAP BOX,28,38,85661.4374
F,F,NONE,0,Manufacturer#1,2-HIGH,2,AUTOMOBILE,SHIP,5,0.07,0,Brand#13,18,LG BOX,45,39,24493.968
F,F,COLLECT COD,3,Manufacturer#5,2-HIGH,2,AUTOMOBILE,MAIL,4,0.04,19,Brand#51,18,MED PACK,42,39,33073.11
F,F,NONE,2,Manufacturer#3,2-HIGH,2,MACHINERY,TRUCK,1,0.03,12,Brand#35,18,WRAP PKG,24,40,39363.9426
F,F,NONE,3,Manufacturer#1,2-HIGH,2,MACHINERY,AIR,3,0.01,22,Brand#12,18,MED JAR,42,40,48171.6595
F,F,COLLECT COD,4,Manufacturer#4,5-LOW,1,BUILDING,AIR,1,0.02,4,Brand#45,24,SM JAR,42,41,2209.3316
F,F,COLLECT COD,4,Manufacturer#5,4-NOT SPECIFIED,4,AUTOMOBILE,SHIP,5,0.08,10,Brand#52,20,JUMBO PACK,37,42,65348.556
F,F,TAKE BACK RETURN,0,Manufacturer#3,4-NOT SPECIFIED,4,AUTOMOBILE,MAIL,3,0.05,5,Brand#33,20,WRAP BAG,40,42,76630.7178
F,F,NONE,4,Manufacturer#2,4-NOT SPECIFIED,4,AUTOMOBILE,TRUCK,4,0.06,20,Brand#22,20,LG PACK,10,42,56283.5208
F,F,COLLECT COD,0,Manufacturer#3,4-NOT SPECIFIED,4,AUTOMOBILE,REG AIR,7,0.08,5,Brand#34,20,JUMBO JAR,22,42,54209.61
F,F,COLLECT COD,2,Manufacturer#3,4-NOT SPECIFIED,3,MACHINERY,FOB,1,0.08,9,Brand#33,6,WRAP JAR,5,43,27188.064
F,F,DELIVER IN PERSON,3,Manufacturer#5,4-NOT SPECIFIED,3,MACHINERY,TRUCK,2,0.08,23,Brand#54,6,SM JAR,4,43,30219.7824
F,F,COLLECT COD,4,Manufacturer#3,4-NOT SPECIFIED,3,MACHINERY,REG AIR,3,0.04,20,Brand#31,6,JUMBO CASE,22,43,3768.8685
F,F,DELIVER IN PERSON,3,Manufacturer#3,5-LOW,4,HOUSEHOLD,REG AIR,2,0.01,23,Brand#35,13,SM BAG,18,44,47500.5384
F,F,NONE,1,Manufacturer#2,5-LOW,4,HOUSEHOLD,REG AIR,3,0.03,24,Brand#22,13,JUMBO BAG,29,44,41036.1
F,F,DELIVER IN PERSON,0,Manufacturer#1,5-LOW,4,HOUSEHOLD,TRUCK,6,0.08,5,Brand#12,13,MED JAR,26,44,5874.42
F,F,TAKE BACK RETURN,3,Manufacturer#2,1-URGENT,0,MACHINERY,FOB,3,0.08,7,Brand#25,16,WRAP BAG,27,45,18719.9793
F,F,NONE,0,Manufacturer#4,1-URGENT,0,MACHINERY,RAIL,1,0.05,14,Brand#41,16,WRAP CASE,49,45,41737.0512
F,F,COLLECT COD,2,Manufacturer#2,1-URGENT,0,MACHINERY,TRUCK,4,0.01,18,Brand#24,16,SM JAR,10,45,63314.86
F,F,TAKE BACK RETURN,2,Manufacturer#2,2-HIGH,0,AUTOMOBILE,AIR,1,0.03,9,Brand#21,5,JUMBO JAR,38,46,51229.854
F,F,TAKE BACK RETURN,0,Manufacturer#4,2-HIGH,0,AUTOMOBILE,TRUCK,2,0.08,16,Brand#43,5,SM BOX,34,46,57314.544
F,F,COLLECT COD,2,Manufacturer#4,2-HIGH,0,MACHINERY,TRUCK,2,0.07,9,Brand#41,0,LG CAN,48,47,3177.4224
F,F,NONE,2,Manufacturer#4,2-HIGH,0,MACHINERY,RAIL,5,0.08,21,Brand#42,0,MED BAG,10,47,40844.4096
F,F,NONE,3,Manufacturer#5,2-HIGH,0,MACHINERY,TRUCK,3,0,6,Brand#52,0,WRAP BAG,43,47,6658.4336
F,F,DELIVER IN PERSON,2,Manufacturer#4,1-URGENT,4,MACHINERY,REG AIR,3,0.02,21,Brand#44,11,WRAP BOX,2,48,65735.0784
F,F,DELIVER IN PERSON,2,Manufacturer#4,1-URGENT,4,MACHINERY,TRUCK,1,0.03,9,Brand#45,11,JUMBO JAR,50,48,7165.0176
F,F,COLLECT COD,3,Manufacturer#3,1-URGENT,4,MACHINERY,REG AIR,2,0,7,Brand#35,11,LG PACK,33,48,64507.32
F,F,NONE,1,Manufacturer#5,4-NOT SPECIFIED,1,BUILDING,RAIL,2,0.06,3,Brand#52,1,SM BAG,33,49,49488.9884
F,F,COLLECT COD,2,Manufacturer#3,4-NOT SPECIFIED,1,BUILDING,RAIL,1,0.04,21,Brand#35,1,LG JAR,28,49,32189.9391
F,F,DELIVER IN PERSON,1,Manufacturer#2,3-MEDIUM,1,AUTOMOBILE,RAIL,2,0.02,3,Brand#24,1,WRAP JAR,39,50,8518.8
F,F,NONE,4,Manufacturer#3,3-MEDIUM,1,AUTOMOBILE,FOB,1,0.05,13,Brand#33,1,LG CAN,45,50,34583.6304
F,F,DELIVER IN PERSON,1,Manufacturer#1,5-LOW,2,AUTOMOBILE,REG AIR,2,0.07,3,Brand#12,9,JUMBO JAR,34,51,70867.728
F,F,TAKE BACK RETURN,2,Manufacturer#3,5-LOW,2,AUTOMOBILE,RAIL,3,0.03,21,Brand#34,9,SM PKG,2,51,24376.221
F,F,TAKE BACK RETURN,2,Manufacturer#3,5-LOW,2,AUTOMOBILE,SHIP,1,0.07,18,Brand#35,9,JUMBO CASE,17,51,5067.139
F,F,COLLECT COD,2,Manufacturer#1,5-LOW,2,AUTOMOBILE,FOB,4,0.08,12,Brand#12,9,JUMBO CASE,27,51,25692.0573
F,F,NONE,3,Manufacturer#4,3-MEDIUM,2,BUILDING,TRUCK,1,0.01,19,Brand#43,12,JUMBO PACK,39,52,36049.365
F,F,DELIVER IN PERSON,3,Manufacturer#4,3-MEDIUM,2,BUILDING,RAIL,2,0.02,22,Brand#45,12,SM BAG,43,52,56884.1
F,F,COLLECT COD,0,Manufacturer#5,1-URGENT,2,BUILDING,FOB,5,0.04,15,Brand#53,12,SM PKG,10,53,19508.048
F,F,DELIVER IN PERSON,2,Manufacturer#2,1-URGENT,2,BUILDING,SHIP,3,0.04,21,Brand#22,12,SM JAR,7,53,28059.5952
F,F,COLLECT COD,4,Manufacturer#3,1-URGENT,2,BUILDING,SHIP,6,0.05,10,Brand#35,12,JUMBO CASE,1,53,29580.3495
F,F,NONE,1,Manufacturer#2,1-URGENT,0,AUTOMOBILE,TRUCK,4,0.02,24,Brand#22,0,WRAP PKG,19,54,25723.796
F,F,NONE,1,Manufacturer#3,1-URGENT,0,AUTOMOBILE,FOB,2,0.01,24,Brand#31,0,JUMBO PKG,50,54,53659.6368
F,F,DELIVER IN PERSON,2,Manufacturer#5,1-URGENT,0,AUTOMOBILE,AIR,3,0.03,12,Brand#54,0,WRAP JAR,25,54,54739.7814
F,F,DELIVER IN PERSON,2,Manufacturer#5,1-URGENT,0,AUTOMOBILE,RAIL,6,0.07,8,Brand#52,0,MED PKG,32,54,30043.0755
F,F,COLLECT COD,3,Manufacturer#1,1-URGENT,0,AUTOMOBILE,AIR,1,0.08,23,Brand#15,0,SM BAG,20,54,14443.812
F,F,NONE,4,Manufacturer#3,1-URGENT,4,BUILDING,FOB,2,0.07,13,Brand#34,11,JUMBO JAR,1,55,40313.079
F,F,COLLECT COD,3,Manufacturer#5,1-URGENT,4,BUILDING,MAIL,5,0.03,7,Brand#52,11,SM PACK,41,55,15568.3552
F,F,COLLECT COD,0,Manufacturer#4,5-LOW,2,HOUSEHOLD,TRUCK,7,0.06,0,Brand#42,9,LG PACK,46,56,21626.6544
F,F,TAKE BACK RETURN,1,Manufacturer#4,1-URGENT,2,MACHINERY,FOB,3,0.06,24,Brand#43,9,SM PKG,15,57,6820.264
F,F,COLLECT COD,4,Manufacturer#5,1-URGENT,2,MACHINERY,TRUCK,5,0.07,4,Brand#54,9,JUMBO BOX,44,57,22366.8864
F,F,TAKE BACK RETURN,0,Manufacturer#1,1-URGENT,2,MACHINERY,SHIP,7,0.07,15,Brand#14,9,JUMBO JAR,21,57,12167.874
F,F,TAKE BACK RETURN,0,Manufacturer#5,1-URGENT,2,MACHINERY,REG AIR,2,0.01,14,Brand#53,9,WRAP BOX,25,57,38003.44
F,F,TAKE BACK RETURN,1,Manufacturer#2,4-NOT SPECIFIED,4,HOUSEHOLD,MAIL,1,0.07,17,Brand#22,11,LG DRUM,22,58,24755.661
F,F,NONE,0,Manufacturer#3,4-NOT SPECIFIED,4,HOUSEHOLD,FOB,3,0.08,14,Brand#34,11,WRAP BAG,20,58,15413.398
F,F,COLLECT COD,2,Manufacturer#3,4-NOT SPECIFIED,4,HOUSEHOLD,MAIL,4,0,18,Brand#32,11,SM CASE,32,58,8519.384
F,F,DELIVER IN PERSON,3,Manufacturer#1,4-NOT SPECIFIED,4,HOUSEHOLD,AIR,2,0.01,19,Brand#12,11,WRAP PKG,17,58,51025.868
F,F,DELIVER IN PERSON,0,Manufacturer#4,4-NOT SPECIFIED,4,HOUSEHOLD,TRUCK,1,0.04,14,Brand#45,11,WRAP BOX,27,59,31064.4
F,F,COLLECT COD,1,Manufacturer#4,2-HIGH,2,MACHINERY,REG AIR,4,0.04,2,Brand#41,8,SM DRUM,14,60,20635.1054
F,F,DELIVER IN PERSON,2,Manufacturer#5,1-URGENT,3,MACHINERY,AIR,4,0.06,21,Brand#54,6,SM BOX,6,61,30451.86
F,F,NONE,2,Manufacturer#1,1-URGENT,3,MACHINERY,FOB,7,0.05,21,Brand#15,6,JUMBO BOX,32,61,38554.32
F,F,TAKE BACK RETURN,2,Manufacturer#3,1-URGENT,3,MACHINERY,SHIP,1,0.03,21,Brand#32,6,SM BOX,45,61,22627.689
F,F,DELIVER IN PERSON,2,Manufacturer#1,1-URGENT,0,BUILDING,REG AIR,2,0.03,21,Brand#14,16,SM PKG,20,62,92294.53
F,F,NONE,2,Manufacturer#5,1-URGENT,1,BUILDING,FOB,1,0,9,Brand#53,1,LG JAR,46,63,23512.8192
F,F,DELIVER IN PERSON,3,Manufacturer#5,5-LOW,4,FURNITURE,RAIL,1,0.03,6,Brand#51,13,WRAP DRUM,41,64,29869.1848
F,F,TAKE BACK RETURN,4,Manufacturer#5,4-NOT SPECIFIED,1,BUILDING,FOB,5,0.05,11,Brand#54,3,LG JAR,37,65,10084.347
F,F,DELIVER IN PERSON,1,Manufacturer#3,4-NOT SPECIFIED,1,BUILDING,FOB,1,0.05,1,Brand#31,3,MED JAR,47,65,77734.9755
F,F,TAKE BACK RETURN,4,Manufacturer#3,5-LOW,2,MACHINERY,FOB,2,0.05,20,Brand#33,18,MED DRUM,35,66,30686.76
F,F,TAKE BACK RETURN,2,Manufacturer#1,5-LOW,2,MACHINERY,AIR,7,0.01,18,Brand#12,18,MED CASE,9,66,31441.4298
F,F,NONE,3,Manufacturer#3,5-LOW,2,MACHINERY,MAIL,3,0.05,22,Brand#34,18,LG BOX,35,66,9367.2376
F,F,NONE,3,Manufacturer#4,5-LOW,2,MACHINERY,AIR,6,0.08,19,Brand#43,18,MED JAR,49,66,71328.075
F,F,NONE,2,Manufacturer#1,3-MEDIUM,2,AUTOMOBILE,SHIP,3,0.01,21,Brand#13,18,WRAP DRUM,16,39,53647.5
F,F,COLLECT COD,2,Manufacturer#1,5-LOW,1,FURNITURE,FOB,2,0,9,Brand#13,2,LG CAN,21,67,25544.217
F,F,NONE,2,Manufacturer#5,5-LOW,1,FURNITURE,TRUCK,1,0.02,9,Brand#53,2,MED DRUM,42,67,44262.2712
F,F,COLLECT COD,4,Manufacturer#1,5-LOW,1,FURNITURE,MAIL,3,0.03,4,Brand#15,2,MED CASE,8,67,40183.668
F,F,DELIVER IN PERSON,4,Manufacturer#2,4-NOT SPECIFIED,3,MACHINERY,REG AIR,4,0.06,11,Brand#24,19,LG JAR,37,68,9062.9525
F,F,COLLECT COD,1,Manufacturer#4,4-NOT SPECIFIED,3,MACHINERY,MAIL,6,0.08,17,Brand#44,19,JUMBO BOX,1,68,6082.5208
F,F,NONE,1,Manufacturer#4,2-HIGH,1,AUTOMOBILE,SHIP,4,0.02,17,Brand#41,24,LG CAN,37,69,10372.941
F,F,DELIVER IN PERSON,1,Manufacturer#5,2-HIGH,1,AUTOMOBILE,RAIL,2,0.02,2,Brand#54,24,WRAP DRUM,43,69,74855.9196
F,F,DELIVER IN PERSON,0,Manufacturer#1,3-MEDIUM,2,AUTOMOBILE,REG AIR,5,0.05,0,Brand#15,18,WRAP PKG,3,39,6450.76
F,F,TAKE BACK RETURN,0,Manufacturer#4,5-LOW,2,MACHINERY,FOB,3,0.01,14,Brand#41,18,WRAP BAG,13,70,22154.418
F,F,TAKE BACK RETURN,2,Manufacturer#3,3-MEDIUM,1,FURNITURE,TRUCK,1,0.01,9,Brand#34,24,LG BOX,13,71,46941.3
F,F,TAKE BACK RETURN,4,Manufacturer#4,3-MEDIUM,1,FURNITURE,SHIP,5,0.02,10,Brand#42,24,MED BOX,37,71,68637.405
F,F,COLLECT COD,0,Manufacturer#3,3-MEDIUM,1,FURNITURE,MAIL,2,0.02,15,Brand#34,24,WRAP BAG,4,71,10804.9074
F,F,COLLECT COD,3,Manufacturer#4,1-URGENT,0,BUILDING,MAIL,2,0.07,22,Brand#44,16,JUMBO CASE,42,72,31559.22
F,F,DELIVER IN PERSON,2,Manufacturer#1,1-URGENT,0,BUILDING,SHIP,3,0,12,Brand#13,16,JUMBO PACK,14,72,49346.0352
F,F,DELIVER IN PERSON,1,Manufacturer#1,1-URGENT,0,BUILDING,AIR,1,0.03,2,Brand#14,16,MED CAN,5,72,4117.8456
F,F,COLLECT COD,3,Manufacturer#4,3-MEDIUM,1,MACHINERY,AIR,2,0.02,6,Brand#45,24,SM CAN,17,73,59274.243
F,F,DELIVER IN PERSON,2,Manufacturer#3,1-URGENT,1,MACHINERY,MAIL,3,0.06,21,Brand#33,17,SM CAN,6,74,59335.938
F,F,TAKE BACK RETURN,1,Manufacturer#4,1-URGENT,1,MACHINERY,AIR,1,0.04,24,Brand#41,17,JUMBO JAR,15,74,51681.28
F,F,DELIVER IN PERSON,2,Manufacturer#2,2-HIGH,4,HOUSEHOLD,AIR,2,0,9,Brand#23,4,WRAP PACK,28,75,22540.441
F,F,DELIVER IN PERSON,4,Manufacturer#1,2-HIGH,4,HOUSEHOLD,MAIL,3,0.06,4,Brand#13,4,SM BOX,31,75,49071.1518
F,F,TAKE BACK RETURN,1,Manufacturer#5,2-HIGH,4,HOUSEHOLD,AIR,4,0.04,3,Brand#53,4,SM PACK,47,75,37885.31
F,F,COLLECT COD,3,Manufacturer#3,1-URGENT,3,FURNITURE,REG AIR,4,0.04,6,Brand#33,7,LG CASE,38,76,4462.6626
F,F,NONE,4,Manufacturer#4,1-URGENT,3,FURNITURE,RAIL,3,0.03,20,Brand#43,7,MED CAN,40,76,1923.4468
F,F,DELIVER IN PERSON,4,Manufacturer#3,1-URGENT,3,FURNITURE,AIR,1,0.02,10,Brand#34,7,WRAP PACK,11,76,28120.2432
F,F,NONE,4,Manufacturer#4,5-LOW,4,FURNITURE,AIR,1,0.04,13,Brand#43,13,MED DRUM,9,77,42866.928
F,F,COLLECT COD,2,Manufacturer#4,5-LOW,4,FURNITURE,RAIL,7,0.02,18,Brand#43,13,JUMBO BOX,40,77,17938.7808
F,F,COLLECT COD,0,Manufacturer#5,5-LOW,3,MACHINERY,MAIL,1,0.03,16,Brand#53,23,LG CASE,20,78,19724.463
F,F,DELIVER IN PERSON,2,Manufacturer#4,5-LOW,1,HOUSEHOLD,AIR,7,0.06,8,Brand#43,17,MED PACK,34,79,64000.2
F,F,NONE,4,Manufacturer#4,1-URGENT,2,MACHINERY,REG AIR,2,0.05,4,Brand#45,12,JUMBO CAN,34,176,33027.7948
F,F,DELIVER IN PERSON,0,Manufacturer#4,3-MEDIUM,2,AUTOMOBILE,AIR,2,0.03,15,Brand#42,21,MED CAN,46,80,48475.9296
F,F,DELIVER IN PERSON,1,Manufacturer#5,3-MEDIUM,2,AUTOMOBILE,REG AIR,5,0.03,2,Brand#55,21,SM BOX,35,80,7369.1136
F,F,NONE,4,Manufacturer#1,1-URGENT,1,FURNITURE,AIR,5,0.05,13,Brand#15,3,JUMBO DRUM,5,81,13072.7688
F,F,DELIVER IN PERSON,2,Manufacturer#3,1-URGENT,1,FURNITURE,REG AIR,7,0,21,Brand#31,3,JUMBO BOX,31,81,53702.6888
F,F,COLLECT COD,1,Manufacturer#3,1-URGENT,1,FURNITURE,AIR,2,0.02,1,Brand#32,3,SM JAR,33,81,7300.0004
F,F,NONE,1,Manufacturer#3,1-URGENT,1,FURNITURE,TRUCK,1,0.03,24,Brand#32,3,SM BAG,37,81,6288.3472
F,F,COLLECT COD,3,Manufacturer#5,1-URGENT,1,FURNITURE,TRUCK,4,0.03,19,Brand#53,3,SM PACK,34,81,66045.07
F,F,DELIVER IN PERSON,2,Manufacturer#1,2-HIGH,3,MACHINERY,AIR,2,0.05,9,Brand#12,7,JUMBO JAR,28,82,45084.6144
F,F,COLLECT COD,4,Manufacturer#5,3-MEDIUM,0,FURNITURE,REG AIR,2,0.03,11,Brand#55,0,WRAP PKG,47,83,42104.104
F,F,NONE,2,Manufacturer#1,3-MEDIUM,0,FURNITURE,FOB,6,0.02,8,Brand#11,0,MED JAR,41,83,52620.2245
F,F,DELIVER IN PERSON,3,Manufacturer#4,2-HIGH,3,MACHINERY,TRUCK,5,0.01,7,Brand#41,7,LG PACK,31,82,74349.432
F,F,COLLECT COD,1,Manufacturer#3,2-HIGH,0,HOUSEHOLD,FOB,1,0.06,17,Brand#34,0,MED BAG,8,84,77430.99
F,F,DELIVER IN PERSON,4,Manufacturer#2,4-NOT SPECIFIED,2,FURNITURE,TRUCK,1,0.08,10,Brand#22,21,SM DRUM,46,85,42041.604
F,F,NONE,1,Manufacturer#5,4-NOT SPECIFIED,2,FURNITURE,TRUCK,6,0.05,17,Brand#53,21,JUMBO CASE,12,85,1419.5594
F,F,NONE,0,Manufacturer#4,5-LOW,0,FURNITURE,MAIL,5,0.07,14,Brand#44,15,LG DRUM,6,86,43678.17
F,F,NONE,1,Manufacturer#1,5-LOW,0,FURNITURE,FOB,1,0.07,24,Brand#15,15,WRAP CAN,19,86,80359.075
F,F,COLLECT COD,3,Manufacturer#5,5-LOW,0,FURNITURE,TRUCK,4,0.04,6,Brand#52,15,MED BOX,39,86,58254.8652
F,F,TAKE BACK RETURN,2,Manufacturer#4,5-LOW,0,FURNITURE,MAIL,3,0.01,18,Brand#42,15,JUMBO CASE,23,86,22295.6272
F,F,COLLECT COD,1,Manufacturer#3,5-LOW,0,FURNITURE,FOB,2,0.08,24,Brand#35,15,SM CASE,37,86,8530.2462
F,F,DELIVER IN PERSON,1,Manufacturer#1,3-MEDIUM,2,AUTOMOBILE,TRUCK,3,0.04,1,Brand#15,12,LG CASE,43,87,61138.6368
F,F,COLLECT COD,3,Manufacturer#3,3-MEDIUM,2,AUTOMOBILE,MAIL,2,0.03,7,Brand#35,12,JUMBO BAG,14,87,39578.193
F,F,COLLECT COD,1,Manufacturer#5,3-MEDIUM,2,AUTOMOBILE,SHIP,7,0.02,2,Brand#55,12,WRAP BOX,17,87,25243.3052
F,F,TAKE BACK RETURN,4,Manufacturer#4,2-HIGH,2,FURNITURE,SHIP,1,0.03,20,Brand#45,21,MED CAN,36,88,64008.7266
F,F,TAKE BACK RETURN,2,Manufacturer#3,2-HIGH,2,MACHINERY,TRUCK,1,0.01,21,Brand#34,21,LG CASE,41,89,13533.156
F,F,COLLECT COD,0,Manufacturer#4,2-HIGH,2,MACHINERY,RAIL,3,0.02,0,Brand#44,21,LG CAN,21,89,9935.5936
F,F,NONE,4,Manufacturer#2,1-URGENT,3,HOUSEHOLD,MAIL,3,0.07,10,Brand#21,6,JUMBO CASE,39,90,20746.5216
F,F,NONE,4,Manufacturer#1,1-URGENT,3,HOUSEHOLD,REG AIR,5,0.01,13,Brand#14,6,SM DRUM,40,90,39744.108
F,F,NONE,0,Manufacturer#3,1-URGENT,1,BUILDING,RAIL,6,0.08,5,Brand#35,1,SM PKG,35,91,6918.0992
F,F,COLLECT COD,2,Manufacturer#1,4-NOT SPECIFIED,4,AUTOMOBILE,REG AIR,5,0.05,9,Brand#13,13,MED BOX,46,92,34132.5
F,F,NONE,1,Manufacturer#5,4-NOT SPECIFIED,4,AUTOMOBILE,AIR,3,0,3,Brand#52,13,SM PACK,40,92,25995.465
F,F,DELIVER IN PERSON,3,Manufacturer#1,4-NOT SPECIFIED,4,AUTOMOBILE,TRUCK,4,0,7,Brand#15,13,WRAP PKG,37,92,27700.176
F,F,NONE,4,Manufacturer#3,4-NOT SPECIFIED,1,FURNITURE,MAIL,1,0.02,13,Brand#31,1,WRAP PACK,43,93,42729.3408
F,F,NONE,4,Manufacturer#1,4-NOT SPECIFIED,1,FURNITURE,RAIL,5,0.01,4,Brand#14,1,MED CAN,46,93,7656.1872
F,F,DELIVER IN PERSON,4,Manufacturer#5,4-NOT SPECIFIED,1,FURNITURE,AIR,3,0.01,11,Brand#55,1,MED PKG,39,93,39771.1368
F,F,TAKE BACK RETURN,4,Manufacturer#5,3-MEDIUM,1,MACHINERY,RAIL,6,0.05,20,Brand#54,24,SM DRUM,19,94,54887.808
F,F,COLLECT COD,2,Manufacturer#1,3-MEDIUM,1,MACHINERY,FOB,5,0,18,Brand#12,24,MED JAR,47,94,34385.2236
F,F,COLLECT COD,0,Manufacturer#3,3-MEDIUM,1,MACHINERY,RAIL,1,0.05,16,Brand#31,24,LG BOX,40,94,40654.764
F,F,DELIVER IN PERSON,3,Manufacturer#2,4-NOT SPECIFIED,1,HOUSEHOLD,TRUCK,4,0.05,23,Brand#21,2,JUMBO CAN,42,95,60086.747
F,F,NONE,1,Manufacturer#2,4-NOT SPECIFIED,1,HOUSEHOLD,AIR,3,0,1,Brand#22,2,JUMBO JAR,18,95,43829.6526
F,F,NONE,3,Manufacturer#4,4-NOT SPECIFIED,1,HOUSEHOLD,REG AIR,5,0.06,7,Brand#41,2,MED BAG,33,95,58679.1072
F,F,TAKE BACK RETURN,4,Manufacturer#2,1-URGENT,1,BUILDING,MAIL,2,0.04,11,Brand#25,1,SM CAN,13,91,17514.792
F,F,COLLECT COD,3,Manufacturer#2,1-URGENT,1,BUILDING,REG AIR,1,0.02,19,Brand#23,1,SM CASE,12,91,18008.9013
F,F,TAKE BACK RETURN,0,Manufacturer#2,4-NOT SPECIFIED,0,BUILDING,SHIP,2,0.07,16,Brand#22,14,WRAP BOX,50,96,69763.2215
F,F,DELIVER IN PERSON,4,Manufacturer#3,4-NOT SPECIFIED,0,BUILDING,AIR,3,0.04,20,Brand#34,14,MED PKG,17,96,11196.2268
F,F,COLLECT COD,1,Manufacturer#3,5-LOW,2,BUILDING,MAIL,3,0.04,1,Brand#31,8,JUMBO BAG,47,97,65313.0016
F,F,COLLECT COD,3,Manufacturer#1,5-LOW,2,BUILDING,TRUCK,6,0,23,Brand#15,8,JUMBO CAN,50,97,49560.8405
F,F,NONE,1,Manufacturer#3,5-LOW,2,BUILDING,SHIP,5,0.07,17,Brand#33,8,MED PKG,14,97,18856.929
F,F,COLLECT COD,1,Manufacturer#1,5-LOW,2,BUILDING,SHIP,2,0.03,24,Brand#13,8,LG BAG,48,97,70198.26
F,F,DELIVER IN PERSON,2,Manufacturer#2,5-LOW,2,BUILDING,AIR,4,0,21,Brand#25,8,MED BOX,50,97,27037.192
F,F,NONE,3,Manufacturer#2,2-HIGH,3,MACHINERY,REG AIR,1,0,19,Brand#24,7,WRAP PACK,13,98,41597.6197
F,F,DELIVER IN PERSON,3,Manufacturer#2,2-HIGH,3,MACHINERY,REG AIR,2,0.02,23,Brand#23,7,SM DRUM,38,98,4319.216
F,F,NONE,2,Manufacturer#5,2-HIGH,3,MACHINERY,RAIL,3,0.08,9,Brand#55,7,LG PKG,29,98,74297.8209
F,F,COLLECT COD,3,Manufacturer#4,4-NOT SPECIFIED,4,AUTOMOBILE,FOB,1,0.01,7,Brand#43,11,JUMBO CAN,14,99,12547.7847
F,F,COLLECT COD,3,Manufacturer#5,4-NOT SPECIFIED,0,FURNITURE,MAIL,4,0.08,7,Brand#53,0,MED JAR,5,100,17180.7792
F,F,DELIVER IN PERSON,3,Manufacturer#5,4-NOT SPECIFIED,0,FURNITURE,RAIL,3,0.08,23,Brand#55,0,JUMBO PACK,20,100,17144.218
F,F,NONE,4,Manufacturer#5,1-URGENT,3,AUTOMOBILE,FOB,2,0.01,4,Brand#54,22,MED BOX,22,101,37615.8216
F,F,DELIVER IN PERSON,1,Manufacturer#3,3-MEDIUM,3,AUTOMOBILE,RAIL,5,0.03,2,Brand#31,23,SM JAR,5,102,41880.594
F,F,NONE,3,Manufacturer#5,3-MEDIUM,3,AUTOMOBILE,AIR,1,0.06,22,Brand#55,23,LG JAR,41,102,50372.8992
F,F,COLLECT COD,1,Manufacturer#4,4-NOT SPECIFIED,2,MACHINERY,MAIL,4,0.01,1,Brand#42,8,MED JAR,4,103,67146.779
F,F,COLLECT COD,4,Manufacturer#4,4-NOT SPECIFIED,2,MACHINERY,REG AIR,2,0.04,20,Brand#41,8,WRAP PACK,30,103,7953.03
F,F,DELIVER IN PERSON,0,Manufacturer#1,4-NOT SPECIFIED,2,MACHINERY,RAIL,6,0.01,14,Brand#11,8,SM BOX,8,103,6739.08
F,F,COLLECT COD,2,Manufacturer#4,4-NOT SPECIFIED,2,MACHINERY,FOB,7,0.04,9,Brand#45,8,MED BAG,12,103,18799.004
F,F,COLLECT COD,3,Manufacturer#4,4-NOT SPECIFIED,2,MACHINERY,MAIL,5,0.01,19,Brand#41,8,WRAP PACK,49,103,9001.5192
F,F,NONE,3,Manufacturer#5,2-HIGH,2,AUTOMOBILE,RAIL,2,0.07,22,Brand#55,21,LG CASE,18,104,42995.9376
F,F,DELIVER IN PERSON,2,Manufacturer#3,2-HIGH,2,AUTOMOBILE,AIR,5,0,12,Brand#31,21,MED PACK,32,104,39275.3816
F,F,COLLECT COD,1,Manufacturer#2,2-HIGH,2,AUTOMOBILE,SHIP,4,0.04,3,Brand#25,21,SM PKG,31,104,42229.2168
F,F,TAKE BACK RETURN,2,Manufacturer#3,4-NOT SPECIFIED,2,AUTOMOBILE,SHIP,2,0.05,21,Brand#32,9,LG PACK,2,105,20228.3804
F,F,TAKE BACK RETURN,3,Manufacturer#4,4-NOT SPECIFIED,2,AUTOMOBILE,TRUCK,3,0.06,19,Brand#41,9,WRAP CAN,12,105,57557.2536
F,F,TAKE BACK RETURN,1,Manufacturer#5,4-NOT SPECIFIED,4,AUTOMOBILE,REG AIR,4,0,24,Brand#51,11,WRAP DRUM,14,99,38937.36
F,F,NONE,0,Manufacturer#5,2-HIGH,4,FURNITURE,SHIP,3,0.05,5,Brand#54,11,LG CASE,47,106,45705.06
F,F,TAKE BACK RETURN,0,Manufacturer#2,1-URGENT,3,AUTOMOBILE,MAIL,1,0.01,14,Brand#21,23,LG JAR,4,107,44792.1474
F,F,DELIVER IN PERSON,2,Manufacturer#5,4-NOT SPECIFIED,4,FURNITURE,TRUCK,5,0.07,21,Brand#53,11,WRAP PKG,23,108,17233.344
F,F,TAKE BACK RETURN,0,Manufacturer#5,3-MEDIUM,4,HOUSEHOLD,RAIL,4,0.04,16,Brand#55,4,LG PKG,15,109,17279.645
F,F,NONE,3,Manufacturer#1,3-MEDIUM,1,BUILDING,SHIP,1,0.05,22,Brand#15,17,MED BOX,33,110,36496.9796
F,F,DELIVER IN PERSON,4,Manufacturer#1,4-NOT SPECIFIED,4,HOUSEHOLD,REG AIR,1,0.03,4,Brand#11,20,JUMBO BAG,1,111,18405.459
F,F,TAKE BACK RETURN,3,Manufacturer#2,3-MEDIUM,3,AUTOMOBILE,TRUCK,3,0,23,Brand#24,7,LG PKG,19,112,48300.219
F,F,TAKE BACK RETURN,4,Manufacturer#3,3-MEDIUM,3,AUTOMOBILE,AIR,4,0.06,11,Brand#34,7,JUMBO DRUM,40,112,30151.2425
F,F,DELIVER IN PERSON,3,Manufacturer#2,3-MEDIUM,4,AUTOMOBILE,FOB,1,0.02,22,Brand#22,11,WRAP CAN,12,113,51378.99
F,F,NONE,3,Manufacturer#1,3-MEDIUM,4,FURNITURE,AIR,6,0.05,19,Brand#15,4,LG CAN,17,114,73841.6288
F,F,TAKE BACK RETURN,3,Manufacturer#1,3-MEDIUM,4,FURNITURE,MAIL,3,0.07,19,Brand#12,4,LG BOX,48,114,10546.5744
F,F,COLLECT COD,4,Manufacturer#3,3-MEDIUM,4,FURNITURE,FOB,1,0.05,20,Brand#35,4,LG JAR,13,114,48901.056
F,F,COLLECT COD,4,Manufacturer#4,5-LOW,3,AUTOMOBILE,AIR,1,0.05,20,Brand#42,22,JUMBO JAR,20,115,19467.162
F,F,NONE,2,Manufacturer#5,5-LOW,3,AUTOMOBILE,TRUCK,3,0.01,9,Brand#55,22,SM BAG,25,115,4648.676
F,F,COLLECT COD,0,Manufacturer#5,5-LOW,3,AUTOMOBILE,RAIL,4,0,5,Brand#54,22,JUMBO PACK,43,115,48406.2964
F,F,TAKE BACK RETURN,1,Manufacturer#3,2-HIGH,1,MACHINERY,AIR,3,0,1,Brand#32,3,LG BAG,48,116,16467.2496
F,F,DELIVER IN PERSON,1,Manufacturer#2,2-HIGH,1,MACHINERY,RAIL,4,0.03,3,Brand#22,3,JUMBO CASE,4,116,21375.9
F,F,DELIVER IN PERSON,3,Manufacturer#2,2-HIGH,1,MACHINERY,AIR,5,0.07,19,Brand#25,3,JUMBO JAR,27,116,46242.657
F,F,NONE,1,Manufacturer#3,2-HIGH,1,MACHINERY,SHIP,2,0.08,17,Brand#31,3,JUMBO BAG,18,116,48069.8328
F,F,DELIVER IN PERSON,1,Manufacturer#4,5-LOW,2,BUILDING,REG AIR,4,0.03,2,Brand#41,8,WRAP BOX,48,117,3459.106
F,F,DELIVER IN PERSON,3,Manufacturer#1,1-URGENT,1,MACHINERY,TRUCK,1,0.06,23,Brand#12,3,JUMBO CAN,6,118,38509.084
F,F,TAKE BACK RETURN,2,Manufacturer#5,3-MEDIUM,0,MACHINERY,RAIL,3,0.03,21,Brand#53,16,JUMBO JAR,10,119,15856.731
F,F,DELIVER IN PERSON,2,Manufacturer#5,5-LOW,2,BUILDING,RAIL,2,0.01,8,Brand#53,8,SM BAG,45,117,10268.7498
F,F,NONE,1,Manufacturer#2,5-LOW,2,BUILDING,SHIP,1,0.05,2,Brand#25,8,LG CAN,4,117,10040.184
F,F,TAKE BACK RETURN,4,Manufacturer#5,5-LOW,2,BUILDING,MAIL,5,0.04,11,Brand#53,8,SM JAR,10,117,25154.82
F,F,TAKE BACK RETURN,3,Manufacturer#2,5-LOW,3,HOUSEHOLD,FOB,1,0.08,7,Brand#22,7,JUMBO PKG,36,120,51924.53
F,F,NONE,2,Manufacturer#3,5-LOW,3,HOUSEHOLD,FOB,6,0,12,Brand#32,7,SM CAN,2,120,2985.732
F,F,NONE,4,Manufacturer#2,3-MEDIUM,4,AUTOMOBILE,MAIL,4,0.01,13,Brand#21,20,MED PKG,45,121,20350.26
F,F,TAKE BACK RETURN,3,Manufacturer#3,3-MEDIUM,4,AUTOMOBILE,RAIL,1,0.07,22,Brand#31,20,LG PKG,12,121,50751.3384
F,F,DELIVER IN PERSON,2,Manufacturer#3,3-MEDIUM,4,AUTOMOBILE,REG AIR,3,0,9,Brand#35,20,SM JAR,47,121,66155.904
F,F,DELIVER IN PERSON,1,Manufacturer#4,3-MEDIUM,4,AUTOMOBILE,AIR,7,0.05,1,Brand#45,20,WRAP JAR,39,121,67571.1
F,F,DELIVER IN PERSON,1,Manufacturer#1,4-NOT SPECIFIED,4,MACHINERY,RAIL,4,0.08,24,Brand#12,20,MED JAR,23,122,25461.6578
F,F,NONE,3,Manufacturer#1,2-HIGH,4,BUILDING,FOB,6,0.06,7,Brand#12,10,LG JAR,1,123,53143.7634
F,F,NONE,0,Manufacturer#4,2-HIGH,4,BUILDING,AIR,3,0.07,16,Brand#44,10,WRAP DRUM,45,123,35248.1025
F,F,DELIVER IN PERSON,1,Manufacturer#3,2-HIGH,4,BUILDING,AIR,1,0.01,3,Brand#35,10,SM BOX,17,123,32956.596
F,F,TAKE BACK RETURN,1,Manufacturer#2,2-HIGH,4,BUILDING,MAIL,2,0.06,3,Brand#22,10,LG JAR,3,123,40132.9929
F,F,DELIVER IN PERSON,2,Manufacturer#3,4-NOT SPECIFIED,4,MACHINERY,MAIL,3,0.01,21,Brand#34,20,WRAP PACK,39,122,50645.01
F,F,COLLECT COD,4,Manufacturer#1,4-NOT SPECIFIED,4,MACHINERY,SHIP,5,0.01,11,Brand#12,20,LG JAR,44,122,4306.68
F,F,COLLECT COD,0,Manufacturer#4,4-NOT SPECIFIED,4,MACHINERY,REG AIR,2,0.04,5,Brand#42,20,LG BAG,42,122,47940.9588
F,F,NONE,3,Manufacturer#5,4-NOT SPECIFIED,4,MACHINERY,REG AIR,1,0.08,6,Brand#54,20,JUMBO PACK,18,122,11414.494
F,F,DELIVER IN PERSON,2,Manufacturer#5,4-NOT SPECIFIED,4,MACHINERY,REG AIR,7,0.08,12,Brand#52,20,LG JAR,28,122,7736.2432
F,F,COLLECT COD,3,Manufacturer#4,4-NOT SPECIFIED,4,MACHINERY,AIR,6,0.01,22,Brand#44,20,LG BAG,31,122,30081.636
F,F,TAKE BACK RETURN,3,Manufacturer#4,1-URGENT,3,HOUSEHOLD,SHIP,2,0.04,6,Brand#42,7,SM CASE,7,124,29136.69
F,F,NONE,2,Manufacturer#5,3-MEDIUM,2,MACHINERY,RAIL,2,0.06,18,Brand#51,8,JUMBO CASE,48,125,72330.1152
F,F,TAKE BACK RETURN,2,Manufacturer#5,3-MEDIUM,2,MACHINERY,RAIL,2,0.08,12,Brand#52,9,MED PKG,6,126,46235.0889
F,F,DELIVER IN PERSON,1,Manufacturer#4,4-NOT SPECIFIED,2,HOUSEHOLD,SHIP,5,0.08,3,Brand#43,9,JUMBO DRUM,49,127,3583.0442
F,F,COLLECT COD,3,Manufacturer#2,1-URGENT,0,BUILDING,TRUCK,3,0.01,6,Brand#22,0,WRAP CAN,14,128,18202.76
F,F,TAKE BACK RETURN,2,Manufacturer#5,1-URGENT,0,BUILDING,AIR,2,0,18,Brand#52,0,JUMBO BAG,42,128,32830.1253
F,F,DELIVER IN PERSON,3,Manufacturer#2,5-LOW,2,FURNITURE,TRUCK,3,0.02,6,Brand#25,18,LG BAG,44,129,12162.3168
F,F,DELIVER IN PERSON,0,Manufacturer#3,5-LOW,2,FURNITURE,AIR,4,0.02,0,Brand#33,18,WRAP PKG,14,129,47323.98
F,F,TAKE BACK RETURN,1,Manufacturer#3,5-LOW,1,AUTOMOBILE,TRUCK,2,0.02,3,Brand#33,2,LG CAN,38,130,30530.682
F,F,NONE,1,Manufacturer#2,1-URGENT,1,MACHINERY,MAIL,6,0.02,3,Brand#21,3,SM CASE,49,131,51281.7376
F,F,COLLECT COD,0,Manufacturer#3,1-URGENT,1,MACHINERY,MAIL,3,0.04,0,Brand#33,3,MED BOX,49,131,1038.521
F,F,NONE,1,Manufacturer#2,1-URGENT,1,MACHINERY,MAIL,4,0.03,17,Brand#25,3,SM BAG,26,131,18629.856
F,F,COLLECT COD,1,Manufacturer#1,1-URGENT,1,MACHINERY,FOB,2,0.07,1,Brand#14,3,WRAP CASE,13,131,10693.3272
F,F,DELIVER IN PERSON,2,Manufacturer#3,2-HIGH,2,FURNITURE,RAIL,4,0.05,8,Brand#35,12,MED BAG,46,132,8304.195
F,F,DELIVER IN PERSON,1,Manufacturer#1,2-HIGH,2,FURNITURE,REG AIR,2,0.07,2,Brand#15,12,WRAP PKG,49,132,27777.468
F,F,TAKE BACK RETURN,2,Manufacturer#3,2-HIGH,2,FURNITURE,AIR,3,0.05,9,Brand#35,12,SM CASE,46,132,28554.6996
F,F,NONE,1,Manufacturer#4,3-MEDIUM,2,FURNITURE,MAIL,2,0.07,24,Brand#45,21,MED BOX,3,133,36718.605
F,F,NONE,2,Manufacturer#2,3-MEDIUM,3,FURNITURE,AIR,2,0.07,8,Brand#22,22,LG PKG,18,134,11405.94
F,F,NONE,3,Manufacturer#5,3-MEDIUM,3,FURNITURE,FOB,3,0.06,23,Brand#55,22,JUMBO BOX,15,134,39097.08
F,F,NONE,3,Manufacturer#5,3-MEDIUM,3,FURNITURE,RAIL,1,0.04,19,Brand#51,22,WRAP BAG,40,134,37493.496
F,F,COLLECT COD,2,Manufacturer#4,1-URGENT,4,AUTOMOBILE,TRUCK,2,0.08,18,Brand#42,20,LG DRUM,29,135,1652.418
F,F,DELIVER IN PERSON,1,Manufacturer#1,1-URGENT,4,AUTOMOBILE,SHIP,4,0.01,24,Brand#13,20,JUMBO BOX,32,135,32330.1
F,F,DELIVER IN PERSON,3,Manufacturer#1,2-HIGH,0,HOUSEHOLD,RAIL,1,0.04,22,Brand#12,0,SM PACK,34,136,15894.3064
F,F,TAKE BACK RETURN,0,Manufacturer#4,5-LOW,1,MACHINERY,MAIL,2,0.08,0,Brand#42,3,LG BAG,21,137,37968
F,F,DELIVER IN PERSON,0,Manufacturer#3,5-LOW,1,MACHINERY,TRUCK,1,0,14,Brand#33,3,MED BOX,32,137,7077.12
F,F,DELIVER IN PERSON,4,Manufacturer#5,4-NOT SPECIFIED,0,BUILDING,RAIL,1,0.04,4,Brand#53,15,MED JAR,6,138,30632.1504
F,F,NONE,3,Manufacturer#1,1-URGENT,3,AUTOMOBILE,FOB,2,0.01,22,Brand#12,19,SM CAN,40,139,2759.5332
F,F,COLLECT COD,0,Manufacturer#1,1-URGENT,3,AUTOMOBILE,AIR,1,0,15,Brand#11,19,JUMBO PKG,4,139,42837.431
F,F,TAKE BACK RETURN,1,Manufacturer#2,1-URGENT,3,AUTOMOBILE,FOB,5,0.01,3,Brand#21,19,JUMBO JAR,43,139,49277.408
F,F,COLLECT COD,0,Manufacturer#4,2-HIGH,2,BUILDING,MAIL,4,0.04,5,Brand#45,21,WRAP PACK,10,140,11033.99
F,F,DELIVER IN PERSON,4,Manufacturer#4,2-HIGH,2,BUILDING,MAIL,2,0.08,20,Brand#41,21,LG BAG,9,140,3781.296
F,F,NONE,4,Manufacturer#3,4-NOT SPECIFIED,2,MACHINERY,AIR,1,0.07,10,Brand#31,12,LG BAG,42,141,55944.1575
F,F,DELIVER IN PERSON,2,Manufacturer#4,4-NOT SPECIFIED,2,MACHINERY,AIR,2,0,12,Brand#44,12,JUMBO CASE,35,141,67017.216
F,F,NONE,1,Manufacturer#3,4-NOT SPECIFIED,2,MACHINERY,AIR,5,0.02,17,Brand#31,12,LG CASE,18,141,41551.146
F,F,DELIVER IN PERSON,1,Manufacturer#5,4-NOT SPECIFIED,2,MACHINERY,MAIL,6,0.08,3,Brand#54,12,LG PKG,45,141,18778.3596
F,F,COLLECT COD,2,Manufacturer#2,4-NOT SPECIFIED,2,MACHINERY,TRUCK,4,0.07,12,Brand#25,12,MED CASE,26,141,26276.9104
F,F,NONE,3,Manufacturer#3,5-LOW,2,MACHINERY,FOB,4,0.04,23,Brand#34,9,LG BOX,13,142,37427.8632
F,F,DELIVER IN PERSON,2,Manufacturer#4,4-NOT SPECIFIED,4,FURNITURE,FOB,1,0.03,12,Brand#44,11,JUMBO BOX,1,143,41057.0154
F,F,TAKE BACK RETURN,1,Manufacturer#3,4-NOT SPECIFIED,4,FURNITURE,RAIL,3,0.06,2,Brand#31,11,MED PKG,3,143,54402.876
F,F,COLLECT COD,2,Manufacturer#3,4-NOT SPECIFIED,4,FURNITURE,AIR,4,0.06,18,Brand#32,11,SM CASE,10,143,37247.9877
F,F,TAKE BACK RETURN,4,Manufacturer#3,4-NOT SPECIFIED,3,HOUSEHOLD,SHIP,6,0.05,4,Brand#31,7,LG DRUM,34,144,18406.328
F,F,NONE,4,Manufacturer#5,4-NOT SPECIFIED,3,HOUSEHOLD,MAIL,1,0.03,4,Brand#52,7,LG BOX,21,144,38957.6232
F,F,NONE,3,Manufacturer#3,4-NOT SPECIFIED,3,HOUSEHOLD,MAIL,2,0.05,22,Brand#33,7,MED BAG,11,144,12767.2146
F,F,COLLECT COD,2,Manufacturer#3,3-MEDIUM,4,BUILDING,AIR,1,0.03,12,Brand#35,11,JUMBO BOX,6,145,23861.682
F,F,COLLECT COD,3,Manufacturer#1,4-NOT SPECIFIED,3,HOUSEHOLD,SHIP,3,0.05,7,Brand#15,7,MED PACK,16,144,16176.366
F,F,TAKE BACK RETURN,0,Manufacturer#2,5-LOW,2,MACHINERY,FOB,3,0.02,5,Brand#24,9,WRAP DRUM,40,142,37752.568
F,F,COLLECT COD,2,Manufacturer#1,5-LOW,2,MACHINERY,MAIL,6,0.07,12,Brand#13,9,JUMBO CAN,21,142,59435.775
F,F,NONE,2,Manufacturer#2,5-LOW,2,MACHINERY,TRUCK,2,0.01,21,Brand#24,9,WRAP CASE,35,142,64569.372
F,F,DELIVER IN PERSON,0,Manufacturer#2,4-NOT SPECIFIED,4,HOUSEHOLD,SHIP,3,0.08,15,Brand#22,13,LG CAN,32,146,53026.3701
F,F,DELIVER IN PERSON,4,Manufacturer#3,2-HIGH,4,HOUSEHOLD,TRUCK,4,0.06,4,Brand#32,11,LG DRUM,1,147,41044.1036
F,F,DELIVER IN PERSON,3,Manufacturer#5,2-HIGH,4,HOUSEHOLD,SHIP,1,0.02,6,Brand#51,11,WRAP PKG,35,147,68118.1708
F,F,TAKE BACK RETURN,3,Manufacturer#4,2-HIGH,4,HOUSEHOLD,REG AIR,6,0.03,23,Brand#43,11,SM PACK,29,147,16056.7316
F,F,NONE,2,Manufacturer#2,1-URGENT,3,BUILDING,MAIL,3,0.01,12,Brand#25,23,SM DRUM,21,148,33558.2256
F,F,DELIVER IN PERSON,3,Manufacturer#1,1-URGENT,3,BUILDING,REG AIR,5,0.04,22,Brand#15,23,LG BOX,43,148,15046.6082
F,F,COLLECT COD,2,Manufacturer#4,5-LOW,0,HOUSEHOLD,SHIP,1,0.05,9,Brand#44,0,SM PKG,8,149,44704.044
F,F,DELIVER IN PERSON,3,Manufacturer#1,5-LOW,0,HOUSEHOLD,SHIP,4,0.08,23,Brand#13,0,LG PKG,19,149,14877.072
F,F,DELIVER IN PERSON,1,Manufacturer#2,5-LOW,0,HOUSEHOLD,AIR,6,0.03,17,Brand#22,0,MED CASE,40,149,24094.672
F,F,DELIVER IN PERSON,1,Manufacturer#3,5-LOW,1,MACHINERY,RAIL,3,0,17,Brand#31,2,MED CAN,30,150,43651.0404
F,F,COLLECT COD,2,Manufacturer#2,5-LOW,1,MACHINERY,MAIL,4,0.04,18,Brand#24,2,SM JAR,29,150,12901.4171
F,F,DELIVER IN PERSON,3,Manufacturer#1,5-LOW,1,MACHINERY,AIR,7,0.05,19,Brand#14,2,SM JAR,41,150,49130.2448
F,F,NONE,2,Manufacturer#5,5-LOW,1,MACHINERY,FOB,2,0.05,21,Brand#51,2,JUMBO CASE,36,150,1591.972
F,F,NONE,2,Manufacturer#3,4-NOT SPECIFIED,4,HOUSEHOLD,REG AIR,4,0.04,12,Brand#33,13,LG PACK,32,146,88137.6144
F,F,NONE,0,Manufacturer#5,4-NOT SPECIFIED,4,HOUSEHOLD,FOB,2,0.01,14,Brand#52,13,JUMBO BAG,14,146,74691.12
F,F,DELIVER IN PERSON,1,Manufacturer#5,5-LOW,0,AUTOMOBILE,FOB,4,0.01,2,Brand#55,5,LG BOX,14,151,72195.645
F,F,DELIVER IN PERSON,3,Manufacturer#4,2-HIGH,4,BUILDING,AIR,3,0.02,7,Brand#42,20,SM BOX,45,152,13026.2616
F,F,NONE,0,Manufacturer#1,5-LOW,0,AUTOMOBILE,TRUCK,1,0.05,0,Brand#14,5,WRAP JAR,7,151,85380.1676
F,F,TAKE BACK RETURN,3,Manufacturer#1,5-LOW,0,AUTOMOBILE,RAIL,2,0.07,23,Brand#13,5,SM JAR,47,151,8597.2992
F,F,DELIVER IN PERSON,3,Manufacturer#3,5-LOW,0,AUTOMOBILE,MAIL,5,0.04,23,Brand#31,5,MED PKG,19,151,36985.26
F,F,COLLECT COD,2,Manufacturer#3,2-HIGH,3,AUTOMOBILE,REG AIR,2,0.05,21,Brand#33,22,WRAP BOX,34,153,47530.476
F,F,COLLECT COD,2,Manufacturer#2,2-HIGH,3,AUTOMOBILE,MAIL,7,0.08,18,Brand#22,22,WRAP PACK,39,153,31577.574
F,F,TAKE BACK RETURN,1,Manufacturer#2,5-LOW,3,AUTOMOBILE,TRUCK,1,0.04,17,Brand#25,23,JUMBO PACK,8,154,47545.0866
F,F,TAKE BACK RETURN,1,Manufacturer#4,5-LOW,1,HOUSEHOLD,TRUCK,2,0.06,3,Brand#42,3,LG PACK,46,155,13516.659
F,F,NONE,0,Manufacturer#1,5-LOW,1,HOUSEHOLD,TRUCK,3,0.03,0,Brand#13,3,MED CAN,28,155,36713.1336
F,F,COLLECT COD,3,Manufacturer#2,1-URGENT,3,FURNITURE,FOB,2,0.07,19,Brand#22,19,WRAP CASE,23,156,24145.4
F,F,COLLECT COD,3,Manufacturer#5,1-URGENT,1,MACHINERY,TRUCK,2,0.07,7,Brand#51,17,LG CAN,10,26,46599.2171
F,F,TAKE BACK RETURN,4,Manufacturer#1,1-URGENT,3,FURNITURE,TRUCK,3,0.03,10,Brand#11,19,LG BOX,48,156,5881.3482
F,F,COLLECT COD,2,Manufacturer#2,3-MEDIUM,2,FURNITURE,REG AIR,1,0.03,8,Brand#25,12,SM BOX,13,157,50632.263
F,F,COLLECT COD,4,Manufacturer#1,1-URGENT,1,MACHINERY,FOB,4,0.08,20,Brand#15,17,JUMBO JAR,48,26,44136.981
F,F,NONE,4,Manufacturer#5,1-URGENT,1,MACHINERY,FOB,5,0.06,11,Brand#55,17,SM PACK,9,26,32366.367
F,F,DELIVER IN PERSON,3,Manufacturer#2,3-MEDIUM,2,FURNITURE,FOB,4,0,22,Brand#23,12,JUMBO CAN,37,157,82114.3392
F,F,NONE,3,Manufacturer#1,3-MEDIUM,2,FURNITURE,AIR,3,0.01,22,Brand#14,12,SM DRUM,8,157,3332.5514
F,F,DELIVER IN PERSON,1,Manufacturer#2,3-MEDIUM,1,HOUSEHOLD,REG AIR,5,0.04,17,Brand#22,2,WRAP CASE,14,158,3497.7024
F,F,COLLECT COD,3,Manufacturer#2,3-MEDIUM,1,HOUSEHOLD,REG AIR,4,0.03,6,Brand#23,2,LG CASE,2,158,43293.7481
F,F,COLLECT COD,2,Manufacturer#1,3-MEDIUM,1,HOUSEHOLD,TRUCK,3,0.08,9,Brand#12,2,JUMBO BOX,32,158,41317.5308
F,F,DELIVER IN PERSON,3,Manufacturer#1,2-HIGH,1,BUILDING,AIR,2,0.08,7,Brand#14,2,JUMBO CASE,45,159,10103.373
F,F,TAKE BACK RETURN,1,Manufacturer#3,2-HIGH,4,MACHINERY,RAIL,3,0.04,3,Brand#34,4,LG CAN,15,160,8360.5949
F,F,NONE,0,Manufacturer#3,2-HIGH,4,MACHINERY,SHIP,2,0.08,5,Brand#34,4,MED JAR,34,160,19260.0396
F,F,DELIVER IN PERSON,4,Manufacturer#4,2-HIGH,4,MACHINERY,REG AIR,1,0.02,20,Brand#41,4,WRAP BAG,45,160,45108.5544
F,F,NONE,2,Manufacturer#3,2-HIGH,4,MACHINERY,MAIL,4,0.05,12,Brand#32,4,LG PKG,2,160,77103.675
F,F,NONE,1,Manufacturer#5,2-HIGH,4,FURNITURE,REG AIR,2,0.04,2,Brand#53,4,MED BOX,2,161,70718.3876
F,F,COLLECT COD,3,Manufacturer#1,2-HIGH,4,FURNITURE,TRUCK,1,0.06,22,Brand#12,4,MED CAN,8,161,25885.02
F,F,TAKE BACK RETURN,2,Manufacturer#1,2-HIGH,4,FURNITURE,TRUCK,4,0.07,18,Brand#15,4,SM PKG,36,161,61374.0672
F,F,DELIVER IN PERSON,3,Manufacturer#4,5-LOW,0,AUTOMOBILE,MAIL,5,0.04,22,Brand#43,5,WRAP PACK,49,162,47739.5394
F,F,NONE,2,Manufacturer#4,5-LOW,0,AUTOMOBILE,REG AIR,1,0.08,12,Brand#42,5,WRAP CAN,10,162,46553.724
F,F,DELIVER IN PERSON,0,Manufacturer#3,2-HIGH,1,BUILDING,MAIL,4,0.06,16,Brand#31,2,WRAP DRUM,25,159,3047.24
F,F,COLLECT COD,0,Manufacturer#3,1-URGENT,4,HOUSEHOLD,MAIL,2,0.04,14,Brand#32,20,SM JAR,23,3,53010.936
F,F,DELIVER IN PERSON,0,Manufacturer#2,2-HIGH,1,BUILDING,RAIL,5,0.07,0,Brand#25,2,WRAP BAG,8,159,5157.99
F,F,COLLECT COD,1,Manufacturer#4,2-HIGH,1,BUILDING,AIR,1,0.07,1,Brand#42,2,JUMBO PACK,20,159,9277.3408
F,F,DELIVER IN PERSON,0,Manufacturer#2,1-URGENT,3,HOUSEHOLD,REG AIR,2,0.04,14,Brand#25,7,JUMBO PKG,45,163,66470.2297
F,F,NONE,2,Manufacturer#1,4-NOT SPECIFIED,1,FURNITURE,AIR,1,0.06,9,Brand#15,17,WRAP PKG,13,164,18267.3792
F,F,COLLECT COD,1,Manufacturer#4,2-HIGH,3,AUTOMOBILE,REG AIR,2,0.05,1,Brand#41,6,MED JAR,40,165,5229.108
F,F,NONE,2,Manufacturer#5,1-URGENT,1,FURNITURE,RAIL,4,0.03,12,Brand#54,1,JUMBO PKG,23,166,58648.528
F,F,TAKE BACK RETURN,1,Manufacturer#1,1-URGENT,1,FURNITURE,SHIP,3,0.01,1,Brand#13,1,JUMBO PKG,1,166,58901.904
F,F,COLLECT COD,2,Manufacturer#4,2-HIGH,4,MACHINERY,TRUCK,4,0.04,18,Brand#43,13,SM DRUM,27,167,29707.4404
F,F,COLLECT COD,4,Manufacturer#1,2-HIGH,4,MACHINERY,TRUCK,7,0.04,10,Brand#13,13,MED BAG,35,167,22603.504
F,F,DELIVER IN PERSON,2,Manufacturer#1,2-HIGH,4,MACHINERY,MAIL,6,0.01,9,Brand#11,13,SM CASE,31,167,57019.14
F,F,TAKE BACK RETURN,2,Manufacturer#3,2-HIGH,4,MACHINERY,RAIL,2,0.07,18,Brand#31,13,SM DRUM,30,167,37150.5798
F,F,NONE,4,Manufacturer#1,2-HIGH,2,AUTOMOBILE,REG AIR,3,0.08,4,Brand#14,21,LG BAG,18,168,48453.405
F,F,TAKE BACK RETURN,4,Manufacturer#1,2-HIGH,2,AUTOMOBILE,MAIL,1,0.05,20,Brand#12,21,JUMBO CASE,23,168,58834.38
F,F,DELIVER IN PERSON,2,Manufacturer#3,1-URGENT,1,HOUSEHOLD,REG AIR,1,0.04,21,Brand#31,17,SM BOX,25,169,55693.731
F,F,NONE,0,Manufacturer#5,1-URGENT,1,HOUSEHOLD,FOB,4,0.08,16,Brand#54,17,JUMBO CASE,46,169,30992.88
F,F,NONE,3,Manufacturer#2,1-URGENT,1,HOUSEHOLD,REG AIR,5,0.03,7,Brand#22,17,MED BOX,45,169,33265.176
F,F,NONE,1,Manufacturer#3,1-URGENT,1,HOUSEHOLD,MAIL,3,0.08,2,Brand#33,17,MED CAN,35,169,37066.4544
F,F,NONE,0,Manufacturer#2,4-NOT SPECIFIED,3,BUILDING,SHIP,4,0.05,14,Brand#25,23,WRAP CASE,5,170,12738.4474
F,F,TAKE BACK RETURN,0,Manufacturer#4,4-NOT SPECIFIED,3,BUILDING,RAIL,3,0.05,15,Brand#41,23,SM CASE,35,170,25938.9676
F,F,DELIVER IN PERSON,2,Manufacturer#3,4-NOT SPECIFIED,3,BUILDING,FOB,5,0.04,18,Brand#31,23,SM JAR,50,170,10959.1182
F,F,NONE,4,Manufacturer#4,4-NOT SPECIFIED,0,FURNITURE,TRUCK,2,0.04,13,Brand#42,14,SM CASE,8,171,60910.4496
F,F,NONE,2,Manufacturer#4,4-NOT SPECIFIED,4,HOUSEHOLD,TRUCK,2,0.03,18,Brand#42,10,LG PACK,37,172,51827.288
F,F,NONE,1,Manufacturer#3,3-MEDIUM,0,MACHINERY,TRUCK,1,0.04,24,Brand#32,15,WRAP CASE,31,173,42492.0032
F,F,NONE,0,Manufacturer#1,4-NOT SPECIFIED,2,AUTOMOBILE,TRUCK,4,0.05,16,Brand#15,18,SM PACK,24,174,19132.449
F,F,TAKE BACK RETURN,0,Manufacturer#3,4-NOT SPECIFIED,2,AUTOMOBILE,FOB,5,0.08,15,Brand#35,18,WRAP CASE,47,174,31779.4176
F,F,NONE,0,Manufacturer#4,4-NOT SPECIFIED,2,AUTOMOBILE,FOB,3,0.04,15,Brand#43,18,MED JAR,42,174,1923.0208
F,F,TAKE BACK RETURN,4,Manufacturer#5,4-NOT SPECIFIED,2,AUTOMOBILE,FOB,2,0.08,20,Brand#55,18,SM CAN,43,174,15919.986
F,F,TAKE BACK RETURN,1,Manufacturer#1,4-NOT SPECIFIED,2,AUTOMOBILE,FOB,6,0.02,24,Brand#12,18,MED BAG,9,174,53382.153
F,F,TAKE BACK RETURN,3,Manufacturer#5,3-MEDIUM,0,BUILDING,SHIP,3,0.01,7,Brand#52,14,MED BAG,24,175,1829.5398
F,F,COLLECT COD,1,Manufacturer#4,3-MEDIUM,0,BUILDING,SHIP,5,0.06,3,Brand#42,14,MED JAR,33,175,51041.172
F,F,TAKE BACK RETURN,3,Manufacturer#2,3-MEDIUM,0,BUILDING,SHIP,6,0.02,23,Brand#22,14,LG JAR,19,175,44388.729
F,F,NONE,2,Manufacturer#1,3-MEDIUM,0,BUILDING,MAIL,4,0.07,8,Brand#15,14,LG CAN,44,175,61202.1216
F,F,DELIVER IN PERSON,1,Manufacturer#5,1-URGENT,2,MACHINERY,REG AIR,3,0.07,2,Brand#53,12,MED BOX,20,176,74074.8576
F,F,COLLECT COD,1,Manufacturer#3,2-HIGH,0,HOUSEHOLD,TRUCK,6,0.07,17,Brand#32,5,MED PACK,6,177,2952.6296
F,F,TAKE BACK RETURN,4,Manufacturer#4,2-HIGH,0,HOUSEHOLD,RAIL,2,0.08,11,Brand#41,5,MED BOX,35,177,33320.07
F,F,NONE,0,Manufacturer#1,2-HIGH,0,HOUSEHOLD,SHIP,3,0,5,Brand#12,5,LG BOX,8,177,52202.5461
F,F,TAKE BACK RETURN,0,Manufacturer#5,4-NOT SPECIFIED,1,MACHINERY,TRUCK,2,0.02,14,Brand#53,1,WRAP PKG,3,178,52016.51
F,F,NONE,3,Manufacturer#5,2-HIGH,4,BUILDING,TRUCK,1,0.07,23,Brand#53,11,SM BOX,14,179,20946.1704
F,F,NONE,2,Manufacturer#3,4-NOT SPECIFIED,4,HOUSEHOLD,REG AIR,1,0.06,9,Brand#32,10,MED PKG,49,172,19294.128
F,F,COLLECT COD,2,Manufacturer#1,4-NOT SPECIFIED,0,MACHINERY,RAIL,2,0.05,18,Brand#14,14,SM JAR,28,180,56403.666
F,F,TAKE BACK RETURN,0,Manufacturer#1,4-NOT SPECIFIED,3,MACHINERY,REG AIR,1,0.02,15,Brand#14,19,SM BOX,33,181,7088.3712
F,F,TAKE BACK RETURN,1,Manufacturer#5,4-NOT SPECIFIED,0,MACHINERY,RAIL,1,0,2,Brand#51,14,SM BAG,36,180,23777.208
F,F,DELIVER IN PERSON,4,Manufacturer#2,3-MEDIUM,3,BUILDING,MAIL,3,0.08,20,Brand#21,7,MED BAG,38,182,37923.82
F,F,TAKE BACK RETURN,4,Manufacturer#1,3-MEDIUM,3,BUILDING,AIR,2,0.08,10,Brand#14,7,MED BAG,33,182,66253.5056
F,F,DELIVER IN PERSON,3,Manufacturer#2,3-MEDIUM,3,BUILDING,FOB,1,0,22,Brand#22,7,SM CASE,33,182,68610.192
F,F,DELIVER IN PERSON,1,Manufacturer#5,2-HIGH,1,AUTOMOBILE,MAIL,7,0.03,24,Brand#53,2,SM BOX,35,183,21528.162
F,F,COLLECT COD,3,Manufacturer#1,4-NOT SPECIFIED,1,FURNITURE,FOB,1,0.05,23,Brand#14,24,MED CAN,5,184,54904.608
F,F,NONE,4,Manufacturer#3,2-HIGH,1,AUTOMOBILE,RAIL,2,0.01,10,Brand#31,2,WRAP BAG,43,183,69653.99
F,F,TAKE BACK RETURN,1,Manufacturer#4,2-HIGH,1,AUTOMOBILE,TRUCK,4,0.07,17,Brand#41,2,SM PKG,48,183,13494.8165
F,F,TAKE BACK RETURN,2,Manufacturer#2,3-MEDIUM,1,MACHINERY,SHIP,4,0.08,18,Brand#21,1,JUMBO CASE,31,185,3018.6144
F,F,DELIVER IN PERSON,1,Manufacturer#3,5-LOW,1,HOUSEHOLD,SHIP,2,0.06,1,Brand#35,3,WRAP CASE,44,186,68438.3784
F,F,TAKE BACK RETURN,4,Manufacturer#4,5-LOW,1,HOUSEHOLD,RAIL,1,0.02,4,Brand#41,3,WRAP PKG,5,186,80320.8098
F,F,NONE,1,Manufacturer#3,4-NOT SPECIFIED,4,HOUSEHOLD,REG AIR,3,0.04,2,Brand#31,13,SM BAG,16,187,56778.444
F,F,DELIVER IN PERSON,2,Manufacturer#5,4-NOT SPECIFIED,4,HOUSEHOLD,MAIL,2,0,9,Brand#54,13,LG DRUM,17,187,3119.778
F,F,NONE,4,Manufacturer#5,4-NOT SPECIFIED,4,HOUSEHOLD,REG AIR,1,0,10,Brand#53,13,JUMBO CASE,34,187,16375.7952
F,F,TAKE BACK RETURN,2,Manufacturer#3,4-NOT SPECIFIED,4,HOUSEHOLD,TRUCK,4,0.07,12,Brand#34,13,MED DRUM,23,187,54741.4182
F,F,DELIVER IN PERSON,4,Manufacturer#5,2-HIGH,4,HOUSEHOLD,RAIL,2,0.06,20,Brand#55,13,LG CASE,6,188,8903.358
F,F,TAKE BACK RETURN,1,Manufacturer#3,2-HIGH,4,HOUSEHOLD,REG AIR,4,0,3,Brand#32,13,LG CAN,48,188,25955.1019
F,F,DELIVER IN PERSON,2,Manufacturer#4,2-HIGH,4,HOUSEHOLD,FOB,5,0,18,Brand#42,13,JUMBO PACK,18,188,923.499
F,F,NONE,0,Manufacturer#2,3-MEDIUM,1,MACHINERY,RAIL,2,0,0,Brand#21,1,MED CAN,44,185,30827.394
F,F,COLLECT COD,1,Manufacturer#4,3-MEDIUM,1,MACHINERY,REG AIR,3,0.07,3,Brand#45,1,LG BOX,45,185,17248.9581
F,F,TAKE BACK RETURN,0,Manufacturer#1,4-NOT SPECIFIED,0,BUILDING,MAIL,3,0.08,5,Brand#15,14,MED PACK,8,189,47261.5584
F,F,COLLECT COD,0,Manufacturer#1,2-HIGH,3,AUTOMOBILE,TRUCK,5,0,0,Brand#14,19,JUMBO DRUM,14,190,10779.9952
F,F,DELIVER IN PERSON,3,Manufacturer#2,2-HIGH,3,AUTOMOBILE,SHIP,2,0.02,19,Brand#23,19,WRAP PACK,50,190,27749.988
F,F,TAKE BACK RETURN,0,Manufacturer#1,4-NOT SPECIFIED,0,BUILDING,FOB,1,0.05,5,Brand#15,14,WRAP JAR,11,189,20634.174
F,F,NONE,0,Manufacturer#2,4-NOT SPECIFIED,0,BUILDING,AIR,2,0.05,15,Brand#21,14,WRAP PACK,45,189,44373.7712
F,F,TAKE BACK RETURN,2,Manufacturer#3,2-HIGH,1,FURNITURE,MAIL,6,0.03,12,Brand#35,1,WRAP BAG,44,191,38255.164
F,F,TAKE BACK RETURN,0,Manufacturer#3,3-MEDIUM,3,BUILDING,AIR,2,0,14,Brand#34,23,MED CASE,42,170,47235.717
F,F,TAKE BACK RETURN,0,Manufacturer#5,2-HIGH,1,HOUSEHOLD,REG AIR,1,0.03,5,Brand#53,17,SM DRUM,24,192,66728.016
F,F,NONE,4,Manufacturer#5,5-LOW,1,MACHINERY,SHIP,1,0.05,4,Brand#55,2,MED BAG,31,193,47490.1245
F,F,COLLECT COD,1,Manufacturer#2,5-LOW,1,MACHINERY,RAIL,2,0.06,3,Brand#23,2,WRAP JAR,49,193,2738.314
F,F,TAKE BACK RETURN,3,Manufacturer#1,4-NOT SPECIFIED,1,FURNITURE,SHIP,1,0.05,22,Brand#11,24,JUMBO JAR,36,194,64845.7194
F,F,TAKE BACK RETURN,3,Manufacturer#5,4-NOT SPECIFIED,1,FURNITURE,REG AIR,4,0.01,23,Brand#54,24,MED PKG,38,194,9093.3024
F,F,NONE,2,Manufacturer#4,4-NOT SPECIFIED,2,BUILDING,RAIL,3,0.07,18,Brand#45,8,LG DRUM,46,195,59187.555
F,F,TAKE BACK RETURN,2,Manufacturer#2,4-NOT SPECIFIED,2,BUILDING,RAIL,6,0.03,12,Brand#22,8,JUMBO JAR,31,195,48184.908
F,F,COLLECT COD,0,Manufacturer#5,2-HIGH,1,FURNITURE,FOB,5,0.06,16,Brand#51,1,LG BOX,12,191,61989.6445
F,F,NONE,3,Manufacturer#3,2-HIGH,1,FURNITURE,RAIL,3,0.04,7,Brand#34,1,JUMBO PKG,21,191,3321.36
F,F,NONE,4,Manufacturer#5,2-HIGH,1,FURNITURE,TRUCK,1,0.03,20,Brand#54,1,WRAP BAG,14,191,66722.8296
F,F,NONE,4,Manufacturer#3,2-HIGH,1,FURNITURE,RAIL,2,0,11,Brand#35,1,LG DRUM,10,191,12955.9416
F,F,TAKE BACK RETURN,4,Manufacturer#5,4-NOT SPECIFIED,3,HOUSEHOLD,MAIL,1,0.04,10,Brand#55,22,JUMBO JAR,26,196,30441.558
F,F,DELIVER IN PERSON,4,Manufacturer#1,4-NOT SPECIFIED,3,HOUSEHOLD,SHIP,2,0,11,Brand#15,22,MED DRUM,27,196,51288.51
F,F,NONE,1,Manufacturer#1,3-MEDIUM,0,FURNITURE,FOB,6,0.02,17,Brand#15,5,WRAP DRUM,6,197,16705.4888
F,F,NONE,1,Manufacturer#4,4-NOT SPECIFIED,0,MACHINERY,REG AIR,1,0.07,3,Brand#43,0,JUMBO PACK,12,198,37073.925
F,F,COLLECT COD,1,Manufacturer#5,5-LOW,2,MACHINERY,FOB,5,0.02,24,Brand#54,9,LG DRUM,33,199,33875.344
F,F,COLLECT COD,0,Manufacturer#3,5-LOW,2,MACHINERY,SHIP,1,0.04,14,Brand#33,9,LG JAR,27,199,11987.3792
F,F,COLLECT COD,4,Manufacturer#5,3-MEDIUM,0,FURNITURE,TRUCK,5,0.04,20,Brand#51,5,JUMBO PKG,10,197,43441.296
F,F,DELIVER IN PERSON,0,Manufacturer#3,3-MEDIUM,0,FURNITURE,FOB,4,0.03,14,Brand#32,5,SM CAN,43,197,8351.748
F,F,DELIVER IN PERSON,1,Manufacturer#3,4-NOT SPECIFIED,4,HOUSEHOLD,FOB,2,0.07,17,Brand#33,11,WRAP PKG,20,200,44478.018
F,F,NONE,0,Manufacturer#3,4-NOT SPECIFIED,2,MACHINERY,MAIL,3,0.06,16,Brand#31,9,WRAP DRUM,25,201,41975.731
F,F,TAKE BACK RETURN,3,Manufacturer#3,4-NOT SPECIFIED,2,MACHINERY,SHIP,2,0,22,Brand#33,9,LG CASE,38,201,73097.64
F,F,TAKE BACK RETURN,0,Manufacturer#3,4-NOT SPECIFIED,2,MACHINERY,RAIL,1,0.02,16,Brand#33,9,WRAP CASE,11,201,35011.1664
F,F,COLLECT COD,4,Manufacturer#5,2-HIGH,0,AUTOMOBILE,AIR,2,0.04,13,Brand#55,5,MED BAG,50,202,33212.361
F,F,TAKE BACK RETURN,4,Manufacturer#3,4-NOT SPECIFIED,2,BUILDING,RAIL,3,0.07,11,Brand#32,12,SM JAR,15,203,28407.356
F,F,NONE,4,Manufacturer#4,5-LOW,1,MACHINERY,REG AIR,2,0.05,11,Brand#41,17,LG PKG,14,204,62137.4822
F,F,DELIVER IN PERSON,2,Manufacturer#5,4-NOT SPECIFIED,4,HOUSEHOLD,REG AIR,1,0.02,9,Brand#54,11,LG PACK,23,200,58234.344
F,F,DELIVER IN PERSON,3,Manufacturer#2,5-LOW,3,AUTOMOBILE,FOB,1,0.02,22,Brand#25,22,JUMBO CASE,2,205,33624.72
F,F,NONE,2,Manufacturer#1,1-URGENT,3,BUILDING,MAIL,3,0.06,8,Brand#15,7,SM PACK,24,206,12558.3669
F,F,COLLECT COD,3,Manufacturer#4,1-URGENT,3,BUILDING,REG AIR,1,0.03,22,Brand#44,7,WRAP BAG,3,206,69470.6628
F,F,TAKE BACK RETURN,0,Manufacturer#1,1-URGENT,3,BUILDING,REG AIR,2,0.01,5,Brand#15,7,WRAP CASE,1,206,9976.3776
F,F,DELIVER IN PERSON,3,Manufacturer#1,1-URGENT,3,BUILDING,SHIP,5,0.08,6,Brand#12,7,LG CASE,17,206,33804.855
F,F,TAKE BACK RETURN,2,Manufacturer#1,4-NOT SPECIFIED,3,AUTOMOBILE,AIR,1,0,18,Brand#12,6,MED BAG,1,207,19461.2
F,F,DELIVER IN PERSON,1,Manufacturer#4,4-NOT SPECIFIED,3,AUTOMOBILE,SHIP,4,0.02,24,Brand#43,6,MED BOX,39,207,3654.9212
F,F,TAKE BACK RETURN,1,Manufacturer#5,5-LOW,3,AUTOMOBILE,TRUCK,4,0,1,Brand#53,22,MED CASE,43,205,23014.662
F,F,TAKE BACK RETURN,2,Manufacturer#3,5-LOW,3,AUTOMOBILE,SHIP,2,0,18,Brand#34,22,SM CAN,5,205,7012.7148
F,F,COLLECT COD,2,Manufacturer#5,2-HIGH,0,BUILDING,RAIL,2,0.06,9,Brand#54,0,LG BAG,48,208,8692.6455
F,F,NONE,3,Manufacturer#2,2-HIGH,0,BUILDING,REG AIR,3,0.03,22,Brand#22,0,JUMBO CASE,44,208,46715.1048
F,F,TAKE BACK RETURN,2,Manufacturer#2,2-HIGH,0,BUILDING,REG AIR,4,0.07,12,Brand#25,0,SM DRUM,13,208,51557.7312
F,F,COLLECT COD,1,Manufacturer#1,2-HIGH,0,BUILDING,RAIL,1,0.04,17,Brand#14,0,LG DRUM,3,208,44241.88
F,F,TAKE BACK RETURN,2,Manufacturer#1,2-HIGH,0,MACHINERY,RAIL,1,0.05,8,Brand#13,0,SM PKG,35,209,64973.3084
F,F,NONE,0,Manufacturer#2,4-NOT SPECIFIED,4,HOUSEHOLD,TRUCK,7,0.04,15,Brand#24,13,LG BOX,45,210,7334.1632
F,F,TAKE BACK RETURN,4,Manufacturer#1,4-NOT SPECIFIED,4,HOUSEHOLD,MAIL,1,0.03,13,Brand#15,13,JUMBO JAR,3,210,10419.99
F,F,COLLECT COD,4,Manufacturer#1,2-HIGH,0,HOUSEHOLD,MAIL,1,0.03,4,Brand#12,0,SM PACK,38,211,49087.962
F,F,NONE,4,Manufacturer#3,5-LOW,2,AUTOMOBILE,MAIL,3,0.08,20,Brand#31,9,LG BOX,46,212,13671.5488
F,F,TAKE BACK RETURN,3,Manufacturer#4,5-LOW,2,AUTOMOBILE,REG AIR,1,0.05,22,Brand#45,9,WRAP BAG,34,212,1474.058
F,F,DELIVER IN PERSON,1,Manufacturer#4,2-HIGH,0,BUILDING,FOB,3,0.08,17,Brand#43,16,MED BOX,17,213,22358.0016
F,F,NONE,2,Manufacturer#4,2-HIGH,0,BUILDING,AIR,2,0.05,8,Brand#41,16,JUMBO BOX,42,213,45010.2632
F,F,DELIVER IN PERSON,1,Manufacturer#1,2-HIGH,0,BUILDING,FOB,1,0.07,17,Brand#12,16,LG BOX,25,213,40094.3925
F,F,TAKE BACK RETURN,2,Manufacturer#2,2-HIGH,0,BUILDING,REG AIR,4,0.01,8,Brand#22,16,JUMBO CASE,12,213,13842.8118
F,F,TAKE BACK RETURN,4,Manufacturer#4,4-NOT SPECIFIED,0,MACHINERY,MAIL,4,0.08,10,Brand#42,5,LG BOX,19,214,71256.9813
F,F,COLLECT COD,0,Manufacturer#2,4-NOT SPECIFIED,0,MACHINERY,FOB,1,0.04,15,Brand#24,5,JUMBO CASE,39,214,45678.432
F,F,DELIVER IN PERSON,3,Manufacturer#4,2-HIGH,3,BUILDING,AIR,1,0.04,19,Brand#42,6,SM PACK,27,215,46221.1402
F,F,TAKE BACK RETURN,3,Manufacturer#2,2-HIGH,3,BUILDING,REG AIR,6,0.06,23,Brand#22,6,LG BOX,10,215,16397.988
F,F,COLLECT COD,2,Manufacturer#1,2-HIGH,3,BUILDING,SHIP,4,0.05,12,Brand#11,6,LG BOX,24,215,18554.2812
F,F,NONE,4,Manufacturer#4,2-HIGH,1,AUTOMOBILE,RAIL,2,0.08,13,Brand#41,17,SM DRUM,26,216,42140.16
F,F,COLLECT COD,0,Manufacturer#5,2-HIGH,1,AUTOMOBILE,AIR,3,0,14,Brand#55,17,LG DRUM,31,216,5944.12
F,F,COLLECT COD,4,Manufacturer#3,3-MEDIUM,1,MACHINERY,RAIL,2,0.02,20,Brand#34,2,SM CASE,22,217,4685.04
F,F,NONE,0,Manufacturer#1,3-MEDIUM,1,MACHINERY,AIR,3,0.06,5,Brand#13,2,LG PKG,33,217,23633.6408
F,F,NONE,4,Manufacturer#3,4-NOT SPECIFIED,0,AUTOMOBILE,MAIL,1,0.05,10,Brand#34,0,JUMBO CAN,28,218,2602.6984
F,F,DELIVER IN PERSON,4,Manufacturer#3,1-URGENT,1,MACHINERY,TRUCK,1,0.02,11,Brand#31,17,SM CAN,25,219,67023.5364
F,F,TAKE BACK RETURN,3,Manufacturer#3,1-URGENT,1,MACHINERY,SHIP,5,0.02,22,Brand#34,17,WRAP PACK,38,219,65424.348
F,F,TAKE BACK RETURN,2,Manufacturer#2,3-MEDIUM,2,FURNITURE,RAIL,2,0.07,9,Brand#21,12,WRAP DRUM,12,220,19525.5788
F,F,NONE,1,Manufacturer#5,3-MEDIUM,4,BUILDING,MAIL,3,0.03,17,Brand#53,20,SM BAG,7,221,37283.004
F,F,COLLECT COD,2,Manufacturer#2,3-MEDIUM,4,BUILDING,AIR,1,0.02,21,Brand#24,20,SM JAR,28,221,11931.5187
F,F,NONE,3,Manufacturer#3,2-HIGH,2,BUILDING,REG AIR,7,0.08,22,Brand#31,21,LG PACK,21,222,55647.7558
F,F,COLLECT COD,3,Manufacturer#5,2-HIGH,2,BUILDING,MAIL,3,0.02,22,Brand#53,21,WRAP CAN,49,222,49454.052
F,F,NONE,3,Manufacturer#5,2-HIGH,2,BUILDING,MAIL,2,0.07,22,Brand#52,21,MED CASE,17,222,79154.649
F,F,NONE,4,Manufacturer#5,5-LOW,2,FURNITURE,AIR,3,0.01,20,Brand#53,21,MED PACK,18,223,42063.7605
F,F,COLLECT COD,1,Manufacturer#5,5-LOW,2,FURNITURE,SHIP,2,0.08,24,Brand#54,21,WRAP BOX,50,223,41445.1076
F,F,TAKE BACK RETURN,1,Manufacturer#1,5-LOW,2,MACHINERY,FOB,3,0.01,24,Brand#14,18,WRAP BOX,41,224,2262.42
F,F,TAKE BACK RETURN,1,Manufacturer#3,2-HIGH,3,AUTOMOBILE,RAIL,4,0.05,2,Brand#35,6,JUMBO PACK,19,225,82770.7815
F,F,DELIVER IN PERSON,2,Manufacturer#3,2-HIGH,3,AUTOMOBILE,MAIL,1,0.02,12,Brand#34,6,WRAP PKG,29,225,35531.624
F,F,TAKE BACK RETURN,2,Manufacturer#3,2-HIGH,0,MACHINERY,RAIL,4,0,8,Brand#32,5,LG CAN,16,226,65532.8127
F,F,DELIVER IN PERSON,1,Manufacturer#1,2-HIGH,0,MACHINERY,MAIL,5,0.04,17,Brand#13,5,MED JAR,38,226,35633.5252
F,F,TAKE BACK RETURN,1,Manufacturer#4,2-HIGH,0,MACHINERY,FOB,1,0.06,24,Brand#45,5,WRAP JAR,50,226,48323.1012
F,F,NONE,2,Manufacturer#5,2-HIGH,0,MACHINERY,REG AIR,2,0.01,9,Brand#51,5,WRAP BOX,20,226,61021.1448
F,F,DELIVER IN PERSON,2,Manufacturer#4,5-LOW,3,FURNITURE,RAIL,2,0.08,12,Brand#42,6,SM DRUM,27,227,66918.6144
F,F,DELIVER IN PERSON,1,Manufacturer#5,5-LOW,1,MACHINERY,MAIL,7,0.05,17,Brand#52,2,JUMBO BOX,34,228,15144.2928
F,F,COLLECT COD,1,Manufacturer#1,5-LOW,1,MACHINERY,SHIP,5,0.03,2,Brand#14,2,WRAP JAR,30,228,32774.781
F,F,COLLECT COD,1,Manufacturer#4,5-LOW,1,MACHINERY,AIR,3,0.08,1,Brand#44,2,LG JAR,32,228,40492.7328
F,F,DELIVER IN PERSON,0,Manufacturer#5,5-LOW,1,MACHINERY,MAIL,6,0,15,Brand#52,2,LG JAR,30,228,33335
F,F,NONE,2,Manufacturer#2,5-LOW,1,MACHINERY,SHIP,4,0,21,Brand#25,2,MED CAN,32,228,50138.9856
F,F,DELIVER IN PERSON,4,Manufacturer#2,4-NOT SPECIFIED,2,HOUSEHOLD,FOB,3,0.07,4,Brand#21,12,WRAP CASE,30,229,5607.468
F,F,COLLECT COD,4,Manufacturer#5,4-NOT SPECIFIED,2,HOUSEHOLD,FOB,1,0.08,10,Brand#52,12,JUMBO BOX,20,229,21396.8448
F,F,COLLECT COD,0,Manufacturer#2,4-NOT SPECIFIED,2,HOUSEHOLD,FOB,4,0.03,14,Brand#25,12,LG JAR,16,229,33328.512
F,F,DELIVER IN PERSON,4,Manufacturer#2,3-MEDIUM,2,FURNITURE,RAIL,3,0.06,20,Brand#21,12,JUMBO CASE,11,220,43336.62
F,F,TAKE BACK RETURN,2,Manufacturer#3,2-HIGH,4,HOUSEHOLD,AIR,1,0.05,9,Brand#33,13,WRAP PACK,42,230,73807.8474
F,F,COLLECT COD,1,Manufacturer#2,2-HIGH,4,AUTOMOBILE,FOB,1,0.01,17,Brand#25,10,SM BAG,26,231,55623.4272
F,F,TAKE BACK RETURN,1,Manufacturer#2,2-HIGH,4,AUTOMOBILE,AIR,2,0,3,Brand#23,10,JUMBO DRUM,1,231,40811.0976
F,F,COLLECT COD,4,Manufacturer#5,5-LOW,0,HOUSEHOLD,AIR,3,0.03,10,Brand#51,15,SM BOX,28,232,67876.8255
F,F,DELIVER IN PERSON,2,Manufacturer#2,5-LOW,1,FURNITURE,TRUCK,1,0.01,12,Brand#24,3,MED PACK,9,233,36319.0464
F,F,DELIVER IN PERSON,1,Manufacturer#4,5-LOW,1,FURNITURE,AIR,4,0.01,1,Brand#41,3,MED CASE,24,233,13749.5664
F,F,TAKE BACK RETURN,3,Manufacturer#1,5-LOW,1,FURNITURE,REG AIR,5,0.07,7,Brand#13,3,LG CASE,34,233,36500.4585
F,F,DELIVER IN PERSON,0,Manufacturer#2,5-LOW,1,FURNITURE,AIR,2,0.02,14,Brand#23,3,LG DRUM,26,233,56191.2417
F,F,COLLECT COD,3,Manufacturer#5,5-LOW,1,FURNITURE,REG AIR,6,0.06,7,Brand#55,3,SM JAR,19,233,47666.56
F,F,TAKE BACK RETURN,0,Manufacturer#5,1-URGENT,1,BUILDING,RAIL,2,0.06,5,Brand#52,3,JUMBO CAN,24,234,54979.9866
F,F,COLLECT COD,0,Manufacturer#3,1-URGENT,1,BUILDING,TRUCK,5,0,0,Brand#35,3,JUMBO CAN,23,234,63516.57
F,F,NONE,3,Manufacturer#1,1-URGENT,1,BUILDING,SHIP,6,0.08,22,Brand#13,3,WRAP PACK,31,234,15508.4688
F,F,COLLECT COD,4,Manufacturer#1,1-URGENT,1,BUILDING,RAIL,4,0.04,13,Brand#11,3,SM CAN,41,234,50506.528
F,F,NONE,0,Manufacturer#4,1-URGENT,2,HOUSEHOLD,MAIL,4,0.08,15,Brand#45,9,WRAP CAN,11,235,74042.32
F,F,COLLECT COD,0,Manufacturer#5,5-LOW,0,HOUSEHOLD,SHIP,5,0.01,15,Brand#55,15,JUMBO PKG,18,232,6993.3744
F,F,COLLECT COD,3,Manufacturer#4,5-LOW,0,HOUSEHOLD,FOB,1,0.08,23,Brand#42,15,MED DRUM,27,232,30344.64
F,F,TAKE BACK RETURN,4,Manufacturer#4,5-LOW,3,AUTOMOBILE,FOB,3,0,10,Brand#45,7,LG CAN,27,236,29625.3408
F,F,COLLECT COD,1,Manufacturer#5,5-LOW,3,AUTOMOBILE,TRUCK,4,0.06,17,Brand#51,7,LG CAN,5,236,8414.94
F,F,NONE,1,Manufacturer#3,3-MEDIUM,3,FURNITURE,AIR,2,0.03,3,Brand#33,19,SM JAR,28,237,34922.5331
F,F,NONE,1,Manufacturer#2,4-NOT SPECIFIED,3,MACHINERY,REG AIR,5,0.05,2,Brand#21,6,JUMBO PKG,32,238,32111.316
F,F,NONE,3,Manufacturer#5,4-NOT SPECIFIED,3,MACHINERY,RAIL,2,0.08,23,Brand#51,6,SM DRUM,50,238,26242.92
F,F,TAKE BACK RETURN,0,Manufacturer#4,4-NOT SPECIFIED,3,MACHINERY,FOB,1,0.03,0,Brand#42,6,WRAP CASE,29,238,48582.702
F,F,DELIVER IN PERSON,1,Manufacturer#2,4-NOT SPECIFIED,2,MACHINERY,AIR,7,0.06,17,Brand#25,9,LG JAR,16,239,23692.62
F,F,TAKE BACK RETURN,0,Manufacturer#5,4-NOT SPECIFIED,2,MACHINERY,AIR,2,0,5,Brand#51,9,LG PKG,43,239,20769.66
F,F,NONE,0,Manufacturer#5,4-NOT SPECIFIED,2,MACHINERY,FOB,3,0.05,14,Brand#53,9,JUMBO JAR,8,239,7135.5735
F,F,COLLECT COD,0,Manufacturer#5,4-NOT SPECIFIED,2,MACHINERY,TRUCK,4,0.02,15,Brand#54,9,LG CAN,20,239,27474.57
F,F,DELIVER IN PERSON,2,Manufacturer#3,4-NOT SPECIFIED,2,MACHINERY,SHIP,6,0.03,9,Brand#32,9,SM DRUM,34,239,6889.1072
F,F,NONE,0,Manufacturer#3,5-LOW,2,HOUSEHOLD,SHIP,7,0.08,0,Brand#35,9,LG CAN,29,240,5306.715
F,F,NONE,2,Manufacturer#4,5-LOW,2,HOUSEHOLD,REG AIR,1,0.04,18,Brand#45,9,LG CAN,13,240,17089.0941
F,F,NONE,2,Manufacturer#4,5-LOW,2,HOUSEHOLD,MAIL,3,0.01,12,Brand#43,9,MED PKG,14,240,50287.5864
F,F,TAKE BACK RETURN,1,Manufacturer#1,4-NOT SPECIFIED,4,MACHINERY,MAIL,1,0.08,1,Brand#14,11,WRAP CASE,26,241,1623.36
F,F,DELIVER IN PERSON,0,Manufacturer#4,4-NOT SPECIFIED,1,MACHINERY,MAIL,4,0.01,5,Brand#44,17,WRAP BAG,28,242,45238.4856
F,F,NONE,2,Manufacturer#1,4-NOT SPECIFIED,1,MACHINERY,RAIL,2,0.06,18,Brand#11,17,WRAP CASE,9,242,36503.8704
F,F,TAKE BACK RETURN,4,Manufacturer#2,4-NOT SPECIFIED,1,MACHINERY,MAIL,3,0.05,4,Brand#23,17,SM DRUM,35,242,47279.934
F,F,DELIVER IN PERSON,0,Manufacturer#3,4-NOT SPECIFIED,1,MACHINERY,AIR,5,0.08,5,Brand#31,17,LG PACK,44,242,36574.4262
F,F,NONE,0,Manufacturer#4,4-NOT SPECIFIED,1,MACHINERY,FOB,1,0.01,5,Brand#45,17,MED BAG,50,242,9647.06
F,F,TAKE BACK RETURN,1,Manufacturer#2,1-URGENT,3,AUTOMOBILE,REG AIR,5,0.07,24,Brand#25,6,LG CAN,9,243,9791.0208
F,F,TAKE BACK RETURN,1,Manufacturer#5,1-URGENT,3,AUTOMOBILE,REG AIR,2,0.01,3,Brand#51,6,WRAP JAR,46,243,25596.3162
F,F,DELIVER IN PERSON,0,Manufacturer#3,5-LOW,2,FURNITURE,FOB,7,0.02,0,Brand#31,8,JUMBO CASE,13,244,39552.5988
F,F,COLLECT COD,0,Manufacturer#5,5-LOW,2,FURNITURE,TRUCK,3,0,0,Brand#53,8,SM PACK,48,244,80553.958
F,F,TAKE BACK RETURN,2,Manufacturer#4,5-LOW,4,AUTOMOBILE,RAIL,3,0.08,18,Brand#43,10,MED BOX,50,245,21083.112
F,F,TAKE BACK RETURN,0,Manufacturer#5,5-LOW,4,AUTOMOBILE,MAIL,2,0.08,14,Brand#54,10,JUMBO JAR,9,245,3202.927
F,F,COLLECT COD,0,Manufacturer#1,5-LOW,4,AUTOMOBILE,AIR,1,0.02,14,Brand#11,10,LG DRUM,49,245,28794.456
F,F,COLLECT COD,1,Manufacturer#2,5-LOW,4,AUTOMOBILE,AIR,6,0.04,17,Brand#22,10,LG DRUM,19,245,12545.548
F,F,DELIVER IN PERSON,3,Manufacturer#3,5-LOW,4,AUTOMOBILE,SHIP,4,0.06,22,Brand#34,10,WRAP CASE,50,245,48049.7985
F,F,DELIVER IN PERSON,2,Manufacturer#5,4-NOT SPECIFIED,2,FURNITURE,TRUCK,4,0.02,21,Brand#55,18,MED CASE,18,246,76186.2
F,F,TAKE BACK RETURN,0,Manufacturer#5,4-NOT SPECIFIED,2,FURNITURE,TRUCK,3,0,14,Brand#51,9,LG CAN,16,247,33110.1918
F,F,TAKE BACK RETURN,3,Manufacturer#1,4-NOT SPECIFIED,2,FURNITURE,AIR,2,0.01,23,Brand#11,9,SM CAN,2,247,41692.2282
F,F,DELIVER IN PERSON,4,Manufacturer#2,4-NOT SPECIFIED,2,FURNITURE,RAIL,4,0.06,20,Brand#24,9,LG PKG,31,247,38805.4128
F,F,TAKE BACK RETURN,1,Manufacturer#5,2-HIGH,0,AUTOMOBILE,FOB,4,0.02,24,Brand#55,15,JUMBO PACK,43,248,67163.8272
F,F,DELIVER IN PERSON,0,Manufacturer#3,2-HIGH,1,MACHINERY,TRUCK,2,0.01,5,Brand#33,24,SM CAN,5,249,48879.1121
F,F,COLLECT COD,4,Manufacturer#4,2-HIGH,1,MACHINERY,FOB,1,0,13,Brand#44,24,SM BOX,22,249,5527.0824
F,F,DELIVER IN PERSON,1,Manufacturer#4,1-URGENT,1,AUTOMOBILE,RAIL,5,0.02,3,Brand#41,24,LG BAG,33,250,38852.9232
F,F,DELIVER IN PERSON,3,Manufacturer#1,1-URGENT,1,AUTOMOBILE,RAIL,3,0.05,6,Brand#15,24,LG BOX,1,250,19983.7848
F,F,COLLECT COD,4,Manufacturer#3,5-LOW,1,HOUSEHOLD,TRUCK,5,0.06,13,Brand#34,3,MED CAN,47,251,12737.2608
F,F,TAKE BACK RETURN,2,Manufacturer#4,5-LOW,1,HOUSEHOLD,SHIP,2,0.01,12,Brand#44,3,WRAP BAG,38,251,63053.0098
F,F,NONE,3,Manufacturer#5,5-LOW,1,HOUSEHOLD,TRUCK,4,0.05,22,Brand#52,3,LG CASE,43,251,75528.7905
F,F,TAKE BACK RETURN,4,Manufacturer#4,5-LOW,1,HOUSEHOLD,SHIP,1,0.01,4,Brand#44,3,LG PACK,21,251,21158.319
F,F,DELIVER IN PERSON,2,Manufacturer#2,1-URGENT,2,FURNITURE,REG AIR,1,0.07,8,Brand#23,8,WRAP JAR,47,252,50845.7712
F,F,COLLECT COD,1,Manufacturer#3,1-URGENT,2,FURNITURE,SHIP,2,0.07,17,Brand#31,8,MED BOX,32,252,29493.4464
F,F,DELIVER IN PERSON,0,Manufacturer#3,5-LOW,2,AUTOMOBILE,AIR,1,0.04,5,Brand#32,9,SM BOX,45,253,7316.2635
F,F,DELIVER IN PERSON,2,Manufacturer#2,2-HIGH,3,BUILDING,FOB,5,0.05,18,Brand#23,7,JUMBO BAG,39,254,25272.429
F,F,TAKE BACK RETURN,0,Manufacturer#3,2-HIGH,3,BUILDING,SHIP,2,0.01,14,Brand#31,7,MED CASE,43,254,5068.7253
F,F,COLLECT COD,1,Manufacturer#4,2-HIGH,3,BUILDING,FOB,1,0.08,24,Brand#45,7,MED CAN,44,254,19589.4062
F,F,TAKE BACK RETURN,0,Manufacturer#4,4-NOT SPECIFIED,1,BUILDING,REG AIR,1,0.01,5,Brand#44,17,SM DRUM,45,255,36267.105
F,F,DELIVER IN PERSON,2,Manufacturer#5,5-LOW,2,FURNITURE,AIR,2,0,18,Brand#52,9,JUMBO PKG,46,256,39150.3424
F,F,NONE,4,Manufacturer#3,5-LOW,2,FURNITURE,RAIL,1,0.03,11,Brand#35,9,MED PKG,46,256,40349.016
F,F,DELIVER IN PERSON,0,Manufacturer#3,4-NOT SPECIFIED,1,BUILDING,FOB,3,0.02,15,Brand#34,17,WRAP JAR,9,255,27460.482
F,F,DELIVER IN PERSON,3,Manufacturer#1,4-NOT SPECIFIED,1,BUILDING,AIR,2,0.05,23,Brand#12,17,JUMBO CAN,21,255,5321.2554
F,F,NONE,4,Manufacturer#2,4-NOT SPECIFIED,1,BUILDING,AIR,6,0,11,Brand#24,17,JUMBO CAN,29,255,70335.2133
F,F,DELIVER IN PERSON,3,Manufacturer#5,4-NOT SPECIFIED,4,BUILDING,RAIL,5,0.05,6,Brand#55,20,WRAP JAR,8,257,11557.5075
F,F,COLLECT COD,2,Manufacturer#3,5-LOW,4,FURNITURE,MAIL,2,0.07,12,Brand#32,10,SM PACK,27,258,22415.76
F,F,DELIVER IN PERSON,1,Manufacturer#2,1-URGENT,3,AUTOMOBILE,RAIL,3,0.02,24,Brand#23,23,WRAP BAG,2,259,1523.557
F,F,TAKE BACK RETURN,2,Manufacturer#5,4-NOT SPECIFIED,4,BUILDING,RAIL,3,0.04,8,Brand#52,20,JUMBO CAN,2,257,24671.7375
F,F,COLLECT COD,4,Manufacturer#1,4-NOT SPECIFIED,4,BUILDING,AIR,4,0.06,20,Brand#15,20,WRAP CASE,8,257,43498.58
F,F,TAKE BACK RETURN,3,Manufacturer#4,1-URGENT,3,BUILDING,RAIL,3,0.05,7,Brand#44,6,MED PKG,4,260,37979.7504
F,F,TAKE BACK RETURN,0,Manufacturer#4,3-MEDIUM,1,HOUSEHOLD,MAIL,4,0,5,Brand#44,24,WRAP DRUM,29,261,48331.0009
F,F,NONE,0,Manufacturer#5,4-NOT SPECIFIED,3,BUILDING,SHIP,5,0.03,0,Brand#53,22,SM PKG,3,262,28128.2364
F,F,NONE,0,Manufacturer#3,4-NOT SPECIFIED,3,BUILDING,FOB,1,0.08,14,Brand#34,22,LG DRUM,37,262,32169.7008
F,F,COLLECT COD,3,Manufacturer#2,2-HIGH,0,FURNITURE,FOB,2,0.08,22,Brand#22,5,LG BAG,43,263,24967.4775
F,F,DELIVER IN PERSON,0,Manufacturer#4,2-HIGH,0,FURNITURE,RAIL,4,0.04,16,Brand#45,5,MED JAR,39,263,56594.304
F,F,DELIVER IN PERSON,2,Manufacturer#5,1-URGENT,1,AUTOMOBILE,AIR,2,0,12,Brand#53,3,WRAP PKG,11,264,46272.672
F,F,NONE,1,Manufacturer#1,1-URGENT,1,AUTOMOBILE,AIR,4,0.05,24,Brand#13,3,MED DRUM,39,264,50987.52
F,F,NONE,3,Manufacturer#4,1-URGENT,1,AUTOMOBILE,AIR,3,0.03,23,Brand#41,3,SM CASE,23,264,29725.614
F,F,TAKE BACK RETURN,2,Manufacturer#2,1-URGENT,1,AUTOMOBILE,AIR,6,0.03,12,Brand#23,3,WRAP PACK,2,264,79102.8
F,F,DELIVER IN PERSON,3,Manufacturer#2,5-LOW,0,FURNITURE,MAIL,3,0.06,19,Brand#25,15,SM CAN,25,265,26022.5784
F,F,TAKE BACK RETURN,3,Manufacturer#2,3-MEDIUM,1,AUTOMOBILE,SHIP,3,0.07,23,Brand#23,3,SM BOX,22,266,43387.2558
F,F,COLLECT COD,2,Manufacturer#5,3-MEDIUM,1,AUTOMOBILE,MAIL,1,0.08,18,Brand#52,3,JUMBO BOX,50,266,48847.4368
F,F,DELIVER IN PERSON,2,Manufacturer#3,3-MEDIUM,1,AUTOMOBILE,SHIP,2,0.06,8,Brand#34,3,MED PACK,21,266,35872.2
F,F,DELIVER IN PERSON,0,Manufacturer#1,1-URGENT,1,HOUSEHOLD,REG AIR,1,0.02,16,Brand#15,2,LG CAN,36,267,53222.82
F,F,NONE,3,Manufacturer#3,1-URGENT,1,HOUSEHOLD,AIR,6,0.04,6,Brand#32,2,MED DRUM,30,267,44716.032
F,F,DELIVER IN PERSON,4,Manufacturer#3,1-URGENT,1,HOUSEHOLD,SHIP,2,0.03,20,Brand#33,2,WRAP CAN,41,267,45180.7555
F,F,NONE,1,Manufacturer#5,1-URGENT,1,HOUSEHOLD,REG AIR,4,0.03,3,Brand#52,2,LG CASE,48,267,70951.853
F,F,NONE,3,Manufacturer#2,2-HIGH,3,BUILDING,SHIP,7,0.05,6,Brand#23,23,SM DRUM,26,268,31158.666
F,F,NONE,2,Manufacturer#1,2-HIGH,3,BUILDING,FOB,2,0.06,21,Brand#11,23,JUMBO PKG,10,268,26145.066
F,F,TAKE BACK RETURN,3,Manufacturer#4,2-HIGH,3,BUILDING,SHIP,1,0,7,Brand#41,23,SM DRUM,10,268,45563.445
F,F,COLLECT COD,1,Manufacturer#1,3-MEDIUM,0,AUTOMOBILE,REG AIR,2,0.04,2,Brand#11,15,MED PKG,36,269,9775.1472
F,F,TAKE BACK RETURN,4,Manufacturer#3,4-NOT SPECIFIED,0,MACHINERY,RAIL,4,0.08,11,Brand#33,15,WRAP BAG,4,270,42165.36
F,F,TAKE BACK RETURN,1,Manufacturer#4,4-NOT SPECIFIED,0,MACHINERY,AIR,2,0.06,2,Brand#42,15,LG DRUM,29,270,21720.1166
F,F,NONE,3,Manufacturer#3,4-NOT SPECIFIED,0,MACHINERY,SHIP,3,0.06,7,Brand#31,15,SM CAN,21,270,8800.61
F,F,DELIVER IN PERSON,4,Manufacturer#5,3-MEDIUM,2,FURNITURE,TRUCK,1,0.03,10,Brand#55,21,SM PKG,1,271,71225.136
F,F,DELIVER IN PERSON,4,Manufacturer#3,5-LOW,0,BUILDING,AIR,4,0.01,20,Brand#35,16,WRAP PACK,20,272,71256.6036
F,F,TAKE BACK RETURN,0,Manufacturer#5,2-HIGH,1,MACHINERY,FOB,7,0.01,5,Brand#52,17,JUMBO CASE,19,273,19749.168
F,F,COLLECT COD,1,Manufacturer#5,2-HIGH,1,MACHINERY,SHIP,6,0,1,Brand#53,17,SM PACK,34,273,64100.0064
F,F,TAKE BACK RETURN,2,Manufacturer#1,2-HIGH,1,MACHINERY,FOB,4,0.03,21,Brand#13,17,SM DRUM,32,273,12665.6541
F,F,DELIVER IN PERSON,2,Manufacturer#2,5-LOW,4,HOUSEHOLD,TRUCK,2,0.07,12,Brand#21,11,LG PACK,38,274,21347.766
F,F,TAKE BACK RETURN,3,Manufacturer#4,5-LOW,4,HOUSEHOLD,FOB,4,0.01,22,Brand#45,11,LG BOX,17,274,45253.0095
F,F,COLLECT COD,4,Manufacturer#4,3-MEDIUM,0,AUTOMOBILE,RAIL,1,0,13,Brand#41,15,LG CASE,32,275,50168.5152
F,F,COLLECT COD,3,Manufacturer#1,3-MEDIUM,2,FURNITURE,RAIL,2,0.05,19,Brand#12,8,JUMBO JAR,29,276,49819.536
F,F,DELIVER IN PERSON,4,Manufacturer#4,4-NOT SPECIFIED,4,FURNITURE,REG AIR,5,0.06,10,Brand#43,11,MED BAG,45,277,12621.9198
F,F,DELIVER IN PERSON,1,Manufacturer#2,4-NOT SPECIFIED,4,FURNITURE,TRUCK,1,0.08,2,Brand#23,11,JUMBO BAG,40,277,35358.05
F,F,DELIVER IN PERSON,2,Manufacturer#2,2-HIGH,1,FURNITURE,FOB,1,0.01,9,Brand#25,2,LG PACK,40,278,8601.06
F,F,NONE,0,Manufacturer#4,5-LOW,0,BUILDING,AIR,2,0.04,5,Brand#42,16,JUMBO BAG,7,272,30230.301
F,F,COLLECT COD,2,Manufacturer#2,5-LOW,0,BUILDING,MAIL,1,0.05,18,Brand#24,16,MED PACK,17,272,24452.8102
F,F,COLLECT COD,1,Manufacturer#4,5-LOW,0,BUILDING,FOB,3,0.03,17,Brand#42,16,LG BAG,21,272,38561.25
F,F,NONE,1,Manufacturer#5,2-HIGH,0,BUILDING,SHIP,2,0.06,1,Brand#54,16,WRAP PACK,47,279,27784.6994
F,F,NONE,0,Manufacturer#1,2-HIGH,0,BUILDING,FOB,5,0.01,5,Brand#11,16,MED CASE,26,279,49182.9291
F,F,DELIVER IN PERSON,2,Manufacturer#4,2-HIGH,0,BUILDING,SHIP,4,0,21,Brand#43,16,SM CAN,36,279,44869.734
F,F,TAKE BACK RETURN,0,Manufacturer#5,2-HIGH,0,BUILDING,TRUCK,7,0.07,15,Brand#55,16,JUMBO PACK,1,279,20789.2377
F,F,COLLECT COD,1,Manufacturer#5,5-LOW,3,FURNITURE,TRUCK,4,0.01,3,Brand#52,22,SM BAG,21,280,79757.58
F,F,TAKE BACK RETURN,1,Manufacturer#5,5-LOW,3,FURNITURE,RAIL,6,0.02,24,Brand#52,22,WRAP PACK,2,280,4661.044
F,F,TAKE BACK RETURN,3,Manufacturer#2,3-MEDIUM,1,MACHINERY,TRUCK,2,0.02,23,Brand#23,3,WRAP DRUM,26,281,57736.4832
F,F,COLLECT COD,2,Manufacturer#2,3-MEDIUM,1,MACHINERY,SHIP,3,0.06,8,Brand#23,3,LG BAG,13,281,7977.6333
F,F,COLLECT COD,4,Manufacturer#1,3-MEDIUM,1,MACHINERY,FOB,4,0.05,10,Brand#11,3,WRAP BAG,17,281,53351.496
F,F,TAKE BACK RETURN,1,Manufacturer#5,5-LOW,4,HOUSEHOLD,SHIP,5,0.02,3,Brand#51,11,LG PACK,10,282,14122.3344
F,F,COLLECT COD,4,Manufacturer#3,2-HIGH,0,BUILDING,SHIP,2,0.05,20,Brand#32,14,JUMBO CAN,20,283,5839.2576
F,F,COLLECT COD,3,Manufacturer#2,2-HIGH,0,BUILDING,MAIL,5,0.08,7,Brand#21,14,MED JAR,11,283,18323.5296
F,F,DELIVER IN PERSON,1,Manufacturer#4,2-HIGH,0,BUILDING,FOB,1,0.02,1,Brand#42,14,MED PKG,28,283,13132.539
F,F,NONE,0,Manufacturer#1,2-HIGH,1,FURNITURE,MAIL,4,0.08,15,Brand#12,1,LG PKG,29,284,18278.112
F,F,DELIVER IN PERSON,3,Manufacturer#1,1-URGENT,0,FURNITURE,TRUCK,1,0.03,22,Brand#11,15,WRAP DRUM,2,285,25878.6792
F,F,NONE,3,Manufacturer#5,1-URGENT,0,FURNITURE,MAIL,7,0.02,19,Brand#51,15,LG CASE,46,285,12384.96
F,F,DELIVER IN PERSON,2,Manufacturer#3,4-NOT SPECIFIED,1,FURNITURE,REG AIR,2,0.01,12,Brand#33,24,SM BOX,44,286,63132.3336
F,F,TAKE BACK RETURN,1,Manufacturer#1,4-NOT SPECIFIED,1,FURNITURE,AIR,4,0.06,17,Brand#12,24,LG PKG,21,286,56492.0046
F,F,DELIVER IN PERSON,0,Manufacturer#2,4-NOT SPECIFIED,1,FURNITURE,RAIL,3,0.02,0,Brand#23,24,MED JAR,41,286,18885.2796
F,F,COLLECT COD,0,Manufacturer#3,4-NOT SPECIFIED,1,FURNITURE,TRUCK,5,0,15,Brand#31,24,MED CAN,37,286,51160.374
F,F,NONE,0,Manufacturer#2,5-LOW,4,HOUSEHOLD,RAIL,2,0.06,16,Brand#25,11,SM PKG,24,282,36570.204
F,F,NONE,4,Manufacturer#4,5-LOW,1,MACHINERY,FOB,3,0.06,10,Brand#42,3,WRAP BAG,28,137,62757.828
F,F,TAKE BACK RETURN,1,Manufacturer#3,5-LOW,1,MACHINERY,AIR,7,0.01,3,Brand#35,3,SM DRUM,35,137,34985.061
F,F,COLLECT COD,1,Manufacturer#4,5-LOW,1,MACHINERY,RAIL,6,0.03,2,Brand#42,3,LG PKG,24,137,22509.792
F,F,TAKE BACK RETURN,4,Manufacturer#2,4-NOT SPECIFIED,1,BUILDING,RAIL,1,0.05,4,Brand#25,17,LG CASE,10,287,20743.263
F,F,NONE,3,Manufacturer#4,2-HIGH,0,MACHINERY,MAIL,3,0,19,Brand#45,5,MED PKG,11,288,36813.7504
F,F,DELIVER IN PERSON,4,Manufacturer#2,2-HIGH,0,MACHINERY,TRUCK,2,0,10,Brand#25,5,LG CASE,42,288,27031.2075
F,F,TAKE BACK RETURN,3,Manufacturer#1,4-NOT SPECIFIED,3,BUILDING,MAIL,4,0.05,19,Brand#11,6,WRAP CAN,26,289,1653.6366
F,F,DELIVER IN PERSON,3,Manufacturer#5,4-NOT SPECIFIED,3,BUILDING,RAIL,3,0.07,7,Brand#55,6,MED PKG,20,289,36901.2965
F,F,COLLECT COD,4,Manufacturer#5,1-URGENT,3,FURNITURE,REG AIR,3,0.08,20,Brand#53,19,SM CASE,22,290,62379.0728
F,F,DELIVER IN PERSON,3,Manufacturer#2,1-URGENT,3,FURNITURE,SHIP,2,0.07,7,Brand#24,19,LG BOX,12,290,3555.8842
F,F,NONE,3,Manufacturer#2,5-LOW,0,MACHINERY,REG AIR,6,0.04,19,Brand#21,0,SM PKG,15,291,57473.4996
F,F,DELIVER IN PERSON,3,Manufacturer#2,5-LOW,0,MACHINERY,SHIP,2,0,22,Brand#21,0,MED CAN,28,291,53417.154
F,F,COLLECT COD,4,Manufacturer#4,5-LOW,1,AUTOMOBILE,RAIL,1,0.08,10,Brand#45,17,JUMBO BOX,38,216,56590.2568
F,F,NONE,0,Manufacturer#3,5-LOW,1,AUTOMOBILE,SHIP,3,0.01,15,Brand#33,17,JUMBO DRUM,34,216,4841.523
F,F,TAKE BACK RETURN,3,Manufacturer#2,5-LOW,2,AUTOMOBILE,FOB,5,0,23,Brand#23,12,SM PKG,16,292,33016.9728
F,F,TAKE BACK RETURN,3,Manufacturer#1,5-LOW,2,AUTOMOBILE,RAIL,2,0,22,Brand#13,12,LG DRUM,20,292,79640.19
F,F,NONE,0,Manufacturer#3,5-LOW,2,AUTOMOBILE,AIR,1,0,14,Brand#34,12,MED CAN,34,292,56277.189
F,F,TAKE BACK RETURN,0,Manufacturer#5,1-URGENT,2,MACHINERY,TRUCK,1,0.05,15,Brand#52,9,SM BAG,9,142,79739.154
F,F,COLLECT COD,3,Manufacturer#4,2-HIGH,4,BUILDING,SHIP,2,0.01,7,Brand#43,11,LG JAR,45,293,32969.7368
F,F,TAKE BACK RETURN,4,Manufacturer#1,5-LOW,3,AUTOMOBILE,MAIL,5,0.08,10,Brand#11,23,SM BAG,32,294,37249.056
F,F,DELIVER IN PERSON,0,Manufacturer#4,1-URGENT,2,MACHINERY,FOB,2,0,15,Brand#45,9,LG CASE,44,295,57881.3568
F,F,TAKE BACK RETURN,3,Manufacturer#5,4-NOT SPECIFIED,4,HOUSEHOLD,AIR,5,0.05,7,Brand#53,20,LG CAN,32,296,12281.5192
F,F,TAKE BACK RETURN,1,Manufacturer#5,4-NOT SPECIFIED,4,HOUSEHOLD,MAIL,4,0.08,17,Brand#54,20,JUMBO PKG,40,296,56598.86
F,F,DELIVER IN PERSON,1,Manufacturer#2,3-MEDIUM,0,MACHINERY,MAIL,2,0.04,2,Brand#22,16,WRAP CAN,14,297,34029.5808
F,F,NONE,2,Manufacturer#1,2-HIGH,4,HOUSEHOLD,RAIL,4,0.01,8,Brand#14,4,MED CAN,50,298,33189.326
F,F,COLLECT COD,0,Manufacturer#5,2-HIGH,4,HOUSEHOLD,FOB,3,0.05,16,Brand#55,4,LG JAR,42,298,34707.218
F,F,TAKE BACK RETURN,1,Manufacturer#4,5-LOW,2,FURNITURE,TRUCK,1,0.06,2,Brand#44,9,LG BOX,10,299,43879.5564
F,F,TAKE BACK RETURN,0,Manufacturer#4,2-HIGH,3,MACHINERY,SHIP,1,0.02,16,Brand#41,19,MED DRUM,30,300,68773.0602
F,F,NONE,3,Manufacturer#2,1-URGENT,0,FURNITURE,MAIL,3,0.03,19,Brand#24,0,JUMBO DRUM,50,301,6200.3472
F,F,TAKE BACK RETURN,2,Manufacturer#4,1-URGENT,0,FURNITURE,FOB,2,0.05,18,Brand#41,0,JUMBO BAG,44,301,51228.5956
F,F,TAKE BACK RETURN,1,Manufacturer#1,1-URGENT,1,FURNITURE,REG AIR,4,0.01,3,Brand#14,3,WRAP PKG,44,302,9220.1
F,F,COLLECT COD,2,Manufacturer#3,5-LOW,4,FURNITURE,MAIL,2,0.03,8,Brand#35,10,JUMBO PACK,36,303,13380.48
F,F,COLLECT COD,0,Manufacturer#3,1-URGENT,1,FURNITURE,AIR,6,0.08,0,Brand#32,3,WRAP BOX,2,302,3399.1776
F,F,TAKE BACK RETURN,0,Manufacturer#1,1-URGENT,1,FURNITURE,TRUCK,5,0.02,5,Brand#11,3,WRAP BAG,9,302,20920.356
F,F,NONE,0,Manufacturer#2,4-NOT SPECIFIED,0,FURNITURE,FOB,2,0.06,14,Brand#22,14,MED DRUM,23,304,37083.69
F,F,DELIVER IN PERSON,4,Manufacturer#3,1-URGENT,4,AUTOMOBILE,RAIL,1,0.06,4,Brand#34,4,SM CASE,42,305,41831.3442
F,F,TAKE BACK RETURN,0,Manufacturer#5,1-URGENT,4,AUTOMOBILE,RAIL,2,0.07,5,Brand#53,4,MED JAR,19,305,29453.886
F,F,TAKE BACK RETURN,2,Manufacturer#2,1-URGENT,4,AUTOMOBILE,RAIL,4,0.07,18,Brand#23,4,MED CAN,39,305,21912
F,F,DELIVER IN PERSON,4,Manufacturer#5,4-NOT SPECIFIED,0,FURNITURE,SHIP,7,0.02,4,Brand#54,14,MED BOX,49,304,43662.11
F,F,DELIVER IN PERSON,4,Manufacturer#1,5-LOW,0,FURNITURE,REG AIR,5,0.08,13,Brand#14,14,WRAP PACK,31,306,5085.696
F,F,DELIVER IN PERSON,2,Manufacturer#3,5-LOW,0,FURNITURE,RAIL,4,0.06,18,Brand#35,14,JUMBO CAN,44,306,37242.66
F,F,TAKE BACK RETURN,2,Manufacturer#1,5-LOW,0,FURNITURE,MAIL,1,0.05,9,Brand#13,14,JUMBO JAR,17,306,32095.4816
F,F,DELIVER IN PERSON,1,Manufacturer#2,4-NOT SPECIFIED,0,FURNITURE,REG AIR,5,0.03,17,Brand#25,14,MED PKG,34,304,31501.8795
F,F,NONE,1,Manufacturer#1,4-NOT SPECIFIED,3,MACHINERY,MAIL,5,0.03,1,Brand#14,19,LG BAG,17,307,27580
F,F,TAKE BACK RETURN,4,Manufacturer#5,4-NOT SPECIFIED,3,MACHINERY,RAIL,2,0.02,4,Brand#54,19,JUMBO CAN,25,307,14775.72
F,F,COLLECT COD,4,Manufacturer#5,4-NOT SPECIFIED,3,MACHINERY,RAIL,6,0.03,20,Brand#54,19,LG CAN,5,307,6577.858
F,F,COLLECT COD,2,Manufacturer#3,5-LOW,2,FURNITURE,REG AIR,4,0.03,8,Brand#33,9,MED BOX,49,308,43158.7464
F,F,COLLECT COD,1,Manufacturer#3,2-HIGH,3,BUILDING,MAIL,2,0.05,3,Brand#34,7,JUMBO JAR,47,309,89158.06
F,F,TAKE BACK RETURN,1,Manufacturer#2,3-MEDIUM,4,HOUSEHOLD,FOB,4,0.03,2,Brand#22,20,JUMBO BOX,11,310,32641.8576
F,F,NONE,2,Manufacturer#4,3-MEDIUM,4,HOUSEHOLD,TRUCK,5,0.02,12,Brand#41,20,JUMBO PACK,46,310,40587.246
F,F,COLLECT COD,1,Manufacturer#1,3-MEDIUM,4,HOUSEHOLD,MAIL,2,0.03,3,Brand#15,20,MED BOX,2,310,75704.9784
F,F,NONE,4,Manufacturer#5,3-MEDIUM,4,HOUSEHOLD,REG AIR,1,0.06,4,Brand#52,20,MED BAG,33,310,23050.872
F,F,DELIVER IN PERSON,4,Manufacturer#1,2-HIGH,1,BUILDING,RAIL,7,0.04,4,Brand#13,24,SM DRUM,22,311,43591.212
F,F,DELIVER IN PERSON,0,Manufacturer#1,2-HIGH,1,BUILDING,MAIL,4,0.06,0,Brand#13,24,JUMBO PKG,7,311,16623.618
F,F,TAKE BACK RETURN,0,Manufacturer#5,2-HIGH,1,BUILDING,FOB,5,0.01,16,Brand#52,24,WRAP DRUM,12,311,30556.332
F,F,COLLECT COD,3,Manufacturer#2,2-HIGH,1,BUILDING,TRUCK,1,0.01,6,Brand#22,24,WRAP PACK,44,311,72311.0934
F,F,NONE,2,Manufacturer#2,1-URGENT,3,AUTOMOBILE,REG AIR,2,0.03,8,Brand#24,22,WRAP CASE,4,312,23853.2382
F,F,COLLECT COD,1,Manufacturer#4,1-URGENT,3,AUTOMOBILE,MAIL,1,0.02,17,Brand#41,22,MED PKG,22,312,55020.2042
F,F,TAKE BACK RETURN,4,Manufacturer#3,5-LOW,2,FURNITURE,RAIL,1,0.03,20,Brand#33,9,WRAP BAG,40,308,75577.3746
F,F,TAKE BACK RETURN,1,Manufacturer#3,4-NOT SPECIFIED,1,FURNITURE,REG AIR,2,0.03,2,Brand#31,24,MED DRUM,39,313,47126.632
F,F,COLLECT COD,1,Manufacturer#1,4-NOT SPECIFIED,1,FURNITURE,RAIL,6,0.03,2,Brand#14,24,LG CAN,45,313,43102.368
F,F,NONE,1,Manufacturer#3,4-NOT SPECIFIED,1,FURNITURE,TRUCK,4,0,3,Brand#31,24,LG PACK,24,313,61228.08
F,F,DELIVER IN PERSON,4,Manufacturer#5,4-NOT SPECIFIED,1,FURNITURE,SHIP,1,0.01,10,Brand#54,24,MED DRUM,39,313,46561.59
F,F,NONE,2,Manufacturer#3,4-NOT SPECIFIED,1,FURNITURE,TRUCK,3,0,18,Brand#32,24,JUMBO PKG,38,313,19111.57
F,F,COLLECT COD,0,Manufacturer#1,5-LOW,2,MACHINERY,AIR,3,0.04,14,Brand#14,9,MED BAG,7,314,11856
F,F,DELIVER IN PERSON,2,Manufacturer#5,2-HIGH,4,BUILDING,FOB,2,0.06,12,Brand#52,4,LG BOX,45,315,32896.0368
F,F,COLLECT COD,1,Manufacturer#3,2-HIGH,4,BUILDING,AIR,1,0.03,24,Brand#33,4,WRAP BAG,40,315,45143.28
F,F,COLLECT COD,4,Manufacturer#4,2-HIGH,4,BUILDING,REG AIR,4,0.03,20,Brand#43,4,JUMBO BOX,17,315,32875.4916
F,F,TAKE BACK RETURN,3,Manufacturer#3,4-NOT SPECIFIED,3,BUILDING,RAIL,3,0,22,Brand#34,19,WRAP BOX,35,316,39904.8804
F,F,DELIVER IN PERSON,4,Manufacturer#2,4-NOT SPECIFIED,3,BUILDING,SHIP,1,0,13,Brand#25,19,MED CASE,8,316,3671.84
F,F,DELIVER IN PERSON,4,Manufacturer#2,5-LOW,4,AUTOMOBILE,FOB,2,0,10,Brand#21,13,WRAP JAR,19,317,35438.8188
F,F,COLLECT COD,1,Manufacturer#5,5-LOW,4,AUTOMOBILE,AIR,1,0.03,17,Brand#51,13,MED CAN,15,317,24756.096
F,F,TAKE BACK RETURN,0,Manufacturer#5,5-LOW,4,AUTOMOBILE,RAIL,4,0.01,0,Brand#52,13,JUMBO BAG,43,317,24301.67
F,F,TAKE BACK RETURN,2,Manufacturer#5,2-HIGH,1,HOUSEHOLD,FOB,3,0.03,18,Brand#52,24,WRAP PACK,3,318,69802.8804
F,F,DELIVER IN PERSON,2,Manufacturer#2,2-HIGH,1,HOUSEHOLD,RAIL,2,0.08,9,Brand#21,24,WRAP PACK,13,318,17085.1768
F,F,DELIVER IN PERSON,0,Manufacturer#3,5-LOW,2,MACHINERY,AIR,2,0,15,Brand#33,9,MED BOX,10,314,29905.8144
F,F,NONE,0,Manufacturer#1,5-LOW,4,BUILDING,SHIP,2,0.06,5,Brand#15,13,LG BOX,46,319,11951.7216
F,F,DELIVER IN PERSON,4,Manufacturer#2,5-LOW,0,AUTOMOBILE,RAIL,1,0.08,11,Brand#25,5,SM CASE,3,320,49126.3484
F,F,DELIVER IN PERSON,4,Manufacturer#2,4-NOT SPECIFIED,3,FURNITURE,SHIP,5,0.05,11,Brand#23,19,WRAP DRUM,5,321,52886.4774
F,F,COLLECT COD,4,Manufacturer#3,4-NOT SPECIFIED,3,FURNITURE,MAIL,3,0.04,20,Brand#33,19,LG DRUM,34,321,58377.8325
F,F,DELIVER IN PERSON,1,Manufacturer#3,4-NOT SPECIFIED,3,FURNITURE,AIR,1,0.03,24,Brand#35,19,SM PKG,10,321,56648.7432
F,F,NONE,3,Manufacturer#5,4-NOT SPECIFIED,3,FURNITURE,RAIL,6,0.07,23,Brand#55,19,LG DRUM,8,321,10362.6
F,F,NONE,0,Manufacturer#4,5-LOW,4,BUILDING,FOB,5,0.06,14,Brand#43,13,JUMBO PKG,16,319,40915.16
F,F,TAKE BACK RETURN,4,Manufacturer#1,5-LOW,4,BUILDING,FOB,4,0,13,Brand#12,13,LG BAG,27,319,18900.6965
F,F,COLLECT COD,2,Manufacturer#3,1-URGENT,4,BUILDING,SHIP,1,0.04,9,Brand#34,20,JUMBO BAG,26,322,25252.7418
F,F,COLLECT COD,2,Manufacturer#1,2-HIGH,0,BUILDING,FOB,4,0.04,8,Brand#15,16,LG JAR,2,323,64364.856
F,F,TAKE BACK RETURN,0,Manufacturer#3,2-HIGH,0,BUILDING,RAIL,1,0.02,14,Brand#35,16,SM JAR,39,323,12422.3918
F,F,TAKE BACK RETURN,2,Manufacturer#5,2-HIGH,0,BUILDING,REG AIR,3,0.07,18,Brand#51,16,SM DRUM,7,323,2873.94
F,F,TAKE BACK RETURN,3,Manufacturer#4,4-NOT SPECIFIED,1,FURNITURE,TRUCK,3,0.04,22,Brand#41,1,MED BAG,11,324,38992.23
F,F,NONE,0,Manufacturer#5,2-HIGH,0,MACHINERY,SHIP,2,0.06,0,Brand#55,15,LG PACK,44,325,20769.9856
F,F,COLLECT COD,0,Manufacturer#3,2-HIGH,0,MACHINERY,AIR,6,0,15,Brand#34,15,MED PKG,48,325,41875.335
F,F,TAKE BACK RETURN,1,Manufacturer#5,2-HIGH,0,MACHINERY,REG AIR,3,0.06,3,Brand#52,15,WRAP PKG,5,325,12835.746
F,F,COLLECT COD,4,Manufacturer#4,3-MEDIUM,2,AUTOMOBILE,RAIL,2,0,20,Brand#43,12,JUMBO PACK,28,326,15414.12
F,F,NONE,4,Manufacturer#5,1-URGENT,1,MACHINERY,REG AIR,1,0.05,4,Brand#55,24,LG PKG,17,327,4584.132
F,F,DELIVER IN PERSON,0,Manufacturer#4,4-NOT SPECIFIED,0,MACHINERY,TRUCK,1,0.07,5,Brand#42,15,SM BOX,26,328,25156.131
F,F,DELIVER IN PERSON,3,Manufacturer#5,5-LOW,1,HOUSEHOLD,MAIL,1,0.06,19,Brand#52,3,MED PKG,16,329,10862.7344
F,F,NONE,4,Manufacturer#3,5-LOW,1,HOUSEHOLD,RAIL,6,0,10,Brand#34,3,JUMBO JAR,47,329,71554.0856
F,F,COLLECT COD,1,Manufacturer#5,5-LOW,1,HOUSEHOLD,FOB,4,0,1,Brand#51,3,SM CASE,47,329,2095.5536
F,F,TAKE BACK RETURN,4,Manufacturer#2,5-LOW,1,HOUSEHOLD,FOB,2,0.05,4,Brand#22,3,LG JAR,20,329,39697.056
F,F,TAKE BACK RETURN,4,Manufacturer#1,4-NOT SPECIFIED,1,HOUSEHOLD,SHIP,3,0.03,10,Brand#15,24,SM DRUM,20,330,57499.988
F,F,COLLECT COD,1,Manufacturer#2,1-URGENT,0,HOUSEHOLD,SHIP,2,0.06,3,Brand#21,15,LG CAN,3,331,50125.68
F,F,DELIVER IN PERSON,3,Manufacturer#5,1-URGENT,0,HOUSEHOLD,FOB,1,0.02,19,Brand#54,15,MED BAG,11,331,38087.875
F,F,DELIVER IN PERSON,3,Manufacturer#2,2-HIGH,4,MACHINERY,AIR,3,0.08,22,Brand#23,13,MED JAR,12,332,82147.9905
F,F,COLLECT COD,4,Manufacturer#5,5-LOW,1,AUTOMOBILE,RAIL,1,0.02,4,Brand#55,2,JUMBO PKG,38,333,12223.008
F,F,NONE,0,Manufacturer#5,5-LOW,1,AUTOMOBILE,AIR,2,0.08,15,Brand#52,2,SM CAN,19,333,44457.984
F,F,COLLECT COD,1,Manufacturer#2,2-HIGH,2,FURNITURE,FOB,1,0.06,24,Brand#24,21,LG BAG,37,334,9197.2608
F,F,NONE,3,Manufacturer#1,1-URGENT,1,AUTOMOBILE,AIR,7,0.07,6,Brand#13,1,SM DRUM,12,335,21249.8748
F,F,COLLECT COD,3,Manufacturer#3,2-HIGH,2,BUILDING,AIR,5,0.03,23,Brand#32,21,JUMBO DRUM,29,336,52239.6252
F,F,COLLECT COD,3,Manufacturer#4,2-HIGH,2,BUILDING,RAIL,3,0,22,Brand#41,21,LG BOX,9,336,55102.8975
F,F,TAKE BACK RETURN,3,Manufacturer#1,2-HIGH,2,BUILDING,MAIL,1,0.07,19,Brand#13,21,JUMBO JAR,19,336,26442.7452
F,F,COLLECT COD,2,Manufacturer#5,1-URGENT,1,AUTOMOBILE,AIR,2,0.04,8,Brand#52,1,JUMBO BAG,42,335,31911.462
F,F,COLLECT COD,3,Manufacturer#2,3-MEDIUM,4,AUTOMOBILE,TRUCK,1,0.03,7,Brand#24,20,JUMBO BOX,50,337,39697.2576
F,F,COLLECT COD,3,Manufacturer#2,3-MEDIUM,4,AUTOMOBILE,REG AIR,2,0,6,Brand#21,20,JUMBO CASE,50,337,36916.6525
F,F,COLLECT COD,0,Manufacturer#4,5-LOW,0,AUTOMOBILE,FOB,1,0.08,14,Brand#41,0,MED CASE,21,338,2857.02
F,F,DELIVER IN PERSON,0,Manufacturer#3,5-LOW,0,AUTOMOBILE,REG AIR,5,0,14,Brand#32,0,LG BAG,45,338,29510.572
F,F,NONE,4,Manufacturer#2,5-LOW,0,AUTOMOBILE,TRUCK,2,0.03,20,Brand#25,0,LG JAR,46,338,43151.375
F,F,NONE,1,Manufacturer#2,5-LOW,0,AUTOMOBILE,FOB,6,0.04,2,Brand#25,0,WRAP PKG,41,338,36204.714
F,F,TAKE BACK RETURN,1,Manufacturer#5,4-NOT SPECIFIED,3,BUILDING,SHIP,2,0.03,3,Brand#52,22,WRAP CASE,40,339,64047.5472
F,F,NONE,0,Manufacturer#4,4-NOT SPECIFIED,3,BUILDING,AIR,3,0.06,15,Brand#41,22,MED BAG,22,339,42182.7726
F,F,COLLECT COD,2,Manufacturer#3,4-NOT SPECIFIED,3,BUILDING,AIR,1,0.07,18,Brand#34,22,JUMBO DRUM,31,339,73888.0796
F,F,COLLECT COD,0,Manufacturer#1,4-NOT SPECIFIED,3,HOUSEHOLD,TRUCK,2,0.07,16,Brand#13,7,SM CASE,39,340,47574.3096
F,F,TAKE BACK RETURN,2,Manufacturer#4,3-MEDIUM,3,HOUSEHOLD,REG AIR,2,0.07,12,Brand#44,7,LG PKG,10,341,50894.4
F,F,NONE,0,Manufacturer#1,3-MEDIUM,3,HOUSEHOLD,FOB,1,0.03,15,Brand#13,7,MED PKG,21,341,44492
F,F,NONE,3,Manufacturer#1,3-MEDIUM,3,HOUSEHOLD,MAIL,6,0.06,7,Brand#11,7,WRAP JAR,2,341,1259.4286
F,F,COLLECT COD,2,Manufacturer#2,3-MEDIUM,3,HOUSEHOLD,SHIP,3,0.02,9,Brand#22,7,SM JAR,15,341,7918.35
F,F,NONE,3,Manufacturer#2,3-MEDIUM,3,HOUSEHOLD,SHIP,5,0.04,23,Brand#25,7,SM CAN,46,341,29861.184
F,F,TAKE BACK RETURN,3,Manufacturer#4,1-URGENT,3,HOUSEHOLD,FOB,2,0,23,Brand#43,22,LG PKG,30,342,35670.852
F,F,TAKE BACK RETURN,0,Manufacturer#4,1-URGENT,3,HOUSEHOLD,MAIL,1,0.01,0,Brand#42,22,JUMBO BOX,35,342,22250.7964
F,F,COLLECT COD,4,Manufacturer#1,1-URGENT,3,HOUSEHOLD,RAIL,3,0,13,Brand#15,22,MED CAN,8,342,6568.962
F,F,COLLECT COD,2,Manufacturer#3,2-HIGH,4,BUILDING,RAIL,4,0.07,8,Brand#33,13,MED CAN,3,343,4158.7455
F,F,DELIVER IN PERSON,1,Manufacturer#4,2-HIGH,4,BUILDING,SHIP,3,0.01,1,Brand#41,13,SM BAG,42,343,46704.567
F,F,COLLECT COD,3,Manufacturer#3,2-HIGH,4,BUILDING,SHIP,1,0.07,6,Brand#32,13,WRAP CAN,25,343,15836.6
F,F,COLLECT COD,3,Manufacturer#5,5-LOW,2,MACHINERY,MAIL,3,0.03,6,Brand#52,9,WRAP PKG,1,344,49010.5056
F,F,DELIVER IN PERSON,4,Manufacturer#2,5-LOW,2,MACHINERY,RAIL,7,0.06,10,Brand#23,9,MED PKG,32,344,13709.1933
F,F,NONE,3,Manufacturer#4,5-LOW,2,MACHINERY,REG AIR,6,0.06,7,Brand#43,9,WRAP CAN,2,344,41485.474
F,F,COLLECT COD,3,Manufacturer#4,3-MEDIUM,3,BUILDING,SHIP,3,0.08,7,Brand#44,6,LG JAR,29,345,39232.1244
F,F,COLLECT COD,1,Manufacturer#2,5-LOW,1,AUTOMOBILE,TRUCK,1,0.03,3,Brand#22,1,WRAP CAN,13,346,9584.298
F,F,TAKE BACK RETURN,2,Manufacturer#4,2-HIGH,4,BUILDING,SHIP,1,0.03,8,Brand#42,13,LG CASE,47,347,11684.32
F,F,DELIVER IN PERSON,0,Manufacturer#2,2-HIGH,4,BUILDING,AIR,3,0.01,5,Brand#24,13,SM CAN,18,347,9121.8816
F,F,TAKE BACK RETURN,2,Manufacturer#5,2-HIGH,4,BUILDING,FOB,2,0.04,21,Brand#52,13,SM CASE,20,347,46467.171
F,F,NONE,1,Manufacturer#3,5-LOW,0,BUILDING,REG AIR,4,0.06,17,Brand#31,14,MED BOX,3,348,45585.624
F,F,DELIVER IN PERSON,4,Manufacturer#5,5-LOW,0,BUILDING,RAIL,5,0.04,20,Brand#54,14,JUMBO PACK,7,348,26754.2048
F,F,NONE,0,Manufacturer#5,5-LOW,0,BUILDING,FOB,2,0.06,14,Brand#53,14,MED PACK,7,348,37588.3596
F,F,TAKE BACK RETURN,1,Manufacturer#5,4-NOT SPECIFIED,0,MACHINERY,SHIP,3,0.08,17,Brand#53,5,WRAP CASE,46,349,79203.26
F,F,COLLECT COD,0,Manufacturer#4,4-NOT SPECIFIED,3,HOUSEHOLD,FOB,1,0.08,15,Brand#45,7,LG BOX,50,340,30547.0176
F,F,COLLECT COD,1,Manufacturer#4,4-NOT SPECIFIED,3,HOUSEHOLD,TRUCK,3,0.01,2,Brand#43,7,JUMBO BOX,50,340,51961.14
F,F,DELIVER IN PERSON,0,Manufacturer#5,4-NOT SPECIFIED,1,AUTOMOBILE,REG AIR,1,0.04,15,Brand#55,24,MED PACK,5,350,10337.0464
F,F,NONE,1,Manufacturer#3,4-NOT SPECIFIED,1,AUTOMOBILE,FOB,5,0.07,24,Brand#35,24,MED BOX,16,350,59033.0095
F,F,COLLECT COD,3,Manufacturer#4,4-NOT SPECIFIED,1,AUTOMOBILE,SHIP,4,0.04,22,Brand#43,24,LG CASE,40,350,24618.096
F,F,NONE,0,Manufacturer#2,4-NOT SPECIFIED,1,AUTOMOBILE,MAIL,3,0.02,16,Brand#24,24,SM CASE,43,350,46585.728
F,F,COLLECT COD,1,Manufacturer#3,1-URGENT,4,AUTOMOBILE,SHIP,3,0,2,Brand#33,4,JUMBO JAR,2,351,31130.9664
F,F,NONE,4,Manufacturer#3,3-MEDIUM,2,AUTOMOBILE,SHIP,1,0.04,11,Brand#32,18,MED CASE,12,352,40556.334
F,F,COLLECT COD,1,Manufacturer#3,3-MEDIUM,3,HOUSEHOLD,TRUCK,5,0.04,3,Brand#35,19,JUMBO PACK,19,353,91038.57
F,F,DELIVER IN PERSON,2,Manufacturer#2,3-MEDIUM,3,HOUSEHOLD,SHIP,4,0.01,18,Brand#25,19,MED PKG,38,353,37181.214
F,F,NONE,1,Manufacturer#2,1-URGENT,4,AUTOMOBILE,MAIL,1,0.08,2,Brand#25,4,LG BAG,24,351,32082.5169
F,F,COLLECT COD,2,Manufacturer#3,2-HIGH,4,BUILDING,RAIL,1,0.06,9,Brand#33,11,WRAP CASE,38,354,39504.672
F,F,COLLECT COD,4,Manufacturer#3,1-URGENT,4,HOUSEHOLD,AIR,2,0.04,4,Brand#35,20,LG BAG,34,355,16807.284
F,F,COLLECT COD,4,Manufacturer#4,1-URGENT,4,HOUSEHOLD,AIR,1,0.05,20,Brand#45,20,WRAP BOX,28,355,4889.6052
F,F,DELIVER IN PERSON,2,Manufacturer#4,2-HIGH,0,MACHINERY,AIR,1,0.06,18,Brand#43,5,SM BOX,24,356,23428.251
F,F,TAKE BACK RETURN,2,Manufacturer#1,4-NOT SPECIFIED,4,AUTOMOBILE,RAIL,1,0.02,12,Brand#13,10,WRAP BOX,49,357,19116.772
F,F,DELIVER IN PERSON,2,Manufacturer#4,4-NOT SPECIFIED,3,AUTOMOBILE,FOB,1,0.02,12,Brand#41,7,MED BAG,44,358,29914.1598
F,F,DELIVER IN PERSON,0,Manufacturer#5,4-NOT SPECIFIED,3,AUTOMOBILE,FOB,3,0.03,5,Brand#51,7,MED BAG,38,358,55658.5004
F,F,TAKE BACK RETURN,2,Manufacturer#4,2-HIGH,0,MACHINERY,MAIL,2,0.07,21,Brand#45,5,MED CAN,46,356,32160.0916
F,F,NONE,0,Manufacturer#4,4-NOT SPECIFIED,3,MACHINERY,MAIL,5,0.05,15,Brand#41,22,LG PKG,22,359,17559.2186
F,F,TAKE BACK RETURN,1,Manufacturer#4,4-NOT SPECIFIED,3,MACHINERY,AIR,1,0.02,3,Brand#43,22,JUMBO CAN,38,359,53363.4558
F,F,NONE,4,Manufacturer#1,4-NOT SPECIFIED,3,MACHINERY,REG AIR,3,0.05,11,Brand#12,22,MED PKG,1,359,22269.06
F,F,NONE,3,Manufacturer#3,4-NOT SPECIFIED,3,MACHINERY,FOB,4,0.08,23,Brand#33,22,WRAP CASE,13,359,72430.036
F,F,COLLECT COD,2,Manufacturer#2,4-NOT SPECIFIED,3,HOUSEHOLD,RAIL,4,0.06,9,Brand#25,7,SM CASE,20,360,19923.576
F,F,DELIVER IN PERSON,3,Manufacturer#3,1-URGENT,3,AUTOMOBILE,REG AIR,4,0.02,23,Brand#31,6,LG DRUM,10,361,23248.6968
F,F,DELIVER IN PERSON,1,Manufacturer#3,1-URGENT,3,AUTOMOBILE,REG AIR,1,0.01,17,Brand#33,6,JUMBO BOX,1,361,16751.9844
F,F,NONE,2,Manufacturer#5,3-MEDIUM,4,MACHINERY,MAIL,3,0.05,8,Brand#53,20,JUMBO CAN,23,362,42105.4011
F,F,TAKE BACK RETURN,0,Manufacturer#3,1-URGENT,3,AUTOMOBILE,REG AIR,3,0.05,14,Brand#35,6,WRAP CAN,14,361,4408.3116
F,F,NONE,4,Manufacturer#2,1-URGENT,2,BUILDING,AIR,2,0.06,11,Brand#25,12,WRAP PACK,34,363,30178.467
F,F,COLLECT COD,0,Manufacturer#2,1-URGENT,2,BUILDING,RAIL,7,0.02,16,Brand#22,12,JUMBO CASE,4,363,31994.8364
F,F,DELIVER IN PERSON,3,Manufacturer#1,1-URGENT,2,BUILDING,AIR,3,0.04,7,Brand#15,12,SM BAG,48,363,56864.717
F,F,TAKE BACK RETURN,1,Manufacturer#3,3-MEDIUM,4,MACHINERY,SHIP,4,0.05,1,Brand#34,20,MED PACK,35,362,51641.226
F,F,NONE,1,Manufacturer#4,3-MEDIUM,4,MACHINERY,AIR,1,0.01,1,Brand#43,20,LG BOX,43,362,47050.5848
F,F,TAKE BACK RETURN,3,Manufacturer#1,1-URGENT,4,FURNITURE,TRUCK,4,0.04,22,Brand#12,10,SM BOX,1,258,76624.96
F,F,NONE,2,Manufacturer#3,1-URGENT,4,FURNITURE,SHIP,3,0.02,8,Brand#31,10,WRAP PKG,27,258,53893.3725
F,F,COLLECT COD,2,Manufacturer#1,3-MEDIUM,4,FURNITURE,REG AIR,4,0.06,8,Brand#14,11,JUMBO BAG,24,143,43818.732
F,F,COLLECT COD,2,Manufacturer#5,4-NOT SPECIFIED,4,FURNITURE,MAIL,1,0.08,21,Brand#51,13,WRAP DRUM,34,364,22530.015
F,F,COLLECT COD,1,Manufacturer#5,2-HIGH,0,BUILDING,SHIP,2,0.04,24,Brand#55,0,JUMBO BOX,45,365,22966.0032
F,F,NONE,3,Manufacturer#4,5-LOW,3,MACHINERY,AIR,2,0,23,Brand#45,22,SM BAG,33,359,13107.6153
F,F,NONE,1,Manufacturer#5,5-LOW,3,MACHINERY,MAIL,1,0.03,2,Brand#52,22,JUMBO PKG,44,359,62912.1438
F,F,COLLECT COD,2,Manufacturer#3,3-MEDIUM,4,FURNITURE,MAIL,2,0.06,21,Brand#35,11,WRAP PACK,19,143,47510.9492
F,F,TAKE BACK RETURN,4,Manufacturer#4,4-NOT SPECIFIED,2,MACHINERY,FOB,6,0.07,10,Brand#41,12,JUMBO PKG,36,366,75755.421
F,F,NONE,4,Manufacturer#2,1-URGENT,4,FURNITURE,AIR,1,0.06,13,Brand#25,13,JUMBO PACK,10,367,45646.3872
F,F,COLLECT COD,4,Manufacturer#2,4-NOT SPECIFIED,2,MACHINERY,AIR,5,0.02,10,Brand#22,12,SM CAN,17,366,45915.8016
F,F,DELIVER IN PERSON,0,Manufacturer#5,4-NOT SPECIFIED,2,MACHINERY,MAIL,3,0.02,0,Brand#53,12,LG DRUM,36,366,43846.7216
F,F,DELIVER IN PERSON,4,Manufacturer#3,4-NOT SPECIFIED,2,MACHINERY,AIR,1,0.05,10,Brand#32,12,MED BAG,31,366,70593.96
F,F,COLLECT COD,0,Manufacturer#5,1-URGENT,4,HOUSEHOLD,AIR,2,0.04,16,Brand#53,11,WRAP JAR,49,368,34591.632
F,F,TAKE BACK RETURN,1,Manufacturer#2,3-MEDIUM,3,HOUSEHOLD,SHIP,2,0.04,3,Brand#21,23,SM BOX,35,369,6341.9279
F,F,DELIVER IN PERSON,1,Manufacturer#5,3-MEDIUM,1,AUTOMOBILE,MAIL,1,0.07,3,Brand#55,3,SM PACK,15,370,46403.2998
F,F,NONE,3,Manufacturer#3,2-HIGH,4,AUTOMOBILE,FOB,2,0.07,19,Brand#34,10,WRAP PKG,28,371,29161.8
F,F,TAKE BACK RETURN,4,Manufacturer#1,2-HIGH,4,AUTOMOBILE,FOB,3,0.03,10,Brand#15,10,SM DRUM,27,371,34953.5232
F,F,NONE,2,Manufacturer#1,2-HIGH,4,AUTOMOBILE,MAIL,5,0.01,12,Brand#11,10,JUMBO BOX,18,371,30262.4883
F,F,COLLECT COD,3,Manufacturer#2,4-NOT SPECIFIED,0,AUTOMOBILE,FOB,5,0.01,23,Brand#21,14,MED BAG,16,372,44621.158
F,F,COLLECT COD,4,Manufacturer#5,5-LOW,2,FURNITURE,TRUCK,1,0.05,10,Brand#54,9,WRAP DRUM,24,373,49580.8632
F,F,TAKE BACK RETURN,4,Manufacturer#5,4-NOT SPECIFIED,0,AUTOMOBILE,REG AIR,3,0.01,20,Brand#51,14,JUMBO JAR,16,372,34653.0789
F,F,DELIVER IN PERSON,3,Manufacturer#1,4-NOT SPECIFIED,0,AUTOMOBILE,AIR,2,0,19,Brand#14,14,MED CASE,16,372,36902.047
F,F,COLLECT COD,2,Manufacturer#4,4-NOT SPECIFIED,0,AUTOMOBILE,TRUCK,7,0.08,9,Brand#43,14,MED PACK,15,372,28292.4288
F,F,NONE,4,Manufacturer#4,4-NOT SPECIFIED,0,AUTOMOBILE,FOB,4,0.08,10,Brand#41,14,WRAP DRUM,10,372,48203.3384
F,F,DELIVER IN PERSON,1,Manufacturer#1,4-NOT SPECIFIED,1,MACHINERY,RAIL,2,0.05,1,Brand#15,3,SM CAN,45,131,20804.472
F,F,NONE,4,Manufacturer#4,5-LOW,3,HOUSEHOLD,MAIL,2,0,20,Brand#41,7,WRAP CAN,9,374,58864.806
F,F,TAKE BACK RETURN,2,Manufacturer#1,4-NOT SPECIFIED,4,FURNITURE,MAIL,2,0.05,18,Brand#14,4,LG BAG,45,375,37167.3736
F,F,TAKE BACK RETURN,3,Manufacturer#1,4-NOT SPECIFIED,4,FURNITURE,REG AIR,1,0,19,Brand#11,4,MED DRUM,27,375,11146.4171
F,F,NONE,1,Manufacturer#1,4-NOT SPECIFIED,1,MACHINERY,RAIL,3,0,2,Brand#11,3,MED CAN,32,131,62340.054
F,F,DELIVER IN PERSON,0,Manufacturer#2,5-LOW,3,BUILDING,TRUCK,3,0.08,15,Brand#22,6,WRAP CASE,14,376,27285.3504
F,F,NONE,1,Manufacturer#5,5-LOW,3,BUILDING,MAIL,1,0.02,24,Brand#51,6,JUMBO CAN,39,376,3093.5996
F,F,NONE,3,Manufacturer#2,5-LOW,1,BUILDING,MAIL,2,0.04,7,Brand#24,2,WRAP CASE,13,377,48368.4292
F,F,NONE,1,Manufacturer#4,5-LOW,1,BUILDING,REG AIR,1,0.07,24,Brand#44,2,SM CASE,32,377,22250.6048
F,F,NONE,2,Manufacturer#3,5-LOW,2,AUTOMOBILE,MAIL,6,0.06,21,Brand#33,21,SM PACK,25,378,55505.2928
F,F,DELIVER IN PERSON,2,Manufacturer#3,1-URGENT,3,MACHINERY,TRUCK,3,0.08,21,Brand#35,22,MED PKG,40,379,18026.3853
F,F,COLLECT COD,2,Manufacturer#4,1-URGENT,3,MACHINERY,AIR,4,0,8,Brand#42,22,JUMBO DRUM,43,379,13685.4
F,F,DELIVER IN PERSON,0,Manufacturer#4,5-LOW,2,AUTOMOBILE,SHIP,2,0.07,16,Brand#42,21,SM BAG,9,378,25736.724
F,F,TAKE BACK RETURN,1,Manufacturer#5,5-LOW,2,AUTOMOBILE,RAIL,3,0.03,24,Brand#51,21,JUMBO CAN,39,378,24986.766
F,F,TAKE BACK RETURN,3,Manufacturer#1,4-NOT SPECIFIED,1,HOUSEHOLD,TRUCK,2,0.02,23,Brand#12,24,MED PKG,19,380,32426.428
F,F,NONE,2,Manufacturer#4,5-LOW,0,BUILDING,FOB,1,0.08,9,Brand#43,16,SM PKG,39,72,26283.114
F,F,DELIVER IN PERSON,3,Manufacturer#1,5-LOW,4,HOUSEHOLD,AIR,5,0.05,7,Brand#12,4,JUMBO CAN,42,381,31655.5776
F,F,COLLECT COD,0,Manufacturer#1,5-LOW,4,HOUSEHOLD,RAIL,1,0.08,14,Brand#11,4,LG CAN,43,381,10598.048
F,F,DELIVER IN PERSON,1,Manufacturer#4,5-LOW,4,HOUSEHOLD,MAIL,4,0.04,1,Brand#44,4,MED JAR,47,381,57794.928
F,F,COLLECT COD,3,Manufacturer#4,5-LOW,4,HOUSEHOLD,FOB,3,0.05,22,Brand#45,4,JUMBO BAG,2,381,36671.3648
F,F,DELIVER IN PERSON,4,Manufacturer#1,4-NOT SPECIFIED,0,BUILDING,SHIP,2,0.05,10,Brand#15,14,MED CASE,9,382,69880.1103
F,F,COLLECT COD,2,Manufacturer#4,5-LOW,0,BUILDING,AIR,5,0.04,12,Brand#43,16,MED BOX,40,72,38994.12
F,F,DELIVER IN PERSON,0,Manufacturer#4,5-LOW,0,BUILDING,AIR,6,0.08,0,Brand#41,16,LG DRUM,45,72,71031.429
F,F,TAKE BACK RETURN,1,Manufacturer#1,5-LOW,0,BUILDING,SHIP,4,0.05,17,Brand#11,16,JUMBO CASE,8,72,45860.067
F,F,COLLECT COD,0,Manufacturer#4,5-LOW,4,HOUSEHOLD,RAIL,3,0.02,16,Brand#44,4,JUMBO PACK,25,383,20390.895
F,F,TAKE BACK RETURN,1,Manufacturer#4,5-LOW,4,HOUSEHOLD,FOB,6,0.05,1,Brand#41,4,JUMBO DRUM,9,383,7574.567
F,F,NONE,3,Manufacturer#2,5-LOW,4,HOUSEHOLD,FOB,4,0,19,Brand#22,4,SM JAR,7,383,62354.656
F,F,NONE,4,Manufacturer#3,5-LOW,3,BUILDING,REG AIR,1,0.07,4,Brand#33,19,JUMBO DRUM,18,384,35014.7511
F,F,DELIVER IN PERSON,0,Manufacturer#3,2-HIGH,0,FURNITURE,SHIP,2,0,15,Brand#33,0,SM CASE,15,385,63099.4176
F,F,DELIVER IN PERSON,4,Manufacturer#3,1-URGENT,4,MACHINERY,MAIL,2,0.02,13,Brand#32,4,JUMBO PACK,1,386,12434.2209
F,F,TAKE BACK RETURN,2,Manufacturer#3,5-LOW,2,AUTOMOBILE,SHIP,7,0.05,12,Brand#34,12,SM BAG,3,387,36596.61
F,F,NONE,3,Manufacturer#1,5-LOW,2,AUTOMOBILE,MAIL,5,0.07,7,Brand#14,12,LG BAG,15,387,44125.4268
F,F,TAKE BACK RETURN,1,Manufacturer#5,5-LOW,2,AUTOMOBILE,MAIL,1,0.02,2,Brand#53,12,LG BAG,30,387,8917.986
F,F,DELIVER IN PERSON,1,Manufacturer#1,5-LOW,2,AUTOMOBILE,RAIL,2,0.02,17,Brand#13,12,JUMBO BAG,38,387,61241.8812
F,F,DELIVER IN PERSON,4,Manufacturer#3,1-URGENT,0,BUILDING,AIR,3,0,13,Brand#33,16,JUMBO PACK,43,388,49904.928
F,F,DELIVER IN PERSON,2,Manufacturer#5,1-URGENT,0,BUILDING,RAIL,1,0.05,9,Brand#55,16,LG PACK,26,388,54071.5151
F,F,NONE,3,Manufacturer#2,1-URGENT,0,BUILDING,RAIL,4,0.07,22,Brand#23,16,SM BOX,41,388,7575.6408
F,F,NONE,0,Manufacturer#1,4-NOT SPECIFIED,4,AUTOMOBILE,AIR,1,0,14,Brand#11,11,MED BAG,24,389,27628.47
F,F,NONE,0,Manufacturer#1,5-LOW,3,BUILDING,RAIL,2,0.03,16,Brand#12,19,MED PKG,41,384,16331.22
F,F,DELIVER IN PERSON,3,Manufacturer#2,5-LOW,4,MACHINERY,FOB,4,0.03,6,Brand#22,10,SM CAN,15,390,44882.5806
F,F,NONE,0,Manufacturer#1,1-URGENT,3,BUILDING,RAIL,6,0.04,15,Brand#11,6,LG PKG,44,391,53288.1258
F,F,NONE,2,Manufacturer#2,1-URGENT,3,BUILDING,AIR,4,0.08,8,Brand#23,6,JUMBO CASE,29,391,15626.949
F,F,TAKE BACK RETURN,4,Manufacturer#2,1-URGENT,3,BUILDING,FOB,5,0.01,20,Brand#24,6,WRAP PACK,13,391,29520.8914
F,F,COLLECT COD,3,Manufacturer#1,1-URGENT,3,BUILDING,FOB,2,0.04,23,Brand#11,6,LG BOX,4,391,24211.9068
F,F,TAKE BACK RETURN,2,Manufacturer#2,3-MEDIUM,3,MACHINERY,RAIL,1,0.08,12,Brand#25,22,JUMBO CASE,40,392,19558.692
F,F,COLLECT COD,2,Manufacturer#2,3-MEDIUM,3,MACHINERY,SHIP,3,0.01,9,Brand#21,22,SM DRUM,14,392,61958.412
F,F,NONE,2,Manufacturer#1,4-NOT SPECIFIED,4,MACHINERY,RAIL,1,0.03,21,Brand#14,20,JUMBO CAN,40,393,31662.904
F,F,COLLECT COD,4,Manufacturer#2,4-NOT SPECIFIED,4,MACHINERY,FOB,2,0,11,Brand#23,20,JUMBO CASE,35,393,64056.0285
F,F,NONE,4,Manufacturer#1,3-MEDIUM,1,BUILDING,REG AIR,5,0.02,11,Brand#14,17,MED BOX,35,394,15635.2383
F,F,TAKE BACK RETURN,0,Manufacturer#3,4-NOT SPECIFIED,0,AUTOMOBILE,REG AIR,1,0.04,15,Brand#33,15,LG PACK,4,395,75700.625
F,F,DELIVER IN PERSON,2,Manufacturer#3,4-NOT SPECIFIED,0,AUTOMOBILE,FOB,4,0,9,Brand#33,15,JUMBO CASE,24,395,45123.1872
F,F,COLLECT COD,0,Manufacturer#5,4-NOT SPECIFIED,0,AUTOMOBILE,MAIL,7,0.04,15,Brand#54,15,JUMBO PACK,31,395,56529.5104
F,F,COLLECT COD,4,Manufacturer#5,4-NOT SPECIFIED,0,AUTOMOBILE,AIR,6,0,10,Brand#54,15,MED CASE,41,395,53232.672
F,F,NONE,3,Manufacturer#4,5-LOW,0,HOUSEHOLD,REG AIR,1,0.03,19,Brand#44,16,JUMBO BAG,25,396,17638.6419
F,F,COLLECT COD,2,Manufacturer#3,2-HIGH,4,FURNITURE,REG AIR,1,0.08,21,Brand#32,13,WRAP BOX,5,397,16086.3066
F,F,DELIVER IN PERSON,0,Manufacturer#3,2-HIGH,4,FURNITURE,MAIL,2,0.06,5,Brand#33,13,MED JAR,11,397,60745.888
F,F,NONE,0,Manufacturer#4,4-NOT SPECIFIED,1,MACHINERY,FOB,1,0.06,16,Brand#41,2,WRAP PACK,41,398,20521.3932
F,F,TAKE BACK RETURN,0,Manufacturer#1,4-NOT SPECIFIED,1,MACHINERY,AIR,2,0.06,16,Brand#11,2,SM CASE,25,398,4820.5056
F,F,DELIVER IN PERSON,4,Manufacturer#1,4-NOT SPECIFIED,1,MACHINERY,AIR,4,0.08,20,Brand#11,2,MED CAN,10,398,55706.4585
F,F,COLLECT COD,3,Manufacturer#1,4-NOT SPECIFIED,2,AUTOMOBILE,RAIL,2,0.03,7,Brand#11,21,JUMBO CAN,43,399,39102.5448
F,F,TAKE BACK RETURN,2,Manufacturer#3,4-NOT SPECIFIED,2,AUTOMOBILE,REG AIR,3,0.02,8,Brand#31,21,MED PKG,31,399,50526.7
F,F,DELIVER IN PERSON,2,Manufacturer#5,4-NOT SPECIFIED,2,AUTOMOBILE,FOB,1,0.03,21,Brand#55,21,LG DRUM,31,399,27182.35
F,F,TAKE BACK RETURN,0,Manufacturer#5,2-HIGH,2,BUILDING,SHIP,1,0.08,16,Brand#52,8,WRAP CASE,32,400,7237.8
F,F,DELIVER IN PERSON,2,Manufacturer#5,3-MEDIUM,1,BUILDING,RAIL,3,0.03,12,Brand#54,17,WRAP CASE,1,394,9416.1816
F,F,COLLECT COD,4,Manufacturer#3,2-HIGH,2,AUTOMOBILE,TRUCK,1,0.05,10,Brand#32,12,LG CAN,47,401,29745.4584
F,F,TAKE BACK RETURN,4,Manufacturer#1,3-MEDIUM,4,BUILDING,FOB,7,0.01,4,Brand#12,20,MED PKG,29,402,19933.641
F,F,NONE,4,Manufacturer#3,3-MEDIUM,4,BUILDING,REG AIR,6,0.04,4,Brand#34,20,WRAP BAG,20,402,16157.736
F,F,NONE,4,Manufacturer#2,3-MEDIUM,4,BUILDING,FOB,3,0.07,13,Brand#21,20,WRAP PKG,28,402,18347.42
F,F,DELIVER IN PERSON,3,Manufacturer#2,2-HIGH,2,AUTOMOBILE,AIR,5,0.07,7,Brand#21,12,LG CAN,47,401,52118.748
F,F,DELIVER IN PERSON,4,Manufacturer#2,4-NOT SPECIFIED,2,HOUSEHOLD,SHIP,1,0.07,10,Brand#24,9,MED PACK,31,28,27945.4644
F,F,COLLECT COD,2,Manufacturer#2,1-URGENT,0,FURNITURE,RAIL,1,0.07,12,Brand#22,5,SM BAG,11,403,40216.176
F,F,NONE,2,Manufacturer#2,1-URGENT,4,BUILDING,REG AIR,3,0.05,21,Brand#22,20,MED BAG,29,404,18579.283
F,F,DELIVER IN PERSON,1,Manufacturer#4,1-URGENT,3,HOUSEHOLD,MAIL,1,0,3,Brand#42,22,JUMBO JAR,49,405,3057.804
F,F,TAKE BACK RETURN,0,Manufacturer#4,2-HIGH,3,AUTOMOBILE,AIR,2,0.08,16,Brand#42,7,SM JAR,47,406,34547.45
F,F,DELIVER IN PERSON,0,Manufacturer#5,2-HIGH,3,AUTOMOBILE,REG AIR,7,0.04,16,Brand#55,7,SM JAR,18,406,24172.9152
F,F,NONE,0,Manufacturer#5,2-HIGH,3,AUTOMOBILE,SHIP,5,0.08,14,Brand#54,7,MED BOX,48,406,43350.286
F,F,DELIVER IN PERSON,4,Manufacturer#3,2-HIGH,3,AUTOMOBILE,FOB,6,0.08,11,Brand#35,7,WRAP PKG,36,406,28055.7
F,F,COLLECT COD,1,Manufacturer#3,5-LOW,1,FURNITURE,TRUCK,1,0.07,3,Brand#35,17,SM DRUM,10,407,8208.88
F,F,TAKE BACK RETURN,1,Manufacturer#2,1-URGENT,2,FURNITURE,SHIP,6,0.08,17,Brand#21,21,WRAP CASE,35,408,82341.845
F,F,DELIVER IN PERSON,1,Manufacturer#4,1-URGENT,2,FURNITURE,REG AIR,1,0.03,2,Brand#45,21,SM BOX,22,408,9838.4104
F,F,TAKE BACK RETURN,4,Manufacturer#1,1-URGENT,2,FURNITURE,RAIL,4,0.06,11,Brand#14,21,JUMBO CASE,28,408,9052.9656
F,F,NONE,1,Manufacturer#5,1-URGENT,2,FURNITURE,TRUCK,7,0.02,2,Brand#54,21,JUMBO PACK,16,408,5517.3608
F,F,TAKE BACK RETURN,3,Manufacturer#3,2-HIGH,2,AUTOMOBILE,FOB,1,0.06,6,Brand#34,9,JUMBO BAG,26,409,25821.7624
F,F,NONE,2,Manufacturer#4,2-HIGH,2,AUTOMOBILE,RAIL,3,0.06,21,Brand#45,9,MED JAR,36,409,10117.7088
F,F,COLLECT COD,4,Manufacturer#3,2-HIGH,2,AUTOMOBILE,REG AIR,5,0.08,11,Brand#34,9,WRAP BAG,8,409,6798.114
F,F,TAKE BACK RETURN,4,Manufacturer#4,5-LOW,2,BUILDING,FOB,1,0.06,13,Brand#41,12,JUMBO CASE,39,410,32106.2742
F,F,NONE,3,Manufacturer#5,5-LOW,1,HOUSEHOLD,MAIL,2,0.03,22,Brand#55,3,WRAP DRUM,43,411,27437.6568
F,F,NONE,3,Manufacturer#1,5-LOW,0,FURNITURE,RAIL,2,0.03,6,Brand#15,16,JUMBO CASE,7,412,24652.626
F,F,DELIVER IN PERSON,2,Manufacturer#3,5-LOW,0,FURNITURE,TRUCK,1,0.06,9,Brand#33,16,JUMBO PACK,11,412,51113.37
F,F,TAKE BACK RETURN,2,Manufacturer#1,5-LOW,0,FURNITURE,SHIP,3,0.07,21,Brand#14,16,JUMBO CASE,12,412,21238.2144
F,F,TAKE BACK RETURN,4,Manufacturer#4,5-LOW,0,FURNITURE,TRUCK,4,0.04,10,Brand#44,16,SM BOX,10,412,2686.88
F,F,DELIVER IN PERSON,4,Manufacturer#4,5-LOW,1,HOUSEHOLD,FOB,6,0,20,Brand#42,3,MED JAR,39,411,49419.654
F,F,NONE,4,Manufacturer#4,3-MEDIUM,4,HOUSEHOLD,MAIL,1,0.06,10,Brand#45,13,SM BAG,36,413,70448.0368
F,F,NONE,4,Manufacturer#4,5-LOW,1,HOUSEHOLD,MAIL,1,0.07,20,Brand#42,3,LG CASE,20,411,47281.3767
F,F,TAKE BACK RETURN,1,Manufacturer#4,5-LOW,1,HOUSEHOLD,AIR,4,0,24,Brand#45,3,MED PACK,24,411,42683.0688
F,F,DELIVER IN PERSON,4,Manufacturer#5,2-HIGH,4,BUILDING,SHIP,5,0.06,4,Brand#52,4,SM DRUM,45,414,18258.2556
F,F,DELIVER IN PERSON,1,Manufacturer#3,1-URGENT,3,BUILDING,AIR,7,0.03,17,Brand#31,6,WRAP DRUM,43,415,51834.965
F,F,DELIVER IN PERSON,2,Manufacturer#3,1-URGENT,3,BUILDING,TRUCK,2,0.08,21,Brand#35,6,WRAP CAN,40,415,45060.825
F,F,COLLECT COD,3,Manufacturer#3,1-URGENT,3,BUILDING,TRUCK,3,0.02,7,Brand#32,6,SM DRUM,29,415,24709.632
F,F,TAKE BACK RETURN,3,Manufacturer#1,1-URGENT,2,FURNITURE,MAIL,3,0,7,Brand#14,9,SM JAR,8,416,21489.0016
F,F,NONE,1,Manufacturer#4,1-URGENT,2,AUTOMOBILE,RAIL,1,0.07,24,Brand#41,9,LG CASE,23,417,1190.7168
F,F,DELIVER IN PERSON,1,Manufacturer#2,1-URGENT,2,AUTOMOBILE,RAIL,2,0,24,Brand#24,9,LG JAR,39,417,57596.847
F,F,DELIVER IN PERSON,4,Manufacturer#2,2-HIGH,3,BUILDING,FOB,2,0.01,4,Brand#21,23,MED CAN,5,418,23812.929
F,F,DELIVER IN PERSON,2,Manufacturer#2,2-HIGH,3,BUILDING,RAIL,1,0.02,8,Brand#25,23,WRAP BOX,43,418,945.3165
F,F,COLLECT COD,2,Manufacturer#4,3-MEDIUM,3,FURNITURE,AIR,6,0.02,12,Brand#42,7,SM BAG,21,419,13459.8555
F,F,COLLECT COD,1,Manufacturer#1,1-URGENT,4,MACHINERY,SHIP,5,0.08,3,Brand#14,4,LG BOX,47,420,27580.16
F,F,TAKE BACK RETURN,1,Manufacturer#4,1-URGENT,4,MACHINERY,FOB,4,0,2,Brand#44,4,MED PKG,49,420,20622.4992
F,F,TAKE BACK RETURN,3,Manufacturer#4,1-URGENT,4,MACHINERY,SHIP,3,0.01,23,Brand#45,4,JUMBO CAN,34,420,57599.178
F,F,DELIVER IN PERSON,1,Manufacturer#3,1-URGENT,2,MACHINERY,REG AIR,7,0.01,3,Brand#31,8,SM PACK,17,421,22582.8044
F,F,COLLECT COD,4,Manufacturer#2,1-URGENT,2,MACHINERY,RAIL,2,0.04,11,Brand#22,8,WRAP JAR,23,421,20973.9552
F,F,COLLECT COD,3,Manufacturer#1,1-URGENT,1,FURNITURE,TRUCK,3,0.06,23,Brand#15,1,JUMBO CASE,17,422,78452.172
F,F,NONE,4,Manufacturer#5,1-URGENT,1,FURNITURE,MAIL,1,0.06,10,Brand#53,1,MED CASE,39,422,54459.0692
F,F,DELIVER IN PERSON,2,Manufacturer#1,2-HIGH,4,BUILDING,SHIP,2,0.08,18,Brand#12,4,WRAP JAR,12,414,56220.3
F,F,NONE,4,Manufacturer#4,2-HIGH,4,BUILDING,REG AIR,4,0.01,4,Brand#43,4,JUMBO BAG,21,414,26818.975
F,F,TAKE BACK RETURN,0,Manufacturer#5,2-HIGH,4,BUILDING,AIR,1,0.06,15,Brand#52,4,JUMBO DRUM,36,414,64825.056
F,F,TAKE BACK RETURN,2,Manufacturer#3,3-MEDIUM,0,MACHINERY,TRUCK,4,0.06,8,Brand#34,14,JUMBO BOX,15,423,17396.7116
F,F,DELIVER IN PERSON,4,Manufacturer#5,3-MEDIUM,0,MACHINERY,SHIP,5,0,13,Brand#53,14,WRAP JAR,47,423,37785.3492
F,F,TAKE BACK RETURN,0,Manufacturer#4,3-MEDIUM,0,MACHINERY,AIR,2,0.04,15,Brand#45,14,LG BOX,6,423,57166.7712
F,F,COLLECT COD,2,Manufacturer#4,3-MEDIUM,0,MACHINERY,FOB,6,0.01,21,Brand#45,14,JUMBO BOX,45,423,22365.756
F,F,DELIVER IN PERSON,2,Manufacturer#4,5-LOW,0,BUILDING,MAIL,1,0.06,9,Brand#43,0,JUMBO CAN,15,365,15568.3552
F,F,NONE,1,Manufacturer#5,5-LOW,4,HOUSEHOLD,REG AIR,2,0.02,2,Brand#55,20,MED CASE,31,424,31296.1236
F,F,DELIVER IN PERSON,2,Manufacturer#3,4-NOT SPECIFIED,0,MACHINERY,MAIL,2,0.05,18,Brand#32,5,JUMBO PACK,31,288,38590.572
F,F,DELIVER IN PERSON,2,Manufacturer#1,4-NOT SPECIFIED,0,MACHINERY,TRUCK,5,0.05,12,Brand#12,5,MED JAR,29,288,33193.4592
F,F,DELIVER IN PERSON,2,Manufacturer#3,4-NOT SPECIFIED,0,MACHINERY,SHIP,3,0.06,9,Brand#32,5,SM PACK,23,288,67591.4624
F,F,TAKE BACK RETURN,1,Manufacturer#4,2-HIGH,1,MACHINERY,MAIL,3,0.03,2,Brand#41,1,MED JAR,28,425,46418.3538
F,F,DELIVER IN PERSON,2,Manufacturer#1,2-HIGH,1,MACHINERY,REG AIR,2,0.01,8,Brand#14,1,SM PACK,27,425,36653.7444
F,F,NONE,0,Manufacturer#4,2-HIGH,1,MACHINERY,AIR,1,0.02,5,Brand#45,1,SM BOX,37,425,19462.4712
F,F,NONE,4,Manufacturer#1,5-LOW,3,BUILDING,RAIL,5,0.04,11,Brand#12,23,SM DRUM,49,426,34033.014
F,F,TAKE BACK RETURN,3,Manufacturer#3,5-LOW,3,BUILDING,MAIL,1,0.04,22,Brand#33,23,WRAP BOX,12,426,31217.886
F,F,DELIVER IN PERSON,2,Manufacturer#5,3-MEDIUM,0,AUTOMOBILE,MAIL,3,0.04,12,Brand#55,5,JUMBO JAR,29,427,19819.744
F,F,COLLECT COD,0,Manufacturer#5,3-MEDIUM,0,AUTOMOBILE,REG AIR,7,0.03,0,Brand#55,5,MED PACK,19,427,55035.75
F,F,NONE,4,Manufacturer#3,3-MEDIUM,0,AUTOMOBILE,TRUCK,6,0.07,10,Brand#33,5,MED PKG,38,427,18568.4863
F,F,COLLECT COD,0,Manufacturer#5,3-MEDIUM,0,AUTOMOBILE,FOB,4,0.08,14,Brand#52,5,MED JAR,12,427,2171.9616
F,F,COLLECT COD,0,Manufacturer#4,3-MEDIUM,0,AUTOMOBILE,TRUCK,1,0,16,Brand#42,5,SM JAR,25,427,27448.7668
F,F,TAKE BACK RETURN,1,Manufacturer#5,5-LOW,4,HOUSEHOLD,AIR,7,0.08,2,Brand#54,20,JUMBO DRUM,34,424,55667.5614
F,F,COLLECT COD,1,Manufacturer#4,5-LOW,4,HOUSEHOLD,RAIL,5,0.01,17,Brand#44,20,MED CAN,35,424,45225.285
F,F,DELIVER IN PERSON,1,Manufacturer#3,5-LOW,4,MACHINERY,TRUCK,1,0.08,24,Brand#34,10,JUMBO CASE,41,428,7554.3288
F,F,TAKE BACK RETURN,1,Manufacturer#4,5-LOW,4,MACHINERY,REG AIR,2,0.02,24,Brand#44,10,LG BOX,49,428,15792.084
F,F,COLLECT COD,0,Manufacturer#4,5-LOW,4,MACHINERY,AIR,4,0.06,15,Brand#43,10,MED PACK,13,428,47692.5948
F,F,COLLECT COD,3,Manufacturer#1,2-HIGH,1,HOUSEHOLD,RAIL,3,0.02,22,Brand#15,3,MED BOX,44,429,20330.8056
F,F,TAKE BACK RETURN,4,Manufacturer#4,5-LOW,4,AUTOMOBILE,SHIP,1,0.07,11,Brand#43,4,WRAP CASE,33,430,79298.7008
F,F,NONE,4,Manufacturer#2,5-LOW,4,AUTOMOBILE,RAIL,3,0.07,11,Brand#23,4,SM DRUM,45,430,40466.3168
F,F,DELIVER IN PERSON,2,Manufacturer#2,2-HIGH,1,HOUSEHOLD,MAIL,2,0.02,18,Brand#25,3,MED BOX,2,429,39520.7505
F,F,COLLECT COD,4,Manufacturer#1,2-HIGH,1,HOUSEHOLD,FOB,5,0.02,20,Brand#11,3,MED PACK,33,429,55819.368
F,F,TAKE BACK RETURN,3,Manufacturer#1,2-HIGH,1,HOUSEHOLD,SHIP,1,0.05,7,Brand#13,3,JUMBO PACK,15,429,26815.7664
F,F,TAKE BACK RETURN,2,Manufacturer#4,5-LOW,0,AUTOMOBILE,RAIL,3,0.07,9,Brand#42,16,WRAP PKG,20,431,52660.3
F,F,NONE,3,Manufacturer#3,1-URGENT,0,MACHINERY,RAIL,2,0.02,7,Brand#34,15,JUMBO BAG,25,432,16518.381
F,F,TAKE BACK RETURN,3,Manufacturer#4,1-URGENT,0,MACHINERY,FOB,4,0.04,7,Brand#45,15,WRAP CASE,5,432,27645.57
F,F,COLLECT COD,3,Manufacturer#5,1-URGENT,0,MACHINERY,SHIP,3,0.08,23,Brand#54,15,WRAP CAN,16,432,41503.8624
F,F,TAKE BACK RETURN,1,Manufacturer#5,2-HIGH,1,FURNITURE,RAIL,3,0.07,24,Brand#55,24,JUMBO BAG,2,433,9282.2274
F,F,TAKE BACK RETURN,4,Manufacturer#5,2-HIGH,1,FURNITURE,SHIP,4,0.06,10,Brand#54,24,JUMBO BOX,37,433,49093.4268
F,F,DELIVER IN PERSON,4,Manufacturer#5,2-HIGH,4,HOUSEHOLD,MAIL,2,0.02,4,Brand#54,10,JUMBO CASE,22,434,26654.6106
F,F,COLLECT COD,2,Manufacturer#3,2-HIGH,4,HOUSEHOLD,RAIL,7,0.08,8,Brand#33,10,LG DRUM,46,434,46030.7127
F,F,COLLECT COD,0,Manufacturer#1,2-HIGH,4,HOUSEHOLD,RAIL,4,0.07,14,Brand#15,10,SM CASE,16,434,1698.1636
F,F,TAKE BACK RETURN,3,Manufacturer#2,3-MEDIUM,3,AUTOMOBILE,SHIP,1,0.02,19,Brand#21,6,SM PKG,15,435,34304.66
F,F,TAKE BACK RETURN,1,Manufacturer#4,2-HIGH,0,HOUSEHOLD,AIR,4,0.05,3,Brand#45,14,LG BAG,29,436,46250.16
F,F,COLLECT COD,0,Manufacturer#1,2-HIGH,0,HOUSEHOLD,FOB,2,0.02,15,Brand#13,14,MED PKG,48,436,42517.7214
F,F,COLLECT COD,2,Manufacturer#5,2-HIGH,0,HOUSEHOLD,TRUCK,1,0.05,9,Brand#53,14,JUMBO PKG,23,436,2023.6722
F,F,NONE,0,Manufacturer#4,5-LOW,0,AUTOMOBILE,MAIL,5,0.02,15,Brand#42,16,LG CASE,17,431,70385.696
F,F,COLLECT COD,1,Manufacturer#5,1-URGENT,1,AUTOMOBILE,SHIP,5,0.07,3,Brand#53,3,WRAP CAN,8,437,20500.734
F,F,TAKE BACK RETURN,1,Manufacturer#2,1-URGENT,1,AUTOMOBILE,FOB,6,0.06,1,Brand#21,3,JUMBO JAR,42,437,62799.264
F,F,COLLECT COD,0,Manufacturer#5,2-HIGH,3,AUTOMOBILE,FOB,1,0.04,15,Brand#54,22,JUMBO CASE,10,438,39591.1334
F,F,COLLECT COD,4,Manufacturer#3,3-MEDIUM,0,HOUSEHOLD,RAIL,2,0.01,4,Brand#34,0,LG BOX,49,211,4482.3534
F,F,DELIVER IN PERSON,1,Manufacturer#4,5-LOW,2,MACHINERY,SHIP,3,0.06,3,Brand#44,12,WRAP PKG,39,2,29184.5528
F,F,COLLECT COD,2,Manufacturer#2,5-LOW,2,MACHINERY,AIR,2,0,9,Brand#21,12,MED DRUM,11,2,26258.96
F,F,TAKE BACK RETURN,2,Manufacturer#2,5-LOW,2,MACHINERY,SHIP,5,0.03,21,Brand#21,12,SM DRUM,42,2,4125.022
F,F,COLLECT COD,2,Manufacturer#1,4-NOT SPECIFIED,4,HOUSEHOLD,FOB,1,0.06,9,Brand#12,4,SM PACK,2,298,22801.653
F,F,NONE,0,Manufacturer#4,4-NOT SPECIFIED,4,HOUSEHOLD,RAIL,4,0.04,16,Brand#42,4,MED PKG,41,298,44656.623
F,F,COLLECT COD,0,Manufacturer#4,4-NOT SPECIFIED,4,HOUSEHOLD,FOB,5,0.03,16,Brand#45,4,WRAP BAG,37,298,7908.6455
F,F,COLLECT COD,3,Manufacturer#2,2-HIGH,4,FURNITURE,MAIL,1,0.03,22,Brand#23,11,LG BOX,26,439,13081.523
F,F,COLLECT COD,3,Manufacturer#4,2-HIGH,4,FURNITURE,SHIP,2,0.01,23,Brand#41,11,SM DRUM,39,439,31488.288
F,F,NONE,0,Manufacturer#3,4-NOT SPECIFIED,4,HOUSEHOLD,SHIP,2,0.05,0,Brand#34,4,LG CAN,15,298,45620.0355
F,F,NONE,4,Manufacturer#5,4-NOT SPECIFIED,1,FURNITURE,MAIL,2,0.07,10,Brand#52,2,LG DRUM,23,440,8578.872
F,F,TAKE BACK RETURN,4,Manufacturer#5,5-LOW,4,MACHINERY,FOB,1,0.06,20,Brand#54,10,WRAP DRUM,5,441,2514.268
F,F,COLLECT COD,3,Manufacturer#3,5-LOW,4,MACHINERY,REG AIR,3,0.04,7,Brand#34,10,WRAP BOX,42,441,16905.0378
F,F,TAKE BACK RETURN,4,Manufacturer#5,5-LOW,4,MACHINERY,MAIL,4,0.06,11,Brand#53,10,WRAP PKG,26,441,31280.3175
F,F,COLLECT COD,2,Manufacturer#5,2-HIGH,3,FURNITURE,TRUCK,3,0,21,Brand#51,22,SM CASE,20,442,45644.144
F,F,NONE,2,Manufacturer#4,2-HIGH,3,FURNITURE,FOB,2,0.07,9,Brand#42,22,MED JAR,10,442,5629.0016
F,F,COLLECT COD,4,Manufacturer#4,2-HIGH,3,FURNITURE,FOB,1,0.05,4,Brand#41,22,SM BAG,16,442,54202.0115
F,F,TAKE BACK RETURN,2,Manufacturer#5,5-LOW,0,AUTOMOBILE,MAIL,6,0.02,21,Brand#55,16,JUMBO BOX,46,443,24948.52
F,F,TAKE BACK RETURN,0,Manufacturer#3,5-LOW,0,AUTOMOBILE,TRUCK,1,0.04,5,Brand#31,16,JUMBO PKG,18,443,12864.2496
F,F,NONE,3,Manufacturer#2,5-LOW,0,AUTOMOBILE,REG AIR,3,0.07,22,Brand#22,16,LG DRUM,50,443,50123.486
F,F,COLLECT COD,1,Manufacturer#2,5-LOW,0,AUTOMOBILE,SHIP,2,0.08,24,Brand#25,16,LG PKG,39,443,27583.738
F,F,COLLECT COD,1,Manufacturer#3,3-MEDIUM,0,HOUSEHOLD,SHIP,5,0.01,3,Brand#35,15,JUMBO PKG,40,444,3144.158
F,F,COLLECT COD,4,Manufacturer#4,3-MEDIUM,0,HOUSEHOLD,REG AIR,3,0.05,11,Brand#41,15,MED BAG,13,444,12968.9616
F,F,DELIVER IN PERSON,4,Manufacturer#2,3-MEDIUM,0,HOUSEHOLD,REG AIR,4,0.04,20,Brand#21,15,JUMBO PKG,43,444,21636.1236
F,F,TAKE BACK RETURN,4,Manufacturer#1,4-NOT SPECIFIED,2,FURNITURE,SHIP,4,0.07,20,Brand#13,8,WRAP JAR,27,276,3937.294
F,F,DELIVER IN PERSON,0,Manufacturer#1,4-NOT SPECIFIED,2,FURNITURE,FOB,3,0.05,14,Brand#15,8,SM BAG,2,276,15936.4656
F,F,DELIVER IN PERSON,0,Manufacturer#4,3-MEDIUM,4,BUILDING,SHIP,3,0.03,15,Brand#45,4,JUMBO BOX,20,445,34751.424
F,F,COLLECT COD,4,Manufacturer#3,3-MEDIUM,4,BUILDING,FOB,2,0.03,10,Brand#34,4,JUMBO CAN,28,445,58815.3258
F,F,TAKE BACK RETURN,2,Manufacturer#4,1-URGENT,1,FURNITURE,SHIP,4,0.03,12,Brand#44,17,JUMBO JAR,16,446,69858.117
F,F,TAKE BACK RETURN,2,Manufacturer#1,1-URGENT,1,FURNITURE,RAIL,5,0.01,9,Brand#14,17,WRAP PKG,26,446,45698.7392
F,F,COLLECT COD,4,Manufacturer#4,3-MEDIUM,2,MACHINERY,TRUCK,2,0.01,13,Brand#42,8,LG DRUM,39,469,20853.9072
F,F,TAKE BACK RETURN,3,Manufacturer#5,1-URGENT,1,FURNITURE,REG AIR,1,0.04,7,Brand#54,17,JUMBO PACK,43,446,12116.72
F,F,NONE,2,Manufacturer#3,3-MEDIUM,4,HOUSEHOLD,RAIL,5,0.04,9,Brand#32,10,MED PACK,6,447,29923.1808
F,F,NONE,2,Manufacturer#4,3-MEDIUM,4,HOUSEHOLD,MAIL,1,0.01,8,Brand#43,10,SM DRUM,42,447,23048.9072
F,F,DELIVER IN PERSON,2,Manufacturer#2,3-MEDIUM,4,HOUSEHOLD,MAIL,7,0.02,9,Brand#24,10,JUMBO JAR,15,447,42372.4032
F,F,NONE,2,Manufacturer#5,3-MEDIUM,4,HOUSEHOLD,MAIL,3,0.07,21,Brand#55,10,SM CAN,40,447,25340.3598
F,F,NONE,4,Manufacturer#4,4-NOT SPECIFIED,0,HOUSEHOLD,RAIL,2,0.06,11,Brand#42,15,MED PKG,26,448,19080.978
F,F,COLLECT COD,4,Manufacturer#2,3-MEDIUM,2,BUILDING,RAIL,3,0.06,13,Brand#25,8,WRAP CAN,4,449,36765.132
F,F,DELIVER IN PERSON,0,Manufacturer#2,3-MEDIUM,2,BUILDING,SHIP,5,0,0,Brand#21,8,MED JAR,6,449,25849.142
F,F,COLLECT COD,2,Manufacturer#1,3-MEDIUM,2,BUILDING,TRUCK,7,0.06,8,Brand#15,8,SM JAR,6,449,24930.5952
F,F,DELIVER IN PERSON,2,Manufacturer#5,4-NOT SPECIFIED,0,HOUSEHOLD,AIR,1,0.03,18,Brand#55,15,WRAP BAG,13,448,90828.045
F,F,COLLECT COD,4,Manufacturer#2,5-LOW,0,MACHINERY,MAIL,6,0.01,10,Brand#25,16,WRAP DRUM,19,450,44054.604
F,F,NONE,3,Manufacturer#2,4-NOT SPECIFIED,4,AUTOMOBILE,RAIL,2,0.05,19,Brand#21,13,LG CAN,11,451,20431.0106
F,F,NONE,4,Manufacturer#4,4-NOT SPECIFIED,4,AUTOMOBILE,MAIL,1,0.07,11,Brand#43,13,SM JAR,41,451,25200.8148
F,F,TAKE BACK RETURN,1,Manufacturer#2,4-NOT SPECIFIED,4,AUTOMOBILE,TRUCK,3,0,2,Brand#23,13,JUMBO BAG,43,451,32523.849
F,F,COLLECT COD,2,Manufacturer#1,2-HIGH,4,BUILDING,AIR,1,0.08,18,Brand#11,10,JUMBO PACK,18,452,41158.4355
F,F,NONE,0,Manufacturer#4,2-HIGH,4,BUILDING,TRUCK,2,0.03,14,Brand#44,10,WRAP PKG,42,452,38855.5488
F,F,DELIVER IN PERSON,3,Manufacturer#2,2-HIGH,4,BUILDING,SHIP,4,0.04,23,Brand#25,10,WRAP DRUM,31,452,45574.9632
F,F,TAKE BACK RETURN,1,Manufacturer#1,2-HIGH,4,BUILDING,AIR,3,0,3,Brand#11,10,WRAP DRUM,22,452,72248.8144
F,F,NONE,3,Manufacturer#3,4-NOT SPECIFIED,1,AUTOMOBILE,AIR,2,0.06,7,Brand#34,17,JUMBO BAG,44,453,69212.2158
F,F,COLLECT COD,3,Manufacturer#3,4-NOT SPECIFIED,1,AUTOMOBILE,SHIP,5,0.08,7,Brand#31,17,WRAP PACK,5,453,22031.73
F,F,DELIVER IN PERSON,0,Manufacturer#1,1-URGENT,1,FURNITURE,AIR,1,0.06,14,Brand#14,2,JUMBO CAN,40,454,9092.538
F,F,NONE,4,Manufacturer#2,1-URGENT,1,FURNITURE,RAIL,2,0.01,13,Brand#21,2,JUMBO PACK,7,454,37670.292
F,F,NONE,2,Manufacturer#2,5-LOW,0,MACHINERY,FOB,1,0,12,Brand#24,16,WRAP CASE,19,450,51446.376
F,F,COLLECT COD,1,Manufacturer#5,5-LOW,0,MACHINERY,TRUCK,5,0.01,1,Brand#52,16,MED CASE,23,450,47493.1912
F,F,DELIVER IN PERSON,2,Manufacturer#3,5-LOW,0,MACHINERY,AIR,3,0.07,8,Brand#32,16,JUMBO CAN,41,450,67001.3568
F,F,TAKE BACK RETURN,0,Manufacturer#3,5-LOW,0,MACHINERY,MAIL,2,0.05,5,Brand#33,16,LG PACK,11,450,29384.992
F,F,NONE,3,Manufacturer#4,1-URGENT,1,MACHINERY,MAIL,6,0.06,6,Brand#41,2,MED PKG,35,455,52467.3776
F,F,DELIVER IN PERSON,4,Manufacturer#4,2-HIGH,3,HOUSEHOLD,AIR,6,0.02,10,Brand#43,6,WRAP CAN,8,456,49432.2
F,F,TAKE BACK RETURN,0,Manufacturer#2,2-HIGH,3,HOUSEHOLD,SHIP,3,0.08,14,Brand#25,6,LG DRUM,42,456,34560.4716
F,F,NONE,4,Manufacturer#2,1-URGENT,1,MACHINERY,RAIL,2,0.04,4,Brand#23,2,MED CASE,40,455,37271.799
F,F,DELIVER IN PERSON,1,Manufacturer#2,1-URGENT,1,MACHINERY,SHIP,5,0.07,17,Brand#25,2,MED PACK,27,455,24369.093
F,F,NONE,2,Manufacturer#1,2-HIGH,4,FURNITURE,RAIL,3,0.07,18,Brand#14,13,WRAP PACK,48,457,67223.8644
F,F,DELIVER IN PERSON,0,Manufacturer#3,1-URGENT,1,MACHINERY,SHIP,1,0.05,16,Brand#35,3,LG BOX,42,458,5870.24
F,F,COLLECT COD,2,Manufacturer#3,2-HIGH,3,AUTOMOBILE,MAIL,3,0,12,Brand#34,22,LG BOX,23,459,33610.4496
F,F,COLLECT COD,3,Manufacturer#2,5-LOW,0,AUTOMOBILE,AIR,2,0.07,22,Brand#23,16,WRAP PACK,42,460,62332.011
F,F,NONE,3,Manufacturer#4,5-LOW,0,AUTOMOBILE,MAIL,1,0.01,22,Brand#44,16,SM PACK,25,460,23120.6304
F,F,TAKE BACK RETURN,4,Manufacturer#4,1-URGENT,2,BUILDING,FOB,3,0.06,4,Brand#44,9,WRAP PACK,34,461,64683.771
F,F,TAKE BACK RETURN,1,Manufacturer#4,1-URGENT,2,BUILDING,REG AIR,2,0.03,24,Brand#45,9,LG CAN,33,461,3610.32
F,F,TAKE BACK RETURN,1,Manufacturer#5,1-URGENT,2,BUILDING,REG AIR,4,0.01,1,Brand#54,9,LG BAG,9,461,15072.84
F,F,COLLECT COD,4,Manufacturer#2,4-NOT SPECIFIED,1,BUILDING,REG AIR,1,0.07,20,Brand#22,24,WRAP CASE,2,462,35995.6718
F,F,DELIVER IN PERSON,4,Manufacturer#3,4-NOT SPECIFIED,1,BUILDING,MAIL,2,0.07,10,Brand#33,24,JUMBO PACK,21,462,10940.1138
F,F,COLLECT COD,4,Manufacturer#3,4-NOT SPECIFIED,1,BUILDING,SHIP,4,0.01,10,Brand#33,24,JUMBO PKG,27,462,63578.1852
F,F,NONE,2,Manufacturer#5,4-NOT SPECIFIED,0,BUILDING,REG AIR,3,0.03,8,Brand#55,16,LG BAG,36,388,47498.6512
F,F,DELIVER IN PERSON,4,Manufacturer#5,4-NOT SPECIFIED,0,BUILDING,FOB,5,0.08,4,Brand#55,16,LG BAG,48,388,24503.9952
F,F,NONE,0,Manufacturer#1,4-NOT SPECIFIED,0,BUILDING,TRUCK,4,0.04,14,Brand#11,16,LG CASE,39,388,58116.825
F,F,TAKE BACK RETURN,4,Manufacturer#2,1-URGENT,0,BUILDING,SHIP,4,0.08,10,Brand#21,0,SM BOX,3,463,22992.86
F,F,TAKE BACK RETURN,3,Manufacturer#4,1-URGENT,0,BUILDING,SHIP,7,0.05,7,Brand#41,0,JUMBO CAN,9,463,19012.48
F,F,TAKE BACK RETURN,0,Manufacturer#3,4-NOT SPECIFIED,1,MACHINERY,REG AIR,3,0.05,15,Brand#31,1,JUMBO DRUM,40,464,31288.915
F,F,DELIVER IN PERSON,4,Manufacturer#4,3-MEDIUM,4,MACHINERY,FOB,5,0.02,4,Brand#44,11,LG JAR,45,465,45239.88
F,F,NONE,2,Manufacturer#3,3-MEDIUM,4,MACHINERY,TRUCK,6,0.02,8,Brand#34,11,JUMBO CAN,24,465,3503.486
F,F,COLLECT COD,4,Manufacturer#3,3-MEDIUM,4,MACHINERY,SHIP,1,0.06,10,Brand#34,11,JUMBO CAN,28,465,31911.3456
F,F,DELIVER IN PERSON,3,Manufacturer#2,4-NOT SPECIFIED,3,AUTOMOBILE,REG AIR,2,0.04,7,Brand#21,19,LG BOX,30,466,50623.056
F,F,TAKE BACK RETURN,1,Manufacturer#4,5-LOW,2,BUILDING,FOB,1,0.03,24,Brand#45,8,JUMBO PKG,17,467,7676.296
F,F,DELIVER IN PERSON,0,Manufacturer#3,2-HIGH,0,HOUSEHOLD,FOB,2,0.01,5,Brand#32,5,LG PACK,13,468,43530.4224
F,F,DELIVER IN PERSON,1,Manufacturer#2,3-MEDIUM,2,MACHINERY,REG AIR,6,0.04,17,Brand#22,8,JUMBO DRUM,23,469,44051.88
F,F,TAKE BACK RETURN,1,Manufacturer#5,3-MEDIUM,2,MACHINERY,TRUCK,5,0.02,3,Brand#51,8,MED JAR,47,469,11356.7652
F,F,NONE,2,Manufacturer#4,3-MEDIUM,2,MACHINERY,RAIL,3,0,21,Brand#41,8,SM CASE,4,469,47742.912
F,F,NONE,0,Manufacturer#2,3-MEDIUM,2,MACHINERY,RAIL,1,0.04,15,Brand#25,8,MED PKG,23,469,59030.5248
F,F,DELIVER IN PERSON,1,Manufacturer#5,3-MEDIUM,2,MACHINERY,SHIP,4,0.02,3,Brand#54,8,JUMBO PACK,13,469,34181.784
F,F,NONE,0,Manufacturer#2,5-LOW,0,BUILDING,SHIP,3,0,16,Brand#23,0,JUMBO CAN,30,470,18631.21
F,F,COLLECT COD,2,Manufacturer#2,5-LOW,0,BUILDING,SHIP,1,0.05,18,Brand#25,0,LG JAR,5,470,3317.0814
F,F,DELIVER IN PERSON,0,Manufacturer#3,5-LOW,0,BUILDING,AIR,4,0.08,16,Brand#33,0,SM DRUM,6,470,55775.388
F,F,COLLECT COD,0,Manufacturer#1,5-LOW,0,BUILDING,FOB,2,0.07,0,Brand#12,0,JUMBO CASE,39,470,68554.75
F,F,DELIVER IN PERSON,3,Manufacturer#5,5-LOW,0,BUILDING,REG AIR,5,0.05,19,Brand#51,0,WRAP JAR,29,470,25830.6246
F,F,NONE,1,Manufacturer#5,2-HIGH,4,BUILDING,TRUCK,1,0.02,3,Brand#53,11,WRAP CASE,32,471,17309.0566
F,F,TAKE BACK RETURN,2,Manufacturer#5,2-HIGH,4,BUILDING,AIR,3,0.06,18,Brand#55,11,SM PKG,18,471,43933.632
F,F,DELIVER IN PERSON,2,Manufacturer#5,2-HIGH,4,BUILDING,TRUCK,2,0.08,9,Brand#53,11,JUMBO BOX,14,471,44053.4913
F,F,DELIVER IN PERSON,4,Manufacturer#2,2-HIGH,1,FURNITURE,REG AIR,2,0.05,4,Brand#22,3,JUMBO PKG,35,472,952.4064
F,F,COLLECT COD,1,Manufacturer#3,2-HIGH,1,FURNITURE,SHIP,1,0.02,24,Brand#34,3,WRAP CASE,23,472,37848.972
F,F,NONE,3,Manufacturer#3,5-LOW,1,BUILDING,SHIP,4,0.02,22,Brand#31,17,MED PKG,33,473,62749.0512
F,F,DELIVER IN PERSON,4,Manufacturer#3,5-LOW,1,BUILDING,SHIP,6,0.03,11,Brand#32,17,JUMBO DRUM,23,473,1084.752
F,F,NONE,0,Manufacturer#4,4-NOT SPECIFIED,3,HOUSEHOLD,RAIL,5,0.04,0,Brand#43,7,MED BOX,50,474,24245.5788
F,F,NONE,4,Manufacturer#5,4-NOT SPECIFIED,3,HOUSEHOLD,FOB,6,0.03,20,Brand#52,7,SM CASE,40,474,10829.6076
F,F,COLLECT COD,4,Manufacturer#3,4-NOT SPECIFIED,3,HOUSEHOLD,REG AIR,1,0.02,11,Brand#32,7,WRAP JAR,1,474,55466.2944
F,F,TAKE BACK RETURN,0,Manufacturer#2,4-NOT SPECIFIED,3,HOUSEHOLD,FOB,2,0,15,Brand#22,7,JUMBO PKG,38,474,4906.2924
F,F,DELIVER IN PERSON,3,Manufacturer#1,1-URGENT,3,MACHINERY,FOB,1,0.01,7,Brand#13,22,SM CAN,16,475,42454.607
F,F,TAKE BACK RETURN,0,Manufacturer#4,5-LOW,2,MACHINERY,AIR,4,0.01,5,Brand#45,9,SM PKG,25,201,8872.5868
F,F,NONE,1,Manufacturer#4,5-LOW,2,MACHINERY,SHIP,6,0.04,1,Brand#44,9,SM BAG,37,201,8350.6094
F,F,COLLECT COD,1,Manufacturer#4,5-LOW,2,MACHINERY,SHIP,1,0.05,2,Brand#44,9,JUMBO JAR,43,201,19072.6275
F,F,TAKE BACK RETURN,2,Manufacturer#4,5-LOW,2,MACHINERY,REG AIR,7,0.01,9,Brand#44,9,LG DRUM,13,201,30303.4752
F,F,DELIVER IN PERSON,1,Manufacturer#3,2-HIGH,0,HOUSEHOLD,REG AIR,5,0.05,2,Brand#31,14,JUMBO PKG,35,476,40626.2454
F,F,TAKE BACK RETURN,1,Manufacturer#1,2-HIGH,0,HOUSEHOLD,AIR,1,0.06,3,Brand#15,14,JUMBO PACK,35,476,48416.7552
F,F,DELIVER IN PERSON,4,Manufacturer#4,2-HIGH,0,HOUSEHOLD,TRUCK,2,0.06,4,Brand#44,14,MED PACK,32,476,3147.1524
F,F,TAKE BACK RETURN,2,Manufacturer#4,2-HIGH,2,AUTOMOBILE,MAIL,2,0,12,Brand#41,18,WRAP PKG,4,477,17732.637
F,F,DELIVER IN PERSON,3,Manufacturer#4,2-HIGH,2,AUTOMOBILE,REG AIR,1,0.03,6,Brand#42,18,MED JAR,31,477,16657.4529
F,F,TAKE BACK RETURN,2,Manufacturer#2,1-URGENT,1,HOUSEHOLD,MAIL,3,0.01,12,Brand#23,3,SM PKG,33,478,78033.2408
F,F,COLLECT COD,1,Manufacturer#4,1-URGENT,1,HOUSEHOLD,FOB,2,0,3,Brand#43,3,JUMBO PACK,11,478,8835.7536
F,F,TAKE BACK RETURN,0,Manufacturer#5,2-HIGH,3,AUTOMOBILE,AIR,4,0.05,14,Brand#51,22,SM DRUM,38,459,48691.545
F,F,DELIVER IN PERSON,1,Manufacturer#2,2-HIGH,3,AUTOMOBILE,SHIP,1,0.08,1,Brand#21,22,JUMBO CASE,9,459,928.7858
F,F,NONE,0,Manufacturer#3,1-URGENT,2,BUILDING,TRUCK,1,0.03,14,Brand#31,12,LG BOX,40,479,25245.297
F,F,NONE,3,Manufacturer#2,1-URGENT,3,BUILDING,MAIL,1,0.04,22,Brand#23,19,JUMBO CASE,46,480,4296.7896
F,F,DELIVER IN PERSON,1,Manufacturer#5,1-URGENT,3,BUILDING,REG AIR,7,0.04,24,Brand#54,19,WRAP DRUM,15,480,39743.86
F,F,TAKE BACK RETURN,4,Manufacturer#2,1-URGENT,3,BUILDING,TRUCK,2,0.03,13,Brand#24,19,MED JAR,7,480,47948.22
F,F,DELIVER IN PERSON,0,Manufacturer#3,1-URGENT,3,BUILDING,FOB,5,0.05,14,Brand#31,19,WRAP PKG,14,480,59944.992
F,F,COLLECT COD,1,Manufacturer#1,1-URGENT,3,BUILDING,AIR,4,0.06,1,Brand#15,19,LG CASE,41,480,8421.1325
F,F,TAKE BACK RETURN,2,Manufacturer#1,5-LOW,3,HOUSEHOLD,SHIP,1,0.02,8,Brand#14,23,JUMBO JAR,34,481,15631.38
F,F,TAKE BACK RETURN,2,Manufacturer#3,1-URGENT,0,AUTOMOBILE,AIR,3,0.05,18,Brand#33,15,MED BAG,21,482,48246.03
F,F,COLLECT COD,4,Manufacturer#2,1-URGENT,0,AUTOMOBILE,MAIL,2,0.02,20,Brand#21,15,JUMBO BOX,14,482,6598.236
F,F,NONE,2,Manufacturer#1,2-HIGH,2,AUTOMOBILE,TRUCK,5,0,12,Brand#14,9,WRAP PKG,26,483,44905.536
F,F,TAKE BACK RETURN,3,Manufacturer#5,2-HIGH,2,AUTOMOBILE,MAIL,3,0.04,7,Brand#54,9,JUMBO CAN,45,483,36158.64
F,F,NONE,4,Manufacturer#2,2-HIGH,2,AUTOMOBILE,TRUCK,1,0.03,11,Brand#23,9,JUMBO PACK,24,483,13369.5824
F,F,COLLECT COD,0,Manufacturer#3,5-LOW,3,HOUSEHOLD,AIR,2,0.01,15,Brand#32,23,JUMBO JAR,6,481,21048.9312
F,F,COLLECT COD,3,Manufacturer#2,4-NOT SPECIFIED,4,FURNITURE,FOB,1,0.07,22,Brand#21,11,LG PKG,24,484,65842.884
F,F,COLLECT COD,1,Manufacturer#5,4-NOT SPECIFIED,4,BUILDING,FOB,1,0.05,1,Brand#52,13,MED JAR,46,485,54907.8948
F,F,NONE,2,Manufacturer#5,5-LOW,3,MACHINERY,SHIP,4,0.06,21,Brand#55,6,JUMBO BOX,37,486,29711.2649
F,F,TAKE BACK RETURN,0,Manufacturer#5,5-LOW,3,MACHINERY,REG AIR,5,0.05,0,Brand#53,6,LG CAN,35,486,36792.36
F,F,DELIVER IN PERSON,4,Manufacturer#1,1-URGENT,3,BUILDING,RAIL,1,0.04,20,Brand#13,22,JUMBO BOX,23,487,26015.1507
F,F,NONE,1,Manufacturer#5,1-URGENT,4,AUTOMOBILE,RAIL,2,0.04,2,Brand#54,10,MED PACK,41,488,24530.2512
F,F,DELIVER IN PERSON,0,Manufacturer#2,5-LOW,1,BUILDING,RAIL,1,0.01,15,Brand#22,1,LG BOX,22,489,49041.504
F,F,TAKE BACK RETURN,2,Manufacturer#1,2-HIGH,2,BUILDING,REG AIR,7,0.04,9,Brand#15,18,MED PACK,23,490,71353.284
F,F,TAKE BACK RETURN,2,Manufacturer#2,2-HIGH,2,BUILDING,REG AIR,5,0.06,8,Brand#23,18,SM BOX,12,490,23086.425
F,F,NONE,0,Manufacturer#3,2-HIGH,2,BUILDING,REG AIR,6,0.04,16,Brand#35,18,LG PACK,44,490,6620.0808
F,F,DELIVER IN PERSON,1,Manufacturer#5,2-HIGH,2,BUILDING,RAIL,1,0.08,24,Brand#52,18,JUMBO PKG,34,490,33705.0693
F,F,COLLECT COD,2,Manufacturer#4,1-URGENT,4,BUILDING,RAIL,4,0.04,9,Brand#44,4,WRAP PKG,1,491,19954.116
F,F,COLLECT COD,2,Manufacturer#2,1-URGENT,4,BUILDING,TRUCK,3,0.05,8,Brand#21,4,WRAP DRUM,49,491,1115.7328
F,F,TAKE BACK RETURN,1,Manufacturer#2,2-HIGH,1,FURNITURE,RAIL,1,0.07,3,Brand#21,2,MED BOX,30,492,29895.6312
F,F,DELIVER IN PERSON,0,Manufacturer#5,2-HIGH,4,HOUSEHOLD,SHIP,7,0.07,0,Brand#54,10,WRAP BOX,19,493,991.971
F,F,NONE,3,Manufacturer#5,2-HIGH,1,BUILDING,FOB,2,0.07,7,Brand#53,24,WRAP CASE,40,494,65117.09
F,F,DELIVER IN PERSON,0,Manufacturer#4,2-HIGH,1,BUILDING,MAIL,5,0.04,16,Brand#42,24,LG PKG,44,494,26841.4944
F,F,DELIVER IN PERSON,4,Manufacturer#4,2-HIGH,1,BUILDING,RAIL,4,0,20,Brand#45,24,WRAP DRUM,7,494,27971.2972
F,F,DELIVER IN PERSON,0,Manufacturer#2,2-HIGH,1,BUILDING,RAIL,6,0.04,5,Brand#25,24,WRAP DRUM,39,494,7579.1625
F,F,NONE,3,Manufacturer#1,5-LOW,2,BUILDING,FOB,3,0,23,Brand#12,12,MED JAR,42,495,29305.6092
F,F,DELIVER IN PERSON,1,Manufacturer#3,5-LOW,2,BUILDING,RAIL,5,0.01,24,Brand#31,12,JUMBO BAG,14,495,4861.192
F,F,NONE,4,Manufacturer#4,5-LOW,2,BUILDING,RAIL,7,0.03,4,Brand#41,12,MED PACK,47,495,16337.68
F,F,TAKE BACK RETURN,4,Manufacturer#4,5-LOW,2,BUILDING,SHIP,6,0.04,10,Brand#42,12,LG CAN,44,495,90468.2394
F,F,NONE,4,Manufacturer#2,5-LOW,2,BUILDING,RAIL,1,0.01,11,Brand#22,12,JUMBO CAN,10,495,59576.244
F,F,DELIVER IN PERSON,1,Manufacturer#2,2-HIGH,1,BUILDING,RAIL,4,0.08,2,Brand#21,1,WRAP BAG,12,496,16149.2058
F,F,DELIVER IN PERSON,2,Manufacturer#2,2-HIGH,1,BUILDING,AIR,1,0,9,Brand#21,1,JUMBO CASE,4,496,18720.2925
F,F,TAKE BACK RETURN,4,Manufacturer#5,3-MEDIUM,2,MACHINERY,REG AIR,4,0.07,11,Brand#52,9,WRAP JAR,31,497,48720.44
F,F,DELIVER IN PERSON,4,Manufacturer#1,3-MEDIUM,2,MACHINERY,FOB,6,0.03,13,Brand#12,9,SM BAG,23,497,61473.0384
F,F,DELIVER IN PERSON,0,Manufacturer#4,3-MEDIUM,2,MACHINERY,REG AIR,3,0.07,15,Brand#44,9,MED CASE,37,497,31533.3
F,F,NONE,3,Manufacturer#1,3-MEDIUM,2,MACHINERY,TRUCK,7,0.02,19,Brand#12,9,LG DRUM,5,497,1040.13
F,F,DELIVER IN PERSON,2,Manufacturer#5,3-MEDIUM,3,MACHINERY,MAIL,5,0.04,9,Brand#55,19,SM DRUM,35,498,37381.638
F,F,NONE,2,Manufacturer#1,4-NOT SPECIFIED,2,FURNITURE,RAIL,3,0.07,12,Brand#15,9,WRAP PKG,7,499,2883.04
F,F,TAKE BACK RETURN,2,Manufacturer#2,4-NOT SPECIFIED,2,FURNITURE,MAIL,1,0.02,9,Brand#25,9,SM BOX,22,499,45017.775
F,F,DELIVER IN PERSON,2,Manufacturer#2,4-NOT SPECIFIED,2,FURNITURE,SHIP,6,0.04,8,Brand#25,9,MED CASE,7,499,10166.3415
F,F,COLLECT COD,1,Manufacturer#3,2-HIGH,4,AUTOMOBILE,AIR,4,0.02,3,Brand#33,20,SM CASE,45,500,59870.52
F,F,NONE,2,Manufacturer#1,2-HIGH,4,AUTOMOBILE,AIR,3,0.04,21,Brand#14,20,LG CAN,26,500,3920.2254
F,F,COLLECT COD,1,Manufacturer#3,2-HIGH,4,HOUSEHOLD,AIR,4,0.07,3,Brand#35,10,MED JAR,42,493,8221.3495
F,F,COLLECT COD,1,Manufacturer#4,2-HIGH,4,HOUSEHOLD,REG AIR,3,0.08,1,Brand#41,10,SM BAG,4,493,15314.8905
F,F,TAKE BACK RETURN,3,Manufacturer#5,2-HIGH,4,HOUSEHOLD,REG AIR,5,0.04,7,Brand#52,10,MED CAN,23,493,48723.84
F,F,TAKE BACK RETURN,4,Manufacturer#1,2-HIGH,4,MACHINERY,RAIL,2,0,10,Brand#13,20,WRAP PKG,17,501,2447.922
F,F,NONE,4,Manufacturer#3,2-HIGH,4,MACHINERY,TRUCK,6,0.07,4,Brand#32,20,SM JAR,18,501,5492.1788
F,F,DELIVER IN PERSON,1,Manufacturer#4,2-HIGH,4,MACHINERY,TRUCK,5,0,1,Brand#41,20,SM BAG,2,501,57535.3142
F,F,NONE,2,Manufacturer#2,3-MEDIUM,0,AUTOMOBILE,SHIP,1,0.06,8,Brand#24,16,LG DRUM,50,502,43089.321
F,F,DELIVER IN PERSON,3,Manufacturer#1,1-URGENT,3,HOUSEHOLD,MAIL,3,0.08,22,Brand#15,7,LG PACK,2,503,28968.8448
F,F,DELIVER IN PERSON,3,Manufacturer#2,1-URGENT,3,HOUSEHOLD,MAIL,2,0.03,22,Brand#24,7,LG JAR,46,503,32635.998
F,F,NONE,0,Manufacturer#3,1-URGENT,3,HOUSEHOLD,MAIL,5,0.06,0,Brand#32,7,SM CASE,50,503,1003.8938
F,F,DELIVER IN PERSON,4,Manufacturer#1,1-URGENT,3,HOUSEHOLD,FOB,1,0.08,20,Brand#14,7,WRAP BAG,9,503,7536.384
F,F,DELIVER IN PERSON,3,Manufacturer#1,1-URGENT,3,HOUSEHOLD,MAIL,6,0.02,7,Brand#14,7,JUMBO JAR,18,503,42386.4936
F,F,COLLECT COD,0,Manufacturer#4,4-NOT SPECIFIED,1,FURNITURE,RAIL,2,0,0,Brand#42,3,MED PKG,35,504,82063.5745
F,F,TAKE BACK RETURN,3,Manufacturer#4,4-NOT SPECIFIED,1,FURNITURE,REG AIR,1,0.07,6,Brand#42,3,SM PKG,29,504,9497.1968
F,F,NONE,4,Manufacturer#3,2-HIGH,2,BUILDING,TRUCK,2,0.03,10,Brand#35,12,JUMBO JAR,37,505,62217.4836
F,F,DELIVER IN PERSON,1,Manufacturer#3,1-URGENT,0,MACHINERY,AIR,4,0.04,3,Brand#34,15,SM DRUM,29,506,6446.808
F,F,NONE,1,Manufacturer#5,1-URGENT,0,MACHINERY,RAIL,2,0.05,1,Brand#51,15,JUMBO BOX,45,506,9372.2535
F,F,COLLECT COD,0,Manufacturer#1,1-URGENT,0,MACHINERY,RAIL,5,0.06,0,Brand#14,15,LG CAN,41,506,49823.2
F,F,TAKE BACK RETURN,4,Manufacturer#5,3-MEDIUM,3,AUTOMOBILE,MAIL,4,0.01,11,Brand#52,19,WRAP PKG,49,507,59433.472
F,F,TAKE BACK RETURN,3,Manufacturer#5,3-MEDIUM,3,AUTOMOBILE,FOB,2,0.05,6,Brand#55,19,SM CASE,16,507,43811.8536
F,F,NONE,4,Manufacturer#5,3-MEDIUM,3,AUTOMOBILE,REG AIR,1,0.07,11,Brand#54,19,LG PACK,15,507,17269.4313
F,F,COLLECT COD,2,Manufacturer#3,3-MEDIUM,3,AUTOMOBILE,RAIL,3,0,8,Brand#31,19,SM PACK,7,507,37510.7975
F,F,COLLECT COD,3,Manufacturer#3,2-HIGH,4,AUTOMOBILE,RAIL,4,0,7,Brand#34,10,SM BOX,25,508,32041.686
F,F,TAKE BACK RETURN,4,Manufacturer#5,2-HIGH,4,AUTOMOBILE,TRUCK,7,0.06,4,Brand#53,10,WRAP PACK,12,508,30982.8519
F,F,TAKE BACK RETURN,4,Manufacturer#4,2-HIGH,4,AUTOMOBILE,AIR,5,0.07,13,Brand#43,10,SM CAN,43,508,24393.0752
F,F,NONE,3,Manufacturer#1,2-HIGH,4,AUTOMOBILE,AIR,2,0.05,23,Brand#13,10,LG PACK,35,508,45923.6606
F,F,NONE,4,Manufacturer#4,2-HIGH,4,AUTOMOBILE,REG AIR,6,0.07,4,Brand#43,10,SM BOX,40,508,5439.8425
F,F,TAKE BACK RETURN,3,Manufacturer#1,2-HIGH,4,AUTOMOBILE,RAIL,3,0,22,Brand#11,10,MED CASE,26,508,45877.59
F,F,COLLECT COD,1,Manufacturer#5,2-HIGH,2,BUILDING,FOB,3,0.07,2,Brand#55,12,MED PACK,29,505,12177.984
F,F,DELIVER IN PERSON,4,Manufacturer#1,2-HIGH,2,BUILDING,SHIP,5,0.05,11,Brand#14,12,SM PACK,14,505,60370.3264
F,F,COLLECT COD,2,Manufacturer#4,2-HIGH,2,BUILDING,REG AIR,4,0.08,8,Brand#41,12,SM BAG,42,505,79637.2745
F,F,DELIVER IN PERSON,3,Manufacturer#5,2-HIGH,2,BUILDING,REG AIR,1,0.02,22,Brand#53,12,SM JAR,2,505,4855.5888
F,F,NONE,4,Manufacturer#2,3-MEDIUM,1,MACHINERY,TRUCK,1,0.04,10,Brand#22,3,WRAP DRUM,37,509,3062.3274
F,F,DELIVER IN PERSON,2,Manufacturer#2,4-NOT SPECIFIED,0,HOUSEHOLD,RAIL,7,0.04,18,Brand#23,0,MED PKG,1,510,40443.956
F,F,NONE,1,Manufacturer#4,1-URGENT,0,AUTOMOBILE,TRUCK,4,0.03,24,Brand#41,0,JUMBO CAN,20,511,42268.72
F,F,COLLECT COD,4,Manufacturer#3,1-URGENT,0,AUTOMOBILE,RAIL,1,0,11,Brand#33,0,WRAP BOX,5,511,32034.1608
F,F,NONE,1,Manufacturer#2,1-URGENT,0,AUTOMOBILE,FOB,2,0.05,17,Brand#21,0,JUMBO BAG,29,511,62922.528
F,F,NONE,0,Manufacturer#5,2-HIGH,2,BUILDING,AIR,1,0.05,16,Brand#55,12,LG PKG,34,512,41805.5456
F,F,TAKE BACK RETURN,2,Manufacturer#4,2-HIGH,2,BUILDING,RAIL,2,0.06,9,Brand#42,12,SM JAR,8,512,10551.8322
F,F,NONE,3,Manufacturer#4,2-HIGH,2,BUILDING,REG AIR,4,0.04,19,Brand#44,12,MED JAR,28,512,49325.1066
F,F,NONE,4,Manufacturer#3,2-HIGH,2,BUILDING,FOB,3,0.07,11,Brand#32,12,JUMBO DRUM,37,512,4641.0432
F,F,DELIVER IN PERSON,1,Manufacturer#4,3-MEDIUM,2,HOUSEHOLD,RAIL,3,0.06,3,Brand#44,9,WRAP PKG,42,513,77711.0976
F,F,NONE,3,Manufacturer#3,3-MEDIUM,2,HOUSEHOLD,REG AIR,5,0.08,7,Brand#31,9,MED DRUM,25,513,11946.858
F,F,TAKE BACK RETURN,3,Manufacturer#4,2-HIGH,0,FURNITURE,RAIL,2,0.04,22,Brand#41,5,MED BOX,16,514,53263.2712
F,F,TAKE BACK RETURN,3,Manufacturer#5,2-HIGH,1,FURNITURE,FOB,1,0.06,22,Brand#53,24,WRAP BOX,29,515,5975.345
F,F,NONE,2,Manufacturer#4,2-HIGH,1,FURNITURE,SHIP,3,0.08,9,Brand#44,24,MED CAN,45,515,32950.4441
F,F,TAKE BACK RETURN,3,Manufacturer#2,2-HIGH,1,BUILDING,RAIL,3,0.05,7,Brand#24,24,JUMBO PKG,38,516,39673.2792
F,F,TAKE BACK RETURN,2,Manufacturer#3,2-HIGH,1,BUILDING,TRUCK,2,0.08,21,Brand#35,24,WRAP DRUM,43,516,56429.576
F,F,COLLECT COD,1,Manufacturer#3,2-HIGH,1,BUILDING,FOB,4,0.03,2,Brand#33,24,WRAP JAR,30,516,58736.3712
F,F,TAKE BACK RETURN,4,Manufacturer#1,3-MEDIUM,1,MACHINERY,REG AIR,3,0.01,10,Brand#15,3,JUMBO BAG,29,509,56147.9456
F,F,COLLECT COD,4,Manufacturer#1,3-MEDIUM,1,MACHINERY,SHIP,4,0,10,Brand#13,3,SM DRUM,25,509,7050.8165
F,F,DELIVER IN PERSON,4,Manufacturer#2,2-HIGH,4,HOUSEHOLD,AIR,3,0.01,10,Brand#21,20,WRAP JAR,38,517,35007.336
F,F,DELIVER IN PERSON,3,Manufacturer#2,2-HIGH,4,HOUSEHOLD,FOB,4,0.07,7,Brand#21,20,WRAP JAR,19,517,46846.305
F,F,NONE,0,Manufacturer#1,3-MEDIUM,0,FURNITURE,SHIP,5,0.08,15,Brand#13,0,LG CASE,3,100,41716.818
F,F,COLLECT COD,3,Manufacturer#4,4-NOT SPECIFIED,2,MACHINERY,FOB,3,0,23,Brand#41,18,LG BOX,37,66,63756.8568
F,F,TAKE BACK RETURN,2,Manufacturer#2,4-NOT SPECIFIED,2,MACHINERY,RAIL,2,0.03,18,Brand#21,18,WRAP CAN,40,66,42810.9696
F,F,DELIVER IN PERSON,4,Manufacturer#3,4-NOT SPECIFIED,2,MACHINERY,AIR,5,0.08,20,Brand#32,18,LG PKG,14,66,55291.3452
F,F,DELIVER IN PERSON,1,Manufacturer#1,4-NOT SPECIFIED,2,MACHINERY,REG AIR,6,0,24,Brand#11,18,WRAP PACK,21,66,4477.86
F,F,TAKE BACK RETURN,0,Manufacturer#5,1-URGENT,3,MACHINERY,MAIL,3,0.03,0,Brand#51,7,JUMBO BAG,17,518,39480.8315
F,F,COLLECT COD,3,Manufacturer#1,1-URGENT,3,MACHINERY,MAIL,6,0,19,Brand#13,7,MED CASE,27,518,15744.3319
F,F,TAKE BACK RETURN,0,Manufacturer#2,1-URGENT,3,MACHINERY,REG AIR,1,0.01,15,Brand#24,7,MED PACK,17,518,19688.7537
F,F,DELIVER IN PERSON,1,Manufacturer#4,3-MEDIUM,0,FURNITURE,AIR,4,0.06,17,Brand#43,0,MED CAN,37,100,53531.1087
F,F,NONE,4,Manufacturer#3,3-MEDIUM,0,FURNITURE,MAIL,3,0.08,20,Brand#31,0,LG BOX,46,519,48902.0784
F,F,COLLECT COD,1,Manufacturer#5,3-MEDIUM,1,FURNITURE,RAIL,1,0,3,Brand#53,1,JUMBO PKG,15,422,18453.106
F,F,COLLECT COD,2,Manufacturer#3,5-LOW,0,AUTOMOBILE,MAIL,3,0.08,9,Brand#31,5,WRAP PKG,44,520,21498.8472
F,F,TAKE BACK RETURN,1,Manufacturer#5,5-LOW,0,AUTOMOBILE,REG AIR,2,0.05,1,Brand#54,5,SM CAN,30,520,30572.7898
F,F,TAKE BACK RETURN,2,Manufacturer#5,5-LOW,0,AUTOMOBILE,SHIP,5,0.01,21,Brand#54,5,MED PACK,41,520,68098.4034
F,F,TAKE BACK RETURN,1,Manufacturer#2,5-LOW,0,AUTOMOBILE,FOB,1,0.02,17,Brand#21,5,WRAP BAG,21,520,39201.5624
F,F,COLLECT COD,3,Manufacturer#5,4-NOT SPECIFIED,3,BUILDING,FOB,1,0.03,19,Brand#52,19,WRAP BAG,24,521,16253.1
F,F,COLLECT COD,2,Manufacturer#3,2-HIGH,1,MACHINERY,AIR,4,0.06,9,Brand#32,1,WRAP DRUM,3,178,40143.4362
F,F,NONE,1,Manufacturer#4,2-HIGH,1,MACHINERY,REG AIR,2,0.08,1,Brand#41,1,WRAP PKG,23,178,31425.024
F,F,DELIVER IN PERSON,3,Manufacturer#5,2-HIGH,1,MACHINERY,REG AIR,3,0.03,22,Brand#55,1,LG JAR,44,178,31014.5386
F,F,TAKE BACK RETURN,0,Manufacturer#3,5-LOW,0,HOUSEHOLD,RAIL,4,0.05,5,Brand#31,5,LG PACK,46,468,62631.3987
F,F,TAKE BACK RETURN,1,Manufacturer#5,5-LOW,0,HOUSEHOLD,AIR,2,0,1,Brand#55,5,LG DRUM,44,468,38009.6444
F,F,COLLECT COD,1,Manufacturer#5,5-LOW,0,HOUSEHOLD,MAIL,1,0.07,2,Brand#54,5,JUMBO DRUM,40,468,39177.92
F,F,TAKE BACK RETURN,1,Manufacturer#3,2-HIGH,0,AUTOMOBILE,FOB,3,0.08,2,Brand#35,0,LG CAN,9,522,53357.1112
F,F,DELIVER IN PERSON,2,Manufacturer#4,2-HIGH,0,AUTOMOBILE,AIR,2,0.06,12,Brand#41,0,MED BOX,27,522,53554.8312
F,F,DELIVER IN PERSON,4,Manufacturer#4,2-HIGH,0,AUTOMOBILE,FOB,1,0.06,11,Brand#45,0,JUMBO BAG,8,522,10436.544
F,F,COLLECT COD,0,Manufacturer#5,4-NOT SPECIFIED,3,MACHINERY,MAIL,5,0,0,Brand#52,6,MED JAR,16,523,1409.265
F,F,TAKE BACK RETURN,4,Manufacturer#2,4-NOT SPECIFIED,3,MACHINERY,FOB,1,0.07,10,Brand#23,6,JUMBO BAG,11,523,51728.9136
F,F,NONE,3,Manufacturer#5,4-NOT SPECIFIED,3,MACHINERY,TRUCK,3,0.03,22,Brand#54,6,MED BAG,2,523,26139.003
F,F,NONE,4,Manufacturer#2,3-MEDIUM,3,MACHINERY,RAIL,3,0.08,10,Brand#24,7,SM BAG,36,524,20660.9676
F,F,COLLECT COD,2,Manufacturer#2,3-MEDIUM,3,MACHINERY,SHIP,1,0.01,9,Brand#21,7,LG JAR,25,524,8054.3565
F,F,TAKE BACK RETURN,1,Manufacturer#2,3-MEDIUM,3,MACHINERY,RAIL,6,0.02,2,Brand#21,7,WRAP BAG,19,524,20487.1488
F,F,DELIVER IN PERSON,3,Manufacturer#2,4-NOT SPECIFIED,3,BUILDING,REG AIR,2,0.06,22,Brand#24,19,LG CAN,49,521,43632.62
F,F,TAKE BACK RETURN,2,Manufacturer#2,5-LOW,3,FURNITURE,MAIL,1,0.05,18,Brand#21,6,LG PACK,41,525,33122.5594
F,F,DELIVER IN PERSON,3,Manufacturer#1,3-MEDIUM,3,MACHINERY,FOB,5,0.03,19,Brand#11,19,LG BOX,43,526,48425.8192
F,F,TAKE BACK RETURN,1,Manufacturer#4,3-MEDIUM,3,MACHINERY,MAIL,4,0.07,1,Brand#44,19,MED JAR,14,526,30578.3712
F,F,DELIVER IN PERSON,4,Manufacturer#5,5-LOW,3,FURNITURE,MAIL,2,0.07,11,Brand#54,6,LG JAR,37,525,37872.3254
F,F,COLLECT COD,3,Manufacturer#2,3-MEDIUM,1,HOUSEHOLD,REG AIR,2,0.08,23,Brand#21,1,SM CASE,49,527,26749.568
F,F,NONE,3,Manufacturer#1,3-MEDIUM,3,MACHINERY,TRUCK,1,0.08,22,Brand#11,7,WRAP PKG,41,528,35869.68
F,F,TAKE BACK RETURN,2,Manufacturer#5,3-MEDIUM,3,MACHINERY,FOB,4,0,21,Brand#53,7,WRAP PKG,35,528,4932.864
F,F,TAKE BACK RETURN,2,Manufacturer#1,3-MEDIUM,3,MACHINERY,REG AIR,3,0.02,8,Brand#12,7,SM BAG,15,528,17997.4745
F,F,TAKE BACK RETURN,3,Manufacturer#1,5-LOW,3,AUTOMOBILE,MAIL,1,0.07,23,Brand#14,19,LG PACK,8,529,21336.2646
F,F,COLLECT COD,2,Manufacturer#3,5-LOW,3,AUTOMOBILE,FOB,4,0.04,8,Brand#35,19,JUMBO PKG,30,529,43956.6064
F,F,COLLECT COD,1,Manufacturer#2,2-HIGH,0,MACHINERY,FOB,5,0.06,3,Brand#25,5,WRAP PKG,45,530,58201.2
F,F,DELIVER IN PERSON,3,Manufacturer#3,2-HIGH,4,AUTOMOBILE,MAIL,2,0.07,23,Brand#33,20,JUMBO CAN,40,531,52787.909
F,F,TAKE BACK RETURN,1,Manufacturer#3,2-HIGH,4,AUTOMOBILE,MAIL,1,0,1,Brand#35,20,MED PACK,32,531,65560.32
F,F,COLLECT COD,1,Manufacturer#3,2-HIGH,4,AUTOMOBILE,REG AIR,3,0.04,2,Brand#34,20,WRAP JAR,17,531,48169.26
F,F,DELIVER IN PERSON,0,Manufacturer#1,5-LOW,2,BUILDING,RAIL,3,0.07,0,Brand#15,18,MED PACK,3,532,68624.1504
F,F,NONE,3,Manufacturer#5,5-LOW,1,AUTOMOBILE,AIR,6,0.08,23,Brand#54,17,LG BOX,6,533,87375.3594
F,F,TAKE BACK RETURN,2,Manufacturer#1,5-LOW,1,AUTOMOBILE,FOB,2,0,12,Brand#15,17,WRAP JAR,25,533,18716.643
F,F,DELIVER IN PERSON,2,Manufacturer#3,5-LOW,1,AUTOMOBILE,REG AIR,3,0.02,21,Brand#31,17,JUMBO JAR,21,533,9654.552
F,F,TAKE BACK RETURN,4,Manufacturer#1,5-LOW,1,AUTOMOBILE,AIR,7,0.02,11,Brand#13,17,WRAP JAR,47,533,47923.4151
F,F,NONE,0,Manufacturer#1,5-LOW,1,AUTOMOBILE,FOB,1,0.07,0,Brand#14,17,JUMBO BAG,50,533,38844.645
F,F,TAKE BACK RETURN,0,Manufacturer#4,2-HIGH,0,MACHINERY,RAIL,4,0.03,5,Brand#43,5,SM PACK,7,530,37134.384
F,F,TAKE BACK RETURN,3,Manufacturer#2,1-URGENT,3,BUILDING,MAIL,1,0.08,23,Brand#24,22,MED PACK,31,534,23805.3956
F,F,NONE,2,Manufacturer#1,3-MEDIUM,3,MACHINERY,FOB,4,0.03,12,Brand#15,6,SM CAN,35,535,14323.0752
F,F,NONE,2,Manufacturer#5,3-MEDIUM,3,MACHINERY,REG AIR,5,0.06,12,Brand#53,6,WRAP CASE,41,535,70516.096
F,F,NONE,0,Manufacturer#2,3-MEDIUM,3,MACHINERY,SHIP,1,0.04,15,Brand#22,6,LG BOX,22,535,4404.6536
F,F,COLLECT COD,3,Manufacturer#4,3-MEDIUM,3,FURNITURE,REG AIR,3,0.03,7,Brand#41,7,MED BAG,25,536,22430.52
F,F,DELIVER IN PERSON,0,Manufacturer#1,3-MEDIUM,3,FURNITURE,RAIL,1,0.02,14,Brand#13,7,JUMBO PKG,1,536,17559.1728
F,F,NONE,1,Manufacturer#1,3-MEDIUM,3,FURNITURE,AIR,2,0,3,Brand#15,7,WRAP JAR,47,536,16243.5036
F,F,COLLECT COD,2,Manufacturer#5,3-MEDIUM,1,BUILDING,AIR,2,0.06,21,Brand#52,17,LG BOX,50,537,49018.48
F,F,NONE,4,Manufacturer#5,3-MEDIUM,1,BUILDING,RAIL,5,0,11,Brand#52,17,MED BAG,40,537,36675.275
F,F,TAKE BACK RETURN,0,Manufacturer#5,2-HIGH,0,HOUSEHOLD,TRUCK,2,0.03,14,Brand#55,16,SM BOX,39,538,17289.474
F,F,NONE,3,Manufacturer#3,2-HIGH,0,HOUSEHOLD,RAIL,1,0.02,22,Brand#35,16,MED PKG,20,538,54370.728
F,F,DELIVER IN PERSON,0,Manufacturer#2,1-URGENT,3,HOUSEHOLD,REG AIR,4,0.03,5,Brand#21,6,WRAP DRUM,38,539,13232.322
F,F,NONE,4,Manufacturer#4,1-URGENT,3,HOUSEHOLD,FOB,2,0.01,13,Brand#41,6,MED CASE,15,539,28748.02
F,F,NONE,1,Manufacturer#4,1-URGENT,3,HOUSEHOLD,TRUCK,5,0.05,1,Brand#44,6,JUMBO PKG,46,539,19570.1779
F,F,NONE,2,Manufacturer#4,1-URGENT,3,HOUSEHOLD,FOB,1,0,12,Brand#42,6,JUMBO PACK,5,539,36118.1184
F,F,DELIVER IN PERSON,2,Manufacturer#5,5-LOW,3,BUILDING,REG AIR,1,0.07,21,Brand#52,7,WRAP BAG,27,206,29492.594
F,F,COLLECT COD,4,Manufacturer#1,3-MEDIUM,2,HOUSEHOLD,AIR,4,0.05,13,Brand#12,8,WRAP CAN,9,540,44993.6032
F,F,DELIVER IN PERSON,1,Manufacturer#3,4-NOT SPECIFIED,0,FURNITURE,RAIL,1,0.04,2,Brand#33,16,JUMBO PKG,35,541,26467.9936
F,F,NONE,4,Manufacturer#3,4-NOT SPECIFIED,0,FURNITURE,REG AIR,2,0.05,4,Brand#31,16,JUMBO JAR,34,541,2011.878
F,F,TAKE BACK RETURN,2,Manufacturer#2,3-MEDIUM,2,BUILDING,TRUCK,1,0,8,Brand#23,9,LG CASE,18,542,1392.4544
F,F,NONE,2,Manufacturer#5,3-MEDIUM,2,BUILDING,RAIL,3,0.05,8,Brand#53,9,SM PKG,40,542,48452.394
F,F,DELIVER IN PERSON,1,Manufacturer#2,3-MEDIUM,2,BUILDING,REG AIR,5,0.04,17,Brand#23,9,SM BAG,30,542,30012.2496
F,F,DELIVER IN PERSON,1,Manufacturer#4,3-MEDIUM,4,HOUSEHOLD,TRUCK,1,0.06,2,Brand#41,4,WRAP PACK,6,543,63984.9672
F,F,NONE,3,Manufacturer#1,3-MEDIUM,4,HOUSEHOLD,TRUCK,3,0,23,Brand#15,4,SM CAN,20,543,76424.8576
F,F,TAKE BACK RETURN,0,Manufacturer#2,3-MEDIUM,4,HOUSEHOLD,MAIL,2,0.02,0,Brand#23,4,MED CAN,43,543,17200.944
F,F,DELIVER IN PERSON,4,Manufacturer#1,2-HIGH,3,HOUSEHOLD,SHIP,1,0.03,4,Brand#11,22,SM DRUM,27,544,36882.8096
F,F,NONE,3,Manufacturer#3,1-URGENT,2,BUILDING,SHIP,6,0.08,23,Brand#33,21,MED JAR,39,545,23847.0624
F,F,NONE,2,Manufacturer#3,1-URGENT,2,BUILDING,RAIL,2,0.08,18,Brand#32,21,LG CASE,30,545,22283.1
F,F,COLLECT COD,0,Manufacturer#2,1-URGENT,2,BUILDING,FOB,4,0.07,15,Brand#21,21,LG CASE,41,545,24903.112
F,F,TAKE BACK RETURN,3,Manufacturer#3,5-LOW,2,AUTOMOBILE,SHIP,1,0,7,Brand#35,8,WRAP BAG,44,546,27480.08
F,F,NONE,3,Manufacturer#5,3-MEDIUM,2,HOUSEHOLD,SHIP,3,0.02,23,Brand#53,8,LG CAN,28,540,31119.3792
F,F,TAKE BACK RETURN,3,Manufacturer#3,3-MEDIUM,2,HOUSEHOLD,FOB,1,0.04,19,Brand#34,8,SM CASE,33,540,38521.6
F,F,TAKE BACK RETURN,1,Manufacturer#2,3-MEDIUM,2,HOUSEHOLD,AIR,2,0.02,3,Brand#24,8,JUMBO BOX,10,540,14060.304
F,F,NONE,2,Manufacturer#3,4-NOT SPECIFIED,2,HOUSEHOLD,TRUCK,4,0.06,8,Brand#32,8,SM PACK,36,547,60809.0652
F,F,TAKE BACK RETURN,3,Manufacturer#1,4-NOT SPECIFIED,2,HOUSEHOLD,MAIL,1,0,19,Brand#15,8,SM BAG,13,547,22648.912
F,F,DELIVER IN PERSON,4,Manufacturer#5,3-MEDIUM,3,HOUSEHOLD,MAIL,1,0.02,20,Brand#54,22,MED JAR,34,548,29200.777
F,F,NONE,4,Manufacturer#2,5-LOW,2,BUILDING,REG AIR,1,0.02,11,Brand#21,21,WRAP PKG,1,549,39402.6542
F,F,DELIVER IN PERSON,4,Manufacturer#3,5-LOW,2,BUILDING,RAIL,6,0.02,11,Brand#31,21,JUMBO BAG,21,549,27424.6398
F,F,COLLECT COD,4,Manufacturer#4,5-LOW,2,BUILDING,RAIL,2,0.02,4,Brand#45,21,LG PKG,32,549,29149.05
F,F,NONE,3,Manufacturer#4,2-HIGH,1,AUTOMOBILE,AIR,1,0.08,22,Brand#45,2,JUMBO BAG,10,333,54959.5064
F,F,COLLECT COD,4,Manufacturer#4,1-URGENT,4,BUILDING,FOB,3,0.01,10,Brand#43,4,MED BOX,4,550,46780.8768
F,F,TAKE BACK RETURN,0,Manufacturer#5,1-URGENT,4,BUILDING,AIR,5,0.05,15,Brand#51,4,MED JAR,37,550,53671.086
F,F,COLLECT COD,0,Manufacturer#2,3-MEDIUM,3,HOUSEHOLD,AIR,5,0,16,Brand#23,22,JUMBO PACK,25,548,5307.5022
F,F,COLLECT COD,2,Manufacturer#4,3-MEDIUM,3,HOUSEHOLD,SHIP,4,0.08,18,Brand#43,22,SM PKG,2,548,19719.63
F,F,TAKE BACK RETURN,4,Manufacturer#3,1-URGENT,1,HOUSEHOLD,SHIP,2,0.08,20,Brand#33,1,MED PKG,11,551,43933.851
F,F,DELIVER IN PERSON,0,Manufacturer#3,1-URGENT,4,MACHINERY,TRUCK,3,0.07,16,Brand#35,13,JUMBO CAN,9,552,45749.1645
F,F,NONE,4,Manufacturer#4,1-URGENT,4,MACHINERY,REG AIR,1,0.07,10,Brand#43,13,LG BAG,11,552,12244.96
F,F,NONE,2,Manufacturer#5,3-MEDIUM,3,HOUSEHOLD,TRUCK,2,0.02,12,Brand#52,6,WRAP JAR,42,553,13539.9584
F,F,TAKE BACK RETURN,3,Manufacturer#3,3-MEDIUM,2,HOUSEHOLD,REG AIR,1,0.01,7,Brand#31,8,JUMBO JAR,20,554,17617.0984
F,F,TAKE BACK RETURN,0,Manufacturer#4,2-HIGH,3,AUTOMOBILE,SHIP,7,0.06,15,Brand#41,22,WRAP BOX,24,555,8717.31
F,F,COLLECT COD,4,Manufacturer#2,2-HIGH,3,AUTOMOBILE,AIR,5,0.02,4,Brand#23,22,SM JAR,5,555,29024.78
F,F,DELIVER IN PERSON,3,Manufacturer#1,3-MEDIUM,4,FURNITURE,TRUCK,2,0.01,23,Brand#14,20,JUMBO PACK,3,556,20080.494
F,F,COLLECT COD,0,Manufacturer#2,2-HIGH,3,AUTOMOBILE,MAIL,1,0,16,Brand#22,22,LG BOX,3,555,55521.7674
F,F,DELIVER IN PERSON,1,Manufacturer#2,2-HIGH,3,AUTOMOBILE,TRUCK,2,0.01,1,Brand#25,22,JUMBO BOX,11,555,63979.916
F,F,NONE,3,Manufacturer#1,4-NOT SPECIFIED,3,BUILDING,SHIP,1,0.06,19,Brand#11,7,WRAP CAN,25,688,54131.0562
F,F,COLLECT COD,3,Manufacturer#5,3-MEDIUM,4,FURNITURE,REG AIR,4,0.05,19,Brand#53,20,MED PKG,37,556,44377.344
F,F,DELIVER IN PERSON,0,Manufacturer#4,3-MEDIUM,4,FURNITURE,RAIL,1,0.01,5,Brand#44,20,MED JAR,46,556,47270.898
F,F,COLLECT COD,4,Manufacturer#1,2-HIGH,0,FURNITURE,RAIL,4,0.07,11,Brand#11,16,WRAP CAN,4,557,35393.0148
F,F,DELIVER IN PERSON,3,Manufacturer#2,2-HIGH,0,FURNITURE,TRUCK,3,0,6,Brand#24,16,WRAP PACK,46,557,2730.7564
F,F,DELIVER IN PERSON,2,Manufacturer#5,2-HIGH,0,FURNITURE,FOB,5,0.06,9,Brand#54,16,LG BOX,23,557,38745.63
F,F,NONE,3,Manufacturer#2,2-HIGH,0,FURNITURE,MAIL,1,0.01,7,Brand#24,16,SM JAR,29,557,41794.0435
F,F,DELIVER IN PERSON,4,Manufacturer#1,5-LOW,3,FURNITURE,REG AIR,6,0.04,20,Brand#14,22,LG JAR,48,558,8835.624
F,F,DELIVER IN PERSON,0,Manufacturer#5,5-LOW,3,FURNITURE,FOB,3,0.06,14,Brand#51,22,JUMBO JAR,30,558,6554.43
F,F,COLLECT COD,1,Manufacturer#4,5-LOW,3,FURNITURE,SHIP,4,0.08,24,Brand#43,22,MED CAN,35,558,14286.195
F,F,NONE,3,Manufacturer#5,5-LOW,3,FURNITURE,REG AIR,2,0,19,Brand#55,22,WRAP BAG,43,558,14606.424
F,F,DELIVER IN PERSON,2,Manufacturer#5,5-LOW,3,FURNITURE,SHIP,5,0.01,8,Brand#55,22,MED BOX,49,558,21697.7004
F,F,DELIVER IN PERSON,4,Manufacturer#1,2-HIGH,4,AUTOMOBILE,REG AIR,3,0.02,10,Brand#12,11,JUMBO BAG,20,559,19085.646
F,F,NONE,3,Manufacturer#2,2-HIGH,4,AUTOMOBILE,AIR,4,0.03,7,Brand#22,11,JUMBO PKG,49,559,52474.478
F,F,COLLECT COD,0,Manufacturer#3,2-HIGH,4,AUTOMOBILE,AIR,2,0.03,15,Brand#35,11,WRAP PKG,27,559,40298.5212
F,F,TAKE BACK RETURN,1,Manufacturer#2,2-HIGH,3,FURNITURE,MAIL,2,0.03,3,Brand#21,23,SM CASE,20,560,18924.7839
F,F,DELIVER IN PERSON,3,Manufacturer#3,1-URGENT,4,HOUSEHOLD,RAIL,1,0.04,19,Brand#32,10,MED PACK,16,561,48927.1296
F,F,TAKE BACK RETURN,3,Manufacturer#3,1-URGENT,4,HOUSEHOLD,AIR,5,0.04,23,Brand#32,10,JUMBO BOX,23,561,12061.322
F,F,COLLECT COD,3,Manufacturer#3,1-URGENT,4,HOUSEHOLD,MAIL,4,0.05,22,Brand#35,10,JUMBO BAG,17,561,20594.376
F,F,DELIVER IN PERSON,0,Manufacturer#5,1-URGENT,4,HOUSEHOLD,FOB,3,0.07,0,Brand#53,10,JUMBO JAR,11,561,86729.5935
F,F,COLLECT COD,1,Manufacturer#5,5-LOW,0,AUTOMOBILE,TRUCK,1,0.03,3,Brand#52,16,WRAP CASE,11,562,22261.16
F,F,NONE,2,Manufacturer#1,2-HIGH,4,AUTOMOBILE,REG AIR,6,0.05,9,Brand#15,4,LG CAN,12,563,4055.958
F,F,TAKE BACK RETURN,2,Manufacturer#5,2-HIGH,4,AUTOMOBILE,MAIL,3,0.02,9,Brand#55,4,SM PACK,22,563,25924.43
F,F,DELIVER IN PERSON,4,Manufacturer#4,2-HIGH,4,AUTOMOBILE,MAIL,5,0,11,Brand#45,4,LG PKG,43,563,3429.31
F,F,TAKE BACK RETURN,1,Manufacturer#1,2-HIGH,4,AUTOMOBILE,MAIL,2,0,3,Brand#14,4,LG JAR,48,563,65972.6592
F,F,TAKE BACK RETURN,3,Manufacturer#5,5-LOW,4,AUTOMOBILE,MAIL,2,0.02,19,Brand#54,10,JUMBO DRUM,21,231,24799.5
F,F,TAKE BACK RETURN,1,Manufacturer#1,5-LOW,4,AUTOMOBILE,SHIP,3,0.06,17,Brand#14,10,MED DRUM,24,231,24676.5825
F,F,TAKE BACK RETURN,0,Manufacturer#3,2-HIGH,3,FURNITURE,MAIL,3,0.07,0,Brand#34,23,SM BAG,20,560,13335.0075
F,F,TAKE BACK RETURN,4,Manufacturer#5,2-HIGH,3,FURNITURE,SHIP,1,0.07,20,Brand#52,23,WRAP PKG,33,560,53447.7315
F,F,NONE,1,Manufacturer#2,2-HIGH,3,FURNITURE,SHIP,5,0.02,24,Brand#21,23,WRAP CASE,20,560,42500.3269
F,F,NONE,0,Manufacturer#5,1-URGENT,3,AUTOMOBILE,AIR,1,0.08,5,Brand#53,19,MED PKG,20,139,34423.1175
F,F,COLLECT COD,2,Manufacturer#4,1-URGENT,3,AUTOMOBILE,AIR,3,0,18,Brand#42,19,WRAP DRUM,46,139,65439.324
F,F,NONE,3,Manufacturer#5,2-HIGH,3,FURNITURE,FOB,7,0.03,22,Brand#55,23,SM DRUM,41,560,35138.4634
F,F,NONE,3,Manufacturer#3,1-URGENT,4,MACHINERY,MAIL,3,0.01,22,Brand#31,11,MED CAN,4,564,59388.3822
F,F,NONE,3,Manufacturer#2,1-URGENT,1,HOUSEHOLD,MAIL,4,0.07,6,Brand#21,1,MED BOX,48,565,38497.8
F,F,TAKE BACK RETURN,0,Manufacturer#1,2-HIGH,1,BUILDING,MAIL,4,0.04,0,Brand#11,1,LG PKG,6,566,15002.8065
F,F,NONE,2,Manufacturer#5,2-HIGH,1,BUILDING,MAIL,2,0.06,9,Brand#53,1,MED BAG,31,566,60707.2752
F,F,NONE,1,Manufacturer#1,2-HIGH,1,BUILDING,SHIP,6,0.06,24,Brand#11,1,LG PACK,16,566,56432.214
F,F,TAKE BACK RETURN,1,Manufacturer#2,1-URGENT,1,AUTOMOBILE,MAIL,5,0.08,2,Brand#24,1,LG CASE,30,567,13234.214
F,F,NONE,0,Manufacturer#4,1-URGENT,1,AUTOMOBILE,TRUCK,1,0.01,0,Brand#45,1,JUMBO JAR,36,567,13943.952
F,F,COLLECT COD,3,Manufacturer#3,1-URGENT,1,AUTOMOBILE,TRUCK,3,0.05,7,Brand#34,1,LG DRUM,38,567,46859.6
F,F,NONE,0,Manufacturer#1,1-URGENT,1,HOUSEHOLD,REG AIR,2,0.07,0,Brand#12,1,LG CASE,27,565,64586.214
F,F,DELIVER IN PERSON,4,Manufacturer#2,1-URGENT,1,FURNITURE,REG AIR,1,0.08,4,Brand#22,17,LG PACK,18,164,70685.2476
F,F,COLLECT COD,2,Manufacturer#4,2-HIGH,4,AUTOMOBILE,SHIP,1,0.07,8,Brand#44,10,LG PKG,37,568,60525.3216
F,F,DELIVER IN PERSON,0,Manufacturer#5,3-MEDIUM,0,HOUSEHOLD,AIR,5,0.08,0,Brand#51,15,SM PACK,48,569,8993.4876
F,F,DELIVER IN PERSON,1,Manufacturer#1,3-MEDIUM,0,HOUSEHOLD,AIR,2,0.02,24,Brand#11,15,SM CAN,28,569,23511.4152
F,F,DELIVER IN PERSON,4,Manufacturer#1,3-MEDIUM,0,HOUSEHOLD,REG AIR,3,0.04,11,Brand#14,15,SM PACK,14,569,34949.74
F,F,TAKE BACK RETURN,1,Manufacturer#5,3-MEDIUM,0,HOUSEHOLD,FOB,6,0.07,2,Brand#51,15,MED BAG,9,569,15738.561
F,F,TAKE BACK RETURN,3,Manufacturer#2,3-MEDIUM,0,HOUSEHOLD,FOB,4,0.07,6,Brand#23,15,WRAP BAG,38,569,1443.4828
F,F,COLLECT COD,1,Manufacturer#4,3-MEDIUM,3,HOUSEHOLD,FOB,7,0.04,17,Brand#44,23,MED PKG,29,570,30250.451
F,F,DELIVER IN PERSON,1,Manufacturer#3,3-MEDIUM,3,HOUSEHOLD,TRUCK,3,0.01,17,Brand#32,23,WRAP PKG,12,570,62519.7177
F,F,TAKE BACK RETURN,1,Manufacturer#5,1-URGENT,3,AUTOMOBILE,REG AIR,6,0.06,1,Brand#51,22,MED BOX,6,153,32294.3184
F,F,COLLECT COD,2,Manufacturer#1,1-URGENT,3,AUTOMOBILE,MAIL,4,0.01,9,Brand#12,22,SM CASE,26,153,4394.594
F,F,TAKE BACK RETURN,4,Manufacturer#5,1-URGENT,3,AUTOMOBILE,RAIL,2,0.03,4,Brand#54,22,JUMBO PKG,1,153,43467.5142
F,F,DELIVER IN PERSON,3,Manufacturer#2,1-URGENT,3,AUTOMOBILE,MAIL,1,0.04,22,Brand#25,22,MED CASE,16,153,29287.071
F,F,TAKE BACK RETURN,4,Manufacturer#3,1-URGENT,3,AUTOMOBILE,TRUCK,3,0.03,10,Brand#33,22,JUMBO PKG,27,153,1728.0809
F,F,DELIVER IN PERSON,4,Manufacturer#1,4-NOT SPECIFIED,4,MACHINERY,RAIL,2,0,13,Brand#12,13,WRAP BAG,17,332,38780.2896
F,F,NONE,0,Manufacturer#5,2-HIGH,0,AUTOMOBILE,REG AIR,1,0.07,0,Brand#52,16,SM PACK,43,571,36351.4333
F,F,NONE,0,Manufacturer#4,1-URGENT,0,AUTOMOBILE,REG AIR,1,0,5,Brand#41,0,LG CASE,42,572,29647.485
F,F,NONE,4,Manufacturer#3,1-URGENT,4,HOUSEHOLD,AIR,1,0,20,Brand#31,20,WRAP BOX,21,573,70456.056
F,F,DELIVER IN PERSON,3,Manufacturer#5,1-URGENT,4,HOUSEHOLD,TRUCK,4,0.06,23,Brand#53,20,SM BAG,8,573,61902.1116
F,F,TAKE BACK RETURN,2,Manufacturer#4,4-NOT SPECIFIED,4,MACHINERY,SHIP,3,0.07,21,Brand#44,13,LG CASE,36,332,38453.516
F,F,DELIVER IN PERSON,2,Manufacturer#1,4-NOT SPECIFIED,4,MACHINERY,SHIP,5,0.03,21,Brand#11,13,LG PACK,25,332,54402.336
F,F,DELIVER IN PERSON,2,Manufacturer#4,4-NOT SPECIFIED,4,MACHINERY,SHIP,6,0.05,21,Brand#44,13,WRAP BOX,2,332,55544.9632
F,F,NONE,4,Manufacturer#1,1-URGENT,4,BUILDING,REG AIR,1,0.07,10,Brand#14,4,MED CASE,46,574,45478.4876
F,F,TAKE BACK RETURN,0,Manufacturer#5,1-URGENT,4,BUILDING,TRUCK,5,0.07,14,Brand#54,4,JUMBO BOX,48,574,45869.418
F,F,COLLECT COD,3,Manufacturer#3,1-URGENT,4,BUILDING,TRUCK,3,0.06,6,Brand#32,4,JUMBO DRUM,37,574,21238.2
F,F,NONE,3,Manufacturer#5,1-URGENT,4,BUILDING,RAIL,4,0.01,23,Brand#52,4,LG CAN,2,574,73213.9445
F,F,NONE,2,Manufacturer#1,1-URGENT,0,MACHINERY,MAIL,4,0.02,8,Brand#12,16,MED DRUM,10,575,63306.1188
F,F,NONE,2,Manufacturer#2,1-URGENT,0,MACHINERY,AIR,2,0.08,18,Brand#23,16,JUMBO PKG,25,575,28922.2378
F,F,TAKE BACK RETURN,2,Manufacturer#1,1-URGENT,0,MACHINERY,FOB,3,0.03,8,Brand#11,16,LG CASE,28,575,43563.3616
F,F,COLLECT COD,4,Manufacturer#4,4-NOT SPECIFIED,2,BUILDING,FOB,4,0.04,20,Brand#44,8,LG BOX,23,576,8961.5115
F,F,DELIVER IN PERSON,2,Manufacturer#3,4-NOT SPECIFIED,2,BUILDING,AIR,3,0.07,18,Brand#34,8,WRAP PKG,28,576,27120.474
F,F,COLLECT COD,3,Manufacturer#3,4-NOT SPECIFIED,2,BUILDING,REG AIR,5,0.07,22,Brand#34,8,WRAP CASE,50,576,48096.768
F,F,DELIVER IN PERSON,2,Manufacturer#4,2-HIGH,2,BUILDING,RAIL,3,0.02,21,Brand#42,9,SM PKG,48,577,23079.7824
F,F,COLLECT COD,3,Manufacturer#3,1-URGENT,1,HOUSEHOLD,TRUCK,1,0.01,7,Brand#35,17,JUMBO CAN,5,578,13616.904
F,F,COLLECT COD,0,Manufacturer#5,1-URGENT,1,HOUSEHOLD,SHIP,2,0.04,15,Brand#52,17,LG CASE,46,578,47650.95
F,F,COLLECT COD,0,Manufacturer#3,1-URGENT,1,HOUSEHOLD,RAIL,4,0.06,14,Brand#34,17,JUMBO BAG,25,578,23978.295
F,F,NONE,4,Manufacturer#2,2-HIGH,2,FURNITURE,SHIP,5,0.05,13,Brand#21,9,LG BOX,44,579,44368.0512
F,F,COLLECT COD,0,Manufacturer#2,2-HIGH,2,FURNITURE,TRUCK,4,0.02,16,Brand#25,9,MED BAG,38,579,10234.68
F,F,COLLECT COD,4,Manufacturer#5,3-MEDIUM,4,BUILDING,TRUCK,2,0.07,13,Brand#52,4,MED BAG,31,580,2156.32
F,F,DELIVER IN PERSON,1,Manufacturer#4,3-MEDIUM,4,BUILDING,MAIL,4,0.01,24,Brand#44,4,JUMBO JAR,28,580,41106.3835
F,F,TAKE BACK RETURN,2,Manufacturer#2,3-MEDIUM,4,BUILDING,SHIP,3,0.07,21,Brand#24,4,SM CAN,44,580,29701.3444
F,F,COLLECT COD,4,Manufacturer#5,3-MEDIUM,4,BUILDING,MAIL,1,0.06,20,Brand#55,4,SM CASE,23,580,35717.022
F,F,DELIVER IN PERSON,0,Manufacturer#2,3-MEDIUM,0,HOUSEHOLD,TRUCK,3,0.03,14,Brand#22,14,WRAP CASE,26,581,45013.86
F,F,DELIVER IN PERSON,0,Manufacturer#3,3-MEDIUM,0,HOUSEHOLD,MAIL,2,0.01,5,Brand#33,14,JUMBO PACK,6,581,36650.448
F,F,DELIVER IN PERSON,2,Manufacturer#3,5-LOW,0,FURNITURE,MAIL,1,0.04,9,Brand#35,5,LG BOX,22,582,30884.9156
F,F,DELIVER IN PERSON,3,Manufacturer#3,5-LOW,3,MACHINERY,RAIL,2,0,7,Brand#33,7,MED PKG,21,583,14011.452
F,F,DELIVER IN PERSON,0,Manufacturer#5,1-URGENT,4,BUILDING,SHIP,1,0.02,15,Brand#51,13,SM CASE,45,584,42308.6202
F,F,NONE,2,Manufacturer#3,1-URGENT,4,BUILDING,RAIL,4,0.05,12,Brand#35,13,LG DRUM,9,584,1446.8472
F,F,NONE,2,Manufacturer#4,3-MEDIUM,4,HOUSEHOLD,REG AIR,2,0.06,18,Brand#42,4,LG CAN,48,585,13735.8628
F,F,COLLECT COD,3,Manufacturer#4,5-LOW,0,MACHINERY,REG AIR,6,0.03,23,Brand#43,0,JUMBO CAN,38,586,53803.8144
F,F,NONE,4,Manufacturer#2,5-LOW,0,MACHINERY,TRUCK,4,0.05,4,Brand#21,0,MED JAR,6,586,22333.862
F,F,TAKE BACK RETURN,3,Manufacturer#1,3-MEDIUM,0,HOUSEHOLD,MAIL,1,0.07,6,Brand#11,0,LG BOX,23,587,10518.9084
F,F,TAKE BACK RETURN,3,Manufacturer#3,2-HIGH,1,MACHINERY,REG AIR,3,0,23,Brand#35,1,WRAP BOX,5,588,38719.71
F,F,TAKE BACK RETURN,2,Manufacturer#5,2-HIGH,1,MACHINERY,TRUCK,4,0.03,21,Brand#52,1,MED DRUM,7,588,8274.456
F,F,NONE,2,Manufacturer#3,2-HIGH,1,MACHINERY,MAIL,1,0.03,12,Brand#34,1,LG CAN,1,588,31899.042
F,F,DELIVER IN PERSON,0,Manufacturer#2,2-HIGH,1,AUTOMOBILE,REG AIR,3,0.06,5,Brand#21,17,MED PKG,10,589,36327.24
F,F,TAKE BACK RETURN,2,Manufacturer#3,2-HIGH,1,AUTOMOBILE,FOB,1,0.02,9,Brand#31,17,MED PKG,48,589,70204.878
F,F,DELIVER IN PERSON,4,Manufacturer#2,3-MEDIUM,0,MACHINERY,TRUCK,2,0.02,13,Brand#25,0,JUMBO BOX,11,590,46974.7278
F,F,DELIVER IN PERSON,0,Manufacturer#4,3-MEDIUM,0,MACHINERY,AIR,4,0.08,16,Brand#45,0,JUMBO CASE,4,590,23578.1328
F,F,TAKE BACK RETURN,3,Manufacturer#1,3-MEDIUM,0,MACHINERY,REG AIR,3,0.01,23,Brand#14,0,JUMBO CAN,7,590,19527.0075
F,F,DELIVER IN PERSON,4,Manufacturer#4,3-MEDIUM,0,MACHINERY,RAIL,5,0.01,13,Brand#45,0,SM JAR,33,590,57837.3822
F,F,TAKE BACK RETURN,0,Manufacturer#2,3-MEDIUM,0,MACHINERY,SHIP,1,0.01,0,Brand#25,0,JUMBO BOX,47,590,45404.1712
F,F,TAKE BACK RETURN,3,Manufacturer#1,1-URGENT,0,AUTOMOBILE,AIR,1,0.08,22,Brand#14,5,MED BOX,27,591,54711.0382
F,F,TAKE BACK RETURN,2,Manufacturer#4,5-LOW,1,FURNITURE,FOB,1,0.01,9,Brand#44,2,WRAP CASE,22,592,34777.44
F,F,NONE,0,Manufacturer#2,2-HIGH,4,AUTOMOBILE,AIR,2,0.03,15,Brand#25,13,MED CAN,33,593,47727.421
F,F,DELIVER IN PERSON,4,Manufacturer#4,3-MEDIUM,4,HOUSEHOLD,TRUCK,1,0.04,20,Brand#42,4,LG CASE,12,585,3901.14
F,F,TAKE BACK RETURN,1,Manufacturer#1,4-NOT SPECIFIED,3,MACHINERY,SHIP,3,0.07,3,Brand#11,7,WRAP CAN,22,594,12494.7459
F,F,NONE,2,Manufacturer#1,4-NOT SPECIFIED,2,HOUSEHOLD,AIR,3,0.01,12,Brand#11,18,WRAP CAN,39,595,39391.5158
F,F,COLLECT COD,3,Manufacturer#4,4-NOT SPECIFIED,3,HOUSEHOLD,TRUCK,1,0.05,7,Brand#43,7,JUMBO PACK,30,120,3636.6876
F,F,COLLECT COD,4,Manufacturer#2,4-NOT SPECIFIED,3,HOUSEHOLD,TRUCK,3,0.07,11,Brand#24,7,MED PACK,17,120,13799.1618
F,F,NONE,2,Manufacturer#5,4-NOT SPECIFIED,3,HOUSEHOLD,FOB,4,0.03,9,Brand#53,7,SM BOX,40,120,64089.792
F,F,NONE,1,Manufacturer#2,4-NOT SPECIFIED,3,HOUSEHOLD,SHIP,2,0.07,3,Brand#24,7,LG PACK,10,120,23328.9012
F,F,NONE,3,Manufacturer#5,1-URGENT,4,HOUSEHOLD,FOB,7,0.04,7,Brand#54,11,MED CASE,43,596,41584.5152
F,F,COLLECT COD,1,Manufacturer#1,1-URGENT,4,HOUSEHOLD,RAIL,6,0.08,3,Brand#15,11,LG BAG,44,596,49888.3968
F,F,COLLECT COD,2,Manufacturer#4,1-URGENT,4,HOUSEHOLD,TRUCK,2,0.05,12,Brand#41,11,JUMBO JAR,7,596,28686.5306
F,F,COLLECT COD,0,Manufacturer#3,1-URGENT,4,HOUSEHOLD,REG AIR,3,0.06,15,Brand#31,11,JUMBO CAN,18,596,18869.301
F,F,COLLECT COD,0,Manufacturer#3,1-URGENT,4,HOUSEHOLD,SHIP,1,0,16,Brand#35,11,SM PKG,10,596,20696.1642
F,F,TAKE BACK RETURN,3,Manufacturer#3,5-LOW,2,BUILDING,RAIL,1,0.02,6,Brand#35,8,MED BOX,13,597,43091.8488
F,F,TAKE BACK RETURN,3,Manufacturer#3,1-URGENT,3,BUILDING,MAIL,1,0.07,6,Brand#35,7,WRAP CAN,17,598,3096.449
F,F,NONE,0,Manufacturer#3,1-URGENT,3,BUILDING,AIR,4,0.02,14,Brand#35,7,JUMBO JAR,35,598,40602.69
F,F,COLLECT COD,0,Manufacturer#1,4-NOT SPECIFIED,3,MACHINERY,RAIL,1,0.04,5,Brand#13,22,SM BAG,30,599,42523.474
F,F,DELIVER IN PERSON,1,Manufacturer#5,4-NOT SPECIFIED,3,MACHINERY,RAIL,3,0,2,Brand#52,22,MED DRUM,27,599,51948.5724
F,F,COLLECT COD,1,Manufacturer#2,4-NOT SPECIFIED,3,MACHINERY,REG AIR,1,0.05,24,Brand#22,7,MED PKG,36,594,47348.6391
F,F,COLLECT COD,0,Manufacturer#2,2-HIGH,1,MACHINERY,MAIL,2,0.06,14,Brand#23,24,LG BOX,26,600,2817.5588
F,F,TAKE BACK RETURN,4,Manufacturer#2,2-HIGH,1,MACHINERY,SHIP,1,0,20,Brand#22,24,MED JAR,42,600,49666.0896
F,F,DELIVER IN PERSON,4,Manufacturer#5,2-HIGH,1,MACHINERY,FOB,6,0.03,10,Brand#51,24,LG CASE,38,600,28335.2832
F,F,COLLECT COD,1,Manufacturer#5,2-HIGH,1,MACHINERY,FOB,4,0.07,1,Brand#54,24,WRAP JAR,25,600,39730.933
F,F,COLLECT COD,2,Manufacturer#3,2-HIGH,1,MACHINERY,MAIL,7,0,18,Brand#35,24,SM DRUM,4,600,57233.385
F,F,DELIVER IN PERSON,4,Manufacturer#3,4-NOT SPECIFIED,2,FURNITURE,AIR,2,0.01,20,Brand#35,8,SM JAR,30,601,48517.007
F,F,NONE,2,Manufacturer#3,1-URGENT,3,MACHINERY,REG AIR,1,0,8,Brand#31,6,SM CASE,49,602,53611.285
F,F,NONE,2,Manufacturer#5,1-URGENT,0,BUILDING,SHIP,3,0.01,9,Brand#55,16,SM JAR,36,603,67105.584
F,F,DELIVER IN PERSON,2,Manufacturer#1,1-URGENT,0,BUILDING,TRUCK,1,0.07,21,Brand#15,16,WRAP CAN,44,603,869.5686
F,F,TAKE BACK RETURN,1,Manufacturer#1,4-NOT SPECIFIED,2,FURNITURE,TRUCK,3,0.04,17,Brand#11,8,WRAP PKG,20,601,40270.7656
F,F,DELIVER IN PERSON,1,Manufacturer#2,4-NOT SPECIFIED,2,FURNITURE,REG AIR,4,0.08,3,Brand#25,8,JUMBO PKG,29,601,56834.7516
F,F,DELIVER IN PERSON,1,Manufacturer#5,4-NOT SPECIFIED,2,FURNITURE,TRUCK,1,0.02,1,Brand#52,8,JUMBO CAN,38,601,74460.4392
F,F,TAKE BACK RETURN,0,Manufacturer#1,2-HIGH,0,MACHINERY,AIR,3,0.01,5,Brand#15,16,SM CAN,24,604,49252.48
F,F,COLLECT COD,0,Manufacturer#4,1-URGENT,3,MACHINERY,RAIL,1,0.02,16,Brand#42,19,LG BOX,22,605,71675.8515
F,F,NONE,1,Manufacturer#4,1-URGENT,2,BUILDING,MAIL,2,0.06,24,Brand#45,12,SM DRUM,49,606,23443.15
F,F,TAKE BACK RETURN,1,Manufacturer#3,1-URGENT,2,BUILDING,RAIL,3,0.03,2,Brand#31,12,WRAP CAN,3,606,17840.368
F,F,DELIVER IN PERSON,3,Manufacturer#3,1-URGENT,2,BUILDING,MAIL,5,0.02,19,Brand#32,12,JUMBO PACK,27,606,6404.58
F,F,COLLECT COD,4,Manufacturer#2,2-HIGH,3,AUTOMOBILE,RAIL,2,0.08,20,Brand#22,23,JUMBO DRUM,46,607,23045.386
F,F,TAKE BACK RETURN,0,Manufacturer#4,2-HIGH,3,AUTOMOBILE,REG AIR,1,0.06,15,Brand#44,23,WRAP JAR,28,607,40329.6656
F,F,TAKE BACK RETURN,3,Manufacturer#3,5-LOW,2,HOUSEHOLD,MAIL,2,0.07,6,Brand#33,12,JUMBO DRUM,49,608,53313.2928
F,F,NONE,0,Manufacturer#5,5-LOW,2,HOUSEHOLD,SHIP,1,0.07,5,Brand#55,12,JUMBO JAR,26,608,5235.8272
F,F,NONE,3,Manufacturer#2,5-LOW,2,HOUSEHOLD,RAIL,3,0.02,7,Brand#25,12,LG CAN,47,608,15048.4752
F,F,DELIVER IN PERSON,3,Manufacturer#5,2-HIGH,0,MACHINERY,SHIP,4,0.03,6,Brand#52,16,SM BOX,29,604,27508.4375
F,F,COLLECT COD,0,Manufacturer#1,5-LOW,2,FURNITURE,AIR,1,0.08,5,Brand#12,8,LG PKG,33,609,47427.36
F,F,TAKE BACK RETURN,4,Manufacturer#1,5-LOW,2,FURNITURE,RAIL,5,0.07,20,Brand#14,8,WRAP PKG,11,609,43080.6
F,F,DELIVER IN PERSON,0,Manufacturer#4,5-LOW,2,FURNITURE,REG AIR,6,0,0,Brand#41,8,SM PKG,17,609,45340.6464
F,F,DELIVER IN PERSON,0,Manufacturer#3,5-LOW,2,AUTOMOBILE,FOB,1,0.01,0,Brand#35,18,MED PKG,35,610,16245.82
F,F,COLLECT COD,0,Manufacturer#2,5-LOW,2,AUTOMOBILE,MAIL,4,0,16,Brand#22,18,LG DRUM,20,610,41038.0034
F,F,COLLECT COD,3,Manufacturer#4,1-URGENT,3,AUTOMOBILE,REG AIR,2,0.02,22,Brand#45,6,JUMBO BOX,48,611,15483.3792
F,F,DELIVER IN PERSON,2,Manufacturer#4,1-URGENT,4,BUILDING,TRUCK,2,0.02,18,Brand#43,11,MED JAR,27,612,82444.9536
F,F,DELIVER IN PERSON,1,Manufacturer#5,3-MEDIUM,4,FURNITURE,FOB,2,0.06,24,Brand#51,10,MED JAR,11,303,42420.602
F,F,NONE,3,Manufacturer#5,2-HIGH,3,FURNITURE,TRUCK,4,0.01,22,Brand#52,7,MED JAR,36,613,41738.4792
F,F,TAKE BACK RETURN,3,Manufacturer#5,2-HIGH,3,FURNITURE,SHIP,2,0.02,23,Brand#52,7,MED DRUM,7,613,51853.2576
F,F,COLLECT COD,2,Manufacturer#5,3-MEDIUM,0,MACHINERY,MAIL,2,0.01,9,Brand#53,5,LG PKG,23,614,31793.0886
F,F,DELIVER IN PERSON,1,Manufacturer#2,5-LOW,2,AUTOMOBILE,AIR,2,0.03,2,Brand#22,12,LG JAR,35,615,21909.7956
F,F,TAKE BACK RETURN,0,Manufacturer#2,5-LOW,2,AUTOMOBILE,RAIL,1,0.01,5,Brand#24,12,JUMBO BOX,26,615,35154.511
F,F,DELIVER IN PERSON,2,Manufacturer#3,2-HIGH,2,BUILDING,TRUCK,5,0.06,8,Brand#35,21,MED BOX,13,222,15869.4745
F,F,NONE,0,Manufacturer#4,2-HIGH,2,BUILDING,FOB,2,0.06,16,Brand#41,21,SM CASE,5,222,45837.9702
F,F,TAKE BACK RETURN,4,Manufacturer#2,2-HIGH,2,BUILDING,SHIP,1,0.07,13,Brand#23,21,MED JAR,9,222,60142.9392
F,F,NONE,2,Manufacturer#4,2-HIGH,2,BUILDING,RAIL,4,0.04,9,Brand#44,21,LG CAN,21,222,36096.06
F,F,NONE,2,Manufacturer#5,1-URGENT,3,AUTOMOBILE,RAIL,7,0.05,12,Brand#51,6,LG CASE,33,611,20587.3542
F,F,TAKE BACK RETURN,0,Manufacturer#5,1-URGENT,3,AUTOMOBILE,REG AIR,3,0.06,15,Brand#54,6,LG BAG,47,611,57535.296
F,F,COLLECT COD,1,Manufacturer#5,5-LOW,2,FURNITURE,AIR,2,0.05,1,Brand#53,9,JUMBO BAG,48,616,59423.2
F,F,COLLECT COD,1,Manufacturer#4,2-HIGH,1,HOUSEHOLD,FOB,5,0.06,2,Brand#41,1,JUMBO PKG,3,617,27601.3584
F,F,COLLECT COD,4,Manufacturer#2,2-HIGH,1,HOUSEHOLD,REG AIR,2,0.08,10,Brand#23,1,JUMBO PACK,12,617,5636.616
F,F,COLLECT COD,2,Manufacturer#5,2-HIGH,1,HOUSEHOLD,RAIL,4,0,12,Brand#54,1,JUMBO BOX,49,617,10589.16
F,F,COLLECT COD,3,Manufacturer#5,3-MEDIUM,0,BUILDING,TRUCK,3,0.08,19,Brand#55,5,WRAP BAG,22,618,60843.2784
F,F,COLLECT COD,0,Manufacturer#5,3-MEDIUM,0,BUILDING,MAIL,5,0.07,0,Brand#55,5,SM BOX,10,618,32740.73
F,F,COLLECT COD,3,Manufacturer#1,3-MEDIUM,0,BUILDING,REG AIR,1,0.03,23,Brand#15,5,MED PACK,30,618,11327.877
F,F,COLLECT COD,4,Manufacturer#5,1-URGENT,0,AUTOMOBILE,MAIL,5,0.05,4,Brand#51,14,LG CASE,15,619,2653.407
F,F,TAKE BACK RETURN,3,Manufacturer#5,1-URGENT,0,AUTOMOBILE,SHIP,7,0.08,7,Brand#53,14,LG PACK,46,619,33912.9346
F,F,COLLECT COD,0,Manufacturer#3,1-URGENT,0,AUTOMOBILE,REG AIR,4,0.06,15,Brand#35,14,JUMBO PKG,8,619,52850.763
F,F,DELIVER IN PERSON,1,Manufacturer#1,1-URGENT,0,AUTOMOBILE,MAIL,2,0.04,2,Brand#12,14,MED PKG,15,619,39351.8136
F,F,DELIVER IN PERSON,1,Manufacturer#1,1-URGENT,0,AUTOMOBILE,FOB,6,0.04,17,Brand#15,14,MED CASE,13,619,50291.269
F,F,TAKE BACK RETURN,4,Manufacturer#2,1-URGENT,0,AUTOMOBILE,MAIL,1,0,4,Brand#23,14,SM DRUM,15,619,3632.6403
F,F,NONE,2,Manufacturer#5,4-NOT SPECIFIED,0,HOUSEHOLD,SHIP,2,0.08,12,Brand#51,15,MED CASE,16,620,50552.0156
F,F,TAKE BACK RETURN,1,Manufacturer#4,4-NOT SPECIFIED,0,HOUSEHOLD,MAIL,1,0,3,Brand#44,15,MED JAR,27,620,4368.6324
F,F,NONE,2,Manufacturer#4,4-NOT SPECIFIED,0,HOUSEHOLD,AIR,3,0.02,12,Brand#45,15,SM PACK,6,620,5485.2627
F,F,DELIVER IN PERSON,3,Manufacturer#2,2-HIGH,4,AUTOMOBILE,MAIL,1,0.08,22,Brand#24,10,MED BOX,41,371,44416.281
F,F,NONE,2,Manufacturer#1,5-LOW,3,MACHINERY,REG AIR,1,0,21,Brand#13,22,MED PACK,47,475,41152.2306
F,F,TAKE BACK RETURN,1,Manufacturer#4,5-LOW,3,MACHINERY,RAIL,3,0,24,Brand#43,22,SM BOX,18,475,10399.6319
F,F,DELIVER IN PERSON,3,Manufacturer#3,5-LOW,3,MACHINERY,FOB,7,0.04,7,Brand#31,22,LG PKG,9,475,20711.4816
F,F,COLLECT COD,2,Manufacturer#4,5-LOW,3,MACHINERY,REG AIR,2,0.05,9,Brand#41,22,SM PACK,26,475,33962.976
F,F,DELIVER IN PERSON,1,Manufacturer#1,5-LOW,1,BUILDING,MAIL,1,0.01,17,Brand#14,3,MED CAN,40,621,31420.2602
F,F,COLLECT COD,2,Manufacturer#1,5-LOW,1,BUILDING,MAIL,3,0.03,21,Brand#12,3,MED JAR,21,621,11634.48
F,F,DELIVER IN PERSON,4,Manufacturer#5,5-LOW,3,BUILDING,TRUCK,1,0.06,10,Brand#55,19,WRAP PKG,34,622,54368.8416
F,F,COLLECT COD,1,Manufacturer#3,5-LOW,3,BUILDING,REG AIR,4,0.02,17,Brand#31,19,MED CAN,30,622,17676.8676
F,F,TAKE BACK RETURN,2,Manufacturer#5,1-URGENT,0,BUILDING,REG AIR,6,0.05,18,Brand#51,16,MED CAN,11,623,5783.4504
F,F,DELIVER IN PERSON,1,Manufacturer#3,5-LOW,0,FURNITURE,SHIP,2,0,2,Brand#32,5,MED PKG,13,624,15681.061
F,F,NONE,3,Manufacturer#2,2-HIGH,4,AUTOMOBILE,REG AIR,3,0,7,Brand#23,13,JUMBO PACK,15,625,5227.3848
F,F,COLLECT COD,0,Manufacturer#2,2-HIGH,4,AUTOMOBILE,SHIP,2,0.08,15,Brand#25,13,MED PACK,38,625,11267.5745
F,F,DELIVER IN PERSON,3,Manufacturer#1,2-HIGH,4,AUTOMOBILE,MAIL,1,0,7,Brand#15,13,LG DRUM,45,625,61413.66
F,F,TAKE BACK RETURN,2,Manufacturer#2,2-HIGH,0,AUTOMOBILE,TRUCK,1,0.05,18,Brand#22,5,MED DRUM,15,626,32451.6618
F,F,DELIVER IN PERSON,4,Manufacturer#2,2-HIGH,0,AUTOMOBILE,REG AIR,6,0.07,4,Brand#21,5,LG BAG,33,626,48361.677
F,F,NONE,4,Manufacturer#4,2-HIGH,0,AUTOMOBILE,REG AIR,3,0,13,Brand#43,5,MED PACK,37,626,32594.5323
F,F,COLLECT COD,4,Manufacturer#4,4-NOT SPECIFIED,4,MACHINERY,SHIP,3,0.02,11,Brand#45,11,LG BOX,8,627,54807.1029
F,F,COLLECT COD,2,Manufacturer#2,4-NOT SPECIFIED,3,MACHINERY,RAIL,5,0.04,9,Brand#22,6,LG PKG,16,628,23325.75
F,F,COLLECT COD,4,Manufacturer#2,4-NOT SPECIFIED,3,MACHINERY,AIR,2,0.08,20,Brand#22,6,MED BAG,38,628,13598.0845
F,F,TAKE BACK RETURN,0,Manufacturer#4,4-NOT SPECIFIED,3,MACHINERY,SHIP,3,0.03,16,Brand#45,6,LG CASE,11,628,40122.1548
F,F,TAKE BACK RETURN,2,Manufacturer#1,1-URGENT,2,AUTOMOBILE,MAIL,1,0.06,9,Brand#13,9,MED BAG,23,629,25110.5444
F,F,TAKE BACK RETURN,0,Manufacturer#4,1-URGENT,2,AUTOMOBILE,MAIL,5,0.04,0,Brand#45,9,MED CAN,46,629,24106.1184
F,F,NONE,4,Manufacturer#3,1-URGENT,2,AUTOMOBILE,SHIP,6,0.02,4,Brand#34,9,MED JAR,35,629,47249.3568
F,F,TAKE BACK RETURN,4,Manufacturer#2,1-URGENT,0,BUILDING,FOB,3,0.04,11,Brand#21,16,JUMBO CAN,8,623,64056.0452
F,F,NONE,3,Manufacturer#5,1-URGENT,0,BUILDING,RAIL,7,0.06,23,Brand#53,16,JUMBO PKG,33,623,65558.3544
F,F,TAKE BACK RETURN,3,Manufacturer#2,1-URGENT,0,BUILDING,SHIP,1,0.06,6,Brand#21,16,SM BOX,17,623,41904.918
F,F,DELIVER IN PERSON,4,Manufacturer#4,5-LOW,3,MACHINERY,REG AIR,3,0.03,20,Brand#44,22,SM BOX,9,630,39094.56
F,F,COLLECT COD,2,Manufacturer#2,5-LOW,3,MACHINERY,RAIL,2,0.01,9,Brand#24,22,JUMBO CAN,29,630,1451.1456
F,F,TAKE BACK RETURN,2,Manufacturer#1,2-HIGH,1,BUILDING,RAIL,3,0.07,21,Brand#15,3,WRAP BAG,5,621,13055.214
F,F,TAKE BACK RETURN,2,Manufacturer#3,2-HIGH,1,BUILDING,TRUCK,2,0.05,21,Brand#34,3,SM PKG,2,621,37063.26
F,F,NONE,1,Manufacturer#3,3-MEDIUM,4,AUTOMOBILE,AIR,1,0.06,17,Brand#31,13,LG CAN,18,631,14084.064
F,F,TAKE BACK RETURN,2,Manufacturer#5,3-MEDIUM,4,AUTOMOBILE,RAIL,3,0.01,9,Brand#53,13,WRAP CAN,45,631,33764.3328
F,F,DELIVER IN PERSON,2,Manufacturer#3,3-MEDIUM,4,AUTOMOBILE,MAIL,2,0.07,8,Brand#33,13,WRAP PKG,10,631,49090.6325
F,F,TAKE BACK RETURN,4,Manufacturer#4,2-HIGH,1,BUILDING,REG AIR,1,0.02,4,Brand#42,3,JUMBO PKG,12,621,39856.091
F,F,TAKE BACK RETURN,4,Manufacturer#1,4-NOT SPECIFIED,2,HOUSEHOLD,MAIL,5,0.05,4,Brand#11,8,MED DRUM,14,632,46997.3439
F,F,NONE,2,Manufacturer#5,4-NOT SPECIFIED,2,HOUSEHOLD,FOB,4,0.01,12,Brand#52,8,SM PACK,34,632,59327.9643
F,F,DELIVER IN PERSON,1,Manufacturer#5,2-HIGH,0,MACHINERY,FOB,1,0.06,1,Brand#52,0,JUMBO PACK,35,633,64447.8195
F,F,COLLECT COD,1,Manufacturer#2,1-URGENT,1,AUTOMOBILE,REG AIR,3,0.02,2,Brand#21,24,MED CASE,2,634,3726.432
F,F,DELIVER IN PERSON,4,Manufacturer#2,1-URGENT,1,FURNITURE,RAIL,3,0.03,11,Brand#24,17,WRAP DRUM,17,635,6691.545
F,F,DELIVER IN PERSON,0,Manufacturer#5,1-URGENT,1,FURNITURE,MAIL,1,0.02,15,Brand#54,17,MED DRUM,24,635,26285.2443
F,F,DELIVER IN PERSON,2,Manufacturer#1,1-URGENT,1,FURNITURE,SHIP,2,0.05,8,Brand#15,17,WRAP PKG,23,635,20607.8142
F,F,TAKE BACK RETURN,3,Manufacturer#1,1-URGENT,1,FURNITURE,SHIP,4,0.03,22,Brand#11,17,JUMBO PKG,20,635,39594.24
F,F,NONE,3,Manufacturer#5,1-URGENT,2,HOUSEHOLD,TRUCK,1,0.06,6,Brand#55,8,SM CASE,22,636,3562.407
F,F,COLLECT COD,2,Manufacturer#1,1-URGENT,2,HOUSEHOLD,MAIL,2,0.06,18,Brand#12,8,JUMBO DRUM,36,636,2095.0656
F,F,DELIVER IN PERSON,3,Manufacturer#4,1-URGENT,4,FURNITURE,MAIL,2,0.05,6,Brand#42,13,JUMBO PKG,19,637,10925.7848
F,F,COLLECT COD,3,Manufacturer#4,1-URGENT,3,AUTOMOBILE,REG AIR,1,0.08,19,Brand#44,22,SM PKG,46,638,50887.529
F,F,COLLECT COD,4,Manufacturer#5,3-MEDIUM,3,MACHINERY,AIR,5,0.05,20,Brand#53,6,JUMBO DRUM,9,628,9940.6656
F,F,DELIVER IN PERSON,1,Manufacturer#5,3-MEDIUM,3,MACHINERY,MAIL,3,0.01,2,Brand#55,6,LG PKG,35,628,55990.326
F,F,DELIVER IN PERSON,0,Manufacturer#3,1-URGENT,4,HOUSEHOLD,AIR,1,0,15,Brand#33,13,JUMBO BOX,45,639,22191.7085
F,F,COLLECT COD,3,Manufacturer#3,5-LOW,3,MACHINERY,REG AIR,1,0.06,22,Brand#33,23,MED DRUM,6,640,21103.8828
F,F,TAKE BACK RETURN,1,Manufacturer#2,5-LOW,3,MACHINERY,RAIL,2,0.06,3,Brand#25,23,SM PACK,11,640,63623.3689
F,F,COLLECT COD,4,Manufacturer#2,1-URGENT,4,FURNITURE,AIR,1,0.02,10,Brand#24,13,WRAP PKG,29,637,19640.4544
F,F,COLLECT COD,3,Manufacturer#4,3-MEDIUM,3,FURNITURE,AIR,3,0.01,6,Brand#41,7,WRAP CASE,21,641,48137.544
F,F,TAKE BACK RETURN,0,Manufacturer#5,4-NOT SPECIFIED,1,BUILDING,FOB,5,0.05,0,Brand#55,24,SM CASE,22,642,49901.553
F,F,DELIVER IN PERSON,0,Manufacturer#1,4-NOT SPECIFIED,1,BUILDING,REG AIR,2,0.07,15,Brand#11,24,WRAP CASE,20,642,46050.14
F,F,DELIVER IN PERSON,1,Manufacturer#4,4-NOT SPECIFIED,1,BUILDING,MAIL,6,0.03,17,Brand#41,24,SM JAR,44,642,47173.392
F,F,TAKE BACK RETURN,3,Manufacturer#2,4-NOT SPECIFIED,1,BUILDING,REG AIR,7,0.02,22,Brand#24,24,SM DRUM,27,642,27820.702
F,F,COLLECT COD,4,Manufacturer#3,4-NOT SPECIFIED,1,BUILDING,SHIP,4,0.04,10,Brand#31,24,LG CASE,26,642,56003.038
F,F,TAKE BACK RETURN,2,Manufacturer#1,4-NOT SPECIFIED,1,BUILDING,SHIP,3,0.03,18,Brand#15,24,MED PKG,47,642,64990.241
F,F,NONE,3,Manufacturer#3,4-NOT SPECIFIED,1,BUILDING,TRUCK,1,0.01,22,Brand#35,24,SM PACK,4,642,49661.6274
F,F,COLLECT COD,0,Manufacturer#4,5-LOW,1,MACHINERY,TRUCK,3,0.08,14,Brand#41,1,WRAP BOX,27,643,34017.7728
F,F,NONE,4,Manufacturer#1,3-MEDIUM,1,BUILDING,MAIL,1,0.02,20,Brand#14,24,JUMBO PACK,25,644,52921.9584
F,F,NONE,4,Manufacturer#5,3-MEDIUM,1,BUILDING,AIR,3,0.07,11,Brand#51,24,JUMBO PKG,35,644,24323.04
F,F,DELIVER IN PERSON,2,Manufacturer#5,1-URGENT,4,AUTOMOBILE,RAIL,4,0,21,Brand#51,13,MED DRUM,9,645,31940.0316
F,F,COLLECT COD,4,Manufacturer#2,4-NOT SPECIFIED,3,MACHINERY,AIR,1,0.03,4,Brand#23,23,MED PACK,32,646,40317.075
F,F,DELIVER IN PERSON,1,Manufacturer#4,5-LOW,4,FURNITURE,TRUCK,3,0.04,1,Brand#42,4,MED PACK,20,647,6101.486
F,F,NONE,0,Manufacturer#4,5-LOW,4,FURNITURE,RAIL,4,0,5,Brand#41,4,LG PACK,7,647,38188.962
F,F,TAKE BACK RETURN,1,Manufacturer#2,5-LOW,4,FURNITURE,MAIL,1,0.01,17,Brand#24,4,WRAP BAG,44,647,35158.662
F,F,COLLECT COD,2,Manufacturer#1,4-NOT SPECIFIED,3,BUILDING,MAIL,6,0.01,21,Brand#13,6,WRAP JAR,10,648,2143.618
F,F,DELIVER IN PERSON,4,Manufacturer#4,4-NOT SPECIFIED,3,BUILDING,FOB,7,0.07,4,Brand#41,6,LG CASE,35,648,28458.43
F,F,COLLECT COD,3,Manufacturer#4,5-LOW,1,MACHINERY,TRUCK,1,0.03,23,Brand#42,1,SM BAG,35,643,54585.984
F,F,TAKE BACK RETURN,3,Manufacturer#3,5-LOW,1,MACHINERY,REG AIR,4,0.02,19,Brand#31,1,MED JAR,8,643,56269.8164
F,F,COLLECT COD,3,Manufacturer#4,1-URGENT,3,AUTOMOBILE,SHIP,6,0.01,22,Brand#42,7,SM BAG,1,649,1816.457
F,F,NONE,4,Manufacturer#1,2-HIGH,3,MACHINERY,MAIL,4,0.02,20,Brand#14,19,SM CASE,29,650,14307.2944
F,F,TAKE BACK RETURN,3,Manufacturer#4,2-HIGH,3,MACHINERY,TRUCK,3,0.07,7,Brand#45,19,LG CAN,18,650,64386.132
F,F,TAKE BACK RETURN,4,Manufacturer#5,1-URGENT,3,AUTOMOBILE,SHIP,4,0.03,10,Brand#53,7,SM CASE,17,649,62732.661
F,F,COLLECT COD,3,Manufacturer#4,1-URGENT,3,AUTOMOBILE,SHIP,3,0.01,7,Brand#44,7,LG DRUM,9,649,32123.6916
F,F,TAKE BACK RETURN,0,Manufacturer#2,5-LOW,0,BUILDING,SHIP,3,0.04,5,Brand#21,16,MED PACK,30,272,14197.554
F,F,DELIVER IN PERSON,2,Manufacturer#3,4-NOT SPECIFIED,2,AUTOMOBILE,FOB,5,0.04,21,Brand#32,18,SM PKG,6,651,39282.0516
F,F,TAKE BACK RETURN,2,Manufacturer#4,2-HIGH,3,FURNITURE,TRUCK,4,0,18,Brand#44,6,LG PKG,10,652,37076.5704
F,F,TAKE BACK RETURN,4,Manufacturer#4,2-HIGH,3,FURNITURE,AIR,5,0.04,13,Brand#41,6,SM BOX,28,652,36373.59
F,F,DELIVER IN PERSON,1,Manufacturer#2,5-LOW,3,FURNITURE,RAIL,4,0.04,1,Brand#24,23,WRAP CAN,15,653,42431.4618
F,F,TAKE BACK RETURN,4,Manufacturer#4,5-LOW,3,FURNITURE,MAIL,3,0.03,11,Brand#45,23,MED DRUM,21,653,989.0892
F,F,DELIVER IN PERSON,3,Manufacturer#3,5-LOW,3,FURNITURE,REG AIR,1,0,6,Brand#32,23,MED PKG,1,653,23320.2162
F,F,TAKE BACK RETURN,4,Manufacturer#2,5-LOW,3,FURNITURE,AIR,2,0.03,13,Brand#24,23,MED DRUM,1,653,14384.547
F,F,TAKE BACK RETURN,1,Manufacturer#4,5-LOW,3,FURNITURE,RAIL,5,0.02,17,Brand#41,23,SM JAR,48,653,77179.8258
F,F,NONE,2,Manufacturer#3,5-LOW,3,FURNITURE,AIR,6,0.02,21,Brand#34,23,LG BOX,5,653,49512.19
F,F,COLLECT COD,0,Manufacturer#2,5-LOW,0,BUILDING,TRUCK,6,0,16,Brand#23,16,JUMBO PKG,27,272,5403.5632
F,F,DELIVER IN PERSON,1,Manufacturer#2,5-LOW,0,BUILDING,AIR,1,0,1,Brand#24,16,LG DRUM,20,272,61465.472
F,F,COLLECT COD,0,Manufacturer#2,1-URGENT,3,AUTOMOBILE,TRUCK,2,0.07,0,Brand#21,7,JUMBO JAR,13,654,8346.429
F,F,NONE,2,Manufacturer#5,3-MEDIUM,2,BUILDING,TRUCK,1,0.07,12,Brand#55,12,MED CAN,46,52,41501.2221
F,F,COLLECT COD,0,Manufacturer#4,3-MEDIUM,2,BUILDING,TRUCK,6,0,14,Brand#43,12,LG CAN,43,52,24217.48
F,F,NONE,0,Manufacturer#3,3-MEDIUM,4,MACHINERY,SHIP,2,0.01,15,Brand#33,11,SM CAN,48,655,9860.2504
F,F,NONE,2,Manufacturer#3,3-MEDIUM,4,MACHINERY,MAIL,1,0.05,12,Brand#32,11,LG BOX,32,655,21615.62
F,F,COLLECT COD,4,Manufacturer#5,3-MEDIUM,4,MACHINERY,SHIP,3,0.03,13,Brand#55,11,MED DRUM,32,655,21062.0844
F,F,DELIVER IN PERSON,3,Manufacturer#3,5-LOW,2,BUILDING,MAIL,3,0.08,23,Brand#33,12,MED PACK,22,656,72020.36
F,F,NONE,3,Manufacturer#3,5-LOW,2,BUILDING,SHIP,5,0.08,7,Brand#35,12,JUMBO CASE,42,656,41391.882
F,F,NONE,1,Manufacturer#4,4-NOT SPECIFIED,2,AUTOMOBILE,RAIL,1,0.03,2,Brand#42,18,MED BOX,37,651,76176.525
F,F,TAKE BACK RETURN,4,Manufacturer#4,4-NOT SPECIFIED,2,AUTOMOBILE,MAIL,2,0.08,4,Brand#41,18,WRAP PACK,7,651,25579.8816
F,F,TAKE BACK RETURN,1,Manufacturer#5,4-NOT SPECIFIED,2,AUTOMOBILE,TRUCK,7,0.01,17,Brand#55,18,SM BOX,45,651,21792.2796
F,F,DELIVER IN PERSON,1,Manufacturer#4,4-NOT SPECIFIED,4,HOUSEHOLD,AIR,6,0,3,Brand#41,11,WRAP CASE,24,657,1649.73
F,F,COLLECT COD,1,Manufacturer#1,4-NOT SPECIFIED,4,HOUSEHOLD,TRUCK,5,0.04,3,Brand#13,11,MED PKG,11,657,33658.254
F,F,DELIVER IN PERSON,2,Manufacturer#5,4-NOT SPECIFIED,4,HOUSEHOLD,AIR,3,0.08,18,Brand#53,11,JUMBO BAG,10,657,2600.3358
F,F,TAKE BACK RETURN,2,Manufacturer#3,4-NOT SPECIFIED,4,HOUSEHOLD,AIR,7,0.08,12,Brand#33,11,JUMBO DRUM,18,657,66336.19
F,F,TAKE BACK RETURN,0,Manufacturer#1,4-NOT SPECIFIED,4,HOUSEHOLD,FOB,2,0.03,0,Brand#14,11,LG PACK,1,657,15199.254
F,F,DELIVER IN PERSON,4,Manufacturer#2,4-NOT SPECIFIED,4,HOUSEHOLD,AIR,4,0.07,13,Brand#24,11,WRAP DRUM,36,657,49874.643
F,F,NONE,0,Manufacturer#4,4-NOT SPECIFIED,1,MACHINERY,TRUCK,6,0.01,5,Brand#41,2,JUMBO CAN,20,658,72490.8548
F,F,COLLECT COD,3,Manufacturer#2,2-HIGH,4,MACHINERY,TRUCK,2,0,22,Brand#23,11,WRAP BAG,2,659,70736.575
F,F,COLLECT COD,3,Manufacturer#1,2-HIGH,1,HOUSEHOLD,TRUCK,4,0.07,23,Brand#13,3,LG CAN,18,660,45560.5508
F,F,NONE,4,Manufacturer#3,2-HIGH,1,HOUSEHOLD,FOB,5,0.02,11,Brand#32,3,LG CASE,30,660,31810.968
F,F,NONE,3,Manufacturer#1,2-HIGH,1,HOUSEHOLD,REG AIR,1,0.06,7,Brand#14,3,LG BOX,18,660,44759.6604
F,F,NONE,2,Manufacturer#1,5-LOW,4,AUTOMOBILE,REG AIR,2,0,18,Brand#12,4,SM DRUM,36,661,43664.184
F,F,COLLECT COD,0,Manufacturer#1,2-HIGH,3,BUILDING,MAIL,1,0.05,0,Brand#12,7,WRAP CASE,35,598,27081.8912
F,F,DELIVER IN PERSON,4,Manufacturer#1,4-NOT SPECIFIED,1,MACHINERY,TRUCK,2,0.07,10,Brand#14,2,SM CASE,7,658,71703.67
F,F,COLLECT COD,2,Manufacturer#1,4-NOT SPECIFIED,1,MACHINERY,RAIL,7,0.03,18,Brand#14,2,WRAP CASE,39,658,81582.1776
F,F,DELIVER IN PERSON,3,Manufacturer#1,4-NOT SPECIFIED,1,MACHINERY,SHIP,3,0.03,19,Brand#14,2,JUMBO JAR,17,658,30626.328
F,F,NONE,3,Manufacturer#4,5-LOW,1,BUILDING,TRUCK,4,0.04,23,Brand#45,24,WRAP DRUM,20,662,17595.8325
F,F,COLLECT COD,4,Manufacturer#4,5-LOW,1,BUILDING,SHIP,3,0.07,4,Brand#45,24,LG BOX,31,662,32199.8985
F,F,NONE,2,Manufacturer#3,3-MEDIUM,2,BUILDING,MAIL,5,0,12,Brand#35,9,LG PKG,4,663,55365.12
F,F,DELIVER IN PERSON,1,Manufacturer#4,1-URGENT,1,FURNITURE,RAIL,2,0.06,2,Brand#43,3,LG PKG,48,664,54743.598
F,F,NONE,2,Manufacturer#4,1-URGENT,1,FURNITURE,SHIP,4,0.07,12,Brand#45,3,WRAP BAG,34,664,52817.8256
F,F,DELIVER IN PERSON,4,Manufacturer#3,1-URGENT,1,FURNITURE,RAIL,1,0.05,20,Brand#34,3,MED BAG,5,664,67796.38
F,F,DELIVER IN PERSON,2,Manufacturer#3,1-URGENT,1,BUILDING,SHIP,1,0,12,Brand#35,1,MED DRUM,19,665,46533.3792
F,F,COLLECT COD,0,Manufacturer#2,3-MEDIUM,2,BUILDING,MAIL,2,0.03,15,Brand#21,9,WRAP JAR,43,663,8220.8511
F,F,COLLECT COD,0,Manufacturer#1,3-MEDIUM,2,BUILDING,REG AIR,1,0.05,15,Brand#12,9,WRAP CASE,20,663,11708.864
F,F,NONE,1,Manufacturer#2,3-MEDIUM,2,BUILDING,TRUCK,4,0.07,17,Brand#24,9,SM CASE,19,663,25073.8686
F,F,TAKE BACK RETURN,3,Manufacturer#1,3-MEDIUM,2,BUILDING,MAIL,3,0.03,7,Brand#14,9,WRAP CAN,41,663,25495.3286
F,F,DELIVER IN PERSON,4,Manufacturer#3,5-LOW,4,AUTOMOBILE,TRUCK,5,0.06,10,Brand#31,20,LG BAG,42,666,13493.025
F,F,TAKE BACK RETURN,0,Manufacturer#3,4-NOT SPECIFIED,2,MACHINERY,TRUCK,1,0.02,14,Brand#31,12,SM PKG,29,667,27877.0337
F,F,TAKE BACK RETURN,4,Manufacturer#4,4-NOT SPECIFIED,2,MACHINERY,SHIP,2,0.07,10,Brand#41,12,LG BOX,19,667,25519.9444
F,F,TAKE BACK RETURN,3,Manufacturer#1,1-URGENT,3,MACHINERY,MAIL,5,0.02,6,Brand#13,6,MED PACK,42,668,24322.0032
F,F,TAKE BACK RETURN,2,Manufacturer#3,1-URGENT,3,MACHINERY,TRUCK,3,0.08,12,Brand#31,6,JUMBO CASE,6,668,15559.29
F,F,TAKE BACK RETURN,0,Manufacturer#3,5-LOW,4,AUTOMOBILE,REG AIR,6,0.02,14,Brand#32,20,JUMBO JAR,11,666,30023.464
F,F,DELIVER IN PERSON,1,Manufacturer#5,5-LOW,4,AUTOMOBILE,FOB,3,0.02,1,Brand#53,20,LG BOX,10,666,32879.8404
F,F,TAKE BACK RETURN,4,Manufacturer#1,5-LOW,0,FURNITURE,MAIL,5,0.05,11,Brand#14,16,WRAP BOX,40,669,48934.88
F,F,NONE,2,Manufacturer#4,5-LOW,0,FURNITURE,AIR,2,0,9,Brand#44,16,JUMBO JAR,44,669,65003.85
F,F,NONE,1,Manufacturer#1,5-LOW,0,FURNITURE,MAIL,1,0.08,1,Brand#15,16,SM DRUM,8,669,49879.522
F,F,TAKE BACK RETURN,2,Manufacturer#1,5-LOW,0,FURNITURE,AIR,4,0,21,Brand#15,16,WRAP JAR,44,669,29979.359
F,F,COLLECT COD,4,Manufacturer#5,3-MEDIUM,3,MACHINERY,AIR,4,0.01,10,Brand#55,22,LG CAN,3,359,12339.7632
F,F,COLLECT COD,4,Manufacturer#4,3-MEDIUM,3,MACHINERY,SHIP,3,0.08,4,Brand#42,22,WRAP CASE,23,359,50077.9412
F,F,COLLECT COD,0,Manufacturer#3,3-MEDIUM,3,MACHINERY,SHIP,2,0,15,Brand#32,22,JUMBO PKG,47,359,28500.4992
F,F,DELIVER IN PERSON,4,Manufacturer#1,2-HIGH,2,FURNITURE,SHIP,1,0.06,10,Brand#12,21,LG JAR,1,670,8175.9636
F,F,COLLECT COD,4,Manufacturer#5,4-NOT SPECIFIED,1,FURNITURE,SHIP,4,0.02,13,Brand#54,24,SM BAG,43,671,30484.1724
F,F,TAKE BACK RETURN,0,Manufacturer#5,1-URGENT,3,AUTOMOBILE,MAIL,2,0.08,15,Brand#52,22,SM DRUM,36,672,51405.7635
F,F,COLLECT COD,3,Manufacturer#1,1-URGENT,3,AUTOMOBILE,FOB,1,0,19,Brand#15,22,LG PKG,47,672,32946.54
F,F,TAKE BACK RETURN,0,Manufacturer#2,3-MEDIUM,1,HOUSEHOLD,FOB,1,0.08,14,Brand#23,24,MED CAN,46,673,68722.0352
F,F,NONE,3,Manufacturer#5,1-URGENT,3,HOUSEHOLD,FOB,2,0.07,7,Brand#53,22,MED JAR,17,674,71296.9713
F,F,TAKE BACK RETURN,4,Manufacturer#4,1-URGENT,3,HOUSEHOLD,FOB,1,0.05,20,Brand#44,22,MED CASE,40,674,51852.24
F,F,DELIVER IN PERSON,3,Manufacturer#3,4-NOT SPECIFIED,4,BUILDING,MAIL,4,0.08,22,Brand#33,10,JUMBO PKG,7,675,6059.955
F,F,TAKE BACK RETURN,0,Manufacturer#2,4-NOT SPECIFIED,4,BUILDING,FOB,2,0.04,0,Brand#24,10,SM BAG,18,675,1550.0464
F,F,COLLECT COD,2,Manufacturer#5,3-MEDIUM,1,HOUSEHOLD,RAIL,2,0.04,21,Brand#51,24,WRAP JAR,34,673,9937.4366
F,F,TAKE BACK RETURN,0,Manufacturer#4,5-LOW,3,BUILDING,FOB,2,0.08,5,Brand#42,19,MED DRUM,45,7,45899.4432
F,F,TAKE BACK RETURN,2,Manufacturer#1,5-LOW,3,FURNITURE,TRUCK,4,0.01,12,Brand#13,19,JUMBO BOX,17,676,28098.4704
F,F,TAKE BACK RETURN,1,Manufacturer#3,5-LOW,3,FURNITURE,SHIP,1,0.07,24,Brand#33,19,WRAP BOX,25,676,1018.5425
F,F,DELIVER IN PERSON,3,Manufacturer#5,5-LOW,3,FURNITURE,AIR,2,0.05,23,Brand#55,19,SM BOX,44,676,14138.8128
F,F,COLLECT COD,4,Manufacturer#1,3-MEDIUM,0,BUILDING,RAIL,5,0.04,13,Brand#11,14,LG CASE,9,677,25164.126
F,F,TAKE BACK RETURN,4,Manufacturer#2,1-URGENT,2,AUTOMOBILE,MAIL,1,0.06,11,Brand#24,21,LG CAN,2,678,64193.4
F,F,COLLECT COD,1,Manufacturer#5,1-URGENT,2,AUTOMOBILE,RAIL,3,0.08,17,Brand#52,21,LG CASE,47,678,18483.84
F,F,NONE,2,Manufacturer#3,5-LOW,2,FURNITURE,FOB,1,0.06,9,Brand#33,9,LG CAN,22,679,91199.52
F,F,TAKE BACK RETURN,2,Manufacturer#4,1-URGENT,2,MACHINERY,REG AIR,4,0.03,18,Brand#44,18,JUMBO JAR,43,680,60898.565
F,F,NONE,4,Manufacturer#2,1-URGENT,2,MACHINERY,MAIL,1,0.07,11,Brand#23,18,MED DRUM,11,680,15726.9789
F,F,TAKE BACK RETURN,3,Manufacturer#3,2-HIGH,0,MACHINERY,MAIL,2,0.01,22,Brand#32,5,MED DRUM,10,681,26496.288
F,F,NONE,3,Manufacturer#3,2-HIGH,0,MACHINERY,FOB,5,0.06,19,Brand#32,5,SM PKG,13,681,9266.976
F,F,TAKE BACK RETURN,3,Manufacturer#3,2-HIGH,0,MACHINERY,AIR,4,0.02,22,Brand#33,5,LG PKG,38,681,49670.91
F,F,DELIVER IN PERSON,3,Manufacturer#2,4-NOT SPECIFIED,3,AUTOMOBILE,AIR,1,0,22,Brand#25,6,JUMBO BOX,23,682,51626.7752
F,F,COLLECT COD,2,Manufacturer#3,3-MEDIUM,3,MACHINERY,FOB,2,0.04,12,Brand#33,6,WRAP JAR,45,683,39878.0928
F,F,NONE,3,Manufacturer#2,4-NOT SPECIFIED,3,FURNITURE,AIR,5,0.06,7,Brand#21,23,JUMBO PACK,38,684,9371.2752
F,F,TAKE BACK RETURN,0,Manufacturer#4,4-NOT SPECIFIED,2,MACHINERY,RAIL,3,0.06,0,Brand#43,9,SM CASE,23,685,1242.414
F,F,NONE,2,Manufacturer#2,4-NOT SPECIFIED,2,MACHINERY,AIR,5,0.06,8,Brand#22,9,WRAP BOX,50,685,54102.7872
F,F,DELIVER IN PERSON,2,Manufacturer#5,1-URGENT,2,HOUSEHOLD,SHIP,2,0.07,8,Brand#54,18,WRAP BAG,9,686,9506.88
F,F,DELIVER IN PERSON,1,Manufacturer#2,1-URGENT,2,HOUSEHOLD,REG AIR,1,0.04,17,Brand#21,18,LG CAN,21,686,57591.072
F,F,COLLECT COD,0,Manufacturer#4,2-HIGH,1,HOUSEHOLD,TRUCK,1,0.06,15,Brand#42,1,LG PKG,25,687,6784.182
F,F,NONE,1,Manufacturer#4,4-NOT SPECIFIED,3,BUILDING,SHIP,5,0.04,1,Brand#45,7,JUMBO BOX,20,688,18299.952
F,F,DELIVER IN PERSON,2,Manufacturer#4,2-HIGH,2,AUTOMOBILE,REG AIR,1,0,18,Brand#45,21,SM BOX,39,689,2488.68
F,F,DELIVER IN PERSON,0,Manufacturer#4,2-HIGH,2,AUTOMOBILE,MAIL,2,0.02,15,Brand#44,21,MED CASE,43,689,73083.2256
F,F,TAKE BACK RETURN,1,Manufacturer#5,3-MEDIUM,1,MACHINERY,AIR,2,0.03,1,Brand#53,3,WRAP PACK,45,690,14174.1347
F,F,COLLECT COD,1,Manufacturer#2,4-NOT SPECIFIED,2,MACHINERY,MAIL,1,0.05,2,Brand#24,9,JUMBO PKG,13,691,73759.2674
F,F,DELIVER IN PERSON,3,Manufacturer#4,4-NOT SPECIFIED,2,MACHINERY,MAIL,2,0.04,19,Brand#44,9,LG CAN,20,691,6097.7988
F,F,DELIVER IN PERSON,0,Manufacturer#1,4-NOT SPECIFIED,2,MACHINERY,FOB,3,0.07,15,Brand#13,9,MED BOX,46,691,32467.5
F,F,DELIVER IN PERSON,4,Manufacturer#3,3-MEDIUM,1,MACHINERY,REG AIR,3,0.05,13,Brand#34,3,MED DRUM,41,690,45466.2571
F,F,DELIVER IN PERSON,1,Manufacturer#1,3-MEDIUM,1,MACHINERY,AIR,1,0.07,2,Brand#14,3,MED JAR,29,690,31928.9832
F,F,DELIVER IN PERSON,0,Manufacturer#1,5-LOW,4,HOUSEHOLD,SHIP,2,0.02,14,Brand#15,10,LG JAR,23,692,41084.1408
F,F,NONE,1,Manufacturer#4,2-HIGH,2,AUTOMOBILE,RAIL,2,0.04,3,Brand#42,8,WRAP CAN,5,693,1693.7672
F,F,TAKE BACK RETURN,1,Manufacturer#1,5-LOW,3,HOUSEHOLD,TRUCK,2,0.02,3,Brand#11,6,SM DRUM,6,694,3540.6126
F,F,NONE,2,Manufacturer#1,5-LOW,3,HOUSEHOLD,FOB,1,0.03,12,Brand#13,6,SM PKG,3,694,28245.78
F,F,TAKE BACK RETURN,4,Manufacturer#5,2-HIGH,0,FURNITURE,REG AIR,2,0.06,4,Brand#51,15,JUMBO BOX,50,695,1030.1172
F,F,NONE,0,Manufacturer#2,2-HIGH,0,FURNITURE,FOB,1,0.04,16,Brand#23,15,JUMBO BAG,49,695,24822.72
F,F,TAKE BACK RETURN,2,Manufacturer#1,2-HIGH,2,AUTOMOBILE,FOB,4,0.05,8,Brand#14,8,WRAP PACK,50,693,40326.4316
F,F,NONE,0,Manufacturer#1,2-HIGH,2,AUTOMOBILE,RAIL,1,0.02,0,Brand#13,8,WRAP CAN,18,693,48957.8496
F,F,COLLECT COD,4,Manufacturer#1,4-NOT SPECIFIED,1,AUTOMOBILE,FOB,1,0.06,10,Brand#12,17,JUMBO BOX,2,696,18643.8798
F,F,COLLECT COD,1,Manufacturer#1,4-NOT SPECIFIED,4,AUTOMOBILE,TRUCK,2,0.02,1,Brand#11,10,JUMBO PKG,9,697,42098.9184
F,F,DELIVER IN PERSON,3,Manufacturer#2,4-NOT SPECIFIED,4,AUTOMOBILE,FOB,3,0.01,7,Brand#23,10,SM BOX,46,697,67463.52
F,F,DELIVER IN PERSON,2,Manufacturer#1,4-NOT SPECIFIED,4,AUTOMOBILE,SHIP,1,0.08,18,Brand#11,10,LG PKG,39,697,54419.904
F,F,COLLECT COD,4,Manufacturer#2,4-NOT SPECIFIED,4,AUTOMOBILE,REG AIR,4,0.05,4,Brand#22,10,SM BOX,19,697,50969.646
F,F,DELIVER IN PERSON,1,Manufacturer#4,4-NOT SPECIFIED,4,BUILDING,SHIP,4,0.01,24,Brand#43,13,WRAP JAR,3,698,54903.8336
F,F,NONE,1,Manufacturer#1,4-NOT SPECIFIED,4,BUILDING,MAIL,2,0.06,3,Brand#15,13,SM PACK,39,698,70101.504
F,F,DELIVER IN PERSON,4,Manufacturer#5,4-NOT SPECIFIED,3,MACHINERY,TRUCK,1,0.05,13,Brand#52,6,SM PACK,34,699,24339.9024
F,F,DELIVER IN PERSON,2,Manufacturer#2,2-HIGH,0,HOUSEHOLD,RAIL,3,0.08,12,Brand#25,5,JUMBO BOX,41,700,5979.5712
F,F,TAKE BACK RETURN,1,Manufacturer#3,2-HIGH,0,HOUSEHOLD,RAIL,4,0.08,2,Brand#31,5,SM PACK,49,700,22691.13
F,F,TAKE BACK RETURN,0,Manufacturer#4,1-URGENT,1,AUTOMOBILE,FOB,3,0.06,15,Brand#42,1,WRAP BAG,17,701,24305.2845
F,F,TAKE BACK RETURN,1,Manufacturer#3,2-HIGH,2,BUILDING,AIR,1,0,17,Brand#31,8,WRAP BOX,36,702,26745.78
F,F,COLLECT COD,1,Manufacturer#4,4-NOT SPECIFIED,1,AUTOMOBILE,RAIL,2,0.02,3,Brand#41,17,SM PACK,19,696,59891.7964
F,F,DELIVER IN PERSON,2,Manufacturer#3,5-LOW,3,BUILDING,MAIL,6,0,8,Brand#32,23,SM BOX,39,703,8535.564
F,F,COLLECT COD,0,Manufacturer#1,5-LOW,3,BUILDING,MAIL,3,0.03,15,Brand#13,23,WRAP CASE,45,703,43081.6518
F,F,COLLECT COD,2,Manufacturer#1,5-LOW,3,BUILDING,REG AIR,7,0.01,12,Brand#14,23,MED CAN,41,703,67044.654
F,F,DELIVER IN PERSON,3,Manufacturer#3,5-LOW,3,BUILDING,REG AIR,4,0,23,Brand#32,23,LG PKG,11,703,56696.304
F,F,COLLECT COD,3,Manufacturer#2,4-NOT SPECIFIED,3,BUILDING,RAIL,2,0.01,23,Brand#21,22,WRAP BOX,27,704,16077.3404
F,F,DELIVER IN PERSON,0,Manufacturer#2,2-HIGH,0,FURNITURE,AIR,1,0.01,15,Brand#21,5,JUMBO CAN,23,705,24783.696
F,F,COLLECT COD,4,Manufacturer#4,1-URGENT,2,AUTOMOBILE,RAIL,4,0.02,11,Brand#45,9,WRAP CASE,6,706,5268.4236
F,F,NONE,3,Manufacturer#1,2-HIGH,3,HOUSEHOLD,TRUCK,1,0.05,23,Brand#13,23,WRAP JAR,20,707,68926.357
F,F,DELIVER IN PERSON,3,Manufacturer#3,2-HIGH,3,HOUSEHOLD,RAIL,3,0.06,7,Brand#33,23,JUMBO PKG,4,707,50508.92
F,F,DELIVER IN PERSON,1,Manufacturer#5,2-HIGH,3,HOUSEHOLD,RAIL,6,0.02,2,Brand#55,23,JUMBO CAN,11,707,75518.72
F,F,DELIVER IN PERSON,4,Manufacturer#4,2-HIGH,1,FURNITURE,REG AIR,5,0.05,11,Brand#41,1,LG PKG,25,708,58900.608
F,F,TAKE BACK RETURN,2,Manufacturer#3,2-HIGH,1,FURNITURE,AIR,3,0.08,18,Brand#33,1,MED CAN,8,708,63761.544
F,F,NONE,1,Manufacturer#2,2-HIGH,1,FURNITURE,AIR,4,0.01,17,Brand#24,1,MED CASE,30,708,47511.7734
F,F,DELIVER IN PERSON,2,Manufacturer#2,2-HIGH,2,BUILDING,REG AIR,7,0.08,12,Brand#23,9,MED PACK,22,709,28037.52
F,F,NONE,1,Manufacturer#1,2-HIGH,2,BUILDING,FOB,6,0.07,1,Brand#15,9,SM CASE,2,709,17561.3648
F,F,TAKE BACK RETURN,2,Manufacturer#1,2-HIGH,2,BUILDING,SHIP,5,0.02,8,Brand#12,9,WRAP PKG,49,709,26088.9104
F,F,COLLECT COD,3,Manufacturer#2,2-HIGH,2,BUILDING,TRUCK,1,0.05,19,Brand#23,9,MED CAN,24,709,22314.7372
F,F,TAKE BACK RETURN,3,Manufacturer#2,2-HIGH,2,BUILDING,TRUCK,4,0.07,6,Brand#25,9,SM CAN,22,709,81915.75
F,F,DELIVER IN PERSON,4,Manufacturer#5,2-HIGH,2,BUILDING,REG AIR,2,0.01,10,Brand#54,9,WRAP PACK,47,709,63016.844
F,F,TAKE BACK RETURN,0,Manufacturer#3,3-MEDIUM,2,BUILDING,MAIL,3,0.06,16,Brand#35,9,JUMBO CAN,25,710,31857.48
F,F,DELIVER IN PERSON,3,Manufacturer#5,1-URGENT,2,FURNITURE,MAIL,3,0.05,22,Brand#52,9,JUMBO JAR,9,711,51157.5552
F,F,DELIVER IN PERSON,4,Manufacturer#3,1-URGENT,2,FURNITURE,SHIP,2,0.01,10,Brand#35,9,MED BOX,22,711,44144.8384
F,F,DELIVER IN PERSON,3,Manufacturer#2,1-URGENT,2,FURNITURE,TRUCK,5,0.07,23,Brand#24,9,LG CASE,19,711,55493.9385
F,F,TAKE BACK RETURN,0,Manufacturer#1,4-NOT SPECIFIED,3,FURNITURE,FOB,6,0.01,5,Brand#15,19,LG CAN,46,321,57668.149
F,F,TAKE BACK RETURN,3,Manufacturer#1,4-NOT SPECIFIED,3,FURNITURE,RAIL,2,0.05,22,Brand#12,19,JUMBO PKG,48,321,21768.8415
F,F,NONE,3,Manufacturer#3,4-NOT SPECIFIED,3,FURNITURE,MAIL,4,0.04,22,Brand#33,19,JUMBO BOX,34,321,36005.88
F,F,DELIVER IN PERSON,1,Manufacturer#2,4-NOT SPECIFIED,3,FURNITURE,REG AIR,3,0.05,2,Brand#22,19,JUMBO BOX,19,321,43059.2409
F,F,COLLECT COD,0,Manufacturer#5,5-LOW,2,BUILDING,FOB,1,0.02,15,Brand#55,8,MED PACK,19,712,56036.4
F,F,DELIVER IN PERSON,3,Manufacturer#3,3-MEDIUM,2,BUILDING,FOB,6,0.02,22,Brand#35,9,SM BOX,36,710,4293.225
F,F,DELIVER IN PERSON,3,Manufacturer#2,3-MEDIUM,2,BUILDING,REG AIR,5,0.02,19,Brand#25,9,SM JAR,18,710,53764.3768
F,F,NONE,2,Manufacturer#2,4-NOT SPECIFIED,1,HOUSEHOLD,MAIL,6,0.02,21,Brand#22,2,MED BAG,29,713,38529.582
F,F,TAKE BACK RETURN,1,Manufacturer#4,3-MEDIUM,2,BUILDING,AIR,2,0.07,3,Brand#44,21,LG BOX,29,714,52892.5502
F,F,NONE,0,Manufacturer#2,4-NOT SPECIFIED,1,HOUSEHOLD,MAIL,1,0,16,Brand#23,2,MED PKG,27,713,53574.167
F,F,COLLECT COD,4,Manufacturer#2,4-NOT SPECIFIED,1,HOUSEHOLD,AIR,5,0.04,10,Brand#22,2,MED BAG,37,713,82159.4592
F,F,COLLECT COD,3,Manufacturer#5,4-NOT SPECIFIED,1,HOUSEHOLD,MAIL,3,0.02,22,Brand#53,2,SM DRUM,12,713,14820.9236
F,F,NONE,4,Manufacturer#4,5-LOW,0,FURNITURE,SHIP,1,0.03,20,Brand#45,15,JUMBO PKG,27,715,43244.133
F,F,NONE,1,Manufacturer#1,3-MEDIUM,3,MACHINERY,TRUCK,5,0,1,Brand#12,6,JUMBO BAG,2,716,32471.5104
F,F,COLLECT COD,0,Manufacturer#5,3-MEDIUM,3,MACHINERY,RAIL,6,0.08,0,Brand#52,6,MED JAR,7,716,77482.6416
F,F,TAKE BACK RETURN,3,Manufacturer#3,3-MEDIUM,3,MACHINERY,RAIL,2,0.06,19,Brand#34,6,LG JAR,11,716,19121.22
F,F,TAKE BACK RETURN,4,Manufacturer#1,3-MEDIUM,3,MACHINERY,RAIL,1,0.03,13,Brand#11,6,LG DRUM,49,716,43651.17
F,F,TAKE BACK RETURN,2,Manufacturer#2,3-MEDIUM,4,AUTOMOBILE,AIR,2,0.05,12,Brand#23,4,MED DRUM,17,717,3823.4592
F,F,NONE,4,Manufacturer#2,3-MEDIUM,4,AUTOMOBILE,SHIP,1,0.04,11,Brand#25,4,JUMBO PKG,25,717,40013.61
F,F,DELIVER IN PERSON,2,Manufacturer#4,3-MEDIUM,4,AUTOMOBILE,FOB,3,0.06,18,Brand#41,4,JUMBO JAR,4,717,17978.18
F,F,NONE,0,Manufacturer#4,4-NOT SPECIFIED,4,BUILDING,SHIP,2,0.02,5,Brand#44,4,MED CASE,40,718,55413.808
F,F,DELIVER IN PERSON,3,Manufacturer#3,4-NOT SPECIFIED,4,BUILDING,MAIL,4,0.02,7,Brand#32,4,JUMBO PACK,45,718,5085.6768
F,F,DELIVER IN PERSON,0,Manufacturer#2,4-NOT SPECIFIED,4,BUILDING,AIR,3,0.01,14,Brand#24,4,JUMBO JAR,49,718,4535.688
F,F,DELIVER IN PERSON,0,Manufacturer#5,3-MEDIUM,4,MACHINERY,MAIL,3,0.07,14,Brand#55,11,LG BOX,37,719,82537.4228
F,F,COLLECT COD,3,Manufacturer#1,3-MEDIUM,4,MACHINERY,MAIL,4,0.08,7,Brand#11,11,WRAP PACK,7,719,26247.888
F,F,DELIVER IN PERSON,3,Manufacturer#2,2-HIGH,3,FURNITURE,MAIL,3,0.06,7,Brand#22,23,MED PKG,27,720,11652.2608
F,F,DELIVER IN PERSON,1,Manufacturer#2,2-HIGH,3,FURNITURE,FOB,2,0.02,24,Brand#25,23,WRAP BAG,27,720,36232.218
F,F,DELIVER IN PERSON,2,Manufacturer#3,5-LOW,0,FURNITURE,RAIL,1,0.06,21,Brand#31,16,LG PACK,48,721,18938.402
F,F,TAKE BACK RETURN,2,Manufacturer#4,2-HIGH,3,BUILDING,AIR,2,0.08,8,Brand#41,7,SM CASE,19,688,54076.3275
F,F,TAKE BACK RETURN,3,Manufacturer#4,4-NOT SPECIFIED,1,FURNITURE,REG AIR,2,0.05,7,Brand#45,2,JUMBO BOX,26,722,51665.199
F,F,COLLECT COD,3,Manufacturer#3,4-NOT SPECIFIED,1,FURNITURE,AIR,3,0.04,19,Brand#34,2,WRAP CASE,23,722,3630.4116
F,F,TAKE BACK RETURN,4,Manufacturer#5,1-URGENT,1,MACHINERY,REG AIR,1,0,10,Brand#52,2,LG PKG,33,723,65504.88
F,F,TAKE BACK RETURN,3,Manufacturer#5,1-URGENT,4,AUTOMOBILE,FOB,6,0.05,22,Brand#53,13,MED JAR,27,724,1304.1092
F,F,COLLECT COD,3,Manufacturer#4,1-URGENT,4,AUTOMOBILE,AIR,2,0.06,23,Brand#42,13,WRAP JAR,32,724,30358.8
F,F,TAKE BACK RETURN,0,Manufacturer#2,1-URGENT,4,AUTOMOBILE,AIR,5,0.01,16,Brand#22,13,LG CAN,8,724,36259.86
F,F,NONE,3,Manufacturer#3,5-LOW,0,FURNITURE,SHIP,4,0,22,Brand#33,16,LG PKG,34,721,9077.1156
F,F,DELIVER IN PERSON,2,Manufacturer#5,5-LOW,0,FURNITURE,AIR,2,0.06,21,Brand#51,16,MED JAR,35,721,42327.8592
F,F,TAKE BACK RETURN,1,Manufacturer#2,1-URGENT,2,FURNITURE,SHIP,7,0.04,1,Brand#23,21,WRAP PKG,5,725,26235.3
F,F,COLLECT COD,1,Manufacturer#3,5-LOW,1,FURNITURE,MAIL,2,0.05,1,Brand#35,2,MED DRUM,46,726,28258.2048
F,F,COLLECT COD,2,Manufacturer#2,5-LOW,1,FURNITURE,SHIP,1,0.06,12,Brand#23,2,LG PACK,1,726,6871.0175
F,F,NONE,0,Manufacturer#5,4-NOT SPECIFIED,0,HOUSEHOLD,RAIL,4,0.01,16,Brand#51,14,LG BAG,1,727,28498.449
F,F,COLLECT COD,4,Manufacturer#3,1-URGENT,4,HOUSEHOLD,REG AIR,3,0.03,4,Brand#31,20,WRAP BAG,21,728,70328.1428
F,F,DELIVER IN PERSON,2,Manufacturer#2,1-URGENT,4,HOUSEHOLD,AIR,2,0.01,12,Brand#24,20,JUMBO PKG,39,728,17967.81
F,F,COLLECT COD,1,Manufacturer#5,1-URGENT,4,HOUSEHOLD,SHIP,4,0.03,2,Brand#54,20,MED PACK,18,728,43302.6972
F,F,TAKE BACK RETURN,3,Manufacturer#1,1-URGENT,2,AUTOMOBILE,REG AIR,2,0.07,22,Brand#11,18,MED DRUM,21,352,9334.224
F,F,TAKE BACK RETURN,0,Manufacturer#1,1-URGENT,2,AUTOMOBILE,MAIL,3,0.08,15,Brand#13,18,JUMBO CAN,35,352,62626.2091
F,F,DELIVER IN PERSON,1,Manufacturer#5,1-URGENT,2,FURNITURE,FOB,4,0.01,2,Brand#54,21,LG DRUM,4,725,74512.1195
F,F,TAKE BACK RETURN,1,Manufacturer#5,1-URGENT,2,FURNITURE,MAIL,6,0.06,2,Brand#54,21,MED DRUM,39,725,10782.684
F,F,TAKE BACK RETURN,1,Manufacturer#2,1-URGENT,2,FURNITURE,SHIP,1,0,24,Brand#22,21,SM CAN,11,725,21272.0599
F,F,COLLECT COD,2,Manufacturer#1,5-LOW,1,HOUSEHOLD,RAIL,1,0.07,12,Brand#12,24,JUMBO BOX,36,729,35282.28
F,F,TAKE BACK RETURN,2,Manufacturer#5,5-LOW,4,AUTOMOBILE,SHIP,1,0.02,8,Brand#54,20,SM BAG,27,730,14347.2
F,F,TAKE BACK RETURN,3,Manufacturer#1,5-LOW,4,AUTOMOBILE,FOB,3,0.01,7,Brand#12,20,JUMBO BAG,27,730,49771.4052
F,F,COLLECT COD,4,Manufacturer#4,1-URGENT,0,MACHINERY,MAIL,1,0.06,4,Brand#41,16,LG DRUM,16,731,29425.74
F,F,TAKE BACK RETURN,0,Manufacturer#1,1-URGENT,0,MACHINERY,FOB,4,0.08,5,Brand#15,16,JUMBO BAG,13,731,49220.16
F,F,TAKE BACK RETURN,1,Manufacturer#2,5-LOW,1,HOUSEHOLD,SHIP,3,0.07,24,Brand#25,24,SM BOX,7,729,19045.0965
F,F,NONE,4,Manufacturer#2,4-NOT SPECIFIED,1,HOUSEHOLD,RAIL,3,0.08,20,Brand#22,3,WRAP JAR,10,732,28921.8
F,F,NONE,2,Manufacturer#3,2-HIGH,4,AUTOMOBILE,AIR,2,0.06,8,Brand#34,20,JUMBO CAN,24,733,75122.1156
F,F,NONE,1,Manufacturer#1,2-HIGH,4,AUTOMOBILE,RAIL,5,0.08,1,Brand#13,20,LG PKG,38,733,26767.377
F,F,NONE,4,Manufacturer#5,2-HIGH,4,AUTOMOBILE,FOB,6,0.06,11,Brand#52,20,WRAP PKG,36,733,41549.3292
F,F,COLLECT COD,1,Manufacturer#2,5-LOW,3,BUILDING,RAIL,3,0.07,2,Brand#21,7,MED BAG,24,734,31329.64
F,F,NONE,3,Manufacturer#4,5-LOW,3,BUILDING,MAIL,2,0.07,19,Brand#42,7,MED BOX,2,734,34056.9522
F,F,TAKE BACK RETURN,3,Manufacturer#2,3-MEDIUM,3,AUTOMOBILE,FOB,1,0.01,7,Brand#24,19,WRAP PKG,29,735,6660.0576
F,F,NONE,4,Manufacturer#5,4-NOT SPECIFIED,1,HOUSEHOLD,SHIP,1,0,10,Brand#53,3,LG CAN,28,732,44764.98
F,F,DELIVER IN PERSON,2,Manufacturer#2,4-NOT SPECIFIED,1,HOUSEHOLD,AIR,4,0.02,12,Brand#25,3,SM JAR,35,732,21405.7728
F,F,NONE,0,Manufacturer#1,4-NOT SPECIFIED,1,HOUSEHOLD,FOB,5,0.01,15,Brand#14,3,LG CASE,8,732,72153.162
F,F,DELIVER IN PERSON,4,Manufacturer#5,2-HIGH,0,HOUSEHOLD,SHIP,2,0.02,13,Brand#53,15,MED BOX,25,736,21966.516
F,F,COLLECT COD,1,Manufacturer#4,3-MEDIUM,3,HOUSEHOLD,RAIL,2,0,17,Brand#44,19,SM CASE,48,737,53770.0716
F,F,DELIVER IN PERSON,4,Manufacturer#4,2-HIGH,0,HOUSEHOLD,FOB,4,0.07,10,Brand#44,15,LG BAG,42,736,20978.23
F,F,COLLECT COD,0,Manufacturer#2,2-HIGH,0,HOUSEHOLD,SHIP,1,0.04,15,Brand#24,15,MED DRUM,29,736,38045.217
F,F,TAKE BACK RETURN,1,Manufacturer#5,1-URGENT,1,BUILDING,TRUCK,3,0.07,17,Brand#51,1,LG JAR,48,738,17077.056
F,F,TAKE BACK RETURN,0,Manufacturer#4,4-NOT SPECIFIED,3,FURNITURE,REG AIR,2,0,16,Brand#42,6,MED JAR,44,739,4920.35
F,F,NONE,4,Manufacturer#1,4-NOT SPECIFIED,3,FURNITURE,MAIL,1,0.03,11,Brand#15,6,LG JAR,15,739,39304.1343
F,F,NONE,3,Manufacturer#5,1-URGENT,1,BUILDING,SHIP,2,0.08,6,Brand#55,1,WRAP PACK,2,738,74877.3018
F,F,COLLECT COD,0,Manufacturer#2,5-LOW,1,HOUSEHOLD,MAIL,3,0.08,15,Brand#24,3,MED CAN,39,740,18438.456
F,F,COLLECT COD,1,Manufacturer#4,1-URGENT,2,BUILDING,RAIL,3,0.06,3,Brand#41,8,MED BAG,48,741,33957.7875
F,F,COLLECT COD,2,Manufacturer#1,1-URGENT,2,BUILDING,MAIL,1,0.03,9,Brand#13,8,SM DRUM,1,741,62865.699
F,F,TAKE BACK RETURN,3,Manufacturer#5,1-URGENT,2,BUILDING,SHIP,2,0.03,6,Brand#53,8,WRAP PACK,27,741,41743.75
F,F,COLLECT COD,3,Manufacturer#4,2-HIGH,4,HOUSEHOLD,AIR,4,0.05,23,Brand#42,11,LG CASE,40,742,36648.3348
F,F,NONE,2,Manufacturer#5,2-HIGH,4,HOUSEHOLD,AIR,1,0.04,9,Brand#51,11,JUMBO PACK,10,742,61338.144
F,F,COLLECT COD,3,Manufacturer#4,2-HIGH,4,HOUSEHOLD,TRUCK,3,0.02,22,Brand#44,11,LG BAG,16,742,35482.212
F,F,DELIVER IN PERSON,1,Manufacturer#4,2-HIGH,4,HOUSEHOLD,SHIP,2,0.06,2,Brand#44,11,WRAP JAR,50,742,39229.26
F,F,DELIVER IN PERSON,1,Manufacturer#3,5-LOW,1,AUTOMOBILE,TRUCK,2,0.02,3,Brand#32,2,MED CASE,11,743,50607.165
F,F,NONE,0,Manufacturer#4,5-LOW,1,AUTOMOBILE,REG AIR,1,0.03,15,Brand#43,2,LG DRUM,29,743,63190.3008
F,F,NONE,4,Manufacturer#4,5-LOW,1,HOUSEHOLD,REG AIR,2,0,4,Brand#45,3,LG BOX,31,740,45829.6482
F,F,DELIVER IN PERSON,2,Manufacturer#1,2-HIGH,2,HOUSEHOLD,MAIL,2,0.04,9,Brand#14,9,SM PACK,15,744,59463.5
F,F,COLLECT COD,3,Manufacturer#5,2-HIGH,2,HOUSEHOLD,MAIL,3,0.05,6,Brand#53,9,MED DRUM,21,744,70427.1022
F,F,TAKE BACK RETURN,3,Manufacturer#5,4-NOT SPECIFIED,4,MACHINERY,REG AIR,2,0,7,Brand#53,10,MED JAR,30,745,16806.4512
F,F,COLLECT COD,1,Manufacturer#5,2-HIGH,0,HOUSEHOLD,FOB,1,0.07,3,Brand#53,5,LG BAG,10,746,41477.3865
F,F,DELIVER IN PERSON,3,Manufacturer#1,2-HIGH,0,HOUSEHOLD,AIR,2,0.08,23,Brand#13,5,SM BAG,43,746,29536.1088
F,F,TAKE BACK RETURN,0,Manufacturer#3,4-NOT SPECIFIED,4,MACHINERY,TRUCK,1,0.01,0,Brand#33,10,LG CASE,20,745,1576.647
F,F,TAKE BACK RETURN,4,Manufacturer#1,4-NOT SPECIFIED,4,MACHINERY,AIR,3,0,11,Brand#12,10,LG PKG,19,745,11352.5022
F,F,NONE,0,Manufacturer#4,3-MEDIUM,0,FURNITURE,AIR,2,0,15,Brand#41,14,LG JAR,22,747,12987.729
F,F,TAKE BACK RETURN,4,Manufacturer#2,3-MEDIUM,3,HOUSEHOLD,RAIL,2,0.04,13,Brand#23,22,MED BOX,26,748,34626.672
F,F,TAKE BACK RETURN,0,Manufacturer#4,2-HIGH,2,MACHINERY,MAIL,2,0.04,15,Brand#42,8,WRAP BAG,13,749,21454.8608
F,F,TAKE BACK RETURN,0,Manufacturer#3,2-HIGH,2,MACHINERY,FOB,1,0.08,5,Brand#34,8,WRAP BOX,27,749,9025.6075
F,F,TAKE BACK RETURN,3,Manufacturer#4,4-NOT SPECIFIED,2,FURNITURE,TRUCK,2,0.04,6,Brand#45,9,MED JAR,35,750,42521.4452
F,F,COLLECT COD,2,Manufacturer#3,4-NOT SPECIFIED,2,MACHINERY,AIR,6,0.03,8,Brand#34,8,LG BAG,39,751,53408.62
F,F,COLLECT COD,1,Manufacturer#3,4-NOT SPECIFIED,2,MACHINERY,RAIL,5,0.03,2,Brand#35,8,WRAP CASE,1,751,32466.8344
F,F,NONE,4,Manufacturer#1,4-NOT SPECIFIED,2,MACHINERY,REG AIR,2,0.06,13,Brand#12,8,LG BAG,20,751,54088.7787
F,F,NONE,2,Manufacturer#2,2-HIGH,4,HOUSEHOLD,SHIP,2,0,8,Brand#23,11,LG BOX,23,752,67848.3624
F,F,DELIVER IN PERSON,4,Manufacturer#1,2-HIGH,4,HOUSEHOLD,MAIL,3,0.08,11,Brand#14,11,JUMBO PACK,5,752,15443.4476
F,F,COLLECT COD,0,Manufacturer#4,2-HIGH,4,HOUSEHOLD,AIR,1,0.03,0,Brand#42,11,MED PACK,47,752,49287.2576
F,F,TAKE BACK RETURN,2,Manufacturer#4,3-MEDIUM,0,HOUSEHOLD,RAIL,3,0.03,8,Brand#42,16,SM CASE,20,753,34033.1775
F,F,NONE,2,Manufacturer#1,3-MEDIUM,0,HOUSEHOLD,MAIL,2,0.02,21,Brand#11,16,WRAP PACK,18,753,38680.983
F,F,TAKE BACK RETURN,1,Manufacturer#5,3-MEDIUM,0,HOUSEHOLD,AIR,4,0.07,17,Brand#51,16,WRAP DRUM,20,753,16542.5832
F,F,NONE,2,Manufacturer#5,4-NOT SPECIFIED,3,AUTOMOBILE,RAIL,1,0.02,8,Brand#51,19,LG BOX,6,754,19981.4374
F,F,NONE,0,Manufacturer#2,4-NOT SPECIFIED,3,AUTOMOBILE,TRUCK,2,0.03,5,Brand#23,19,MED JAR,33,754,32587.6464
F,F,DELIVER IN PERSON,4,Manufacturer#5,3-MEDIUM,1,HOUSEHOLD,MAIL,2,0.05,11,Brand#54,1,JUMBO PKG,48,755,15164.1672
F,F,NONE,2,Manufacturer#5,5-LOW,2,AUTOMOBILE,FOB,1,0.01,12,Brand#51,8,LG PACK,12,756,32282.712
F,F,DELIVER IN PERSON,2,Manufacturer#3,5-LOW,2,AUTOMOBILE,REG AIR,2,0.06,18,Brand#32,8,MED JAR,41,756,24975.6966
F,F,COLLECT COD,3,Manufacturer#5,5-LOW,2,AUTOMOBILE,MAIL,3,0.03,23,Brand#53,8,LG CASE,38,756,37109.7272
F,F,TAKE BACK RETURN,3,Manufacturer#3,1-URGENT,1,BUILDING,REG AIR,1,0.08,22,Brand#31,2,MED PACK,7,757,26904.6048
F,F,TAKE BACK RETURN,2,Manufacturer#1,3-MEDIUM,4,AUTOMOBILE,REG AIR,1,0.03,8,Brand#14,10,LG PACK,13,357,21345.5088
F,F,COLLECT COD,3,Manufacturer#3,1-URGENT,3,HOUSEHOLD,SHIP,4,0.07,19,Brand#33,7,MED CAN,25,474,8114.75
F,F,DELIVER IN PERSON,2,Manufacturer#3,1-URGENT,3,HOUSEHOLD,RAIL,3,0.05,18,Brand#34,7,JUMBO CASE,37,474,29165.3208
F,F,TAKE BACK RETURN,0,Manufacturer#5,1-URGENT,3,HOUSEHOLD,MAIL,2,0.03,16,Brand#51,7,WRAP BAG,19,474,24849.1584
F,F,NONE,2,Manufacturer#4,1-URGENT,3,HOUSEHOLD,REG AIR,6,0.01,9,Brand#42,7,MED DRUM,4,474,1691.5054
F,F,DELIVER IN PERSON,1,Manufacturer#3,1-URGENT,0,BUILDING,MAIL,3,0.02,3,Brand#31,5,JUMBO BAG,30,758,25823.8253
F,F,COLLECT COD,3,Manufacturer#3,1-URGENT,0,BUILDING,AIR,5,0.02,7,Brand#33,5,LG CAN,38,758,13926.276
F,F,DELIVER IN PERSON,4,Manufacturer#4,1-URGENT,0,BUILDING,RAIL,4,0.03,13,Brand#43,5,MED CAN,14,758,34763.274
F,F,DELIVER IN PERSON,4,Manufacturer#4,4-NOT SPECIFIED,0,AUTOMOBILE,SHIP,3,0.05,20,Brand#43,15,SM PACK,4,759,16701.2307
F,F,COLLECT COD,0,Manufacturer#2,3-MEDIUM,4,FURNITURE,SHIP,1,0.08,5,Brand#22,20,SM PACK,12,760,47046.7668
F,F,NONE,3,Manufacturer#1,3-MEDIUM,0,HOUSEHOLD,SHIP,5,0,22,Brand#15,5,SM PACK,50,761,41376.8448
F,F,COLLECT COD,2,Manufacturer#2,3-MEDIUM,0,HOUSEHOLD,SHIP,6,0.03,9,Brand#25,5,JUMBO DRUM,50,761,43257.0528
F,F,NONE,2,Manufacturer#3,1-URGENT,4,MACHINERY,TRUCK,1,0.07,21,Brand#34,4,MED BAG,29,784,60123.42
F,F,COLLECT COD,3,Manufacturer#3,3-MEDIUM,0,HOUSEHOLD,REG AIR,2,0.03,22,Brand#35,5,LG DRUM,29,761,5247.0424
F,F,COLLECT COD,3,Manufacturer#2,4-NOT SPECIFIED,3,MACHINERY,RAIL,4,0.04,6,Brand#22,6,LG DRUM,21,762,42584.843
F,F,TAKE BACK RETURN,4,Manufacturer#4,4-NOT SPECIFIED,3,MACHINERY,TRUCK,1,0.01,10,Brand#41,6,LG PKG,17,762,78027.6
F,F,DELIVER IN PERSON,0,Manufacturer#5,2-HIGH,2,MACHINERY,FOB,1,0.05,5,Brand#54,9,WRAP BOX,31,763,31116.0192
F,F,DELIVER IN PERSON,4,Manufacturer#2,4-NOT SPECIFIED,2,BUILDING,REG AIR,1,0.06,11,Brand#24,8,MED DRUM,1,764,32676.008
F,F,TAKE BACK RETURN,3,Manufacturer#5,4-NOT SPECIFIED,2,BUILDING,SHIP,2,0.07,6,Brand#51,8,JUMBO BOX,1,764,18820.32
F,F,TAKE BACK RETURN,0,Manufacturer#3,4-NOT SPECIFIED,3,BUILDING,SHIP,4,0.08,0,Brand#31,6,WRAP DRUM,25,765,12078.549
F,F,COLLECT COD,3,Manufacturer#1,4-NOT SPECIFIED,3,BUILDING,AIR,3,0.08,7,Brand#14,6,MED CASE,40,765,29613.8133
F,F,COLLECT COD,2,Manufacturer#3,4-NOT SPECIFIED,3,BUILDING,TRUCK,1,0.03,12,Brand#35,6,LG CASE,1,765,41813.85
F,F,COLLECT COD,3,Manufacturer#5,4-NOT SPECIFIED,2,BUILDING,AIR,1,0.07,22,Brand#53,21,WRAP BOX,33,766,60484.6548
F,F,COLLECT COD,3,Manufacturer#5,4-NOT SPECIFIED,2,BUILDING,SHIP,3,0.04,7,Brand#51,21,MED PACK,21,766,11661.7176
F,F,NONE,0,Manufacturer#4,4-NOT SPECIFIED,2,BUILDING,AIR,4,0.04,14,Brand#42,21,WRAP CAN,10,766,39903.192
F,F,DELIVER IN PERSON,0,Manufacturer#5,4-NOT SPECIFIED,0,AUTOMOBILE,SHIP,1,0,0,Brand#51,15,WRAP CAN,9,759,39933.888
F,F,COLLECT COD,2,Manufacturer#4,4-NOT SPECIFIED,0,AUTOMOBILE,SHIP,2,0,8,Brand#44,15,SM DRUM,17,759,49074.144
F,F,DELIVER IN PERSON,0,Manufacturer#3,3-MEDIUM,1,FURNITURE,AIR,2,0.02,0,Brand#32,24,MED PACK,6,767,64268
F,F,TAKE BACK RETURN,0,Manufacturer#1,3-MEDIUM,1,FURNITURE,RAIL,1,0,16,Brand#11,24,SM PACK,28,767,5254.212
F,F,NONE,2,Manufacturer#1,3-MEDIUM,1,FURNITURE,AIR,3,0,12,Brand#15,24,SM JAR,32,767,44311.212
F,F,NONE,2,Manufacturer#5,3-MEDIUM,1,FURNITURE,AIR,4,0.04,21,Brand#52,24,JUMBO CASE,5,767,59863.104
F,F,TAKE BACK RETURN,0,Manufacturer#5,4-NOT SPECIFIED,3,BUILDING,MAIL,4,0.05,15,Brand#52,22,SM DRUM,36,768,48450.4524
F,F,TAKE BACK RETURN,1,Manufacturer#3,5-LOW,2,BUILDING,AIR,2,0.08,3,Brand#32,18,JUMBO DRUM,5,769,49269.584
F,F,DELIVER IN PERSON,3,Manufacturer#2,4-NOT SPECIFIED,3,BUILDING,MAIL,3,0.07,19,Brand#22,22,SM BAG,40,768,24181.938
F,F,NONE,3,Manufacturer#2,3-MEDIUM,1,BUILDING,SHIP,1,0.04,7,Brand#25,24,MED DRUM,40,770,44315.1138
F,F,COLLECT COD,2,Manufacturer#1,3-MEDIUM,1,BUILDING,AIR,3,0.04,18,Brand#13,24,WRAP PKG,17,770,5990.967
F,F,TAKE BACK RETURN,4,Manufacturer#4,3-MEDIUM,1,BUILDING,REG AIR,6,0.02,11,Brand#45,24,MED CASE,40,770,8663.109
F,F,DELIVER IN PERSON,1,Manufacturer#4,3-MEDIUM,1,BUILDING,REG AIR,7,0.03,17,Brand#45,24,LG BOX,43,770,9243.0144
F,F,DELIVER IN PERSON,3,Manufacturer#2,3-MEDIUM,1,BUILDING,TRUCK,5,0.02,22,Brand#21,24,JUMBO JAR,37,770,24236.115
F,F,COLLECT COD,0,Manufacturer#2,4-NOT SPECIFIED,3,BUILDING,REG AIR,1,0.04,15,Brand#23,22,JUMBO PKG,36,768,25532.9984
F,F,DELIVER IN PERSON,3,Manufacturer#1,2-HIGH,4,FURNITURE,MAIL,6,0,6,Brand#11,13,MED DRUM,14,771,40003.026
F,F,COLLECT COD,3,Manufacturer#2,4-NOT SPECIFIED,4,BUILDING,MAIL,1,0.01,7,Brand#21,11,LG CAN,20,772,53569.9164
F,F,TAKE BACK RETURN,4,Manufacturer#2,4-NOT SPECIFIED,4,BUILDING,RAIL,2,0.03,13,Brand#25,11,JUMBO JAR,5,772,42001.036
F,F,NONE,3,Manufacturer#3,2-HIGH,4,FURNITURE,SHIP,4,0.07,7,Brand#32,13,MED JAR,10,771,41183.748
F,F,DELIVER IN PERSON,0,Manufacturer#2,2-HIGH,4,FURNITURE,TRUCK,1,0.04,16,Brand#21,13,WRAP DRUM,30,771,46529.342
F,F,DELIVER IN PERSON,4,Manufacturer#4,2-HIGH,4,FURNITURE,SHIP,3,0.07,10,Brand#45,13,LG PKG,36,771,25964.8242
F,F,NONE,2,Manufacturer#5,2-HIGH,4,FURNITURE,SHIP,1,0.02,21,Brand#51,11,WRAP JAR,10,773,65705.64
F,F,NONE,0,Manufacturer#3,2-HIGH,3,HOUSEHOLD,SHIP,6,0,14,Brand#35,23,WRAP JAR,17,707,4864.678
F,F,DELIVER IN PERSON,2,Manufacturer#2,2-HIGH,3,HOUSEHOLD,AIR,4,0.06,18,Brand#25,23,WRAP CASE,14,707,33854.7132
F,F,NONE,2,Manufacturer#5,2-HIGH,3,HOUSEHOLD,RAIL,3,0.03,21,Brand#55,23,JUMBO PACK,18,707,26954.6122
F,F,TAKE BACK RETURN,1,Manufacturer#1,1-URGENT,3,FURNITURE,REG AIR,3,0,2,Brand#15,6,SM JAR,25,774,64545.0624
F,F,COLLECT COD,1,Manufacturer#2,3-MEDIUM,2,AUTOMOBILE,FOB,4,0.03,2,Brand#25,18,MED CASE,36,775,43157.374
F,F,DELIVER IN PERSON,0,Manufacturer#5,3-MEDIUM,2,AUTOMOBILE,TRUCK,2,0,14,Brand#53,18,SM JAR,16,775,58317.138
F,F,COLLECT COD,3,Manufacturer#2,5-LOW,2,HOUSEHOLD,MAIL,5,0.05,23,Brand#22,9,LG JAR,23,776,8439.3687
F,F,TAKE BACK RETURN,1,Manufacturer#4,5-LOW,0,FURNITURE,MAIL,5,0.06,2,Brand#41,16,MED PKG,42,777,41549.3292
F,F,TAKE BACK RETURN,4,Manufacturer#4,5-LOW,0,FURNITURE,RAIL,1,0.03,13,Brand#42,16,JUMBO JAR,7,777,64898.2768
F,F,NONE,4,Manufacturer#4,4-NOT SPECIFIED,0,BUILDING,FOB,3,0.03,10,Brand#42,14,MED BAG,44,778,49245.924
F,F,DELIVER IN PERSON,1,Manufacturer#5,4-NOT SPECIFIED,0,BUILDING,FOB,2,0,2,Brand#53,14,WRAP PKG,15,778,17182.3916
F,F,COLLECT COD,3,Manufacturer#1,4-NOT SPECIFIED,0,BUILDING,SHIP,5,0.05,23,Brand#15,14,JUMBO CAN,4,778,14339.488
F,F,NONE,2,Manufacturer#3,2-HIGH,3,FURNITURE,AIR,3,0.03,8,Brand#33,23,LG BOX,24,779,37868.32
F,F,TAKE BACK RETURN,2,Manufacturer#1,2-HIGH,3,FURNITURE,MAIL,6,0.05,21,Brand#15,23,WRAP PKG,44,779,52122.28
F,F,DELIVER IN PERSON,3,Manufacturer#4,2-HIGH,3,FURNITURE,MAIL,1,0.08,23,Brand#42,23,JUMBO DRUM,25,779,32030.2917
F,F,NONE,2,Manufacturer#2,5-LOW,2,HOUSEHOLD,FOB,3,0.04,8,Brand#25,9,SM BOX,27,776,12184.3176
F,F,DELIVER IN PERSON,3,Manufacturer#1,5-LOW,2,HOUSEHOLD,MAIL,2,0.04,19,Brand#14,9,MED CASE,31,776,48826.1664
F,F,NONE,4,Manufacturer#3,1-URGENT,4,MACHINERY,FOB,1,0.02,11,Brand#35,20,LG PACK,45,780,46074.308
F,F,TAKE BACK RETURN,3,Manufacturer#3,1-URGENT,4,MACHINERY,MAIL,4,0.01,22,Brand#34,20,MED PACK,2,780,30652.6
F,F,NONE,0,Manufacturer#1,1-URGENT,4,MACHINERY,FOB,3,0.03,5,Brand#15,20,SM BOX,7,780,17728.672
F,F,TAKE BACK RETURN,3,Manufacturer#1,2-HIGH,3,AUTOMOBILE,AIR,2,0.04,22,Brand#14,7,LG PKG,30,781,42770.5908
F,F,DELIVER IN PERSON,4,Manufacturer#3,5-LOW,2,AUTOMOBILE,REG AIR,2,0.05,10,Brand#33,18,SM CAN,43,782,63748.363
F,F,TAKE BACK RETURN,4,Manufacturer#1,3-MEDIUM,2,FURNITURE,REG AIR,3,0.05,20,Brand#15,8,WRAP CASE,8,783,19574.361
F,F,COLLECT COD,3,Manufacturer#5,3-MEDIUM,2,FURNITURE,TRUCK,4,0.02,6,Brand#51,8,SM BAG,8,783,6992.766
F,F,TAKE BACK RETURN,4,Manufacturer#4,1-URGENT,4,MACHINERY,RAIL,6,0.01,4,Brand#45,4,LG BOX,31,784,35517.4638
F,F,TAKE BACK RETURN,2,Manufacturer#4,1-URGENT,4,MACHINERY,TRUCK,5,0.06,12,Brand#44,4,WRAP BAG,38,784,34100.8371
F,F,DELIVER IN PERSON,1,Manufacturer#2,1-URGENT,4,MACHINERY,TRUCK,4,0.02,2,Brand#21,4,LG CAN,28,784,24499.5296
F,F,NONE,4,Manufacturer#4,1-URGENT,4,MACHINERY,MAIL,2,0.07,13,Brand#42,4,LG CAN,15,784,3238.2252
F,F,COLLECT COD,1,Manufacturer#3,4-NOT SPECIFIED,1,AUTOMOBILE,RAIL,2,0.08,3,Brand#31,1,MED PKG,19,785,37024.8508
F,F,TAKE BACK RETURN,2,Manufacturer#3,4-NOT SPECIFIED,4,MACHINERY,AIR,6,0.05,12,Brand#33,11,SM CAN,50,786,17871.894
F,F,DELIVER IN PERSON,2,Manufacturer#3,4-NOT SPECIFIED,4,MACHINERY,MAIL,2,0.04,18,Brand#34,11,LG BOX,11,786,32660.38
F,F,DELIVER IN PERSON,1,Manufacturer#2,4-NOT SPECIFIED,4,MACHINERY,MAIL,3,0.05,17,Brand#24,11,MED CASE,6,786,19248.976
F,F,TAKE BACK RETURN,0,Manufacturer#2,4-NOT SPECIFIED,4,MACHINERY,FOB,4,0.01,14,Brand#21,11,JUMBO PKG,31,786,9260.847
F,F,COLLECT COD,2,Manufacturer#4,4-NOT SPECIFIED,1,AUTOMOBILE,FOB,1,0.04,9,Brand#45,1,WRAP CASE,26,785,14241.2256
F,F,TAKE BACK RETURN,2,Manufacturer#2,5-LOW,4,BUILDING,MAIL,3,0.08,8,Brand#24,11,JUMBO CAN,29,787,7482.4695
F,F,TAKE BACK RETURN,1,Manufacturer#3,5-LOW,4,BUILDING,MAIL,6,0.03,1,Brand#33,11,LG BAG,48,787,47451.6822
F,F,COLLECT COD,1,Manufacturer#5,5-LOW,4,BUILDING,REG AIR,2,0.03,24,Brand#51,11,MED JAR,11,787,46752.9188
F,F,TAKE BACK RETURN,1,Manufacturer#5,5-LOW,4,BUILDING,TRUCK,1,0.07,3,Brand#55,11,WRAP BOX,19,787,29768.193
F,F,TAKE BACK RETURN,0,Manufacturer#4,5-LOW,4,BUILDING,AIR,4,0.06,16,Brand#44,11,JUMBO PACK,34,787,12156.96
F,F,TAKE BACK RETURN,2,Manufacturer#1,5-LOW,4,BUILDING,TRUCK,2,0.04,12,Brand#12,10,JUMBO DRUM,17,788,16536.8801
F,F,NONE,2,Manufacturer#5,5-LOW,4,FURNITURE,FOB,2,0.06,21,Brand#54,13,MED PKG,50,789,8422.092
F,F,COLLECT COD,0,Manufacturer#1,4-NOT SPECIFIED,0,BUILDING,MAIL,3,0.04,16,Brand#15,14,JUMBO JAR,16,790,20814.0384
F,F,COLLECT COD,4,Manufacturer#1,4-NOT SPECIFIED,0,BUILDING,TRUCK,2,0,10,Brand#12,14,JUMBO BOX,14,790,28910.24
F,F,DELIVER IN PERSON,2,Manufacturer#5,1-URGENT,0,FURNITURE,TRUCK,1,0.02,9,Brand#53,16,WRAP JAR,24,541,50989.5078
F,F,TAKE BACK RETURN,2,Manufacturer#3,4-NOT SPECIFIED,3,HOUSEHOLD,SHIP,3,0.04,9,Brand#32,6,MED PACK,13,791,76717.0284
F,F,TAKE BACK RETURN,1,Manufacturer#3,4-NOT SPECIFIED,3,HOUSEHOLD,MAIL,2,0.04,3,Brand#32,6,LG BOX,44,791,8860.896
F,F,DELIVER IN PERSON,3,Manufacturer#1,4-NOT SPECIFIED,3,HOUSEHOLD,AIR,4,0.05,6,Brand#13,6,SM CAN,1,791,29854.0638
F,F,NONE,1,Manufacturer#1,4-NOT SPECIFIED,2,BUILDING,REG AIR,2,0.05,24,Brand#14,8,WRAP PKG,30,792,43522.9212
F,F,NONE,4,Manufacturer#2,4-NOT SPECIFIED,2,BUILDING,MAIL,3,0,20,Brand#21,8,WRAP DRUM,35,792,42815.08
F,F,DELIVER IN PERSON,2,Manufacturer#5,2-HIGH,1,HOUSEHOLD,RAIL,4,0.08,8,Brand#51,2,LG DRUM,42,793,36753.44
F,F,DELIVER IN PERSON,1,Manufacturer#5,2-HIGH,1,HOUSEHOLD,SHIP,2,0.06,17,Brand#53,2,WRAP CASE,47,793,55618.8633
F,F,TAKE BACK RETURN,1,Manufacturer#5,1-URGENT,0,AUTOMOBILE,TRUCK,1,0.07,24,Brand#51,16,LG CAN,12,571,44949.7188
F,F,DELIVER IN PERSON,0,Manufacturer#3,1-URGENT,0,AUTOMOBILE,RAIL,2,0.02,0,Brand#32,16,LG PKG,46,571,67896
F,F,COLLECT COD,1,Manufacturer#1,4-NOT SPECIFIED,2,MACHINERY,REG AIR,5,0.04,17,Brand#13,9,SM CAN,2,794,41832.123
F,F,TAKE BACK RETURN,2,Manufacturer#1,4-NOT SPECIFIED,2,MACHINERY,TRUCK,2,0.04,18,Brand#15,9,MED CASE,46,794,47589.888
F,F,COLLECT COD,4,Manufacturer#5,4-NOT SPECIFIED,2,MACHINERY,REG AIR,4,0.05,11,Brand#52,9,WRAP JAR,47,794,57504.9465
F,F,DELIVER IN PERSON,3,Manufacturer#1,4-NOT SPECIFIED,2,MACHINERY,AIR,1,0.03,7,Brand#11,9,SM PKG,44,794,40746.645
F,F,NONE,1,Manufacturer#1,1-URGENT,4,HOUSEHOLD,SHIP,5,0,3,Brand#12,20,JUMBO CAN,39,795,41983.74
F,F,DELIVER IN PERSON,1,Manufacturer#5,1-URGENT,4,HOUSEHOLD,MAIL,3,0.01,3,Brand#51,20,WRAP PACK,24,795,60454.9664
F,F,NONE,1,Manufacturer#1,1-URGENT,4,MACHINERY,RAIL,3,0.08,24,Brand#11,13,SM BAG,32,796,21107.7984
F,F,COLLECT COD,0,Manufacturer#5,1-URGENT,4,MACHINERY,TRUCK,1,0.07,16,Brand#52,13,JUMBO PKG,21,796,3739.7997
F,F,DELIVER IN PERSON,0,Manufacturer#4,4-NOT SPECIFIED,4,AUTOMOBILE,RAIL,6,0.07,5,Brand#44,13,JUMBO BOX,24,797,1029.0115
F,F,COLLECT COD,4,Manufacturer#2,4-NOT SPECIFIED,4,AUTOMOBILE,RAIL,4,0.04,20,Brand#24,13,JUMBO JAR,29,797,17218.72
F,F,TAKE BACK RETURN,0,Manufacturer#5,4-NOT SPECIFIED,4,AUTOMOBILE,MAIL,2,0.04,5,Brand#52,13,JUMBO PACK,40,797,25906.4658
F,F,DELIVER IN PERSON,1,Manufacturer#4,4-NOT SPECIFIED,1,FURNITURE,RAIL,2,0.07,2,Brand#44,2,MED PKG,14,798,72576.273
F,F,COLLECT COD,1,Manufacturer#2,4-NOT SPECIFIED,4,MACHINERY,SHIP,3,0.06,24,Brand#22,10,SM PKG,28,799,12069.6702
F,F,COLLECT COD,3,Manufacturer#1,4-NOT SPECIFIED,4,MACHINERY,TRUCK,1,0.07,23,Brand#14,10,JUMBO PKG,26,799,48498.032
F,F,DELIVER IN PERSON,2,Manufacturer#3,4-NOT SPECIFIED,4,MACHINERY,AIR,2,0.06,9,Brand#33,10,LG CAN,22,799,16757.9118
F,F,NONE,3,Manufacturer#5,1-URGENT,0,FURNITURE,TRUCK,5,0,22,Brand#54,16,JUMBO PACK,37,541,40125.315
F,F,NONE,3,Manufacturer#2,1-URGENT,0,FURNITURE,SHIP,2,0.05,23,Brand#25,16,SM DRUM,13,541,82688.6745
F,F,COLLECT COD,2,Manufacturer#2,2-HIGH,2,BUILDING,FOB,4,0.08,21,Brand#24,18,JUMBO PKG,1,800,34710.72
F,F,DELIVER IN PERSON,0,Manufacturer#1,2-HIGH,2,BUILDING,TRUCK,3,0.02,0,Brand#12,18,SM DRUM,8,800,50052.744
F,F,NONE,4,Manufacturer#5,2-HIGH,2,BUILDING,SHIP,2,0.06,20,Brand#54,18,SM BAG,49,800,12748.8384
F,F,NONE,2,Manufacturer#3,1-URGENT,1,BUILDING,RAIL,1,0.04,12,Brand#32,3,LG BOX,8,801,52671.3312
F,F,TAKE BACK RETURN,3,Manufacturer#5,1-URGENT,1,BUILDING,MAIL,4,0.06,7,Brand#53,3,SM CASE,1,801,8920.3023
F,F,COLLECT COD,1,Manufacturer#1,1-URGENT,1,BUILDING,MAIL,6,0.01,24,Brand#11,3,SM JAR,24,801,51504.728
F,F,DELIVER IN PERSON,4,Manufacturer#4,1-URGENT,1,BUILDING,RAIL,3,0.07,10,Brand#41,3,SM JAR,26,801,87197.665
F,F,DELIVER IN PERSON,4,Manufacturer#3,2-HIGH,1,MACHINERY,FOB,4,0.04,20,Brand#34,3,LG BAG,38,802,23858.832
F,F,DELIVER IN PERSON,2,Manufacturer#1,3-MEDIUM,0,FURNITURE,AIR,3,0.03,8,Brand#13,14,JUMBO BAG,14,803,27428.5984
F,F,COLLECT COD,4,Manufacturer#1,3-MEDIUM,0,FURNITURE,RAIL,4,0.06,13,Brand#14,14,WRAP PACK,31,803,6357.12
F,F,NONE,0,Manufacturer#1,3-MEDIUM,0,FURNITURE,FOB,1,0.05,16,Brand#15,14,JUMBO JAR,16,803,55095.984
F,F,NONE,2,Manufacturer#2,3-MEDIUM,0,FURNITURE,TRUCK,2,0,21,Brand#21,14,WRAP PACK,29,803,7517.7522
F,F,TAKE BACK RETURN,3,Manufacturer#1,2-HIGH,1,MACHINERY,AIR,1,0.08,7,Brand#13,24,LG JAR,10,804,5655.463
F,F,TAKE BACK RETURN,4,Manufacturer#3,3-MEDIUM,1,MACHINERY,MAIL,4,0.04,20,Brand#35,3,WRAP BAG,17,805,9254.5299
F,F,TAKE BACK RETURN,2,Manufacturer#2,3-MEDIUM,1,MACHINERY,RAIL,3,0,18,Brand#25,3,WRAP DRUM,14,805,67063.6197
F,F,TAKE BACK RETURN,0,Manufacturer#5,3-MEDIUM,1,MACHINERY,MAIL,2,0.03,14,Brand#52,3,SM JAR,22,805,9129.12
F,F,COLLECT COD,2,Manufacturer#3,4-NOT SPECIFIED,4,MACHINERY,AIR,3,0.08,8,Brand#31,11,SM DRUM,16,806,36715.5072
F,F,DELIVER IN PERSON,4,Manufacturer#3,1-URGENT,0,MACHINERY,TRUCK,1,0.04,13,Brand#31,0,LG BAG,48,807,11373.2676
F,F,NONE,4,Manufacturer#3,5-LOW,4,MACHINERY,FOB,1,0.02,10,Brand#33,4,SM PKG,26,808,67552.794
F,F,NONE,1,Manufacturer#3,5-LOW,4,MACHINERY,AIR,5,0.07,3,Brand#31,4,SM PKG,14,808,69541.08
F,F,TAKE BACK RETURN,1,Manufacturer#1,5-LOW,4,MACHINERY,TRUCK,3,0.02,17,Brand#13,4,MED DRUM,48,808,56914.5682
F,F,TAKE BACK RETURN,4,Manufacturer#4,5-LOW,4,MACHINERY,SHIP,2,0.01,10,Brand#41,4,JUMBO CAN,19,808,31736.81
F,F,DELIVER IN PERSON,3,Manufacturer#5,3-MEDIUM,0,MACHINERY,AIR,3,0.03,23,Brand#52,14,JUMBO CASE,6,809,20869.6464
F,F,DELIVER IN PERSON,1,Manufacturer#3,3-MEDIUM,0,MACHINERY,RAIL,4,0.04,17,Brand#31,14,MED PACK,4,809,64615.716
F,F,DELIVER IN PERSON,1,Manufacturer#2,3-MEDIUM,0,MACHINERY,RAIL,7,0.03,17,Brand#21,14,JUMBO CASE,37,809,32720.1758
F,F,COLLECT COD,4,Manufacturer#2,3-MEDIUM,0,MACHINERY,MAIL,5,0.03,20,Brand#24,14,MED BOX,13,809,46971.792
F,F,DELIVER IN PERSON,1,Manufacturer#4,3-MEDIUM,0,MACHINERY,RAIL,2,0.06,17,Brand#41,14,JUMBO BAG,18,809,42095.52
F,F,NONE,1,Manufacturer#3,2-HIGH,1,AUTOMOBILE,RAIL,6,0.06,1,Brand#35,17,LG BOX,2,810,53021.0536
F,F,NONE,1,Manufacturer#3,2-HIGH,1,AUTOMOBILE,RAIL,3,0,2,Brand#34,17,SM BAG,31,810,21341.1
F,F,NONE,2,Manufacturer#3,2-HIGH,1,AUTOMOBILE,MAIL,2,0.01,8,Brand#32,17,MED BAG,23,810,65726.115
F,F,TAKE BACK RETURN,3,Manufacturer#1,2-HIGH,1,AUTOMOBILE,AIR,7,0.07,7,Brand#13,17,MED PKG,44,810,58235.8752
F,F,DELIVER IN PERSON,3,Manufacturer#1,2-HIGH,1,AUTOMOBILE,FOB,1,0.05,22,Brand#13,17,LG JAR,5,810,57728.095
F,F,NONE,3,Manufacturer#1,3-MEDIUM,3,BUILDING,RAIL,5,0.01,19,Brand#15,23,LG PACK,24,170,33993.456
F,F,COLLECT COD,0,Manufacturer#3,3-MEDIUM,3,BUILDING,REG AIR,1,0,14,Brand#33,23,LG BOX,30,170,76863.85
F,F,NONE,3,Manufacturer#3,3-MEDIUM,3,BUILDING,FOB,6,0.04,22,Brand#33,23,LG PACK,13,170,11471.6448
F,F,NONE,0,Manufacturer#1,3-MEDIUM,3,BUILDING,TRUCK,4,0,14,Brand#15,23,LG BOX,22,170,16661.372
F,F,TAKE BACK RETURN,0,Manufacturer#3,3-MEDIUM,2,HOUSEHOLD,SHIP,4,0.06,16,Brand#33,8,LG PACK,3,811,55523.4645
F,F,TAKE BACK RETURN,3,Manufacturer#3,1-URGENT,0,BUILDING,RAIL,1,0.05,19,Brand#34,14,SM CASE,30,812,40571.1845
F,F,DELIVER IN PERSON,0,Manufacturer#3,1-URGENT,0,MACHINERY,RAIL,3,0.05,15,Brand#31,14,MED DRUM,45,813,28950.2304
F,F,DELIVER IN PERSON,1,Manufacturer#4,1-URGENT,0,MACHINERY,AIR,4,0.06,2,Brand#44,14,WRAP JAR,22,813,32347.9544
F,F,TAKE BACK RETURN,4,Manufacturer#2,1-URGENT,0,MACHINERY,SHIP,2,0.03,20,Brand#22,14,WRAP JAR,16,813,19758.9504
F,F,NONE,0,Manufacturer#4,1-URGENT,0,MACHINERY,TRUCK,1,0.07,15,Brand#43,14,MED JAR,11,813,49053.8664
F,F,COLLECT COD,0,Manufacturer#2,3-MEDIUM,2,AUTOMOBILE,MAIL,3,0.04,14,Brand#25,9,JUMBO JAR,3,814,2258.44
F,F,TAKE BACK RETURN,1,Manufacturer#4,3-MEDIUM,2,AUTOMOBILE,FOB,2,0.03,17,Brand#43,9,MED BOX,17,814,3938.0571
F,F,TAKE BACK RETURN,3,Manufacturer#5,3-MEDIUM,2,AUTOMOBILE,AIR,1,0.03,22,Brand#53,9,JUMBO BAG,33,814,5151.762
F,F,TAKE BACK RETURN,0,Manufacturer#4,1-URGENT,0,HOUSEHOLD,TRUCK,1,0,14,Brand#43,16,SM JAR,46,815,44316.7956
F,F,DELIVER IN PERSON,0,Manufacturer#1,5-LOW,2,FURNITURE,RAIL,3,0.01,15,Brand#11,21,JUMBO DRUM,6,816,15176.4504
F,F,COLLECT COD,0,Manufacturer#4,1-URGENT,0,MACHINERY,RAIL,4,0.01,16,Brand#43,0,WRAP PKG,2,807,1116.2
F,F,TAKE BACK RETURN,1,Manufacturer#1,1-URGENT,0,MACHINERY,AIR,3,0.01,2,Brand#13,0,WRAP CASE,19,807,56435.292
F,F,NONE,2,Manufacturer#1,1-URGENT,0,MACHINERY,REG AIR,6,0.07,21,Brand#12,0,WRAP BAG,37,807,7693.6225
F,F,NONE,1,Manufacturer#1,1-URGENT,0,MACHINERY,REG AIR,2,0.08,17,Brand#13,0,JUMBO BOX,14,807,22246.0238
F,F,DELIVER IN PERSON,0,Manufacturer#4,4-NOT SPECIFIED,4,BUILDING,REG AIR,3,0.06,15,Brand#45,11,MED DRUM,10,817,23136.9376
F,F,COLLECT COD,3,Manufacturer#5,4-NOT SPECIFIED,4,BUILDING,SHIP,2,0.07,22,Brand#53,11,JUMBO DRUM,46,817,57205.3482
F,F,COLLECT COD,1,Manufacturer#2,4-NOT SPECIFIED,4,BUILDING,SHIP,1,0.01,3,Brand#22,11,WRAP BOX,19,817,6321.06
F,F,TAKE BACK RETURN,0,Manufacturer#2,4-NOT SPECIFIED,2,BUILDING,AIR,2,0.06,15,Brand#21,9,MED BAG,38,818,18480.5166
F,F,NONE,4,Manufacturer#2,3-MEDIUM,0,BUILDING,MAIL,1,0,11,Brand#21,15,WRAP CASE,16,819,7819.2
F,F,NONE,3,Manufacturer#5,3-MEDIUM,0,BUILDING,SHIP,3,0.03,6,Brand#53,15,SM CASE,44,819,5832.1056
F,F,COLLECT COD,2,Manufacturer#2,3-MEDIUM,0,BUILDING,REG AIR,2,0.04,9,Brand#23,15,SM PACK,16,819,18279.099
F,F,NONE,2,Manufacturer#1,1-URGENT,2,FURNITURE,FOB,1,0.07,8,Brand#14,12,MED DRUM,46,820,17446.588
F,F,DELIVER IN PERSON,1,Manufacturer#2,3-MEDIUM,1,HOUSEHOLD,SHIP,3,0.06,3,Brand#22,17,SM JAR,15,821,39908.484
F,F,DELIVER IN PERSON,2,Manufacturer#4,2-HIGH,1,BUILDING,RAIL,2,0.02,18,Brand#45,17,JUMBO BAG,20,822,42449.319
F,F,TAKE BACK RETURN,2,Manufacturer#1,2-HIGH,1,BUILDING,RAIL,1,0.04,21,Brand#14,17,LG BOX,33,822,54654.453
F,F,COLLECT COD,2,Manufacturer#5,2-HIGH,1,BUILDING,RAIL,4,0.05,21,Brand#53,17,JUMBO DRUM,9,822,11329.726
F,F,DELIVER IN PERSON,3,Manufacturer#4,3-MEDIUM,1,HOUSEHOLD,RAIL,2,0.05,23,Brand#42,17,MED BOX,8,821,22896.159
F,F,NONE,1,Manufacturer#3,3-MEDIUM,1,HOUSEHOLD,MAIL,1,0.04,3,Brand#34,17,SM CASE,14,821,64125.924
F,F,DELIVER IN PERSON,1,Manufacturer#1,4-NOT SPECIFIED,0,AUTOMOBILE,MAIL,5,0.02,3,Brand#14,15,WRAP CAN,47,823,52370.175
F,F,NONE,3,Manufacturer#3,4-NOT SPECIFIED,0,AUTOMOBILE,MAIL,4,0.03,7,Brand#35,15,MED PKG,23,823,8360.5949
F,F,NONE,1,Manufacturer#3,4-NOT SPECIFIED,0,AUTOMOBILE,FOB,7,0.03,24,Brand#34,15,LG DRUM,47,823,10534.645
F,F,NONE,3,Manufacturer#1,5-LOW,4,FURNITURE,TRUCK,3,0.03,7,Brand#14,20,JUMBO PKG,21,824,60053.812
F,F,COLLECT COD,0,Manufacturer#2,5-LOW,4,FURNITURE,REG AIR,2,0.03,5,Brand#25,20,MED PACK,22,824,35601.792
F,F,TAKE BACK RETURN,1,Manufacturer#3,3-MEDIUM,3,FURNITURE,AIR,5,0.04,2,Brand#31,22,SM JAR,15,825,48106.773
F,F,NONE,0,Manufacturer#1,1-URGENT,4,HOUSEHOLD,AIR,2,0.05,16,Brand#11,13,MED DRUM,14,826,40698.7308
F,F,DELIVER IN PERSON,4,Manufacturer#4,3-MEDIUM,3,FURNITURE,TRUCK,3,0.03,11,Brand#42,22,WRAP BAG,10,825,31728.2148
F,F,DELIVER IN PERSON,1,Manufacturer#4,1-URGENT,0,HOUSEHOLD,REG AIR,6,0.04,17,Brand#43,0,SM BOX,34,827,16188.1566
F,F,DELIVER IN PERSON,4,Manufacturer#4,3-MEDIUM,3,FURNITURE,REG AIR,7,0.06,13,Brand#41,22,SM PACK,46,825,25997.636
F,F,COLLECT COD,1,Manufacturer#5,4-NOT SPECIFIED,4,AUTOMOBILE,TRUCK,1,0.02,17,Brand#53,20,LG DRUM,14,828,48496.809
F,F,COLLECT COD,0,Manufacturer#5,1-URGENT,0,HOUSEHOLD,FOB,3,0.02,15,Brand#52,0,SM JAR,16,827,5910.0012
F,F,COLLECT COD,1,Manufacturer#5,1-URGENT,0,HOUSEHOLD,FOB,1,0.01,24,Brand#55,0,MED CASE,22,827,46207.7154
F,F,COLLECT COD,2,Manufacturer#1,1-URGENT,0,HOUSEHOLD,RAIL,4,0.03,21,Brand#11,0,WRAP CAN,3,827,7069.293
F,F,DELIVER IN PERSON,2,Manufacturer#3,1-URGENT,0,HOUSEHOLD,RAIL,2,0.03,18,Brand#32,5,SM PKG,13,829,44837.0972
F,F,TAKE BACK RETURN,3,Manufacturer#2,1-URGENT,0,HOUSEHOLD,RAIL,4,0.08,19,Brand#21,5,SM DRUM,49,829,63425.7715
F,F,TAKE BACK RETURN,4,Manufacturer#3,1-URGENT,0,HOUSEHOLD,SHIP,1,0.07,13,Brand#35,5,MED CASE,8,829,9088.92
F,F,NONE,1,Manufacturer#5,1-URGENT,2,AUTOMOBILE,SHIP,5,0.07,17,Brand#52,12,JUMBO DRUM,32,401,38196.1944
F,F,DELIVER IN PERSON,2,Manufacturer#5,1-URGENT,2,AUTOMOBILE,SHIP,3,0.02,12,Brand#52,12,LG CASE,49,401,53616.5938
F,F,COLLECT COD,4,Manufacturer#2,1-URGENT,2,AUTOMOBILE,TRUCK,2,0.03,20,Brand#25,12,JUMBO JAR,13,401,41604.7
F,F,NONE,4,Manufacturer#3,2-HIGH,1,FURNITURE,FOB,1,0,20,Brand#34,17,LG JAR,21,830,17336.544
F,F,NONE,3,Manufacturer#2,2-HIGH,1,FURNITURE,REG AIR,2,0.02,7,Brand#24,17,JUMBO JAR,25,830,10396.1676
F,F,NONE,3,Manufacturer#1,1-URGENT,0,AUTOMOBILE,TRUCK,2,0.05,7,Brand#14,16,LG PACK,49,831,47510.5422
F,F,NONE,1,Manufacturer#1,1-URGENT,0,AUTOMOBILE,TRUCK,7,0.06,2,Brand#13,16,WRAP DRUM,11,831,5424.0648
F,F,NONE,1,Manufacturer#3,4-NOT SPECIFIED,4,AUTOMOBILE,AIR,2,0.05,24,Brand#32,20,SM BOX,49,828,23112.027
F,F,DELIVER IN PERSON,1,Manufacturer#1,4-NOT SPECIFIED,0,MACHINERY,TRUCK,4,0.06,2,Brand#11,0,LG DRUM,7,832,36890.16
F,F,NONE,0,Manufacturer#1,2-HIGH,4,FURNITURE,REG AIR,4,0.03,16,Brand#14,11,LG JAR,30,833,43029.8596
F,F,NONE,2,Manufacturer#2,2-HIGH,4,FURNITURE,FOB,5,0,18,Brand#21,11,SM PACK,19,833,56092.0542
F,F,DELIVER IN PERSON,0,Manufacturer#4,2-HIGH,4,FURNITURE,REG AIR,3,0.01,0,Brand#44,11,SM PACK,33,833,34211.996
F,F,COLLECT COD,2,Manufacturer#3,2-HIGH,4,FURNITURE,MAIL,1,0.03,21,Brand#32,11,WRAP PKG,39,833,43451.9982
F,F,NONE,1,Manufacturer#2,2-HIGH,4,FURNITURE,AIR,2,0.08,3,Brand#23,11,JUMBO PKG,27,833,53691.017
F,F,COLLECT COD,4,Manufacturer#5,1-URGENT,0,HOUSEHOLD,SHIP,3,0.05,4,Brand#51,15,LG CASE,15,834,20072.7912
F,F,DELIVER IN PERSON,3,Manufacturer#1,3-MEDIUM,2,MACHINERY,AIR,2,0.01,22,Brand#14,21,MED PKG,36,835,30285.4734
F,F,COLLECT COD,0,Manufacturer#4,3-MEDIUM,0,AUTOMOBILE,REG AIR,1,0.04,14,Brand#43,5,JUMBO CASE,39,591,65253.8964
F,F,NONE,3,Manufacturer#5,1-URGENT,0,AUTOMOBILE,MAIL,3,0.08,6,Brand#53,15,MED PACK,17,836,30408.7875
F,F,NONE,3,Manufacturer#3,1-URGENT,0,AUTOMOBILE,REG AIR,2,0.07,22,Brand#32,15,SM CASE,42,836,6935.8464
F,F,DELIVER IN PERSON,2,Manufacturer#1,3-MEDIUM,0,HOUSEHOLD,RAIL,2,0.05,12,Brand#13,5,MED CASE,15,837,42239.3775
F,F,TAKE BACK RETURN,2,Manufacturer#4,2-HIGH,4,MACHINERY,REG AIR,1,0.03,18,Brand#42,4,JUMBO DRUM,22,838,35140.9428
F,F,DELIVER IN PERSON,1,Manufacturer#2,1-URGENT,0,AUTOMOBILE,REG AIR,4,0.01,2,Brand#21,14,JUMBO PKG,11,839,52650.2016
F,F,NONE,1,Manufacturer#5,1-URGENT,0,HOUSEHOLD,SHIP,4,0.06,24,Brand#55,15,JUMBO BOX,8,834,25602.9312
F,F,COLLECT COD,0,Manufacturer#1,2-HIGH,2,HOUSEHOLD,REG AIR,2,0.06,16,Brand#11,9,MED CASE,8,840,9365.937
F,F,COLLECT COD,1,Manufacturer#3,2-HIGH,2,HOUSEHOLD,MAIL,3,0.03,24,Brand#35,9,SM BOX,9,840,15491.7984
F,F,TAKE BACK RETURN,2,Manufacturer#1,1-URGENT,0,BUILDING,REG AIR,3,0,12,Brand#14,14,JUMBO CASE,37,841,34203.6981
F,F,COLLECT COD,2,Manufacturer#1,1-URGENT,0,BUILDING,TRUCK,4,0.01,12,Brand#15,14,LG BAG,46,841,59619.1428
F,F,COLLECT COD,3,Manufacturer#5,4-NOT SPECIFIED,4,MACHINERY,FOB,1,0.06,22,Brand#55,20,MED PACK,23,842,13436.1136
F,F,NONE,2,Manufacturer#2,4-NOT SPECIFIED,4,MACHINERY,FOB,2,0.07,12,Brand#21,20,MED BOX,46,842,17838.81
F,F,TAKE BACK RETURN,4,Manufacturer#1,4-NOT SPECIFIED,0,MACHINERY,TRUCK,1,0.08,10,Brand#12,16,LG CASE,50,843,13827.2256
F,F,TAKE BACK RETURN,1,Manufacturer#3,4-NOT SPECIFIED,0,MACHINERY,FOB,2,0,2,Brand#32,16,MED PKG,13,843,55026.1712
F,F,NONE,1,Manufacturer#3,4-NOT SPECIFIED,0,MACHINERY,MAIL,4,0.03,1,Brand#35,16,MED BAG,34,843,49453.47
F,F,COLLECT COD,2,Manufacturer#5,2-HIGH,3,BUILDING,SHIP,2,0.07,8,Brand#54,19,SM DRUM,9,844,16696.611
F,F,COLLECT COD,4,Manufacturer#3,1-URGENT,0,BUILDING,TRUCK,1,0.06,10,Brand#35,5,JUMBO BOX,20,845,46759.3854
F,F,DELIVER IN PERSON,4,Manufacturer#4,2-HIGH,3,BUILDING,MAIL,2,0.07,20,Brand#45,19,WRAP CASE,26,846,32063.517
F,F,DELIVER IN PERSON,4,Manufacturer#4,2-HIGH,4,AUTOMOBILE,MAIL,3,0,4,Brand#41,10,WRAP BOX,11,847,15243.852
F,F,NONE,1,Manufacturer#2,2-HIGH,4,AUTOMOBILE,AIR,1,0.05,2,Brand#21,10,MED BOX,7,847,3674.9216
F,F,NONE,0,Manufacturer#2,4-NOT SPECIFIED,3,MACHINERY,TRUCK,3,0.03,16,Brand#22,7,JUMBO PACK,38,848,1160.5748
F,F,DELIVER IN PERSON,1,Manufacturer#5,5-LOW,3,BUILDING,RAIL,3,0.04,2,Brand#52,7,MED JAR,20,309,43651.0438
F,F,COLLECT COD,1,Manufacturer#4,3-MEDIUM,0,MACHINERY,TRUCK,4,0.03,24,Brand#42,0,LG JAR,1,849,68206.383
F,F,COLLECT COD,2,Manufacturer#2,3-MEDIUM,0,MACHINERY,AIR,1,0,9,Brand#21,0,LG PKG,41,849,12717.3024
F,F,NONE,2,Manufacturer#5,1-URGENT,4,FURNITURE,RAIL,6,0.02,9,Brand#52,11,LG BAG,14,850,14638.0845
F,F,COLLECT COD,1,Manufacturer#1,1-URGENT,4,FURNITURE,REG AIR,3,0,3,Brand#14,11,JUMBO BAG,24,850,20124.1584
F,F,TAKE BACK RETURN,4,Manufacturer#5,1-URGENT,4,FURNITURE,FOB,1,0.06,20,Brand#53,11,JUMBO DRUM,37,850,30491.073
F,F,DELIVER IN PERSON,4,Manufacturer#5,4-NOT SPECIFIED,1,HOUSEHOLD,TRUCK,3,0.02,11,Brand#54,2,SM PKG,35,851,62880.12
F,F,TAKE BACK RETURN,2,Manufacturer#2,4-NOT SPECIFIED,1,HOUSEHOLD,MAIL,1,0.08,9,Brand#22,2,MED JAR,31,851,44424.2976
F,F,TAKE BACK RETURN,2,Manufacturer#4,4-NOT SPECIFIED,1,HOUSEHOLD,MAIL,2,0,12,Brand#41,2,SM CASE,47,851,25973.5392
F,F,DELIVER IN PERSON,4,Manufacturer#2,1-URGENT,2,HOUSEHOLD,REG AIR,1,0.01,13,Brand#23,18,WRAP CAN,16,852,42485.002
F,F,COLLECT COD,3,Manufacturer#4,1-URGENT,2,HOUSEHOLD,AIR,3,0.07,23,Brand#43,18,LG CASE,7,852,27887.7328
F,F,COLLECT COD,0,Manufacturer#1,1-URGENT,4,MACHINERY,RAIL,6,0.01,0,Brand#15,11,SM DRUM,13,853,61147.478
F,F,DELIVER IN PERSON,2,Manufacturer#4,1-URGENT,4,MACHINERY,FOB,4,0.04,8,Brand#45,11,WRAP CASE,3,853,28423.791
F,F,TAKE BACK RETURN,4,Manufacturer#3,1-URGENT,4,MACHINERY,TRUCK,3,0.05,11,Brand#35,11,JUMBO CAN,5,853,4085.0712
F,F,NONE,3,Manufacturer#1,1-URGENT,4,MACHINERY,FOB,2,0.05,22,Brand#12,11,JUMBO PKG,7,853,42106.0724
F,F,NONE,2,Manufacturer#1,5-LOW,4,FURNITURE,MAIL,2,0.02,21,Brand#15,10,LG PKG,26,854,5920.572
F,F,DELIVER IN PERSON,2,Manufacturer#4,5-LOW,4,FURNITURE,SHIP,1,0,8,Brand#44,10,JUMBO JAR,18,854,4004.6256
F,F,DELIVER IN PERSON,2,Manufacturer#4,2-HIGH,0,BUILDING,SHIP,1,0.07,18,Brand#43,14,LG PKG,6,855,59010.21
F,F,COLLECT COD,2,Manufacturer#2,4-NOT SPECIFIED,3,MACHINERY,FOB,1,0.07,21,Brand#25,7,WRAP DRUM,17,848,41353.8944
F,F,NONE,3,Manufacturer#1,4-NOT SPECIFIED,3,MACHINERY,TRUCK,4,0.04,22,Brand#13,7,LG DRUM,38,848,42517.5075
F,F,DELIVER IN PERSON,3,Manufacturer#1,3-MEDIUM,4,AUTOMOBILE,TRUCK,2,0.07,23,Brand#15,13,MED PKG,14,856,59795.372
F,F,TAKE BACK RETURN,0,Manufacturer#4,1-URGENT,2,BUILDING,MAIL,6,0.01,0,Brand#43,9,JUMBO PKG,41,857,7764.384
F,F,NONE,4,Manufacturer#1,1-URGENT,2,BUILDING,AIR,4,0.06,20,Brand#14,9,MED DRUM,45,857,1022.3425
F,F,NONE,3,Manufacturer#1,1-URGENT,2,BUILDING,MAIL,1,0.02,23,Brand#13,9,MED BAG,26,857,56741.4886
F,F,TAKE BACK RETURN,2,Manufacturer#3,1-URGENT,2,BUILDING,FOB,3,0.05,12,Brand#35,9,WRAP PACK,24,857,53832.4878
F,F,NONE,3,Manufacturer#4,4-NOT SPECIFIED,2,AUTOMOBILE,FOB,4,0.02,7,Brand#41,18,SM BOX,35,858,10108.758
F,F,COLLECT COD,4,Manufacturer#3,4-NOT SPECIFIED,2,AUTOMOBILE,SHIP,6,0.01,4,Brand#33,18,WRAP DRUM,47,858,8539.383
F,F,DELIVER IN PERSON,1,Manufacturer#1,4-NOT SPECIFIED,2,AUTOMOBILE,REG AIR,3,0.02,17,Brand#13,18,SM CASE,47,858,63213.361
F,F,NONE,2,Manufacturer#4,4-NOT SPECIFIED,2,AUTOMOBILE,FOB,7,0.06,18,Brand#43,18,LG PACK,44,858,59118.3628
F,F,COLLECT COD,2,Manufacturer#4,1-URGENT,4,BUILDING,TRUCK,2,0.05,12,Brand#44,10,LG CAN,5,859,28625.856
F,F,DELIVER IN PERSON,0,Manufacturer#4,1-URGENT,4,BUILDING,RAIL,1,0.08,16,Brand#43,10,LG CASE,47,859,21113.4273
F,F,NONE,0,Manufacturer#4,5-LOW,2,HOUSEHOLD,FOB,1,0,14,Brand#45,9,SM BAG,32,860,36526.6545
F,F,TAKE BACK RETURN,3,Manufacturer#5,5-LOW,2,HOUSEHOLD,REG AIR,2,0.06,7,Brand#52,9,JUMBO JAR,42,860,5297.715
F,F,NONE,2,Manufacturer#2,3-MEDIUM,4,AUTOMOBILE,TRUCK,1,0.01,18,Brand#24,13,LG BOX,10,856,35413.842
F,F,NONE,4,Manufacturer#2,3-MEDIUM,4,AUTOMOBILE,RAIL,5,0.03,10,Brand#25,13,JUMBO PKG,34,856,49502.486
F,F,DELIVER IN PERSON,1,Manufacturer#2,3-MEDIUM,4,AUTOMOBILE,AIR,6,0.08,24,Brand#25,13,WRAP JAR,3,856,18990.0288
F,F,TAKE BACK RETURN,2,Manufacturer#3,3-MEDIUM,4,AUTOMOBILE,TRUCK,3,0.06,8,Brand#32,13,WRAP CAN,48,856,58863.504
F,F,TAKE BACK RETURN,2,Manufacturer#1,2-HIGH,0,FURNITURE,RAIL,1,0.06,9,Brand#15,15,JUMBO DRUM,39,861,32489.829
F,F,COLLECT COD,4,Manufacturer#3,2-HIGH,0,FURNITURE,AIR,4,0,13,Brand#34,15,SM CAN,49,861,52244.2318
F,F,NONE,2,Manufacturer#5,2-HIGH,0,FURNITURE,RAIL,2,0.04,18,Brand#53,15,LG CASE,45,861,42111.7242
F,F,COLLECT COD,2,Manufacturer#4,2-HIGH,3,BUILDING,AIR,5,0.02,12,Brand#43,7,MED JAR,40,862,9268.182
F,F,DELIVER IN PERSON,0,Manufacturer#1,3-MEDIUM,3,HOUSEHOLD,FOB,1,0,0,Brand#14,7,SM PACK,5,863,7460.635
F,F,DELIVER IN PERSON,4,Manufacturer#4,2-HIGH,3,MACHINERY,SHIP,4,0.03,4,Brand#41,6,MED CASE,9,864,55950.26
F,F,TAKE BACK RETURN,2,Manufacturer#5,3-MEDIUM,4,BUILDING,REG AIR,3,0.08,8,Brand#53,10,LG DRUM,16,865,63534.6705
F,F,NONE,0,Manufacturer#3,3-MEDIUM,4,BUILDING,FOB,1,0.04,0,Brand#35,10,SM CASE,20,865,73143.312
F,F,TAKE BACK RETURN,1,Manufacturer#5,1-URGENT,1,AUTOMOBILE,AIR,1,0,3,Brand#53,3,SM PKG,40,866,52972.425
F,F,NONE,2,Manufacturer#4,2-HIGH,3,BUILDING,SHIP,3,0.03,21,Brand#45,6,JUMBO DRUM,24,867,49650.606
F,F,DELIVER IN PERSON,1,Manufacturer#3,5-LOW,0,HOUSEHOLD,RAIL,4,0.03,17,Brand#33,16,JUMBO BAG,48,868,19833.154
F,F,NONE,0,Manufacturer#4,3-MEDIUM,2,BUILDING,MAIL,1,0.03,14,Brand#41,8,JUMBO BAG,44,869,76991.91
F,F,DELIVER IN PERSON,2,Manufacturer#1,4-NOT SPECIFIED,0,MACHINERY,SHIP,2,0.05,18,Brand#11,5,LG DRUM,24,870,9186.747
F,F,COLLECT COD,2,Manufacturer#4,4-NOT SPECIFIED,0,MACHINERY,REG AIR,5,0,18,Brand#41,5,JUMBO BOX,7,870,15922.94
F,F,COLLECT COD,3,Manufacturer#3,2-HIGH,3,BUILDING,FOB,2,0.08,22,Brand#33,7,MED BAG,10,862,18062.5058
F,F,NONE,3,Manufacturer#1,2-HIGH,3,BUILDING,AIR,3,0.01,7,Brand#14,7,WRAP BAG,45,862,35096.985
F,F,DELIVER IN PERSON,4,Manufacturer#2,2-HIGH,3,BUILDING,FOB,1,0.07,20,Brand#24,7,WRAP PACK,21,862,1081.152
F,F,COLLECT COD,3,Manufacturer#3,2-HIGH,3,BUILDING,MAIL,6,0,19,Brand#33,7,JUMBO JAR,47,862,27596.0256
F,F,COLLECT COD,3,Manufacturer#4,2-HIGH,3,BUILDING,SHIP,4,0.04,7,Brand#44,7,MED DRUM,23,862,64484.34
F,F,COLLECT COD,0,Manufacturer#4,3-MEDIUM,1,BUILDING,AIR,3,0.05,16,Brand#42,1,LG PACK,37,871,39789.4464
F,F,NONE,4,Manufacturer#4,3-MEDIUM,1,BUILDING,MAIL,1,0.03,10,Brand#45,1,MED DRUM,31,871,55762.74
F,F,NONE,2,Manufacturer#3,3-MEDIUM,1,BUILDING,AIR,2,0,18,Brand#34,1,SM JAR,9,871,10364.8221
F,F,NONE,0,Manufacturer#3,3-MEDIUM,1,MACHINERY,TRUCK,1,0.06,16,Brand#35,17,SM JAR,16,872,1962.1364
F,F,TAKE BACK RETURN,2,Manufacturer#1,3-MEDIUM,0,AUTOMOBILE,MAIL,1,0.07,21,Brand#14,5,MED JAR,15,873,41580.9
F,F,DELIVER IN PERSON,3,Manufacturer#4,2-HIGH,0,FURNITURE,REG AIR,1,0.07,22,Brand#41,15,MED CASE,9,874,11408.0076
F,F,TAKE BACK RETURN,2,Manufacturer#2,2-HIGH,0,FURNITURE,MAIL,2,0.05,9,Brand#25,15,MED JAR,2,874,33459.7512
F,F,COLLECT COD,4,Manufacturer#5,5-LOW,4,FURNITURE,REG AIR,2,0.01,10,Brand#55,11,JUMBO CASE,14,875,47200.7652
F,F,DELIVER IN PERSON,1,Manufacturer#5,5-LOW,4,FURNITURE,FOB,3,0.01,24,Brand#54,11,MED PACK,38,875,70635.6882
F,F,COLLECT COD,3,Manufacturer#2,5-LOW,4,FURNITURE,AIR,1,0.08,22,Brand#21,11,SM BOX,37,875,41126.2833
F,F,NONE,4,Manufacturer#5,3-MEDIUM,4,MACHINERY,AIR,2,0.05,4,Brand#52,13,JUMBO JAR,41,876,4976.1975
F,F,DELIVER IN PERSON,3,Manufacturer#1,3-MEDIUM,4,MACHINERY,REG AIR,3,0,7,Brand#11,13,MED PACK,29,876,26194.8888
F,F,TAKE BACK RETURN,2,Manufacturer#2,3-MEDIUM,4,MACHINERY,MAIL,1,0.05,18,Brand#22,13,LG BAG,1,876,45251.451
F,F,NONE,1,Manufacturer#2,3-MEDIUM,4,MACHINERY,AIR,7,0.02,2,Brand#25,13,SM DRUM,13,876,71640.6768
F,F,COLLECT COD,0,Manufacturer#4,5-LOW,1,BUILDING,MAIL,5,0.05,16,Brand#45,2,LG CAN,18,877,62338.272
F,F,COLLECT COD,3,Manufacturer#3,5-LOW,1,BUILDING,SHIP,1,0.08,22,Brand#31,2,LG BAG,48,877,20654.4384
F,F,COLLECT COD,3,Manufacturer#5,5-LOW,1,BUILDING,AIR,2,0.02,22,Brand#52,2,SM CAN,29,877,4696.9185
F,F,DELIVER IN PERSON,4,Manufacturer#4,2-HIGH,1,BUILDING,SHIP,4,0.04,11,Brand#44,2,SM DRUM,20,878,7043.913
F,F,DELIVER IN PERSON,2,Manufacturer#1,2-HIGH,1,BUILDING,REG AIR,1,0.06,18,Brand#11,2,MED CASE,39,878,24513.216
F,F,COLLECT COD,3,Manufacturer#3,2-HIGH,1,BUILDING,TRUCK,5,0.05,19,Brand#34,2,LG PKG,22,878,36896.904
F,F,TAKE BACK RETURN,3,Manufacturer#4,4-NOT SPECIFIED,1,FURNITURE,RAIL,2,0.07,19,Brand#43,2,JUMBO BAG,21,879,21631.806
F,F,COLLECT COD,4,Manufacturer#1,4-NOT SPECIFIED,1,FURNITURE,MAIL,1,0.03,10,Brand#15,2,JUMBO BOX,19,879,65169.2976
F,F,COLLECT COD,4,Manufacturer#5,5-LOW,0,AUTOMOBILE,FOB,5,0.06,4,Brand#55,0,WRAP BOX,50,880,67439.266
F,F,DELIVER IN PERSON,3,Manufacturer#2,5-LOW,0,AUTOMOBILE,SHIP,1,0.05,22,Brand#22,0,JUMBO PACK,40,880,58591.1936
F,F,TAKE BACK RETURN,0,Manufacturer#3,5-LOW,0,AUTOMOBILE,MAIL,6,0.01,16,Brand#33,0,MED CAN,25,880,45906.3
F,F,NONE,3,Manufacturer#5,5-LOW,0,AUTOMOBILE,FOB,2,0.03,7,Brand#51,0,MED CASE,23,880,73238.634
F,F,DELIVER IN PERSON,0,Manufacturer#2,5-LOW,0,AUTOMOBILE,RAIL,4,0.06,16,Brand#23,0,MED JAR,34,880,4554.535
F,F,DELIVER IN PERSON,4,Manufacturer#3,3-MEDIUM,2,MACHINERY,AIR,1,0.08,13,Brand#34,18,MED DRUM,41,881,35851.6928
F,F,TAKE BACK RETURN,1,Manufacturer#4,4-NOT SPECIFIED,1,FURNITURE,AIR,2,0,3,Brand#45,1,MED DRUM,21,882,38709.7326
F,F,DELIVER IN PERSON,3,Manufacturer#4,1-URGENT,0,BUILDING,FOB,3,0.06,23,Brand#43,0,MED PACK,37,883,59886.6048
F,F,NONE,0,Manufacturer#5,1-URGENT,0,BUILDING,TRUCK,2,0.07,14,Brand#51,0,WRAP DRUM,49,883,27443.16
F,F,TAKE BACK RETURN,2,Manufacturer#5,1-URGENT,0,BUILDING,MAIL,5,0.04,21,Brand#53,0,LG CASE,29,883,76040.8704
F,F,COLLECT COD,3,Manufacturer#2,1-URGENT,0,BUILDING,MAIL,1,0.08,23,Brand#21,0,LG BOX,14,883,15152.211
F,F,COLLECT COD,2,Manufacturer#1,5-LOW,2,AUTOMOBILE,AIR,3,0.03,9,Brand#11,9,WRAP PACK,32,884,62933.3544
F,F,TAKE BACK RETURN,1,Manufacturer#1,5-LOW,2,AUTOMOBILE,FOB,1,0.05,24,Brand#13,9,LG BAG,5,884,51842.7546
F,F,NONE,2,Manufacturer#3,1-URGENT,0,HOUSEHOLD,SHIP,3,0.06,18,Brand#31,14,SM CASE,8,885,42844.032
F,F,TAKE BACK RETURN,0,Manufacturer#5,3-MEDIUM,2,BUILDING,RAIL,2,0.05,5,Brand#54,12,LG BAG,19,886,18667.68
F,F,NONE,2,Manufacturer#1,3-MEDIUM,2,BUILDING,MAIL,1,0.01,21,Brand#15,12,SM DRUM,36,886,31122.6006
F,F,TAKE BACK RETURN,1,Manufacturer#4,2-HIGH,3,BUILDING,SHIP,2,0.04,17,Brand#45,6,SM PACK,49,887,45919.959
F,F,NONE,1,Manufacturer#5,4-NOT SPECIFIED,1,FURNITURE,TRUCK,1,0.01,3,Brand#52,1,WRAP DRUM,8,882,88028.64
F,F,DELIVER IN PERSON,1,Manufacturer#3,3-MEDIUM,2,FURNITURE,TRUCK,1,0.05,1,Brand#31,21,JUMBO PKG,2,888,59013.7266
F,F,TAKE BACK RETURN,0,Manufacturer#1,3-MEDIUM,2,FURNITURE,MAIL,3,0.03,15,Brand#12,21,LG JAR,40,888,33861.6912
F,F,COLLECT COD,3,Manufacturer#2,2-HIGH,1,MACHINERY,FOB,2,0.05,7,Brand#22,1,JUMBO DRUM,1,889,30168.523
F,F,TAKE BACK RETURN,3,Manufacturer#1,5-LOW,3,AUTOMOBILE,REG AIR,3,0.08,6,Brand#12,23,WRAP DRUM,43,890,19389.1074
F,F,DELIVER IN PERSON,0,Manufacturer#5,5-LOW,3,AUTOMOBILE,RAIL,2,0,5,Brand#53,23,LG DRUM,22,890,52471.16
F,F,COLLECT COD,0,Manufacturer#3,2-HIGH,1,MACHINERY,TRUCK,3,0.08,15,Brand#32,1,SM BOX,8,889,65456.667
F,F,NONE,3,Manufacturer#1,2-HIGH,1,MACHINERY,AIR,1,0.06,22,Brand#15,1,LG BOX,18,889,24503.076
F,F,COLLECT COD,0,Manufacturer#5,4-NOT SPECIFIED,2,MACHINERY,FOB,3,0.01,15,Brand#53,18,MED JAR,12,891,6200.4495
F,F,COLLECT COD,0,Manufacturer#2,1-URGENT,3,AUTOMOBILE,AIR,2,0.02,14,Brand#25,19,LG PACK,26,892,45204.522
F,F,DELIVER IN PERSON,0,Manufacturer#1,1-URGENT,3,AUTOMOBILE,FOB,6,0.05,15,Brand#12,19,JUMBO CAN,32,892,24820.705
F,F,COLLECT COD,2,Manufacturer#3,2-HIGH,3,AUTOMOBILE,FOB,2,0,12,Brand#33,6,WRAP DRUM,48,893,12788.136
F,F,DELIVER IN PERSON,3,Manufacturer#4,2-HIGH,3,AUTOMOBILE,MAIL,1,0.02,6,Brand#43,6,MED CASE,45,893,6315.7632
F,F,DELIVER IN PERSON,3,Manufacturer#2,4-NOT SPECIFIED,2,MACHINERY,REG AIR,6,0.01,7,Brand#23,18,WRAP BAG,43,891,4632.633
F,F,COLLECT COD,3,Manufacturer#5,4-NOT SPECIFIED,2,MACHINERY,REG AIR,1,0.08,7,Brand#51,18,WRAP PKG,4,891,28895.958
F,F,COLLECT COD,3,Manufacturer#5,4-NOT SPECIFIED,2,MACHINERY,SHIP,4,0.01,7,Brand#54,18,JUMBO BOX,44,891,57781.1232
F,F,COLLECT COD,1,Manufacturer#3,5-LOW,2,BUILDING,TRUCK,2,0.04,24,Brand#33,12,WRAP CASE,28,894,40578.0557
F,F,NONE,0,Manufacturer#2,5-LOW,2,BUILDING,SHIP,1,0.05,0,Brand#23,12,SM DRUM,38,894,10575.4
F,F,TAKE BACK RETURN,4,Manufacturer#4,5-LOW,2,BUILDING,FOB,3,0.02,20,Brand#45,12,JUMBO JAR,30,894,51857.826
F,F,NONE,2,Manufacturer#4,5-LOW,2,HOUSEHOLD,MAIL,3,0.05,9,Brand#45,12,SM PACK,16,895,32507.904
F,F,NONE,3,Manufacturer#4,5-LOW,2,FURNITURE,FOB,3,0.01,7,Brand#44,12,LG CAN,36,896,45898.16
F,F,TAKE BACK RETURN,4,Manufacturer#5,5-LOW,2,FURNITURE,TRUCK,2,0.01,4,Brand#54,12,MED PACK,11,896,9882.972
F,F,DELIVER IN PERSON,2,Manufacturer#2,5-LOW,2,FURNITURE,SHIP,1,0.07,18,Brand#25,12,JUMBO PKG,28,896,2473.2
F,F,DELIVER IN PERSON,0,Manufacturer#1,4-NOT SPECIFIED,0,MACHINERY,TRUCK,1,0.01,0,Brand#13,5,SM DRUM,29,897,16928.496
F,F,TAKE BACK RETURN,1,Manufacturer#4,2-HIGH,2,MACHINERY,MAIL,3,0.07,2,Brand#43,9,SM BOX,8,57,58093.2963
F,F,NONE,2,Manufacturer#4,2-HIGH,2,MACHINERY,REG AIR,1,0.04,12,Brand#41,9,MED PACK,30,57,33320.1706
F,F,DELIVER IN PERSON,2,Manufacturer#5,5-LOW,2,HOUSEHOLD,AIR,5,0.04,18,Brand#54,12,WRAP BOX,20,895,17922.4608
F,F,DELIVER IN PERSON,2,Manufacturer#1,5-LOW,2,HOUSEHOLD,RAIL,6,0.03,9,Brand#14,12,LG BOX,33,895,49027.8948
F,F,TAKE BACK RETURN,3,Manufacturer#4,5-LOW,2,HOUSEHOLD,MAIL,4,0.01,23,Brand#41,12,MED CAN,38,895,15920.01
F,F,TAKE BACK RETURN,2,Manufacturer#5,2-HIGH,2,BUILDING,AIR,1,0.07,12,Brand#54,21,SM BOX,5,898,18641.8826
F,F,TAKE BACK RETURN,0,Manufacturer#1,3-MEDIUM,2,HOUSEHOLD,SHIP,4,0.07,15,Brand#13,12,WRAP DRUM,7,899,42394.0608
F,F,COLLECT COD,3,Manufacturer#3,3-MEDIUM,3,MACHINERY,SHIP,6,0.07,6,Brand#32,23,JUMBO JAR,22,900,31171.7952
F,F,NONE,1,Manufacturer#2,3-MEDIUM,2,FURNITURE,SHIP,5,0.06,2,Brand#24,12,SM JAR,35,901,51091.7262
F,F,TAKE BACK RETURN,4,Manufacturer#1,3-MEDIUM,2,FURNITURE,MAIL,3,0.01,13,Brand#11,12,SM PACK,29,901,41622.126
F,F,COLLECT COD,3,Manufacturer#5,3-MEDIUM,2,FURNITURE,MAIL,1,0.04,19,Brand#51,12,MED PACK,42,901,18190.2105
F,F,NONE,1,Manufacturer#5,4-NOT SPECIFIED,3,HOUSEHOLD,MAIL,4,0.04,3,Brand#53,7,JUMBO PKG,48,902,50893.3296
F,F,DELIVER IN PERSON,3,Manufacturer#4,4-NOT SPECIFIED,3,HOUSEHOLD,TRUCK,2,0.06,22,Brand#43,7,JUMBO PACK,21,902,48836.151
F,F,NONE,2,Manufacturer#5,4-NOT SPECIFIED,3,HOUSEHOLD,AIR,3,0,21,Brand#55,7,JUMBO CAN,41,902,36486.3954
F,F,COLLECT COD,2,Manufacturer#3,3-MEDIUM,4,MACHINERY,REG AIR,2,0,12,Brand#31,10,LG CAN,13,903,8631.3045
F,F,COLLECT COD,0,Manufacturer#5,3-MEDIUM,4,MACHINERY,RAIL,5,0.08,15,Brand#53,10,WRAP CASE,45,903,14888.2464
F,F,TAKE BACK RETURN,3,Manufacturer#4,3-MEDIUM,4,MACHINERY,AIR,3,0,6,Brand#45,10,JUMBO CASE,31,903,10764.6495
F,F,TAKE BACK RETURN,4,Manufacturer#2,4-NOT SPECIFIED,4,AUTOMOBILE,MAIL,5,0.06,10,Brand#22,10,MED PACK,42,904,33412.203
F,F,DELIVER IN PERSON,2,Manufacturer#4,4-NOT SPECIFIED,4,AUTOMOBILE,REG AIR,3,0.07,8,Brand#41,10,JUMBO BAG,40,904,2180.34
F,F,TAKE BACK RETURN,1,Manufacturer#4,4-NOT SPECIFIED,4,AUTOMOBILE,FOB,4,0.08,1,Brand#42,10,LG BOX,11,904,81022.5856
F,F,COLLECT COD,0,Manufacturer#3,5-LOW,0,AUTOMOBILE,MAIL,2,0.03,15,Brand#31,16,WRAP PKG,14,905,46424.79
F,F,NONE,4,Manufacturer#1,5-LOW,0,AUTOMOBILE,AIR,1,0.04,11,Brand#15,16,LG BAG,11,905,35586.336
F,F,COLLECT COD,0,Manufacturer#3,5-LOW,0,AUTOMOBILE,SHIP,5,0.04,15,Brand#32,16,WRAP CAN,10,905,48638.8791
F,F,NONE,1,Manufacturer#3,3-MEDIUM,2,HOUSEHOLD,SHIP,2,0.04,24,Brand#31,12,WRAP PKG,35,899,16879.07
F,F,COLLECT COD,0,Manufacturer#4,3-MEDIUM,1,FURNITURE,RAIL,3,0.08,5,Brand#43,24,MED CAN,14,906,2355.411
F,F,TAKE BACK RETURN,1,Manufacturer#4,3-MEDIUM,1,FURNITURE,TRUCK,1,0.07,17,Brand#42,24,WRAP BAG,13,906,13739.49
F,F,NONE,3,Manufacturer#2,3-MEDIUM,0,FURNITURE,REG AIR,2,0.03,6,Brand#22,14,SM CASE,33,907,40183.0525
F,F,NONE,0,Manufacturer#2,4-NOT SPECIFIED,2,FURNITURE,TRUCK,1,0.02,14,Brand#21,18,SM BAG,1,908,66982.562
F,F,TAKE BACK RETURN,2,Manufacturer#3,1-URGENT,1,AUTOMOBILE,AIR,1,0.02,8,Brand#32,17,WRAP DRUM,27,909,63020.415
F,F,COLLECT COD,2,Manufacturer#4,3-MEDIUM,0,FURNITURE,MAIL,1,0.08,8,Brand#45,14,JUMBO CAN,21,907,19792.7821
F,F,DELIVER IN PERSON,3,Manufacturer#2,3-MEDIUM,0,FURNITURE,AIR,4,0.07,19,Brand#23,14,MED PKG,22,907,50580.348
F,F,DELIVER IN PERSON,3,Manufacturer#5,5-LOW,2,HOUSEHOLD,AIR,2,0,19,Brand#53,21,JUMBO JAR,47,910,35539.83
F,F,NONE,2,Manufacturer#3,2-HIGH,0,AUTOMOBILE,TRUCK,3,0.03,18,Brand#33,16,MED BOX,15,911,17796.688
F,F,COLLECT COD,4,Manufacturer#2,2-HIGH,0,AUTOMOBILE,REG AIR,2,0.04,13,Brand#24,16,JUMBO PACK,36,911,12785.7543
F,F,DELIVER IN PERSON,3,Manufacturer#4,2-HIGH,0,AUTOMOBILE,SHIP,1,0.03,22,Brand#41,16,LG BOX,50,911,14649.453
F,F,TAKE BACK RETURN,3,Manufacturer#2,1-URGENT,3,FURNITURE,SHIP,4,0.06,6,Brand#23,23,MED BAG,38,912,2828.283
F,F,NONE,3,Manufacturer#5,1-URGENT,3,FURNITURE,MAIL,2,0.01,7,Brand#53,23,MED BOX,3,912,35253.51
F,F,TAKE BACK RETURN,0,Manufacturer#5,1-URGENT,3,FURNITURE,AIR,3,0.02,15,Brand#55,23,WRAP CASE,22,912,43563.38
F,F,TAKE BACK RETURN,4,Manufacturer#1,4-NOT SPECIFIED,1,HOUSEHOLD,MAIL,1,0.03,20,Brand#13,2,MED PACK,13,913,50761.2
F,F,DELIVER IN PERSON,1,Manufacturer#2,2-HIGH,4,MACHINERY,MAIL,2,0,3,Brand#22,20,JUMBO CAN,44,914,11521.0368
F,F,TAKE BACK RETURN,1,Manufacturer#5,2-HIGH,4,MACHINERY,MAIL,1,0.07,24,Brand#51,20,JUMBO CASE,48,914,50330.7396
F,F,COLLECT COD,4,Manufacturer#3,2-HIGH,4,MACHINERY,RAIL,5,0.08,11,Brand#33,20,WRAP JAR,48,914,73379.0367
F,F,TAKE BACK RETURN,2,Manufacturer#2,4-NOT SPECIFIED,1,FURNITURE,AIR,4,0.04,8,Brand#25,1,LG PACK,49,882,6420.414
F,F,COLLECT COD,1,Manufacturer#2,4-NOT SPECIFIED,1,FURNITURE,RAIL,1,0.05,3,Brand#25,1,JUMBO JAR,19,882,37010.7574
F,F,NONE,2,Manufacturer#5,4-NOT SPECIFIED,1,FURNITURE,SHIP,3,0.02,8,Brand#55,1,MED CAN,4,882,6199.102
F,F,NONE,1,Manufacturer#2,1-URGENT,3,AUTOMOBILE,RAIL,1,0.06,17,Brand#21,22,MED JAR,22,915,34209.4525
F,F,NONE,3,Manufacturer#5,1-URGENT,3,AUTOMOBILE,TRUCK,6,0.05,6,Brand#52,22,MED BOX,39,915,48091.9032
F,F,TAKE BACK RETURN,2,Manufacturer#2,1-URGENT,3,AUTOMOBILE,MAIL,2,0.06,8,Brand#22,22,SM PACK,48,915,13877.752
F,F,TAKE BACK RETURN,4,Manufacturer#2,1-URGENT,3,AUTOMOBILE,MAIL,5,0.06,4,Brand#23,22,SM DRUM,15,915,32132.0142
F,F,DELIVER IN PERSON,2,Manufacturer#1,1-URGENT,3,AUTOMOBILE,SHIP,3,0.04,21,Brand#13,22,MED BOX,47,915,33175.602
F,F,TAKE BACK RETURN,1,Manufacturer#5,5-LOW,3,FURNITURE,FOB,2,0.07,1,Brand#54,6,LG CASE,39,916,17586.336
F,F,COLLECT COD,3,Manufacturer#5,5-LOW,3,FURNITURE,TRUCK,3,0.04,19,Brand#51,6,JUMBO PACK,22,916,950.526
F,F,DELIVER IN PERSON,0,Manufacturer#4,5-LOW,3,FURNITURE,SHIP,6,0.08,14,Brand#45,6,LG JAR,18,916,91209.5947
F,F,DELIVER IN PERSON,1,Manufacturer#1,1-URGENT,2,MACHINERY,REG AIR,1,0,2,Brand#14,8,JUMBO JAR,31,917,10300.7916
F,F,COLLECT COD,4,Manufacturer#4,4-NOT SPECIFIED,1,HOUSEHOLD,REG AIR,3,0.01,10,Brand#42,2,MED PKG,41,913,54756.0192
F,F,COLLECT COD,4,Manufacturer#2,2-HIGH,1,AUTOMOBILE,AIR,3,0,13,Brand#25,3,MED CASE,18,918,32882.0856
F,F,DELIVER IN PERSON,2,Manufacturer#2,2-HIGH,1,AUTOMOBILE,TRUCK,1,0.07,9,Brand#23,3,MED JAR,15,918,46929.753
F,F,TAKE BACK RETURN,3,Manufacturer#3,4-NOT SPECIFIED,1,HOUSEHOLD,AIR,5,0.07,23,Brand#32,2,SM JAR,40,913,25490.9368
F,F,COLLECT COD,3,Manufacturer#3,2-HIGH,1,AUTOMOBILE,REG AIR,4,0.05,22,Brand#31,3,JUMBO CASE,11,918,18457.4898
F,F,NONE,2,Manufacturer#4,4-NOT SPECIFIED,1,HOUSEHOLD,MAIL,2,0.05,9,Brand#41,2,SM JAR,48,913,64774.1094
F,F,NONE,1,Manufacturer#1,4-NOT SPECIFIED,2,BUILDING,RAIL,1,0.08,2,Brand#14,12,LG BOX,35,505,12523.41
F,F,COLLECT COD,3,Manufacturer#1,4-NOT SPECIFIED,2,HOUSEHOLD,TRUCK,2,0.01,6,Brand#14,12,LG DRUM,16,919,63839.776
F,F,COLLECT COD,2,Manufacturer#3,3-MEDIUM,0,FURNITURE,TRUCK,1,0.07,9,Brand#35,16,MED CAN,48,920,37339.5
F,F,DELIVER IN PERSON,4,Manufacturer#4,4-NOT SPECIFIED,2,HOUSEHOLD,SHIP,3,0.01,13,Brand#45,12,LG JAR,47,919,22112.784
F,F,COLLECT COD,3,Manufacturer#3,4-NOT SPECIFIED,2,HOUSEHOLD,AIR,1,0.08,6,Brand#31,12,MED JAR,1,919,11885.4585
F,F,COLLECT COD,4,Manufacturer#5,4-NOT SPECIFIED,3,AUTOMOBILE,MAIL,1,0.07,4,Brand#52,22,LG BAG,14,115,41887.4418
F,F,TAKE BACK RETURN,4,Manufacturer#3,4-NOT SPECIFIED,3,BUILDING,AIR,2,0.03,20,Brand#33,19,MED JAR,39,921,8284.048
F,F,DELIVER IN PERSON,0,Manufacturer#3,4-NOT SPECIFIED,3,BUILDING,MAIL,3,0.07,15,Brand#33,19,JUMBO BAG,23,921,56825.1432
F,F,DELIVER IN PERSON,2,Manufacturer#4,3-MEDIUM,2,BUILDING,AIR,4,0.01,18,Brand#43,21,MED PACK,11,922,21597.1955
F,F,TAKE BACK RETURN,4,Manufacturer#3,3-MEDIUM,2,BUILDING,AIR,3,0.06,20,Brand#32,21,LG PKG,6,922,39164.1135
F,F,COLLECT COD,4,Manufacturer#4,3-MEDIUM,2,BUILDING,AIR,1,0.06,10,Brand#42,21,MED JAR,18,922,40228.605
F,F,NONE,1,Manufacturer#2,1-URGENT,2,BUILDING,RAIL,3,0.05,17,Brand#21,21,JUMBO DRUM,8,923,35268.142
F,F,TAKE BACK RETURN,3,Manufacturer#5,4-NOT SPECIFIED,2,AUTOMOBILE,REG AIR,2,0.01,6,Brand#53,18,JUMBO CASE,39,924,52485.2064
F,F,NONE,2,Manufacturer#2,4-NOT SPECIFIED,2,AUTOMOBILE,RAIL,5,0.05,12,Brand#23,18,MED BOX,27,924,55348.6476
F,F,TAKE BACK RETURN,0,Manufacturer#2,4-NOT SPECIFIED,2,AUTOMOBILE,MAIL,7,0.08,0,Brand#21,18,LG BAG,9,924,19659.8976
F,F,NONE,1,Manufacturer#1,4-NOT SPECIFIED,2,AUTOMOBILE,AIR,4,0.07,24,Brand#14,18,WRAP BOX,42,924,37624.32
F,F,COLLECT COD,1,Manufacturer#3,4-NOT SPECIFIED,2,AUTOMOBILE,FOB,1,0.04,24,Brand#34,18,JUMBO DRUM,48,924,3782.9568
F,F,DELIVER IN PERSON,0,Manufacturer#1,3-MEDIUM,2,FURNITURE,REG AIR,2,0.08,14,Brand#15,18,LG BOX,22,925,64082.2
F,F,DELIVER IN PERSON,4,Manufacturer#1,1-URGENT,1,AUTOMOBILE,RAIL,2,0.07,11,Brand#12,1,MED DRUM,25,926,9224.6515
F,F,COLLECT COD,1,Manufacturer#2,3-MEDIUM,2,FURNITURE,SHIP,1,0.02,2,Brand#23,18,JUMBO BAG,6,925,5768.623
F,F,NONE,3,Manufacturer#2,4-NOT SPECIFIED,3,MACHINERY,REG AIR,6,0.01,6,Brand#21,22,SM PACK,8,599,44484.795
F,F,NONE,2,Manufacturer#2,1-URGENT,3,HOUSEHOLD,RAIL,3,0.04,21,Brand#25,22,JUMBO CASE,48,927,70171.5885
F,F,COLLECT COD,3,Manufacturer#2,1-URGENT,3,HOUSEHOLD,FOB,4,0.01,7,Brand#25,22,JUMBO BAG,48,927,13169.622
F,F,COLLECT COD,3,Manufacturer#1,1-URGENT,1,BUILDING,SHIP,5,0.01,7,Brand#12,3,JUMBO PACK,18,928,46118.4576
F,F,DELIVER IN PERSON,2,Manufacturer#3,1-URGENT,1,BUILDING,MAIL,4,0.06,12,Brand#35,3,WRAP PACK,24,928,22507.6702
F,F,NONE,3,Manufacturer#3,1-URGENT,1,BUILDING,REG AIR,3,0,19,Brand#33,3,JUMBO BAG,41,928,47786.751
F,F,COLLECT COD,2,Manufacturer#2,1-URGENT,1,BUILDING,RAIL,6,0.03,12,Brand#25,3,MED DRUM,9,928,73798.8856
F,F,DELIVER IN PERSON,2,Manufacturer#1,4-NOT SPECIFIED,3,MACHINERY,AIR,4,0.01,18,Brand#13,22,WRAP DRUM,44,599,9871.317
F,F,COLLECT COD,2,Manufacturer#4,4-NOT SPECIFIED,1,AUTOMOBILE,TRUCK,3,0.08,12,Brand#45,17,WRAP BAG,34,929,1489.5744
F,F,DELIVER IN PERSON,0,Manufacturer#1,4-NOT SPECIFIED,1,AUTOMOBILE,TRUCK,4,0,0,Brand#13,17,SM CAN,40,929,47110.9988
F,F,NONE,4,Manufacturer#1,4-NOT SPECIFIED,3,MACHINERY,SHIP,5,0.07,20,Brand#11,22,WRAP JAR,20,599,40886.6832
F,F,DELIVER IN PERSON,3,Manufacturer#4,5-LOW,4,BUILDING,TRUCK,4,0.08,7,Brand#43,13,LG CASE,43,930,10032.1704
F,F,TAKE BACK RETURN,0,Manufacturer#5,5-LOW,4,BUILDING,REG AIR,1,0.08,14,Brand#53,13,MED PKG,49,930,30525.748
F,F,COLLECT COD,2,Manufacturer#2,2-HIGH,2,AUTOMOBILE,REG AIR,1,0.05,18,Brand#24,21,MED DRUM,6,931,50284.64
F,F,TAKE BACK RETURN,4,Manufacturer#5,1-URGENT,2,HOUSEHOLD,SHIP,3,0.08,20,Brand#54,12,WRAP JAR,39,932,10859.94
F,F,DELIVER IN PERSON,0,Manufacturer#1,1-URGENT,2,HOUSEHOLD,FOB,4,0.02,15,Brand#13,12,SM BAG,41,932,52801.536
F,F,NONE,4,Manufacturer#4,3-MEDIUM,0,FURNITURE,AIR,1,0.01,20,Brand#45,16,SM DRUM,27,933,32666.1984
F,F,NONE,3,Manufacturer#4,3-MEDIUM,0,FURNITURE,RAIL,2,0,7,Brand#42,16,JUMBO JAR,42,933,34216.1325
F,F,COLLECT COD,0,Manufacturer#4,1-URGENT,0,MACHINERY,TRUCK,6,0.05,16,Brand#45,14,LG JAR,1,934,40544.0112
F,F,NONE,4,Manufacturer#5,1-URGENT,0,MACHINERY,RAIL,1,0.01,20,Brand#52,14,MED BOX,21,934,6803.503
F,F,COLLECT COD,2,Manufacturer#4,4-NOT SPECIFIED,0,BUILDING,AIR,2,0.01,21,Brand#44,16,WRAP PKG,33,935,43362.2016
F,F,DELIVER IN PERSON,1,Manufacturer#2,4-NOT SPECIFIED,0,BUILDING,AIR,4,0.05,2,Brand#23,16,MED BAG,43,935,25570.4064
F,F,COLLECT COD,0,Manufacturer#2,4-NOT SPECIFIED,0,BUILDING,SHIP,3,0.04,0,Brand#24,16,WRAP JAR,49,935,56164.164
F,F,TAKE BACK RETURN,3,Manufacturer#3,2-HIGH,4,AUTOMOBILE,MAIL,5,0.06,22,Brand#33,4,LG BAG,19,936,12788.976
F,F,NONE,4,Manufacturer#1,2-HIGH,4,AUTOMOBILE,RAIL,6,0.06,20,Brand#11,4,WRAP BOX,31,936,47180.6104
F,F,COLLECT COD,1,Manufacturer#4,2-HIGH,4,AUTOMOBILE,RAIL,4,0.02,17,Brand#43,4,JUMBO JAR,25,936,4958.0289
F,F,TAKE BACK RETURN,4,Manufacturer#5,2-HIGH,4,AUTOMOBILE,FOB,2,0.08,10,Brand#52,4,SM DRUM,32,936,7149.7664
F,F,TAKE BACK RETURN,3,Manufacturer#3,2-HIGH,3,FURNITURE,REG AIR,6,0,22,Brand#34,23,MED BAG,27,937,2403.3168
F,F,DELIVER IN PERSON,1,Manufacturer#1,2-HIGH,3,FURNITURE,FOB,4,0,3,Brand#15,23,LG PKG,13,937,55708.1976
F,F,COLLECT COD,4,Manufacturer#2,2-HIGH,3,FURNITURE,RAIL,5,0.06,10,Brand#25,23,MED CAN,47,937,8742.5065
F,F,COLLECT COD,4,Manufacturer#5,4-NOT SPECIFIED,4,BUILDING,AIR,1,0.03,20,Brand#54,13,JUMBO PKG,36,938,53310.4565
F,F,NONE,0,Manufacturer#3,4-NOT SPECIFIED,0,HOUSEHOLD,AIR,5,0.07,16,Brand#33,0,MED BOX,41,939,40636.0896
F,F,TAKE BACK RETURN,2,Manufacturer#5,4-NOT SPECIFIED,0,HOUSEHOLD,TRUCK,1,0.07,12,Brand#55,0,WRAP JAR,1,939,18316.665
F,F,DELIVER IN PERSON,0,Manufacturer#2,2-HIGH,0,FURNITURE,AIR,2,0.02,14,Brand#22,15,SM CAN,15,861,40108.9728
F,F,COLLECT COD,0,Manufacturer#2,3-MEDIUM,3,HOUSEHOLD,RAIL,1,0.06,15,Brand#25,19,SM PKG,31,940,42622.3872
F,F,COLLECT COD,4,Manufacturer#5,3-MEDIUM,0,AUTOMOBILE,RAIL,5,0,11,Brand#52,0,WRAP PACK,3,941,13337.688
F,F,TAKE BACK RETURN,3,Manufacturer#2,3-MEDIUM,0,AUTOMOBILE,AIR,3,0.08,6,Brand#22,0,MED DRUM,6,941,68336.217
F,F,NONE,2,Manufacturer#2,3-MEDIUM,0,AUTOMOBILE,RAIL,4,0.02,12,Brand#22,0,MED CAN,6,941,20360.6172
F,F,DELIVER IN PERSON,3,Manufacturer#3,3-MEDIUM,0,BUILDING,FOB,1,0,23,Brand#33,0,JUMBO PACK,43,942,74926.7044
F,F,DELIVER IN PERSON,4,Manufacturer#5,3-MEDIUM,0,BUILDING,FOB,2,0.08,11,Brand#54,0,LG CAN,49,942,12375.1824
F,F,DELIVER IN PERSON,0,Manufacturer#4,4-NOT SPECIFIED,4,HOUSEHOLD,SHIP,2,0.06,15,Brand#41,4,WRAP PKG,46,943,35462.2708
F,F,DELIVER IN PERSON,3,Manufacturer#1,4-NOT SPECIFIED,4,HOUSEHOLD,MAIL,4,0.03,6,Brand#14,4,SM BAG,13,943,39354.8463
F,F,TAKE BACK RETURN,2,Manufacturer#3,4-NOT SPECIFIED,4,HOUSEHOLD,AIR,1,0.06,21,Brand#34,4,MED BAG,29,943,41513.79
F,F,COLLECT COD,4,Manufacturer#3,4-NOT SPECIFIED,4,HOUSEHOLD,TRUCK,2,0.01,4,Brand#32,4,LG DRUM,1,944,34373.74
F,F,DELIVER IN PERSON,4,Manufacturer#2,4-NOT SPECIFIED,4,HOUSEHOLD,RAIL,1,0.02,4,Brand#25,4,LG PACK,33,944,15989.776
F,F,COLLECT COD,0,Manufacturer#5,1-URGENT,1,HOUSEHOLD,TRUCK,3,0.08,16,Brand#53,17,LG CAN,20,945,43379.2359
F,F,COLLECT COD,4,Manufacturer#5,1-URGENT,1,HOUSEHOLD,REG AIR,1,0.02,10,Brand#54,17,SM BAG,41,945,19834.727
F,F,DELIVER IN PERSON,2,Manufacturer#3,1-URGENT,1,HOUSEHOLD,FOB,4,0.06,12,Brand#31,17,SM BAG,3,945,49170.48
F,F,DELIVER IN PERSON,4,Manufacturer#4,4-NOT SPECIFIED,4,FURNITURE,SHIP,1,0.01,11,Brand#44,10,LG JAR,22,946,58735.872
F,F,TAKE BACK RETURN,0,Manufacturer#4,5-LOW,4,HOUSEHOLD,AIR,1,0.07,0,Brand#45,20,MED BOX,49,573,33217.8798
F,F,DELIVER IN PERSON,1,Manufacturer#5,5-LOW,4,HOUSEHOLD,RAIL,4,0.06,17,Brand#55,20,SM DRUM,24,573,32977.1
F,F,NONE,1,Manufacturer#1,5-LOW,4,HOUSEHOLD,SHIP,2,0,24,Brand#13,20,SM DRUM,50,573,64945.458
F,F,NONE,4,Manufacturer#5,3-MEDIUM,4,AUTOMOBILE,MAIL,6,0.02,13,Brand#54,4,MED DRUM,46,947,30663.906
F,F,NONE,4,Manufacturer#1,3-MEDIUM,4,AUTOMOBILE,AIR,1,0.07,10,Brand#14,4,MED CASE,22,947,41191.2288
F,F,NONE,4,Manufacturer#4,3-MEDIUM,4,AUTOMOBILE,SHIP,3,0,20,Brand#42,4,MED JAR,27,947,42513.9442
F,F,TAKE BACK RETURN,0,Manufacturer#2,3-MEDIUM,4,AUTOMOBILE,MAIL,4,0.06,14,Brand#22,4,SM PKG,18,947,16605.1788
F,F,COLLECT COD,2,Manufacturer#5,2-HIGH,0,FURNITURE,MAIL,1,0.01,9,Brand#51,15,MED JAR,13,861,8022.9
F,F,DELIVER IN PERSON,3,Manufacturer#4,2-HIGH,0,FURNITURE,MAIL,3,0.06,22,Brand#42,15,MED JAR,12,861,6417.662
F,F,NONE,1,Manufacturer#5,2-HIGH,3,FURNITURE,SHIP,4,0.06,2,Brand#52,6,MED PACK,39,948,34193.7504
F,F,TAKE BACK RETURN,1,Manufacturer#5,2-HIGH,3,FURNITURE,TRUCK,6,0.05,3,Brand#53,6,WRAP PKG,30,948,49306.3872
F,F,DELIVER IN PERSON,4,Manufacturer#3,3-MEDIUM,4,AUTOMOBILE,RAIL,3,0.04,13,Brand#32,20,LG BOX,36,949,17331.1359
F,F,TAKE BACK RETURN,0,Manufacturer#1,4-NOT SPECIFIED,2,HOUSEHOLD,TRUCK,1,0.02,15,Brand#13,9,JUMBO JAR,3,127,46952.6992
F,F,COLLECT COD,4,Manufacturer#2,4-NOT SPECIFIED,1,BUILDING,MAIL,5,0.08,10,Brand#25,2,LG BOX,39,950,32588.12
F,F,COLLECT COD,2,Manufacturer#3,4-NOT SPECIFIED,1,BUILDING,AIR,2,0,9,Brand#31,2,SM CAN,39,950,16598.6788
F,F,TAKE BACK RETURN,2,Manufacturer#5,4-NOT SPECIFIED,1,BUILDING,RAIL,1,0.04,18,Brand#52,2,LG BOX,3,950,15969.7926
F,F,TAKE BACK RETURN,0,Manufacturer#1,1-URGENT,4,BUILDING,REG AIR,4,0.01,0,Brand#14,10,WRAP JAR,7,951,58125.9393
F,F,DELIVER IN PERSON,0,Manufacturer#3,5-LOW,2,MACHINERY,TRUCK,6,0.05,15,Brand#35,18,JUMBO PKG,8,952,42021.1665
F,F,TAKE BACK RETURN,3,Manufacturer#2,5-LOW,2,MACHINERY,SHIP,7,0.04,23,Brand#21,18,WRAP CASE,39,952,48425.262
F,F,COLLECT COD,4,Manufacturer#4,5-LOW,2,MACHINERY,AIR,5,0.04,4,Brand#44,18,WRAP CAN,39,952,45974.6244
F,F,TAKE BACK RETURN,0,Manufacturer#2,5-LOW,2,MACHINERY,REG AIR,1,0.02,0,Brand#23,18,WRAP BAG,14,952,30968.784
F,F,NONE,1,Manufacturer#5,5-LOW,2,MACHINERY,AIR,4,0.05,24,Brand#52,18,MED PACK,16,952,43975.8312
F,F,NONE,0,Manufacturer#5,1-URGENT,4,BUILDING,SHIP,7,0,16,Brand#54,10,MED BAG,18,951,42481.53
F,F,COLLECT COD,2,Manufacturer#2,1-URGENT,4,BUILDING,SHIP,5,0.08,18,Brand#25,10,SM CASE,27,951,33362.0196
F,F,NONE,0,Manufacturer#3,5-LOW,2,MACHINERY,REG AIR,1,0.04,0,Brand#31,12,WRAP BOX,36,953,3175.3629
F,F,COLLECT COD,3,Manufacturer#2,5-LOW,1,AUTOMOBILE,REG AIR,2,0.06,23,Brand#25,1,WRAP PACK,18,954,50900.256
F,F,NONE,0,Manufacturer#3,5-LOW,1,AUTOMOBILE,TRUCK,4,0,15,Brand#35,1,JUMBO CAN,49,954,30991.194
F,F,NONE,4,Manufacturer#5,5-LOW,1,AUTOMOBILE,FOB,5,0.01,4,Brand#52,1,SM DRUM,17,954,8193.6576
F,F,TAKE BACK RETURN,2,Manufacturer#1,5-LOW,1,AUTOMOBILE,SHIP,3,0.03,21,Brand#12,1,MED BAG,36,954,46009.992
F,F,COLLECT COD,3,Manufacturer#4,5-LOW,1,AUTOMOBILE,RAIL,1,0.03,23,Brand#41,1,JUMBO PKG,18,954,63329.5992
F,F,TAKE BACK RETURN,3,Manufacturer#1,5-LOW,1,AUTOMOBILE,RAIL,6,0.07,23,Brand#11,1,WRAP PKG,46,954,50153.7127
F,F,COLLECT COD,2,Manufacturer#5,3-MEDIUM,2,MACHINERY,RAIL,5,0.03,8,Brand#51,9,LG BOX,6,955,17325.1964
F,F,DELIVER IN PERSON,2,Manufacturer#1,2-HIGH,2,MACHINERY,FOB,3,0.02,8,Brand#14,21,WRAP CAN,47,956,20506.5792
F,F,NONE,1,Manufacturer#2,3-MEDIUM,2,MACHINERY,FOB,4,0.05,17,Brand#23,9,SM CAN,28,955,51297.022
F,F,COLLECT COD,0,Manufacturer#4,3-MEDIUM,2,MACHINERY,SHIP,2,0,15,Brand#43,9,JUMBO JAR,20,955,40444.2948
F,F,COLLECT COD,2,Manufacturer#5,4-NOT SPECIFIED,0,AUTOMOBILE,RAIL,2,0.07,18,Brand#54,0,MED PACK,28,957,32482.575
F,F,COLLECT COD,0,Manufacturer#2,2-HIGH,0,HOUSEHOLD,REG AIR,2,0.08,15,Brand#23,15,SM BOX,46,958,54743.8355
F,F,TAKE BACK RETURN,0,Manufacturer#5,2-HIGH,0,HOUSEHOLD,SHIP,5,0.02,0,Brand#55,15,WRAP JAR,47,958,27018.8268
F,F,DELIVER IN PERSON,2,Manufacturer#1,2-HIGH,0,HOUSEHOLD,SHIP,3,0.05,8,Brand#13,15,WRAP BAG,2,958,1670.1591
F,F,NONE,1,Manufacturer#3,3-MEDIUM,2,FURNITURE,TRUCK,2,0.03,17,Brand#35,18,LG BOX,25,959,24822.6524
F,F,TAKE BACK RETURN,0,Manufacturer#3,4-NOT SPECIFIED,0,AUTOMOBILE,RAIL,3,0,14,Brand#32,0,WRAP PACK,39,957,38015.067
F,F,TAKE BACK RETURN,0,Manufacturer#2,3-MEDIUM,1,MACHINERY,RAIL,3,0.06,0,Brand#21,3,WRAP BOX,12,118,47388.09
F,F,TAKE BACK RETURN,0,Manufacturer#1,3-MEDIUM,1,MACHINERY,MAIL,1,0.02,0,Brand#15,3,LG CAN,1,118,15983.7084
F,F,NONE,2,Manufacturer#1,2-HIGH,0,AUTOMOBILE,TRUCK,1,0.04,21,Brand#12,0,JUMBO CASE,28,960,22226.4
F,F,COLLECT COD,0,Manufacturer#3,2-HIGH,0,AUTOMOBILE,SHIP,3,0.04,14,Brand#32,5,JUMBO JAR,7,591,75319.344
F,F,COLLECT COD,0,Manufacturer#1,2-HIGH,0,AUTOMOBILE,AIR,1,0.02,15,Brand#12,5,SM PKG,13,591,70611.0912
F,F,DELIVER IN PERSON,2,Manufacturer#2,2-HIGH,0,AUTOMOBILE,TRUCK,5,0,18,Brand#25,5,MED DRUM,36,591,66698.7672
F,F,TAKE BACK RETURN,1,Manufacturer#1,2-HIGH,0,AUTOMOBILE,FOB,2,0.05,24,Brand#11,5,SM CAN,44,591,56592.991
F,F,TAKE BACK RETURN,1,Manufacturer#5,2-HIGH,0,AUTOMOBILE,MAIL,6,0.01,2,Brand#52,5,MED BOX,43,591,20881.35
F,F,DELIVER IN PERSON,2,Manufacturer#1,2-HIGH,0,AUTOMOBILE,SHIP,7,0.03,8,Brand#13,0,LG PKG,27,960,12609.2376
F,F,TAKE BACK RETURN,2,Manufacturer#3,2-HIGH,0,AUTOMOBILE,TRUCK,5,0.01,9,Brand#35,0,LG BOX,34,960,50210.901
F,F,NONE,3,Manufacturer#4,3-MEDIUM,2,FURNITURE,MAIL,4,0.03,23,Brand#45,8,JUMBO BAG,17,961,3390.4276
F,F,TAKE BACK RETURN,1,Manufacturer#1,2-HIGH,0,FURNITURE,SHIP,5,0.07,17,Brand#12,0,LG CASE,41,962,6269.0712
F,F,TAKE BACK RETURN,0,Manufacturer#5,2-HIGH,0,FURNITURE,FOB,1,0,0,Brand#52,0,MED CASE,20,962,37304.631
F,F,DELIVER IN PERSON,1,Manufacturer#1,2-HIGH,0,FURNITURE,AIR,4,0.02,24,Brand#15,0,LG BOX,36,962,3028.2168
F,F,COLLECT COD,1,Manufacturer#4,2-HIGH,0,FURNITURE,MAIL,3,0.04,17,Brand#42,0,LG PKG,10,962,7477.92
F,F,COLLECT COD,2,Manufacturer#3,2-HIGH,0,FURNITURE,TRUCK,6,0.06,21,Brand#33,0,MED JAR,27,962,21966.3873
F,F,COLLECT COD,2,Manufacturer#4,4-NOT SPECIFIED,4,MACHINERY,TRUCK,4,0.08,18,Brand#45,10,SM PKG,25,963,48256.0078
F,F,TAKE BACK RETURN,2,Manufacturer#4,4-NOT SPECIFIED,4,MACHINERY,FOB,1,0.07,18,Brand#44,10,WRAP PKG,46,963,47560.0896
F,F,TAKE BACK RETURN,2,Manufacturer#5,3-MEDIUM,1,MACHINERY,AIR,6,0.04,21,Brand#55,3,JUMBO DRUM,4,964,9392.2983
F,F,TAKE BACK RETURN,3,Manufacturer#1,3-MEDIUM,1,MACHINERY,MAIL,5,0.04,22,Brand#11,3,LG DRUM,50,964,6189.1872
F,F,NONE,2,Manufacturer#2,3-MEDIUM,1,MACHINERY,TRUCK,1,0.01,8,Brand#23,3,SM CASE,41,964,1653.0525
F,F,NONE,3,Manufacturer#1,1-URGENT,3,MACHINERY,RAIL,2,0.02,23,Brand#15,22,MED CASE,38,965,55133.3355
F,F,DELIVER IN PERSON,1,Manufacturer#2,1-URGENT,3,MACHINERY,TRUCK,1,0.07,1,Brand#25,22,SM PACK,7,965,41953.0347
F,F,NONE,3,Manufacturer#4,5-LOW,3,HOUSEHOLD,TRUCK,2,0.05,19,Brand#43,22,JUMBO DRUM,33,966,68088.48
F,F,COLLECT COD,2,Manufacturer#4,5-LOW,3,HOUSEHOLD,REG AIR,1,0.06,12,Brand#45,22,LG PACK,35,966,33347.1644
F,F,TAKE BACK RETURN,3,Manufacturer#5,5-LOW,3,HOUSEHOLD,SHIP,3,0.07,7,Brand#51,22,JUMBO PACK,5,966,5775.8208
F,F,NONE,3,Manufacturer#2,1-URGENT,0,BUILDING,AIR,1,0.07,23,Brand#24,16,WRAP PACK,48,967,30453.696
F,F,TAKE BACK RETURN,2,Manufacturer#2,5-LOW,2,BUILDING,REG AIR,1,0.02,9,Brand#23,18,SM PKG,25,800,72701.1922
F,F,TAKE BACK RETURN,3,Manufacturer#2,5-LOW,2,BUILDING,AIR,2,0.08,7,Brand#21,18,JUMBO CAN,8,800,42497.0568
F,F,NONE,1,Manufacturer#4,4-NOT SPECIFIED,1,HOUSEHOLD,FOB,2,0.01,17,Brand#42,2,WRAP BAG,18,968,13281.7832
F,F,TAKE BACK RETURN,1,Manufacturer#4,2-HIGH,1,HOUSEHOLD,AIR,6,0,17,Brand#45,1,JUMBO PKG,46,969,37054.9674
F,F,TAKE BACK RETURN,3,Manufacturer#4,2-HIGH,1,HOUSEHOLD,AIR,1,0.06,6,Brand#45,1,LG CASE,44,969,10370.16
F,F,COLLECT COD,1,Manufacturer#1,2-HIGH,3,FURNITURE,AIR,2,0.01,24,Brand#14,22,JUMBO PACK,25,825,62772.0192
F,F,TAKE BACK RETURN,1,Manufacturer#5,2-HIGH,3,FURNITURE,TRUCK,1,0.06,2,Brand#52,22,JUMBO BAG,20,825,49881.5265
F,F,NONE,3,Manufacturer#4,3-MEDIUM,2,FURNITURE,RAIL,3,0,19,Brand#41,8,SM BAG,16,961,10959.5276
F,F,COLLECT COD,0,Manufacturer#1,3-MEDIUM,2,FURNITURE,FOB,1,0.08,16,Brand#13,8,SM PKG,13,961,36488.88
F,F,DELIVER IN PERSON,4,Manufacturer#4,4-NOT SPECIFIED,2,FURNITURE,AIR,3,0.05,10,Brand#41,18,WRAP PKG,4,970,41909.7804
F,F,DELIVER IN PERSON,0,Manufacturer#5,1-URGENT,3,BUILDING,SHIP,1,0.03,0,Brand#53,6,WRAP CASE,1,971,2067.542
F,F,COLLECT COD,4,Manufacturer#3,2-HIGH,0,MACHINERY,REG AIR,4,0.03,13,Brand#33,5,JUMBO PKG,7,972,30523.0365
F,F,DELIVER IN PERSON,4,Manufacturer#3,2-HIGH,0,MACHINERY,SHIP,5,0.04,4,Brand#32,5,LG PKG,33,972,62811.648
F,F,DELIVER IN PERSON,4,Manufacturer#1,2-HIGH,0,MACHINERY,MAIL,6,0.07,10,Brand#14,5,WRAP PKG,40,972,51973.65
F,F,NONE,0,Manufacturer#1,1-URGENT,3,BUILDING,TRUCK,2,0,14,Brand#15,6,JUMBO JAR,49,971,72459.3984
F,F,NONE,4,Manufacturer#5,3-MEDIUM,2,BUILDING,TRUCK,2,0.01,20,Brand#51,9,LG CAN,16,973,45836.2179
F,F,DELIVER IN PERSON,4,Manufacturer#3,3-MEDIUM,2,BUILDING,TRUCK,1,0.01,13,Brand#35,9,MED CASE,26,973,12121.08
F,F,DELIVER IN PERSON,0,Manufacturer#2,3-MEDIUM,2,BUILDING,AIR,5,0.08,15,Brand#24,9,LG JAR,36,973,24949.6828
F,F,TAKE BACK RETURN,0,Manufacturer#2,1-URGENT,2,MACHINERY,AIR,5,0.08,0,Brand#25,12,LG PACK,40,974,6880.848
F,F,TAKE BACK RETURN,1,Manufacturer#2,3-MEDIUM,4,BUILDING,RAIL,2,0.03,17,Brand#22,10,WRAP CASE,14,975,5767.488
F,F,TAKE BACK RETURN,1,Manufacturer#3,3-MEDIUM,4,BUILDING,FOB,1,0.03,3,Brand#34,10,MED BAG,45,975,81397.44
F,F,DELIVER IN PERSON,0,Manufacturer#5,5-LOW,1,FURNITURE,REG AIR,7,0,14,Brand#54,17,WRAP DRUM,18,976,62454.5128
F,F,DELIVER IN PERSON,2,Manufacturer#5,5-LOW,1,FURNITURE,AIR,5,0.05,9,Brand#52,17,WRAP BOX,1,976,5781.25
F,F,COLLECT COD,1,Manufacturer#5,5-LOW,1,FURNITURE,REG AIR,3,0.05,24,Brand#55,17,JUMBO BOX,45,976,17668.7852
F,F,COLLECT COD,2,Manufacturer#4,5-LOW,1,FURNITURE,AIR,4,0.06,8,Brand#41,17,LG BOX,44,976,10061.3088
F,F,DELIVER IN PERSON,4,Manufacturer#5,5-LOW,1,FURNITURE,FOB,6,0.08,4,Brand#53,17,LG PACK,44,976,28376.985
F,F,NONE,1,Manufacturer#2,2-HIGH,2,FURNITURE,AIR,2,0.03,1,Brand#23,21,WRAP PACK,19,977,21482.46
F,F,TAKE BACK RETURN,1,Manufacturer#3,2-HIGH,2,FURNITURE,FOB,1,0.03,2,Brand#35,21,WRAP BAG,13,977,61990.464
F,F,DELIVER IN PERSON,0,Manufacturer#2,4-NOT SPECIFIED,3,MACHINERY,SHIP,1,0.01,15,Brand#22,19,WRAP PKG,2,978,53163.1059
F,F,NONE,1,Manufacturer#4,3-MEDIUM,4,MACHINERY,MAIL,2,0.02,1,Brand#45,10,LG PACK,4,979,70087.1108
F,F,DELIVER IN PERSON,3,Manufacturer#3,3-MEDIUM,4,MACHINERY,FOB,5,0.04,23,Brand#34,10,LG PACK,38,979,43238.16
F,F,NONE,4,Manufacturer#5,3-MEDIUM,4,MACHINERY,MAIL,1,0.07,11,Brand#54,10,SM CAN,22,979,42414.4125
F,F,COLLECT COD,3,Manufacturer#2,4-NOT SPECIFIED,0,AUTOMOBILE,REG AIR,3,0.08,22,Brand#25,5,MED CASE,28,980,17415.8868
F,F,NONE,2,Manufacturer#2,1-URGENT,2,MACHINERY,SHIP,1,0.07,9,Brand#25,12,JUMBO CASE,12,974,29523.0312
F,F,COLLECT COD,1,Manufacturer#1,1-URGENT,2,MACHINERY,SHIP,4,0.02,2,Brand#11,12,MED PKG,14,974,50762.0792
F,F,DELIVER IN PERSON,2,Manufacturer#5,1-URGENT,2,MACHINERY,REG AIR,3,0.06,18,Brand#52,12,WRAP JAR,46,974,20822.5512
F,F,DELIVER IN PERSON,0,Manufacturer#4,1-URGENT,2,MACHINERY,REG AIR,6,0.06,16,Brand#44,12,WRAP PACK,37,974,36427.9872
F,F,DELIVER IN PERSON,4,Manufacturer#2,2-HIGH,2,MACHINERY,MAIL,5,0.08,11,Brand#25,9,WRAP JAR,31,981,10100.5068
F,F,TAKE BACK RETURN,2,Manufacturer#2,5-LOW,0,AUTOMOBILE,RAIL,2,0.03,18,Brand#25,0,LG BOX,30,982,52490.0348
F,F,COLLECT COD,4,Manufacturer#5,2-HIGH,0,FURNITURE,SHIP,1,0.08,4,Brand#55,15,LG BAG,48,861,39395.3859
F,F,DELIVER IN PERSON,0,Manufacturer#2,5-LOW,4,HOUSEHOLD,TRUCK,3,0,5,Brand#25,4,MED JAR,23,983,53634.933
F,F,NONE,4,Manufacturer#3,5-LOW,4,HOUSEHOLD,RAIL,2,0.06,10,Brand#34,4,WRAP CASE,49,983,4387.815
F,F,COLLECT COD,3,Manufacturer#2,5-LOW,4,HOUSEHOLD,TRUCK,4,0,19,Brand#21,4,LG BOX,44,983,40192.6096
F,F,TAKE BACK RETURN,2,Manufacturer#5,2-HIGH,2,MACHINERY,FOB,7,0.02,18,Brand#54,9,SM PKG,41,981,43378.92
F,F,DELIVER IN PERSON,0,Manufacturer#1,2-HIGH,0,HOUSEHOLD,RAIL,1,0.05,14,Brand#13,0,WRAP PKG,9,984,28884.96
F,F,COLLECT COD,4,Manufacturer#1,2-HIGH,2,MACHINERY,TRUCK,4,0.05,11,Brand#13,9,WRAP CASE,38,981,72647.792
F,F,TAKE BACK RETURN,3,Manufacturer#4,1-URGENT,3,MACHINERY,FOB,2,0.01,7,Brand#41,23,JUMBO JAR,15,646,1239.296
F,F,COLLECT COD,0,Manufacturer#5,2-HIGH,0,HOUSEHOLD,MAIL,2,0.03,16,Brand#54,0,MED CASE,37,984,5045.0316
F,F,COLLECT COD,4,Manufacturer#5,1-URGENT,3,MACHINERY,AIR,6,0.05,20,Brand#54,23,JUMBO DRUM,37,646,2334.3826
F,F,COLLECT COD,3,Manufacturer#2,1-URGENT,3,MACHINERY,REG AIR,4,0,23,Brand#21,23,WRAP BOX,2,646,2869.6122
F,F,COLLECT COD,2,Manufacturer#5,1-URGENT,3,MACHINERY,RAIL,3,0.03,18,Brand#52,23,JUMBO BOX,2,646,40552.8606
F,F,NONE,3,Manufacturer#4,1-URGENT,3,MACHINERY,AIR,5,0.05,23,Brand#41,23,SM CAN,3,646,62258.2044
F,F,DELIVER IN PERSON,4,Manufacturer#5,1-URGENT,2,FURNITURE,TRUCK,4,0.02,13,Brand#53,18,JUMBO BOX,31,985,36211.2768
F,F,COLLECT COD,1,Manufacturer#1,3-MEDIUM,3,MACHINERY,AIR,3,0.08,24,Brand#12,7,LG JAR,18,82,38647.4725
F,F,TAKE BACK RETURN,0,Manufacturer#4,1-URGENT,2,FURNITURE,AIR,2,0.08,16,Brand#42,18,LG CASE,38,985,4020.0888
F,F,NONE,3,Manufacturer#4,1-URGENT,2,FURNITURE,TRUCK,5,0.02,19,Brand#43,18,WRAP CAN,24,985,13636.8
F,F,NONE,4,Manufacturer#1,1-URGENT,2,FURNITURE,MAIL,3,0.05,20,Brand#11,18,JUMBO JAR,13,985,19637.7885
F,F,TAKE BACK RETURN,0,Manufacturer#4,1-URGENT,3,HOUSEHOLD,AIR,1,0.05,5,Brand#45,22,SM BOX,37,986,3314.2614
F,F,COLLECT COD,4,Manufacturer#3,1-URGENT,3,HOUSEHOLD,FOB,2,0.07,20,Brand#31,22,MED BAG,7,986,45936.969
F,F,NONE,2,Manufacturer#3,1-URGENT,3,HOUSEHOLD,SHIP,3,0.03,18,Brand#32,22,MED PKG,10,986,24273.5922
F,F,DELIVER IN PERSON,0,Manufacturer#2,1-URGENT,3,HOUSEHOLD,RAIL,6,0.03,14,Brand#22,22,JUMBO PKG,1,986,40524.64
F,F,NONE,0,Manufacturer#4,4-NOT SPECIFIED,4,FURNITURE,REG AIR,4,0.05,16,Brand#43,11,SM PACK,48,987,57701.2
F,F,COLLECT COD,1,Manufacturer#2,1-URGENT,3,HOUSEHOLD,REG AIR,4,0.06,1,Brand#23,22,JUMBO PACK,24,986,21936.0588
F,F,NONE,2,Manufacturer#3,2-HIGH,4,FURNITURE,RAIL,3,0.07,18,Brand#31,11,LG CASE,49,988,40653.4
F,F,DELIVER IN PERSON,4,Manufacturer#4,5-LOW,0,MACHINERY,TRUCK,2,0.04,4,Brand#42,16,LG JAR,48,989,17003.765
F,F,TAKE BACK RETURN,4,Manufacturer#5,5-LOW,0,MACHINERY,TRUCK,5,0.08,20,Brand#55,16,JUMBO BAG,40,989,36759.4227
F,F,COLLECT COD,2,Manufacturer#5,5-LOW,0,MACHINERY,FOB,4,0.04,12,Brand#51,16,JUMBO CAN,20,989,10733.283
F,F,DELIVER IN PERSON,4,Manufacturer#4,5-LOW,0,MACHINERY,FOB,6,0.08,10,Brand#41,16,WRAP PKG,50,989,59400.495
F,F,TAKE BACK RETURN,4,Manufacturer#4,1-URGENT,0,FURNITURE,REG AIR,7,0.05,13,Brand#45,14,LG JAR,50,990,60298.4844
F,F,TAKE BACK RETURN,3,Manufacturer#5,1-URGENT,0,FURNITURE,TRUCK,3,0,6,Brand#51,14,WRAP CAN,23,990,19263.23
F,F,COLLECT COD,3,Manufacturer#4,1-URGENT,0,FURNITURE,SHIP,6,0.03,7,Brand#42,14,SM DRUM,50,990,27748.8773
F,F,DELIVER IN PERSON,3,Manufacturer#4,1-URGENT,4,BUILDING,FOB,5,0,23,Brand#42,13,WRAP CASE,2,991,75080.9682
F,F,NONE,3,Manufacturer#1,1-URGENT,4,BUILDING,MAIL,2,0.07,6,Brand#11,13,MED CASE,8,991,48809.67
F,F,COLLECT COD,1,Manufacturer#5,3-MEDIUM,3,MACHINERY,AIR,5,0.08,17,Brand#54,23,WRAP BOX,10,992,35158.9392
F,F,DELIVER IN PERSON,1,Manufacturer#4,3-MEDIUM,1,AUTOMOBILE,TRUCK,1,0.04,17,Brand#45,24,JUMBO BOX,31,993,54528.3172
F,F,COLLECT COD,1,Manufacturer#5,3-MEDIUM,1,AUTOMOBILE,MAIL,5,0.05,3,Brand#53,24,LG BAG,15,993,9848.496
F,F,DELIVER IN PERSON,3,Manufacturer#1,3-MEDIUM,1,AUTOMOBILE,AIR,2,0,7,Brand#14,24,MED BAG,15,993,45211.32
F,F,TAKE BACK RETURN,1,Manufacturer#4,3-MEDIUM,2,BUILDING,REG AIR,3,0.08,17,Brand#44,18,SM PKG,26,994,53921.385
F,F,NONE,2,Manufacturer#1,3-MEDIUM,2,BUILDING,SHIP,2,0.02,8,Brand#15,18,JUMBO CAN,7,994,48017.3148
F,F,COLLECT COD,2,Manufacturer#3,3-MEDIUM,2,BUILDING,REG AIR,5,0.01,8,Brand#33,18,LG CASE,17,994,48683.916
F,F,DELIVER IN PERSON,0,Manufacturer#5,3-MEDIUM,2,BUILDING,FOB,1,0.03,0,Brand#54,18,WRAP BOX,19,994,14196.2072
F,F,COLLECT COD,2,Manufacturer#5,5-LOW,3,MACHINERY,RAIL,2,0,8,Brand#51,6,LG PKG,42,995,49870.32
F,F,NONE,4,Manufacturer#1,5-LOW,3,MACHINERY,RAIL,1,0.05,20,Brand#14,6,LG PKG,4,995,68218.0184
F,F,NONE,4,Manufacturer#4,5-LOW,4,BUILDING,TRUCK,2,0.06,4,Brand#44,20,WRAP PKG,23,996,17249.632
F,F,TAKE BACK RETURN,0,Manufacturer#3,5-LOW,4,BUILDING,SHIP,3,0.02,15,Brand#31,20,SM JAR,24,996,6450.609
F,F,DELIVER IN PERSON,3,Manufacturer#5,5-LOW,2,FURNITURE,MAIL,2,0,19,Brand#53,9,LG PACK,13,997,26415.165
F,F,TAKE BACK RETURN,3,Manufacturer#1,1-URGENT,2,HOUSEHOLD,AIR,1,0.08,6,Brand#14,12,MED PACK,1,998,52364.1664
F,F,TAKE BACK RETURN,4,Manufacturer#3,3-MEDIUM,3,MACHINERY,MAIL,4,0.03,13,Brand#33,23,LG CASE,22,992,23672.537
F,F,NONE,1,Manufacturer#3,3-MEDIUM,3,MACHINERY,RAIL,6,0.01,2,Brand#35,23,WRAP BOX,18,992,40837.0097
F,F,TAKE BACK RETURN,4,Manufacturer#1,1-URGENT,2,MACHINERY,FOB,4,0.01,20,Brand#12,21,WRAP PKG,20,999,24159.1878
F,F,NONE,3,Manufacturer#4,1-URGENT,2,MACHINERY,SHIP,5,0,22,Brand#42,21,LG PACK,44,999,4412.3844
F,F,NONE,1,Manufacturer#1,1-URGENT,2,MACHINERY,SHIP,3,0.06,1,Brand#15,21,WRAP PKG,3,999,67732.98
F,F,NONE,3,Manufacturer#2,1-URGENT,2,MACHINERY,REG AIR,2,0.04,22,Brand#25,21,SM DRUM,45,999,2857.827
F,F,COLLECT COD,1,Manufacturer#1,2-HIGH,3,HOUSEHOLD,SHIP,1,0.06,1,Brand#12,6,WRAP BAG,20,1000,60449.2944
F,F,COLLECT COD,2,Manufacturer#4,1-URGENT,4,AUTOMOBILE,SHIP,3,0.04,18,Brand#42,4,JUMBO JAR,20,1001,20420.1
F,F,COLLECT COD,2,Manufacturer#5,1-URGENT,4,AUTOMOBILE,TRUCK,1,0.07,18,Brand#51,4,MED PACK,5,1001,2149.58
F,F,COLLECT COD,4,Manufacturer#2,3-MEDIUM,4,HOUSEHOLD,FOB,1,0.06,20,Brand#22,20,WRAP BAG,18,1002,23145.192
F,F,COLLECT COD,1,Manufacturer#4,3-MEDIUM,4,HOUSEHOLD,MAIL,2,0.08,24,Brand#42,20,SM JAR,9,1002,28014.896
F,F,NONE,0,Manufacturer#4,5-LOW,1,MACHINERY,RAIL,2,0.05,16,Brand#43,2,SM BOX,3,1003,32514.3456
F,F,NONE,3,Manufacturer#3,4-NOT SPECIFIED,1,AUTOMOBILE,MAIL,4,0.08,22,Brand#35,1,LG JAR,15,1004,3443.62
F,F,DELIVER IN PERSON,2,Manufacturer#1,4-NOT SPECIFIED,1,AUTOMOBILE,REG AIR,3,0.03,8,Brand#15,1,JUMBO BOX,19,1004,31529.088
F,F,TAKE BACK RETURN,3,Manufacturer#1,2-HIGH,3,HOUSEHOLD,FOB,4,0.01,7,Brand#12,6,MED PKG,12,1000,31620.1148
F,F,COLLECT COD,2,Manufacturer#4,4-NOT SPECIFIED,3,HOUSEHOLD,REG AIR,5,0.04,8,Brand#43,19,JUMBO BOX,40,1005,34561.8
F,F,COLLECT COD,4,Manufacturer#5,4-NOT SPECIFIED,3,HOUSEHOLD,RAIL,2,0.01,10,Brand#53,19,MED JAR,50,1005,39602.7016
F,F,TAKE BACK RETURN,0,Manufacturer#3,4-NOT SPECIFIED,3,HOUSEHOLD,RAIL,3,0.05,14,Brand#31,19,MED PACK,22,1005,40057.1864
F,F,TAKE BACK RETURN,3,Manufacturer#4,4-NOT SPECIFIED,3,HOUSEHOLD,MAIL,4,0.07,7,Brand#41,19,SM DRUM,22,1005,32904.3624
F,F,COLLECT COD,3,Manufacturer#4,4-NOT SPECIFIED,1,AUTOMOBILE,REG AIR,4,0.01,23,Brand#41,3,JUMBO DRUM,22,1006,5371.6563
F,F,NONE,0,Manufacturer#1,4-NOT SPECIFIED,1,AUTOMOBILE,REG AIR,3,0.04,0,Brand#11,3,MED BOX,36,1006,1903.98
F,F,COLLECT COD,0,Manufacturer#1,4-NOT SPECIFIED,1,AUTOMOBILE,AIR,2,0.03,0,Brand#13,3,JUMBO BAG,39,1006,5102.26
F,F,COLLECT COD,3,Manufacturer#1,1-URGENT,3,HOUSEHOLD,FOB,2,0.06,23,Brand#11,19,LG PKG,23,1007,33519.418
F,F,DELIVER IN PERSON,1,Manufacturer#1,1-URGENT,4,FURNITURE,MAIL,2,0.08,17,Brand#15,10,LG CAN,30,1008,29867.3814
F,F,COLLECT COD,4,Manufacturer#4,5-LOW,4,BUILDING,TRUCK,2,0.05,11,Brand#44,13,SM JAR,23,698,9535.725
F,F,NONE,3,Manufacturer#4,5-LOW,4,BUILDING,RAIL,1,0.02,22,Brand#44,13,LG CAN,20,698,31840.4565
F,F,COLLECT COD,0,Manufacturer#5,5-LOW,1,MACHINERY,AIR,3,0.01,5,Brand#52,2,SM PKG,19,1009,40044.095
F,F,NONE,4,Manufacturer#4,1-URGENT,3,HOUSEHOLD,TRUCK,1,0.02,11,Brand#41,19,LG BAG,22,1007,45089.996
F,F,DELIVER IN PERSON,3,Manufacturer#3,2-HIGH,4,AUTOMOBILE,SHIP,1,0.05,19,Brand#33,11,MED BOX,41,1010,4915.656
F,F,TAKE BACK RETURN,1,Manufacturer#2,4-NOT SPECIFIED,1,BUILDING,RAIL,1,0.01,2,Brand#22,3,LG BOX,39,1011,32901.957
F,F,NONE,0,Manufacturer#3,5-LOW,3,BUILDING,SHIP,2,0.01,0,Brand#32,22,WRAP PKG,16,1012,44942.751
F,F,DELIVER IN PERSON,4,Manufacturer#5,2-HIGH,2,AUTOMOBILE,MAIL,5,0.05,13,Brand#53,8,MED CAN,20,1013,15843.891
F,F,NONE,1,Manufacturer#4,2-HIGH,2,AUTOMOBILE,TRUCK,3,0.03,3,Brand#43,8,JUMBO PKG,50,1013,36951.0232
F,F,COLLECT COD,1,Manufacturer#2,2-HIGH,2,AUTOMOBILE,AIR,2,0.02,24,Brand#24,8,SM JAR,31,1013,51015.84
F,F,COLLECT COD,4,Manufacturer#2,3-MEDIUM,3,AUTOMOBILE,AIR,3,0.07,20,Brand#23,6,MED PKG,16,1014,60572.8396
F,F,NONE,4,Manufacturer#1,1-URGENT,0,AUTOMOBILE,MAIL,2,0.06,10,Brand#14,16,LG BOX,22,1015,16471.3568
F,F,COLLECT COD,3,Manufacturer#2,1-URGENT,0,AUTOMOBILE,MAIL,3,0.05,7,Brand#21,16,WRAP BOX,34,1015,25993.5676
F,F,NONE,1,Manufacturer#5,1-URGENT,0,AUTOMOBILE,REG AIR,1,0.04,2,Brand#52,16,MED DRUM,40,1015,42603.021
F,F,NONE,4,Manufacturer#2,4-NOT SPECIFIED,2,MACHINERY,RAIL,1,0.08,20,Brand#22,21,MED CAN,8,1016,11855.3472
F,F,TAKE BACK RETURN,1,Manufacturer#5,4-NOT SPECIFIED,2,MACHINERY,TRUCK,3,0,24,Brand#51,21,WRAP CAN,40,1016,30679.7294
F,F,DELIVER IN PERSON,2,Manufacturer#5,4-NOT SPECIFIED,2,MACHINERY,REG AIR,5,0.02,9,Brand#54,21,SM PACK,44,1016,31516.4304
F,F,TAKE BACK RETURN,1,Manufacturer#5,4-NOT SPECIFIED,2,MACHINERY,MAIL,2,0.06,17,Brand#54,21,MED BOX,28,1016,36007.3494
F,F,DELIVER IN PERSON,4,Manufacturer#5,4-NOT SPECIFIED,2,MACHINERY,REG AIR,4,0.03,13,Brand#52,21,MED CASE,13,1016,4446.1425
F,F,DELIVER IN PERSON,1,Manufacturer#3,2-HIGH,4,FURNITURE,REG AIR,3,0.06,3,Brand#34,10,WRAP CAN,49,1017,26027.2
F,F,NONE,4,Manufacturer#5,5-LOW,3,BUILDING,MAIL,1,0.07,10,Brand#53,22,SM PKG,40,1012,62140.203
F,F,TAKE BACK RETURN,3,Manufacturer#5,5-LOW,3,BUILDING,REG AIR,4,0.07,7,Brand#53,22,LG CASE,28,1012,15238.6416
F,F,COLLECT COD,0,Manufacturer#3,2-HIGH,2,AUTOMOBILE,MAIL,3,0,15,Brand#33,18,SM CASE,4,1018,12451.24
F,F,DELIVER IN PERSON,2,Manufacturer#3,2-HIGH,2,AUTOMOBILE,REG AIR,2,0.07,18,Brand#34,18,LG JAR,31,1018,4434.5
F,F,COLLECT COD,4,Manufacturer#1,1-URGENT,0,MACHINERY,SHIP,1,0.01,4,Brand#14,0,LG PKG,28,1019,48131.991
F,F,DELIVER IN PERSON,2,Manufacturer#3,4-NOT SPECIFIED,2,AUTOMOBILE,TRUCK,2,0,8,Brand#31,12,LG CAN,44,326,5641.363
F,F,DELIVER IN PERSON,2,Manufacturer#1,4-NOT SPECIFIED,2,AUTOMOBILE,SHIP,1,0.05,12,Brand#12,12,WRAP CAN,21,326,18177.6192
F,F,COLLECT COD,3,Manufacturer#4,4-NOT SPECIFIED,2,AUTOMOBILE,SHIP,4,0.01,7,Brand#42,12,MED DRUM,37,326,23156.8232
F,F,COLLECT COD,2,Manufacturer#1,2-HIGH,4,BUILDING,RAIL,4,0.03,12,Brand#11,4,WRAP CASE,16,1020,3979.968
F,F,TAKE BACK RETURN,3,Manufacturer#2,2-HIGH,4,BUILDING,RAIL,5,0.02,7,Brand#24,4,JUMBO PKG,20,1020,20504.1573
F,F,DELIVER IN PERSON,1,Manufacturer#4,4-NOT SPECIFIED,3,AUTOMOBILE,SHIP,2,0,1,Brand#43,7,WRAP CASE,48,1021,12295.064
F,F,DELIVER IN PERSON,2,Manufacturer#5,1-URGENT,0,AUTOMOBILE,SHIP,1,0.06,12,Brand#54,16,WRAP CASE,23,1022,43092.9288
F,F,DELIVER IN PERSON,2,Manufacturer#4,1-URGENT,2,HOUSEHOLD,RAIL,5,0.04,18,Brand#43,9,MED DRUM,22,1023,28959.84
F,F,NONE,4,Manufacturer#3,1-URGENT,2,HOUSEHOLD,REG AIR,3,0,4,Brand#32,9,SM BOX,49,1023,8963.0016
F,F,COLLECT COD,0,Manufacturer#3,3-MEDIUM,2,AUTOMOBILE,SHIP,2,0.01,15,Brand#35,21,MED JAR,44,1024,52841.8744
F,F,DELIVER IN PERSON,4,Manufacturer#5,3-MEDIUM,2,AUTOMOBILE,MAIL,3,0.08,4,Brand#51,21,JUMBO CASE,14,1024,31654.714
F,F,NONE,2,Manufacturer#2,3-MEDIUM,2,AUTOMOBILE,TRUCK,4,0.05,18,Brand#25,21,SM CAN,43,1024,31229.0336
F,F,COLLECT COD,2,Manufacturer#1,4-NOT SPECIFIED,3,AUTOMOBILE,TRUCK,3,0.08,12,Brand#15,7,WRAP JAR,49,654,31424.94
F,F,NONE,1,Manufacturer#4,1-URGENT,0,MACHINERY,TRUCK,3,0.02,24,Brand#41,0,LG CASE,46,1019,28758.672
F,F,COLLECT COD,1,Manufacturer#5,1-URGENT,0,MACHINERY,SHIP,2,0.02,24,Brand#51,0,MED PACK,42,1019,55262.739
F,F,DELIVER IN PERSON,4,Manufacturer#5,3-MEDIUM,3,MACHINERY,AIR,1,0.03,4,Brand#53,23,SM JAR,39,1025,29808.72
F,F,DELIVER IN PERSON,3,Manufacturer#5,2-HIGH,3,FURNITURE,FOB,1,0.03,6,Brand#51,22,MED PKG,28,1026,4137.3468
F,F,COLLECT COD,1,Manufacturer#5,4-NOT SPECIFIED,1,BUILDING,MAIL,6,0.04,17,Brand#55,3,SM CASE,38,1027,12854.9808
F,F,DELIVER IN PERSON,1,Manufacturer#5,4-NOT SPECIFIED,1,BUILDING,FOB,5,0,24,Brand#51,3,MED JAR,11,1027,50221.351
F,F,COLLECT COD,3,Manufacturer#5,4-NOT SPECIFIED,1,BUILDING,REG AIR,2,0.07,6,Brand#53,3,JUMBO CASE,8,1027,11431.255
F,F,DELIVER IN PERSON,1,Manufacturer#1,4-NOT SPECIFIED,1,BUILDING,AIR,4,0.08,17,Brand#15,3,LG CAN,1,1027,65926.07
F,F,COLLECT COD,1,Manufacturer#4,3-MEDIUM,3,MACHINERY,RAIL,6,0.03,24,Brand#41,23,MED BOX,37,1025,66681.0144
F,F,NONE,4,Manufacturer#3,3-MEDIUM,3,MACHINERY,MAIL,5,0.07,11,Brand#33,23,LG JAR,35,1025,24327.03
F,F,TAKE BACK RETURN,4,Manufacturer#2,3-MEDIUM,3,MACHINERY,MAIL,2,0.04,4,Brand#25,23,SM DRUM,21,1025,16916.592
F,F,NONE,3,Manufacturer#5,5-LOW,2,MACHINERY,MAIL,1,0.08,19,Brand#53,12,SM BAG,7,1028,54709.128
F,F,COLLECT COD,1,Manufacturer#4,5-LOW,2,MACHINERY,RAIL,2,0.01,3,Brand#44,12,MED BAG,38,1028,58130.2956
F,F,TAKE BACK RETURN,0,Manufacturer#5,5-LOW,2,MACHINERY,RAIL,6,0.07,15,Brand#52,12,SM PACK,34,1028,45342.495
F,F,COLLECT COD,1,Manufacturer#2,5-LOW,2,MACHINERY,AIR,3,0.01,2,Brand#21,12,SM PACK,8,1028,73447.236
F,F,COLLECT COD,4,Manufacturer#1,5-LOW,2,MACHINERY,REG AIR,5,0.05,11,Brand#15,12,WRAP BOX,1,1028,18077.8794
F,F,NONE,3,Manufacturer#3,2-HIGH,2,FURNITURE,TRUCK,5,0.01,22,Brand#34,12,LG CAN,9,1029,65480.76
F,F,DELIVER IN PERSON,2,Manufacturer#4,3-MEDIUM,3,MACHINERY,TRUCK,1,0.06,12,Brand#42,6,SM DRUM,29,1030,43625.835
F,F,NONE,4,Manufacturer#3,2-HIGH,2,FURNITURE,REG AIR,4,0.07,10,Brand#35,12,MED BAG,25,1029,30157.25
F,F,COLLECT COD,1,Manufacturer#4,3-MEDIUM,3,FURNITURE,FOB,3,0.05,2,Brand#42,6,LG CAN,9,1031,39617.0775
F,F,COLLECT COD,3,Manufacturer#3,1-URGENT,1,BUILDING,MAIL,1,0.01,22,Brand#32,1,LG PKG,22,1032,63501.2928
F,F,COLLECT COD,1,Manufacturer#4,1-URGENT,1,BUILDING,MAIL,6,0.08,3,Brand#45,1,MED CASE,11,1032,65504.8944
F,F,TAKE BACK RETURN,0,Manufacturer#3,3-MEDIUM,2,MACHINERY,MAIL,3,0.06,15,Brand#34,9,WRAP CASE,39,685,30638.7279
F,F,COLLECT COD,2,Manufacturer#2,3-MEDIUM,2,MACHINERY,MAIL,1,0.03,9,Brand#24,9,WRAP JAR,15,685,13153.95
F,F,DELIVER IN PERSON,1,Manufacturer#1,1-URGENT,0,FURNITURE,AIR,5,0.05,1,Brand#13,5,SM CASE,49,1033,49771.0983
F,F,DELIVER IN PERSON,2,Manufacturer#1,1-URGENT,0,FURNITURE,TRUCK,1,0.05,21,Brand#12,5,MED PKG,22,1033,46300.7664
F,F,COLLECT COD,2,Manufacturer#1,1-URGENT,0,FURNITURE,TRUCK,4,0.01,8,Brand#11,5,SM CAN,12,1033,10396.1744
F,F,TAKE BACK RETURN,2,Manufacturer#3,1-URGENT,0,FURNITURE,SHIP,3,0.06,21,Brand#35,5,JUMBO CAN,21,1033,3585.6184
F,F,DELIVER IN PERSON,4,Manufacturer#3,5-LOW,0,HOUSEHOLD,TRUCK,2,0.05,10,Brand#32,16,WRAP PACK,45,1034,25126.6
F,F,COLLECT COD,2,Manufacturer#1,5-LOW,0,HOUSEHOLD,REG AIR,4,0.08,18,Brand#14,16,SM PKG,43,1034,44389.4208
F,F,COLLECT COD,1,Manufacturer#4,5-LOW,0,HOUSEHOLD,AIR,1,0.08,24,Brand#45,16,SM PKG,39,1034,35947.43
F,F,COLLECT COD,3,Manufacturer#4,1-URGENT,1,MACHINERY,FOB,1,0.02,23,Brand#41,24,WRAP BOX,13,1035,60003.9
F,F,NONE,2,Manufacturer#3,3-MEDIUM,3,FURNITURE,TRUCK,6,0,21,Brand#33,6,SM BOX,11,1031,64551.4395
F,F,COLLECT COD,4,Manufacturer#3,3-MEDIUM,3,FURNITURE,RAIL,2,0.02,11,Brand#35,6,LG PKG,6,1031,46332.72
F,F,NONE,4,Manufacturer#4,4-NOT SPECIFIED,2,AUTOMOBILE,FOB,6,0.05,20,Brand#43,21,MED CASE,13,1036,28224.6624
F,F,NONE,4,Manufacturer#5,4-NOT SPECIFIED,2,AUTOMOBILE,REG AIR,4,0,11,Brand#55,21,JUMBO CAN,47,1036,25973.92
F,F,NONE,1,Manufacturer#1,4-NOT SPECIFIED,2,AUTOMOBILE,MAIL,5,0.06,24,Brand#12,21,MED CAN,26,1036,66033.46
F,F,NONE,4,Manufacturer#3,4-NOT SPECIFIED,2,AUTOMOBILE,AIR,7,0.05,10,Brand#34,21,WRAP BAG,3,1036,45948.96
F,F,NONE,2,Manufacturer#4,1-URGENT,1,HOUSEHOLD,MAIL,1,0,21,Brand#42,2,JUMBO JAR,20,1037,34411.65
F,F,DELIVER IN PERSON,0,Manufacturer#5,1-URGENT,1,HOUSEHOLD,SHIP,2,0.01,5,Brand#51,2,MED DRUM,25,1037,44918.4372
F,F,DELIVER IN PERSON,2,Manufacturer#2,5-LOW,2,AUTOMOBILE,AIR,4,0.01,9,Brand#21,8,SM PACK,49,1038,20550.816
F,F,NONE,3,Manufacturer#4,5-LOW,2,AUTOMOBILE,RAIL,6,0.06,6,Brand#44,8,MED PACK,27,1038,55769.35
F,F,COLLECT COD,3,Manufacturer#4,5-LOW,2,AUTOMOBILE,SHIP,5,0.01,19,Brand#42,8,MED JAR,11,1038,31041.6
F,F,COLLECT COD,0,Manufacturer#2,5-LOW,2,AUTOMOBILE,REG AIR,3,0,5,Brand#25,8,LG BOX,30,1038,28073.488
F,F,NONE,2,Manufacturer#2,4-NOT SPECIFIED,3,BUILDING,AIR,2,0.08,8,Brand#24,23,WRAP BAG,3,1039,44809.0104
F,F,COLLECT COD,0,Manufacturer#5,1-URGENT,0,BUILDING,MAIL,5,0.04,5,Brand#55,0,MED BAG,46,1040,10399.6416
F,F,TAKE BACK RETURN,3,Manufacturer#5,1-URGENT,0,BUILDING,RAIL,4,0.08,7,Brand#51,0,LG CASE,21,1040,2460.2304
F,F,COLLECT COD,0,Manufacturer#5,1-URGENT,0,BUILDING,AIR,7,0.01,0,Brand#55,0,MED PKG,48,1040,25681.32
F,F,COLLECT COD,0,Manufacturer#3,1-URGENT,0,BUILDING,FOB,2,0.01,0,Brand#31,0,LG BAG,43,1040,40903.7112
F,F,COLLECT COD,0,Manufacturer#5,1-URGENT,0,BUILDING,SHIP,1,0.03,15,Brand#54,0,MED JAR,38,1040,6466.9808
F,F,COLLECT COD,4,Manufacturer#3,2-HIGH,3,MACHINERY,AIR,1,0.06,11,Brand#33,23,LG DRUM,11,1041,45444.888
F,F,NONE,3,Manufacturer#1,3-MEDIUM,1,BUILDING,SHIP,1,0.04,6,Brand#13,24,MED PACK,33,1042,3398.9178
F,F,NONE,2,Manufacturer#4,4-NOT SPECIFIED,3,BUILDING,REG AIR,1,0.05,12,Brand#43,23,MED PKG,43,1039,76085.1224
F,F,DELIVER IN PERSON,2,Manufacturer#4,4-NOT SPECIFIED,2,FURNITURE,REG AIR,6,0.08,9,Brand#42,12,SM JAR,9,1043,39597.978
F,F,COLLECT COD,4,Manufacturer#1,1-URGENT,3,FURNITURE,MAIL,1,0.03,10,Brand#13,6,MED PACK,2,1044,3689.86
F,F,DELIVER IN PERSON,0,Manufacturer#5,1-URGENT,3,FURNITURE,MAIL,2,0.06,15,Brand#55,6,JUMBO PKG,38,1044,10149.462
F,F,COLLECT COD,1,Manufacturer#4,1-URGENT,1,BUILDING,MAIL,2,0.07,1,Brand#42,17,LG CASE,29,1045,21106.1524
F,F,DELIVER IN PERSON,3,Manufacturer#3,1-URGENT,1,BUILDING,RAIL,3,0.02,7,Brand#33,17,JUMBO BOX,24,1045,55424.938
F,F,NONE,1,Manufacturer#4,4-NOT SPECIFIED,2,FURNITURE,TRUCK,2,0.01,3,Brand#43,12,JUMBO PACK,13,1043,43790.538
F,F,NONE,2,Manufacturer#3,4-NOT SPECIFIED,2,FURNITURE,AIR,1,0.08,21,Brand#31,12,MED PACK,4,1043,51048.7725
F,F,NONE,3,Manufacturer#1,4-NOT SPECIFIED,2,FURNITURE,SHIP,5,0.07,7,Brand#12,12,SM BAG,32,1043,90667.6848
F,F,TAKE BACK RETURN,2,Manufacturer#2,4-NOT SPECIFIED,2,FURNITURE,MAIL,3,0.04,21,Brand#25,12,SM DRUM,50,1043,7911.6681
F,F,COLLECT COD,4,Manufacturer#1,4-NOT SPECIFIED,2,FURNITURE,AIR,4,0.03,11,Brand#12,12,MED PKG,15,1043,16992.8286
F,F,TAKE BACK RETURN,3,Manufacturer#4,2-HIGH,0,AUTOMOBILE,TRUCK,6,0.07,7,Brand#45,14,WRAP CASE,23,1046,2660.021
F,F,NONE,3,Manufacturer#5,3-MEDIUM,2,AUTOMOBILE,SHIP,1,0.05,22,Brand#51,8,LG JAR,35,1047,29332.5662
F,F,DELIVER IN PERSON,3,Manufacturer#1,5-LOW,1,HOUSEHOLD,FOB,4,0.04,19,Brand#14,2,JUMBO CAN,10,1048,32302.665
F,F,COLLECT COD,1,Manufacturer#5,5-LOW,1,HOUSEHOLD,MAIL,1,0.01,24,Brand#55,2,SM BOX,47,1048,69542.6732
F,F,NONE,0,Manufacturer#5,5-LOW,1,BUILDING,RAIL,3,0.03,14,Brand#54,24,MED BOX,48,1049,58970.0352
F,F,COLLECT COD,4,Manufacturer#3,5-LOW,1,BUILDING,REG AIR,5,0.07,4,Brand#31,24,WRAP BOX,20,1049,42849.24
F,F,DELIVER IN PERSON,2,Manufacturer#2,5-LOW,1,BUILDING,AIR,4,0,9,Brand#25,24,WRAP PACK,39,1049,16412.22
F,F,DELIVER IN PERSON,1,Manufacturer#1,4-NOT SPECIFIED,0,AUTOMOBILE,AIR,2,0.08,17,Brand#12,5,MED PKG,44,1050,52998.3936
F,F,TAKE BACK RETURN,3,Manufacturer#5,4-NOT SPECIFIED,0,AUTOMOBILE,SHIP,3,0.07,6,Brand#52,5,WRAP JAR,5,1050,9775.602
F,F,COLLECT COD,0,Manufacturer#1,2-HIGH,0,AUTOMOBILE,MAIL,3,0.08,14,Brand#12,14,LG CAN,35,1046,76129.2378
F,F,TAKE BACK RETURN,4,Manufacturer#3,2-HIGH,0,AUTOMOBILE,TRUCK,7,0.04,10,Brand#35,14,WRAP CASE,39,1046,55251.2448
F,F,TAKE BACK RETURN,3,Manufacturer#1,2-HIGH,0,AUTOMOBILE,AIR,2,0.03,19,Brand#11,14,JUMBO PACK,42,1046,24786.27
F,F,TAKE BACK RETURN,0,Manufacturer#3,3-MEDIUM,3,FURNITURE,RAIL,7,0,16,Brand#34,19,MED CASE,50,1051,50824.128
F,F,NONE,0,Manufacturer#2,3-MEDIUM,3,FURNITURE,TRUCK,5,0.08,14,Brand#25,19,MED CAN,4,1051,59506.3584
F,F,NONE,3,Manufacturer#2,3-MEDIUM,3,FURNITURE,MAIL,6,0.05,23,Brand#22,19,LG JAR,21,1051,62053.8408
F,F,COLLECT COD,4,Manufacturer#4,3-MEDIUM,3,FURNITURE,SHIP,2,0,4,Brand#43,19,LG DRUM,29,1051,38968.3392
F,F,DELIVER IN PERSON,0,Manufacturer#5,3-MEDIUM,3,FURNITURE,SHIP,3,0.08,15,Brand#51,19,MED PKG,40,1051,59902.6428
F,F,COLLECT COD,0,Manufacturer#3,3-MEDIUM,3,FURNITURE,AIR,1,0.08,15,Brand#32,19,WRAP CAN,44,1051,5415.3624
F,F,COLLECT COD,3,Manufacturer#1,5-LOW,4,BUILDING,SHIP,1,0.08,23,Brand#12,13,SM CASE,20,1052,7057.92
F,F,DELIVER IN PERSON,3,Manufacturer#4,5-LOW,3,BUILDING,RAIL,4,0.03,7,Brand#41,7,SM JAR,23,1053,71595.2
F,F,NONE,4,Manufacturer#2,5-LOW,1,HOUSEHOLD,RAIL,2,0.02,20,Brand#25,3,WRAP CAN,32,1054,50407.9065
F,F,DELIVER IN PERSON,3,Manufacturer#5,5-LOW,1,HOUSEHOLD,MAIL,1,0,23,Brand#55,3,MED BAG,44,1054,24568.4712
F,F,NONE,1,Manufacturer#1,4-NOT SPECIFIED,4,FURNITURE,MAIL,2,0.04,17,Brand#11,13,SM CAN,29,1055,32289.984
F,F,TAKE BACK RETURN,4,Manufacturer#4,4-NOT SPECIFIED,4,FURNITURE,TRUCK,3,0.03,4,Brand#42,13,MED PKG,28,1055,8889.2713
F,F,COLLECT COD,3,Manufacturer#2,4-NOT SPECIFIED,0,MACHINERY,FOB,1,0.04,19,Brand#24,15,LG BAG,37,1056,36006.2976
F,F,TAKE BACK RETURN,3,Manufacturer#5,3-MEDIUM,3,FURNITURE,RAIL,3,0.04,22,Brand#55,6,WRAP CAN,7,1057,26764.192
F,F,DELIVER IN PERSON,1,Manufacturer#4,3-MEDIUM,3,FURNITURE,SHIP,5,0.01,3,Brand#45,6,SM CASE,6,1057,22398.7104
F,F,DELIVER IN PERSON,2,Manufacturer#1,3-MEDIUM,3,FURNITURE,RAIL,1,0.02,9,Brand#15,6,JUMBO CASE,1,1057,52779.264
F,F,DELIVER IN PERSON,4,Manufacturer#2,3-MEDIUM,3,FURNITURE,RAIL,4,0.01,11,Brand#24,6,LG PACK,11,1057,32658.08
F,F,TAKE BACK RETURN,2,Manufacturer#5,3-MEDIUM,0,FURNITURE,TRUCK,1,0,8,Brand#51,15,SM PACK,46,1058,88945.56
F,F,NONE,2,Manufacturer#3,1-URGENT,0,HOUSEHOLD,FOB,3,0.03,8,Brand#33,5,LG JAR,26,1059,68944.1662
F,F,TAKE BACK RETURN,0,Manufacturer#3,1-URGENT,0,HOUSEHOLD,TRUCK,2,0.05,0,Brand#31,5,LG JAR,29,1059,29642.445
F,F,DELIVER IN PERSON,0,Manufacturer#2,1-URGENT,0,HOUSEHOLD,SHIP,6,0,0,Brand#23,5,SM CASE,48,1059,48012.0027
F,F,COLLECT COD,0,Manufacturer#2,2-HIGH,0,HOUSEHOLD,AIR,2,0.01,15,Brand#25,15,MED JAR,15,1060,47527.7205
F,F,COLLECT COD,0,Manufacturer#2,2-HIGH,0,HOUSEHOLD,RAIL,6,0.05,5,Brand#24,15,MED DRUM,28,1060,32521.7984
F,F,COLLECT COD,1,Manufacturer#5,2-HIGH,0,HOUSEHOLD,REG AIR,7,0.07,17,Brand#55,15,LG CAN,8,1060,6551.496
F,F,DELIVER IN PERSON,1,Manufacturer#3,2-HIGH,0,HOUSEHOLD,REG AIR,1,0.01,2,Brand#31,15,WRAP CASE,16,1060,21795.003
F,F,NONE,1,Manufacturer#5,4-NOT SPECIFIED,3,MACHINERY,AIR,3,0,24,Brand#53,22,LG PKG,15,1061,3861.5136
F,F,TAKE BACK RETURN,2,Manufacturer#2,4-NOT SPECIFIED,3,MACHINERY,TRUCK,1,0.05,9,Brand#23,22,LG DRUM,17,1061,49051.24
F,F,NONE,2,Manufacturer#4,4-NOT SPECIFIED,3,MACHINERY,REG AIR,2,0.01,9,Brand#45,22,JUMBO BAG,16,1061,81635.736
F,F,TAKE BACK RETURN,4,Manufacturer#1,1-URGENT,1,AUTOMOBILE,FOB,1,0.06,11,Brand#11,24,MED BAG,35,1062,35631.7104
F,F,NONE,4,Manufacturer#4,5-LOW,0,BUILDING,RAIL,4,0.04,20,Brand#45,14,JUMBO DRUM,23,841,8836.632
F,F,DELIVER IN PERSON,2,Manufacturer#5,5-LOW,0,BUILDING,FOB,1,0.06,8,Brand#54,14,SM CAN,22,841,79631.9433
F,F,DELIVER IN PERSON,3,Manufacturer#2,5-LOW,0,BUILDING,SHIP,3,0.03,19,Brand#21,14,WRAP BOX,19,841,31908.996
F,F,NONE,4,Manufacturer#3,5-LOW,3,BUILDING,AIR,1,0.01,10,Brand#33,7,WRAP BOX,6,1053,31521.2688
F,F,NONE,2,Manufacturer#5,5-LOW,3,BUILDING,TRUCK,2,0.06,8,Brand#53,7,MED CAN,14,1053,62900.6058
F,F,DELIVER IN PERSON,2,Manufacturer#5,5-LOW,3,BUILDING,RAIL,3,0.04,21,Brand#53,7,JUMBO BOX,29,1053,19458.0273
F,F,COLLECT COD,4,Manufacturer#5,5-LOW,3,BUILDING,RAIL,5,0.02,20,Brand#53,7,MED BOX,35,1053,69092.3904
F,F,TAKE BACK RETURN,2,Manufacturer#4,3-MEDIUM,0,AUTOMOBILE,REG AIR,1,0.05,18,Brand#43,15,MED DRUM,45,6,65689.8606
F,F,DELIVER IN PERSON,1,Manufacturer#1,3-MEDIUM,0,AUTOMOBILE,SHIP,3,0,3,Brand#13,15,MED BAG,31,6,44354.583
F,F,DELIVER IN PERSON,2,Manufacturer#2,1-URGENT,0,AUTOMOBILE,FOB,5,0,21,Brand#24,16,SM PKG,49,1063,58761.0936
F,F,NONE,4,Manufacturer#3,5-LOW,1,BUILDING,REG AIR,6,0,4,Brand#31,2,SM BOX,6,1064,64146.7008
F,F,NONE,1,Manufacturer#5,5-LOW,1,BUILDING,MAIL,3,0.08,24,Brand#51,2,SM BOX,22,1064,54709.645
F,F,COLLECT COD,4,Manufacturer#3,2-HIGH,3,FURNITURE,FOB,4,0.08,13,Brand#32,19,JUMBO BOX,45,1065,58230.003
F,F,NONE,4,Manufacturer#2,2-HIGH,3,FURNITURE,AIR,5,0.03,13,Brand#21,19,JUMBO JAR,27,1065,5825.21
F,F,DELIVER IN PERSON,1,Manufacturer#5,2-HIGH,3,FURNITURE,AIR,3,0.02,17,Brand#55,19,JUMBO PACK,35,1065,22794.321
F,F,COLLECT COD,2,Manufacturer#2,2-HIGH,3,FURNITURE,SHIP,2,0.06,21,Brand#25,19,WRAP BAG,8,1065,58421.0672
F,F,NONE,0,Manufacturer#1,1-URGENT,0,AUTOMOBILE,REG AIR,5,0.08,15,Brand#11,14,JUMBO CASE,28,1066,16698.336
F,F,TAKE BACK RETURN,0,Manufacturer#2,2-HIGH,4,AUTOMOBILE,AIR,5,0,14,Brand#25,13,JUMBO CAN,50,645,14742
F,F,COLLECT COD,2,Manufacturer#3,2-HIGH,4,AUTOMOBILE,TRUCK,1,0.02,18,Brand#31,13,SM CASE,8,645,46017.664
F,F,COLLECT COD,4,Manufacturer#3,5-LOW,1,AUTOMOBILE,SHIP,3,0.08,13,Brand#31,17,LG CASE,31,1067,25424.622
F,F,TAKE BACK RETURN,0,Manufacturer#2,5-LOW,1,AUTOMOBILE,SHIP,4,0.01,5,Brand#25,17,SM BOX,17,1067,4353.33
F,F,COLLECT COD,2,Manufacturer#4,5-LOW,3,FURNITURE,RAIL,6,0.05,9,Brand#45,23,LG CAN,12,1068,2743.8138
F,F,DELIVER IN PERSON,2,Manufacturer#2,5-LOW,3,FURNITURE,RAIL,4,0.06,9,Brand#22,23,MED JAR,20,1068,37901.6064
F,F,DELIVER IN PERSON,3,Manufacturer#3,5-LOW,3,FURNITURE,TRUCK,2,0.01,6,Brand#34,23,JUMBO JAR,22,1068,45502.9231
F,F,COLLECT COD,4,Manufacturer#3,2-HIGH,3,MACHINERY,MAIL,1,0.03,20,Brand#31,23,WRAP JAR,16,1069,22649.112
F,F,NONE,0,Manufacturer#4,2-HIGH,3,MACHINERY,TRUCK,3,0.05,5,Brand#41,23,WRAP BAG,26,1069,10511.4
F,F,TAKE BACK RETURN,3,Manufacturer#5,1-URGENT,0,AUTOMOBILE,TRUCK,1,0.04,19,Brand#54,16,SM CAN,50,1063,24082.6362
F,F,DELIVER IN PERSON,4,Manufacturer#4,1-URGENT,0,AUTOMOBILE,RAIL,2,0.03,4,Brand#43,16,SM PKG,26,1063,39217.599
F,F,TAKE BACK RETURN,3,Manufacturer#4,1-URGENT,4,AUTOMOBILE,MAIL,1,0.05,22,Brand#45,20,LG JAR,5,1070,18266.9256
F,F,COLLECT COD,4,Manufacturer#3,1-URGENT,4,AUTOMOBILE,FOB,4,0.04,10,Brand#32,20,LG JAR,2,1070,64072.296
F,F,TAKE BACK RETURN,2,Manufacturer#1,1-URGENT,4,AUTOMOBILE,REG AIR,2,0.02,9,Brand#13,20,WRAP PACK,19,1070,52545.1
F,F,DELIVER IN PERSON,3,Manufacturer#3,5-LOW,3,HOUSEHOLD,TRUCK,2,0.03,6,Brand#32,23,MED CAN,44,1071,42144.9
F,F,TAKE BACK RETURN,2,Manufacturer#1,5-LOW,3,HOUSEHOLD,FOB,4,0,18,Brand#14,23,WRAP CAN,47,1071,21051.44
F,F,DELIVER IN PERSON,3,Manufacturer#2,1-URGENT,0,AUTOMOBILE,REG AIR,6,0.01,7,Brand#23,15,MED PACK,29,1072,11131.76
F,F,DELIVER IN PERSON,2,Manufacturer#2,4-NOT SPECIFIED,2,FURNITURE,MAIL,3,0.04,21,Brand#25,21,LG DRUM,14,1073,85349.18
F,F,DELIVER IN PERSON,2,Manufacturer#5,4-NOT SPECIFIED,2,FURNITURE,RAIL,4,0.04,18,Brand#55,21,SM CAN,50,1073,38566.528
F,F,TAKE BACK RETURN,3,Manufacturer#5,4-NOT SPECIFIED,2,FURNITURE,AIR,1,0.04,7,Brand#55,21,WRAP BAG,22,1073,18668.16
F,F,TAKE BACK RETURN,3,Manufacturer#5,3-MEDIUM,1,AUTOMOBILE,SHIP,3,0.01,22,Brand#53,17,LG PKG,23,1074,21400.704
F,F,NONE,1,Manufacturer#1,2-HIGH,2,HOUSEHOLD,SHIP,1,0.08,24,Brand#14,21,WRAP PACK,7,1075,41147.8535
F,F,TAKE BACK RETURN,3,Manufacturer#1,4-NOT SPECIFIED,3,FURNITURE,RAIL,3,0.03,6,Brand#11,7,JUMBO PACK,22,1076,16336.523
F,F,TAKE BACK RETURN,3,Manufacturer#3,4-NOT SPECIFIED,3,FURNITURE,REG AIR,1,0.03,7,Brand#31,7,WRAP PKG,5,1076,36141.036
F,F,NONE,0,Manufacturer#3,5-LOW,4,FURNITURE,MAIL,6,0.02,14,Brand#35,10,WRAP JAR,17,1077,25296.3256
F,F,TAKE BACK RETURN,3,Manufacturer#3,5-LOW,4,FURNITURE,MAIL,3,0.05,23,Brand#35,10,WRAP PKG,15,1077,39485.8464
F,F,NONE,4,Manufacturer#3,5-LOW,4,FURNITURE,SHIP,2,0.05,13,Brand#31,10,MED PACK,4,1077,35020.755
F,F,NONE,3,Manufacturer#5,5-LOW,4,FURNITURE,MAIL,4,0.05,22,Brand#53,10,SM JAR,12,1077,75634.7592
F,F,TAKE BACK RETURN,3,Manufacturer#3,3-MEDIUM,1,MACHINERY,TRUCK,1,0.02,7,Brand#32,24,WRAP BAG,1,1078,32764.284
F,F,COLLECT COD,2,Manufacturer#1,3-MEDIUM,1,MACHINERY,AIR,5,0.05,18,Brand#14,24,LG CASE,19,1078,36759.4304
F,F,COLLECT COD,0,Manufacturer#2,3-MEDIUM,1,MACHINERY,SHIP,3,0.08,15,Brand#21,24,JUMBO JAR,47,1078,15996.3804
F,F,NONE,2,Manufacturer#2,3-MEDIUM,1,MACHINERY,RAIL,4,0.02,18,Brand#23,24,LG JAR,36,1078,74857.732
F,F,DELIVER IN PERSON,4,Manufacturer#2,2-HIGH,3,BUILDING,AIR,2,0.04,4,Brand#23,22,MED PACK,45,1079,30376.0695
F,F,NONE,4,Manufacturer#2,2-HIGH,3,BUILDING,RAIL,5,0.03,4,Brand#25,22,LG BOX,45,1079,59061.324
F,F,TAKE BACK RETURN,1,Manufacturer#3,2-HIGH,3,BUILDING,RAIL,6,0.06,17,Brand#35,22,LG CASE,19,1079,34666.0928
F,F,NONE,3,Manufacturer#5,5-LOW,4,FURNITURE,SHIP,2,0,23,Brand#55,4,MED BAG,31,1080,64552.761
F,F,TAKE BACK RETURN,3,Manufacturer#2,1-URGENT,0,AUTOMOBILE,MAIL,1,0.03,6,Brand#21,15,WRAP CASE,5,1072,21303.702
F,F,NONE,2,Manufacturer#4,1-URGENT,1,MACHINERY,TRUCK,4,0.07,21,Brand#44,3,SM PKG,20,1081,6007.2768
F,F,COLLECT COD,2,Manufacturer#1,4-NOT SPECIFIED,1,AUTOMOBILE,SHIP,3,0.07,8,Brand#14,17,JUMBO CASE,7,1082,57826.4896
F,F,COLLECT COD,3,Manufacturer#4,4-NOT SPECIFIED,0,MACHINERY,SHIP,3,0.01,7,Brand#45,16,JUMBO PKG,16,1083,26353.548
F,F,NONE,3,Manufacturer#1,4-NOT SPECIFIED,0,MACHINERY,AIR,5,0.05,6,Brand#12,16,MED BAG,7,1083,65492.8227
F,F,NONE,0,Manufacturer#2,4-NOT SPECIFIED,1,AUTOMOBILE,FOB,4,0.01,14,Brand#23,17,MED PKG,6,1082,35725.0608
F,F,NONE,3,Manufacturer#1,4-NOT SPECIFIED,1,AUTOMOBILE,MAIL,5,0.02,23,Brand#11,17,SM CASE,39,1082,7126.938
F,F,DELIVER IN PERSON,2,Manufacturer#3,5-LOW,4,BUILDING,TRUCK,1,0.06,12,Brand#33,20,LG CAN,35,1084,31564.3904
F,F,COLLECT COD,3,Manufacturer#4,2-HIGH,4,AUTOMOBILE,TRUCK,1,0.03,6,Brand#41,10,MED CAN,15,1085,11798.2088
F,F,COLLECT COD,1,Manufacturer#4,1-URGENT,3,HOUSEHOLD,FOB,3,0.06,3,Brand#44,19,WRAP PKG,39,1086,23511.852
F,F,TAKE BACK RETURN,0,Manufacturer#5,1-URGENT,3,HOUSEHOLD,RAIL,1,0.03,5,Brand#55,19,JUMBO PKG,22,1086,15298.4256
F,F,DELIVER IN PERSON,2,Manufacturer#5,1-URGENT,3,HOUSEHOLD,MAIL,2,0.01,9,Brand#54,19,LG JAR,37,1086,45224.3748
F,F,COLLECT COD,4,Manufacturer#1,1-URGENT,3,HOUSEHOLD,REG AIR,4,0.01,11,Brand#11,19,LG PKG,6,1086,55728.9
F,F,DELIVER IN PERSON,3,Manufacturer#1,1-URGENT,4,AUTOMOBILE,RAIL,2,0,6,Brand#11,4,SM JAR,43,1087,4775.398
F,F,DELIVER IN PERSON,4,Manufacturer#3,1-URGENT,4,AUTOMOBILE,MAIL,5,0.03,4,Brand#31,4,MED BOX,9,1087,1882.9701
F,F,NONE,3,Manufacturer#2,1-URGENT,4,AUTOMOBILE,AIR,4,0.06,19,Brand#23,4,SM DRUM,34,1087,42410.988
F,F,DELIVER IN PERSON,3,Manufacturer#4,4-NOT SPECIFIED,1,MACHINERY,AIR,1,0.04,23,Brand#42,24,WRAP CAN,16,1088,16259.804
F,F,COLLECT COD,0,Manufacturer#2,2-HIGH,2,BUILDING,SHIP,2,0.02,14,Brand#25,9,MED BAG,2,663,3055.4592
F,F,DELIVER IN PERSON,1,Manufacturer#5,2-HIGH,2,BUILDING,AIR,3,0,17,Brand#54,9,SM CASE,48,663,39476.7275
F,F,NONE,1,Manufacturer#5,2-HIGH,2,BUILDING,TRUCK,4,0.08,17,Brand#54,9,LG JAR,19,663,32991.049
F,F,NONE,3,Manufacturer#5,4-NOT SPECIFIED,1,AUTOMOBILE,SHIP,7,0.03,22,Brand#55,1,JUMBO BAG,46,785,52979.3316
F,F,TAKE BACK RETURN,3,Manufacturer#5,4-NOT SPECIFIED,1,AUTOMOBILE,MAIL,2,0.02,23,Brand#52,1,MED PACK,14,785,53248.1004
F,F,COLLECT COD,3,Manufacturer#5,4-NOT SPECIFIED,1,AUTOMOBILE,REG AIR,4,0,6,Brand#53,1,MED DRUM,21,785,71684.4128
F,F,COLLECT COD,4,Manufacturer#4,4-NOT SPECIFIED,1,MACHINERY,SHIP,5,0.05,11,Brand#43,24,WRAP BAG,9,1088,28426.8032
F,F,DELIVER IN PERSON,1,Manufacturer#2,4-NOT SPECIFIED,1,MACHINERY,AIR,4,0.05,2,Brand#21,24,MED JAR,18,1088,55928.83
F,F,DELIVER IN PERSON,2,Manufacturer#2,4-NOT SPECIFIED,1,MACHINERY,REG AIR,2,0.06,9,Brand#23,24,JUMBO BAG,39,1088,57042.53
F,F,TAKE BACK RETURN,1,Manufacturer#2,5-LOW,1,BUILDING,RAIL,3,0.05,3,Brand#24,2,SM DRUM,32,1089,1842.0106
F,F,TAKE BACK RETURN,3,Manufacturer#4,4-NOT SPECIFIED,4,FURNITURE,AIR,2,0,19,Brand#43,11,WRAP CAN,15,1090,10166.388
F,F,NONE,1,Manufacturer#5,4-NOT SPECIFIED,4,FURNITURE,MAIL,4,0.02,3,Brand#53,11,LG PACK,36,1090,37838.5845
F,F,DELIVER IN PERSON,4,Manufacturer#3,4-NOT SPECIFIED,4,FURNITURE,SHIP,1,0.05,4,Brand#34,11,LG BOX,49,1090,27629.52
F,F,DELIVER IN PERSON,4,Manufacturer#4,4-NOT SPECIFIED,4,FURNITURE,RAIL,3,0.06,4,Brand#43,11,MED JAR,17,1090,41190.5844
F,F,COLLECT COD,4,Manufacturer#4,4-NOT SPECIFIED,2,AUTOMOBILE,MAIL,1,0.05,10,Brand#45,8,WRAP BAG,11,1091,67712.2
F,F,DELIVER IN PERSON,4,Manufacturer#4,4-NOT SPECIFIED,2,AUTOMOBILE,FOB,2,0.04,4,Brand#42,8,WRAP BAG,10,1091,5429.628
F,F,NONE,0,Manufacturer#1,2-HIGH,3,MACHINERY,SHIP,2,0.01,5,Brand#13,19,SM DRUM,47,1092,55144.791
F,F,COLLECT COD,4,Manufacturer#3,5-LOW,1,BUILDING,MAIL,5,0.04,11,Brand#34,2,JUMBO JAR,17,1089,54468.2957
F,F,TAKE BACK RETURN,4,Manufacturer#5,5-LOW,1,BUILDING,FOB,1,0.08,10,Brand#51,2,SM CASE,11,1089,10238.6216
F,F,DELIVER IN PERSON,3,Manufacturer#2,4-NOT SPECIFIED,3,HOUSEHOLD,AIR,2,0.04,7,Brand#25,19,LG BAG,13,1093,23922.0412
F,F,NONE,3,Manufacturer#5,3-MEDIUM,1,HOUSEHOLD,AIR,3,0.07,19,Brand#53,24,WRAP DRUM,37,673,52254.3483
F,F,COLLECT COD,2,Manufacturer#3,3-MEDIUM,0,BUILDING,FOB,2,0.05,12,Brand#34,14,MED PKG,16,1094,44946.7564
F,F,COLLECT COD,3,Manufacturer#4,3-MEDIUM,0,BUILDING,FOB,1,0.08,6,Brand#45,14,WRAP DRUM,27,1094,3039.3204
F,F,COLLECT COD,4,Manufacturer#3,4-NOT SPECIFIED,3,HOUSEHOLD,MAIL,5,0.03,4,Brand#34,22,SM CASE,42,1095,41630.37
F,F,NONE,2,Manufacturer#4,4-NOT SPECIFIED,3,HOUSEHOLD,RAIL,3,0.07,9,Brand#45,22,MED PKG,15,1095,46659.687
F,F,DELIVER IN PERSON,1,Manufacturer#4,4-NOT SPECIFIED,3,HOUSEHOLD,FOB,2,0.06,17,Brand#44,22,WRAP DRUM,11,1095,5414.4624
F,F,DELIVER IN PERSON,3,Manufacturer#5,4-NOT SPECIFIED,3,HOUSEHOLD,AIR,4,0,22,Brand#55,22,MED BAG,26,1095,35194.3713
F,F,NONE,2,Manufacturer#1,5-LOW,4,BUILDING,TRUCK,3,0.05,18,Brand#11,11,LG CASE,9,1096,46932.788
F,F,COLLECT COD,1,Manufacturer#4,5-LOW,4,BUILDING,SHIP,4,0.03,17,Brand#43,11,JUMBO PACK,13,1096,21349.4925
F,F,DELIVER IN PERSON,0,Manufacturer#5,5-LOW,4,BUILDING,AIR,1,0.01,5,Brand#54,11,LG CASE,24,1096,23741.48
F,F,DELIVER IN PERSON,3,Manufacturer#2,3-MEDIUM,1,HOUSEHOLD,RAIL,2,0.06,22,Brand#25,24,LG BAG,39,673,16787.2068
F,F,TAKE BACK RETURN,3,Manufacturer#2,3-MEDIUM,4,FURNITURE,MAIL,3,0.07,22,Brand#25,10,WRAP PKG,37,854,12487.788
F,F,DELIVER IN PERSON,0,Manufacturer#2,3-MEDIUM,4,FURNITURE,MAIL,2,0,14,Brand#24,10,JUMBO BAG,4,854,61244.86
F,F,DELIVER IN PERSON,2,Manufacturer#3,3-MEDIUM,4,FURNITURE,SHIP,1,0.05,12,Brand#33,10,MED DRUM,13,854,47195.3888
F,F,NONE,1,Manufacturer#3,1-URGENT,0,AUTOMOBILE,FOB,5,0.06,24,Brand#35,15,WRAP BAG,42,1097,45886.6551
F,F,COLLECT COD,1,Manufacturer#4,3-MEDIUM,2,BUILDING,TRUCK,2,0.05,3,Brand#45,18,SM BOX,32,1098,40010.88
F,F,TAKE BACK RETURN,4,Manufacturer#4,3-MEDIUM,2,BUILDING,AIR,1,0.04,13,Brand#44,18,MED CASE,24,1098,19150.95
F,F,COLLECT COD,2,Manufacturer#2,3-MEDIUM,2,BUILDING,MAIL,4,0.06,9,Brand#22,18,LG BOX,28,1098,13541.31
F,F,NONE,3,Manufacturer#3,3-MEDIUM,3,AUTOMOBILE,RAIL,2,0.07,19,Brand#33,19,MED PKG,21,1099,25086.4614
F,F,COLLECT COD,0,Manufacturer#2,3-MEDIUM,2,AUTOMOBILE,AIR,3,0,5,Brand#21,9,WRAP CASE,28,1100,23297.712
F,F,NONE,3,Manufacturer#5,2-HIGH,4,FURNITURE,REG AIR,4,0.04,7,Brand#55,4,WRAP BAG,40,1101,55420.4448
F,F,NONE,0,Manufacturer#2,2-HIGH,4,FURNITURE,REG AIR,2,0.03,14,Brand#22,4,WRAP BOX,29,1101,69263.3253
F,F,TAKE BACK RETURN,4,Manufacturer#3,2-HIGH,4,FURNITURE,SHIP,3,0.03,20,Brand#35,4,LG JAR,13,1101,56216.706
F,F,COLLECT COD,3,Manufacturer#2,1-URGENT,4,BUILDING,SHIP,4,0.04,23,Brand#24,4,MED DRUM,36,1102,28781.808
F,F,TAKE BACK RETURN,2,Manufacturer#2,1-URGENT,4,BUILDING,MAIL,6,0.03,18,Brand#23,4,SM PKG,25,1102,24608.344
F,F,COLLECT COD,1,Manufacturer#4,1-URGENT,4,BUILDING,REG AIR,1,0.07,1,Brand#43,4,MED BAG,49,1102,3436.6752
F,F,NONE,2,Manufacturer#3,1-URGENT,4,BUILDING,FOB,2,0.02,8,Brand#33,4,JUMBO PACK,44,1102,71067.36
F,F,TAKE BACK RETURN,2,Manufacturer#3,1-URGENT,4,BUILDING,AIR,5,0.06,12,Brand#31,4,MED BOX,4,1102,9018.59
F,F,DELIVER IN PERSON,0,Manufacturer#1,1-URGENT,0,AUTOMOBILE,FOB,3,0.02,16,Brand#11,15,SM CAN,48,1097,48317.724
F,F,DELIVER IN PERSON,1,Manufacturer#1,1-URGENT,0,AUTOMOBILE,REG AIR,4,0.08,1,Brand#15,15,WRAP PKG,3,1097,4741.3086
F,F,NONE,1,Manufacturer#5,1-URGENT,0,AUTOMOBILE,FOB,6,0,1,Brand#55,15,MED DRUM,19,1097,40383.0336
F,F,DELIVER IN PERSON,4,Manufacturer#5,1-URGENT,0,AUTOMOBILE,REG AIR,1,0.03,13,Brand#52,15,WRAP BOX,40,1097,24820.46
F,F,COLLECT COD,2,Manufacturer#1,4-NOT SPECIFIED,4,MACHINERY,AIR,1,0.03,18,Brand#13,10,LG BOX,39,1103,42064.9668
F,F,DELIVER IN PERSON,1,Manufacturer#4,4-NOT SPECIFIED,2,MACHINERY,TRUCK,4,0.06,2,Brand#43,8,MED BAG,7,1104,51576.39
F,F,COLLECT COD,0,Manufacturer#3,4-NOT SPECIFIED,2,MACHINERY,REG AIR,1,0.01,0,Brand#31,8,MED BOX,47,1104,35407.944
F,F,TAKE BACK RETURN,1,Manufacturer#5,4-NOT SPECIFIED,2,MACHINERY,MAIL,2,0.05,3,Brand#55,8,JUMBO BAG,30,1104,23376.9915
F,F,DELIVER IN PERSON,1,Manufacturer#3,5-LOW,3,BUILDING,REG AIR,3,0.08,1,Brand#32,23,MED BAG,26,1105,28898.448
F,F,TAKE BACK RETURN,3,Manufacturer#4,5-LOW,0,HOUSEHOLD,FOB,4,0.03,19,Brand#43,16,MED DRUM,38,1106,32146.32
F,F,DELIVER IN PERSON,3,Manufacturer#2,5-LOW,0,HOUSEHOLD,FOB,1,0.01,6,Brand#21,16,WRAP PKG,6,1106,11259.171
F,F,DELIVER IN PERSON,2,Manufacturer#4,1-URGENT,2,HOUSEHOLD,AIR,7,0.07,12,Brand#41,9,JUMBO DRUM,40,1107,60187.68
F,F,COLLECT COD,2,Manufacturer#2,1-URGENT,2,HOUSEHOLD,REG AIR,3,0.01,9,Brand#21,9,LG BAG,20,1107,28796.8362
F,F,DELIVER IN PERSON,1,Manufacturer#1,2-HIGH,0,BUILDING,AIR,5,0.03,17,Brand#13,15,SM CASE,47,1108,17112.4499
F,F,TAKE BACK RETURN,4,Manufacturer#1,2-HIGH,0,BUILDING,FOB,4,0.02,13,Brand#12,15,WRAP CAN,44,1108,15381.3114
F,F,NONE,1,Manufacturer#5,2-HIGH,0,BUILDING,AIR,7,0.02,1,Brand#54,15,JUMBO JAR,44,1108,31396.068
F,F,NONE,3,Manufacturer#2,2-HIGH,0,BUILDING,SHIP,3,0.01,23,Brand#23,15,WRAP CAN,4,1108,5816.318
F,F,NONE,2,Manufacturer#2,2-HIGH,0,BUILDING,TRUCK,6,0.04,9,Brand#21,15,SM CASE,17,1108,952.4196
F,F,TAKE BACK RETURN,0,Manufacturer#5,3-MEDIUM,3,MACHINERY,AIR,2,0.01,5,Brand#55,23,LG JAR,32,1109,5914.0536
F,F,NONE,3,Manufacturer#2,3-MEDIUM,3,MACHINERY,REG AIR,3,0.04,6,Brand#22,23,MED JAR,13,1109,31861.632
F,F,COLLECT COD,3,Manufacturer#2,3-MEDIUM,3,MACHINERY,MAIL,1,0.07,19,Brand#22,23,WRAP BOX,19,1109,51137.46
F,F,COLLECT COD,1,Manufacturer#5,4-NOT SPECIFIED,2,BUILDING,FOB,1,0.08,1,Brand#54,8,SM BAG,40,1110,43990.86
F,F,TAKE BACK RETURN,1,Manufacturer#1,2-HIGH,0,HOUSEHOLD,REG AIR,2,0.05,17,Brand#12,14,WRAP DRUM,20,1111,45890.4
F,F,DELIVER IN PERSON,3,Manufacturer#3,2-HIGH,0,HOUSEHOLD,REG AIR,1,0.08,19,Brand#33,14,WRAP JAR,38,1111,23890.048
F,F,NONE,2,Manufacturer#5,2-HIGH,0,HOUSEHOLD,AIR,3,0.01,18,Brand#53,15,WRAP PACK,9,1112,65150.658
F,F,COLLECT COD,0,Manufacturer#5,2-HIGH,0,HOUSEHOLD,REG AIR,4,0.06,16,Brand#54,15,LG BOX,10,1112,64175.68
F,F,TAKE BACK RETURN,0,Manufacturer#1,1-URGENT,2,AUTOMOBILE,RAIL,1,0.06,16,Brand#15,12,MED CAN,8,1113,37294.752
F,F,TAKE BACK RETURN,2,Manufacturer#2,3-MEDIUM,0,FURNITURE,RAIL,4,0.02,21,Brand#22,14,LG BOX,3,1114,37461.9791
F,F,TAKE BACK RETURN,4,Manufacturer#2,3-MEDIUM,0,FURNITURE,MAIL,1,0.01,20,Brand#25,14,MED CAN,27,1114,17251.9776
F,F,COLLECT COD,2,Manufacturer#1,1-URGENT,2,AUTOMOBILE,AIR,5,0.08,8,Brand#11,12,MED CAN,10,1113,46156.7799
F,F,DELIVER IN PERSON,3,Manufacturer#1,5-LOW,2,BUILDING,TRUCK,3,0.05,23,Brand#13,9,MED CAN,8,973,11321.6544
F,F,DELIVER IN PERSON,2,Manufacturer#4,5-LOW,2,BUILDING,AIR,2,0,8,Brand#44,9,WRAP CAN,40,973,2732.5773
F,F,COLLECT COD,1,Manufacturer#1,1-URGENT,1,HOUSEHOLD,SHIP,2,0,1,Brand#11,24,WRAP JAR,10,1115,3613.762
F,F,TAKE BACK RETURN,1,Manufacturer#1,1-URGENT,3,BUILDING,AIR,3,0.06,2,Brand#12,22,SM BAG,32,1116,32111.4717
F,F,COLLECT COD,2,Manufacturer#1,1-URGENT,3,BUILDING,RAIL,2,0.08,12,Brand#11,22,MED PACK,1,1116,20783.8302
F,F,NONE,1,Manufacturer#2,2-HIGH,1,FURNITURE,TRUCK,4,0.05,2,Brand#22,1,WRAP BAG,45,1117,63256.3668
F,F,NONE,0,Manufacturer#4,3-MEDIUM,2,FURNITURE,REG AIR,1,0.06,15,Brand#45,9,LG CAN,14,1118,18522.588
F,F,NONE,2,Manufacturer#5,3-MEDIUM,2,AUTOMOBILE,RAIL,2,0.07,18,Brand#52,18,MED BOX,22,1119,29354.427
F,F,NONE,3,Manufacturer#5,1-URGENT,2,BUILDING,MAIL,2,0.07,6,Brand#53,21,LG JAR,22,1120,59502.9504
F,F,COLLECT COD,3,Manufacturer#3,1-URGENT,2,BUILDING,REG AIR,3,0.02,22,Brand#34,21,WRAP CASE,50,1120,34444.3
F,F,COLLECT COD,1,Manufacturer#1,5-LOW,4,HOUSEHOLD,RAIL,4,0.04,3,Brand#13,20,SM BOX,44,1121,78515.064
F,F,DELIVER IN PERSON,3,Manufacturer#3,5-LOW,4,HOUSEHOLD,RAIL,6,0.01,7,Brand#35,20,MED DRUM,34,1121,24523.3874
F,F,COLLECT COD,3,Manufacturer#1,5-LOW,4,HOUSEHOLD,AIR,2,0.02,22,Brand#11,20,SM CAN,19,1121,6904.59
F,F,DELIVER IN PERSON,3,Manufacturer#5,3-MEDIUM,3,BUILDING,TRUCK,1,0.05,19,Brand#51,19,LG CAN,10,1122,69019.3728
F,F,NONE,0,Manufacturer#5,1-URGENT,4,HOUSEHOLD,SHIP,2,0.04,15,Brand#51,20,LG CAN,30,1123,26916.918
F,F,NONE,2,Manufacturer#2,1-URGENT,4,HOUSEHOLD,TRUCK,3,0.06,8,Brand#25,20,SM CASE,2,1123,13238.5779
F,F,COLLECT COD,1,Manufacturer#3,4-NOT SPECIFIED,3,BUILDING,TRUCK,1,0,3,Brand#32,23,WRAP JAR,25,1124,46509.0756
F,F,COLLECT COD,1,Manufacturer#4,1-URGENT,4,HOUSEHOLD,REG AIR,2,0.06,17,Brand#43,4,WRAP JAR,11,1125,65897.07
F,F,COLLECT COD,4,Manufacturer#1,1-URGENT,1,HOUSEHOLD,REG AIR,2,0.05,20,Brand#11,2,SM PACK,18,1126,48367.0572
F,F,DELIVER IN PERSON,3,Manufacturer#1,1-URGENT,1,HOUSEHOLD,TRUCK,4,0.07,7,Brand#12,2,MED PACK,39,1126,20748.855
F,F,DELIVER IN PERSON,3,Manufacturer#4,1-URGENT,1,HOUSEHOLD,SHIP,3,0.05,6,Brand#42,2,LG BOX,37,1126,36589.564
F,F,TAKE BACK RETURN,1,Manufacturer#3,1-URGENT,1,HOUSEHOLD,SHIP,5,0.02,24,Brand#31,2,MED JAR,14,1126,1387.7184
F,F,DELIVER IN PERSON,4,Manufacturer#4,1-URGENT,1,HOUSEHOLD,MAIL,6,0.04,11,Brand#42,2,WRAP PKG,14,1126,8305.3368
F,F,NONE,3,Manufacturer#1,2-HIGH,0,BUILDING,AIR,2,0.07,6,Brand#12,14,LG CAN,19,1127,11366.712
F,F,NONE,4,Manufacturer#1,3-MEDIUM,1,BUILDING,TRUCK,2,0.03,20,Brand#15,1,WRAP PKG,25,1128,21578.4
F,F,DELIVER IN PERSON,1,Manufacturer#5,1-URGENT,4,MACHINERY,AIR,3,0.03,17,Brand#52,10,SM CASE,37,1129,39817.692
F,F,TAKE BACK RETURN,3,Manufacturer#5,1-URGENT,4,MACHINERY,AIR,1,0.01,23,Brand#52,10,JUMBO CASE,6,1129,3665.2784
F,F,COLLECT COD,2,Manufacturer#4,2-HIGH,1,MACHINERY,SHIP,2,0,18,Brand#44,24,LG CAN,1,1130,45561.288
F,F,NONE,2,Manufacturer#5,3-MEDIUM,2,AUTOMOBILE,MAIL,1,0.01,18,Brand#52,18,LG PACK,45,1119,18399.2088
F,F,COLLECT COD,3,Manufacturer#1,2-HIGH,1,MACHINERY,RAIL,6,0.04,6,Brand#15,24,LG CAN,19,1130,32318.7264
F,F,TAKE BACK RETURN,2,Manufacturer#1,2-HIGH,1,MACHINERY,REG AIR,4,0.06,8,Brand#11,24,WRAP PKG,27,1130,31183.5264
F,F,COLLECT COD,4,Manufacturer#1,2-HIGH,1,MACHINERY,SHIP,3,0.06,20,Brand#15,24,LG JAR,7,1130,89616.59
F,F,COLLECT COD,1,Manufacturer#5,2-HIGH,1,MACHINERY,SHIP,7,0.08,2,Brand#53,24,JUMBO PACK,34,1130,39803.2128
F,F,NONE,4,Manufacturer#5,1-URGENT,1,AUTOMOBILE,TRUCK,1,0,20,Brand#51,3,LG JAR,2,1131,4839.798
F,F,COLLECT COD,3,Manufacturer#5,4-NOT SPECIFIED,3,HOUSEHOLD,MAIL,2,0.07,22,Brand#53,6,JUMBO PKG,10,1132,82983.12
F,F,NONE,1,Manufacturer#4,1-URGENT,3,FURNITURE,AIR,1,0.07,17,Brand#41,22,LG JAR,47,1133,18903.0335
F,F,DELIVER IN PERSON,4,Manufacturer#1,1-URGENT,3,FURNITURE,MAIL,2,0.02,10,Brand#15,22,WRAP JAR,35,1133,58478.058
F,F,DELIVER IN PERSON,2,Manufacturer#2,5-LOW,2,AUTOMOBILE,AIR,2,0.03,21,Brand#21,9,SM BOX,19,1134,10457.1432
F,F,DELIVER IN PERSON,1,Manufacturer#4,5-LOW,2,AUTOMOBILE,MAIL,4,0.07,2,Brand#41,9,JUMBO PKG,14,1134,30779.1355
F,F,NONE,4,Manufacturer#5,2-HIGH,1,AUTOMOBILE,FOB,5,0.01,13,Brand#55,2,LG BAG,36,1135,15113.2072
F,F,COLLECT COD,0,Manufacturer#3,4-NOT SPECIFIED,2,MACHINERY,FOB,1,0.02,14,Brand#35,9,MED PKG,30,1136,34691.0564
F,F,COLLECT COD,3,Manufacturer#4,4-NOT SPECIFIED,2,MACHINERY,SHIP,3,0.08,7,Brand#44,9,JUMBO PACK,27,1136,80478.531
F,F,NONE,3,Manufacturer#1,4-NOT SPECIFIED,1,BUILDING,FOB,1,0.01,7,Brand#14,1,LG BOX,18,1137,50946.7968
F,F,NONE,4,Manufacturer#2,4-NOT SPECIFIED,1,BUILDING,RAIL,5,0.05,20,Brand#21,1,WRAP DRUM,28,1137,46330.7936
F,F,DELIVER IN PERSON,1,Manufacturer#2,4-NOT SPECIFIED,1,BUILDING,SHIP,4,0.05,3,Brand#21,1,LG JAR,44,1137,51876.099
F,F,COLLECT COD,3,Manufacturer#2,4-NOT SPECIFIED,1,BUILDING,RAIL,2,0,6,Brand#25,1,LG BAG,39,1137,45252.528
F,F,TAKE BACK RETURN,2,Manufacturer#2,1-URGENT,3,MACHINERY,RAIL,4,0.05,9,Brand#24,23,JUMBO BAG,4,1138,49674.9071
F,F,NONE,1,Manufacturer#4,1-URGENT,3,MACHINERY,AIR,1,0.05,17,Brand#41,23,LG BOX,40,1138,62335.6825
F,F,TAKE BACK RETURN,2,Manufacturer#5,1-URGENT,3,MACHINERY,RAIL,5,0.06,18,Brand#51,23,LG BAG,10,1138,22197.3636
F,F,COLLECT COD,1,Manufacturer#2,1-URGENT,3,MACHINERY,RAIL,6,0.04,24,Brand#22,23,SM PKG,28,1138,43105.965
F,F,COLLECT COD,4,Manufacturer#4,5-LOW,4,FURNITURE,TRUCK,1,0,11,Brand#45,11,WRAP BAG,34,1139,17149.041
F,F,TAKE BACK RETURN,2,Manufacturer#1,4-NOT SPECIFIED,3,AUTOMOBILE,AIR,1,0.03,18,Brand#11,23,MED BOX,15,1140,49975.11
F,F,NONE,0,Manufacturer#5,4-NOT SPECIFIED,3,AUTOMOBILE,RAIL,2,0.06,0,Brand#53,23,WRAP PKG,31,1140,4322.5
F,F,COLLECT COD,4,Manufacturer#3,5-LOW,0,BUILDING,TRUCK,4,0.05,4,Brand#34,0,MED DRUM,32,1141,63288.64
F,F,TAKE BACK RETURN,0,Manufacturer#5,1-URGENT,1,AUTOMOBILE,SHIP,3,0.06,16,Brand#51,3,LG BOX,12,1131,48569.206
F,F,DELIVER IN PERSON,3,Manufacturer#2,3-MEDIUM,3,FURNITURE,REG AIR,1,0.08,6,Brand#22,22,SM PACK,27,558,5929.584
F,F,NONE,1,Manufacturer#3,1-URGENT,0,MACHINERY,REG AIR,2,0.04,3,Brand#31,16,MED PKG,24,1142,33889.9092
F,F,COLLECT COD,1,Manufacturer#1,1-URGENT,0,MACHINERY,AIR,4,0.04,1,Brand#14,16,SM JAR,12,1142,15847.1775
F,F,COLLECT COD,1,Manufacturer#1,1-URGENT,0,MACHINERY,MAIL,1,0.04,24,Brand#11,16,MED PKG,28,1142,64454.355
F,F,TAKE BACK RETURN,2,Manufacturer#4,3-MEDIUM,3,FURNITURE,AIR,6,0.07,9,Brand#44,22,MED BAG,44,558,69615.612
F,F,COLLECT COD,1,Manufacturer#3,5-LOW,3,FURNITURE,AIR,2,0.06,24,Brand#34,22,MED CASE,29,1143,55891.83
F,F,DELIVER IN PERSON,2,Manufacturer#5,5-LOW,3,FURNITURE,RAIL,1,0.06,12,Brand#54,22,SM BOX,46,1143,72429.5852
F,F,DELIVER IN PERSON,0,Manufacturer#1,5-LOW,3,FURNITURE,RAIL,3,0.04,0,Brand#13,22,JUMBO PKG,7,1143,4630.176
F,F,NONE,1,Manufacturer#4,5-LOW,1,MACHINERY,REG AIR,6,0.08,1,Brand#45,1,SM BAG,25,1144,16763.9862
F,F,NONE,3,Manufacturer#5,5-LOW,1,MACHINERY,SHIP,5,0.08,23,Brand#54,1,WRAP JAR,40,1144,60565.7052
F,F,NONE,3,Manufacturer#2,4-NOT SPECIFIED,3,AUTOMOBILE,FOB,1,0.02,6,Brand#24,6,MED DRUM,5,1145,42747.3774
F,F,NONE,4,Manufacturer#3,4-NOT SPECIFIED,3,AUTOMOBILE,AIR,3,0.04,20,Brand#35,6,JUMBO DRUM,48,1145,8675.072
F,F,TAKE BACK RETURN,3,Manufacturer#2,5-LOW,2,HOUSEHOLD,FOB,1,0.04,19,Brand#22,12,SM BAG,28,1146,39612.5496
F,F,NONE,4,Manufacturer#4,5-LOW,2,HOUSEHOLD,MAIL,3,0.03,13,Brand#42,12,MED BAG,33,1146,12378.324
F,F,TAKE BACK RETURN,3,Manufacturer#3,5-LOW,2,HOUSEHOLD,AIR,2,0.03,22,Brand#33,12,JUMBO BOX,24,1146,32671.5424
F,F,NONE,1,Manufacturer#5,2-HIGH,1,BUILDING,TRUCK,4,0.01,2,Brand#51,2,LG CASE,21,1147,39748.0974
F,F,COLLECT COD,4,Manufacturer#2,4-NOT SPECIFIED,3,HOUSEHOLD,FOB,3,0.02,4,Brand#22,7,WRAP PKG,32,1148,1833.1128
F,F,COLLECT COD,4,Manufacturer#5,4-NOT SPECIFIED,3,HOUSEHOLD,MAIL,4,0.08,10,Brand#55,7,SM PACK,11,1148,35142.912
F,F,NONE,3,Manufacturer#5,3-MEDIUM,3,HOUSEHOLD,TRUCK,2,0.02,19,Brand#52,23,LG PACK,50,481,932.2185
F,F,NONE,1,Manufacturer#3,3-MEDIUM,3,HOUSEHOLD,FOB,3,0.04,1,Brand#34,23,MED PACK,6,481,13285.56
F,F,TAKE BACK RETURN,0,Manufacturer#5,3-MEDIUM,3,HOUSEHOLD,MAIL,5,0.07,14,Brand#53,23,MED PKG,49,481,29226.78
F,F,DELIVER IN PERSON,2,Manufacturer#1,3-MEDIUM,3,HOUSEHOLD,AIR,4,0.02,18,Brand#11,23,SM CAN,45,481,32913.2352
F,F,COLLECT COD,3,Manufacturer#4,5-LOW,1,AUTOMOBILE,SHIP,1,0,6,Brand#43,17,MED DRUM,22,1067,31837.26
F,F,COLLECT COD,1,Manufacturer#5,5-LOW,1,AUTOMOBILE,SHIP,3,0.08,2,Brand#54,17,MED CAN,9,1067,47401.1208
F,F,DELIVER IN PERSON,0,Manufacturer#1,4-NOT SPECIFIED,0,HOUSEHOLD,FOB,3,0.06,5,Brand#12,15,SM CASE,1,1149,67866.435
F,F,NONE,2,Manufacturer#4,4-NOT SPECIFIED,0,HOUSEHOLD,RAIL,5,0,12,Brand#41,15,WRAP PACK,4,1149,20909.6712
F,F,DELIVER IN PERSON,2,Manufacturer#3,4-NOT SPECIFIED,0,HOUSEHOLD,MAIL,1,0.05,21,Brand#31,15,SM CASE,37,1149,17446.7748
F,F,NONE,3,Manufacturer#2,4-NOT SPECIFIED,0,HOUSEHOLD,TRUCK,2,0.06,6,Brand#22,15,LG DRUM,21,1149,8077.9496
F,F,NONE,2,Manufacturer#1,5-LOW,0,BUILDING,MAIL,3,0.02,8,Brand#15,0,LG DRUM,45,470,27101.0775
F,F,NONE,1,Manufacturer#3,5-LOW,0,BUILDING,AIR,4,0.05,3,Brand#34,0,SM BAG,28,470,19253.376
F,F,DELIVER IN PERSON,4,Manufacturer#4,5-LOW,0,BUILDING,MAIL,5,0.04,11,Brand#45,0,SM DRUM,36,470,35227.812
F,F,DELIVER IN PERSON,4,Manufacturer#1,5-LOW,1,BUILDING,MAIL,1,0,13,Brand#12,17,MED CASE,28,1150,44264.3264
F,F,NONE,2,Manufacturer#2,5-LOW,1,MACHINERY,REG AIR,4,0.04,18,Brand#25,1,SM PACK,12,1151,36386.9504
F,F,TAKE BACK RETURN,1,Manufacturer#1,5-LOW,1,MACHINERY,SHIP,1,0.02,17,Brand#11,1,MED BAG,29,1151,64819.8528
F,F,NONE,4,Manufacturer#5,5-LOW,1,MACHINERY,MAIL,5,0.06,13,Brand#51,1,JUMBO PKG,22,1151,39224.569
F,F,COLLECT COD,4,Manufacturer#5,5-LOW,1,MACHINERY,REG AIR,2,0.03,13,Brand#54,1,JUMBO DRUM,26,1151,47759.065
F,F,TAKE BACK RETURN,2,Manufacturer#2,3-MEDIUM,4,AUTOMOBILE,RAIL,3,0.03,12,Brand#23,10,JUMBO PKG,6,1152,32623.83
F,F,TAKE BACK RETURN,2,Manufacturer#2,3-MEDIUM,4,AUTOMOBILE,FOB,4,0.01,8,Brand#24,10,SM BAG,6,1152,67323.2136
F,F,COLLECT COD,4,Manufacturer#1,3-MEDIUM,3,AUTOMOBILE,MAIL,5,0,20,Brand#13,7,SM PKG,42,236,40559.1936
F,F,DELIVER IN PERSON,3,Manufacturer#2,3-MEDIUM,3,AUTOMOBILE,REG AIR,1,0.04,7,Brand#21,7,LG JAR,44,236,11762.919
F,F,DELIVER IN PERSON,3,Manufacturer#5,5-LOW,4,BUILDING,TRUCK,1,0.02,22,Brand#51,20,JUMBO BAG,18,1153,8404.2288
F,F,NONE,3,Manufacturer#5,5-LOW,0,FURNITURE,REG AIR,2,0.04,23,Brand#54,0,JUMBO PACK,13,1154,25636.338
F,F,COLLECT COD,2,Manufacturer#3,5-LOW,0,FURNITURE,MAIL,3,0.02,9,Brand#32,0,WRAP CAN,25,1154,19764.0768
F,F,NONE,0,Manufacturer#2,5-LOW,0,FURNITURE,MAIL,1,0.03,0,Brand#21,0,LG BOX,2,1154,27082.1824
F,F,TAKE BACK RETURN,3,Manufacturer#3,3-MEDIUM,3,HOUSEHOLD,SHIP,3,0.08,6,Brand#35,7,JUMBO CASE,46,1155,48170.577
F,F,DELIVER IN PERSON,2,Manufacturer#3,3-MEDIUM,3,HOUSEHOLD,MAIL,2,0.02,9,Brand#32,7,WRAP JAR,1,1155,78997.4496
F,F,NONE,4,Manufacturer#2,2-HIGH,0,HOUSEHOLD,REG AIR,3,0.05,4,Brand#22,15,JUMBO CASE,8,1156,4798.9305
F,F,NONE,4,Manufacturer#5,2-HIGH,0,HOUSEHOLD,SHIP,1,0.06,4,Brand#51,15,LG JAR,14,1156,46116.252
F,F,DELIVER IN PERSON,3,Manufacturer#3,2-HIGH,1,BUILDING,RAIL,2,0.07,22,Brand#33,2,MED BAG,31,1147,34530.7872
F,F,NONE,3,Manufacturer#2,2-HIGH,1,BUILDING,REG AIR,3,0.06,7,Brand#23,2,WRAP BOX,24,1147,3198.5556
F,F,DELIVER IN PERSON,4,Manufacturer#4,2-HIGH,1,BUILDING,RAIL,1,0.08,11,Brand#45,2,LG PACK,19,1147,2501.3778
F,F,COLLECT COD,4,Manufacturer#5,5-LOW,2,BUILDING,MAIL,2,0.08,10,Brand#54,18,JUMBO PACK,8,25,18720.1168
F,F,DELIVER IN PERSON,1,Manufacturer#5,5-LOW,2,BUILDING,SHIP,4,0.05,17,Brand#53,18,WRAP CASE,23,25,3083.3964
F,F,COLLECT COD,1,Manufacturer#1,4-NOT SPECIFIED,3,AUTOMOBILE,RAIL,1,0.03,17,Brand#13,23,MED JAR,49,1157,64468.305
F,F,NONE,2,Manufacturer#3,4-NOT SPECIFIED,3,AUTOMOBILE,TRUCK,3,0.06,9,Brand#35,23,MED CASE,23,1157,30301.344
F,F,TAKE BACK RETURN,1,Manufacturer#5,5-LOW,2,BUILDING,SHIP,1,0.05,2,Brand#54,18,LG BOX,6,25,9295.251
F,F,NONE,4,Manufacturer#1,5-LOW,3,AUTOMOBILE,SHIP,2,0.03,4,Brand#15,7,LG PACK,36,1158,46038.0876
F,F,TAKE BACK RETURN,4,Manufacturer#4,2-HIGH,1,MACHINERY,SHIP,1,0.07,20,Brand#44,2,LG JAR,15,1159,46176.4632
F,F,TAKE BACK RETURN,4,Manufacturer#1,5-LOW,3,AUTOMOBILE,TRUCK,5,0.01,10,Brand#11,7,SM PACK,48,1158,11388.08
F,F,TAKE BACK RETURN,2,Manufacturer#3,5-LOW,3,AUTOMOBILE,SHIP,3,0.01,18,Brand#35,7,WRAP JAR,38,1158,40235.076
F,F,COLLECT COD,3,Manufacturer#5,2-HIGH,0,FURNITURE,SHIP,2,0.04,22,Brand#54,16,MED JAR,35,1160,43838.1104
F,F,DELIVER IN PERSON,2,Manufacturer#3,2-HIGH,0,FURNITURE,TRUCK,1,0.08,21,Brand#34,16,LG DRUM,14,1160,28983.8592
F,F,COLLECT COD,3,Manufacturer#5,5-LOW,4,HOUSEHOLD,FOB,5,0,6,Brand#54,13,MED JAR,14,230,56618.0236
F,F,COLLECT COD,4,Manufacturer#1,3-MEDIUM,1,BUILDING,FOB,1,0.06,4,Brand#13,1,MED JAR,23,1161,9677.2158
F,F,NONE,0,Manufacturer#5,2-HIGH,0,AUTOMOBILE,AIR,2,0.07,0,Brand#53,15,LG CAN,40,1162,27331.392
F,F,TAKE BACK RETURN,2,Manufacturer#5,2-HIGH,0,AUTOMOBILE,RAIL,1,0.04,18,Brand#55,15,LG CAN,23,1162,39687.921
F,F,NONE,3,Manufacturer#1,1-URGENT,4,BUILDING,FOB,3,0.05,23,Brand#15,13,LG PKG,33,930,20373.6576
F,F,COLLECT COD,2,Manufacturer#2,1-URGENT,4,BUILDING,AIR,1,0,18,Brand#22,13,WRAP DRUM,23,930,20316.263
F,F,NONE,0,Manufacturer#3,2-HIGH,1,AUTOMOBILE,REG AIR,3,0.02,15,Brand#33,17,MED PACK,45,1163,5448.4976
F,F,TAKE BACK RETURN,1,Manufacturer#2,2-HIGH,1,AUTOMOBILE,RAIL,1,0.02,3,Brand#21,17,SM CASE,17,1163,15829.1328
F,F,COLLECT COD,1,Manufacturer#5,5-LOW,2,FURNITURE,TRUCK,7,0.08,17,Brand#51,9,WRAP BAG,21,1164,39610.2504
F,F,COLLECT COD,2,Manufacturer#4,5-LOW,2,FURNITURE,FOB,5,0.02,18,Brand#43,9,WRAP CASE,50,1164,23774.8401
F,F,TAKE BACK RETURN,1,Manufacturer#3,4-NOT SPECIFIED,0,MACHINERY,SHIP,2,0.03,3,Brand#34,15,SM CAN,14,1165,6280.412
F,F,NONE,1,Manufacturer#1,4-NOT SPECIFIED,0,MACHINERY,AIR,1,0.01,2,Brand#14,15,SM BOX,21,1165,11167.7846
F,F,NONE,2,Manufacturer#5,4-NOT SPECIFIED,0,MACHINERY,AIR,4,0.06,21,Brand#53,15,MED JAR,46,1165,20525.054
F,F,DELIVER IN PERSON,1,Manufacturer#1,5-LOW,4,HOUSEHOLD,AIR,4,0,2,Brand#11,13,SM DRUM,22,230,39882.3
F,F,NONE,3,Manufacturer#4,5-LOW,4,HOUSEHOLD,AIR,3,0.07,23,Brand#45,13,MED BOX,11,230,44841.72
F,F,TAKE BACK RETURN,3,Manufacturer#5,5-LOW,4,HOUSEHOLD,RAIL,6,0.06,23,Brand#54,13,JUMBO BOX,49,230,15883.74
F,F,TAKE BACK RETURN,0,Manufacturer#2,5-LOW,2,HOUSEHOLD,AIR,2,0.05,16,Brand#25,12,JUMBO BAG,24,1166,36068.4225
F,F,TAKE BACK RETURN,4,Manufacturer#4,1-URGENT,1,FURNITURE,SHIP,2,0.03,13,Brand#43,2,SM BAG,34,1167,21740.5809
F,F,TAKE BACK RETURN,3,Manufacturer#2,1-URGENT,1,FURNITURE,MAIL,1,0.03,22,Brand#22,2,MED PKG,23,1167,35955.6288
F,F,DELIVER IN PERSON,2,Manufacturer#1,5-LOW,2,BUILDING,AIR,7,0.06,9,Brand#11,9,MED BAG,35,1168,35035.8624
F,F,NONE,2,Manufacturer#3,5-LOW,2,BUILDING,REG AIR,6,0.04,12,Brand#33,9,LG BAG,31,1168,63656.0172
F,F,DELIVER IN PERSON,0,Manufacturer#4,5-LOW,2,BUILDING,TRUCK,1,0.07,16,Brand#43,9,MED CASE,37,1168,64806.1848
F,F,TAKE BACK RETURN,2,Manufacturer#3,5-LOW,2,BUILDING,RAIL,4,0,12,Brand#33,9,JUMBO CASE,19,1168,32595.045
F,F,COLLECT COD,3,Manufacturer#2,5-LOW,2,BUILDING,SHIP,3,0.02,6,Brand#23,9,WRAP PACK,31,1168,33821.858
F,F,COLLECT COD,1,Manufacturer#5,1-URGENT,4,BUILDING,REG AIR,3,0.05,3,Brand#53,10,WRAP CASE,22,1169,55068.355
F,F,NONE,1,Manufacturer#1,1-URGENT,4,BUILDING,AIR,5,0.02,3,Brand#11,10,MED CAN,5,1169,39022.8592
F,F,DELIVER IN PERSON,2,Manufacturer#2,3-MEDIUM,3,MACHINERY,TRUCK,1,0.01,21,Brand#23,22,LG CASE,2,1170,53076.76
F,F,NONE,3,Manufacturer#5,2-HIGH,3,MACHINERY,REG AIR,6,0.01,23,Brand#54,19,LG CAN,3,1171,33064.9704
F,F,DELIVER IN PERSON,0,Manufacturer#3,2-HIGH,3,MACHINERY,SHIP,1,0.02,0,Brand#32,19,WRAP PKG,29,1171,36871.425
F,F,DELIVER IN PERSON,2,Manufacturer#1,1-URGENT,4,AUTOMOBILE,AIR,1,0.01,21,Brand#11,13,MED CASE,8,92,20091.4455
F,F,DELIVER IN PERSON,0,Manufacturer#5,1-URGENT,0,AUTOMOBILE,REG AIR,2,0.06,14,Brand#53,0,WRAP BAG,23,1172,5014.874
F,F,COLLECT COD,4,Manufacturer#1,4-NOT SPECIFIED,4,HOUSEHOLD,FOB,3,0,4,Brand#12,13,MED PKG,22,1173,25477.6704
F,F,COLLECT COD,2,Manufacturer#1,4-NOT SPECIFIED,4,HOUSEHOLD,FOB,4,0.03,8,Brand#11,13,LG BOX,43,1173,72761.962
F,F,NONE,0,Manufacturer#2,5-LOW,2,HOUSEHOLD,TRUCK,3,0.02,0,Brand#25,12,JUMBO CAN,23,1166,51504.672
F,F,COLLECT COD,2,Manufacturer#1,5-LOW,2,HOUSEHOLD,MAIL,4,0.02,18,Brand#12,12,WRAP CAN,21,1166,60956.199
F,F,COLLECT COD,2,Manufacturer#3,2-HIGH,2,HOUSEHOLD,AIR,2,0.08,18,Brand#33,9,WRAP BAG,4,1174,1457.8284
F,F,NONE,0,Manufacturer#4,2-HIGH,2,HOUSEHOLD,FOB,1,0.07,5,Brand#45,9,SM BAG,37,1174,60544.8
F,F,COLLECT COD,2,Manufacturer#1,1-URGENT,3,BUILDING,AIR,2,0,8,Brand#14,23,WRAP BAG,18,1175,24688.3104
F,F,DELIVER IN PERSON,1,Manufacturer#2,1-URGENT,3,BUILDING,AIR,5,0.03,24,Brand#25,23,JUMBO CAN,23,1175,23117.2396
F,F,TAKE BACK RETURN,2,Manufacturer#2,1-URGENT,3,BUILDING,FOB,7,0.04,12,Brand#25,23,SM BOX,6,1175,51076.935
F,F,COLLECT COD,2,Manufacturer#5,2-HIGH,1,AUTOMOBILE,RAIL,3,0,8,Brand#51,17,SM PKG,1,1176,53764.2765
F,F,NONE,2,Manufacturer#1,2-HIGH,1,AUTOMOBILE,SHIP,2,0.07,18,Brand#14,17,LG PKG,29,1176,34384.777
F,F,NONE,1,Manufacturer#2,2-HIGH,1,AUTOMOBILE,MAIL,6,0.01,17,Brand#25,17,WRAP BAG,11,1176,68093.662
F,F,COLLECT COD,1,Manufacturer#4,4-NOT SPECIFIED,3,MACHINERY,AIR,3,0.03,24,Brand#45,23,LG PKG,32,1177,10351.84
F,F,COLLECT COD,0,Manufacturer#1,4-NOT SPECIFIED,3,MACHINERY,MAIL,4,0.01,16,Brand#12,23,LG DRUM,30,1177,58204.0305
F,F,TAKE BACK RETURN,4,Manufacturer#3,4-NOT SPECIFIED,3,MACHINERY,RAIL,6,0.04,13,Brand#33,23,WRAP PKG,41,1177,25033.833
F,F,COLLECT COD,2,Manufacturer#1,4-NOT SPECIFIED,3,MACHINERY,REG AIR,5,0.05,18,Brand#14,23,SM CASE,12,1177,8006.4165
F,F,DELIVER IN PERSON,2,Manufacturer#3,4-NOT SPECIFIED,2,FURNITURE,RAIL,1,0.03,18,Brand#32,9,LG CASE,33,1178,42646.2876
F,F,NONE,2,Manufacturer#4,5-LOW,4,HOUSEHOLD,MAIL,4,0,21,Brand#44,11,SM PKG,46,1179,41354.9994
F,F,DELIVER IN PERSON,4,Manufacturer#2,5-LOW,4,HOUSEHOLD,TRUCK,2,0.07,13,Brand#25,11,JUMBO BOX,11,1179,17632.7424
F,F,NONE,0,Manufacturer#3,5-LOW,4,HOUSEHOLD,REG AIR,1,0.08,16,Brand#31,11,LG PKG,21,1179,20261.8592
F,F,COLLECT COD,0,Manufacturer#5,3-MEDIUM,2,MACHINERY,MAIL,2,0.08,16,Brand#52,8,WRAP DRUM,12,1180,62577.7834
F,F,COLLECT COD,0,Manufacturer#4,2-HIGH,2,BUILDING,REG AIR,6,0.01,0,Brand#42,9,WRAP PKG,17,709,20169.545
F,F,TAKE BACK RETURN,3,Manufacturer#5,1-URGENT,3,FURNITURE,TRUCK,5,0.06,23,Brand#52,6,MED JAR,48,1181,13066.7992
F,F,TAKE BACK RETURN,2,Manufacturer#2,1-URGENT,3,FURNITURE,FOB,6,0.05,9,Brand#23,6,SM PACK,16,1181,10371.12
F,F,NONE,2,Manufacturer#2,1-URGENT,3,FURNITURE,MAIL,4,0.06,9,Brand#24,6,SM CASE,3,1181,73588.9968
F,F,TAKE BACK RETURN,4,Manufacturer#5,1-URGENT,3,FURNITURE,RAIL,3,0.06,13,Brand#53,6,SM BAG,25,1181,1523.0889
F,F,TAKE BACK RETURN,2,Manufacturer#2,1-URGENT,3,FURNITURE,SHIP,1,0,8,Brand#24,6,JUMBO BOX,27,1181,63023.5788
F,F,COLLECT COD,3,Manufacturer#3,4-NOT SPECIFIED,2,MACHINERY,TRUCK,1,0.05,22,Brand#34,18,JUMBO PACK,31,1182,14652.099
F,F,COLLECT COD,0,Manufacturer#4,4-NOT SPECIFIED,2,MACHINERY,AIR,5,0.06,5,Brand#41,18,WRAP JAR,11,1182,47677.707
F,F,DELIVER IN PERSON,3,Manufacturer#2,4-NOT SPECIFIED,3,FURNITURE,REG AIR,5,0,19,Brand#22,19,MED CASE,38,1183,52074.9
F,F,NONE,2,Manufacturer#1,4-NOT SPECIFIED,3,FURNITURE,FOB,1,0.02,12,Brand#13,19,WRAP BOX,49,1183,17601.12
F,F,TAKE BACK RETURN,0,Manufacturer#1,4-NOT SPECIFIED,3,FURNITURE,FOB,2,0.07,16,Brand#12,19,MED PACK,48,1183,31947.66
F,F,COLLECT COD,2,Manufacturer#2,2-HIGH,0,BUILDING,FOB,1,0.03,21,Brand#25,0,JUMBO DRUM,34,1184,64219.716
F,F,NONE,3,Manufacturer#4,2-HIGH,0,BUILDING,FOB,4,0.03,6,Brand#43,0,WRAP CASE,50,1184,31010.661
F,F,DELIVER IN PERSON,4,Manufacturer#4,2-HIGH,2,BUILDING,RAIL,2,0.08,20,Brand#41,9,SM PACK,19,709,43810.2819
F,F,NONE,2,Manufacturer#3,2-HIGH,2,BUILDING,FOB,4,0,18,Brand#35,9,MED PACK,5,709,997.38
F,F,DELIVER IN PERSON,2,Manufacturer#4,2-HIGH,2,BUILDING,REG AIR,5,0.08,21,Brand#42,9,LG PACK,33,709,60351.04
F,F,NONE,3,Manufacturer#3,2-HIGH,2,BUILDING,AIR,1,0.03,7,Brand#31,9,MED PACK,28,709,32226.6924
F,F,DELIVER IN PERSON,4,Manufacturer#2,2-HIGH,2,BUILDING,AIR,3,0,4,Brand#22,9,LG JAR,22,709,3393.36
F,F,TAKE BACK RETURN,4,Manufacturer#3,3-MEDIUM,0,BUILDING,RAIL,2,0.06,10,Brand#31,5,JUMBO CAN,36,1185,37334.92
F,F,COLLECT COD,0,Manufacturer#4,5-LOW,3,BUILDING,REG AIR,2,0.07,15,Brand#41,6,MED BAG,22,1186,8338.1184
F,F,TAKE BACK RETURN,4,Manufacturer#2,5-LOW,3,BUILDING,AIR,1,0.08,20,Brand#24,6,MED CASE,26,1186,77601.6
F,F,COLLECT COD,2,Manufacturer#1,3-MEDIUM,3,FURNITURE,SHIP,1,0.08,18,Brand#13,7,LG DRUM,35,1187,16203.429
F,F,TAKE BACK RETURN,2,Manufacturer#5,3-MEDIUM,2,FURNITURE,AIR,2,0,12,Brand#53,9,LG PACK,36,1188,10758.8925
F,F,NONE,0,Manufacturer#3,3-MEDIUM,2,FURNITURE,AIR,1,0.05,14,Brand#33,9,LG BAG,5,1188,85879.7
F,F,DELIVER IN PERSON,2,Manufacturer#5,3-MEDIUM,2,FURNITURE,AIR,4,0.07,8,Brand#55,9,SM PACK,9,1188,60396.57
F,F,TAKE BACK RETURN,3,Manufacturer#1,5-LOW,3,MACHINERY,AIR,1,0.07,7,Brand#14,22,JUMBO BOX,26,1189,44553.59
F,F,TAKE BACK RETURN,2,Manufacturer#5,1-URGENT,2,AUTOMOBILE,REG AIR,2,0.04,8,Brand#52,12,SM PKG,28,1190,5145.9681
F,F,DELIVER IN PERSON,2,Manufacturer#1,1-URGENT,1,MACHINERY,FOB,3,0.01,12,Brand#12,2,MED CASE,26,1191,12328.668
F,F,COLLECT COD,4,Manufacturer#1,1-URGENT,1,MACHINERY,SHIP,5,0.05,11,Brand#14,2,WRAP CASE,35,1191,49295.115
F,F,NONE,1,Manufacturer#5,1-URGENT,1,MACHINERY,TRUCK,1,0.02,24,Brand#55,2,MED CASE,20,1191,33432.291
F,F,DELIVER IN PERSON,2,Manufacturer#5,1-URGENT,1,MACHINERY,SHIP,2,0.04,8,Brand#55,2,MED CASE,3,1191,31705.653
F,F,TAKE BACK RETURN,4,Manufacturer#1,5-LOW,1,MACHINERY,FOB,3,0.05,10,Brand#14,2,WRAP BOX,30,723,56900.221
F,F,DELIVER IN PERSON,3,Manufacturer#5,5-LOW,1,MACHINERY,TRUCK,1,0.01,6,Brand#55,2,JUMBO BAG,22,723,57161.472
F,F,COLLECT COD,4,Manufacturer#2,5-LOW,3,MACHINERY,REG AIR,4,0.07,10,Brand#21,6,LG CAN,40,1192,42609.294
F,F,DELIVER IN PERSON,1,Manufacturer#3,1-URGENT,4,FURNITURE,TRUCK,6,0.02,2,Brand#31,20,LG PACK,21,1193,15001.2
F,F,NONE,0,Manufacturer#2,1-URGENT,4,FURNITURE,RAIL,5,0.07,14,Brand#24,20,LG DRUM,11,1193,32684.7708
F,F,COLLECT COD,2,Manufacturer#2,1-URGENT,4,FURNITURE,TRUCK,7,0.05,21,Brand#24,20,MED CASE,7,1193,91676.55
F,F,NONE,1,Manufacturer#2,1-URGENT,4,FURNITURE,SHIP,3,0.02,24,Brand#23,20,JUMBO JAR,48,1193,16817.544
F,F,NONE,3,Manufacturer#3,1-URGENT,4,FURNITURE,REG AIR,2,0.05,7,Brand#31,20,JUMBO PACK,8,1193,28374.03
F,F,DELIVER IN PERSON,4,Manufacturer#3,3-MEDIUM,1,AUTOMOBILE,MAIL,1,0.05,20,Brand#31,3,LG BOX,46,1194,79137.2344
F,F,DELIVER IN PERSON,1,Manufacturer#5,4-NOT SPECIFIED,4,BUILDING,SHIP,2,0,3,Brand#54,11,SM DRUM,12,1195,50376.348
F,F,DELIVER IN PERSON,3,Manufacturer#4,3-MEDIUM,0,BUILDING,FOB,2,0.07,7,Brand#43,16,MED CASE,11,1196,40511.6712
F,F,TAKE BACK RETURN,1,Manufacturer#5,5-LOW,2,BUILDING,MAIL,4,0.03,3,Brand#52,18,WRAP BAG,20,1197,47850.4208
F,F,TAKE BACK RETURN,1,Manufacturer#5,5-LOW,2,BUILDING,SHIP,2,0.01,17,Brand#55,18,LG PKG,29,1197,76490.55
F,F,DELIVER IN PERSON,2,Manufacturer#5,4-NOT SPECIFIED,4,BUILDING,TRUCK,3,0.03,18,Brand#53,11,WRAP JAR,28,1195,41831.0256
F,F,TAKE BACK RETURN,0,Manufacturer#2,4-NOT SPECIFIED,4,BUILDING,TRUCK,5,0.04,14,Brand#24,11,SM CASE,29,1195,53438.8137
F,F,COLLECT COD,0,Manufacturer#4,4-NOT SPECIFIED,0,FURNITURE,MAIL,3,0.02,14,Brand#44,14,MED BOX,31,1198,54467.224
F,F,DELIVER IN PERSON,1,Manufacturer#2,4-NOT SPECIFIED,2,BUILDING,SHIP,2,0.02,1,Brand#23,18,MED CAN,48,1199,4084.8444
F,F,NONE,4,Manufacturer#5,4-NOT SPECIFIED,2,BUILDING,MAIL,4,0.01,4,Brand#52,18,LG JAR,45,1199,38441.6
F,F,NONE,2,Manufacturer#3,4-NOT SPECIFIED,2,BUILDING,RAIL,1,0.07,8,Brand#31,18,SM PKG,27,1199,39407.85
F,F,DELIVER IN PERSON,0,Manufacturer#5,4-NOT SPECIFIED,2,BUILDING,TRUCK,5,0,14,Brand#53,18,SM BAG,48,1199,2182.14
F,F,TAKE BACK RETURN,4,Manufacturer#3,4-NOT SPECIFIED,2,AUTOMOBILE,RAIL,1,0.06,20,Brand#31,8,SM DRUM,34,1200,15767.625
F,F,NONE,3,Manufacturer#4,2-HIGH,4,HOUSEHOLD,TRUCK,4,0,7,Brand#43,10,MED CASE,26,1201,22520.3212
F,F,DELIVER IN PERSON,2,Manufacturer#2,2-HIGH,4,HOUSEHOLD,AIR,5,0.04,8,Brand#24,10,JUMBO JAR,48,1201,80528.63
F,F,NONE,2,Manufacturer#4,4-NOT SPECIFIED,4,BUILDING,AIR,6,0.06,8,Brand#41,11,LG JAR,19,1195,39473.385
F,F,COLLECT COD,3,Manufacturer#1,4-NOT SPECIFIED,0,AUTOMOBILE,MAIL,6,0.01,6,Brand#14,15,WRAP DRUM,26,1202,76013.9926
F,F,TAKE BACK RETURN,3,Manufacturer#4,4-NOT SPECIFIED,1,AUTOMOBILE,TRUCK,1,0.05,22,Brand#42,3,SM BAG,1,1203,5736.18
F,F,TAKE BACK RETURN,2,Manufacturer#4,4-NOT SPECIFIED,1,AUTOMOBILE,FOB,5,0.08,9,Brand#42,3,WRAP DRUM,36,1203,17072.451
F,F,NONE,2,Manufacturer#1,4-NOT SPECIFIED,1,AUTOMOBILE,SHIP,6,0.06,9,Brand#15,3,SM CAN,45,1203,1548.72
F,F,DELIVER IN PERSON,0,Manufacturer#1,5-LOW,0,BUILDING,RAIL,3,0.02,15,Brand#12,15,JUMBO CASE,20,1204,7309.86
F,F,DELIVER IN PERSON,3,Manufacturer#3,5-LOW,2,BUILDING,RAIL,2,0.07,7,Brand#34,12,SM JAR,37,1205,5270.7
F,F,COLLECT COD,3,Manufacturer#1,5-LOW,2,BUILDING,RAIL,3,0.08,22,Brand#13,12,JUMBO BOX,12,1205,54803.0528
F,F,NONE,4,Manufacturer#2,4-NOT SPECIFIED,0,AUTOMOBILE,RAIL,1,0.02,13,Brand#21,15,SM JAR,26,1202,24411.542
F,F,DELIVER IN PERSON,1,Manufacturer#2,4-NOT SPECIFIED,0,AUTOMOBILE,RAIL,2,0.04,3,Brand#24,15,LG DRUM,18,1202,30462.222
F,F,DELIVER IN PERSON,0,Manufacturer#2,4-NOT SPECIFIED,0,AUTOMOBILE,RAIL,5,0.03,14,Brand#25,15,SM BAG,3,1202,27277.3632
F,F,DELIVER IN PERSON,0,Manufacturer#1,4-NOT SPECIFIED,0,AUTOMOBILE,TRUCK,3,0.08,14,Brand#12,15,JUMBO PACK,44,1202,12162.1038
F,F,DELIVER IN PERSON,1,Manufacturer#1,3-MEDIUM,2,FURNITURE,REG AIR,3,0.02,2,Brand#11,12,MED CASE,40,1206,46742.8416
F,F,NONE,0,Manufacturer#2,3-MEDIUM,1,BUILDING,AIR,3,0.08,5,Brand#24,1,LG BOX,6,1207,66034.2966
F,F,COLLECT COD,2,Manufacturer#5,2-HIGH,4,AUTOMOBILE,SHIP,1,0,12,Brand#54,4,JUMBO PACK,24,1208,2081.4264
F,F,DELIVER IN PERSON,2,Manufacturer#2,3-MEDIUM,2,FURNITURE,AIR,5,0,12,Brand#24,12,SM PACK,38,1206,42086.226
F,F,TAKE BACK RETURN,4,Manufacturer#4,3-MEDIUM,2,FURNITURE,TRUCK,1,0.03,4,Brand#42,12,WRAP CAN,22,1206,48601.9104
F,F,COLLECT COD,3,Manufacturer#2,3-MEDIUM,2,FURNITURE,FOB,6,0.08,23,Brand#21,12,WRAP BOX,27,1206,28922.6322
F,F,DELIVER IN PERSON,1,Manufacturer#3,4-NOT SPECIFIED,2,BUILDING,REG AIR,6,0.06,17,Brand#31,12,WRAP DRUM,43,1209,19070.7102
F,F,TAKE BACK RETURN,4,Manufacturer#4,4-NOT SPECIFIED,2,BUILDING,SHIP,4,0.03,4,Brand#45,12,MED JAR,35,1209,4286.2464
F,F,COLLECT COD,0,Manufacturer#2,4-NOT SPECIFIED,2,BUILDING,RAIL,5,0.07,16,Brand#21,12,SM JAR,18,1209,9278.458
F,F,TAKE BACK RETURN,1,Manufacturer#5,4-NOT SPECIFIED,2,BUILDING,SHIP,3,0.03,24,Brand#53,12,JUMBO BOX,40,1209,36730.9418
F,F,COLLECT COD,3,Manufacturer#2,2-HIGH,0,MACHINERY,TRUCK,2,0.04,23,Brand#24,0,SM CASE,26,1210,58669.5736
F,F,NONE,4,Manufacturer#2,4-NOT SPECIFIED,0,BUILDING,RAIL,1,0.01,20,Brand#25,15,WRAP DRUM,14,1211,32488.045
F,F,NONE,3,Manufacturer#5,2-HIGH,3,HOUSEHOLD,RAIL,3,0.07,23,Brand#52,7,MED PACK,8,1212,32733.162
F,F,COLLECT COD,3,Manufacturer#2,4-NOT SPECIFIED,0,BUILDING,SHIP,2,0.05,7,Brand#23,15,MED BOX,26,1211,53546.4
F,F,NONE,2,Manufacturer#1,4-NOT SPECIFIED,0,BUILDING,TRUCK,5,0.04,8,Brand#15,15,WRAP PKG,37,1211,51614.0352
F,F,NONE,3,Manufacturer#4,4-NOT SPECIFIED,0,BUILDING,SHIP,6,0,19,Brand#41,15,WRAP BAG,45,1211,7196.8064
F,F,DELIVER IN PERSON,2,Manufacturer#1,3-MEDIUM,3,HOUSEHOLD,RAIL,1,0.07,21,Brand#12,23,WRAP CAN,18,1213,38336.0136
F,F,TAKE BACK RETURN,3,Manufacturer#1,4-NOT SPECIFIED,3,FURNITURE,AIR,1,0.02,6,Brand#15,22,JUMBO CAN,16,1026,29970
F,F,NONE,4,Manufacturer#1,1-URGENT,1,MACHINERY,MAIL,1,0.07,13,Brand#14,1,WRAP PACK,42,1214,30507.66
F,F,DELIVER IN PERSON,4,Manufacturer#4,5-LOW,4,HOUSEHOLD,RAIL,3,0.08,4,Brand#43,13,SM BOX,22,1215,19997.341
F,F,COLLECT COD,1,Manufacturer#2,5-LOW,4,HOUSEHOLD,TRUCK,1,0.03,2,Brand#22,13,SM CAN,19,1215,16986.931
F,F,TAKE BACK RETURN,4,Manufacturer#1,4-NOT SPECIFIED,3,FURNITURE,REG AIR,3,0.06,13,Brand#13,22,SM PKG,14,1026,1767.0213
F,F,TAKE BACK RETURN,3,Manufacturer#2,4-NOT SPECIFIED,3,FURNITURE,REG AIR,4,0.05,23,Brand#22,22,MED DRUM,35,1026,44181.3175
F,F,TAKE BACK RETURN,4,Manufacturer#4,3-MEDIUM,0,AUTOMOBILE,AIR,4,0.03,4,Brand#45,16,WRAP BAG,34,1216,33770.4192
F,F,NONE,0,Manufacturer#1,3-MEDIUM,0,FURNITURE,RAIL,3,0.05,14,Brand#13,14,SM PACK,22,1198,49315.464
F,F,COLLECT COD,2,Manufacturer#5,3-MEDIUM,0,FURNITURE,FOB,5,0.02,8,Brand#55,14,SM JAR,21,1198,8319.402
F,F,COLLECT COD,0,Manufacturer#2,3-MEDIUM,0,FURNITURE,TRUCK,1,0,15,Brand#22,14,LG CAN,33,1198,13851.2384
F,F,COLLECT COD,3,Manufacturer#2,3-MEDIUM,1,AUTOMOBILE,FOB,2,0.01,23,Brand#25,2,MED PACK,23,1217,50222.6725
F,F,TAKE BACK RETURN,0,Manufacturer#4,1-URGENT,4,HOUSEHOLD,MAIL,1,0.02,16,Brand#43,10,MED BOX,50,1218,7340.0464
F,F,DELIVER IN PERSON,0,Manufacturer#1,1-URGENT,4,HOUSEHOLD,FOB,3,0.05,0,Brand#12,10,LG CAN,16,1218,63268.898
F,F,NONE,1,Manufacturer#2,1-URGENT,4,HOUSEHOLD,MAIL,2,0,2,Brand#25,10,SM DRUM,13,1218,51258.06
F,F,NONE,4,Manufacturer#4,5-LOW,2,BUILDING,REG AIR,2,0.03,10,Brand#42,8,WRAP CASE,9,1219,47924.0064
F,F,NONE,4,Manufacturer#2,5-LOW,2,BUILDING,REG AIR,1,0.06,10,Brand#22,8,MED JAR,12,1219,49153.3896
F,F,NONE,1,Manufacturer#2,5-LOW,1,HOUSEHOLD,TRUCK,1,0.06,2,Brand#22,2,JUMBO PACK,44,1220,53786.1411
F,F,DELIVER IN PERSON,0,Manufacturer#2,3-MEDIUM,0,AUTOMOBILE,SHIP,1,0.08,0,Brand#23,16,SM CAN,3,1216,85881.4817
F,F,DELIVER IN PERSON,4,Manufacturer#1,3-MEDIUM,0,AUTOMOBILE,SHIP,3,0.03,13,Brand#13,16,JUMBO PACK,11,1216,41049.7906
F,F,DELIVER IN PERSON,2,Manufacturer#5,3-MEDIUM,1,BUILDING,RAIL,2,0.01,8,Brand#53,24,SM PKG,40,1221,6891.766
F,F,COLLECT COD,4,Manufacturer#2,1-URGENT,2,HOUSEHOLD,SHIP,3,0.06,11,Brand#24,8,WRAP CAN,15,811,24056.496
F,F,DELIVER IN PERSON,3,Manufacturer#5,1-URGENT,4,HOUSEHOLD,REG AIR,6,0.07,19,Brand#53,10,MED JAR,12,1222,26401.914
F,F,COLLECT COD,3,Manufacturer#3,1-URGENT,4,HOUSEHOLD,SHIP,4,0.01,23,Brand#32,10,LG BAG,31,1222,58905.3888
F,F,NONE,2,Manufacturer#1,1-URGENT,4,HOUSEHOLD,RAIL,5,0.01,21,Brand#11,10,MED BOX,33,1222,1899.3576
F,F,TAKE BACK RETURN,4,Manufacturer#3,1-URGENT,4,HOUSEHOLD,FOB,1,0.08,10,Brand#31,10,MED CASE,10,1222,78605.996
F,F,NONE,1,Manufacturer#1,1-URGENT,4,HOUSEHOLD,SHIP,3,0.08,17,Brand#12,10,MED PKG,44,1222,69685.0518
F,F,COLLECT COD,2,Manufacturer#2,5-LOW,2,HOUSEHOLD,RAIL,6,0.05,21,Brand#24,21,LG BOX,21,1223,14199.969
F,F,NONE,2,Manufacturer#2,5-LOW,2,HOUSEHOLD,RAIL,2,0.04,12,Brand#24,21,JUMBO BOX,26,1223,46836.2895
F,F,NONE,3,Manufacturer#5,5-LOW,2,HOUSEHOLD,SHIP,5,0,23,Brand#51,21,JUMBO CAN,24,1223,27698.895
F,F,DELIVER IN PERSON,2,Manufacturer#5,4-NOT SPECIFIED,0,MACHINERY,REG AIR,2,0.02,9,Brand#52,15,SM DRUM,17,1224,55477.89
F,F,COLLECT COD,2,Manufacturer#2,4-NOT SPECIFIED,0,MACHINERY,FOB,4,0.04,12,Brand#22,15,WRAP PKG,49,1224,48007.08
F,F,DELIVER IN PERSON,3,Manufacturer#2,4-NOT SPECIFIED,0,MACHINERY,RAIL,1,0.01,22,Brand#21,15,SM BOX,32,1224,3511.08
F,F,COLLECT COD,1,Manufacturer#5,1-URGENT,1,MACHINERY,RAIL,1,0.02,17,Brand#51,2,MED DRUM,24,398,11106.4128
F,F,NONE,4,Manufacturer#4,1-URGENT,1,MACHINERY,REG AIR,3,0,11,Brand#42,2,SM DRUM,1,398,59272.6464
F,F,TAKE BACK RETURN,0,Manufacturer#1,3-MEDIUM,1,BUILDING,AIR,1,0.02,5,Brand#12,24,JUMBO PACK,27,1221,19579.665
F,F,COLLECT COD,2,Manufacturer#1,1-URGENT,4,BUILDING,AIR,5,0.06,18,Brand#14,20,JUMBO DRUM,17,1225,64214.3285
F,F,DELIVER IN PERSON,4,Manufacturer#1,1-URGENT,4,BUILDING,REG AIR,7,0.05,4,Brand#12,20,WRAP DRUM,46,1225,29879.2536
F,F,NONE,1,Manufacturer#2,1-URGENT,4,BUILDING,MAIL,3,0.05,24,Brand#25,20,MED PKG,38,1225,19829.9808
F,F,NONE,0,Manufacturer#2,1-URGENT,2,BUILDING,REG AIR,1,0.08,0,Brand#23,8,SM JAR,22,1226,2313.8752
F,F,DELIVER IN PERSON,3,Manufacturer#1,1-URGENT,2,BUILDING,SHIP,3,0.02,22,Brand#13,8,JUMBO CAN,9,1226,4408.095
F,F,NONE,0,Manufacturer#3,1-URGENT,2,BUILDING,AIR,5,0.02,15,Brand#35,8,WRAP CASE,47,1226,4303.4628
F,F,TAKE BACK RETURN,2,Manufacturer#5,2-HIGH,3,HOUSEHOLD,AIR,2,0.06,9,Brand#53,19,LG BOX,9,1227,20188.8232
F,F,DELIVER IN PERSON,3,Manufacturer#5,2-HIGH,3,BUILDING,SHIP,7,0,22,Brand#53,23,MED BOX,41,1228,63343.6744
F,F,COLLECT COD,3,Manufacturer#3,2-HIGH,3,BUILDING,TRUCK,2,0.04,7,Brand#32,23,WRAP CAN,9,1228,44951.3456
F,F,COLLECT COD,4,Manufacturer#3,2-HIGH,3,BUILDING,SHIP,6,0.05,10,Brand#35,23,WRAP BOX,7,1228,35390.3823
F,F,DELIVER IN PERSON,4,Manufacturer#2,3-MEDIUM,4,BUILDING,AIR,6,0.05,10,Brand#23,11,WRAP BAG,35,1229,82504.24
F,F,TAKE BACK RETURN,3,Manufacturer#2,3-MEDIUM,4,BUILDING,AIR,2,0.01,19,Brand#23,11,LG BAG,50,1229,39168.7387
F,F,DELIVER IN PERSON,2,Manufacturer#4,3-MEDIUM,4,BUILDING,TRUCK,1,0.01,21,Brand#42,11,SM CAN,37,1229,7593.4025
F,F,DELIVER IN PERSON,4,Manufacturer#2,3-MEDIUM,4,BUILDING,MAIL,5,0.05,13,Brand#24,11,MED CAN,46,1229,12944.6142
F,F,DELIVER IN PERSON,1,Manufacturer#5,3-MEDIUM,4,BUILDING,MAIL,4,0.08,2,Brand#54,11,LG PKG,40,1229,12237.8256
F,F,TAKE BACK RETURN,2,Manufacturer#2,3-MEDIUM,0,AUTOMOBILE,AIR,1,0,9,Brand#25,5,LG BOX,49,1230,19992.888
F,F,DELIVER IN PERSON,1,Manufacturer#5,2-HIGH,3,HOUSEHOLD,AIR,1,0,3,Brand#55,19,SM DRUM,25,1227,48660.1064
F,F,DELIVER IN PERSON,2,Manufacturer#1,2-HIGH,2,BUILDING,SHIP,3,0.06,12,Brand#15,9,JUMBO PKG,26,1231,23072.2947
F,F,NONE,3,Manufacturer#1,5-LOW,3,AUTOMOBILE,MAIL,3,0.06,7,Brand#13,22,MED PKG,9,101,51525.53
F,F,DELIVER IN PERSON,1,Manufacturer#4,5-LOW,3,AUTOMOBILE,REG AIR,1,0.04,3,Brand#44,22,SM DRUM,12,101,46708.308
F,F,TAKE BACK RETURN,0,Manufacturer#2,5-LOW,3,AUTOMOBILE,AIR,2,0.01,0,Brand#22,22,MED PKG,29,101,32012.264
F,F,DELIVER IN PERSON,1,Manufacturer#5,1-URGENT,3,MACHINERY,TRUCK,3,0,17,Brand#53,7,MED PACK,25,1232,43840.9719
F,F,NONE,1,Manufacturer#1,4-NOT SPECIFIED,1,BUILDING,REG AIR,2,0.04,1,Brand#14,17,WRAP PKG,32,1233,24915.132
F,F,TAKE BACK RETURN,3,Manufacturer#3,5-LOW,3,BUILDING,RAIL,4,0.04,23,Brand#35,23,JUMBO PACK,23,703,11997.816
F,F,NONE,0,Manufacturer#4,5-LOW,3,BUILDING,MAIL,3,0.04,5,Brand#42,23,WRAP BAG,13,703,49092.5952
F,F,DELIVER IN PERSON,2,Manufacturer#4,5-LOW,3,BUILDING,FOB,5,0.03,21,Brand#41,23,JUMBO BAG,47,703,45131.481
F,F,COLLECT COD,0,Manufacturer#1,1-URGENT,0,HOUSEHOLD,MAIL,6,0,0,Brand#11,5,JUMBO DRUM,43,1234,27947.502
F,F,DELIVER IN PERSON,0,Manufacturer#1,1-URGENT,0,HOUSEHOLD,REG AIR,1,0.05,5,Brand#12,5,LG BOX,11,1234,11091.8808
F,F,NONE,1,Manufacturer#1,1-URGENT,0,HOUSEHOLD,FOB,2,0.01,1,Brand#12,5,SM PACK,2,1234,54603.9585
F,F,NONE,1,Manufacturer#3,3-MEDIUM,3,BUILDING,RAIL,5,0.01,17,Brand#33,23,LG PACK,6,1235,32173.8876
F,F,COLLECT COD,4,Manufacturer#3,3-MEDIUM,3,BUILDING,AIR,4,0.08,20,Brand#33,23,JUMBO BOX,14,1235,21341.948
F,F,DELIVER IN PERSON,1,Manufacturer#5,3-MEDIUM,3,BUILDING,MAIL,3,0.07,17,Brand#54,23,JUMBO PACK,43,1235,27868.456
F,F,TAKE BACK RETURN,2,Manufacturer#4,3-MEDIUM,3,BUILDING,AIR,1,0.04,18,Brand#43,23,WRAP PKG,17,1235,4029.939
F,F,TAKE BACK RETURN,1,Manufacturer#1,3-MEDIUM,4,HOUSEHOLD,FOB,2,0.01,1,Brand#12,11,WRAP PACK,38,1236,21065.5602
F,F,COLLECT COD,3,Manufacturer#5,3-MEDIUM,4,HOUSEHOLD,TRUCK,5,0.07,22,Brand#55,11,SM PACK,29,1236,70440.3336
F,F,TAKE BACK RETURN,1,Manufacturer#3,3-MEDIUM,4,HOUSEHOLD,MAIL,1,0.01,3,Brand#35,11,WRAP CASE,24,1236,25421.3138
F,F,TAKE BACK RETURN,1,Manufacturer#2,4-NOT SPECIFIED,1,MACHINERY,REG AIR,4,0,2,Brand#23,3,SM PACK,27,1237,50367.6225
F,F,NONE,2,Manufacturer#3,1-URGENT,0,MACHINERY,AIR,2,0.01,21,Brand#34,15,LG PKG,8,1238,51669.7119
F,F,TAKE BACK RETURN,0,Manufacturer#5,1-URGENT,0,MACHINERY,RAIL,1,0.06,16,Brand#54,15,WRAP CASE,50,1238,38658.1125
F,F,TAKE BACK RETURN,4,Manufacturer#2,3-MEDIUM,4,BUILDING,AIR,3,0.02,13,Brand#24,11,LG PACK,50,1239,2694.843
F,F,DELIVER IN PERSON,1,Manufacturer#3,3-MEDIUM,4,BUILDING,TRUCK,5,0.07,24,Brand#32,11,LG JAR,2,1239,14083.524
F,F,TAKE BACK RETURN,3,Manufacturer#5,3-MEDIUM,4,BUILDING,TRUCK,4,0.05,6,Brand#53,11,JUMBO JAR,26,1239,3787.2855
F,F,DELIVER IN PERSON,1,Manufacturer#5,3-MEDIUM,4,BUILDING,SHIP,1,0.05,3,Brand#55,11,SM JAR,6,1239,55828.035
F,F,DELIVER IN PERSON,2,Manufacturer#2,2-HIGH,2,BUILDING,MAIL,1,0.04,18,Brand#25,9,MED DRUM,42,1231,32205.3792
F,F,COLLECT COD,4,Manufacturer#3,1-URGENT,4,HOUSEHOLD,SHIP,3,0.06,4,Brand#34,4,JUMBO DRUM,49,1240,4846.1184
F,F,TAKE BACK RETURN,4,Manufacturer#4,1-URGENT,4,HOUSEHOLD,SHIP,1,0,10,Brand#45,4,SM PACK,38,1240,63129.1206
F,F,DELIVER IN PERSON,4,Manufacturer#2,5-LOW,2,FURNITURE,FOB,1,0.08,13,Brand#22,18,WRAP PKG,17,925,36753.6136
F,F,TAKE BACK RETURN,1,Manufacturer#1,2-HIGH,2,FURNITURE,AIR,5,0.03,1,Brand#11,18,JUMBO BOX,26,1241,1528.5816
F,F,COLLECT COD,0,Manufacturer#3,1-URGENT,1,FURNITURE,RAIL,4,0.06,16,Brand#34,17,MED PKG,26,1242,50011.2522
F,F,DELIVER IN PERSON,1,Manufacturer#1,1-URGENT,1,FURNITURE,FOB,1,0,17,Brand#11,17,MED CAN,1,1242,87513.0788
F,F,NONE,4,Manufacturer#2,4-NOT SPECIFIED,0,BUILDING,TRUCK,1,0.04,20,Brand#24,16,MED BOX,13,1243,28835.4612
F,F,DELIVER IN PERSON,0,Manufacturer#2,4-NOT SPECIFIED,0,BUILDING,AIR,2,0.03,5,Brand#22,16,SM DRUM,11,1243,30387.936
F,F,DELIVER IN PERSON,3,Manufacturer#2,4-NOT SPECIFIED,0,BUILDING,REG AIR,3,0.08,22,Brand#22,16,LG DRUM,4,1243,46749.15
F,F,COLLECT COD,4,Manufacturer#2,4-NOT SPECIFIED,0,BUILDING,MAIL,5,0.03,11,Brand#23,16,WRAP PACK,15,1243,4771.5759
F,F,COLLECT COD,1,Manufacturer#4,5-LOW,2,FURNITURE,RAIL,3,0.05,24,Brand#43,12,WRAP CASE,30,1244,33630.63
F,F,DELIVER IN PERSON,3,Manufacturer#5,5-LOW,2,FURNITURE,AIR,1,0.04,7,Brand#51,12,WRAP BAG,6,1244,32429.331
F,F,DELIVER IN PERSON,2,Manufacturer#2,5-LOW,2,FURNITURE,AIR,2,0.06,8,Brand#25,12,WRAP BAG,20,1244,38625.165
F,F,DELIVER IN PERSON,4,Manufacturer#2,5-LOW,2,FURNITURE,SHIP,6,0.04,11,Brand#24,12,LG BOX,37,1244,55140.096
F,F,COLLECT COD,1,Manufacturer#1,5-LOW,3,BUILDING,REG AIR,2,0.03,3,Brand#11,6,WRAP PACK,8,1245,47808.4992
F,F,NONE,2,Manufacturer#4,5-LOW,3,BUILDING,TRUCK,3,0.02,8,Brand#45,6,SM CASE,38,1245,61217.072
F,F,DELIVER IN PERSON,3,Manufacturer#5,2-HIGH,1,HOUSEHOLD,TRUCK,7,0.05,19,Brand#55,3,SM BOX,44,1246,7944.2748
F,F,NONE,1,Manufacturer#4,2-HIGH,1,HOUSEHOLD,REG AIR,2,0.03,24,Brand#45,3,WRAP CAN,46,1246,44925.7149
F,F,TAKE BACK RETURN,1,Manufacturer#3,2-HIGH,1,HOUSEHOLD,TRUCK,1,0.08,1,Brand#34,3,JUMBO BAG,26,1246,24997.6636
F,F,NONE,4,Manufacturer#2,4-NOT SPECIFIED,3,AUTOMOBILE,MAIL,4,0.06,4,Brand#24,23,LG CAN,42,1247,19420.66
F,F,COLLECT COD,2,Manufacturer#1,4-NOT SPECIFIED,3,AUTOMOBILE,RAIL,1,0.02,21,Brand#14,23,SM DRUM,3,1247,17303.616
F,F,TAKE BACK RETURN,1,Manufacturer#2,4-NOT SPECIFIED,3,AUTOMOBILE,FOB,6,0,24,Brand#25,23,SM BOX,33,1247,47062.6
F,F,NONE,2,Manufacturer#3,4-NOT SPECIFIED,3,AUTOMOBILE,SHIP,3,0,18,Brand#32,23,JUMBO PACK,23,1247,27624.9835
F,F,COLLECT COD,1,Manufacturer#3,1-URGENT,0,AUTOMOBILE,SHIP,2,0.05,3,Brand#34,5,SM BOX,25,1248,7158.249
F,F,COLLECT COD,0,Manufacturer#2,2-HIGH,0,AUTOMOBILE,AIR,1,0.06,5,Brand#21,15,SM PACK,5,1249,83694.885
F,F,COLLECT COD,4,Manufacturer#5,4-NOT SPECIFIED,2,BUILDING,RAIL,2,0.03,4,Brand#52,21,MED DRUM,4,1250,12165.4296
F,F,TAKE BACK RETURN,3,Manufacturer#5,4-NOT SPECIFIED,2,BUILDING,TRUCK,1,0,19,Brand#55,21,WRAP BAG,43,1250,5564.352
F,F,DELIVER IN PERSON,2,Manufacturer#4,2-HIGH,2,FURNITURE,MAIL,2,0.07,8,Brand#45,18,LG CAN,43,1241,28160.1236
F,F,NONE,3,Manufacturer#5,2-HIGH,2,FURNITURE,RAIL,3,0.01,7,Brand#55,18,MED BOX,26,1241,34303.4874
F,F,DELIVER IN PERSON,3,Manufacturer#4,5-LOW,1,AUTOMOBILE,FOB,2,0.06,7,Brand#45,24,MED PACK,34,1251,49572.4224
F,F,DELIVER IN PERSON,2,Manufacturer#4,5-LOW,1,AUTOMOBILE,REG AIR,3,0.05,8,Brand#42,24,JUMBO JAR,13,1251,23098.7568
F,F,COLLECT COD,1,Manufacturer#1,5-LOW,2,AUTOMOBILE,AIR,5,0,2,Brand#11,21,MED CASE,7,1252,59589.7575
F,F,DELIVER IN PERSON,0,Manufacturer#2,5-LOW,4,HOUSEHOLD,RAIL,1,0.07,14,Brand#22,13,LG CASE,29,1253,19972.3608
F,F,TAKE BACK RETURN,2,Manufacturer#4,5-LOW,1,FURNITURE,SHIP,4,0.04,18,Brand#42,24,WRAP BOX,1,1254,35457.4
F,F,DELIVER IN PERSON,4,Manufacturer#2,5-LOW,1,FURNITURE,MAIL,3,0.07,11,Brand#24,24,MED PACK,43,1254,69122.7684
F,F,COLLECT COD,3,Manufacturer#3,5-LOW,1,FURNITURE,MAIL,2,0.05,19,Brand#31,24,MED DRUM,47,1254,8903.6766
F,F,COLLECT COD,3,Manufacturer#3,5-LOW,3,AUTOMOBILE,REG AIR,2,0.08,19,Brand#35,23,WRAP BAG,44,1157,15782.967
F,F,COLLECT COD,4,Manufacturer#3,5-LOW,3,AUTOMOBILE,SHIP,3,0.05,20,Brand#32,23,LG PKG,19,1157,60439.5648
F,F,COLLECT COD,2,Manufacturer#4,5-LOW,3,AUTOMOBILE,MAIL,1,0.03,21,Brand#41,23,LG CAN,33,1157,4328.9428
F,F,NONE,1,Manufacturer#3,5-LOW,2,FURNITURE,REG AIR,2,0,3,Brand#32,18,SM BOX,39,1255,40740.9226
F,F,COLLECT COD,4,Manufacturer#2,5-LOW,2,FURNITURE,AIR,6,0.03,13,Brand#21,18,WRAP PACK,32,1255,60478.0925
F,F,TAKE BACK RETURN,4,Manufacturer#4,5-LOW,2,FURNITURE,RAIL,4,0.07,10,Brand#44,18,LG CAN,23,1255,61640.9024
F,F,DELIVER IN PERSON,4,Manufacturer#2,5-LOW,2,AUTOMOBILE,MAIL,4,0.04,20,Brand#23,21,LG PACK,13,1252,60862.329
F,F,TAKE BACK RETURN,4,Manufacturer#2,5-LOW,0,FURNITURE,REG AIR,1,0.03,20,Brand#25,0,LG PACK,16,519,34643.7
F,F,NONE,3,Manufacturer#5,5-LOW,0,FURNITURE,MAIL,2,0.07,7,Brand#52,0,WRAP PKG,11,519,59478.5664
F,F,TAKE BACK RETURN,4,Manufacturer#1,2-HIGH,0,HOUSEHOLD,REG AIR,2,0.08,20,Brand#11,5,LG BOX,38,1256,17699.913
F,F,NONE,2,Manufacturer#5,2-HIGH,4,MACHINERY,FOB,1,0.03,18,Brand#52,20,LG JAR,12,1257,50731.873
F,F,TAKE BACK RETURN,4,Manufacturer#5,2-HIGH,4,MACHINERY,RAIL,3,0.02,20,Brand#55,13,WRAP PACK,26,1258,63473.148
F,F,NONE,3,Manufacturer#3,2-HIGH,4,MACHINERY,FOB,2,0.01,7,Brand#35,13,LG BOX,42,1258,10683.036
F,F,NONE,3,Manufacturer#2,2-HIGH,4,MACHINERY,FOB,6,0,7,Brand#21,13,MED JAR,3,1258,30096.57
F,F,COLLECT COD,2,Manufacturer#2,2-HIGH,4,MACHINERY,SHIP,5,0.02,12,Brand#22,13,JUMBO JAR,19,1258,19152.4788
F,F,TAKE BACK RETURN,1,Manufacturer#5,3-MEDIUM,3,FURNITURE,RAIL,1,0.06,24,Brand#51,19,JUMBO BOX,47,1259,15718.032
F,F,NONE,1,Manufacturer#4,3-MEDIUM,3,FURNITURE,AIR,5,0.06,1,Brand#45,19,WRAP JAR,17,1259,25633.2608
F,F,NONE,3,Manufacturer#2,3-MEDIUM,3,FURNITURE,REG AIR,2,0.01,7,Brand#25,19,JUMBO PKG,3,1259,21240.3622
F,F,NONE,0,Manufacturer#5,3-MEDIUM,3,FURNITURE,TRUCK,3,0.01,5,Brand#53,19,MED DRUM,32,1259,1353.8352
F,F,COLLECT COD,3,Manufacturer#2,2-HIGH,4,MACHINERY,TRUCK,2,0.01,7,Brand#23,20,WRAP CASE,22,1257,1896.939
F,F,TAKE BACK RETURN,0,Manufacturer#3,2-HIGH,4,MACHINERY,FOB,3,0,5,Brand#32,20,LG CAN,33,1257,38890.2816
F,F,TAKE BACK RETURN,1,Manufacturer#2,4-NOT SPECIFIED,3,BUILDING,RAIL,2,0.01,24,Brand#21,19,LG CAN,11,1260,11020.3155
F,F,COLLECT COD,0,Manufacturer#5,3-MEDIUM,4,FURNITURE,TRUCK,4,0.03,16,Brand#55,11,MED PKG,20,108,29467.46
F,F,DELIVER IN PERSON,2,Manufacturer#5,3-MEDIUM,4,FURNITURE,RAIL,1,0.03,9,Brand#52,11,WRAP CAN,19,108,15388.32
F,F,TAKE BACK RETURN,4,Manufacturer#4,3-MEDIUM,4,FURNITURE,FOB,3,0.04,11,Brand#42,11,SM BAG,16,108,59436.171
F,F,COLLECT COD,1,Manufacturer#4,5-LOW,2,AUTOMOBILE,FOB,2,0.06,2,Brand#42,8,JUMBO PACK,18,756,20255.4114
F,F,TAKE BACK RETURN,1,Manufacturer#2,5-LOW,2,AUTOMOBILE,FOB,1,0.06,3,Brand#22,8,LG PKG,6,756,40253.1129
F,F,NONE,2,Manufacturer#2,1-URGENT,3,HOUSEHOLD,AIR,3,0.02,21,Brand#22,22,LG PACK,33,1261,10120.9
F,F,TAKE BACK RETURN,4,Manufacturer#5,1-URGENT,3,HOUSEHOLD,REG AIR,2,0.07,13,Brand#52,22,MED CASE,19,1261,60568.655
F,F,DELIVER IN PERSON,0,Manufacturer#1,1-URGENT,3,HOUSEHOLD,FOB,4,0.06,0,Brand#15,22,JUMBO BAG,29,1261,35092.466
F,F,NONE,4,Manufacturer#4,4-NOT SPECIFIED,3,BUILDING,AIR,1,0.07,4,Brand#43,19,SM CASE,24,1260,47511.861
F,F,TAKE BACK RETURN,4,Manufacturer#5,5-LOW,1,FURNITURE,SHIP,3,0.02,11,Brand#52,24,LG PACK,1,1262,55523.604
F,F,DELIVER IN PERSON,1,Manufacturer#3,5-LOW,1,FURNITURE,MAIL,5,0.06,3,Brand#34,24,SM BOX,27,1262,8807.3265
F,F,TAKE BACK RETURN,3,Manufacturer#3,5-LOW,1,FURNITURE,RAIL,7,0.01,23,Brand#32,24,LG BOX,8,1262,52671.3312
F,F,DELIVER IN PERSON,1,Manufacturer#1,3-MEDIUM,4,HOUSEHOLD,REG AIR,1,0.03,24,Brand#12,10,JUMBO BOX,47,1263,12714.534
F,F,COLLECT COD,3,Manufacturer#3,5-LOW,0,FURNITURE,FOB,5,0.03,6,Brand#32,16,JUMBO BOX,24,1264,46383.2757
F,F,NONE,2,Manufacturer#3,4-NOT SPECIFIED,1,MACHINERY,FOB,2,0.07,21,Brand#33,3,JUMBO BAG,23,1081,20971.1838
F,F,TAKE BACK RETURN,2,Manufacturer#2,1-URGENT,2,AUTOMOBILE,MAIL,1,0.02,8,Brand#25,21,MED CASE,4,1265,42353.0712
F,F,TAKE BACK RETURN,0,Manufacturer#1,5-LOW,1,FURNITURE,REG AIR,2,0.06,14,Brand#12,17,SM CAN,36,1266,30646.374
F,F,TAKE BACK RETURN,4,Manufacturer#2,5-LOW,1,FURNITURE,TRUCK,1,0,13,Brand#21,17,SM PKG,46,1266,2883.0336
F,F,DELIVER IN PERSON,0,Manufacturer#3,1-URGENT,3,MACHINERY,TRUCK,4,0.03,0,Brand#32,22,JUMBO BOX,2,1267,33515.325
F,F,TAKE BACK RETURN,3,Manufacturer#2,1-URGENT,3,MACHINERY,RAIL,3,0.06,6,Brand#25,22,MED CAN,37,1267,65558.6112
F,F,NONE,4,Manufacturer#1,1-URGENT,3,MACHINERY,REG AIR,5,0.04,10,Brand#12,22,SM BAG,14,1267,39508.7882
F,F,NONE,0,Manufacturer#1,1-URGENT,3,MACHINERY,FOB,2,0.06,15,Brand#11,22,LG BAG,14,1267,13798.0062
F,F,TAKE BACK RETURN,0,Manufacturer#2,5-LOW,0,FURNITURE,RAIL,3,0.04,0,Brand#25,16,WRAP CAN,24,1264,46371.0366
F,F,NONE,3,Manufacturer#1,3-MEDIUM,1,HOUSEHOLD,SHIP,5,0,23,Brand#13,3,SM DRUM,10,1268,2473.6734
F,F,DELIVER IN PERSON,2,Manufacturer#2,3-MEDIUM,1,HOUSEHOLD,REG AIR,4,0.06,18,Brand#21,3,JUMBO PACK,22,1268,1071.79
F,F,COLLECT COD,3,Manufacturer#4,3-MEDIUM,1,HOUSEHOLD,TRUCK,2,0.06,22,Brand#44,3,LG DRUM,25,1268,1748.064
F,F,NONE,4,Manufacturer#2,4-NOT SPECIFIED,4,HOUSEHOLD,RAIL,4,0.07,10,Brand#22,13,LG BOX,25,413,54637.2768
F,F,COLLECT COD,0,Manufacturer#4,4-NOT SPECIFIED,4,BUILDING,AIR,2,0.05,0,Brand#45,20,MED JAR,36,1269,45287.5104
F,F,TAKE BACK RETURN,3,Manufacturer#4,4-NOT SPECIFIED,4,BUILDING,AIR,1,0.08,22,Brand#43,20,WRAP JAR,15,1269,33157.6434
F,F,TAKE BACK RETURN,1,Manufacturer#2,3-MEDIUM,2,AUTOMOBILE,AIR,4,0.01,2,Brand#23,12,JUMBO CASE,25,1270,10196.3316
F,F,DELIVER IN PERSON,2,Manufacturer#5,2-HIGH,1,HOUSEHOLD,SHIP,5,0.08,12,Brand#54,17,MED BOX,38,1271,55423.5264
F,F,DELIVER IN PERSON,3,Manufacturer#5,2-HIGH,1,HOUSEHOLD,AIR,4,0.03,22,Brand#52,17,LG CAN,32,1271,6438.9108
F,F,DELIVER IN PERSON,0,Manufacturer#1,2-HIGH,1,HOUSEHOLD,FOB,7,0.06,14,Brand#11,17,WRAP PACK,32,1271,32248.458
F,F,TAKE BACK RETURN,1,Manufacturer#5,1-URGENT,0,AUTOMOBILE,RAIL,2,0.06,3,Brand#55,14,WRAP BOX,42,1272,44740.9116
F,F,DELIVER IN PERSON,3,Manufacturer#5,1-URGENT,0,AUTOMOBILE,TRUCK,3,0.03,23,Brand#53,14,SM JAR,46,1272,43574.0123
F,F,NONE,3,Manufacturer#5,5-LOW,3,MACHINERY,AIR,2,0.01,7,Brand#54,7,LG BAG,16,1273,69250.869
F,F,DELIVER IN PERSON,4,Manufacturer#2,4-NOT SPECIFIED,4,HOUSEHOLD,TRUCK,1,0.06,4,Brand#24,13,MED JAR,9,413,56946.42
F,F,COLLECT COD,2,Manufacturer#4,4-NOT SPECIFIED,4,HOUSEHOLD,TRUCK,2,0.08,9,Brand#45,13,MED PKG,34,413,40840.086
F,F,TAKE BACK RETURN,2,Manufacturer#5,4-NOT SPECIFIED,4,HOUSEHOLD,TRUCK,5,0.01,9,Brand#52,13,SM DRUM,45,413,22943.25
F,F,DELIVER IN PERSON,2,Manufacturer#3,3-MEDIUM,4,BUILDING,REG AIR,3,0.06,18,Brand#35,4,LG DRUM,9,445,17380.554
F,F,NONE,3,Manufacturer#2,5-LOW,1,BUILDING,TRUCK,2,0.05,19,Brand#24,3,LG PKG,42,1274,15647.709
F,F,TAKE BACK RETURN,1,Manufacturer#4,5-LOW,1,BUILDING,FOB,4,0.06,1,Brand#43,3,JUMBO CASE,39,1274,29389.7681
F,F,COLLECT COD,2,Manufacturer#4,5-LOW,1,BUILDING,MAIL,1,0.01,8,Brand#45,3,JUMBO JAR,7,1274,60317.628
F,F,DELIVER IN PERSON,2,Manufacturer#2,5-LOW,1,BUILDING,SHIP,3,0,21,Brand#21,3,MED CAN,27,1274,20571.4773
F,F,COLLECT COD,0,Manufacturer#2,1-URGENT,2,HOUSEHOLD,TRUCK,3,0.01,16,Brand#21,9,SM PACK,49,1275,17514.9
F,F,COLLECT COD,1,Manufacturer#2,1-URGENT,2,HOUSEHOLD,REG AIR,2,0,1,Brand#21,9,JUMBO CASE,4,1275,68572.5
F,F,NONE,2,Manufacturer#4,2-HIGH,3,AUTOMOBILE,RAIL,4,0.08,8,Brand#41,6,WRAP BOX,18,1276,32481.773
F,F,TAKE BACK RETURN,4,Manufacturer#1,3-MEDIUM,4,BUILDING,REG AIR,2,0.06,10,Brand#11,13,LG JAR,23,1277,41466.835
F,F,NONE,2,Manufacturer#4,3-MEDIUM,4,BUILDING,FOB,4,0.01,18,Brand#42,13,WRAP DRUM,7,1277,44963.88
F,F,NONE,3,Manufacturer#1,1-URGENT,0,HOUSEHOLD,REG AIR,1,0.08,22,Brand#15,15,LG BAG,40,1278,53506.8688
F,F,TAKE BACK RETURN,2,Manufacturer#4,2-HIGH,4,MACHINERY,MAIL,2,0.08,12,Brand#42,4,WRAP DRUM,48,386,66800.1807
F,F,TAKE BACK RETURN,1,Manufacturer#4,5-LOW,0,FURNITURE,SHIP,3,0.06,3,Brand#43,0,JUMBO DRUM,49,1279,86879.5872
F,F,TAKE BACK RETURN,3,Manufacturer#2,5-LOW,0,FURNITURE,MAIL,1,0.07,22,Brand#25,0,LG DRUM,34,1279,10516.506
F,F,DELIVER IN PERSON,2,Manufacturer#1,5-LOW,0,FURNITURE,MAIL,2,0.03,9,Brand#13,0,SM PKG,3,1279,65809.6444
F,F,NONE,3,Manufacturer#3,5-LOW,0,FURNITURE,RAIL,5,0.05,7,Brand#33,0,JUMBO CAN,21,1279,16883.538
F,F,COLLECT COD,1,Manufacturer#1,2-HIGH,3,AUTOMOBILE,AIR,1,0.03,1,Brand#12,6,LG PKG,32,1276,50702.5212
F,F,COLLECT COD,1,Manufacturer#4,1-URGENT,4,FURNITURE,TRUCK,2,0.04,1,Brand#45,10,MED CAN,18,1280,70121.92
F,F,TAKE BACK RETURN,3,Manufacturer#5,5-LOW,1,MACHINERY,AIR,3,0.01,7,Brand#54,3,WRAP BAG,7,9,45696.6
F,F,COLLECT COD,3,Manufacturer#2,5-LOW,1,MACHINERY,SHIP,6,0.05,7,Brand#25,3,SM PACK,21,9,1573.056
F,F,NONE,2,Manufacturer#5,5-LOW,1,MACHINERY,TRUCK,2,0,18,Brand#55,3,LG CAN,23,9,49495.8555
F,F,DELIVER IN PERSON,1,Manufacturer#2,5-LOW,1,MACHINERY,AIR,1,0.05,17,Brand#21,3,SM CAN,10,9,27178.527
F,F,COLLECT COD,0,Manufacturer#5,5-LOW,1,MACHINERY,FOB,7,0.05,14,Brand#53,3,LG CASE,2,9,3718.3806
F,F,COLLECT COD,0,Manufacturer#4,2-HIGH,4,AUTOMOBILE,FOB,3,0.08,14,Brand#41,10,WRAP PACK,40,1281,9545.8671
F,F,COLLECT COD,4,Manufacturer#5,3-MEDIUM,0,MACHINERY,SHIP,7,0.08,4,Brand#51,5,MED JAR,37,1282,32164.587
F,F,NONE,4,Manufacturer#4,3-MEDIUM,0,MACHINERY,TRUCK,1,0,20,Brand#44,5,JUMBO DRUM,11,1282,57151.3215
F,F,DELIVER IN PERSON,3,Manufacturer#3,3-MEDIUM,0,MACHINERY,RAIL,2,0.08,22,Brand#33,5,LG CAN,20,1282,30021.84
F,F,TAKE BACK RETURN,4,Manufacturer#2,3-MEDIUM,2,HOUSEHOLD,SHIP,3,0,13,Brand#22,12,MED CAN,4,1283,61800.3282
F,F,COLLECT COD,0,Manufacturer#2,1-URGENT,2,HOUSEHOLD,SHIP,7,0.07,15,Brand#23,18,LG JAR,36,1284,54339.072
F,F,COLLECT COD,2,Manufacturer#3,1-URGENT,2,HOUSEHOLD,FOB,3,0.03,21,Brand#32,18,LG BAG,31,1284,10266.5388
F,F,TAKE BACK RETURN,1,Manufacturer#4,1-URGENT,2,HOUSEHOLD,FOB,2,0.08,2,Brand#42,18,WRAP BOX,30,1284,1446.7545
F,F,DELIVER IN PERSON,2,Manufacturer#5,1-URGENT,2,HOUSEHOLD,SHIP,5,0,18,Brand#53,18,LG BOX,9,1284,25592.582
F,F,NONE,1,Manufacturer#5,1-URGENT,2,HOUSEHOLD,AIR,1,0.05,2,Brand#53,18,WRAP PACK,9,1284,27146.1075
F,F,DELIVER IN PERSON,0,Manufacturer#1,4-NOT SPECIFIED,1,FURNITURE,TRUCK,2,0.05,14,Brand#11,2,MED CAN,14,726,6113.06
F,F,NONE,1,Manufacturer#2,4-NOT SPECIFIED,1,FURNITURE,REG AIR,3,0.07,2,Brand#25,2,JUMBO JAR,45,726,11174.8032
F,F,TAKE BACK RETURN,4,Manufacturer#1,2-HIGH,4,BUILDING,REG AIR,2,0.06,4,Brand#12,11,LG PKG,14,1285,57120.12
F,F,NONE,3,Manufacturer#2,2-HIGH,4,BUILDING,MAIL,7,0.05,19,Brand#22,11,LG PKG,4,1285,18120.24
F,F,DELIVER IN PERSON,2,Manufacturer#2,2-HIGH,4,BUILDING,AIR,6,0.07,18,Brand#24,11,SM CASE,27,1285,19558.098
F,F,COLLECT COD,2,Manufacturer#5,1-URGENT,3,HOUSEHOLD,SHIP,3,0.07,21,Brand#55,19,SM CAN,1,1286,44158.9064
F,F,DELIVER IN PERSON,4,Manufacturer#2,1-URGENT,3,HOUSEHOLD,FOB,1,0.02,11,Brand#24,19,LG PKG,37,1286,29688.545
F,F,TAKE BACK RETURN,3,Manufacturer#1,1-URGENT,3,HOUSEHOLD,RAIL,2,0.01,19,Brand#14,19,SM PACK,15,1286,53517.15
F,F,TAKE BACK RETURN,1,Manufacturer#2,1-URGENT,3,HOUSEHOLD,TRUCK,5,0.08,1,Brand#21,19,LG CAN,45,1286,72522.432
F,F,NONE,2,Manufacturer#4,1-URGENT,3,MACHINERY,AIR,2,0.04,18,Brand#44,6,SM PKG,15,1287,47219.4576
F,F,DELIVER IN PERSON,4,Manufacturer#1,1-URGENT,3,MACHINERY,AIR,1,0.03,11,Brand#13,6,LG BOX,23,1287,25619.1606
F,F,TAKE BACK RETURN,1,Manufacturer#5,1-URGENT,3,AUTOMOBILE,AIR,4,0.07,24,Brand#54,19,MED JAR,27,1288,45313.938
F,F,TAKE BACK RETURN,4,Manufacturer#5,1-URGENT,3,AUTOMOBILE,FOB,6,0.02,13,Brand#52,19,JUMBO PACK,2,1288,19702.0992
F,F,COLLECT COD,2,Manufacturer#4,5-LOW,0,BUILDING,FOB,4,0.03,9,Brand#45,5,WRAP CASE,11,1289,30206.9394
F,F,TAKE BACK RETURN,0,Manufacturer#5,1-URGENT,4,FURNITURE,SHIP,3,0.03,16,Brand#54,10,SM PACK,31,1280,28329.0462
F,F,TAKE BACK RETURN,4,Manufacturer#2,4-NOT SPECIFIED,3,MACHINERY,RAIL,1,0.05,4,Brand#21,19,LG BOX,30,1290,18600.138
F,F,COLLECT COD,2,Manufacturer#3,4-NOT SPECIFIED,3,BUILDING,REG AIR,2,0.08,12,Brand#32,22,LG PACK,13,1291,46308.96
F,F,COLLECT COD,2,Manufacturer#5,5-LOW,3,MACHINERY,MAIL,3,0.02,21,Brand#54,23,MED BAG,25,1292,23353.1452
F,F,COLLECT COD,4,Manufacturer#3,4-NOT SPECIFIED,2,HOUSEHOLD,RAIL,3,0.06,11,Brand#32,21,SM DRUM,32,1293,15419.799
F,F,NONE,2,Manufacturer#1,4-NOT SPECIFIED,2,HOUSEHOLD,REG AIR,2,0.08,12,Brand#14,21,MED BOX,41,1293,51105.4544
F,F,NONE,3,Manufacturer#2,4-NOT SPECIFIED,2,HOUSEHOLD,SHIP,1,0.02,22,Brand#22,21,SM BOX,30,1293,60819.2408
F,F,NONE,3,Manufacturer#2,4-NOT SPECIFIED,3,MACHINERY,MAIL,2,0,23,Brand#23,19,WRAP DRUM,33,1290,2892.7437
F,F,NONE,2,Manufacturer#5,1-URGENT,2,HOUSEHOLD,MAIL,1,0.08,21,Brand#54,9,WRAP CAN,36,1294,49286.8038
F,F,TAKE BACK RETURN,3,Manufacturer#1,5-LOW,0,HOUSEHOLD,RAIL,2,0.07,23,Brand#12,14,SM PACK,27,1295,48209.0616
F,F,TAKE BACK RETURN,0,Manufacturer#5,5-LOW,0,HOUSEHOLD,MAIL,3,0.01,14,Brand#52,14,MED CAN,2,1295,18539.7576
F,F,COLLECT COD,3,Manufacturer#1,5-LOW,0,HOUSEHOLD,RAIL,4,0.03,23,Brand#12,14,SM BOX,24,1295,29073.3003
F,F,NONE,1,Manufacturer#4,5-LOW,0,HOUSEHOLD,SHIP,6,0.03,24,Brand#44,14,WRAP PKG,42,1295,31335.12
F,F,NONE,4,Manufacturer#1,5-LOW,0,HOUSEHOLD,AIR,1,0.01,20,Brand#15,14,LG CASE,2,1295,61766
F,F,TAKE BACK RETURN,1,Manufacturer#2,1-URGENT,0,HOUSEHOLD,TRUCK,3,0.01,24,Brand#24,5,LG JAR,37,1296,36559.1556
F,F,DELIVER IN PERSON,0,Manufacturer#1,5-LOW,1,HOUSEHOLD,SHIP,4,0,14,Brand#12,3,JUMBO BOX,36,1297,10584.684
F,F,TAKE BACK RETURN,2,Manufacturer#3,5-LOW,1,HOUSEHOLD,AIR,2,0.07,8,Brand#34,3,SM DRUM,49,1297,56026.5294
F,F,COLLECT COD,3,Manufacturer#3,5-LOW,1,HOUSEHOLD,MAIL,3,0.04,23,Brand#33,3,MED BAG,7,1297,7652.0535
F,F,TAKE BACK RETURN,2,Manufacturer#2,1-URGENT,0,HOUSEHOLD,AIR,1,0.07,9,Brand#24,5,JUMBO CASE,38,1296,77783.34
F,F,DELIVER IN PERSON,1,Manufacturer#5,3-MEDIUM,0,AUTOMOBILE,TRUCK,2,0.08,1,Brand#54,15,WRAP CAN,9,1298,69106.268
F,F,COLLECT COD,3,Manufacturer#4,3-MEDIUM,0,AUTOMOBILE,RAIL,1,0.05,22,Brand#43,15,SM PKG,36,1298,57859.1325
F,F,TAKE BACK RETURN,1,Manufacturer#4,5-LOW,1,MACHINERY,FOB,2,0.04,3,Brand#44,2,WRAP BAG,6,1299,57572.9055
F,F,DELIVER IN PERSON,3,Manufacturer#4,2-HIGH,2,FURNITURE,MAIL,2,0,7,Brand#45,21,SM BOX,45,1300,14310.747
F,F,TAKE BACK RETURN,3,Manufacturer#3,5-LOW,3,BUILDING,REG AIR,2,0.06,22,Brand#31,23,WRAP PKG,44,1301,4482.0048
F,F,DELIVER IN PERSON,3,Manufacturer#4,5-LOW,3,BUILDING,AIR,3,0.05,6,Brand#43,23,SM PACK,26,1301,45234.3204
F,F,TAKE BACK RETURN,3,Manufacturer#4,2-HIGH,4,FURNITURE,SHIP,2,0,22,Brand#41,13,MED DRUM,15,1302,53540.6244
F,F,NONE,2,Manufacturer#4,5-LOW,1,MACHINERY,RAIL,5,0.06,12,Brand#45,2,JUMBO BAG,29,1299,42226.056
F,F,NONE,3,Manufacturer#5,5-LOW,2,HOUSEHOLD,TRUCK,4,0.06,23,Brand#53,8,SM BAG,27,1303,35783.9944
F,F,NONE,3,Manufacturer#2,5-LOW,2,HOUSEHOLD,AIR,1,0.07,6,Brand#25,8,LG PKG,41,1303,19707.2208
F,F,COLLECT COD,3,Manufacturer#4,5-LOW,2,HOUSEHOLD,RAIL,3,0.06,22,Brand#43,8,SM DRUM,41,1303,22710.051
F,F,COLLECT COD,2,Manufacturer#4,5-LOW,2,HOUSEHOLD,RAIL,5,0,21,Brand#43,8,WRAP BAG,13,1303,47612.1186
F,F,TAKE BACK RETURN,3,Manufacturer#2,1-URGENT,0,AUTOMOBILE,MAIL,4,0.01,22,Brand#24,5,JUMBO PACK,21,1304,10955.712
F,F,NONE,1,Manufacturer#3,3-MEDIUM,0,BUILDING,REG AIR,1,0.07,17,Brand#33,14,MED CASE,8,1305,71878.752
F,F,COLLECT COD,1,Manufacturer#2,1-URGENT,0,AUTOMOBILE,AIR,5,0.06,17,Brand#23,5,SM BAG,7,1304,34171.0458
F,F,NONE,1,Manufacturer#3,1-URGENT,0,AUTOMOBILE,MAIL,2,0.06,1,Brand#35,5,LG PACK,44,1304,50753.9528
F,F,DELIVER IN PERSON,1,Manufacturer#2,1-URGENT,0,MACHINERY,TRUCK,5,0.02,2,Brand#22,16,LG PACK,14,1306,1424.2272
F,F,TAKE BACK RETURN,4,Manufacturer#5,3-MEDIUM,0,AUTOMOBILE,RAIL,2,0,10,Brand#55,5,SM CASE,2,1307,9687.096
F,F,TAKE BACK RETURN,4,Manufacturer#1,3-MEDIUM,0,AUTOMOBILE,FOB,4,0.01,10,Brand#12,5,WRAP PKG,38,1307,39007.683
F,F,COLLECT COD,4,Manufacturer#3,3-MEDIUM,0,AUTOMOBILE,RAIL,1,0.03,11,Brand#31,5,MED BOX,10,1307,49950.12
F,F,DELIVER IN PERSON,3,Manufacturer#5,3-MEDIUM,0,FURNITURE,AIR,3,0,7,Brand#51,15,WRAP CASE,29,285,40965.6555
F,F,TAKE BACK RETURN,0,Manufacturer#5,3-MEDIUM,0,FURNITURE,SHIP,2,0.08,0,Brand#51,15,MED PKG,44,285,20842.7856
F,F,TAKE BACK RETURN,4,Manufacturer#3,3-MEDIUM,0,FURNITURE,MAIL,1,0.03,4,Brand#34,15,MED DRUM,47,285,47816.8678
F,F,COLLECT COD,1,Manufacturer#3,4-NOT SPECIFIED,0,FURNITURE,REG AIR,3,0.07,24,Brand#34,15,SM PACK,25,265,15230.6112
F,F,NONE,2,Manufacturer#5,4-NOT SPECIFIED,0,FURNITURE,FOB,1,0.05,8,Brand#54,15,WRAP CAN,42,265,24390.189
F,F,NONE,2,Manufacturer#4,1-URGENT,0,MACHINERY,REG AIR,2,0.08,18,Brand#42,14,MED PKG,35,1308,3837.354
F,F,NONE,1,Manufacturer#1,1-URGENT,0,MACHINERY,MAIL,1,0.04,24,Brand#13,14,WRAP CAN,27,1308,32862.816
F,F,DELIVER IN PERSON,0,Manufacturer#2,1-URGENT,0,MACHINERY,TRUCK,3,0.01,14,Brand#23,14,WRAP PACK,13,1308,27571.4016
F,F,NONE,2,Manufacturer#5,1-URGENT,4,BUILDING,FOB,1,0,18,Brand#52,13,MED BOX,47,584,70292.26
F,F,TAKE BACK RETURN,1,Manufacturer#2,2-HIGH,3,FURNITURE,MAIL,6,0.06,3,Brand#23,19,LG PACK,27,1309,21138.1296
F,F,COLLECT COD,2,Manufacturer#2,2-HIGH,3,FURNITURE,TRUCK,4,0.05,18,Brand#22,19,MED JAR,17,1309,67116.564
F,F,COLLECT COD,2,Manufacturer#5,2-HIGH,3,FURNITURE,REG AIR,5,0.02,18,Brand#54,19,SM PKG,25,1309,911.7844
F,F,TAKE BACK RETURN,4,Manufacturer#1,1-URGENT,0,MACHINERY,AIR,1,0.05,10,Brand#15,16,SM JAR,43,1306,36024.5844
F,F,TAKE BACK RETURN,2,Manufacturer#3,1-URGENT,4,BUILDING,MAIL,1,0,12,Brand#35,11,LG BOX,1,1310,36887.8293
F,F,COLLECT COD,0,Manufacturer#1,3-MEDIUM,1,FURNITURE,RAIL,5,0.02,15,Brand#14,24,SM CAN,5,1311,39386.5725
F,F,DELIVER IN PERSON,3,Manufacturer#3,3-MEDIUM,1,FURNITURE,AIR,7,0.01,7,Brand#35,24,MED BOX,16,1311,61745.9514
F,F,DELIVER IN PERSON,0,Manufacturer#4,3-MEDIUM,1,FURNITURE,REG AIR,4,0.05,15,Brand#45,24,MED DRUM,3,1311,67391.72
F,F,DELIVER IN PERSON,3,Manufacturer#2,5-LOW,3,BUILDING,REG AIR,2,0.04,23,Brand#24,19,SM CASE,45,1312,44153.2728
F,F,TAKE BACK RETURN,4,Manufacturer#4,5-LOW,3,BUILDING,RAIL,6,0.07,20,Brand#42,19,JUMBO PACK,7,1312,40132.992
F,F,NONE,3,Manufacturer#3,4-NOT SPECIFIED,3,MACHINERY,RAIL,2,0.01,7,Brand#34,7,WRAP BAG,28,1313,7685.568
F,F,DELIVER IN PERSON,3,Manufacturer#3,4-NOT SPECIFIED,3,MACHINERY,MAIL,1,0.06,23,Brand#35,7,MED DRUM,21,1313,29260.836
F,F,NONE,2,Manufacturer#2,4-NOT SPECIFIED,3,MACHINERY,FOB,3,0.08,9,Brand#21,7,JUMBO PKG,33,1313,92196.5
F,F,COLLECT COD,1,Manufacturer#1,2-HIGH,3,FURNITURE,AIR,7,0.05,2,Brand#11,19,MED CAN,26,1309,33551.28
F,F,NONE,1,Manufacturer#3,1-URGENT,3,AUTOMOBILE,SHIP,2,0.03,3,Brand#33,6,JUMBO CAN,14,225,70536.472
F,F,NONE,2,Manufacturer#1,3-MEDIUM,3,MACHINERY,MAIL,4,0.01,12,Brand#12,6,SM CASE,26,668,20430.187
F,F,DELIVER IN PERSON,1,Manufacturer#2,3-MEDIUM,3,MACHINERY,REG AIR,2,0,2,Brand#23,6,WRAP BAG,19,668,64300.47
F,F,TAKE BACK RETURN,4,Manufacturer#5,3-MEDIUM,0,AUTOMOBILE,AIR,2,0.03,20,Brand#51,14,JUMBO BAG,20,1314,28566.9309
F,F,NONE,0,Manufacturer#3,3-MEDIUM,0,AUTOMOBILE,REG AIR,5,0.01,16,Brand#35,14,LG JAR,38,1314,2776.6284
F,F,COLLECT COD,1,Manufacturer#1,3-MEDIUM,3,BUILDING,FOB,1,0,17,Brand#13,19,SM BAG,29,1315,46949.562
F,F,NONE,1,Manufacturer#2,3-MEDIUM,3,BUILDING,REG AIR,3,0.02,17,Brand#23,19,LG DRUM,16,1315,10595.13
F,F,TAKE BACK RETURN,2,Manufacturer#5,5-LOW,0,BUILDING,RAIL,1,0.06,8,Brand#54,0,SM BOX,3,1316,34566.168
F,F,NONE,4,Manufacturer#2,1-URGENT,1,HOUSEHOLD,REG AIR,1,0.05,13,Brand#25,24,WRAP CASE,13,1317,7505.568
F,F,COLLECT COD,0,Manufacturer#5,1-URGENT,1,HOUSEHOLD,SHIP,2,0.08,5,Brand#51,24,SM JAR,13,1317,37928.94
F,F,DELIVER IN PERSON,4,Manufacturer#4,1-URGENT,1,HOUSEHOLD,MAIL,3,0.06,10,Brand#43,24,WRAP DRUM,18,1317,35187.635
F,F,COLLECT COD,1,Manufacturer#2,1-URGENT,4,BUILDING,FOB,2,0.05,24,Brand#24,13,WRAP CASE,8,1318,31384.2
F,F,DELIVER IN PERSON,3,Manufacturer#1,1-URGENT,4,BUILDING,FOB,1,0.04,19,Brand#15,13,SM CAN,24,1318,21406.8096
F,F,NONE,3,Manufacturer#1,2-HIGH,0,MACHINERY,SHIP,2,0.03,7,Brand#13,0,SM BOX,20,1319,25079.6637
F,F,TAKE BACK RETURN,4,Manufacturer#4,2-HIGH,0,MACHINERY,REG AIR,1,0.01,20,Brand#42,0,JUMBO PKG,27,1319,35655.7838
F,F,TAKE BACK RETURN,0,Manufacturer#1,1-URGENT,3,MACHINERY,RAIL,1,0.06,15,Brand#14,19,MED BOX,35,1171,10116.9189
F,F,DELIVER IN PERSON,2,Manufacturer#1,1-URGENT,3,MACHINERY,AIR,4,0.08,18,Brand#13,19,MED BAG,48,1171,19977.7704
F,F,COLLECT COD,1,Manufacturer#1,2-HIGH,2,AUTOMOBILE,FOB,5,0.01,17,Brand#13,12,MED JAR,49,1320,32820.228
F,F,DELIVER IN PERSON,0,Manufacturer#5,2-HIGH,2,AUTOMOBILE,SHIP,6,0.01,16,Brand#53,12,JUMBO CASE,16,1320,27965.834
F,F,DELIVER IN PERSON,3,Manufacturer#5,5-LOW,3,FURNITURE,TRUCK,5,0.03,19,Brand#55,22,MED CAN,23,1321,15300.36
F,F,TAKE BACK RETURN,0,Manufacturer#1,5-LOW,3,FURNITURE,TRUCK,4,0.06,16,Brand#14,22,MED DRUM,3,1321,12158.727
F,F,COLLECT COD,2,Manufacturer#4,5-LOW,3,FURNITURE,AIR,1,0.04,21,Brand#45,22,LG CAN,19,1321,45410.5258
F,F,COLLECT COD,2,Manufacturer#2,5-LOW,3,FURNITURE,REG AIR,3,0.05,18,Brand#25,22,WRAP BAG,1,1321,38004.351
F,F,COLLECT COD,3,Manufacturer#3,5-LOW,3,FURNITURE,REG AIR,6,0.03,22,Brand#32,22,WRAP BOX,5,1321,25916.8273
F,F,NONE,0,Manufacturer#5,4-NOT SPECIFIED,3,BUILDING,AIR,4,0.06,16,Brand#51,6,MED BOX,34,1322,66638.434
F,F,DELIVER IN PERSON,4,Manufacturer#2,4-NOT SPECIFIED,3,BUILDING,FOB,2,0.05,4,Brand#24,6,LG PKG,27,1322,63797.6566
F,F,DELIVER IN PERSON,1,Manufacturer#4,4-NOT SPECIFIED,2,FURNITURE,SHIP,2,0.06,2,Brand#42,8,MED CASE,31,1323,35955.0555
F,F,TAKE BACK RETURN,2,Manufacturer#5,4-NOT SPECIFIED,2,FURNITURE,TRUCK,1,0.07,21,Brand#51,8,WRAP BOX,31,1323,35190.2516
F,F,NONE,2,Manufacturer#2,4-NOT SPECIFIED,2,FURNITURE,MAIL,4,0.07,21,Brand#25,8,MED DRUM,3,1323,15143.4576
F,F,TAKE BACK RETURN,4,Manufacturer#1,3-MEDIUM,1,FURNITURE,RAIL,4,0,11,Brand#13,24,JUMBO CAN,19,313,40185.6
F,F,TAKE BACK RETURN,4,Manufacturer#3,1-URGENT,3,BUILDING,AIR,1,0.03,20,Brand#35,23,LG BAG,8,1324,57012.2784
F,F,DELIVER IN PERSON,2,Manufacturer#1,4-NOT SPECIFIED,2,BUILDING,AIR,5,0.01,18,Brand#12,12,SM JAR,50,1325,32779.5264
F,F,COLLECT COD,1,Manufacturer#2,4-NOT SPECIFIED,2,BUILDING,FOB,1,0.02,1,Brand#22,12,SM BOX,45,1325,26621.8537
F,F,TAKE BACK RETURN,4,Manufacturer#2,4-NOT SPECIFIED,2,BUILDING,TRUCK,6,0.03,11,Brand#23,12,MED PACK,41,1325,28014.623
F,F,DELIVER IN PERSON,2,Manufacturer#2,4-NOT SPECIFIED,2,BUILDING,AIR,4,0.01,18,Brand#22,12,SM BOX,39,1325,82629.2016
F,F,TAKE BACK RETURN,0,Manufacturer#2,4-NOT SPECIFIED,4,AUTOMOBILE,MAIL,4,0.08,0,Brand#21,10,WRAP PACK,32,1326,76393.38
F,F,NONE,1,Manufacturer#2,4-NOT SPECIFIED,4,AUTOMOBILE,MAIL,1,0.06,24,Brand#24,10,LG DRUM,14,1326,21793.9904
F,F,DELIVER IN PERSON,0,Manufacturer#4,4-NOT SPECIFIED,4,AUTOMOBILE,RAIL,6,0.04,14,Brand#41,10,WRAP JAR,44,1326,48802.482
F,F,DELIVER IN PERSON,0,Manufacturer#1,4-NOT SPECIFIED,4,AUTOMOBILE,REG AIR,2,0.06,16,Brand#14,10,LG PKG,30,1326,63911.925
F,F,DELIVER IN PERSON,0,Manufacturer#4,5-LOW,0,MACHINERY,AIR,2,0,0,Brand#41,5,WRAP BAG,28,1327,26137.3
F,F,NONE,3,Manufacturer#3,2-HIGH,2,AUTOMOBILE,RAIL,3,0.01,6,Brand#34,9,MED CAN,36,1328,34253.128
F,F,DELIVER IN PERSON,1,Manufacturer#3,2-HIGH,2,AUTOMOBILE,FOB,7,0.04,17,Brand#33,9,LG PACK,11,1328,43139.025
F,F,NONE,2,Manufacturer#2,2-HIGH,2,AUTOMOBILE,RAIL,5,0,21,Brand#25,9,LG PACK,36,1328,67031.7648
F,F,NONE,2,Manufacturer#3,3-MEDIUM,1,FURNITURE,REG AIR,3,0,18,Brand#32,24,SM JAR,23,313,76339.3176
F,F,DELIVER IN PERSON,1,Manufacturer#5,3-MEDIUM,1,FURNITURE,AIR,5,0.05,24,Brand#52,24,SM PACK,29,313,43072.8192
F,F,DELIVER IN PERSON,1,Manufacturer#4,1-URGENT,2,HOUSEHOLD,REG AIR,3,0.06,3,Brand#41,21,MED BAG,25,1329,10205.1288
F,F,NONE,0,Manufacturer#1,3-MEDIUM,0,MACHINERY,REG AIR,4,0.06,15,Brand#13,0,MED DRUM,28,1330,12661.1514
F,F,TAKE BACK RETURN,0,Manufacturer#1,3-MEDIUM,0,MACHINERY,FOB,5,0.03,16,Brand#12,0,WRAP DRUM,46,1330,45438.302
F,F,NONE,4,Manufacturer#4,3-MEDIUM,0,MACHINERY,AIR,2,0.05,11,Brand#42,0,MED CAN,17,1330,28769.5488
F,F,TAKE BACK RETURN,1,Manufacturer#1,3-MEDIUM,0,MACHINERY,MAIL,6,0.01,2,Brand#13,15,JUMBO BAG,38,1331,54594.036
F,F,COLLECT COD,4,Manufacturer#4,2-HIGH,4,HOUSEHOLD,AIR,3,0.01,20,Brand#41,20,SM JAR,15,1332,32302.5248
F,F,COLLECT COD,0,Manufacturer#5,2-HIGH,4,HOUSEHOLD,AIR,1,0.01,14,Brand#54,20,MED BOX,38,1332,44060.6295
F,F,NONE,4,Manufacturer#5,2-HIGH,4,HOUSEHOLD,REG AIR,2,0.08,11,Brand#53,20,WRAP CASE,32,1332,89811.8496
F,F,DELIVER IN PERSON,2,Manufacturer#5,3-MEDIUM,0,MACHINERY,REG AIR,5,0.02,9,Brand#53,15,LG CAN,14,1331,6165.1002
F,F,NONE,4,Manufacturer#5,3-MEDIUM,0,MACHINERY,REG AIR,1,0.01,10,Brand#53,15,LG CASE,26,1331,41836.48
F,F,TAKE BACK RETURN,4,Manufacturer#5,4-NOT SPECIFIED,0,MACHINERY,MAIL,4,0.07,13,Brand#51,15,JUMBO PKG,14,432,33415.7184
F,F,DELIVER IN PERSON,3,Manufacturer#4,4-NOT SPECIFIED,3,AUTOMOBILE,RAIL,1,0.07,6,Brand#41,22,JUMBO PACK,27,1333,43093.783
F,F,NONE,4,Manufacturer#3,1-URGENT,2,BUILDING,RAIL,6,0.01,20,Brand#33,18,LG DRUM,2,1334,51300.8832
F,F,COLLECT COD,2,Manufacturer#4,1-URGENT,2,BUILDING,RAIL,3,0.07,8,Brand#41,18,LG JAR,19,1334,28285.0148
F,F,NONE,1,Manufacturer#2,1-URGENT,2,BUILDING,REG AIR,1,0.07,1,Brand#21,18,WRAP BAG,19,1334,67063.6392
F,F,TAKE BACK RETURN,1,Manufacturer#4,3-MEDIUM,4,MACHINERY,TRUCK,2,0.08,2,Brand#44,20,LG DRUM,12,1335,5039.5104
F,F,NONE,3,Manufacturer#2,1-URGENT,2,BUILDING,AIR,2,0.05,22,Brand#21,8,WRAP BOX,40,1336,25600.1592
F,F,NONE,4,Manufacturer#5,4-NOT SPECIFIED,0,BUILDING,MAIL,5,0.08,10,Brand#55,0,LG BAG,26,1337,76559.274
F,F,COLLECT COD,0,Manufacturer#4,4-NOT SPECIFIED,0,BUILDING,RAIL,3,0.03,16,Brand#44,0,WRAP CAN,11,1337,10525.13
F,F,TAKE BACK RETURN,1,Manufacturer#5,2-HIGH,2,AUTOMOBILE,AIR,5,0.08,24,Brand#53,8,WRAP CASE,42,1338,63624.2706
F,F,COLLECT COD,2,Manufacturer#5,2-HIGH,2,AUTOMOBILE,MAIL,6,0.01,21,Brand#53,8,SM DRUM,12,1338,16352.55
F,F,NONE,3,Manufacturer#5,2-HIGH,2,AUTOMOBILE,TRUCK,4,0.08,6,Brand#51,8,SM CAN,29,1338,25379.4816
F,F,NONE,4,Manufacturer#1,2-HIGH,2,AUTOMOBILE,TRUCK,2,0.01,11,Brand#12,8,MED PACK,39,1338,48531.719
F,F,COLLECT COD,4,Manufacturer#4,1-URGENT,4,AUTOMOBILE,AIR,4,0.07,4,Brand#42,4,LG JAR,4,1339,62396.769
F,F,DELIVER IN PERSON,1,Manufacturer#4,1-URGENT,4,AUTOMOBILE,FOB,5,0.05,17,Brand#44,4,SM JAR,8,1339,67257.3168
F,F,TAKE BACK RETURN,0,Manufacturer#5,1-URGENT,4,AUTOMOBILE,REG AIR,2,0.05,0,Brand#54,4,LG PACK,11,1339,44656.38
F,F,COLLECT COD,0,Manufacturer#4,4-NOT SPECIFIED,1,AUTOMOBILE,RAIL,1,0.03,16,Brand#42,2,LG CASE,30,1340,1079.39
F,F,NONE,4,Manufacturer#4,4-NOT SPECIFIED,1,AUTOMOBILE,SHIP,3,0.01,4,Brand#43,2,SM BOX,44,1340,52006.534
F,F,DELIVER IN PERSON,4,Manufacturer#3,2-HIGH,1,BUILDING,MAIL,1,0.01,13,Brand#35,17,LG DRUM,29,1341,32096.27
F,F,TAKE BACK RETURN,2,Manufacturer#3,3-MEDIUM,4,MACHINERY,TRUCK,1,0.04,21,Brand#33,20,MED JAR,27,1335,54617.28
F,F,NONE,0,Manufacturer#1,1-URGENT,2,HOUSEHOLD,RAIL,1,0.08,5,Brand#15,8,MED JAR,39,1342,14732.6592
F,F,DELIVER IN PERSON,4,Manufacturer#2,1-URGENT,2,HOUSEHOLD,TRUCK,5,0.07,10,Brand#22,8,LG CAN,24,1342,13398.56
F,F,DELIVER IN PERSON,3,Manufacturer#4,1-URGENT,2,HOUSEHOLD,RAIL,3,0,6,Brand#42,8,WRAP PACK,2,1342,57375.5712
F,F,DELIVER IN PERSON,3,Manufacturer#3,1-URGENT,2,HOUSEHOLD,RAIL,2,0.05,7,Brand#32,8,LG CAN,16,1342,30053.51
F,F,NONE,3,Manufacturer#4,4-NOT SPECIFIED,1,FURNITURE,MAIL,3,0.06,22,Brand#41,17,WRAP BOX,1,1343,34060.5804
F,F,DELIVER IN PERSON,3,Manufacturer#1,4-NOT SPECIFIED,1,BUILDING,SHIP,2,0.08,22,Brand#13,24,JUMBO PACK,18,1344,45287.3472
F,F,TAKE BACK RETURN,0,Manufacturer#3,4-NOT SPECIFIED,1,BUILDING,RAIL,4,0.01,15,Brand#31,24,WRAP CAN,5,1344,29614.5171
F,F,DELIVER IN PERSON,2,Manufacturer#2,4-NOT SPECIFIED,1,FURNITURE,TRUCK,1,0.08,21,Brand#23,17,LG BAG,41,1343,39303.894
F,F,TAKE BACK RETURN,4,Manufacturer#2,1-URGENT,4,HOUSEHOLD,SHIP,4,0.07,20,Brand#22,20,WRAP JAR,33,1345,56345.6257
F,F,DELIVER IN PERSON,2,Manufacturer#3,5-LOW,4,MACHINERY,FOB,2,0.08,9,Brand#32,4,MED CAN,33,1346,53146.0125
F,F,COLLECT COD,2,Manufacturer#4,5-LOW,4,MACHINERY,MAIL,1,0.06,21,Brand#42,4,MED JAR,35,1346,45271.6596
F,F,COLLECT COD,1,Manufacturer#3,2-HIGH,2,HOUSEHOLD,SHIP,3,0,17,Brand#35,21,SM DRUM,7,1347,88242
F,F,DELIVER IN PERSON,0,Manufacturer#5,2-HIGH,2,HOUSEHOLD,FOB,4,0,0,Brand#52,21,MED PKG,33,1347,52531.4112
F,F,COLLECT COD,2,Manufacturer#5,2-HIGH,2,HOUSEHOLD,TRUCK,1,0.08,8,Brand#51,21,JUMBO BAG,38,1347,7472.0555
F,F,TAKE BACK RETURN,2,Manufacturer#2,4-NOT SPECIFIED,4,FURNITURE,AIR,1,0.04,18,Brand#24,13,JUMBO DRUM,43,1348,32190.112
F,F,COLLECT COD,0,Manufacturer#5,4-NOT SPECIFIED,4,FURNITURE,REG AIR,2,0.08,14,Brand#52,13,JUMBO CAN,43,1348,53675.6402
F,F,COLLECT COD,2,Manufacturer#5,3-MEDIUM,2,MACHINERY,RAIL,2,0.01,18,Brand#54,9,JUMBO CASE,3,1349,19069.827
F,F,DELIVER IN PERSON,3,Manufacturer#2,5-LOW,3,AUTOMOBILE,RAIL,6,0.06,23,Brand#23,22,LG PKG,2,1350,60897.2098
F,F,TAKE BACK RETURN,3,Manufacturer#5,5-LOW,3,AUTOMOBILE,SHIP,4,0.01,6,Brand#51,22,SM CAN,21,1350,57224.846
F,F,NONE,1,Manufacturer#2,1-URGENT,2,FURNITURE,FOB,6,0.03,3,Brand#21,21,LG JAR,8,1351,6411.8784
F,F,COLLECT COD,3,Manufacturer#1,1-URGENT,2,FURNITURE,TRUCK,4,0.08,22,Brand#14,21,WRAP BAG,42,1351,60732.17
F,F,DELIVER IN PERSON,3,Manufacturer#4,4-NOT SPECIFIED,0,MACHINERY,FOB,2,0.08,7,Brand#44,14,WRAP PACK,31,1352,6329.6632
F,F,NONE,0,Manufacturer#1,4-NOT SPECIFIED,0,MACHINERY,TRUCK,3,0.08,5,Brand#14,14,SM BAG,12,1352,52988.734
F,F,DELIVER IN PERSON,3,Manufacturer#5,4-NOT SPECIFIED,0,MACHINERY,SHIP,4,0.05,19,Brand#53,14,WRAP DRUM,26,1352,25260.624
F,F,TAKE BACK RETURN,4,Manufacturer#4,4-NOT SPECIFIED,0,MACHINERY,SHIP,5,0.05,20,Brand#43,14,MED BOX,47,1352,31118.332
F,F,COLLECT COD,2,Manufacturer#2,1-URGENT,3,HOUSEHOLD,AIR,2,0.05,8,Brand#21,23,LG DRUM,30,1353,33531.68
F,F,TAKE BACK RETURN,0,Manufacturer#4,1-URGENT,3,HOUSEHOLD,FOB,4,0.04,16,Brand#41,23,LG CASE,28,1353,53269.472
F,F,DELIVER IN PERSON,2,Manufacturer#5,3-MEDIUM,4,HOUSEHOLD,FOB,2,0.08,18,Brand#53,20,JUMBO BAG,22,1002,28458.5728
F,F,DELIVER IN PERSON,1,Manufacturer#2,1-URGENT,4,HOUSEHOLD,MAIL,2,0.02,3,Brand#22,20,MED CASE,40,1345,59852.304
F,F,COLLECT COD,0,Manufacturer#4,4-NOT SPECIFIED,2,AUTOMOBILE,REG AIR,2,0.02,5,Brand#44,18,WRAP PACK,43,610,9276.102
F,F,TAKE BACK RETURN,4,Manufacturer#5,4-NOT SPECIFIED,2,AUTOMOBILE,SHIP,5,0.04,20,Brand#51,18,SM JAR,44,610,4043.77
F,F,DELIVER IN PERSON,2,Manufacturer#3,1-URGENT,1,MACHINERY,MAIL,3,0.01,21,Brand#31,1,LG JAR,29,21,6191.9774
F,F,COLLECT COD,2,Manufacturer#1,1-URGENT,1,MACHINERY,FOB,4,0.05,8,Brand#11,1,WRAP PACK,20,21,67211.095
F,F,TAKE BACK RETURN,3,Manufacturer#1,1-URGENT,1,MACHINERY,SHIP,5,0.07,22,Brand#14,1,LG BOX,36,21,15581.0556
F,F,TAKE BACK RETURN,1,Manufacturer#1,1-URGENT,1,MACHINERY,TRUCK,1,0.01,17,Brand#12,1,SM JAR,45,21,17064.756
F,F,DELIVER IN PERSON,0,Manufacturer#5,5-LOW,2,AUTOMOBILE,TRUCK,2,0.06,14,Brand#53,12,LG DRUM,22,1354,7196.0448
F,F,TAKE BACK RETURN,4,Manufacturer#5,5-LOW,2,AUTOMOBILE,AIR,3,0.01,11,Brand#51,12,WRAP CASE,15,1354,47009.5416
F,F,COLLECT COD,4,Manufacturer#3,2-HIGH,4,BUILDING,RAIL,3,0.03,10,Brand#34,20,MED PACK,6,1355,59057.0246
F,F,COLLECT COD,0,Manufacturer#4,1-URGENT,3,FURNITURE,REG AIR,1,0.05,16,Brand#44,6,JUMBO DRUM,9,1356,35492.688
F,F,NONE,4,Manufacturer#1,4-NOT SPECIFIED,4,FURNITURE,AIR,5,0.06,4,Brand#12,13,LG PKG,18,1357,11956.2352
F,F,NONE,2,Manufacturer#3,4-NOT SPECIFIED,4,FURNITURE,TRUCK,4,0.07,18,Brand#32,13,LG BAG,19,1357,13507.9128
F,F,TAKE BACK RETURN,0,Manufacturer#2,4-NOT SPECIFIED,4,FURNITURE,AIR,3,0.08,0,Brand#21,13,SM DRUM,32,1357,24058.944
F,F,NONE,2,Manufacturer#3,4-NOT SPECIFIED,4,FURNITURE,REG AIR,1,0.02,18,Brand#33,13,SM BAG,10,1357,25087.284
F,F,NONE,2,Manufacturer#5,2-HIGH,2,FURNITURE,TRUCK,2,0.07,9,Brand#55,21,JUMBO BAG,14,1358,14459.5594
F,F,COLLECT COD,0,Manufacturer#2,2-HIGH,2,FURNITURE,MAIL,3,0.05,0,Brand#21,21,MED JAR,20,1358,42445.6577
F,F,TAKE BACK RETURN,1,Manufacturer#2,2-HIGH,2,FURNITURE,RAIL,1,0.08,2,Brand#22,21,LG CAN,30,1358,71584.149
F,F,DELIVER IN PERSON,1,Manufacturer#1,2-HIGH,2,AUTOMOBILE,REG AIR,2,0.07,2,Brand#11,12,MED CASE,8,1359,13505.232
F,F,DELIVER IN PERSON,2,Manufacturer#3,2-HIGH,2,AUTOMOBILE,SHIP,1,0.03,21,Brand#32,12,JUMBO DRUM,45,1359,8388.2344
F,F,NONE,0,Manufacturer#2,2-HIGH,2,FURNITURE,MAIL,3,0.06,15,Brand#23,12,SM CAN,28,132,7084.686
F,F,COLLECT COD,2,Manufacturer#3,2-HIGH,2,FURNITURE,AIR,1,0.04,9,Brand#35,12,SM CAN,24,132,24766.263
F,F,TAKE BACK RETURN,3,Manufacturer#2,2-HIGH,4,BUILDING,AIR,1,0.07,23,Brand#24,20,MED BAG,14,1355,12326.22
F,F,TAKE BACK RETURN,1,Manufacturer#2,2-HIGH,4,BUILDING,RAIL,6,0,2,Brand#25,20,MED BOX,40,1355,15421.7063
F,F,COLLECT COD,0,Manufacturer#5,2-HIGH,4,AUTOMOBILE,SHIP,2,0.05,14,Brand#52,20,WRAP BAG,23,121,33033.987
F,F,DELIVER IN PERSON,4,Manufacturer#4,4-NOT SPECIFIED,1,FURNITURE,REG AIR,5,0.08,4,Brand#45,17,MED DRUM,3,1360,48430.1406
F,F,DELIVER IN PERSON,1,Manufacturer#5,4-NOT SPECIFIED,1,FURNITURE,MAIL,4,0.08,1,Brand#53,17,JUMBO CASE,13,1360,10979.0208
F,F,COLLECT COD,3,Manufacturer#5,5-LOW,3,MACHINERY,TRUCK,1,0.05,23,Brand#51,22,WRAP JAR,17,1361,7544.8296
F,F,NONE,4,Manufacturer#1,5-LOW,3,MACHINERY,FOB,2,0.01,20,Brand#11,22,LG JAR,39,1361,29936.1874
F,F,TAKE BACK RETURN,3,Manufacturer#1,4-NOT SPECIFIED,4,FURNITURE,FOB,6,0.02,6,Brand#15,4,SM BAG,6,1362,23539.509
F,F,TAKE BACK RETURN,2,Manufacturer#2,3-MEDIUM,2,MACHINERY,REG AIR,2,0.05,8,Brand#24,9,MED BAG,3,1363,6437.7
F,F,COLLECT COD,3,Manufacturer#4,5-LOW,4,FURNITURE,TRUCK,1,0.05,6,Brand#43,4,MED CASE,24,1364,23556.6324
F,F,TAKE BACK RETURN,2,Manufacturer#4,5-LOW,2,AUTOMOBILE,AIR,1,0.02,21,Brand#41,21,SM BAG,2,1365,68162.724
F,F,TAKE BACK RETURN,1,Manufacturer#5,5-LOW,2,AUTOMOBILE,RAIL,7,0.06,17,Brand#55,21,LG BOX,50,1365,36947.592
F,F,NONE,4,Manufacturer#3,5-LOW,2,AUTOMOBILE,SHIP,5,0.06,4,Brand#34,21,WRAP JAR,29,1365,37465.5996
F,F,COLLECT COD,3,Manufacturer#1,5-LOW,2,AUTOMOBILE,RAIL,2,0.07,6,Brand#11,21,MED DRUM,8,1365,83930.7966
F,F,TAKE BACK RETURN,4,Manufacturer#3,5-LOW,2,AUTOMOBILE,AIR,3,0.01,13,Brand#34,21,JUMBO BOX,20,1365,10991.6632
F,F,NONE,4,Manufacturer#1,1-URGENT,3,MACHINERY,MAIL,3,0.04,20,Brand#11,22,WRAP CASE,35,1366,29361.935
F,F,NONE,3,Manufacturer#4,1-URGENT,3,MACHINERY,RAIL,4,0.04,23,Brand#42,22,JUMBO BAG,50,1366,59461.7528
F,F,TAKE BACK RETURN,4,Manufacturer#3,1-URGENT,3,MACHINERY,FOB,1,0.06,4,Brand#33,22,MED PACK,42,1366,40272.66
F,F,NONE,3,Manufacturer#2,1-URGENT,3,MACHINERY,TRUCK,2,0.06,7,Brand#22,22,JUMBO CASE,44,1366,12562.277
F,F,COLLECT COD,1,Manufacturer#2,1-URGENT,3,MACHINERY,REG AIR,6,0.02,1,Brand#23,22,JUMBO DRUM,17,1366,38220.716
F,F,TAKE BACK RETURN,2,Manufacturer#5,1-URGENT,3,FURNITURE,AIR,4,0.05,8,Brand#55,19,LG BAG,26,1367,87111.432
F,F,TAKE BACK RETURN,1,Manufacturer#3,1-URGENT,3,FURNITURE,MAIL,3,0,24,Brand#31,19,SM BOX,9,1367,4324.8648
F,F,TAKE BACK RETURN,1,Manufacturer#3,4-NOT SPECIFIED,4,FURNITURE,TRUCK,1,0.07,2,Brand#31,4,SM DRUM,16,1362,12744.864
F,F,COLLECT COD,4,Manufacturer#3,4-NOT SPECIFIED,4,FURNITURE,FOB,2,0,20,Brand#32,4,LG CAN,49,1362,46993.3056
F,F,COLLECT COD,3,Manufacturer#1,1-URGENT,2,AUTOMOBILE,REG AIR,6,0.01,7,Brand#14,9,SM BAG,40,483,3302.5792
F,F,DELIVER IN PERSON,4,Manufacturer#5,1-URGENT,2,AUTOMOBILE,TRUCK,4,0.02,11,Brand#54,9,LG CAN,40,483,34300.8666
F,F,DELIVER IN PERSON,1,Manufacturer#1,1-URGENT,2,AUTOMOBILE,RAIL,1,0.06,17,Brand#12,9,SM DRUM,18,483,47909.0176
F,F,DELIVER IN PERSON,2,Manufacturer#1,1-URGENT,2,AUTOMOBILE,SHIP,5,0.02,8,Brand#13,9,SM PACK,2,483,63781.668
F,F,TAKE BACK RETURN,1,Manufacturer#2,1-URGENT,2,AUTOMOBILE,RAIL,3,0.05,1,Brand#23,9,SM PACK,6,483,51096.8601
F,F,COLLECT COD,2,Manufacturer#2,1-URGENT,0,FURNITURE,RAIL,2,0.01,21,Brand#24,15,WRAP BOX,6,1368,44791.929
F,F,DELIVER IN PERSON,0,Manufacturer#1,4-NOT SPECIFIED,1,BUILDING,MAIL,2,0.02,15,Brand#13,24,MED JAR,17,1369,891.9165
F,F,COLLECT COD,2,Manufacturer#1,4-NOT SPECIFIED,1,BUILDING,RAIL,5,0.08,12,Brand#13,24,WRAP JAR,1,1369,4009.4976
F,F,DELIVER IN PERSON,2,Manufacturer#2,1-URGENT,0,FURNITURE,TRUCK,4,0.01,18,Brand#23,15,MED JAR,9,1368,42492.294
F,F,DELIVER IN PERSON,3,Manufacturer#5,1-URGENT,0,FURNITURE,SHIP,7,0,6,Brand#54,15,MED DRUM,32,1368,11012.1984
F,F,TAKE BACK RETURN,3,Manufacturer#1,1-URGENT,0,FURNITURE,MAIL,5,0.02,7,Brand#14,15,MED PACK,9,1368,26291.3
F,F,COLLECT COD,4,Manufacturer#1,3-MEDIUM,0,BUILDING,REG AIR,1,0.08,10,Brand#12,5,SM DRUM,40,1370,37336.032
F,F,NONE,4,Manufacturer#4,2-HIGH,1,BUILDING,RAIL,1,0.01,4,Brand#42,17,MED CAN,24,1371,23785.0704
F,F,COLLECT COD,2,Manufacturer#2,3-MEDIUM,0,BUILDING,FOB,4,0.08,9,Brand#24,5,MED CASE,30,1370,48555.9882
F,F,NONE,3,Manufacturer#4,3-MEDIUM,0,BUILDING,TRUCK,2,0.03,23,Brand#41,5,MED PKG,5,1370,36967.992
F,F,COLLECT COD,2,Manufacturer#5,3-MEDIUM,1,MACHINERY,RAIL,3,0.03,18,Brand#52,2,SM JAR,18,658,10756.3203
F,F,COLLECT COD,3,Manufacturer#3,3-MEDIUM,1,FURNITURE,AIR,1,0.06,6,Brand#31,1,WRAP BAG,38,1372,18547.9728
F,F,COLLECT COD,1,Manufacturer#1,3-MEDIUM,1,FURNITURE,REG AIR,3,0.07,17,Brand#12,1,WRAP PACK,24,1372,36727.281
F,F,NONE,1,Manufacturer#1,3-MEDIUM,1,MACHINERY,REG AIR,7,0.04,3,Brand#11,2,JUMBO JAR,35,658,59941.2996
F,F,COLLECT COD,2,Manufacturer#2,3-MEDIUM,1,MACHINERY,AIR,4,0.06,8,Brand#23,2,WRAP CASE,3,658,25423.227
F,F,TAKE BACK RETURN,3,Manufacturer#2,4-NOT SPECIFIED,3,FURNITURE,AIR,2,0.08,19,Brand#25,23,JUMBO CASE,22,1373,50518.98
F,F,DELIVER IN PERSON,4,Manufacturer#3,2-HIGH,0,BUILDING,TRUCK,4,0.07,10,Brand#35,15,SM CAN,48,1374,79463.3
F,F,COLLECT COD,4,Manufacturer#3,2-HIGH,0,BUILDING,MAIL,1,0.06,4,Brand#34,15,WRAP CAN,39,1374,13170.0668
F,F,DELIVER IN PERSON,3,Manufacturer#2,4-NOT SPECIFIED,3,BUILDING,REG AIR,3,0.07,7,Brand#25,7,WRAP DRUM,17,1375,50932.0576
F,F,COLLECT COD,1,Manufacturer#1,4-NOT SPECIFIED,3,BUILDING,SHIP,1,0.02,17,Brand#11,7,JUMBO PKG,8,1375,4131.189
F,F,TAKE BACK RETURN,1,Manufacturer#2,4-NOT SPECIFIED,3,BUILDING,MAIL,2,0.07,3,Brand#25,7,SM CAN,13,1375,32253.8
F,F,TAKE BACK RETURN,3,Manufacturer#4,3-MEDIUM,1,FURNITURE,TRUCK,3,0.05,6,Brand#45,3,WRAP DRUM,37,1376,30969.12
F,F,NONE,4,Manufacturer#5,3-MEDIUM,1,FURNITURE,TRUCK,2,0.05,4,Brand#51,3,WRAP DRUM,18,1376,14833.0656
F,F,TAKE BACK RETURN,3,Manufacturer#2,3-MEDIUM,1,FURNITURE,AIR,6,0.08,23,Brand#24,3,MED PACK,2,1376,15340.32
F,F,NONE,4,Manufacturer#2,3-MEDIUM,1,FURNITURE,REG AIR,1,0.07,20,Brand#22,3,LG PKG,44,1376,44390.528
F,F,DELIVER IN PERSON,0,Manufacturer#3,1-URGENT,1,HOUSEHOLD,SHIP,3,0.04,5,Brand#32,3,LG CAN,33,1246,46452.2808
F,F,DELIVER IN PERSON,1,Manufacturer#5,4-NOT SPECIFIED,4,HOUSEHOLD,FOB,1,0.08,24,Brand#53,4,SM BOX,35,1377,40231.707
F,F,NONE,3,Manufacturer#3,4-NOT SPECIFIED,4,HOUSEHOLD,SHIP,4,0.07,6,Brand#32,4,SM PACK,37,1377,49759.84
F,F,NONE,0,Manufacturer#2,4-NOT SPECIFIED,1,HOUSEHOLD,REG AIR,4,0.08,15,Brand#23,17,WRAP PACK,48,1378,8986.8597
F,F,NONE,3,Manufacturer#1,4-NOT SPECIFIED,1,HOUSEHOLD,SHIP,7,0.02,19,Brand#11,17,MED BOX,19,1378,8444.527
F,F,TAKE BACK RETURN,2,Manufacturer#3,4-NOT SPECIFIED,1,HOUSEHOLD,RAIL,3,0.06,18,Brand#33,17,LG CASE,23,1378,16426.7012
F,F,NONE,0,Manufacturer#5,4-NOT SPECIFIED,1,HOUSEHOLD,REG AIR,5,0.06,0,Brand#53,17,SM PACK,48,1378,21661.2928
F,F,COLLECT COD,3,Manufacturer#5,1-URGENT,2,AUTOMOBILE,SHIP,4,0.06,23,Brand#54,9,JUMBO BAG,14,1379,1737.1536
F,F,DELIVER IN PERSON,2,Manufacturer#4,1-URGENT,2,AUTOMOBILE,MAIL,1,0.05,12,Brand#42,9,LG CAN,18,1379,47771.073
F,F,TAKE BACK RETURN,3,Manufacturer#2,1-URGENT,2,AUTOMOBILE,MAIL,3,0.08,7,Brand#22,9,JUMBO CAN,20,1379,30144.735
F,F,TAKE BACK RETURN,0,Manufacturer#5,1-URGENT,2,AUTOMOBILE,RAIL,2,0.01,15,Brand#52,9,LG CASE,4,1379,21461.04
F,F,TAKE BACK RETURN,2,Manufacturer#3,4-NOT SPECIFIED,3,FURNITURE,TRUCK,5,0.03,9,Brand#34,23,MED BOX,37,1373,17235.0528
F,F,TAKE BACK RETURN,1,Manufacturer#5,4-NOT SPECIFIED,3,FURNITURE,TRUCK,4,0.08,1,Brand#52,23,WRAP BAG,27,1373,16760.376
F,F,DELIVER IN PERSON,3,Manufacturer#1,5-LOW,1,MACHINERY,REG AIR,7,0.02,22,Brand#14,17,MED PACK,42,204,6377.4315
F,F,NONE,2,Manufacturer#2,5-LOW,1,MACHINERY,FOB,3,0.01,18,Brand#23,17,SM BOX,33,204,5193.1084
F,F,DELIVER IN PERSON,3,Manufacturer#1,5-LOW,1,MACHINERY,SHIP,2,0.02,22,Brand#12,17,JUMBO CAN,14,204,7525.062
F,F,DELIVER IN PERSON,4,Manufacturer#2,5-LOW,1,MACHINERY,TRUCK,1,0.01,10,Brand#25,17,LG CASE,40,204,58823.82
F,F,DELIVER IN PERSON,3,Manufacturer#1,5-LOW,1,MACHINERY,RAIL,6,0.08,23,Brand#14,17,JUMBO BOX,19,204,16272
F,F,NONE,1,Manufacturer#1,2-HIGH,1,BUILDING,REG AIR,2,0.01,2,Brand#11,3,LG BOX,20,1380,3153.324
F,F,TAKE BACK RETURN,4,Manufacturer#3,2-HIGH,1,BUILDING,TRUCK,3,0,4,Brand#31,3,MED CASE,14,1380,31407.5034
F,F,DELIVER IN PERSON,2,Manufacturer#2,2-HIGH,1,BUILDING,FOB,4,0.05,9,Brand#21,3,WRAP PKG,31,1380,76429.08
F,F,TAKE BACK RETURN,4,Manufacturer#5,3-MEDIUM,0,MACHINERY,AIR,2,0.08,11,Brand#54,15,WRAP CAN,28,1381,43775.13
F,F,DELIVER IN PERSON,2,Manufacturer#5,3-MEDIUM,1,FURNITURE,SHIP,4,0.01,9,Brand#52,24,MED DRUM,19,1382,47353.266
F,F,NONE,3,Manufacturer#3,3-MEDIUM,1,FURNITURE,TRUCK,2,0.07,22,Brand#34,24,WRAP PACK,10,1382,77172.9408
F,F,TAKE BACK RETURN,4,Manufacturer#5,3-MEDIUM,1,FURNITURE,RAIL,3,0.02,4,Brand#55,24,MED CAN,10,1382,47693.25
F,F,TAKE BACK RETURN,3,Manufacturer#1,5-LOW,4,AUTOMOBILE,SHIP,6,0.08,7,Brand#13,10,JUMBO PACK,9,1383,74993.3184
F,F,NONE,0,Manufacturer#3,5-LOW,4,AUTOMOBILE,SHIP,5,0.02,5,Brand#34,10,WRAP BAG,30,1383,68502.258
F,F,DELIVER IN PERSON,4,Manufacturer#2,5-LOW,4,AUTOMOBILE,SHIP,2,0.01,13,Brand#22,10,WRAP PKG,39,1383,47664.3286
F,F,DELIVER IN PERSON,2,Manufacturer#2,2-HIGH,3,BUILDING,TRUCK,6,0.07,12,Brand#23,23,JUMBO DRUM,17,1384,46337.6928
F,F,COLLECT COD,0,Manufacturer#5,2-HIGH,3,BUILDING,SHIP,4,0.03,14,Brand#55,23,JUMBO BOX,12,1384,48719.3652
F,F,NONE,2,Manufacturer#4,4-NOT SPECIFIED,1,MACHINERY,RAIL,2,0.06,9,Brand#41,17,LG CAN,30,1385,37830.5928
F,F,TAKE BACK RETURN,3,Manufacturer#4,4-NOT SPECIFIED,1,MACHINERY,FOB,4,0.02,19,Brand#45,17,SM CASE,13,1385,60907.9392
F,F,DELIVER IN PERSON,3,Manufacturer#2,5-LOW,1,AUTOMOBILE,TRUCK,7,0.04,22,Brand#23,1,MED BAG,46,1386,57174.09
F,F,DELIVER IN PERSON,2,Manufacturer#2,5-LOW,1,AUTOMOBILE,SHIP,6,0.08,18,Brand#25,1,JUMBO BOX,23,1386,1307.286
F,F,DELIVER IN PERSON,0,Manufacturer#5,5-LOW,1,AUTOMOBILE,TRUCK,2,0.07,15,Brand#54,1,MED JAR,14,1386,51694.7172
F,F,DELIVER IN PERSON,2,Manufacturer#5,5-LOW,1,AUTOMOBILE,SHIP,4,0.01,12,Brand#51,1,LG JAR,14,1386,69753.546
F,F,TAKE BACK RETURN,4,Manufacturer#2,5-LOW,1,AUTOMOBILE,MAIL,3,0,20,Brand#21,1,WRAP CASE,39,1386,46386.3036
F,F,COLLECT COD,4,Manufacturer#5,5-LOW,1,AUTOMOBILE,MAIL,1,0.07,10,Brand#55,1,MED CAN,32,1386,35352.9688
F,F,NONE,3,Manufacturer#4,5-LOW,1,AUTOMOBILE,SHIP,5,0.02,7,Brand#42,1,WRAP BAG,13,1386,42692.582
F,F,COLLECT COD,1,Manufacturer#3,3-MEDIUM,0,MACHINERY,MAIL,3,0.04,24,Brand#31,15,WRAP CASE,47,1381,41305.0638
F,F,NONE,0,Manufacturer#1,3-MEDIUM,0,MACHINERY,AIR,4,0.01,16,Brand#14,15,JUMBO PACK,26,1381,41167.01
F,F,NONE,3,Manufacturer#1,3-MEDIUM,0,MACHINERY,SHIP,1,0.02,7,Brand#14,15,SM JAR,8,1381,17135.0888
F,F,NONE,2,Manufacturer#3,4-NOT SPECIFIED,2,FURNITURE,SHIP,3,0.07,9,Brand#33,9,SM JAR,7,1118,18415.9248
F,F,DELIVER IN PERSON,4,Manufacturer#1,4-NOT SPECIFIED,2,FURNITURE,MAIL,4,0.06,11,Brand#13,9,JUMBO CAN,38,1118,54533.088
F,F,DELIVER IN PERSON,2,Manufacturer#2,4-NOT SPECIFIED,2,FURNITURE,RAIL,1,0.03,9,Brand#21,9,JUMBO PACK,27,1118,51039.3114
F,F,NONE,0,Manufacturer#3,5-LOW,4,AUTOMOBILE,MAIL,1,0.08,5,Brand#35,10,JUMBO DRUM,35,371,8221.392
F,F,TAKE BACK RETURN,4,Manufacturer#4,3-MEDIUM,2,AUTOMOBILE,REG AIR,1,0.01,10,Brand#43,12,WRAP DRUM,43,1387,12429.844
F,F,DELIVER IN PERSON,2,Manufacturer#5,1-URGENT,4,BUILDING,REG AIR,4,0.07,12,Brand#54,11,WRAP BOX,2,1388,16144.83
F,F,COLLECT COD,2,Manufacturer#4,1-URGENT,4,BUILDING,SHIP,5,0.04,12,Brand#45,11,LG BOX,7,1388,40276.7628
F,F,NONE,2,Manufacturer#5,2-HIGH,3,MACHINERY,MAIL,1,0.04,8,Brand#51,22,MED CAN,16,392,63174.5478
F,F,COLLECT COD,1,Manufacturer#3,2-HIGH,3,MACHINERY,RAIL,7,0.04,24,Brand#34,22,LG PACK,50,392,24940.9524
F,F,DELIVER IN PERSON,2,Manufacturer#3,2-HIGH,3,MACHINERY,MAIL,5,0.04,18,Brand#32,22,MED BAG,17,392,14433.066
F,F,NONE,1,Manufacturer#5,3-MEDIUM,4,BUILDING,REG AIR,3,0.02,17,Brand#52,10,LG JAR,11,1389,21204.8928
F,F,COLLECT COD,1,Manufacturer#2,3-MEDIUM,4,BUILDING,TRUCK,2,0,1,Brand#21,10,WRAP JAR,30,1389,52997.4632
F,F,DELIVER IN PERSON,4,Manufacturer#3,5-LOW,1,FURNITURE,RAIL,3,0.02,11,Brand#32,1,SM PKG,37,1390,2486.727
F,F,TAKE BACK RETURN,1,Manufacturer#5,5-LOW,1,FURNITURE,RAIL,1,0.04,3,Brand#55,1,LG CASE,11,1390,34737.9948
F,F,NONE,4,Manufacturer#1,2-HIGH,2,FURNITURE,FOB,2,0.05,11,Brand#14,12,LG BAG,17,1391,26416.026
F,F,TAKE BACK RETURN,3,Manufacturer#4,2-HIGH,2,FURNITURE,AIR,1,0.04,23,Brand#44,12,MED BOX,47,1391,28932.7464
F,F,COLLECT COD,4,Manufacturer#1,4-NOT SPECIFIED,1,MACHINERY,MAIL,3,0.03,11,Brand#15,17,MED PACK,48,1392,63187.68
F,F,NONE,0,Manufacturer#3,4-NOT SPECIFIED,1,MACHINERY,SHIP,1,0.08,16,Brand#32,17,LG PKG,42,1392,42482.4465
F,F,TAKE BACK RETURN,0,Manufacturer#2,5-LOW,2,AUTOMOBILE,MAIL,1,0.03,14,Brand#23,18,JUMBO DRUM,44,1393,33784.1472
F,F,NONE,3,Manufacturer#1,5-LOW,2,AUTOMOBILE,REG AIR,3,0.04,22,Brand#13,18,LG PKG,49,1393,17052.6434
F,F,TAKE BACK RETURN,4,Manufacturer#3,5-LOW,2,AUTOMOBILE,SHIP,4,0.04,10,Brand#35,18,WRAP BOX,47,1393,3120.2352
F,F,DELIVER IN PERSON,4,Manufacturer#3,5-LOW,4,BUILDING,SHIP,1,0.04,4,Brand#31,11,SM BAG,39,1394,53923.7157
F,F,TAKE BACK RETURN,3,Manufacturer#1,5-LOW,4,BUILDING,MAIL,2,0,23,Brand#14,11,WRAP JAR,24,1394,8354.7009
F,F,DELIVER IN PERSON,0,Manufacturer#3,4-NOT SPECIFIED,1,MACHINERY,SHIP,4,0.01,16,Brand#35,1,JUMBO BOX,45,1395,4689.6668
F,F,TAKE BACK RETURN,0,Manufacturer#1,4-NOT SPECIFIED,1,MACHINERY,RAIL,3,0.07,5,Brand#12,1,SM PKG,22,1395,28820.2071
F,F,COLLECT COD,3,Manufacturer#4,4-NOT SPECIFIED,1,MACHINERY,REG AIR,2,0.04,6,Brand#41,1,WRAP PKG,25,1395,36195.038
F,F,DELIVER IN PERSON,1,Manufacturer#3,4-NOT SPECIFIED,1,MACHINERY,TRUCK,1,0.01,2,Brand#35,1,MED DRUM,6,1395,44646.9192
F,F,TAKE BACK RETURN,3,Manufacturer#3,3-MEDIUM,2,MACHINERY,FOB,1,0.05,6,Brand#31,21,WRAP BOX,39,1396,39735.552
F,F,TAKE BACK RETURN,0,Manufacturer#1,3-MEDIUM,2,MACHINERY,FOB,2,0.04,16,Brand#14,21,JUMBO DRUM,50,1396,53448.57
F,F,TAKE BACK RETURN,0,Manufacturer#2,3-MEDIUM,2,MACHINERY,TRUCK,7,0.03,0,Brand#24,21,WRAP BOX,28,1396,17490.88
F,F,DELIVER IN PERSON,2,Manufacturer#3,3-MEDIUM,2,MACHINERY,RAIL,3,0.06,18,Brand#34,21,MED PACK,21,1396,34164
F,F,COLLECT COD,1,Manufacturer#5,5-LOW,0,MACHINERY,REG AIR,2,0.02,2,Brand#53,16,SM CAN,36,1397,40181.2488
F,F,TAKE BACK RETURN,3,Manufacturer#2,2-HIGH,2,AUTOMOBILE,FOB,1,0.06,7,Brand#24,18,MED PKG,8,1398,3909.504
F,F,COLLECT COD,0,Manufacturer#1,2-HIGH,2,AUTOMOBILE,SHIP,4,0.02,14,Brand#11,18,MED JAR,50,1398,21893.166
F,F,NONE,2,Manufacturer#2,2-HIGH,2,AUTOMOBILE,TRUCK,6,0.04,8,Brand#25,18,WRAP PACK,46,1398,35426.5132
F,F,COLLECT COD,1,Manufacturer#5,2-HIGH,2,AUTOMOBILE,REG AIR,2,0.01,17,Brand#52,18,LG CAN,50,1398,65676.3744
F,F,DELIVER IN PERSON,4,Manufacturer#3,2-HIGH,3,MACHINERY,RAIL,3,0.01,20,Brand#34,6,MED DRUM,47,1399,36782.206
F,F,COLLECT COD,2,Manufacturer#5,1-URGENT,1,BUILDING,REG AIR,4,0.07,18,Brand#54,17,LG DRUM,3,1400,62311.942
F,F,DELIVER IN PERSON,2,Manufacturer#4,1-URGENT,1,BUILDING,SHIP,3,0.03,8,Brand#45,17,LG CAN,43,1400,29047.155
F,F,TAKE BACK RETURN,1,Manufacturer#3,3-MEDIUM,2,HOUSEHOLD,AIR,5,0.06,3,Brand#32,12,JUMBO BAG,9,608,3843.0855
F,F,TAKE BACK RETURN,3,Manufacturer#5,3-MEDIUM,2,HOUSEHOLD,REG AIR,3,0.08,7,Brand#52,12,JUMBO JAR,42,608,28548.7975
F,F,COLLECT COD,3,Manufacturer#2,3-MEDIUM,2,HOUSEHOLD,FOB,2,0.04,22,Brand#21,12,LG PACK,31,608,69874.144
F,F,NONE,3,Manufacturer#2,3-MEDIUM,2,HOUSEHOLD,TRUCK,1,0.03,6,Brand#24,12,WRAP CASE,2,608,75299.5704
F,F,TAKE BACK RETURN,1,Manufacturer#2,3-MEDIUM,2,HOUSEHOLD,AIR,7,0.05,1,Brand#21,12,SM PKG,46,608,45618.0004
F,F,TAKE BACK RETURN,4,Manufacturer#3,3-MEDIUM,2,HOUSEHOLD,FOB,6,0.08,10,Brand#34,12,JUMBO BAG,35,608,37776.767
F,F,COLLECT COD,2,Manufacturer#2,5-LOW,2,HOUSEHOLD,REG AIR,6,0.01,21,Brand#25,18,LG JAR,11,1401,21606.568
F,F,COLLECT COD,2,Manufacturer#4,5-LOW,2,HOUSEHOLD,FOB,1,0.06,9,Brand#44,18,LG PACK,24,1401,42612.06
F,F,COLLECT COD,4,Manufacturer#4,5-LOW,2,HOUSEHOLD,SHIP,2,0.01,4,Brand#42,18,WRAP PACK,6,1401,13298.6304
F,F,TAKE BACK RETURN,0,Manufacturer#2,4-NOT SPECIFIED,4,MACHINERY,SHIP,2,0,0,Brand#21,10,SM JAR,21,1402,24745.9485
F,F,NONE,0,Manufacturer#5,4-NOT SPECIFIED,4,MACHINERY,AIR,1,0.08,0,Brand#52,10,WRAP CAN,32,1402,48406.95
F,F,NONE,3,Manufacturer#1,2-HIGH,4,HOUSEHOLD,FOB,1,0.08,22,Brand#13,10,JUMBO BAG,7,1403,6088.9374
F,F,COLLECT COD,0,Manufacturer#4,2-HIGH,4,HOUSEHOLD,TRUCK,5,0.01,0,Brand#42,10,SM CASE,12,1403,41623.4808
F,F,TAKE BACK RETURN,3,Manufacturer#5,2-HIGH,4,HOUSEHOLD,SHIP,3,0.06,22,Brand#53,10,JUMBO DRUM,5,1403,24852.096
F,F,COLLECT COD,2,Manufacturer#5,2-HIGH,4,HOUSEHOLD,FOB,2,0.07,8,Brand#54,10,WRAP PACK,50,1403,57774.4398
F,F,TAKE BACK RETURN,2,Manufacturer#4,1-URGENT,4,FURNITURE,MAIL,1,0.08,8,Brand#41,11,WRAP CASE,21,1404,20290.2336
F,F,DELIVER IN PERSON,1,Manufacturer#3,3-MEDIUM,4,AUTOMOBILE,SHIP,1,0.03,17,Brand#35,10,MED PACK,9,1405,47530.875
F,F,COLLECT COD,3,Manufacturer#3,3-MEDIUM,0,HOUSEHOLD,TRUCK,4,0.02,6,Brand#34,0,MED JAR,5,1406,16539.7505
F,F,DELIVER IN PERSON,1,Manufacturer#1,3-MEDIUM,0,HOUSEHOLD,TRUCK,6,0.01,24,Brand#11,0,MED CASE,47,1406,19211.688
F,F,COLLECT COD,3,Manufacturer#4,3-MEDIUM,0,HOUSEHOLD,MAIL,2,0.01,7,Brand#42,0,LG DRUM,21,1406,13093.038
F,F,DELIVER IN PERSON,2,Manufacturer#2,2-HIGH,1,FURNITURE,REG AIR,2,0.07,12,Brand#24,1,LG DRUM,11,1117,14781.1334
F,F,TAKE BACK RETURN,1,Manufacturer#4,2-HIGH,1,FURNITURE,FOB,4,0.08,2,Brand#43,1,WRAP PACK,6,1117,48629.4809
F,F,NONE,1,Manufacturer#3,2-HIGH,1,FURNITURE,REG AIR,5,0,2,Brand#34,1,LG DRUM,44,1117,22809.8325
F,F,DELIVER IN PERSON,0,Manufacturer#1,2-HIGH,3,MACHINERY,MAIL,5,0.01,0,Brand#13,6,JUMBO JAR,8,1399,1087.4118
F,F,NONE,2,Manufacturer#5,1-URGENT,3,BUILDING,TRUCK,6,0.03,21,Brand#52,22,MED BOX,5,1407,49092.764
F,F,TAKE BACK RETURN,1,Manufacturer#4,2-HIGH,0,MACHINERY,TRUCK,1,0.01,17,Brand#41,14,MED CASE,31,1408,35984.4936
F,F,NONE,3,Manufacturer#3,2-HIGH,0,MACHINERY,MAIL,4,0,19,Brand#33,14,SM PACK,47,1408,62416.611
F,F,COLLECT COD,3,Manufacturer#4,2-HIGH,0,MACHINERY,MAIL,3,0.03,23,Brand#41,14,MED PACK,2,1408,12989.0496
F,F,DELIVER IN PERSON,3,Manufacturer#1,2-HIGH,0,MACHINERY,AIR,5,0.04,19,Brand#14,14,JUMBO CASE,28,1408,38896.7488
F,F,COLLECT COD,4,Manufacturer#1,1-URGENT,4,HOUSEHOLD,MAIL,1,0.03,20,Brand#15,10,SM BOX,18,1409,31573.7352
F,F,NONE,0,Manufacturer#5,1-URGENT,3,BUILDING,REG AIR,2,0.08,5,Brand#52,22,MED DRUM,42,1407,14223.0907
F,F,DELIVER IN PERSON,1,Manufacturer#1,4-NOT SPECIFIED,3,BUILDING,AIR,1,0,24,Brand#12,7,WRAP CAN,1,862,9800.0994
F,F,COLLECT COD,2,Manufacturer#3,1-URGENT,4,AUTOMOBILE,SHIP,1,0.04,12,Brand#35,13,WRAP DRUM,41,1410,62120.2768
F,F,DELIVER IN PERSON,3,Manufacturer#1,1-URGENT,4,AUTOMOBILE,AIR,4,0.05,6,Brand#12,13,WRAP PKG,20,1410,51375.2
F,F,DELIVER IN PERSON,2,Manufacturer#5,5-LOW,2,BUILDING,SHIP,2,0.04,9,Brand#54,9,LG DRUM,50,1411,45759.5754
F,F,COLLECT COD,1,Manufacturer#1,5-LOW,2,BUILDING,SHIP,1,0.06,1,Brand#13,9,LG CAN,25,1411,34630.0136
F,F,TAKE BACK RETURN,1,Manufacturer#2,4-NOT SPECIFIED,3,BUILDING,REG AIR,5,0.07,24,Brand#23,7,MED CAN,46,862,37318.89
F,F,DELIVER IN PERSON,1,Manufacturer#2,4-NOT SPECIFIED,3,BUILDING,SHIP,4,0.04,2,Brand#24,7,LG BOX,11,862,48953.0646
F,F,NONE,3,Manufacturer#1,1-URGENT,1,AUTOMOBILE,AIR,2,0.06,23,Brand#14,3,MED PACK,32,1412,13229.92
F,F,COLLECT COD,1,Manufacturer#2,5-LOW,0,HOUSEHOLD,AIR,5,0,17,Brand#21,16,MED CASE,43,1413,6968.079
F,F,NONE,3,Manufacturer#1,2-HIGH,2,FURNITURE,MAIL,1,0.03,6,Brand#15,18,JUMBO CAN,28,1414,7432.9
F,F,NONE,0,Manufacturer#2,1-URGENT,1,HOUSEHOLD,MAIL,2,0.03,15,Brand#24,17,LG PACK,17,1415,40977.72
F,F,COLLECT COD,1,Manufacturer#4,1-URGENT,1,HOUSEHOLD,FOB,3,0.01,2,Brand#41,17,LG BAG,2,1415,69303.6
F,F,NONE,0,Manufacturer#3,1-URGENT,1,HOUSEHOLD,MAIL,4,0,5,Brand#33,17,LG DRUM,34,1415,45378.72
F,F,COLLECT COD,2,Manufacturer#5,1-URGENT,3,MACHINERY,TRUCK,6,0.01,8,Brand#52,19,LG JAR,3,1416,16453.5
F,F,TAKE BACK RETURN,4,Manufacturer#1,1-URGENT,3,MACHINERY,TRUCK,4,0.06,20,Brand#15,19,SM CASE,30,1416,25724.4372
F,F,TAKE BACK RETURN,3,Manufacturer#5,1-URGENT,3,MACHINERY,SHIP,7,0.05,19,Brand#54,19,MED PACK,1,1416,53719.3152
F,F,COLLECT COD,1,Manufacturer#5,1-URGENT,3,MACHINERY,AIR,1,0.05,2,Brand#53,19,MED BOX,40,1416,31260.4201
F,F,COLLECT COD,3,Manufacturer#2,1-URGENT,4,AUTOMOBILE,SHIP,5,0.04,23,Brand#23,4,JUMBO BAG,7,1417,13695.2256
F,F,NONE,1,Manufacturer#2,3-MEDIUM,3,BUILDING,SHIP,3,0.08,1,Brand#25,19,JUMBO BOX,11,1260,56538.048
F,F,COLLECT COD,4,Manufacturer#1,3-MEDIUM,3,BUILDING,FOB,4,0.04,10,Brand#13,19,MED CASE,46,1260,62188.252
F,F,TAKE BACK RETURN,0,Manufacturer#1,3-MEDIUM,3,BUILDING,SHIP,1,0.06,14,Brand#11,19,SM PKG,34,1260,72922.2802
F,F,COLLECT COD,3,Manufacturer#5,4-NOT SPECIFIED,0,BUILDING,AIR,1,0.04,22,Brand#53,15,MED PACK,18,1418,66004.388
F,F,NONE,2,Manufacturer#5,5-LOW,3,HOUSEHOLD,FOB,3,0,18,Brand#54,23,JUMBO CAN,37,1419,14019.723
F,F,DELIVER IN PERSON,2,Manufacturer#4,3-MEDIUM,1,BUILDING,RAIL,5,0.05,12,Brand#42,1,WRAP DRUM,48,1420,1497.6143
F,F,COLLECT COD,2,Manufacturer#5,3-MEDIUM,1,BUILDING,RAIL,1,0,9,Brand#53,1,SM JAR,25,1420,15330.6
F,F,TAKE BACK RETURN,4,Manufacturer#2,4-NOT SPECIFIED,3,FURNITURE,REG AIR,1,0.08,11,Brand#24,7,LG DRUM,38,1421,39808.1728
F,F,COLLECT COD,0,Manufacturer#3,5-LOW,3,BUILDING,TRUCK,1,0.05,0,Brand#35,19,LG PACK,42,1422,46472.72
F,F,COLLECT COD,3,Manufacturer#4,5-LOW,3,BUILDING,MAIL,3,0.08,22,Brand#45,19,JUMBO PACK,9,1422,26744.2084
F,F,NONE,3,Manufacturer#1,2-HIGH,1,HOUSEHOLD,RAIL,7,0.04,22,Brand#11,17,SM CAN,19,1423,3381.84
F,F,COLLECT COD,1,Manufacturer#1,2-HIGH,1,HOUSEHOLD,REG AIR,6,0.02,24,Brand#13,17,LG BOX,45,1423,46845.8112
F,F,COLLECT COD,3,Manufacturer#1,2-HIGH,1,HOUSEHOLD,SHIP,5,0,7,Brand#12,17,SM BOX,25,1423,63756.742
F,F,COLLECT COD,4,Manufacturer#1,2-HIGH,1,HOUSEHOLD,MAIL,1,0.02,10,Brand#11,17,LG BOX,35,1423,69551.8164
F,F,DELIVER IN PERSON,3,Manufacturer#2,2-HIGH,4,AUTOMOBILE,REG AIR,1,0.02,23,Brand#24,4,MED DRUM,29,351,52931.7
F,F,DELIVER IN PERSON,4,Manufacturer#1,5-LOW,0,AUTOMOBILE,RAIL,3,0.05,13,Brand#14,15,LG CASE,6,1424,19412.928
F,F,NONE,2,Manufacturer#3,3-MEDIUM,4,HOUSEHOLD,RAIL,3,0.08,18,Brand#34,13,JUMBO DRUM,9,1425,33612.8772
F,F,COLLECT COD,3,Manufacturer#4,3-MEDIUM,4,HOUSEHOLD,TRUCK,1,0.04,6,Brand#45,13,JUMBO DRUM,26,1425,7395.18
F,F,DELIVER IN PERSON,0,Manufacturer#4,2-HIGH,1,HOUSEHOLD,REG AIR,1,0,5,Brand#45,1,MED BAG,4,1426,13523.478
F,F,TAKE BACK RETURN,3,Manufacturer#4,2-HIGH,1,HOUSEHOLD,TRUCK,3,0.01,22,Brand#43,1,LG JAR,20,1426,41148.7521
F,F,NONE,3,Manufacturer#3,2-HIGH,1,HOUSEHOLD,AIR,5,0.08,23,Brand#35,1,MED DRUM,19,1426,36899.8088
F,F,NONE,2,Manufacturer#4,5-LOW,3,HOUSEHOLD,FOB,2,0.04,9,Brand#41,23,WRAP PKG,3,1419,12950.2035
F,F,COLLECT COD,2,Manufacturer#4,2-HIGH,0,FURNITURE,AIR,1,0,8,Brand#43,0,LG DRUM,50,1427,25215.084
F,F,TAKE BACK RETURN,0,Manufacturer#5,2-HIGH,2,BUILDING,AIR,1,0.02,14,Brand#51,8,WRAP PKG,27,1428,80319.9215
F,F,NONE,0,Manufacturer#1,2-HIGH,2,BUILDING,RAIL,2,0.03,0,Brand#14,8,JUMBO PKG,23,1428,78356.9025
F,F,DELIVER IN PERSON,3,Manufacturer#1,2-HIGH,1,BUILDING,SHIP,5,0.03,7,Brand#15,24,SM DRUM,31,770,33377.526
F,F,COLLECT COD,4,Manufacturer#5,2-HIGH,1,BUILDING,REG AIR,3,0.08,20,Brand#54,24,WRAP DRUM,43,770,1512.2408
F,F,TAKE BACK RETURN,1,Manufacturer#2,2-HIGH,1,BUILDING,RAIL,1,0.01,1,Brand#21,24,MED BOX,18,770,33972.624
F,F,COLLECT COD,4,Manufacturer#1,1-URGENT,1,MACHINERY,TRUCK,1,0.02,4,Brand#13,24,LG PACK,35,1429,11523.2535
F,F,COLLECT COD,3,Manufacturer#1,3-MEDIUM,2,AUTOMOBILE,RAIL,1,0.06,7,Brand#15,21,WRAP DRUM,28,1430,36194.81
F,F,COLLECT COD,2,Manufacturer#1,3-MEDIUM,2,AUTOMOBILE,RAIL,6,0.05,21,Brand#13,21,SM PKG,19,1430,26585.469
F,F,TAKE BACK RETURN,0,Manufacturer#3,3-MEDIUM,2,AUTOMOBILE,FOB,4,0.07,0,Brand#32,21,JUMBO JAR,29,1430,55811.248
F,F,NONE,2,Manufacturer#4,3-MEDIUM,2,AUTOMOBILE,SHIP,2,0.08,18,Brand#41,21,SM PKG,11,1430,20171.9206
F,F,DELIVER IN PERSON,2,Manufacturer#1,3-MEDIUM,2,AUTOMOBILE,MAIL,3,0,12,Brand#14,21,JUMBO PKG,49,1430,41414.94
F,F,NONE,0,Manufacturer#2,3-MEDIUM,0,FURNITURE,REG AIR,1,0.01,0,Brand#24,0,LG CAN,39,385,40503.4
F,F,TAKE BACK RETURN,1,Manufacturer#3,3-MEDIUM,0,FURNITURE,MAIL,4,0.06,17,Brand#35,0,JUMBO CASE,14,385,5415.7285
F,F,DELIVER IN PERSON,4,Manufacturer#1,5-LOW,0,BUILDING,SHIP,7,0.06,10,Brand#15,14,MED BOX,2,1431,60213.3642
F,F,NONE,3,Manufacturer#4,5-LOW,0,BUILDING,TRUCK,1,0,22,Brand#42,14,SM JAR,8,1431,52179.39
F,F,DELIVER IN PERSON,0,Manufacturer#1,5-LOW,0,BUILDING,AIR,5,0.03,15,Brand#13,14,WRAP CAN,33,1431,11660.25
F,F,NONE,3,Manufacturer#1,5-LOW,0,BUILDING,MAIL,6,0.04,7,Brand#14,14,MED BAG,14,1431,61614.7884
F,F,DELIVER IN PERSON,4,Manufacturer#4,5-LOW,0,BUILDING,TRUCK,4,0.03,10,Brand#42,14,JUMBO BOX,9,1431,27839.8848
F,F,DELIVER IN PERSON,2,Manufacturer#2,1-URGENT,1,FURNITURE,SHIP,3,0.06,8,Brand#24,17,JUMBO JAR,25,446,17545.9129
F,F,NONE,1,Manufacturer#2,4-NOT SPECIFIED,3,AUTOMOBILE,REG AIR,2,0.03,1,Brand#23,19,MED PKG,49,1432,62568.2616
F,F,COLLECT COD,1,Manufacturer#2,4-NOT SPECIFIED,3,AUTOMOBILE,MAIL,4,0.05,3,Brand#23,19,SM DRUM,1,1432,3475.806
F,F,TAKE BACK RETURN,4,Manufacturer#5,1-URGENT,1,FURNITURE,RAIL,2,0.02,20,Brand#51,17,SM PACK,16,446,55466.3837
F,F,TAKE BACK RETURN,2,Manufacturer#3,1-URGENT,1,FURNITURE,AIR,1,0.05,8,Brand#33,17,WRAP BAG,5,446,18119.612
F,F,COLLECT COD,3,Manufacturer#1,4-NOT SPECIFIED,3,MACHINERY,AIR,1,0.03,23,Brand#15,19,SM PACK,44,1433,64982.82
F,F,COLLECT COD,2,Manufacturer#1,1-URGENT,3,BUILDING,TRUCK,2,0.02,21,Brand#15,19,MED PKG,17,1434,28799.32
F,F,DELIVER IN PERSON,0,Manufacturer#2,4-NOT SPECIFIED,0,AUTOMOBILE,FOB,2,0.02,15,Brand#25,0,LG CAN,35,1172,30793.7448
F,F,NONE,0,Manufacturer#1,4-NOT SPECIFIED,0,AUTOMOBILE,MAIL,3,0.05,0,Brand#13,0,WRAP JAR,5,1172,3731.6676
F,F,NONE,3,Manufacturer#5,3-MEDIUM,1,HOUSEHOLD,AIR,3,0.08,19,Brand#51,1,SM DRUM,4,1435,59319.7389
F,F,DELIVER IN PERSON,2,Manufacturer#5,3-MEDIUM,1,HOUSEHOLD,TRUCK,2,0.06,18,Brand#52,1,LG JAR,4,1435,44498.7164
F,F,NONE,1,Manufacturer#5,1-URGENT,2,HOUSEHOLD,MAIL,2,0.06,2,Brand#55,18,WRAP DRUM,50,1436,26031.8208
F,F,NONE,3,Manufacturer#3,1-URGENT,2,HOUSEHOLD,TRUCK,4,0.05,23,Brand#32,18,MED PKG,29,1436,37238.6025
F,F,COLLECT COD,2,Manufacturer#3,1-URGENT,2,HOUSEHOLD,RAIL,5,0,18,Brand#31,18,LG PKG,3,1436,34282.0704
F,F,TAKE BACK RETURN,4,Manufacturer#3,2-HIGH,0,HOUSEHOLD,FOB,1,0,20,Brand#33,5,LG BOX,28,1437,17840.042
F,F,TAKE BACK RETURN,3,Manufacturer#5,2-HIGH,0,HOUSEHOLD,REG AIR,3,0.05,22,Brand#55,5,WRAP CAN,7,1437,6691.048
F,F,DELIVER IN PERSON,2,Manufacturer#3,1-URGENT,1,MACHINERY,AIR,4,0.04,21,Brand#34,1,JUMBO CASE,32,1438,5267.52
F,F,COLLECT COD,1,Manufacturer#1,1-URGENT,1,MACHINERY,AIR,3,0.07,17,Brand#13,1,WRAP BAG,36,1438,13719.4785
F,F,COLLECT COD,0,Manufacturer#1,3-MEDIUM,3,BUILDING,MAIL,1,0.07,0,Brand#13,19,LG BAG,5,1439,20400.7072
F,F,DELIVER IN PERSON,0,Manufacturer#1,1-URGENT,1,MACHINERY,REG AIR,2,0.03,16,Brand#14,1,SM JAR,23,1438,67121.5248
F,F,COLLECT COD,2,Manufacturer#5,2-HIGH,3,HOUSEHOLD,AIR,7,0.01,18,Brand#53,6,WRAP DRUM,12,1440,8767.6974
F,F,COLLECT COD,0,Manufacturer#1,2-HIGH,3,HOUSEHOLD,TRUCK,6,0.03,14,Brand#12,6,JUMBO CAN,37,1440,49147.984
F,F,COLLECT COD,4,Manufacturer#3,2-HIGH,3,HOUSEHOLD,MAIL,3,0.04,10,Brand#35,6,JUMBO CASE,46,1440,8780.212
F,F,COLLECT COD,3,Manufacturer#3,2-HIGH,3,HOUSEHOLD,REG AIR,2,0.08,19,Brand#31,6,WRAP JAR,26,1440,60886.635
F,F,DELIVER IN PERSON,4,Manufacturer#5,2-HIGH,3,HOUSEHOLD,RAIL,5,0.02,20,Brand#52,6,LG PACK,47,1440,46631.0196
F,F,TAKE BACK RETURN,2,Manufacturer#3,2-HIGH,3,HOUSEHOLD,MAIL,1,0,9,Brand#32,6,JUMBO JAR,7,1440,80336.4555
F,F,DELIVER IN PERSON,1,Manufacturer#4,2-HIGH,3,HOUSEHOLD,TRUCK,4,0.04,24,Brand#44,6,WRAP JAR,21,1440,9249.7383
F,F,NONE,0,Manufacturer#5,3-MEDIUM,3,BUILDING,TRUCK,3,0.04,5,Brand#53,19,LG DRUM,22,1439,51274.4526
F,F,DELIVER IN PERSON,3,Manufacturer#4,1-URGENT,2,MACHINERY,MAIL,2,0.05,23,Brand#41,9,WRAP BOX,13,295,8680.5642
F,F,TAKE BACK RETURN,2,Manufacturer#3,1-URGENT,1,BUILDING,MAIL,6,0.02,12,Brand#32,17,LG BOX,36,1441,66729.8905
F,F,COLLECT COD,0,Manufacturer#5,1-URGENT,1,BUILDING,REG AIR,3,0.03,5,Brand#55,17,WRAP CASE,7,1441,5168.0496
F,F,DELIVER IN PERSON,2,Manufacturer#3,1-URGENT,1,BUILDING,AIR,5,0.02,18,Brand#33,17,SM JAR,1,1441,38687.382
F,F,TAKE BACK RETURN,4,Manufacturer#2,1-URGENT,1,BUILDING,RAIL,7,0.02,4,Brand#21,17,LG DRUM,38,1441,30075.1895
F,F,COLLECT COD,4,Manufacturer#5,3-MEDIUM,2,BUILDING,SHIP,6,0.06,13,Brand#54,18,JUMBO PKG,6,1442,10586.0562
F,F,DELIVER IN PERSON,0,Manufacturer#3,3-MEDIUM,2,BUILDING,TRUCK,1,0.02,16,Brand#31,18,WRAP BOX,30,1442,55216.6888
F,F,DELIVER IN PERSON,1,Manufacturer#1,3-MEDIUM,2,BUILDING,MAIL,3,0.02,2,Brand#13,18,LG PKG,40,1442,58759.722
F,F,COLLECT COD,3,Manufacturer#1,3-MEDIUM,2,BUILDING,REG AIR,5,0.08,23,Brand#14,18,WRAP CASE,12,1442,47155.65
F,F,COLLECT COD,1,Manufacturer#2,3-MEDIUM,2,BUILDING,TRUCK,7,0.03,2,Brand#25,18,WRAP JAR,18,1442,21129.6264
F,F,NONE,2,Manufacturer#4,1-URGENT,2,MACHINERY,AIR,6,0.04,12,Brand#41,9,WRAP PKG,26,295,30246.0938
F,F,DELIVER IN PERSON,4,Manufacturer#2,1-URGENT,2,MACHINERY,SHIP,4,0.01,11,Brand#24,9,MED CAN,25,295,36688.1424
F,F,DELIVER IN PERSON,2,Manufacturer#4,1-URGENT,2,MACHINERY,REG AIR,7,0.08,12,Brand#45,9,SM DRUM,22,295,33079.6998
F,F,NONE,0,Manufacturer#5,1-URGENT,2,MACHINERY,TRUCK,1,0.06,16,Brand#52,9,JUMBO JAR,15,295,30722.0823
F,F,COLLECT COD,3,Manufacturer#2,5-LOW,3,AUTOMOBILE,RAIL,2,0.04,23,Brand#21,7,WRAP BOX,2,1443,38114.3364
F,F,NONE,2,Manufacturer#5,5-LOW,3,AUTOMOBILE,FOB,1,0.04,18,Brand#52,7,MED DRUM,17,1443,18099.812
F,F,COLLECT COD,1,Manufacturer#1,5-LOW,3,AUTOMOBILE,MAIL,4,0.07,1,Brand#11,7,JUMBO CASE,10,1443,11655.2448
F,F,COLLECT COD,1,Manufacturer#3,4-NOT SPECIFIED,0,FURNITURE,AIR,1,0.03,1,Brand#31,0,WRAP DRUM,41,1444,43409.828
F,F,COLLECT COD,2,Manufacturer#2,4-NOT SPECIFIED,3,BUILDING,MAIL,1,0.05,12,Brand#23,7,MED CASE,34,1445,43172.508
F,F,TAKE BACK RETURN,3,Manufacturer#1,4-NOT SPECIFIED,3,BUILDING,FOB,2,0.08,19,Brand#13,7,LG JAR,19,1445,5668.614
F,F,DELIVER IN PERSON,4,Manufacturer#1,2-HIGH,0,FURNITURE,SHIP,1,0.06,4,Brand#11,16,MED DRUM,14,1446,3689.7201
F,F,TAKE BACK RETURN,1,Manufacturer#1,2-HIGH,0,FURNITURE,SHIP,3,0.08,3,Brand#11,16,MED PACK,29,1446,3071.8233
F,F,TAKE BACK RETURN,2,Manufacturer#4,2-HIGH,0,FURNITURE,RAIL,4,0.04,18,Brand#41,16,WRAP JAR,30,1446,43952.4
F,F,TAKE BACK RETURN,1,Manufacturer#4,5-LOW,1,MACHINERY,AIR,2,0.07,17,Brand#41,3,SM JAR,48,1447,30912.6048
F,F,COLLECT COD,2,Manufacturer#1,5-LOW,1,MACHINERY,RAIL,1,0.01,18,Brand#14,3,JUMBO PACK,26,1447,68408.8314
F,F,COLLECT COD,4,Manufacturer#1,5-LOW,1,MACHINERY,SHIP,5,0.02,4,Brand#14,3,WRAP PACK,25,1447,55647.9
F,F,NONE,3,Manufacturer#3,5-LOW,1,MACHINERY,TRUCK,6,0,6,Brand#35,3,LG CASE,18,1447,5763.175
F,F,COLLECT COD,3,Manufacturer#1,4-NOT SPECIFIED,0,FURNITURE,MAIL,2,0.08,22,Brand#13,0,JUMBO JAR,31,1444,47938.7286
F,F,NONE,1,Manufacturer#5,3-MEDIUM,3,AUTOMOBILE,FOB,2,0.08,3,Brand#52,6,LG DRUM,14,1448,16560.5376
F,F,NONE,2,Manufacturer#1,5-LOW,1,BUILDING,SHIP,1,0,21,Brand#15,1,JUMBO BOX,15,1449,67376.489
F,F,DELIVER IN PERSON,0,Manufacturer#4,1-URGENT,2,HOUSEHOLD,RAIL,2,0.06,0,Brand#45,9,LG BOX,31,860,21137.9238
F,F,TAKE BACK RETURN,1,Manufacturer#1,1-URGENT,2,HOUSEHOLD,TRUCK,3,0.01,3,Brand#14,9,LG CASE,7,860,3274.0344
F,F,COLLECT COD,0,Manufacturer#3,2-HIGH,2,AUTOMOBILE,SHIP,2,0.06,0,Brand#35,18,JUMBO JAR,27,1450,29562.2691
F,F,NONE,0,Manufacturer#3,3-MEDIUM,1,BUILDING,SHIP,2,0.02,16,Brand#35,24,JUMBO PACK,24,1451,18534.7512
F,F,TAKE BACK RETURN,0,Manufacturer#1,4-NOT SPECIFIED,3,AUTOMOBILE,TRUCK,2,0.01,14,Brand#14,22,LG DRUM,16,101,55245.96
F,F,TAKE BACK RETURN,2,Manufacturer#2,3-MEDIUM,3,BUILDING,REG AIR,6,0.08,18,Brand#22,22,WRAP JAR,3,1452,52494.0234
F,F,TAKE BACK RETURN,4,Manufacturer#2,3-MEDIUM,3,BUILDING,FOB,1,0,11,Brand#21,22,JUMBO CASE,11,1452,31588.8822
F,F,DELIVER IN PERSON,4,Manufacturer#1,3-MEDIUM,3,BUILDING,REG AIR,5,0.07,20,Brand#13,22,LG DRUM,15,1452,85674.68
F,F,DELIVER IN PERSON,3,Manufacturer#2,3-MEDIUM,3,BUILDING,REG AIR,4,0.06,23,Brand#21,22,LG DRUM,49,1452,61346.3552
F,F,DELIVER IN PERSON,1,Manufacturer#5,3-MEDIUM,3,BUILDING,FOB,3,0,3,Brand#51,22,SM PACK,29,1452,5757.57
F,F,COLLECT COD,1,Manufacturer#4,3-MEDIUM,3,BUILDING,REG AIR,2,0.04,2,Brand#42,22,WRAP JAR,3,1452,42398.92
F,F,NONE,1,Manufacturer#1,4-NOT SPECIFIED,2,HOUSEHOLD,FOB,1,0.01,2,Brand#13,21,LG BAG,31,1453,8051.7954
F,F,DELIVER IN PERSON,1,Manufacturer#1,4-NOT SPECIFIED,2,HOUSEHOLD,FOB,4,0.08,24,Brand#13,21,WRAP CAN,7,1453,70985.3508
F,F,NONE,2,Manufacturer#4,4-NOT SPECIFIED,2,HOUSEHOLD,AIR,3,0.03,21,Brand#43,21,WRAP CAN,8,1453,47949.234
F,F,DELIVER IN PERSON,0,Manufacturer#4,4-NOT SPECIFIED,2,HOUSEHOLD,MAIL,2,0.02,16,Brand#41,21,JUMBO BOX,37,1453,9084.348
F,F,NONE,4,Manufacturer#4,1-URGENT,4,AUTOMOBILE,RAIL,4,0.07,11,Brand#41,13,MED PKG,14,1454,22859.88
F,F,NONE,1,Manufacturer#4,1-URGENT,4,AUTOMOBILE,FOB,7,0.06,2,Brand#41,13,WRAP DRUM,19,1454,52834.0736
F,F,TAKE BACK RETURN,4,Manufacturer#3,1-URGENT,4,AUTOMOBILE,TRUCK,5,0.06,11,Brand#33,13,WRAP JAR,30,1454,22823.808
F,F,DELIVER IN PERSON,3,Manufacturer#2,1-URGENT,4,AUTOMOBILE,REG AIR,6,0.03,22,Brand#21,13,SM PKG,10,1454,5986.44
F,F,DELIVER IN PERSON,3,Manufacturer#1,1-URGENT,4,AUTOMOBILE,FOB,3,0.05,23,Brand#11,13,SM JAR,24,1454,26095.36
F,F,DELIVER IN PERSON,2,Manufacturer#3,4-NOT SPECIFIED,0,MACHINERY,FOB,1,0.08,21,Brand#34,0,JUMBO PACK,19,1455,18935.7498
F,F,TAKE BACK RETURN,1,Manufacturer#5,2-HIGH,2,AUTOMOBILE,MAIL,3,0.03,3,Brand#54,18,LG DRUM,17,1450,19121.22
F,F,DELIVER IN PERSON,0,Manufacturer#2,2-HIGH,2,AUTOMOBILE,MAIL,1,0.02,5,Brand#23,18,MED BAG,25,1450,24411.0385
F,F,DELIVER IN PERSON,3,Manufacturer#4,1-URGENT,1,MACHINERY,SHIP,3,0.05,6,Brand#41,1,LG JAR,49,1456,15959.5456
F,F,TAKE BACK RETURN,2,Manufacturer#2,1-URGENT,1,MACHINERY,TRUCK,1,0.04,12,Brand#23,1,WRAP CAN,27,1456,45287.4968
F,F,DELIVER IN PERSON,4,Manufacturer#2,1-URGENT,3,AUTOMOBILE,RAIL,5,0.04,13,Brand#23,7,WRAP CAN,16,1457,8852.9952
F,F,TAKE BACK RETURN,1,Manufacturer#1,1-URGENT,4,AUTOMOBILE,FOB,7,0.03,2,Brand#15,4,JUMBO BOX,29,1458,3493.0776
F,F,DELIVER IN PERSON,4,Manufacturer#2,1-URGENT,4,AUTOMOBILE,TRUCK,2,0,4,Brand#25,4,WRAP DRUM,22,1458,46488.1816
F,F,DELIVER IN PERSON,0,Manufacturer#5,1-URGENT,4,AUTOMOBILE,SHIP,5,0.02,14,Brand#52,4,WRAP DRUM,12,1458,4530.1509
F,F,NONE,2,Manufacturer#5,1-URGENT,4,AUTOMOBILE,MAIL,1,0.07,12,Brand#52,4,WRAP DRUM,38,1458,12442.6484
F,F,NONE,2,Manufacturer#5,1-URGENT,4,AUTOMOBILE,TRUCK,6,0.04,8,Brand#53,4,JUMBO BAG,21,1458,27360.0855
F,F,DELIVER IN PERSON,4,Manufacturer#5,3-MEDIUM,3,BUILDING,MAIL,2,0.08,13,Brand#52,19,WRAP JAR,8,384,43753.56
F,F,TAKE BACK RETURN,4,Manufacturer#1,1-URGENT,4,FURNITURE,MAIL,2,0.06,10,Brand#13,10,JUMBO BOX,46,1459,63409.23
F,F,COLLECT COD,4,Manufacturer#3,1-URGENT,4,FURNITURE,REG AIR,4,0.06,13,Brand#33,10,JUMBO CAN,40,1459,29106.7992
F,F,COLLECT COD,3,Manufacturer#1,1-URGENT,4,FURNITURE,TRUCK,1,0.07,6,Brand#11,10,SM CAN,29,1459,3262.6338
F,F,NONE,4,Manufacturer#2,2-HIGH,3,BUILDING,SHIP,4,0.03,11,Brand#24,22,WRAP CASE,11,1460,20059.6968
F,F,DELIVER IN PERSON,2,Manufacturer#4,2-HIGH,0,AUTOMOBILE,SHIP,2,0.01,21,Brand#44,5,JUMBO PKG,28,1461,52408.1598
F,F,TAKE BACK RETURN,4,Manufacturer#1,2-HIGH,0,AUTOMOBILE,RAIL,3,0.03,13,Brand#12,5,LG BAG,20,1461,31537.6578
F,F,COLLECT COD,2,Manufacturer#3,2-HIGH,0,AUTOMOBILE,MAIL,4,0.07,18,Brand#31,5,LG DRUM,35,1461,38632.44
F,F,NONE,1,Manufacturer#4,2-HIGH,0,AUTOMOBILE,RAIL,1,0.02,1,Brand#42,5,JUMBO JAR,32,1461,35941.84
F,F,NONE,0,Manufacturer#5,2-HIGH,0,AUTOMOBILE,RAIL,5,0.07,14,Brand#53,5,SM BOX,27,1461,32610.3202
F,F,TAKE BACK RETURN,3,Manufacturer#3,4-NOT SPECIFIED,0,BUILDING,SHIP,6,0.02,7,Brand#35,14,MED CASE,22,1462,8643.3408
F,F,NONE,4,Manufacturer#3,4-NOT SPECIFIED,0,BUILDING,RAIL,1,0.02,20,Brand#33,14,JUMBO PKG,35,1462,56842.832
F,F,TAKE BACK RETURN,1,Manufacturer#3,4-NOT SPECIFIED,0,BUILDING,MAIL,4,0.07,24,Brand#32,14,LG CASE,40,1462,8247.5424
F,F,COLLECT COD,0,Manufacturer#4,4-NOT SPECIFIED,0,BUILDING,AIR,3,0.01,14,Brand#45,14,SM PKG,45,1462,66666.25
F,F,COLLECT COD,1,Manufacturer#1,1-URGENT,1,HOUSEHOLD,TRUCK,2,0.07,24,Brand#11,1,MED PACK,39,1463,62058.096
F,F,DELIVER IN PERSON,4,Manufacturer#2,3-MEDIUM,3,BUILDING,RAIL,5,0.08,4,Brand#23,23,JUMBO CAN,34,1464,19618.092
F,F,NONE,4,Manufacturer#2,4-NOT SPECIFIED,0,FURNITURE,TRUCK,5,0,13,Brand#23,15,JUMBO CASE,31,1465,50317.3152
F,F,TAKE BACK RETURN,1,Manufacturer#1,4-NOT SPECIFIED,0,FURNITURE,AIR,2,0,1,Brand#12,15,SM JAR,49,1465,72745.1136
F,F,TAKE BACK RETURN,3,Manufacturer#2,5-LOW,2,FURNITURE,RAIL,4,0.01,23,Brand#21,21,WRAP CASE,39,1466,56339.64
F,F,NONE,4,Manufacturer#5,5-LOW,2,FURNITURE,MAIL,2,0.03,10,Brand#54,21,MED BOX,41,1466,6517.0908
F,F,TAKE BACK RETURN,2,Manufacturer#4,5-LOW,2,FURNITURE,REG AIR,1,0.07,18,Brand#43,21,MED PACK,6,1466,4010.8068
F,F,COLLECT COD,0,Manufacturer#3,5-LOW,2,FURNITURE,RAIL,3,0.08,16,Brand#33,21,SM JAR,5,1466,48224.2572
F,F,DELIVER IN PERSON,0,Manufacturer#2,2-HIGH,4,HOUSEHOLD,MAIL,2,0.01,5,Brand#23,13,MED DRUM,18,1467,43138.284
F,F,COLLECT COD,4,Manufacturer#5,2-HIGH,4,HOUSEHOLD,AIR,1,0,20,Brand#51,13,JUMBO BOX,45,1467,41686.736
F,F,DELIVER IN PERSON,4,Manufacturer#1,2-HIGH,4,HOUSEHOLD,AIR,4,0.07,10,Brand#11,13,JUMBO BAG,25,1467,3349.415
F,F,COLLECT COD,0,Manufacturer#2,4-NOT SPECIFIED,0,FURNITURE,AIR,1,0.02,15,Brand#21,15,LG BAG,20,1468,28203.087
F,F,NONE,0,Manufacturer#3,4-NOT SPECIFIED,1,FURNITURE,RAIL,5,0.02,5,Brand#31,1,SM PKG,37,1469,68089.4604
F,F,COLLECT COD,2,Manufacturer#4,4-NOT SPECIFIED,1,FURNITURE,RAIL,2,0.04,21,Brand#42,1,WRAP CAN,42,1469,10366.21
F,F,NONE,1,Manufacturer#3,4-NOT SPECIFIED,1,FURNITURE,SHIP,3,0.07,3,Brand#33,1,WRAP CAN,49,1469,40880.69
F,F,DELIVER IN PERSON,0,Manufacturer#5,1-URGENT,1,HOUSEHOLD,MAIL,5,0.08,0,Brand#55,2,SM PKG,4,1470,51226.3902
F,F,NONE,1,Manufacturer#4,1-URGENT,1,HOUSEHOLD,AIR,6,0.06,3,Brand#45,2,MED JAR,40,1470,59341.6362
F,F,TAKE BACK RETURN,2,Manufacturer#1,1-URGENT,1,HOUSEHOLD,TRUCK,3,0.05,9,Brand#12,2,MED PKG,37,1470,11968.8192
F,F,TAKE BACK RETURN,1,Manufacturer#2,1-URGENT,1,HOUSEHOLD,RAIL,2,0,3,Brand#23,2,MED DRUM,31,1470,20426.148
F,F,DELIVER IN PERSON,4,Manufacturer#3,1-URGENT,1,HOUSEHOLD,AIR,1,0.01,20,Brand#34,2,LG JAR,21,1470,46953.14
F,F,NONE,2,Manufacturer#2,3-MEDIUM,2,HOUSEHOLD,REG AIR,2,0.01,9,Brand#21,12,SM DRUM,40,1471,34604.388
F,F,DELIVER IN PERSON,4,Manufacturer#3,3-MEDIUM,2,HOUSEHOLD,FOB,1,0.04,4,Brand#32,12,SM PACK,33,1471,5777.6256
F,F,NONE,3,Manufacturer#2,4-NOT SPECIFIED,3,MACHINERY,RAIL,4,0,22,Brand#25,7,MED BAG,31,1472,47295.2312
F,F,DELIVER IN PERSON,1,Manufacturer#1,4-NOT SPECIFIED,3,MACHINERY,SHIP,2,0.08,24,Brand#15,7,MED CAN,35,1472,36747.7396
F,F,COLLECT COD,2,Manufacturer#1,1-URGENT,3,AUTOMOBILE,RAIL,6,0.08,18,Brand#14,7,MED PACK,26,1457,31552.3936
F,F,TAKE BACK RETURN,2,Manufacturer#2,1-URGENT,3,AUTOMOBILE,SHIP,3,0.04,12,Brand#25,7,JUMBO CAN,25,1457,16424.19
F,F,DELIVER IN PERSON,1,Manufacturer#1,1-URGENT,3,AUTOMOBILE,TRUCK,1,0.08,24,Brand#15,7,SM JAR,29,1457,40812.4332
F,F,COLLECT COD,4,Manufacturer#4,5-LOW,3,MACHINERY,FOB,1,0,4,Brand#43,6,JUMBO BAG,16,1473,18069.4722
F,F,COLLECT COD,0,Manufacturer#5,4-NOT SPECIFIED,2,FURNITURE,MAIL,1,0.06,15,Brand#54,8,MED DRUM,24,1474,23781.8877
F,F,NONE,0,Manufacturer#4,4-NOT SPECIFIED,2,FURNITURE,TRUCK,6,0.06,0,Brand#42,8,WRAP PACK,12,1474,24050.0005
F,F,COLLECT COD,2,Manufacturer#3,4-NOT SPECIFIED,2,FURNITURE,SHIP,2,0.08,12,Brand#35,8,WRAP DRUM,41,1474,51864.2264
F,F,COLLECT COD,1,Manufacturer#4,4-NOT SPECIFIED,2,FURNITURE,MAIL,3,0.08,1,Brand#43,8,JUMBO DRUM,14,1474,6859.3824
F,F,TAKE BACK RETURN,4,Manufacturer#1,2-HIGH,4,AUTOMOBILE,MAIL,3,0.03,4,Brand#14,20,SM BAG,12,121,27590.5575
F,F,COLLECT COD,0,Manufacturer#2,2-HIGH,4,AUTOMOBILE,SHIP,4,0.05,15,Brand#25,20,WRAP JAR,3,121,41676.0435
F,F,DELIVER IN PERSON,2,Manufacturer#4,1-URGENT,4,HOUSEHOLD,AIR,7,0,21,Brand#42,11,JUMBO JAR,7,147,14406.0224
F,F,NONE,2,Manufacturer#3,5-LOW,2,MACHINERY,TRUCK,4,0.04,9,Brand#32,9,LG DRUM,39,1475,32903.598
F,F,DELIVER IN PERSON,0,Manufacturer#4,5-LOW,2,MACHINERY,TRUCK,1,0.03,15,Brand#44,9,MED PACK,11,1475,52617.555
F,F,DELIVER IN PERSON,3,Manufacturer#2,4-NOT SPECIFIED,2,BUILDING,RAIL,3,0.02,6,Brand#22,18,LG BOX,28,1476,47063.5752
F,F,NONE,3,Manufacturer#3,1-URGENT,4,HOUSEHOLD,REG AIR,3,0.05,23,Brand#33,11,WRAP BAG,14,147,3260.2776
F,F,TAKE BACK RETURN,4,Manufacturer#2,1-URGENT,4,HOUSEHOLD,TRUCK,6,0.02,4,Brand#22,11,SM PACK,35,147,37789.939
F,F,DELIVER IN PERSON,4,Manufacturer#3,1-URGENT,4,HOUSEHOLD,MAIL,5,0.06,20,Brand#33,11,LG PKG,3,147,22918.7904
F,F,TAKE BACK RETURN,0,Manufacturer#5,1-URGENT,4,HOUSEHOLD,SHIP,1,0.03,0,Brand#54,11,LG PKG,8,147,44906.538
F,F,DELIVER IN PERSON,0,Manufacturer#5,4-NOT SPECIFIED,0,MACHINERY,AIR,4,0.05,5,Brand#52,15,MED BAG,6,1477,41201.5296
F,F,TAKE BACK RETURN,2,Manufacturer#5,5-LOW,3,BUILDING,RAIL,2,0.06,12,Brand#54,7,MED DRUM,50,1478,965.6465
F,F,NONE,0,Manufacturer#4,5-LOW,3,BUILDING,RAIL,1,0.06,16,Brand#43,7,SM BOX,34,1478,18422.532
F,F,COLLECT COD,4,Manufacturer#5,5-LOW,3,BUILDING,RAIL,3,0.01,20,Brand#53,7,SM CASE,1,1478,49555.2288
F,F,DELIVER IN PERSON,4,Manufacturer#1,5-LOW,0,HOUSEHOLD,FOB,2,0.08,20,Brand#14,16,WRAP CASE,35,1479,5035.5225
F,F,NONE,0,Manufacturer#1,2-HIGH,1,AUTOMOBILE,TRUCK,2,0.01,0,Brand#14,2,SM CASE,19,1480,17447.172
F,F,NONE,0,Manufacturer#1,2-HIGH,3,MACHINERY,RAIL,1,0.07,15,Brand#13,6,SM CASE,16,602,34132.14
F,F,DELIVER IN PERSON,2,Manufacturer#3,4-NOT SPECIFIED,0,MACHINERY,SHIP,2,0.02,21,Brand#33,5,JUMBO BOX,36,1481,22316.762
F,F,NONE,2,Manufacturer#5,3-MEDIUM,2,BUILDING,TRUCK,3,0.08,21,Brand#51,21,LG CASE,40,1482,17552.262
F,F,NONE,2,Manufacturer#4,1-URGENT,4,MACHINERY,FOB,1,0.07,18,Brand#45,11,MED CAN,36,1483,27013.269
F,F,TAKE BACK RETURN,2,Manufacturer#3,3-MEDIUM,1,BUILDING,RAIL,2,0.04,9,Brand#33,2,WRAP JAR,5,1484,21070.7496
F,F,NONE,3,Manufacturer#5,3-MEDIUM,1,BUILDING,AIR,3,0.06,22,Brand#55,2,LG JAR,44,1484,28739.6109
F,F,DELIVER IN PERSON,2,Manufacturer#3,5-LOW,4,BUILDING,FOB,3,0.08,8,Brand#33,13,MED CASE,40,1485,4170.4026
F,F,COLLECT COD,2,Manufacturer#3,1-URGENT,0,FURNITURE,AIR,1,0.07,8,Brand#35,16,MED CASE,26,1486,12121.08
F,F,NONE,0,Manufacturer#1,4-NOT SPECIFIED,3,AUTOMOBILE,SHIP,5,0.06,16,Brand#11,6,JUMBO CASE,20,1487,49204
F,F,COLLECT COD,1,Manufacturer#1,3-MEDIUM,4,HOUSEHOLD,MAIL,1,0.07,17,Brand#13,10,LG PKG,23,1488,7899.4512
F,F,COLLECT COD,3,Manufacturer#4,1-URGENT,0,FURNITURE,SHIP,3,0.02,7,Brand#42,16,SM JAR,49,1486,47111.625
F,F,DELIVER IN PERSON,1,Manufacturer#2,1-URGENT,0,FURNITURE,AIR,4,0.06,1,Brand#23,16,JUMBO PKG,2,1486,47042.1993
F,F,NONE,2,Manufacturer#3,3-MEDIUM,1,BUILDING,FOB,2,0.04,18,Brand#34,17,SM JAR,28,1489,22160.358
F,F,NONE,1,Manufacturer#3,5-LOW,2,BUILDING,FOB,1,0.07,1,Brand#33,21,SM BAG,48,1490,24279.0075
F,F,COLLECT COD,0,Manufacturer#4,3-MEDIUM,1,AUTOMOBILE,FOB,1,0.06,16,Brand#41,3,SM DRUM,8,1491,62599.0365
F,F,NONE,3,Manufacturer#3,4-NOT SPECIFIED,0,BUILDING,RAIL,6,0.01,7,Brand#32,14,SM JAR,18,1492,13173.4638
F,F,TAKE BACK RETURN,1,Manufacturer#5,4-NOT SPECIFIED,0,BUILDING,FOB,4,0.07,3,Brand#53,14,MED CAN,44,1492,64306.735
F,F,COLLECT COD,3,Manufacturer#3,4-NOT SPECIFIED,0,BUILDING,AIR,5,0.04,7,Brand#32,14,SM PACK,27,1492,45514.224
F,F,TAKE BACK RETURN,3,Manufacturer#2,4-NOT SPECIFIED,0,FURNITURE,RAIL,6,0.03,19,Brand#22,14,LG BOX,22,1493,22300.992
F,F,NONE,1,Manufacturer#4,4-NOT SPECIFIED,0,FURNITURE,REG AIR,7,0.05,3,Brand#45,14,JUMBO CASE,33,1493,64759.812
F,F,NONE,2,Manufacturer#3,4-NOT SPECIFIED,0,FURNITURE,TRUCK,1,0.02,8,Brand#34,14,SM JAR,37,1493,30686.6
F,F,NONE,2,Manufacturer#2,3-MEDIUM,4,BUILDING,FOB,2,0,8,Brand#25,10,MED CASE,4,865,16025.4864
F,F,COLLECT COD,2,Manufacturer#3,3-MEDIUM,4,BUILDING,REG AIR,4,0.03,18,Brand#31,10,JUMBO BOX,31,865,36379.2408
F,F,TAKE BACK RETURN,0,Manufacturer#3,3-MEDIUM,4,BUILDING,SHIP,1,0.04,5,Brand#35,10,WRAP CASE,48,865,64025.28
F,F,COLLECT COD,2,Manufacturer#4,3-MEDIUM,3,MACHINERY,RAIL,1,0.03,21,Brand#45,19,LG JAR,45,1494,47739.0186
F,F,TAKE BACK RETURN,0,Manufacturer#3,5-LOW,1,HOUSEHOLD,AIR,6,0.07,14,Brand#32,1,LG PACK,9,1495,22726.3212
F,F,TAKE BACK RETURN,2,Manufacturer#2,5-LOW,1,HOUSEHOLD,SHIP,4,0.02,9,Brand#22,1,SM BAG,28,1495,49769.6136
F,F,NONE,1,Manufacturer#5,5-LOW,1,HOUSEHOLD,AIR,5,0.08,17,Brand#51,1,SM PACK,31,1495,38022.12
F,F,COLLECT COD,0,Manufacturer#5,2-HIGH,1,FURNITURE,MAIL,3,0,0,Brand#54,2,WRAP DRUM,17,1496,37201.86
F,F,TAKE BACK RETURN,3,Manufacturer#2,2-HIGH,1,FURNITURE,RAIL,1,0.05,6,Brand#25,2,JUMBO PACK,18,1496,10386.018
F,F,TAKE BACK RETURN,1,Manufacturer#4,4-NOT SPECIFIED,4,BUILDING,MAIL,2,0.03,3,Brand#44,10,SM PKG,8,1497,19158.876
F,F,TAKE BACK RETURN,3,Manufacturer#2,4-NOT SPECIFIED,4,BUILDING,AIR,4,0.01,22,Brand#21,10,JUMBO CASE,40,1497,44446.038
F,F,TAKE BACK RETURN,0,Manufacturer#4,4-NOT SPECIFIED,4,BUILDING,MAIL,7,0.01,5,Brand#42,10,JUMBO JAR,48,1497,18959.416
F,F,NONE,2,Manufacturer#1,4-NOT SPECIFIED,4,BUILDING,TRUCK,3,0.07,18,Brand#14,10,LG BAG,45,1497,53096.248
F,F,COLLECT COD,4,Manufacturer#2,4-NOT SPECIFIED,4,BUILDING,REG AIR,1,0.01,10,Brand#25,10,SM JAR,9,1497,20746.2178
F,F,DELIVER IN PERSON,3,Manufacturer#5,1-URGENT,3,MACHINERY,REG AIR,3,0.02,19,Brand#55,7,JUMBO CASE,34,1498,74798.4
F,F,DELIVER IN PERSON,2,Manufacturer#5,1-URGENT,3,MACHINERY,FOB,4,0.05,12,Brand#53,7,LG BOX,9,1498,38182.3
F,F,NONE,3,Manufacturer#3,3-MEDIUM,4,BUILDING,SHIP,1,0.04,7,Brand#33,10,MED JAR,43,1499,54127.4508
F,F,NONE,0,Manufacturer#4,5-LOW,2,BUILDING,RAIL,3,0.01,14,Brand#41,21,WRAP PACK,30,1490,5138.04
F,F,NONE,0,Manufacturer#1,2-HIGH,4,FURNITURE,SHIP,4,0.05,16,Brand#15,11,WRAP DRUM,3,1500,39944.016
F,F,COLLECT COD,0,Manufacturer#4,5-LOW,1,HOUSEHOLD,SHIP,4,0.08,0,Brand#43,1,JUMBO BOX,23,1501,50088.2508
F,F,NONE,1,Manufacturer#4,5-LOW,1,HOUSEHOLD,AIR,3,0.05,1,Brand#43,1,SM BOX,34,1501,25736.931
F,F,DELIVER IN PERSON,1,Manufacturer#4,5-LOW,0,AUTOMOBILE,AIR,1,0.06,24,Brand#41,16,WRAP PKG,18,1502,27077.4
F,F,DELIVER IN PERSON,1,Manufacturer#1,5-LOW,0,AUTOMOBILE,MAIL,2,0.01,1,Brand#11,16,MED BAG,29,1502,21482.2374
F,F,NONE,4,Manufacturer#3,5-LOW,0,AUTOMOBILE,SHIP,3,0.05,4,Brand#32,16,SM JAR,18,1502,9409.617
F,F,NONE,1,Manufacturer#3,4-NOT SPECIFIED,0,MACHINERY,TRUCK,5,0.06,3,Brand#34,14,SM CASE,38,1503,13970.88
F,F,NONE,2,Manufacturer#3,1-URGENT,4,BUILDING,RAIL,2,0,18,Brand#32,11,WRAP JAR,10,471,20878.6032
F,F,DELIVER IN PERSON,1,Manufacturer#3,5-LOW,0,MACHINERY,MAIL,1,0.02,2,Brand#33,14,WRAP PACK,43,1504,30065.714
F,F,COLLECT COD,3,Manufacturer#2,5-LOW,0,MACHINERY,SHIP,2,0.03,22,Brand#24,14,MED BOX,41,1504,25325.0725
F,F,COLLECT COD,1,Manufacturer#3,4-NOT SPECIFIED,4,MACHINERY,MAIL,1,0.01,3,Brand#35,4,JUMBO JAR,32,1505,43546.5716
F,F,COLLECT COD,1,Manufacturer#2,2-HIGH,2,BUILDING,FOB,1,0.07,1,Brand#22,8,LG CASE,15,1506,26690.4909
F,F,DELIVER IN PERSON,4,Manufacturer#5,2-HIGH,2,BUILDING,RAIL,2,0.08,10,Brand#55,8,JUMBO CASE,21,1506,5259.0384
F,F,TAKE BACK RETURN,0,Manufacturer#1,2-HIGH,2,FURNITURE,AIR,4,0.01,14,Brand#15,8,JUMBO BAG,11,601,12128.5645
F,F,DELIVER IN PERSON,1,Manufacturer#3,2-HIGH,2,FURNITURE,AIR,3,0.06,1,Brand#33,8,LG CAN,34,601,13514.31
F,F,TAKE BACK RETURN,2,Manufacturer#2,4-NOT SPECIFIED,0,MACHINERY,SHIP,4,0.05,18,Brand#24,14,MED JAR,16,1503,62904.5862
F,F,DELIVER IN PERSON,1,Manufacturer#4,1-URGENT,0,MACHINERY,AIR,1,0.05,24,Brand#43,5,MED JAR,15,1507,41256.3456
F,F,TAKE BACK RETURN,2,Manufacturer#2,1-URGENT,0,MACHINERY,REG AIR,3,0.01,18,Brand#22,5,MED CAN,24,1507,20203.2
F,F,TAKE BACK RETURN,0,Manufacturer#3,1-URGENT,3,HOUSEHOLD,TRUCK,1,0,0,Brand#34,19,MED BAG,27,1508,9306.4608
F,F,NONE,3,Manufacturer#1,1-URGENT,1,FURNITURE,SHIP,1,0.01,22,Brand#13,1,MED BOX,30,1509,7761.6
F,F,COLLECT COD,0,Manufacturer#5,5-LOW,2,MACHINERY,TRUCK,1,0.05,14,Brand#52,8,MED DRUM,17,1510,10412.0568
F,F,COLLECT COD,1,Manufacturer#2,3-MEDIUM,4,BUILDING,REG AIR,1,0.06,1,Brand#23,10,JUMBO BAG,20,1511,66514.6944
F,F,TAKE BACK RETURN,4,Manufacturer#4,3-MEDIUM,2,BUILDING,AIR,3,0.03,20,Brand#44,21,MED BOX,12,1120,30435.9552
F,F,NONE,2,Manufacturer#1,3-MEDIUM,0,FURNITURE,MAIL,1,0.06,21,Brand#11,14,WRAP PACK,21,1512,18339.3244
F,F,NONE,1,Manufacturer#5,3-MEDIUM,0,FURNITURE,TRUCK,3,0.02,3,Brand#54,14,SM DRUM,12,1512,24955.872
F,F,NONE,1,Manufacturer#1,3-MEDIUM,0,FURNITURE,MAIL,2,0.02,2,Brand#14,14,WRAP JAR,19,1512,24758.46
F,F,NONE,0,Manufacturer#3,3-MEDIUM,0,FURNITURE,FOB,7,0.04,0,Brand#35,14,JUMBO JAR,4,1512,24869.0715
F,F,TAKE BACK RETURN,1,Manufacturer#4,3-MEDIUM,0,FURNITURE,TRUCK,4,0.06,3,Brand#41,14,SM BOX,37,1512,12138.48
F,F,COLLECT COD,1,Manufacturer#1,4-NOT SPECIFIED,4,MACHINERY,AIR,4,0,17,Brand#12,13,JUMBO DRUM,29,1513,1524.446
F,F,NONE,3,Manufacturer#5,4-NOT SPECIFIED,4,MACHINERY,TRUCK,1,0.06,7,Brand#55,13,SM CASE,3,1513,49123.1862
F,F,TAKE BACK RETURN,1,Manufacturer#5,4-NOT SPECIFIED,4,MACHINERY,FOB,5,0,17,Brand#55,13,LG PACK,4,1513,15864.2045
F,F,TAKE BACK RETURN,2,Manufacturer#1,4-NOT SPECIFIED,4,MACHINERY,RAIL,2,0.01,18,Brand#12,13,MED CAN,8,1513,20376.16
F,F,DELIVER IN PERSON,0,Manufacturer#1,1-URGENT,3,FURNITURE,AIR,6,0.07,14,Brand#14,19,SM BOX,1,1514,75986.5638
F,F,COLLECT COD,1,Manufacturer#5,1-URGENT,3,FURNITURE,MAIL,2,0.03,2,Brand#53,19,SM DRUM,12,1514,47571.1104
F,F,NONE,4,Manufacturer#4,1-URGENT,3,FURNITURE,RAIL,1,0.03,4,Brand#42,19,MED JAR,4,1514,23669.856
F,F,NONE,3,Manufacturer#1,1-URGENT,3,FURNITURE,REG AIR,7,0.04,6,Brand#14,19,SM BOX,20,1514,33956.7228
F,F,COLLECT COD,2,Manufacturer#4,5-LOW,1,HOUSEHOLD,REG AIR,2,0,12,Brand#43,1,MED DRUM,43,1435,14617.584
F,F,TAKE BACK RETURN,2,Manufacturer#4,5-LOW,1,HOUSEHOLD,REG AIR,3,0.01,12,Brand#45,1,WRAP CASE,6,1435,16603.5168
F,F,TAKE BACK RETURN,0,Manufacturer#1,5-LOW,4,HOUSEHOLD,FOB,1,0.08,0,Brand#15,10,SM CAN,32,1222,47000.646
F,F,COLLECT COD,3,Manufacturer#1,3-MEDIUM,3,AUTOMOBILE,RAIL,2,0.07,7,Brand#11,19,WRAP PKG,27,1515,8950.8304
F,F,TAKE BACK RETURN,0,Manufacturer#2,2-HIGH,1,HOUSEHOLD,SHIP,1,0.07,15,Brand#24,3,SM PACK,39,1516,61594.884
F,F,TAKE BACK RETURN,4,Manufacturer#5,2-HIGH,1,HOUSEHOLD,FOB,5,0,11,Brand#54,3,WRAP CAN,36,1516,57514.7154
F,F,TAKE BACK RETURN,0,Manufacturer#1,2-HIGH,1,HOUSEHOLD,REG AIR,2,0.04,0,Brand#12,3,LG JAR,41,1516,87741.5
F,F,COLLECT COD,3,Manufacturer#3,2-HIGH,1,HOUSEHOLD,MAIL,4,0.05,7,Brand#33,3,LG PACK,46,1516,54705.96
F,F,DELIVER IN PERSON,4,Manufacturer#5,4-NOT SPECIFIED,3,MACHINERY,MAIL,1,0,20,Brand#55,7,LG JAR,45,1517,5411.1148
F,F,TAKE BACK RETURN,4,Manufacturer#2,4-NOT SPECIFIED,3,MACHINERY,TRUCK,4,0.02,4,Brand#24,7,LG JAR,25,1517,49432.6014
F,F,NONE,0,Manufacturer#5,4-NOT SPECIFIED,3,MACHINERY,TRUCK,3,0.08,14,Brand#51,7,LG CASE,40,1517,49959
F,F,NONE,4,Manufacturer#2,5-LOW,0,AUTOMOBILE,RAIL,3,0.07,4,Brand#23,16,WRAP CASE,35,1518,68612.22
F,F,NONE,2,Manufacturer#5,5-LOW,0,AUTOMOBILE,SHIP,2,0.02,18,Brand#51,16,LG BAG,10,1518,49581.74
F,F,DELIVER IN PERSON,0,Manufacturer#4,4-NOT SPECIFIED,2,MACHINERY,MAIL,5,0.05,16,Brand#45,8,MED BAG,47,1519,34155.8
F,F,NONE,2,Manufacturer#4,4-NOT SPECIFIED,2,MACHINERY,FOB,6,0.08,9,Brand#45,8,MED DRUM,31,1519,59970.2922
F,F,DELIVER IN PERSON,4,Manufacturer#5,5-LOW,4,HOUSEHOLD,MAIL,1,0.04,11,Brand#54,11,WRAP CASE,23,1236,36257.738
F,F,COLLECT COD,2,Manufacturer#1,3-MEDIUM,3,FURNITURE,MAIL,2,0.07,9,Brand#12,19,LG JAR,26,1514,15311.256
F,F,NONE,3,Manufacturer#4,3-MEDIUM,3,FURNITURE,MAIL,1,0,23,Brand#41,19,LG CAN,49,1514,47764.1025
F,F,NONE,1,Manufacturer#5,1-URGENT,4,HOUSEHOLD,MAIL,1,0.05,1,Brand#54,10,LG PKG,22,1520,35249.664
F,F,DELIVER IN PERSON,0,Manufacturer#2,1-URGENT,4,HOUSEHOLD,RAIL,5,0.02,5,Brand#24,10,MED BOX,5,1520,29099.3792
F,F,TAKE BACK RETURN,2,Manufacturer#4,1-URGENT,4,HOUSEHOLD,FOB,2,0,8,Brand#44,10,JUMBO CAN,47,1520,56198.7855
F,F,COLLECT COD,2,Manufacturer#2,1-URGENT,4,HOUSEHOLD,TRUCK,3,0.04,8,Brand#25,10,MED BOX,48,1520,38393.082
F,F,TAKE BACK RETURN,3,Manufacturer#3,3-MEDIUM,3,AUTOMOBILE,FOB,1,0.08,22,Brand#32,19,MED CASE,39,1515,22250.214
F,F,COLLECT COD,2,Manufacturer#5,3-MEDIUM,3,AUTOMOBILE,RAIL,7,0.08,12,Brand#54,19,LG JAR,13,1515,11873.3566
F,F,TAKE BACK RETURN,2,Manufacturer#2,1-URGENT,3,HOUSEHOLD,TRUCK,4,0.08,12,Brand#25,7,SM JAR,35,1521,15037.7472
F,F,NONE,0,Manufacturer#5,2-HIGH,0,HOUSEHOLD,MAIL,2,0.05,15,Brand#55,5,MED CAN,7,1522,28835.1518
F,F,NONE,1,Manufacturer#1,2-HIGH,0,HOUSEHOLD,REG AIR,4,0.04,3,Brand#14,5,LG BAG,43,1522,20777.3088
F,F,TAKE BACK RETURN,4,Manufacturer#3,2-HIGH,0,HOUSEHOLD,RAIL,6,0,4,Brand#35,5,MED PACK,5,1522,29431.164
F,F,TAKE BACK RETURN,0,Manufacturer#5,2-HIGH,0,HOUSEHOLD,SHIP,5,0.08,0,Brand#54,5,LG PKG,42,1522,17849.592
F,F,DELIVER IN PERSON,1,Manufacturer#5,1-URGENT,3,HOUSEHOLD,FOB,3,0.08,24,Brand#53,7,MED CAN,3,1521,34636.0034
F,F,TAKE BACK RETURN,2,Manufacturer#4,1-URGENT,3,HOUSEHOLD,SHIP,1,0,21,Brand#42,7,MED DRUM,44,1521,25380.81
F,F,TAKE BACK RETURN,1,Manufacturer#2,5-LOW,3,FURNITURE,TRUCK,3,0.07,1,Brand#22,22,SM BAG,40,1523,84824.2464
F,F,NONE,4,Manufacturer#2,4-NOT SPECIFIED,3,HOUSEHOLD,REG AIR,1,0,4,Brand#22,7,LG BOX,1,1524,15953.868
F,F,COLLECT COD,2,Manufacturer#5,5-LOW,3,FURNITURE,RAIL,4,0.01,12,Brand#53,22,JUMBO PKG,28,1523,2951.586
F,F,NONE,2,Manufacturer#5,5-LOW,3,FURNITURE,FOB,1,0.03,8,Brand#53,22,WRAP PKG,26,1523,19171.8075
F,F,TAKE BACK RETURN,0,Manufacturer#1,4-NOT SPECIFIED,3,HOUSEHOLD,SHIP,1,0.06,15,Brand#12,6,WRAP BAG,18,1525,5762.2656
F,F,TAKE BACK RETURN,0,Manufacturer#2,4-NOT SPECIFIED,3,HOUSEHOLD,TRUCK,4,0.04,14,Brand#22,6,SM JAR,8,1525,48798.7872
F,F,COLLECT COD,4,Manufacturer#2,4-NOT SPECIFIED,3,HOUSEHOLD,SHIP,2,0,4,Brand#21,6,JUMBO BAG,19,1525,4875.984
F,F,DELIVER IN PERSON,1,Manufacturer#4,5-LOW,0,BUILDING,SHIP,3,0.03,24,Brand#45,15,WRAP BAG,6,1526,38471.0872
F,F,NONE,0,Manufacturer#3,3-MEDIUM,2,FURNITURE,RAIL,1,0.06,16,Brand#35,18,LG JAR,41,1527,59301.9304
F,F,DELIVER IN PERSON,3,Manufacturer#4,3-MEDIUM,2,FURNITURE,AIR,3,0.04,19,Brand#42,18,JUMBO DRUM,32,1527,19831.392
F,F,TAKE BACK RETURN,4,Manufacturer#3,3-MEDIUM,2,FURNITURE,MAIL,2,0.03,13,Brand#33,18,WRAP PKG,2,1527,43170.3756
F,F,DELIVER IN PERSON,2,Manufacturer#3,5-LOW,0,BUILDING,TRUCK,6,0,18,Brand#32,15,JUMBO BOX,26,1526,29482.7484
F,F,DELIVER IN PERSON,2,Manufacturer#2,4-NOT SPECIFIED,3,AUTOMOBILE,TRUCK,7,0.02,21,Brand#23,6,WRAP PACK,29,1145,41306.8242
F,F,COLLECT COD,4,Manufacturer#3,4-NOT SPECIFIED,3,HOUSEHOLD,SHIP,1,0.03,11,Brand#33,22,SM JAR,26,1528,61137.882
F,F,NONE,4,Manufacturer#1,2-HIGH,2,AUTOMOBILE,FOB,3,0.04,20,Brand#12,18,WRAP CAN,7,1529,5911.5096
F,F,COLLECT COD,2,Manufacturer#5,2-HIGH,2,AUTOMOBILE,TRUCK,4,0.06,8,Brand#52,18,LG PACK,6,1529,29342.304
F,F,DELIVER IN PERSON,1,Manufacturer#4,2-HIGH,2,AUTOMOBILE,TRUCK,1,0.07,17,Brand#42,18,JUMBO CAN,35,1529,44788.3128
F,F,DELIVER IN PERSON,0,Manufacturer#3,4-NOT SPECIFIED,3,AUTOMOBILE,REG AIR,1,0.08,15,Brand#32,6,JUMBO JAR,14,1145,83526.1644
F,F,TAKE BACK RETURN,0,Manufacturer#5,4-NOT SPECIFIED,3,AUTOMOBILE,AIR,6,0.06,16,Brand#53,6,LG CAN,17,1145,43056.3406
F,F,TAKE BACK RETURN,4,Manufacturer#2,4-NOT SPECIFIED,3,AUTOMOBILE,REG AIR,3,0.01,20,Brand#23,6,MED CASE,28,1145,32734.75
F,F,COLLECT COD,3,Manufacturer#3,4-NOT SPECIFIED,3,AUTOMOBILE,REG AIR,2,0.08,19,Brand#34,6,WRAP CAN,49,1145,39214.0552
F,F,TAKE BACK RETURN,0,Manufacturer#4,2-HIGH,0,FURNITURE,REG AIR,4,0.06,16,Brand#42,5,JUMBO PKG,34,1530,34791.7185
F,F,TAKE BACK RETURN,0,Manufacturer#4,5-LOW,1,HOUSEHOLD,MAIL,3,0.03,0,Brand#41,24,JUMBO DRUM,23,1531,1449.6072
F,F,DELIVER IN PERSON,3,Manufacturer#2,5-LOW,1,HOUSEHOLD,AIR,5,0,22,Brand#24,24,JUMBO BAG,25,1531,62657.7224
F,F,NONE,1,Manufacturer#4,5-LOW,1,HOUSEHOLD,FOB,2,0.02,24,Brand#43,24,WRAP JAR,13,1531,17195.6876
F,F,NONE,4,Manufacturer#3,2-HIGH,0,FURNITURE,REG AIR,3,0.02,20,Brand#33,5,SM PACK,16,1530,42082.0704
F,F,DELIVER IN PERSON,0,Manufacturer#2,2-HIGH,0,FURNITURE,FOB,2,0.03,0,Brand#21,5,JUMBO PACK,49,1530,53476.9437
F,F,NONE,4,Manufacturer#2,5-LOW,1,BUILDING,SHIP,3,0.03,4,Brand#22,1,JUMBO PACK,47,1161,30127.2768
F,F,COLLECT COD,0,Manufacturer#4,5-LOW,3,MACHINERY,TRUCK,3,0.08,14,Brand#42,19,WRAP PACK,21,1532,19751.5539
F,F,TAKE BACK RETURN,4,Manufacturer#3,5-LOW,2,HOUSEHOLD,MAIL,6,0,20,Brand#35,21,MED BOX,13,1533,47623.6096
F,F,NONE,4,Manufacturer#4,5-LOW,2,HOUSEHOLD,SHIP,4,0.08,13,Brand#43,21,MED CASE,21,1533,85201.0752
F,F,DELIVER IN PERSON,2,Manufacturer#4,5-LOW,2,HOUSEHOLD,MAIL,2,0.03,8,Brand#43,21,JUMBO BOX,40,1533,7680.4
F,F,NONE,3,Manufacturer#3,5-LOW,3,MACHINERY,FOB,2,0.06,6,Brand#34,19,JUMBO JAR,14,1532,16400.8768
F,F,DELIVER IN PERSON,1,Manufacturer#1,1-URGENT,2,HOUSEHOLD,SHIP,3,0.05,1,Brand#14,18,SM CASE,18,1534,17190.36
F,F,COLLECT COD,0,Manufacturer#4,1-URGENT,0,MACHINERY,SHIP,2,0.03,0,Brand#41,5,JUMBO BAG,18,1535,13296.3
F,F,TAKE BACK RETURN,3,Manufacturer#4,1-URGENT,0,MACHINERY,SHIP,4,0.04,22,Brand#45,5,LG DRUM,9,1535,7149.0118
F,F,NONE,1,Manufacturer#5,1-URGENT,0,MACHINERY,FOB,1,0.03,2,Brand#55,5,JUMBO DRUM,20,1535,55400.4
F,F,NONE,3,Manufacturer#2,4-NOT SPECIFIED,0,FURNITURE,AIR,4,0.01,22,Brand#24,15,WRAP PACK,45,1536,13536.705
F,F,NONE,0,Manufacturer#3,4-NOT SPECIFIED,0,FURNITURE,RAIL,2,0.02,16,Brand#31,15,MED CAN,28,1536,77886.45
F,F,TAKE BACK RETURN,3,Manufacturer#2,5-LOW,4,HOUSEHOLD,FOB,1,0.06,6,Brand#23,13,JUMBO JAR,24,187,41730.9132
F,F,NONE,3,Manufacturer#5,5-LOW,4,HOUSEHOLD,REG AIR,2,0.04,7,Brand#53,13,WRAP BOX,46,187,6751.8696
F,F,NONE,4,Manufacturer#5,5-LOW,4,HOUSEHOLD,FOB,4,0.01,10,Brand#55,13,WRAP BOX,36,187,31217.004
F,F,COLLECT COD,2,Manufacturer#2,4-NOT SPECIFIED,3,BUILDING,SHIP,1,0.05,18,Brand#24,7,JUMBO CASE,48,1537,17919.612
F,F,NONE,4,Manufacturer#4,1-URGENT,2,HOUSEHOLD,TRUCK,5,0.04,20,Brand#44,18,WRAP CASE,35,1534,28719.288
F,F,COLLECT COD,1,Manufacturer#3,3-MEDIUM,0,FURNITURE,RAIL,3,0.03,17,Brand#32,14,SM DRUM,25,1538,13701.1392
F,F,COLLECT COD,1,Manufacturer#1,1-URGENT,2,BUILDING,AIR,5,0.05,2,Brand#12,9,JUMBO BOX,48,1539,47593.4277
F,F,NONE,1,Manufacturer#3,3-MEDIUM,3,AUTOMOBILE,FOB,4,0,1,Brand#34,6,LG PKG,8,1540,32704.6302
F,F,TAKE BACK RETURN,3,Manufacturer#1,3-MEDIUM,3,AUTOMOBILE,SHIP,2,0.07,22,Brand#13,6,MED BOX,17,1540,55673.34
F,F,COLLECT COD,4,Manufacturer#5,1-URGENT,2,BUILDING,TRUCK,3,0.04,20,Brand#55,9,LG BAG,20,1539,8611.521
F,F,COLLECT COD,4,Manufacturer#3,1-URGENT,2,BUILDING,AIR,1,0.04,4,Brand#31,9,WRAP BAG,16,1539,61611.219
F,F,NONE,1,Manufacturer#3,3-MEDIUM,3,FURNITURE,AIR,1,0.03,1,Brand#31,19,LG CASE,43,1541,31094.4663
F,F,TAKE BACK RETURN,0,Manufacturer#5,5-LOW,1,MACHINERY,SHIP,5,0.08,0,Brand#55,1,SM BAG,38,1542,79889.66
F,F,COLLECT COD,0,Manufacturer#4,5-LOW,0,AUTOMOBILE,TRUCK,1,0.03,16,Brand#41,16,LG PACK,13,1543,24051.639
F,F,TAKE BACK RETURN,3,Manufacturer#2,3-MEDIUM,3,FURNITURE,FOB,3,0.07,23,Brand#25,19,WRAP DRUM,31,1541,37796.544
F,F,COLLECT COD,0,Manufacturer#4,3-MEDIUM,4,MACHINERY,RAIL,3,0.02,5,Brand#43,4,WRAP BAG,16,1544,9207.099
F,F,DELIVER IN PERSON,3,Manufacturer#1,3-MEDIUM,4,MACHINERY,RAIL,4,0.08,19,Brand#12,4,SM PKG,21,1544,39047.2992
F,F,DELIVER IN PERSON,1,Manufacturer#2,5-LOW,4,HOUSEHOLD,AIR,3,0.04,24,Brand#22,13,SM CAN,20,639,2206.38
F,F,COLLECT COD,4,Manufacturer#5,5-LOW,4,HOUSEHOLD,FOB,5,0.07,20,Brand#53,13,MED CASE,28,639,34631.091
F,F,NONE,1,Manufacturer#2,5-LOW,4,HOUSEHOLD,SHIP,6,0.06,2,Brand#21,13,LG BOX,29,639,86178.7488
F,F,DELIVER IN PERSON,1,Manufacturer#3,2-HIGH,4,HOUSEHOLD,MAIL,3,0.03,1,Brand#34,4,SM PACK,22,1545,25082.9824
F,F,NONE,0,Manufacturer#1,4-NOT SPECIFIED,0,AUTOMOBILE,SHIP,1,0.04,16,Brand#15,16,JUMBO BOX,34,1546,5599.626
F,F,TAKE BACK RETURN,0,Manufacturer#3,5-LOW,1,FURNITURE,MAIL,2,0.02,5,Brand#35,17,SM BOX,33,635,51705.5913
F,F,DELIVER IN PERSON,3,Manufacturer#3,2-HIGH,1,BUILDING,FOB,3,0.02,22,Brand#32,3,MED PKG,45,1547,34509.108
F,F,NONE,3,Manufacturer#4,2-HIGH,1,BUILDING,RAIL,4,0.01,6,Brand#42,3,SM DRUM,10,1547,18804.7104
F,F,DELIVER IN PERSON,1,Manufacturer#3,2-HIGH,1,BUILDING,AIR,1,0.06,3,Brand#33,3,MED CAN,8,1547,26025.12
F,F,COLLECT COD,1,Manufacturer#5,4-NOT SPECIFIED,1,BUILDING,RAIL,1,0.05,24,Brand#54,3,LG CAN,32,1548,36473.43
F,F,NONE,4,Manufacturer#2,2-HIGH,4,HOUSEHOLD,AIR,2,0.04,13,Brand#22,4,WRAP BAG,27,1545,5780.37
F,F,NONE,1,Manufacturer#3,5-LOW,2,BUILDING,AIR,1,0,17,Brand#35,9,SM BOX,26,1549,33652.325
F,F,COLLECT COD,1,Manufacturer#2,5-LOW,4,BUILDING,REG AIR,3,0,24,Brand#25,13,JUMBO PKG,35,1550,1508.6
F,F,COLLECT COD,4,Manufacturer#2,2-HIGH,0,AUTOMOBILE,SHIP,1,0.07,20,Brand#22,5,WRAP JAR,33,1551,51115.508
F,F,DELIVER IN PERSON,2,Manufacturer#1,2-HIGH,0,AUTOMOBILE,FOB,4,0.03,9,Brand#13,5,LG DRUM,44,1551,62264.6064
F,F,COLLECT COD,4,Manufacturer#2,2-HIGH,0,AUTOMOBILE,TRUCK,3,0.07,4,Brand#22,5,JUMBO JAR,7,1551,57944.58
F,F,NONE,1,Manufacturer#3,1-URGENT,3,BUILDING,REG AIR,3,0.05,1,Brand#35,6,SM JAR,16,1552,5646.1476
F,F,NONE,3,Manufacturer#2,1-URGENT,3,BUILDING,MAIL,5,0.05,23,Brand#23,6,WRAP PKG,6,1552,19720.2222
F,F,DELIVER IN PERSON,3,Manufacturer#1,1-URGENT,3,BUILDING,RAIL,6,0.04,7,Brand#13,6,MED CAN,25,1552,12930.6
F,F,COLLECT COD,1,Manufacturer#1,1-URGENT,4,BUILDING,AIR,3,0.06,17,Brand#12,20,WRAP PACK,24,1553,50733.6706
F,F,COLLECT COD,3,Manufacturer#1,5-LOW,0,BUILDING,TRUCK,4,0.06,7,Brand#15,14,JUMBO PACK,3,790,35401.212
F,F,COLLECT COD,3,Manufacturer#5,5-LOW,0,BUILDING,FOB,5,0.04,6,Brand#53,14,LG BAG,36,790,35882.3472
F,F,COLLECT COD,2,Manufacturer#3,3-MEDIUM,1,FURNITURE,REG AIR,4,0.08,18,Brand#33,3,LG PACK,9,1554,10691.6
F,F,COLLECT COD,4,Manufacturer#3,3-MEDIUM,1,FURNITURE,RAIL,1,0,20,Brand#35,3,WRAP DRUM,40,1554,23197.356
F,F,TAKE BACK RETURN,3,Manufacturer#4,3-MEDIUM,1,FURNITURE,SHIP,3,0.05,22,Brand#41,3,LG JAR,19,1554,45678.6624
F,F,NONE,1,Manufacturer#3,3-MEDIUM,1,FURNITURE,FOB,2,0.06,17,Brand#32,3,WRAP CAN,44,1554,5249.586
F,F,NONE,4,Manufacturer#4,5-LOW,2,AUTOMOBILE,FOB,2,0.02,11,Brand#45,18,JUMBO BOX,16,1555,46112.922
F,F,TAKE BACK RETURN,0,Manufacturer#2,5-LOW,2,AUTOMOBILE,MAIL,1,0,5,Brand#23,18,MED CAN,16,1555,4150.4372
F,F,NONE,2,Manufacturer#2,5-LOW,2,AUTOMOBILE,AIR,3,0.08,12,Brand#22,18,MED BOX,36,1555,24610.452
F,F,TAKE BACK RETURN,3,Manufacturer#2,5-LOW,4,BUILDING,RAIL,1,0.07,19,Brand#22,13,WRAP CAN,1,1550,1456.8543
F,F,DELIVER IN PERSON,3,Manufacturer#1,3-MEDIUM,4,BUILDING,FOB,6,0.05,23,Brand#13,4,SM BAG,13,445,29049.552
F,F,DELIVER IN PERSON,2,Manufacturer#2,3-MEDIUM,4,BUILDING,TRUCK,5,0.07,12,Brand#23,4,JUMBO BOX,38,445,920.0736
F,F,COLLECT COD,2,Manufacturer#3,2-HIGH,1,MACHINERY,AIR,3,0.03,18,Brand#34,24,JUMBO PACK,32,1556,18216.5472
F,F,DELIVER IN PERSON,0,Manufacturer#3,2-HIGH,1,MACHINERY,FOB,2,0.05,16,Brand#35,24,JUMBO BAG,27,1556,53321.849
F,F,COLLECT COD,1,Manufacturer#1,2-HIGH,1,MACHINERY,REG AIR,1,0,2,Brand#15,24,SM BOX,2,1556,45593.03
F,F,NONE,2,Manufacturer#1,2-HIGH,4,HOUSEHOLD,AIR,1,0.08,18,Brand#13,4,LG JAR,14,1557,12460.1544
F,F,NONE,1,Manufacturer#5,2-HIGH,4,HOUSEHOLD,TRUCK,2,0.08,2,Brand#52,4,MED BAG,32,1557,3094.6401
F,F,DELIVER IN PERSON,1,Manufacturer#2,2-HIGH,4,HOUSEHOLD,MAIL,3,0.04,2,Brand#23,4,MED PACK,33,1557,64811.0592
F,F,TAKE BACK RETURN,4,Manufacturer#2,2-HIGH,4,HOUSEHOLD,MAIL,5,0.04,20,Brand#22,4,SM CAN,16,1557,38532.7008
F,F,DELIVER IN PERSON,3,Manufacturer#4,4-NOT SPECIFIED,4,AUTOMOBILE,AIR,1,0.04,23,Brand#41,20,SM CASE,45,1558,32724.1824
F,F,COLLECT COD,2,Manufacturer#4,5-LOW,1,AUTOMOBILE,TRUCK,7,0.05,12,Brand#41,17,JUMBO BAG,20,1559,57787.5366
F,F,NONE,1,Manufacturer#3,5-LOW,1,AUTOMOBILE,MAIL,4,0.07,1,Brand#35,17,MED BOX,5,1559,2681.2458
F,F,COLLECT COD,0,Manufacturer#5,5-LOW,1,AUTOMOBILE,RAIL,1,0.06,16,Brand#54,17,SM BAG,26,1559,25652.9488
F,F,DELIVER IN PERSON,1,Manufacturer#4,3-MEDIUM,4,MACHINERY,AIR,4,0.05,2,Brand#41,4,SM CASE,25,1560,32636.736
F,F,NONE,0,Manufacturer#1,3-MEDIUM,4,MACHINERY,REG AIR,1,0.01,14,Brand#15,4,WRAP DRUM,28,1560,24536.2712
F,F,DELIVER IN PERSON,2,Manufacturer#1,3-MEDIUM,4,MACHINERY,TRUCK,2,0.02,18,Brand#11,4,WRAP JAR,24,1560,34534.284
F,F,TAKE BACK RETURN,2,Manufacturer#3,3-MEDIUM,0,HOUSEHOLD,AIR,1,0.07,12,Brand#34,14,MED JAR,33,885,85061.3952
F,F,NONE,2,Manufacturer#4,3-MEDIUM,2,BUILDING,SHIP,6,0.03,18,Brand#44,8,JUMBO JAR,7,195,65534.6692
F,F,TAKE BACK RETURN,0,Manufacturer#1,3-MEDIUM,2,BUILDING,MAIL,2,0.01,0,Brand#13,8,LG PKG,3,195,19788.804
F,F,TAKE BACK RETURN,0,Manufacturer#5,3-MEDIUM,2,BUILDING,FOB,7,0.07,15,Brand#51,8,SM PACK,9,195,39028.144
F,F,TAKE BACK RETURN,3,Manufacturer#5,3-MEDIUM,2,BUILDING,REG AIR,5,0.04,19,Brand#55,8,WRAP PACK,29,195,34580.4816
F,F,DELIVER IN PERSON,3,Manufacturer#2,3-MEDIUM,2,BUILDING,REG AIR,1,0.08,22,Brand#21,8,MED DRUM,1,195,59688.756
F,F,DELIVER IN PERSON,3,Manufacturer#3,2-HIGH,4,MACHINERY,FOB,2,0.06,22,Brand#31,20,LG PACK,37,1561,7962.3905
F,F,COLLECT COD,3,Manufacturer#2,2-HIGH,4,MACHINERY,AIR,1,0,6,Brand#25,20,WRAP PACK,12,1561,72690.048
F,F,DELIVER IN PERSON,1,Manufacturer#1,5-LOW,3,FURNITURE,SHIP,4,0.08,17,Brand#12,6,JUMBO PACK,40,227,63657.4653
F,F,NONE,0,Manufacturer#5,5-LOW,3,FURNITURE,SHIP,1,0.08,14,Brand#55,6,MED CASE,17,227,39094.0416
F,F,TAKE BACK RETURN,2,Manufacturer#4,5-LOW,3,FURNITURE,AIR,3,0.05,12,Brand#45,6,WRAP JAR,8,227,63020.0076
F,F,NONE,0,Manufacturer#3,4-NOT SPECIFIED,4,BUILDING,MAIL,1,0.08,15,Brand#35,20,WRAP PKG,27,1562,6305.2108
F,F,NONE,4,Manufacturer#5,4-NOT SPECIFIED,4,AUTOMOBILE,AIR,2,0.05,4,Brand#54,20,SM DRUM,46,1558,43519.234
F,F,DELIVER IN PERSON,2,Manufacturer#3,2-HIGH,1,HOUSEHOLD,SHIP,1,0.07,9,Brand#34,24,JUMBO PKG,11,1563,14551.3536
F,F,DELIVER IN PERSON,0,Manufacturer#5,2-HIGH,1,HOUSEHOLD,SHIP,4,0.01,0,Brand#51,24,SM JAR,5,1563,37798.1016
F,F,TAKE BACK RETURN,2,Manufacturer#3,2-HIGH,1,HOUSEHOLD,TRUCK,7,0,18,Brand#33,24,WRAP PKG,33,1563,1704.186
F,F,COLLECT COD,2,Manufacturer#2,1-URGENT,0,BUILDING,MAIL,2,0.02,9,Brand#23,15,MED JAR,34,1564,67139.97
F,F,TAKE BACK RETURN,0,Manufacturer#2,1-URGENT,2,BUILDING,TRUCK,1,0.06,14,Brand#23,18,MED BAG,11,1565,12610.4216
F,F,DELIVER IN PERSON,1,Manufacturer#1,2-HIGH,1,FURNITURE,REG AIR,2,0.06,17,Brand#12,3,SM DRUM,18,1566,23729.3056
F,F,TAKE BACK RETURN,3,Manufacturer#5,5-LOW,0,FURNITURE,MAIL,2,0.02,7,Brand#54,15,MED CASE,37,1567,18339.18
F,F,DELIVER IN PERSON,3,Manufacturer#1,5-LOW,0,FURNITURE,REG AIR,3,0.01,23,Brand#15,15,LG DRUM,26,1567,25973.1108
F,F,COLLECT COD,3,Manufacturer#4,2-HIGH,1,BUILDING,REG AIR,1,0.07,22,Brand#45,24,JUMBO BOX,8,1568,63940.128
F,F,TAKE BACK RETURN,1,Manufacturer#3,2-HIGH,1,BUILDING,AIR,2,0.03,1,Brand#33,24,LG BAG,15,1568,4241.56
F,F,DELIVER IN PERSON,2,Manufacturer#2,5-LOW,3,AUTOMOBILE,MAIL,2,0.08,9,Brand#21,7,SM BAG,16,1569,22958.4069
F,F,NONE,2,Manufacturer#5,5-LOW,3,AUTOMOBILE,SHIP,4,0.06,18,Brand#54,7,SM CASE,22,1569,47759.92
F,F,NONE,2,Manufacturer#4,5-LOW,2,MACHINERY,FOB,3,0.01,12,Brand#45,12,JUMBO CAN,6,1570,65315.7966
F,F,TAKE BACK RETURN,4,Manufacturer#2,5-LOW,2,MACHINERY,FOB,5,0,4,Brand#21,12,JUMBO PKG,11,1570,9591.264
F,F,DELIVER IN PERSON,4,Manufacturer#3,5-LOW,2,MACHINERY,REG AIR,2,0,11,Brand#33,12,SM JAR,46,1570,22970.3616
F,F,NONE,4,Manufacturer#2,5-LOW,2,MACHINERY,FOB,7,0.01,10,Brand#22,12,SM CAN,44,1570,47017.656
F,F,COLLECT COD,4,Manufacturer#2,5-LOW,2,MACHINERY,TRUCK,4,0.08,20,Brand#25,12,LG CAN,47,1570,12226.8861
F,F,TAKE BACK RETURN,2,Manufacturer#5,1-URGENT,0,BUILDING,SHIP,3,0.04,9,Brand#52,0,WRAP BAG,43,1141,63570.906
F,F,COLLECT COD,0,Manufacturer#4,2-HIGH,1,AUTOMOBILE,MAIL,5,0.04,15,Brand#43,1,MED DRUM,36,785,24794.88
F,F,COLLECT COD,2,Manufacturer#4,2-HIGH,1,AUTOMOBILE,AIR,1,0.08,21,Brand#45,1,SM BAG,4,785,42051.7728
F,F,NONE,0,Manufacturer#4,2-HIGH,1,AUTOMOBILE,RAIL,4,0.08,14,Brand#42,1,JUMBO BOX,42,785,24578.532
F,F,COLLECT COD,3,Manufacturer#1,1-URGENT,0,FURNITURE,REG AIR,2,0.06,23,Brand#14,5,LG DRUM,41,1571,20376.5868
F,F,COLLECT COD,1,Manufacturer#2,1-URGENT,3,MACHINERY,RAIL,1,0.06,24,Brand#24,6,SM CAN,21,1572,32231.475
F,F,NONE,1,Manufacturer#4,1-URGENT,3,MACHINERY,REG AIR,3,0.03,3,Brand#41,6,WRAP CASE,17,1572,72911.531
F,F,DELIVER IN PERSON,4,Manufacturer#3,1-URGENT,2,MACHINERY,RAIL,4,0.04,10,Brand#32,12,LG PKG,43,1573,44337.279
F,F,NONE,2,Manufacturer#3,1-URGENT,2,MACHINERY,FOB,6,0.08,18,Brand#34,12,MED BOX,32,1573,30115.648
F,F,DELIVER IN PERSON,0,Manufacturer#1,1-URGENT,2,MACHINERY,RAIL,2,0.03,5,Brand#15,12,MED PKG,34,1573,20542.1832
F,F,TAKE BACK RETURN,4,Manufacturer#5,1-URGENT,2,MACHINERY,SHIP,3,0.01,11,Brand#51,12,MED BOX,43,1573,38312.5944
F,F,TAKE BACK RETURN,2,Manufacturer#2,1-URGENT,2,MACHINERY,AIR,7,0.04,9,Brand#25,12,SM BOX,35,1573,66201.48
F,F,COLLECT COD,2,Manufacturer#2,5-LOW,1,MACHINERY,AIR,5,0.01,21,Brand#24,2,JUMBO BOX,27,1574,22579.5528
F,F,DELIVER IN PERSON,3,Manufacturer#3,3-MEDIUM,2,BUILDING,MAIL,1,0.04,7,Brand#33,18,WRAP BAG,4,1476,43727.04
F,F,COLLECT COD,1,Manufacturer#5,5-LOW,2,FURNITURE,RAIL,1,0.02,17,Brand#53,18,WRAP CAN,9,1575,36623.44
F,F,COLLECT COD,1,Manufacturer#5,5-LOW,2,FURNITURE,REG AIR,2,0.01,1,Brand#55,18,LG DRUM,24,1575,44909.34
F,F,TAKE BACK RETURN,0,Manufacturer#5,3-MEDIUM,3,BUILDING,REG AIR,2,0.03,14,Brand#53,22,LG DRUM,34,262,43694.6004
F,F,TAKE BACK RETURN,4,Manufacturer#4,3-MEDIUM,1,HOUSEHOLD,AIR,1,0.06,4,Brand#45,24,WRAP BAG,37,1576,21544.95
F,F,COLLECT COD,2,Manufacturer#1,5-LOW,1,MACHINERY,RAIL,2,0,9,Brand#14,2,JUMBO JAR,26,1574,37236.5831
F,F,TAKE BACK RETURN,0,Manufacturer#5,5-LOW,1,MACHINERY,SHIP,4,0.03,16,Brand#51,2,WRAP BOX,31,1574,46575.333
F,F,COLLECT COD,0,Manufacturer#2,5-LOW,1,MACHINERY,FOB,1,0.08,15,Brand#22,2,JUMBO BOX,46,1574,19212.375
F,F,COLLECT COD,2,Manufacturer#5,4-NOT SPECIFIED,0,MACHINERY,SHIP,1,0.03,18,Brand#55,15,MED PACK,40,1477,1094.3734
F,F,NONE,1,Manufacturer#4,4-NOT SPECIFIED,0,BUILDING,SHIP,5,0.04,24,Brand#41,14,SM DRUM,38,1577,26598.3312
F,F,TAKE BACK RETURN,4,Manufacturer#3,4-NOT SPECIFIED,0,BUILDING,AIR,3,0.05,10,Brand#32,14,WRAP DRUM,4,1577,40944.144
F,F,TAKE BACK RETURN,4,Manufacturer#2,3-MEDIUM,2,MACHINERY,AIR,1,0,10,Brand#22,21,SM BOX,6,1578,26198.4536
F,F,COLLECT COD,2,Manufacturer#5,1-URGENT,1,AUTOMOBILE,MAIL,3,0.06,18,Brand#51,17,WRAP CASE,15,1579,47097.9054
F,F,TAKE BACK RETURN,4,Manufacturer#3,4-NOT SPECIFIED,2,BUILDING,SHIP,4,0.05,10,Brand#31,8,LG CAN,16,1580,53146.0908
F,F,COLLECT COD,3,Manufacturer#3,4-NOT SPECIFIED,2,BUILDING,AIR,5,0,7,Brand#32,8,MED BOX,5,1580,61377.1872
F,F,NONE,1,Manufacturer#4,4-NOT SPECIFIED,2,BUILDING,TRUCK,6,0.02,1,Brand#41,8,LG PKG,25,1580,35503.9776
F,F,NONE,4,Manufacturer#2,2-HIGH,0,AUTOMOBILE,RAIL,3,0,4,Brand#21,16,LG CAN,13,1581,56179.296
F,F,NONE,0,Manufacturer#2,2-HIGH,0,AUTOMOBILE,TRUCK,4,0.05,15,Brand#22,16,JUMBO PKG,38,1581,78431.0856
F,F,DELIVER IN PERSON,0,Manufacturer#4,5-LOW,4,AUTOMOBILE,SHIP,2,0.07,0,Brand#43,11,MED BOX,35,1582,5180.1144
F,F,NONE,3,Manufacturer#3,5-LOW,4,AUTOMOBILE,FOB,4,0.08,23,Brand#35,11,WRAP PKG,25,1582,40114.575
F,F,NONE,0,Manufacturer#5,5-LOW,4,AUTOMOBILE,TRUCK,3,0.02,5,Brand#55,11,LG DRUM,31,1582,13438.88
F,F,TAKE BACK RETURN,4,Manufacturer#3,3-MEDIUM,3,MACHINERY,TRUCK,1,0.07,13,Brand#32,6,SM BAG,6,668,43562.4156
F,F,COLLECT COD,0,Manufacturer#1,2-HIGH,0,HOUSEHOLD,MAIL,3,0.04,0,Brand#14,5,MED BAG,23,1583,35844.5248
F,F,NONE,3,Manufacturer#3,1-URGENT,2,AUTOMOBILE,AIR,1,0,6,Brand#35,21,MED BAG,45,1584,20061.041
F,F,TAKE BACK RETURN,1,Manufacturer#3,1-URGENT,2,AUTOMOBILE,FOB,2,0.08,2,Brand#33,21,WRAP DRUM,16,1584,38889.24
F,F,NONE,2,Manufacturer#4,3-MEDIUM,2,FURNITURE,RAIL,1,0,12,Brand#43,8,MED BOX,16,1585,3070.4832
F,F,DELIVER IN PERSON,0,Manufacturer#3,3-MEDIUM,2,FURNITURE,TRUCK,2,0.04,0,Brand#35,8,LG JAR,7,1585,11415.04
F,F,DELIVER IN PERSON,2,Manufacturer#5,1-URGENT,4,AUTOMOBILE,SHIP,1,0.03,12,Brand#54,11,WRAP CASE,3,1586,14160.645
F,F,DELIVER IN PERSON,0,Manufacturer#1,1-URGENT,4,AUTOMOBILE,RAIL,2,0.07,5,Brand#13,11,MED CAN,36,1586,33267.2
F,F,COLLECT COD,2,Manufacturer#2,1-URGENT,4,AUTOMOBILE,SHIP,3,0.05,21,Brand#25,11,SM BAG,49,1586,51379.93
F,F,NONE,2,Manufacturer#4,4-NOT SPECIFIED,2,BUILDING,FOB,1,0.07,21,Brand#41,21,JUMBO BOX,4,1587,20268.6936
F,F,TAKE BACK RETURN,1,Manufacturer#1,1-URGENT,2,MACHINERY,SHIP,1,0.03,2,Brand#11,12,JUMBO CAN,26,1588,36616.671
F,F,DELIVER IN PERSON,4,Manufacturer#2,1-URGENT,2,MACHINERY,RAIL,2,0.02,11,Brand#21,12,MED DRUM,47,1588,41174.4294
F,F,DELIVER IN PERSON,2,Manufacturer#1,2-HIGH,0,BUILDING,AIR,3,0.02,12,Brand#15,0,MED BOX,14,1589,34076
F,F,COLLECT COD,3,Manufacturer#4,2-HIGH,0,BUILDING,FOB,5,0.07,23,Brand#45,0,MED PKG,41,1589,30063.4936
F,F,NONE,4,Manufacturer#4,2-HIGH,0,BUILDING,MAIL,2,0.02,11,Brand#42,0,JUMBO JAR,15,1589,67438.2884
F,F,NONE,0,Manufacturer#4,2-HIGH,0,HOUSEHOLD,MAIL,1,0.03,15,Brand#42,5,JUMBO DRUM,46,1583,4961.32
F,F,TAKE BACK RETURN,3,Manufacturer#5,2-HIGH,0,HOUSEHOLD,SHIP,5,0.04,23,Brand#55,5,LG JAR,31,1583,39290.8334
F,F,DELIVER IN PERSON,2,Manufacturer#3,2-HIGH,0,HOUSEHOLD,SHIP,7,0.05,21,Brand#34,5,JUMBO CAN,40,1583,38495.52
F,F,DELIVER IN PERSON,3,Manufacturer#1,2-HIGH,0,HOUSEHOLD,TRUCK,6,0.04,7,Brand#14,5,JUMBO PKG,6,1583,34317.15
F,F,TAKE BACK RETURN,3,Manufacturer#5,1-URGENT,4,MACHINERY,REG AIR,1,0.01,19,Brand#53,4,MED JAR,12,784,8773.9694
F,F,NONE,1,Manufacturer#4,1-URGENT,4,MACHINERY,AIR,3,0.05,24,Brand#42,4,SM PACK,25,784,11452.914
F,F,TAKE BACK RETURN,3,Manufacturer#1,1-URGENT,4,MACHINERY,MAIL,4,0.03,22,Brand#14,4,LG BOX,36,784,15242.337
F,F,COLLECT COD,2,Manufacturer#4,4-NOT SPECIFIED,0,BUILDING,REG AIR,5,0.07,18,Brand#45,14,MED BAG,33,1590,31321.158
F,F,TAKE BACK RETURN,2,Manufacturer#3,1-URGENT,4,FURNITURE,AIR,5,0.01,8,Brand#34,13,JUMBO CASE,47,637,21772.7136
F,F,NONE,3,Manufacturer#5,4-NOT SPECIFIED,2,FURNITURE,RAIL,1,0.05,23,Brand#55,12,WRAP DRUM,1,1591,33886.7242
F,F,COLLECT COD,2,Manufacturer#4,2-HIGH,4,MACHINERY,REG AIR,2,0.03,18,Brand#45,20,LG BAG,29,1592,7904.5728
F,F,COLLECT COD,0,Manufacturer#5,2-HIGH,4,MACHINERY,FOB,1,0.01,15,Brand#55,20,MED CAN,3,1592,13802.88
F,F,DELIVER IN PERSON,0,Manufacturer#5,5-LOW,4,HOUSEHOLD,REG AIR,3,0.06,16,Brand#53,20,SM CASE,1,1593,10278.3504
F,F,COLLECT COD,3,Manufacturer#2,5-LOW,4,HOUSEHOLD,AIR,2,0.08,7,Brand#22,20,WRAP CAN,14,1593,34000.8396
F,F,DELIVER IN PERSON,3,Manufacturer#1,5-LOW,4,HOUSEHOLD,FOB,1,0.07,7,Brand#14,20,LG JAR,9,1593,59490.1762
F,F,DELIVER IN PERSON,2,Manufacturer#3,1-URGENT,2,FURNITURE,REG AIR,5,0.02,21,Brand#32,9,WRAP CAN,44,1594,5139.0684
F,F,NONE,3,Manufacturer#3,1-URGENT,2,FURNITURE,RAIL,1,0,19,Brand#31,9,LG CAN,16,1594,24248.9115
F,F,COLLECT COD,0,Manufacturer#1,1-URGENT,2,FURNITURE,TRUCK,6,0.03,14,Brand#13,9,WRAP BAG,36,1594,22192.3872
F,F,NONE,3,Manufacturer#1,1-URGENT,2,FURNITURE,TRUCK,2,0.07,7,Brand#15,9,JUMBO CASE,32,1594,42451.5
F,F,DELIVER IN PERSON,3,Manufacturer#5,1-URGENT,2,FURNITURE,RAIL,3,0.01,19,Brand#55,9,WRAP PACK,29,1594,73886.2464
F,F,DELIVER IN PERSON,1,Manufacturer#5,2-HIGH,0,AUTOMOBILE,MAIL,3,0.06,24,Brand#54,5,LG JAR,9,1595,32669.5842
F,F,DELIVER IN PERSON,2,Manufacturer#2,2-HIGH,0,AUTOMOBILE,AIR,2,0.02,18,Brand#23,5,MED BAG,11,1595,44645.592
F,F,TAKE BACK RETURN,0,Manufacturer#1,1-URGENT,1,MACHINERY,AIR,1,0.04,0,Brand#12,1,JUMBO JAR,19,1596,41564.9268
F,F,COLLECT COD,0,Manufacturer#3,1-URGENT,1,MACHINERY,TRUCK,3,0.06,15,Brand#34,1,JUMBO DRUM,27,1596,49893.0399
F,F,DELIVER IN PERSON,4,Manufacturer#4,4-NOT SPECIFIED,1,HOUSEHOLD,AIR,1,0.04,11,Brand#41,3,WRAP PACK,40,1597,45763.172
F,F,TAKE BACK RETURN,2,Manufacturer#3,4-NOT SPECIFIED,1,HOUSEHOLD,FOB,2,0.07,18,Brand#35,3,MED CAN,48,1597,17743.7304
F,F,NONE,4,Manufacturer#3,3-MEDIUM,2,FURNITURE,SHIP,5,0.06,4,Brand#35,9,LG CAN,38,711,20582.1792
F,F,COLLECT COD,3,Manufacturer#5,3-MEDIUM,2,FURNITURE,RAIL,2,0.02,7,Brand#51,9,LG PACK,16,711,28109.8
F,F,DELIVER IN PERSON,0,Manufacturer#2,3-MEDIUM,2,FURNITURE,RAIL,4,0.06,14,Brand#21,9,JUMBO BAG,37,711,91922.04
F,F,TAKE BACK RETURN,4,Manufacturer#5,3-MEDIUM,2,FURNITURE,RAIL,6,0.04,20,Brand#51,9,LG PKG,30,711,28790.7741
F,F,NONE,0,Manufacturer#5,3-MEDIUM,2,FURNITURE,FOB,3,0.04,15,Brand#55,9,SM BOX,32,711,41780.77
F,F,COLLECT COD,2,Manufacturer#2,1-URGENT,4,FURNITURE,AIR,6,0,18,Brand#21,13,WRAP JAR,14,637,38605.891
F,F,TAKE BACK RETURN,4,Manufacturer#5,1-URGENT,4,FURNITURE,TRUCK,2,0.02,20,Brand#52,13,SM JAR,8,637,27253.4361
F,F,TAKE BACK RETURN,1,Manufacturer#5,1-URGENT,3,AUTOMOBILE,AIR,4,0.03,1,Brand#53,7,LG PACK,14,1598,72221.9296
F,F,COLLECT COD,3,Manufacturer#3,4-NOT SPECIFIED,1,FURNITURE,TRUCK,2,0.08,6,Brand#32,1,JUMBO CAN,23,1599,73641.2967
F,F,DELIVER IN PERSON,2,Manufacturer#4,1-URGENT,3,AUTOMOBILE,AIR,6,0.07,18,Brand#42,7,WRAP DRUM,31,1598,50933.2976
F,F,COLLECT COD,1,Manufacturer#3,1-URGENT,3,AUTOMOBILE,TRUCK,1,0.02,2,Brand#33,7,WRAP JAR,14,1598,66821.5504
F,F,DELIVER IN PERSON,3,Manufacturer#2,3-MEDIUM,1,BUILDING,MAIL,1,0.02,22,Brand#23,1,JUMBO PACK,24,1600,27777.3496
F,F,COLLECT COD,3,Manufacturer#2,3-MEDIUM,1,BUILDING,REG AIR,2,0.08,7,Brand#23,1,MED BAG,43,1600,50027.362
F,F,DELIVER IN PERSON,3,Manufacturer#5,4-NOT SPECIFIED,0,BUILDING,RAIL,3,0.01,6,Brand#54,0,LG DRUM,5,1601,39238.3082
F,F,NONE,3,Manufacturer#5,5-LOW,4,BUILDING,FOB,6,0.05,6,Brand#52,13,MED BOX,5,1602,37734.345
F,F,TAKE BACK RETURN,4,Manufacturer#1,5-LOW,4,BUILDING,REG AIR,3,0,11,Brand#15,13,WRAP CASE,47,1602,47358.7416
F,F,DELIVER IN PERSON,2,Manufacturer#4,4-NOT SPECIFIED,0,BUILDING,MAIL,4,0.07,18,Brand#45,0,JUMBO BAG,17,1601,42992.2818
F,F,DELIVER IN PERSON,1,Manufacturer#5,4-NOT SPECIFIED,0,BUILDING,SHIP,2,0.06,1,Brand#52,0,JUMBO PACK,40,1601,18479.7522
F,F,DELIVER IN PERSON,3,Manufacturer#2,1-URGENT,0,FURNITURE,RAIL,3,0,23,Brand#23,0,MED CASE,12,1603,44361.5904
F,F,TAKE BACK RETURN,3,Manufacturer#5,2-HIGH,0,BUILDING,MAIL,3,0.05,7,Brand#54,14,JUMBO PACK,18,1604,40515.182
F,F,NONE,4,Manufacturer#3,2-HIGH,0,BUILDING,TRUCK,5,0.07,13,Brand#34,14,JUMBO PACK,37,1604,26474.2488
F,F,NONE,2,Manufacturer#4,2-HIGH,0,BUILDING,MAIL,7,0.02,12,Brand#45,14,JUMBO JAR,16,1604,65183.1195
F,F,COLLECT COD,3,Manufacturer#3,2-HIGH,0,BUILDING,SHIP,6,0.06,22,Brand#33,14,MED JAR,48,1604,60499.1328
F,F,DELIVER IN PERSON,4,Manufacturer#3,2-HIGH,0,BUILDING,FOB,1,0.06,4,Brand#32,14,WRAP DRUM,27,1604,6302.0415
F,F,NONE,3,Manufacturer#2,4-NOT SPECIFIED,2,MACHINERY,TRUCK,3,0.06,22,Brand#22,18,WRAP BOX,46,1605,25501.23
F,F,TAKE BACK RETURN,4,Manufacturer#5,2-HIGH,1,AUTOMOBILE,MAIL,6,0.03,4,Brand#54,3,LG BAG,11,1606,26588.6348
F,F,NONE,2,Manufacturer#2,2-HIGH,1,AUTOMOBILE,FOB,5,0.07,21,Brand#25,3,SM BAG,37,1606,38573.7475
F,F,DELIVER IN PERSON,1,Manufacturer#4,2-HIGH,1,AUTOMOBILE,AIR,4,0.03,1,Brand#44,3,MED BAG,37,1606,30444.5952
F,F,DELIVER IN PERSON,0,Manufacturer#3,2-HIGH,1,AUTOMOBILE,AIR,3,0.06,0,Brand#32,3,LG CAN,48,1606,55903.2964
F,F,DELIVER IN PERSON,2,Manufacturer#5,4-NOT SPECIFIED,4,MACHINERY,REG AIR,2,0.06,8,Brand#53,20,MED CASE,1,1607,61311.2227
F,F,DELIVER IN PERSON,2,Manufacturer#4,4-NOT SPECIFIED,4,MACHINERY,AIR,1,0.06,8,Brand#44,20,MED CAN,2,1607,20673.6
F,F,NONE,4,Manufacturer#2,1-URGENT,0,FURNITURE,REG AIR,5,0.06,4,Brand#22,5,MED JAR,50,1608,3777.39
F,F,NONE,3,Manufacturer#3,1-URGENT,0,FURNITURE,FOB,2,0.02,7,Brand#35,5,JUMBO CASE,45,1608,45029.6
F,F,COLLECT COD,1,Manufacturer#5,1-URGENT,0,FURNITURE,AIR,4,0,2,Brand#52,5,LG BOX,3,1608,42623.3262
F,F,TAKE BACK RETURN,4,Manufacturer#1,1-URGENT,0,FURNITURE,REG AIR,3,0.06,10,Brand#15,5,JUMBO JAR,31,1608,60979.2768
F,F,DELIVER IN PERSON,4,Manufacturer#4,1-URGENT,0,FURNITURE,SHIP,1,0,20,Brand#42,0,LG CAN,1,1603,9882.774
F,F,DELIVER IN PERSON,3,Manufacturer#3,1-URGENT,0,FURNITURE,TRUCK,6,0.03,6,Brand#35,0,JUMBO DRUM,25,1603,65386.3938
F,F,COLLECT COD,2,Manufacturer#1,1-URGENT,0,FURNITURE,MAIL,5,0.08,12,Brand#12,0,JUMBO DRUM,45,1603,37081.0232
F,F,TAKE BACK RETURN,1,Manufacturer#3,1-URGENT,0,FURNITURE,TRUCK,2,0.07,1,Brand#35,0,MED BAG,34,1603,57545.856
F,F,DELIVER IN PERSON,4,Manufacturer#1,2-HIGH,0,HOUSEHOLD,TRUCK,4,0.05,20,Brand#13,16,LG DRUM,20,1609,26142.2805
F,F,TAKE BACK RETURN,4,Manufacturer#4,2-HIGH,0,HOUSEHOLD,AIR,1,0.04,11,Brand#43,16,JUMBO BAG,40,1609,12399.2
F,F,NONE,2,Manufacturer#5,2-HIGH,0,HOUSEHOLD,SHIP,7,0.07,12,Brand#55,16,WRAP BAG,40,1609,16934.0248
F,F,NONE,2,Manufacturer#4,3-MEDIUM,0,HOUSEHOLD,REG AIR,1,0.08,12,Brand#42,16,JUMBO BAG,49,1610,3063.33
F,F,COLLECT COD,3,Manufacturer#3,3-MEDIUM,0,HOUSEHOLD,REG AIR,3,0.08,22,Brand#33,16,LG DRUM,41,1610,25514.6364
F,F,DELIVER IN PERSON,1,Manufacturer#5,3-MEDIUM,0,MACHINERY,REG AIR,2,0.01,2,Brand#53,15,SM BOX,21,1611,29370.2436
F,F,NONE,2,Manufacturer#3,4-NOT SPECIFIED,4,FURNITURE,REG AIR,4,0.08,21,Brand#32,10,LG PACK,40,1612,64112.7564
F,F,COLLECT COD,2,Manufacturer#4,4-NOT SPECIFIED,4,FURNITURE,FOB,3,0.03,12,Brand#41,10,LG CAN,50,1612,36628.0096
F,F,DELIVER IN PERSON,3,Manufacturer#3,4-NOT SPECIFIED,4,FURNITURE,FOB,7,0.04,7,Brand#33,10,SM BOX,11,1612,22924.109
F,F,NONE,0,Manufacturer#2,4-NOT SPECIFIED,4,FURNITURE,REG AIR,6,0,16,Brand#21,10,JUMBO CASE,7,1612,13963.95
F,F,DELIVER IN PERSON,3,Manufacturer#4,3-MEDIUM,2,BUILDING,FOB,5,0.04,22,Brand#41,18,MED CAN,46,490,34458.457
F,F,COLLECT COD,1,Manufacturer#1,3-MEDIUM,2,BUILDING,RAIL,4,0.08,2,Brand#14,18,SM BAG,33,490,28435.0656
F,F,COLLECT COD,0,Manufacturer#4,3-MEDIUM,2,BUILDING,RAIL,3,0.04,5,Brand#43,18,MED BAG,30,490,15022.1885
F,F,DELIVER IN PERSON,0,Manufacturer#2,3-MEDIUM,0,MACHINERY,TRUCK,3,0.04,14,Brand#21,15,JUMBO DRUM,16,1611,63901.3508
F,F,TAKE BACK RETURN,3,Manufacturer#4,4-NOT SPECIFIED,2,FURNITURE,MAIL,3,0.01,19,Brand#41,9,LG BOX,49,1613,2624.76
F,F,COLLECT COD,0,Manufacturer#2,4-NOT SPECIFIED,2,FURNITURE,SHIP,4,0.01,15,Brand#23,9,JUMBO CASE,22,1613,73570.266
F,F,TAKE BACK RETURN,2,Manufacturer#4,4-NOT SPECIFIED,2,FURNITURE,AIR,5,0,8,Brand#42,9,JUMBO CAN,43,1613,53788.2408
F,F,DELIVER IN PERSON,1,Manufacturer#4,3-MEDIUM,3,HOUSEHOLD,TRUCK,6,0.02,24,Brand#42,7,JUMBO DRUM,46,1614,12155.234
F,F,COLLECT COD,2,Manufacturer#5,4-NOT SPECIFIED,2,HOUSEHOLD,AIR,6,0.01,9,Brand#54,8,JUMBO CAN,47,1615,62020.044
F,F,COLLECT COD,4,Manufacturer#1,4-NOT SPECIFIED,2,HOUSEHOLD,TRUCK,2,0.02,4,Brand#12,8,MED JAR,18,1615,29840.13
F,F,COLLECT COD,0,Manufacturer#1,5-LOW,3,AUTOMOBILE,SHIP,2,0.05,15,Brand#15,23,WRAP BAG,22,1616,10942.613
F,F,TAKE BACK RETURN,1,Manufacturer#5,3-MEDIUM,2,BUILDING,SHIP,4,0.07,3,Brand#52,21,MED PKG,34,1617,35379.72
F,F,NONE,3,Manufacturer#2,3-MEDIUM,2,BUILDING,REG AIR,3,0.08,22,Brand#25,21,SM PKG,48,1617,24572.9376
F,F,NONE,0,Manufacturer#1,3-MEDIUM,2,BUILDING,REG AIR,5,0,15,Brand#11,21,SM CASE,47,1617,10691.22
F,F,DELIVER IN PERSON,1,Manufacturer#3,5-LOW,0,HOUSEHOLD,RAIL,4,0.07,2,Brand#33,5,SM CAN,6,1437,25424.3262
F,F,TAKE BACK RETURN,3,Manufacturer#1,5-LOW,0,HOUSEHOLD,TRUCK,3,0,19,Brand#14,5,SM PKG,38,1437,11231.1528
F,F,COLLECT COD,1,Manufacturer#1,3-MEDIUM,3,HOUSEHOLD,SHIP,1,0.01,24,Brand#13,7,SM BOX,2,1614,23244.2298
F,F,DELIVER IN PERSON,0,Manufacturer#2,3-MEDIUM,3,HOUSEHOLD,AIR,2,0.04,5,Brand#25,7,WRAP BOX,47,1614,1045.3316
F,F,DELIVER IN PERSON,3,Manufacturer#3,1-URGENT,2,MACHINERY,FOB,1,0,23,Brand#31,18,LG PACK,21,1618,4859.0556
F,F,TAKE BACK RETURN,2,Manufacturer#3,1-URGENT,2,MACHINERY,SHIP,4,0.05,8,Brand#31,18,JUMBO PACK,9,1618,25438.4853
F,F,COLLECT COD,1,Manufacturer#2,4-NOT SPECIFIED,3,AUTOMOBILE,SHIP,1,0.06,17,Brand#23,6,MED DRUM,5,1619,18776.406
F,F,TAKE BACK RETURN,2,Manufacturer#2,4-NOT SPECIFIED,3,AUTOMOBILE,REG AIR,6,0.02,12,Brand#21,6,MED CASE,43,1619,47457.0657
F,F,DELIVER IN PERSON,2,Manufacturer#1,4-NOT SPECIFIED,3,AUTOMOBILE,RAIL,2,0.05,21,Brand#12,6,LG PKG,19,1619,24832.4373
F,F,NONE,0,Manufacturer#3,4-NOT SPECIFIED,3,AUTOMOBILE,TRUCK,7,0.06,0,Brand#32,6,LG BAG,25,1619,40092.0246
F,F,COLLECT COD,0,Manufacturer#4,1-URGENT,2,BUILDING,FOB,7,0.08,14,Brand#45,9,LG BAG,29,1620,3601.8624
F,F,DELIVER IN PERSON,0,Manufacturer#2,1-URGENT,2,BUILDING,REG AIR,1,0,14,Brand#21,9,WRAP CASE,29,1620,5330.178
F,F,COLLECT COD,2,Manufacturer#1,3-MEDIUM,0,AUTOMOBILE,TRUCK,5,0.03,12,Brand#15,0,LG PACK,17,1621,13528.3566
F,F,COLLECT COD,2,Manufacturer#1,4-NOT SPECIFIED,0,FURNITURE,TRUCK,4,0.01,18,Brand#13,14,JUMBO CAN,3,1198,46276.2944
F,F,TAKE BACK RETURN,3,Manufacturer#1,4-NOT SPECIFIED,0,FURNITURE,REG AIR,6,0.05,23,Brand#12,14,MED CASE,29,1198,30164.736
F,F,COLLECT COD,0,Manufacturer#3,4-NOT SPECIFIED,0,FURNITURE,MAIL,1,0.06,15,Brand#33,14,SM BOX,1,1198,7205.1406
F,F,DELIVER IN PERSON,3,Manufacturer#5,4-NOT SPECIFIED,4,MACHINERY,SHIP,4,0.07,19,Brand#53,13,LG PACK,13,1622,40970.46
F,F,COLLECT COD,3,Manufacturer#5,4-NOT SPECIFIED,4,MACHINERY,FOB,6,0.01,23,Brand#52,13,MED BOX,35,1622,45858.3372
F,F,DELIVER IN PERSON,2,Manufacturer#5,4-NOT SPECIFIED,4,MACHINERY,TRUCK,1,0.02,21,Brand#52,13,SM CASE,48,1622,61240.4628
F,F,NONE,0,Manufacturer#4,4-NOT SPECIFIED,4,MACHINERY,TRUCK,5,0.04,0,Brand#42,13,LG BAG,21,1622,7881.75
F,F,NONE,4,Manufacturer#5,5-LOW,4,AUTOMOBILE,SHIP,3,0.06,13,Brand#51,4,LG CASE,38,1623,46504.0548
F,F,NONE,1,Manufacturer#5,5-LOW,4,AUTOMOBILE,SHIP,4,0,2,Brand#53,4,MED JAR,50,1623,66914.9096
F,F,DELIVER IN PERSON,0,Manufacturer#1,5-LOW,4,AUTOMOBILE,MAIL,5,0.08,14,Brand#11,4,JUMBO DRUM,27,1623,23198.88
F,F,TAKE BACK RETURN,4,Manufacturer#5,1-URGENT,4,HOUSEHOLD,AIR,3,0.04,4,Brand#52,20,WRAP CASE,11,1624,78300.9608
F,F,NONE,4,Manufacturer#2,1-URGENT,4,HOUSEHOLD,SHIP,2,0.06,20,Brand#24,20,JUMBO CASE,1,1624,6958.632
F,F,DELIVER IN PERSON,2,Manufacturer#5,1-URGENT,4,HOUSEHOLD,AIR,1,0.01,8,Brand#55,20,MED PKG,35,1624,74965.2569
F,F,NONE,1,Manufacturer#1,1-URGENT,4,HOUSEHOLD,SHIP,4,0.03,1,Brand#12,20,SM JAR,23,1624,54958.32
F,F,NONE,1,Manufacturer#1,3-MEDIUM,0,AUTOMOBILE,FOB,3,0.08,1,Brand#15,0,SM DRUM,31,1621,88028.64
F,F,NONE,1,Manufacturer#1,2-HIGH,3,FURNITURE,AIR,2,0.06,2,Brand#14,23,SM DRUM,40,1625,19943.28
F,F,NONE,1,Manufacturer#4,1-URGENT,2,FURNITURE,TRUCK,1,0.02,1,Brand#42,21,JUMBO CASE,39,1626,6438.7596
F,F,NONE,4,Manufacturer#1,1-URGENT,2,FURNITURE,TRUCK,4,0.01,13,Brand#12,21,LG BAG,40,1626,58512.7816
F,F,NONE,3,Manufacturer#1,1-URGENT,2,FURNITURE,AIR,3,0.02,7,Brand#12,21,WRAP CASE,10,1626,5553.366
F,F,TAKE BACK RETURN,2,Manufacturer#2,1-URGENT,2,FURNITURE,FOB,2,0,21,Brand#25,21,MED BOX,4,1626,45323.88
F,F,COLLECT COD,2,Manufacturer#3,4-NOT SPECIFIED,1,MACHINERY,SHIP,1,0,18,Brand#35,1,JUMBO PKG,22,1627,17555.9184
F,F,COLLECT COD,3,Manufacturer#2,4-NOT SPECIFIED,1,MACHINERY,MAIL,2,0.02,7,Brand#23,1,JUMBO CAN,40,1627,1206.0204
F,F,TAKE BACK RETURN,0,Manufacturer#2,1-URGENT,0,HOUSEHOLD,REG AIR,4,0.08,0,Brand#25,14,MED JAR,46,1628,6909.9696
F,F,COLLECT COD,3,Manufacturer#4,2-HIGH,4,AUTOMOBILE,MAIL,3,0.04,7,Brand#42,13,LG CASE,40,1629,18131.52
F,F,DELIVER IN PERSON,2,Manufacturer#2,2-HIGH,4,AUTOMOBILE,SHIP,2,0.06,8,Brand#22,13,LG BAG,35,1629,38825.136
F,F,DELIVER IN PERSON,4,Manufacturer#1,2-HIGH,3,HOUSEHOLD,MAIL,3,0.05,10,Brand#11,23,JUMBO DRUM,21,1630,40338.48
F,F,TAKE BACK RETURN,0,Manufacturer#1,2-HIGH,3,HOUSEHOLD,RAIL,6,0.05,14,Brand#14,23,MED CASE,46,1630,8375.472
F,F,TAKE BACK RETURN,4,Manufacturer#4,2-HIGH,3,HOUSEHOLD,MAIL,5,0.02,20,Brand#45,23,JUMBO BAG,42,1630,7615.8992
F,F,TAKE BACK RETURN,3,Manufacturer#4,2-HIGH,3,HOUSEHOLD,REG AIR,2,0.01,6,Brand#43,23,SM BAG,32,1630,56978.6382
F,F,DELIVER IN PERSON,1,Manufacturer#1,2-HIGH,3,HOUSEHOLD,FOB,4,0.04,2,Brand#14,23,WRAP DRUM,34,1630,58721.4912
F,F,TAKE BACK RETURN,1,Manufacturer#2,3-MEDIUM,1,AUTOMOBILE,AIR,7,0.04,17,Brand#23,2,LG DRUM,45,1631,28384.9839
F,F,TAKE BACK RETURN,1,Manufacturer#4,3-MEDIUM,1,AUTOMOBILE,MAIL,3,0.07,1,Brand#41,2,JUMBO CAN,20,1631,14485.1652
F,F,DELIVER IN PERSON,1,Manufacturer#4,3-MEDIUM,1,AUTOMOBILE,MAIL,4,0.07,24,Brand#41,2,JUMBO CAN,13,1631,45013.617
F,F,TAKE BACK RETURN,1,Manufacturer#2,3-MEDIUM,1,AUTOMOBILE,SHIP,2,0.05,24,Brand#25,2,JUMBO JAR,28,1631,3107.0061
F,F,TAKE BACK RETURN,3,Manufacturer#4,3-MEDIUM,1,AUTOMOBILE,MAIL,1,0.05,6,Brand#43,2,SM BOX,12,1631,40373.2329
F,F,TAKE BACK RETURN,0,Manufacturer#1,3-MEDIUM,1,BUILDING,AIR,1,0.01,5,Brand#11,3,SM DRUM,31,1632,57806.199
F,F,COLLECT COD,1,Manufacturer#4,3-MEDIUM,1,BUILDING,RAIL,2,0.01,17,Brand#43,3,LG DRUM,7,1632,54899.208
F,F,NONE,3,Manufacturer#3,1-URGENT,0,MACHINERY,REG AIR,3,0.01,23,Brand#33,5,SM BOX,32,1633,1643.3376
F,F,COLLECT COD,2,Manufacturer#1,1-URGENT,0,MACHINERY,SHIP,2,0.01,8,Brand#12,5,SM CAN,20,1633,77795.9
F,F,NONE,3,Manufacturer#2,1-URGENT,0,MACHINERY,AIR,1,0.06,6,Brand#21,5,SM BOX,10,1633,56098.656
F,F,COLLECT COD,3,Manufacturer#5,5-LOW,1,AUTOMOBILE,FOB,5,0.01,7,Brand#53,24,MED PKG,36,1634,51006.36
F,F,TAKE BACK RETURN,3,Manufacturer#5,5-LOW,1,AUTOMOBILE,FOB,4,0.05,22,Brand#53,24,SM BOX,46,1634,20250.9125
F,F,DELIVER IN PERSON,1,Manufacturer#1,5-LOW,1,AUTOMOBILE,REG AIR,3,0.08,3,Brand#11,24,SM BOX,8,1634,21228.102
F,F,NONE,2,Manufacturer#3,5-LOW,1,AUTOMOBILE,TRUCK,1,0.04,21,Brand#33,24,MED BAG,50,1634,8685.1765
F,F,DELIVER IN PERSON,0,Manufacturer#5,1-URGENT,0,HOUSEHOLD,REG AIR,3,0.05,0,Brand#52,14,JUMBO PACK,5,1628,25462.5462
F,F,DELIVER IN PERSON,3,Manufacturer#4,1-URGENT,0,HOUSEHOLD,TRUCK,1,0.07,23,Brand#45,14,WRAP PKG,8,1628,29325.0816
F,F,DELIVER IN PERSON,2,Manufacturer#1,1-URGENT,0,HOUSEHOLD,AIR,2,0.01,21,Brand#13,14,MED BOX,11,1628,61167.0528
F,F,NONE,2,Manufacturer#1,1-URGENT,3,BUILDING,RAIL,3,0.02,18,Brand#12,22,LG BAG,50,1635,72074.9666
F,F,COLLECT COD,2,Manufacturer#2,5-LOW,4,BUILDING,SHIP,1,0.07,8,Brand#22,4,LG PKG,12,1636,16325.1
F,F,DELIVER IN PERSON,0,Manufacturer#5,5-LOW,4,BUILDING,MAIL,5,0.04,5,Brand#52,4,WRAP DRUM,12,1636,51999.372
F,F,TAKE BACK RETURN,1,Manufacturer#1,4-NOT SPECIFIED,4,BUILDING,FOB,4,0.04,1,Brand#13,4,MED DRUM,44,1637,7227.522
F,F,COLLECT COD,1,Manufacturer#1,4-NOT SPECIFIED,4,BUILDING,RAIL,1,0.07,3,Brand#14,4,SM PACK,27,1637,29115.8472
F,F,NONE,4,Manufacturer#4,4-NOT SPECIFIED,4,BUILDING,MAIL,3,0.08,4,Brand#43,4,MED JAR,36,1637,17394.3572
F,F,DELIVER IN PERSON,4,Manufacturer#2,1-URGENT,2,MACHINERY,MAIL,1,0.08,4,Brand#24,8,JUMBO PKG,38,1638,48611.92
F,F,DELIVER IN PERSON,2,Manufacturer#5,1-URGENT,2,MACHINERY,MAIL,4,0.07,9,Brand#51,8,LG BOX,35,1638,5201.0244
F,F,COLLECT COD,0,Manufacturer#2,1-URGENT,2,MACHINERY,SHIP,7,0.02,16,Brand#25,8,WRAP PKG,1,1638,34442.3436
F,F,NONE,1,Manufacturer#2,1-URGENT,2,MACHINERY,FOB,3,0.02,2,Brand#21,8,JUMBO PKG,6,1638,16551.0312
F,F,NONE,1,Manufacturer#2,4-NOT SPECIFIED,0,MACHINERY,AIR,2,0.01,3,Brand#25,15,SM BOX,27,1639,13055.8344
F,F,NONE,2,Manufacturer#2,2-HIGH,0,AUTOMOBILE,FOB,4,0.05,21,Brand#25,14,MED CASE,36,1640,51456.5568
F,F,NONE,0,Manufacturer#4,5-LOW,0,MACHINERY,AIR,4,0,14,Brand#43,16,LG PKG,13,1641,63143.748
F,F,DELIVER IN PERSON,3,Manufacturer#2,5-LOW,0,MACHINERY,SHIP,6,0.01,19,Brand#23,16,SM PACK,4,1641,72891.9648
F,F,TAKE BACK RETURN,4,Manufacturer#3,1-URGENT,3,BUILDING,RAIL,1,0.05,4,Brand#32,22,WRAP BOX,28,1635,33420.478
F,F,DELIVER IN PERSON,1,Manufacturer#4,1-URGENT,3,BUILDING,MAIL,4,0.03,17,Brand#43,22,SM JAR,42,1635,61964.0476
F,F,TAKE BACK RETURN,1,Manufacturer#1,1-URGENT,3,BUILDING,RAIL,5,0.01,17,Brand#15,22,LG CAN,1,1635,17329.1384
F,F,NONE,1,Manufacturer#5,1-URGENT,2,HOUSEHOLD,AIR,2,0.02,24,Brand#54,18,JUMBO PACK,31,1642,22078.3488
F,F,DELIVER IN PERSON,2,Manufacturer#5,4-NOT SPECIFIED,3,MACHINERY,AIR,5,0.04,9,Brand#55,19,LG PKG,17,1643,1814.576
F,F,DELIVER IN PERSON,2,Manufacturer#1,4-NOT SPECIFIED,1,MACHINERY,RAIL,2,0.02,8,Brand#13,3,WRAP CASE,41,1644,19660.564
F,F,NONE,1,Manufacturer#1,4-NOT SPECIFIED,1,MACHINERY,RAIL,1,0.04,24,Brand#13,3,JUMBO BAG,6,1644,51441.7772
F,F,COLLECT COD,2,Manufacturer#2,5-LOW,2,HOUSEHOLD,FOB,2,0.07,21,Brand#21,8,LG BOX,31,1645,82039.6092
F,F,NONE,3,Manufacturer#1,5-LOW,2,HOUSEHOLD,MAIL,3,0.07,22,Brand#11,8,WRAP BOX,42,1645,66782.606
F,F,DELIVER IN PERSON,1,Manufacturer#2,5-LOW,3,AUTOMOBILE,FOB,1,0.06,17,Brand#21,22,JUMBO JAR,40,1646,3629.822
F,F,NONE,2,Manufacturer#1,1-URGENT,1,BUILDING,RAIL,3,0.01,12,Brand#15,1,SM CAN,35,1647,4774.3584
F,F,COLLECT COD,1,Manufacturer#3,1-URGENT,1,BUILDING,AIR,4,0.06,24,Brand#31,1,WRAP PKG,11,1647,1157.2362
F,F,TAKE BACK RETURN,0,Manufacturer#2,1-URGENT,1,BUILDING,FOB,1,0.03,14,Brand#24,1,LG CAN,2,1647,67666.464
F,F,COLLECT COD,4,Manufacturer#3,1-URGENT,1,BUILDING,REG AIR,2,0.05,20,Brand#32,1,SM PACK,1,1647,12760.6752
F,F,TAKE BACK RETURN,1,Manufacturer#4,5-LOW,1,MACHINERY,RAIL,1,0.04,3,Brand#43,17,MED JAR,49,1648,45618.615
F,F,DELIVER IN PERSON,1,Manufacturer#4,2-HIGH,0,BUILDING,SHIP,3,0.06,24,Brand#43,0,WRAP PKG,17,470,52340.5848
F,F,DELIVER IN PERSON,4,Manufacturer#4,3-MEDIUM,2,FURNITURE,MAIL,3,0.03,10,Brand#45,12,JUMBO JAR,27,132,3295.2192
F,F,NONE,0,Manufacturer#5,3-MEDIUM,2,FURNITURE,MAIL,1,0.02,15,Brand#51,12,MED PKG,40,132,23950.9725
F,F,DELIVER IN PERSON,4,Manufacturer#1,3-MEDIUM,2,FURNITURE,REG AIR,4,0.03,4,Brand#11,12,SM PKG,2,132,36122.315
F,F,TAKE BACK RETURN,1,Manufacturer#5,3-MEDIUM,2,FURNITURE,MAIL,2,0,17,Brand#52,12,MED BOX,45,132,28046.7
F,F,DELIVER IN PERSON,0,Manufacturer#4,3-MEDIUM,2,FURNITURE,MAIL,6,0.01,16,Brand#45,12,WRAP JAR,8,132,48726.81
F,F,DELIVER IN PERSON,0,Manufacturer#2,5-LOW,2,HOUSEHOLD,SHIP,1,0.05,16,Brand#22,12,SM PACK,5,1649,3353.3136
F,F,TAKE BACK RETURN,0,Manufacturer#1,5-LOW,2,HOUSEHOLD,RAIL,2,0.05,15,Brand#13,12,JUMBO PACK,35,1649,59780.8575
F,F,DELIVER IN PERSON,4,Manufacturer#1,5-LOW,2,HOUSEHOLD,AIR,3,0,10,Brand#15,12,MED BOX,30,1649,3020.6712
F,F,DELIVER IN PERSON,3,Manufacturer#3,5-LOW,2,MACHINERY,RAIL,3,0.03,22,Brand#31,8,LG DRUM,24,1650,62881.515
F,F,TAKE BACK RETURN,3,Manufacturer#4,2-HIGH,0,HOUSEHOLD,AIR,2,0.06,7,Brand#41,14,LG PACK,48,1651,17439.669
F,F,DELIVER IN PERSON,2,Manufacturer#2,2-HIGH,0,HOUSEHOLD,REG AIR,1,0.02,18,Brand#22,14,LG PKG,44,1651,32393.088
F,F,COLLECT COD,1,Manufacturer#2,2-HIGH,4,BUILDING,TRUCK,3,0.04,3,Brand#23,11,LG BOX,26,1652,34115.184
F,F,NONE,2,Manufacturer#1,2-HIGH,4,BUILDING,AIR,2,0.04,9,Brand#15,11,LG BOX,9,1652,10797.921
F,F,DELIVER IN PERSON,3,Manufacturer#1,2-HIGH,4,BUILDING,AIR,1,0.04,22,Brand#12,11,JUMBO BOX,39,1652,75199.68
F,F,COLLECT COD,0,Manufacturer#4,2-HIGH,2,HOUSEHOLD,MAIL,2,0,5,Brand#41,18,MED CASE,8,1653,84445.27
F,F,DELIVER IN PERSON,1,Manufacturer#5,2-HIGH,2,HOUSEHOLD,TRUCK,1,0.02,17,Brand#52,18,WRAP CASE,37,1653,38050.8
F,F,TAKE BACK RETURN,1,Manufacturer#5,1-URGENT,3,HOUSEHOLD,MAIL,2,0.08,3,Brand#54,19,SM BAG,25,1093,67996.896
F,F,TAKE BACK RETURN,3,Manufacturer#5,1-URGENT,3,HOUSEHOLD,FOB,3,0.04,6,Brand#52,19,SM CASE,1,1093,40567.1266
F,F,DELIVER IN PERSON,2,Manufacturer#1,2-HIGH,0,BUILDING,TRUCK,1,0.05,8,Brand#11,0,WRAP PACK,28,470,38799.567
F,F,COLLECT COD,3,Manufacturer#3,2-HIGH,0,BUILDING,RAIL,5,0.04,6,Brand#33,0,JUMBO JAR,48,470,16883.9605
F,F,COLLECT COD,0,Manufacturer#3,2-HIGH,0,BUILDING,REG AIR,2,0.02,14,Brand#35,0,MED PKG,30,470,82343.6064
F,F,NONE,2,Manufacturer#1,3-MEDIUM,1,AUTOMOBILE,SHIP,3,0.01,18,Brand#13,17,SM PKG,38,1654,40075.2
F,F,TAKE BACK RETURN,2,Manufacturer#4,2-HIGH,0,AUTOMOBILE,REG AIR,3,0.02,8,Brand#41,15,MED BOX,48,275,11863.082
F,F,TAKE BACK RETURN,1,Manufacturer#3,2-HIGH,0,AUTOMOBILE,REG AIR,1,0.04,3,Brand#34,15,MED PKG,17,275,28499.4864
F,F,DELIVER IN PERSON,3,Manufacturer#2,2-HIGH,0,AUTOMOBILE,REG AIR,2,0.08,6,Brand#25,15,WRAP PACK,34,275,1828.998
F,F,COLLECT COD,4,Manufacturer#1,2-HIGH,2,HOUSEHOLD,TRUCK,1,0.08,4,Brand#14,12,MED BOX,49,1655,50926.05
F,F,TAKE BACK RETURN,3,Manufacturer#5,3-MEDIUM,1,AUTOMOBILE,TRUCK,7,0.03,7,Brand#51,17,SM DRUM,27,1654,42571.9776
F,F,COLLECT COD,4,Manufacturer#4,3-MEDIUM,1,AUTOMOBILE,RAIL,2,0.07,11,Brand#45,17,JUMBO JAR,37,1654,4226.7384
F,F,NONE,1,Manufacturer#1,3-MEDIUM,1,AUTOMOBILE,FOB,4,0.04,17,Brand#11,17,SM DRUM,49,1654,45374.49
F,F,NONE,2,Manufacturer#5,3-MEDIUM,1,AUTOMOBILE,REG AIR,1,0,18,Brand#52,17,JUMBO CASE,2,1654,54913.374
F,F,TAKE BACK RETURN,1,Manufacturer#2,3-MEDIUM,1,AUTOMOBILE,FOB,5,0.06,24,Brand#21,17,WRAP PACK,29,1654,8075.3184
F,F,NONE,0,Manufacturer#2,2-HIGH,4,FURNITURE,TRUCK,2,0.04,16,Brand#23,11,MED PKG,27,1656,33011.04
F,F,TAKE BACK RETURN,0,Manufacturer#4,3-MEDIUM,4,HOUSEHOLD,AIR,4,0.07,14,Brand#41,20,MED BOX,5,1657,23515.5888
F,F,TAKE BACK RETURN,0,Manufacturer#3,4-NOT SPECIFIED,1,BUILDING,TRUCK,1,0.05,16,Brand#33,17,SM PACK,29,1658,10130.724
F,F,TAKE BACK RETURN,3,Manufacturer#3,4-NOT SPECIFIED,1,BUILDING,MAIL,2,0.08,7,Brand#32,17,WRAP DRUM,3,1658,29972.7
F,F,DELIVER IN PERSON,3,Manufacturer#1,2-HIGH,1,FURNITURE,TRUCK,2,0.01,7,Brand#12,24,LG PACK,48,1659,12316.866
F,F,NONE,2,Manufacturer#1,2-HIGH,1,MACHINERY,FOB,1,0.08,18,Brand#11,3,WRAP BAG,17,1660,58043.904
F,F,COLLECT COD,3,Manufacturer#4,2-HIGH,4,FURNITURE,AIR,3,0.05,6,Brand#41,11,SM CASE,12,1656,5163.34
F,F,TAKE BACK RETURN,1,Manufacturer#5,3-MEDIUM,3,FURNITURE,FOB,2,0.03,17,Brand#53,19,SM DRUM,46,1661,49374.0072
F,F,TAKE BACK RETURN,1,Manufacturer#5,1-URGENT,4,AUTOMOBILE,RAIL,2,0,3,Brand#55,4,SM CASE,12,1623,3937.161
F,F,TAKE BACK RETURN,2,Manufacturer#3,1-URGENT,2,HOUSEHOLD,REG AIR,1,0.04,21,Brand#33,9,WRAP PACK,36,1662,59156.8461
F,F,TAKE BACK RETURN,2,Manufacturer#5,2-HIGH,2,MACHINERY,RAIL,2,0.08,8,Brand#51,21,SM PKG,25,1663,8380.8438
F,F,COLLECT COD,3,Manufacturer#4,5-LOW,2,HOUSEHOLD,AIR,4,0.02,7,Brand#45,12,JUMBO BOX,20,1664,8116.8633
F,F,COLLECT COD,2,Manufacturer#3,5-LOW,2,HOUSEHOLD,TRUCK,3,0.05,12,Brand#35,12,JUMBO CASE,31,1664,48930.336
F,F,DELIVER IN PERSON,2,Manufacturer#4,5-LOW,2,HOUSEHOLD,FOB,6,0,8,Brand#43,12,JUMBO PKG,26,1664,36474.9658
F,F,DELIVER IN PERSON,0,Manufacturer#2,1-URGENT,4,AUTOMOBILE,FOB,1,0.03,15,Brand#24,4,SM DRUM,22,1623,51960.8453
F,F,TAKE BACK RETURN,1,Manufacturer#1,2-HIGH,2,AUTOMOBILE,SHIP,3,0.04,3,Brand#13,8,WRAP CAN,9,1665,77499.88
F,F,TAKE BACK RETURN,1,Manufacturer#5,1-URGENT,0,FURNITURE,RAIL,1,0.02,24,Brand#55,0,SM JAR,47,1666,57422.0316
F,F,COLLECT COD,0,Manufacturer#2,1-URGENT,0,FURNITURE,SHIP,2,0.08,14,Brand#24,0,WRAP CASE,13,1666,47121.8202
F,F,DELIVER IN PERSON,2,Manufacturer#5,5-LOW,3,HOUSEHOLD,REG AIR,1,0.03,21,Brand#51,6,WRAP PKG,11,1667,12663.56
F,F,TAKE BACK RETURN,1,Manufacturer#4,2-HIGH,2,AUTOMOBILE,MAIL,6,0.06,2,Brand#42,8,MED BOX,15,1665,35199.0678
F,F,COLLECT COD,4,Manufacturer#3,2-HIGH,2,AUTOMOBILE,FOB,4,0.08,20,Brand#31,8,WRAP BOX,11,1665,24838.9236
F,F,TAKE BACK RETURN,4,Manufacturer#4,2-HIGH,2,AUTOMOBILE,SHIP,5,0,10,Brand#41,8,SM PACK,1,1665,38655.7704
F,F,COLLECT COD,1,Manufacturer#1,1-URGENT,2,MACHINERY,RAIL,2,0,3,Brand#13,18,MED CAN,25,1668,22866.3
F,F,DELIVER IN PERSON,2,Manufacturer#5,1-URGENT,2,MACHINERY,RAIL,1,0,21,Brand#51,18,JUMBO BOX,22,1668,61815.8288
F,F,TAKE BACK RETURN,2,Manufacturer#5,5-LOW,4,BUILDING,REG AIR,2,0,21,Brand#51,11,JUMBO BOX,35,1669,68563.152
F,F,NONE,1,Manufacturer#5,4-NOT SPECIFIED,4,AUTOMOBILE,SHIP,3,0.05,17,Brand#52,13,JUMBO PKG,17,797,38759.424
F,F,DELIVER IN PERSON,1,Manufacturer#3,4-NOT SPECIFIED,4,AUTOMOBILE,MAIL,1,0.02,2,Brand#35,13,JUMBO CASE,17,797,47651.7888
F,F,COLLECT COD,1,Manufacturer#3,3-MEDIUM,3,FURNITURE,TRUCK,5,0.01,2,Brand#34,6,LG PACK,28,1670,45506.62
F,F,DELIVER IN PERSON,4,Manufacturer#1,3-MEDIUM,0,BUILDING,FOB,4,0.06,11,Brand#12,15,SM CAN,44,1671,1115.5375
F,F,TAKE BACK RETURN,2,Manufacturer#2,1-URGENT,1,AUTOMOBILE,SHIP,1,0.02,21,Brand#25,3,JUMBO DRUM,7,1672,42829.677
F,F,NONE,0,Manufacturer#5,2-HIGH,0,BUILDING,SHIP,1,0.02,16,Brand#51,5,JUMBO JAR,20,1673,19056.3464
F,F,TAKE BACK RETURN,3,Manufacturer#5,4-NOT SPECIFIED,4,BUILDING,AIR,3,0.05,6,Brand#54,13,JUMBO CASE,10,1674,19949.432
F,F,DELIVER IN PERSON,2,Manufacturer#5,4-NOT SPECIFIED,4,BUILDING,MAIL,2,0.06,18,Brand#52,13,WRAP CASE,38,1674,51897.3695
F,F,TAKE BACK RETURN,1,Manufacturer#4,2-HIGH,3,MACHINERY,AIR,2,0.04,2,Brand#41,7,JUMBO CAN,5,524,43542.395
F,F,COLLECT COD,2,Manufacturer#4,1-URGENT,2,MACHINERY,FOB,1,0.07,21,Brand#43,8,LG PKG,47,421,29460.8097
F,F,COLLECT COD,4,Manufacturer#4,1-URGENT,0,FURNITURE,TRUCK,2,0.03,13,Brand#42,14,MED DRUM,27,1675,29737.7472
F,F,NONE,2,Manufacturer#1,2-HIGH,4,BUILDING,SHIP,6,0,9,Brand#13,20,JUMBO JAR,16,257,24149.4848
F,F,DELIVER IN PERSON,4,Manufacturer#3,2-HIGH,4,BUILDING,MAIL,2,0.08,10,Brand#32,20,MED DRUM,10,257,24239.25
F,F,NONE,4,Manufacturer#3,2-HIGH,4,BUILDING,FOB,1,0.05,11,Brand#34,20,JUMBO BOX,25,257,5946.228
F,F,NONE,3,Manufacturer#4,3-MEDIUM,3,FURNITURE,AIR,4,0.07,19,Brand#42,6,MED JAR,7,1670,7830.5472
F,F,NONE,2,Manufacturer#2,3-MEDIUM,2,FURNITURE,RAIL,3,0.03,12,Brand#25,12,LG DRUM,25,1676,17501.778
F,F,DELIVER IN PERSON,1,Manufacturer#1,3-MEDIUM,2,FURNITURE,SHIP,1,0.08,17,Brand#15,12,JUMBO JAR,25,1676,18593.799
F,F,COLLECT COD,1,Manufacturer#2,3-MEDIUM,2,FURNITURE,MAIL,4,0.05,24,Brand#23,12,JUMBO BOX,30,1676,48832.2432
F,F,NONE,1,Manufacturer#4,3-MEDIUM,2,FURNITURE,MAIL,2,0.06,1,Brand#45,12,MED DRUM,21,1676,56832.705
F,F,DELIVER IN PERSON,0,Manufacturer#1,1-URGENT,2,MACHINERY,REG AIR,2,0.03,16,Brand#11,9,MED CAN,38,1677,12533.3
F,F,DELIVER IN PERSON,1,Manufacturer#3,3-MEDIUM,3,HOUSEHOLD,FOB,2,0.03,1,Brand#31,23,MED CAN,12,1678,35409.4923
F,F,TAKE BACK RETURN,0,Manufacturer#3,4-NOT SPECIFIED,4,AUTOMOBILE,MAIL,5,0.02,14,Brand#32,4,WRAP JAR,11,1679,49813.5274
F,F,DELIVER IN PERSON,3,Manufacturer#2,4-NOT SPECIFIED,4,AUTOMOBILE,AIR,2,0.07,6,Brand#25,4,JUMBO DRUM,1,1679,20472.462
F,F,COLLECT COD,2,Manufacturer#3,4-NOT SPECIFIED,4,AUTOMOBILE,FOB,1,0.03,21,Brand#34,4,SM BOX,27,1679,52287.7068
F,F,TAKE BACK RETURN,0,Manufacturer#2,1-URGENT,0,MACHINERY,SHIP,2,0,15,Brand#24,16,WRAP JAR,38,1680,22095.076
F,F,NONE,2,Manufacturer#5,2-HIGH,0,AUTOMOBILE,FOB,4,0,8,Brand#53,15,LG PACK,44,1681,11849.73
F,F,COLLECT COD,1,Manufacturer#2,2-HIGH,0,AUTOMOBILE,MAIL,2,0.03,2,Brand#24,15,WRAP BOX,31,1681,59561.3704
F,F,COLLECT COD,4,Manufacturer#2,2-HIGH,1,BUILDING,AIR,1,0.08,20,Brand#25,17,SM PKG,24,1489,34918.6464
F,F,DELIVER IN PERSON,2,Manufacturer#4,2-HIGH,1,BUILDING,MAIL,4,0.05,18,Brand#42,17,JUMBO JAR,49,1489,8239.083
F,F,COLLECT COD,0,Manufacturer#2,4-NOT SPECIFIED,3,AUTOMOBILE,MAIL,4,0.05,0,Brand#25,23,MED CASE,18,1682,35649.7332
F,F,TAKE BACK RETURN,1,Manufacturer#2,4-NOT SPECIFIED,3,AUTOMOBILE,FOB,3,0.04,17,Brand#22,23,MED CASE,41,1682,48144.152
F,F,DELIVER IN PERSON,1,Manufacturer#5,4-NOT SPECIFIED,3,AUTOMOBILE,MAIL,6,0.07,3,Brand#51,23,JUMBO CASE,42,1682,17538.5
F,F,COLLECT COD,4,Manufacturer#2,4-NOT SPECIFIED,3,AUTOMOBILE,FOB,5,0.08,13,Brand#22,23,JUMBO PKG,46,1682,2452.5312
F,F,TAKE BACK RETURN,2,Manufacturer#5,5-LOW,4,HOUSEHOLD,MAIL,2,0.02,8,Brand#55,13,WRAP BAG,28,1683,5333.7972
F,F,COLLECT COD,0,Manufacturer#2,5-LOW,4,HOUSEHOLD,AIR,3,0.01,0,Brand#21,13,MED BAG,17,1683,6447.648
F,F,NONE,3,Manufacturer#5,3-MEDIUM,0,BUILDING,REG AIR,2,0.02,22,Brand#51,15,SM PACK,16,1684,44821.0338
F,F,COLLECT COD,2,Manufacturer#3,3-MEDIUM,0,BUILDING,TRUCK,1,0.04,12,Brand#35,15,LG CAN,21,1684,29544.1146
F,F,TAKE BACK RETURN,2,Manufacturer#2,2-HIGH,4,BUILDING,TRUCK,1,0.01,9,Brand#24,20,MED PKG,42,1685,36162.2402
F,F,DELIVER IN PERSON,2,Manufacturer#4,2-HIGH,4,BUILDING,FOB,2,0.04,21,Brand#45,20,SM BAG,27,1685,38776.3495
F,F,COLLECT COD,2,Manufacturer#3,3-MEDIUM,4,FURNITURE,FOB,1,0.01,9,Brand#31,20,WRAP JAR,11,1686,84520.8
F,F,NONE,0,Manufacturer#5,3-MEDIUM,4,FURNITURE,MAIL,6,0.05,14,Brand#52,20,WRAP CAN,16,1686,18866.9952
F,F,TAKE BACK RETURN,1,Manufacturer#5,3-MEDIUM,4,FURNITURE,REG AIR,5,0.08,24,Brand#54,20,JUMBO PKG,6,1686,12477.7226
F,F,TAKE BACK RETURN,4,Manufacturer#2,2-HIGH,2,HOUSEHOLD,SHIP,2,0.08,4,Brand#23,8,SM DRUM,40,1687,32793.5136
F,F,DELIVER IN PERSON,4,Manufacturer#2,2-HIGH,3,AUTOMOBILE,AIR,4,0.01,10,Brand#24,22,MED PACK,43,1688,22305.5742
F,F,NONE,1,Manufacturer#5,5-LOW,3,AUTOMOBILE,RAIL,3,0.07,24,Brand#52,23,LG PKG,45,1689,67656.384
F,F,TAKE BACK RETURN,0,Manufacturer#3,5-LOW,3,AUTOMOBILE,FOB,1,0.07,5,Brand#32,23,SM CASE,18,1689,20581.5258
F,F,DELIVER IN PERSON,2,Manufacturer#1,4-NOT SPECIFIED,1,AUTOMOBILE,FOB,4,0.03,18,Brand#11,3,LG CAN,31,1606,45934.381
F,F,COLLECT COD,3,Manufacturer#3,4-NOT SPECIFIED,1,AUTOMOBILE,AIR,1,0.05,19,Brand#33,3,WRAP PACK,46,1606,4819.1325
F,F,NONE,4,Manufacturer#2,4-NOT SPECIFIED,1,AUTOMOBILE,TRUCK,5,0.06,10,Brand#21,3,SM PKG,1,1606,26358.696
F,F,TAKE BACK RETURN,0,Manufacturer#5,4-NOT SPECIFIED,1,AUTOMOBILE,REG AIR,2,0.05,5,Brand#51,3,WRAP BAG,12,1606,1532.065
F,F,TAKE BACK RETURN,0,Manufacturer#2,2-HIGH,3,AUTOMOBILE,RAIL,3,0.05,5,Brand#25,22,LG BOX,30,1688,52674.7288
F,F,NONE,0,Manufacturer#2,2-HIGH,1,MACHINERY,MAIL,4,0.01,5,Brand#25,3,MED CAN,47,1690,17306.5945
F,F,TAKE BACK RETURN,1,Manufacturer#4,3-MEDIUM,3,MACHINERY,RAIL,3,0,3,Brand#41,23,JUMBO JAR,2,1691,61740.5796
F,F,COLLECT COD,4,Manufacturer#3,3-MEDIUM,3,MACHINERY,MAIL,2,0.06,20,Brand#34,23,SM CASE,37,1691,34085.3184
F,F,TAKE BACK RETURN,3,Manufacturer#3,4-NOT SPECIFIED,4,BUILDING,AIR,4,0.02,22,Brand#31,20,WRAP CASE,47,1692,26968.942
F,F,NONE,1,Manufacturer#2,4-NOT SPECIFIED,4,BUILDING,AIR,7,0.05,3,Brand#22,20,WRAP BOX,7,1692,55537.4858
F,F,DELIVER IN PERSON,3,Manufacturer#3,4-NOT SPECIFIED,4,BUILDING,MAIL,6,0.02,19,Brand#34,20,MED BOX,2,1692,6198.57
F,F,NONE,1,Manufacturer#5,4-NOT SPECIFIED,4,BUILDING,RAIL,2,0.03,17,Brand#52,20,WRAP BAG,3,1692,36825.61
F,F,COLLECT COD,4,Manufacturer#4,4-NOT SPECIFIED,4,BUILDING,AIR,3,0.01,11,Brand#44,20,MED PKG,35,1692,16199.7462
F,F,COLLECT COD,1,Manufacturer#5,5-LOW,0,HOUSEHOLD,AIR,2,0,3,Brand#54,15,WRAP BAG,17,1693,79711.3152
F,F,TAKE BACK RETURN,0,Manufacturer#1,4-NOT SPECIFIED,0,HOUSEHOLD,REG AIR,2,0.05,0,Brand#12,0,WRAP JAR,18,1694,71325.5
F,F,COLLECT COD,1,Manufacturer#1,4-NOT SPECIFIED,0,HOUSEHOLD,RAIL,4,0.06,3,Brand#13,0,WRAP CAN,4,1694,22762.5552
F,F,COLLECT COD,0,Manufacturer#1,3-MEDIUM,0,MACHINERY,SHIP,4,0.08,0,Brand#13,14,WRAP CAN,13,1695,44566.8
F,F,DELIVER IN PERSON,2,Manufacturer#2,2-HIGH,1,MACHINERY,TRUCK,2,0.06,12,Brand#24,3,MED PKG,27,1690,73397.1552
F,F,COLLECT COD,4,Manufacturer#1,1-URGENT,3,HOUSEHOLD,MAIL,1,0.04,11,Brand#14,7,LG BOX,36,360,65711.4084
F,F,TAKE BACK RETURN,2,Manufacturer#1,3-MEDIUM,2,AUTOMOBILE,SHIP,1,0.07,21,Brand#13,21,WRAP DRUM,16,1696,34334.4
F,F,NONE,0,Manufacturer#2,3-MEDIUM,2,AUTOMOBILE,MAIL,3,0.05,15,Brand#23,21,JUMBO JAR,46,1696,4427.241
F,F,COLLECT COD,2,Manufacturer#2,3-MEDIUM,4,HOUSEHOLD,REG AIR,2,0.05,8,Brand#21,13,WRAP DRUM,21,1697,49384.2624
F,F,COLLECT COD,2,Manufacturer#5,5-LOW,3,HOUSEHOLD,SHIP,1,0.08,21,Brand#52,6,JUMBO JAR,16,1698,42732.114
F,F,TAKE BACK RETURN,2,Manufacturer#5,5-LOW,3,HOUSEHOLD,MAIL,2,0.08,9,Brand#52,6,LG PKG,7,1698,21342.4368
F,F,NONE,1,Manufacturer#2,4-NOT SPECIFIED,4,FURNITURE,SHIP,3,0.02,3,Brand#21,4,LG PACK,8,1699,42539.385
F,F,NONE,3,Manufacturer#3,2-HIGH,2,HOUSEHOLD,MAIL,3,0,6,Brand#31,8,SM PKG,10,1700,2236.176
F,F,COLLECT COD,1,Manufacturer#3,2-HIGH,2,HOUSEHOLD,MAIL,1,0.05,17,Brand#35,8,SM BOX,36,1700,40070.1
F,F,NONE,1,Manufacturer#2,3-MEDIUM,3,HOUSEHOLD,MAIL,3,0.07,17,Brand#23,6,MED PACK,17,1701,33407.3376
F,F,COLLECT COD,2,Manufacturer#4,3-MEDIUM,3,HOUSEHOLD,FOB,4,0.08,9,Brand#41,6,WRAP BOX,45,1701,25079.7336
F,F,NONE,1,Manufacturer#5,3-MEDIUM,3,HOUSEHOLD,FOB,1,0.06,24,Brand#52,6,JUMBO BOX,4,1701,46656.2628
F,F,TAKE BACK RETURN,2,Manufacturer#4,5-LOW,3,MACHINERY,REG AIR,2,0.01,18,Brand#41,22,MED JAR,22,1702,34913.952
F,F,TAKE BACK RETURN,2,Manufacturer#5,4-NOT SPECIFIED,0,HOUSEHOLD,TRUCK,3,0.08,18,Brand#53,15,SM DRUM,24,1703,34105.4304
F,F,DELIVER IN PERSON,3,Manufacturer#1,4-NOT SPECIFIED,0,HOUSEHOLD,MAIL,2,0.03,7,Brand#11,15,MED BAG,20,1703,3127.8555
F,F,COLLECT COD,1,Manufacturer#3,2-HIGH,3,BUILDING,FOB,4,0.04,1,Brand#33,19,MED CAN,3,1704,20839.428
F,F,NONE,2,Manufacturer#4,2-HIGH,3,BUILDING,MAIL,6,0.03,12,Brand#44,19,SM CAN,22,1704,70382.5551
F,F,COLLECT COD,4,Manufacturer#5,2-HIGH,3,BUILDING,RAIL,2,0.03,11,Brand#52,19,LG CASE,47,1704,55833.343
F,F,TAKE BACK RETURN,4,Manufacturer#3,2-HIGH,2,FURNITURE,SHIP,1,0.08,13,Brand#35,21,WRAP BAG,17,1705,63063.6448
F,F,DELIVER IN PERSON,4,Manufacturer#3,2-HIGH,2,FURNITURE,SHIP,2,0.01,4,Brand#31,21,WRAP DRUM,43,1705,28908.0792
F,F,COLLECT COD,1,Manufacturer#5,2-HIGH,2,FURNITURE,AIR,3,0.01,1,Brand#54,21,LG DRUM,17,1705,49200.8
F,F,COLLECT COD,3,Manufacturer#2,3-MEDIUM,4,HOUSEHOLD,FOB,4,0.06,6,Brand#22,13,JUMBO BAG,47,1697,19163.136
F,F,COLLECT COD,3,Manufacturer#1,3-MEDIUM,4,HOUSEHOLD,TRUCK,1,0.01,7,Brand#15,13,LG BAG,7,1697,39330.2
F,F,DELIVER IN PERSON,2,Manufacturer#2,3-MEDIUM,4,HOUSEHOLD,TRUCK,6,0.03,9,Brand#25,13,WRAP CASE,14,1697,51466.0034
F,F,TAKE BACK RETURN,0,Manufacturer#3,3-MEDIUM,0,MACHINERY,AIR,1,0,14,Brand#35,0,SM JAR,39,586,7295.0514
F,F,NONE,1,Manufacturer#5,4-NOT SPECIFIED,0,AUTOMOBILE,MAIL,3,0.07,1,Brand#51,0,LG PKG,36,54,40142.286
F,F,DELIVER IN PERSON,4,Manufacturer#2,4-NOT SPECIFIED,0,AUTOMOBILE,TRUCK,1,0.08,10,Brand#24,0,WRAP DRUM,41,54,900.638
F,F,NONE,4,Manufacturer#4,3-MEDIUM,0,MACHINERY,FOB,3,0.01,10,Brand#42,0,SM DRUM,40,586,7649.808
F,F,NONE,4,Manufacturer#5,3-MEDIUM,0,MACHINERY,TRUCK,6,0.08,4,Brand#52,0,JUMBO PKG,12,586,20496.5124
F,F,NONE,2,Manufacturer#5,4-NOT SPECIFIED,0,AUTOMOBILE,AIR,1,0.02,21,Brand#52,5,SM CASE,1,1706,55889.106
F,F,COLLECT COD,3,Manufacturer#2,3-MEDIUM,0,FURNITURE,SHIP,1,0.07,22,Brand#23,0,LG PKG,13,1707,51430.784
F,F,NONE,2,Manufacturer#2,3-MEDIUM,0,FURNITURE,REG AIR,4,0.08,9,Brand#25,0,JUMBO DRUM,50,1707,21628.5264
F,F,COLLECT COD,3,Manufacturer#3,3-MEDIUM,0,FURNITURE,SHIP,2,0.08,19,Brand#31,0,LG JAR,48,1707,50636.0355
F,F,NONE,2,Manufacturer#1,3-MEDIUM,3,AUTOMOBILE,MAIL,3,0.06,12,Brand#14,23,MED CAN,40,1708,72873.8808
F,F,NONE,2,Manufacturer#5,2-HIGH,4,MACHINERY,RAIL,3,0.07,12,Brand#53,20,SM DRUM,32,1709,26913.1863
F,F,DELIVER IN PERSON,2,Manufacturer#5,4-NOT SPECIFIED,2,FURNITURE,RAIL,2,0.03,8,Brand#51,9,LG JAR,36,1710,79441.776
F,F,NONE,3,Manufacturer#3,4-NOT SPECIFIED,2,FURNITURE,REG AIR,4,0.06,7,Brand#32,9,JUMBO PACK,26,1710,45133.0704
F,F,DELIVER IN PERSON,1,Manufacturer#1,4-NOT SPECIFIED,2,FURNITURE,RAIL,1,0.02,2,Brand#14,9,MED DRUM,22,1710,38614.5942
F,F,DELIVER IN PERSON,3,Manufacturer#1,3-MEDIUM,3,MACHINERY,REG AIR,3,0,7,Brand#15,23,JUMBO BAG,11,1711,22559.3355
F,F,DELIVER IN PERSON,0,Manufacturer#1,3-MEDIUM,3,MACHINERY,REG AIR,2,0,5,Brand#12,23,MED PKG,40,1711,79283.5
F,F,COLLECT COD,3,Manufacturer#2,5-LOW,0,MACHINERY,FOB,3,0.08,6,Brand#21,15,MED DRUM,49,1238,17432.3712
F,F,TAKE BACK RETURN,4,Manufacturer#4,5-LOW,0,MACHINERY,REG AIR,1,0.08,10,Brand#43,15,WRAP CAN,35,1238,15769.5822
F,F,DELIVER IN PERSON,2,Manufacturer#1,5-LOW,0,MACHINERY,RAIL,2,0.08,9,Brand#12,15,SM CASE,26,1238,11425.9444
F,F,COLLECT COD,2,Manufacturer#1,5-LOW,0,FURNITURE,MAIL,5,0.03,8,Brand#15,16,WRAP DRUM,25,1264,40248.0936
F,F,NONE,4,Manufacturer#3,4-NOT SPECIFIED,4,BUILDING,SHIP,4,0.07,11,Brand#33,20,WRAP BAG,4,1712,1383.4494
F,F,NONE,4,Manufacturer#4,4-NOT SPECIFIED,4,BUILDING,SHIP,1,0.07,10,Brand#41,20,JUMBO DRUM,23,1712,33340.9656
F,F,COLLECT COD,0,Manufacturer#5,4-NOT SPECIFIED,4,BUILDING,MAIL,5,0.03,16,Brand#53,20,SM CAN,4,1712,12190.1868
F,F,NONE,1,Manufacturer#4,5-LOW,4,FURNITURE,RAIL,5,0.06,2,Brand#43,20,SM PKG,7,1713,33327.4788
F,F,DELIVER IN PERSON,3,Manufacturer#4,1-URGENT,2,MACHINERY,SHIP,1,0.07,7,Brand#42,8,JUMBO PKG,3,1714,4148.064
F,F,NONE,3,Manufacturer#4,1-URGENT,4,MACHINERY,RAIL,1,0.07,7,Brand#42,11,MED CASE,50,1715,7456.3424
F,F,COLLECT COD,2,Manufacturer#2,1-URGENT,4,MACHINERY,AIR,2,0.02,12,Brand#21,11,LG PACK,19,1715,18248.0606
F,F,DELIVER IN PERSON,0,Manufacturer#2,1-URGENT,4,MACHINERY,MAIL,4,0.04,15,Brand#25,11,SM PACK,17,1715,62919.83
F,F,DELIVER IN PERSON,4,Manufacturer#3,1-URGENT,4,MACHINERY,AIR,7,0.05,4,Brand#32,11,WRAP PKG,34,1715,11352.3984
F,F,NONE,1,Manufacturer#1,1-URGENT,4,MACHINERY,MAIL,6,0.04,24,Brand#12,11,WRAP PKG,50,1715,54827.3544
F,F,DELIVER IN PERSON,1,Manufacturer#5,5-LOW,2,BUILDING,SHIP,1,0.03,3,Brand#53,8,JUMBO JAR,34,1716,61280.9736
F,F,DELIVER IN PERSON,3,Manufacturer#2,3-MEDIUM,3,AUTOMOBILE,TRUCK,1,0.04,7,Brand#22,6,WRAP PKG,24,1717,79965.6088
F,F,NONE,3,Manufacturer#1,3-MEDIUM,3,AUTOMOBILE,REG AIR,3,0.04,6,Brand#11,6,MED BOX,25,1717,44122.75
F,F,TAKE BACK RETURN,4,Manufacturer#3,3-MEDIUM,3,AUTOMOBILE,SHIP,4,0.05,20,Brand#31,6,SM BAG,49,1717,6101.9208
F,F,TAKE BACK RETURN,4,Manufacturer#4,3-MEDIUM,3,AUTOMOBILE,SHIP,2,0.06,4,Brand#43,6,SM PKG,45,1717,33069.312
F,F,TAKE BACK RETURN,4,Manufacturer#5,5-LOW,3,BUILDING,MAIL,1,0.05,10,Brand#51,19,WRAP PACK,3,1312,23111.352
F,F,COLLECT COD,3,Manufacturer#5,5-LOW,4,MACHINERY,RAIL,5,0.01,22,Brand#54,13,JUMBO CAN,31,1718,13744.892
F,F,NONE,1,Manufacturer#5,5-LOW,4,MACHINERY,SHIP,2,0.07,2,Brand#51,13,LG CASE,12,1718,23686.7085
F,F,COLLECT COD,2,Manufacturer#3,3-MEDIUM,2,BUILDING,MAIL,5,0,8,Brand#35,21,JUMBO BOX,33,1719,73788.561
F,F,COLLECT COD,1,Manufacturer#2,3-MEDIUM,2,BUILDING,REG AIR,4,0.06,3,Brand#25,21,MED DRUM,8,1719,73630.32
F,F,TAKE BACK RETURN,1,Manufacturer#4,3-MEDIUM,2,BUILDING,AIR,3,0.06,1,Brand#42,21,SM JAR,4,1719,61884.432
F,F,COLLECT COD,2,Manufacturer#4,5-LOW,4,FURNITURE,MAIL,3,0.04,18,Brand#43,20,WRAP JAR,48,1713,28900.144
F,F,COLLECT COD,3,Manufacturer#3,5-LOW,4,FURNITURE,REG AIR,2,0.05,6,Brand#35,20,SM CASE,47,1713,47061.0504
F,F,NONE,4,Manufacturer#1,1-URGENT,0,HOUSEHOLD,SHIP,4,0.04,13,Brand#14,14,LG JAR,43,727,47976.8751
F,F,DELIVER IN PERSON,4,Manufacturer#1,1-URGENT,0,HOUSEHOLD,TRUCK,1,0.01,10,Brand#14,14,WRAP JAR,1,727,7545.6015
F,F,TAKE BACK RETURN,4,Manufacturer#5,1-URGENT,0,HOUSEHOLD,RAIL,7,0.05,11,Brand#54,14,MED JAR,22,727,61679.584
F,F,COLLECT COD,2,Manufacturer#1,1-URGENT,0,HOUSEHOLD,TRUCK,2,0.08,9,Brand#13,14,MED JAR,49,727,21255.0048
F,F,TAKE BACK RETURN,3,Manufacturer#5,1-URGENT,4,AUTOMOBILE,REG AIR,1,0.04,19,Brand#55,20,JUMBO BAG,48,135,40865.175
F,F,DELIVER IN PERSON,1,Manufacturer#5,2-HIGH,0,AUTOMOBILE,FOB,1,0.05,24,Brand#52,5,MED JAR,31,1720,57657.9276
F,F,COLLECT COD,1,Manufacturer#4,1-URGENT,1,BUILDING,SHIP,1,0.04,17,Brand#45,2,WRAP BOX,6,1721,16116.48
F,F,COLLECT COD,0,Manufacturer#5,4-NOT SPECIFIED,1,BUILDING,MAIL,3,0.03,5,Brand#55,2,LG JAR,32,1722,22399.7488
F,F,NONE,2,Manufacturer#2,4-NOT SPECIFIED,1,BUILDING,REG AIR,4,0.05,8,Brand#22,2,JUMBO DRUM,23,1722,18461.2155
F,F,DELIVER IN PERSON,1,Manufacturer#5,4-NOT SPECIFIED,1,BUILDING,AIR,2,0,1,Brand#53,2,LG DRUM,20,1722,56752.3138
F,F,NONE,2,Manufacturer#3,4-NOT SPECIFIED,1,BUILDING,RAIL,5,0.06,21,Brand#34,2,SM PACK,13,1722,6062.868
F,F,DELIVER IN PERSON,2,Manufacturer#3,3-MEDIUM,4,HOUSEHOLD,FOB,2,0.06,21,Brand#34,13,SM PACK,13,1723,22333.626
F,F,DELIVER IN PERSON,3,Manufacturer#4,2-HIGH,4,MACHINERY,SHIP,3,0.08,22,Brand#41,4,SM BOX,30,1724,34477.1978
F,F,COLLECT COD,1,Manufacturer#4,2-HIGH,4,MACHINERY,TRUCK,4,0,2,Brand#45,4,JUMBO DRUM,26,1724,28335.216
F,F,DELIVER IN PERSON,3,Manufacturer#3,1-URGENT,4,HOUSEHOLD,FOB,3,0,22,Brand#33,20,JUMBO PKG,30,1725,12014.0748
F,F,COLLECT COD,0,Manufacturer#4,1-URGENT,4,HOUSEHOLD,MAIL,2,0.08,5,Brand#42,20,WRAP BOX,29,1725,50758.3895
F,F,COLLECT COD,2,Manufacturer#5,2-HIGH,3,BUILDING,SHIP,1,0.08,8,Brand#55,19,MED CASE,30,384,52216.065
F,F,DELIVER IN PERSON,3,Manufacturer#3,5-LOW,1,AUTOMOBILE,REG AIR,1,0.06,22,Brand#31,24,SM BAG,17,1726,62490.096
F,F,COLLECT COD,2,Manufacturer#5,4-NOT SPECIFIED,1,BUILDING,REG AIR,1,0.08,9,Brand#51,17,SM CAN,15,1727,4694.1804
F,F,COLLECT COD,0,Manufacturer#5,3-MEDIUM,1,HOUSEHOLD,SHIP,3,0.05,0,Brand#54,2,SM PKG,48,1728,1399.365
F,F,TAKE BACK RETURN,3,Manufacturer#1,3-MEDIUM,1,HOUSEHOLD,FOB,1,0.06,23,Brand#14,2,MED DRUM,30,1728,41862.744
F,F,COLLECT COD,1,Manufacturer#5,3-MEDIUM,1,HOUSEHOLD,FOB,4,0,1,Brand#54,2,JUMBO BOX,26,1728,15091.4556
F,F,DELIVER IN PERSON,4,Manufacturer#2,3-MEDIUM,1,HOUSEHOLD,REG AIR,5,0.03,4,Brand#21,2,WRAP CAN,32,1728,39569.391
F,F,TAKE BACK RETURN,2,Manufacturer#3,3-MEDIUM,1,HOUSEHOLD,FOB,6,0,21,Brand#35,2,WRAP PACK,19,1728,1001.871
F,F,DELIVER IN PERSON,1,Manufacturer#5,5-LOW,2,AUTOMOBILE,MAIL,4,0.05,2,Brand#54,21,LG PKG,45,1024,25406.2794
F,F,TAKE BACK RETURN,4,Manufacturer#3,1-URGENT,1,BUILDING,AIR,2,0.05,11,Brand#34,17,SM PKG,11,1729,61999.74
F,F,NONE,4,Manufacturer#2,1-URGENT,1,BUILDING,AIR,1,0.05,20,Brand#24,17,SM BAG,20,1729,85751.0676
F,F,COLLECT COD,4,Manufacturer#2,5-LOW,2,AUTOMOBILE,MAIL,6,0.06,10,Brand#23,21,MED PACK,37,1024,64256.4156
F,F,DELIVER IN PERSON,1,Manufacturer#4,3-MEDIUM,2,BUILDING,MAIL,2,0.03,1,Brand#42,21,WRAP CAN,37,1730,19638.3872
F,F,DELIVER IN PERSON,2,Manufacturer#4,3-MEDIUM,2,BUILDING,TRUCK,1,0.03,12,Brand#43,21,JUMBO BOX,17,1730,21496.5544
F,F,NONE,2,Manufacturer#4,3-MEDIUM,2,BUILDING,TRUCK,6,0.08,9,Brand#42,21,WRAP CASE,29,1730,66986.21
F,F,NONE,1,Manufacturer#5,3-MEDIUM,2,BUILDING,RAIL,5,0.05,24,Brand#53,21,WRAP DRUM,14,1730,57085.215
F,F,COLLECT COD,2,Manufacturer#5,3-MEDIUM,2,BUILDING,FOB,4,0.01,9,Brand#55,21,WRAP JAR,20,1730,8661.12
F,F,COLLECT COD,3,Manufacturer#4,5-LOW,2,AUTOMOBILE,SHIP,1,0.01,19,Brand#43,21,LG BAG,2,1024,53333.9174
F,F,DELIVER IN PERSON,0,Manufacturer#1,1-URGENT,2,BUILDING,FOB,1,0.01,15,Brand#14,12,WRAP BOX,40,1731,32611.6816
F,F,DELIVER IN PERSON,4,Manufacturer#3,5-LOW,1,AUTOMOBILE,AIR,1,0.04,13,Brand#35,3,JUMBO DRUM,2,1732,52677.538
F,F,TAKE BACK RETURN,2,Manufacturer#5,2-HIGH,4,AUTOMOBILE,SHIP,4,0.01,21,Brand#53,11,WRAP CAN,8,1733,34181.4456
F,F,COLLECT COD,0,Manufacturer#4,2-HIGH,4,AUTOMOBILE,RAIL,2,0,5,Brand#42,11,SM DRUM,17,1733,32368.8906
F,F,TAKE BACK RETURN,0,Manufacturer#3,4-NOT SPECIFIED,3,MACHINERY,FOB,1,0.05,15,Brand#31,7,LG PACK,9,1734,29995.1424
F,F,COLLECT COD,3,Manufacturer#5,3-MEDIUM,0,MACHINERY,TRUCK,3,0.08,7,Brand#53,16,LG CAN,12,575,73629.072
F,F,COLLECT COD,0,Manufacturer#4,3-MEDIUM,3,AUTOMOBILE,FOB,1,0,14,Brand#44,19,SM PKG,10,1735,61754.9184
F,F,COLLECT COD,2,Manufacturer#5,3-MEDIUM,3,AUTOMOBILE,AIR,2,0.06,9,Brand#55,19,JUMBO JAR,11,1735,58028.931
F,F,DELIVER IN PERSON,1,Manufacturer#2,2-HIGH,3,BUILDING,AIR,1,0.06,1,Brand#24,22,SM CAN,28,1736,35296.17
F,F,DELIVER IN PERSON,4,Manufacturer#1,2-HIGH,2,AUTOMOBILE,FOB,6,0.01,20,Brand#12,21,LG CAN,40,399,35168.7312
F,F,TAKE BACK RETURN,0,Manufacturer#4,4-NOT SPECIFIED,1,AUTOMOBILE,MAIL,3,0.06,14,Brand#45,2,WRAP DRUM,10,1737,17847.0936
F,F,TAKE BACK RETURN,4,Manufacturer#3,4-NOT SPECIFIED,1,AUTOMOBILE,AIR,2,0.05,10,Brand#31,2,MED DRUM,40,1737,46564.8892
F,F,DELIVER IN PERSON,4,Manufacturer#2,4-NOT SPECIFIED,3,AUTOMOBILE,FOB,2,0,10,Brand#21,23,JUMBO JAR,47,1738,28713.7664
F,F,TAKE BACK RETURN,1,Manufacturer#3,4-NOT SPECIFIED,3,AUTOMOBILE,FOB,3,0.08,24,Brand#35,23,WRAP BAG,17,1738,58265.324
F,F,COLLECT COD,1,Manufacturer#4,1-URGENT,0,BUILDING,RAIL,3,0.07,17,Brand#44,16,SM CAN,40,1739,20367.685
F,F,NONE,1,Manufacturer#5,1-URGENT,0,BUILDING,FOB,5,0.05,17,Brand#52,16,SM BOX,31,1739,24017.634
F,F,COLLECT COD,2,Manufacturer#1,1-URGENT,0,BUILDING,FOB,1,0.02,21,Brand#14,16,SM CAN,39,1739,3478.7256
F,F,DELIVER IN PERSON,0,Manufacturer#1,1-URGENT,0,BUILDING,MAIL,2,0.07,15,Brand#15,16,WRAP CASE,1,1739,26514.5988
F,F,COLLECT COD,4,Manufacturer#4,1-URGENT,2,BUILDING,REG AIR,2,0,11,Brand#43,12,SM PACK,10,1731,23957.0001
F,F,NONE,3,Manufacturer#5,2-HIGH,2,MACHINERY,RAIL,1,0.03,22,Brand#54,12,MED JAR,46,1740,50466.7104
F,F,DELIVER IN PERSON,0,Manufacturer#4,1-URGENT,1,FURNITURE,REG AIR,1,0.02,16,Brand#42,17,JUMBO BOX,35,1741,83507.3
F,F,DELIVER IN PERSON,2,Manufacturer#4,5-LOW,0,MACHINERY,REG AIR,6,0.04,8,Brand#43,15,JUMBO DRUM,40,1742,52404.9
F,F,DELIVER IN PERSON,2,Manufacturer#3,5-LOW,0,MACHINERY,AIR,2,0.06,18,Brand#34,15,JUMBO CASE,43,1742,50126.304
F,F,NONE,3,Manufacturer#3,2-HIGH,4,BUILDING,RAIL,2,0.05,19,Brand#34,20,SM CAN,36,1743,30005.6823
F,F,NONE,2,Manufacturer#1,2-HIGH,4,BUILDING,RAIL,1,0.03,9,Brand#14,20,MED BOX,13,1743,3561.84
F,F,DELIVER IN PERSON,1,Manufacturer#2,4-NOT SPECIFIED,3,MACHINERY,SHIP,2,0.03,2,Brand#24,6,MED JAR,33,1744,35400.5089
F,F,TAKE BACK RETURN,4,Manufacturer#1,4-NOT SPECIFIED,3,MACHINERY,SHIP,3,0.05,13,Brand#15,6,MED BOX,25,1744,23881.83
F,F,DELIVER IN PERSON,3,Manufacturer#4,4-NOT SPECIFIED,4,MACHINERY,REG AIR,1,0,7,Brand#45,11,SM BOX,41,1745,41352.6267
F,F,TAKE BACK RETURN,3,Manufacturer#2,1-URGENT,1,FURNITURE,RAIL,3,0.01,19,Brand#21,17,SM CAN,39,1741,34158.9138
F,F,DELIVER IN PERSON,2,Manufacturer#5,1-URGENT,2,HOUSEHOLD,FOB,7,0.08,18,Brand#52,12,LG DRUM,23,1655,86914.08
F,F,DELIVER IN PERSON,0,Manufacturer#2,1-URGENT,2,HOUSEHOLD,AIR,5,0.05,0,Brand#21,12,JUMBO JAR,13,1655,28371.744
F,F,DELIVER IN PERSON,4,Manufacturer#2,1-URGENT,2,HOUSEHOLD,AIR,3,0.04,4,Brand#24,12,LG CAN,39,1655,12145.5125
F,F,TAKE BACK RETURN,0,Manufacturer#2,1-URGENT,2,HOUSEHOLD,REG AIR,1,0.08,15,Brand#25,12,MED PACK,32,1655,45887.4598
F,F,TAKE BACK RETURN,2,Manufacturer#5,4-NOT SPECIFIED,3,BUILDING,SHIP,1,0.02,18,Brand#55,23,LG BAG,15,1746,68924.4192
F,F,DELIVER IN PERSON,2,Manufacturer#3,5-LOW,3,FURNITURE,AIR,3,0.03,18,Brand#35,22,JUMBO BOX,33,1026,34943.508
F,F,DELIVER IN PERSON,3,Manufacturer#2,5-LOW,3,FURNITURE,REG AIR,2,0.03,23,Brand#22,22,MED CAN,27,1026,73069.2464
F,F,COLLECT COD,0,Manufacturer#1,5-LOW,3,FURNITURE,FOB,1,0.07,14,Brand#11,22,SM PACK,10,1026,53780.8095
F,F,TAKE BACK RETURN,2,Manufacturer#1,4-NOT SPECIFIED,2,HOUSEHOLD,AIR,2,0.08,8,Brand#14,9,SM DRUM,49,1747,43520.3
F,F,COLLECT COD,3,Manufacturer#3,4-NOT SPECIFIED,2,HOUSEHOLD,RAIL,4,0.04,22,Brand#34,9,MED BOX,28,1747,52644.096
F,F,COLLECT COD,0,Manufacturer#4,4-NOT SPECIFIED,2,HOUSEHOLD,AIR,1,0.06,14,Brand#44,9,WRAP CAN,37,1747,32911.13
F,F,DELIVER IN PERSON,2,Manufacturer#2,4-NOT SPECIFIED,4,MACHINERY,MAIL,2,0.05,8,Brand#25,11,MED BOX,40,1748,20706.0672
F,F,COLLECT COD,0,Manufacturer#3,2-HIGH,3,FURNITURE,AIR,3,0.06,16,Brand#35,7,SM CASE,22,1749,40660.2
F,F,DELIVER IN PERSON,4,Manufacturer#1,2-HIGH,3,FURNITURE,REG AIR,1,0.02,20,Brand#14,7,WRAP JAR,43,1749,11585.133
F,F,TAKE BACK RETURN,0,Manufacturer#3,2-HIGH,3,FURNITURE,AIR,2,0.01,0,Brand#32,7,JUMBO PKG,4,1749,4745.1393
F,F,COLLECT COD,0,Manufacturer#3,2-HIGH,3,FURNITURE,SHIP,4,0.04,16,Brand#35,7,JUMBO CASE,14,1749,44332.7248
F,F,COLLECT COD,3,Manufacturer#5,2-HIGH,2,AUTOMOBILE,FOB,4,0.04,22,Brand#54,18,WRAP BOX,21,1750,58849.9097
F,F,TAKE BACK RETURN,2,Manufacturer#2,2-HIGH,2,AUTOMOBILE,SHIP,3,0.06,9,Brand#21,18,SM BAG,21,1750,16039.05
F,F,NONE,2,Manufacturer#5,2-HIGH,4,HOUSEHOLD,MAIL,1,0.06,21,Brand#54,20,WRAP CAN,42,1751,54271.1162
F,F,NONE,4,Manufacturer#2,3-MEDIUM,4,MACHINERY,RAIL,1,0,13,Brand#23,20,JUMBO CASE,12,1752,8874.54
F,F,NONE,3,Manufacturer#3,3-MEDIUM,4,MACHINERY,RAIL,2,0.08,22,Brand#35,20,LG PACK,42,1752,74821.0792
F,F,NONE,2,Manufacturer#1,2-HIGH,4,HOUSEHOLD,TRUCK,1,0.02,9,Brand#15,10,LG CAN,12,447,48936.015
F,F,DELIVER IN PERSON,1,Manufacturer#3,3-MEDIUM,0,BUILDING,RAIL,1,0.03,17,Brand#33,14,SM PACK,32,1753,45787.8564
F,F,COLLECT COD,3,Manufacturer#3,5-LOW,4,AUTOMOBILE,SHIP,4,0.04,22,Brand#32,13,LG BAG,41,1754,7007.2
F,F,NONE,2,Manufacturer#1,5-LOW,4,AUTOMOBILE,AIR,3,0.03,18,Brand#15,13,WRAP CASE,50,1754,89085.6
F,F,TAKE BACK RETURN,0,Manufacturer#4,5-LOW,4,AUTOMOBILE,TRUCK,5,0.03,5,Brand#44,13,WRAP PACK,43,1754,77581.944
F,F,TAKE BACK RETURN,4,Manufacturer#2,4-NOT SPECIFIED,3,BUILDING,SHIP,1,0.05,10,Brand#23,23,WRAP JAR,30,1755,82311.572
F,F,TAKE BACK RETURN,1,Manufacturer#3,4-NOT SPECIFIED,3,BUILDING,AIR,6,0.07,17,Brand#32,23,WRAP BOX,17,1755,43481.956
F,F,COLLECT COD,4,Manufacturer#3,4-NOT SPECIFIED,3,BUILDING,MAIL,2,0.03,11,Brand#32,23,MED DRUM,26,1755,10111.829
F,F,NONE,3,Manufacturer#5,5-LOW,0,HOUSEHOLD,AIR,3,0.04,22,Brand#53,14,WRAP PACK,46,1756,11987.5833
F,F,TAKE BACK RETURN,2,Manufacturer#3,3-MEDIUM,4,HOUSEHOLD,RAIL,3,0.05,8,Brand#34,20,JUMBO PACK,19,1757,82646.1146
F,F,TAKE BACK RETURN,3,Manufacturer#2,3-MEDIUM,4,HOUSEHOLD,TRUCK,2,0.05,7,Brand#21,20,LG JAR,50,1757,49062.46
F,F,NONE,1,Manufacturer#2,5-LOW,2,MACHINERY,SHIP,3,0.04,24,Brand#23,21,WRAP JAR,50,1758,6813.5016
F,F,DELIVER IN PERSON,1,Manufacturer#5,5-LOW,2,MACHINERY,AIR,1,0.04,2,Brand#55,21,WRAP BAG,40,1758,75466.1376
F,F,TAKE BACK RETURN,0,Manufacturer#1,5-LOW,2,MACHINERY,MAIL,2,0.02,15,Brand#15,21,MED BOX,21,1758,75414.4251
F,F,NONE,2,Manufacturer#3,2-HIGH,1,MACHINERY,TRUCK,3,0.07,9,Brand#33,24,SM PACK,49,1759,22965.2544
F,F,TAKE BACK RETURN,3,Manufacturer#3,2-HIGH,1,MACHINERY,MAIL,1,0.03,23,Brand#32,24,JUMBO BOX,8,1759,27921.3025
F,F,COLLECT COD,4,Manufacturer#3,2-HIGH,1,MACHINERY,FOB,5,0.04,13,Brand#31,24,SM PKG,15,1759,12278.6748
F,F,COLLECT COD,2,Manufacturer#5,2-HIGH,1,MACHINERY,SHIP,2,0.02,8,Brand#53,24,SM BOX,27,1759,44261.99
F,F,NONE,0,Manufacturer#5,2-HIGH,1,BUILDING,REG AIR,4,0.07,16,Brand#55,24,MED CASE,31,1760,38725.1712
F,F,DELIVER IN PERSON,2,Manufacturer#4,2-HIGH,1,BUILDING,RAIL,5,0.06,12,Brand#43,24,MED PACK,46,1760,21247.947
F,F,DELIVER IN PERSON,4,Manufacturer#1,2-HIGH,1,BUILDING,MAIL,6,0.06,13,Brand#15,24,LG JAR,37,1760,54882.2932
F,F,TAKE BACK RETURN,0,Manufacturer#4,2-HIGH,1,BUILDING,SHIP,3,0.06,0,Brand#45,24,LG PACK,50,1760,50899.8672
F,F,COLLECT COD,1,Manufacturer#2,2-HIGH,1,BUILDING,AIR,1,0,1,Brand#21,24,SM BOX,15,1760,24005.16
F,F,DELIVER IN PERSON,1,Manufacturer#1,1-URGENT,2,AUTOMOBILE,SHIP,2,0.07,24,Brand#12,12,MED DRUM,7,1761,5409.324
F,F,DELIVER IN PERSON,4,Manufacturer#4,1-URGENT,2,AUTOMOBILE,REG AIR,1,0.08,11,Brand#41,12,MED BAG,6,1761,21472.65
F,F,COLLECT COD,4,Manufacturer#4,1-URGENT,2,AUTOMOBILE,TRUCK,4,0.07,4,Brand#43,12,SM PKG,49,1761,23387.886
F,F,TAKE BACK RETURN,4,Manufacturer#3,3-MEDIUM,0,FURNITURE,TRUCK,1,0.04,13,Brand#34,16,WRAP BAG,22,541,51740.766
F,F,NONE,3,Manufacturer#2,3-MEDIUM,0,FURNITURE,AIR,2,0.03,22,Brand#21,16,JUMBO JAR,47,541,65952.8
F,F,DELIVER IN PERSON,0,Manufacturer#2,5-LOW,1,FURNITURE,REG AIR,1,0.07,15,Brand#23,1,WRAP JAR,14,1762,71296.911
F,F,TAKE BACK RETURN,4,Manufacturer#4,5-LOW,4,HOUSEHOLD,MAIL,4,0.08,4,Brand#44,20,MED BAG,10,1763,61050.878
F,F,TAKE BACK RETURN,1,Manufacturer#1,1-URGENT,2,BUILDING,TRUCK,6,0.02,24,Brand#11,21,JUMBO CAN,30,1482,30446.9352
F,F,COLLECT COD,0,Manufacturer#4,1-URGENT,2,BUILDING,MAIL,3,0.02,16,Brand#44,21,WRAP BAG,29,1482,12760.5114
F,F,TAKE BACK RETURN,4,Manufacturer#2,1-URGENT,2,BUILDING,MAIL,1,0.07,4,Brand#25,21,LG BAG,5,1482,47972.274
F,F,TAKE BACK RETURN,1,Manufacturer#1,5-LOW,0,FURNITURE,SHIP,3,0.03,17,Brand#11,5,SM PKG,37,1764,59697.792
F,F,COLLECT COD,0,Manufacturer#1,5-LOW,0,FURNITURE,TRUCK,5,0.01,14,Brand#15,5,WRAP CASE,22,1764,53164.755
F,F,TAKE BACK RETURN,1,Manufacturer#3,5-LOW,0,FURNITURE,RAIL,6,0.04,2,Brand#31,5,WRAP BOX,28,1764,9981.8928
F,F,NONE,2,Manufacturer#5,1-URGENT,3,MACHINERY,MAIL,2,0.01,9,Brand#51,19,LG CAN,7,1643,58758.04
F,F,NONE,1,Manufacturer#5,4-NOT SPECIFIED,2,HOUSEHOLD,REG AIR,2,0.05,3,Brand#53,12,LG BAG,15,1765,65949.75
F,F,TAKE BACK RETURN,4,Manufacturer#4,1-URGENT,3,MACHINERY,FOB,7,0,4,Brand#43,23,WRAP JAR,15,1766,34822.3392
F,F,NONE,4,Manufacturer#4,1-URGENT,3,MACHINERY,REG AIR,1,0.01,20,Brand#41,23,LG BAG,9,1766,50557.328
F,F,COLLECT COD,4,Manufacturer#5,1-URGENT,3,MACHINERY,SHIP,5,0,4,Brand#54,23,LG BOX,3,1766,14889.42
F,F,NONE,3,Manufacturer#3,5-LOW,2,BUILDING,MAIL,2,0.05,6,Brand#31,12,WRAP PACK,44,1767,24871.296
F,F,COLLECT COD,2,Manufacturer#4,5-LOW,2,BUILDING,SHIP,1,0.02,9,Brand#45,12,LG BAG,11,1767,75699.6192
F,F,DELIVER IN PERSON,4,Manufacturer#5,1-URGENT,3,MACHINERY,TRUCK,1,0.08,11,Brand#51,19,SM JAR,45,1768,73521.7126
F,F,DELIVER IN PERSON,4,Manufacturer#2,1-URGENT,3,MACHINERY,REG AIR,1,0,20,Brand#25,19,LG JAR,42,1643,970.06
F,F,NONE,3,Manufacturer#4,2-HIGH,1,FURNITURE,RAIL,3,0.08,7,Brand#43,3,LG BAG,30,1769,52024.356
F,F,NONE,3,Manufacturer#2,2-HIGH,1,FURNITURE,TRUCK,5,0,6,Brand#21,3,LG BAG,33,1769,48361.677
F,F,DELIVER IN PERSON,4,Manufacturer#1,2-HIGH,1,FURNITURE,AIR,4,0.08,10,Brand#13,3,JUMBO CASE,1,1769,19941.804
F,F,DELIVER IN PERSON,4,Manufacturer#4,5-LOW,0,MACHINERY,MAIL,2,0,4,Brand#42,0,SM BAG,34,1770,49018.157
F,F,TAKE BACK RETURN,0,Manufacturer#1,5-LOW,4,HOUSEHOLD,REG AIR,2,0.05,0,Brand#12,11,JUMBO CASE,6,1771,47929.0192
F,F,TAKE BACK RETURN,3,Manufacturer#5,5-LOW,4,HOUSEHOLD,RAIL,2,0.06,23,Brand#52,4,MED JAR,31,1772,29266.452
F,F,COLLECT COD,4,Manufacturer#3,3-MEDIUM,4,AUTOMOBILE,RAIL,1,0.02,10,Brand#33,13,SM CASE,19,1773,15102.72
F,F,NONE,0,Manufacturer#1,3-MEDIUM,4,AUTOMOBILE,MAIL,3,0,5,Brand#12,13,JUMBO BAG,31,1773,54633.312
F,F,TAKE BACK RETURN,4,Manufacturer#3,3-MEDIUM,4,AUTOMOBILE,RAIL,3,0.05,10,Brand#35,20,JUMBO CASE,38,1774,89821.55
F,F,NONE,2,Manufacturer#1,3-MEDIUM,4,AUTOMOBILE,RAIL,4,0.03,8,Brand#15,20,LG PACK,2,1774,34766.466
F,F,DELIVER IN PERSON,1,Manufacturer#2,3-MEDIUM,4,AUTOMOBILE,MAIL,1,0.01,17,Brand#21,20,WRAP BAG,44,1774,54825.408
F,F,TAKE BACK RETURN,4,Manufacturer#2,4-NOT SPECIFIED,4,HOUSEHOLD,AIR,6,0,20,Brand#23,4,SM DRUM,40,1775,20184.162
F,F,COLLECT COD,4,Manufacturer#3,4-NOT SPECIFIED,4,HOUSEHOLD,FOB,4,0.05,20,Brand#35,4,SM BAG,11,1775,34346.676
F,F,COLLECT COD,2,Manufacturer#5,4-NOT SPECIFIED,4,HOUSEHOLD,AIR,3,0.08,8,Brand#54,4,JUMBO CASE,4,1775,57065.9808
F,F,DELIVER IN PERSON,1,Manufacturer#3,2-HIGH,2,HOUSEHOLD,FOB,1,0.04,1,Brand#34,9,MED JAR,1,1662,38510.155
F,F,COLLECT COD,2,Manufacturer#3,3-MEDIUM,4,FURNITURE,SHIP,3,0,9,Brand#31,13,MED PACK,4,1776,46551.9126
F,F,DELIVER IN PERSON,1,Manufacturer#3,2-HIGH,0,HOUSEHOLD,REG AIR,5,0.05,1,Brand#33,16,MED JAR,3,1777,41597.04
F,F,COLLECT COD,3,Manufacturer#3,2-HIGH,0,HOUSEHOLD,RAIL,2,0.03,22,Brand#31,16,SM CASE,46,1777,38569.28
F,F,DELIVER IN PERSON,2,Manufacturer#4,2-HIGH,0,HOUSEHOLD,FOB,7,0,8,Brand#41,16,JUMBO PACK,23,1777,10590.9795
F,F,DELIVER IN PERSON,1,Manufacturer#1,2-HIGH,0,HOUSEHOLD,FOB,1,0.07,24,Brand#11,16,LG BAG,21,1777,38976.42
F,F,NONE,3,Manufacturer#2,2-HIGH,0,HOUSEHOLD,RAIL,6,0.07,22,Brand#24,16,WRAP CAN,39,1777,24032.4539
F,F,NONE,2,Manufacturer#5,2-HIGH,0,HOUSEHOLD,TRUCK,4,0.04,21,Brand#55,16,JUMBO BAG,3,1777,13736.547
F,F,DELIVER IN PERSON,1,Manufacturer#1,3-MEDIUM,4,HOUSEHOLD,AIR,2,0.08,3,Brand#15,10,JUMBO PACK,6,1778,24771.585
F,F,NONE,4,Manufacturer#1,5-LOW,3,AUTOMOBILE,TRUCK,5,0.05,13,Brand#13,6,LG CAN,21,1779,27935.453
F,F,TAKE BACK RETURN,3,Manufacturer#1,5-LOW,3,AUTOMOBILE,FOB,4,0.07,22,Brand#15,6,MED PACK,10,1779,15286.5598
F,F,NONE,0,Manufacturer#1,5-LOW,4,HOUSEHOLD,AIR,4,0.01,15,Brand#14,11,SM PKG,37,1771,10889.41
F,F,COLLECT COD,1,Manufacturer#2,5-LOW,1,MACHINERY,AIR,1,0.05,3,Brand#21,1,LG PACK,8,1214,2132.3
F,F,NONE,4,Manufacturer#1,4-NOT SPECIFIED,3,FURNITURE,MAIL,4,0.08,20,Brand#15,23,LG DRUM,32,1780,61246.5178
F,F,NONE,1,Manufacturer#3,4-NOT SPECIFIED,3,FURNITURE,FOB,3,0,24,Brand#31,23,LG BOX,24,1780,34044.318
F,F,COLLECT COD,2,Manufacturer#4,4-NOT SPECIFIED,3,FURNITURE,AIR,5,0.02,8,Brand#45,23,SM BAG,33,1780,43362.24
F,F,TAKE BACK RETURN,2,Manufacturer#3,4-NOT SPECIFIED,1,FURNITURE,SHIP,5,0.04,18,Brand#32,17,SM BAG,23,1781,66392.766
F,F,NONE,2,Manufacturer#1,4-NOT SPECIFIED,1,FURNITURE,FOB,6,0.04,18,Brand#14,17,LG JAR,22,1781,45026.094
F,F,NONE,3,Manufacturer#1,4-NOT SPECIFIED,1,FURNITURE,MAIL,3,0,22,Brand#12,17,LG CASE,6,1781,15206.072
F,F,COLLECT COD,1,Manufacturer#3,4-NOT SPECIFIED,1,FURNITURE,SHIP,1,0.05,24,Brand#32,17,LG BOX,45,1781,20822.4468
F,F,COLLECT COD,4,Manufacturer#4,4-NOT SPECIFIED,1,FURNITURE,RAIL,2,0.01,4,Brand#41,17,MED DRUM,40,1781,70333.7052
F,F,DELIVER IN PERSON,0,Manufacturer#2,4-NOT SPECIFIED,1,FURNITURE,RAIL,4,0.01,0,Brand#25,17,LG PKG,19,1781,12803.0688
F,F,NONE,4,Manufacturer#5,2-HIGH,2,FURNITURE,REG AIR,7,0.04,13,Brand#54,9,LG DRUM,17,1118,22710.32
F,F,TAKE BACK RETURN,2,Manufacturer#3,5-LOW,1,MACHINERY,SHIP,2,0.05,8,Brand#35,1,WRAP PKG,21,1214,6039.7974
F,F,DELIVER IN PERSON,3,Manufacturer#3,5-LOW,4,HOUSEHOLD,SHIP,1,0.02,7,Brand#33,11,SM DRUM,41,1782,1013.58
F,F,DELIVER IN PERSON,3,Manufacturer#3,1-URGENT,2,AUTOMOBILE,TRUCK,2,0.07,7,Brand#31,18,WRAP BAG,3,1783,19064.286
F,F,TAKE BACK RETURN,1,Manufacturer#3,1-URGENT,2,AUTOMOBILE,SHIP,4,0.02,17,Brand#33,18,WRAP PACK,1,1783,59908.5675
F,F,DELIVER IN PERSON,1,Manufacturer#2,5-LOW,3,AUTOMOBILE,RAIL,3,0.05,2,Brand#21,19,JUMBO PACK,22,190,40615.2
F,F,NONE,0,Manufacturer#2,5-LOW,3,AUTOMOBILE,REG AIR,1,0.05,0,Brand#24,19,JUMBO PKG,50,190,12575.42
F,F,DELIVER IN PERSON,4,Manufacturer#3,5-LOW,3,AUTOMOBILE,REG AIR,2,0.07,4,Brand#31,19,JUMBO CAN,48,190,46196.0796
F,F,NONE,2,Manufacturer#4,5-LOW,3,AUTOMOBILE,AIR,4,0.08,12,Brand#45,19,WRAP BOX,44,190,28372.5423
F,F,TAKE BACK RETURN,4,Manufacturer#3,4-NOT SPECIFIED,0,AUTOMOBILE,SHIP,4,0.08,10,Brand#34,15,LG BAG,34,1784,16781.2372
F,F,COLLECT COD,0,Manufacturer#2,4-NOT SPECIFIED,0,AUTOMOBILE,AIR,2,0.04,0,Brand#22,15,MED PACK,3,1784,9616.5069
F,F,NONE,2,Manufacturer#1,3-MEDIUM,2,BUILDING,FOB,6,0.08,8,Brand#15,18,WRAP BOX,36,1098,51416.12
F,F,DELIVER IN PERSON,2,Manufacturer#4,3-MEDIUM,2,BUILDING,SHIP,5,0.03,18,Brand#41,18,MED PACK,47,1098,34328.3488
F,F,COLLECT COD,0,Manufacturer#3,3-MEDIUM,2,BUILDING,RAIL,3,0.06,0,Brand#34,18,JUMBO CAN,2,1098,17765.7408
F,F,TAKE BACK RETURN,1,Manufacturer#5,3-MEDIUM,2,BUILDING,TRUCK,2,0.07,24,Brand#52,18,WRAP JAR,8,1098,20617.5312
F,F,TAKE BACK RETURN,2,Manufacturer#1,3-MEDIUM,2,BUILDING,SHIP,1,0,12,Brand#11,18,WRAP CASE,36,1098,27514.3507
F,F,COLLECT COD,4,Manufacturer#4,1-URGENT,0,FURNITURE,REG AIR,1,0.05,13,Brand#42,16,MED DRUM,27,1785,49562.912
F,F,TAKE BACK RETURN,2,Manufacturer#2,2-HIGH,2,HOUSEHOLD,AIR,1,0.06,12,Brand#25,9,MED CASE,10,1786,20507.859
F,F,COLLECT COD,3,Manufacturer#5,2-HIGH,3,BUILDING,RAIL,4,0.03,7,Brand#52,19,LG JAR,10,1787,12858.794
F,F,DELIVER IN PERSON,1,Manufacturer#5,2-HIGH,3,BUILDING,RAIL,1,0.08,17,Brand#55,19,LG JAR,46,1787,44008.2432
F,F,NONE,4,Manufacturer#2,2-HIGH,3,BUILDING,REG AIR,5,0.02,13,Brand#24,19,LG BAG,4,1787,6366.816
F,F,NONE,3,Manufacturer#1,5-LOW,2,FURNITURE,AIR,3,0.03,19,Brand#14,12,WRAP JAR,45,1788,37795.446
F,F,TAKE BACK RETURN,1,Manufacturer#4,1-URGENT,4,HOUSEHOLD,FOB,3,0,3,Brand#44,10,SM PACK,25,1789,34450.577
F,F,TAKE BACK RETURN,3,Manufacturer#3,1-URGENT,4,HOUSEHOLD,RAIL,7,0.02,23,Brand#35,10,WRAP PKG,33,1789,36122.75
F,F,COLLECT COD,1,Manufacturer#3,1-URGENT,4,HOUSEHOLD,TRUCK,4,0.02,1,Brand#35,10,MED BOX,7,1789,25120.47
F,F,NONE,0,Manufacturer#4,5-LOW,2,FURNITURE,TRUCK,5,0.08,5,Brand#42,12,MED PKG,31,1788,8863.1232
F,F,DELIVER IN PERSON,1,Manufacturer#1,2-HIGH,0,AUTOMOBILE,MAIL,3,0.07,2,Brand#12,14,LG PACK,15,1790,2819.2104
F,F,DELIVER IN PERSON,2,Manufacturer#5,2-HIGH,0,HOUSEHOLD,SHIP,3,0.07,8,Brand#52,14,MED CAN,22,1791,20073.0075
F,F,DELIVER IN PERSON,3,Manufacturer#2,2-HIGH,0,HOUSEHOLD,FOB,7,0,7,Brand#23,14,WRAP JAR,1,1791,58622.5708
F,F,NONE,0,Manufacturer#1,2-HIGH,0,HOUSEHOLD,AIR,2,0.05,0,Brand#14,14,LG CAN,41,1791,26178.8256
F,F,TAKE BACK RETURN,3,Manufacturer#5,1-URGENT,0,FURNITURE,FOB,4,0.07,23,Brand#52,14,LG BOX,28,1792,13412.043
F,F,TAKE BACK RETURN,4,Manufacturer#4,2-HIGH,4,AUTOMOBILE,RAIL,3,0.01,11,Brand#41,10,LG PACK,12,1793,27296.43
F,F,COLLECT COD,2,Manufacturer#5,1-URGENT,0,FURNITURE,FOB,3,0,8,Brand#54,14,SM DRUM,12,1792,23119.58
F,F,COLLECT COD,2,Manufacturer#2,1-URGENT,0,FURNITURE,AIR,1,0.02,18,Brand#24,14,MED CASE,40,1792,48465.7152
F,F,TAKE BACK RETURN,3,Manufacturer#3,4-NOT SPECIFIED,0,BUILDING,REG AIR,2,0.08,7,Brand#31,15,SM PKG,32,1794,7283.0856
F,F,DELIVER IN PERSON,3,Manufacturer#5,5-LOW,4,MACHINERY,TRUCK,2,0.02,6,Brand#54,11,JUMBO CAN,11,1795,8500.176
F,F,TAKE BACK RETURN,3,Manufacturer#5,5-LOW,4,MACHINERY,AIR,1,0.04,23,Brand#52,11,WRAP PACK,12,1795,13339.2168
F,F,NONE,4,Manufacturer#4,1-URGENT,3,MACHINERY,RAIL,2,0.03,10,Brand#43,6,WRAP JAR,38,1796,25876.2995
F,F,NONE,1,Manufacturer#2,5-LOW,4,MACHINERY,FOB,5,0.05,24,Brand#22,11,SM BOX,26,1795,59182.823
F,F,NONE,2,Manufacturer#3,4-NOT SPECIFIED,4,HOUSEHOLD,TRUCK,3,0.03,8,Brand#32,4,SM CASE,6,1797,19746.972
F,F,NONE,4,Manufacturer#5,4-NOT SPECIFIED,4,HOUSEHOLD,AIR,1,0.01,20,Brand#55,4,JUMBO BOX,6,1797,14830.5024
F,F,DELIVER IN PERSON,2,Manufacturer#5,1-URGENT,3,FURNITURE,FOB,5,0.01,9,Brand#53,22,MED CASE,48,1798,44905.762
F,F,COLLECT COD,2,Manufacturer#1,1-URGENT,3,FURNITURE,TRUCK,7,0,21,Brand#15,22,LG BAG,3,1798,48142.0368
F,F,DELIVER IN PERSON,2,Manufacturer#5,1-URGENT,3,FURNITURE,SHIP,3,0.08,8,Brand#54,22,WRAP CASE,36,1798,14368.266
F,F,TAKE BACK RETURN,2,Manufacturer#5,1-URGENT,3,FURNITURE,SHIP,4,0.05,21,Brand#51,19,LG JAR,8,1799,10861.8951
F,F,NONE,4,Manufacturer#5,1-URGENT,3,FURNITURE,SHIP,7,0.05,20,Brand#53,19,JUMBO PKG,18,1799,11270.1568
F,F,NONE,0,Manufacturer#2,1-URGENT,3,FURNITURE,FOB,6,0.01,15,Brand#24,19,WRAP JAR,25,1799,76851
F,F,COLLECT COD,3,Manufacturer#3,1-URGENT,3,FURNITURE,FOB,2,0.02,23,Brand#33,19,LG JAR,16,1799,22429.4434
F,F,DELIVER IN PERSON,1,Manufacturer#1,1-URGENT,3,FURNITURE,AIR,3,0.01,3,Brand#12,19,MED BOX,4,1799,14090.895
F,F,NONE,1,Manufacturer#1,5-LOW,3,FURNITURE,AIR,1,0,3,Brand#11,7,WRAP CAN,31,1800,11863.656
F,F,NONE,1,Manufacturer#2,3-MEDIUM,1,AUTOMOBILE,FOB,6,0.08,17,Brand#23,17,WRAP JAR,49,453,25431.363
F,F,DELIVER IN PERSON,3,Manufacturer#2,3-MEDIUM,1,AUTOMOBILE,AIR,2,0,23,Brand#25,17,WRAP JAR,20,453,42543.66
F,F,TAKE BACK RETURN,1,Manufacturer#1,3-MEDIUM,1,AUTOMOBILE,AIR,5,0.03,17,Brand#15,17,JUMBO BOX,6,453,36672.5632
F,F,NONE,3,Manufacturer#3,5-LOW,4,FURNITURE,RAIL,1,0.07,23,Brand#33,10,MED CAN,27,1801,43377.152
F,F,COLLECT COD,4,Manufacturer#1,4-NOT SPECIFIED,3,BUILDING,FOB,2,0.06,11,Brand#11,19,MED PKG,48,1802,67295.228
F,F,DELIVER IN PERSON,3,Manufacturer#4,3-MEDIUM,4,BUILDING,TRUCK,2,0.06,23,Brand#45,10,JUMBO PACK,33,1803,66723.8265
F,F,COLLECT COD,4,Manufacturer#2,4-NOT SPECIFIED,1,AUTOMOBILE,RAIL,5,0.05,13,Brand#24,17,LG BOX,37,1804,16996.308
F,F,DELIVER IN PERSON,3,Manufacturer#5,4-NOT SPECIFIED,1,AUTOMOBILE,AIR,6,0.01,7,Brand#55,17,MED BAG,39,1804,28243.356
F,F,DELIVER IN PERSON,4,Manufacturer#2,4-NOT SPECIFIED,1,AUTOMOBILE,AIR,4,0.04,4,Brand#21,17,SM PKG,35,1804,15940.92
F,F,TAKE BACK RETURN,3,Manufacturer#1,4-NOT SPECIFIED,1,AUTOMOBILE,MAIL,2,0.06,19,Brand#14,17,SM CAN,32,1804,1622.4005
F,F,TAKE BACK RETURN,1,Manufacturer#4,5-LOW,4,FURNITURE,FOB,5,0.02,2,Brand#43,4,LG DRUM,50,1805,9440.43
F,F,TAKE BACK RETURN,4,Manufacturer#5,5-LOW,4,FURNITURE,REG AIR,2,0.04,20,Brand#53,4,WRAP BAG,38,1805,26377.1424
F,F,COLLECT COD,2,Manufacturer#4,5-LOW,4,FURNITURE,FOB,1,0.07,8,Brand#45,4,LG PACK,50,1805,41766.6249
F,F,DELIVER IN PERSON,4,Manufacturer#2,5-LOW,4,FURNITURE,MAIL,3,0.08,20,Brand#24,4,WRAP JAR,22,1805,65118.4716
F,F,COLLECT COD,2,Manufacturer#5,2-HIGH,4,HOUSEHOLD,TRUCK,6,0.06,12,Brand#53,20,WRAP PACK,44,1657,17118.3825
F,F,TAKE BACK RETURN,4,Manufacturer#5,2-HIGH,4,HOUSEHOLD,MAIL,3,0.06,11,Brand#53,20,LG PACK,40,1657,44589.2995
F,F,DELIVER IN PERSON,0,Manufacturer#4,2-HIGH,4,HOUSEHOLD,SHIP,1,0.07,14,Brand#43,20,MED PKG,14,1657,35036.6148
F,F,NONE,0,Manufacturer#5,2-HIGH,4,MACHINERY,FOB,7,0.05,0,Brand#53,11,LG BOX,26,1806,46831.0934
F,F,COLLECT COD,0,Manufacturer#1,2-HIGH,4,MACHINERY,MAIL,6,0.04,15,Brand#14,11,SM DRUM,39,1806,53460.4083
F,F,TAKE BACK RETURN,1,Manufacturer#1,2-HIGH,4,MACHINERY,MAIL,2,0.07,3,Brand#12,11,LG CAN,41,1806,44169.453
F,F,TAKE BACK RETURN,4,Manufacturer#2,2-HIGH,4,MACHINERY,TRUCK,4,0.06,11,Brand#21,11,JUMBO JAR,43,1806,15794.376
F,F,TAKE BACK RETURN,3,Manufacturer#2,2-HIGH,4,MACHINERY,SHIP,1,0.03,19,Brand#23,11,WRAP CASE,30,1806,5149.32
F,F,COLLECT COD,2,Manufacturer#4,4-NOT SPECIFIED,3,BUILDING,SHIP,3,0.05,9,Brand#41,19,JUMBO BOX,7,1802,37288.6304
F,F,TAKE BACK RETURN,2,Manufacturer#5,4-NOT SPECIFIED,3,BUILDING,REG AIR,4,0.08,12,Brand#55,19,SM DRUM,41,1802,34434.6346
F,F,COLLECT COD,4,Manufacturer#3,4-NOT SPECIFIED,3,BUILDING,RAIL,7,0.06,11,Brand#31,19,LG BOX,48,1802,22070.4665
F,F,COLLECT COD,4,Manufacturer#1,4-NOT SPECIFIED,3,BUILDING,TRUCK,5,0.03,10,Brand#15,19,LG DRUM,2,1802,28265.996
F,F,TAKE BACK RETURN,3,Manufacturer#1,1-URGENT,4,HOUSEHOLD,RAIL,1,0.04,7,Brand#12,10,SM BOX,24,1807,58733.94
F,F,DELIVER IN PERSON,1,Manufacturer#3,4-NOT SPECIFIED,1,MACHINERY,RAIL,3,0.02,2,Brand#35,1,JUMBO BAG,14,1808,10668.9042
F,F,DELIVER IN PERSON,0,Manufacturer#5,4-NOT SPECIFIED,1,MACHINERY,AIR,2,0,16,Brand#53,1,JUMBO PKG,3,1808,10209.3761
F,F,TAKE BACK RETURN,3,Manufacturer#5,3-MEDIUM,3,HOUSEHOLD,MAIL,2,0,22,Brand#53,22,JUMBO PACK,18,1809,11452.08
F,F,DELIVER IN PERSON,1,Manufacturer#3,3-MEDIUM,3,HOUSEHOLD,REG AIR,5,0.05,3,Brand#35,22,LG BOX,42,1809,26401.056
F,F,DELIVER IN PERSON,3,Manufacturer#4,3-MEDIUM,3,HOUSEHOLD,SHIP,3,0.03,23,Brand#45,22,JUMBO CAN,30,1809,51514.008
F,F,DELIVER IN PERSON,1,Manufacturer#3,2-HIGH,1,FURNITURE,SHIP,1,0.08,1,Brand#33,1,MED PACK,30,1372,44151.444
F,F,COLLECT COD,3,Manufacturer#5,1-URGENT,2,BUILDING,REG AIR,1,0.07,19,Brand#54,9,SM CAN,8,1810,28638.72
F,F,DELIVER IN PERSON,1,Manufacturer#5,1-URGENT,2,BUILDING,SHIP,2,0.08,17,Brand#51,9,JUMBO CASE,15,1810,44108.064
F,F,TAKE BACK RETURN,4,Manufacturer#2,2-HIGH,3,BUILDING,FOB,1,0.03,11,Brand#21,6,JUMBO PKG,16,1811,66066.2856
F,F,NONE,1,Manufacturer#3,4-NOT SPECIFIED,1,MACHINERY,RAIL,3,0.04,3,Brand#33,3,MED DRUM,5,1812,45037.629
F,F,TAKE BACK RETURN,2,Manufacturer#3,2-HIGH,3,BUILDING,TRUCK,2,0.05,21,Brand#35,22,MED CAN,50,1813,43260.74
F,F,DELIVER IN PERSON,1,Manufacturer#5,2-HIGH,3,BUILDING,TRUCK,1,0.06,3,Brand#55,22,MED JAR,31,1813,7565.712
F,F,TAKE BACK RETURN,4,Manufacturer#1,4-NOT SPECIFIED,4,MACHINERY,RAIL,3,0.02,4,Brand#13,4,LG PKG,27,1814,23015.2482
F,F,TAKE BACK RETURN,4,Manufacturer#3,4-NOT SPECIFIED,4,MACHINERY,AIR,2,0,13,Brand#35,4,WRAP DRUM,13,1814,49042.268
F,F,TAKE BACK RETURN,3,Manufacturer#3,4-NOT SPECIFIED,4,MACHINERY,RAIL,4,0.06,23,Brand#32,4,JUMBO PACK,27,1814,27451.515
F,F,TAKE BACK RETURN,3,Manufacturer#2,4-NOT SPECIFIED,0,BUILDING,MAIL,6,0.05,23,Brand#22,5,LG BOX,1,1815,45861.309
F,F,TAKE BACK RETURN,2,Manufacturer#5,4-NOT SPECIFIED,0,BUILDING,AIR,1,0.06,8,Brand#51,5,SM BAG,50,1815,2805.7792
F,F,COLLECT COD,1,Manufacturer#3,4-NOT SPECIFIED,0,BUILDING,SHIP,3,0.02,17,Brand#35,5,LG CAN,45,1815,19519.4538
F,F,TAKE BACK RETURN,2,Manufacturer#4,1-URGENT,3,MACHINERY,FOB,3,0.08,8,Brand#42,23,LG CAN,46,1816,40966.9326
F,F,NONE,1,Manufacturer#1,1-URGENT,3,MACHINERY,MAIL,4,0.08,1,Brand#14,23,JUMBO BAG,17,1816,43327.494
F,F,DELIVER IN PERSON,0,Manufacturer#4,5-LOW,1,FURNITURE,TRUCK,3,0.03,0,Brand#43,3,WRAP BAG,40,1817,39815.136
F,F,COLLECT COD,0,Manufacturer#2,5-LOW,1,FURNITURE,AIR,2,0.03,15,Brand#24,3,MED PKG,38,1817,867.5876
F,F,TAKE BACK RETURN,1,Manufacturer#5,2-HIGH,2,FURNITURE,AIR,1,0.06,1,Brand#51,21,MED CASE,27,1818,21161.664
F,F,NONE,2,Manufacturer#2,2-HIGH,2,FURNITURE,SHIP,2,0.04,8,Brand#21,21,SM BOX,8,1818,24783.9904
F,F,TAKE BACK RETURN,0,Manufacturer#5,3-MEDIUM,1,HOUSEHOLD,MAIL,1,0,16,Brand#52,24,WRAP PACK,41,1819,17831.595
F,F,COLLECT COD,0,Manufacturer#5,3-MEDIUM,1,HOUSEHOLD,REG AIR,2,0.04,16,Brand#52,24,MED JAR,4,1819,48051.072
F,F,COLLECT COD,1,Manufacturer#1,5-LOW,1,FURNITURE,FOB,5,0.03,1,Brand#11,2,MED BOX,3,1820,41843.2392
F,F,NONE,3,Manufacturer#4,5-LOW,1,FURNITURE,TRUCK,6,0.06,22,Brand#43,2,WRAP JAR,15,1820,62580.1708
F,F,NONE,1,Manufacturer#5,5-LOW,1,FURNITURE,MAIL,2,0.02,3,Brand#51,2,LG CASE,40,1820,10879.96
F,F,NONE,4,Manufacturer#5,5-LOW,2,MACHINERY,AIR,4,0.07,11,Brand#55,21,LG BOX,19,1821,10803.284
F,F,DELIVER IN PERSON,1,Manufacturer#3,5-LOW,2,MACHINERY,MAIL,3,0.05,24,Brand#31,21,JUMBO BAG,31,1821,11226.232
F,F,TAKE BACK RETURN,0,Manufacturer#1,4-NOT SPECIFIED,1,MACHINERY,SHIP,1,0.08,14,Brand#11,3,LG CASE,39,1812,19869
F,F,COLLECT COD,1,Manufacturer#2,4-NOT SPECIFIED,1,MACHINERY,SHIP,6,0.04,17,Brand#24,3,MED JAR,16,1812,34298.0946
F,F,NONE,0,Manufacturer#1,4-NOT SPECIFIED,1,MACHINERY,REG AIR,4,0.06,15,Brand#11,3,LG PACK,31,1812,61178.0169
F,F,NONE,0,Manufacturer#2,4-NOT SPECIFIED,1,MACHINERY,RAIL,2,0.07,5,Brand#24,3,MED PACK,37,1812,43761.712
F,F,DELIVER IN PERSON,3,Manufacturer#1,4-NOT SPECIFIED,1,MACHINERY,FOB,5,0,22,Brand#14,3,SM BAG,12,1812,3604.423
F,F,DELIVER IN PERSON,1,Manufacturer#2,4-NOT SPECIFIED,0,BUILDING,RAIL,2,0.05,3,Brand#23,5,JUMBO PKG,27,1822,46798.717
F,F,DELIVER IN PERSON,1,Manufacturer#2,2-HIGH,2,HOUSEHOLD,TRUCK,1,0,24,Brand#24,9,MED CAN,8,1823,1230.836
F,F,TAKE BACK RETURN,1,Manufacturer#2,2-HIGH,2,HOUSEHOLD,MAIL,6,0.01,2,Brand#24,9,MED BOX,48,1823,11806.056
F,F,DELIVER IN PERSON,1,Manufacturer#1,2-HIGH,2,HOUSEHOLD,MAIL,2,0.06,24,Brand#13,9,LG CASE,25,1823,27461.16
F,F,TAKE BACK RETURN,0,Manufacturer#1,2-HIGH,1,MACHINERY,FOB,6,0.03,15,Brand#15,3,LG BAG,2,1824,11450.328
F,F,TAKE BACK RETURN,1,Manufacturer#5,4-NOT SPECIFIED,0,BUILDING,FOB,3,0.05,24,Brand#55,5,SM BOX,20,1822,45960.9024
F,F,TAKE BACK RETURN,4,Manufacturer#2,2-HIGH,1,AUTOMOBILE,FOB,2,0.01,11,Brand#24,1,LG PKG,37,1825,7258.32
F,F,NONE,3,Manufacturer#2,3-MEDIUM,0,AUTOMOBILE,MAIL,3,0.08,19,Brand#25,15,JUMBO CAN,22,1826,35456.256
F,F,NONE,1,Manufacturer#1,2-HIGH,1,AUTOMOBILE,SHIP,4,0.01,1,Brand#14,1,JUMBO CAN,2,1825,8599
F,F,DELIVER IN PERSON,0,Manufacturer#3,1-URGENT,0,BUILDING,TRUCK,1,0.05,16,Brand#31,0,LG PKG,9,1827,5909.526
F,F,TAKE BACK RETURN,4,Manufacturer#2,3-MEDIUM,1,HOUSEHOLD,RAIL,4,0.03,4,Brand#24,2,MED PACK,39,1220,13151.358
F,F,COLLECT COD,3,Manufacturer#5,3-MEDIUM,1,HOUSEHOLD,SHIP,2,0.08,23,Brand#52,2,SM JAR,19,1220,36318.294
F,F,COLLECT COD,0,Manufacturer#2,3-MEDIUM,1,HOUSEHOLD,AIR,6,0.08,0,Brand#24,2,LG DRUM,36,1220,65145.528
F,F,DELIVER IN PERSON,4,Manufacturer#4,3-MEDIUM,1,HOUSEHOLD,RAIL,1,0.05,20,Brand#45,2,LG CASE,24,1220,21225.7892
F,F,NONE,4,Manufacturer#1,1-URGENT,2,AUTOMOBILE,TRUCK,1,0.03,20,Brand#13,8,LG PKG,10,1828,10449.7272
F,F,COLLECT COD,1,Manufacturer#3,1-URGENT,2,HOUSEHOLD,AIR,4,0.08,2,Brand#34,18,LG CAN,4,1534,67228.8435
F,F,TAKE BACK RETURN,2,Manufacturer#4,1-URGENT,2,HOUSEHOLD,AIR,3,0.01,8,Brand#45,18,WRAP DRUM,1,1534,52913.5002
F,F,TAKE BACK RETURN,3,Manufacturer#1,1-URGENT,2,HOUSEHOLD,TRUCK,1,0.04,22,Brand#13,18,SM PACK,4,1534,34150.6944
F,F,TAKE BACK RETURN,4,Manufacturer#3,5-LOW,4,MACHINERY,MAIL,3,0.01,11,Brand#32,10,LG PACK,8,1829,55465.014
F,F,COLLECT COD,4,Manufacturer#5,5-LOW,4,MACHINERY,MAIL,2,0.02,10,Brand#53,10,JUMBO PKG,27,1829,33522.687
F,F,COLLECT COD,3,Manufacturer#4,2-HIGH,4,FURNITURE,AIR,3,0.06,23,Brand#44,10,LG CASE,11,1830,18069
F,F,NONE,1,Manufacturer#1,2-HIGH,4,FURNITURE,FOB,5,0,24,Brand#12,10,MED CAN,43,1830,9025.38
F,F,NONE,3,Manufacturer#5,2-HIGH,4,FURNITURE,REG AIR,4,0.03,7,Brand#52,10,WRAP JAR,31,1830,13345.164
F,F,COLLECT COD,0,Manufacturer#4,2-HIGH,4,FURNITURE,TRUCK,6,0.08,14,Brand#42,10,JUMBO BOX,9,1830,33929.8596
F,F,TAKE BACK RETURN,1,Manufacturer#3,2-HIGH,4,FURNITURE,FOB,7,0.03,24,Brand#32,10,LG BOX,18,1830,58581.864
F,F,DELIVER IN PERSON,0,Manufacturer#5,3-MEDIUM,2,BUILDING,SHIP,4,0.03,16,Brand#51,8,MED BAG,48,1831,6105.1496
F,F,DELIVER IN PERSON,3,Manufacturer#5,3-MEDIUM,2,BUILDING,AIR,5,0.06,6,Brand#53,8,SM PKG,50,1831,50021.9214
F,F,NONE,3,Manufacturer#3,3-MEDIUM,2,BUILDING,AIR,7,0.02,23,Brand#34,8,SM BOX,35,1831,44279.12
F,F,COLLECT COD,0,Manufacturer#2,3-MEDIUM,2,BUILDING,REG AIR,6,0.04,16,Brand#23,8,JUMBO PKG,49,1831,28304.8128
F,F,DELIVER IN PERSON,4,Manufacturer#1,2-HIGH,3,FURNITURE,MAIL,2,0.03,11,Brand#13,19,MED BAG,9,1799,53190.2055
F,F,NONE,2,Manufacturer#1,2-HIGH,3,FURNITURE,RAIL,3,0.03,21,Brand#12,19,SM JAR,21,1799,14676.284
F,F,DELIVER IN PERSON,2,Manufacturer#5,3-MEDIUM,4,HOUSEHOLD,SHIP,1,0.02,9,Brand#52,10,WRAP PACK,10,1488,46024.6212
F,F,TAKE BACK RETURN,1,Manufacturer#4,1-URGENT,2,BUILDING,MAIL,1,0.04,1,Brand#43,9,SM BOX,34,1832,20291.1456
F,F,DELIVER IN PERSON,2,Manufacturer#1,5-LOW,4,AUTOMOBILE,REG AIR,1,0.07,9,Brand#15,13,MED CAN,8,1833,12855.388
F,F,NONE,3,Manufacturer#4,4-NOT SPECIFIED,1,BUILDING,REG AIR,5,0,22,Brand#44,1,LG BAG,16,665,28664.181
F,F,NONE,0,Manufacturer#1,1-URGENT,4,AUTOMOBILE,SHIP,4,0.01,5,Brand#13,10,SM PKG,31,1834,41973.6384
F,F,NONE,3,Manufacturer#4,1-URGENT,4,AUTOMOBILE,REG AIR,5,0.03,22,Brand#43,10,WRAP PACK,12,1834,42809.2416
F,F,DELIVER IN PERSON,3,Manufacturer#3,1-URGENT,4,AUTOMOBILE,TRUCK,3,0.05,19,Brand#33,10,WRAP CASE,13,1834,64557.206
F,F,COLLECT COD,2,Manufacturer#2,3-MEDIUM,3,FURNITURE,FOB,2,0.02,8,Brand#22,19,SM PACK,37,1835,15400.737
F,F,DELIVER IN PERSON,1,Manufacturer#3,4-NOT SPECIFIED,0,BUILDING,MAIL,1,0.07,1,Brand#31,16,JUMBO JAR,38,1836,64135.64
F,F,TAKE BACK RETURN,1,Manufacturer#1,3-MEDIUM,2,AUTOMOBILE,TRUCK,4,0.01,3,Brand#12,9,LG CASE,13,1379,21526.3008
F,F,NONE,4,Manufacturer#1,3-MEDIUM,2,AUTOMOBILE,SHIP,5,0.05,10,Brand#15,9,MED JAR,32,1379,7582.368
F,F,COLLECT COD,1,Manufacturer#4,5-LOW,3,HOUSEHOLD,FOB,3,0.05,24,Brand#41,23,JUMBO JAR,35,1837,45167.28
F,F,NONE,4,Manufacturer#5,5-LOW,3,HOUSEHOLD,REG AIR,1,0,10,Brand#54,23,WRAP BAG,9,1837,26706.9906
F,F,TAKE BACK RETURN,0,Manufacturer#4,5-LOW,3,HOUSEHOLD,FOB,6,0.07,14,Brand#45,23,WRAP JAR,13,1837,3647.1376
F,F,NONE,1,Manufacturer#5,5-LOW,3,HOUSEHOLD,MAIL,4,0.06,24,Brand#54,23,SM CASE,16,1837,9644.4796
F,F,COLLECT COD,4,Manufacturer#3,5-LOW,3,HOUSEHOLD,FOB,7,0.02,4,Brand#32,23,WRAP PACK,35,1837,41188.77
F,F,NONE,2,Manufacturer#4,3-MEDIUM,2,MACHINERY,REG AIR,1,0.02,8,Brand#43,18,LG BAG,23,1838,28590.0288
F,F,COLLECT COD,3,Manufacturer#2,3-MEDIUM,2,MACHINERY,REG AIR,2,0.06,23,Brand#24,18,LG CASE,20,1838,32178.174
F,F,NONE,1,Manufacturer#4,2-HIGH,4,FURNITURE,FOB,5,0.01,3,Brand#43,10,SM PKG,7,1839,73021.123
F,F,COLLECT COD,4,Manufacturer#1,2-HIGH,4,FURNITURE,RAIL,3,0.03,20,Brand#13,10,LG BOX,28,1839,80777.9504
F,F,TAKE BACK RETURN,4,Manufacturer#3,4-NOT SPECIFIED,1,MACHINERY,MAIL,3,0.05,11,Brand#35,2,WRAP JAR,17,1840,15556.278
F,F,COLLECT COD,3,Manufacturer#1,4-NOT SPECIFIED,1,MACHINERY,REG AIR,2,0.05,22,Brand#13,2,JUMBO PACK,12,1840,44194.8276
F,F,COLLECT COD,2,Manufacturer#5,4-NOT SPECIFIED,1,MACHINERY,MAIL,1,0.07,9,Brand#51,2,JUMBO CAN,39,1840,48443.73
F,F,NONE,4,Manufacturer#1,1-URGENT,4,FURNITURE,TRUCK,2,0.08,20,Brand#15,20,SM DRUM,28,1713,37163.07
F,F,COLLECT COD,0,Manufacturer#3,1-URGENT,4,FURNITURE,SHIP,1,0,0,Brand#34,20,JUMBO CAN,29,1713,31374.456
F,F,DELIVER IN PERSON,4,Manufacturer#5,2-HIGH,3,BUILDING,TRUCK,1,0.08,10,Brand#52,7,WRAP BAG,33,688,51739.2074
F,F,COLLECT COD,3,Manufacturer#5,3-MEDIUM,1,HOUSEHOLD,REG AIR,1,0,22,Brand#53,24,SM DRUM,12,1841,1058.6374
F,F,NONE,4,Manufacturer#2,4-NOT SPECIFIED,3,HOUSEHOLD,TRUCK,4,0.08,4,Brand#23,23,WRAP PACK,9,1842,29762.1
F,F,DELIVER IN PERSON,0,Manufacturer#3,4-NOT SPECIFIED,3,HOUSEHOLD,MAIL,2,0.01,14,Brand#33,23,SM DRUM,28,1842,48008.016
F,F,COLLECT COD,1,Manufacturer#2,4-NOT SPECIFIED,3,HOUSEHOLD,SHIP,3,0.05,3,Brand#25,23,MED BOX,35,1842,48498.1042
F,F,DELIVER IN PERSON,0,Manufacturer#2,3-MEDIUM,1,HOUSEHOLD,MAIL,3,0.07,14,Brand#24,24,MED BOX,42,1841,13580.592
F,F,TAKE BACK RETURN,0,Manufacturer#2,2-HIGH,2,FURNITURE,RAIL,4,0.08,16,Brand#22,12,SM BAG,8,1843,41603.022
F,F,COLLECT COD,1,Manufacturer#2,2-HIGH,2,FURNITURE,RAIL,1,0.04,1,Brand#23,12,WRAP JAR,30,1843,89469.1
F,F,NONE,1,Manufacturer#3,1-URGENT,4,HOUSEHOLD,RAIL,3,0.07,2,Brand#34,4,JUMBO BOX,12,1844,34474.417
F,F,NONE,3,Manufacturer#1,4-NOT SPECIFIED,1,AUTOMOBILE,AIR,2,0.03,22,Brand#14,2,WRAP CASE,13,1845,55248.8572
F,F,TAKE BACK RETURN,0,Manufacturer#1,4-NOT SPECIFIED,1,AUTOMOBILE,AIR,1,0.01,14,Brand#15,2,WRAP DRUM,4,1845,37266.9552
F,F,NONE,3,Manufacturer#3,2-HIGH,2,HOUSEHOLD,RAIL,3,0.03,19,Brand#35,21,WRAP CAN,2,1846,13406.13
F,F,NONE,3,Manufacturer#3,2-HIGH,2,HOUSEHOLD,TRUCK,2,0.01,19,Brand#32,21,SM BOX,33,1846,11910.9456
F,F,TAKE BACK RETURN,2,Manufacturer#1,2-HIGH,2,HOUSEHOLD,FOB,1,0,18,Brand#12,21,WRAP DRUM,7,1846,12285.4644
F,F,COLLECT COD,0,Manufacturer#5,3-MEDIUM,0,HOUSEHOLD,REG AIR,1,0.04,15,Brand#51,0,WRAP DRUM,30,1847,23654.0472
F,F,DELIVER IN PERSON,1,Manufacturer#2,2-HIGH,1,BUILDING,AIR,5,0.06,24,Brand#24,2,JUMBO CAN,11,1848,24920.9688
F,F,TAKE BACK RETURN,3,Manufacturer#3,3-MEDIUM,4,MACHINERY,SHIP,2,0.07,22,Brand#35,4,SM CAN,45,1849,64495.47
F,F,NONE,3,Manufacturer#4,3-MEDIUM,4,MACHINERY,RAIL,1,0.08,22,Brand#43,4,MED JAR,16,1849,55446.2208
F,F,DELIVER IN PERSON,1,Manufacturer#4,3-MEDIUM,4,MACHINERY,MAIL,4,0.05,3,Brand#43,4,JUMBO PACK,29,1849,1578.0344
F,F,COLLECT COD,2,Manufacturer#1,3-MEDIUM,4,MACHINERY,RAIL,3,0.02,18,Brand#11,4,WRAP CAN,21,1849,55801.0728
F,F,DELIVER IN PERSON,3,Manufacturer#3,1-URGENT,2,FURNITURE,RAIL,5,0.01,22,Brand#32,18,JUMBO DRUM,31,1850,35307.528
F,F,TAKE BACK RETURN,4,Manufacturer#4,5-LOW,0,BUILDING,AIR,3,0.05,13,Brand#43,14,LG DRUM,7,1851,28962.1332
F,F,NONE,4,Manufacturer#5,5-LOW,0,BUILDING,TRUCK,2,0.02,4,Brand#55,14,MED CASE,3,1851,22646.895
F,F,NONE,3,Manufacturer#4,4-NOT SPECIFIED,0,FURNITURE,TRUCK,1,0.04,22,Brand#45,15,LG PKG,43,1852,38985.84
F,F,DELIVER IN PERSON,2,Manufacturer#1,4-NOT SPECIFIED,0,FURNITURE,SHIP,5,0.01,8,Brand#15,15,MED PKG,12,1852,21021.264
F,F,NONE,2,Manufacturer#5,4-NOT SPECIFIED,0,FURNITURE,AIR,2,0,8,Brand#55,15,LG CAN,17,1852,24419.9592
F,F,NONE,0,Manufacturer#1,4-NOT SPECIFIED,0,FURNITURE,TRUCK,4,0.06,0,Brand#14,15,LG PKG,48,1852,36819.7368
F,F,DELIVER IN PERSON,0,Manufacturer#4,2-HIGH,4,AUTOMOBILE,SHIP,4,0.02,14,Brand#41,20,WRAP JAR,37,1853,41905.476
F,F,NONE,1,Manufacturer#4,2-HIGH,4,AUTOMOBILE,RAIL,1,0.04,2,Brand#43,20,SM CAN,42,1853,10461.7968
F,F,TAKE BACK RETURN,0,Manufacturer#1,2-HIGH,4,AUTOMOBILE,MAIL,6,0,15,Brand#13,20,WRAP BAG,4,1853,80072.4672
F,F,TAKE BACK RETURN,1,Manufacturer#3,2-HIGH,4,AUTOMOBILE,TRUCK,2,0.08,1,Brand#33,20,MED DRUM,40,1853,46707.388
F,F,TAKE BACK RETURN,1,Manufacturer#3,2-HIGH,3,AUTOMOBILE,MAIL,1,0.03,2,Brand#33,19,LG BAG,26,892,18425.316
F,F,DELIVER IN PERSON,2,Manufacturer#4,2-HIGH,3,AUTOMOBILE,TRUCK,3,0.07,18,Brand#41,19,JUMBO DRUM,41,892,5330.6784
F,F,DELIVER IN PERSON,3,Manufacturer#5,3-MEDIUM,1,FURNITURE,FOB,2,0.08,19,Brand#55,17,JUMBO BOX,44,1854,26741.826
F,F,NONE,1,Manufacturer#5,3-MEDIUM,1,FURNITURE,FOB,4,0.06,1,Brand#51,17,WRAP CASE,22,1854,48935.745
F,F,DELIVER IN PERSON,2,Manufacturer#2,3-MEDIUM,1,FURNITURE,FOB,3,0.03,8,Brand#25,17,SM BOX,13,1854,66486.81
F,F,COLLECT COD,4,Manufacturer#4,3-MEDIUM,1,FURNITURE,FOB,5,0.08,20,Brand#45,17,SM PKG,48,1854,33894.366
F,F,DELIVER IN PERSON,2,Manufacturer#4,3-MEDIUM,4,AUTOMOBILE,AIR,1,0.05,8,Brand#44,13,WRAP BOX,13,1855,36648.963
F,F,TAKE BACK RETURN,4,Manufacturer#3,3-MEDIUM,4,AUTOMOBILE,REG AIR,6,0.06,4,Brand#32,13,WRAP CASE,30,1855,21199.113
F,F,NONE,3,Manufacturer#5,3-MEDIUM,4,AUTOMOBILE,RAIL,4,0.02,23,Brand#55,13,JUMBO JAR,7,1855,21931.3906
F,F,NONE,3,Manufacturer#2,3-MEDIUM,4,AUTOMOBILE,RAIL,2,0.07,6,Brand#24,13,JUMBO DRUM,49,1855,24462.24
F,F,NONE,3,Manufacturer#1,1-URGENT,3,FURNITURE,AIR,2,0.02,7,Brand#12,23,LG PKG,28,1856,71165.8542
F,F,TAKE BACK RETURN,3,Manufacturer#2,1-URGENT,3,FURNITURE,RAIL,4,0.03,22,Brand#24,23,MED BOX,13,1856,35228.844
F,F,DELIVER IN PERSON,4,Manufacturer#2,1-URGENT,3,FURNITURE,TRUCK,6,0.03,4,Brand#22,23,SM PKG,45,1856,44296.8185
F,F,DELIVER IN PERSON,2,Manufacturer#3,1-URGENT,3,FURNITURE,AIR,7,0.03,21,Brand#32,23,LG BAG,31,1856,23406.5112
F,F,COLLECT COD,2,Manufacturer#2,2-HIGH,0,HOUSEHOLD,TRUCK,2,0.01,8,Brand#22,5,JUMBO BOX,19,1857,14057.1405
F,F,TAKE BACK RETURN,1,Manufacturer#4,2-HIGH,0,HOUSEHOLD,SHIP,4,0.08,17,Brand#43,5,WRAP DRUM,32,1857,73844.925
F,F,DELIVER IN PERSON,3,Manufacturer#1,2-HIGH,0,HOUSEHOLD,AIR,1,0.03,22,Brand#14,5,LG PKG,28,1857,12522.144
F,F,DELIVER IN PERSON,0,Manufacturer#4,5-LOW,3,AUTOMOBILE,RAIL,1,0.03,0,Brand#44,23,WRAP PKG,21,1682,41075.307
F,F,COLLECT COD,0,Manufacturer#2,5-LOW,3,AUTOMOBILE,FOB,5,0.03,16,Brand#25,23,LG DRUM,29,1682,49074.11
F,F,COLLECT COD,3,Manufacturer#1,4-NOT SPECIFIED,0,FURNITURE,TRUCK,5,0.02,19,Brand#12,15,LG PKG,36,86,71048.208
F,F,DELIVER IN PERSON,1,Manufacturer#3,4-NOT SPECIFIED,0,FURNITURE,REG AIR,7,0.08,24,Brand#34,15,MED CASE,11,86,53279.8002
F,F,NONE,3,Manufacturer#2,5-LOW,0,AUTOMOBILE,MAIL,1,0.02,6,Brand#25,5,SM JAR,5,1858,9451.2366
F,F,DELIVER IN PERSON,0,Manufacturer#1,5-LOW,0,AUTOMOBILE,TRUCK,2,0.02,5,Brand#14,5,LG BOX,18,1858,56952.72
F,F,DELIVER IN PERSON,4,Manufacturer#1,5-LOW,0,AUTOMOBILE,TRUCK,3,0.05,4,Brand#13,5,MED CASE,24,1858,42578.24
F,F,DELIVER IN PERSON,2,Manufacturer#4,5-LOW,0,AUTOMOBILE,REG AIR,4,0.08,18,Brand#44,5,MED CAN,30,1858,36566.2272
F,F,COLLECT COD,3,Manufacturer#4,5-LOW,0,AUTOMOBILE,FOB,5,0.07,22,Brand#43,5,LG CAN,17,1858,4547.4975
F,F,COLLECT COD,3,Manufacturer#4,2-HIGH,4,MACHINERY,TRUCK,2,0.08,7,Brand#42,10,JUMBO CAN,4,390,38722.266
F,F,DELIVER IN PERSON,2,Manufacturer#4,2-HIGH,4,MACHINERY,TRUCK,1,0.07,18,Brand#41,10,JUMBO CAN,41,390,28933.632
F,F,COLLECT COD,4,Manufacturer#2,4-NOT SPECIFIED,4,MACHINERY,SHIP,3,0.03,4,Brand#25,4,WRAP JAR,23,1859,6730.7016
F,F,TAKE BACK RETURN,1,Manufacturer#5,4-NOT SPECIFIED,4,MACHINERY,REG AIR,4,0.03,17,Brand#55,4,LG PKG,29,1859,47594.12
F,F,COLLECT COD,3,Manufacturer#2,3-MEDIUM,4,HOUSEHOLD,MAIL,4,0.01,19,Brand#22,13,SM BAG,25,1860,9239.56
F,F,COLLECT COD,3,Manufacturer#3,3-MEDIUM,4,HOUSEHOLD,AIR,5,0.05,7,Brand#34,13,LG DRUM,17,1860,33962.112
F,F,COLLECT COD,4,Manufacturer#3,3-MEDIUM,4,HOUSEHOLD,TRUCK,2,0.07,20,Brand#35,13,SM BAG,47,1860,4479.9588
F,F,COLLECT COD,0,Manufacturer#1,4-NOT SPECIFIED,0,MACHINERY,FOB,1,0.06,14,Brand#11,14,LG JAR,47,423,36950.7138
F,F,TAKE BACK RETURN,2,Manufacturer#3,4-NOT SPECIFIED,0,MACHINERY,REG AIR,2,0.05,8,Brand#35,14,SM PKG,27,423,43957.968
F,F,COLLECT COD,0,Manufacturer#3,1-URGENT,4,HOUSEHOLD,MAIL,1,0.05,14,Brand#35,4,MED BOX,33,1844,13113.4608
F,F,TAKE BACK RETURN,4,Manufacturer#4,3-MEDIUM,1,BUILDING,AIR,2,0.06,20,Brand#45,3,SM BOX,49,1861,8470.656
F,F,DELIVER IN PERSON,0,Manufacturer#2,5-LOW,3,FURNITURE,MAIL,4,0.08,0,Brand#24,23,LG PKG,19,1862,35290.059
F,F,DELIVER IN PERSON,3,Manufacturer#5,5-LOW,3,FURNITURE,MAIL,6,0.03,23,Brand#54,23,MED CAN,11,1862,10186.88
F,F,NONE,2,Manufacturer#2,5-LOW,3,FURNITURE,AIR,1,0.07,12,Brand#24,23,MED CAN,40,1862,39818.29
F,F,NONE,0,Manufacturer#5,1-URGENT,1,MACHINERY,REG AIR,1,0.02,15,Brand#54,3,SM JAR,34,1863,20804.8841
F,F,COLLECT COD,3,Manufacturer#5,3-MEDIUM,4,BUILDING,MAIL,1,0.01,19,Brand#51,20,WRAP BAG,44,1864,63732.825
F,F,NONE,0,Manufacturer#4,4-NOT SPECIFIED,1,FURNITURE,SHIP,5,0.02,15,Brand#44,17,JUMBO BOX,32,1865,55464.318
F,F,COLLECT COD,3,Manufacturer#5,4-NOT SPECIFIED,1,FURNITURE,TRUCK,3,0.05,19,Brand#54,17,JUMBO CASE,14,1865,19766.8896
F,F,TAKE BACK RETURN,1,Manufacturer#3,5-LOW,3,HOUSEHOLD,RAIL,3,0.03,17,Brand#35,22,MED PACK,8,1866,67747.539
F,F,NONE,1,Manufacturer#1,5-LOW,3,HOUSEHOLD,RAIL,1,0.08,1,Brand#13,22,JUMBO BAG,49,1866,26120.6946
F,F,NONE,2,Manufacturer#5,5-LOW,2,AUTOMOBILE,REG AIR,1,0.03,8,Brand#53,8,JUMBO BOX,34,1867,11001.8304
F,F,COLLECT COD,2,Manufacturer#2,3-MEDIUM,0,FURNITURE,RAIL,4,0.04,21,Brand#23,15,JUMBO BAG,3,1868,56019.4316
F,F,NONE,2,Manufacturer#2,3-MEDIUM,0,FURNITURE,TRUCK,3,0.08,21,Brand#23,15,JUMBO BAG,3,1868,45466.7312
F,F,DELIVER IN PERSON,4,Manufacturer#4,5-LOW,2,AUTOMOBILE,SHIP,2,0.05,10,Brand#44,8,SM BAG,23,1867,77955.372
F,F,DELIVER IN PERSON,0,Manufacturer#4,3-MEDIUM,2,BUILDING,SHIP,3,0.06,5,Brand#43,12,SM DRUM,1,606,21238.6848
F,F,NONE,2,Manufacturer#5,2-HIGH,4,BUILDING,RAIL,2,0.04,9,Brand#54,20,WRAP BAG,30,1869,26604.9875
F,F,TAKE BACK RETURN,4,Manufacturer#1,5-LOW,1,HOUSEHOLD,TRUCK,6,0.06,20,Brand#11,1,JUMBO BAG,21,1870,63841.9285
F,F,NONE,0,Manufacturer#4,5-LOW,1,HOUSEHOLD,REG AIR,4,0.06,15,Brand#41,1,LG PACK,37,1870,44536.086
F,F,COLLECT COD,4,Manufacturer#3,5-LOW,1,HOUSEHOLD,AIR,2,0,20,Brand#33,1,LG PKG,33,1870,38957.4
F,F,NONE,0,Manufacturer#2,5-LOW,1,HOUSEHOLD,MAIL,7,0.04,5,Brand#24,1,LG JAR,7,1870,39240.8064
F,F,DELIVER IN PERSON,0,Manufacturer#2,5-LOW,1,HOUSEHOLD,MAIL,3,0.01,14,Brand#22,1,WRAP JAR,46,1870,45074.498
F,F,NONE,1,Manufacturer#3,5-LOW,1,HOUSEHOLD,AIR,3,0.02,2,Brand#33,2,JUMBO JAR,2,713,17678.9001
F,F,DELIVER IN PERSON,1,Manufacturer#1,5-LOW,0,MACHINERY,REG AIR,4,0.02,24,Brand#11,14,LG CAN,37,1871,35774.1384
F,F,DELIVER IN PERSON,4,Manufacturer#3,5-LOW,0,MACHINERY,TRUCK,3,0.02,10,Brand#31,14,JUMBO CAN,36,1871,14823.325
F,F,NONE,1,Manufacturer#3,2-HIGH,3,FURNITURE,RAIL,4,0.06,1,Brand#31,22,SM BAG,13,1872,28287.6412
F,F,DELIVER IN PERSON,3,Manufacturer#5,2-HIGH,3,FURNITURE,RAIL,3,0.02,6,Brand#55,22,MED DRUM,21,1872,34466.08
F,F,DELIVER IN PERSON,3,Manufacturer#4,2-HIGH,3,FURNITURE,AIR,2,0.02,19,Brand#44,22,JUMBO JAR,23,1872,3737.7004
F,F,NONE,4,Manufacturer#5,5-LOW,1,HOUSEHOLD,FOB,1,0,20,Brand#54,17,MED DRUM,1,1873,11168.612
F,F,COLLECT COD,2,Manufacturer#3,1-URGENT,1,AUTOMOBILE,RAIL,4,0.01,18,Brand#35,2,SM JAR,22,1874,40315.4928
F,F,NONE,0,Manufacturer#4,1-URGENT,1,AUTOMOBILE,MAIL,2,0.05,16,Brand#44,2,MED PKG,3,1874,9989.0472
F,F,DELIVER IN PERSON,0,Manufacturer#4,1-URGENT,1,AUTOMOBILE,RAIL,1,0.03,15,Brand#45,2,WRAP PACK,35,1874,5241.48
F,F,NONE,2,Manufacturer#2,5-LOW,0,FURNITURE,REG AIR,4,0.07,21,Brand#24,0,WRAP CASE,10,301,10887.8679
F,F,DELIVER IN PERSON,2,Manufacturer#5,5-LOW,1,AUTOMOBILE,MAIL,4,0,8,Brand#51,24,WRAP BOX,45,1875,48285.74
F,F,NONE,4,Manufacturer#3,5-LOW,1,AUTOMOBILE,REG AIR,1,0.04,10,Brand#32,24,WRAP PACK,24,1875,53455.6925
F,F,COLLECT COD,0,Manufacturer#4,5-LOW,1,AUTOMOBILE,MAIL,3,0.06,14,Brand#41,24,WRAP CASE,50,1875,1196.1131
F,F,TAKE BACK RETURN,3,Manufacturer#2,5-LOW,0,AUTOMOBILE,MAIL,3,0.01,22,Brand#24,0,JUMBO PACK,50,1876,1746.8536
F,F,NONE,1,Manufacturer#4,5-LOW,0,AUTOMOBILE,MAIL,1,0,3,Brand#45,0,MED JAR,50,1876,44844.6364
F,F,NONE,2,Manufacturer#1,5-LOW,0,AUTOMOBILE,REG AIR,4,0.08,12,Brand#14,0,JUMBO CASE,45,1876,45402.812
F,F,NONE,0,Manufacturer#5,3-MEDIUM,2,FURNITURE,RAIL,1,0.05,5,Brand#53,18,WRAP BOX,45,1877,22332.3184
F,F,NONE,3,Manufacturer#5,4-NOT SPECIFIED,0,BUILDING,SHIP,3,0.02,6,Brand#51,5,JUMBO CAN,27,1878,40139.0528
F,F,DELIVER IN PERSON,4,Manufacturer#5,4-NOT SPECIFIED,0,BUILDING,SHIP,2,0,10,Brand#55,5,LG CASE,10,1878,76252.7088
F,F,COLLECT COD,0,Manufacturer#3,1-URGENT,4,AUTOMOBILE,RAIL,6,0.02,15,Brand#33,10,LG JAR,36,1879,13849.38
F,F,NONE,3,Manufacturer#3,1-URGENT,4,AUTOMOBILE,TRUCK,3,0.01,6,Brand#33,10,MED JAR,43,1879,55359.54
F,F,COLLECT COD,3,Manufacturer#5,3-MEDIUM,3,FURNITURE,TRUCK,2,0.01,7,Brand#51,7,MED PACK,8,1880,45278.541
F,F,TAKE BACK RETURN,2,Manufacturer#1,3-MEDIUM,3,FURNITURE,REG AIR,1,0.06,18,Brand#12,7,JUMBO BOX,33,1880,22638.9506
F,F,COLLECT COD,1,Manufacturer#4,5-LOW,3,HOUSEHOLD,TRUCK,2,0.01,2,Brand#44,22,WRAP DRUM,43,1881,35055.6448
F,F,TAKE BACK RETURN,1,Manufacturer#3,5-LOW,3,HOUSEHOLD,MAIL,3,0.03,3,Brand#32,22,JUMBO CASE,8,1881,4799.1136
F,F,DELIVER IN PERSON,3,Manufacturer#5,1-URGENT,0,FURNITURE,RAIL,2,0.04,7,Brand#55,5,SM PACK,29,624,31972.44
F,F,NONE,2,Manufacturer#5,5-LOW,0,FURNITURE,RAIL,1,0.01,18,Brand#53,0,SM CAN,23,301,6489.693
F,F,TAKE BACK RETURN,2,Manufacturer#4,1-URGENT,1,AUTOMOBILE,TRUCK,1,0.04,21,Brand#41,24,LG BOX,44,1882,34803.405
F,F,TAKE BACK RETURN,1,Manufacturer#4,1-URGENT,1,AUTOMOBILE,TRUCK,4,0.06,3,Brand#44,24,LG JAR,13,1882,19692.9624
F,F,NONE,0,Manufacturer#5,1-URGENT,1,AUTOMOBILE,AIR,3,0.04,14,Brand#55,24,JUMBO PKG,12,1882,13739.49
F,F,NONE,1,Manufacturer#1,1-URGENT,1,AUTOMOBILE,FOB,2,0,24,Brand#12,24,MED JAR,47,1882,34007.364
F,F,NONE,1,Manufacturer#3,1-URGENT,1,AUTOMOBILE,RAIL,6,0.05,24,Brand#34,24,SM PKG,41,1882,43754.48
F,F,TAKE BACK RETURN,0,Manufacturer#1,2-HIGH,4,FURNITURE,MAIL,2,0.08,5,Brand#13,11,MED PKG,35,1883,46519.7062
F,F,NONE,4,Manufacturer#2,5-LOW,4,AUTOMOBILE,RAIL,1,0.06,20,Brand#25,10,WRAP CASE,48,1884,45499.8336
F,F,NONE,0,Manufacturer#1,2-HIGH,4,FURNITURE,RAIL,3,0.03,15,Brand#11,11,SM BAG,31,1883,27304.2792
F,F,DELIVER IN PERSON,3,Manufacturer#2,4-NOT SPECIFIED,0,AUTOMOBILE,AIR,1,0.07,23,Brand#21,15,WRAP CASE,14,1885,51841.1257
F,F,TAKE BACK RETURN,3,Manufacturer#2,4-NOT SPECIFIED,1,FURNITURE,REG AIR,1,0.08,22,Brand#23,24,MED CAN,14,1886,30342.807
F,F,TAKE BACK RETURN,2,Manufacturer#5,1-URGENT,4,MACHINERY,SHIP,7,0.02,8,Brand#54,4,LG DRUM,40,1887,64322.5268
F,F,COLLECT COD,1,Manufacturer#5,1-URGENT,4,MACHINERY,FOB,6,0.02,3,Brand#54,4,JUMBO BAG,15,1887,72544.23
F,F,DELIVER IN PERSON,1,Manufacturer#3,1-URGENT,4,MACHINERY,SHIP,5,0.02,2,Brand#34,4,JUMBO CASE,47,1887,11492.928
F,F,DELIVER IN PERSON,1,Manufacturer#1,1-URGENT,4,MACHINERY,RAIL,2,0.01,2,Brand#15,4,MED BAG,4,1887,25137.8127
F,F,DELIVER IN PERSON,2,Manufacturer#2,1-URGENT,4,MACHINERY,TRUCK,1,0.05,8,Brand#22,4,MED CASE,34,1887,82794.94
F,F,TAKE BACK RETURN,0,Manufacturer#1,2-HIGH,4,AUTOMOBILE,AIR,7,0.01,14,Brand#13,11,WRAP PACK,14,1888,71711.2305
F,F,COLLECT COD,0,Manufacturer#4,2-HIGH,4,AUTOMOBILE,SHIP,1,0,15,Brand#43,11,SM CASE,29,1888,48132.75
F,F,COLLECT COD,1,Manufacturer#3,2-HIGH,4,AUTOMOBILE,TRUCK,3,0.05,1,Brand#34,11,MED PACK,35,1888,60949.845
F,F,TAKE BACK RETURN,0,Manufacturer#5,1-URGENT,0,FURNITURE,AIR,1,0.07,16,Brand#55,0,WRAP JAR,34,1889,21519.3024
F,F,TAKE BACK RETURN,0,Manufacturer#2,1-URGENT,0,FURNITURE,MAIL,4,0.05,14,Brand#23,0,WRAP DRUM,44,1889,87443.7
F,F,DELIVER IN PERSON,4,Manufacturer#1,1-URGENT,0,FURNITURE,AIR,3,0,20,Brand#12,0,WRAP DRUM,46,1889,26973.0648
F,F,DELIVER IN PERSON,4,Manufacturer#5,1-URGENT,3,FURNITURE,TRUCK,4,0.08,20,Brand#54,7,SM DRUM,43,1187,44866.305
F,F,DELIVER IN PERSON,4,Manufacturer#4,1-URGENT,3,FURNITURE,AIR,3,0.03,20,Brand#45,7,LG CAN,41,1187,34671.3114
F,F,NONE,4,Manufacturer#5,1-URGENT,3,FURNITURE,RAIL,1,0.05,11,Brand#54,7,LG DRUM,20,1187,61406.8896
F,F,DELIVER IN PERSON,0,Manufacturer#3,4-NOT SPECIFIED,0,AUTOMOBILE,REG AIR,6,0.03,5,Brand#32,15,LG PKG,47,1885,8327.8548
F,F,TAKE BACK RETURN,1,Manufacturer#2,4-NOT SPECIFIED,0,AUTOMOBILE,MAIL,2,0.05,2,Brand#21,15,JUMBO PKG,11,1885,21365.2992
F,F,TAKE BACK RETURN,0,Manufacturer#3,4-NOT SPECIFIED,0,AUTOMOBILE,FOB,7,0.08,16,Brand#31,15,JUMBO CAN,1,1885,28636.437
F,F,NONE,2,Manufacturer#5,2-HIGH,0,AUTOMOBILE,FOB,3,0.06,21,Brand#54,5,WRAP CAN,11,1890,44511.5682
F,F,DELIVER IN PERSON,0,Manufacturer#5,2-HIGH,0,AUTOMOBILE,RAIL,4,0.05,5,Brand#52,5,JUMBO BAG,44,1890,60299.3576
F,F,DELIVER IN PERSON,2,Manufacturer#4,2-HIGH,0,AUTOMOBILE,FOB,2,0,9,Brand#43,5,WRAP BOX,10,1890,21367.566
F,F,TAKE BACK RETURN,1,Manufacturer#2,2-HIGH,0,AUTOMOBILE,REG AIR,1,0.08,3,Brand#25,5,WRAP DRUM,42,1890,79792.2624
F,F,NONE,3,Manufacturer#1,2-HIGH,0,FURNITURE,TRUCK,5,0.05,22,Brand#11,15,MED BAG,38,1891,57789.6
F,F,DELIVER IN PERSON,2,Manufacturer#4,3-MEDIUM,0,AUTOMOBILE,MAIL,1,0.05,8,Brand#45,15,SM DRUM,33,1892,44943.5808
F,F,DELIVER IN PERSON,1,Manufacturer#4,4-NOT SPECIFIED,3,AUTOMOBILE,SHIP,1,0.04,2,Brand#44,6,SM JAR,23,1145,46148.2
F,F,DELIVER IN PERSON,0,Manufacturer#3,4-NOT SPECIFIED,3,AUTOMOBILE,AIR,3,0.06,15,Brand#34,6,WRAP DRUM,36,1145,57398.6016
F,F,DELIVER IN PERSON,4,Manufacturer#3,4-NOT SPECIFIED,3,AUTOMOBILE,RAIL,2,0.06,4,Brand#32,6,SM JAR,18,1145,1463.7182
F,F,NONE,4,Manufacturer#3,4-NOT SPECIFIED,3,BUILDING,MAIL,3,0.05,20,Brand#31,7,LG JAR,37,1893,32318.487
F,F,COLLECT COD,3,Manufacturer#3,3-MEDIUM,1,FURNITURE,FOB,1,0.01,23,Brand#33,24,LG BAG,48,1894,56023.4304
F,F,DELIVER IN PERSON,3,Manufacturer#4,3-MEDIUM,1,FURNITURE,AIR,2,0.05,23,Brand#44,24,SM DRUM,1,1894,12389.832
F,F,TAKE BACK RETURN,1,Manufacturer#5,3-MEDIUM,0,MACHINERY,REG AIR,3,0.07,1,Brand#51,0,WRAP BOX,30,1895,56199.1131
F,F,NONE,1,Manufacturer#3,3-MEDIUM,0,MACHINERY,RAIL,1,0.08,2,Brand#33,0,WRAP DRUM,45,1895,40013.5725
F,F,DELIVER IN PERSON,3,Manufacturer#4,2-HIGH,0,FURNITURE,MAIL,6,0.04,19,Brand#42,15,SM PACK,27,1891,47930.958
F,F,TAKE BACK RETURN,3,Manufacturer#2,2-HIGH,0,FURNITURE,MAIL,4,0.08,22,Brand#23,15,WRAP PKG,41,1891,45462.2784
F,F,TAKE BACK RETURN,0,Manufacturer#4,2-HIGH,0,FURNITURE,MAIL,1,0,15,Brand#41,15,LG PACK,37,1891,58378.383
F,F,COLLECT COD,2,Manufacturer#1,2-HIGH,0,FURNITURE,REG AIR,2,0.07,9,Brand#11,15,WRAP PACK,50,1891,24239.968
F,F,NONE,4,Manufacturer#3,4-NOT SPECIFIED,1,FURNITURE,REG AIR,4,0.04,20,Brand#33,3,JUMBO BOX,1,1896,18562.7904
F,F,COLLECT COD,4,Manufacturer#3,1-URGENT,2,MACHINERY,FOB,2,0,4,Brand#33,9,MED JAR,3,1897,8587.776
F,F,DELIVER IN PERSON,2,Manufacturer#3,1-URGENT,2,MACHINERY,SHIP,7,0,8,Brand#31,9,WRAP JAR,41,1897,34837.5456
F,F,TAKE BACK RETURN,0,Manufacturer#5,1-URGENT,2,MACHINERY,SHIP,1,0.07,15,Brand#53,9,JUMBO PKG,48,1897,7393.1616
F,F,COLLECT COD,0,Manufacturer#5,4-NOT SPECIFIED,3,AUTOMOBILE,TRUCK,5,0.05,15,Brand#54,19,WRAP BAG,15,1898,73875.8208
F,F,DELIVER IN PERSON,1,Manufacturer#4,4-NOT SPECIFIED,3,AUTOMOBILE,RAIL,2,0,17,Brand#41,19,SM JAR,44,1898,3444.4064
F,F,TAKE BACK RETURN,4,Manufacturer#3,4-NOT SPECIFIED,3,AUTOMOBILE,TRUCK,4,0.02,4,Brand#35,19,SM BAG,29,1898,35829.9305
F,F,TAKE BACK RETURN,2,Manufacturer#3,4-NOT SPECIFIED,3,AUTOMOBILE,AIR,3,0.03,21,Brand#34,19,MED DRUM,10,1898,44641.352
F,F,NONE,3,Manufacturer#4,3-MEDIUM,0,MACHINERY,MAIL,2,0.07,22,Brand#45,15,MED DRUM,21,1899,49676.5592
F,F,COLLECT COD,2,Manufacturer#1,3-MEDIUM,3,HOUSEHOLD,RAIL,4,0.08,8,Brand#14,22,MED BAG,14,1900,13363.344
F,F,COLLECT COD,1,Manufacturer#2,3-MEDIUM,3,HOUSEHOLD,AIR,2,0.03,24,Brand#23,22,JUMBO PACK,16,1900,24768.7552
F,F,DELIVER IN PERSON,2,Manufacturer#1,3-MEDIUM,4,MACHINERY,FOB,3,0.05,21,Brand#12,11,LG BOX,45,1901,50330.487
F,F,DELIVER IN PERSON,2,Manufacturer#2,3-MEDIUM,4,MACHINERY,SHIP,5,0.04,8,Brand#24,11,SM BAG,6,1901,6431.04
F,F,COLLECT COD,2,Manufacturer#3,3-MEDIUM,4,MACHINERY,FOB,1,0.08,18,Brand#33,11,MED BOX,39,1901,34211.2404
F,F,NONE,3,Manufacturer#4,4-NOT SPECIFIED,1,MACHINERY,MAIL,5,0.08,22,Brand#45,1,WRAP BAG,9,1902,39148.2
F,F,COLLECT COD,4,Manufacturer#5,4-NOT SPECIFIED,1,FURNITURE,RAIL,3,0.08,13,Brand#53,3,MED PACK,38,1896,46672.01
F,F,COLLECT COD,1,Manufacturer#4,4-NOT SPECIFIED,2,FURNITURE,SHIP,1,0.02,24,Brand#42,8,WRAP PACK,2,1903,45773.8932
F,F,TAKE BACK RETURN,2,Manufacturer#2,4-NOT SPECIFIED,1,FURNITURE,SHIP,6,0.08,9,Brand#24,3,WRAP CASE,26,1896,30633.0752
F,F,TAKE BACK RETURN,2,Manufacturer#2,1-URGENT,2,MACHINERY,REG AIR,5,0.08,8,Brand#23,18,WRAP CAN,36,1904,14172.573
F,F,NONE,0,Manufacturer#5,2-HIGH,3,HOUSEHOLD,AIR,3,0.04,16,Brand#55,22,LG CASE,11,1905,10180.8616
F,F,DELIVER IN PERSON,1,Manufacturer#4,2-HIGH,3,HOUSEHOLD,MAIL,1,0.04,1,Brand#44,22,SM CASE,34,1905,40727.089
F,F,TAKE BACK RETURN,4,Manufacturer#1,5-LOW,3,HOUSEHOLD,AIR,6,0.06,20,Brand#12,6,MED BAG,12,1906,75592.674
F,F,TAKE BACK RETURN,3,Manufacturer#1,5-LOW,3,HOUSEHOLD,AIR,3,0.01,7,Brand#12,6,WRAP CAN,32,1906,48295.321
F,F,NONE,1,Manufacturer#5,5-LOW,3,HOUSEHOLD,RAIL,4,0.01,24,Brand#51,6,JUMBO CASE,15,1906,6847.182
F,F,DELIVER IN PERSON,1,Manufacturer#3,5-LOW,3,HOUSEHOLD,AIR,2,0.07,3,Brand#31,6,LG DRUM,19,1906,26458.3536
F,F,DELIVER IN PERSON,4,Manufacturer#1,3-MEDIUM,4,MACHINERY,AIR,3,0.04,13,Brand#11,13,WRAP PKG,30,1513,44343.5976
F,F,COLLECT COD,3,Manufacturer#3,3-MEDIUM,4,MACHINERY,FOB,6,0.03,22,Brand#32,13,LG JAR,35,1513,27071.5392
F,F,DELIVER IN PERSON,4,Manufacturer#4,4-NOT SPECIFIED,4,BUILDING,AIR,1,0.08,4,Brand#45,4,LG BOX,19,1907,14043.694
F,F,COLLECT COD,2,Manufacturer#5,4-NOT SPECIFIED,4,BUILDING,SHIP,3,0.03,8,Brand#55,4,SM BOX,28,1907,89704.3392
F,F,COLLECT COD,2,Manufacturer#4,4-NOT SPECIFIED,0,AUTOMOBILE,RAIL,5,0.02,21,Brand#42,15,SM CAN,37,1908,9393.9
F,F,COLLECT COD,3,Manufacturer#2,4-NOT SPECIFIED,0,AUTOMOBILE,AIR,4,0.08,23,Brand#22,15,JUMBO CAN,31,1908,33345.3546
F,F,TAKE BACK RETURN,0,Manufacturer#2,1-URGENT,2,MACHINERY,REG AIR,6,0.04,14,Brand#21,18,JUMBO CAN,24,1904,21071.76
F,F,DELIVER IN PERSON,4,Manufacturer#1,2-HIGH,1,HOUSEHOLD,AIR,1,0.08,10,Brand#15,1,SM JAR,43,1909,51917.7834
F,F,DELIVER IN PERSON,3,Manufacturer#1,1-URGENT,0,HOUSEHOLD,FOB,2,0.05,22,Brand#14,15,SM CAN,14,1703,29897.6964
F,F,NONE,1,Manufacturer#4,2-HIGH,1,HOUSEHOLD,TRUCK,6,0.01,24,Brand#41,1,WRAP BOX,4,1909,7930.8082
F,F,TAKE BACK RETURN,2,Manufacturer#4,2-HIGH,1,HOUSEHOLD,MAIL,4,0,9,Brand#44,1,JUMBO BOX,34,1909,76488.412
F,F,DELIVER IN PERSON,2,Manufacturer#4,2-HIGH,1,HOUSEHOLD,TRUCK,3,0.03,18,Brand#43,1,MED BAG,20,1909,43653.735
F,F,DELIVER IN PERSON,0,Manufacturer#4,4-NOT SPECIFIED,4,FURNITURE,FOB,7,0.04,16,Brand#41,10,WRAP PKG,10,1910,46379.2128
F,F,COLLECT COD,4,Manufacturer#5,4-NOT SPECIFIED,4,FURNITURE,SHIP,5,0.02,10,Brand#52,10,WRAP JAR,3,1910,40196.6136
F,F,NONE,2,Manufacturer#2,4-NOT SPECIFIED,4,FURNITURE,FOB,3,0,21,Brand#22,10,SM BOX,29,1910,29382.2496
F,F,COLLECT COD,2,Manufacturer#3,4-NOT SPECIFIED,4,FURNITURE,MAIL,6,0.08,9,Brand#33,10,WRAP JAR,11,1910,22365.8721
F,F,TAKE BACK RETURN,2,Manufacturer#2,3-MEDIUM,0,AUTOMOBILE,TRUCK,3,0.04,9,Brand#22,15,SM JAR,8,1911,19561.5828
F,F,NONE,3,Manufacturer#5,3-MEDIUM,2,FURNITURE,TRUCK,3,0.08,19,Brand#53,9,SM PACK,30,1912,3581.24
F,F,NONE,4,Manufacturer#2,3-MEDIUM,2,FURNITURE,MAIL,2,0.07,11,Brand#25,9,SM PACK,38,1912,65428.4
F,F,NONE,4,Manufacturer#4,3-MEDIUM,2,FURNITURE,FOB,1,0,10,Brand#41,9,WRAP DRUM,5,1912,16657.5618
F,F,COLLECT COD,1,Manufacturer#1,4-NOT SPECIFIED,0,FURNITURE,RAIL,3,0.03,17,Brand#14,15,WRAP PACK,33,1913,14305.8552
F,F,TAKE BACK RETURN,0,Manufacturer#3,4-NOT SPECIFIED,0,FURNITURE,TRUCK,2,0.02,0,Brand#34,15,WRAP DRUM,50,1913,18913.3505
F,F,COLLECT COD,2,Manufacturer#4,5-LOW,3,FURNITURE,REG AIR,2,0.01,21,Brand#45,22,MED JAR,36,1914,45300.9648
F,F,TAKE BACK RETURN,4,Manufacturer#1,2-HIGH,4,HOUSEHOLD,RAIL,1,0.07,11,Brand#12,4,WRAP PACK,26,1915,21738.0096
F,F,TAKE BACK RETURN,3,Manufacturer#3,3-MEDIUM,2,FURNITURE,AIR,4,0.01,6,Brand#32,9,MED PACK,33,1912,2357.5916
F,F,COLLECT COD,3,Manufacturer#2,3-MEDIUM,0,AUTOMOBILE,RAIL,1,0.06,6,Brand#25,15,WRAP PACK,35,1911,66849.84
F,F,DELIVER IN PERSON,4,Manufacturer#2,5-LOW,0,MACHINERY,FOB,2,0.07,4,Brand#21,5,SM BOX,30,1916,6360.3648
F,F,NONE,4,Manufacturer#3,5-LOW,3,FURNITURE,RAIL,6,0.03,13,Brand#32,22,SM CAN,27,1917,23344.5717
F,F,TAKE BACK RETURN,2,Manufacturer#2,1-URGENT,3,BUILDING,SHIP,1,0.03,8,Brand#22,7,JUMBO BOX,31,1893,26995.9635
F,F,NONE,1,Manufacturer#5,1-URGENT,3,BUILDING,SHIP,2,0.05,2,Brand#53,7,MED BOX,2,1893,64470.7105
F,F,NONE,0,Manufacturer#3,3-MEDIUM,3,HOUSEHOLD,REG AIR,1,0.03,0,Brand#33,22,MED CAN,11,1918,26716.224
F,F,COLLECT COD,4,Manufacturer#4,3-MEDIUM,3,AUTOMOBILE,RAIL,3,0.08,11,Brand#43,19,JUMBO CAN,24,1919,28799.03
F,F,NONE,1,Manufacturer#2,3-MEDIUM,3,AUTOMOBILE,RAIL,1,0.01,3,Brand#21,19,WRAP CASE,30,1919,51588.7056
F,F,NONE,3,Manufacturer#4,3-MEDIUM,3,AUTOMOBILE,AIR,2,0.07,6,Brand#45,19,SM BOX,37,1919,10694.957
F,F,DELIVER IN PERSON,3,Manufacturer#5,3-MEDIUM,3,AUTOMOBILE,TRUCK,4,0.04,19,Brand#55,19,MED BAG,26,1919,34815.9372
F,F,TAKE BACK RETURN,4,Manufacturer#1,2-HIGH,4,HOUSEHOLD,AIR,1,0,4,Brand#12,10,MED CASE,43,1920,41473.9416
F,F,NONE,4,Manufacturer#2,1-URGENT,4,AUTOMOBILE,AIR,5,0.07,4,Brand#23,13,WRAP BAG,33,1921,55045.0446
F,F,COLLECT COD,3,Manufacturer#3,1-URGENT,4,AUTOMOBILE,REG AIR,1,0.05,7,Brand#34,13,SM PACK,49,1921,21867.84
F,F,TAKE BACK RETURN,1,Manufacturer#4,1-URGENT,4,AUTOMOBILE,REG AIR,2,0.01,17,Brand#42,13,SM BAG,9,1921,20713.7112
F,F,DELIVER IN PERSON,3,Manufacturer#5,2-HIGH,0,HOUSEHOLD,FOB,3,0.07,19,Brand#53,16,MED PKG,32,1922,45300.6372
F,F,NONE,1,Manufacturer#4,2-HIGH,0,HOUSEHOLD,SHIP,4,0.07,24,Brand#42,16,LG PKG,10,1922,16202.16
F,F,DELIVER IN PERSON,1,Manufacturer#2,2-HIGH,2,MACHINERY,AIR,2,0.01,24,Brand#25,8,WRAP PACK,6,1519,47357.5608
F,F,DELIVER IN PERSON,4,Manufacturer#2,2-HIGH,2,MACHINERY,MAIL,3,0.02,11,Brand#23,8,WRAP DRUM,2,1519,1399.8812
F,F,NONE,0,Manufacturer#1,2-HIGH,4,BUILDING,TRUCK,2,0.08,15,Brand#12,4,JUMBO JAR,1,1923,4456.572
F,F,DELIVER IN PERSON,4,Manufacturer#4,1-URGENT,1,BUILDING,AIR,1,0.08,13,Brand#45,17,MED BOX,30,1924,24427.9504
F,F,DELIVER IN PERSON,2,Manufacturer#4,1-URGENT,1,BUILDING,AIR,2,0.06,18,Brand#43,17,MED CAN,25,1924,75749.9
F,F,COLLECT COD,0,Manufacturer#5,2-HIGH,4,BUILDING,RAIL,5,0,5,Brand#55,4,LG CAN,17,1923,16142.3568
F,F,COLLECT COD,3,Manufacturer#2,2-HIGH,4,BUILDING,SHIP,3,0.06,22,Brand#23,4,JUMBO JAR,48,1923,28963.548
F,F,TAKE BACK RETURN,2,Manufacturer#2,3-MEDIUM,3,BUILDING,RAIL,5,0.08,8,Brand#22,22,MED CASE,42,1925,42222.5352
F,F,NONE,0,Manufacturer#1,2-HIGH,4,HOUSEHOLD,TRUCK,4,0.01,14,Brand#12,10,JUMBO DRUM,33,692,12928.3336
F,F,DELIVER IN PERSON,1,Manufacturer#2,2-HIGH,4,HOUSEHOLD,RAIL,2,0.03,2,Brand#25,10,SM CASE,1,692,10342.836
F,F,NONE,3,Manufacturer#5,2-HIGH,4,HOUSEHOLD,SHIP,5,0.03,22,Brand#52,10,JUMBO CAN,31,692,23927.8039
F,F,DELIVER IN PERSON,4,Manufacturer#1,4-NOT SPECIFIED,3,HOUSEHOLD,AIR,3,0.05,20,Brand#11,7,WRAP CASE,33,1926,49913.2803
F,F,TAKE BACK RETURN,4,Manufacturer#1,4-NOT SPECIFIED,3,HOUSEHOLD,MAIL,7,0,13,Brand#11,7,LG CASE,37,1926,16254.819
F,F,NONE,1,Manufacturer#3,5-LOW,0,FURNITURE,MAIL,5,0.05,24,Brand#33,0,MED BAG,11,1927,14489.7753
F,F,COLLECT COD,1,Manufacturer#1,5-LOW,0,FURNITURE,SHIP,1,0.02,2,Brand#13,0,WRAP BAG,9,1927,16355.9472
F,F,NONE,2,Manufacturer#2,5-LOW,0,FURNITURE,SHIP,6,0.02,9,Brand#22,0,MED BAG,44,1927,29198.8128
F,F,COLLECT COD,2,Manufacturer#2,3-MEDIUM,3,BUILDING,TRUCK,3,0.04,9,Brand#22,22,SM CASE,21,1925,4222.5
F,F,NONE,2,Manufacturer#4,1-URGENT,2,MACHINERY,REG AIR,4,0.06,18,Brand#44,12,MED CAN,12,1928,2553.8354
F,F,DELIVER IN PERSON,4,Manufacturer#5,1-URGENT,1,HOUSEHOLD,REG AIR,3,0.03,4,Brand#51,24,MED PACK,12,1929,20710.5984
F,F,NONE,0,Manufacturer#1,1-URGENT,1,HOUSEHOLD,SHIP,1,0.04,0,Brand#12,24,SM CASE,50,1929,22958.073
F,F,COLLECT COD,4,Manufacturer#2,1-URGENT,2,BUILDING,SHIP,3,0.08,20,Brand#23,12,MED PKG,34,1930,36965.25
F,F,TAKE BACK RETURN,1,Manufacturer#4,1-URGENT,2,MACHINERY,MAIL,3,0.07,1,Brand#43,12,MED PACK,42,1928,50827.8953
F,F,NONE,1,Manufacturer#2,2-HIGH,3,FURNITURE,RAIL,3,0.05,17,Brand#23,6,MED JAR,34,1931,52369.1766
F,F,COLLECT COD,3,Manufacturer#3,2-HIGH,3,FURNITURE,AIR,2,0.03,7,Brand#31,6,LG PACK,36,1931,17196.456
F,F,COLLECT COD,2,Manufacturer#4,4-NOT SPECIFIED,3,BUILDING,REG AIR,3,0.08,18,Brand#43,19,WRAP BOX,23,1932,32878.004
F,F,TAKE BACK RETURN,2,Manufacturer#3,4-NOT SPECIFIED,2,FURNITURE,MAIL,2,0.04,18,Brand#34,18,WRAP PACK,16,1933,53108.0044
F,F,NONE,1,Manufacturer#5,4-NOT SPECIFIED,1,HOUSEHOLD,TRUCK,4,0.04,1,Brand#51,3,WRAP DRUM,6,411,12685.32
F,F,TAKE BACK RETURN,4,Manufacturer#3,3-MEDIUM,4,FURNITURE,FOB,5,0.06,13,Brand#34,4,WRAP JAR,27,1934,6707.952
F,F,NONE,3,Manufacturer#4,3-MEDIUM,4,FURNITURE,SHIP,3,0.05,7,Brand#42,4,LG CASE,12,1934,18725.472
F,F,COLLECT COD,2,Manufacturer#2,3-MEDIUM,4,FURNITURE,MAIL,6,0.08,9,Brand#22,4,MED DRUM,45,1934,4494.476
F,F,COLLECT COD,4,Manufacturer#4,4-NOT SPECIFIED,2,HOUSEHOLD,TRUCK,2,0,13,Brand#43,18,MED PACK,28,1935,11714.373
F,F,NONE,4,Manufacturer#5,4-NOT SPECIFIED,2,HOUSEHOLD,TRUCK,3,0.05,13,Brand#54,18,SM BAG,14,1935,26641.72
F,F,DELIVER IN PERSON,3,Manufacturer#1,1-URGENT,4,HOUSEHOLD,FOB,3,0.06,22,Brand#11,4,WRAP DRUM,2,1936,18820.8576
F,F,NONE,3,Manufacturer#4,1-URGENT,4,HOUSEHOLD,MAIL,1,0.01,22,Brand#43,4,MED BOX,36,1936,39292.6534
F,F,TAKE BACK RETURN,1,Manufacturer#5,3-MEDIUM,2,HOUSEHOLD,AIR,4,0.08,3,Brand#54,9,JUMBO CAN,25,1937,65140.8384
F,F,NONE,0,Manufacturer#5,3-MEDIUM,2,HOUSEHOLD,TRUCK,2,0.01,0,Brand#54,9,MED CAN,36,1937,38595.156
F,F,COLLECT COD,4,Manufacturer#5,3-MEDIUM,2,HOUSEHOLD,MAIL,3,0.07,20,Brand#54,9,SM DRUM,19,1937,25945.5042
F,F,COLLECT COD,3,Manufacturer#4,5-LOW,3,MACHINERY,MAIL,1,0.04,22,Brand#42,7,SM PKG,33,1938,48849.7884
F,F,COLLECT COD,0,Manufacturer#4,5-LOW,3,MACHINERY,RAIL,2,0.05,14,Brand#41,7,SM CASE,5,1938,5292.3075
F,F,DELIVER IN PERSON,2,Manufacturer#2,1-URGENT,4,HOUSEHOLD,REG AIR,6,0.07,9,Brand#22,4,WRAP BOX,13,1939,5507.66
F,F,COLLECT COD,2,Manufacturer#1,1-URGENT,4,HOUSEHOLD,TRUCK,2,0.08,8,Brand#11,4,LG CAN,39,1844,39168.675
F,F,COLLECT COD,0,Manufacturer#4,1-URGENT,4,HOUSEHOLD,RAIL,7,0,15,Brand#43,4,LG DRUM,29,1844,51967.656
F,F,TAKE BACK RETURN,4,Manufacturer#2,1-URGENT,4,HOUSEHOLD,MAIL,6,0.01,20,Brand#21,4,MED CAN,28,1844,80271.0838
F,F,TAKE BACK RETURN,0,Manufacturer#5,5-LOW,1,FURNITURE,RAIL,1,0.05,5,Brand#55,3,WRAP JAR,47,1940,33451.8808
F,F,NONE,2,Manufacturer#3,1-URGENT,3,FURNITURE,FOB,1,0.08,12,Brand#31,22,JUMBO BOX,12,1941,25452.6832
F,F,DELIVER IN PERSON,3,Manufacturer#4,1-URGENT,3,FURNITURE,RAIL,3,0.04,22,Brand#43,22,WRAP BAG,9,1941,11113.6704
F,F,TAKE BACK RETURN,4,Manufacturer#1,1-URGENT,3,FURNITURE,TRUCK,7,0.04,11,Brand#13,22,LG PKG,38,1941,16151.772
F,F,TAKE BACK RETURN,3,Manufacturer#3,1-URGENT,3,FURNITURE,FOB,4,0.07,7,Brand#31,22,JUMBO CAN,7,1941,39718.12
F,F,COLLECT COD,2,Manufacturer#1,1-URGENT,3,FURNITURE,FOB,2,0.01,8,Brand#14,22,LG DRUM,6,1941,57115.6608
F,F,NONE,2,Manufacturer#3,1-URGENT,3,FURNITURE,TRUCK,5,0,8,Brand#31,22,SM JAR,10,1941,23743.4652
F,F,NONE,1,Manufacturer#1,1-URGENT,3,MACHINERY,AIR,1,0.01,2,Brand#11,22,LG JAR,27,1361,34648.1568
F,F,NONE,2,Manufacturer#2,1-URGENT,4,HOUSEHOLD,REG AIR,2,0.06,21,Brand#21,4,MED CASE,28,1939,40066.704
F,F,COLLECT COD,0,Manufacturer#5,1-URGENT,4,HOUSEHOLD,MAIL,4,0.05,16,Brand#55,4,SM CASE,45,1939,22501.57
F,F,NONE,4,Manufacturer#1,3-MEDIUM,2,HOUSEHOLD,MAIL,1,0.02,10,Brand#12,21,LG DRUM,16,1942,37205.1801
F,F,TAKE BACK RETURN,0,Manufacturer#2,1-URGENT,2,FURNITURE,MAIL,1,0.03,0,Brand#22,9,WRAP CASE,28,1943,25910.1024
F,F,NONE,2,Manufacturer#2,1-URGENT,2,FURNITURE,AIR,4,0,18,Brand#24,9,WRAP DRUM,47,1943,6771.106
F,F,NONE,2,Manufacturer#3,1-URGENT,2,FURNITURE,AIR,6,0.03,21,Brand#32,9,MED JAR,46,1943,28515.808
F,F,COLLECT COD,3,Manufacturer#2,1-URGENT,2,BUILDING,REG AIR,1,0.01,22,Brand#22,8,MED CAN,25,1944,19300.8
F,F,NONE,3,Manufacturer#5,1-URGENT,2,BUILDING,SHIP,5,0.04,7,Brand#55,8,LG PACK,8,1944,14547.82
F,F,NONE,2,Manufacturer#4,1-URGENT,2,BUILDING,AIR,3,0.02,8,Brand#44,8,WRAP CAN,29,1944,51899.481
F,F,COLLECT COD,4,Manufacturer#2,3-MEDIUM,4,HOUSEHOLD,MAIL,2,0.08,10,Brand#21,13,MED JAR,32,1945,43280.8992
F,F,NONE,2,Manufacturer#3,3-MEDIUM,4,HOUSEHOLD,AIR,1,0.08,18,Brand#34,13,MED CASE,48,1945,53501.589
F,F,DELIVER IN PERSON,2,Manufacturer#2,3-MEDIUM,3,HOUSEHOLD,SHIP,6,0.08,21,Brand#25,6,JUMBO CAN,47,1132,36629.307
F,F,DELIVER IN PERSON,3,Manufacturer#3,3-MEDIUM,3,HOUSEHOLD,REG AIR,7,0.04,6,Brand#34,6,LG PACK,43,1132,57110.9504
F,F,DELIVER IN PERSON,3,Manufacturer#2,3-MEDIUM,3,HOUSEHOLD,SHIP,4,0.05,7,Brand#24,6,JUMBO BAG,30,1132,1614.7
F,F,TAKE BACK RETURN,2,Manufacturer#4,2-HIGH,2,FURNITURE,AIR,1,0.06,12,Brand#43,21,JUMBO PKG,26,1946,6053.411
F,F,TAKE BACK RETURN,2,Manufacturer#1,5-LOW,2,HOUSEHOLD,RAIL,3,0.04,12,Brand#15,9,MED JAR,19,1947,3212.9658
F,F,COLLECT COD,3,Manufacturer#2,5-LOW,2,HOUSEHOLD,REG AIR,2,0.04,22,Brand#25,9,SM CAN,15,1947,42381.531
F,F,TAKE BACK RETURN,1,Manufacturer#5,2-HIGH,3,HOUSEHOLD,REG AIR,2,0.01,17,Brand#54,23,WRAP JAR,4,1948,32317.8768
F,F,COLLECT COD,2,Manufacturer#5,3-MEDIUM,2,MACHINERY,FOB,1,0.05,8,Brand#53,21,JUMBO CASE,26,1949,54360.288
F,F,COLLECT COD,3,Manufacturer#2,1-URGENT,3,AUTOMOBILE,REG AIR,1,0.05,22,Brand#24,19,SM PKG,23,1950,23574.9
F,F,NONE,3,Manufacturer#2,1-URGENT,3,AUTOMOBILE,FOB,2,0.05,22,Brand#22,19,SM PACK,4,1950,2268.612
F,F,TAKE BACK RETURN,3,Manufacturer#1,1-URGENT,1,MACHINERY,TRUCK,1,0.05,7,Brand#13,17,WRAP CASE,14,1951,34304.96
F,F,TAKE BACK RETURN,2,Manufacturer#5,5-LOW,2,BUILDING,RAIL,2,0.03,18,Brand#55,12,SM BOX,45,1952,58152.6582
F,F,TAKE BACK RETURN,1,Manufacturer#3,5-LOW,2,BUILDING,RAIL,7,0.07,24,Brand#35,12,SM BAG,1,1952,2611.035
F,F,TAKE BACK RETURN,2,Manufacturer#3,5-LOW,2,BUILDING,AIR,6,0.07,9,Brand#34,12,WRAP BAG,3,1952,38543.0688
F,F,COLLECT COD,3,Manufacturer#2,1-URGENT,3,BUILDING,MAIL,6,0,6,Brand#25,22,LG BAG,44,1953,57771.0048
F,F,NONE,2,Manufacturer#5,1-URGENT,3,BUILDING,TRUCK,5,0.04,9,Brand#51,22,WRAP BAG,2,1953,21505.878
F,F,COLLECT COD,2,Manufacturer#4,1-URGENT,3,BUILDING,FOB,1,0.04,18,Brand#44,22,LG CAN,25,1953,33890.8605
F,F,DELIVER IN PERSON,0,Manufacturer#5,1-URGENT,3,BUILDING,AIR,3,0.01,15,Brand#51,22,LG CAN,30,1953,46452.4956
F,F,DELIVER IN PERSON,0,Manufacturer#3,2-HIGH,4,BUILDING,SHIP,1,0.02,14,Brand#35,4,JUMBO CAN,35,1954,3518.838
F,F,NONE,0,Manufacturer#3,2-HIGH,3,FURNITURE,TRUCK,1,0.05,5,Brand#31,19,JUMBO PACK,24,1955,43057.819
F,F,NONE,4,Manufacturer#2,4-NOT SPECIFIED,3,HOUSEHOLD,REG AIR,3,0,20,Brand#25,19,MED DRUM,10,1956,24286
F,F,NONE,0,Manufacturer#4,1-URGENT,2,FURNITURE,MAIL,1,0.02,5,Brand#42,9,SM PACK,29,299,35769.708
F,F,COLLECT COD,0,Manufacturer#4,5-LOW,4,MACHINERY,FOB,3,0.05,15,Brand#42,10,MED PKG,17,1829,37871.4996
F,F,DELIVER IN PERSON,4,Manufacturer#4,5-LOW,4,MACHINERY,SHIP,1,0.06,10,Brand#43,10,LG BAG,11,1829,37194.066
F,F,NONE,4,Manufacturer#1,5-LOW,4,MACHINERY,REG AIR,5,0.03,11,Brand#11,10,MED CAN,7,1829,14087.7144
F,F,TAKE BACK RETURN,0,Manufacturer#3,5-LOW,4,MACHINERY,TRUCK,2,0.04,5,Brand#34,10,JUMBO PACK,9,1829,16199.3216
F,F,DELIVER IN PERSON,4,Manufacturer#2,3-MEDIUM,0,BUILDING,SHIP,4,0.07,4,Brand#22,15,WRAP CASE,2,1957,66796.092
F,F,NONE,1,Manufacturer#4,3-MEDIUM,0,BUILDING,RAIL,3,0.02,17,Brand#45,15,LG JAR,19,1957,59364.265
F,F,DELIVER IN PERSON,3,Manufacturer#4,2-HIGH,3,FURNITURE,FOB,3,0.06,7,Brand#41,19,MED DRUM,39,1955,57827.3163
F,F,DELIVER IN PERSON,1,Manufacturer#2,2-HIGH,3,FURNITURE,RAIL,2,0.02,17,Brand#23,19,MED JAR,38,1955,76728.52
F,F,DELIVER IN PERSON,0,Manufacturer#4,4-NOT SPECIFIED,4,FURNITURE,AIR,3,0,14,Brand#43,13,SM BOX,10,1958,46846.45
F,F,DELIVER IN PERSON,1,Manufacturer#1,1-URGENT,0,BUILDING,RAIL,3,0.08,3,Brand#12,5,LG PACK,44,1959,26729.2971
F,F,TAKE BACK RETURN,3,Manufacturer#4,1-URGENT,0,BUILDING,SHIP,1,0.02,22,Brand#42,5,JUMBO DRUM,17,1959,50368.6778
F,F,DELIVER IN PERSON,4,Manufacturer#1,4-NOT SPECIFIED,4,AUTOMOBILE,TRUCK,2,0.05,4,Brand#14,4,LG PKG,7,1960,38496.752
F,F,DELIVER IN PERSON,0,Manufacturer#2,4-NOT SPECIFIED,4,AUTOMOBILE,FOB,1,0.05,16,Brand#25,4,MED BAG,17,1960,28914.2336
F,F,NONE,4,Manufacturer#1,4-NOT SPECIFIED,4,AUTOMOBILE,RAIL,4,0.05,10,Brand#11,4,JUMBO DRUM,35,1960,55750.752
F,F,COLLECT COD,3,Manufacturer#5,4-NOT SPECIFIED,3,FURNITURE,TRUCK,2,0.01,22,Brand#53,19,SM BAG,24,1541,9030.0096
F,F,COLLECT COD,2,Manufacturer#1,2-HIGH,2,HOUSEHOLD,RAIL,4,0.07,9,Brand#11,12,MED BAG,30,895,22031.298
F,F,NONE,2,Manufacturer#1,1-URGENT,0,AUTOMOBILE,FOB,2,0,18,Brand#12,15,WRAP CAN,32,1961,2128.068
F,F,COLLECT COD,2,Manufacturer#1,5-LOW,1,HOUSEHOLD,MAIL,5,0.01,8,Brand#12,1,WRAP CASE,21,1962,32157.2169
F,F,TAKE BACK RETURN,3,Manufacturer#1,5-LOW,1,HOUSEHOLD,AIR,4,0.07,7,Brand#13,1,MED DRUM,21,1962,43418.592
F,F,NONE,0,Manufacturer#2,5-LOW,1,HOUSEHOLD,MAIL,6,0.06,5,Brand#21,1,WRAP PACK,48,1962,48910.356
F,F,DELIVER IN PERSON,2,Manufacturer#5,5-LOW,1,HOUSEHOLD,SHIP,2,0.03,9,Brand#51,1,WRAP BAG,23,1962,61752.926
F,F,COLLECT COD,2,Manufacturer#2,5-LOW,1,HOUSEHOLD,FOB,1,0.01,21,Brand#21,1,SM DRUM,8,1962,30044.301
F,F,NONE,2,Manufacturer#4,3-MEDIUM,0,MACHINERY,TRUCK,1,0,8,Brand#44,15,WRAP CASE,2,1963,49649.088
F,F,NONE,2,Manufacturer#5,3-MEDIUM,0,MACHINERY,RAIL,4,0.03,12,Brand#55,15,LG CAN,2,1963,59435.442
F,F,DELIVER IN PERSON,0,Manufacturer#2,3-MEDIUM,0,MACHINERY,FOB,2,0,15,Brand#25,15,MED BAG,45,1963,19894.59
F,F,DELIVER IN PERSON,2,Manufacturer#2,1-URGENT,4,AUTOMOBILE,SHIP,3,0.03,12,Brand#22,4,LG PACK,23,1964,49029.0255
F,F,TAKE BACK RETURN,0,Manufacturer#4,1-URGENT,4,AUTOMOBILE,FOB,1,0.02,16,Brand#45,4,JUMBO CAN,2,1964,17325.093
F,F,NONE,1,Manufacturer#4,5-LOW,4,MACHINERY,REG AIR,3,0.05,1,Brand#43,10,WRAP PKG,47,1965,80191.5772
F,F,TAKE BACK RETURN,0,Manufacturer#3,5-LOW,4,MACHINERY,REG AIR,1,0.01,15,Brand#33,10,MED PACK,33,1965,53954.7918
F,F,COLLECT COD,4,Manufacturer#3,5-LOW,2,AUTOMOBILE,AIR,3,0.02,11,Brand#31,8,WRAP BAG,18,1966,5414.7184
F,F,TAKE BACK RETURN,0,Manufacturer#2,5-LOW,2,AUTOMOBILE,SHIP,2,0.06,16,Brand#21,8,WRAP PACK,20,1966,21158.319
F,F,TAKE BACK RETURN,2,Manufacturer#3,5-LOW,1,MACHINERY,SHIP,3,0.07,18,Brand#32,3,JUMBO BOX,24,1967,19605.834
F,F,TAKE BACK RETURN,2,Manufacturer#4,5-LOW,1,MACHINERY,FOB,2,0.05,21,Brand#43,3,SM BOX,12,1967,69769.44
F,F,NONE,2,Manufacturer#5,5-LOW,1,MACHINERY,TRUCK,1,0.05,8,Brand#55,3,LG CASE,7,1967,39082.7943
F,F,COLLECT COD,1,Manufacturer#4,1-URGENT,4,MACHINERY,RAIL,2,0.04,2,Brand#44,10,MED PKG,5,390,23042.2724
F,F,NONE,2,Manufacturer#3,1-URGENT,4,MACHINERY,RAIL,3,0.04,8,Brand#32,10,JUMBO DRUM,40,390,21476.95
F,F,TAKE BACK RETURN,2,Manufacturer#2,1-URGENT,4,MACHINERY,REG AIR,1,0.08,9,Brand#21,10,WRAP PACK,11,390,31006.341
F,F,COLLECT COD,2,Manufacturer#4,1-URGENT,3,FURNITURE,FOB,2,0.07,9,Brand#43,23,MED BAG,4,1968,75143.7692
F,F,COLLECT COD,1,Manufacturer#1,1-URGENT,1,BUILDING,SHIP,6,0.05,1,Brand#14,3,JUMBO CAN,13,1548,54222.39
F,F,NONE,4,Manufacturer#4,3-MEDIUM,2,BUILDING,TRUCK,2,0.08,20,Brand#43,9,SM BAG,34,1969,51892.6176
F,F,TAKE BACK RETURN,1,Manufacturer#3,1-URGENT,0,AUTOMOBILE,FOB,1,0.07,2,Brand#31,15,LG DRUM,47,1961,4530.988
F,F,TAKE BACK RETURN,2,Manufacturer#1,3-MEDIUM,0,BUILDING,AIR,1,0,8,Brand#12,16,LG DRUM,24,72,70961.708
F,F,COLLECT COD,3,Manufacturer#3,3-MEDIUM,0,BUILDING,MAIL,4,0.02,6,Brand#33,16,WRAP JAR,22,72,14963.076
F,F,DELIVER IN PERSON,3,Manufacturer#5,4-NOT SPECIFIED,4,AUTOMOBILE,MAIL,4,0.01,6,Brand#53,4,JUMBO PKG,33,1970,63571.7376
F,F,TAKE BACK RETURN,2,Manufacturer#1,4-NOT SPECIFIED,0,MACHINERY,AIR,1,0.04,21,Brand#13,0,JUMBO CAN,3,1330,21974.2068
F,F,TAKE BACK RETURN,3,Manufacturer#1,4-NOT SPECIFIED,0,MACHINERY,REG AIR,4,0.05,19,Brand#11,0,WRAP CASE,26,1330,26610.786
F,F,TAKE BACK RETURN,3,Manufacturer#4,1-URGENT,2,AUTOMOBILE,RAIL,3,0.02,23,Brand#43,21,SM DRUM,23,1971,41238.0696
F,F,TAKE BACK RETURN,1,Manufacturer#4,1-URGENT,2,AUTOMOBILE,TRUCK,1,0.03,2,Brand#43,21,JUMBO CASE,39,1971,34731.9126
F,F,TAKE BACK RETURN,1,Manufacturer#3,1-URGENT,2,AUTOMOBILE,RAIL,2,0.05,17,Brand#31,21,MED CASE,16,1971,18638.1195
F,F,DELIVER IN PERSON,0,Manufacturer#4,4-NOT SPECIFIED,4,AUTOMOBILE,FOB,2,0.03,16,Brand#44,13,MED CAN,2,92,72013.04
F,F,COLLECT COD,3,Manufacturer#2,4-NOT SPECIFIED,4,AUTOMOBILE,MAIL,1,0.06,19,Brand#24,13,MED CAN,49,92,2749.2084
F,F,TAKE BACK RETURN,1,Manufacturer#2,4-NOT SPECIFIED,4,AUTOMOBILE,TRUCK,2,0.05,3,Brand#22,4,MED PACK,31,1970,69616.0575
F,F,NONE,2,Manufacturer#2,4-NOT SPECIFIED,4,AUTOMOBILE,RAIL,1,0.01,21,Brand#23,4,JUMBO DRUM,34,1970,14006.0064
F,F,COLLECT COD,3,Manufacturer#3,4-NOT SPECIFIED,4,BUILDING,TRUCK,1,0,22,Brand#35,11,MED DRUM,32,1972,69140.3328
F,F,COLLECT COD,0,Manufacturer#3,3-MEDIUM,4,FURNITURE,AIR,4,0.01,15,Brand#34,11,MED JAR,35,1883,71445.6
F,F,COLLECT COD,0,Manufacturer#2,3-MEDIUM,4,FURNITURE,REG AIR,1,0.07,5,Brand#24,11,MED CASE,36,1883,4858.1736
F,F,NONE,4,Manufacturer#5,3-MEDIUM,4,FURNITURE,FOB,3,0.06,13,Brand#53,11,JUMBO DRUM,23,1883,22567.174
F,F,TAKE BACK RETURN,4,Manufacturer#5,2-HIGH,1,HOUSEHOLD,AIR,4,0.05,11,Brand#51,2,JUMBO CASE,20,1973,15429.9168
F,F,DELIVER IN PERSON,0,Manufacturer#4,2-HIGH,1,HOUSEHOLD,MAIL,2,0.03,15,Brand#43,2,WRAP CAN,8,1973,6261.412
F,F,DELIVER IN PERSON,2,Manufacturer#4,2-HIGH,1,HOUSEHOLD,REG AIR,6,0.02,21,Brand#43,2,SM CASE,1,1973,38558.3148
F,F,NONE,4,Manufacturer#1,2-HIGH,1,HOUSEHOLD,RAIL,5,0.08,13,Brand#14,2,WRAP JAR,41,1973,49279.419
F,F,NONE,0,Manufacturer#2,2-HIGH,1,HOUSEHOLD,AIR,1,0,0,Brand#22,2,MED BAG,10,1973,54733.77
F,F,COLLECT COD,3,Manufacturer#5,2-HIGH,0,BUILDING,TRUCK,5,0.01,7,Brand#52,15,JUMBO CAN,11,1974,45061.7012
F,F,DELIVER IN PERSON,3,Manufacturer#3,2-HIGH,0,BUILDING,REG AIR,3,0.05,22,Brand#32,15,WRAP CASE,5,1974,64172.9295
F,F,TAKE BACK RETURN,0,Manufacturer#2,2-HIGH,0,BUILDING,RAIL,1,0.04,16,Brand#22,15,SM PKG,32,1974,8550.9186
F,F,TAKE BACK RETURN,3,Manufacturer#1,2-HIGH,0,BUILDING,SHIP,4,0.03,7,Brand#11,15,SM BOX,20,1974,28798.9632
F,F,COLLECT COD,4,Manufacturer#1,2-HIGH,0,BUILDING,RAIL,2,0.05,4,Brand#12,15,MED CASE,43,1974,22332.1224
F,F,NONE,1,Manufacturer#3,4-NOT SPECIFIED,4,BUILDING,TRUCK,2,0,17,Brand#31,11,WRAP BOX,6,1972,45064.6515
F,F,TAKE BACK RETURN,2,Manufacturer#5,3-MEDIUM,0,MACHINERY,REG AIR,6,0,9,Brand#54,5,LG PACK,20,1975,15970.3488
F,F,NONE,1,Manufacturer#4,5-LOW,0,MACHINERY,MAIL,2,0,2,Brand#44,5,JUMBO PACK,40,1976,52636.052
F,F,COLLECT COD,4,Manufacturer#1,1-URGENT,4,BUILDING,MAIL,3,0,10,Brand#12,4,LG PACK,45,1977,57637.488
F,F,COLLECT COD,2,Manufacturer#5,1-URGENT,4,BUILDING,AIR,2,0.07,21,Brand#53,4,LG PKG,7,1977,19892.736
F,F,NONE,1,Manufacturer#4,2-HIGH,2,BUILDING,FOB,3,0.08,1,Brand#45,9,SM BOX,38,1978,11762.0316
F,F,NONE,1,Manufacturer#5,2-HIGH,2,BUILDING,FOB,2,0,2,Brand#54,9,SM CASE,10,1978,25621.632
F,F,TAKE BACK RETURN,2,Manufacturer#2,2-HIGH,2,BUILDING,MAIL,1,0,12,Brand#25,9,WRAP JAR,39,1978,21269.265
F,F,NONE,3,Manufacturer#3,2-HIGH,2,BUILDING,AIR,6,0.05,22,Brand#34,9,SM PKG,11,1978,62882.325
F,F,COLLECT COD,4,Manufacturer#3,2-HIGH,3,BUILDING,SHIP,2,0.05,13,Brand#34,19,WRAP CAN,49,521,4142.9376
F,F,COLLECT COD,4,Manufacturer#4,2-HIGH,3,BUILDING,TRUCK,1,0.05,11,Brand#44,19,LG CAN,7,521,79329.279
F,F,DELIVER IN PERSON,4,Manufacturer#1,2-HIGH,1,FURNITURE,FOB,1,0.07,20,Brand#15,2,WRAP CASE,28,1979,77268.725
F,F,NONE,3,Manufacturer#2,5-LOW,0,BUILDING,REG AIR,6,0.05,6,Brand#23,14,JUMBO CAN,40,1980,52912.3188
F,F,TAKE BACK RETURN,1,Manufacturer#4,5-LOW,0,BUILDING,SHIP,4,0.02,3,Brand#45,14,JUMBO DRUM,17,1980,62165.826
F,F,DELIVER IN PERSON,3,Manufacturer#2,5-LOW,0,BUILDING,TRUCK,1,0.03,6,Brand#22,14,MED BOX,21,1980,20691.9
F,F,DELIVER IN PERSON,1,Manufacturer#3,5-LOW,0,BUILDING,REG AIR,5,0.08,1,Brand#33,14,WRAP DRUM,8,1980,71454.0483
F,F,DELIVER IN PERSON,2,Manufacturer#3,1-URGENT,2,MACHINERY,RAIL,3,0.07,8,Brand#32,9,LG DRUM,43,201,12881.1592
F,F,TAKE BACK RETURN,2,Manufacturer#5,1-URGENT,2,MACHINERY,RAIL,1,0.07,18,Brand#55,9,WRAP BOX,42,201,12202.0668
F,F,COLLECT COD,0,Manufacturer#4,5-LOW,1,HOUSEHOLD,SHIP,6,0.02,14,Brand#43,1,SM JAR,46,1981,17341.3548
F,F,COLLECT COD,3,Manufacturer#5,5-LOW,1,HOUSEHOLD,AIR,4,0.06,6,Brand#51,1,WRAP PKG,30,1981,17171.7
F,F,TAKE BACK RETURN,0,Manufacturer#3,5-LOW,1,HOUSEHOLD,SHIP,1,0.04,0,Brand#33,1,LG DRUM,23,1981,41800.4652
F,F,COLLECT COD,2,Manufacturer#1,5-LOW,1,HOUSEHOLD,REG AIR,5,0.04,8,Brand#14,1,SM BOX,27,1981,52129.532
F,F,DELIVER IN PERSON,1,Manufacturer#4,2-HIGH,3,BUILDING,AIR,6,0.04,17,Brand#42,23,SM PKG,29,1982,23781.7034
F,F,TAKE BACK RETURN,4,Manufacturer#1,2-HIGH,3,BUILDING,TRUCK,1,0.08,10,Brand#14,23,WRAP DRUM,27,1982,63722.295
F,F,DELIVER IN PERSON,2,Manufacturer#2,2-HIGH,3,BUILDING,FOB,5,0.07,21,Brand#22,23,LG PKG,18,1982,40116.0228
F,F,COLLECT COD,3,Manufacturer#4,4-NOT SPECIFIED,4,HOUSEHOLD,AIR,1,0.01,7,Brand#42,20,SM CASE,23,1983,72493.9852
F,F,DELIVER IN PERSON,0,Manufacturer#2,3-MEDIUM,3,BUILDING,TRUCK,5,0.04,15,Brand#21,22,SM BOX,33,1984,59600.758
F,F,DELIVER IN PERSON,2,Manufacturer#5,1-URGENT,2,MACHINERY,MAIL,1,0.08,8,Brand#51,9,MED CAN,25,344,70246.692
F,F,TAKE BACK RETURN,1,Manufacturer#5,1-URGENT,2,MACHINERY,TRUCK,2,0,1,Brand#53,9,WRAP DRUM,38,344,35514.2058
F,F,COLLECT COD,4,Manufacturer#2,2-HIGH,4,AUTOMOBILE,FOB,4,0.03,10,Brand#21,10,LG DRUM,1,1985,51866.3268
F,F,NONE,1,Manufacturer#2,2-HIGH,4,AUTOMOBILE,MAIL,1,0.02,24,Brand#24,10,MED CASE,6,1985,5230.7
F,F,DELIVER IN PERSON,3,Manufacturer#1,5-LOW,1,AUTOMOBILE,TRUCK,5,0.07,22,Brand#12,24,JUMBO DRUM,25,1986,50126.3235
F,F,DELIVER IN PERSON,2,Manufacturer#5,5-LOW,1,AUTOMOBILE,FOB,6,0.04,21,Brand#54,24,JUMBO BAG,42,1986,52797.6306
F,F,COLLECT COD,1,Manufacturer#5,5-LOW,1,AUTOMOBILE,REG AIR,3,0.05,1,Brand#53,24,LG BAG,24,1986,55202.118
F,F,DELIVER IN PERSON,0,Manufacturer#3,5-LOW,1,AUTOMOBILE,SHIP,1,0.01,15,Brand#34,24,LG PACK,13,1986,3754.59
F,F,COLLECT COD,1,Manufacturer#5,5-LOW,1,AUTOMOBILE,REG AIR,7,0.05,17,Brand#52,24,WRAP CAN,13,1986,58584.885
F,F,NONE,1,Manufacturer#5,1-URGENT,1,FURNITURE,MAIL,1,0,2,Brand#51,2,LG PKG,24,492,14868.5625
F,F,COLLECT COD,1,Manufacturer#4,3-MEDIUM,4,AUTOMOBILE,RAIL,3,0,24,Brand#44,11,JUMBO BOX,48,1987,17526.93
F,F,TAKE BACK RETURN,1,Manufacturer#3,3-MEDIUM,4,AUTOMOBILE,SHIP,2,0.07,2,Brand#34,11,JUMBO PACK,36,1987,31681.65
F,F,NONE,0,Manufacturer#2,3-MEDIUM,4,AUTOMOBILE,REG AIR,4,0.01,16,Brand#25,11,SM JAR,11,1987,5753.538
F,F,NONE,1,Manufacturer#5,3-MEDIUM,4,AUTOMOBILE,RAIL,1,0.03,17,Brand#55,11,WRAP PACK,44,1987,49662.6624
F,F,TAKE BACK RETURN,1,Manufacturer#5,3-MEDIUM,0,MACHINERY,AIR,7,0.07,17,Brand#54,5,LG BAG,47,1975,61978.176
F,F,DELIVER IN PERSON,0,Manufacturer#1,3-MEDIUM,0,MACHINERY,MAIL,1,0.02,16,Brand#14,5,WRAP BAG,13,1975,48622.672
F,F,DELIVER IN PERSON,0,Manufacturer#5,3-MEDIUM,0,MACHINERY,AIR,4,0.05,14,Brand#52,5,LG DRUM,11,1975,8716.1536
F,F,DELIVER IN PERSON,3,Manufacturer#5,2-HIGH,1,HOUSEHOLD,REG AIR,2,0,6,Brand#52,17,MED BOX,45,1873,28358.33
F,F,TAKE BACK RETURN,1,Manufacturer#3,4-NOT SPECIFIED,1,MACHINERY,FOB,1,0.07,24,Brand#33,17,SM JAR,7,1988,38450.832
F,F,DELIVER IN PERSON,3,Manufacturer#4,4-NOT SPECIFIED,1,MACHINERY,AIR,2,0.02,6,Brand#44,17,WRAP PKG,21,1988,25999.3152
F,F,TAKE BACK RETURN,4,Manufacturer#1,1-URGENT,1,FURNITURE,AIR,3,0.03,20,Brand#13,3,WRAP BAG,14,1989,90244.5
F,F,COLLECT COD,1,Manufacturer#3,5-LOW,3,AUTOMOBILE,MAIL,3,0,24,Brand#34,22,SM DRUM,2,1990,22519.712
F,F,TAKE BACK RETURN,2,Manufacturer#3,5-LOW,3,AUTOMOBILE,REG AIR,6,0.05,18,Brand#33,22,MED JAR,39,1990,84641.36
F,F,TAKE BACK RETURN,2,Manufacturer#3,4-NOT SPECIFIED,4,HOUSEHOLD,SHIP,7,0.08,9,Brand#33,10,MED PACK,15,1991,3475.3839
F,F,NONE,4,Manufacturer#5,4-NOT SPECIFIED,4,HOUSEHOLD,RAIL,3,0,10,Brand#54,10,WRAP DRUM,29,1991,84008.834
F,F,COLLECT COD,4,Manufacturer#5,4-NOT SPECIFIED,4,HOUSEHOLD,SHIP,4,0.03,11,Brand#54,10,SM BAG,5,1991,5787.684
F,F,TAKE BACK RETURN,3,Manufacturer#2,4-NOT SPECIFIED,2,HOUSEHOLD,TRUCK,1,0.07,22,Brand#22,8,WRAP BOX,6,1992,3030.846
F,F,TAKE BACK RETURN,0,Manufacturer#1,4-NOT SPECIFIED,2,HOUSEHOLD,RAIL,2,0.03,5,Brand#15,8,MED BOX,35,1992,17083.0176
F,F,COLLECT COD,4,Manufacturer#1,3-MEDIUM,4,BUILDING,AIR,4,0.01,4,Brand#13,4,SM CAN,19,1993,54584.712
F,F,NONE,3,Manufacturer#2,3-MEDIUM,4,BUILDING,TRUCK,6,0,23,Brand#25,4,JUMBO CASE,37,1993,77085.42
F,F,DELIVER IN PERSON,3,Manufacturer#1,2-HIGH,3,AUTOMOBILE,RAIL,1,0.06,7,Brand#11,23,LG PKG,7,1994,26341.6725
F,F,DELIVER IN PERSON,2,Manufacturer#3,5-LOW,3,MACHINERY,RAIL,1,0.08,9,Brand#33,6,JUMBO JAR,12,1995,52922.925
F,F,DELIVER IN PERSON,3,Manufacturer#4,5-LOW,3,MACHINERY,AIR,2,0.03,19,Brand#45,6,MED JAR,31,1995,17504.4444
F,F,TAKE BACK RETURN,1,Manufacturer#2,2-HIGH,4,HOUSEHOLD,REG AIR,1,0.04,3,Brand#22,20,LG JAR,27,1996,65904.4925
F,F,TAKE BACK RETURN,0,Manufacturer#2,2-HIGH,4,HOUSEHOLD,RAIL,6,0.08,5,Brand#23,20,MED BAG,48,1996,76042.1025
F,F,DELIVER IN PERSON,1,Manufacturer#4,2-HIGH,4,HOUSEHOLD,MAIL,2,0.07,3,Brand#44,20,WRAP PACK,49,1996,60038.1696
F,F,DELIVER IN PERSON,0,Manufacturer#5,2-HIGH,2,FURNITURE,SHIP,3,0.05,16,Brand#54,21,SM BAG,26,1997,31699.296
F,F,TAKE BACK RETURN,3,Manufacturer#3,2-HIGH,2,FURNITURE,AIR,2,0.06,7,Brand#34,21,SM JAR,49,1997,47295.1116
F,F,COLLECT COD,4,Manufacturer#1,2-HIGH,2,FURNITURE,AIR,6,0.05,20,Brand#14,21,WRAP DRUM,3,1997,37916.9154
F,F,DELIVER IN PERSON,3,Manufacturer#1,3-MEDIUM,3,HOUSEHOLD,TRUCK,2,0.06,7,Brand#15,7,LG DRUM,49,1998,42315.0186
F,F,DELIVER IN PERSON,1,Manufacturer#3,3-MEDIUM,3,HOUSEHOLD,FOB,1,0.01,24,Brand#35,7,LG PACK,42,1998,76348.04
F,F,COLLECT COD,4,Manufacturer#5,2-HIGH,1,HOUSEHOLD,SHIP,3,0.05,11,Brand#52,17,JUMBO PKG,12,1873,9291.0015
F,F,DELIVER IN PERSON,0,Manufacturer#5,5-LOW,0,MACHINERY,MAIL,5,0.03,0,Brand#52,16,SM PKG,28,1999,46068.6668
F,F,COLLECT COD,2,Manufacturer#5,5-LOW,0,MACHINERY,REG AIR,1,0.07,18,Brand#51,16,WRAP JAR,17,1999,4347.184
F,F,COLLECT COD,4,Manufacturer#5,5-LOW,0,MACHINERY,AIR,2,0.06,4,Brand#52,16,WRAP JAR,37,1999,24747.45
F,F,DELIVER IN PERSON,2,Manufacturer#5,5-LOW,0,MACHINERY,TRUCK,7,0.05,8,Brand#55,16,JUMBO PKG,15,1999,25598.3
F,F,TAKE BACK RETURN,0,Manufacturer#3,5-LOW,3,AUTOMOBILE,AIR,4,0.08,14,Brand#31,6,LG PACK,28,165,2328.9948
F,F,NONE,0,Manufacturer#2,5-LOW,3,AUTOMOBILE,TRUCK,2,0.02,14,Brand#25,6,MED CAN,4,165,1463.2416
F,F,NONE,0,Manufacturer#2,3-MEDIUM,3,MACHINERY,AIR,2,0.03,14,Brand#24,19,MED DRUM,14,1532,30581.7255
F,F,COLLECT COD,2,Manufacturer#4,3-MEDIUM,3,MACHINERY,SHIP,6,0.06,18,Brand#45,7,LG DRUM,26,2000,54986.3424
F,F,TAKE BACK RETURN,1,Manufacturer#1,3-MEDIUM,3,MACHINERY,SHIP,4,0.03,2,Brand#11,7,SM DRUM,31,2000,22303.008
F,F,TAKE BACK RETURN,2,Manufacturer#3,3-MEDIUM,3,MACHINERY,TRUCK,5,0.05,8,Brand#31,7,JUMBO BAG,6,2000,46113.0363
F,F,NONE,4,Manufacturer#4,1-URGENT,3,AUTOMOBILE,AIR,2,0.03,20,Brand#45,7,JUMBO PKG,44,2001,14377.1136
F,F,COLLECT COD,1,Manufacturer#1,5-LOW,1,MACHINERY,SHIP,1,0.04,24,Brand#12,2,LG DRUM,35,2002,51873.336
F,F,DELIVER IN PERSON,2,Manufacturer#1,3-MEDIUM,4,MACHINERY,SHIP,1,0,8,Brand#15,10,LG JAR,9,1129,26283.0744
F,F,DELIVER IN PERSON,3,Manufacturer#4,3-MEDIUM,3,BUILDING,REG AIR,4,0.01,22,Brand#43,23,JUMBO BOX,42,2003,18188.478
F,F,TAKE BACK RETURN,3,Manufacturer#4,3-MEDIUM,3,BUILDING,SHIP,2,0.04,19,Brand#44,23,JUMBO DRUM,26,2003,46582.9728
F,F,NONE,1,Manufacturer#5,3-MEDIUM,3,BUILDING,REG AIR,5,0.02,2,Brand#52,23,LG BOX,35,2003,5441.1376
F,F,NONE,2,Manufacturer#2,1-URGENT,2,MACHINERY,REG AIR,3,0.03,8,Brand#23,8,JUMBO CASE,12,421,23680.2888
F,F,DELIVER IN PERSON,4,Manufacturer#4,4-NOT SPECIFIED,3,AUTOMOBILE,MAIL,1,0.06,20,Brand#42,22,WRAP PACK,6,2004,47854.92
F,F,TAKE BACK RETURN,1,Manufacturer#1,4-NOT SPECIFIED,3,AUTOMOBILE,FOB,4,0.03,17,Brand#14,22,LG PACK,26,2004,44371.4404
F,F,TAKE BACK RETURN,0,Manufacturer#3,4-NOT SPECIFIED,3,AUTOMOBILE,RAIL,5,0.02,0,Brand#35,22,SM CAN,39,2004,52863.3413
F,F,TAKE BACK RETURN,0,Manufacturer#5,4-NOT SPECIFIED,1,AUTOMOBILE,REG AIR,2,0.01,16,Brand#51,3,MED PACK,22,2005,31674.5972
F,F,COLLECT COD,0,Manufacturer#4,1-URGENT,0,BUILDING,SHIP,1,0.01,14,Brand#42,15,JUMBO BOX,26,2006,29570.6768
F,F,NONE,2,Manufacturer#2,1-URGENT,0,BUILDING,FOB,4,0.06,18,Brand#21,15,SM CASE,13,2006,44278.851
F,F,TAKE BACK RETURN,2,Manufacturer#3,1-URGENT,0,BUILDING,MAIL,6,0.08,9,Brand#33,15,SM PKG,48,2006,8292.402
F,F,DELIVER IN PERSON,2,Manufacturer#3,3-MEDIUM,3,AUTOMOBILE,TRUCK,3,0.03,12,Brand#31,6,LG BOX,21,1014,26885.2584
F,F,COLLECT COD,2,Manufacturer#1,4-NOT SPECIFIED,4,FURNITURE,FOB,1,0.05,18,Brand#12,13,JUMBO BAG,46,2007,41484.9204
F,F,DELIVER IN PERSON,3,Manufacturer#4,1-URGENT,2,MACHINERY,RAIL,5,0.05,6,Brand#45,8,LG PKG,38,421,33741.9544
F,F,NONE,4,Manufacturer#4,2-HIGH,0,MACHINERY,REG AIR,1,0.07,20,Brand#43,16,SM BAG,7,1999,54324.0156
F,F,COLLECT COD,3,Manufacturer#4,1-URGENT,0,MACHINERY,AIR,1,0.01,22,Brand#45,14,LG PACK,41,2008,57039.45
F,F,NONE,4,Manufacturer#4,1-URGENT,0,MACHINERY,TRUCK,2,0.03,10,Brand#42,14,SM JAR,49,2008,34548.525
F,F,COLLECT COD,3,Manufacturer#1,1-URGENT,0,MACHINERY,TRUCK,7,0.05,6,Brand#13,14,JUMBO JAR,8,2008,36888.8338
F,F,NONE,0,Manufacturer#2,1-URGENT,0,MACHINERY,REG AIR,5,0.07,0,Brand#25,14,MED BOX,42,2008,35422.7328
F,F,TAKE BACK RETURN,4,Manufacturer#2,4-NOT SPECIFIED,0,FURNITURE,TRUCK,1,0.03,10,Brand#24,15,LG PACK,22,2009,3141.2528
F,F,DELIVER IN PERSON,2,Manufacturer#2,2-HIGH,2,HOUSEHOLD,REG AIR,1,0.02,8,Brand#24,12,MED PACK,20,2010,24251.358
F,F,DELIVER IN PERSON,4,Manufacturer#5,5-LOW,0,BUILDING,RAIL,2,0,11,Brand#55,15,WRAP PACK,36,2011,13884.516
F,F,COLLECT COD,1,Manufacturer#1,5-LOW,0,BUILDING,SHIP,3,0.02,2,Brand#13,15,LG CASE,4,2011,2187.3216
F,F,DELIVER IN PERSON,0,Manufacturer#5,5-LOW,0,BUILDING,RAIL,1,0.07,0,Brand#51,15,LG PACK,40,2011,44092.032
F,F,NONE,2,Manufacturer#1,3-MEDIUM,4,HOUSEHOLD,REG AIR,5,0.06,9,Brand#11,11,MED DRUM,17,2012,13668.714
F,F,NONE,3,Manufacturer#4,3-MEDIUM,4,HOUSEHOLD,TRUCK,2,0.03,23,Brand#42,11,JUMBO BAG,18,2012,25878.2
F,F,TAKE BACK RETURN,0,Manufacturer#1,3-MEDIUM,4,HOUSEHOLD,TRUCK,7,0.02,15,Brand#11,11,MED PACK,16,2012,44045.3022
F,F,NONE,0,Manufacturer#3,3-MEDIUM,4,HOUSEHOLD,FOB,6,0.04,0,Brand#31,11,WRAP PKG,35,2012,54187.056
F,F,COLLECT COD,3,Manufacturer#2,3-MEDIUM,4,HOUSEHOLD,TRUCK,1,0.05,23,Brand#22,11,JUMBO PKG,49,2012,77565.285
F,F,TAKE BACK RETURN,1,Manufacturer#3,2-HIGH,4,AUTOMOBILE,RAIL,1,0.03,17,Brand#34,11,SM BAG,28,2013,25114.068
F,F,COLLECT COD,0,Manufacturer#4,2-HIGH,4,AUTOMOBILE,SHIP,2,0.08,14,Brand#42,11,MED JAR,28,2013,33483.0672
F,F,NONE,2,Manufacturer#4,5-LOW,3,FURNITURE,SHIP,2,0,8,Brand#42,19,MED BAG,16,2014,37791.84
F,F,TAKE BACK RETURN,4,Manufacturer#1,5-LOW,3,FURNITURE,FOB,3,0.08,11,Brand#13,19,LG CASE,3,2014,68993.199
F,F,DELIVER IN PERSON,0,Manufacturer#1,3-MEDIUM,0,FURNITURE,RAIL,4,0.08,14,Brand#12,15,LG CASE,5,2015,12562.9608
F,F,NONE,2,Manufacturer#1,3-MEDIUM,0,FURNITURE,AIR,1,0.07,8,Brand#14,15,SM BAG,14,2015,14371.524
F,F,DELIVER IN PERSON,0,Manufacturer#1,4-NOT SPECIFIED,4,AUTOMOBILE,TRUCK,6,0.06,5,Brand#12,20,SM PACK,48,2016,56203.0392
F,F,COLLECT COD,0,Manufacturer#2,4-NOT SPECIFIED,4,AUTOMOBILE,SHIP,1,0.02,5,Brand#21,20,MED BOX,23,2016,60961.726
F,F,DELIVER IN PERSON,4,Manufacturer#4,4-NOT SPECIFIED,4,AUTOMOBILE,FOB,3,0,11,Brand#43,20,WRAP BAG,20,2016,51153.2178
F,F,NONE,1,Manufacturer#5,5-LOW,1,BUILDING,RAIL,1,0.08,24,Brand#55,3,LG CASE,14,2017,26743.08
F,F,COLLECT COD,4,Manufacturer#5,1-URGENT,2,AUTOMOBILE,RAIL,4,0.03,10,Brand#53,18,LG CAN,25,1018,35678.28
F,F,COLLECT COD,4,Manufacturer#1,3-MEDIUM,3,HOUSEHOLD,SHIP,5,0,11,Brand#14,6,WRAP CASE,35,2018,73465.623
F,F,NONE,1,Manufacturer#5,3-MEDIUM,1,AUTOMOBILE,MAIL,4,0.04,24,Brand#54,2,WRAP CASE,7,2019,15231.216
F,F,DELIVER IN PERSON,0,Manufacturer#1,3-MEDIUM,1,AUTOMOBILE,TRUCK,2,0.05,15,Brand#15,2,WRAP JAR,24,2019,48981.4871
F,F,COLLECT COD,3,Manufacturer#3,3-MEDIUM,1,AUTOMOBILE,FOB,1,0.02,19,Brand#31,2,SM BAG,49,2019,68868.2358
F,F,COLLECT COD,3,Manufacturer#1,4-NOT SPECIFIED,1,BUILDING,AIR,6,0.08,7,Brand#13,1,SM BAG,15,2020,49908.4222
F,F,TAKE BACK RETURN,1,Manufacturer#1,4-NOT SPECIFIED,1,BUILDING,REG AIR,5,0.01,2,Brand#12,1,WRAP CASE,25,2020,8654.58
F,F,DELIVER IN PERSON,4,Manufacturer#5,4-NOT SPECIFIED,1,BUILDING,TRUCK,3,0.03,13,Brand#53,1,JUMBO BAG,32,2020,31842.72
F,F,COLLECT COD,0,Manufacturer#3,4-NOT SPECIFIED,1,BUILDING,REG AIR,1,0,15,Brand#33,1,MED CAN,22,2020,77875.68
F,F,DELIVER IN PERSON,4,Manufacturer#4,4-NOT SPECIFIED,3,AUTOMOBILE,SHIP,3,0.08,20,Brand#42,7,MED PACK,34,1569,19998.5368
F,F,NONE,3,Manufacturer#2,4-NOT SPECIFIED,3,AUTOMOBILE,RAIL,4,0.03,22,Brand#24,7,WRAP CASE,18,1569,57865.9752
F,F,COLLECT COD,3,Manufacturer#2,4-NOT SPECIFIED,1,AUTOMOBILE,FOB,5,0.06,22,Brand#23,17,JUMBO JAR,37,2021,7243.766
F,F,COLLECT COD,1,Manufacturer#4,4-NOT SPECIFIED,1,AUTOMOBILE,TRUCK,6,0.08,24,Brand#43,17,WRAP PKG,8,2021,51192.48
F,F,TAKE BACK RETURN,1,Manufacturer#4,4-NOT SPECIFIED,1,AUTOMOBILE,TRUCK,2,0.03,2,Brand#45,17,MED CAN,7,2021,46013.8124
F,F,NONE,3,Manufacturer#3,4-NOT SPECIFIED,1,AUTOMOBILE,REG AIR,1,0.06,22,Brand#34,17,WRAP PACK,10,2021,43861.9644
F,F,DELIVER IN PERSON,2,Manufacturer#1,4-NOT SPECIFIED,1,AUTOMOBILE,FOB,7,0.07,8,Brand#13,17,JUMBO JAR,50,2021,74430.24
F,F,DELIVER IN PERSON,4,Manufacturer#2,5-LOW,4,MACHINERY,RAIL,1,0,4,Brand#24,10,SM BAG,36,2022,21569.142
F,F,TAKE BACK RETURN,1,Manufacturer#2,1-URGENT,0,AUTOMOBILE,FOB,4,0.04,1,Brand#23,16,JUMBO BOX,25,2023,41233.5
F,F,TAKE BACK RETURN,2,Manufacturer#5,1-URGENT,0,AUTOMOBILE,AIR,3,0.03,18,Brand#51,16,MED CAN,41,2023,42166.2878
F,F,DELIVER IN PERSON,4,Manufacturer#5,1-URGENT,0,AUTOMOBILE,REG AIR,2,0.03,11,Brand#52,16,WRAP BOX,1,2023,24466.25
F,F,COLLECT COD,3,Manufacturer#1,1-URGENT,0,AUTOMOBILE,AIR,5,0.01,23,Brand#11,16,WRAP PACK,23,2023,13079.17
F,F,COLLECT COD,0,Manufacturer#5,4-NOT SPECIFIED,3,BUILDING,SHIP,1,0.02,14,Brand#55,22,MED BAG,25,2024,67568.75
F,F,TAKE BACK RETURN,3,Manufacturer#4,3-MEDIUM,4,FURNITURE,REG AIR,2,0.01,6,Brand#43,13,WRAP CAN,21,2025,16504.92
F,F,TAKE BACK RETURN,4,Manufacturer#3,5-LOW,4,AUTOMOBILE,TRUCK,2,0,10,Brand#35,20,WRAP PKG,29,2026,32517.772
F,F,COLLECT COD,4,Manufacturer#4,5-LOW,4,AUTOMOBILE,FOB,3,0.08,11,Brand#45,20,MED JAR,36,2026,10332.9792
F,F,COLLECT COD,3,Manufacturer#1,3-MEDIUM,3,FURNITURE,FOB,2,0.03,7,Brand#14,22,WRAP BAG,45,2027,7821.6138
F,F,NONE,1,Manufacturer#2,3-MEDIUM,3,FURNITURE,RAIL,1,0.08,24,Brand#24,22,SM CASE,3,2027,45847.6902
F,F,NONE,2,Manufacturer#2,3-MEDIUM,3,FURNITURE,TRUCK,3,0.06,18,Brand#25,22,MED PACK,10,2027,76131.765
F,F,DELIVER IN PERSON,4,Manufacturer#4,3-MEDIUM,3,FURNITURE,FOB,6,0.04,11,Brand#42,22,MED CASE,16,2027,16250.2704
F,F,TAKE BACK RETURN,1,Manufacturer#2,3-MEDIUM,3,FURNITURE,AIR,5,0.04,17,Brand#22,22,JUMBO CASE,4,2027,4004.36
F,F,DELIVER IN PERSON,1,Manufacturer#5,4-NOT SPECIFIED,2,HOUSEHOLD,RAIL,4,0.04,24,Brand#54,18,WRAP DRUM,34,2028,85277.28
F,F,TAKE BACK RETURN,2,Manufacturer#3,4-NOT SPECIFIED,2,HOUSEHOLD,RAIL,5,0.05,18,Brand#32,18,LG JAR,42,2028,21104.8704
F,F,DELIVER IN PERSON,4,Manufacturer#5,4-NOT SPECIFIED,2,HOUSEHOLD,REG AIR,1,0.03,10,Brand#53,18,MED BAG,31,2028,41262.1272
F,F,NONE,4,Manufacturer#1,4-NOT SPECIFIED,2,HOUSEHOLD,REG AIR,2,0.04,20,Brand#14,18,SM BAG,17,2028,38711.2704
F,F,TAKE BACK RETURN,0,Manufacturer#4,4-NOT SPECIFIED,3,MACHINERY,SHIP,3,0.04,14,Brand#42,7,WRAP PKG,38,2029,48652.8576
F,F,NONE,1,Manufacturer#1,4-NOT SPECIFIED,3,MACHINERY,SHIP,2,0.05,3,Brand#14,7,SM BAG,12,2029,52045.9576
F,F,TAKE BACK RETURN,1,Manufacturer#5,4-NOT SPECIFIED,3,MACHINERY,FOB,1,0.02,24,Brand#54,7,LG PKG,8,2029,49009.6236
F,F,DELIVER IN PERSON,4,Manufacturer#4,4-NOT SPECIFIED,2,HOUSEHOLD,AIR,1,0.05,20,Brand#43,21,WRAP JAR,31,2030,22899.9264
F,F,NONE,0,Manufacturer#4,3-MEDIUM,3,HOUSEHOLD,TRUCK,4,0.06,16,Brand#41,6,SM DRUM,3,2018,12808.6596
F,F,DELIVER IN PERSON,4,Manufacturer#2,3-MEDIUM,3,HOUSEHOLD,TRUCK,2,0.07,4,Brand#21,6,MED CAN,5,2018,4535.796
F,F,DELIVER IN PERSON,1,Manufacturer#4,3-MEDIUM,3,FURNITURE,SHIP,2,0.06,2,Brand#41,7,MED BAG,33,2031,32416.9344
F,F,TAKE BACK RETURN,0,Manufacturer#1,3-MEDIUM,3,FURNITURE,FOB,1,0.02,14,Brand#11,7,JUMBO DRUM,6,2031,21499.9714
F,F,NONE,2,Manufacturer#1,4-NOT SPECIFIED,0,AUTOMOBILE,REG AIR,2,0.05,12,Brand#12,0,LG BOX,34,2032,72119.3836
F,F,DELIVER IN PERSON,0,Manufacturer#5,4-NOT SPECIFIED,0,AUTOMOBILE,REG AIR,1,0.02,16,Brand#53,0,WRAP BOX,45,2032,28712.9808
F,F,COLLECT COD,1,Manufacturer#3,4-NOT SPECIFIED,0,AUTOMOBILE,REG AIR,3,0.04,2,Brand#31,0,SM DRUM,3,2032,19413.0174
F,F,DELIVER IN PERSON,3,Manufacturer#2,3-MEDIUM,0,BUILDING,TRUCK,1,0.06,7,Brand#21,14,WRAP DRUM,16,283,26460.6616
F,F,COLLECT COD,3,Manufacturer#1,1-URGENT,1,AUTOMOBILE,FOB,1,0.08,6,Brand#13,24,SM CAN,22,634,46558.16
F,F,NONE,0,Manufacturer#3,5-LOW,0,AUTOMOBILE,FOB,1,0.04,15,Brand#32,15,MED JAR,4,6,31468.5756
F,F,DELIVER IN PERSON,3,Manufacturer#3,5-LOW,0,AUTOMOBILE,REG AIR,3,0.01,19,Brand#32,15,LG CAN,35,6,8728.4582
F,F,COLLECT COD,4,Manufacturer#4,5-LOW,0,AUTOMOBILE,RAIL,5,0.06,10,Brand#43,15,MED CAN,4,6,45754.0083
F,F,COLLECT COD,0,Manufacturer#1,1-URGENT,0,FURNITURE,SHIP,1,0.03,14,Brand#14,5,SM JAR,13,2033,30383.262
F,F,TAKE BACK RETURN,1,Manufacturer#1,2-HIGH,4,BUILDING,REG AIR,1,0.06,3,Brand#13,11,WRAP CASE,41,1,40625.145
F,F,COLLECT COD,4,Manufacturer#4,1-URGENT,3,BUILDING,TRUCK,4,0.03,11,Brand#43,22,JUMBO CASE,12,2034,39494.91
F,F,NONE,2,Manufacturer#2,1-URGENT,2,FURNITURE,SHIP,1,0.04,12,Brand#21,12,WRAP CASE,11,2035,1162.135
F,F,NONE,0,Manufacturer#2,2-HIGH,2,BUILDING,MAIL,5,0.08,16,Brand#21,8,WRAP PKG,48,2036,25088.427
F,F,TAKE BACK RETURN,0,Manufacturer#5,2-HIGH,2,BUILDING,REG AIR,4,0.03,14,Brand#54,8,JUMBO PKG,25,2036,9367.4672
F,F,DELIVER IN PERSON,1,Manufacturer#5,2-HIGH,0,MACHINERY,SHIP,2,0.04,3,Brand#52,5,JUMBO CAN,38,870,61196.967
F,F,DELIVER IN PERSON,1,Manufacturer#4,3-MEDIUM,1,MACHINERY,TRUCK,4,0.05,17,Brand#42,24,LG PKG,46,94,10569.1392
F,F,TAKE BACK RETURN,3,Manufacturer#1,3-MEDIUM,1,MACHINERY,AIR,3,0.04,7,Brand#15,24,MED BAG,28,94,79810.5168
F,F,NONE,1,Manufacturer#5,3-MEDIUM,1,MACHINERY,SHIP,1,0.03,24,Brand#51,24,MED CAN,33,94,46984.2282
F,F,TAKE BACK RETURN,0,Manufacturer#4,4-NOT SPECIFIED,3,FURNITURE,TRUCK,1,0.04,5,Brand#44,6,SM PKG,11,2037,26954.3424
F,F,COLLECT COD,1,Manufacturer#2,4-NOT SPECIFIED,3,FURNITURE,REG AIR,3,0.08,3,Brand#25,6,SM BAG,24,2037,44377.4604
F,F,NONE,0,Manufacturer#1,4-NOT SPECIFIED,3,FURNITURE,FOB,4,0.05,0,Brand#14,6,JUMBO BOX,12,2037,41398.1264
F,F,TAKE BACK RETURN,1,Manufacturer#4,4-NOT SPECIFIED,3,FURNITURE,REG AIR,5,0.07,17,Brand#44,6,JUMBO JAR,23,2037,6792.7944
F,F,DELIVER IN PERSON,1,Manufacturer#1,2-HIGH,0,AUTOMOBILE,REG AIR,2,0.08,24,Brand#15,14,SM CAN,35,2038,44162.8152
F,F,DELIVER IN PERSON,4,Manufacturer#1,3-MEDIUM,1,AUTOMOBILE,REG AIR,5,0.06,4,Brand#14,1,LG BOX,33,2039,33688.48
F,F,COLLECT COD,2,Manufacturer#3,3-MEDIUM,1,AUTOMOBILE,RAIL,6,0.02,9,Brand#35,1,SM CAN,41,2039,46955.5272
F,F,NONE,2,Manufacturer#4,3-MEDIUM,1,AUTOMOBILE,RAIL,3,0.02,8,Brand#43,1,JUMBO PKG,50,2039,39017.1276
F,F,COLLECT COD,1,Manufacturer#1,2-HIGH,3,HOUSEHOLD,MAIL,3,0.08,2,Brand#12,19,JUMBO DRUM,24,2040,43137.36
F,F,TAKE BACK RETURN,0,Manufacturer#1,2-HIGH,3,HOUSEHOLD,FOB,1,0,5,Brand#11,19,SM JAR,25,2040,1712.79
F,F,COLLECT COD,4,Manufacturer#2,2-HIGH,0,MACHINERY,AIR,1,0.08,4,Brand#21,5,SM CAN,12,870,51257.7828
F,F,COLLECT COD,0,Manufacturer#3,2-HIGH,0,MACHINERY,MAIL,3,0.05,16,Brand#34,5,LG JAR,22,870,20016.5999
F,F,TAKE BACK RETURN,4,Manufacturer#1,2-HIGH,2,BUILDING,AIR,1,0.08,4,Brand#15,9,WRAP PKG,28,1969,20810.0872
F,F,NONE,1,Manufacturer#2,3-MEDIUM,3,MACHINERY,TRUCK,4,0.04,24,Brand#25,23,MED PACK,17,2041,33005.7
F,F,NONE,4,Manufacturer#5,5-LOW,2,FURNITURE,RAIL,4,0.06,13,Brand#51,8,WRAP BOX,26,2042,9089.1801
F,F,COLLECT COD,0,Manufacturer#1,5-LOW,2,FURNITURE,MAIL,3,0.04,16,Brand#14,8,SM PACK,33,2042,55469.146
F,F,NONE,0,Manufacturer#1,1-URGENT,2,FURNITURE,REG AIR,5,0.03,14,Brand#13,9,WRAP BAG,27,299,38771.172
F,F,TAKE BACK RETURN,0,Manufacturer#4,1-URGENT,2,FURNITURE,AIR,3,0.06,16,Brand#42,9,JUMBO JAR,17,299,48848.184
F,F,COLLECT COD,4,Manufacturer#5,1-URGENT,2,FURNITURE,FOB,2,0.01,20,Brand#55,9,JUMBO BAG,17,299,25340.007
F,F,NONE,0,Manufacturer#4,1-URGENT,2,FURNITURE,RAIL,4,0.06,16,Brand#42,9,LG JAR,4,299,21172.5
F,F,DELIVER IN PERSON,4,Manufacturer#2,5-LOW,3,MACHINERY,SHIP,5,0,20,Brand#21,23,LG BOX,3,1691,33598.0008
F,F,NONE,4,Manufacturer#1,5-LOW,3,MACHINERY,MAIL,3,0.05,4,Brand#15,23,WRAP PKG,45,1691,59557.1328
F,F,TAKE BACK RETURN,3,Manufacturer#4,5-LOW,3,MACHINERY,TRUCK,6,0,6,Brand#42,23,WRAP CASE,29,1691,9802.86
F,F,DELIVER IN PERSON,2,Manufacturer#4,5-LOW,3,MACHINERY,REG AIR,2,0.04,12,Brand#44,23,SM CAN,22,1691,28583.2288
F,F,DELIVER IN PERSON,1,Manufacturer#1,1-URGENT,4,BUILDING,TRUCK,5,0.02,17,Brand#14,4,LG JAR,44,2043,50848.6524
F,F,TAKE BACK RETURN,2,Manufacturer#2,1-URGENT,4,BUILDING,TRUCK,7,0.05,8,Brand#25,4,WRAP BOX,14,2043,14315.2212
F,F,DELIVER IN PERSON,0,Manufacturer#3,1-URGENT,4,BUILDING,MAIL,4,0.04,16,Brand#32,4,JUMBO PACK,23,2043,8442.27
F,F,NONE,2,Manufacturer#2,1-URGENT,4,BUILDING,AIR,6,0.08,18,Brand#23,4,JUMBO JAR,42,2043,58136.3805
F,F,TAKE BACK RETURN,2,Manufacturer#2,5-LOW,2,AUTOMOBILE,RAIL,3,0.04,9,Brand#22,18,WRAP CASE,26,477,31712.9904
F,F,TAKE BACK RETURN,2,Manufacturer#5,3-MEDIUM,3,BUILDING,MAIL,1,0.06,8,Brand#51,22,JUMBO BOX,24,487,28748.1744
F,F,TAKE BACK RETURN,1,Manufacturer#1,3-MEDIUM,3,BUILDING,REG AIR,4,0.08,24,Brand#11,22,MED DRUM,43,487,10820.1312
F,F,TAKE BACK RETURN,4,Manufacturer#1,3-MEDIUM,3,BUILDING,TRUCK,3,0,10,Brand#12,22,JUMBO JAR,35,487,29301.0325
F,F,TAKE BACK RETURN,4,Manufacturer#5,3-MEDIUM,3,BUILDING,TRUCK,2,0.07,20,Brand#52,22,WRAP CAN,8,487,52948.896
F,F,DELIVER IN PERSON,0,Manufacturer#5,3-MEDIUM,3,MACHINERY,TRUCK,2,0.04,5,Brand#55,23,SM BOX,28,2041,30797.727
F,F,COLLECT COD,0,Manufacturer#4,3-MEDIUM,3,MACHINERY,REG AIR,1,0.04,16,Brand#45,23,SM CASE,24,2041,12178.188
F,F,NONE,0,Manufacturer#5,3-MEDIUM,4,MACHINERY,FOB,2,0,16,Brand#55,4,JUMBO DRUM,44,1814,56306.0225
F,F,COLLECT COD,2,Manufacturer#4,3-MEDIUM,3,AUTOMOBILE,MAIL,2,0.01,12,Brand#41,19,LG PACK,7,2044,69121.5792
F,F,COLLECT COD,2,Manufacturer#1,3-MEDIUM,4,MACHINERY,SHIP,3,0.01,18,Brand#12,20,JUMBO BAG,20,2045,64007.664
F,F,DELIVER IN PERSON,3,Manufacturer#4,3-MEDIUM,4,MACHINERY,MAIL,2,0.05,6,Brand#43,20,MED BOX,47,2045,53901.3965
F,F,NONE,3,Manufacturer#3,2-HIGH,3,BUILDING,FOB,2,0.02,7,Brand#31,6,LG PACK,47,2046,45384.8928
F,F,COLLECT COD,4,Manufacturer#4,4-NOT SPECIFIED,1,HOUSEHOLD,REG AIR,2,0.03,13,Brand#41,24,MED BOX,45,2047,46410.72
F,F,TAKE BACK RETURN,2,Manufacturer#1,4-NOT SPECIFIED,1,HOUSEHOLD,FOB,1,0.01,21,Brand#11,24,WRAP DRUM,7,2047,18862.3344
F,F,NONE,4,Manufacturer#1,2-HIGH,3,BUILDING,MAIL,7,0.03,20,Brand#11,6,MED PKG,36,2046,9987.6504
F,F,NONE,2,Manufacturer#4,2-HIGH,3,BUILDING,TRUCK,6,0,12,Brand#42,6,WRAP CAN,10,2046,48503.88
F,F,NONE,2,Manufacturer#5,4-NOT SPECIFIED,4,MACHINERY,REG AIR,1,0.03,9,Brand#53,11,WRAP PACK,1,786,35761.044
F,F,DELIVER IN PERSON,4,Manufacturer#1,1-URGENT,1,FURNITURE,MAIL,2,0.07,10,Brand#11,2,JUMBO BAG,25,2048,26795.32
F,F,TAKE BACK RETURN,1,Manufacturer#2,5-LOW,4,FURNITURE,REG AIR,1,0.07,17,Brand#24,20,LG JAR,33,2049,48169.75
F,F,DELIVER IN PERSON,2,Manufacturer#2,5-LOW,4,FURNITURE,TRUCK,3,0.01,21,Brand#24,20,JUMBO BAG,7,2049,47035.9936
F,F,DELIVER IN PERSON,1,Manufacturer#3,2-HIGH,0,MACHINERY,REG AIR,1,0.08,24,Brand#32,16,JUMBO CAN,20,2050,18785.8944
F,F,TAKE BACK RETURN,2,Manufacturer#1,2-HIGH,0,MACHINERY,FOB,1,0,9,Brand#11,0,SM PACK,18,198,51687.2448
F,F,DELIVER IN PERSON,0,Manufacturer#4,2-HIGH,0,MACHINERY,SHIP,2,0.08,16,Brand#41,0,SM CAN,35,198,73230.804
F,F,TAKE BACK RETURN,3,Manufacturer#4,2-HIGH,0,BUILDING,MAIL,4,0,23,Brand#42,5,WRAP CASE,37,2051,18365.1104
F,F,NONE,0,Manufacturer#1,2-HIGH,0,BUILDING,MAIL,5,0,0,Brand#11,5,LG JAR,47,2051,18721.5952
F,F,NONE,0,Manufacturer#4,2-HIGH,0,BUILDING,TRUCK,2,0,16,Brand#44,5,SM BOX,10,2051,5492.14
F,F,COLLECT COD,3,Manufacturer#2,2-HIGH,0,BUILDING,FOB,1,0.05,19,Brand#21,5,LG CAN,13,2051,20415.672
F,F,COLLECT COD,0,Manufacturer#3,2-HIGH,0,MACHINERY,TRUCK,2,0.06,0,Brand#33,16,WRAP CASE,13,2050,46819.238
F,F,TAKE BACK RETURN,1,Manufacturer#2,2-HIGH,0,MACHINERY,TRUCK,3,0.02,1,Brand#24,16,LG CAN,29,2050,10909.2032
F,F,COLLECT COD,1,Manufacturer#1,2-HIGH,2,AUTOMOBILE,TRUCK,3,0.07,24,Brand#11,9,MED PACK,1,2052,4199.646
F,F,NONE,0,Manufacturer#1,2-HIGH,3,MACHINERY,REG AIR,2,0.07,0,Brand#13,22,LG JAR,14,2053,75531.6576
F,F,NONE,0,Manufacturer#5,2-HIGH,2,BUILDING,RAIL,2,0.01,14,Brand#52,9,SM CAN,23,2054,44651.88
F,F,DELIVER IN PERSON,0,Manufacturer#1,2-HIGH,2,BUILDING,SHIP,1,0.02,16,Brand#14,9,SM BOX,32,2054,26875.31
F,F,DELIVER IN PERSON,3,Manufacturer#3,3-MEDIUM,1,FURNITURE,RAIL,6,0,23,Brand#34,24,SM DRUM,37,2055,37204.0362
F,F,DELIVER IN PERSON,4,Manufacturer#5,1-URGENT,1,BUILDING,RAIL,1,0.03,10,Brand#53,1,LG BAG,15,2056,29522.2
F,F,COLLECT COD,2,Manufacturer#4,3-MEDIUM,4,AUTOMOBILE,SHIP,1,0.03,12,Brand#43,10,SM PACK,23,2057,26658.1952
F,F,DELIVER IN PERSON,1,Manufacturer#4,2-HIGH,3,HOUSEHOLD,AIR,1,0.06,17,Brand#42,22,MED DRUM,43,2058,3519.0339
F,F,DELIVER IN PERSON,2,Manufacturer#5,3-MEDIUM,1,MACHINERY,TRUCK,2,0.01,8,Brand#55,3,MED BAG,25,2059,54922.725
F,F,TAKE BACK RETURN,3,Manufacturer#4,3-MEDIUM,1,MACHINERY,REG AIR,5,0.08,23,Brand#45,3,SM JAR,13,2059,8818.1912
F,F,DELIVER IN PERSON,1,Manufacturer#3,4-NOT SPECIFIED,4,MACHINERY,FOB,1,0.05,1,Brand#32,20,SM PACK,13,2060,40272.1536
F,F,TAKE BACK RETURN,0,Manufacturer#4,4-NOT SPECIFIED,4,MACHINERY,FOB,3,0.03,5,Brand#42,20,WRAP BAG,13,2060,52067.904
F,F,COLLECT COD,2,Manufacturer#1,3-MEDIUM,0,HOUSEHOLD,SHIP,2,0,18,Brand#15,14,SM DRUM,47,2061,33978.906
F,F,NONE,0,Manufacturer#2,3-MEDIUM,0,HOUSEHOLD,AIR,1,0.02,14,Brand#21,14,WRAP DRUM,49,2061,38690.1333
F,F,COLLECT COD,3,Manufacturer#1,3-MEDIUM,0,HOUSEHOLD,FOB,3,0.03,6,Brand#14,14,LG BAG,45,2061,39001.11
F,F,COLLECT COD,4,Manufacturer#5,2-HIGH,0,MACHINERY,FOB,1,0.08,20,Brand#51,5,SM CASE,11,2062,56892.9592
F,F,COLLECT COD,2,Manufacturer#5,3-MEDIUM,1,FURNITURE,FOB,1,0.03,12,Brand#54,24,SM PKG,44,2055,26772.096
F,F,COLLECT COD,2,Manufacturer#1,4-NOT SPECIFIED,2,FURNITURE,TRUCK,4,0.01,9,Brand#12,8,SM CAN,42,2063,13584.942
F,F,DELIVER IN PERSON,2,Manufacturer#4,4-NOT SPECIFIED,2,FURNITURE,AIR,1,0.08,8,Brand#45,8,JUMBO JAR,7,2063,37317.888
F,F,TAKE BACK RETURN,1,Manufacturer#1,4-NOT SPECIFIED,2,FURNITURE,REG AIR,3,0.02,24,Brand#12,8,MED JAR,47,2063,32188.04
F,F,DELIVER IN PERSON,3,Manufacturer#2,5-LOW,3,AUTOMOBILE,AIR,3,0.05,22,Brand#24,22,WRAP DRUM,17,2064,36059.9925
F,F,NONE,1,Manufacturer#2,5-LOW,3,AUTOMOBILE,MAIL,5,0.02,24,Brand#22,22,MED JAR,26,2064,2691.9984
F,F,COLLECT COD,2,Manufacturer#2,5-LOW,3,AUTOMOBILE,AIR,6,0,9,Brand#21,22,JUMBO DRUM,13,2064,79552.2
F,F,COLLECT COD,2,Manufacturer#4,5-LOW,3,AUTOMOBILE,REG AIR,1,0.06,9,Brand#43,22,MED CASE,26,2064,38319.4755
F,F,COLLECT COD,2,Manufacturer#1,2-HIGH,2,MACHINERY,MAIL,2,0.05,9,Brand#15,9,MED CASE,9,2065,11524.24
F,F,TAKE BACK RETURN,3,Manufacturer#2,5-LOW,4,AUTOMOBILE,AIR,3,0.04,7,Brand#22,11,JUMBO CAN,21,2066,41249.69
F,F,TAKE BACK RETURN,0,Manufacturer#3,5-LOW,4,AUTOMOBILE,FOB,1,0.01,14,Brand#34,11,MED CASE,22,2066,65681.56
F,F,COLLECT COD,3,Manufacturer#4,5-LOW,4,AUTOMOBILE,SHIP,6,0.05,22,Brand#45,11,JUMBO CAN,21,2066,19012.5936
F,F,TAKE BACK RETURN,0,Manufacturer#1,1-URGENT,1,MACHINERY,AIR,2,0.08,14,Brand#12,24,LG CAN,35,2067,7177.1672
F,F,NONE,4,Manufacturer#3,1-URGENT,1,MACHINERY,REG AIR,1,0,4,Brand#33,24,WRAP PACK,33,2067,30392.4576
F,F,TAKE BACK RETURN,4,Manufacturer#1,5-LOW,0,BUILDING,FOB,1,0.08,11,Brand#15,0,MED CAN,30,2068,53571.7
F,F,COLLECT COD,3,Manufacturer#1,2-HIGH,2,MACHINERY,RAIL,1,0.02,7,Brand#14,9,MED JAR,38,2065,30941.9838
F,F,DELIVER IN PERSON,3,Manufacturer#3,2-HIGH,2,MACHINERY,RAIL,4,0.03,22,Brand#31,9,MED BOX,49,2065,38231.244
F,F,NONE,0,Manufacturer#3,2-HIGH,3,FURNITURE,RAIL,6,0.06,0,Brand#35,7,MED PKG,8,2069,32356.962
F,F,COLLECT COD,3,Manufacturer#5,2-HIGH,1,HOUSEHOLD,TRUCK,1,0.06,23,Brand#53,3,WRAP CAN,45,2070,49591.3638
F,F,COLLECT COD,1,Manufacturer#5,2-HIGH,1,HOUSEHOLD,REG AIR,7,0.03,3,Brand#55,3,JUMBO PKG,48,2070,53146.0125
F,F,TAKE BACK RETURN,2,Manufacturer#2,1-URGENT,2,FURNITURE,TRUCK,2,0.07,21,Brand#22,12,SM CASE,20,132,78862.0896
F,F,DELIVER IN PERSON,3,Manufacturer#5,1-URGENT,2,FURNITURE,FOB,4,0.01,22,Brand#53,12,WRAP DRUM,46,132,2532.72
F,F,TAKE BACK RETURN,4,Manufacturer#5,1-URGENT,2,FURNITURE,REG AIR,5,0.05,4,Brand#55,12,JUMBO BOX,46,132,68285.5668
F,F,NONE,2,Manufacturer#2,1-URGENT,2,FURNITURE,RAIL,3,0,21,Brand#21,12,LG CASE,22,132,8108.4115
F,F,DELIVER IN PERSON,3,Manufacturer#5,3-MEDIUM,3,HOUSEHOLD,RAIL,2,0.02,23,Brand#53,7,SM DRUM,12,1524,42516.63
F,F,DELIVER IN PERSON,2,Manufacturer#4,1-URGENT,0,BUILDING,REG AIR,4,0.01,8,Brand#42,5,WRAP PACK,16,2071,23218.9482
F,F,COLLECT COD,4,Manufacturer#5,1-URGENT,0,BUILDING,MAIL,3,0.07,4,Brand#55,5,MED JAR,44,2071,29147.52
F,F,TAKE BACK RETURN,2,Manufacturer#1,1-URGENT,0,BUILDING,RAIL,6,0.04,21,Brand#13,5,SM CASE,40,2071,28089.6456
F,F,NONE,4,Manufacturer#4,4-NOT SPECIFIED,0,FURNITURE,RAIL,5,0.06,11,Brand#44,16,SM PKG,5,2072,39901.68
F,F,TAKE BACK RETURN,3,Manufacturer#5,4-NOT SPECIFIED,0,FURNITURE,RAIL,4,0.03,7,Brand#52,16,SM PACK,24,2072,4677.6968
F,F,TAKE BACK RETURN,0,Manufacturer#5,2-HIGH,4,AUTOMOBILE,MAIL,3,0.04,15,Brand#55,11,WRAP CAN,24,2073,28619.4909
F,F,DELIVER IN PERSON,0,Manufacturer#1,2-HIGH,4,AUTOMOBILE,SHIP,2,0.07,0,Brand#13,11,WRAP CASE,6,2073,13883.58
F,F,TAKE BACK RETURN,4,Manufacturer#3,4-NOT SPECIFIED,1,BUILDING,TRUCK,4,0.05,13,Brand#34,2,LG PKG,10,2074,46563.0264
F,F,NONE,2,Manufacturer#4,4-NOT SPECIFIED,1,BUILDING,REG AIR,6,0,8,Brand#42,2,MED CAN,14,2074,32119.108
F,F,COLLECT COD,2,Manufacturer#2,4-NOT SPECIFIED,1,BUILDING,MAIL,5,0.08,9,Brand#25,2,WRAP CASE,13,2074,50055.82
F,F,NONE,2,Manufacturer#1,4-NOT SPECIFIED,1,BUILDING,MAIL,7,0.08,12,Brand#11,2,LG CASE,9,2074,52850.4004
F,F,DELIVER IN PERSON,0,Manufacturer#1,4-NOT SPECIFIED,1,BUILDING,AIR,2,0.01,5,Brand#12,2,MED JAR,18,2074,9847.1538
F,F,COLLECT COD,2,Manufacturer#2,4-NOT SPECIFIED,1,BUILDING,SHIP,1,0.06,8,Brand#22,2,WRAP JAR,15,2074,34938.0486
F,F,NONE,0,Manufacturer#5,3-MEDIUM,0,HOUSEHOLD,AIR,4,0.05,0,Brand#52,0,JUMBO BAG,43,984,48889.242
F,F,COLLECT COD,1,Manufacturer#4,3-MEDIUM,0,HOUSEHOLD,RAIL,2,0.04,17,Brand#43,0,LG CAN,18,984,1303.2818
F,F,TAKE BACK RETURN,0,Manufacturer#4,1-URGENT,1,BUILDING,MAIL,4,0.03,0,Brand#44,2,SM PACK,26,2075,48621.672
F,F,TAKE BACK RETURN,2,Manufacturer#2,1-URGENT,1,BUILDING,MAIL,5,0.07,21,Brand#21,2,LG PACK,24,2075,3513.1266
F,F,NONE,0,Manufacturer#2,1-URGENT,1,BUILDING,AIR,7,0.05,5,Brand#21,2,WRAP CAN,33,2075,7563.8556
F,F,DELIVER IN PERSON,2,Manufacturer#4,1-URGENT,2,AUTOMOBILE,RAIL,2,0.01,18,Brand#41,18,MED PACK,18,2076,64820.64
F,F,TAKE BACK RETURN,4,Manufacturer#4,1-URGENT,2,AUTOMOBILE,RAIL,7,0.02,11,Brand#42,18,LG JAR,7,2076,52003.0875
F,F,TAKE BACK RETURN,3,Manufacturer#4,1-URGENT,2,AUTOMOBILE,FOB,5,0,22,Brand#44,18,WRAP JAR,44,2076,66175.2
F,F,NONE,2,Manufacturer#3,4-NOT SPECIFIED,0,HOUSEHOLD,TRUCK,3,0.06,12,Brand#33,16,LG CAN,47,2077,18729.9168
F,F,TAKE BACK RETURN,2,Manufacturer#3,4-NOT SPECIFIED,0,HOUSEHOLD,TRUCK,2,0.01,9,Brand#33,16,SM BOX,41,2077,5761.119
F,F,NONE,3,Manufacturer#5,4-NOT SPECIFIED,0,HOUSEHOLD,SHIP,2,0.01,23,Brand#53,5,MED PACK,3,2078,43158.612
F,F,NONE,4,Manufacturer#2,2-HIGH,3,FURNITURE,RAIL,5,0.02,13,Brand#23,7,WRAP JAR,15,2069,52532.368
F,F,DELIVER IN PERSON,2,Manufacturer#4,2-HIGH,3,FURNITURE,SHIP,4,0.05,9,Brand#42,7,WRAP DRUM,37,2069,18640.384
F,F,NONE,4,Manufacturer#1,2-HIGH,3,FURNITURE,AIR,3,0.01,10,Brand#15,7,WRAP BOX,36,2069,62902.7
F,F,TAKE BACK RETURN,1,Manufacturer#1,2-HIGH,3,FURNITURE,AIR,2,0.06,1,Brand#13,7,MED DRUM,49,2069,5103.99
F,F,DELIVER IN PERSON,1,Manufacturer#5,1-URGENT,0,AUTOMOBILE,RAIL,5,0.02,1,Brand#52,14,JUMBO PACK,45,2079,24206.52
F,F,COLLECT COD,0,Manufacturer#4,1-URGENT,0,AUTOMOBILE,SHIP,1,0.08,5,Brand#42,14,SM DRUM,40,2079,54652.752
F,F,NONE,1,Manufacturer#5,1-URGENT,0,AUTOMOBILE,FOB,4,0.01,3,Brand#53,14,MED JAR,12,2079,53763.8976
F,F,TAKE BACK RETURN,2,Manufacturer#5,4-NOT SPECIFIED,3,MACHINERY,SHIP,6,0.08,18,Brand#54,6,SM DRUM,29,2080,23871.5295
F,F,COLLECT COD,3,Manufacturer#3,1-URGENT,2,BUILDING,RAIL,4,0.06,19,Brand#34,9,SM BAG,31,2081,35387.424
F,F,NONE,3,Manufacturer#4,1-URGENT,2,BUILDING,TRUCK,3,0.07,7,Brand#43,9,LG PKG,3,2081,53787.15
F,F,COLLECT COD,4,Manufacturer#3,1-URGENT,2,BUILDING,MAIL,1,0.05,10,Brand#35,9,SM BAG,11,2081,35478.984
F,F,NONE,4,Manufacturer#5,5-LOW,1,HOUSEHOLD,TRUCK,2,0.07,10,Brand#51,2,WRAP CAN,21,2082,31034.619
F,F,COLLECT COD,1,Manufacturer#3,5-LOW,1,HOUSEHOLD,REG AIR,3,0.07,2,Brand#33,2,WRAP DRUM,32,2082,1056.5805
F,F,TAKE BACK RETURN,1,Manufacturer#5,5-LOW,1,HOUSEHOLD,REG AIR,4,0.03,17,Brand#53,2,WRAP DRUM,37,2082,30575.0375
F,F,TAKE BACK RETURN,3,Manufacturer#2,4-NOT SPECIFIED,3,MACHINERY,SHIP,4,0.01,7,Brand#23,6,MED JAR,41,2080,51447.0528
F,F,DELIVER IN PERSON,1,Manufacturer#4,3-MEDIUM,1,FURNITURE,MAIL,4,0.01,2,Brand#43,1,JUMBO CASE,40,2083,21140.7444
F,F,DELIVER IN PERSON,1,Manufacturer#3,4-NOT SPECIFIED,2,BUILDING,MAIL,3,0.02,17,Brand#34,8,WRAP PACK,4,2084,18773.8848
F,F,DELIVER IN PERSON,4,Manufacturer#3,4-NOT SPECIFIED,2,BUILDING,SHIP,5,0.03,11,Brand#33,8,SM BOX,11,2084,58229.488
F,F,NONE,2,Manufacturer#5,3-MEDIUM,1,FURNITURE,MAIL,3,0.02,21,Brand#52,1,LG BAG,35,2083,7780.3848
F,F,TAKE BACK RETURN,1,Manufacturer#2,3-MEDIUM,1,FURNITURE,REG AIR,5,0.02,24,Brand#25,1,SM PKG,21,2083,25908.246
F,F,NONE,2,Manufacturer#3,3-MEDIUM,1,FURNITURE,FOB,1,0.02,12,Brand#33,1,MED JAR,21,2083,26514.4698
F,F,NONE,0,Manufacturer#3,4-NOT SPECIFIED,3,AUTOMOBILE,TRUCK,2,0.01,0,Brand#33,19,SM DRUM,12,2085,53980.4972
F,F,COLLECT COD,3,Manufacturer#4,4-NOT SPECIFIED,3,AUTOMOBILE,TRUCK,1,0,22,Brand#42,19,SM BOX,7,2085,54286.551
F,F,COLLECT COD,2,Manufacturer#5,2-HIGH,2,BUILDING,FOB,3,0.04,12,Brand#53,18,MED PACK,37,2086,34575.2424
F,F,TAKE BACK RETURN,3,Manufacturer#3,1-URGENT,3,MACHINERY,RAIL,4,0.01,7,Brand#34,6,LG DRUM,38,2087,1163.7462
F,F,NONE,2,Manufacturer#2,1-URGENT,3,MACHINERY,MAIL,5,0.01,9,Brand#22,6,LG PACK,18,2087,63869.8656
F,F,COLLECT COD,3,Manufacturer#5,4-NOT SPECIFIED,1,FURNITURE,FOB,5,0,7,Brand#55,2,LG BAG,48,879,5865.318
F,F,DELIVER IN PERSON,3,Manufacturer#5,4-NOT SPECIFIED,1,FURNITURE,RAIL,3,0.05,7,Brand#51,2,WRAP DRUM,27,879,53362.806
F,F,DELIVER IN PERSON,2,Manufacturer#5,2-HIGH,2,BUILDING,AIR,5,0.05,8,Brand#55,18,WRAP DRUM,42,2086,31191.75
F,F,COLLECT COD,3,Manufacturer#3,4-NOT SPECIFIED,1,FURNITURE,RAIL,4,0.03,6,Brand#34,2,SM CAN,31,879,28938.69
F,F,DELIVER IN PERSON,1,Manufacturer#4,2-HIGH,2,BUILDING,MAIL,4,0,1,Brand#42,18,LG JAR,28,2086,40175.975
F,F,COLLECT COD,3,Manufacturer#1,1-URGENT,0,BUILDING,MAIL,2,0.05,22,Brand#11,14,JUMBO JAR,25,2088,36427.4092
F,F,DELIVER IN PERSON,2,Manufacturer#1,2-HIGH,3,FURNITURE,AIR,3,0,9,Brand#13,22,LG PKG,23,2089,19634.1432
F,F,TAKE BACK RETURN,2,Manufacturer#2,1-URGENT,0,BUILDING,RAIL,1,0.05,8,Brand#25,14,MED BOX,28,2088,23884.3488
F,F,DELIVER IN PERSON,3,Manufacturer#1,4-NOT SPECIFIED,4,AUTOMOBILE,REG AIR,3,0.05,23,Brand#13,20,MED CAN,15,2090,57654.7488
F,F,DELIVER IN PERSON,4,Manufacturer#4,4-NOT SPECIFIED,4,AUTOMOBILE,FOB,5,0.06,4,Brand#45,20,SM PACK,25,2090,12840.828
F,F,TAKE BACK RETURN,2,Manufacturer#1,4-NOT SPECIFIED,4,AUTOMOBILE,AIR,1,0.06,8,Brand#14,20,LG CASE,19,2090,58522.7456
F,F,NONE,3,Manufacturer#3,4-NOT SPECIFIED,4,AUTOMOBILE,MAIL,4,0.01,7,Brand#34,20,WRAP CAN,37,2090,38336.1884
F,F,TAKE BACK RETURN,1,Manufacturer#1,2-HIGH,2,AUTOMOBILE,AIR,2,0,2,Brand#15,21,SM JAR,2,2091,55079.3988
F,F,NONE,2,Manufacturer#2,1-URGENT,2,MACHINERY,FOB,1,0.04,21,Brand#23,9,MED CASE,25,685,34261.0884
F,F,DELIVER IN PERSON,2,Manufacturer#4,1-URGENT,2,MACHINERY,REG AIR,4,0.03,12,Brand#43,9,WRAP DRUM,48,685,57264.6824
F,F,COLLECT COD,2,Manufacturer#3,1-URGENT,2,MACHINERY,AIR,3,0.03,8,Brand#35,9,SM BAG,10,685,61359.675
F,F,TAKE BACK RETURN,4,Manufacturer#1,1-URGENT,2,MACHINERY,RAIL,2,0.04,20,Brand#11,9,JUMBO PACK,27,685,34939.8
F,F,DELIVER IN PERSON,3,Manufacturer#2,2-HIGH,2,AUTOMOBILE,TRUCK,3,0.03,7,Brand#21,21,MED BAG,14,2091,18071.262
F,F,COLLECT COD,0,Manufacturer#3,1-URGENT,4,MACHINERY,AIR,7,0.02,14,Brand#31,13,LG CASE,13,2092,36235.6644
F,F,COLLECT COD,4,Manufacturer#2,1-URGENT,4,BUILDING,AIR,2,0.08,4,Brand#25,10,SM DRUM,21,975,34148.4
F,F,NONE,4,Manufacturer#3,1-URGENT,4,BUILDING,MAIL,1,0.07,20,Brand#34,10,MED CASE,42,975,55037.412
F,F,COLLECT COD,4,Manufacturer#5,1-URGENT,4,BUILDING,AIR,3,0.02,13,Brand#53,10,JUMBO BOX,16,975,29659.1996
F,F,TAKE BACK RETURN,3,Manufacturer#3,4-NOT SPECIFIED,2,MACHINERY,FOB,2,0.05,7,Brand#35,8,MED BAG,47,2093,46354.8036
F,F,DELIVER IN PERSON,0,Manufacturer#2,4-NOT SPECIFIED,3,HOUSEHOLD,FOB,2,0.07,16,Brand#25,19,LG PKG,31,2094,37490.145
F,F,DELIVER IN PERSON,0,Manufacturer#1,2-HIGH,4,FURNITURE,REG AIR,2,0.04,14,Brand#14,13,JUMBO BAG,21,2025,15916.5888
F,F,COLLECT COD,3,Manufacturer#5,2-HIGH,4,FURNITURE,AIR,1,0.04,22,Brand#52,13,LG CAN,1,2025,21214.1512
F,F,TAKE BACK RETURN,4,Manufacturer#4,2-HIGH,4,FURNITURE,FOB,5,0.06,10,Brand#45,13,MED PKG,13,2025,70536.48
F,F,DELIVER IN PERSON,2,Manufacturer#3,1-URGENT,4,MACHINERY,REG AIR,4,0.02,18,Brand#33,13,MED CAN,8,2092,46135.44
F,F,COLLECT COD,3,Manufacturer#1,1-URGENT,4,MACHINERY,SHIP,3,0.04,19,Brand#11,13,SM PKG,8,2092,8313.396
F,F,COLLECT COD,2,Manufacturer#3,5-LOW,3,FURNITURE,MAIL,4,0.07,12,Brand#31,6,LG PACK,3,2095,41746.37
F,F,NONE,2,Manufacturer#3,5-LOW,3,FURNITURE,REG AIR,1,0.02,9,Brand#34,6,WRAP DRUM,2,2095,51625.109
F,F,DELIVER IN PERSON,3,Manufacturer#1,5-LOW,3,FURNITURE,SHIP,3,0.08,7,Brand#11,6,WRAP CASE,29,2095,41631.3016
F,F,NONE,3,Manufacturer#2,2-HIGH,3,FURNITURE,MAIL,5,0,7,Brand#25,23,WRAP CAN,18,2096,63653.098
F,F,DELIVER IN PERSON,4,Manufacturer#4,4-NOT SPECIFIED,3,HOUSEHOLD,RAIL,1,0.03,20,Brand#43,19,WRAP CASE,19,2094,42221.718
F,F,DELIVER IN PERSON,1,Manufacturer#1,2-HIGH,3,FURNITURE,REG AIR,4,0.01,1,Brand#13,23,JUMBO BAG,9,2096,2448.9784
F,F,COLLECT COD,3,Manufacturer#1,4-NOT SPECIFIED,3,AUTOMOBILE,AIR,1,0.07,19,Brand#11,19,SM BAG,25,2097,16542.966
F,F,NONE,1,Manufacturer#1,4-NOT SPECIFIED,3,AUTOMOBILE,SHIP,2,0.03,3,Brand#14,19,MED BAG,23,2097,37569.96
F,F,DELIVER IN PERSON,1,Manufacturer#2,4-NOT SPECIFIED,3,AUTOMOBILE,AIR,4,0.01,1,Brand#25,19,WRAP BAG,1,2097,1251.432
F,F,TAKE BACK RETURN,4,Manufacturer#4,2-HIGH,2,FURNITURE,RAIL,4,0.03,11,Brand#44,12,WRAP CAN,39,2098,91676.55
F,F,NONE,0,Manufacturer#4,2-HIGH,2,FURNITURE,AIR,5,0.03,16,Brand#45,12,SM BOX,12,2098,50008.2142
F,F,DELIVER IN PERSON,4,Manufacturer#3,4-NOT SPECIFIED,3,AUTOMOBILE,FOB,5,0.05,10,Brand#32,19,SM PACK,19,2097,32987.8584
F,F,NONE,4,Manufacturer#1,2-HIGH,0,AUTOMOBILE,SHIP,1,0.04,20,Brand#12,15,MED CASE,9,1826,5706.18
F,F,COLLECT COD,1,Manufacturer#3,3-MEDIUM,2,AUTOMOBILE,FOB,3,0.03,3,Brand#34,9,LG BOX,28,2099,27383.5656
F,F,TAKE BACK RETURN,1,Manufacturer#1,3-MEDIUM,2,AUTOMOBILE,REG AIR,1,0.01,17,Brand#11,9,WRAP CAN,41,2099,44634.051
F,F,COLLECT COD,3,Manufacturer#5,3-MEDIUM,2,AUTOMOBILE,RAIL,2,0.04,7,Brand#53,9,JUMBO CAN,31,2099,49589.739
F,F,NONE,4,Manufacturer#4,3-MEDIUM,2,AUTOMOBILE,REG AIR,5,0.04,13,Brand#44,9,SM JAR,12,2099,26920.26
F,F,DELIVER IN PERSON,4,Manufacturer#4,1-URGENT,2,FURNITURE,SHIP,3,0,13,Brand#42,18,WRAP CAN,26,2100,6999.3625
F,F,DELIVER IN PERSON,2,Manufacturer#1,1-URGENT,2,FURNITURE,SHIP,2,0.02,21,Brand#15,18,LG BAG,28,2100,13530.5664
F,F,DELIVER IN PERSON,2,Manufacturer#2,1-URGENT,2,FURNITURE,REG AIR,6,0.08,9,Brand#22,18,MED BAG,46,2100,10435.797
F,F,TAKE BACK RETURN,3,Manufacturer#2,2-HIGH,0,AUTOMOBILE,TRUCK,5,0,7,Brand#24,15,MED DRUM,6,1826,59084.452
F,F,NONE,4,Manufacturer#3,2-HIGH,0,AUTOMOBILE,MAIL,3,0,10,Brand#35,15,SM JAR,22,1826,62461.778
F,F,TAKE BACK RETURN,2,Manufacturer#2,3-MEDIUM,2,AUTOMOBILE,RAIL,1,0.08,21,Brand#23,12,MED BOX,32,2101,19401.552
F,F,NONE,4,Manufacturer#3,3-MEDIUM,2,AUTOMOBILE,REG AIR,3,0.06,10,Brand#35,12,WRAP BAG,46,2101,12059.5761
F,F,TAKE BACK RETURN,4,Manufacturer#3,3-MEDIUM,2,AUTOMOBILE,REG AIR,4,0.06,4,Brand#33,12,SM JAR,30,2101,39048.7284
F,F,NONE,0,Manufacturer#3,3-MEDIUM,2,AUTOMOBILE,SHIP,2,0.03,0,Brand#34,12,SM DRUM,26,2101,39028.1661
F,F,TAKE BACK RETURN,4,Manufacturer#5,5-LOW,3,BUILDING,MAIL,3,0.07,20,Brand#52,6,MED CAN,22,1552,35660.8375
F,F,DELIVER IN PERSON,3,Manufacturer#4,5-LOW,4,AUTOMOBILE,AIR,2,0.01,19,Brand#43,4,LG PKG,27,2102,6298.2315
F,F,TAKE BACK RETURN,0,Manufacturer#1,5-LOW,4,AUTOMOBILE,SHIP,1,0.06,14,Brand#15,4,SM BAG,24,2102,35727.904
F,F,DELIVER IN PERSON,4,Manufacturer#5,4-NOT SPECIFIED,4,BUILDING,SHIP,7,0.01,10,Brand#53,10,WRAP CAN,25,2103,11399.1735
F,F,COLLECT COD,0,Manufacturer#5,4-NOT SPECIFIED,4,BUILDING,FOB,3,0.01,5,Brand#52,10,JUMBO BAG,42,2103,24658.857
F,F,DELIVER IN PERSON,1,Manufacturer#2,4-NOT SPECIFIED,4,BUILDING,MAIL,4,0.06,24,Brand#25,10,MED PACK,23,2103,31070.655
F,F,COLLECT COD,0,Manufacturer#3,4-NOT SPECIFIED,4,BUILDING,SHIP,1,0.02,0,Brand#33,10,MED CASE,48,2103,6086.772
F,F,NONE,2,Manufacturer#3,4-NOT SPECIFIED,4,BUILDING,REG AIR,5,0.06,8,Brand#35,10,SM PKG,13,2103,53047.1442
F,F,COLLECT COD,1,Manufacturer#3,4-NOT SPECIFIED,4,BUILDING,SHIP,2,0.04,1,Brand#31,10,JUMBO PACK,8,2103,8672.608
F,F,DELIVER IN PERSON,4,Manufacturer#1,5-LOW,2,AUTOMOBILE,AIR,1,0.07,4,Brand#14,9,MED JAR,43,2104,42509.12
F,F,NONE,2,Manufacturer#1,1-URGENT,1,HOUSEHOLD,TRUCK,1,0.01,12,Brand#12,24,MED CAN,21,2105,29381.9526
F,F,COLLECT COD,3,Manufacturer#3,3-MEDIUM,1,FURNITURE,RAIL,1,0.05,7,Brand#34,17,SM CASE,11,2106,39786.064
F,F,NONE,3,Manufacturer#4,5-LOW,3,MACHINERY,AIR,7,0.06,19,Brand#42,23,MED CAN,11,2107,32828.895
F,F,COLLECT COD,4,Manufacturer#4,5-LOW,3,MACHINERY,RAIL,3,0.05,13,Brand#44,23,WRAP PACK,7,2107,27850.176
F,F,COLLECT COD,4,Manufacturer#4,5-LOW,3,MACHINERY,TRUCK,1,0.01,11,Brand#45,23,MED DRUM,34,2107,49907.3454
F,F,COLLECT COD,0,Manufacturer#1,2-HIGH,3,FURNITURE,SHIP,2,0.07,5,Brand#12,23,LG CAN,16,2108,53945.0604
F,F,DELIVER IN PERSON,0,Manufacturer#1,1-URGENT,3,BUILDING,SHIP,6,0.02,15,Brand#14,6,WRAP PKG,44,2109,37424.3859
F,F,DELIVER IN PERSON,4,Manufacturer#3,1-URGENT,3,BUILDING,REG AIR,4,0.04,10,Brand#32,6,SM BAG,4,2109,11464.11
F,F,COLLECT COD,1,Manufacturer#1,4-NOT SPECIFIED,0,AUTOMOBILE,MAIL,3,0.07,1,Brand#13,5,MED DRUM,26,2110,23818.62
F,F,TAKE BACK RETURN,1,Manufacturer#1,4-NOT SPECIFIED,0,AUTOMOBILE,MAIL,1,0.03,3,Brand#13,5,JUMBO PKG,42,2110,17453.5634
F,F,DELIVER IN PERSON,0,Manufacturer#3,4-NOT SPECIFIED,0,AUTOMOBILE,MAIL,7,0.07,5,Brand#35,5,MED BAG,31,2110,30944.088
F,F,TAKE BACK RETURN,2,Manufacturer#4,2-HIGH,3,FURNITURE,AIR,3,0.01,12,Brand#41,23,WRAP BAG,28,2108,86869.1835
F,F,COLLECT COD,1,Manufacturer#1,3-MEDIUM,2,MACHINERY,RAIL,2,0.04,1,Brand#12,18,JUMBO DRUM,42,70,19716.6879
F,F,COLLECT COD,1,Manufacturer#5,4-NOT SPECIFIED,4,HOUSEHOLD,FOB,2,0.08,17,Brand#54,10,LG DRUM,3,2111,32727.9744
F,F,NONE,2,Manufacturer#5,4-NOT SPECIFIED,4,HOUSEHOLD,SHIP,1,0.01,8,Brand#54,10,SM CASE,48,2111,21881.3861
F,F,NONE,2,Manufacturer#5,3-MEDIUM,2,MACHINERY,RAIL,3,0.07,8,Brand#54,18,LG CAN,44,70,67850.0256
F,F,NONE,2,Manufacturer#5,1-URGENT,3,FURNITURE,REG AIR,2,0.06,8,Brand#54,7,WRAP CAN,26,2112,44600.724
F,F,COLLECT COD,4,Manufacturer#2,1-URGENT,3,FURNITURE,SHIP,5,0.07,20,Brand#22,7,MED CAN,8,2112,2037.6378
F,F,NONE,1,Manufacturer#2,1-URGENT,3,FURNITURE,RAIL,7,0.06,2,Brand#22,7,LG CAN,22,2112,14984.4816
F,F,DELIVER IN PERSON,1,Manufacturer#4,1-URGENT,3,FURNITURE,REG AIR,6,0.08,24,Brand#41,7,WRAP CASE,10,2112,13227.305
F,F,COLLECT COD,0,Manufacturer#4,2-HIGH,3,HOUSEHOLD,RAIL,3,0.01,14,Brand#44,7,JUMBO PACK,24,163,29049.2928
F,F,COLLECT COD,3,Manufacturer#2,4-NOT SPECIFIED,1,FURNITURE,TRUCK,3,0.05,19,Brand#24,17,MED JAR,2,2113,33391.996
F,F,DELIVER IN PERSON,0,Manufacturer#1,4-NOT SPECIFIED,1,FURNITURE,AIR,2,0.04,0,Brand#13,17,LG PKG,3,2113,3228.6996
F,F,TAKE BACK RETURN,3,Manufacturer#1,4-NOT SPECIFIED,1,FURNITURE,TRUCK,1,0.08,22,Brand#13,17,WRAP BAG,14,2113,21225.5064
F,F,COLLECT COD,4,Manufacturer#2,3-MEDIUM,3,FURNITURE,FOB,5,0,20,Brand#25,19,LG PACK,16,2114,65205
F,F,DELIVER IN PERSON,1,Manufacturer#3,3-MEDIUM,3,FURNITURE,RAIL,6,0,24,Brand#35,19,LG BOX,9,2114,85114.3
F,F,NONE,2,Manufacturer#2,1-URGENT,0,HOUSEHOLD,AIR,2,0.01,12,Brand#21,16,JUMBO CAN,32,2115,36842.1075
F,F,DELIVER IN PERSON,3,Manufacturer#2,2-HIGH,3,AUTOMOBILE,FOB,2,0.06,22,Brand#25,23,LG JAR,41,1157,3192.0525
F,F,NONE,3,Manufacturer#1,2-HIGH,3,AUTOMOBILE,FOB,3,0.04,19,Brand#12,23,MED BAG,7,1157,11595.7116
F,F,DELIVER IN PERSON,3,Manufacturer#1,1-URGENT,4,FURNITURE,MAIL,5,0.08,19,Brand#14,4,WRAP PACK,44,2116,60183.5052
F,F,COLLECT COD,1,Manufacturer#5,1-URGENT,4,FURNITURE,FOB,2,0.03,3,Brand#51,4,WRAP PKG,17,2116,10526.8608
F,F,DELIVER IN PERSON,0,Manufacturer#1,1-URGENT,4,FURNITURE,AIR,4,0.03,15,Brand#11,4,WRAP DRUM,48,2116,24664.0425
F,F,NONE,0,Manufacturer#5,2-HIGH,3,HOUSEHOLD,FOB,4,0.06,5,Brand#52,7,MED JAR,20,163,37581.2241
F,F,DELIVER IN PERSON,1,Manufacturer#5,2-HIGH,3,HOUSEHOLD,TRUCK,2,0.08,24,Brand#55,7,JUMBO JAR,13,163,48858.823
F,F,NONE,3,Manufacturer#2,2-HIGH,2,AUTOMOBILE,MAIL,3,0,22,Brand#21,9,MED BAG,40,2117,11469.24
F,F,DELIVER IN PERSON,4,Manufacturer#1,2-HIGH,3,FURNITURE,FOB,3,0.03,20,Brand#12,23,WRAP CAN,7,2118,19516.3668
F,F,COLLECT COD,2,Manufacturer#2,2-HIGH,3,FURNITURE,AIR,2,0.07,18,Brand#25,23,MED BOX,1,2118,13124
F,F,DELIVER IN PERSON,3,Manufacturer#2,2-HIGH,3,FURNITURE,REG AIR,1,0.08,22,Brand#22,23,SM CAN,1,2118,68613.54
F,F,COLLECT COD,3,Manufacturer#4,1-URGENT,4,BUILDING,AIR,1,0.08,23,Brand#45,11,SM CASE,9,2119,4649
F,F,COLLECT COD,3,Manufacturer#5,5-LOW,0,HOUSEHOLD,AIR,1,0.08,7,Brand#55,16,LG PKG,1,2120,44118.4896
F,F,TAKE BACK RETURN,2,Manufacturer#4,4-NOT SPECIFIED,0,HOUSEHOLD,FOB,2,0.05,18,Brand#44,16,JUMBO DRUM,38,2121,22627.1808
F,F,NONE,3,Manufacturer#5,1-URGENT,0,BUILDING,SHIP,6,0,6,Brand#51,0,MED DRUM,21,2122,62500.12
F,F,COLLECT COD,1,Manufacturer#4,1-URGENT,0,BUILDING,RAIL,4,0.04,24,Brand#45,0,LG CAN,4,2122,26794.3146
F,F,COLLECT COD,3,Manufacturer#4,1-URGENT,0,BUILDING,TRUCK,3,0.01,22,Brand#43,0,WRAP DRUM,36,2122,1553.649
F,F,TAKE BACK RETURN,3,Manufacturer#2,1-URGENT,0,BUILDING,TRUCK,1,0.07,22,Brand#22,0,WRAP DRUM,4,2122,13846.44
F,F,DELIVER IN PERSON,2,Manufacturer#5,1-URGENT,0,BUILDING,MAIL,7,0.02,12,Brand#52,0,SM DRUM,18,2122,43486.2519
F,F,COLLECT COD,2,Manufacturer#1,2-HIGH,3,HOUSEHOLD,RAIL,4,0.04,12,Brand#14,7,WRAP JAR,24,2123,12067.9013
F,F,TAKE BACK RETURN,1,Manufacturer#2,2-HIGH,3,HOUSEHOLD,TRUCK,1,0.01,1,Brand#23,7,WRAP JAR,30,2123,12014.422
F,F,COLLECT COD,0,Manufacturer#5,1-URGENT,3,MACHINERY,SHIP,1,0.08,0,Brand#53,22,LG BAG,2,2124,2790.8355
F,F,DELIVER IN PERSON,1,Manufacturer#1,1-URGENT,3,MACHINERY,SHIP,4,0.07,24,Brand#15,22,LG BOX,50,2124,83402.5766
F,F,NONE,2,Manufacturer#4,3-MEDIUM,1,FURNITURE,SHIP,4,0,8,Brand#43,2,JUMBO CASE,19,2125,13317.368
F,F,NONE,1,Manufacturer#3,3-MEDIUM,1,FURNITURE,FOB,2,0.01,3,Brand#33,2,LG PKG,25,2125,24126
F,F,TAKE BACK RETURN,2,Manufacturer#5,3-MEDIUM,1,FURNITURE,FOB,5,0,21,Brand#54,2,WRAP CAN,6,2125,24222.15
F,F,COLLECT COD,3,Manufacturer#4,3-MEDIUM,1,FURNITURE,SHIP,3,0.04,19,Brand#42,2,MED CAN,11,2125,13569.2766
F,F,DELIVER IN PERSON,3,Manufacturer#3,3-MEDIUM,2,AUTOMOBILE,MAIL,1,0.04,22,Brand#35,9,MED CAN,1,2126,35943.552
F,F,NONE,0,Manufacturer#1,1-URGENT,4,MACHINERY,FOB,3,0.02,5,Brand#15,13,SM JAR,24,2127,6044.1444
F,F,DELIVER IN PERSON,3,Manufacturer#4,2-HIGH,0,MACHINERY,TRUCK,3,0.04,22,Brand#43,15,MED BOX,48,2128,62461.0542
F,F,NONE,3,Manufacturer#5,2-HIGH,0,MACHINERY,RAIL,2,0.07,23,Brand#54,15,MED PACK,40,2128,36952.9286
F,F,TAKE BACK RETURN,3,Manufacturer#4,2-HIGH,0,MACHINERY,MAIL,5,0.04,6,Brand#41,15,MED BOX,37,2128,57556.0752
F,F,NONE,2,Manufacturer#5,2-HIGH,0,MACHINERY,FOB,1,0.03,8,Brand#55,15,LG BOX,27,2128,30333.303
F,F,DELIVER IN PERSON,0,Manufacturer#1,2-HIGH,0,MACHINERY,TRUCK,7,0.08,15,Brand#15,15,WRAP BOX,12,2128,12384.0288
F,F,TAKE BACK RETURN,2,Manufacturer#2,2-HIGH,0,MACHINERY,FOB,4,0.07,9,Brand#24,15,JUMBO DRUM,49,2128,53348.995
F,F,NONE,4,Manufacturer#1,2-HIGH,0,HOUSEHOLD,RAIL,3,0.08,20,Brand#13,5,LG DRUM,20,2129,54486.0162
F,F,COLLECT COD,2,Manufacturer#5,2-HIGH,0,HOUSEHOLD,FOB,1,0.08,9,Brand#51,5,JUMBO CASE,15,2129,81985.995
F,F,COLLECT COD,4,Manufacturer#3,4-NOT SPECIFIED,0,HOUSEHOLD,RAIL,3,0,20,Brand#31,16,SM DRUM,44,2121,53129.736
F,F,DELIVER IN PERSON,0,Manufacturer#4,1-URGENT,3,BUILDING,TRUCK,1,0.03,16,Brand#44,6,LG PACK,21,2130,1500.59
F,F,TAKE BACK RETURN,2,Manufacturer#4,4-NOT SPECIFIED,1,BUILDING,MAIL,2,0.03,8,Brand#42,24,WRAP DRUM,35,2131,17406.48
F,F,TAKE BACK RETURN,0,Manufacturer#5,4-NOT SPECIFIED,1,BUILDING,FOB,3,0.07,16,Brand#52,24,JUMBO DRUM,36,2131,1380.5336
F,F,DELIVER IN PERSON,1,Manufacturer#5,3-MEDIUM,4,AUTOMOBILE,MAIL,3,0,3,Brand#55,4,MED BAG,46,2132,43778.56
F,F,NONE,1,Manufacturer#3,3-MEDIUM,4,AUTOMOBILE,FOB,1,0.08,24,Brand#34,4,JUMBO PACK,4,2132,62453.88
F,F,TAKE BACK RETURN,4,Manufacturer#2,2-HIGH,4,BUILDING,RAIL,5,0.05,11,Brand#22,10,SM CAN,6,452,12505.8934
F,F,COLLECT COD,1,Manufacturer#3,2-HIGH,4,BUILDING,TRUCK,4,0.06,24,Brand#33,10,WRAP CASE,34,452,56184.8832
F,F,NONE,0,Manufacturer#1,3-MEDIUM,3,HOUSEHOLD,AIR,2,0.02,0,Brand#14,22,SM CAN,29,2133,33132.8151
F,F,DELIVER IN PERSON,3,Manufacturer#1,1-URGENT,3,BUILDING,RAIL,3,0.03,7,Brand#15,6,SM CASE,2,2130,32723.04
F,F,NONE,0,Manufacturer#3,1-URGENT,3,BUILDING,MAIL,5,0.07,5,Brand#33,6,SM BOX,41,2130,55557.1808
F,F,COLLECT COD,0,Manufacturer#3,1-URGENT,3,BUILDING,TRUCK,2,0.04,15,Brand#35,6,LG PACK,25,2130,1321.8023
F,F,TAKE BACK RETURN,3,Manufacturer#2,1-URGENT,3,BUILDING,MAIL,4,0.06,19,Brand#21,6,WRAP BOX,30,2130,32536.7808
F,F,DELIVER IN PERSON,1,Manufacturer#1,3-MEDIUM,0,FURNITURE,TRUCK,1,0.05,24,Brand#12,0,JUMBO BAG,16,385,70444.262
F,F,NONE,3,Manufacturer#2,3-MEDIUM,0,FURNITURE,SHIP,2,0.07,22,Brand#21,15,JUMBO DRUM,6,1368,5661.7015
F,F,DELIVER IN PERSON,2,Manufacturer#4,3-MEDIUM,0,FURNITURE,AIR,1,0.05,8,Brand#44,15,JUMBO BOX,5,1368,14740.12
F,F,NONE,2,Manufacturer#2,3-MEDIUM,0,FURNITURE,AIR,6,0.01,9,Brand#24,15,MED BOX,46,1368,61098.688
F,F,DELIVER IN PERSON,2,Manufacturer#3,1-URGENT,1,FURNITURE,RAIL,3,0.06,18,Brand#33,1,WRAP JAR,3,2134,53279.424
F,F,TAKE BACK RETURN,0,Manufacturer#1,1-URGENT,1,FURNITURE,FOB,2,0.07,0,Brand#11,1,LG PACK,37,2134,15748.47
F,F,TAKE BACK RETURN,4,Manufacturer#3,1-URGENT,1,HOUSEHOLD,RAIL,5,0.05,4,Brand#33,2,WRAP CASE,34,2135,51210.18
F,F,COLLECT COD,3,Manufacturer#3,1-URGENT,1,HOUSEHOLD,AIR,6,0,23,Brand#31,2,SM JAR,28,2135,2809.8292
F,F,DELIVER IN PERSON,4,Manufacturer#5,1-URGENT,1,HOUSEHOLD,MAIL,2,0.03,20,Brand#52,2,MED DRUM,7,2135,52404.888
F,F,TAKE BACK RETURN,3,Manufacturer#1,1-URGENT,1,HOUSEHOLD,REG AIR,3,0.02,23,Brand#13,2,JUMBO JAR,8,2135,10874.118
F,F,NONE,3,Manufacturer#2,3-MEDIUM,0,FURNITURE,RAIL,3,0,7,Brand#24,0,WRAP DRUM,9,385,35304.192
F,F,TAKE BACK RETURN,2,Manufacturer#5,3-MEDIUM,0,FURNITURE,MAIL,4,0.06,21,Brand#53,0,MED CASE,50,385,54146.7472
F,F,DELIVER IN PERSON,1,Manufacturer#2,2-HIGH,3,MACHINERY,SHIP,3,0.06,24,Brand#25,7,MED CAN,35,2136,80391.7296
F,F,DELIVER IN PERSON,3,Manufacturer#5,2-HIGH,1,MACHINERY,AIR,3,0.03,7,Brand#52,1,SM CAN,23,2137,18810.792
F,F,NONE,0,Manufacturer#3,2-HIGH,1,MACHINERY,RAIL,5,0.02,15,Brand#34,1,JUMBO DRUM,27,2137,45380.5261
F,F,TAKE BACK RETURN,4,Manufacturer#1,2-HIGH,1,MACHINERY,SHIP,2,0.07,13,Brand#11,1,WRAP DRUM,2,2137,58750.2432
F,F,TAKE BACK RETURN,4,Manufacturer#2,3-MEDIUM,3,HOUSEHOLD,FOB,5,0.06,4,Brand#25,23,LG PACK,33,2138,39230.235
F,F,COLLECT COD,0,Manufacturer#2,5-LOW,0,BUILDING,SHIP,1,0.04,5,Brand#24,14,MED CAN,18,2139,12511.3248
F,F,COLLECT COD,3,Manufacturer#5,5-LOW,2,BUILDING,FOB,3,0.05,19,Brand#51,8,MED PACK,5,2140,46940.285
F,F,NONE,4,Manufacturer#2,5-LOW,2,BUILDING,TRUCK,1,0.05,10,Brand#25,8,LG BOX,22,2140,47939.2496
F,F,DELIVER IN PERSON,4,Manufacturer#4,5-LOW,1,BUILDING,AIR,3,0.04,4,Brand#45,1,JUMBO CASE,4,2141,31730.1468
F,F,TAKE BACK RETURN,4,Manufacturer#3,5-LOW,1,BUILDING,FOB,5,0.07,11,Brand#33,1,MED JAR,33,2141,3049.22
F,F,TAKE BACK RETURN,4,Manufacturer#5,5-LOW,1,BUILDING,FOB,6,0.02,13,Brand#55,1,JUMBO CASE,18,2141,35385.0213
F,F,COLLECT COD,4,Manufacturer#5,3-MEDIUM,4,MACHINERY,SHIP,7,0.02,11,Brand#55,11,LG PACK,44,2142,32453.1025
F,F,NONE,4,Manufacturer#5,3-MEDIUM,1,MACHINERY,FOB,3,0.05,10,Brand#51,24,LG CAN,18,2143,40975.92
F,F,COLLECT COD,1,Manufacturer#2,3-MEDIUM,0,FURNITURE,RAIL,1,0.08,24,Brand#22,14,WRAP BAG,31,2144,25215.4244
F,F,DELIVER IN PERSON,1,Manufacturer#5,3-MEDIUM,0,FURNITURE,REG AIR,7,0,17,Brand#54,14,SM BAG,23,2144,4682.2848
F,F,COLLECT COD,4,Manufacturer#5,3-MEDIUM,0,FURNITURE,AIR,5,0.04,13,Brand#53,14,JUMBO DRUM,27,2144,17256.9761
F,F,COLLECT COD,0,Manufacturer#5,4-NOT SPECIFIED,2,FURNITURE,MAIL,4,0.07,14,Brand#52,9,JUMBO CAN,29,2145,30906.5232
F,F,DELIVER IN PERSON,0,Manufacturer#4,4-NOT SPECIFIED,2,FURNITURE,AIR,3,0.08,15,Brand#45,9,SM PKG,31,2145,16983.051
F,F,NONE,2,Manufacturer#2,5-LOW,4,BUILDING,RAIL,1,0,9,Brand#25,20,SM CAN,7,2146,29034.4704
F,F,DELIVER IN PERSON,3,Manufacturer#2,5-LOW,4,BUILDING,SHIP,3,0.07,19,Brand#21,20,JUMBO CASE,40,2146,26936.4224
F,F,NONE,1,Manufacturer#1,5-LOW,4,BUILDING,REG AIR,2,0.03,3,Brand#15,20,JUMBO PKG,19,2146,47301.9576
F,F,NONE,0,Manufacturer#3,2-HIGH,2,HOUSEHOLD,FOB,4,0.02,15,Brand#31,18,WRAP BAG,33,2147,41998.5608
F,F,TAKE BACK RETURN,2,Manufacturer#2,5-LOW,1,AUTOMOBILE,FOB,1,0.01,9,Brand#22,2,WRAP PKG,39,2148,33713.7934
F,F,TAKE BACK RETURN,0,Manufacturer#4,3-MEDIUM,4,MACHINERY,REG AIR,5,0.08,5,Brand#45,11,MED BOX,22,2142,3273.1208
F,F,NONE,3,Manufacturer#1,3-MEDIUM,4,MACHINERY,SHIP,3,0.08,23,Brand#13,11,JUMBO BAG,38,2142,52384.2774
F,F,TAKE BACK RETURN,3,Manufacturer#3,3-MEDIUM,4,MACHINERY,RAIL,6,0.03,23,Brand#34,11,SM PKG,27,2142,40092.3
F,F,COLLECT COD,1,Manufacturer#2,4-NOT SPECIFIED,3,AUTOMOBILE,AIR,4,0.04,1,Brand#21,6,SM CASE,20,165,48283.173
F,F,TAKE BACK RETURN,0,Manufacturer#3,4-NOT SPECIFIED,3,AUTOMOBILE,TRUCK,5,0.04,5,Brand#33,6,JUMBO CASE,34,165,11408.496
F,F,NONE,4,Manufacturer#4,4-NOT SPECIFIED,3,AUTOMOBILE,RAIL,2,0,11,Brand#44,6,LG DRUM,15,165,37682.32
F,F,COLLECT COD,4,Manufacturer#1,4-NOT SPECIFIED,0,BUILDING,AIR,2,0.06,11,Brand#13,15,JUMBO PKG,22,2149,54071.688
F,F,TAKE BACK RETURN,2,Manufacturer#5,2-HIGH,0,BUILDING,REG AIR,3,0.03,18,Brand#53,16,JUMBO JAR,10,2150,69257.0756
F,F,DELIVER IN PERSON,0,Manufacturer#2,2-HIGH,0,BUILDING,SHIP,4,0.08,15,Brand#24,16,SM BOX,36,2150,21420.62
F,F,DELIVER IN PERSON,2,Manufacturer#2,5-LOW,3,HOUSEHOLD,AIR,1,0.06,8,Brand#22,6,LG BOX,44,2018,25612.7724
F,F,DELIVER IN PERSON,2,Manufacturer#3,4-NOT SPECIFIED,0,BUILDING,SHIP,1,0,12,Brand#35,15,JUMBO BOX,7,2149,47561.6736
F,F,TAKE BACK RETURN,0,Manufacturer#4,3-MEDIUM,3,AUTOMOBILE,AIR,2,0.08,16,Brand#42,7,SM JAR,27,2151,14737.008
F,F,COLLECT COD,2,Manufacturer#2,4-NOT SPECIFIED,0,HOUSEHOLD,FOB,1,0.07,21,Brand#25,16,LG CASE,10,2152,25614.06
F,F,TAKE BACK RETURN,2,Manufacturer#5,4-NOT SPECIFIED,0,HOUSEHOLD,REG AIR,3,0,12,Brand#51,16,MED PACK,49,2152,14945.04
F,F,DELIVER IN PERSON,2,Manufacturer#4,3-MEDIUM,0,HOUSEHOLD,MAIL,5,0.05,8,Brand#44,15,MED CAN,2,2153,36454.448
F,F,COLLECT COD,1,Manufacturer#4,3-MEDIUM,0,HOUSEHOLD,REG AIR,4,0.07,1,Brand#41,15,SM PKG,50,2153,84319.69
F,F,COLLECT COD,1,Manufacturer#2,3-MEDIUM,0,HOUSEHOLD,MAIL,6,0.08,24,Brand#22,15,MED BAG,42,2153,58127.2791
F,F,TAKE BACK RETURN,4,Manufacturer#1,3-MEDIUM,0,HOUSEHOLD,TRUCK,1,0.02,4,Brand#13,15,SM DRUM,12,2153,32912.264
F,F,TAKE BACK RETURN,2,Manufacturer#1,5-LOW,4,HOUSEHOLD,RAIL,3,0.04,8,Brand#12,20,WRAP JAR,3,2154,36147.95
F,F,NONE,0,Manufacturer#2,5-LOW,4,HOUSEHOLD,TRUCK,5,0.02,16,Brand#21,20,MED CAN,32,2154,15973.9745
F,F,NONE,3,Manufacturer#3,5-LOW,4,HOUSEHOLD,SHIP,4,0.03,23,Brand#35,20,LG PACK,9,2154,8730.7632
F,F,COLLECT COD,1,Manufacturer#4,3-MEDIUM,0,HOUSEHOLD,MAIL,2,0.05,3,Brand#42,5,WRAP CAN,10,2129,34202.736
F,F,NONE,0,Manufacturer#1,3-MEDIUM,0,HOUSEHOLD,SHIP,4,0.08,0,Brand#11,5,SM PKG,26,2129,57517.92
F,F,NONE,4,Manufacturer#4,3-MEDIUM,3,AUTOMOBILE,SHIP,4,0.01,4,Brand#45,7,WRAP CASE,5,2151,12674.928
F,F,DELIVER IN PERSON,3,Manufacturer#1,1-URGENT,0,BUILDING,REG AIR,1,0.05,6,Brand#15,14,LG PKG,26,2155,16311.78
F,F,NONE,2,Manufacturer#2,4-NOT SPECIFIED,4,AUTOMOBILE,SHIP,2,0.01,9,Brand#21,13,SM CAN,23,2156,20446.7328
F,F,DELIVER IN PERSON,3,Manufacturer#1,4-NOT SPECIFIED,4,AUTOMOBILE,REG AIR,7,0,7,Brand#13,13,JUMBO BOX,17,2156,71233.02
F,F,COLLECT COD,4,Manufacturer#1,4-NOT SPECIFIED,1,MACHINERY,FOB,1,0.02,11,Brand#12,1,WRAP BOX,16,2157,39259.584
F,F,NONE,1,Manufacturer#1,1-URGENT,0,BUILDING,REG AIR,2,0.05,1,Brand#15,14,JUMBO CASE,1,2155,34017.885
F,F,DELIVER IN PERSON,4,Manufacturer#4,4-NOT SPECIFIED,0,AUTOMOBILE,FOB,6,0.03,13,Brand#42,5,WRAP BOX,8,1230,15903.342
F,F,TAKE BACK RETURN,4,Manufacturer#1,4-NOT SPECIFIED,0,AUTOMOBILE,FOB,4,0.02,13,Brand#15,5,MED BOX,48,1230,25165.404
F,F,COLLECT COD,2,Manufacturer#4,4-NOT SPECIFIED,2,MACHINERY,MAIL,6,0.08,8,Brand#44,12,WRAP CAN,40,2158,30330.669
F,F,COLLECT COD,3,Manufacturer#4,2-HIGH,1,BUILDING,REG AIR,4,0.03,23,Brand#41,17,WRAP BOX,13,2159,24001.56
F,F,TAKE BACK RETURN,1,Manufacturer#3,2-HIGH,1,BUILDING,RAIL,2,0.01,3,Brand#32,17,SM CASE,40,2159,27450.423
F,F,NONE,1,Manufacturer#1,4-NOT SPECIFIED,2,MACHINERY,SHIP,2,0,1,Brand#11,12,MED CASE,13,2158,40417.5184
F,F,COLLECT COD,2,Manufacturer#1,4-NOT SPECIFIED,2,MACHINERY,AIR,5,0.08,12,Brand#13,12,JUMBO CAN,23,2158,59200.722
F,F,DELIVER IN PERSON,4,Manufacturer#2,3-MEDIUM,1,HOUSEHOLD,MAIL,2,0.06,13,Brand#21,2,LG BOX,44,968,57786.8368
F,F,COLLECT COD,1,Manufacturer#2,3-MEDIUM,1,HOUSEHOLD,TRUCK,1,0.03,1,Brand#24,2,LG BAG,13,968,68056.4822
F,F,TAKE BACK RETURN,1,Manufacturer#4,5-LOW,2,BUILDING,REG AIR,2,0.07,24,Brand#42,12,SM BAG,40,1952,46901.3376
F,F,TAKE BACK RETURN,4,Manufacturer#2,4-NOT SPECIFIED,4,FURNITURE,SHIP,1,0.05,20,Brand#25,4,MED BOX,50,1362,27854.25
F,F,NONE,3,Manufacturer#3,5-LOW,2,BUILDING,TRUCK,3,0.03,19,Brand#33,12,MED DRUM,5,1952,48584.5485
F,F,COLLECT COD,4,Manufacturer#1,5-LOW,2,BUILDING,REG AIR,5,0.01,13,Brand#12,12,JUMBO BAG,2,1952,74059.0806
F,F,COLLECT COD,3,Manufacturer#5,5-LOW,2,BUILDING,TRUCK,6,0.02,6,Brand#53,12,WRAP DRUM,26,1952,18618.7365
F,F,DELIVER IN PERSON,1,Manufacturer#1,5-LOW,2,AUTOMOBILE,FOB,2,0.01,3,Brand#15,12,LG PKG,47,2160,67570.3584
F,F,TAKE BACK RETURN,2,Manufacturer#5,5-LOW,2,AUTOMOBILE,SHIP,3,0.01,9,Brand#52,12,JUMBO PKG,21,2160,43324.4928
