l_linestatus,o_orderstatus,l_returnflag,l_shipinstruct,sn_regionkey,p_mfgr,cn_regionkey,c_mktsegment,l_linenumber,l_tax,l_discount,s_nationkey,p_brand,c_nationkey,p_container,p_size,groupcol,aggcol
F,F,A,TAKE BACK RETURN,1,Manufacturer#3,2,HOUSEHOLD,4,0.06,0.04,3,Brand#34,21,JUMBO PACK,32,1,1
F,F,R,NONE,0,Manufacturer#3,1,MACHINERY,5,0.06,0.07,5,Brand#35,2,LG BAG,27,1,0
F,F,A,DELIVER IN PERSON,1,Manufacturer#3,4,MACHINERY,7,0.01,0.07,3,Brand#32,11,JUMBO PKG,38,0,1
F,F,R,DELIVER IN PERSON,2,Manufacturer#5,3,MACHINERY,5,0,0,12,Brand#52,6,LG BAG,38,0,1
F,F,A,DELIVER IN PERSON,2,Manufacturer#4,3,MACHINERY,2,0.07,0.01,8,Brand#45,22,WRAP CASE,50,1,0
F,F,R,DELIVER IN PERSON,0,Manufacturer#4,2,AUTOMOBILE,7,0.01,0.05,16,Brand#42,12,WRAP PKG,24,0,0
F,F,R,TAKE BACK RETURN,4,Manufacturer#2,0,HOUSEHOLD,6,0.03,0.05,20,Brand#25,14,LG CAN,29,1,0
F,F,R,COLLECT COD,2,Manufacturer#1,3,AUTOMOBILE,3,0.06,0.05,18,Brand#12,6,WRAP DRUM,43,0,0
F,F,A,COLLECT COD,0,Manufacturer#4,2,MACHINERY,3,0.04,0.08,15,Brand#43,21,SM JAR,20,1,0
F,F,R,COLLECT COD,4,Manufacturer#3,4,FURNITURE,4,0,0.08,4,Brand#32,13,LG JAR,24,1,1
F,F,A,COLLECT COD,0,Manufacturer#4,2,MACHINERY,4,0.07,0.05,5,Brand#43,9,JUMBO BAG,37,1,1
F,F,R,TAKE BACK RETURN,3,Manufacturer#3,3,HOUSEHOLD,3,0.02,0.03,7,Brand#34,22,SM DRUM,1,0,0
F,F,R,NONE,1,Manufacturer#3,3,FURNITURE,1,0.01,0.07,1,Brand#35,19,LG CASE,24,0,0
F,F,A,COLLECT COD,1,Manufacturer#3,3,AUTOMOBILE,1,0.08,0.09,17,Brand#32,23,LG BAG,41,0,1
F,F,A,TAKE BACK RETURN,2,Manufacturer#1,4,MACHINERY,3,0.01,0.1,8,Brand#11,4,SM PACK,23,1,1
F,F,R,TAKE BACK RETURN,1,Manufacturer#5,0,AUTOMOBILE,7,0.03,0.02,1,Brand#53,14,JUMBO DRUM,46,0,0
F,F,A,COLLECT COD,1,Manufacturer#5,0,MACHINERY,1,0.02,0.08,1,Brand#53,15,WRAP JAR,37,1,0
F,F,R,COLLECT COD,1,Manufacturer#1,3,HOUSEHOLD,6,0.05,0.02,24,Brand#12,23,MED PACK,29,1,1
F,F,R,DELIVER IN PERSON,2,Manufacturer#5,2,FURNITURE,6,0.02,0,18,Brand#54,18,WRAP BAG,15,0,0
F,F,R,NONE,0,Manufacturer#3,4,MACHINERY,4,0,0.07,15,Brand#34,20,SM BAG,40,0,1
F,F,A,NONE,1,Manufacturer#4,0,MACHINERY,2,0.04,0.07,3,Brand#44,0,SM BOX,20,0,0
F,F,A,DELIVER IN PERSON,4,Manufacturer#5,3,MACHINERY,1,0.02,0.07,20,Brand#52,23,MED CAN,15,1,1
F,F,R,NONE,2,Manufacturer#3,0,MACHINERY,1,0.04,0.04,9,Brand#32,16,MED PACK,46,0,1
F,F,R,COLLECT COD,4,Manufacturer#4,0,MACHINERY,4,0.04,0.01,20,Brand#45,16,WRAP DRUM,7,0,1
F,F,R,TAKE BACK RETURN,4,Manufacturer#2,3,MACHINERY,1,0.08,0.04,4,Brand#24,23,WRAP BOX,45,1,0
F,F,A,COLLECT COD,0,Manufacturer#4,1,MACHINERY,1,0.06,0.1,15,Brand#42,1,MED CAN,8,1,0
F,F,R,COLLECT COD,2,Manufacturer#2,4,FURNITURE,4,0.01,0.05,18,Brand#23,13,WRAP JAR,3,0,0
F,F,R,TAKE BACK RETURN,4,Manufacturer#1,1,AUTOMOBILE,2,0.08,0.1,11,Brand#12,24,JUMBO CAN,14,0,0
F,F,R,NONE,2,Manufacturer#3,3,HOUSEHOLD,2,0.04,0.1,9,Brand#33,19,WRAP DRUM,41,1,1
F,F,A,TAKE BACK RETURN,1,Manufacturer#4,0,HOUSEHOLD,4,0.01,0.02,17,Brand#45,5,WRAP PACK,9,1,1
F,F,A,TAKE BACK RETURN,4,Manufacturer#4,4,MACHINERY,2,0.03,0.01,13,Brand#42,11,WRAP CAN,37,0,1
F,F,R,TAKE BACK RETURN,2,Manufacturer#4,2,BUILDING,1,0.04,0,12,Brand#43,21,JUMBO PKG,43,1,0
F,F,R,COLLECT COD,2,Manufacturer#3,3,AUTOMOBILE,5,0.07,0.1,18,Brand#33,6,SM BAG,38,0,1
F,F,A,NONE,3,Manufacturer#2,2,BUILDING,5,0.05,0.01,6,Brand#23,8,SM JAR,33,1,0
F,F,A,DELIVER IN PERSON,2,Manufacturer#2,3,AUTOMOBILE,1,0,0.06,12,Brand#24,23,SM PKG,16,1,0
F,F,R,NONE,3,Manufacturer#5,0,FURNITURE,3,0.05,0.09,22,Brand#55,5,MED BAG,26,0,1
F,F,R,TAKE BACK RETURN,0,Manufacturer#5,0,AUTOMOBILE,3,0.06,0.09,15,Brand#53,14,WRAP PKG,7,1,0
F,F,R,COLLECT COD,2,Manufacturer#2,3,MACHINERY,2,0.02,0,9,Brand#23,7,SM PKG,25,1,1
F,F,R,NONE,2,Manufacturer#1,2,BUILDING,1,0.04,0.03,9,Brand#15,12,WRAP BOX,15,0,1
F,F,A,DELIVER IN PERSON,1,Manufacturer#2,4,BUILDING,1,0.07,0.03,24,Brand#24,20,SM DRUM,15,1,1
F,F,A,NONE,0,Manufacturer#1,4,BUILDING,1,0,0.1,15,Brand#14,13,WRAP DRUM,28,1,1
F,F,R,COLLECT COD,1,Manufacturer#1,4,BUILDING,3,0.06,0.04,2,Brand#12,10,WRAP BAG,38,0,1
F,F,A,TAKE BACK RETURN,4,Manufacturer#5,4,FURNITURE,4,0.04,0.05,11,Brand#55,4,MED JAR,50,1,0
F,F,A,COLLECT COD,2,Manufacturer#4,0,BUILDING,3,0.07,0.1,12,Brand#44,14,MED PKG,14,1,1
F,F,A,COLLECT COD,1,Manufacturer#5,1,HOUSEHOLD,3,0.08,0.08,24,Brand#52,1,MED BAG,40,0,0
F,F,A,COLLECT COD,2,Manufacturer#5,1,HOUSEHOLD,4,0.06,0.05,12,Brand#52,24,JUMBO BOX,1,0,1
F,F,R,TAKE BACK RETURN,0,Manufacturer#5,2,MACHINERY,3,0,0.03,16,Brand#54,18,MED BAG,18,1,0
F,F,A,DELIVER IN PERSON,4,Manufacturer#4,2,MACHINERY,1,0.01,0.06,13,Brand#42,18,LG CAN,42,1,1
F,F,R,TAKE BACK RETURN,2,Manufacturer#4,2,FURNITURE,3,0.01,0.08,18,Brand#45,21,JUMBO PKG,44,0,0
F,F,R,COLLECT COD,3,Manufacturer#1,0,BUILDING,4,0,0.07,6,Brand#14,5,MED BAG,2,1,0
F,F,R,NONE,2,Manufacturer#3,3,BUILDING,3,0.03,0.07,21,Brand#32,19,SM CAN,26,0,1
F,F,R,COLLECT COD,2,Manufacturer#5,4,BUILDING,1,0.06,0.02,9,Brand#53,10,LG BOX,29,1,1
F,F,R,COLLECT COD,0,Manufacturer#3,2,HOUSEHOLD,1,0.02,0.08,15,Brand#32,21,LG BOX,37,0,1
F,F,R,COLLECT COD,4,Manufacturer#3,0,BUILDING,2,0.04,0.01,11,Brand#32,14,MED CASE,29,0,1
F,F,R,DELIVER IN PERSON,4,Manufacturer#5,1,MACHINERY,2,0.03,0.03,11,Brand#55,3,LG JAR,20,1,0
F,F,A,NONE,2,Manufacturer#4,1,MACHINERY,1,0.07,0.01,8,Brand#42,3,JUMBO CASE,21,0,0
F,F,A,COLLECT COD,2,Manufacturer#4,4,AUTOMOBILE,2,0.02,0.08,12,Brand#45,20,MED JAR,35,1,0
F,F,R,TAKE BACK RETURN,2,Manufacturer#2,0,BUILDING,5,0.06,0.03,9,Brand#24,5,WRAP PACK,48,1,0
F,F,A,TAKE BACK RETURN,1,Manufacturer#4,1,FURNITURE,1,0.01,0,2,Brand#41,1,SM PACK,1,0,1
F,F,A,TAKE BACK RETURN,3,Manufacturer#3,0,FURNITURE,4,0.05,0.05,7,Brand#33,14,WRAP PKG,16,1,1
F,F,A,COLLECT COD,4,Manufacturer#5,0,HOUSEHOLD,4,0.07,0.01,10,Brand#53,16,MED JAR,12,0,1
F,F,A,NONE,0,Manufacturer#1,2,FURNITURE,1,0.02,0.02,15,Brand#11,9,SM DRUM,16,1,1
F,F,R,NONE,2,Manufacturer#5,1,FURNITURE,5,0.07,0.01,21,Brand#53,1,LG CAN,10,0,0
F,F,A,DELIVER IN PERSON,3,Manufacturer#1,2,MACHINERY,6,0.05,0.03,7,Brand#14,18,SM JAR,41,0,0
F,F,A,NONE,4,Manufacturer#1,0,FURNITURE,7,0,0,13,Brand#13,15,LG JAR,45,1,0
F,F,A,COLLECT COD,4,Manufacturer#2,3,AUTOMOBILE,2,0.04,0.1,13,Brand#22,7,JUMBO PKG,17,1,1
F,F,A,NONE,1,Manufacturer#2,4,FURNITURE,1,0.06,0.02,17,Brand#24,11,WRAP JAR,2,0,0
F,F,A,NONE,4,Manufacturer#5,4,FURNITURE,2,0.02,0.01,10,Brand#51,10,LG BAG,23,1,1
F,F,R,NONE,2,Manufacturer#5,4,MACHINERY,5,0,0,18,Brand#52,4,WRAP CAN,8,1,1
F,F,A,COLLECT COD,3,Manufacturer#4,1,MACHINERY,2,0.04,0.08,7,Brand#45,17,WRAP CAN,4,1,0
F,F,A,TAKE BACK RETURN,1,Manufacturer#3,1,MACHINERY,2,0.08,0.07,2,Brand#34,24,LG CASE,22,1,0
F,F,A,TAKE BACK RETURN,3,Manufacturer#3,4,BUILDING,2,0.08,0,23,Brand#35,10,WRAP DRUM,13,0,1
F,F,R,COLLECT COD,2,Manufacturer#2,4,AUTOMOBILE,3,0.06,0.07,8,Brand#22,13,LG DRUM,9,1,1
F,F,A,NONE,1,Manufacturer#4,1,MACHINERY,5,0.01,0.05,17,Brand#41,2,WRAP CASE,24,1,0
F,F,R,COLLECT COD,2,Manufacturer#3,1,AUTOMOBILE,1,0.04,0.04,9,Brand#33,24,JUMBO CAN,35,1,0
F,F,R,NONE,2,Manufacturer#5,3,FURNITURE,1,0.04,0.09,8,Brand#53,7,SM JAR,10,0,0
F,F,R,NONE,2,Manufacturer#5,0,FURNITURE,7,0.01,0.1,9,Brand#53,16,JUMBO CAN,27,1,0
F,F,R,TAKE BACK RETURN,0,Manufacturer#4,4,AUTOMOBILE,4,0.08,0.1,5,Brand#44,20,MED PACK,20,1,0
F,F,R,TAKE BACK RETURN,3,Manufacturer#5,4,BUILDING,2,0,0,19,Brand#54,13,SM PKG,35,0,0
F,F,A,TAKE BACK RETURN,2,Manufacturer#5,4,BUILDING,7,0.04,0.03,9,Brand#51,11,JUMBO PKG,24,1,0
F,F,A,NONE,0,Manufacturer#5,2,BUILDING,3,0.01,0,14,Brand#54,18,WRAP CAN,12,1,1
F,F,R,TAKE BACK RETURN,2,Manufacturer#5,4,HOUSEHOLD,1,0.06,0.01,21,Brand#53,20,MED JAR,46,0,0
F,F,A,COLLECT COD,0,Manufacturer#1,2,BUILDING,2,0.07,0.04,16,Brand#11,21,JUMBO PKG,43,1,1
F,F,A,NONE,4,Manufacturer#1,4,HOUSEHOLD,2,0.01,0.05,11,Brand#14,11,JUMBO JAR,21,1,1
F,F,R,DELIVER IN PERSON,2,Manufacturer#1,3,FURNITURE,6,0.04,0.09,12,Brand#14,6,SM DRUM,9,0,1
F,F,R,NONE,3,Manufacturer#4,3,FURNITURE,3,0.05,0.01,6,Brand#43,6,JUMBO PKG,39,0,1
F,F,R,DELIVER IN PERSON,4,Manufacturer#3,3,HOUSEHOLD,6,0.06,0.08,13,Brand#35,19,MED BAG,36,1,1
F,F,R,TAKE BACK RETURN,0,Manufacturer#5,1,AUTOMOBILE,1,0.05,0.03,16,Brand#52,24,JUMBO DRUM,16,0,0
F,F,A,TAKE BACK RETURN,1,Manufacturer#2,0,BUILDING,2,0.01,0.05,24,Brand#25,14,WRAP BAG,37,1,1
F,F,R,DELIVER IN PERSON,0,Manufacturer#1,0,BUILDING,3,0.02,0.01,0,Brand#11,14,JUMBO CAN,36,1,1
F,F,A,NONE,4,Manufacturer#2,2,BUILDING,2,0.08,0.09,11,Brand#24,21,JUMBO BAG,43,0,1
F,F,A,COLLECT COD,1,Manufacturer#2,1,FURNITURE,1,0.04,0.1,3,Brand#22,2,MED CASE,40,0,1
F,F,A,DELIVER IN PERSON,4,Manufacturer#5,0,HOUSEHOLD,6,0.03,0.09,20,Brand#51,5,MED JAR,8,0,1
F,F,R,COLLECT COD,4,Manufacturer#1,0,BUILDING,4,0,0.07,11,Brand#13,14,JUMBO BOX,28,0,1
F,F,R,NONE,1,Manufacturer#2,3,BUILDING,4,0.05,0.02,24,Brand#24,19,SM BOX,27,1,1
F,F,R,DELIVER IN PERSON,2,Manufacturer#3,3,BUILDING,1,0.07,0.08,12,Brand#34,23,MED CASE,4,0,0
F,F,R,DELIVER IN PERSON,2,Manufacturer#4,1,HOUSEHOLD,5,0.06,0.05,12,Brand#42,3,LG JAR,28,1,1
F,F,R,NONE,2,Manufacturer#4,1,MACHINERY,2,0.06,0.05,9,Brand#42,1,SM BAG,16,1,1
F,F,R,DELIVER IN PERSON,2,Manufacturer#2,4,BUILDING,2,0.05,0.01,12,Brand#21,11,LG CASE,37,0,0
F,F,A,TAKE BACK RETURN,1,Manufacturer#1,4,AUTOMOBILE,2,0.03,0.05,3,Brand#14,10,WRAP BAG,45,0,1
F,F,R,COLLECT COD,0,Manufacturer#5,1,FURNITURE,1,0.08,0.02,5,Brand#51,1,LG BOX,45,1,0
F,F,A,NONE,0,Manufacturer#5,3,AUTOMOBILE,3,0.03,0.05,0,Brand#55,7,SM CASE,50,0,0
F,F,A,COLLECT COD,3,Manufacturer#2,3,FURNITURE,3,0,0.09,23,Brand#24,23,SM JAR,26,0,0
F,F,A,DELIVER IN PERSON,4,Manufacturer#5,1,HOUSEHOLD,7,0.03,0.02,10,Brand#55,3,JUMBO PKG,15,0,1
F,F,R,NONE,3,Manufacturer#2,0,MACHINERY,4,0.06,0.03,19,Brand#25,0,MED PKG,33,1,1
F,F,R,COLLECT COD,3,Manufacturer#2,3,FURNITURE,2,0.04,0.02,6,Brand#21,19,LG DRUM,42,1,0
F,F,R,DELIVER IN PERSON,0,Manufacturer#1,4,HOUSEHOLD,4,0.04,0.04,14,Brand#11,20,LG BOX,6,1,0
F,F,A,COLLECT COD,1,Manufacturer#1,1,MACHINERY,2,0,0.1,2,Brand#14,24,WRAP JAR,49,1,1
F,F,A,NONE,4,Manufacturer#3,0,AUTOMOBILE,2,0.01,0.03,11,Brand#34,0,SM BAG,26,0,1
F,F,R,NONE,3,Manufacturer#4,2,BUILDING,1,0.02,0.06,7,Brand#42,8,MED PKG,14,0,1
F,F,A,NONE,4,Manufacturer#2,1,HOUSEHOLD,1,0.04,0.07,4,Brand#24,17,JUMBO BOX,10,0,1
F,F,R,TAKE BACK RETURN,1,Manufacturer#1,2,MACHINERY,2,0.02,0.01,17,Brand#14,21,MED DRUM,24,0,1
F,F,A,NONE,4,Manufacturer#1,1,MACHINERY,3,0.04,0.02,10,Brand#13,24,JUMBO BOX,16,1,0
F,F,R,COLLECT COD,2,Manufacturer#3,3,MACHINERY,7,0.04,0.1,8,Brand#35,19,LG BOX,40,0,0
F,F,R,DELIVER IN PERSON,1,Manufacturer#1,0,MACHINERY,6,0.05,0.05,24,Brand#14,14,LG DRUM,3,1,0
F,F,A,COLLECT COD,3,Manufacturer#1,0,MACHINERY,5,0.05,0.09,6,Brand#12,14,MED DRUM,6,1,0
F,F,R,NONE,0,Manufacturer#5,1,BUILDING,4,0.08,0.06,5,Brand#51,1,LG CAN,41,0,1
F,F,A,DELIVER IN PERSON,4,Manufacturer#5,3,BUILDING,2,0.02,0.06,10,Brand#54,23,JUMBO DRUM,31,1,0
F,F,R,COLLECT COD,0,Manufacturer#2,3,BUILDING,5,0.08,0.07,0,Brand#24,23,SM PKG,48,1,0
F,F,A,NONE,3,Manufacturer#2,2,MACHINERY,3,0,0.01,6,Brand#24,12,SM PKG,11,1,1
F,F,A,TAKE BACK RETURN,3,Manufacturer#3,2,MACHINERY,2,0,0.09,22,Brand#31,12,LG PACK,5,1,1
F,F,A,DELIVER IN PERSON,0,Manufacturer#2,1,BUILDING,4,0.02,0.04,0,Brand#21,2,JUMBO DRUM,6,1,0
F,F,R,DELIVER IN PERSON,2,Manufacturer#1,4,HOUSEHOLD,4,0.07,0.06,18,Brand#13,11,SM BOX,38,0,0
F,F,R,DELIVER IN PERSON,0,Manufacturer#4,0,AUTOMOBILE,5,0.07,0.03,16,Brand#43,16,MED PACK,11,0,1
F,F,R,COLLECT COD,1,Manufacturer#1,3,AUTOMOBILE,5,0.08,0.09,2,Brand#15,6,WRAP BOX,15,1,0
F,F,R,NONE,1,Manufacturer#2,1,BUILDING,3,0.07,0.05,1,Brand#21,3,LG CAN,15,0,0
F,F,R,DELIVER IN PERSON,2,Manufacturer#2,1,BUILDING,3,0.07,0.07,9,Brand#23,1,WRAP BOX,50,1,1
F,F,R,TAKE BACK RETURN,2,Manufacturer#1,0,HOUSEHOLD,3,0.01,0.09,8,Brand#14,5,JUMBO PACK,47,1,1
F,F,R,TAKE BACK RETURN,3,Manufacturer#3,0,BUILDING,6,0,0.06,6,Brand#31,0,LG PKG,21,1,1
F,F,R,DELIVER IN PERSON,4,Manufacturer#2,0,MACHINERY,3,0.05,0,20,Brand#24,16,WRAP PACK,49,0,1
F,F,A,NONE,3,Manufacturer#2,0,MACHINERY,5,0.03,0.05,23,Brand#22,16,JUMBO PKG,7,1,1
F,F,R,DELIVER IN PERSON,2,Manufacturer#2,0,FURNITURE,1,0.07,0.1,18,Brand#21,0,WRAP PKG,38,1,0
F,F,R,DELIVER IN PERSON,1,Manufacturer#5,4,FURNITURE,4,0,0.03,17,Brand#55,11,SM CASE,12,0,1
F,F,R,NONE,3,Manufacturer#4,0,AUTOMOBILE,4,0.02,0.05,22,Brand#41,15,MED DRUM,8,0,1
F,F,R,DELIVER IN PERSON,2,Manufacturer#4,4,BUILDING,1,0.02,0.04,9,Brand#45,11,SM BAG,4,0,0
F,F,A,DELIVER IN PERSON,2,Manufacturer#1,2,MACHINERY,1,0,0,12,Brand#12,18,SM BAG,8,0,1
F,F,R,NONE,1,Manufacturer#2,1,AUTOMOBILE,4,0.07,0.01,3,Brand#21,1,JUMBO CAN,11,1,0
F,F,R,NONE,2,Manufacturer#2,1,HOUSEHOLD,1,0.01,0.03,12,Brand#25,1,JUMBO CASE,21,1,1
F,F,A,DELIVER IN PERSON,4,Manufacturer#4,1,FURNITURE,2,0.04,0.03,11,Brand#43,3,MED JAR,17,1,1
F,F,A,TAKE BACK RETURN,0,Manufacturer#4,4,MACHINERY,3,0,0.02,16,Brand#42,10,LG JAR,33,0,1
F,F,R,COLLECT COD,1,Manufacturer#2,2,BUILDING,4,0.06,0.02,3,Brand#21,8,JUMBO PKG,38,1,0
F,F,A,TAKE BACK RETURN,2,Manufacturer#2,2,BUILDING,7,0.04,0.07,21,Brand#21,8,SM BOX,11,0,0
F,F,A,DELIVER IN PERSON,0,Manufacturer#5,0,BUILDING,3,0.07,0.1,14,Brand#54,5,WRAP CASE,1,0,1
F,F,A,TAKE BACK RETURN,0,Manufacturer#4,2,MACHINERY,1,0,0.02,16,Brand#42,9,WRAP CAN,13,0,0
F,F,R,COLLECT COD,3,Manufacturer#2,2,MACHINERY,3,0,0,23,Brand#22,18,MED CAN,21,1,1
F,F,A,NONE,4,Manufacturer#3,3,MACHINERY,2,0.07,0.07,20,Brand#31,7,MED PKG,33,0,1
F,F,R,COLLECT COD,4,Manufacturer#5,4,HOUSEHOLD,4,0.03,0.05,4,Brand#52,10,JUMBO JAR,35,1,1
F,F,R,NONE,2,Manufacturer#5,2,MACHINERY,1,0.03,0.01,9,Brand#52,9,SM BOX,16,0,0
F,F,A,TAKE BACK RETURN,4,Manufacturer#5,0,FURNITURE,1,0.03,0.01,20,Brand#54,14,JUMBO DRUM,31,0,0
F,F,A,TAKE BACK RETURN,0,Manufacturer#2,3,HOUSEHOLD,3,0.04,0.08,16,Brand#22,6,SM PACK,34,1,0
F,F,R,NONE,0,Manufacturer#4,3,FURNITURE,6,0.02,0.05,5,Brand#42,7,SM DRUM,40,1,0
F,F,R,NONE,4,Manufacturer#2,3,HOUSEHOLD,6,0.08,0.04,4,Brand#22,6,LG CASE,12,0,0
F,F,R,DELIVER IN PERSON,3,Manufacturer#4,0,BUILDING,6,0.02,0.07,6,Brand#44,15,WRAP PKG,39,1,1
F,F,R,NONE,2,Manufacturer#4,4,MACHINERY,2,0.06,0.01,12,Brand#45,10,LG CAN,14,1,0
F,F,R,TAKE BACK RETURN,1,Manufacturer#1,4,FURNITURE,2,0.01,0.09,2,Brand#15,11,SM DRUM,47,0,0
F,F,R,DELIVER IN PERSON,4,Manufacturer#3,0,MACHINERY,4,0.06,0.01,11,Brand#32,0,MED BAG,31,0,0
F,F,R,NONE,1,Manufacturer#4,3,BUILDING,4,0.06,0.1,3,Brand#41,23,SM CASE,12,1,0
F,F,A,COLLECT COD,3,Manufacturer#2,2,BUILDING,5,0.07,0.1,7,Brand#22,9,WRAP PKG,46,1,1
F,F,A,TAKE BACK RETURN,3,Manufacturer#5,4,HOUSEHOLD,1,0.05,0.04,7,Brand#52,4,SM PACK,24,1,0
F,F,R,DELIVER IN PERSON,4,Manufacturer#1,3,BUILDING,4,0.06,0.03,13,Brand#15,7,JUMBO BAG,48,1,1
F,F,R,NONE,3,Manufacturer#5,1,FURNITURE,2,0.02,0.05,7,Brand#55,24,JUMBO PACK,43,1,1
F,F,R,NONE,3,Manufacturer#2,2,BUILDING,3,0.03,0.02,23,Brand#25,8,SM PKG,24,0,1
F,F,A,NONE,4,Manufacturer#2,4,AUTOMOBILE,5,0.05,0.04,13,Brand#22,4,MED CAN,4,1,1
F,F,A,DELIVER IN PERSON,0,Manufacturer#2,4,AUTOMOBILE,4,0,0.03,15,Brand#24,4,WRAP BAG,14,1,1
F,F,A,DELIVER IN PERSON,4,Manufacturer#3,2,HOUSEHOLD,2,0.06,0.1,11,Brand#32,21,JUMBO DRUM,19,1,1
F,F,R,DELIVER IN PERSON,3,Manufacturer#2,0,BUILDING,3,0,0.05,22,Brand#25,0,LG JAR,46,1,1
F,F,R,TAKE BACK RETURN,3,Manufacturer#2,4,FURNITURE,6,0.04,0.04,19,Brand#23,13,WRAP CASE,18,0,1
F,F,R,TAKE BACK RETURN,0,Manufacturer#3,0,MACHINERY,7,0.01,0.01,15,Brand#32,14,LG PKG,32,0,0
F,F,R,COLLECT COD,4,Manufacturer#4,4,HOUSEHOLD,2,0.05,0.01,11,Brand#42,13,SM BAG,16,0,1
F,F,A,COLLECT COD,1,Manufacturer#1,0,BUILDING,4,0.07,0.02,17,Brand#15,5,SM PACK,25,0,0
F,F,R,NONE,0,Manufacturer#3,2,BUILDING,2,0.04,0.02,0,Brand#32,21,SM CASE,50,1,0
F,F,R,TAKE BACK RETURN,2,Manufacturer#4,0,FURNITURE,1,0.05,0.07,8,Brand#42,14,SM PACK,42,0,0
F,F,A,DELIVER IN PERSON,2,Manufacturer#3,1,BUILDING,3,0,0.03,9,Brand#32,3,MED PACK,45,0,0
F,F,R,TAKE BACK RETURN,1,Manufacturer#4,4,MACHINERY,3,0.08,0,2,Brand#44,11,SM BAG,28,1,1
F,F,A,DELIVER IN PERSON,3,Manufacturer#4,3,FURNITURE,2,0.02,0.07,23,Brand#44,22,SM BAG,4,0,1
F,F,A,COLLECT COD,4,Manufacturer#1,3,MACHINERY,5,0.06,0.05,20,Brand#15,23,MED CASE,14,1,1
F,F,R,COLLECT COD,3,Manufacturer#4,1,AUTOMOBILE,1,0,0.05,23,Brand#42,3,WRAP CASE,49,0,1
F,F,R,DELIVER IN PERSON,1,Manufacturer#1,3,FURNITURE,1,0.02,0.07,1,Brand#14,19,MED CASE,16,1,0
F,F,R,NONE,3,Manufacturer#4,3,MACHINERY,3,0.05,0.07,22,Brand#43,7,SM BAG,2,0,0
F,F,R,DELIVER IN PERSON,4,Manufacturer#3,2,HOUSEHOLD,3,0.03,0.04,10,Brand#31,9,LG PACK,44,1,0
F,F,R,COLLECT COD,2,Manufacturer#3,3,MACHINERY,1,0.02,0.03,18,Brand#35,22,JUMBO BAG,3,0,0
F,F,A,DELIVER IN PERSON,2,Manufacturer#3,4,FURNITURE,4,0,0.1,12,Brand#35,4,LG DRUM,10,1,1
F,F,A,COLLECT COD,0,Manufacturer#4,1,FURNITURE,5,0.06,0.07,5,Brand#45,2,LG JAR,30,1,0
F,F,R,COLLECT COD,2,Manufacturer#5,3,MACHINERY,4,0.05,0.07,18,Brand#51,22,MED DRUM,9,1,0
F,F,R,DELIVER IN PERSON,0,Manufacturer#1,3,HOUSEHOLD,6,0.01,0.04,16,Brand#13,19,LG CASE,13,0,1
F,F,R,COLLECT COD,3,Manufacturer#2,0,BUILDING,4,0.07,0.05,19,Brand#23,0,MED CAN,32,0,1
F,F,A,NONE,2,Manufacturer#4,1,BUILDING,5,0.02,0.07,21,Brand#45,17,JUMBO DRUM,39,1,0
F,F,A,COLLECT COD,1,Manufacturer#2,4,BUILDING,1,0.04,0,1,Brand#23,10,JUMBO DRUM,39,1,0
F,F,R,NONE,0,Manufacturer#2,3,BUILDING,2,0.07,0.03,14,Brand#23,6,WRAP BOX,33,0,1
F,F,A,TAKE BACK RETURN,2,Manufacturer#1,3,FURNITURE,3,0.06,0.02,8,Brand#12,22,LG PACK,44,1,0
F,F,R,TAKE BACK RETURN,0,Manufacturer#3,1,FURNITURE,2,0.07,0.06,0,Brand#32,24,JUMBO BOX,48,0,1
F,F,R,DELIVER IN PERSON,1,Manufacturer#3,4,HOUSEHOLD,2,0,0.1,3,Brand#31,13,SM BAG,50,0,1
F,F,R,DELIVER IN PERSON,4,Manufacturer#2,1,HOUSEHOLD,2,0,0.04,10,Brand#21,3,JUMBO BOX,23,0,1
F,F,A,COLLECT COD,3,Manufacturer#1,3,FURNITURE,6,0,0.1,6,Brand#15,19,WRAP BAG,22,1,1
F,F,R,COLLECT COD,2,Manufacturer#2,0,FURNITURE,3,0.04,0.01,9,Brand#22,14,MED DRUM,29,0,1
F,F,R,TAKE BACK RETURN,0,Manufacturer#4,2,HOUSEHOLD,3,0.08,0.01,14,Brand#45,21,SM JAR,21,1,0
F,F,A,DELIVER IN PERSON,0,Manufacturer#5,2,HOUSEHOLD,5,0.07,0.09,16,Brand#51,9,WRAP CAN,14,0,1
F,F,A,DELIVER IN PERSON,2,Manufacturer#5,4,HOUSEHOLD,1,0.02,0.09,8,Brand#52,20,JUMBO JAR,50,0,1
F,F,R,TAKE BACK RETURN,4,Manufacturer#1,2,AUTOMOBILE,5,0.06,0.09,11,Brand#13,21,SM BOX,44,0,0
F,F,R,DELIVER IN PERSON,3,Manufacturer#4,3,BUILDING,1,0.06,0.07,23,Brand#45,7,LG JAR,36,1,0
F,F,A,NONE,0,Manufacturer#1,4,HOUSEHOLD,4,0.08,0.08,0,Brand#14,10,JUMBO CASE,12,1,1
F,F,R,NONE,1,Manufacturer#2,2,MACHINERY,3,0.04,0.05,3,Brand#25,8,WRAP JAR,20,1,1
F,F,A,TAKE BACK RETURN,2,Manufacturer#4,2,FURNITURE,3,0.07,0.03,18,Brand#45,12,JUMBO DRUM,22,1,1
F,F,A,NONE,1,Manufacturer#4,2,FURNITURE,4,0.07,0.06,24,Brand#44,12,LG CASE,36,1,1
F,F,A,COLLECT COD,0,Manufacturer#4,4,BUILDING,3,0,0.01,16,Brand#45,10,LG CAN,27,0,0
F,F,A,TAKE BACK RETURN,2,Manufacturer#3,0,MACHINERY,1,0,0.05,8,Brand#34,5,JUMBO BOX,15,1,1
F,F,A,NONE,2,Manufacturer#5,4,HOUSEHOLD,5,0.04,0.03,12,Brand#52,13,WRAP DRUM,42,1,1
F,F,A,COLLECT COD,3,Manufacturer#1,2,AUTOMOBILE,6,0,0.06,22,Brand#14,12,LG PACK,13,1,0
F,F,A,TAKE BACK RETURN,0,Manufacturer#3,2,HOUSEHOLD,3,0.06,0.02,5,Brand#32,21,LG CASE,35,1,1
F,F,R,NONE,4,Manufacturer#4,2,HOUSEHOLD,7,0.06,0,11,Brand#45,9,WRAP CAN,29,1,1
F,F,A,COLLECT COD,3,Manufacturer#4,3,MACHINERY,2,0.02,0.04,7,Brand#42,6,JUMBO JAR,41,1,1
F,F,A,COLLECT COD,2,Manufacturer#3,2,FURNITURE,4,0.05,0.08,12,Brand#33,18,LG BAG,31,1,1
F,F,R,NONE,0,Manufacturer#4,1,BUILDING,2,0.02,0.03,14,Brand#41,1,MED BOX,5,1,1
F,F,R,DELIVER IN PERSON,1,Manufacturer#4,4,HOUSEHOLD,1,0.01,0.07,24,Brand#43,4,LG CASE,7,0,1
F,F,A,DELIVER IN PERSON,0,Manufacturer#5,1,MACHINERY,1,0.04,0.08,15,Brand#52,24,SM CASE,20,1,1
F,F,A,COLLECT COD,3,Manufacturer#4,1,MACHINERY,4,0,0.04,6,Brand#42,24,WRAP PACK,46,0,1
F,F,R,NONE,3,Manufacturer#1,3,BUILDING,5,0.03,0.1,22,Brand#13,23,LG JAR,41,1,1
F,F,A,NONE,1,Manufacturer#5,0,HOUSEHOLD,1,0.06,0.05,3,Brand#54,16,MED PKG,24,1,0
F,F,R,TAKE BACK RETURN,1,Manufacturer#3,4,FURNITURE,4,0.05,0.01,1,Brand#31,20,WRAP DRUM,43,1,1
F,F,A,NONE,1,Manufacturer#5,0,AUTOMOBILE,5,0.02,0.07,2,Brand#55,14,WRAP BOX,33,1,1
F,F,R,TAKE BACK RETURN,1,Manufacturer#3,4,HOUSEHOLD,3,0,0.01,1,Brand#32,10,MED PACK,45,1,0
F,F,R,DELIVER IN PERSON,1,Manufacturer#4,1,AUTOMOBILE,2,0.06,0.09,17,Brand#43,2,WRAP JAR,44,1,1
F,F,A,TAKE BACK RETURN,4,Manufacturer#4,1,FURNITURE,1,0.07,0.03,20,Brand#45,3,JUMBO CAN,35,0,0
F,F,A,TAKE BACK RETURN,2,Manufacturer#4,1,AUTOMOBILE,1,0.01,0.08,9,Brand#41,24,LG PACK,18,1,1
F,F,R,COLLECT COD,3,Manufacturer#2,1,HOUSEHOLD,4,0.05,0.08,22,Brand#22,17,WRAP BOX,50,1,0
F,F,A,TAKE BACK RETURN,3,Manufacturer#1,1,FURNITURE,4,0,0.07,22,Brand#15,17,WRAP CASE,38,1,1
F,F,R,NONE,2,Manufacturer#1,0,MACHINERY,3,0.03,0.08,8,Brand#13,0,SM CAN,1,1,1
F,F,A,TAKE BACK RETURN,0,Manufacturer#1,3,FURNITURE,2,0.02,0,15,Brand#12,23,JUMBO PKG,28,1,1
F,F,R,TAKE BACK RETURN,4,Manufacturer#4,0,FURNITURE,1,0.07,0.05,11,Brand#44,16,SM PKG,5,1,1
F,F,A,NONE,0,Manufacturer#5,4,MACHINERY,4,0,0.04,16,Brand#51,10,WRAP CASE,6,0,1
F,F,R,TAKE BACK RETURN,2,Manufacturer#3,3,MACHINERY,5,0.07,0.04,18,Brand#34,19,WRAP JAR,9,0,1
F,F,R,DELIVER IN PERSON,1,Manufacturer#1,0,AUTOMOBILE,6,0.05,0.09,24,Brand#11,15,LG DRUM,11,1,1
F,F,A,DELIVER IN PERSON,2,Manufacturer#3,0,AUTOMOBILE,3,0,0.04,21,Brand#35,15,MED CAN,4,1,1
F,F,R,TAKE BACK RETURN,4,Manufacturer#3,0,BUILDING,3,0.05,0.07,20,Brand#33,14,SM JAR,20,0,1
F,F,A,DELIVER IN PERSON,3,Manufacturer#3,2,FURNITURE,2,0.01,0.08,23,Brand#33,18,LG PACK,35,1,1
F,F,R,TAKE BACK RETURN,1,Manufacturer#4,4,HOUSEHOLD,5,0,0.03,2,Brand#42,4,SM PKG,8,0,0
F,F,A,COLLECT COD,4,Manufacturer#3,0,FURNITURE,1,0.01,0.05,4,Brand#31,0,LG BAG,20,1,0
F,F,R,DELIVER IN PERSON,0,Manufacturer#4,3,HOUSEHOLD,1,0,0,14,Brand#42,22,JUMBO CAN,45,0,1
F,F,R,NONE,1,Manufacturer#2,1,BUILDING,3,0.01,0.07,24,Brand#23,1,LG PACK,13,1,0
F,F,R,TAKE BACK RETURN,4,Manufacturer#3,2,AUTOMOBILE,5,0.06,0.09,20,Brand#33,18,JUMBO JAR,48,0,1
F,F,A,NONE,0,Manufacturer#4,2,HOUSEHOLD,5,0.01,0.05,16,Brand#43,8,JUMBO CAN,5,1,1
F,F,R,TAKE BACK RETURN,4,Manufacturer#2,0,HOUSEHOLD,1,0.07,0.09,20,Brand#22,0,SM BOX,29,0,1
F,F,R,DELIVER IN PERSON,1,Manufacturer#2,1,HOUSEHOLD,1,0,0.07,3,Brand#21,3,SM CASE,1,0,0
F,F,R,NONE,3,Manufacturer#1,2,BUILDING,3,0.08,0.03,22,Brand#14,8,SM PACK,2,0,1
F,F,A,DELIVER IN PERSON,2,Manufacturer#2,4,BUILDING,5,0.01,0.05,9,Brand#21,11,LG PKG,41,1,1
F,F,A,DELIVER IN PERSON,3,Manufacturer#4,2,FURNITURE,2,0.07,0.03,23,Brand#45,18,LG PACK,36,1,0
F,F,A,TAKE BACK RETURN,3,Manufacturer#2,1,AUTOMOBILE,1,0.06,0.01,23,Brand#25,3,SM CAN,34,0,1
F,F,R,DELIVER IN PERSON,4,Manufacturer#1,0,MACHINERY,2,0.08,0.07,11,Brand#14,16,JUMBO PACK,5,1,0
F,F,A,TAKE BACK RETURN,3,Manufacturer#1,4,FURNITURE,5,0.05,0.06,6,Brand#11,11,LG DRUM,7,1,1
F,F,R,DELIVER IN PERSON,1,Manufacturer#5,0,AUTOMOBILE,5,0.06,0.03,17,Brand#55,16,JUMBO JAR,46,1,1
F,F,A,TAKE BACK RETURN,4,Manufacturer#5,1,FURNITURE,3,0.01,0,20,Brand#53,17,JUMBO JAR,50,0,1
F,F,R,COLLECT COD,3,Manufacturer#4,2,HOUSEHOLD,2,0.01,0,7,Brand#43,21,WRAP JAR,48,1,0
F,F,R,TAKE BACK RETURN,2,Manufacturer#5,4,BUILDING,2,0.02,0.06,18,Brand#54,11,MED CAN,15,1,1
F,F,A,NONE,3,Manufacturer#4,0,BUILDING,5,0.05,0.07,19,Brand#43,0,LG BOX,2,0,1
F,F,A,COLLECT COD,1,Manufacturer#5,2,FURNITURE,1,0.08,0.09,17,Brand#51,8,LG PKG,25,1,1
F,F,A,DELIVER IN PERSON,0,Manufacturer#5,1,HOUSEHOLD,6,0,0.1,14,Brand#55,3,SM CAN,47,1,0
F,F,A,NONE,4,Manufacturer#2,4,BUILDING,1,0,0.04,10,Brand#21,13,JUMBO PACK,40,0,1
F,F,A,DELIVER IN PERSON,3,Manufacturer#1,3,HOUSEHOLD,1,0.05,0.05,7,Brand#12,23,SM BOX,41,1,1
F,F,R,TAKE BACK RETURN,0,Manufacturer#3,0,MACHINERY,2,0.01,0.03,14,Brand#33,15,MED BOX,32,1,0
F,F,A,DELIVER IN PERSON,2,Manufacturer#2,4,FURNITURE,4,0.07,0.02,12,Brand#24,11,WRAP CASE,19,0,1
F,F,R,DELIVER IN PERSON,2,Manufacturer#4,0,AUTOMOBILE,6,0.03,0,21,Brand#41,0,LG JAR,34,0,0
F,F,A,DELIVER IN PERSON,2,Manufacturer#3,0,BUILDING,5,0.01,0.07,21,Brand#33,0,MED PACK,29,0,0
F,F,R,COLLECT COD,3,Manufacturer#4,0,AUTOMOBILE,2,0.05,0,7,Brand#44,0,WRAP BOX,11,0,1
F,F,A,COLLECT COD,4,Manufacturer#1,4,MACHINERY,6,0.05,0.05,20,Brand#13,20,LG PKG,39,1,0
F,F,R,TAKE BACK RETURN,4,Manufacturer#2,4,MACHINERY,4,0.01,0.05,11,Brand#22,4,SM PKG,28,0,1
F,F,R,DELIVER IN PERSON,4,Manufacturer#2,4,BUILDING,1,0.06,0.08,13,Brand#21,13,WRAP PKG,28,0,1
F,F,R,DELIVER IN PERSON,2,Manufacturer#3,0,BUILDING,1,0.02,0.05,21,Brand#33,0,LG BAG,3,0,0
F,F,R,TAKE BACK RETURN,3,Manufacturer#5,0,BUILDING,2,0.08,0.05,22,Brand#54,0,MED JAR,6,0,1
F,F,A,COLLECT COD,2,Manufacturer#3,0,AUTOMOBILE,1,0.04,0.08,12,Brand#31,15,WRAP CASE,45,0,0
F,F,R,NONE,3,Manufacturer#1,4,MACHINERY,1,0.04,0.05,7,Brand#15,11,WRAP CAN,1,1,1
F,F,R,TAKE BACK RETURN,2,Manufacturer#3,1,AUTOMOBILE,2,0.06,0,18,Brand#33,17,JUMBO PACK,39,1,1
F,F,A,DELIVER IN PERSON,0,Manufacturer#3,3,BUILDING,2,0.05,0.09,16,Brand#33,19,LG PACK,21,1,0
F,F,R,COLLECT COD,1,Manufacturer#5,3,HOUSEHOLD,1,0.04,0.1,24,Brand#53,6,JUMBO BOX,21,1,0
F,F,A,COLLECT COD,2,Manufacturer#2,4,FURNITURE,3,0,0.02,9,Brand#24,13,JUMBO JAR,15,1,0
F,F,R,DELIVER IN PERSON,4,Manufacturer#4,1,HOUSEHOLD,3,0.07,0.08,11,Brand#43,24,MED BAG,15,0,1
F,F,R,NONE,1,Manufacturer#2,0,HOUSEHOLD,4,0.07,0.04,2,Brand#24,14,MED CASE,7,0,1
F,F,A,DELIVER IN PERSON,3,Manufacturer#5,3,BUILDING,6,0.03,0.04,6,Brand#54,7,WRAP DRUM,18,1,1
F,F,R,TAKE BACK RETURN,2,Manufacturer#1,3,BUILDING,5,0.05,0,18,Brand#11,7,LG JAR,34,0,1
F,F,R,TAKE BACK RETURN,4,Manufacturer#5,2,FURNITURE,1,0.05,0.1,20,Brand#55,9,SM PACK,12,0,1
F,F,A,TAKE BACK RETURN,4,Manufacturer#5,2,AUTOMOBILE,4,0.02,0.09,10,Brand#51,21,SM DRUM,38,0,1
F,F,R,DELIVER IN PERSON,3,Manufacturer#5,2,BUILDING,4,0.03,0.1,19,Brand#53,12,LG PACK,22,0,1
F,F,A,NONE,0,Manufacturer#3,3,AUTOMOBILE,4,0.02,0.02,5,Brand#32,19,LG BOX,22,0,1
F,F,A,TAKE BACK RETURN,1,Manufacturer#5,3,AUTOMOBILE,2,0.02,0.06,3,Brand#52,19,WRAP BOX,24,1,1
F,F,A,NONE,2,Manufacturer#3,4,FURNITURE,3,0,0.01,21,Brand#31,20,WRAP BAG,18,1,1
F,F,R,DELIVER IN PERSON,3,Manufacturer#4,3,HOUSEHOLD,1,0.03,0.04,19,Brand#44,22,WRAP JAR,14,0,0
F,F,A,DELIVER IN PERSON,3,Manufacturer#3,0,FURNITURE,5,0.04,0.09,23,Brand#32,16,WRAP BAG,35,1,1
F,F,R,COLLECT COD,1,Manufacturer#5,3,FURNITURE,3,0.06,0.03,2,Brand#54,7,JUMBO DRUM,40,1,0
F,F,A,DELIVER IN PERSON,3,Manufacturer#3,3,FURNITURE,4,0.05,0,7,Brand#33,7,WRAP BAG,25,1,0
F,F,A,COLLECT COD,1,Manufacturer#3,1,AUTOMOBILE,4,0.04,0.09,1,Brand#31,17,WRAP CASE,45,1,1
F,F,R,DELIVER IN PERSON,4,Manufacturer#4,3,HOUSEHOLD,6,0.04,0.01,4,Brand#43,22,WRAP PACK,22,0,1
F,F,A,COLLECT COD,1,Manufacturer#2,2,BUILDING,2,0.04,0,2,Brand#21,21,WRAP CAN,32,1,1
F,F,R,NONE,0,Manufacturer#4,2,MACHINERY,1,0.08,0.05,5,Brand#45,21,WRAP CAN,37,1,1
F,F,A,TAKE BACK RETURN,3,Manufacturer#5,0,AUTOMOBILE,2,0.02,0.09,23,Brand#52,5,LG DRUM,23,1,0
F,F,R,NONE,4,Manufacturer#5,0,MACHINERY,6,0.06,0,13,Brand#54,5,LG CAN,35,1,1
F,F,A,COLLECT COD,2,Manufacturer#1,0,FURNITURE,6,0.05,0,21,Brand#13,5,LG PACK,18,0,1
F,F,R,DELIVER IN PERSON,0,Manufacturer#3,0,BUILDING,3,0.05,0.04,14,Brand#34,0,MED JAR,12,1,0
F,F,A,DELIVER IN PERSON,3,Manufacturer#4,1,BUILDING,2,0.05,0.02,23,Brand#41,2,WRAP BAG,8,0,0
F,F,A,COLLECT COD,0,Manufacturer#2,2,HOUSEHOLD,3,0.01,0.09,5,Brand#22,21,MED JAR,24,0,0
F,F,R,NONE,3,Manufacturer#1,3,HOUSEHOLD,4,0.04,0.05,23,Brand#12,22,LG JAR,6,1,1
F,F,R,NONE,2,Manufacturer#5,4,MACHINERY,4,0.01,0.02,18,Brand#52,11,LG CASE,46,1,1
F,F,R,TAKE BACK RETURN,1,Manufacturer#3,0,MACHINERY,2,0.03,0.07,17,Brand#35,14,JUMBO BOX,6,1,1
F,F,R,COLLECT COD,2,Manufacturer#1,2,BUILDING,1,0.01,0.1,18,Brand#15,18,MED PACK,2,1,1
F,F,R,COLLECT COD,0,Manufacturer#4,3,MACHINERY,1,0,0.05,5,Brand#44,23,JUMBO BOX,46,1,1
F,F,A,COLLECT COD,0,Manufacturer#5,2,MACHINERY,1,0.08,0.03,0,Brand#55,12,SM JAR,38,1,0
F,F,R,TAKE BACK RETURN,3,Manufacturer#3,3,BUILDING,4,0.07,0.04,19,Brand#34,19,JUMBO BOX,25,0,0
F,F,R,COLLECT COD,3,Manufacturer#5,4,AUTOMOBILE,1,0.06,0.1,22,Brand#53,13,LG BAG,42,0,1
F,F,A,TAKE BACK RETURN,3,Manufacturer#1,0,HOUSEHOLD,2,0.06,0.09,6,Brand#13,5,SM PKG,40,1,1
F,F,A,TAKE BACK RETURN,2,Manufacturer#1,0,FURNITURE,2,0.01,0.04,12,Brand#11,0,WRAP CASE,29,0,1
F,F,A,TAKE BACK RETURN,3,Manufacturer#1,2,MACHINERY,1,0,0.09,19,Brand#15,12,SM JAR,28,0,0
F,F,A,DELIVER IN PERSON,4,Manufacturer#2,0,MACHINERY,1,0.02,0.06,13,Brand#25,5,LG DRUM,20,0,0
F,F,A,DELIVER IN PERSON,2,Manufacturer#5,1,MACHINERY,2,0.02,0.03,18,Brand#54,1,JUMBO CASE,28,0,0
F,F,A,NONE,1,Manufacturer#4,2,FURNITURE,6,0.07,0.07,1,Brand#44,18,MED CASE,20,0,1
F,F,A,TAKE BACK RETURN,3,Manufacturer#4,3,BUILDING,2,0.07,0.06,23,Brand#44,22,LG PACK,13,1,1
F,F,R,TAKE BACK RETURN,2,Manufacturer#2,3,BUILDING,6,0.08,0.08,9,Brand#21,22,SM DRUM,16,1,1
F,F,R,DELIVER IN PERSON,4,Manufacturer#2,0,MACHINERY,4,0.02,0.06,4,Brand#25,5,JUMBO BOX,14,0,0
F,F,R,COLLECT COD,4,Manufacturer#2,0,HOUSEHOLD,4,0.04,0.02,4,Brand#21,5,LG BAG,33,0,0
F,F,A,NONE,3,Manufacturer#3,4,HOUSEHOLD,3,0.04,0.04,22,Brand#35,10,MED BAG,19,0,0
F,F,A,COLLECT COD,2,Manufacturer#5,4,MACHINERY,2,0.08,0,18,Brand#53,10,JUMBO BOX,25,1,1
F,F,R,DELIVER IN PERSON,2,Manufacturer#1,1,AUTOMOBILE,2,0.01,0.02,18,Brand#14,17,LG PACK,7,1,0
F,F,R,NONE,2,Manufacturer#4,3,BUILDING,2,0.03,0.1,12,Brand#42,23,LG PACK,23,1,0
F,F,A,COLLECT COD,0,Manufacturer#1,2,MACHINERY,5,0.05,0.06,5,Brand#11,21,LG BOX,26,0,0
F,F,A,COLLECT COD,1,Manufacturer#5,2,HOUSEHOLD,2,0.07,0.1,17,Brand#54,8,SM CASE,12,0,0
F,F,A,TAKE BACK RETURN,4,Manufacturer#2,1,BUILDING,5,0.04,0.08,4,Brand#24,3,LG JAR,17,1,1
F,F,R,DELIVER IN PERSON,1,Manufacturer#1,1,MACHINERY,3,0,0.06,2,Brand#13,3,SM PACK,27,0,0
F,F,A,TAKE BACK RETURN,3,Manufacturer#5,0,FURNITURE,3,0.08,0.06,23,Brand#51,0,MED BAG,27,1,1
F,F,R,NONE,4,Manufacturer#5,4,FURNITURE,5,0.07,0.1,4,Brand#55,13,MED CAN,23,0,1
F,F,A,TAKE BACK RETURN,3,Manufacturer#1,2,AUTOMOBILE,2,0.05,0.01,22,Brand#11,8,LG JAR,47,0,1
F,F,A,NONE,1,Manufacturer#2,2,FURNITURE,5,0.07,0.08,1,Brand#21,12,MED BAG,48,0,0
F,F,R,COLLECT COD,3,Manufacturer#2,2,FURNITURE,3,0,0.07,6,Brand#22,12,MED JAR,37,0,0
F,F,R,TAKE BACK RETURN,3,Manufacturer#3,1,MACHINERY,2,0.06,0.07,6,Brand#33,24,LG CAN,20,1,1
F,F,A,NONE,3,Manufacturer#5,2,BUILDING,6,0,0.03,22,Brand#55,8,LG BOX,47,1,0
F,F,R,DELIVER IN PERSON,2,Manufacturer#4,4,HOUSEHOLD,2,0.05,0.03,9,Brand#44,10,WRAP PKG,1,0,1
F,F,A,DELIVER IN PERSON,2,Manufacturer#4,3,MACHINERY,2,0.02,0.04,8,Brand#42,7,MED CASE,5,1,1
F,F,R,TAKE BACK RETURN,1,Manufacturer#5,1,BUILDING,2,0.05,0.08,24,Brand#55,24,MED PACK,23,1,1
F,F,R,NONE,0,Manufacturer#4,3,BUILDING,2,0.08,0.1,15,Brand#41,23,LG DRUM,45,1,0
F,F,R,COLLECT COD,3,Manufacturer#3,3,BUILDING,2,0.02,0.05,7,Brand#31,19,LG PACK,21,0,1
F,F,A,NONE,3,Manufacturer#3,0,HOUSEHOLD,1,0.02,0.03,7,Brand#35,5,SM CAN,39,1,1
F,F,R,TAKE BACK RETURN,3,Manufacturer#2,1,HOUSEHOLD,1,0.02,0.07,19,Brand#21,3,MED JAR,35,1,1
F,F,R,NONE,3,Manufacturer#2,0,AUTOMOBILE,3,0.06,0.07,6,Brand#23,14,WRAP CASE,34,1,1
F,F,R,COLLECT COD,3,Manufacturer#4,2,FURNITURE,1,0.06,0.02,19,Brand#44,18,SM DRUM,20,1,1
F,F,R,TAKE BACK RETURN,1,Manufacturer#5,4,HOUSEHOLD,5,0,0.04,3,Brand#53,10,SM BOX,22,0,1
F,F,A,COLLECT COD,1,Manufacturer#2,2,MACHINERY,1,0.08,0,1,Brand#23,8,LG PKG,30,0,1
F,F,A,TAKE BACK RETURN,0,Manufacturer#3,1,HOUSEHOLD,4,0.07,0.05,5,Brand#35,24,WRAP DRUM,40,1,1
F,F,R,DELIVER IN PERSON,4,Manufacturer#1,1,MACHINERY,2,0,0.05,13,Brand#13,3,JUMBO BAG,49,0,1
F,F,R,NONE,3,Manufacturer#3,0,MACHINERY,2,0.01,0.05,22,Brand#34,15,JUMBO BAG,9,0,1
F,F,R,NONE,1,Manufacturer#3,3,HOUSEHOLD,4,0.07,0.07,3,Brand#33,19,JUMBO JAR,7,0,0
F,F,R,NONE,0,Manufacturer#4,1,AUTOMOBILE,2,0.01,0.08,15,Brand#41,24,LG BAG,3,0,1
F,F,A,DELIVER IN PERSON,1,Manufacturer#2,1,BUILDING,5,0.07,0.06,2,Brand#22,1,MED DRUM,12,0,0
F,F,R,COLLECT COD,3,Manufacturer#5,0,AUTOMOBILE,3,0.03,0.1,7,Brand#53,14,MED PACK,8,0,1
F,F,R,DELIVER IN PERSON,2,Manufacturer#3,4,AUTOMOBILE,3,0.05,0.1,8,Brand#31,10,JUMBO DRUM,4,0,1
F,F,R,NONE,0,Manufacturer#3,4,MACHINERY,7,0,0.09,16,Brand#35,13,MED BAG,44,1,0
F,F,R,COLLECT COD,3,Manufacturer#1,0,BUILDING,5,0.01,0.08,6,Brand#11,0,WRAP PACK,32,1,0
F,F,R,DELIVER IN PERSON,4,Manufacturer#1,1,BUILDING,4,0.08,0,13,Brand#11,1,MED BOX,22,0,1
F,F,R,COLLECT COD,0,Manufacturer#4,1,HOUSEHOLD,5,0.04,0.03,0,Brand#43,24,LG CAN,47,1,1
F,F,A,TAKE BACK RETURN,0,Manufacturer#2,0,MACHINERY,1,0.02,0.07,16,Brand#25,0,MED DRUM,25,0,1
F,F,A,COLLECT COD,4,Manufacturer#1,3,BUILDING,2,0.03,0.1,4,Brand#15,6,LG CAN,39,1,1
F,F,A,COLLECT COD,1,Manufacturer#3,3,AUTOMOBILE,2,0.08,0.05,1,Brand#32,6,MED BOX,8,0,0
F,F,A,DELIVER IN PERSON,4,Manufacturer#3,4,AUTOMOBILE,4,0.08,0.04,10,Brand#35,4,LG CAN,39,0,1
F,F,A,DELIVER IN PERSON,0,Manufacturer#3,0,FURNITURE,3,0.01,0.06,16,Brand#33,16,JUMBO CAN,20,0,1
F,F,R,TAKE BACK RETURN,3,Manufacturer#4,2,AUTOMOBILE,1,0.08,0.05,23,Brand#45,12,JUMBO DRUM,22,0,1
F,F,R,NONE,2,Manufacturer#5,3,BUILDING,2,0.06,0.02,21,Brand#53,6,MED PACK,35,0,1
F,F,A,COLLECT COD,4,Manufacturer#5,3,MACHINERY,1,0,0.06,4,Brand#55,23,JUMBO PACK,35,0,1
F,F,A,TAKE BACK RETURN,1,Manufacturer#3,4,FURNITURE,3,0.03,0.05,2,Brand#35,10,JUMBO BAG,49,0,1
F,F,A,DELIVER IN PERSON,2,Manufacturer#2,3,HOUSEHOLD,3,0.04,0.1,9,Brand#23,6,WRAP JAR,16,0,0
F,F,R,COLLECT COD,0,Manufacturer#1,1,HOUSEHOLD,1,0.08,0.01,0,Brand#11,24,LG JAR,7,0,1
F,F,A,COLLECT COD,2,Manufacturer#5,1,MACHINERY,6,0.07,0.03,9,Brand#51,24,MED BOX,34,0,0
F,F,R,TAKE BACK RETURN,0,Manufacturer#3,1,MACHINERY,3,0.05,0.03,16,Brand#35,24,SM BAG,10,1,0
F,F,R,NONE,1,Manufacturer#2,0,HOUSEHOLD,5,0.05,0.01,17,Brand#21,0,JUMBO DRUM,49,0,1
F,F,R,COLLECT COD,4,Manufacturer#5,2,MACHINERY,7,0.03,0,20,Brand#52,21,SM DRUM,45,1,0
F,F,R,COLLECT COD,3,Manufacturer#4,3,FURNITURE,1,0.04,0.04,23,Brand#42,23,SM BAG,5,1,1
F,F,R,DELIVER IN PERSON,0,Manufacturer#1,4,BUILDING,2,0.01,0.04,15,Brand#15,11,LG JAR,18,1,0
F,F,A,TAKE BACK RETURN,0,Manufacturer#3,4,BUILDING,4,0.07,0.07,0,Brand#32,11,SM CASE,50,1,0
F,F,A,TAKE BACK RETURN,3,Manufacturer#4,1,HOUSEHOLD,2,0.01,0.01,22,Brand#42,2,MED JAR,18,0,1
F,F,R,DELIVER IN PERSON,0,Manufacturer#4,3,MACHINERY,5,0.07,0.06,14,Brand#43,23,SM PKG,19,1,1
F,F,A,NONE,1,Manufacturer#3,3,AUTOMOBILE,1,0.04,0.03,24,Brand#32,23,WRAP DRUM,3,1,1
F,F,R,TAKE BACK RETURN,4,Manufacturer#5,2,BUILDING,1,0.05,0.06,20,Brand#52,9,WRAP CASE,46,0,1
F,F,R,TAKE BACK RETURN,0,Manufacturer#2,0,HOUSEHOLD,4,0.08,0,14,Brand#23,16,WRAP DRUM,44,1,0
F,F,R,DELIVER IN PERSON,3,Manufacturer#2,0,BUILDING,1,0,0.05,23,Brand#21,14,JUMBO CASE,39,1,1
F,F,A,DELIVER IN PERSON,3,Manufacturer#3,4,FURNITURE,3,0,0.05,19,Brand#35,4,LG CASE,28,1,1
F,F,R,COLLECT COD,4,Manufacturer#5,2,FURNITURE,2,0,0.04,11,Brand#53,9,JUMBO PKG,27,1,0
F,F,R,NONE,0,Manufacturer#5,0,HOUSEHOLD,5,0.02,0.01,0,Brand#53,14,WRAP PKG,15,1,1
F,F,A,TAKE BACK RETURN,4,Manufacturer#4,3,HOUSEHOLD,1,0.08,0.09,10,Brand#43,6,LG JAR,36,0,0
F,F,A,COLLECT COD,3,Manufacturer#5,2,AUTOMOBILE,5,0.03,0.01,7,Brand#55,18,LG DRUM,13,0,1
F,F,R,NONE,1,Manufacturer#2,1,MACHINERY,4,0.01,0.1,1,Brand#21,3,LG BOX,43,1,1
F,F,A,COLLECT COD,3,Manufacturer#5,2,BUILDING,2,0.08,0.1,22,Brand#53,12,SM CASE,22,0,0
F,F,A,NONE,2,Manufacturer#4,3,HOUSEHOLD,2,0.07,0.03,18,Brand#41,22,JUMBO PKG,4,1,0
F,F,R,NONE,1,Manufacturer#2,0,BUILDING,7,0,0.02,2,Brand#22,14,MED DRUM,29,0,0
F,F,A,COLLECT COD,3,Manufacturer#2,3,AUTOMOBILE,5,0.04,0,6,Brand#23,7,SM CAN,45,0,1
F,F,R,DELIVER IN PERSON,1,Manufacturer#4,4,MACHINERY,1,0.03,0.06,17,Brand#44,20,SM PACK,1,0,0
F,F,R,NONE,1,Manufacturer#5,4,MACHINERY,2,0.03,0.05,1,Brand#52,11,LG DRUM,3,0,0
F,F,R,NONE,3,Manufacturer#5,0,BUILDING,5,0.03,0.04,19,Brand#53,0,WRAP CASE,43,1,0
F,F,R,NONE,2,Manufacturer#3,0,AUTOMOBILE,1,0.04,0.06,18,Brand#32,0,LG JAR,31,1,1
F,F,R,NONE,1,Manufacturer#4,4,FURNITURE,1,0.07,0.02,1,Brand#41,11,WRAP PKG,3,1,1
F,F,A,COLLECT COD,4,Manufacturer#1,3,HOUSEHOLD,3,0.02,0,11,Brand#14,7,WRAP JAR,23,0,0
F,F,A,NONE,0,Manufacturer#5,2,BUILDING,1,0.08,0.06,15,Brand#54,12,LG PKG,8,1,0
F,F,A,DELIVER IN PERSON,1,Manufacturer#5,0,FURNITURE,6,0.07,0,24,Brand#52,16,SM PACK,29,0,0
F,F,A,COLLECT COD,3,Manufacturer#1,3,BUILDING,1,0.03,0.09,23,Brand#12,23,WRAP JAR,21,1,1
F,F,A,NONE,3,Manufacturer#4,2,BUILDING,1,0.03,0.04,23,Brand#42,18,MED JAR,42,0,0
F,F,R,NONE,2,Manufacturer#5,0,HOUSEHOLD,2,0.03,0.05,12,Brand#51,5,JUMBO DRUM,1,1,0
F,F,R,COLLECT COD,3,Manufacturer#1,3,HOUSEHOLD,5,0.06,0.09,7,Brand#14,7,MED PKG,50,1,1
F,F,R,NONE,2,Manufacturer#5,4,HOUSEHOLD,7,0.07,0.08,9,Brand#52,10,SM DRUM,29,0,0
F,F,A,DELIVER IN PERSON,3,Manufacturer#4,0,BUILDING,2,0.05,0.1,22,Brand#45,16,JUMBO JAR,50,0,1
F,F,A,NONE,3,Manufacturer#4,1,HOUSEHOLD,1,0.01,0.07,23,Brand#44,3,WRAP PKG,14,0,0
F,F,R,DELIVER IN PERSON,3,Manufacturer#1,2,BUILDING,2,0.08,0.05,7,Brand#15,18,WRAP PACK,34,0,0
F,F,R,NONE,1,Manufacturer#3,0,AUTOMOBILE,4,0.06,0.02,1,Brand#32,16,JUMBO CAN,41,0,1
F,F,A,COLLECT COD,0,Manufacturer#4,0,AUTOMOBILE,2,0.04,0.03,16,Brand#42,15,LG BAG,26,0,1
F,F,R,TAKE BACK RETURN,4,Manufacturer#5,2,MACHINERY,1,0.01,0.01,4,Brand#55,8,MED CAN,22,1,1
F,F,R,TAKE BACK RETURN,2,Manufacturer#4,0,BUILDING,2,0.03,0.02,12,Brand#41,16,SM BOX,32,0,0
F,F,R,NONE,4,Manufacturer#5,4,FURNITURE,1,0.05,0.04,11,Brand#53,11,JUMBO CASE,46,0,0
F,F,A,COLLECT COD,4,Manufacturer#1,3,AUTOMOBILE,6,0.03,0.05,10,Brand#15,19,WRAP BOX,36,0,1
F,F,R,NONE,2,Manufacturer#2,0,AUTOMOBILE,5,0.02,0.04,8,Brand#24,14,SM BOX,2,0,1
F,F,R,DELIVER IN PERSON,2,Manufacturer#4,4,MACHINERY,6,0,0.06,8,Brand#42,10,JUMBO CAN,15,1,1
F,F,R,NONE,1,Manufacturer#5,0,BUILDING,2,0.07,0.04,24,Brand#52,0,SM BOX,27,1,0
F,F,A,COLLECT COD,1,Manufacturer#2,2,HOUSEHOLD,2,0.06,0.06,3,Brand#23,9,LG BOX,26,1,1
F,F,A,TAKE BACK RETURN,0,Manufacturer#2,4,BUILDING,1,0.08,0.03,0,Brand#22,10,WRAP BAG,16,0,1
F,F,A,COLLECT COD,2,Manufacturer#2,1,HOUSEHOLD,7,0,0.09,18,Brand#25,24,LG JAR,27,0,1
F,F,A,COLLECT COD,2,Manufacturer#5,0,AUTOMOBILE,5,0.05,0.01,21,Brand#53,0,JUMBO BOX,5,1,1
F,F,R,COLLECT COD,3,Manufacturer#5,1,MACHINERY,1,0,0.05,7,Brand#54,2,WRAP PKG,5,0,1
F,F,R,TAKE BACK RETURN,2,Manufacturer#5,0,FURNITURE,4,0.03,0.01,21,Brand#53,0,LG PKG,7,0,1
F,F,R,DELIVER IN PERSON,4,Manufacturer#4,2,MACHINERY,1,0.03,0,11,Brand#44,18,SM PACK,25,0,1
F,F,R,DELIVER IN PERSON,2,Manufacturer#4,0,BUILDING,1,0.07,0.02,12,Brand#43,0,JUMBO CASE,4,1,0
F,F,A,NONE,1,Manufacturer#3,1,MACHINERY,1,0.02,0.1,1,Brand#34,1,WRAP DRUM,30,0,1
F,F,R,COLLECT COD,2,Manufacturer#5,3,FURNITURE,3,0.04,0.08,12,Brand#51,7,SM JAR,5,0,0
F,F,R,COLLECT COD,2,Manufacturer#2,2,AUTOMOBILE,2,0.03,0.03,21,Brand#23,21,JUMBO BAG,3,0,1
F,F,R,COLLECT COD,1,Manufacturer#5,3,FURNITURE,1,0.01,0.06,2,Brand#54,19,LG CAN,32,0,1
F,F,A,TAKE BACK RETURN,2,Manufacturer#4,1,MACHINERY,1,0.04,0.04,9,Brand#42,3,JUMBO BOX,30,1,0
F,F,A,NONE,3,Manufacturer#5,1,MACHINERY,4,0.06,0.08,22,Brand#51,3,MED BOX,24,0,0
F,F,R,COLLECT COD,0,Manufacturer#3,3,AUTOMOBILE,1,0.04,0.07,14,Brand#34,23,SM BOX,40,1,1
F,F,R,DELIVER IN PERSON,1,Manufacturer#1,1,HOUSEHOLD,7,0.04,0.07,1,Brand#12,1,JUMBO BAG,2,0,1
F,F,A,TAKE BACK RETURN,1,Manufacturer#2,3,FURNITURE,3,0.08,0.02,1,Brand#25,7,MED BOX,2,1,1
F,F,R,NONE,3,Manufacturer#3,2,MACHINERY,4,0.07,0.06,23,Brand#35,8,MED JAR,9,0,0
F,F,A,COLLECT COD,1,Manufacturer#3,3,BUILDING,1,0.07,0.1,17,Brand#33,6,LG BOX,36,0,0
F,F,A,COLLECT COD,2,Manufacturer#5,0,HOUSEHOLD,2,0.01,0.05,9,Brand#54,14,MED CAN,9,1,1
F,F,R,DELIVER IN PERSON,4,Manufacturer#5,2,HOUSEHOLD,6,0,0,10,Brand#52,12,JUMBO PACK,37,0,0
F,F,R,COLLECT COD,0,Manufacturer#2,2,HOUSEHOLD,1,0.03,0.08,0,Brand#21,12,MED PACK,24,0,1
F,F,A,DELIVER IN PERSON,4,Manufacturer#3,4,FURNITURE,5,0,0.04,13,Brand#31,10,WRAP DRUM,37,0,1
F,F,R,DELIVER IN PERSON,4,Manufacturer#3,4,BUILDING,3,0.04,0.08,11,Brand#32,20,SM CASE,49,1,0
F,F,R,DELIVER IN PERSON,0,Manufacturer#4,2,HOUSEHOLD,3,0.03,0.01,15,Brand#44,9,MED CASE,37,0,1
F,F,A,NONE,1,Manufacturer#4,2,AUTOMOBILE,7,0.02,0.07,17,Brand#42,9,SM CASE,20,1,0
F,F,A,TAKE BACK RETURN,1,Manufacturer#1,1,BUILDING,3,0.07,0.02,1,Brand#15,1,WRAP CASE,28,1,1
F,F,A,COLLECT COD,4,Manufacturer#1,1,BUILDING,1,0.08,0.02,11,Brand#13,1,SM PACK,18,0,1
F,F,A,DELIVER IN PERSON,0,Manufacturer#1,0,FURNITURE,1,0.02,0.04,15,Brand#14,5,MED JAR,9,0,1
F,F,A,NONE,2,Manufacturer#5,3,BUILDING,4,0,0.07,18,Brand#52,6,JUMBO BOX,47,0,1
F,F,R,TAKE BACK RETURN,2,Manufacturer#3,3,BUILDING,6,0.04,0.09,12,Brand#35,6,LG CASE,1,1,1
F,F,R,DELIVER IN PERSON,4,Manufacturer#3,0,FURNITURE,3,0.06,0.05,4,Brand#31,14,WRAP PKG,28,0,0
F,F,A,NONE,0,Manufacturer#5,0,MACHINERY,4,0,0.1,0,Brand#54,14,LG PKG,44,1,1
F,F,R,DELIVER IN PERSON,3,Manufacturer#1,4,FURNITURE,4,0.05,0,7,Brand#14,11,LG PACK,21,1,1
F,F,A,COLLECT COD,2,Manufacturer#5,1,MACHINERY,2,0.03,0.05,12,Brand#53,3,SM BAG,11,1,1
F,F,A,TAKE BACK RETURN,4,Manufacturer#5,1,HOUSEHOLD,1,0.05,0.01,11,Brand#52,1,JUMBO JAR,38,0,1
F,F,R,TAKE BACK RETURN,1,Manufacturer#2,1,BUILDING,1,0,0.05,1,Brand#25,24,LG BAG,44,0,1
F,F,A,TAKE BACK RETURN,1,Manufacturer#4,3,FURNITURE,2,0.06,0.04,24,Brand#43,23,JUMBO PACK,39,1,1
F,F,A,NONE,3,Manufacturer#1,0,FURNITURE,5,0.07,0.01,6,Brand#14,5,MED BOX,41,0,1
F,F,A,DELIVER IN PERSON,4,Manufacturer#2,2,BUILDING,5,0.04,0.05,4,Brand#23,21,LG PACK,50,0,1
F,F,R,TAKE BACK RETURN,4,Manufacturer#3,0,FURNITURE,3,0.08,0.07,4,Brand#31,5,MED CASE,36,0,0
F,F,A,TAKE BACK RETURN,4,Manufacturer#1,2,AUTOMOBILE,1,0.07,0.05,20,Brand#15,21,JUMBO BAG,31,1,1
F,F,R,TAKE BACK RETURN,1,Manufacturer#2,2,AUTOMOBILE,2,0.08,0.01,24,Brand#21,21,WRAP PKG,28,0,1
F,F,A,DELIVER IN PERSON,2,Manufacturer#2,1,MACHINERY,2,0.08,0.04,8,Brand#22,17,LG PACK,14,0,1
F,F,A,TAKE BACK RETURN,0,Manufacturer#1,2,AUTOMOBILE,2,0.02,0.06,16,Brand#13,12,JUMBO PACK,17,1,0
F,F,A,TAKE BACK RETURN,0,Manufacturer#1,3,BUILDING,4,0.08,0.07,0,Brand#14,19,SM PKG,22,0,0
F,F,R,NONE,0,Manufacturer#4,2,BUILDING,5,0,0.02,16,Brand#44,21,JUMBO PACK,23,1,1
F,F,A,NONE,3,Manufacturer#5,1,HOUSEHOLD,1,0.04,0.1,22,Brand#53,1,MED CAN,33,0,1
F,F,A,COLLECT COD,2,Manufacturer#1,0,AUTOMOBILE,3,0,0.06,18,Brand#12,5,MED PKG,6,1,1
F,F,A,COLLECT COD,3,Manufacturer#5,3,BUILDING,2,0.01,0.05,7,Brand#51,22,LG PKG,9,1,0
F,F,R,NONE,2,Manufacturer#5,2,BUILDING,4,0.04,0.07,21,Brand#55,9,JUMBO JAR,20,0,1
F,F,R,NONE,4,Manufacturer#4,1,BUILDING,2,0.04,0.04,10,Brand#41,3,SM JAR,26,0,0
F,F,A,TAKE BACK RETURN,0,Manufacturer#4,1,FURNITURE,6,0.07,0.02,16,Brand#42,1,LG DRUM,48,1,0
F,F,R,DELIVER IN PERSON,0,Manufacturer#1,4,HOUSEHOLD,5,0.03,0.01,14,Brand#14,20,JUMBO BAG,21,1,1
F,F,A,COLLECT COD,2,Manufacturer#5,1,MACHINERY,2,0.06,0.09,12,Brand#52,17,JUMBO PKG,20,1,1
F,F,A,TAKE BACK RETURN,4,Manufacturer#2,4,FURNITURE,2,0.05,0.04,10,Brand#22,11,MED CASE,43,1,1
F,F,R,COLLECT COD,4,Manufacturer#2,4,MACHINERY,3,0.01,0.03,20,Brand#24,20,JUMBO PACK,33,0,1
F,F,A,DELIVER IN PERSON,3,Manufacturer#3,4,MACHINERY,4,0.07,0.04,22,Brand#34,20,MED PACK,2,0,1
F,F,R,DELIVER IN PERSON,0,Manufacturer#3,0,AUTOMOBILE,3,0,0.07,5,Brand#34,14,LG BOX,35,1,1
F,F,A,TAKE BACK RETURN,3,Manufacturer#2,3,MACHINERY,1,0.04,0.04,19,Brand#23,7,LG PACK,48,1,1
F,F,A,DELIVER IN PERSON,2,Manufacturer#3,2,AUTOMOBILE,3,0,0.09,12,Brand#32,18,JUMBO CASE,28,0,0
F,F,R,COLLECT COD,4,Manufacturer#1,1,MACHINERY,3,0.07,0.07,4,Brand#12,1,WRAP CAN,15,1,1
F,F,A,COLLECT COD,1,Manufacturer#3,3,MACHINERY,2,0.03,0.03,3,Brand#33,22,WRAP JAR,3,1,1
F,F,R,DELIVER IN PERSON,3,Manufacturer#5,2,FURNITURE,2,0.04,0.03,6,Brand#52,12,SM PACK,3,1,0
F,F,A,COLLECT COD,4,Manufacturer#2,3,HOUSEHOLD,4,0.07,0.06,20,Brand#22,6,LG PKG,2,1,0
F,F,A,TAKE BACK RETURN,3,Manufacturer#3,2,BUILDING,6,0.08,0.01,19,Brand#33,9,MED JAR,21,1,1
F,F,R,NONE,1,Manufacturer#2,2,BUILDING,3,0,0.01,3,Brand#24,9,LG PACK,17,0,1
F,F,R,DELIVER IN PERSON,4,Manufacturer#3,2,MACHINERY,3,0.01,0.01,4,Brand#35,18,WRAP DRUM,23,1,0
F,F,R,TAKE BACK RETURN,1,Manufacturer#2,2,BUILDING,4,0.08,0,1,Brand#24,8,MED CAN,29,1,0
F,F,R,NONE,4,Manufacturer#4,0,BUILDING,3,0.01,0.1,20,Brand#44,14,SM BOX,25,1,1
F,F,R,NONE,1,Manufacturer#5,2,HOUSEHOLD,3,0.07,0.09,1,Brand#51,8,WRAP CAN,40,0,1
F,F,A,NONE,4,Manufacturer#5,2,AUTOMOBILE,2,0.04,0.09,10,Brand#54,9,MED CAN,45,0,0
F,F,R,COLLECT COD,2,Manufacturer#3,3,MACHINERY,1,0,0.09,12,Brand#33,19,JUMBO CASE,34,1,1
F,F,A,NONE,2,Manufacturer#4,1,HOUSEHOLD,4,0.07,0.01,12,Brand#42,17,MED JAR,15,0,1
F,F,A,NONE,1,Manufacturer#4,3,MACHINERY,1,0.08,0.05,3,Brand#43,22,MED CAN,41,1,0
F,F,A,TAKE BACK RETURN,2,Manufacturer#4,3,AUTOMOBILE,3,0.07,0.05,9,Brand#42,23,MED JAR,7,1,1
F,F,A,DELIVER IN PERSON,0,Manufacturer#1,3,MACHINERY,2,0.04,0.01,16,Brand#13,6,LG JAR,23,1,0
F,F,R,NONE,2,Manufacturer#4,4,FURNITURE,5,0.04,0,9,Brand#42,13,MED BAG,47,0,0
F,F,R,DELIVER IN PERSON,1,Manufacturer#3,4,FURNITURE,6,0.04,0.01,1,Brand#35,13,JUMBO CASE,42,0,0
F,F,A,COLLECT COD,3,Manufacturer#5,0,HOUSEHOLD,2,0.02,0.02,23,Brand#51,16,SM PKG,31,1,0
F,F,R,DELIVER IN PERSON,4,Manufacturer#1,0,BUILDING,4,0.03,0.08,10,Brand#12,15,JUMBO PKG,14,0,0
F,F,A,NONE,4,Manufacturer#5,4,MACHINERY,3,0.08,0.09,4,Brand#51,10,WRAP JAR,22,1,1
F,F,A,NONE,0,Manufacturer#4,0,MACHINERY,4,0,0.1,5,Brand#44,15,JUMBO BOX,46,1,0
F,F,R,DELIVER IN PERSON,2,Manufacturer#4,1,BUILDING,3,0.02,0.05,12,Brand#44,24,MED PACK,6,0,1
F,F,R,NONE,2,Manufacturer#1,0,HOUSEHOLD,1,0.08,0.04,18,Brand#14,15,LG JAR,22,0,0
F,F,R,DELIVER IN PERSON,0,Manufacturer#3,0,AUTOMOBILE,5,0.05,0.08,15,Brand#32,5,MED CASE,6,0,0
F,F,A,COLLECT COD,0,Manufacturer#2,2,AUTOMOBILE,4,0.08,0.07,16,Brand#25,12,MED PACK,11,0,1
F,F,A,COLLECT COD,3,Manufacturer#4,4,AUTOMOBILE,1,0.03,0.07,19,Brand#43,11,LG CAN,14,1,1
F,F,A,DELIVER IN PERSON,0,Manufacturer#5,4,AUTOMOBILE,5,0,0.03,16,Brand#53,4,JUMBO JAR,25,1,1
F,F,R,DELIVER IN PERSON,4,Manufacturer#3,4,MACHINERY,2,0.06,0.07,4,Brand#32,10,MED PACK,50,1,1
F,F,R,COLLECT COD,1,Manufacturer#3,1,MACHINERY,1,0,0.03,17,Brand#33,3,LG CAN,1,0,0
F,F,R,NONE,1,Manufacturer#4,4,AUTOMOBILE,3,0.07,0.01,24,Brand#41,10,LG PKG,26,1,0
F,F,R,DELIVER IN PERSON,0,Manufacturer#5,4,BUILDING,1,0.06,0.03,15,Brand#54,11,JUMBO DRUM,41,1,1
F,F,A,NONE,1,Manufacturer#4,1,MACHINERY,4,0.03,0.03,3,Brand#41,1,MED BAG,25,1,0
F,F,R,COLLECT COD,2,Manufacturer#4,0,AUTOMOBILE,3,0.04,0.01,12,Brand#43,16,WRAP DRUM,37,0,0
F,F,R,DELIVER IN PERSON,2,Manufacturer#3,0,AUTOMOBILE,1,0.04,0.01,12,Brand#32,15,LG BOX,36,0,0
F,F,R,COLLECT COD,0,Manufacturer#1,3,MACHINERY,4,0.06,0.1,0,Brand#12,23,MED PKG,8,0,1
F,F,R,COLLECT COD,3,Manufacturer#4,2,FURNITURE,1,0.05,0.07,22,Brand#43,9,JUMBO PACK,41,0,1
F,F,R,DELIVER IN PERSON,0,Manufacturer#2,2,BUILDING,3,0,0.02,5,Brand#25,8,JUMBO CASE,37,0,1
F,F,R,TAKE BACK RETURN,1,Manufacturer#5,2,HOUSEHOLD,3,0.01,0,1,Brand#52,9,JUMBO PKG,20,0,0
F,F,R,DELIVER IN PERSON,3,Manufacturer#1,1,MACHINERY,1,0.03,0.06,7,Brand#13,3,SM DRUM,10,1,1
F,F,A,DELIVER IN PERSON,0,Manufacturer#2,3,FURNITURE,2,0.07,0.06,0,Brand#24,22,SM JAR,28,0,1
F,F,A,COLLECT COD,3,Manufacturer#2,0,AUTOMOBILE,1,0.03,0.01,22,Brand#23,0,WRAP DRUM,48,0,0
F,F,R,DELIVER IN PERSON,3,Manufacturer#4,3,BUILDING,2,0.04,0.05,23,Brand#42,19,WRAP BAG,28,0,1
F,F,A,COLLECT COD,0,Manufacturer#2,3,BUILDING,3,0.05,0.09,15,Brand#22,6,LG BOX,10,0,1
F,F,R,TAKE BACK RETURN,3,Manufacturer#1,3,HOUSEHOLD,2,0.08,0.09,6,Brand#15,23,WRAP JAR,47,1,1
F,F,R,TAKE BACK RETURN,3,Manufacturer#1,3,HOUSEHOLD,1,0.07,0.1,23,Brand#14,19,MED DRUM,26,1,1
F,F,R,TAKE BACK RETURN,2,Manufacturer#1,4,MACHINERY,1,0.05,0.05,9,Brand#12,11,WRAP CAN,36,1,1
F,F,A,TAKE BACK RETURN,2,Manufacturer#5,3,AUTOMOBILE,6,0,0.09,18,Brand#55,7,LG PKG,45,1,1
F,F,A,TAKE BACK RETURN,3,Manufacturer#4,4,AUTOMOBILE,3,0.04,0.04,22,Brand#45,13,MED PACK,15,0,0
F,F,A,NONE,4,Manufacturer#3,1,AUTOMOBILE,1,0,0.1,4,Brand#34,1,SM JAR,5,1,0
F,F,A,NONE,1,Manufacturer#3,0,FURNITURE,1,0.01,0.02,1,Brand#35,0,SM PACK,32,0,1
F,F,A,TAKE BACK RETURN,1,Manufacturer#1,0,HOUSEHOLD,3,0.07,0.07,1,Brand#12,15,JUMBO BAG,2,1,1
F,F,R,COLLECT COD,3,Manufacturer#1,1,MACHINERY,4,0.05,0.07,19,Brand#13,2,WRAP JAR,30,1,1
F,F,A,TAKE BACK RETURN,0,Manufacturer#4,2,AUTOMOBILE,1,0.01,0.08,5,Brand#41,9,WRAP BOX,29,1,0
F,F,A,COLLECT COD,2,Manufacturer#4,4,FURNITURE,3,0.02,0.09,9,Brand#41,11,JUMBO CASE,14,1,0
F,F,R,NONE,2,Manufacturer#4,0,FURNITURE,1,0.07,0.1,9,Brand#42,16,MED PACK,18,1,0
F,F,A,TAKE BACK RETURN,1,Manufacturer#4,3,FURNITURE,6,0.04,0.04,17,Brand#44,6,SM JAR,37,0,0
F,F,R,TAKE BACK RETURN,1,Manufacturer#5,4,HOUSEHOLD,1,0.03,0.09,24,Brand#53,4,JUMBO PACK,1,1,0
F,F,A,TAKE BACK RETURN,3,Manufacturer#2,0,HOUSEHOLD,4,0.02,0.06,23,Brand#21,0,LG BAG,9,1,0
F,F,A,TAKE BACK RETURN,1,Manufacturer#1,1,BUILDING,2,0.02,0.02,2,Brand#13,24,MED PACK,22,1,1
F,F,R,DELIVER IN PERSON,3,Manufacturer#4,4,HOUSEHOLD,6,0.08,0.02,6,Brand#44,20,JUMBO DRUM,40,1,0
F,F,A,NONE,4,Manufacturer#1,3,MACHINERY,3,0.05,0.04,11,Brand#13,22,LG JAR,30,0,1
F,F,R,NONE,0,Manufacturer#5,1,FURNITURE,6,0.05,0.04,16,Brand#53,17,LG JAR,19,1,1
F,F,R,DELIVER IN PERSON,4,Manufacturer#3,2,BUILDING,6,0.06,0.08,13,Brand#34,18,SM PACK,49,1,1
F,F,R,COLLECT COD,2,Manufacturer#5,4,FURNITURE,2,0.08,0.05,9,Brand#54,4,LG BOX,16,1,1
F,F,A,NONE,4,Manufacturer#2,3,FURNITURE,1,0.05,0,20,Brand#21,23,JUMBO CAN,8,0,1
F,F,R,COLLECT COD,0,Manufacturer#3,3,AUTOMOBILE,6,0.05,0.05,0,Brand#32,23,LG CAN,48,1,0
F,F,A,TAKE BACK RETURN,2,Manufacturer#5,4,MACHINERY,3,0.04,0.06,8,Brand#53,11,MED CAN,20,0,1
F,F,A,TAKE BACK RETURN,4,Manufacturer#4,2,FURNITURE,1,0.06,0.05,4,Brand#41,8,LG BAG,4,1,1
F,F,R,DELIVER IN PERSON,4,Manufacturer#5,1,HOUSEHOLD,2,0.05,0.07,20,Brand#53,3,MED BAG,3,0,1
F,F,A,DELIVER IN PERSON,4,Manufacturer#4,1,FURNITURE,2,0.03,0.05,10,Brand#45,3,LG JAR,35,1,1
F,F,R,TAKE BACK RETURN,4,Manufacturer#4,4,HOUSEHOLD,3,0.07,0.06,10,Brand#42,10,LG PKG,23,1,1
F,F,A,TAKE BACK RETURN,2,Manufacturer#5,4,AUTOMOBILE,2,0.08,0.07,21,Brand#55,10,LG PKG,13,0,1
F,F,R,TAKE BACK RETURN,0,Manufacturer#1,3,AUTOMOBILE,5,0.06,0.08,0,Brand#12,19,JUMBO BOX,4,0,0
F,F,A,NONE,4,Manufacturer#4,4,AUTOMOBILE,2,0.07,0.09,11,Brand#43,13,MED PKG,22,0,1
F,F,R,DELIVER IN PERSON,4,Manufacturer#1,1,FURNITURE,3,0.05,0.09,10,Brand#11,3,MED CAN,28,0,1
F,F,A,NONE,2,Manufacturer#2,0,BUILDING,3,0.04,0.05,18,Brand#24,5,SM CASE,33,0,0
F,F,A,TAKE BACK RETURN,4,Manufacturer#2,4,MACHINERY,4,0.06,0.1,11,Brand#25,10,SM BOX,42,1,1
F,F,R,NONE,2,Manufacturer#4,0,FURNITURE,3,0.08,0.01,21,Brand#43,0,JUMBO BAG,43,0,0
F,F,A,DELIVER IN PERSON,3,Manufacturer#3,1,MACHINERY,3,0.05,0.06,7,Brand#33,24,JUMBO CASE,8,1,0
F,F,A,NONE,4,Manufacturer#3,1,FURNITURE,4,0.03,0.05,13,Brand#32,17,LG JAR,35,0,0
F,F,A,NONE,1,Manufacturer#4,1,FURNITURE,1,0.04,0.06,17,Brand#41,17,WRAP PACK,10,0,0
F,F,R,NONE,3,Manufacturer#4,4,BUILDING,2,0.02,0.04,6,Brand#43,20,MED DRUM,18,0,0
F,F,A,NONE,0,Manufacturer#4,4,MACHINERY,1,0.03,0.01,0,Brand#42,20,MED DRUM,4,1,1
F,F,A,COLLECT COD,3,Manufacturer#2,2,BUILDING,2,0.06,0.01,6,Brand#24,21,WRAP JAR,24,1,1
F,F,R,NONE,1,Manufacturer#1,0,BUILDING,1,0.05,0.09,2,Brand#12,14,MED DRUM,37,0,1
F,F,A,COLLECT COD,0,Manufacturer#4,2,HOUSEHOLD,7,0,0.01,0,Brand#43,18,MED CASE,14,1,1
F,F,A,NONE,3,Manufacturer#4,1,MACHINERY,5,0.06,0.05,22,Brand#43,24,LG JAR,10,0,0
F,F,A,DELIVER IN PERSON,1,Manufacturer#5,1,MACHINERY,3,0.02,0.08,1,Brand#51,24,JUMBO BAG,22,0,0
F,F,R,TAKE BACK RETURN,4,Manufacturer#2,1,FURNITURE,3,0.06,0.08,11,Brand#23,24,SM DRUM,21,0,0
F,F,A,COLLECT COD,1,Manufacturer#5,2,MACHINERY,1,0.08,0.05,24,Brand#55,21,SM BOX,20,1,1
F,F,R,COLLECT COD,2,Manufacturer#4,1,FURNITURE,1,0.07,0.05,18,Brand#44,24,LG PACK,50,0,0
F,F,A,NONE,2,Manufacturer#2,1,FURNITURE,2,0.05,0.03,21,Brand#23,24,LG DRUM,15,0,0
F,F,A,COLLECT COD,1,Manufacturer#3,3,HOUSEHOLD,6,0.03,0,3,Brand#33,19,JUMBO CASE,3,1,1
F,F,A,TAKE BACK RETURN,0,Manufacturer#2,0,HOUSEHOLD,1,0.05,0.01,15,Brand#25,14,JUMBO PKG,25,1,1
F,F,R,COLLECT COD,3,Manufacturer#3,3,FURNITURE,1,0.06,0.07,7,Brand#34,7,SM PACK,49,0,1
F,F,A,COLLECT COD,0,Manufacturer#2,2,MACHINERY,3,0.02,0.08,16,Brand#24,21,MED PACK,43,1,1
F,F,R,DELIVER IN PERSON,2,Manufacturer#3,2,HOUSEHOLD,2,0.08,0.02,12,Brand#31,9,LG CAN,8,1,1
F,F,A,COLLECT COD,1,Manufacturer#3,2,BUILDING,5,0.04,0.02,1,Brand#33,18,WRAP BAG,17,1,0
F,F,A,DELIVER IN PERSON,0,Manufacturer#1,1,FURNITURE,5,0.04,0.03,14,Brand#15,24,JUMBO BAG,29,1,1
F,F,A,DELIVER IN PERSON,4,Manufacturer#1,4,AUTOMOBILE,1,0.02,0.07,10,Brand#15,10,WRAP JAR,39,0,1
F,F,A,NONE,4,Manufacturer#4,4,AUTOMOBILE,4,0.03,0,10,Brand#44,10,LG PKG,35,1,1
F,F,A,DELIVER IN PERSON,2,Manufacturer#5,1,BUILDING,1,0,0.01,9,Brand#51,3,SM DRUM,8,1,1
F,F,R,NONE,4,Manufacturer#5,0,AUTOMOBILE,4,0.02,0.08,10,Brand#53,15,SM PKG,40,1,1
F,F,A,TAKE BACK RETURN,0,Manufacturer#4,4,MACHINERY,6,0,0.08,0,Brand#41,20,SM JAR,15,0,1
F,F,A,TAKE BACK RETURN,0,Manufacturer#5,2,AUTOMOBILE,3,0,0.08,14,Brand#53,9,JUMBO CAN,15,0,0
F,F,R,NONE,4,Manufacturer#4,4,AUTOMOBILE,1,0,0.06,11,Brand#42,13,MED PACK,1,1,0
F,F,R,COLLECT COD,0,Manufacturer#4,2,BUILDING,2,0.02,0.09,16,Brand#44,21,JUMBO BOX,10,1,1
F,F,A,NONE,3,Manufacturer#5,2,BUILDING,1,0.02,0.04,22,Brand#54,21,SM BOX,6,0,1
F,F,A,COLLECT COD,3,Manufacturer#3,2,MACHINERY,2,0.04,0.08,22,Brand#31,18,MED PACK,7,0,1
F,F,R,COLLECT COD,1,Manufacturer#5,2,AUTOMOBILE,1,0.08,0.02,24,Brand#52,9,SM JAR,20,1,0
F,F,A,NONE,0,Manufacturer#1,2,AUTOMOBILE,2,0.07,0.01,5,Brand#13,8,WRAP BAG,4,0,1
F,F,A,TAKE BACK RETURN,4,Manufacturer#1,0,FURNITURE,2,0.05,0.07,10,Brand#15,15,SM JAR,20,1,1
F,F,R,NONE,0,Manufacturer#5,2,MACHINERY,1,0.04,0.02,15,Brand#52,12,JUMBO BAG,43,0,1
F,F,A,COLLECT COD,1,Manufacturer#5,4,FURNITURE,2,0.08,0.01,17,Brand#51,10,SM PACK,9,1,1
F,F,R,DELIVER IN PERSON,4,Manufacturer#3,0,BUILDING,4,0.07,0.06,20,Brand#31,16,WRAP BOX,39,1,0
F,F,A,DELIVER IN PERSON,4,Manufacturer#5,3,AUTOMOBILE,6,0.08,0.01,4,Brand#55,7,WRAP JAR,3,1,1
F,F,A,COLLECT COD,4,Manufacturer#2,1,BUILDING,4,0.02,0.09,13,Brand#21,17,WRAP PACK,13,1,1
F,F,A,DELIVER IN PERSON,1,Manufacturer#4,2,BUILDING,4,0.05,0.09,24,Brand#41,8,LG PKG,26,0,0
F,F,R,DELIVER IN PERSON,4,Manufacturer#1,3,BUILDING,3,0.04,0.03,10,Brand#13,23,JUMBO PKG,32,1,0
F,F,A,DELIVER IN PERSON,0,Manufacturer#2,1,BUILDING,7,0.08,0.07,14,Brand#24,24,LG CASE,23,1,1
F,F,R,DELIVER IN PERSON,1,Manufacturer#1,4,FURNITURE,5,0,0.03,24,Brand#14,10,SM CAN,29,0,1
F,F,R,TAKE BACK RETURN,2,Manufacturer#4,3,AUTOMOBILE,3,0.04,0.07,12,Brand#45,23,MED JAR,4,0,1
F,F,R,DELIVER IN PERSON,0,Manufacturer#1,2,AUTOMOBILE,2,0.05,0.09,5,Brand#11,21,LG BOX,9,1,1
F,F,R,TAKE BACK RETURN,2,Manufacturer#1,2,AUTOMOBILE,3,0,0.07,21,Brand#11,21,LG CAN,32,1,0
F,F,A,NONE,3,Manufacturer#4,1,FURNITURE,7,0.02,0.03,6,Brand#42,1,LG CASE,1,0,1
F,F,A,COLLECT COD,3,Manufacturer#3,1,AUTOMOBILE,4,0.08,0.04,22,Brand#32,2,JUMBO JAR,32,0,0
F,F,A,NONE,3,Manufacturer#3,1,AUTOMOBILE,2,0.06,0.04,22,Brand#35,2,LG PACK,39,1,0
F,F,R,DELIVER IN PERSON,1,Manufacturer#5,1,HOUSEHOLD,5,0.05,0.05,24,Brand#54,24,WRAP JAR,25,0,0
F,F,R,NONE,0,Manufacturer#4,0,BUILDING,4,0,0.01,0,Brand#41,14,MED CASE,3,1,1
F,F,R,TAKE BACK RETURN,3,Manufacturer#5,1,HOUSEHOLD,4,0,0.07,19,Brand#55,24,SM BAG,2,0,0
F,F,A,TAKE BACK RETURN,0,Manufacturer#4,2,HOUSEHOLD,3,0.01,0.03,16,Brand#41,12,LG PACK,31,0,1
F,F,A,TAKE BACK RETURN,4,Manufacturer#1,4,MACHINERY,2,0.03,0.05,4,Brand#12,4,SM PKG,31,0,1
F,F,R,TAKE BACK RETURN,4,Manufacturer#2,3,HOUSEHOLD,2,0.03,0.02,11,Brand#25,6,WRAP PACK,47,1,1
F,F,R,TAKE BACK RETURN,3,Manufacturer#5,2,HOUSEHOLD,3,0.04,0.05,7,Brand#52,8,MED JAR,47,0,1
F,F,R,TAKE BACK RETURN,1,Manufacturer#4,4,BUILDING,3,0,0.01,3,Brand#42,20,JUMBO PACK,32,1,0
F,F,R,DELIVER IN PERSON,3,Manufacturer#4,2,FURNITURE,1,0.01,0.08,19,Brand#45,12,JUMBO PACK,41,0,0
F,F,A,TAKE BACK RETURN,1,Manufacturer#1,0,HOUSEHOLD,1,0.08,0.06,2,Brand#12,16,LG PACK,15,1,1
F,F,A,COLLECT COD,3,Manufacturer#4,4,MACHINERY,2,0.05,0,23,Brand#44,20,SM BOX,44,1,0
F,F,R,TAKE BACK RETURN,3,Manufacturer#5,4,MACHINERY,4,0.04,0.09,7,Brand#52,4,JUMBO DRUM,46,1,0
F,F,A,COLLECT COD,1,Manufacturer#3,4,MACHINERY,4,0.02,0.06,24,Brand#34,10,SM PACK,25,0,1
F,F,A,NONE,4,Manufacturer#5,1,BUILDING,5,0.04,0.04,13,Brand#51,3,WRAP BAG,21,0,0
F,F,A,DELIVER IN PERSON,3,Manufacturer#5,2,AUTOMOBILE,5,0.01,0.05,22,Brand#55,21,MED PKG,10,1,0
F,F,A,COLLECT COD,1,Manufacturer#1,1,FURNITURE,3,0.03,0.06,3,Brand#14,1,LG CAN,21,1,1
F,F,A,COLLECT COD,1,Manufacturer#1,1,MACHINERY,7,0.06,0.04,2,Brand#15,17,JUMBO PKG,31,0,0
F,F,A,DELIVER IN PERSON,3,Manufacturer#1,0,HOUSEHOLD,3,0.04,0.06,22,Brand#14,0,MED DRUM,7,1,1
F,F,A,DELIVER IN PERSON,0,Manufacturer#4,1,BUILDING,3,0.08,0.05,0,Brand#44,17,WRAP CASE,35,1,1
F,F,R,NONE,1,Manufacturer#1,0,AUTOMOBILE,4,0.02,0.04,3,Brand#15,16,LG BAG,39,0,0
F,F,A,COLLECT COD,2,Manufacturer#1,1,MACHINERY,1,0.02,0.07,18,Brand#15,3,LG BOX,37,1,0
F,F,R,TAKE BACK RETURN,4,Manufacturer#1,1,AUTOMOBILE,3,0.02,0.03,10,Brand#12,2,SM DRUM,40,0,1
F,F,R,COLLECT COD,3,Manufacturer#3,3,MACHINERY,4,0.07,0.03,6,Brand#32,22,LG BAG,19,0,1
F,F,R,TAKE BACK RETURN,0,Manufacturer#5,2,MACHINERY,3,0.03,0,0,Brand#53,9,JUMBO CAN,49,0,1
F,F,A,COLLECT COD,1,Manufacturer#2,0,HOUSEHOLD,1,0,0.04,2,Brand#23,16,JUMBO CAN,26,0,0
F,F,A,COLLECT COD,4,Manufacturer#4,2,AUTOMOBILE,3,0.06,0.06,4,Brand#44,21,SM JAR,15,1,0
F,F,R,NONE,4,Manufacturer#2,3,MACHINERY,4,0.03,0.01,4,Brand#24,23,SM PACK,19,1,1
F,F,A,DELIVER IN PERSON,1,Manufacturer#3,0,BUILDING,4,0.05,0.1,17,Brand#35,15,SM BOX,26,1,1
F,F,A,DELIVER IN PERSON,4,Manufacturer#3,4,HOUSEHOLD,3,0,0.03,4,Brand#35,11,JUMBO BAG,14,1,1
F,F,A,NONE,0,Manufacturer#5,4,HOUSEHOLD,3,0.02,0.09,16,Brand#55,20,WRAP CASE,39,1,0
F,F,A,NONE,0,Manufacturer#5,3,MACHINERY,2,0.03,0.04,14,Brand#51,23,MED PKG,19,1,0
F,F,R,DELIVER IN PERSON,3,Manufacturer#4,4,MACHINERY,3,0.04,0,7,Brand#44,11,MED JAR,14,0,0
F,F,A,DELIVER IN PERSON,0,Manufacturer#1,2,BUILDING,1,0.08,0.03,15,Brand#14,8,SM JAR,8,0,1
F,F,A,TAKE BACK RETURN,3,Manufacturer#5,4,MACHINERY,4,0.02,0.07,23,Brand#55,10,LG BOX,6,0,0
F,F,R,COLLECT COD,4,Manufacturer#2,3,FURNITURE,1,0.06,0.08,20,Brand#25,22,WRAP CASE,46,0,1
F,F,A,NONE,0,Manufacturer#5,3,HOUSEHOLD,7,0,0.01,14,Brand#53,6,JUMBO BOX,16,0,0
F,F,A,NONE,4,Manufacturer#3,2,FURNITURE,2,0.04,0.05,4,Brand#33,9,MED BAG,13,1,1
F,F,A,COLLECT COD,2,Manufacturer#1,0,MACHINERY,1,0.08,0.06,18,Brand#14,0,JUMBO PKG,45,0,0
F,F,A,DELIVER IN PERSON,1,Manufacturer#5,2,FURNITURE,6,0.03,0.02,24,Brand#55,12,SM CASE,19,1,0
F,F,R,COLLECT COD,0,Manufacturer#5,3,AUTOMOBILE,1,0,0.06,15,Brand#52,7,MED CAN,15,1,1
F,F,A,DELIVER IN PERSON,1,Manufacturer#5,3,BUILDING,4,0.07,0.05,2,Brand#55,22,LG JAR,31,0,1
F,F,R,TAKE BACK RETURN,2,Manufacturer#1,4,FURNITURE,5,0,0.09,21,Brand#12,11,SM JAR,21,1,1
F,F,A,TAKE BACK RETURN,4,Manufacturer#4,0,FURNITURE,2,0.06,0.1,11,Brand#41,0,MED DRUM,17,1,0
F,F,A,TAKE BACK RETURN,2,Manufacturer#4,3,FURNITURE,1,0.02,0.07,21,Brand#41,23,LG BOX,44,1,0
F,F,A,DELIVER IN PERSON,1,Manufacturer#2,0,FURNITURE,2,0.07,0.06,3,Brand#22,5,LG CASE,35,0,1
F,F,R,NONE,2,Manufacturer#3,0,AUTOMOBILE,1,0.02,0,12,Brand#33,15,MED CAN,8,1,0
F,F,A,TAKE BACK RETURN,1,Manufacturer#5,4,HOUSEHOLD,4,0.02,0.08,24,Brand#55,20,SM BOX,7,0,0
F,F,A,TAKE BACK RETURN,4,Manufacturer#5,3,FURNITURE,1,0.06,0.02,13,Brand#53,7,LG JAR,26,0,0
F,F,R,COLLECT COD,0,Manufacturer#2,2,MACHINERY,4,0.02,0.04,16,Brand#25,18,JUMBO DRUM,36,1,1
F,F,R,NONE,4,Manufacturer#4,1,MACHINERY,3,0.06,0.1,11,Brand#41,2,WRAP BOX,45,1,0
F,F,R,COLLECT COD,2,Manufacturer#5,3,BUILDING,4,0.08,0.06,8,Brand#55,6,WRAP BAG,31,0,1
F,F,A,NONE,1,Manufacturer#5,0,BUILDING,3,0,0.05,24,Brand#55,16,JUMBO BOX,8,1,0
F,F,R,NONE,4,Manufacturer#3,3,FURNITURE,2,0.01,0.03,4,Brand#31,19,SM CAN,40,0,1
F,F,R,DELIVER IN PERSON,4,Manufacturer#3,3,FURNITURE,5,0.04,0.07,20,Brand#34,19,MED CASE,26,0,1
F,F,A,NONE,1,Manufacturer#3,3,AUTOMOBILE,5,0.01,0.09,24,Brand#34,22,LG DRUM,32,1,1
F,F,A,TAKE BACK RETURN,3,Manufacturer#3,4,AUTOMOBILE,2,0.03,0.1,22,Brand#31,10,LG DRUM,17,0,1
F,F,A,COLLECT COD,1,Manufacturer#5,0,MACHINERY,1,0.08,0.02,1,Brand#53,15,JUMBO PKG,7,1,1
F,F,R,DELIVER IN PERSON,1,Manufacturer#1,4,AUTOMOBILE,2,0.02,0.02,24,Brand#11,10,MED PKG,11,1,0
F,F,R,TAKE BACK RETURN,4,Manufacturer#1,4,BUILDING,6,0.03,0,20,Brand#14,11,LG PKG,4,0,0
F,F,R,DELIVER IN PERSON,2,Manufacturer#2,3,AUTOMOBILE,1,0.07,0.09,9,Brand#23,19,JUMBO BAG,49,0,1
F,F,R,COLLECT COD,1,Manufacturer#1,3,HOUSEHOLD,3,0.05,0.07,3,Brand#14,22,WRAP PACK,6,1,0
F,F,R,DELIVER IN PERSON,3,Manufacturer#4,2,HOUSEHOLD,1,0.05,0.03,19,Brand#44,8,JUMBO JAR,30,0,1
F,F,R,TAKE BACK RETURN,1,Manufacturer#1,4,FURNITURE,4,0.07,0.08,17,Brand#13,20,LG CAN,18,1,1
F,F,A,DELIVER IN PERSON,1,Manufacturer#2,1,MACHINERY,3,0.04,0.1,24,Brand#23,2,SM CAN,40,1,1
F,F,A,DELIVER IN PERSON,1,Manufacturer#2,1,MACHINERY,6,0.02,0.08,17,Brand#23,2,LG DRUM,37,1,1
F,F,A,DELIVER IN PERSON,4,Manufacturer#3,0,MACHINERY,5,0.01,0.04,20,Brand#31,14,WRAP JAR,7,0,0
F,F,A,TAKE BACK RETURN,1,Manufacturer#2,3,FURNITURE,3,0.08,0,2,Brand#21,22,MED DRUM,28,1,1
F,F,R,NONE,0,Manufacturer#2,2,MACHINERY,4,0.02,0.06,14,Brand#24,8,SM PACK,37,0,0
F,F,R,DELIVER IN PERSON,1,Manufacturer#2,0,AUTOMOBILE,5,0.07,0.05,17,Brand#21,16,WRAP CASE,8,1,1
F,F,R,TAKE BACK RETURN,0,Manufacturer#2,0,AUTOMOBILE,3,0.04,0.06,14,Brand#23,16,MED BOX,34,0,1
F,F,R,TAKE BACK RETURN,1,Manufacturer#5,4,BUILDING,2,0,0.1,17,Brand#54,11,WRAP DRUM,2,0,1
F,F,R,TAKE BACK RETURN,0,Manufacturer#4,3,BUILDING,1,0.06,0,16,Brand#44,23,WRAP BAG,12,1,1
F,F,A,DELIVER IN PERSON,2,Manufacturer#5,1,AUTOMOBILE,2,0.07,0.07,12,Brand#53,3,LG BOX,39,1,1
F,F,R,TAKE BACK RETURN,0,Manufacturer#1,3,BUILDING,1,0.06,0.06,0,Brand#14,23,LG CAN,41,1,1
F,F,A,COLLECT COD,4,Manufacturer#3,3,HOUSEHOLD,1,0.04,0.06,10,Brand#34,7,MED PKG,23,1,1
F,F,A,TAKE BACK RETURN,2,Manufacturer#5,1,MACHINERY,3,0.06,0.1,21,Brand#51,24,WRAP CAN,42,1,0
F,F,R,DELIVER IN PERSON,3,Manufacturer#1,2,FURNITURE,1,0.04,0.1,19,Brand#13,8,SM PKG,28,1,0
F,F,R,COLLECT COD,1,Manufacturer#3,1,BUILDING,5,0.07,0.02,1,Brand#32,24,JUMBO PACK,1,0,0
F,F,A,COLLECT COD,1,Manufacturer#4,3,HOUSEHOLD,1,0,0.04,1,Brand#45,19,WRAP DRUM,18,1,0
F,F,R,NONE,2,Manufacturer#1,0,HOUSEHOLD,3,0.01,0.07,21,Brand#13,5,MED JAR,38,1,1
F,F,A,DELIVER IN PERSON,0,Manufacturer#4,0,BUILDING,4,0.08,0.01,5,Brand#43,0,JUMBO CAN,14,0,0
F,F,R,NONE,2,Manufacturer#1,4,BUILDING,1,0.03,0.06,12,Brand#15,11,WRAP JAR,25,1,1
F,F,A,TAKE BACK RETURN,1,Manufacturer#5,2,BUILDING,4,0.07,0.02,17,Brand#53,21,JUMBO CASE,21,0,0
F,F,R,TAKE BACK RETURN,4,Manufacturer#2,0,AUTOMOBILE,2,0.03,0.09,20,Brand#24,14,MED BAG,26,1,1
F,F,R,NONE,0,Manufacturer#3,4,MACHINERY,2,0.03,0.01,16,Brand#31,4,WRAP BOX,7,1,1
F,F,A,COLLECT COD,4,Manufacturer#3,1,HOUSEHOLD,3,0.02,0.02,11,Brand#33,1,WRAP PACK,35,1,0
F,F,R,DELIVER IN PERSON,2,Manufacturer#1,3,FURNITURE,5,0,0.05,12,Brand#15,23,WRAP JAR,49,1,1
F,F,R,DELIVER IN PERSON,1,Manufacturer#1,2,BUILDING,5,0.01,0.07,1,Brand#11,12,SM PKG,8,0,1
F,F,R,NONE,2,Manufacturer#2,2,BUILDING,1,0.02,0.04,9,Brand#24,18,WRAP DRUM,41,0,1
F,F,A,COLLECT COD,3,Manufacturer#4,1,HOUSEHOLD,5,0.06,0.03,7,Brand#41,24,LG PACK,10,0,0
F,F,A,COLLECT COD,1,Manufacturer#5,4,MACHINERY,1,0.01,0,17,Brand#53,13,WRAP JAR,29,1,0
F,F,R,DELIVER IN PERSON,3,Manufacturer#3,3,BUILDING,7,0.03,0.05,7,Brand#32,7,WRAP BOX,44,0,1
F,F,R,COLLECT COD,0,Manufacturer#4,1,HOUSEHOLD,4,0.02,0.07,15,Brand#45,24,WRAP BAG,6,1,1
F,F,A,COLLECT COD,2,Manufacturer#5,3,FURNITURE,5,0.08,0.02,8,Brand#52,19,LG DRUM,30,0,1
F,F,A,NONE,3,Manufacturer#3,1,MACHINERY,5,0.06,0.03,22,Brand#34,2,SM JAR,37,1,1
F,F,R,NONE,1,Manufacturer#4,1,AUTOMOBILE,1,0.05,0,1,Brand#44,3,JUMBO CASE,27,1,0
F,F,R,DELIVER IN PERSON,2,Manufacturer#2,4,HOUSEHOLD,2,0.06,0.01,18,Brand#22,20,LG JAR,9,1,0
F,F,A,TAKE BACK RETURN,3,Manufacturer#2,2,FURNITURE,5,0.01,0.1,23,Brand#23,21,WRAP BAG,18,1,1
F,F,R,NONE,4,Manufacturer#2,0,FURNITURE,1,0.03,0.05,4,Brand#25,16,JUMBO CASE,22,0,1
F,F,R,TAKE BACK RETURN,1,Manufacturer#2,0,AUTOMOBILE,3,0.03,0.08,2,Brand#23,5,WRAP DRUM,16,0,0
F,F,A,TAKE BACK RETURN,4,Manufacturer#3,1,MACHINERY,5,0.05,0.09,13,Brand#35,3,JUMBO PKG,35,1,1
F,F,R,COLLECT COD,2,Manufacturer#1,1,MACHINERY,1,0.06,0.05,12,Brand#15,3,WRAP PACK,37,1,0
F,F,R,NONE,2,Manufacturer#3,2,AUTOMOBILE,5,0.02,0.08,21,Brand#32,18,JUMBO BOX,15,0,1
F,F,A,DELIVER IN PERSON,4,Manufacturer#3,2,HOUSEHOLD,1,0.05,0.08,4,Brand#34,18,WRAP JAR,29,1,1
F,F,R,TAKE BACK RETURN,3,Manufacturer#5,0,FURNITURE,4,0.03,0,22,Brand#55,0,JUMBO CASE,8,0,0
F,F,R,COLLECT COD,2,Manufacturer#4,1,FURNITURE,4,0.01,0.03,18,Brand#44,17,MED JAR,32,1,0
F,F,R,COLLECT COD,2,Manufacturer#4,4,HOUSEHOLD,3,0.08,0.05,9,Brand#42,13,MED BAG,20,0,1
F,F,A,DELIVER IN PERSON,4,Manufacturer#2,3,MACHINERY,3,0.01,0.1,10,Brand#25,19,JUMBO BOX,14,1,1
F,F,A,DELIVER IN PERSON,3,Manufacturer#4,1,FURNITURE,2,0.03,0.05,22,Brand#41,17,WRAP PKG,19,1,0
F,F,A,DELIVER IN PERSON,4,Manufacturer#1,4,AUTOMOBILE,4,0,0.03,20,Brand#13,20,SM JAR,13,0,1
F,F,A,NONE,1,Manufacturer#4,4,MACHINERY,7,0.08,0.05,17,Brand#43,11,WRAP PACK,36,0,0
F,F,R,COLLECT COD,4,Manufacturer#1,4,HOUSEHOLD,2,0.06,0.06,4,Brand#14,11,SM PKG,12,0,1
F,F,R,TAKE BACK RETURN,3,Manufacturer#1,0,HOUSEHOLD,4,0.08,0.08,6,Brand#14,14,MED CASE,13,0,0
F,F,R,COLLECT COD,2,Manufacturer#4,2,FURNITURE,5,0.01,0.02,18,Brand#45,9,LG CAN,10,0,0
F,F,R,DELIVER IN PERSON,2,Manufacturer#2,4,FURNITURE,1,0.04,0.03,12,Brand#21,10,LG DRUM,3,1,1
F,F,R,DELIVER IN PERSON,4,Manufacturer#4,2,AUTOMOBILE,4,0.06,0.02,13,Brand#42,8,JUMBO BOX,41,1,1
F,F,A,NONE,2,Manufacturer#3,1,FURNITURE,2,0.05,0.07,18,Brand#32,2,JUMBO CASE,9,1,1
F,F,A,TAKE BACK RETURN,2,Manufacturer#3,1,AUTOMOBILE,4,0.02,0.02,8,Brand#31,3,WRAP DRUM,29,1,1
F,F,R,DELIVER IN PERSON,3,Manufacturer#2,4,BUILDING,5,0.01,0.04,6,Brand#21,20,SM BAG,1,1,0
F,F,R,TAKE BACK RETURN,3,Manufacturer#2,0,AUTOMOBILE,1,0.05,0.07,7,Brand#21,16,JUMBO PKG,33,1,0
F,F,A,TAKE BACK RETURN,2,Manufacturer#3,2,HOUSEHOLD,1,0.02,0,8,Brand#33,12,WRAP CAN,34,0,0
F,F,R,DELIVER IN PERSON,2,Manufacturer#3,4,AUTOMOBILE,6,0.02,0,12,Brand#34,4,MED JAR,16,0,0
F,F,R,NONE,2,Manufacturer#5,3,AUTOMOBILE,1,0.04,0.09,18,Brand#51,7,JUMBO DRUM,45,0,1
F,F,A,COLLECT COD,0,Manufacturer#4,2,MACHINERY,1,0.01,0.09,0,Brand#42,9,LG BOX,20,0,1
F,F,A,DELIVER IN PERSON,2,Manufacturer#4,1,BUILDING,2,0.01,0.1,18,Brand#45,2,WRAP PACK,8,0,0
F,F,A,DELIVER IN PERSON,1,Manufacturer#3,4,HOUSEHOLD,2,0.06,0.03,2,Brand#35,11,SM CAN,50,1,1
F,F,A,TAKE BACK RETURN,4,Manufacturer#5,1,BUILDING,4,0,0.04,10,Brand#52,3,WRAP DRUM,28,1,0
F,F,A,DELIVER IN PERSON,1,Manufacturer#3,3,AUTOMOBILE,1,0.05,0.07,2,Brand#35,22,MED BOX,16,0,1
F,F,A,TAKE BACK RETURN,0,Manufacturer#2,0,AUTOMOBILE,1,0.06,0.09,14,Brand#21,5,MED DRUM,29,0,0
F,F,A,TAKE BACK RETURN,0,Manufacturer#4,3,AUTOMOBILE,5,0.01,0.07,14,Brand#45,23,WRAP BOX,27,1,1
F,F,A,DELIVER IN PERSON,1,Manufacturer#5,0,MACHINERY,4,0.05,0.03,2,Brand#53,14,JUMBO CASE,16,1,1
F,F,A,NONE,3,Manufacturer#5,4,AUTOMOBILE,2,0.03,0.03,22,Brand#54,4,JUMBO CASE,24,0,1
F,F,A,TAKE BACK RETURN,3,Manufacturer#2,3,FURNITURE,2,0,0.09,22,Brand#25,19,WRAP CASE,45,0,0
F,F,R,TAKE BACK RETURN,3,Manufacturer#5,0,FURNITURE,5,0.07,0.05,23,Brand#55,15,WRAP BOX,9,0,1
F,F,A,DELIVER IN PERSON,2,Manufacturer#2,2,MACHINERY,3,0.04,0.09,18,Brand#24,18,JUMBO JAR,16,1,1
F,F,A,TAKE BACK RETURN,1,Manufacturer#3,2,FURNITURE,1,0.05,0.03,3,Brand#31,18,LG PACK,24,0,0
F,F,R,DELIVER IN PERSON,1,Manufacturer#4,2,FURNITURE,3,0.02,0.09,2,Brand#42,18,SM JAR,10,1,1
F,F,R,COLLECT COD,3,Manufacturer#3,2,FURNITURE,2,0.05,0.06,7,Brand#33,18,MED PKG,20,0,1
F,F,A,NONE,3,Manufacturer#5,4,MACHINERY,1,0.07,0.06,6,Brand#52,4,LG BAG,21,0,0
F,F,A,TAKE BACK RETURN,2,Manufacturer#5,0,FURNITURE,4,0.08,0.01,18,Brand#53,16,MED BAG,17,1,0
F,F,R,COLLECT COD,2,Manufacturer#4,0,MACHINERY,2,0.07,0.03,21,Brand#43,15,MED DRUM,22,1,1
F,F,A,COLLECT COD,1,Manufacturer#1,1,HOUSEHOLD,2,0.03,0.03,2,Brand#13,3,LG CASE,30,0,0
F,F,R,NONE,1,Manufacturer#3,2,BUILDING,2,0.02,0.06,2,Brand#35,8,WRAP BAG,8,0,1
F,F,R,COLLECT COD,2,Manufacturer#4,3,BUILDING,4,0.07,0.09,12,Brand#42,19,LG PACK,16,0,1
F,F,R,TAKE BACK RETURN,4,Manufacturer#4,4,FURNITURE,1,0,0.1,11,Brand#41,13,LG DRUM,27,1,0
F,F,R,COLLECT COD,1,Manufacturer#2,3,BUILDING,6,0.05,0.09,24,Brand#25,19,JUMBO CASE,20,1,0
F,F,R,NONE,4,Manufacturer#5,4,AUTOMOBILE,1,0.06,0.01,13,Brand#52,11,MED JAR,38,1,1
F,F,R,TAKE BACK RETURN,4,Manufacturer#1,2,HOUSEHOLD,6,0.07,0.03,20,Brand#13,21,JUMBO JAR,31,1,1
F,F,R,NONE,0,Manufacturer#3,1,AUTOMOBILE,1,0.01,0.05,15,Brand#35,3,JUMBO BAG,17,0,0
F,F,R,TAKE BACK RETURN,1,Manufacturer#5,4,AUTOMOBILE,2,0.07,0.07,17,Brand#51,13,WRAP BOX,9,1,1
F,F,A,TAKE BACK RETURN,2,Manufacturer#2,0,HOUSEHOLD,1,0.08,0,18,Brand#25,5,SM JAR,38,1,1
F,F,R,COLLECT COD,3,Manufacturer#4,2,MACHINERY,5,0.05,0.07,23,Brand#45,21,WRAP PACK,10,0,1
F,F,R,NONE,1,Manufacturer#2,2,FURNITURE,1,0.05,0.06,2,Brand#23,18,SM PKG,9,0,1
F,F,R,NONE,0,Manufacturer#3,3,BUILDING,4,0.08,0.05,0,Brand#31,22,WRAP CASE,3,0,1
F,F,A,COLLECT COD,1,Manufacturer#5,3,HOUSEHOLD,2,0.08,0.09,17,Brand#52,19,LG CAN,19,0,1
F,F,R,DELIVER IN PERSON,4,Manufacturer#1,1,BUILDING,5,0.06,0.07,13,Brand#15,3,JUMBO JAR,16,1,0
F,F,A,TAKE BACK RETURN,3,Manufacturer#1,1,BUILDING,3,0.05,0.06,6,Brand#13,3,MED BAG,46,0,0
F,F,A,NONE,2,Manufacturer#3,4,MACHINERY,2,0.05,0.01,18,Brand#33,20,MED CAN,10,1,0
F,F,A,TAKE BACK RETURN,4,Manufacturer#2,3,BUILDING,2,0.01,0.05,13,Brand#21,19,MED PKG,30,0,0
F,F,A,NONE,2,Manufacturer#5,4,HOUSEHOLD,1,0.02,0.04,8,Brand#54,4,WRAP BAG,9,1,0
F,F,A,DELIVER IN PERSON,4,Manufacturer#3,4,MACHINERY,2,0.03,0.09,10,Brand#31,4,LG BAG,30,1,0
F,F,R,COLLECT COD,0,Manufacturer#2,0,HOUSEHOLD,3,0.01,0.08,0,Brand#22,5,JUMBO CAN,38,0,1
F,F,R,DELIVER IN PERSON,1,Manufacturer#3,0,FURNITURE,1,0.03,0.05,1,Brand#34,5,LG CAN,35,1,1
F,F,R,DELIVER IN PERSON,2,Manufacturer#4,1,MACHINERY,5,0.06,0.02,9,Brand#42,1,SM PACK,40,0,1
F,F,R,DELIVER IN PERSON,3,Manufacturer#5,1,HOUSEHOLD,2,0.04,0.08,19,Brand#55,3,MED DRUM,37,0,0
F,F,A,COLLECT COD,2,Manufacturer#5,4,MACHINERY,5,0.01,0.02,18,Brand#53,10,JUMBO PKG,32,0,1
F,F,R,TAKE BACK RETURN,0,Manufacturer#1,4,FURNITURE,2,0.01,0.09,14,Brand#15,11,JUMBO BOX,26,1,1
F,F,A,TAKE BACK RETURN,3,Manufacturer#3,1,MACHINERY,1,0.02,0.06,6,Brand#31,3,JUMBO DRUM,48,1,0
F,F,R,DELIVER IN PERSON,3,Manufacturer#3,0,BUILDING,2,0,0.08,23,Brand#34,14,LG BAG,23,0,0
F,F,A,TAKE BACK RETURN,2,Manufacturer#1,4,BUILDING,1,0.01,0.03,8,Brand#15,10,WRAP DRUM,50,0,0
F,F,A,DELIVER IN PERSON,2,Manufacturer#3,2,BUILDING,3,0.03,0.01,21,Brand#34,9,JUMBO CASE,32,0,1
F,F,A,COLLECT COD,4,Manufacturer#4,1,MACHINERY,2,0.04,0.07,13,Brand#44,1,SM BOX,39,1,1
F,F,R,TAKE BACK RETURN,1,Manufacturer#3,3,BUILDING,1,0.07,0.08,3,Brand#33,22,LG JAR,41,1,0
F,F,A,COLLECT COD,0,Manufacturer#5,4,AUTOMOBILE,2,0.04,0.02,0,Brand#53,10,SM DRUM,31,1,0
F,F,A,COLLECT COD,1,Manufacturer#1,2,BUILDING,2,0.02,0.09,2,Brand#13,9,MED BOX,15,1,0
F,F,A,DELIVER IN PERSON,4,Manufacturer#1,4,FURNITURE,1,0.02,0.04,13,Brand#15,11,SM PACK,41,1,0
F,F,A,NONE,3,Manufacturer#3,0,BUILDING,2,0.03,0.1,7,Brand#33,16,JUMBO CASE,8,1,1
F,F,A,NONE,2,Manufacturer#4,3,FURNITURE,7,0.02,0.01,12,Brand#44,22,MED CAN,44,1,0
F,F,A,DELIVER IN PERSON,4,Manufacturer#4,3,BUILDING,7,0.05,0,4,Brand#41,19,MED DRUM,40,0,0
F,F,R,DELIVER IN PERSON,2,Manufacturer#3,1,AUTOMOBILE,1,0.01,0.08,12,Brand#34,2,MED JAR,16,0,0
F,F,R,DELIVER IN PERSON,2,Manufacturer#5,4,AUTOMOBILE,5,0,0.05,12,Brand#55,20,LG CAN,37,1,0
F,F,A,COLLECT COD,0,Manufacturer#1,2,AUTOMOBILE,1,0.07,0.09,16,Brand#14,21,JUMBO DRUM,9,1,0
F,F,A,COLLECT COD,3,Manufacturer#2,3,HOUSEHOLD,3,0.03,0.08,19,Brand#25,22,JUMBO PACK,30,0,1
F,F,A,DELIVER IN PERSON,3,Manufacturer#5,1,BUILDING,6,0.05,0.09,23,Brand#51,3,WRAP CAN,28,1,1
F,F,A,COLLECT COD,2,Manufacturer#4,2,BUILDING,2,0.01,0.07,18,Brand#45,18,JUMBO BAG,33,0,1
F,F,A,COLLECT COD,4,Manufacturer#2,0,HOUSEHOLD,1,0,0.01,13,Brand#22,0,SM BOX,1,1,0
F,F,A,TAKE BACK RETURN,3,Manufacturer#5,0,BUILDING,1,0.03,0.05,7,Brand#54,16,JUMBO CAN,34,1,0
F,F,A,DELIVER IN PERSON,2,Manufacturer#3,2,BUILDING,3,0.07,0.08,12,Brand#34,9,WRAP CAN,47,0,0
F,F,A,NONE,2,Manufacturer#5,4,AUTOMOBILE,6,0.02,0.08,9,Brand#54,4,WRAP BOX,16,1,1
F,F,A,DELIVER IN PERSON,2,Manufacturer#5,4,AUTOMOBILE,3,0.04,0.01,8,Brand#53,4,MED PACK,32,1,1
F,F,R,DELIVER IN PERSON,2,Manufacturer#2,1,HOUSEHOLD,3,0.02,0.05,8,Brand#21,3,MED BOX,17,1,1
F,F,R,COLLECT COD,4,Manufacturer#1,3,MACHINERY,5,0.05,0.1,4,Brand#15,6,SM DRUM,46,1,0
F,F,A,NONE,1,Manufacturer#4,0,BUILDING,7,0.07,0.04,2,Brand#44,15,WRAP DRUM,43,0,1
F,F,R,DELIVER IN PERSON,3,Manufacturer#1,3,AUTOMOBILE,1,0.03,0,22,Brand#13,6,JUMBO JAR,17,1,1
F,F,A,TAKE BACK RETURN,3,Manufacturer#3,4,AUTOMOBILE,1,0.01,0,7,Brand#35,13,SM BOX,5,1,1
F,F,A,NONE,4,Manufacturer#4,3,BUILDING,2,0.05,0.06,4,Brand#44,23,MED PKG,47,1,1
F,F,A,COLLECT COD,0,Manufacturer#3,3,MACHINERY,5,0.07,0.09,0,Brand#34,22,JUMBO PKG,35,0,1
F,F,R,NONE,3,Manufacturer#2,4,BUILDING,1,0.03,0.04,19,Brand#22,20,SM PACK,5,0,1
F,F,R,NONE,0,Manufacturer#5,4,FURNITURE,1,0.01,0.03,14,Brand#55,11,LG BAG,47,1,0
F,F,R,TAKE BACK RETURN,2,Manufacturer#4,1,MACHINERY,5,0.02,0.06,12,Brand#45,24,LG JAR,50,1,1
F,F,A,COLLECT COD,4,Manufacturer#5,4,HOUSEHOLD,2,0.07,0.02,4,Brand#54,13,LG PACK,40,0,1
F,F,A,COLLECT COD,1,Manufacturer#5,3,AUTOMOBILE,3,0.03,0.06,3,Brand#52,6,JUMBO PKG,12,1,1
F,F,R,TAKE BACK RETURN,2,Manufacturer#5,2,MACHINERY,1,0.04,0.02,9,Brand#55,18,LG BOX,37,1,1
F,F,A,NONE,4,Manufacturer#3,0,AUTOMOBILE,1,0.08,0.02,13,Brand#31,0,SM BAG,32,1,0
F,F,A,TAKE BACK RETURN,0,Manufacturer#2,0,MACHINERY,2,0.02,0.09,15,Brand#24,16,MED CAN,39,1,0
F,F,R,DELIVER IN PERSON,2,Manufacturer#5,0,BUILDING,4,0.04,0.04,12,Brand#55,14,WRAP CASE,9,0,1
F,F,A,TAKE BACK RETURN,3,Manufacturer#4,2,FURNITURE,1,0.07,0.05,7,Brand#45,21,LG JAR,15,1,1
F,F,R,DELIVER IN PERSON,3,Manufacturer#1,2,FURNITURE,3,0.02,0.05,6,Brand#12,9,SM PACK,38,0,1
F,F,R,COLLECT COD,3,Manufacturer#1,1,AUTOMOBILE,1,0.06,0.06,23,Brand#13,1,LG PKG,41,1,0
F,F,A,DELIVER IN PERSON,4,Manufacturer#2,4,AUTOMOBILE,6,0,0.01,11,Brand#23,10,LG BAG,15,0,1
F,F,A,DELIVER IN PERSON,4,Manufacturer#2,3,BUILDING,5,0.03,0.04,13,Brand#24,6,MED JAR,13,0,1
F,F,R,DELIVER IN PERSON,2,Manufacturer#2,3,FURNITURE,3,0,0.06,21,Brand#23,23,JUMBO PACK,48,1,0
F,F,A,TAKE BACK RETURN,0,Manufacturer#1,1,MACHINERY,2,0.02,0.04,0,Brand#15,3,SM PACK,4,1,0
F,F,A,TAKE BACK RETURN,2,Manufacturer#5,4,BUILDING,2,0.06,0.01,9,Brand#53,11,SM JAR,2,0,1
F,F,A,DELIVER IN PERSON,1,Manufacturer#3,0,AUTOMOBILE,3,0.01,0.09,1,Brand#34,0,SM CAN,31,1,1
F,F,A,NONE,0,Manufacturer#1,0,MACHINERY,2,0.04,0,5,Brand#14,14,LG BOX,18,0,1
F,F,R,COLLECT COD,3,Manufacturer#2,2,MACHINERY,1,0.04,0.07,23,Brand#21,18,SM PKG,19,0,0
F,F,A,COLLECT COD,3,Manufacturer#3,2,FURNITURE,1,0.08,0.04,23,Brand#35,12,LG PACK,39,1,0
F,F,A,DELIVER IN PERSON,2,Manufacturer#3,2,BUILDING,4,0.07,0.04,9,Brand#31,18,MED PKG,48,1,1
F,F,A,TAKE BACK RETURN,4,Manufacturer#3,4,AUTOMOBILE,4,0.03,0.1,11,Brand#31,20,LG CASE,48,1,1
F,F,R,NONE,2,Manufacturer#4,3,HOUSEHOLD,2,0.03,0.03,21,Brand#41,22,MED BOX,46,1,1
F,F,A,DELIVER IN PERSON,1,Manufacturer#3,3,HOUSEHOLD,4,0,0.08,1,Brand#33,6,JUMBO PACK,26,1,0
F,F,A,COLLECT COD,4,Manufacturer#3,4,FURNITURE,4,0.02,0.1,11,Brand#35,10,WRAP CAN,26,0,1
F,F,A,COLLECT COD,4,Manufacturer#4,3,AUTOMOBILE,3,0,0.05,11,Brand#43,7,LG BOX,22,1,1
F,F,R,DELIVER IN PERSON,1,Manufacturer#1,2,MACHINERY,7,0.08,0.08,3,Brand#13,8,LG CASE,3,0,1
F,F,A,DELIVER IN PERSON,3,Manufacturer#1,3,HOUSEHOLD,1,0.03,0.03,22,Brand#14,6,JUMBO JAR,37,0,1
F,F,R,NONE,4,Manufacturer#2,0,BUILDING,2,0.01,0.04,20,Brand#21,14,WRAP BAG,19,0,0
F,F,A,COLLECT COD,0,Manufacturer#2,1,MACHINERY,1,0,0.02,14,Brand#22,1,LG CASE,28,1,0
F,F,R,NONE,0,Manufacturer#5,2,HOUSEHOLD,4,0.04,0.09,0,Brand#54,21,LG DRUM,43,1,0
F,F,A,COLLECT COD,2,Manufacturer#3,2,BUILDING,7,0.01,0.03,8,Brand#35,8,MED JAR,44,1,0
F,F,R,COLLECT COD,4,Manufacturer#3,3,MACHINERY,2,0,0.06,20,Brand#33,22,WRAP DRUM,47,0,1
F,F,R,COLLECT COD,3,Manufacturer#3,2,MACHINERY,4,0.08,0.03,7,Brand#35,18,SM PACK,36,1,1
F,F,R,NONE,1,Manufacturer#3,3,FURNITURE,7,0.04,0.06,17,Brand#33,19,WRAP CAN,11,1,1
F,F,R,COLLECT COD,2,Manufacturer#2,3,FURNITURE,3,0.07,0.07,9,Brand#24,19,LG BOX,45,1,1
F,F,R,TAKE BACK RETURN,4,Manufacturer#1,1,AUTOMOBILE,3,0.06,0.03,11,Brand#11,1,JUMBO BOX,38,0,1
F,F,A,NONE,3,Manufacturer#3,1,BUILDING,1,0.02,0.02,22,Brand#33,2,MED DRUM,13,1,0
F,F,R,TAKE BACK RETURN,4,Manufacturer#2,2,MACHINERY,2,0.02,0.04,20,Brand#21,21,WRAP CAN,50,0,1
F,F,A,NONE,3,Manufacturer#4,4,BUILDING,6,0.04,0.03,6,Brand#42,11,MED DRUM,26,0,0
F,F,A,DELIVER IN PERSON,2,Manufacturer#2,0,FURNITURE,7,0.04,0.01,18,Brand#23,5,JUMBO BAG,35,1,0
F,F,R,DELIVER IN PERSON,3,Manufacturer#2,1,BUILDING,3,0.08,0.06,23,Brand#25,24,JUMBO DRUM,18,0,1
F,F,R,DELIVER IN PERSON,2,Manufacturer#3,1,FURNITURE,6,0.02,0.04,18,Brand#35,2,MED BOX,18,1,0
F,F,A,TAKE BACK RETURN,2,Manufacturer#5,1,MACHINERY,5,0.06,0.02,9,Brand#51,17,MED BAG,41,1,1
F,F,A,COLLECT COD,4,Manufacturer#3,1,MACHINERY,3,0.02,0.01,13,Brand#33,2,JUMBO PKG,7,0,1
F,F,A,DELIVER IN PERSON,1,Manufacturer#5,0,FURNITURE,4,0.03,0.04,17,Brand#51,15,LG PKG,18,1,0
F,F,R,TAKE BACK RETURN,3,Manufacturer#2,1,HOUSEHOLD,1,0.06,0.01,6,Brand#22,2,LG DRUM,21,1,1
F,F,A,NONE,1,Manufacturer#5,3,FURNITURE,4,0.02,0,17,Brand#52,23,SM CASE,8,0,0
F,F,A,DELIVER IN PERSON,4,Manufacturer#4,4,BUILDING,7,0.07,0.07,10,Brand#43,11,SM DRUM,20,1,0
F,F,R,COLLECT COD,3,Manufacturer#5,3,MACHINERY,3,0.08,0.01,23,Brand#53,19,JUMBO PKG,20,1,0
F,F,R,COLLECT COD,1,Manufacturer#4,4,AUTOMOBILE,1,0.01,0.06,24,Brand#42,10,JUMBO CASE,7,1,1
F,F,R,NONE,4,Manufacturer#4,0,MACHINERY,2,0.02,0.01,4,Brand#44,15,WRAP CASE,5,1,1
F,F,R,DELIVER IN PERSON,1,Manufacturer#3,0,MACHINERY,3,0.05,0.03,3,Brand#31,15,MED PACK,4,1,1
F,F,R,NONE,4,Manufacturer#3,2,AUTOMOBILE,2,0.05,0.09,4,Brand#33,21,WRAP BOX,26,1,1
F,F,R,DELIVER IN PERSON,0,Manufacturer#1,2,AUTOMOBILE,6,0.02,0.1,0,Brand#11,21,SM PACK,48,0,1
F,F,R,NONE,3,Manufacturer#2,2,AUTOMOBILE,1,0.03,0.03,6,Brand#23,21,SM BOX,5,1,1
F,F,R,DELIVER IN PERSON,0,Manufacturer#1,3,FURNITURE,6,0.05,0,5,Brand#11,23,JUMBO BAG,33,1,0
F,F,R,COLLECT COD,3,Manufacturer#2,2,HOUSEHOLD,3,0.08,0.05,7,Brand#22,12,WRAP CAN,14,1,1
F,F,A,COLLECT COD,2,Manufacturer#2,3,AUTOMOBILE,2,0.01,0.08,12,Brand#23,7,LG CAN,38,0,0
F,F,A,TAKE BACK RETURN,3,Manufacturer#4,0,FURNITURE,1,0.04,0.03,7,Brand#43,5,SM JAR,4,0,1
F,F,A,NONE,4,Manufacturer#2,2,HOUSEHOLD,2,0.06,0.03,4,Brand#22,18,LG CASE,12,0,0
F,F,R,DELIVER IN PERSON,1,Manufacturer#2,4,FURNITURE,5,0.06,0.08,17,Brand#25,11,LG PKG,40,0,1
F,F,A,DELIVER IN PERSON,0,Manufacturer#5,0,FURNITURE,7,0.04,0.09,15,Brand#53,15,WRAP PACK,29,0,0
F,F,A,TAKE BACK RETURN,3,Manufacturer#1,4,HOUSEHOLD,2,0.05,0.02,19,Brand#13,13,MED CASE,27,0,1
F,F,A,DELIVER IN PERSON,4,Manufacturer#3,3,FURNITURE,2,0,0.05,10,Brand#33,23,JUMBO CASE,42,1,1
F,F,R,COLLECT COD,4,Manufacturer#3,2,FURNITURE,3,0.06,0.02,10,Brand#31,21,LG CASE,8,1,1
F,F,R,COLLECT COD,1,Manufacturer#1,1,FURNITURE,6,0,0.02,24,Brand#11,1,SM CAN,28,0,1
F,F,R,TAKE BACK RETURN,0,Manufacturer#5,2,HOUSEHOLD,3,0.08,0.02,0,Brand#54,12,MED BOX,49,1,0
F,F,A,COLLECT COD,1,Manufacturer#1,2,MACHINERY,3,0.05,0.09,2,Brand#12,12,LG DRUM,24,0,1
F,F,R,TAKE BACK RETURN,0,Manufacturer#5,3,HOUSEHOLD,4,0.06,0.09,15,Brand#55,23,JUMBO BAG,35,1,1
F,F,A,DELIVER IN PERSON,1,Manufacturer#5,1,HOUSEHOLD,6,0.03,0.03,17,Brand#51,1,MED DRUM,50,1,0
F,F,R,TAKE BACK RETURN,0,Manufacturer#2,1,HOUSEHOLD,3,0.02,0.08,15,Brand#22,1,MED JAR,17,0,0
F,F,A,TAKE BACK RETURN,0,Manufacturer#3,1,MACHINERY,6,0.02,0.1,5,Brand#31,1,WRAP PACK,10,1,1
F,F,R,TAKE BACK RETURN,1,Manufacturer#4,1,HOUSEHOLD,1,0.02,0.01,3,Brand#44,1,LG BAG,24,0,1
F,F,R,NONE,0,Manufacturer#4,1,HOUSEHOLD,5,0.05,0.05,14,Brand#43,3,SM CASE,25,0,0
F,F,A,COLLECT COD,3,Manufacturer#2,4,BUILDING,3,0,0.09,22,Brand#25,4,LG PKG,21,0,1
F,F,A,DELIVER IN PERSON,2,Manufacturer#1,0,MACHINERY,3,0.07,0.1,8,Brand#12,14,MED CASE,14,0,0
F,F,R,NONE,4,Manufacturer#4,2,BUILDING,7,0.01,0.01,11,Brand#44,9,JUMBO BOX,19,0,0
F,F,A,TAKE BACK RETURN,3,Manufacturer#1,1,FURNITURE,3,0.08,0.01,7,Brand#12,3,JUMBO PACK,40,1,1
F,F,R,COLLECT COD,3,Manufacturer#1,3,HOUSEHOLD,4,0.02,0.01,19,Brand#13,19,MED PKG,44,1,0
F,F,A,COLLECT COD,3,Manufacturer#3,4,MACHINERY,2,0.08,0.05,7,Brand#32,13,MED PKG,10,1,1
F,F,A,DELIVER IN PERSON,4,Manufacturer#2,0,MACHINERY,1,0.08,0.06,20,Brand#22,16,JUMBO PACK,26,1,1
F,F,R,COLLECT COD,3,Manufacturer#3,4,MACHINERY,5,0.08,0.07,22,Brand#34,20,SM PKG,27,0,0
F,F,A,DELIVER IN PERSON,1,Manufacturer#2,4,FURNITURE,6,0.02,0.04,1,Brand#21,13,JUMBO PACK,22,1,1
F,F,R,TAKE BACK RETURN,1,Manufacturer#3,4,FURNITURE,1,0.02,0.1,3,Brand#33,13,LG PACK,13,0,1
F,F,A,TAKE BACK RETURN,2,Manufacturer#5,2,HOUSEHOLD,4,0.03,0,9,Brand#54,21,SM PKG,48,1,0
F,F,R,NONE,2,Manufacturer#2,4,BUILDING,7,0,0.07,12,Brand#23,11,SM PKG,39,0,1
F,F,R,NONE,4,Manufacturer#3,4,BUILDING,1,0.01,0.03,10,Brand#35,20,LG DRUM,22,1,1
F,F,A,DELIVER IN PERSON,3,Manufacturer#5,0,HOUSEHOLD,4,0.08,0.03,7,Brand#54,0,LG BAG,16,0,1
F,F,A,TAKE BACK RETURN,4,Manufacturer#4,2,MACHINERY,5,0.07,0.01,20,Brand#43,21,WRAP PKG,46,1,0
F,F,R,COLLECT COD,4,Manufacturer#1,2,MACHINERY,6,0.08,0,10,Brand#13,21,JUMBO JAR,28,1,0
F,F,R,NONE,1,Manufacturer#2,3,FURNITURE,2,0.02,0.08,3,Brand#23,7,MED BOX,20,1,1
F,F,R,DELIVER IN PERSON,3,Manufacturer#4,1,FURNITURE,2,0.04,0.1,22,Brand#44,3,WRAP PACK,39,1,1
F,F,A,TAKE BACK RETURN,0,Manufacturer#5,1,BUILDING,2,0.05,0,5,Brand#53,1,SM PACK,9,1,1
F,F,A,NONE,3,Manufacturer#5,4,MACHINERY,2,0.07,0.05,6,Brand#53,13,SM PKG,3,1,0
F,F,R,DELIVER IN PERSON,1,Manufacturer#2,2,AUTOMOBILE,2,0.06,0.09,1,Brand#23,9,SM BOX,33,0,1
F,F,R,DELIVER IN PERSON,2,Manufacturer#3,0,AUTOMOBILE,2,0.01,0.08,12,Brand#34,16,JUMBO CAN,33,1,1
F,F,R,DELIVER IN PERSON,0,Manufacturer#4,3,HOUSEHOLD,5,0.05,0.06,5,Brand#42,6,LG DRUM,14,0,0
F,F,R,DELIVER IN PERSON,1,Manufacturer#4,4,HOUSEHOLD,6,0.07,0.05,17,Brand#41,13,WRAP PKG,35,0,0
F,F,A,DELIVER IN PERSON,4,Manufacturer#1,0,MACHINERY,2,0.02,0.06,10,Brand#15,16,MED DRUM,7,0,1
F,F,A,COLLECT COD,4,Manufacturer#1,2,AUTOMOBILE,7,0.08,0,4,Brand#13,12,MED PKG,48,1,1
F,F,A,TAKE BACK RETURN,1,Manufacturer#5,2,AUTOMOBILE,2,0.06,0,1,Brand#54,12,LG DRUM,29,0,1
F,F,R,NONE,4,Manufacturer#1,3,AUTOMOBILE,1,0.02,0.05,10,Brand#13,7,JUMBO CASE,9,0,0
F,F,R,TAKE BACK RETURN,0,Manufacturer#5,0,AUTOMOBILE,1,0,0.01,14,Brand#52,15,MED PKG,28,1,1
F,F,R,TAKE BACK RETURN,3,Manufacturer#5,4,HOUSEHOLD,2,0.07,0.02,23,Brand#51,4,LG PKG,42,1,1
F,F,A,COLLECT COD,3,Manufacturer#1,2,FURNITURE,2,0.04,0.1,22,Brand#13,8,MED PACK,21,0,1
F,F,A,DELIVER IN PERSON,3,Manufacturer#1,3,AUTOMOBILE,5,0.01,0.09,7,Brand#11,7,SM PKG,44,0,0
F,F,A,COLLECT COD,3,Manufacturer#4,1,FURNITURE,5,0.06,0.04,6,Brand#41,3,MED BAG,49,0,0
F,F,A,DELIVER IN PERSON,4,Manufacturer#1,1,AUTOMOBILE,6,0.04,0.01,10,Brand#15,3,WRAP JAR,35,1,0
F,F,R,COLLECT COD,0,Manufacturer#2,1,AUTOMOBILE,7,0.04,0.04,0,Brand#25,3,MED BOX,42,0,0
F,F,A,TAKE BACK RETURN,3,Manufacturer#2,4,BUILDING,5,0.07,0.09,6,Brand#23,11,SM BOX,2,1,1
F,F,A,TAKE BACK RETURN,3,Manufacturer#5,1,HOUSEHOLD,3,0.02,0.05,19,Brand#52,1,WRAP JAR,39,0,1
F,F,A,COLLECT COD,3,Manufacturer#4,3,FURNITURE,3,0.01,0.07,19,Brand#42,23,SM PACK,42,1,0
F,F,R,COLLECT COD,2,Manufacturer#1,2,FURNITURE,1,0.02,0.08,21,Brand#11,12,WRAP BAG,14,1,0
F,F,A,COLLECT COD,3,Manufacturer#2,0,BUILDING,2,0.05,0,7,Brand#21,16,LG PACK,38,0,1
F,F,A,DELIVER IN PERSON,0,Manufacturer#2,0,MACHINERY,5,0.08,0.08,16,Brand#22,15,SM CAN,10,0,1
F,F,R,NONE,0,Manufacturer#1,2,HOUSEHOLD,1,0.04,0.04,16,Brand#13,8,LG JAR,23,0,1
F,F,A,COLLECT COD,4,Manufacturer#2,4,HOUSEHOLD,2,0.08,0.09,11,Brand#25,20,LG BOX,10,1,0
F,F,R,DELIVER IN PERSON,4,Manufacturer#5,1,HOUSEHOLD,4,0,0.08,20,Brand#52,24,LG PACK,6,1,1
F,F,R,TAKE BACK RETURN,4,Manufacturer#5,2,BUILDING,6,0.03,0.04,4,Brand#55,8,LG PKG,2,1,0
F,F,A,TAKE BACK RETURN,2,Manufacturer#3,2,BUILDING,5,0.02,0.06,12,Brand#33,8,LG PACK,29,0,0
F,F,R,DELIVER IN PERSON,3,Manufacturer#2,3,FURNITURE,3,0.03,0.05,22,Brand#24,19,WRAP BAG,30,1,1
F,F,R,NONE,3,Manufacturer#3,1,AUTOMOBILE,6,0.08,0.09,19,Brand#32,17,SM PKG,30,1,1
F,F,R,COLLECT COD,2,Manufacturer#5,3,FURNITURE,2,0.01,0.06,9,Brand#55,22,LG PKG,17,0,1
F,F,R,TAKE BACK RETURN,1,Manufacturer#4,0,MACHINERY,5,0.08,0.08,1,Brand#42,5,JUMBO BOX,11,1,1
F,F,R,DELIVER IN PERSON,2,Manufacturer#3,3,BUILDING,1,0.02,0.06,9,Brand#32,6,MED CAN,41,0,0
F,F,R,DELIVER IN PERSON,1,Manufacturer#1,4,HOUSEHOLD,1,0.01,0.08,1,Brand#12,13,LG BOX,50,1,0
F,F,R,NONE,0,Manufacturer#5,3,MACHINERY,3,0,0.1,16,Brand#52,22,JUMBO CAN,43,0,0
F,F,R,COLLECT COD,2,Manufacturer#5,1,AUTOMOBILE,4,0.07,0.07,8,Brand#53,1,LG DRUM,16,0,1
F,F,A,DELIVER IN PERSON,0,Manufacturer#3,2,AUTOMOBILE,1,0.06,0.02,16,Brand#31,8,SM PKG,33,0,0
F,F,A,NONE,4,Manufacturer#5,1,FURNITURE,4,0.07,0.09,4,Brand#55,2,LG JAR,45,0,1
F,F,R,DELIVER IN PERSON,2,Manufacturer#4,0,HOUSEHOLD,3,0.07,0.09,12,Brand#45,14,SM DRUM,22,0,1
F,F,A,TAKE BACK RETURN,3,Manufacturer#5,4,AUTOMOBILE,4,0.06,0.09,6,Brand#52,10,MED BOX,39,0,1
F,F,A,TAKE BACK RETURN,1,Manufacturer#5,4,MACHINERY,4,0.01,0.06,3,Brand#53,20,SM BOX,22,0,1
F,F,A,TAKE BACK RETURN,4,Manufacturer#3,4,HOUSEHOLD,1,0.04,0,4,Brand#35,4,MED DRUM,28,0,1
F,F,A,COLLECT COD,3,Manufacturer#1,4,AUTOMOBILE,4,0.05,0.01,7,Brand#11,11,SM CASE,23,0,0
F,F,A,TAKE BACK RETURN,1,Manufacturer#1,4,AUTOMOBILE,2,0,0.1,2,Brand#15,11,JUMBO BOX,38,1,0
F,F,R,TAKE BACK RETURN,4,Manufacturer#4,2,BUILDING,6,0.07,0.05,11,Brand#42,21,LG BAG,50,1,0
F,F,R,NONE,4,Manufacturer#4,1,FURNITURE,4,0.08,0.04,20,Brand#44,2,WRAP BAG,4,0,1
F,F,A,TAKE BACK RETURN,4,Manufacturer#3,0,AUTOMOBILE,5,0.08,0.07,11,Brand#35,15,MED CASE,50,0,1
F,F,R,COLLECT COD,3,Manufacturer#2,0,MACHINERY,2,0.05,0.08,23,Brand#21,5,MED CAN,41,0,1
F,F,A,TAKE BACK RETURN,4,Manufacturer#2,4,HOUSEHOLD,1,0.01,0.08,20,Brand#25,20,LG JAR,32,0,1
F,F,R,DELIVER IN PERSON,1,Manufacturer#5,1,BUILDING,1,0.06,0.08,24,Brand#52,17,JUMBO CAN,7,0,1
F,F,R,NONE,2,Manufacturer#5,2,FURNITURE,3,0.02,0.04,12,Brand#53,21,LG BOX,39,1,1
F,F,A,NONE,0,Manufacturer#3,3,FURNITURE,2,0.02,0.05,0,Brand#32,23,SM BAG,37,0,1
F,F,A,DELIVER IN PERSON,2,Manufacturer#3,4,BUILDING,2,0.01,0.06,8,Brand#31,11,LG CASE,31,0,1
F,F,R,DELIVER IN PERSON,2,Manufacturer#2,3,FURNITURE,1,0.04,0.07,9,Brand#24,7,MED JAR,21,0,1
F,F,A,TAKE BACK RETURN,1,Manufacturer#3,2,HOUSEHOLD,4,0.07,0.09,1,Brand#31,9,JUMBO PKG,7,0,0
F,F,R,TAKE BACK RETURN,3,Manufacturer#3,2,HOUSEHOLD,3,0.02,0.09,22,Brand#32,9,JUMBO PACK,16,0,0
F,F,A,DELIVER IN PERSON,2,Manufacturer#2,4,FURNITURE,1,0.03,0.1,8,Brand#21,20,SM DRUM,40,0,1
F,F,R,TAKE BACK RETURN,0,Manufacturer#1,0,BUILDING,3,0.01,0.05,14,Brand#15,5,WRAP BOX,34,0,1
F,F,A,NONE,1,Manufacturer#1,3,AUTOMOBILE,5,0.04,0.1,2,Brand#14,7,MED DRUM,34,1,0
F,F,R,NONE,2,Manufacturer#2,4,BUILDING,2,0.07,0.08,12,Brand#21,20,WRAP BAG,27,1,0
F,F,A,DELIVER IN PERSON,3,Manufacturer#1,4,FURNITURE,2,0.06,0.06,7,Brand#14,11,SM JAR,2,1,0
F,F,A,DELIVER IN PERSON,2,Manufacturer#1,3,MACHINERY,5,0.05,0.06,12,Brand#12,6,SM CASE,31,0,1
F,F,A,TAKE BACK RETURN,3,Manufacturer#5,0,BUILDING,4,0.02,0.09,23,Brand#55,14,JUMBO PACK,50,1,1
F,F,R,DELIVER IN PERSON,0,Manufacturer#2,1,FURNITURE,3,0.03,0.09,5,Brand#21,24,SM BOX,26,1,1
F,F,A,NONE,0,Manufacturer#5,4,BUILDING,1,0.06,0.05,0,Brand#53,10,JUMBO CASE,27,0,1
F,F,R,DELIVER IN PERSON,3,Manufacturer#2,1,HOUSEHOLD,4,0.01,0.04,19,Brand#23,1,SM PACK,46,1,1
F,F,A,DELIVER IN PERSON,1,Manufacturer#2,2,HOUSEHOLD,4,0.05,0.04,2,Brand#22,8,LG BAG,29,0,0
F,F,R,DELIVER IN PERSON,0,Manufacturer#5,0,BUILDING,4,0.08,0.05,14,Brand#54,15,LG CASE,4,1,0
F,F,A,DELIVER IN PERSON,4,Manufacturer#3,3,FURNITURE,1,0.06,0.07,13,Brand#35,19,LG BOX,11,1,1
F,F,A,COLLECT COD,1,Manufacturer#1,2,AUTOMOBILE,4,0.07,0.05,17,Brand#15,8,WRAP CAN,36,0,1
F,F,A,TAKE BACK RETURN,3,Manufacturer#2,3,MACHINERY,5,0.07,0.09,22,Brand#22,23,WRAP JAR,9,1,1
F,F,A,TAKE BACK RETURN,2,Manufacturer#4,3,HOUSEHOLD,1,0.06,0.06,9,Brand#41,19,LG CAN,8,1,0
F,F,R,NONE,3,Manufacturer#4,3,MACHINERY,1,0,0.1,23,Brand#41,23,WRAP PACK,48,0,1
F,F,A,TAKE BACK RETURN,0,Manufacturer#1,4,BUILDING,2,0.01,0.06,0,Brand#14,11,LG DRUM,17,0,1
F,F,A,NONE,2,Manufacturer#3,4,AUTOMOBILE,3,0.05,0.04,18,Brand#35,4,WRAP PACK,34,0,0
F,F,A,DELIVER IN PERSON,1,Manufacturer#4,4,AUTOMOBILE,1,0.02,0.1,1,Brand#44,4,SM BAG,16,1,0
F,F,A,NONE,1,Manufacturer#5,4,FURNITURE,3,0.03,0.05,2,Brand#51,4,LG JAR,25,1,0
F,F,A,NONE,1,Manufacturer#3,1,FURNITURE,3,0.04,0.09,2,Brand#34,24,WRAP PKG,13,0,0
F,F,A,NONE,2,Manufacturer#3,1,AUTOMOBILE,1,0.05,0.09,18,Brand#35,2,LG JAR,5,0,1
F,F,R,DELIVER IN PERSON,2,Manufacturer#2,1,MACHINERY,4,0,0.02,12,Brand#24,3,LG BOX,11,1,0
F,F,R,COLLECT COD,1,Manufacturer#1,2,HOUSEHOLD,3,0.02,0.05,2,Brand#15,21,LG CASE,13,1,1
F,F,R,COLLECT COD,3,Manufacturer#5,2,MACHINERY,2,0.03,0.08,7,Brand#55,8,SM BOX,30,0,1
F,F,R,DELIVER IN PERSON,4,Manufacturer#2,3,AUTOMOBILE,4,0.02,0.1,11,Brand#21,7,WRAP PACK,48,0,1
F,F,A,DELIVER IN PERSON,3,Manufacturer#1,0,MACHINERY,4,0.08,0.06,23,Brand#15,5,JUMBO DRUM,19,1,1
F,F,A,COLLECT COD,3,Manufacturer#1,2,AUTOMOBILE,2,0.01,0.05,6,Brand#11,18,MED BOX,43,1,1
F,F,A,COLLECT COD,4,Manufacturer#4,4,BUILDING,4,0,0.02,13,Brand#45,10,SM BAG,2,0,0
F,F,R,NONE,0,Manufacturer#3,1,HOUSEHOLD,4,0,0.05,0,Brand#33,2,LG PKG,34,0,1
F,F,R,TAKE BACK RETURN,1,Manufacturer#5,2,HOUSEHOLD,1,0.01,0.05,3,Brand#55,18,JUMBO BOX,17,1,1
F,F,A,DELIVER IN PERSON,2,Manufacturer#1,3,MACHINERY,1,0,0.05,18,Brand#15,19,LG BAG,39,0,0
F,F,A,NONE,4,Manufacturer#4,0,BUILDING,3,0.08,0.06,20,Brand#44,5,SM CAN,50,1,1
F,F,A,TAKE BACK RETURN,1,Manufacturer#5,3,FURNITURE,3,0.03,0.07,3,Brand#55,23,SM CASE,29,1,0
F,F,A,NONE,2,Manufacturer#1,1,HOUSEHOLD,1,0.05,0.07,21,Brand#11,3,JUMBO BAG,2,1,1
F,F,R,TAKE BACK RETURN,1,Manufacturer#2,2,AUTOMOBILE,6,0.03,0.02,17,Brand#24,21,SM DRUM,33,0,0
F,F,R,NONE,2,Manufacturer#1,4,HOUSEHOLD,3,0.02,0.08,21,Brand#15,11,SM BOX,45,0,0
F,F,R,COLLECT COD,4,Manufacturer#4,2,BUILDING,1,0.04,0,13,Brand#41,21,SM BAG,31,0,0
F,F,A,DELIVER IN PERSON,1,Manufacturer#1,4,BUILDING,1,0.07,0.1,1,Brand#12,13,MED CASE,49,1,1
F,F,A,COLLECT COD,2,Manufacturer#3,1,HOUSEHOLD,2,0.04,0,8,Brand#35,1,WRAP CASE,24,0,1
F,F,R,DELIVER IN PERSON,1,Manufacturer#2,4,HOUSEHOLD,1,0.07,0,3,Brand#25,4,MED JAR,34,0,1
F,F,A,DELIVER IN PERSON,3,Manufacturer#1,0,HOUSEHOLD,2,0.08,0.06,6,Brand#14,14,WRAP BOX,40,1,1
F,F,R,TAKE BACK RETURN,2,Manufacturer#2,1,MACHINERY,2,0.01,0.02,9,Brand#21,1,JUMBO JAR,38,0,1
F,F,A,NONE,2,Manufacturer#3,1,MACHINERY,1,0.04,0.04,8,Brand#32,3,MED DRUM,44,1,0
F,F,A,NONE,3,Manufacturer#3,2,FURNITURE,5,0.08,0.06,19,Brand#34,12,MED CAN,5,1,0
F,F,R,NONE,2,Manufacturer#5,4,HOUSEHOLD,1,0.01,0.1,21,Brand#52,4,WRAP PKG,49,1,0
F,F,R,COLLECT COD,2,Manufacturer#4,1,FURNITURE,2,0.03,0,12,Brand#43,1,MED PKG,45,0,0
F,F,R,COLLECT COD,2,Manufacturer#1,0,AUTOMOBILE,1,0.03,0.1,9,Brand#13,16,WRAP BOX,5,1,0
F,F,R,NONE,2,Manufacturer#5,3,BUILDING,2,0.08,0.04,9,Brand#54,7,LG BOX,10,1,0
F,F,R,DELIVER IN PERSON,4,Manufacturer#1,4,FURNITURE,3,0.07,0,20,Brand#14,10,JUMBO DRUM,50,1,1
F,F,A,TAKE BACK RETURN,4,Manufacturer#2,4,BUILDING,4,0.08,0.09,20,Brand#21,10,WRAP DRUM,35,0,0
F,F,A,NONE,3,Manufacturer#4,3,HOUSEHOLD,2,0.06,0.03,23,Brand#43,6,LG CAN,28,1,0
F,F,R,COLLECT COD,1,Manufacturer#1,2,FURNITURE,6,0.06,0.01,17,Brand#14,21,MED BAG,2,1,1
F,F,A,COLLECT COD,2,Manufacturer#3,1,HOUSEHOLD,3,0.08,0.07,9,Brand#33,3,JUMBO BOX,35,1,1
F,F,A,TAKE BACK RETURN,4,Manufacturer#3,1,HOUSEHOLD,5,0.04,0.05,13,Brand#34,3,JUMBO BOX,34,1,1
F,F,R,TAKE BACK RETURN,1,Manufacturer#2,1,BUILDING,1,0.01,0.01,2,Brand#24,24,LG CAN,22,0,1
F,F,A,NONE,1,Manufacturer#1,3,FURNITURE,1,0.02,0.1,3,Brand#12,19,LG CAN,15,0,0
F,F,A,TAKE BACK RETURN,2,Manufacturer#3,2,HOUSEHOLD,6,0.08,0,12,Brand#32,12,WRAP PKG,2,1,0
F,F,R,DELIVER IN PERSON,2,Manufacturer#4,2,HOUSEHOLD,2,0.05,0.01,9,Brand#41,12,LG PACK,23,1,0
F,F,A,DELIVER IN PERSON,0,Manufacturer#5,3,AUTOMOBILE,3,0.08,0.01,5,Brand#51,6,WRAP JAR,14,1,1
F,F,R,NONE,2,Manufacturer#3,4,MACHINERY,4,0.08,0.07,21,Brand#35,4,LG DRUM,30,0,0
F,F,A,TAKE BACK RETURN,1,Manufacturer#4,3,HOUSEHOLD,1,0.04,0.1,2,Brand#42,7,LG DRUM,18,0,0
F,F,A,NONE,4,Manufacturer#2,4,AUTOMOBILE,4,0.01,0.06,20,Brand#25,11,JUMBO JAR,16,0,1
F,F,R,TAKE BACK RETURN,2,Manufacturer#4,2,HOUSEHOLD,5,0.01,0.07,12,Brand#45,9,JUMBO DRUM,2,1,1
F,F,R,NONE,3,Manufacturer#2,3,MACHINERY,3,0.04,0.04,19,Brand#25,23,MED CASE,27,0,0
F,F,A,NONE,0,Manufacturer#4,2,MACHINERY,2,0.07,0.03,15,Brand#41,21,LG PACK,37,0,1
F,F,R,COLLECT COD,3,Manufacturer#5,4,BUILDING,3,0.03,0.06,23,Brand#54,13,WRAP PKG,1,0,0
F,F,R,NONE,1,Manufacturer#4,1,FURNITURE,2,0.08,0.07,1,Brand#41,3,LG PKG,25,1,1
F,F,A,NONE,2,Manufacturer#1,3,MACHINERY,6,0.02,0.1,12,Brand#15,19,WRAP PKG,3,1,1
F,F,R,DELIVER IN PERSON,1,Manufacturer#2,3,AUTOMOBILE,1,0.03,0.05,2,Brand#21,22,LG DRUM,3,1,1
F,F,A,DELIVER IN PERSON,3,Manufacturer#5,0,AUTOMOBILE,4,0.01,0.1,7,Brand#55,14,WRAP PKG,27,0,0
F,F,R,TAKE BACK RETURN,2,Manufacturer#1,1,HOUSEHOLD,7,0.01,0.03,12,Brand#13,24,LG CASE,44,0,1
F,F,A,NONE,2,Manufacturer#3,2,MACHINERY,5,0.03,0.03,18,Brand#35,9,LG DRUM,16,0,1
F,F,A,NONE,2,Manufacturer#1,0,MACHINERY,5,0.02,0.06,18,Brand#12,0,SM PKG,10,1,1
F,F,A,TAKE BACK RETURN,0,Manufacturer#4,0,FURNITURE,3,0.06,0.07,16,Brand#45,15,LG PACK,19,0,1
F,F,R,COLLECT COD,4,Manufacturer#5,0,BUILDING,2,0.01,0.08,10,Brand#52,5,MED CAN,23,1,1
F,F,R,DELIVER IN PERSON,3,Manufacturer#2,4,BUILDING,4,0.04,0.08,23,Brand#23,20,WRAP BAG,43,0,0
F,F,A,COLLECT COD,4,Manufacturer#4,4,MACHINERY,6,0.07,0.05,4,Brand#41,4,WRAP PACK,23,1,0
F,F,A,COLLECT COD,1,Manufacturer#3,1,BUILDING,6,0.02,0.09,17,Brand#31,3,LG CASE,32,0,1
F,F,A,COLLECT COD,4,Manufacturer#4,1,BUILDING,1,0.05,0.06,20,Brand#43,2,JUMBO CASE,10,1,0
F,F,R,TAKE BACK RETURN,2,Manufacturer#3,3,FURNITURE,6,0.02,0.09,21,Brand#34,23,WRAP JAR,17,0,0
F,F,A,TAKE BACK RETURN,0,Manufacturer#5,2,MACHINERY,4,0.02,0.09,0,Brand#54,21,JUMBO CAN,45,0,0
F,F,A,COLLECT COD,4,Manufacturer#4,2,FURNITURE,1,0.06,0,11,Brand#44,18,SM BAG,21,1,0
F,F,A,TAKE BACK RETURN,0,Manufacturer#4,1,BUILDING,3,0.08,0.08,0,Brand#43,24,SM BOX,42,0,1
F,F,A,COLLECT COD,0,Manufacturer#4,4,MACHINERY,3,0,0.1,5,Brand#45,20,WRAP BAG,37,0,1
F,F,A,TAKE BACK RETURN,0,Manufacturer#3,4,BUILDING,2,0.02,0.04,14,Brand#33,13,MED DRUM,48,0,1
F,F,R,NONE,0,Manufacturer#2,4,FURNITURE,1,0.06,0.07,0,Brand#22,13,WRAP BAG,29,1,0
F,F,A,TAKE BACK RETURN,1,Manufacturer#3,3,HOUSEHOLD,1,0.01,0.03,2,Brand#33,6,LG BAG,5,1,1
F,F,R,DELIVER IN PERSON,3,Manufacturer#5,1,AUTOMOBILE,7,0.07,0.04,19,Brand#53,1,LG BAG,44,1,1
F,F,R,COLLECT COD,1,Manufacturer#3,1,AUTOMOBILE,1,0.08,0.09,17,Brand#33,24,WRAP PACK,21,0,0
F,F,A,TAKE BACK RETURN,4,Manufacturer#4,0,BUILDING,4,0.01,0,11,Brand#41,16,WRAP JAR,43,1,1
F,F,A,DELIVER IN PERSON,0,Manufacturer#2,4,FURNITURE,2,0.01,0.01,14,Brand#21,20,WRAP BOX,34,0,1
F,F,A,NONE,1,Manufacturer#2,1,FURNITURE,3,0,0.07,17,Brand#21,1,MED CASE,40,0,1
F,F,R,NONE,3,Manufacturer#2,3,FURNITURE,1,0.08,0.03,22,Brand#21,6,JUMBO BAG,16,0,1
F,F,A,TAKE BACK RETURN,1,Manufacturer#5,3,AUTOMOBILE,1,0.03,0.09,1,Brand#51,19,SM JAR,4,0,1
F,F,A,DELIVER IN PERSON,0,Manufacturer#1,0,MACHINERY,4,0.02,0.03,5,Brand#12,15,LG BOX,30,1,1
F,F,R,DELIVER IN PERSON,3,Manufacturer#3,2,HOUSEHOLD,4,0.01,0.05,22,Brand#34,18,MED BOX,28,0,0
F,F,R,COLLECT COD,4,Manufacturer#1,1,AUTOMOBILE,7,0.05,0.06,4,Brand#12,1,WRAP CAN,9,1,1
F,F,A,COLLECT COD,2,Manufacturer#5,4,AUTOMOBILE,6,0.06,0.02,21,Brand#53,11,JUMBO JAR,10,1,1
F,F,R,COLLECT COD,2,Manufacturer#2,4,HOUSEHOLD,3,0,0.04,8,Brand#23,10,JUMBO BAG,28,0,0
F,F,A,COLLECT COD,3,Manufacturer#2,4,HOUSEHOLD,2,0.07,0.07,6,Brand#23,10,JUMBO CAN,40,1,0
F,F,A,DELIVER IN PERSON,3,Manufacturer#5,1,FURNITURE,1,0.02,0.07,19,Brand#53,2,MED BOX,25,1,1
F,F,A,NONE,3,Manufacturer#4,4,BUILDING,2,0.03,0.09,7,Brand#43,4,MED CASE,44,1,0
F,F,A,TAKE BACK RETURN,0,Manufacturer#4,1,HOUSEHOLD,1,0.04,0,15,Brand#45,17,WRAP JAR,17,1,0
F,F,A,NONE,4,Manufacturer#1,0,BUILDING,4,0.04,0.06,10,Brand#14,0,WRAP PACK,20,1,0
F,F,R,NONE,1,Manufacturer#3,4,AUTOMOBILE,3,0.07,0.03,17,Brand#34,11,MED PKG,45,1,1
F,F,A,NONE,2,Manufacturer#2,3,FURNITURE,5,0.01,0.06,8,Brand#22,23,MED BAG,44,0,0
F,F,R,DELIVER IN PERSON,3,Manufacturer#4,2,AUTOMOBILE,3,0.08,0.08,6,Brand#44,12,WRAP CAN,30,1,1
F,F,R,DELIVER IN PERSON,2,Manufacturer#5,1,FURNITURE,1,0.01,0.07,12,Brand#54,24,JUMBO CAN,17,0,0
F,F,A,DELIVER IN PERSON,1,Manufacturer#1,2,FURNITURE,2,0.01,0.07,1,Brand#11,18,JUMBO PKG,8,0,1
F,F,R,DELIVER IN PERSON,3,Manufacturer#2,1,FURNITURE,2,0.06,0.02,6,Brand#24,17,MED CASE,29,0,1
F,F,A,TAKE BACK RETURN,1,Manufacturer#5,2,FURNITURE,3,0,0.01,2,Brand#53,18,JUMBO PACK,34,0,1
F,F,R,NONE,3,Manufacturer#3,0,BUILDING,1,0,0.01,6,Brand#33,5,JUMBO JAR,30,0,1
F,F,R,TAKE BACK RETURN,1,Manufacturer#2,3,AUTOMOBILE,3,0.07,0.09,2,Brand#21,22,LG DRUM,21,0,1
F,F,R,NONE,4,Manufacturer#1,2,HOUSEHOLD,5,0.02,0.1,11,Brand#12,21,JUMBO BAG,16,0,0
F,F,R,COLLECT COD,2,Manufacturer#3,3,HOUSEHOLD,3,0.07,0.09,8,Brand#35,7,SM CAN,7,1,1
F,F,R,DELIVER IN PERSON,4,Manufacturer#3,2,HOUSEHOLD,4,0.06,0.08,11,Brand#31,18,WRAP DRUM,41,1,0
F,F,A,COLLECT COD,2,Manufacturer#2,0,HOUSEHOLD,2,0.03,0.06,21,Brand#22,0,WRAP PKG,40,0,1
F,F,R,DELIVER IN PERSON,4,Manufacturer#5,1,BUILDING,4,0.08,0.02,11,Brand#55,17,JUMBO JAR,12,0,0
F,F,A,NONE,1,Manufacturer#4,4,AUTOMOBILE,5,0.03,0.03,24,Brand#41,10,SM CASE,23,0,0
F,F,A,TAKE BACK RETURN,1,Manufacturer#4,1,BUILDING,1,0.03,0.05,24,Brand#41,1,LG PKG,26,0,1
F,F,R,NONE,1,Manufacturer#3,2,MACHINERY,4,0.03,0.08,1,Brand#31,12,WRAP PKG,50,0,1
F,F,A,NONE,0,Manufacturer#4,2,MACHINERY,2,0.05,0.04,16,Brand#45,9,LG BAG,29,0,1
F,F,A,COLLECT COD,2,Manufacturer#2,2,BUILDING,3,0.08,0.08,21,Brand#24,9,WRAP PACK,11,0,1
F,F,R,DELIVER IN PERSON,1,Manufacturer#3,2,FURNITURE,4,0.05,0.09,17,Brand#35,9,WRAP CASE,47,1,1
F,F,A,NONE,1,Manufacturer#1,2,HOUSEHOLD,5,0.05,0.1,24,Brand#13,9,MED PKG,28,1,1
F,F,R,TAKE BACK RETURN,4,Manufacturer#3,2,HOUSEHOLD,1,0.06,0.1,11,Brand#32,9,WRAP PACK,24,1,1
F,F,R,NONE,2,Manufacturer#2,2,HOUSEHOLD,7,0.04,0.01,12,Brand#25,9,JUMBO PKG,20,0,1
F,F,R,COLLECT COD,0,Manufacturer#4,0,FURNITURE,6,0,0.03,0,Brand#44,5,LG CAN,18,0,1
F,F,A,COLLECT COD,2,Manufacturer#5,4,FURNITURE,1,0.05,0.08,18,Brand#52,10,LG PACK,1,1,0
F,F,R,TAKE BACK RETURN,4,Manufacturer#2,0,HOUSEHOLD,1,0.01,0.1,13,Brand#23,5,JUMBO CAN,14,0,0
F,F,A,COLLECT COD,4,Manufacturer#4,3,BUILDING,1,0.02,0.01,4,Brand#43,22,LG PACK,11,0,1
F,F,A,COLLECT COD,1,Manufacturer#5,4,MACHINERY,1,0.05,0.07,1,Brand#51,13,LG BAG,22,1,1
F,F,A,COLLECT COD,4,Manufacturer#5,1,AUTOMOBILE,3,0.04,0.06,10,Brand#52,24,SM PKG,19,1,1
F,F,R,COLLECT COD,1,Manufacturer#5,3,MACHINERY,5,0.01,0.08,2,Brand#52,19,JUMBO BAG,32,0,1
F,F,A,COLLECT COD,0,Manufacturer#5,2,AUTOMOBILE,1,0.03,0.07,15,Brand#51,8,LG PKG,1,1,0
F,F,A,DELIVER IN PERSON,2,Manufacturer#2,4,AUTOMOBILE,4,0.08,0,9,Brand#21,10,JUMBO CAN,9,1,1
F,F,A,DELIVER IN PERSON,3,Manufacturer#1,2,HOUSEHOLD,6,0.06,0.09,23,Brand#13,21,LG CASE,32,0,0
F,F,A,COLLECT COD,2,Manufacturer#2,2,AUTOMOBILE,2,0,0.02,21,Brand#23,21,JUMBO CAN,29,0,0
F,F,A,COLLECT COD,0,Manufacturer#5,0,AUTOMOBILE,3,0.01,0.1,14,Brand#53,0,WRAP PKG,3,0,0
F,F,A,DELIVER IN PERSON,0,Manufacturer#4,3,AUTOMOBILE,1,0.03,0.02,16,Brand#42,7,WRAP CAN,37,1,1
F,F,R,DELIVER IN PERSON,0,Manufacturer#4,3,HOUSEHOLD,7,0.05,0.01,5,Brand#45,6,SM BOX,23,1,1
F,F,R,NONE,1,Manufacturer#5,0,AUTOMOBILE,3,0,0.03,17,Brand#54,16,WRAP BAG,19,0,0
F,F,A,DELIVER IN PERSON,1,Manufacturer#2,3,FURNITURE,2,0.01,0.04,17,Brand#23,23,JUMBO JAR,30,1,0
F,F,R,DELIVER IN PERSON,3,Manufacturer#2,4,AUTOMOBILE,5,0.06,0.04,6,Brand#23,20,SM JAR,24,0,1
F,F,A,COLLECT COD,0,Manufacturer#5,4,HOUSEHOLD,1,0.08,0,16,Brand#53,4,LG BAG,32,0,1
F,F,R,TAKE BACK RETURN,2,Manufacturer#5,0,FURNITURE,2,0,0.03,9,Brand#52,0,WRAP CASE,28,1,0
F,F,R,TAKE BACK RETURN,4,Manufacturer#5,1,FURNITURE,2,0.01,0.07,20,Brand#55,2,SM BOX,3,1,1
F,F,R,TAKE BACK RETURN,2,Manufacturer#2,2,AUTOMOBILE,3,0,0.01,21,Brand#22,8,MED DRUM,36,1,0
F,F,R,COLLECT COD,1,Manufacturer#5,3,MACHINERY,1,0.07,0.03,17,Brand#52,22,JUMBO BAG,33,1,1
F,F,R,TAKE BACK RETURN,0,Manufacturer#3,0,HOUSEHOLD,6,0.03,0.04,16,Brand#33,15,JUMBO CASE,44,1,0
F,F,R,TAKE BACK RETURN,3,Manufacturer#1,0,MACHINERY,4,0.03,0.08,6,Brand#11,5,SM DRUM,11,1,1
F,F,A,DELIVER IN PERSON,2,Manufacturer#1,4,AUTOMOBILE,7,0,0.04,8,Brand#15,11,WRAP DRUM,25,1,1
F,F,R,COLLECT COD,0,Manufacturer#5,2,MACHINERY,1,0.06,0.06,0,Brand#53,18,SM DRUM,32,0,1
F,F,A,COLLECT COD,1,Manufacturer#1,3,BUILDING,2,0.03,0.04,1,Brand#14,22,LG BOX,41,1,1
F,F,R,NONE,3,Manufacturer#5,3,BUILDING,4,0.03,0.07,22,Brand#55,22,MED PACK,5,1,1
F,F,A,NONE,2,Manufacturer#1,2,BUILDING,2,0.05,0.06,8,Brand#15,21,JUMBO DRUM,38,0,0
F,F,A,NONE,2,Manufacturer#3,3,HOUSEHOLD,3,0.01,0.04,21,Brand#31,23,LG BOX,2,1,0
F,F,A,COLLECT COD,3,Manufacturer#1,4,FURNITURE,1,0.07,0.06,22,Brand#13,20,LG CAN,49,1,1
F,F,A,NONE,3,Manufacturer#4,0,AUTOMOBILE,7,0.03,0.07,7,Brand#43,5,SM CASE,48,0,1
F,F,R,DELIVER IN PERSON,1,Manufacturer#2,1,BUILDING,3,0.08,0.08,17,Brand#23,1,SM CAN,41,0,1
F,F,R,NONE,3,Manufacturer#1,1,BUILDING,5,0.02,0.06,22,Brand#11,1,LG PACK,33,1,1
F,F,A,DELIVER IN PERSON,0,Manufacturer#1,1,FURNITURE,2,0.06,0.03,5,Brand#13,3,JUMBO BAG,48,1,0
F,F,A,TAKE BACK RETURN,1,Manufacturer#5,3,MACHINERY,6,0.01,0.03,1,Brand#54,7,WRAP CASE,47,1,0
F,F,A,DELIVER IN PERSON,4,Manufacturer#4,2,FURNITURE,5,0.08,0.02,20,Brand#45,21,WRAP BOX,28,0,1
F,F,A,NONE,2,Manufacturer#1,3,AUTOMOBILE,5,0.06,0.03,18,Brand#13,7,SM CASE,47,1,1
F,F,R,NONE,1,Manufacturer#5,0,FURNITURE,6,0.03,0.08,17,Brand#52,14,JUMBO BOX,43,0,0
F,F,R,NONE,4,Manufacturer#2,2,AUTOMOBILE,1,0.08,0.06,13,Brand#23,18,LG CASE,32,1,1
F,F,A,COLLECT COD,3,Manufacturer#1,2,AUTOMOBILE,2,0.04,0,7,Brand#15,18,JUMBO BAG,27,1,1
F,F,A,COLLECT COD,3,Manufacturer#3,4,BUILDING,1,0.05,0,6,Brand#31,11,SM JAR,17,0,0
F,F,R,COLLECT COD,3,Manufacturer#1,3,FURNITURE,3,0.08,0.01,22,Brand#11,23,LG PACK,33,0,1
F,F,A,NONE,3,Manufacturer#3,0,AUTOMOBILE,5,0.07,0.03,7,Brand#32,16,JUMBO PACK,27,1,0
F,F,R,TAKE BACK RETURN,3,Manufacturer#5,2,HOUSEHOLD,3,0.03,0.08,22,Brand#54,18,LG BOX,42,0,1
F,F,A,COLLECT COD,1,Manufacturer#3,1,MACHINERY,5,0.03,0.04,2,Brand#32,2,SM PACK,1,1,0
F,F,R,COLLECT COD,2,Manufacturer#4,0,MACHINERY,1,0.06,0.06,21,Brand#45,15,JUMBO BOX,45,0,1
F,F,R,NONE,3,Manufacturer#3,0,HOUSEHOLD,1,0.05,0.09,22,Brand#32,0,LG DRUM,22,1,0
F,F,R,COLLECT COD,4,Manufacturer#3,3,MACHINERY,2,0.05,0.08,20,Brand#35,7,LG JAR,14,1,0
F,F,A,DELIVER IN PERSON,4,Manufacturer#5,2,BUILDING,4,0.05,0.01,11,Brand#55,8,JUMBO CASE,27,0,1
F,F,A,NONE,0,Manufacturer#3,4,FURNITURE,1,0.03,0.08,16,Brand#32,20,MED PACK,50,1,0
F,F,R,TAKE BACK RETURN,3,Manufacturer#2,4,BUILDING,1,0.08,0.01,6,Brand#25,11,LG CASE,10,0,1
F,F,A,COLLECT COD,3,Manufacturer#3,4,MACHINERY,6,0.03,0.05,19,Brand#32,13,MED JAR,4,0,1
F,F,R,NONE,2,Manufacturer#3,0,FURNITURE,6,0.08,0.02,9,Brand#32,5,WRAP JAR,3,0,0
F,F,R,COLLECT COD,2,Manufacturer#1,4,MACHINERY,3,0.01,0.07,18,Brand#14,11,MED JAR,43,0,1
F,F,R,NONE,4,Manufacturer#4,3,HOUSEHOLD,3,0.08,0.09,11,Brand#42,7,LG CAN,7,1,1
F,F,R,COLLECT COD,0,Manufacturer#5,0,MACHINERY,1,0.06,0.02,5,Brand#55,16,LG DRUM,31,0,1
F,F,A,NONE,2,Manufacturer#4,1,BUILDING,4,0.05,0.08,9,Brand#41,2,WRAP DRUM,30,0,1
F,F,A,NONE,4,Manufacturer#1,4,BUILDING,1,0.01,0.05,13,Brand#11,10,LG PACK,30,0,1
F,F,A,NONE,4,Manufacturer#3,1,FURNITURE,2,0.07,0.03,11,Brand#31,3,LG JAR,37,0,1
F,F,A,DELIVER IN PERSON,4,Manufacturer#2,0,BUILDING,2,0.04,0.1,20,Brand#22,16,WRAP JAR,16,1,1
F,F,A,DELIVER IN PERSON,1,Manufacturer#2,2,FURNITURE,4,0.04,0.03,2,Brand#22,9,LG PKG,12,1,1
F,F,A,COLLECT COD,0,Manufacturer#5,3,HOUSEHOLD,1,0.05,0.01,15,Brand#51,19,WRAP CASE,26,0,1
F,F,R,NONE,0,Manufacturer#1,0,HOUSEHOLD,1,0,0.05,0,Brand#13,15,JUMBO BOX,27,0,1
F,F,A,COLLECT COD,0,Manufacturer#2,4,FURNITURE,1,0.05,0.06,15,Brand#25,11,JUMBO BOX,9,1,1
F,F,R,DELIVER IN PERSON,3,Manufacturer#2,0,BUILDING,2,0,0.03,19,Brand#22,0,WRAP CAN,38,1,1
F,F,R,COLLECT COD,3,Manufacturer#2,2,MACHINERY,3,0.08,0.08,23,Brand#21,18,LG PKG,22,1,0
F,F,A,TAKE BACK RETURN,3,Manufacturer#5,2,MACHINERY,2,0.04,0.02,19,Brand#51,18,SM PKG,14,1,0
F,F,A,COLLECT COD,0,Manufacturer#3,3,HOUSEHOLD,1,0.06,0,16,Brand#33,6,LG CAN,47,1,1
F,F,A,TAKE BACK RETURN,3,Manufacturer#2,2,HOUSEHOLD,4,0,0.07,22,Brand#25,8,MED BOX,2,1,0
F,F,R,DELIVER IN PERSON,3,Manufacturer#4,1,FURNITURE,5,0.08,0.06,19,Brand#42,17,LG BAG,14,0,1
F,F,A,COLLECT COD,0,Manufacturer#5,1,FURNITURE,4,0.03,0.05,14,Brand#53,17,JUMBO CAN,21,1,1
F,F,R,TAKE BACK RETURN,0,Manufacturer#5,4,BUILDING,1,0.05,0.01,0,Brand#54,20,LG PKG,42,0,1
F,F,A,TAKE BACK RETURN,3,Manufacturer#3,2,BUILDING,4,0.03,0.01,7,Brand#34,12,JUMBO BOX,38,0,1
F,F,A,DELIVER IN PERSON,1,Manufacturer#1,0,AUTOMOBILE,2,0.03,0.03,3,Brand#12,0,WRAP BOX,28,0,0
F,F,A,DELIVER IN PERSON,1,Manufacturer#4,4,AUTOMOBILE,2,0.04,0.02,17,Brand#44,20,JUMBO PACK,1,0,0
F,F,R,TAKE BACK RETURN,4,Manufacturer#5,3,AUTOMOBILE,3,0.02,0.01,10,Brand#53,6,MED PACK,4,0,0
F,F,A,NONE,0,Manufacturer#1,3,AUTOMOBILE,2,0.05,0.07,5,Brand#13,6,JUMBO BAG,38,0,1
F,F,A,DELIVER IN PERSON,4,Manufacturer#1,2,AUTOMOBILE,2,0.07,0.05,13,Brand#12,18,WRAP DRUM,8,0,0
F,F,R,TAKE BACK RETURN,1,Manufacturer#5,0,MACHINERY,5,0.02,0.02,2,Brand#54,0,MED PACK,18,1,0
F,F,R,NONE,2,Manufacturer#2,4,BUILDING,2,0.07,0.02,9,Brand#21,20,MED DRUM,49,1,1
F,F,A,TAKE BACK RETURN,1,Manufacturer#2,1,MACHINERY,1,0.07,0,24,Brand#21,3,MED JAR,35,1,1
F,F,R,COLLECT COD,2,Manufacturer#2,4,HOUSEHOLD,2,0.05,0.1,9,Brand#22,13,JUMBO JAR,24,1,1
F,F,A,DELIVER IN PERSON,0,Manufacturer#2,0,BUILDING,4,0.05,0.07,16,Brand#25,14,LG PKG,6,0,1
F,F,A,TAKE BACK RETURN,4,Manufacturer#5,2,FURNITURE,3,0.06,0,20,Brand#51,12,MED CAN,10,0,1
F,F,R,NONE,3,Manufacturer#5,2,HOUSEHOLD,4,0.08,0.02,7,Brand#51,18,JUMBO CASE,29,0,1
F,F,A,DELIVER IN PERSON,3,Manufacturer#2,4,HOUSEHOLD,5,0.01,0.09,6,Brand#22,4,SM BOX,6,1,1
F,F,R,NONE,1,Manufacturer#4,4,HOUSEHOLD,3,0.07,0.05,24,Brand#43,4,WRAP JAR,13,1,1
F,F,R,COLLECT COD,2,Manufacturer#3,4,MACHINERY,3,0.04,0.08,18,Brand#34,20,JUMBO DRUM,15,0,1
F,F,R,TAKE BACK RETURN,2,Manufacturer#3,3,FURNITURE,3,0,0.04,9,Brand#34,7,JUMBO CAN,13,0,1
F,F,A,TAKE BACK RETURN,3,Manufacturer#4,0,FURNITURE,3,0.01,0.07,6,Brand#43,15,WRAP CAN,21,0,1
F,F,A,TAKE BACK RETURN,3,Manufacturer#2,3,BUILDING,3,0,0.04,7,Brand#25,23,MED CASE,2,0,0
F,F,A,COLLECT COD,3,Manufacturer#1,1,FURNITURE,2,0.05,0.04,22,Brand#13,17,MED BAG,10,0,1
F,F,R,COLLECT COD,4,Manufacturer#5,3,FURNITURE,1,0.03,0.1,4,Brand#55,22,LG PKG,45,1,1
F,F,A,COLLECT COD,0,Manufacturer#1,4,FURNITURE,7,0.03,0.1,5,Brand#11,10,JUMBO DRUM,27,0,1
F,F,R,NONE,3,Manufacturer#3,0,HOUSEHOLD,6,0.04,0.09,23,Brand#32,14,WRAP CASE,22,0,1
F,F,A,DELIVER IN PERSON,4,Manufacturer#5,1,FURNITURE,7,0.03,0.04,4,Brand#52,17,SM PACK,19,0,1
F,F,R,NONE,1,Manufacturer#2,4,AUTOMOBILE,3,0,0.08,17,Brand#24,11,JUMBO BOX,48,0,1
F,F,R,DELIVER IN PERSON,3,Manufacturer#4,0,HOUSEHOLD,6,0.07,0.1,23,Brand#45,0,JUMBO PKG,27,0,1
F,F,R,COLLECT COD,1,Manufacturer#5,3,HOUSEHOLD,3,0,0,1,Brand#52,19,SM PACK,32,0,0
F,F,R,DELIVER IN PERSON,0,Manufacturer#3,0,BUILDING,1,0.02,0.02,15,Brand#35,16,MED PACK,14,0,1
F,F,R,COLLECT COD,1,Manufacturer#4,4,BUILDING,5,0.05,0,17,Brand#41,11,WRAP PACK,42,1,1
F,F,R,DELIVER IN PERSON,4,Manufacturer#5,3,AUTOMOBILE,1,0.01,0.08,20,Brand#54,6,MED JAR,14,0,1
F,F,A,NONE,4,Manufacturer#5,0,MACHINERY,3,0.04,0.01,11,Brand#55,15,WRAP BAG,31,1,0
F,F,R,TAKE BACK RETURN,0,Manufacturer#4,2,MACHINERY,2,0,0.03,15,Brand#43,8,MED CASE,11,1,0
F,F,R,COLLECT COD,3,Manufacturer#5,2,FURNITURE,6,0.02,0.07,22,Brand#54,8,JUMBO CAN,31,1,1
F,F,A,COLLECT COD,1,Manufacturer#4,3,AUTOMOBILE,1,0,0.1,24,Brand#44,7,MED BAG,44,1,1
F,F,R,NONE,2,Manufacturer#5,0,AUTOMOBILE,1,0.06,0.02,8,Brand#53,15,LG CAN,40,1,1
F,F,A,NONE,4,Manufacturer#5,3,HOUSEHOLD,5,0.05,0.03,4,Brand#52,19,JUMBO CASE,46,1,1
F,F,A,TAKE BACK RETURN,0,Manufacturer#5,3,HOUSEHOLD,1,0.04,0.09,5,Brand#51,19,LG CAN,41,1,1
F,F,R,NONE,0,Manufacturer#3,0,AUTOMOBILE,1,0.03,0.03,5,Brand#31,15,LG BAG,48,1,1
F,F,A,COLLECT COD,2,Manufacturer#5,3,FURNITURE,5,0.03,0,18,Brand#51,22,WRAP CAN,22,0,0
F,F,A,NONE,2,Manufacturer#2,0,FURNITURE,1,0.02,0.04,18,Brand#22,15,MED BAG,38,0,1
F,F,R,DELIVER IN PERSON,0,Manufacturer#5,0,AUTOMOBILE,2,0.04,0.02,16,Brand#54,5,JUMBO CASE,2,0,1
F,F,R,DELIVER IN PERSON,3,Manufacturer#2,1,HOUSEHOLD,4,0.06,0.07,19,Brand#23,2,WRAP PACK,9,1,1
F,F,R,COLLECT COD,4,Manufacturer#5,0,AUTOMOBILE,3,0.04,0.04,4,Brand#51,5,LG CAN,23,0,1
F,F,R,TAKE BACK RETURN,3,Manufacturer#1,4,BUILDING,4,0.06,0.05,22,Brand#12,10,JUMBO CASE,18,0,1
F,F,R,NONE,4,Manufacturer#2,0,HOUSEHOLD,1,0.06,0.03,11,Brand#21,5,JUMBO CASE,39,0,0
F,F,A,COLLECT COD,1,Manufacturer#1,2,AUTOMOBILE,4,0,0.07,3,Brand#15,9,WRAP JAR,5,0,1
F,F,A,DELIVER IN PERSON,2,Manufacturer#5,1,FURNITURE,1,0,0.06,18,Brand#53,2,LG DRUM,47,0,0
F,F,R,COLLECT COD,3,Manufacturer#3,1,FURNITURE,5,0.06,0.07,6,Brand#35,2,LG CASE,18,1,0
F,F,R,COLLECT COD,4,Manufacturer#3,2,HOUSEHOLD,6,0.08,0.02,10,Brand#35,8,SM DRUM,4,0,1
F,F,A,TAKE BACK RETURN,2,Manufacturer#1,2,BUILDING,6,0.05,0,21,Brand#13,12,SM PACK,4,1,1
F,F,A,TAKE BACK RETURN,1,Manufacturer#3,4,MACHINERY,3,0.05,0.06,17,Brand#32,20,LG DRUM,1,0,0
F,F,R,NONE,2,Manufacturer#1,1,AUTOMOBILE,4,0.03,0.07,8,Brand#11,1,LG PKG,12,1,1
F,F,R,NONE,1,Manufacturer#2,2,HOUSEHOLD,3,0.08,0.05,1,Brand#24,21,JUMBO CAN,8,0,1
F,F,A,COLLECT COD,3,Manufacturer#1,1,MACHINERY,7,0.08,0.02,22,Brand#11,1,JUMBO DRUM,38,1,1
F,F,R,NONE,1,Manufacturer#3,4,AUTOMOBILE,4,0.05,0.06,2,Brand#34,11,WRAP JAR,17,1,0
F,F,A,NONE,1,Manufacturer#3,1,FURNITURE,3,0.01,0.08,1,Brand#32,3,LG PKG,33,1,1
F,F,A,COLLECT COD,4,Manufacturer#2,4,AUTOMOBILE,3,0.08,0.03,20,Brand#25,10,WRAP CASE,35,0,1
F,F,R,NONE,0,Manufacturer#4,4,HOUSEHOLD,2,0,0.02,0,Brand#44,20,LG JAR,18,1,1
F,F,R,TAKE BACK RETURN,2,Manufacturer#2,0,HOUSEHOLD,6,0.01,0.08,21,Brand#25,16,MED CASE,10,0,1
F,F,A,NONE,3,Manufacturer#1,0,HOUSEHOLD,1,0.06,0.01,7,Brand#11,16,SM JAR,15,1,1
F,F,A,DELIVER IN PERSON,0,Manufacturer#3,3,AUTOMOBILE,2,0.08,0.01,0,Brand#33,7,WRAP PKG,14,1,1
F,F,R,NONE,0,Manufacturer#5,2,MACHINERY,1,0.04,0,5,Brand#55,8,JUMBO PKG,18,1,1
F,F,R,TAKE BACK RETURN,2,Manufacturer#1,3,FURNITURE,1,0.02,0.02,8,Brand#11,22,LG CASE,8,0,1
F,F,R,COLLECT COD,3,Manufacturer#3,0,HOUSEHOLD,4,0,0.1,22,Brand#31,5,LG PACK,21,1,1
F,F,R,TAKE BACK RETURN,1,Manufacturer#5,2,HOUSEHOLD,4,0.06,0.08,24,Brand#51,8,JUMBO BAG,36,1,0
F,F,R,DELIVER IN PERSON,1,Manufacturer#5,4,BUILDING,3,0.08,0.08,2,Brand#55,11,LG JAR,41,0,1
F,F,A,TAKE BACK RETURN,0,Manufacturer#1,3,FURNITURE,1,0.08,0.06,16,Brand#14,22,LG PKG,15,0,0
F,F,R,COLLECT COD,3,Manufacturer#4,3,MACHINERY,2,0.03,0.04,23,Brand#43,6,MED PKG,39,0,1
F,F,A,NONE,1,Manufacturer#5,0,BUILDING,1,0.07,0.04,1,Brand#52,14,SM CAN,36,1,0
F,F,A,COLLECT COD,0,Manufacturer#5,1,HOUSEHOLD,4,0.01,0.1,16,Brand#55,24,MED JAR,22,0,1
F,F,A,COLLECT COD,2,Manufacturer#2,2,BUILDING,2,0.01,0.06,12,Brand#22,12,JUMBO JAR,5,0,1
F,F,R,DELIVER IN PERSON,0,Manufacturer#5,2,AUTOMOBILE,3,0.04,0.05,15,Brand#51,12,LG DRUM,50,1,1
F,F,R,DELIVER IN PERSON,4,Manufacturer#4,1,FURNITURE,1,0.02,0.03,10,Brand#42,3,MED PKG,17,0,0
F,F,R,TAKE BACK RETURN,3,Manufacturer#3,3,AUTOMOBILE,2,0.02,0.03,7,Brand#33,19,MED CASE,10,0,0
F,F,A,TAKE BACK RETURN,1,Manufacturer#2,4,HOUSEHOLD,2,0.03,0.09,2,Brand#22,10,MED BOX,45,0,1
F,F,A,DELIVER IN PERSON,3,Manufacturer#5,4,FURNITURE,1,0.04,0.02,22,Brand#54,10,MED CAN,47,1,1
F,F,R,DELIVER IN PERSON,0,Manufacturer#4,4,HOUSEHOLD,1,0.07,0.09,14,Brand#44,13,LG JAR,15,0,0
F,F,R,COLLECT COD,0,Manufacturer#4,1,MACHINERY,1,0.04,0.1,0,Brand#43,24,WRAP PACK,50,0,1
F,F,R,TAKE BACK RETURN,3,Manufacturer#3,4,BUILDING,4,0.08,0.08,22,Brand#31,10,WRAP BOX,31,0,0
F,F,R,TAKE BACK RETURN,3,Manufacturer#2,1,BUILDING,3,0.07,0.03,7,Brand#25,17,LG BAG,44,1,1
F,F,A,COLLECT COD,0,Manufacturer#4,2,FURNITURE,3,0.08,0.07,16,Brand#43,18,LG CASE,47,1,0
F,F,R,COLLECT COD,1,Manufacturer#5,0,MACHINERY,2,0.02,0.1,24,Brand#54,0,SM BAG,5,0,0
F,F,R,NONE,1,Manufacturer#3,1,HOUSEHOLD,1,0,0.08,17,Brand#35,3,WRAP CAN,21,0,1
F,F,A,DELIVER IN PERSON,4,Manufacturer#4,0,BUILDING,1,0.07,0.09,13,Brand#42,0,LG PACK,49,0,0
F,F,R,NONE,4,Manufacturer#3,0,BUILDING,4,0,0.04,11,Brand#35,15,MED BAG,48,0,1
F,F,A,TAKE BACK RETURN,3,Manufacturer#2,1,AUTOMOBILE,4,0,0.1,6,Brand#23,2,JUMBO PKG,20,1,1
F,F,A,DELIVER IN PERSON,0,Manufacturer#4,2,BUILDING,2,0.03,0.08,14,Brand#41,18,MED DRUM,22,0,1
F,F,R,DELIVER IN PERSON,4,Manufacturer#5,1,FURNITURE,3,0.02,0.08,11,Brand#51,3,WRAP BOX,41,1,0
F,F,R,DELIVER IN PERSON,4,Manufacturer#2,2,MACHINERY,3,0.07,0.02,10,Brand#21,18,LG CAN,35,1,1
F,F,R,COLLECT COD,0,Manufacturer#2,1,AUTOMOBILE,2,0.04,0.1,16,Brand#25,2,LG CASE,19,1,0
F,F,R,COLLECT COD,3,Manufacturer#2,3,AUTOMOBILE,7,0.05,0.02,7,Brand#24,6,LG PKG,42,1,1
F,F,A,COLLECT COD,4,Manufacturer#1,2,FURNITURE,3,0,0.03,13,Brand#14,8,LG BAG,22,0,1
F,F,A,DELIVER IN PERSON,4,Manufacturer#5,3,MACHINERY,6,0.05,0.02,10,Brand#51,23,WRAP JAR,19,1,1
F,F,A,TAKE BACK RETURN,3,Manufacturer#5,1,FURNITURE,5,0.07,0,19,Brand#52,24,JUMBO BOX,46,0,0
F,F,R,DELIVER IN PERSON,0,Manufacturer#4,3,AUTOMOBILE,2,0.03,0.01,16,Brand#42,23,JUMBO JAR,7,0,0
F,F,A,NONE,1,Manufacturer#4,0,FURNITURE,3,0.03,0.01,1,Brand#43,5,JUMBO CASE,18,1,0
F,F,R,TAKE BACK RETURN,0,Manufacturer#2,1,FURNITURE,4,0.05,0,0,Brand#25,1,JUMBO BOX,32,1,0
F,F,R,NONE,1,Manufacturer#2,1,FURNITURE,5,0.01,0.1,24,Brand#25,1,MED DRUM,14,0,0
F,F,R,COLLECT COD,0,Manufacturer#4,1,FURNITURE,6,0.06,0.1,15,Brand#41,1,WRAP CAN,31,0,0
F,F,A,NONE,1,Manufacturer#2,4,MACHINERY,3,0.01,0.1,17,Brand#23,20,JUMBO BOX,13,1,0
F,F,R,COLLECT COD,4,Manufacturer#2,3,BUILDING,3,0.08,0.04,13,Brand#25,6,SM BAG,35,1,1
F,F,R,DELIVER IN PERSON,3,Manufacturer#1,2,FURNITURE,2,0.08,0.01,19,Brand#11,8,SM CASE,14,1,1
F,F,A,TAKE BACK RETURN,0,Manufacturer#1,2,MACHINERY,5,0.08,0.09,15,Brand#14,12,MED PKG,18,0,1
F,F,R,TAKE BACK RETURN,3,Manufacturer#3,0,MACHINERY,1,0.01,0.01,6,Brand#31,5,WRAP CASE,47,1,1
F,F,R,COLLECT COD,4,Manufacturer#4,3,MACHINERY,2,0.04,0.05,20,Brand#42,22,SM BOX,26,0,1
F,F,R,COLLECT COD,1,Manufacturer#1,0,BUILDING,6,0.07,0.09,3,Brand#12,0,SM JAR,37,1,0
F,F,R,TAKE BACK RETURN,3,Manufacturer#3,1,BUILDING,6,0.04,0.03,22,Brand#32,17,LG BOX,32,0,0
F,F,A,NONE,0,Manufacturer#1,0,FURNITURE,3,0.03,0.05,5,Brand#13,14,LG PKG,33,1,0
F,F,R,COLLECT COD,0,Manufacturer#3,4,FURNITURE,2,0.05,0.05,16,Brand#34,20,MED JAR,37,1,0
F,F,A,TAKE BACK RETURN,2,Manufacturer#5,3,MACHINERY,1,0.07,0.06,18,Brand#55,19,JUMBO BOX,26,0,1
F,F,A,DELIVER IN PERSON,1,Manufacturer#2,2,FURNITURE,3,0.08,0.02,17,Brand#22,9,WRAP PACK,20,0,0
F,F,R,NONE,4,Manufacturer#2,3,AUTOMOBILE,3,0.06,0.08,20,Brand#21,6,SM BOX,20,0,0
F,F,R,TAKE BACK RETURN,3,Manufacturer#3,4,FURNITURE,4,0.07,0.07,19,Brand#31,13,LG CAN,45,1,1
F,F,R,COLLECT COD,2,Manufacturer#2,3,AUTOMOBILE,1,0.06,0.03,8,Brand#22,23,LG CAN,8,0,0
F,F,R,NONE,3,Manufacturer#2,2,BUILDING,5,0,0.1,22,Brand#23,18,JUMBO CAN,37,0,1
F,F,R,COLLECT COD,2,Manufacturer#3,2,AUTOMOBILE,2,0.04,0.02,18,Brand#32,9,JUMBO BAG,9,1,0
F,F,A,COLLECT COD,3,Manufacturer#5,1,FURNITURE,3,0.02,0.04,23,Brand#51,1,WRAP CAN,5,0,1
F,F,R,COLLECT COD,4,Manufacturer#1,4,MACHINERY,3,0.02,0.01,11,Brand#14,10,LG BAG,26,0,1
F,F,A,TAKE BACK RETURN,4,Manufacturer#4,3,FURNITURE,1,0,0.06,11,Brand#43,22,WRAP BAG,20,1,1
F,F,R,NONE,3,Manufacturer#3,0,MACHINERY,4,0.04,0.01,7,Brand#35,5,MED BAG,46,1,1
F,F,R,DELIVER IN PERSON,2,Manufacturer#1,1,FURNITURE,1,0.03,0.09,21,Brand#15,24,LG CAN,50,1,1
F,F,A,COLLECT COD,4,Manufacturer#1,0,FURNITURE,3,0.06,0.06,11,Brand#14,5,WRAP BAG,18,1,1
F,F,R,COLLECT COD,2,Manufacturer#1,4,BUILDING,2,0,0.02,12,Brand#11,20,JUMBO CAN,36,0,1
F,F,A,NONE,2,Manufacturer#2,1,BUILDING,4,0,0.02,18,Brand#24,24,MED BOX,44,1,0
F,F,R,DELIVER IN PERSON,3,Manufacturer#1,3,FURNITURE,5,0.03,0.06,22,Brand#12,23,SM BAG,48,0,0
F,F,R,TAKE BACK RETURN,4,Manufacturer#1,1,FURNITURE,2,0.01,0.1,4,Brand#13,1,JUMBO JAR,48,0,1
F,F,A,NONE,1,Manufacturer#2,0,FURNITURE,2,0.07,0.07,2,Brand#22,16,LG BOX,17,0,0
F,F,A,COLLECT COD,3,Manufacturer#3,0,HOUSEHOLD,2,0.03,0.08,22,Brand#35,16,JUMBO CASE,24,0,1
F,F,A,COLLECT COD,1,Manufacturer#1,0,HOUSEHOLD,5,0.06,0.03,1,Brand#13,16,LG PKG,28,1,1
F,F,R,COLLECT COD,3,Manufacturer#2,4,HOUSEHOLD,1,0.04,0.06,19,Brand#24,10,JUMBO JAR,34,0,1
F,F,R,COLLECT COD,3,Manufacturer#2,3,AUTOMOBILE,2,0.07,0.03,22,Brand#23,6,SM CAN,2,1,1
F,F,A,COLLECT COD,1,Manufacturer#3,4,HOUSEHOLD,1,0.08,0.04,3,Brand#31,4,MED PKG,24,0,1
F,F,R,COLLECT COD,0,Manufacturer#5,2,MACHINERY,1,0,0.03,5,Brand#53,9,WRAP PKG,28,1,1
F,F,A,NONE,1,Manufacturer#1,3,MACHINERY,7,0.06,0.05,17,Brand#11,23,LG PKG,20,0,0
F,F,R,DELIVER IN PERSON,4,Manufacturer#1,0,BUILDING,4,0.04,0.09,20,Brand#13,14,JUMBO DRUM,20,0,0
F,F,A,COLLECT COD,0,Manufacturer#5,1,HOUSEHOLD,2,0.01,0.01,0,Brand#54,2,LG CAN,33,0,1
F,F,R,DELIVER IN PERSON,2,Manufacturer#3,2,HOUSEHOLD,2,0.07,0.06,12,Brand#33,18,WRAP DRUM,15,1,1
F,F,A,DELIVER IN PERSON,2,Manufacturer#3,4,MACHINERY,4,0.03,0.07,18,Brand#34,4,WRAP PACK,12,0,1
F,F,R,DELIVER IN PERSON,4,Manufacturer#1,3,BUILDING,2,0.05,0.02,11,Brand#15,19,JUMBO PKG,10,0,1
F,F,A,NONE,1,Manufacturer#4,2,MACHINERY,1,0.05,0.07,3,Brand#44,12,JUMBO CASE,14,0,1
F,F,A,DELIVER IN PERSON,4,Manufacturer#1,2,MACHINERY,5,0.08,0.07,10,Brand#15,12,LG PACK,22,1,1
F,F,A,NONE,4,Manufacturer#5,1,AUTOMOBILE,2,0.01,0,11,Brand#54,2,WRAP CAN,19,0,1
F,F,A,NONE,3,Manufacturer#1,1,BUILDING,2,0.05,0.01,7,Brand#14,17,MED JAR,1,1,1
F,F,A,TAKE BACK RETURN,4,Manufacturer#5,1,HOUSEHOLD,2,0.02,0.03,20,Brand#54,3,MED PACK,46,1,0
F,F,A,NONE,0,Manufacturer#1,1,MACHINERY,1,0.02,0.01,0,Brand#15,2,WRAP PKG,3,0,1
F,F,R,COLLECT COD,4,Manufacturer#4,1,BUILDING,1,0.06,0,20,Brand#41,24,LG CASE,31,1,1
F,F,R,NONE,0,Manufacturer#5,0,FURNITURE,2,0.08,0.03,15,Brand#54,15,SM DRUM,7,0,0
F,F,R,COLLECT COD,4,Manufacturer#5,0,FURNITURE,3,0.04,0.03,10,Brand#55,15,JUMBO PKG,25,0,0
F,F,A,DELIVER IN PERSON,4,Manufacturer#5,2,HOUSEHOLD,4,0.02,0,11,Brand#52,21,WRAP CASE,28,1,1
F,F,R,COLLECT COD,2,Manufacturer#2,4,FURNITURE,2,0.01,0.1,21,Brand#22,13,WRAP PKG,14,1,1
F,F,R,TAKE BACK RETURN,1,Manufacturer#2,0,AUTOMOBILE,1,0.04,0.1,17,Brand#23,16,SM PKG,2,0,1
F,F,A,DELIVER IN PERSON,2,Manufacturer#2,4,MACHINERY,4,0.02,0.08,9,Brand#21,10,MED PKG,45,0,1
F,F,R,TAKE BACK RETURN,4,Manufacturer#5,0,BUILDING,1,0.05,0.04,20,Brand#54,16,MED PACK,23,1,1
F,F,A,TAKE BACK RETURN,2,Manufacturer#3,1,MACHINERY,2,0.05,0.04,8,Brand#32,3,SM BAG,17,0,0
F,F,R,COLLECT COD,1,Manufacturer#3,2,FURNITURE,4,0.06,0,24,Brand#31,9,SM BOX,1,1,0
F,F,R,COLLECT COD,0,Manufacturer#1,2,FURNITURE,6,0.04,0.08,5,Brand#15,9,JUMBO BAG,10,0,1
F,F,R,COLLECT COD,2,Manufacturer#5,1,FURNITURE,2,0.06,0,8,Brand#55,17,JUMBO BAG,38,0,0
F,F,A,TAKE BACK RETURN,1,Manufacturer#3,1,HOUSEHOLD,6,0.04,0.01,3,Brand#32,1,LG BOX,32,0,1
F,F,R,COLLECT COD,2,Manufacturer#4,3,BUILDING,3,0.03,0.1,9,Brand#42,7,JUMBO DRUM,1,0,0
F,F,R,COLLECT COD,4,Manufacturer#1,3,MACHINERY,1,0.06,0,20,Brand#13,22,SM CAN,48,0,1
F,F,A,DELIVER IN PERSON,0,Manufacturer#5,2,MACHINERY,1,0.06,0.04,15,Brand#55,9,SM PKG,26,0,1
F,F,A,TAKE BACK RETURN,2,Manufacturer#2,1,FURNITURE,1,0.04,0.08,9,Brand#25,2,SM BOX,22,1,1
F,F,R,NONE,1,Manufacturer#2,2,MACHINERY,3,0.04,0.07,2,Brand#22,21,JUMBO CAN,12,1,1
F,F,A,NONE,1,Manufacturer#5,3,AUTOMOBILE,5,0.05,0.01,3,Brand#53,6,MED BOX,41,1,1
F,F,R,NONE,3,Manufacturer#1,1,MACHINERY,3,0.01,0.03,22,Brand#13,1,LG DRUM,37,0,1
F,F,A,COLLECT COD,1,Manufacturer#1,4,AUTOMOBILE,4,0.01,0.07,17,Brand#11,10,MED CASE,45,0,0
F,F,A,NONE,3,Manufacturer#1,3,FURNITURE,4,0,0.07,22,Brand#14,19,LG PACK,20,0,1
F,F,R,COLLECT COD,1,Manufacturer#4,4,BUILDING,3,0.04,0.07,17,Brand#43,20,LG BOX,43,0,1
F,F,R,COLLECT COD,3,Manufacturer#1,3,AUTOMOBILE,1,0.03,0.03,6,Brand#15,7,LG CASE,43,0,1
F,F,R,COLLECT COD,4,Manufacturer#3,0,HOUSEHOLD,2,0.07,0.08,13,Brand#35,0,LG PACK,38,1,0
F,F,R,COLLECT COD,4,Manufacturer#2,2,HOUSEHOLD,3,0.07,0,4,Brand#21,8,SM BOX,30,0,1
F,F,A,TAKE BACK RETURN,3,Manufacturer#5,1,FURNITURE,1,0.02,0.05,6,Brand#54,3,WRAP BOX,50,0,1
F,F,A,COLLECT COD,3,Manufacturer#2,1,FURNITURE,1,0.08,0.02,6,Brand#21,3,WRAP BOX,45,0,1
F,F,A,NONE,1,Manufacturer#1,0,FURNITURE,2,0.02,0.07,17,Brand#14,5,WRAP BAG,29,0,1
F,F,R,NONE,0,Manufacturer#3,1,HOUSEHOLD,6,0.06,0.06,16,Brand#31,3,LG JAR,32,0,1
F,F,A,COLLECT COD,0,Manufacturer#3,1,HOUSEHOLD,3,0.01,0.04,5,Brand#35,3,SM PKG,43,1,1
F,F,R,TAKE BACK RETURN,1,Manufacturer#4,4,AUTOMOBILE,1,0,0.02,2,Brand#45,20,MED PACK,26,0,0
F,F,R,COLLECT COD,0,Manufacturer#3,4,FURNITURE,1,0.04,0.03,14,Brand#34,20,LG PACK,33,0,1
F,F,A,NONE,0,Manufacturer#5,0,HOUSEHOLD,1,0.04,0.08,14,Brand#53,14,SM BAG,48,1,1
F,F,A,DELIVER IN PERSON,0,Manufacturer#4,4,BUILDING,2,0.06,0.05,15,Brand#45,10,WRAP BAG,34,0,1
F,F,A,NONE,2,Manufacturer#3,2,HOUSEHOLD,4,0.06,0.03,8,Brand#33,8,MED BOX,47,1,1
F,F,R,TAKE BACK RETURN,3,Manufacturer#3,3,BUILDING,6,0.06,0,19,Brand#34,22,MED JAR,35,0,0
F,F,R,DELIVER IN PERSON,3,Manufacturer#3,3,BUILDING,3,0.06,0.1,7,Brand#35,22,MED BAG,5,1,0
F,F,A,NONE,2,Manufacturer#4,2,BUILDING,2,0.02,0.1,21,Brand#41,12,LG PACK,19,0,0
F,F,R,DELIVER IN PERSON,3,Manufacturer#3,2,MACHINERY,4,0.05,0.1,22,Brand#33,9,LG CAN,1,0,1
F,F,R,NONE,2,Manufacturer#5,0,HOUSEHOLD,2,0.06,0.09,9,Brand#52,15,LG CASE,2,0,1
F,F,R,DELIVER IN PERSON,3,Manufacturer#3,4,AUTOMOBILE,4,0.07,0.02,19,Brand#32,4,SM PKG,30,0,1
F,F,A,DELIVER IN PERSON,4,Manufacturer#2,4,AUTOMOBILE,1,0.04,0.06,4,Brand#24,4,JUMBO DRUM,33,0,1
F,F,R,TAKE BACK RETURN,3,Manufacturer#4,4,AUTOMOBILE,6,0.07,0.04,6,Brand#41,4,LG PKG,7,1,1
F,F,A,TAKE BACK RETURN,1,Manufacturer#1,1,MACHINERY,3,0.06,0.06,24,Brand#14,3,MED PKG,5,1,1
F,F,A,NONE,4,Manufacturer#3,2,FURNITURE,2,0,0.09,20,Brand#33,21,SM BOX,27,0,0
F,F,A,DELIVER IN PERSON,4,Manufacturer#2,1,AUTOMOBILE,3,0.01,0.1,4,Brand#24,2,MED BAG,4,0,1
F,F,A,TAKE BACK RETURN,3,Manufacturer#4,3,BUILDING,6,0.04,0.05,23,Brand#45,22,JUMBO BAG,27,0,1
F,F,R,DELIVER IN PERSON,1,Manufacturer#3,0,BUILDING,2,0.01,0.04,17,Brand#34,15,JUMBO JAR,5,1,1
F,F,A,TAKE BACK RETURN,3,Manufacturer#5,4,MACHINERY,2,0.02,0.06,19,Brand#51,11,WRAP PKG,2,0,1
F,F,A,DELIVER IN PERSON,3,Manufacturer#2,0,BUILDING,4,0.02,0.08,7,Brand#23,15,MED PKG,11,0,1
F,F,R,NONE,2,Manufacturer#5,0,FURNITURE,7,0,0.04,9,Brand#53,15,WRAP CAN,45,1,1
F,F,R,COLLECT COD,0,Manufacturer#3,3,MACHINERY,2,0.01,0.1,15,Brand#35,22,JUMBO JAR,38,1,0
F,F,A,COLLECT COD,3,Manufacturer#2,0,AUTOMOBILE,1,0.07,0.03,7,Brand#23,15,JUMBO CASE,27,0,1
F,F,A,DELIVER IN PERSON,1,Manufacturer#5,1,BUILDING,1,0.01,0.1,2,Brand#55,2,LG DRUM,26,0,1
F,F,A,DELIVER IN PERSON,2,Manufacturer#2,0,AUTOMOBILE,1,0.08,0.07,21,Brand#25,15,JUMBO CAN,22,0,1
F,F,A,TAKE BACK RETURN,3,Manufacturer#2,0,FURNITURE,3,0,0.08,22,Brand#24,14,MED CASE,7,0,1
F,F,A,COLLECT COD,4,Manufacturer#2,1,AUTOMOBILE,1,0.03,0,10,Brand#24,2,LG CASE,30,0,1
F,F,R,DELIVER IN PERSON,3,Manufacturer#1,1,BUILDING,2,0.01,0.02,7,Brand#11,17,JUMBO PACK,39,1,0
F,F,A,NONE,2,Manufacturer#3,0,HOUSEHOLD,2,0.03,0.07,21,Brand#35,5,LG PKG,46,1,1
F,F,A,COLLECT COD,2,Manufacturer#5,1,BUILDING,7,0.03,0.08,9,Brand#52,24,SM CASE,40,0,1
F,F,R,TAKE BACK RETURN,2,Manufacturer#1,0,MACHINERY,6,0.05,0.1,8,Brand#14,16,WRAP BAG,33,1,1
F,F,R,TAKE BACK RETURN,2,Manufacturer#3,0,AUTOMOBILE,3,0.08,0.05,21,Brand#35,14,JUMBO PKG,30,1,0
F,F,A,COLLECT COD,4,Manufacturer#1,3,HOUSEHOLD,1,0.04,0.08,13,Brand#15,23,MED BOX,18,1,0
F,F,R,TAKE BACK RETURN,3,Manufacturer#5,3,MACHINERY,4,0.07,0.06,7,Brand#54,23,LG JAR,10,0,1
F,F,R,COLLECT COD,1,Manufacturer#5,1,MACHINERY,3,0.01,0.03,2,Brand#52,1,SM BAG,21,0,1
F,F,A,COLLECT COD,3,Manufacturer#2,4,BUILDING,3,0.02,0.1,6,Brand#24,20,LG DRUM,36,1,0
F,F,R,COLLECT COD,3,Manufacturer#5,1,MACHINERY,2,0,0.06,23,Brand#53,24,LG PACK,13,0,0
F,F,R,NONE,1,Manufacturer#1,0,AUTOMOBILE,5,0.04,0.07,3,Brand#15,0,MED BOX,2,0,1
F,F,A,DELIVER IN PERSON,3,Manufacturer#5,0,AUTOMOBILE,5,0.01,0.05,22,Brand#54,15,LG CAN,20,0,0
F,F,R,DELIVER IN PERSON,2,Manufacturer#4,2,AUTOMOBILE,4,0.06,0.05,21,Brand#43,21,WRAP CAN,46,0,1
F,F,A,COLLECT COD,2,Manufacturer#5,4,HOUSEHOLD,2,0.04,0,21,Brand#54,10,SM BAG,25,0,1
F,F,A,NONE,2,Manufacturer#3,3,FURNITURE,2,0.08,0.04,18,Brand#35,19,JUMBO CAN,33,0,1
F,F,A,DELIVER IN PERSON,0,Manufacturer#2,3,MACHINERY,3,0.07,0.07,0,Brand#22,23,JUMBO PKG,46,1,1
F,F,R,DELIVER IN PERSON,2,Manufacturer#3,2,BUILDING,1,0.02,0,18,Brand#34,8,MED PACK,49,0,1
F,F,A,TAKE BACK RETURN,3,Manufacturer#4,4,HOUSEHOLD,4,0.05,0.05,19,Brand#43,20,LG BAG,20,1,1
F,F,A,DELIVER IN PERSON,3,Manufacturer#1,0,MACHINERY,3,0.07,0.04,6,Brand#13,15,MED CASE,26,0,0
F,F,R,DELIVER IN PERSON,4,Manufacturer#2,3,HOUSEHOLD,1,0.04,0.01,11,Brand#24,23,JUMBO JAR,7,1,0
F,F,A,TAKE BACK RETURN,3,Manufacturer#5,1,MACHINERY,3,0.03,0.05,7,Brand#55,3,JUMBO CAN,5,1,1
F,F,R,TAKE BACK RETURN,2,Manufacturer#4,2,AUTOMOBILE,5,0.08,0.05,8,Brand#41,9,JUMBO CAN,41,0,1
F,F,A,COLLECT COD,3,Manufacturer#2,0,FURNITURE,1,0.03,0.08,23,Brand#22,15,LG CASE,48,0,1
F,F,A,NONE,2,Manufacturer#2,4,FURNITURE,3,0.04,0.02,12,Brand#21,4,WRAP BAG,18,1,0
F,F,A,TAKE BACK RETURN,2,Manufacturer#1,3,MACHINERY,1,0.08,0.07,18,Brand#15,19,JUMBO JAR,27,1,0
F,F,A,DELIVER IN PERSON,3,Manufacturer#2,0,BUILDING,1,0.05,0.08,22,Brand#21,14,LG DRUM,18,0,0
F,F,R,TAKE BACK RETURN,2,Manufacturer#3,3,MACHINERY,1,0.06,0.04,8,Brand#31,19,LG CASE,48,1,0
F,F,R,TAKE BACK RETURN,4,Manufacturer#4,2,MACHINERY,1,0.03,0.07,13,Brand#41,18,JUMBO CAN,41,0,1
F,F,A,NONE,0,Manufacturer#5,2,HOUSEHOLD,5,0.03,0,0,Brand#53,18,SM PACK,19,0,0
F,F,A,TAKE BACK RETURN,0,Manufacturer#1,4,MACHINERY,3,0.02,0.03,16,Brand#13,11,MED PKG,44,0,0
F,F,R,COLLECT COD,2,Manufacturer#2,4,AUTOMOBILE,2,0.01,0.08,18,Brand#25,20,JUMBO JAR,44,0,1
F,F,R,NONE,0,Manufacturer#3,2,HOUSEHOLD,1,0.06,0.1,15,Brand#32,9,MED PKG,8,1,1
F,F,R,TAKE BACK RETURN,2,Manufacturer#5,3,BUILDING,6,0.06,0.02,9,Brand#54,19,LG CAN,2,1,1
F,F,A,COLLECT COD,4,Manufacturer#2,2,AUTOMOBILE,4,0.03,0.02,10,Brand#22,9,JUMBO BAG,17,0,0
F,F,A,COLLECT COD,2,Manufacturer#2,2,FURNITURE,1,0.04,0.08,12,Brand#25,18,MED BOX,10,0,0
F,F,A,COLLECT COD,3,Manufacturer#5,0,HOUSEHOLD,2,0.03,0.05,23,Brand#55,15,JUMBO PKG,35,0,0
F,F,R,COLLECT COD,4,Manufacturer#3,2,FURNITURE,4,0.06,0.05,20,Brand#35,9,LG JAR,23,1,1
F,F,A,COLLECT COD,3,Manufacturer#3,4,BUILDING,4,0.08,0,23,Brand#34,20,MED PACK,7,1,0
F,F,A,DELIVER IN PERSON,3,Manufacturer#3,0,HOUSEHOLD,1,0.06,0.08,6,Brand#32,16,MED BAG,45,0,0
F,F,A,COLLECT COD,4,Manufacturer#4,3,HOUSEHOLD,4,0.03,0.01,20,Brand#42,19,MED PKG,35,1,1
F,F,A,TAKE BACK RETURN,4,Manufacturer#3,2,AUTOMOBILE,1,0.06,0.1,10,Brand#32,12,WRAP CASE,5,0,1
F,F,R,DELIVER IN PERSON,1,Manufacturer#3,1,HOUSEHOLD,3,0.04,0.08,3,Brand#33,24,MED BOX,46,0,1
F,F,A,TAKE BACK RETURN,2,Manufacturer#2,3,BUILDING,3,0,0.01,12,Brand#25,22,MED BAG,22,1,0
F,F,A,TAKE BACK RETURN,3,Manufacturer#2,1,HOUSEHOLD,6,0.03,0.01,7,Brand#21,24,MED BAG,14,0,1
F,F,R,NONE,1,Manufacturer#2,3,AUTOMOBILE,3,0,0.04,24,Brand#25,7,JUMBO CAN,3,1,1
F,F,A,TAKE BACK RETURN,0,Manufacturer#4,3,HOUSEHOLD,2,0,0.07,15,Brand#43,6,LG JAR,5,1,0
F,F,R,COLLECT COD,0,Manufacturer#2,2,BUILDING,1,0.04,0.01,16,Brand#21,12,MED DRUM,29,0,1
F,F,R,NONE,2,Manufacturer#3,3,BUILDING,2,0.04,0.03,9,Brand#31,19,SM BAG,23,1,1
F,F,R,DELIVER IN PERSON,2,Manufacturer#4,2,MACHINERY,6,0.03,0.06,18,Brand#45,8,MED DRUM,9,0,1
F,F,A,NONE,0,Manufacturer#1,3,BUILDING,5,0.02,0.03,16,Brand#11,6,MED PACK,4,1,1
F,F,R,COLLECT COD,1,Manufacturer#3,3,FURNITURE,3,0,0,1,Brand#32,7,JUMBO BAG,8,0,1
F,F,R,NONE,3,Manufacturer#5,4,AUTOMOBILE,3,0.07,0.01,6,Brand#52,4,LG BAG,15,1,1
F,F,R,TAKE BACK RETURN,4,Manufacturer#1,1,AUTOMOBILE,5,0.01,0.05,4,Brand#13,24,MED CASE,24,1,0
F,F,A,NONE,4,Manufacturer#4,4,HOUSEHOLD,4,0.08,0.1,11,Brand#42,10,JUMBO BAG,2,0,1
F,F,R,COLLECT COD,2,Manufacturer#5,2,HOUSEHOLD,1,0.08,0.08,12,Brand#55,9,MED DRUM,38,0,0
F,F,A,COLLECT COD,2,Manufacturer#4,0,MACHINERY,1,0.08,0.03,21,Brand#42,16,SM PKG,13,0,0
F,F,R,TAKE BACK RETURN,0,Manufacturer#1,2,HOUSEHOLD,2,0.01,0.1,16,Brand#15,21,JUMBO CASE,33,0,0
F,F,A,TAKE BACK RETURN,0,Manufacturer#4,3,AUTOMOBILE,3,0.01,0.07,16,Brand#41,19,JUMBO BAG,11,0,1
F,F,R,COLLECT COD,4,Manufacturer#1,1,HOUSEHOLD,1,0.08,0.09,11,Brand#15,24,LG BOX,37,0,0
F,F,A,DELIVER IN PERSON,1,Manufacturer#2,2,BUILDING,2,0.06,0.05,17,Brand#25,18,LG PKG,34,0,0
F,F,A,COLLECT COD,4,Manufacturer#5,2,HOUSEHOLD,2,0.04,0.06,11,Brand#51,21,SM BAG,50,1,0
F,F,A,TAKE BACK RETURN,4,Manufacturer#1,2,BUILDING,6,0.05,0.02,13,Brand#12,21,WRAP PACK,35,1,1
F,F,A,TAKE BACK RETURN,0,Manufacturer#1,3,MACHINERY,2,0.08,0.05,0,Brand#15,19,LG PKG,46,1,0
F,F,R,DELIVER IN PERSON,2,Manufacturer#3,2,FURNITURE,2,0.05,0.03,12,Brand#34,21,SM JAR,31,0,1
F,F,A,TAKE BACK RETURN,0,Manufacturer#5,4,FURNITURE,2,0.03,0.1,5,Brand#52,10,JUMBO CASE,49,0,1
F,F,R,NONE,1,Manufacturer#4,1,HOUSEHOLD,7,0.07,0.04,2,Brand#42,3,WRAP BAG,50,1,1
F,F,R,TAKE BACK RETURN,1,Manufacturer#2,2,MACHINERY,2,0.05,0.03,3,Brand#24,12,LG CASE,36,0,1
F,F,R,NONE,1,Manufacturer#4,0,BUILDING,5,0.02,0.1,2,Brand#41,5,SM DRUM,40,0,1
F,F,R,TAKE BACK RETURN,4,Manufacturer#1,4,FURNITURE,3,0.08,0,20,Brand#13,11,SM PKG,13,0,1
F,F,A,TAKE BACK RETURN,2,Manufacturer#5,0,BUILDING,5,0.07,0,12,Brand#53,0,MED BAG,27,1,1
F,F,A,TAKE BACK RETURN,1,Manufacturer#4,2,AUTOMOBILE,4,0.07,0.05,1,Brand#41,12,SM CASE,2,0,0
F,F,R,COLLECT COD,2,Manufacturer#2,0,HOUSEHOLD,4,0.08,0.07,9,Brand#23,16,MED BAG,5,0,1
F,F,R,COLLECT COD,4,Manufacturer#4,2,HOUSEHOLD,2,0.05,0.05,20,Brand#43,9,LG JAR,38,1,1
F,F,R,NONE,1,Manufacturer#2,2,HOUSEHOLD,6,0.06,0.07,2,Brand#25,9,LG JAR,4,0,1
F,F,R,NONE,0,Manufacturer#3,2,HOUSEHOLD,4,0.06,0.06,16,Brand#32,12,MED BOX,8,1,1
F,F,R,DELIVER IN PERSON,4,Manufacturer#1,2,MACHINERY,5,0.07,0.1,4,Brand#14,18,WRAP CASE,8,1,1
F,F,R,TAKE BACK RETURN,3,Manufacturer#3,2,MACHINERY,6,0.04,0.09,22,Brand#35,9,JUMBO CAN,33,0,1
F,F,R,DELIVER IN PERSON,4,Manufacturer#1,2,MACHINERY,1,0.08,0.01,4,Brand#12,18,LG PACK,45,0,1
F,F,A,NONE,3,Manufacturer#1,3,AUTOMOBILE,3,0.08,0.08,22,Brand#14,22,JUMBO JAR,48,0,1
F,F,R,NONE,4,Manufacturer#2,1,MACHINERY,5,0.06,0.07,20,Brand#25,24,LG DRUM,1,1,1
F,F,A,DELIVER IN PERSON,2,Manufacturer#1,2,MACHINERY,1,0.04,0.07,9,Brand#11,21,WRAP PACK,32,1,0
F,F,A,TAKE BACK RETURN,3,Manufacturer#3,3,BUILDING,1,0.05,0.1,7,Brand#33,19,WRAP BOX,48,1,1
F,F,A,DELIVER IN PERSON,3,Manufacturer#5,4,FURNITURE,2,0.04,0.09,23,Brand#52,11,LG JAR,10,1,0
F,F,R,NONE,1,Manufacturer#1,0,HOUSEHOLD,5,0.01,0.05,3,Brand#15,0,SM BOX,17,0,0
F,F,A,COLLECT COD,2,Manufacturer#1,3,FURNITURE,4,0.04,0,8,Brand#14,22,LG BAG,31,1,0
F,F,R,TAKE BACK RETURN,2,Manufacturer#5,4,AUTOMOBILE,2,0.05,0.04,12,Brand#52,10,JUMBO BOX,43,1,1
F,F,A,DELIVER IN PERSON,0,Manufacturer#5,2,AUTOMOBILE,2,0.06,0.05,16,Brand#53,21,MED PACK,37,0,1
F,F,R,TAKE BACK RETURN,2,Manufacturer#4,0,MACHINERY,3,0.01,0.08,18,Brand#43,16,WRAP CASE,48,1,1
F,F,R,COLLECT COD,0,Manufacturer#2,0,MACHINERY,2,0.08,0.1,16,Brand#21,16,SM PACK,49,1,1
F,F,A,COLLECT COD,3,Manufacturer#5,2,FURNITURE,3,0.04,0.01,19,Brand#54,18,JUMBO BOX,26,0,0
F,F,A,NONE,2,Manufacturer#2,2,AUTOMOBILE,1,0.05,0.09,18,Brand#21,9,MED BAG,40,0,1
F,F,A,NONE,2,Manufacturer#1,4,AUTOMOBILE,6,0,0.1,8,Brand#15,4,JUMBO BOX,29,1,1
F,F,R,DELIVER IN PERSON,2,Manufacturer#5,1,BUILDING,2,0.07,0.01,12,Brand#53,1,SM PKG,14,0,0
F,F,R,DELIVER IN PERSON,3,Manufacturer#5,3,AUTOMOBILE,2,0.03,0.1,19,Brand#51,7,WRAP BAG,14,0,0
F,F,A,DELIVER IN PERSON,1,Manufacturer#4,4,AUTOMOBILE,1,0.01,0.03,17,Brand#41,20,LG PACK,10,1,0
F,F,R,DELIVER IN PERSON,3,Manufacturer#5,1,FURNITURE,1,0.08,0.08,22,Brand#55,3,WRAP DRUM,43,0,1
F,F,R,TAKE BACK RETURN,1,Manufacturer#3,1,HOUSEHOLD,3,0,0.09,24,Brand#35,2,MED DRUM,12,1,0
F,F,R,DELIVER IN PERSON,2,Manufacturer#5,0,BUILDING,4,0.02,0.08,21,Brand#54,16,SM BOX,6,0,1
F,F,R,COLLECT COD,1,Manufacturer#3,0,BUILDING,7,0.04,0.06,3,Brand#31,5,WRAP CAN,25,1,1
F,F,R,DELIVER IN PERSON,3,Manufacturer#3,0,BUILDING,6,0.01,0.01,6,Brand#31,5,WRAP PKG,15,0,1
F,F,R,DELIVER IN PERSON,2,Manufacturer#4,0,BUILDING,3,0.06,0.09,21,Brand#45,5,MED CAN,40,0,1
F,F,R,COLLECT COD,0,Manufacturer#2,1,AUTOMOBILE,2,0.05,0.01,0,Brand#25,24,JUMBO CAN,50,0,0
F,F,A,TAKE BACK RETURN,0,Manufacturer#3,4,MACHINERY,3,0.07,0.07,16,Brand#32,13,MED JAR,36,1,1
F,F,A,NONE,0,Manufacturer#4,1,FURNITURE,2,0.01,0.01,5,Brand#44,24,WRAP PACK,39,0,1
F,F,R,DELIVER IN PERSON,3,Manufacturer#5,4,BUILDING,1,0.05,0.09,22,Brand#53,13,WRAP DRUM,38,1,0
F,F,R,COLLECT COD,3,Manufacturer#3,3,FURNITURE,1,0.01,0.1,23,Brand#31,7,SM JAR,41,0,0
F,F,R,DELIVER IN PERSON,3,Manufacturer#1,2,FURNITURE,1,0.07,0.02,22,Brand#12,12,JUMBO DRUM,12,0,0
F,F,R,TAKE BACK RETURN,4,Manufacturer#5,1,HOUSEHOLD,3,0.06,0.02,11,Brand#51,17,LG PKG,7,1,0
F,F,R,NONE,3,Manufacturer#4,4,HOUSEHOLD,3,0.03,0.01,23,Brand#44,20,MED BOX,4,1,0
F,F,A,TAKE BACK RETURN,4,Manufacturer#1,0,BUILDING,1,0.05,0.03,4,Brand#14,0,JUMBO PACK,5,1,1
F,F,R,DELIVER IN PERSON,3,Manufacturer#1,1,HOUSEHOLD,1,0.02,0.08,22,Brand#11,1,LG PACK,33,1,0
F,F,R,TAKE BACK RETURN,1,Manufacturer#4,0,AUTOMOBILE,7,0.01,0.1,1,Brand#42,0,SM BOX,45,0,1
F,F,R,COLLECT COD,1,Manufacturer#2,4,FURNITURE,1,0.01,0.06,3,Brand#25,10,SM BOX,33,0,0
F,F,R,TAKE BACK RETURN,1,Manufacturer#3,4,HOUSEHOLD,5,0.06,0.06,3,Brand#33,13,SM DRUM,41,1,0
F,F,A,DELIVER IN PERSON,4,Manufacturer#5,4,HOUSEHOLD,4,0,0.07,11,Brand#52,13,WRAP BAG,14,0,0
F,F,A,COLLECT COD,3,Manufacturer#5,2,FURNITURE,2,0.04,0.02,6,Brand#54,12,WRAP BOX,3,0,1
F,F,A,DELIVER IN PERSON,2,Manufacturer#2,3,FURNITURE,1,0.04,0.06,9,Brand#21,23,JUMBO CASE,4,0,0
F,F,A,COLLECT COD,0,Manufacturer#5,0,HOUSEHOLD,2,0.06,0.07,0,Brand#52,15,SM BOX,15,0,0
F,F,A,COLLECT COD,2,Manufacturer#2,0,BUILDING,3,0.05,0.01,9,Brand#24,14,JUMBO CASE,38,0,1
F,F,R,COLLECT COD,0,Manufacturer#3,4,AUTOMOBILE,1,0.01,0.02,15,Brand#32,10,JUMBO DRUM,20,0,0
F,F,A,TAKE BACK RETURN,4,Manufacturer#4,2,HOUSEHOLD,3,0.06,0.06,20,Brand#44,9,LG CAN,7,1,0
F,F,R,COLLECT COD,4,Manufacturer#5,0,HOUSEHOLD,3,0.01,0.03,4,Brand#51,14,JUMBO PACK,30,1,0
F,F,R,DELIVER IN PERSON,3,Manufacturer#3,0,AUTOMOBILE,1,0.05,0,19,Brand#31,15,JUMBO CAN,36,0,1
F,F,R,DELIVER IN PERSON,4,Manufacturer#5,4,HOUSEHOLD,3,0.04,0.1,20,Brand#55,10,MED BAG,26,0,0
F,F,A,NONE,4,Manufacturer#1,3,HOUSEHOLD,2,0.03,0.08,11,Brand#12,23,WRAP CASE,1,0,1
F,F,A,NONE,2,Manufacturer#5,4,AUTOMOBILE,3,0.07,0.06,8,Brand#54,13,JUMBO CAN,38,1,1
F,F,A,NONE,4,Manufacturer#2,3,FURNITURE,1,0,0.05,20,Brand#22,7,JUMBO DRUM,48,0,1
F,F,A,TAKE BACK RETURN,3,Manufacturer#1,0,BUILDING,6,0.06,0.1,7,Brand#11,5,JUMBO PACK,24,1,1
F,F,R,DELIVER IN PERSON,4,Manufacturer#1,1,FURNITURE,2,0.04,0,20,Brand#12,24,MED DRUM,18,1,1
F,F,R,COLLECT COD,3,Manufacturer#3,1,BUILDING,5,0.04,0.09,7,Brand#32,2,JUMBO JAR,39,0,0
F,F,R,TAKE BACK RETURN,4,Manufacturer#3,1,BUILDING,6,0.02,0.05,11,Brand#32,2,JUMBO BOX,22,0,0
F,F,A,NONE,4,Manufacturer#2,1,HOUSEHOLD,1,0.01,0,20,Brand#22,1,WRAP JAR,3,1,1
F,F,A,DELIVER IN PERSON,4,Manufacturer#2,0,HOUSEHOLD,3,0.07,0.03,13,Brand#23,14,SM CASE,26,0,0
F,F,R,NONE,3,Manufacturer#4,0,FURNITURE,1,0.08,0.01,7,Brand#42,5,JUMBO PKG,40,1,1
F,F,A,TAKE BACK RETURN,2,Manufacturer#5,4,FURNITURE,2,0.01,0.05,8,Brand#55,20,LG BAG,24,0,1
F,F,R,TAKE BACK RETURN,0,Manufacturer#5,2,HOUSEHOLD,2,0.08,0,14,Brand#52,8,MED CASE,23,0,0
F,F,R,DELIVER IN PERSON,0,Manufacturer#1,4,AUTOMOBILE,4,0.06,0.02,15,Brand#14,4,LG CAN,41,0,0
F,F,R,TAKE BACK RETURN,4,Manufacturer#1,0,HOUSEHOLD,1,0.05,0.02,4,Brand#12,15,JUMBO CAN,6,1,1
F,F,R,TAKE BACK RETURN,3,Manufacturer#4,1,FURNITURE,2,0.08,0,23,Brand#42,2,MED BAG,30,1,0
F,F,A,NONE,0,Manufacturer#4,4,FURNITURE,2,0.07,0.08,5,Brand#42,13,MED JAR,7,0,1
F,F,R,DELIVER IN PERSON,0,Manufacturer#5,1,AUTOMOBILE,7,0.02,0.06,16,Brand#54,1,JUMBO PACK,23,0,0
F,F,R,COLLECT COD,3,Manufacturer#5,1,AUTOMOBILE,3,0.08,0.06,23,Brand#51,1,JUMBO JAR,21,1,0
F,F,A,NONE,4,Manufacturer#3,2,FURNITURE,2,0.02,0.06,4,Brand#31,18,LG PACK,16,1,1
F,F,R,COLLECT COD,2,Manufacturer#3,4,MACHINERY,4,0.03,0.09,9,Brand#34,20,SM PACK,49,0,1
F,F,R,NONE,1,Manufacturer#1,1,BUILDING,3,0.01,0.1,24,Brand#11,24,MED CASE,37,1,0
F,F,R,DELIVER IN PERSON,3,Manufacturer#4,3,FURNITURE,6,0.07,0.05,22,Brand#43,22,MED DRUM,32,0,0
F,F,A,TAKE BACK RETURN,4,Manufacturer#5,1,AUTOMOBILE,2,0.01,0.06,20,Brand#52,17,MED BOX,35,0,0
F,F,A,NONE,4,Manufacturer#4,3,MACHINERY,1,0.07,0.01,10,Brand#44,19,SM PACK,25,0,1
F,F,R,TAKE BACK RETURN,4,Manufacturer#5,0,AUTOMOBILE,7,0,0.08,10,Brand#52,5,SM PACK,17,1,0
F,F,R,COLLECT COD,3,Manufacturer#1,0,AUTOMOBILE,1,0.05,0.03,19,Brand#15,5,WRAP PACK,19,1,0
F,F,R,COLLECT COD,3,Manufacturer#2,2,BUILDING,3,0.07,0.09,7,Brand#21,21,WRAP BOX,45,0,1
F,F,A,COLLECT COD,1,Manufacturer#3,0,AUTOMOBILE,4,0.01,0.08,17,Brand#35,15,LG DRUM,18,0,0
F,F,R,COLLECT COD,1,Manufacturer#5,0,BUILDING,2,0,0.08,17,Brand#51,16,WRAP JAR,29,0,1
F,F,A,COLLECT COD,1,Manufacturer#4,0,FURNITURE,4,0.07,0.02,2,Brand#44,14,SM CAN,3,1,0
F,F,R,COLLECT COD,1,Manufacturer#5,4,AUTOMOBILE,6,0.01,0.01,2,Brand#53,13,JUMBO CAN,34,1,1
F,F,R,DELIVER IN PERSON,3,Manufacturer#5,3,BUILDING,4,0.05,0.07,22,Brand#53,23,MED BOX,5,1,1
F,F,R,COLLECT COD,0,Manufacturer#4,0,MACHINERY,1,0.04,0.1,14,Brand#43,5,JUMBO BOX,50,1,1
F,F,R,DELIVER IN PERSON,1,Manufacturer#1,3,AUTOMOBILE,1,0.03,0.01,24,Brand#13,23,JUMBO PACK,20,1,0
F,F,A,NONE,0,Manufacturer#3,0,BUILDING,2,0,0,0,Brand#34,5,JUMBO PKG,35,1,1
F,F,R,NONE,2,Manufacturer#1,4,FURNITURE,4,0.01,0.03,8,Brand#14,11,MED DRUM,10,0,0
F,F,R,DELIVER IN PERSON,0,Manufacturer#3,3,HOUSEHOLD,1,0.02,0.06,15,Brand#32,19,SM JAR,15,1,1
F,F,R,NONE,2,Manufacturer#1,3,AUTOMOBILE,5,0.06,0.01,12,Brand#15,23,LG BAG,13,0,0
F,F,R,COLLECT COD,2,Manufacturer#1,4,HOUSEHOLD,4,0.04,0.05,12,Brand#15,20,LG PACK,8,0,0
F,F,A,NONE,1,Manufacturer#5,3,HOUSEHOLD,3,0.03,0.08,3,Brand#51,23,LG JAR,32,0,1
F,F,R,DELIVER IN PERSON,0,Manufacturer#1,2,FURNITURE,2,0.07,0.08,5,Brand#13,18,JUMBO PACK,17,0,0
F,F,A,COLLECT COD,3,Manufacturer#3,3,AUTOMOBILE,2,0.04,0.01,7,Brand#33,22,SM PACK,29,0,0
F,F,R,NONE,0,Manufacturer#3,2,BUILDING,1,0.08,0.03,14,Brand#32,12,LG BAG,20,1,0
F,F,A,COLLECT COD,1,Manufacturer#1,3,FURNITURE,1,0.02,0.03,1,Brand#13,23,MED BOX,11,0,1
F,F,R,DELIVER IN PERSON,3,Manufacturer#5,4,BUILDING,2,0.06,0.03,23,Brand#55,10,LG CAN,37,0,1
F,F,R,COLLECT COD,0,Manufacturer#2,3,MACHINERY,3,0.04,0.02,15,Brand#25,6,JUMBO BOX,11,0,0
F,F,A,TAKE BACK RETURN,1,Manufacturer#2,3,BUILDING,1,0.02,0.05,24,Brand#22,19,SM PKG,37,1,1
F,F,R,DELIVER IN PERSON,3,Manufacturer#1,3,AUTOMOBILE,4,0.04,0.08,6,Brand#13,19,LG PACK,23,1,1
F,F,A,NONE,2,Manufacturer#3,4,BUILDING,6,0,0.09,18,Brand#34,10,JUMBO JAR,7,1,1
F,F,R,NONE,3,Manufacturer#5,2,MACHINERY,3,0.07,0.1,23,Brand#53,18,SM CASE,7,0,1
F,F,A,NONE,3,Manufacturer#3,2,MACHINERY,5,0.04,0.06,23,Brand#34,18,WRAP CAN,30,1,1
F,F,A,NONE,0,Manufacturer#4,2,HOUSEHOLD,5,0.02,0.08,14,Brand#41,9,LG JAR,19,1,1
F,F,A,TAKE BACK RETURN,0,Manufacturer#2,4,HOUSEHOLD,7,0.02,0.06,15,Brand#24,10,WRAP JAR,34,1,1
F,F,A,COLLECT COD,4,Manufacturer#1,1,HOUSEHOLD,1,0.07,0.04,13,Brand#14,17,JUMBO DRUM,27,1,1
F,F,R,NONE,4,Manufacturer#2,1,HOUSEHOLD,1,0.08,0.06,13,Brand#25,3,MED DRUM,35,1,1
F,F,R,DELIVER IN PERSON,2,Manufacturer#5,2,BUILDING,4,0.08,0.07,21,Brand#55,18,MED CASE,4,1,1
F,F,A,DELIVER IN PERSON,4,Manufacturer#5,2,BUILDING,7,0,0.1,20,Brand#54,18,MED PACK,35,1,1
F,F,R,DELIVER IN PERSON,0,Manufacturer#1,2,BUILDING,6,0.05,0.01,14,Brand#13,8,SM CASE,47,0,0
F,F,R,TAKE BACK RETURN,4,Manufacturer#4,2,MACHINERY,1,0.07,0.09,10,Brand#45,12,MED BAG,49,1,0
F,F,A,DELIVER IN PERSON,1,Manufacturer#4,2,FURNITURE,1,0.03,0.07,2,Brand#44,9,MED BAG,10,0,1
F,F,R,TAKE BACK RETURN,0,Manufacturer#4,0,HOUSEHOLD,3,0.07,0.1,16,Brand#43,0,JUMBO BOX,11,0,1
F,F,A,DELIVER IN PERSON,4,Manufacturer#1,0,HOUSEHOLD,1,0.03,0.1,10,Brand#14,15,WRAP DRUM,27,0,1
F,F,A,TAKE BACK RETURN,3,Manufacturer#2,1,BUILDING,3,0.06,0.07,23,Brand#22,2,JUMBO CAN,39,0,0
F,F,A,TAKE BACK RETURN,2,Manufacturer#4,2,AUTOMOBILE,3,0.06,0.02,12,Brand#44,18,LG DRUM,15,0,1
F,F,A,DELIVER IN PERSON,3,Manufacturer#2,3,HOUSEHOLD,1,0.03,0.1,6,Brand#24,22,WRAP CASE,26,0,1
F,F,R,COLLECT COD,3,Manufacturer#2,2,HOUSEHOLD,7,0.08,0.01,19,Brand#21,8,MED CAN,44,0,0
F,F,A,COLLECT COD,4,Manufacturer#5,0,MACHINERY,1,0.07,0.1,10,Brand#55,5,LG JAR,6,0,0
F,F,R,COLLECT COD,3,Manufacturer#1,0,AUTOMOBILE,2,0.03,0.02,23,Brand#14,0,JUMBO JAR,29,0,0
F,F,R,COLLECT COD,0,Manufacturer#1,2,BUILDING,3,0.06,0.1,0,Brand#11,8,SM BAG,8,0,1
F,F,R,DELIVER IN PERSON,0,Manufacturer#1,1,BUILDING,5,0.06,0.09,0,Brand#11,24,SM JAR,6,0,0
F,F,R,DELIVER IN PERSON,1,Manufacturer#1,2,AUTOMOBILE,2,0.05,0.02,1,Brand#15,21,WRAP CASE,28,0,1
F,F,R,NONE,1,Manufacturer#1,1,MACHINERY,2,0.05,0.04,1,Brand#14,2,JUMBO DRUM,17,1,1
F,F,R,DELIVER IN PERSON,2,Manufacturer#5,3,FURNITURE,1,0.07,0.08,9,Brand#53,23,WRAP CAN,36,0,1
F,F,A,TAKE BACK RETURN,2,Manufacturer#3,0,HOUSEHOLD,4,0.06,0.05,8,Brand#34,16,MED DRUM,29,1,0
F,F,R,NONE,2,Manufacturer#3,1,MACHINERY,2,0.05,0.08,21,Brand#31,3,MED DRUM,40,1,1
F,F,R,NONE,0,Manufacturer#5,0,MACHINERY,2,0.01,0,5,Brand#53,15,LG DRUM,14,1,1
F,F,R,DELIVER IN PERSON,2,Manufacturer#3,2,MACHINERY,4,0.08,0.06,21,Brand#35,8,JUMBO CASE,49,1,1
F,F,A,DELIVER IN PERSON,2,Manufacturer#2,4,MACHINERY,4,0.03,0.02,12,Brand#21,4,LG DRUM,38,1,0
F,F,R,COLLECT COD,1,Manufacturer#5,4,BUILDING,1,0.02,0.1,17,Brand#52,20,WRAP DRUM,38,1,0
F,F,R,COLLECT COD,0,Manufacturer#5,3,MACHINERY,2,0.01,0,16,Brand#52,23,JUMBO CAN,1,1,1
F,F,R,DELIVER IN PERSON,3,Manufacturer#5,0,BUILDING,1,0.05,0.03,23,Brand#53,5,LG PACK,13,0,1
F,F,R,COLLECT COD,0,Manufacturer#3,1,HOUSEHOLD,2,0.04,0.03,5,Brand#33,3,JUMBO JAR,3,0,1
F,F,A,DELIVER IN PERSON,2,Manufacturer#1,3,BUILDING,1,0.07,0.04,8,Brand#12,6,WRAP JAR,34,0,1
F,F,A,DELIVER IN PERSON,0,Manufacturer#1,3,AUTOMOBILE,6,0.05,0.03,0,Brand#14,7,LG CAN,28,1,0
F,F,R,COLLECT COD,1,Manufacturer#1,4,MACHINERY,3,0.06,0.04,24,Brand#12,4,MED BAG,19,0,1
F,F,A,DELIVER IN PERSON,1,Manufacturer#2,3,HOUSEHOLD,3,0.02,0.05,2,Brand#24,7,MED BAG,44,1,0
F,F,A,COLLECT COD,0,Manufacturer#4,3,AUTOMOBILE,1,0,0.03,15,Brand#44,23,JUMBO BOX,46,1,1
F,F,R,NONE,0,Manufacturer#1,0,MACHINERY,6,0,0.08,16,Brand#11,15,SM BOX,37,0,1
F,F,A,TAKE BACK RETURN,4,Manufacturer#3,1,MACHINERY,2,0.05,0,11,Brand#35,3,MED BAG,48,1,1
F,F,R,TAKE BACK RETURN,2,Manufacturer#2,1,FURNITURE,1,0.02,0.08,9,Brand#23,24,WRAP PKG,10,1,0
F,F,A,NONE,3,Manufacturer#3,3,BUILDING,7,0.01,0,7,Brand#34,23,MED PACK,18,0,0
F,F,R,COLLECT COD,4,Manufacturer#1,4,BUILDING,4,0.02,0.03,20,Brand#12,11,JUMBO CAN,17,1,1
