l_linestatus,o_orderstatus,l_shipinstruct,sn_regionkey,p_mfgr,o_orderpriority,cn_regionkey,c_mktsegment,l_shipmode,l_linenumber,l_tax,s_nationkey,p_brand,c_nationkey,p_container,p_size,groupcol,aggcol
F,F,NONE,2,Manufacturer#3,2-HIGH,4,MACHINERY,REG AIR,2,0.04,8,Brand#31,11,JUMBO BOX,24,1745,17476.0768
F,F,DELIVER IN PERSON,3,Manufacturer#1,2-HIGH,4,MACHINERY,AIR,5,0,6,Brand#15,11,MED PACK,40,1745,36029.1395
F,F,NONE,3,Manufacturer#5,5-LOW,2,MACHINERY,FOB,2,0.06,7,Brand#53,18,JUMBO PKG,4,2161,8998.244
F,F,COLLECT COD,2,Manufacturer#4,5-LOW,2,MACHINERY,AIR,6,0.04,8,Brand#42,18,LG DRUM,48,2161,27754.45
F,F,NONE,0,Manufacturer#2,5-LOW,2,MACHINERY,MAIL,5,0.08,0,Brand#22,18,JUMBO JAR,19,2161,54955.22
F,F,NONE,4,Manufacturer#5,5-LOW,2,MACHINERY,REG AIR,1,0.02,11,Brand#54,21,MED BAG,6,2162,55203.0084
F,F,COLLECT COD,4,Manufacturer#1,2-HIGH,4,BUILDING,MAIL,4,0.04,4,Brand#14,13,MED BOX,2,2163,35083.53
F,F,DELIVER IN PERSON,1,Manufacturer#1,2-HIGH,4,BUILDING,FOB,1,0.02,17,Brand#13,13,SM BAG,29,2163,60580.08
F,F,TAKE BACK RETURN,2,Manufacturer#1,2-HIGH,4,BUILDING,FOB,5,0.04,18,Brand#15,13,WRAP BOX,30,2163,41513.68
F,F,DELIVER IN PERSON,0,Manufacturer#3,1-URGENT,0,HOUSEHOLD,MAIL,4,0.03,14,Brand#32,14,LG BAG,45,2164,44445.072
F,F,NONE,4,Manufacturer#4,1-URGENT,0,HOUSEHOLD,REG AIR,2,0.08,11,Brand#41,14,LG PACK,10,2164,25924.1346
F,F,DELIVER IN PERSON,4,Manufacturer#5,2-HIGH,2,FURNITURE,RAIL,1,0.07,4,Brand#52,12,SM DRUM,45,1029,64331.3454
F,F,NONE,2,Manufacturer#1,3-MEDIUM,2,HOUSEHOLD,AIR,4,0.01,18,Brand#11,21,LG PKG,39,2165,45208.2015
F,F,DELIVER IN PERSON,4,Manufacturer#5,3-MEDIUM,2,MACHINERY,AIR,2,0.08,10,Brand#52,18,SM PKG,9,2166,36084.876
F,F,DELIVER IN PERSON,2,Manufacturer#1,3-MEDIUM,2,MACHINERY,RAIL,4,0.07,21,Brand#11,18,LG BAG,25,2166,49202.8618
F,F,COLLECT COD,1,Manufacturer#2,2-HIGH,4,AUTOMOBILE,SHIP,2,0.02,3,Brand#21,20,SM CAN,22,2167,27436.6092
F,F,DELIVER IN PERSON,2,Manufacturer#3,2-HIGH,4,AUTOMOBILE,MAIL,1,0.08,21,Brand#35,20,LG BAG,36,2167,40543.3665
F,F,DELIVER IN PERSON,1,Manufacturer#2,2-HIGH,4,AUTOMOBILE,SHIP,4,0.01,24,Brand#23,20,WRAP DRUM,3,2167,51567.152
F,F,DELIVER IN PERSON,4,Manufacturer#3,3-MEDIUM,1,HOUSEHOLD,SHIP,7,0.06,4,Brand#31,2,JUMBO JAR,18,2168,62360.496
F,F,DELIVER IN PERSON,2,Manufacturer#5,3-MEDIUM,1,HOUSEHOLD,REG AIR,2,0.05,21,Brand#54,2,WRAP BOX,31,2168,38101.248
F,F,TAKE BACK RETURN,1,Manufacturer#5,3-MEDIUM,1,HOUSEHOLD,FOB,3,0.03,1,Brand#52,2,SM BAG,34,2168,45750.458
F,F,DELIVER IN PERSON,2,Manufacturer#1,3-MEDIUM,1,HOUSEHOLD,RAIL,1,0.02,9,Brand#11,2,MED CASE,36,2168,29019.5784
F,F,NONE,2,Manufacturer#4,3-MEDIUM,1,HOUSEHOLD,MAIL,5,0.04,9,Brand#41,2,WRAP PKG,18,2168,40035.87
F,F,DELIVER IN PERSON,4,Manufacturer#4,3-MEDIUM,0,MACHINERY,FOB,1,0.08,20,Brand#43,0,JUMBO PACK,35,1455,3711.2976
F,F,TAKE BACK RETURN,4,Manufacturer#5,3-MEDIUM,0,MACHINERY,RAIL,2,0.02,20,Brand#54,0,SM BAG,12,1455,8355.2192
F,F,TAKE BACK RETURN,1,Manufacturer#2,1-URGENT,3,BUILDING,RAIL,1,0,17,Brand#22,22,SM PACK,34,2169,63511.8044
F,F,COLLECT COD,2,Manufacturer#4,3-MEDIUM,3,AUTOMOBILE,FOB,2,0.01,12,Brand#45,23,SM PACK,7,2170,19587.0312
F,F,NONE,0,Manufacturer#2,4-NOT SPECIFIED,3,HOUSEHOLD,SHIP,2,0.06,14,Brand#24,19,MED DRUM,14,2171,10408.5171
F,F,TAKE BACK RETURN,1,Manufacturer#4,4-NOT SPECIFIED,3,HOUSEHOLD,RAIL,3,0.06,17,Brand#42,19,WRAP CAN,16,2171,46787.104
F,F,COLLECT COD,2,Manufacturer#2,3-MEDIUM,2,AUTOMOBILE,MAIL,2,0.04,21,Brand#21,21,WRAP CAN,32,678,47911.0464
F,F,DELIVER IN PERSON,3,Manufacturer#2,3-MEDIUM,2,AUTOMOBILE,AIR,1,0,19,Brand#25,21,WRAP PACK,47,678,1318.0959
F,F,COLLECT COD,3,Manufacturer#1,5-LOW,0,MACHINERY,FOB,1,0.04,23,Brand#11,0,LG DRUM,1,2172,17785.026
F,F,NONE,4,Manufacturer#2,3-MEDIUM,4,MACHINERY,SHIP,6,0,10,Brand#25,4,JUMBO CAN,34,2173,47020.3552
F,F,TAKE BACK RETURN,1,Manufacturer#2,3-MEDIUM,4,MACHINERY,RAIL,1,0.06,17,Brand#24,4,WRAP JAR,9,2173,70363.265
F,F,COLLECT COD,3,Manufacturer#2,3-MEDIUM,4,MACHINERY,TRUCK,5,0.03,22,Brand#21,4,MED PKG,11,2173,38672.0896
F,F,DELIVER IN PERSON,4,Manufacturer#1,3-MEDIUM,4,MACHINERY,RAIL,2,0.01,10,Brand#12,4,MED BOX,1,2173,24620.1813
F,F,TAKE BACK RETURN,0,Manufacturer#3,4-NOT SPECIFIED,0,MACHINERY,AIR,2,0.08,15,Brand#34,15,SM BAG,41,432,45839.7758
F,F,NONE,2,Manufacturer#3,5-LOW,0,HOUSEHOLD,AIR,1,0.05,8,Brand#32,0,WRAP PACK,38,2174,32161.0182
F,F,DELIVER IN PERSON,3,Manufacturer#3,5-LOW,0,HOUSEHOLD,RAIL,5,0.03,7,Brand#32,0,LG BAG,41,2174,42175.5
F,F,NONE,3,Manufacturer#2,5-LOW,1,AUTOMOBILE,SHIP,1,0.01,7,Brand#25,17,LG PKG,41,2175,22885.8048
F,F,COLLECT COD,0,Manufacturer#1,2-HIGH,4,BUILDING,AIR,1,0.01,5,Brand#11,11,JUMBO CAN,26,612,37555.56
F,F,COLLECT COD,0,Manufacturer#2,1-URGENT,4,BUILDING,TRUCK,4,0.06,5,Brand#24,20,JUMBO PKG,24,2176,28253.016
F,F,TAKE BACK RETURN,1,Manufacturer#2,1-URGENT,4,BUILDING,MAIL,6,0.07,3,Brand#22,20,LG CASE,35,2176,56478.3866
F,F,DELIVER IN PERSON,4,Manufacturer#2,4-NOT SPECIFIED,3,FURNITURE,SHIP,6,0.01,10,Brand#24,6,MED DRUM,37,1931,55559.952
F,F,COLLECT COD,3,Manufacturer#4,4-NOT SPECIFIED,3,FURNITURE,RAIL,3,0.02,7,Brand#44,6,LG BAG,34,1931,8563.1796
F,F,TAKE BACK RETURN,1,Manufacturer#5,4-NOT SPECIFIED,3,HOUSEHOLD,AIR,3,0.06,24,Brand#54,7,MED CASE,7,2177,38838.8
F,F,DELIVER IN PERSON,1,Manufacturer#2,4-NOT SPECIFIED,3,HOUSEHOLD,RAIL,5,0,1,Brand#25,7,LG CAN,48,2177,3300.1332
F,F,TAKE BACK RETURN,0,Manufacturer#3,4-NOT SPECIFIED,3,HOUSEHOLD,TRUCK,4,0.08,14,Brand#35,7,WRAP DRUM,1,2177,59645.5425
F,F,DELIVER IN PERSON,0,Manufacturer#1,4-NOT SPECIFIED,3,HOUSEHOLD,TRUCK,2,0.02,15,Brand#13,7,MED CASE,31,2177,46613.7888
F,F,TAKE BACK RETURN,1,Manufacturer#3,4-NOT SPECIFIED,3,HOUSEHOLD,SHIP,1,0.08,17,Brand#32,7,SM BAG,37,2177,13396.9136
F,F,NONE,2,Manufacturer#1,5-LOW,0,BUILDING,SHIP,4,0.04,8,Brand#13,0,WRAP BAG,19,1827,67945.68
F,F,TAKE BACK RETURN,3,Manufacturer#2,5-LOW,0,BUILDING,SHIP,6,0.03,23,Brand#25,0,WRAP BAG,37,1827,56213.1306
F,F,DELIVER IN PERSON,2,Manufacturer#1,5-LOW,0,BUILDING,SHIP,5,0.04,8,Brand#11,0,MED CAN,10,1827,55915.4582
F,F,NONE,2,Manufacturer#3,5-LOW,0,BUILDING,RAIL,3,0.05,9,Brand#31,0,JUMBO CAN,49,1827,36051.2425
F,F,COLLECT COD,0,Manufacturer#3,5-LOW,0,BUILDING,REG AIR,2,0,5,Brand#33,0,LG CAN,3,1827,60227.1468
F,F,TAKE BACK RETURN,3,Manufacturer#5,4-NOT SPECIFIED,4,HOUSEHOLD,FOB,3,0.05,19,Brand#55,11,LG CASE,16,2178,20985.0873
F,F,TAKE BACK RETURN,4,Manufacturer#4,4-NOT SPECIFIED,4,HOUSEHOLD,REG AIR,1,0.04,11,Brand#43,11,JUMBO PKG,44,2178,63869.472
F,F,NONE,3,Manufacturer#4,3-MEDIUM,4,MACHINERY,SHIP,3,0.04,22,Brand#41,20,JUMBO JAR,47,393,28911.552
F,F,NONE,1,Manufacturer#5,3-MEDIUM,4,MACHINERY,FOB,5,0.05,3,Brand#52,20,SM CASE,45,393,75531.1872
F,F,NONE,0,Manufacturer#3,3-MEDIUM,4,MACHINERY,MAIL,4,0,15,Brand#34,20,SM BAG,40,393,23609.5008
F,F,DELIVER IN PERSON,1,Manufacturer#5,5-LOW,3,MACHINERY,FOB,2,0.02,24,Brand#54,23,MED CASE,7,1691,24542.7
F,F,COLLECT COD,0,Manufacturer#4,2-HIGH,2,FURNITURE,REG AIR,4,0.08,15,Brand#42,8,WRAP CAN,27,2179,1370.0876
F,F,COLLECT COD,1,Manufacturer#1,2-HIGH,2,FURNITURE,REG AIR,1,0.03,2,Brand#14,8,LG PKG,26,2179,8031.2232
F,F,DELIVER IN PERSON,2,Manufacturer#3,1-URGENT,4,AUTOMOBILE,FOB,1,0.01,8,Brand#31,4,LG CASE,31,936,19342.6536
F,F,DELIVER IN PERSON,4,Manufacturer#1,1-URGENT,4,AUTOMOBILE,TRUCK,3,0.06,10,Brand#14,4,MED CAN,36,936,39224.0758
F,F,NONE,1,Manufacturer#4,3-MEDIUM,0,HOUSEHOLD,MAIL,1,0,3,Brand#43,14,MED JAR,49,2180,6082.482
F,F,COLLECT COD,0,Manufacturer#2,4-NOT SPECIFIED,1,AUTOMOBILE,REG AIR,3,0.05,5,Brand#25,17,JUMBO BAG,47,2181,1241.4848
F,F,COLLECT COD,4,Manufacturer#2,4-NOT SPECIFIED,1,AUTOMOBILE,SHIP,5,0.04,11,Brand#21,17,LG PKG,14,2181,35154.0014
F,F,DELIVER IN PERSON,1,Manufacturer#5,2-HIGH,3,AUTOMOBILE,MAIL,2,0.01,17,Brand#52,22,WRAP BOX,15,2182,5480.013
F,F,DELIVER IN PERSON,2,Manufacturer#4,2-HIGH,3,AUTOMOBILE,MAIL,1,0.05,18,Brand#44,22,SM CAN,47,2182,21452.0314
F,F,DELIVER IN PERSON,1,Manufacturer#2,4-NOT SPECIFIED,1,AUTOMOBILE,FOB,6,0.02,2,Brand#21,24,MED DRUM,10,2183,44262.5316
F,F,DELIVER IN PERSON,1,Manufacturer#5,4-NOT SPECIFIED,1,AUTOMOBILE,TRUCK,2,0.02,1,Brand#52,24,WRAP CAN,30,2183,53254.572
F,F,NONE,3,Manufacturer#5,4-NOT SPECIFIED,1,AUTOMOBILE,TRUCK,4,0.08,6,Brand#55,24,JUMBO PACK,16,2183,26786.352
F,F,NONE,0,Manufacturer#1,4-NOT SPECIFIED,1,AUTOMOBILE,RAIL,1,0.06,5,Brand#15,24,MED PACK,8,2183,52910.8992
F,F,DELIVER IN PERSON,0,Manufacturer#3,4-NOT SPECIFIED,1,AUTOMOBILE,TRUCK,5,0,14,Brand#34,24,JUMBO PACK,46,2183,35090.4444
F,F,DELIVER IN PERSON,4,Manufacturer#5,3-MEDIUM,0,AUTOMOBILE,AIR,3,0.08,13,Brand#52,16,MED BAG,31,1543,47611.5456
F,F,TAKE BACK RETURN,3,Manufacturer#3,3-MEDIUM,0,AUTOMOBILE,MAIL,5,0.06,6,Brand#33,16,MED PACK,9,1543,77926.4512
F,F,DELIVER IN PERSON,3,Manufacturer#4,5-LOW,4,MACHINERY,SHIP,6,0.08,22,Brand#43,11,MED JAR,16,2184,29888.9784
F,F,COLLECT COD,1,Manufacturer#4,5-LOW,4,MACHINERY,FOB,5,0.04,17,Brand#41,11,LG PKG,42,2184,40576.104
F,F,NONE,2,Manufacturer#5,5-LOW,4,MACHINERY,MAIL,3,0.05,8,Brand#53,11,SM CASE,36,2184,29303.2592
F,F,COLLECT COD,3,Manufacturer#1,2-HIGH,3,BUILDING,TRUCK,2,0.07,7,Brand#15,19,MED PACK,22,2185,55286.4384
F,F,TAKE BACK RETURN,4,Manufacturer#4,5-LOW,3,FURNITURE,FOB,5,0.06,11,Brand#45,19,MED PACK,2,290,31993.32
F,F,COLLECT COD,4,Manufacturer#5,5-LOW,3,FURNITURE,SHIP,2,0.04,13,Brand#55,19,LG BAG,1,290,18162.5756
F,F,NONE,0,Manufacturer#3,1-URGENT,2,BUILDING,MAIL,5,0,15,Brand#34,18,JUMBO BOX,32,2186,36867.1877
F,F,TAKE BACK RETURN,1,Manufacturer#4,1-URGENT,2,BUILDING,SHIP,3,0.06,24,Brand#45,18,JUMBO CAN,6,2186,20732.7888
F,F,COLLECT COD,2,Manufacturer#5,1-URGENT,2,BUILDING,AIR,4,0.02,18,Brand#55,18,SM CAN,22,2186,41958.592
F,F,DELIVER IN PERSON,4,Manufacturer#5,1-URGENT,2,BUILDING,FOB,6,0.07,4,Brand#55,18,SM BAG,36,2186,62257.0212
F,F,TAKE BACK RETURN,1,Manufacturer#1,2-HIGH,2,BUILDING,RAIL,3,0.06,3,Brand#15,8,WRAP JAR,16,2187,23918.076
F,F,TAKE BACK RETURN,2,Manufacturer#4,4-NOT SPECIFIED,1,BUILDING,TRUCK,1,0.06,12,Brand#43,2,MED CASE,27,2188,43604.0172
F,F,DELIVER IN PERSON,2,Manufacturer#4,4-NOT SPECIFIED,1,BUILDING,REG AIR,7,0.02,21,Brand#45,2,SM PACK,30,2188,11261.4444
F,F,DELIVER IN PERSON,2,Manufacturer#4,4-NOT SPECIFIED,1,BUILDING,REG AIR,6,0.01,9,Brand#43,2,JUMBO CASE,35,2188,82198.8076
F,F,DELIVER IN PERSON,0,Manufacturer#1,3-MEDIUM,2,AUTOMOBILE,TRUCK,6,0.03,5,Brand#11,9,JUMBO CASE,45,2189,15799.8015
F,F,TAKE BACK RETURN,3,Manufacturer#1,3-MEDIUM,2,AUTOMOBILE,TRUCK,2,0.05,6,Brand#15,9,JUMBO PKG,31,2189,35945.613
F,F,TAKE BACK RETURN,1,Manufacturer#2,3-MEDIUM,2,AUTOMOBILE,REG AIR,4,0.06,1,Brand#21,9,MED CASE,40,2189,23748.48
F,F,TAKE BACK RETURN,2,Manufacturer#1,3-MEDIUM,2,AUTOMOBILE,RAIL,5,0.01,12,Brand#14,9,LG BAG,11,2189,82334.48
F,F,DELIVER IN PERSON,2,Manufacturer#5,2-HIGH,2,FURNITURE,SHIP,1,0.02,9,Brand#53,18,JUMBO CASE,12,2190,47772.5194
F,F,DELIVER IN PERSON,1,Manufacturer#3,5-LOW,1,BUILDING,MAIL,2,0.05,24,Brand#34,17,SM BAG,8,2191,43369.587
F,F,COLLECT COD,1,Manufacturer#5,3-MEDIUM,0,FURNITURE,RAIL,4,0,24,Brand#52,5,LG BOX,35,2192,47609.954
F,F,NONE,3,Manufacturer#5,3-MEDIUM,0,FURNITURE,MAIL,3,0.05,22,Brand#55,5,MED BAG,26,2192,17638.7211
F,F,COLLECT COD,0,Manufacturer#1,5-LOW,2,BUILDING,FOB,3,0,5,Brand#15,8,LG PACK,22,97,3550.3812
F,F,NONE,3,Manufacturer#4,5-LOW,2,BUILDING,MAIL,1,0,19,Brand#44,8,LG PACK,14,97,6245.136
F,F,DELIVER IN PERSON,4,Manufacturer#3,3-MEDIUM,4,MACHINERY,AIR,4,0.07,4,Brand#32,13,WRAP CASE,38,2193,72106.8075
F,F,TAKE BACK RETURN,1,Manufacturer#4,1-URGENT,2,FURNITURE,SHIP,1,0.07,17,Brand#41,12,LG DRUM,27,2194,16877.7312
F,F,COLLECT COD,1,Manufacturer#1,1-URGENT,2,FURNITURE,SHIP,3,0.05,24,Brand#13,12,SM CASE,27,2194,29440.8478
F,F,TAKE BACK RETURN,3,Manufacturer#4,5-LOW,0,AUTOMOBILE,FOB,2,0,22,Brand#41,14,WRAP BOX,29,2195,6174.441
F,F,DELIVER IN PERSON,4,Manufacturer#2,5-LOW,0,AUTOMOBILE,FOB,1,0.06,4,Brand#25,14,WRAP DRUM,19,2195,42052.122
F,F,NONE,2,Manufacturer#1,3-MEDIUM,2,BUILDING,MAIL,1,0.04,9,Brand#15,12,WRAP BOX,15,2196,47496.9133
F,F,TAKE BACK RETURN,1,Manufacturer#3,4-NOT SPECIFIED,4,AUTOMOBILE,FOB,6,0.05,1,Brand#34,11,WRAP CAN,49,2197,16820.078
F,F,COLLECT COD,0,Manufacturer#3,4-NOT SPECIFIED,4,AUTOMOBILE,SHIP,7,0.01,5,Brand#31,11,LG BAG,2,2197,17463.4944
F,F,DELIVER IN PERSON,1,Manufacturer#4,2-HIGH,0,AUTOMOBILE,RAIL,1,0.07,17,Brand#41,14,SM PKG,8,2198,20127.745
F,F,COLLECT COD,2,Manufacturer#3,1-URGENT,0,FURNITURE,AIR,5,0,9,Brand#34,16,MED DRUM,9,669,51664.718
F,F,NONE,0,Manufacturer#3,1-URGENT,0,FURNITURE,FOB,2,0.06,14,Brand#35,16,MED BAG,23,669,23407.8117
F,F,NONE,4,Manufacturer#5,1-URGENT,0,FURNITURE,RAIL,4,0.06,20,Brand#51,16,SM DRUM,20,669,47358.09
F,F,NONE,3,Manufacturer#5,3-MEDIUM,3,BUILDING,SHIP,4,0.05,19,Brand#51,22,WRAP BAG,40,2199,74257.9518
F,F,DELIVER IN PERSON,3,Manufacturer#1,3-MEDIUM,3,BUILDING,RAIL,1,0.05,22,Brand#15,22,WRAP PKG,29,2199,51686.1636
F,F,NONE,3,Manufacturer#3,3-MEDIUM,1,FURNITURE,TRUCK,5,0.02,22,Brand#31,2,WRAP CASE,8,2200,25566.951
F,F,NONE,2,Manufacturer#4,3-MEDIUM,1,FURNITURE,REG AIR,2,0.06,9,Brand#44,2,MED DRUM,28,2200,3343.2291
F,F,TAKE BACK RETURN,4,Manufacturer#4,4-NOT SPECIFIED,2,HOUSEHOLD,REG AIR,1,0,20,Brand#42,18,MED CASE,1,1935,48652.857
F,F,TAKE BACK RETURN,1,Manufacturer#5,3-MEDIUM,0,MACHINERY,RAIL,3,0.04,3,Brand#52,15,SM BOX,14,2201,46454.5354
F,F,COLLECT COD,1,Manufacturer#4,3-MEDIUM,0,MACHINERY,RAIL,1,0.07,17,Brand#43,15,SM CASE,20,2201,33428.125
F,F,DELIVER IN PERSON,3,Manufacturer#3,3-MEDIUM,0,MACHINERY,TRUCK,6,0.02,19,Brand#33,15,SM CASE,8,2201,77211
F,F,TAKE BACK RETURN,3,Manufacturer#4,3-MEDIUM,0,MACHINERY,REG AIR,5,0.08,19,Brand#44,15,WRAP BOX,40,2201,6606.864
F,F,TAKE BACK RETURN,2,Manufacturer#5,1-URGENT,3,HOUSEHOLD,RAIL,3,0.07,9,Brand#53,7,MED BAG,11,2202,31693.9665
F,F,TAKE BACK RETURN,3,Manufacturer#1,2-HIGH,2,AUTOMOBILE,FOB,1,0.07,7,Brand#13,18,LG CAN,47,610,28579.5792
F,F,TAKE BACK RETURN,0,Manufacturer#5,3-MEDIUM,0,MACHINERY,RAIL,3,0,0,Brand#54,0,SM PKG,7,2203,50801.6964
F,F,TAKE BACK RETURN,2,Manufacturer#4,3-MEDIUM,0,MACHINERY,TRUCK,5,0.02,12,Brand#41,0,JUMBO CASE,4,2203,68219.64
F,F,TAKE BACK RETURN,4,Manufacturer#1,5-LOW,3,MACHINERY,REG AIR,3,0.01,20,Brand#13,22,JUMBO CASE,6,2204,83797.2135
F,F,COLLECT COD,2,Manufacturer#5,5-LOW,3,MACHINERY,REG AIR,2,0.05,12,Brand#53,22,WRAP CAN,3,2204,63571.23
F,F,COLLECT COD,4,Manufacturer#4,5-LOW,3,MACHINERY,FOB,5,0.07,20,Brand#43,22,JUMBO PACK,35,2204,2499.7056
F,F,NONE,2,Manufacturer#5,5-LOW,3,MACHINERY,MAIL,4,0.08,8,Brand#52,22,MED CAN,32,2204,73906.0385
F,F,NONE,3,Manufacturer#4,1-URGENT,4,MACHINERY,REG AIR,1,0.05,19,Brand#44,11,MED JAR,28,1795,16548.4665
F,F,TAKE BACK RETURN,3,Manufacturer#4,1-URGENT,4,MACHINERY,TRUCK,4,0.03,22,Brand#43,11,JUMBO BOX,40,1795,31364.8335
F,F,COLLECT COD,1,Manufacturer#2,1-URGENT,4,MACHINERY,SHIP,6,0.05,24,Brand#24,11,LG BAG,18,1795,24737.202
F,F,COLLECT COD,2,Manufacturer#5,3-MEDIUM,2,HOUSEHOLD,FOB,1,0.05,8,Brand#55,18,SM CASE,50,2205,7362.642
F,F,COLLECT COD,4,Manufacturer#4,1-URGENT,0,FURNITURE,AIR,1,0.05,20,Brand#45,15,WRAP JAR,7,2206,4434.0176
F,F,TAKE BACK RETURN,1,Manufacturer#4,1-URGENT,0,FURNITURE,RAIL,4,0.08,2,Brand#45,15,SM DRUM,15,2206,12103.8831
F,F,COLLECT COD,3,Manufacturer#2,1-URGENT,0,FURNITURE,AIR,2,0.01,22,Brand#21,15,MED BOX,5,2206,11980.2768
F,F,TAKE BACK RETURN,2,Manufacturer#4,1-URGENT,0,FURNITURE,FOB,3,0.01,9,Brand#45,15,SM CASE,12,2206,13489.9776
F,F,TAKE BACK RETURN,1,Manufacturer#5,2-HIGH,3,HOUSEHOLD,AIR,6,0.05,24,Brand#55,19,MED JAR,44,2207,35969.28
F,F,NONE,4,Manufacturer#2,2-HIGH,3,HOUSEHOLD,FOB,2,0.08,10,Brand#23,19,SM PACK,4,2207,23574.9
F,F,DELIVER IN PERSON,2,Manufacturer#3,2-HIGH,3,HOUSEHOLD,TRUCK,7,0.07,18,Brand#33,19,MED PKG,8,2207,14967.7066
F,F,TAKE BACK RETURN,1,Manufacturer#4,3-MEDIUM,2,HOUSEHOLD,SHIP,7,0.06,24,Brand#42,18,JUMBO CAN,37,2208,14354.3344
F,F,TAKE BACK RETURN,3,Manufacturer#1,3-MEDIUM,2,HOUSEHOLD,MAIL,4,0.08,19,Brand#11,18,SM BOX,9,2208,72346.4518
F,F,TAKE BACK RETURN,2,Manufacturer#2,3-MEDIUM,2,HOUSEHOLD,MAIL,2,0.04,18,Brand#23,18,WRAP PACK,42,2208,61462.6047
F,F,COLLECT COD,3,Manufacturer#2,3-MEDIUM,2,HOUSEHOLD,REG AIR,6,0.03,7,Brand#23,18,MED CASE,46,2208,30429.9
F,F,DELIVER IN PERSON,0,Manufacturer#1,3-MEDIUM,2,HOUSEHOLD,REG AIR,5,0.02,16,Brand#12,18,WRAP JAR,44,2208,44975.88
F,F,COLLECT COD,1,Manufacturer#3,1-URGENT,0,AUTOMOBILE,SHIP,5,0.06,17,Brand#35,0,LG PACK,27,2209,21454.17
F,F,DELIVER IN PERSON,0,Manufacturer#3,1-URGENT,0,AUTOMOBILE,AIR,4,0.03,5,Brand#34,0,JUMBO PACK,17,2209,24260.7864
F,F,TAKE BACK RETURN,1,Manufacturer#1,1-URGENT,0,AUTOMOBILE,MAIL,3,0.05,3,Brand#14,0,SM JAR,9,2209,24190.3872
F,F,DELIVER IN PERSON,0,Manufacturer#1,4-NOT SPECIFIED,0,BUILDING,MAIL,6,0.07,15,Brand#15,5,JUMBO BOX,28,1959,17354.8984
F,F,COLLECT COD,4,Manufacturer#5,4-NOT SPECIFIED,0,BUILDING,AIR,4,0.04,20,Brand#55,5,JUMBO CAN,5,1959,21896.6175
F,F,TAKE BACK RETURN,1,Manufacturer#4,4-NOT SPECIFIED,0,BUILDING,TRUCK,5,0.01,1,Brand#43,5,MED BOX,8,1959,12381.8898
F,F,COLLECT COD,2,Manufacturer#4,4-NOT SPECIFIED,0,BUILDING,AIR,3,0.02,21,Brand#45,5,JUMBO BAG,20,1959,28600.605
F,F,DELIVER IN PERSON,0,Manufacturer#1,4-NOT SPECIFIED,0,BUILDING,REG AIR,2,0,5,Brand#11,5,SM JAR,43,1959,31143.9
F,F,TAKE BACK RETURN,1,Manufacturer#3,1-URGENT,2,AUTOMOBILE,MAIL,2,0.06,2,Brand#31,8,LG BOX,24,2210,9039.3534
F,F,NONE,2,Manufacturer#4,2-HIGH,1,FURNITURE,AIR,1,0.05,12,Brand#45,2,LG BAG,15,492,33383.4256
F,F,NONE,1,Manufacturer#4,2-HIGH,1,FURNITURE,RAIL,2,0.05,2,Brand#42,2,JUMBO CASE,37,492,30015.1215
F,F,COLLECT COD,1,Manufacturer#3,2-HIGH,1,FURNITURE,RAIL,3,0,17,Brand#34,2,WRAP BOX,3,492,55415.5392
F,F,TAKE BACK RETURN,3,Manufacturer#2,1-URGENT,0,FURNITURE,RAIL,3,0.03,22,Brand#24,15,LG DRUM,18,1567,27415.9998
F,F,COLLECT COD,2,Manufacturer#4,1-URGENT,0,HOUSEHOLD,TRUCK,1,0.08,18,Brand#45,16,MED PKG,15,2152,56152.44
F,F,COLLECT COD,4,Manufacturer#4,1-URGENT,0,HOUSEHOLD,MAIL,7,0.06,13,Brand#41,16,JUMBO CASE,39,2152,53934.5492
F,F,NONE,4,Manufacturer#2,1-URGENT,0,HOUSEHOLD,RAIL,6,0.03,4,Brand#23,16,MED JAR,38,2152,16217.619
F,F,NONE,3,Manufacturer#1,1-URGENT,0,HOUSEHOLD,TRUCK,5,0.04,19,Brand#13,16,JUMBO JAR,17,2152,40780.66
F,F,DELIVER IN PERSON,0,Manufacturer#1,1-URGENT,0,FURNITURE,MAIL,5,0.06,14,Brand#14,15,LG BOX,40,1567,24891.264
F,F,COLLECT COD,3,Manufacturer#2,1-URGENT,0,FURNITURE,REG AIR,1,0.06,7,Brand#25,15,MED CASE,2,1567,50928.7528
F,F,NONE,4,Manufacturer#4,1-URGENT,0,FURNITURE,AIR,6,0.08,20,Brand#42,15,WRAP PKG,17,1567,28719.888
F,F,NONE,2,Manufacturer#3,1-URGENT,0,FURNITURE,RAIL,4,0.05,21,Brand#32,15,WRAP PACK,1,1567,36745.3548
F,F,TAKE BACK RETURN,4,Manufacturer#5,1-URGENT,0,FURNITURE,MAIL,2,0.05,20,Brand#51,15,WRAP CASE,22,1567,35040.41
F,F,COLLECT COD,0,Manufacturer#4,5-LOW,0,AUTOMOBILE,RAIL,5,0.02,14,Brand#45,16,JUMBO PACK,26,571,40504.7328
F,F,DELIVER IN PERSON,1,Manufacturer#3,3-MEDIUM,0,FURNITURE,AIR,2,0.03,2,Brand#33,15,JUMBO JAR,2,1465,1028.7532
F,F,DELIVER IN PERSON,2,Manufacturer#2,3-MEDIUM,0,FURNITURE,MAIL,5,0.06,8,Brand#22,15,MED PACK,36,1465,58344.3729
F,F,TAKE BACK RETURN,4,Manufacturer#5,3-MEDIUM,0,FURNITURE,REG AIR,1,0.08,4,Brand#52,15,LG BAG,32,1465,42756.3584
F,F,COLLECT COD,2,Manufacturer#5,1-URGENT,3,MACHINERY,REG AIR,2,0.07,9,Brand#52,6,SM BAG,44,2211,11978.5688
F,F,NONE,0,Manufacturer#1,1-URGENT,2,HOUSEHOLD,RAIL,2,0.04,14,Brand#14,8,LG BAG,50,2212,31429.26
F,F,TAKE BACK RETURN,2,Manufacturer#1,2-HIGH,3,HOUSEHOLD,RAIL,3,0,21,Brand#13,22,LG JAR,10,2213,40009.3925
F,F,TAKE BACK RETURN,0,Manufacturer#3,2-HIGH,3,HOUSEHOLD,RAIL,2,0,0,Brand#32,22,JUMBO DRUM,13,2213,38376.6048
F,F,TAKE BACK RETURN,2,Manufacturer#3,2-HIGH,3,HOUSEHOLD,FOB,6,0.03,12,Brand#32,22,SM PACK,27,2213,12889.062
F,F,TAKE BACK RETURN,4,Manufacturer#1,2-HIGH,3,HOUSEHOLD,SHIP,7,0.02,20,Brand#14,22,WRAP CASE,50,2213,1309.7014
F,F,DELIVER IN PERSON,4,Manufacturer#1,2-HIGH,3,HOUSEHOLD,FOB,1,0.08,4,Brand#14,22,LG CAN,35,2213,33280.3284
F,F,DELIVER IN PERSON,4,Manufacturer#4,5-LOW,3,BUILDING,SHIP,3,0.01,11,Brand#44,23,JUMBO BOX,10,703,63659.936
F,F,DELIVER IN PERSON,0,Manufacturer#5,5-LOW,3,BUILDING,RAIL,2,0.07,16,Brand#53,23,SM JAR,6,703,54336.2688
F,F,NONE,4,Manufacturer#3,5-LOW,3,BUILDING,RAIL,4,0.02,20,Brand#32,23,JUMBO DRUM,48,703,63519.1736
F,F,TAKE BACK RETURN,0,Manufacturer#2,5-LOW,3,BUILDING,TRUCK,5,0.07,5,Brand#22,23,WRAP CAN,38,703,3921.024
F,F,TAKE BACK RETURN,2,Manufacturer#2,5-LOW,3,BUILDING,FOB,1,0.04,8,Brand#24,23,LG PACK,50,703,2847.12
F,F,TAKE BACK RETURN,1,Manufacturer#5,5-LOW,0,AUTOMOBILE,SHIP,1,0,2,Brand#53,16,JUMBO CASE,16,571,23063.3214
F,F,NONE,2,Manufacturer#3,5-LOW,0,AUTOMOBILE,FOB,2,0.06,21,Brand#34,16,MED PKG,13,571,82370.6532
F,F,NONE,4,Manufacturer#2,5-LOW,2,HOUSEHOLD,TRUCK,6,0.06,4,Brand#21,12,LG DRUM,38,998,28524.922
F,F,TAKE BACK RETURN,4,Manufacturer#2,5-LOW,2,HOUSEHOLD,AIR,1,0,11,Brand#21,12,LG PKG,24,998,27076.224
F,F,NONE,3,Manufacturer#1,4-NOT SPECIFIED,0,FURNITURE,REG AIR,2,0.01,19,Brand#12,16,LG BOX,48,2214,71058.48
F,F,TAKE BACK RETURN,4,Manufacturer#3,5-LOW,2,HOUSEHOLD,REG AIR,2,0.05,20,Brand#35,12,WRAP DRUM,25,998,38019.7958
F,F,NONE,3,Manufacturer#2,5-LOW,2,HOUSEHOLD,MAIL,5,0.04,6,Brand#23,12,JUMBO CAN,40,998,12827.2288
F,F,NONE,1,Manufacturer#2,3-MEDIUM,3,AUTOMOBILE,FOB,2,0,24,Brand#25,19,LG PACK,45,2215,11223.9096
F,F,DELIVER IN PERSON,2,Manufacturer#2,3-MEDIUM,0,FURNITURE,AIR,2,0.07,8,Brand#21,14,LG DRUM,21,2216,51054.4
F,F,TAKE BACK RETURN,1,Manufacturer#5,3-MEDIUM,4,MACHINERY,SHIP,2,0.08,3,Brand#52,4,MED BOX,49,1849,14398.032
F,F,NONE,3,Manufacturer#1,4-NOT SPECIFIED,0,FURNITURE,REG AIR,2,0.03,6,Brand#14,5,WRAP CASE,36,403,19027.1328
F,F,TAKE BACK RETURN,3,Manufacturer#3,4-NOT SPECIFIED,0,FURNITURE,RAIL,1,0.01,22,Brand#34,5,WRAP BAG,22,403,32663.5584
F,F,NONE,0,Manufacturer#5,5-LOW,2,HOUSEHOLD,AIR,1,0.04,15,Brand#53,21,MED DRUM,21,2217,7012.6056
F,F,TAKE BACK RETURN,1,Manufacturer#3,5-LOW,2,HOUSEHOLD,MAIL,2,0.06,2,Brand#33,21,SM DRUM,21,2217,31942.7416
F,F,TAKE BACK RETURN,4,Manufacturer#2,5-LOW,2,HOUSEHOLD,RAIL,5,0.07,10,Brand#21,21,LG DRUM,1,2217,51331.6224
F,F,DELIVER IN PERSON,4,Manufacturer#2,5-LOW,2,HOUSEHOLD,AIR,4,0.03,11,Brand#25,21,JUMBO DRUM,49,2217,12925.728
F,F,DELIVER IN PERSON,4,Manufacturer#5,2-HIGH,3,MACHINERY,TRUCK,1,0.07,11,Brand#54,23,LG CASE,3,2218,10355.2617
F,F,NONE,3,Manufacturer#3,3-MEDIUM,1,MACHINERY,MAIL,5,0,22,Brand#33,3,MED BOX,31,2219,49717.6904
F,F,DELIVER IN PERSON,0,Manufacturer#2,3-MEDIUM,1,MACHINERY,FOB,3,0.02,16,Brand#21,3,WRAP PACK,3,2219,14888.2464
F,F,DELIVER IN PERSON,2,Manufacturer#2,4-NOT SPECIFIED,2,AUTOMOBILE,FOB,2,0.03,9,Brand#22,21,JUMBO PKG,12,2220,45732.7296
F,F,DELIVER IN PERSON,3,Manufacturer#5,4-NOT SPECIFIED,2,AUTOMOBILE,AIR,4,0.08,23,Brand#51,21,WRAP DRUM,36,2220,8118.026
F,F,NONE,2,Manufacturer#5,4-NOT SPECIFIED,4,MACHINERY,SHIP,5,0,18,Brand#52,4,WRAP CAN,8,1724,7934.4
F,F,COLLECT COD,2,Manufacturer#1,4-NOT SPECIFIED,4,MACHINERY,MAIL,4,0.03,21,Brand#11,4,WRAP BAG,14,1724,79748.2752
F,F,TAKE BACK RETURN,4,Manufacturer#1,4-NOT SPECIFIED,4,MACHINERY,TRUCK,3,0.02,4,Brand#12,4,MED JAR,26,1724,1801.4888
F,F,COLLECT COD,1,Manufacturer#2,3-MEDIUM,3,AUTOMOBILE,SHIP,4,0.02,17,Brand#22,19,JUMBO BOX,33,2215,31785.264
F,F,NONE,3,Manufacturer#5,3-MEDIUM,3,AUTOMOBILE,FOB,3,0.07,19,Brand#55,19,SM BOX,44,2215,11314.5732
F,F,NONE,0,Manufacturer#3,3-MEDIUM,3,AUTOMOBILE,RAIL,6,0.05,14,Brand#32,19,JUMBO JAR,7,2215,38502.8211
F,F,COLLECT COD,3,Manufacturer#4,3-MEDIUM,3,AUTOMOBILE,SHIP,1,0.05,19,Brand#42,19,WRAP CASE,3,2215,8868.2112
F,F,TAKE BACK RETURN,4,Manufacturer#4,5-LOW,2,FURNITURE,REG AIR,7,0.06,13,Brand#41,9,WRAP BAG,37,2221,15966.94
F,F,TAKE BACK RETURN,0,Manufacturer#1,2-HIGH,1,BUILDING,AIR,1,0,14,Brand#14,1,MED BAG,3,665,59828.8944
F,F,NONE,2,Manufacturer#2,2-HIGH,1,BUILDING,REG AIR,7,0.07,12,Brand#21,1,WRAP CASE,25,665,44252.8996
F,F,TAKE BACK RETURN,2,Manufacturer#5,2-HIGH,1,BUILDING,REG AIR,4,0.05,12,Brand#52,1,JUMBO DRUM,36,665,16011.1886
F,F,DELIVER IN PERSON,1,Manufacturer#1,4-NOT SPECIFIED,4,FURNITURE,REG AIR,3,0,2,Brand#12,10,SM BOX,15,2222,69046.0848
F,F,TAKE BACK RETURN,2,Manufacturer#2,4-NOT SPECIFIED,4,FURNITURE,MAIL,1,0.05,21,Brand#22,10,LG JAR,12,2222,16352.55
F,F,DELIVER IN PERSON,2,Manufacturer#1,2-HIGH,2,HOUSEHOLD,FOB,5,0.04,21,Brand#12,8,MED CAN,2,2223,56691.8352
F,F,TAKE BACK RETURN,3,Manufacturer#2,2-HIGH,2,HOUSEHOLD,MAIL,7,0.05,7,Brand#25,8,WRAP CAN,19,2223,63900.4572
F,F,NONE,2,Manufacturer#5,1-URGENT,1,FURNITURE,REG AIR,3,0.08,12,Brand#55,3,WRAP CASE,9,2224,6678.8176
F,F,DELIVER IN PERSON,4,Manufacturer#5,1-URGENT,1,FURNITURE,AIR,5,0.01,10,Brand#52,3,JUMBO BAG,32,2224,18984.42
F,F,NONE,0,Manufacturer#1,5-LOW,2,FURNITURE,RAIL,5,0.03,16,Brand#11,21,JUMBO PKG,47,2225,61668.198
F,F,COLLECT COD,2,Manufacturer#5,5-LOW,2,FURNITURE,RAIL,2,0.08,12,Brand#53,21,WRAP BOX,21,2225,3243.4
F,F,TAKE BACK RETURN,4,Manufacturer#5,5-LOW,2,FURNITURE,RAIL,4,0.06,4,Brand#54,21,JUMBO CASE,2,2225,4446.1812
F,F,DELIVER IN PERSON,4,Manufacturer#1,5-LOW,2,FURNITURE,TRUCK,4,0.06,13,Brand#14,9,SM CAN,29,2221,53643.6054
F,F,COLLECT COD,0,Manufacturer#3,5-LOW,2,FURNITURE,SHIP,2,0.01,15,Brand#32,9,JUMBO DRUM,40,2221,72891.4368
F,F,TAKE BACK RETURN,3,Manufacturer#4,3-MEDIUM,1,MACHINERY,FOB,1,0.08,7,Brand#42,2,SM JAR,49,217,1058.5575
F,F,TAKE BACK RETURN,0,Manufacturer#4,2-HIGH,2,AUTOMOBILE,AIR,3,0.05,16,Brand#45,8,MED CASE,49,2226,13940.2816
F,F,DELIVER IN PERSON,0,Manufacturer#3,2-HIGH,2,AUTOMOBILE,RAIL,6,0.08,14,Brand#33,8,LG JAR,43,2226,54001.9389
F,F,TAKE BACK RETURN,4,Manufacturer#3,2-HIGH,2,AUTOMOBILE,AIR,4,0.07,20,Brand#32,8,JUMBO JAR,26,2226,15316.83
F,F,TAKE BACK RETURN,1,Manufacturer#1,3-MEDIUM,1,MACHINERY,SHIP,2,0.02,2,Brand#14,2,MED BOX,13,217,23390.64
F,F,COLLECT COD,2,Manufacturer#4,4-NOT SPECIFIED,0,MACHINERY,SHIP,4,0.04,9,Brand#44,14,LG CAN,36,1504,36426.4488
F,F,NONE,4,Manufacturer#4,4-NOT SPECIFIED,0,MACHINERY,MAIL,1,0,11,Brand#41,14,LG CASE,5,1504,38025.897
F,F,NONE,0,Manufacturer#1,4-NOT SPECIFIED,0,MACHINERY,FOB,2,0.02,15,Brand#14,14,SM PACK,10,1504,57009.449
F,F,NONE,3,Manufacturer#5,4-NOT SPECIFIED,0,MACHINERY,MAIL,5,0.05,7,Brand#54,14,MED PACK,16,1504,67787.7255
F,F,NONE,4,Manufacturer#4,5-LOW,1,AUTOMOBILE,REG AIR,2,0.02,10,Brand#42,3,WRAP CASE,26,2227,21798.7692
F,F,DELIVER IN PERSON,4,Manufacturer#2,5-LOW,1,AUTOMOBILE,FOB,7,0.02,11,Brand#22,3,MED DRUM,25,2227,1021.2202
F,F,DELIVER IN PERSON,3,Manufacturer#1,5-LOW,1,AUTOMOBILE,RAIL,3,0,22,Brand#13,3,MED PKG,44,2227,14298.7936
F,F,COLLECT COD,3,Manufacturer#5,5-LOW,1,AUTOMOBILE,RAIL,4,0.03,6,Brand#53,3,MED DRUM,24,2227,39071.697
F,F,COLLECT COD,0,Manufacturer#5,1-URGENT,0,HOUSEHOLD,FOB,5,0.07,0,Brand#55,0,MED PKG,48,2228,37329.633
F,F,DELIVER IN PERSON,3,Manufacturer#1,1-URGENT,0,HOUSEHOLD,REG AIR,3,0.02,7,Brand#13,0,WRAP PKG,21,2228,14507.925
F,F,DELIVER IN PERSON,4,Manufacturer#5,1-URGENT,0,HOUSEHOLD,SHIP,1,0.03,20,Brand#54,0,SM PACK,15,2228,35964.7652
F,F,COLLECT COD,3,Manufacturer#5,2-HIGH,1,BUILDING,TRUCK,4,0.07,23,Brand#54,2,JUMBO BAG,15,2229,5569.052
F,F,NONE,3,Manufacturer#3,2-HIGH,1,BUILDING,FOB,3,0.02,7,Brand#33,2,LG BOX,11,2229,42278.5055
F,F,COLLECT COD,3,Manufacturer#4,2-HIGH,1,BUILDING,SHIP,1,0.06,7,Brand#41,2,WRAP CASE,17,2229,77998.382
F,F,NONE,0,Manufacturer#1,2-HIGH,1,BUILDING,SHIP,6,0.04,15,Brand#11,2,WRAP PACK,8,2229,37162.5408
F,F,TAKE BACK RETURN,0,Manufacturer#3,2-HIGH,1,BUILDING,FOB,5,0.08,0,Brand#33,2,SM JAR,20,2229,60491.564
F,F,DELIVER IN PERSON,2,Manufacturer#2,2-HIGH,1,BUILDING,SHIP,2,0.07,12,Brand#25,2,JUMBO CAN,34,2229,18020.1636
F,F,DELIVER IN PERSON,4,Manufacturer#3,1-URGENT,2,HOUSEHOLD,MAIL,4,0.01,4,Brand#32,18,WRAP DRUM,4,2230,20254.284
F,F,NONE,0,Manufacturer#2,1-URGENT,2,HOUSEHOLD,RAIL,2,0.06,0,Brand#24,18,SM PKG,8,2230,13551.87
F,F,DELIVER IN PERSON,2,Manufacturer#2,1-URGENT,3,HOUSEHOLD,AIR,2,0,12,Brand#22,6,SM CAN,9,2231,34986.588
F,F,COLLECT COD,3,Manufacturer#4,2-HIGH,3,FURNITURE,FOB,2,0.05,6,Brand#45,7,MED CASE,40,2232,25557.5628
F,F,NONE,2,Manufacturer#5,2-HIGH,3,FURNITURE,MAIL,1,0.04,8,Brand#53,7,SM JAR,10,2232,24173.5039
F,F,NONE,4,Manufacturer#3,5-LOW,0,AUTOMOBILE,AIR,3,0.07,10,Brand#34,15,WRAP PACK,42,275,47326.5848
F,F,NONE,1,Manufacturer#2,5-LOW,2,FURNITURE,TRUCK,4,0.01,24,Brand#21,8,LG CAN,11,1474,41809.032
F,F,DELIVER IN PERSON,2,Manufacturer#1,5-LOW,2,FURNITURE,REG AIR,1,0.03,8,Brand#15,8,LG CASE,28,1474,7128.298
F,F,DELIVER IN PERSON,0,Manufacturer#2,5-LOW,2,FURNITURE,RAIL,5,0.06,15,Brand#23,8,WRAP PACK,11,1474,37692.732
F,F,NONE,2,Manufacturer#3,5-LOW,2,FURNITURE,RAIL,6,0.08,12,Brand#35,8,SM CAN,41,1474,71932.484
F,F,NONE,1,Manufacturer#2,1-URGENT,4,BUILDING,REG AIR,1,0.01,1,Brand#25,20,LG PKG,19,1685,28641.9168
F,F,TAKE BACK RETURN,4,Manufacturer#5,1-URGENT,4,BUILDING,FOB,2,0.02,10,Brand#51,20,SM DRUM,16,1685,30581.04
F,F,COLLECT COD,4,Manufacturer#1,5-LOW,0,AUTOMOBILE,FOB,2,0.01,13,Brand#15,15,SM CASE,28,275,33468.0402
F,F,TAKE BACK RETURN,3,Manufacturer#5,1-URGENT,4,BUILDING,MAIL,2,0,19,Brand#54,13,SM PKG,35,2233,8273.7
F,F,DELIVER IN PERSON,3,Manufacturer#5,4-NOT SPECIFIED,2,FURNITURE,AIR,5,0.04,7,Brand#55,21,WRAP BOX,23,334,53538.44
F,F,TAKE BACK RETURN,2,Manufacturer#2,4-NOT SPECIFIED,2,FURNITURE,AIR,4,0.02,21,Brand#24,21,MED DRUM,50,334,3904.5492
F,F,DELIVER IN PERSON,1,Manufacturer#3,4-NOT SPECIFIED,2,FURNITURE,MAIL,2,0.07,1,Brand#33,21,SM JAR,28,334,15294.373
F,F,TAKE BACK RETURN,4,Manufacturer#3,5-LOW,3,FURNITURE,AIR,5,0.02,4,Brand#32,23,JUMBO BAG,3,2234,58912.245
F,F,DELIVER IN PERSON,4,Manufacturer#1,5-LOW,2,FURNITURE,MAIL,1,0.04,4,Brand#12,21,JUMBO PKG,39,2235,42341.5476
F,F,NONE,2,Manufacturer#2,2-HIGH,1,BUILDING,RAIL,3,0.03,8,Brand#25,24,MED CAN,32,2236,40578.72
F,F,COLLECT COD,0,Manufacturer#4,2-HIGH,1,BUILDING,SHIP,1,0.02,0,Brand#43,24,JUMBO CAN,26,2236,49602.48
F,F,DELIVER IN PERSON,3,Manufacturer#3,2-HIGH,1,BUILDING,TRUCK,2,0.02,23,Brand#33,24,LG JAR,21,2236,17134.9245
F,F,NONE,4,Manufacturer#2,5-LOW,1,MACHINERY,FOB,6,0.02,4,Brand#21,1,LG CASE,18,2237,42776.325
F,F,DELIVER IN PERSON,2,Manufacturer#5,3-MEDIUM,0,MACHINERY,TRUCK,1,0.01,8,Brand#53,15,SM BAG,16,2238,81340.1127
F,F,DELIVER IN PERSON,3,Manufacturer#3,3-MEDIUM,0,MACHINERY,SHIP,3,0.05,22,Brand#33,15,WRAP JAR,19,2238,35347.2938
F,F,DELIVER IN PERSON,1,Manufacturer#2,5-LOW,1,BUILDING,TRUCK,2,0.05,2,Brand#24,1,SM JAR,29,2239,44477.2548
F,F,DELIVER IN PERSON,1,Manufacturer#2,5-LOW,1,BUILDING,FOB,4,0.01,17,Brand#22,1,LG BAG,29,2239,62198.9184
F,F,COLLECT COD,2,Manufacturer#3,5-LOW,1,BUILDING,REG AIR,1,0.04,12,Brand#32,1,LG PACK,14,2239,31097.0424
F,F,NONE,3,Manufacturer#5,1-URGENT,4,AUTOMOBILE,SHIP,3,0.01,22,Brand#53,20,JUMBO CAN,20,2240,46653.264
F,F,TAKE BACK RETURN,0,Manufacturer#4,1-URGENT,4,AUTOMOBILE,SHIP,4,0.08,5,Brand#44,20,MED PACK,20,2240,33626.637
F,F,NONE,4,Manufacturer#3,5-LOW,0,AUTOMOBILE,MAIL,1,0.03,11,Brand#33,14,JUMBO BOX,5,2241,24298.888
F,F,DELIVER IN PERSON,4,Manufacturer#3,5-LOW,0,AUTOMOBILE,SHIP,3,0.07,11,Brand#34,14,SM DRUM,30,2241,43607.54
F,F,NONE,1,Manufacturer#4,5-LOW,1,MACHINERY,FOB,2,0.01,3,Brand#45,1,MED DRUM,44,2237,74183.832
F,F,TAKE BACK RETURN,3,Manufacturer#2,5-LOW,1,MACHINERY,RAIL,7,0.02,6,Brand#25,1,WRAP BAG,23,2237,8769.3
F,F,NONE,0,Manufacturer#1,5-LOW,1,MACHINERY,RAIL,5,0.02,16,Brand#13,1,LG DRUM,34,2237,10230.85
F,F,TAKE BACK RETURN,1,Manufacturer#4,5-LOW,1,MACHINERY,AIR,4,0,2,Brand#41,1,SM CASE,5,2237,47693.121
F,F,NONE,1,Manufacturer#4,5-LOW,1,MACHINERY,AIR,3,0.01,2,Brand#41,1,JUMBO PKG,14,2237,20165.6405
F,F,DELIVER IN PERSON,1,Manufacturer#5,3-MEDIUM,4,MACHINERY,MAIL,3,0.07,2,Brand#51,10,SM BOX,50,2242,49396.9
F,F,COLLECT COD,2,Manufacturer#5,5-LOW,1,MACHINERY,MAIL,1,0.04,9,Brand#55,1,JUMBO PACK,41,2237,5762.61
F,F,NONE,4,Manufacturer#5,3-MEDIUM,4,MACHINERY,REG AIR,6,0,20,Brand#54,10,MED JAR,34,2242,55568.3436
F,F,NONE,2,Manufacturer#1,3-MEDIUM,4,MACHINERY,AIR,2,0.02,12,Brand#11,10,JUMBO BOX,18,2242,21299.112
F,F,DELIVER IN PERSON,2,Manufacturer#3,5-LOW,2,MACHINERY,REG AIR,1,0.07,12,Brand#31,9,WRAP PKG,37,2243,6861.6992
F,F,TAKE BACK RETURN,2,Manufacturer#5,1-URGENT,4,HOUSEHOLD,MAIL,1,0.06,21,Brand#53,20,MED JAR,46,1121,38889.576
F,F,TAKE BACK RETURN,0,Manufacturer#2,5-LOW,2,MACHINERY,SHIP,4,0.05,16,Brand#21,9,WRAP JAR,30,2243,14992.029
F,F,TAKE BACK RETURN,2,Manufacturer#3,5-LOW,2,MACHINERY,FOB,2,0.05,21,Brand#33,9,SM PKG,5,2243,13093.1424
F,F,TAKE BACK RETURN,2,Manufacturer#1,5-LOW,2,MACHINERY,TRUCK,5,0.06,12,Brand#14,9,LG JAR,15,2243,16259.068
F,F,COLLECT COD,0,Manufacturer#5,4-NOT SPECIFIED,0,MACHINERY,REG AIR,1,0.03,15,Brand#51,16,LG BOX,45,2244,42193.8582
F,F,TAKE BACK RETURN,4,Manufacturer#3,4-NOT SPECIFIED,0,HOUSEHOLD,SHIP,3,0.07,11,Brand#35,14,WRAP BAG,17,2245,39396.7392
F,F,COLLECT COD,2,Manufacturer#5,2-HIGH,1,BUILDING,TRUCK,5,0.08,12,Brand#53,17,LG BOX,39,2246,8155.863
F,F,DELIVER IN PERSON,3,Manufacturer#4,2-HIGH,1,BUILDING,REG AIR,6,0.07,23,Brand#42,17,JUMBO PACK,4,2246,58713.07
F,F,COLLECT COD,1,Manufacturer#1,2-HIGH,1,BUILDING,SHIP,4,0.04,2,Brand#11,17,WRAP PACK,8,2246,57808.3968
F,F,TAKE BACK RETURN,2,Manufacturer#3,2-HIGH,2,MACHINERY,REG AIR,2,0.07,21,Brand#32,9,JUMBO PACK,31,2247,52836.2406
F,F,COLLECT COD,4,Manufacturer#3,1-URGENT,1,BUILDING,FOB,1,0.07,13,Brand#34,24,WRAP JAR,35,2248,26297.64
F,F,TAKE BACK RETURN,4,Manufacturer#4,1-URGENT,1,MACHINERY,FOB,3,0.02,13,Brand#41,3,JUMBO DRUM,6,2249,36913.3554
F,F,DELIVER IN PERSON,0,Manufacturer#4,2-HIGH,2,FURNITURE,RAIL,1,0.02,0,Brand#42,21,WRAP BAG,32,2250,32956.4664
F,F,DELIVER IN PERSON,1,Manufacturer#5,2-HIGH,2,FURNITURE,RAIL,2,0.04,3,Brand#53,21,MED CAN,44,2250,23073.904
F,F,TAKE BACK RETURN,1,Manufacturer#2,2-HIGH,0,AUTOMOBILE,SHIP,1,0.08,24,Brand#24,16,JUMBO PKG,25,2251,81558.4224
F,F,DELIVER IN PERSON,3,Manufacturer#2,2-HIGH,0,AUTOMOBILE,TRUCK,3,0.05,6,Brand#22,16,WRAP CASE,39,2251,17532.06
F,F,NONE,1,Manufacturer#1,1-URGENT,1,MACHINERY,SHIP,4,0.08,17,Brand#15,3,LG PACK,50,2249,1674.0864
F,F,COLLECT COD,4,Manufacturer#3,1-URGENT,1,MACHINERY,FOB,2,0.06,20,Brand#33,3,JUMBO CAN,40,2249,17209.8432
F,F,COLLECT COD,4,Manufacturer#1,5-LOW,0,BUILDING,MAIL,4,0,11,Brand#13,14,JUMBO BOX,28,96,51256.4478
F,F,NONE,2,Manufacturer#4,5-LOW,0,BUILDING,AIR,2,0,18,Brand#43,14,WRAP PKG,17,96,21493.008
F,F,DELIVER IN PERSON,2,Manufacturer#2,1-URGENT,4,BUILDING,MAIL,2,0.05,12,Brand#21,11,LG CASE,37,817,40210.3548
F,F,TAKE BACK RETURN,0,Manufacturer#1,5-LOW,4,FURNITURE,REG AIR,1,0.04,14,Brand#14,20,MED BAG,3,2049,27947.1528
F,F,NONE,1,Manufacturer#5,4-NOT SPECIFIED,2,HOUSEHOLD,TRUCK,6,0.06,3,Brand#52,9,WRAP JAR,5,2252,23713.7184
F,F,NONE,1,Manufacturer#2,4-NOT SPECIFIED,2,HOUSEHOLD,SHIP,5,0.02,2,Brand#21,9,WRAP PACK,16,2252,15240.3372
F,F,TAKE BACK RETURN,2,Manufacturer#3,4-NOT SPECIFIED,2,HOUSEHOLD,REG AIR,1,0.07,9,Brand#31,9,JUMBO BAG,30,2252,12835.1223
F,F,DELIVER IN PERSON,0,Manufacturer#3,4-NOT SPECIFIED,2,HOUSEHOLD,RAIL,7,0.05,5,Brand#33,9,MED JAR,11,2252,64867.9304
F,F,DELIVER IN PERSON,1,Manufacturer#2,4-NOT SPECIFIED,2,HOUSEHOLD,RAIL,4,0.05,2,Brand#22,9,SM CAN,19,2252,33795.0522
F,F,COLLECT COD,3,Manufacturer#3,1-URGENT,4,BUILDING,REG AIR,1,0.02,7,Brand#33,20,WRAP CAN,47,2253,32889.402
F,F,NONE,3,Manufacturer#3,3-MEDIUM,0,FURNITURE,MAIL,2,0.01,23,Brand#33,0,JUMBO CAN,40,2254,55046.0256
F,F,DELIVER IN PERSON,4,Manufacturer#5,3-MEDIUM,0,FURNITURE,REG AIR,1,0.05,10,Brand#52,0,SM PKG,9,2254,68244.7304
F,F,DELIVER IN PERSON,2,Manufacturer#4,4-NOT SPECIFIED,1,HOUSEHOLD,SHIP,5,0.06,12,Brand#42,3,LG JAR,28,2255,63728.28
F,F,DELIVER IN PERSON,4,Manufacturer#2,4-NOT SPECIFIED,1,HOUSEHOLD,RAIL,4,0.03,11,Brand#25,3,SM CAN,25,2255,34517.176
F,F,DELIVER IN PERSON,4,Manufacturer#1,4-NOT SPECIFIED,1,HOUSEHOLD,REG AIR,3,0.05,13,Brand#14,3,SM PACK,14,2255,39543.1344
F,F,TAKE BACK RETURN,2,Manufacturer#3,4-NOT SPECIFIED,1,HOUSEHOLD,REG AIR,1,0.03,18,Brand#33,3,SM PACK,44,2255,88941.12
F,F,DELIVER IN PERSON,2,Manufacturer#3,1-URGENT,4,BUILDING,SHIP,1,0.03,12,Brand#34,11,SM PACK,49,817,55398.528
F,F,TAKE BACK RETURN,1,Manufacturer#5,2-HIGH,2,BUILDING,TRUCK,7,0.03,1,Brand#52,9,LG DRUM,24,2256,19558.8096
F,F,DELIVER IN PERSON,1,Manufacturer#2,2-HIGH,2,BUILDING,AIR,2,0.02,1,Brand#25,9,SM CAN,1,2256,16350.633
F,F,COLLECT COD,4,Manufacturer#4,3-MEDIUM,2,BUILDING,MAIL,3,0.02,4,Brand#45,9,WRAP BOX,21,2257,42748.568
F,F,COLLECT COD,2,Manufacturer#3,4-NOT SPECIFIED,1,FURNITURE,MAIL,5,0.03,18,Brand#33,24,MED CASE,37,2258,21209.472
F,F,NONE,4,Manufacturer#2,4-NOT SPECIFIED,1,FURNITURE,SHIP,1,0.05,11,Brand#22,24,JUMBO BOX,11,2258,40454.0864
F,F,COLLECT COD,1,Manufacturer#3,4-NOT SPECIFIED,1,FURNITURE,SHIP,2,0.02,17,Brand#33,24,MED CASE,34,2258,1599.0954
F,F,COLLECT COD,0,Manufacturer#5,3-MEDIUM,2,BUILDING,MAIL,2,0.03,5,Brand#54,9,WRAP DRUM,3,2257,37459
F,F,COLLECT COD,2,Manufacturer#1,3-MEDIUM,2,BUILDING,REG AIR,6,0.08,9,Brand#11,9,LG PACK,8,2257,30653.992
F,F,DELIVER IN PERSON,2,Manufacturer#5,3-MEDIUM,2,BUILDING,SHIP,4,0.01,12,Brand#54,9,WRAP BAG,48,2257,57559.7088
F,F,TAKE BACK RETURN,1,Manufacturer#4,1-URGENT,4,BUILDING,RAIL,3,0.06,3,Brand#42,4,SM DRUM,19,2259,13579.38
F,F,DELIVER IN PERSON,2,Manufacturer#5,4-NOT SPECIFIED,3,HOUSEHOLD,REG AIR,3,0.06,8,Brand#51,22,SM CAN,14,1528,64684.6155
F,F,TAKE BACK RETURN,3,Manufacturer#2,3-MEDIUM,0,HOUSEHOLD,FOB,1,0.05,19,Brand#22,15,JUMBO JAR,7,2260,42056.55
F,F,DELIVER IN PERSON,2,Manufacturer#2,1-URGENT,4,BUILDING,TRUCK,4,0.04,8,Brand#25,4,WRAP BAG,27,2259,60350.4318
F,F,NONE,3,Manufacturer#5,4-NOT SPECIFIED,1,AUTOMOBILE,TRUCK,2,0.06,22,Brand#52,2,MED BAG,26,2261,49078.8335
F,F,COLLECT COD,4,Manufacturer#4,4-NOT SPECIFIED,1,AUTOMOBILE,FOB,5,0.06,4,Brand#45,2,JUMBO DRUM,7,2261,20158.308
F,F,COLLECT COD,4,Manufacturer#3,4-NOT SPECIFIED,1,AUTOMOBILE,TRUCK,1,0.06,10,Brand#35,2,WRAP JAR,3,2261,12608.544
F,F,NONE,4,Manufacturer#2,1-URGENT,3,MACHINERY,AIR,1,0.03,20,Brand#22,23,SM JAR,15,2262,45609.696
F,F,TAKE BACK RETURN,0,Manufacturer#2,2-HIGH,3,FURNITURE,AIR,2,0.01,16,Brand#22,7,SM BOX,29,2263,15299.523
F,F,COLLECT COD,0,Manufacturer#1,2-HIGH,3,HOUSEHOLD,MAIL,2,0.02,0,Brand#12,23,WRAP CASE,35,1419,45570.49
F,F,DELIVER IN PERSON,1,Manufacturer#4,2-HIGH,3,HOUSEHOLD,TRUCK,1,0.07,17,Brand#41,23,SM CAN,33,1419,44788.7286
F,F,NONE,1,Manufacturer#2,4-NOT SPECIFIED,3,BUILDING,REG AIR,1,0.03,24,Brand#25,7,LG BOX,47,2264,47914.4226
F,F,TAKE BACK RETURN,0,Manufacturer#1,4-NOT SPECIFIED,3,BUILDING,RAIL,3,0.06,14,Brand#14,7,LG BAG,50,2264,13352.3
F,F,TAKE BACK RETURN,3,Manufacturer#3,3-MEDIUM,1,HOUSEHOLD,TRUCK,1,0.03,23,Brand#32,3,SM JAR,40,1246,60866.1144
F,F,NONE,0,Manufacturer#3,1-URGENT,3,MACHINERY,SHIP,6,0,15,Brand#32,23,WRAP PACK,41,2262,13474.3
F,F,COLLECT COD,4,Manufacturer#3,1-URGENT,3,MACHINERY,FOB,2,0.03,10,Brand#34,23,WRAP JAR,29,2262,8923.612
F,F,NONE,4,Manufacturer#5,1-URGENT,3,MACHINERY,FOB,7,0.03,20,Brand#55,23,LG PKG,13,2262,38231.42
F,F,COLLECT COD,4,Manufacturer#1,1-URGENT,3,MACHINERY,MAIL,4,0.01,13,Brand#11,23,WRAP CAN,26,2262,67304.7144
F,F,TAKE BACK RETURN,2,Manufacturer#5,1-URGENT,3,MACHINERY,AIR,5,0.03,12,Brand#51,23,SM BOX,50,2262,28045.563
F,F,NONE,1,Manufacturer#2,5-LOW,3,BUILDING,FOB,5,0,1,Brand#22,7,SM JAR,44,2265,52664.064
F,F,TAKE BACK RETURN,1,Manufacturer#5,5-LOW,2,HOUSEHOLD,REG AIR,2,0.05,17,Brand#51,21,SM PKG,33,2266,41427.144
F,F,NONE,4,Manufacturer#2,5-LOW,2,HOUSEHOLD,FOB,7,0.06,4,Brand#23,21,SM JAR,39,2266,51624.7095
F,F,NONE,3,Manufacturer#5,5-LOW,2,HOUSEHOLD,REG AIR,3,0.06,22,Brand#54,21,SM PACK,8,2266,61652.7482
F,F,COLLECT COD,4,Manufacturer#5,5-LOW,2,HOUSEHOLD,AIR,4,0.02,11,Brand#51,21,MED CAN,29,2266,26103.25
F,F,TAKE BACK RETURN,2,Manufacturer#2,5-LOW,3,BUILDING,MAIL,2,0.07,21,Brand#25,7,LG CAN,13,2265,59006.4192
F,F,TAKE BACK RETURN,0,Manufacturer#1,5-LOW,3,BUILDING,SHIP,3,0.05,14,Brand#13,7,MED DRUM,34,2265,40057.99
F,F,DELIVER IN PERSON,1,Manufacturer#5,5-LOW,3,BUILDING,MAIL,1,0.05,24,Brand#54,7,LG PACK,24,2265,44542.7836
F,F,NONE,1,Manufacturer#5,1-URGENT,3,HOUSEHOLD,FOB,2,0.02,1,Brand#52,22,LG DRUM,11,674,3816.7008
F,F,COLLECT COD,3,Manufacturer#5,1-URGENT,3,HOUSEHOLD,REG AIR,1,0.03,22,Brand#51,22,LG BOX,48,674,53443.26
F,F,NONE,4,Manufacturer#1,3-MEDIUM,0,AUTOMOBILE,FOB,1,0,10,Brand#11,15,WRAP BAG,38,2267,26505.468
F,F,NONE,3,Manufacturer#3,4-NOT SPECIFIED,2,AUTOMOBILE,FOB,1,0.06,22,Brand#33,21,JUMBO PKG,12,29,39021.7218
F,F,TAKE BACK RETURN,3,Manufacturer#2,3-MEDIUM,1,MACHINERY,RAIL,1,0,22,Brand#25,17,LG JAR,46,2268,37609.83
F,F,COLLECT COD,4,Manufacturer#4,5-LOW,0,FURNITURE,RAIL,2,0.03,11,Brand#45,14,WRAP BAG,34,2269,46735.848
F,F,COLLECT COD,1,Manufacturer#4,5-LOW,0,FURNITURE,SHIP,1,0.07,3,Brand#42,14,WRAP BAG,32,2269,35645.2224
F,F,COLLECT COD,2,Manufacturer#4,5-LOW,0,FURNITURE,MAIL,3,0.05,8,Brand#45,14,LG DRUM,25,2269,72010.6272
F,F,TAKE BACK RETURN,4,Manufacturer#1,4-NOT SPECIFIED,2,BUILDING,FOB,2,0.03,10,Brand#11,8,WRAP BOX,14,2270,47008.944
F,F,TAKE BACK RETURN,1,Manufacturer#5,4-NOT SPECIFIED,2,BUILDING,SHIP,4,0.07,2,Brand#55,8,SM PACK,46,2270,45931.6992
F,F,DELIVER IN PERSON,3,Manufacturer#2,4-NOT SPECIFIED,2,BUILDING,SHIP,5,0.06,7,Brand#24,8,WRAP CASE,50,2270,28153.8528
F,F,DELIVER IN PERSON,0,Manufacturer#4,4-NOT SPECIFIED,2,BUILDING,MAIL,3,0.02,5,Brand#45,8,MED CASE,43,2270,11688.9864
F,F,NONE,3,Manufacturer#4,4-NOT SPECIFIED,2,BUILDING,MAIL,1,0.02,7,Brand#42,8,MED PKG,14,2270,22876.5732
F,F,NONE,2,Manufacturer#4,5-LOW,2,HOUSEHOLD,FOB,3,0.06,9,Brand#42,8,LG BOX,19,2271,14909.202
F,F,TAKE BACK RETURN,1,Manufacturer#5,3-MEDIUM,3,FURNITURE,REG AIR,1,0.06,24,Brand#55,22,SM BOX,15,825,32418.684
F,F,DELIVER IN PERSON,3,Manufacturer#1,2-HIGH,2,MACHINERY,SHIP,1,0.08,6,Brand#14,8,WRAP PKG,11,2272,44894.52
F,F,TAKE BACK RETURN,0,Manufacturer#5,2-HIGH,2,MACHINERY,SHIP,2,0.02,16,Brand#53,8,LG DRUM,34,2272,21917.5165
F,F,TAKE BACK RETURN,0,Manufacturer#2,2-HIGH,2,MACHINERY,TRUCK,5,0.06,0,Brand#23,8,WRAP CASE,35,2272,20409.04
F,F,NONE,2,Manufacturer#4,2-HIGH,2,MACHINERY,SHIP,6,0.08,9,Brand#42,8,JUMBO DRUM,22,2272,55251.4704
F,F,TAKE BACK RETURN,1,Manufacturer#4,2-HIGH,2,MACHINERY,RAIL,3,0.02,2,Brand#42,8,JUMBO BAG,49,2272,36086.0274
F,F,DELIVER IN PERSON,1,Manufacturer#5,2-HIGH,2,MACHINERY,RAIL,4,0.06,1,Brand#53,8,SM DRUM,32,2272,8787.1602
F,F,DELIVER IN PERSON,0,Manufacturer#5,2-HIGH,1,BUILDING,FOB,5,0.04,16,Brand#52,1,LG CAN,48,566,13305.9444
F,F,COLLECT COD,3,Manufacturer#2,2-HIGH,1,BUILDING,MAIL,4,0.06,23,Brand#21,1,SM CASE,17,566,18095.9724
F,F,NONE,0,Manufacturer#1,2-HIGH,1,BUILDING,SHIP,6,0.07,16,Brand#11,1,SM DRUM,31,566,17326.6275
F,F,COLLECT COD,2,Manufacturer#3,5-LOW,4,BUILDING,TRUCK,6,0.03,8,Brand#33,4,WRAP CAN,34,2273,14126.85
F,F,NONE,1,Manufacturer#1,5-LOW,4,BUILDING,AIR,4,0.06,24,Brand#11,4,WRAP PACK,47,2273,44922.4776
F,F,TAKE BACK RETURN,4,Manufacturer#2,4-NOT SPECIFIED,0,MACHINERY,RAIL,1,0.01,20,Brand#21,16,JUMBO PACK,40,2274,62809.0234
F,F,COLLECT COD,3,Manufacturer#2,4-NOT SPECIFIED,0,MACHINERY,AIR,2,0.06,23,Brand#22,16,LG JAR,21,2274,63610.7472
F,F,NONE,2,Manufacturer#1,3-MEDIUM,3,MACHINERY,SHIP,4,0.03,8,Brand#14,23,SM BAG,27,2275,10822.8848
F,F,NONE,3,Manufacturer#2,3-MEDIUM,3,MACHINERY,REG AIR,2,0.03,7,Brand#22,23,WRAP PKG,24,2275,27246.4896
F,F,NONE,1,Manufacturer#5,4-NOT SPECIFIED,1,HOUSEHOLD,FOB,1,0.06,3,Brand#52,2,SM PKG,21,2276,35771.8368
F,F,COLLECT COD,3,Manufacturer#3,4-NOT SPECIFIED,1,HOUSEHOLD,TRUCK,2,0,7,Brand#31,2,WRAP PKG,5,2276,22131.7272
F,F,NONE,0,Manufacturer#5,4-NOT SPECIFIED,2,AUTOMOBILE,TRUCK,2,0.05,14,Brand#53,21,WRAP CAN,36,29,2311.3692
F,F,COLLECT COD,1,Manufacturer#2,4-NOT SPECIFIED,2,AUTOMOBILE,REG AIR,5,0.02,3,Brand#25,21,WRAP JAR,20,29,54933.568
F,F,TAKE BACK RETURN,2,Manufacturer#1,4-NOT SPECIFIED,2,BUILDING,MAIL,1,0.03,21,Brand#13,8,MED CAN,8,2277,6402.126
F,F,TAKE BACK RETURN,3,Manufacturer#5,1-URGENT,0,MACHINERY,AIR,5,0.02,6,Brand#51,0,LG JAR,19,1019,38307.024
F,F,COLLECT COD,2,Manufacturer#5,1-URGENT,0,MACHINERY,TRUCK,4,0.06,9,Brand#55,0,SM BAG,4,1019,34649.7536
F,F,NONE,4,Manufacturer#2,1-URGENT,0,MACHINERY,AIR,3,0.04,10,Brand#25,0,JUMBO CASE,50,1019,71778.024
F,F,DELIVER IN PERSON,1,Manufacturer#4,4-NOT SPECIFIED,4,AUTOMOBILE,AIR,4,0.06,2,Brand#43,20,MED PKG,39,2278,2142.2016
F,F,DELIVER IN PERSON,4,Manufacturer#2,4-NOT SPECIFIED,4,AUTOMOBILE,MAIL,5,0.08,20,Brand#22,20,SM CAN,9,2278,53077.7793
F,F,DELIVER IN PERSON,4,Manufacturer#4,4-NOT SPECIFIED,4,AUTOMOBILE,REG AIR,2,0.05,11,Brand#45,20,MED CAN,7,2278,14605.578
F,F,NONE,2,Manufacturer#4,2-HIGH,4,BUILDING,TRUCK,2,0.05,12,Brand#44,4,MED CASE,43,1993,1460.4216
F,F,NONE,3,Manufacturer#3,2-HIGH,2,HOUSEHOLD,FOB,2,0.01,19,Brand#31,9,JUMBO PACK,24,1823,2435.3402
F,F,COLLECT COD,3,Manufacturer#1,2-HIGH,2,HOUSEHOLD,AIR,4,0,7,Brand#15,9,WRAP CAN,14,1823,59808.7314
F,F,NONE,0,Manufacturer#3,2-HIGH,3,HOUSEHOLD,AIR,2,0.06,16,Brand#35,7,MED DRUM,19,2279,37240.176
F,F,COLLECT COD,3,Manufacturer#4,2-HIGH,3,HOUSEHOLD,SHIP,5,0.02,6,Brand#43,7,SM PACK,12,2279,42239.22
F,F,COLLECT COD,2,Manufacturer#2,2-HIGH,3,HOUSEHOLD,FOB,4,0.05,9,Brand#21,7,LG PACK,32,2279,37104.5844
F,F,TAKE BACK RETURN,0,Manufacturer#3,2-HIGH,3,HOUSEHOLD,RAIL,6,0.05,15,Brand#34,7,WRAP BOX,19,2279,47622.7125
F,F,TAKE BACK RETURN,4,Manufacturer#3,2-HIGH,1,BUILDING,FOB,3,0.07,10,Brand#32,2,JUMBO BOX,23,2280,10285.2592
F,F,TAKE BACK RETURN,4,Manufacturer#5,1-URGENT,4,AUTOMOBILE,TRUCK,2,0.04,10,Brand#54,13,JUMBO DRUM,13,1629,42414.6402
F,F,COLLECT COD,3,Manufacturer#4,5-LOW,0,HOUSEHOLD,REG AIR,5,0.01,19,Brand#41,15,JUMBO DRUM,40,2281,21937.7952
F,F,NONE,1,Manufacturer#3,5-LOW,0,HOUSEHOLD,SHIP,3,0.05,3,Brand#31,15,MED CAN,30,2281,15049.9283
F,F,DELIVER IN PERSON,3,Manufacturer#1,5-LOW,0,HOUSEHOLD,RAIL,4,0.04,7,Brand#11,15,SM CAN,25,2281,28680.7815
F,F,COLLECT COD,4,Manufacturer#3,5-LOW,0,HOUSEHOLD,REG AIR,6,0.05,11,Brand#33,15,SM PACK,13,2281,56887.8768
F,F,DELIVER IN PERSON,4,Manufacturer#2,5-LOW,0,HOUSEHOLD,REG AIR,1,0.05,4,Brand#23,15,LG CAN,19,2281,1664.188
F,F,TAKE BACK RETURN,2,Manufacturer#2,1-URGENT,3,FURNITURE,REG AIR,2,0.05,8,Brand#22,19,MED PACK,36,2114,63434.1024
F,F,COLLECT COD,1,Manufacturer#5,4-NOT SPECIFIED,2,MACHINERY,REG AIR,3,0.07,24,Brand#51,8,JUMBO PKG,22,2282,26841.78
F,F,COLLECT COD,0,Manufacturer#2,4-NOT SPECIFIED,2,MACHINERY,SHIP,7,0.01,15,Brand#22,8,MED BAG,46,2282,15241.4171
F,F,TAKE BACK RETURN,0,Manufacturer#4,4-NOT SPECIFIED,2,MACHINERY,RAIL,1,0.06,15,Brand#44,8,WRAP CAN,41,2282,78902.19
F,F,NONE,3,Manufacturer#5,2-HIGH,2,BUILDING,MAIL,3,0.08,6,Brand#55,9,JUMBO CAN,25,2283,10993.0743
F,F,NONE,0,Manufacturer#3,2-HIGH,1,BUILDING,AIR,1,0.06,5,Brand#34,1,SM BOX,39,1600,78777.3
F,F,TAKE BACK RETURN,3,Manufacturer#5,2-HIGH,2,BUILDING,FOB,2,0.06,7,Brand#52,9,WRAP CASE,49,2283,43349.3664
F,F,NONE,1,Manufacturer#5,5-LOW,1,BUILDING,FOB,1,0.06,17,Brand#51,1,WRAP DRUM,30,2284,8446.365
F,F,DELIVER IN PERSON,3,Manufacturer#4,4-NOT SPECIFIED,4,MACHINERY,REG AIR,6,0.03,19,Brand#44,20,WRAP JAR,35,1709,51613.947
F,F,DELIVER IN PERSON,1,Manufacturer#1,4-NOT SPECIFIED,4,MACHINERY,REG AIR,5,0.07,24,Brand#15,20,WRAP CAN,36,1709,9533.664
F,F,TAKE BACK RETURN,2,Manufacturer#1,5-LOW,1,FURNITURE,FOB,3,0.02,18,Brand#14,24,SM JAR,33,1382,48910.356
F,F,COLLECT COD,3,Manufacturer#3,5-LOW,1,FURNITURE,FOB,2,0.07,7,Brand#33,24,LG DRUM,46,1382,37273.059
F,F,TAKE BACK RETURN,0,Manufacturer#2,4-NOT SPECIFIED,3,MACHINERY,SHIP,4,0.01,14,Brand#23,6,JUMBO CASE,12,864,3986.9874
F,F,DELIVER IN PERSON,0,Manufacturer#3,1-URGENT,3,AUTOMOBILE,TRUCK,6,0.08,15,Brand#31,22,WRAP BAG,33,2285,59997.944
F,F,COLLECT COD,0,Manufacturer#5,1-URGENT,3,AUTOMOBILE,RAIL,4,0.05,16,Brand#55,22,SM DRUM,41,2285,7832.48
F,F,DELIVER IN PERSON,4,Manufacturer#2,1-URGENT,3,AUTOMOBILE,FOB,2,0.01,4,Brand#25,22,LG PKG,50,2285,65805.52
F,F,TAKE BACK RETURN,4,Manufacturer#5,1-URGENT,3,AUTOMOBILE,RAIL,5,0.01,11,Brand#52,7,MED BAG,40,2286,46866.3195
F,F,NONE,4,Manufacturer#2,1-URGENT,3,AUTOMOBILE,SHIP,4,0.05,10,Brand#23,7,MED DRUM,31,2286,46277.3052
F,F,TAKE BACK RETURN,2,Manufacturer#3,1-URGENT,3,AUTOMOBILE,TRUCK,6,0.04,9,Brand#32,7,SM JAR,50,2286,39768.2558
F,F,TAKE BACK RETURN,2,Manufacturer#3,1-URGENT,3,AUTOMOBILE,SHIP,1,0.06,12,Brand#33,7,SM BOX,44,2286,16736.112
F,F,TAKE BACK RETURN,2,Manufacturer#3,5-LOW,0,BUILDING,REG AIR,3,0.02,8,Brand#33,0,JUMBO CAN,16,2287,37263.36
F,F,TAKE BACK RETURN,3,Manufacturer#3,5-LOW,0,BUILDING,SHIP,6,0,6,Brand#31,0,LG PKG,21,2287,2823.0456
F,F,COLLECT COD,4,Manufacturer#4,5-LOW,0,BUILDING,MAIL,1,0.05,20,Brand#41,0,SM DRUM,4,2287,53367.336
F,F,TAKE BACK RETURN,0,Manufacturer#2,5-LOW,1,BUILDING,TRUCK,4,0.06,15,Brand#23,1,WRAP JAR,9,2284,37485.8575
F,F,TAKE BACK RETURN,4,Manufacturer#5,5-LOW,1,BUILDING,FOB,6,0.02,13,Brand#52,1,MED PKG,8,2284,68528.24
F,F,COLLECT COD,0,Manufacturer#5,5-LOW,1,BUILDING,AIR,5,0.04,14,Brand#53,1,SM BAG,7,2284,41511.15
F,F,TAKE BACK RETURN,3,Manufacturer#4,4-NOT SPECIFIED,0,BUILDING,SHIP,5,0.06,23,Brand#43,5,JUMBO BAG,5,2288,2840.3436
F,F,TAKE BACK RETURN,0,Manufacturer#2,4-NOT SPECIFIED,0,BUILDING,SHIP,4,0.01,5,Brand#22,5,SM DRUM,48,2288,62892.648
F,F,TAKE BACK RETURN,0,Manufacturer#1,4-NOT SPECIFIED,0,BUILDING,REG AIR,3,0.06,14,Brand#11,5,SM JAR,15,2288,14503.6197
F,F,TAKE BACK RETURN,2,Manufacturer#1,1-URGENT,2,FURNITURE,FOB,4,0.05,18,Brand#13,18,MED CASE,43,2289,65762.4886
F,F,TAKE BACK RETURN,4,Manufacturer#5,1-URGENT,2,FURNITURE,SHIP,2,0.05,13,Brand#53,18,SM PACK,20,2289,37042.9605
F,F,NONE,2,Manufacturer#4,1-URGENT,4,FURNITURE,RAIL,1,0.04,9,Brand#45,10,MED CAN,8,2290,11269.944
F,F,TAKE BACK RETURN,4,Manufacturer#1,1-URGENT,4,FURNITURE,TRUCK,5,0.07,11,Brand#15,10,SM BOX,14,2290,83877.318
F,F,NONE,3,Manufacturer#4,1-URGENT,4,FURNITURE,REG AIR,2,0.07,23,Brand#42,10,SM PACK,30,2290,44580.5528
F,F,COLLECT COD,2,Manufacturer#1,1-URGENT,4,FURNITURE,SHIP,3,0.03,8,Brand#14,10,JUMBO BAG,8,2290,43876.56
F,F,DELIVER IN PERSON,4,Manufacturer#3,1-URGENT,1,MACHINERY,RAIL,6,0.08,11,Brand#31,1,SM BOX,23,2291,38061.45
F,F,TAKE BACK RETURN,2,Manufacturer#2,1-URGENT,2,MACHINERY,SHIP,5,0.03,9,Brand#22,18,MED JAR,26,224,19129.952
F,F,NONE,1,Manufacturer#4,1-URGENT,2,MACHINERY,REG AIR,2,0,1,Brand#43,18,WRAP PKG,29,224,1089.8112
F,F,NONE,3,Manufacturer#5,1-URGENT,2,MACHINERY,RAIL,4,0.02,23,Brand#51,18,LG CASE,14,224,74972.6887
F,F,TAKE BACK RETURN,0,Manufacturer#5,1-URGENT,2,MACHINERY,RAIL,6,0.04,14,Brand#51,18,MED BOX,38,224,52688.9062
F,F,DELIVER IN PERSON,1,Manufacturer#3,1-URGENT,1,MACHINERY,FOB,3,0.02,1,Brand#35,1,SM PKG,3,2291,13244.04
F,F,COLLECT COD,3,Manufacturer#4,1-URGENT,1,MACHINERY,FOB,7,0.05,23,Brand#43,1,LG BOX,2,2291,63644.49
F,F,TAKE BACK RETURN,2,Manufacturer#5,1-URGENT,1,MACHINERY,FOB,2,0.07,8,Brand#53,1,LG BAG,27,2291,38683.5568
F,F,DELIVER IN PERSON,0,Manufacturer#4,1-URGENT,1,MACHINERY,TRUCK,5,0,0,Brand#45,1,MED JAR,37,2291,20220.6924
F,F,DELIVER IN PERSON,4,Manufacturer#2,5-LOW,3,AUTOMOBILE,RAIL,1,0.08,4,Brand#21,23,SM BAG,21,1616,36436.5375
F,F,DELIVER IN PERSON,4,Manufacturer#3,4-NOT SPECIFIED,3,FURNITURE,SHIP,2,0.07,10,Brand#34,23,MED JAR,16,2292,37099.4856
F,F,DELIVER IN PERSON,2,Manufacturer#1,4-NOT SPECIFIED,3,FURNITURE,AIR,3,0.02,8,Brand#14,23,SM PACK,32,2292,63384.685
F,F,COLLECT COD,0,Manufacturer#1,4-NOT SPECIFIED,3,FURNITURE,AIR,4,0.06,5,Brand#12,23,SM CAN,44,2292,25645.62
F,F,COLLECT COD,2,Manufacturer#2,3-MEDIUM,4,BUILDING,MAIL,2,0.02,18,Brand#21,13,MED JAR,12,1602,9793.7829
F,F,COLLECT COD,2,Manufacturer#2,3-MEDIUM,4,BUILDING,FOB,1,0.06,8,Brand#23,13,SM PACK,36,1602,29168.4252
F,F,DELIVER IN PERSON,4,Manufacturer#3,3-MEDIUM,4,BUILDING,RAIL,3,0,11,Brand#33,13,LG DRUM,7,1602,13526.5312
F,F,TAKE BACK RETURN,1,Manufacturer#2,4-NOT SPECIFIED,4,FURNITURE,REG AIR,6,0.08,1,Brand#21,11,SM DRUM,39,277,62963.67
F,F,NONE,0,Manufacturer#1,4-NOT SPECIFIED,4,FURNITURE,FOB,1,0.08,5,Brand#15,11,WRAP CAN,1,277,5182.308
F,F,DELIVER IN PERSON,1,Manufacturer#5,4-NOT SPECIFIED,4,FURNITURE,MAIL,4,0,17,Brand#55,11,SM CASE,12,277,41540.5022
F,F,COLLECT COD,2,Manufacturer#1,4-NOT SPECIFIED,4,FURNITURE,RAIL,3,0.07,12,Brand#14,11,LG JAR,44,277,50050.4004
F,F,NONE,4,Manufacturer#4,3-MEDIUM,0,FURNITURE,FOB,1,0.04,20,Brand#42,15,WRAP BAG,8,2293,3796.6866
F,F,COLLECT COD,1,Manufacturer#1,4-NOT SPECIFIED,3,FURNITURE,MAIL,1,0.04,2,Brand#14,7,JUMBO PACK,17,2294,2820.5496
F,F,TAKE BACK RETURN,2,Manufacturer#2,5-LOW,2,BUILDING,SHIP,2,0.05,9,Brand#21,18,SM BAG,31,1098,38107.044
F,F,NONE,4,Manufacturer#3,5-LOW,2,BUILDING,MAIL,3,0.02,4,Brand#34,18,SM JAR,50,1098,22338.7362
F,F,NONE,0,Manufacturer#4,3-MEDIUM,0,FURNITURE,SHIP,2,0.08,16,Brand#43,15,WRAP DRUM,49,2293,20347.5833
F,F,COLLECT COD,0,Manufacturer#1,4-NOT SPECIFIED,1,HOUSEHOLD,AIR,4,0.06,15,Brand#13,24,JUMBO PKG,20,1563,42018.93
F,F,NONE,3,Manufacturer#3,4-NOT SPECIFIED,1,HOUSEHOLD,AIR,3,0.02,7,Brand#32,24,WRAP BOX,21,1563,13287.4742
F,F,DELIVER IN PERSON,3,Manufacturer#1,3-MEDIUM,0,FURNITURE,SHIP,3,0.01,22,Brand#12,0,LG DRUM,36,2295,58341.6
F,F,COLLECT COD,2,Manufacturer#3,3-MEDIUM,1,BUILDING,SHIP,1,0.07,8,Brand#32,2,MED BOX,29,2296,77271.375
F,F,DELIVER IN PERSON,2,Manufacturer#5,1-URGENT,1,AUTOMOBILE,REG AIR,1,0.07,9,Brand#51,2,LG PKG,18,2297,34840.26
F,F,COLLECT COD,2,Manufacturer#2,1-URGENT,1,AUTOMOBILE,FOB,2,0.03,18,Brand#24,2,MED DRUM,50,2297,54859.616
F,F,NONE,2,Manufacturer#3,1-URGENT,1,AUTOMOBILE,TRUCK,3,0.03,8,Brand#35,2,LG DRUM,10,2297,4875.892
F,F,TAKE BACK RETURN,0,Manufacturer#1,3-MEDIUM,0,FURNITURE,TRUCK,4,0.05,5,Brand#13,0,JUMBO JAR,35,2295,39377.466
F,F,TAKE BACK RETURN,3,Manufacturer#4,3-MEDIUM,0,FURNITURE,RAIL,2,0.02,6,Brand#41,0,LG PACK,19,2295,66443.598
F,F,NONE,1,Manufacturer#4,2-HIGH,3,HOUSEHOLD,RAIL,4,0.07,2,Brand#42,19,JUMBO CASE,45,2298,20599.632
F,F,DELIVER IN PERSON,4,Manufacturer#5,2-HIGH,3,MACHINERY,AIR,1,0.02,13,Brand#54,19,MED JAR,17,181,62202.0372
F,F,DELIVER IN PERSON,4,Manufacturer#2,2-HIGH,3,MACHINERY,MAIL,3,0.05,13,Brand#23,19,JUMBO DRUM,49,181,19377.492
F,F,DELIVER IN PERSON,2,Manufacturer#2,2-HIGH,3,MACHINERY,REG AIR,4,0.05,8,Brand#25,19,LG BAG,13,181,57862.944
F,F,DELIVER IN PERSON,1,Manufacturer#2,2-HIGH,3,MACHINERY,SHIP,2,0.03,17,Brand#25,19,WRAP CAN,16,181,45712.2666
F,F,TAKE BACK RETURN,1,Manufacturer#2,4-NOT SPECIFIED,0,AUTOMOBILE,MAIL,4,0,1,Brand#23,14,JUMBO BOX,18,2299,43392.756
F,F,COLLECT COD,0,Manufacturer#1,4-NOT SPECIFIED,0,AUTOMOBILE,RAIL,3,0.01,15,Brand#14,14,LG PACK,44,2299,65883.855
F,F,TAKE BACK RETURN,4,Manufacturer#5,4-NOT SPECIFIED,0,AUTOMOBILE,AIR,2,0.02,20,Brand#51,14,WRAP BOX,50,2299,34184.164
F,F,COLLECT COD,1,Manufacturer#2,4-NOT SPECIFIED,0,AUTOMOBILE,TRUCK,6,0.02,3,Brand#22,14,SM JAR,9,2299,11516.274
F,F,DELIVER IN PERSON,3,Manufacturer#1,1-URGENT,0,FURNITURE,TRUCK,3,0.03,22,Brand#14,5,MED DRUM,30,2300,43067.8836
F,F,NONE,1,Manufacturer#4,1-URGENT,0,FURNITURE,MAIL,2,0.04,3,Brand#44,5,JUMBO PKG,46,2300,30988.2664
F,F,DELIVER IN PERSON,1,Manufacturer#4,2-HIGH,3,HOUSEHOLD,MAIL,2,0.06,3,Brand#42,19,LG PKG,38,2298,19301.436
F,F,TAKE BACK RETURN,2,Manufacturer#5,1-URGENT,1,AUTOMOBILE,REG AIR,4,0.07,18,Brand#53,17,JUMBO JAR,30,2301,50995.5264
F,F,DELIVER IN PERSON,2,Manufacturer#1,5-LOW,2,MACHINERY,TRUCK,2,0.06,21,Brand#15,12,JUMBO DRUM,8,1740,26494.8165
F,F,COLLECT COD,4,Manufacturer#5,5-LOW,2,MACHINERY,SHIP,6,0,4,Brand#51,12,LG DRUM,33,1740,1834.6456
F,F,DELIVER IN PERSON,3,Manufacturer#4,2-HIGH,1,MACHINERY,REG AIR,5,0.08,7,Brand#41,1,SM CAN,5,2302,28942.94
F,F,TAKE BACK RETURN,3,Manufacturer#4,1-URGENT,1,AUTOMOBILE,MAIL,3,0,7,Brand#44,17,MED PACK,30,2301,21166.5069
F,F,NONE,0,Manufacturer#5,2-HIGH,1,MACHINERY,RAIL,3,0.01,5,Brand#53,1,WRAP CASE,6,2302,49842.1836
F,F,TAKE BACK RETURN,2,Manufacturer#2,2-HIGH,1,MACHINERY,RAIL,4,0.05,18,Brand#23,1,WRAP CASE,42,2302,71611.1088
F,F,COLLECT COD,0,Manufacturer#4,1-URGENT,1,AUTOMOBILE,RAIL,6,0.01,0,Brand#41,17,MED CASE,9,2301,42035.6736
F,F,TAKE BACK RETURN,4,Manufacturer#5,1-URGENT,1,AUTOMOBILE,TRUCK,2,0.04,20,Brand#55,17,MED BOX,40,2301,23383.395
F,F,COLLECT COD,3,Manufacturer#2,4-NOT SPECIFIED,2,MACHINERY,SHIP,3,0,23,Brand#22,18,MED CAN,21,2303,7639.96
F,F,NONE,0,Manufacturer#3,4-NOT SPECIFIED,4,BUILDING,TRUCK,5,0.08,0,Brand#31,13,WRAP CASE,4,2304,33382.4832
F,F,COLLECT COD,1,Manufacturer#3,4-NOT SPECIFIED,4,BUILDING,REG AIR,1,0.07,3,Brand#33,13,JUMBO PACK,12,2304,61351.0832
F,F,COLLECT COD,3,Manufacturer#2,1-URGENT,2,MACHINERY,FOB,1,0.04,22,Brand#23,18,WRAP BAG,38,2305,18427.44
F,F,DELIVER IN PERSON,1,Manufacturer#2,5-LOW,0,FURNITURE,REG AIR,2,0.01,2,Brand#22,5,SM CASE,29,2306,24899.823
F,F,COLLECT COD,0,Manufacturer#5,3-MEDIUM,0,BUILDING,REG AIR,1,0.08,14,Brand#53,14,JUMBO PKG,31,2307,69080.592
F,F,COLLECT COD,0,Manufacturer#5,3-MEDIUM,0,BUILDING,RAIL,2,0.02,5,Brand#53,14,WRAP DRUM,12,2307,14165.5008
F,F,COLLECT COD,3,Manufacturer#4,4-NOT SPECIFIED,3,FURNITURE,SHIP,3,0.08,7,Brand#45,22,LG PACK,34,2308,49213.44
F,F,COLLECT COD,0,Manufacturer#1,4-NOT SPECIFIED,3,FURNITURE,REG AIR,2,0.02,0,Brand#12,22,JUMBO DRUM,27,2308,5561.92
F,F,COLLECT COD,0,Manufacturer#1,2-HIGH,2,AUTOMOBILE,RAIL,3,0.02,14,Brand#11,12,LG PKG,43,2309,27820.3584
F,F,DELIVER IN PERSON,1,Manufacturer#5,1-URGENT,2,HOUSEHOLD,MAIL,3,0.04,17,Brand#54,12,LG CASE,17,932,45265.2948
F,F,COLLECT COD,1,Manufacturer#5,1-URGENT,2,HOUSEHOLD,FOB,4,0.03,17,Brand#54,12,JUMBO DRUM,43,932,11326.581
F,F,NONE,3,Manufacturer#5,1-URGENT,2,HOUSEHOLD,RAIL,5,0.05,6,Brand#53,12,MED DRUM,24,932,1803.014
F,F,NONE,4,Manufacturer#3,4-NOT SPECIFIED,2,AUTOMOBILE,AIR,1,0.04,10,Brand#34,9,WRAP CASE,45,1100,23466.387
F,F,TAKE BACK RETURN,1,Manufacturer#3,4-NOT SPECIFIED,2,AUTOMOBILE,AIR,2,0.08,24,Brand#34,9,MED JAR,46,1100,32432.715
F,F,TAKE BACK RETURN,0,Manufacturer#3,4-NOT SPECIFIED,2,FURNITURE,RAIL,2,0.03,16,Brand#34,21,WRAP BAG,5,271,46598.4576
F,F,TAKE BACK RETURN,4,Manufacturer#1,4-NOT SPECIFIED,2,FURNITURE,REG AIR,4,0.02,13,Brand#14,21,JUMBO CASE,37,271,23934.1014
F,F,DELIVER IN PERSON,3,Manufacturer#1,1-URGENT,2,AUTOMOBILE,FOB,5,0,6,Brand#13,8,WRAP CAN,17,2310,6033.468
F,F,DELIVER IN PERSON,2,Manufacturer#3,1-URGENT,2,AUTOMOBILE,REG AIR,4,0.01,21,Brand#34,8,MED JAR,46,2310,30954.4557
F,F,NONE,3,Manufacturer#5,1-URGENT,2,AUTOMOBILE,TRUCK,7,0.05,6,Brand#55,8,WRAP PACK,44,2310,41920.71
F,F,NONE,4,Manufacturer#3,1-URGENT,2,AUTOMOBILE,AIR,1,0.08,11,Brand#32,8,JUMBO BOX,22,2310,42689.1788
F,F,TAKE BACK RETURN,0,Manufacturer#1,5-LOW,1,FURNITURE,FOB,3,0.04,16,Brand#14,1,JUMBO DRUM,9,2311,23370.186
F,F,NONE,3,Manufacturer#1,5-LOW,4,FURNITURE,REG AIR,4,0.08,6,Brand#12,10,SM JAR,23,1459,29322.3112
F,F,TAKE BACK RETURN,1,Manufacturer#3,5-LOW,4,FURNITURE,TRUCK,5,0.08,17,Brand#34,10,LG BOX,11,1459,19145.74
F,F,COLLECT COD,1,Manufacturer#5,5-LOW,4,FURNITURE,SHIP,3,0.06,1,Brand#51,10,JUMBO PACK,35,1459,7586.1
F,F,TAKE BACK RETURN,2,Manufacturer#2,1-URGENT,1,AUTOMOBILE,REG AIR,2,0.06,21,Brand#25,24,MED JAR,26,2312,65156.4459
F,F,DELIVER IN PERSON,0,Manufacturer#5,1-URGENT,2,MACHINERY,RAIL,5,0.08,0,Brand#53,18,WRAP PKG,31,2305,36782.2
F,F,DELIVER IN PERSON,4,Manufacturer#4,1-URGENT,2,MACHINERY,FOB,2,0.04,11,Brand#45,18,WRAP PACK,41,2305,18484.587
F,F,DELIVER IN PERSON,2,Manufacturer#3,5-LOW,2,AUTOMOBILE,AIR,1,0.01,8,Brand#31,9,LG CAN,45,2313,37702.9716
F,F,DELIVER IN PERSON,2,Manufacturer#2,1-URGENT,0,MACHINERY,TRUCK,5,0.02,9,Brand#24,0,MED CASE,24,2314,25875.3712
F,F,COLLECT COD,2,Manufacturer#2,1-URGENT,0,MACHINERY,SHIP,4,0.07,18,Brand#23,0,SM CASE,13,2314,15682.41
F,F,COLLECT COD,2,Manufacturer#3,5-LOW,4,FURNITURE,RAIL,7,0.05,18,Brand#31,11,LG BAG,20,2315,21058.08
F,F,DELIVER IN PERSON,3,Manufacturer#5,2-HIGH,3,MACHINERY,MAIL,2,0.07,6,Brand#52,22,MED CASE,17,2316,75385.38
F,F,COLLECT COD,2,Manufacturer#4,5-LOW,4,FURNITURE,AIR,6,0.01,12,Brand#45,11,JUMBO DRUM,2,2315,36845.4888
F,F,NONE,1,Manufacturer#4,5-LOW,4,FURNITURE,RAIL,1,0.08,17,Brand#42,11,LG PKG,10,2315,39894.7032
F,F,COLLECT COD,3,Manufacturer#1,5-LOW,4,FURNITURE,RAIL,4,0.02,6,Brand#12,11,MED PKG,8,2315,81088.4928
F,F,NONE,3,Manufacturer#1,5-LOW,4,FURNITURE,AIR,2,0.01,19,Brand#12,11,JUMBO CAN,25,2315,50980.8237
F,F,NONE,0,Manufacturer#1,4-NOT SPECIFIED,2,AUTOMOBILE,AIR,6,0.04,14,Brand#11,12,JUMBO BAG,35,2317,26722.918
F,F,COLLECT COD,2,Manufacturer#3,4-NOT SPECIFIED,2,AUTOMOBILE,FOB,4,0.08,12,Brand#35,12,MED CASE,17,2317,43743.2723
F,F,COLLECT COD,0,Manufacturer#2,4-NOT SPECIFIED,2,AUTOMOBILE,FOB,3,0.04,0,Brand#23,12,WRAP BOX,29,2317,18264.204
F,F,COLLECT COD,3,Manufacturer#3,4-NOT SPECIFIED,2,AUTOMOBILE,SHIP,1,0.05,19,Brand#35,18,WRAP CASE,7,1529,40043.6855
F,F,DELIVER IN PERSON,3,Manufacturer#1,4-NOT SPECIFIED,2,AUTOMOBILE,TRUCK,2,0,19,Brand#12,18,LG BAG,42,1529,55449.2652
F,F,NONE,2,Manufacturer#2,4-NOT SPECIFIED,2,AUTOMOBILE,FOB,5,0,9,Brand#24,12,MED PACK,25,2317,11786.58
F,F,DELIVER IN PERSON,1,Manufacturer#1,4-NOT SPECIFIED,2,AUTOMOBILE,FOB,1,0.03,3,Brand#12,12,JUMBO JAR,34,2317,7405.002
F,F,TAKE BACK RETURN,0,Manufacturer#3,1-URGENT,2,MACHINERY,RAIL,4,0.05,15,Brand#31,21,SM BOX,28,2318,17255.232
F,F,NONE,1,Manufacturer#2,1-URGENT,2,MACHINERY,REG AIR,1,0.07,17,Brand#23,21,JUMBO JAR,30,2318,61916.7087
F,F,TAKE BACK RETURN,3,Manufacturer#1,5-LOW,0,HOUSEHOLD,SHIP,3,0.06,6,Brand#13,5,JUMBO BAG,29,761,60919.5384
F,F,COLLECT COD,3,Manufacturer#3,5-LOW,1,MACHINERY,AIR,4,0.06,7,Brand#35,24,JUMBO PKG,8,1130,70743.555
F,F,NONE,4,Manufacturer#2,3-MEDIUM,3,FURNITURE,REG AIR,2,0,10,Brand#22,19,LG CAN,24,2319,26261.1776
F,F,COLLECT COD,1,Manufacturer#1,1-URGENT,0,MACHINERY,RAIL,2,0.07,3,Brand#13,0,LG PKG,19,2320,11157.804
F,F,DELIVER IN PERSON,4,Manufacturer#3,1-URGENT,0,MACHINERY,MAIL,4,0.06,11,Brand#32,0,MED BAG,31,2320,32411.61
F,F,TAKE BACK RETURN,4,Manufacturer#5,1-URGENT,1,BUILDING,TRUCK,1,0.04,11,Brand#51,24,LG PKG,23,1760,10902.6351
F,F,TAKE BACK RETURN,0,Manufacturer#5,1-URGENT,1,BUILDING,FOB,2,0.01,16,Brand#52,24,WRAP BAG,27,1760,33180.435
F,F,COLLECT COD,2,Manufacturer#5,1-URGENT,1,BUILDING,MAIL,3,0.01,12,Brand#54,24,SM PKG,22,1760,11589.768
F,F,DELIVER IN PERSON,2,Manufacturer#1,3-MEDIUM,2,BUILDING,SHIP,2,0,12,Brand#12,18,MED PACK,24,2321,53253.66
F,F,COLLECT COD,4,Manufacturer#4,1-URGENT,1,HOUSEHOLD,SHIP,5,0.08,20,Brand#42,3,LG PKG,23,429,30080.9124
F,F,COLLECT COD,3,Manufacturer#3,1-URGENT,1,HOUSEHOLD,REG AIR,1,0.01,6,Brand#32,3,JUMBO CASE,28,429,62958.3612
F,F,DELIVER IN PERSON,1,Manufacturer#1,1-URGENT,1,HOUSEHOLD,SHIP,6,0.07,24,Brand#15,3,JUMBO PACK,30,429,51533.6653
F,F,NONE,3,Manufacturer#4,1-URGENT,1,HOUSEHOLD,REG AIR,2,0.02,6,Brand#43,3,SM CASE,48,429,58611.28
F,F,DELIVER IN PERSON,2,Manufacturer#1,5-LOW,0,HOUSEHOLD,FOB,2,0.07,18,Brand#14,5,SM JAR,33,761,29683.5264
F,F,COLLECT COD,2,Manufacturer#3,4-NOT SPECIFIED,3,BUILDING,FOB,1,0.07,12,Brand#32,19,SM BAG,11,1787,6178.2504
F,F,NONE,4,Manufacturer#5,4-NOT SPECIFIED,3,BUILDING,MAIL,2,0.08,13,Brand#53,19,MED JAR,45,1787,42780.528
F,F,TAKE BACK RETURN,1,Manufacturer#1,4-NOT SPECIFIED,3,BUILDING,TRUCK,6,0,2,Brand#11,19,MED CAN,5,1787,2937.8912
F,F,TAKE BACK RETURN,2,Manufacturer#2,4-NOT SPECIFIED,3,BUILDING,MAIL,5,0.05,12,Brand#21,19,WRAP PKG,33,1787,28611.3744
F,F,NONE,4,Manufacturer#4,4-NOT SPECIFIED,3,BUILDING,TRUCK,4,0.04,13,Brand#42,19,JUMBO PACK,19,1787,15455.8151
F,F,COLLECT COD,4,Manufacturer#5,1-URGENT,4,BUILDING,AIR,1,0,10,Brand#51,11,SM CASE,11,1096,37629.5732
F,F,COLLECT COD,3,Manufacturer#4,2-HIGH,2,AUTOMOBILE,AIR,2,0.05,19,Brand#41,8,WRAP PACK,9,2322,37239.608
F,F,COLLECT COD,3,Manufacturer#4,2-HIGH,2,AUTOMOBILE,REG AIR,6,0.05,22,Brand#43,8,SM BOX,10,2322,4732.4475
F,F,COLLECT COD,3,Manufacturer#3,2-HIGH,2,AUTOMOBILE,AIR,5,0.06,19,Brand#33,8,JUMBO BOX,37,2322,5597.96
F,F,NONE,3,Manufacturer#4,2-HIGH,2,AUTOMOBILE,RAIL,4,0.07,6,Brand#45,8,JUMBO DRUM,39,2322,45471.1455
F,F,DELIVER IN PERSON,1,Manufacturer#5,1-URGENT,4,BUILDING,REG AIR,3,0.01,2,Brand#53,11,WRAP BOX,50,1096,63533.682
F,F,COLLECT COD,4,Manufacturer#1,2-HIGH,0,MACHINERY,REG AIR,7,0.08,20,Brand#15,5,JUMBO CAN,35,2323,62452.9917
F,F,DELIVER IN PERSON,3,Manufacturer#4,5-LOW,4,BUILDING,AIR,1,0.03,6,Brand#43,4,SM BOX,12,491,44366.19
F,F,DELIVER IN PERSON,2,Manufacturer#3,5-LOW,4,BUILDING,FOB,3,0.03,21,Brand#33,4,LG CAN,14,491,4373.5032
F,F,TAKE BACK RETURN,1,Manufacturer#2,5-LOW,4,BUILDING,TRUCK,6,0.06,17,Brand#21,4,MED CAN,41,491,74653.8128
F,F,NONE,0,Manufacturer#3,1-URGENT,0,HOUSEHOLD,FOB,1,0.05,14,Brand#32,0,SM BAG,4,2324,16934.1282
F,F,TAKE BACK RETURN,1,Manufacturer#2,5-LOW,3,AUTOMOBILE,RAIL,1,0.01,3,Brand#23,7,LG DRUM,14,1158,65558.178
F,F,NONE,1,Manufacturer#4,1-URGENT,0,FURNITURE,REG AIR,1,0.02,17,Brand#43,16,WRAP JAR,17,2325,10102.7925
F,F,TAKE BACK RETURN,0,Manufacturer#4,1-URGENT,0,FURNITURE,AIR,2,0.01,0,Brand#42,16,LG BAG,27,2325,35615.5866
F,F,DELIVER IN PERSON,2,Manufacturer#3,5-LOW,4,FURNITURE,RAIL,1,0.04,12,Brand#33,13,WRAP CAN,42,2326,25508.592
F,F,NONE,4,Manufacturer#4,1-URGENT,3,AUTOMOBILE,FOB,5,0.02,20,Brand#42,22,WRAP CASE,1,2327,36820.095
F,F,DELIVER IN PERSON,0,Manufacturer#4,1-URGENT,3,AUTOMOBILE,REG AIR,4,0.08,14,Brand#44,22,MED BOX,32,2327,36119.4288
F,F,DELIVER IN PERSON,3,Manufacturer#2,1-URGENT,4,HOUSEHOLD,REG AIR,2,0.04,22,Brand#25,20,SM PACK,17,2328,3038.5674
F,F,DELIVER IN PERSON,0,Manufacturer#4,1-URGENT,4,HOUSEHOLD,SHIP,1,0.03,0,Brand#44,20,MED DRUM,21,2328,26496.86
F,F,DELIVER IN PERSON,3,Manufacturer#1,5-LOW,3,HOUSEHOLD,SHIP,3,0.07,22,Brand#13,7,LG DRUM,20,1998,67251.716
F,F,DELIVER IN PERSON,2,Manufacturer#5,2-HIGH,0,MACHINERY,SHIP,3,0.07,18,Brand#51,5,MED BOX,6,2323,31055.9795
F,F,DELIVER IN PERSON,2,Manufacturer#3,1-URGENT,2,AUTOMOBILE,SHIP,4,0.04,8,Brand#31,18,MED JAR,10,2329,44222.864
F,F,DELIVER IN PERSON,0,Manufacturer#5,2-HIGH,1,FURNITURE,REG AIR,3,0.02,0,Brand#52,2,JUMBO CASE,19,2200,19480.896
F,F,NONE,1,Manufacturer#5,2-HIGH,1,FURNITURE,SHIP,1,0.03,2,Brand#52,2,JUMBO DRUM,7,2200,4869.9684
F,F,NONE,2,Manufacturer#2,1-URGENT,2,AUTOMOBILE,TRUCK,3,0.07,18,Brand#25,18,LG BAG,48,2329,62531.6868
F,F,NONE,3,Manufacturer#5,1-URGENT,2,AUTOMOBILE,MAIL,1,0.02,7,Brand#53,18,JUMBO CAN,35,2329,31164.133
F,F,TAKE BACK RETURN,2,Manufacturer#4,1-URGENT,4,MACHINERY,FOB,2,0.01,8,Brand#45,20,SM PKG,34,2330,73342.262
F,F,COLLECT COD,0,Manufacturer#2,4-NOT SPECIFIED,3,BUILDING,REG AIR,3,0.07,5,Brand#23,19,MED PKG,31,2331,16255.377
F,F,TAKE BACK RETURN,4,Manufacturer#1,4-NOT SPECIFIED,3,BUILDING,REG AIR,2,0.06,11,Brand#11,19,LG BOX,9,2331,59652.153
F,F,NONE,1,Manufacturer#3,3-MEDIUM,2,HOUSEHOLD,RAIL,1,0,17,Brand#31,9,WRAP BOX,36,2332,23499.4625
F,F,DELIVER IN PERSON,0,Manufacturer#3,1-URGENT,2,AUTOMOBILE,REG AIR,1,0.07,15,Brand#33,18,MED BOX,10,2333,14302.7808
F,F,DELIVER IN PERSON,1,Manufacturer#5,1-URGENT,2,AUTOMOBILE,FOB,2,0.08,3,Brand#55,18,WRAP CASE,37,2333,51605.463
F,F,NONE,1,Manufacturer#2,1-URGENT,2,AUTOMOBILE,REG AIR,3,0.05,1,Brand#23,18,JUMBO PACK,16,2333,13112.8704
F,F,TAKE BACK RETURN,4,Manufacturer#3,1-URGENT,3,MACHINERY,AIR,2,0.03,13,Brand#35,7,MED CASE,8,1938,10225.035
F,F,TAKE BACK RETURN,4,Manufacturer#3,1-URGENT,0,FURNITURE,MAIL,3,0.01,13,Brand#33,14,JUMBO DRUM,34,2334,61597.7628
F,F,DELIVER IN PERSON,3,Manufacturer#4,1-URGENT,0,FURNITURE,RAIL,4,0.04,19,Brand#42,14,SM BAG,30,2334,36525.0432
F,F,TAKE BACK RETURN,2,Manufacturer#4,1-URGENT,0,FURNITURE,MAIL,1,0.05,8,Brand#42,14,SM PACK,42,2334,17495.4762
F,F,DELIVER IN PERSON,4,Manufacturer#4,1-URGENT,3,AUTOMOBILE,SHIP,2,0.05,4,Brand#43,7,SM BAG,7,2335,58738.9456
F,F,DELIVER IN PERSON,4,Manufacturer#4,1-URGENT,3,AUTOMOBILE,REG AIR,1,0.02,4,Brand#43,7,LG BAG,40,2335,23922.2784
F,F,NONE,0,Manufacturer#4,1-URGENT,3,AUTOMOBILE,RAIL,4,0.04,14,Brand#41,7,MED BOX,5,2335,65469.537
F,F,COLLECT COD,0,Manufacturer#1,1-URGENT,3,AUTOMOBILE,REG AIR,3,0.08,14,Brand#15,7,MED PKG,17,2335,73404.4402
F,F,NONE,1,Manufacturer#5,2-HIGH,2,FURNITURE,FOB,3,0.02,2,Brand#53,21,JUMBO CASE,16,1705,22417.956
F,F,DELIVER IN PERSON,0,Manufacturer#1,2-HIGH,2,FURNITURE,REG AIR,2,0.02,16,Brand#12,21,JUMBO BAG,20,1705,25652.75
F,F,COLLECT COD,2,Manufacturer#4,5-LOW,3,FURNITURE,AIR,4,0.05,9,Brand#42,22,WRAP CASE,13,2336,13746.369
F,F,DELIVER IN PERSON,4,Manufacturer#1,5-LOW,3,FURNITURE,MAIL,3,0.01,20,Brand#14,22,JUMBO JAR,3,2336,2413.1268
F,F,COLLECT COD,0,Manufacturer#4,5-LOW,1,BUILDING,MAIL,3,0.06,14,Brand#42,1,LG PKG,4,2337,16373.28
F,F,NONE,3,Manufacturer#4,5-LOW,1,BUILDING,MAIL,5,0.08,7,Brand#44,1,LG BAG,42,2337,45506.622
F,F,DELIVER IN PERSON,1,Manufacturer#4,2-HIGH,0,FURNITURE,RAIL,4,0.04,2,Brand#43,16,JUMBO DRUM,33,2338,56172.996
F,F,COLLECT COD,2,Manufacturer#1,2-HIGH,0,FURNITURE,AIR,3,0.03,21,Brand#13,16,SM DRUM,22,2338,25947.15
F,F,COLLECT COD,2,Manufacturer#5,2-HIGH,1,BUILDING,FOB,2,0.04,12,Brand#55,3,LG PACK,44,1274,48016.3266
F,F,COLLECT COD,1,Manufacturer#1,4-NOT SPECIFIED,2,HOUSEHOLD,MAIL,3,0,2,Brand#14,21,SM PACK,5,2339,49664.2692
F,F,TAKE BACK RETURN,3,Manufacturer#2,4-NOT SPECIFIED,2,HOUSEHOLD,SHIP,1,0,7,Brand#25,21,JUMBO PKG,14,2339,65992.8927
F,F,NONE,3,Manufacturer#4,1-URGENT,3,MACHINERY,MAIL,3,0.05,22,Brand#43,7,SM BAG,2,1938,1053.9039
F,F,TAKE BACK RETURN,4,Manufacturer#5,2-HIGH,1,BUILDING,REG AIR,3,0.01,11,Brand#51,3,WRAP BAG,38,2340,51151.002
F,F,DELIVER IN PERSON,0,Manufacturer#2,2-HIGH,1,BUILDING,RAIL,5,0.07,5,Brand#24,3,SM BAG,5,2340,31263.0536
F,F,DELIVER IN PERSON,2,Manufacturer#1,5-LOW,3,BUILDING,AIR,1,0.07,18,Brand#11,7,JUMBO BAG,2,2341,57263.2335
F,F,COLLECT COD,1,Manufacturer#3,5-LOW,3,BUILDING,REG AIR,2,0.05,17,Brand#31,7,MED PKG,33,2341,35102.508
F,F,NONE,2,Manufacturer#4,2-HIGH,3,MACHINERY,MAIL,5,0,18,Brand#43,22,JUMBO JAR,46,2342,23845.608
F,F,NONE,2,Manufacturer#5,5-LOW,1,MACHINERY,TRUCK,3,0.01,21,Brand#51,1,SM CAN,50,2343,77625.216
F,F,COLLECT COD,3,Manufacturer#2,5-LOW,1,MACHINERY,TRUCK,2,0.03,7,Brand#24,1,SM DRUM,43,2343,47782.2774
F,F,COLLECT COD,4,Manufacturer#3,2-HIGH,3,MACHINERY,REG AIR,5,0.05,11,Brand#34,22,JUMBO CASE,14,2344,16209.8664
F,F,TAKE BACK RETURN,1,Manufacturer#2,2-HIGH,3,MACHINERY,MAIL,6,0.01,1,Brand#25,22,MED PACK,39,2344,60908.37
F,F,COLLECT COD,3,Manufacturer#4,2-HIGH,3,MACHINERY,REG AIR,7,0.08,23,Brand#42,22,LG CAN,18,2344,50644.521
F,F,COLLECT COD,2,Manufacturer#3,2-HIGH,3,MACHINERY,MAIL,1,0.02,18,Brand#35,22,JUMBO BAG,3,2344,35584.353
F,F,TAKE BACK RETURN,2,Manufacturer#5,3-MEDIUM,3,HOUSEHOLD,RAIL,4,0.01,12,Brand#55,19,JUMBO DRUM,46,2345,6483.5712
F,F,COLLECT COD,1,Manufacturer#4,3-MEDIUM,3,HOUSEHOLD,RAIL,1,0.08,1,Brand#42,19,JUMBO DRUM,9,2345,3409.164
F,F,TAKE BACK RETURN,4,Manufacturer#2,3-MEDIUM,2,AUTOMOBILE,REG AIR,1,0.04,10,Brand#22,21,LG PACK,38,2346,34175.984
F,F,TAKE BACK RETURN,2,Manufacturer#2,3-MEDIUM,2,AUTOMOBILE,FOB,2,0.06,8,Brand#23,21,LG DRUM,41,2346,54226.4184
F,F,DELIVER IN PERSON,3,Manufacturer#4,2-HIGH,3,MACHINERY,MAIL,2,0.01,22,Brand#41,22,SM CAN,45,2342,15159.9042
F,F,COLLECT COD,2,Manufacturer#5,2-HIGH,3,MACHINERY,SHIP,4,0.05,18,Brand#51,22,MED DRUM,9,2342,56353.9452
F,F,COLLECT COD,0,Manufacturer#1,4-NOT SPECIFIED,1,AUTOMOBILE,AIR,1,0.03,15,Brand#13,2,LG JAR,41,2347,32410.77
F,F,DELIVER IN PERSON,3,Manufacturer#1,3-MEDIUM,3,HOUSEHOLD,RAIL,5,0.03,19,Brand#13,6,MED DRUM,4,456,39682.8396
F,F,DELIVER IN PERSON,0,Manufacturer#5,2-HIGH,4,AUTOMOBILE,SHIP,6,0.06,5,Brand#53,13,WRAP PKG,35,1855,64606.816
F,F,COLLECT COD,2,Manufacturer#1,2-HIGH,4,AUTOMOBILE,FOB,1,0.04,9,Brand#13,13,LG CASE,32,1855,63702.6299
F,F,DELIVER IN PERSON,1,Manufacturer#4,2-HIGH,4,AUTOMOBILE,FOB,2,0.01,17,Brand#45,13,WRAP BAG,34,1855,24795.2072
F,F,COLLECT COD,3,Manufacturer#2,3-MEDIUM,0,BUILDING,MAIL,4,0.07,19,Brand#23,0,MED CAN,32,2348,28125.6335
F,F,TAKE BACK RETURN,3,Manufacturer#3,3-MEDIUM,0,BUILDING,FOB,2,0,22,Brand#31,0,LG JAR,44,2348,16390.2284
F,F,COLLECT COD,4,Manufacturer#1,4-NOT SPECIFIED,4,FURNITURE,MAIL,3,0.03,20,Brand#13,10,WRAP CASE,50,2349,19474.5348
F,F,DELIVER IN PERSON,1,Manufacturer#3,5-LOW,2,BUILDING,AIR,3,0,1,Brand#33,21,WRAP PACK,10,2350,5580.95
F,F,NONE,2,Manufacturer#1,5-LOW,1,BUILDING,SHIP,3,0.04,9,Brand#15,3,WRAP PACK,30,2351,37913.0465
F,F,COLLECT COD,2,Manufacturer#2,5-LOW,1,BUILDING,FOB,6,0.08,18,Brand#21,3,MED DRUM,29,2351,22380.15
F,F,NONE,1,Manufacturer#3,5-LOW,1,BUILDING,REG AIR,2,0.04,17,Brand#34,3,MED JAR,1,2351,37756.3392
F,F,TAKE BACK RETURN,0,Manufacturer#2,5-LOW,1,BUILDING,FOB,7,0.08,0,Brand#22,3,LG PACK,33,2351,7691.884
F,F,DELIVER IN PERSON,3,Manufacturer#1,3-MEDIUM,4,HOUSEHOLD,TRUCK,1,0.04,6,Brand#11,13,SM DRUM,11,2352,28448.0924
F,F,DELIVER IN PERSON,4,Manufacturer#1,2-HIGH,3,FURNITURE,SHIP,5,0.06,20,Brand#14,22,SM BOX,32,2353,37427.4054
F,F,DELIVER IN PERSON,3,Manufacturer#3,2-HIGH,3,FURNITURE,MAIL,1,0.05,19,Brand#33,22,SM PACK,35,2353,1177.2576
F,F,TAKE BACK RETURN,3,Manufacturer#2,2-HIGH,1,FURNITURE,REG AIR,4,0.03,7,Brand#24,3,LG PKG,13,2354,57555.1522
F,F,NONE,4,Manufacturer#5,2-HIGH,1,FURNITURE,AIR,5,0,11,Brand#55,3,LG CAN,38,2354,23160.1734
F,F,TAKE BACK RETURN,2,Manufacturer#4,1-URGENT,1,HOUSEHOLD,RAIL,5,0.05,21,Brand#45,17,JUMBO PKG,17,2355,51264.3072
F,F,COLLECT COD,1,Manufacturer#4,1-URGENT,1,HOUSEHOLD,REG AIR,4,0.07,1,Brand#44,17,SM BOX,7,2355,55823.0148
F,F,COLLECT COD,0,Manufacturer#3,1-URGENT,1,HOUSEHOLD,FOB,2,0.03,0,Brand#31,17,LG BOX,15,2355,53038.0116
F,F,COLLECT COD,4,Manufacturer#4,1-URGENT,1,HOUSEHOLD,AIR,1,0.04,20,Brand#41,17,WRAP DRUM,3,2355,26980.965
F,F,DELIVER IN PERSON,2,Manufacturer#5,3-MEDIUM,1,MACHINERY,MAIL,1,0.07,8,Brand#52,3,WRAP BOX,24,2356,20788.768
F,F,DELIVER IN PERSON,0,Manufacturer#3,4-NOT SPECIFIED,0,BUILDING,TRUCK,1,0.01,16,Brand#34,14,SM BOX,39,2357,58461.6978
F,F,DELIVER IN PERSON,3,Manufacturer#3,4-NOT SPECIFIED,0,BUILDING,SHIP,2,0.02,6,Brand#31,14,JUMBO BAG,31,2357,25223.1936
F,F,DELIVER IN PERSON,3,Manufacturer#1,4-NOT SPECIFIED,0,BUILDING,TRUCK,4,0.01,7,Brand#12,14,WRAP CAN,1,2357,75116.1465
F,F,NONE,1,Manufacturer#4,4-NOT SPECIFIED,1,AUTOMOBILE,FOB,2,0.03,3,Brand#42,2,JUMBO BOX,49,2347,41488.74
F,F,DELIVER IN PERSON,4,Manufacturer#4,3-MEDIUM,1,HOUSEHOLD,AIR,1,0.03,20,Brand#44,1,WRAP DRUM,18,755,26283.802
F,F,COLLECT COD,0,Manufacturer#4,3-MEDIUM,1,HOUSEHOLD,AIR,2,0.04,15,Brand#45,1,MED BOX,19,755,34164.45
F,F,TAKE BACK RETURN,4,Manufacturer#4,2-HIGH,2,AUTOMOBILE,REG AIR,2,0.02,11,Brand#42,18,WRAP CASE,23,2076,12475.8634
F,F,TAKE BACK RETURN,1,Manufacturer#5,2-HIGH,2,AUTOMOBILE,REG AIR,1,0.08,3,Brand#51,18,LG PACK,10,2076,89259.9141
F,F,NONE,2,Manufacturer#4,4-NOT SPECIFIED,2,AUTOMOBILE,AIR,1,0.01,8,Brand#45,12,MED DRUM,35,2358,23297.4912
F,F,DELIVER IN PERSON,3,Manufacturer#4,4-NOT SPECIFIED,2,AUTOMOBILE,FOB,2,0,22,Brand#43,12,MED DRUM,22,2358,53590.81
F,F,DELIVER IN PERSON,4,Manufacturer#3,4-NOT SPECIFIED,3,FURNITURE,SHIP,3,0.02,13,Brand#32,19,JUMBO PKG,32,2114,1011.9981
F,F,TAKE BACK RETURN,1,Manufacturer#5,4-NOT SPECIFIED,3,FURNITURE,RAIL,2,0.04,17,Brand#52,19,LG BAG,42,2114,7356.285
F,F,NONE,2,Manufacturer#5,1-URGENT,3,AUTOMOBILE,SHIP,2,0.04,12,Brand#51,22,WRAP DRUM,21,2359,9859.4076
F,F,NONE,3,Manufacturer#2,3-MEDIUM,2,MACHINERY,RAIL,6,0.04,23,Brand#25,8,WRAP PACK,18,2272,3020.596
F,F,NONE,1,Manufacturer#4,4-NOT SPECIFIED,3,FURNITURE,TRUCK,1,0.05,1,Brand#41,6,LG BOX,34,2360,1936.6172
F,F,DELIVER IN PERSON,3,Manufacturer#3,4-NOT SPECIFIED,3,FURNITURE,RAIL,3,0.07,22,Brand#33,6,WRAP BAG,11,2360,60205.2715
F,F,DELIVER IN PERSON,2,Manufacturer#3,3-MEDIUM,2,MACHINERY,MAIL,4,0.07,18,Brand#32,8,LG CASE,30,2272,37138.5
F,F,TAKE BACK RETURN,3,Manufacturer#1,3-MEDIUM,2,MACHINERY,MAIL,5,0.08,7,Brand#14,8,JUMBO CASE,46,2272,58006.656
F,F,TAKE BACK RETURN,2,Manufacturer#2,3-MEDIUM,2,MACHINERY,AIR,2,0.02,21,Brand#23,8,WRAP PKG,47,2272,70685.2476
F,F,COLLECT COD,0,Manufacturer#5,3-MEDIUM,2,MACHINERY,TRUCK,1,0.08,14,Brand#55,8,JUMBO PKG,12,2272,27478.98
F,F,NONE,1,Manufacturer#2,3-MEDIUM,2,MACHINERY,SHIP,3,0.04,3,Brand#25,8,WRAP JAR,20,2272,17726.525
F,F,TAKE BACK RETURN,4,Manufacturer#4,3-MEDIUM,1,HOUSEHOLD,TRUCK,1,0.02,4,Brand#42,1,MED JAR,15,1981,16710.5304
F,F,COLLECT COD,3,Manufacturer#2,1-URGENT,2,FURNITURE,TRUCK,1,0.03,22,Brand#21,9,JUMBO DRUM,8,2361,29410.29
F,F,TAKE BACK RETURN,2,Manufacturer#5,5-LOW,3,AUTOMOBILE,MAIL,1,0.08,12,Brand#53,6,MED BAG,23,2362,18525.507
F,F,DELIVER IN PERSON,3,Manufacturer#5,5-LOW,2,BUILDING,FOB,2,0.08,19,Brand#54,18,SM BOX,37,2363,37433
F,F,NONE,0,Manufacturer#5,5-LOW,2,BUILDING,SHIP,5,0.05,0,Brand#53,18,LG DRUM,36,2363,45753.1008
F,F,DELIVER IN PERSON,2,Manufacturer#4,5-LOW,2,BUILDING,SHIP,1,0.08,12,Brand#43,18,JUMBO DRUM,14,2363,3282.57
F,F,DELIVER IN PERSON,1,Manufacturer#4,3-MEDIUM,1,HOUSEHOLD,AIR,4,0.02,24,Brand#43,1,WRAP PKG,8,1981,26987.34
F,F,COLLECT COD,4,Manufacturer#4,3-MEDIUM,1,HOUSEHOLD,AIR,2,0.04,4,Brand#42,1,LG CAN,29,1981,66174.75
F,F,NONE,2,Manufacturer#5,5-LOW,2,MACHINERY,MAIL,6,0.05,9,Brand#53,18,LG BAG,42,2364,37974.6
F,F,TAKE BACK RETURN,2,Manufacturer#3,5-LOW,2,MACHINERY,TRUCK,7,0.07,8,Brand#32,18,JUMBO BAG,50,2364,38524.2765
F,F,TAKE BACK RETURN,0,Manufacturer#1,5-LOW,2,MACHINERY,REG AIR,3,0.02,14,Brand#13,18,JUMBO BOX,21,2364,12000.96
F,F,DELIVER IN PERSON,4,Manufacturer#4,5-LOW,2,MACHINERY,SHIP,2,0.04,11,Brand#45,18,SM BAG,37,2364,5213.58
F,F,COLLECT COD,2,Manufacturer#1,5-LOW,2,MACHINERY,FOB,5,0,21,Brand#15,18,JUMBO DRUM,23,2364,11358.9
F,F,COLLECT COD,1,Manufacturer#4,1-URGENT,3,MACHINERY,RAIL,1,0.05,2,Brand#43,22,WRAP PKG,4,2365,46732.14
F,F,COLLECT COD,0,Manufacturer#3,4-NOT SPECIFIED,0,MACHINERY,FOB,1,0.05,5,Brand#35,16,JUMBO CAN,6,2366,24542.1
F,F,TAKE BACK RETURN,2,Manufacturer#4,4-NOT SPECIFIED,0,MACHINERY,MAIL,7,0.06,21,Brand#45,16,LG PACK,17,2366,50106.6765
F,F,DELIVER IN PERSON,1,Manufacturer#5,4-NOT SPECIFIED,0,MACHINERY,TRUCK,2,0.02,2,Brand#52,16,LG CAN,4,2366,70953.885
F,F,NONE,2,Manufacturer#5,5-LOW,2,FURNITURE,RAIL,2,0.06,8,Brand#55,12,WRAP DRUM,42,2367,12892.59
F,F,TAKE BACK RETURN,3,Manufacturer#4,5-LOW,2,FURNITURE,TRUCK,5,0.02,22,Brand#45,12,LG JAR,5,2368,6176.805
F,F,COLLECT COD,3,Manufacturer#5,5-LOW,2,FURNITURE,REG AIR,6,0.03,6,Brand#51,12,JUMBO BOX,50,2368,22704.624
F,F,DELIVER IN PERSON,4,Manufacturer#1,5-LOW,2,FURNITURE,RAIL,2,0.07,10,Brand#15,12,SM DRUM,20,2368,73533.6385
F,F,COLLECT COD,0,Manufacturer#4,5-LOW,1,AUTOMOBILE,TRUCK,4,0.08,16,Brand#45,24,MED DRUM,4,2369,19149.0125
F,F,COLLECT COD,0,Manufacturer#2,5-LOW,1,AUTOMOBILE,RAIL,1,0.04,5,Brand#25,24,SM PACK,17,2369,46038.9
F,F,TAKE BACK RETURN,0,Manufacturer#3,5-LOW,1,AUTOMOBILE,RAIL,2,0.08,5,Brand#34,24,SM CASE,39,2369,24305.5904
F,F,NONE,4,Manufacturer#2,4-NOT SPECIFIED,2,MACHINERY,TRUCK,2,0.07,20,Brand#24,8,JUMBO PKG,14,2370,1676.1572
F,F,DELIVER IN PERSON,2,Manufacturer#4,4-NOT SPECIFIED,2,MACHINERY,TRUCK,4,0.02,8,Brand#43,8,JUMBO BAG,47,2370,56370.2208
F,F,NONE,4,Manufacturer#2,4-NOT SPECIFIED,2,MACHINERY,SHIP,3,0.02,4,Brand#23,8,SM CASE,32,2370,44609.796
F,F,NONE,1,Manufacturer#4,4-NOT SPECIFIED,2,MACHINERY,AIR,5,0.03,24,Brand#43,8,WRAP BOX,10,2370,1036.0032
F,F,TAKE BACK RETURN,2,Manufacturer#5,1-URGENT,2,AUTOMOBILE,FOB,1,0.04,18,Brand#54,12,MED DRUM,26,2358,23141.6586
F,F,DELIVER IN PERSON,1,Manufacturer#1,1-URGENT,2,AUTOMOBILE,REG AIR,7,0.08,1,Brand#11,12,JUMBO DRUM,19,2358,17382.816
F,F,DELIVER IN PERSON,2,Manufacturer#5,1-URGENT,2,AUTOMOBILE,REG AIR,5,0.01,9,Brand#53,12,WRAP CAN,46,2358,34167.4281
F,F,TAKE BACK RETURN,2,Manufacturer#1,1-URGENT,2,AUTOMOBILE,AIR,2,0.01,21,Brand#11,12,WRAP CASE,19,2358,9655.9045
F,F,NONE,3,Manufacturer#2,1-URGENT,3,MACHINERY,FOB,5,0.02,22,Brand#25,22,MED CASE,4,2365,12722.1856
F,F,COLLECT COD,3,Manufacturer#4,1-URGENT,3,MACHINERY,MAIL,3,0.03,23,Brand#43,22,WRAP CASE,12,2365,10908
F,F,COLLECT COD,3,Manufacturer#3,1-URGENT,3,MACHINERY,TRUCK,4,0.01,7,Brand#35,22,LG PACK,27,2365,31124.093
F,F,COLLECT COD,2,Manufacturer#3,2-HIGH,4,HOUSEHOLD,REG AIR,2,0.02,18,Brand#35,4,SM PACK,27,2371,10060.161
F,F,COLLECT COD,4,Manufacturer#2,3-MEDIUM,1,AUTOMOBILE,AIR,1,0.06,20,Brand#25,1,LG BAG,5,2372,74405.976
F,F,NONE,2,Manufacturer#3,2-HIGH,4,HOUSEHOLD,RAIL,1,0.06,18,Brand#32,4,SM JAR,8,2371,37621.476
F,F,NONE,0,Manufacturer#2,1-URGENT,3,FURNITURE,TRUCK,5,0.02,15,Brand#24,6,MED BOX,5,1670,15163.344
F,F,COLLECT COD,1,Manufacturer#3,3-MEDIUM,2,MACHINERY,SHIP,5,0.07,24,Brand#33,21,WRAP PACK,46,2373,27283.704
F,F,NONE,0,Manufacturer#4,3-MEDIUM,2,MACHINERY,FOB,4,0.04,15,Brand#42,21,MED JAR,24,2373,23334.84
F,F,NONE,2,Manufacturer#2,1-URGENT,0,AUTOMOBILE,MAIL,4,0.05,8,Brand#23,15,LG JAR,19,2374,38392.9088
F,F,NONE,2,Manufacturer#3,5-LOW,1,AUTOMOBILE,REG AIR,2,0.04,9,Brand#33,24,LG CAN,28,2375,77620.9248
F,F,TAKE BACK RETURN,3,Manufacturer#4,3-MEDIUM,1,BUILDING,MAIL,2,0.02,6,Brand#41,2,SM DRUM,45,2188,35208.108
F,F,NONE,2,Manufacturer#4,3-MEDIUM,1,BUILDING,REG AIR,3,0.06,18,Brand#44,2,MED CASE,1,2188,75592.656
F,F,DELIVER IN PERSON,1,Manufacturer#1,1-URGENT,0,AUTOMOBILE,REG AIR,6,0.03,1,Brand#13,14,MED PKG,5,2198,3172.525
F,F,NONE,1,Manufacturer#3,1-URGENT,0,AUTOMOBILE,FOB,2,0.08,17,Brand#31,14,JUMBO DRUM,8,2198,7913.97
F,F,COLLECT COD,0,Manufacturer#3,1-URGENT,0,AUTOMOBILE,AIR,5,0.04,15,Brand#33,14,JUMBO PKG,35,2198,35478.3744
F,F,TAKE BACK RETURN,4,Manufacturer#3,1-URGENT,0,AUTOMOBILE,AIR,4,0.07,13,Brand#35,14,WRAP CAN,17,2198,3259.42
F,F,COLLECT COD,1,Manufacturer#3,1-URGENT,0,AUTOMOBILE,REG AIR,7,0.06,2,Brand#35,14,MED BOX,15,2198,69742.4728
F,F,DELIVER IN PERSON,1,Manufacturer#4,1-URGENT,3,FURNITURE,REG AIR,1,0,2,Brand#43,7,WRAP JAR,35,2376,3246.6456
F,F,NONE,1,Manufacturer#2,4-NOT SPECIFIED,3,MACHINERY,FOB,5,0.08,2,Brand#21,6,SM DRUM,10,2377,38604.384
F,F,DELIVER IN PERSON,3,Manufacturer#1,4-NOT SPECIFIED,3,MACHINERY,AIR,3,0.08,22,Brand#12,6,JUMBO CASE,18,2377,43634.0823
F,F,COLLECT COD,4,Manufacturer#5,1-URGENT,3,AUTOMOBILE,AIR,2,0.03,20,Brand#55,7,LG CASE,18,2378,7280.952
F,F,DELIVER IN PERSON,0,Manufacturer#1,1-URGENT,3,AUTOMOBILE,AIR,1,0.08,0,Brand#12,7,SM DRUM,46,2378,29261.43
F,F,DELIVER IN PERSON,4,Manufacturer#4,5-LOW,3,HOUSEHOLD,RAIL,1,0.07,20,Brand#45,22,LG CASE,33,2379,67057.08
F,F,NONE,1,Manufacturer#5,1-URGENT,0,AUTOMOBILE,FOB,3,0.02,2,Brand#51,15,SM BAG,47,2374,9771.482
F,F,COLLECT COD,2,Manufacturer#5,1-URGENT,0,AUTOMOBILE,SHIP,1,0.01,18,Brand#55,15,WRAP CAN,17,2374,41699.061
F,F,NONE,3,Manufacturer#4,3-MEDIUM,1,HOUSEHOLD,FOB,1,0.01,19,Brand#45,24,WRAP JAR,29,2380,42333.4605
F,F,DELIVER IN PERSON,4,Manufacturer#2,3-MEDIUM,1,HOUSEHOLD,RAIL,5,0.05,10,Brand#25,24,JUMBO BOX,23,2380,21120.0444
F,F,TAKE BACK RETURN,2,Manufacturer#3,3-MEDIUM,1,HOUSEHOLD,TRUCK,2,0.05,8,Brand#33,24,MED JAR,6,2380,7899.3735
F,F,TAKE BACK RETURN,1,Manufacturer#3,2-HIGH,3,MACHINERY,TRUCK,6,0.06,2,Brand#35,22,JUMBO BAG,41,1702,29125.7307
F,F,TAKE BACK RETURN,2,Manufacturer#2,4-NOT SPECIFIED,4,HOUSEHOLD,MAIL,1,0.01,9,Brand#21,20,SM BAG,31,2381,30356.7708
F,F,COLLECT COD,2,Manufacturer#4,2-HIGH,0,BUILDING,SHIP,2,0.05,8,Brand#43,5,MED DRUM,7,2382,33403.6935
F,F,COLLECT COD,4,Manufacturer#4,2-HIGH,0,BUILDING,FOB,4,0.07,20,Brand#45,5,MED CAN,39,2382,51444.9792
F,F,TAKE BACK RETURN,1,Manufacturer#2,2-HIGH,0,BUILDING,REG AIR,1,0.01,17,Brand#22,5,LG CAN,33,2382,73658.3808
F,F,TAKE BACK RETURN,0,Manufacturer#1,1-URGENT,0,MACHINERY,SHIP,3,0.02,15,Brand#11,16,SM BOX,22,2383,73036.1952
F,F,TAKE BACK RETURN,1,Manufacturer#3,1-URGENT,4,HOUSEHOLD,SHIP,3,0,1,Brand#32,10,MED PACK,45,1263,40299.5736
F,F,TAKE BACK RETURN,3,Manufacturer#4,1-URGENT,4,HOUSEHOLD,TRUCK,4,0.07,22,Brand#44,10,WRAP BAG,3,1263,59248.644
F,F,TAKE BACK RETURN,0,Manufacturer#2,5-LOW,0,MACHINERY,RAIL,3,0.08,14,Brand#21,14,WRAP PKG,7,2384,14641.4352
F,F,DELIVER IN PERSON,4,Manufacturer#1,5-LOW,0,MACHINERY,MAIL,2,0,20,Brand#13,14,WRAP BAG,14,2384,4981.4964
F,F,TAKE BACK RETURN,4,Manufacturer#4,5-LOW,0,MACHINERY,REG AIR,5,0.05,20,Brand#41,14,MED PKG,4,2384,31237.9095
F,F,COLLECT COD,4,Manufacturer#1,4-NOT SPECIFIED,2,HOUSEHOLD,TRUCK,5,0.01,4,Brand#12,18,WRAP JAR,18,2385,62189.2952
F,F,NONE,4,Manufacturer#4,4-NOT SPECIFIED,3,AUTOMOBILE,RAIL,1,0.03,10,Brand#43,7,MED CASE,26,406,84058.2
F,F,NONE,2,Manufacturer#5,4-NOT SPECIFIED,3,AUTOMOBILE,SHIP,4,0.05,8,Brand#55,7,LG BAG,26,406,40749.291
F,F,DELIVER IN PERSON,4,Manufacturer#2,4-NOT SPECIFIED,3,AUTOMOBILE,AIR,2,0.05,10,Brand#21,7,LG CAN,24,406,67292.28
F,F,DELIVER IN PERSON,4,Manufacturer#5,4-NOT SPECIFIED,3,AUTOMOBILE,FOB,6,0.03,11,Brand#55,7,WRAP BOX,28,406,53517.105
F,F,DELIVER IN PERSON,0,Manufacturer#4,4-NOT SPECIFIED,3,AUTOMOBILE,TRUCK,3,0.01,0,Brand#41,7,MED PACK,49,406,1437.2288
F,F,DELIVER IN PERSON,2,Manufacturer#1,4-NOT SPECIFIED,4,MACHINERY,FOB,1,0.08,12,Brand#15,10,LG BAG,2,1965,29539.41
F,F,NONE,2,Manufacturer#3,4-NOT SPECIFIED,2,HOUSEHOLD,TRUCK,2,0.08,18,Brand#35,18,JUMBO CASE,14,2385,50625.792
F,F,DELIVER IN PERSON,2,Manufacturer#5,1-URGENT,0,AUTOMOBILE,FOB,1,0.01,12,Brand#51,0,LG JAR,35,2386,19610.09
F,F,TAKE BACK RETURN,0,Manufacturer#2,3-MEDIUM,4,HOUSEHOLD,AIR,3,0.08,0,Brand#21,4,MED CAN,22,1125,31040.47
F,F,NONE,2,Manufacturer#1,3-MEDIUM,4,HOUSEHOLD,TRUCK,2,0.01,21,Brand#13,4,MED BOX,1,1125,54783.4914
F,F,DELIVER IN PERSON,0,Manufacturer#1,1-URGENT,1,MACHINERY,AIR,1,0.04,5,Brand#11,1,MED PKG,39,2387,1938.3618
F,F,COLLECT COD,1,Manufacturer#4,2-HIGH,4,HOUSEHOLD,AIR,5,0,1,Brand#44,11,JUMBO PACK,1,1771,78068.6976
F,F,COLLECT COD,1,Manufacturer#5,2-HIGH,4,HOUSEHOLD,TRUCK,3,0.05,2,Brand#52,11,JUMBO CAN,50,1771,7968.35
F,F,TAKE BACK RETURN,1,Manufacturer#3,2-HIGH,4,HOUSEHOLD,SHIP,2,0.08,17,Brand#33,11,WRAP JAR,3,1771,1134.6544
F,F,DELIVER IN PERSON,4,Manufacturer#4,4-NOT SPECIFIED,2,FURNITURE,MAIL,3,0.04,13,Brand#44,9,SM BAG,3,2388,42535.85
F,F,NONE,0,Manufacturer#2,4-NOT SPECIFIED,1,FURNITURE,TRUCK,5,0,16,Brand#23,17,WRAP CASE,35,2389,17895.5056
F,F,NONE,3,Manufacturer#3,4-NOT SPECIFIED,1,FURNITURE,AIR,2,0.03,23,Brand#33,17,LG PACK,35,2389,36474.32
F,F,COLLECT COD,3,Manufacturer#1,4-NOT SPECIFIED,1,FURNITURE,FOB,1,0.03,23,Brand#14,17,WRAP CASE,12,2389,41314.434
F,F,NONE,3,Manufacturer#1,3-MEDIUM,0,MACHINERY,REG AIR,2,0.08,22,Brand#11,0,LG CASE,40,2390,11742.948
F,F,TAKE BACK RETURN,0,Manufacturer#4,3-MEDIUM,0,MACHINERY,RAIL,1,0.06,15,Brand#44,0,MED CASE,29,2390,53348.9106
F,F,NONE,2,Manufacturer#1,3-MEDIUM,0,MACHINERY,SHIP,3,0.03,8,Brand#13,0,SM CAN,1,2390,31557.932
F,F,NONE,1,Manufacturer#5,4-NOT SPECIFIED,1,MACHINERY,TRUCK,5,0.03,17,Brand#54,24,WRAP BOX,10,2391,48882.5944
F,F,COLLECT COD,1,Manufacturer#5,4-NOT SPECIFIED,1,MACHINERY,TRUCK,6,0.02,2,Brand#55,24,LG DRUM,4,2391,12185.74
F,F,COLLECT COD,0,Manufacturer#4,4-NOT SPECIFIED,1,MACHINERY,RAIL,1,0,0,Brand#43,24,MED CASE,2,2391,18351.8016
F,F,TAKE BACK RETURN,4,Manufacturer#5,4-NOT SPECIFIED,1,MACHINERY,SHIP,7,0.01,11,Brand#54,24,LG BAG,25,2391,38324.946
F,F,NONE,2,Manufacturer#3,3-MEDIUM,1,MACHINERY,REG AIR,2,0,8,Brand#35,1,MED DRUM,19,2392,40523.7184
F,F,COLLECT COD,0,Manufacturer#3,3-MEDIUM,1,MACHINERY,TRUCK,4,0.06,0,Brand#34,1,JUMBO CAN,10,2392,50677.8624
F,F,DELIVER IN PERSON,2,Manufacturer#4,3-MEDIUM,1,MACHINERY,TRUCK,3,0,18,Brand#45,1,SM BOX,39,2392,49997.5812
F,F,DELIVER IN PERSON,3,Manufacturer#2,3-MEDIUM,1,MACHINERY,AIR,1,0.05,7,Brand#21,1,SM BAG,6,2392,50634.45
F,F,NONE,4,Manufacturer#1,3-MEDIUM,1,AUTOMOBILE,SHIP,1,0.04,20,Brand#14,1,LG JAR,48,785,59240.7552
F,F,TAKE BACK RETURN,1,Manufacturer#1,5-LOW,4,MACHINERY,TRUCK,4,0.07,1,Brand#14,11,SM JAR,46,1795,57239.18
F,F,NONE,2,Manufacturer#1,5-LOW,4,MACHINERY,TRUCK,3,0.03,12,Brand#12,11,JUMBO CAN,13,1795,7029.0944
F,F,COLLECT COD,0,Manufacturer#4,1-URGENT,0,HOUSEHOLD,REG AIR,6,0.03,16,Brand#45,15,MED CASE,23,958,27005.28
F,F,DELIVER IN PERSON,3,Manufacturer#4,1-URGENT,0,HOUSEHOLD,RAIL,3,0.04,22,Brand#44,15,SM PKG,21,958,53129.736
F,F,DELIVER IN PERSON,3,Manufacturer#1,1-URGENT,0,HOUSEHOLD,FOB,1,0,22,Brand#11,15,MED PACK,16,958,53280.6075
F,F,DELIVER IN PERSON,3,Manufacturer#5,1-URGENT,0,HOUSEHOLD,MAIL,5,0.01,7,Brand#55,15,MED BAG,46,958,47763.3024
F,F,TAKE BACK RETURN,4,Manufacturer#1,3-MEDIUM,4,MACHINERY,AIR,1,0.04,4,Brand#14,10,LG BAG,48,2393,54388.224
F,F,DELIVER IN PERSON,4,Manufacturer#4,2-HIGH,4,BUILDING,TRUCK,1,0.01,11,Brand#45,13,JUMBO BOX,3,347,49949.298
F,F,TAKE BACK RETURN,3,Manufacturer#2,2-HIGH,4,BUILDING,AIR,2,0,7,Brand#23,13,SM CASE,14,347,62208.2538
F,F,NONE,2,Manufacturer#1,2-HIGH,4,BUILDING,REG AIR,2,0.03,21,Brand#12,4,WRAP BAG,44,2394,1044.827
F,F,COLLECT COD,0,Manufacturer#1,5-LOW,0,HOUSEHOLD,SHIP,1,0,14,Brand#12,16,LG BAG,14,2395,52302.69
F,F,DELIVER IN PERSON,4,Manufacturer#5,4-NOT SPECIFIED,4,BUILDING,FOB,2,0,11,Brand#55,10,MED DRUM,50,2396,26456.93
F,F,COLLECT COD,4,Manufacturer#3,4-NOT SPECIFIED,4,BUILDING,RAIL,1,0,13,Brand#33,10,LG PACK,9,2396,12787.1536
F,F,COLLECT COD,2,Manufacturer#4,3-MEDIUM,3,MACHINERY,SHIP,1,0.02,12,Brand#45,22,MED CASE,40,2397,29208.6432
F,F,TAKE BACK RETURN,3,Manufacturer#2,3-MEDIUM,3,MACHINERY,REG AIR,2,0.04,22,Brand#25,22,MED DRUM,31,2397,36638.5962
F,F,DELIVER IN PERSON,1,Manufacturer#5,5-LOW,2,AUTOMOBILE,MAIL,2,0.07,2,Brand#52,9,JUMBO PACK,24,2313,67088.2324
F,F,COLLECT COD,4,Manufacturer#4,5-LOW,2,AUTOMOBILE,REG AIR,1,0.05,13,Brand#41,9,JUMBO BOX,18,2313,27022.3776
F,F,NONE,1,Manufacturer#2,4-NOT SPECIFIED,1,FURNITURE,AIR,5,0.08,1,Brand#24,24,SM BAG,18,2398,37717.1388
F,F,TAKE BACK RETURN,3,Manufacturer#4,4-NOT SPECIFIED,1,FURNITURE,TRUCK,2,0,22,Brand#44,24,WRAP PKG,46,2398,58202.3372
F,F,DELIVER IN PERSON,0,Manufacturer#1,1-URGENT,1,BUILDING,AIR,4,0.05,5,Brand#11,3,SM DRUM,6,2399,5720.3775
F,F,NONE,3,Manufacturer#1,1-URGENT,1,BUILDING,FOB,2,0.07,22,Brand#14,3,SM BAG,15,2399,1183.3272
F,F,DELIVER IN PERSON,0,Manufacturer#1,1-URGENT,1,BUILDING,AIR,6,0.03,15,Brand#15,3,LG BAG,2,2399,22108.878
F,F,NONE,0,Manufacturer#3,1-URGENT,0,FURNITURE,TRUCK,4,0.08,0,Brand#32,0,JUMBO PACK,27,2400,3341.52
F,F,NONE,4,Manufacturer#1,1-URGENT,0,FURNITURE,FOB,5,0,10,Brand#15,0,WRAP JAR,5,2400,51066.6
F,F,TAKE BACK RETURN,3,Manufacturer#3,1-URGENT,0,FURNITURE,REG AIR,6,0.03,6,Brand#34,0,JUMBO JAR,32,2400,21055.4796
F,F,DELIVER IN PERSON,0,Manufacturer#3,3-MEDIUM,3,BUILDING,FOB,2,0.05,16,Brand#34,23,LG JAR,6,2401,52838.8416
F,F,TAKE BACK RETURN,1,Manufacturer#5,3-MEDIUM,3,BUILDING,RAIL,1,0.08,17,Brand#55,23,LG PACK,10,2401,3922.056
F,F,TAKE BACK RETURN,2,Manufacturer#5,3-MEDIUM,3,BUILDING,MAIL,3,0.04,18,Brand#52,23,JUMBO DRUM,6,2401,47521.23
F,F,TAKE BACK RETURN,0,Manufacturer#4,3-MEDIUM,0,MACHINERY,AIR,1,0.04,15,Brand#41,16,WRAP CAN,8,1083,21969.5454
F,F,TAKE BACK RETURN,2,Manufacturer#1,3-MEDIUM,0,MACHINERY,RAIL,2,0.05,18,Brand#11,16,MED CASE,11,1083,55867.4808
F,F,TAKE BACK RETURN,1,Manufacturer#3,3-MEDIUM,0,MACHINERY,AIR,5,0.04,2,Brand#32,16,SM DRUM,15,1083,45288.1728
F,F,TAKE BACK RETURN,1,Manufacturer#4,3-MEDIUM,0,MACHINERY,FOB,6,0.08,1,Brand#45,16,WRAP JAR,39,1083,22343.5104
F,F,TAKE BACK RETURN,3,Manufacturer#3,5-LOW,2,BUILDING,RAIL,3,0.01,7,Brand#32,12,LG BOX,44,2402,68072.2504
F,F,NONE,3,Manufacturer#1,5-LOW,2,BUILDING,MAIL,3,0.08,22,Brand#14,8,SM PACK,2,2403,66651.028
F,F,DELIVER IN PERSON,2,Manufacturer#3,5-LOW,2,BUILDING,RAIL,1,0.06,12,Brand#33,8,JUMBO BOX,18,2403,59438.9664
F,F,TAKE BACK RETURN,1,Manufacturer#2,5-LOW,2,BUILDING,MAIL,6,0.04,1,Brand#25,8,JUMBO PKG,14,2403,66557.9856
F,F,TAKE BACK RETURN,1,Manufacturer#1,1-URGENT,1,HOUSEHOLD,FOB,2,0.01,1,Brand#14,24,MED CASE,16,1819,21737.8455
F,F,TAKE BACK RETURN,2,Manufacturer#5,1-URGENT,1,HOUSEHOLD,RAIL,3,0.02,12,Brand#51,3,MED CASE,50,2404,55186.0155
F,F,COLLECT COD,2,Manufacturer#2,1-URGENT,1,HOUSEHOLD,FOB,2,0.06,12,Brand#23,3,JUMBO JAR,37,2404,40662.171
F,F,DELIVER IN PERSON,1,Manufacturer#2,1-URGENT,1,HOUSEHOLD,MAIL,1,0,3,Brand#21,3,SM CASE,1,2404,75163.9392
F,F,TAKE BACK RETURN,3,Manufacturer#1,1-URGENT,1,HOUSEHOLD,REG AIR,5,0.06,22,Brand#15,3,JUMBO CASE,41,2404,3072.2472
F,F,DELIVER IN PERSON,1,Manufacturer#1,3-MEDIUM,4,BUILDING,SHIP,1,0.07,2,Brand#14,4,MED PACK,2,2405,42528.42
F,F,TAKE BACK RETURN,1,Manufacturer#3,5-LOW,2,FURNITURE,SHIP,4,0.02,24,Brand#33,21,WRAP CASE,28,816,37979.461
F,F,NONE,1,Manufacturer#1,5-LOW,2,FURNITURE,MAIL,6,0.08,17,Brand#11,21,MED BOX,26,816,56730.258
F,F,NONE,2,Manufacturer#3,5-LOW,2,FURNITURE,RAIL,3,0.06,18,Brand#32,21,SM PACK,34,816,28160.3712
F,F,TAKE BACK RETURN,3,Manufacturer#3,3-MEDIUM,1,HOUSEHOLD,MAIL,1,0.06,23,Brand#34,24,JUMBO CAN,29,1563,5229.076
F,F,COLLECT COD,3,Manufacturer#3,5-LOW,4,HOUSEHOLD,RAIL,2,0.08,6,Brand#34,4,WRAP CAN,44,2406,41575.9776
F,F,TAKE BACK RETURN,3,Manufacturer#5,5-LOW,4,HOUSEHOLD,MAIL,4,0.01,19,Brand#52,4,JUMBO PKG,19,2406,3357.088
F,F,NONE,0,Manufacturer#2,1-URGENT,0,AUTOMOBILE,FOB,1,0.03,14,Brand#24,5,JUMBO CASE,11,2407,16649.424
F,F,COLLECT COD,3,Manufacturer#2,1-URGENT,0,AUTOMOBILE,TRUCK,5,0.04,7,Brand#22,5,SM BOX,12,2407,6588.672
F,F,COLLECT COD,3,Manufacturer#2,1-URGENT,0,AUTOMOBILE,FOB,3,0,7,Brand#21,5,WRAP PACK,43,2407,42111.16
F,F,TAKE BACK RETURN,3,Manufacturer#1,1-URGENT,0,AUTOMOBILE,FOB,6,0,23,Brand#13,5,JUMBO BOX,42,2407,6836.9315
F,F,DELIVER IN PERSON,1,Manufacturer#2,1-URGENT,0,AUTOMOBILE,REG AIR,4,0,17,Brand#25,5,LG BOX,40,2407,33618.312
F,F,COLLECT COD,1,Manufacturer#3,3-MEDIUM,1,MACHINERY,SHIP,1,0.07,1,Brand#34,2,JUMBO JAR,20,193,32701.266
F,F,COLLECT COD,4,Manufacturer#3,1-URGENT,4,BUILDING,REG AIR,7,0.06,10,Brand#32,13,WRAP BOX,39,2408,16388.19
F,F,DELIVER IN PERSON,1,Manufacturer#4,5-LOW,3,AUTOMOBILE,AIR,4,0.03,2,Brand#41,22,SM PKG,48,1646,12739.59
F,F,COLLECT COD,2,Manufacturer#1,5-LOW,3,AUTOMOBILE,AIR,5,0.01,9,Brand#13,22,LG CAN,33,1646,38884.293
F,F,TAKE BACK RETURN,1,Manufacturer#5,5-LOW,3,AUTOMOBILE,AIR,1,0.02,24,Brand#53,22,WRAP CASE,35,1646,42068.16
F,F,COLLECT COD,1,Manufacturer#4,5-LOW,3,AUTOMOBILE,FOB,3,0.02,24,Brand#43,22,JUMBO JAR,7,1646,61151.5451
F,F,COLLECT COD,0,Manufacturer#3,4-NOT SPECIFIED,2,AUTOMOBILE,TRUCK,1,0.08,14,Brand#34,21,WRAP BOX,3,80,9269.8788
F,F,NONE,2,Manufacturer#4,4-NOT SPECIFIED,2,AUTOMOBILE,TRUCK,1,0.08,9,Brand#44,21,LG CASE,37,2409,57134.5314
F,F,COLLECT COD,0,Manufacturer#1,4-NOT SPECIFIED,2,AUTOMOBILE,RAIL,6,0,0,Brand#11,21,LG BOX,23,2409,25524.3285
F,F,COLLECT COD,3,Manufacturer#3,4-NOT SPECIFIED,2,AUTOMOBILE,AIR,5,0.03,6,Brand#32,21,SM DRUM,17,2409,51359
F,F,TAKE BACK RETURN,3,Manufacturer#1,4-NOT SPECIFIED,2,AUTOMOBILE,FOB,3,0.02,7,Brand#12,21,SM CAN,45,2409,19525.104
F,F,COLLECT COD,3,Manufacturer#4,1-URGENT,4,BUILDING,AIR,6,0.01,19,Brand#45,13,SM BOX,12,2408,35814.8456
F,F,TAKE BACK RETURN,1,Manufacturer#4,4-NOT SPECIFIED,4,MACHINERY,AIR,1,0.08,24,Brand#44,10,MED CASE,46,2410,14568.1002
F,F,COLLECT COD,0,Manufacturer#3,4-NOT SPECIFIED,0,HOUSEHOLD,FOB,6,0.03,14,Brand#35,0,JUMBO PKG,35,149,12871.95
F,F,NONE,2,Manufacturer#1,4-NOT SPECIFIED,0,HOUSEHOLD,RAIL,5,0.07,8,Brand#11,0,MED CAN,7,149,32492.6316
F,F,COLLECT COD,2,Manufacturer#4,4-NOT SPECIFIED,0,HOUSEHOLD,TRUCK,2,0.05,12,Brand#41,0,LG BAG,34,149,19149.8868
F,F,DELIVER IN PERSON,3,Manufacturer#5,1-URGENT,4,BUILDING,MAIL,5,0.04,22,Brand#55,13,JUMBO PKG,3,2408,63644.3874
F,F,DELIVER IN PERSON,2,Manufacturer#4,1-URGENT,4,BUILDING,MAIL,2,0.07,21,Brand#44,13,SM PACK,1,2408,2992.14
F,F,NONE,1,Manufacturer#4,1-URGENT,4,BUILDING,MAIL,1,0.01,2,Brand#41,13,JUMBO PKG,14,2408,42699.7662
F,F,TAKE BACK RETURN,4,Manufacturer#1,2-HIGH,0,AUTOMOBILE,MAIL,2,0.02,10,Brand#14,16,WRAP BAG,31,2411,19364.64
F,F,TAKE BACK RETURN,4,Manufacturer#2,4-NOT SPECIFIED,3,HOUSEHOLD,MAIL,2,0,10,Brand#23,7,WRAP CAN,27,1148,31264.87
F,F,NONE,0,Manufacturer#2,4-NOT SPECIFIED,3,HOUSEHOLD,FOB,1,0.06,5,Brand#25,7,JUMBO CASE,37,1148,62516.5992
F,F,NONE,4,Manufacturer#2,2-HIGH,0,MACHINERY,TRUCK,5,0.06,20,Brand#24,16,MED DRUM,3,2412,1158.3445
F,F,NONE,3,Manufacturer#3,2-HIGH,0,MACHINERY,TRUCK,4,0.03,7,Brand#31,16,WRAP DRUM,43,2412,26975.312
F,F,DELIVER IN PERSON,4,Manufacturer#2,2-HIGH,0,MACHINERY,REG AIR,1,0.05,10,Brand#22,16,JUMBO PACK,22,2412,8707.377
F,F,NONE,0,Manufacturer#3,2-HIGH,0,MACHINERY,TRUCK,7,0.01,0,Brand#35,16,WRAP PKG,5,2412,48783.28
F,F,COLLECT COD,3,Manufacturer#2,2-HIGH,0,MACHINERY,TRUCK,2,0.07,7,Brand#23,16,JUMBO CAN,17,2412,54596.3328
F,F,DELIVER IN PERSON,2,Manufacturer#2,4-NOT SPECIFIED,0,FURNITURE,AIR,2,0.05,18,Brand#21,16,SM DRUM,45,2413,32421.0775
F,F,NONE,3,Manufacturer#5,4-NOT SPECIFIED,0,FURNITURE,FOB,1,0.05,7,Brand#55,16,WRAP PKG,27,2413,7598.136
F,F,COLLECT COD,2,Manufacturer#2,4-NOT SPECIFIED,0,FURNITURE,SHIP,3,0.08,21,Brand#22,16,JUMBO BAG,25,2413,3160.53
F,F,NONE,4,Manufacturer#3,2-HIGH,0,AUTOMOBILE,TRUCK,1,0.02,10,Brand#33,16,WRAP CAN,6,2411,53747.76
F,F,NONE,3,Manufacturer#4,4-NOT SPECIFIED,4,FURNITURE,FOB,5,0.05,22,Brand#43,11,WRAP CAN,35,2414,36156.5113
F,F,TAKE BACK RETURN,3,Manufacturer#4,1-URGENT,3,BUILDING,FOB,2,0,22,Brand#41,23,LG JAR,16,2415,8901.63
F,F,NONE,2,Manufacturer#1,1-URGENT,3,BUILDING,SHIP,1,0,12,Brand#11,23,MED BOX,18,2415,51781.65
F,F,TAKE BACK RETURN,2,Manufacturer#1,5-LOW,3,MACHINERY,TRUCK,3,0.07,8,Brand#14,7,LG JAR,12,2416,19204.6302
F,F,NONE,3,Manufacturer#1,5-LOW,3,MACHINERY,RAIL,4,0.03,19,Brand#12,7,WRAP BOX,8,2416,20467.7025
F,F,DELIVER IN PERSON,1,Manufacturer#1,5-LOW,3,MACHINERY,REG AIR,1,0.02,2,Brand#11,7,MED CASE,36,2416,2172.9636
F,F,NONE,4,Manufacturer#5,5-LOW,3,MACHINERY,AIR,2,0.04,10,Brand#51,7,MED CAN,14,2416,32220.8523
F,F,COLLECT COD,2,Manufacturer#1,2-HIGH,3,BUILDING,REG AIR,1,0.06,8,Brand#14,6,WRAP CAN,38,648,61619.8428
F,F,TAKE BACK RETURN,3,Manufacturer#3,3-MEDIUM,0,HOUSEHOLD,RAIL,2,0.01,7,Brand#33,15,SM BAG,30,2417,87586.5984
F,F,NONE,2,Manufacturer#1,3-MEDIUM,4,BUILDING,RAIL,1,0,18,Brand#11,4,SM CAN,12,2418,24635.6154
F,F,COLLECT COD,4,Manufacturer#3,5-LOW,1,AUTOMOBILE,AIR,6,0.01,10,Brand#35,2,LG CAN,39,2347,60841.1616
F,F,COLLECT COD,0,Manufacturer#2,5-LOW,1,AUTOMOBILE,FOB,1,0.02,15,Brand#23,2,JUMBO CAN,30,2347,68777.074
F,F,DELIVER IN PERSON,1,Manufacturer#1,5-LOW,1,AUTOMOBILE,MAIL,7,0.04,2,Brand#14,2,WRAP PACK,41,2347,78528.2124
F,F,NONE,0,Manufacturer#2,5-LOW,1,AUTOMOBILE,RAIL,2,0.05,15,Brand#25,2,LG CASE,31,2347,66446.8714
F,F,NONE,4,Manufacturer#4,5-LOW,1,AUTOMOBILE,REG AIR,3,0.02,4,Brand#42,2,WRAP BAG,10,2347,6723.4968
F,F,COLLECT COD,1,Manufacturer#3,5-LOW,1,AUTOMOBILE,TRUCK,5,0,3,Brand#33,2,WRAP BOX,41,2347,57289.68
F,F,COLLECT COD,0,Manufacturer#3,2-HIGH,3,FURNITURE,AIR,2,0.01,16,Brand#35,23,SM PACK,29,2419,24574.8048
F,F,TAKE BACK RETURN,4,Manufacturer#4,2-HIGH,3,FURNITURE,TRUCK,1,0,20,Brand#44,23,LG JAR,22,2419,63956.8384
F,F,DELIVER IN PERSON,2,Manufacturer#2,3-MEDIUM,1,BUILDING,TRUCK,1,0.05,8,Brand#23,2,MED PACK,12,2420,73943.6544
F,F,NONE,0,Manufacturer#4,4-NOT SPECIFIED,0,FURNITURE,REG AIR,2,0.07,16,Brand#41,14,WRAP BOX,13,2421,18107.8436
F,F,COLLECT COD,0,Manufacturer#1,4-NOT SPECIFIED,0,FURNITURE,AIR,1,0.04,16,Brand#11,14,LG PACK,40,2421,24361.92
F,F,NONE,2,Manufacturer#2,4-NOT SPECIFIED,3,AUTOMOBILE,TRUCK,2,0.05,21,Brand#24,19,WRAP BAG,35,892,46559.898
F,F,COLLECT COD,3,Manufacturer#2,2-HIGH,4,AUTOMOBILE,REG AIR,3,0.03,7,Brand#23,13,WRAP BAG,8,2422,50010.28
F,F,TAKE BACK RETURN,4,Manufacturer#1,2-HIGH,4,AUTOMOBILE,MAIL,2,0.02,20,Brand#11,13,LG BOX,26,2422,85676.3
F,F,COLLECT COD,3,Manufacturer#3,2-HIGH,4,AUTOMOBILE,MAIL,1,0.03,19,Brand#35,13,SM DRUM,12,2422,52255.6398
F,F,COLLECT COD,0,Manufacturer#1,1-URGENT,3,MACHINERY,MAIL,7,0.04,14,Brand#11,6,SM PKG,34,2377,63375.9588
F,F,DELIVER IN PERSON,4,Manufacturer#5,1-URGENT,3,MACHINERY,REG AIR,4,0.02,20,Brand#52,6,MED BOX,21,2377,23237.9472
F,F,NONE,2,Manufacturer#3,1-URGENT,3,MACHINERY,MAIL,1,0.06,8,Brand#35,6,SM CAN,7,2377,23302.3311
F,F,TAKE BACK RETURN,2,Manufacturer#4,1-URGENT,3,MACHINERY,REG AIR,5,0.07,8,Brand#41,6,SM CAN,21,2377,73104.395
F,F,DELIVER IN PERSON,0,Manufacturer#1,3-MEDIUM,2,FURNITURE,AIR,2,0.06,0,Brand#12,8,LG BOX,27,2423,56460.4608
F,F,NONE,0,Manufacturer#1,3-MEDIUM,2,FURNITURE,AIR,1,0.02,14,Brand#11,8,MED PKG,26,2423,6347.5412
F,F,NONE,1,Manufacturer#2,1-URGENT,0,BUILDING,SHIP,1,0.02,1,Brand#25,15,LG PACK,36,1957,49984.44
F,F,NONE,3,Manufacturer#2,1-URGENT,0,BUILDING,TRUCK,6,0,22,Brand#25,15,JUMBO JAR,18,1957,7503.385
F,F,COLLECT COD,1,Manufacturer#5,1-URGENT,0,BUILDING,FOB,4,0.03,24,Brand#51,15,MED PACK,5,1957,44193.724
F,F,COLLECT COD,0,Manufacturer#2,1-URGENT,0,BUILDING,MAIL,5,0.02,14,Brand#25,15,SM CAN,15,1957,55601.5145
F,F,NONE,4,Manufacturer#2,1-URGENT,0,BUILDING,RAIL,2,0.02,13,Brand#24,15,LG CAN,40,1957,5199.8128
F,F,TAKE BACK RETURN,4,Manufacturer#4,3-MEDIUM,0,AUTOMOBILE,AIR,1,0.06,10,Brand#43,14,JUMBO DRUM,17,2424,18698.7567
F,F,NONE,4,Manufacturer#5,4-NOT SPECIFIED,4,HOUSEHOLD,RAIL,3,0.07,13,Brand#55,4,LG BAG,48,1377,4714.8192
F,F,COLLECT COD,4,Manufacturer#4,4-NOT SPECIFIED,4,HOUSEHOLD,TRUCK,1,0.01,10,Brand#42,4,WRAP PACK,34,1377,26986.176
F,F,TAKE BACK RETURN,3,Manufacturer#5,5-LOW,0,MACHINERY,FOB,2,0.05,23,Brand#54,0,MED CAN,22,832,21231.0826
F,F,TAKE BACK RETURN,1,Manufacturer#3,5-LOW,4,MACHINERY,MAIL,1,0.05,2,Brand#34,20,LG BOX,41,2425,8786.1048
F,F,NONE,3,Manufacturer#1,5-LOW,4,MACHINERY,SHIP,1,0.04,7,Brand#15,11,WRAP CAN,1,2426,38291.498
F,F,TAKE BACK RETURN,2,Manufacturer#2,5-LOW,4,MACHINERY,SHIP,6,0.03,8,Brand#23,20,SM JAR,18,2425,13458.4299
F,F,COLLECT COD,1,Manufacturer#4,5-LOW,2,FURNITURE,FOB,2,0.01,24,Brand#43,21,MED CAN,27,2427,34752.74
F,F,NONE,1,Manufacturer#4,5-LOW,2,FURNITURE,SHIP,6,0.03,1,Brand#43,21,JUMBO JAR,29,2427,69870.71
F,F,COLLECT COD,1,Manufacturer#2,5-LOW,2,FURNITURE,FOB,3,0.03,24,Brand#25,21,MED PKG,33,2427,8493.8854
F,F,DELIVER IN PERSON,3,Manufacturer#3,5-LOW,2,FURNITURE,TRUCK,1,0.02,23,Brand#35,21,SM BAG,18,2427,28323.3024
F,F,NONE,0,Manufacturer#1,4-NOT SPECIFIED,1,AUTOMOBILE,REG AIR,7,0.02,15,Brand#13,24,JUMBO CAN,10,2183,3858.9096
F,F,TAKE BACK RETURN,3,Manufacturer#2,1-URGENT,4,BUILDING,RAIL,1,0,6,Brand#22,20,SM CASE,33,2428,58342
F,F,TAKE BACK RETURN,2,Manufacturer#4,1-URGENT,3,BUILDING,TRUCK,7,0.06,18,Brand#41,19,LG CAN,24,2429,2939.4684
F,F,COLLECT COD,4,Manufacturer#2,1-URGENT,3,BUILDING,TRUCK,1,0,13,Brand#23,19,LG CAN,7,2429,42921.252
F,F,TAKE BACK RETURN,1,Manufacturer#2,4-NOT SPECIFIED,0,HOUSEHOLD,REG AIR,3,0.03,3,Brand#25,0,LG PACK,37,510,45147.7572
F,F,NONE,1,Manufacturer#5,4-NOT SPECIFIED,0,HOUSEHOLD,FOB,1,0.02,1,Brand#52,0,MED CAN,7,510,21062.2776
F,F,DELIVER IN PERSON,3,Manufacturer#5,3-MEDIUM,1,BUILDING,MAIL,6,0.08,6,Brand#53,1,LG DRUM,3,2239,29251.0218
F,F,DELIVER IN PERSON,0,Manufacturer#5,3-MEDIUM,1,BUILDING,MAIL,4,0,15,Brand#52,1,SM BOX,27,2239,45393.6528
F,F,NONE,2,Manufacturer#2,3-MEDIUM,1,BUILDING,MAIL,3,0.05,18,Brand#23,1,JUMBO JAR,42,2239,55584.0516
F,F,TAKE BACK RETURN,3,Manufacturer#5,4-NOT SPECIFIED,1,AUTOMOBILE,REG AIR,1,0.01,23,Brand#54,24,LG CAN,3,2183,71051.8928
F,F,TAKE BACK RETURN,4,Manufacturer#5,4-NOT SPECIFIED,1,AUTOMOBILE,AIR,2,0.02,4,Brand#52,24,JUMBO CAN,26,2183,56123.8314
F,F,DELIVER IN PERSON,3,Manufacturer#3,4-NOT SPECIFIED,1,AUTOMOBILE,MAIL,6,0.05,22,Brand#32,24,JUMBO JAR,24,2183,28159.6728
F,F,COLLECT COD,4,Manufacturer#3,4-NOT SPECIFIED,1,AUTOMOBILE,REG AIR,5,0,4,Brand#34,24,MED BAG,50,2183,37076.2542
F,F,TAKE BACK RETURN,4,Manufacturer#1,1-URGENT,0,BUILDING,RAIL,2,0.01,10,Brand#14,15,MED CAN,1,2430,25401.1968
F,F,TAKE BACK RETURN,1,Manufacturer#3,3-MEDIUM,0,BUILDING,FOB,4,0.03,1,Brand#31,0,JUMBO BAG,8,2431,33171.8328
F,F,NONE,2,Manufacturer#5,3-MEDIUM,0,BUILDING,AIR,2,0.02,12,Brand#51,0,JUMBO JAR,40,2431,30041.7608
F,F,COLLECT COD,0,Manufacturer#5,1-URGENT,4,FURNITURE,TRUCK,6,0.07,14,Brand#52,13,MED DRUM,11,2432,21248.2512
F,F,NONE,3,Manufacturer#2,1-URGENT,4,FURNITURE,RAIL,5,0.04,19,Brand#22,13,LG PKG,7,2432,27727.5726
F,F,TAKE BACK RETURN,1,Manufacturer#5,2-HIGH,0,AUTOMOBILE,REG AIR,1,0.05,1,Brand#53,0,MED CAN,26,2433,3513.7
F,F,DELIVER IN PERSON,0,Manufacturer#5,2-HIGH,2,FURNITURE,AIR,2,0.02,15,Brand#55,8,MED BAG,49,961,36652.662
F,F,COLLECT COD,2,Manufacturer#4,2-HIGH,2,FURNITURE,MAIL,4,0.08,21,Brand#43,8,SM CASE,50,961,25299.81
F,F,NONE,4,Manufacturer#3,2-HIGH,4,AUTOMOBILE,REG AIR,5,0,4,Brand#35,10,MED DRUM,29,508,48523.308
F,F,NONE,2,Manufacturer#2,2-HIGH,4,AUTOMOBILE,REG AIR,3,0.05,21,Brand#21,10,WRAP PACK,36,508,45268.28
F,F,NONE,0,Manufacturer#4,2-HIGH,4,AUTOMOBILE,SHIP,2,0.06,5,Brand#42,10,LG CASE,40,508,22422.6002
F,F,COLLECT COD,1,Manufacturer#5,5-LOW,0,BUILDING,TRUCK,2,0.06,2,Brand#52,5,SM CAN,46,2434,5849.9856
F,F,DELIVER IN PERSON,2,Manufacturer#4,5-LOW,0,BUILDING,SHIP,1,0.02,8,Brand#45,5,WRAP JAR,17,2434,24180.444
F,F,NONE,3,Manufacturer#3,5-LOW,0,BUILDING,MAIL,3,0.05,22,Brand#31,5,JUMBO BAG,30,2434,2592.954
F,F,NONE,2,Manufacturer#2,3-MEDIUM,1,AUTOMOBILE,AIR,4,0.04,8,Brand#21,17,JUMBO PKG,38,2435,36853.768
F,F,COLLECT COD,0,Manufacturer#4,3-MEDIUM,1,AUTOMOBILE,AIR,3,0.06,5,Brand#43,17,MED PKG,29,2435,22064.4
F,F,TAKE BACK RETURN,4,Manufacturer#3,3-MEDIUM,1,AUTOMOBILE,REG AIR,1,0.03,13,Brand#33,17,JUMBO CAN,47,2435,14939.652
F,F,COLLECT COD,1,Manufacturer#2,4-NOT SPECIFIED,0,FURNITURE,SHIP,1,0.06,24,Brand#25,5,SM DRUM,50,2436,2211.8642
F,F,DELIVER IN PERSON,0,Manufacturer#5,4-NOT SPECIFIED,0,FURNITURE,TRUCK,2,0.07,14,Brand#55,5,JUMBO BOX,12,2436,17284.032
F,F,COLLECT COD,2,Manufacturer#4,4-NOT SPECIFIED,0,FURNITURE,TRUCK,3,0,9,Brand#41,5,LG PACK,19,2436,40812.6488
F,F,NONE,3,Manufacturer#2,3-MEDIUM,4,AUTOMOBILE,REG AIR,1,0.07,23,Brand#24,4,WRAP CAN,30,2437,23019.6512
F,F,DELIVER IN PERSON,3,Manufacturer#1,4-NOT SPECIFIED,0,HOUSEHOLD,MAIL,3,0.08,19,Brand#14,14,MED BOX,50,2438,22394.7542
F,F,NONE,1,Manufacturer#2,4-NOT SPECIFIED,0,HOUSEHOLD,MAIL,4,0.07,2,Brand#24,14,MED CASE,7,2438,60483.1008
F,F,TAKE BACK RETURN,3,Manufacturer#1,4-NOT SPECIFIED,1,AUTOMOBILE,AIR,1,0.08,23,Brand#11,17,WRAP PKG,46,2439,24001.245
F,F,TAKE BACK RETURN,2,Manufacturer#3,4-NOT SPECIFIED,1,AUTOMOBILE,TRUCK,3,0.06,8,Brand#34,17,LG PKG,47,2439,80578.9056
F,F,COLLECT COD,1,Manufacturer#5,4-NOT SPECIFIED,1,AUTOMOBILE,FOB,2,0.08,24,Brand#52,17,LG PACK,4,2439,43989.0672
F,F,NONE,4,Manufacturer#1,4-NOT SPECIFIED,1,AUTOMOBILE,FOB,5,0.05,10,Brand#11,17,JUMBO JAR,35,2439,5589.7182
F,F,DELIVER IN PERSON,4,Manufacturer#3,3-MEDIUM,0,HOUSEHOLD,RAIL,4,0.06,13,Brand#32,14,WRAP BOX,27,2440,18503.28
F,F,TAKE BACK RETURN,4,Manufacturer#5,3-MEDIUM,0,HOUSEHOLD,TRUCK,2,0.02,13,Brand#54,14,SM PKG,50,2440,19712.5632
F,F,COLLECT COD,0,Manufacturer#4,3-MEDIUM,4,AUTOMOBILE,MAIL,3,0.04,15,Brand#41,4,JUMBO CASE,23,2437,33923.848
F,F,DELIVER IN PERSON,2,Manufacturer#1,2-HIGH,1,HOUSEHOLD,TRUCK,5,0.08,21,Brand#15,3,MED DRUM,20,2441,2385.738
F,F,DELIVER IN PERSON,4,Manufacturer#4,2-HIGH,2,FURNITURE,SHIP,2,0.05,20,Brand#41,21,SM CAN,35,2442,29929.1112
F,F,DELIVER IN PERSON,0,Manufacturer#2,2-HIGH,2,FURNITURE,RAIL,3,0.04,5,Brand#24,21,SM CASE,49,2442,64989.945
F,F,COLLECT COD,1,Manufacturer#4,2-HIGH,2,FURNITURE,SHIP,5,0.02,3,Brand#42,21,MED DRUM,4,2442,38364.04
F,F,COLLECT COD,4,Manufacturer#2,2-HIGH,2,FURNITURE,SHIP,4,0.04,20,Brand#24,21,SM BOX,30,2442,69948.543
F,F,NONE,3,Manufacturer#3,2-HIGH,2,FURNITURE,AIR,6,0.06,23,Brand#35,21,SM BAG,8,2442,39599.895
F,F,NONE,1,Manufacturer#4,2-HIGH,1,HOUSEHOLD,FOB,6,0.01,17,Brand#45,3,SM PACK,43,2441,29581.496
F,F,COLLECT COD,0,Manufacturer#1,2-HIGH,1,HOUSEHOLD,RAIL,4,0.06,5,Brand#11,3,LG BAG,6,2441,10371.04
F,F,COLLECT COD,1,Manufacturer#4,2-HIGH,1,HOUSEHOLD,REG AIR,2,0.06,2,Brand#41,3,SM DRUM,14,2441,27405.4932
F,F,DELIVER IN PERSON,0,Manufacturer#2,2-HIGH,1,HOUSEHOLD,RAIL,1,0.02,16,Brand#23,3,SM PKG,50,2441,2888.6949
F,F,DELIVER IN PERSON,2,Manufacturer#1,3-MEDIUM,3,MACHINERY,TRUCK,5,0,12,Brand#14,6,SM CASE,10,2443,37700.32
F,F,DELIVER IN PERSON,0,Manufacturer#3,3-MEDIUM,3,MACHINERY,SHIP,4,0.03,15,Brand#35,6,SM PACK,18,2443,18468.051
F,F,NONE,3,Manufacturer#4,3-MEDIUM,3,MACHINERY,SHIP,1,0.05,6,Brand#45,6,SM DRUM,21,2443,36706.624
F,F,TAKE BACK RETURN,4,Manufacturer#4,3-MEDIUM,3,MACHINERY,SHIP,3,0.03,11,Brand#45,6,WRAP BOX,6,2443,10632.4
F,F,DELIVER IN PERSON,2,Manufacturer#2,1-URGENT,2,HOUSEHOLD,RAIL,1,0.05,8,Brand#21,18,WRAP CASE,48,2444,37670.7454
F,F,NONE,4,Manufacturer#2,4-NOT SPECIFIED,0,AUTOMOBILE,AIR,4,0.08,20,Brand#25,14,MED BOX,42,2445,77041.8745
F,F,TAKE BACK RETURN,3,Manufacturer#3,4-NOT SPECIFIED,0,AUTOMOBILE,RAIL,1,0.06,22,Brand#35,14,WRAP CASE,37,2445,47088.7648
F,F,TAKE BACK RETURN,0,Manufacturer#4,4-NOT SPECIFIED,0,AUTOMOBILE,AIR,2,0.01,16,Brand#41,14,WRAP BAG,11,2445,19374.1093
F,F,TAKE BACK RETURN,4,Manufacturer#1,1-URGENT,4,MACHINERY,TRUCK,1,0.07,10,Brand#13,13,WRAP CAN,49,167,70345.344
F,F,COLLECT COD,2,Manufacturer#3,1-URGENT,4,MACHINERY,FOB,2,0.08,21,Brand#35,13,LG JAR,5,167,68248.0608
F,F,TAKE BACK RETURN,1,Manufacturer#4,5-LOW,0,AUTOMOBILE,AIR,1,0.05,1,Brand#41,16,WRAP PKG,23,2446,71491.9296
F,F,COLLECT COD,3,Manufacturer#1,5-LOW,0,AUTOMOBILE,SHIP,5,0.08,6,Brand#15,16,WRAP BAG,50,2446,7611.8175
F,F,NONE,2,Manufacturer#4,5-LOW,0,AUTOMOBILE,REG AIR,4,0.07,8,Brand#44,16,LG PKG,2,2446,23143.6656
F,F,DELIVER IN PERSON,2,Manufacturer#3,5-LOW,0,AUTOMOBILE,TRUCK,2,0,18,Brand#31,16,LG DRUM,47,2446,9543.996
F,F,TAKE BACK RETURN,1,Manufacturer#2,5-LOW,0,AUTOMOBILE,REG AIR,6,0.05,1,Brand#24,16,LG PACK,10,2446,44126.514
F,F,COLLECT COD,3,Manufacturer#4,4-NOT SPECIFIED,0,MACHINERY,RAIL,7,0.04,7,Brand#41,16,MED JAR,22,604,31204.3446
F,F,TAKE BACK RETURN,2,Manufacturer#5,4-NOT SPECIFIED,0,MACHINERY,REG AIR,2,0.01,8,Brand#54,16,JUMBO CASE,22,604,23937.2448
F,F,DELIVER IN PERSON,1,Manufacturer#2,4-NOT SPECIFIED,0,MACHINERY,REG AIR,3,0.07,24,Brand#21,16,MED BAG,38,604,35075.2662
F,F,COLLECT COD,4,Manufacturer#1,4-NOT SPECIFIED,0,MACHINERY,SHIP,4,0.01,10,Brand#13,16,MED PKG,43,604,32573.5344
F,F,TAKE BACK RETURN,1,Manufacturer#5,4-NOT SPECIFIED,2,AUTOMOBILE,AIR,2,0.08,24,Brand#52,21,JUMBO PACK,2,2409,3952.3968
F,F,COLLECT COD,1,Manufacturer#3,4-NOT SPECIFIED,2,AUTOMOBILE,MAIL,3,0.03,24,Brand#32,21,LG JAR,42,2409,38440.96
F,F,COLLECT COD,1,Manufacturer#4,4-NOT SPECIFIED,2,AUTOMOBILE,MAIL,1,0.04,24,Brand#43,21,JUMBO BAG,27,2409,31499.7507
F,F,NONE,1,Manufacturer#2,5-LOW,0,MACHINERY,REG AIR,1,0.01,24,Brand#23,0,LG PACK,13,2447,43405.692
F,F,NONE,2,Manufacturer#5,5-LOW,0,MACHINERY,FOB,3,0.03,18,Brand#53,0,JUMBO BOX,34,2447,30181.68
F,F,NONE,0,Manufacturer#1,4-NOT SPECIFIED,0,FURNITURE,MAIL,2,0,15,Brand#15,16,WRAP PKG,12,2448,5683.7415
F,F,DELIVER IN PERSON,2,Manufacturer#5,4-NOT SPECIFIED,0,FURNITURE,MAIL,3,0.04,21,Brand#52,16,SM CAN,28,2448,37279.879
F,F,TAKE BACK RETURN,2,Manufacturer#3,4-NOT SPECIFIED,0,FURNITURE,FOB,6,0.01,21,Brand#31,16,LG CAN,44,2448,39069.4395
F,F,DELIVER IN PERSON,2,Manufacturer#5,4-NOT SPECIFIED,0,FURNITURE,TRUCK,4,0,18,Brand#53,16,JUMBO JAR,10,2448,13550.2974
F,F,DELIVER IN PERSON,4,Manufacturer#2,3-MEDIUM,2,FURNITURE,TRUCK,4,0.01,4,Brand#22,21,WRAP PKG,32,1818,4387.77
F,F,DELIVER IN PERSON,4,Manufacturer#1,3-MEDIUM,2,FURNITURE,FOB,2,0.08,11,Brand#11,21,SM DRUM,31,1818,21014.7125
F,F,DELIVER IN PERSON,0,Manufacturer#1,3-MEDIUM,2,FURNITURE,TRUCK,3,0,15,Brand#11,21,WRAP BOX,34,1818,28031.4125
F,F,NONE,2,Manufacturer#4,3-MEDIUM,3,FURNITURE,AIR,3,0.08,18,Brand#44,23,MED CASE,12,2449,44270.3808
F,F,COLLECT COD,3,Manufacturer#3,1-URGENT,2,HOUSEHOLD,MAIL,2,0.01,7,Brand#34,21,MED PKG,4,910,32476.7718
F,F,NONE,1,Manufacturer#1,4-NOT SPECIFIED,1,AUTOMOBILE,FOB,2,0,3,Brand#13,1,SM PACK,37,2450,16540.3224
F,F,NONE,2,Manufacturer#2,2-HIGH,3,AUTOMOBILE,TRUCK,7,0.02,21,Brand#22,19,MED JAR,26,2451,20702.66
F,F,DELIVER IN PERSON,1,Manufacturer#2,2-HIGH,3,AUTOMOBILE,FOB,6,0.08,24,Brand#25,19,JUMBO DRUM,1,2451,54006.208
F,F,NONE,3,Manufacturer#3,2-HIGH,3,AUTOMOBILE,FOB,3,0,23,Brand#32,19,WRAP CAN,13,2451,10782.576
F,F,TAKE BACK RETURN,0,Manufacturer#1,2-HIGH,3,AUTOMOBILE,FOB,4,0.07,0,Brand#12,19,MED BAG,7,2451,28594.7658
F,F,COLLECT COD,3,Manufacturer#2,3-MEDIUM,0,AUTOMOBILE,FOB,1,0.01,22,Brand#24,0,JUMBO CASE,39,2452,25493.117
F,F,NONE,0,Manufacturer#5,3-MEDIUM,0,AUTOMOBILE,FOB,5,0.08,16,Brand#55,0,JUMBO PKG,12,2452,67170.84
F,F,DELIVER IN PERSON,2,Manufacturer#2,3-MEDIUM,0,AUTOMOBILE,TRUCK,2,0,18,Brand#22,0,MED DRUM,23,2452,25711.3584
F,F,COLLECT COD,1,Manufacturer#1,3-MEDIUM,4,FURNITURE,TRUCK,4,0,24,Brand#14,20,LG DRUM,16,2453,16836.864
F,F,TAKE BACK RETURN,3,Manufacturer#3,3-MEDIUM,4,FURNITURE,MAIL,5,0.05,7,Brand#32,20,JUMBO DRUM,13,2453,23086.18
F,F,DELIVER IN PERSON,4,Manufacturer#3,1-URGENT,2,HOUSEHOLD,RAIL,5,0.03,11,Brand#35,21,LG PKG,6,910,15817.032
F,F,TAKE BACK RETURN,4,Manufacturer#5,1-URGENT,2,HOUSEHOLD,TRUCK,4,0.08,4,Brand#55,21,SM DRUM,30,910,23621.952
F,F,COLLECT COD,2,Manufacturer#4,1-URGENT,2,HOUSEHOLD,SHIP,1,0,8,Brand#43,21,SM PKG,26,910,20194.8096
F,F,TAKE BACK RETURN,1,Manufacturer#5,5-LOW,2,AUTOMOBILE,RAIL,4,0.07,3,Brand#54,18,WRAP PKG,31,2454,25424.679
F,F,TAKE BACK RETURN,4,Manufacturer#1,1-URGENT,0,AUTOMOBILE,SHIP,1,0.02,10,Brand#14,5,LG CAN,41,2455,61462.17
F,F,DELIVER IN PERSON,3,Manufacturer#4,1-URGENT,0,AUTOMOBILE,FOB,3,0.07,22,Brand#43,5,LG BAG,45,2455,23205.4641
F,F,DELIVER IN PERSON,2,Manufacturer#4,5-LOW,2,AUTOMOBILE,RAIL,2,0.05,12,Brand#43,18,MED PACK,12,2454,42499.732
F,F,NONE,0,Manufacturer#2,5-LOW,2,AUTOMOBILE,AIR,3,0.05,0,Brand#22,18,MED PKG,12,2454,68538.582
F,F,DELIVER IN PERSON,1,Manufacturer#1,5-LOW,4,MACHINERY,RAIL,1,0.03,24,Brand#11,10,MED PACK,39,963,24564.663
F,F,COLLECT COD,2,Manufacturer#4,1-URGENT,1,AUTOMOBILE,REG AIR,2,0.06,18,Brand#43,3,JUMBO CASE,19,2456,14330.646
F,F,NONE,1,Manufacturer#3,1-URGENT,1,AUTOMOBILE,FOB,6,0.02,2,Brand#31,3,MED DRUM,7,2456,57705.55
F,F,COLLECT COD,3,Manufacturer#5,1-URGENT,1,AUTOMOBILE,SHIP,4,0.06,19,Brand#51,3,WRAP PKG,38,2456,45808.164
F,F,NONE,2,Manufacturer#2,2-HIGH,3,MACHINERY,TRUCK,2,0.01,8,Brand#23,23,JUMBO PACK,13,2457,79607.8224
F,F,DELIVER IN PERSON,1,Manufacturer#2,2-HIGH,3,MACHINERY,AIR,1,0,1,Brand#25,23,JUMBO BOX,11,2457,48461.184
F,F,COLLECT COD,2,Manufacturer#3,5-LOW,4,MACHINERY,MAIL,3,0.02,21,Brand#34,10,JUMBO PACK,2,963,29088.7072
F,F,DELIVER IN PERSON,1,Manufacturer#3,2-HIGH,1,AUTOMOBILE,REG AIR,2,0.08,24,Brand#34,24,JUMBO DRUM,27,2458,37949.4
F,F,DELIVER IN PERSON,2,Manufacturer#3,5-LOW,1,MACHINERY,RAIL,2,0.06,18,Brand#32,17,MED JAR,42,2459,44603.172
F,F,DELIVER IN PERSON,0,Manufacturer#5,3-MEDIUM,3,FURNITURE,MAIL,1,0.03,14,Brand#51,22,JUMBO PKG,14,2089,43626.0768
F,F,NONE,0,Manufacturer#2,5-LOW,0,HOUSEHOLD,RAIL,4,0.01,15,Brand#24,5,JUMBO JAR,7,2460,37174.239
F,F,DELIVER IN PERSON,2,Manufacturer#1,5-LOW,0,HOUSEHOLD,RAIL,2,0.07,9,Brand#13,5,MED PKG,11,2460,26445.771
F,F,TAKE BACK RETURN,3,Manufacturer#4,5-LOW,0,HOUSEHOLD,RAIL,1,0.04,7,Brand#42,5,LG PACK,21,2460,20884.42
F,F,DELIVER IN PERSON,1,Manufacturer#5,4-NOT SPECIFIED,1,HOUSEHOLD,MAIL,2,0.04,3,Brand#53,2,LG BOX,32,2461,39875.008
F,F,DELIVER IN PERSON,4,Manufacturer#3,4-NOT SPECIFIED,1,HOUSEHOLD,TRUCK,1,0.02,4,Brand#35,2,SM PACK,5,2461,29507.247
F,F,DELIVER IN PERSON,3,Manufacturer#5,5-LOW,1,MACHINERY,FOB,3,0.03,19,Brand#55,17,LG PKG,16,2459,43580.0872
F,F,TAKE BACK RETURN,3,Manufacturer#2,5-LOW,1,MACHINERY,AIR,1,0,23,Brand#24,17,JUMBO JAR,34,2459,62030.7
F,F,DELIVER IN PERSON,4,Manufacturer#5,4-NOT SPECIFIED,3,AUTOMOBILE,RAIL,1,0.01,20,Brand#53,22,SM CASE,22,2462,43063.3896
F,F,TAKE BACK RETURN,3,Manufacturer#5,4-NOT SPECIFIED,0,HOUSEHOLD,AIR,6,0.05,6,Brand#52,15,SM BOX,29,569,19099.5425
F,F,DELIVER IN PERSON,4,Manufacturer#2,2-HIGH,2,BUILDING,TRUCK,2,0.03,13,Brand#25,21,JUMBO CAN,7,2463,23488.146
F,F,DELIVER IN PERSON,2,Manufacturer#4,2-HIGH,2,BUILDING,TRUCK,1,0.05,18,Brand#42,21,SM CASE,16,2463,18277.89
F,F,COLLECT COD,4,Manufacturer#5,2-HIGH,2,BUILDING,FOB,4,0.04,10,Brand#54,21,WRAP DRUM,11,2463,50958.0759
F,F,NONE,2,Manufacturer#3,1-URGENT,0,AUTOMOBILE,FOB,1,0,9,Brand#33,15,LG PKG,6,2464,35702.1847
F,F,NONE,1,Manufacturer#5,3-MEDIUM,3,AUTOMOBILE,SHIP,2,0.04,2,Brand#52,22,WRAP DRUM,6,672,1650.6399
F,F,DELIVER IN PERSON,3,Manufacturer#2,1-URGENT,2,MACHINERY,RAIL,5,0,22,Brand#22,12,LG BOX,17,2465,7287.6
F,F,COLLECT COD,0,Manufacturer#4,1-URGENT,0,AUTOMOBILE,FOB,5,0.02,5,Brand#44,15,SM CASE,16,2464,46479.2832
F,F,TAKE BACK RETURN,4,Manufacturer#4,1-URGENT,0,AUTOMOBILE,AIR,4,0.01,11,Brand#41,15,WRAP DRUM,35,2464,27692.9744
F,F,TAKE BACK RETURN,1,Manufacturer#1,2-HIGH,3,AUTOMOBILE,TRUCK,3,0.05,17,Brand#11,7,SM CAN,6,406,68795.64
F,F,TAKE BACK RETURN,2,Manufacturer#2,4-NOT SPECIFIED,4,AUTOMOBILE,FOB,2,0.07,18,Brand#21,10,SM PKG,38,2466,4970.4
F,F,TAKE BACK RETURN,0,Manufacturer#2,4-NOT SPECIFIED,4,AUTOMOBILE,AIR,4,0.02,0,Brand#22,10,SM CASE,1,2466,64536.5655
F,F,NONE,2,Manufacturer#1,5-LOW,0,FURNITURE,REG AIR,1,0.05,18,Brand#15,0,LG PKG,11,1444,55048.95
F,F,NONE,0,Manufacturer#3,1-URGENT,1,AUTOMOBILE,RAIL,2,0.06,5,Brand#32,3,JUMBO BAG,43,1203,71508.0912
F,F,DELIVER IN PERSON,3,Manufacturer#4,1-URGENT,1,AUTOMOBILE,REG AIR,4,0.05,23,Brand#43,3,JUMBO CASE,14,1203,13621.446
F,F,NONE,1,Manufacturer#5,1-URGENT,1,AUTOMOBILE,FOB,3,0.07,24,Brand#53,3,LG PKG,50,1203,24962.64
F,F,COLLECT COD,1,Manufacturer#5,5-LOW,2,MACHINERY,AIR,6,0.05,3,Brand#53,18,SM BOX,7,2467,11603.916
F,F,DELIVER IN PERSON,0,Manufacturer#5,5-LOW,2,MACHINERY,RAIL,2,0.01,5,Brand#54,18,SM PKG,30,2467,22497.354
F,F,TAKE BACK RETURN,2,Manufacturer#2,5-LOW,2,MACHINERY,RAIL,3,0,8,Brand#23,18,JUMBO BAG,28,2467,32346.513
F,F,DELIVER IN PERSON,0,Manufacturer#3,5-LOW,4,HOUSEHOLD,AIR,3,0.05,14,Brand#32,4,JUMBO JAR,11,381,69788.2367
F,F,COLLECT COD,0,Manufacturer#3,5-LOW,4,HOUSEHOLD,RAIL,1,0.07,15,Brand#31,4,MED BOX,11,381,14996.6947
F,F,TAKE BACK RETURN,4,Manufacturer#2,5-LOW,4,HOUSEHOLD,REG AIR,7,0.02,20,Brand#22,4,MED DRUM,24,381,61523.748
F,F,COLLECT COD,0,Manufacturer#4,3-MEDIUM,1,AUTOMOBILE,AIR,2,0.05,5,Brand#42,3,WRAP CAN,12,2468,1598.7244
F,F,COLLECT COD,2,Manufacturer#1,3-MEDIUM,1,AUTOMOBILE,AIR,1,0,12,Brand#11,3,WRAP CASE,40,2468,25763.7644
F,F,DELIVER IN PERSON,3,Manufacturer#5,3-MEDIUM,1,AUTOMOBILE,FOB,3,0.06,22,Brand#54,3,JUMBO BOX,11,2468,11565.4672
F,F,NONE,2,Manufacturer#4,5-LOW,2,FURNITURE,SHIP,1,0.04,18,Brand#45,8,JUMBO CASE,12,2469,25480.977
F,F,TAKE BACK RETURN,3,Manufacturer#5,5-LOW,2,FURNITURE,AIR,2,0.03,23,Brand#52,8,LG CAN,2,2469,72443.2714
F,F,COLLECT COD,0,Manufacturer#1,3-MEDIUM,3,HOUSEHOLD,FOB,1,0.06,0,Brand#13,22,MED CASE,31,2470,16802.6448
F,F,COLLECT COD,2,Manufacturer#3,3-MEDIUM,3,HOUSEHOLD,AIR,4,0.06,12,Brand#35,22,LG CASE,1,2470,48857.8755
F,F,DELIVER IN PERSON,4,Manufacturer#2,3-MEDIUM,3,HOUSEHOLD,AIR,3,0.02,11,Brand#23,22,WRAP DRUM,2,2470,46226.5118
F,F,TAKE BACK RETURN,2,Manufacturer#2,5-LOW,0,FURNITURE,RAIL,4,0,12,Brand#21,0,LG BAG,36,1444,13301.8292
F,F,NONE,4,Manufacturer#5,1-URGENT,1,MACHINERY,AIR,2,0.06,4,Brand#52,2,SM PKG,47,1299,48497.9145
F,F,NONE,2,Manufacturer#1,1-URGENT,1,MACHINERY,TRUCK,1,0.04,21,Brand#14,2,JUMBO DRUM,14,1299,67374.97
F,F,TAKE BACK RETURN,0,Manufacturer#5,2-HIGH,2,MACHINERY,RAIL,3,0,16,Brand#54,21,JUMBO DRUM,9,956,8997.5613
F,F,NONE,2,Manufacturer#5,2-HIGH,2,MACHINERY,REG AIR,2,0.02,9,Brand#51,21,JUMBO BAG,10,956,60381.354
F,F,NONE,1,Manufacturer#4,4-NOT SPECIFIED,4,BUILDING,SHIP,2,0.01,2,Brand#44,10,SM BAG,7,2471,21383.208
F,F,DELIVER IN PERSON,1,Manufacturer#1,5-LOW,1,MACHINERY,RAIL,1,0.03,24,Brand#11,24,JUMBO BAG,1,94,31371.504
F,F,TAKE BACK RETURN,4,Manufacturer#1,5-LOW,1,MACHINERY,MAIL,2,0.05,20,Brand#11,24,MED BAG,49,94,46767.2634
F,F,TAKE BACK RETURN,2,Manufacturer#5,5-LOW,1,MACHINERY,SHIP,5,0.06,8,Brand#52,24,WRAP DRUM,38,94,61778.3166
F,F,NONE,0,Manufacturer#2,5-LOW,1,MACHINERY,MAIL,6,0.08,14,Brand#24,24,WRAP JAR,43,94,45051.1995
F,F,COLLECT COD,1,Manufacturer#5,2-HIGH,1,AUTOMOBILE,SHIP,2,0.05,2,Brand#53,2,MED BAG,31,2472,6730.7016
F,F,NONE,1,Manufacturer#2,5-LOW,2,FURNITURE,RAIL,1,0,1,Brand#21,18,JUMBO DRUM,6,2473,23982.75
F,F,COLLECT COD,2,Manufacturer#1,5-LOW,2,FURNITURE,FOB,4,0.01,9,Brand#12,18,LG DRUM,37,2473,3368.415
F,F,DELIVER IN PERSON,2,Manufacturer#3,3-MEDIUM,1,HOUSEHOLD,TRUCK,3,0.08,8,Brand#32,24,MED CAN,12,2474,20863.9844
F,F,DELIVER IN PERSON,3,Manufacturer#3,3-MEDIUM,1,HOUSEHOLD,RAIL,4,0.02,23,Brand#31,24,SM PKG,14,2474,1490.166
F,F,DELIVER IN PERSON,0,Manufacturer#2,2-HIGH,3,FURNITURE,AIR,1,0.04,15,Brand#24,19,SM CASE,38,2475,2144.3
F,F,NONE,2,Manufacturer#2,2-HIGH,2,MACHINERY,RAIL,5,0.04,8,Brand#22,8,LG BAG,29,2476,29803.6484
F,F,TAKE BACK RETURN,0,Manufacturer#3,2-HIGH,2,MACHINERY,MAIL,3,0.03,15,Brand#31,8,WRAP PACK,10,2476,40819.8948
F,F,TAKE BACK RETURN,1,Manufacturer#5,3-MEDIUM,1,BUILDING,SHIP,2,0.05,24,Brand#55,24,MED PACK,23,2477,3153.3736
F,F,TAKE BACK RETURN,2,Manufacturer#3,3-MEDIUM,1,BUILDING,SHIP,5,0.08,12,Brand#33,24,WRAP PACK,4,2477,15818.112
F,F,DELIVER IN PERSON,0,Manufacturer#1,3-MEDIUM,1,BUILDING,RAIL,3,0,16,Brand#11,24,SM BAG,8,2477,10670.59
F,F,TAKE BACK RETURN,1,Manufacturer#2,1-URGENT,3,BUILDING,AIR,1,0.04,2,Brand#24,22,LG DRUM,11,1079,16982.5788
F,F,TAKE BACK RETURN,2,Manufacturer#3,5-LOW,2,MACHINERY,MAIL,1,0.05,18,Brand#31,12,WRAP JAR,39,2478,77118.492
F,F,TAKE BACK RETURN,0,Manufacturer#2,3-MEDIUM,0,HOUSEHOLD,REG AIR,4,0.02,14,Brand#21,16,WRAP PKG,27,2479,32096.27
F,F,COLLECT COD,0,Manufacturer#2,3-MEDIUM,0,HOUSEHOLD,TRUCK,6,0.01,5,Brand#25,16,LG DRUM,11,2479,15271.592
F,F,NONE,3,Manufacturer#5,3-MEDIUM,0,HOUSEHOLD,REG AIR,1,0.03,19,Brand#55,16,WRAP DRUM,35,2479,77264.5643
F,F,COLLECT COD,2,Manufacturer#5,3-MEDIUM,0,HOUSEHOLD,REG AIR,3,0.02,18,Brand#51,16,WRAP JAR,49,2479,11670.788
F,F,NONE,3,Manufacturer#2,5-LOW,2,FURNITURE,TRUCK,1,0.08,22,Brand#24,18,LG CAN,47,2480,2865.4302
F,F,NONE,0,Manufacturer#5,3-MEDIUM,2,FURNITURE,AIR,1,0.04,15,Brand#55,18,WRAP PKG,31,2481,8027.5536
F,F,COLLECT COD,3,Manufacturer#5,3-MEDIUM,2,FURNITURE,MAIL,2,0.03,23,Brand#53,18,SM BAG,27,2481,9161.7648
F,F,DELIVER IN PERSON,2,Manufacturer#1,2-HIGH,3,BUILDING,RAIL,7,0.04,12,Brand#12,6,SM JAR,50,2482,53029.1976
F,F,DELIVER IN PERSON,4,Manufacturer#5,2-HIGH,3,BUILDING,REG AIR,3,0.01,10,Brand#55,6,SM CASE,3,2482,51931.5408
F,F,TAKE BACK RETURN,0,Manufacturer#3,2-HIGH,3,BUILDING,AIR,1,0.02,0,Brand#31,6,WRAP CAN,14,2482,47211.0328
F,F,NONE,2,Manufacturer#1,1-URGENT,3,AUTOMOBILE,MAIL,2,0.02,12,Brand#13,7,SM DRUM,10,406,23499.8973
F,F,DELIVER IN PERSON,2,Manufacturer#2,1-URGENT,3,AUTOMOBILE,SHIP,1,0.06,21,Brand#22,6,MED CAN,4,2483,15238.6416
F,F,COLLECT COD,0,Manufacturer#2,1-URGENT,3,AUTOMOBILE,SHIP,3,0.06,15,Brand#25,7,SM BOX,17,406,12116.412
F,F,TAKE BACK RETURN,0,Manufacturer#3,4-NOT SPECIFIED,1,MACHINERY,REG AIR,4,0.03,15,Brand#34,24,WRAP DRUM,36,1759,47206.4565
F,F,TAKE BACK RETURN,3,Manufacturer#3,4-NOT SPECIFIED,1,MACHINERY,SHIP,2,0.06,6,Brand#33,24,LG CAN,20,1759,4308.69
F,F,COLLECT COD,2,Manufacturer#2,4-NOT SPECIFIED,1,MACHINERY,FOB,6,0.05,12,Brand#21,24,MED CASE,9,1759,17392.815
F,F,TAKE BACK RETURN,1,Manufacturer#1,4-NOT SPECIFIED,1,MACHINERY,MAIL,5,0.01,1,Brand#15,24,JUMBO BOX,32,1759,28199.7312
F,F,NONE,0,Manufacturer#1,2-HIGH,1,HOUSEHOLD,SHIP,5,0.01,15,Brand#11,3,JUMBO BOX,23,2484,42150.879
F,F,NONE,0,Manufacturer#1,1-URGENT,1,AUTOMOBILE,TRUCK,5,0.01,0,Brand#15,2,MED DRUM,1,2485,61132.253
F,F,TAKE BACK RETURN,0,Manufacturer#2,1-URGENT,1,AUTOMOBILE,MAIL,4,0.07,0,Brand#21,2,LG PACK,25,2485,6077.6244
F,F,DELIVER IN PERSON,4,Manufacturer#1,1-URGENT,1,AUTOMOBILE,REG AIR,1,0.01,13,Brand#11,2,WRAP CAN,47,2485,36536.22
F,F,COLLECT COD,4,Manufacturer#1,1-URGENT,1,AUTOMOBILE,TRUCK,2,0.01,11,Brand#14,2,MED BOX,41,2485,41660.3904
F,F,DELIVER IN PERSON,2,Manufacturer#3,2-HIGH,1,HOUSEHOLD,MAIL,1,0.07,9,Brand#35,3,SM BOX,36,2484,7403.428
F,F,TAKE BACK RETURN,1,Manufacturer#5,2-HIGH,1,HOUSEHOLD,RAIL,3,0.08,24,Brand#54,3,WRAP PACK,34,2484,60929.232
F,F,TAKE BACK RETURN,4,Manufacturer#2,5-LOW,2,HOUSEHOLD,REG AIR,5,0.03,10,Brand#25,9,JUMBO CAN,34,2486,34167.2636
F,F,TAKE BACK RETURN,1,Manufacturer#2,2-HIGH,0,BUILDING,SHIP,1,0.07,2,Brand#24,16,JUMBO JAR,17,2487,30569.67
F,F,DELIVER IN PERSON,3,Manufacturer#5,3-MEDIUM,2,MACHINERY,SHIP,2,0.04,6,Brand#52,12,JUMBO BOX,24,2488,8394.5449
F,F,NONE,1,Manufacturer#4,3-MEDIUM,2,MACHINERY,REG AIR,1,0.03,2,Brand#41,12,WRAP BOX,42,2488,34978.176
F,F,DELIVER IN PERSON,2,Manufacturer#3,5-LOW,2,AUTOMOBILE,FOB,1,0.04,18,Brand#33,12,SM BAG,10,2489,62718.21
F,F,NONE,4,Manufacturer#3,5-LOW,2,AUTOMOBILE,REG AIR,3,0.05,13,Brand#33,12,LG JAR,41,2489,55994.9
F,F,NONE,4,Manufacturer#1,5-LOW,0,FURNITURE,FOB,1,0,20,Brand#15,14,LG CASE,2,2528,32600.0948
F,F,DELIVER IN PERSON,3,Manufacturer#4,2-HIGH,4,FURNITURE,MAIL,7,0.05,7,Brand#43,13,SM CAN,38,2490,71007.4778
F,F,TAKE BACK RETURN,0,Manufacturer#5,2-HIGH,4,FURNITURE,FOB,6,0,15,Brand#55,13,JUMBO CASE,10,2490,50526.2972
F,F,NONE,1,Manufacturer#1,4-NOT SPECIFIED,3,HOUSEHOLD,AIR,2,0,24,Brand#13,6,LG DRUM,47,2491,33589.5588
F,F,NONE,3,Manufacturer#3,1-URGENT,4,MACHINERY,FOB,1,0,22,Brand#34,11,LG BOX,35,2492,3970.8942
F,F,DELIVER IN PERSON,2,Manufacturer#4,5-LOW,1,MACHINERY,TRUCK,2,0.07,8,Brand#45,3,JUMBO PACK,49,2493,20496.546
F,F,NONE,1,Manufacturer#2,5-LOW,1,MACHINERY,RAIL,5,0.03,17,Brand#23,3,WRAP BAG,3,2493,18373.551
F,F,TAKE BACK RETURN,3,Manufacturer#3,5-LOW,1,MACHINERY,TRUCK,1,0.02,22,Brand#32,3,JUMBO CAN,10,2493,17720.304
F,F,DELIVER IN PERSON,0,Manufacturer#4,2-HIGH,0,AUTOMOBILE,FOB,6,0.07,15,Brand#41,15,SM BOX,18,2464,23846.6592
F,F,COLLECT COD,3,Manufacturer#2,1-URGENT,3,MACHINERY,MAIL,1,0.01,19,Brand#25,23,MED BAG,45,2494,30146.1552
F,F,NONE,2,Manufacturer#3,2-HIGH,0,AUTOMOBILE,REG AIR,1,0.07,8,Brand#33,15,WRAP PKG,10,2464,40583.27
F,F,TAKE BACK RETURN,1,Manufacturer#3,2-HIGH,0,AUTOMOBILE,AIR,7,0.03,24,Brand#34,15,LG BAG,14,2464,31702.51
F,F,DELIVER IN PERSON,2,Manufacturer#1,2-HIGH,0,AUTOMOBILE,REG AIR,4,0.07,12,Brand#14,15,JUMBO BAG,17,2464,60607.8019
F,F,NONE,3,Manufacturer#4,2-HIGH,0,AUTOMOBILE,REG AIR,2,0.01,23,Brand#42,15,SM CAN,30,2464,24813
F,F,NONE,2,Manufacturer#1,2-HIGH,0,AUTOMOBILE,FOB,3,0.08,18,Brand#11,15,JUMBO BOX,46,2464,12238.116
F,F,NONE,2,Manufacturer#2,2-HIGH,0,AUTOMOBILE,REG AIR,5,0.06,18,Brand#25,15,SM JAR,41,2464,37359.1944
F,F,DELIVER IN PERSON,0,Manufacturer#4,3-MEDIUM,3,FURNITURE,AIR,3,0,5,Brand#41,6,WRAP BAG,10,227,23429.502
F,F,NONE,2,Manufacturer#1,3-MEDIUM,4,BUILDING,TRUCK,1,0.05,21,Brand#13,13,JUMBO PACK,11,2495,57243.095
F,F,COLLECT COD,1,Manufacturer#1,2-HIGH,1,AUTOMOBILE,SHIP,6,0.03,1,Brand#15,17,SM BAG,31,2496,49162.4418
F,F,COLLECT COD,4,Manufacturer#2,2-HIGH,1,AUTOMOBILE,TRUCK,2,0.08,4,Brand#23,17,LG BOX,17,2496,20763.8578
F,F,NONE,4,Manufacturer#5,2-HIGH,1,AUTOMOBILE,MAIL,5,0.07,4,Brand#51,17,LG CAN,23,2496,3501.567
F,F,COLLECT COD,4,Manufacturer#3,2-HIGH,1,AUTOMOBILE,SHIP,1,0.08,4,Brand#34,17,MED BAG,8,2496,57928.5912
F,F,DELIVER IN PERSON,4,Manufacturer#4,5-LOW,4,FURNITURE,TRUCK,1,0.08,20,Brand#42,11,SM PKG,14,2497,46042.43
F,F,COLLECT COD,4,Manufacturer#3,3-MEDIUM,2,FURNITURE,REG AIR,6,0.07,10,Brand#34,21,WRAP BOX,34,2498,36917.812
F,F,TAKE BACK RETURN,4,Manufacturer#3,3-MEDIUM,2,FURNITURE,AIR,2,0.05,4,Brand#33,21,WRAP JAR,2,2498,66732.237
F,F,DELIVER IN PERSON,1,Manufacturer#5,3-MEDIUM,2,FURNITURE,AIR,1,0.01,17,Brand#55,21,SM BOX,7,2498,46968.1344
F,F,TAKE BACK RETURN,3,Manufacturer#3,3-MEDIUM,1,HOUSEHOLD,MAIL,3,0.05,7,Brand#32,17,SM BOX,30,2499,45075.35
F,F,NONE,0,Manufacturer#1,3-MEDIUM,1,HOUSEHOLD,FOB,2,0.01,0,Brand#13,17,SM BOX,9,2499,26034.183
F,F,COLLECT COD,4,Manufacturer#5,3-MEDIUM,1,HOUSEHOLD,AIR,2,0.08,10,Brand#54,2,JUMBO CASE,2,2500,21631.7752
F,F,TAKE BACK RETURN,4,Manufacturer#1,3-MEDIUM,1,HOUSEHOLD,AIR,3,0.07,11,Brand#12,2,MED BOX,12,2500,5421.72
F,F,COLLECT COD,1,Manufacturer#3,3-MEDIUM,1,HOUSEHOLD,AIR,4,0.06,2,Brand#35,2,MED CAN,22,2500,5297.4195
F,F,COLLECT COD,3,Manufacturer#5,3-MEDIUM,1,HOUSEHOLD,RAIL,1,0.06,19,Brand#54,2,WRAP DRUM,17,2500,19200.96
F,F,TAKE BACK RETURN,0,Manufacturer#2,3-MEDIUM,0,MACHINERY,RAIL,2,0.06,0,Brand#21,16,MED CAN,44,2501,3708.369
F,F,NONE,2,Manufacturer#5,4-NOT SPECIFIED,3,FURNITURE,FOB,3,0.03,12,Brand#53,23,JUMBO CAN,35,2502,43913.0965
F,F,COLLECT COD,0,Manufacturer#2,4-NOT SPECIFIED,3,FURNITURE,TRUCK,1,0,0,Brand#25,23,JUMBO PKG,25,2502,64426.3092
F,F,NONE,2,Manufacturer#1,4-NOT SPECIFIED,3,FURNITURE,REG AIR,5,0.04,21,Brand#11,23,WRAP DRUM,7,2502,36184.8864
F,F,COLLECT COD,4,Manufacturer#1,4-NOT SPECIFIED,3,FURNITURE,FOB,7,0.02,11,Brand#14,23,MED BOX,49,2502,80835
F,F,COLLECT COD,2,Manufacturer#2,1-URGENT,2,FURNITURE,SHIP,1,0,8,Brand#25,12,JUMBO JAR,44,2503,55211.04
F,F,TAKE BACK RETURN,2,Manufacturer#2,1-URGENT,2,FURNITURE,REG AIR,2,0.04,21,Brand#23,12,MED BOX,13,2503,40781.898
F,F,TAKE BACK RETURN,2,Manufacturer#3,2-HIGH,4,FURNITURE,SHIP,4,0.08,8,Brand#32,10,JUMBO BAG,50,2349,38524.2765
F,F,DELIVER IN PERSON,3,Manufacturer#4,2-HIGH,4,BUILDING,REG AIR,1,0.02,7,Brand#41,20,SM CASE,5,1355,31285.575
F,F,TAKE BACK RETURN,4,Manufacturer#3,2-HIGH,3,MACHINERY,TRUCK,2,0.04,20,Brand#31,23,JUMBO PKG,45,2504,73989.855
F,F,DELIVER IN PERSON,1,Manufacturer#1,3-MEDIUM,0,MACHINERY,REG AIR,3,0.08,3,Brand#12,0,MED JAR,23,2505,41611.0365
F,F,COLLECT COD,2,Manufacturer#1,1-URGENT,0,HOUSEHOLD,REG AIR,4,0,9,Brand#14,14,WRAP PACK,20,2245,55488.1248
F,F,NONE,2,Manufacturer#4,3-MEDIUM,0,MACHINERY,AIR,6,0.01,18,Brand#43,16,WRAP BAG,48,2501,61244.22
F,F,TAKE BACK RETURN,3,Manufacturer#5,3-MEDIUM,0,MACHINERY,MAIL,5,0,22,Brand#55,16,LG CASE,26,2501,12766.1856
F,F,COLLECT COD,2,Manufacturer#3,3-MEDIUM,0,MACHINERY,REG AIR,1,0.07,8,Brand#35,16,JUMBO PKG,42,2501,20392.4448
F,F,COLLECT COD,2,Manufacturer#1,3-MEDIUM,0,MACHINERY,SHIP,3,0.02,18,Brand#15,16,MED BAG,43,2501,31424.5624
F,F,TAKE BACK RETURN,0,Manufacturer#5,5-LOW,0,AUTOMOBILE,AIR,1,0.04,16,Brand#53,5,SM BOX,22,320,11550.2688
F,F,COLLECT COD,3,Manufacturer#3,5-LOW,1,FURNITURE,REG AIR,3,0.02,23,Brand#34,2,WRAP CAN,37,2506,41669.77
F,F,NONE,3,Manufacturer#2,5-LOW,1,FURNITURE,RAIL,2,0.06,23,Brand#22,2,JUMBO BOX,1,2506,19082.5664
F,F,TAKE BACK RETURN,1,Manufacturer#2,3-MEDIUM,2,AUTOMOBILE,SHIP,4,0.01,17,Brand#24,18,JUMBO PKG,45,2507,29964.7936
F,F,DELIVER IN PERSON,3,Manufacturer#3,1-URGENT,4,MACHINERY,TRUCK,3,0.02,22,Brand#34,11,MED BOX,16,806,10861.983
F,F,DELIVER IN PERSON,3,Manufacturer#3,5-LOW,3,AUTOMOBILE,REG AIR,5,0.05,7,Brand#34,23,JUMBO PACK,31,2508,40553.4129
F,F,COLLECT COD,3,Manufacturer#2,5-LOW,3,AUTOMOBILE,RAIL,3,0.01,23,Brand#23,23,SM JAR,22,2508,21396.9888
F,F,TAKE BACK RETURN,1,Manufacturer#1,5-LOW,3,AUTOMOBILE,TRUCK,2,0.08,2,Brand#15,23,JUMBO BAG,13,2508,47099.405
F,F,DELIVER IN PERSON,1,Manufacturer#2,5-LOW,3,AUTOMOBILE,FOB,4,0.01,24,Brand#22,23,LG DRUM,33,2508,34055.721
F,F,TAKE BACK RETURN,2,Manufacturer#1,2-HIGH,2,FURNITURE,RAIL,5,0.01,9,Brand#11,21,LG PKG,20,2509,42490.7724
F,F,DELIVER IN PERSON,2,Manufacturer#4,2-HIGH,2,FURNITURE,FOB,3,0.04,8,Brand#43,21,JUMBO BAG,28,2509,19468.35
F,F,TAKE BACK RETURN,2,Manufacturer#3,2-HIGH,2,FURNITURE,TRUCK,1,0,21,Brand#32,21,JUMBO BAG,5,2509,3147.42
F,F,TAKE BACK RETURN,0,Manufacturer#5,2-HIGH,2,FURNITURE,TRUCK,7,0.07,15,Brand#51,21,MED DRUM,50,2509,6853.1265
F,F,NONE,2,Manufacturer#3,2-HIGH,2,FURNITURE,REG AIR,6,0.05,12,Brand#33,21,SM BAG,1,2509,80536.1638
F,F,COLLECT COD,1,Manufacturer#1,2-HIGH,4,AUTOMOBILE,AIR,6,0.07,3,Brand#15,11,JUMBO PKG,24,2510,4363.8069
F,F,NONE,1,Manufacturer#3,2-HIGH,4,AUTOMOBILE,AIR,2,0.06,1,Brand#35,11,JUMBO PACK,26,2510,58014.528
F,F,DELIVER IN PERSON,1,Manufacturer#2,2-HIGH,4,AUTOMOBILE,RAIL,1,0.03,1,Brand#23,11,JUMBO CASE,30,2510,24486.1056
F,F,DELIVER IN PERSON,2,Manufacturer#5,5-LOW,1,MACHINERY,AIR,1,0.03,8,Brand#51,24,SM DRUM,21,2511,23169.9244
F,F,NONE,0,Manufacturer#4,5-LOW,1,MACHINERY,AIR,5,0.02,16,Brand#44,24,JUMBO BAG,22,2511,80544.15
F,F,COLLECT COD,0,Manufacturer#5,5-LOW,1,MACHINERY,SHIP,2,0.02,15,Brand#55,24,JUMBO PKG,5,2511,32492.8422
F,F,TAKE BACK RETURN,3,Manufacturer#1,5-LOW,2,BUILDING,MAIL,6,0.06,19,Brand#13,21,MED CAN,39,898,85890
F,F,TAKE BACK RETURN,2,Manufacturer#2,5-LOW,2,BUILDING,AIR,1,0.08,12,Brand#22,21,WRAP JAR,22,898,87499.68
F,F,DELIVER IN PERSON,3,Manufacturer#2,5-LOW,2,BUILDING,MAIL,3,0.07,7,Brand#23,21,SM BOX,46,898,16022.586
F,F,COLLECT COD,3,Manufacturer#1,5-LOW,0,AUTOMOBILE,TRUCK,1,0.01,22,Brand#13,5,JUMBO PACK,12,2512,15027.012
F,F,COLLECT COD,0,Manufacturer#4,3-MEDIUM,2,AUTOMOBILE,REG AIR,2,0.02,0,Brand#44,18,SM BAG,13,2507,59691.5228
F,F,DELIVER IN PERSON,1,Manufacturer#5,3-MEDIUM,2,AUTOMOBILE,SHIP,1,0.01,2,Brand#54,18,SM BAG,29,2507,50011.4433
F,F,NONE,1,Manufacturer#1,1-URGENT,3,MACHINERY,AIR,4,0.02,24,Brand#14,19,WRAP BAG,40,2513,40649.1282
F,F,NONE,0,Manufacturer#2,1-URGENT,3,MACHINERY,SHIP,3,0.08,14,Brand#22,19,WRAP BAG,34,2513,41354.01
F,F,DELIVER IN PERSON,1,Manufacturer#2,1-URGENT,3,MACHINERY,AIR,2,0.08,3,Brand#24,19,MED CASE,29,2513,32398.6425
F,F,DELIVER IN PERSON,3,Manufacturer#2,1-URGENT,3,MACHINERY,REG AIR,6,0.08,7,Brand#24,19,LG CAN,38,2513,44507.52
F,F,NONE,3,Manufacturer#1,1-URGENT,4,AUTOMOBILE,MAIL,4,0.05,22,Brand#14,13,LG PKG,30,1773,27422.6407
F,F,NONE,0,Manufacturer#5,4-NOT SPECIFIED,4,AUTOMOBILE,AIR,1,0.02,15,Brand#52,4,SM JAR,22,430,66570.142
F,F,NONE,2,Manufacturer#2,4-NOT SPECIFIED,4,AUTOMOBILE,MAIL,3,0.08,12,Brand#24,4,WRAP CAN,34,430,9063.6
F,F,DELIVER IN PERSON,1,Manufacturer#3,4-NOT SPECIFIED,4,AUTOMOBILE,AIR,6,0.05,17,Brand#31,4,SM JAR,44,430,52940.8152
F,F,DELIVER IN PERSON,0,Manufacturer#2,4-NOT SPECIFIED,1,BUILDING,TRUCK,1,0.03,14,Brand#21,1,SM BOX,11,2056,60509.4672
F,F,NONE,1,Manufacturer#3,1-URGENT,1,MACHINERY,MAIL,3,0,2,Brand#34,17,LG JAR,1,2514,962.9664
F,F,TAKE BACK RETURN,1,Manufacturer#3,1-URGENT,1,MACHINERY,TRUCK,2,0.07,24,Brand#33,17,JUMBO PACK,35,2514,13680.6208
F,F,NONE,3,Manufacturer#5,1-URGENT,1,MACHINERY,REG AIR,4,0.02,6,Brand#54,17,WRAP CASE,6,2514,53094.2538
F,F,DELIVER IN PERSON,2,Manufacturer#4,1-URGENT,4,AUTOMOBILE,MAIL,6,0.06,8,Brand#44,13,WRAP CASE,13,1773,65924.1
F,F,TAKE BACK RETURN,4,Manufacturer#2,5-LOW,4,HOUSEHOLD,FOB,5,0.02,10,Brand#25,11,LG CAN,33,2515,38142.738
F,F,DELIVER IN PERSON,3,Manufacturer#4,4-NOT SPECIFIED,3,BUILDING,SHIP,2,0.07,6,Brand#43,22,MED PACK,42,2516,2868.221
F,F,TAKE BACK RETURN,2,Manufacturer#3,2-HIGH,4,HOUSEHOLD,RAIL,3,0.01,12,Brand#34,20,WRAP PKG,30,2517,46020.4608
F,F,NONE,0,Manufacturer#1,2-HIGH,4,HOUSEHOLD,TRUCK,1,0.06,15,Brand#15,20,MED PKG,26,2517,33426.9342
F,F,COLLECT COD,4,Manufacturer#2,5-LOW,4,HOUSEHOLD,TRUCK,1,0.04,10,Brand#24,11,MED PKG,48,2515,35170.485
F,F,COLLECT COD,3,Manufacturer#2,4-NOT SPECIFIED,1,HOUSEHOLD,FOB,6,0.05,7,Brand#25,24,MED JAR,25,2518,25280.496
F,F,TAKE BACK RETURN,1,Manufacturer#1,4-NOT SPECIFIED,1,HOUSEHOLD,TRUCK,7,0.07,1,Brand#14,24,JUMBO PACK,28,2518,37311.1596
F,F,TAKE BACK RETURN,2,Manufacturer#5,1-URGENT,2,BUILDING,SHIP,6,0.07,18,Brand#54,9,WRAP BOX,42,2519,56893.8672
F,F,DELIVER IN PERSON,4,Manufacturer#3,1-URGENT,2,BUILDING,TRUCK,1,0.01,11,Brand#31,9,MED CASE,50,2519,3832.2048
F,F,DELIVER IN PERSON,3,Manufacturer#3,3-MEDIUM,0,HOUSEHOLD,RAIL,1,0.06,22,Brand#35,16,SM JAR,33,2520,20463.7706
F,F,NONE,1,Manufacturer#4,3-MEDIUM,0,HOUSEHOLD,MAIL,2,0.04,17,Brand#42,16,LG PACK,45,2520,27183.3978
F,F,TAKE BACK RETURN,4,Manufacturer#4,4-NOT SPECIFIED,0,MACHINERY,AIR,5,0.02,11,Brand#41,5,WRAP BOX,40,2521,64218.5
F,F,NONE,1,Manufacturer#2,4-NOT SPECIFIED,1,BUILDING,REG AIR,1,0.07,3,Brand#23,2,MED PACK,33,2522,59410.1376
F,F,COLLECT COD,1,Manufacturer#5,4-NOT SPECIFIED,1,BUILDING,FOB,4,0.06,24,Brand#55,2,SM BOX,15,2522,51287.904
F,F,COLLECT COD,2,Manufacturer#5,3-MEDIUM,4,FURNITURE,REG AIR,5,0.07,18,Brand#51,10,MED PACK,44,2523,49556.16
F,F,NONE,2,Manufacturer#1,3-MEDIUM,4,FURNITURE,AIR,4,0.07,8,Brand#14,10,WRAP JAR,30,2523,59639.8
F,F,NONE,1,Manufacturer#5,4-NOT SPECIFIED,2,MACHINERY,FOB,5,0.08,1,Brand#51,21,MED BOX,6,2524,12168.8736
F,F,DELIVER IN PERSON,4,Manufacturer#2,4-NOT SPECIFIED,2,MACHINERY,TRUCK,4,0.02,11,Brand#22,21,SM PACK,28,2524,41414.958
F,F,COLLECT COD,2,Manufacturer#1,4-NOT SPECIFIED,2,MACHINERY,SHIP,3,0.05,9,Brand#14,21,SM CAN,50,2524,11499.11
F,F,NONE,4,Manufacturer#3,5-LOW,3,AUTOMOBILE,AIR,7,0.05,10,Brand#32,6,MED BOX,48,2525,46796.9904
F,F,DELIVER IN PERSON,1,Manufacturer#2,5-LOW,3,AUTOMOBILE,FOB,3,0.08,2,Brand#22,6,JUMBO CAN,39,2525,31794.0392
F,F,DELIVER IN PERSON,2,Manufacturer#3,5-LOW,3,AUTOMOBILE,TRUCK,2,0.04,18,Brand#31,6,SM BOX,6,2525,21147.264
F,F,NONE,2,Manufacturer#2,5-LOW,3,AUTOMOBILE,SHIP,5,0.06,18,Brand#21,6,SM CAN,48,2525,19022.2851
F,F,DELIVER IN PERSON,4,Manufacturer#4,2-HIGH,4,BUILDING,SHIP,2,0.06,20,Brand#45,20,WRAP PACK,25,2176,5253.584
F,F,DELIVER IN PERSON,1,Manufacturer#1,2-HIGH,4,BUILDING,AIR,3,0.01,24,Brand#11,20,JUMBO DRUM,48,2176,14806.4004
F,F,DELIVER IN PERSON,2,Manufacturer#1,2-HIGH,4,BUILDING,AIR,7,0.01,12,Brand#15,20,JUMBO DRUM,38,2176,57206.0949
F,F,COLLECT COD,4,Manufacturer#4,2-HIGH,4,BUILDING,RAIL,6,0.07,4,Brand#45,20,SM PACK,25,2176,54132.5565
F,F,NONE,3,Manufacturer#5,5-LOW,1,HOUSEHOLD,FOB,1,0.08,22,Brand#55,1,MED JAR,36,2526,46020.9024
F,F,DELIVER IN PERSON,0,Manufacturer#3,5-LOW,4,BUILDING,MAIL,1,0.02,15,Brand#33,20,MED CASE,9,2527,54286.55
F,F,COLLECT COD,2,Manufacturer#1,1-URGENT,2,BUILDING,FOB,5,0.03,12,Brand#14,9,WRAP BOX,40,2519,48902.686
F,F,COLLECT COD,3,Manufacturer#4,1-URGENT,2,BUILDING,TRUCK,4,0.04,7,Brand#45,9,JUMBO PACK,41,2519,51925.86
F,F,NONE,0,Manufacturer#2,5-LOW,0,FURNITURE,FOB,5,0.02,14,Brand#24,14,JUMBO JAR,31,2528,24619.3675
F,F,COLLECT COD,1,Manufacturer#3,4-NOT SPECIFIED,2,FURNITURE,RAIL,4,0.05,24,Brand#34,21,WRAP BOX,3,88,56841.6744
F,F,DELIVER IN PERSON,0,Manufacturer#5,5-LOW,0,FURNITURE,TRUCK,6,0.07,0,Brand#53,14,JUMBO PKG,38,2528,11609.3705
F,F,DELIVER IN PERSON,4,Manufacturer#1,5-LOW,0,FURNITURE,REG AIR,4,0.07,20,Brand#13,14,WRAP CAN,33,2528,47965.3638
F,F,NONE,1,Manufacturer#2,2-HIGH,1,AUTOMOBILE,SHIP,1,0.02,24,Brand#23,24,LG CASE,2,2529,49457.89
F,F,DELIVER IN PERSON,2,Manufacturer#2,2-HIGH,4,FURNITURE,TRUCK,1,0,9,Brand#24,11,WRAP CAN,37,2530,67671.54
F,F,DELIVER IN PERSON,2,Manufacturer#4,2-HIGH,1,HOUSEHOLD,FOB,2,0,21,Brand#41,2,WRAP DRUM,19,2531,72781.632
F,F,NONE,1,Manufacturer#3,2-HIGH,1,HOUSEHOLD,AIR,4,0.05,1,Brand#31,2,JUMBO PKG,2,2531,9270.0384
F,F,NONE,0,Manufacturer#3,2-HIGH,0,FURNITURE,FOB,1,0.05,0,Brand#32,0,MED CAN,9,2532,30531.7194
F,F,DELIVER IN PERSON,2,Manufacturer#2,2-HIGH,1,AUTOMOBILE,MAIL,3,0.06,9,Brand#25,24,MED CASE,36,2529,20946.678
F,F,DELIVER IN PERSON,0,Manufacturer#2,1-URGENT,3,MACHINERY,TRUCK,4,0.03,14,Brand#23,7,MED DRUM,46,2533,1175.3973
F,F,DELIVER IN PERSON,2,Manufacturer#2,1-URGENT,3,MACHINERY,SHIP,1,0.03,12,Brand#24,7,SM JAR,46,2533,47887.524
F,F,DELIVER IN PERSON,0,Manufacturer#5,1-URGENT,3,MACHINERY,TRUCK,3,0.05,15,Brand#51,7,MED DRUM,21,2533,11142.2091
F,F,COLLECT COD,3,Manufacturer#4,4-NOT SPECIFIED,2,MACHINERY,FOB,7,0,23,Brand#43,12,MED PKG,29,141,5339.04
F,F,TAKE BACK RETURN,2,Manufacturer#5,4-NOT SPECIFIED,1,AUTOMOBILE,REG AIR,2,0.04,18,Brand#52,24,LG PACK,38,2534,21507.2448
F,F,DELIVER IN PERSON,3,Manufacturer#1,1-URGENT,4,BUILDING,SHIP,1,0.06,23,Brand#13,10,JUMBO BAG,38,2535,6759.2616
F,F,TAKE BACK RETURN,3,Manufacturer#3,4-NOT SPECIFIED,4,BUILDING,SHIP,4,0.04,19,Brand#34,11,SM CAN,49,2536,11922.5855
F,F,DELIVER IN PERSON,4,Manufacturer#4,4-NOT SPECIFIED,4,BUILDING,TRUCK,2,0.07,20,Brand#45,11,WRAP CAN,19,2536,14968.77
F,F,DELIVER IN PERSON,0,Manufacturer#4,4-NOT SPECIFIED,4,BUILDING,AIR,5,0.01,14,Brand#44,11,WRAP CAN,37,2536,917
F,F,COLLECT COD,4,Manufacturer#5,1-URGENT,2,HOUSEHOLD,FOB,1,0.02,4,Brand#52,18,LG CAN,21,2537,67555.9864
F,F,NONE,2,Manufacturer#3,1-URGENT,2,HOUSEHOLD,RAIL,2,0,12,Brand#33,18,JUMBO DRUM,13,2537,43284.528
F,F,TAKE BACK RETURN,2,Manufacturer#4,2-HIGH,0,MACHINERY,REG AIR,5,0.01,8,Brand#43,0,SM BOX,42,2538,79171.309
F,F,NONE,0,Manufacturer#4,2-HIGH,0,MACHINERY,RAIL,4,0.01,15,Brand#42,0,MED DRUM,43,2538,9190.604
F,F,COLLECT COD,1,Manufacturer#1,5-LOW,3,HOUSEHOLD,TRUCK,2,0.07,2,Brand#14,23,LG CAN,2,2539,61821.312
F,F,NONE,4,Manufacturer#1,5-LOW,3,HOUSEHOLD,RAIL,1,0.04,20,Brand#13,23,MED JAR,17,2539,38266.095
F,F,DELIVER IN PERSON,3,Manufacturer#1,5-LOW,3,HOUSEHOLD,RAIL,5,0.05,6,Brand#14,23,LG CAN,21,2539,27768.7575
F,F,NONE,2,Manufacturer#2,5-LOW,3,FURNITURE,SHIP,2,0,18,Brand#24,7,WRAP PACK,30,2540,2061.2334
F,F,DELIVER IN PERSON,0,Manufacturer#3,2-HIGH,1,BUILDING,MAIL,2,0.08,15,Brand#35,17,SM DRUM,35,2541,6547.6375
F,F,COLLECT COD,2,Manufacturer#2,2-HIGH,1,BUILDING,REG AIR,1,0.03,8,Brand#25,17,SM DRUM,49,2541,18366.2645
F,F,DELIVER IN PERSON,1,Manufacturer#1,2-HIGH,1,BUILDING,RAIL,5,0.08,3,Brand#12,17,LG BAG,2,2541,61908.756
F,F,NONE,2,Manufacturer#3,2-HIGH,1,BUILDING,AIR,4,0.04,21,Brand#34,17,WRAP DRUM,45,2541,17014.2
F,F,TAKE BACK RETURN,1,Manufacturer#4,4-NOT SPECIFIED,4,AUTOMOBILE,TRUCK,3,0.08,17,Brand#41,11,LG JAR,37,2542,32262.678
F,F,DELIVER IN PERSON,4,Manufacturer#3,3-MEDIUM,0,FURNITURE,MAIL,7,0.07,10,Brand#31,16,LG BAG,42,2543,55356
F,F,NONE,2,Manufacturer#5,5-LOW,2,BUILDING,SHIP,4,0.05,21,Brand#51,8,JUMBO BOX,22,2544,6800.339
F,F,TAKE BACK RETURN,4,Manufacturer#1,5-LOW,2,BUILDING,AIR,5,0.03,10,Brand#11,8,WRAP PACK,9,2544,43547.7679
F,F,NONE,1,Manufacturer#1,5-LOW,2,BUILDING,MAIL,1,0.05,1,Brand#13,8,MED PKG,5,2544,31057.35
F,F,COLLECT COD,1,Manufacturer#3,3-MEDIUM,2,BUILDING,FOB,1,0.05,3,Brand#32,12,WRAP JAR,21,606,22735.152
F,F,DELIVER IN PERSON,2,Manufacturer#1,4-NOT SPECIFIED,4,AUTOMOBILE,FOB,2,0.04,18,Brand#12,11,MED PKG,6,2542,24276.0225
F,F,NONE,4,Manufacturer#2,3-MEDIUM,2,HOUSEHOLD,MAIL,1,0,20,Brand#21,21,WRAP CASE,41,2545,22655.514
F,F,TAKE BACK RETURN,1,Manufacturer#2,2-HIGH,4,BUILDING,RAIL,1,0.08,17,Brand#23,10,SM BAG,9,2546,39210.4
F,F,DELIVER IN PERSON,0,Manufacturer#3,3-MEDIUM,2,HOUSEHOLD,RAIL,2,0.01,5,Brand#31,21,SM PKG,15,2545,3470.8716
F,F,TAKE BACK RETURN,3,Manufacturer#3,5-LOW,2,BUILDING,AIR,1,0.05,6,Brand#31,9,WRAP CAN,15,2547,13942.656
F,F,TAKE BACK RETURN,1,Manufacturer#5,5-LOW,2,BUILDING,SHIP,3,0.02,2,Brand#52,9,LG JAR,19,2547,56098.5698
F,F,TAKE BACK RETURN,2,Manufacturer#3,3-MEDIUM,0,HOUSEHOLD,SHIP,1,0,18,Brand#35,16,MED DRUM,33,2548,3277.44
F,F,DELIVER IN PERSON,3,Manufacturer#5,3-MEDIUM,0,HOUSEHOLD,AIR,5,0.04,23,Brand#52,16,WRAP JAR,47,2548,6306.75
F,F,TAKE BACK RETURN,4,Manufacturer#4,3-MEDIUM,0,HOUSEHOLD,MAIL,2,0.02,20,Brand#43,16,JUMBO PKG,4,2548,19654.3534
F,F,TAKE BACK RETURN,4,Manufacturer#2,1-URGENT,1,BUILDING,AIR,2,0.01,10,Brand#25,17,WRAP DRUM,31,2549,69786.6624
F,F,TAKE BACK RETURN,0,Manufacturer#2,4-NOT SPECIFIED,2,HOUSEHOLD,TRUCK,2,0.04,14,Brand#22,21,JUMBO DRUM,11,1075,54906.0057
F,F,DELIVER IN PERSON,4,Manufacturer#4,4-NOT SPECIFIED,2,HOUSEHOLD,MAIL,5,0.03,20,Brand#43,21,MED JAR,42,1075,39943.9768
F,F,COLLECT COD,4,Manufacturer#3,4-NOT SPECIFIED,2,HOUSEHOLD,FOB,4,0.04,10,Brand#33,21,MED CAN,22,1075,3176.508
F,F,NONE,1,Manufacturer#4,3-MEDIUM,4,MACHINERY,REG AIR,3,0.08,1,Brand#45,11,WRAP BOX,39,2550,5172.7158
F,F,DELIVER IN PERSON,0,Manufacturer#5,3-MEDIUM,4,MACHINERY,AIR,6,0.03,16,Brand#52,11,LG BOX,28,2550,56895.2982
F,F,COLLECT COD,1,Manufacturer#3,3-MEDIUM,4,MACHINERY,RAIL,2,0,3,Brand#32,11,LG PACK,42,2550,36051.561
F,F,COLLECT COD,3,Manufacturer#1,1-URGENT,1,BUILDING,FOB,1,0.02,22,Brand#14,17,LG PKG,7,2549,51339.0024
F,F,TAKE BACK RETURN,4,Manufacturer#5,3-MEDIUM,2,BUILDING,MAIL,1,0.05,20,Brand#52,9,WRAP CASE,46,2547,21437.1794
F,F,COLLECT COD,4,Manufacturer#5,3-MEDIUM,2,BUILDING,REG AIR,3,0,10,Brand#51,9,MED CAN,14,2547,39341.7
F,F,TAKE BACK RETURN,2,Manufacturer#4,5-LOW,4,HOUSEHOLD,AIR,3,0.01,12,Brand#43,4,MED BOX,16,2551,45609.4692
F,F,DELIVER IN PERSON,2,Manufacturer#5,5-LOW,4,HOUSEHOLD,TRUCK,7,0.02,21,Brand#54,4,WRAP CAN,11,2551,25069.264
F,F,COLLECT COD,3,Manufacturer#2,5-LOW,4,HOUSEHOLD,FOB,4,0.08,23,Brand#23,4,SM PKG,16,2551,1228.31
F,F,TAKE BACK RETURN,4,Manufacturer#1,3-MEDIUM,1,BUILDING,FOB,3,0,10,Brand#11,24,MED BAG,41,2552,49837.1728
F,F,DELIVER IN PERSON,3,Manufacturer#2,2-HIGH,2,AUTOMOBILE,REG AIR,3,0.02,23,Brand#25,8,SM DRUM,13,2553,72595.656
F,F,TAKE BACK RETURN,1,Manufacturer#3,4-NOT SPECIFIED,0,MACHINERY,SHIP,1,0.03,24,Brand#34,16,SM BOX,48,2050,16920.09
F,F,COLLECT COD,2,Manufacturer#2,1-URGENT,0,BUILDING,FOB,2,0.01,12,Brand#25,5,JUMBO BOX,41,2554,51386.94
F,F,DELIVER IN PERSON,2,Manufacturer#2,5-LOW,1,BUILDING,FOB,1,0.08,8,Brand#25,24,MED BOX,28,2555,1799.376
F,F,COLLECT COD,4,Manufacturer#5,5-LOW,1,BUILDING,REG AIR,3,0.06,20,Brand#53,24,JUMBO BAG,28,2555,1792.6215
F,F,DELIVER IN PERSON,3,Manufacturer#3,2-HIGH,2,AUTOMOBILE,AIR,2,0.06,19,Brand#34,8,SM PKG,36,2553,25810.245
F,F,DELIVER IN PERSON,0,Manufacturer#3,1-URGENT,2,BUILDING,RAIL,1,0.08,15,Brand#33,21,MED BOX,10,2556,1259.6199
F,F,DELIVER IN PERSON,3,Manufacturer#5,4-NOT SPECIFIED,2,FURNITURE,TRUCK,2,0.01,22,Brand#55,8,LG PACK,10,2557,12344.1552
F,F,COLLECT COD,4,Manufacturer#4,4-NOT SPECIFIED,2,FURNITURE,RAIL,1,0.04,10,Brand#44,8,JUMBO CAN,10,2557,56710.5448
F,F,NONE,3,Manufacturer#5,1-URGENT,4,MACHINERY,RAIL,1,0.06,7,Brand#53,4,WRAP PACK,43,160,40474.84
F,F,TAKE BACK RETURN,2,Manufacturer#2,2-HIGH,2,BUILDING,FOB,4,0.03,18,Brand#22,12,LG PACK,42,2558,6821.2508
F,F,DELIVER IN PERSON,1,Manufacturer#1,1-URGENT,2,HOUSEHOLD,AIR,6,0.03,17,Brand#13,12,WRAP PACK,27,2559,11687.302
F,F,DELIVER IN PERSON,2,Manufacturer#4,1-URGENT,2,HOUSEHOLD,RAIL,5,0,12,Brand#42,12,MED JAR,25,2559,57678.916
F,F,NONE,0,Manufacturer#5,3-MEDIUM,4,AUTOMOBILE,RAIL,1,0.03,15,Brand#54,20,LG BOX,32,2560,3433.4768
F,F,COLLECT COD,1,Manufacturer#2,3-MEDIUM,4,AUTOMOBILE,MAIL,3,0.05,2,Brand#22,20,SM BOX,4,2560,50534.3772
F,F,COLLECT COD,4,Manufacturer#5,1-URGENT,2,FURNITURE,SHIP,2,0,11,Brand#53,9,JUMBO PKG,27,2561,45311.52
F,F,TAKE BACK RETURN,2,Manufacturer#4,1-URGENT,2,FURNITURE,REG AIR,3,0.08,8,Brand#43,9,MED CASE,1,2561,4248.054
F,F,COLLECT COD,0,Manufacturer#3,2-HIGH,2,BUILDING,TRUCK,1,0.01,5,Brand#35,12,LG BAG,43,2558,13565.376
F,F,NONE,1,Manufacturer#2,3-MEDIUM,4,FURNITURE,RAIL,1,0.05,2,Brand#24,20,MED PKG,13,2562,18204.9504
F,F,NONE,1,Manufacturer#5,3-MEDIUM,4,FURNITURE,REG AIR,2,0.02,2,Brand#52,20,MED BOX,43,2562,50413.545
F,F,COLLECT COD,4,Manufacturer#2,3-MEDIUM,3,FURNITURE,SHIP,2,0.06,11,Brand#25,22,LG BOX,1,1143,25161.08
F,F,TAKE BACK RETURN,3,Manufacturer#1,4-NOT SPECIFIED,2,MACHINERY,RAIL,1,0.08,6,Brand#14,18,JUMBO JAR,44,2563,27638.702
F,F,NONE,1,Manufacturer#4,2-HIGH,2,HOUSEHOLD,REG AIR,2,0.02,2,Brand#44,18,WRAP JAR,44,1534,55448.415
F,F,NONE,3,Manufacturer#5,2-HIGH,2,HOUSEHOLD,MAIL,1,0.08,23,Brand#53,18,MED JAR,38,1534,13310.823
F,F,NONE,2,Manufacturer#1,1-URGENT,1,BUILDING,MAIL,3,0.05,8,Brand#14,17,WRAP DRUM,24,2564,26985.1392
F,F,NONE,0,Manufacturer#2,1-URGENT,1,BUILDING,SHIP,1,0,14,Brand#22,17,SM JAR,7,2564,24655.0156
F,F,DELIVER IN PERSON,0,Manufacturer#2,2-HIGH,3,AUTOMOBILE,REG AIR,2,0.02,5,Brand#24,6,MED CAN,18,361,54354.3858
F,F,NONE,3,Manufacturer#3,4-NOT SPECIFIED,2,FURNITURE,RAIL,1,0.05,23,Brand#31,9,JUMBO JAR,46,750,25514.784
F,F,TAKE BACK RETURN,1,Manufacturer#1,2-HIGH,4,MACHINERY,REG AIR,2,0.03,1,Brand#12,20,WRAP JAR,18,2060,17246.5059
F,F,DELIVER IN PERSON,1,Manufacturer#4,2-HIGH,4,MACHINERY,MAIL,1,0.03,17,Brand#44,20,SM PACK,1,2060,25504.5312
F,F,TAKE BACK RETURN,0,Manufacturer#2,2-HIGH,4,MACHINERY,SHIP,3,0.06,0,Brand#24,20,LG CAN,29,2060,7513.992
F,F,COLLECT COD,0,Manufacturer#5,5-LOW,0,AUTOMOBILE,REG AIR,3,0.01,16,Brand#53,0,LG PACK,31,2565,52024.0512
F,F,COLLECT COD,2,Manufacturer#3,5-LOW,1,HOUSEHOLD,SHIP,4,0.01,21,Brand#32,1,SM JAR,41,2566,52552.0296
F,F,TAKE BACK RETURN,2,Manufacturer#3,5-LOW,1,HOUSEHOLD,TRUCK,6,0.01,18,Brand#34,1,SM CAN,44,2566,55302.642
F,F,DELIVER IN PERSON,1,Manufacturer#3,4-NOT SPECIFIED,4,BUILDING,REG AIR,3,0.08,3,Brand#33,13,MED JAR,44,2233,26480.6784
F,F,DELIVER IN PERSON,0,Manufacturer#4,4-NOT SPECIFIED,4,BUILDING,REG AIR,2,0.01,0,Brand#42,13,SM DRUM,20,2233,21791.826
F,F,TAKE BACK RETURN,2,Manufacturer#4,4-NOT SPECIFIED,4,BUILDING,FOB,1,0.03,8,Brand#43,13,JUMBO JAR,10,2233,60821.58
F,F,DELIVER IN PERSON,2,Manufacturer#2,4-NOT SPECIFIED,4,BUILDING,FOB,4,0.02,12,Brand#25,13,MED CAN,47,2233,13865.535
F,F,DELIVER IN PERSON,4,Manufacturer#4,2-HIGH,0,FURNITURE,AIR,7,0.02,11,Brand#45,16,JUMBO CAN,30,2567,45620.208
F,F,NONE,2,Manufacturer#1,2-HIGH,0,FURNITURE,FOB,4,0,18,Brand#13,16,LG BOX,19,2567,6927.4296
F,F,TAKE BACK RETURN,2,Manufacturer#1,2-HIGH,0,FURNITURE,FOB,1,0.05,8,Brand#12,16,JUMBO CAN,24,2567,60906.9888
F,F,NONE,4,Manufacturer#4,1-URGENT,4,FURNITURE,MAIL,2,0,10,Brand#43,11,WRAP PACK,12,2568,36045.976
F,F,NONE,3,Manufacturer#2,1-URGENT,4,FURNITURE,RAIL,4,0.04,6,Brand#24,11,JUMBO PKG,30,2568,59537.0655
F,F,NONE,0,Manufacturer#4,2-HIGH,2,BUILDING,RAIL,3,0.03,15,Brand#44,18,WRAP PACK,31,25,25835.36
F,F,TAKE BACK RETURN,4,Manufacturer#2,2-HIGH,2,BUILDING,REG AIR,5,0.06,20,Brand#24,18,MED CAN,8,25,27654.528
F,F,NONE,2,Manufacturer#1,2-HIGH,2,BUILDING,MAIL,2,0.07,12,Brand#12,18,MED CASE,21,25,16477.3587
F,F,COLLECT COD,0,Manufacturer#1,3-MEDIUM,3,HOUSEHOLD,SHIP,1,0.07,5,Brand#12,7,JUMBO BOX,9,2569,50547.125
F,F,NONE,4,Manufacturer#4,3-MEDIUM,3,HOUSEHOLD,MAIL,3,0.05,4,Brand#45,7,WRAP BAG,34,2569,26800.5374
F,F,DELIVER IN PERSON,0,Manufacturer#4,3-MEDIUM,3,HOUSEHOLD,SHIP,2,0.05,5,Brand#42,7,SM CASE,8,2569,9083.976
F,F,NONE,1,Manufacturer#3,4-NOT SPECIFIED,2,BUILDING,AIR,2,0.01,2,Brand#35,9,LG BAG,27,2570,43883.4429
F,F,TAKE BACK RETURN,1,Manufacturer#4,1-URGENT,1,AUTOMOBILE,MAIL,3,0.07,1,Brand#44,17,JUMBO DRUM,18,2571,51604.0965
F,F,NONE,3,Manufacturer#5,1-URGENT,1,AUTOMOBILE,REG AIR,1,0,19,Brand#55,17,MED JAR,47,2571,911.847
F,F,TAKE BACK RETURN,2,Manufacturer#1,1-URGENT,1,AUTOMOBILE,FOB,4,0.04,21,Brand#15,17,JUMBO BOX,32,2571,21370.1088
F,F,TAKE BACK RETURN,1,Manufacturer#4,1-URGENT,3,BUILDING,MAIL,4,0.05,17,Brand#43,23,JUMBO JAR,43,2572,22427.52
F,F,TAKE BACK RETURN,1,Manufacturer#3,1-URGENT,3,BUILDING,AIR,1,0.03,3,Brand#35,23,JUMBO BAG,35,2572,27623.5824
F,F,NONE,2,Manufacturer#2,1-URGENT,3,BUILDING,RAIL,2,0.02,8,Brand#23,23,JUMBO PKG,2,2572,48592.2318
F,F,DELIVER IN PERSON,2,Manufacturer#3,5-LOW,4,FURNITURE,TRUCK,4,0.01,9,Brand#32,11,MED PKG,15,773,51367.68
F,F,NONE,1,Manufacturer#4,5-LOW,4,FURNITURE,SHIP,1,0.07,1,Brand#41,11,WRAP PKG,3,773,5248.635
F,F,COLLECT COD,3,Manufacturer#5,5-LOW,4,FURNITURE,MAIL,3,0.01,19,Brand#51,11,LG JAR,3,773,11457.8046
F,F,DELIVER IN PERSON,0,Manufacturer#3,5-LOW,4,FURNITURE,REG AIR,5,0.03,0,Brand#34,11,MED DRUM,19,773,30949.119
F,F,COLLECT COD,4,Manufacturer#1,4-NOT SPECIFIED,2,BUILDING,MAIL,3,0.07,20,Brand#12,9,WRAP JAR,47,2570,5784.21
F,F,COLLECT COD,3,Manufacturer#5,3-MEDIUM,0,MACHINERY,RAIL,4,0.02,7,Brand#55,5,SM JAR,4,2573,80383.0055
F,F,NONE,4,Manufacturer#4,3-MEDIUM,3,BUILDING,RAIL,2,0.07,10,Brand#42,19,MED CASE,1,2574,18323.5
F,F,TAKE BACK RETURN,2,Manufacturer#4,3-MEDIUM,3,BUILDING,TRUCK,1,0.06,18,Brand#43,19,SM BOX,49,2574,36396.22
F,F,TAKE BACK RETURN,2,Manufacturer#2,4-NOT SPECIFIED,2,HOUSEHOLD,FOB,3,0.05,9,Brand#22,18,WRAP PKG,14,2575,40306.41
F,F,TAKE BACK RETURN,3,Manufacturer#2,4-NOT SPECIFIED,2,HOUSEHOLD,SHIP,2,0.06,23,Brand#23,18,MED BOX,40,2575,16911.3308
F,F,NONE,1,Manufacturer#2,4-NOT SPECIFIED,2,HOUSEHOLD,AIR,4,0.05,3,Brand#23,18,SM DRUM,45,2575,46789.1788
F,F,DELIVER IN PERSON,0,Manufacturer#2,4-NOT SPECIFIED,2,HOUSEHOLD,FOB,1,0,0,Brand#24,18,LG DRUM,36,2575,75921.48
F,F,DELIVER IN PERSON,4,Manufacturer#5,2-HIGH,2,BUILDING,FOB,1,0.08,20,Brand#55,8,JUMBO CASE,8,2576,5021.4625
F,F,NONE,2,Manufacturer#3,2-HIGH,2,BUILDING,RAIL,5,0.05,9,Brand#33,8,WRAP CAN,11,2576,28655.3642
F,F,NONE,3,Manufacturer#2,1-URGENT,2,HOUSEHOLD,AIR,4,0.05,23,Brand#25,21,JUMBO BAG,48,2577,25784.7336
F,F,COLLECT COD,0,Manufacturer#1,2-HIGH,3,BUILDING,FOB,5,0.08,15,Brand#11,22,JUMBO JAR,35,2169,6925.9808
F,F,NONE,3,Manufacturer#1,2-HIGH,3,BUILDING,MAIL,2,0.03,23,Brand#12,22,WRAP PKG,32,2169,3059.22
F,F,COLLECT COD,2,Manufacturer#1,2-HIGH,3,BUILDING,REG AIR,6,0,9,Brand#15,22,SM PKG,46,2169,13519.051
F,F,COLLECT COD,3,Manufacturer#4,2-HIGH,3,BUILDING,AIR,3,0.02,7,Brand#44,22,LG JAR,40,2169,41743.1196
F,F,DELIVER IN PERSON,4,Manufacturer#3,2-HIGH,3,BUILDING,SHIP,4,0.07,11,Brand#33,22,JUMBO PACK,39,2169,21760.9945
F,F,NONE,0,Manufacturer#3,2-HIGH,1,FURNITURE,RAIL,1,0.04,14,Brand#31,2,SM PKG,14,2578,18031.0086
F,F,DELIVER IN PERSON,0,Manufacturer#4,2-HIGH,1,FURNITURE,TRUCK,5,0.03,5,Brand#43,1,SM CASE,38,2579,47725.29
F,F,DELIVER IN PERSON,1,Manufacturer#3,4-NOT SPECIFIED,3,AUTOMOBILE,TRUCK,1,0,3,Brand#31,19,SM DRUM,30,2580,29665.46
F,F,TAKE BACK RETURN,2,Manufacturer#3,4-NOT SPECIFIED,3,AUTOMOBILE,REG AIR,5,0.04,12,Brand#31,19,WRAP JAR,42,2580,37894.99
F,F,DELIVER IN PERSON,4,Manufacturer#1,4-NOT SPECIFIED,3,AUTOMOBILE,AIR,3,0.03,20,Brand#11,19,MED CAN,9,2580,74650.2504
F,F,TAKE BACK RETURN,2,Manufacturer#4,4-NOT SPECIFIED,0,AUTOMOBILE,RAIL,2,0.08,21,Brand#42,14,LG DRUM,32,2445,24503.3424
F,F,TAKE BACK RETURN,1,Manufacturer#2,4-NOT SPECIFIED,0,AUTOMOBILE,SHIP,3,0.03,2,Brand#25,14,LG DRUM,25,2445,24891.4176
F,F,COLLECT COD,3,Manufacturer#5,4-NOT SPECIFIED,0,AUTOMOBILE,RAIL,1,0.08,6,Brand#55,14,LG CASE,18,2445,69423.4656
F,F,TAKE BACK RETURN,2,Manufacturer#1,2-HIGH,0,HOUSEHOLD,AIR,1,0.06,18,Brand#11,16,MED CASE,26,2581,32439.8043
F,F,TAKE BACK RETURN,0,Manufacturer#4,2-HIGH,0,HOUSEHOLD,FOB,2,0.06,14,Brand#44,16,WRAP JAR,28,2581,13797.2965
F,F,NONE,1,Manufacturer#4,2-HIGH,0,HOUSEHOLD,MAIL,4,0.05,17,Brand#44,16,SM CAN,3,2581,42138.675
F,F,TAKE BACK RETURN,2,Manufacturer#1,1-URGENT,4,MACHINERY,RAIL,6,0.05,9,Brand#15,4,MED JAR,28,2582,22093.4184
F,F,TAKE BACK RETURN,1,Manufacturer#2,1-URGENT,4,MACHINERY,REG AIR,1,0,2,Brand#25,4,MED BOX,3,2582,53111.149
F,F,NONE,3,Manufacturer#2,1-URGENT,4,MACHINERY,SHIP,2,0.02,6,Brand#25,4,SM BOX,7,2582,27918.7398
F,F,DELIVER IN PERSON,4,Manufacturer#3,1-URGENT,3,HOUSEHOLD,RAIL,1,0.04,13,Brand#31,23,WRAP PKG,27,2583,54134.4672
F,F,NONE,2,Manufacturer#3,1-URGENT,3,HOUSEHOLD,AIR,3,0.05,8,Brand#34,23,WRAP BAG,30,2583,29134.4
F,F,TAKE BACK RETURN,2,Manufacturer#2,1-URGENT,3,HOUSEHOLD,RAIL,2,0.01,21,Brand#23,23,JUMBO BAG,3,2583,44609.1426
F,F,TAKE BACK RETURN,2,Manufacturer#4,1-URGENT,2,HOUSEHOLD,MAIL,5,0,18,Brand#43,21,SM BOX,24,2577,43543.416
F,F,NONE,2,Manufacturer#2,1-URGENT,2,HOUSEHOLD,RAIL,2,0.02,9,Brand#22,21,MED DRUM,20,2577,24007.9686
F,F,COLLECT COD,2,Manufacturer#5,1-URGENT,2,HOUSEHOLD,REG AIR,3,0.07,9,Brand#55,21,JUMBO JAR,12,2577,18224.5152
F,F,DELIVER IN PERSON,3,Manufacturer#2,1-URGENT,2,BUILDING,FOB,4,0.08,19,Brand#23,18,WRAP JAR,15,2086,24172.7584
F,F,NONE,4,Manufacturer#2,1-URGENT,2,BUILDING,AIR,5,0,20,Brand#25,18,LG BAG,39,2086,69218.505
F,F,TAKE BACK RETURN,2,Manufacturer#1,1-URGENT,2,BUILDING,SHIP,2,0.06,18,Brand#12,18,MED CASE,22,2086,41536.8868
F,F,COLLECT COD,3,Manufacturer#2,2-HIGH,2,MACHINERY,AIR,1,0.05,6,Brand#22,21,MED CASE,40,89,12293.2
F,F,DELIVER IN PERSON,1,Manufacturer#1,5-LOW,1,AUTOMOBILE,TRUCK,5,0.04,17,Brand#14,24,LG CAN,6,2584,23674.608
F,F,NONE,0,Manufacturer#3,4-NOT SPECIFIED,0,BUILDING,AIR,2,0.05,14,Brand#31,0,MED BAG,10,2585,17295.187
F,F,COLLECT COD,4,Manufacturer#2,3-MEDIUM,4,HOUSEHOLD,RAIL,1,0.04,11,Brand#23,10,MED CAN,45,2586,11999.0808
F,F,TAKE BACK RETURN,4,Manufacturer#4,3-MEDIUM,4,HOUSEHOLD,MAIL,5,0.02,11,Brand#44,10,LG DRUM,38,2586,42787.719
F,F,NONE,3,Manufacturer#1,3-MEDIUM,4,HOUSEHOLD,MAIL,6,0.04,19,Brand#11,10,LG DRUM,1,2586,6563.5215
F,F,NONE,0,Manufacturer#3,3-MEDIUM,2,HOUSEHOLD,REG AIR,1,0.05,0,Brand#32,9,WRAP BAG,35,28,54691.7276
F,F,DELIVER IN PERSON,1,Manufacturer#4,3-MEDIUM,2,HOUSEHOLD,AIR,4,0.02,24,Brand#42,9,JUMBO PKG,9,28,4428.3456
F,F,TAKE BACK RETURN,2,Manufacturer#2,3-MEDIUM,2,BUILDING,TRUCK,2,0.08,8,Brand#23,9,LG JAR,19,1978,1276.36
F,F,COLLECT COD,0,Manufacturer#1,2-HIGH,0,AUTOMOBILE,RAIL,1,0.05,15,Brand#12,16,MED PKG,15,2587,37756.719
F,F,COLLECT COD,3,Manufacturer#4,3-MEDIUM,1,HOUSEHOLD,TRUCK,5,0.04,22,Brand#42,1,WRAP BOX,1,2588,76863.0856
F,F,COLLECT COD,4,Manufacturer#1,5-LOW,1,AUTOMOBILE,TRUCK,3,0.01,11,Brand#15,2,WRAP PKG,3,1217,47413.086
F,F,NONE,1,Manufacturer#3,5-LOW,1,AUTOMOBILE,REG AIR,2,0.06,1,Brand#34,2,JUMBO CAN,13,1217,58391.8412
F,F,COLLECT COD,0,Manufacturer#5,3-MEDIUM,0,HOUSEHOLD,REG AIR,3,0.04,16,Brand#54,0,WRAP CASE,46,2589,53011.504
F,F,NONE,4,Manufacturer#4,3-MEDIUM,2,MACHINERY,AIR,3,0.07,10,Brand#44,9,LG CASE,17,1897,35606.76
F,F,TAKE BACK RETURN,4,Manufacturer#3,3-MEDIUM,2,MACHINERY,REG AIR,5,0.02,11,Brand#35,9,LG PKG,21,1897,46076.596
F,F,DELIVER IN PERSON,2,Manufacturer#5,3-MEDIUM,4,HOUSEHOLD,FOB,1,0.02,9,Brand#53,20,LG PKG,23,2590,23022.5814
F,F,COLLECT COD,1,Manufacturer#1,3-MEDIUM,4,HOUSEHOLD,TRUCK,2,0.04,3,Brand#14,20,SM CASE,10,2590,38777.472
F,F,COLLECT COD,3,Manufacturer#5,3-MEDIUM,4,HOUSEHOLD,TRUCK,3,0.06,6,Brand#54,20,LG BAG,11,2590,24276.5796
F,F,NONE,3,Manufacturer#2,3-MEDIUM,0,HOUSEHOLD,AIR,4,0.02,7,Brand#24,0,MED JAR,22,2589,79873.492
F,F,COLLECT COD,0,Manufacturer#4,3-MEDIUM,0,HOUSEHOLD,REG AIR,7,0.02,15,Brand#41,0,LG BOX,34,2589,8803.7037
F,F,DELIVER IN PERSON,3,Manufacturer#4,5-LOW,4,AUTOMOBILE,MAIL,4,0.01,23,Brand#41,13,MED PKG,28,625,41645.1456
F,F,NONE,4,Manufacturer#3,5-LOW,4,AUTOMOBILE,REG AIR,6,0.08,20,Brand#31,13,SM BAG,49,625,3145.32
F,F,TAKE BACK RETURN,3,Manufacturer#2,5-LOW,4,AUTOMOBILE,FOB,2,0.04,19,Brand#23,13,LG BAG,17,625,14068.34
F,F,DELIVER IN PERSON,4,Manufacturer#2,4-NOT SPECIFIED,4,FURNITURE,TRUCK,7,0.02,4,Brand#23,13,WRAP PACK,9,367,41964.561
F,F,DELIVER IN PERSON,0,Manufacturer#4,5-LOW,1,MACHINERY,SHIP,6,0.06,16,Brand#42,2,LG PACK,32,1840,10724.9832
F,F,COLLECT COD,3,Manufacturer#5,5-LOW,1,MACHINERY,MAIL,1,0,7,Brand#54,2,WRAP PKG,5,1840,1151.685
F,F,COLLECT COD,1,Manufacturer#4,5-LOW,1,MACHINERY,MAIL,2,0.03,3,Brand#42,2,MED JAR,3,1840,24744.6728
F,F,COLLECT COD,1,Manufacturer#3,5-LOW,1,MACHINERY,TRUCK,7,0.05,17,Brand#31,2,LG BOX,44,1840,23557.0692
F,F,NONE,3,Manufacturer#2,5-LOW,1,MACHINERY,REG AIR,4,0.06,6,Brand#22,2,WRAP JAR,3,1840,52110.597
F,F,COLLECT COD,3,Manufacturer#2,4-NOT SPECIFIED,4,FURNITURE,FOB,1,0.06,6,Brand#21,13,LG JAR,41,367,29374.4484
F,F,NONE,1,Manufacturer#5,4-NOT SPECIFIED,4,FURNITURE,TRUCK,6,0.05,2,Brand#53,13,JUMBO CASE,39,367,50229.704
F,F,TAKE BACK RETURN,3,Manufacturer#5,4-NOT SPECIFIED,4,FURNITURE,TRUCK,4,0.01,23,Brand#54,13,MED CASE,43,367,56283.7275
F,F,DELIVER IN PERSON,1,Manufacturer#4,5-LOW,4,HOUSEHOLD,RAIL,5,0.02,3,Brand#43,4,JUMBO BOX,39,2591,70104.26
F,F,TAKE BACK RETURN,2,Manufacturer#5,5-LOW,4,HOUSEHOLD,RAIL,4,0,12,Brand#52,4,JUMBO BAG,44,2591,75339.7008
F,F,NONE,1,Manufacturer#5,5-LOW,4,HOUSEHOLD,FOB,3,0.03,2,Brand#54,4,SM PKG,25,2591,40633.87
F,F,NONE,1,Manufacturer#4,4-NOT SPECIFIED,4,FURNITURE,SHIP,3,0.04,3,Brand#42,13,LG PACK,45,367,15682.7295
F,F,TAKE BACK RETURN,2,Manufacturer#5,3-MEDIUM,4,AUTOMOBILE,TRUCK,5,0.06,9,Brand#52,13,MED BOX,23,2592,61916.4364
F,F,DELIVER IN PERSON,2,Manufacturer#1,2-HIGH,4,AUTOMOBILE,RAIL,2,0.01,12,Brand#12,4,LG PKG,32,1417,42574.4328
F,F,COLLECT COD,1,Manufacturer#3,2-HIGH,4,AUTOMOBILE,RAIL,1,0.08,1,Brand#32,4,JUMBO JAR,25,1417,2975.1904
F,F,DELIVER IN PERSON,3,Manufacturer#4,4-NOT SPECIFIED,1,MACHINERY,TRUCK,3,0.07,6,Brand#44,3,SM JAR,10,2593,19406.94
F,F,TAKE BACK RETURN,2,Manufacturer#1,4-NOT SPECIFIED,1,MACHINERY,AIR,1,0.07,18,Brand#13,3,LG PKG,34,2593,60937.5744
F,F,DELIVER IN PERSON,1,Manufacturer#1,4-NOT SPECIFIED,1,MACHINERY,FOB,2,0.07,1,Brand#11,3,LG PACK,42,2593,48018.465
F,F,COLLECT COD,0,Manufacturer#1,2-HIGH,1,FURNITURE,RAIL,4,0.07,5,Brand#15,1,JUMBO CAN,48,2594,57516.8
F,F,TAKE BACK RETURN,4,Manufacturer#2,2-HIGH,1,FURNITURE,TRUCK,1,0.06,10,Brand#24,1,MED BOX,5,2594,15660.7488
F,F,COLLECT COD,0,Manufacturer#5,3-MEDIUM,4,AUTOMOBILE,RAIL,1,0.03,15,Brand#52,13,JUMBO CAN,25,2592,2329.536
F,F,TAKE BACK RETURN,1,Manufacturer#3,3-MEDIUM,4,AUTOMOBILE,MAIL,6,0.01,1,Brand#31,13,JUMBO PACK,24,2592,49033.1898
F,F,NONE,0,Manufacturer#1,3-MEDIUM,4,AUTOMOBILE,MAIL,4,0.01,16,Brand#15,13,JUMBO DRUM,14,2592,16253.3371
F,F,NONE,1,Manufacturer#1,3-MEDIUM,4,AUTOMOBILE,FOB,2,0.03,3,Brand#13,13,SM PACK,37,2592,47820.66
F,F,NONE,1,Manufacturer#2,3-MEDIUM,4,AUTOMOBILE,AIR,3,0.02,2,Brand#24,13,LG PACK,50,2592,40841.8428
F,F,TAKE BACK RETURN,1,Manufacturer#3,4-NOT SPECIFIED,1,HOUSEHOLD,SHIP,2,0.06,24,Brand#32,1,LG PACK,16,2595,23215.9356
F,F,TAKE BACK RETURN,1,Manufacturer#1,2-HIGH,3,MACHINERY,SHIP,5,0.07,3,Brand#12,19,SM DRUM,32,300,44443.96
F,F,NONE,1,Manufacturer#5,3-MEDIUM,3,HOUSEHOLD,AIR,5,0.02,24,Brand#55,22,JUMBO BOX,15,2470,25011.6
F,F,DELIVER IN PERSON,0,Manufacturer#2,3-MEDIUM,3,HOUSEHOLD,TRUCK,2,0.08,5,Brand#22,22,WRAP CAN,38,2470,1021.1
F,F,DELIVER IN PERSON,2,Manufacturer#5,4-NOT SPECIFIED,3,FURNITURE,MAIL,4,0.03,18,Brand#54,19,WRAP BOX,3,2596,49564.6074
F,F,COLLECT COD,1,Manufacturer#5,4-NOT SPECIFIED,3,FURNITURE,MAIL,1,0.01,2,Brand#54,19,LG CAN,32,2596,35917.6444
F,F,DELIVER IN PERSON,3,Manufacturer#2,4-NOT SPECIFIED,3,AUTOMOBILE,SHIP,4,0.02,22,Brand#22,23,MED CASE,4,2597,38826.9256
F,F,DELIVER IN PERSON,2,Manufacturer#3,4-NOT SPECIFIED,3,AUTOMOBILE,RAIL,5,0.05,9,Brand#33,23,JUMBO CASE,24,2597,33893.2048
F,F,COLLECT COD,0,Manufacturer#3,4-NOT SPECIFIED,3,AUTOMOBILE,SHIP,1,0.04,14,Brand#34,23,SM BOX,40,2597,2152.485
F,F,COLLECT COD,1,Manufacturer#3,2-HIGH,0,BUILDING,FOB,1,0.06,2,Brand#33,5,LG PACK,22,2598,41708.975
F,F,DELIVER IN PERSON,0,Manufacturer#5,2-HIGH,0,BUILDING,MAIL,2,0,16,Brand#55,5,WRAP CASE,18,2598,13450.9676
F,F,COLLECT COD,1,Manufacturer#3,2-HIGH,0,BUILDING,RAIL,3,0.03,3,Brand#31,5,MED PKG,31,2598,32853.752
F,F,NONE,2,Manufacturer#3,2-HIGH,0,BUILDING,FOB,4,0.05,12,Brand#34,5,SM PKG,12,2598,61138.1952
F,F,NONE,3,Manufacturer#1,5-LOW,2,AUTOMOBILE,FOB,5,0.08,7,Brand#15,21,JUMBO JAR,11,2599,38703.8342
F,F,DELIVER IN PERSON,4,Manufacturer#5,5-LOW,2,AUTOMOBILE,AIR,3,0.05,11,Brand#55,21,LG PKG,38,2599,10451.25
F,F,COLLECT COD,0,Manufacturer#2,5-LOW,2,AUTOMOBILE,TRUCK,2,0.05,0,Brand#21,21,WRAP DRUM,11,2599,17741.5425
F,F,TAKE BACK RETURN,2,Manufacturer#2,5-LOW,2,AUTOMOBILE,TRUCK,4,0.05,9,Brand#22,21,MED JAR,12,2599,11909.5056
F,F,TAKE BACK RETURN,1,Manufacturer#4,2-HIGH,3,MACHINERY,RAIL,1,0.03,24,Brand#41,19,WRAP CASE,10,300,11628.4
F,F,NONE,3,Manufacturer#4,2-HIGH,3,MACHINERY,SHIP,2,0.08,19,Brand#45,19,LG PACK,46,300,24503.64
F,F,COLLECT COD,3,Manufacturer#2,2-HIGH,3,MACHINERY,AIR,7,0.08,22,Brand#21,19,WRAP PACK,8,300,8524.08
F,F,DELIVER IN PERSON,1,Manufacturer#4,5-LOW,1,MACHINERY,AIR,4,0.01,3,Brand#44,2,LG PKG,50,2600,17925.2745
F,F,NONE,2,Manufacturer#4,1-URGENT,3,HOUSEHOLD,AIR,2,0.05,18,Brand#42,19,WRAP BAG,18,2601,9903.2538
F,F,DELIVER IN PERSON,2,Manufacturer#2,4-NOT SPECIFIED,0,BUILDING,FOB,5,0.03,12,Brand#25,16,SM DRUM,33,603,34009.1136
F,F,NONE,1,Manufacturer#1,4-NOT SPECIFIED,0,BUILDING,RAIL,2,0.03,1,Brand#15,16,MED BAG,43,603,17490.48
F,F,TAKE BACK RETURN,2,Manufacturer#1,4-NOT SPECIFIED,0,BUILDING,RAIL,4,0.05,9,Brand#11,16,WRAP PKG,23,603,24412.536
F,F,DELIVER IN PERSON,3,Manufacturer#5,4-NOT SPECIFIED,0,BUILDING,SHIP,1,0.07,22,Brand#51,16,LG CAN,6,603,30629.9282
F,F,COLLECT COD,4,Manufacturer#3,2-HIGH,4,BUILDING,AIR,2,0.04,20,Brand#35,11,LG BOX,42,2536,44907.336
F,F,COLLECT COD,1,Manufacturer#4,2-HIGH,4,BUILDING,AIR,1,0.08,3,Brand#45,11,MED CASE,11,2536,29416.5498
F,F,DELIVER IN PERSON,3,Manufacturer#2,5-LOW,3,BUILDING,SHIP,2,0,6,Brand#24,23,SM CASE,36,2602,13275.908
F,F,DELIVER IN PERSON,4,Manufacturer#5,1-URGENT,4,FURNITURE,REG AIR,2,0.01,10,Brand#52,11,LG DRUM,40,833,13931.0208
F,F,TAKE BACK RETURN,0,Manufacturer#1,1-URGENT,4,FURNITURE,TRUCK,5,0.05,15,Brand#11,11,SM CAN,24,833,27710.694
F,F,TAKE BACK RETURN,4,Manufacturer#5,1-URGENT,4,FURNITURE,FOB,1,0.07,20,Brand#54,11,JUMBO BAG,2,833,34632.269
F,F,NONE,3,Manufacturer#3,2-HIGH,2,MACHINERY,MAIL,4,0.07,23,Brand#35,8,MED JAR,9,2603,60515.7618
F,F,NONE,2,Manufacturer#2,2-HIGH,2,MACHINERY,RAIL,3,0.04,8,Brand#25,8,MED BOX,3,2603,42423.381
F,F,NONE,4,Manufacturer#1,2-HIGH,2,MACHINERY,SHIP,1,0.02,11,Brand#15,8,SM BAG,43,2603,17128.1656
F,F,COLLECT COD,1,Manufacturer#4,5-LOW,1,MACHINERY,FOB,6,0.05,3,Brand#43,2,MED CAN,2,2600,28581.132
F,F,DELIVER IN PERSON,4,Manufacturer#4,5-LOW,1,MACHINERY,REG AIR,5,0.08,11,Brand#44,2,LG CAN,1,2600,22686.7032
F,F,DELIVER IN PERSON,3,Manufacturer#5,5-LOW,1,MACHINERY,FOB,3,0.02,7,Brand#55,2,JUMBO BAG,4,2600,58953.258
F,F,COLLECT COD,4,Manufacturer#3,4-NOT SPECIFIED,1,HOUSEHOLD,RAIL,5,0,13,Brand#35,17,SM BAG,14,2604,25555.2
F,F,NONE,4,Manufacturer#3,4-NOT SPECIFIED,1,HOUSEHOLD,MAIL,2,0.01,10,Brand#32,17,SM PACK,11,2604,25502.5
F,F,NONE,3,Manufacturer#1,4-NOT SPECIFIED,1,HOUSEHOLD,SHIP,1,0.03,23,Brand#11,17,MED BAG,2,2604,58482.9154
F,F,DELIVER IN PERSON,3,Manufacturer#2,5-LOW,1,MACHINERY,SHIP,2,0.04,6,Brand#21,2,SM BOX,44,2600,48596.0832
F,F,DELIVER IN PERSON,0,Manufacturer#5,5-LOW,3,HOUSEHOLD,TRUCK,4,0.07,5,Brand#54,23,WRAP BAG,17,2605,59931
F,F,COLLECT COD,3,Manufacturer#1,4-NOT SPECIFIED,2,HOUSEHOLD,MAIL,6,0.02,7,Brand#12,9,WRAP PKG,45,2606,69014.099
F,F,NONE,3,Manufacturer#3,4-NOT SPECIFIED,2,HOUSEHOLD,AIR,5,0.01,19,Brand#31,9,JUMBO JAR,16,2606,10650.7599
F,F,DELIVER IN PERSON,0,Manufacturer#1,1-URGENT,0,AUTOMOBILE,FOB,1,0.07,5,Brand#11,0,WRAP DRUM,28,2607,33975.3056
F,F,NONE,3,Manufacturer#5,1-URGENT,0,AUTOMOBILE,SHIP,6,0.05,6,Brand#54,0,WRAP BOX,24,2607,74825.1168
F,F,COLLECT COD,0,Manufacturer#2,1-URGENT,0,AUTOMOBILE,MAIL,2,0.06,16,Brand#22,0,MED DRUM,20,2607,29502.88
F,F,DELIVER IN PERSON,0,Manufacturer#1,5-LOW,4,MACHINERY,SHIP,2,0,15,Brand#13,4,SM JAR,26,1544,37119.12
F,F,NONE,0,Manufacturer#5,3-MEDIUM,4,AUTOMOBILE,MAIL,3,0.02,16,Brand#51,10,LG DRUM,27,245,37434.852
F,F,DELIVER IN PERSON,4,Manufacturer#1,3-MEDIUM,4,AUTOMOBILE,MAIL,1,0.06,10,Brand#13,10,JUMBO CAN,45,245,55597.212
F,F,COLLECT COD,3,Manufacturer#3,3-MEDIUM,4,AUTOMOBILE,TRUCK,2,0.02,22,Brand#32,10,SM CASE,42,245,34059.96
F,F,TAKE BACK RETURN,4,Manufacturer#2,3-MEDIUM,3,BUILDING,FOB,2,0.05,4,Brand#24,6,JUMBO BAG,45,2608,32911.7856
F,F,COLLECT COD,3,Manufacturer#5,3-MEDIUM,3,BUILDING,SHIP,1,0.01,23,Brand#55,6,MED PACK,35,2608,37640.592
F,F,COLLECT COD,0,Manufacturer#3,1-URGENT,3,MACHINERY,RAIL,2,0.07,15,Brand#35,19,JUMBO BOX,16,2609,62777.915
F,F,COLLECT COD,4,Manufacturer#4,5-LOW,0,MACHINERY,AIR,3,0.08,4,Brand#43,15,SM BOX,22,2610,22854.104
F,F,COLLECT COD,4,Manufacturer#5,5-LOW,0,MACHINERY,FOB,5,0.01,11,Brand#55,15,WRAP BOX,28,2610,7214.8986
F,F,DELIVER IN PERSON,2,Manufacturer#5,5-LOW,0,MACHINERY,SHIP,4,0.02,9,Brand#54,15,LG JAR,37,2610,22877.433
F,F,COLLECT COD,1,Manufacturer#1,5-LOW,3,MACHINERY,TRUCK,2,0.05,17,Brand#14,22,JUMBO PACK,26,2611,54340.4532
F,F,COLLECT COD,0,Manufacturer#1,5-LOW,3,MACHINERY,MAIL,1,0.06,16,Brand#13,22,LG BOX,19,2611,5891.886
F,F,DELIVER IN PERSON,0,Manufacturer#4,5-LOW,2,HOUSEHOLD,MAIL,3,0.03,15,Brand#44,9,MED CASE,37,2612,58273.5384
F,F,NONE,4,Manufacturer#3,5-LOW,2,HOUSEHOLD,AIR,4,0.03,13,Brand#31,9,LG PKG,25,2612,76493.6844
F,F,TAKE BACK RETURN,0,Manufacturer#4,2-HIGH,1,AUTOMOBILE,RAIL,6,0.03,5,Brand#44,1,WRAP DRUM,6,2613,22838.4
F,F,DELIVER IN PERSON,4,Manufacturer#4,2-HIGH,1,AUTOMOBILE,TRUCK,3,0.03,10,Brand#45,1,LG PACK,17,2613,43306.9938
F,F,TAKE BACK RETURN,4,Manufacturer#4,4-NOT SPECIFIED,4,HOUSEHOLD,AIR,3,0.01,13,Brand#41,20,JUMBO JAR,35,2614,60787.631
F,F,NONE,1,Manufacturer#5,2-HIGH,1,FURNITURE,REG AIR,1,0.08,3,Brand#55,24,WRAP PKG,18,2615,17471.146
F,F,NONE,3,Manufacturer#3,2-HIGH,3,MACHINERY,MAIL,5,0.04,6,Brand#35,6,JUMBO JAR,40,1796,4048.1382
F,F,NONE,3,Manufacturer#4,2-HIGH,3,MACHINERY,REG AIR,7,0.05,19,Brand#43,6,WRAP CAN,15,1796,20631.303
F,F,NONE,4,Manufacturer#1,2-HIGH,3,MACHINERY,AIR,1,0.07,11,Brand#15,6,WRAP BOX,33,1796,9186.8
F,F,DELIVER IN PERSON,4,Manufacturer#1,4-NOT SPECIFIED,1,MACHINERY,MAIL,3,0.08,4,Brand#12,1,WRAP PKG,49,2137,22050.2016
F,F,COLLECT COD,3,Manufacturer#3,4-NOT SPECIFIED,1,MACHINERY,AIR,2,0.02,19,Brand#33,1,SM CASE,19,2137,8755.2
F,F,TAKE BACK RETURN,4,Manufacturer#5,2-HIGH,3,MACHINERY,MAIL,1,0.03,11,Brand#55,19,WRAP JAR,47,2616,6992.45
F,F,COLLECT COD,4,Manufacturer#3,5-LOW,3,HOUSEHOLD,TRUCK,6,0.03,4,Brand#31,23,JUMBO CAN,1,2605,2962.3662
F,F,COLLECT COD,2,Manufacturer#2,5-LOW,3,HOUSEHOLD,RAIL,2,0,9,Brand#22,23,SM BOX,12,2605,73230.344
F,F,NONE,3,Manufacturer#2,5-LOW,3,HOUSEHOLD,SHIP,5,0.05,6,Brand#24,23,JUMBO DRUM,49,2605,15566.88
F,F,DELIVER IN PERSON,3,Manufacturer#3,1-URGENT,3,AUTOMOBILE,SHIP,1,0.07,7,Brand#32,6,WRAP CAN,47,2617,54241.7016
F,F,TAKE BACK RETURN,1,Manufacturer#5,1-URGENT,1,AUTOMOBILE,REG AIR,1,0.02,2,Brand#53,24,WRAP JAR,6,2458,67470.4448
F,F,COLLECT COD,4,Manufacturer#3,1-URGENT,3,AUTOMOBILE,TRUCK,2,0.02,11,Brand#31,6,MED JAR,14,2617,59671.8912
F,F,DELIVER IN PERSON,3,Manufacturer#3,5-LOW,2,BUILDING,RAIL,1,0.07,23,Brand#34,12,SM CASE,38,505,27103.5072
F,F,NONE,4,Manufacturer#3,2-HIGH,3,MACHINERY,RAIL,3,0.08,10,Brand#31,19,LG BAG,30,2616,27885.2728
F,F,TAKE BACK RETURN,2,Manufacturer#5,4-NOT SPECIFIED,1,HOUSEHOLD,TRUCK,2,0,8,Brand#52,1,JUMBO PACK,37,2618,70580.544
F,F,NONE,3,Manufacturer#1,4-NOT SPECIFIED,4,MACHINERY,FOB,3,0.08,23,Brand#12,13,MED BOX,40,2193,71671.5846
F,F,NONE,0,Manufacturer#4,4-NOT SPECIFIED,3,BUILDING,RAIL,5,0.01,16,Brand#42,19,JUMBO CASE,45,5,15621.3876
F,F,NONE,1,Manufacturer#2,4-NOT SPECIFIED,3,BUILDING,REG AIR,3,0.08,24,Brand#22,19,LG DRUM,27,5,37534.4176
F,F,COLLECT COD,3,Manufacturer#5,4-NOT SPECIFIED,3,BUILDING,MAIL,4,0.03,19,Brand#52,19,MED BAG,28,5,26380.296
F,F,DELIVER IN PERSON,0,Manufacturer#1,1-URGENT,0,HOUSEHOLD,SHIP,1,0.06,5,Brand#13,15,LG JAR,10,2619,45989.7438
F,F,TAKE BACK RETURN,2,Manufacturer#1,2-HIGH,4,AUTOMOBILE,REG AIR,3,0,21,Brand#11,13,WRAP PACK,37,2620,67288.5378
F,F,TAKE BACK RETURN,4,Manufacturer#2,5-LOW,1,HOUSEHOLD,MAIL,2,0.01,4,Brand#25,2,MED CASE,36,2500,20880.9216
F,F,COLLECT COD,4,Manufacturer#3,5-LOW,1,HOUSEHOLD,SHIP,1,0.06,13,Brand#35,2,WRAP DRUM,13,2500,31361.2398
F,F,DELIVER IN PERSON,0,Manufacturer#1,3-MEDIUM,0,HOUSEHOLD,AIR,5,0.03,16,Brand#11,15,JUMBO BOX,47,2619,17493.75
F,F,DELIVER IN PERSON,2,Manufacturer#5,3-MEDIUM,0,HOUSEHOLD,SHIP,4,0.08,18,Brand#53,15,WRAP PACK,1,2619,28941.003
F,F,TAKE BACK RETURN,4,Manufacturer#4,3-MEDIUM,0,HOUSEHOLD,AIR,2,0.02,4,Brand#43,15,MED BAG,12,2619,68010.3536
F,F,COLLECT COD,1,Manufacturer#1,3-MEDIUM,0,HOUSEHOLD,SHIP,1,0.02,17,Brand#12,15,LG PKG,9,2619,34098.88
F,F,NONE,3,Manufacturer#3,3-MEDIUM,0,HOUSEHOLD,RAIL,3,0.08,6,Brand#33,15,LG PKG,34,2619,25441.2945
F,F,DELIVER IN PERSON,3,Manufacturer#3,5-LOW,3,MACHINERY,MAIL,4,0.05,22,Brand#33,6,SM BOX,50,602,18897.5349
F,F,DELIVER IN PERSON,2,Manufacturer#4,5-LOW,3,MACHINERY,SHIP,2,0.06,12,Brand#44,6,LG BOX,1,602,5055.9216
F,F,TAKE BACK RETURN,1,Manufacturer#2,3-MEDIUM,1,BUILDING,MAIL,1,0,1,Brand#25,24,LG BAG,44,2621,40377.584
F,F,COLLECT COD,4,Manufacturer#2,5-LOW,2,BUILDING,FOB,4,0.07,4,Brand#23,21,SM BOX,16,2622,33638.42
F,F,TAKE BACK RETURN,1,Manufacturer#1,5-LOW,3,FURNITURE,FOB,1,0.04,3,Brand#14,19,MED CASE,12,2623,24368.6352
F,F,DELIVER IN PERSON,2,Manufacturer#5,5-LOW,2,HOUSEHOLD,SHIP,3,0.04,18,Brand#55,12,SM JAR,26,2624,52205.2664
F,F,NONE,2,Manufacturer#1,5-LOW,2,HOUSEHOLD,REG AIR,4,0.07,9,Brand#15,12,WRAP CAN,14,2624,85048.65
F,F,NONE,4,Manufacturer#5,5-LOW,2,HOUSEHOLD,REG AIR,2,0,11,Brand#53,12,SM DRUM,38,2624,60385.3371
F,F,TAKE BACK RETURN,3,Manufacturer#4,2-HIGH,0,BUILDING,TRUCK,4,0.04,7,Brand#45,5,JUMBO CASE,34,2051,19869.8136
F,F,TAKE BACK RETURN,1,Manufacturer#2,2-HIGH,0,BUILDING,REG AIR,6,0.07,24,Brand#24,5,MED CASE,47,2051,7000.7665
F,F,TAKE BACK RETURN,1,Manufacturer#3,2-HIGH,0,BUILDING,RAIL,1,0.01,17,Brand#31,5,WRAP DRUM,43,2051,15892.2585
F,F,NONE,3,Manufacturer#2,2-HIGH,0,BUILDING,RAIL,7,0.02,23,Brand#21,5,SM CASE,13,2051,20998.218
F,F,TAKE BACK RETURN,0,Manufacturer#2,2-HIGH,0,BUILDING,FOB,3,0.05,15,Brand#23,5,WRAP DRUM,15,2051,66062.5872
F,F,NONE,4,Manufacturer#1,2-HIGH,2,AUTOMOBILE,SHIP,5,0.07,13,Brand#14,9,WRAP PKG,39,2625,25826.5098
F,F,NONE,2,Manufacturer#3,2-HIGH,2,AUTOMOBILE,MAIL,2,0.01,12,Brand#31,9,MED DRUM,45,2625,35259.896
F,F,DELIVER IN PERSON,4,Manufacturer#3,2-HIGH,2,AUTOMOBILE,REG AIR,1,0,11,Brand#33,9,JUMBO BAG,23,2625,5991.7668
F,F,DELIVER IN PERSON,2,Manufacturer#2,2-HIGH,2,AUTOMOBILE,MAIL,4,0.03,9,Brand#22,9,LG JAR,21,2625,66057.3144
F,F,TAKE BACK RETURN,0,Manufacturer#2,3-MEDIUM,3,BUILDING,AIR,2,0.05,16,Brand#25,22,MED BAG,17,2626,34022.169
F,F,DELIVER IN PERSON,2,Manufacturer#1,2-HIGH,3,BUILDING,REG AIR,7,0.04,21,Brand#12,22,MED DRUM,30,2627,35382.2016
F,F,NONE,2,Manufacturer#4,2-HIGH,3,BUILDING,MAIL,3,0.02,21,Brand#42,22,MED CAN,9,2627,19922.8575
F,F,NONE,3,Manufacturer#4,2-HIGH,3,BUILDING,RAIL,4,0.01,6,Brand#43,22,MED CASE,26,2627,22143.7272
F,F,COLLECT COD,4,Manufacturer#5,2-HIGH,3,BUILDING,MAIL,5,0.01,13,Brand#54,22,WRAP CAN,28,2627,38497.8
F,F,DELIVER IN PERSON,2,Manufacturer#3,5-LOW,2,BUILDING,FOB,3,0.08,8,Brand#32,21,LG CAN,16,2622,61812.8956
F,F,NONE,1,Manufacturer#2,5-LOW,2,BUILDING,REG AIR,7,0.05,3,Brand#22,21,SM BOX,4,2622,52725.4272
F,F,NONE,3,Manufacturer#3,5-LOW,2,HOUSEHOLD,REG AIR,2,0.03,23,Brand#34,8,JUMBO PKG,10,2628,12808.25
F,F,NONE,1,Manufacturer#5,1-URGENT,2,HOUSEHOLD,TRUCK,1,0.08,24,Brand#51,21,WRAP JAR,48,2629,34754.192
F,F,NONE,2,Manufacturer#2,5-LOW,0,HOUSEHOLD,AIR,1,0.01,21,Brand#23,16,LG PACK,41,2630,26160.568
F,F,TAKE BACK RETURN,3,Manufacturer#3,3-MEDIUM,1,FURNITURE,RAIL,3,0.02,19,Brand#35,3,JUMBO PACK,28,2631,26356.32
F,F,DELIVER IN PERSON,2,Manufacturer#2,3-MEDIUM,1,FURNITURE,MAIL,1,0.02,12,Brand#25,3,LG BOX,3,2631,46298.4756
F,F,DELIVER IN PERSON,0,Manufacturer#4,3-MEDIUM,1,FURNITURE,SHIP,5,0.06,16,Brand#44,3,LG PKG,44,2631,13621.566
F,F,TAKE BACK RETURN,0,Manufacturer#2,3-MEDIUM,1,FURNITURE,TRUCK,2,0.05,5,Brand#21,3,SM CAN,39,2631,25899.9888
F,F,COLLECT COD,3,Manufacturer#5,5-LOW,2,HOUSEHOLD,TRUCK,1,0.08,22,Brand#51,8,MED BOX,5,2628,32421.6144
F,F,TAKE BACK RETURN,2,Manufacturer#2,5-LOW,2,AUTOMOBILE,REG AIR,3,0.05,18,Brand#25,8,WRAP PACK,32,2632,19140.5929
F,F,COLLECT COD,4,Manufacturer#3,1-URGENT,2,AUTOMOBILE,REG AIR,5,0.08,20,Brand#34,12,JUMBO PACK,31,2633,42730.003
F,F,COLLECT COD,3,Manufacturer#5,1-URGENT,2,AUTOMOBILE,AIR,1,0.06,22,Brand#55,12,MED JAR,20,2633,34684.2415
F,F,DELIVER IN PERSON,2,Manufacturer#4,1-URGENT,2,AUTOMOBILE,AIR,3,0.02,21,Brand#43,12,SM CASE,13,2633,3743.7568
F,F,DELIVER IN PERSON,3,Manufacturer#1,1-URGENT,4,AUTOMOBILE,AIR,2,0.07,19,Brand#13,4,JUMBO CAN,46,2634,8612.9848
F,F,NONE,1,Manufacturer#2,1-URGENT,4,AUTOMOBILE,FOB,1,0,17,Brand#21,4,LG PACK,41,2634,78448.167
F,F,NONE,0,Manufacturer#5,1-URGENT,4,AUTOMOBILE,REG AIR,3,0.05,5,Brand#53,4,JUMBO BOX,34,2634,28421.3952
F,F,NONE,3,Manufacturer#2,2-HIGH,3,BUILDING,SHIP,1,0.01,22,Brand#22,19,LG JAR,2,2635,18605.574
F,F,TAKE BACK RETURN,3,Manufacturer#1,2-HIGH,3,BUILDING,FOB,2,0.04,22,Brand#13,19,SM DRUM,32,2635,34047.7494
F,F,NONE,2,Manufacturer#4,2-HIGH,3,BUILDING,TRUCK,3,0.06,18,Brand#42,19,LG BOX,39,2635,9514.95
F,F,DELIVER IN PERSON,1,Manufacturer#2,2-HIGH,3,BUILDING,TRUCK,5,0.01,24,Brand#22,19,MED CAN,4,2635,11092.3666
F,F,TAKE BACK RETURN,3,Manufacturer#4,5-LOW,2,HOUSEHOLD,REG AIR,2,0.03,6,Brand#42,21,LG CASE,1,2339,43110.832
F,F,NONE,4,Manufacturer#4,4-NOT SPECIFIED,1,AUTOMOBILE,SHIP,1,0.02,10,Brand#44,2,MED PACK,44,2636,58977.216
F,F,DELIVER IN PERSON,1,Manufacturer#4,1-URGENT,4,AUTOMOBILE,SHIP,1,0.08,24,Brand#45,11,LG CAN,4,2637,26859.9428
F,F,DELIVER IN PERSON,2,Manufacturer#4,4-NOT SPECIFIED,1,HOUSEHOLD,FOB,3,0.07,9,Brand#45,17,JUMBO JAR,45,1423,82385.0592
F,F,DELIVER IN PERSON,3,Manufacturer#1,2-HIGH,0,HOUSEHOLD,MAIL,1,0.07,6,Brand#12,15,WRAP DRUM,44,1693,18668.34
F,F,NONE,4,Manufacturer#1,4-NOT SPECIFIED,3,HOUSEHOLD,RAIL,4,0.04,4,Brand#15,22,JUMBO CAN,28,2638,11060.1552
F,F,TAKE BACK RETURN,0,Manufacturer#3,4-NOT SPECIFIED,3,HOUSEHOLD,RAIL,3,0.04,14,Brand#34,22,MED JAR,14,2638,17719.3016
F,F,TAKE BACK RETURN,2,Manufacturer#4,4-NOT SPECIFIED,3,HOUSEHOLD,MAIL,1,0.05,21,Brand#41,22,MED CAN,33,2638,37880.0352
F,F,COLLECT COD,3,Manufacturer#1,1-URGENT,0,HOUSEHOLD,MAIL,1,0.05,6,Brand#12,0,LG JAR,27,84,38715.7225
F,F,COLLECT COD,2,Manufacturer#2,1-URGENT,0,HOUSEHOLD,MAIL,2,0.07,18,Brand#24,0,WRAP CAN,39,84,27281.9448
F,F,TAKE BACK RETURN,4,Manufacturer#3,1-URGENT,0,HOUSEHOLD,AIR,4,0.03,13,Brand#34,0,MED PACK,35,84,16548.8064
F,F,NONE,2,Manufacturer#1,1-URGENT,0,HOUSEHOLD,AIR,5,0.05,8,Brand#11,0,SM CASE,39,84,37510.2
F,F,DELIVER IN PERSON,4,Manufacturer#1,3-MEDIUM,1,BUILDING,AIR,2,0.05,4,Brand#13,3,SM BOX,27,2639,12709.68
F,F,DELIVER IN PERSON,2,Manufacturer#4,3-MEDIUM,1,BUILDING,TRUCK,1,0.06,12,Brand#41,3,LG CAN,8,2639,17561.2086
F,F,TAKE BACK RETURN,0,Manufacturer#1,3-MEDIUM,0,BUILDING,AIR,1,0.04,0,Brand#12,15,SM BAG,45,2640,33595.1616
F,F,NONE,4,Manufacturer#4,3-MEDIUM,0,BUILDING,REG AIR,5,0.03,4,Brand#42,15,WRAP CASE,29,2640,35436.7944
F,F,DELIVER IN PERSON,3,Manufacturer#1,3-MEDIUM,0,BUILDING,RAIL,2,0.03,22,Brand#15,15,JUMBO BOX,10,2640,16041.6466
F,F,DELIVER IN PERSON,0,Manufacturer#1,3-MEDIUM,0,BUILDING,FOB,6,0.04,15,Brand#12,15,LG BAG,42,2640,14058.9449
F,F,COLLECT COD,4,Manufacturer#3,4-NOT SPECIFIED,1,HOUSEHOLD,FOB,1,0.04,20,Brand#35,17,MED DRUM,28,1423,66746.373
F,F,TAKE BACK RETURN,1,Manufacturer#5,4-NOT SPECIFIED,1,HOUSEHOLD,TRUCK,2,0,2,Brand#53,17,WRAP CASE,23,1423,6233.1024
F,F,NONE,0,Manufacturer#5,1-URGENT,0,FURNITURE,FOB,7,0,15,Brand#52,5,LG CAN,49,2641,9108.099
F,F,TAKE BACK RETURN,0,Manufacturer#5,5-LOW,0,FURNITURE,REG AIR,3,0.04,0,Brand#55,15,JUMBO BAG,13,2642,16326.6987
F,F,COLLECT COD,0,Manufacturer#3,5-LOW,0,FURNITURE,TRUCK,2,0.07,5,Brand#32,15,WRAP BAG,25,2642,43000.4316
F,F,DELIVER IN PERSON,4,Manufacturer#4,3-MEDIUM,4,FURNITURE,FOB,7,0.03,11,Brand#44,4,SM PACK,25,1362,25591.8572
F,F,COLLECT COD,3,Manufacturer#1,3-MEDIUM,4,FURNITURE,FOB,1,0.06,22,Brand#11,4,JUMBO PACK,28,1362,25711.884
F,F,DELIVER IN PERSON,3,Manufacturer#3,4-NOT SPECIFIED,0,HOUSEHOLD,AIR,4,0.03,19,Brand#35,16,MED PKG,27,2395,6437.5325
F,F,COLLECT COD,1,Manufacturer#4,4-NOT SPECIFIED,0,HOUSEHOLD,REG AIR,3,0,1,Brand#41,16,MED JAR,14,2395,46093.824
F,F,COLLECT COD,1,Manufacturer#1,4-NOT SPECIFIED,0,HOUSEHOLD,RAIL,2,0.06,17,Brand#14,16,WRAP BAG,41,2395,41985.216
F,F,NONE,1,Manufacturer#1,4-NOT SPECIFIED,0,BUILDING,SHIP,4,0,1,Brand#15,5,LG CAN,26,2643,7343.091
F,F,NONE,3,Manufacturer#2,3-MEDIUM,2,HOUSEHOLD,MAIL,5,0.04,23,Brand#25,9,LG DRUM,35,2644,1690.96
F,F,DELIVER IN PERSON,1,Manufacturer#2,3-MEDIUM,2,HOUSEHOLD,MAIL,4,0.02,17,Brand#23,9,MED PACK,17,2644,32351.886
F,F,TAKE BACK RETURN,1,Manufacturer#3,3-MEDIUM,0,BUILDING,AIR,6,0,24,Brand#35,0,WRAP BOX,8,1141,40141.9174
F,F,COLLECT COD,0,Manufacturer#4,3-MEDIUM,0,BUILDING,SHIP,4,0.04,15,Brand#45,0,LG BOX,7,1141,29453.0814
F,F,TAKE BACK RETURN,2,Manufacturer#2,3-MEDIUM,4,BUILDING,AIR,1,0.08,8,Brand#24,11,MED CASE,40,1239,6310.64
F,F,TAKE BACK RETURN,0,Manufacturer#4,5-LOW,0,AUTOMOBILE,AIR,6,0.03,14,Brand#44,5,MED CASE,33,2645,81442.07
F,F,NONE,2,Manufacturer#2,5-LOW,0,AUTOMOBILE,SHIP,1,0.04,18,Brand#24,5,WRAP BAG,3,2645,1713.8534
F,F,TAKE BACK RETURN,3,Manufacturer#3,5-LOW,0,AUTOMOBILE,AIR,4,0.06,7,Brand#34,5,WRAP CAN,18,2645,60400.0008
F,F,NONE,1,Manufacturer#5,5-LOW,0,FURNITURE,RAIL,2,0.06,3,Brand#52,15,WRAP CASE,9,2646,84148.9152
F,F,DELIVER IN PERSON,1,Manufacturer#4,5-LOW,0,FURNITURE,SHIP,1,0,2,Brand#43,15,JUMBO CAN,2,2646,45746.8102
F,F,NONE,1,Manufacturer#2,1-URGENT,0,FURNITURE,TRUCK,1,0.08,3,Brand#22,5,JUMBO CAN,44,2641,920.0828
F,F,NONE,3,Manufacturer#1,1-URGENT,0,FURNITURE,RAIL,3,0.04,6,Brand#15,5,MED CASE,13,2641,67411.701
F,F,TAKE BACK RETURN,0,Manufacturer#2,1-URGENT,0,FURNITURE,TRUCK,5,0.03,16,Brand#22,5,SM PKG,32,2641,42389.3844
F,F,COLLECT COD,3,Manufacturer#5,4-NOT SPECIFIED,2,FURNITURE,SHIP,5,0,6,Brand#53,21,JUMBO CASE,6,2647,53093.1264
F,F,NONE,2,Manufacturer#3,4-NOT SPECIFIED,2,FURNITURE,AIR,6,0,9,Brand#33,21,JUMBO DRUM,23,2647,13452.516
F,F,NONE,4,Manufacturer#3,4-NOT SPECIFIED,2,FURNITURE,TRUCK,1,0.08,4,Brand#35,21,MED DRUM,17,2647,31137.1776
F,F,COLLECT COD,3,Manufacturer#4,4-NOT SPECIFIED,2,FURNITURE,RAIL,3,0.08,22,Brand#43,21,LG PACK,12,2647,47738.6
F,F,DELIVER IN PERSON,1,Manufacturer#4,4-NOT SPECIFIED,2,FURNITURE,FOB,4,0.02,17,Brand#43,21,SM JAR,13,2647,36287.376
F,F,TAKE BACK RETURN,1,Manufacturer#4,1-URGENT,4,BUILDING,FOB,1,0,3,Brand#41,4,JUMBO PKG,3,2648,70895.4246
F,F,DELIVER IN PERSON,2,Manufacturer#5,1-URGENT,3,MACHINERY,MAIL,2,0.01,18,Brand#54,6,WRAP BAG,15,864,18088.152
F,F,DELIVER IN PERSON,3,Manufacturer#4,1-URGENT,3,MACHINERY,SHIP,1,0.02,6,Brand#43,6,SM BAG,22,864,31430.7144
F,F,COLLECT COD,0,Manufacturer#3,4-NOT SPECIFIED,3,MACHINERY,MAIL,1,0.06,0,Brand#32,6,WRAP BAG,22,2649,28018.1202
F,F,NONE,2,Manufacturer#3,4-NOT SPECIFIED,3,MACHINERY,REG AIR,5,0.06,12,Brand#32,6,JUMBO DRUM,33,2649,33211.1835
F,F,TAKE BACK RETURN,3,Manufacturer#1,4-NOT SPECIFIED,3,MACHINERY,TRUCK,4,0.03,23,Brand#14,6,LG BOX,26,2649,34601.2326
F,F,DELIVER IN PERSON,0,Manufacturer#4,4-NOT SPECIFIED,2,HOUSEHOLD,FOB,2,0,16,Brand#45,8,SM BAG,43,2650,50590.54
F,F,TAKE BACK RETURN,1,Manufacturer#4,4-NOT SPECIFIED,2,HOUSEHOLD,RAIL,1,0,17,Brand#43,8,WRAP JAR,11,2650,11193.84
F,F,NONE,0,Manufacturer#2,4-NOT SPECIFIED,3,MACHINERY,REG AIR,2,0,14,Brand#24,6,SM CASE,19,2651,39752.598
F,F,DELIVER IN PERSON,0,Manufacturer#4,3-MEDIUM,3,BUILDING,SHIP,4,0,15,Brand#41,7,JUMBO DRUM,6,2265,5121.52
F,F,COLLECT COD,4,Manufacturer#3,3-MEDIUM,3,BUILDING,AIR,1,0.06,4,Brand#33,7,WRAP CASE,17,2265,40587.246
F,F,TAKE BACK RETURN,0,Manufacturer#1,5-LOW,0,HOUSEHOLD,SHIP,1,0.04,0,Brand#11,15,MED DRUM,2,2652,46850.88
F,F,COLLECT COD,4,Manufacturer#2,4-NOT SPECIFIED,3,MACHINERY,TRUCK,3,0.07,10,Brand#24,6,WRAP CAN,19,2651,27829.5732
F,F,NONE,2,Manufacturer#3,4-NOT SPECIFIED,3,AUTOMOBILE,REG AIR,2,0.05,21,Brand#35,22,LG BOX,33,438,17195.3782
F,F,DELIVER IN PERSON,0,Manufacturer#5,4-NOT SPECIFIED,3,AUTOMOBILE,SHIP,1,0,15,Brand#52,22,SM CAN,6,438,53336.8
F,F,DELIVER IN PERSON,2,Manufacturer#1,4-NOT SPECIFIED,3,AUTOMOBILE,SHIP,4,0,8,Brand#11,22,MED PACK,39,438,48241.8054
F,F,TAKE BACK RETURN,2,Manufacturer#4,5-LOW,2,HOUSEHOLD,RAIL,3,0.04,18,Brand#44,21,SM PACK,41,2653,31988.1177
F,F,DELIVER IN PERSON,4,Manufacturer#4,5-LOW,2,HOUSEHOLD,RAIL,4,0.07,10,Brand#45,21,SM PACK,30,2653,28785.5166
F,F,NONE,4,Manufacturer#1,5-LOW,2,HOUSEHOLD,MAIL,2,0.05,20,Brand#13,21,SM BAG,13,2653,70549.92
F,F,TAKE BACK RETURN,4,Manufacturer#3,5-LOW,2,BUILDING,AIR,1,0.07,4,Brand#35,8,MED PKG,23,1580,23160.9411
F,F,COLLECT COD,3,Manufacturer#3,5-LOW,2,BUILDING,TRUCK,6,0.05,19,Brand#33,8,LG PKG,47,1580,67198.545
F,F,TAKE BACK RETURN,0,Manufacturer#5,5-LOW,2,BUILDING,TRUCK,5,0.03,14,Brand#53,8,JUMBO JAR,47,1580,52662.456
F,F,COLLECT COD,0,Manufacturer#5,3-MEDIUM,0,AUTOMOBILE,TRUCK,1,0.07,14,Brand#54,5,WRAP CASE,32,520,61193.349
F,F,DELIVER IN PERSON,1,Manufacturer#3,3-MEDIUM,3,AUTOMOBILE,FOB,3,0.06,17,Brand#33,22,WRAP PKG,20,2654,35146.3554
F,F,COLLECT COD,1,Manufacturer#2,5-LOW,3,AUTOMOBILE,RAIL,1,0.05,17,Brand#22,6,JUMBO CAN,24,682,66693.6862
F,F,NONE,2,Manufacturer#4,1-URGENT,3,FURNITURE,FOB,1,0,8,Brand#43,6,JUMBO BAG,3,2655,43169.5392
F,F,TAKE BACK RETURN,4,Manufacturer#1,1-URGENT,3,HOUSEHOLD,MAIL,1,0.01,13,Brand#11,6,WRAP JAR,27,694,29642.448
F,F,DELIVER IN PERSON,3,Manufacturer#2,1-URGENT,3,HOUSEHOLD,MAIL,7,0.01,7,Brand#22,6,JUMBO BAG,4,694,58247.616
F,F,TAKE BACK RETURN,3,Manufacturer#3,1-URGENT,3,HOUSEHOLD,AIR,4,0.04,7,Brand#34,6,SM DRUM,1,694,37517.8986
F,F,TAKE BACK RETURN,3,Manufacturer#5,1-URGENT,3,HOUSEHOLD,TRUCK,3,0.01,22,Brand#54,6,MED CASE,3,694,55937.2632
F,F,DELIVER IN PERSON,0,Manufacturer#5,1-URGENT,3,HOUSEHOLD,MAIL,6,0,14,Brand#53,6,SM BAG,11,694,32521.3525
F,F,NONE,3,Manufacturer#2,3-MEDIUM,2,MACHINERY,AIR,1,0,6,Brand#23,9,LG BAG,7,199,66617.46
F,F,NONE,1,Manufacturer#4,4-NOT SPECIFIED,4,FURNITURE,RAIL,3,0.01,17,Brand#42,10,JUMBO BAG,18,2656,32419.328
F,F,TAKE BACK RETURN,1,Manufacturer#3,4-NOT SPECIFIED,4,FURNITURE,TRUCK,1,0.07,1,Brand#35,10,WRAP PKG,27,2656,12884.5612
F,F,COLLECT COD,0,Manufacturer#2,1-URGENT,3,FURNITURE,REG AIR,3,0.01,0,Brand#23,6,SM BAG,1,2655,59945.8944
F,F,COLLECT COD,4,Manufacturer#5,1-URGENT,3,FURNITURE,MAIL,2,0.05,11,Brand#55,6,LG BAG,45,2655,2935.1322
F,F,DELIVER IN PERSON,0,Manufacturer#5,1-URGENT,3,FURNITURE,SHIP,5,0.04,16,Brand#55,6,JUMBO BOX,2,2655,72380.8305
F,F,DELIVER IN PERSON,1,Manufacturer#1,2-HIGH,1,HOUSEHOLD,AIR,1,0.02,3,Brand#13,1,WRAP BAG,32,2595,66878.5026
F,F,COLLECT COD,1,Manufacturer#2,2-HIGH,3,MACHINERY,SHIP,1,0.07,2,Brand#24,23,WRAP BOX,28,1711,15249.861
F,F,TAKE BACK RETURN,1,Manufacturer#5,5-LOW,2,AUTOMOBILE,MAIL,3,0,17,Brand#53,8,JUMBO CASE,29,2657,57758.5008
F,F,COLLECT COD,4,Manufacturer#3,2-HIGH,3,MACHINERY,MAIL,2,0.02,4,Brand#31,23,LG DRUM,34,1711,24476.5
F,F,COLLECT COD,0,Manufacturer#5,2-HIGH,3,MACHINERY,MAIL,5,0.02,15,Brand#55,23,WRAP CASE,22,1711,43639.1424
F,F,COLLECT COD,2,Manufacturer#1,3-MEDIUM,1,FURNITURE,MAIL,2,0,12,Brand#11,1,MED BOX,22,2658,52385.49
F,F,NONE,1,Manufacturer#5,5-LOW,0,HOUSEHOLD,SHIP,2,0.06,17,Brand#51,14,SM PKG,14,2659,81048.4664
F,F,COLLECT COD,2,Manufacturer#2,3-MEDIUM,1,FURNITURE,REG AIR,1,0.06,18,Brand#22,1,SM BOX,45,2658,4582.1568
F,F,NONE,1,Manufacturer#4,4-NOT SPECIFIED,4,FURNITURE,RAIL,1,0.07,3,Brand#43,20,LG JAR,20,2453,53070.1356
F,F,TAKE BACK RETURN,2,Manufacturer#2,1-URGENT,3,HOUSEHOLD,TRUCK,1,0.04,18,Brand#22,7,SM JAR,19,1148,3800.6332
F,F,COLLECT COD,4,Manufacturer#3,1-URGENT,3,HOUSEHOLD,FOB,2,0.05,10,Brand#31,7,LG JAR,37,1148,86069.2338
F,F,NONE,3,Manufacturer#1,3-MEDIUM,2,HOUSEHOLD,REG AIR,2,0.07,7,Brand#14,12,JUMBO DRUM,45,895,60052.4715
F,F,NONE,2,Manufacturer#4,3-MEDIUM,2,HOUSEHOLD,AIR,1,0.05,21,Brand#41,12,JUMBO CASE,31,895,19194.1563
F,F,COLLECT COD,4,Manufacturer#5,5-LOW,1,HOUSEHOLD,TRUCK,2,0.08,13,Brand#53,1,WRAP DRUM,12,2660,31661.1295
F,F,TAKE BACK RETURN,2,Manufacturer#1,5-LOW,1,HOUSEHOLD,FOB,4,0,9,Brand#12,1,WRAP JAR,2,2660,4284.2572
F,F,COLLECT COD,3,Manufacturer#2,5-LOW,1,HOUSEHOLD,REG AIR,5,0.04,7,Brand#23,1,MED PKG,5,2660,55585.9755
F,F,NONE,4,Manufacturer#2,1-URGENT,2,BUILDING,SHIP,5,0.03,13,Brand#25,21,LG CAN,50,2661,33093.5084
F,F,TAKE BACK RETURN,0,Manufacturer#4,1-URGENT,2,BUILDING,REG AIR,4,0.07,15,Brand#43,21,WRAP JAR,19,2661,9477.618
F,F,TAKE BACK RETURN,1,Manufacturer#2,4-NOT SPECIFIED,2,AUTOMOBILE,RAIL,3,0.07,1,Brand#25,9,LG BAG,40,2662,11953.1808
F,F,DELIVER IN PERSON,1,Manufacturer#4,4-NOT SPECIFIED,2,AUTOMOBILE,RAIL,7,0.06,3,Brand#41,9,MED DRUM,19,2662,40830.8175
F,F,COLLECT COD,1,Manufacturer#2,3-MEDIUM,3,AUTOMOBILE,SHIP,5,0.03,3,Brand#25,19,MED BAG,41,2663,29420.181
F,F,COLLECT COD,2,Manufacturer#2,1-URGENT,0,MACHINERY,FOB,1,0.01,9,Brand#25,15,JUMBO JAR,5,2664,12913.362
F,F,COLLECT COD,0,Manufacturer#2,1-URGENT,0,MACHINERY,AIR,3,0.04,0,Brand#25,15,SM PKG,6,2664,75633.8716
F,F,TAKE BACK RETURN,4,Manufacturer#5,1-URGENT,0,MACHINERY,REG AIR,2,0.01,20,Brand#55,15,WRAP PACK,26,2664,30400.2972
F,F,DELIVER IN PERSON,1,Manufacturer#3,3-MEDIUM,3,MACHINERY,RAIL,1,0.02,2,Brand#35,7,SM PACK,29,2665,1023.9502
F,F,DELIVER IN PERSON,2,Manufacturer#2,3-MEDIUM,3,MACHINERY,AIR,3,0.08,21,Brand#23,7,LG CASE,49,2665,10203.9993
F,F,COLLECT COD,1,Manufacturer#5,5-LOW,2,AUTOMOBILE,MAIL,2,0.04,1,Brand#54,18,MED JAR,22,2454,24523.0713
F,F,NONE,3,Manufacturer#2,2-HIGH,1,MACHINERY,SHIP,7,0.06,7,Brand#21,2,MED JAR,20,2666,19079.0418
F,F,TAKE BACK RETURN,1,Manufacturer#1,2-HIGH,1,MACHINERY,MAIL,6,0.07,17,Brand#15,2,WRAP BOX,20,2666,54247.7572
F,F,NONE,1,Manufacturer#2,2-HIGH,1,MACHINERY,MAIL,1,0.03,17,Brand#21,2,WRAP PKG,37,2666,6766.4225
F,F,TAKE BACK RETURN,3,Manufacturer#1,2-HIGH,1,MACHINERY,SHIP,5,0.04,23,Brand#13,2,MED DRUM,29,2666,64470.6708
F,F,NONE,3,Manufacturer#4,2-HIGH,1,MACHINERY,REG AIR,3,0.06,7,Brand#45,2,WRAP JAR,17,2666,3980.32
F,F,NONE,2,Manufacturer#2,5-LOW,1,AUTOMOBILE,RAIL,4,0.02,9,Brand#22,3,SM CASE,21,2667,5348.5
F,F,TAKE BACK RETURN,2,Manufacturer#4,3-MEDIUM,3,AUTOMOBILE,RAIL,1,0.07,12,Brand#44,19,LG PKG,24,2663,13762.935
F,F,DELIVER IN PERSON,0,Manufacturer#1,3-MEDIUM,3,AUTOMOBILE,SHIP,3,0.07,0,Brand#14,19,LG JAR,48,2663,30546.0144
F,F,DELIVER IN PERSON,4,Manufacturer#3,3-MEDIUM,3,MACHINERY,FOB,3,0.08,10,Brand#32,7,JUMBO BAG,50,2668,41449.8303
F,F,COLLECT COD,1,Manufacturer#2,2-HIGH,4,MACHINERY,REG AIR,1,0.08,2,Brand#24,20,JUMBO PKG,13,2669,80243.5986
F,F,TAKE BACK RETURN,2,Manufacturer#5,2-HIGH,4,MACHINERY,AIR,3,0.02,8,Brand#51,20,JUMBO BOX,24,2669,83631.0528
F,F,NONE,1,Manufacturer#1,2-HIGH,4,MACHINERY,TRUCK,4,0.05,1,Brand#13,20,WRAP BOX,1,2669,37681.8624
F,F,DELIVER IN PERSON,2,Manufacturer#4,3-MEDIUM,3,MACHINERY,SHIP,2,0.08,18,Brand#45,7,WRAP PACK,10,2668,1885.8092
F,F,TAKE BACK RETURN,2,Manufacturer#2,4-NOT SPECIFIED,2,AUTOMOBILE,RAIL,5,0.08,12,Brand#23,12,SM PACK,49,2670,27647.28
F,F,NONE,4,Manufacturer#2,3-MEDIUM,0,FURNITURE,FOB,3,0.05,11,Brand#24,5,MED PACK,43,2671,1733.3217
F,F,TAKE BACK RETURN,0,Manufacturer#2,3-MEDIUM,0,FURNITURE,SHIP,2,0.02,0,Brand#23,5,JUMBO PKG,7,2671,45912.672
F,F,NONE,2,Manufacturer#2,5-LOW,3,BUILDING,FOB,2,0.05,8,Brand#21,7,MED CAN,5,2672,28653.55
F,F,NONE,0,Manufacturer#5,5-LOW,3,BUILDING,TRUCK,1,0.02,0,Brand#52,7,JUMBO JAR,41,2672,32179.4105
F,F,NONE,4,Manufacturer#5,3-MEDIUM,4,AUTOMOBILE,AIR,6,0.03,20,Brand#52,4,MED CAN,36,2673,4907.411
F,F,NONE,2,Manufacturer#1,4-NOT SPECIFIED,2,FURNITURE,AIR,1,0.08,18,Brand#11,18,SM CASE,17,2674,65036.861
F,F,DELIVER IN PERSON,1,Manufacturer#5,4-NOT SPECIFIED,4,MACHINERY,RAIL,2,0,17,Brand#54,10,JUMBO PKG,43,2675,34102.449
F,F,COLLECT COD,4,Manufacturer#1,4-NOT SPECIFIED,4,MACHINERY,SHIP,1,0.02,20,Brand#12,10,LG JAR,39,2675,11560.0576
F,F,COLLECT COD,2,Manufacturer#4,4-NOT SPECIFIED,4,MACHINERY,RAIL,4,0,8,Brand#43,10,WRAP CASE,39,2675,12655.764
F,F,DELIVER IN PERSON,2,Manufacturer#2,4-NOT SPECIFIED,4,MACHINERY,TRUCK,5,0.08,12,Brand#24,10,WRAP DRUM,32,2675,45911.106
F,F,TAKE BACK RETURN,2,Manufacturer#4,3-MEDIUM,4,AUTOMOBILE,RAIL,2,0.04,21,Brand#43,4,JUMBO PKG,39,2673,45168.96
F,F,COLLECT COD,1,Manufacturer#1,3-MEDIUM,4,AUTOMOBILE,FOB,4,0.03,1,Brand#11,4,LG BOX,32,2673,15655.392
F,F,DELIVER IN PERSON,1,Manufacturer#1,3-MEDIUM,2,BUILDING,SHIP,2,0.04,17,Brand#15,8,SM CAN,20,117,60753.92
F,F,DELIVER IN PERSON,3,Manufacturer#4,1-URGENT,2,AUTOMOBILE,REG AIR,2,0.06,6,Brand#41,12,JUMBO BAG,49,1387,40445.7408
F,F,TAKE BACK RETURN,3,Manufacturer#4,1-URGENT,2,AUTOMOBILE,SHIP,4,0.07,6,Brand#45,12,MED CAN,39,1387,46562.4696
F,F,NONE,0,Manufacturer#4,4-NOT SPECIFIED,2,MACHINERY,AIR,6,0.08,5,Brand#42,18,SM BOX,26,2166,46276.2234
F,F,COLLECT COD,0,Manufacturer#5,1-URGENT,2,AUTOMOBILE,FOB,3,0.05,14,Brand#54,12,WRAP CAN,9,1387,60866.96
F,F,NONE,3,Manufacturer#1,4-NOT SPECIFIED,2,MACHINERY,SHIP,1,0.08,19,Brand#15,18,LG JAR,7,2166,5212.3935
F,F,DELIVER IN PERSON,3,Manufacturer#2,1-URGENT,1,MACHINERY,REG AIR,2,0.04,22,Brand#25,3,MED CAN,8,2676,48629.455
F,F,COLLECT COD,1,Manufacturer#3,1-URGENT,1,MACHINERY,MAIL,1,0,17,Brand#33,3,LG CAN,1,2676,80400.39
F,F,DELIVER IN PERSON,1,Manufacturer#3,1-URGENT,1,MACHINERY,FOB,5,0.04,24,Brand#33,3,JUMBO PKG,22,2676,41893.0176
F,F,NONE,2,Manufacturer#1,2-HIGH,3,HOUSEHOLD,TRUCK,3,0.05,21,Brand#11,6,WRAP CAN,44,2677,7393.2096
F,F,DELIVER IN PERSON,4,Manufacturer#1,1-URGENT,0,FURNITURE,TRUCK,3,0,20,Brand#11,15,LG BOX,38,2678,51490.656
F,F,TAKE BACK RETURN,2,Manufacturer#1,1-URGENT,0,FURNITURE,FOB,1,0.04,8,Brand#13,15,SM DRUM,41,2678,4671.585
F,F,TAKE BACK RETURN,2,Manufacturer#1,1-URGENT,0,FURNITURE,MAIL,4,0.07,21,Brand#11,15,JUMBO CASE,48,2678,54252.6432
F,F,NONE,0,Manufacturer#2,1-URGENT,0,FURNITURE,MAIL,5,0.07,16,Brand#22,15,JUMBO PACK,38,2678,16248.0472
F,F,NONE,1,Manufacturer#2,2-HIGH,4,AUTOMOBILE,RAIL,1,0.08,1,Brand#25,10,WRAP PACK,23,2679,4587.38
F,F,DELIVER IN PERSON,4,Manufacturer#3,2-HIGH,4,AUTOMOBILE,TRUCK,2,0.01,20,Brand#35,10,JUMBO BAG,8,2679,18009.81
F,F,NONE,1,Manufacturer#4,2-HIGH,4,AUTOMOBILE,SHIP,3,0.07,24,Brand#41,10,LG PKG,26,2679,46035.495
F,F,COLLECT COD,1,Manufacturer#3,2-HIGH,4,AUTOMOBILE,TRUCK,4,0.06,1,Brand#35,10,LG JAR,36,2679,24142.2168
F,F,DELIVER IN PERSON,2,Manufacturer#1,3-MEDIUM,4,FURNITURE,REG AIR,1,0.02,18,Brand#12,11,SM PACK,47,2680,21463.4
F,F,DELIVER IN PERSON,1,Manufacturer#4,3-MEDIUM,4,FURNITURE,REG AIR,2,0.02,24,Brand#43,11,JUMBO BOX,22,2680,22368.72
F,F,COLLECT COD,4,Manufacturer#1,4-NOT SPECIFIED,3,FURNITURE,REG AIR,3,0.05,13,Brand#12,6,SM CASE,1,2681,45776.2833
F,F,DELIVER IN PERSON,2,Manufacturer#3,4-NOT SPECIFIED,3,FURNITURE,SHIP,5,0,21,Brand#35,6,WRAP JAR,41,2681,36113.4201
F,F,NONE,4,Manufacturer#2,4-NOT SPECIFIED,3,FURNITURE,AIR,4,0,20,Brand#23,6,MED PKG,6,2681,978.336
F,F,DELIVER IN PERSON,0,Manufacturer#5,4-NOT SPECIFIED,3,FURNITURE,REG AIR,2,0.08,14,Brand#53,6,MED BOX,20,2681,54012.917
F,F,COLLECT COD,3,Manufacturer#5,2-HIGH,2,MACHINERY,AIR,3,0.01,6,Brand#52,18,WRAP PKG,23,2682,55661.568
F,F,NONE,2,Manufacturer#2,2-HIGH,2,MACHINERY,TRUCK,1,0.02,8,Brand#21,18,LG BAG,9,2682,51015.727
F,F,TAKE BACK RETURN,0,Manufacturer#3,2-HIGH,3,HOUSEHOLD,REG AIR,1,0.08,14,Brand#31,6,SM PACK,41,2677,25897.8265
F,F,DELIVER IN PERSON,0,Manufacturer#3,2-HIGH,4,FURNITURE,MAIL,1,0,16,Brand#34,10,SM BAG,5,2683,75518.72
F,F,DELIVER IN PERSON,4,Manufacturer#4,3-MEDIUM,2,FURNITURE,REG AIR,3,0.06,11,Brand#45,9,SM BAG,32,2684,7250.4036
F,F,DELIVER IN PERSON,3,Manufacturer#1,3-MEDIUM,2,FURNITURE,SHIP,6,0.08,22,Brand#14,9,JUMBO BAG,21,2684,12736.9341
F,F,DELIVER IN PERSON,1,Manufacturer#2,3-MEDIUM,0,FURNITURE,FOB,3,0.03,3,Brand#25,15,MED BAG,41,695,2119.1548
F,F,DELIVER IN PERSON,3,Manufacturer#3,5-LOW,4,AUTOMOBILE,SHIP,2,0.06,23,Brand#35,10,LG DRUM,35,2685,85281.0535
F,F,DELIVER IN PERSON,4,Manufacturer#1,4-NOT SPECIFIED,2,BUILDING,MAIL,2,0.03,4,Brand#11,18,SM PKG,23,25,10650.248
F,F,NONE,1,Manufacturer#2,4-NOT SPECIFIED,2,BUILDING,SHIP,3,0.05,1,Brand#21,18,WRAP PKG,32,25,21838.18
F,F,COLLECT COD,1,Manufacturer#3,5-LOW,2,BUILDING,TRUCK,7,0.03,24,Brand#34,8,JUMBO BAG,29,400,35613.8013
F,F,DELIVER IN PERSON,0,Manufacturer#2,5-LOW,2,BUILDING,REG AIR,5,0.08,15,Brand#23,8,SM BOX,48,400,14485.961
F,F,TAKE BACK RETURN,3,Manufacturer#1,5-LOW,2,BUILDING,REG AIR,6,0.02,7,Brand#12,8,LG JAR,1,400,49055.7816
F,F,NONE,4,Manufacturer#4,5-LOW,2,BUILDING,AIR,1,0.07,11,Brand#43,8,WRAP CAN,4,400,26495.12
F,F,TAKE BACK RETURN,0,Manufacturer#5,5-LOW,2,BUILDING,RAIL,4,0.04,5,Brand#53,8,WRAP CASE,32,400,13517.9616
F,F,DELIVER IN PERSON,0,Manufacturer#2,5-LOW,2,BUILDING,MAIL,3,0,5,Brand#25,8,JUMBO CASE,37,400,34540.5312
F,F,DELIVER IN PERSON,3,Manufacturer#2,3-MEDIUM,0,FURNITURE,FOB,2,0.07,6,Brand#22,15,JUMBO BOX,49,695,86528.9082
F,F,COLLECT COD,2,Manufacturer#4,2-HIGH,3,BUILDING,SHIP,6,0.04,9,Brand#45,7,JUMBO BAG,16,2265,31959.045
F,F,COLLECT COD,0,Manufacturer#3,2-HIGH,3,BUILDING,REG AIR,4,0.02,16,Brand#35,7,LG PACK,25,2265,46263.0805
F,F,TAKE BACK RETURN,3,Manufacturer#5,1-URGENT,3,BUILDING,TRUCK,1,0,19,Brand#52,6,SM DRUM,49,2686,17449.668
F,F,DELIVER IN PERSON,1,Manufacturer#5,1-URGENT,3,BUILDING,TRUCK,2,0,3,Brand#51,6,MED PACK,47,2686,47312.6247
F,F,NONE,2,Manufacturer#5,1-URGENT,3,BUILDING,RAIL,6,0.08,18,Brand#51,6,JUMBO DRUM,32,2686,15179.3334
F,F,DELIVER IN PERSON,2,Manufacturer#4,4-NOT SPECIFIED,4,BUILDING,MAIL,2,0.01,12,Brand#42,20,MED JAR,35,2687,23147.7
F,F,COLLECT COD,0,Manufacturer#1,4-NOT SPECIFIED,4,BUILDING,RAIL,1,0.05,16,Brand#14,20,MED CASE,43,2687,27853.1776
F,F,COLLECT COD,2,Manufacturer#1,2-HIGH,0,AUTOMOBILE,RAIL,5,0.02,21,Brand#12,5,LG JAR,38,591,17861.454
F,F,COLLECT COD,4,Manufacturer#4,2-HIGH,0,AUTOMOBILE,AIR,6,0.01,20,Brand#41,5,LG BAG,9,591,25544.7552
F,F,COLLECT COD,1,Manufacturer#1,2-HIGH,0,AUTOMOBILE,SHIP,1,0.02,2,Brand#13,5,LG BAG,6,591,82322.24
F,F,TAKE BACK RETURN,0,Manufacturer#4,2-HIGH,0,AUTOMOBILE,FOB,3,0,16,Brand#44,5,JUMBO PKG,44,591,62348.044
F,F,DELIVER IN PERSON,2,Manufacturer#4,2-HIGH,0,AUTOMOBILE,RAIL,2,0.08,8,Brand#41,5,LG CASE,19,591,23269.4784
F,F,COLLECT COD,3,Manufacturer#4,4-NOT SPECIFIED,1,HOUSEHOLD,MAIL,2,0,22,Brand#44,1,JUMBO BOX,24,2688,4947.2775
F,F,TAKE BACK RETURN,4,Manufacturer#3,4-NOT SPECIFIED,1,HOUSEHOLD,SHIP,3,0.05,20,Brand#33,1,WRAP BAG,40,2688,9122.7045
F,F,NONE,0,Manufacturer#5,4-NOT SPECIFIED,1,HOUSEHOLD,MAIL,1,0.02,15,Brand#51,1,WRAP CASE,41,2688,23609.4
F,F,TAKE BACK RETURN,0,Manufacturer#3,4-NOT SPECIFIED,1,HOUSEHOLD,SHIP,4,0.07,0,Brand#33,1,WRAP JAR,30,2688,40523.904
F,F,COLLECT COD,0,Manufacturer#5,2-HIGH,2,BUILDING,MAIL,4,0.06,5,Brand#51,9,MED BOX,22,2689,47339.16
F,F,TAKE BACK RETURN,3,Manufacturer#1,5-LOW,3,HOUSEHOLD,SHIP,2,0.08,6,Brand#15,23,WRAP JAR,47,2690,6349.4795
F,F,TAKE BACK RETURN,3,Manufacturer#2,5-LOW,3,HOUSEHOLD,RAIL,3,0.02,22,Brand#22,23,JUMBO CASE,33,2690,6968.8255
F,F,NONE,0,Manufacturer#2,2-HIGH,2,BUILDING,RAIL,3,0.05,15,Brand#22,9,MED JAR,17,2689,53947.12
F,F,TAKE BACK RETURN,1,Manufacturer#4,2-HIGH,2,BUILDING,FOB,1,0.03,24,Brand#41,9,MED PACK,30,2689,51703.713
F,F,COLLECT COD,4,Manufacturer#4,3-MEDIUM,3,HOUSEHOLD,FOB,4,0,10,Brand#41,7,SM BOX,33,124,29409.93
F,F,NONE,4,Manufacturer#3,1-URGENT,2,BUILDING,REG AIR,1,0.06,13,Brand#31,8,SM BAG,32,2691,30535.6695
F,F,TAKE BACK RETURN,1,Manufacturer#5,1-URGENT,2,BUILDING,SHIP,2,0.06,2,Brand#51,8,MED PKG,40,2691,31615.2837
F,F,COLLECT COD,0,Manufacturer#2,1-URGENT,0,HOUSEHOLD,SHIP,3,0.07,16,Brand#21,5,WRAP DRUM,26,2692,8724.096
F,F,TAKE BACK RETURN,0,Manufacturer#4,1-URGENT,0,HOUSEHOLD,FOB,5,0.07,0,Brand#44,5,MED BOX,28,2692,58392.9216
F,F,NONE,2,Manufacturer#4,5-LOW,1,MACHINERY,REG AIR,1,0.06,9,Brand#45,17,JUMBO BAG,27,2693,1682.77
F,F,TAKE BACK RETURN,0,Manufacturer#4,5-LOW,3,BUILDING,SHIP,3,0.04,5,Brand#45,19,LG PACK,36,2694,60826.35
F,F,TAKE BACK RETURN,3,Manufacturer#5,5-LOW,3,BUILDING,TRUCK,1,0.08,19,Brand#51,19,MED CASE,48,2694,16167.5235
F,F,DELIVER IN PERSON,3,Manufacturer#4,5-LOW,3,BUILDING,MAIL,2,0.04,23,Brand#42,19,WRAP BAG,28,2694,5069.7225
F,F,DELIVER IN PERSON,3,Manufacturer#5,2-HIGH,3,BUILDING,AIR,7,0.08,19,Brand#51,19,JUMBO PACK,20,2695,53222.33
F,F,NONE,1,Manufacturer#3,2-HIGH,3,BUILDING,SHIP,3,0.05,2,Brand#34,19,JUMBO CASE,24,2695,52510.68
F,F,TAKE BACK RETURN,4,Manufacturer#3,2-HIGH,3,BUILDING,MAIL,2,0.03,11,Brand#34,19,WRAP JAR,27,2695,65067.1344
F,F,NONE,3,Manufacturer#5,2-HIGH,3,BUILDING,RAIL,4,0.02,22,Brand#51,19,JUMBO CAN,49,2695,18202.704
F,F,NONE,3,Manufacturer#4,2-HIGH,3,BUILDING,MAIL,1,0.01,6,Brand#44,19,LG PACK,13,2695,8546.793
F,F,TAKE BACK RETURN,0,Manufacturer#2,1-URGENT,4,HOUSEHOLD,FOB,4,0.01,16,Brand#22,20,SM BAG,8,517,8220.6572
F,F,COLLECT COD,1,Manufacturer#4,1-URGENT,4,HOUSEHOLD,REG AIR,5,0.06,1,Brand#43,20,WRAP PACK,22,517,12680.5869
F,F,TAKE BACK RETURN,4,Manufacturer#2,1-URGENT,2,HOUSEHOLD,FOB,4,0.08,4,Brand#21,21,WRAP DRUM,38,1223,17457.3792
F,F,COLLECT COD,1,Manufacturer#5,1-URGENT,2,HOUSEHOLD,TRUCK,5,0,17,Brand#51,21,LG PKG,3,1223,33770.9176
F,F,NONE,2,Manufacturer#1,1-URGENT,2,HOUSEHOLD,TRUCK,1,0.05,18,Brand#12,21,WRAP PKG,34,1223,85978.6092
F,F,NONE,4,Manufacturer#5,1-URGENT,4,AUTOMOBILE,SHIP,3,0.07,13,Brand#52,20,MED PACK,8,2026,69926.6025
F,F,DELIVER IN PERSON,1,Manufacturer#2,1-URGENT,0,BUILDING,RAIL,2,0.03,17,Brand#21,14,JUMBO PKG,5,2307,16044.624
F,F,DELIVER IN PERSON,2,Manufacturer#4,1-URGENT,0,BUILDING,RAIL,4,0.04,9,Brand#45,14,SM PACK,48,2307,36251.136
F,F,DELIVER IN PERSON,2,Manufacturer#2,1-URGENT,0,BUILDING,SHIP,1,0.03,9,Brand#21,14,SM DRUM,14,2307,16163.064
F,F,NONE,0,Manufacturer#4,4-NOT SPECIFIED,2,AUTOMOBILE,REG AIR,5,0.02,5,Brand#45,8,MED JAR,32,2696,41905.9674
F,F,NONE,4,Manufacturer#2,4-NOT SPECIFIED,2,AUTOMOBILE,AIR,2,0.03,13,Brand#24,8,SM BAG,49,2696,69907.6224
F,F,TAKE BACK RETURN,1,Manufacturer#2,4-NOT SPECIFIED,2,AUTOMOBILE,RAIL,3,0,3,Brand#24,8,MED BOX,41,2696,47087.937
F,F,NONE,3,Manufacturer#4,2-HIGH,1,AUTOMOBILE,AIR,1,0.06,23,Brand#41,17,MED CAN,46,2697,21697.2868
F,F,COLLECT COD,1,Manufacturer#1,1-URGENT,0,HOUSEHOLD,AIR,7,0.03,24,Brand#13,5,MED CAN,25,2698,22220.955
F,F,NONE,4,Manufacturer#4,1-URGENT,0,HOUSEHOLD,RAIL,1,0.07,4,Brand#41,5,SM CAN,4,2698,17696.844
F,F,DELIVER IN PERSON,0,Manufacturer#5,1-URGENT,0,HOUSEHOLD,FOB,4,0.05,16,Brand#51,5,LG CAN,43,2698,4578.834
F,F,NONE,4,Manufacturer#2,1-URGENT,0,HOUSEHOLD,MAIL,6,0.02,13,Brand#21,5,WRAP JAR,43,2698,5575.469
F,F,TAKE BACK RETURN,1,Manufacturer#3,3-MEDIUM,4,MACHINERY,AIR,4,0.04,24,Brand#34,10,JUMBO BAG,29,2699,45766.49
F,F,TAKE BACK RETURN,0,Manufacturer#3,3-MEDIUM,4,MACHINERY,FOB,5,0.03,5,Brand#33,10,LG PKG,47,2699,75532.128
F,F,NONE,2,Manufacturer#3,3-MEDIUM,4,MACHINERY,TRUCK,2,0.08,18,Brand#33,10,JUMBO BAG,43,2699,1639.7108
F,F,COLLECT COD,0,Manufacturer#5,3-MEDIUM,4,MACHINERY,TRUCK,1,0,14,Brand#53,10,MED JAR,43,2699,7000.1856
F,F,DELIVER IN PERSON,3,Manufacturer#1,2-HIGH,4,HOUSEHOLD,REG AIR,5,0.06,23,Brand#14,11,WRAP CASE,3,2700,46732.5425
F,F,NONE,3,Manufacturer#5,2-HIGH,4,HOUSEHOLD,TRUCK,1,0.03,7,Brand#54,11,MED PKG,32,2700,18423.4842
F,F,COLLECT COD,2,Manufacturer#4,2-HIGH,4,HOUSEHOLD,TRUCK,3,0.06,9,Brand#42,11,SM JAR,40,2700,48812
F,F,DELIVER IN PERSON,0,Manufacturer#2,1-URGENT,0,BUILDING,FOB,5,0.05,15,Brand#22,0,MED CASE,8,2701,35445.6193
F,F,COLLECT COD,1,Manufacturer#5,1-URGENT,0,BUILDING,REG AIR,2,0.03,3,Brand#54,0,WRAP JAR,40,2701,10759.8414
F,F,DELIVER IN PERSON,2,Manufacturer#1,1-URGENT,0,BUILDING,FOB,1,0.03,18,Brand#15,0,MED PACK,8,2701,13732.9504
F,F,TAKE BACK RETURN,1,Manufacturer#5,5-LOW,3,AUTOMOBILE,TRUCK,2,0.07,2,Brand#54,6,WRAP CAN,9,2617,15676.9536
F,F,COLLECT COD,2,Manufacturer#4,5-LOW,3,AUTOMOBILE,RAIL,2,0.01,8,Brand#42,22,LG BAG,45,205,49501.7796
F,F,NONE,0,Manufacturer#3,1-URGENT,2,HOUSEHOLD,TRUCK,1,0.01,15,Brand#35,12,LG CAN,40,1471,58301.1636
F,F,DELIVER IN PERSON,3,Manufacturer#5,5-LOW,3,AUTOMOBILE,TRUCK,3,0.06,23,Brand#52,6,MED CASE,19,2617,6568.962
F,F,NONE,0,Manufacturer#2,2-HIGH,4,MACHINERY,REG AIR,1,0.06,0,Brand#21,10,SM JAR,21,2702,27737.217
F,F,TAKE BACK RETURN,0,Manufacturer#4,2-HIGH,4,MACHINERY,SHIP,2,0.05,0,Brand#42,10,LG PKG,12,2702,64757.7042
F,F,TAKE BACK RETURN,0,Manufacturer#3,2-HIGH,4,MACHINERY,SHIP,3,0.05,5,Brand#32,10,MED JAR,15,2702,50981.0945
F,F,DELIVER IN PERSON,4,Manufacturer#3,4-NOT SPECIFIED,0,FURNITURE,SHIP,5,0.06,13,Brand#32,0,JUMBO CAN,26,2703,3687.6912
F,F,TAKE BACK RETURN,4,Manufacturer#4,4-NOT SPECIFIED,0,FURNITURE,RAIL,6,0.01,4,Brand#45,0,WRAP BOX,21,2703,49492.504
F,F,NONE,4,Manufacturer#1,4-NOT SPECIFIED,0,FURNITURE,MAIL,1,0.07,11,Brand#14,0,LG JAR,15,2703,9997.812
F,F,DELIVER IN PERSON,2,Manufacturer#3,4-NOT SPECIFIED,0,FURNITURE,FOB,2,0.07,21,Brand#35,0,JUMBO PKG,28,2703,14592.3228
F,F,TAKE BACK RETURN,3,Manufacturer#1,2-HIGH,0,MACHINERY,FOB,3,0,22,Brand#11,0,MED CAN,32,2314,79852.146
F,F,TAKE BACK RETURN,3,Manufacturer#4,4-NOT SPECIFIED,0,FURNITURE,RAIL,4,0.06,22,Brand#43,0,LG PKG,3,2703,17211.888
F,F,NONE,3,Manufacturer#5,1-URGENT,1,FURNITURE,TRUCK,4,0.05,19,Brand#51,24,MED CASE,11,433,42579.2928
F,F,TAKE BACK RETURN,2,Manufacturer#3,1-URGENT,1,FURNITURE,RAIL,2,0.06,12,Brand#31,24,MED CAN,32,433,7768.1965
F,F,TAKE BACK RETURN,0,Manufacturer#3,1-URGENT,1,FURNITURE,RAIL,5,0.03,16,Brand#34,24,MED CAN,3,433,9990.3762
F,F,NONE,3,Manufacturer#3,1-URGENT,1,FURNITURE,RAIL,1,0.07,22,Brand#35,24,JUMBO BOX,16,433,33552.9612
F,F,DELIVER IN PERSON,0,Manufacturer#5,3-MEDIUM,3,MACHINERY,SHIP,2,0.05,15,Brand#54,6,MED DRUM,36,2704,13075.7088
F,F,TAKE BACK RETURN,1,Manufacturer#1,5-LOW,1,BUILDING,FOB,1,0.03,1,Brand#12,2,LG BOX,34,2229,61802.52
F,F,TAKE BACK RETURN,2,Manufacturer#5,3-MEDIUM,2,AUTOMOBILE,AIR,3,0.01,18,Brand#52,21,LG BOX,35,1971,51099.3792
F,F,DELIVER IN PERSON,3,Manufacturer#5,3-MEDIUM,2,AUTOMOBILE,TRUCK,2,0.02,19,Brand#54,21,LG CAN,18,1971,46562.1534
F,F,DELIVER IN PERSON,2,Manufacturer#4,3-MEDIUM,2,AUTOMOBILE,FOB,1,0.08,18,Brand#42,21,WRAP BOX,10,1971,23313.645
F,F,DELIVER IN PERSON,3,Manufacturer#1,3-MEDIUM,2,AUTOMOBILE,AIR,5,0.06,7,Brand#12,21,JUMBO PKG,39,1971,19444.572
F,F,DELIVER IN PERSON,3,Manufacturer#2,3-MEDIUM,2,AUTOMOBILE,REG AIR,7,0.03,7,Brand#22,21,WRAP DRUM,21,1971,26058.9056
F,F,DELIVER IN PERSON,1,Manufacturer#1,4-NOT SPECIFIED,0,BUILDING,REG AIR,6,0.06,3,Brand#12,0,LG BAG,14,2705,42069.555
F,F,NONE,4,Manufacturer#1,4-NOT SPECIFIED,0,BUILDING,RAIL,5,0.02,10,Brand#12,0,SM PACK,27,2705,35559.4536
F,F,NONE,3,Manufacturer#5,3-MEDIUM,1,FURNITURE,FOB,1,0.03,6,Brand#51,2,SM JAR,9,440,17977.8304
F,F,DELIVER IN PERSON,1,Manufacturer#5,3-MEDIUM,1,FURNITURE,SHIP,5,0.02,2,Brand#51,2,JUMBO CASE,14,440,45180.096
F,F,COLLECT COD,4,Manufacturer#4,3-MEDIUM,1,FURNITURE,REG AIR,1,0.02,4,Brand#45,3,LG CASE,11,2706,36005.042
F,F,TAKE BACK RETURN,2,Manufacturer#5,3-MEDIUM,3,BUILDING,TRUCK,5,0,21,Brand#53,6,WRAP CAN,44,2707,35932.393
F,F,DELIVER IN PERSON,3,Manufacturer#2,3-MEDIUM,3,BUILDING,SHIP,3,0.03,19,Brand#24,6,LG JAR,20,2707,8178.2664
F,F,TAKE BACK RETURN,0,Manufacturer#3,3-MEDIUM,3,MACHINERY,RAIL,1,0.03,0,Brand#31,6,SM CASE,37,2704,32544.9453
F,F,DELIVER IN PERSON,0,Manufacturer#3,5-LOW,4,FURNITURE,REG AIR,4,0.01,0,Brand#33,10,MED BAG,35,1801,37728.756
F,F,COLLECT COD,3,Manufacturer#1,2-HIGH,1,AUTOMOBILE,RAIL,2,0.08,7,Brand#12,1,JUMBO CAN,15,2708,3269.3568
F,F,TAKE BACK RETURN,0,Manufacturer#1,2-HIGH,1,AUTOMOBILE,TRUCK,3,0.04,5,Brand#14,1,WRAP BAG,29,2708,41371.44
F,F,DELIVER IN PERSON,4,Manufacturer#1,3-MEDIUM,4,AUTOMOBILE,REG AIR,3,0,4,Brand#11,11,MED CAN,15,2709,23117.4762
F,F,TAKE BACK RETURN,0,Manufacturer#1,3-MEDIUM,4,AUTOMOBILE,MAIL,2,0.03,16,Brand#15,11,WRAP JAR,5,2709,24329.9336
F,F,COLLECT COD,3,Manufacturer#3,3-MEDIUM,0,HOUSEHOLD,TRUCK,1,0.04,6,Brand#34,15,MED CAN,18,2710,2409.4672
F,F,COLLECT COD,2,Manufacturer#1,3-MEDIUM,0,HOUSEHOLD,RAIL,2,0.07,21,Brand#14,15,LG DRUM,3,2710,24076.8968
F,F,DELIVER IN PERSON,2,Manufacturer#3,2-HIGH,1,BUILDING,SHIP,3,0.03,18,Brand#32,1,SM BOX,8,2141,24620.1888
F,F,TAKE BACK RETURN,1,Manufacturer#3,2-HIGH,1,BUILDING,RAIL,2,0.08,1,Brand#31,1,MED CASE,36,2141,48876.7545
F,F,TAKE BACK RETURN,4,Manufacturer#3,1-URGENT,1,BUILDING,RAIL,3,0.08,4,Brand#33,2,LG PACK,21,2711,22454.67
F,F,TAKE BACK RETURN,3,Manufacturer#1,3-MEDIUM,0,BUILDING,SHIP,1,0.06,19,Brand#11,5,MED DRUM,16,2712,1873.0503
F,F,NONE,0,Manufacturer#4,3-MEDIUM,0,BUILDING,MAIL,3,0.06,14,Brand#44,5,WRAP BAG,9,2712,47908.0588
F,F,DELIVER IN PERSON,3,Manufacturer#2,4-NOT SPECIFIED,1,MACHINERY,SHIP,2,0.06,7,Brand#22,24,JUMBO JAR,40,2713,43554.636
F,F,DELIVER IN PERSON,3,Manufacturer#1,4-NOT SPECIFIED,1,MACHINERY,MAIL,3,0.03,23,Brand#12,24,LG BAG,38,2713,10741.8069
F,F,COLLECT COD,1,Manufacturer#4,2-HIGH,4,FURNITURE,REG AIR,4,0.03,17,Brand#44,10,SM BAG,19,2714,52211.52
F,F,DELIVER IN PERSON,2,Manufacturer#3,4-NOT SPECIFIED,0,FURNITURE,REG AIR,1,0.05,9,Brand#33,14,JUMBO DRUM,42,1493,26051.6736
F,F,NONE,2,Manufacturer#4,2-HIGH,0,FURNITURE,SHIP,1,0.07,9,Brand#42,16,MED PACK,18,933,38215.584
F,F,TAKE BACK RETURN,2,Manufacturer#2,4-NOT SPECIFIED,1,MACHINERY,TRUCK,4,0.06,21,Brand#23,1,SM PKG,25,1808,60152.67
F,F,TAKE BACK RETURN,2,Manufacturer#1,4-NOT SPECIFIED,1,MACHINERY,MAIL,3,0.02,8,Brand#11,1,SM CAN,9,1808,2540.7072
F,F,TAKE BACK RETURN,4,Manufacturer#3,3-MEDIUM,3,AUTOMOBILE,REG AIR,2,0.05,20,Brand#35,22,SM DRUM,7,1646,76241.088
F,F,DELIVER IN PERSON,2,Manufacturer#4,3-MEDIUM,3,AUTOMOBILE,MAIL,4,0.02,12,Brand#43,22,WRAP DRUM,48,1646,61230.942
F,F,DELIVER IN PERSON,3,Manufacturer#5,3-MEDIUM,3,AUTOMOBILE,TRUCK,5,0.05,7,Brand#54,22,SM CAN,21,1646,51673.94
F,F,DELIVER IN PERSON,0,Manufacturer#5,3-MEDIUM,3,AUTOMOBILE,AIR,3,0.04,0,Brand#51,22,WRAP PKG,35,1646,53348.995
F,F,TAKE BACK RETURN,2,Manufacturer#4,2-HIGH,4,FURNITURE,SHIP,1,0.08,18,Brand#43,10,JUMBO CAN,37,2715,38437.9996
F,F,TAKE BACK RETURN,4,Manufacturer#2,5-LOW,4,FURNITURE,AIR,6,0.05,20,Brand#22,10,MED DRUM,28,1801,12796.344
F,F,TAKE BACK RETURN,3,Manufacturer#3,1-URGENT,0,FURNITURE,REG AIR,3,0,6,Brand#31,15,WRAP BOX,7,2716,24256.8326
F,F,TAKE BACK RETURN,4,Manufacturer#4,1-URGENT,0,FURNITURE,AIR,4,0.07,4,Brand#45,15,SM DRUM,31,2716,47138.9508
F,F,DELIVER IN PERSON,3,Manufacturer#5,1-URGENT,0,FURNITURE,RAIL,1,0.03,6,Brand#55,15,LG BAG,10,2716,17215.198
F,F,NONE,0,Manufacturer#2,5-LOW,4,FURNITURE,FOB,3,0.05,14,Brand#22,10,WRAP JAR,9,1801,2648.0916
F,F,NONE,0,Manufacturer#2,5-LOW,3,MACHINERY,REG AIR,2,0.05,0,Brand#23,22,WRAP CASE,33,392,69769.92
F,F,DELIVER IN PERSON,1,Manufacturer#5,4-NOT SPECIFIED,2,MACHINERY,SHIP,2,0,3,Brand#53,21,LG BOX,18,2717,60501.84
F,F,TAKE BACK RETURN,1,Manufacturer#1,2-HIGH,0,FURNITURE,MAIL,1,0.08,17,Brand#14,5,JUMBO CASE,7,582,25241.9484
F,F,DELIVER IN PERSON,2,Manufacturer#1,2-HIGH,0,MACHINERY,MAIL,2,0.01,9,Brand#13,14,LG JAR,38,2718,58294.5888
F,F,TAKE BACK RETURN,2,Manufacturer#5,1-URGENT,0,HOUSEHOLD,TRUCK,1,0.06,8,Brand#52,0,SM PACK,40,2719,6039.7974
F,F,TAKE BACK RETURN,1,Manufacturer#1,1-URGENT,0,HOUSEHOLD,MAIL,3,0.03,17,Brand#11,0,MED CASE,16,2719,8920.506
F,F,COLLECT COD,4,Manufacturer#1,1-URGENT,0,HOUSEHOLD,MAIL,2,0,13,Brand#14,0,WRAP BAG,2,2719,45372.096
F,F,COLLECT COD,2,Manufacturer#4,1-URGENT,0,HOUSEHOLD,TRUCK,6,0.05,18,Brand#44,0,LG PKG,2,2719,26591.838
F,F,TAKE BACK RETURN,1,Manufacturer#2,3-MEDIUM,0,AUTOMOBILE,AIR,1,0.04,17,Brand#23,14,JUMBO BOX,13,2720,64477.9044
F,F,COLLECT COD,2,Manufacturer#5,1-URGENT,2,BUILDING,FOB,1,0,8,Brand#55,8,WRAP JAR,44,2721,24198.6744
F,F,TAKE BACK RETURN,1,Manufacturer#5,2-HIGH,3,AUTOMOBILE,REG AIR,2,0.06,2,Brand#52,19,JUMBO JAR,2,2722,35845.04
F,F,NONE,4,Manufacturer#2,2-HIGH,3,AUTOMOBILE,RAIL,1,0.05,10,Brand#25,19,MED JAR,18,2722,51987.6084
F,F,NONE,2,Manufacturer#1,2-HIGH,4,HOUSEHOLD,RAIL,4,0,18,Brand#13,10,MED PKG,2,2723,13006.4228
F,F,NONE,0,Manufacturer#5,2-HIGH,4,HOUSEHOLD,AIR,1,0.05,5,Brand#52,10,WRAP BOX,22,2723,65904.825
F,F,TAKE BACK RETURN,3,Manufacturer#1,2-HIGH,0,BUILDING,FOB,3,0.07,22,Brand#11,14,WRAP BOX,13,2724,49472.08
F,F,DELIVER IN PERSON,2,Manufacturer#3,2-HIGH,0,BUILDING,REG AIR,1,0.04,21,Brand#33,14,LG DRUM,39,2724,38719.408
F,F,TAKE BACK RETURN,4,Manufacturer#4,2-HIGH,1,AUTOMOBILE,REG AIR,6,0.03,13,Brand#44,17,SM BAG,4,2725,13421.016
F,F,DELIVER IN PERSON,0,Manufacturer#3,2-HIGH,1,AUTOMOBILE,FOB,2,0.08,0,Brand#35,17,SM CASE,20,2725,4770.216
F,F,NONE,4,Manufacturer#2,5-LOW,4,MACHINERY,AIR,3,0.05,4,Brand#22,10,MED JAR,15,2726,27821.28
F,F,TAKE BACK RETURN,3,Manufacturer#3,5-LOW,4,MACHINERY,SHIP,4,0.06,7,Brand#33,10,WRAP CAN,11,2726,68993.697
F,F,DELIVER IN PERSON,4,Manufacturer#4,3-MEDIUM,4,HOUSEHOLD,REG AIR,1,0.01,11,Brand#44,10,SM PKG,1,1403,30577.7304
F,F,TAKE BACK RETURN,3,Manufacturer#1,3-MEDIUM,4,HOUSEHOLD,RAIL,2,0.05,7,Brand#15,10,LG PACK,22,1403,15886.6695
F,F,NONE,2,Manufacturer#1,5-LOW,3,HOUSEHOLD,TRUCK,3,0.03,18,Brand#14,6,MED BAG,8,2727,38918.8072
F,F,NONE,3,Manufacturer#1,5-LOW,3,HOUSEHOLD,REG AIR,6,0.03,19,Brand#11,6,JUMBO PKG,47,2727,70784.3664
F,F,COLLECT COD,3,Manufacturer#5,5-LOW,3,HOUSEHOLD,AIR,4,0.07,6,Brand#53,6,JUMBO BOX,27,2727,47243.0208
F,F,TAKE BACK RETURN,3,Manufacturer#4,5-LOW,3,HOUSEHOLD,SHIP,1,0.05,23,Brand#42,6,MED DRUM,16,2727,57302.658
F,F,NONE,1,Manufacturer#1,5-LOW,2,BUILDING,RAIL,1,0,2,Brand#11,12,MED CAN,3,1767,24542.9613
F,F,COLLECT COD,4,Manufacturer#5,5-LOW,1,MACHINERY,AIR,1,0.01,20,Brand#52,24,WRAP PACK,36,2728,4651.92
F,F,NONE,2,Manufacturer#2,3-MEDIUM,0,BUILDING,MAIL,3,0.03,12,Brand#25,14,LG PKG,25,2729,7109.8475
F,F,NONE,3,Manufacturer#1,3-MEDIUM,0,BUILDING,FOB,4,0.05,19,Brand#12,14,MED CASE,29,2729,15991.35
F,F,COLLECT COD,0,Manufacturer#3,4-NOT SPECIFIED,2,AUTOMOBILE,AIR,5,0.03,15,Brand#31,21,SM CASE,30,2730,19699.0122
F,F,TAKE BACK RETURN,4,Manufacturer#1,4-NOT SPECIFIED,2,AUTOMOBILE,REG AIR,3,0.07,13,Brand#11,21,MED PACK,47,2730,7386.3936
F,F,DELIVER IN PERSON,4,Manufacturer#3,4-NOT SPECIFIED,2,AUTOMOBILE,RAIL,4,0,20,Brand#34,21,JUMBO CASE,43,2730,1214.3
F,F,DELIVER IN PERSON,0,Manufacturer#1,2-HIGH,1,MACHINERY,SHIP,3,0.02,0,Brand#14,2,JUMBO CASE,40,2731,28344.42
F,F,DELIVER IN PERSON,4,Manufacturer#5,2-HIGH,1,MACHINERY,RAIL,2,0.08,20,Brand#55,2,SM PACK,35,2731,33575.2704
F,F,TAKE BACK RETURN,0,Manufacturer#1,1-URGENT,3,AUTOMOBILE,MAIL,5,0.06,0,Brand#12,19,JUMBO BOX,4,2732,16688.8
F,F,DELIVER IN PERSON,4,Manufacturer#4,1-URGENT,3,AUTOMOBILE,REG AIR,3,0.04,10,Brand#44,19,JUMBO CASE,47,2732,39267.0168
F,F,COLLECT COD,4,Manufacturer#1,2-HIGH,0,AUTOMOBILE,TRUCK,6,0.04,13,Brand#13,15,WRAP PACK,27,2733,39164.895
F,F,DELIVER IN PERSON,4,Manufacturer#2,2-HIGH,0,AUTOMOBILE,RAIL,2,0.01,20,Brand#23,15,WRAP BAG,42,2733,38095.776
F,F,NONE,1,Manufacturer#5,2-HIGH,0,AUTOMOBILE,FOB,3,0.08,1,Brand#52,15,JUMBO JAR,41,2733,8047.528
F,F,NONE,2,Manufacturer#3,2-HIGH,0,AUTOMOBILE,RAIL,4,0.08,18,Brand#33,15,WRAP PKG,19,2733,32183.7516
F,F,NONE,3,Manufacturer#1,1-URGENT,1,MACHINERY,REG AIR,2,0.05,7,Brand#11,24,MED DRUM,41,94,27154.25
F,F,COLLECT COD,2,Manufacturer#4,4-NOT SPECIFIED,1,FURNITURE,TRUCK,5,0.07,9,Brand#42,2,MED CAN,10,2734,64196.64
F,F,TAKE BACK RETURN,3,Manufacturer#3,4-NOT SPECIFIED,1,FURNITURE,REG AIR,3,0.07,7,Brand#32,2,LG PKG,25,2734,47026.4916
F,F,TAKE BACK RETURN,4,Manufacturer#4,5-LOW,2,AUTOMOBILE,MAIL,6,0.04,4,Brand#44,21,MED BAG,34,2735,21291.102
F,F,NONE,3,Manufacturer#2,5-LOW,2,AUTOMOBILE,TRUCK,7,0.06,19,Brand#23,21,SM DRUM,34,2735,47666.2626
F,F,DELIVER IN PERSON,2,Manufacturer#2,5-LOW,1,MACHINERY,FOB,1,0.02,21,Brand#22,2,JUMBO DRUM,46,1299,41604.7
F,F,NONE,4,Manufacturer#3,5-LOW,1,MACHINERY,REG AIR,3,0.05,10,Brand#32,2,LG JAR,2,1299,65000.88
F,F,NONE,1,Manufacturer#4,5-LOW,1,MACHINERY,TRUCK,2,0.07,24,Brand#42,2,LG PKG,44,1299,25002.24
F,F,TAKE BACK RETURN,3,Manufacturer#1,4-NOT SPECIFIED,1,FURNITURE,AIR,2,0.06,7,Brand#13,2,SM BAG,43,2734,24104.2074
F,F,COLLECT COD,4,Manufacturer#1,1-URGENT,3,BUILDING,SHIP,1,0.02,13,Brand#15,19,SM JAR,43,2736,40479.0048
F,F,NONE,3,Manufacturer#3,1-URGENT,3,BUILDING,AIR,3,0.07,6,Brand#33,19,SM JAR,30,2736,63362.9304
F,F,COLLECT COD,4,Manufacturer#4,3-MEDIUM,2,FURNITURE,MAIL,2,0.06,10,Brand#42,12,LG PKG,7,2737,51692.8896
F,F,COLLECT COD,0,Manufacturer#4,1-URGENT,3,HOUSEHOLD,AIR,4,0.06,5,Brand#45,22,SM DRUM,20,405,5412.6328
F,F,COLLECT COD,2,Manufacturer#1,2-HIGH,4,BUILDING,SHIP,1,0.07,21,Brand#14,13,JUMBO BOX,11,2738,17790.24
F,F,COLLECT COD,4,Manufacturer#3,3-MEDIUM,1,BUILDING,FOB,3,0,10,Brand#32,2,WRAP JAR,41,2739,44499.6342
F,F,NONE,0,Manufacturer#5,2-HIGH,4,FURNITURE,MAIL,3,0.02,0,Brand#53,20,MED DRUM,24,2740,1860.557
F,F,TAKE BACK RETURN,4,Manufacturer#3,2-HIGH,4,FURNITURE,FOB,5,0.01,20,Brand#33,20,LG BOX,11,2740,39101.8628
F,F,DELIVER IN PERSON,4,Manufacturer#2,3-MEDIUM,0,HOUSEHOLD,SHIP,3,0.02,11,Brand#24,14,SM CASE,33,2741,51339.1424
F,F,NONE,2,Manufacturer#1,4-NOT SPECIFIED,1,FURNITURE,FOB,3,0,8,Brand#14,1,MED BAG,30,2742,37789.659
F,F,TAKE BACK RETURN,2,Manufacturer#5,4-NOT SPECIFIED,1,FURNITURE,MAIL,5,0.01,12,Brand#53,1,LG CAN,39,2742,47243.196
F,F,DELIVER IN PERSON,2,Manufacturer#5,4-NOT SPECIFIED,1,FURNITURE,RAIL,1,0,8,Brand#52,1,MED PKG,23,2742,26863.35
F,F,DELIVER IN PERSON,1,Manufacturer#4,4-NOT SPECIFIED,1,FURNITURE,TRUCK,2,0.01,3,Brand#43,1,WRAP CASE,36,2742,5013.855
F,F,TAKE BACK RETURN,1,Manufacturer#4,5-LOW,4,HOUSEHOLD,RAIL,4,0.07,3,Brand#45,10,JUMBO BAG,26,1222,52135.428
F,F,TAKE BACK RETURN,3,Manufacturer#3,5-LOW,4,HOUSEHOLD,AIR,5,0.02,22,Brand#35,10,SM PACK,23,1222,63098.6048
F,F,DELIVER IN PERSON,3,Manufacturer#5,5-LOW,4,HOUSEHOLD,RAIL,3,0.07,7,Brand#55,10,MED DRUM,17,1222,1792.944
F,F,DELIVER IN PERSON,3,Manufacturer#5,1-URGENT,2,BUILDING,SHIP,5,0.03,6,Brand#55,8,SM BOX,44,2743,1106.0976
F,F,COLLECT COD,3,Manufacturer#5,1-URGENT,2,BUILDING,TRUCK,2,0.01,7,Brand#54,8,JUMBO DRUM,43,2743,22019.01
F,F,COLLECT COD,3,Manufacturer#3,1-URGENT,2,BUILDING,RAIL,3,0.06,19,Brand#33,8,WRAP CASE,7,2743,40204.5732
F,F,COLLECT COD,2,Manufacturer#5,1-URGENT,2,BUILDING,MAIL,1,0.08,18,Brand#54,8,MED PACK,39,2743,75813.8976
F,F,NONE,2,Manufacturer#5,2-HIGH,0,MACHINERY,REG AIR,2,0.01,21,Brand#54,0,MED JAR,48,2314,66265.2144
F,F,TAKE BACK RETURN,3,Manufacturer#5,2-HIGH,0,MACHINERY,MAIL,4,0.01,22,Brand#52,0,JUMBO PACK,24,2314,11419.2736
F,F,TAKE BACK RETURN,0,Manufacturer#2,2-HIGH,2,MACHINERY,RAIL,1,0.02,16,Brand#24,12,WRAP PKG,39,2744,48102.5
F,F,NONE,4,Manufacturer#5,2-HIGH,2,MACHINERY,AIR,3,0.01,4,Brand#53,12,LG DRUM,36,2744,3874.404
F,F,TAKE BACK RETURN,4,Manufacturer#2,2-HIGH,2,MACHINERY,AIR,2,0.01,11,Brand#22,12,LG BOX,40,2744,48160.44
F,F,TAKE BACK RETURN,4,Manufacturer#2,1-URGENT,1,FURNITURE,MAIL,3,0.06,11,Brand#23,24,SM DRUM,21,2745,30150.0928
F,F,COLLECT COD,2,Manufacturer#4,1-URGENT,1,FURNITURE,MAIL,1,0.07,18,Brand#44,24,LG PACK,50,2745,26272.0125
F,F,NONE,3,Manufacturer#1,2-HIGH,0,BUILDING,RAIL,5,0.01,6,Brand#15,14,JUMBO BAG,29,2746,4540.568
F,F,NONE,0,Manufacturer#4,2-HIGH,0,BUILDING,TRUCK,1,0.05,5,Brand#41,14,LG BOX,19,2746,31328.832
F,F,TAKE BACK RETURN,2,Manufacturer#5,2-HIGH,0,BUILDING,AIR,4,0.01,8,Brand#51,14,WRAP JAR,17,2746,1852.2784
F,F,COLLECT COD,2,Manufacturer#2,2-HIGH,0,BUILDING,AIR,7,0.02,9,Brand#25,14,WRAP DRUM,22,2746,65678.1246
F,F,TAKE BACK RETURN,0,Manufacturer#4,3-MEDIUM,0,HOUSEHOLD,AIR,6,0.02,5,Brand#44,14,JUMBO CAN,3,2741,44470.7958
F,F,COLLECT COD,0,Manufacturer#3,3-MEDIUM,0,HOUSEHOLD,RAIL,5,0.07,0,Brand#31,14,SM CAN,34,2741,58176.8256
F,F,COLLECT COD,1,Manufacturer#3,3-MEDIUM,0,BUILDING,FOB,2,0.01,24,Brand#35,16,MED CAN,48,2747,8961.48
F,F,DELIVER IN PERSON,4,Manufacturer#5,3-MEDIUM,2,HOUSEHOLD,TRUCK,4,0.01,11,Brand#53,12,LG CASE,24,2748,44175.6612
F,F,COLLECT COD,4,Manufacturer#1,3-MEDIUM,2,HOUSEHOLD,AIR,3,0.02,20,Brand#11,12,LG PACK,30,2748,59224.968
F,F,DELIVER IN PERSON,4,Manufacturer#3,3-MEDIUM,2,HOUSEHOLD,RAIL,1,0.08,20,Brand#34,12,LG DRUM,1,2748,41926.3488
F,F,TAKE BACK RETURN,0,Manufacturer#5,5-LOW,1,FURNITURE,REG AIR,3,0.07,15,Brand#54,24,SM CASE,48,2749,56430.9431
F,F,COLLECT COD,2,Manufacturer#1,1-URGENT,4,HOUSEHOLD,RAIL,1,0.01,12,Brand#14,20,WRAP PKG,11,2750,42324.8
F,F,DELIVER IN PERSON,2,Manufacturer#1,1-URGENT,4,HOUSEHOLD,REG AIR,2,0.01,18,Brand#12,20,MED BAG,9,2750,13792.518
F,F,COLLECT COD,1,Manufacturer#3,1-URGENT,4,HOUSEHOLD,AIR,3,0.08,24,Brand#33,20,JUMBO PACK,12,2750,3000.8682
F,F,NONE,1,Manufacturer#4,3-MEDIUM,0,BUILDING,AIR,4,0.08,2,Brand#44,16,WRAP PKG,22,2747,50194.332
F,F,TAKE BACK RETURN,1,Manufacturer#4,3-MEDIUM,0,BUILDING,RAIL,3,0.04,2,Brand#44,16,MED JAR,14,2747,17641.368
F,F,COLLECT COD,3,Manufacturer#3,3-MEDIUM,0,BUILDING,AIR,1,0.07,23,Brand#33,16,JUMBO PKG,22,2747,13752.1152
F,F,COLLECT COD,0,Manufacturer#5,4-NOT SPECIFIED,3,AUTOMOBILE,AIR,4,0.08,15,Brand#55,23,MED BAG,44,2751,47822.2416
F,F,COLLECT COD,3,Manufacturer#5,5-LOW,1,BUILDING,MAIL,4,0,22,Brand#52,2,WRAP JAR,39,2752,25039.3
F,F,TAKE BACK RETURN,4,Manufacturer#5,5-LOW,1,BUILDING,RAIL,2,0.02,11,Brand#51,2,SM CAN,14,2752,46809.9456
F,F,DELIVER IN PERSON,0,Manufacturer#5,5-LOW,1,BUILDING,AIR,3,0.04,15,Brand#52,2,JUMBO BOX,2,2752,15385.4998
F,F,DELIVER IN PERSON,2,Manufacturer#2,5-LOW,2,AUTOMOBILE,SHIP,2,0.03,12,Brand#25,18,LG CASE,25,2753,81348.54
F,F,DELIVER IN PERSON,4,Manufacturer#2,5-LOW,2,AUTOMOBILE,RAIL,4,0.07,11,Brand#22,18,MED JAR,13,2753,67343.904
F,F,NONE,4,Manufacturer#2,5-LOW,2,AUTOMOBILE,SHIP,3,0.01,20,Brand#24,18,JUMBO DRUM,3,2753,46415.7876
F,F,NONE,1,Manufacturer#3,1-URGENT,0,HOUSEHOLD,REG AIR,1,0.03,1,Brand#33,14,MED PKG,1,2754,32853.843
F,F,DELIVER IN PERSON,4,Manufacturer#5,3-MEDIUM,4,MACHINERY,SHIP,3,0.03,10,Brand#52,20,SM BAG,34,2755,35293.44
F,F,NONE,4,Manufacturer#5,3-MEDIUM,4,MACHINERY,AIR,1,0.02,4,Brand#55,20,LG BAG,48,2755,19355.5494
F,F,COLLECT COD,2,Manufacturer#3,3-MEDIUM,4,MACHINERY,FOB,5,0.07,12,Brand#35,20,JUMBO CASE,32,2755,48354.9792
F,F,COLLECT COD,0,Manufacturer#4,3-MEDIUM,4,MACHINERY,TRUCK,4,0.06,15,Brand#42,20,SM PKG,37,2755,46176.3072
F,F,DELIVER IN PERSON,1,Manufacturer#2,3-MEDIUM,4,MACHINERY,SHIP,2,0.02,2,Brand#22,20,SM PKG,23,2755,11374.144
F,F,COLLECT COD,2,Manufacturer#3,1-URGENT,4,FURNITURE,SHIP,1,0,18,Brand#34,4,JUMBO CASE,24,1364,1097.118
F,F,COLLECT COD,4,Manufacturer#2,3-MEDIUM,4,MACHINERY,FOB,3,0.08,10,Brand#22,11,MED DRUM,29,2756,38092.2472
F,F,DELIVER IN PERSON,2,Manufacturer#2,3-MEDIUM,4,MACHINERY,RAIL,2,0.03,9,Brand#21,11,JUMBO DRUM,34,2756,9438.1056
F,F,COLLECT COD,0,Manufacturer#3,3-MEDIUM,4,MACHINERY,RAIL,6,0.03,5,Brand#31,11,MED PKG,27,2756,46595.3033
F,F,TAKE BACK RETURN,0,Manufacturer#1,5-LOW,0,AUTOMOBILE,RAIL,1,0.08,15,Brand#15,15,LG PKG,45,1298,40780.4352
F,F,NONE,4,Manufacturer#1,3-MEDIUM,1,BUILDING,SHIP,1,0.07,20,Brand#13,1,SM DRUM,10,2757,45360.768
F,F,COLLECT COD,1,Manufacturer#4,3-MEDIUM,1,BUILDING,TRUCK,2,0.08,17,Brand#42,1,WRAP BOX,10,2757,34821.657
F,F,TAKE BACK RETURN,0,Manufacturer#5,3-MEDIUM,1,HOUSEHOLD,SHIP,3,0.04,15,Brand#53,24,WRAP DRUM,39,1317,3941.4204
F,F,DELIVER IN PERSON,1,Manufacturer#4,3-MEDIUM,1,HOUSEHOLD,AIR,4,0.03,2,Brand#43,24,WRAP DRUM,49,1317,95349.5
F,F,DELIVER IN PERSON,2,Manufacturer#1,1-URGENT,1,AUTOMOBILE,MAIL,1,0.07,18,Brand#13,2,MED PACK,33,2758,36640.816
F,F,DELIVER IN PERSON,0,Manufacturer#1,1-URGENT,1,AUTOMOBILE,AIR,2,0.05,14,Brand#13,2,MED CAN,33,2758,5833.4958
F,F,DELIVER IN PERSON,0,Manufacturer#2,4-NOT SPECIFIED,1,AUTOMOBILE,FOB,3,0.01,14,Brand#23,17,MED PKG,6,2697,25996.8982
F,F,TAKE BACK RETURN,2,Manufacturer#1,4-NOT SPECIFIED,1,AUTOMOBILE,RAIL,6,0.05,9,Brand#12,17,JUMBO JAR,12,2697,5306.3766
F,F,COLLECT COD,4,Manufacturer#4,3-MEDIUM,2,AUTOMOBILE,AIR,3,0.08,4,Brand#41,9,MED PACK,17,2759,9819.495
F,F,NONE,3,Manufacturer#3,1-URGENT,3,MACHINERY,AIR,1,0.01,22,Brand#32,6,SM BAG,30,628,38968.4295
F,F,DELIVER IN PERSON,1,Manufacturer#1,5-LOW,4,MACHINERY,REG AIR,4,0.05,2,Brand#11,4,MED CAN,26,2760,40708.8864
F,F,DELIVER IN PERSON,3,Manufacturer#5,5-LOW,3,AUTOMOBILE,MAIL,7,0.08,7,Brand#54,19,JUMBO CAN,5,2761,45376.3944
F,F,COLLECT COD,2,Manufacturer#1,5-LOW,3,AUTOMOBILE,AIR,4,0,8,Brand#14,19,JUMBO CASE,48,2761,15798.576
F,F,DELIVER IN PERSON,4,Manufacturer#5,5-LOW,3,AUTOMOBILE,REG AIR,6,0.04,11,Brand#54,19,LG CAN,2,2761,14911.3692
F,F,COLLECT COD,1,Manufacturer#5,5-LOW,3,AUTOMOBILE,AIR,3,0.08,3,Brand#53,19,WRAP DRUM,23,2761,75663.0816
F,F,TAKE BACK RETURN,2,Manufacturer#1,2-HIGH,0,BUILDING,AIR,2,0.04,8,Brand#13,16,JUMBO BOX,28,2762,40307.841
F,F,NONE,4,Manufacturer#2,2-HIGH,0,BUILDING,SHIP,5,0.08,20,Brand#24,16,SM BAG,26,2762,31698.0363
F,F,DELIVER IN PERSON,4,Manufacturer#3,2-HIGH,0,BUILDING,SHIP,4,0.07,20,Brand#31,16,WRAP BOX,39,2762,18073.2672
F,F,DELIVER IN PERSON,1,Manufacturer#5,2-HIGH,0,BUILDING,MAIL,7,0.05,24,Brand#55,16,LG CAN,35,2762,43249.024
F,F,NONE,3,Manufacturer#5,2-HIGH,0,BUILDING,MAIL,1,0.08,7,Brand#55,16,LG PKG,1,2762,73430.91
F,F,TAKE BACK RETURN,2,Manufacturer#1,2-HIGH,0,BUILDING,TRUCK,6,0.05,18,Brand#12,16,WRAP PACK,42,2762,58000.859
F,F,DELIVER IN PERSON,4,Manufacturer#4,4-NOT SPECIFIED,3,AUTOMOBILE,TRUCK,2,0.06,13,Brand#42,7,JUMBO PKG,37,1598,28964.502
F,F,TAKE BACK RETURN,1,Manufacturer#5,3-MEDIUM,1,AUTOMOBILE,AIR,3,0,3,Brand#55,24,MED DRUM,46,2763,33488.364
F,F,NONE,0,Manufacturer#5,5-LOW,2,MACHINERY,MAIL,1,0.04,15,Brand#52,12,JUMBO BAG,43,2764,39225.7544
F,F,NONE,3,Manufacturer#1,5-LOW,3,HOUSEHOLD,MAIL,1,0.01,23,Brand#12,6,MED BOX,31,1132,18383.0724
F,F,NONE,3,Manufacturer#1,5-LOW,1,BUILDING,AIR,3,0.08,19,Brand#14,24,JUMBO JAR,21,2765,40776.01
F,F,NONE,1,Manufacturer#3,3-MEDIUM,1,AUTOMOBILE,AIR,5,0.05,24,Brand#34,2,LG PKG,26,2766,25010.064
F,F,DELIVER IN PERSON,2,Manufacturer#3,3-MEDIUM,1,AUTOMOBILE,RAIL,4,0.02,9,Brand#34,2,SM CASE,20,2766,20816.4775
F,F,COLLECT COD,3,Manufacturer#3,5-LOW,3,HOUSEHOLD,RAIL,2,0.05,7,Brand#32,6,MED BOX,18,1132,54620.6176
F,F,DELIVER IN PERSON,1,Manufacturer#5,3-MEDIUM,4,BUILDING,SHIP,4,0.03,2,Brand#52,13,WRAP BOX,14,2767,63987.6
F,F,COLLECT COD,3,Manufacturer#4,3-MEDIUM,1,BUILDING,RAIL,1,0.05,23,Brand#41,1,SM DRUM,34,2768,31957.4673
F,F,TAKE BACK RETURN,0,Manufacturer#1,3-MEDIUM,1,BUILDING,MAIL,4,0.06,5,Brand#13,1,JUMBO BAG,47,2768,45365.058
F,F,TAKE BACK RETURN,2,Manufacturer#3,5-LOW,4,FURNITURE,AIR,4,0.07,21,Brand#33,10,SM BOX,41,1459,23044.476
F,F,DELIVER IN PERSON,1,Manufacturer#1,5-LOW,4,FURNITURE,MAIL,5,0,24,Brand#14,10,SM CAN,29,1459,34009.3446
F,F,TAKE BACK RETURN,4,Manufacturer#4,5-LOW,4,FURNITURE,MAIL,1,0.03,4,Brand#41,10,WRAP JAR,11,1459,2509.353
F,F,COLLECT COD,4,Manufacturer#3,4-NOT SPECIFIED,4,HOUSEHOLD,REG AIR,4,0.04,11,Brand#32,10,SM BAG,49,2769,41490.319
F,F,TAKE BACK RETURN,3,Manufacturer#3,4-NOT SPECIFIED,4,HOUSEHOLD,AIR,2,0.01,19,Brand#35,10,JUMBO CAN,42,2769,6796.5744
F,F,TAKE BACK RETURN,4,Manufacturer#3,2-HIGH,4,AUTOMOBILE,MAIL,4,0.06,13,Brand#31,10,MED DRUM,25,2770,41911.1784
F,F,COLLECT COD,0,Manufacturer#4,2-HIGH,4,AUTOMOBILE,AIR,3,0,16,Brand#41,10,LG JAR,33,2770,13875.15
F,F,TAKE BACK RETURN,1,Manufacturer#4,3-MEDIUM,4,BUILDING,RAIL,1,0.07,2,Brand#44,10,LG JAR,29,2396,44436.3858
F,F,NONE,0,Manufacturer#4,3-MEDIUM,4,BUILDING,REG AIR,2,0.03,15,Brand#44,10,SM CASE,17,2396,71856.145
F,F,COLLECT COD,1,Manufacturer#4,2-HIGH,0,FURNITURE,RAIL,7,0,3,Brand#43,15,WRAP CAN,27,874,3770.4897
F,F,COLLECT COD,4,Manufacturer#4,2-HIGH,0,FURNITURE,TRUCK,2,0,10,Brand#43,15,MED BOX,4,874,50122.368
F,F,NONE,2,Manufacturer#3,2-HIGH,0,FURNITURE,FOB,1,0,21,Brand#32,15,MED PKG,45,874,16804.4352
F,F,DELIVER IN PERSON,1,Manufacturer#4,2-HIGH,0,FURNITURE,AIR,6,0.07,1,Brand#43,15,WRAP BOX,4,874,7548.72
F,F,DELIVER IN PERSON,0,Manufacturer#5,2-HIGH,0,FURNITURE,SHIP,4,0.08,0,Brand#55,15,MED CASE,7,874,55213.2588
F,F,DELIVER IN PERSON,3,Manufacturer#2,5-LOW,0,AUTOMOBILE,RAIL,3,0.01,23,Brand#22,5,MED DRUM,6,2771,32710.5216
F,F,TAKE BACK RETURN,1,Manufacturer#4,5-LOW,0,AUTOMOBILE,MAIL,2,0.04,2,Brand#42,5,JUMBO JAR,13,2771,11604.8376
F,F,NONE,3,Manufacturer#3,4-NOT SPECIFIED,4,BUILDING,MAIL,1,0.04,19,Brand#35,20,LG PACK,20,257,24136.239
F,F,NONE,3,Manufacturer#4,3-MEDIUM,3,AUTOMOBILE,SHIP,2,0.04,6,Brand#43,23,SM BAG,22,2772,29039.247
F,F,TAKE BACK RETURN,2,Manufacturer#4,3-MEDIUM,3,AUTOMOBILE,MAIL,3,0.04,12,Brand#45,23,MED JAR,4,2772,36130.6116
F,F,DELIVER IN PERSON,1,Manufacturer#2,1-URGENT,4,HOUSEHOLD,TRUCK,4,0.02,1,Brand#23,10,LG PKG,30,2773,45577.85
F,F,NONE,1,Manufacturer#3,4-NOT SPECIFIED,4,FURNITURE,MAIL,2,0,3,Brand#32,11,LG BOX,18,2315,13874.652
F,F,TAKE BACK RETURN,4,Manufacturer#3,4-NOT SPECIFIED,2,AUTOMOBILE,TRUCK,3,0.01,11,Brand#31,12,LG BOX,21,2774,38112.0696
F,F,TAKE BACK RETURN,4,Manufacturer#4,4-NOT SPECIFIED,4,BUILDING,FOB,3,0.05,11,Brand#41,20,LG DRUM,10,257,4386.2016
F,F,COLLECT COD,4,Manufacturer#5,4-NOT SPECIFIED,4,BUILDING,TRUCK,5,0.03,10,Brand#54,20,WRAP DRUM,29,257,58364.8
F,F,TAKE BACK RETURN,1,Manufacturer#4,4-NOT SPECIFIED,4,BUILDING,SHIP,2,0.01,24,Brand#45,20,SM JAR,12,257,12874.59
F,F,DELIVER IN PERSON,3,Manufacturer#5,4-NOT SPECIFIED,4,BUILDING,FOB,4,0.04,6,Brand#52,20,SM DRUM,45,257,5740.0536
F,F,COLLECT COD,0,Manufacturer#1,2-HIGH,0,AUTOMOBILE,RAIL,4,0.06,14,Brand#13,16,WRAP BOX,46,2775,16143.2748
F,F,TAKE BACK RETURN,1,Manufacturer#5,2-HIGH,0,AUTOMOBILE,FOB,2,0.06,1,Brand#52,16,WRAP CASE,4,2775,38056.0488
F,F,COLLECT COD,0,Manufacturer#2,2-HIGH,0,AUTOMOBILE,REG AIR,3,0.03,0,Brand#22,16,LG PACK,35,2775,65105.81
F,F,NONE,3,Manufacturer#5,2-HIGH,0,AUTOMOBILE,TRUCK,1,0.01,23,Brand#55,16,SM DRUM,48,2775,9662.2414
F,F,DELIVER IN PERSON,2,Manufacturer#4,1-URGENT,4,MACHINERY,RAIL,4,0.01,8,Brand#45,11,MED PKG,10,2776,28857.61
F,F,COLLECT COD,3,Manufacturer#5,2-HIGH,1,FURNITURE,REG AIR,1,0,19,Brand#54,2,LG DRUM,25,2777,18728.622
F,F,DELIVER IN PERSON,1,Manufacturer#2,2-HIGH,1,FURNITURE,SHIP,3,0.02,24,Brand#21,2,JUMBO BOX,2,2777,55830.816
F,F,COLLECT COD,0,Manufacturer#4,4-NOT SPECIFIED,2,MACHINERY,RAIL,2,0.04,15,Brand#42,9,SM BOX,39,2778,16761.9088
F,F,TAKE BACK RETURN,0,Manufacturer#4,4-NOT SPECIFIED,2,MACHINERY,FOB,4,0.08,0,Brand#43,9,SM DRUM,26,2778,25048.2928
F,F,TAKE BACK RETURN,0,Manufacturer#4,4-NOT SPECIFIED,2,MACHINERY,FOB,3,0.07,16,Brand#44,9,JUMBO BOX,12,2778,47897.472
F,F,COLLECT COD,3,Manufacturer#3,5-LOW,2,BUILDING,TRUCK,1,0.03,22,Brand#35,9,SM DRUM,21,1539,51208.1752
F,F,DELIVER IN PERSON,3,Manufacturer#5,4-NOT SPECIFIED,1,HOUSEHOLD,TRUCK,3,0.04,7,Brand#55,17,LG JAR,16,2779,13726.0224
F,F,COLLECT COD,2,Manufacturer#5,2-HIGH,3,HOUSEHOLD,SHIP,3,0.02,9,Brand#54,7,SM BAG,44,120,60167.9263
F,F,COLLECT COD,0,Manufacturer#3,3-MEDIUM,2,MACHINERY,AIR,4,0.07,16,Brand#35,9,MED PACK,9,2780,6003.9
F,F,NONE,1,Manufacturer#5,3-MEDIUM,2,MACHINERY,FOB,2,0.05,3,Brand#53,9,JUMBO BAG,32,2780,34489.728
F,F,TAKE BACK RETURN,0,Manufacturer#4,3-MEDIUM,2,MACHINERY,TRUCK,5,0.08,15,Brand#43,9,LG JAR,5,2780,45267.4071
F,F,TAKE BACK RETURN,4,Manufacturer#4,2-HIGH,2,HOUSEHOLD,REG AIR,5,0.04,11,Brand#44,9,WRAP DRUM,50,2781,41998
F,F,TAKE BACK RETURN,1,Manufacturer#5,2-HIGH,2,HOUSEHOLD,TRUCK,4,0.04,3,Brand#52,9,LG DRUM,14,2781,13175.1152
F,F,COLLECT COD,0,Manufacturer#5,1-URGENT,4,MACHINERY,MAIL,1,0,0,Brand#51,11,WRAP CASE,3,2776,14379.624
F,F,DELIVER IN PERSON,0,Manufacturer#5,4-NOT SPECIFIED,3,HOUSEHOLD,TRUCK,3,0,0,Brand#54,7,LG PACK,20,2782,48029.8734
F,F,COLLECT COD,1,Manufacturer#1,5-LOW,0,BUILDING,SHIP,2,0.04,17,Brand#12,5,MED BOX,4,618,18383.82
F,F,COLLECT COD,2,Manufacturer#5,5-LOW,0,BUILDING,RAIL,6,0.04,9,Brand#53,5,SM BAG,23,618,44402.715
F,F,NONE,4,Manufacturer#2,5-LOW,0,BUILDING,FOB,4,0.07,13,Brand#25,5,MED CASE,49,618,3307.2926
F,F,TAKE BACK RETURN,0,Manufacturer#3,5-LOW,3,BUILDING,FOB,2,0.03,0,Brand#31,19,JUMBO BOX,45,7,26700.8742
F,F,NONE,2,Manufacturer#2,5-LOW,3,BUILDING,REG AIR,4,0.05,18,Brand#21,19,LG CAN,48,7,2612.0742
F,F,DELIVER IN PERSON,2,Manufacturer#1,5-LOW,3,BUILDING,TRUCK,1,0.04,8,Brand#12,19,LG BAG,8,7,18695.6748
F,F,TAKE BACK RETURN,1,Manufacturer#2,5-LOW,3,BUILDING,REG AIR,5,0.06,2,Brand#25,19,LG PKG,50,7,52853.7972
F,F,DELIVER IN PERSON,3,Manufacturer#2,4-NOT SPECIFIED,3,HOUSEHOLD,TRUCK,5,0.03,7,Brand#24,7,LG JAR,37,2782,27475.056
F,F,DELIVER IN PERSON,1,Manufacturer#3,3-MEDIUM,0,HOUSEHOLD,SHIP,1,0,3,Brand#31,5,SM PKG,25,2783,26752.53
F,F,TAKE BACK RETURN,0,Manufacturer#5,4-NOT SPECIFIED,1,FURNITURE,RAIL,1,0,15,Brand#54,1,SM PKG,22,2784,52507.6416
F,F,DELIVER IN PERSON,3,Manufacturer#1,4-NOT SPECIFIED,1,FURNITURE,MAIL,5,0.06,22,Brand#11,1,WRAP PACK,9,2784,14123.6004
F,F,DELIVER IN PERSON,4,Manufacturer#5,4-NOT SPECIFIED,1,FURNITURE,MAIL,4,0.02,20,Brand#52,1,WRAP CAN,13,2784,16411.725
F,F,TAKE BACK RETURN,0,Manufacturer#2,4-NOT SPECIFIED,1,FURNITURE,SHIP,6,0,5,Brand#21,1,JUMBO BAG,11,2784,74601.4016
F,F,TAKE BACK RETURN,2,Manufacturer#4,2-HIGH,4,MACHINERY,TRUCK,5,0,9,Brand#43,4,WRAP JAR,44,2785,64118.8053
F,F,TAKE BACK RETURN,3,Manufacturer#5,2-HIGH,4,MACHINERY,SHIP,4,0.04,7,Brand#52,4,JUMBO DRUM,46,2785,3052.7133
F,F,NONE,3,Manufacturer#1,2-HIGH,4,MACHINERY,FOB,2,0.01,19,Brand#11,4,JUMBO PACK,16,2785,32327.1072
F,F,TAKE BACK RETURN,3,Manufacturer#4,2-HIGH,4,MACHINERY,MAIL,7,0.02,7,Brand#43,4,JUMBO PKG,17,2785,5389.5072
F,F,DELIVER IN PERSON,2,Manufacturer#2,2-HIGH,4,MACHINERY,MAIL,3,0,8,Brand#25,4,SM PACK,45,2785,8323.75
F,F,TAKE BACK RETURN,2,Manufacturer#5,3-MEDIUM,0,BUILDING,SHIP,4,0.06,8,Brand#55,14,SM JAR,38,2786,43613.0508
F,F,NONE,2,Manufacturer#1,5-LOW,1,AUTOMOBILE,TRUCK,5,0.07,8,Brand#15,2,MED CASE,17,1845,41462.655
F,F,COLLECT COD,0,Manufacturer#1,3-MEDIUM,0,BUILDING,TRUCK,2,0.05,14,Brand#14,14,MED BOX,23,2786,20327.45
F,F,TAKE BACK RETURN,1,Manufacturer#5,3-MEDIUM,0,BUILDING,TRUCK,1,0.01,17,Brand#52,14,SM PKG,2,2786,52472.056
F,F,NONE,2,Manufacturer#3,5-LOW,1,AUTOMOBILE,TRUCK,2,0,18,Brand#35,2,MED BOX,47,1845,17509.716
F,F,TAKE BACK RETURN,4,Manufacturer#1,5-LOW,1,AUTOMOBILE,MAIL,3,0.02,10,Brand#12,2,SM DRUM,40,1845,35209.9524
F,F,COLLECT COD,2,Manufacturer#2,5-LOW,1,AUTOMOBILE,SHIP,4,0,12,Brand#23,2,SM BOX,16,1845,70933.19
F,F,COLLECT COD,3,Manufacturer#3,4-NOT SPECIFIED,2,AUTOMOBILE,REG AIR,1,0.05,22,Brand#35,12,JUMBO PACK,45,2670,33110.37
F,F,COLLECT COD,3,Manufacturer#1,4-NOT SPECIFIED,1,MACHINERY,RAIL,3,0,7,Brand#11,17,LG PACK,1,1988,7330.32
F,F,TAKE BACK RETURN,1,Manufacturer#3,4-NOT SPECIFIED,1,MACHINERY,MAIL,1,0,17,Brand#34,17,SM CASE,22,1988,51014.88
F,F,DELIVER IN PERSON,1,Manufacturer#3,4-NOT SPECIFIED,2,AUTOMOBILE,MAIL,6,0.06,2,Brand#35,12,LG BOX,10,2670,13646.178
F,F,NONE,1,Manufacturer#4,4-NOT SPECIFIED,2,AUTOMOBILE,TRUCK,5,0.05,24,Brand#42,12,SM JAR,9,2670,34518.354
F,F,DELIVER IN PERSON,4,Manufacturer#1,4-NOT SPECIFIED,2,AUTOMOBILE,TRUCK,3,0.06,10,Brand#14,12,JUMBO JAR,12,2670,74369.9706
F,F,COLLECT COD,0,Manufacturer#4,2-HIGH,1,MACHINERY,REG AIR,1,0.06,15,Brand#45,1,LG CAN,12,2787,68022.4608
F,F,DELIVER IN PERSON,3,Manufacturer#1,2-HIGH,1,MACHINERY,RAIL,2,0.06,7,Brand#13,1,SM BAG,29,2787,67378.5112
F,F,DELIVER IN PERSON,0,Manufacturer#3,1-URGENT,2,HOUSEHOLD,SHIP,1,0.06,14,Brand#31,9,JUMBO CASE,6,2788,49132.7802
F,F,DELIVER IN PERSON,2,Manufacturer#2,3-MEDIUM,1,BUILDING,SHIP,1,0.01,9,Brand#23,3,LG CAN,19,2789,38719.4742
F,F,NONE,3,Manufacturer#1,3-MEDIUM,1,BUILDING,MAIL,3,0.04,19,Brand#14,3,JUMBO PKG,45,2789,63906.282
F,F,TAKE BACK RETURN,0,Manufacturer#4,5-LOW,0,MACHINERY,FOB,2,0.05,16,Brand#43,15,SM CAN,7,2790,19481.856
F,F,DELIVER IN PERSON,4,Manufacturer#5,5-LOW,0,MACHINERY,FOB,5,0.06,10,Brand#53,15,JUMBO BOX,40,2790,32580.8574
F,F,NONE,4,Manufacturer#4,5-LOW,0,MACHINERY,SHIP,3,0,4,Brand#41,15,WRAP DRUM,28,2790,43146.701
F,F,DELIVER IN PERSON,0,Manufacturer#4,1-URGENT,4,HOUSEHOLD,TRUCK,2,0.04,15,Brand#45,11,SM PACK,7,2791,33431.72
F,F,NONE,1,Manufacturer#4,1-URGENT,4,HOUSEHOLD,SHIP,1,0.08,24,Brand#43,11,WRAP CASE,12,2791,22924.98
F,F,NONE,0,Manufacturer#5,1-URGENT,4,HOUSEHOLD,RAIL,4,0.01,5,Brand#53,11,SM BAG,23,2791,14519.12
F,F,DELIVER IN PERSON,3,Manufacturer#3,1-URGENT,4,HOUSEHOLD,FOB,6,0.08,6,Brand#35,11,SM CAN,28,2791,47421.693
F,F,COLLECT COD,2,Manufacturer#4,3-MEDIUM,3,HOUSEHOLD,SHIP,1,0.04,9,Brand#42,6,WRAP BAG,18,2792,47187.95
F,F,COLLECT COD,3,Manufacturer#5,3-MEDIUM,3,HOUSEHOLD,RAIL,5,0.02,23,Brand#55,6,LG DRUM,8,2792,15298.47
F,F,TAKE BACK RETURN,4,Manufacturer#3,3-MEDIUM,3,HOUSEHOLD,FOB,6,0.05,11,Brand#35,6,LG BOX,23,2792,24549.0224
F,F,DELIVER IN PERSON,0,Manufacturer#1,3-MEDIUM,3,HOUSEHOLD,SHIP,2,0,0,Brand#11,6,JUMBO DRUM,6,2792,42085.0504
F,F,COLLECT COD,2,Manufacturer#2,3-MEDIUM,3,HOUSEHOLD,TRUCK,3,0,9,Brand#23,6,WRAP DRUM,16,2792,76158.7104
F,F,TAKE BACK RETURN,3,Manufacturer#3,3-MEDIUM,3,HOUSEHOLD,TRUCK,4,0.01,19,Brand#31,6,JUMBO DRUM,5,2792,23572.2998
F,F,NONE,2,Manufacturer#3,4-NOT SPECIFIED,4,BUILDING,FOB,5,0.05,18,Brand#32,20,LG PACK,9,2793,3596.4212
F,F,DELIVER IN PERSON,0,Manufacturer#4,4-NOT SPECIFIED,4,BUILDING,RAIL,3,0.04,0,Brand#45,20,JUMBO BOX,48,2793,39970.68
F,F,NONE,3,Manufacturer#1,4-NOT SPECIFIED,4,BUILDING,MAIL,4,0.06,22,Brand#11,20,MED CASE,45,2793,19596.528
F,F,NONE,2,Manufacturer#5,2-HIGH,2,AUTOMOBILE,REG AIR,4,0.01,18,Brand#55,21,MED DRUM,16,2794,7645.1067
F,F,COLLECT COD,0,Manufacturer#3,1-URGENT,2,FURNITURE,RAIL,3,0.02,5,Brand#32,8,JUMBO BOX,3,1903,14524.5375
F,F,COLLECT COD,2,Manufacturer#1,1-URGENT,2,FURNITURE,SHIP,2,0.07,21,Brand#11,8,SM PACK,46,1903,29446.4128
F,F,TAKE BACK RETURN,2,Manufacturer#4,1-URGENT,2,FURNITURE,AIR,4,0.08,12,Brand#43,8,LG BAG,26,1903,70597.4592
F,F,TAKE BACK RETURN,3,Manufacturer#4,1-URGENT,2,FURNITURE,TRUCK,1,0.07,6,Brand#41,8,WRAP BOX,15,1903,51308.512
F,F,TAKE BACK RETURN,1,Manufacturer#1,1-URGENT,2,FURNITURE,REG AIR,5,0.06,3,Brand#14,8,SM PACK,27,1903,56793.1644
F,F,NONE,3,Manufacturer#3,1-URGENT,1,HOUSEHOLD,SHIP,1,0.04,22,Brand#32,2,MED DRUM,26,851,25279.5725
F,F,NONE,4,Manufacturer#2,3-MEDIUM,4,HOUSEHOLD,MAIL,1,0.08,13,Brand#24,10,MED DRUM,39,1789,36136.494
F,F,NONE,1,Manufacturer#2,3-MEDIUM,4,FURNITURE,RAIL,3,0.01,1,Brand#23,11,SM PKG,50,2568,12062.682
F,F,NONE,1,Manufacturer#1,3-MEDIUM,4,FURNITURE,REG AIR,5,0.08,3,Brand#12,11,JUMBO DRUM,33,2568,14864.0319
F,F,TAKE BACK RETURN,3,Manufacturer#2,3-MEDIUM,4,FURNITURE,TRUCK,4,0.02,22,Brand#23,11,LG PACK,14,2568,24204.1149
F,F,NONE,4,Manufacturer#2,4-NOT SPECIFIED,1,HOUSEHOLD,TRUCK,6,0.05,20,Brand#22,24,SM PKG,32,2795,19544.9568
F,F,COLLECT COD,2,Manufacturer#4,4-NOT SPECIFIED,1,HOUSEHOLD,FOB,4,0.07,18,Brand#43,24,LG PKG,6,2795,38489.1084
F,F,COLLECT COD,2,Manufacturer#2,3-MEDIUM,2,BUILDING,REG AIR,1,0.03,8,Brand#22,12,LG PACK,10,1952,32687.9
F,F,TAKE BACK RETURN,0,Manufacturer#2,3-MEDIUM,2,BUILDING,MAIL,3,0.01,0,Brand#21,12,LG CAN,33,1952,22555.1508
F,F,TAKE BACK RETURN,3,Manufacturer#3,5-LOW,1,HOUSEHOLD,MAIL,2,0,6,Brand#32,1,MED BAG,34,2595,61016.895
F,F,NONE,1,Manufacturer#5,5-LOW,1,HOUSEHOLD,FOB,1,0.08,24,Brand#52,1,MED CAN,1,2595,52651.8538
F,F,DELIVER IN PERSON,3,Manufacturer#2,5-LOW,3,HOUSEHOLD,REG AIR,1,0.06,7,Brand#22,7,MED CASE,11,2796,5285.7672
F,F,DELIVER IN PERSON,0,Manufacturer#5,5-LOW,3,HOUSEHOLD,SHIP,2,0.01,15,Brand#53,7,MED CAN,40,2796,21663.8604
F,F,NONE,2,Manufacturer#5,1-URGENT,4,MACHINERY,FOB,2,0.02,9,Brand#52,10,SM BAG,44,2797,68830.4617
F,F,COLLECT COD,1,Manufacturer#4,2-HIGH,0,MACHINERY,MAIL,1,0.04,24,Brand#43,14,LG JAR,19,2384,31698.7776
F,F,DELIVER IN PERSON,4,Manufacturer#2,2-HIGH,0,MACHINERY,MAIL,3,0.06,20,Brand#25,14,JUMBO DRUM,31,2384,18453.9267
F,F,COLLECT COD,3,Manufacturer#3,1-URGENT,3,BUILDING,MAIL,2,0.04,7,Brand#34,22,LG DRUM,36,2798,11919.46
F,F,DELIVER IN PERSON,1,Manufacturer#5,1-URGENT,3,BUILDING,RAIL,1,0.01,1,Brand#51,22,LG CASE,25,2798,9904.44
F,F,COLLECT COD,4,Manufacturer#3,5-LOW,0,MACHINERY,TRUCK,2,0.08,4,Brand#33,14,JUMBO PKG,15,2799,8491.5138
F,F,DELIVER IN PERSON,3,Manufacturer#1,2-HIGH,1,FURNITURE,RAIL,1,0.07,23,Brand#12,17,JUMBO PACK,35,2800,4602.7467
F,F,TAKE BACK RETURN,0,Manufacturer#2,5-LOW,1,BUILDING,MAIL,1,0.05,15,Brand#24,24,LG CAN,13,2248,18578.7415
F,F,TAKE BACK RETURN,2,Manufacturer#5,5-LOW,1,BUILDING,RAIL,2,0.06,21,Brand#52,24,MED DRUM,39,2248,19103.664
F,F,TAKE BACK RETURN,1,Manufacturer#3,2-HIGH,2,AUTOMOBILE,TRUCK,1,0.01,17,Brand#32,12,MED CASE,43,2801,57888.012
F,F,DELIVER IN PERSON,2,Manufacturer#3,2-HIGH,2,AUTOMOBILE,MAIL,7,0.06,9,Brand#34,12,SM JAR,9,2801,58251.0432
F,F,DELIVER IN PERSON,0,Manufacturer#4,2-HIGH,2,AUTOMOBILE,SHIP,6,0.02,15,Brand#41,12,JUMBO CASE,23,2801,44338.16
F,F,COLLECT COD,4,Manufacturer#5,2-HIGH,2,AUTOMOBILE,TRUCK,3,0.08,11,Brand#53,12,WRAP CASE,34,2801,66117.3504
F,F,NONE,4,Manufacturer#3,5-LOW,0,MACHINERY,REG AIR,3,0.04,10,Brand#32,14,WRAP CASE,5,2799,79045.3485
F,F,TAKE BACK RETURN,2,Manufacturer#3,5-LOW,0,HOUSEHOLD,AIR,4,0.02,8,Brand#33,5,LG PKG,23,2802,79410.7475
F,F,DELIVER IN PERSON,0,Manufacturer#3,5-LOW,0,HOUSEHOLD,SHIP,1,0.06,5,Brand#31,5,LG PACK,45,2802,44742.951
F,F,NONE,3,Manufacturer#5,5-LOW,0,HOUSEHOLD,FOB,2,0,19,Brand#54,5,SM PACK,6,2802,38580.78
F,F,TAKE BACK RETURN,0,Manufacturer#1,5-LOW,0,HOUSEHOLD,MAIL,3,0.05,5,Brand#12,5,LG BOX,11,2802,15125.292
F,F,TAKE BACK RETURN,2,Manufacturer#1,5-LOW,0,HOUSEHOLD,AIR,5,0.01,18,Brand#13,5,MED JAR,1,2802,11674.8108
F,F,DELIVER IN PERSON,1,Manufacturer#1,4-NOT SPECIFIED,3,MACHINERY,SHIP,6,0,2,Brand#12,22,WRAP BAG,38,1366,62648.5248
F,F,NONE,3,Manufacturer#3,4-NOT SPECIFIED,3,MACHINERY,SHIP,1,0.06,7,Brand#34,22,WRAP BOX,21,1366,1909.99
F,F,COLLECT COD,2,Manufacturer#5,4-NOT SPECIFIED,3,MACHINERY,TRUCK,3,0.08,9,Brand#55,22,SM CASE,41,1366,86077.2429
F,F,TAKE BACK RETURN,4,Manufacturer#4,4-NOT SPECIFIED,3,MACHINERY,TRUCK,4,0.06,11,Brand#45,22,WRAP CAN,11,1366,28169.7372
F,F,COLLECT COD,3,Manufacturer#3,4-NOT SPECIFIED,3,MACHINERY,SHIP,2,0.07,7,Brand#34,22,WRAP BOX,16,1366,4156.52
F,F,TAKE BACK RETURN,1,Manufacturer#3,5-LOW,0,FURNITURE,TRUCK,5,0.03,24,Brand#32,16,MED BOX,10,2214,33870.8736
F,F,NONE,1,Manufacturer#4,5-LOW,0,FURNITURE,TRUCK,3,0.01,1,Brand#42,16,WRAP BAG,4,2214,82767.4228
F,F,TAKE BACK RETURN,0,Manufacturer#5,5-LOW,0,FURNITURE,AIR,4,0,16,Brand#51,16,MED CAN,31,2214,64233.572
F,F,TAKE BACK RETURN,3,Manufacturer#5,4-NOT SPECIFIED,2,FURNITURE,FOB,1,0.01,22,Brand#53,12,LG BOX,18,2803,44209.5588
F,F,NONE,4,Manufacturer#2,5-LOW,2,MACHINERY,REG AIR,1,0.07,11,Brand#24,9,MED CAN,22,2804,9018.3168
F,F,DELIVER IN PERSON,3,Manufacturer#3,5-LOW,2,MACHINERY,RAIL,3,0.01,23,Brand#33,9,SM PACK,39,2804,34682.562
F,F,NONE,3,Manufacturer#5,5-LOW,2,MACHINERY,TRUCK,2,0.03,7,Brand#54,9,JUMBO BOX,33,2804,27591.552
F,F,DELIVER IN PERSON,3,Manufacturer#5,1-URGENT,1,HOUSEHOLD,SHIP,4,0.08,22,Brand#54,24,JUMBO JAR,50,2805,18633.0144
F,F,DELIVER IN PERSON,1,Manufacturer#1,4-NOT SPECIFIED,2,FURNITURE,REG AIR,3,0.08,24,Brand#12,12,WRAP BAG,37,2803,67347.5418
F,F,DELIVER IN PERSON,0,Manufacturer#4,4-NOT SPECIFIED,2,FURNITURE,RAIL,6,0.06,0,Brand#43,12,MED DRUM,42,2803,31693.491
F,F,COLLECT COD,1,Manufacturer#5,4-NOT SPECIFIED,2,FURNITURE,MAIL,5,0.05,1,Brand#55,12,WRAP PACK,46,2803,31280.7825
F,F,TAKE BACK RETURN,3,Manufacturer#3,3-MEDIUM,3,MACHINERY,FOB,2,0.08,19,Brand#31,7,MED PKG,33,1273,39091.8528
F,F,DELIVER IN PERSON,1,Manufacturer#2,3-MEDIUM,3,MACHINERY,MAIL,1,0.07,3,Brand#22,7,MED DRUM,19,1273,92510.53
F,F,NONE,1,Manufacturer#3,3-MEDIUM,3,MACHINERY,MAIL,3,0.06,2,Brand#34,7,SM PKG,41,1273,7578.901
F,F,NONE,1,Manufacturer#1,3-MEDIUM,3,MACHINERY,TRUCK,5,0.08,24,Brand#13,7,MED JAR,20,1273,3252.8624
F,F,COLLECT COD,3,Manufacturer#3,3-MEDIUM,3,MACHINERY,FOB,1,0.06,7,Brand#35,19,MED PACK,50,2806,60853.5774
F,F,NONE,2,Manufacturer#5,3-MEDIUM,3,MACHINERY,RAIL,1,0.05,21,Brand#54,23,MED CAN,22,2807,7263.2651
F,F,NONE,2,Manufacturer#3,2-HIGH,0,AUTOMOBILE,SHIP,1,0.02,12,Brand#33,15,MED CAN,8,2808,51373.39
F,F,TAKE BACK RETURN,2,Manufacturer#4,4-NOT SPECIFIED,4,FURNITURE,FOB,1,0.04,12,Brand#42,13,JUMBO DRUM,34,2432,5284.3032
F,F,COLLECT COD,4,Manufacturer#2,4-NOT SPECIFIED,4,FURNITURE,REG AIR,4,0.08,11,Brand#24,13,MED CAN,49,2432,40899.816
F,F,COLLECT COD,4,Manufacturer#4,3-MEDIUM,0,FURNITURE,SHIP,1,0.01,10,Brand#41,5,SM PKG,15,2809,13960.31
F,F,DELIVER IN PERSON,1,Manufacturer#1,5-LOW,1,AUTOMOBILE,AIR,3,0.06,3,Brand#12,24,LG CAN,15,2810,78114.5456
F,F,DELIVER IN PERSON,3,Manufacturer#3,5-LOW,1,AUTOMOBILE,AIR,2,0.01,19,Brand#31,24,LG DRUM,47,2810,1284.668
F,F,NONE,2,Manufacturer#1,1-URGENT,3,HOUSEHOLD,TRUCK,3,0.05,18,Brand#12,22,MED DRUM,33,2811,55135.9368
F,F,COLLECT COD,0,Manufacturer#2,1-URGENT,3,HOUSEHOLD,RAIL,6,0,5,Brand#23,22,JUMBO CASE,31,2811,51902.1756
F,F,TAKE BACK RETURN,2,Manufacturer#2,1-URGENT,4,FURNITURE,TRUCK,1,0.02,12,Brand#24,4,MED BAG,25,2812,44746.0758
F,F,DELIVER IN PERSON,0,Manufacturer#4,1-URGENT,4,FURNITURE,AIR,2,0.05,16,Brand#41,4,MED BOX,5,2812,29394.486
F,F,COLLECT COD,0,Manufacturer#1,4-NOT SPECIFIED,4,HOUSEHOLD,REG AIR,3,0.06,0,Brand#14,11,LG CAN,41,2813,80155.7856
F,F,NONE,0,Manufacturer#5,5-LOW,0,MACHINERY,SHIP,2,0.01,16,Brand#53,16,SM CASE,36,2814,25381.9384
F,F,DELIVER IN PERSON,3,Manufacturer#5,5-LOW,0,MACHINERY,TRUCK,1,0,22,Brand#52,16,LG CAN,32,2814,31007.658
F,F,COLLECT COD,4,Manufacturer#3,2-HIGH,2,HOUSEHOLD,REG AIR,4,0.05,10,Brand#35,8,SM BAG,8,2815,55023.012
F,F,DELIVER IN PERSON,1,Manufacturer#5,2-HIGH,2,HOUSEHOLD,TRUCK,7,0.05,2,Brand#51,8,SM PKG,28,2815,23938.1424
F,F,DELIVER IN PERSON,3,Manufacturer#1,2-HIGH,2,HOUSEHOLD,TRUCK,5,0.06,19,Brand#11,8,SM CASE,25,2815,21466.314
F,F,DELIVER IN PERSON,0,Manufacturer#3,2-HIGH,2,HOUSEHOLD,REG AIR,1,0.05,15,Brand#31,8,SM PKG,15,2815,15954.813
F,F,NONE,3,Manufacturer#3,5-LOW,1,BUILDING,FOB,1,0.02,19,Brand#34,24,WRAP JAR,16,2816,17113.7664
F,F,DELIVER IN PERSON,1,Manufacturer#1,4-NOT SPECIFIED,0,AUTOMOBILE,AIR,5,0,2,Brand#13,15,SM PACK,27,1202,32597.376
F,F,NONE,1,Manufacturer#2,4-NOT SPECIFIED,0,AUTOMOBILE,TRUCK,1,0.05,2,Brand#22,15,LG BAG,35,1202,19515.28
F,F,NONE,0,Manufacturer#4,4-NOT SPECIFIED,0,AUTOMOBILE,FOB,2,0.02,0,Brand#41,15,WRAP CAN,14,1202,38392.3344
F,F,DELIVER IN PERSON,4,Manufacturer#5,4-NOT SPECIFIED,0,AUTOMOBILE,REG AIR,4,0.07,13,Brand#52,15,WRAP DRUM,48,1202,29343.6864
F,F,COLLECT COD,2,Manufacturer#3,3-MEDIUM,4,FURNITURE,RAIL,4,0,18,Brand#31,11,SM PKG,12,2568,40743.486
F,F,NONE,2,Manufacturer#5,3-MEDIUM,4,FURNITURE,FOB,3,0.05,8,Brand#55,11,JUMBO PKG,48,2568,36946.8
F,F,COLLECT COD,2,Manufacturer#4,3-MEDIUM,4,FURNITURE,MAIL,1,0.01,9,Brand#42,11,MED CAN,6,2568,43030.3392
F,F,DELIVER IN PERSON,4,Manufacturer#3,3-MEDIUM,4,FURNITURE,RAIL,6,0,11,Brand#35,11,SM PACK,18,2568,23870.27
F,F,TAKE BACK RETURN,2,Manufacturer#1,3-MEDIUM,1,AUTOMOBILE,FOB,1,0.01,18,Brand#12,2,LG BOX,48,2817,62176.17
F,F,TAKE BACK RETURN,3,Manufacturer#4,5-LOW,1,MACHINERY,REG AIR,1,0.06,6,Brand#42,3,WRAP CASE,30,2818,37780.1604
F,F,COLLECT COD,2,Manufacturer#5,4-NOT SPECIFIED,4,HOUSEHOLD,RAIL,4,0.02,18,Brand#55,11,WRAP BAG,31,2813,43212.4
F,F,DELIVER IN PERSON,0,Manufacturer#5,1-URGENT,3,BUILDING,REG AIR,1,0.04,0,Brand#53,19,SM PACK,2,2695,20783.6538
F,F,COLLECT COD,2,Manufacturer#1,2-HIGH,4,FURNITURE,FOB,1,0.07,8,Brand#14,10,LG CAN,47,2819,68362.91
F,F,COLLECT COD,3,Manufacturer#1,4-NOT SPECIFIED,2,FURNITURE,FOB,1,0,7,Brand#13,8,MED DRUM,21,2820,50760.5553
F,F,TAKE BACK RETURN,0,Manufacturer#4,4-NOT SPECIFIED,0,AUTOMOBILE,FOB,3,0.04,14,Brand#45,5,LG PKG,38,1706,21777.8007
F,F,TAKE BACK RETURN,3,Manufacturer#2,4-NOT SPECIFIED,0,AUTOMOBILE,RAIL,4,0.06,23,Brand#25,5,LG BAG,44,1706,31582.7904
F,F,DELIVER IN PERSON,4,Manufacturer#4,4-NOT SPECIFIED,0,AUTOMOBILE,TRUCK,1,0.03,20,Brand#42,5,MED CASE,1,1706,84575.755
F,F,DELIVER IN PERSON,3,Manufacturer#2,4-NOT SPECIFIED,0,AUTOMOBILE,RAIL,2,0.02,23,Brand#24,5,LG PKG,14,1706,25149.255
F,F,NONE,3,Manufacturer#5,4-NOT SPECIFIED,0,AUTOMOBILE,RAIL,6,0,22,Brand#54,5,SM PKG,34,1706,20162.6568
F,F,DELIVER IN PERSON,3,Manufacturer#3,4-NOT SPECIFIED,0,AUTOMOBILE,REG AIR,7,0.05,23,Brand#33,5,WRAP CASE,13,1706,49711.298
F,F,TAKE BACK RETURN,4,Manufacturer#1,3-MEDIUM,1,AUTOMOBILE,REG AIR,6,0.04,4,Brand#12,3,SM PKG,2,2821,42915.1338
F,F,COLLECT COD,1,Manufacturer#5,3-MEDIUM,1,AUTOMOBILE,AIR,5,0.03,2,Brand#51,3,LG JAR,25,2821,28931.994
F,F,TAKE BACK RETURN,0,Manufacturer#2,3-MEDIUM,1,AUTOMOBILE,AIR,1,0.04,14,Brand#25,3,MED CAN,25,2821,42186.5856
F,F,NONE,2,Manufacturer#2,3-MEDIUM,1,AUTOMOBILE,TRUCK,2,0.05,12,Brand#23,3,SM BOX,16,2821,57916.584
F,F,COLLECT COD,1,Manufacturer#3,4-NOT SPECIFIED,4,MACHINERY,MAIL,2,0.03,2,Brand#32,4,MED PACK,4,2582,6241.752
F,F,COLLECT COD,0,Manufacturer#2,5-LOW,4,AUTOMOBILE,AIR,2,0.05,16,Brand#21,4,WRAP PKG,31,2822,31596.2856
F,F,TAKE BACK RETURN,2,Manufacturer#5,5-LOW,4,AUTOMOBILE,RAIL,1,0.06,8,Brand#55,4,JUMBO PKG,15,2822,57596.175
F,F,COLLECT COD,1,Manufacturer#3,5-LOW,4,AUTOMOBILE,SHIP,3,0.02,1,Brand#31,4,JUMBO CAN,43,2822,29150.1781
F,F,COLLECT COD,1,Manufacturer#5,3-MEDIUM,3,AUTOMOBILE,RAIL,3,0.03,3,Brand#55,19,MED BOX,40,2823,56298.4422
F,F,DELIVER IN PERSON,2,Manufacturer#2,3-MEDIUM,3,AUTOMOBILE,MAIL,1,0.07,9,Brand#23,19,JUMBO BAG,49,2823,31373.16
F,F,NONE,2,Manufacturer#2,2-HIGH,1,FURNITURE,RAIL,6,0.06,18,Brand#21,2,LG PKG,12,2824,42434.55
F,F,NONE,2,Manufacturer#5,2-HIGH,1,FURNITURE,RAIL,4,0,18,Brand#52,2,JUMBO PKG,20,2824,68179.4685
F,F,DELIVER IN PERSON,0,Manufacturer#2,2-HIGH,1,FURNITURE,TRUCK,1,0.04,14,Brand#23,2,WRAP DRUM,16,2824,51897.8809
F,F,TAKE BACK RETURN,2,Manufacturer#3,2-HIGH,4,BUILDING,SHIP,1,0.07,21,Brand#35,11,LG DRUM,11,2825,34189.9338
F,F,NONE,2,Manufacturer#3,5-LOW,0,AUTOMOBILE,AIR,2,0.02,18,Brand#34,14,JUMBO BAG,50,2826,64659.0656
F,F,COLLECT COD,2,Manufacturer#5,5-LOW,3,AUTOMOBILE,FOB,3,0.01,12,Brand#54,22,SM BOX,22,2827,63378.6344
F,F,TAKE BACK RETURN,2,Manufacturer#2,5-LOW,3,AUTOMOBILE,FOB,1,0,8,Brand#24,22,MED PACK,17,2827,39453.2736
F,F,TAKE BACK RETURN,2,Manufacturer#2,2-HIGH,1,FURNITURE,RAIL,4,0.07,21,Brand#22,2,LG PACK,18,2828,23626.6576
F,F,DELIVER IN PERSON,2,Manufacturer#2,2-HIGH,1,FURNITURE,MAIL,2,0.06,8,Brand#24,2,SM CASE,29,2828,20391.6795
F,F,TAKE BACK RETURN,4,Manufacturer#1,2-HIGH,1,FURNITURE,RAIL,3,0,11,Brand#11,2,WRAP BAG,3,2828,2012.76
F,F,COLLECT COD,3,Manufacturer#2,3-MEDIUM,2,HOUSEHOLD,MAIL,1,0.02,19,Brand#21,12,LG JAR,47,1664,22912.281
F,F,DELIVER IN PERSON,0,Manufacturer#5,2-HIGH,1,FURNITURE,MAIL,1,0.07,14,Brand#52,24,JUMBO CAN,23,1659,7045.406
F,F,NONE,3,Manufacturer#5,3-MEDIUM,1,FURNITURE,MAIL,6,0.04,6,Brand#52,2,MED CAN,37,454,50053.4832
F,F,DELIVER IN PERSON,0,Manufacturer#2,3-MEDIUM,1,FURNITURE,MAIL,2,0.07,15,Brand#22,2,JUMBO DRUM,46,454,48840.3
F,F,DELIVER IN PERSON,4,Manufacturer#1,3-MEDIUM,1,FURNITURE,SHIP,4,0.08,11,Brand#13,2,SM PACK,4,454,10434.9344
F,F,NONE,2,Manufacturer#1,3-MEDIUM,1,FURNITURE,RAIL,3,0.07,9,Brand#11,2,WRAP PKG,40,454,20596.716
F,F,TAKE BACK RETURN,2,Manufacturer#4,3-MEDIUM,1,AUTOMOBILE,RAIL,2,0.04,9,Brand#41,24,WRAP PACK,7,2829,37553.4432
F,F,TAKE BACK RETURN,2,Manufacturer#2,3-MEDIUM,1,AUTOMOBILE,FOB,5,0.05,18,Brand#21,24,JUMBO BAG,11,2829,20272.12
F,F,COLLECT COD,0,Manufacturer#5,2-HIGH,3,FURNITURE,AIR,6,0.01,16,Brand#55,22,JUMBO DRUM,44,2830,54096.21
F,F,TAKE BACK RETURN,4,Manufacturer#1,2-HIGH,3,FURNITURE,AIR,4,0.05,10,Brand#11,22,MED CASE,17,2830,69082.057
F,F,COLLECT COD,3,Manufacturer#2,2-HIGH,3,FURNITURE,RAIL,7,0.08,7,Brand#25,22,JUMBO PACK,7,2830,58762.3284
F,F,TAKE BACK RETURN,0,Manufacturer#3,4-NOT SPECIFIED,3,FURNITURE,FOB,3,0,14,Brand#31,7,LG PACK,32,2831,22424.94
F,F,COLLECT COD,2,Manufacturer#3,4-NOT SPECIFIED,3,FURNITURE,REG AIR,1,0.02,18,Brand#34,7,WRAP BAG,43,2831,46569.068
F,F,TAKE BACK RETURN,2,Manufacturer#2,3-MEDIUM,1,MACHINERY,AIR,2,0.08,21,Brand#22,2,JUMBO BAG,25,398,16153.82
F,F,DELIVER IN PERSON,4,Manufacturer#5,3-MEDIUM,1,MACHINERY,MAIL,5,0.04,20,Brand#54,2,MED JAR,34,398,40627.168
F,F,COLLECT COD,3,Manufacturer#3,1-URGENT,2,FURNITURE,REG AIR,3,0.05,6,Brand#35,8,JUMBO JAR,40,2832,70339.99
F,F,DELIVER IN PERSON,3,Manufacturer#3,4-NOT SPECIFIED,4,BUILDING,SHIP,1,0.06,23,Brand#35,13,WRAP BAG,35,2833,48857.895
F,F,COLLECT COD,2,Manufacturer#4,1-URGENT,4,HOUSEHOLD,RAIL,1,0.07,18,Brand#42,13,WRAP JAR,45,2834,57173.9448
F,F,DELIVER IN PERSON,4,Manufacturer#1,1-URGENT,4,HOUSEHOLD,TRUCK,3,0,11,Brand#14,13,JUMBO JAR,21,2834,61427.19
F,F,NONE,1,Manufacturer#1,1-URGENT,4,HOUSEHOLD,SHIP,5,0.07,2,Brand#15,13,WRAP DRUM,2,2834,16741.6227
F,F,DELIVER IN PERSON,0,Manufacturer#3,1-URGENT,4,HOUSEHOLD,FOB,2,0.02,5,Brand#32,13,SM PKG,12,2834,52036.12
F,F,DELIVER IN PERSON,4,Manufacturer#2,3-MEDIUM,1,FURNITURE,SHIP,2,0.03,20,Brand#23,1,SM CASE,14,2835,65705.9676
F,F,COLLECT COD,3,Manufacturer#1,3-MEDIUM,1,FURNITURE,REG AIR,4,0.06,23,Brand#12,1,JUMBO JAR,29,2835,33109.2333
F,F,COLLECT COD,2,Manufacturer#5,2-HIGH,0,HOUSEHOLD,SHIP,2,0.04,12,Brand#55,14,SM CASE,12,2836,63547.16
F,F,TAKE BACK RETURN,3,Manufacturer#2,2-HIGH,0,HOUSEHOLD,AIR,5,0.03,7,Brand#24,14,MED PKG,13,2836,55240.0212
F,F,DELIVER IN PERSON,3,Manufacturer#1,3-MEDIUM,4,AUTOMOBILE,FOB,3,0,7,Brand#12,4,JUMBO CASE,14,2837,12375.4449
F,F,COLLECT COD,0,Manufacturer#3,3-MEDIUM,4,AUTOMOBILE,TRUCK,1,0,5,Brand#33,4,WRAP PACK,41,2837,19060.32
F,F,TAKE BACK RETURN,1,Manufacturer#5,1-URGENT,4,AUTOMOBILE,MAIL,5,0.04,1,Brand#53,20,SM JAR,42,2838,58517.3484
F,F,COLLECT COD,1,Manufacturer#3,1-URGENT,4,AUTOMOBILE,RAIL,2,0.03,24,Brand#32,20,MED JAR,41,2838,19917.5768
F,F,NONE,4,Manufacturer#3,3-MEDIUM,3,HOUSEHOLD,REG AIR,3,0,20,Brand#34,7,LG CAN,33,1148,56456.946
F,F,DELIVER IN PERSON,2,Manufacturer#1,1-URGENT,3,HOUSEHOLD,FOB,2,0.03,18,Brand#12,6,MED PACK,26,2839,42600.7764
F,F,DELIVER IN PERSON,4,Manufacturer#5,1-URGENT,3,HOUSEHOLD,TRUCK,5,0.08,20,Brand#52,6,SM DRUM,30,2839,30014.71
F,F,COLLECT COD,4,Manufacturer#1,1-URGENT,3,HOUSEHOLD,MAIL,3,0.08,11,Brand#14,6,SM BOX,30,2839,9124.55
F,F,NONE,3,Manufacturer#5,1-URGENT,3,HOUSEHOLD,FOB,1,0.04,22,Brand#54,6,MED PACK,18,2839,32477.0229
F,F,NONE,1,Manufacturer#1,1-URGENT,3,HOUSEHOLD,SHIP,4,0.02,2,Brand#14,6,WRAP BAG,35,2839,12616.877
F,F,NONE,4,Manufacturer#3,3-MEDIUM,3,AUTOMOBILE,TRUCK,3,0.03,10,Brand#33,6,MED PKG,23,2840,20841.678
F,F,DELIVER IN PERSON,0,Manufacturer#1,3-MEDIUM,3,AUTOMOBILE,REG AIR,7,0.04,15,Brand#12,6,MED PKG,19,2840,53503.6062
F,F,NONE,4,Manufacturer#4,3-MEDIUM,3,AUTOMOBILE,FOB,4,0.01,10,Brand#45,6,SM CAN,39,2840,10724.9664
F,F,TAKE BACK RETURN,0,Manufacturer#3,1-URGENT,0,BUILDING,TRUCK,2,0.05,0,Brand#31,0,MED CASE,20,2841,14322.2
F,F,TAKE BACK RETURN,0,Manufacturer#1,3-MEDIUM,3,BUILDING,SHIP,1,0.06,0,Brand#14,23,LG CAN,41,2842,19026.8784
F,F,TAKE BACK RETURN,0,Manufacturer#1,3-MEDIUM,3,BUILDING,REG AIR,3,0.08,16,Brand#13,23,JUMBO BAG,36,2842,27552.504
F,F,COLLECT COD,4,Manufacturer#2,3-MEDIUM,3,BUILDING,TRUCK,5,0.05,13,Brand#23,23,SM PKG,39,2842,71283.03
F,F,DELIVER IN PERSON,4,Manufacturer#4,5-LOW,1,AUTOMOBILE,AIR,1,0.06,20,Brand#43,1,WRAP BOX,28,2843,15616.5
F,F,NONE,1,Manufacturer#4,1-URGENT,0,MACHINERY,REG AIR,3,0.08,17,Brand#45,16,LG JAR,19,2844,32276.772
F,F,DELIVER IN PERSON,2,Manufacturer#5,1-URGENT,0,MACHINERY,AIR,1,0.03,12,Brand#52,16,SM CAN,19,2844,9756.5013
F,F,TAKE BACK RETURN,3,Manufacturer#2,3-MEDIUM,4,HOUSEHOLD,AIR,3,0.07,19,Brand#22,13,SM JAR,7,2845,37412.7936
F,F,NONE,2,Manufacturer#5,3-MEDIUM,4,HOUSEHOLD,RAIL,1,0.01,21,Brand#54,13,WRAP CAN,42,2845,15510.9888
F,F,TAKE BACK RETURN,3,Manufacturer#5,5-LOW,0,BUILDING,AIR,2,0.06,22,Brand#55,0,MED DRUM,36,2846,57127.203
F,F,DELIVER IN PERSON,2,Manufacturer#3,1-URGENT,2,BUILDING,SHIP,4,0.04,12,Brand#33,21,LG PACK,32,2847,71933.62
F,F,DELIVER IN PERSON,4,Manufacturer#4,1-URGENT,2,BUILDING,MAIL,5,0.03,13,Brand#41,21,WRAP PKG,26,2847,27540.384
F,F,DELIVER IN PERSON,2,Manufacturer#2,3-MEDIUM,0,AUTOMOBILE,FOB,3,0.03,12,Brand#25,15,MED JAR,42,2848,21271.944
F,F,COLLECT COD,2,Manufacturer#2,3-MEDIUM,0,AUTOMOBILE,TRUCK,1,0.02,9,Brand#23,15,SM JAR,29,2848,6191.0565
F,F,COLLECT COD,4,Manufacturer#2,3-MEDIUM,0,AUTOMOBILE,FOB,5,0.05,11,Brand#25,15,WRAP CAN,9,2848,31634.6646
F,F,DELIVER IN PERSON,3,Manufacturer#2,3-MEDIUM,3,MACHINERY,MAIL,1,0.03,19,Brand#22,23,WRAP BOX,1,2849,62795.682
F,F,COLLECT COD,2,Manufacturer#1,3-MEDIUM,3,MACHINERY,TRUCK,2,0.03,8,Brand#11,23,MED JAR,41,2849,78844.3872
F,F,NONE,1,Manufacturer#5,2-HIGH,1,BUILDING,AIR,2,0.02,2,Brand#51,3,MED PACK,49,1547,17571.744
F,F,DELIVER IN PERSON,1,Manufacturer#2,2-HIGH,1,BUILDING,AIR,1,0.05,1,Brand#25,3,LG PKG,19,1547,19505.248
F,F,TAKE BACK RETURN,2,Manufacturer#4,1-URGENT,0,FURNITURE,AIR,1,0.07,18,Brand#45,16,WRAP BAG,3,2850,35941.7136
F,F,NONE,2,Manufacturer#3,1-URGENT,0,FURNITURE,FOB,2,0.04,8,Brand#32,16,MED CAN,12,2850,53850.62
F,F,DELIVER IN PERSON,2,Manufacturer#1,1-URGENT,0,FURNITURE,REG AIR,6,0.05,18,Brand#14,16,JUMBO PKG,11,2850,2262.1852
F,F,TAKE BACK RETURN,2,Manufacturer#4,1-URGENT,0,FURNITURE,TRUCK,4,0.01,8,Brand#41,16,MED JAR,41,2850,38496.024
F,F,DELIVER IN PERSON,3,Manufacturer#4,1-URGENT,0,FURNITURE,REG AIR,5,0.05,22,Brand#42,16,SM JAR,1,2850,7797.7746
F,F,DELIVER IN PERSON,1,Manufacturer#3,5-LOW,2,BUILDING,TRUCK,3,0.06,1,Brand#32,21,SM BAG,6,2851,53242.9524
F,F,COLLECT COD,4,Manufacturer#4,5-LOW,2,BUILDING,MAIL,1,0.05,10,Brand#42,21,SM BAG,24,2851,52735.6214
F,F,COLLECT COD,0,Manufacturer#3,1-URGENT,3,BUILDING,SHIP,1,0.01,0,Brand#33,7,MED CAN,35,2852,28110.816
F,F,NONE,2,Manufacturer#2,1-URGENT,1,MACHINERY,REG AIR,3,0.07,12,Brand#24,2,JUMBO PACK,30,2853,9694.53
F,F,NONE,0,Manufacturer#2,1-URGENT,1,MACHINERY,AIR,1,0.07,0,Brand#24,2,SM PKG,48,2853,61522.734
F,F,NONE,4,Manufacturer#4,2-HIGH,1,HOUSEHOLD,REG AIR,2,0,20,Brand#41,3,SM CAN,9,2854,70122.308
F,F,DELIVER IN PERSON,3,Manufacturer#3,5-LOW,3,HOUSEHOLD,REG AIR,1,0.07,7,Brand#35,6,LG PACK,33,2855,20964.879
F,F,TAKE BACK RETURN,2,Manufacturer#3,4-NOT SPECIFIED,3,AUTOMOBILE,AIR,1,0,8,Brand#33,19,WRAP DRUM,3,2856,31060.764
F,F,DELIVER IN PERSON,1,Manufacturer#5,4-NOT SPECIFIED,3,AUTOMOBILE,MAIL,2,0.01,17,Brand#51,19,LG CAN,10,2856,48272.478
F,F,TAKE BACK RETURN,1,Manufacturer#1,3-MEDIUM,1,BUILDING,FOB,6,0.01,17,Brand#11,1,LG CASE,26,738,17139.888
F,F,NONE,0,Manufacturer#1,3-MEDIUM,1,BUILDING,AIR,2,0.06,0,Brand#11,1,SM CAN,37,738,8335.5592
F,F,DELIVER IN PERSON,2,Manufacturer#2,3-MEDIUM,1,BUILDING,RAIL,1,0.04,12,Brand#22,1,WRAP PACK,4,738,41637.8752
F,F,TAKE BACK RETURN,0,Manufacturer#5,3-MEDIUM,1,BUILDING,TRUCK,3,0.04,16,Brand#52,1,SM JAR,8,738,26667.3407
F,F,TAKE BACK RETURN,3,Manufacturer#4,3-MEDIUM,4,FURNITURE,FOB,1,0.08,23,Brand#45,10,SM PACK,25,2857,56372.646
F,F,DELIVER IN PERSON,4,Manufacturer#5,4-NOT SPECIFIED,0,FURNITURE,RAIL,2,0.03,4,Brand#54,15,MED CAN,20,2858,48028.031
F,F,TAKE BACK RETURN,4,Manufacturer#4,4-NOT SPECIFIED,0,FURNITURE,FOB,5,0,11,Brand#42,15,WRAP CASE,26,2858,78668.226
F,F,COLLECT COD,3,Manufacturer#3,4-NOT SPECIFIED,0,FURNITURE,FOB,4,0.08,7,Brand#31,15,MED CASE,16,2858,32509.647
F,F,COLLECT COD,3,Manufacturer#1,4-NOT SPECIFIED,0,FURNITURE,RAIL,3,0.07,6,Brand#15,15,SM BAG,50,2858,42237.4806
F,F,DELIVER IN PERSON,3,Manufacturer#2,4-NOT SPECIFIED,0,FURNITURE,FOB,1,0.07,23,Brand#23,15,WRAP DRUM,33,2858,40180.3094
F,F,DELIVER IN PERSON,0,Manufacturer#2,2-HIGH,1,MACHINERY,AIR,1,0.03,0,Brand#22,1,JUMBO DRUM,7,2859,47584.3704
F,F,COLLECT COD,4,Manufacturer#5,2-HIGH,1,MACHINERY,AIR,2,0.06,20,Brand#51,1,LG BOX,35,2859,24166.376
F,F,TAKE BACK RETURN,1,Manufacturer#1,2-HIGH,1,MACHINERY,TRUCK,3,0.07,2,Brand#15,1,WRAP BOX,34,2859,66789.3688
F,F,NONE,0,Manufacturer#5,5-LOW,4,HOUSEHOLD,AIR,2,0.07,14,Brand#55,20,WRAP CASE,9,573,1652.6666
F,F,TAKE BACK RETURN,4,Manufacturer#2,4-NOT SPECIFIED,0,AUTOMOBILE,SHIP,2,0.03,20,Brand#24,14,MED BAG,26,2860,60779.8464
F,F,COLLECT COD,0,Manufacturer#2,4-NOT SPECIFIED,0,AUTOMOBILE,AIR,3,0.04,14,Brand#22,14,SM JAR,8,2860,73110.5393
F,F,TAKE BACK RETURN,2,Manufacturer#4,4-NOT SPECIFIED,0,AUTOMOBILE,REG AIR,5,0.03,18,Brand#45,14,LG JAR,47,2860,9916.992
F,F,COLLECT COD,4,Manufacturer#1,1-URGENT,0,HOUSEHOLD,TRUCK,1,0.05,11,Brand#15,14,JUMBO BOX,29,2861,17279.586
F,F,NONE,2,Manufacturer#3,1-URGENT,4,BUILDING,MAIL,3,0.08,21,Brand#31,10,JUMBO PACK,17,2862,57117.192
F,F,COLLECT COD,0,Manufacturer#2,1-URGENT,4,BUILDING,RAIL,1,0.07,15,Brand#22,10,JUMBO DRUM,23,2862,869.445
F,F,NONE,1,Manufacturer#4,1-URGENT,4,BUILDING,AIR,5,0.04,24,Brand#45,10,LG CASE,35,2862,15606
F,F,TAKE BACK RETURN,0,Manufacturer#1,1-URGENT,4,BUILDING,TRUCK,6,0.07,5,Brand#15,10,JUMBO CAN,21,2862,52008.684
F,F,NONE,0,Manufacturer#1,1-URGENT,4,BUILDING,RAIL,2,0.01,5,Brand#12,10,WRAP BOX,10,2862,58763.8368
F,F,TAKE BACK RETURN,2,Manufacturer#2,3-MEDIUM,0,MACHINERY,RAIL,4,0,18,Brand#21,14,SM PKG,38,2863,52309.8908
F,F,DELIVER IN PERSON,2,Manufacturer#3,3-MEDIUM,0,MACHINERY,SHIP,5,0.07,18,Brand#34,14,WRAP PKG,17,2863,24535.7925
F,F,TAKE BACK RETURN,4,Manufacturer#3,3-MEDIUM,0,MACHINERY,FOB,2,0.01,4,Brand#33,14,JUMBO JAR,48,2863,24041.4672
F,F,NONE,2,Manufacturer#4,3-MEDIUM,0,MACHINERY,REG AIR,3,0.05,12,Brand#42,14,SM BAG,21,2863,45852.255
F,F,DELIVER IN PERSON,3,Manufacturer#5,3-MEDIUM,0,MACHINERY,SHIP,1,0.04,7,Brand#51,14,WRAP BAG,6,2863,19856.76
F,F,DELIVER IN PERSON,1,Manufacturer#5,5-LOW,3,AUTOMOBILE,AIR,1,0,17,Brand#55,7,MED DRUM,19,2864,24659.18
F,F,COLLECT COD,2,Manufacturer#4,2-HIGH,3,MACHINERY,FOB,1,0.05,9,Brand#43,7,LG PKG,26,2865,6741.4656
F,F,COLLECT COD,3,Manufacturer#5,2-HIGH,3,MACHINERY,REG AIR,3,0.04,23,Brand#53,7,JUMBO PKG,38,2865,14382.459
F,F,COLLECT COD,0,Manufacturer#4,4-NOT SPECIFIED,4,MACHINERY,REG AIR,1,0.07,14,Brand#42,11,LG PKG,18,2866,45891.8724
F,F,DELIVER IN PERSON,2,Manufacturer#1,2-HIGH,1,BUILDING,TRUCK,3,0.03,18,Brand#11,24,MED PKG,47,2867,19012.4256
F,F,TAKE BACK RETURN,4,Manufacturer#3,2-HIGH,4,FURNITURE,AIR,1,0,4,Brand#34,11,SM JAR,50,2868,29137.482
F,F,DELIVER IN PERSON,4,Manufacturer#5,3-MEDIUM,1,HOUSEHOLD,MAIL,1,0,10,Brand#51,24,MED DRUM,9,2380,35623.1424
F,F,COLLECT COD,0,Manufacturer#1,2-HIGH,0,AUTOMOBILE,AIR,3,0.02,5,Brand#12,15,WRAP CAN,32,2869,44925.88
F,F,NONE,1,Manufacturer#1,2-HIGH,0,AUTOMOBILE,RAIL,2,0.06,2,Brand#13,15,JUMBO CASE,20,2869,2550.7
F,F,NONE,1,Manufacturer#1,2-HIGH,0,AUTOMOBILE,REG AIR,1,0,2,Brand#11,15,MED CAN,45,2869,36878.7573
F,F,NONE,3,Manufacturer#2,1-URGENT,3,BUILDING,SHIP,4,0.05,22,Brand#21,7,JUMBO BAG,50,2852,20512.8
F,F,TAKE BACK RETURN,0,Manufacturer#4,5-LOW,4,AUTOMOBILE,RAIL,4,0,5,Brand#43,4,MED CAN,2,1417,5777.6912
F,F,DELIVER IN PERSON,4,Manufacturer#2,5-LOW,4,AUTOMOBILE,TRUCK,1,0.06,4,Brand#25,4,SM PKG,18,1417,36549.456
F,F,TAKE BACK RETURN,3,Manufacturer#3,5-LOW,4,AUTOMOBILE,FOB,2,0.07,7,Brand#31,4,WRAP CASE,8,1417,23375.4876
F,F,TAKE BACK RETURN,3,Manufacturer#2,5-LOW,4,AUTOMOBILE,REG AIR,3,0.07,6,Brand#22,4,MED PKG,7,1417,18953.472
F,F,COLLECT COD,1,Manufacturer#1,1-URGENT,0,AUTOMOBILE,AIR,3,0.04,3,Brand#11,0,MED PACK,29,522,20523.8304
F,F,DELIVER IN PERSON,0,Manufacturer#4,1-URGENT,3,BUILDING,MAIL,1,0.06,14,Brand#41,22,WRAP BOX,40,2870,61175.1
F,F,NONE,0,Manufacturer#4,5-LOW,4,BUILDING,AIR,4,0.04,5,Brand#41,10,WRAP BAG,10,2871,61120.44
F,F,TAKE BACK RETURN,2,Manufacturer#3,5-LOW,4,BUILDING,MAIL,1,0.08,9,Brand#33,10,SM PACK,49,2871,17928.8256
F,F,NONE,2,Manufacturer#1,5-LOW,4,BUILDING,AIR,3,0.04,12,Brand#15,10,WRAP JAR,49,2871,27095.2816
F,F,TAKE BACK RETURN,2,Manufacturer#4,3-MEDIUM,4,HOUSEHOLD,SHIP,3,0.01,8,Brand#43,4,MED PKG,13,2872,36647.36
F,F,NONE,3,Manufacturer#4,4-NOT SPECIFIED,1,MACHINERY,SHIP,2,0.08,19,Brand#44,2,WRAP JAR,14,1159,39631.95
F,F,TAKE BACK RETURN,4,Manufacturer#4,4-NOT SPECIFIED,1,MACHINERY,SHIP,3,0.01,13,Brand#44,2,SM BOX,10,1159,20151.6
F,F,TAKE BACK RETURN,4,Manufacturer#3,4-NOT SPECIFIED,1,MACHINERY,TRUCK,4,0.06,20,Brand#32,2,JUMBO JAR,26,1159,36309.897
F,F,COLLECT COD,1,Manufacturer#1,4-NOT SPECIFIED,1,MACHINERY,MAIL,1,0.02,3,Brand#11,2,WRAP DRUM,41,1159,25306.9824
F,F,DELIVER IN PERSON,0,Manufacturer#5,4-NOT SPECIFIED,0,BUILDING,REG AIR,3,0.07,14,Brand#51,0,JUMBO PKG,19,2873,6996.3936
F,F,NONE,1,Manufacturer#3,4-NOT SPECIFIED,0,BUILDING,FOB,2,0.06,2,Brand#35,0,LG CAN,9,2873,24051.639
F,F,COLLECT COD,2,Manufacturer#1,5-LOW,1,HOUSEHOLD,TRUCK,3,0.06,21,Brand#14,24,MED CAN,6,2874,8019.064
F,F,TAKE BACK RETURN,3,Manufacturer#1,5-LOW,1,HOUSEHOLD,REG AIR,5,0.03,19,Brand#14,24,JUMBO CASE,12,2874,39140.94
F,F,DELIVER IN PERSON,2,Manufacturer#4,2-HIGH,1,BUILDING,REG AIR,5,0.02,12,Brand#43,3,SM DRUM,25,2875,32749.787
F,F,TAKE BACK RETURN,3,Manufacturer#2,2-HIGH,1,BUILDING,TRUCK,4,0.06,23,Brand#24,3,MED PKG,38,2875,16759.0192
F,F,NONE,2,Manufacturer#1,2-HIGH,1,BUILDING,REG AIR,1,0.03,9,Brand#14,3,WRAP JAR,43,2875,67855.779
F,F,NONE,1,Manufacturer#4,2-HIGH,4,MACHINERY,AIR,2,0.04,3,Brand#43,11,WRAP DRUM,19,2876,26053.9825
F,F,DELIVER IN PERSON,3,Manufacturer#5,5-LOW,4,HOUSEHOLD,AIR,1,0.01,7,Brand#54,10,SM BAG,40,2877,4493.69
F,F,NONE,1,Manufacturer#5,5-LOW,4,HOUSEHOLD,RAIL,3,0.01,1,Brand#52,10,WRAP BAG,39,2877,16032.7296
F,F,NONE,2,Manufacturer#3,5-LOW,4,HOUSEHOLD,RAIL,4,0,12,Brand#32,10,MED CASE,18,2877,39819.5864
F,F,COLLECT COD,2,Manufacturer#5,2-HIGH,3,MACHINERY,AIR,1,0.01,21,Brand#53,23,JUMBO PKG,31,2878,5286.78
F,F,NONE,0,Manufacturer#3,2-HIGH,3,MACHINERY,SHIP,2,0.05,5,Brand#33,23,JUMBO BAG,18,2878,21688.77
F,F,COLLECT COD,3,Manufacturer#3,5-LOW,3,BUILDING,SHIP,6,0.03,7,Brand#33,7,MED CASE,6,2879,9494.3772
F,F,DELIVER IN PERSON,1,Manufacturer#4,5-LOW,3,BUILDING,FOB,5,0.02,2,Brand#44,7,WRAP JAR,22,2879,3096.4206
F,F,COLLECT COD,4,Manufacturer#1,5-LOW,3,BUILDING,MAIL,2,0.04,11,Brand#15,7,SM PKG,48,2879,7606.137
F,F,NONE,2,Manufacturer#5,1-URGENT,0,AUTOMOBILE,REG AIR,2,0,12,Brand#54,0,MED DRUM,28,522,61123.152
F,F,NONE,4,Manufacturer#5,1-URGENT,0,AUTOMOBILE,AIR,4,0.04,20,Brand#51,0,WRAP PACK,32,522,10028.8688
F,F,DELIVER IN PERSON,2,Manufacturer#2,1-URGENT,3,HOUSEHOLD,FOB,2,0.02,9,Brand#25,22,WRAP PKG,45,2880,10751.055
F,F,TAKE BACK RETURN,3,Manufacturer#4,1-URGENT,3,HOUSEHOLD,AIR,3,0.08,6,Brand#42,22,MED JAR,31,2880,61918.6128
F,F,TAKE BACK RETURN,1,Manufacturer#1,5-LOW,4,BUILDING,REG AIR,2,0.01,1,Brand#14,11,LG BOX,9,2881,12283.88
F,F,DELIVER IN PERSON,1,Manufacturer#1,3-MEDIUM,2,BUILDING,MAIL,5,0.01,1,Brand#11,12,SM PKG,8,2882,25488.324
F,F,COLLECT COD,1,Manufacturer#2,3-MEDIUM,2,BUILDING,FOB,3,0,1,Brand#24,12,WRAP CAN,15,2882,32639.586
F,F,COLLECT COD,1,Manufacturer#5,1-URGENT,0,AUTOMOBILE,REG AIR,5,0.01,17,Brand#55,0,SM CASE,19,2883,35215.1712
F,F,TAKE BACK RETURN,3,Manufacturer#4,1-URGENT,0,AUTOMOBILE,MAIL,4,0.04,23,Brand#42,0,JUMBO JAR,9,2883,69481.5066
F,F,COLLECT COD,3,Manufacturer#2,1-URGENT,0,AUTOMOBILE,FOB,2,0.07,22,Brand#21,0,JUMBO JAR,37,2883,11786.4054
F,F,COLLECT COD,4,Manufacturer#5,5-LOW,4,BUILDING,AIR,1,0.02,20,Brand#52,11,JUMBO DRUM,14,2881,81308.48
F,F,DELIVER IN PERSON,2,Manufacturer#3,5-LOW,4,BUILDING,TRUCK,6,0.08,9,Brand#35,11,SM CAN,42,2881,31659.3838
F,F,NONE,0,Manufacturer#5,5-LOW,4,BUILDING,RAIL,4,0.03,0,Brand#52,11,JUMBO PACK,5,2881,53163.558
F,F,COLLECT COD,2,Manufacturer#3,5-LOW,4,BUILDING,REG AIR,5,0.08,18,Brand#34,11,JUMBO PKG,41,2881,69590.97
F,F,DELIVER IN PERSON,1,Manufacturer#5,1-URGENT,1,BUILDING,FOB,6,0.07,17,Brand#53,2,WRAP CAN,13,1147,14754.5664
F,F,TAKE BACK RETURN,0,Manufacturer#2,1-URGENT,1,BUILDING,AIR,7,0.01,5,Brand#21,2,WRAP BOX,16,1147,48955.0698
F,F,DELIVER IN PERSON,2,Manufacturer#5,1-URGENT,1,BUILDING,SHIP,4,0.05,21,Brand#53,2,MED CASE,9,1147,1110
F,F,TAKE BACK RETURN,4,Manufacturer#5,1-URGENT,0,HOUSEHOLD,TRUCK,1,0.08,20,Brand#55,0,LG CASE,6,2884,17059.2736
F,F,NONE,2,Manufacturer#1,4-NOT SPECIFIED,0,AUTOMOBILE,MAIL,1,0.06,18,Brand#13,0,MED BOX,10,2885,69712.4256
F,F,COLLECT COD,3,Manufacturer#3,4-NOT SPECIFIED,0,AUTOMOBILE,REG AIR,2,0.05,23,Brand#34,0,SM JAR,5,2885,74527.2
F,F,NONE,1,Manufacturer#5,4-NOT SPECIFIED,0,AUTOMOBILE,REG AIR,4,0.01,1,Brand#55,0,SM PKG,3,2885,51340.4892
F,F,TAKE BACK RETURN,1,Manufacturer#5,3-MEDIUM,0,BUILDING,FOB,4,0.04,1,Brand#51,15,MED CAN,45,2886,74627.7642
F,F,NONE,4,Manufacturer#4,1-URGENT,3,AUTOMOBILE,MAIL,2,0.03,20,Brand#45,6,MED CASE,25,2887,39499.317
F,F,TAKE BACK RETURN,3,Manufacturer#5,3-MEDIUM,3,MACHINERY,TRUCK,4,0.07,19,Brand#52,6,LG BOX,31,2888,69688.3005
F,F,DELIVER IN PERSON,0,Manufacturer#5,3-MEDIUM,3,MACHINERY,RAIL,1,0.02,14,Brand#55,6,SM BOX,32,2888,15752.4795
F,F,TAKE BACK RETURN,4,Manufacturer#3,3-MEDIUM,3,MACHINERY,SHIP,2,0.04,11,Brand#31,6,SM PACK,12,2888,19670.9708
F,F,COLLECT COD,0,Manufacturer#1,1-URGENT,2,BUILDING,REG AIR,2,0.01,14,Brand#13,8,JUMBO PKG,1,764,47400.0192
F,F,NONE,1,Manufacturer#3,5-LOW,2,MACHINERY,REG AIR,5,0,1,Brand#33,12,WRAP CASE,18,2889,25924.965
F,F,DELIVER IN PERSON,2,Manufacturer#5,5-LOW,2,MACHINERY,TRUCK,6,0.07,8,Brand#54,12,LG CASE,29,2889,63218.6658
F,F,TAKE BACK RETURN,2,Manufacturer#2,5-LOW,2,MACHINERY,RAIL,1,0.02,12,Brand#21,12,JUMBO CAN,23,2889,12116.4736
F,F,TAKE BACK RETURN,3,Manufacturer#3,5-LOW,4,MACHINERY,RAIL,2,0.05,7,Brand#35,10,MED BOX,41,2890,35317.044
F,F,DELIVER IN PERSON,4,Manufacturer#2,3-MEDIUM,0,BUILDING,TRUCK,2,0.05,11,Brand#22,15,WRAP CASE,23,2886,15638.4
F,F,TAKE BACK RETURN,3,Manufacturer#3,3-MEDIUM,0,BUILDING,TRUCK,5,0.03,19,Brand#32,15,JUMBO DRUM,37,2886,11108.88
F,F,TAKE BACK RETURN,4,Manufacturer#5,2-HIGH,2,HOUSEHOLD,REG AIR,1,0.03,20,Brand#52,18,SM JAR,28,1284,51717.672
F,F,TAKE BACK RETURN,0,Manufacturer#2,1-URGENT,4,MACHINERY,RAIL,2,0.03,5,Brand#24,13,SM PACK,4,2891,40780.5266
F,F,NONE,3,Manufacturer#5,1-URGENT,4,MACHINERY,AIR,5,0.06,7,Brand#53,13,JUMBO CASE,50,2891,79905.8092
F,F,COLLECT COD,3,Manufacturer#5,1-URGENT,4,MACHINERY,AIR,4,0.08,7,Brand#53,13,LG BAG,38,2891,33176.8652
F,F,COLLECT COD,2,Manufacturer#3,1-URGENT,4,MACHINERY,RAIL,6,0.08,9,Brand#33,13,LG CAN,22,2891,75163.6044
F,F,NONE,2,Manufacturer#2,1-URGENT,4,MACHINERY,FOB,1,0.04,21,Brand#25,13,LG CASE,17,2891,36607.404
F,F,NONE,0,Manufacturer#3,5-LOW,3,HOUSEHOLD,RAIL,1,0.05,16,Brand#35,6,WRAP JAR,40,2892,25235.14
F,F,COLLECT COD,4,Manufacturer#1,1-URGENT,1,HOUSEHOLD,FOB,3,0.03,20,Brand#15,1,SM BAG,2,969,19648.9377
F,F,TAKE BACK RETURN,4,Manufacturer#3,1-URGENT,1,HOUSEHOLD,MAIL,4,0.02,13,Brand#33,1,MED PKG,21,969,1490.58
F,F,COLLECT COD,4,Manufacturer#1,4-NOT SPECIFIED,2,BUILDING,FOB,5,0.07,13,Brand#13,8,JUMBO BAG,49,2893,7734.1495
F,F,COLLECT COD,3,Manufacturer#4,4-NOT SPECIFIED,2,BUILDING,REG AIR,1,0.05,7,Brand#44,8,JUMBO DRUM,40,2893,18617.256
F,F,NONE,2,Manufacturer#4,4-NOT SPECIFIED,0,BUILDING,FOB,3,0.01,12,Brand#41,14,SM CASE,35,2894,37625.7552
F,F,TAKE BACK RETURN,4,Manufacturer#3,4-NOT SPECIFIED,0,BUILDING,FOB,5,0.08,11,Brand#33,14,MED CAN,8,2894,31323.8832
F,F,NONE,0,Manufacturer#1,3-MEDIUM,3,FURNITURE,MAIL,6,0.07,14,Brand#12,19,WRAP BAG,27,156,30607.5
F,F,COLLECT COD,4,Manufacturer#5,3-MEDIUM,3,FURNITURE,REG AIR,1,0.05,10,Brand#51,19,JUMBO PACK,27,156,81250.8672
F,F,NONE,4,Manufacturer#4,3-MEDIUM,3,FURNITURE,FOB,3,0.01,20,Brand#44,19,JUMBO BAG,5,156,22213.872
F,F,DELIVER IN PERSON,4,Manufacturer#2,3-MEDIUM,3,FURNITURE,RAIL,7,0.05,20,Brand#25,19,LG DRUM,1,156,11326.2147
F,F,COLLECT COD,1,Manufacturer#2,1-URGENT,2,BUILDING,REG AIR,1,0.05,3,Brand#25,18,SM BAG,33,2895,37228.2534
F,F,NONE,2,Manufacturer#3,1-URGENT,2,BUILDING,FOB,2,0.03,12,Brand#33,18,MED CAN,38,2895,33569.91
F,F,TAKE BACK RETURN,0,Manufacturer#1,1-URGENT,2,BUILDING,REG AIR,5,0.06,5,Brand#13,18,LG DRUM,38,2895,30136.464
F,F,COLLECT COD,1,Manufacturer#2,1-URGENT,2,BUILDING,AIR,4,0.08,3,Brand#22,18,MED DRUM,48,2895,28200.7152
F,F,NONE,0,Manufacturer#3,5-LOW,3,AUTOMOBILE,TRUCK,3,0.03,5,Brand#31,19,WRAP CASE,26,2732,49585.2084
F,F,NONE,0,Manufacturer#3,5-LOW,3,AUTOMOBILE,REG AIR,2,0.02,16,Brand#31,19,WRAP DRUM,28,2732,8783.253
F,F,TAKE BACK RETURN,0,Manufacturer#3,5-LOW,3,AUTOMOBILE,TRUCK,5,0.07,5,Brand#33,19,LG JAR,28,2732,22526.4
F,F,COLLECT COD,4,Manufacturer#1,5-LOW,0,AUTOMOBILE,REG AIR,1,0.02,13,Brand#13,16,JUMBO CAN,10,431,59745
F,F,COLLECT COD,2,Manufacturer#1,5-LOW,0,AUTOMOBILE,TRUCK,2,0,12,Brand#13,16,LG CAN,47,431,39348.696
F,F,TAKE BACK RETURN,3,Manufacturer#4,3-MEDIUM,1,MACHINERY,FOB,1,0.01,23,Brand#42,3,SM DRUM,5,2896,23965.7355
F,F,COLLECT COD,1,Manufacturer#3,3-MEDIUM,1,MACHINERY,MAIL,2,0.06,17,Brand#32,3,JUMBO DRUM,6,2896,22932.5382
F,F,DELIVER IN PERSON,1,Manufacturer#5,3-MEDIUM,1,MACHINERY,FOB,3,0.02,1,Brand#52,3,JUMBO CASE,29,2896,22656.3688
F,F,DELIVER IN PERSON,3,Manufacturer#1,2-HIGH,1,MACHINERY,RAIL,5,0.07,23,Brand#13,3,MED DRUM,49,118,13066.2144
F,F,COLLECT COD,3,Manufacturer#5,2-HIGH,1,MACHINERY,MAIL,2,0,7,Brand#54,3,JUMBO BOX,8,118,5025.1104
F,F,TAKE BACK RETURN,0,Manufacturer#3,2-HIGH,1,MACHINERY,RAIL,4,0,16,Brand#34,3,LG PKG,43,118,11383.565
F,F,COLLECT COD,2,Manufacturer#1,2-HIGH,1,MACHINERY,SHIP,1,0.06,12,Brand#15,3,WRAP PACK,37,118,78286.3935
F,F,NONE,2,Manufacturer#4,4-NOT SPECIFIED,1,AUTOMOBILE,AIR,1,0.02,9,Brand#42,1,MED JAR,10,2897,33070.3844
F,F,NONE,4,Manufacturer#2,4-NOT SPECIFIED,1,AUTOMOBILE,TRUCK,3,0.05,4,Brand#23,1,MED PKG,49,2897,72891.676
F,F,NONE,0,Manufacturer#4,4-NOT SPECIFIED,1,AUTOMOBILE,MAIL,4,0.01,16,Brand#42,1,LG BOX,22,2897,42239.132
F,F,TAKE BACK RETURN,1,Manufacturer#1,4-NOT SPECIFIED,1,AUTOMOBILE,SHIP,6,0.07,24,Brand#11,1,LG PACK,28,2897,70056.0816
F,F,NONE,0,Manufacturer#3,2-HIGH,3,BUILDING,REG AIR,2,0.01,0,Brand#34,23,SM DRUM,16,2898,40258.977
F,F,DELIVER IN PERSON,4,Manufacturer#1,2-HIGH,3,BUILDING,SHIP,4,0.08,10,Brand#13,23,WRAP CASE,38,2898,61579.5408
F,F,TAKE BACK RETURN,2,Manufacturer#3,2-HIGH,3,BUILDING,RAIL,1,0.06,21,Brand#35,23,WRAP CASE,25,2898,49449.267
F,F,TAKE BACK RETURN,0,Manufacturer#5,5-LOW,4,MACHINERY,TRUCK,2,0.03,0,Brand#51,11,MED BAG,18,2899,12414.0618
F,F,COLLECT COD,1,Manufacturer#3,5-LOW,4,MACHINERY,SHIP,3,0.05,2,Brand#35,11,SM JAR,21,2899,37236.456
F,F,NONE,4,Manufacturer#2,3-MEDIUM,2,AUTOMOBILE,REG AIR,3,0.05,11,Brand#22,8,SM BAG,29,1966,27460.8
F,F,NONE,2,Manufacturer#4,3-MEDIUM,2,AUTOMOBILE,REG AIR,2,0.04,8,Brand#43,8,JUMBO BOX,24,1966,17105.111
F,F,DELIVER IN PERSON,4,Manufacturer#4,3-MEDIUM,2,AUTOMOBILE,SHIP,4,0.06,13,Brand#42,8,JUMBO BOX,41,1966,20027.868
F,F,COLLECT COD,1,Manufacturer#4,1-URGENT,2,FURNITURE,TRUCK,3,0.02,17,Brand#43,9,MED JAR,40,2900,7769.2538
F,F,NONE,3,Manufacturer#2,1-URGENT,2,FURNITURE,TRUCK,1,0.01,7,Brand#22,9,WRAP BAG,4,2900,3558.6888
F,F,TAKE BACK RETURN,2,Manufacturer#2,2-HIGH,0,FURNITURE,FOB,1,0.05,18,Brand#21,5,WRAP PKG,38,2901,10984.8717
F,F,TAKE BACK RETURN,4,Manufacturer#4,2-HIGH,0,FURNITURE,RAIL,2,0,20,Brand#42,5,WRAP BAG,42,2901,45753.253
F,F,NONE,0,Manufacturer#5,5-LOW,1,FURNITURE,RAIL,1,0.05,16,Brand#51,2,MED JAR,2,30,45424.7976
F,F,TAKE BACK RETURN,0,Manufacturer#5,5-LOW,3,HOUSEHOLD,MAIL,2,0.08,14,Brand#54,6,WRAP CAN,9,2892,50237.5104
F,F,DELIVER IN PERSON,0,Manufacturer#3,5-LOW,4,HOUSEHOLD,SHIP,1,0.07,0,Brand#31,20,JUMBO BOX,34,2902,36144.3942
F,F,TAKE BACK RETURN,1,Manufacturer#5,5-LOW,4,HOUSEHOLD,MAIL,2,0.05,3,Brand#55,20,MED JAR,31,2902,4835.4768
F,F,NONE,2,Manufacturer#4,1-URGENT,3,HOUSEHOLD,SHIP,3,0.04,21,Brand#41,7,SM PACK,45,2903,5251.008
F,F,COLLECT COD,3,Manufacturer#2,3-MEDIUM,0,BUILDING,MAIL,3,0.04,7,Brand#21,15,MED PKG,20,2904,40518.5872
F,F,COLLECT COD,3,Manufacturer#2,3-MEDIUM,0,BUILDING,SHIP,4,0.08,6,Brand#23,15,LG PACK,14,2904,29322.5478
F,F,TAKE BACK RETURN,2,Manufacturer#2,3-MEDIUM,0,BUILDING,MAIL,1,0,9,Brand#25,15,WRAP JAR,14,2904,16279.2528
F,F,TAKE BACK RETURN,4,Manufacturer#5,3-MEDIUM,0,FURNITURE,RAIL,2,0.08,20,Brand#55,5,JUMBO BAG,41,2905,45843.8708
F,F,COLLECT COD,3,Manufacturer#3,2-HIGH,2,FURNITURE,FOB,5,0.01,22,Brand#33,21,SM PKG,49,2225,71196.444
F,F,COLLECT COD,1,Manufacturer#5,2-HIGH,2,FURNITURE,TRUCK,3,0.01,2,Brand#55,21,LG PACK,21,2225,3003.4692
F,F,COLLECT COD,4,Manufacturer#2,2-HIGH,2,FURNITURE,TRUCK,1,0.02,4,Brand#21,21,LG JAR,34,2225,31102.083
F,F,DELIVER IN PERSON,2,Manufacturer#1,2-HIGH,2,FURNITURE,TRUCK,2,0.03,18,Brand#14,21,MED BAG,8,2225,6070.9584
F,F,TAKE BACK RETURN,2,Manufacturer#5,2-HIGH,2,FURNITURE,FOB,6,0.07,9,Brand#53,21,MED PACK,41,2225,49569.5376
F,F,COLLECT COD,0,Manufacturer#1,1-URGENT,4,HOUSEHOLD,REG AIR,3,0.03,16,Brand#13,11,WRAP BOX,33,2906,1620.51
F,F,COLLECT COD,4,Manufacturer#2,2-HIGH,0,HOUSEHOLD,RAIL,3,0.04,13,Brand#23,14,LG BAG,35,1651,18509.4
F,F,NONE,1,Manufacturer#3,2-HIGH,0,HOUSEHOLD,AIR,4,0.05,3,Brand#35,14,WRAP PKG,21,1651,12477.8232
F,F,COLLECT COD,0,Manufacturer#5,2-HIGH,0,HOUSEHOLD,AIR,1,0.02,5,Brand#53,14,SM BAG,2,1651,22669.2375
F,F,TAKE BACK RETURN,2,Manufacturer#5,2-HIGH,0,HOUSEHOLD,MAIL,2,0,18,Brand#52,14,WRAP PACK,44,1651,8768.1675
F,F,DELIVER IN PERSON,4,Manufacturer#3,1-URGENT,3,BUILDING,FOB,1,0.02,4,Brand#31,7,SM PKG,32,2907,75692.0682
F,F,NONE,3,Manufacturer#1,1-URGENT,3,BUILDING,SHIP,3,0.03,6,Brand#14,7,WRAP BOX,4,2907,15855.084
F,F,DELIVER IN PERSON,3,Manufacturer#1,4-NOT SPECIFIED,3,MACHINERY,TRUCK,4,0.04,7,Brand#14,22,JUMBO BOX,26,2908,37570.0738
F,F,TAKE BACK RETURN,3,Manufacturer#1,4-NOT SPECIFIED,3,MACHINERY,FOB,1,0.06,22,Brand#11,22,SM PACK,28,2908,9377.2656
F,F,TAKE BACK RETURN,3,Manufacturer#5,2-HIGH,3,BUILDING,RAIL,4,0.04,22,Brand#53,22,JUMBO DRUM,5,704,20502.9792
F,F,DELIVER IN PERSON,3,Manufacturer#1,2-HIGH,3,BUILDING,TRUCK,2,0.07,23,Brand#15,22,MED JAR,32,704,31845.9456
F,F,COLLECT COD,2,Manufacturer#1,2-HIGH,3,BUILDING,SHIP,6,0.07,12,Brand#15,22,LG PACK,21,704,54469.3248
F,F,DELIVER IN PERSON,1,Manufacturer#5,2-HIGH,3,BUILDING,RAIL,1,0.03,24,Brand#55,22,WRAP PKG,34,704,70864.794
F,F,TAKE BACK RETURN,0,Manufacturer#2,1-URGENT,4,HOUSEHOLD,REG AIR,1,0.08,15,Brand#22,11,WRAP CAN,27,2906,46141.623
F,F,NONE,1,Manufacturer#5,1-URGENT,4,HOUSEHOLD,FOB,2,0.01,17,Brand#51,11,SM BOX,17,2906,13707.8001
F,F,NONE,2,Manufacturer#3,2-HIGH,2,HOUSEHOLD,MAIL,2,0.05,8,Brand#31,12,SM PKG,35,1765,46168.176
F,F,NONE,2,Manufacturer#3,2-HIGH,2,HOUSEHOLD,REG AIR,6,0.05,18,Brand#31,12,LG DRUM,35,1765,33370.0752
F,F,COLLECT COD,2,Manufacturer#2,2-HIGH,0,AUTOMOBILE,RAIL,1,0.05,8,Brand#22,15,LG BAG,35,2909,31840.72
F,F,TAKE BACK RETURN,0,Manufacturer#5,2-HIGH,0,AUTOMOBILE,AIR,6,0.05,0,Brand#51,15,JUMBO BAG,30,2909,63612.64
F,F,TAKE BACK RETURN,3,Manufacturer#1,2-HIGH,0,AUTOMOBILE,AIR,2,0.04,22,Brand#13,15,WRAP BAG,2,2909,82610.02
F,F,DELIVER IN PERSON,0,Manufacturer#4,2-HIGH,0,AUTOMOBILE,TRUCK,3,0.02,16,Brand#41,15,JUMBO CAN,13,2909,72021.7872
F,F,COLLECT COD,4,Manufacturer#3,2-HIGH,2,HOUSEHOLD,AIR,4,0.03,13,Brand#31,12,JUMBO BAG,9,1765,11693.052
F,F,DELIVER IN PERSON,0,Manufacturer#4,5-LOW,3,AUTOMOBILE,RAIL,2,0.06,0,Brand#42,7,WRAP PKG,30,2910,56506.5396
F,F,DELIVER IN PERSON,4,Manufacturer#4,2-HIGH,2,MACHINERY,AIR,1,0.08,20,Brand#45,12,WRAP CASE,34,2911,51963.48
F,F,NONE,2,Manufacturer#5,1-URGENT,0,AUTOMOBILE,FOB,5,0.01,18,Brand#52,15,MED JAR,12,2912,3325.8162
F,F,NONE,0,Manufacturer#4,1-URGENT,2,FURNITURE,RAIL,1,0.07,15,Brand#43,12,MED CASE,11,901,77369.1303
F,F,COLLECT COD,2,Manufacturer#3,2-HIGH,1,AUTOMOBILE,MAIL,5,0.01,9,Brand#34,1,SM PKG,9,2613,24108.929
F,F,NONE,2,Manufacturer#5,2-HIGH,1,AUTOMOBILE,MAIL,2,0.06,18,Brand#54,1,WRAP CAN,11,2613,16349.52
F,F,NONE,1,Manufacturer#5,2-HIGH,1,AUTOMOBILE,REG AIR,7,0.04,24,Brand#54,1,JUMBO CAN,5,2613,21922.992
F,F,DELIVER IN PERSON,1,Manufacturer#1,2-HIGH,1,AUTOMOBILE,SHIP,4,0.06,1,Brand#11,1,MED CAN,1,2613,30361.6804
F,F,NONE,2,Manufacturer#5,5-LOW,3,AUTOMOBILE,MAIL,1,0.04,18,Brand#51,7,JUMBO DRUM,45,2910,58371.4677
F,F,NONE,2,Manufacturer#3,3-MEDIUM,3,FURNITURE,SHIP,2,0,21,Brand#32,23,JUMBO PACK,43,2913,4467.612
F,F,DELIVER IN PERSON,2,Manufacturer#2,1-URGENT,0,AUTOMOBILE,AIR,7,0.05,18,Brand#21,14,WRAP PACK,11,2195,74337.081
F,F,DELIVER IN PERSON,2,Manufacturer#1,1-URGENT,0,AUTOMOBILE,RAIL,3,0.05,12,Brand#14,14,JUMBO BOX,14,2195,39598.05
F,F,DELIVER IN PERSON,1,Manufacturer#1,1-URGENT,0,AUTOMOBILE,RAIL,6,0.02,17,Brand#12,14,JUMBO BOX,20,2195,26287.758
F,F,TAKE BACK RETURN,1,Manufacturer#1,1-URGENT,0,AUTOMOBILE,RAIL,5,0.01,3,Brand#14,14,JUMBO JAR,12,2195,77019.4698
F,F,NONE,4,Manufacturer#1,1-URGENT,0,AUTOMOBILE,REG AIR,1,0.02,11,Brand#14,14,MED BOX,35,2195,23671.1748
F,F,NONE,3,Manufacturer#5,5-LOW,1,BUILDING,SHIP,1,0.02,6,Brand#51,1,WRAP JAR,37,2914,59081.7744
F,F,TAKE BACK RETURN,0,Manufacturer#2,5-LOW,1,BUILDING,FOB,3,0.05,0,Brand#22,1,JUMBO PACK,47,2914,22731.9036
F,F,DELIVER IN PERSON,4,Manufacturer#1,2-HIGH,1,FURNITURE,RAIL,2,0.07,10,Brand#13,3,SM CASE,49,2915,49738.3326
F,F,NONE,4,Manufacturer#4,2-HIGH,0,FURNITURE,RAIL,4,0.03,4,Brand#44,5,WRAP PACK,44,2916,42486.444
F,F,TAKE BACK RETURN,1,Manufacturer#3,2-HIGH,0,FURNITURE,TRUCK,7,0.07,24,Brand#32,5,JUMBO JAR,11,2916,67265.0352
F,F,COLLECT COD,0,Manufacturer#3,2-HIGH,0,FURNITURE,MAIL,6,0.06,0,Brand#31,5,MED PACK,20,2916,48784.7528
F,F,DELIVER IN PERSON,3,Manufacturer#2,2-HIGH,0,FURNITURE,FOB,5,0.07,22,Brand#23,5,LG PKG,13,2916,23937.2
F,F,DELIVER IN PERSON,0,Manufacturer#1,2-HIGH,0,FURNITURE,TRUCK,3,0.02,5,Brand#12,5,LG CAN,35,2916,49727.5156
F,F,TAKE BACK RETURN,3,Manufacturer#5,3-MEDIUM,3,FURNITURE,MAIL,4,0,22,Brand#54,23,MED JAR,13,2913,4094.0535
F,F,TAKE BACK RETURN,4,Manufacturer#5,3-MEDIUM,3,FURNITURE,RAIL,1,0.02,4,Brand#51,23,WRAP BOX,9,2913,42253.245
F,F,DELIVER IN PERSON,2,Manufacturer#1,3-MEDIUM,2,MACHINERY,FOB,3,0,18,Brand#14,21,SM PACK,47,2917,7991.8848
F,F,TAKE BACK RETURN,3,Manufacturer#1,2-HIGH,4,HOUSEHOLD,RAIL,3,0.02,22,Brand#13,11,JUMBO PKG,42,2918,11684.4
F,F,DELIVER IN PERSON,0,Manufacturer#3,5-LOW,2,MACHINERY,MAIL,5,0,5,Brand#31,18,SM PKG,15,2919,31088.5596
F,F,NONE,2,Manufacturer#2,5-LOW,2,MACHINERY,FOB,1,0,18,Brand#22,18,SM PACK,13,2919,22833.648
F,F,DELIVER IN PERSON,2,Manufacturer#5,1-URGENT,4,BUILDING,SHIP,3,0.08,18,Brand#55,10,MED JAR,1,2920,49759.764
F,F,COLLECT COD,4,Manufacturer#4,1-URGENT,4,BUILDING,TRUCK,1,0.04,4,Brand#45,10,LG DRUM,39,2920,26623.3464
F,F,COLLECT COD,0,Manufacturer#1,1-URGENT,4,BUILDING,MAIL,5,0.08,5,Brand#11,10,JUMBO CAN,40,2920,59445.78
F,F,COLLECT COD,0,Manufacturer#2,1-URGENT,3,MACHINERY,REG AIR,1,0.04,15,Brand#25,22,MED JAR,15,2921,46484.95
F,F,TAKE BACK RETURN,0,Manufacturer#5,3-MEDIUM,2,MACHINERY,REG AIR,4,0.05,5,Brand#55,21,LG PACK,3,2917,2617.9136
F,F,NONE,2,Manufacturer#3,3-MEDIUM,2,MACHINERY,FOB,1,0.04,8,Brand#35,21,MED CASE,23,2917,14992.8525
F,F,COLLECT COD,2,Manufacturer#3,3-MEDIUM,2,MACHINERY,SHIP,2,0.08,21,Brand#33,21,LG PKG,34,2917,24905.6883
F,F,COLLECT COD,3,Manufacturer#1,3-MEDIUM,4,FURNITURE,FOB,1,0,6,Brand#11,4,LG JAR,22,2922,24154.0802
F,F,DELIVER IN PERSON,0,Manufacturer#5,3-MEDIUM,4,FURNITURE,SHIP,2,0,14,Brand#52,4,MED BAG,33,2922,38368.866
F,F,TAKE BACK RETURN,2,Manufacturer#2,3-MEDIUM,4,FURNITURE,TRUCK,6,0.02,8,Brand#25,4,LG DRUM,19,2922,68397.2184
F,F,DELIVER IN PERSON,2,Manufacturer#4,3-MEDIUM,4,FURNITURE,TRUCK,3,0.07,12,Brand#43,4,LG CASE,19,2922,31476.1538
F,F,COLLECT COD,3,Manufacturer#4,2-HIGH,1,BUILDING,FOB,4,0.08,23,Brand#45,3,SM BAG,16,621,32923.296
F,F,COLLECT COD,3,Manufacturer#3,2-HIGH,1,BUILDING,REG AIR,2,0,19,Brand#31,3,WRAP CASE,46,621,21127.9068
F,F,COLLECT COD,0,Manufacturer#4,2-HIGH,1,BUILDING,AIR,5,0.07,5,Brand#43,3,MED CAN,15,621,28932.9052
F,F,COLLECT COD,1,Manufacturer#1,2-HIGH,1,BUILDING,SHIP,3,0.01,24,Brand#11,3,MED CAN,28,621,13752.8028
F,F,TAKE BACK RETURN,4,Manufacturer#4,1-URGENT,1,FURNITURE,REG AIR,1,0.05,20,Brand#43,3,JUMBO CAN,14,2923,26789.3475
F,F,NONE,3,Manufacturer#3,4-NOT SPECIFIED,0,AUTOMOBILE,RAIL,3,0.04,23,Brand#32,5,JUMBO JAR,42,2924,41428.9708
F,F,DELIVER IN PERSON,0,Manufacturer#5,1-URGENT,3,MACHINERY,RAIL,4,0.08,15,Brand#54,22,JUMBO JAR,9,2925,66575.1255
F,F,NONE,1,Manufacturer#5,1-URGENT,3,MACHINERY,RAIL,2,0.06,2,Brand#51,22,LG CASE,46,2925,44688
F,F,TAKE BACK RETURN,1,Manufacturer#3,4-NOT SPECIFIED,2,MACHINERY,FOB,2,0.03,2,Brand#35,12,MED BOX,16,2,41376.153
F,F,TAKE BACK RETURN,2,Manufacturer#5,4-NOT SPECIFIED,2,MACHINERY,SHIP,1,0.01,18,Brand#52,12,WRAP PACK,27,2,35090.874
F,F,DELIVER IN PERSON,1,Manufacturer#5,5-LOW,2,MACHINERY,SHIP,1,0,3,Brand#52,12,WRAP JAR,32,2889,23427.0912
F,F,TAKE BACK RETURN,2,Manufacturer#2,4-NOT SPECIFIED,0,MACHINERY,FOB,4,0.07,21,Brand#24,5,JUMBO BOX,37,1975,89554.899
F,F,TAKE BACK RETURN,3,Manufacturer#3,4-NOT SPECIFIED,0,MACHINERY,TRUCK,2,0.08,23,Brand#34,5,WRAP JAR,48,1975,35309.9838
F,F,TAKE BACK RETURN,1,Manufacturer#1,4-NOT SPECIFIED,0,AUTOMOBILE,FOB,2,0.01,1,Brand#14,5,SM JAR,12,2924,38118.598
F,F,COLLECT COD,0,Manufacturer#5,4-NOT SPECIFIED,0,AUTOMOBILE,FOB,1,0.08,15,Brand#53,5,MED PACK,47,2924,38905.713
F,F,COLLECT COD,4,Manufacturer#5,4-NOT SPECIFIED,0,AUTOMOBILE,AIR,4,0.08,13,Brand#51,5,MED BOX,48,2924,28041.3056
F,F,DELIVER IN PERSON,4,Manufacturer#3,4-NOT SPECIFIED,2,HOUSEHOLD,SHIP,3,0.03,11,Brand#32,21,MED BOX,48,2926,23519.106
F,F,NONE,3,Manufacturer#2,4-NOT SPECIFIED,2,HOUSEHOLD,MAIL,2,0.03,7,Brand#24,21,LG CAN,38,2926,25591.824
F,F,COLLECT COD,2,Manufacturer#5,3-MEDIUM,4,FURNITURE,TRUCK,4,0.06,8,Brand#53,13,MED DRUM,38,2927,37838.2838
F,F,TAKE BACK RETURN,3,Manufacturer#4,3-MEDIUM,4,FURNITURE,AIR,5,0.05,6,Brand#43,13,SM CASE,23,2927,28359.45
F,F,COLLECT COD,2,Manufacturer#4,3-MEDIUM,4,FURNITURE,FOB,1,0,12,Brand#42,13,JUMBO BOX,10,2927,24002.0352
F,F,COLLECT COD,4,Manufacturer#1,3-MEDIUM,4,FURNITURE,REG AIR,3,0.06,13,Brand#15,13,LG BAG,19,2927,24470.712
F,F,COLLECT COD,2,Manufacturer#1,4-NOT SPECIFIED,3,AUTOMOBILE,TRUCK,1,0.03,12,Brand#13,23,MED BOX,49,2928,23185.6534
F,F,COLLECT COD,1,Manufacturer#1,4-NOT SPECIFIED,3,AUTOMOBILE,AIR,2,0.06,24,Brand#14,23,MED DRUM,24,2928,40968.312
F,F,NONE,2,Manufacturer#3,4-NOT SPECIFIED,3,AUTOMOBILE,AIR,4,0.05,9,Brand#32,23,MED CAN,41,2928,49658.2144
F,F,NONE,0,Manufacturer#4,4-NOT SPECIFIED,3,AUTOMOBILE,REG AIR,3,0.01,5,Brand#41,23,LG CAN,5,2928,34671.3114
F,F,TAKE BACK RETURN,1,Manufacturer#3,3-MEDIUM,0,MACHINERY,FOB,2,0.01,2,Brand#33,14,SM DRUM,21,2929,58077.712
F,F,DELIVER IN PERSON,1,Manufacturer#2,3-MEDIUM,0,MACHINERY,TRUCK,1,0.08,3,Brand#22,14,LG PACK,21,2929,48758.646
F,F,COLLECT COD,2,Manufacturer#4,3-MEDIUM,3,HOUSEHOLD,RAIL,5,0.04,12,Brand#45,19,MED CAN,6,1227,2937.5379
F,F,TAKE BACK RETURN,4,Manufacturer#4,5-LOW,0,HOUSEHOLD,TRUCK,1,0.06,20,Brand#41,0,LG PKG,49,1406,40895.4
F,F,TAKE BACK RETURN,4,Manufacturer#4,5-LOW,0,HOUSEHOLD,SHIP,6,0.04,20,Brand#43,0,MED JAR,13,1406,35894.3823
F,F,COLLECT COD,2,Manufacturer#5,5-LOW,0,HOUSEHOLD,REG AIR,5,0.06,18,Brand#52,0,WRAP PKG,10,1406,41817.0816
F,F,DELIVER IN PERSON,4,Manufacturer#2,5-LOW,0,HOUSEHOLD,REG AIR,4,0.04,20,Brand#23,0,SM JAR,24,1406,34677.2748
F,F,COLLECT COD,0,Manufacturer#5,5-LOW,0,HOUSEHOLD,RAIL,2,0.06,15,Brand#55,0,SM CASE,9,1406,43084.296
F,F,DELIVER IN PERSON,2,Manufacturer#1,1-URGENT,3,MACHINERY,MAIL,2,0.08,9,Brand#15,6,MED CASE,8,2930,18693.6022
F,F,TAKE BACK RETURN,1,Manufacturer#4,3-MEDIUM,3,HOUSEHOLD,AIR,6,0.05,2,Brand#42,19,JUMBO PACK,24,1227,30470.2689
F,F,TAKE BACK RETURN,4,Manufacturer#5,3-MEDIUM,3,HOUSEHOLD,RAIL,7,0,11,Brand#51,19,SM JAR,44,1227,36223.666
F,F,TAKE BACK RETURN,3,Manufacturer#1,3-MEDIUM,3,HOUSEHOLD,SHIP,4,0.05,22,Brand#15,19,MED PACK,30,1227,9989.1279
F,F,COLLECT COD,3,Manufacturer#2,3-MEDIUM,4,FURNITURE,FOB,1,0.06,7,Brand#22,4,MED PKG,11,2931,1009.0848
F,F,COLLECT COD,0,Manufacturer#5,4-NOT SPECIFIED,2,BUILDING,FOB,3,0.01,15,Brand#55,12,SM DRUM,4,363,6533.4825
F,F,COLLECT COD,3,Manufacturer#4,4-NOT SPECIFIED,2,BUILDING,AIR,1,0.05,19,Brand#42,12,WRAP JAR,40,363,44353.44
F,F,COLLECT COD,0,Manufacturer#5,4-NOT SPECIFIED,2,BUILDING,FOB,5,0.05,14,Brand#53,12,WRAP CASE,7,363,57034.01
F,F,TAKE BACK RETURN,3,Manufacturer#4,2-HIGH,3,AUTOMOBILE,REG AIR,1,0.01,7,Brand#43,22,WRAP BAG,26,2182,59960.1024
F,F,COLLECT COD,4,Manufacturer#5,1-URGENT,1,HOUSEHOLD,AIR,5,0.07,10,Brand#53,1,WRAP CASE,36,2932,64507.6
F,F,DELIVER IN PERSON,1,Manufacturer#4,1-URGENT,1,HOUSEHOLD,FOB,2,0.07,3,Brand#45,1,MED CAN,8,2932,15616.9224
F,F,TAKE BACK RETURN,1,Manufacturer#5,3-MEDIUM,2,AUTOMOBILE,TRUCK,3,0.06,2,Brand#51,21,LG JAR,35,104,26473.6215
F,F,NONE,3,Manufacturer#4,3-MEDIUM,2,AUTOMOBILE,REG AIR,2,0.05,7,Brand#42,21,WRAP JAR,27,104,83655.8217
F,F,DELIVER IN PERSON,1,Manufacturer#3,4-NOT SPECIFIED,0,AUTOMOBILE,RAIL,6,0.02,1,Brand#32,14,WRAP PACK,1,2933,19020.3228
F,F,TAKE BACK RETURN,4,Manufacturer#2,4-NOT SPECIFIED,0,AUTOMOBILE,FOB,5,0.07,20,Brand#22,14,SM PKG,37,2933,45802.746
F,F,TAKE BACK RETURN,4,Manufacturer#3,4-NOT SPECIFIED,0,AUTOMOBILE,REG AIR,1,0.04,4,Brand#31,14,LG PACK,47,2933,90094.08
F,F,COLLECT COD,2,Manufacturer#1,2-HIGH,3,HOUSEHOLD,TRUCK,1,0.04,12,Brand#14,6,SM CAN,40,2934,9547.2792
F,F,DELIVER IN PERSON,4,Manufacturer#1,5-LOW,3,HOUSEHOLD,AIR,1,0.01,13,Brand#15,19,SM JAR,43,2935,31786.398
F,F,NONE,1,Manufacturer#1,3-MEDIUM,0,BUILDING,SHIP,3,0.08,1,Brand#13,0,MED BOX,45,2936,20048.3304
F,F,COLLECT COD,1,Manufacturer#4,2-HIGH,3,MACHINERY,AIR,1,0.01,2,Brand#41,23,WRAP PKG,7,2937,15574.4316
F,F,NONE,2,Manufacturer#4,2-HIGH,3,MACHINERY,FOB,3,0.05,21,Brand#41,23,SM CASE,4,2937,82887
F,F,TAKE BACK RETURN,4,Manufacturer#2,2-HIGH,3,MACHINERY,MAIL,2,0.03,13,Brand#23,23,LG JAR,22,2937,7851.7824
F,F,DELIVER IN PERSON,1,Manufacturer#4,4-NOT SPECIFIED,4,BUILDING,FOB,3,0,3,Brand#42,10,MED DRUM,2,2938,38279.4048
F,F,TAKE BACK RETURN,4,Manufacturer#1,4-NOT SPECIFIED,4,BUILDING,FOB,2,0,10,Brand#13,10,LG PACK,3,2938,17117.1368
F,F,COLLECT COD,0,Manufacturer#5,4-NOT SPECIFIED,2,MACHINERY,MAIL,3,0.06,0,Brand#51,12,SM CASE,35,2939,28030.665
F,F,TAKE BACK RETURN,0,Manufacturer#5,1-URGENT,1,AUTOMOBILE,REG AIR,4,0.05,16,Brand#51,24,MED CASE,50,2940,59884.392
F,F,DELIVER IN PERSON,1,Manufacturer#1,1-URGENT,1,AUTOMOBILE,SHIP,2,0.01,3,Brand#11,24,SM JAR,42,2940,54610.6176
F,F,DELIVER IN PERSON,3,Manufacturer#4,2-HIGH,4,AUTOMOBILE,MAIL,1,0,6,Brand#43,20,SM BAG,20,2941,47169.5092
F,F,NONE,2,Manufacturer#4,1-URGENT,0,AUTOMOBILE,RAIL,2,0.06,8,Brand#44,0,MED BAG,46,2452,22096.35
F,F,NONE,2,Manufacturer#4,1-URGENT,0,AUTOMOBILE,TRUCK,1,0.08,18,Brand#44,0,WRAP CASE,47,2452,33426.432
F,F,DELIVER IN PERSON,0,Manufacturer#2,2-HIGH,3,FURNITURE,RAIL,1,0.05,15,Brand#23,23,JUMBO PKG,49,2913,30556.332
F,F,COLLECT COD,0,Manufacturer#1,1-URGENT,1,HOUSEHOLD,AIR,5,0.06,5,Brand#11,3,LG DRUM,23,2255,33838.1978
F,F,NONE,1,Manufacturer#5,4-NOT SPECIFIED,3,BUILDING,SHIP,1,0.08,17,Brand#52,19,JUMBO CAN,23,921,17644.1472
F,F,COLLECT COD,2,Manufacturer#4,4-NOT SPECIFIED,3,BUILDING,MAIL,4,0.07,12,Brand#42,19,LG PACK,16,921,26635.0084
F,F,TAKE BACK RETURN,3,Manufacturer#1,4-NOT SPECIFIED,3,HOUSEHOLD,AIR,1,0.01,22,Brand#13,23,SM BAG,24,2942,25487.55
F,F,NONE,1,Manufacturer#3,5-LOW,1,FURNITURE,AIR,2,0.06,17,Brand#31,17,SM BAG,15,1343,79329.6231
F,F,NONE,1,Manufacturer#2,5-LOW,1,FURNITURE,SHIP,4,0.02,3,Brand#22,17,MED CASE,4,1343,71817.2412
F,F,TAKE BACK RETURN,4,Manufacturer#2,1-URGENT,1,AUTOMOBILE,MAIL,3,0.02,20,Brand#23,17,WRAP JAR,42,2943,4069.6059
F,F,NONE,0,Manufacturer#3,4-NOT SPECIFIED,0,FURNITURE,REG AIR,3,0.07,0,Brand#34,5,SM DRUM,30,2944,12475.5484
F,F,DELIVER IN PERSON,1,Manufacturer#1,4-NOT SPECIFIED,0,FURNITURE,AIR,1,0.05,2,Brand#15,5,SM JAR,32,2944,60424.38
F,F,NONE,1,Manufacturer#2,2-HIGH,4,FURNITURE,SHIP,4,0.01,1,Brand#23,4,SM PKG,31,2945,34465.428
F,F,TAKE BACK RETURN,1,Manufacturer#3,2-HIGH,4,FURNITURE,MAIL,5,0,2,Brand#33,4,JUMBO BOX,49,2945,47847.66
F,F,TAKE BACK RETURN,0,Manufacturer#1,4-NOT SPECIFIED,2,HOUSEHOLD,RAIL,3,0.06,15,Brand#15,8,WRAP JAR,1,2946,55820.4348
F,F,NONE,3,Manufacturer#4,4-NOT SPECIFIED,2,HOUSEHOLD,SHIP,1,0.08,6,Brand#44,8,MED PKG,50,2946,71615.46
F,F,COLLECT COD,0,Manufacturer#2,2-HIGH,1,HOUSEHOLD,AIR,5,0.08,0,Brand#25,1,JUMBO BOX,36,2947,42326.243
F,F,NONE,2,Manufacturer#5,2-HIGH,1,HOUSEHOLD,MAIL,4,0.01,21,Brand#53,1,MED PKG,32,2947,27260.98
F,F,COLLECT COD,0,Manufacturer#4,2-HIGH,1,HOUSEHOLD,REG AIR,1,0.07,15,Brand#44,1,WRAP PKG,39,2947,24015.6774
F,F,NONE,3,Manufacturer#2,2-HIGH,1,HOUSEHOLD,SHIP,2,0.02,22,Brand#22,1,MED JAR,13,2947,4118.478
F,F,NONE,4,Manufacturer#2,2-HIGH,1,HOUSEHOLD,AIR,6,0.05,20,Brand#22,1,SM PACK,7,2947,63725.544
F,F,NONE,2,Manufacturer#5,2-HIGH,1,HOUSEHOLD,MAIL,3,0.02,8,Brand#51,1,MED JAR,35,2947,21043.68
F,F,COLLECT COD,1,Manufacturer#2,3-MEDIUM,3,FURNITURE,MAIL,7,0.08,1,Brand#25,6,SM CAN,46,2948,36172.224
F,F,DELIVER IN PERSON,0,Manufacturer#4,3-MEDIUM,3,FURNITURE,MAIL,2,0.08,5,Brand#41,6,MED DRUM,17,2948,5345.6733
F,F,TAKE BACK RETURN,1,Manufacturer#1,3-MEDIUM,3,FURNITURE,TRUCK,4,0.07,3,Brand#12,6,JUMBO CAN,3,2948,24170.4
F,F,COLLECT COD,0,Manufacturer#3,3-MEDIUM,3,FURNITURE,REG AIR,1,0.06,15,Brand#31,6,MED CASE,43,2948,1689.5751
F,F,TAKE BACK RETURN,0,Manufacturer#4,3-MEDIUM,3,FURNITURE,SHIP,3,0.07,5,Brand#42,6,SM BAG,38,2948,34051.5357
F,F,NONE,3,Manufacturer#5,2-HIGH,1,AUTOMOBILE,TRUCK,3,0,19,Brand#54,3,JUMBO JAR,43,1006,23775.744
F,F,COLLECT COD,0,Manufacturer#1,2-HIGH,1,AUTOMOBILE,SHIP,4,0.01,0,Brand#12,3,LG CASE,27,1006,42618.114
F,F,DELIVER IN PERSON,0,Manufacturer#1,2-HIGH,1,AUTOMOBILE,RAIL,7,0.03,16,Brand#13,3,MED JAR,45,1006,4533.9825
F,F,NONE,4,Manufacturer#2,5-LOW,0,BUILDING,REG AIR,6,0.02,13,Brand#24,14,JUMBO BOX,32,2949,1767.0558
F,F,TAKE BACK RETURN,3,Manufacturer#4,5-LOW,0,BUILDING,MAIL,1,0.02,7,Brand#42,14,SM CAN,33,2949,47734.8168
F,F,TAKE BACK RETURN,4,Manufacturer#2,5-LOW,0,BUILDING,MAIL,3,0.01,4,Brand#24,14,SM CAN,44,2949,48468.1032
F,F,NONE,1,Manufacturer#5,5-LOW,0,BUILDING,AIR,4,0.02,3,Brand#52,14,SM PKG,21,2949,43546.5716
F,F,COLLECT COD,3,Manufacturer#1,3-MEDIUM,2,BUILDING,FOB,4,0.06,6,Brand#13,9,JUMBO PACK,29,2950,68496.1252
F,F,COLLECT COD,3,Manufacturer#3,3-MEDIUM,2,BUILDING,SHIP,1,0.03,7,Brand#35,9,LG CASE,44,2950,82293.3504
F,F,COLLECT COD,1,Manufacturer#3,3-MEDIUM,2,BUILDING,REG AIR,5,0.03,17,Brand#32,9,MED BOX,10,2950,61566.6051
F,F,COLLECT COD,3,Manufacturer#5,3-MEDIUM,2,BUILDING,RAIL,2,0.02,7,Brand#54,9,SM DRUM,20,2950,12946.77
F,F,DELIVER IN PERSON,2,Manufacturer#5,3-MEDIUM,2,BUILDING,TRUCK,3,0.03,12,Brand#53,9,JUMBO BOX,13,2950,8500.3428
F,F,NONE,3,Manufacturer#5,1-URGENT,0,MACHINERY,MAIL,1,0.01,23,Brand#52,0,MED DRUM,40,2951,21877.227
F,F,TAKE BACK RETURN,2,Manufacturer#2,3-MEDIUM,4,AUTOMOBILE,AIR,1,0.04,8,Brand#23,13,SM BOX,7,645,43083.738
F,F,DELIVER IN PERSON,4,Manufacturer#2,4-NOT SPECIFIED,3,FURNITURE,RAIL,4,0.01,20,Brand#22,22,LG BAG,47,2952,69582.3128
F,F,NONE,3,Manufacturer#3,4-NOT SPECIFIED,3,FURNITURE,FOB,5,0.03,7,Brand#31,22,MED BOX,28,2952,65114.6625
F,F,NONE,2,Manufacturer#5,3-MEDIUM,3,HOUSEHOLD,RAIL,2,0,8,Brand#52,7,WRAP BOX,8,1148,21320.3672
F,F,TAKE BACK RETURN,1,Manufacturer#2,5-LOW,1,MACHINERY,REG AIR,3,0.02,17,Brand#21,2,LG CAN,39,2953,6035.28
F,F,DELIVER IN PERSON,4,Manufacturer#2,5-LOW,1,MACHINERY,RAIL,4,0.07,11,Brand#23,2,SM PACK,46,2953,17056.4995
F,F,COLLECT COD,4,Manufacturer#5,5-LOW,1,MACHINERY,SHIP,1,0.02,20,Brand#54,2,JUMBO CAN,38,2953,42998.178
F,F,NONE,2,Manufacturer#1,5-LOW,4,AUTOMOBILE,AIR,3,0.05,18,Brand#11,20,LG PKG,26,1853,42624.288
F,F,TAKE BACK RETURN,1,Manufacturer#2,1-URGENT,4,MACHINERY,FOB,4,0.04,1,Brand#21,11,WRAP JAR,13,2954,13259.1168
F,F,COLLECT COD,3,Manufacturer#5,1-URGENT,4,MACHINERY,AIR,1,0.04,7,Brand#53,11,SM BOX,42,2954,20883.096
F,F,DELIVER IN PERSON,0,Manufacturer#5,1-URGENT,4,MACHINERY,FOB,6,0.07,14,Brand#52,11,MED CAN,41,2954,7160.1985
F,F,DELIVER IN PERSON,4,Manufacturer#4,1-URGENT,4,MACHINERY,SHIP,3,0.07,4,Brand#45,11,SM BOX,36,2954,25940.574
F,F,NONE,1,Manufacturer#2,1-URGENT,0,AUTOMOBILE,AIR,5,0.06,24,Brand#25,0,WRAP BAG,37,2955,33394.725
F,F,NONE,1,Manufacturer#4,1-URGENT,0,AUTOMOBILE,RAIL,4,0.06,1,Brand#45,0,LG JAR,11,2955,43662.624
F,F,DELIVER IN PERSON,2,Manufacturer#5,1-URGENT,0,AUTOMOBILE,FOB,3,0.03,8,Brand#54,0,SM JAR,26,2955,42788.88
F,F,DELIVER IN PERSON,1,Manufacturer#4,3-MEDIUM,4,BUILDING,SHIP,1,0.01,17,Brand#45,20,LG PACK,47,2956,57746.1015
F,F,DELIVER IN PERSON,2,Manufacturer#2,3-MEDIUM,3,HOUSEHOLD,FOB,1,0.07,21,Brand#25,19,SM BAG,37,2957,41659.6473
F,F,DELIVER IN PERSON,3,Manufacturer#1,3-MEDIUM,3,HOUSEHOLD,REG AIR,4,0.06,6,Brand#15,19,JUMBO CASE,32,2957,7510.65
F,F,DELIVER IN PERSON,1,Manufacturer#4,1-URGENT,3,BUILDING,AIR,6,0.07,2,Brand#41,19,MED CASE,10,2429,27604.5607
F,F,NONE,1,Manufacturer#3,1-URGENT,3,BUILDING,FOB,1,0.08,1,Brand#35,19,WRAP PKG,21,2429,44291.8476
F,F,COLLECT COD,0,Manufacturer#1,1-URGENT,3,BUILDING,SHIP,3,0.04,15,Brand#15,19,WRAP BAG,26,2429,79655.904
F,F,TAKE BACK RETURN,2,Manufacturer#2,1-URGENT,3,BUILDING,AIR,7,0.02,18,Brand#25,19,SM CAN,31,2429,19742.9475
F,F,COLLECT COD,0,Manufacturer#3,3-MEDIUM,0,MACHINERY,MAIL,5,0.05,5,Brand#33,14,WRAP BAG,15,2958,54154.8
F,F,NONE,4,Manufacturer#4,3-MEDIUM,0,MACHINERY,RAIL,1,0,20,Brand#41,14,LG BAG,2,2958,62246.709
F,F,DELIVER IN PERSON,0,Manufacturer#2,1-URGENT,0,BUILDING,REG AIR,6,0.03,14,Brand#25,15,WRAP CAN,31,2959,50813.46
F,F,DELIVER IN PERSON,1,Manufacturer#5,1-URGENT,0,BUILDING,RAIL,1,0,17,Brand#55,15,WRAP CAN,44,2959,1310.8732
F,F,COLLECT COD,1,Manufacturer#2,1-URGENT,0,BUILDING,SHIP,4,0.07,24,Brand#21,15,WRAP BOX,40,2959,35515.095
F,F,TAKE BACK RETURN,1,Manufacturer#1,3-MEDIUM,1,BUILDING,FOB,1,0.04,17,Brand#14,24,SM CAN,5,2960,8618.561
F,F,NONE,2,Manufacturer#2,5-LOW,4,AUTOMOBILE,RAIL,5,0.07,12,Brand#23,20,WRAP JAR,19,1853,20075.6124
F,F,TAKE BACK RETURN,0,Manufacturer#3,4-NOT SPECIFIED,4,HOUSEHOLD,FOB,6,0.01,0,Brand#31,4,JUMBO BOX,34,2961,72998.496
F,F,NONE,3,Manufacturer#4,4-NOT SPECIFIED,4,HOUSEHOLD,RAIL,2,0.06,22,Brand#43,4,WRAP BAG,24,2961,62703.828
F,F,DELIVER IN PERSON,0,Manufacturer#5,5-LOW,0,FURNITURE,FOB,4,0.01,0,Brand#53,5,SM PKG,50,2436,6317.8434
F,F,DELIVER IN PERSON,1,Manufacturer#3,5-LOW,0,FURNITURE,SHIP,1,0.03,1,Brand#34,5,LG CAN,35,2436,46496.6955
F,F,TAKE BACK RETURN,2,Manufacturer#1,5-LOW,3,AUTOMOBILE,SHIP,4,0.03,12,Brand#15,23,JUMBO DRUM,11,2962,35329.7875
F,F,TAKE BACK RETURN,4,Manufacturer#4,5-LOW,0,BUILDING,AIR,1,0.05,13,Brand#44,5,SM PKG,15,2434,80581.5846
F,F,DELIVER IN PERSON,3,Manufacturer#5,1-URGENT,1,HOUSEHOLD,MAIL,2,0.04,19,Brand#55,3,MED DRUM,37,2441,62039.2156
F,F,DELIVER IN PERSON,4,Manufacturer#4,1-URGENT,1,HOUSEHOLD,AIR,1,0.07,10,Brand#43,3,WRAP CAN,35,2441,1733.3352
F,F,NONE,2,Manufacturer#4,1-URGENT,2,BUILDING,RAIL,5,0.07,9,Brand#45,12,LG CAN,33,2963,8749.5
F,F,TAKE BACK RETURN,4,Manufacturer#2,1-URGENT,2,BUILDING,RAIL,2,0.05,11,Brand#24,12,LG DRUM,15,2963,39588.9
F,F,TAKE BACK RETURN,1,Manufacturer#5,1-URGENT,2,BUILDING,FOB,3,0.05,2,Brand#55,12,LG DRUM,4,2963,5222.46
F,F,TAKE BACK RETURN,3,Manufacturer#5,1-URGENT,2,BUILDING,SHIP,4,0.04,22,Brand#52,12,JUMBO PKG,34,2963,25680.0528
F,F,TAKE BACK RETURN,2,Manufacturer#4,5-LOW,3,BUILDING,RAIL,5,0.06,9,Brand#43,23,MED BAG,4,2964,63656.7129
F,F,NONE,4,Manufacturer#1,5-LOW,3,BUILDING,TRUCK,6,0.05,13,Brand#15,23,SM DRUM,36,2964,19709.344
F,F,COLLECT COD,0,Manufacturer#5,5-LOW,3,BUILDING,AIR,1,0.05,14,Brand#52,23,MED CAN,1,2964,30482.6522
F,F,NONE,3,Manufacturer#1,5-LOW,3,BUILDING,RAIL,4,0.07,6,Brand#11,23,SM CAN,32,2964,2714.6097
F,F,TAKE BACK RETURN,1,Manufacturer#4,5-LOW,4,AUTOMOBILE,RAIL,2,0.05,1,Brand#44,13,LG CAN,25,451,36231.04
F,F,COLLECT COD,0,Manufacturer#1,5-LOW,4,AUTOMOBILE,TRUCK,1,0.05,0,Brand#15,13,JUMBO CASE,2,451,38961.44
F,F,NONE,1,Manufacturer#2,5-LOW,3,AUTOMOBILE,AIR,5,0.06,1,Brand#24,23,SM CAN,49,2962,46387.6686
F,F,NONE,4,Manufacturer#1,4-NOT SPECIFIED,4,FURNITURE,TRUCK,2,0.06,10,Brand#11,11,WRAP PACK,39,2965,14089.8534
F,F,TAKE BACK RETURN,1,Manufacturer#1,5-LOW,1,HOUSEHOLD,FOB,1,0.01,17,Brand#15,24,MED CASE,16,2966,30302.4267
F,F,NONE,2,Manufacturer#2,2-HIGH,3,FURNITURE,MAIL,5,0.06,9,Brand#21,19,SM CASE,24,2967,39104.065
F,F,TAKE BACK RETURN,2,Manufacturer#3,3-MEDIUM,2,BUILDING,TRUCK,1,0.01,12,Brand#32,18,LG CAN,48,2968,59219.7556
F,F,COLLECT COD,2,Manufacturer#5,5-LOW,4,HOUSEHOLD,TRUCK,1,0.03,21,Brand#54,13,MED PACK,13,2969,53235.0308
F,F,DELIVER IN PERSON,4,Manufacturer#5,3-MEDIUM,4,HOUSEHOLD,MAIL,5,0.01,4,Brand#51,10,WRAP JAR,14,2970,57371.503
F,F,COLLECT COD,4,Manufacturer#3,4-NOT SPECIFIED,1,HOUSEHOLD,RAIL,2,0.04,4,Brand#33,24,WRAP CASE,34,2971,50966.322
F,F,TAKE BACK RETURN,1,Manufacturer#5,2-HIGH,4,BUILDING,FOB,3,0.08,17,Brand#55,10,MED CASE,2,2972,58106.0812
F,F,NONE,1,Manufacturer#3,2-HIGH,4,BUILDING,FOB,6,0.04,24,Brand#35,10,LG BAG,34,2972,24420.84
F,F,COLLECT COD,3,Manufacturer#1,2-HIGH,4,BUILDING,FOB,2,0.01,6,Brand#13,10,MED CASE,6,2972,14532.9264
F,F,TAKE BACK RETURN,2,Manufacturer#1,5-LOW,1,FURNITURE,RAIL,1,0.07,21,Brand#11,1,WRAP DRUM,41,2973,82021.7376
F,F,TAKE BACK RETURN,4,Manufacturer#5,5-LOW,1,FURNITURE,SHIP,4,0.03,13,Brand#52,1,WRAP PACK,43,2973,2774.96
F,F,COLLECT COD,2,Manufacturer#4,2-HIGH,4,BUILDING,AIR,4,0.02,8,Brand#42,20,LG JAR,34,2974,38872.8704
F,F,NONE,3,Manufacturer#3,2-HIGH,4,BUILDING,REG AIR,3,0.05,23,Brand#35,20,JUMBO PACK,36,2974,11462.49
F,F,NONE,1,Manufacturer#1,2-HIGH,4,BUILDING,FOB,2,0.06,3,Brand#13,20,LG BOX,16,2974,15992.502
F,F,COLLECT COD,2,Manufacturer#1,2-HIGH,4,BUILDING,REG AIR,1,0.04,12,Brand#15,20,MED CAN,9,2974,5298.639
F,F,TAKE BACK RETURN,0,Manufacturer#5,4-NOT SPECIFIED,1,HOUSEHOLD,TRUCK,1,0.08,15,Brand#52,24,JUMBO PKG,29,2971,33213.888
F,F,COLLECT COD,4,Manufacturer#2,3-MEDIUM,4,FURNITURE,AIR,1,0.03,20,Brand#23,4,WRAP CAN,16,2975,27575.669
F,F,DELIVER IN PERSON,3,Manufacturer#4,3-MEDIUM,4,FURNITURE,MAIL,4,0.06,23,Brand#42,4,MED CAN,6,2975,42161.0112
F,F,COLLECT COD,3,Manufacturer#3,5-LOW,1,MACHINERY,RAIL,1,0.05,7,Brand#34,1,LG PKG,47,889,74256.8904
F,F,COLLECT COD,2,Manufacturer#3,3-MEDIUM,2,BUILDING,SHIP,1,0.02,8,Brand#35,18,LG BAG,30,2976,43016.904
F,F,NONE,1,Manufacturer#1,3-MEDIUM,2,BUILDING,AIR,2,0,1,Brand#15,18,JUMBO BAG,11,2976,65158.974
F,F,COLLECT COD,0,Manufacturer#4,4-NOT SPECIFIED,0,FURNITURE,SHIP,3,0.07,15,Brand#41,16,MED DRUM,15,1785,10066.1022
F,F,COLLECT COD,4,Manufacturer#2,4-NOT SPECIFIED,0,FURNITURE,SHIP,1,0.08,20,Brand#25,16,JUMBO JAR,39,1785,3651.588
F,F,NONE,4,Manufacturer#1,4-NOT SPECIFIED,0,FURNITURE,FOB,2,0.04,13,Brand#15,16,SM CASE,16,1785,63871.7452
F,F,DELIVER IN PERSON,2,Manufacturer#2,4-NOT SPECIFIED,0,FURNITURE,REG AIR,4,0.02,8,Brand#21,16,LG BOX,4,1785,39509.63
F,F,DELIVER IN PERSON,1,Manufacturer#2,4-NOT SPECIFIED,4,HOUSEHOLD,AIR,2,0.01,3,Brand#22,10,JUMBO CAN,38,2977,58466.261
F,F,DELIVER IN PERSON,0,Manufacturer#4,5-LOW,4,AUTOMOBILE,AIR,4,0,15,Brand#44,20,WRAP PKG,11,1774,5956.35
F,F,COLLECT COD,0,Manufacturer#5,5-LOW,4,AUTOMOBILE,REG AIR,3,0.05,14,Brand#51,20,SM DRUM,50,1774,20030.1075
F,F,NONE,1,Manufacturer#4,5-LOW,4,AUTOMOBILE,REG AIR,5,0.08,2,Brand#43,20,MED PKG,43,1774,67123.0106
F,F,NONE,1,Manufacturer#4,5-LOW,4,AUTOMOBILE,RAIL,2,0.01,1,Brand#44,20,JUMBO PACK,1,1774,21143.6056
F,F,DELIVER IN PERSON,3,Manufacturer#1,3-MEDIUM,2,HOUSEHOLD,SHIP,1,0.04,23,Brand#14,21,WRAP BAG,32,1075,41503.5348
F,F,TAKE BACK RETURN,1,Manufacturer#4,3-MEDIUM,2,HOUSEHOLD,REG AIR,2,0.04,2,Brand#44,21,JUMBO BOX,39,1075,13307.04
F,F,TAKE BACK RETURN,3,Manufacturer#2,4-NOT SPECIFIED,4,HOUSEHOLD,SHIP,4,0.02,7,Brand#21,10,SM PKG,41,2977,24298.176
F,F,TAKE BACK RETURN,3,Manufacturer#5,4-NOT SPECIFIED,4,HOUSEHOLD,AIR,3,0.02,6,Brand#55,10,LG PKG,14,2977,4883.22
F,F,COLLECT COD,1,Manufacturer#5,4-NOT SPECIFIED,4,HOUSEHOLD,FOB,5,0.02,17,Brand#52,10,SM BOX,2,2977,42813.0708
F,F,COLLECT COD,4,Manufacturer#4,4-NOT SPECIFIED,4,HOUSEHOLD,RAIL,1,0.03,11,Brand#41,10,WRAP CAN,22,2977,52134.3
F,F,TAKE BACK RETURN,3,Manufacturer#2,2-HIGH,1,AUTOMOBILE,REG AIR,3,0.02,19,Brand#21,2,LG CAN,4,2978,31521.6
F,F,DELIVER IN PERSON,2,Manufacturer#3,2-HIGH,1,AUTOMOBILE,MAIL,1,0.01,12,Brand#34,2,MED JAR,16,2978,55079.388
F,F,TAKE BACK RETURN,3,Manufacturer#3,2-HIGH,1,AUTOMOBILE,FOB,2,0.04,7,Brand#33,2,LG BOX,30,2978,29976.9015
F,F,DELIVER IN PERSON,3,Manufacturer#4,2-HIGH,1,AUTOMOBILE,RAIL,5,0.03,6,Brand#41,2,LG BOX,25,2978,81772.01
F,F,DELIVER IN PERSON,2,Manufacturer#5,2-HIGH,4,AUTOMOBILE,SHIP,5,0,12,Brand#55,20,LG CAN,37,2979,34695.0925
F,F,DELIVER IN PERSON,2,Manufacturer#4,5-LOW,2,BUILDING,SHIP,6,0.03,12,Brand#42,18,JUMBO BOX,10,769,13749.12
F,F,COLLECT COD,1,Manufacturer#4,5-LOW,2,BUILDING,RAIL,3,0.03,3,Brand#44,18,WRAP PKG,4,769,11892.7008
F,F,NONE,4,Manufacturer#1,5-LOW,2,BUILDING,SHIP,2,0.07,20,Brand#12,18,MED JAR,35,769,41450.112
F,F,COLLECT COD,4,Manufacturer#5,5-LOW,2,BUILDING,TRUCK,1,0.06,10,Brand#52,18,LG BAG,38,769,25608.8745
F,F,COLLECT COD,0,Manufacturer#3,5-LOW,4,HOUSEHOLD,MAIL,3,0.01,5,Brand#31,4,LG BOX,8,1772,40343.7348
F,F,NONE,1,Manufacturer#3,4-NOT SPECIFIED,3,BUILDING,TRUCK,2,0.05,1,Brand#35,23,WRAP CASE,44,2980,68837.436
F,F,DELIVER IN PERSON,1,Manufacturer#2,3-MEDIUM,4,BUILDING,REG AIR,2,0.05,1,Brand#25,20,MED PACK,15,2981,21244.68
F,F,DELIVER IN PERSON,0,Manufacturer#1,1-URGENT,3,HOUSEHOLD,SHIP,2,0.02,16,Brand#15,22,JUMBO PKG,8,2982,16064.6976
F,F,NONE,0,Manufacturer#4,2-HIGH,0,FURNITURE,AIR,4,0.06,14,Brand#43,15,JUMBO BOX,50,1567,37921.95
F,F,NONE,4,Manufacturer#3,2-HIGH,0,FURNITURE,REG AIR,5,0.02,10,Brand#31,15,LG CAN,45,1567,39571.632
F,F,DELIVER IN PERSON,0,Manufacturer#1,5-LOW,1,FURNITURE,FOB,3,0.03,14,Brand#14,17,JUMBO DRUM,9,2113,38358.36
F,F,NONE,1,Manufacturer#3,1-URGENT,4,FURNITURE,TRUCK,3,0.06,24,Brand#32,10,JUMBO BOX,21,2983,26325.5424
F,F,COLLECT COD,4,Manufacturer#3,1-URGENT,4,FURNITURE,AIR,5,0.07,10,Brand#32,10,JUMBO JAR,26,2983,62287.5162
F,F,DELIVER IN PERSON,3,Manufacturer#5,1-URGENT,4,FURNITURE,REG AIR,2,0.03,19,Brand#54,10,SM CASE,17,2983,43082.0268
F,F,COLLECT COD,0,Manufacturer#2,4-NOT SPECIFIED,1,HOUSEHOLD,AIR,1,0.05,15,Brand#21,1,WRAP CAN,20,2984,14421.778
F,F,TAKE BACK RETURN,1,Manufacturer#4,4-NOT SPECIFIED,1,HOUSEHOLD,RAIL,2,0.01,3,Brand#45,1,JUMBO PACK,44,2984,51160.851
F,F,DELIVER IN PERSON,3,Manufacturer#1,3-MEDIUM,3,FURNITURE,MAIL,2,0.04,22,Brand#12,23,LG PACK,12,2985,35216.9928
F,F,NONE,3,Manufacturer#5,1-URGENT,4,FURNITURE,SHIP,3,0.07,23,Brand#51,4,LG PKG,1,2986,12984.03
F,F,COLLECT COD,3,Manufacturer#1,1-URGENT,4,FURNITURE,TRUCK,1,0.02,22,Brand#14,4,LG JAR,4,2986,2715.0304
F,F,NONE,1,Manufacturer#3,1-URGENT,4,FURNITURE,REG AIR,4,0,3,Brand#33,4,WRAP PKG,15,2986,41074.6464
F,F,TAKE BACK RETURN,3,Manufacturer#5,3-MEDIUM,4,AUTOMOBILE,TRUCK,5,0,19,Brand#51,10,WRAP BOX,42,2987,20288.8608
F,F,DELIVER IN PERSON,2,Manufacturer#3,3-MEDIUM,4,AUTOMOBILE,MAIL,3,0.08,18,Brand#32,10,SM DRUM,35,2987,16625.9412
F,F,NONE,0,Manufacturer#2,1-URGENT,3,BUILDING,AIR,4,0.06,15,Brand#21,19,WRAP JAR,8,2988,59683.4568
F,F,COLLECT COD,2,Manufacturer#5,4-NOT SPECIFIED,1,AUTOMOBILE,MAIL,2,0.07,8,Brand#54,24,SM CASE,48,2989,2208.3222
F,F,COLLECT COD,3,Manufacturer#4,2-HIGH,2,AUTOMOBILE,SHIP,4,0.08,22,Brand#42,18,SM DRUM,5,2990,27629.67
F,F,NONE,3,Manufacturer#2,2-HIGH,2,AUTOMOBILE,AIR,3,0.06,22,Brand#21,18,JUMBO BAG,17,2990,21869.601
F,F,TAKE BACK RETURN,2,Manufacturer#2,2-HIGH,2,AUTOMOBILE,REG AIR,2,0.05,21,Brand#21,18,JUMBO DRUM,6,2990,20827.125
F,F,DELIVER IN PERSON,1,Manufacturer#2,2-HIGH,2,AUTOMOBILE,REG AIR,5,0.04,2,Brand#22,18,LG PKG,8,2990,19165.344
F,F,NONE,1,Manufacturer#1,4-NOT SPECIFIED,0,AUTOMOBILE,FOB,4,0.06,2,Brand#13,16,JUMBO BAG,46,2991,11466.236
F,F,NONE,4,Manufacturer#5,4-NOT SPECIFIED,0,AUTOMOBILE,RAIL,2,0,10,Brand#53,16,MED BOX,5,2991,26536.012
F,F,TAKE BACK RETURN,4,Manufacturer#3,4-NOT SPECIFIED,0,AUTOMOBILE,RAIL,1,0.07,20,Brand#31,16,WRAP BOX,6,2991,38142.495
F,F,COLLECT COD,4,Manufacturer#5,3-MEDIUM,0,BUILDING,AIR,4,0.05,20,Brand#55,0,LG PACK,4,2992,33671.75
F,F,COLLECT COD,2,Manufacturer#2,3-MEDIUM,0,BUILDING,RAIL,1,0.01,18,Brand#24,0,SM DRUM,27,2992,57065.4392
F,F,DELIVER IN PERSON,3,Manufacturer#3,3-MEDIUM,0,BUILDING,REG AIR,3,0.05,19,Brand#32,0,SM CASE,43,2992,42795
F,F,DELIVER IN PERSON,4,Manufacturer#3,2-HIGH,4,MACHINERY,REG AIR,1,0.07,10,Brand#31,13,SM CASE,18,2993,51152.2056
F,F,COLLECT COD,1,Manufacturer#4,2-HIGH,4,MACHINERY,MAIL,6,0.02,24,Brand#45,13,SM BAG,43,2993,8838.1755
F,F,TAKE BACK RETURN,1,Manufacturer#3,2-HIGH,4,MACHINERY,AIR,5,0,1,Brand#31,13,LG BOX,26,2993,27449.8497
F,F,NONE,1,Manufacturer#1,2-HIGH,4,MACHINERY,AIR,3,0.01,3,Brand#13,13,SM CAN,40,2993,27024.384
F,F,TAKE BACK RETURN,3,Manufacturer#5,2-HIGH,4,MACHINERY,TRUCK,2,0.03,7,Brand#51,13,MED BOX,6,2993,16849.2096
F,F,NONE,4,Manufacturer#4,4-NOT SPECIFIED,1,AUTOMOBILE,TRUCK,4,0.04,11,Brand#41,24,LG PACK,27,2989,43667.9564
F,F,COLLECT COD,3,Manufacturer#1,2-HIGH,1,FURNITURE,AIR,5,0.04,7,Brand#12,17,SM JAR,21,2994,7413.021
F,F,DELIVER IN PERSON,4,Manufacturer#1,2-HIGH,1,FURNITURE,TRUCK,4,0.07,10,Brand#11,17,SM DRUM,27,2994,44467.8144
F,F,DELIVER IN PERSON,1,Manufacturer#5,2-HIGH,1,FURNITURE,MAIL,6,0.01,2,Brand#54,17,LG JAR,37,2994,4609.9872
F,F,DELIVER IN PERSON,4,Manufacturer#1,2-HIGH,4,BUILDING,MAIL,2,0.02,10,Brand#15,13,SM BAG,31,1318,2213.6478
F,F,DELIVER IN PERSON,1,Manufacturer#1,2-HIGH,4,BUILDING,TRUCK,3,0.07,3,Brand#14,13,SM JAR,7,1318,10692.972
F,F,COLLECT COD,3,Manufacturer#5,2-HIGH,4,BUILDING,FOB,1,0.06,19,Brand#55,13,JUMBO BOX,7,1318,16690.167
F,F,COLLECT COD,4,Manufacturer#2,4-NOT SPECIFIED,0,MACHINERY,TRUCK,2,0.05,13,Brand#24,14,JUMBO BAG,45,2995,33261.4
F,F,COLLECT COD,1,Manufacturer#3,4-NOT SPECIFIED,0,MACHINERY,MAIL,3,0.07,24,Brand#34,14,SM BOX,7,2995,46235.9585
F,F,NONE,3,Manufacturer#4,4-NOT SPECIFIED,1,AUTOMOBILE,REG AIR,1,0.03,7,Brand#45,1,LG JAR,50,2039,53048.52
F,F,COLLECT COD,0,Manufacturer#2,1-URGENT,1,FURNITURE,REG AIR,6,0.01,14,Brand#23,1,JUMBO BOX,3,2996,19398.9176
F,F,DELIVER IN PERSON,2,Manufacturer#3,1-URGENT,1,FURNITURE,REG AIR,2,0.08,21,Brand#35,1,JUMBO CASE,35,2996,65302.5555
F,F,COLLECT COD,0,Manufacturer#4,1-URGENT,1,FURNITURE,TRUCK,4,0,5,Brand#41,1,WRAP BOX,15,2996,28405.3374
F,F,NONE,3,Manufacturer#1,1-URGENT,1,HOUSEHOLD,FOB,7,0.05,7,Brand#15,3,JUMBO CAN,48,2255,42138.624
F,F,DELIVER IN PERSON,4,Manufacturer#5,2-HIGH,3,FURNITURE,SHIP,1,0,11,Brand#53,19,LG PACK,6,2997,76030.571
F,F,DELIVER IN PERSON,1,Manufacturer#3,2-HIGH,3,FURNITURE,REG AIR,3,0.06,24,Brand#34,19,JUMBO PACK,11,2997,14150.3571
F,F,NONE,1,Manufacturer#2,1-URGENT,3,FURNITURE,REG AIR,5,0.02,17,Brand#24,7,JUMBO BOX,27,2998,12112.6464
F,F,COLLECT COD,3,Manufacturer#1,5-LOW,0,HOUSEHOLD,REG AIR,3,0.05,22,Brand#15,15,MED JAR,3,1693,44729.23
F,F,COLLECT COD,2,Manufacturer#4,5-LOW,0,HOUSEHOLD,RAIL,4,0.08,21,Brand#45,15,LG CASE,32,1693,14131.251
F,F,NONE,4,Manufacturer#1,5-LOW,0,HOUSEHOLD,TRUCK,2,0.04,10,Brand#11,15,MED PACK,18,1693,31137.12
F,F,COLLECT COD,3,Manufacturer#4,2-HIGH,4,HOUSEHOLD,AIR,5,0.01,19,Brand#45,11,WRAP CASE,46,2999,8320.752
F,F,NONE,3,Manufacturer#1,2-HIGH,4,HOUSEHOLD,REG AIR,1,0.08,7,Brand#13,11,WRAP CAN,25,2999,34452.8424
F,F,COLLECT COD,4,Manufacturer#2,5-LOW,4,AUTOMOBILE,MAIL,2,0,11,Brand#23,20,SM DRUM,21,3000,24066.82
F,F,COLLECT COD,0,Manufacturer#1,1-URGENT,3,FURNITURE,TRUCK,2,0.05,16,Brand#11,7,LG CASE,39,2998,27419.22
F,F,NONE,0,Manufacturer#5,1-URGENT,3,FURNITURE,SHIP,6,0.02,14,Brand#51,7,MED PACK,33,2998,41050.9
F,F,TAKE BACK RETURN,0,Manufacturer#3,4-NOT SPECIFIED,3,MACHINERY,FOB,2,0.02,16,Brand#34,6,JUMBO JAR,31,3001,5947.326
F,F,NONE,2,Manufacturer#3,5-LOW,4,AUTOMOBILE,MAIL,5,0.07,9,Brand#32,13,SM BOX,6,3002,4389.894
F,F,NONE,2,Manufacturer#3,5-LOW,4,AUTOMOBILE,SHIP,3,0.05,18,Brand#34,13,MED CAN,36,3002,31674.7332
F,F,NONE,0,Manufacturer#2,4-NOT SPECIFIED,3,MACHINERY,TRUCK,4,0.08,14,Brand#25,6,SM BOX,2,3001,44730.2496
F,F,DELIVER IN PERSON,1,Manufacturer#5,5-LOW,1,FURNITURE,TRUCK,3,0.04,17,Brand#53,2,MED CASE,8,3003,30366.819
F,F,NONE,4,Manufacturer#2,2-HIGH,3,MACHINERY,SHIP,4,0.03,20,Brand#22,23,MED CASE,29,3004,72949.1224
F,F,COLLECT COD,0,Manufacturer#4,2-HIGH,3,MACHINERY,AIR,7,0.07,15,Brand#42,23,MED CAN,6,3004,7501.8636
F,F,COLLECT COD,3,Manufacturer#3,2-HIGH,3,MACHINERY,FOB,6,0.08,23,Brand#33,23,WRAP DRUM,48,3004,63698.824
F,F,DELIVER IN PERSON,1,Manufacturer#3,2-HIGH,3,MACHINERY,REG AIR,1,0.03,1,Brand#31,23,MED BAG,38,3004,38062.95
F,F,DELIVER IN PERSON,0,Manufacturer#1,2-HIGH,3,MACHINERY,TRUCK,5,0.03,16,Brand#12,23,MED DRUM,18,3004,8299.8168
F,F,NONE,4,Manufacturer#4,1-URGENT,4,BUILDING,REG AIR,4,0.05,4,Brand#42,10,LG CAN,1,3005,35890.074
F,F,DELIVER IN PERSON,2,Manufacturer#4,4-NOT SPECIFIED,2,FURNITURE,RAIL,2,0.06,21,Brand#41,9,LG PACK,19,3006,62695.4976
F,F,COLLECT COD,2,Manufacturer#1,4-NOT SPECIFIED,2,FURNITURE,SHIP,4,0,21,Brand#11,9,LG JAR,6,3006,40918.3731
F,F,DELIVER IN PERSON,4,Manufacturer#3,4-NOT SPECIFIED,2,FURNITURE,REG AIR,1,0.08,13,Brand#35,9,LG CASE,38,3006,8797.707
F,F,COLLECT COD,4,Manufacturer#2,4-NOT SPECIFIED,2,FURNITURE,AIR,5,0.04,4,Brand#23,9,SM PKG,25,3006,34929.272
F,F,COLLECT COD,4,Manufacturer#4,3-MEDIUM,0,MACHINERY,TRUCK,1,0,13,Brand#44,5,MED DRUM,43,3007,39569.9904
F,F,NONE,2,Manufacturer#5,1-URGENT,4,BUILDING,REG AIR,5,0.04,8,Brand#54,10,LG CAN,5,3005,32983.2594
F,F,NONE,3,Manufacturer#5,4-NOT SPECIFIED,3,AUTOMOBILE,TRUCK,6,0.01,22,Brand#55,7,JUMBO JAR,12,1443,7973.2254
F,F,DELIVER IN PERSON,1,Manufacturer#3,5-LOW,1,FURNITURE,RAIL,2,0.04,24,Brand#35,2,MED DRUM,6,3008,5661.747
F,F,COLLECT COD,1,Manufacturer#3,5-LOW,1,FURNITURE,RAIL,4,0.04,2,Brand#32,2,SM JAR,3,3008,56256.9282
F,F,TAKE BACK RETURN,3,Manufacturer#2,5-LOW,1,FURNITURE,RAIL,3,0.05,23,Brand#23,2,JUMBO CASE,16,3008,72472.7934
F,F,DELIVER IN PERSON,4,Manufacturer#3,5-LOW,1,FURNITURE,REG AIR,7,0.03,4,Brand#32,2,SM BOX,8,3008,60702.9984
F,F,DELIVER IN PERSON,2,Manufacturer#3,5-LOW,3,MACHINERY,REG AIR,3,0,9,Brand#34,6,WRAP CAN,5,3009,48703.8048
F,F,COLLECT COD,3,Manufacturer#1,2-HIGH,1,AUTOMOBILE,SHIP,1,0.06,23,Brand#13,1,LG PKG,41,3010,14049.146
F,F,COLLECT COD,4,Manufacturer#3,4-NOT SPECIFIED,4,MACHINERY,SHIP,1,0.06,20,Brand#35,4,WRAP PKG,3,2173,84734.544
F,F,COLLECT COD,1,Manufacturer#4,1-URGENT,4,MACHINERY,TRUCK,1,0.07,1,Brand#45,10,WRAP JAR,17,390,43942.7328
F,F,COLLECT COD,3,Manufacturer#2,5-LOW,1,AUTOMOBILE,FOB,2,0.07,6,Brand#22,1,JUMBO CASE,40,1004,27140.022
F,F,NONE,2,Manufacturer#1,5-LOW,1,AUTOMOBILE,SHIP,1,0.03,8,Brand#11,1,JUMBO PKG,7,1004,4196.8836
F,F,COLLECT COD,2,Manufacturer#2,5-LOW,1,AUTOMOBILE,REG AIR,3,0.02,9,Brand#25,1,SM PACK,3,1004,3407.7312
F,F,DELIVER IN PERSON,1,Manufacturer#4,5-LOW,4,MACHINERY,TRUCK,7,0.07,2,Brand#45,11,LG CASE,8,806,30302.3644
F,F,DELIVER IN PERSON,1,Manufacturer#2,5-LOW,4,MACHINERY,TRUCK,6,0.01,17,Brand#24,11,SM CASE,49,806,1460.2679
F,F,COLLECT COD,3,Manufacturer#4,5-LOW,4,MACHINERY,SHIP,1,0,23,Brand#42,11,MED PKG,10,806,54570.8196
F,F,TAKE BACK RETURN,2,Manufacturer#3,2-HIGH,0,BUILDING,TRUCK,1,0.06,9,Brand#35,5,MED CASE,31,3011,5795.04
F,F,DELIVER IN PERSON,1,Manufacturer#3,3-MEDIUM,0,AUTOMOBILE,SHIP,1,0.07,17,Brand#32,5,LG DRUM,1,3012,30239.601
F,F,DELIVER IN PERSON,2,Manufacturer#3,3-MEDIUM,0,AUTOMOBILE,MAIL,2,0.02,8,Brand#35,5,LG BOX,33,3012,12820.2228
F,F,DELIVER IN PERSON,4,Manufacturer#1,4-NOT SPECIFIED,3,AUTOMOBILE,SHIP,4,0.08,4,Brand#11,7,WRAP BOX,21,1443,51249.0528
F,F,DELIVER IN PERSON,1,Manufacturer#4,4-NOT SPECIFIED,3,AUTOMOBILE,AIR,1,0.04,2,Brand#44,7,WRAP PACK,23,1443,73995.576
F,F,NONE,2,Manufacturer#4,5-LOW,2,BUILDING,SHIP,2,0.05,18,Brand#42,21,JUMBO JAR,42,3013,6912.35
F,F,TAKE BACK RETURN,0,Manufacturer#2,1-URGENT,0,BUILDING,TRUCK,3,0.04,5,Brand#22,16,SM DRUM,44,272,8405.73
F,F,COLLECT COD,2,Manufacturer#1,1-URGENT,0,BUILDING,SHIP,2,0.04,12,Brand#14,16,LG DRUM,28,272,24471.126
F,F,COLLECT COD,3,Manufacturer#5,3-MEDIUM,2,BUILDING,REG AIR,2,0.02,7,Brand#51,18,SM BOX,23,3014,29879.3278
F,F,NONE,1,Manufacturer#2,3-MEDIUM,2,BUILDING,TRUCK,1,0.08,2,Brand#25,18,LG JAR,27,3014,84474.423
F,F,DELIVER IN PERSON,2,Manufacturer#1,3-MEDIUM,2,BUILDING,RAIL,3,0.03,12,Brand#13,18,JUMBO BAG,5,3014,17531.1504
F,F,TAKE BACK RETURN,4,Manufacturer#5,5-LOW,2,BUILDING,TRUCK,4,0,4,Brand#54,21,JUMBO PACK,40,3013,79889.66
F,F,COLLECT COD,1,Manufacturer#1,4-NOT SPECIFIED,2,BUILDING,RAIL,7,0,24,Brand#15,21,MED JAR,27,3013,58685.12
F,F,DELIVER IN PERSON,3,Manufacturer#1,5-LOW,2,AUTOMOBILE,TRUCK,1,0.04,22,Brand#13,12,MED BAG,48,3015,59457.65
F,F,DELIVER IN PERSON,0,Manufacturer#1,4-NOT SPECIFIED,3,FURNITURE,AIR,2,0.03,5,Brand#12,7,JUMBO BOX,9,3016,32009.632
F,F,NONE,2,Manufacturer#2,4-NOT SPECIFIED,3,FURNITURE,SHIP,1,0.05,8,Brand#24,7,SM CAN,21,3016,44465.1104
F,F,TAKE BACK RETURN,4,Manufacturer#1,4-NOT SPECIFIED,2,BUILDING,TRUCK,6,0.06,11,Brand#11,21,MED DRUM,16,3013,5335.3554
F,F,DELIVER IN PERSON,3,Manufacturer#2,4-NOT SPECIFIED,2,BUILDING,RAIL,1,0.06,6,Brand#22,21,JUMBO BOX,3,3013,6725.574
F,F,NONE,0,Manufacturer#5,4-NOT SPECIFIED,2,BUILDING,REG AIR,3,0.05,5,Brand#53,21,MED DRUM,49,3013,4808.33
F,F,DELIVER IN PERSON,4,Manufacturer#1,3-MEDIUM,4,FURNITURE,MAIL,3,0.02,10,Brand#13,11,MED CASE,46,3017,53107.956
F,F,DELIVER IN PERSON,0,Manufacturer#3,3-MEDIUM,4,FURNITURE,TRUCK,6,0.03,15,Brand#33,11,SM CASE,46,3017,42815.223
F,F,DELIVER IN PERSON,4,Manufacturer#2,3-MEDIUM,4,FURNITURE,RAIL,5,0.01,20,Brand#21,11,SM PKG,15,3017,51193.108
F,F,NONE,2,Manufacturer#4,5-LOW,3,HOUSEHOLD,SHIP,2,0.03,21,Brand#41,22,MED BOX,46,3018,8552.8392
F,F,DELIVER IN PERSON,2,Manufacturer#2,1-URGENT,1,HOUSEHOLD,MAIL,2,0.07,9,Brand#23,3,JUMBO BAG,7,3019,20865.61
F,F,COLLECT COD,3,Manufacturer#3,5-LOW,3,HOUSEHOLD,MAIL,1,0.04,22,Brand#31,22,WRAP BOX,13,3018,4345.62
F,F,TAKE BACK RETURN,2,Manufacturer#2,5-LOW,3,MACHINERY,RAIL,2,0.07,9,Brand#25,23,WRAP JAR,33,78,19704.86
F,F,COLLECT COD,3,Manufacturer#2,4-NOT SPECIFIED,3,HOUSEHOLD,RAIL,4,0.08,23,Brand#24,6,WRAP CASE,19,1701,48783.8004
F,F,TAKE BACK RETURN,2,Manufacturer#1,4-NOT SPECIFIED,3,HOUSEHOLD,MAIL,2,0.06,18,Brand#11,6,LG CASE,9,1701,56771.183
F,F,DELIVER IN PERSON,1,Manufacturer#2,5-LOW,3,MACHINERY,REG AIR,1,0.01,24,Brand#22,23,JUMBO CASE,13,78,71615.712
F,F,COLLECT COD,3,Manufacturer#2,1-URGENT,4,FURNITURE,SHIP,1,0.05,7,Brand#21,10,JUMBO JAR,27,3020,10029.492
F,F,DELIVER IN PERSON,1,Manufacturer#1,1-URGENT,3,AUTOMOBILE,AIR,4,0.01,17,Brand#13,22,MED CASE,17,3021,29145.6792
F,F,COLLECT COD,3,Manufacturer#3,4-NOT SPECIFIED,2,AUTOMOBILE,RAIL,4,0,6,Brand#35,18,WRAP CAN,25,3022,7913.6421
F,F,DELIVER IN PERSON,3,Manufacturer#2,4-NOT SPECIFIED,2,AUTOMOBILE,FOB,3,0.01,6,Brand#25,18,JUMBO BAG,20,3022,29776.725
F,F,COLLECT COD,2,Manufacturer#1,4-NOT SPECIFIED,2,AUTOMOBILE,REG AIR,2,0.07,18,Brand#12,18,MED PKG,29,3022,64776.51
F,F,DELIVER IN PERSON,3,Manufacturer#2,5-LOW,3,MACHINERY,MAIL,4,0.07,22,Brand#24,22,SM PKG,36,965,7434.98
F,F,TAKE BACK RETURN,1,Manufacturer#3,2-HIGH,2,FURNITURE,RAIL,4,0.06,3,Brand#31,21,MED PKG,21,1466,3760.2726
F,F,TAKE BACK RETURN,3,Manufacturer#2,2-HIGH,2,FURNITURE,TRUCK,5,0.03,23,Brand#22,21,SM CAN,49,1466,34666.632
F,F,COLLECT COD,4,Manufacturer#5,2-HIGH,2,FURNITURE,AIR,3,0.02,11,Brand#53,21,SM JAR,6,1466,48711.6
F,F,TAKE BACK RETURN,4,Manufacturer#1,2-HIGH,2,FURNITURE,FOB,2,0.02,13,Brand#12,21,SM BAG,29,1466,47263.22
F,F,NONE,0,Manufacturer#1,3-MEDIUM,3,FURNITURE,TRUCK,4,0.01,14,Brand#13,6,WRAP BOX,49,3023,44002.8
F,F,NONE,1,Manufacturer#2,5-LOW,1,MACHINERY,AIR,6,0.01,17,Brand#22,17,SM DRUM,9,3024,40437.936
F,F,TAKE BACK RETURN,0,Manufacturer#1,5-LOW,1,MACHINERY,RAIL,3,0.01,16,Brand#13,17,JUMBO DRUM,20,3024,22118.9332
F,F,TAKE BACK RETURN,0,Manufacturer#4,5-LOW,1,MACHINERY,RAIL,5,0.02,5,Brand#41,17,MED BAG,22,3024,9168.07
F,F,TAKE BACK RETURN,2,Manufacturer#2,5-LOW,1,MACHINERY,FOB,2,0.04,8,Brand#21,17,MED CASE,24,3024,31234
F,F,NONE,3,Manufacturer#1,3-MEDIUM,2,MACHINERY,SHIP,1,0.06,7,Brand#14,12,JUMBO BOX,11,3025,8039.82
F,F,TAKE BACK RETURN,2,Manufacturer#3,3-MEDIUM,2,MACHINERY,FOB,4,0.08,21,Brand#31,12,WRAP BOX,41,3025,39390.615
F,F,COLLECT COD,1,Manufacturer#1,3-MEDIUM,2,MACHINERY,RAIL,5,0.08,1,Brand#14,12,WRAP PACK,21,3025,54468.216
F,F,TAKE BACK RETURN,3,Manufacturer#5,3-MEDIUM,3,FURNITURE,RAIL,3,0.05,19,Brand#55,6,WRAP CASE,39,3023,6200.6025
F,F,TAKE BACK RETURN,4,Manufacturer#5,3-MEDIUM,4,FURNITURE,REG AIR,4,0.05,13,Brand#51,20,WRAP BOX,26,3026,44435.9916
F,F,DELIVER IN PERSON,0,Manufacturer#1,3-MEDIUM,4,FURNITURE,REG AIR,5,0.07,15,Brand#14,20,SM PACK,10,3026,34309.638
F,F,COLLECT COD,2,Manufacturer#5,3-MEDIUM,4,FURNITURE,FOB,3,0.08,8,Brand#53,20,LG PACK,22,3026,90977.04
F,F,DELIVER IN PERSON,3,Manufacturer#5,3-MEDIUM,4,FURNITURE,AIR,1,0.01,7,Brand#51,20,LG PKG,9,3026,51159.696
F,F,NONE,0,Manufacturer#3,3-MEDIUM,4,FURNITURE,TRUCK,2,0.03,5,Brand#34,20,JUMBO PACK,11,3026,40735.8765
F,F,DELIVER IN PERSON,4,Manufacturer#2,1-URGENT,1,BUILDING,REG AIR,2,0.06,13,Brand#21,2,MED CASE,28,3027,48993.6524
F,F,NONE,3,Manufacturer#2,5-LOW,3,AUTOMOBILE,FOB,1,0.03,19,Brand#22,22,SM DRUM,27,3028,36459.67
F,F,COLLECT COD,3,Manufacturer#1,1-URGENT,2,FURNITURE,AIR,3,0.02,19,Brand#13,21,JUMBO DRUM,12,3029,27582.2992
F,F,DELIVER IN PERSON,0,Manufacturer#1,1-URGENT,2,FURNITURE,REG AIR,1,0.06,15,Brand#14,21,MED JAR,9,3029,15963.1445
F,F,DELIVER IN PERSON,1,Manufacturer#5,2-HIGH,1,MACHINERY,SHIP,2,0.03,17,Brand#52,2,SM CASE,38,3030,34908.8544
F,F,COLLECT COD,1,Manufacturer#4,2-HIGH,1,MACHINERY,SHIP,3,0,1,Brand#44,2,MED BOX,28,3030,53556.516
F,F,TAKE BACK RETURN,4,Manufacturer#4,2-HIGH,1,MACHINERY,SHIP,4,0.08,11,Brand#41,2,LG PACK,10,3030,9021.219
F,F,NONE,4,Manufacturer#2,2-HIGH,1,MACHINERY,REG AIR,6,0.07,4,Brand#24,2,JUMBO PACK,19,3030,8297.3052
F,F,TAKE BACK RETURN,3,Manufacturer#5,1-URGENT,4,BUILDING,AIR,2,0,22,Brand#52,13,JUMBO JAR,47,3031,3084.021
F,F,TAKE BACK RETURN,4,Manufacturer#2,1-URGENT,4,BUILDING,SHIP,3,0.04,13,Brand#23,13,SM DRUM,28,3031,32626.7942
F,F,COLLECT COD,4,Manufacturer#3,1-URGENT,4,BUILDING,TRUCK,5,0.03,20,Brand#31,13,MED CAN,36,3031,4480.2432
F,F,TAKE BACK RETURN,0,Manufacturer#1,1-URGENT,4,BUILDING,RAIL,6,0,5,Brand#11,13,SM JAR,33,3031,42733.4535
F,F,TAKE BACK RETURN,3,Manufacturer#4,1-URGENT,4,BUILDING,RAIL,1,0.06,23,Brand#45,13,LG BOX,45,3031,9582.7545
F,F,TAKE BACK RETURN,4,Manufacturer#3,1-URGENT,1,FURNITURE,REG AIR,4,0.04,11,Brand#34,2,SM DRUM,29,2048,20601.756
F,F,TAKE BACK RETURN,1,Manufacturer#1,3-MEDIUM,2,MACHINERY,AIR,6,0.04,3,Brand#12,21,MED CAN,23,3032,17468.5464
F,F,NONE,2,Manufacturer#1,3-MEDIUM,2,MACHINERY,FOB,1,0.03,18,Brand#14,21,JUMBO BOX,19,3032,24643.04
F,F,COLLECT COD,1,Manufacturer#5,3-MEDIUM,2,MACHINERY,MAIL,5,0.07,3,Brand#53,21,MED CAN,49,3032,79116.31
F,F,DELIVER IN PERSON,4,Manufacturer#1,3-MEDIUM,2,MACHINERY,FOB,2,0.08,11,Brand#11,21,MED BOX,40,3032,22783.5585
F,F,DELIVER IN PERSON,0,Manufacturer#3,1-URGENT,4,MACHINERY,FOB,2,0.05,14,Brand#32,20,WRAP BAG,37,1561,69498.58
F,F,DELIVER IN PERSON,0,Manufacturer#5,1-URGENT,4,MACHINERY,TRUCK,1,0.05,0,Brand#51,20,SM DRUM,22,1561,16687.587
F,F,TAKE BACK RETURN,0,Manufacturer#5,5-LOW,3,AUTOMOBILE,FOB,2,0.03,5,Brand#53,19,SM JAR,46,507,53521.4295
F,F,NONE,0,Manufacturer#4,2-HIGH,1,FURNITURE,REG AIR,5,0,16,Brand#41,2,LG DRUM,27,454,8088.636
F,F,NONE,0,Manufacturer#5,2-HIGH,1,FURNITURE,REG AIR,2,0.07,5,Brand#54,2,SM BAG,15,454,1183.4604
F,F,NONE,1,Manufacturer#2,3-MEDIUM,4,BUILDING,SHIP,1,0.04,1,Brand#25,20,SM JAR,48,1712,12412.152
F,F,COLLECT COD,2,Manufacturer#5,3-MEDIUM,4,BUILDING,TRUCK,2,0.08,12,Brand#51,20,WRAP BOX,38,1712,19244.9166
F,F,DELIVER IN PERSON,4,Manufacturer#3,1-URGENT,0,FURNITURE,MAIL,3,0.08,20,Brand#32,0,WRAP BOX,1,3033,11083.9608
F,F,TAKE BACK RETURN,2,Manufacturer#5,1-URGENT,0,FURNITURE,MAIL,1,0.03,18,Brand#52,0,MED CAN,36,3033,38841.636
F,F,COLLECT COD,1,Manufacturer#5,1-URGENT,0,FURNITURE,RAIL,2,0.02,2,Brand#53,0,JUMBO CASE,24,3033,66419.09
F,F,NONE,2,Manufacturer#3,1-URGENT,0,FURNITURE,SHIP,6,0.01,8,Brand#31,0,MED PKG,3,3033,51756.2496
F,F,COLLECT COD,1,Manufacturer#1,3-MEDIUM,4,AUTOMOBILE,TRUCK,7,0.08,3,Brand#13,13,JUMBO PACK,17,3034,54532.527
F,F,NONE,0,Manufacturer#5,3-MEDIUM,4,AUTOMOBILE,AIR,3,0.07,15,Brand#54,13,JUMBO DRUM,41,3034,17438.1696
F,F,COLLECT COD,4,Manufacturer#3,1-URGENT,3,MACHINERY,RAIL,3,0.08,11,Brand#31,23,MED CASE,20,3035,13719.16
F,F,TAKE BACK RETURN,0,Manufacturer#3,1-URGENT,3,MACHINERY,REG AIR,2,0.03,14,Brand#31,23,MED PKG,21,3035,3487.8872
F,F,DELIVER IN PERSON,3,Manufacturer#3,5-LOW,2,MACHINERY,REG AIR,1,0.02,7,Brand#35,21,SM PACK,30,3036,27615.2976
F,F,TAKE BACK RETURN,4,Manufacturer#2,5-LOW,2,MACHINERY,MAIL,2,0.02,20,Brand#21,21,WRAP CAN,50,3036,30973.7472
F,F,NONE,1,Manufacturer#4,4-NOT SPECIFIED,0,HOUSEHOLD,TRUCK,1,0.05,17,Brand#41,16,SM CASE,37,1106,31301.9784
F,F,TAKE BACK RETURN,1,Manufacturer#4,4-NOT SPECIFIED,4,MACHINERY,TRUCK,2,0.04,17,Brand#44,10,JUMBO BOX,46,3037,15344.6436
F,F,COLLECT COD,1,Manufacturer#3,4-NOT SPECIFIED,4,MACHINERY,REG AIR,1,0.06,24,Brand#32,10,MED PACK,40,3037,63826.035
F,F,NONE,0,Manufacturer#5,4-NOT SPECIFIED,4,MACHINERY,RAIL,3,0.04,15,Brand#52,10,WRAP CASE,28,3037,27397.4851
F,F,DELIVER IN PERSON,2,Manufacturer#4,5-LOW,3,AUTOMOBILE,REG AIR,5,0,21,Brand#44,19,SM BOX,10,507,35063.784
F,F,COLLECT COD,2,Manufacturer#3,1-URGENT,4,HOUSEHOLD,TRUCK,2,0.08,9,Brand#32,10,JUMBO JAR,7,16,35689.7508
F,F,DELIVER IN PERSON,2,Manufacturer#1,1-URGENT,4,HOUSEHOLD,FOB,1,0,18,Brand#12,10,WRAP PACK,32,16,53789.0052
F,F,COLLECT COD,2,Manufacturer#1,5-LOW,3,AUTOMOBILE,FOB,3,0.01,9,Brand#12,19,JUMBO CASE,6,507,56049.943
F,F,DELIVER IN PERSON,1,Manufacturer#2,5-LOW,3,AUTOMOBILE,REG AIR,4,0.04,17,Brand#21,19,MED JAR,18,507,51696.378
F,F,NONE,4,Manufacturer#3,3-MEDIUM,2,BUILDING,REG AIR,2,0.07,4,Brand#31,18,JUMBO BAG,45,3038,936.117
F,F,TAKE BACK RETURN,0,Manufacturer#3,3-MEDIUM,2,BUILDING,MAIL,4,0.08,14,Brand#34,18,SM BAG,33,3038,13219.6792
F,F,COLLECT COD,4,Manufacturer#5,3-MEDIUM,2,BUILDING,SHIP,1,0.05,20,Brand#53,18,WRAP CASE,4,3038,30171.258
F,F,DELIVER IN PERSON,0,Manufacturer#3,4-NOT SPECIFIED,0,AUTOMOBILE,RAIL,1,0.07,15,Brand#33,14,JUMBO CASE,3,3039,41911.566
F,F,COLLECT COD,3,Manufacturer#1,5-LOW,2,MACHINERY,REG AIR,1,0.01,7,Brand#15,8,JUMBO BAG,45,1714,31827.5232
F,F,DELIVER IN PERSON,4,Manufacturer#3,3-MEDIUM,0,MACHINERY,REG AIR,2,0.06,4,Brand#34,16,LG PACK,12,3040,8360.5949
F,F,NONE,1,Manufacturer#5,3-MEDIUM,0,MACHINERY,TRUCK,4,0.04,2,Brand#55,16,LG BOX,14,3040,70022.3328
F,F,COLLECT COD,2,Manufacturer#2,3-MEDIUM,0,MACHINERY,FOB,1,0.03,12,Brand#24,16,WRAP BOX,4,3040,26449.4208
F,F,NONE,4,Manufacturer#2,1-URGENT,4,HOUSEHOLD,REG AIR,1,0,4,Brand#21,13,JUMBO PKG,11,2969,15186.168
F,F,TAKE BACK RETURN,4,Manufacturer#5,3-MEDIUM,3,HOUSEHOLD,AIR,5,0.06,11,Brand#55,6,MED JAR,20,3041,38866.25
F,F,COLLECT COD,0,Manufacturer#4,3-MEDIUM,3,HOUSEHOLD,TRUCK,2,0,0,Brand#44,6,MED CASE,1,3041,62993.88
F,F,TAKE BACK RETURN,3,Manufacturer#4,1-URGENT,0,FURNITURE,TRUCK,2,0.03,22,Brand#45,14,MED DRUM,31,990,50828.5824
F,F,COLLECT COD,3,Manufacturer#1,1-URGENT,4,BUILDING,AIR,3,0.04,7,Brand#14,10,JUMBO BAG,37,865,36750.8352
F,F,TAKE BACK RETURN,0,Manufacturer#2,1-URGENT,4,BUILDING,AIR,1,0.01,0,Brand#21,10,MED JAR,8,865,4358.0936
F,F,DELIVER IN PERSON,1,Manufacturer#3,3-MEDIUM,3,FURNITURE,REG AIR,4,0.02,3,Brand#32,23,JUMBO PACK,16,3042,68168.3904
F,F,NONE,3,Manufacturer#4,3-MEDIUM,3,FURNITURE,MAIL,3,0.07,7,Brand#45,23,MED BAG,9,3042,9198.033
F,F,TAKE BACK RETURN,2,Manufacturer#5,3-MEDIUM,3,FURNITURE,SHIP,1,0.02,21,Brand#55,23,JUMBO BAG,46,3042,31007.97
F,F,COLLECT COD,2,Manufacturer#4,2-HIGH,4,FURNITURE,MAIL,1,0.03,9,Brand#42,10,JUMBO JAR,9,3043,84109.1922
F,F,DELIVER IN PERSON,1,Manufacturer#1,2-HIGH,4,FURNITURE,TRUCK,2,0.05,2,Brand#15,10,JUMBO PKG,41,3043,49390.614
F,F,TAKE BACK RETURN,1,Manufacturer#1,3-MEDIUM,2,AUTOMOBILE,FOB,1,0.02,24,Brand#15,9,LG CAN,4,3044,46075.827
F,F,DELIVER IN PERSON,4,Manufacturer#4,3-MEDIUM,0,BUILDING,MAIL,2,0.07,10,Brand#44,15,LG DRUM,41,3045,22899.76
F,F,DELIVER IN PERSON,1,Manufacturer#4,3-MEDIUM,0,BUILDING,MAIL,1,0.03,17,Brand#43,15,WRAP CASE,24,3045,59390.4
F,F,DELIVER IN PERSON,2,Manufacturer#1,4-NOT SPECIFIED,0,AUTOMOBILE,MAIL,4,0.06,9,Brand#13,14,JUMBO DRUM,42,3039,38026.7019
F,F,TAKE BACK RETURN,1,Manufacturer#1,4-NOT SPECIFIED,2,MACHINERY,TRUCK,2,0.01,2,Brand#14,12,JUMBO JAR,44,3046,7137.467
F,F,NONE,1,Manufacturer#2,4-NOT SPECIFIED,2,MACHINERY,FOB,4,0.04,24,Brand#23,12,LG PKG,31,3046,41042.7864
F,F,NONE,2,Manufacturer#3,4-NOT SPECIFIED,2,MACHINERY,MAIL,1,0.05,8,Brand#31,12,SM CAN,7,3046,60969.32
F,F,TAKE BACK RETURN,3,Manufacturer#3,4-NOT SPECIFIED,3,BUILDING,REG AIR,1,0.05,7,Brand#34,22,LG BAG,39,2034,8095.6224
F,F,NONE,3,Manufacturer#4,5-LOW,1,MACHINERY,FOB,2,0.02,19,Brand#41,24,WRAP CASE,21,249,25397.2992
F,F,TAKE BACK RETURN,0,Manufacturer#1,2-HIGH,3,AUTOMOBILE,TRUCK,2,0.05,14,Brand#14,19,JUMBO BAG,47,3047,53811.189
F,F,DELIVER IN PERSON,1,Manufacturer#3,2-HIGH,3,AUTOMOBILE,REG AIR,1,0.07,2,Brand#34,19,LG JAR,16,3047,31276.566
F,F,TAKE BACK RETURN,2,Manufacturer#1,1-URGENT,4,FURNITURE,MAIL,6,0.03,9,Brand#14,4,SM BOX,7,3048,37109.853
F,F,COLLECT COD,3,Manufacturer#4,2-HIGH,0,AUTOMOBILE,AIR,1,0.02,23,Brand#41,5,WRAP BOX,11,3049,52680.7776
F,F,COLLECT COD,2,Manufacturer#1,2-HIGH,3,AUTOMOBILE,SHIP,4,0,18,Brand#12,6,LG BOX,48,3050,69768.2076
F,F,DELIVER IN PERSON,4,Manufacturer#3,2-HIGH,3,AUTOMOBILE,MAIL,2,0.07,11,Brand#31,6,LG CASE,8,3050,18948.4488
F,F,NONE,3,Manufacturer#4,1-URGENT,4,AUTOMOBILE,FOB,5,0.04,22,Brand#42,20,MED PKG,28,3051,19885.7325
F,F,DELIVER IN PERSON,2,Manufacturer#1,1-URGENT,4,AUTOMOBILE,REG AIR,1,0.03,8,Brand#14,20,MED BAG,30,3051,7701.3072
F,F,COLLECT COD,2,Manufacturer#1,2-HIGH,0,MACHINERY,FOB,4,0,21,Brand#12,15,JUMBO BAG,40,3052,69654.48
F,F,DELIVER IN PERSON,4,Manufacturer#1,2-HIGH,0,MACHINERY,RAIL,5,0.02,11,Brand#11,15,MED PACK,1,3052,2681.8792
F,F,NONE,4,Manufacturer#2,1-URGENT,4,FURNITURE,SHIP,3,0.04,20,Brand#24,4,MED PKG,47,3048,50916.88
F,F,COLLECT COD,3,Manufacturer#2,1-URGENT,4,FURNITURE,REG AIR,7,0.04,23,Brand#23,4,WRAP CASE,22,3048,43112.25
F,F,NONE,1,Manufacturer#3,1-URGENT,4,FURNITURE,RAIL,4,0.04,3,Brand#31,4,MED DRUM,40,3048,39716.8128
F,F,NONE,2,Manufacturer#2,5-LOW,1,MACHINERY,RAIL,1,0.06,18,Brand#24,24,MED BAG,44,249,65065.8318
F,F,DELIVER IN PERSON,4,Manufacturer#2,4-NOT SPECIFIED,4,MACHINERY,RAIL,3,0.01,11,Brand#21,11,JUMBO PKG,5,1795,37644.9678
F,F,DELIVER IN PERSON,2,Manufacturer#3,4-NOT SPECIFIED,4,MACHINERY,REG AIR,1,0.06,21,Brand#33,11,JUMBO BOX,14,1795,10554.424
F,F,NONE,4,Manufacturer#4,4-NOT SPECIFIED,4,MACHINERY,RAIL,2,0.02,20,Brand#44,11,JUMBO DRUM,40,1795,6274.7048
F,F,NONE,2,Manufacturer#2,5-LOW,1,MACHINERY,TRUCK,3,0.08,18,Brand#21,24,LG BOX,44,249,69514.5262
F,F,COLLECT COD,2,Manufacturer#3,5-LOW,1,MACHINERY,TRUCK,5,0.04,21,Brand#33,24,SM PACK,8,249,42028.672
F,F,TAKE BACK RETURN,3,Manufacturer#2,5-LOW,2,AUTOMOBILE,TRUCK,3,0.07,7,Brand#23,9,WRAP PKG,47,3053,50871.9585
F,F,COLLECT COD,3,Manufacturer#1,4-NOT SPECIFIED,3,BUILDING,MAIL,3,0.04,22,Brand#11,7,SM BAG,31,3054,38681.0622
F,F,TAKE BACK RETURN,0,Manufacturer#4,4-NOT SPECIFIED,1,FURNITURE,REG AIR,2,0.06,5,Brand#42,3,WRAP CASE,3,3055,29745.4584
F,F,COLLECT COD,3,Manufacturer#1,4-NOT SPECIFIED,1,FURNITURE,AIR,1,0.04,6,Brand#11,3,LG PACK,1,3055,37495.878
F,F,DELIVER IN PERSON,3,Manufacturer#3,4-NOT SPECIFIED,0,AUTOMOBILE,RAIL,1,0,23,Brand#32,0,JUMBO BOX,48,880,47162.9977
F,F,DELIVER IN PERSON,0,Manufacturer#1,4-NOT SPECIFIED,0,AUTOMOBILE,SHIP,2,0.08,15,Brand#15,0,MED PACK,8,880,3440.8836
F,F,COLLECT COD,1,Manufacturer#3,5-LOW,2,AUTOMOBILE,FOB,2,0.01,24,Brand#34,9,SM BOX,47,3053,29736.5733
F,F,COLLECT COD,3,Manufacturer#3,5-LOW,2,AUTOMOBILE,AIR,4,0.01,23,Brand#33,9,SM PACK,39,3053,3042.33
F,F,TAKE BACK RETURN,4,Manufacturer#4,3-MEDIUM,2,FURNITURE,FOB,1,0,10,Brand#45,21,SM PKG,31,3056,9346.7745
F,F,TAKE BACK RETURN,3,Manufacturer#5,4-NOT SPECIFIED,0,MACHINERY,RAIL,1,0.07,7,Brand#51,0,JUMBO PACK,19,1019,34160.854
F,F,NONE,0,Manufacturer#5,4-NOT SPECIFIED,0,MACHINERY,FOB,4,0.04,5,Brand#54,0,LG PKG,22,1019,18175.608
F,F,NONE,4,Manufacturer#3,4-NOT SPECIFIED,0,MACHINERY,FOB,2,0.04,4,Brand#35,0,SM DRUM,5,1019,50785.1136
F,F,NONE,3,Manufacturer#4,4-NOT SPECIFIED,0,MACHINERY,AIR,5,0.05,7,Brand#45,0,WRAP CAN,4,1019,37903.635
F,F,COLLECT COD,4,Manufacturer#2,5-LOW,3,AUTOMOBILE,MAIL,5,0.02,20,Brand#24,6,SM DRUM,30,3057,58771.1488
F,F,DELIVER IN PERSON,0,Manufacturer#3,5-LOW,3,AUTOMOBILE,RAIL,3,0,5,Brand#33,6,SM CASE,25,3057,66556.8216
F,F,TAKE BACK RETURN,0,Manufacturer#4,5-LOW,3,AUTOMOBILE,AIR,1,0.08,16,Brand#42,6,JUMBO PACK,32,3057,26071.54
F,F,DELIVER IN PERSON,0,Manufacturer#5,5-LOW,3,AUTOMOBILE,REG AIR,4,0.03,16,Brand#53,6,MED JAR,12,3057,1417.0105
F,F,COLLECT COD,4,Manufacturer#5,3-MEDIUM,3,BUILDING,FOB,2,0.05,11,Brand#53,23,JUMBO PKG,43,3058,11595.3849
F,F,DELIVER IN PERSON,4,Manufacturer#4,1-URGENT,0,FURNITURE,RAIL,1,0,11,Brand#41,15,JUMBO CASE,3,3059,15976.986
F,F,DELIVER IN PERSON,2,Manufacturer#2,1-URGENT,0,FURNITURE,AIR,3,0.03,18,Brand#21,15,WRAP BAG,27,3059,28100.9916
F,F,COLLECT COD,2,Manufacturer#3,1-URGENT,0,FURNITURE,FOB,5,0,12,Brand#32,15,LG JAR,3,3059,29782.2492
F,F,COLLECT COD,4,Manufacturer#2,3-MEDIUM,2,MACHINERY,MAIL,1,0.07,20,Brand#24,8,SM CASE,26,3060,15003.729
F,F,TAKE BACK RETURN,2,Manufacturer#4,1-URGENT,1,AUTOMOBILE,FOB,1,0.03,12,Brand#44,1,LG CASE,37,785,887.472
F,F,COLLECT COD,3,Manufacturer#2,1-URGENT,1,AUTOMOBILE,SHIP,2,0.03,6,Brand#25,1,WRAP BOX,50,785,32066.1768
F,F,DELIVER IN PERSON,0,Manufacturer#5,1-URGENT,3,AUTOMOBILE,TRUCK,1,0.03,14,Brand#53,22,WRAP JAR,40,3061,32792.6144
F,F,NONE,4,Manufacturer#3,5-LOW,4,AUTOMOBILE,AIR,3,0.04,13,Brand#34,4,JUMBO CAN,48,1679,35207.6472
F,F,DELIVER IN PERSON,4,Manufacturer#3,5-LOW,4,AUTOMOBILE,SHIP,1,0.02,4,Brand#35,4,JUMBO DRUM,35,1679,75636.8064
F,F,DELIVER IN PERSON,3,Manufacturer#1,5-LOW,4,AUTOMOBILE,SHIP,5,0.01,6,Brand#14,4,WRAP PKG,4,1679,46864.7956
F,F,COLLECT COD,0,Manufacturer#4,5-LOW,4,AUTOMOBILE,RAIL,2,0.06,14,Brand#44,4,SM BOX,44,1679,3348.8091
F,F,DELIVER IN PERSON,4,Manufacturer#4,2-HIGH,3,AUTOMOBILE,FOB,2,0.03,13,Brand#44,7,MED BAG,14,3062,25659.1863
F,F,NONE,1,Manufacturer#1,3-MEDIUM,4,HOUSEHOLD,AIR,2,0,1,Brand#12,20,MED PACK,14,3063,8238.528
F,F,NONE,1,Manufacturer#2,3-MEDIUM,4,HOUSEHOLD,MAIL,3,0.06,24,Brand#25,20,LG PKG,8,3063,58021.11
F,F,COLLECT COD,2,Manufacturer#3,3-MEDIUM,0,BUILDING,AIR,2,0.06,12,Brand#32,0,LG PACK,21,1601,37264.2696
F,F,NONE,2,Manufacturer#1,2-HIGH,4,AUTOMOBILE,TRUCK,1,0.04,12,Brand#13,10,SM CASE,40,3064,69484.9128
F,F,TAKE BACK RETURN,0,Manufacturer#1,2-HIGH,4,AUTOMOBILE,SHIP,3,0.01,15,Brand#12,10,MED PKG,8,3064,41665.2912
F,F,COLLECT COD,1,Manufacturer#4,1-URGENT,3,FURNITURE,FOB,3,0,17,Brand#42,23,JUMBO BOX,35,3065,56810.544
F,F,NONE,3,Manufacturer#4,1-URGENT,3,FURNITURE,AIR,2,0.03,7,Brand#45,23,JUMBO DRUM,48,3065,35019.432
F,F,DELIVER IN PERSON,0,Manufacturer#1,1-URGENT,3,FURNITURE,SHIP,6,0.05,5,Brand#11,23,JUMBO BAG,33,3065,34022.1
F,F,COLLECT COD,3,Manufacturer#2,4-NOT SPECIFIED,2,HOUSEHOLD,SHIP,3,0.08,7,Brand#22,12,WRAP CAN,14,3066,3640.552
F,F,COLLECT COD,3,Manufacturer#4,4-NOT SPECIFIED,2,HOUSEHOLD,REG AIR,2,0.03,7,Brand#41,12,SM DRUM,10,3066,2025.042
F,F,COLLECT COD,3,Manufacturer#4,4-NOT SPECIFIED,2,HOUSEHOLD,SHIP,1,0.04,19,Brand#44,12,JUMBO BAG,48,3066,37442.592
F,F,NONE,3,Manufacturer#1,4-NOT SPECIFIED,2,HOUSEHOLD,TRUCK,6,0.02,6,Brand#14,12,LG BOX,7,3066,56736.4434
F,F,COLLECT COD,4,Manufacturer#5,4-NOT SPECIFIED,3,BUILDING,RAIL,3,0.03,20,Brand#54,6,LG DRUM,26,2707,27317.9088
F,F,NONE,2,Manufacturer#4,4-NOT SPECIFIED,3,BUILDING,MAIL,1,0.08,8,Brand#44,6,WRAP BOX,13,2707,50650.7463
F,F,DELIVER IN PERSON,4,Manufacturer#4,2-HIGH,3,AUTOMOBILE,FOB,2,0.02,20,Brand#45,23,SM DRUM,31,3067,74552.478
F,F,NONE,0,Manufacturer#2,1-URGENT,3,BUILDING,RAIL,2,0.02,5,Brand#21,6,JUMBO CAN,8,1811,49865.4981
F,F,COLLECT COD,4,Manufacturer#5,5-LOW,1,AUTOMOBILE,AIR,1,0.07,20,Brand#54,2,MED DRUM,34,3068,50389.6302
F,F,COLLECT COD,0,Manufacturer#2,5-LOW,1,AUTOMOBILE,FOB,3,0.01,16,Brand#21,2,WRAP JAR,16,3068,25888.0622
F,F,NONE,0,Manufacturer#4,3-MEDIUM,0,MACHINERY,FOB,2,0.01,15,Brand#44,15,WRAP CAN,41,1639,53183.4336
F,F,TAKE BACK RETURN,3,Manufacturer#5,3-MEDIUM,0,MACHINERY,FOB,4,0.02,19,Brand#53,15,LG BAG,39,1639,6156.9872
F,F,TAKE BACK RETURN,3,Manufacturer#1,3-MEDIUM,0,MACHINERY,MAIL,1,0.02,22,Brand#15,15,SM BAG,20,1639,10176.7512
F,F,NONE,4,Manufacturer#2,1-URGENT,2,AUTOMOBILE,TRUCK,7,0.04,10,Brand#25,18,JUMBO CASE,50,2753,23327.8578
F,F,TAKE BACK RETURN,0,Manufacturer#4,4-NOT SPECIFIED,1,AUTOMOBILE,MAIL,1,0.05,0,Brand#42,1,WRAP BAG,19,3069,26235.9
F,F,DELIVER IN PERSON,0,Manufacturer#5,4-NOT SPECIFIED,1,HOUSEHOLD,SHIP,3,0.04,0,Brand#55,3,LG DRUM,35,2404,10440.0219
F,F,COLLECT COD,4,Manufacturer#5,4-NOT SPECIFIED,1,HOUSEHOLD,MAIL,2,0.03,20,Brand#54,3,MED PKG,38,2404,48821.184
F,F,DELIVER IN PERSON,4,Manufacturer#2,4-NOT SPECIFIED,1,HOUSEHOLD,AIR,6,0.08,13,Brand#23,3,MED BAG,5,2404,28366.506
F,F,NONE,3,Manufacturer#2,4-NOT SPECIFIED,1,HOUSEHOLD,RAIL,1,0.01,7,Brand#23,3,LG CAN,13,2404,32919.3216
F,F,COLLECT COD,4,Manufacturer#3,4-NOT SPECIFIED,1,AUTOMOBILE,AIR,2,0.05,13,Brand#31,2,WRAP PKG,37,3070,18869.6728
F,F,NONE,2,Manufacturer#4,4-NOT SPECIFIED,1,AUTOMOBILE,MAIL,5,0.04,18,Brand#43,2,SM JAR,11,3070,21315.648
F,F,NONE,2,Manufacturer#3,1-URGENT,0,FURNITURE,SHIP,5,0,12,Brand#35,15,SM CAN,48,3059,74695.502
F,F,DELIVER IN PERSON,2,Manufacturer#2,1-URGENT,0,FURNITURE,SHIP,6,0,9,Brand#21,15,WRAP PACK,36,3059,59913.9
F,F,COLLECT COD,4,Manufacturer#3,1-URGENT,0,FURNITURE,RAIL,2,0.03,10,Brand#32,15,WRAP CAN,20,3059,35975.313
F,F,COLLECT COD,1,Manufacturer#5,1-URGENT,0,FURNITURE,FOB,4,0,3,Brand#53,15,MED CASE,8,3059,22826.7585
F,F,COLLECT COD,2,Manufacturer#3,5-LOW,2,AUTOMOBILE,FOB,1,0.02,8,Brand#31,21,JUMBO PACK,9,3071,53517.15
F,F,DELIVER IN PERSON,0,Manufacturer#4,5-LOW,2,AUTOMOBILE,AIR,2,0.01,5,Brand#42,21,WRAP JAR,11,3071,61177.088
F,F,TAKE BACK RETURN,4,Manufacturer#3,3-MEDIUM,1,BUILDING,AIR,3,0.01,10,Brand#35,2,JUMBO CASE,2,3027,1434.6459
F,F,DELIVER IN PERSON,0,Manufacturer#4,3-MEDIUM,1,BUILDING,MAIL,4,0.06,15,Brand#44,2,MED CASE,47,3027,65870.0832
F,F,COLLECT COD,1,Manufacturer#3,3-MEDIUM,1,BUILDING,AIR,6,0.04,3,Brand#33,2,LG JAR,41,3027,7957.17
F,F,DELIVER IN PERSON,3,Manufacturer#2,3-MEDIUM,1,BUILDING,TRUCK,2,0.04,19,Brand#24,2,LG DRUM,28,3027,18597.249
F,F,COLLECT COD,2,Manufacturer#4,2-HIGH,1,AUTOMOBILE,TRUCK,1,0.02,18,Brand#42,17,MED BOX,8,1082,51592.4234
F,F,DELIVER IN PERSON,4,Manufacturer#5,1-URGENT,2,AUTOMOBILE,AIR,5,0,11,Brand#52,18,SM CAN,29,2753,35504.6635
F,F,NONE,0,Manufacturer#5,1-URGENT,2,AUTOMOBILE,FOB,1,0.04,14,Brand#52,18,MED CAN,23,2753,22088.1408
F,F,NONE,1,Manufacturer#2,1-URGENT,2,AUTOMOBILE,FOB,6,0.06,17,Brand#22,18,JUMBO CAN,47,2753,37831.47
F,F,NONE,0,Manufacturer#2,5-LOW,3,FURNITURE,REG AIR,1,0.03,0,Brand#21,6,SM JAR,21,3023,59390.2764
F,F,COLLECT COD,2,Manufacturer#1,1-URGENT,1,FURNITURE,MAIL,1,0.02,9,Brand#14,1,SM BAG,16,1372,10593.55
F,F,COLLECT COD,0,Manufacturer#4,4-NOT SPECIFIED,4,BUILDING,AIR,3,0.04,16,Brand#45,11,JUMBO CAN,37,1239,26888.559
F,F,NONE,2,Manufacturer#5,5-LOW,3,MACHINERY,MAIL,1,0.02,8,Brand#55,19,LG DRUM,22,3072,36906.66
F,F,NONE,2,Manufacturer#5,5-LOW,3,MACHINERY,SHIP,3,0,21,Brand#54,19,SM PACK,15,3072,12195.2736
F,F,NONE,1,Manufacturer#1,5-LOW,3,MACHINERY,TRUCK,4,0.08,2,Brand#13,19,LG DRUM,15,3072,5535.9024
F,F,NONE,3,Manufacturer#5,4-NOT SPECIFIED,2,MACHINERY,RAIL,1,0.03,19,Brand#53,12,JUMBO JAR,47,1928,49572.567
F,F,COLLECT COD,0,Manufacturer#1,4-NOT SPECIFIED,2,MACHINERY,TRUCK,6,0.08,0,Brand#11,12,JUMBO DRUM,21,1928,53784.64
F,F,TAKE BACK RETURN,1,Manufacturer#3,4-NOT SPECIFIED,4,BUILDING,TRUCK,1,0,1,Brand#35,11,JUMBO CAN,21,1239,22695.7824
F,F,DELIVER IN PERSON,2,Manufacturer#1,2-HIGH,2,FURNITURE,SHIP,3,0.01,18,Brand#11,9,SM BAG,35,416,15304.4346
F,F,COLLECT COD,1,Manufacturer#3,3-MEDIUM,3,MACHINERY,RAIL,1,0.04,24,Brand#31,22,LG PKG,46,3073,9906.624
F,F,TAKE BACK RETURN,0,Manufacturer#3,3-MEDIUM,3,MACHINERY,REG AIR,2,0.06,5,Brand#31,22,WRAP CASE,34,3073,71703.4752
F,F,NONE,0,Manufacturer#3,4-NOT SPECIFIED,0,MACHINERY,AIR,3,0.05,16,Brand#33,15,LG DRUM,7,3074,41452.8724
F,F,COLLECT COD,3,Manufacturer#2,2-HIGH,2,HOUSEHOLD,TRUCK,2,0.07,19,Brand#23,12,MED CASE,12,3066,63006.3168
F,F,DELIVER IN PERSON,0,Manufacturer#4,2-HIGH,2,HOUSEHOLD,RAIL,4,0.01,0,Brand#43,12,WRAP CAN,15,3066,58736.0565
F,F,DELIVER IN PERSON,2,Manufacturer#3,2-HIGH,2,HOUSEHOLD,TRUCK,1,0.03,18,Brand#31,12,MED CAN,43,3066,24432.408
F,F,TAKE BACK RETURN,0,Manufacturer#5,2-HIGH,2,HOUSEHOLD,SHIP,3,0.08,0,Brand#54,12,MED BOX,49,3066,64921.0408
F,F,TAKE BACK RETURN,1,Manufacturer#3,2-HIGH,1,HOUSEHOLD,RAIL,5,0.07,2,Brand#32,1,MED PKG,3,3075,14071.6576
F,F,TAKE BACK RETURN,0,Manufacturer#2,2-HIGH,1,HOUSEHOLD,MAIL,3,0.02,15,Brand#22,1,MED JAR,17,3075,59849.5696
F,F,COLLECT COD,1,Manufacturer#4,5-LOW,1,AUTOMOBILE,SHIP,3,0.08,17,Brand#45,1,SM JAR,11,3076,39954.1595
F,F,TAKE BACK RETURN,2,Manufacturer#3,5-LOW,1,HOUSEHOLD,TRUCK,4,0.03,12,Brand#33,24,WRAP PACK,11,3077,25702.7953
F,F,NONE,4,Manufacturer#3,5-LOW,1,HOUSEHOLD,REG AIR,2,0.02,4,Brand#33,24,MED PKG,20,3077,34273.8432
F,F,NONE,0,Manufacturer#1,5-LOW,1,HOUSEHOLD,TRUCK,3,0.06,15,Brand#14,24,SM DRUM,32,3077,41948.01
F,F,NONE,2,Manufacturer#4,2-HIGH,4,FURNITURE,TRUCK,3,0.03,9,Brand#45,4,WRAP BOX,39,3078,8806.595
F,F,TAKE BACK RETURN,4,Manufacturer#3,2-HIGH,4,FURNITURE,AIR,4,0.01,13,Brand#34,4,WRAP BAG,22,3078,30410.8992
F,F,TAKE BACK RETURN,3,Manufacturer#4,2-HIGH,4,FURNITURE,TRUCK,2,0.02,23,Brand#42,4,MED BAG,14,3078,40211.447
F,F,TAKE BACK RETURN,3,Manufacturer#5,5-LOW,0,AUTOMOBILE,TRUCK,2,0.05,7,Brand#55,15,MED JAR,44,3079,57153.9456
F,F,TAKE BACK RETURN,2,Manufacturer#4,5-LOW,1,AUTOMOBILE,REG AIR,4,0.01,12,Brand#43,1,LG BAG,49,3076,5980.4745
F,F,NONE,1,Manufacturer#1,3-MEDIUM,0,BUILDING,SHIP,1,0.05,24,Brand#13,0,JUMBO PACK,14,1601,57944.208
F,F,DELIVER IN PERSON,0,Manufacturer#3,5-LOW,1,MACHINERY,REG AIR,1,0.07,0,Brand#32,1,WRAP CASE,6,1438,19391.9264
F,F,DELIVER IN PERSON,2,Manufacturer#5,5-LOW,1,MACHINERY,REG AIR,4,0.01,21,Brand#51,1,JUMBO BOX,20,1438,14671.608
F,F,TAKE BACK RETURN,3,Manufacturer#1,3-MEDIUM,0,BUILDING,AIR,2,0.04,22,Brand#11,0,LG JAR,47,1601,31745.3136
F,F,NONE,0,Manufacturer#3,5-LOW,3,HOUSEHOLD,MAIL,6,0.07,16,Brand#31,22,WRAP PKG,50,1905,39249.9442
F,F,COLLECT COD,4,Manufacturer#1,3-MEDIUM,1,BUILDING,FOB,1,0.08,11,Brand#14,24,LG JAR,30,1344,11584.9622
F,F,TAKE BACK RETURN,3,Manufacturer#3,3-MEDIUM,1,BUILDING,MAIL,2,0,22,Brand#33,24,LG PACK,6,1344,7931.3472
F,F,NONE,4,Manufacturer#1,1-URGENT,2,MACHINERY,REG AIR,3,0.01,10,Brand#15,8,MED JAR,33,3080,5962.941
F,F,NONE,4,Manufacturer#3,1-URGENT,2,MACHINERY,REG AIR,2,0,11,Brand#33,8,SM PACK,7,3080,43254.7056
F,F,DELIVER IN PERSON,2,Manufacturer#4,1-URGENT,2,MACHINERY,RAIL,1,0.02,12,Brand#43,8,WRAP CASE,21,3080,14741.9636
F,F,DELIVER IN PERSON,3,Manufacturer#3,3-MEDIUM,1,HOUSEHOLD,FOB,4,0.04,22,Brand#31,2,WRAP PKG,4,3081,35129.86
F,F,TAKE BACK RETURN,4,Manufacturer#3,3-MEDIUM,1,HOUSEHOLD,RAIL,6,0.03,4,Brand#34,2,LG CASE,28,3081,48708.7872
F,F,COLLECT COD,0,Manufacturer#3,3-MEDIUM,1,HOUSEHOLD,REG AIR,5,0.05,15,Brand#34,2,LG DRUM,37,3081,43175.448
F,F,DELIVER IN PERSON,3,Manufacturer#4,3-MEDIUM,1,HOUSEHOLD,MAIL,1,0.07,19,Brand#41,2,MED CASE,47,3081,8990.9919
F,F,COLLECT COD,1,Manufacturer#4,1-URGENT,0,HOUSEHOLD,RAIL,1,0.01,3,Brand#44,14,WRAP CAN,29,1791,33755.76
F,F,COLLECT COD,3,Manufacturer#5,3-MEDIUM,4,HOUSEHOLD,RAIL,4,0,22,Brand#53,10,WRAP PKG,24,1222,65195.136
F,F,COLLECT COD,3,Manufacturer#2,3-MEDIUM,4,HOUSEHOLD,MAIL,3,0.02,19,Brand#22,10,WRAP JAR,15,1222,40959.1182
F,F,NONE,1,Manufacturer#5,3-MEDIUM,4,HOUSEHOLD,MAIL,2,0.02,2,Brand#53,10,JUMBO BAG,19,2769,57893.209
F,F,TAKE BACK RETURN,2,Manufacturer#2,3-MEDIUM,4,HOUSEHOLD,MAIL,5,0.08,12,Brand#24,10,MED CAN,11,2769,15316.9984
F,F,NONE,1,Manufacturer#2,3-MEDIUM,4,HOUSEHOLD,AIR,3,0.05,1,Brand#22,10,MED DRUM,25,2769,29940.8296
F,F,COLLECT COD,0,Manufacturer#4,5-LOW,3,HOUSEHOLD,RAIL,2,0.08,15,Brand#45,22,SM JAR,15,1905,20582.1
F,F,NONE,1,Manufacturer#2,5-LOW,3,HOUSEHOLD,TRUCK,7,0.08,3,Brand#21,22,JUMBO PKG,38,1905,61820.1176
F,F,COLLECT COD,4,Manufacturer#2,5-LOW,3,HOUSEHOLD,RAIL,5,0.07,11,Brand#23,22,LG CAN,7,1905,12584.935
F,F,TAKE BACK RETURN,2,Manufacturer#1,5-LOW,3,HOUSEHOLD,AIR,4,0.04,12,Brand#14,22,MED BAG,47,1905,61956.9216
F,F,NONE,2,Manufacturer#2,5-LOW,3,HOUSEHOLD,REG AIR,1,0.04,9,Brand#23,22,WRAP JAR,16,1905,51595.2752
F,F,TAKE BACK RETURN,1,Manufacturer#5,4-NOT SPECIFIED,4,BUILDING,AIR,1,0.08,24,Brand#51,10,JUMBO CASE,34,3082,32270.1288
F,F,DELIVER IN PERSON,4,Manufacturer#4,4-NOT SPECIFIED,4,BUILDING,TRUCK,2,0,4,Brand#45,10,WRAP BAG,34,3082,50524.8653
F,F,NONE,4,Manufacturer#1,3-MEDIUM,2,AUTOMOBILE,REG AIR,6,0.02,4,Brand#15,21,SM CAN,42,3083,17403.771
F,F,DELIVER IN PERSON,4,Manufacturer#1,3-MEDIUM,2,AUTOMOBILE,SHIP,4,0.03,20,Brand#13,21,LG CAN,28,3083,35666.984
F,F,TAKE BACK RETURN,0,Manufacturer#1,3-MEDIUM,2,AUTOMOBILE,RAIL,3,0.08,16,Brand#11,21,SM CASE,25,3083,16520.2744
F,F,TAKE BACK RETURN,3,Manufacturer#2,3-MEDIUM,2,AUTOMOBILE,TRUCK,1,0.02,7,Brand#24,21,JUMBO PKG,12,3083,28151.2341
F,F,COLLECT COD,4,Manufacturer#5,3-MEDIUM,3,MACHINERY,MAIL,1,0.01,20,Brand#55,6,LG PACK,44,864,30093.6048
F,F,COLLECT COD,2,Manufacturer#3,3-MEDIUM,4,BUILDING,TRUCK,6,0.04,18,Brand#32,10,MED PKG,10,3084,47151.5
F,F,COLLECT COD,3,Manufacturer#1,3-MEDIUM,4,BUILDING,REG AIR,2,0.06,23,Brand#13,10,JUMBO CAN,10,3084,40963.8096
F,F,NONE,2,Manufacturer#2,5-LOW,1,MACHINERY,FOB,2,0.02,18,Brand#24,2,MED PACK,17,3085,15806.6
F,F,TAKE BACK RETURN,4,Manufacturer#5,2-HIGH,4,FURNITURE,SHIP,1,0.01,13,Brand#51,11,LG BOX,37,3086,32812.2
F,F,NONE,3,Manufacturer#3,3-MEDIUM,2,MACHINERY,RAIL,4,0.02,7,Brand#34,12,JUMBO JAR,14,2,71744.8984
F,F,NONE,1,Manufacturer#5,3-MEDIUM,2,MACHINERY,AIR,5,0.04,17,Brand#55,12,WRAP PACK,4,2,60595.5208
F,F,COLLECT COD,4,Manufacturer#2,3-MEDIUM,2,MACHINERY,TRUCK,3,0.06,20,Brand#22,12,MED PACK,7,2,29619.5427
F,F,TAKE BACK RETURN,4,Manufacturer#4,3-MEDIUM,2,MACHINERY,FOB,1,0.05,4,Brand#44,12,MED PKG,6,2,32344.7628
F,F,NONE,2,Manufacturer#1,1-URGENT,4,HOUSEHOLD,TRUCK,1,0.05,8,Brand#13,13,WRAP BAG,13,3087,5346.304
F,F,TAKE BACK RETURN,2,Manufacturer#4,1-URGENT,4,HOUSEHOLD,SHIP,4,0.01,8,Brand#42,13,MED BAG,14,3087,13222.3707
F,F,COLLECT COD,2,Manufacturer#5,2-HIGH,1,BUILDING,AIR,5,0.08,18,Brand#51,17,SM PACK,17,1658,2713.8111
F,F,DELIVER IN PERSON,3,Manufacturer#4,2-HIGH,1,BUILDING,TRUCK,6,0.03,19,Brand#43,17,SM BOX,49,1658,76654.896
F,F,TAKE BACK RETURN,3,Manufacturer#2,2-HIGH,1,BUILDING,FOB,4,0,19,Brand#23,17,LG DRUM,17,1658,1699.2751
F,F,COLLECT COD,0,Manufacturer#4,5-LOW,2,FURNITURE,TRUCK,5,0,15,Brand#45,9,JUMBO CASE,50,1118,55386.8351
F,F,COLLECT COD,4,Manufacturer#4,5-LOW,2,FURNITURE,AIR,1,0.07,13,Brand#44,9,MED CAN,41,1118,3892.0512
F,F,NONE,2,Manufacturer#2,5-LOW,0,HOUSEHOLD,FOB,2,0.02,12,Brand#25,14,MED DRUM,9,476,50274.6189
F,F,TAKE BACK RETURN,2,Manufacturer#2,2-HIGH,0,MACHINERY,TRUCK,3,0.03,18,Brand#21,15,SM BAG,41,3088,62321.1498
F,F,TAKE BACK RETURN,1,Manufacturer#4,2-HIGH,0,MACHINERY,TRUCK,2,0,3,Brand#43,15,LG PKG,6,3088,41186.718
F,F,NONE,3,Manufacturer#3,2-HIGH,0,HOUSEHOLD,MAIL,1,0.02,23,Brand#33,5,SM PKG,6,3089,9640.2
F,F,COLLECT COD,0,Manufacturer#2,2-HIGH,0,HOUSEHOLD,REG AIR,5,0.06,15,Brand#21,5,LG BOX,10,3089,31550.98
F,F,COLLECT COD,3,Manufacturer#2,2-HIGH,0,HOUSEHOLD,FOB,2,0.06,23,Brand#21,5,MED PACK,16,3089,54174.7192
F,F,TAKE BACK RETURN,1,Manufacturer#3,2-HIGH,0,HOUSEHOLD,AIR,3,0.04,2,Brand#33,5,MED BAG,35,3089,33128.6256
F,F,DELIVER IN PERSON,0,Manufacturer#4,3-MEDIUM,1,AUTOMOBILE,TRUCK,3,0,16,Brand#43,2,WRAP PKG,17,3090,60419.2336
F,F,DELIVER IN PERSON,4,Manufacturer#3,3-MEDIUM,1,AUTOMOBILE,FOB,2,0.04,10,Brand#32,2,LG CAN,43,3090,44349.228
F,F,COLLECT COD,2,Manufacturer#4,4-NOT SPECIFIED,2,BUILDING,REG AIR,4,0.06,9,Brand#44,8,LG PKG,5,2270,36767.679
F,F,DELIVER IN PERSON,3,Manufacturer#2,5-LOW,1,BUILDING,RAIL,5,0.03,23,Brand#22,2,JUMBO PACK,22,2188,13611.0051
F,F,NONE,3,Manufacturer#3,5-LOW,1,BUILDING,SHIP,4,0.03,22,Brand#32,2,MED CAN,6,2188,1800.88
F,F,TAKE BACK RETURN,1,Manufacturer#2,5-LOW,1,BUILDING,FOB,1,0.02,3,Brand#24,2,MED CAN,41,2188,55202.3836
F,F,NONE,1,Manufacturer#3,5-LOW,1,BUILDING,TRUCK,2,0.07,3,Brand#31,2,LG DRUM,29,2188,31987.0692
F,F,NONE,3,Manufacturer#1,3-MEDIUM,4,BUILDING,SHIP,3,0.02,6,Brand#14,13,SM BOX,20,3091,52084.76
F,F,COLLECT COD,1,Manufacturer#2,3-MEDIUM,4,BUILDING,FOB,2,0.02,24,Brand#25,13,JUMBO PACK,27,3091,42092.64
F,F,NONE,4,Manufacturer#4,3-MEDIUM,4,BUILDING,SHIP,6,0.04,13,Brand#45,13,SM BAG,32,3091,52180.935
F,F,COLLECT COD,2,Manufacturer#3,3-MEDIUM,4,BUILDING,REG AIR,1,0.02,18,Brand#32,13,WRAP CAN,25,3091,45466.8786
F,F,NONE,3,Manufacturer#1,1-URGENT,3,MACHINERY,MAIL,2,0.04,7,Brand#12,19,SM BOX,25,3092,17652.824
F,F,COLLECT COD,0,Manufacturer#1,3-MEDIUM,4,FURNITURE,SHIP,2,0,14,Brand#13,11,LG CASE,47,1090,21524.478
F,F,DELIVER IN PERSON,2,Manufacturer#5,4-NOT SPECIFIED,2,BUILDING,MAIL,3,0.04,21,Brand#52,8,SM CASE,1,2270,30700.9885
F,F,NONE,1,Manufacturer#2,4-NOT SPECIFIED,2,BUILDING,TRUCK,1,0.06,2,Brand#21,8,MED BAG,24,2270,57167.3784
F,F,DELIVER IN PERSON,3,Manufacturer#3,4-NOT SPECIFIED,2,BUILDING,MAIL,2,0.01,19,Brand#33,8,WRAP JAR,19,2270,60381.0536
F,F,DELIVER IN PERSON,1,Manufacturer#5,2-HIGH,1,BUILDING,MAIL,1,0.01,1,Brand#54,17,WRAP PACK,43,3093,62446.93
F,F,DELIVER IN PERSON,0,Manufacturer#5,1-URGENT,0,MACHINERY,FOB,1,0.01,14,Brand#55,0,WRAP BOX,23,3094,14171.94
F,F,TAKE BACK RETURN,1,Manufacturer#2,1-URGENT,0,MACHINERY,SHIP,4,0.01,24,Brand#25,0,LG PKG,44,3094,10877.8032
F,F,NONE,0,Manufacturer#4,1-URGENT,0,MACHINERY,FOB,3,0.02,15,Brand#42,0,WRAP BAG,8,3094,5113.9044
F,F,COLLECT COD,1,Manufacturer#3,1-URGENT,0,MACHINERY,RAIL,2,0.04,17,Brand#34,0,JUMBO BOX,4,3094,22778.3244
F,F,TAKE BACK RETURN,1,Manufacturer#3,4-NOT SPECIFIED,4,FURNITURE,MAIL,1,0.02,3,Brand#33,13,LG PACK,13,3095,59679.342
F,F,COLLECT COD,2,Manufacturer#2,1-URGENT,1,AUTOMOBILE,REG AIR,7,0,9,Brand#21,17,MED DRUM,10,3096,65628.8919
F,F,COLLECT COD,0,Manufacturer#5,2-HIGH,4,MACHINERY,SHIP,1,0.04,5,Brand#52,10,MED JAR,12,3097,12319.0947
F,F,COLLECT COD,1,Manufacturer#1,2-HIGH,3,FURNITURE,FOB,2,0.04,1,Brand#11,23,WRAP PACK,23,3098,11952.3492
F,F,NONE,4,Manufacturer#1,1-URGENT,1,AUTOMOBILE,FOB,6,0.07,13,Brand#14,17,SM CAN,39,3096,40604.928
F,F,TAKE BACK RETURN,3,Manufacturer#4,1-URGENT,1,AUTOMOBILE,REG AIR,1,0.02,22,Brand#42,17,SM CAN,45,3096,41301.0724
F,F,DELIVER IN PERSON,0,Manufacturer#1,1-URGENT,3,HOUSEHOLD,SHIP,2,0.07,15,Brand#13,19,MED PKG,48,3099,10748.3904
F,F,COLLECT COD,4,Manufacturer#1,4-NOT SPECIFIED,3,MACHINERY,MAIL,1,0.02,11,Brand#11,23,LG JAR,40,2262,14621.4705
F,F,DELIVER IN PERSON,0,Manufacturer#5,1-URGENT,1,AUTOMOBILE,FOB,3,0.03,14,Brand#55,17,JUMBO PKG,34,3096,7218.6114
F,F,NONE,1,Manufacturer#1,2-HIGH,0,BUILDING,RAIL,2,0,17,Brand#13,15,WRAP DRUM,47,1671,4685.3425
F,F,COLLECT COD,0,Manufacturer#3,2-HIGH,0,BUILDING,MAIL,1,0.02,16,Brand#33,15,JUMBO BOX,35,1671,34928.7844
F,F,COLLECT COD,3,Manufacturer#3,1-URGENT,2,BUILDING,AIR,4,0.06,7,Brand#33,8,JUMBO PKG,15,3100,33105.1644
F,F,NONE,1,Manufacturer#3,1-URGENT,2,BUILDING,REG AIR,7,0.07,24,Brand#32,8,LG PACK,11,3100,35514.8772
F,F,NONE,4,Manufacturer#1,1-URGENT,2,BUILDING,TRUCK,1,0.06,20,Brand#14,8,JUMBO BAG,26,3100,6289.2648
F,F,NONE,1,Manufacturer#5,3-MEDIUM,1,FURNITURE,TRUCK,4,0.05,24,Brand#54,3,LG DRUM,33,3101,69192.192
F,F,NONE,3,Manufacturer#2,1-URGENT,3,HOUSEHOLD,MAIL,3,0.01,22,Brand#25,19,JUMBO CASE,50,3099,89722.53
F,F,DELIVER IN PERSON,3,Manufacturer#4,3-MEDIUM,1,FURNITURE,SHIP,2,0.04,22,Brand#44,3,WRAP PACK,39,3101,25346.178
F,F,DELIVER IN PERSON,4,Manufacturer#2,3-MEDIUM,1,FURNITURE,AIR,3,0.02,4,Brand#22,3,JUMBO PKG,13,3101,63705.264
F,F,COLLECT COD,2,Manufacturer#2,1-URGENT,0,BUILDING,AIR,4,0.03,21,Brand#22,14,JUMBO PACK,38,1604,16248.0472
F,F,NONE,2,Manufacturer#3,5-LOW,0,AUTOMOBILE,FOB,1,0.01,8,Brand#35,0,WRAP CASE,28,3102,65173.5084
F,F,NONE,0,Manufacturer#5,5-LOW,0,AUTOMOBILE,TRUCK,4,0.03,14,Brand#53,0,SM JAR,3,3102,6791.9488
F,F,COLLECT COD,2,Manufacturer#1,5-LOW,0,AUTOMOBILE,FOB,3,0.06,12,Brand#13,0,SM CAN,11,3102,25678.2708
F,F,DELIVER IN PERSON,4,Manufacturer#4,5-LOW,0,AUTOMOBILE,SHIP,2,0,10,Brand#44,0,JUMBO PACK,40,3102,26877.984
F,F,TAKE BACK RETURN,1,Manufacturer#3,2-HIGH,1,FURNITURE,RAIL,3,0.07,1,Brand#34,1,SM BOX,13,3103,52283.5584
F,F,DELIVER IN PERSON,0,Manufacturer#2,2-HIGH,1,FURNITURE,RAIL,2,0.01,0,Brand#25,1,SM CAN,4,3103,21308.88
F,F,COLLECT COD,4,Manufacturer#3,2-HIGH,1,FURNITURE,MAIL,4,0.03,20,Brand#33,1,WRAP CAN,34,3103,5839.098
F,F,TAKE BACK RETURN,4,Manufacturer#5,1-URGENT,4,MACHINERY,AIR,1,0.03,4,Brand#52,10,LG BAG,14,3104,45040.26
F,F,TAKE BACK RETURN,3,Manufacturer#1,4-NOT SPECIFIED,2,FURNITURE,AIR,3,0,19,Brand#15,12,SM PACK,44,820,60719.1858
F,F,NONE,0,Manufacturer#2,2-HIGH,4,AUTOMOBILE,FOB,1,0,14,Brand#21,10,MED CAN,27,357,59282.035
F,F,COLLECT COD,0,Manufacturer#3,3-MEDIUM,2,HOUSEHOLD,SHIP,1,0.05,15,Brand#34,12,LG BOX,38,2559,65765.4644
F,F,COLLECT COD,0,Manufacturer#2,3-MEDIUM,2,HOUSEHOLD,FOB,3,0.02,14,Brand#22,12,JUMBO BAG,26,2559,23901.5136
F,F,NONE,0,Manufacturer#1,1-URGENT,3,HOUSEHOLD,AIR,2,0.05,5,Brand#11,23,JUMBO PKG,7,1948,53417.706
F,F,TAKE BACK RETURN,2,Manufacturer#2,5-LOW,0,MACHINERY,TRUCK,1,0.06,9,Brand#25,14,MED CAN,47,3105,51919.7835
F,F,NONE,2,Manufacturer#3,5-LOW,0,MACHINERY,REG AIR,2,0.01,18,Brand#34,14,JUMBO CASE,43,3105,58310.686
F,F,TAKE BACK RETURN,2,Manufacturer#2,3-MEDIUM,2,AUTOMOBILE,FOB,1,0,12,Brand#24,8,MED DRUM,1,3106,54555.5676
F,F,COLLECT COD,0,Manufacturer#2,3-MEDIUM,2,AUTOMOBILE,RAIL,2,0.03,14,Brand#23,8,WRAP CAN,32,3106,73650.85
F,F,DELIVER IN PERSON,1,Manufacturer#5,3-MEDIUM,2,AUTOMOBILE,SHIP,4,0.08,2,Brand#55,8,WRAP PKG,43,3106,32899.84
F,F,COLLECT COD,1,Manufacturer#4,4-NOT SPECIFIED,0,HOUSEHOLD,FOB,1,0,2,Brand#42,16,LG DRUM,35,3107,20419.839
F,F,DELIVER IN PERSON,3,Manufacturer#1,1-URGENT,1,MACHINERY,FOB,3,0.01,6,Brand#14,2,JUMBO JAR,41,3108,37892.68
F,F,DELIVER IN PERSON,2,Manufacturer#4,1-URGENT,1,MACHINERY,AIR,2,0.08,9,Brand#42,2,JUMBO DRUM,1,3108,29014.155
F,F,TAKE BACK RETURN,2,Manufacturer#3,2-HIGH,2,MACHINERY,SHIP,2,0.01,12,Brand#32,8,JUMBO BAG,42,3109,15550.7296
F,F,NONE,2,Manufacturer#5,2-HIGH,2,MACHINERY,AIR,1,0.02,12,Brand#52,8,JUMBO CAN,43,3109,10670.679
F,F,DELIVER IN PERSON,1,Manufacturer#1,2-HIGH,2,MACHINERY,FOB,5,0,2,Brand#15,8,WRAP DRUM,14,3109,76318.8132
F,F,COLLECT COD,0,Manufacturer#3,2-HIGH,2,MACHINERY,REG AIR,3,0.01,16,Brand#33,8,LG CASE,40,3109,34389.2052
F,F,DELIVER IN PERSON,0,Manufacturer#1,2-HIGH,2,MACHINERY,REG AIR,4,0.05,15,Brand#14,8,WRAP JAR,19,3109,39657.6
F,F,COLLECT COD,4,Manufacturer#4,2-HIGH,3,AUTOMOBILE,MAIL,1,0.06,4,Brand#41,19,JUMBO CASE,28,3110,24682.8582
F,F,TAKE BACK RETURN,2,Manufacturer#2,2-HIGH,3,AUTOMOBILE,FOB,4,0.04,12,Brand#22,19,LG PKG,17,3110,15698.0736
F,F,NONE,0,Manufacturer#5,2-HIGH,3,AUTOMOBILE,RAIL,3,0,15,Brand#54,19,JUMBO DRUM,44,3110,1818.2112
F,F,COLLECT COD,2,Manufacturer#1,5-LOW,3,BUILDING,TRUCK,2,0.02,12,Brand#15,7,LG PACK,17,734,47964.1734
F,F,DELIVER IN PERSON,0,Manufacturer#4,5-LOW,3,BUILDING,MAIL,4,0.04,16,Brand#41,7,MED DRUM,30,734,6903.5696
F,F,DELIVER IN PERSON,3,Manufacturer#5,4-NOT SPECIFIED,1,AUTOMOBILE,SHIP,2,0.08,6,Brand#53,24,SM BAG,11,3111,18397.7937
F,F,NONE,2,Manufacturer#3,3-MEDIUM,3,BUILDING,MAIL,5,0.08,12,Brand#35,22,JUMBO PKG,13,3112,24918.8247
F,F,TAKE BACK RETURN,0,Manufacturer#4,3-MEDIUM,3,BUILDING,TRUCK,4,0.01,0,Brand#42,22,SM JAR,10,3112,57959.7608
F,F,COLLECT COD,0,Manufacturer#1,2-HIGH,2,AUTOMOBILE,SHIP,3,0,14,Brand#13,12,JUMBO CASE,19,3113,28121.541
F,F,COLLECT COD,3,Manufacturer#1,3-MEDIUM,2,AUTOMOBILE,REG AIR,6,0.07,22,Brand#13,12,MED PACK,20,3114,43239.816
F,F,COLLECT COD,1,Manufacturer#4,3-MEDIUM,2,AUTOMOBILE,TRUCK,2,0,2,Brand#42,12,SM CASE,18,3114,18378.5602
F,F,DELIVER IN PERSON,4,Manufacturer#3,3-MEDIUM,2,AUTOMOBILE,RAIL,7,0.07,20,Brand#31,12,JUMBO JAR,32,3114,11110.4928
F,F,DELIVER IN PERSON,0,Manufacturer#4,1-URGENT,2,AUTOMOBILE,REG AIR,2,0.04,16,Brand#41,8,LG CASE,42,3115,59953.803
F,F,COLLECT COD,1,Manufacturer#3,1-URGENT,2,AUTOMOBILE,AIR,1,0.05,1,Brand#33,8,WRAP BAG,17,3115,41550.7456
F,F,TAKE BACK RETURN,2,Manufacturer#3,1-URGENT,4,AUTOMOBILE,SHIP,3,0.02,12,Brand#34,10,SM PACK,34,3116,80926.391
F,F,COLLECT COD,4,Manufacturer#5,1-URGENT,4,AUTOMOBILE,SHIP,1,0.08,4,Brand#51,10,JUMBO CAN,43,3116,76766.34
F,F,NONE,3,Manufacturer#5,1-URGENT,4,AUTOMOBILE,AIR,7,0.08,22,Brand#53,10,SM CASE,24,3116,40805.8824
F,F,TAKE BACK RETURN,2,Manufacturer#3,1-URGENT,4,AUTOMOBILE,MAIL,2,0,18,Brand#34,10,LG PKG,8,3116,5658.24
F,F,DELIVER IN PERSON,2,Manufacturer#5,1-URGENT,4,AUTOMOBILE,TRUCK,6,0,21,Brand#55,10,LG CAN,41,3116,12454.7328
F,F,NONE,4,Manufacturer#3,1-URGENT,4,AUTOMOBILE,SHIP,5,0.02,11,Brand#32,10,JUMBO BOX,3,3116,23309.6724
F,F,COLLECT COD,1,Manufacturer#3,2-HIGH,0,FURNITURE,MAIL,6,0.02,24,Brand#34,16,WRAP PKG,13,3117,74259.0306
F,F,DELIVER IN PERSON,3,Manufacturer#3,2-HIGH,0,FURNITURE,RAIL,1,0.07,23,Brand#34,16,SM BOX,35,3117,39967.732
F,F,NONE,2,Manufacturer#1,2-HIGH,0,FURNITURE,TRUCK,4,0,21,Brand#14,16,SM PKG,6,3117,16706.1839
F,F,COLLECT COD,1,Manufacturer#3,2-HIGH,0,FURNITURE,REG AIR,7,0.05,1,Brand#31,16,LG PACK,31,3117,61374.166
F,F,DELIVER IN PERSON,3,Manufacturer#2,4-NOT SPECIFIED,3,FURNITURE,MAIL,1,0.07,6,Brand#23,19,JUMBO BOX,36,3118,9822.1032
F,F,COLLECT COD,2,Manufacturer#4,4-NOT SPECIFIED,3,FURNITURE,REG AIR,4,0.06,9,Brand#43,19,MED DRUM,45,3118,42108.885
F,F,COLLECT COD,1,Manufacturer#1,4-NOT SPECIFIED,2,MACHINERY,FOB,3,0.05,3,Brand#13,12,MED BAG,31,3119,63948.5856
F,F,NONE,3,Manufacturer#2,4-NOT SPECIFIED,3,BUILDING,FOB,5,0.08,7,Brand#21,7,JUMBO PKG,33,2879,35295.918
F,F,TAKE BACK RETURN,4,Manufacturer#5,4-NOT SPECIFIED,3,BUILDING,RAIL,4,0.08,4,Brand#51,7,SM DRUM,29,2879,66041.7865
F,F,COLLECT COD,3,Manufacturer#3,4-NOT SPECIFIED,3,BUILDING,AIR,1,0.01,7,Brand#35,7,LG PACK,33,2879,1702.2765
F,F,NONE,0,Manufacturer#2,4-NOT SPECIFIED,3,BUILDING,FOB,2,0.03,15,Brand#21,7,MED BAG,31,2879,60383.19
F,F,DELIVER IN PERSON,3,Manufacturer#3,5-LOW,1,AUTOMOBILE,REG AIR,2,0.04,22,Brand#35,3,LG DRUM,14,3120,46993.797
F,F,TAKE BACK RETURN,1,Manufacturer#5,5-LOW,2,BUILDING,SHIP,2,0.02,1,Brand#55,12,MED CAN,26,3121,9582.65
F,F,TAKE BACK RETURN,2,Manufacturer#2,5-LOW,2,BUILDING,SHIP,1,0.04,12,Brand#25,12,WRAP JAR,3,3121,27199.26
F,F,NONE,3,Manufacturer#2,2-HIGH,4,HOUSEHOLD,SHIP,3,0,22,Brand#22,20,MED PKG,7,1725,21631.68
F,F,DELIVER IN PERSON,2,Manufacturer#1,2-HIGH,4,HOUSEHOLD,MAIL,2,0,18,Brand#14,20,SM DRUM,40,1725,1339.0488
F,F,NONE,0,Manufacturer#2,2-HIGH,4,HOUSEHOLD,MAIL,4,0.05,0,Brand#22,20,SM DRUM,4,1725,43699.932
F,F,NONE,3,Manufacturer#4,2-HIGH,3,FURNITURE,RAIL,1,0.01,23,Brand#45,23,JUMBO BAG,22,2292,69013.161
F,F,DELIVER IN PERSON,0,Manufacturer#2,2-HIGH,3,FURNITURE,RAIL,4,0.06,15,Brand#22,23,SM PACK,4,2292,60627.3668
F,F,NONE,3,Manufacturer#4,2-HIGH,3,FURNITURE,RAIL,2,0.05,6,Brand#43,23,SM CASE,12,2292,57790.0974
F,F,DELIVER IN PERSON,3,Manufacturer#5,1-URGENT,1,HOUSEHOLD,FOB,1,0.01,6,Brand#55,24,SM CAN,30,3122,15643.1115
F,F,DELIVER IN PERSON,2,Manufacturer#4,5-LOW,1,BUILDING,MAIL,1,0.03,9,Brand#42,1,LG BOX,49,3123,43852.536
F,F,TAKE BACK RETURN,3,Manufacturer#5,5-LOW,1,BUILDING,REG AIR,3,0.07,7,Brand#53,1,WRAP DRUM,39,3123,45590.4504
F,F,DELIVER IN PERSON,1,Manufacturer#3,4-NOT SPECIFIED,3,BUILDING,REG AIR,2,0.05,17,Brand#31,23,SM DRUM,30,148,42036.588
F,F,DELIVER IN PERSON,4,Manufacturer#2,4-NOT SPECIFIED,3,BUILDING,TRUCK,5,0.01,10,Brand#25,23,SM PKG,47,148,6512
F,F,NONE,2,Manufacturer#5,3-MEDIUM,2,BUILDING,SHIP,4,0.05,12,Brand#54,18,JUMBO CAN,34,3124,5336.9415
F,F,COLLECT COD,0,Manufacturer#3,2-HIGH,1,BUILDING,AIR,5,0.01,0,Brand#32,24,SM JAR,40,3125,27051.6064
F,F,TAKE BACK RETURN,1,Manufacturer#5,2-HIGH,1,BUILDING,SHIP,6,0.05,24,Brand#54,24,JUMBO BOX,42,3125,5287.2456
F,F,TAKE BACK RETURN,1,Manufacturer#1,3-MEDIUM,2,FURNITURE,AIR,6,0.06,2,Brand#11,8,LG PACK,8,3126,42706.8
F,F,DELIVER IN PERSON,4,Manufacturer#2,3-MEDIUM,2,FURNITURE,RAIL,4,0,10,Brand#23,8,JUMBO BOX,36,3126,18996.5952
F,F,TAKE BACK RETURN,1,Manufacturer#3,3-MEDIUM,2,FURNITURE,FOB,5,0,1,Brand#32,8,JUMBO JAR,32,3126,28542.3858
F,F,TAKE BACK RETURN,0,Manufacturer#4,2-HIGH,3,HOUSEHOLD,AIR,3,0.02,14,Brand#44,19,LG BOX,35,1086,23682.4744
F,F,COLLECT COD,4,Manufacturer#4,5-LOW,3,BUILDING,MAIL,4,0.02,20,Brand#41,7,MED JAR,48,3127,25941.2175
F,F,NONE,2,Manufacturer#2,5-LOW,3,BUILDING,RAIL,3,0.07,18,Brand#24,7,MED BAG,16,3127,7753.3092
F,F,NONE,2,Manufacturer#2,3-MEDIUM,3,AUTOMOBILE,REG AIR,3,0.05,12,Brand#22,23,LG PKG,18,294,12284.7699
F,F,COLLECT COD,1,Manufacturer#2,3-MEDIUM,3,AUTOMOBILE,AIR,5,0.02,17,Brand#23,23,LG BAG,35,294,5330.7072
F,F,NONE,1,Manufacturer#3,3-MEDIUM,3,AUTOMOBILE,AIR,1,0.06,3,Brand#32,23,WRAP BOX,42,294,33181.4607
F,F,NONE,3,Manufacturer#4,4-NOT SPECIFIED,1,MACHINERY,MAIL,4,0.01,7,Brand#41,2,JUMBO CASE,1,3128,79084.8192
F,F,DELIVER IN PERSON,1,Manufacturer#4,4-NOT SPECIFIED,1,MACHINERY,SHIP,2,0.01,24,Brand#44,2,LG BOX,1,3128,29629.3452
F,F,DELIVER IN PERSON,0,Manufacturer#3,4-NOT SPECIFIED,1,MACHINERY,AIR,1,0.08,15,Brand#34,2,LG DRUM,41,3128,35654.4188
F,F,COLLECT COD,3,Manufacturer#2,5-LOW,1,BUILDING,RAIL,6,0.03,7,Brand#21,3,MED BAG,3,3129,44948.0152
F,F,NONE,4,Manufacturer#1,2-HIGH,2,AUTOMOBILE,REG AIR,5,0.05,20,Brand#12,18,MED CASE,30,3130,6440.164
F,F,NONE,4,Manufacturer#1,2-HIGH,2,AUTOMOBILE,TRUCK,3,0.07,13,Brand#15,18,MED BOX,18,3130,50808.5424
F,F,TAKE BACK RETURN,2,Manufacturer#4,3-MEDIUM,1,HOUSEHOLD,AIR,1,0.06,12,Brand#43,17,SM DRUM,19,3131,41821.794
F,F,NONE,1,Manufacturer#5,3-MEDIUM,1,HOUSEHOLD,REG AIR,4,0.04,2,Brand#52,17,LG PKG,50,3131,29088.3376
F,F,COLLECT COD,4,Manufacturer#3,2-HIGH,0,MACHINERY,TRUCK,5,0.06,11,Brand#33,0,MED PKG,8,3132,9038.9397
F,F,TAKE BACK RETURN,1,Manufacturer#1,2-HIGH,0,MACHINERY,TRUCK,2,0.04,3,Brand#11,0,SM JAR,8,3132,39942.8118
F,F,TAKE BACK RETURN,0,Manufacturer#1,2-HIGH,0,MACHINERY,REG AIR,4,0.07,14,Brand#12,0,JUMBO PACK,18,3132,19230.3342
F,F,COLLECT COD,3,Manufacturer#1,2-HIGH,0,MACHINERY,REG AIR,7,0,6,Brand#12,0,JUMBO BAG,16,3132,50629.86
F,F,DELIVER IN PERSON,3,Manufacturer#1,2-HIGH,0,MACHINERY,TRUCK,1,0.05,19,Brand#13,0,JUMBO PACK,34,3132,13190.31
F,F,NONE,0,Manufacturer#4,2-HIGH,0,MACHINERY,AIR,3,0,14,Brand#44,0,WRAP DRUM,10,3132,5390.253
F,F,DELIVER IN PERSON,2,Manufacturer#3,3-MEDIUM,4,AUTOMOBILE,FOB,1,0.06,18,Brand#34,11,SM CASE,22,3133,10411.2
F,F,DELIVER IN PERSON,0,Manufacturer#4,3-MEDIUM,4,AUTOMOBILE,TRUCK,2,0,16,Brand#41,11,SM CASE,4,3133,1641.1626
F,F,TAKE BACK RETURN,2,Manufacturer#4,1-URGENT,4,HOUSEHOLD,AIR,5,0.05,21,Brand#45,10,SM CASE,38,2773,68260.1586
F,F,TAKE BACK RETURN,3,Manufacturer#3,1-URGENT,4,HOUSEHOLD,FOB,6,0.06,22,Brand#33,10,MED JAR,21,2773,15701.4144
F,F,NONE,3,Manufacturer#2,1-URGENT,4,HOUSEHOLD,FOB,4,0.02,19,Brand#24,10,SM CASE,26,2773,64118.5
F,F,TAKE BACK RETURN,1,Manufacturer#2,1-URGENT,2,AUTOMOBILE,FOB,7,0.07,17,Brand#25,21,WRAP DRUM,2,3134,35895.6768
F,F,DELIVER IN PERSON,1,Manufacturer#1,1-URGENT,2,AUTOMOBILE,SHIP,4,0.01,2,Brand#13,21,JUMBO PACK,18,3134,55943.1936
F,F,COLLECT COD,3,Manufacturer#4,1-URGENT,2,AUTOMOBILE,MAIL,3,0,23,Brand#41,21,JUMBO DRUM,8,3134,58018.2912
F,F,COLLECT COD,2,Manufacturer#5,1-URGENT,2,AUTOMOBILE,AIR,6,0.03,21,Brand#51,21,WRAP PKG,2,3134,58943.64
F,F,TAKE BACK RETURN,0,Manufacturer#5,1-URGENT,2,AUTOMOBILE,REG AIR,1,0.01,16,Brand#52,21,WRAP CAN,5,3134,25034.13
F,F,NONE,1,Manufacturer#2,1-URGENT,2,AUTOMOBILE,FOB,2,0.03,1,Brand#22,21,LG BOX,39,3134,20726.118
F,F,NONE,1,Manufacturer#2,3-MEDIUM,1,MACHINERY,REG AIR,7,0.03,1,Brand#23,17,LG PACK,47,3135,39438.5784
F,F,TAKE BACK RETURN,3,Manufacturer#3,3-MEDIUM,1,MACHINERY,RAIL,1,0.03,7,Brand#34,17,SM CAN,29,3135,8734.292
F,F,TAKE BACK RETURN,3,Manufacturer#2,3-MEDIUM,1,MACHINERY,RAIL,2,0.01,7,Brand#22,17,WRAP JAR,16,3135,26811.9744
F,F,TAKE BACK RETURN,3,Manufacturer#1,1-URGENT,4,AUTOMOBILE,RAIL,1,0.04,19,Brand#15,10,SM PKG,8,3136,25058.88
F,F,NONE,4,Manufacturer#4,5-LOW,1,FURNITURE,MAIL,4,0.08,20,Brand#44,2,WRAP BAG,4,3137,4167.0912
F,F,TAKE BACK RETURN,4,Manufacturer#4,5-LOW,1,FURNITURE,RAIL,2,0.02,13,Brand#44,2,MED CAN,44,3137,41440.112
F,F,DELIVER IN PERSON,1,Manufacturer#5,5-LOW,1,FURNITURE,FOB,3,0.01,1,Brand#55,2,LG JAR,42,3137,42544.9469
F,F,TAKE BACK RETURN,4,Manufacturer#2,4-NOT SPECIFIED,3,BUILDING,TRUCK,1,0.04,20,Brand#22,6,WRAP BOX,1,1245,9189.612
F,F,DELIVER IN PERSON,4,Manufacturer#3,4-NOT SPECIFIED,3,BUILDING,FOB,3,0.06,10,Brand#33,6,LG DRUM,28,1245,25951.6225
F,F,COLLECT COD,3,Manufacturer#5,3-MEDIUM,2,AUTOMOBILE,AIR,1,0.03,7,Brand#52,21,JUMBO JAR,42,3138,43441.263
F,F,NONE,0,Manufacturer#2,1-URGENT,3,AUTOMOBILE,RAIL,4,0.07,15,Brand#22,6,LG BOX,44,2483,4949.328
F,F,NONE,2,Manufacturer#4,1-URGENT,3,AUTOMOBILE,RAIL,6,0.01,8,Brand#45,6,WRAP CASE,3,2483,10000.9635
F,F,COLLECT COD,2,Manufacturer#1,1-URGENT,3,AUTOMOBILE,SHIP,5,0.05,18,Brand#13,6,SM PKG,42,2483,13519.7312
F,F,DELIVER IN PERSON,2,Manufacturer#2,1-URGENT,2,HOUSEHOLD,TRUCK,2,0.04,12,Brand#21,12,WRAP JAR,26,2559,13037.479
F,F,COLLECT COD,2,Manufacturer#2,1-URGENT,2,HOUSEHOLD,SHIP,3,0,18,Brand#21,12,WRAP CASE,28,2559,12016.4958
F,F,COLLECT COD,1,Manufacturer#4,1-URGENT,2,HOUSEHOLD,FOB,1,0,2,Brand#43,12,WRAP JAR,35,2559,65424.828
F,F,NONE,3,Manufacturer#3,1-URGENT,3,AUTOMOBILE,AIR,1,0.05,7,Brand#31,23,LG CASE,15,2772,12999.5712
F,F,NONE,2,Manufacturer#2,4-NOT SPECIFIED,0,AUTOMOBILE,RAIL,1,0.01,9,Brand#21,5,SM CAN,19,591,1372.2801
F,F,DELIVER IN PERSON,3,Manufacturer#1,5-LOW,0,BUILDING,FOB,4,0.02,22,Brand#15,14,WRAP PACK,20,96,83201.85
F,F,NONE,1,Manufacturer#1,5-LOW,0,BUILDING,TRUCK,6,0,2,Brand#12,14,JUMBO JAR,14,96,18331.6
F,F,DELIVER IN PERSON,2,Manufacturer#5,5-LOW,0,BUILDING,TRUCK,5,0.02,21,Brand#52,14,JUMBO BAG,27,96,62410.293
F,F,COLLECT COD,4,Manufacturer#3,1-URGENT,3,MACHINERY,AIR,2,0.01,11,Brand#32,7,SM CASE,30,3139,25066.8
F,F,TAKE BACK RETURN,4,Manufacturer#5,3-MEDIUM,4,HOUSEHOLD,AIR,3,0.01,10,Brand#55,4,MED CAN,4,3140,2506.8896
F,F,NONE,1,Manufacturer#3,1-URGENT,0,MACHINERY,REG AIR,3,0.04,1,Brand#33,5,WRAP CASE,18,3141,54056.31
F,F,DELIVER IN PERSON,1,Manufacturer#3,1-URGENT,0,MACHINERY,TRUCK,2,0.03,1,Brand#33,5,SM BAG,30,3141,13406.112
F,F,DELIVER IN PERSON,1,Manufacturer#3,3-MEDIUM,4,MACHINERY,MAIL,1,0.05,24,Brand#32,10,SM CAN,36,3142,41595.503
F,F,NONE,1,Manufacturer#4,3-MEDIUM,4,MACHINERY,FOB,4,0.03,17,Brand#42,10,WRAP CAN,10,3142,7920.6336
F,F,NONE,0,Manufacturer#1,3-MEDIUM,4,MACHINERY,AIR,2,0.04,15,Brand#15,10,SM BOX,18,3142,31237.8444
F,F,TAKE BACK RETURN,2,Manufacturer#4,4-NOT SPECIFIED,0,BUILDING,TRUCK,1,0,9,Brand#45,16,LG CAN,21,3143,15988.7871
F,F,COLLECT COD,1,Manufacturer#1,4-NOT SPECIFIED,0,BUILDING,SHIP,4,0.02,17,Brand#11,16,LG CASE,23,3143,24000.837
F,F,NONE,2,Manufacturer#1,4-NOT SPECIFIED,0,BUILDING,REG AIR,2,0.02,18,Brand#14,16,LG JAR,9,3143,62440.8324
F,F,DELIVER IN PERSON,2,Manufacturer#2,3-MEDIUM,2,BUILDING,RAIL,2,0.06,12,Brand#21,18,LG DRUM,49,3124,49740.288
F,F,COLLECT COD,0,Manufacturer#1,3-MEDIUM,2,BUILDING,AIR,1,0.03,5,Brand#13,18,SM DRUM,20,3124,54966.4948
F,F,DELIVER IN PERSON,4,Manufacturer#3,5-LOW,0,HOUSEHOLD,MAIL,1,0,20,Brand#35,14,MED PKG,8,3144,13980.162
F,F,TAKE BACK RETURN,3,Manufacturer#5,5-LOW,4,MACHINERY,MAIL,3,0.04,7,Brand#54,20,WRAP DRUM,15,3145,66149.7507
F,F,DELIVER IN PERSON,2,Manufacturer#5,2-HIGH,0,HOUSEHOLD,SHIP,4,0.04,8,Brand#51,14,MED DRUM,42,3146,5485.3821
F,F,NONE,1,Manufacturer#2,2-HIGH,0,HOUSEHOLD,TRUCK,3,0.08,3,Brand#23,14,LG JAR,43,3146,39521.76
F,F,DELIVER IN PERSON,2,Manufacturer#4,5-LOW,0,HOUSEHOLD,MAIL,3,0.07,12,Brand#45,14,SM DRUM,22,3144,50323.3731
F,F,COLLECT COD,2,Manufacturer#5,2-HIGH,0,HOUSEHOLD,FOB,2,0.01,18,Brand#53,14,JUMBO PKG,42,3146,15194.3022
F,F,TAKE BACK RETURN,4,Manufacturer#1,5-LOW,0,HOUSEHOLD,SHIP,6,0.05,10,Brand#15,14,MED BAG,1,3144,48208.9244
F,F,TAKE BACK RETURN,4,Manufacturer#3,3-MEDIUM,3,MACHINERY,MAIL,4,0,20,Brand#34,23,JUMBO CASE,43,3147,4517.196
F,F,NONE,4,Manufacturer#1,3-MEDIUM,3,MACHINERY,RAIL,2,0.04,13,Brand#13,23,LG CASE,46,3147,18816.4312
F,F,COLLECT COD,2,Manufacturer#4,3-MEDIUM,3,MACHINERY,REG AIR,1,0.07,12,Brand#42,23,SM DRUM,45,3147,11004.5208
F,F,NONE,0,Manufacturer#1,3-MEDIUM,3,MACHINERY,MAIL,5,0.03,15,Brand#13,23,LG PKG,33,3147,37905.9044
F,F,COLLECT COD,2,Manufacturer#1,5-LOW,4,BUILDING,FOB,3,0.05,12,Brand#14,11,WRAP BOX,36,3148,35127.3957
F,F,COLLECT COD,2,Manufacturer#1,5-LOW,4,BUILDING,REG AIR,2,0.05,8,Brand#13,11,MED JAR,49,3148,18754.416
F,F,TAKE BACK RETURN,4,Manufacturer#5,5-LOW,4,BUILDING,TRUCK,4,0.04,10,Brand#53,11,LG BAG,39,3148,7617.701
F,F,DELIVER IN PERSON,0,Manufacturer#1,5-LOW,4,BUILDING,MAIL,5,0.02,0,Brand#13,11,JUMBO CAN,3,3148,13798.56
F,F,TAKE BACK RETURN,2,Manufacturer#4,4-NOT SPECIFIED,1,AUTOMOBILE,FOB,3,0.06,8,Brand#42,24,WRAP PACK,23,3149,23865.6924
F,F,NONE,0,Manufacturer#5,1-URGENT,1,MACHINERY,AIR,3,0.04,16,Brand#53,1,WRAP BOX,45,1456,43069.4712
F,F,TAKE BACK RETURN,0,Manufacturer#4,1-URGENT,1,MACHINERY,REG AIR,2,0.01,0,Brand#45,1,LG CASE,11,1456,26168.613
F,F,TAKE BACK RETURN,4,Manufacturer#5,3-MEDIUM,1,AUTOMOBILE,FOB,2,0.08,10,Brand#54,17,JUMBO CASE,2,3150,4150.41
F,F,TAKE BACK RETURN,1,Manufacturer#2,3-MEDIUM,1,AUTOMOBILE,AIR,1,0,24,Brand#21,17,SM BAG,12,3150,43522.8375
F,F,NONE,2,Manufacturer#4,4-NOT SPECIFIED,1,HOUSEHOLD,AIR,1,0.08,9,Brand#44,24,JUMBO BAG,21,3151,29848.35
F,F,TAKE BACK RETURN,3,Manufacturer#3,4-NOT SPECIFIED,1,HOUSEHOLD,MAIL,2,0.02,6,Brand#35,24,LG CAN,26,3151,74654.9595
F,F,DELIVER IN PERSON,1,Manufacturer#2,2-HIGH,0,MACHINERY,FOB,2,0.01,24,Brand#22,0,MED PACK,15,3152,59556.42
F,F,COLLECT COD,3,Manufacturer#2,4-NOT SPECIFIED,1,AUTOMOBILE,FOB,5,0.06,23,Brand#23,24,LG PKG,23,3149,40931.472
F,F,NONE,2,Manufacturer#3,2-HIGH,0,MACHINERY,FOB,3,0.01,21,Brand#32,0,JUMBO PACK,39,3152,45199.8144
F,F,DELIVER IN PERSON,3,Manufacturer#2,4-NOT SPECIFIED,1,AUTOMOBILE,SHIP,4,0.02,6,Brand#24,24,JUMBO BOX,34,3149,73424.0892
F,F,TAKE BACK RETURN,2,Manufacturer#1,4-NOT SPECIFIED,1,AUTOMOBILE,AIR,2,0.07,21,Brand#13,24,MED DRUM,47,3149,19896.3975
F,F,COLLECT COD,4,Manufacturer#3,4-NOT SPECIFIED,1,AUTOMOBILE,SHIP,1,0.01,11,Brand#35,24,JUMBO PKG,8,3149,51343.776
F,F,NONE,4,Manufacturer#2,4-NOT SPECIFIED,3,BUILDING,SHIP,7,0.03,11,Brand#22,22,JUMBO JAR,34,339,24751.45
F,F,TAKE BACK RETURN,1,Manufacturer#4,4-NOT SPECIFIED,3,BUILDING,MAIL,6,0.02,24,Brand#43,22,SM JAR,10,339,59467.986
F,F,DELIVER IN PERSON,3,Manufacturer#1,4-NOT SPECIFIED,3,BUILDING,REG AIR,2,0.06,22,Brand#13,22,JUMBO CASE,27,339,7058.5344
F,F,COLLECT COD,4,Manufacturer#2,4-NOT SPECIFIED,3,BUILDING,RAIL,1,0.08,13,Brand#23,22,SM CASE,31,339,41922.5184
F,F,TAKE BACK RETURN,4,Manufacturer#4,4-NOT SPECIFIED,3,BUILDING,TRUCK,5,0.05,10,Brand#45,22,JUMBO BOX,48,339,2614.3137
F,F,TAKE BACK RETURN,3,Manufacturer#1,5-LOW,3,FURNITURE,AIR,2,0.06,19,Brand#13,7,LG PKG,32,1880,13910.88
F,F,DELIVER IN PERSON,4,Manufacturer#2,5-LOW,3,FURNITURE,AIR,4,0.07,11,Brand#25,7,LG BOX,10,1880,38670.2225
F,F,DELIVER IN PERSON,2,Manufacturer#2,5-LOW,3,FURNITURE,MAIL,1,0.04,9,Brand#24,7,MED JAR,21,1880,25229.97
F,F,DELIVER IN PERSON,3,Manufacturer#2,3-MEDIUM,4,BUILDING,TRUCK,1,0.04,6,Brand#21,20,SM BOX,10,152,49480.1325
F,F,NONE,4,Manufacturer#5,3-MEDIUM,4,BUILDING,AIR,2,0,10,Brand#51,20,LG JAR,19,152,66695.265
F,F,COLLECT COD,4,Manufacturer#3,5-LOW,2,FURNITURE,RAIL,4,0.04,11,Brand#35,18,SM BOX,33,970,60045.2028
F,F,DELIVER IN PERSON,4,Manufacturer#1,4-NOT SPECIFIED,0,BUILDING,SHIP,2,0.01,13,Brand#15,14,SM DRUM,11,1305,6921.201
F,F,NONE,4,Manufacturer#4,4-NOT SPECIFIED,0,BUILDING,MAIL,1,0.06,20,Brand#44,14,MED PACK,32,1305,4773.7074
F,F,DELIVER IN PERSON,3,Manufacturer#1,4-NOT SPECIFIED,0,BUILDING,SHIP,6,0.04,19,Brand#15,14,MED BAG,34,1305,80204.13
F,F,TAKE BACK RETURN,3,Manufacturer#3,4-NOT SPECIFIED,0,BUILDING,TRUCK,3,0.07,23,Brand#33,14,MED DRUM,39,1305,51629.1832
F,F,TAKE BACK RETURN,2,Manufacturer#4,5-LOW,2,FURNITURE,MAIL,7,0,8,Brand#45,18,SM DRUM,21,970,14436.149
F,F,NONE,3,Manufacturer#3,5-LOW,2,FURNITURE,RAIL,6,0.07,6,Brand#34,18,LG BAG,46,970,1225.2513
F,F,DELIVER IN PERSON,3,Manufacturer#2,2-HIGH,2,MACHINERY,REG AIR,1,0.02,6,Brand#23,9,LG BOX,26,3153,34612.368
F,F,DELIVER IN PERSON,1,Manufacturer#4,4-NOT SPECIFIED,2,AUTOMOBILE,AIR,3,0.02,2,Brand#45,8,JUMBO PACK,3,1013,4661.3925
F,F,TAKE BACK RETURN,0,Manufacturer#1,4-NOT SPECIFIED,1,HOUSEHOLD,RAIL,4,0.05,0,Brand#13,24,JUMBO JAR,11,2874,26875.215
F,F,NONE,0,Manufacturer#3,4-NOT SPECIFIED,1,HOUSEHOLD,MAIL,5,0.05,0,Brand#34,24,SM JAR,31,2874,9220.032
F,F,TAKE BACK RETURN,0,Manufacturer#2,4-NOT SPECIFIED,1,HOUSEHOLD,AIR,2,0.06,0,Brand#21,24,SM CASE,17,2874,60065.0428
F,F,COLLECT COD,2,Manufacturer#2,1-URGENT,0,BUILDING,FOB,1,0.07,12,Brand#21,15,SM CAN,18,3154,52795.8144
F,F,TAKE BACK RETURN,4,Manufacturer#5,4-NOT SPECIFIED,2,BUILDING,RAIL,3,0.01,11,Brand#52,18,WRAP PKG,49,3155,33105.024
F,F,DELIVER IN PERSON,3,Manufacturer#3,4-NOT SPECIFIED,2,BUILDING,REG AIR,1,0,22,Brand#31,18,WRAP CASE,47,3155,10219.8096
F,F,NONE,0,Manufacturer#3,4-NOT SPECIFIED,2,BUILDING,REG AIR,4,0.08,15,Brand#33,18,SM DRUM,10,3155,35152.1586
F,F,DELIVER IN PERSON,2,Manufacturer#1,5-LOW,2,FURNITURE,SHIP,4,0.06,9,Brand#15,18,JUMBO BOX,18,3156,48871.8
F,F,COLLECT COD,3,Manufacturer#5,5-LOW,2,FURNITURE,MAIL,3,0.07,7,Brand#54,18,WRAP CASE,6,3156,29784.5814
F,F,DELIVER IN PERSON,1,Manufacturer#5,5-LOW,2,FURNITURE,FOB,2,0,2,Brand#52,18,WRAP BOX,8,3156,8199.6192
F,F,TAKE BACK RETURN,2,Manufacturer#2,5-LOW,2,FURNITURE,RAIL,1,0.04,9,Brand#22,18,JUMBO BAG,32,3156,24521.112
F,F,COLLECT COD,4,Manufacturer#3,3-MEDIUM,3,FURNITURE,MAIL,4,0.08,10,Brand#32,6,JUMBO BOX,46,3157,31117.0832
F,F,DELIVER IN PERSON,1,Manufacturer#3,3-MEDIUM,3,FURNITURE,MAIL,2,0.08,2,Brand#35,6,JUMBO BOX,6,3157,38681.0424
F,F,COLLECT COD,0,Manufacturer#2,3-MEDIUM,3,FURNITURE,REG AIR,1,0.04,14,Brand#25,6,MED BAG,34,3157,10413.414
F,F,TAKE BACK RETURN,4,Manufacturer#3,3-MEDIUM,3,FURNITURE,TRUCK,3,0.08,11,Brand#32,6,WRAP PACK,36,3157,5786.8775
F,F,COLLECT COD,3,Manufacturer#5,3-MEDIUM,0,AUTOMOBILE,RAIL,2,0.02,22,Brand#52,15,JUMBO PKG,43,3158,21718.68
F,F,NONE,2,Manufacturer#1,3-MEDIUM,0,AUTOMOBILE,TRUCK,1,0.07,18,Brand#15,15,WRAP BAG,35,3158,17331.006
F,F,DELIVER IN PERSON,0,Manufacturer#1,3-MEDIUM,4,AUTOMOBILE,REG AIR,3,0.01,0,Brand#14,4,LG PACK,7,661,12057.3198
F,F,DELIVER IN PERSON,4,Manufacturer#2,3-MEDIUM,4,AUTOMOBILE,REG AIR,2,0.08,20,Brand#21,4,SM BOX,10,661,37805.616
F,F,TAKE BACK RETURN,3,Manufacturer#2,2-HIGH,1,HOUSEHOLD,AIR,3,0.07,7,Brand#25,1,LG CAN,47,969,31255.987
F,F,NONE,2,Manufacturer#5,2-HIGH,1,HOUSEHOLD,RAIL,4,0.07,21,Brand#54,1,SM JAR,26,969,4288.644
F,F,DELIVER IN PERSON,2,Manufacturer#2,1-URGENT,1,FURNITURE,AIR,3,0.02,18,Brand#24,3,LG PACK,34,3159,13851.84
F,F,COLLECT COD,4,Manufacturer#2,1-URGENT,1,FURNITURE,RAIL,1,0.02,10,Brand#25,3,WRAP CASE,26,3159,30982.6836
F,F,DELIVER IN PERSON,0,Manufacturer#2,4-NOT SPECIFIED,4,MACHINERY,RAIL,1,0.04,15,Brand#24,10,MED CAN,39,3160,951.3646
F,F,DELIVER IN PERSON,2,Manufacturer#2,4-NOT SPECIFIED,4,MACHINERY,RAIL,2,0,18,Brand#24,10,JUMBO JAR,13,3160,17828.5806
F,F,DELIVER IN PERSON,3,Manufacturer#2,4-NOT SPECIFIED,2,MACHINERY,FOB,2,0.02,7,Brand#25,12,LG BAG,13,3161,5143.3728
F,F,NONE,4,Manufacturer#5,4-NOT SPECIFIED,4,HOUSEHOLD,RAIL,5,0.03,11,Brand#55,20,LG CAN,38,3162,59954.6718
F,F,TAKE BACK RETURN,2,Manufacturer#3,1-URGENT,0,BUILDING,REG AIR,3,0.04,8,Brand#35,15,LG PACK,6,3154,9073.428
F,F,DELIVER IN PERSON,0,Manufacturer#5,1-URGENT,0,BUILDING,SHIP,4,0.08,14,Brand#54,15,LG CASE,4,3154,53979.1995
F,F,DELIVER IN PERSON,3,Manufacturer#1,1-URGENT,0,BUILDING,REG AIR,2,0.08,22,Brand#14,15,JUMBO CASE,21,3154,24748.164
F,F,NONE,1,Manufacturer#2,2-HIGH,2,AUTOMOBILE,SHIP,6,0.01,17,Brand#21,8,WRAP DRUM,40,3163,16069.746
F,F,TAKE BACK RETURN,0,Manufacturer#4,2-HIGH,2,AUTOMOBILE,SHIP,2,0.03,5,Brand#41,8,MED BAG,44,3163,14685.4
F,F,COLLECT COD,4,Manufacturer#5,2-HIGH,2,AUTOMOBILE,AIR,5,0.06,4,Brand#53,8,SM DRUM,40,3163,53397.4815
F,F,DELIVER IN PERSON,3,Manufacturer#4,5-LOW,1,FURNITURE,FOB,6,0.07,22,Brand#41,3,MED CASE,9,233,20972.2968
F,F,TAKE BACK RETURN,2,Manufacturer#4,5-LOW,1,FURNITURE,AIR,5,0.01,21,Brand#42,3,LG PACK,20,233,47990.1576
F,F,COLLECT COD,4,Manufacturer#5,5-LOW,1,FURNITURE,FOB,3,0.05,11,Brand#52,3,MED PACK,32,233,61088.148
F,F,TAKE BACK RETURN,1,Manufacturer#2,5-LOW,1,FURNITURE,TRUCK,2,0.04,3,Brand#25,3,SM BOX,27,233,21915.1506
F,F,TAKE BACK RETURN,0,Manufacturer#4,1-URGENT,2,BUILDING,MAIL,1,0.08,14,Brand#45,21,SM BOX,2,3164,64827.243
F,F,COLLECT COD,0,Manufacturer#1,2-HIGH,1,HOUSEHOLD,RAIL,3,0.02,16,Brand#12,1,SM DRUM,49,1435,43319.8005
F,F,DELIVER IN PERSON,4,Manufacturer#4,2-HIGH,1,HOUSEHOLD,TRUCK,1,0.02,20,Brand#44,1,JUMBO CASE,5,1435,43277.1864
F,F,COLLECT COD,4,Manufacturer#4,5-LOW,4,BUILDING,AIR,4,0.02,11,Brand#41,11,WRAP PACK,33,3165,15700.4367
F,F,DELIVER IN PERSON,4,Manufacturer#4,5-LOW,4,BUILDING,SHIP,1,0.04,11,Brand#45,11,MED PKG,19,3165,6597.2634
F,F,COLLECT COD,3,Manufacturer#4,1-URGENT,4,AUTOMOBILE,TRUCK,2,0.01,23,Brand#44,4,WRAP BAG,13,3166,915.6994
F,F,DELIVER IN PERSON,0,Manufacturer#3,1-URGENT,4,AUTOMOBILE,FOB,5,0.08,5,Brand#35,4,MED DRUM,21,3166,26822.433
F,F,DELIVER IN PERSON,0,Manufacturer#4,1-URGENT,0,BUILDING,RAIL,4,0.08,15,Brand#45,14,SM PACK,7,96,41111.98
F,F,TAKE BACK RETURN,0,Manufacturer#1,1-URGENT,0,BUILDING,RAIL,5,0,14,Brand#14,14,WRAP BOX,4,96,33295.6764
F,F,COLLECT COD,2,Manufacturer#2,2-HIGH,3,AUTOMOBILE,REG AIR,5,0.02,8,Brand#25,19,LG BAG,44,3167,38349.7745
F,F,NONE,2,Manufacturer#2,2-HIGH,3,AUTOMOBILE,MAIL,2,0.06,18,Brand#21,19,MED CASE,5,3167,5366.64
F,F,NONE,2,Manufacturer#2,4-NOT SPECIFIED,2,HOUSEHOLD,RAIL,4,0.06,9,Brand#21,8,LG PKG,12,2628,16108.6464
F,F,COLLECT COD,4,Manufacturer#4,4-NOT SPECIFIED,2,HOUSEHOLD,SHIP,2,0.05,10,Brand#43,8,LG DRUM,17,2628,15992.528
F,F,NONE,2,Manufacturer#4,5-LOW,1,AUTOMOBILE,FOB,2,0,18,Brand#44,17,SM PKG,10,2181,73548.3924
F,F,TAKE BACK RETURN,4,Manufacturer#5,5-LOW,4,MACHINERY,MAIL,1,0.05,20,Brand#52,10,JUMBO CAN,46,14,21131.544
F,F,DELIVER IN PERSON,0,Manufacturer#5,3-MEDIUM,4,FURNITURE,REG AIR,1,0,15,Brand#53,11,MED PKG,38,3168,15444.72
F,F,TAKE BACK RETURN,1,Manufacturer#1,4-NOT SPECIFIED,0,HOUSEHOLD,REG AIR,3,0.07,24,Brand#15,15,SM DRUM,17,3169,10111.8432
F,F,COLLECT COD,1,Manufacturer#2,5-LOW,1,BUILDING,REG AIR,1,0.06,2,Brand#25,1,SM BAG,45,3170,87973.665
F,F,TAKE BACK RETURN,3,Manufacturer#1,5-LOW,1,BUILDING,RAIL,3,0.06,19,Brand#14,1,JUMBO PKG,48,3170,12545.65
F,F,TAKE BACK RETURN,1,Manufacturer#5,1-URGENT,1,AUTOMOBILE,FOB,2,0.03,2,Brand#52,1,LG CASE,23,50,56788.7232
F,F,TAKE BACK RETURN,0,Manufacturer#2,1-URGENT,1,AUTOMOBILE,REG AIR,4,0.03,16,Brand#24,1,WRAP JAR,30,50,17817.9876
F,F,DELIVER IN PERSON,1,Manufacturer#3,4-NOT SPECIFIED,0,BUILDING,MAIL,1,0.08,3,Brand#34,15,JUMBO JAR,20,1794,8233.7
F,F,TAKE BACK RETURN,0,Manufacturer#5,5-LOW,4,HOUSEHOLD,SHIP,2,0.04,0,Brand#51,13,JUMBO BAG,23,3171,2511.8184
F,F,COLLECT COD,0,Manufacturer#3,5-LOW,4,HOUSEHOLD,SHIP,1,0.06,14,Brand#35,13,SM BAG,7,3171,52621.2423
F,F,NONE,0,Manufacturer#4,4-NOT SPECIFIED,0,MACHINERY,SHIP,3,0.03,0,Brand#45,5,WRAP CASE,26,3172,24271.7376
F,F,TAKE BACK RETURN,2,Manufacturer#2,4-NOT SPECIFIED,0,MACHINERY,TRUCK,2,0.07,8,Brand#25,5,WRAP PKG,41,3172,5059.665
F,F,TAKE BACK RETURN,2,Manufacturer#3,4-NOT SPECIFIED,0,MACHINERY,SHIP,5,0.07,12,Brand#34,5,SM CAN,23,3172,8972.3739
F,F,COLLECT COD,3,Manufacturer#1,5-LOW,0,MACHINERY,SHIP,2,0.02,7,Brand#11,15,WRAP DRUM,48,2238,41242.0224
F,F,DELIVER IN PERSON,1,Manufacturer#2,2-HIGH,1,HOUSEHOLD,FOB,5,0.02,3,Brand#21,2,LG PACK,8,3173,50674.1095
F,F,NONE,4,Manufacturer#5,5-LOW,4,HOUSEHOLD,SHIP,5,0.04,20,Brand#52,13,SM CAN,28,3087,22941.464
F,F,DELIVER IN PERSON,0,Manufacturer#1,5-LOW,0,MACHINERY,TRUCK,2,0.07,14,Brand#12,16,LG CASE,49,2844,23765.49
F,F,TAKE BACK RETURN,4,Manufacturer#5,5-LOW,0,MACHINERY,RAIL,7,0.04,4,Brand#54,16,SM CAN,32,2844,22593.2196
F,F,TAKE BACK RETURN,3,Manufacturer#1,5-LOW,0,MACHINERY,REG AIR,1,0.01,22,Brand#14,16,LG PKG,28,2844,34866.3447
F,F,DELIVER IN PERSON,1,Manufacturer#1,5-LOW,1,BUILDING,REG AIR,3,0.01,17,Brand#13,1,WRAP JAR,47,1128,30658.077
F,F,COLLECT COD,1,Manufacturer#2,5-LOW,1,BUILDING,REG AIR,5,0.05,17,Brand#21,1,JUMBO CASE,43,1128,54168.471
F,F,DELIVER IN PERSON,2,Manufacturer#1,5-LOW,1,BUILDING,AIR,1,0.07,9,Brand#13,1,WRAP BAG,2,1128,16342.417
F,F,NONE,4,Manufacturer#2,5-LOW,1,BUILDING,AIR,6,0.03,13,Brand#24,1,JUMBO PKG,35,1128,74479.4028
F,F,DELIVER IN PERSON,2,Manufacturer#4,5-LOW,1,BUILDING,FOB,2,0.02,12,Brand#42,1,SM JAR,40,1128,52041.99
F,F,NONE,3,Manufacturer#2,3-MEDIUM,4,HOUSEHOLD,AIR,5,0,23,Brand#24,11,WRAP PACK,37,3174,71513.184
F,F,DELIVER IN PERSON,0,Manufacturer#5,4-NOT SPECIFIED,2,HOUSEHOLD,REG AIR,2,0.08,16,Brand#54,18,JUMBO PACK,30,686,21232.5
F,F,TAKE BACK RETURN,1,Manufacturer#5,4-NOT SPECIFIED,2,HOUSEHOLD,SHIP,1,0.01,3,Brand#55,18,JUMBO BOX,17,686,49217.5905
F,F,TAKE BACK RETURN,4,Manufacturer#4,4-NOT SPECIFIED,2,HOUSEHOLD,MAIL,4,0.04,11,Brand#41,18,LG CASE,5,686,32250.5352
F,F,COLLECT COD,2,Manufacturer#1,3-MEDIUM,4,HOUSEHOLD,FOB,1,0,12,Brand#11,11,MED CASE,33,3174,1564.3287
F,F,TAKE BACK RETURN,4,Manufacturer#1,3-MEDIUM,4,HOUSEHOLD,FOB,3,0,4,Brand#15,11,MED CASE,14,3174,37198.4886
F,F,DELIVER IN PERSON,4,Manufacturer#3,3-MEDIUM,4,HOUSEHOLD,REG AIR,2,0.05,13,Brand#34,11,SM BOX,32,3174,14791.05
F,F,COLLECT COD,0,Manufacturer#5,3-MEDIUM,0,HOUSEHOLD,RAIL,3,0.02,5,Brand#55,14,SM PACK,36,3175,75294.87
F,F,COLLECT COD,4,Manufacturer#5,3-MEDIUM,0,HOUSEHOLD,RAIL,5,0.07,11,Brand#55,14,JUMBO JAR,46,3175,3753.7632
F,F,NONE,1,Manufacturer#5,3-MEDIUM,0,HOUSEHOLD,RAIL,1,0.03,2,Brand#53,14,LG PKG,23,3175,49729.68
F,F,NONE,4,Manufacturer#3,3-MEDIUM,0,HOUSEHOLD,REG AIR,2,0.01,11,Brand#32,14,SM DRUM,11,3175,7692.2028
F,F,NONE,0,Manufacturer#2,2-HIGH,0,BUILDING,RAIL,1,0,16,Brand#25,14,JUMBO BOX,32,3176,33704.2776
F,F,TAKE BACK RETURN,4,Manufacturer#2,5-LOW,1,BUILDING,FOB,4,0,10,Brand#21,3,LG DRUM,11,3177,21086.89
F,F,TAKE BACK RETURN,2,Manufacturer#2,5-LOW,1,BUILDING,FOB,5,0.05,12,Brand#24,3,WRAP PACK,48,3177,28701.6912
F,F,NONE,2,Manufacturer#1,1-URGENT,0,FURNITURE,FOB,2,0.07,18,Brand#14,0,LG CAN,41,3178,58293.144
F,F,TAKE BACK RETURN,0,Manufacturer#1,1-URGENT,0,FURNITURE,TRUCK,3,0.03,14,Brand#13,0,SM PACK,22,3178,5604.03
F,F,TAKE BACK RETURN,3,Manufacturer#4,2-HIGH,3,BUILDING,AIR,2,0.06,6,Brand#41,23,MED CAN,15,1175,10332.5928
F,F,DELIVER IN PERSON,0,Manufacturer#2,2-HIGH,3,BUILDING,SHIP,3,0.08,5,Brand#23,23,WRAP DRUM,33,1175,3658.1776
F,F,NONE,0,Manufacturer#3,2-HIGH,1,HOUSEHOLD,MAIL,1,0.03,14,Brand#34,17,JUMBO CAN,28,3179,51813.5013
F,F,COLLECT COD,1,Manufacturer#3,4-NOT SPECIFIED,3,BUILDING,TRUCK,1,0.01,1,Brand#35,23,WRAP BAG,13,3180,58116.06
F,F,COLLECT COD,1,Manufacturer#2,4-NOT SPECIFIED,3,BUILDING,AIR,3,0.05,1,Brand#24,23,JUMBO JAR,17,3180,44584.8192
F,F,DELIVER IN PERSON,0,Manufacturer#2,2-HIGH,4,MACHINERY,MAIL,5,0.01,0,Brand#25,20,MED JAR,25,3181,1703.6856
F,F,COLLECT COD,4,Manufacturer#2,2-HIGH,4,MACHINERY,MAIL,2,0.06,11,Brand#22,20,JUMBO BOX,9,3181,22785.9702
F,F,NONE,2,Manufacturer#1,2-HIGH,4,HOUSEHOLD,MAIL,3,0.02,21,Brand#15,11,SM BOX,45,2700,19539.1716
F,F,NONE,0,Manufacturer#2,2-HIGH,4,FURNITURE,MAIL,2,0.06,15,Brand#23,13,LG PACK,48,2490,17507.724
F,F,NONE,3,Manufacturer#2,2-HIGH,0,FURNITURE,FOB,6,0.07,23,Brand#24,5,WRAP CASE,36,3182,15304.107
F,F,DELIVER IN PERSON,4,Manufacturer#5,2-HIGH,0,FURNITURE,MAIL,1,0,11,Brand#54,5,LG CAN,2,3182,3277.6198
F,F,TAKE BACK RETURN,0,Manufacturer#5,2-HIGH,0,FURNITURE,AIR,3,0.04,15,Brand#55,5,SM CASE,9,3182,35977.608
F,F,TAKE BACK RETURN,2,Manufacturer#2,3-MEDIUM,4,HOUSEHOLD,REG AIR,4,0.07,9,Brand#24,13,MED PACK,39,1723,33145.3644
F,F,NONE,3,Manufacturer#4,3-MEDIUM,4,HOUSEHOLD,TRUCK,3,0.03,7,Brand#42,13,WRAP PACK,11,1723,16851.8493
F,F,DELIVER IN PERSON,1,Manufacturer#2,3-MEDIUM,4,HOUSEHOLD,MAIL,1,0.07,3,Brand#25,4,MED JAR,34,1844,19671
F,F,COLLECT COD,2,Manufacturer#1,2-HIGH,4,FURNITURE,SHIP,4,0.07,18,Brand#15,13,MED BAG,30,2490,41362.832
F,F,TAKE BACK RETURN,0,Manufacturer#3,1-URGENT,1,MACHINERY,MAIL,3,0.02,15,Brand#32,3,LG BAG,41,2493,33929.6
F,F,COLLECT COD,3,Manufacturer#3,2-HIGH,2,AUTOMOBILE,RAIL,3,0.06,7,Brand#33,9,SM PACK,29,3183,40522.896
F,F,NONE,4,Manufacturer#2,2-HIGH,2,AUTOMOBILE,MAIL,4,0.01,13,Brand#22,9,MED PACK,22,3183,32648.5
F,F,NONE,0,Manufacturer#1,1-URGENT,1,AUTOMOBILE,AIR,4,0.01,0,Brand#15,3,WRAP DRUM,4,3184,16878.15
F,F,COLLECT COD,4,Manufacturer#1,3-MEDIUM,4,AUTOMOBILE,REG AIR,1,0.05,10,Brand#12,13,WRAP PKG,34,3185,8967.905
F,F,NONE,4,Manufacturer#5,3-MEDIUM,4,AUTOMOBILE,RAIL,2,0.02,11,Brand#52,13,WRAP PACK,36,3185,39355.2432
F,F,COLLECT COD,3,Manufacturer#2,2-HIGH,3,FURNITURE,RAIL,1,0.03,7,Brand#25,22,SM BAG,33,3186,24942.006
F,F,COLLECT COD,4,Manufacturer#5,2-HIGH,3,FURNITURE,MAIL,2,0.02,4,Brand#55,22,LG PACK,20,3186,6496.4592
F,F,DELIVER IN PERSON,4,Manufacturer#4,2-HIGH,3,FURNITURE,TRUCK,3,0.08,10,Brand#42,22,SM JAR,49,3186,24823.755
F,F,COLLECT COD,1,Manufacturer#3,1-URGENT,1,FURNITURE,AIR,1,0.04,3,Brand#32,1,LG BOX,20,166,38392.608
F,F,DELIVER IN PERSON,1,Manufacturer#4,1-URGENT,3,BUILDING,FOB,3,0.03,2,Brand#45,7,WRAP JAR,7,1893,87242.9184
F,F,NONE,4,Manufacturer#4,1-URGENT,3,BUILDING,TRUCK,1,0.08,20,Brand#45,7,JUMBO DRUM,46,1893,26437.9206
F,F,DELIVER IN PERSON,4,Manufacturer#2,1-URGENT,3,BUILDING,REG AIR,7,0.08,13,Brand#24,7,MED CASE,7,1893,20433.48
F,F,TAKE BACK RETURN,3,Manufacturer#1,1-URGENT,3,BUILDING,FOB,6,0.07,22,Brand#13,7,JUMBO PKG,46,1893,31356.7632
F,F,COLLECT COD,1,Manufacturer#1,1-URGENT,4,AUTOMOBILE,FOB,1,0.01,3,Brand#13,4,MED CAN,25,430,54078.7995
F,F,DELIVER IN PERSON,1,Manufacturer#2,4-NOT SPECIFIED,1,HOUSEHOLD,TRUCK,6,0.07,17,Brand#21,3,LG CAN,21,3187,52900.89
F,F,COLLECT COD,0,Manufacturer#2,4-NOT SPECIFIED,1,HOUSEHOLD,RAIL,5,0.01,0,Brand#25,3,JUMBO JAR,44,3187,50207.5395
F,F,DELIVER IN PERSON,4,Manufacturer#4,4-NOT SPECIFIED,1,HOUSEHOLD,REG AIR,2,0.04,13,Brand#44,3,MED CASE,38,3187,3884.004
F,F,NONE,3,Manufacturer#3,3-MEDIUM,3,BUILDING,RAIL,3,0.04,23,Brand#33,7,WRAP CAN,10,3188,32114.583
F,F,TAKE BACK RETURN,1,Manufacturer#5,3-MEDIUM,3,BUILDING,MAIL,1,0.03,17,Brand#52,7,SM BAG,21,3188,8846.9892
F,F,COLLECT COD,2,Manufacturer#1,3-MEDIUM,3,BUILDING,FOB,4,0.08,18,Brand#14,7,JUMBO CAN,5,3188,64926.5364
F,F,TAKE BACK RETURN,3,Manufacturer#4,1-URGENT,3,MACHINERY,FOB,1,0.07,22,Brand#44,6,JUMBO BOX,5,2377,30392
F,F,TAKE BACK RETURN,3,Manufacturer#4,1-URGENT,3,MACHINERY,FOB,2,0.02,6,Brand#44,6,SM BOX,22,2377,12298.836
F,F,COLLECT COD,2,Manufacturer#4,1-URGENT,1,FURNITURE,MAIL,2,0.03,12,Brand#43,1,MED PKG,45,166,8303.89
F,F,DELIVER IN PERSON,1,Manufacturer#5,5-LOW,0,BUILDING,FOB,5,0.04,2,Brand#52,5,WRAP PACK,3,3011,54307.5264
F,F,DELIVER IN PERSON,3,Manufacturer#5,2-HIGH,4,HOUSEHOLD,MAIL,1,0.07,19,Brand#52,20,SM PKG,38,2328,40355.156
F,F,TAKE BACK RETURN,3,Manufacturer#1,2-HIGH,2,FURNITURE,RAIL,1,0.08,6,Brand#13,9,JUMBO BOX,1,2361,15707.9
F,F,DELIVER IN PERSON,1,Manufacturer#1,2-HIGH,2,FURNITURE,AIR,2,0.06,24,Brand#12,9,MED BAG,9,2361,72061.6496
F,F,TAKE BACK RETURN,1,Manufacturer#5,5-LOW,3,FURNITURE,REG AIR,4,0.01,1,Brand#51,7,JUMBO CASE,29,3189,33489.61
F,F,COLLECT COD,4,Manufacturer#5,5-LOW,4,AUTOMOBILE,REG AIR,2,0.04,10,Brand#55,20,WRAP PACK,2,2560,40868.01
F,F,DELIVER IN PERSON,0,Manufacturer#5,5-LOW,4,AUTOMOBILE,RAIL,5,0.07,0,Brand#51,20,LG CASE,1,2560,1806.1594
F,F,DELIVER IN PERSON,3,Manufacturer#3,5-LOW,4,AUTOMOBILE,SHIP,4,0.04,6,Brand#35,20,WRAP CASE,44,2560,6251.9024
F,F,NONE,2,Manufacturer#5,5-LOW,3,FURNITURE,RAIL,2,0.08,9,Brand#51,7,LG PACK,42,3190,76926.3936
F,F,TAKE BACK RETURN,2,Manufacturer#4,5-LOW,3,FURNITURE,RAIL,1,0.02,8,Brand#43,7,JUMBO CAN,24,3190,893.763
F,F,TAKE BACK RETURN,2,Manufacturer#4,3-MEDIUM,3,MACHINERY,SHIP,1,0.03,8,Brand#45,23,WRAP BOX,50,3147,3140.748
F,F,COLLECT COD,2,Manufacturer#2,3-MEDIUM,3,MACHINERY,FOB,3,0.08,8,Brand#22,23,SM JAR,15,3147,49648.0545
F,F,NONE,3,Manufacturer#5,4-NOT SPECIFIED,0,HOUSEHOLD,FOB,2,0.06,22,Brand#52,14,SM DRUM,36,581,64558.9791
F,F,DELIVER IN PERSON,3,Manufacturer#1,5-LOW,1,MACHINERY,SHIP,2,0,7,Brand#13,1,MED PKG,41,1151,62436.132
F,F,DELIVER IN PERSON,3,Manufacturer#2,5-LOW,0,BUILDING,FOB,4,0.08,23,Brand#25,5,WRAP PKG,4,3011,73402.9565
F,F,COLLECT COD,4,Manufacturer#1,5-LOW,0,BUILDING,MAIL,3,0.01,11,Brand#11,5,JUMBO CAN,46,3011,32845.5456
F,F,DELIVER IN PERSON,0,Manufacturer#5,2-HIGH,4,AUTOMOBILE,RAIL,2,0.02,14,Brand#52,4,JUMBO JAR,10,3191,27446.26
F,F,DELIVER IN PERSON,1,Manufacturer#1,2-HIGH,4,AUTOMOBILE,FOB,1,0.04,17,Brand#12,4,SM CASE,19,3191,57236.8342
F,F,DELIVER IN PERSON,2,Manufacturer#2,2-HIGH,4,AUTOMOBILE,AIR,5,0.08,18,Brand#25,4,JUMBO PACK,22,3191,60331.46
F,F,COLLECT COD,2,Manufacturer#3,5-LOW,0,BUILDING,MAIL,6,0.08,12,Brand#32,5,LG BAG,19,3011,41321.826
F,F,DELIVER IN PERSON,1,Manufacturer#4,1-URGENT,3,HOUSEHOLD,AIR,2,0.04,2,Brand#41,6,MED CASE,8,3192,55826.6752
F,F,NONE,2,Manufacturer#3,3-MEDIUM,0,HOUSEHOLD,FOB,1,0.07,12,Brand#34,14,LG CASE,9,3193,1284.6874
F,F,DELIVER IN PERSON,0,Manufacturer#1,1-URGENT,3,HOUSEHOLD,AIR,1,0.06,15,Brand#14,6,JUMBO PACK,5,3192,13601.1512
F,F,NONE,3,Manufacturer#3,5-LOW,3,BUILDING,MAIL,2,0.06,6,Brand#35,23,SM CAN,1,268,61244.4105
F,F,COLLECT COD,4,Manufacturer#3,4-NOT SPECIFIED,3,FURNITURE,TRUCK,2,0.02,11,Brand#33,23,LG PACK,45,3194,18794.34
F,F,NONE,4,Manufacturer#4,5-LOW,3,BUILDING,SHIP,4,0.07,4,Brand#41,23,MED BOX,17,268,50286.393
F,F,TAKE BACK RETURN,1,Manufacturer#3,5-LOW,3,BUILDING,RAIL,1,0.03,3,Brand#34,23,LG CAN,37,268,57059.1945
F,F,TAKE BACK RETURN,2,Manufacturer#5,5-LOW,1,HOUSEHOLD,RAIL,6,0.01,8,Brand#51,3,MED CAN,4,3195,24628.23
F,F,NONE,1,Manufacturer#2,2-HIGH,2,FURNITURE,TRUCK,2,0.02,3,Brand#24,18,MED PACK,45,1255,4457.9024
F,F,DELIVER IN PERSON,0,Manufacturer#3,2-HIGH,2,AUTOMOBILE,SHIP,6,0.03,14,Brand#32,12,MED CASE,46,3196,45945.306
F,F,COLLECT COD,1,Manufacturer#2,2-HIGH,2,AUTOMOBILE,AIR,2,0.04,2,Brand#23,12,SM BOX,40,3196,31099.1832
F,F,NONE,2,Manufacturer#3,2-HIGH,2,AUTOMOBILE,MAIL,1,0.08,12,Brand#35,12,SM CASE,6,3196,76275.85
F,F,DELIVER IN PERSON,3,Manufacturer#5,1-URGENT,4,FURNITURE,FOB,1,0.08,19,Brand#52,10,SM CASE,25,3197,38599.925
F,F,DELIVER IN PERSON,4,Manufacturer#3,1-URGENT,4,FURNITURE,RAIL,3,0.01,13,Brand#31,10,JUMBO BAG,9,3197,38420.028
F,F,NONE,1,Manufacturer#1,5-LOW,4,FURNITURE,FOB,5,0.04,2,Brand#14,13,WRAP JAR,4,3198,39237.7986
F,F,TAKE BACK RETURN,3,Manufacturer#5,3-MEDIUM,3,FURNITURE,TRUCK,5,0.06,7,Brand#52,19,SM JAR,38,3199,30298.656
F,F,TAKE BACK RETURN,0,Manufacturer#2,3-MEDIUM,3,FURNITURE,FOB,2,0,5,Brand#21,19,MED BOX,41,3199,1695.672
F,F,NONE,4,Manufacturer#3,3-MEDIUM,3,FURNITURE,SHIP,1,0.02,20,Brand#32,19,SM DRUM,3,3199,3958.6752
F,F,DELIVER IN PERSON,3,Manufacturer#2,3-MEDIUM,1,AUTOMOBILE,AIR,1,0.02,22,Brand#21,2,WRAP JAR,26,3200,4560.2375
F,F,NONE,4,Manufacturer#1,5-LOW,4,FURNITURE,RAIL,3,0.04,13,Brand#12,13,SM BAG,36,3198,12805.8
F,F,DELIVER IN PERSON,0,Manufacturer#3,5-LOW,4,FURNITURE,AIR,1,0.01,14,Brand#35,13,JUMBO BOX,10,3198,58218.9335
F,F,NONE,0,Manufacturer#3,3-MEDIUM,0,MACHINERY,SHIP,2,0.08,15,Brand#33,15,LG BAG,4,3201,19001.9
F,F,TAKE BACK RETURN,1,Manufacturer#2,4-NOT SPECIFIED,1,BUILDING,TRUCK,3,0.01,24,Brand#21,24,WRAP PACK,29,3202,17379.4896
F,F,TAKE BACK RETURN,1,Manufacturer#2,4-NOT SPECIFIED,1,BUILDING,MAIL,1,0.01,2,Brand#24,24,LG CAN,22,3202,15311.637
F,F,COLLECT COD,1,Manufacturer#5,2-HIGH,0,MACHINERY,RAIL,1,0.04,1,Brand#52,15,WRAP BAG,27,1742,59670.165
F,F,NONE,3,Manufacturer#4,2-HIGH,0,MACHINERY,AIR,2,0,22,Brand#43,15,JUMBO PACK,27,1742,3560.652
F,F,TAKE BACK RETURN,2,Manufacturer#2,1-URGENT,0,AUTOMOBILE,FOB,1,0.04,12,Brand#24,5,SM PACK,38,520,18129.4512
F,F,DELIVER IN PERSON,4,Manufacturer#4,3-MEDIUM,4,HOUSEHOLD,TRUCK,1,0.03,11,Brand#41,11,MED BAG,6,3203,15589.1439
F,F,DELIVER IN PERSON,3,Manufacturer#2,3-MEDIUM,4,HOUSEHOLD,AIR,5,0.07,23,Brand#25,11,SM BAG,47,3203,17866.137
F,F,DELIVER IN PERSON,2,Manufacturer#3,3-MEDIUM,4,HOUSEHOLD,RAIL,6,0.03,21,Brand#35,11,WRAP PKG,7,3203,78395.6448
F,F,DELIVER IN PERSON,0,Manufacturer#3,3-MEDIUM,4,HOUSEHOLD,FOB,4,0.03,16,Brand#35,11,MED PKG,38,3203,17904.81
F,F,TAKE BACK RETURN,3,Manufacturer#1,3-MEDIUM,4,HOUSEHOLD,RAIL,3,0.03,19,Brand#13,11,SM JAR,21,3203,30564.429
F,F,TAKE BACK RETURN,4,Manufacturer#4,3-MEDIUM,4,HOUSEHOLD,TRUCK,2,0.03,4,Brand#42,11,JUMBO BOX,42,3203,3388.8582
F,F,TAKE BACK RETURN,4,Manufacturer#1,3-MEDIUM,4,HOUSEHOLD,FOB,7,0.04,20,Brand#12,11,LG PKG,4,3203,2997.535
F,F,DELIVER IN PERSON,4,Manufacturer#3,3-MEDIUM,0,MACHINERY,AIR,1,0.01,20,Brand#32,15,JUMBO CASE,28,3201,21508.158
F,F,NONE,0,Manufacturer#3,3-MEDIUM,0,MACHINERY,FOB,4,0.08,15,Brand#33,15,JUMBO DRUM,49,3201,26224.71
F,F,TAKE BACK RETURN,4,Manufacturer#1,1-URGENT,1,HOUSEHOLD,REG AIR,2,0.07,13,Brand#12,3,JUMBO BOX,43,3204,42795.6432
F,F,NONE,3,Manufacturer#5,1-URGENT,1,HOUSEHOLD,MAIL,4,0.08,7,Brand#55,3,WRAP DRUM,9,3204,74582.7264
F,F,TAKE BACK RETURN,4,Manufacturer#2,1-URGENT,1,HOUSEHOLD,MAIL,1,0.04,11,Brand#21,3,JUMBO CAN,14,3204,45958.1076
F,F,COLLECT COD,3,Manufacturer#1,1-URGENT,1,HOUSEHOLD,REG AIR,5,0.01,19,Brand#15,3,LG CASE,25,3204,12847.0732
F,F,DELIVER IN PERSON,3,Manufacturer#2,1-URGENT,1,HOUSEHOLD,REG AIR,7,0.03,6,Brand#25,3,SM CAN,22,3204,66870
F,F,DELIVER IN PERSON,1,Manufacturer#1,3-MEDIUM,4,MACHINERY,AIR,4,0.01,1,Brand#12,4,WRAP JAR,32,3205,15388.6656
F,F,COLLECT COD,2,Manufacturer#2,3-MEDIUM,4,MACHINERY,SHIP,2,0.08,9,Brand#21,4,JUMBO CAN,20,3205,33634.3329
F,F,COLLECT COD,2,Manufacturer#5,5-LOW,4,AUTOMOBILE,AIR,2,0.05,12,Brand#54,11,WRAP DRUM,21,3206,21448.834
F,F,DELIVER IN PERSON,3,Manufacturer#2,4-NOT SPECIFIED,1,MACHINERY,REG AIR,2,0.07,6,Brand#21,3,LG BOX,43,3207,29613.9753
F,F,TAKE BACK RETURN,1,Manufacturer#1,4-NOT SPECIFIED,1,MACHINERY,RAIL,4,0.07,2,Brand#15,3,WRAP CAN,14,3207,4915.584
F,F,TAKE BACK RETURN,2,Manufacturer#3,4-NOT SPECIFIED,1,MACHINERY,SHIP,5,0.03,8,Brand#35,3,JUMBO BOX,33,3207,14397.768
F,F,DELIVER IN PERSON,1,Manufacturer#5,5-LOW,4,AUTOMOBILE,FOB,1,0.05,3,Brand#54,11,MED JAR,2,3206,1875.0501
F,F,DELIVER IN PERSON,1,Manufacturer#5,5-LOW,4,AUTOMOBILE,MAIL,4,0.01,1,Brand#53,11,MED PACK,1,3206,77745.36
F,F,TAKE BACK RETURN,3,Manufacturer#4,5-LOW,4,AUTOMOBILE,REG AIR,3,0.03,23,Brand#44,11,WRAP PKG,22,3206,27802.368
F,F,DELIVER IN PERSON,0,Manufacturer#3,4-NOT SPECIFIED,1,MACHINERY,AIR,5,0,15,Brand#35,2,WRAP DRUM,8,3208,29877.386
F,F,COLLECT COD,4,Manufacturer#3,4-NOT SPECIFIED,1,MACHINERY,AIR,1,0.04,13,Brand#33,2,SM PACK,41,3208,26972.48
F,F,DELIVER IN PERSON,3,Manufacturer#5,4-NOT SPECIFIED,1,MACHINERY,TRUCK,4,0.03,6,Brand#52,2,WRAP JAR,46,3208,33040.7424
F,F,TAKE BACK RETURN,1,Manufacturer#3,4-NOT SPECIFIED,1,MACHINERY,REG AIR,2,0.01,1,Brand#32,2,LG BOX,22,3208,4165.0336
F,F,COLLECT COD,4,Manufacturer#4,5-LOW,3,HOUSEHOLD,FOB,1,0,20,Brand#41,6,LG PACK,46,1525,11866.5652
F,F,COLLECT COD,3,Manufacturer#2,3-MEDIUM,4,FURNITURE,REG AIR,4,0.05,6,Brand#25,11,SM CAN,2,3209,24383.3166
F,F,COLLECT COD,2,Manufacturer#2,3-MEDIUM,4,FURNITURE,FOB,5,0.08,18,Brand#22,11,SM BOX,39,3209,7824.735
F,F,TAKE BACK RETURN,0,Manufacturer#2,5-LOW,1,FURNITURE,FOB,3,0.06,5,Brand#22,1,WRAP PKG,20,3210,16502.6488
F,F,NONE,1,Manufacturer#1,4-NOT SPECIFIED,3,HOUSEHOLD,MAIL,2,0,1,Brand#12,23,WRAP BAG,44,3211,13505.4218
F,F,DELIVER IN PERSON,4,Manufacturer#3,2-HIGH,0,HOUSEHOLD,AIR,3,0.01,20,Brand#34,15,JUMBO JAR,33,3212,28840.185
F,F,DELIVER IN PERSON,1,Manufacturer#3,2-HIGH,0,HOUSEHOLD,MAIL,6,0,17,Brand#35,15,WRAP JAR,18,3212,41646.6648
F,F,DELIVER IN PERSON,3,Manufacturer#3,5-LOW,1,MACHINERY,REG AIR,2,0.07,7,Brand#33,2,WRAP BAG,25,3213,16172.0832
F,F,DELIVER IN PERSON,1,Manufacturer#5,5-LOW,1,MACHINERY,AIR,4,0.05,24,Brand#54,2,LG PKG,8,3213,5218.416
F,F,DELIVER IN PERSON,2,Manufacturer#5,5-LOW,1,MACHINERY,SHIP,1,0.03,8,Brand#52,2,WRAP JAR,42,3213,25839.3408
F,F,DELIVER IN PERSON,2,Manufacturer#3,2-HIGH,0,HOUSEHOLD,MAIL,2,0,18,Brand#35,15,JUMBO CAN,6,3212,43099.056
F,F,NONE,4,Manufacturer#4,2-HIGH,0,HOUSEHOLD,MAIL,1,0.08,13,Brand#41,15,WRAP JAR,32,3212,68184
F,F,TAKE BACK RETURN,4,Manufacturer#3,2-HIGH,0,HOUSEHOLD,TRUCK,4,0.03,10,Brand#32,15,LG BAG,25,3212,72791.1936
F,F,COLLECT COD,2,Manufacturer#1,2-HIGH,0,HOUSEHOLD,FOB,5,0.08,9,Brand#15,15,MED PKG,26,3212,78532.206
F,F,TAKE BACK RETURN,0,Manufacturer#1,3-MEDIUM,0,AUTOMOBILE,MAIL,3,0,0,Brand#11,15,LG DRUM,43,3214,72239.94
F,F,DELIVER IN PERSON,0,Manufacturer#4,1-URGENT,0,FURNITURE,RAIL,2,0.01,15,Brand#44,14,WRAP BOX,4,3215,53964.6016
F,F,DELIVER IN PERSON,2,Manufacturer#2,1-URGENT,0,FURNITURE,MAIL,1,0.05,12,Brand#21,14,LG BOX,26,3215,59823.2
F,F,COLLECT COD,2,Manufacturer#2,5-LOW,3,HOUSEHOLD,FOB,1,0.02,8,Brand#24,19,WRAP PKG,1,3216,19730.227
F,F,NONE,3,Manufacturer#1,5-LOW,3,HOUSEHOLD,AIR,6,0.02,19,Brand#12,19,SM BAG,26,3216,25193.448
F,F,NONE,0,Manufacturer#4,5-LOW,3,HOUSEHOLD,AIR,2,0.02,0,Brand#41,19,SM PKG,17,3216,25369.1712
F,F,COLLECT COD,2,Manufacturer#3,5-LOW,3,HOUSEHOLD,AIR,3,0.04,18,Brand#35,19,SM PACK,25,3216,48232.548
F,F,TAKE BACK RETURN,2,Manufacturer#3,2-HIGH,4,BUILDING,AIR,2,0.08,12,Brand#34,10,WRAP BAG,28,3217,13931.7486
F,F,NONE,1,Manufacturer#4,4-NOT SPECIFIED,1,FURNITURE,SHIP,2,0.08,1,Brand#41,3,LG PKG,25,1989,41843.9736
F,F,DELIVER IN PERSON,4,Manufacturer#2,4-NOT SPECIFIED,1,FURNITURE,REG AIR,1,0.03,10,Brand#23,3,JUMBO CAN,34,1989,27364.7232
F,F,DELIVER IN PERSON,2,Manufacturer#5,5-LOW,4,MACHINERY,AIR,5,0.05,12,Brand#51,11,SM BAG,28,3218,38401.251
F,F,COLLECT COD,3,Manufacturer#1,5-LOW,4,MACHINERY,FOB,4,0.04,6,Brand#12,11,JUMBO CASE,9,3218,34664.0112
F,F,NONE,3,Manufacturer#2,5-LOW,4,MACHINERY,RAIL,2,0.06,7,Brand#21,11,LG BOX,8,3218,34132.8256
F,F,COLLECT COD,2,Manufacturer#2,5-LOW,4,MACHINERY,MAIL,1,0.03,21,Brand#23,11,JUMBO CASE,12,3218,34788.1968
F,F,DELIVER IN PERSON,4,Manufacturer#2,5-LOW,1,BUILDING,SHIP,7,0.01,11,Brand#22,3,WRAP CASE,44,3219,10017.792
F,F,COLLECT COD,1,Manufacturer#2,3-MEDIUM,0,AUTOMOBILE,RAIL,6,0.02,3,Brand#21,15,SM DRUM,14,3214,33673.05
F,F,COLLECT COD,2,Manufacturer#5,3-MEDIUM,0,AUTOMOBILE,SHIP,1,0.08,9,Brand#54,15,WRAP JAR,48,3214,48860.6664
F,F,TAKE BACK RETURN,1,Manufacturer#5,4-NOT SPECIFIED,3,HOUSEHOLD,TRUCK,1,0.02,24,Brand#51,22,LG CASE,12,3220,9227.9808
F,F,NONE,0,Manufacturer#2,5-LOW,4,FURNITURE,RAIL,7,0.02,14,Brand#21,13,JUMBO BAG,50,771,47179.44
F,F,TAKE BACK RETURN,1,Manufacturer#4,4-NOT SPECIFIED,3,HOUSEHOLD,AIR,6,0.05,3,Brand#44,22,LG DRUM,49,3220,41093
F,F,TAKE BACK RETURN,1,Manufacturer#2,4-NOT SPECIFIED,3,HOUSEHOLD,REG AIR,2,0.06,24,Brand#21,22,SM CASE,43,3220,31603.6215
F,F,TAKE BACK RETURN,0,Manufacturer#4,5-LOW,4,FURNITURE,SHIP,5,0.08,16,Brand#41,13,LG PACK,10,771,22293.576
F,F,TAKE BACK RETURN,1,Manufacturer#2,5-LOW,4,FURNITURE,FOB,4,0.05,17,Brand#25,13,WRAP JAR,39,771,28468.4414
F,F,TAKE BACK RETURN,1,Manufacturer#5,5-LOW,4,FURNITURE,REG AIR,3,0.02,3,Brand#54,13,MED JAR,2,771,18371.703
F,F,NONE,0,Manufacturer#5,3-MEDIUM,2,FURNITURE,REG AIR,2,0.03,15,Brand#54,8,LG PACK,41,783,21571.884
F,F,NONE,1,Manufacturer#5,5-LOW,4,HOUSEHOLD,AIR,3,0,3,Brand#52,4,SM CASE,15,3221,45735.015
F,F,COLLECT COD,0,Manufacturer#4,5-LOW,4,HOUSEHOLD,REG AIR,2,0.03,0,Brand#42,4,SM BOX,43,3221,21473.3288
F,F,TAKE BACK RETURN,0,Manufacturer#3,4-NOT SPECIFIED,1,BUILDING,REG AIR,1,0.01,15,Brand#33,17,WRAP DRUM,11,3222,36787.6477
F,F,NONE,0,Manufacturer#2,4-NOT SPECIFIED,1,BUILDING,MAIL,7,0.06,14,Brand#25,17,MED BAG,50,3222,71693.37
F,F,NONE,0,Manufacturer#3,4-NOT SPECIFIED,1,BUILDING,AIR,4,0.06,14,Brand#34,17,MED CAN,21,3222,995.5964
F,F,DELIVER IN PERSON,2,Manufacturer#5,4-NOT SPECIFIED,1,BUILDING,TRUCK,5,0.07,8,Brand#53,17,LG DRUM,36,3222,26754.299
F,F,NONE,4,Manufacturer#2,1-URGENT,2,FURNITURE,TRUCK,6,0.03,4,Brand#25,21,MED PACK,22,88,27511.575
F,F,DELIVER IN PERSON,0,Manufacturer#2,1-URGENT,2,FURNITURE,AIR,2,0.03,16,Brand#25,21,JUMBO PACK,13,88,42116.088
F,F,TAKE BACK RETURN,4,Manufacturer#3,1-URGENT,2,FURNITURE,REG AIR,4,0.01,10,Brand#33,21,WRAP JAR,23,88,10718.4968
F,F,DELIVER IN PERSON,1,Manufacturer#1,1-URGENT,2,FURNITURE,REG AIR,2,0.07,2,Brand#14,12,WRAP BAG,35,3223,6932.35
F,F,DELIVER IN PERSON,0,Manufacturer#1,5-LOW,1,FURNITURE,FOB,1,0.02,15,Brand#11,2,LG CASE,39,3224,37751.1
F,F,NONE,2,Manufacturer#4,5-LOW,1,FURNITURE,SHIP,4,0.01,12,Brand#45,2,JUMBO PACK,14,3224,30826.152
F,F,COLLECT COD,2,Manufacturer#1,4-NOT SPECIFIED,0,AUTOMOBILE,MAIL,4,0.02,12,Brand#15,5,WRAP PKG,7,3225,25471.6584
F,F,COLLECT COD,2,Manufacturer#1,3-MEDIUM,2,FURNITURE,MAIL,5,0.06,8,Brand#11,12,MED PKG,48,3226,71914.752
F,F,DELIVER IN PERSON,1,Manufacturer#1,3-MEDIUM,2,FURNITURE,FOB,6,0.08,3,Brand#14,12,WRAP BAG,41,3226,2547.1956
F,F,TAKE BACK RETURN,3,Manufacturer#5,3-MEDIUM,2,FURNITURE,MAIL,2,0.01,23,Brand#52,12,LG CASE,47,3226,26893.9872
F,F,TAKE BACK RETURN,0,Manufacturer#1,3-MEDIUM,2,FURNITURE,SHIP,7,0.01,16,Brand#15,12,LG CAN,44,3226,66465.07
F,F,DELIVER IN PERSON,4,Manufacturer#1,3-MEDIUM,2,FURNITURE,MAIL,3,0.02,11,Brand#11,12,SM DRUM,31,3226,41319.2325
F,F,DELIVER IN PERSON,3,Manufacturer#3,3-MEDIUM,2,FURNITURE,SHIP,1,0.06,19,Brand#35,12,SM JAR,21,3226,18418.032
F,F,DELIVER IN PERSON,4,Manufacturer#2,4-NOT SPECIFIED,0,AUTOMOBILE,REG AIR,2,0,11,Brand#25,5,LG PKG,8,3225,36746.703
F,F,DELIVER IN PERSON,2,Manufacturer#2,4-NOT SPECIFIED,0,AUTOMOBILE,SHIP,1,0,8,Brand#24,5,JUMBO BAG,26,3225,27056.188
F,F,TAKE BACK RETURN,4,Manufacturer#5,4-NOT SPECIFIED,0,AUTOMOBILE,AIR,5,0.01,11,Brand#55,5,SM PACK,9,3225,46087.2288
F,F,NONE,4,Manufacturer#2,3-MEDIUM,3,HOUSEHOLD,REG AIR,2,0.03,10,Brand#25,23,MED DRUM,14,3227,41555.328
F,F,DELIVER IN PERSON,4,Manufacturer#1,3-MEDIUM,4,HOUSEHOLD,REG AIR,3,0.05,4,Brand#12,13,WRAP DRUM,40,3228,29589.0408
F,F,NONE,1,Manufacturer#4,3-MEDIUM,4,HOUSEHOLD,FOB,2,0.07,24,Brand#42,13,MED CAN,17,3228,78710.806
F,F,TAKE BACK RETURN,0,Manufacturer#4,4-NOT SPECIFIED,4,MACHINERY,FOB,2,0.05,0,Brand#45,20,LG JAR,17,3229,55631.232
F,F,DELIVER IN PERSON,1,Manufacturer#3,4-NOT SPECIFIED,2,BUILDING,TRUCK,2,0.01,17,Brand#35,21,MED DRUM,17,336,23366.3976
F,F,DELIVER IN PERSON,0,Manufacturer#5,4-NOT SPECIFIED,2,BUILDING,RAIL,4,0.04,16,Brand#55,21,LG BOX,45,336,6484.5459
F,F,TAKE BACK RETURN,3,Manufacturer#2,4-NOT SPECIFIED,2,BUILDING,MAIL,3,0.02,23,Brand#24,21,WRAP DRUM,36,336,50666.2944
F,F,TAKE BACK RETURN,1,Manufacturer#5,2-HIGH,1,BUILDING,RAIL,4,0,24,Brand#54,2,MED JAR,13,3230,43612.4436
F,F,NONE,0,Manufacturer#5,2-HIGH,1,BUILDING,FOB,6,0.04,14,Brand#55,2,LG BOX,3,3230,22433.76
F,F,TAKE BACK RETURN,0,Manufacturer#1,2-HIGH,1,BUILDING,SHIP,5,0.07,15,Brand#15,2,SM PACK,35,3230,64977.4692
F,F,DELIVER IN PERSON,0,Manufacturer#2,5-LOW,4,AUTOMOBILE,REG AIR,4,0.06,16,Brand#25,10,WRAP CASE,43,3231,3686.19
F,F,COLLECT COD,0,Manufacturer#3,5-LOW,4,AUTOMOBILE,FOB,5,0.01,5,Brand#33,10,WRAP CAN,1,3231,74885.1664
F,F,DELIVER IN PERSON,1,Manufacturer#5,4-NOT SPECIFIED,4,MACHINERY,FOB,1,0,1,Brand#51,20,JUMBO BAG,10,3229,9302.7732
F,F,COLLECT COD,2,Manufacturer#3,3-MEDIUM,1,MACHINERY,SHIP,1,0.06,12,Brand#32,3,SM DRUM,3,458,2969.0064
F,F,TAKE BACK RETURN,3,Manufacturer#5,1-URGENT,4,MACHINERY,MAIL,1,0.04,19,Brand#55,13,JUMBO CASE,34,3232,1832.5608
F,F,NONE,2,Manufacturer#3,4-NOT SPECIFIED,3,HOUSEHOLD,RAIL,2,0.02,8,Brand#34,23,JUMBO BOX,15,3233,27468.492
F,F,TAKE BACK RETURN,0,Manufacturer#2,4-NOT SPECIFIED,3,HOUSEHOLD,FOB,1,0.02,5,Brand#21,23,SM CASE,37,3233,2785.0056
F,F,COLLECT COD,1,Manufacturer#1,4-NOT SPECIFIED,4,BUILDING,FOB,3,0.03,1,Brand#14,13,SM JAR,12,584,12293.568
F,F,NONE,4,Manufacturer#4,5-LOW,4,HOUSEHOLD,FOB,2,0.08,10,Brand#45,4,LG JAR,36,3234,59570.28
F,F,TAKE BACK RETURN,3,Manufacturer#3,5-LOW,4,HOUSEHOLD,FOB,1,0.01,6,Brand#35,4,MED CAN,48,3234,9514.1046
F,F,COLLECT COD,0,Manufacturer#3,2-HIGH,1,AUTOMOBILE,RAIL,6,0.05,15,Brand#35,3,SM PACK,18,3235,42652.4035
F,F,DELIVER IN PERSON,1,Manufacturer#5,2-HIGH,1,AUTOMOBILE,MAIL,5,0.08,24,Brand#55,3,WRAP PACK,46,3235,22468.8
F,F,NONE,2,Manufacturer#3,2-HIGH,1,AUTOMOBILE,RAIL,7,0.07,8,Brand#34,3,JUMBO CASE,5,3235,40824.3034
F,F,COLLECT COD,2,Manufacturer#4,2-HIGH,1,AUTOMOBILE,REG AIR,4,0.04,8,Brand#44,3,JUMBO DRUM,35,3235,29409.9344
F,F,COLLECT COD,2,Manufacturer#3,1-URGENT,3,BUILDING,FOB,2,0.04,18,Brand#34,23,MED CAN,16,2602,32677.929
F,F,DELIVER IN PERSON,1,Manufacturer#2,1-URGENT,3,BUILDING,RAIL,4,0,1,Brand#24,23,JUMBO PKG,22,2602,14725.26
F,F,COLLECT COD,4,Manufacturer#2,1-URGENT,3,BUILDING,TRUCK,3,0.02,11,Brand#21,23,SM JAR,47,2602,41231.8848
F,F,TAKE BACK RETURN,1,Manufacturer#4,1-URGENT,3,BUILDING,MAIL,5,0.05,1,Brand#43,23,JUMBO CASE,18,2602,52591.525
F,F,NONE,4,Manufacturer#3,1-URGENT,3,BUILDING,RAIL,1,0.02,4,Brand#34,23,LG BOX,49,2602,59764.712
F,F,DELIVER IN PERSON,2,Manufacturer#1,3-MEDIUM,3,HOUSEHOLD,TRUCK,6,0.06,9,Brand#13,23,LG PKG,32,3236,47436.1008
F,F,COLLECT COD,2,Manufacturer#4,3-MEDIUM,3,HOUSEHOLD,REG AIR,7,0.06,18,Brand#41,23,SM BOX,39,3236,72526.5
F,F,DELIVER IN PERSON,1,Manufacturer#1,4-NOT SPECIFIED,1,AUTOMOBILE,SHIP,4,0.03,17,Brand#12,24,SM BAG,46,3237,13953.94
F,F,COLLECT COD,2,Manufacturer#4,1-URGENT,0,MACHINERY,MAIL,3,0.08,9,Brand#43,16,SM JAR,46,731,33827.4387
F,F,NONE,4,Manufacturer#4,1-URGENT,0,MACHINERY,MAIL,1,0,20,Brand#41,16,JUMBO PACK,44,731,33815.8912
F,F,DELIVER IN PERSON,3,Manufacturer#4,1-URGENT,0,MACHINERY,AIR,5,0.03,7,Brand#44,16,LG BOX,43,731,6348.84
F,F,NONE,1,Manufacturer#2,1-URGENT,0,MACHINERY,REG AIR,2,0.03,1,Brand#25,16,JUMBO PKG,29,731,65828.8032
F,F,COLLECT COD,3,Manufacturer#3,3-MEDIUM,4,BUILDING,AIR,2,0.02,22,Brand#32,11,SM DRUM,17,3238,40807.06
F,F,DELIVER IN PERSON,3,Manufacturer#4,3-MEDIUM,4,BUILDING,MAIL,1,0.05,19,Brand#42,11,MED BOX,2,3238,59921.5104
F,F,NONE,4,Manufacturer#3,3-MEDIUM,4,BUILDING,FOB,5,0.08,4,Brand#32,11,WRAP JAR,46,3238,34955.13
F,F,DELIVER IN PERSON,1,Manufacturer#5,3-MEDIUM,4,BUILDING,RAIL,7,0.01,2,Brand#52,11,JUMBO CASE,45,3238,31347.5712
F,F,NONE,3,Manufacturer#1,3-MEDIUM,4,BUILDING,RAIL,3,0.01,6,Brand#11,11,WRAP PACK,32,3238,61434.9412
F,F,TAKE BACK RETURN,2,Manufacturer#4,2-HIGH,0,MACHINERY,RAIL,2,0.03,18,Brand#42,0,JUMBO BOX,38,3239,37474.5072
F,F,COLLECT COD,2,Manufacturer#1,5-LOW,2,HOUSEHOLD,RAIL,4,0.06,9,Brand#11,12,MED BAG,30,1283,55116.8964
F,F,COLLECT COD,3,Manufacturer#3,5-LOW,2,HOUSEHOLD,REG AIR,2,0.02,19,Brand#34,12,SM DRUM,7,1283,9782.9088
F,F,COLLECT COD,3,Manufacturer#3,5-LOW,0,FURNITURE,FOB,2,0.01,23,Brand#34,15,SM JAR,5,3240,57212.8
F,F,COLLECT COD,2,Manufacturer#5,5-LOW,0,FURNITURE,SHIP,1,0.01,12,Brand#55,15,WRAP DRUM,44,3240,67740.1788
F,F,TAKE BACK RETURN,3,Manufacturer#3,5-LOW,0,FURNITURE,TRUCK,4,0.05,7,Brand#34,15,LG DRUM,33,3240,75566.8788
F,F,DELIVER IN PERSON,1,Manufacturer#5,5-LOW,0,FURNITURE,FOB,3,0.02,17,Brand#51,15,SM BOX,17,3240,62233.74
F,F,COLLECT COD,2,Manufacturer#1,1-URGENT,2,BUILDING,REG AIR,2,0.02,21,Brand#11,12,WRAP CAN,44,3241,7393.2096
F,F,COLLECT COD,3,Manufacturer#5,1-URGENT,2,BUILDING,REG AIR,1,0.04,22,Brand#55,12,MED DRUM,37,3241,67975.7204
F,F,DELIVER IN PERSON,2,Manufacturer#5,1-URGENT,3,HOUSEHOLD,FOB,2,0.05,12,Brand#51,23,LG BAG,43,1630,38963.08
F,F,TAKE BACK RETURN,2,Manufacturer#2,2-HIGH,2,MACHINERY,RAIL,3,0.05,21,Brand#22,8,WRAP JAR,40,3242,30249.9
F,F,COLLECT COD,3,Manufacturer#3,5-LOW,0,BUILDING,AIR,2,0.05,19,Brand#32,15,SM PKG,21,3243,6921.5256
F,F,TAKE BACK RETURN,0,Manufacturer#3,5-LOW,0,BUILDING,REG AIR,1,0.01,15,Brand#32,15,SM JAR,42,3243,80825.472
F,F,TAKE BACK RETURN,0,Manufacturer#3,4-NOT SPECIFIED,3,BUILDING,SHIP,1,0.01,14,Brand#35,19,SM BAG,22,3244,53946.0844
F,F,DELIVER IN PERSON,2,Manufacturer#3,3-MEDIUM,1,FURNITURE,REG AIR,1,0.01,9,Brand#34,1,JUMBO CASE,19,3245,46936.35
F,F,NONE,0,Manufacturer#2,3-MEDIUM,1,FURNITURE,AIR,2,0.02,14,Brand#25,1,SM PACK,34,3245,32066.928
F,F,COLLECT COD,3,Manufacturer#1,3-MEDIUM,1,FURNITURE,AIR,3,0,23,Brand#15,1,JUMBO CASE,41,3245,14515.6032
F,F,COLLECT COD,3,Manufacturer#2,3-MEDIUM,1,FURNITURE,FOB,5,0.06,23,Brand#21,1,JUMBO CAN,1,3245,31078.68
F,F,TAKE BACK RETURN,1,Manufacturer#4,3-MEDIUM,3,AUTOMOBILE,FOB,1,0.01,17,Brand#42,22,WRAP CAN,10,1350,32642.6112
F,F,DELIVER IN PERSON,4,Manufacturer#3,4-NOT SPECIFIED,1,AUTOMOBILE,SHIP,3,0.05,20,Brand#32,24,LG CAN,33,3237,29995.164
F,F,TAKE BACK RETURN,2,Manufacturer#2,2-HIGH,0,MACHINERY,SHIP,2,0.03,12,Brand#23,15,JUMBO BAG,35,1899,21772.7136
F,F,NONE,2,Manufacturer#4,1-URGENT,3,HOUSEHOLD,SHIP,1,0.02,12,Brand#43,7,JUMBO BOX,48,340,84569.28
F,F,COLLECT COD,3,Manufacturer#1,4-NOT SPECIFIED,2,AUTOMOBILE,FOB,4,0.04,19,Brand#15,21,SM CASE,36,378,3299.2974
F,F,COLLECT COD,3,Manufacturer#4,4-NOT SPECIFIED,2,AUTOMOBILE,FOB,1,0.01,22,Brand#45,21,LG CAN,16,378,48018.1986
F,F,DELIVER IN PERSON,0,Manufacturer#5,4-NOT SPECIFIED,2,AUTOMOBILE,MAIL,5,0,16,Brand#55,21,MED PKG,10,378,20891.385
F,F,NONE,1,Manufacturer#2,3-MEDIUM,2,HOUSEHOLD,SHIP,5,0.04,17,Brand#22,12,JUMBO CAN,24,3246,42117.561
F,F,COLLECT COD,0,Manufacturer#2,3-MEDIUM,2,HOUSEHOLD,SHIP,6,0.02,14,Brand#24,12,MED PACK,37,3246,22758.9693
F,F,NONE,2,Manufacturer#2,3-MEDIUM,2,HOUSEHOLD,SHIP,2,0,9,Brand#24,12,JUMBO BAG,27,3246,47334.9912
F,F,TAKE BACK RETURN,2,Manufacturer#3,3-MEDIUM,2,HOUSEHOLD,RAIL,3,0.03,18,Brand#32,12,WRAP BAG,39,3246,58871.1088
F,F,NONE,2,Manufacturer#1,1-URGENT,1,AUTOMOBILE,REG AIR,3,0.08,9,Brand#11,3,MED CASE,40,3247,26913.024
F,F,TAKE BACK RETURN,4,Manufacturer#4,1-URGENT,1,AUTOMOBILE,RAIL,1,0.02,20,Brand#45,3,LG CASE,23,3247,39458.9113
F,F,TAKE BACK RETURN,4,Manufacturer#4,1-URGENT,1,AUTOMOBILE,RAIL,2,0.06,20,Brand#44,3,JUMBO BAG,33,3247,18557.3855
F,F,TAKE BACK RETURN,1,Manufacturer#5,4-NOT SPECIFIED,3,BUILDING,FOB,1,0.03,17,Brand#55,7,MED DRUM,50,734,30745.7376
F,F,NONE,3,Manufacturer#4,5-LOW,1,HOUSEHOLD,RAIL,2,0.08,7,Brand#42,17,SM PKG,35,2499,32099.3952
F,F,NONE,1,Manufacturer#2,3-MEDIUM,2,MACHINERY,FOB,5,0.01,24,Brand#24,9,SM CASE,14,3248,16413.628
F,F,DELIVER IN PERSON,3,Manufacturer#1,3-MEDIUM,2,MACHINERY,TRUCK,4,0.06,23,Brand#11,9,MED BAG,37,3248,74558.85
F,F,NONE,1,Manufacturer#5,3-MEDIUM,2,MACHINERY,RAIL,2,0.02,2,Brand#53,9,MED PACK,17,3248,19488.561
F,F,NONE,2,Manufacturer#3,3-MEDIUM,2,MACHINERY,TRUCK,1,0.07,8,Brand#33,9,JUMBO PKG,16,3248,59313.6775
F,F,COLLECT COD,3,Manufacturer#5,3-MEDIUM,3,AUTOMOBILE,REG AIR,2,0.01,22,Brand#52,19,MED CAN,50,3249,76819.3052
F,F,DELIVER IN PERSON,1,Manufacturer#4,2-HIGH,0,MACHINERY,FOB,1,0,24,Brand#42,15,JUMBO DRUM,31,1899,38338.3
F,F,NONE,2,Manufacturer#2,3-MEDIUM,1,AUTOMOBILE,MAIL,5,0.01,12,Brand#23,1,JUMBO DRUM,49,3250,9220.8298
F,F,TAKE BACK RETURN,3,Manufacturer#3,2-HIGH,4,HOUSEHOLD,TRUCK,6,0.01,22,Brand#35,10,MED CAN,36,2773,7812.532
F,F,COLLECT COD,4,Manufacturer#4,2-HIGH,4,HOUSEHOLD,MAIL,4,0.05,20,Brand#43,10,MED BOX,14,2773,1420.794
F,F,DELIVER IN PERSON,1,Manufacturer#2,5-LOW,0,FURNITURE,TRUCK,2,0.02,2,Brand#24,5,SM JAR,29,3251,38127.3312
F,F,COLLECT COD,4,Manufacturer#1,4-NOT SPECIFIED,4,MACHINERY,SHIP,1,0.04,10,Brand#12,4,SM CAN,14,3252,33956.748
F,F,NONE,1,Manufacturer#4,5-LOW,2,MACHINERY,TRUCK,3,0.01,24,Brand#45,12,WRAP CASE,43,3253,29819.493
F,F,COLLECT COD,2,Manufacturer#2,2-HIGH,1,FURNITURE,AIR,5,0.05,18,Brand#24,17,JUMBO PACK,35,3254,17059.6422
F,F,COLLECT COD,2,Manufacturer#5,2-HIGH,1,FURNITURE,REG AIR,6,0.05,21,Brand#53,17,MED BAG,17,3254,37380.4632
F,F,TAKE BACK RETURN,2,Manufacturer#4,2-HIGH,1,FURNITURE,FOB,3,0.01,18,Brand#41,17,LG BOX,50,3254,50406.72
F,F,NONE,4,Manufacturer#3,2-HIGH,1,FURNITURE,AIR,1,0.05,20,Brand#34,17,LG CAN,9,3254,68391.016
F,F,COLLECT COD,3,Manufacturer#3,2-HIGH,1,FURNITURE,SHIP,2,0,22,Brand#35,17,SM CAN,41,3254,43604.4336
F,F,DELIVER IN PERSON,1,Manufacturer#4,3-MEDIUM,1,HOUSEHOLD,FOB,2,0.06,2,Brand#45,3,JUMBO BOX,44,3019,24742.7136
F,F,DELIVER IN PERSON,0,Manufacturer#5,3-MEDIUM,1,HOUSEHOLD,SHIP,3,0.05,5,Brand#53,3,WRAP DRUM,38,3019,18196.1802
F,F,TAKE BACK RETURN,4,Manufacturer#4,5-LOW,1,AUTOMOBILE,AIR,4,0.07,11,Brand#41,3,SM PACK,26,2005,4669.9092
F,F,NONE,4,Manufacturer#2,1-URGENT,0,AUTOMOBILE,RAIL,2,0.01,20,Brand#21,16,WRAP CAN,50,3255,70394.88
F,F,TAKE BACK RETURN,3,Manufacturer#4,2-HIGH,2,MACHINERY,AIR,5,0.02,6,Brand#41,8,LG DRUM,16,3256,29990.7995
F,F,COLLECT COD,3,Manufacturer#5,2-HIGH,2,MACHINERY,FOB,4,0.06,7,Brand#53,8,JUMBO CAN,31,3256,58139.694
F,F,DELIVER IN PERSON,0,Manufacturer#2,2-HIGH,4,MACHINERY,MAIL,3,0.03,16,Brand#24,13,MED PKG,38,3257,21038.9993
F,F,TAKE BACK RETURN,0,Manufacturer#3,2-HIGH,4,MACHINERY,REG AIR,5,0.06,14,Brand#32,13,SM BAG,40,3257,5307.334
F,F,DELIVER IN PERSON,3,Manufacturer#4,3-MEDIUM,4,BUILDING,SHIP,7,0.01,7,Brand#41,11,WRAP PKG,3,145,31813.155
F,F,COLLECT COD,3,Manufacturer#4,3-MEDIUM,4,BUILDING,FOB,2,0.06,7,Brand#41,11,SM CAN,5,145,42301.22
F,F,DELIVER IN PERSON,0,Manufacturer#1,3-MEDIUM,4,BUILDING,FOB,1,0.05,5,Brand#15,11,MED CAN,34,145,31453.7904
F,F,COLLECT COD,4,Manufacturer#2,3-MEDIUM,4,BUILDING,MAIL,5,0.08,11,Brand#24,11,JUMBO BAG,43,145,38780.883
F,F,NONE,2,Manufacturer#5,3-MEDIUM,4,BUILDING,SHIP,3,0.07,18,Brand#52,11,MED JAR,22,145,36549.612
F,F,COLLECT COD,4,Manufacturer#2,2-HIGH,1,AUTOMOBILE,TRUCK,2,0.07,20,Brand#21,2,LG BOX,26,1480,53123.0016
F,F,COLLECT COD,1,Manufacturer#1,2-HIGH,1,AUTOMOBILE,RAIL,1,0.05,17,Brand#11,2,SM BAG,45,1480,39998.7
F,F,TAKE BACK RETURN,0,Manufacturer#4,2-HIGH,1,AUTOMOBILE,AIR,3,0.04,16,Brand#44,2,SM DRUM,17,1480,60487.336
F,F,NONE,2,Manufacturer#2,2-HIGH,1,AUTOMOBILE,TRUCK,1,0.04,18,Brand#23,2,MED CAN,39,3068,32429.76
F,F,TAKE BACK RETURN,3,Manufacturer#3,2-HIGH,1,AUTOMOBILE,AIR,2,0.04,22,Brand#31,2,SM JAR,2,3068,11791.6722
F,F,DELIVER IN PERSON,1,Manufacturer#2,5-LOW,1,AUTOMOBILE,TRUCK,3,0.06,24,Brand#25,3,LG PKG,25,2005,35175.035
F,F,NONE,3,Manufacturer#4,5-LOW,1,AUTOMOBILE,FOB,1,0.01,22,Brand#42,3,SM BOX,21,2005,12277.705
F,F,DELIVER IN PERSON,4,Manufacturer#3,5-LOW,1,AUTOMOBILE,SHIP,6,0,4,Brand#32,3,SM JAR,14,2005,1025.202
F,F,COLLECT COD,2,Manufacturer#3,5-LOW,1,AUTOMOBILE,FOB,5,0.03,21,Brand#31,3,JUMBO CAN,36,2005,37761.255
F,F,DELIVER IN PERSON,3,Manufacturer#4,3-MEDIUM,0,AUTOMOBILE,SHIP,1,0,23,Brand#43,5,WRAP DRUM,5,1551,61579.0944
F,F,TAKE BACK RETURN,1,Manufacturer#1,3-MEDIUM,4,AUTOMOBILE,TRUCK,5,0,3,Brand#14,11,SM BOX,35,3258,42715.6092
F,F,NONE,1,Manufacturer#4,3-MEDIUM,4,AUTOMOBILE,RAIL,7,0.02,3,Brand#45,11,MED CAN,8,3258,42933.12
F,F,TAKE BACK RETURN,0,Manufacturer#5,3-MEDIUM,4,AUTOMOBILE,RAIL,3,0.07,14,Brand#52,11,JUMBO CAN,2,3258,50404.625
F,F,TAKE BACK RETURN,1,Manufacturer#3,1-URGENT,3,AUTOMOBILE,RAIL,1,0.07,17,Brand#35,7,JUMBO JAR,24,3259,33441.3027
F,F,COLLECT COD,1,Manufacturer#5,5-LOW,0,AUTOMOBILE,REG AIR,1,0.04,2,Brand#52,0,JUMBO CASE,49,1621,29098.6059
F,F,DELIVER IN PERSON,3,Manufacturer#1,4-NOT SPECIFIED,0,BUILDING,TRUCK,3,0.01,6,Brand#13,0,MED PACK,20,3260,15196.602
F,F,COLLECT COD,2,Manufacturer#4,3-MEDIUM,2,FURNITURE,MAIL,4,0,8,Brand#42,21,MED JAR,24,133,36570.8798
F,F,TAKE BACK RETURN,3,Manufacturer#3,3-MEDIUM,2,FURNITURE,FOB,1,0.04,6,Brand#35,21,SM JAR,22,133,55103.8
F,F,NONE,2,Manufacturer#1,3-MEDIUM,2,FURNITURE,AIR,5,0.04,18,Brand#12,21,JUMBO BAG,2,133,54827.8876
F,F,TAKE BACK RETURN,3,Manufacturer#3,3-MEDIUM,2,FURNITURE,SHIP,3,0.05,19,Brand#31,21,SM CASE,41,133,14316.614
F,F,DELIVER IN PERSON,2,Manufacturer#5,2-HIGH,1,FURNITURE,MAIL,1,0.01,12,Brand#54,24,JUMBO CAN,17,433,50898.714
F,F,NONE,4,Manufacturer#3,2-HIGH,2,MACHINERY,MAIL,4,0.07,10,Brand#31,9,SM PACK,29,794,75182.088
F,F,TAKE BACK RETURN,0,Manufacturer#5,2-HIGH,2,MACHINERY,SHIP,2,0,15,Brand#53,9,WRAP CAN,36,794,49034.0466
F,F,DELIVER IN PERSON,0,Manufacturer#3,2-HIGH,2,MACHINERY,AIR,1,0,5,Brand#31,9,SM BAG,13,794,11479.3646
F,F,DELIVER IN PERSON,0,Manufacturer#3,2-HIGH,0,AUTOMOBILE,AIR,1,0.06,0,Brand#31,15,LG BOX,15,3261,56459.8188
F,F,NONE,4,Manufacturer#3,2-HIGH,0,AUTOMOBILE,RAIL,2,0.06,10,Brand#35,15,MED PKG,38,3261,63700.8624
F,F,TAKE BACK RETURN,3,Manufacturer#2,2-HIGH,0,AUTOMOBILE,REG AIR,7,0.05,19,Brand#22,15,LG BOX,11,3261,24494.2848
F,F,DELIVER IN PERSON,1,Manufacturer#3,2-HIGH,4,FURNITURE,TRUCK,1,0.07,3,Brand#31,10,SM BAG,50,1612,66902.9088
F,F,NONE,4,Manufacturer#4,2-HIGH,4,FURNITURE,MAIL,4,0.03,10,Brand#42,10,JUMBO JAR,7,1612,33969.955
F,F,DELIVER IN PERSON,0,Manufacturer#2,2-HIGH,4,FURNITURE,FOB,5,0.05,14,Brand#22,10,WRAP BAG,29,1612,37336.5804
F,F,TAKE BACK RETURN,2,Manufacturer#1,2-HIGH,4,FURNITURE,SHIP,2,0.08,8,Brand#12,10,JUMBO PKG,8,1612,54954.13
F,F,TAKE BACK RETURN,4,Manufacturer#3,3-MEDIUM,3,FURNITURE,REG AIR,2,0.04,20,Brand#32,19,SM CASE,18,1309,1050.4128
F,F,COLLECT COD,0,Manufacturer#2,3-MEDIUM,3,FURNITURE,REG AIR,1,0.06,5,Brand#23,19,SM CASE,26,1309,65464.6174
F,F,TAKE BACK RETURN,3,Manufacturer#5,5-LOW,0,AUTOMOBILE,REG AIR,2,0.07,6,Brand#52,0,SM PKG,8,1621,7270.5402
F,F,COLLECT COD,4,Manufacturer#3,5-LOW,0,AUTOMOBILE,MAIL,3,0.07,20,Brand#33,0,LG BAG,8,1621,71001.1104
F,F,NONE,2,Manufacturer#4,5-LOW,0,AUTOMOBILE,FOB,5,0.07,12,Brand#45,0,MED DRUM,22,1621,15971.571
F,F,TAKE BACK RETURN,0,Manufacturer#5,5-LOW,1,MACHINERY,AIR,1,0.08,14,Brand#54,17,JUMBO PACK,16,3262,22375.502
F,F,DELIVER IN PERSON,1,Manufacturer#1,3-MEDIUM,4,MACHINERY,FOB,1,0,17,Brand#11,13,WRAP BOX,48,3263,37464.6816
F,F,NONE,2,Manufacturer#2,4-NOT SPECIFIED,4,AUTOMOBILE,AIR,2,0.02,18,Brand#22,10,LG PKG,44,3264,26974.464
F,F,COLLECT COD,2,Manufacturer#5,5-LOW,1,MACHINERY,MAIL,2,0.07,18,Brand#55,17,SM CASE,32,3262,52287.6485
F,F,NONE,0,Manufacturer#4,1-URGENT,1,BUILDING,FOB,5,0.02,14,Brand#43,1,LG BAG,30,3265,71301.5748
F,F,TAKE BACK RETURN,3,Manufacturer#5,5-LOW,3,HOUSEHOLD,FOB,3,0.02,22,Brand#53,6,WRAP PACK,1,3266,48773.7291
F,F,DELIVER IN PERSON,4,Manufacturer#4,5-LOW,3,HOUSEHOLD,RAIL,2,0.01,20,Brand#44,6,LG PACK,34,3266,52858.503
F,F,COLLECT COD,3,Manufacturer#4,5-LOW,3,HOUSEHOLD,REG AIR,5,0.06,19,Brand#45,6,SM PKG,45,3266,27032.9856
F,F,DELIVER IN PERSON,1,Manufacturer#2,1-URGENT,1,BUILDING,FOB,3,0.05,1,Brand#21,1,WRAP BAG,4,3265,21002.2624
F,F,DELIVER IN PERSON,4,Manufacturer#4,1-URGENT,1,BUILDING,SHIP,4,0.05,11,Brand#41,1,SM BOX,32,3265,44571.9001
F,F,DELIVER IN PERSON,3,Manufacturer#2,4-NOT SPECIFIED,3,BUILDING,FOB,1,0.05,19,Brand#24,22,JUMBO JAR,34,1079,7443.684
F,F,TAKE BACK RETURN,3,Manufacturer#2,4-NOT SPECIFIED,1,MACHINERY,TRUCK,3,0.08,6,Brand#24,2,MED BOX,13,3267,34889.4
F,F,COLLECT COD,3,Manufacturer#3,4-NOT SPECIFIED,1,MACHINERY,TRUCK,6,0.04,7,Brand#35,2,WRAP JAR,15,3267,3802.5666
F,F,NONE,4,Manufacturer#3,4-NOT SPECIFIED,1,MACHINERY,AIR,4,0.05,10,Brand#31,2,SM BAG,23,3267,2805.552
F,F,NONE,1,Manufacturer#1,4-NOT SPECIFIED,1,MACHINERY,TRUCK,2,0.02,2,Brand#12,2,JUMBO BAG,20,3267,22536.0317
F,F,COLLECT COD,3,Manufacturer#1,4-NOT SPECIFIED,1,MACHINERY,SHIP,5,0.03,23,Brand#11,2,WRAP CASE,36,3267,24851.6716
F,F,COLLECT COD,0,Manufacturer#2,4-NOT SPECIFIED,1,FURNITURE,RAIL,5,0,15,Brand#21,24,LG PACK,41,3268,18980.5429
F,F,TAKE BACK RETURN,4,Manufacturer#1,4-NOT SPECIFIED,1,FURNITURE,SHIP,4,0.02,10,Brand#13,24,SM CAN,11,3268,22339.155
F,F,NONE,1,Manufacturer#4,1-URGENT,2,HOUSEHOLD,TRUCK,6,0.07,3,Brand#44,18,WRAP PACK,15,3269,25705.214
F,F,TAKE BACK RETURN,4,Manufacturer#4,1-URGENT,2,HOUSEHOLD,FOB,1,0.07,13,Brand#44,18,MED CAN,29,3269,41735.9215
F,F,DELIVER IN PERSON,0,Manufacturer#3,1-URGENT,2,HOUSEHOLD,TRUCK,7,0.07,15,Brand#33,18,JUMBO BOX,14,3269,48019.383
F,F,DELIVER IN PERSON,4,Manufacturer#3,1-URGENT,2,HOUSEHOLD,SHIP,4,0.06,11,Brand#31,18,WRAP DRUM,41,3269,28071.96
F,F,COLLECT COD,2,Manufacturer#3,5-LOW,3,HOUSEHOLD,SHIP,3,0.07,8,Brand#35,7,SM CAN,7,1155,11822.8474
F,F,DELIVER IN PERSON,4,Manufacturer#4,5-LOW,3,HOUSEHOLD,TRUCK,2,0.07,10,Brand#43,7,LG PKG,26,1155,56276.5824
F,F,DELIVER IN PERSON,2,Manufacturer#1,5-LOW,3,MACHINERY,SHIP,1,0.03,18,Brand#12,23,MED DRUM,37,2107,5069.751
F,F,COLLECT COD,2,Manufacturer#2,4-NOT SPECIFIED,3,BUILDING,FOB,2,0.01,9,Brand#24,22,WRAP JAR,15,1079,51870.4095
F,F,COLLECT COD,1,Manufacturer#5,3-MEDIUM,0,FURNITURE,AIR,3,0.03,3,Brand#52,14,MED CASE,21,2528,5970.0088
F,F,NONE,1,Manufacturer#5,3-MEDIUM,0,FURNITURE,TRUCK,1,0.06,1,Brand#52,14,SM PKG,9,2528,57134.387
F,F,DELIVER IN PERSON,4,Manufacturer#5,3-MEDIUM,0,FURNITURE,REG AIR,4,0.03,13,Brand#53,14,SM PACK,28,2528,10883.6328
F,F,DELIVER IN PERSON,4,Manufacturer#5,2-HIGH,1,BUILDING,MAIL,4,0.08,11,Brand#55,17,JUMBO JAR,12,3270,56387.9652
F,F,COLLECT COD,0,Manufacturer#1,4-NOT SPECIFIED,4,AUTOMOBILE,SHIP,3,0.07,14,Brand#15,10,JUMBO DRUM,43,3271,66113.54
F,F,COLLECT COD,1,Manufacturer#3,4-NOT SPECIFIED,4,AUTOMOBILE,FOB,2,0.06,3,Brand#32,10,SM DRUM,3,3271,54347.664
F,F,COLLECT COD,0,Manufacturer#1,4-NOT SPECIFIED,4,AUTOMOBILE,AIR,6,0.02,0,Brand#15,10,JUMBO JAR,48,3271,57317.1768
F,F,TAKE BACK RETURN,4,Manufacturer#3,4-NOT SPECIFIED,4,BUILDING,RAIL,1,0.06,13,Brand#35,11,WRAP PACK,21,3272,58226.0679
F,F,DELIVER IN PERSON,2,Manufacturer#2,4-NOT SPECIFIED,0,HOUSEHOLD,REG AIR,4,0.08,8,Brand#24,14,SM BAG,1,3273,46296.6014
F,F,TAKE BACK RETURN,2,Manufacturer#3,4-NOT SPECIFIED,0,HOUSEHOLD,RAIL,2,0,8,Brand#33,14,LG CASE,8,3273,44221.5434
F,F,COLLECT COD,1,Manufacturer#5,4-NOT SPECIFIED,0,HOUSEHOLD,FOB,1,0.07,17,Brand#55,14,WRAP DRUM,11,3273,19520.501
F,F,COLLECT COD,4,Manufacturer#4,4-NOT SPECIFIED,2,BUILDING,REG AIR,4,0.02,10,Brand#42,9,WRAP CAN,38,3274,44494.065
F,F,COLLECT COD,1,Manufacturer#5,4-NOT SPECIFIED,3,BUILDING,SHIP,2,0,1,Brand#52,23,SM CAN,46,1384,46291.1904
F,F,COLLECT COD,3,Manufacturer#1,4-NOT SPECIFIED,3,BUILDING,TRUCK,1,0.04,19,Brand#11,23,WRAP BOX,30,1384,3282.621
F,F,NONE,3,Manufacturer#3,2-HIGH,2,MACHINERY,RAIL,4,0.02,23,Brand#35,8,WRAP PKG,15,3275,31613.472
F,F,DELIVER IN PERSON,4,Manufacturer#1,2-HIGH,2,MACHINERY,TRUCK,2,0.01,11,Brand#13,8,LG BAG,6,3275,57251.376
F,F,TAKE BACK RETURN,1,Manufacturer#1,2-HIGH,2,MACHINERY,SHIP,3,0.04,1,Brand#14,8,SM JAR,6,3275,41946.5412
F,F,DELIVER IN PERSON,2,Manufacturer#3,1-URGENT,3,FURNITURE,TRUCK,2,0.08,8,Brand#34,19,WRAP PACK,21,1835,19683.7312
F,F,DELIVER IN PERSON,0,Manufacturer#4,1-URGENT,3,FURNITURE,MAIL,1,0.02,0,Brand#41,19,SM DRUM,38,1835,3187.6866
F,F,NONE,3,Manufacturer#4,3-MEDIUM,3,BUILDING,AIR,1,0.06,22,Brand#45,23,JUMBO CASE,24,3276,5212.5084
F,F,DELIVER IN PERSON,3,Manufacturer#3,3-MEDIUM,2,HOUSEHOLD,REG AIR,1,0.05,7,Brand#35,9,SM BAG,10,860,38077.8125
F,F,COLLECT COD,2,Manufacturer#5,5-LOW,1,FURNITURE,FOB,3,0.06,12,Brand#51,3,JUMBO PACK,49,472,60865.728
F,F,TAKE BACK RETURN,4,Manufacturer#3,5-LOW,1,FURNITURE,TRUCK,4,0.03,11,Brand#33,3,WRAP CAN,43,472,17308.05
F,F,COLLECT COD,4,Manufacturer#2,5-LOW,1,FURNITURE,TRUCK,2,0.06,20,Brand#24,3,SM DRUM,33,472,60929.4636
F,F,DELIVER IN PERSON,2,Manufacturer#2,5-LOW,1,FURNITURE,TRUCK,5,0,9,Brand#23,3,WRAP PKG,26,472,62227.044
F,F,TAKE BACK RETURN,3,Manufacturer#2,2-HIGH,1,BUILDING,FOB,5,0.05,22,Brand#24,17,WRAP BAG,30,3270,27944.1564
F,F,TAKE BACK RETURN,2,Manufacturer#1,2-HIGH,1,BUILDING,AIR,2,0.06,12,Brand#12,17,MED JAR,19,3270,16003.806
F,F,COLLECT COD,1,Manufacturer#5,1-URGENT,2,AUTOMOBILE,SHIP,2,0.05,1,Brand#52,21,LG BOX,3,3277,25928.6325
F,F,NONE,0,Manufacturer#2,3-MEDIUM,2,BUILDING,TRUCK,1,0.02,14,Brand#23,8,SM DRUM,49,2743,49447.1866
F,F,TAKE BACK RETURN,2,Manufacturer#4,1-URGENT,1,BUILDING,RAIL,6,0.03,18,Brand#43,17,WRAP BOX,28,3278,32109.66
F,F,COLLECT COD,0,Manufacturer#5,1-URGENT,1,BUILDING,FOB,4,0.06,16,Brand#51,17,MED PKG,40,3278,18959.0856
F,F,NONE,1,Manufacturer#2,1-URGENT,1,BUILDING,TRUCK,5,0.03,3,Brand#25,17,MED BAG,17,3278,19085.607
F,F,DELIVER IN PERSON,2,Manufacturer#1,1-URGENT,1,BUILDING,FOB,3,0.07,9,Brand#14,17,WRAP JAR,43,3278,59856.5205
F,F,DELIVER IN PERSON,3,Manufacturer#2,5-LOW,3,HOUSEHOLD,TRUCK,4,0.02,7,Brand#21,19,LG PACK,9,3279,4727.996
F,F,COLLECT COD,0,Manufacturer#4,5-LOW,3,HOUSEHOLD,RAIL,2,0,0,Brand#42,19,LG DRUM,37,3279,51242.4606
F,F,COLLECT COD,2,Manufacturer#2,3-MEDIUM,2,BUILDING,MAIL,2,0.03,12,Brand#23,8,SM PKG,2,2743,9034.58
F,F,NONE,3,Manufacturer#2,3-MEDIUM,2,BUILDING,MAIL,4,0.06,6,Brand#25,8,JUMBO JAR,13,2743,22589.4592
F,F,DELIVER IN PERSON,4,Manufacturer#2,3-MEDIUM,4,FURNITURE,TRUCK,6,0.01,13,Brand#24,20,MED JAR,13,3280,43414.2072
F,F,TAKE BACK RETURN,2,Manufacturer#3,5-LOW,1,AUTOMOBILE,MAIL,4,0.01,9,Brand#32,17,MED CASE,7,3281,8411.2182
F,F,TAKE BACK RETURN,4,Manufacturer#4,5-LOW,1,AUTOMOBILE,REG AIR,1,0.01,20,Brand#45,17,SM CAN,32,3281,49545.3594
F,F,TAKE BACK RETURN,1,Manufacturer#2,5-LOW,1,AUTOMOBILE,RAIL,3,0.01,2,Brand#25,17,JUMBO PACK,48,3281,53573.7775
F,F,COLLECT COD,0,Manufacturer#1,5-LOW,1,AUTOMOBILE,AIR,5,0.08,14,Brand#12,17,LG CASE,5,3281,47799.52
F,F,TAKE BACK RETURN,1,Manufacturer#3,3-MEDIUM,4,FURNITURE,FOB,2,0.08,3,Brand#35,20,MED CASE,11,3280,35718.4618
F,F,DELIVER IN PERSON,2,Manufacturer#3,3-MEDIUM,4,FURNITURE,SHIP,4,0.05,8,Brand#31,20,WRAP PKG,22,3280,10396.1676
F,F,COLLECT COD,2,Manufacturer#5,3-MEDIUM,4,FURNITURE,AIR,5,0.06,9,Brand#55,20,WRAP CAN,44,3280,12989.76
F,F,TAKE BACK RETURN,0,Manufacturer#5,3-MEDIUM,4,FURNITURE,SHIP,1,0.03,15,Brand#53,20,LG PKG,34,3280,62879.74
F,F,NONE,3,Manufacturer#5,3-MEDIUM,4,FURNITURE,REG AIR,3,0.03,22,Brand#55,20,MED CASE,10,3280,20375.4474
F,F,NONE,1,Manufacturer#4,1-URGENT,0,FURNITURE,RAIL,4,0.01,2,Brand#44,5,SM JAR,34,3282,2845.3788
F,F,DELIVER IN PERSON,4,Manufacturer#5,1-URGENT,0,FURNITURE,SHIP,2,0.07,11,Brand#53,5,SM JAR,10,3282,7108.2376
F,F,DELIVER IN PERSON,1,Manufacturer#3,1-URGENT,0,FURNITURE,RAIL,5,0.08,1,Brand#34,5,MED BOX,8,3282,46144.08
F,F,NONE,0,Manufacturer#3,5-LOW,4,AUTOMOBILE,FOB,4,0.07,0,Brand#33,4,WRAP DRUM,11,3283,33540.8626
F,F,COLLECT COD,3,Manufacturer#3,5-LOW,0,HOUSEHOLD,TRUCK,3,0.08,7,Brand#31,0,WRAP DRUM,5,2174,3712.3576
F,F,DELIVER IN PERSON,0,Manufacturer#3,5-LOW,0,HOUSEHOLD,RAIL,1,0.01,16,Brand#34,0,JUMBO BAG,35,2174,19868.262
F,F,NONE,3,Manufacturer#4,5-LOW,4,AUTOMOBILE,RAIL,3,0.06,23,Brand#42,4,MED JAR,42,3283,40795.2
F,F,TAKE BACK RETURN,3,Manufacturer#1,5-LOW,1,MACHINERY,MAIL,3,0.04,22,Brand#12,1,SM BAG,48,1456,43000.7076
F,F,COLLECT COD,4,Manufacturer#5,3-MEDIUM,1,AUTOMOBILE,MAIL,1,0.01,10,Brand#52,24,SM JAR,18,3284,25387.0656
F,F,TAKE BACK RETURN,3,Manufacturer#5,3-MEDIUM,2,HOUSEHOLD,RAIL,4,0,22,Brand#51,8,JUMBO BOX,41,3285,32997.552
F,F,NONE,4,Manufacturer#2,3-MEDIUM,2,HOUSEHOLD,MAIL,2,0.06,20,Brand#25,8,LG BAG,29,3285,28962.4971
F,F,NONE,1,Manufacturer#4,3-MEDIUM,2,HOUSEHOLD,MAIL,1,0.03,1,Brand#42,8,JUMBO BOX,7,3285,5766.488
F,F,TAKE BACK RETURN,4,Manufacturer#1,2-HIGH,3,AUTOMOBILE,REG AIR,2,0.02,13,Brand#11,23,WRAP JAR,4,1616,34431.9108
F,F,NONE,1,Manufacturer#4,2-HIGH,0,AUTOMOBILE,AIR,3,0.02,1,Brand#44,5,WRAP PKG,12,3286,51449.913
F,F,DELIVER IN PERSON,2,Manufacturer#3,2-HIGH,0,AUTOMOBILE,AIR,1,0.04,18,Brand#33,5,MED CASE,16,3286,29553.084
F,F,TAKE BACK RETURN,1,Manufacturer#1,1-URGENT,3,MACHINERY,RAIL,3,0.01,3,Brand#13,7,SM PACK,37,2000,36835.9731
F,F,NONE,2,Manufacturer#3,1-URGENT,3,MACHINERY,TRUCK,4,0.05,18,Brand#32,7,SM CASE,40,2000,13447.9345
F,F,NONE,3,Manufacturer#5,5-LOW,1,FURNITURE,FOB,4,0.08,6,Brand#54,24,MED PACK,41,3287,12399.9072
F,F,TAKE BACK RETURN,1,Manufacturer#3,5-LOW,1,FURNITURE,TRUCK,5,0.07,3,Brand#35,24,LG BAG,34,3287,28759.1304
F,F,TAKE BACK RETURN,1,Manufacturer#4,5-LOW,1,FURNITURE,AIR,1,0.06,24,Brand#41,24,MED PACK,49,3287,8447.3856
F,F,NONE,1,Manufacturer#4,5-LOW,1,FURNITURE,REG AIR,2,0.01,3,Brand#42,24,JUMBO PACK,8,3287,21321.23
F,F,NONE,1,Manufacturer#1,5-LOW,3,HOUSEHOLD,TRUCK,1,0.02,2,Brand#11,7,MED CASE,36,3288,48319.2336
F,F,COLLECT COD,1,Manufacturer#5,5-LOW,4,AUTOMOBILE,MAIL,2,0.03,2,Brand#55,11,JUMBO CASE,11,3289,45621.576
F,F,DELIVER IN PERSON,3,Manufacturer#1,5-LOW,2,MACHINERY,MAIL,1,0.06,22,Brand#11,8,JUMBO PACK,6,3290,82228.9776
F,F,DELIVER IN PERSON,4,Manufacturer#2,1-URGENT,1,FURNITURE,MAIL,5,0.06,11,Brand#22,1,WRAP BAG,28,3291,82381.968
F,F,TAKE BACK RETURN,0,Manufacturer#3,1-URGENT,1,FURNITURE,REG AIR,1,0.06,16,Brand#34,1,MED CASE,3,3291,49964.5008
F,F,NONE,3,Manufacturer#1,1-URGENT,1,FURNITURE,RAIL,3,0.06,7,Brand#14,1,SM BAG,14,3291,57448.2762
F,F,COLLECT COD,4,Manufacturer#2,1-URGENT,1,FURNITURE,REG AIR,6,0,13,Brand#21,1,MED PACK,1,3291,40010.152
F,F,DELIVER IN PERSON,0,Manufacturer#3,1-URGENT,1,FURNITURE,AIR,4,0.03,15,Brand#32,1,SM DRUM,30,3291,42340.984
F,F,DELIVER IN PERSON,0,Manufacturer#3,2-HIGH,0,AUTOMOBILE,RAIL,2,0.02,14,Brand#35,14,LG JAR,28,3292,49008.0891
F,F,DELIVER IN PERSON,3,Manufacturer#1,2-HIGH,0,AUTOMOBILE,TRUCK,5,0.05,7,Brand#15,14,JUMBO JAR,31,3292,69513.7696
F,F,COLLECT COD,0,Manufacturer#5,2-HIGH,0,AUTOMOBILE,AIR,1,0.06,14,Brand#54,14,WRAP CAN,12,3292,53247.15
F,F,COLLECT COD,4,Manufacturer#2,2-HIGH,3,FURNITURE,MAIL,1,0.07,20,Brand#25,22,JUMBO PKG,16,3293,21735.04
F,F,COLLECT COD,1,Manufacturer#5,3-MEDIUM,3,AUTOMOBILE,FOB,3,0.05,17,Brand#55,7,MED BAG,38,3294,8459.1325
F,F,NONE,3,Manufacturer#1,2-HIGH,2,HOUSEHOLD,RAIL,2,0.06,23,Brand#15,21,SM BOX,22,3295,5804.2368
F,F,NONE,2,Manufacturer#2,2-HIGH,2,HOUSEHOLD,REG AIR,1,0.04,8,Brand#23,21,LG JAR,22,3295,29474.016
F,F,NONE,2,Manufacturer#4,4-NOT SPECIFIED,3,AUTOMOBILE,TRUCK,3,0.01,18,Brand#43,6,MED BOX,50,1540,15597.5986
F,F,TAKE BACK RETURN,0,Manufacturer#4,4-NOT SPECIFIED,3,AUTOMOBILE,MAIL,5,0.02,5,Brand#43,6,SM PACK,12,1540,5714.718
F,F,TAKE BACK RETURN,3,Manufacturer#2,4-NOT SPECIFIED,3,AUTOMOBILE,TRUCK,2,0.05,22,Brand#23,6,MED JAR,22,1540,44233.3968
F,F,DELIVER IN PERSON,1,Manufacturer#4,5-LOW,2,MACHINERY,SHIP,4,0.04,1,Brand#43,21,WRAP PKG,29,3296,23601.2238
F,F,TAKE BACK RETURN,2,Manufacturer#4,5-LOW,4,MACHINERY,REG AIR,3,0.01,18,Brand#45,4,WRAP BAG,3,3297,54483.5508
F,F,COLLECT COD,0,Manufacturer#5,2-HIGH,0,BUILDING,SHIP,2,0.04,15,Brand#51,0,MED DRUM,21,2122,19866.4608
F,F,TAKE BACK RETURN,1,Manufacturer#3,2-HIGH,0,BUILDING,RAIL,3,0.04,3,Brand#31,0,SM CASE,14,2122,43310.3616
F,F,DELIVER IN PERSON,1,Manufacturer#4,2-HIGH,0,BUILDING,RAIL,1,0.05,1,Brand#45,0,JUMBO PACK,37,2122,49450.92
F,F,COLLECT COD,4,Manufacturer#5,1-URGENT,0,MACHINERY,TRUCK,1,0.02,10,Brand#55,5,LG BAG,36,356,3309.7212
F,F,NONE,0,Manufacturer#2,2-HIGH,4,FURNITURE,MAIL,2,0.08,16,Brand#22,11,WRAP PACK,39,3298,53681.8758
F,F,TAKE BACK RETURN,0,Manufacturer#1,1-URGENT,3,HOUSEHOLD,SHIP,1,0.02,14,Brand#14,22,SM BOX,8,548,40023.2448
F,F,COLLECT COD,1,Manufacturer#1,3-MEDIUM,1,BUILDING,AIR,1,0.06,3,Brand#15,1,WRAP PACK,21,1207,20606.222
F,F,COLLECT COD,2,Manufacturer#5,3-MEDIUM,1,BUILDING,REG AIR,2,0.05,21,Brand#53,1,SM BOX,30,1207,51305.436
F,F,DELIVER IN PERSON,1,Manufacturer#5,2-HIGH,1,BUILDING,SHIP,2,0.02,3,Brand#54,2,SM JAR,38,2420,38319.4755
F,F,NONE,4,Manufacturer#4,1-URGENT,0,HOUSEHOLD,MAIL,6,0.06,10,Brand#45,16,LG CAN,16,3299,46731.659
F,F,COLLECT COD,1,Manufacturer#5,1-URGENT,0,HOUSEHOLD,MAIL,2,0.04,3,Brand#55,16,LG CASE,11,3299,16446.0072
F,F,DELIVER IN PERSON,0,Manufacturer#5,1-URGENT,0,HOUSEHOLD,SHIP,1,0.02,5,Brand#55,16,LG DRUM,31,3299,35950.85
F,F,TAKE BACK RETURN,1,Manufacturer#1,1-URGENT,0,HOUSEHOLD,FOB,5,0.01,24,Brand#11,16,MED PACK,39,3299,22294.9456
F,F,DELIVER IN PERSON,4,Manufacturer#4,1-URGENT,2,FURNITURE,AIR,3,0.01,10,Brand#43,8,WRAP CAN,28,3300,19217.783
F,F,COLLECT COD,2,Manufacturer#3,1-URGENT,2,FURNITURE,MAIL,4,0,18,Brand#32,8,WRAP DRUM,46,3300,48762.5886
F,F,NONE,4,Manufacturer#1,2-HIGH,3,AUTOMOBILE,TRUCK,2,0.04,10,Brand#14,23,WRAP JAR,8,3301,41305.0638
F,F,NONE,2,Manufacturer#3,2-HIGH,3,AUTOMOBILE,RAIL,1,0.04,18,Brand#33,23,LG BAG,6,3301,61524.8496
F,F,TAKE BACK RETURN,1,Manufacturer#2,2-HIGH,3,BUILDING,SHIP,1,0.01,1,Brand#23,23,SM DRUM,20,3302,36945.4848
F,F,COLLECT COD,3,Manufacturer#5,4-NOT SPECIFIED,0,BUILDING,MAIL,1,0,22,Brand#55,16,JUMBO PACK,35,3303,35569.395
F,F,NONE,2,Manufacturer#4,4-NOT SPECIFIED,0,BUILDING,RAIL,6,0.02,18,Brand#44,16,SM JAR,43,3303,8867.2905
F,F,NONE,0,Manufacturer#4,4-NOT SPECIFIED,0,BUILDING,TRUCK,2,0.07,5,Brand#45,16,SM PACK,30,3303,3834.542
F,F,TAKE BACK RETURN,1,Manufacturer#2,4-NOT SPECIFIED,2,HOUSEHOLD,REG AIR,1,0.03,1,Brand#23,8,WRAP PKG,29,3304,1662.75
F,F,NONE,4,Manufacturer#3,3-MEDIUM,2,AUTOMOBILE,TRUCK,1,0.06,20,Brand#31,18,WRAP PKG,14,2990,24189.759
F,F,DELIVER IN PERSON,3,Manufacturer#2,3-MEDIUM,2,AUTOMOBILE,REG AIR,2,0.05,6,Brand#22,18,JUMBO BOX,32,2990,60239.9728
F,F,DELIVER IN PERSON,1,Manufacturer#5,3-MEDIUM,2,AUTOMOBILE,TRUCK,3,0.03,1,Brand#51,18,JUMBO BOX,45,2990,43846.8
F,F,TAKE BACK RETURN,0,Manufacturer#2,4-NOT SPECIFIED,2,HOUSEHOLD,REG AIR,4,0.01,5,Brand#23,8,LG CAN,10,3304,68080.496
F,F,DELIVER IN PERSON,3,Manufacturer#1,1-URGENT,3,HOUSEHOLD,FOB,2,0.03,7,Brand#14,6,MED PKG,50,3305,73278.2135
F,F,COLLECT COD,0,Manufacturer#5,4-NOT SPECIFIED,2,BUILDING,AIR,2,0.06,16,Brand#52,12,JUMBO PKG,21,3306,14154.9408
F,F,COLLECT COD,4,Manufacturer#3,4-NOT SPECIFIED,2,BUILDING,TRUCK,1,0.08,20,Brand#33,12,LG CAN,3,3306,43143.7279
F,F,NONE,2,Manufacturer#1,2-HIGH,0,MACHINERY,TRUCK,2,0.07,21,Brand#11,0,JUMBO CASE,48,47,82217.9232
F,F,COLLECT COD,1,Manufacturer#4,4-NOT SPECIFIED,2,AUTOMOBILE,SHIP,2,0.07,3,Brand#44,9,JUMBO PKG,46,3307,31137.0696
F,F,COLLECT COD,3,Manufacturer#3,1-URGENT,1,AUTOMOBILE,AIR,1,0.08,19,Brand#34,3,MED JAR,35,3308,50552.32
F,F,TAKE BACK RETURN,3,Manufacturer#2,3-MEDIUM,4,MACHINERY,REG AIR,1,0.07,22,Brand#21,13,JUMBO JAR,4,167,11745.7704
F,F,NONE,4,Manufacturer#3,3-MEDIUM,4,MACHINERY,RAIL,3,0.05,10,Brand#34,13,MED CASE,44,167,20829.888
F,F,NONE,3,Manufacturer#5,3-MEDIUM,4,MACHINERY,RAIL,5,0,6,Brand#53,13,JUMBO CASE,43,167,47191.032
F,F,TAKE BACK RETURN,0,Manufacturer#5,3-MEDIUM,4,MACHINERY,MAIL,6,0.04,0,Brand#51,13,JUMBO BOX,38,167,20865.3792
F,F,NONE,2,Manufacturer#3,5-LOW,4,FURNITURE,FOB,5,0.02,9,Brand#32,11,MED DRUM,31,2315,14153.454
F,F,NONE,2,Manufacturer#4,5-LOW,4,FURNITURE,REG AIR,7,0.07,18,Brand#43,11,JUMBO BOX,36,2315,60020.639
F,F,TAKE BACK RETURN,1,Manufacturer#5,5-LOW,4,FURNITURE,REG AIR,1,0.04,3,Brand#52,11,LG CASE,44,2315,42591.5424
F,F,DELIVER IN PERSON,1,Manufacturer#4,5-LOW,4,FURNITURE,TRUCK,3,0.02,1,Brand#41,11,MED CAN,15,2315,36054.1536
F,F,NONE,3,Manufacturer#3,2-HIGH,1,BUILDING,RAIL,2,0.03,7,Brand#33,1,SM JAR,16,3309,37870.8564
F,F,COLLECT COD,1,Manufacturer#4,5-LOW,0,BUILDING,AIR,1,0.02,17,Brand#45,14,MED BOX,19,3310,55903.163
F,F,TAKE BACK RETURN,3,Manufacturer#1,3-MEDIUM,4,BUILDING,MAIL,2,0.08,6,Brand#12,4,MED BAG,7,3311,47019.2283
F,F,TAKE BACK RETURN,0,Manufacturer#3,3-MEDIUM,4,BUILDING,AIR,1,0.05,14,Brand#32,4,SM BAG,40,3311,30455.0634
F,F,NONE,1,Manufacturer#2,5-LOW,2,AUTOMOBILE,AIR,5,0,1,Brand#23,18,LG PACK,47,3312,22390.2966
F,F,COLLECT COD,0,Manufacturer#3,5-LOW,2,AUTOMOBILE,TRUCK,4,0.03,0,Brand#32,18,SM BAG,37,3312,31817.6698
F,F,COLLECT COD,4,Manufacturer#1,3-MEDIUM,2,HOUSEHOLD,MAIL,5,0,4,Brand#13,21,MED PKG,3,1075,22605.462
F,F,TAKE BACK RETURN,1,Manufacturer#1,3-MEDIUM,2,HOUSEHOLD,SHIP,6,0,24,Brand#11,21,JUMBO DRUM,19,1075,63017.0976
F,F,DELIVER IN PERSON,2,Manufacturer#4,3-MEDIUM,2,HOUSEHOLD,AIR,2,0.01,21,Brand#45,21,SM PKG,8,1075,40067.0361
F,F,DELIVER IN PERSON,4,Manufacturer#2,3-MEDIUM,2,HOUSEHOLD,RAIL,4,0.05,20,Brand#22,21,MED DRUM,36,1075,59296.3425
F,F,TAKE BACK RETURN,3,Manufacturer#4,3-MEDIUM,2,HOUSEHOLD,RAIL,3,0.01,22,Brand#43,8,WRAP DRUM,5,3313,43618.5252
F,F,DELIVER IN PERSON,3,Manufacturer#2,5-LOW,0,BUILDING,TRUCK,2,0,19,Brand#24,15,JUMBO PACK,38,2006,35598.024
F,F,TAKE BACK RETURN,2,Manufacturer#5,3-MEDIUM,4,BUILDING,RAIL,2,0.04,18,Brand#55,20,WRAP BAG,2,3314,60900.6594
F,F,DELIVER IN PERSON,0,Manufacturer#4,3-MEDIUM,4,BUILDING,RAIL,5,0.08,0,Brand#42,20,SM CASE,19,3314,9014.3424
F,F,TAKE BACK RETURN,4,Manufacturer#3,5-LOW,0,FURNITURE,SHIP,3,0.06,20,Brand#34,14,SM PACK,27,1114,22716.2468
F,F,NONE,0,Manufacturer#5,5-LOW,0,FURNITURE,REG AIR,6,0.07,14,Brand#52,14,JUMBO PKG,34,1114,30443.2884
F,F,DELIVER IN PERSON,3,Manufacturer#5,5-LOW,0,FURNITURE,MAIL,1,0.08,6,Brand#55,14,JUMBO CAN,42,1114,9700.6672
F,F,TAKE BACK RETURN,3,Manufacturer#3,5-LOW,0,FURNITURE,TRUCK,4,0.05,7,Brand#35,14,WRAP BAG,29,1114,64604.3244
F,F,TAKE BACK RETURN,3,Manufacturer#5,2-HIGH,0,MACHINERY,FOB,3,0.03,7,Brand#55,14,JUMBO PACK,35,2008,62924.1544
F,F,DELIVER IN PERSON,4,Manufacturer#4,2-HIGH,0,MACHINERY,AIR,5,0.03,20,Brand#44,14,JUMBO PKG,46,2008,46643.7762
F,F,COLLECT COD,3,Manufacturer#5,2-HIGH,0,MACHINERY,SHIP,1,0,23,Brand#51,14,LG BAG,22,2008,50587.6416
F,F,TAKE BACK RETURN,3,Manufacturer#2,2-HIGH,0,MACHINERY,SHIP,2,0.04,19,Brand#21,14,MED PKG,4,2008,8086.8512
F,F,COLLECT COD,1,Manufacturer#3,2-HIGH,0,MACHINERY,FOB,4,0.01,2,Brand#32,14,JUMBO CAN,6,2008,63371.1708
F,F,TAKE BACK RETURN,0,Manufacturer#5,1-URGENT,2,MACHINERY,REG AIR,5,0.03,0,Brand#52,18,SM JAR,34,2364,1324.9206
F,F,DELIVER IN PERSON,1,Manufacturer#1,4-NOT SPECIFIED,4,FURNITURE,FOB,1,0.08,2,Brand#15,4,JUMBO DRUM,5,3315,42666.0696
F,F,DELIVER IN PERSON,0,Manufacturer#4,5-LOW,2,AUTOMOBILE,MAIL,4,0.04,15,Brand#43,18,JUMBO PACK,12,3316,60735.3278
F,F,TAKE BACK RETURN,4,Manufacturer#4,5-LOW,2,AUTOMOBILE,TRUCK,1,0.05,4,Brand#42,18,WRAP CAN,16,3316,8524.863
F,F,NONE,4,Manufacturer#4,3-MEDIUM,4,HOUSEHOLD,RAIL,2,0.04,10,Brand#45,10,LG CAN,16,2111,23119.8734
F,F,NONE,1,Manufacturer#3,3-MEDIUM,4,HOUSEHOLD,SHIP,4,0.04,2,Brand#32,10,SM BAG,40,2111,9959.7204
F,F,DELIVER IN PERSON,1,Manufacturer#3,1-URGENT,2,MACHINERY,MAIL,3,0.07,24,Brand#34,18,SM CASE,30,2364,41088.6168
F,F,DELIVER IN PERSON,2,Manufacturer#4,1-URGENT,2,MACHINERY,RAIL,7,0.01,8,Brand#43,18,LG BAG,11,2364,38172.8544
F,F,NONE,4,Manufacturer#2,5-LOW,3,BUILDING,REG AIR,2,0.05,13,Brand#22,6,SM BOX,18,3317,25626.2412
F,F,COLLECT COD,2,Manufacturer#5,3-MEDIUM,1,FURNITURE,REG AIR,4,0.02,21,Brand#51,1,SM PKG,20,708,48317.3325
F,F,DELIVER IN PERSON,3,Manufacturer#5,3-MEDIUM,1,FURNITURE,FOB,3,0.04,19,Brand#53,1,MED PACK,8,708,19692.552
F,F,COLLECT COD,1,Manufacturer#5,2-HIGH,2,MACHINERY,SHIP,3,0.01,1,Brand#53,21,LG PACK,22,3032,20550.7584
F,F,NONE,2,Manufacturer#2,2-HIGH,2,MACHINERY,FOB,1,0.05,8,Brand#21,21,JUMBO CAN,9,3032,905.8665
F,F,DELIVER IN PERSON,1,Manufacturer#3,2-HIGH,2,MACHINERY,TRUCK,2,0.08,1,Brand#33,21,SM PKG,48,3032,55641.42
F,F,TAKE BACK RETURN,4,Manufacturer#5,3-MEDIUM,4,HOUSEHOLD,FOB,5,0.05,20,Brand#53,10,JUMBO JAR,50,3318,60513.984
F,F,TAKE BACK RETURN,0,Manufacturer#1,3-MEDIUM,4,HOUSEHOLD,REG AIR,1,0.06,16,Brand#14,10,WRAP JAR,41,3318,46860.016
F,F,COLLECT COD,4,Manufacturer#2,3-MEDIUM,4,HOUSEHOLD,TRUCK,4,0.04,13,Brand#25,10,JUMBO BAG,44,3318,8581.482
F,F,DELIVER IN PERSON,3,Manufacturer#5,3-MEDIUM,4,HOUSEHOLD,SHIP,2,0.07,22,Brand#55,10,LG JAR,42,3318,57972.496
F,F,DELIVER IN PERSON,3,Manufacturer#5,3-MEDIUM,4,HOUSEHOLD,MAIL,3,0.03,22,Brand#54,10,WRAP DRUM,9,3318,53634.252
F,F,NONE,4,Manufacturer#1,3-MEDIUM,4,HOUSEHOLD,REG AIR,6,0.04,10,Brand#14,10,WRAP BAG,29,3318,22151.169
F,F,DELIVER IN PERSON,1,Manufacturer#4,5-LOW,2,AUTOMOBILE,AIR,2,0.07,1,Brand#41,12,MED DRUM,37,3319,52369.8045
F,F,COLLECT COD,2,Manufacturer#2,5-LOW,2,AUTOMOBILE,SHIP,1,0.05,12,Brand#23,12,WRAP BAG,13,3319,25890.1734
F,F,COLLECT COD,1,Manufacturer#1,2-HIGH,4,HOUSEHOLD,TRUCK,2,0.06,17,Brand#15,13,WRAP PKG,35,3320,42803.4915
F,F,TAKE BACK RETURN,1,Manufacturer#3,4-NOT SPECIFIED,2,HOUSEHOLD,FOB,1,0.02,2,Brand#35,21,WRAP BOX,15,3321,21388.6464
F,F,DELIVER IN PERSON,2,Manufacturer#4,4-NOT SPECIFIED,2,HOUSEHOLD,MAIL,3,0,18,Brand#42,21,LG DRUM,45,3321,26319.1008
F,F,COLLECT COD,2,Manufacturer#1,4-NOT SPECIFIED,0,FURNITURE,AIR,1,0,18,Brand#12,15,JUMBO BOX,33,1868,7110.0127
F,F,COLLECT COD,3,Manufacturer#1,4-NOT SPECIFIED,0,FURNITURE,RAIL,2,0.05,6,Brand#11,15,SM CAN,32,1868,28900.9962
F,F,TAKE BACK RETURN,0,Manufacturer#2,4-NOT SPECIFIED,4,BUILDING,MAIL,2,0,5,Brand#22,13,MED PACK,42,2495,28248.4989
F,F,COLLECT COD,4,Manufacturer#1,4-NOT SPECIFIED,2,AUTOMOBILE,FOB,1,0.05,20,Brand#15,9,WRAP JAR,49,3322,69134.868
F,F,DELIVER IN PERSON,2,Manufacturer#2,4-NOT SPECIFIED,2,AUTOMOBILE,RAIL,2,0.08,18,Brand#23,9,WRAP BOX,45,3322,19008.2049
F,F,TAKE BACK RETURN,0,Manufacturer#1,5-LOW,4,BUILDING,REG AIR,2,0.06,0,Brand#14,10,MED PACK,22,859,19700.3832
F,F,DELIVER IN PERSON,3,Manufacturer#4,5-LOW,4,BUILDING,RAIL,1,0.03,19,Brand#42,10,MED CAN,18,859,37832.619
F,F,TAKE BACK RETURN,2,Manufacturer#3,5-LOW,4,BUILDING,REG AIR,4,0.08,18,Brand#35,10,MED PKG,33,859,3044.4414
F,F,TAKE BACK RETURN,0,Manufacturer#4,4-NOT SPECIFIED,3,FURNITURE,RAIL,3,0.07,15,Brand#44,22,WRAP DRUM,6,3323,24705
F,F,NONE,2,Manufacturer#4,1-URGENT,4,HOUSEHOLD,TRUCK,1,0.01,12,Brand#45,10,SM DRUM,49,16,33395.9373
F,F,NONE,2,Manufacturer#2,1-URGENT,4,HOUSEHOLD,REG AIR,3,0.06,8,Brand#25,10,MED JAR,18,16,62378.372
F,F,COLLECT COD,1,Manufacturer#3,1-URGENT,4,HOUSEHOLD,TRUCK,4,0.02,2,Brand#31,10,WRAP BOX,4,16,37000
F,F,COLLECT COD,1,Manufacturer#2,2-HIGH,4,FURNITURE,REG AIR,1,0.08,2,Brand#25,13,MED PKG,41,3324,39654.342
F,F,DELIVER IN PERSON,0,Manufacturer#1,4-NOT SPECIFIED,3,BUILDING,AIR,3,0.01,5,Brand#12,22,LG PKG,33,3325,12449.682
F,F,COLLECT COD,4,Manufacturer#3,4-NOT SPECIFIED,3,BUILDING,RAIL,2,0.01,10,Brand#31,22,MED DRUM,28,3325,13438.992
F,F,NONE,3,Manufacturer#5,4-NOT SPECIFIED,3,BUILDING,SHIP,4,0.03,22,Brand#55,22,MED PACK,5,3325,9143.2299
F,F,NONE,4,Manufacturer#3,2-HIGH,0,MACHINERY,REG AIR,5,0.06,20,Brand#33,15,SM BOX,41,3326,58055.058
F,F,COLLECT COD,0,Manufacturer#1,3-MEDIUM,4,HOUSEHOLD,TRUCK,3,0,0,Brand#15,11,LG BAG,11,3327,13344.876
F,F,DELIVER IN PERSON,2,Manufacturer#3,5-LOW,3,HOUSEHOLD,TRUCK,1,0.04,18,Brand#35,23,SM BOX,32,3328,27834.52
F,F,DELIVER IN PERSON,1,Manufacturer#2,5-LOW,3,HOUSEHOLD,AIR,3,0.04,3,Brand#23,23,LG BAG,19,3328,50793.4944
F,F,NONE,1,Manufacturer#2,5-LOW,1,HOUSEHOLD,MAIL,3,0,3,Brand#23,24,JUMBO BAG,8,3329,3367.728
F,F,DELIVER IN PERSON,0,Manufacturer#3,5-LOW,1,HOUSEHOLD,AIR,2,0.02,16,Brand#33,24,MED CAN,38,3329,19022.949
F,F,COLLECT COD,1,Manufacturer#2,5-LOW,1,HOUSEHOLD,MAIL,1,0,17,Brand#22,24,JUMBO PKG,43,3329,18517.3695
F,F,NONE,2,Manufacturer#1,1-URGENT,4,HOUSEHOLD,TRUCK,3,0.03,9,Brand#11,11,LG BAG,18,3330,34456.8224
F,F,TAKE BACK RETURN,4,Manufacturer#5,4-NOT SPECIFIED,4,FURNITURE,FOB,3,0.05,20,Brand#52,10,SM PKG,15,3331,28866.5664
F,F,TAKE BACK RETURN,2,Manufacturer#5,4-NOT SPECIFIED,2,AUTOMOBILE,AIR,2,0.04,21,Brand#53,18,SM PACK,28,2990,10939.734
F,F,NONE,4,Manufacturer#5,1-URGENT,4,AUTOMOBILE,SHIP,4,0.07,10,Brand#52,10,MED PACK,1,3332,49506.4052
F,F,COLLECT COD,2,Manufacturer#2,1-URGENT,4,AUTOMOBILE,MAIL,2,0,21,Brand#23,10,JUMBO PKG,27,3332,57702.3356
F,F,COLLECT COD,4,Manufacturer#1,1-URGENT,4,AUTOMOBILE,FOB,3,0.06,13,Brand#15,10,JUMBO DRUM,28,3332,55760.4985
F,F,TAKE BACK RETURN,3,Manufacturer#5,4-NOT SPECIFIED,4,BUILDING,MAIL,2,0.03,22,Brand#54,10,JUMBO BOX,48,3333,24794.28
F,F,NONE,4,Manufacturer#5,1-URGENT,4,MACHINERY,AIR,6,0.07,10,Brand#54,11,LG JAR,21,3334,60130.125
F,F,COLLECT COD,4,Manufacturer#1,1-URGENT,4,MACHINERY,RAIL,7,0.07,13,Brand#15,11,SM BOX,10,3334,60218.3834
F,F,DELIVER IN PERSON,4,Manufacturer#2,1-URGENT,4,MACHINERY,FOB,2,0.06,13,Brand#23,11,SM PACK,4,3334,36148.18
F,F,NONE,0,Manufacturer#3,4-NOT SPECIFIED,4,BUILDING,REG AIR,2,0.05,0,Brand#35,20,LG PKG,5,3335,8975.619
F,F,DELIVER IN PERSON,0,Manufacturer#2,1-URGENT,1,AUTOMOBILE,AIR,4,0.01,15,Brand#23,17,LG JAR,12,3336,2969.5968
F,F,TAKE BACK RETURN,0,Manufacturer#5,1-URGENT,1,AUTOMOBILE,MAIL,2,0.08,14,Brand#54,17,JUMBO BOX,48,3336,26033.994
F,F,DELIVER IN PERSON,2,Manufacturer#4,1-URGENT,1,AUTOMOBILE,REG AIR,3,0.07,9,Brand#44,17,WRAP CAN,21,3336,10243.9148
F,F,COLLECT COD,4,Manufacturer#4,1-URGENT,1,AUTOMOBILE,AIR,5,0.04,13,Brand#42,17,WRAP BAG,42,3336,5579.665
F,F,TAKE BACK RETURN,4,Manufacturer#3,1-URGENT,0,AUTOMOBILE,MAIL,1,0.03,4,Brand#33,0,LG CAN,37,3337,60168.2956
F,F,COLLECT COD,1,Manufacturer#3,1-URGENT,0,AUTOMOBILE,RAIL,5,0.07,2,Brand#35,0,WRAP BAG,41,3337,43401.7683
F,F,TAKE BACK RETURN,4,Manufacturer#1,1-URGENT,0,AUTOMOBILE,AIR,6,0,4,Brand#14,0,JUMBO BAG,37,3337,7711.431
F,F,COLLECT COD,4,Manufacturer#2,5-LOW,3,BUILDING,FOB,5,0.02,20,Brand#21,22,WRAP CASE,37,3338,13638.24
F,F,TAKE BACK RETURN,4,Manufacturer#3,4-NOT SPECIFIED,0,AUTOMOBILE,SHIP,1,0.02,4,Brand#34,5,JUMBO PKG,12,3339,19904.9396
F,F,NONE,0,Manufacturer#4,2-HIGH,3,MACHINERY,AIR,6,0.03,15,Brand#42,7,JUMBO PACK,48,3340,41315.256
F,F,TAKE BACK RETURN,0,Manufacturer#1,2-HIGH,3,MACHINERY,FOB,5,0.06,14,Brand#15,7,MED PKG,14,3340,72014.8429
F,F,NONE,2,Manufacturer#5,2-HIGH,3,MACHINERY,RAIL,4,0.03,9,Brand#52,7,LG CASE,23,3340,25033.2866
F,F,TAKE BACK RETURN,2,Manufacturer#3,2-HIGH,3,MACHINERY,RAIL,2,0.02,8,Brand#32,7,WRAP BOX,6,3340,15952.1544
F,F,TAKE BACK RETURN,2,Manufacturer#1,5-LOW,2,AUTOMOBILE,RAIL,6,0.06,18,Brand#14,18,JUMBO BAG,19,174,35413.4
F,F,COLLECT COD,0,Manufacturer#3,5-LOW,2,AUTOMOBILE,MAIL,3,0.08,0,Brand#35,18,MED JAR,9,174,10459.449
F,F,NONE,3,Manufacturer#3,5-LOW,2,AUTOMOBILE,FOB,5,0.08,22,Brand#35,18,LG DRUM,14,174,20230.4046
F,F,NONE,4,Manufacturer#2,5-LOW,2,AUTOMOBILE,SHIP,1,0.08,13,Brand#23,18,LG CASE,32,174,75414.978
F,F,TAKE BACK RETURN,1,Manufacturer#4,4-NOT SPECIFIED,2,AUTOMOBILE,RAIL,6,0.07,17,Brand#41,18,WRAP DRUM,9,2990,17683.6972
F,F,DELIVER IN PERSON,2,Manufacturer#3,5-LOW,0,BUILDING,AIR,3,0.08,21,Brand#34,14,WRAP BAG,36,1094,15193.971
F,F,NONE,2,Manufacturer#3,2-HIGH,2,AUTOMOBILE,SHIP,3,0.07,9,Brand#32,21,WRAP CASE,30,3341,39861.58
F,F,TAKE BACK RETURN,1,Manufacturer#3,2-HIGH,2,AUTOMOBILE,TRUCK,1,0.01,2,Brand#35,21,JUMBO PACK,23,3341,69578.418
F,F,COLLECT COD,2,Manufacturer#4,4-NOT SPECIFIED,0,MACHINERY,MAIL,1,0.06,21,Brand#45,15,JUMBO BOX,45,3342,53286.156
F,F,COLLECT COD,2,Manufacturer#2,4-NOT SPECIFIED,4,MACHINERY,MAIL,3,0.08,21,Brand#22,10,MED CAN,27,3343,26277.6
F,F,COLLECT COD,3,Manufacturer#1,4-NOT SPECIFIED,4,MACHINERY,TRUCK,2,0.04,19,Brand#11,10,JUMBO CAN,37,3343,35992.593
F,F,TAKE BACK RETURN,3,Manufacturer#5,3-MEDIUM,2,HOUSEHOLD,MAIL,3,0.03,22,Brand#54,18,LG BOX,42,1935,40538.8984
F,F,TAKE BACK RETURN,1,Manufacturer#2,3-MEDIUM,2,HOUSEHOLD,SHIP,1,0.04,17,Brand#25,18,WRAP BOX,27,1935,2794.98
F,F,NONE,4,Manufacturer#4,3-MEDIUM,2,HOUSEHOLD,REG AIR,2,0.05,20,Brand#42,18,SM CAN,44,1935,19039.8972
F,F,DELIVER IN PERSON,4,Manufacturer#2,5-LOW,0,BUILDING,TRUCK,4,0.04,4,Brand#22,14,JUMBO JAR,7,1094,14797.675
F,F,DELIVER IN PERSON,4,Manufacturer#5,5-LOW,0,BUILDING,FOB,2,0.02,13,Brand#52,14,MED DRUM,23,1094,45552.768
F,F,COLLECT COD,1,Manufacturer#2,5-LOW,0,BUILDING,TRUCK,5,0.04,17,Brand#21,14,WRAP CASE,41,1094,47958.064
F,F,DELIVER IN PERSON,2,Manufacturer#5,2-HIGH,1,HOUSEHOLD,MAIL,2,0.06,8,Brand#54,1,JUMBO PACK,7,3344,58251.41
F,F,DELIVER IN PERSON,2,Manufacturer#2,2-HIGH,1,HOUSEHOLD,TRUCK,1,0,8,Brand#21,1,WRAP PKG,15,3344,47990.3746
F,F,TAKE BACK RETURN,0,Manufacturer#4,1-URGENT,4,AUTOMOBILE,TRUCK,5,0,15,Brand#43,20,SM BAG,40,2167,20542.059
F,F,NONE,1,Manufacturer#5,1-URGENT,4,AUTOMOBILE,RAIL,2,0.03,24,Brand#55,20,MED BOX,44,2167,69134.868
F,F,NONE,0,Manufacturer#5,1-URGENT,4,AUTOMOBILE,TRUCK,4,0.01,16,Brand#52,20,WRAP CASE,32,2167,46490.802
F,F,DELIVER IN PERSON,3,Manufacturer#4,1-URGENT,4,AUTOMOBILE,REG AIR,1,0.05,7,Brand#43,20,JUMBO BAG,41,2167,38488.1952
F,F,TAKE BACK RETURN,4,Manufacturer#3,1-URGENT,4,MACHINERY,SHIP,1,0.04,20,Brand#32,10,MED CASE,43,3345,58160.64
F,F,COLLECT COD,3,Manufacturer#5,4-NOT SPECIFIED,2,BUILDING,TRUCK,1,0.05,22,Brand#53,21,SM DRUM,30,2622,37047.12
F,F,DELIVER IN PERSON,1,Manufacturer#1,4-NOT SPECIFIED,2,BUILDING,MAIL,2,0.08,3,Brand#11,21,WRAP BOX,32,2622,34916.8225
F,F,TAKE BACK RETURN,4,Manufacturer#2,4-NOT SPECIFIED,2,BUILDING,MAIL,5,0.01,4,Brand#25,21,LG CAN,29,2622,8705.6937
F,F,NONE,2,Manufacturer#2,4-NOT SPECIFIED,2,BUILDING,RAIL,3,0.01,8,Brand#23,21,SM BAG,9,2622,51144
F,F,TAKE BACK RETURN,3,Manufacturer#1,4-NOT SPECIFIED,2,BUILDING,MAIL,4,0.03,23,Brand#11,21,SM CAN,29,2622,1580.8638
F,F,TAKE BACK RETURN,4,Manufacturer#2,1-URGENT,3,AUTOMOBILE,FOB,4,0.08,20,Brand#21,6,JUMBO JAR,5,3346,11817.6102
F,F,COLLECT COD,2,Manufacturer#3,1-URGENT,3,AUTOMOBILE,MAIL,3,0,21,Brand#32,6,SM BAG,46,3346,30663.7058
F,F,DELIVER IN PERSON,3,Manufacturer#2,1-URGENT,3,AUTOMOBILE,RAIL,5,0.04,22,Brand#23,6,MED DRUM,31,3346,46326.276
F,F,TAKE BACK RETURN,3,Manufacturer#5,1-URGENT,3,MACHINERY,TRUCK,3,0.04,23,Brand#55,7,SM BAG,26,3347,7218.1475
F,F,COLLECT COD,4,Manufacturer#3,1-URGENT,3,MACHINERY,SHIP,2,0.05,20,Brand#35,7,LG JAR,14,3347,46143.9984
F,F,COLLECT COD,0,Manufacturer#5,1-URGENT,3,MACHINERY,SHIP,4,0.05,14,Brand#52,7,LG BAG,32,3347,40910.562
F,F,COLLECT COD,4,Manufacturer#5,1-URGENT,3,MACHINERY,REG AIR,1,0.02,11,Brand#52,7,MED JAR,7,3347,20009.2536
F,F,COLLECT COD,0,Manufacturer#5,4-NOT SPECIFIED,1,BUILDING,REG AIR,4,0.06,16,Brand#55,2,MED PACK,40,1484,38569.6311
F,F,NONE,1,Manufacturer#5,3-MEDIUM,2,MACHINERY,TRUCK,5,0.03,24,Brand#53,12,WRAP CAN,8,2744,16802.9414
F,F,COLLECT COD,4,Manufacturer#4,5-LOW,0,AUTOMOBILE,MAIL,1,0.03,20,Brand#42,0,JUMBO PACK,45,3348,10265.346
F,F,COLLECT COD,3,Manufacturer#2,3-MEDIUM,1,AUTOMOBILE,FOB,1,0.06,22,Brand#24,17,WRAP BAG,44,3349,57760.659
F,F,DELIVER IN PERSON,3,Manufacturer#1,3-MEDIUM,1,HOUSEHOLD,MAIL,1,0.03,23,Brand#12,1,LG PKG,10,551,36730.8528
F,F,NONE,4,Manufacturer#3,3-MEDIUM,1,HOUSEHOLD,MAIL,4,0.02,10,Brand#33,1,JUMBO PKG,27,551,57691.3162
F,F,DELIVER IN PERSON,4,Manufacturer#2,3-MEDIUM,1,HOUSEHOLD,FOB,7,0.04,4,Brand#21,1,MED CAN,36,551,27331.804
F,F,TAKE BACK RETURN,1,Manufacturer#1,3-MEDIUM,1,HOUSEHOLD,TRUCK,3,0.07,17,Brand#12,1,JUMBO PACK,35,551,67506.9516
F,F,COLLECT COD,0,Manufacturer#2,3-MEDIUM,2,MACHINERY,FOB,4,0.05,15,Brand#21,12,LG CAN,45,2744,43540.2
F,F,DELIVER IN PERSON,4,Manufacturer#5,1-URGENT,4,MACHINERY,MAIL,3,0.04,4,Brand#55,10,WRAP PKG,12,3345,19584.8718
F,F,DELIVER IN PERSON,0,Manufacturer#2,1-URGENT,4,MACHINERY,TRUCK,2,0.06,0,Brand#22,10,SM PACK,41,3345,42276.7394
F,F,TAKE BACK RETURN,3,Manufacturer#2,2-HIGH,0,AUTOMOBILE,AIR,1,0.03,22,Brand#23,15,JUMBO PACK,48,3350,57853.3608
F,F,DELIVER IN PERSON,0,Manufacturer#5,1-URGENT,3,MACHINERY,RAIL,2,0.08,16,Brand#55,23,LG JAR,45,2041,32543.147
F,F,DELIVER IN PERSON,1,Manufacturer#3,4-NOT SPECIFIED,4,MACHINERY,FOB,2,0.05,3,Brand#35,13,WRAP JAR,23,3351,33289.7499
F,F,NONE,0,Manufacturer#3,1-URGENT,1,AUTOMOBILE,FOB,2,0.01,5,Brand#32,3,SM PACK,19,437,19570.1779
F,F,DELIVER IN PERSON,3,Manufacturer#3,1-URGENT,1,AUTOMOBILE,TRUCK,1,0.01,6,Brand#35,3,MED PACK,5,437,12298.0221
F,F,TAKE BACK RETURN,4,Manufacturer#2,3-MEDIUM,2,BUILDING,MAIL,6,0.02,10,Brand#24,8,JUMBO PKG,40,195,4368.68
F,F,DELIVER IN PERSON,1,Manufacturer#3,3-MEDIUM,2,BUILDING,REG AIR,2,0.08,24,Brand#32,8,JUMBO BAG,17,195,9428.952
F,F,TAKE BACK RETURN,4,Manufacturer#5,2-HIGH,4,FURNITURE,FOB,3,0.01,11,Brand#51,20,LG JAR,33,3352,20854.449
F,F,TAKE BACK RETURN,0,Manufacturer#2,1-URGENT,2,MACHINERY,RAIL,1,0.01,16,Brand#24,9,JUMBO BAG,27,3353,55508.817
F,F,COLLECT COD,2,Manufacturer#3,2-HIGH,3,HOUSEHOLD,FOB,3,0.04,9,Brand#34,23,JUMBO PKG,43,3354,59698.456
F,F,COLLECT COD,3,Manufacturer#5,2-HIGH,3,HOUSEHOLD,FOB,1,0.04,7,Brand#55,23,MED BAG,39,3354,19409.88
F,F,TAKE BACK RETURN,4,Manufacturer#5,4-NOT SPECIFIED,4,MACHINERY,MAIL,1,0.05,13,Brand#51,13,LG PKG,30,3351,58499.9142
F,F,COLLECT COD,0,Manufacturer#1,2-HIGH,4,BUILDING,MAIL,2,0.01,5,Brand#11,10,LG BOX,39,2471,15682.2556
F,F,NONE,1,Manufacturer#4,2-HIGH,4,BUILDING,AIR,5,0.06,2,Brand#45,10,SM PACK,48,2471,29737.26
F,F,DELIVER IN PERSON,3,Manufacturer#1,2-HIGH,4,BUILDING,FOB,4,0.02,19,Brand#14,10,JUMBO CASE,28,2471,18604.95
F,F,TAKE BACK RETURN,0,Manufacturer#5,1-URGENT,1,FURNITURE,RAIL,4,0.08,5,Brand#53,3,JUMBO DRUM,47,3355,13420.6884
F,F,TAKE BACK RETURN,4,Manufacturer#5,1-URGENT,1,FURNITURE,REG AIR,2,0.03,4,Brand#51,3,SM PACK,29,3355,14696.955
F,F,TAKE BACK RETURN,2,Manufacturer#4,1-URGENT,0,AUTOMOBILE,MAIL,4,0.06,8,Brand#42,5,JUMBO CAN,15,3356,22422.53
F,F,NONE,0,Manufacturer#4,1-URGENT,2,BUILDING,AIR,3,0.07,16,Brand#41,8,MED BOX,5,576,19106.4159
F,F,NONE,2,Manufacturer#2,1-URGENT,2,BUILDING,SHIP,2,0.06,18,Brand#24,8,MED PKG,38,576,38192.715
F,F,NONE,1,Manufacturer#5,1-URGENT,2,BUILDING,RAIL,1,0.05,1,Brand#54,8,LG BAG,19,576,44257.934
F,F,TAKE BACK RETURN,0,Manufacturer#4,2-HIGH,3,AUTOMOBILE,FOB,2,0.02,16,Brand#44,19,JUMBO JAR,44,3357,66448.38
F,F,COLLECT COD,2,Manufacturer#4,2-HIGH,3,AUTOMOBILE,MAIL,3,0.03,18,Brand#43,19,LG BOX,2,3357,42801.85
F,F,NONE,2,Manufacturer#1,2-HIGH,3,AUTOMOBILE,MAIL,4,0,9,Brand#15,19,MED BOX,11,3357,64291.5231
F,F,DELIVER IN PERSON,4,Manufacturer#4,2-HIGH,3,AUTOMOBILE,TRUCK,1,0.08,13,Brand#44,19,JUMBO PACK,28,3357,64434.9508
F,F,DELIVER IN PERSON,1,Manufacturer#1,5-LOW,0,MACHINERY,MAIL,7,0.01,3,Brand#13,16,WRAP CAN,9,2501,45489.06
F,F,NONE,0,Manufacturer#3,5-LOW,0,MACHINERY,AIR,5,0.04,5,Brand#34,16,SM BAG,39,2501,29381.75
F,F,COLLECT COD,0,Manufacturer#5,5-LOW,0,MACHINERY,MAIL,1,0.06,5,Brand#55,16,LG DRUM,31,2501,31658.9
F,F,COLLECT COD,0,Manufacturer#5,5-LOW,0,MACHINERY,TRUCK,3,0.02,14,Brand#52,16,MED PKG,39,2501,8505.27
F,F,DELIVER IN PERSON,0,Manufacturer#5,5-LOW,1,BUILDING,SHIP,1,0,16,Brand#55,17,LG CASE,20,3270,31630.9248
F,F,COLLECT COD,0,Manufacturer#5,5-LOW,1,BUILDING,REG AIR,4,0.01,15,Brand#55,17,JUMBO PACK,43,3270,28832.1264
F,F,TAKE BACK RETURN,2,Manufacturer#1,1-URGENT,0,MACHINERY,MAIL,4,0.07,9,Brand#12,15,JUMBO JAR,39,3358,45216.35
F,F,TAKE BACK RETURN,4,Manufacturer#3,2-HIGH,2,MACHINERY,TRUCK,2,0.06,10,Brand#31,21,LG PACK,31,1758,55465.473
F,F,DELIVER IN PERSON,1,Manufacturer#2,3-MEDIUM,4,MACHINERY,AIR,4,0.03,17,Brand#25,11,LG CAN,8,3359,24187.254
F,F,DELIVER IN PERSON,4,Manufacturer#3,3-MEDIUM,4,MACHINERY,REG AIR,5,0,11,Brand#33,11,JUMBO PKG,2,3359,64572.508
F,F,COLLECT COD,4,Manufacturer#3,2-HIGH,2,MACHINERY,REG AIR,1,0.05,11,Brand#31,21,LG PKG,2,1758,24345.0515
F,F,COLLECT COD,2,Manufacturer#2,3-MEDIUM,2,FURNITURE,FOB,3,0.07,18,Brand#25,18,SM BAG,44,3360,15482.511
F,F,DELIVER IN PERSON,4,Manufacturer#5,5-LOW,2,HOUSEHOLD,TRUCK,3,0.04,20,Brand#54,9,JUMBO PACK,29,3361,33635.7504
F,F,NONE,2,Manufacturer#3,1-URGENT,4,FURNITURE,RAIL,4,0.02,9,Brand#31,13,SM BOX,34,3362,75952.0944
F,F,DELIVER IN PERSON,4,Manufacturer#2,1-URGENT,4,FURNITURE,RAIL,3,0.03,10,Brand#24,13,MED JAR,13,3362,11816.8848
F,F,NONE,0,Manufacturer#1,5-LOW,2,HOUSEHOLD,RAIL,5,0.08,15,Brand#14,9,SM BAG,24,3361,6156.3184
F,F,COLLECT COD,0,Manufacturer#1,5-LOW,4,AUTOMOBILE,MAIL,1,0.06,15,Brand#14,4,WRAP CASE,20,3166,18960.615
F,F,COLLECT COD,3,Manufacturer#2,3-MEDIUM,3,BUILDING,SHIP,2,0.07,7,Brand#25,19,MED PKG,9,3363,59082.6852
F,F,DELIVER IN PERSON,3,Manufacturer#3,2-HIGH,4,BUILDING,AIR,3,0.08,23,Brand#32,10,JUMBO DRUM,29,3364,56171.64
F,F,DELIVER IN PERSON,3,Manufacturer#5,2-HIGH,4,AUTOMOBILE,MAIL,3,0.07,7,Brand#53,11,SM JAR,28,3365,34073.526
F,F,COLLECT COD,2,Manufacturer#4,2-HIGH,4,AUTOMOBILE,MAIL,4,0.04,9,Brand#43,11,LG PACK,45,3365,71301.604
F,F,DELIVER IN PERSON,3,Manufacturer#4,2-HIGH,4,AUTOMOBILE,FOB,1,0.06,7,Brand#45,11,WRAP BOX,2,3365,51477.0949
F,F,TAKE BACK RETURN,3,Manufacturer#3,4-NOT SPECIFIED,3,FURNITURE,MAIL,1,0.03,22,Brand#33,22,LG PKG,6,3366,10234.74
F,F,DELIVER IN PERSON,3,Manufacturer#2,2-HIGH,3,BUILDING,MAIL,2,0.01,6,Brand#23,23,JUMBO JAR,24,3367,36821.394
F,F,COLLECT COD,2,Manufacturer#1,2-HIGH,3,BUILDING,AIR,1,0.04,12,Brand#14,23,WRAP PACK,21,3367,27440.427
F,F,TAKE BACK RETURN,4,Manufacturer#5,2-HIGH,4,BUILDING,REG AIR,1,0.07,11,Brand#51,10,WRAP BOX,31,3364,6336.78
F,F,TAKE BACK RETURN,2,Manufacturer#2,2-HIGH,4,BUILDING,SHIP,4,0.07,9,Brand#25,10,WRAP PKG,45,3364,29795.781
F,F,TAKE BACK RETURN,4,Manufacturer#1,3-MEDIUM,1,HOUSEHOLD,SHIP,1,0.03,4,Brand#14,24,MED JAR,28,3368,49655.7162
F,F,NONE,3,Manufacturer#2,2-HIGH,2,MACHINERY,REG AIR,5,0.07,6,Brand#25,18,LG BAG,24,2364,43696.618
F,F,NONE,2,Manufacturer#2,1-URGENT,4,MACHINERY,REG AIR,1,0,21,Brand#24,13,SM PACK,1,796,80436.165
F,F,TAKE BACK RETURN,4,Manufacturer#1,1-URGENT,4,MACHINERY,SHIP,2,0.08,11,Brand#14,13,LG CAN,11,796,48051.84
F,F,DELIVER IN PERSON,0,Manufacturer#5,1-URGENT,4,MACHINERY,REG AIR,5,0.01,16,Brand#54,13,JUMBO CASE,47,796,9725.8656
F,F,NONE,4,Manufacturer#1,1-URGENT,4,MACHINERY,TRUCK,4,0.07,4,Brand#11,13,WRAP PACK,18,796,37013.9238
F,F,COLLECT COD,3,Manufacturer#2,2-HIGH,2,MACHINERY,SHIP,3,0.08,23,Brand#21,18,LG PKG,22,2364,43764.2528
F,F,DELIVER IN PERSON,0,Manufacturer#1,2-HIGH,2,MACHINERY,REG AIR,4,0.08,15,Brand#14,18,MED JAR,26,2364,45614.3688
F,F,DELIVER IN PERSON,1,Manufacturer#1,2-HIGH,2,MACHINERY,SHIP,1,0,3,Brand#15,18,WRAP BAG,29,2364,39010.8384
F,F,DELIVER IN PERSON,1,Manufacturer#3,3-MEDIUM,3,MACHINERY,RAIL,1,0.01,17,Brand#31,6,LG DRUM,36,1473,11851.042
F,F,DELIVER IN PERSON,0,Manufacturer#3,3-MEDIUM,2,FURNITURE,MAIL,6,0,16,Brand#32,9,WRAP CAN,48,679,50679.675
F,F,TAKE BACK RETURN,2,Manufacturer#5,3-MEDIUM,2,FURNITURE,TRUCK,3,0.05,8,Brand#54,9,SM PACK,14,679,37759.3125
F,F,TAKE BACK RETURN,2,Manufacturer#3,3-MEDIUM,2,FURNITURE,SHIP,5,0.05,12,Brand#32,9,JUMBO BAG,2,679,36273.2643
F,F,TAKE BACK RETURN,2,Manufacturer#1,1-URGENT,3,HOUSEHOLD,TRUCK,7,0,12,Brand#13,23,MED CAN,22,2539,7114.176
F,F,DELIVER IN PERSON,2,Manufacturer#5,1-URGENT,3,HOUSEHOLD,REG AIR,4,0.07,8,Brand#51,23,LG BOX,15,2539,28946.5631
F,F,COLLECT COD,1,Manufacturer#1,1-URGENT,3,HOUSEHOLD,REG AIR,3,0.04,2,Brand#13,23,SM PKG,41,2539,34765.434
F,F,COLLECT COD,1,Manufacturer#3,1-URGENT,3,HOUSEHOLD,RAIL,2,0.06,24,Brand#34,23,MED PACK,18,2539,31293.216
F,F,COLLECT COD,3,Manufacturer#5,1-URGENT,3,HOUSEHOLD,AIR,5,0,6,Brand#54,23,MED BOX,38,2539,38360.2648
F,F,COLLECT COD,2,Manufacturer#5,1-URGENT,2,AUTOMOBILE,TRUCK,2,0.08,8,Brand#53,9,JUMBO BOX,40,814,19807.221
F,F,DELIVER IN PERSON,4,Manufacturer#3,1-URGENT,2,AUTOMOBILE,RAIL,1,0.06,20,Brand#31,9,WRAP BAG,12,814,36596.2944
F,F,TAKE BACK RETURN,1,Manufacturer#1,1-URGENT,4,HOUSEHOLD,REG AIR,1,0.07,3,Brand#12,13,JUMBO JAR,42,3369,49081.7124
F,F,COLLECT COD,0,Manufacturer#4,1-URGENT,4,HOUSEHOLD,RAIL,4,0.07,0,Brand#43,13,WRAP DRUM,43,3369,37984.368
F,F,NONE,0,Manufacturer#2,1-URGENT,4,HOUSEHOLD,TRUCK,2,0.08,15,Brand#25,13,MED BOX,9,3369,33703.7976
F,F,NONE,3,Manufacturer#1,1-URGENT,2,MACHINERY,AIR,1,0.04,22,Brand#13,9,WRAP CAN,3,2778,30121.022
F,F,COLLECT COD,1,Manufacturer#2,3-MEDIUM,3,AUTOMOBILE,TRUCK,3,0.04,24,Brand#24,7,JUMBO CAN,8,3370,23004.7288
F,F,COLLECT COD,4,Manufacturer#3,3-MEDIUM,3,AUTOMOBILE,MAIL,1,0.05,10,Brand#34,7,SM CASE,17,3370,59252.6925
F,F,TAKE BACK RETURN,3,Manufacturer#3,1-URGENT,0,FURNITURE,SHIP,3,0.08,23,Brand#31,15,JUMBO PACK,17,1913,18446.94
F,F,COLLECT COD,3,Manufacturer#4,1-URGENT,0,AUTOMOBILE,SHIP,5,0.08,7,Brand#42,0,WRAP DRUM,48,957,59410.853
F,F,DELIVER IN PERSON,1,Manufacturer#5,1-URGENT,0,AUTOMOBILE,FOB,1,0,17,Brand#53,0,MED JAR,27,957,26932.69
F,F,NONE,1,Manufacturer#3,2-HIGH,4,HOUSEHOLD,SHIP,1,0.06,17,Brand#32,10,MED DRUM,40,3371,17241.6288
F,F,NONE,3,Manufacturer#3,2-HIGH,4,HOUSEHOLD,SHIP,4,0.01,7,Brand#33,10,MED PKG,20,3371,25035.9714
F,F,COLLECT COD,3,Manufacturer#4,2-HIGH,4,HOUSEHOLD,FOB,3,0.05,22,Brand#43,10,SM BOX,3,3371,66265.65
F,F,DELIVER IN PERSON,4,Manufacturer#2,2-HIGH,4,HOUSEHOLD,RAIL,2,0.04,20,Brand#24,10,WRAP PACK,4,3371,57618.4785
F,F,TAKE BACK RETURN,3,Manufacturer#4,2-HIGH,4,HOUSEHOLD,SHIP,5,0.07,6,Brand#41,10,LG JAR,5,3371,57690.3558
F,F,DELIVER IN PERSON,1,Manufacturer#4,3-MEDIUM,1,AUTOMOBILE,MAIL,4,0.06,2,Brand#42,17,MED DRUM,14,3372,9762.606
F,F,NONE,1,Manufacturer#5,3-MEDIUM,1,AUTOMOBILE,REG AIR,3,0.01,3,Brand#53,17,JUMBO CAN,50,3372,9423.03
F,F,DELIVER IN PERSON,2,Manufacturer#3,3-MEDIUM,1,AUTOMOBILE,MAIL,1,0.03,9,Brand#34,17,LG CASE,28,3372,10540.4768
F,F,COLLECT COD,2,Manufacturer#5,3-MEDIUM,1,AUTOMOBILE,FOB,2,0.04,21,Brand#53,17,SM BOX,30,3372,40875.21
F,F,NONE,4,Manufacturer#4,5-LOW,2,FURNITURE,TRUCK,1,0.01,10,Brand#43,9,MED CASE,26,3373,34345.3728
F,F,COLLECT COD,0,Manufacturer#5,5-LOW,1,AUTOMOBILE,REG AIR,2,0.02,16,Brand#52,3,JUMBO DRUM,16,3247,20850.9906
F,F,TAKE BACK RETURN,0,Manufacturer#4,1-URGENT,1,AUTOMOBILE,TRUCK,5,0.03,16,Brand#43,24,SM PACK,20,3374,4088.4
F,F,NONE,2,Manufacturer#5,5-LOW,1,MACHINERY,MAIL,4,0.08,12,Brand#53,1,SM PKG,10,1596,53399.808
F,F,DELIVER IN PERSON,4,Manufacturer#4,1-URGENT,1,AUTOMOBILE,SHIP,1,0.01,10,Brand#45,24,WRAP BAG,6,3374,14146.9664
F,F,NONE,0,Manufacturer#3,1-URGENT,1,AUTOMOBILE,AIR,4,0.07,5,Brand#33,24,WRAP DRUM,8,3374,23540.112
F,F,DELIVER IN PERSON,1,Manufacturer#5,5-LOW,3,MACHINERY,REG AIR,2,0.06,3,Brand#54,23,MED PACK,38,3375,6251.5472
F,F,NONE,3,Manufacturer#5,4-NOT SPECIFIED,1,AUTOMOBILE,TRUCK,1,0.01,19,Brand#53,2,WRAP BOX,24,3376,61442.442
F,F,DELIVER IN PERSON,1,Manufacturer#5,4-NOT SPECIFIED,2,HOUSEHOLD,FOB,1,0.07,2,Brand#53,18,MED JAR,36,3377,58917.7336
F,F,TAKE BACK RETURN,3,Manufacturer#2,4-NOT SPECIFIED,2,HOUSEHOLD,TRUCK,3,0.04,19,Brand#24,18,JUMBO DRUM,50,3377,41852.3436
F,F,DELIVER IN PERSON,3,Manufacturer#2,4-NOT SPECIFIED,2,HOUSEHOLD,SHIP,6,0.02,23,Brand#24,18,MED CAN,46,3377,8963.1075
F,F,NONE,3,Manufacturer#4,4-NOT SPECIFIED,2,HOUSEHOLD,RAIL,2,0.08,7,Brand#45,18,LG CAN,18,3377,44395.2765
F,F,NONE,1,Manufacturer#3,4-NOT SPECIFIED,2,HOUSEHOLD,RAIL,4,0.07,3,Brand#33,18,JUMBO DRUM,13,3377,11336.424
F,F,COLLECT COD,3,Manufacturer#4,1-URGENT,0,FURNITURE,RAIL,4,0,6,Brand#45,15,LG BOX,46,1913,4468.71
F,F,TAKE BACK RETURN,3,Manufacturer#4,1-URGENT,0,FURNITURE,SHIP,1,0.04,6,Brand#43,15,WRAP DRUM,18,1913,23593.5525
F,F,NONE,1,Manufacturer#4,1-URGENT,3,HOUSEHOLD,RAIL,1,0,24,Brand#43,23,SM CASE,29,3378,16265.55
F,F,TAKE BACK RETURN,3,Manufacturer#4,2-HIGH,1,FURNITURE,TRUCK,4,0.04,22,Brand#43,2,MED DRUM,22,2578,36715.406
F,F,TAKE BACK RETURN,2,Manufacturer#1,1-URGENT,2,HOUSEHOLD,FOB,1,0.03,9,Brand#15,9,SM BAG,31,3379,18129.0788
F,F,COLLECT COD,2,Manufacturer#3,4-NOT SPECIFIED,4,HOUSEHOLD,TRUCK,1,0.04,21,Brand#31,10,LG PACK,41,3380,42735.546
F,F,COLLECT COD,3,Manufacturer#3,4-NOT SPECIFIED,4,HOUSEHOLD,MAIL,4,0.03,23,Brand#34,10,MED CAN,40,3380,36245.61
F,F,TAKE BACK RETURN,2,Manufacturer#4,2-HIGH,1,FURNITURE,MAIL,3,0.04,18,Brand#42,17,JUMBO CAN,15,2106,37945.82
F,F,COLLECT COD,1,Manufacturer#1,2-HIGH,1,FURNITURE,REG AIR,6,0.02,3,Brand#12,17,JUMBO BAG,46,2106,10494.12
F,F,TAKE BACK RETURN,3,Manufacturer#5,4-NOT SPECIFIED,2,FURNITURE,SHIP,1,0,19,Brand#55,21,JUMBO CASE,34,223,32986.0944
F,F,TAKE BACK RETURN,1,Manufacturer#2,3-MEDIUM,2,HOUSEHOLD,SHIP,3,0.04,1,Brand#24,18,SM CAN,45,3381,31710.1644
F,F,NONE,3,Manufacturer#5,3-MEDIUM,2,HOUSEHOLD,MAIL,4,0.08,7,Brand#51,18,JUMBO CASE,29,3381,16110.71
F,F,TAKE BACK RETURN,3,Manufacturer#4,3-MEDIUM,2,HOUSEHOLD,REG AIR,5,0.08,7,Brand#42,18,SM BAG,17,3381,44029.9854
F,F,NONE,0,Manufacturer#1,2-HIGH,2,AUTOMOBILE,RAIL,3,0.02,15,Brand#11,18,LG JAR,38,3382,55602.2784
F,F,TAKE BACK RETURN,2,Manufacturer#3,5-LOW,4,AUTOMOBILE,SHIP,4,0.04,18,Brand#31,11,LG PKG,2,3383,34227.9168
F,F,NONE,2,Manufacturer#1,5-LOW,4,AUTOMOBILE,TRUCK,3,0.05,9,Brand#13,11,JUMBO JAR,32,3383,59635.548
F,F,DELIVER IN PERSON,3,Manufacturer#5,5-LOW,4,AUTOMOBILE,TRUCK,1,0.07,23,Brand#53,11,MED JAR,38,3383,17842.167
F,F,TAKE BACK RETURN,1,Manufacturer#1,3-MEDIUM,4,MACHINERY,AIR,2,0.05,24,Brand#15,20,WRAP BAG,42,1561,31706.25
F,F,COLLECT COD,2,Manufacturer#3,3-MEDIUM,4,MACHINERY,MAIL,3,0.04,18,Brand#34,20,JUMBO DRUM,15,1561,48996.9
F,F,DELIVER IN PERSON,2,Manufacturer#5,2-HIGH,4,AUTOMOBILE,MAIL,1,0.08,9,Brand#55,10,JUMBO DRUM,44,3384,18214.065
F,F,TAKE BACK RETURN,0,Manufacturer#4,2-HIGH,4,AUTOMOBILE,AIR,3,0.02,15,Brand#42,10,MED CAN,6,3384,50711.5224
F,F,NONE,0,Manufacturer#3,2-HIGH,4,AUTOMOBILE,REG AIR,4,0,15,Brand#34,10,JUMBO CAN,33,3384,29966.5344
F,F,DELIVER IN PERSON,0,Manufacturer#3,5-LOW,3,MACHINERY,AIR,1,0.05,0,Brand#32,19,SM BAG,11,3385,30338.0695
F,F,DELIVER IN PERSON,0,Manufacturer#1,5-LOW,4,BUILDING,SHIP,2,0.01,5,Brand#14,10,WRAP DRUM,27,2871,41678.5824
F,F,NONE,0,Manufacturer#4,5-LOW,4,BUILDING,RAIL,5,0.02,5,Brand#43,10,MED PACK,4,2871,13752.288
F,F,TAKE BACK RETURN,4,Manufacturer#4,5-LOW,4,BUILDING,AIR,3,0.01,11,Brand#45,10,JUMBO CAN,30,2871,51406.1856
F,F,COLLECT COD,3,Manufacturer#4,5-LOW,3,MACHINERY,TRUCK,5,0.02,6,Brand#44,19,JUMBO DRUM,38,3385,26052.33
F,F,COLLECT COD,1,Manufacturer#3,2-HIGH,0,HOUSEHOLD,SHIP,4,0.01,2,Brand#34,14,WRAP PACK,49,3386,39396.24
F,F,NONE,0,Manufacturer#5,1-URGENT,4,MACHINERY,RAIL,1,0.08,16,Brand#55,4,MED CASE,31,3387,41750.5752
F,F,NONE,2,Manufacturer#3,1-URGENT,4,MACHINERY,SHIP,4,0.03,18,Brand#32,4,WRAP CAN,25,3387,1536.1502
F,F,DELIVER IN PERSON,2,Manufacturer#5,3-MEDIUM,0,MACHINERY,REG AIR,2,0.02,21,Brand#55,0,LG PACK,38,3388,9445.8474
F,F,TAKE BACK RETURN,1,Manufacturer#4,3-MEDIUM,0,MACHINERY,AIR,1,0.07,24,Brand#45,0,WRAP DRUM,28,3388,70800.048
F,F,COLLECT COD,4,Manufacturer#3,3-MEDIUM,0,MACHINERY,TRUCK,7,0,11,Brand#33,0,WRAP BAG,30,3388,17892.8145
F,F,NONE,3,Manufacturer#1,3-MEDIUM,0,MACHINERY,TRUCK,5,0.05,22,Brand#13,0,LG JAR,5,3388,58323.23
F,F,TAKE BACK RETURN,0,Manufacturer#4,3-MEDIUM,0,MACHINERY,AIR,3,0.06,16,Brand#45,0,JUMBO CAN,37,3388,51984.5474
F,F,DELIVER IN PERSON,4,Manufacturer#4,1-URGENT,4,BUILDING,SHIP,4,0.08,20,Brand#44,4,SM DRUM,11,3389,9781.8994
F,F,TAKE BACK RETURN,3,Manufacturer#5,1-URGENT,4,BUILDING,SHIP,5,0,22,Brand#55,4,MED DRUM,37,3389,10895.0632
F,F,TAKE BACK RETURN,2,Manufacturer#4,1-URGENT,4,BUILDING,SHIP,2,0.02,8,Brand#42,4,WRAP DRUM,35,3389,7161.5232
F,F,COLLECT COD,1,Manufacturer#4,1-URGENT,4,BUILDING,MAIL,1,0,2,Brand#44,4,MED BAG,20,3389,60724.08
F,F,TAKE BACK RETURN,3,Manufacturer#5,1-URGENT,2,FURNITURE,MAIL,1,0,6,Brand#53,18,LG JAR,46,3390,65518.6595
F,F,DELIVER IN PERSON,0,Manufacturer#4,3-MEDIUM,2,FURNITURE,MAIL,5,0.06,14,Brand#41,12,LG DRUM,35,1788,62931.456
F,F,COLLECT COD,4,Manufacturer#4,3-MEDIUM,2,FURNITURE,FOB,2,0.01,13,Brand#45,12,SM BOX,23,1788,10060.064
F,F,COLLECT COD,0,Manufacturer#2,3-MEDIUM,2,FURNITURE,RAIL,4,0.05,5,Brand#25,12,MED BOX,37,1788,8073.4968
F,F,NONE,2,Manufacturer#2,3-MEDIUM,2,FURNITURE,AIR,1,0,8,Brand#24,12,MED CAN,31,1788,53970.0343
F,F,NONE,3,Manufacturer#2,3-MEDIUM,3,BUILDING,MAIL,6,0.03,7,Brand#21,6,MED BOX,36,289,35894.838
F,F,COLLECT COD,2,Manufacturer#4,3-MEDIUM,3,BUILDING,MAIL,1,0.03,8,Brand#45,6,MED BAG,33,289,1465.839
F,F,COLLECT COD,3,Manufacturer#3,3-MEDIUM,3,BUILDING,AIR,2,0.03,23,Brand#33,6,SM BAG,11,289,22121.208
F,F,COLLECT COD,1,Manufacturer#1,3-MEDIUM,3,BUILDING,TRUCK,3,0.03,3,Brand#11,6,SM PACK,40,289,41888.2612
F,F,COLLECT COD,2,Manufacturer#2,2-HIGH,0,HOUSEHOLD,AIR,1,0.07,18,Brand#23,14,WRAP PACK,22,3386,52385.0976
F,F,TAKE BACK RETURN,4,Manufacturer#5,3-MEDIUM,3,AUTOMOBILE,SHIP,1,0,20,Brand#53,19,WRAP BOX,1,3391,14963.328
F,F,DELIVER IN PERSON,0,Manufacturer#3,5-LOW,1,MACHINERY,AIR,3,0.03,0,Brand#31,1,WRAP BOX,6,1596,73836.336
F,F,DELIVER IN PERSON,0,Manufacturer#4,3-MEDIUM,0,AUTOMOBILE,TRUCK,2,0.06,5,Brand#43,5,WRAP BAG,16,3392,32643.351
F,F,COLLECT COD,2,Manufacturer#1,3-MEDIUM,0,AUTOMOBILE,RAIL,1,0.04,18,Brand#14,5,MED PACK,24,3392,51523.836
F,F,TAKE BACK RETURN,0,Manufacturer#3,3-MEDIUM,2,AUTOMOBILE,TRUCK,3,0,0,Brand#32,18,LG CASE,16,1018,44990.9376
F,F,NONE,3,Manufacturer#4,3-MEDIUM,2,AUTOMOBILE,RAIL,4,0,7,Brand#45,18,JUMBO PACK,26,1018,39136.8616
F,F,NONE,0,Manufacturer#4,3-MEDIUM,2,AUTOMOBILE,TRUCK,1,0.04,16,Brand#45,18,MED BAG,27,1018,50346.252
F,F,NONE,2,Manufacturer#1,3-MEDIUM,4,BUILDING,SHIP,5,0.03,21,Brand#11,20,MED BAG,24,1225,27794.9916
F,F,COLLECT COD,3,Manufacturer#3,4-NOT SPECIFIED,2,MACHINERY,FOB,3,0.06,7,Brand#35,8,JUMBO BOX,43,3275,59711.7168
F,F,TAKE BACK RETURN,0,Manufacturer#2,4-NOT SPECIFIED,2,BUILDING,AIR,1,0.08,16,Brand#22,21,WRAP DRUM,26,3393,34737.6436
F,F,TAKE BACK RETURN,1,Manufacturer#5,4-NOT SPECIFIED,2,BUILDING,RAIL,4,0.05,17,Brand#52,21,MED BAG,6,3393,47071.64
F,F,NONE,1,Manufacturer#5,2-HIGH,0,BUILDING,MAIL,1,0.08,3,Brand#52,15,SM PKG,21,3394,20605.0614
F,F,COLLECT COD,4,Manufacturer#3,2-HIGH,0,BUILDING,TRUCK,5,0.02,11,Brand#35,15,WRAP PKG,36,3394,42036.7905
F,F,TAKE BACK RETURN,1,Manufacturer#5,2-HIGH,0,MACHINERY,SHIP,5,0.02,2,Brand#54,0,MED PACK,18,3395,55770.9768
F,F,COLLECT COD,0,Manufacturer#5,2-HIGH,0,MACHINERY,REG AIR,3,0.02,15,Brand#55,0,WRAP CASE,22,3395,30001.9104
F,F,TAKE BACK RETURN,0,Manufacturer#3,2-HIGH,0,MACHINERY,SHIP,1,0.06,0,Brand#35,0,MED CAN,42,3395,46725.804
F,F,DELIVER IN PERSON,1,Manufacturer#5,2-HIGH,0,MACHINERY,AIR,4,0.06,2,Brand#54,0,JUMBO DRUM,8,3395,48641.0652
F,F,DELIVER IN PERSON,4,Manufacturer#4,3-MEDIUM,2,FURNITURE,TRUCK,5,0.03,11,Brand#41,9,WRAP PKG,26,3396,88870.125
F,F,NONE,0,Manufacturer#5,3-MEDIUM,2,FURNITURE,AIR,3,0.06,14,Brand#51,9,JUMBO PACK,47,3396,71483.88
F,F,NONE,2,Manufacturer#5,5-LOW,1,BUILDING,REG AIR,5,0.04,9,Brand#51,1,LG PKG,25,665,40928.1024
F,F,TAKE BACK RETURN,0,Manufacturer#4,5-LOW,1,BUILDING,REG AIR,2,0.04,14,Brand#42,1,WRAP DRUM,6,665,31840.038
F,F,DELIVER IN PERSON,1,Manufacturer#2,5-LOW,1,BUILDING,MAIL,1,0.07,17,Brand#21,1,MED CASE,40,665,39434.88
F,F,COLLECT COD,2,Manufacturer#3,3-MEDIUM,4,BUILDING,AIR,6,0.02,18,Brand#33,20,WRAP BOX,34,1225,53730.8802
F,F,DELIVER IN PERSON,3,Manufacturer#2,3-MEDIUM,4,BUILDING,SHIP,2,0.04,23,Brand#21,20,MED PACK,16,1225,32680.3344
F,F,DELIVER IN PERSON,1,Manufacturer#4,3-MEDIUM,3,HOUSEHOLD,TRUCK,3,0,2,Brand#45,22,MED DRUM,9,3397,38367.9048
F,F,COLLECT COD,1,Manufacturer#2,3-MEDIUM,3,HOUSEHOLD,RAIL,4,0,24,Brand#24,22,JUMBO BAG,27,3397,8714.1
F,F,DELIVER IN PERSON,3,Manufacturer#2,3-MEDIUM,3,HOUSEHOLD,FOB,5,0.04,19,Brand#24,22,WRAP CAN,29,3397,37793.34
F,F,TAKE BACK RETURN,2,Manufacturer#4,3-MEDIUM,3,HOUSEHOLD,TRUCK,1,0.04,8,Brand#41,22,JUMBO JAR,7,3397,20028.19
F,F,COLLECT COD,0,Manufacturer#4,2-HIGH,3,FURNITURE,SHIP,7,0.05,0,Brand#45,23,SM PACK,36,937,5295.3642
F,F,TAKE BACK RETURN,2,Manufacturer#5,2-HIGH,3,FURNITURE,REG AIR,6,0.03,18,Brand#54,23,MED BAG,6,937,41596.8615
F,F,DELIVER IN PERSON,1,Manufacturer#2,2-HIGH,3,FURNITURE,RAIL,4,0.07,1,Brand#21,23,MED DRUM,25,937,10561.728
F,F,DELIVER IN PERSON,2,Manufacturer#5,4-NOT SPECIFIED,2,FURNITURE,REG AIR,2,0.08,21,Brand#53,12,MED PKG,45,3398,46241.514
F,F,NONE,2,Manufacturer#4,4-NOT SPECIFIED,2,FURNITURE,AIR,4,0.08,21,Brand#41,12,JUMBO BAG,47,3398,33444.918
F,F,DELIVER IN PERSON,3,Manufacturer#5,4-NOT SPECIFIED,2,FURNITURE,RAIL,3,0.01,7,Brand#51,12,MED BOX,8,3398,17118.392
F,F,COLLECT COD,4,Manufacturer#1,5-LOW,0,BUILDING,MAIL,1,0.01,4,Brand#14,15,LG PKG,15,3399,21134.8173
F,F,COLLECT COD,4,Manufacturer#3,4-NOT SPECIFIED,1,MACHINERY,SHIP,5,0.08,11,Brand#33,2,MED JAR,39,3400,1403.3349
F,F,COLLECT COD,1,Manufacturer#4,2-HIGH,1,BUILDING,TRUCK,2,0.08,24,Brand#45,24,JUMBO PKG,33,3125,35707.0968
F,F,COLLECT COD,2,Manufacturer#2,2-HIGH,1,BUILDING,FOB,4,0.05,12,Brand#22,24,WRAP JAR,10,3125,52901.6085
F,F,NONE,2,Manufacturer#3,2-HIGH,1,BUILDING,MAIL,1,0.05,9,Brand#35,24,JUMBO PKG,14,3125,7605.0744
F,F,COLLECT COD,2,Manufacturer#4,3-MEDIUM,1,FURNITURE,REG AIR,3,0.06,8,Brand#41,17,MED BAG,45,3401,14065.3944
F,F,DELIVER IN PERSON,3,Manufacturer#5,3-MEDIUM,1,FURNITURE,AIR,4,0.03,23,Brand#55,17,LG PKG,19,3401,12420.4032
F,F,NONE,4,Manufacturer#2,3-MEDIUM,1,FURNITURE,MAIL,5,0.01,20,Brand#21,17,SM PKG,40,3401,4420.8012
F,F,TAKE BACK RETURN,0,Manufacturer#1,4-NOT SPECIFIED,1,MACHINERY,SHIP,1,0.05,5,Brand#15,2,SM PACK,3,3400,8765.218
F,F,DELIVER IN PERSON,3,Manufacturer#5,5-LOW,3,HOUSEHOLD,RAIL,3,0.03,23,Brand#55,22,SM CAN,7,3402,8088.8
F,F,TAKE BACK RETURN,2,Manufacturer#1,3-MEDIUM,3,BUILDING,SHIP,3,0,12,Brand#12,22,LG BOX,34,3338,31429.722
F,F,NONE,2,Manufacturer#3,3-MEDIUM,3,BUILDING,RAIL,5,0.04,8,Brand#34,22,LG JAR,16,3338,35773.85
F,F,NONE,4,Manufacturer#2,3-MEDIUM,3,BUILDING,RAIL,4,0.02,11,Brand#21,22,JUMBO PACK,40,3338,65481.7478
F,F,NONE,0,Manufacturer#2,3-MEDIUM,3,BUILDING,MAIL,6,0.05,15,Brand#24,22,JUMBO CASE,39,3338,58014.6138
F,F,TAKE BACK RETURN,1,Manufacturer#3,4-NOT SPECIFIED,4,BUILDING,FOB,3,0.05,24,Brand#33,11,MED BAG,8,2881,4690.241
F,F,TAKE BACK RETURN,4,Manufacturer#1,4-NOT SPECIFIED,4,BUILDING,AIR,6,0.04,11,Brand#13,11,LG CASE,41,2881,19899.243
F,F,COLLECT COD,1,Manufacturer#4,4-NOT SPECIFIED,4,BUILDING,SHIP,5,0.05,17,Brand#41,11,WRAP PACK,42,2881,40701.21
F,F,DELIVER IN PERSON,0,Manufacturer#4,4-NOT SPECIFIED,4,BUILDING,FOB,1,0.02,14,Brand#44,11,WRAP BOX,36,2881,1080.4066
F,F,DELIVER IN PERSON,3,Manufacturer#5,4-NOT SPECIFIED,2,AUTOMOBILE,TRUCK,1,0.04,23,Brand#55,9,MED PACK,21,3403,31652.9037
F,F,TAKE BACK RETURN,3,Manufacturer#2,4-NOT SPECIFIED,2,AUTOMOBILE,FOB,5,0.05,23,Brand#21,9,JUMBO CAN,24,3403,32497.1825
F,F,DELIVER IN PERSON,0,Manufacturer#2,4-NOT SPECIFIED,2,AUTOMOBILE,RAIL,3,0.02,16,Brand#24,9,LG CASE,23,3403,8245.1369
F,F,NONE,0,Manufacturer#1,5-LOW,3,HOUSEHOLD,FOB,1,0.02,14,Brand#11,22,LG CAN,48,3402,47299.69
F,F,TAKE BACK RETURN,3,Manufacturer#5,2-HIGH,1,MACHINERY,AIR,2,0.02,23,Brand#53,2,LG BAG,24,3128,48828.2652
F,F,NONE,1,Manufacturer#4,3-MEDIUM,4,HOUSEHOLD,AIR,1,0.07,2,Brand#44,13,WRAP CAN,49,3171,8106.2688
F,F,DELIVER IN PERSON,4,Manufacturer#2,4-NOT SPECIFIED,2,BUILDING,MAIL,2,0.05,13,Brand#21,8,JUMBO BOX,38,2187,36121.3674
F,F,COLLECT COD,0,Manufacturer#1,4-NOT SPECIFIED,2,BUILDING,SHIP,1,0.05,0,Brand#12,8,MED PKG,41,2187,36788.4
F,F,NONE,0,Manufacturer#4,5-LOW,2,HOUSEHOLD,FOB,3,0.08,0,Brand#41,9,LG BAG,9,3404,48526.632
F,F,TAKE BACK RETURN,3,Manufacturer#1,5-LOW,2,HOUSEHOLD,FOB,7,0.07,6,Brand#14,9,JUMBO PKG,48,3404,9457.49
F,F,DELIVER IN PERSON,3,Manufacturer#4,5-LOW,2,HOUSEHOLD,RAIL,5,0.08,7,Brand#42,9,WRAP JAR,45,3404,18631.404
F,F,COLLECT COD,0,Manufacturer#3,3-MEDIUM,1,MACHINERY,REG AIR,1,0.02,16,Brand#31,2,LG PKG,9,2853,15364.7676
F,F,DELIVER IN PERSON,3,Manufacturer#2,1-URGENT,2,MACHINERY,SHIP,1,0.08,7,Brand#23,12,MED CAN,37,3405,37322.0496
F,F,TAKE BACK RETURN,1,Manufacturer#1,3-MEDIUM,0,BUILDING,RAIL,3,0.08,3,Brand#12,15,JUMBO PACK,49,3406,20496.411
F,F,COLLECT COD,4,Manufacturer#2,3-MEDIUM,0,BUILDING,SHIP,4,0.05,11,Brand#21,15,SM CASE,33,3406,9514.26
F,F,DELIVER IN PERSON,3,Manufacturer#3,3-MEDIUM,0,BUILDING,SHIP,1,0.07,7,Brand#33,15,SM PACK,29,3406,27015.264
F,F,COLLECT COD,3,Manufacturer#1,3-MEDIUM,0,BUILDING,FOB,2,0,7,Brand#11,15,SM JAR,25,3406,61614.462
F,F,DELIVER IN PERSON,3,Manufacturer#2,3-MEDIUM,3,HOUSEHOLD,MAIL,2,0.02,6,Brand#24,23,MED DRUM,1,3407,22025.0394
F,F,DELIVER IN PERSON,4,Manufacturer#4,2-HIGH,2,HOUSEHOLD,TRUCK,3,0.03,13,Brand#45,21,MED CAN,24,3408,23875.3872
F,F,COLLECT COD,4,Manufacturer#4,2-HIGH,2,HOUSEHOLD,RAIL,1,0.04,10,Brand#43,21,JUMBO BAG,2,3408,15571.95
F,F,COLLECT COD,2,Manufacturer#1,2-HIGH,2,HOUSEHOLD,FOB,2,0.03,12,Brand#11,21,SM BOX,9,3408,20459.4922
F,F,COLLECT COD,3,Manufacturer#1,2-HIGH,3,FURNITURE,FOB,4,0.02,19,Brand#14,23,SM PACK,15,2449,32110.29
F,F,TAKE BACK RETURN,3,Manufacturer#4,1-URGENT,0,FURNITURE,AIR,4,0.04,19,Brand#44,5,JUMBO BAG,8,3409,64549.5932
F,F,COLLECT COD,4,Manufacturer#2,1-URGENT,0,FURNITURE,SHIP,1,0.03,20,Brand#23,5,LG BOX,6,3409,35367.435
F,F,TAKE BACK RETURN,2,Manufacturer#1,3-MEDIUM,0,AUTOMOBILE,MAIL,6,0.05,12,Brand#15,15,WRAP PKG,29,275,55327.8882
F,F,NONE,0,Manufacturer#3,3-MEDIUM,0,AUTOMOBILE,SHIP,1,0.03,5,Brand#31,15,LG BAG,48,275,55301.155
F,F,COLLECT COD,0,Manufacturer#4,3-MEDIUM,0,AUTOMOBILE,MAIL,2,0.03,14,Brand#44,15,WRAP CAN,37,275,24997.42
F,F,DELIVER IN PERSON,2,Manufacturer#1,1-URGENT,3,BUILDING,MAIL,1,0.01,8,Brand#13,23,JUMBO CASE,40,2602,63745.9944
F,F,NONE,2,Manufacturer#2,5-LOW,4,HOUSEHOLD,MAIL,2,0.05,18,Brand#21,10,MED CASE,5,2877,83182.92
F,F,TAKE BACK RETURN,4,Manufacturer#3,5-LOW,4,HOUSEHOLD,SHIP,1,0.02,4,Brand#35,10,MED DRUM,4,2877,56324.1984
F,F,DELIVER IN PERSON,3,Manufacturer#4,4-NOT SPECIFIED,3,AUTOMOBILE,FOB,3,0,19,Brand#44,7,JUMBO PACK,40,3410,45300.2256
F,F,DELIVER IN PERSON,2,Manufacturer#4,4-NOT SPECIFIED,3,AUTOMOBILE,AIR,6,0.05,8,Brand#41,7,JUMBO PACK,44,3410,52883.7804
F,F,NONE,2,Manufacturer#2,4-NOT SPECIFIED,3,AUTOMOBILE,RAIL,2,0,8,Brand#25,7,LG DRUM,19,3410,72534.951
F,F,COLLECT COD,2,Manufacturer#3,1-URGENT,3,AUTOMOBILE,FOB,4,0.06,18,Brand#35,23,LG BOX,22,3411,44436.4602
F,F,TAKE BACK RETURN,3,Manufacturer#2,1-URGENT,2,HOUSEHOLD,REG AIR,1,0.06,19,Brand#25,18,JUMBO BOX,11,3412,9000.0456
F,F,COLLECT COD,0,Manufacturer#4,2-HIGH,1,FURNITURE,FOB,1,0.03,5,Brand#43,17,MED BOX,15,3413,28671.588
F,F,NONE,3,Manufacturer#2,2-HIGH,1,FURNITURE,REG AIR,4,0.08,22,Brand#21,17,MED DRUM,47,3413,47679.24
F,F,COLLECT COD,2,Manufacturer#4,4-NOT SPECIFIED,2,AUTOMOBILE,SHIP,1,0.04,9,Brand#45,21,JUMBO BAG,20,2599,16717.6
F,F,TAKE BACK RETURN,0,Manufacturer#4,3-MEDIUM,4,BUILDING,TRUCK,2,0.02,15,Brand#45,10,LG BOX,22,3414,24766.932
F,F,TAKE BACK RETURN,1,Manufacturer#4,3-MEDIUM,4,BUILDING,FOB,1,0.04,17,Brand#43,10,JUMBO PKG,13,3414,35315.145
F,F,DELIVER IN PERSON,3,Manufacturer#5,4-NOT SPECIFIED,2,AUTOMOBILE,TRUCK,5,0.04,7,Brand#51,21,SM JAR,44,2599,30860.35
F,F,NONE,0,Manufacturer#5,2-HIGH,4,AUTOMOBILE,MAIL,3,0.04,14,Brand#51,10,LG BOX,6,3415,27516.4884
F,F,NONE,3,Manufacturer#1,3-MEDIUM,2,FURNITURE,FOB,2,0.04,6,Brand#13,12,MED CASE,6,1391,2525.2248
F,F,DELIVER IN PERSON,1,Manufacturer#2,3-MEDIUM,3,HOUSEHOLD,RAIL,3,0.08,24,Brand#25,22,JUMBO PKG,28,3416,6027.28
F,F,DELIVER IN PERSON,4,Manufacturer#2,3-MEDIUM,3,HOUSEHOLD,RAIL,4,0,4,Brand#23,22,LG PACK,50,3416,41043.69
F,F,TAKE BACK RETURN,3,Manufacturer#1,2-HIGH,2,FURNITURE,SHIP,1,0.05,6,Brand#14,18,WRAP CASE,36,3417,5732.5336
F,F,NONE,3,Manufacturer#3,2-HIGH,2,FURNITURE,REG AIR,4,0.07,7,Brand#34,18,LG DRUM,38,3417,26766.1626
F,F,NONE,2,Manufacturer#1,2-HIGH,4,AUTOMOBILE,AIR,4,0,21,Brand#11,10,SM DRUM,18,3415,68623.82
F,F,TAKE BACK RETURN,0,Manufacturer#5,2-HIGH,4,AUTOMOBILE,SHIP,1,0.02,15,Brand#53,10,JUMBO BOX,21,3415,22607.376
F,F,DELIVER IN PERSON,0,Manufacturer#5,5-LOW,2,BUILDING,MAIL,1,0.08,15,Brand#54,21,JUMBO PACK,16,3418,4930.044
F,F,NONE,4,Manufacturer#3,5-LOW,1,MACHINERY,FOB,2,0.04,20,Brand#32,2,WRAP PKG,18,3419,29888.028
F,F,NONE,3,Manufacturer#3,5-LOW,1,MACHINERY,REG AIR,1,0.05,19,Brand#32,2,MED CASE,39,3419,3461.1444
F,F,TAKE BACK RETURN,3,Manufacturer#2,5-LOW,1,MACHINERY,SHIP,4,0.02,22,Brand#21,2,MED DRUM,1,3419,57241.0384
F,F,NONE,3,Manufacturer#4,5-LOW,1,MACHINERY,FOB,3,0,7,Brand#41,2,SM BAG,43,3419,21602.75
F,F,NONE,1,Manufacturer#1,2-HIGH,3,BUILDING,AIR,4,0.05,24,Brand#14,6,WRAP PACK,7,289,4391.0958
F,F,COLLECT COD,1,Manufacturer#1,2-HIGH,3,BUILDING,TRUCK,2,0.04,1,Brand#11,6,LG DRUM,21,289,11655.036
F,F,COLLECT COD,1,Manufacturer#1,2-HIGH,3,BUILDING,RAIL,1,0.06,2,Brand#11,6,WRAP CAN,32,289,15850.653
F,F,TAKE BACK RETURN,2,Manufacturer#3,1-URGENT,3,HOUSEHOLD,AIR,5,0.05,18,Brand#31,7,LG CASE,49,3420,30529.392
F,F,DELIVER IN PERSON,0,Manufacturer#4,1-URGENT,3,HOUSEHOLD,RAIL,2,0.03,16,Brand#44,7,JUMBO PKG,46,3420,24478.1264
F,F,TAKE BACK RETURN,0,Manufacturer#2,1-URGENT,3,HOUSEHOLD,FOB,4,0.04,16,Brand#23,7,MED BAG,9,3420,36960.435
F,F,COLLECT COD,3,Manufacturer#2,2-HIGH,4,MACHINERY,TRUCK,4,0.03,22,Brand#25,20,LG CAN,35,1335,75273.5984
F,F,TAKE BACK RETURN,3,Manufacturer#5,2-HIGH,4,MACHINERY,MAIL,1,0.06,23,Brand#53,20,JUMBO PACK,46,1335,17331.3
F,F,NONE,2,Manufacturer#1,3-MEDIUM,1,AUTOMOBILE,SHIP,4,0.03,8,Brand#11,1,LG PKG,12,3421,5656.6692
F,F,TAKE BACK RETURN,1,Manufacturer#4,3-MEDIUM,1,AUTOMOBILE,REG AIR,3,0.05,1,Brand#41,1,WRAP PACK,20,3421,46366.0652
F,F,TAKE BACK RETURN,1,Manufacturer#5,1-URGENT,2,MACHINERY,RAIL,1,0,17,Brand#51,12,JUMBO PACK,28,3422,64036.5908
F,F,COLLECT COD,3,Manufacturer#3,5-LOW,1,MACHINERY,SHIP,1,0,19,Brand#35,17,MED BAG,28,3423,16067.0664
F,F,COLLECT COD,2,Manufacturer#1,3-MEDIUM,4,AUTOMOBILE,SHIP,3,0.03,12,Brand#12,10,LG PKG,33,1326,39543.6195
F,F,COLLECT COD,4,Manufacturer#1,3-MEDIUM,4,AUTOMOBILE,MAIL,2,0.03,11,Brand#14,10,SM BOX,16,1326,36455.5312
F,F,COLLECT COD,4,Manufacturer#4,2-HIGH,0,MACHINERY,FOB,2,0,11,Brand#45,14,JUMBO DRUM,40,3424,21268.3226
F,F,TAKE BACK RETURN,3,Manufacturer#1,5-LOW,1,MACHINERY,REG AIR,1,0.08,6,Brand#11,1,WRAP CAN,44,1596,6469.0584
F,F,NONE,4,Manufacturer#2,5-LOW,1,MACHINERY,AIR,5,0.05,10,Brand#21,1,SM CAN,31,1596,32153.4848
F,F,NONE,3,Manufacturer#3,5-LOW,0,AUTOMOBILE,AIR,7,0.01,19,Brand#34,5,JUMBO PACK,14,3425,50019.2316
F,F,TAKE BACK RETURN,4,Manufacturer#4,5-LOW,0,AUTOMOBILE,REG AIR,1,0.01,4,Brand#45,5,LG BAG,24,3425,31963.51
F,F,COLLECT COD,1,Manufacturer#1,5-LOW,0,AUTOMOBILE,REG AIR,2,0.03,1,Brand#15,5,LG PACK,12,3425,38056.92
F,F,COLLECT COD,0,Manufacturer#4,5-LOW,0,AUTOMOBILE,FOB,4,0,5,Brand#42,5,WRAP BAG,14,3425,7039.9602
F,F,DELIVER IN PERSON,1,Manufacturer#3,5-LOW,1,FURNITURE,REG AIR,1,0.02,24,Brand#31,3,LG BOX,42,3426,61622.9166
F,F,TAKE BACK RETURN,0,Manufacturer#3,5-LOW,1,FURNITURE,AIR,2,0.05,0,Brand#35,3,JUMBO BOX,49,3426,18533.5104
F,F,DELIVER IN PERSON,4,Manufacturer#2,2-HIGH,4,HOUSEHOLD,SHIP,3,0.06,13,Brand#21,10,MED CASE,28,3427,38585.2071
F,F,NONE,3,Manufacturer#5,4-NOT SPECIFIED,0,FURNITURE,TRUCK,6,0.02,19,Brand#55,14,WRAP BAG,43,1792,14768.7176
F,F,TAKE BACK RETURN,2,Manufacturer#3,4-NOT SPECIFIED,0,FURNITURE,AIR,5,0.08,8,Brand#35,14,WRAP PKG,21,1792,21139.2909
F,F,DELIVER IN PERSON,4,Manufacturer#4,4-NOT SPECIFIED,0,FURNITURE,RAIL,1,0.08,10,Brand#41,14,JUMBO BAG,15,1792,76448.001
F,F,DELIVER IN PERSON,3,Manufacturer#3,4-NOT SPECIFIED,0,FURNITURE,FOB,3,0.03,22,Brand#33,14,MED BAG,11,1792,6658.638
F,F,COLLECT COD,2,Manufacturer#3,4-NOT SPECIFIED,0,FURNITURE,AIR,2,0.05,9,Brand#34,14,JUMBO BOX,22,1792,33723.5729
F,F,DELIVER IN PERSON,3,Manufacturer#5,1-URGENT,1,MACHINERY,RAIL,1,0,7,Brand#55,17,MED PACK,21,3428,21876.01
F,F,COLLECT COD,1,Manufacturer#3,1-URGENT,1,MACHINERY,REG AIR,4,0.01,17,Brand#31,17,MED BOX,3,3428,47616.32
F,F,DELIVER IN PERSON,3,Manufacturer#3,2-HIGH,0,MACHINERY,RAIL,4,0.05,7,Brand#35,14,JUMBO BOX,16,3424,31297.5936
F,F,NONE,3,Manufacturer#3,1-URGENT,2,MACHINERY,SHIP,1,0.05,6,Brand#32,9,MED PKG,1,3429,28786.485
F,F,TAKE BACK RETURN,1,Manufacturer#5,3-MEDIUM,4,HOUSEHOLD,TRUCK,1,0.01,24,Brand#55,10,SM CAN,44,1488,30266.8128
F,F,DELIVER IN PERSON,4,Manufacturer#4,2-HIGH,3,FURNITURE,TRUCK,1,0.03,10,Brand#42,6,MED DRUM,37,2948,20927.4396
F,F,TAKE BACK RETURN,4,Manufacturer#1,1-URGENT,3,BUILDING,AIR,3,0,11,Brand#15,7,LG JAR,19,3430,62440.6608
F,F,DELIVER IN PERSON,3,Manufacturer#2,1-URGENT,3,BUILDING,REG AIR,1,0.02,19,Brand#24,7,LG CAN,6,3430,39333.7813
F,F,NONE,1,Manufacturer#3,1-URGENT,3,BUILDING,FOB,2,0.05,17,Brand#35,7,LG PACK,45,3430,38218.32
F,F,DELIVER IN PERSON,2,Manufacturer#1,2-HIGH,1,FURNITURE,RAIL,1,0.08,9,Brand#14,17,MED CASE,13,3431,91621.035
F,F,COLLECT COD,1,Manufacturer#3,2-HIGH,1,FURNITURE,TRUCK,4,0.03,1,Brand#31,17,LG PKG,25,3431,57428.3892
F,F,NONE,0,Manufacturer#1,2-HIGH,1,FURNITURE,TRUCK,3,0.02,5,Brand#11,17,LG CASE,7,3431,46644.723
F,F,DELIVER IN PERSON,1,Manufacturer#5,3-MEDIUM,2,BUILDING,TRUCK,5,0.04,3,Brand#54,9,JUMBO PKG,23,3432,76529.2164
F,F,NONE,3,Manufacturer#1,4-NOT SPECIFIED,2,FURNITURE,AIR,2,0.04,23,Brand#15,12,JUMBO JAR,6,3433,1270.7985
F,F,COLLECT COD,0,Manufacturer#4,5-LOW,1,FURNITURE,FOB,3,0,5,Brand#45,3,SM PACK,7,3434,11386.7
F,F,NONE,0,Manufacturer#5,5-LOW,1,FURNITURE,MAIL,2,0.08,5,Brand#54,3,MED PACK,5,3434,14361.12
F,F,TAKE BACK RETURN,2,Manufacturer#1,5-LOW,1,FURNITURE,REG AIR,6,0,9,Brand#13,3,JUMBO CAN,15,3434,17030.636
F,F,TAKE BACK RETURN,0,Manufacturer#2,4-NOT SPECIFIED,4,AUTOMOBILE,TRUCK,7,0,14,Brand#22,20,JUMBO BAG,22,666,1755.4336
F,F,NONE,1,Manufacturer#2,4-NOT SPECIFIED,4,AUTOMOBILE,TRUCK,5,0.01,3,Brand#21,20,MED DRUM,47,666,78482.32
F,F,COLLECT COD,4,Manufacturer#3,4-NOT SPECIFIED,4,AUTOMOBILE,AIR,4,0.07,20,Brand#31,20,MED CAN,6,666,26258.9712
F,F,COLLECT COD,2,Manufacturer#3,4-NOT SPECIFIED,2,FURNITURE,RAIL,1,0.07,21,Brand#32,12,JUMBO BAG,20,3433,63910.08
F,F,COLLECT COD,3,Manufacturer#4,4-NOT SPECIFIED,4,FURNITURE,FOB,4,0.08,23,Brand#42,20,MED PACK,14,3435,89563.6896
F,F,TAKE BACK RETURN,4,Manufacturer#4,4-NOT SPECIFIED,4,FURNITURE,AIR,1,0.05,11,Brand#45,20,JUMBO CAN,2,3435,23827.0984
F,F,DELIVER IN PERSON,1,Manufacturer#1,1-URGENT,2,BUILDING,FOB,5,0.05,2,Brand#14,9,SM CASE,10,2054,10771.52
F,F,TAKE BACK RETURN,2,Manufacturer#3,2-HIGH,3,FURNITURE,TRUCK,2,0.05,18,Brand#34,19,WRAP PACK,16,3436,33559.5801
F,F,COLLECT COD,0,Manufacturer#3,2-HIGH,3,FURNITURE,FOB,4,0.06,5,Brand#33,19,SM JAR,22,3436,11495.448
F,F,COLLECT COD,2,Manufacturer#5,1-URGENT,2,BUILDING,RAIL,1,0.04,12,Brand#51,9,LG PACK,16,2054,23448.3275
F,F,TAKE BACK RETURN,3,Manufacturer#1,1-URGENT,2,BUILDING,SHIP,4,0.08,23,Brand#13,9,MED BOX,49,2054,8462.5815
F,F,DELIVER IN PERSON,2,Manufacturer#1,1-URGENT,2,BUILDING,AIR,6,0.05,8,Brand#15,9,LG DRUM,6,2054,23525.712
F,F,NONE,0,Manufacturer#3,1-URGENT,2,BUILDING,FOB,2,0.05,16,Brand#31,9,SM CASE,39,2054,36932.256
F,F,COLLECT COD,0,Manufacturer#4,2-HIGH,2,AUTOMOBILE,TRUCK,1,0.08,15,Brand#42,9,WRAP BAG,50,51,26726.6252
F,F,COLLECT COD,1,Manufacturer#2,2-HIGH,2,AUTOMOBILE,REG AIR,5,0.06,17,Brand#23,9,LG DRUM,37,51,15970.9725
F,F,TAKE BACK RETURN,4,Manufacturer#1,2-HIGH,2,AUTOMOBILE,FOB,7,0.08,13,Brand#12,9,JUMBO BAG,46,51,25441.69
F,F,TAKE BACK RETURN,4,Manufacturer#2,2-HIGH,2,AUTOMOBILE,REG AIR,2,0.08,11,Brand#22,9,WRAP PACK,12,51,10778.9325
F,F,DELIVER IN PERSON,0,Manufacturer#2,2-HIGH,4,HOUSEHOLD,RAIL,7,0.03,0,Brand#23,20,JUMBO CAN,14,2902,10138.788
F,F,DELIVER IN PERSON,0,Manufacturer#5,5-LOW,0,AUTOMOBILE,MAIL,2,0.04,16,Brand#54,5,JUMBO CASE,2,2110,23048.6102
F,F,NONE,0,Manufacturer#4,3-MEDIUM,2,BUILDING,TRUCK,3,0.01,15,Brand#45,12,LG BAG,11,410,27630
F,F,DELIVER IN PERSON,3,Manufacturer#3,3-MEDIUM,2,BUILDING,FOB,4,0.04,6,Brand#32,12,MED DRUM,30,410,53100.288
F,F,TAKE BACK RETURN,1,Manufacturer#1,3-MEDIUM,2,BUILDING,TRUCK,7,0.02,3,Brand#14,12,JUMBO DRUM,14,410,30855.006
F,F,NONE,2,Manufacturer#2,3-MEDIUM,2,BUILDING,MAIL,5,0.05,12,Brand#25,12,LG PKG,25,410,29038.114
F,F,TAKE BACK RETURN,0,Manufacturer#1,3-MEDIUM,2,HOUSEHOLD,TRUCK,1,0.03,5,Brand#13,8,SM BOX,44,2650,2074.0664
F,F,NONE,3,Manufacturer#2,3-MEDIUM,2,HOUSEHOLD,TRUCK,6,0.01,22,Brand#21,8,LG BAG,36,2650,33123.132
F,F,TAKE BACK RETURN,2,Manufacturer#3,3-MEDIUM,2,HOUSEHOLD,SHIP,2,0.07,18,Brand#35,8,JUMBO PACK,26,2650,1332.2465
F,F,TAKE BACK RETURN,4,Manufacturer#1,3-MEDIUM,2,HOUSEHOLD,TRUCK,3,0.07,10,Brand#12,8,JUMBO CAN,22,2650,87932.16
F,F,COLLECT COD,2,Manufacturer#2,1-URGENT,0,HOUSEHOLD,MAIL,1,0.05,8,Brand#25,0,WRAP JAR,39,3437,54424.9615
F,F,COLLECT COD,3,Manufacturer#5,1-URGENT,0,HOUSEHOLD,MAIL,2,0.06,23,Brand#52,0,WRAP PKG,49,3437,19314.8538
F,F,DELIVER IN PERSON,0,Manufacturer#4,4-NOT SPECIFIED,4,BUILDING,AIR,1,0.02,16,Brand#42,11,MED PKG,44,2825,45521
F,F,TAKE BACK RETURN,0,Manufacturer#1,4-NOT SPECIFIED,4,BUILDING,REG AIR,3,0.03,14,Brand#11,11,MED BOX,46,2825,57789.4863
F,F,TAKE BACK RETURN,4,Manufacturer#5,3-MEDIUM,3,HOUSEHOLD,TRUCK,1,0.07,20,Brand#53,22,SM CAN,41,1866,25339.0797
F,F,TAKE BACK RETURN,4,Manufacturer#2,3-MEDIUM,3,HOUSEHOLD,REG AIR,2,0.02,20,Brand#21,22,JUMBO BAG,41,1866,24665.3748
F,F,NONE,4,Manufacturer#1,5-LOW,3,FURNITURE,SHIP,2,0.02,10,Brand#15,22,MED BAG,18,3438,71293.3536
F,F,DELIVER IN PERSON,1,Manufacturer#4,4-NOT SPECIFIED,4,BUILDING,REG AIR,1,0.02,2,Brand#41,11,WRAP PACK,6,293,34400.52
F,F,DELIVER IN PERSON,4,Manufacturer#1,5-LOW,2,MACHINERY,TRUCK,4,0.07,4,Brand#15,12,JUMBO BOX,26,2465,46396.944
F,F,DELIVER IN PERSON,1,Manufacturer#5,1-URGENT,0,FURNITURE,REG AIR,1,0.03,1,Brand#54,5,LG DRUM,18,3282,39021.3264
F,F,COLLECT COD,0,Manufacturer#3,1-URGENT,0,FURNITURE,TRUCK,2,0.02,5,Brand#32,5,WRAP PACK,1,3282,25087.7376
F,F,DELIVER IN PERSON,3,Manufacturer#3,1-URGENT,0,FURNITURE,REG AIR,3,0.05,23,Brand#31,5,MED DRUM,12,3282,39370.584
F,F,TAKE BACK RETURN,0,Manufacturer#5,5-LOW,0,HOUSEHOLD,MAIL,6,0.06,5,Brand#54,15,WRAP CASE,2,3439,34341.9984
F,F,TAKE BACK RETURN,0,Manufacturer#4,5-LOW,0,HOUSEHOLD,TRUCK,1,0.02,5,Brand#41,15,MED CAN,31,3439,16932.538
F,F,COLLECT COD,1,Manufacturer#1,5-LOW,0,HOUSEHOLD,FOB,3,0.02,17,Brand#15,15,MED CAN,9,3439,66289.356
F,F,TAKE BACK RETURN,1,Manufacturer#5,5-LOW,0,HOUSEHOLD,SHIP,2,0,1,Brand#53,15,JUMBO JAR,8,3439,6847.2675
F,F,DELIVER IN PERSON,1,Manufacturer#2,5-LOW,3,FURNITURE,MAIL,1,0.01,3,Brand#21,23,SM JAR,12,3440,20843.2224
F,F,COLLECT COD,4,Manufacturer#4,1-URGENT,1,AUTOMOBILE,SHIP,1,0,13,Brand#42,2,MED CASE,43,3441,60383.673
F,F,TAKE BACK RETURN,0,Manufacturer#2,5-LOW,3,BUILDING,SHIP,2,0.07,0,Brand#24,19,WRAP PKG,24,3442,25057.9791
F,F,COLLECT COD,4,Manufacturer#3,5-LOW,3,BUILDING,SHIP,3,0.04,10,Brand#32,19,WRAP CASE,22,3442,44012.101
F,F,COLLECT COD,2,Manufacturer#1,3-MEDIUM,0,AUTOMOBILE,FOB,2,0.02,12,Brand#11,15,WRAP JAR,15,3443,66401.5705
F,F,NONE,1,Manufacturer#1,3-MEDIUM,0,AUTOMOBILE,SHIP,4,0,1,Brand#13,15,LG PKG,21,3443,17232.342
F,F,TAKE BACK RETURN,2,Manufacturer#4,3-MEDIUM,0,AUTOMOBILE,FOB,6,0.07,21,Brand#45,15,LG PACK,48,3443,10757.52
F,F,COLLECT COD,1,Manufacturer#3,4-NOT SPECIFIED,4,BUILDING,MAIL,4,0.08,24,Brand#31,11,SM BOX,39,293,19923.0822
F,F,DELIVER IN PERSON,4,Manufacturer#4,4-NOT SPECIFIED,4,BUILDING,RAIL,5,0.08,4,Brand#42,11,LG PKG,38,293,24955.392
F,F,TAKE BACK RETURN,4,Manufacturer#4,4-NOT SPECIFIED,4,BUILDING,SHIP,3,0.04,4,Brand#42,11,SM PKG,16,293,85471.2292
F,F,DELIVER IN PERSON,2,Manufacturer#5,4-NOT SPECIFIED,4,BUILDING,TRUCK,2,0.05,18,Brand#54,11,MED BAG,46,293,1550.63
F,F,NONE,0,Manufacturer#2,4-NOT SPECIFIED,4,BUILDING,RAIL,6,0.02,15,Brand#24,11,JUMBO CAN,20,293,40672.368
F,F,NONE,1,Manufacturer#3,4-NOT SPECIFIED,0,BUILDING,AIR,3,0.05,17,Brand#35,16,JUMBO PKG,38,3444,30228.984
F,F,NONE,3,Manufacturer#2,4-NOT SPECIFIED,0,BUILDING,AIR,2,0,7,Brand#22,16,WRAP DRUM,2,3444,16168.7424
F,F,NONE,1,Manufacturer#4,4-NOT SPECIFIED,4,AUTOMOBILE,RAIL,1,0.03,17,Brand#43,10,JUMBO BAG,47,3445,67961.424
F,F,COLLECT COD,4,Manufacturer#4,5-LOW,1,HOUSEHOLD,FOB,5,0.03,20,Brand#42,24,MED PACK,38,3446,33538.2506
F,F,DELIVER IN PERSON,4,Manufacturer#3,5-LOW,1,HOUSEHOLD,REG AIR,2,0.06,20,Brand#33,24,JUMBO DRUM,16,3446,39489.562
F,F,TAKE BACK RETURN,0,Manufacturer#2,5-LOW,1,HOUSEHOLD,REG AIR,1,0.03,16,Brand#24,24,WRAP PACK,4,3446,5238.0435
F,F,COLLECT COD,1,Manufacturer#4,5-LOW,1,HOUSEHOLD,MAIL,6,0.03,3,Brand#41,24,SM PKG,7,3446,88556.16
F,F,TAKE BACK RETURN,4,Manufacturer#4,5-LOW,1,HOUSEHOLD,REG AIR,3,0.08,20,Brand#45,24,SM PKG,38,3446,63846.36
F,F,DELIVER IN PERSON,3,Manufacturer#5,4-NOT SPECIFIED,0,BUILDING,TRUCK,4,0.07,22,Brand#51,16,LG PKG,29,3444,33168.9624
F,F,TAKE BACK RETURN,1,Manufacturer#3,5-LOW,0,BUILDING,RAIL,2,0.07,17,Brand#31,0,JUMBO JAR,38,1141,31314.7436
F,F,COLLECT COD,3,Manufacturer#2,5-LOW,0,BUILDING,TRUCK,1,0.01,23,Brand#25,0,WRAP PKG,1,1141,7207.632
F,F,TAKE BACK RETURN,0,Manufacturer#3,2-HIGH,1,MACHINERY,FOB,3,0.04,0,Brand#31,2,JUMBO PACK,30,3447,52551.08
F,F,NONE,4,Manufacturer#4,2-HIGH,1,MACHINERY,REG AIR,1,0.04,13,Brand#42,2,WRAP PACK,41,3447,56320.14
F,F,TAKE BACK RETURN,1,Manufacturer#2,2-HIGH,1,MACHINERY,AIR,4,0.04,3,Brand#23,2,SM BOX,25,3447,68602.8322
F,F,DELIVER IN PERSON,0,Manufacturer#5,1-URGENT,1,AUTOMOBILE,TRUCK,3,0.07,15,Brand#53,2,MED CAN,40,2485,22816.1934
F,F,TAKE BACK RETURN,1,Manufacturer#5,1-URGENT,1,AUTOMOBILE,REG AIR,1,0.06,17,Brand#51,2,SM DRUM,3,2485,59956.4196
F,F,COLLECT COD,2,Manufacturer#4,1-URGENT,1,AUTOMOBILE,FOB,4,0.05,12,Brand#42,2,MED PKG,40,2485,50578.1523
F,F,TAKE BACK RETURN,3,Manufacturer#3,1-URGENT,2,AUTOMOBILE,AIR,5,0.01,23,Brand#33,21,SM DRUM,17,931,85681.9776
F,F,COLLECT COD,0,Manufacturer#2,1-URGENT,2,AUTOMOBILE,RAIL,2,0.04,16,Brand#22,21,LG CAN,10,931,91472.535
F,F,NONE,4,Manufacturer#4,1-URGENT,2,AUTOMOBILE,MAIL,4,0.06,11,Brand#44,21,WRAP BOX,46,931,61996.4928
F,F,TAKE BACK RETURN,3,Manufacturer#2,3-MEDIUM,1,MACHINERY,FOB,2,0.01,19,Brand#23,1,LG DRUM,48,3448,86820.65
F,F,DELIVER IN PERSON,2,Manufacturer#4,3-MEDIUM,1,MACHINERY,MAIL,1,0.05,12,Brand#42,1,MED PKG,36,3448,72586.5518
F,F,TAKE BACK RETURN,2,Manufacturer#5,2-HIGH,0,HOUSEHOLD,AIR,6,0.02,9,Brand#55,15,LG PACK,43,3439,43263.8464
F,F,COLLECT COD,1,Manufacturer#4,2-HIGH,0,HOUSEHOLD,TRUCK,3,0.05,24,Brand#43,15,MED CASE,7,3439,34800.1164
F,F,NONE,0,Manufacturer#4,2-HIGH,0,HOUSEHOLD,TRUCK,1,0,5,Brand#45,15,JUMBO JAR,25,3439,11286.3591
F,F,TAKE BACK RETURN,3,Manufacturer#4,4-NOT SPECIFIED,1,HOUSEHOLD,SHIP,2,0.03,22,Brand#43,3,JUMBO CASE,27,3449,81925.92
F,F,DELIVER IN PERSON,2,Manufacturer#4,4-NOT SPECIFIED,1,HOUSEHOLD,REG AIR,1,0.05,18,Brand#45,3,MED BAG,38,3449,54552.015
F,F,TAKE BACK RETURN,3,Manufacturer#5,2-HIGH,4,AUTOMOBILE,FOB,1,0.06,22,Brand#53,10,LG CASE,18,3450,49626.0696
F,F,NONE,1,Manufacturer#3,4-NOT SPECIFIED,3,BUILDING,TRUCK,4,0.07,1,Brand#32,22,SM CASE,50,2870,3243.3492
F,F,TAKE BACK RETURN,3,Manufacturer#5,4-NOT SPECIFIED,3,BUILDING,REG AIR,1,0.03,19,Brand#51,22,WRAP DRUM,18,2870,31118.9788
F,F,NONE,2,Manufacturer#3,5-LOW,4,HOUSEHOLD,FOB,3,0.02,18,Brand#33,10,SM DRUM,35,3451,36280.602
F,F,COLLECT COD,2,Manufacturer#1,5-LOW,2,AUTOMOBILE,TRUCK,4,0.05,8,Brand#12,9,LG CASE,27,3452,20650.014
F,F,TAKE BACK RETURN,4,Manufacturer#4,5-LOW,2,AUTOMOBILE,AIR,5,0.01,13,Brand#43,9,JUMBO BOX,33,3452,22463.5385
F,F,TAKE BACK RETURN,4,Manufacturer#3,5-LOW,2,AUTOMOBILE,SHIP,2,0.04,13,Brand#34,9,SM BOX,32,3452,35764.7589
F,F,NONE,0,Manufacturer#5,5-LOW,2,AUTOMOBILE,SHIP,1,0.03,5,Brand#52,9,MED BAG,40,3452,8032.5216
F,F,DELIVER IN PERSON,1,Manufacturer#4,4-NOT SPECIFIED,0,AUTOMOBILE,TRUCK,4,0.07,3,Brand#44,15,WRAP PACK,49,3453,45235.5456
F,F,DELIVER IN PERSON,4,Manufacturer#1,4-NOT SPECIFIED,0,AUTOMOBILE,RAIL,5,0.03,10,Brand#12,15,SM CAN,47,3453,31015.068
F,F,NONE,2,Manufacturer#1,4-NOT SPECIFIED,0,AUTOMOBILE,FOB,6,0.07,9,Brand#15,15,MED BOX,50,3453,17169.0904
F,F,DELIVER IN PERSON,2,Manufacturer#1,4-NOT SPECIFIED,0,AUTOMOBILE,AIR,1,0.06,18,Brand#15,15,JUMBO PKG,26,3453,27036.216
F,F,COLLECT COD,2,Manufacturer#3,4-NOT SPECIFIED,0,AUTOMOBILE,AIR,3,0,8,Brand#32,15,SM PKG,13,3453,52457.195
F,F,NONE,0,Manufacturer#5,4-NOT SPECIFIED,0,AUTOMOBILE,SHIP,2,0.04,16,Brand#51,15,WRAP BOX,30,3453,53480.52
F,F,COLLECT COD,1,Manufacturer#2,4-NOT SPECIFIED,4,BUILDING,SHIP,1,0.06,1,Brand#25,11,WRAP PKG,1,3454,7132.5525
F,F,COLLECT COD,2,Manufacturer#4,2-HIGH,2,HOUSEHOLD,AIR,7,0.08,18,Brand#45,21,LG JAR,24,1942,74037.2
F,F,COLLECT COD,1,Manufacturer#4,2-HIGH,2,HOUSEHOLD,TRUCK,4,0,17,Brand#45,21,WRAP PACK,41,1942,35801.7264
F,F,DELIVER IN PERSON,4,Manufacturer#4,2-HIGH,2,HOUSEHOLD,FOB,6,0.07,11,Brand#45,21,MED BAG,9,1942,60868.3868
F,F,DELIVER IN PERSON,1,Manufacturer#1,4-NOT SPECIFIED,0,FURNITURE,AIR,2,0.01,17,Brand#11,5,WRAP PKG,20,3455,37140.0596
F,F,TAKE BACK RETURN,2,Manufacturer#2,4-NOT SPECIFIED,0,FURNITURE,SHIP,1,0.05,12,Brand#23,5,JUMBO PKG,45,3455,82339.488
F,F,TAKE BACK RETURN,2,Manufacturer#3,4-NOT SPECIFIED,0,FURNITURE,FOB,4,0.08,12,Brand#35,5,SM BOX,4,3455,24903.3792
F,F,DELIVER IN PERSON,1,Manufacturer#4,4-NOT SPECIFIED,0,FURNITURE,RAIL,7,0.02,17,Brand#42,5,MED CAN,18,3455,38222.646
F,F,COLLECT COD,4,Manufacturer#1,1-URGENT,0,MACHINERY,FOB,4,0.08,20,Brand#14,15,JUMBO CASE,50,432,42656.6169
F,F,DELIVER IN PERSON,4,Manufacturer#5,1-URGENT,0,MACHINERY,FOB,3,0.01,4,Brand#54,15,SM CASE,12,432,74543.3325
F,F,TAKE BACK RETURN,3,Manufacturer#4,1-URGENT,0,MACHINERY,RAIL,2,0.01,7,Brand#44,15,MED CAN,44,432,71667.585
F,F,TAKE BACK RETURN,2,Manufacturer#4,4-NOT SPECIFIED,4,BUILDING,SHIP,3,0.03,9,Brand#42,11,WRAP BAG,18,3454,48106.202
F,F,NONE,4,Manufacturer#3,4-NOT SPECIFIED,4,BUILDING,TRUCK,2,0.05,20,Brand#35,11,JUMBO CASE,6,3454,53029.512
F,F,COLLECT COD,1,Manufacturer#4,1-URGENT,2,BUILDING,REG AIR,1,0.05,24,Brand#41,12,JUMBO CAN,34,886,12483.576
F,F,COLLECT COD,2,Manufacturer#4,4-NOT SPECIFIED,3,BUILDING,TRUCK,1,0,9,Brand#43,19,MED JAR,17,3456,27905.256
F,F,NONE,2,Manufacturer#3,3-MEDIUM,4,HOUSEHOLD,REG AIR,3,0.08,18,Brand#32,10,LG JAR,31,3457,44135.936
F,F,COLLECT COD,3,Manufacturer#2,4-NOT SPECIFIED,3,MACHINERY,TRUCK,1,0.03,22,Brand#22,23,WRAP BOX,50,3458,65989.0056
F,F,COLLECT COD,3,Manufacturer#4,4-NOT SPECIFIED,3,MACHINERY,FOB,2,0.03,7,Brand#43,23,MED CAN,48,3458,26424.9416
F,F,TAKE BACK RETURN,2,Manufacturer#2,4-NOT SPECIFIED,3,BUILDING,SHIP,1,0.08,8,Brand#24,22,SM CAN,23,3459,19910.2904
F,F,NONE,3,Manufacturer#5,4-NOT SPECIFIED,3,HOUSEHOLD,RAIL,1,0.08,23,Brand#52,23,LG CAN,50,1842,68563.248
F,F,TAKE BACK RETURN,0,Manufacturer#1,5-LOW,1,BUILDING,AIR,1,0.05,16,Brand#11,17,JUMBO JAR,32,3460,43929.4212
F,F,DELIVER IN PERSON,3,Manufacturer#4,2-HIGH,4,BUILDING,AIR,1,0,19,Brand#44,10,JUMBO PACK,40,859,23619.3408
F,F,TAKE BACK RETURN,3,Manufacturer#3,2-HIGH,4,BUILDING,MAIL,4,0.08,22,Brand#31,10,WRAP BOX,31,859,46914.894
F,F,NONE,4,Manufacturer#1,2-HIGH,4,BUILDING,SHIP,2,0.03,20,Brand#11,10,MED BOX,26,859,21579.7452
F,F,NONE,3,Manufacturer#3,2-HIGH,4,BUILDING,TRUCK,3,0.04,22,Brand#34,10,MED CAN,34,859,61639.6676
F,F,COLLECT COD,4,Manufacturer#5,5-LOW,1,BUILDING,FOB,2,0.01,11,Brand#55,17,LG CASE,10,3460,8024.877
F,F,DELIVER IN PERSON,1,Manufacturer#3,5-LOW,1,AUTOMOBILE,FOB,2,0,1,Brand#34,24,SM PACK,22,3461,42103.5776
F,F,NONE,4,Manufacturer#3,4-NOT SPECIFIED,0,BUILDING,MAIL,4,0,11,Brand#35,15,MED BAG,48,3462,13876.992
F,F,TAKE BACK RETURN,4,Manufacturer#1,4-NOT SPECIFIED,0,BUILDING,MAIL,3,0.02,11,Brand#12,15,MED PKG,15,3462,2544.7752
F,F,COLLECT COD,4,Manufacturer#2,2-HIGH,3,BUILDING,FOB,3,0,11,Brand#22,7,LG CAN,36,3463,51375.6152
F,F,TAKE BACK RETURN,2,Manufacturer#5,2-HIGH,3,BUILDING,MAIL,2,0.02,21,Brand#53,7,JUMBO JAR,47,3463,7254.522
F,F,COLLECT COD,2,Manufacturer#4,5-LOW,1,HOUSEHOLD,AIR,1,0.04,21,Brand#45,3,WRAP BAG,16,3464,55093.5
F,F,DELIVER IN PERSON,0,Manufacturer#5,5-LOW,1,AUTOMOBILE,MAIL,4,0.06,16,Brand#52,24,SM CAN,10,3461,29791.6
F,F,TAKE BACK RETURN,2,Manufacturer#5,5-LOW,1,AUTOMOBILE,FOB,1,0.04,18,Brand#51,24,WRAP JAR,42,3461,20849.85
F,F,NONE,1,Manufacturer#1,5-LOW,1,AUTOMOBILE,REG AIR,3,0.08,3,Brand#15,24,LG BAG,39,3461,20320.3884
F,F,DELIVER IN PERSON,2,Manufacturer#1,4-NOT SPECIFIED,4,HOUSEHOLD,MAIL,1,0.03,8,Brand#12,4,MED PACK,24,1557,18552.888
F,F,TAKE BACK RETURN,3,Manufacturer#4,2-HIGH,1,MACHINERY,REG AIR,1,0.03,23,Brand#44,2,SM CASE,10,3419,25204.0026
F,F,TAKE BACK RETURN,4,Manufacturer#4,4-NOT SPECIFIED,3,HOUSEHOLD,AIR,1,0.01,10,Brand#44,23,MED CASE,29,3227,2868.221
F,F,TAKE BACK RETURN,4,Manufacturer#5,5-LOW,1,MACHINERY,FOB,1,0.03,13,Brand#52,17,SM PACK,41,3465,12783.8555
F,F,NONE,4,Manufacturer#1,2-HIGH,1,BUILDING,MAIL,2,0.03,11,Brand#13,3,WRAP BAG,27,1011,39887.3118
F,F,TAKE BACK RETURN,1,Manufacturer#2,1-URGENT,0,MACHINERY,MAIL,1,0.06,2,Brand#25,5,SM PACK,3,3466,37556.0376
F,F,DELIVER IN PERSON,0,Manufacturer#5,1-URGENT,0,MACHINERY,MAIL,3,0.06,16,Brand#54,5,MED CAN,11,3466,46859.648
F,F,NONE,4,Manufacturer#3,1-URGENT,0,MACHINERY,RAIL,2,0,20,Brand#31,5,WRAP BOX,6,3466,41109.1335
F,F,DELIVER IN PERSON,4,Manufacturer#1,3-MEDIUM,2,AUTOMOBILE,TRUCK,1,0.01,20,Brand#15,9,MED JAR,27,3467,55677.5076
F,F,DELIVER IN PERSON,3,Manufacturer#4,1-URGENT,1,BUILDING,TRUCK,4,0.02,6,Brand#44,3,MED PACK,11,3468,57135.96
F,F,COLLECT COD,4,Manufacturer#2,1-URGENT,1,BUILDING,REG AIR,3,0.05,4,Brand#22,3,JUMBO DRUM,46,3468,9044.5
F,F,COLLECT COD,4,Manufacturer#3,1-URGENT,1,BUILDING,MAIL,1,0.08,20,Brand#33,3,WRAP PACK,33,3468,22931.9902
F,F,DELIVER IN PERSON,3,Manufacturer#1,1-URGENT,1,BUILDING,SHIP,2,0.08,6,Brand#11,3,JUMBO CASE,41,3468,20625.2928
F,F,COLLECT COD,0,Manufacturer#2,1-URGENT,1,HOUSEHOLD,FOB,4,0,16,Brand#25,1,LG PACK,1,3469,4785.4674
F,F,NONE,3,Manufacturer#5,1-URGENT,1,HOUSEHOLD,SHIP,3,0.08,7,Brand#52,1,WRAP PKG,11,3469,11674.512
F,F,NONE,0,Manufacturer#3,1-URGENT,1,HOUSEHOLD,AIR,5,0.08,15,Brand#35,1,MED PKG,18,3469,13557.412
F,F,NONE,3,Manufacturer#1,1-URGENT,1,HOUSEHOLD,RAIL,1,0,6,Brand#11,1,WRAP CAN,47,3469,32708.616
F,F,DELIVER IN PERSON,4,Manufacturer#4,4-NOT SPECIFIED,4,HOUSEHOLD,FOB,2,0.05,20,Brand#42,4,LG PKG,24,1557,18612.2632
F,F,DELIVER IN PERSON,3,Manufacturer#3,1-URGENT,0,AUTOMOBILE,FOB,4,0.07,19,Brand#31,15,LG PACK,1,3470,66924.4156
F,F,TAKE BACK RETURN,2,Manufacturer#3,1-URGENT,0,AUTOMOBILE,SHIP,1,0.05,12,Brand#34,15,LG CAN,1,3470,37671.2496
F,F,TAKE BACK RETURN,2,Manufacturer#1,5-LOW,4,HOUSEHOLD,MAIL,1,0.02,18,Brand#13,13,SM PKG,50,3471,26600.6888
F,F,DELIVER IN PERSON,0,Manufacturer#4,1-URGENT,3,AUTOMOBILE,MAIL,2,0.03,16,Brand#42,23,JUMBO JAR,7,3472,48916.4346
F,F,NONE,2,Manufacturer#2,4-NOT SPECIFIED,4,BUILDING,AIR,3,0.05,8,Brand#21,11,LG CAN,35,2825,1661.9724
F,F,COLLECT COD,2,Manufacturer#4,4-NOT SPECIFIED,4,BUILDING,MAIL,4,0.06,9,Brand#45,11,WRAP JAR,8,2825,15755.0019
F,F,DELIVER IN PERSON,3,Manufacturer#2,4-NOT SPECIFIED,2,AUTOMOBILE,TRUCK,1,0.05,19,Brand#23,9,MED PKG,22,3473,11434.176
F,F,NONE,2,Manufacturer#2,5-LOW,4,AUTOMOBILE,TRUCK,6,0.03,21,Brand#24,11,LG PACK,22,3474,11923.9392
F,F,COLLECT COD,1,Manufacturer#1,1-URGENT,0,BUILDING,SHIP,6,0.07,3,Brand#12,0,SM JAR,37,3260,76252.9222
F,F,NONE,3,Manufacturer#5,1-URGENT,0,BUILDING,TRUCK,4,0.06,19,Brand#53,0,LG PKG,50,3260,70838.13
F,F,TAKE BACK RETURN,4,Manufacturer#1,1-URGENT,0,BUILDING,RAIL,2,0.08,20,Brand#13,0,LG PACK,15,3260,70223.9972
F,F,NONE,3,Manufacturer#4,1-URGENT,0,BUILDING,TRUCK,3,0.04,22,Brand#41,0,LG JAR,12,3260,43722.7956
F,F,COLLECT COD,4,Manufacturer#1,1-URGENT,0,BUILDING,SHIP,5,0.04,10,Brand#13,0,WRAP CASE,38,3260,34486.75
F,F,COLLECT COD,3,Manufacturer#5,1-URGENT,1,BUILDING,SHIP,5,0,6,Brand#51,17,LG CAN,39,3475,26058.586
F,F,DELIVER IN PERSON,3,Manufacturer#5,1-URGENT,1,BUILDING,SHIP,1,0.06,7,Brand#52,17,JUMBO CAN,43,3475,75014.0492
F,F,TAKE BACK RETURN,3,Manufacturer#3,1-URGENT,1,BUILDING,MAIL,6,0.04,22,Brand#32,17,LG BOX,32,3475,49389.8489
F,F,TAKE BACK RETURN,3,Manufacturer#2,1-URGENT,1,BUILDING,SHIP,2,0.02,7,Brand#21,17,MED PKG,20,3475,63405.888
F,F,TAKE BACK RETURN,4,Manufacturer#4,1-URGENT,1,BUILDING,REG AIR,4,0.08,4,Brand#41,17,JUMBO BAG,49,3475,35835.9456
F,F,NONE,4,Manufacturer#1,5-LOW,0,BUILDING,MAIL,1,0.07,10,Brand#13,14,JUMBO CASE,9,2724,8954.8266
F,F,TAKE BACK RETURN,3,Manufacturer#1,5-LOW,0,BUILDING,TRUCK,2,0.05,6,Brand#13,14,WRAP CAN,24,2724,55450.24
F,F,TAKE BACK RETURN,1,Manufacturer#3,5-LOW,0,FURNITURE,REG AIR,6,0.08,17,Brand#35,15,JUMBO PKG,38,3476,11195.92
F,F,TAKE BACK RETURN,3,Manufacturer#2,5-LOW,0,FURNITURE,RAIL,5,0.06,6,Brand#21,15,LG JAR,41,3476,5871.7664
F,F,DELIVER IN PERSON,0,Manufacturer#2,5-LOW,0,FURNITURE,AIR,3,0,15,Brand#22,15,JUMBO CASE,12,3476,41290.5864
F,F,DELIVER IN PERSON,3,Manufacturer#2,5-LOW,4,AUTOMOBILE,AIR,2,0.02,6,Brand#21,11,JUMBO PKG,33,3474,24809.9355
F,F,NONE,2,Manufacturer#2,5-LOW,4,AUTOMOBILE,SHIP,7,0,9,Brand#22,11,JUMBO PKG,38,3474,11935.1652
F,F,NONE,2,Manufacturer#1,5-LOW,4,AUTOMOBILE,TRUCK,1,0.03,8,Brand#11,11,WRAP BOX,21,3474,58962.1744
F,F,NONE,4,Manufacturer#3,5-LOW,4,AUTOMOBILE,TRUCK,4,0.04,4,Brand#31,11,WRAP PACK,3,3474,82334.48
F,F,DELIVER IN PERSON,0,Manufacturer#4,5-LOW,1,HOUSEHOLD,REG AIR,4,0.05,16,Brand#45,2,MED DRUM,4,2500,12646.0125
F,F,NONE,2,Manufacturer#4,5-LOW,1,HOUSEHOLD,FOB,2,0.08,18,Brand#43,2,SM PKG,50,2500,13217.445
F,F,COLLECT COD,2,Manufacturer#2,5-LOW,1,HOUSEHOLD,REG AIR,1,0.06,18,Brand#24,2,MED BOX,44,2500,85724.595
F,F,TAKE BACK RETURN,4,Manufacturer#3,5-LOW,1,HOUSEHOLD,SHIP,5,0.07,13,Brand#33,2,LG PKG,16,2500,46611.468
F,F,TAKE BACK RETURN,3,Manufacturer#2,3-MEDIUM,3,MACHINERY,MAIL,1,0.03,6,Brand#25,7,LG CASE,10,3477,83772.5952
F,F,NONE,1,Manufacturer#2,3-MEDIUM,3,MACHINERY,FOB,6,0,17,Brand#24,7,JUMBO BOX,7,3477,10586.4192
F,F,DELIVER IN PERSON,4,Manufacturer#2,3-MEDIUM,3,MACHINERY,SHIP,5,0.04,20,Brand#21,7,WRAP DRUM,21,3477,83442.3744
F,F,COLLECT COD,0,Manufacturer#4,1-URGENT,4,BUILDING,REG AIR,6,0.06,5,Brand#42,10,LG PKG,25,859,39574.395
F,F,DELIVER IN PERSON,4,Manufacturer#2,4-NOT SPECIFIED,0,FURNITURE,AIR,1,0.08,20,Brand#24,0,MED PKG,42,3478,44677.9278
F,F,NONE,4,Manufacturer#5,4-NOT SPECIFIED,0,FURNITURE,SHIP,6,0.05,4,Brand#55,0,WRAP CAN,21,3478,34160.854
F,F,NONE,4,Manufacturer#1,4-NOT SPECIFIED,0,FURNITURE,RAIL,3,0.07,10,Brand#15,0,JUMBO BOX,34,3478,21741.1566
F,F,DELIVER IN PERSON,1,Manufacturer#3,4-NOT SPECIFIED,0,FURNITURE,FOB,7,0.02,17,Brand#32,0,LG PACK,21,3478,40964.268
F,F,NONE,2,Manufacturer#5,1-URGENT,4,BUILDING,RAIL,1,0.02,8,Brand#54,10,JUMBO BOX,36,859,48131.5552
F,F,TAKE BACK RETURN,3,Manufacturer#3,1-URGENT,4,BUILDING,MAIL,5,0.04,23,Brand#32,10,MED CAN,24,859,1518.7555
F,F,COLLECT COD,1,Manufacturer#1,1-URGENT,4,BUILDING,FOB,2,0.06,17,Brand#11,10,JUMBO DRUM,27,859,18917.9876
F,F,TAKE BACK RETURN,2,Manufacturer#4,1-URGENT,4,BUILDING,FOB,3,0.06,8,Brand#44,10,WRAP PACK,45,859,40417.4056
F,F,DELIVER IN PERSON,0,Manufacturer#1,1-URGENT,4,BUILDING,TRUCK,7,0.02,14,Brand#13,10,LG PKG,25,859,33686.037
F,F,COLLECT COD,1,Manufacturer#1,2-HIGH,3,AUTOMOBILE,MAIL,3,0.08,24,Brand#12,23,LG CAN,3,3479,1722.693
F,F,DELIVER IN PERSON,0,Manufacturer#4,5-LOW,2,MACHINERY,MAIL,2,0.07,16,Brand#42,18,JUMBO PACK,12,3480,55725.3432
F,F,COLLECT COD,3,Manufacturer#3,5-LOW,2,MACHINERY,REG AIR,3,0.01,23,Brand#34,18,WRAP JAR,42,3480,19087.7344
F,F,DELIVER IN PERSON,1,Manufacturer#1,4-NOT SPECIFIED,2,HOUSEHOLD,TRUCK,1,0.01,17,Brand#11,12,SM PKG,42,2010,15196.56
F,F,TAKE BACK RETURN,2,Manufacturer#5,2-HIGH,3,AUTOMOBILE,FOB,4,0.01,12,Brand#52,23,LG PACK,47,3479,11775.51
F,F,COLLECT COD,2,Manufacturer#2,2-HIGH,3,AUTOMOBILE,MAIL,1,0.06,8,Brand#22,23,LG CAN,8,3479,2425.6596
F,F,COLLECT COD,1,Manufacturer#4,2-HIGH,3,HOUSEHOLD,REG AIR,4,0.08,1,Brand#42,22,LG DRUM,21,3481,7564.9392
F,F,DELIVER IN PERSON,1,Manufacturer#2,1-URGENT,3,FURNITURE,FOB,3,0.07,17,Brand#22,22,JUMBO DRUM,23,134,22943.6875
F,F,TAKE BACK RETURN,1,Manufacturer#4,1-URGENT,3,FURNITURE,FOB,2,0,17,Brand#42,22,WRAP PKG,25,134,68817.7728
F,F,DELIVER IN PERSON,3,Manufacturer#5,1-URGENT,3,FURNITURE,MAIL,1,0.05,7,Brand#52,22,LG CASE,8,134,15195.2504
F,F,TAKE BACK RETURN,2,Manufacturer#5,3-MEDIUM,2,BUILDING,FOB,3,0.03,9,Brand#54,8,JUMBO PKG,48,869,35041.8432
F,F,DELIVER IN PERSON,4,Manufacturer#1,3-MEDIUM,2,BUILDING,AIR,1,0.04,10,Brand#15,8,WRAP JAR,39,869,72416.5425
F,F,DELIVER IN PERSON,4,Manufacturer#2,2-HIGH,3,HOUSEHOLD,RAIL,2,0.06,10,Brand#25,22,LG JAR,8,3481,48799.296
F,F,COLLECT COD,4,Manufacturer#5,2-HIGH,3,HOUSEHOLD,TRUCK,3,0.08,20,Brand#53,22,JUMBO PACK,10,3481,73796.5039
F,F,DELIVER IN PERSON,4,Manufacturer#4,1-URGENT,1,MACHINERY,RAIL,4,0.04,10,Brand#42,3,JUMBO PACK,7,3482,12416.1444
F,F,NONE,1,Manufacturer#5,1-URGENT,1,MACHINERY,SHIP,5,0.06,3,Brand#52,3,SM BAG,45,3482,68744.832
F,F,NONE,1,Manufacturer#5,2-HIGH,3,AUTOMOBILE,FOB,1,0.08,24,Brand#52,7,JUMBO CAN,46,781,58722.692
F,F,COLLECT COD,1,Manufacturer#5,2-HIGH,3,AUTOMOBILE,RAIL,2,0.07,17,Brand#51,7,JUMBO PACK,28,781,64775.256
F,F,DELIVER IN PERSON,1,Manufacturer#5,2-HIGH,3,AUTOMOBILE,RAIL,4,0.06,1,Brand#55,7,MED PACK,13,781,2953.844
F,F,COLLECT COD,1,Manufacturer#5,4-NOT SPECIFIED,0,AUTOMOBILE,TRUCK,2,0.03,17,Brand#54,5,MED PACK,1,3483,51853.356
F,F,DELIVER IN PERSON,4,Manufacturer#1,4-NOT SPECIFIED,3,FURNITURE,RAIL,4,0.03,4,Brand#13,23,LG CASE,14,3484,60064.3296
F,F,NONE,1,Manufacturer#5,4-NOT SPECIFIED,3,FURNITURE,SHIP,1,0.05,24,Brand#55,23,WRAP CAN,7,3484,54116.608
F,F,DELIVER IN PERSON,0,Manufacturer#3,4-NOT SPECIFIED,3,FURNITURE,AIR,5,0.01,14,Brand#34,23,JUMBO JAR,1,3484,48234.2454
F,F,TAKE BACK RETURN,2,Manufacturer#5,4-NOT SPECIFIED,3,FURNITURE,TRUCK,2,0.02,8,Brand#52,23,WRAP DRUM,38,3484,94549
F,F,DELIVER IN PERSON,3,Manufacturer#3,1-URGENT,1,MACHINERY,MAIL,1,0.02,6,Brand#32,17,JUMBO BOX,48,3485,45957.7077
F,F,DELIVER IN PERSON,0,Manufacturer#1,4-NOT SPECIFIED,2,FURNITURE,AIR,6,0,16,Brand#11,12,LG JAR,3,3486,35643.2076
F,F,NONE,3,Manufacturer#4,4-NOT SPECIFIED,2,FURNITURE,TRUCK,4,0.05,7,Brand#45,12,JUMBO CASE,11,3486,36620.9634
F,F,NONE,1,Manufacturer#5,4-NOT SPECIFIED,2,FURNITURE,REG AIR,5,0.05,2,Brand#53,12,LG DRUM,34,3486,48364.6878
F,F,COLLECT COD,0,Manufacturer#2,4-NOT SPECIFIED,2,FURNITURE,AIR,1,0.07,14,Brand#24,12,LG CASE,23,3486,7067.2602
F,F,NONE,1,Manufacturer#2,1-URGENT,0,MACHINERY,MAIL,1,0.08,17,Brand#24,16,WRAP PKG,17,3487,49155.552
F,F,COLLECT COD,1,Manufacturer#2,1-URGENT,1,MACHINERY,MAIL,4,0,24,Brand#23,17,JUMBO PKG,36,3485,36976.752
F,F,NONE,2,Manufacturer#5,3-MEDIUM,3,AUTOMOBILE,MAIL,2,0.02,8,Brand#53,7,LG JAR,7,1021,56951.61
F,F,NONE,3,Manufacturer#4,4-NOT SPECIFIED,2,HOUSEHOLD,TRUCK,2,0.06,7,Brand#41,12,LG JAR,12,1649,4436.352
F,F,NONE,4,Manufacturer#3,4-NOT SPECIFIED,2,HOUSEHOLD,SHIP,4,0.08,20,Brand#34,12,JUMBO CAN,11,1649,47886.3
F,F,TAKE BACK RETURN,3,Manufacturer#1,4-NOT SPECIFIED,2,HOUSEHOLD,REG AIR,1,0.03,6,Brand#13,12,SM PKG,3,1649,44240.526
F,F,COLLECT COD,3,Manufacturer#2,3-MEDIUM,3,AUTOMOBILE,SHIP,2,0.07,22,Brand#23,6,SM CAN,2,2362,44805.5901
F,F,NONE,2,Manufacturer#1,5-LOW,0,AUTOMOBILE,SHIP,3,0.08,21,Brand#12,5,JUMBO DRUM,23,3488,57564.1344
F,F,TAKE BACK RETURN,0,Manufacturer#2,5-LOW,0,AUTOMOBILE,TRUCK,5,0.03,0,Brand#24,5,LG JAR,39,3488,36781.1444
F,F,TAKE BACK RETURN,1,Manufacturer#3,5-LOW,0,AUTOMOBILE,RAIL,2,0.02,2,Brand#35,5,MED CASE,8,3488,51958.326
F,F,NONE,3,Manufacturer#1,4-NOT SPECIFIED,4,FURNITURE,TRUCK,2,0.01,19,Brand#13,13,LG DRUM,44,3489,18275.68
F,F,DELIVER IN PERSON,1,Manufacturer#2,4-NOT SPECIFIED,4,FURNITURE,FOB,1,0.07,2,Brand#22,13,JUMBO CAN,39,3489,46755.94
F,F,NONE,4,Manufacturer#3,4-NOT SPECIFIED,0,MACHINERY,SHIP,1,0.02,20,Brand#35,5,SM CAN,1,3490,61199.5428
F,F,TAKE BACK RETURN,2,Manufacturer#5,4-NOT SPECIFIED,0,MACHINERY,TRUCK,2,0,8,Brand#55,5,MED PKG,37,3490,21172.6746
F,F,COLLECT COD,2,Manufacturer#1,5-LOW,0,HOUSEHOLD,REG AIR,2,0.03,18,Brand#13,15,MED BAG,48,3491,22933.665
F,F,NONE,3,Manufacturer#3,5-LOW,0,HOUSEHOLD,REG AIR,1,0.01,23,Brand#31,15,JUMBO CAN,26,3491,24570.08
F,F,NONE,3,Manufacturer#4,5-LOW,0,HOUSEHOLD,AIR,4,0.06,19,Brand#44,15,MED BOX,39,3491,58639.966
F,F,COLLECT COD,2,Manufacturer#5,1-URGENT,4,AUTOMOBILE,REG AIR,2,0.02,18,Brand#54,13,JUMBO BAG,15,3492,1751.819
F,F,DELIVER IN PERSON,2,Manufacturer#1,1-URGENT,4,AUTOMOBILE,FOB,1,0.04,12,Brand#13,13,LG PACK,35,3492,15960.252
F,F,NONE,1,Manufacturer#5,3-MEDIUM,4,MACHINERY,TRUCK,4,0.02,3,Brand#51,10,WRAP PACK,33,3037,28758.78
F,F,COLLECT COD,2,Manufacturer#4,3-MEDIUM,4,MACHINERY,AIR,1,0.04,12,Brand#41,10,JUMBO PACK,46,3037,34281.8896
F,F,TAKE BACK RETURN,4,Manufacturer#3,3-MEDIUM,4,MACHINERY,MAIL,3,0.01,10,Brand#31,10,MED PACK,32,3037,25471.488
F,F,COLLECT COD,0,Manufacturer#3,4-NOT SPECIFIED,1,FURNITURE,MAIL,1,0.04,14,Brand#32,2,SM JAR,38,2777,27460.4928
F,F,TAKE BACK RETURN,1,Manufacturer#2,2-HIGH,0,AUTOMOBILE,AIR,4,0,3,Brand#22,14,MED PACK,15,3493,21661.584
F,F,NONE,2,Manufacturer#2,2-HIGH,0,AUTOMOBILE,TRUCK,1,0.06,12,Brand#24,14,LG BOX,44,3493,21529.7082
F,F,DELIVER IN PERSON,1,Manufacturer#2,2-HIGH,0,AUTOMOBILE,RAIL,3,0.06,17,Brand#24,14,JUMBO PKG,35,3493,44496.81
F,F,COLLECT COD,4,Manufacturer#4,3-MEDIUM,3,MACHINERY,MAIL,2,0.04,20,Brand#43,19,LG CAN,29,3494,37554.9856
F,F,NONE,0,Manufacturer#2,4-NOT SPECIFIED,1,HOUSEHOLD,TRUCK,1,0.07,14,Brand#25,17,JUMBO PKG,45,3495,43353.19
F,F,COLLECT COD,4,Manufacturer#1,4-NOT SPECIFIED,1,HOUSEHOLD,RAIL,4,0,4,Brand#14,17,LG DRUM,10,3495,35073.4152
F,F,TAKE BACK RETURN,2,Manufacturer#4,1-URGENT,3,AUTOMOBILE,TRUCK,1,0.06,18,Brand#43,22,MED DRUM,22,3496,33180.693
F,F,COLLECT COD,0,Manufacturer#1,2-HIGH,3,MACHINERY,FOB,5,0.02,14,Brand#14,6,WRAP CAN,47,3497,14771.075
F,F,NONE,1,Manufacturer#2,5-LOW,0,AUTOMOBILE,MAIL,2,0.08,24,Brand#22,15,WRAP BOX,18,6,57636.462
F,F,NONE,3,Manufacturer#3,4-NOT SPECIFIED,4,FURNITURE,TRUCK,1,0.06,7,Brand#31,10,WRAP BOX,17,3498,25384.695
F,F,TAKE BACK RETURN,4,Manufacturer#2,4-NOT SPECIFIED,4,FURNITURE,RAIL,3,0.06,11,Brand#25,10,WRAP JAR,1,3498,57327.858
F,F,COLLECT COD,0,Manufacturer#3,4-NOT SPECIFIED,4,FURNITURE,REG AIR,2,0.04,0,Brand#33,10,LG CASE,20,3498,49419.1243
F,F,COLLECT COD,1,Manufacturer#2,2-HIGH,4,MACHINERY,RAIL,3,0.05,1,Brand#22,13,MED BAG,40,3499,4284.3438
F,F,COLLECT COD,3,Manufacturer#4,2-HIGH,4,MACHINERY,MAIL,5,0.08,7,Brand#45,13,WRAP CAN,48,3499,65361.1392
F,F,COLLECT COD,0,Manufacturer#1,4-NOT SPECIFIED,1,FURNITURE,FOB,3,0.01,14,Brand#13,2,LG CASE,23,2777,65840.76
F,F,TAKE BACK RETURN,3,Manufacturer#2,4-NOT SPECIFIED,1,FURNITURE,FOB,2,0.03,6,Brand#22,2,SM DRUM,23,2777,36627.2998
F,F,DELIVER IN PERSON,0,Manufacturer#4,4-NOT SPECIFIED,4,FURNITURE,TRUCK,1,0.05,14,Brand#42,11,SM CASE,23,3500,82931.1552
F,F,TAKE BACK RETURN,0,Manufacturer#5,4-NOT SPECIFIED,4,FURNITURE,RAIL,2,0.06,0,Brand#55,11,LG BAG,15,3500,68924.4192
F,F,DELIVER IN PERSON,1,Manufacturer#4,4-NOT SPECIFIED,1,BUILDING,FOB,2,0.06,24,Brand#43,1,JUMBO PACK,39,3123,60300.756
F,F,NONE,0,Manufacturer#3,4-NOT SPECIFIED,2,AUTOMOBILE,SHIP,5,0,16,Brand#34,8,JUMBO DRUM,45,3501,52521.936
F,F,DELIVER IN PERSON,2,Manufacturer#5,4-NOT SPECIFIED,2,AUTOMOBILE,MAIL,7,0.07,9,Brand#53,8,WRAP PKG,1,3501,8310.528
F,F,DELIVER IN PERSON,3,Manufacturer#3,4-NOT SPECIFIED,2,AUTOMOBILE,FOB,4,0.04,23,Brand#33,8,MED JAR,39,3501,20144.1024
F,F,NONE,2,Manufacturer#5,4-NOT SPECIFIED,2,AUTOMOBILE,MAIL,6,0.08,21,Brand#53,8,SM BAG,27,3501,28166.292
F,F,NONE,0,Manufacturer#5,1-URGENT,4,HOUSEHOLD,REG AIR,1,0.02,5,Brand#55,13,WRAP CASE,7,3502,72704.2624
F,F,NONE,3,Manufacturer#3,1-URGENT,4,HOUSEHOLD,REG AIR,3,0.05,6,Brand#32,13,SM BOX,17,3502,71591.9886
F,F,TAKE BACK RETURN,3,Manufacturer#5,4-NOT SPECIFIED,1,BUILDING,FOB,3,0.03,7,Brand#54,1,MED DRUM,47,3123,32705.775
F,F,DELIVER IN PERSON,1,Manufacturer#3,4-NOT SPECIFIED,1,BUILDING,SHIP,4,0.06,24,Brand#31,1,SM PKG,11,3123,2849.007
F,F,DELIVER IN PERSON,3,Manufacturer#5,2-HIGH,3,MACHINERY,TRUCK,4,0.05,7,Brand#54,19,SM BAG,18,3503,25407.5232
F,F,DELIVER IN PERSON,3,Manufacturer#5,5-LOW,2,MACHINERY,FOB,2,0.08,19,Brand#51,9,JUMBO BAG,32,3504,31806.372
F,F,TAKE BACK RETURN,3,Manufacturer#5,5-LOW,2,MACHINERY,AIR,4,0.03,7,Brand#51,9,WRAP CASE,29,3504,37454.3136
F,F,COLLECT COD,0,Manufacturer#5,5-LOW,2,MACHINERY,SHIP,1,0,5,Brand#53,9,WRAP PKG,28,3504,67850.4912
F,F,TAKE BACK RETURN,4,Manufacturer#5,3-MEDIUM,3,MACHINERY,RAIL,3,0.01,20,Brand#52,23,LG DRUM,23,3505,50329.3824
F,F,NONE,0,Manufacturer#5,3-MEDIUM,3,MACHINERY,AIR,5,0.01,16,Brand#54,23,MED JAR,14,3505,50190.21
F,F,TAKE BACK RETURN,3,Manufacturer#2,3-MEDIUM,4,BUILDING,REG AIR,4,0.02,22,Brand#25,11,LG BAG,50,3506,35983.188
F,F,COLLECT COD,0,Manufacturer#4,3-MEDIUM,4,BUILDING,MAIL,1,0.08,16,Brand#45,11,SM DRUM,49,3506,32218.2912
F,F,TAKE BACK RETURN,1,Manufacturer#3,3-MEDIUM,4,BUILDING,FOB,2,0.05,2,Brand#34,11,WRAP JAR,49,3506,5915.721
F,F,TAKE BACK RETURN,3,Manufacturer#3,3-MEDIUM,4,BUILDING,RAIL,3,0.01,6,Brand#31,11,LG PKG,21,3506,26504.1392
F,F,TAKE BACK RETURN,2,Manufacturer#5,1-URGENT,1,FURNITURE,REG AIR,1,0.01,18,Brand#52,1,WRAP CASE,31,3507,40145.8068
F,F,DELIVER IN PERSON,3,Manufacturer#5,3-MEDIUM,2,MACHINERY,RAIL,4,0,7,Brand#52,12,JUMBO JAR,42,3508,7911.2544
F,F,NONE,0,Manufacturer#4,3-MEDIUM,2,MACHINERY,AIR,2,0.04,14,Brand#42,12,JUMBO BAG,7,3508,27266.546
F,F,DELIVER IN PERSON,3,Manufacturer#2,5-LOW,3,FURNITURE,TRUCK,2,0.08,19,Brand#21,6,WRAP BAG,27,652,40379.724
F,F,DELIVER IN PERSON,1,Manufacturer#4,2-HIGH,0,MACHINERY,TRUCK,1,0.08,17,Brand#44,5,JUMBO JAR,28,3141,74767.2
F,F,TAKE BACK RETURN,0,Manufacturer#3,4-NOT SPECIFIED,0,AUTOMOBILE,RAIL,5,0.06,0,Brand#31,5,LG CASE,35,3509,36404.2133
F,F,NONE,1,Manufacturer#2,4-NOT SPECIFIED,0,AUTOMOBILE,REG AIR,3,0.04,2,Brand#25,5,WRAP DRUM,42,3509,38161.5168
F,F,COLLECT COD,1,Manufacturer#3,4-NOT SPECIFIED,0,AUTOMOBILE,MAIL,4,0.01,2,Brand#34,5,JUMBO DRUM,29,3509,62217.8104
F,F,COLLECT COD,1,Manufacturer#1,2-HIGH,4,BUILDING,MAIL,1,0.03,1,Brand#15,10,MED CAN,19,3217,46749.708
F,F,TAKE BACK RETURN,4,Manufacturer#4,2-HIGH,4,BUILDING,MAIL,2,0.01,11,Brand#41,10,JUMBO BAG,49,3217,47186.6976
F,F,DELIVER IN PERSON,4,Manufacturer#1,5-LOW,3,BUILDING,MAIL,2,0.05,11,Brand#15,19,JUMBO PKG,10,3510,31519.6224
F,F,COLLECT COD,2,Manufacturer#4,2-HIGH,3,AUTOMOBILE,MAIL,2,0.07,9,Brand#44,7,LG PACK,26,3511,50331.6576
F,F,TAKE BACK RETURN,3,Manufacturer#5,2-HIGH,0,AUTOMOBILE,FOB,2,0.08,22,Brand#51,5,WRAP BAG,46,3512,21958.755
F,F,NONE,0,Manufacturer#4,3-MEDIUM,4,BUILDING,SHIP,3,0.02,15,Brand#44,13,JUMBO DRUM,35,3513,1781.2718
F,F,NONE,0,Manufacturer#3,3-MEDIUM,4,BUILDING,AIR,4,0.04,15,Brand#32,13,LG CAN,6,3513,40428.3516
F,F,COLLECT COD,1,Manufacturer#4,2-HIGH,3,AUTOMOBILE,SHIP,4,0.03,1,Brand#45,7,SM PACK,39,3511,19951.8384
F,F,COLLECT COD,2,Manufacturer#4,2-HIGH,3,AUTOMOBILE,AIR,1,0.02,9,Brand#44,7,WRAP CASE,24,3511,11932.8692
F,F,DELIVER IN PERSON,2,Manufacturer#3,2-HIGH,3,AUTOMOBILE,TRUCK,3,0.05,8,Brand#33,7,SM BAG,15,3511,15633.81
F,F,NONE,0,Manufacturer#5,1-URGENT,0,FURNITURE,MAIL,2,0.08,15,Brand#54,15,SM DRUM,7,3514,24776.031
F,F,COLLECT COD,4,Manufacturer#5,1-URGENT,0,FURNITURE,MAIL,3,0.04,10,Brand#55,15,JUMBO PKG,25,3514,19066.32
F,F,NONE,4,Manufacturer#1,1-URGENT,0,FURNITURE,RAIL,4,0,11,Brand#12,15,MED PACK,16,3514,11667.51
F,F,TAKE BACK RETURN,2,Manufacturer#1,4-NOT SPECIFIED,0,HOUSEHOLD,RAIL,2,0,18,Brand#11,0,SM JAR,7,84,61440.091
F,F,NONE,1,Manufacturer#4,2-HIGH,0,MACHINERY,AIR,7,0.08,1,Brand#44,14,SM CASE,23,3515,5646.063
F,F,DELIVER IN PERSON,3,Manufacturer#5,2-HIGH,3,MACHINERY,MAIL,1,0.04,22,Brand#53,23,MED JAR,15,3004,71524.308
F,F,TAKE BACK RETURN,2,Manufacturer#5,2-HIGH,3,MACHINERY,FOB,3,0.03,8,Brand#53,23,MED CASE,47,3004,22101.309
F,F,TAKE BACK RETURN,4,Manufacturer#5,2-HIGH,3,MACHINERY,SHIP,2,0.07,11,Brand#53,23,MED BOX,30,3004,32861.1498
F,F,NONE,4,Manufacturer#5,2-HIGH,0,MACHINERY,RAIL,3,0,20,Brand#54,14,MED DRUM,50,3515,46881.607
F,F,COLLECT COD,1,Manufacturer#5,2-HIGH,0,MACHINERY,AIR,1,0.01,17,Brand#55,14,MED PKG,37,3515,63930.4785
F,F,DELIVER IN PERSON,2,Manufacturer#2,2-HIGH,0,MACHINERY,MAIL,6,0.05,9,Brand#22,14,MED DRUM,45,3515,64363.3416
F,F,TAKE BACK RETURN,3,Manufacturer#4,3-MEDIUM,4,MACHINERY,AIR,2,0.07,22,Brand#42,10,SM BOX,21,3516,27049.7227
F,F,COLLECT COD,1,Manufacturer#3,2-HIGH,0,MACHINERY,FOB,4,0,1,Brand#35,14,LG BOX,38,3515,21227.25
F,F,DELIVER IN PERSON,4,Manufacturer#1,3-MEDIUM,3,FURNITURE,REG AIR,1,0.02,20,Brand#11,23,MED PACK,1,3517,48756.0528
F,F,DELIVER IN PERSON,4,Manufacturer#4,5-LOW,4,HOUSEHOLD,AIR,4,0,11,Brand#43,4,JUMBO CAN,42,1939,37650.492
F,F,TAKE BACK RETURN,4,Manufacturer#3,5-LOW,4,HOUSEHOLD,REG AIR,3,0.06,4,Brand#35,4,WRAP JAR,24,1939,67654.656
F,F,DELIVER IN PERSON,1,Manufacturer#4,5-LOW,4,HOUSEHOLD,FOB,2,0.08,24,Brand#43,4,SM BOX,18,1939,54709.1092
F,F,NONE,1,Manufacturer#4,5-LOW,4,HOUSEHOLD,TRUCK,5,0.03,1,Brand#44,4,WRAP PACK,13,1939,26326.6913
F,F,COLLECT COD,0,Manufacturer#2,2-HIGH,0,AUTOMOBILE,REG AIR,6,0.01,16,Brand#23,5,SM CAN,41,3518,23501.9265
F,F,COLLECT COD,2,Manufacturer#2,2-HIGH,0,AUTOMOBILE,REG AIR,4,0.02,8,Brand#24,5,JUMBO PACK,50,3518,15503.449
F,F,DELIVER IN PERSON,3,Manufacturer#3,2-HIGH,0,AUTOMOBILE,RAIL,7,0.08,19,Brand#31,5,MED BOX,46,3518,3441.466
F,F,NONE,2,Manufacturer#5,1-URGENT,3,FURNITURE,MAIL,1,0.01,18,Brand#51,23,SM PACK,14,560,5515.1415
F,F,NONE,1,Manufacturer#4,1-URGENT,3,FURNITURE,RAIL,3,0.08,3,Brand#42,23,LG BAG,28,560,20434.26
F,F,NONE,2,Manufacturer#4,4-NOT SPECIFIED,3,MACHINERY,AIR,3,0.03,18,Brand#43,22,SM BOX,12,3519,9787.4504
F,F,DELIVER IN PERSON,0,Manufacturer#3,4-NOT SPECIFIED,3,HOUSEHOLD,REG AIR,1,0.06,16,Brand#35,23,LG PACK,25,3520,6609.0115
F,F,NONE,3,Manufacturer#5,3-MEDIUM,3,FURNITURE,TRUCK,2,0,23,Brand#53,23,WRAP JAR,2,3517,24252.41
F,F,COLLECT COD,0,Manufacturer#5,3-MEDIUM,3,FURNITURE,TRUCK,6,0.04,14,Brand#51,23,MED PACK,33,3517,71148.6735
F,F,DELIVER IN PERSON,1,Manufacturer#1,1-URGENT,4,AUTOMOBILE,REG AIR,2,0.05,2,Brand#13,10,WRAP BAG,13,2466,46861.5168
F,F,NONE,3,Manufacturer#2,1-URGENT,4,AUTOMOBILE,TRUCK,1,0.02,22,Brand#24,10,JUMBO BAG,25,2466,37014.25
F,F,COLLECT COD,2,Manufacturer#3,1-URGENT,4,AUTOMOBILE,RAIL,5,0.01,8,Brand#33,10,SM PKG,32,2466,28878.452
F,F,NONE,2,Manufacturer#3,1-URGENT,4,AUTOMOBILE,MAIL,3,0.05,21,Brand#33,10,MED PKG,18,2466,75543.7116
F,F,NONE,2,Manufacturer#3,3-MEDIUM,3,HOUSEHOLD,SHIP,7,0.08,12,Brand#33,23,LG BAG,31,3521,19851.4899
F,F,TAKE BACK RETURN,0,Manufacturer#3,4-NOT SPECIFIED,3,HOUSEHOLD,AIR,2,0.04,0,Brand#32,7,JUMBO BAG,8,3288,77369.083
F,F,NONE,3,Manufacturer#2,3-MEDIUM,3,AUTOMOBILE,MAIL,2,0,23,Brand#22,7,MED BAG,38,3522,31540.565
F,F,TAKE BACK RETURN,4,Manufacturer#1,3-MEDIUM,3,AUTOMOBILE,REG AIR,3,0.01,11,Brand#13,7,WRAP BAG,4,3522,78454.8416
F,F,NONE,2,Manufacturer#4,3-MEDIUM,3,HOUSEHOLD,AIR,2,0.07,12,Brand#45,23,JUMBO BAG,6,3521,7047.36
F,F,DELIVER IN PERSON,3,Manufacturer#2,3-MEDIUM,3,HOUSEHOLD,REG AIR,6,0.01,22,Brand#25,23,JUMBO CASE,44,3521,31188.861
F,F,TAKE BACK RETURN,3,Manufacturer#4,3-MEDIUM,3,HOUSEHOLD,REG AIR,1,0.03,7,Brand#43,23,SM BAG,46,3521,3427.164
F,F,COLLECT COD,0,Manufacturer#5,3-MEDIUM,3,HOUSEHOLD,FOB,4,0.07,5,Brand#54,23,JUMBO CASE,29,3521,29191.104
F,F,TAKE BACK RETURN,3,Manufacturer#3,2-HIGH,0,HOUSEHOLD,SHIP,1,0.01,7,Brand#35,14,JUMBO JAR,36,885,12195.198
F,F,COLLECT COD,4,Manufacturer#2,4-NOT SPECIFIED,0,AUTOMOBILE,TRUCK,3,0,4,Brand#21,16,MED CASE,2,3523,35028.4608
F,F,TAKE BACK RETURN,1,Manufacturer#2,4-NOT SPECIFIED,0,AUTOMOBILE,MAIL,1,0.04,17,Brand#23,16,SM PKG,2,3523,36673.875
F,F,COLLECT COD,2,Manufacturer#2,4-NOT SPECIFIED,0,AUTOMOBILE,TRUCK,5,0.02,21,Brand#21,16,LG DRUM,24,3523,45519.9808
F,F,DELIVER IN PERSON,1,Manufacturer#5,4-NOT SPECIFIED,0,AUTOMOBILE,RAIL,2,0,24,Brand#51,16,JUMBO BAG,36,3523,42715.755
F,F,COLLECT COD,3,Manufacturer#4,4-NOT SPECIFIED,0,MACHINERY,REG AIR,1,0.05,19,Brand#42,15,SM PACK,25,432,964.05
F,F,DELIVER IN PERSON,2,Manufacturer#1,4-NOT SPECIFIED,0,MACHINERY,TRUCK,3,0.08,12,Brand#14,15,WRAP BOX,2,432,48858.6672
F,F,DELIVER IN PERSON,3,Manufacturer#1,4-NOT SPECIFIED,0,MACHINERY,REG AIR,2,0.01,23,Brand#12,15,LG PACK,3,432,54242.3875
F,F,TAKE BACK RETURN,4,Manufacturer#1,3-MEDIUM,1,AUTOMOBILE,FOB,3,0.03,20,Brand#15,2,LG JAR,48,3524,35583.66
F,F,TAKE BACK RETURN,2,Manufacturer#4,3-MEDIUM,1,AUTOMOBILE,TRUCK,2,0.07,21,Brand#41,2,WRAP CAN,46,3524,18082.8672
F,F,NONE,3,Manufacturer#3,3-MEDIUM,1,AUTOMOBILE,REG AIR,4,0.03,19,Brand#35,2,WRAP BOX,8,3524,974.7465
F,F,NONE,2,Manufacturer#2,2-HIGH,0,HOUSEHOLD,FOB,6,0.02,8,Brand#22,14,MED PACK,31,885,25137.783
F,F,NONE,2,Manufacturer#4,2-HIGH,0,HOUSEHOLD,REG AIR,5,0.05,21,Brand#45,14,JUMBO CAN,47,885,90644.075
F,F,DELIVER IN PERSON,4,Manufacturer#4,2-HIGH,0,HOUSEHOLD,SHIP,3,0.03,20,Brand#43,14,SM CASE,24,885,65308.4
F,F,NONE,0,Manufacturer#1,2-HIGH,0,HOUSEHOLD,MAIL,2,0.07,5,Brand#12,14,SM BAG,23,885,4595.8104
F,F,DELIVER IN PERSON,1,Manufacturer#3,1-URGENT,0,FURNITURE,REG AIR,4,0.08,3,Brand#31,15,SM CASE,17,3525,24375.087
F,F,COLLECT COD,0,Manufacturer#3,1-URGENT,0,FURNITURE,RAIL,3,0.02,5,Brand#31,15,WRAP PKG,17,3525,52350.6816
F,F,DELIVER IN PERSON,4,Manufacturer#5,1-URGENT,0,FURNITURE,FOB,5,0.07,20,Brand#52,15,WRAP JAR,42,3525,34826.9376
F,F,DELIVER IN PERSON,1,Manufacturer#4,1-URGENT,0,FURNITURE,SHIP,1,0.01,3,Brand#44,15,LG DRUM,49,3525,66965.1528
F,F,TAKE BACK RETURN,4,Manufacturer#4,1-URGENT,0,FURNITURE,RAIL,6,0,20,Brand#44,15,SM JAR,37,3525,73619.28
F,F,DELIVER IN PERSON,1,Manufacturer#5,4-NOT SPECIFIED,2,HOUSEHOLD,MAIL,4,0.03,1,Brand#51,9,JUMBO BOX,48,3526,33267.314
F,F,TAKE BACK RETURN,2,Manufacturer#3,4-NOT SPECIFIED,4,BUILDING,FOB,2,0.02,9,Brand#35,10,MED BOX,5,3527,52039.233
F,F,COLLECT COD,4,Manufacturer#1,4-NOT SPECIFIED,4,BUILDING,TRUCK,3,0.06,4,Brand#14,10,WRAP BOX,4,3527,37750.2
F,F,NONE,0,Manufacturer#4,4-NOT SPECIFIED,4,BUILDING,TRUCK,4,0.06,15,Brand#45,10,JUMBO PACK,44,3527,54889.776
F,F,COLLECT COD,0,Manufacturer#3,3-MEDIUM,2,FURNITURE,REG AIR,4,0.05,15,Brand#35,8,LG BOX,24,1903,39349.4662
F,F,NONE,3,Manufacturer#2,3-MEDIUM,2,FURNITURE,MAIL,3,0.05,7,Brand#23,8,WRAP BAG,3,1903,58353.2928
F,F,DELIVER IN PERSON,0,Manufacturer#5,3-MEDIUM,2,FURNITURE,FOB,1,0.08,0,Brand#55,8,LG CAN,25,1903,3728.94
F,F,TAKE BACK RETURN,0,Manufacturer#2,3-MEDIUM,2,FURNITURE,SHIP,5,0,15,Brand#21,8,JUMBO PKG,49,1903,35179.6676
F,F,DELIVER IN PERSON,1,Manufacturer#4,4-NOT SPECIFIED,2,HOUSEHOLD,FOB,3,0,24,Brand#43,9,LG BAG,23,3526,63766.976
F,F,TAKE BACK RETURN,2,Manufacturer#2,5-LOW,3,FURNITURE,RAIL,1,0.07,18,Brand#23,23,MED JAR,25,3528,25442.64
F,F,COLLECT COD,2,Manufacturer#3,1-URGENT,3,MACHINERY,SHIP,2,0.07,8,Brand#33,7,SM CAN,23,3477,7060.21
F,F,DELIVER IN PERSON,4,Manufacturer#1,1-URGENT,0,FURNITURE,REG AIR,1,0.04,11,Brand#12,16,SM JAR,45,3117,58130.2656
F,F,TAKE BACK RETURN,0,Manufacturer#3,3-MEDIUM,4,BUILDING,RAIL,1,0.05,0,Brand#34,10,SM BOX,27,2862,56049.4544
F,F,DELIVER IN PERSON,1,Manufacturer#5,5-LOW,0,AUTOMOBILE,AIR,2,0.07,24,Brand#54,16,SM BAG,41,3529,37581.588
F,F,TAKE BACK RETURN,0,Manufacturer#2,1-URGENT,4,MACHINERY,TRUCK,1,0.03,16,Brand#21,4,MED JAR,20,3530,31841.226
F,F,DELIVER IN PERSON,1,Manufacturer#3,1-URGENT,3,MACHINERY,AIR,3,0.07,3,Brand#31,7,MED JAR,10,3477,16936.416
F,F,COLLECT COD,4,Manufacturer#4,1-URGENT,3,MACHINERY,RAIL,1,0.08,11,Brand#45,7,MED PACK,2,3477,46239.7572
F,F,TAKE BACK RETURN,4,Manufacturer#5,5-LOW,1,MACHINERY,AIR,3,0.08,20,Brand#51,3,JUMBO PKG,22,2493,23943.375
F,F,TAKE BACK RETURN,3,Manufacturer#1,5-LOW,1,MACHINERY,REG AIR,5,0.08,7,Brand#12,3,JUMBO PKG,39,2493,35000.2296
F,F,TAKE BACK RETURN,1,Manufacturer#5,5-LOW,1,MACHINERY,REG AIR,1,0.05,17,Brand#52,3,SM BOX,31,2493,32735.1456
F,F,COLLECT COD,3,Manufacturer#3,3-MEDIUM,4,HOUSEHOLD,AIR,1,0.03,19,Brand#32,11,SM CASE,43,3330,35467.2045
F,F,TAKE BACK RETURN,4,Manufacturer#5,4-NOT SPECIFIED,3,MACHINERY,MAIL,1,0,4,Brand#55,23,JUMBO PKG,12,3531,70987.365
F,F,NONE,3,Manufacturer#1,4-NOT SPECIFIED,3,MACHINERY,AIR,7,0.01,19,Brand#12,23,MED BAG,48,3531,21859.6752
F,F,COLLECT COD,0,Manufacturer#2,1-URGENT,1,AUTOMOBILE,RAIL,2,0.02,0,Brand#22,24,LG PACK,5,3582,6520.078
F,F,DELIVER IN PERSON,1,Manufacturer#1,4-NOT SPECIFIED,3,MACHINERY,SHIP,5,0.05,3,Brand#12,23,JUMBO BAG,33,3531,17148.1563
F,F,TAKE BACK RETURN,3,Manufacturer#3,4-NOT SPECIFIED,3,MACHINERY,REG AIR,4,0.08,19,Brand#35,23,JUMBO PACK,28,3531,28552.68
F,F,TAKE BACK RETURN,1,Manufacturer#2,4-NOT SPECIFIED,3,MACHINERY,AIR,6,0.01,17,Brand#21,23,MED PKG,34,3531,51628.32
F,F,NONE,3,Manufacturer#3,4-NOT SPECIFIED,3,MACHINERY,AIR,3,0.05,6,Brand#34,23,JUMBO PKG,43,3531,15386.2
F,F,DELIVER IN PERSON,1,Manufacturer#1,2-HIGH,2,FURNITURE,FOB,1,0.02,3,Brand#11,18,WRAP JAR,32,3532,15384.2274
F,F,NONE,0,Manufacturer#5,2-HIGH,2,FURNITURE,SHIP,2,0.02,5,Brand#51,18,WRAP PKG,28,3532,5749.7064
F,F,COLLECT COD,1,Manufacturer#2,5-LOW,2,MACHINERY,SHIP,3,0.07,24,Brand#21,9,LG CAN,34,142,21878.25
F,F,DELIVER IN PERSON,3,Manufacturer#4,5-LOW,2,MACHINERY,TRUCK,1,0,7,Brand#41,9,SM PACK,35,142,59540.208
F,F,DELIVER IN PERSON,3,Manufacturer#4,5-LOW,2,MACHINERY,TRUCK,2,0.08,6,Brand#41,9,LG CAN,33,142,11654.846
F,F,NONE,0,Manufacturer#4,1-URGENT,4,BUILDING,TRUCK,2,0.04,15,Brand#45,20,SM PKG,31,3533,30604.5084
F,F,DELIVER IN PERSON,4,Manufacturer#4,5-LOW,4,FURNITURE,REG AIR,2,0.04,4,Brand#42,13,JUMBO DRUM,38,397,47511.36
F,F,TAKE BACK RETURN,3,Manufacturer#3,5-LOW,4,FURNITURE,RAIL,2,0.08,22,Brand#35,10,MED JAR,29,3534,72409.8816
F,F,TAKE BACK RETURN,0,Manufacturer#5,2-HIGH,3,BUILDING,TRUCK,1,0.08,15,Brand#51,23,MED PKG,22,3535,4464.048
F,F,DELIVER IN PERSON,1,Manufacturer#2,3-MEDIUM,3,AUTOMOBILE,AIR,1,0.04,1,Brand#24,22,MED PKG,13,3536,55752.6606
F,F,COLLECT COD,3,Manufacturer#3,5-LOW,3,HOUSEHOLD,REG AIR,1,0.08,22,Brand#34,22,LG PKG,8,748,33468.4896
F,F,NONE,1,Manufacturer#1,5-LOW,3,HOUSEHOLD,MAIL,3,0.05,3,Brand#15,22,LG PACK,22,748,19681.461
F,F,COLLECT COD,2,Manufacturer#5,5-LOW,3,HOUSEHOLD,SHIP,2,0.08,9,Brand#55,22,SM CASE,38,748,57536.406
F,F,NONE,2,Manufacturer#3,5-LOW,3,HOUSEHOLD,MAIL,6,0.02,8,Brand#33,22,MED JAR,6,748,14524.6545
F,F,TAKE BACK RETURN,4,Manufacturer#3,3-MEDIUM,0,FURNITURE,FOB,4,0.08,11,Brand#32,5,MED PACK,13,2436,35910.0984
F,F,TAKE BACK RETURN,3,Manufacturer#2,3-MEDIUM,0,FURNITURE,MAIL,6,0.08,22,Brand#22,5,LG CASE,29,2436,8242.5616
F,F,COLLECT COD,4,Manufacturer#3,3-MEDIUM,0,FURNITURE,SHIP,1,0.01,20,Brand#35,5,LG JAR,14,2436,37265.2272
F,F,COLLECT COD,3,Manufacturer#2,2-HIGH,4,FURNITURE,AIR,3,0.07,6,Brand#22,4,LG DRUM,21,3537,45156.24
F,F,NONE,3,Manufacturer#1,2-HIGH,4,FURNITURE,SHIP,5,0.01,7,Brand#14,4,WRAP CASE,3,3537,26437.2669
F,F,DELIVER IN PERSON,1,Manufacturer#1,4-NOT SPECIFIED,0,FURNITURE,MAIL,1,0.01,17,Brand#11,5,SM BAG,45,705,45350
F,F,TAKE BACK RETURN,1,Manufacturer#2,4-NOT SPECIFIED,4,HOUSEHOLD,REG AIR,3,0.03,17,Brand#22,13,SM PACK,34,3502,50647.8016
F,F,TAKE BACK RETURN,4,Manufacturer#3,4-NOT SPECIFIED,4,HOUSEHOLD,AIR,1,0.06,20,Brand#34,13,WRAP CAN,49,3502,38259.984
F,F,COLLECT COD,3,Manufacturer#2,4-NOT SPECIFIED,0,FURNITURE,TRUCK,2,0.03,7,Brand#21,16,LG CASE,14,3538,79238.8732
F,F,TAKE BACK RETURN,4,Manufacturer#2,4-NOT SPECIFIED,0,FURNITURE,AIR,7,0.01,4,Brand#21,16,MED CAN,32,3538,17976.4536
F,F,TAKE BACK RETURN,3,Manufacturer#3,4-NOT SPECIFIED,0,FURNITURE,MAIL,6,0,7,Brand#32,16,MED PKG,42,3538,35223.0912
F,F,COLLECT COD,0,Manufacturer#5,4-NOT SPECIFIED,0,FURNITURE,RAIL,1,0,15,Brand#55,16,JUMBO CASE,18,3538,17539.389
F,F,DELIVER IN PERSON,1,Manufacturer#2,1-URGENT,3,BUILDING,TRUCK,5,0.01,2,Brand#21,22,WRAP DRUM,29,3539,14367.99
F,F,DELIVER IN PERSON,3,Manufacturer#3,1-URGENT,3,BUILDING,SHIP,3,0.06,7,Brand#35,22,MED BAG,5,3539,22653.288
F,F,DELIVER IN PERSON,1,Manufacturer#4,1-URGENT,3,BUILDING,REG AIR,1,0.07,2,Brand#45,22,WRAP CASE,14,3539,76019.399
F,F,NONE,2,Manufacturer#1,4-NOT SPECIFIED,0,FURNITURE,AIR,2,0.05,18,Brand#15,5,MED PKG,26,705,37358.874
F,F,COLLECT COD,2,Manufacturer#5,4-NOT SPECIFIED,0,FURNITURE,AIR,5,0.01,9,Brand#53,5,JUMBO DRUM,4,705,24197.6448
F,F,TAKE BACK RETURN,1,Manufacturer#1,3-MEDIUM,0,MACHINERY,MAIL,4,0.02,24,Brand#13,16,WRAP DRUM,42,3487,31286.3296
F,F,DELIVER IN PERSON,3,Manufacturer#1,3-MEDIUM,0,MACHINERY,TRUCK,1,0.01,7,Brand#15,16,MED JAR,15,3487,56541.1392
F,F,DELIVER IN PERSON,4,Manufacturer#2,5-LOW,4,FURNITURE,MAIL,6,0.04,13,Brand#25,20,WRAP DRUM,33,3540,24667.1712
F,F,NONE,3,Manufacturer#5,5-LOW,4,FURNITURE,RAIL,7,0.08,19,Brand#53,20,JUMBO BAG,32,3540,22276.8
F,F,DELIVER IN PERSON,3,Manufacturer#1,5-LOW,4,FURNITURE,SHIP,5,0.05,6,Brand#12,20,LG PKG,32,3540,7684.075
F,F,COLLECT COD,0,Manufacturer#3,5-LOW,4,FURNITURE,MAIL,1,0.04,14,Brand#34,20,LG PACK,33,3540,74209.2292
F,F,COLLECT COD,1,Manufacturer#1,5-LOW,4,FURNITURE,TRUCK,2,0.06,2,Brand#13,20,WRAP PACK,32,3540,38895.85
F,F,COLLECT COD,2,Manufacturer#5,5-LOW,4,FURNITURE,MAIL,4,0.05,8,Brand#54,20,SM JAR,11,3540,61029.1616
F,F,DELIVER IN PERSON,2,Manufacturer#5,4-NOT SPECIFIED,0,HOUSEHOLD,TRUCK,6,0.01,21,Brand#54,16,WRAP CASE,50,3541,18527.088
F,F,DELIVER IN PERSON,2,Manufacturer#1,4-NOT SPECIFIED,0,HOUSEHOLD,FOB,4,0.07,18,Brand#12,16,JUMBO JAR,6,3541,36551.196
F,F,COLLECT COD,0,Manufacturer#2,4-NOT SPECIFIED,0,HOUSEHOLD,REG AIR,1,0.08,15,Brand#23,16,SM JAR,1,3541,49568.9721
F,F,DELIVER IN PERSON,4,Manufacturer#3,4-NOT SPECIFIED,0,HOUSEHOLD,AIR,3,0.05,20,Brand#33,16,SM JAR,20,3541,29972.0544
F,F,NONE,1,Manufacturer#4,5-LOW,4,HOUSEHOLD,FOB,5,0.03,24,Brand#44,4,WRAP PKG,42,1915,49613.94
F,F,COLLECT COD,2,Manufacturer#5,5-LOW,4,HOUSEHOLD,RAIL,4,0.08,12,Brand#55,4,LG CAN,46,1915,62426.3773
F,F,DELIVER IN PERSON,4,Manufacturer#3,5-LOW,4,HOUSEHOLD,SHIP,2,0.02,10,Brand#35,4,LG DRUM,9,1915,39064.8744
F,F,NONE,2,Manufacturer#5,2-HIGH,0,FURNITURE,MAIL,2,0.06,8,Brand#54,14,WRAP BAG,9,3542,46321.848
F,F,NONE,0,Manufacturer#4,2-HIGH,1,MACHINERY,TRUCK,5,0.04,0,Brand#44,2,JUMBO PKG,50,3543,77586.8544
F,F,NONE,3,Manufacturer#4,1-URGENT,3,BUILDING,FOB,3,0.05,19,Brand#42,7,MED BAG,16,2879,12093.3888
F,F,TAKE BACK RETURN,3,Manufacturer#4,1-URGENT,3,BUILDING,REG AIR,4,0.05,22,Brand#42,7,SM JAR,18,2879,44148.1788
F,F,DELIVER IN PERSON,1,Manufacturer#4,1-URGENT,3,BUILDING,SHIP,2,0.02,24,Brand#44,7,JUMBO PACK,27,2879,54309.3216
F,F,DELIVER IN PERSON,4,Manufacturer#3,2-HIGH,1,MACHINERY,REG AIR,3,0.06,20,Brand#34,2,LG CAN,9,3543,39724.9944
F,F,COLLECT COD,0,Manufacturer#2,2-HIGH,1,MACHINERY,REG AIR,2,0.06,0,Brand#25,2,LG PKG,22,3543,28246.0224
F,F,COLLECT COD,2,Manufacturer#4,2-HIGH,2,MACHINERY,TRUCK,6,0.08,8,Brand#41,9,MED CAN,16,3544,46894.14
F,F,DELIVER IN PERSON,2,Manufacturer#1,2-HIGH,2,MACHINERY,RAIL,3,0.02,8,Brand#11,9,LG CASE,39,3544,67226.873
F,F,DELIVER IN PERSON,1,Manufacturer#3,1-URGENT,2,HOUSEHOLD,SHIP,1,0.02,24,Brand#32,8,LG DRUM,7,3545,10516.6152
F,F,COLLECT COD,0,Manufacturer#2,2-HIGH,2,MACHINERY,AIR,1,0.07,5,Brand#24,9,MED CAN,46,3544,86951.5776
F,F,TAKE BACK RETURN,0,Manufacturer#3,2-HIGH,2,MACHINERY,SHIP,2,0.02,0,Brand#31,9,LG PKG,46,3544,2111.616
F,F,NONE,0,Manufacturer#3,2-HIGH,2,MACHINERY,TRUCK,5,0.06,16,Brand#35,9,MED CASE,9,3544,53965.2516
F,F,COLLECT COD,0,Manufacturer#2,3-MEDIUM,3,AUTOMOBILE,RAIL,4,0.06,14,Brand#24,22,MED BOX,8,3546,16429.884
F,F,TAKE BACK RETURN,2,Manufacturer#3,2-HIGH,1,HOUSEHOLD,AIR,4,0.02,9,Brand#31,24,LG CASE,18,3151,53270.7
F,F,COLLECT COD,0,Manufacturer#1,2-HIGH,1,HOUSEHOLD,REG AIR,3,0.06,14,Brand#12,24,WRAP BAG,31,3151,46055.697
F,F,DELIVER IN PERSON,3,Manufacturer#3,5-LOW,4,AUTOMOBILE,MAIL,4,0.07,19,Brand#32,4,SM PKG,30,3547,9159.0016
F,F,NONE,2,Manufacturer#4,5-LOW,4,AUTOMOBILE,RAIL,2,0.02,12,Brand#45,4,LG PACK,17,3547,59016.114
F,F,TAKE BACK RETURN,3,Manufacturer#4,5-LOW,4,AUTOMOBILE,SHIP,6,0.07,6,Brand#41,4,LG PKG,7,3547,4428.3744
F,F,DELIVER IN PERSON,1,Manufacturer#2,5-LOW,4,AUTOMOBILE,AIR,7,0.04,2,Brand#21,4,JUMBO BAG,37,3547,25606.854
F,F,DELIVER IN PERSON,2,Manufacturer#5,3-MEDIUM,3,AUTOMOBILE,SHIP,2,0,12,Brand#55,22,JUMBO JAR,5,3546,55835.9802
F,F,TAKE BACK RETURN,0,Manufacturer#5,3-MEDIUM,3,AUTOMOBILE,AIR,3,0.02,16,Brand#51,22,WRAP BOX,31,3546,3971.0488
F,F,TAKE BACK RETURN,3,Manufacturer#1,3-MEDIUM,3,AUTOMOBILE,FOB,5,0.04,19,Brand#12,22,JUMBO DRUM,32,3546,4432.3893
F,F,DELIVER IN PERSON,4,Manufacturer#3,5-LOW,3,BUILDING,TRUCK,3,0.05,11,Brand#32,22,WRAP PACK,38,2034,22106.63
F,F,NONE,2,Manufacturer#3,5-LOW,3,BUILDING,RAIL,4,0.08,8,Brand#33,22,LG CASE,38,2034,64911.456
F,F,NONE,2,Manufacturer#5,4-NOT SPECIFIED,0,FURNITURE,SHIP,7,0,9,Brand#53,15,WRAP CAN,45,3548,44507.5296
F,F,DELIVER IN PERSON,4,Manufacturer#2,4-NOT SPECIFIED,0,FURNITURE,REG AIR,6,0,10,Brand#22,15,WRAP DRUM,8,3548,18569.5104
F,F,NONE,0,Manufacturer#3,4-NOT SPECIFIED,0,FURNITURE,TRUCK,4,0.08,0,Brand#34,15,SM BAG,5,3548,66806.4384
F,F,COLLECT COD,3,Manufacturer#2,4-NOT SPECIFIED,0,FURNITURE,AIR,1,0.01,6,Brand#25,15,JUMBO JAR,29,3548,65113
F,F,NONE,4,Manufacturer#3,2-HIGH,3,MACHINERY,FOB,1,0,10,Brand#33,22,SM CAN,28,3549,49540.068
F,F,COLLECT COD,0,Manufacturer#3,2-HIGH,3,MACHINERY,SHIP,2,0.01,15,Brand#35,22,JUMBO JAR,38,3549,20287.449
F,F,COLLECT COD,0,Manufacturer#1,2-HIGH,3,MACHINERY,SHIP,3,0.02,15,Brand#15,22,SM CAN,13,3549,31332.3192
F,F,COLLECT COD,1,Manufacturer#1,3-MEDIUM,1,BUILDING,REG AIR,6,0.01,2,Brand#13,2,LG CAN,25,2074,7241.052
F,F,COLLECT COD,4,Manufacturer#2,5-LOW,2,FURNITURE,MAIL,2,0,10,Brand#23,18,LG PACK,46,3532,53667.1845
F,F,DELIVER IN PERSON,3,Manufacturer#4,5-LOW,2,FURNITURE,MAIL,1,0.02,7,Brand#41,18,JUMBO CAN,5,3532,54101.8665
F,F,TAKE BACK RETURN,3,Manufacturer#1,3-MEDIUM,1,BUILDING,SHIP,4,0.04,7,Brand#11,2,LG JAR,23,2074,4720.215
F,F,DELIVER IN PERSON,0,Manufacturer#1,3-MEDIUM,1,BUILDING,FOB,5,0.03,14,Brand#14,2,JUMBO PACK,47,2074,31182.624
F,F,TAKE BACK RETURN,1,Manufacturer#2,2-HIGH,0,FURNITURE,REG AIR,2,0.06,2,Brand#22,14,LG PKG,2,2269,33613.5258
F,F,NONE,1,Manufacturer#3,1-URGENT,0,AUTOMOBILE,MAIL,3,0.07,2,Brand#33,5,MED BOX,22,3392,59213.245
F,F,COLLECT COD,1,Manufacturer#5,3-MEDIUM,3,MACHINERY,FOB,1,0,1,Brand#55,19,SM BOX,10,3550,48684.042
F,F,TAKE BACK RETURN,3,Manufacturer#5,1-URGENT,1,AUTOMOBILE,FOB,1,0.03,19,Brand#53,24,JUMBO PKG,33,1062,56192.8752
F,F,COLLECT COD,3,Manufacturer#1,1-URGENT,1,AUTOMOBILE,SHIP,2,0.06,6,Brand#11,24,WRAP CAN,15,1062,59527.6704
F,F,NONE,1,Manufacturer#2,5-LOW,1,AUTOMOBILE,TRUCK,1,0.06,24,Brand#21,17,LG CAN,21,3551,53111.9457
F,F,TAKE BACK RETURN,1,Manufacturer#4,5-LOW,1,AUTOMOBILE,AIR,4,0.01,17,Brand#42,17,LG DRUM,27,3551,5404.7616
F,F,COLLECT COD,3,Manufacturer#5,5-LOW,1,AUTOMOBILE,MAIL,3,0.04,7,Brand#54,17,SM PACK,4,3551,14236.89
F,F,NONE,4,Manufacturer#1,5-LOW,0,HOUSEHOLD,MAIL,2,0.05,11,Brand#12,15,MED DRUM,39,3552,47603.3805
F,F,COLLECT COD,4,Manufacturer#4,4-NOT SPECIFIED,2,AUTOMOBILE,AIR,2,0.07,4,Brand#42,18,JUMBO BAG,50,3553,69174.072
F,F,TAKE BACK RETURN,2,Manufacturer#3,4-NOT SPECIFIED,2,AUTOMOBILE,MAIL,4,0,8,Brand#32,18,SM BAG,46,3553,21273.4704
F,F,TAKE BACK RETURN,2,Manufacturer#1,4-NOT SPECIFIED,2,AUTOMOBILE,MAIL,3,0.01,8,Brand#14,18,JUMBO CAN,21,3553,41603.1552
F,F,NONE,3,Manufacturer#2,3-MEDIUM,0,FURNITURE,SHIP,4,0,19,Brand#23,15,SM BAG,7,3554,37797.6924
F,F,TAKE BACK RETURN,3,Manufacturer#5,3-MEDIUM,0,FURNITURE,SHIP,3,0.03,6,Brand#53,15,MED DRUM,4,3554,19638.864
F,F,DELIVER IN PERSON,0,Manufacturer#4,2-HIGH,0,AUTOMOBILE,FOB,6,0.05,16,Brand#42,14,MED PKG,41,2198,47633.7312
F,F,TAKE BACK RETURN,2,Manufacturer#3,2-HIGH,0,AUTOMOBILE,AIR,1,0.07,21,Brand#31,14,MED BOX,46,2198,19595.286
F,F,TAKE BACK RETURN,2,Manufacturer#3,2-HIGH,0,AUTOMOBILE,SHIP,3,0.08,21,Brand#35,14,JUMBO PKG,30,2198,32250.771
F,F,COLLECT COD,3,Manufacturer#3,2-HIGH,0,AUTOMOBILE,SHIP,4,0.08,22,Brand#34,14,LG CAN,2,2198,45421.0176
F,F,DELIVER IN PERSON,1,Manufacturer#3,3-MEDIUM,3,HOUSEHOLD,SHIP,1,0.01,1,Brand#32,6,SM BOX,45,3555,39221.3276
F,F,COLLECT COD,4,Manufacturer#2,3-MEDIUM,3,FURNITURE,AIR,5,0.08,20,Brand#21,23,SM BAG,41,3556,19138.7196
F,F,DELIVER IN PERSON,3,Manufacturer#4,3-MEDIUM,3,FURNITURE,SHIP,2,0.04,7,Brand#42,23,MED PKG,14,3556,9369.6603
F,F,TAKE BACK RETURN,4,Manufacturer#3,5-LOW,0,HOUSEHOLD,TRUCK,6,0.04,20,Brand#34,5,JUMBO JAR,22,837,11454.5956
F,F,DELIVER IN PERSON,3,Manufacturer#2,5-LOW,0,HOUSEHOLD,RAIL,2,0.03,22,Brand#25,5,LG BAG,14,837,72998.496
F,F,COLLECT COD,0,Manufacturer#5,5-LOW,0,HOUSEHOLD,MAIL,3,0,14,Brand#55,5,SM CASE,50,837,69118.68
F,F,COLLECT COD,0,Manufacturer#1,5-LOW,0,HOUSEHOLD,AIR,1,0.07,5,Brand#14,5,SM PKG,20,837,38505.9744
F,F,DELIVER IN PERSON,4,Manufacturer#4,1-URGENT,0,AUTOMOBILE,TRUCK,4,0.03,13,Brand#41,0,SM BAG,31,3557,22414.6944
F,F,NONE,2,Manufacturer#3,1-URGENT,0,AUTOMOBILE,REG AIR,2,0,21,Brand#32,0,SM BAG,18,3557,17382.816
F,F,COLLECT COD,4,Manufacturer#5,1-URGENT,0,AUTOMOBILE,MAIL,5,0.07,13,Brand#54,0,JUMBO PACK,5,3557,21197.9404
F,F,COLLECT COD,3,Manufacturer#5,1-URGENT,0,AUTOMOBILE,REG AIR,1,0.08,6,Brand#55,0,JUMBO DRUM,22,3557,3081.54
F,F,COLLECT COD,4,Manufacturer#5,1-URGENT,0,AUTOMOBILE,AIR,7,0.07,13,Brand#54,0,MED PKG,9,3557,57673.3676
F,F,DELIVER IN PERSON,2,Manufacturer#4,5-LOW,3,MACHINERY,MAIL,2,0.08,18,Brand#43,23,MED PACK,12,3558,55535.04
F,F,TAKE BACK RETURN,3,Manufacturer#5,5-LOW,3,MACHINERY,MAIL,4,0.07,7,Brand#54,23,LG JAR,10,3558,12224.5684
F,F,DELIVER IN PERSON,2,Manufacturer#5,5-LOW,3,MACHINERY,FOB,1,0.08,9,Brand#51,23,LG PACK,18,3558,44386.2882
F,F,COLLECT COD,0,Manufacturer#2,1-URGENT,2,HOUSEHOLD,SHIP,1,0.05,14,Brand#23,9,LG BOX,26,3559,45490.5408
F,F,DELIVER IN PERSON,3,Manufacturer#3,1-URGENT,2,HOUSEHOLD,MAIL,2,0.08,23,Brand#32,9,SM JAR,24,3559,27381.64
F,F,DELIVER IN PERSON,2,Manufacturer#1,4-NOT SPECIFIED,1,MACHINERY,REG AIR,7,0.02,18,Brand#12,1,WRAP JAR,41,1627,2519.3448
F,F,COLLECT COD,1,Manufacturer#5,4-NOT SPECIFIED,1,MACHINERY,SHIP,6,0.04,24,Brand#54,1,JUMBO BAG,5,1627,60509.4672
F,F,TAKE BACK RETURN,4,Manufacturer#2,4-NOT SPECIFIED,1,MACHINERY,RAIL,2,0.08,13,Brand#25,1,SM PKG,18,1627,44752.6198
F,F,COLLECT COD,4,Manufacturer#1,4-NOT SPECIFIED,1,MACHINERY,TRUCK,4,0.03,4,Brand#12,1,SM DRUM,40,1627,22038.63
F,F,COLLECT COD,1,Manufacturer#5,4-NOT SPECIFIED,1,MACHINERY,MAIL,3,0.01,2,Brand#52,1,SM BAG,21,1627,42366.4669
F,F,NONE,0,Manufacturer#4,3-MEDIUM,0,HOUSEHOLD,MAIL,5,0.05,15,Brand#43,0,JUMBO PACK,12,3560,79123.9946
F,F,DELIVER IN PERSON,4,Manufacturer#1,3-MEDIUM,0,HOUSEHOLD,TRUCK,6,0.01,10,Brand#15,0,SM PACK,21,3560,60952.5
F,F,TAKE BACK RETURN,1,Manufacturer#1,4-NOT SPECIFIED,4,BUILDING,SHIP,2,0.08,1,Brand#15,4,SM DRUM,20,3561,44067.1014
F,F,NONE,0,Manufacturer#3,4-NOT SPECIFIED,4,BUILDING,SHIP,1,0.02,16,Brand#33,4,JUMBO BOX,35,3561,49776.5961
F,F,TAKE BACK RETURN,4,Manufacturer#3,5-LOW,0,FURNITURE,TRUCK,1,0,20,Brand#35,5,LG JAR,23,3562,68610.8115
F,F,DELIVER IN PERSON,2,Manufacturer#5,1-URGENT,0,FURNITURE,RAIL,2,0,12,Brand#52,0,SM PACK,33,3563,61735.8105
F,F,COLLECT COD,4,Manufacturer#2,1-URGENT,0,FURNITURE,FOB,3,0.08,20,Brand#24,0,LG CAN,22,3563,51667.365
F,F,TAKE BACK RETURN,1,Manufacturer#3,1-URGENT,0,FURNITURE,REG AIR,1,0.08,17,Brand#31,0,LG PKG,12,3563,59209.8948
F,F,COLLECT COD,4,Manufacturer#1,1-URGENT,0,FURNITURE,SHIP,4,0.06,10,Brand#14,0,MED CASE,2,3563,27871.5546
F,F,TAKE BACK RETURN,1,Manufacturer#4,4-NOT SPECIFIED,3,BUILDING,RAIL,1,0.06,1,Brand#41,6,SM CASE,43,3564,48292.8384
F,F,TAKE BACK RETURN,2,Manufacturer#1,4-NOT SPECIFIED,3,BUILDING,RAIL,2,0.04,12,Brand#14,6,MED DRUM,9,3564,79492.644
F,F,NONE,2,Manufacturer#3,4-NOT SPECIFIED,3,BUILDING,RAIL,5,0,18,Brand#35,6,SM CASE,22,3564,4920.4488
F,F,TAKE BACK RETURN,2,Manufacturer#4,5-LOW,4,HOUSEHOLD,MAIL,5,0.06,21,Brand#44,20,JUMBO DRUM,10,1725,66825.242
F,F,NONE,2,Manufacturer#2,5-LOW,4,HOUSEHOLD,AIR,3,0.05,8,Brand#22,20,WRAP CASE,9,1725,19205.55
F,F,TAKE BACK RETURN,0,Manufacturer#5,5-LOW,4,HOUSEHOLD,RAIL,2,0.03,16,Brand#54,20,MED CAN,20,1725,44046.25
F,F,TAKE BACK RETURN,2,Manufacturer#1,5-LOW,4,HOUSEHOLD,SHIP,1,0.01,12,Brand#11,20,JUMBO JAR,25,1725,21015.813
F,F,DELIVER IN PERSON,2,Manufacturer#4,5-LOW,0,FURNITURE,MAIL,2,0.01,8,Brand#42,5,SM BAG,21,3562,3944.28
F,F,NONE,2,Manufacturer#4,5-LOW,0,FURNITURE,TRUCK,3,0.01,12,Brand#41,5,MED BAG,6,3562,65262.5409
F,F,COLLECT COD,2,Manufacturer#5,4-NOT SPECIFIED,0,FURNITURE,RAIL,3,0.08,21,Brand#53,15,JUMBO CASE,50,861,53474.785
F,F,NONE,2,Manufacturer#5,4-NOT SPECIFIED,0,FURNITURE,RAIL,5,0.02,18,Brand#53,15,MED CAN,26,861,60677.68
F,F,DELIVER IN PERSON,2,Manufacturer#5,4-NOT SPECIFIED,0,FURNITURE,RAIL,4,0.06,18,Brand#55,15,JUMBO JAR,26,861,44868.88
F,F,NONE,1,Manufacturer#3,2-HIGH,1,FURNITURE,FOB,3,0.07,24,Brand#33,24,MED PACK,35,1382,15915.9
F,F,NONE,4,Manufacturer#5,2-HIGH,1,FURNITURE,TRUCK,7,0.05,4,Brand#51,24,WRAP DRUM,30,1382,16716.006
F,F,COLLECT COD,1,Manufacturer#1,2-HIGH,1,FURNITURE,RAIL,4,0,3,Brand#14,24,LG BAG,11,1382,56703.3984
F,F,DELIVER IN PERSON,2,Manufacturer#3,4-NOT SPECIFIED,2,BUILDING,MAIL,1,0.02,18,Brand#34,8,MED PACK,49,467,31046.76
F,F,DELIVER IN PERSON,4,Manufacturer#5,1-URGENT,4,AUTOMOBILE,REG AIR,1,0.02,4,Brand#53,11,JUMBO CASE,43,3565,18422.8044
F,F,DELIVER IN PERSON,0,Manufacturer#4,3-MEDIUM,4,MACHINERY,SHIP,5,0.03,5,Brand#45,4,JUMBO CAN,43,1849,43533.36
F,F,NONE,0,Manufacturer#5,3-MEDIUM,4,MACHINERY,SHIP,4,0.08,16,Brand#53,4,JUMBO PACK,37,1849,17648.9082
F,F,NONE,4,Manufacturer#5,1-URGENT,4,AUTOMOBILE,SHIP,3,0.01,11,Brand#55,11,JUMBO BAG,9,3565,81747.0528
F,F,COLLECT COD,4,Manufacturer#2,5-LOW,3,FURNITURE,MAIL,1,0,10,Brand#25,19,LG CASE,25,2997,42058.926
F,F,NONE,4,Manufacturer#4,1-URGENT,4,AUTOMOBILE,MAIL,4,0.04,4,Brand#44,11,JUMBO DRUM,1,3565,31416.528
F,F,NONE,3,Manufacturer#3,5-LOW,1,AUTOMOBILE,MAIL,1,0.07,6,Brand#34,24,LG DRUM,11,2312,34729.632
F,F,TAKE BACK RETURN,2,Manufacturer#4,2-HIGH,0,BUILDING,TRUCK,1,0.03,9,Brand#42,0,JUMBO BOX,30,3566,56088.06
F,F,NONE,2,Manufacturer#3,4-NOT SPECIFIED,2,MACHINERY,AIR,3,0.06,21,Brand#34,9,SM CASE,2,763,52128.3168
F,F,COLLECT COD,1,Manufacturer#3,4-NOT SPECIFIED,2,MACHINERY,REG AIR,2,0.05,24,Brand#35,9,LG JAR,14,763,4012.5216
F,F,DELIVER IN PERSON,1,Manufacturer#2,5-LOW,1,AUTOMOBILE,RAIL,4,0.05,24,Brand#21,24,LG BOX,18,2312,21470.133
F,F,COLLECT COD,1,Manufacturer#2,2-HIGH,1,BUILDING,RAIL,3,0.03,2,Brand#24,17,LG BOX,11,3567,58334.733
F,F,DELIVER IN PERSON,1,Manufacturer#1,2-HIGH,1,BUILDING,REG AIR,7,0.07,3,Brand#13,17,LG PKG,49,3567,19466.8065
F,F,TAKE BACK RETURN,0,Manufacturer#4,2-HIGH,4,FURNITURE,FOB,1,0.07,14,Brand#44,4,WRAP BOX,32,161,47699.8656
F,F,COLLECT COD,3,Manufacturer#3,1-URGENT,3,MACHINERY,FOB,3,0,23,Brand#31,19,JUMBO BOX,24,3568,24136.8256
F,F,DELIVER IN PERSON,4,Manufacturer#1,5-LOW,2,BUILDING,REG AIR,5,0.08,10,Brand#15,9,MED CASE,26,461,43651.17
F,F,COLLECT COD,0,Manufacturer#1,5-LOW,2,BUILDING,RAIL,4,0.01,0,Brand#14,9,WRAP CASE,22,461,36288.8316
F,F,NONE,3,Manufacturer#2,5-LOW,2,BUILDING,RAIL,1,0.07,19,Brand#22,9,SM BAG,10,461,51529.0046
F,F,DELIVER IN PERSON,2,Manufacturer#2,5-LOW,2,BUILDING,MAIL,2,0,21,Brand#25,9,LG JAR,38,461,27154.8396
F,F,DELIVER IN PERSON,1,Manufacturer#3,1-URGENT,0,AUTOMOBILE,RAIL,3,0.04,2,Brand#33,5,SM PKG,48,3225,28009.8912
F,F,NONE,2,Manufacturer#5,1-URGENT,0,AUTOMOBILE,MAIL,4,0.04,9,Brand#54,5,LG DRUM,8,3225,8658.45
F,F,TAKE BACK RETURN,1,Manufacturer#3,1-URGENT,0,AUTOMOBILE,TRUCK,5,0.03,17,Brand#34,5,MED CASE,25,3225,5226.748
F,F,COLLECT COD,0,Manufacturer#1,3-MEDIUM,2,MACHINERY,TRUCK,5,0.01,16,Brand#13,21,LG BOX,28,3569,12901.536
F,F,TAKE BACK RETURN,2,Manufacturer#3,1-URGENT,3,MACHINERY,SHIP,1,0.06,8,Brand#31,19,LG CASE,48,3568,8351.184
F,F,COLLECT COD,0,Manufacturer#5,1-URGENT,3,MACHINERY,SHIP,4,0.03,0,Brand#53,19,JUMBO PKG,27,3568,8779.107
F,F,TAKE BACK RETURN,4,Manufacturer#4,3-MEDIUM,2,MACHINERY,MAIL,1,0.03,13,Brand#41,18,JUMBO CAN,41,3570,30466.8
F,F,DELIVER IN PERSON,0,Manufacturer#2,3-MEDIUM,2,MACHINERY,MAIL,2,0.08,16,Brand#21,18,JUMBO JAR,44,3570,54672.4352
F,F,TAKE BACK RETURN,3,Manufacturer#5,3-MEDIUM,2,MACHINERY,RAIL,5,0.06,7,Brand#55,18,LG JAR,29,3570,42205.5018
F,F,COLLECT COD,0,Manufacturer#2,3-MEDIUM,2,MACHINERY,SHIP,6,0.08,16,Brand#25,18,JUMBO JAR,19,3570,35484.5406
F,F,NONE,2,Manufacturer#5,3-MEDIUM,2,MACHINERY,AIR,3,0.05,8,Brand#52,18,LG CAN,30,3570,40740.696
F,F,TAKE BACK RETURN,1,Manufacturer#3,4-NOT SPECIFIED,2,HOUSEHOLD,RAIL,1,0.07,24,Brand#35,18,LG JAR,14,3571,37905.5232
F,F,NONE,3,Manufacturer#5,2-HIGH,4,MACHINERY,FOB,4,0.01,23,Brand#52,11,LG CAN,36,3572,53720.32
F,F,NONE,2,Manufacturer#3,2-HIGH,4,MACHINERY,AIR,1,0.02,18,Brand#33,11,LG CASE,38,3572,1397.3994
F,F,NONE,2,Manufacturer#4,3-MEDIUM,3,BUILDING,RAIL,7,0,8,Brand#44,19,SM JAR,49,1122,36191.232
F,F,TAKE BACK RETURN,1,Manufacturer#1,3-MEDIUM,3,BUILDING,FOB,1,0.07,1,Brand#11,19,SM PACK,29,1122,65472.7073
F,F,TAKE BACK RETURN,2,Manufacturer#5,3-MEDIUM,3,BUILDING,SHIP,6,0.06,9,Brand#54,19,LG CAN,2,1122,51181.2938
F,F,COLLECT COD,0,Manufacturer#1,1-URGENT,3,AUTOMOBILE,RAIL,5,0.04,16,Brand#14,19,LG BAG,11,1919,51047.3776
F,F,DELIVER IN PERSON,0,Manufacturer#2,2-HIGH,4,BUILDING,RAIL,1,0.01,14,Brand#21,13,WRAP BOX,22,3573,31382.93
F,F,TAKE BACK RETURN,3,Manufacturer#4,5-LOW,4,MACHINERY,TRUCK,2,0.02,7,Brand#42,4,SM BAG,24,3574,18965.1
F,F,TAKE BACK RETURN,3,Manufacturer#2,5-LOW,4,MACHINERY,REG AIR,3,0.04,22,Brand#22,4,MED DRUM,35,3574,56552.0864
F,F,NONE,3,Manufacturer#2,5-LOW,4,HOUSEHOLD,TRUCK,4,0.01,22,Brand#25,4,JUMBO PKG,25,3575,54067.3344
F,F,DELIVER IN PERSON,0,Manufacturer#4,5-LOW,4,HOUSEHOLD,REG AIR,1,0.06,0,Brand#41,4,SM BAG,12,3575,12306.7756
F,F,DELIVER IN PERSON,2,Manufacturer#4,5-LOW,4,HOUSEHOLD,MAIL,7,0.03,12,Brand#43,4,SM BOX,3,3575,24282.6793
F,F,TAKE BACK RETURN,0,Manufacturer#4,5-LOW,4,HOUSEHOLD,MAIL,3,0.02,15,Brand#43,4,LG JAR,19,3575,37559.7495
F,F,COLLECT COD,0,Manufacturer#1,5-LOW,4,HOUSEHOLD,AIR,5,0.05,14,Brand#15,4,SM BAG,28,3575,7955.22
F,F,DELIVER IN PERSON,1,Manufacturer#3,2-HIGH,2,AUTOMOBILE,TRUCK,4,0.03,24,Brand#32,8,MED DRUM,9,3106,66266.2182
F,F,TAKE BACK RETURN,3,Manufacturer#1,2-HIGH,2,AUTOMOBILE,REG AIR,3,0.03,22,Brand#14,8,WRAP PACK,33,3106,55081.684
F,F,TAKE BACK RETURN,0,Manufacturer#3,1-URGENT,3,AUTOMOBILE,AIR,3,0.06,15,Brand#34,19,WRAP PACK,13,1919,17289.6675
F,F,NONE,1,Manufacturer#5,1-URGENT,3,AUTOMOBILE,FOB,6,0.02,17,Brand#53,19,SM PKG,10,1919,35441.64
F,F,NONE,4,Manufacturer#2,1-URGENT,3,AUTOMOBILE,FOB,4,0.06,4,Brand#22,19,MED DRUM,28,1919,75937.9
F,F,DELIVER IN PERSON,4,Manufacturer#5,1-URGENT,4,HOUSEHOLD,SHIP,2,0.03,4,Brand#52,20,LG JAR,11,3576,15989.1732
F,F,COLLECT COD,4,Manufacturer#3,1-URGENT,0,HOUSEHOLD,MAIL,2,0.04,4,Brand#34,15,MED PACK,23,834,38979.9072
F,F,COLLECT COD,3,Manufacturer#2,1-URGENT,0,HOUSEHOLD,SHIP,3,0.02,22,Brand#22,15,MED JAR,13,834,34003.844
F,F,TAKE BACK RETURN,4,Manufacturer#4,1-URGENT,4,FURNITURE,AIR,4,0.06,10,Brand#41,20,SM BAG,11,3577,12716.8496
F,F,NONE,1,Manufacturer#5,1-URGENT,4,FURNITURE,RAIL,2,0.02,1,Brand#52,20,WRAP CASE,46,3577,46259.1766
F,F,COLLECT COD,3,Manufacturer#3,1-URGENT,4,FURNITURE,AIR,3,0.07,7,Brand#32,20,JUMBO BOX,46,3577,22462.94
F,F,TAKE BACK RETURN,3,Manufacturer#5,1-URGENT,4,FURNITURE,AIR,6,0.08,23,Brand#53,20,LG CASE,45,3577,22212.7776
F,F,TAKE BACK RETURN,3,Manufacturer#5,1-URGENT,4,FURNITURE,RAIL,5,0.04,23,Brand#52,20,MED JAR,31,3577,40731.66
F,F,NONE,3,Manufacturer#2,2-HIGH,2,AUTOMOBILE,RAIL,6,0.02,22,Brand#25,8,JUMBO PACK,24,3578,33964.7616
F,F,COLLECT COD,0,Manufacturer#5,2-HIGH,2,AUTOMOBILE,RAIL,4,0.08,16,Brand#52,8,LG CAN,49,3578,29302.3185
F,F,COLLECT COD,1,Manufacturer#3,2-HIGH,2,AUTOMOBILE,REG AIR,3,0.01,3,Brand#31,8,WRAP JAR,39,3578,1662.348
F,F,COLLECT COD,1,Manufacturer#3,2-HIGH,2,AUTOMOBILE,RAIL,2,0.05,24,Brand#35,8,LG CAN,26,3578,58689.323
F,F,TAKE BACK RETURN,2,Manufacturer#4,2-HIGH,2,AUTOMOBILE,AIR,5,0.04,9,Brand#45,8,SM BOX,17,3578,39916.2816
F,F,COLLECT COD,3,Manufacturer#4,4-NOT SPECIFIED,4,FURNITURE,MAIL,1,0.07,22,Brand#41,11,MED DRUM,11,2680,50986.32
F,F,NONE,2,Manufacturer#4,4-NOT SPECIFIED,4,FURNITURE,MAIL,3,0.01,8,Brand#44,11,JUMBO CASE,40,2680,30265.404
F,F,COLLECT COD,1,Manufacturer#4,5-LOW,4,AUTOMOBILE,AIR,2,0.01,3,Brand#42,11,LG BAG,28,3579,47679.94
F,F,NONE,0,Manufacturer#5,5-LOW,4,AUTOMOBILE,REG AIR,1,0.03,16,Brand#52,11,WRAP CASE,17,3579,50165.2224
F,F,TAKE BACK RETURN,2,Manufacturer#3,1-URGENT,0,AUTOMOBILE,AIR,2,0.08,8,Brand#32,16,LG CASE,30,1063,18340
F,F,NONE,1,Manufacturer#2,1-URGENT,0,AUTOMOBILE,AIR,1,0,24,Brand#22,16,LG JAR,32,1063,21449.9664
F,F,DELIVER IN PERSON,4,Manufacturer#5,1-URGENT,0,AUTOMOBILE,MAIL,6,0.03,10,Brand#54,16,SM BAG,2,1063,59027.3012
F,F,TAKE BACK RETURN,0,Manufacturer#5,1-URGENT,0,AUTOMOBILE,REG AIR,3,0.03,15,Brand#52,16,SM JAR,22,1063,83883.3205
F,F,DELIVER IN PERSON,4,Manufacturer#1,1-URGENT,4,BUILDING,MAIL,4,0.03,10,Brand#12,20,MED JAR,35,3580,49442.613
F,F,DELIVER IN PERSON,4,Manufacturer#5,1-URGENT,4,BUILDING,MAIL,2,0.06,11,Brand#52,20,JUMBO JAR,47,3580,47802.3255
F,F,TAKE BACK RETURN,3,Manufacturer#3,1-URGENT,4,BUILDING,RAIL,1,0.02,22,Brand#35,20,MED PACK,9,3580,24691.92
F,F,NONE,2,Manufacturer#3,1-URGENT,0,MACHINERY,SHIP,5,0.06,8,Brand#31,14,LG BAG,48,180,45401.3505
F,F,NONE,4,Manufacturer#2,1-URGENT,0,MACHINERY,MAIL,2,0.06,4,Brand#25,14,JUMBO DRUM,16,180,16255.2936
F,F,DELIVER IN PERSON,1,Manufacturer#4,5-LOW,4,HOUSEHOLD,MAIL,2,0.04,24,Brand#42,20,WRAP BAG,4,1996,51351.9552
F,F,NONE,2,Manufacturer#1,3-MEDIUM,2,MACHINERY,FOB,4,0.02,8,Brand#12,12,LG CAN,6,3581,76761
F,F,DELIVER IN PERSON,0,Manufacturer#3,3-MEDIUM,2,MACHINERY,REG AIR,2,0.08,14,Brand#32,12,MED DRUM,10,3581,66679.2
F,F,DELIVER IN PERSON,2,Manufacturer#3,3-MEDIUM,2,MACHINERY,AIR,5,0.07,18,Brand#33,12,LG CASE,38,3581,30742.7868
F,F,NONE,0,Manufacturer#5,3-MEDIUM,2,MACHINERY,SHIP,1,0.05,15,Brand#52,12,LG BOX,21,3581,50854.0032
F,F,COLLECT COD,2,Manufacturer#4,3-MEDIUM,2,MACHINERY,AIR,3,0,21,Brand#42,12,JUMBO DRUM,38,3581,10948.2576
F,F,NONE,0,Manufacturer#4,3-MEDIUM,0,HOUSEHOLD,REG AIR,2,0.06,16,Brand#41,14,LG PKG,4,436,1940.4112
F,F,TAKE BACK RETURN,3,Manufacturer#2,3-MEDIUM,0,HOUSEHOLD,REG AIR,3,0.03,6,Brand#25,14,SM DRUM,38,436,39144.655
F,F,NONE,2,Manufacturer#4,1-URGENT,1,AUTOMOBILE,AIR,7,0.02,21,Brand#43,24,SM BOX,12,3582,1317.5414
F,F,TAKE BACK RETURN,4,Manufacturer#1,1-URGENT,1,AUTOMOBILE,SHIP,5,0.01,4,Brand#13,24,MED CASE,24,3582,53789
F,F,COLLECT COD,0,Manufacturer#3,1-URGENT,1,AUTOMOBILE,SHIP,3,0.01,16,Brand#34,24,LG DRUM,50,3582,42725.6775
F,F,TAKE BACK RETURN,2,Manufacturer#4,4-NOT SPECIFIED,4,AUTOMOBILE,RAIL,3,0.06,8,Brand#41,4,WRAP PKG,18,3583,15008.616
F,F,NONE,2,Manufacturer#3,4-NOT SPECIFIED,4,AUTOMOBILE,SHIP,2,0.04,18,Brand#32,4,WRAP DRUM,46,3583,53016.4416
F,F,NONE,2,Manufacturer#1,4-NOT SPECIFIED,4,AUTOMOBILE,AIR,1,0.07,8,Brand#12,4,MED PACK,48,3583,55754.69
F,F,TAKE BACK RETURN,4,Manufacturer#3,2-HIGH,4,MACHINERY,REG AIR,4,0,20,Brand#33,13,MED JAR,39,3584,10697.2272
F,F,TAKE BACK RETURN,4,Manufacturer#4,2-HIGH,4,MACHINERY,FOB,3,0.02,20,Brand#41,13,WRAP PKG,38,3584,50825.4368
F,F,COLLECT COD,4,Manufacturer#1,3-MEDIUM,3,AUTOMOBILE,RAIL,4,0.08,11,Brand#12,19,JUMBO CAN,17,3585,14455.776
F,F,COLLECT COD,4,Manufacturer#3,3-MEDIUM,3,AUTOMOBILE,AIR,1,0.08,4,Brand#33,19,WRAP BAG,18,3585,35573.2356
F,F,NONE,2,Manufacturer#5,3-MEDIUM,3,AUTOMOBILE,RAIL,2,0.08,12,Brand#52,19,LG BAG,38,3585,8087.013
F,F,NONE,2,Manufacturer#5,4-NOT SPECIFIED,2,BUILDING,REG AIR,2,0.04,18,Brand#51,21,LG CAN,2,2851,55051.1472
F,F,DELIVER IN PERSON,4,Manufacturer#5,4-NOT SPECIFIED,2,BUILDING,SHIP,7,0.03,4,Brand#53,21,LG CASE,29,2851,28853.4528
F,F,TAKE BACK RETURN,3,Manufacturer#3,4-NOT SPECIFIED,2,BUILDING,RAIL,6,0,23,Brand#35,21,JUMBO CAN,5,2851,56398.9932
F,F,DELIVER IN PERSON,1,Manufacturer#1,4-NOT SPECIFIED,2,BUILDING,REG AIR,3,0.02,3,Brand#14,21,SM JAR,33,2851,5397.72
F,F,NONE,4,Manufacturer#1,1-URGENT,1,FURNITURE,RAIL,4,0.03,13,Brand#12,2,MED JAR,2,3586,50115.0342
F,F,DELIVER IN PERSON,0,Manufacturer#3,1-URGENT,1,FURNITURE,RAIL,3,0.01,0,Brand#34,2,JUMBO CASE,14,3586,5789.238
F,F,TAKE BACK RETURN,1,Manufacturer#1,1-URGENT,1,FURNITURE,FOB,1,0.03,2,Brand#13,2,JUMBO CASE,19,3586,29039.232
F,F,TAKE BACK RETURN,4,Manufacturer#3,5-LOW,4,HOUSEHOLD,MAIL,3,0.03,4,Brand#33,20,SM BOX,42,1996,47206.5412
F,F,COLLECT COD,2,Manufacturer#4,1-URGENT,4,BUILDING,RAIL,5,0.08,9,Brand#43,11,LG JAR,23,3587,50555.6964
F,F,NONE,3,Manufacturer#4,1-URGENT,3,MACHINERY,AIR,4,0.04,19,Brand#43,7,MED PACK,22,2533,6957.132
F,F,COLLECT COD,3,Manufacturer#4,1-URGENT,3,MACHINERY,TRUCK,1,0.08,23,Brand#44,7,MED DRUM,21,2533,58979.928
F,F,NONE,4,Manufacturer#2,1-URGENT,3,MACHINERY,AIR,6,0.06,20,Brand#21,7,LG CASE,32,2533,43309.782
F,F,TAKE BACK RETURN,0,Manufacturer#4,1-URGENT,3,MACHINERY,AIR,5,0.07,5,Brand#41,7,LG PACK,7,2533,71127.675
F,F,TAKE BACK RETURN,3,Manufacturer#2,1-URGENT,3,MACHINERY,SHIP,3,0,22,Brand#22,7,LG PKG,5,2533,25995.9444
F,F,DELIVER IN PERSON,4,Manufacturer#4,1-URGENT,3,MACHINERY,SHIP,2,0.06,13,Brand#42,7,WRAP CAN,37,2533,26775.0176
F,F,COLLECT COD,1,Manufacturer#3,1-URGENT,4,BUILDING,FOB,7,0.01,1,Brand#35,11,SM CASE,36,3587,56682.2256
F,F,TAKE BACK RETURN,4,Manufacturer#1,1-URGENT,3,FURNITURE,SHIP,3,0.05,10,Brand#15,19,MED BAG,28,3588,47181.8893
F,F,COLLECT COD,3,Manufacturer#4,1-URGENT,3,FURNITURE,FOB,2,0.03,22,Brand#42,19,LG DRUM,39,3588,42359.499
F,F,NONE,4,Manufacturer#4,3-MEDIUM,4,HOUSEHOLD,SHIP,6,0.08,11,Brand#45,20,JUMBO BOX,6,1657,43389.99
F,F,COLLECT COD,0,Manufacturer#5,1-URGENT,4,HOUSEHOLD,SHIP,1,0.01,15,Brand#55,13,LG CAN,17,3589,22252.5072
F,F,DELIVER IN PERSON,4,Manufacturer#5,1-URGENT,4,HOUSEHOLD,TRUCK,2,0.02,20,Brand#51,13,SM DRUM,7,3589,33321.7008
F,F,NONE,4,Manufacturer#5,1-URGENT,0,FURNITURE,AIR,2,0.02,10,Brand#53,16,MED JAR,12,933,32589.0292
F,F,TAKE BACK RETURN,4,Manufacturer#1,4-NOT SPECIFIED,3,BUILDING,SHIP,5,0.08,13,Brand#12,19,SM PKG,47,2635,55086.009
F,F,NONE,3,Manufacturer#3,4-NOT SPECIFIED,3,BUILDING,MAIL,4,0.02,22,Brand#34,19,SM BAG,21,2635,938.9376
F,F,TAKE BACK RETURN,1,Manufacturer#1,4-NOT SPECIFIED,3,BUILDING,REG AIR,2,0.02,1,Brand#14,19,LG CAN,47,2635,48974.0251
F,F,DELIVER IN PERSON,3,Manufacturer#3,4-NOT SPECIFIED,3,BUILDING,MAIL,6,0,7,Brand#35,19,WRAP CASE,47,2635,57931.23
F,F,TAKE BACK RETURN,3,Manufacturer#5,2-HIGH,2,AUTOMOBILE,SHIP,5,0,19,Brand#51,9,SM PKG,5,3590,45285.534
F,F,COLLECT COD,3,Manufacturer#5,2-HIGH,2,AUTOMOBILE,SHIP,6,0.06,22,Brand#55,9,SM JAR,11,3590,11303.1828
F,F,TAKE BACK RETURN,3,Manufacturer#3,2-HIGH,2,AUTOMOBILE,TRUCK,1,0.03,6,Brand#35,9,SM BOX,17,3590,33329.097
F,F,NONE,0,Manufacturer#2,2-HIGH,2,AUTOMOBILE,MAIL,2,0.07,0,Brand#22,9,MED JAR,20,3590,35194.3488
F,F,TAKE BACK RETURN,1,Manufacturer#4,2-HIGH,2,AUTOMOBILE,AIR,3,0.03,1,Brand#44,9,WRAP DRUM,45,3590,5290.8492
F,F,DELIVER IN PERSON,4,Manufacturer#3,1-URGENT,2,HOUSEHOLD,FOB,3,0.01,10,Brand#33,9,MED PKG,38,3591,47531.484
F,F,TAKE BACK RETURN,4,Manufacturer#1,1-URGENT,2,HOUSEHOLD,RAIL,2,0.03,20,Brand#12,9,JUMBO CASE,6,3591,15811.6352
F,F,COLLECT COD,2,Manufacturer#5,1-URGENT,2,HOUSEHOLD,MAIL,1,0.08,12,Brand#55,9,MED DRUM,38,3591,12424.048
F,F,COLLECT COD,0,Manufacturer#4,3-MEDIUM,4,HOUSEHOLD,REG AIR,2,0.03,15,Brand#43,20,JUMBO BOX,48,1657,62019.594
F,F,TAKE BACK RETURN,4,Manufacturer#4,4-NOT SPECIFIED,4,MACHINERY,SHIP,2,0.01,20,Brand#44,4,JUMBO DRUM,27,3592,17725.9488
F,F,NONE,2,Manufacturer#5,1-URGENT,0,MACHINERY,SHIP,6,0.01,12,Brand#51,16,SM BAG,28,3593,36050.154
F,F,TAKE BACK RETURN,0,Manufacturer#3,1-URGENT,0,MACHINERY,FOB,3,0,16,Brand#33,16,MED PACK,35,3593,2399.628
F,F,TAKE BACK RETURN,3,Manufacturer#3,4-NOT SPECIFIED,1,AUTOMOBILE,RAIL,1,0.07,19,Brand#32,1,JUMBO JAR,16,3594,28282.3628
F,F,TAKE BACK RETURN,2,Manufacturer#1,3-MEDIUM,0,AUTOMOBILE,RAIL,2,0.04,18,Brand#14,15,SM CASE,6,3595,34858.5111
F,F,NONE,0,Manufacturer#1,3-MEDIUM,0,AUTOMOBILE,TRUCK,3,0.01,14,Brand#14,15,LG JAR,22,3595,3161.4066
F,F,COLLECT COD,2,Manufacturer#3,3-MEDIUM,3,MACHINERY,SHIP,2,0.08,9,Brand#32,23,WRAP CASE,21,3596,57763.7088
F,F,TAKE BACK RETURN,3,Manufacturer#1,3-MEDIUM,3,MACHINERY,SHIP,1,0.04,23,Brand#13,23,WRAP CASE,43,3596,6650.9136
F,F,NONE,4,Manufacturer#2,1-URGENT,4,FURNITURE,RAIL,2,0.03,11,Brand#22,4,SM PACK,37,3597,2862.3592
F,F,NONE,1,Manufacturer#3,1-URGENT,2,MACHINERY,TRUCK,1,0.03,2,Brand#32,18,LG JAR,42,3598,18553.272
F,F,NONE,1,Manufacturer#4,4-NOT SPECIFIED,1,HOUSEHOLD,SHIP,7,0.07,2,Brand#42,3,WRAP BAG,50,3599,37220.832
F,F,DELIVER IN PERSON,1,Manufacturer#1,4-NOT SPECIFIED,1,HOUSEHOLD,TRUCK,1,0.04,2,Brand#14,3,WRAP JAR,19,3599,30073.68
F,F,COLLECT COD,2,Manufacturer#3,4-NOT SPECIFIED,1,HOUSEHOLD,RAIL,3,0.07,12,Brand#33,3,WRAP DRUM,15,3599,12391.1389
F,F,TAKE BACK RETURN,4,Manufacturer#4,1-URGENT,0,FURNITURE,AIR,2,0.08,11,Brand#41,5,LG BAG,7,2944,24981.68
F,F,COLLECT COD,3,Manufacturer#5,4-NOT SPECIFIED,3,AUTOMOBILE,TRUCK,2,0.01,23,Brand#53,7,LG PACK,13,3600,45434.0838
F,F,TAKE BACK RETURN,1,Manufacturer#2,5-LOW,2,MACHINERY,MAIL,2,0.05,3,Brand#24,12,LG CASE,36,2911,37776.456
F,F,DELIVER IN PERSON,0,Manufacturer#5,4-NOT SPECIFIED,3,AUTOMOBILE,SHIP,7,0.04,0,Brand#53,7,MED PACK,47,3600,39324.054
F,F,TAKE BACK RETURN,0,Manufacturer#5,4-NOT SPECIFIED,3,AUTOMOBILE,AIR,1,0.07,15,Brand#51,7,JUMBO CAN,49,3600,19548.334
F,F,TAKE BACK RETURN,1,Manufacturer#4,4-NOT SPECIFIED,3,AUTOMOBILE,RAIL,3,0.02,24,Brand#44,7,WRAP CASE,2,3600,50728.416
F,F,NONE,1,Manufacturer#4,3-MEDIUM,0,BUILDING,MAIL,5,0.02,2,Brand#41,5,SM DRUM,40,3601,36549.414
F,F,NONE,4,Manufacturer#5,3-MEDIUM,0,BUILDING,AIR,3,0.04,13,Brand#53,5,JUMBO BOX,31,3601,32895.0531
F,F,COLLECT COD,0,Manufacturer#4,3-MEDIUM,0,BUILDING,SHIP,1,0.06,14,Brand#41,5,WRAP CASE,49,3601,29034.4704
F,F,TAKE BACK RETURN,0,Manufacturer#5,3-MEDIUM,0,BUILDING,REG AIR,6,0.02,15,Brand#55,5,MED BAG,49,3601,66517.794
F,F,NONE,3,Manufacturer#1,2-HIGH,3,MACHINERY,TRUCK,3,0,6,Brand#15,22,MED JAR,37,2124,21181.4568
F,F,TAKE BACK RETURN,4,Manufacturer#5,2-HIGH,3,MACHINERY,TRUCK,4,0,13,Brand#51,22,WRAP CAN,41,2124,35559.8334
F,F,COLLECT COD,2,Manufacturer#2,2-HIGH,3,MACHINERY,REG AIR,5,0.04,9,Brand#21,22,LG BOX,31,2124,63507.348
F,F,NONE,2,Manufacturer#2,2-HIGH,3,MACHINERY,REG AIR,1,0.07,8,Brand#22,22,MED DRUM,48,2124,30486.5197
F,F,COLLECT COD,4,Manufacturer#1,5-LOW,4,AUTOMOBILE,REG AIR,5,0,11,Brand#11,4,LG PKG,14,3602,57329.2504
F,F,COLLECT COD,3,Manufacturer#2,5-LOW,4,HOUSEHOLD,RAIL,1,0.01,22,Brand#25,11,SM BAG,28,3603,33398.96
F,F,COLLECT COD,4,Manufacturer#5,1-URGENT,2,HOUSEHOLD,RAIL,2,0.04,11,Brand#55,9,MED DRUM,49,1023,35582.4216
F,F,COLLECT COD,2,Manufacturer#2,1-URGENT,2,HOUSEHOLD,RAIL,6,0.03,8,Brand#24,9,JUMBO CAN,6,1023,58509.36
F,F,TAKE BACK RETURN,1,Manufacturer#1,1-URGENT,2,HOUSEHOLD,TRUCK,1,0.08,3,Brand#12,9,MED BAG,11,1023,16904.965
F,F,COLLECT COD,3,Manufacturer#2,1-URGENT,2,HOUSEHOLD,FOB,4,0.08,6,Brand#24,9,JUMBO BAG,20,1023,1814.4576
F,F,NONE,2,Manufacturer#2,1-URGENT,0,MACHINERY,FOB,1,0.04,12,Brand#23,5,LG CAN,2,3604,26968.733
F,F,NONE,3,Manufacturer#2,1-URGENT,0,MACHINERY,TRUCK,2,0,22,Brand#21,5,JUMBO BAG,16,3604,77051.106
F,F,DELIVER IN PERSON,2,Manufacturer#1,1-URGENT,0,MACHINERY,AIR,4,0.05,18,Brand#12,5,JUMBO PKG,14,3604,28899.9256
F,F,TAKE BACK RETURN,0,Manufacturer#4,1-URGENT,0,MACHINERY,AIR,5,0.05,14,Brand#44,5,MED PKG,7,3604,37750.872
F,F,COLLECT COD,4,Manufacturer#5,2-HIGH,4,HOUSEHOLD,REG AIR,1,0,11,Brand#53,4,LG CASE,8,3605,52033.8448
F,F,COLLECT COD,1,Manufacturer#3,4-NOT SPECIFIED,0,MACHINERY,AIR,1,0.02,2,Brand#35,16,LG BOX,34,3606,57477.8918
F,F,DELIVER IN PERSON,3,Manufacturer#4,5-LOW,4,AUTOMOBILE,REG AIR,1,0.06,7,Brand#43,4,SM CAN,38,3602,10683.4959
F,F,NONE,0,Manufacturer#2,5-LOW,4,AUTOMOBILE,AIR,2,0.08,14,Brand#25,4,LG BAG,39,3602,2764.6164
F,F,NONE,0,Manufacturer#3,1-URGENT,3,HOUSEHOLD,TRUCK,1,0.05,0,Brand#32,6,LG BAG,18,3607,57443.925
F,F,NONE,0,Manufacturer#4,4-NOT SPECIFIED,1,FURNITURE,REG AIR,2,0.06,0,Brand#44,2,LG PACK,39,3608,12916.908
F,F,COLLECT COD,4,Manufacturer#1,4-NOT SPECIFIED,1,FURNITURE,RAIL,1,0.02,4,Brand#11,2,MED CAN,1,3608,71527.401
F,F,COLLECT COD,0,Manufacturer#2,5-LOW,4,MACHINERY,AIR,1,0.08,0,Brand#21,13,MED CAN,44,3609,1198.2825
F,F,COLLECT COD,2,Manufacturer#4,5-LOW,4,MACHINERY,FOB,2,0.03,21,Brand#41,13,SM BOX,28,3609,44356.1184
F,F,DELIVER IN PERSON,2,Manufacturer#5,5-LOW,2,HOUSEHOLD,REG AIR,1,0.07,8,Brand#52,12,LG CASE,5,998,34046.1408
F,F,NONE,0,Manufacturer#3,5-LOW,2,HOUSEHOLD,SHIP,4,0.06,16,Brand#32,12,MED BOX,8,998,17186.4336
F,F,TAKE BACK RETURN,2,Manufacturer#5,5-LOW,2,HOUSEHOLD,FOB,5,0.06,8,Brand#55,12,SM DRUM,19,998,1163.1928
F,F,DELIVER IN PERSON,4,Manufacturer#1,3-MEDIUM,2,MACHINERY,SHIP,5,0.07,4,Brand#14,18,WRAP CASE,8,3610,22812.12
F,F,TAKE BACK RETURN,4,Manufacturer#1,3-MEDIUM,2,MACHINERY,SHIP,1,0.01,11,Brand#15,18,MED PACK,48,3610,34358.301
F,F,COLLECT COD,0,Manufacturer#5,3-MEDIUM,2,MACHINERY,AIR,4,0.01,0,Brand#53,18,MED BOX,49,3610,29645.98
F,F,TAKE BACK RETURN,2,Manufacturer#2,3-MEDIUM,3,AUTOMOBILE,TRUCK,6,0.02,12,Brand#21,19,WRAP PKG,16,3611,62369.6238
F,F,NONE,2,Manufacturer#2,5-LOW,1,MACHINERY,AIR,3,0.01,21,Brand#24,2,WRAP BAG,8,2853,28185.0816
F,F,COLLECT COD,1,Manufacturer#1,5-LOW,1,FURNITURE,TRUCK,1,0,1,Brand#15,3,SM CASE,2,3612,48702.7912
F,F,NONE,2,Manufacturer#1,3-MEDIUM,0,MACHINERY,AIR,4,0.02,18,Brand#12,5,JUMBO JAR,19,3613,30328.5892
F,F,TAKE BACK RETURN,3,Manufacturer#3,3-MEDIUM,0,MACHINERY,REG AIR,2,0.02,7,Brand#31,5,WRAP DRUM,5,3613,44548.2912
F,F,TAKE BACK RETURN,2,Manufacturer#4,5-LOW,3,FURNITURE,SHIP,4,0.05,9,Brand#45,7,SM BOX,12,3016,46967.5296
F,F,DELIVER IN PERSON,2,Manufacturer#4,3-MEDIUM,3,MACHINERY,RAIL,6,0.03,9,Brand#41,6,JUMBO CASE,29,716,42993.825
F,F,DELIVER IN PERSON,2,Manufacturer#2,3-MEDIUM,3,MACHINERY,SHIP,4,0.04,9,Brand#21,6,WRAP CAN,10,716,68863.7045
F,F,COLLECT COD,0,Manufacturer#5,3-MEDIUM,3,MACHINERY,TRUCK,5,0.02,14,Brand#53,6,SM PKG,40,716,26301.2022
F,F,TAKE BACK RETURN,2,Manufacturer#4,5-LOW,3,FURNITURE,TRUCK,1,0.04,9,Brand#45,7,MED JAR,35,3016,6611.354
F,F,TAKE BACK RETURN,2,Manufacturer#1,5-LOW,3,FURNITURE,TRUCK,3,0,12,Brand#11,7,JUMBO PACK,9,3016,45960.3882
F,F,TAKE BACK RETURN,0,Manufacturer#3,4-NOT SPECIFIED,4,MACHINERY,SHIP,1,0.04,0,Brand#35,4,SM JAR,23,3614,56401.7832
F,F,TAKE BACK RETURN,0,Manufacturer#4,4-NOT SPECIFIED,3,MACHINERY,MAIL,1,0.01,0,Brand#41,22,WRAP BAG,8,3615,8496.27
F,F,DELIVER IN PERSON,1,Manufacturer#5,2-HIGH,2,BUILDING,REG AIR,1,0.08,2,Brand#52,8,WRAP BOX,14,3616,58004.7594
F,F,COLLECT COD,2,Manufacturer#4,4-NOT SPECIFIED,0,FURNITURE,MAIL,3,0.06,12,Brand#42,5,MED PACK,24,3617,85791.16
F,F,DELIVER IN PERSON,2,Manufacturer#4,4-NOT SPECIFIED,0,FURNITURE,SHIP,4,0.06,18,Brand#45,5,WRAP PACK,32,3617,35547.984
F,F,TAKE BACK RETURN,4,Manufacturer#1,3-MEDIUM,3,AUTOMOBILE,TRUCK,5,0,10,Brand#15,22,MED CASE,9,3618,15687.3717
F,F,NONE,4,Manufacturer#1,3-MEDIUM,3,AUTOMOBILE,TRUCK,1,0.05,20,Brand#11,22,JUMBO PKG,43,3618,38522.484
F,F,DELIVER IN PERSON,3,Manufacturer#5,3-MEDIUM,4,FURNITURE,TRUCK,2,0.01,23,Brand#54,4,SM BAG,27,3619,28987.2
F,F,COLLECT COD,1,Manufacturer#1,3-MEDIUM,2,BUILDING,MAIL,5,0.01,24,Brand#15,12,SM BOX,15,3620,37928.709
F,F,NONE,2,Manufacturer#1,3-MEDIUM,2,BUILDING,RAIL,4,0.01,18,Brand#11,12,SM CAN,29,3620,1819.9528
F,F,TAKE BACK RETURN,4,Manufacturer#2,3-MEDIUM,3,BUILDING,REG AIR,3,0.08,20,Brand#22,19,LG PACK,40,846,14292.4704
F,F,TAKE BACK RETURN,2,Manufacturer#5,1-URGENT,4,HOUSEHOLD,RAIL,1,0.04,21,Brand#55,11,SM CASE,11,3621,50920.6384
F,F,TAKE BACK RETURN,4,Manufacturer#3,2-HIGH,4,FURNITURE,REG AIR,1,0.07,10,Brand#34,11,MED JAR,12,3017,6928.2276
F,F,TAKE BACK RETURN,0,Manufacturer#2,1-URGENT,4,MACHINERY,FOB,3,0.06,5,Brand#24,11,SM BAG,18,3622,71175.6
F,F,COLLECT COD,2,Manufacturer#1,1-URGENT,4,MACHINERY,MAIL,2,0.01,8,Brand#11,11,JUMBO PKG,7,3622,4288.1202
F,F,DELIVER IN PERSON,0,Manufacturer#2,4-NOT SPECIFIED,3,HOUSEHOLD,MAIL,6,0,14,Brand#22,6,SM JAR,9,3623,36084.3252
F,F,NONE,2,Manufacturer#3,4-NOT SPECIFIED,3,HOUSEHOLD,REG AIR,3,0.04,18,Brand#31,6,JUMBO JAR,30,3623,4934.22
F,F,NONE,0,Manufacturer#5,4-NOT SPECIFIED,3,HOUSEHOLD,RAIL,2,0.07,16,Brand#55,6,SM BOX,7,3623,53773.1766
F,F,TAKE BACK RETURN,4,Manufacturer#4,4-NOT SPECIFIED,3,HOUSEHOLD,SHIP,1,0.01,4,Brand#42,6,JUMBO PKG,27,3623,30964.2333
F,F,DELIVER IN PERSON,0,Manufacturer#4,2-HIGH,0,BUILDING,FOB,1,0.02,16,Brand#41,0,SM DRUM,37,2936,23859.08
F,F,COLLECT COD,3,Manufacturer#4,3-MEDIUM,4,HOUSEHOLD,MAIL,4,0.02,7,Brand#44,4,WRAP BOX,4,3624,80069.2893
F,F,DELIVER IN PERSON,3,Manufacturer#5,3-MEDIUM,4,HOUSEHOLD,REG AIR,3,0.06,7,Brand#51,4,LG CASE,2,3624,13464.7353
F,F,COLLECT COD,2,Manufacturer#5,3-MEDIUM,4,HOUSEHOLD,REG AIR,1,0.05,12,Brand#52,4,JUMBO DRUM,14,3624,16298.6544
F,F,NONE,3,Manufacturer#1,3-MEDIUM,4,HOUSEHOLD,AIR,2,0.07,6,Brand#15,4,SM BAG,6,3624,40160.596
F,F,NONE,1,Manufacturer#3,3-MEDIUM,4,HOUSEHOLD,SHIP,6,0.03,17,Brand#34,4,MED DRUM,19,3624,56613.3592
F,F,NONE,4,Manufacturer#5,5-LOW,1,AUTOMOBILE,TRUCK,4,0.06,10,Brand#54,17,MED PKG,5,3336,8860.5152
F,F,COLLECT COD,0,Manufacturer#5,1-URGENT,0,MACHINERY,REG AIR,1,0.06,14,Brand#52,5,JUMBO CASE,2,3625,21776.3784
F,F,NONE,4,Manufacturer#2,2-HIGH,4,AUTOMOBILE,MAIL,1,0.04,13,Brand#25,20,MED PKG,6,2560,40513.7916
F,F,COLLECT COD,1,Manufacturer#1,1-URGENT,0,HOUSEHOLD,TRUCK,7,0,1,Brand#11,15,SM BOX,37,569,6596.025
F,F,COLLECT COD,3,Manufacturer#2,1-URGENT,0,HOUSEHOLD,FOB,5,0.06,7,Brand#21,15,MED CAN,31,569,22454.67
F,F,COLLECT COD,1,Manufacturer#4,1-URGENT,0,HOUSEHOLD,TRUCK,1,0.03,17,Brand#43,15,MED PKG,45,569,10676.43
F,F,TAKE BACK RETURN,2,Manufacturer#4,4-NOT SPECIFIED,0,MACHINERY,SHIP,3,0.01,18,Brand#43,16,WRAP CASE,48,3626,6147.532
F,F,TAKE BACK RETURN,1,Manufacturer#5,4-NOT SPECIFIED,0,MACHINERY,RAIL,1,0.04,2,Brand#54,16,JUMBO DRUM,34,3626,25509.156
F,F,COLLECT COD,0,Manufacturer#4,4-NOT SPECIFIED,0,MACHINERY,MAIL,2,0.03,15,Brand#43,16,SM PACK,4,3626,61336.584
F,F,COLLECT COD,1,Manufacturer#4,3-MEDIUM,3,FURNITURE,REG AIR,2,0.06,3,Brand#42,19,WRAP JAR,12,3627,31824.68
F,F,TAKE BACK RETURN,4,Manufacturer#1,3-MEDIUM,3,FURNITURE,SHIP,4,0.05,4,Brand#12,19,MED CASE,43,3627,35720.0019
F,F,TAKE BACK RETURN,3,Manufacturer#2,3-MEDIUM,3,FURNITURE,RAIL,5,0.03,22,Brand#24,19,LG BAG,19,3627,29085.4746
F,F,TAKE BACK RETURN,1,Manufacturer#4,3-MEDIUM,3,FURNITURE,REG AIR,6,0.04,24,Brand#42,19,WRAP JAR,27,3627,84500.83
F,F,DELIVER IN PERSON,4,Manufacturer#4,3-MEDIUM,3,FURNITURE,AIR,3,0.07,11,Brand#41,19,LG PACK,10,3627,29770.0227
F,F,NONE,1,Manufacturer#2,1-URGENT,0,BUILDING,RAIL,4,0.04,3,Brand#23,5,SM CASE,37,3628,3725.9796
F,F,COLLECT COD,2,Manufacturer#4,1-URGENT,4,HOUSEHOLD,FOB,1,0.02,18,Brand#44,10,WRAP BOX,19,3427,14143.948
F,F,TAKE BACK RETURN,1,Manufacturer#2,2-HIGH,3,AUTOMOBILE,RAIL,1,0,2,Brand#22,7,MED PACK,50,3629,12714.5592
F,F,COLLECT COD,1,Manufacturer#3,5-LOW,2,BUILDING,REG AIR,4,0.05,1,Brand#34,9,MED PKG,14,3630,35796.411
F,F,NONE,2,Manufacturer#3,5-LOW,2,BUILDING,FOB,2,0.01,18,Brand#34,9,SM BAG,29,3630,19901.4816
F,F,NONE,2,Manufacturer#4,4-NOT SPECIFIED,0,AUTOMOBILE,FOB,2,0.06,21,Brand#44,15,WRAP CASE,34,3631,31157.5572
F,F,NONE,4,Manufacturer#2,4-NOT SPECIFIED,0,AUTOMOBILE,MAIL,1,0.02,4,Brand#23,15,SM BOX,16,3631,10647.2912
F,F,NONE,4,Manufacturer#3,4-NOT SPECIFIED,0,AUTOMOBILE,MAIL,4,0.01,4,Brand#35,15,JUMBO DRUM,15,3631,64347.192
F,F,NONE,4,Manufacturer#2,5-LOW,4,AUTOMOBILE,TRUCK,1,0,11,Brand#25,4,WRAP CAN,4,3632,70830.48
F,F,NONE,3,Manufacturer#3,5-LOW,4,AUTOMOBILE,MAIL,7,0.05,7,Brand#31,4,WRAP PKG,5,3632,59614.08
F,F,DELIVER IN PERSON,2,Manufacturer#5,1-URGENT,1,BUILDING,MAIL,2,0.07,12,Brand#53,1,SM PKG,14,2020,18848.5209
F,F,TAKE BACK RETURN,0,Manufacturer#5,1-URGENT,1,BUILDING,SHIP,3,0.08,5,Brand#54,1,SM DRUM,29,2020,33929.64
F,F,TAKE BACK RETURN,3,Manufacturer#1,1-URGENT,1,BUILDING,RAIL,1,0.07,22,Brand#11,1,LG DRUM,23,2020,49187.4834
F,F,TAKE BACK RETURN,2,Manufacturer#5,1-URGENT,4,FURNITURE,TRUCK,3,0.05,8,Brand#53,13,MED JAR,36,789,18148.2574
F,F,NONE,1,Manufacturer#5,1-URGENT,4,FURNITURE,RAIL,6,0.07,24,Brand#53,13,MED CASE,50,789,9137.2545
F,F,COLLECT COD,0,Manufacturer#4,1-URGENT,4,FURNITURE,AIR,5,0.02,0,Brand#43,13,MED PACK,6,789,10479.4144
F,F,TAKE BACK RETURN,2,Manufacturer#4,1-URGENT,4,FURNITURE,TRUCK,4,0,21,Brand#41,13,LG PACK,18,789,41656.65
F,F,NONE,3,Manufacturer#4,1-URGENT,0,MACHINERY,TRUCK,5,0.02,23,Brand#41,14,MED PKG,22,2799,40673.724
F,F,NONE,2,Manufacturer#2,1-URGENT,0,MACHINERY,FOB,4,0.06,21,Brand#25,14,JUMBO CAN,26,2799,20240.505
F,F,DELIVER IN PERSON,2,Manufacturer#1,1-URGENT,0,MACHINERY,AIR,6,0.05,21,Brand#14,14,LG PACK,26,2799,9979.416
F,F,DELIVER IN PERSON,4,Manufacturer#2,1-URGENT,0,MACHINERY,MAIL,2,0.05,11,Brand#22,14,SM DRUM,26,2799,29856.6036
F,F,COLLECT COD,0,Manufacturer#2,4-NOT SPECIFIED,4,AUTOMOBILE,SHIP,3,0.03,16,Brand#24,13,SM JAR,5,3633,12447.0788
F,F,COLLECT COD,0,Manufacturer#4,4-NOT SPECIFIED,4,AUTOMOBILE,SHIP,2,0,15,Brand#42,13,WRAP BAG,28,3633,14568.7815
F,F,DELIVER IN PERSON,3,Manufacturer#4,1-URGENT,0,MACHINERY,TRUCK,1,0.03,23,Brand#44,0,SM PKG,11,2314,18724.1428
F,F,DELIVER IN PERSON,0,Manufacturer#5,5-LOW,2,FURNITURE,REG AIR,2,0.01,16,Brand#53,9,WRAP CASE,29,3634,16804.911
F,F,NONE,4,Manufacturer#1,5-LOW,2,FURNITURE,AIR,3,0.04,11,Brand#14,9,SM CAN,38,3634,43114.1376
F,F,COLLECT COD,1,Manufacturer#2,2-HIGH,3,AUTOMOBILE,AIR,4,0.03,24,Brand#23,19,WRAP JAR,47,1099,12909.094
F,F,TAKE BACK RETURN,0,Manufacturer#3,2-HIGH,0,MACHINERY,SHIP,1,0.04,16,Brand#35,5,JUMBO CASE,46,3635,57071.378
F,F,TAKE BACK RETURN,2,Manufacturer#2,2-HIGH,1,HOUSEHOLD,MAIL,1,0.08,9,Brand#21,2,JUMBO CASE,4,267,46080.72
F,F,TAKE BACK RETURN,4,Manufacturer#1,3-MEDIUM,0,HOUSEHOLD,TRUCK,3,0.06,11,Brand#12,15,SM CAN,16,3636,59951.304
F,F,TAKE BACK RETURN,2,Manufacturer#3,3-MEDIUM,0,HOUSEHOLD,RAIL,2,0.07,18,Brand#32,15,WRAP BOX,42,3636,24606.2
F,F,TAKE BACK RETURN,1,Manufacturer#3,2-HIGH,1,HOUSEHOLD,SHIP,3,0,24,Brand#35,2,MED DRUM,12,267,33133.1091
F,F,TAKE BACK RETURN,2,Manufacturer#1,5-LOW,4,MACHINERY,TRUCK,1,0,21,Brand#15,11,WRAP BAG,5,2550,21541.1031
F,F,DELIVER IN PERSON,1,Manufacturer#3,5-LOW,4,FURNITURE,AIR,1,0,2,Brand#34,10,LG PACK,38,3637,79029.748
F,F,COLLECT COD,0,Manufacturer#2,1-URGENT,0,AUTOMOBILE,AIR,3,0.02,15,Brand#21,15,MED PKG,48,3261,6378.696
F,F,COLLECT COD,2,Manufacturer#1,1-URGENT,0,AUTOMOBILE,REG AIR,1,0,12,Brand#14,15,MED CAN,15,3261,10791.7
F,F,DELIVER IN PERSON,0,Manufacturer#1,1-URGENT,0,AUTOMOBILE,REG AIR,2,0.01,15,Brand#14,15,WRAP CASE,2,3261,38384.1848
F,F,NONE,1,Manufacturer#5,2-HIGH,4,BUILDING,RAIL,1,0.03,2,Brand#53,20,WRAP PACK,9,3638,22402.6824
F,F,NONE,3,Manufacturer#5,3-MEDIUM,4,HOUSEHOLD,SHIP,6,0.04,22,Brand#51,4,SM PACK,34,3639,25689.72
F,F,COLLECT COD,4,Manufacturer#2,3-MEDIUM,4,HOUSEHOLD,RAIL,5,0.03,4,Brand#21,4,SM BAG,23,3639,53441.3088
F,F,TAKE BACK RETURN,3,Manufacturer#1,3-MEDIUM,4,HOUSEHOLD,RAIL,4,0.04,6,Brand#12,4,LG BAG,38,3639,27269.628
F,F,TAKE BACK RETURN,1,Manufacturer#3,3-MEDIUM,4,HOUSEHOLD,RAIL,2,0.07,24,Brand#34,4,MED CAN,31,3639,39630.4512
F,F,NONE,4,Manufacturer#1,3-MEDIUM,3,BUILDING,SHIP,2,0,10,Brand#12,22,JUMBO PACK,27,3640,34223.28
F,F,COLLECT COD,4,Manufacturer#1,2-HIGH,2,BUILDING,AIR,2,0.08,13,Brand#13,8,LG DRUM,34,2187,5495.428
F,F,DELIVER IN PERSON,3,Manufacturer#3,2-HIGH,2,BUILDING,FOB,4,0.06,22,Brand#33,8,JUMBO PKG,2,2187,48428.6712
F,F,COLLECT COD,3,Manufacturer#5,2-HIGH,2,BUILDING,TRUCK,5,0.02,22,Brand#54,8,MED JAR,46,2187,31575.6098
F,F,NONE,0,Manufacturer#1,5-LOW,3,AUTOMOBILE,SHIP,6,0,5,Brand#14,23,JUMBO JAR,29,3067,25760.8526
F,F,COLLECT COD,0,Manufacturer#3,5-LOW,4,MACHINERY,REG AIR,2,0.05,0,Brand#33,11,WRAP DRUM,41,2550,44879.0592
F,F,DELIVER IN PERSON,2,Manufacturer#5,5-LOW,0,BUILDING,MAIL,4,0.02,21,Brand#54,16,SM BOX,6,3641,1556.4284
F,F,COLLECT COD,4,Manufacturer#1,3-MEDIUM,1,HOUSEHOLD,REG AIR,2,0,4,Brand#15,1,SM JAR,27,3642,21041.775
F,F,COLLECT COD,1,Manufacturer#3,3-MEDIUM,1,HOUSEHOLD,RAIL,7,0.08,17,Brand#35,1,SM BOX,43,3642,51356.4672
F,F,NONE,2,Manufacturer#4,3-MEDIUM,1,HOUSEHOLD,REG AIR,6,0,12,Brand#42,1,MED JAR,49,3642,41604.7
F,F,COLLECT COD,0,Manufacturer#1,5-LOW,3,AUTOMOBILE,RAIL,2,0,5,Brand#11,23,SM JAR,8,3067,46648.4382
F,F,NONE,3,Manufacturer#3,2-HIGH,4,MACHINERY,TRUCK,1,0.02,22,Brand#33,4,WRAP PACK,1,3643,12011.0445
F,F,NONE,2,Manufacturer#5,1-URGENT,0,MACHINERY,AIR,6,0.08,12,Brand#52,16,WRAP DRUM,48,1083,65615.7432
F,F,TAKE BACK RETURN,4,Manufacturer#3,1-URGENT,2,HOUSEHOLD,AIR,6,0.01,13,Brand#34,21,WRAP PACK,23,3644,21411.0468
F,F,DELIVER IN PERSON,1,Manufacturer#4,1-URGENT,2,HOUSEHOLD,TRUCK,5,0.08,2,Brand#44,21,LG PACK,50,3644,54421.358
F,F,DELIVER IN PERSON,1,Manufacturer#1,3-MEDIUM,3,AUTOMOBILE,FOB,6,0.08,2,Brand#12,19,SM PKG,13,3645,17011.0752
F,F,DELIVER IN PERSON,1,Manufacturer#5,3-MEDIUM,3,AUTOMOBILE,AIR,5,0.01,3,Brand#52,19,WRAP CAN,27,3645,16643.634
F,F,TAKE BACK RETURN,2,Manufacturer#3,5-LOW,4,AUTOMOBILE,TRUCK,3,0.08,8,Brand#31,11,MED JAR,18,3646,47877.26
F,F,COLLECT COD,0,Manufacturer#2,5-LOW,4,AUTOMOBILE,MAIL,5,0.03,5,Brand#24,11,WRAP JAR,13,3646,26050.6207
F,F,NONE,3,Manufacturer#1,5-LOW,4,AUTOMOBILE,RAIL,1,0.02,19,Brand#13,11,SM CAN,27,3646,1004.08
F,F,COLLECT COD,3,Manufacturer#3,2-HIGH,3,FURNITURE,MAIL,1,0.01,23,Brand#31,7,SM JAR,41,3647,66309.48
F,F,TAKE BACK RETURN,4,Manufacturer#5,2-HIGH,3,FURNITURE,RAIL,4,0,11,Brand#52,7,MED CASE,20,3647,24116.922
F,F,COLLECT COD,1,Manufacturer#3,2-HIGH,3,FURNITURE,MAIL,5,0,3,Brand#35,7,JUMBO JAR,24,3647,25434.54
F,F,COLLECT COD,4,Manufacturer#5,2-HIGH,3,FURNITURE,AIR,3,0,11,Brand#53,7,LG JAR,39,3647,69796.544
F,F,TAKE BACK RETURN,1,Manufacturer#3,5-LOW,4,MACHINERY,RAIL,4,0,17,Brand#35,13,JUMBO CAN,50,3648,43354.6085
F,F,DELIVER IN PERSON,4,Manufacturer#1,5-LOW,4,MACHINERY,FOB,2,0.08,20,Brand#12,13,SM BAG,32,3648,86088.5088
F,F,COLLECT COD,3,Manufacturer#1,1-URGENT,4,AUTOMOBILE,MAIL,3,0.01,23,Brand#15,20,LG CASE,45,3649,30634.5348
F,F,DELIVER IN PERSON,0,Manufacturer#5,1-URGENT,4,AUTOMOBILE,FOB,1,0.08,16,Brand#51,20,JUMBO JAR,36,3649,24780.7378
F,F,DELIVER IN PERSON,4,Manufacturer#1,5-LOW,2,AUTOMOBILE,MAIL,5,0.08,13,Brand#13,21,SM CAN,16,2220,54142.515
F,F,NONE,2,Manufacturer#5,5-LOW,2,AUTOMOBILE,REG AIR,1,0.04,18,Brand#52,21,SM PACK,8,2220,9335.1296
F,F,NONE,4,Manufacturer#1,5-LOW,4,FURNITURE,SHIP,3,0.05,11,Brand#11,4,MED PKG,14,114,42548.39
F,F,DELIVER IN PERSON,3,Manufacturer#4,5-LOW,4,FURNITURE,REG AIR,4,0.07,23,Brand#44,4,WRAP CAN,39,114,72873.5025
F,F,COLLECT COD,0,Manufacturer#4,5-LOW,4,FURNITURE,AIR,2,0.02,16,Brand#43,4,LG JAR,10,114,5894.2535
F,F,COLLECT COD,1,Manufacturer#1,5-LOW,4,FURNITURE,TRUCK,1,0.03,1,Brand#12,4,SM BAG,27,114,7045.6428
F,F,TAKE BACK RETURN,0,Manufacturer#2,1-URGENT,0,MACHINERY,MAIL,3,0.05,5,Brand#25,5,JUMBO PACK,50,3650,43429.7088
F,F,COLLECT COD,3,Manufacturer#5,1-URGENT,0,MACHINERY,MAIL,2,0.07,22,Brand#53,5,MED CAN,33,3650,25212.848
F,F,COLLECT COD,0,Manufacturer#2,5-LOW,4,HOUSEHOLD,MAIL,2,0,16,Brand#21,10,JUMBO CASE,35,3651,30090.9184
F,F,TAKE BACK RETURN,1,Manufacturer#4,5-LOW,0,AUTOMOBILE,MAIL,7,0.01,1,Brand#42,0,SM BOX,45,3652,66611.565
F,F,DELIVER IN PERSON,2,Manufacturer#4,5-LOW,0,AUTOMOBILE,REG AIR,3,0.05,9,Brand#44,0,WRAP DRUM,6,3652,23654.1591
F,F,TAKE BACK RETURN,2,Manufacturer#3,5-LOW,0,AUTOMOBILE,RAIL,6,0.05,18,Brand#33,0,WRAP PKG,43,3652,66955.56
F,F,NONE,4,Manufacturer#1,5-LOW,0,AUTOMOBILE,MAIL,4,0.08,11,Brand#14,0,MED BOX,41,3652,41660.3904
F,F,NONE,2,Manufacturer#3,5-LOW,0,AUTOMOBILE,REG AIR,2,0.05,21,Brand#34,0,WRAP BOX,43,3652,28430.388
F,F,NONE,3,Manufacturer#5,1-URGENT,0,MACHINERY,AIR,5,0.08,22,Brand#54,16,LG DRUM,1,1083,1049.5485
F,F,NONE,2,Manufacturer#5,5-LOW,1,AUTOMOBILE,RAIL,2,0.05,8,Brand#52,1,WRAP BOX,14,3653,70546.329
F,F,NONE,2,Manufacturer#2,4-NOT SPECIFIED,4,AUTOMOBILE,RAIL,3,0.05,8,Brand#24,10,WRAP DRUM,32,2987,47642.8407
F,F,NONE,4,Manufacturer#4,4-NOT SPECIFIED,4,AUTOMOBILE,REG AIR,2,0.02,11,Brand#45,10,LG JAR,22,2987,9958.6872
F,F,TAKE BACK RETURN,1,Manufacturer#1,4-NOT SPECIFIED,4,AUTOMOBILE,AIR,1,0.01,24,Brand#12,10,LG CASE,42,2987,30442.4175
F,F,TAKE BACK RETURN,4,Manufacturer#2,2-HIGH,1,BUILDING,MAIL,1,0.08,20,Brand#23,24,MED PACK,12,3654,66021.12
F,F,TAKE BACK RETURN,4,Manufacturer#3,2-HIGH,1,BUILDING,REG AIR,2,0.01,4,Brand#31,24,SM BAG,9,3654,73445.4448
F,F,TAKE BACK RETURN,2,Manufacturer#5,4-NOT SPECIFIED,4,FURNITURE,AIR,5,0.05,8,Brand#52,20,WRAP PKG,48,3655,38573.0128
F,F,TAKE BACK RETURN,2,Manufacturer#1,5-LOW,0,HOUSEHOLD,RAIL,4,0.06,8,Brand#15,15,WRAP CASE,36,3656,67185.936
F,F,DELIVER IN PERSON,4,Manufacturer#5,5-LOW,0,HOUSEHOLD,REG AIR,3,0.02,20,Brand#53,15,JUMBO PKG,20,3656,10200.96
F,F,NONE,2,Manufacturer#5,5-LOW,0,HOUSEHOLD,SHIP,1,0.03,8,Brand#52,15,WRAP PACK,3,3656,19493.544
F,F,TAKE BACK RETURN,4,Manufacturer#3,5-LOW,0,HOUSEHOLD,FOB,2,0.05,4,Brand#32,15,MED PACK,39,3656,22456.575
F,F,COLLECT COD,2,Manufacturer#3,5-LOW,3,HOUSEHOLD,FOB,5,0.04,8,Brand#33,6,MED JAR,48,1667,62370.24
F,F,DELIVER IN PERSON,0,Manufacturer#3,5-LOW,3,HOUSEHOLD,SHIP,3,0.02,5,Brand#34,6,SM JAR,6,1667,31177.7004
F,F,COLLECT COD,0,Manufacturer#3,2-HIGH,4,AUTOMOBILE,MAIL,1,0.01,15,Brand#32,10,JUMBO DRUM,20,3657,40414.661
F,F,DELIVER IN PERSON,3,Manufacturer#1,5-LOW,3,BUILDING,REG AIR,1,0.07,23,Brand#12,23,MED PKG,19,2401,50709.414
F,F,TAKE BACK RETURN,2,Manufacturer#5,2-HIGH,2,HOUSEHOLD,RAIL,5,0.03,8,Brand#55,18,MED BAG,35,3658,42815.0072
F,F,TAKE BACK RETURN,3,Manufacturer#5,2-HIGH,2,HOUSEHOLD,TRUCK,4,0.04,19,Brand#54,18,LG DRUM,5,3658,16537.885
F,F,COLLECT COD,2,Manufacturer#1,4-NOT SPECIFIED,1,AUTOMOBILE,AIR,6,0.06,9,Brand#14,3,WRAP PKG,14,3659,27980.61
F,F,TAKE BACK RETURN,3,Manufacturer#3,4-NOT SPECIFIED,1,AUTOMOBILE,FOB,2,0.04,7,Brand#34,3,MED CAN,34,3659,18445.0575
F,F,NONE,1,Manufacturer#3,4-NOT SPECIFIED,1,AUTOMOBILE,SHIP,4,0.06,17,Brand#31,3,LG BOX,37,3659,17728.59
F,F,TAKE BACK RETURN,2,Manufacturer#2,3-MEDIUM,3,HOUSEHOLD,FOB,2,0.02,12,Brand#21,6,SM CAN,19,3660,17455.9931
F,F,NONE,1,Manufacturer#5,3-MEDIUM,3,HOUSEHOLD,AIR,3,0.02,17,Brand#53,6,JUMBO PKG,4,3660,27894.5564
F,F,NONE,3,Manufacturer#1,3-MEDIUM,3,HOUSEHOLD,MAIL,1,0.07,22,Brand#15,6,WRAP BOX,12,3660,24394.8672
F,F,DELIVER IN PERSON,3,Manufacturer#3,3-MEDIUM,3,HOUSEHOLD,MAIL,5,0.07,7,Brand#32,6,WRAP PKG,18,3660,1401.9642
F,F,NONE,3,Manufacturer#3,2-HIGH,4,FURNITURE,MAIL,2,0.01,23,Brand#34,10,MED JAR,29,3661,16011.0624
F,F,COLLECT COD,1,Manufacturer#2,2-HIGH,4,FURNITURE,MAIL,1,0.01,3,Brand#25,10,SM BOX,33,3661,34621.704
F,F,DELIVER IN PERSON,2,Manufacturer#2,2-HIGH,4,FURNITURE,FOB,3,0.02,12,Brand#22,10,SM CASE,1,3661,22904.05
F,F,DELIVER IN PERSON,0,Manufacturer#1,4-NOT SPECIFIED,4,FURNITURE,TRUCK,2,0.03,5,Brand#15,20,SM JAR,46,3655,2097.45
F,F,COLLECT COD,0,Manufacturer#1,4-NOT SPECIFIED,4,FURNITURE,AIR,4,0.08,16,Brand#15,20,LG CAN,26,3655,66867.0858
F,F,COLLECT COD,4,Manufacturer#2,4-NOT SPECIFIED,4,FURNITURE,FOB,6,0.05,4,Brand#23,20,LG PACK,7,3655,16765.9008
F,F,TAKE BACK RETURN,1,Manufacturer#2,3-MEDIUM,3,HOUSEHOLD,RAIL,7,0.01,24,Brand#22,23,SM BAG,8,3662,55658.097
F,F,COLLECT COD,2,Manufacturer#5,4-NOT SPECIFIED,2,AUTOMOBILE,FOB,2,0.07,18,Brand#52,21,JUMBO PKG,49,104,25730.496
F,F,NONE,0,Manufacturer#4,1-URGENT,0,MACHINERY,REG AIR,3,0.06,15,Brand#42,15,JUMBO DRUM,23,3663,59954.8215
F,F,TAKE BACK RETURN,0,Manufacturer#4,1-URGENT,0,MACHINERY,REG AIR,2,0.03,0,Brand#43,15,SM BOX,37,3663,31847.6032
F,F,NONE,4,Manufacturer#3,3-MEDIUM,3,HOUSEHOLD,MAIL,6,0.01,10,Brand#34,23,LG CAN,42,3662,30995.51
F,F,COLLECT COD,3,Manufacturer#2,1-URGENT,2,MACHINERY,TRUCK,3,0.05,7,Brand#22,8,LG CASE,15,3242,64220.2736
F,F,COLLECT COD,3,Manufacturer#3,1-URGENT,0,BUILDING,REG AIR,3,0.05,6,Brand#31,14,MED BOX,10,1127,8718.5664
F,F,NONE,2,Manufacturer#4,1-URGENT,0,BUILDING,RAIL,2,0.03,8,Brand#44,14,SM JAR,29,1127,45480.24
F,F,DELIVER IN PERSON,4,Manufacturer#5,1-URGENT,4,HOUSEHOLD,MAIL,3,0.04,20,Brand#55,10,MED BAG,26,2111,39874.032
F,F,DELIVER IN PERSON,4,Manufacturer#5,1-URGENT,2,HOUSEHOLD,RAIL,4,0.03,13,Brand#55,8,WRAP PKG,10,3664,77783.7368
F,F,NONE,4,Manufacturer#5,1-URGENT,2,HOUSEHOLD,MAIL,3,0.05,4,Brand#55,8,JUMBO CAN,41,3664,32605.0374
F,F,COLLECT COD,3,Manufacturer#4,1-URGENT,2,HOUSEHOLD,REG AIR,2,0.06,7,Brand#42,8,LG DRUM,45,3664,60614.5
F,F,COLLECT COD,3,Manufacturer#2,1-URGENT,2,HOUSEHOLD,MAIL,6,0.05,6,Brand#23,8,LG JAR,43,3664,75848.8444
F,F,TAKE BACK RETURN,3,Manufacturer#2,3-MEDIUM,3,AUTOMOBILE,FOB,1,0.06,22,Brand#22,6,LG JAR,45,3665,40073.9232
F,F,COLLECT COD,4,Manufacturer#5,3-MEDIUM,3,AUTOMOBILE,RAIL,4,0.05,10,Brand#55,6,LG JAR,20,3665,26867.582
F,F,DELIVER IN PERSON,1,Manufacturer#2,3-MEDIUM,3,AUTOMOBILE,RAIL,2,0.01,24,Brand#22,6,MED DRUM,40,3665,41513.7359
F,F,DELIVER IN PERSON,2,Manufacturer#5,1-URGENT,4,HOUSEHOLD,FOB,1,0.07,21,Brand#52,10,JUMBO BAG,8,2111,21045.888
F,F,TAKE BACK RETURN,4,Manufacturer#1,4-NOT SPECIFIED,1,MACHINERY,SHIP,2,0.05,4,Brand#11,1,MED PKG,2,3666,24035.466
F,F,COLLECT COD,3,Manufacturer#1,1-URGENT,2,AUTOMOBILE,FOB,2,0.01,23,Brand#14,9,MED JAR,47,3667,53908.5
F,F,COLLECT COD,3,Manufacturer#3,1-URGENT,2,AUTOMOBILE,AIR,4,0.05,22,Brand#32,9,LG JAR,35,3667,39510.6608
F,F,TAKE BACK RETURN,2,Manufacturer#4,1-URGENT,2,AUTOMOBILE,AIR,6,0.04,18,Brand#43,9,WRAP CAN,35,3667,7900.2855
F,F,NONE,3,Manufacturer#5,1-URGENT,2,AUTOMOBILE,MAIL,3,0.02,19,Brand#55,9,MED PACK,21,3667,61925.936
F,F,DELIVER IN PERSON,3,Manufacturer#5,1-URGENT,1,FURNITURE,FOB,1,0,6,Brand#54,1,LG PACK,11,3668,3202.1892
F,F,DELIVER IN PERSON,1,Manufacturer#3,2-HIGH,0,MACHINERY,FOB,1,0.08,3,Brand#33,5,MED PACK,42,3669,57276.672
F,F,COLLECT COD,2,Manufacturer#1,3-MEDIUM,3,BUILDING,TRUCK,1,0.01,12,Brand#12,22,LG PKG,33,3670,5809.8516
F,F,NONE,3,Manufacturer#1,2-HIGH,0,HOUSEHOLD,AIR,2,0.04,7,Brand#11,15,SM BOX,20,3671,59140.728
F,F,NONE,3,Manufacturer#3,2-HIGH,0,HOUSEHOLD,FOB,4,0,23,Brand#31,15,SM JAR,21,3671,48664.2123
F,F,TAKE BACK RETURN,1,Manufacturer#3,2-HIGH,0,HOUSEHOLD,SHIP,1,0.06,1,Brand#35,15,JUMBO BAG,13,3671,23027.1552
F,F,NONE,2,Manufacturer#2,4-NOT SPECIFIED,3,HOUSEHOLD,RAIL,3,0.05,18,Brand#24,19,JUMBO DRUM,43,3672,18684.819
F,F,NONE,1,Manufacturer#1,4-NOT SPECIFIED,3,HOUSEHOLD,AIR,1,0,17,Brand#15,19,LG PKG,12,3672,66525.84
F,F,COLLECT COD,0,Manufacturer#2,4-NOT SPECIFIED,3,HOUSEHOLD,AIR,4,0,15,Brand#22,19,WRAP CAN,13,3672,71740.2454
F,F,TAKE BACK RETURN,3,Manufacturer#2,2-HIGH,2,FURNITURE,REG AIR,2,0.02,23,Brand#23,8,LG DRUM,16,3673,8355.0168
F,F,DELIVER IN PERSON,3,Manufacturer#4,2-HIGH,2,FURNITURE,REG AIR,5,0.03,23,Brand#42,8,MED CAN,11,3673,62394.7968
F,F,DELIVER IN PERSON,3,Manufacturer#3,2-HIGH,2,FURNITURE,SHIP,4,0.02,19,Brand#32,8,LG PACK,46,3673,41444.22
F,F,COLLECT COD,2,Manufacturer#1,4-NOT SPECIFIED,3,BUILDING,REG AIR,1,0.07,8,Brand#11,23,MED CASE,2,3674,19020.3228
F,F,COLLECT COD,2,Manufacturer#1,4-NOT SPECIFIED,3,BUILDING,SHIP,3,0.01,9,Brand#13,23,LG CASE,41,3674,71943.417
F,F,COLLECT COD,3,Manufacturer#1,1-URGENT,3,AUTOMOBILE,MAIL,1,0.04,23,Brand#11,23,MED BOX,18,2772,6308.1315
F,F,TAKE BACK RETURN,3,Manufacturer#4,5-LOW,2,BUILDING,TRUCK,5,0.08,6,Brand#44,12,SM CAN,38,2882,45490.0992
F,F,TAKE BACK RETURN,4,Manufacturer#1,5-LOW,2,BUILDING,SHIP,4,0.03,11,Brand#13,12,SM DRUM,3,2882,2563.936
F,F,TAKE BACK RETURN,3,Manufacturer#5,5-LOW,2,BUILDING,MAIL,3,0.06,7,Brand#55,12,MED DRUM,19,2882,22152.4254
F,F,COLLECT COD,4,Manufacturer#1,5-LOW,2,BUILDING,RAIL,1,0.02,4,Brand#14,12,SM JAR,7,2882,81116.5104
F,F,NONE,1,Manufacturer#5,4-NOT SPECIFIED,4,HOUSEHOLD,TRUCK,5,0.06,17,Brand#54,4,MED CASE,29,3675,48895.1586
F,F,COLLECT COD,2,Manufacturer#5,4-NOT SPECIFIED,4,HOUSEHOLD,SHIP,1,0.06,9,Brand#52,4,WRAP PACK,10,3675,37823.016
F,F,COLLECT COD,4,Manufacturer#5,4-NOT SPECIFIED,1,MACHINERY,AIR,3,0.01,10,Brand#53,1,LG CAN,25,3666,35321.4972
F,F,COLLECT COD,3,Manufacturer#2,4-NOT SPECIFIED,1,MACHINERY,RAIL,1,0.01,7,Brand#25,1,LG CAN,38,3666,52916.895
F,F,TAKE BACK RETURN,3,Manufacturer#5,4-NOT SPECIFIED,3,BUILDING,TRUCK,2,0.03,6,Brand#55,22,MED DRUM,21,3112,16026.7272
F,F,DELIVER IN PERSON,3,Manufacturer#5,5-LOW,1,FURNITURE,REG AIR,3,0.05,22,Brand#52,17,SM JAR,48,3676,14207.5206
F,F,COLLECT COD,0,Manufacturer#4,5-LOW,1,FURNITURE,TRUCK,4,0,15,Brand#44,17,LG CAN,21,3676,54082.4064
F,F,COLLECT COD,1,Manufacturer#5,5-LOW,1,FURNITURE,TRUCK,2,0.01,1,Brand#52,17,SM PKG,28,3676,50125.2206
F,F,NONE,2,Manufacturer#5,4-NOT SPECIFIED,3,HOUSEHOLD,SHIP,2,0.08,18,Brand#55,19,MED DRUM,46,3677,30636.333
F,F,COLLECT COD,0,Manufacturer#4,4-NOT SPECIFIED,3,HOUSEHOLD,AIR,1,0.06,15,Brand#42,19,WRAP BAG,8,3677,60127.1184
F,F,TAKE BACK RETURN,3,Manufacturer#5,3-MEDIUM,2,BUILDING,SHIP,2,0.03,19,Brand#51,18,JUMBO CASE,48,3678,46682.4468
F,F,DELIVER IN PERSON,2,Manufacturer#2,4-NOT SPECIFIED,3,MACHINERY,TRUCK,2,0.06,8,Brand#22,7,WRAP PKG,14,3679,55992.6675
F,F,COLLECT COD,0,Manufacturer#3,4-NOT SPECIFIED,3,MACHINERY,SHIP,6,0.04,15,Brand#35,7,SM JAR,11,3679,54498.3488
F,F,COLLECT COD,0,Manufacturer#2,4-NOT SPECIFIED,3,MACHINERY,REG AIR,4,0.08,15,Brand#25,7,WRAP DRUM,37,3679,4127.408
F,F,COLLECT COD,2,Manufacturer#2,4-NOT SPECIFIED,3,MACHINERY,TRUCK,1,0.05,21,Brand#21,7,LG PKG,12,3679,31241.0112
F,F,NONE,1,Manufacturer#1,1-URGENT,1,BUILDING,SHIP,3,0.01,24,Brand#11,24,MED CASE,37,3680,4673.214
F,F,COLLECT COD,1,Manufacturer#4,1-URGENT,1,BUILDING,FOB,5,0.01,17,Brand#42,24,LG PACK,20,3680,890.0565
F,F,TAKE BACK RETURN,3,Manufacturer#1,1-URGENT,1,BUILDING,TRUCK,4,0.01,7,Brand#14,24,SM DRUM,49,3680,10576.445
F,F,DELIVER IN PERSON,2,Manufacturer#4,5-LOW,3,BUILDING,SHIP,2,0,21,Brand#42,23,MED BAG,10,3681,53457.317
F,F,COLLECT COD,2,Manufacturer#2,5-LOW,3,BUILDING,RAIL,4,0.04,9,Brand#21,23,SM BAG,30,3681,27843.156
F,F,TAKE BACK RETURN,2,Manufacturer#2,3-MEDIUM,2,BUILDING,AIR,4,0.06,18,Brand#21,18,SM PACK,19,3678,12789.9408
F,F,TAKE BACK RETURN,2,Manufacturer#4,3-MEDIUM,2,BUILDING,MAIL,1,0.07,12,Brand#44,18,SM CAN,43,3678,41738.1874
F,F,TAKE BACK RETURN,0,Manufacturer#2,4-NOT SPECIFIED,2,BUILDING,RAIL,2,0.08,5,Brand#22,18,JUMBO BAG,22,3682,23955.9444
F,F,COLLECT COD,4,Manufacturer#2,4-NOT SPECIFIED,4,MACHINERY,RAIL,2,0,11,Brand#24,4,MED PACK,36,3643,51600.6848
F,F,NONE,1,Manufacturer#3,4-NOT SPECIFIED,2,BUILDING,AIR,1,0.02,3,Brand#33,18,LG PKG,25,3682,49892.568
F,F,DELIVER IN PERSON,3,Manufacturer#2,4-NOT SPECIFIED,2,BUILDING,RAIL,3,0.03,6,Brand#25,18,JUMBO DRUM,16,3682,17148.4416
F,F,DELIVER IN PERSON,3,Manufacturer#4,1-URGENT,0,AUTOMOBILE,AIR,3,0.01,22,Brand#43,0,WRAP JAR,15,3683,55415.5392
F,F,COLLECT COD,0,Manufacturer#4,1-URGENT,0,AUTOMOBILE,TRUCK,2,0.03,0,Brand#43,0,JUMBO PACK,5,3683,62694.585
F,F,TAKE BACK RETURN,3,Manufacturer#5,1-URGENT,0,AUTOMOBILE,TRUCK,1,0.07,6,Brand#55,0,SM JAR,4,3683,44292.6765
F,F,TAKE BACK RETURN,1,Manufacturer#1,4-NOT SPECIFIED,4,MACHINERY,SHIP,5,0.06,1,Brand#11,4,JUMBO CAN,28,3684,30884.3172
F,F,NONE,3,Manufacturer#2,5-LOW,3,AUTOMOBILE,AIR,5,0.08,22,Brand#24,7,SM JAR,2,3685,33862.1556
F,F,TAKE BACK RETURN,3,Manufacturer#1,2-HIGH,4,FURNITURE,MAIL,7,0.01,7,Brand#11,20,WRAP PACK,7,3686,28505.4224
F,F,DELIVER IN PERSON,2,Manufacturer#1,2-HIGH,4,FURNITURE,TRUCK,2,0.02,9,Brand#12,20,SM CAN,7,3686,895.867
F,F,TAKE BACK RETURN,4,Manufacturer#3,2-HIGH,4,FURNITURE,TRUCK,4,0.03,10,Brand#34,20,LG DRUM,7,3686,49245.0624
F,F,NONE,1,Manufacturer#2,2-HIGH,4,FURNITURE,MAIL,6,0.06,17,Brand#25,20,MED BOX,9,3686,61336.3724
F,F,COLLECT COD,4,Manufacturer#3,4-NOT SPECIFIED,4,MACHINERY,REG AIR,1,0.07,4,Brand#31,4,SM BAG,39,3684,54584.4464
F,F,NONE,2,Manufacturer#5,4-NOT SPECIFIED,4,MACHINERY,TRUCK,3,0,8,Brand#52,4,WRAP BOX,50,3684,71696.934
F,F,DELIVER IN PERSON,3,Manufacturer#1,4-NOT SPECIFIED,4,MACHINERY,TRUCK,4,0.01,7,Brand#13,4,LG PKG,23,3684,27476.352
F,F,DELIVER IN PERSON,3,Manufacturer#5,1-URGENT,4,MACHINERY,REG AIR,5,0.06,22,Brand#54,10,WRAP PKG,23,3687,1125.0565
F,F,TAKE BACK RETURN,1,Manufacturer#2,1-URGENT,4,MACHINERY,TRUCK,3,0,17,Brand#25,10,SM BAG,26,3687,8161.6512
F,F,TAKE BACK RETURN,1,Manufacturer#5,1-URGENT,4,MACHINERY,SHIP,6,0.08,1,Brand#54,10,MED DRUM,26,3687,55081.7064
F,F,TAKE BACK RETURN,1,Manufacturer#2,5-LOW,1,HOUSEHOLD,AIR,3,0.08,3,Brand#24,2,JUMBO BOX,43,3688,41028.4392
F,F,COLLECT COD,0,Manufacturer#1,3-MEDIUM,2,BUILDING,SHIP,2,0.02,0,Brand#13,9,LG CAN,32,2689,5994.28
F,F,TAKE BACK RETURN,3,Manufacturer#4,5-LOW,1,HOUSEHOLD,MAIL,1,0.05,7,Brand#43,2,WRAP PACK,28,3688,7482.0288
F,F,COLLECT COD,3,Manufacturer#1,5-LOW,1,HOUSEHOLD,AIR,5,0.08,7,Brand#11,2,MED BAG,17,3688,9980.7708
F,F,COLLECT COD,2,Manufacturer#5,5-LOW,1,HOUSEHOLD,MAIL,4,0,9,Brand#54,2,JUMBO BOX,20,3688,75069.27
F,F,DELIVER IN PERSON,4,Manufacturer#5,5-LOW,1,HOUSEHOLD,FOB,6,0.03,13,Brand#53,2,MED PACK,3,3688,4464.684
F,F,TAKE BACK RETURN,3,Manufacturer#5,5-LOW,1,HOUSEHOLD,TRUCK,4,0.02,23,Brand#55,24,WRAP DRUM,42,3689,25751.187
F,F,DELIVER IN PERSON,2,Manufacturer#1,5-LOW,1,HOUSEHOLD,MAIL,1,0.02,18,Brand#14,24,SM DRUM,15,3689,5924.4816
F,F,TAKE BACK RETURN,0,Manufacturer#1,4-NOT SPECIFIED,0,HOUSEHOLD,RAIL,6,0.02,5,Brand#12,0,LG PACK,45,3690,41077.449
F,F,TAKE BACK RETURN,4,Manufacturer#4,3-MEDIUM,0,BUILDING,FOB,3,0.05,10,Brand#41,15,WRAP JAR,40,3691,21588.8904
F,F,TAKE BACK RETURN,2,Manufacturer#1,3-MEDIUM,0,BUILDING,FOB,7,0.06,21,Brand#13,15,LG DRUM,45,3691,34456.8224
F,F,DELIVER IN PERSON,1,Manufacturer#5,3-MEDIUM,0,BUILDING,RAIL,4,0.05,2,Brand#52,15,LG BAG,32,3691,29319.696
F,F,COLLECT COD,2,Manufacturer#3,3-MEDIUM,0,BUILDING,SHIP,5,0,9,Brand#33,15,SM PACK,5,3691,6158.3748
F,F,DELIVER IN PERSON,4,Manufacturer#5,3-MEDIUM,0,BUILDING,FOB,1,0.02,11,Brand#52,15,WRAP JAR,5,3691,48352.44
F,F,COLLECT COD,4,Manufacturer#3,4-NOT SPECIFIED,4,HOUSEHOLD,TRUCK,4,0.06,13,Brand#32,11,SM BOX,33,3692,3970.3152
F,F,DELIVER IN PERSON,3,Manufacturer#2,4-NOT SPECIFIED,4,HOUSEHOLD,TRUCK,2,0.01,7,Brand#24,11,MED PKG,4,3692,14601.744
F,F,TAKE BACK RETURN,3,Manufacturer#5,4-NOT SPECIFIED,4,HOUSEHOLD,TRUCK,3,0,22,Brand#55,11,MED CAN,6,3692,46640.2482
F,F,TAKE BACK RETURN,3,Manufacturer#5,2-HIGH,2,HOUSEHOLD,TRUCK,4,0.02,22,Brand#55,8,SM JAR,43,3304,16660.7154
F,F,NONE,1,Manufacturer#1,2-HIGH,2,HOUSEHOLD,TRUCK,1,0.07,2,Brand#13,8,JUMBO JAR,28,3304,1114.9479
F,F,DELIVER IN PERSON,1,Manufacturer#2,2-HIGH,2,HOUSEHOLD,AIR,5,0.05,17,Brand#24,8,SM JAR,28,3304,45402.4935
F,F,DELIVER IN PERSON,3,Manufacturer#5,3-MEDIUM,3,BUILDING,SHIP,4,0.05,22,Brand#53,23,MED BOX,5,703,38067.8853
F,F,DELIVER IN PERSON,1,Manufacturer#2,3-MEDIUM,3,BUILDING,TRUCK,3,0.02,2,Brand#23,23,WRAP DRUM,41,703,4569.4904
F,F,DELIVER IN PERSON,1,Manufacturer#2,5-LOW,2,HOUSEHOLD,AIR,3,0.07,2,Brand#21,9,SM DRUM,32,2644,31744.44
F,F,DELIVER IN PERSON,4,Manufacturer#5,4-NOT SPECIFIED,0,HOUSEHOLD,AIR,1,0.08,11,Brand#55,0,SM CASE,12,3690,74162.088
F,F,DELIVER IN PERSON,2,Manufacturer#2,4-NOT SPECIFIED,2,HOUSEHOLD,TRUCK,6,0.06,8,Brand#22,9,MED DRUM,40,3693,34261.168
F,F,TAKE BACK RETURN,2,Manufacturer#4,4-NOT SPECIFIED,2,HOUSEHOLD,MAIL,2,0.06,21,Brand#42,9,JUMBO DRUM,38,3693,3329.8848
F,F,NONE,2,Manufacturer#3,5-LOW,1,AUTOMOBILE,AIR,1,0,9,Brand#35,1,JUMBO BOX,43,3694,30180.3786
F,F,COLLECT COD,0,Manufacturer#1,4-NOT SPECIFIED,0,MACHINERY,RAIL,1,0.05,16,Brand#13,0,LG BOX,19,1319,4285.008
F,F,NONE,1,Manufacturer#3,4-NOT SPECIFIED,0,MACHINERY,TRUCK,6,0.08,3,Brand#35,0,WRAP DRUM,18,1319,43231.5
F,F,DELIVER IN PERSON,2,Manufacturer#1,4-NOT SPECIFIED,0,MACHINERY,SHIP,4,0.03,9,Brand#14,0,WRAP PACK,33,1319,38267.2752
F,F,DELIVER IN PERSON,4,Manufacturer#2,5-LOW,0,HOUSEHOLD,AIR,3,0.02,4,Brand#21,16,SM BAG,23,3695,46677.792
F,F,COLLECT COD,4,Manufacturer#2,5-LOW,0,HOUSEHOLD,FOB,4,0.07,10,Brand#22,16,MED DRUM,29,3695,30033.9072
F,F,NONE,3,Manufacturer#2,5-LOW,0,HOUSEHOLD,TRUCK,1,0,6,Brand#21,16,WRAP DRUM,26,3695,2728.8764
F,F,TAKE BACK RETURN,0,Manufacturer#4,1-URGENT,0,FURNITURE,AIR,2,0.04,0,Brand#43,15,WRAP PACK,50,1465,30634.34
F,F,TAKE BACK RETURN,3,Manufacturer#1,4-NOT SPECIFIED,4,BUILDING,AIR,2,0.06,7,Brand#13,20,WRAP DRUM,48,3696,46848.0384
F,F,TAKE BACK RETURN,0,Manufacturer#4,3-MEDIUM,3,BUILDING,RAIL,2,0.07,5,Brand#45,19,MED BOX,15,3363,13860.396
F,F,COLLECT COD,2,Manufacturer#2,3-MEDIUM,3,BUILDING,RAIL,3,0.03,9,Brand#24,19,MED PKG,6,3363,43989.603
F,F,COLLECT COD,1,Manufacturer#1,1-URGENT,4,BUILDING,FOB,2,0.07,17,Brand#15,20,MED JAR,2,2956,11939.6352
F,F,COLLECT COD,1,Manufacturer#1,5-LOW,0,AUTOMOBILE,MAIL,1,0.05,1,Brand#15,16,LG PACK,37,3697,42985.4928
F,F,NONE,1,Manufacturer#1,5-LOW,0,AUTOMOBILE,TRUCK,2,0.06,2,Brand#12,16,JUMBO JAR,33,3697,24813
F,F,TAKE BACK RETURN,2,Manufacturer#2,1-URGENT,4,BUILDING,REG AIR,1,0.03,21,Brand#23,20,LG DRUM,15,2956,61197.5455
F,F,NONE,2,Manufacturer#2,3-MEDIUM,1,BUILDING,SHIP,2,0.07,9,Brand#23,2,SM BOX,38,3698,32451.35
F,F,COLLECT COD,2,Manufacturer#3,4-NOT SPECIFIED,2,HOUSEHOLD,AIR,1,0,21,Brand#32,8,JUMBO JAR,14,3699,23864.6184
F,F,NONE,2,Manufacturer#5,2-HIGH,0,FURNITURE,FOB,5,0.04,18,Brand#55,14,LG CAN,16,1493,8282.6784
F,F,NONE,3,Manufacturer#3,4-NOT SPECIFIED,1,FURNITURE,SHIP,2,0.02,19,Brand#31,1,JUMBO PACK,8,3700,7964.64
F,F,TAKE BACK RETURN,4,Manufacturer#3,4-NOT SPECIFIED,1,FURNITURE,REG AIR,3,0,20,Brand#34,1,JUMBO PACK,6,3700,3317.8992
F,F,DELIVER IN PERSON,2,Manufacturer#1,2-HIGH,0,AUTOMOBILE,MAIL,1,0,12,Brand#13,16,WRAP PACK,47,1543,31341.9942
F,F,NONE,3,Manufacturer#2,1-URGENT,2,BUILDING,SHIP,1,0.07,23,Brand#24,18,JUMBO JAR,15,3701,41643.168
F,F,DELIVER IN PERSON,1,Manufacturer#1,1-URGENT,4,MACHINERY,AIR,1,0.07,24,Brand#14,13,JUMBO JAR,41,3702,28891.4
F,F,DELIVER IN PERSON,0,Manufacturer#2,1-URGENT,4,MACHINERY,FOB,4,0.05,16,Brand#25,13,MED JAR,26,3702,84562.0146
F,F,DELIVER IN PERSON,2,Manufacturer#3,1-URGENT,4,MACHINERY,AIR,6,0.05,18,Brand#35,13,LG DRUM,16,3702,5588.85
F,F,COLLECT COD,4,Manufacturer#5,1-URGENT,4,MACHINERY,REG AIR,5,0.01,4,Brand#55,13,WRAP CAN,21,3702,74647.0969
F,F,DELIVER IN PERSON,4,Manufacturer#2,3-MEDIUM,1,BUILDING,MAIL,3,0.04,11,Brand#23,2,JUMBO JAR,42,3698,30696.4053
F,F,DELIVER IN PERSON,4,Manufacturer#4,3-MEDIUM,1,BUILDING,TRUCK,4,0,13,Brand#43,2,MED PACK,28,3698,3372.3195
F,F,COLLECT COD,1,Manufacturer#1,3-MEDIUM,1,BUILDING,TRUCK,5,0.03,3,Brand#12,2,SM JAR,21,3698,25608.618
F,F,DELIVER IN PERSON,2,Manufacturer#2,3-MEDIUM,1,BUILDING,REG AIR,1,0.03,18,Brand#21,2,MED JAR,50,3698,10476.1872
F,F,TAKE BACK RETURN,3,Manufacturer#1,2-HIGH,0,MACHINERY,FOB,1,0.01,7,Brand#12,16,JUMBO BOX,4,2050,3446.6
F,F,NONE,1,Manufacturer#1,5-LOW,1,MACHINERY,FOB,3,0,24,Brand#11,1,MED PKG,11,1214,4782.0996
F,F,DELIVER IN PERSON,3,Manufacturer#4,1-URGENT,0,MACHINERY,MAIL,5,0.07,22,Brand#45,14,WRAP PACK,13,3703,38122.398
F,F,NONE,2,Manufacturer#4,1-URGENT,0,MACHINERY,FOB,4,0.01,18,Brand#43,14,WRAP JAR,49,3703,39025.4976
F,F,DELIVER IN PERSON,4,Manufacturer#4,1-URGENT,0,MACHINERY,REG AIR,7,0.07,20,Brand#42,14,LG BAG,42,3703,11293.083
F,F,DELIVER IN PERSON,4,Manufacturer#1,1-URGENT,0,MACHINERY,SHIP,2,0.08,11,Brand#11,14,JUMBO JAR,25,3703,8313.948
F,F,DELIVER IN PERSON,1,Manufacturer#3,5-LOW,1,MACHINERY,SHIP,2,0.05,17,Brand#32,1,LG CASE,35,1214,39255.94
F,F,COLLECT COD,4,Manufacturer#4,1-URGENT,4,HOUSEHOLD,SHIP,5,0,13,Brand#43,4,MED CASE,21,3704,16139.8944
F,F,COLLECT COD,1,Manufacturer#4,1-URGENT,4,HOUSEHOLD,REG AIR,7,0.03,1,Brand#42,4,JUMBO CASE,23,3704,4756.952
F,F,NONE,4,Manufacturer#1,5-LOW,4,BUILDING,SHIP,1,0.04,11,Brand#15,10,SM PACK,41,3705,24522.8256
F,F,NONE,2,Manufacturer#1,5-LOW,3,BUILDING,REG AIR,3,0.01,12,Brand#15,23,WRAP PKG,7,3535,45667.3536
F,F,DELIVER IN PERSON,0,Manufacturer#3,5-LOW,3,MACHINERY,REG AIR,3,0.05,16,Brand#33,7,LG BOX,36,3706,5110.776
F,F,NONE,4,Manufacturer#5,5-LOW,3,MACHINERY,REG AIR,1,0.06,13,Brand#54,7,JUMBO CAN,13,3706,9125.9136
F,F,DELIVER IN PERSON,3,Manufacturer#2,3-MEDIUM,2,AUTOMOBILE,REG AIR,2,0.08,19,Brand#22,18,WRAP DRUM,25,3707,39665.8136
F,F,NONE,2,Manufacturer#3,3-MEDIUM,2,AUTOMOBILE,SHIP,4,0.06,9,Brand#32,18,MED CAN,41,3707,76865.6532
F,F,DELIVER IN PERSON,3,Manufacturer#3,3-MEDIUM,4,MACHINERY,MAIL,3,0.08,7,Brand#32,20,WRAP JAR,45,3708,58756.3704
F,F,COLLECT COD,1,Manufacturer#1,3-MEDIUM,4,MACHINERY,RAIL,6,0.01,2,Brand#11,20,WRAP DRUM,22,3708,33656.28
F,F,COLLECT COD,4,Manufacturer#3,3-MEDIUM,4,MACHINERY,FOB,4,0.05,20,Brand#31,20,WRAP PKG,3,3708,6893.3592
F,F,COLLECT COD,2,Manufacturer#5,3-MEDIUM,4,MACHINERY,SHIP,2,0.03,9,Brand#55,20,LG PKG,45,3708,15624.8742
F,F,NONE,2,Manufacturer#2,5-LOW,4,AUTOMOBILE,SHIP,2,0.06,9,Brand#25,4,WRAP BAG,23,1339,13958.3136
F,F,NONE,3,Manufacturer#4,4-NOT SPECIFIED,0,FURNITURE,RAIL,6,0.05,23,Brand#41,0,WRAP PKG,16,3033,17486.48
F,F,COLLECT COD,1,Manufacturer#4,4-NOT SPECIFIED,0,FURNITURE,RAIL,1,0.02,17,Brand#41,0,SM PACK,46,3033,10982.6748
F,F,COLLECT COD,2,Manufacturer#4,4-NOT SPECIFIED,0,FURNITURE,SHIP,4,0.03,8,Brand#41,0,LG BOX,22,3033,59283
F,F,NONE,2,Manufacturer#1,4-NOT SPECIFIED,0,FURNITURE,AIR,2,0.06,9,Brand#12,0,SM PACK,2,3033,10667.44
F,F,NONE,1,Manufacturer#5,4-NOT SPECIFIED,0,FURNITURE,AIR,5,0.01,17,Brand#52,0,MED CAN,37,3033,20259.7432
F,F,COLLECT COD,4,Manufacturer#3,4-NOT SPECIFIED,0,FURNITURE,MAIL,3,0.07,11,Brand#32,0,JUMBO PACK,39,3033,17074.9579
F,F,COLLECT COD,3,Manufacturer#4,3-MEDIUM,2,FURNITURE,REG AIR,1,0.05,23,Brand#42,18,MED CASE,43,3709,28578.7502
F,F,TAKE BACK RETURN,4,Manufacturer#1,3-MEDIUM,4,BUILDING,TRUCK,1,0,4,Brand#11,10,LG BOX,4,3710,9516.29
F,F,DELIVER IN PERSON,4,Manufacturer#3,3-MEDIUM,4,BUILDING,TRUCK,4,0.02,10,Brand#34,10,JUMBO BOX,10,3710,56939.76
F,F,DELIVER IN PERSON,3,Manufacturer#5,3-MEDIUM,4,BUILDING,MAIL,2,0.06,23,Brand#55,10,LG CAN,37,3710,20766.6815
F,F,NONE,0,Manufacturer#2,3-MEDIUM,4,BUILDING,RAIL,3,0.04,16,Brand#21,10,WRAP BOX,22,3710,14089.8534
F,F,DELIVER IN PERSON,0,Manufacturer#5,5-LOW,1,AUTOMOBILE,RAIL,2,0.01,16,Brand#54,1,LG PACK,15,3711,43096.62
F,F,NONE,0,Manufacturer#4,1-URGENT,1,BUILDING,REG AIR,1,0.06,16,Brand#44,24,WRAP BOX,50,2248,50139
F,F,TAKE BACK RETURN,3,Manufacturer#5,1-URGENT,1,BUILDING,REG AIR,2,0,23,Brand#52,24,WRAP BOX,34,2248,47949.0066
F,F,COLLECT COD,2,Manufacturer#5,3-MEDIUM,1,FURNITURE,FOB,2,0.07,8,Brand#51,17,JUMBO DRUM,42,164,56161.0896
F,F,DELIVER IN PERSON,4,Manufacturer#1,2-HIGH,1,BUILDING,MAIL,1,0.07,11,Brand#11,1,LG DRUM,26,3712,25949.3598
F,F,NONE,4,Manufacturer#2,3-MEDIUM,4,BUILDING,TRUCK,3,0.07,10,Brand#22,11,LG PACK,38,3713,36694.2144
F,F,COLLECT COD,2,Manufacturer#3,3-MEDIUM,4,BUILDING,SHIP,1,0.01,18,Brand#32,11,SM BOX,8,3713,47701.6158
F,F,COLLECT COD,2,Manufacturer#5,3-MEDIUM,4,BUILDING,RAIL,5,0.03,18,Brand#55,11,SM JAR,26,3713,40136.702
F,F,TAKE BACK RETURN,3,Manufacturer#3,4-NOT SPECIFIED,1,MACHINERY,FOB,1,0.01,7,Brand#33,1,LG PACK,46,3714,24578.04
F,F,DELIVER IN PERSON,1,Manufacturer#3,1-URGENT,4,AUTOMOBILE,RAIL,2,0.02,2,Brand#33,10,JUMBO CASE,44,1985,28053.855
F,F,DELIVER IN PERSON,0,Manufacturer#4,1-URGENT,4,AUTOMOBILE,REG AIR,3,0,16,Brand#42,10,WRAP PKG,39,1985,9353.1585
F,F,COLLECT COD,0,Manufacturer#1,1-URGENT,4,AUTOMOBILE,SHIP,1,0.01,14,Brand#11,10,SM CAN,40,1985,36979.2459
F,F,NONE,4,Manufacturer#5,1-URGENT,4,AUTOMOBILE,TRUCK,4,0.07,20,Brand#51,10,LG PACK,12,1985,63130.6368
F,F,DELIVER IN PERSON,0,Manufacturer#3,1-URGENT,4,AUTOMOBILE,SHIP,5,0.05,16,Brand#34,10,MED CAN,5,1985,72974.124
F,F,COLLECT COD,2,Manufacturer#4,5-LOW,3,BUILDING,MAIL,1,0.03,8,Brand#45,23,JUMBO BOX,44,3535,2961.3573
F,F,COLLECT COD,2,Manufacturer#5,5-LOW,3,BUILDING,MAIL,2,0.05,21,Brand#52,23,MED JAR,12,3535,42127.0052
F,F,COLLECT COD,4,Manufacturer#4,4-NOT SPECIFIED,1,FURNITURE,RAIL,2,0,20,Brand#41,17,JUMBO CASE,36,164,73538.08
F,F,COLLECT COD,2,Manufacturer#4,4-NOT SPECIFIED,1,BUILDING,SHIP,2,0.08,18,Brand#44,2,MED PKG,13,3715,35674.368
F,F,COLLECT COD,1,Manufacturer#1,4-NOT SPECIFIED,1,BUILDING,AIR,3,0.01,3,Brand#13,2,LG BOX,16,3715,30918.8372
F,F,TAKE BACK RETURN,1,Manufacturer#1,4-NOT SPECIFIED,1,FURNITURE,AIR,5,0.06,3,Brand#11,24,LG JAR,46,1254,54943.4655
F,F,TAKE BACK RETURN,3,Manufacturer#3,3-MEDIUM,2,BUILDING,RAIL,1,0.08,19,Brand#35,12,MED PACK,39,3241,25297.2216
F,F,COLLECT COD,1,Manufacturer#3,3-MEDIUM,1,BUILDING,RAIL,2,0.02,17,Brand#34,3,MED DRUM,19,3716,15963.2298
F,F,NONE,4,Manufacturer#4,3-MEDIUM,1,BUILDING,MAIL,3,0.02,4,Brand#45,3,WRAP BAG,34,3716,18493.3248
F,F,DELIVER IN PERSON,3,Manufacturer#1,4-NOT SPECIFIED,1,FURNITURE,REG AIR,1,0.06,6,Brand#13,24,LG PKG,34,1254,32261.0688
F,F,COLLECT COD,3,Manufacturer#3,4-NOT SPECIFIED,1,FURNITURE,MAIL,4,0.07,7,Brand#35,24,JUMBO CASE,12,1254,46417
F,F,NONE,2,Manufacturer#4,4-NOT SPECIFIED,1,FURNITURE,TRUCK,2,0.06,8,Brand#43,24,WRAP BOX,50,1254,1905.1964
F,F,TAKE BACK RETURN,2,Manufacturer#1,5-LOW,2,FURNITURE,MAIL,1,0.07,8,Brand#11,9,WRAP PKG,38,3717,4152.6408
F,F,COLLECT COD,0,Manufacturer#2,1-URGENT,4,HOUSEHOLD,MAIL,1,0.04,5,Brand#21,11,WRAP DRUM,29,3718,47893.3
F,F,DELIVER IN PERSON,3,Manufacturer#1,5-LOW,2,FURNITURE,TRUCK,2,0.06,22,Brand#12,9,SM JAR,22,3717,34617.24
F,F,COLLECT COD,3,Manufacturer#5,5-LOW,2,FURNITURE,SHIP,4,0.03,6,Brand#53,9,MED DRUM,1,3717,43653.31
F,F,COLLECT COD,1,Manufacturer#1,2-HIGH,2,HOUSEHOLD,SHIP,2,0.03,3,Brand#12,9,SM BAG,47,28,47572.2156
F,F,COLLECT COD,0,Manufacturer#5,5-LOW,4,BUILDING,AIR,6,0,0,Brand#51,10,SM JAR,1,3364,18108.7632
F,F,NONE,3,Manufacturer#3,5-LOW,4,BUILDING,TRUCK,2,0.05,23,Brand#31,10,JUMBO DRUM,8,3364,81771.54
F,F,TAKE BACK RETURN,3,Manufacturer#3,5-LOW,4,BUILDING,AIR,3,0.08,7,Brand#31,10,SM CASE,29,3364,33690.7956
F,F,NONE,0,Manufacturer#4,5-LOW,4,BUILDING,FOB,1,0.05,5,Brand#45,10,LG PKG,47,3364,44236.556
F,F,DELIVER IN PERSON,2,Manufacturer#5,5-LOW,1,BUILDING,RAIL,1,0.08,18,Brand#55,1,JUMBO JAR,24,3719,11072.88
F,F,COLLECT COD,2,Manufacturer#1,5-LOW,1,BUILDING,TRUCK,2,0.05,18,Brand#13,1,MED BAG,42,3719,14288.304
F,F,COLLECT COD,4,Manufacturer#5,5-LOW,1,BUILDING,FOB,3,0.06,20,Brand#52,1,SM CAN,46,3719,27176.149
F,F,COLLECT COD,4,Manufacturer#3,2-HIGH,1,BUILDING,SHIP,2,0.03,11,Brand#32,24,MED CASE,40,3720,32059.25
F,F,NONE,0,Manufacturer#2,5-LOW,2,MACHINERY,RAIL,1,0.01,5,Brand#21,8,MED JAR,40,1510,54303.898
F,F,DELIVER IN PERSON,2,Manufacturer#2,3-MEDIUM,2,HOUSEHOLD,MAIL,1,0.01,18,Brand#22,18,JUMBO PKG,12,2205,23352.8832
F,F,TAKE BACK RETURN,1,Manufacturer#5,3-MEDIUM,3,MACHINERY,MAIL,2,0.03,2,Brand#55,22,JUMBO PKG,34,3721,26925.3072
F,F,NONE,0,Manufacturer#1,3-MEDIUM,3,MACHINERY,FOB,1,0.08,5,Brand#12,22,SM CASE,20,3721,10109
F,F,DELIVER IN PERSON,0,Manufacturer#5,3-MEDIUM,3,MACHINERY,FOB,3,0.04,15,Brand#52,22,MED CAN,27,3721,70376.4015
F,F,NONE,4,Manufacturer#2,5-LOW,1,HOUSEHOLD,SHIP,1,0.08,13,Brand#25,3,MED DRUM,35,1297,71976.1196
F,F,NONE,0,Manufacturer#3,2-HIGH,4,FURNITURE,RAIL,2,0.01,16,Brand#31,13,SM PACK,44,3722,36437.8075
F,F,TAKE BACK RETURN,4,Manufacturer#3,1-URGENT,3,FURNITURE,AIR,4,0,4,Brand#32,6,LG CAN,43,525,46660.5502
F,F,DELIVER IN PERSON,3,Manufacturer#5,1-URGENT,3,FURNITURE,TRUCK,5,0.06,19,Brand#53,6,LG DRUM,36,525,15599.034
F,F,DELIVER IN PERSON,3,Manufacturer#3,1-URGENT,0,FURNITURE,AIR,1,0.01,19,Brand#33,14,JUMBO DRUM,25,3723,40567.392
F,F,DELIVER IN PERSON,2,Manufacturer#5,4-NOT SPECIFIED,2,BUILDING,SHIP,4,0.08,21,Brand#55,18,MED CASE,4,3724,9646.8156
F,F,COLLECT COD,3,Manufacturer#5,4-NOT SPECIFIED,2,BUILDING,RAIL,1,0.07,7,Brand#51,18,MED CASE,16,3724,27758.3504
F,F,COLLECT COD,3,Manufacturer#5,4-NOT SPECIFIED,2,BUILDING,MAIL,5,0.03,7,Brand#55,18,JUMBO CASE,26,3724,42985.2696
F,F,COLLECT COD,0,Manufacturer#2,4-NOT SPECIFIED,2,BUILDING,FOB,2,0.01,15,Brand#21,18,SM BAG,12,3724,5054.265
F,F,DELIVER IN PERSON,3,Manufacturer#2,4-NOT SPECIFIED,2,BUILDING,MAIL,3,0.02,22,Brand#22,18,MED JAR,50,3724,52887.2981
F,F,DELIVER IN PERSON,0,Manufacturer#1,2-HIGH,4,FURNITURE,AIR,2,0.03,15,Brand#11,13,SM PACK,29,1776,61747.11
F,F,NONE,2,Manufacturer#1,5-LOW,4,HOUSEHOLD,MAIL,1,0.06,9,Brand#14,10,SM CASE,29,1222,51720.7201
F,F,DELIVER IN PERSON,1,Manufacturer#4,3-MEDIUM,4,BUILDING,REG AIR,2,0.05,17,Brand#42,20,LG CAN,11,1225,57755.2356
F,F,TAKE BACK RETURN,0,Manufacturer#5,3-MEDIUM,2,BUILDING,RAIL,5,0.01,14,Brand#54,9,JUMBO PKG,8,3725,85658.0076
F,F,COLLECT COD,4,Manufacturer#5,3-MEDIUM,2,BUILDING,REG AIR,4,0.08,10,Brand#53,9,MED PACK,32,3725,11843.8272
F,F,COLLECT COD,4,Manufacturer#5,3-MEDIUM,2,BUILDING,AIR,1,0,13,Brand#53,9,SM DRUM,8,3725,62097.46
F,F,NONE,4,Manufacturer#3,2-HIGH,4,FURNITURE,FOB,1,0.01,10,Brand#34,13,WRAP PKG,29,1776,40747.9688
F,F,COLLECT COD,3,Manufacturer#2,4-NOT SPECIFIED,4,BUILDING,REG AIR,2,0.02,22,Brand#23,11,JUMBO BAG,3,3726,8110.7532
F,F,TAKE BACK RETURN,0,Manufacturer#4,4-NOT SPECIFIED,3,FURNITURE,RAIL,5,0.05,16,Brand#44,19,LG PACK,18,3727,57461.3028
F,F,COLLECT COD,2,Manufacturer#4,2-HIGH,1,BUILDING,SHIP,6,0.02,21,Brand#42,2,SM CAN,2,3728,34182.855
F,F,COLLECT COD,4,Manufacturer#1,2-HIGH,1,BUILDING,SHIP,1,0.02,20,Brand#12,2,MED DRUM,7,3728,17145.3312
F,F,TAKE BACK RETURN,2,Manufacturer#3,3-MEDIUM,1,MACHINERY,SHIP,2,0.05,9,Brand#32,1,JUMBO BOX,2,3729,43199.0559
F,F,COLLECT COD,0,Manufacturer#5,3-MEDIUM,1,MACHINERY,FOB,1,0.02,0,Brand#51,1,SM DRUM,39,3729,15099.75
F,F,TAKE BACK RETURN,2,Manufacturer#3,4-NOT SPECIFIED,4,FURNITURE,MAIL,1,0.07,18,Brand#35,10,SM DRUM,4,2983,35380.638
F,F,COLLECT COD,2,Manufacturer#4,4-NOT SPECIFIED,3,FURNITURE,FOB,1,0.01,12,Brand#41,19,SM CAN,33,3727,25593.5592
F,F,NONE,2,Manufacturer#2,2-HIGH,3,AUTOMOBILE,REG AIR,2,0.02,9,Brand#25,23,JUMBO CAN,5,3730,40545.7866
F,F,TAKE BACK RETURN,1,Manufacturer#1,1-URGENT,3,HOUSEHOLD,TRUCK,7,0.02,24,Brand#13,22,LG DRUM,47,3731,14062.8555
F,F,TAKE BACK RETURN,2,Manufacturer#3,1-URGENT,3,HOUSEHOLD,RAIL,6,0.06,9,Brand#32,22,SM BAG,17,3731,29237.58
F,F,DELIVER IN PERSON,2,Manufacturer#2,1-URGENT,3,HOUSEHOLD,RAIL,3,0.04,12,Brand#23,22,WRAP PKG,20,3731,11588.916
F,F,TAKE BACK RETURN,3,Manufacturer#3,1-URGENT,3,HOUSEHOLD,AIR,2,0.02,6,Brand#34,22,MED CASE,4,3731,9034.975
F,F,COLLECT COD,0,Manufacturer#1,1-URGENT,3,HOUSEHOLD,MAIL,1,0.03,0,Brand#14,22,WRAP CASE,16,3731,15131.4432
F,F,TAKE BACK RETURN,0,Manufacturer#5,1-URGENT,3,HOUSEHOLD,MAIL,5,0.04,14,Brand#54,22,MED PKG,16,3731,64493.656
F,F,TAKE BACK RETURN,1,Manufacturer#3,4-NOT SPECIFIED,0,FURNITURE,REG AIR,1,0.08,2,Brand#31,15,JUMBO PKG,35,285,27150.655
F,F,DELIVER IN PERSON,0,Manufacturer#5,3-MEDIUM,4,MACHINERY,TRUCK,1,0.01,0,Brand#55,13,JUMBO DRUM,44,3732,72022.209
F,F,COLLECT COD,4,Manufacturer#2,2-HIGH,3,AUTOMOBILE,RAIL,5,0.01,4,Brand#21,23,MED PKG,26,3730,17163.1152
F,F,COLLECT COD,3,Manufacturer#4,1-URGENT,3,FURNITURE,FOB,3,0.06,7,Brand#41,22,SM PKG,17,2952,8731.24
F,F,NONE,3,Manufacturer#1,3-MEDIUM,4,AUTOMOBILE,TRUCK,5,0.07,22,Brand#12,13,SM CAN,20,3733,64630.44
F,F,DELIVER IN PERSON,4,Manufacturer#1,3-MEDIUM,4,AUTOMOBILE,SHIP,3,0.07,4,Brand#14,13,WRAP CASE,12,3733,35648.5239
F,F,DELIVER IN PERSON,2,Manufacturer#3,3-MEDIUM,4,AUTOMOBILE,AIR,2,0.03,12,Brand#35,13,LG PACK,6,3733,29673.1008
F,F,DELIVER IN PERSON,4,Manufacturer#2,3-MEDIUM,4,AUTOMOBILE,TRUCK,1,0.06,4,Brand#23,13,LG JAR,36,3733,63855.485
F,F,TAKE BACK RETURN,0,Manufacturer#2,1-URGENT,3,FURNITURE,TRUCK,1,0.02,14,Brand#21,22,LG PACK,32,2952,12409.56
F,F,TAKE BACK RETURN,4,Manufacturer#1,1-URGENT,3,FURNITURE,REG AIR,4,0.06,13,Brand#15,22,LG DRUM,46,2952,48111.2436
F,F,TAKE BACK RETURN,2,Manufacturer#3,5-LOW,2,FURNITURE,RAIL,2,0.01,8,Brand#35,12,MED DRUM,7,820,41936.1397
F,F,NONE,0,Manufacturer#3,1-URGENT,3,FURNITURE,FOB,2,0,5,Brand#33,22,JUMBO BAG,18,2952,13579.056
F,F,COLLECT COD,1,Manufacturer#1,1-URGENT,3,FURNITURE,AIR,6,0.03,24,Brand#12,22,MED BAG,13,2952,33137.64
F,F,DELIVER IN PERSON,3,Manufacturer#5,4-NOT SPECIFIED,2,MACHINERY,SHIP,4,0.04,23,Brand#54,21,MED BOX,10,3734,63965.4678
F,F,COLLECT COD,0,Manufacturer#2,4-NOT SPECIFIED,2,MACHINERY,MAIL,1,0.07,0,Brand#25,21,MED CASE,28,3734,2408.9568
F,F,DELIVER IN PERSON,4,Manufacturer#5,4-NOT SPECIFIED,2,MACHINERY,FOB,6,0.02,4,Brand#53,21,LG JAR,19,3734,45459.0045
F,F,TAKE BACK RETURN,3,Manufacturer#3,4-NOT SPECIFIED,2,MACHINERY,TRUCK,3,0.02,7,Brand#35,21,JUMBO BOX,16,3734,32307.9744
F,F,COLLECT COD,1,Manufacturer#1,4-NOT SPECIFIED,2,MACHINERY,REG AIR,5,0.06,17,Brand#12,21,LG CASE,42,3734,16604.955
F,F,NONE,2,Manufacturer#1,4-NOT SPECIFIED,2,MACHINERY,RAIL,2,0.07,8,Brand#12,21,SM BOX,15,3734,72834.8544
F,F,TAKE BACK RETURN,2,Manufacturer#2,5-LOW,2,FURNITURE,AIR,1,0.06,12,Brand#24,12,WRAP JAR,22,820,75136.698
F,F,TAKE BACK RETURN,4,Manufacturer#1,5-LOW,2,FURNITURE,SHIP,5,0.08,10,Brand#14,12,WRAP BAG,31,820,4841.16
F,F,TAKE BACK RETURN,3,Manufacturer#2,1-URGENT,2,AUTOMOBILE,FOB,1,0,7,Brand#21,9,JUMBO CASE,38,2313,23389.3
F,F,COLLECT COD,0,Manufacturer#4,5-LOW,0,HOUSEHOLD,SHIP,5,0.01,5,Brand#44,15,SM DRUM,45,3735,10798.326
F,F,NONE,0,Manufacturer#4,5-LOW,0,HOUSEHOLD,MAIL,4,0.07,16,Brand#44,15,MED BOX,5,3735,2914.9188
F,F,TAKE BACK RETURN,4,Manufacturer#3,5-LOW,0,HOUSEHOLD,RAIL,6,0.03,10,Brand#34,15,MED JAR,32,3735,24338.8668
F,F,DELIVER IN PERSON,2,Manufacturer#1,3-MEDIUM,0,HOUSEHOLD,TRUCK,2,0,21,Brand#14,16,SM DRUM,3,2077,40270.2336
F,F,DELIVER IN PERSON,4,Manufacturer#2,3-MEDIUM,4,HOUSEHOLD,TRUCK,3,0,20,Brand#22,13,LG BAG,40,826,4179.3472
F,F,TAKE BACK RETURN,0,Manufacturer#5,3-MEDIUM,4,HOUSEHOLD,RAIL,1,0.02,5,Brand#52,13,WRAP PKG,26,826,51040.5076
F,F,TAKE BACK RETURN,4,Manufacturer#2,3-MEDIUM,4,HOUSEHOLD,MAIL,2,0.02,10,Brand#25,13,JUMBO CAN,34,826,29759.1053
F,F,COLLECT COD,4,Manufacturer#5,3-MEDIUM,4,HOUSEHOLD,REG AIR,5,0.04,10,Brand#54,13,SM BAG,2,826,59668.9023
F,F,NONE,0,Manufacturer#1,1-URGENT,1,HOUSEHOLD,SHIP,1,0.06,0,Brand#12,3,MED CASE,22,732,28674.9876
F,F,DELIVER IN PERSON,0,Manufacturer#3,2-HIGH,2,BUILDING,REG AIR,3,0.05,14,Brand#33,8,SM CASE,3,117,14735.9664
F,F,TAKE BACK RETURN,1,Manufacturer#3,2-HIGH,2,BUILDING,TRUCK,5,0.07,2,Brand#31,8,WRAP BAG,3,117,39827.7801
F,F,NONE,3,Manufacturer#4,2-HIGH,2,BUILDING,FOB,6,0.07,22,Brand#42,8,SM PKG,14,117,4334.3391
F,F,COLLECT COD,0,Manufacturer#2,2-HIGH,2,BUILDING,FOB,4,0.01,15,Brand#22,8,JUMBO CASE,6,117,50499.7533
F,F,TAKE BACK RETURN,3,Manufacturer#5,3-MEDIUM,0,HOUSEHOLD,MAIL,4,0,7,Brand#54,16,WRAP PKG,13,2077,35946.07
F,F,TAKE BACK RETURN,2,Manufacturer#4,3-MEDIUM,0,HOUSEHOLD,RAIL,1,0.05,18,Brand#41,16,SM PKG,25,2077,4047.12
F,F,NONE,4,Manufacturer#2,3-MEDIUM,4,MACHINERY,SHIP,7,0.07,11,Brand#24,4,LG BOX,45,3736,58673.3056
F,F,DELIVER IN PERSON,0,Manufacturer#4,1-URGENT,3,AUTOMOBILE,SHIP,5,0.02,15,Brand#42,23,LG BAG,18,3737,26441.6625
F,F,COLLECT COD,0,Manufacturer#1,1-URGENT,3,AUTOMOBILE,REG AIR,4,0.01,16,Brand#14,23,JUMBO CAN,1,3737,53391.0741
F,F,COLLECT COD,1,Manufacturer#1,3-MEDIUM,4,MACHINERY,SHIP,2,0.04,1,Brand#12,4,WRAP BAG,44,3736,14920.065
F,F,DELIVER IN PERSON,2,Manufacturer#4,3-MEDIUM,4,MACHINERY,TRUCK,5,0,9,Brand#41,4,MED CAN,38,3736,18113.4336
F,F,TAKE BACK RETURN,0,Manufacturer#1,3-MEDIUM,4,MACHINERY,FOB,4,0.05,15,Brand#14,4,LG PACK,37,3736,49962.528
F,F,TAKE BACK RETURN,1,Manufacturer#1,3-MEDIUM,4,MACHINERY,MAIL,3,0.02,17,Brand#11,4,SM BOX,34,3736,4318.59
F,F,DELIVER IN PERSON,1,Manufacturer#5,3-MEDIUM,1,FURNITURE,TRUCK,4,0.07,2,Brand#55,3,JUMBO CAN,7,3738,39394.377
F,F,DELIVER IN PERSON,1,Manufacturer#2,5-LOW,4,HOUSEHOLD,REG AIR,1,0.08,24,Brand#24,4,SM BAG,26,3739,78141.8484
F,F,DELIVER IN PERSON,2,Manufacturer#2,4-NOT SPECIFIED,3,MACHINERY,MAIL,2,0.01,9,Brand#25,23,MED JAR,23,3740,44695.7775
F,F,TAKE BACK RETURN,4,Manufacturer#3,3-MEDIUM,1,FURNITURE,AIR,3,0.02,10,Brand#33,3,MED CAN,40,3738,17922.2976
F,F,TAKE BACK RETURN,2,Manufacturer#5,3-MEDIUM,1,FURNITURE,MAIL,7,0.07,18,Brand#54,3,SM PKG,25,3738,9613.379
F,F,COLLECT COD,0,Manufacturer#1,3-MEDIUM,4,FURNITURE,RAIL,1,0.05,0,Brand#12,11,JUMBO JAR,19,3741,4380.2672
F,F,COLLECT COD,1,Manufacturer#5,1-URGENT,3,FURNITURE,FOB,2,0.06,17,Brand#52,6,LG PKG,33,3742,54309.017
F,F,TAKE BACK RETURN,0,Manufacturer#2,5-LOW,4,HOUSEHOLD,SHIP,2,0.03,15,Brand#21,4,LG PACK,41,3739,15849.7317
F,F,COLLECT COD,4,Manufacturer#2,1-URGENT,3,HOUSEHOLD,MAIL,1,0.05,20,Brand#21,6,WRAP CASE,25,791,46783.737
F,F,TAKE BACK RETURN,0,Manufacturer#1,3-MEDIUM,2,AUTOMOBILE,RAIL,3,0.06,5,Brand#13,21,SM BAG,43,931,8810.487
F,F,DELIVER IN PERSON,1,Manufacturer#3,3-MEDIUM,2,AUTOMOBILE,AIR,2,0,2,Brand#34,21,SM PACK,22,931,53845.2288
F,F,TAKE BACK RETURN,0,Manufacturer#2,3-MEDIUM,1,FURNITURE,TRUCK,6,0.02,16,Brand#24,3,MED JAR,18,3738,63631.5056
F,F,DELIVER IN PERSON,4,Manufacturer#5,3-MEDIUM,1,FURNITURE,RAIL,2,0.08,10,Brand#52,3,WRAP PACK,44,3738,90450.57
F,F,TAKE BACK RETURN,2,Manufacturer#4,3-MEDIUM,1,FURNITURE,AIR,1,0.06,12,Brand#43,3,SM DRUM,19,3738,46914.3798
F,F,COLLECT COD,0,Manufacturer#3,3-MEDIUM,2,AUTOMOBILE,RAIL,1,0.05,5,Brand#32,21,MED CAN,9,931,17128.842
F,F,COLLECT COD,0,Manufacturer#5,4-NOT SPECIFIED,3,MACHINERY,SHIP,2,0.01,16,Brand#52,23,JUMBO CAN,1,3743,14847.66
F,F,TAKE BACK RETURN,3,Manufacturer#5,4-NOT SPECIFIED,3,MACHINERY,SHIP,1,0.07,7,Brand#54,23,JUMBO CAN,45,3743,1043.8655
F,F,TAKE BACK RETURN,3,Manufacturer#4,4-NOT SPECIFIED,3,MACHINERY,FOB,3,0.06,19,Brand#42,23,MED JAR,7,3743,78182.685
F,F,NONE,1,Manufacturer#2,2-HIGH,3,MACHINERY,REG AIR,2,0.06,3,Brand#25,6,WRAP DRUM,22,1399,10474.98
F,F,TAKE BACK RETURN,1,Manufacturer#5,2-HIGH,3,MACHINERY,AIR,4,0.03,1,Brand#55,6,MED PACK,19,1399,59188.4475
F,F,NONE,3,Manufacturer#2,1-URGENT,3,MACHINERY,SHIP,6,0.06,7,Brand#23,22,LG CASE,9,3744,7289.526
F,F,TAKE BACK RETURN,2,Manufacturer#3,4-NOT SPECIFIED,1,FURNITURE,AIR,2,0.04,9,Brand#32,17,MED PKG,45,1865,56264.85
F,F,COLLECT COD,4,Manufacturer#5,4-NOT SPECIFIED,1,FURNITURE,REG AIR,1,0.03,4,Brand#53,17,SM CAN,47,1865,14290.473
F,F,NONE,0,Manufacturer#4,4-NOT SPECIFIED,1,MACHINERY,AIR,3,0.08,15,Brand#41,17,SM CASE,17,3745,38181.1885
F,F,TAKE BACK RETURN,4,Manufacturer#4,4-NOT SPECIFIED,1,MACHINERY,REG AIR,6,0.01,4,Brand#45,17,WRAP CASE,43,3745,71497.03
F,F,DELIVER IN PERSON,1,Manufacturer#2,4-NOT SPECIFIED,1,MACHINERY,TRUCK,1,0,2,Brand#25,17,MED CASE,21,3745,41824.2636
F,F,NONE,3,Manufacturer#1,4-NOT SPECIFIED,1,MACHINERY,AIR,5,0,22,Brand#13,17,LG CAN,49,3745,52258.56
F,F,NONE,1,Manufacturer#2,1-URGENT,3,MACHINERY,FOB,3,0.06,2,Brand#22,22,LG BAG,31,3744,12159.144
F,F,DELIVER IN PERSON,3,Manufacturer#5,3-MEDIUM,0,BUILDING,MAIL,1,0.05,23,Brand#53,5,LG PACK,13,758,40787.1711
F,F,DELIVER IN PERSON,4,Manufacturer#2,3-MEDIUM,0,BUILDING,RAIL,4,0.04,20,Brand#22,5,JUMBO CAN,12,758,44317.462
F,F,TAKE BACK RETURN,2,Manufacturer#4,3-MEDIUM,0,BUILDING,MAIL,2,0.05,21,Brand#43,5,MED PKG,27,758,67571.2608
F,F,DELIVER IN PERSON,4,Manufacturer#1,3-MEDIUM,0,BUILDING,SHIP,3,0.03,20,Brand#11,5,WRAP BOX,31,758,44412.3603
F,F,NONE,3,Manufacturer#5,4-NOT SPECIFIED,1,FURNITURE,REG AIR,1,0.05,7,Brand#53,1,JUMBO PKG,29,2658,36449.0304
F,F,NONE,4,Manufacturer#3,3-MEDIUM,0,BUILDING,SHIP,7,0.04,20,Brand#34,5,WRAP JAR,26,758,68699.82
F,F,COLLECT COD,2,Manufacturer#3,4-NOT SPECIFIED,3,FURNITURE,TRUCK,1,0.05,9,Brand#31,19,MED JAR,49,3746,66648.4035
F,F,TAKE BACK RETURN,1,Manufacturer#5,4-NOT SPECIFIED,3,FURNITURE,AIR,6,0.03,1,Brand#53,19,SM BOX,21,3746,58428.0378
F,F,TAKE BACK RETURN,3,Manufacturer#4,4-NOT SPECIFIED,3,FURNITURE,SHIP,5,0,6,Brand#41,19,MED BAG,8,3746,28666.44
F,F,COLLECT COD,3,Manufacturer#3,2-HIGH,3,HOUSEHOLD,MAIL,6,0.04,23,Brand#32,7,SM JAR,30,3747,4791.5936
F,F,TAKE BACK RETURN,3,Manufacturer#3,1-URGENT,3,AUTOMOBILE,SHIP,5,0.07,23,Brand#33,23,WRAP DRUM,48,3737,28145.992
F,F,NONE,1,Manufacturer#2,1-URGENT,3,AUTOMOBILE,SHIP,4,0,17,Brand#24,23,LG CAN,40,3737,19799.2872
F,F,TAKE BACK RETURN,4,Manufacturer#1,4-NOT SPECIFIED,3,FURNITURE,RAIL,3,0.06,13,Brand#12,19,JUMBO BAG,16,676,10938.55
F,F,TAKE BACK RETURN,2,Manufacturer#5,4-NOT SPECIFIED,3,FURNITURE,MAIL,1,0.03,12,Brand#54,19,LG PKG,8,676,32648.504
F,F,DELIVER IN PERSON,4,Manufacturer#1,2-HIGH,3,MACHINERY,SHIP,2,0.05,20,Brand#14,23,JUMBO BOX,14,3748,45059.85
F,F,NONE,0,Manufacturer#4,5-LOW,4,MACHINERY,TRUCK,2,0.01,15,Brand#43,20,JUMBO PACK,34,3749,21738.834
F,F,DELIVER IN PERSON,3,Manufacturer#5,5-LOW,4,MACHINERY,RAIL,1,0.06,19,Brand#55,20,JUMBO CASE,34,3749,80857.0704
F,F,COLLECT COD,1,Manufacturer#3,2-HIGH,3,HOUSEHOLD,FOB,1,0.08,2,Brand#32,7,SM CASE,32,3747,32729.4
F,F,COLLECT COD,2,Manufacturer#3,2-HIGH,3,HOUSEHOLD,AIR,5,0.04,8,Brand#31,7,LG CAN,45,3747,25840.6421
F,F,DELIVER IN PERSON,0,Manufacturer#5,1-URGENT,4,MACHINERY,AIR,4,0.08,16,Brand#51,20,WRAP DRUM,31,3750,44972.84
F,F,DELIVER IN PERSON,1,Manufacturer#5,1-URGENT,4,MACHINERY,FOB,2,0.06,17,Brand#51,20,LG PKG,48,3750,66303.7284
F,F,DELIVER IN PERSON,3,Manufacturer#2,2-HIGH,1,FURNITURE,TRUCK,2,0.03,7,Brand#25,2,LG BAG,6,3751,65705.9032
F,F,TAKE BACK RETURN,3,Manufacturer#4,2-HIGH,1,FURNITURE,AIR,1,0.03,22,Brand#43,2,MED DRUM,32,3751,39555.648
F,F,DELIVER IN PERSON,0,Manufacturer#1,5-LOW,0,BUILDING,RAIL,3,0.03,14,Brand#12,0,MED DRUM,16,3752,71095.104
F,F,COLLECT COD,1,Manufacturer#4,2-HIGH,3,AUTOMOBILE,AIR,2,0.05,2,Brand#43,7,WRAP BAG,26,3753,63338.5362
F,F,TAKE BACK RETURN,1,Manufacturer#5,2-HIGH,3,AUTOMOBILE,AIR,1,0.03,2,Brand#55,7,LG JAR,31,3753,47994.3552
F,F,DELIVER IN PERSON,0,Manufacturer#5,5-LOW,3,BUILDING,RAIL,4,0.01,15,Brand#51,19,LG JAR,8,3754,31993.8
F,F,DELIVER IN PERSON,3,Manufacturer#2,5-LOW,3,BUILDING,FOB,5,0.06,22,Brand#25,19,SM DRUM,17,3754,3325.7868
F,F,NONE,4,Manufacturer#2,5-LOW,3,BUILDING,FOB,2,0.01,11,Brand#22,19,LG BAG,1,3754,2955.1968
F,F,NONE,4,Manufacturer#4,3-MEDIUM,4,BUILDING,FOB,4,0.02,20,Brand#43,13,JUMBO PKG,18,2233,36727.812
F,F,TAKE BACK RETURN,3,Manufacturer#5,3-MEDIUM,4,BUILDING,SHIP,2,0.06,19,Brand#51,13,SM BAG,4,2233,45669.2984
F,F,DELIVER IN PERSON,4,Manufacturer#1,3-MEDIUM,4,BUILDING,MAIL,1,0.04,13,Brand#11,13,MED PKG,13,2233,30763.065
F,F,NONE,0,Manufacturer#4,3-MEDIUM,4,BUILDING,FOB,3,0.08,16,Brand#45,13,SM BAG,36,2233,63209.4736
F,F,NONE,0,Manufacturer#1,3-MEDIUM,4,BUILDING,MAIL,7,0,14,Brand#13,13,WRAP BOX,45,2233,7766.1
F,F,NONE,3,Manufacturer#4,3-MEDIUM,4,BUILDING,RAIL,6,0,7,Brand#45,13,WRAP CAN,48,2233,19063.6656
F,F,DELIVER IN PERSON,1,Manufacturer#3,2-HIGH,3,FURNITURE,TRUCK,5,0.08,2,Brand#33,6,SM JAR,22,3755,4738.815
F,F,COLLECT COD,1,Manufacturer#5,2-HIGH,3,FURNITURE,MAIL,3,0.02,24,Brand#54,6,SM BAG,49,3755,13280.04
F,F,COLLECT COD,3,Manufacturer#4,1-URGENT,2,BUILDING,MAIL,3,0.05,7,Brand#45,12,WRAP PACK,28,3756,39704.1552
F,F,COLLECT COD,0,Manufacturer#5,3-MEDIUM,1,BUILDING,REG AIR,5,0,14,Brand#52,17,LG DRUM,11,3757,51972.096
F,F,NONE,2,Manufacturer#2,3-MEDIUM,1,BUILDING,SHIP,3,0.01,9,Brand#22,17,JUMBO BOX,20,3757,27694.656
F,F,COLLECT COD,0,Manufacturer#4,3-MEDIUM,1,BUILDING,REG AIR,6,0.04,0,Brand#44,17,JUMBO PKG,26,3757,28845.234
F,F,TAKE BACK RETURN,2,Manufacturer#1,4-NOT SPECIFIED,1,MACHINERY,RAIL,3,0.03,8,Brand#15,3,LG CAN,17,3758,29522.6928
F,F,COLLECT COD,1,Manufacturer#1,4-NOT SPECIFIED,1,MACHINERY,AIR,5,0.07,3,Brand#12,3,JUMBO BAG,33,3758,32737.3893
F,F,COLLECT COD,1,Manufacturer#1,4-NOT SPECIFIED,1,MACHINERY,AIR,1,0.06,2,Brand#14,3,SM PKG,40,3758,58887.9732
F,F,TAKE BACK RETURN,3,Manufacturer#1,3-MEDIUM,0,HOUSEHOLD,RAIL,6,0.06,23,Brand#15,5,JUMBO PKG,18,3759,20569.626
F,F,DELIVER IN PERSON,4,Manufacturer#1,3-MEDIUM,0,HOUSEHOLD,REG AIR,7,0.06,4,Brand#15,5,WRAP PKG,37,3759,1225.3332
F,F,COLLECT COD,1,Manufacturer#4,2-HIGH,0,AUTOMOBILE,REG AIR,1,0,2,Brand#42,16,MED DRUM,37,3760,54062.5523
F,F,NONE,4,Manufacturer#2,3-MEDIUM,4,BUILDING,TRUCK,6,0.07,10,Brand#23,11,WRAP PKG,29,3454,40637.61
F,F,COLLECT COD,4,Manufacturer#1,3-MEDIUM,4,BUILDING,SHIP,4,0.02,20,Brand#12,11,JUMBO CAN,17,3454,29212.714
F,F,NONE,4,Manufacturer#3,3-MEDIUM,4,BUILDING,AIR,3,0,11,Brand#32,11,LG JAR,32,3454,22764.6
F,F,NONE,3,Manufacturer#5,1-URGENT,3,AUTOMOBILE,FOB,4,0.01,7,Brand#55,6,LG BAG,48,3761,25286.0376
F,F,TAKE BACK RETURN,0,Manufacturer#3,1-URGENT,2,BUILDING,REG AIR,2,0.03,0,Brand#34,12,WRAP CAN,5,3756,16151.772
F,F,TAKE BACK RETURN,2,Manufacturer#4,1-URGENT,2,BUILDING,TRUCK,4,0.05,21,Brand#43,12,WRAP PACK,8,3756,44032.9463
F,F,COLLECT COD,2,Manufacturer#1,1-URGENT,2,BUILDING,RAIL,7,0.08,9,Brand#12,12,SM CAN,12,3756,16225.92
F,F,NONE,2,Manufacturer#2,1-URGENT,2,BUILDING,MAIL,5,0,12,Brand#22,12,WRAP BAG,32,3756,2176.3764
F,F,COLLECT COD,3,Manufacturer#1,3-MEDIUM,2,FURNITURE,SHIP,1,0.06,7,Brand#14,8,MED CASE,46,3762,9745.3902
F,F,TAKE BACK RETURN,0,Manufacturer#5,2-HIGH,4,HOUSEHOLD,RAIL,1,0,0,Brand#55,4,SM CAN,42,3763,36238.23
F,F,NONE,4,Manufacturer#5,2-HIGH,4,HOUSEHOLD,RAIL,4,0,11,Brand#55,4,LG DRUM,26,3763,40177.8352
F,F,NONE,0,Manufacturer#4,2-HIGH,0,MACHINERY,TRUCK,5,0.05,5,Brand#42,14,MED JAR,7,813,46657.0104
F,F,TAKE BACK RETURN,2,Manufacturer#3,2-HIGH,0,MACHINERY,AIR,4,0,9,Brand#34,14,MED PACK,21,813,5124.6
F,F,COLLECT COD,2,Manufacturer#5,2-HIGH,0,MACHINERY,FOB,1,0,9,Brand#52,14,SM PACK,17,813,15349.5936
F,F,NONE,1,Manufacturer#3,5-LOW,3,MACHINERY,RAIL,3,0.02,17,Brand#31,19,LG CAN,18,1092,4547.979
F,F,COLLECT COD,0,Manufacturer#2,5-LOW,3,MACHINERY,MAIL,1,0.07,16,Brand#25,19,WRAP PACK,39,1092,34257.266
F,F,NONE,2,Manufacturer#1,3-MEDIUM,4,BUILDING,AIR,1,0.01,12,Brand#13,20,LG CASE,44,3764,73224.816
F,F,DELIVER IN PERSON,0,Manufacturer#1,3-MEDIUM,4,BUILDING,TRUCK,3,0.05,16,Brand#12,20,LG PACK,3,3764,47192.625
F,F,TAKE BACK RETURN,2,Manufacturer#2,4-NOT SPECIFIED,2,BUILDING,AIR,1,0.08,18,Brand#21,21,MED BAG,40,2847,26226.3288
F,F,NONE,0,Manufacturer#5,4-NOT SPECIFIED,2,BUILDING,FOB,2,0.05,0,Brand#55,21,JUMBO CAN,10,2847,57011.808
F,F,TAKE BACK RETURN,0,Manufacturer#2,3-MEDIUM,3,FURNITURE,TRUCK,1,0.08,5,Brand#25,22,MED BOX,29,3765,34204.2096
F,F,TAKE BACK RETURN,0,Manufacturer#4,4-NOT SPECIFIED,3,HOUSEHOLD,REG AIR,2,0.07,16,Brand#41,19,MED PKG,16,3766,24872.805
F,F,DELIVER IN PERSON,1,Manufacturer#1,4-NOT SPECIFIED,3,HOUSEHOLD,RAIL,3,0.03,3,Brand#14,19,LG JAR,14,3766,16296.795
